Timestamp_ms;PRG_03_Modes_Cycle.instCycleSemiAuto.CycleStep;PRG_03_Modes_Cycle.instCycleSemiAuto.Lifecycle.Busy;PRG_03_Modes_Cycle.instCycleSemiAuto.WaitingForOperator;PRG_03_Modes_Cycle.instCycleSemiAuto.WaitingForProcess;PRG_03_Modes_Cycle.instCycleSemiAuto.Fault.Error;PRG_02_Acquisition.Data.Joystick.DeadmanArmed;PRG_02_Acquisition.Data.Joystick.AtNeutralXY;PRG_02_Acquisition.Data.Joystick.AxisY.Deflection;PRG_02_Acquisition.Data.EncoderM1.Measurement.CablePosM;PRG_02_Acquisition.Data.EncoderM2.Measurement.CablePosM;M1TreuilRetenue.State.StepNumber;M2TreuilBenne.State.StepNumber;M1_M2_KoboldBottomTouch_DI;M1_M2_KoboldMeasureEnable_RQ;M3Translation.State.AtP1;M3Translation.State.AtTremie;M3Translation.State.EstimatedPosM3_M;PRG_04_Treuils_Benne.instWinchStateProjection.InterlockM2.MotorRequest;PRG_06_Outputs.instWinchOutputInterlockM2.MotorRequest;M1TreuilRetenue.State.Position_M;M2TreuilBenne.Bucket.State.M2PositionCorrected;IoHw.Out.M1_RelayAscent_RQ;IoHw.Out.M2_RelayAscent_Close_RQ;IoHw.Out.M1_SpeedContactor_1_DQ;IoHw.Out.M2_SpeedContactor_1_DQ;M1_SpeedContactor_3_DQ;M2_SpeedContactor_3_DQ;M2TreuilBenne.Bucket.State.BucketOpening_Pct;PRG_04_Treuils_Benne.Data.ArmingPermit;PRG_05_Translation.TranslationFinalInterlockRequest.ReqTremieSemantic;M3_CommandWord;M3_SetpointFrequencyHz;M3_BrakeRelease_RQ;IoHw.In.Hardware.Operator.JoyXRaw_ANA1;IoHw.In.Hardware.Operator.JoyYRaw_ANA2;M1TreuilRetenue.Safety.ErrorMecaB;M1TreuilRetenue.Safety.ErrorId;IoHw.In.Hardware.Winch.M1_ContactorsReleased_DI;IoHw.In.Hardware.Winch.M2_ContactorsReleased_DI;GVL_Troubleshooting.I_LevageUnitaireM1.Inputs_100.Idx104_BrakeApplied;IoHw.In.Hardware.Winch.M2_TensionedCable_DI;PRG_07_Supervision.instTroubleshootingView.WinchM2.Safety.ErrorId;PRG_02_Acquisition.instSimBench.MotorIsStalledM1;PRG_02_Acquisition.instSimBench.MotorIsStalledM2
97;0;0;1;0;0;0;1;0;8.5;23.5;0;0;0;0;1;0;20;0;0;8.5;8.5;0;0;0;0;0;0;0;1;0;0;0;0;5000;5000;0;0;1;1;1;1;0;0;0
196;0;0;1;0;0;0;1;0;8.5;23.5;0;0;0;0;1;0;20;0;0;8.5;8.5;0;0;0;0;0;0;0;1;0;0;0;0;5000;5000;0;0;1;1;1;1;0;0;0
297;0;0;1;0;0;0;1;0;8.5;23.5;0;0;0;0;1;0;20;0;0;8.5;8.5;0;0;0;0;0;0;0;1;0;0;0;0;5000;5000;0;0;1;1;1;1;0;0;0
399;0;0;1;0;0;0;1;0;8.5;23.5;0;0;0;0;1;0;20;0;0;8.5;8.5;0;0;0;0;0;0;0;1;0;0;0;0;5000;5000;0;0;1;1;1;1;0;0;0
499;0;0;1;0;0;0;1;0;8.5;23.5;0;0;0;0;1;0;20;0;0;8.5;8.5;0;0;0;0;0;0;0;1;0;0;0;0;5000;5000;0;0;1;1;1;1;0;0;0
600;0;0;1;0;0;0;1;0;8.5;23.5;0;0;0;0;1;0;20;0;0;8.5;8.5;0;0;0;0;0;0;0;1;0;0;0;0;5000;5000;0;0;1;1;1;1;0;0;0
700;0;0;1;0;0;0;1;0;8.5;23.5;0;0;0;0;1;0;20;0;0;8.5;8.5;0;0;0;0;0;0;0;1;0;0;0;0;5000;5000;0;0;1;1;1;1;0;0;0
801;0;0;1;0;0;0;1;0;8.5;23.5;0;0;0;0;1;0;20;0;0;8.5;8.5;0;0;0;0;0;0;0;1;0;0;0;0;5000;5000;0;0;1;1;1;1;0;0;0
902;0;0;1;0;0;0;1;0;8.5;23.5;0;0;0;0;1;0;20;0;0;8.5;8.5;0;0;0;0;0;0;0;1;0;0;0;0;5000;5000;0;0;1;1;1;1;0;0;0
1002;0;0;1;0;0;0;1;0;8.5;23.5;0;0;0;0;1;0;20;0;0;8.5;8.5;0;0;0;0;0;0;0;1;0;0;0;0;5000;5000;0;0;1;1;1;1;0;0;0
1103;0;0;1;0;0;0;1;0;8.5;23.5;0;0;0;0;1;0;20;0;0;8.5;8.5;0;0;0;0;0;0;0;1;0;0;0;0;5000;5000;0;0;1;1;1;1;0;0;0
1202;0;0;1;0;0;0;1;0;8.5;23.5;0;0;0;0;1;0;20;0;0;8.5;8.5;0;0;0;0;0;0;0;1;0;0;0;0;5000;5000;0;0;1;1;1;1;0;0;0
1303;0;0;1;0;0;0;1;0;8.5;23.5;0;0;0;0;1;0;20;0;0;8.5;8.5;0;0;0;0;0;0;0;1;0;0;0;0;5000;5000;0;0;1;1;1;1;0;0;0
1403;0;0;1;0;0;0;1;0;8.5;23.5;0;0;0;0;1;0;20;0;0;8.5;8.5;0;0;0;0;0;0;0;1;0;0;0;0;5000;5000;0;0;1;1;1;1;0;0;0
1504;0;0;1;0;0;0;1;0;8.5;23.5;0;0;0;0;1;0;20;0;0;8.5;8.5;0;0;0;0;0;0;0;1;0;0;0;0;5000;5000;0;0;1;1;1;1;0;0;0
1604;0;0;1;0;0;0;1;0;8.5;23.5;0;0;0;0;1;0;20;0;0;8.5;8.5;0;0;0;0;0;0;0;1;0;0;0;0;5000;5000;0;0;1;1;1;1;0;0;0
1704;0;0;1;0;0;0;1;0;8.5;23.5;0;0;0;0;1;0;20;0;0;8.5;8.5;0;0;0;0;0;0;0;1;0;0;0;0;5000;5000;0;0;1;1;1;1;0;0;0
1805;0;0;1;0;0;0;1;0;8.5;23.5;0;0;0;0;1;0;20;0;0;8.5;8.5;0;0;0;0;0;0;0;1;0;0;0;0;5000;5000;0;0;1;1;1;1;0;0;0
1906;0;0;1;0;0;0;1;0;8.5;23.5;0;0;0;0;1;0;20;0;0;8.5;8.5;0;0;0;0;0;0;0;1;0;0;0;0;5000;5000;0;0;1;1;1;1;0;0;0
2007;0;0;1;0;0;0;1;0;8.5;23.5;0;0;0;0;1;0;20;0;0;8.5;8.5;0;0;0;0;0;0;0;1;0;0;0;0;5000;5000;0;0;1;1;1;1;0;0;0
2108;0;0;1;0;0;0;1;0;8.5;23.5;0;0;0;0;1;0;20;0;0;8.5;8.5;0;0;0;0;0;0;0;1;0;0;0;0;5000;5000;0;0;1;1;1;1;0;0;0
2208;0;0;1;0;0;0;1;0;8.5;23.5;0;0;0;0;1;0;20;0;0;8.5;8.5;0;0;0;0;0;0;0;1;0;0;0;0;5000;5000;0;0;1;1;1;1;0;0;0
2309;0;0;1;0;0;0;1;0;8.5;23.5;0;0;0;0;1;0;20;0;0;8.5;8.5;0;0;0;0;0;0;0;1;0;0;0;0;5000;5000;0;0;1;1;1;1;0;0;0
2410;0;0;1;0;0;0;1;0;8.5;23.5;0;0;0;0;1;0;20;0;0;8.5;8.5;0;0;0;0;0;0;0;1;0;0;0;0;5000;5000;0;0;1;1;1;1;0;0;0
2510;0;0;1;0;0;0;1;0;8.5;23.5;0;0;0;0;1;0;20;0;0;8.5;8.5;0;0;0;0;0;0;0;1;0;0;0;0;5000;5000;0;0;1;1;1;1;0;0;0
2611;0;0;1;0;0;0;1;0;8.5;23.5;0;0;0;0;1;0;20;0;0;8.5;8.5;0;0;0;0;0;0;0;1;0;0;0;0;5000;5000;0;0;1;1;1;1;0;0;0
2711;0;0;1;0;0;0;1;0;8.5;23.5;0;0;0;0;1;0;20;0;0;8.5;8.5;0;0;0;0;0;0;0;1;0;0;0;0;5000;5000;0;0;1;1;1;1;0;0;0
2811;0;0;1;0;0;0;1;0;8.5;23.5;0;0;0;0;1;0;20;0;0;8.5;8.5;0;0;0;0;0;0;0;1;0;0;0;0;5000;5000;0;0;1;1;1;1;0;0;0
2913;0;0;1;0;0;0;1;0;8.5;23.5;0;0;0;0;1;0;20;0;0;8.5;8.5;0;0;0;0;0;0;0;1;0;0;0;0;5000;5000;0;0;1;1;1;1;0;0;0
3014;0;0;1;0;0;0;1;0;8.5;23.5;0;0;0;0;1;0;20;0;0;8.5;8.5;0;0;0;0;0;0;0;1;0;0;0;0;5000;5000;0;0;1;1;1;1;0;0;0
3115;0;0;1;0;0;0;1;0;8.5;23.5;0;0;0;0;1;0;20;0;0;8.5;8.5;0;0;0;0;0;0;0;1;0;0;0;0;5000;5000;0;0;1;1;1;1;0;0;0
3216;0;0;1;0;0;0;1;0;8.5;23.5;0;0;0;0;1;0;20;0;0;8.5;8.5;0;0;0;0;0;0;0;1;0;0;0;0;5000;5000;0;0;1;1;1;1;0;0;0
3316;0;0;1;0;0;0;1;0;8.5;23.5;0;0;0;0;1;0;20;0;0;8.5;8.5;0;0;0;0;0;0;0;1;0;0;0;0;5000;5000;0;0;1;1;1;1;0;0;0
3416;0;0;1;0;0;0;1;0;8.5;23.5;0;0;0;0;1;0;20;0;0;8.5;8.5;0;0;0;0;0;0;0;1;0;0;0;0;5000;5000;0;0;1;1;1;1;0;0;0
3516;0;0;1;0;0;0;1;0;8.5;23.5;0;0;0;0;1;0;20;0;0;8.5;8.5;0;0;0;0;0;0;0;1;0;0;0;0;5000;5000;0;0;1;1;1;1;0;0;0
3616;0;0;1;0;0;0;1;0;8.5;23.5;0;0;0;0;1;0;20;0;0;8.5;8.5;0;0;0;0;0;0;0;1;0;0;0;0;5000;5000;0;0;1;1;1;1;0;0;0
3716;0;0;1;0;0;0;1;0;8.5;23.5;0;0;0;0;1;0;20;0;0;8.5;8.5;0;0;0;0;0;0;0;1;0;0;0;0;5000;5000;0;0;1;1;1;1;0;0;0
3818;0;0;1;0;0;0;1;0;8.5;23.5;0;0;0;0;1;0;20;0;0;8.5;8.5;0;0;0;0;0;0;0;1;0;0;0;0;5000;5000;0;0;1;1;1;1;0;0;0
3918;0;0;1;0;0;0;1;0;8.5;23.5;0;0;0;0;1;0;20;0;0;8.5;8.5;0;0;0;0;0;0;0;1;0;0;0;0;5000;5000;0;0;1;1;1;1;0;0;0
4020;0;0;1;0;0;0;1;0;8.5;23.5;0;0;0;0;1;0;20;0;0;8.5;8.5;0;0;0;0;0;0;0;1;0;0;0;0;5000;5000;0;0;1;1;1;1;0;0;0
4121;0;0;1;0;0;0;1;0;8.5;23.5;0;0;0;0;1;0;20;0;0;8.5;8.5;0;0;0;0;0;0;0;1;0;0;0;0;5000;5000;0;0;1;1;1;1;0;0;0
4222;0;0;1;0;0;0;1;0;8.5;23.5;0;0;0;0;1;0;20;0;0;8.5;8.5;0;0;0;0;0;0;0;1;0;0;0;0;5000;5000;0;0;1;1;1;1;0;0;0
4322;0;0;1;0;0;0;1;0;8.5;23.5;0;0;0;0;1;0;20;0;0;8.5;8.5;0;0;0;0;0;0;0;1;0;0;0;0;5000;5000;0;0;1;1;1;1;0;0;0
4422;0;0;1;0;0;0;1;0;8.5;23.5;0;0;0;0;1;0;20;0;0;8.5;8.5;0;0;0;0;0;0;0;1;0;0;0;0;5000;5000;0;0;1;1;1;1;0;0;0
4523;0;0;1;0;0;0;1;0;8.5;23.5;0;0;0;0;1;0;20;0;0;8.5;8.5;0;0;0;0;0;0;0;1;0;0;0;0;5000;5000;0;0;1;1;1;1;0;0;0
4622;0;0;1;0;0;0;1;0;8.5;23.5;0;0;0;0;1;0;20;0;0;8.5;8.5;0;0;0;0;0;0;0;1;0;0;0;0;5000;5000;0;0;1;1;1;1;0;0;0
4723;0;0;1;0;0;0;1;0;8.5;23.5;0;0;0;0;1;0;20;0;0;8.5;8.5;0;0;0;0;0;0;0;1;0;0;0;0;5000;5000;0;0;1;1;1;1;0;0;0
4823;0;0;1;0;0;0;1;0;8.5;23.5;0;0;0;0;1;0;20;0;0;8.5;8.5;0;0;0;0;0;0;0;1;0;0;0;0;5000;5000;0;0;1;1;1;1;0;0;0
4924;0;0;1;0;0;0;1;0;8.5;23.5;0;0;0;0;1;0;20;0;0;8.5;8.5;0;0;0;0;0;0;0;1;0;0;0;0;5000;5000;0;0;1;1;1;1;0;0;0
5024;0;0;1;0;0;0;1;0;8.5;23.5;0;0;0;0;1;0;20;0;0;8.5;8.5;0;0;0;0;0;0;0;1;0;0;0;0;5000;5000;0;0;1;1;1;1;0;0;0
5125;0;0;1;0;0;0;1;0;8.5;23.5;0;0;0;0;1;0;20;0;0;8.5;8.5;0;0;0;0;0;0;0;1;0;0;0;0;5000;5000;0;0;1;1;1;1;0;0;0
5226;0;0;1;0;0;0;1;0;8.5;23.5;0;0;0;0;1;0;20;0;0;8.5;8.5;0;0;0;0;0;0;0;1;0;0;0;0;5000;5000;0;0;1;1;1;1;0;0;0
5327;0;0;1;0;0;0;1;0;8.5;23.5;0;0;0;0;1;0;20;0;0;8.5;8.5;0;0;0;0;0;0;0;1;0;0;0;0;5000;5000;0;0;1;1;1;1;0;0;0
5429;0;0;1;0;0;0;1;0;8.5;23.5;0;0;0;0;1;0;20;0;0;8.5;8.5;0;0;0;0;0;0;0;1;0;0;0;0;5000;5000;0;0;1;1;1;1;0;0;0
5529;0;0;1;0;0;0;1;0;8.5;23.5;0;0;0;0;1;0;20;0;0;8.5;8.5;0;0;0;0;0;0;0;1;0;0;0;0;5000;5000;0;0;1;1;1;1;0;0;0
5630;0;0;1;0;0;0;1;0;8.5;23.5;0;0;0;0;1;0;20;0;0;8.5;8.5;0;0;0;0;0;0;0;1;0;0;0;0;5000;5000;0;0;1;1;1;1;0;0;0
5729;0;0;1;0;0;0;1;0;8.5;23.5;0;0;0;0;1;0;20;0;0;8.5;8.5;0;0;0;0;0;0;0;1;0;0;0;0;5000;5000;0;0;1;1;1;1;0;0;0
5830;0;0;1;0;0;0;1;0;8.5;23.5;0;0;0;0;1;0;20;0;0;8.5;8.5;0;0;0;0;0;0;0;1;0;0;0;0;5000;5000;0;0;1;1;1;1;0;0;0
5931;0;0;1;0;0;0;1;0;8.5;23.5;0;0;0;0;1;0;20;0;0;8.5;8.5;0;0;0;0;0;0;0;1;0;0;0;0;5000;5000;0;0;1;1;1;1;0;0;0
6032;0;0;1;0;0;0;1;0;8.5;23.5;0;0;0;0;1;0;20;0;0;8.5;8.5;0;0;0;0;0;0;0;1;0;0;0;0;5000;5000;0;0;1;1;1;1;0;0;0
6133;0;0;1;0;0;0;1;0;8.5;23.5;0;0;0;0;1;0;20;0;0;8.5;8.5;0;0;0;0;0;0;0;1;0;0;0;0;5000;5000;0;0;1;1;1;1;0;0;0
6234;0;0;1;0;0;0;1;0;8.5;23.5;0;0;0;0;1;0;20;0;0;8.5;8.5;0;0;0;0;0;0;0;1;0;0;0;0;5000;5000;0;0;1;1;1;1;0;0;0
6335;0;0;1;0;0;0;1;0;8.5;23.5;0;0;0;0;1;0;20;0;0;8.5;8.5;0;0;0;0;0;0;0;1;0;0;0;0;5000;5000;0;0;1;1;1;1;0;0;0
6436;0;0;1;0;0;0;1;0;8.5;23.5;0;0;0;0;1;0;20;0;0;8.5;8.5;0;0;0;0;0;0;0;1;0;0;0;0;5000;5000;0;0;1;1;1;1;0;0;0
6535;0;0;1;0;0;0;1;0;8.5;23.5;0;0;0;0;1;0;20;0;0;8.5;8.5;0;0;0;0;0;0;0;1;0;0;0;0;5000;5000;0;0;1;1;1;1;0;0;0
6638;0;0;1;0;0;0;1;0;8.5;23.5;0;0;0;0;1;0;20;0;0;8.5;8.5;0;0;0;0;0;0;0;1;0;0;0;0;5000;5000;0;0;1;1;1;1;0;0;0
6739;0;0;1;0;0;0;1;0;8.5;23.5;0;0;0;0;1;0;20;0;0;8.5;8.5;0;0;0;0;0;0;0;1;0;0;0;0;5000;5000;0;0;1;1;1;1;0;0;0
6839;0;0;1;0;0;0;1;0;8.5;23.5;0;0;0;0;1;0;20;0;0;8.5;8.5;0;0;0;0;0;0;0;1;0;0;0;0;5000;5000;0;0;1;1;1;1;0;0;0
6940;0;0;1;0;0;0;1;0;8.5;23.5;0;0;0;0;1;0;20;0;0;8.5;8.5;0;0;0;0;0;0;0;1;0;0;0;0;5000;5000;0;0;1;1;1;1;0;0;0
7041;0;0;1;0;0;0;1;0;8.5;23.5;0;0;0;0;1;0;20;0;0;8.5;8.5;0;0;0;0;0;0;0;1;0;0;0;0;5000;5000;0;0;1;1;1;1;0;0;0
7141;0;0;1;0;0;0;1;0;8.5;23.5;0;0;0;0;1;0;20;0;0;8.5;8.5;0;0;0;0;0;0;0;1;0;0;0;0;5000;5000;0;0;1;1;1;1;0;0;0
7241;0;0;1;0;0;0;1;0;8.5;23.5;0;0;0;0;1;0;20;0;0;8.5;8.5;0;0;0;0;0;0;0;1;0;0;0;0;5000;5000;0;0;1;1;1;1;0;0;0
7342;0;0;1;0;0;0;1;0;8.5;23.5;0;0;0;0;1;0;20;0;0;8.5;8.5;0;0;0;0;0;0;0;1;0;0;0;0;5000;5000;0;0;1;1;1;1;0;0;0
7440;0;0;1;0;0;0;1;0;8.5;23.5;0;0;0;0;1;0;20;0;0;8.5;8.5;0;0;0;0;0;0;0;1;0;0;0;0;5000;5000;0;0;1;1;1;1;0;0;0
7542;0;0;1;0;0;0;1;0;8.5;23.5;0;0;0;0;1;0;20;0;0;8.5;8.5;0;0;0;0;0;0;0;1;0;0;0;0;5000;5000;0;0;1;1;1;1;0;0;0
7643;0;0;1;0;0;0;1;0;8.5;23.5;0;0;0;0;1;0;20;0;0;8.5;8.5;0;0;0;0;0;0;0;1;0;0;0;0;5000;5000;0;0;1;1;1;1;0;0;0
7744;0;0;1;0;0;0;1;0;8.5;23.5;0;0;0;0;1;0;20;0;0;8.5;8.5;0;0;0;0;0;0;0;1;0;0;0;0;5000;5000;0;0;1;1;1;1;0;0;0
7843;0;0;1;0;0;0;1;0;8.5;23.5;0;0;0;0;1;0;20;0;0;8.5;8.5;0;0;0;0;0;0;0;1;0;0;0;0;5000;5000;0;0;1;1;1;1;0;0;0
7944;0;0;1;0;0;0;1;0;8.5;23.5;0;0;0;0;1;0;20;0;0;8.5;8.5;0;0;0;0;0;0;0;1;0;0;0;0;5000;5000;0;0;1;1;1;1;0;0;0
8043;0;0;1;0;0;0;1;0;8.5;23.5;0;0;0;0;1;0;20;0;0;8.5;8.5;0;0;0;0;0;0;0;1;0;0;0;0;5000;5000;0;0;1;1;1;1;0;0;0
8144;0;0;1;0;0;0;1;0;8.5;23.5;0;0;0;0;1;0;20;0;0;8.5;8.5;0;0;0;0;0;0;0;1;0;0;0;0;5000;5000;0;0;1;1;1;1;0;0;0
8244;0;0;1;0;0;0;1;0;8.5;23.5;0;0;0;0;1;0;20;0;0;8.5;8.5;0;0;0;0;0;0;0;1;0;0;0;0;5000;5000;0;0;1;1;1;1;0;0;0
8343;0;0;1;0;0;0;1;0;8.5;23.5;0;0;0;0;1;0;20;0;0;8.5;8.5;0;0;0;0;0;0;0;1;0;0;0;0;5000;5000;0;0;1;1;1;1;0;0;0
8444;0;0;1;0;0;0;1;0;8.5;23.5;0;0;0;0;1;0;20;0;0;8.5;8.5;0;0;0;0;0;0;0;1;0;0;0;0;5000;5000;0;0;1;1;1;1;0;0;0
8543;0;0;1;0;0;0;1;0;8.5;23.5;0;0;0;0;1;0;20;0;0;8.5;8.5;0;0;0;0;0;0;0;1;0;0;0;0;5000;5000;0;0;1;1;1;1;0;0;0
8644;0;0;1;0;0;0;1;0;8.5;23.5;0;0;0;0;1;0;20;0;0;8.5;8.5;0;0;0;0;0;0;0;1;0;0;0;0;5000;5000;0;0;1;1;1;1;0;0;0
8744;0;0;1;0;0;0;1;0;8.5;23.5;0;0;0;0;1;0;20;0;0;8.5;8.5;0;0;0;0;0;0;0;1;0;0;0;0;5000;5000;0;0;1;1;1;1;0;0;0
8844;0;0;1;0;0;0;1;0;8.5;23.5;0;0;0;0;1;0;20;0;0;8.5;8.5;0;0;0;0;0;0;0;1;0;0;0;0;5000;5000;0;0;1;1;1;1;0;0;0
8943;0;0;1;0;0;0;0;0;8.5;23.5;0;0;0;0;1;0;20;0;0;8.5;8.5;0;0;0;0;0;0;0;1;0;0;0;0;5000;4665;0;0;1;1;1;1;0;0;0
9044;2;1;0;1;0;1;0;-14;8.5;23.5;0;0;0;0;1;0;20;0;0;8.5;8.5;0;0;0;0;0;0;0;1;0;0;0;0;5000;4278;0;0;1;1;1;1;0;0;0
9144;2;1;0;1;0;1;0;-24;8.5;23.5;0;0;0;0;1;0;20;0;0;8.5;8.5;0;0;0;0;0;0;0;1;0;0;0;0;5000;3810;0;0;1;1;1;1;0;0;0
9244;2;1;0;1;0;1;0;-27;8.5;23.5;0;0;0;0;1;0;20;0;0;8.5;8.5;0;0;0;0;0;0;0;1;0;0;0;0;5000;3645;0;0;1;1;1;1;0;0;0
9345;2;1;0;1;0;1;0;-31;8.5;23.5;0;0;0;0;1;0;20;0;0;8.5;8.5;0;0;0;0;0;0;0;1;0;0;0;0;5000;3456;0;0;1;1;1;1;0;0;0
9445;2;1;0;1;0;1;0;-37;8.5;23.5;0;0;0;0;1;0;20;0;0;8.5;8.5;0;0;0;0;0;0;0;1;0;0;0;0;5000;3151;0;0;1;1;1;1;0;0;0
9546;3;1;0;1;0;1;0;-44;8.5;23.449951171875;0;1;0;0;1;0;20;1;1;8.5;8.449951171875;0;0;0;0;0;0;0.3336588442325592;1;0;0;0;0;5000;2791;0;0;1;0;1;1;0;0;0
9648;3;1;0;1;0;1;0;-54;8.5;23.349853515625;0;1;0;0;1;0;20;1;1;8.5;8.349853515625;0;0;0;0;0;0;1.0009765625;1;0;0;0;0;5000;2296;0;0;1;0;1;1;0;0;0
9749;3;1;0;1;0;1;0;-59;8.5;23.259765625;0;1;0;0;1;0;20;1;1;8.5;8.259765625;0;0;0;0;0;0;1.6015625;1;0;0;0;0;5000;2065;0;0;1;0;1;1;0;0;0
9848;3;1;0;1;0;1;0;-62;8.5;23.15966796875;0;1;0;0;1;0;20;1;1;8.5;8.15966796875;0;0;0;0;0;0;2.2688801288604736;1;0;0;0;0;5000;1880;0;0;1;0;1;1;0;0;0
9948;3;1;0;1;0;1;0;-68;8.5;23.0595703125;0;1;0;0;1;0;20;1;1;8.5;8.0595703125;0;0;0;0;0;0;2.9361979961395264;1;0;0;0;0;5000;1595;0;0;1;0;1;1;0;0;0
10050;3;1;0;1;0;1;0;-75;8.5;22.959716796875;0;2;0;0;1;0;20;1;1;8.5;7.959716796875;0;0;0;0;0;0;3.6018879413604736;1;0;0;0;0;5000;1253;0;0;1;0;1;1;0;0;0
10151;3;1;0;1;0;1;0;-84;8.5;22.835205078125;0;2;0;0;1;0;20;1;1;8.5;7.835205078125;0;0;0;0;0;0;4.4319663047790527;1;0;0;0;0;5000;778;0;0;1;0;1;1;0;0;0
10250;3;1;0;1;0;1;0;-91;8.5;22.72314453125;0;2;0;0;1;0;20;1;1;8.5;7.72314453125;0;0;0;0;0;0;5.1790366172790527;1;0;0;0;0;5000;465;0;0;1;0;1;1;0;0;0
10350;3;1;0;1;0;1;0;-94;8.5;22.611083984375;0;2;0;0;1;0;20;1;1;8.5;7.611083984375;0;0;0;0;0;0;5.9261069297790527;1;0;0;0;0;5000;321;0;0;1;0;1;1;0;0;0
10451;3;1;0;1;0;1;0;-99;8.5;22.486572265625;0;2;0;0;1;0;20;1;1;8.5;7.486572265625;0;0;0;1;0;0;6.7561850547790527;1;0;0;0;0;5000;66;0;0;1;0;1;1;0;0;0
10552;3;1;0;1;0;1;0;-100;8.5;22.357177734375;0;3;0;0;1;0;20;1;1;8.5;7.357177734375;0;0;0;1;0;0;7.6188149452209473;1;0;0;0;0;5000;0;0;0;1;0;1;1;0;0;0
10652;3;1;0;1;0;1;0;-100;8.5;22.22314453125;0;3;0;0;1;0;20;1;1;8.5;7.22314453125;0;0;0;1;0;0;8.5123701095581055;1;0;0;0;0;5000;0;0;0;1;0;1;1;0;0;0
10755;3;1;0;1;0;1;0;-100;8.5;22.07421875;0;3;0;0;1;0;20;1;1;8.5;7.07421875;0;0;0;1;0;0;9.5052080154418945;1;0;0;0;0;5000;0;0;0;1;0;1;1;0;0;0
10855;3;1;0;1;0;1;0;-100;8.5;21.940185546875;0;3;0;0;1;0;20;1;1;8.5;6.940185546875;0;0;0;1;0;0;10.398762702941895;1;0;0;0;0;5000;0;0;0;1;0;1;1;0;0;0
10957;3;1;0;1;0;1;0;-100;8.5;21.791259765625;0;3;0;0;1;0;20;1;1;8.5;6.791259765625;0;0;0;1;0;0;11.3916015625;1;0;0;0;0;5000;0;0;0;1;0;1;1;0;0;0
11057;3;1;0;1;0;1;0;-100;8.5;21.6572265625;0;4;0;0;1;0;20;1;1;8.5;6.6572265625;0;0;0;1;0;0;12.28515625;1;0;0;0;0;5000;0;0;0;1;0;1;1;0;0;0
11159;3;1;0;1;0;1;0;-100;8.5;21.4814453125;0;4;0;0;1;0;20;1;1;8.5;6.4814453125;0;0;0;1;0;0;13.45703125;1;0;0;0;0;5000;0;0;0;1;0;1;1;0;0;0
11258;3;1;0;1;0;1;0;-100;8.5;21.3232421875;0;4;0;0;1;0;20;1;1;8.5;6.3232421875;0;0;0;1;0;0;14.51171875;1;0;0;0;0;5000;0;0;0;1;0;1;1;0;0;0
11359;3;1;0;1;0;1;0;-100;8.5;21.1650390625;0;4;0;0;1;0;20;1;1;8.5;6.1650390625;0;0;0;1;0;0;15.56640625;1;0;0;0;0;5000;0;0;0;1;0;1;1;0;0;0
11459;3;1;0;1;0;1;0;-100;8.5;20.9892578125;0;4;0;0;1;0;20;1;1;8.5;5.9892578125;0;0;0;1;0;1;16.73828125;1;0;0;0;0;5000;0;0;0;1;0;1;1;0;0;0
11562;3;1;0;1;0;1;0;-100;8.5;20.8134765625;0;4;0;0;1;0;20;1;1;8.5;5.8134765625;0;0;0;1;0;1;17.91015625;1;0;0;0;0;5000;0;0;0;1;0;1;1;0;0;0
11661;3;1;0;1;0;1;0;-100;8.5;20.6552734375;0;4;0;0;1;0;20;1;1;8.5;5.6552734375;0;0;0;1;0;1;18.96484375;1;0;0;0;0;5000;0;0;0;1;0;1;1;0;0;0
11762;3;1;0;1;0;1;0;-100;8.5;20.4970703125;0;4;0;0;1;0;20;1;1;8.5;5.4970703125;0;0;0;1;0;1;20.01953125;1;0;0;0;0;5000;0;0;0;1;0;1;1;0;0;0
11861;3;1;0;1;0;1;0;-100;8.5;20.3212890625;0;4;0;0;1;0;20;1;1;8.5;5.3212890625;0;0;0;1;0;1;21.19140625;1;0;0;0;0;5000;0;0;0;1;0;1;1;0;0;0
11966;3;1;0;1;0;1;0;-100;8.5;20.1630859375;0;4;0;0;1;0;20;1;1;8.5;5.1630859375;0;0;0;1;0;1;22.24609375;1;0;0;0;0;5000;0;0;0;1;0;1;1;0;0;0
12063;3;1;0;1;0;1;0;-100;8.5;20.0048828125;0;4;0;0;1;0;20;1;1;8.5;5.0048828125;0;0;0;1;0;1;23.30078125;1;0;0;0;0;5000;0;0;0;1;0;1;1;0;0;0
12163;3;1;0;1;0;1;0;-100;8.5;19.8291015625;0;4;0;0;1;0;20;1;1;8.5;4.8291015625;0;0;0;1;0;1;24.47265625;1;0;0;0;0;5000;0;0;0;1;0;1;1;0;0;0
12265;3;1;0;1;0;1;0;-100;8.5;19.6533203125;0;4;0;0;1;0;20;1;1;8.5;4.6533203125;0;0;0;1;0;1;25.64453125;1;0;0;0;0;5000;0;0;0;1;0;1;1;0;0;0
12366;3;1;0;1;0;1;0;-100;8.5;19.4951171875;0;4;0;0;1;0;20;1;1;8.5;4.4951171875;0;0;0;1;0;1;26.69921875;1;0;0;0;0;5000;0;0;0;1;0;1;1;0;0;0
12466;3;1;0;1;0;1;0;-100;8.5;19.3193359375;0;4;0;0;1;0;20;1;1;8.5;4.3193359375;0;0;0;1;0;1;27.87109375;1;0;0;0;0;5000;0;0;0;1;0;1;1;0;0;0
12566;3;1;0;1;0;1;0;-100;8.5;19.1611328125;0;4;0;0;1;0;20;1;1;8.5;4.1611328125;0;0;0;1;0;1;28.92578125;1;0;0;0;0;5000;0;0;0;1;0;1;1;0;0;0
12665;3;1;0;1;0;1;0;-100;8.5;18.9853515625;0;4;0;0;1;0;20;1;1;8.5;3.9853515625;0;0;0;1;0;1;30.09765625;1;0;0;0;0;5000;0;0;0;1;0;1;1;0;0;0
12767;3;1;0;1;0;1;0;-100;8.5;18.8095703125;0;4;0;0;1;0;20;1;1;8.5;3.8095703125;0;0;0;1;0;1;31.26953125;1;0;0;0;0;5000;0;0;0;1;0;1;1;0;0;0
12870;3;1;0;1;0;1;0;-100;8.5;18.6337890625;0;4;0;0;1;0;20;1;1;8.5;3.6337890625;0;0;0;1;0;1;32.44140625;1;0;0;0;0;5000;0;0;0;1;0;1;1;0;0;0
12969;3;1;0;1;0;1;0;-100;8.5;18.4755859375;0;4;0;0;1;0;20;1;1;8.5;3.4755859375;0;0;0;1;0;1;33.49609375;1;0;0;0;0;5000;0;0;0;1;0;1;1;0;0;0
13071;3;1;0;1;0;1;0;-100;8.5;18.2998046875;0;4;0;0;1;0;20;1;1;8.5;3.2998046875;0;0;0;1;0;1;34.66796875;1;0;0;0;0;5000;0;0;0;1;0;1;1;0;0;0
13172;3;1;0;1;0;1;0;-100;8.5;18.1416015625;0;4;0;0;1;0;20;1;1;8.5;3.1416015625;0;0;0;1;0;1;35.72265625;1;0;0;0;0;5000;0;0;0;1;0;1;1;0;0;0
13273;3;1;0;1;0;1;0;-100;8.5;17.9658203125;0;4;0;0;1;0;20;1;1;8.5;2.9658203125;0;0;0;1;0;1;36.89453125;1;0;0;0;0;5000;0;0;0;1;0;1;1;0;0;0
13373;3;1;0;1;0;1;0;-100;8.5;17.8076171875;0;4;0;0;1;0;20;1;1;8.5;2.8076171875;0;0;0;1;0;1;37.94921875;1;0;0;0;0;5000;0;0;0;1;0;1;1;0;0;0
13475;3;1;0;1;0;1;0;-100;8.5;17.6318359375;0;4;0;0;1;0;20;1;1;8.5;2.6318359375;0;0;0;1;0;1;39.12109375;1;0;0;0;0;5000;0;0;0;1;0;1;1;0;0;0
13574;3;1;0;1;0;1;0;-100;8.5;17.4736328125;0;4;0;0;1;0;20;1;1;8.5;2.4736328125;0;0;0;1;0;1;40.17578125;1;0;0;0;0;5000;0;0;0;1;0;1;1;0;0;0
13676;3;1;0;1;0;1;0;-100;8.5;17.2978515625;0;4;0;0;1;0;20;1;1;8.5;2.2978515625;0;0;0;1;0;1;41.34765625;1;0;0;0;0;5000;0;0;0;1;0;1;1;0;0;0
13775;3;1;0;1;0;1;0;-100;8.5;17.1396484375;0;4;0;0;1;0;20;1;1;8.5;2.1396484375;0;0;0;1;0;1;42.40234375;1;0;0;0;0;5000;0;0;0;1;0;1;1;0;0;0
13876;3;1;0;1;0;1;0;-100;8.5;16.9814453125;0;4;0;0;1;0;20;1;1;8.5;1.9814453125;0;0;0;1;0;1;43.45703125;1;0;0;0;0;5000;0;0;0;1;0;1;1;0;0;0
13976;3;1;0;1;0;1;0;-100;8.5;16.8056640625;0;4;0;0;1;0;20;1;1;8.5;1.8056640625;0;0;0;1;0;1;44.62890625;1;0;0;0;0;5000;0;0;0;1;0;1;1;0;0;0
14077;3;1;0;1;0;1;0;-100;8.5;16.6298828125;0;4;0;0;1;0;20;1;1;8.5;1.6298828125;0;0;0;1;0;1;45.80078125;1;0;0;0;0;5000;0;0;0;1;0;1;1;0;0;0
14177;3;1;0;1;0;1;0;-100;8.5;16.4716796875;0;4;0;0;1;0;20;1;1;8.5;1.4716796875;0;0;0;1;0;1;46.85546875;1;0;0;0;0;5000;0;0;0;1;0;1;1;0;0;0
14278;3;1;0;1;0;1;0;-100;8.5;16.2958984375;0;4;0;0;1;0;20;1;1;8.5;1.2958984375;0;0;0;1;0;1;48.02734375;1;0;0;0;0;5000;0;0;0;1;0;1;1;0;0;0
14378;3;1;0;1;0;1;0;-100;8.5;16.1376953125;0;4;0;0;1;0;20;1;1;8.5;1.1376953125;0;0;0;1;0;1;49.08203125;1;0;0;0;0;5000;0;0;0;1;0;1;1;0;0;0
14480;3;1;0;1;0;1;0;-100;8.5;15.9619140625;0;4;0;0;1;0;20;1;1;8.5;0.9619140625;0;0;0;1;0;1;50.25390625;1;0;0;0;0;5000;0;0;0;1;0;1;1;0;0;0
14580;3;1;0;1;0;1;0;-100;8.5;15.8037109375;0;4;0;0;1;0;20;1;1;8.5;0.8037109375;0;0;0;1;0;1;51.30859375;1;0;0;0;0;5000;0;0;0;1;0;1;1;0;0;0
14681;3;1;0;1;0;1;0;-100;8.5;15.6279296875;0;4;0;0;1;0;20;1;1;8.5;0.6279296875;0;0;0;1;0;1;52.48046875;1;0;0;0;0;5000;0;0;0;1;0;1;1;0;0;0
14782;3;1;0;1;0;1;0;-100;8.5;15.4521484375;0;4;0;0;1;0;20;1;1;8.5;0.4521484375;0;0;0;1;0;1;53.65234375;1;0;0;0;0;5000;0;0;0;1;0;1;1;0;0;0
14884;3;1;0;1;0;1;0;-100;8.5;15.2939453125;0;4;0;0;1;0;20;1;1;8.5;0.2939453125;0;0;0;1;0;1;54.70703125;1;0;0;0;0;5000;0;0;0;1;0;1;1;0;0;0
14983;3;1;0;1;0;1;0;-100;8.5;15.1357421875;0;4;0;0;1;0;20;1;1;8.5;0.1357421875;0;0;0;1;0;1;55.76171875;1;0;0;0;0;5000;0;0;0;1;0;1;1;0;0;0
15083;3;1;0;1;0;1;0;-100;8.5;14.9599609375;0;4;0;0;1;0;20;1;1;8.5;-0.0400390625;0;0;0;1;0;1;56.93359375;1;0;0;0;0;5000;0;0;0;1;0;1;1;0;0;0
15184;3;1;0;1;0;1;0;-100;8.5;14.8017578125;0;4;0;0;1;0;20;1;1;8.5;-0.1982421875;0;0;0;1;0;1;57.98828125;1;0;0;0;0;5000;0;0;0;1;0;1;1;0;0;0
15286;3;1;0;1;0;1;0;-100;8.5;14.6259765625;0;4;0;0;1;0;20;1;1;8.5;-0.3740234375;0;0;0;1;0;1;59.16015625;1;0;0;0;0;5000;0;0;0;1;0;1;1;0;0;0
15386;3;1;0;1;0;1;0;-100;8.5;14.4501953125;0;4;0;0;1;0;20;1;1;8.5;-0.5498046875;0;0;0;1;0;1;60.33203125;1;0;0;0;0;5000;0;0;0;1;0;1;1;0;0;0
15488;3;1;0;1;0;1;0;-100;8.5;14.2919921875;0;4;0;0;1;0;20;1;1;8.5;-0.7080078125;0;0;0;1;0;1;61.38671875;1;0;0;0;0;5000;0;0;0;1;0;1;1;0;0;0
15587;3;1;0;1;0;1;0;-100;8.5;14.1162109375;0;4;0;0;1;0;20;1;1;8.5;-0.8837890625;0;0;0;1;0;1;62.55859375;1;0;0;0;0;5000;0;0;0;1;0;1;1;0;0;0
15689;3;1;0;1;0;1;0;-100;8.5;13.9580078125;0;4;0;0;1;0;20;1;1;8.5;-1.0419921875;0;0;0;1;0;1;63.61328125;1;0;0;0;0;5000;0;0;0;1;0;1;1;0;0;0
15789;3;1;0;1;0;1;0;-100;8.5;13.7822265625;0;4;0;0;1;0;20;1;1;8.5;-1.2177734375;0;0;0;1;0;1;64.78515625;1;0;0;0;0;5000;0;0;0;1;0;1;1;0;0;0
15891;3;1;0;1;0;1;0;-100;8.5;13.6240234375;0;4;0;0;1;0;20;1;1;8.5;-1.3759765625;0;0;0;1;0;1;65.83984375;1;0;0;0;0;5000;0;0;0;1;0;1;1;0;0;0
15990;3;1;0;1;0;1;0;-100;8.5;13.4482421875;0;4;0;0;1;0;20;1;1;8.5;-1.5517578125;0;0;0;1;0;1;67.01171875;1;0;0;0;0;5000;0;0;0;1;0;1;1;0;0;0
16091;3;1;0;1;0;1;0;-100;8.5;13.2900390625;0;4;0;0;1;0;20;1;1;8.5;-1.7099609375;0;0;0;1;0;1;68.06640625;1;0;0;0;0;5000;0;0;0;1;0;1;1;0;0;0
16193;3;1;0;1;0;1;0;-100;8.5;13.1142578125;0;4;0;0;1;0;20;1;1;8.5;-1.8857421875;0;0;0;1;0;1;69.23828125;1;0;0;0;0;5000;0;0;0;1;0;1;1;0;0;0
16294;3;1;0;1;0;1;0;-100;8.5;12.9384765625;0;4;0;0;1;0;20;1;1;8.5;-2.0615234375;0;0;0;1;0;1;70.41015625;1;0;0;0;0;5000;0;0;0;1;0;1;1;0;0;0
16393;3;1;0;1;0;1;0;-100;8.5;12.7802734375;0;4;0;0;1;0;20;1;1;8.5;-2.2197265625;0;0;0;1;0;1;71.46484375;1;0;0;0;0;5000;0;0;0;1;0;1;1;0;0;0
16494;3;1;0;1;0;1;0;-100;8.5;12.6044921875;0;4;0;0;1;0;20;1;1;8.5;-2.3955078125;0;0;0;1;0;1;72.63671875;1;0;0;0;0;5000;0;0;0;1;0;1;1;0;0;0
16594;3;1;0;1;0;1;0;-100;8.5;12.4462890625;0;4;0;0;1;0;20;1;1;8.5;-2.5537109375;0;0;0;1;0;1;73.69140625;1;0;0;0;0;5000;0;0;0;1;0;1;1;0;0;0
16695;3;1;0;1;0;1;0;-100;8.5;12.2705078125;0;4;0;0;1;0;20;1;1;8.5;-2.7294921875;0;0;0;1;0;1;74.86328125;1;0;0;0;0;5000;0;0;0;1;0;1;1;0;0;0
16794;3;1;0;1;0;1;0;-100;8.5;12.1123046875;0;4;0;0;1;0;20;1;1;8.5;-2.8876953125;0;0;0;1;0;1;75.91796875;1;0;0;0;0;5000;0;0;0;1;0;1;1;0;0;0
16895;3;1;0;1;0;1;0;-100;8.5;11.9541015625;0;4;0;0;1;0;20;1;1;8.5;-3.0458984375;0;0;0;1;0;1;76.97265625;1;0;0;0;0;5000;0;0;0;1;0;1;1;0;0;0
16995;3;1;0;1;0;1;0;-100;8.5;11.7783203125;0;4;0;0;1;0;20;1;1;8.5;-3.2216796875;0;0;0;1;0;1;78.14453125;1;0;0;0;0;5000;0;0;0;1;0;1;1;0;0;0
17096;3;1;0;1;0;1;0;-100;8.5;11.6201171875;0;4;0;0;1;0;20;1;1;8.5;-3.3798828125;0;0;0;1;0;1;79.19921875;1;0;0;0;0;5000;0;0;0;1;0;1;1;0;0;0
17197;3;1;0;1;0;1;0;-100;8.5;11.4443359375;0;4;0;0;1;0;20;1;1;8.5;-3.5556640625;0;0;0;1;0;1;80.37109375;1;0;0;0;0;5000;0;0;0;1;0;1;1;0;0;0
17297;3;1;0;1;0;1;0;-100;8.5;11.2861328125;0;4;0;0;1;0;20;1;1;8.5;-3.7138671875;0;0;0;1;0;1;81.42578125;1;0;0;0;0;5000;0;0;0;1;0;1;1;0;0;0
17399;3;1;0;1;0;1;0;-100;8.5;11.1279296875;0;4;0;0;1;0;20;1;1;8.5;-3.8720703125;0;0;0;1;0;1;82.48046875;1;0;0;0;0;5000;0;0;0;1;0;1;1;0;0;0
17498;3;1;0;1;0;1;0;-100;8.5;10.9521484375;0;4;0;0;1;0;20;1;1;8.5;-4.0478515625;0;0;0;1;0;1;83.65234375;1;0;0;0;0;5000;0;0;0;1;0;1;1;0;0;0
17600;3;1;0;1;0;1;0;-100;8.5;10.7939453125;0;4;0;0;1;0;20;1;1;8.5;-4.2060546875;0;0;0;1;0;1;84.70703125;1;0;0;0;0;5000;0;0;0;1;0;1;1;0;0;0
17699;3;1;0;1;0;1;0;-100;8.5;10.6181640625;0;4;0;0;1;0;20;1;1;8.5;-4.3818359375;0;0;0;1;0;1;85.87890625;1;0;0;0;0;5000;0;0;0;1;0;1;1;0;0;0
17801;3;1;0;1;0;1;0;-100;8.5;10.4423828125;0;4;0;0;1;0;20;1;1;8.5;-4.5576171875;0;0;0;1;0;1;87.05078125;1;0;0;0;0;5000;0;0;0;1;0;1;1;0;0;0
17902;3;1;0;1;0;1;0;-100;8.5;10.2841796875;0;4;0;0;1;0;20;1;1;8.5;-4.7158203125;0;0;0;1;0;1;88.10546875;1;0;0;0;0;5000;0;0;0;1;0;1;1;0;0;0
18002;3;1;0;1;0;1;0;-100;8.5;10.1083984375;0;4;0;0;1;0;20;1;1;8.5;-4.8916015625;0;0;0;1;0;1;89.27734375;1;0;0;0;0;5000;0;0;0;1;0;1;1;0;0;0
18103;3;1;0;1;0;1;0;-100;8.5;9.9501953125;0;4;0;0;1;0;20;1;1;8.5;-5.0498046875;0;0;0;1;0;1;90.33203125;1;0;0;0;0;5000;0;0;0;1;0;1;1;0;0;0
18206;3;1;0;1;0;1;0;-100;8.5;9.781982421875;0;0;0;0;1;0;20;0;0;8.5;9.781982421875;0;0;0;0;0;0;91.453453063964844;1;0;0;0;0;5000;0;0;0;1;1;1;1;0;0;0
18305;21;1;0;1;0;1;0;-100;8.5;9.69189453125;0;0;0;0;1;0;20;0;0;8.5;9.69189453125;0;0;0;0;0;0;92.054039001464844;1;0;0;0;0;5000;0;0;0;1;1;1;1;0;0;0
18408;21;1;0;1;0;1;0;-100;8.5;9.591796875;0;0;0;0;1;0;20;0;0;8.5;9.591796875;0;0;0;0;0;0;92.721351623535156;1;0;0;0;0;5000;0;0;0;1;1;1;1;0;0;0
18507;21;1;0;1;0;1;0;-100;8.5;9.49169921875;0;0;0;0;1;0;20;0;0;8.5;9.49169921875;0;0;0;0;0;0;93.388671875;1;0;0;0;0;5000;0;0;0;1;1;1;1;0;0;0
18608;21;1;0;1;0;1;0;-100;8.5;9.441650390625;0;0;0;0;1;0;20;0;0;8.5;9.441650390625;0;0;0;0;0;0;93.722328186035156;1;0;0;0;0;5000;0;0;0;1;1;1;1;0;0;0
18708;21;1;0;1;0;1;0;-100;8.5;9.441650390625;0;0;0;0;1;0;20;0;0;8.5;9.441650390625;0;0;0;0;0;0;93.722328186035156;1;0;0;0;0;5000;0;0;0;1;1;1;1;0;0;0
18809;21;1;0;1;0;1;0;-100;8.5;9.441650390625;0;0;0;0;1;0;20;0;0;8.5;9.441650390625;0;0;0;0;0;0;93.722328186035156;1;0;0;0;0;5000;0;0;0;1;1;1;1;0;0;0
18909;4;1;0;1;0;1;0;-100;8.47998046875;9.423095703125;1;1;0;0;1;0;20;1;1;8.47998046875;9.423095703125;0;0;0;0;0;0;93.712562561035156;1;0;0;0;0;5000;0;0;0;0;0;0;1;0;0;0
19010;4;1;0;1;0;1;0;-100;8.389892578125;9.339599609375;1;1;0;0;1;0;20;1;1;8.389892578125;9.339599609375;0;0;0;0;0;0;93.668617248535156;1;0;0;0;0;5000;0;0;0;0;0;0;1;0;0;0
19110;4;1;0;1;0;1;0;-100;8.289794921875;9.246826171875;1;1;0;0;1;0;20;1;1;8.289794921875;9.246826171875;0;0;0;0;0;0;93.619789123535156;1;0;0;0;0;5000;0;0;0;0;0;0;1;0;0;0
19212;4;1;0;1;0;1;0;-100;8.19970703125;9.163330078125;1;1;0;0;1;0;20;1;1;8.19970703125;9.163330078125;0;0;0;0;0;0;93.575843811035156;1;0;0;0;0;5000;0;0;0;0;0;0;1;0;0;0
19311;4;1;0;1;0;1;0;-100;8.109619140625;9.079833984375;1;1;0;0;1;0;20;1;1;8.109619140625;9.079833984375;0;0;0;0;0;0;93.531898498535156;1;0;0;0;0;5000;0;0;0;0;0;0;1;0;0;0
19413;4;1;0;1;0;1;0;-100;8.007080078125;8.984619140625;2;2;0;0;1;0;20;1;1;8.007080078125;8.984619140625;0;0;0;0;0;0;93.483070373535156;1;0;0;0;0;5000;0;0;0;0;0;0;1;0;0;0
19513;4;1;0;1;0;1;0;-100;7.89501953125;8.879150390625;2;2;0;0;1;0;20;1;1;7.89501953125;8.879150390625;0;0;0;0;0;0;93.439125061035156;1;0;0;0;0;5000;0;0;0;0;0;0;1;0;0;0
19614;4;1;0;1;0;1;0;-100;7.7705078125;8.761962890625;2;2;0;0;1;0;20;1;1;7.7705078125;8.761962890625;0;0;0;0;0;0;93.390296936035156;1;0;0;0;0;5000;0;0;0;0;0;0;1;0;0;0
19714;4;1;0;1;0;1;0;-100;7.658447265625;8.656494140625;2;2;0;0;1;0;20;1;1;7.658447265625;8.656494140625;0;0;0;0;0;0;93.346351623535156;1;0;0;0;0;5000;0;0;0;0;0;0;1;0;0;0
19817;4;1;0;1;0;1;0;-100;7.533935546875;8.539306640625;2;2;0;0;1;0;20;1;1;7.533935546875;8.539306640625;0;0;1;1;0;0;93.297523498535156;1;0;0;0;0;5000;0;0;0;0;0;0;1;0;0;0
19917;4;1;0;1;0;1;0;-100;7.421875;8.433837890625;2;2;0;0;1;0;20;1;1;7.421875;8.433837890625;0;0;1;1;0;0;93.253578186035156;1;0;0;0;0;5000;0;0;0;0;0;0;1;0;0;0
20018;4;1;0;1;0;1;0;-100;7.27783203125;8.299072265625;3;3;0;0;1;0;20;1;1;7.27783203125;8.299072265625;0;0;1;1;0;0;93.191734313964844;1;0;0;0;0;5000;0;0;0;0;0;0;1;0;0;0
20117;4;1;0;1;0;1;0;-100;7.12890625;8.159912109375;3;3;0;0;1;0;20;1;1;7.12890625;8.159912109375;0;0;1;1;0;0;93.126625061035156;1;0;0;0;0;5000;0;0;0;0;0;0;1;0;0;0
20219;4;1;0;1;0;1;0;-100;6.994873046875;8.03466796875;3;3;0;0;1;0;20;1;1;6.994873046875;8.03466796875;0;0;1;1;0;0;93.068031311035156;1;0;0;0;0;5000;0;0;0;0;0;0;1;0;0;0
20319;4;1;0;1;0;1;0;-100;6.845947265625;7.8955078125;3;3;0;0;1;0;20;1;1;6.845947265625;7.8955078125;0;0;1;1;0;0;93.0029296875;1;0;0;0;0;5000;0;0;0;0;0;0;1;0;0;0
20422;4;1;0;1;0;1;0;-100;6.7119140625;7.770263671875;3;3;0;0;1;0;20;1;1;6.7119140625;7.770263671875;0;0;1;1;0;0;92.9443359375;1;0;0;0;0;5000;0;0;0;0;0;0;1;0;0;0
20521;4;1;0;1;0;1;0;-100;6.546875;7.616455078125;4;4;0;0;1;0;20;1;1;6.546875;7.616455078125;0;0;1;1;0;0;92.869468688964844;1;0;0;0;0;5000;0;0;0;0;0;0;1;0;0;0
20621;4;1;0;1;0;1;0;-100;6.388671875;7.46923828125;4;4;0;0;1;0;20;1;1;6.388671875;7.46923828125;0;0;1;1;0;0;92.796226501464844;1;0;0;0;0;5000;0;0;0;0;0;0;1;0;0;0
20722;4;1;0;1;0;1;0;-100;6.212890625;7.3056640625;4;4;0;0;1;0;20;1;1;6.212890625;7.3056640625;0;0;1;1;0;0;92.71484375;1;0;0;0;0;5000;0;0;0;0;0;0;1;0;0;0
20823;4;1;0;1;0;1;0;-100;6.037109375;7.14208984375;4;4;0;0;1;0;20;1;1;6.037109375;7.14208984375;0;0;1;1;0;0;92.633460998535156;1;0;0;0;0;5000;0;0;0;0;0;0;1;0;0;0
20923;4;1;0;1;0;1;0;-100;5.87890625;6.994873046875;4;4;0;0;1;0;20;1;1;5.87890625;6.994873046875;0;0;1;1;1;1;92.560218811035156;1;0;0;0;0;5000;0;0;0;0;0;0;1;0;0;0
21023;4;1;0;1;0;1;0;-100;5.703125;6.831298828125;4;4;0;0;1;0;20;1;1;5.703125;6.831298828125;0;0;1;1;1;1;92.478843688964844;1;0;0;0;0;5000;0;0;0;0;0;0;1;0;0;0
21123;4;1;0;1;0;1;0;-100;5.544921875;6.68408203125;4;4;0;0;1;0;20;1;1;5.544921875;6.68408203125;0;0;1;1;1;1;92.405601501464844;1;0;0;0;0;5000;0;0;0;0;0;0;1;0;0;0
21225;4;1;0;1;0;1;0;-100;5.369140625;6.5205078125;4;4;0;0;1;0;20;1;1;5.369140625;6.5205078125;0;0;1;1;1;1;92.32421875;1;0;0;0;0;5000;0;0;0;0;0;0;1;0;0;0
21325;4;1;0;1;0;1;0;-100;5.2109375;6.373291015625;4;4;0;0;1;0;20;1;1;5.2109375;6.373291015625;0;0;1;1;1;1;92.2509765625;1;0;0;0;0;5000;0;0;0;0;0;0;1;0;0;0
21426;4;1;0;1;0;1;0;-100;5.03515625;6.209716796875;4;4;0;0;1;0;20;1;1;5.03515625;6.209716796875;0;0;1;1;1;1;92.169593811035156;1;0;0;0;0;5000;0;0;0;0;0;0;1;0;0;0
21526;4;1;0;1;0;1;0;-100;4.876953125;6.0625;4;4;0;0;1;0;20;1;1;4.876953125;6.0625;0;0;1;1;1;1;92.096351623535156;1;0;0;0;0;5000;0;0;0;0;0;0;1;0;0;0
21628;4;1;0;1;0;1;0;-100;4.701171875;5.89892578125;4;4;0;0;1;0;20;1;1;4.701171875;5.89892578125;0;0;1;1;1;1;92.014976501464844;1;0;0;0;0;5000;0;0;0;0;0;0;1;0;0;0
21729;4;1;0;1;0;1;0;-100;4.54296875;5.751708984375;4;4;0;0;1;0;20;1;1;4.54296875;5.751708984375;0;0;1;1;1;1;91.941734313964844;1;0;0;0;0;5000;0;0;0;0;0;0;1;0;0;0
21827;4;1;0;1;0;1;0;-100;4.384765625;5.6044921875;4;4;0;0;1;0;20;1;1;4.384765625;5.6044921875;0;0;1;1;1;1;91.868492126464844;1;0;0;0;0;5000;0;0;0;0;0;0;1;0;0;0
21929;4;1;0;1;0;1;0;-100;4.208984375;5.44091796875;4;4;0;0;1;0;20;1;1;4.208984375;5.44091796875;0;0;1;1;1;1;91.787109375;1;0;0;0;0;5000;0;0;0;0;0;0;1;0;0;0
22028;4;1;0;1;0;1;0;-100;4.05078125;5.293701171875;4;4;0;0;1;0;20;1;1;4.05078125;5.293701171875;0;0;1;1;1;1;91.7138671875;1;0;0;0;0;5000;0;0;0;0;0;0;1;0;0;0
22131;5;1;0;1;0;1;0;-100;3.875;5.130126953125;4;4;0;1;1;0;20;1;1;3.875;5.130126953125;0;0;1;1;1;1;91.632484436035156;1;0;0;0;0;5000;0;0;0;0;0;0;1;0;0;0
22230;5;1;0;1;0;1;0;-100;3.716796875;4.98291015625;4;4;0;1;1;0;20;1;1;3.716796875;4.98291015625;0;0;1;1;1;1;91.559242248535156;1;0;0;0;0;5000;0;0;0;0;0;0;1;0;0;0
22331;5;1;0;1;0;1;0;-100;3.541015625;4.8193359375;4;4;0;1;1;0;20;1;1;3.541015625;4.8193359375;0;0;1;1;1;1;91.477867126464844;1;0;0;0;0;5000;0;0;0;0;0;0;1;0;0;0
22430;5;1;0;1;0;1;0;-100;3.3828125;4.672119140625;4;4;0;1;1;0;20;1;1;3.3828125;4.672119140625;0;0;1;1;1;1;91.404624938964844;1;0;0;0;0;5000;0;0;0;0;0;0;1;0;0;0
22532;5;1;0;1;0;1;0;-100;3.20703125;4.508544921875;4;4;0;1;1;0;20;1;1;3.20703125;4.508544921875;0;0;1;1;1;1;91.3232421875;1;0;0;0;0;5000;0;0;0;0;0;0;1;0;0;0
22631;6;1;0;1;0;1;0;-100;3.048828125;4.361328125;4;4;0;1;1;0;20;1;1;3.048828125;4.361328125;0;0;1;1;1;1;91.25;1;0;0;0;0;5000;0;0;0;0;0;0;1;0;0;0
22732;6;1;0;1;0;1;0;-100;2.873046875;4.19775390625;4;4;0;1;1;0;20;1;1;2.873046875;4.19775390625;0;0;1;1;1;1;91.168617248535156;1;0;0;0;0;5000;0;0;0;0;0;0;1;0;0;0
22832;6;1;0;1;0;1;0;-100;2.71484375;4.050537109375;4;4;0;1;1;0;20;1;1;2.71484375;4.050537109375;0;0;1;1;1;1;91.095375061035156;1;0;0;0;0;5000;0;0;0;0;0;0;1;0;0;0
22933;6;1;0;1;0;1;0;-100;2.556640625;3.9033203125;4;4;0;1;1;0;20;1;1;2.556640625;3.9033203125;0;0;1;1;1;1;91.022132873535156;1;0;0;0;0;5000;0;0;0;0;0;0;1;0;0;0
23033;6;1;0;1;0;1;0;-100;2.380859375;3.73974609375;4;4;0;1;1;0;20;1;1;2.380859375;3.73974609375;0;0;1;1;1;1;90.940757751464844;1;0;0;0;0;5000;0;0;0;0;0;0;1;0;0;0
23133;7;1;0;1;0;1;0;-100;2.205078125;3.576171875;4;4;0;1;1;0;20;1;1;2.205078125;3.576171875;0;0;1;1;1;1;90.859375;1;0;0;0;0;5000;0;0;0;0;0;0;1;0;0;0
23234;7;1;0;1;0;1;0;-100;2.046875;3.428955078125;4;4;0;1;1;0;20;1;1;2.046875;3.428955078125;0;0;1;1;1;1;90.7861328125;1;0;0;0;0;5000;0;0;0;0;0;0;1;0;0;0
23335;7;1;0;1;0;1;0;-100;1.87109375;3.265380859375;4;4;0;1;1;0;20;1;1;1.87109375;3.265380859375;0;0;1;1;1;1;90.704750061035156;1;0;0;0;0;5000;0;0;0;0;0;0;1;0;0;0
23436;7;1;0;1;0;1;0;-100;1.6953125;3.101806640625;4;4;0;1;1;0;20;1;1;1.6953125;3.101806640625;0;0;1;1;1;1;90.623374938964844;1;0;0;0;0;5000;0;0;0;0;0;0;1;0;0;0
23537;7;1;0;1;0;1;0;-100;1.537109375;2.95458984375;4;4;0;1;1;0;20;1;1;1.537109375;2.95458984375;0;0;1;1;1;1;90.550132751464844;1;0;0;0;0;5000;0;0;0;0;0;0;1;0;0;0
23637;7;1;0;1;0;1;0;-100;1.37890625;2.807373046875;4;4;0;1;1;0;20;1;1;1.37890625;2.807373046875;0;0;1;1;1;1;90.476890563964844;1;0;0;0;0;5000;0;0;0;0;0;0;1;0;0;0
23741;7;1;0;1;0;1;0;-100;1.203125;2.643798828125;4;4;0;1;1;0;20;1;1;1.203125;2.643798828125;0;0;1;1;1;1;90.3955078125;1;0;0;0;0;5000;0;0;0;0;0;0;1;0;0;0
23838;7;1;0;1;0;1;0;-100;1.044921875;2.49658203125;4;4;0;1;1;0;20;1;1;1.044921875;2.49658203125;0;0;1;1;1;1;90.322265625;1;0;0;0;0;5000;0;0;0;0;0;0;1;0;0;0
23940;7;1;0;1;0;1;0;-100;0.869140625;2.3330078125;4;4;0;1;1;0;20;1;1;0.869140625;2.3330078125;0;0;1;1;1;1;90.240882873535156;1;0;0;0;0;5000;0;0;0;0;0;0;1;0;0;0
24040;7;1;0;1;0;1;0;-100;0.7109375;2.185791015625;4;4;0;1;1;0;20;1;1;0.7109375;2.185791015625;0;0;1;1;1;1;90.167640686035156;1;0;0;0;0;5000;0;0;0;0;0;0;1;0;0;0
24141;7;1;0;1;0;1;0;-100;0.53515625;2.022216796875;4;4;0;1;1;0;20;1;1;0.53515625;2.022216796875;0;0;1;1;1;1;90.086265563964844;1;0;0;0;0;5000;0;0;0;0;0;0;1;0;0;0
24241;7;1;0;1;0;1;0;-100;0.376953125;1.875;4;4;0;1;1;0;20;1;1;0.376953125;1.875;0;0;1;1;1;1;90.013023376464844;1;0;0;0;0;5000;0;0;0;0;0;0;1;0;0;0
24341;7;1;0;1;0;1;0;-100;0.201171875;1.71142578125;4;4;0;1;1;0;20;1;1;0.201171875;1.71142578125;0;0;1;1;1;1;89.931640625;1;0;0;0;0;5000;0;0;0;0;0;0;1;0;0;0
24441;7;1;0;1;0;1;0;-100;0.04296875;1.564208984375;4;4;0;1;1;0;20;1;1;0.04296875;1.564208984375;0;0;1;1;1;1;89.8583984375;1;0;0;0;0;5000;0;0;0;0;0;0;1;0;0;0
24543;7;1;0;1;0;1;0;-100;-0.1328125;1.400634765625;4;4;0;1;1;0;20;1;1;-0.1328125;1.400634765625;0;0;1;1;1;1;89.777015686035156;1;0;0;0;0;5000;0;0;0;0;0;0;1;0;0;0
24643;7;1;0;1;0;1;0;-100;-0.30859375;1.237060546875;4;4;0;1;1;0;20;1;1;-0.30859375;1.237060546875;0;0;1;1;1;1;89.695640563964844;1;0;0;0;0;5000;0;0;0;0;0;0;1;0;0;0
24744;7;1;0;1;0;1;0;-100;-0.466796875;1.08984375;4;4;0;1;1;0;20;1;1;-0.466796875;1.08984375;0;0;1;1;1;1;89.622398376464844;1;0;0;0;0;5000;0;0;0;0;0;0;1;0;0;0
24843;7;1;0;1;0;1;0;-100;-0.625;0.942626953125;4;4;0;1;1;0;20;1;1;-0.625;0.942626953125;0;0;1;1;1;1;89.549156188964844;1;0;0;0;0;5000;0;0;0;0;0;0;1;0;0;0
24943;7;1;0;1;0;1;0;-100;-0.80078125;0.779052734375;4;4;0;1;1;0;20;1;1;-0.80078125;0.779052734375;0;0;1;1;1;1;89.4677734375;1;0;0;0;0;5000;0;0;0;0;0;0;1;0;0;0
25043;7;1;0;1;0;1;0;-100;-0.958984375;0.6318359375;4;4;0;1;1;0;20;1;1;-0.958984375;0.6318359375;0;0;1;1;1;1;89.39453125;1;0;0;0;0;5000;0;0;0;0;0;0;1;0;0;0
25144;7;1;0;1;0;1;0;-100;-1.134765625;0.46826171875;4;4;0;1;1;0;20;1;1;-1.134765625;0.46826171875;0;0;1;1;1;1;89.313148498535156;1;0;0;0;0;5000;0;0;0;0;0;0;1;0;0;0
25243;7;1;0;1;0;1;0;-100;-1.29296875;0.321044921875;4;4;0;1;1;0;20;1;1;-1.29296875;0.321044921875;0;0;1;1;1;1;89.239906311035156;1;0;0;0;0;5000;0;0;0;0;0;0;1;0;0;0
25344;7;1;0;1;0;1;0;-100;-1.46875;0.157470703125;4;4;0;1;1;0;20;1;1;-1.46875;0.157470703125;0;0;1;1;1;1;89.158531188964844;1;0;0;0;0;5000;0;0;0;0;0;0;1;0;0;0
25443;7;1;0;1;0;1;0;-100;-1.626953125;0.01025390625;4;4;0;1;1;0;20;1;1;-1.626953125;0.01025390625;0;0;1;1;1;1;89.085289001464844;1;0;0;0;0;5000;0;0;0;0;0;0;1;0;0;0
25545;7;1;0;1;0;1;0;-100;-1.78515625;-0.136962890625;4;4;0;1;1;0;20;1;1;-1.78515625;-0.136962890625;0;0;1;1;1;1;89.012046813964844;1;0;0;0;0;5000;0;0;0;0;0;0;1;0;0;0
25644;7;1;0;1;0;1;0;-100;-1.9609375;-0.300537109375;4;4;0;1;1;0;20;1;1;-1.9609375;-0.300537109375;0;0;1;1;1;1;88.9306640625;1;0;0;0;0;5000;0;0;0;0;0;0;1;0;0;0
25745;7;1;0;1;0;1;0;-100;-2.119140625;-0.44775390625;4;4;0;1;1;0;20;1;1;-2.119140625;-0.44775390625;0;0;1;1;1;1;88.857421875;1;0;0;0;0;5000;0;0;0;0;0;0;1;0;0;0
25845;7;1;0;1;0;1;0;-100;-2.294921875;-0.611328125;4;4;0;1;1;0;20;1;1;-2.294921875;-0.611328125;0;0;1;1;1;1;88.776039123535156;1;0;0;0;0;5000;0;0;0;0;0;0;1;0;0;0
25947;7;1;0;1;0;1;0;-100;-2.470703125;-0.77490234375;4;4;0;1;1;0;20;1;1;-2.470703125;-0.77490234375;0;0;1;1;1;1;88.694664001464844;1;0;0;0;0;5000;0;0;0;0;0;0;1;0;0;0
26047;7;1;0;1;0;1;0;-100;-2.62890625;-0.922119140625;4;4;0;1;1;0;20;1;1;-2.62890625;-0.922119140625;0;0;1;1;1;1;88.621421813964844;1;0;0;0;0;5000;0;0;0;0;0;0;1;0;0;0
26148;7;1;0;1;0;1;0;-100;-2.8046875;-1.085693359375;4;4;0;1;1;0;20;1;1;-2.8046875;-1.085693359375;0;0;1;1;1;1;88.5400390625;1;0;0;0;0;5000;0;0;0;0;0;0;1;0;0;0
26248;7;1;0;1;0;1;0;-100;-2.962890625;-1.23291015625;4;4;0;1;1;0;20;1;1;-2.962890625;-1.23291015625;0;0;1;1;1;1;88.466796875;1;0;0;0;0;5000;0;0;0;0;0;0;1;0;0;0
26350;7;1;0;1;0;1;0;-100;-3.138671875;-1.396484375;4;4;0;1;1;0;20;1;1;-3.138671875;-1.396484375;0;0;1;1;1;1;88.385414123535156;1;0;0;0;0;5000;0;0;0;0;0;0;1;0;0;0
26450;7;1;0;1;0;1;0;-100;-3.296875;-1.543701171875;4;4;0;1;1;0;20;1;1;-3.296875;-1.543701171875;0;0;1;1;1;1;88.312171936035156;1;0;0;0;0;5000;0;0;0;0;0;0;1;0;0;0
26551;7;1;0;1;0;1;0;-100;-3.47265625;-1.707275390625;4;4;0;1;1;0;20;1;1;-3.47265625;-1.707275390625;0;0;1;1;1;1;88.230796813964844;1;0;0;0;0;5000;0;0;0;0;0;0;1;0;0;0
26651;7;1;0;1;0;1;0;-100;-3.630859375;-1.8544921875;4;4;0;1;1;0;20;1;1;-3.630859375;-1.8544921875;0;0;1;1;1;1;88.157554626464844;1;0;0;0;0;5000;0;0;0;0;0;0;1;0;0;0
26753;7;1;0;1;0;1;0;-100;-3.806640625;-2.01806640625;4;4;0;1;1;0;20;1;1;-3.806640625;-2.01806640625;0;0;1;1;1;1;88.076171875;1;0;0;0;0;5000;0;0;0;0;0;0;1;0;0;0
26853;7;1;0;1;0;1;0;-100;-3.96484375;-2.165283203125;4;4;0;1;1;0;20;1;1;-3.96484375;-2.165283203125;0;0;1;1;1;1;88.0029296875;1;0;0;0;0;5000;0;0;0;0;0;0;1;0;0;0
26955;7;1;0;1;0;1;0;-100;-4.140625;-2.328857421875;4;4;0;1;1;0;20;1;1;-4.140625;-2.328857421875;0;0;1;1;1;1;87.921546936035156;1;0;0;0;0;5000;0;0;0;0;0;0;1;0;0;0
27055;7;1;0;1;0;1;0;-100;-4.31640625;-2.492431640625;4;4;0;1;1;0;20;1;1;-4.31640625;-2.492431640625;0;0;1;1;1;1;87.840171813964844;1;0;0;0;0;5000;0;0;0;0;0;0;1;0;0;0
27156;7;1;0;1;0;1;0;-100;-4.474609375;-2.6396484375;4;4;0;1;1;0;20;1;1;-4.474609375;-2.6396484375;0;0;1;1;1;1;87.766929626464844;1;0;0;0;0;5000;0;0;0;0;0;0;1;0;0;0
27256;7;1;0;1;0;1;0;-100;-4.650390625;-2.80322265625;4;4;0;1;1;0;20;1;1;-4.650390625;-2.80322265625;0;0;1;1;1;1;87.685546875;1;0;0;0;0;5000;0;0;0;0;0;0;1;0;0;0
27357;7;1;0;1;0;1;0;-100;-4.80859375;-2.950439453125;4;4;0;1;1;0;20;1;1;-4.80859375;-2.950439453125;0;0;1;1;1;1;87.6123046875;1;0;0;0;0;5000;0;0;0;0;0;0;1;0;0;0
27457;7;1;0;1;0;1;0;-100;-4.966796875;-3.09765625;4;4;0;1;1;0;20;1;1;-4.966796875;-3.09765625;0;0;1;1;1;1;87.5390625;1;0;0;0;0;5000;0;0;0;0;0;0;1;0;0;0
27559;7;1;0;1;0;1;0;-100;-5.142578125;-3.26123046875;4;4;0;1;1;0;20;1;1;-5.142578125;-3.26123046875;0;0;1;1;1;1;87.457679748535156;1;0;0;0;0;5000;0;0;0;0;0;0;1;0;0;0
27657;7;1;0;1;0;1;0;-100;-5.30078125;-3.408447265625;4;4;0;1;1;0;20;1;1;-5.30078125;-3.408447265625;0;0;1;1;1;1;87.384437561035156;1;0;0;0;0;5000;0;0;0;0;0;0;1;0;0;0
27757;7;1;0;1;0;1;0;-100;-5.458984375;-3.5556640625;4;4;0;1;1;0;20;1;1;-5.458984375;-3.5556640625;0;0;1;1;1;1;87.311195373535156;1;0;0;0;0;5000;0;0;0;0;0;0;1;0;0;0
27859;7;1;0;1;0;1;0;-100;-5.634765625;-3.71923828125;4;4;0;1;1;0;20;1;1;-5.634765625;-3.71923828125;0;0;1;1;1;1;87.229820251464844;1;0;0;0;0;5000;0;0;0;0;0;0;1;0;0;0
27958;7;1;0;1;0;1;0;-100;-5.810546875;-3.8828125;4;4;0;1;1;0;20;1;1;-5.810546875;-3.8828125;0;0;1;1;1;1;87.1484375;1;0;0;0;0;5000;0;0;0;0;0;0;1;0;0;0
28057;7;1;0;1;0;1;0;-100;-5.96875;-4.030029296875;4;4;0;1;1;0;20;1;1;-5.96875;-4.030029296875;0;0;1;1;1;1;87.0751953125;1;0;0;0;0;5000;0;0;0;0;0;0;1;0;0;0
28158;7;1;0;1;0;1;0;-100;-6.14453125;-4.193603515625;4;4;0;1;1;0;20;1;1;-6.14453125;-4.193603515625;0;0;1;1;1;1;86.993812561035156;1;0;0;0;0;5000;0;0;0;0;0;0;1;0;0;0
28258;7;1;0;1;0;1;0;-100;-6.302734375;-4.3408203125;4;4;0;1;1;0;20;1;1;-6.302734375;-4.3408203125;0;0;1;1;1;1;86.920570373535156;1;0;0;0;0;5000;0;0;0;0;0;0;1;0;0;0
28358;7;1;0;1;0;1;0;-100;-6.478515625;-4.50439453125;4;4;0;1;1;0;20;1;1;-6.478515625;-4.50439453125;0;0;1;1;1;1;86.839195251464844;1;0;0;0;0;5000;0;0;0;0;0;0;1;0;0;0
28459;7;1;0;1;0;1;0;-100;-6.63671875;-4.651611328125;4;4;0;1;1;0;20;1;1;-6.63671875;-4.651611328125;0;0;1;1;1;1;86.765953063964844;1;0;0;0;0;5000;0;0;0;0;0;0;1;0;0;0
28560;7;1;0;1;0;1;0;-100;-6.8125;-4.815185546875;4;4;0;1;1;0;20;1;1;-6.8125;-4.815185546875;0;0;1;1;1;1;86.6845703125;1;0;0;0;0;5000;0;0;0;0;0;0;1;0;0;0
28662;7;1;0;1;0;1;0;-100;-6.970703125;-4.96240234375;4;4;0;1;1;0;20;1;1;-6.970703125;-4.96240234375;0;0;1;1;1;1;86.611328125;1;0;0;0;0;5000;0;0;0;0;0;0;1;0;0;0
28761;7;1;0;1;0;1;0;-100;-7.146484375;-5.1259765625;4;4;0;1;1;0;20;1;1;-7.12890625;-5.109619140625;0;0;1;1;1;1;86.5380859375;1;0;0;0;0;5000;0;0;0;0;0;0;1;0;0;0
28863;7;1;0;1;0;1;0;-100;-7.3046875;-5.273193359375;4;4;0;1;1;0;20;1;1;-7.3046875;-5.273193359375;0;0;1;1;1;1;86.456703186035156;1;0;0;0;0;5000;0;0;0;0;0;0;1;0;0;0
28963;7;1;0;1;0;1;0;-100;-7.462890625;-5.42041015625;4;4;0;1;1;0;20;1;1;-7.462890625;-5.42041015625;0;0;1;1;1;1;86.383460998535156;1;0;0;0;0;5000;0;0;0;0;0;0;1;0;0;0
29065;7;1;0;1;0;1;0;-100;-7.638671875;-5.583984375;4;4;0;1;1;0;20;1;1;-7.638671875;-5.583984375;0;0;1;1;1;1;86.302085876464844;1;0;0;0;0;5000;0;0;0;0;0;0;1;0;0;0
29165;7;1;0;1;0;1;0;-100;-7.796875;-5.731201171875;4;4;0;1;1;0;20;1;1;-7.796875;-5.731201171875;0;0;1;1;1;1;86.228843688964844;1;0;0;0;0;5000;0;0;0;0;0;0;1;0;0;0
29267;7;1;0;1;0;1;0;-100;-7.97265625;-5.894775390625;4;4;0;1;1;0;20;1;1;-7.97265625;-5.894775390625;0;0;1;1;1;1;86.1474609375;1;0;0;0;0;5000;0;0;0;0;0;0;1;0;0;0
29368;7;1;0;1;0;1;0;-100;-8.130859375;-6.0419921875;4;4;0;1;1;0;20;1;1;-8.130859375;-6.0419921875;0;0;1;1;1;1;86.07421875;1;0;0;0;0;5000;0;0;0;0;0;0;1;0;0;0
29467;7;1;0;1;0;1;0;-100;-8.306640625;-6.20556640625;4;4;0;1;1;0;20;1;1;-8.306640625;-6.20556640625;0;0;1;1;1;1;85.992835998535156;1;0;0;0;0;5000;0;0;0;0;0;0;1;0;0;0
29567;7;1;0;1;0;1;0;-100;-8.46484375;-6.352783203125;4;4;0;1;1;0;20;1;1;-8.46484375;-6.352783203125;0;0;1;1;1;1;85.919593811035156;1;0;0;0;0;5000;0;0;0;0;0;0;1;0;0;0
29669;7;1;0;1;0;1;0;-100;-8.640625;-6.516357421875;4;4;0;1;1;0;20;1;1;-8.640625;-6.516357421875;0;0;1;1;1;1;85.838218688964844;1;0;0;0;0;5000;0;0;0;0;0;0;1;0;0;0
29768;7;1;0;1;0;1;0;-100;-8.798828125;-6.66357421875;4;4;0;1;1;0;20;1;1;-8.798828125;-6.66357421875;0;0;1;1;1;1;85.764976501464844;1;0;0;0;0;5000;0;0;0;0;0;0;1;0;0;0
29870;7;1;0;1;0;1;0;-100;-8.95703125;-6.810791015625;4;4;0;1;1;0;20;1;1;-8.95703125;-6.810791015625;0;0;1;1;1;1;85.691734313964844;1;0;0;0;0;5000;0;0;0;0;0;0;1;0;0;0
29970;7;1;0;1;0;1;0;-100;-9.1328125;-6.974365234375;4;4;0;1;1;0;20;1;1;-9.1328125;-6.974365234375;0;0;1;1;1;1;85.6103515625;1;0;0;0;0;5000;0;0;0;0;0;0;1;0;0;0
30071;7;1;0;1;0;1;0;-100;-9.30859375;-7.137939453125;4;4;0;1;1;0;20;1;1;-9.30859375;-7.137939453125;0;0;1;1;1;1;85.528968811035156;1;0;0;0;0;5000;0;0;0;0;0;0;1;0;0;0
30171;7;1;0;1;0;1;0;-100;-9.466796875;-7.28515625;4;4;0;1;1;0;20;1;1;-9.466796875;-7.28515625;0;0;1;1;1;1;85.455726623535156;1;0;0;0;0;5000;0;0;0;0;0;0;1;0;0;0
30272;7;1;0;1;0;1;0;-100;-9.642578125;-7.44873046875;4;4;0;1;1;0;20;1;1;-9.642578125;-7.44873046875;0;0;1;1;1;1;85.374351501464844;1;0;0;0;0;5000;0;0;0;0;0;0;1;0;0;0
30372;7;1;0;1;0;1;0;-100;-9.80078125;-7.595947265625;4;4;0;1;1;0;20;1;1;-9.80078125;-7.595947265625;0;0;1;1;1;1;85.301109313964844;1;0;0;0;0;5000;0;0;0;0;0;0;1;0;0;0
30473;7;1;0;1;0;1;0;-100;-9.9765625;-7.759521484375;4;4;0;1;1;0;20;1;1;-9.9765625;-7.759521484375;0;0;1;1;1;1;85.2197265625;1;0;0;0;0;5000;0;0;0;0;0;0;1;0;0;0
30573;7;1;0;1;0;1;0;-100;-10.134765625;-7.90673828125;4;4;0;1;1;0;20;1;1;-10.134765625;-7.90673828125;0;0;1;1;1;1;85.146484375;1;0;0;0;0;5000;0;0;0;0;0;0;1;0;0;0
30675;7;1;0;1;0;1;0;-100;-10.310546875;-8.0703125;4;4;0;1;1;0;20;1;1;-10.310546875;-8.0703125;0;0;1;1;1;1;85.065101623535156;1;0;0;0;0;5000;0;0;0;0;0;0;1;0;0;0
30775;7;1;0;1;0;1;0;-100;-10.46875;-8.217529296875;4;4;0;1;1;0;20;1;1;-10.46875;-8.217529296875;0;0;1;1;1;1;84.991859436035156;1;0;0;0;0;5000;0;0;0;0;0;0;1;0;0;0
30876;7;1;0;1;0;1;0;-100;-10.64453125;-8.381103515625;4;4;0;1;1;0;20;1;1;-10.64453125;-8.381103515625;0;0;1;1;1;1;84.910484313964844;1;0;0;0;0;5000;0;0;0;0;0;0;1;0;0;0
30976;7;1;0;1;0;1;0;-100;-10.8203125;-8.544677734375;4;4;0;1;1;0;20;1;1;-10.8203125;-8.544677734375;0;0;1;1;1;1;84.8291015625;1;0;0;0;0;5000;0;0;0;0;0;0;1;0;0;0
31077;7;1;0;1;0;1;0;-100;-10.978515625;-8.69189453125;4;4;0;1;1;0;20;1;1;-10.978515625;-8.69189453125;0;0;1;1;1;1;84.755859375;1;0;0;0;0;5000;0;0;0;0;0;0;1;0;0;0
31177;7;1;0;1;0;1;0;-100;-11.154296875;-8.85546875;4;4;0;1;1;0;20;1;1;-11.154296875;-8.85546875;0;0;1;1;1;1;84.674476623535156;1;0;0;0;0;5000;0;0;0;0;0;0;1;0;0;0
31279;7;1;0;1;0;1;0;-100;-11.330078125;-9.01904296875;4;4;0;1;1;0;20;1;1;-11.330078125;-9.01904296875;0;0;1;1;1;1;84.593101501464844;1;0;0;0;0;5000;0;0;0;0;0;0;1;0;0;0
31378;7;1;0;1;0;1;0;-100;-11.48828125;-9.166259765625;4;4;0;1;1;0;20;1;1;-11.48828125;-9.166259765625;0;0;1;1;1;1;84.519859313964844;1;0;0;0;0;5000;0;0;0;0;0;0;1;0;0;0
31479;7;1;0;1;0;1;0;-100;-11.6640625;-9.329833984375;4;4;0;1;1;0;20;1;1;-11.6640625;-9.329833984375;0;0;1;1;1;1;84.4384765625;1;0;0;0;0;5000;0;0;0;0;0;0;1;0;0;0
31578;7;1;0;1;0;1;0;-100;-11.822265625;-9.47705078125;4;4;0;1;1;0;20;1;1;-11.822265625;-9.47705078125;0;0;1;1;1;1;84.365234375;1;0;0;0;0;5000;0;0;0;0;0;0;1;0;0;0
31680;7;1;0;1;0;1;0;-100;-11.998046875;-9.640625;4;4;0;1;1;0;20;1;1;-11.998046875;-9.640625;0;0;1;1;1;1;84.283851623535156;1;0;0;0;0;5000;0;0;0;0;0;0;1;0;0;0
31779;7;1;0;1;0;1;0;-100;-12.173828125;-9.80419921875;4;4;0;1;1;0;20;1;1;-12.173828125;-9.80419921875;0;0;1;1;1;1;84.202476501464844;1;0;0;0;0;5000;0;0;0;0;0;0;1;0;0;0
31882;7;1;0;1;0;1;0;-100;-12.33203125;-9.951416015625;4;4;0;1;1;0;20;1;1;-12.33203125;-9.951416015625;0;0;1;1;1;1;84.129234313964844;1;0;0;0;0;5000;0;0;0;0;0;0;1;0;0;0
31981;7;1;0;1;0;1;0;-100;-12.490234375;-10.0986328125;4;4;0;1;1;0;20;1;1;-12.490234375;-10.0986328125;0;0;1;1;1;1;84.055992126464844;1;0;0;0;0;5000;0;0;0;0;0;0;1;0;0;0
32082;7;1;0;1;0;1;0;-100;-12.666015625;-10.26220703125;4;4;0;1;1;0;20;1;1;-12.666015625;-10.26220703125;0;0;1;1;1;1;83.974609375;1;0;0;0;0;5000;0;0;0;0;0;0;1;0;0;0
32182;7;1;0;1;0;1;0;-100;-12.82421875;-10.409423828125;4;4;0;1;1;0;20;1;1;-12.82421875;-10.409423828125;0;0;1;1;1;1;83.9013671875;1;0;0;0;0;5000;0;0;0;0;0;0;1;0;0;0
32283;7;1;0;1;0;1;0;-100;-13;-10.572998046875;4;4;0;1;1;0;20;1;1;-13;-10.572998046875;0;0;1;1;1;1;83.819984436035156;1;0;0;0;0;5000;0;0;0;0;0;0;1;0;0;0
32382;7;1;0;1;0;1;0;-100;-13.158203125;-10.72021484375;4;4;0;1;1;0;20;1;1;-13.158203125;-10.72021484375;0;0;1;1;1;1;83.746742248535156;1;0;0;0;0;5000;0;0;0;0;0;0;1;0;0;0
32484;7;1;0;1;0;1;0;-100;-13.31640625;-10.867431640625;4;4;0;1;1;0;20;1;1;-13.31640625;-10.867431640625;0;0;1;1;1;1;83.673500061035156;1;0;0;0;0;5000;0;0;0;0;0;0;1;0;0;0
32584;7;1;0;1;0;1;0;-100;-13.474609375;-11.0146484375;4;4;0;1;1;0;20;1;1;-13.474609375;-11.0146484375;0;0;1;1;1;1;83.600257873535156;1;0;0;0;0;5000;0;0;0;0;0;0;1;0;0;0
32686;7;1;0;1;0;1;0;-100;-13.650390625;-11.17822265625;4;4;0;1;1;0;20;1;1;-13.650390625;-11.17822265625;0;0;1;1;1;1;83.518882751464844;1;0;0;0;0;5000;0;0;0;0;0;0;1;0;0;0
32786;7;1;0;1;0;1;0;-100;-13.826171875;-11.341796875;4;4;0;1;1;0;20;1;1;-13.826171875;-11.341796875;0;0;1;1;1;1;83.4375;1;0;0;0;0;5000;0;0;0;0;0;0;1;0;0;0
32889;7;1;0;1;0;1;0;-100;-14.001953125;-11.50537109375;4;4;0;1;1;0;20;1;1;-14.001953125;-11.50537109375;0;0;1;1;1;1;83.356117248535156;1;0;0;0;0;5000;0;0;0;0;0;0;1;0;0;0
32987;7;1;0;1;0;1;0;-100;-14.16015625;-11.652587890625;4;4;0;1;1;0;20;1;1;-14.16015625;-11.652587890625;0;0;1;1;1;1;83.282875061035156;1;0;0;0;0;5000;0;0;0;0;0;0;1;0;0;0
33088;7;1;0;1;0;1;0;-100;-14.3359375;-11.816162109375;4;4;0;1;1;0;20;1;1;-14.3359375;-11.816162109375;0;0;1;1;1;1;83.201499938964844;1;0;0;0;0;5000;0;0;0;0;0;0;1;0;0;0
33187;7;1;0;1;0;1;0;-100;-14.494140625;-11.96337890625;4;4;0;1;1;0;20;1;1;-14.494140625;-11.96337890625;0;0;1;1;1;1;83.128257751464844;1;0;0;0;0;5000;0;0;0;0;0;0;1;0;0;0
33289;7;1;0;1;0;1;0;-100;-14.669921875;-12.126953125;4;4;0;1;1;0;20;1;1;-14.669921875;-12.126953125;0;0;1;1;1;1;83.046875;1;0;0;0;0;5000;0;0;0;0;0;0;1;0;0;0
33390;7;1;0;1;0;1;0;-100;-14.845703125;-12.29052734375;4;4;0;1;1;0;20;1;1;-14.845703125;-12.29052734375;0;0;1;1;1;1;82.965492248535156;1;0;0;0;0;5000;0;0;0;0;0;0;1;0;0;0
33492;7;1;0;1;0;1;0;-100;-15.00390625;-12.437744140625;4;4;0;1;1;0;20;1;1;-15.00390625;-12.437744140625;0;0;1;1;1;1;82.892250061035156;1;0;0;0;0;5000;0;0;0;0;0;0;1;0;0;0
33592;7;1;0;1;0;1;0;-100;-15.162109375;-12.5849609375;4;4;0;1;1;0;20;1;1;-15.162109375;-12.5849609375;0;0;1;1;1;1;82.819007873535156;1;0;0;0;0;5000;0;0;0;0;0;0;1;0;0;0
33692;8;1;0;1;0;1;0;-100;-15.284912109375;-12.7041015625;0;0;0;0;1;0;20;0;0;-15.284912109375;-12.7041015625;0;0;0;0;0;0;82.794593811035156;1;0;0;0;0;5000;0;0;0;1;1;1;1;0;0;0
33794;8;1;0;1;0;1;0;-100;-15.385009765625;-12.80419921875;0;0;0;0;1;0;20;0;0;-15.385009765625;-12.80419921875;0;0;0;0;0;0;82.794593811035156;1;0;0;0;0;5000;0;0;0;1;1;1;1;0;0;0
33893;8;1;0;1;0;1;0;-100;-15.47509765625;-12.894287109375;0;0;0;0;1;0;20;0;0;-15.47509765625;-12.894287109375;0;0;0;0;0;0;82.794593811035156;1;0;0;0;0;5000;0;0;0;1;1;1;1;0;0;0
33994;8;1;0;1;0;1;0;-100;-15.565185546875;-12.96435546875;0;0;0;0;1;0;20;0;0;-15.565185546875;-12.96435546875;0;0;0;0;0;0;82.6611328125;1;0;0;0;0;5000;0;0;0;1;1;1;1;0;0;0
34095;8;1;0;1;0;1;0;-100;-15.565185546875;-12.96435546875;0;0;0;0;1;0;20;0;0;-15.565185546875;-12.96435546875;0;0;0;0;0;0;82.6611328125;1;0;0;0;0;5000;0;0;0;1;1;1;1;0;0;0
34194;8;1;0;1;0;1;0;-100;-15.565185546875;-12.96435546875;0;0;0;0;1;0;20;0;0;-15.565185546875;-12.96435546875;0;0;0;0;0;0;82.6611328125;1;0;0;0;0;5000;0;0;0;1;1;1;1;0;0;0
34294;8;1;0;1;0;1;0;-100;-15.565185546875;-12.96435546875;0;0;0;0;1;0;20;0;0;-15.565185546875;-12.96435546875;0;0;0;0;0;0;82.6611328125;1;0;0;0;0;5000;0;0;0;1;1;1;1;0;0;0
34395;8;1;0;1;0;1;0;-100;-15.565185546875;-12.96435546875;0;0;0;0;1;0;20;0;0;-15.565185546875;-12.96435546875;0;0;0;0;0;0;82.6611328125;1;0;0;0;0;5000;0;0;0;1;1;1;1;0;0;0
34494;8;1;0;1;0;1;0;-100;-15.565185546875;-12.96435546875;0;0;0;0;1;0;20;0;0;-15.565185546875;-12.96435546875;0;0;0;0;0;0;82.6611328125;1;0;0;0;0;5000;0;0;0;1;1;1;1;0;0;0
34595;10;1;0;1;0;1;0;-100;-15.565185546875;-12.96435546875;0;0;0;0;1;0;20;0;0;-15.565185546875;-12.96435546875;0;0;0;0;0;0;82.6611328125;1;0;0;0;0;5000;0;0;0;1;1;1;1;0;0;0
34697;10;1;0;1;0;1;0;-100;-15.565185546875;-12.96435546875;0;0;0;0;1;0;20;0;0;-15.565185546875;-12.96435546875;0;0;0;0;0;0;82.6611328125;1;0;0;0;0;5000;0;0;0;1;1;1;1;0;0;0
34800;10;1;0;1;0;1;0;-100;-15.565185546875;-12.96435546875;0;0;0;0;1;0;20;0;0;-15.565185546875;-12.96435546875;0;0;0;0;0;0;82.6611328125;1;0;0;0;0;5000;0;0;0;1;1;1;1;0;0;0
34898;10;1;0;1;0;1;0;-100;-15.565185546875;-12.96435546875;0;0;0;0;1;0;20;0;0;-15.565185546875;-12.96435546875;0;0;0;0;0;0;82.6611328125;1;0;0;0;0;5000;0;0;0;1;1;1;1;0;0;0
35000;10;1;0;1;0;1;0;-100;-15.565185546875;-12.96435546875;0;0;0;0;1;0;20;0;0;-15.565185546875;-12.96435546875;0;0;0;0;0;0;82.6611328125;1;0;0;0;0;5000;0;0;0;1;1;1;1;0;0;0
35100;10;1;0;1;0;1;0;-100;-15.565185546875;-12.96435546875;0;0;0;0;1;0;20;0;0;-15.565185546875;-12.96435546875;0;0;0;0;0;0;82.6611328125;1;0;0;0;0;5000;0;0;0;1;1;1;1;0;0;0
35200;10;1;0;1;0;1;0;-100;-15.565185546875;-12.96435546875;0;0;0;0;1;0;20;0;0;-15.565185546875;-12.96435546875;0;0;0;0;0;0;82.6611328125;1;0;0;0;0;5000;0;0;0;1;1;1;1;0;0;0
35300;10;1;0;1;0;1;0;-100;-15.565185546875;-12.96435546875;0;0;0;0;1;0;20;0;0;-15.565185546875;-12.96435546875;0;0;0;0;0;0;82.6611328125;1;0;0;0;0;5000;0;0;0;1;1;1;1;0;0;0
35401;10;1;0;1;0;1;0;-100;-15.565185546875;-12.96435546875;0;0;0;0;1;0;20;0;0;-15.565185546875;-12.96435546875;0;0;0;0;0;0;82.6611328125;1;0;0;0;0;5000;0;0;0;1;1;1;1;0;0;0
35501;10;1;0;1;0;1;0;-100;-15.565185546875;-12.96435546875;0;0;0;0;1;0;20;0;0;-15.565185546875;-12.96435546875;0;0;0;0;0;0;82.6611328125;1;0;0;0;0;5000;0;0;0;1;1;1;1;0;0;0
35601;10;1;0;1;0;1;0;-100;-15.565185546875;-12.96435546875;0;0;0;0;1;0;20;0;0;-15.565185546875;-12.96435546875;0;0;0;0;0;0;82.6611328125;1;0;0;0;0;5000;0;0;0;1;1;1;1;0;0;0
35701;10;1;0;1;0;1;0;-100;-15.565185546875;-12.96435546875;0;0;0;0;1;0;20;0;0;-15.565185546875;-12.96435546875;0;0;0;0;0;0;82.6611328125;1;0;0;0;0;5000;0;0;0;1;1;1;1;0;0;0
35801;10;1;0;1;0;1;0;-100;-15.565185546875;-12.96435546875;0;0;0;0;1;0;20;0;0;-15.565185546875;-12.96435546875;0;0;0;0;0;0;82.6611328125;1;0;0;0;0;5000;0;0;0;1;1;1;1;0;0;0
35902;10;1;0;1;0;1;0;-100;-15.565185546875;-12.96435546875;0;0;0;0;1;0;20;0;0;-15.565185546875;-12.96435546875;0;0;0;0;0;0;82.6611328125;1;0;0;0;0;5000;0;0;0;1;1;1;1;0;0;0
36002;10;1;0;1;0;1;0;-100;-15.565185546875;-12.96435546875;0;0;0;0;1;0;20;0;0;-15.565185546875;-12.96435546875;0;0;0;0;0;0;82.6611328125;1;0;0;0;0;5000;0;0;0;1;1;1;1;0;0;0
36103;10;1;0;1;0;1;0;-100;-15.565185546875;-12.96435546875;0;0;0;0;1;0;20;0;0;-15.565185546875;-12.96435546875;0;0;0;0;0;0;82.6611328125;1;0;0;0;0;5000;0;0;0;1;1;1;1;0;0;0
36205;10;1;0;1;0;1;0;-55;-15.565185546875;-12.96435546875;0;0;0;0;1;0;20;0;0;-15.565185546875;-12.96435546875;0;0;0;0;0;0;82.6611328125;1;0;0;0;0;5000;2250;0;0;1;1;1;1;0;0;0
36303;10;1;1;0;0;1;1;0;-15.565185546875;-12.96435546875;0;0;0;0;1;0;20;0;0;-15.565185546875;-12.96435546875;0;0;0;0;0;0;82.6611328125;1;0;0;0;0;5000;4750;0;0;1;1;1;1;0;0;0
36405;10;1;1;0;0;1;1;0;-15.565185546875;-12.96435546875;0;0;0;0;1;0;20;0;0;-15.565185546875;-12.96435546875;0;0;0;0;0;0;82.6611328125;1;0;0;0;0;5000;5000;0;0;1;1;1;1;0;0;0
36507;10;1;1;0;0;0;1;0;-15.565185546875;-12.96435546875;0;0;0;0;1;0;20;0;0;-15.565185546875;-12.96435546875;0;0;0;0;0;0;82.6611328125;1;0;0;0;0;5000;5000;0;0;1;1;1;1;0;0;0
36607;10;1;1;0;0;0;1;0;-15.565185546875;-12.96435546875;0;0;0;0;1;0;20;0;0;-15.565185546875;-12.96435546875;0;0;0;0;0;0;82.6611328125;1;0;0;0;0;5000;5000;0;0;1;1;1;1;0;0;0
36708;10;1;1;0;0;0;1;0;-15.565185546875;-12.96435546875;0;0;0;0;1;0;20;0;0;-15.565185546875;-12.96435546875;0;0;0;0;0;0;82.6611328125;1;0;0;0;0;5000;5000;0;0;1;1;1;1;0;0;0
36810;10;1;1;0;0;0;1;0;-15.565185546875;-12.96435546875;0;0;0;0;1;0;20;0;0;-15.565185546875;-12.96435546875;0;0;0;0;0;0;82.6611328125;1;0;0;0;0;5000;5000;0;0;1;1;1;1;0;0;0
36911;10;1;1;0;0;0;1;0;-15.565185546875;-12.96435546875;0;0;0;0;1;0;20;0;0;-15.565185546875;-12.96435546875;0;0;0;0;0;0;82.6611328125;1;0;0;0;0;5000;5000;0;0;1;1;1;1;0;0;0
37010;10;1;1;0;0;0;1;0;-15.565185546875;-12.96435546875;0;0;0;0;1;0;20;0;0;-15.565185546875;-12.96435546875;0;0;0;0;0;0;82.6611328125;1;0;0;0;0;5000;5000;0;0;1;1;1;1;0;0;0
37111;10;1;1;0;0;0;1;0;-15.565185546875;-12.96435546875;0;0;0;0;1;0;20;0;0;-15.565185546875;-12.96435546875;0;0;0;0;0;0;82.6611328125;1;0;0;0;0;5000;5000;0;0;1;1;1;1;0;0;0
37212;10;1;1;0;0;0;1;0;-15.565185546875;-12.96435546875;0;0;0;0;1;0;20;0;0;-15.565185546875;-12.96435546875;0;0;0;0;0;0;82.6611328125;1;0;0;0;0;5000;5000;0;0;1;1;1;1;0;0;0
37313;10;1;1;0;0;0;1;0;-15.565185546875;-12.96435546875;0;0;0;0;1;0;20;0;0;-15.565185546875;-12.96435546875;0;0;0;0;0;0;82.6611328125;1;0;0;0;0;5000;5000;0;0;1;1;1;1;0;0;0
37413;10;1;1;0;0;0;1;0;-15.565185546875;-12.96435546875;0;0;0;0;1;0;20;0;0;-15.565185546875;-12.96435546875;0;0;0;0;0;0;82.6611328125;1;0;0;0;0;5000;5000;0;0;1;1;1;1;0;0;0
37514;10;1;1;0;0;0;1;0;-15.565185546875;-12.96435546875;0;0;0;0;1;0;20;0;0;-15.565185546875;-12.96435546875;0;0;0;0;0;0;82.6611328125;1;0;0;0;0;5000;5000;0;0;1;1;1;1;0;0;0
37614;10;1;1;0;0;0;1;0;-15.565185546875;-12.96435546875;0;0;0;0;1;0;20;0;0;-15.565185546875;-12.96435546875;0;0;0;0;0;0;82.6611328125;1;0;0;0;0;5000;5000;0;0;1;1;1;1;0;0;0
37715;10;1;1;0;0;0;1;0;-15.565185546875;-12.96435546875;0;0;0;0;1;0;20;0;0;-15.565185546875;-12.96435546875;0;0;0;0;0;0;82.6611328125;1;0;0;0;0;5000;5000;0;0;1;1;1;1;0;0;0
37816;10;1;1;0;0;0;1;0;-15.565185546875;-12.96435546875;0;0;0;0;1;0;20;0;0;-15.565185546875;-12.96435546875;0;0;0;0;0;0;82.6611328125;1;0;0;0;0;5000;5126;0;0;1;1;1;1;0;0;0
37916;10;1;0;1;0;1;0;7;-15.565185546875;-12.96435546875;0;0;0;0;1;0;20;0;0;-15.565185546875;-12.96435546875;0;0;0;0;0;0;82.6611328125;1;0;0;0;0;5000;5333;0;0;1;1;1;1;0;0;0
38016;10;1;0;1;0;1;0;13;-15.565185546875;-12.96435546875;0;0;0;0;1;0;20;0;0;-15.565185546875;-12.96435546875;0;0;0;0;0;0;82.6611328125;1;0;0;0;0;5000;5658;0;0;1;1;1;1;0;0;0
38115;10;1;0;1;0;1;0;21;-15.565185546875;-12.96435546875;0;0;0;0;1;0;20;0;0;-15.565185546875;-12.96435546875;0;0;0;0;0;0;82.6611328125;1;0;0;0;0;5000;6036;0;0;1;1;1;1;0;0;0
38216;10;1;0;1;0;1;0;31;-15.565185546875;-12.96435546875;0;0;0;0;1;0;20;0;0;-15.565185546875;-12.96435546875;0;0;0;0;0;0;82.6611328125;1;0;0;0;0;5000;6551;0;0;1;1;1;1;0;0;0
38315;10;1;0;1;0;1;0;34;-15.565185546875;-12.96435546875;0;0;0;0;1;0;20;0;0;-15.565185546875;-12.96435546875;0;0;0;0;0;0;82.6611328125;1;0;0;0;0;5000;6700;0;0;1;1;1;1;0;0;0
38416;10;1;0;1;0;1;0;38;-15.565185546875;-12.96435546875;0;0;0;0;1;0;20;0;0;-15.565185546875;-12.96435546875;0;0;0;0;0;0;82.6611328125;1;0;0;0;0;5000;6880;0;0;1;1;1;1;0;0;0
38517;10;1;0;1;0;1;0;44;-15.565185546875;-12.96435546875;0;0;0;0;1;0;20;0;0;-15.565185546875;-12.96435546875;0;0;0;0;0;0;82.6611328125;1;0;0;0;0;5000;7175;0;0;1;1;1;1;0;0;0
38616;10;1;0;1;0;1;0;51;-15.565185546875;-12.96435546875;0;0;0;0;1;0;20;0;0;-15.565185546875;-12.96435546875;0;0;0;0;0;0;82.6611328125;1;0;0;0;0;5000;7526;0;0;1;1;1;1;0;0;0
38716;10;1;0;1;0;1;0;59;-15.565185546875;-12.954345703125;0;1;0;0;1;0;20;1;1;-15.565185546875;-12.954345703125;0;1;0;0;0;0;82.594398498535156;1;0;0;0;0;5000;7958;0;0;1;0;1;1;0;0;0
38815;10;1;0;1;0;1;0;66;-15.565185546875;-12.854248046875;0;1;0;0;1;0;20;1;1;-15.565185546875;-12.854248046875;0;1;0;0;0;0;81.927085876464844;1;0;0;0;0;5000;8283;0;0;1;0;1;1;0;0;0
38917;10;1;0;1;0;1;0;69;-15.565185546875;-12.754150390625;0;1;0;0;1;0;20;1;1;-15.565185546875;-12.754150390625;0;1;0;0;0;0;81.259765625;1;0;0;0;0;5000;8458;0;0;1;0;1;1;0;0;0
39017;10;1;0;1;0;1;0;74;-15.565185546875;-12.6640625;0;1;0;0;1;0;20;1;1;-15.565185546875;-12.6640625;0;1;0;0;0;0;80.6591796875;1;0;0;0;0;5000;8701;0;0;1;0;1;1;0;0;0
39119;10;1;0;1;0;1;0;81;-15.565185546875;-12.56396484375;0;1;0;0;1;0;20;1;1;-15.565185546875;-12.56396484375;0;1;0;0;0;0;79.991859436035156;1;0;0;0;0;5000;9066;0;0;1;0;1;1;0;0;0
39219;10;1;0;1;0;1;0;90;-15.565185546875;-12.473876953125;0;1;0;0;1;0;20;1;1;-15.565185546875;-12.473876953125;0;1;0;0;0;0;79.391273498535156;1;0;0;0;0;5000;9480;0;0;1;0;1;1;0;0;0
39319;10;1;0;1;0;1;0;98;-15.565185546875;-12.3837890625;0;1;0;0;1;0;20;1;1;-15.565185546875;-12.3837890625;0;1;0;0;0;0;78.790687561035156;1;0;0;0;0;5000;9875;0;0;1;0;1;1;0;0;0
39420;10;1;0;1;0;1;0;100;-15.565185546875;-12.28369140625;0;2;0;0;1;0;20;1;1;-15.565185546875;-12.28369140625;0;1;0;0;0;0;78.123374938964844;1;0;0;0;0;5000;10000;0;0;1;0;1;1;0;0;0
39521;10;1;0;1;0;1;0;100;-15.565185546875;-12.171630859375;0;2;0;0;1;0;20;1;1;-15.565185546875;-12.171630859375;0;1;0;0;0;0;77.376304626464844;1;0;0;0;0;5000;10000;0;0;1;0;1;1;0;0;0
39622;10;1;0;1;0;1;0;100;-15.565185546875;-12.047119140625;0;2;0;0;1;0;20;1;1;-15.565185546875;-12.047119140625;0;1;0;0;0;0;76.546226501464844;1;0;0;0;0;5000;10000;0;0;1;0;1;1;0;0;0
39723;10;1;0;1;0;1;0;100;-15.565185546875;-11.93505859375;0;2;0;0;1;0;20;1;1;-15.565185546875;-11.93505859375;0;1;0;0;0;0;75.799156188964844;1;0;0;0;0;5000;10000;0;0;1;0;1;1;0;0;0
39823;10;1;0;1;0;1;0;100;-15.565185546875;-11.810546875;0;2;0;0;1;0;20;1;1;-15.565185546875;-11.810546875;0;1;0;1;0;0;74.969078063964844;1;0;0;0;0;5000;10000;0;0;1;0;1;1;0;0;0
39924;10;1;0;1;0;1;0;100;-15.565185546875;-11.698486328125;0;2;0;0;1;0;20;1;1;-15.565185546875;-11.698486328125;0;1;0;1;0;0;74.222007751464844;1;0;0;0;0;5000;10000;0;0;1;0;1;1;0;0;0
40022;10;1;0;1;0;1;0;100;-15.565185546875;-11.58642578125;0;2;0;0;1;0;20;1;1;-15.565185546875;-11.58642578125;0;1;0;1;0;0;73.474937438964844;1;0;0;0;0;5000;10000;0;0;1;0;1;1;0;0;0
40124;10;1;0;1;0;1;0;100;-15.565185546875;-11.4619140625;0;2;0;0;1;0;20;1;1;-15.565185546875;-11.4619140625;0;1;0;1;0;0;72.644859313964844;1;0;0;0;0;5000;10000;0;0;1;0;1;1;0;0;0
40225;10;1;0;1;0;1;0;100;-15.565185546875;-11.349853515625;0;2;0;0;1;0;20;1;1;-15.565185546875;-11.349853515625;0;1;0;1;0;0;71.897789001464844;1;0;0;0;0;5000;10000;0;0;1;0;1;1;0;0;0
40326;10;1;0;1;0;1;0;100;-15.565185546875;-11.225341796875;0;2;0;0;1;0;20;1;1;-15.565185546875;-11.225341796875;0;1;0;1;0;0;71.067710876464844;1;0;0;0;0;5000;10000;0;0;1;0;1;1;0;0;0
40426;10;1;0;1;0;1;0;100;-15.565185546875;-11.11328125;0;2;0;0;1;0;20;1;1;-15.565185546875;-11.11328125;0;1;0;1;0;0;70.320640563964844;1;0;0;0;0;5000;10000;0;0;1;0;1;1;0;0;0
40528;10;1;0;1;0;1;0;100;-15.565185546875;-10.98876953125;0;2;0;0;1;0;20;1;1;-15.565185546875;-10.98876953125;0;1;0;1;0;0;69.490562438964844;1;0;0;0;0;5000;10000;0;0;1;0;1;1;0;0;0
40628;10;1;0;1;0;1;0;100;-15.565185546875;-10.876708984375;0;2;0;0;1;0;20;1;1;-15.565185546875;-10.876708984375;0;1;0;1;0;0;68.743492126464844;1;0;0;0;0;5000;10000;0;0;1;0;1;1;0;0;0
40730;10;1;0;1;0;1;0;100;-15.565185546875;-10.752197265625;0;2;0;0;1;0;20;1;1;-15.565185546875;-10.752197265625;0;1;0;1;0;0;67.913414001464844;1;0;0;0;0;5000;10000;0;0;1;0;1;1;0;0;0
40829;10;1;0;1;0;1;0;100;-15.565185546875;-10.64013671875;0;2;0;0;1;0;20;1;1;-15.565185546875;-10.64013671875;0;1;0;1;0;0;67.166343688964844;1;0;0;0;0;5000;10000;0;0;1;0;1;1;0;0;0
40930;10;1;0;1;0;1;0;100;-15.565185546875;-10.515625;0;2;0;0;1;0;20;1;1;-15.565185546875;-10.515625;0;1;0;1;0;0;66.336265563964844;1;0;0;0;0;5000;10000;0;0;1;0;1;1;0;0;0
41029;10;1;0;1;0;1;0;100;-15.565185546875;-10.39111328125;0;2;0;0;1;0;20;1;1;-15.565185546875;-10.39111328125;0;1;0;1;0;0;65.506187438964844;1;0;0;0;0;5000;10000;0;0;1;0;1;1;0;0;0
41129;10;1;0;1;0;1;0;100;-15.565185546875;-10.279052734375;0;2;0;0;1;0;20;1;1;-15.565185546875;-10.279052734375;0;1;0;1;0;0;64.759117126464844;1;0;0;0;0;5000;10000;0;0;1;0;1;1;0;0;0
41229;10;1;0;1;0;1;0;100;-15.565185546875;-10.154541015625;0;2;0;0;1;0;20;1;1;-15.565185546875;-10.154541015625;0;1;0;1;0;0;63.929035186767578;1;0;0;0;0;5000;10000;0;0;1;0;1;1;0;0;0
41331;10;1;0;1;0;1;0;100;-15.565185546875;-10.04248046875;0;2;0;0;1;0;20;1;1;-15.565185546875;-10.04248046875;0;1;0;1;0;0;63.181964874267578;1;0;0;0;0;5000;10000;0;0;1;0;1;1;0;0;0
41430;10;1;0;1;0;1;0;100;-15.565185546875;-9.930419921875;0;2;0;0;1;0;20;1;1;-15.565185546875;-9.930419921875;0;1;0;1;0;0;62.434894561767578;1;0;0;0;0;5000;10000;0;0;1;0;1;1;0;0;0
41532;10;1;0;1;0;1;0;100;-15.565185546875;-9.805908203125;0;2;0;0;1;0;20;1;1;-15.565185546875;-9.805908203125;0;1;0;1;0;0;61.604816436767578;1;0;0;0;0;5000;10000;0;0;1;0;1;1;0;0;0
41631;10;1;0;1;0;1;0;100;-15.565185546875;-9.69384765625;0;2;0;0;1;0;20;1;1;-15.565185546875;-9.69384765625;0;1;0;1;0;0;60.857746124267578;1;0;0;0;0;5000;10000;0;0;1;0;1;1;0;0;0
41732;10;1;0;1;0;1;0;100;-15.565185546875;-9.581787109375;0;2;0;0;1;0;20;1;1;-15.565185546875;-9.581787109375;0;1;0;1;0;0;60.110675811767578;1;0;0;0;0;5000;10000;0;0;1;0;1;1;0;0;0
41832;10;1;0;1;0;1;0;100;-15.565185546875;-9.457275390625;0;2;0;0;1;0;20;1;1;-15.565185546875;-9.457275390625;0;1;0;1;0;0;59.280597686767578;1;0;0;0;0;5000;10000;0;0;1;0;1;1;0;0;0
41933;10;1;0;1;0;1;0;100;-15.565185546875;-9.34521484375;0;2;0;0;1;0;20;1;1;-15.565185546875;-9.34521484375;0;1;0;1;0;0;58.533527374267578;1;0;0;0;0;5000;10000;0;0;1;0;1;1;0;0;0
42032;10;1;0;1;0;1;0;100;-15.565185546875;-9.220703125;0;2;0;0;1;0;20;1;1;-15.565185546875;-9.220703125;0;1;0;1;0;0;57.703449249267578;1;0;0;0;0;5000;10000;0;0;1;0;1;1;0;0;0
42133;10;1;0;1;0;1;0;100;-15.565185546875;-9.108642578125;0;2;0;0;1;0;20;1;1;-15.565185546875;-9.108642578125;0;1;0;1;0;0;56.956378936767578;1;0;0;0;0;5000;10000;0;0;1;0;1;1;0;0;0
42233;10;1;0;1;0;1;0;100;-15.565185546875;-8.99658203125;0;2;0;0;1;0;20;1;1;-15.565185546875;-8.99658203125;0;1;0;1;0;0;56.209308624267578;1;0;0;0;0;5000;10000;0;0;1;0;1;1;0;0;0
42333;10;1;0;1;0;1;0;100;-15.565185546875;-8.8720703125;0;2;0;0;1;0;20;1;1;-15.565185546875;-8.8720703125;0;1;0;1;0;0;55.379230499267578;1;0;0;0;0;5000;10000;0;0;1;0;1;1;0;0;0
42434;10;1;0;1;0;1;0;100;-15.565185546875;-8.760009765625;0;2;0;0;1;0;20;1;1;-15.565185546875;-8.760009765625;0;1;0;1;0;0;54.632160186767578;1;0;0;0;0;5000;10000;0;0;1;0;1;1;0;0;0
42535;10;1;0;1;0;1;0;100;-15.565185546875;-8.635498046875;0;2;0;0;1;0;20;1;1;-15.565185546875;-8.635498046875;0;1;0;1;0;0;53.802082061767578;1;0;0;0;0;5000;10000;0;0;1;0;1;1;0;0;0
42636;10;1;0;1;0;1;0;100;-15.565185546875;-8.5234375;0;2;0;0;1;0;20;1;1;-15.565185546875;-8.5234375;0;1;0;1;0;0;53.055011749267578;1;0;0;0;0;5000;10000;0;0;1;0;1;1;0;0;0
42737;10;1;0;1;0;1;0;100;-15.565185546875;-8.411376953125;0;2;0;0;1;0;20;1;1;-15.565185546875;-8.411376953125;0;1;0;1;0;0;52.307941436767578;1;0;0;0;0;5000;10000;0;0;1;0;1;1;0;0;0
42837;10;1;0;1;0;1;0;100;-15.565185546875;-8.286865234375;0;2;0;0;1;0;20;1;1;-15.565185546875;-8.286865234375;0;1;0;1;0;0;51.477863311767578;1;0;0;0;0;5000;10000;0;0;1;0;1;1;0;0;0
42939;10;1;0;1;0;1;0;100;-15.565185546875;-8.1748046875;0;2;0;0;1;0;20;1;1;-15.565185546875;-8.1748046875;0;1;0;1;0;0;50.730792999267578;1;0;0;0;0;5000;10000;0;0;1;0;1;1;0;0;0
43039;10;1;0;1;0;1;0;100;-15.565185546875;-8.05029296875;0;2;0;0;1;0;20;1;1;-15.565185546875;-8.05029296875;0;1;0;1;0;0;49.900714874267578;1;0;0;0;0;5000;10000;0;0;1;0;1;1;0;0;0
43139;10;1;0;1;0;1;0;100;-15.565185546875;-7.938232421875;0;2;0;0;1;0;20;1;1;-15.565185546875;-7.938232421875;0;1;0;1;0;0;49.153644561767578;1;0;0;0;0;5000;10000;0;0;1;0;1;1;0;0;0
43241;10;1;0;1;0;1;0;100;-15.565185546875;-7.813720703125;0;2;0;0;1;0;20;1;1;-15.565185546875;-7.813720703125;0;1;0;1;0;0;48.323566436767578;1;0;0;0;0;5000;10000;0;0;1;0;1;1;0;0;0
43342;10;1;0;1;0;1;0;100;-15.565185546875;-7.689208984375;0;2;0;0;1;0;20;1;1;-15.565185546875;-7.689208984375;0;1;0;1;0;0;47.493488311767578;1;0;0;0;0;5000;10000;0;0;1;0;1;1;0;0;0
43442;10;1;0;1;0;1;0;100;-15.565185546875;-7.5771484375;0;2;0;0;1;0;20;1;1;-15.565185546875;-7.5771484375;0;1;0;1;0;0;46.746417999267578;1;0;0;0;0;5000;10000;0;0;1;0;1;1;0;0;0
43541;10;1;0;1;0;1;0;100;-15.565185546875;-7.45263671875;0;2;0;0;1;0;20;1;1;-15.565185546875;-7.45263671875;0;1;0;1;0;0;45.916339874267578;1;0;0;0;0;5000;10000;0;0;1;0;1;1;0;0;0
43642;10;1;0;1;0;1;0;100;-15.565185546875;-7.340576171875;0;2;0;0;1;0;20;1;1;-15.565185546875;-7.340576171875;0;1;0;1;0;0;45.169269561767578;1;0;0;0;0;5000;10000;0;0;1;0;1;1;0;0;0
43742;10;1;0;1;0;1;0;100;-15.565185546875;-7.228515625;0;2;0;0;1;0;20;1;1;-15.565185546875;-7.228515625;0;1;0;1;0;0;44.422199249267578;1;0;0;0;0;5000;10000;0;0;1;0;1;1;0;0;0
43844;10;1;0;1;0;1;0;100;-15.565185546875;-7.10400390625;0;2;0;0;1;0;20;1;1;-15.565185546875;-7.10400390625;0;1;0;1;0;0;43.592121124267578;1;0;0;0;0;5000;10000;0;0;1;0;1;1;0;0;0
43943;10;1;0;1;0;1;0;100;-15.565185546875;-6.991943359375;0;2;0;0;1;0;20;1;1;-15.565185546875;-6.991943359375;0;1;0;1;0;0;42.845050811767578;1;0;0;0;0;5000;10000;0;0;1;0;1;1;0;0;0
44044;10;1;0;1;0;1;0;100;-15.565185546875;-6.8798828125;0;2;0;0;1;0;20;1;1;-15.565185546875;-6.8798828125;0;1;0;1;0;0;42.097980499267578;1;0;0;0;0;5000;10000;0;0;1;0;1;1;0;0;0
44144;10;1;0;1;0;1;0;100;-15.565185546875;-6.75537109375;0;2;0;0;1;0;20;1;1;-15.565185546875;-6.75537109375;0;1;0;1;0;0;41.267902374267578;1;0;0;0;0;5000;10000;0;0;1;0;1;1;0;0;0
44244;10;1;0;1;0;1;0;100;-15.565185546875;-6.643310546875;0;2;0;0;1;0;20;1;1;-15.565185546875;-6.643310546875;0;1;0;1;0;0;40.520832061767578;1;0;0;0;0;5000;10000;0;0;1;0;1;1;0;0;0
44346;10;1;0;1;0;1;0;100;-15.565185546875;-6.518798828125;0;2;0;0;1;0;20;1;1;-15.565185546875;-6.518798828125;0;1;0;1;0;0;39.690753936767578;1;0;0;0;0;5000;10000;0;0;1;0;1;1;0;0;0
44446;10;1;0;1;0;1;0;100;-15.565185546875;-6.40673828125;0;2;0;0;1;0;20;1;1;-15.565185546875;-6.40673828125;0;1;0;1;0;0;38.943683624267578;1;0;0;0;0;5000;10000;0;0;1;0;1;1;0;0;0
44547;10;1;0;1;0;1;0;100;-15.565185546875;-6.2822265625;0;2;0;0;1;0;20;1;1;-15.565185546875;-6.2822265625;0;1;0;1;0;0;38.113605499267578;1;0;0;0;0;5000;10000;0;0;1;0;1;1;0;0;0
44649;10;1;0;1;0;1;0;100;-15.565185546875;-6.170166015625;0;2;0;0;1;0;20;1;1;-15.565185546875;-6.170166015625;0;1;0;1;0;0;37.366535186767578;1;0;0;0;0;5000;10000;0;0;1;0;1;1;0;0;0
44748;10;1;0;1;0;1;0;100;-15.565185546875;-6.045654296875;0;2;0;0;1;0;20;1;1;-15.565185546875;-6.045654296875;0;1;0;1;0;0;36.536457061767578;1;0;0;0;0;5000;10000;0;0;1;0;1;1;0;0;0
44849;10;1;0;1;0;1;0;100;-15.565185546875;-5.93359375;0;2;0;0;1;0;20;1;1;-15.565185546875;-5.93359375;0;1;0;1;0;0;35.789386749267578;1;0;0;0;0;5000;10000;0;0;1;0;1;1;0;0;0
44949;10;1;0;1;0;1;0;100;-15.565185546875;-5.80908203125;0;2;0;0;1;0;20;1;1;-15.565185546875;-5.80908203125;0;1;0;1;0;0;34.959308624267578;1;0;0;0;0;5000;10000;0;0;1;0;1;1;0;0;0
45050;10;1;0;1;0;1;0;100;-15.565185546875;-5.697021484375;0;2;0;0;1;0;20;1;1;-15.565185546875;-5.697021484375;0;1;0;1;0;0;34.212238311767578;1;0;0;0;0;5000;10000;0;0;1;0;1;1;0;0;0
45149;10;1;0;1;0;1;0;100;-15.565185546875;-5.572509765625;0;2;0;0;1;0;20;1;1;-15.565185546875;-5.572509765625;0;1;0;1;0;0;33.382160186767578;1;0;0;0;0;5000;10000;0;0;1;0;1;1;0;0;0
45251;10;1;0;1;0;1;0;100;-15.565185546875;-5.46044921875;0;2;0;0;1;0;20;1;1;-15.565185546875;-5.46044921875;0;1;0;1;0;0;32.635089874267578;1;0;0;0;0;5000;10000;0;0;1;0;1;1;0;0;0
45350;10;1;0;1;0;1;0;100;-15.565185546875;-5.3359375;0;2;0;0;1;0;20;1;1;-15.565185546875;-5.3359375;0;1;0;1;0;0;31.805013656616211;1;0;0;0;0;5000;10000;0;0;1;0;1;1;0;0;0
45452;10;1;0;1;0;1;0;100;-15.565185546875;-5.223876953125;0;2;0;0;1;0;20;1;1;-15.565185546875;-5.223876953125;0;1;0;1;0;0;31.057943344116211;1;0;0;0;0;5000;10000;0;0;1;0;1;1;0;0;0
45551;10;1;0;1;0;1;0;100;-15.565185546875;-5.099365234375;0;2;0;0;1;0;20;1;1;-15.565185546875;-5.099365234375;0;1;0;1;0;0;30.227865219116211;1;0;0;0;0;5000;10000;0;0;1;0;1;1;0;0;0
45653;10;1;0;1;0;1;0;100;-15.565185546875;-4.974853515625;0;2;0;0;1;0;20;1;1;-15.565185546875;-4.974853515625;0;1;0;1;0;0;29.397787094116211;1;0;0;0;0;5000;10000;0;0;1;0;1;1;0;0;0
45752;10;1;0;1;0;1;0;100;-15.565185546875;-4.86279296875;0;2;0;0;1;0;20;1;1;-15.565185546875;-4.86279296875;0;1;0;1;0;0;28.650716781616211;1;0;0;0;0;5000;10000;0;0;1;0;1;1;0;0;0
45855;10;1;0;1;0;1;0;100;-15.565185546875;-4.73828125;0;2;0;0;1;0;20;1;1;-15.565185546875;-4.73828125;0;1;0;1;0;0;27.820638656616211;1;0;0;0;0;5000;10000;0;0;1;0;1;1;0;0;0
45955;10;1;0;1;0;1;0;100;-15.565185546875;-4.626220703125;0;2;0;0;1;0;20;1;1;-15.565185546875;-4.626220703125;0;1;0;1;0;0;27.073568344116211;1;0;0;0;0;5000;10000;0;0;1;0;1;1;0;0;0
46058;10;1;0;1;0;1;0;100;-15.565185546875;-4.501708984375;0;2;0;0;1;0;20;1;1;-15.565185546875;-4.501708984375;0;1;0;1;0;0;26.243490219116211;1;0;0;0;0;5000;10000;0;0;1;0;1;1;0;0;0
46158;10;1;0;1;0;1;0;100;-15.565185546875;-4.3896484375;0;2;0;0;1;0;20;1;1;-15.565185546875;-4.3896484375;0;1;0;1;0;0;25.496419906616211;1;0;0;0;0;5000;10000;0;0;1;0;1;1;0;0;0
46259;10;1;0;1;0;1;0;100;-15.565185546875;-4.26513671875;0;2;0;0;1;0;20;1;1;-15.565185546875;-4.26513671875;0;1;0;1;0;0;24.666341781616211;1;0;0;0;0;5000;10000;0;0;1;0;1;1;0;0;0
46359;10;1;0;1;0;1;0;100;-15.565185546875;-4.140625;0;2;0;0;1;0;20;1;1;-15.565185546875;-4.153076171875;0;1;0;1;0;0;23.919271469116211;1;0;0;0;0;5000;10000;0;0;1;0;1;1;0;0;0
46460;10;1;0;1;0;1;0;100;-15.565185546875;-4.028564453125;0;2;0;0;1;0;20;1;1;-15.565185546875;-4.028564453125;0;1;0;1;0;0;23.089193344116211;1;0;0;0;0;5000;10000;0;0;1;0;1;1;0;0;0
46560;10;1;0;1;0;1;0;100;-15.565185546875;-3.904052734375;0;2;0;0;1;0;20;1;1;-15.565185546875;-3.904052734375;0;1;0;1;0;0;22.259115219116211;1;0;0;0;0;5000;10000;0;0;1;0;1;1;0;0;0
46662;10;1;0;1;0;1;0;100;-15.565185546875;-3.7919921875;0;2;0;0;1;0;20;1;1;-15.565185546875;-3.7919921875;0;1;0;1;0;0;21.512044906616211;1;0;0;0;0;5000;10000;0;0;1;0;1;1;0;0;0
46761;10;1;0;1;0;1;0;100;-15.565185546875;-3.66748046875;0;2;0;0;1;0;20;1;1;-15.565185546875;-3.66748046875;0;1;0;1;0;0;20.681966781616211;1;0;0;0;0;5000;10000;0;0;1;0;1;1;0;0;0
46863;10;1;0;1;0;1;0;100;-15.565185546875;-3.555419921875;0;2;0;0;1;0;20;1;1;-15.565185546875;-3.555419921875;0;1;0;1;0;0;19.934896469116211;1;0;0;0;0;5000;10000;0;0;1;0;1;1;0;0;0
46963;10;1;0;1;0;1;0;100;-15.565185546875;-3.430908203125;0;2;0;0;1;0;20;1;1;-15.565185546875;-3.430908203125;0;1;0;1;0;0;19.104818344116211;1;0;0;0;0;5000;10000;0;0;1;0;1;1;0;0;0
47064;10;1;0;1;0;1;0;100;-15.565185546875;-3.31884765625;0;2;0;0;1;0;20;1;1;-15.565185546875;-3.31884765625;0;1;0;1;0;0;18.357748031616211;1;0;0;0;0;5000;10000;0;0;1;0;1;1;0;0;0
47164;10;1;0;1;0;1;0;100;-15.565185546875;-3.1943359375;0;2;0;0;1;0;20;1;1;-15.565185546875;-3.1943359375;0;1;0;1;0;0;17.527669906616211;1;0;0;0;0;5000;10000;0;0;1;0;1;1;0;0;0
47266;10;1;0;1;0;1;0;100;-15.565185546875;-3.082275390625;0;2;0;0;1;0;20;1;1;-15.565185546875;-3.082275390625;0;1;0;1;0;0;16.780599594116211;1;0;0;0;0;5000;10000;0;0;1;0;1;1;0;0;0
47365;10;1;0;1;0;1;0;100;-15.565185546875;-2.97021484375;0;2;0;0;1;0;20;1;1;-15.565185546875;-2.97021484375;0;1;0;1;0;0;16.033529281616211;1;0;0;0;0;5000;10000;0;0;1;0;1;1;0;0;0
47468;10;1;0;1;0;1;0;100;-15.565185546875;-2.845703125;0;2;0;0;1;0;20;1;1;-15.565185546875;-2.845703125;0;1;0;1;0;0;15.203450202941895;1;0;0;0;0;5000;10000;0;0;1;0;1;1;0;0;0
47567;10;1;0;1;0;1;0;100;-15.565185546875;-2.72119140625;0;2;0;0;1;0;20;1;1;-15.565185546875;-2.72119140625;0;1;0;1;0;0;14.373372077941895;1;0;0;0;0;5000;10000;0;0;1;0;1;1;0;0;0
47669;10;1;0;1;0;1;0;100;-15.565185546875;-2.609130859375;0;2;0;0;1;0;20;1;1;-15.565185546875;-2.609130859375;0;1;0;1;0;0;13.626301765441895;1;0;0;0;0;5000;10000;0;0;1;0;1;1;0;0;0
47768;10;1;0;1;0;1;0;100;-15.565185546875;-2.484619140625;0;2;0;0;1;0;20;1;1;-15.565185546875;-2.484619140625;0;1;0;1;0;0;12.796223640441895;1;0;0;0;0;5000;10000;0;0;1;0;1;1;0;0;0
47870;10;1;0;1;0;1;0;100;-15.565185546875;-2.360107421875;0;2;0;0;1;0;20;1;1;-15.565185546875;-2.360107421875;0;1;0;1;0;0;11.966145515441895;1;0;0;0;0;5000;10000;0;0;1;0;1;1;0;0;0
47969;10;1;0;1;0;1;0;100;-15.565185546875;-2.248046875;0;2;0;0;1;0;20;1;1;-15.565185546875;-2.248046875;0;1;0;1;0;0;11.219075202941895;1;0;0;0;0;5000;10000;0;0;1;0;1;1;0;0;0
48070;10;1;0;1;0;1;0;100;-15.565185546875;-2.12353515625;0;2;0;0;1;0;20;1;1;-15.565185546875;-2.12353515625;0;1;0;1;0;0;10.388997077941895;1;0;0;0;0;5000;10000;0;0;1;0;1;1;0;0;0
48169;10;1;0;1;0;1;0;100;-15.565185546875;-2.011474609375;0;2;0;0;1;0;20;1;1;-15.565185546875;-2.011474609375;0;1;0;1;0;0;9.6419267654418945;1;0;0;0;0;5000;10000;0;0;1;0;1;1;0;0;0
48270;10;1;0;1;0;1;0;100;-15.565185546875;-1.8994140625;0;2;0;0;1;0;20;1;1;-15.565185546875;-1.8994140625;0;1;0;1;0;0;8.8948564529418945;1;0;0;0;0;5000;10000;0;0;1;0;1;1;0;0;0
48371;10;1;0;1;0;1;0;100;-15.565185546875;-1.77490234375;0;2;0;0;1;0;20;1;1;-15.565185546875;-1.77490234375;0;1;0;1;0;0;8.0647783279418945;1;0;0;0;0;5000;10000;0;0;1;0;1;1;0;0;0
48471;11;1;0;1;0;1;0;100;-15.565185546875;-1.677490234375;0;0;0;0;1;0;20;0;0;-15.565185546875;-16.677490234375;0;0;0;0;0;0;7.4153647422790527;1;0;0;0;0;5000;10000;0;0;1;1;1;1;0;0;0
48573;11;1;0;1;0;1;0;100;-15.565185546875;-1.577392578125;0;0;0;0;1;0;20;0;0;-15.565185546875;-16.577392578125;0;0;0;0;0;0;6.748046875;1;0;0;0;0;5000;10000;0;0;1;1;1;1;0;0;0
48673;11;1;0;1;0;1;0;100;-15.565185546875;-1.477294921875;0;0;0;0;1;0;20;0;0;-15.565185546875;-16.477294921875;0;0;0;0;0;0;6.0807290077209473;1;0;0;0;0;5000;10000;0;0;1;1;1;1;0;0;0
48774;11;1;0;1;0;1;0;100;-15.565185546875;-1.437255859375;0;0;0;0;1;0;20;0;0;-15.565185546875;-16.437255859375;0;0;0;0;0;0;5.8138022422790527;1;0;0;0;0;5000;10000;0;0;1;1;1;1;0;0;0
48874;11;1;0;1;0;1;0;100;-15.565185546875;-1.437255859375;0;0;0;0;1;0;20;0;0;-15.565185546875;-16.437255859375;0;0;0;0;0;0;5.8138022422790527;1;0;0;0;0;5000;10000;0;0;1;1;1;1;0;0;0
48975;11;1;0;1;0;1;0;100;-15.565185546875;-1.437255859375;0;0;0;0;1;0;20;0;0;-15.565185546875;-16.437255859375;0;0;0;0;0;0;5.8138022422790527;1;0;0;0;0;5000;10000;0;0;1;1;1;1;0;0;0
49075;11;1;0;1;0;1;0;100;-15.565185546875;-1.437255859375;0;0;0;0;1;0;20;0;0;-15.565185546875;-16.437255859375;0;0;0;0;0;0;5.8138022422790527;1;0;0;0;0;5000;10000;0;0;1;1;1;1;0;0;0
49176;11;1;0;1;0;1;0;100;-15.565185546875;-1.437255859375;0;0;0;0;1;0;20;0;0;-15.565185546875;-16.437255859375;0;0;0;0;0;0;5.8138022422790527;1;0;0;0;0;5000;10000;0;0;1;1;1;1;0;0;0
49276;11;1;0;1;0;1;0;100;-15.505126953125;-1.377197265625;1;1;0;0;1;0;20;1;1;-15.505126953125;-16.377197265625;1;1;0;0;0;0;5.8138022422790527;1;0;0;0;0;5000;10000;0;0;0;0;0;1;0;0;0
49378;11;1;0;1;0;1;0;100;-15.4150390625;-1.287109375;1;1;0;0;1;0;20;1;1;-15.4150390625;-16.287109375;1;1;0;0;0;0;5.8138022422790527;1;0;0;0;0;5000;10000;0;0;0;0;0;1;0;0;0
49478;11;1;0;1;0;1;0;100;-15.31494140625;-1.18701171875;1;1;0;0;1;0;20;1;1;-15.31494140625;-16.18701171875;1;1;0;0;0;0;5.8138022422790527;1;0;0;0;0;5000;10000;0;0;0;0;0;1;0;0;0
49579;11;1;0;1;0;1;0;100;-15.21484375;-1.0869140625;1;1;0;0;1;0;20;1;1;-15.21484375;-16.0869140625;1;1;0;0;0;0;5.8138022422790527;1;0;0;0;0;5000;10000;0;0;0;0;0;1;0;0;0
49680;11;1;0;1;0;1;0;100;-15.124755859375;-0.996826171875;1;1;0;0;1;0;20;1;1;-15.124755859375;-15.996826171875;1;1;0;0;0;0;5.8138022422790527;1;0;0;0;0;5000;10000;0;0;0;0;0;1;0;0;0
49780;11;1;0;1;0;1;0;100;-15.03466796875;-0.90673828125;1;1;0;0;1;0;20;1;1;-15.03466796875;-15.90673828125;1;1;0;0;0;0;5.8138022422790527;1;0;0;0;0;5000;10000;0;0;0;0;0;1;0;0;0
49880;11;1;0;1;0;1;0;100;-14.944580078125;-0.816650390625;1;1;0;0;1;0;20;1;1;-14.944580078125;-15.816650390625;1;1;0;0;0;0;5.8138022422790527;1;0;0;0;0;5000;10000;0;0;0;0;0;1;0;0;0
49982;11;1;0;1;0;1;0;100;-14.832275390625;-0.704345703125;2;2;0;0;1;0;20;1;1;-14.832275390625;-15.704345703125;1;1;0;0;0;0;5.8138022422790527;1;0;0;0;0;5000;10000;0;0;0;0;0;1;0;0;0
50081;11;1;0;1;0;1;0;100;-14.707763671875;-0.579833984375;2;2;0;0;1;0;20;1;1;-14.707763671875;-15.579833984375;1;1;0;0;0;0;5.8138022422790527;1;0;0;0;0;5000;10000;0;0;0;0;0;1;0;0;0
50183;11;1;0;1;0;1;0;100;-14.595703125;-0.4677734375;2;2;0;0;1;0;20;1;1;-14.595703125;-15.4677734375;1;1;0;0;0;0;5.8138022422790527;1;0;0;0;0;5000;10000;0;0;0;0;0;1;0;0;0
50283;11;1;0;1;0;1;0;100;-14.47119140625;-0.34326171875;2;2;0;0;1;0;20;1;1;-14.47119140625;-15.34326171875;1;1;0;0;0;0;5.8138022422790527;1;0;0;0;0;5000;10000;0;0;0;0;0;1;0;0;0
50384;11;1;0;1;0;1;0;100;-14.3466796875;-0.21875;2;2;0;0;1;0;20;1;1;-14.3466796875;-15.21875;1;1;1;1;0;0;5.8138022422790527;1;0;0;0;0;5000;10000;0;0;0;0;0;1;0;0;0
50483;11;1;0;1;0;1;0;100;-14.234619140625;-0.106689453125;2;2;0;0;1;0;20;1;1;-14.234619140625;-15.106689453125;1;1;1;1;0;0;5.8138022422790527;1;0;0;0;0;5000;10000;0;0;0;0;0;1;0;0;0
50585;11;1;0;1;0;1;0;100;-14.110107421875;0.017822265625;2;2;0;0;1;0;20;1;1;-14.110107421875;-14.982177734375;1;1;1;1;0;0;5.8138022422790527;1;0;0;0;0;5000;10000;0;0;0;0;0;1;0;0;0
50685;11;1;0;1;0;1;0;100;-13.998046875;0.1298828125;2;2;0;0;1;0;20;1;1;-13.998046875;-14.8701171875;1;1;1;1;0;0;5.8138022422790527;1;0;0;0;0;5000;10000;0;0;0;0;0;1;0;0;0
50786;11;1;0;1;0;1;0;100;-13.87353515625;0.25439453125;2;2;0;0;1;0;20;1;1;-13.87353515625;-14.74560546875;1;1;1;1;0;0;5.8138022422790527;1;0;0;0;0;5000;10000;0;0;0;0;0;1;0;0;0
50886;11;1;0;1;0;1;0;100;-13.761474609375;0.366455078125;2;2;0;0;1;0;20;1;1;-13.761474609375;-14.633544921875;1;1;1;1;0;0;5.8138022422790527;1;0;0;0;0;5000;10000;0;0;0;0;0;1;0;0;0
50986;11;1;0;1;0;1;0;100;-13.636962890625;0.490966796875;2;2;0;0;1;0;20;1;1;-13.636962890625;-14.509033203125;1;1;1;1;0;0;5.8138022422790527;1;0;0;0;0;5000;10000;0;0;0;0;0;1;0;0;0
51086;12;1;0;1;0;1;0;100;-13.52490234375;0.60302734375;2;2;0;0;1;0;20;1;1;-13.52490234375;-14.39697265625;1;1;1;1;0;0;5.8138022422790527;1;0;0;0;0;5000;10000;0;0;0;0;0;1;0;0;0
51187;12;1;0;1;0;1;0;100;-13.400390625;0.7275390625;2;2;0;0;1;0;20;1;1;-13.400390625;-14.2724609375;1;1;1;1;0;0;5.8138022422790527;1;0;0;0;0;5000;10000;0;0;0;0;0;1;0;0;0
51287;12;1;0;1;0;1;0;100;-13.288330078125;0.839599609375;2;2;0;0;1;0;20;1;1;-13.288330078125;-14.160400390625;1;1;1;1;0;0;5.8138022422790527;1;0;0;0;0;5000;10000;0;0;0;0;0;1;0;0;0
51389;12;1;0;1;0;1;0;100;-13.17626953125;0.95166015625;2;2;0;0;1;0;20;1;1;-13.17626953125;-14.04833984375;1;1;1;1;0;0;5.8138022422790527;1;0;0;0;0;5000;10000;0;0;0;0;0;1;0;0;0
51489;12;1;0;1;0;1;0;100;-13.0517578125;1.076171875;2;2;0;0;1;0;20;1;1;-13.0517578125;-13.923828125;1;1;1;1;0;0;5.8138022422790527;1;0;0;0;0;5000;10000;0;0;0;0;0;1;0;0;0
51590;12;1;0;1;0;1;0;100;-12.939697265625;1.188232421875;2;2;0;0;1;0;20;1;1;-12.939697265625;-13.811767578125;1;1;1;1;0;0;5.8138022422790527;1;0;0;0;0;5000;10000;0;0;0;0;0;1;0;0;0
51690;12;1;0;1;0;1;0;100;-12.815185546875;1.312744140625;2;2;0;0;1;0;20;1;1;-12.815185546875;-13.687255859375;1;1;1;1;0;0;5.8138022422790527;1;0;0;0;0;5000;10000;0;0;0;0;0;1;0;0;0
51792;12;1;0;1;0;1;0;100;-12.6982421875;1.4296875;3;3;0;0;1;0;20;1;1;-12.6982421875;-13.5703125;1;1;1;1;0;0;5.8138022422790527;1;0;0;0;0;5000;10000;0;0;0;0;0;1;0;0;0
51891;12;1;0;1;0;1;0;100;-12.54931640625;1.57861328125;3;3;0;0;1;0;20;1;1;-12.54931640625;-13.42138671875;1;1;1;1;0;0;5.8138022422790527;1;0;0;0;0;5000;10000;0;0;0;0;0;1;0;0;0
51993;12;1;0;1;0;1;0;100;-12.415283203125;1.712646484375;3;3;0;0;1;0;20;1;1;-12.415283203125;-13.287353515625;1;1;1;1;0;0;5.8138022422790527;1;0;0;0;0;5000;10000;0;0;0;0;0;1;0;0;0
52092;12;1;0;1;0;1;0;100;-12.266357421875;1.861572265625;3;3;0;0;1;0;20;1;1;-12.28125;-13.1533203125;1;1;1;1;0;0;5.8138022422790527;1;0;0;0;0;5000;10000;0;0;0;0;0;1;0;0;0
52194;12;1;0;1;0;1;0;100;-12.13232421875;1.99560546875;3;3;0;0;1;0;20;1;1;-12.13232421875;-13.00439453125;1;1;1;1;0;0;5.8138022422790527;1;0;0;0;0;5000;10000;0;0;0;0;0;1;0;0;0
52293;12;1;0;1;0;1;0;100;-11.9833984375;2.14453125;3;3;0;0;1;0;20;1;1;-11.9833984375;-12.85546875;1;1;1;1;0;0;5.8138022422790527;1;0;0;0;0;5000;10000;0;0;0;0;0;1;0;0;0
52396;12;1;0;1;0;1;0;100;-11.83447265625;2.29345703125;3;3;0;0;1;0;20;1;1;-11.83447265625;-12.70654296875;1;1;1;1;0;0;5.8138022422790527;1;0;0;0;0;5000;10000;0;0;0;0;0;1;0;0;0
52497;12;1;0;1;0;1;0;100;-11.700439453125;2.427490234375;4;4;0;0;1;0;20;1;1;-11.700439453125;-12.572509765625;1;1;1;1;0;0;5.8138022422790527;1;0;0;0;0;5000;10000;0;0;0;0;0;1;0;0;0
52599;12;1;0;1;0;1;0;100;-11.524658203125;2.603271484375;4;4;0;0;1;0;20;1;1;-11.524658203125;-12.396728515625;1;1;1;1;0;0;5.8138022422790527;1;0;0;0;0;5000;10000;0;0;0;0;0;1;0;0;0
52698;12;1;0;1;0;1;0;100;-11.366455078125;2.761474609375;4;4;0;0;1;0;20;1;1;-11.366455078125;-12.238525390625;1;1;1;1;0;0;5.8138022422790527;1;0;0;0;0;5000;10000;0;0;0;0;0;1;0;0;0
52799;12;1;0;1;0;1;0;100;-11.190673828125;2.937255859375;4;4;0;0;1;0;20;1;1;-11.190673828125;-12.062744140625;1;1;1;1;0;0;5.8138022422790527;1;0;0;0;0;5000;10000;0;0;0;0;0;1;0;0;0
52898;12;1;0;1;0;1;0;100;-11.014892578125;3.113037109375;4;4;0;0;1;0;20;1;1;-11.014892578125;-11.886962890625;1;1;1;1;1;1;5.8138022422790527;1;0;0;0;0;5000;10000;0;0;0;0;0;1;0;0;0
53001;12;1;0;1;0;1;0;100;-10.856689453125;3.271240234375;4;4;0;0;1;0;20;1;1;-10.856689453125;-11.728759765625;1;1;1;1;1;1;5.8138022422790527;1;0;0;0;0;5000;10000;0;0;0;0;0;1;0;0;0
53100;12;1;0;1;0;1;0;100;-10.698486328125;3.429443359375;4;4;0;0;1;0;20;1;1;-10.698486328125;-11.570556640625;1;1;1;1;1;1;5.8138022422790527;1;0;0;0;0;5000;10000;0;0;0;0;0;1;0;0;0
53200;12;1;0;1;0;1;0;100;-10.540283203125;3.587646484375;4;4;0;0;1;0;20;1;1;-10.540283203125;-11.412353515625;1;1;1;1;1;1;5.8138022422790527;1;0;0;0;0;5000;10000;0;0;0;0;0;1;0;0;0
53300;12;1;0;1;0;1;0;100;-10.344970703125;3.782958984375;5;5;0;0;1;0;20;1;1;-10.344970703125;-11.217041015625;1;1;1;1;1;1;5.8138022422790527;1;0;0;0;0;5000;10000;0;0;0;0;0;1;0;0;0
53401;12;1;0;1;0;1;0;100;-10.164794921875;3.963134765625;5;5;0;0;1;0;20;1;1;-10.164794921875;-11.036865234375;1;1;1;1;1;1;5.8138022422790527;1;0;0;0;0;5000;10000;0;0;0;0;0;1;0;0;0
53502;12;1;0;1;0;1;0;100;-9.964599609375;4.163330078125;5;5;0;0;1;0;20;1;1;-9.964599609375;-10.836669921875;1;1;1;1;1;1;5.8138022422790527;1;0;0;0;0;5000;10000;0;0;0;0;0;1;0;0;0
53602;12;1;0;1;0;1;0;100;-9.784423828125;4.343505859375;5;5;0;0;1;0;20;1;1;-9.784423828125;-10.656494140625;1;1;1;1;1;1;5.8138022422790527;1;0;0;0;0;5000;10000;0;0;0;0;0;1;0;0;0
53703;12;1;0;1;0;1;0;100;-9.584228515625;4.543701171875;5;5;0;0;1;0;20;1;1;-9.584228515625;-10.456298828125;1;1;1;1;1;1;5.8138022422790527;1;0;0;0;0;5000;10000;0;0;0;0;0;1;0;0;0
53805;12;1;0;1;0;1;0;100;-9.404052734375;4.723876953125;5;5;0;0;1;0;20;1;1;-9.404052734375;-10.276123046875;1;1;1;1;1;1;5.8138022422790527;1;0;0;0;0;5000;10000;0;0;0;0;0;1;0;0;0
53905;12;1;0;1;0;1;0;100;-9.203857421875;4.924072265625;5;5;0;0;1;0;20;1;1;-9.203857421875;-10.075927734375;1;1;1;1;1;1;5.8138022422790527;1;0;0;0;0;5000;10000;0;0;0;0;0;1;0;0;0
54006;12;1;0;1;0;1;0;100;-9.003662109375;5.124267578125;5;5;0;0;1;0;20;1;1;-9.003662109375;-9.875732421875;1;1;1;1;1;1;5.8138022422790527;1;0;0;0;0;5000;10000;0;0;0;0;0;1;0;0;0
54106;12;1;0;1;0;1;0;100;-8.823486328125;5.304443359375;5;5;0;0;1;0;20;1;1;-8.823486328125;-9.695556640625;1;1;1;1;1;1;5.8138022422790527;1;0;0;0;0;5000;10000;0;0;0;0;0;1;0;0;0
54206;12;1;0;1;0;1;0;100;-8.643310546875;5.484619140625;5;5;0;0;1;0;20;1;1;-8.643310546875;-9.515380859375;1;1;1;1;1;1;5.8138022422790527;1;0;0;0;0;5000;10000;0;0;0;0;0;1;0;0;0
54308;12;1;0;1;0;1;0;100;-8.443115234375;5.684814453125;5;5;0;0;1;0;20;1;1;-8.443115234375;-9.315185546875;1;1;1;1;1;1;5.8138022422790527;1;0;0;0;0;5000;10000;0;0;0;0;0;1;0;0;0
54408;12;1;0;1;0;1;0;100;-8.262939453125;5.864990234375;5;5;0;0;1;0;20;1;1;-8.262939453125;-9.135009765625;1;1;1;1;1;1;5.8138022422790527;1;0;0;0;0;5000;10000;0;0;0;0;0;1;0;0;0
54509;12;1;0;1;0;1;0;100;-8.062744140625;6.065185546875;5;5;0;0;1;0;20;1;1;-8.062744140625;-8.934814453125;1;1;1;1;1;1;5.8138022422790527;1;0;0;0;0;5000;10000;0;0;0;0;0;1;0;0;0
54609;12;1;0;1;0;1;0;100;-7.882568359375;6.245361328125;5;5;0;0;1;0;20;1;1;-7.882568359375;-8.754638671875;1;1;1;1;1;1;5.8138022422790527;1;0;0;0;0;5000;10000;0;0;0;0;0;1;0;0;0
54710;12;1;0;1;0;1;0;100;-7.702392578125;6.425537109375;5;5;0;0;1;0;20;1;1;-7.702392578125;-8.574462890625;1;1;1;1;1;1;5.8138022422790527;1;0;0;0;0;5000;10000;0;0;0;0;0;1;0;0;0
54810;12;1;0;1;0;1;0;100;-7.502197265625;6.625732421875;5;5;0;0;1;0;20;1;1;-7.502197265625;-8.374267578125;1;1;1;1;1;1;5.8138022422790527;1;0;0;0;0;5000;10000;0;0;0;0;0;1;0;0;0
54911;12;1;0;1;0;1;0;100;-7.302001953125;6.825927734375;5;5;0;0;1;0;20;1;1;-7.302001953125;-8.174072265625;1;1;1;1;1;1;5.8138022422790527;1;0;0;0;0;5000;10000;0;0;0;0;0;1;0;0;0
55011;12;1;0;1;0;1;0;100;-7.121826171875;7.006103515625;5;5;0;0;1;0;20;1;1;-7.121826171875;-7.993896484375;1;1;1;1;1;1;5.8138022422790527;1;0;0;0;0;5000;10000;0;0;0;0;0;1;0;0;0
55112;12;1;0;1;0;1;0;100;-6.921630859375;7.206298828125;5;5;0;0;1;0;20;1;1;-6.921630859375;-7.793701171875;1;1;1;1;1;1;5.8138022422790527;1;0;0;0;0;5000;10000;0;0;0;0;0;1;0;0;0
55212;12;1;0;1;0;1;0;100;-6.741455078125;7.386474609375;5;5;0;0;1;0;20;1;1;-6.741455078125;-7.613525390625;1;1;1;1;1;1;5.8138022422790527;1;0;0;0;0;5000;10000;0;0;0;0;0;1;0;0;0
55314;12;1;0;1;0;1;0;100;-6.541259765625;7.586669921875;5;5;0;0;1;0;20;1;1;-6.541259765625;-7.413330078125;1;1;1;1;1;1;5.8138022422790527;1;0;0;0;0;5000;10000;0;0;0;0;0;1;0;0;0
55413;12;1;0;1;0;1;0;100;-6.361083984375;7.766845703125;5;5;0;0;1;0;20;1;1;-6.361083984375;-7.233154296875;1;1;1;1;1;1;5.8138022422790527;1;0;0;0;0;5000;10000;0;0;0;0;0;1;0;0;0
55515;12;1;0;1;0;1;0;100;-6.160888671875;7.967041015625;5;5;0;0;1;0;20;1;1;-6.160888671875;-7.032958984375;1;1;1;1;1;1;5.8138022422790527;1;0;0;0;0;5000;10000;0;0;0;0;0;1;0;0;0
55613;12;1;0;1;0;1;0;100;-5.980712890625;8.147216796875;5;5;0;0;1;0;20;1;1;-5.980712890625;-6.852783203125;1;1;1;1;1;1;5.8138022422790527;1;0;0;0;0;5000;10000;0;0;0;0;0;1;0;0;0
55716;12;1;0;1;0;1;0;100;-5.780517578125;8.347412109375;5;5;0;0;1;0;20;1;1;-5.780517578125;-6.652587890625;1;1;1;1;1;1;5.8138022422790527;1;0;0;0;0;5000;10000;0;0;0;0;0;1;0;0;0
55816;12;1;0;1;0;1;0;100;-5.580322265625;8.547607421875;5;5;0;0;1;0;20;1;1;-5.580322265625;-6.452392578125;1;1;1;1;1;1;5.8138022422790527;1;0;0;0;0;5000;10000;0;0;0;0;0;1;0;0;0
55916;12;1;0;1;0;1;0;100;-5.400146484375;8.727783203125;5;5;0;0;1;0;20;1;1;-5.400146484375;-6.272216796875;1;1;1;1;1;1;5.8138022422790527;1;0;0;0;0;5000;10000;0;0;0;0;0;1;0;0;0
56016;12;1;0;1;0;1;0;100;-5.199951171875;8.927978515625;5;5;0;0;1;0;20;1;1;-5.199951171875;-6.072021484375;1;1;1;1;1;1;5.8138022422790527;1;0;0;0;0;5000;10000;0;0;0;0;0;1;0;0;0
56118;12;1;0;1;0;1;0;100;-5.019775390625;9.108154296875;5;5;0;0;1;0;20;1;1;-5.019775390625;-5.891845703125;1;1;1;1;1;1;5.8138022422790527;1;0;0;0;0;5000;10000;0;0;0;0;0;1;0;0;0
56218;12;1;0;1;0;1;0;100;-4.819580078125;9.308349609375;5;5;0;0;1;0;20;1;1;-4.819580078125;-5.691650390625;1;1;1;1;1;1;5.8138022422790527;1;0;0;0;0;5000;10000;0;0;0;0;0;1;0;0;0
56319;12;1;0;1;0;1;0;100;-4.639404296875;9.488525390625;5;5;0;0;1;0;20;1;1;-4.639404296875;-5.511474609375;1;1;1;1;1;1;5.8138022422790527;1;0;0;0;0;5000;10000;0;0;0;0;0;1;0;0;0
56418;12;1;0;1;0;1;0;100;-4.439208984375;9.688720703125;5;5;0;0;1;0;20;1;1;-4.439208984375;-5.311279296875;1;1;1;1;1;1;5.8138022422790527;1;0;0;0;0;5000;10000;0;0;0;0;0;1;0;0;0
56520;12;1;0;1;0;1;0;100;-4.259033203125;9.868896484375;5;5;0;0;1;0;20;1;1;-4.259033203125;-5.131103515625;1;1;1;1;1;1;5.8138022422790527;1;0;0;0;0;5000;10000;0;0;0;0;0;1;0;0;0
56620;12;1;0;1;0;1;0;100;-4.058837890625;10.069091796875;5;5;0;0;1;0;20;1;1;-4.058837890625;-4.930908203125;1;1;1;1;1;1;5.8138022422790527;1;0;0;0;0;5000;10000;0;0;0;0;0;1;0;0;0
56720;12;1;0;1;0;1;0;100;-3.878662109375;10.249267578125;5;5;0;0;1;0;20;1;1;-3.878662109375;-4.750732421875;1;1;1;1;1;1;5.8138022422790527;1;0;0;0;0;5000;10000;0;0;0;0;0;1;0;0;0
56820;12;1;0;1;0;1;0;100;-3.678466796875;10.449462890625;5;5;0;0;1;0;20;1;1;-3.678466796875;-4.550537109375;1;1;1;1;1;1;5.8138022422790527;1;0;0;0;0;5000;10000;0;0;0;0;0;1;0;0;0
56923;12;1;0;1;0;1;0;100;-3.478271484375;10.649658203125;5;5;0;0;1;0;20;1;1;-3.478271484375;-4.350341796875;1;1;1;1;1;1;5.8138022422790527;1;0;0;0;0;5000;10000;0;0;0;0;0;1;0;0;0
57023;12;1;0;1;0;1;0;100;-3.298095703125;10.829833984375;5;5;0;0;1;0;20;1;1;-3.298095703125;-4.170166015625;1;1;1;1;1;1;5.8138022422790527;1;0;0;0;0;5000;10000;0;0;0;0;0;1;0;0;0
57123;12;1;0;1;0;1;0;100;-3.097900390625;11.030029296875;5;5;0;0;1;0;20;1;1;-3.097900390625;-3.969970703125;1;1;1;1;1;1;5.8138022422790527;1;0;0;0;0;5000;10000;0;0;0;0;0;1;0;0;0
57224;12;1;0;1;0;1;0;100;-2.897705078125;11.230224609375;5;5;0;0;1;0;20;1;1;-2.897705078125;-3.769775390625;1;1;1;1;1;1;5.8138022422790527;1;0;0;0;0;5000;10000;0;0;0;0;0;1;0;0;0
57325;12;1;0;1;0;1;0;100;-2.717529296875;11.410400390625;5;5;0;0;1;0;20;1;1;-2.717529296875;-3.589599609375;1;1;1;1;1;1;5.8138022422790527;1;0;0;0;0;5000;10000;0;0;0;0;0;1;0;0;0
57424;12;1;0;1;0;1;0;100;-2.517333984375;11.610595703125;5;5;0;0;1;0;20;1;1;-2.517333984375;-3.389404296875;1;1;1;1;1;1;5.8138022422790527;1;0;0;0;0;5000;10000;0;0;0;0;0;1;0;0;0
57526;12;1;0;1;0;1;0;100;-2.337158203125;11.790771484375;5;5;0;0;1;0;20;1;1;-2.337158203125;-3.209228515625;1;1;1;1;1;1;5.8138022422790527;1;0;0;0;0;5000;10000;0;0;0;0;0;1;0;0;0
57625;12;1;0;1;0;1;0;100;-2.156982421875;11.970947265625;5;5;0;0;1;0;20;1;1;-2.156982421875;-3.029052734375;1;1;1;1;1;1;5.8138022422790527;1;0;0;0;0;5000;10000;0;0;0;0;0;1;0;0;0
57725;12;1;0;1;0;1;0;100;-1.956787109375;12.171142578125;5;5;0;0;1;0;20;1;1;-1.956787109375;-2.828857421875;1;1;1;1;1;1;5.8138022422790527;1;0;0;0;0;5000;10000;0;0;0;0;0;1;0;0;0
57825;12;1;0;1;0;1;0;100;-1.776611328125;12.351318359375;5;5;0;0;1;0;20;1;1;-1.776611328125;-2.648681640625;1;1;1;1;1;1;5.8138022422790527;1;0;0;0;0;5000;10000;0;0;0;0;0;1;0;0;0
57926;12;1;0;1;0;1;0;100;-1.576416015625;12.551513671875;5;5;0;0;1;0;20;1;1;-1.576416015625;-2.448486328125;1;1;1;1;1;1;5.8138022422790527;1;0;0;0;0;5000;10000;0;0;0;0;0;1;0;0;0
58026;12;1;0;1;0;1;0;100;-1.396240234375;12.731689453125;5;5;0;0;1;0;20;1;1;-1.396240234375;-2.268310546875;1;1;1;1;1;1;5.8138022422790527;1;0;0;0;0;5000;10000;0;0;0;0;0;1;0;0;0
58129;12;1;0;1;0;1;0;100;-1.196044921875;12.931884765625;5;5;0;0;1;0;20;1;1;-1.196044921875;-2.068115234375;1;1;1;1;1;1;5.8138022422790527;1;0;0;0;0;5000;10000;0;0;0;0;0;1;0;0;0
58228;12;1;0;1;0;1;0;100;-1.015869140625;13.112060546875;5;5;0;0;1;0;20;1;1;-1.015869140625;-1.887939453125;1;1;1;1;1;1;5.8138022422790527;1;0;0;0;0;5000;10000;0;0;0;0;0;1;0;0;0
58329;12;1;0;1;0;1;0;100;-0.815673828125;13.312255859375;5;5;0;0;1;0;20;1;1;-0.815673828125;-1.687744140625;1;1;1;1;1;1;5.8138022422790527;1;0;0;0;0;5000;10000;0;0;0;0;0;1;0;0;0
58428;12;1;0;1;0;1;0;100;-0.635498046875;13.492431640625;5;5;0;0;1;0;20;1;1;-0.635498046875;-1.507568359375;1;1;1;1;1;1;5.8138022422790527;1;0;0;0;0;5000;10000;0;0;0;0;0;1;0;0;0
58529;12;1;0;1;0;1;0;100;-0.435302734375;13.692626953125;5;5;0;0;1;0;20;1;1;-0.435302734375;-1.307373046875;1;1;1;1;1;1;5.8138022422790527;1;0;0;0;0;5000;10000;0;0;0;0;0;1;0;0;0
58631;12;1;0;1;0;1;0;100;-0.255126953125;13.872802734375;5;5;0;0;1;0;20;1;1;-0.255126953125;-1.127197265625;1;1;1;1;1;1;5.8138022422790527;1;0;0;0;0;5000;10000;0;0;0;0;0;1;0;0;0
58730;12;1;0;1;0;1;0;100;-0.054931640625;14.072998046875;5;5;0;0;1;0;20;1;1;-0.054931640625;-0.927001953125;1;1;1;1;1;1;5.8138022422790527;1;0;0;0;0;5000;10000;0;0;0;0;0;1;0;0;0
58830;12;1;0;1;0;1;0;100;0.125244140625;14.253173828125;5;5;0;0;1;0;20;1;1;0.125244140625;-0.746826171875;1;1;1;1;1;1;5.8138022422790527;1;0;0;0;0;5000;10000;0;0;0;0;0;1;0;0;0
58932;12;1;0;1;0;1;0;100;0.305419921875;14.433349609375;5;5;0;0;1;0;20;1;1;0.305419921875;-0.566650390625;1;1;1;1;1;1;5.8138022422790527;1;0;0;0;0;5000;10000;0;0;0;0;0;1;0;0;0
59031;12;1;0;1;0;1;0;100;0.505615234375;14.633544921875;5;5;0;0;1;0;20;1;1;0.505615234375;-0.366455078125;1;1;1;1;1;1;5.8138022422790527;1;0;0;0;0;5000;10000;0;0;0;0;0;1;0;0;0
59131;12;1;0;1;0;1;0;100;0.685791015625;14.813720703125;5;5;0;0;1;0;20;1;1;0.685791015625;-0.186279296875;1;1;1;1;1;1;5.8138022422790527;1;0;0;0;0;5000;10000;0;0;0;0;0;1;0;0;0
59232;12;1;0;1;0;1;0;100;0.865966796875;14.993896484375;5;5;0;0;1;0;20;1;1;0.865966796875;-0.006103515625;1;1;1;1;1;1;5.8138022422790527;1;0;0;0;0;5000;10000;0;0;0;0;0;1;0;0;0
59334;12;1;0;1;0;1;0;100;1.066162109375;15.194091796875;5;5;0;0;1;0;20;1;1;1.066162109375;0.194091796875;1;1;1;1;1;1;5.8138022422790527;1;0;0;0;0;5000;10000;0;0;0;0;0;1;0;0;0
59434;12;1;0;1;0;1;0;100;1.266357421875;15.394287109375;5;5;0;0;1;0;20;1;1;1.266357421875;0.394287109375;1;1;1;1;1;1;5.8138022422790527;1;0;0;0;0;5000;10000;0;0;0;0;0;1;0;0;0
59535;12;1;0;1;0;1;0;100;1.446533203125;15.574462890625;5;5;0;0;1;0;20;1;1;1.446533203125;0.574462890625;1;1;1;1;1;1;5.8138022422790527;1;0;0;0;0;5000;10000;0;0;0;0;0;1;0;0;0
59636;12;1;0;1;0;1;0;100;1.646728515625;15.774658203125;5;5;0;0;1;0;20;1;1;1.646728515625;0.774658203125;1;1;1;1;1;1;5.8138022422790527;1;0;0;0;0;5000;10000;0;0;0;0;0;1;0;0;0
59735;12;1;0;1;0;1;0;100;1.826904296875;15.954833984375;5;5;0;0;1;0;20;1;1;1.826904296875;0.954833984375;1;1;1;1;1;1;5.8138022422790527;1;0;0;0;0;5000;10000;0;0;0;0;0;1;0;0;0
59836;12;1;0;1;0;1;0;100;2.007080078125;16.135009765625;5;5;0;0;1;0;20;1;1;2.007080078125;1.135009765625;1;1;1;1;1;1;5.8138022422790527;1;0;0;0;0;5000;10000;0;0;0;0;0;1;0;0;0
59936;12;1;0;1;0;1;0;100;2.207275390625;16.335205078125;5;5;0;0;1;0;20;1;1;2.207275390625;1.335205078125;1;1;1;1;1;1;5.8138022422790527;1;0;0;0;0;5000;10000;0;0;0;0;0;1;0;0;0
60037;12;1;0;1;0;1;0;100;2.387451171875;16.515380859375;5;5;0;0;1;0;20;1;1;2.387451171875;1.515380859375;1;1;1;1;1;1;5.8138022422790527;1;0;0;0;0;5000;10000;0;0;0;0;0;1;0;0;0
60138;12;1;0;1;0;1;0;100;2.587646484375;16.715576171875;5;5;0;0;1;0;20;1;1;2.587646484375;1.715576171875;1;1;1;1;1;1;5.8138022422790527;1;0;0;0;0;5000;10000;0;0;0;0;0;1;0;0;0
60240;12;1;0;1;0;1;0;100;2.787841796875;16.915771484375;5;5;0;0;1;0;20;1;1;2.767822265625;1.895751953125;1;1;1;1;1;1;5.8138022422790527;1;0;0;0;0;5000;10000;0;0;0;0;0;1;0;0;0
60339;12;1;0;1;0;1;0;100;2.968017578125;17.095947265625;5;5;0;0;1;0;20;1;1;2.968017578125;2.095947265625;1;1;1;1;1;1;5.8138022422790527;1;0;0;0;0;5000;10000;0;0;0;0;0;1;0;0;0
60441;12;1;0;1;0;1;0;100;3.148193359375;17.276123046875;5;5;0;0;1;0;20;1;1;3.148193359375;2.276123046875;1;1;1;1;1;1;5.8138022422790527;1;0;0;0;0;5000;10000;0;0;0;0;0;1;0;0;0
60541;12;1;0;1;0;1;0;100;3.348388671875;17.476318359375;5;5;0;0;1;0;20;1;1;3.348388671875;2.476318359375;1;1;1;1;1;1;5.8138022422790527;1;0;0;0;0;5000;10000;0;0;0;0;0;1;0;0;0
60641;12;1;0;1;0;1;0;100;3.528564453125;17.656494140625;5;5;0;0;1;0;20;1;1;3.528564453125;2.656494140625;1;1;1;1;1;1;5.8138022422790527;1;0;0;0;0;5000;10000;0;0;0;0;0;1;0;0;0
60742;12;1;0;1;0;1;0;100;3.708740234375;17.836669921875;5;5;0;0;1;0;20;1;1;3.708740234375;2.836669921875;1;1;1;1;1;1;5.8138022422790527;1;0;0;0;0;5000;10000;0;0;0;0;0;1;0;0;0
60843;12;1;0;1;0;1;0;100;3.908935546875;18.036865234375;5;5;0;0;1;0;20;1;1;3.908935546875;3.036865234375;1;1;1;1;1;1;5.8138022422790527;1;0;0;0;0;5000;10000;0;0;0;0;0;1;0;0;0
60942;12;1;0;1;0;1;0;100;4.089111328125;18.217041015625;5;5;0;0;1;0;20;1;1;4.089111328125;3.217041015625;1;1;1;1;1;1;5.8138022422790527;1;0;0;0;0;5000;10000;0;0;0;0;0;1;0;0;0
61044;12;1;0;1;0;1;0;100;4.269287109375;18.397216796875;5;5;0;0;1;0;20;1;1;4.269287109375;3.397216796875;1;1;1;1;1;1;5.8138022422790527;1;0;0;0;0;5000;10000;0;0;0;0;0;1;0;0;0
61143;12;1;0;1;0;1;0;100;4.469482421875;18.597412109375;5;5;0;0;1;0;20;1;1;4.469482421875;3.597412109375;1;1;1;1;1;1;5.8138022422790527;1;0;0;0;0;5000;10000;0;0;0;0;0;1;0;0;0
61244;12;1;0;1;0;1;0;100;4.649658203125;18.777587890625;5;5;0;0;1;0;20;1;1;4.649658203125;3.777587890625;1;1;1;1;1;1;5.8138022422790527;1;0;0;0;0;5000;10000;0;0;0;0;0;1;0;0;0
61346;12;1;0;1;0;1;0;100;4.849853515625;18.977783203125;5;5;0;0;1;0;20;1;1;4.849853515625;3.977783203125;1;1;1;1;1;1;5.8138022422790527;1;0;0;0;0;5000;10000;0;0;0;0;0;1;0;0;0
61446;12;1;0;1;0;1;0;100;5.050048828125;19.177978515625;5;5;0;0;1;0;20;1;1;5.050048828125;4.177978515625;1;1;1;1;1;1;5.8138022422790527;1;0;0;0;0;5000;10000;0;0;0;0;0;1;0;0;0
61546;12;1;0;1;0;1;0;100;5.230224609375;19.358154296875;5;5;0;0;1;0;20;1;1;5.230224609375;4.358154296875;1;1;1;1;1;1;5.8138022422790527;1;0;0;0;0;5000;10000;0;0;0;0;0;1;0;0;0
61649;12;1;0;1;0;1;0;100;5.430419921875;19.558349609375;5;5;0;0;1;0;20;1;1;5.430419921875;4.558349609375;1;1;1;1;1;1;5.8138022422790527;1;0;0;0;0;5000;10000;0;0;0;0;0;1;0;0;0
61749;12;1;0;1;0;1;0;100;5.610595703125;19.738525390625;5;5;0;0;1;0;20;1;1;5.610595703125;4.738525390625;1;1;1;1;1;1;5.8138022422790527;1;0;0;0;0;5000;10000;0;0;0;0;0;1;0;0;0
61849;12;1;0;1;0;1;0;100;5.810791015625;19.938720703125;5;5;0;0;1;0;20;1;1;5.810791015625;4.938720703125;1;1;1;1;1;1;5.8138022422790527;1;0;0;0;0;5000;10000;0;0;0;0;0;1;0;0;0
61953;12;1;0;1;0;1;0;100;5.990966796875;20.118896484375;5;5;0;0;1;0;20;1;1;5.990966796875;5.118896484375;1;1;1;1;1;1;5.8138022422790527;1;0;0;0;0;5000;10000;0;0;0;0;0;1;0;0;0
62052;12;1;0;1;0;1;0;100;6.191162109375;20.319091796875;5;5;0;0;1;0;20;1;1;6.191162109375;5.319091796875;1;1;1;1;1;1;5.8138022422790527;1;0;0;0;0;5000;10000;0;0;0;0;0;1;0;0;0
62151;12;1;0;1;0;1;0;100;6.371337890625;20.499267578125;5;5;0;0;1;0;20;1;1;6.371337890625;5.499267578125;1;1;1;1;1;1;5.8138022422790527;1;0;0;0;0;5000;10000;0;0;0;0;0;1;0;0;0
62253;12;1;0;1;0;1;0;100;6.571533203125;20.699462890625;5;5;0;0;1;0;20;1;1;6.571533203125;5.699462890625;1;1;1;1;1;1;5.8138022422790527;1;0;0;0;0;5000;10000;0;0;0;0;0;1;0;0;0
62352;12;1;0;1;0;1;0;100;6.751708984375;20.879638671875;5;5;0;0;1;0;20;1;1;6.751708984375;5.879638671875;1;1;1;1;1;1;5.8138022422790527;1;0;0;0;0;5000;10000;0;0;0;0;0;1;0;0;0
62454;12;1;0;1;0;1;0;100;6.951904296875;21.079833984375;5;5;0;0;1;0;20;1;1;6.951904296875;6.079833984375;1;1;1;1;1;1;5.8138022422790527;1;0;0;0;0;5000;10000;0;0;0;0;0;1;0;0;0
62554;12;1;0;1;0;1;0;100;7.072021484375;21.199951171875;1;5;0;0;1;0;20;0;0;7.072021484375;6.199951171875;0;0;0;0;0;0;5.8138022422790527;1;0;0;0;0;5000;10000;0;0;1;1;1;1;0;0;0
62655;12;1;0;1;0;1;0;100;7.162109375;21.2900390625;1;5;0;0;1;0;20;0;0;7.162109375;6.2900390625;0;0;0;0;0;0;5.8138022422790527;1;0;0;0;0;5000;10000;0;0;1;1;1;1;0;0;0
62755;12;1;0;1;0;1;0;100;7.26220703125;21.39013671875;1;5;0;0;1;0;20;0;0;7.26220703125;6.39013671875;0;0;0;0;0;0;5.8138022422790527;1;0;0;0;0;5000;10000;0;0;1;1;1;1;0;0;0
62856;12;1;0;1;0;1;0;100;7.352294921875;21.480224609375;1;5;0;0;1;0;20;0;0;7.352294921875;6.480224609375;0;0;0;0;0;0;5.8138022422790527;1;0;0;0;0;5000;10000;0;0;1;1;1;1;0;0;0
62957;12;1;0;1;0;1;0;100;7.3623046875;21.540283203125;1;5;0;0;1;0;20;0;0;7.3623046875;6.540283203125;0;0;0;0;0;0;5.4801430702209473;1;0;0;0;0;5000;10000;0;0;1;1;1;1;0;0;0
63057;12;1;0;1;0;1;0;100;7.3623046875;21.540283203125;1;5;0;0;1;0;20;0;0;7.3623046875;6.540283203125;0;0;0;0;0;0;5.4801430702209473;1;0;0;0;0;5000;10000;0;0;1;1;1;1;0;0;0
63158;12;1;0;1;0;1;0;100;7.3623046875;21.540283203125;1;5;0;0;1;0;20;0;0;7.3623046875;6.540283203125;0;0;0;0;0;0;5.4801430702209473;1;0;0;0;0;5000;10000;0;0;1;1;1;1;0;0;0
63259;12;1;0;1;0;1;0;100;7.3623046875;21.540283203125;1;5;0;0;1;0;20;0;0;7.3623046875;6.540283203125;0;0;0;0;0;0;5.4801430702209473;1;0;0;0;0;5000;10000;0;0;1;1;1;1;0;0;0
63358;12;1;0;1;0;1;0;100;7.3623046875;21.540283203125;1;5;0;0;1;0;20;0;0;7.3623046875;6.540283203125;0;0;0;0;0;0;5.4801430702209473;1;0;0;0;0;5000;10000;0;0;1;1;1;1;0;0;0
63460;12;1;0;1;0;1;0;100;7.3623046875;21.540283203125;1;5;0;0;1;0;20;0;0;7.3623046875;6.540283203125;0;0;0;0;0;0;5.4801430702209473;1;0;0;0;0;5000;10000;0;0;1;1;1;1;0;0;0
63560;12;1;0;1;0;1;0;100;7.3623046875;21.540283203125;1;5;0;0;1;0;20;0;0;7.3623046875;6.540283203125;0;0;0;0;0;0;5.4801430702209473;1;0;0;0;0;5000;10000;0;0;1;1;1;1;0;0;0
63660;12;1;0;1;0;1;0;100;7.3623046875;21.540283203125;1;5;0;0;1;0;20;0;0;7.3623046875;6.540283203125;0;0;0;0;0;0;5.4801430702209473;1;0;0;0;0;5000;10000;0;0;1;1;1;1;0;0;0
63760;12;1;0;1;0;1;0;100;7.3623046875;21.540283203125;1;5;0;0;1;0;20;0;0;7.3623046875;6.540283203125;0;0;0;0;0;0;5.4801430702209473;1;0;0;0;0;5000;10000;0;0;1;1;1;1;0;0;0
63861;12;1;0;1;0;1;0;100;7.3623046875;21.540283203125;1;5;0;0;1;0;20;0;0;7.3623046875;6.540283203125;0;0;0;0;0;0;5.4801430702209473;1;0;0;0;0;5000;10000;0;0;1;1;1;1;0;0;0
63961;12;1;0;1;0;1;0;100;7.3623046875;21.540283203125;1;5;0;0;1;0;20;0;0;7.3623046875;6.540283203125;0;0;0;0;0;0;5.4801430702209473;1;0;0;0;0;5000;10000;0;0;1;1;1;1;0;0;0
64062;12;1;0;1;0;1;0;100;7.3623046875;21.540283203125;1;5;0;0;1;0;20;0;0;7.3623046875;6.540283203125;0;0;0;0;0;0;5.4801430702209473;1;0;0;0;0;5000;10000;0;0;1;1;1;1;0;0;0
64161;12;1;0;1;0;1;0;100;7.3623046875;21.540283203125;1;5;0;0;1;0;20;0;0;7.3623046875;6.540283203125;0;0;0;0;0;0;5.4801430702209473;1;0;0;0;0;5000;10000;0;0;1;1;1;1;0;0;0
64263;12;1;0;1;0;1;0;100;7.3623046875;21.540283203125;1;5;0;0;1;0;20;0;0;7.3623046875;6.540283203125;0;0;0;0;0;0;5.4801430702209473;1;0;0;0;0;5000;10000;0;0;1;1;1;1;0;0;0
64362;12;1;0;1;0;1;0;100;7.3623046875;21.540283203125;1;5;0;0;1;0;20;0;0;7.3623046875;6.540283203125;0;0;0;0;0;0;5.4801430702209473;1;0;0;0;0;5000;10000;0;0;1;1;1;1;0;0;0
64463;12;1;0;1;0;1;0;100;7.3623046875;21.540283203125;1;5;0;0;1;0;20;0;0;7.3623046875;6.540283203125;0;0;0;0;0;0;5.4801430702209473;1;0;0;0;0;5000;10000;0;0;1;1;1;1;0;0;0
64563;12;1;0;1;0;1;0;100;7.3623046875;21.540283203125;1;5;0;0;1;0;20;0;0;7.3623046875;6.540283203125;0;0;0;0;0;0;5.4801430702209473;1;0;0;0;0;5000;10000;0;0;1;1;1;1;0;0;0
64664;12;1;0;1;0;1;0;100;7.3623046875;21.540283203125;1;5;0;0;1;0;20;0;0;7.3623046875;6.540283203125;0;0;0;0;0;0;5.4801430702209473;1;0;0;0;0;5000;10000;0;0;1;1;1;1;0;0;0
64763;12;1;0;1;0;1;0;100;7.3623046875;21.540283203125;1;5;0;0;1;0;20;0;0;7.3623046875;6.540283203125;0;0;0;0;0;0;5.4801430702209473;1;0;0;0;0;5000;10000;0;0;1;1;1;1;0;0;0
64865;12;1;0;1;0;1;0;100;7.3623046875;21.540283203125;1;5;0;0;1;0;20;0;0;7.3623046875;6.540283203125;0;0;0;0;0;0;5.4801430702209473;1;0;0;0;0;5000;10000;0;0;1;1;1;1;0;0;0
64964;12;1;0;1;0;1;0;100;7.3623046875;21.540283203125;1;5;0;0;1;0;20;0;0;7.3623046875;6.540283203125;0;0;0;0;0;0;5.4801430702209473;1;0;0;0;0;5000;10000;0;0;1;1;1;1;0;0;0
65065;12;1;0;1;0;1;0;100;7.3623046875;21.540283203125;1;5;0;0;1;0;20;0;0;7.3623046875;6.540283203125;0;0;0;0;0;0;5.4801430702209473;1;0;0;0;0;5000;10000;0;0;1;1;1;1;0;0;0
65166;12;1;0;1;0;1;0;100;7.3623046875;21.540283203125;1;5;0;0;1;0;20;0;0;7.3623046875;6.540283203125;0;0;0;0;0;0;5.4801430702209473;1;0;0;0;0;5000;10000;0;0;1;1;1;1;0;0;0
65268;12;1;0;1;0;1;0;100;7.3623046875;21.540283203125;1;5;0;0;1;0;20;0;0;7.3623046875;6.540283203125;0;0;0;0;0;0;5.4801430702209473;1;0;0;0;0;5000;10000;0;0;1;1;1;1;0;0;0
65367;12;1;0;1;0;1;0;100;7.3623046875;21.540283203125;1;5;0;0;1;0;20;0;0;7.3623046875;6.540283203125;0;0;0;0;0;0;5.4801430702209473;1;0;0;0;0;5000;10000;0;0;1;1;1;1;0;0;0
65466;12;1;0;1;0;1;0;100;7.3623046875;21.540283203125;1;5;0;0;1;0;20;0;0;7.3623046875;6.540283203125;0;0;0;0;0;0;5.4801430702209473;1;0;0;0;0;5000;10000;0;0;1;1;1;1;0;0;0
65567;12;1;0;1;0;1;0;100;7.3623046875;21.540283203125;1;5;0;0;1;0;20;0;0;7.3623046875;6.540283203125;0;0;0;0;0;0;5.4801430702209473;1;0;0;0;0;5000;10000;0;0;1;1;1;1;0;0;0
65666;12;1;0;1;0;1;0;100;7.3623046875;21.540283203125;1;5;0;0;1;0;20;0;0;7.3623046875;6.540283203125;0;0;0;0;0;0;5.4801430702209473;1;0;0;0;0;5000;10000;0;0;1;1;1;1;0;0;0
65767;12;1;0;1;0;1;0;100;7.3623046875;21.540283203125;1;5;0;0;1;0;20;0;0;7.3623046875;6.540283203125;0;0;0;0;0;0;5.4801430702209473;1;0;0;0;0;5000;10000;0;0;1;1;1;1;0;0;0
65867;12;1;0;1;0;1;0;100;7.3623046875;21.540283203125;1;5;0;0;1;0;20;0;0;7.3623046875;6.540283203125;0;0;0;0;0;0;5.4801430702209473;1;0;0;0;0;5000;10000;0;0;1;1;1;1;0;0;0
65968;12;1;0;1;0;1;0;100;7.3623046875;21.540283203125;1;5;0;0;1;0;20;0;0;7.3623046875;6.540283203125;0;0;0;0;0;0;5.4801430702209473;1;0;0;0;0;5000;10000;0;0;1;1;1;1;0;0;0
66068;12;1;0;1;0;1;0;100;7.3623046875;21.540283203125;1;5;0;0;1;0;20;0;0;7.3623046875;6.540283203125;0;0;0;0;0;0;5.4801430702209473;1;0;0;0;0;5000;10000;0;0;1;1;1;1;0;0;0
66169;12;1;0;1;0;1;0;100;7.3623046875;21.540283203125;1;5;0;0;1;0;20;0;0;7.3623046875;6.540283203125;0;0;0;0;0;0;5.4801430702209473;1;0;0;0;0;5000;10000;0;0;1;1;1;1;0;0;0
66269;12;1;0;1;0;1;0;100;7.3623046875;21.540283203125;1;5;0;0;1;0;20;0;0;7.3623046875;6.540283203125;0;0;0;0;0;0;5.4801430702209473;1;0;0;0;0;5000;10000;0;0;1;1;1;1;0;0;0
66368;12;1;0;1;0;1;0;100;7.3623046875;21.540283203125;1;5;0;0;1;0;20;0;0;7.3623046875;6.540283203125;0;0;0;0;0;0;5.4801430702209473;1;0;0;0;0;5000;10000;0;0;1;1;1;1;0;0;0
66468;12;1;0;1;0;1;0;100;7.3623046875;21.540283203125;1;5;0;0;1;0;20;0;0;7.3623046875;6.540283203125;0;0;0;0;0;0;5.4801430702209473;1;0;0;0;0;5000;10000;0;0;1;1;1;1;0;0;0
66569;12;1;0;1;0;1;0;100;7.3623046875;21.540283203125;1;5;0;0;1;0;20;0;0;7.3623046875;6.540283203125;0;0;0;0;0;0;5.4801430702209473;1;0;0;0;0;5000;10000;0;0;1;1;1;1;0;0;0
66669;12;1;0;1;0;1;0;100;7.3623046875;21.540283203125;1;5;0;0;1;0;20;0;0;7.3623046875;6.540283203125;0;0;0;0;0;0;5.4801430702209473;1;0;0;0;0;5000;10000;0;0;1;1;1;1;0;0;0
66772;12;1;0;1;0;1;0;100;7.3623046875;21.540283203125;1;5;0;0;1;0;20;0;0;7.3623046875;6.540283203125;0;0;0;0;0;0;5.4801430702209473;1;0;0;0;0;5000;10000;0;0;1;1;1;1;0;0;0
66873;12;1;0;1;0;1;0;100;7.3623046875;21.540283203125;1;5;0;0;1;0;20;0;0;7.3623046875;6.540283203125;0;0;0;0;0;0;5.4801430702209473;1;0;0;0;0;5000;10000;0;0;1;1;1;1;0;0;0
66973;12;1;0;1;0;1;0;100;7.3623046875;21.540283203125;1;5;0;0;1;0;20;0;0;7.3623046875;6.540283203125;0;0;0;0;0;0;5.4801430702209473;1;0;0;0;0;5000;10000;0;0;1;1;1;1;0;0;0
67074;12;1;0;1;0;1;0;100;7.3623046875;21.540283203125;1;5;0;0;1;0;20;0;0;7.3623046875;6.540283203125;0;0;0;0;0;0;5.4801430702209473;1;0;0;0;0;5000;10000;0;0;1;1;1;1;0;0;0
67174;12;1;0;1;0;1;0;100;7.3623046875;21.540283203125;1;5;0;0;1;0;20;0;0;7.3623046875;6.540283203125;0;0;0;0;0;0;5.4801430702209473;1;0;0;0;0;5000;10000;0;0;1;1;1;1;0;0;0
67274;12;1;0;1;0;1;0;100;7.3623046875;21.540283203125;1;5;0;0;1;0;20;0;0;7.3623046875;6.540283203125;0;0;0;0;0;0;5.4801430702209473;1;0;0;0;0;5000;10000;0;0;1;1;1;1;0;0;0
67376;12;1;0;1;0;1;0;100;7.3623046875;21.540283203125;1;5;0;0;1;0;20;0;0;7.3623046875;6.540283203125;0;0;0;0;0;0;5.4801430702209473;1;0;0;0;0;5000;10000;0;0;1;1;1;1;0;0;0
67476;12;1;0;1;0;1;0;100;7.3623046875;21.540283203125;1;5;0;0;1;0;20;0;0;7.3623046875;6.540283203125;0;0;0;0;0;0;5.4801430702209473;1;0;0;0;0;5000;10000;0;0;1;1;1;1;0;0;0
67578;12;1;0;1;0;1;0;100;7.3623046875;21.540283203125;1;5;0;0;1;0;20;0;0;7.3623046875;6.540283203125;0;0;0;0;0;0;5.4801430702209473;1;0;0;0;0;5000;10000;0;0;1;1;1;1;0;0;0
67678;12;1;0;1;0;1;0;100;7.3623046875;21.540283203125;1;5;0;0;1;0;20;0;0;7.3623046875;6.540283203125;0;0;0;0;0;0;5.4801430702209473;1;0;0;0;0;5000;10000;0;0;1;1;1;1;0;0;0
67779;12;1;0;1;0;1;0;100;7.3623046875;21.540283203125;1;5;0;0;1;0;20;0;0;7.3623046875;6.540283203125;0;0;0;0;0;0;5.4801430702209473;1;0;0;0;0;5000;10000;0;0;1;1;1;1;0;0;0
67879;12;1;0;1;0;1;0;100;7.3623046875;21.540283203125;1;5;0;0;1;0;20;0;0;7.3623046875;6.540283203125;0;0;0;0;0;0;5.4801430702209473;1;0;0;0;0;5000;10000;0;0;1;1;1;1;0;0;0
67979;12;1;0;1;0;1;0;100;7.3623046875;21.540283203125;1;5;0;0;1;0;20;0;0;7.3623046875;6.540283203125;0;0;0;0;0;0;5.4801430702209473;1;0;0;0;0;5000;10000;0;0;1;1;1;1;0;0;0
68083;12;1;0;1;0;1;0;100;7.3623046875;21.540283203125;1;5;0;0;1;0;20;0;0;7.3623046875;6.540283203125;0;0;0;0;0;0;5.4801430702209473;1;0;0;0;0;5000;10000;0;0;1;1;1;1;0;0;0
68182;12;1;0;1;0;1;0;100;7.3623046875;21.540283203125;1;5;0;0;1;0;20;0;0;7.3623046875;6.540283203125;0;0;0;0;0;0;5.4801430702209473;1;0;0;0;0;5000;10000;0;0;1;1;1;1;0;0;0
68283;12;1;0;1;0;1;0;100;7.3623046875;21.540283203125;1;5;0;0;1;0;20;0;0;7.3623046875;6.540283203125;0;0;0;0;0;0;5.4801430702209473;1;0;0;0;0;5000;10000;0;0;1;1;1;1;0;0;0
68383;12;1;0;1;0;1;0;100;7.3623046875;21.540283203125;1;5;0;0;1;0;20;0;0;7.3623046875;6.540283203125;0;0;0;0;0;0;5.4801430702209473;1;0;0;0;0;5000;10000;0;0;1;1;1;1;0;0;0
68483;12;1;0;1;0;1;0;100;7.3623046875;21.540283203125;1;5;0;0;1;0;20;0;0;7.3623046875;6.540283203125;0;0;0;0;0;0;5.4801430702209473;1;0;0;0;0;5000;10000;0;0;1;1;1;1;0;0;0
68584;12;1;0;1;0;1;0;100;7.3623046875;21.540283203125;1;5;0;0;1;0;20;0;0;7.3623046875;6.540283203125;0;0;0;0;0;0;5.4801430702209473;1;0;0;0;0;5000;10000;0;0;1;1;1;1;0;0;0
68685;12;1;0;1;0;1;0;100;7.3623046875;21.540283203125;1;5;0;0;1;0;20;0;0;7.3623046875;6.540283203125;0;0;0;0;0;0;5.4801430702209473;1;0;0;0;0;5000;10000;0;0;1;1;1;1;0;0;0
68785;12;1;0;1;0;1;0;100;7.3623046875;21.540283203125;1;5;0;0;1;0;20;0;0;7.3623046875;6.540283203125;0;0;0;0;0;0;5.4801430702209473;1;0;0;0;0;5000;10000;0;0;1;1;1;1;0;0;0
68886;12;1;0;1;0;1;0;100;7.3623046875;21.540283203125;1;5;0;0;1;0;20;0;0;7.3623046875;6.540283203125;0;0;0;0;0;0;5.4801430702209473;1;0;0;0;0;5000;10000;0;0;1;1;1;1;0;0;0
68987;12;1;0;1;0;1;0;100;7.3623046875;21.540283203125;1;5;0;0;1;0;20;0;0;7.3623046875;6.540283203125;0;0;0;0;0;0;5.4801430702209473;1;0;0;0;0;5000;10000;0;0;1;1;1;1;0;0;0
69088;12;1;0;1;0;1;0;100;7.3623046875;21.540283203125;1;5;0;0;1;0;20;0;0;7.3623046875;6.540283203125;0;0;0;0;0;0;5.4801430702209473;1;0;0;0;0;5000;10000;0;0;1;1;1;1;0;0;0
69189;12;1;0;1;0;1;0;100;7.3623046875;21.540283203125;1;5;0;0;1;0;20;0;0;7.3623046875;6.540283203125;0;0;0;0;0;0;5.4801430702209473;1;0;0;0;0;5000;10000;0;0;1;1;1;1;0;0;0
69290;12;1;0;1;0;1;0;100;7.3623046875;21.540283203125;1;5;0;0;1;0;20;0;0;7.3623046875;6.540283203125;0;0;0;0;0;0;5.4801430702209473;1;0;0;0;0;5000;10000;0;0;1;1;1;1;0;0;0
69390;12;1;0;1;0;1;0;100;7.3623046875;21.540283203125;1;5;0;0;1;0;20;0;0;7.3623046875;6.540283203125;0;0;0;0;0;0;5.4801430702209473;1;0;0;0;0;5000;10000;0;0;1;1;1;1;0;0;0
69491;12;1;0;1;0;1;0;100;7.3623046875;21.540283203125;1;5;0;0;1;0;20;0;0;7.3623046875;6.540283203125;0;0;0;0;0;0;5.4801430702209473;1;0;0;0;0;5000;10000;0;0;1;1;1;1;0;0;0
69591;12;1;0;1;0;1;0;100;7.3623046875;21.540283203125;1;5;0;0;1;0;20;0;0;7.3623046875;6.540283203125;0;0;0;0;0;0;5.4801430702209473;1;0;0;0;0;5000;10000;0;0;1;1;1;1;0;0;0
69691;12;1;0;1;0;1;0;100;7.3623046875;21.540283203125;1;5;0;0;1;0;20;0;0;7.3623046875;6.540283203125;0;0;0;0;0;0;5.4801430702209473;1;0;0;0;0;5000;10000;0;0;1;1;1;1;0;0;0
