Timestamp_ms;GVL_Troubleshooting.G_CycleSemiAuto.Idx206_Step;GVL_Troubleshooting.G_CycleSemiAuto.Idx104_DeadmanArmed;GVL_Troubleshooting.G_CycleSemiAuto.Idx105_MancheDeflechi;PRG_04_Treuils_Benne.Data.WinchM1State.Position_M;PRG_04_Treuils_Benne.Data.WinchM2State.Position_M;PRG_02_Acquisition.Data.EncoderM1.Measurement.Speed_Mps;PRG_02_Acquisition.Data.EncoderM2.Measurement.Speed_Mps;GVL_Troubleshooting.G_CycleSemiAuto.Idx307_M1SpeedStepApplied;GVL_Troubleshooting.G_CycleSemiAuto.Idx308_M2SpeedStepApplied;GVL_Troubleshooting.I_LevageUnitaireM1.Demandes_200.Idx209_ArbitratedDirection;GVL_Troubleshooting.J_LevageUnitaireM2.Demandes_200.Idx209_ArbitratedDirection;PRG_04_Treuils_Benne.Data.WinchM1State.DirectionChangePending;PRG_04_Treuils_Benne.Data.WinchM1State.DirectionChangeDelayElapsed;PRG_04_Treuils_Benne.Data.WinchM2State.DirectionChangePending;PRG_04_Treuils_Benne.Data.WinchM2State.DirectionChangeDelayElapsed;GVL_Troubleshooting.I_LevageUnitaireM1.Control_400.Idx415_MotorRequest;GVL_Troubleshooting.J_LevageUnitaireM2.Control_400.Idx415_MotorRequest;GVL_Troubleshooting.I_LevageUnitaireM1.Control_400.Idx416_RestartRequired;GVL_Troubleshooting.I_LevageUnitaireM1.Control_400.Idx406_FinalInterlockReason;GVL_Troubleshooting.I_LevageUnitaireM1.Safety_300.Idx302_SafeStopActive;PRG_06_Outputs.Data.ContactorMismatch;PRG_04_Treuils_Benne.SyncState.SyncDeviationWarn;GVL_Troubleshooting.I_LevageUnitaireM1.Outputs_500.Idx501_CmdRelayAscent_RQ;GVL_Troubleshooting.J_LevageUnitaireM2.Outputs_500.Idx501_CmdRelayAscent_RQ;GVL_Troubleshooting.I_LevageUnitaireM1.Outputs_500.Idx505_CmdBrakeRelease_RQ;GVL_Troubleshooting.J_LevageUnitaireM2.Outputs_500.Idx505_CmdBrakeRelease_RQ;GVL_Troubleshooting.I_LevageUnitaireM1.Inputs_100.Idx103_ContactorsReleased_DI;GVL_Troubleshooting.J_LevageUnitaireM2.Inputs_100.Idx103_ContactorsReleased_DI
43;0;0;0;8.993896484375;23.9697265625;0;0;0;0;0;0;0;0;0;0;0;0;0;0;0;0;0;0;0;0;0;1;1
93;0;0;0;8.993896484375;23.9697265625;0;0;0;0;0;0;0;0;0;0;0;0;0;0;0;0;0;0;0;0;0;1;1
143;0;0;0;8.993896484375;23.9697265625;0;0;0;0;0;0;0;0;0;0;0;0;0;0;0;0;0;0;0;0;0;1;1
193;0;0;0;8.993896484375;23.9697265625;0;0;0;0;0;0;0;0;0;0;0;0;0;0;0;0;0;0;0;0;0;1;1
243;0;0;0;8.993896484375;23.9697265625;0;0;0;0;0;0;0;0;0;0;0;0;0;0;0;0;0;0;0;0;0;1;1
292;0;0;0;8.993896484375;23.9697265625;0;0;0;0;0;0;0;0;0;0;0;0;0;0;0;0;0;0;0;0;0;1;1
343;0;0;0;8.993896484375;23.9697265625;0;0;0;0;0;0;0;0;0;0;0;0;0;0;0;0;0;0;0;0;0;1;1
393;0;0;0;8.993896484375;23.9697265625;0;0;0;0;0;0;0;0;0;0;0;0;0;0;0;0;0;0;0;0;0;1;1
443;0;0;0;8.993896484375;23.9697265625;0;0;0;0;0;0;0;0;0;0;0;0;0;0;0;0;0;0;0;0;0;1;1
493;0;0;0;8.993896484375;23.9697265625;0;0;0;0;0;0;0;0;0;0;0;0;0;0;0;0;0;0;0;0;0;1;1
543;0;0;0;8.993896484375;23.9697265625;0;0;0;0;0;0;0;0;0;0;0;0;0;0;0;0;0;0;0;0;0;1;1
593;0;0;0;8.993896484375;23.9697265625;0;0;0;0;0;0;0;0;0;0;0;0;0;0;0;0;0;0;0;0;0;1;1
643;0;0;0;8.993896484375;23.9697265625;0;0;0;0;0;0;0;0;0;0;0;0;0;0;0;0;0;0;0;0;0;1;1
693;0;0;0;8.993896484375;23.9697265625;0;0;0;0;0;0;0;0;0;0;0;0;0;0;0;0;0;0;0;0;0;1;1
743;0;0;0;8.993896484375;23.9697265625;0;0;0;0;0;0;0;0;0;0;0;0;0;0;0;0;0;0;0;0;0;1;1
793;0;0;0;8.993896484375;23.9697265625;0;0;0;0;0;0;0;0;0;0;0;0;0;0;0;0;0;0;0;0;0;1;1
843;0;0;0;8.993896484375;23.9697265625;0;0;0;0;0;0;0;0;0;0;0;0;0;0;0;0;0;0;0;0;0;1;1
893;0;0;0;8.993896484375;23.9697265625;0;0;0;0;0;0;0;0;0;0;0;0;0;0;0;0;0;0;0;0;0;1;1
943;0;0;0;8.993896484375;23.9697265625;0;0;0;0;0;0;0;0;0;0;0;0;0;0;0;0;0;0;0;0;0;1;1
993;0;0;0;8.993896484375;23.9697265625;0;0;0;0;0;0;0;0;0;0;0;0;0;0;0;0;0;0;0;0;0;1;1
1043;0;0;0;8.993896484375;23.9697265625;0;0;0;0;0;0;0;0;0;0;0;0;0;0;0;0;0;0;0;0;0;1;1
1093;0;0;0;8.993896484375;23.9697265625;0;0;0;0;0;0;0;0;0;0;0;0;0;0;0;0;0;0;0;0;0;1;1
1143;0;0;0;8.993896484375;23.9697265625;0;0;0;0;0;0;0;0;0;0;0;0;0;0;0;0;0;0;0;0;0;1;1
1193;0;0;0;8.993896484375;23.9697265625;0;0;0;0;0;0;0;0;0;0;0;0;0;0;0;0;0;0;0;0;0;1;1
1243;0;0;0;8.993896484375;23.9697265625;0;0;0;0;0;0;0;0;0;0;0;0;0;0;0;0;0;0;0;0;0;1;1
1293;0;0;0;8.993896484375;23.9697265625;0;0;0;0;0;0;0;0;0;0;0;0;0;0;0;0;0;0;0;0;0;1;1
1344;0;0;0;8.993896484375;23.9697265625;0;0;0;0;0;0;0;0;0;0;0;0;0;0;0;0;0;0;0;0;0;1;1
1393;0;0;0;8.993896484375;23.9697265625;0;0;0;0;0;0;0;0;0;0;0;0;0;0;0;0;0;0;0;0;0;1;1
1444;0;0;0;8.993896484375;23.9697265625;0;0;0;0;0;0;0;0;0;0;0;0;0;0;0;0;0;0;0;0;0;1;1
1493;0;0;0;8.993896484375;23.9697265625;0;0;0;0;0;0;0;0;0;0;0;0;0;0;0;0;0;0;0;0;0;1;1
1544;0;0;0;8.993896484375;23.9697265625;0;0;0;0;0;0;0;0;0;0;0;0;0;0;0;0;0;0;0;0;0;1;1
1593;0;0;0;8.993896484375;23.9697265625;0;0;0;0;0;0;0;0;0;0;0;0;0;0;0;0;0;0;0;0;0;1;1
1644;0;0;0;8.993896484375;23.9697265625;0;0;0;0;0;0;0;0;0;0;0;0;0;0;0;0;0;0;0;0;0;1;1
1693;0;0;0;8.993896484375;23.9697265625;0;0;0;0;0;0;0;0;0;0;0;0;0;0;0;0;0;0;0;0;0;1;1
1743;0;0;0;8.993896484375;23.9697265625;0;0;0;0;0;0;0;0;0;0;0;0;0;0;0;0;0;0;0;0;0;1;1
1793;0;0;0;8.993896484375;23.9697265625;0;0;0;0;0;0;0;0;0;0;0;0;0;0;0;0;0;0;0;0;0;1;1
1843;0;0;0;8.993896484375;23.9697265625;0;0;0;0;0;0;0;0;0;0;0;0;0;0;0;0;0;0;0;0;0;1;1
1893;0;0;0;8.993896484375;23.9697265625;0;0;0;0;0;0;0;0;0;0;0;0;0;0;0;0;0;0;0;0;0;1;1
1943;0;0;0;8.993896484375;23.9697265625;0;0;0;0;0;0;0;0;0;0;0;0;0;0;0;0;0;0;0;0;0;1;1
1993;0;0;0;8.993896484375;23.9697265625;0;0;0;0;0;0;0;0;0;0;0;0;0;0;0;0;0;0;0;0;0;1;1
2043;0;0;0;8.993896484375;23.9697265625;0;0;0;0;0;0;0;0;0;0;0;0;0;0;0;0;0;0;0;0;0;1;1
2093;0;0;0;8.993896484375;23.9697265625;0;0;0;0;0;0;0;0;0;0;0;0;0;0;0;0;0;0;0;0;0;1;1
2143;0;0;0;8.993896484375;23.9697265625;0;0;0;0;0;0;0;0;0;0;0;0;0;0;0;0;0;0;0;0;0;1;1
2193;0;0;0;8.993896484375;23.9697265625;0;0;0;0;0;0;0;0;0;0;0;0;0;0;0;0;0;0;0;0;0;1;1
2243;0;0;0;8.993896484375;23.9697265625;0;0;0;0;0;0;0;0;0;0;0;0;0;0;0;0;0;0;0;0;0;1;1
2293;0;0;0;8.993896484375;23.9697265625;0;0;0;0;0;0;0;0;0;0;0;0;0;0;0;0;0;0;0;0;0;1;1
2343;0;0;0;8.993896484375;23.9697265625;0;0;0;0;0;0;0;0;0;0;0;0;0;0;0;0;0;0;0;0;0;1;1
2393;0;0;0;8.993896484375;23.9697265625;0;0;0;0;0;0;0;0;0;0;0;0;0;0;0;0;0;0;0;0;0;1;1
2443;0;0;0;8.993896484375;23.9697265625;0;0;0;0;0;0;0;0;0;0;0;0;0;0;0;0;0;0;0;0;0;1;1
2493;0;0;0;8.993896484375;23.9697265625;0;0;0;0;0;0;0;0;0;0;0;0;0;0;0;0;0;0;0;0;0;1;1
2543;0;0;0;8.993896484375;23.9697265625;0;0;0;0;0;0;0;0;0;0;0;0;0;0;0;0;0;0;0;0;0;1;1
2593;0;0;0;8.993896484375;23.9697265625;0;0;0;0;0;0;0;0;0;0;0;0;0;0;0;0;0;0;0;0;0;1;1
2643;0;0;0;8.993896484375;23.9697265625;0;0;0;0;0;0;0;0;0;0;0;0;0;0;0;0;0;0;0;0;0;1;1
2693;0;0;0;8.993896484375;23.9697265625;0;0;0;0;0;0;0;0;0;0;0;0;0;0;0;0;0;0;0;0;0;1;1
2744;0;0;0;8.993896484375;23.9697265625;0;0;0;0;0;0;0;0;0;0;0;0;0;0;0;0;0;0;0;0;0;1;1
2793;0;0;0;8.993896484375;23.9697265625;0;0;0;0;0;0;0;0;0;0;0;0;0;0;0;0;0;0;0;0;0;1;1
2843;0;0;0;8.993896484375;23.9697265625;0;0;0;0;0;0;0;0;0;0;0;0;0;0;0;0;0;0;0;0;0;1;1
2893;0;0;0;8.993896484375;23.9697265625;0;0;0;0;0;0;0;0;0;0;0;0;0;0;0;0;0;0;0;0;0;1;1
2943;0;0;0;8.993896484375;23.9697265625;0;0;0;0;0;0;0;0;0;0;0;0;0;0;0;0;0;0;0;0;0;1;1
2993;0;0;0;8.993896484375;23.9697265625;0;0;0;0;0;0;0;0;0;0;0;0;0;0;0;0;0;0;0;0;0;1;1
3043;0;0;0;8.993896484375;23.9697265625;0;0;0;0;0;0;0;0;0;0;0;0;0;0;0;0;0;0;0;0;0;1;1
3093;0;0;0;8.993896484375;23.9697265625;0;0;0;0;0;0;0;0;0;0;0;0;0;0;0;0;0;0;0;0;0;1;1
3143;0;0;0;8.993896484375;23.9697265625;0;0;0;0;0;0;0;0;0;0;0;0;0;0;0;0;0;0;0;0;0;1;1
3193;0;0;0;8.993896484375;23.9697265625;0;0;0;0;0;0;0;0;0;0;0;0;0;0;0;0;0;0;0;0;0;1;1
3243;0;0;0;8.993896484375;23.9697265625;0;0;0;0;0;0;0;0;0;0;0;0;0;0;0;0;0;0;0;0;0;1;1
3293;0;0;0;8.993896484375;23.9697265625;0;0;0;0;0;0;0;0;0;0;0;0;0;0;0;0;0;0;0;0;0;1;1
3343;0;0;0;8.993896484375;23.9697265625;0;0;0;0;0;0;0;0;0;0;0;0;0;0;0;0;0;0;0;0;0;1;1
3393;0;0;0;8.993896484375;23.9697265625;0;0;0;0;0;0;0;0;0;0;0;0;0;0;0;0;0;0;0;0;0;1;1
3443;0;0;0;8.993896484375;23.9697265625;0;0;0;0;0;0;0;0;0;0;0;0;0;0;0;0;0;0;0;0;0;1;1
3493;0;0;0;8.993896484375;23.9697265625;0;0;0;0;0;0;0;0;0;0;0;0;0;0;0;0;0;0;0;0;0;1;1
3543;0;0;0;8.993896484375;23.9697265625;0;0;0;0;0;0;0;0;0;0;0;0;0;0;0;0;0;0;0;0;0;1;1
3593;0;0;0;8.993896484375;23.9697265625;0;0;0;0;0;0;0;0;0;0;0;0;0;0;0;0;0;0;0;0;0;1;1
3644;0;0;0;8.993896484375;23.9697265625;0;0;0;0;0;0;0;0;0;0;0;0;0;0;0;0;0;0;0;0;0;1;1
3693;0;0;0;8.993896484375;23.9697265625;0;0;0;0;0;0;0;0;0;0;0;0;0;0;0;0;0;0;0;0;0;1;1
3744;0;0;0;8.993896484375;23.9697265625;0;0;0;0;0;0;0;0;0;0;0;0;0;0;0;0;0;0;0;0;0;1;1
3793;0;0;0;8.993896484375;23.9697265625;0;0;0;0;0;0;0;0;0;0;0;0;0;0;0;0;0;0;0;0;0;1;1
3844;0;0;0;8.993896484375;23.9697265625;0;0;0;0;0;0;0;0;0;0;0;0;0;0;0;0;0;0;0;0;0;1;1
3893;0;0;0;8.993896484375;23.9697265625;0;0;0;0;0;0;0;0;0;0;0;0;0;0;0;0;0;0;0;0;0;1;1
3944;0;0;0;8.993896484375;23.9697265625;0;0;0;0;0;0;0;0;0;0;0;0;0;0;0;0;0;0;0;0;0;1;1
3993;0;0;0;8.993896484375;23.9697265625;0;0;0;0;0;0;0;0;0;0;0;0;0;0;0;0;0;0;0;0;0;1;1
4043;0;0;0;8.993896484375;23.9697265625;0;0;0;0;0;0;0;0;0;0;0;0;0;0;0;0;0;0;0;0;0;1;1
4093;0;0;0;8.993896484375;23.9697265625;0;0;0;0;0;0;0;0;0;0;0;0;0;0;0;0;0;0;0;0;0;1;1
4143;0;0;0;8.993896484375;23.9697265625;0;0;0;0;0;0;0;0;0;0;0;0;0;0;0;0;0;0;0;0;0;1;1
4193;0;0;0;8.993896484375;23.9697265625;0;0;0;0;0;0;0;0;0;0;0;0;0;0;0;0;0;0;0;0;0;1;1
4243;0;0;0;8.993896484375;23.9697265625;0;0;0;0;0;0;0;0;0;0;0;0;0;0;0;0;0;0;0;0;0;1;1
4293;0;0;0;8.993896484375;23.9697265625;0;0;0;0;0;0;0;0;0;0;0;0;0;0;0;0;0;0;0;0;0;1;1
4343;0;0;0;8.993896484375;23.9697265625;0;0;0;0;0;0;0;0;0;0;0;0;0;0;0;0;0;0;0;0;0;1;1
4393;0;0;0;8.993896484375;23.9697265625;0;0;0;0;0;0;0;0;0;0;0;0;0;0;0;0;0;0;0;0;0;1;1
4443;0;0;0;8.993896484375;23.9697265625;0;0;0;0;0;0;0;0;0;0;0;0;0;0;0;0;0;0;0;0;0;1;1
4493;0;0;0;8.993896484375;23.9697265625;0;0;0;0;0;0;0;0;0;0;0;0;0;0;0;0;0;0;0;0;0;1;1
4543;0;0;0;8.993896484375;23.9697265625;0;0;0;0;0;0;0;0;0;0;0;0;0;0;0;0;0;0;0;0;0;1;1
4593;0;0;0;8.993896484375;23.9697265625;0;0;0;0;0;0;0;0;0;0;0;0;0;0;0;0;0;0;0;0;0;1;1
4643;0;0;0;8.993896484375;23.9697265625;0;0;0;0;0;0;0;0;0;0;0;0;0;0;0;0;0;0;0;0;0;1;1
4693;0;0;0;8.993896484375;23.9697265625;0;0;0;0;0;0;0;0;0;0;0;0;0;0;0;0;0;0;0;0;0;1;1
4744;0;0;0;8.993896484375;23.9697265625;0;0;0;0;0;0;0;0;0;0;0;0;0;0;0;0;0;0;0;0;0;1;1
4792;0;0;0;8.993896484375;23.9697265625;0;0;0;0;0;0;0;0;0;0;0;0;0;0;0;0;0;0;0;0;0;1;1
4844;0;0;0;8.993896484375;23.9697265625;0;0;0;0;0;0;0;0;0;0;0;0;0;0;0;0;0;0;0;0;0;1;1
4893;0;0;0;8.993896484375;23.9697265625;0;0;0;0;0;0;0;0;0;0;0;0;0;0;0;0;0;0;0;0;0;1;1
4944;0;0;0;8.993896484375;23.9697265625;0;0;0;0;0;0;0;0;0;0;0;0;0;0;0;0;0;0;0;0;0;1;1
4993;0;0;0;8.993896484375;23.9697265625;0;0;0;0;0;0;0;0;0;0;0;0;0;0;0;0;0;0;0;0;0;1;1
5045;0;0;0;8.993896484375;23.9697265625;0;0;0;0;0;0;0;0;0;0;0;0;0;0;0;0;0;0;0;0;0;1;1
5093;0;0;0;8.993896484375;23.9697265625;0;0;0;0;0;0;0;0;0;0;0;0;0;0;0;0;0;0;0;0;0;1;1
5143;0;0;0;8.993896484375;23.9697265625;0;0;0;0;0;0;0;0;0;0;0;0;0;0;0;0;0;0;0;0;0;1;1
5192;0;0;0;8.993896484375;23.9697265625;0;0;0;0;0;0;0;0;0;0;0;0;0;0;0;0;0;0;0;0;0;1;1
5243;0;0;0;8.993896484375;23.9697265625;0;0;0;0;0;0;0;0;0;0;0;0;0;0;0;0;0;0;0;0;0;1;1
5293;0;0;0;8.993896484375;23.9697265625;0;0;0;0;0;0;0;0;0;0;0;0;0;0;0;0;0;0;0;0;0;1;1
5343;0;0;0;8.993896484375;23.9697265625;0;0;0;0;0;0;0;0;0;0;0;0;0;0;0;0;0;0;0;0;0;1;1
5392;0;0;0;8.993896484375;23.9697265625;0;0;0;0;0;0;0;0;0;0;0;0;0;0;0;0;0;0;0;0;0;1;1
5443;0;0;0;8.993896484375;23.9697265625;0;0;0;0;0;0;0;0;0;0;0;0;0;0;0;0;0;0;0;0;0;1;1
5493;0;0;0;8.993896484375;23.9697265625;0;0;0;0;0;0;0;0;0;0;0;0;0;0;0;0;0;0;0;0;0;1;1
5543;0;0;0;8.993896484375;23.9697265625;0;0;0;0;0;0;0;0;0;0;0;0;0;0;0;0;0;0;0;0;0;1;1
5593;0;0;0;8.993896484375;23.9697265625;0;0;0;0;0;0;0;0;0;0;0;0;0;0;0;0;0;0;0;0;0;1;1
5643;0;0;0;8.993896484375;23.9697265625;0;0;0;0;0;0;0;0;0;0;0;0;0;0;0;0;0;0;0;0;0;1;1
5693;0;0;0;8.993896484375;23.9697265625;0;0;0;0;0;0;0;0;0;0;0;0;0;0;0;0;0;0;0;0;0;1;1
5743;0;0;0;8.993896484375;23.9697265625;0;0;0;0;0;0;0;0;0;0;0;0;0;0;0;0;0;0;0;0;0;1;1
5793;0;0;0;8.993896484375;23.9697265625;0;0;0;0;0;0;0;0;0;0;0;0;0;0;0;0;0;0;0;0;0;1;1
5843;0;0;0;8.993896484375;23.9697265625;0;0;0;0;0;0;0;0;0;0;0;0;0;0;0;0;0;0;0;0;0;1;1
5892;0;0;0;8.993896484375;23.9697265625;0;0;0;0;0;0;0;0;0;0;0;0;0;0;0;0;0;0;0;0;0;1;1
5943;0;0;0;8.993896484375;23.9697265625;0;0;0;0;0;0;0;0;0;0;0;0;0;0;0;0;0;0;0;0;0;1;1
5993;0;0;0;8.993896484375;23.9697265625;0;0;0;0;0;0;0;0;0;0;0;0;0;0;0;0;0;0;0;0;0;1;1
6043;0;0;0;8.993896484375;23.9697265625;0;0;0;0;0;0;0;0;0;0;0;0;0;0;0;0;0;0;0;0;0;1;1
6092;0;0;0;8.993896484375;23.9697265625;0;0;0;0;0;0;0;0;0;0;0;0;0;0;0;0;0;0;0;0;0;1;1
6143;0;0;0;8.993896484375;23.9697265625;0;0;0;0;0;0;0;0;0;0;0;0;0;0;0;0;0;0;0;0;0;1;1
6193;0;0;0;8.993896484375;23.9697265625;0;0;0;0;0;0;0;0;0;0;0;0;0;0;0;0;0;0;0;0;0;1;1
6243;0;0;0;8.993896484375;23.9697265625;0;0;0;0;0;0;0;0;0;0;0;0;0;0;0;0;0;0;0;0;0;1;1
6293;0;0;0;8.993896484375;23.9697265625;0;0;0;0;0;0;0;0;0;0;0;0;0;0;0;0;0;0;0;0;0;1;1
6343;0;0;0;8.993896484375;23.9697265625;0;0;0;0;0;0;0;0;0;0;0;0;0;0;0;0;0;0;0;0;0;1;1
6393;0;0;0;8.993896484375;23.9697265625;0;0;0;0;0;0;0;0;0;0;0;0;0;0;0;0;0;0;0;0;0;1;1
6443;0;0;0;8.993896484375;23.9697265625;0;0;0;0;0;0;0;0;0;0;0;0;0;0;0;0;0;0;0;0;0;1;1
6493;0;0;0;8.993896484375;23.9697265625;0;0;0;0;0;0;0;0;0;0;0;0;0;0;0;0;0;0;0;0;0;1;1
6543;0;0;0;8.993896484375;23.9697265625;0;0;0;0;0;0;0;0;0;0;0;0;0;0;0;0;0;0;0;0;0;1;1
6592;0;0;0;8.993896484375;23.9697265625;0;0;0;0;0;0;0;0;0;0;0;0;0;0;0;0;0;0;0;0;0;1;1
6643;0;0;0;8.993896484375;23.9697265625;0;0;0;0;0;0;0;0;0;0;0;0;0;0;0;0;0;0;0;0;0;1;1
6692;0;0;0;8.993896484375;23.9697265625;0;0;0;0;0;0;0;0;0;0;0;0;0;0;0;0;0;0;0;0;0;1;1
6743;0;0;0;8.993896484375;23.9697265625;0;0;0;0;0;0;0;0;0;0;0;0;0;0;0;0;0;0;0;0;0;1;1
6793;0;0;0;8.993896484375;23.9697265625;0;0;0;0;0;0;0;0;0;0;0;0;0;0;0;0;0;0;0;0;0;1;1
6843;0;0;0;8.993896484375;23.9697265625;0;0;0;0;0;0;0;0;0;0;0;0;0;0;0;0;0;0;0;0;0;1;1
6894;0;0;0;8.993896484375;23.9697265625;0;0;0;0;0;0;0;0;0;0;0;0;0;0;0;0;0;0;0;0;0;1;1
6943;0;0;0;8.993896484375;23.9697265625;0;0;0;0;0;0;0;0;0;0;0;0;0;0;0;0;0;0;0;0;0;1;1
6993;0;0;0;8.993896484375;23.9697265625;0;0;0;0;0;0;0;0;0;0;0;0;0;0;0;0;0;0;0;0;0;1;1
7043;0;0;0;8.993896484375;23.9697265625;0;0;0;0;0;0;0;0;0;0;0;0;0;0;0;0;0;0;0;0;0;1;1
7093;0;0;0;8.993896484375;23.9697265625;0;0;0;0;0;0;0;0;0;0;0;0;0;0;0;0;0;0;0;0;0;1;1
7144;0;0;0;8.993896484375;23.9697265625;0;0;0;0;0;0;0;0;0;0;0;0;0;0;0;0;0;0;0;0;0;1;1
7192;0;0;0;8.993896484375;23.9697265625;0;0;0;0;0;0;0;0;0;0;0;0;0;0;0;0;0;0;0;0;0;1;1
7244;0;0;0;8.993896484375;23.9697265625;0;0;0;0;0;0;0;0;0;0;0;0;0;0;0;0;0;0;0;0;0;1;1
7293;0;0;0;8.993896484375;23.9697265625;0;0;0;0;0;0;0;0;0;0;0;0;0;0;0;0;0;0;0;0;0;1;1
7353;0;0;0;8.993896484375;23.9697265625;0;0;0;0;0;0;0;0;0;0;0;0;0;0;0;0;0;0;0;0;0;1;1
7403;0;0;0;8.993896484375;23.9697265625;0;0;0;0;0;0;0;0;0;0;0;0;0;0;0;0;0;0;0;0;0;1;1
7452;0;0;0;8.993896484375;23.9697265625;0;0;0;0;0;0;0;0;0;0;0;0;0;0;0;0;0;0;0;0;0;1;1
7503;0;0;0;8.993896484375;23.9697265625;0;0;0;0;0;0;0;0;0;0;0;0;0;0;0;0;0;0;0;0;0;1;1
7553;0;0;0;8.993896484375;23.9697265625;0;0;0;0;0;0;0;0;0;0;0;0;0;0;0;0;0;0;0;0;0;1;1
7603;0;0;0;8.993896484375;23.9697265625;0;0;0;0;0;0;0;0;0;0;0;0;0;0;0;0;0;0;0;0;0;1;1
7653;0;0;0;8.993896484375;23.9697265625;0;0;0;0;0;0;0;0;0;0;0;0;0;0;0;0;0;0;0;0;0;1;1
7704;0;0;0;8.993896484375;23.9697265625;0;0;0;0;0;0;0;0;0;0;0;0;0;0;0;0;0;0;0;0;0;1;1
7753;0;0;0;8.993896484375;23.9697265625;0;0;0;0;0;0;0;0;0;0;0;0;0;0;0;0;0;0;0;0;0;1;1
7803;0;0;0;8.993896484375;23.9697265625;0;0;0;0;0;0;0;0;0;0;0;0;0;0;0;0;0;0;0;0;0;1;1
7853;0;0;0;8.993896484375;23.9697265625;0;0;0;0;0;0;0;0;0;0;0;0;0;0;0;0;0;0;0;0;0;1;1
7904;0;0;0;8.993896484375;23.9697265625;0;0;0;0;0;0;0;0;0;0;0;0;0;0;0;0;0;0;0;0;0;1;1
7953;0;0;0;8.993896484375;23.9697265625;0;0;0;0;0;0;0;0;0;0;0;0;0;0;0;0;0;0;0;0;0;1;1
8003;0;0;0;8.993896484375;23.9697265625;0;0;0;0;0;0;0;0;0;0;0;0;0;0;0;0;0;0;0;0;0;1;1
8052;0;0;0;8.993896484375;23.9697265625;0;0;0;0;0;0;0;0;0;0;0;0;0;0;0;0;0;0;0;0;0;1;1
8103;0;0;0;8.993896484375;23.9697265625;0;0;0;0;0;0;0;0;0;0;0;0;0;0;0;0;0;0;0;0;0;1;1
8153;0;0;0;8.993896484375;23.9697265625;0;0;0;0;0;0;0;0;0;0;0;0;0;0;0;0;0;0;0;0;0;1;1
8203;0;0;0;8.993896484375;23.9697265625;0;0;0;0;0;0;0;0;0;0;0;0;0;0;0;0;0;0;0;0;0;1;1
8253;0;0;0;8.993896484375;23.9697265625;0;0;0;0;0;0;0;0;0;0;0;0;0;0;0;0;0;0;0;0;0;1;1
8303;0;0;0;8.993896484375;23.9697265625;0;0;0;0;0;0;0;0;0;0;0;0;0;0;0;0;0;0;0;0;0;1;1
8353;0;0;0;8.993896484375;23.9697265625;0;0;0;0;0;0;0;0;0;0;0;0;0;0;0;0;0;0;0;0;0;1;1
8403;0;0;0;8.993896484375;23.9697265625;0;0;0;0;0;0;0;0;0;0;0;0;0;0;0;0;0;0;0;0;0;1;1
8453;0;0;0;8.993896484375;23.9697265625;0;0;0;0;0;0;0;0;0;0;0;0;0;0;0;0;0;0;0;0;0;1;1
8503;0;0;0;8.993896484375;23.9697265625;0;0;0;0;0;0;0;0;0;0;0;0;0;0;0;0;0;0;0;0;0;1;1
8553;0;0;0;8.993896484375;23.9697265625;0;0;0;0;0;0;0;0;0;0;0;0;0;0;0;0;0;0;0;0;0;1;1
8604;0;0;0;8.993896484375;23.9697265625;0;0;0;0;0;0;0;0;0;0;0;0;0;0;0;0;0;0;0;0;0;1;1
8653;0;0;0;8.993896484375;23.9697265625;0;0;0;0;0;0;0;0;0;0;0;0;0;0;0;0;0;0;0;0;0;1;1
8704;0;0;0;8.993896484375;23.9697265625;0;0;0;0;0;0;0;0;0;0;0;0;0;0;0;0;0;0;0;0;0;1;1
8753;0;0;0;8.993896484375;23.9697265625;0;0;0;0;0;0;0;0;0;0;0;0;0;0;0;0;0;0;0;0;0;1;1
8803;0;0;0;8.993896484375;23.9697265625;0;0;0;0;0;0;0;0;0;0;0;0;0;0;0;0;0;0;0;0;0;1;1
8853;0;0;0;8.993896484375;23.9697265625;0;0;0;0;0;0;0;0;0;0;0;0;0;0;0;0;0;0;0;0;0;1;1
8903;0;0;0;8.993896484375;23.9697265625;0;0;0;0;0;0;0;0;0;0;0;0;0;0;0;0;0;0;0;0;0;1;1
8953;0;0;0;8.993896484375;23.9697265625;0;0;0;0;0;0;0;0;0;0;0;0;0;0;0;0;0;0;0;0;0;1;1
9004;0;0;0;8.993896484375;23.9697265625;0;0;0;0;0;0;0;0;0;0;0;0;0;0;0;0;0;0;0;0;0;1;1
9053;0;0;0;8.993896484375;23.9697265625;0;0;0;0;0;0;0;0;0;0;0;0;0;0;0;0;0;0;0;0;0;1;1
9103;0;0;0;8.993896484375;23.9697265625;0;0;0;0;0;0;0;0;0;0;0;0;0;0;0;0;0;0;0;0;0;1;1
9153;0;0;0;8.993896484375;23.9697265625;0;0;0;0;0;0;0;0;0;0;0;0;0;0;0;0;0;0;0;0;0;1;1
9203;0;0;0;8.993896484375;23.9697265625;0;0;0;0;0;0;0;0;0;0;0;0;0;0;0;0;0;0;0;0;0;1;1
9252;0;0;0;8.993896484375;23.9697265625;0;0;0;0;0;0;0;0;0;0;0;0;0;0;0;0;0;0;0;0;0;1;1
9303;0;0;0;8.993896484375;23.9697265625;0;0;0;0;0;0;0;0;0;0;0;0;0;0;0;0;0;0;0;0;0;1;1
9353;0;0;0;8.993896484375;23.9697265625;0;0;0;0;0;0;0;0;0;0;0;0;0;0;0;0;0;0;0;0;0;1;1
9403;0;0;0;8.993896484375;23.9697265625;0;0;0;0;0;0;0;0;0;0;0;0;0;0;0;0;0;0;0;0;0;1;1
9453;0;0;0;8.993896484375;23.9697265625;0;0;0;0;0;0;0;0;0;0;0;0;0;0;0;0;0;0;0;0;0;1;1
9504;0;0;0;8.993896484375;23.9697265625;0;0;0;0;0;0;0;0;0;0;0;0;0;0;0;0;0;0;0;0;0;1;1
9553;0;0;0;8.993896484375;23.9697265625;0;0;0;0;0;0;0;0;0;0;0;0;0;0;0;0;0;0;0;0;0;1;1
9603;0;0;0;8.993896484375;23.9697265625;0;0;0;0;0;0;0;0;0;0;0;0;0;0;0;0;0;0;0;0;0;1;1
9653;0;0;0;8.993896484375;23.9697265625;0;0;0;0;0;0;0;0;0;0;0;0;0;0;0;0;0;0;0;0;0;1;1
9703;0;0;0;8.993896484375;23.9697265625;0;0;0;0;0;0;0;0;0;0;0;0;0;0;0;0;0;0;0;0;0;1;1
9753;0;0;0;8.993896484375;23.9697265625;0;0;0;0;0;0;0;0;0;0;0;0;0;0;0;0;0;0;0;0;0;1;1
9803;0;0;0;8.993896484375;23.9697265625;0;0;0;0;0;0;0;0;0;0;0;0;0;0;0;0;0;0;0;0;0;1;1
9853;0;0;0;8.993896484375;23.9697265625;0;0;0;0;0;0;0;0;0;0;0;0;0;0;0;0;0;0;0;0;0;1;1
9903;0;0;0;8.993896484375;23.9697265625;0;0;0;0;0;0;0;0;0;0;0;0;0;0;0;0;0;0;0;0;0;1;1
9952;0;0;0;8.993896484375;23.9697265625;0;0;0;0;0;0;0;0;0;0;0;0;0;0;0;0;0;0;0;0;0;1;1
10003;0;0;0;8.993896484375;23.9697265625;0;0;0;0;0;0;0;0;0;0;0;0;0;0;0;0;0;0;0;0;0;1;1
10052;0;0;0;8.993896484375;23.9697265625;0;0;0;0;0;0;0;0;0;0;0;0;0;0;0;0;0;0;0;0;0;1;1
10103;0;0;0;8.993896484375;23.9697265625;0;0;0;0;0;0;0;0;0;0;0;0;0;0;0;0;0;0;0;0;0;1;1
10153;0;0;0;8.993896484375;23.9697265625;0;0;0;0;0;0;0;0;0;0;0;0;0;0;0;0;0;0;0;0;0;1;1
10203;0;0;0;8.993896484375;23.9697265625;0;0;0;0;0;0;0;0;0;0;0;0;0;0;0;0;0;0;0;0;0;1;1
10253;0;0;0;8.993896484375;23.9697265625;0;0;0;0;0;0;0;0;0;0;0;0;0;0;0;0;0;0;0;0;0;1;1
10303;0;0;0;8.993896484375;23.9697265625;0;0;0;0;0;0;0;0;0;0;0;0;0;0;0;0;0;0;0;0;0;1;1
10353;0;0;0;8.993896484375;23.9697265625;0;0;0;0;0;0;0;0;0;0;0;0;0;0;0;0;0;0;0;0;0;1;1
10403;0;0;0;8.993896484375;23.9697265625;0;0;0;0;0;0;0;0;0;0;0;0;0;0;0;0;0;0;0;0;0;1;1
10453;0;0;0;8.993896484375;23.9697265625;0;0;0;0;0;0;0;0;0;0;0;0;0;0;0;0;0;0;0;0;0;1;1
10504;0;0;0;8.993896484375;23.9697265625;0;0;0;0;0;0;0;0;0;0;0;0;0;0;0;0;0;0;0;0;0;1;1
10553;0;0;0;8.993896484375;23.9697265625;0;0;0;0;0;0;0;0;0;0;0;0;0;0;0;0;0;0;0;0;0;1;1
10603;0;0;0;8.993896484375;23.9697265625;0;0;0;0;0;0;0;0;0;0;0;0;0;0;0;0;0;0;0;0;0;1;1
10653;0;0;0;8.993896484375;23.9697265625;0;0;0;0;0;0;0;0;0;0;0;0;0;0;0;0;0;0;0;0;0;1;1
10703;0;0;0;8.993896484375;23.9697265625;0;0;0;0;0;0;0;0;0;0;0;0;0;0;0;0;0;0;0;0;0;1;1
10753;0;0;0;8.993896484375;23.9697265625;0;0;0;0;0;0;0;0;0;0;0;0;0;0;0;0;0;0;0;0;0;1;1
10803;0;0;0;8.993896484375;23.9697265625;0;0;0;0;0;0;0;0;0;0;0;0;0;0;0;0;0;0;0;0;0;1;1
10853;0;0;0;8.993896484375;23.9697265625;0;0;0;0;0;0;0;0;0;0;0;0;0;0;0;0;0;0;0;0;0;1;1
10904;0;0;0;8.993896484375;23.9697265625;0;0;0;0;0;0;0;0;0;0;0;0;0;0;0;0;0;0;0;0;0;1;1
10953;0;0;0;8.993896484375;23.9697265625;0;0;0;0;0;0;0;0;0;0;0;0;0;0;0;0;0;0;0;0;0;1;1
11003;0;0;0;8.993896484375;23.9697265625;0;0;0;0;0;0;0;0;0;0;0;0;0;0;0;0;0;0;0;0;0;1;1
11053;0;0;0;8.993896484375;23.9697265625;0;0;0;0;0;0;0;0;0;0;0;0;0;0;0;0;0;0;0;0;0;1;1
11103;0;0;0;8.993896484375;23.9697265625;0;0;0;0;0;0;0;0;0;0;0;0;0;0;0;0;0;0;0;0;0;1;1
11153;0;0;0;8.993896484375;23.9697265625;0;0;0;0;0;0;0;0;0;0;0;0;0;0;0;0;0;0;0;0;0;1;1
11204;0;0;0;8.993896484375;23.9697265625;0;0;0;0;0;0;0;0;0;0;0;0;0;0;0;0;0;0;0;0;0;1;1
11252;0;0;0;8.993896484375;23.9697265625;0;0;0;0;0;0;0;0;0;0;0;0;0;0;0;0;0;0;0;0;0;1;1
11304;0;0;0;8.993896484375;23.9697265625;0;0;0;0;0;0;0;0;0;0;0;0;0;0;0;0;0;0;0;0;0;1;1
11353;12;0;0;8.993896484375;23.9697265625;0;0;0;0;0;0;0;0;0;0;0;0;0;0;0;0;0;0;0;0;0;1;1
11404;12;0;0;8.993896484375;23.9697265625;0;0;0;0;0;0;0;0;0;0;0;0;0;0;0;0;0;0;0;0;0;1;1
11453;12;0;0;8.993896484375;23.9697265625;0;0;0;0;0;0;0;0;0;0;0;0;0;0;0;0;0;0;0;0;0;1;1
11504;12;0;0;8.993896484375;23.9697265625;0;0;0;0;0;0;0;0;0;0;0;0;0;0;0;0;0;0;0;0;0;1;1
11553;12;0;0;8.993896484375;23.9697265625;0;0;0;0;0;0;0;0;0;0;0;0;0;0;0;0;0;0;0;0;0;1;1
11603;12;0;0;8.993896484375;23.9697265625;0;0;0;0;0;0;0;0;0;0;0;0;0;0;0;0;0;0;0;0;0;1;1
11652;12;0;0;8.993896484375;23.9697265625;0;0;0;0;0;0;0;0;0;0;0;0;0;0;0;0;0;0;0;0;0;1;1
11703;12;0;0;8.993896484375;23.9697265625;0;0;0;0;0;0;0;0;0;0;0;0;0;0;0;0;0;0;0;0;0;1;1
11753;12;0;0;8.993896484375;23.9697265625;0;0;0;0;0;0;0;0;0;0;0;0;0;0;0;0;0;0;0;0;0;1;1
11803;12;0;0;8.993896484375;23.9697265625;0;0;0;0;0;0;0;0;0;0;0;0;0;0;0;0;0;0;0;0;0;1;1
11853;12;0;0;8.993896484375;23.9697265625;0;0;0;0;0;0;0;0;0;0;0;0;0;0;0;0;0;0;0;0;0;1;1
11903;12;0;0;8.993896484375;23.9697265625;0;0;0;0;0;0;0;0;0;0;0;0;0;0;0;0;0;0;0;0;0;1;1
11953;12;0;0;8.993896484375;23.9697265625;0;0;0;0;0;0;0;0;0;0;0;0;0;0;0;0;0;0;0;0;0;1;1
12003;12;0;0;8.993896484375;23.9697265625;0;0;0;0;0;0;0;0;0;0;0;0;0;0;0;0;0;0;0;0;0;1;1
12053;12;0;0;8.993896484375;23.9697265625;0;0;0;0;0;0;0;0;0;0;0;0;0;0;0;0;0;0;0;0;0;1;1
12103;12;0;0;8.993896484375;23.9697265625;0;0;0;0;0;0;0;0;0;0;0;0;0;0;0;0;0;0;0;0;0;1;1
12153;12;0;0;8.993896484375;23.9697265625;0;0;0;0;0;0;0;0;0;0;0;0;0;0;0;0;0;0;0;0;0;1;1
12203;12;0;0;8.993896484375;23.9697265625;0;0;0;0;0;0;0;0;0;0;0;0;0;0;0;0;0;0;0;0;0;1;1
12252;12;0;0;8.993896484375;23.9697265625;0;0;0;0;0;0;0;0;0;0;0;0;0;0;0;0;0;0;0;0;0;1;1
12303;12;0;0;8.993896484375;23.9697265625;0;0;0;0;0;0;0;0;0;0;0;0;0;0;0;0;0;0;0;0;0;1;1
12352;12;0;0;8.993896484375;23.9697265625;0;0;0;0;0;0;0;0;0;0;0;0;0;0;0;0;0;0;0;0;0;1;1
12403;12;0;0;8.993896484375;23.9697265625;0;0;0;0;0;0;0;0;0;0;0;0;0;0;0;0;0;0;0;0;0;1;1
12452;12;0;0;8.993896484375;23.9697265625;0;0;0;0;0;0;0;0;0;0;0;0;0;0;0;0;0;0;0;0;0;1;1
12503;12;0;0;8.993896484375;23.9697265625;0;0;0;0;0;0;0;0;0;0;0;0;0;0;0;0;0;0;0;0;0;1;1
12553;12;0;0;8.993896484375;23.9697265625;0;0;0;0;0;0;0;0;0;0;0;0;0;0;0;0;0;0;0;0;0;1;1
12603;12;0;0;8.993896484375;23.9697265625;0;0;0;0;0;0;0;0;0;0;0;0;0;0;0;0;0;0;0;0;0;1;1
12652;12;0;0;8.993896484375;23.9697265625;0;0;0;0;0;0;0;0;0;0;0;0;0;0;0;0;0;0;0;0;0;1;1
12703;12;0;0;8.993896484375;23.9697265625;0;0;0;0;0;0;0;0;0;0;0;0;0;0;0;0;0;0;0;0;0;1;1
12753;12;0;0;8.993896484375;23.9697265625;0;0;0;0;0;0;0;0;0;0;0;0;0;0;0;0;0;0;0;0;0;1;1
12805;12;0;0;8.993896484375;23.9697265625;0;0;0;0;0;0;0;0;0;0;0;0;0;0;0;0;0;0;0;0;0;1;1
12853;12;0;0;8.993896484375;23.9697265625;0;0;0;0;0;0;0;0;0;0;0;0;0;0;0;0;0;0;0;0;0;1;1
12903;12;0;0;8.993896484375;23.9697265625;0;0;0;0;0;0;0;0;0;0;0;0;0;0;0;0;0;0;0;0;0;1;1
12953;12;0;0;8.993896484375;23.9697265625;0;0;0;0;0;0;0;0;0;0;0;0;0;0;0;0;0;0;0;0;0;1;1
13003;12;0;0;8.993896484375;23.9697265625;0;0;0;0;0;0;0;0;0;0;0;0;0;0;0;0;0;0;0;0;0;1;1
13052;0;0;0;8.993896484375;23.9697265625;0;0;0;0;0;0;0;0;0;0;0;0;0;0;0;0;0;0;0;0;0;1;1
13103;0;0;0;8.993896484375;23.9697265625;0;0;0;0;0;0;0;0;0;0;0;0;0;0;0;0;0;0;0;0;0;1;1
13153;0;0;0;8.993896484375;23.9697265625;0;0;0;0;0;0;0;0;0;0;0;0;0;0;0;0;0;0;0;0;0;1;1
13203;0;0;0;8.993896484375;23.9697265625;0;0;0;0;0;0;0;0;0;0;0;0;0;0;0;0;0;0;0;0;0;1;1
13253;0;0;0;8.993896484375;23.9697265625;0;0;0;0;0;0;0;0;0;0;0;0;0;0;0;0;0;0;0;0;0;1;1
13303;0;0;0;8.993896484375;23.9697265625;0;0;0;0;0;0;0;0;0;0;0;0;0;0;0;0;0;0;0;0;0;1;1
13353;0;0;0;8.993896484375;23.9697265625;0;0;0;0;0;0;0;0;0;0;0;0;0;0;0;0;0;0;0;0;0;1;1
13404;0;0;0;8.993896484375;23.9697265625;0;0;0;0;0;0;0;0;0;0;0;0;0;0;0;0;0;0;0;0;0;1;1
13453;0;0;0;8.993896484375;23.9697265625;0;0;0;0;0;0;0;0;0;0;0;0;0;0;0;0;0;0;0;0;0;1;1
13503;0;0;0;8.993896484375;23.9697265625;0;0;0;0;0;0;0;0;0;0;0;0;0;0;0;0;0;0;0;0;0;1;1
13553;0;0;0;8.993896484375;23.9697265625;0;0;0;0;0;0;0;0;0;0;0;0;0;0;0;0;0;0;0;0;0;1;1
13604;0;0;0;8.993896484375;23.9697265625;0;0;0;0;0;0;0;0;0;0;0;0;0;0;0;0;0;0;0;0;0;1;1
13653;0;0;0;8.993896484375;23.9697265625;0;0;0;0;0;0;0;0;0;0;0;0;0;0;0;0;0;0;0;0;0;1;1
13703;0;0;0;8.993896484375;23.9697265625;0;0;0;0;0;0;0;0;0;0;0;0;0;0;0;0;0;0;0;0;0;1;1
13752;0;0;0;8.993896484375;23.9697265625;0;0;0;0;0;0;0;0;0;0;0;0;0;0;0;0;0;0;0;0;0;1;1
13803;0;0;0;8.993896484375;23.9697265625;0;0;0;0;0;0;0;0;0;0;0;0;0;0;0;0;0;0;0;0;0;1;1
13852;0;0;0;8.993896484375;23.9697265625;0;0;0;0;0;0;0;0;0;0;0;0;0;0;0;0;0;0;0;0;0;1;1
13903;0;0;0;8.993896484375;23.9697265625;0;0;0;0;0;0;0;0;0;0;0;0;0;0;0;0;0;0;0;0;0;1;1
13953;0;0;0;8.993896484375;23.9697265625;0;0;0;0;0;0;0;0;0;0;0;0;0;0;0;0;0;0;0;0;0;1;1
14003;0;0;0;8.993896484375;23.9697265625;0;0;0;0;0;0;0;0;0;0;0;0;0;0;0;0;0;0;0;0;0;1;1
14052;0;0;0;8.993896484375;23.9697265625;0;0;0;0;0;0;0;0;0;0;0;0;0;0;0;0;0;0;0;0;0;1;1
14103;0;0;0;8.993896484375;23.9697265625;0;0;0;0;0;0;0;0;0;0;0;0;0;0;0;0;0;0;0;0;0;1;1
14152;0;0;0;8.993896484375;23.9697265625;0;0;0;0;0;0;0;0;0;0;0;0;0;0;0;0;0;0;0;0;0;1;1
14203;0;0;0;8.993896484375;23.9697265625;0;0;0;0;0;0;0;0;0;0;0;0;0;0;0;0;0;0;0;0;0;1;1
14253;0;0;0;8.993896484375;23.9697265625;0;0;0;0;0;0;0;0;0;0;0;0;0;0;0;0;0;0;0;0;0;1;1
14303;0;0;0;8.993896484375;23.9697265625;0;0;0;0;0;0;0;0;0;0;0;0;0;0;0;0;0;0;0;0;0;1;1
14353;0;0;0;8.993896484375;23.9697265625;0;0;0;0;0;0;0;0;0;0;0;0;0;0;0;0;0;0;0;0;0;1;1
14403;0;0;0;8.993896484375;23.9697265625;0;0;0;0;0;0;0;0;0;0;0;0;0;0;0;0;0;0;0;0;0;1;1
14453;0;0;0;8.993896484375;23.9697265625;0;0;0;0;0;0;0;0;0;0;0;0;0;0;0;0;0;0;0;0;0;1;1
14503;0;0;0;8.993896484375;23.9697265625;0;0;0;0;0;0;0;0;0;0;0;0;0;0;0;0;0;0;0;0;0;1;1
14554;0;0;0;8.993896484375;23.9697265625;0;0;0;0;0;0;0;0;0;0;0;0;0;0;0;0;0;0;0;0;0;1;1
14603;0;0;0;8.993896484375;23.9697265625;0;0;0;0;0;0;0;0;0;0;0;0;0;0;0;0;0;0;0;0;0;1;1
14653;0;0;0;8.993896484375;23.9697265625;0;0;0;0;0;0;0;0;0;0;0;0;0;0;0;0;0;0;0;0;0;1;1
14703;0;0;0;8.993896484375;23.9697265625;0;0;0;0;0;0;0;0;0;0;0;0;0;0;0;0;0;0;0;0;0;1;1
14753;0;0;0;8.993896484375;23.9697265625;0;0;0;0;0;0;0;0;0;0;0;0;0;0;0;0;0;0;0;0;0;1;1
14804;0;0;0;8.993896484375;23.9697265625;0;0;0;0;0;0;0;0;0;0;0;0;0;0;0;0;0;0;0;0;0;1;1
14853;0;0;0;8.993896484375;23.9697265625;0;0;0;0;0;0;0;0;0;0;0;0;0;0;0;0;0;0;0;0;0;1;1
14903;0;0;0;8.993896484375;23.9697265625;0;0;0;0;0;0;0;0;0;0;0;0;0;0;0;0;0;0;0;0;0;1;1
14953;0;0;0;8.993896484375;23.9697265625;0;0;0;0;0;0;0;0;0;0;0;0;0;0;0;0;0;0;0;0;0;1;1
15004;0;0;0;8.993896484375;23.9697265625;0;0;0;0;0;0;0;0;0;0;0;0;0;0;0;0;0;0;0;0;0;1;1
15052;0;0;0;8.993896484375;23.9697265625;0;0;0;0;0;0;0;0;0;0;0;0;0;0;0;0;0;0;0;0;0;1;1
15104;0;0;0;8.993896484375;23.9697265625;0;0;0;0;0;0;0;0;0;0;0;0;0;0;0;0;0;0;0;0;0;1;1
15153;0;0;0;8.993896484375;23.9697265625;0;0;0;0;0;0;0;0;0;0;0;0;0;0;0;0;0;0;0;0;0;1;1
15203;0;0;0;8.993896484375;23.9697265625;0;0;0;0;0;0;0;0;0;0;0;0;0;0;0;0;0;0;0;0;0;1;1
15253;0;0;0;8.993896484375;23.9697265625;0;0;0;0;0;0;0;0;0;0;0;0;0;0;0;0;0;0;0;0;0;1;1
15303;0;0;0;8.993896484375;23.9697265625;0;0;0;0;0;0;0;0;0;0;0;0;0;0;0;0;0;0;0;0;0;1;1
15353;0;0;0;8.993896484375;23.9697265625;0;0;0;0;0;0;0;0;0;0;0;0;0;0;0;0;0;0;0;0;0;1;1
15403;0;0;0;8.993896484375;23.9697265625;0;0;0;0;0;0;0;0;0;0;0;0;0;0;0;0;0;0;0;0;0;1;1
15453;0;0;0;8.993896484375;23.9697265625;0;0;0;0;0;0;0;0;0;0;0;0;0;0;0;0;0;0;0;0;0;1;1
15503;0;0;0;8.993896484375;23.9697265625;0;0;0;0;0;0;0;0;0;0;0;0;0;0;0;0;0;0;0;0;0;1;1
15553;0;0;0;8.993896484375;23.9697265625;0;0;0;0;0;0;0;0;0;0;0;0;0;0;0;0;0;0;0;0;0;1;1
15603;0;0;0;8.993896484375;23.9697265625;0;0;0;0;0;0;0;0;0;0;0;0;0;0;0;0;0;0;0;0;0;1;1
15652;0;0;0;8.993896484375;23.9697265625;0;0;0;0;0;0;0;0;0;0;0;0;0;0;0;0;0;0;0;0;0;1;1
15703;0;0;0;8.993896484375;23.9697265625;0;0;0;0;0;0;0;0;0;0;0;0;0;0;0;0;0;0;0;0;0;1;1
15753;0;0;0;8.993896484375;23.9697265625;0;0;0;0;0;0;0;0;0;0;0;0;0;0;0;0;0;0;0;0;0;1;1
15803;0;0;0;8.993896484375;23.9697265625;0;0;0;0;0;0;0;0;0;0;0;0;0;0;0;0;0;0;0;0;0;1;1
15853;0;0;0;8.993896484375;23.9697265625;0;0;0;0;0;0;0;0;0;0;0;0;0;0;0;0;0;0;0;0;0;1;1
15903;0;0;0;8.993896484375;23.9697265625;0;0;0;0;0;0;0;0;0;0;0;0;0;0;0;0;0;0;0;0;0;1;1
15952;0;0;0;8.993896484375;23.9697265625;0;0;0;0;0;0;0;0;0;0;0;0;0;0;0;0;0;0;0;0;0;1;1
16003;0;0;0;8.993896484375;23.9697265625;0;0;0;0;0;0;0;0;0;0;0;0;0;0;0;0;0;0;0;0;0;1;1
16053;0;0;0;8.993896484375;23.9697265625;0;0;0;0;0;0;0;0;0;0;0;0;0;0;0;0;0;0;0;0;0;1;1
16103;0;0;0;8.993896484375;23.9697265625;0;0;0;0;0;0;0;0;0;0;0;0;0;0;0;0;0;0;0;0;0;1;1
16153;0;0;0;8.993896484375;23.9697265625;0;0;0;0;0;0;0;0;0;0;0;0;0;0;0;0;0;0;0;0;0;1;1
16204;0;0;0;8.993896484375;23.9697265625;0;0;0;0;0;0;0;0;0;0;0;0;0;0;0;0;0;0;0;0;0;1;1
16253;0;0;0;8.993896484375;23.9697265625;0;0;0;0;0;0;0;0;0;0;0;0;0;0;0;0;0;0;0;0;0;1;1
16304;0;0;0;8.993896484375;23.9697265625;0;0;0;0;0;0;0;0;0;0;0;0;0;0;0;0;0;0;0;0;0;1;1
16353;0;0;0;8.993896484375;23.9697265625;0;0;0;0;0;0;0;0;0;0;0;0;0;0;0;0;0;0;0;0;0;1;1
16403;0;0;0;8.993896484375;23.9697265625;0;0;0;0;0;0;0;0;0;0;0;0;0;0;0;0;0;0;0;0;0;1;1
16453;0;0;0;8.993896484375;23.9697265625;0;0;0;0;0;0;0;0;0;0;0;0;0;0;0;0;0;0;0;0;0;1;1
16503;0;0;0;8.993896484375;23.9697265625;0;0;0;0;0;0;0;0;0;0;0;0;0;0;0;0;0;0;0;0;0;1;1
16553;0;0;0;8.993896484375;23.9697265625;0;0;0;0;0;0;0;0;0;0;0;0;0;0;0;0;0;0;0;0;0;1;1
16603;0;0;0;8.993896484375;23.9697265625;0;0;0;0;0;0;0;0;0;0;0;0;0;0;0;0;0;0;0;0;0;1;1
16653;0;0;0;8.993896484375;23.9697265625;0;0;0;0;0;0;0;0;0;0;0;0;0;0;0;0;0;0;0;0;0;1;1
16703;0;0;0;8.993896484375;23.9697265625;0;0;0;0;0;0;0;0;0;0;0;0;0;0;0;0;0;0;0;0;0;1;1
16753;0;0;0;8.993896484375;23.9697265625;0;0;0;0;0;0;0;0;0;0;0;0;0;0;0;0;0;0;0;0;0;1;1
16803;0;0;0;8.993896484375;23.9697265625;0;0;0;0;0;0;0;0;0;0;0;0;0;0;0;0;0;0;0;0;0;1;1
16853;0;0;0;8.993896484375;23.9697265625;0;0;0;0;0;0;0;0;0;0;0;0;0;0;0;0;0;0;0;0;0;1;1
16903;0;0;0;8.993896484375;23.9697265625;0;0;0;0;0;0;0;0;0;0;0;0;0;0;0;0;0;0;0;0;0;1;1
16952;0;0;0;8.993896484375;23.9697265625;0;0;0;0;0;0;0;0;0;0;0;0;0;0;0;0;0;0;0;0;0;1;1
17003;0;0;0;8.993896484375;23.9697265625;0;0;0;0;0;0;0;0;0;0;0;0;0;0;0;0;0;0;0;0;0;1;1
17053;0;0;0;8.993896484375;23.9697265625;0;0;0;0;0;0;0;0;0;0;0;0;0;0;0;0;0;0;0;0;0;1;1
17103;0;0;0;8.993896484375;23.9697265625;0;0;0;0;0;0;0;0;0;0;0;0;0;0;0;0;0;0;0;0;0;1;1
17152;0;0;0;8.993896484375;23.9697265625;0;0;0;0;0;0;0;0;0;0;0;0;0;0;0;0;0;0;0;0;0;1;1
17203;0;0;0;8.993896484375;23.9697265625;0;0;0;0;0;0;0;0;0;0;0;0;0;0;0;0;0;0;0;0;0;1;1
17254;0;0;0;8.993896484375;23.9697265625;0;0;0;0;0;0;0;0;0;0;0;0;0;0;0;0;0;0;0;0;0;1;1
17303;2;1;0;8.993896484375;23.9697265625;0;0;0;0;0;0;0;0;0;0;0;0;0;0;0;0;0;0;0;0;0;1;1
17352;2;1;0;8.993896484375;23.9697265625;0;0;0;0;0;0;0;0;0;0;0;0;0;0;0;0;0;0;0;0;0;1;1
17403;2;1;0;8.993896484375;23.9697265625;0;0;0;0;0;0;0;0;0;0;0;0;0;0;0;0;0;0;0;0;0;1;1
17453;2;1;0;8.993896484375;23.9697265625;0;0;0;0;0;0;0;0;0;0;0;0;0;0;0;0;0;0;0;0;0;1;1
17503;2;1;0;8.993896484375;23.9697265625;0;0;0;0;0;0;0;0;0;0;0;0;0;0;0;0;0;0;0;0;0;1;1
17553;2;1;0;8.993896484375;23.9697265625;0;0;0;0;0;0;0;0;0;0;0;0;0;0;0;0;0;0;0;0;0;1;1
17603;2;1;0;8.993896484375;23.9697265625;0;0;0;0;0;0;0;0;0;0;0;0;0;0;0;0;0;0;0;0;0;1;1
17653;2;1;0;8.993896484375;23.9697265625;0;0;0;0;0;0;0;0;0;0;0;0;0;0;0;0;0;0;0;0;0;1;1
17703;2;1;0;8.993896484375;23.9697265625;0;0;0;0;0;0;0;0;0;0;0;0;0;0;0;0;0;0;0;0;0;1;1
17753;2;1;0;8.993896484375;23.9697265625;0;0;0;0;0;0;0;0;0;0;0;0;0;0;0;0;0;0;0;0;0;1;1
17803;2;1;0;8.993896484375;23.9697265625;0;0;0;0;0;0;0;0;0;0;0;0;0;0;0;0;0;0;0;0;0;1;1
17853;2;1;1;8.993896484375;23.9697265625;0;0;0;0;0;0;0;0;0;0;0;0;0;0;0;0;0;0;0;0;0;1;1
17903;3;1;1;8.993896484375;23.9697265625;0;0;0;1;0;-1;0;0;0;0;0;1;0;0;0;0;0;0;0;0;1;1;1
17953;3;1;1;8.993896484375;23.96923828125;0;0.013333333656191826;0;1;0;-1;0;0;0;0;0;1;0;0;0;0;0;0;0;0;1;0;1
18003;3;1;1;8.993896484375;23.965087890625;0;0.080000005662441254;0;1;0;-1;0;0;0;0;0;1;0;0;0;0;0;0;0;0;1;0;1
18053;3;1;1;8.99365234375;23.9560546875;0;0.16000001132488251;0;1;0;-1;0;0;0;0;0;1;0;0;0;0;0;0;0;0;1;0;1
18103;3;1;1;8.99365234375;23.94384765625;0;0.22666667401790619;0;1;0;-1;0;0;0;0;0;1;0;0;0;0;0;0;0;0;1;0;1
18153;3;1;1;8.99365234375;23.9267578125;0;0.29333335161209106;0;1;0;-1;0;0;0;0;0;1;0;0;0;0;0;0;0;0;1;0;1
18203;3;1;1;8.99365234375;23.907958984375;0;0.34666669368743896;0;1;0;-1;0;0;0;0;0;1;0;0;0;0;0;0;0;0;1;0;1
18253;3;1;1;8.99365234375;23.884033203125;0;0.40333333611488342;0;1;0;-1;0;0;0;0;0;1;0;0;0;0;0;0;0;0;1;0;1
18303;3;1;1;8.993408203125;23.85986328125;0;0.44666668772697449;0;1;0;-1;0;0;0;0;0;1;0;0;0;0;0;0;0;0;1;0;1
18353;3;1;1;8.993408203125;23.83056640625;0;0.49333333969116211;0;1;0;-1;0;0;0;0;0;1;0;0;0;0;0;0;0;0;1;0;1
18404;3;1;1;8.993408203125;23.802001953125;0;0.52000004053115845;0;2;0;-1;0;0;0;0;0;1;0;0;0;0;0;0;0;0;1;0;1
18453;3;1;1;8.993408203125;23.768310546875;0;0.57999998331069946;0;2;0;-1;0;0;0;0;0;1;0;0;0;0;0;0;0;0;1;0;1
18504;3;1;1;8.993408203125;23.7333984375;0;0.63666665554046631;0;2;0;-1;0;0;0;0;0;1;0;0;0;0;0;0;0;0;1;0;1
18553;3;1;1;8.993408203125;23.69384765625;0;0.66333329677581787;0;2;0;-1;0;0;0;0;0;1;0;0;0;0;0;0;0;0;1;0;1
18604;3;1;1;8.993408203125;23.6552734375;0;0.70333331823349;0;2;0;-1;0;0;0;0;0;1;0;0;0;0;0;0;0;0;1;0;1
18653;3;1;1;8.993408203125;23.612060546875;0;0.72666668891906738;0;2;0;-1;0;0;0;0;0;1;0;0;0;0;0;0;0;0;1;0;1
18704;3;1;1;8.993408203125;23.571044921875;0;0.746666669845581;0;2;0;-1;0;0;0;0;0;1;0;0;0;0;0;0;0;0;1;0;1
18753;3;1;1;8.993408203125;23.525146484375;0;0.77000004053115845;0;2;0;-1;0;0;0;0;0;1;0;0;0;0;0;0;0;0;1;0;1
18804;3;1;1;8.993408203125;23.4814453125;0;0.800000011920929;0;2;0;-1;0;0;0;0;0;1;0;0;0;0;0;0;0;0;1;0;1
18853;3;1;1;8.993408203125;23.431640625;0;0.84000003337860107;0;2;0;-1;0;0;0;0;0;1;0;0;0;0;0;0;0;0;1;0;1
18903;3;1;1;8.993408203125;23.38330078125;0;0.88333332538604736;0;3;0;-1;0;0;0;0;0;1;0;0;0;0;0;0;0;0;1;0;1
18953;3;1;1;8.993408203125;23.327880859375;0;0.93333333730697632;0;3;0;-1;0;0;0;0;0;1;0;0;0;0;0;0;0;0;1;0;1
19003;3;1;1;8.993408203125;23.274658203125;0;0.97000002861022949;0;3;0;-1;0;0;0;0;0;1;0;0;0;0;0;0;0;0;1;0;1
19053;3;1;1;8.993408203125;23.21484375;0;1.0099999904632568;0;3;0;-1;0;0;0;0;0;1;0;0;0;0;0;0;0;0;1;0;1
19103;3;1;1;8.993408203125;23.157470703125;0;1.0433334112167358;0;3;0;-1;0;0;0;0;0;1;0;0;0;0;0;0;0;0;1;0;1
19153;3;1;1;8.993408203125;23.09375;0;1.0733333826065063;0;3;0;-1;0;0;0;0;0;1;0;0;0;0;0;0;0;0;1;0;1
19203;3;1;1;8.993408203125;23.033203125;0;1.1033333539962769;0;3;0;-1;0;0;0;0;0;1;0;0;0;0;0;0;0;0;1;0;1
19252;3;1;1;8.993408203125;22.96630859375;0;1.1299999952316284;0;3;0;-1;0;0;0;0;0;1;0;0;0;0;0;0;0;0;1;0;1
19303;3;1;1;8.993408203125;22.90283203125;0;1.1533334255218506;0;3;0;-1;0;0;0;0;0;1;0;0;0;0;0;0;0;0;1;0;1
19353;3;1;1;8.993408203125;22.833251953125;0;1.1700000762939453;0;3;0;-1;0;0;0;0;0;1;0;0;0;0;0;0;0;0;1;0;1
19403;3;1;1;8.993408203125;22.768310546875;0;1.1833332777023315;0;3;0;-1;0;0;0;0;0;1;0;0;0;0;0;0;0;0;1;0;1
19453;3;1;1;8.993408203125;22.697265625;0;1.2233333587646484;0;4;0;-1;0;0;0;0;0;1;0;0;0;0;0;0;0;0;1;0;1
19504;3;1;1;8.993408203125;22.626708984375;0;1.2566666603088379;0;4;0;-1;0;0;0;0;0;1;0;0;0;0;0;0;0;0;1;0;1
19553;3;1;1;8.993408203125;22.55078125;0;1.2766666412353516;0;4;0;-1;0;0;0;0;0;1;0;0;0;0;0;0;0;0;1;0;1
19604;3;1;1;8.993408203125;22.47998046875;0;1.2900000810623169;0;4;0;-1;0;0;0;0;0;1;0;0;0;0;0;0;0;0;1;0;1
19653;3;1;1;8.993408203125;22.40234375;0;1.3066667318344116;0;4;0;-1;0;0;0;0;0;1;0;0;0;0;0;0;0;0;1;0;1
19703;3;1;1;8.993408203125;22.329833984375;0;1.3166667222976685;0;4;0;-1;0;0;0;0;0;1;0;0;0;0;0;0;0;0;1;0;1
19753;3;1;1;8.993408203125;22.251220703125;0;1.3233333826065063;0;4;0;-1;0;0;0;0;0;1;0;0;0;0;0;0;0;0;1;0;1
19803;3;1;1;8.993408203125;22.17822265625;0;1.3266665935516357;0;4;0;-1;0;0;0;0;0;1;0;0;0;0;0;0;0;0;1;0;1
19852;3;1;1;8.993408203125;22.0986328125;0;1.3366667032241821;0;4;0;-1;0;0;0;0;0;1;0;0;0;0;0;0;0;0;1;0;1
19903;3;1;1;8.993408203125;22.02490234375;0;1.3400000333786011;0;4;0;-1;0;0;0;0;0;1;0;0;0;0;0;0;0;0;1;0;1
19953;3;1;1;8.993408203125;21.9462890625;0;1.3500000238418579;0;4;0;-1;0;0;0;0;0;1;0;0;0;0;0;0;0;0;1;0;1
20003;3;1;1;8.993408203125;21.8701171875;0;1.3566666841506958;0;4;0;-1;0;0;0;0;0;1;0;0;0;0;0;0;0;0;1;0;1
20053;3;1;1;8.993408203125;21.789306640625;0;1.3600000143051147;0;4;0;-1;0;0;0;0;0;1;0;0;0;0;0;0;0;0;1;0;1
20103;3;1;1;8.993408203125;21.71435546875;0;1.3600000143051147;0;4;0;-1;0;0;0;0;0;1;0;0;0;0;0;0;0;0;1;0;1
20153;3;1;1;8.993408203125;21.634765625;0;1.3633333444595337;0;4;0;-1;0;0;0;0;0;1;0;0;0;0;0;0;0;0;1;0;1
20203;3;1;1;8.993408203125;21.55810546875;0;1.3666666746139526;0;4;0;-1;0;0;0;0;0;1;0;0;0;0;0;0;0;0;1;0;1
20253;3;1;1;8.993408203125;21.476806640625;0;1.3666666746139526;0;4;0;-1;0;0;0;0;0;1;0;0;0;0;0;0;0;0;1;0;1
20303;3;1;1;8.993408203125;21.401611328125;0;1.3700001239776611;0;4;0;-1;0;0;0;0;0;1;0;0;0;0;0;0;0;0;1;0;1
20353;3;1;1;8.993408203125;21.32177734375;0;1.3633333444595337;0;4;0;-1;0;0;0;0;0;1;0;0;0;0;0;0;0;0;1;0;1
20403;3;1;1;8.993408203125;21.245361328125;0;1.3633333444595337;0;4;0;-1;0;0;0;0;0;1;0;0;0;0;0;0;0;0;1;0;1
20452;3;1;1;8.993408203125;21.165283203125;0;1.3666666746139526;0;4;0;-1;0;0;0;0;0;1;0;0;0;0;0;0;0;0;1;0;1
20503;3;1;1;8.993408203125;21.0888671875;0;1.3600000143051147;0;4;0;-1;0;0;0;0;0;1;0;0;0;0;0;0;0;0;1;0;1
20553;3;1;1;8.993408203125;21.0087890625;0;1.3700001239776611;0;4;0;-1;0;0;0;0;0;1;0;0;0;0;0;0;0;0;1;0;1
20603;3;1;1;8.993408203125;20.932373046875;0;1.3633333444595337;0;4;0;-1;0;0;0;0;0;1;0;0;0;0;0;0;0;0;1;0;1
20653;3;1;1;8.993408203125;20.8525390625;0;1.3666666746139526;0;4;0;-1;0;0;0;0;0;1;0;0;0;0;0;0;0;0;1;0;1
20704;3;1;1;8.993408203125;20.77587890625;0;1.3666666746139526;0;4;0;-1;0;0;0;0;0;1;0;0;0;0;0;0;0;0;1;0;1
20753;3;1;1;8.993408203125;20.6943359375;0;1.3700001239776611;0;4;0;-1;0;0;0;0;0;1;0;0;0;0;0;0;0;0;1;0;1
20803;3;1;1;8.993408203125;20.61865234375;0;1.3733333349227905;0;4;0;-1;0;0;0;0;0;1;0;0;0;0;0;0;0;0;1;0;1
20852;3;1;1;8.993408203125;20.536865234375;0;1.3766666650772095;0;4;0;-1;0;0;0;0;0;1;0;0;0;0;0;0;0;0;1;0;1
20903;3;1;1;8.993408203125;20.46142578125;0;1.3733333349227905;0;4;0;-1;0;0;0;0;0;1;0;0;0;0;0;0;0;0;1;0;1
20953;3;1;1;8.993408203125;20.3798828125;0;1.3666666746139526;0;4;0;-1;0;0;0;0;0;1;0;0;0;0;0;0;0;0;1;0;1
21003;3;1;1;8.993408203125;20.3046875;0;1.3700001239776611;0;4;0;-1;0;0;0;0;0;1;0;0;0;0;0;0;0;0;1;0;1
21053;3;1;1;8.993408203125;20.222900390625;0;1.3700001239776611;0;4;0;-1;0;0;0;0;0;1;0;0;0;0;0;0;0;0;1;0;1
21103;3;1;1;8.993408203125;20.147705078125;0;1.3700001239776611;0;4;0;-1;0;0;0;0;0;1;0;0;0;0;0;0;0;0;1;0;1
21153;3;1;1;8.993408203125;20.066162109375;0;1.3700001239776611;0;4;0;-1;0;0;0;0;0;1;0;0;0;0;0;0;0;0;1;0;1
21203;3;1;1;8.993408203125;19.99072265625;0;1.3700001239776611;0;4;0;-1;0;0;0;0;0;1;0;0;0;0;0;0;0;0;1;0;1
21253;3;1;1;8.993408203125;19.9091796875;0;1.3700001239776611;0;4;0;-1;0;0;0;0;0;1;0;0;0;0;0;0;0;0;1;0;1
21303;3;1;1;8.993408203125;19.833740234375;0;1.3700001239776611;0;4;0;-1;0;0;0;0;0;1;0;0;0;0;0;0;0;0;1;0;1
21353;3;1;1;8.993408203125;19.752197265625;0;1.3700001239776611;0;4;0;-1;0;0;0;0;0;1;0;0;0;0;0;0;0;0;1;0;1
21403;3;1;1;8.993408203125;19.677001953125;0;1.3733333349227905;0;4;0;-1;0;0;0;0;0;1;0;0;0;0;0;0;0;0;1;0;1
21453;3;1;1;8.993408203125;19.595458984375;0;1.3666666746139526;0;4;0;-1;0;0;0;0;0;1;0;0;0;0;0;0;0;0;1;0;1
21503;3;1;1;8.993408203125;19.52001953125;0;1.3666666746139526;0;4;0;-1;0;0;0;0;0;1;0;0;0;0;0;0;0;0;1;0;1
21553;3;1;1;8.993408203125;19.4384765625;0;1.3666666746139526;0;4;0;-1;0;0;0;0;0;1;0;0;0;0;0;0;0;0;1;0;1
21604;3;1;1;8.993408203125;19.36328125;0;1.3700001239776611;0;4;0;-1;0;0;0;0;0;1;0;0;0;0;0;0;0;0;1;0;1
21653;3;1;1;8.993408203125;19.281982421875;0;1.3633333444595337;0;4;0;-1;0;0;0;0;0;1;0;0;0;0;0;0;0;0;1;0;1
21703;3;1;1;8.993408203125;19.206787109375;0;1.3700001239776611;0;4;0;-1;0;0;0;0;0;1;0;0;0;0;0;0;0;0;1;0;1
21753;3;1;1;8.993408203125;19.125244140625;0;1.3666666746139526;0;4;0;-1;0;0;0;0;0;1;0;0;0;0;0;0;0;0;1;0;1
21803;3;1;1;8.993408203125;19.05029296875;0;1.3666666746139526;0;4;0;-1;0;0;0;0;0;1;0;0;0;0;0;0;0;0;1;0;1
21853;3;1;1;8.993408203125;18.968505859375;0;1.3700001239776611;0;4;0;-1;0;0;0;0;0;1;0;0;0;0;0;0;0;0;1;0;1
21903;3;1;1;8.993408203125;18.8935546875;0;1.3666666746139526;0;4;0;-1;0;0;0;0;0;1;0;0;0;0;0;0;0;0;1;0;1
21953;3;1;1;8.993408203125;18.811767578125;0;1.3700001239776611;0;4;0;-1;0;0;0;0;0;1;0;0;0;0;0;0;0;0;1;0;1
22003;3;1;1;8.993408203125;18.736328125;0;1.3733333349227905;0;4;0;-1;0;0;0;0;0;1;0;0;0;0;0;0;0;0;1;0;1
22053;3;1;1;8.993408203125;18.654541015625;0;1.3733333349227905;0;4;0;-1;0;0;0;0;0;1;0;0;0;0;0;0;0;0;1;0;1
22103;3;1;1;8.993408203125;18.578857421875;0;1.3766666650772095;0;4;0;-1;0;0;0;0;0;1;0;0;0;0;0;0;0;0;1;0;1
22153;3;1;1;8.993408203125;18.497314453125;0;1.3700001239776611;0;4;0;-1;0;0;0;0;0;1;0;0;0;0;0;0;0;0;1;0;1
22203;3;1;1;8.993408203125;18.421875;0;1.3700001239776611;0;4;0;-1;0;0;0;0;0;1;0;0;0;0;0;0;0;0;1;0;1
22253;3;1;1;8.993408203125;18.34033203125;0;1.3700001239776611;0;4;0;-1;0;0;0;0;0;1;0;0;0;0;0;0;0;0;1;0;1
22303;3;1;1;8.993408203125;18.264892578125;0;1.3700001239776611;0;4;0;-1;0;0;0;0;0;1;0;0;0;0;0;0;0;0;1;0;1
22353;3;1;1;8.993408203125;18.183349609375;0;1.3700001239776611;0;4;0;-1;0;0;0;0;0;1;0;0;0;0;0;0;0;0;1;0;1
22403;3;1;1;8.993408203125;18.10791015625;0;1.3700001239776611;0;4;0;-1;0;0;0;0;0;1;0;0;0;0;0;0;0;0;1;0;1
22453;3;1;1;8.993408203125;18.0263671875;0;1.3700001239776611;0;4;0;-1;0;0;0;0;0;1;0;0;0;0;0;0;0;0;1;0;1
22503;3;1;1;8.993408203125;17.951171875;0;1.3700001239776611;0;4;0;-1;0;0;0;0;0;1;0;0;0;0;0;0;0;0;1;0;1
22553;3;1;1;8.993408203125;17.869384765625;0;1.3733333349227905;0;4;0;-1;0;0;0;0;0;1;0;0;0;0;0;0;0;0;1;0;1
22603;3;1;1;8.993408203125;17.7939453125;0;1.3700001239776611;0;4;0;-1;0;0;0;0;0;1;0;0;0;0;0;0;0;0;1;0;1
22653;3;1;1;8.993408203125;17.71240234375;0;1.3700001239776611;0;4;0;-1;0;0;0;0;0;1;0;0;0;0;0;0;0;0;1;0;1
22704;3;1;1;8.993408203125;17.636962890625;0;1.3700001239776611;0;4;0;-1;0;0;0;0;0;1;0;0;0;0;0;0;0;0;1;0;1
22753;3;1;1;8.993408203125;17.555419921875;0;1.3666666746139526;0;4;0;-1;0;0;0;0;0;1;0;0;0;0;0;0;0;0;1;0;1
22804;3;1;1;8.993408203125;17.480224609375;0;1.3666666746139526;0;4;0;-1;0;0;0;0;0;1;0;0;0;0;0;0;0;0;1;0;1
22853;3;1;1;8.993408203125;17.400146484375;0;1.3700001239776611;0;4;0;-1;0;0;0;0;0;1;0;0;0;0;0;0;0;0;1;0;1
22903;3;1;1;8.993408203125;17.323486328125;0;1.3666666746139526;0;4;0;-1;0;0;0;0;0;1;0;0;0;0;0;0;0;0;1;0;1
22953;3;1;1;8.993408203125;17.241943359375;0;1.3666666746139526;0;4;0;-1;0;0;0;0;0;1;0;0;0;0;0;0;0;0;1;0;1
23003;3;1;1;8.993408203125;17.16650390625;0;1.3733333349227905;0;4;0;-1;0;0;0;0;0;1;0;0;0;0;0;0;0;0;1;0;1
23053;3;1;1;8.993408203125;17.086669921875;0;1.3666666746139526;0;4;0;-1;0;0;0;0;0;1;0;0;0;0;0;0;0;0;1;0;1
23104;3;1;1;8.993408203125;17.010009765625;0;1.3666666746139526;0;4;0;-1;0;0;0;0;0;1;0;0;0;0;0;0;0;0;1;0;1
23153;3;1;1;8.993408203125;16.928466796875;0;1.3700001239776611;0;4;0;-1;0;0;0;0;0;1;0;0;0;0;0;0;0;0;1;0;1
23203;3;1;1;8.993408203125;16.853271484375;0;1.3666666746139526;0;4;0;-1;0;0;0;0;0;1;0;0;0;0;0;0;0;0;1;0;1
23253;3;1;1;8.993408203125;16.771484375;0;1.3733333349227905;0;4;0;-1;0;0;0;0;0;1;0;0;0;0;0;0;0;0;1;0;1
23304;3;1;1;8.993408203125;16.696044921875;0;1.3733333349227905;0;4;0;-1;0;0;0;0;0;1;0;0;0;0;0;0;0;0;1;0;1
23353;3;1;1;8.993408203125;16.614013671875;0;1.3766666650772095;0;4;0;-1;0;0;0;0;0;1;0;0;0;0;0;0;0;0;1;0;1
23403;3;1;1;8.993408203125;16.53857421875;0;1.3666666746139526;0;4;0;-1;0;0;0;0;0;1;0;0;0;0;0;0;0;0;1;0;1
23453;3;1;1;8.993408203125;16.45703125;0;1.3700001239776611;0;4;0;-1;0;0;0;0;0;1;0;0;0;0;0;0;0;0;1;0;1
23503;3;1;1;8.993408203125;16.38134765625;0;1.3733333349227905;0;4;0;-1;0;0;0;0;0;1;0;0;0;0;0;0;0;0;1;0;1
23553;3;1;1;8.993408203125;16.2998046875;0;1.3700001239776611;0;4;0;-1;0;0;0;0;0;1;0;0;0;0;0;0;0;0;1;0;1
23603;3;1;1;8.993408203125;16.224609375;0;1.3700001239776611;0;4;0;-1;0;0;0;0;0;1;0;0;0;0;0;0;0;0;1;0;1
23653;3;1;1;8.993408203125;16.14453125;0;1.3700001239776611;0;4;0;-1;0;0;0;0;0;1;0;0;0;0;0;0;0;0;1;0;1
23703;3;1;1;8.993408203125;16.067626953125;0;1.3700001239776611;0;4;0;-1;0;0;0;0;0;1;0;0;0;0;0;0;0;0;1;0;1
23753;3;1;1;8.993408203125;15.98583984375;0;1.3700001239776611;0;4;0;-1;0;0;0;0;0;1;0;0;0;0;0;0;0;0;1;0;1
23803;3;1;1;8.993408203125;15.910400390625;0;1.3700001239776611;0;4;0;-1;0;0;0;0;0;1;0;0;0;0;0;0;0;0;1;0;1
23852;3;1;1;8.993408203125;15.828857421875;0;1.3700001239776611;0;4;0;-1;0;0;0;0;0;1;0;0;0;0;0;0;0;0;1;0;1
23903;3;1;1;8.993408203125;15.75341796875;0;1.3700001239776611;0;4;0;-1;0;0;0;0;0;1;0;0;0;0;0;0;0;0;1;0;1
23953;3;1;1;8.993408203125;15.671875;0;1.3700001239776611;0;4;0;-1;0;0;0;0;0;1;0;0;0;0;0;0;0;0;1;0;1
24003;3;1;1;8.993408203125;15.596435546875;0;1.3700001239776611;0;4;0;-1;0;0;0;0;0;1;0;0;0;0;0;0;0;0;1;0;1
24052;3;1;1;8.993408203125;15.514892578125;0;1.3666666746139526;0;4;0;-1;0;0;0;0;0;1;0;0;0;0;0;0;0;0;1;0;1
24103;3;1;1;8.993408203125;15.439697265625;0;1.3700001239776611;0;4;0;-1;0;0;0;0;0;1;0;0;0;0;0;0;0;0;1;0;1
24153;3;1;1;8.993408203125;15.35791015625;0;1.3700001239776611;0;4;0;-1;0;0;0;0;0;1;0;0;0;0;0;0;0;0;1;0;1
24203;3;1;1;8.993408203125;15.28271484375;0;1.3666666746139526;0;4;0;-1;0;0;0;0;0;1;0;0;0;0;0;0;0;0;1;0;1
24253;3;1;1;8.993408203125;15.201171875;0;1.3700001239776611;0;4;0;-1;0;0;0;0;0;1;0;0;0;0;0;0;0;0;1;0;1
24303;3;1;1;8.993408203125;15.1259765625;0;1.3700001239776611;0;4;0;-1;0;0;0;0;0;1;0;0;0;0;0;0;0;0;1;0;1
24353;3;1;1;8.993408203125;15.044677734375;0;1.3666666746139526;0;4;0;-1;0;0;0;0;0;1;0;0;0;0;0;0;0;0;1;0;1
24403;3;1;1;8.993408203125;14.969482421875;0;1.3666666746139526;0;4;0;-1;0;0;0;0;0;1;0;0;0;0;0;0;0;0;1;0;1
24453;3;1;1;8.993408203125;14.8876953125;0;1.3700001239776611;0;4;0;-1;0;0;0;0;0;1;0;0;0;0;0;0;0;0;1;0;1
24503;3;1;1;8.993408203125;14.812255859375;0;1.3700001239776611;0;4;0;-1;0;0;0;0;0;1;0;0;0;0;0;0;0;0;1;0;1
24553;3;1;1;8.993408203125;14.73046875;0;1.3733333349227905;0;4;0;-1;0;0;0;0;0;1;0;0;0;0;0;0;0;0;1;0;1
24604;3;1;1;8.993408203125;14.65478515625;0;1.3766666650772095;0;4;0;-1;0;0;0;0;0;1;0;0;0;0;0;0;0;0;1;0;1
24653;3;1;1;8.993408203125;14.57470703125;0;1.3666666746139526;0;4;0;-1;0;0;0;0;0;1;0;0;0;0;0;0;0;0;1;0;1
24703;3;1;1;8.993408203125;14.497802734375;0;1.3733333349227905;0;4;0;-1;0;0;0;0;0;1;0;0;0;0;0;0;0;0;1;0;1
24753;3;1;1;8.993408203125;14.416015625;0;1.3733333349227905;0;4;0;-1;0;0;0;0;0;1;0;0;0;0;0;0;0;0;1;0;1
24803;3;1;1;8.993408203125;14.340576171875;0;1.3700001239776611;0;4;0;-1;0;0;0;0;0;1;0;0;0;0;0;0;0;0;1;0;1
24853;3;1;1;8.993408203125;14.259033203125;0;1.3700001239776611;0;4;0;-1;0;0;0;0;0;1;0;0;0;0;0;0;0;0;1;0;1
24903;3;1;1;8.993408203125;14.18359375;0;1.3700001239776611;0;4;0;-1;0;0;0;0;0;1;0;0;0;0;0;0;0;0;1;0;1
24953;3;1;1;8.993408203125;14.101806640625;0;1.3700001239776611;0;4;0;-1;0;0;0;0;0;1;0;0;0;0;0;0;0;0;1;0;1
25003;3;1;1;8.993408203125;14.0263671875;0;1.3700001239776611;0;4;0;-1;0;0;0;0;0;1;0;0;0;0;0;0;0;0;1;0;1
25053;3;1;1;8.993408203125;13.94482421875;0;1.3700001239776611;0;4;0;-1;0;0;0;0;0;1;0;0;0;0;0;0;0;0;1;0;1
25103;3;1;1;8.993408203125;13.86962890625;0;1.3700001239776611;0;4;0;-1;0;0;0;0;0;1;0;0;0;0;0;0;0;0;1;0;1
25153;3;1;1;8.993408203125;13.787841796875;0;1.3700001239776611;0;4;0;-1;0;0;0;0;0;1;0;0;0;0;0;0;0;0;1;0;1
25203;3;1;1;8.993408203125;13.71240234375;0;1.3700001239776611;0;4;0;-1;0;0;0;0;0;1;0;0;0;0;0;0;0;0;1;0;1
25253;3;1;1;8.993408203125;13.630859375;0;1.3700001239776611;0;4;0;-1;0;0;0;0;0;1;0;0;0;0;0;0;0;0;1;0;1
25303;3;1;1;8.993408203125;13.555419921875;0;1.3700001239776611;0;4;0;-1;0;0;0;0;0;1;0;0;0;0;0;0;0;0;1;0;1
25353;3;1;1;8.993408203125;13.473876953125;0;1.3700001239776611;0;4;0;-1;0;0;0;0;0;1;0;0;0;0;0;0;0;0;1;0;1
25403;3;1;1;8.993408203125;13.3984375;0;1.3733333349227905;0;4;0;-1;0;0;0;0;0;1;0;0;0;0;0;0;0;0;1;0;1
25453;3;1;1;8.993408203125;13.31689453125;0;1.3666666746139526;0;4;0;-1;0;0;0;0;0;1;0;0;0;0;0;0;0;0;1;0;1
25503;3;1;1;8.993408203125;13.241943359375;0;1.3666666746139526;0;4;0;-1;0;0;0;0;0;1;0;0;0;0;0;0;0;0;1;0;1
25553;3;1;1;8.993408203125;13.16015625;0;1.3733333349227905;0;4;0;-1;0;0;0;0;0;1;0;0;0;0;0;0;0;0;1;0;1
25603;3;1;1;8.993408203125;13.0849609375;0;1.3666666746139526;0;4;0;-1;0;0;0;0;0;1;0;0;0;0;0;0;0;0;1;0;1
25653;3;1;1;8.993408203125;13.003662109375;0;1.3633333444595337;0;4;0;-1;0;0;0;0;0;1;0;0;0;0;0;0;0;0;1;0;1
25703;3;1;1;8.993408203125;12.92822265625;0;1.3700001239776611;0;4;0;-1;0;0;0;0;0;1;0;0;0;0;0;0;0;0;1;0;1
25753;3;1;1;8.993408203125;12.8466796875;0;1.3700001239776611;0;4;0;-1;0;0;0;0;0;1;0;0;0;0;0;0;0;0;1;0;1
25804;3;1;1;8.993408203125;12.771240234375;0;1.3700001239776611;0;4;0;-1;0;0;0;0;0;1;0;0;0;0;0;0;0;0;1;0;1
25853;3;1;1;8.993408203125;12.689453125;0;1.3733333349227905;0;4;0;-1;0;0;0;0;0;1;0;0;0;0;0;0;0;0;1;0;1
25903;3;1;1;8.993408203125;12.613525390625;0;1.3766666650772095;0;4;0;-1;0;0;0;0;0;1;0;0;0;0;0;0;0;0;1;0;1
25953;3;1;1;8.993408203125;12.53173828125;0;1.3700001239776611;0;4;0;-1;0;0;0;0;0;1;0;0;0;0;0;0;0;0;1;0;1
26004;3;1;1;8.993408203125;12.45654296875;0;1.3733333349227905;0;4;0;-1;0;0;0;0;0;1;0;0;0;0;0;0;0;0;1;0;1
26053;3;1;1;8.993408203125;12.374755859375;0;1.3700001239776611;0;4;0;-1;0;0;0;0;0;1;0;0;0;0;0;0;0;0;1;0;1
26104;3;1;1;8.993408203125;12.29931640625;0;1.3700001239776611;0;4;0;-1;0;0;0;0;0;1;0;0;0;0;0;0;0;0;1;0;1
26153;3;1;1;8.993408203125;12.217529296875;0;1.3700001239776611;0;4;0;-1;0;0;0;0;0;1;0;0;0;0;0;0;0;0;1;0;1
26203;3;1;1;8.993408203125;12.14208984375;0;1.3700001239776611;0;4;0;-1;0;0;0;0;0;1;0;0;0;0;0;0;0;0;1;0;1
26253;3;1;1;8.993408203125;12.060546875;0;1.3700001239776611;0;4;0;-1;0;0;0;0;0;1;0;0;0;0;0;0;0;0;1;0;1
26303;3;1;1;8.993408203125;11.985107421875;0;1.3700001239776611;0;4;0;-1;0;0;0;0;0;1;0;0;0;0;0;0;0;0;1;0;1
26353;3;1;1;8.993408203125;11.903564453125;0;1.3700001239776611;0;4;0;-1;0;0;0;0;0;1;0;0;0;0;0;0;0;0;1;0;1
26403;3;1;1;8.993408203125;11.828125;0;1.3700001239776611;0;4;0;-1;0;0;0;0;0;1;0;0;0;0;0;0;0;0;1;0;1
26453;3;1;1;8.993408203125;11.746337890625;0;1.3733333349227905;0;4;0;-1;0;0;0;0;0;1;0;0;0;0;0;0;0;0;1;0;1
26504;3;1;1;8.993408203125;11.6708984375;0;1.3733333349227905;0;4;0;-1;0;0;0;0;0;1;0;0;0;0;0;0;0;0;1;0;1
26553;3;1;1;8.993408203125;11.58935546875;0;1.3700001239776611;0;4;0;-1;0;0;0;0;0;1;0;0;0;0;0;0;0;0;1;0;1
26604;3;1;1;8.993408203125;11.513916015625;0;1.3700001239776611;0;4;0;-1;0;0;0;0;0;1;0;0;0;0;0;0;0;0;1;0;1
26653;3;1;1;8.993408203125;11.432373046875;0;1.3700001239776611;0;4;0;-1;0;0;0;0;0;1;0;0;0;0;0;0;0;0;1;0;1
26703;3;1;1;8.993408203125;11.357177734375;0;1.3700001239776611;0;4;0;-1;0;0;0;0;0;1;0;0;0;0;0;0;0;0;1;0;1
26753;3;1;1;8.993408203125;11.275634765625;0;1.3633333444595337;0;4;0;-1;0;0;0;0;0;1;0;0;0;0;0;0;0;0;1;0;1
26804;3;1;1;8.993408203125;11.200439453125;0;1.3700001239776611;0;4;0;-1;0;0;0;0;0;1;0;0;0;0;0;0;0;0;1;0;1
26853;3;1;1;8.993408203125;11.11865234375;0;1.3700001239776611;0;4;0;-1;0;0;0;0;0;1;0;0;0;0;0;0;0;0;1;0;1
26904;3;1;1;8.993408203125;11.043701171875;0;1.3666666746139526;0;4;0;-1;0;0;0;0;0;1;0;0;0;0;0;0;0;0;1;0;1
26953;3;1;1;8.993408203125;10.962158203125;0;1.3666666746139526;0;4;0;-1;0;0;0;0;0;1;0;0;0;0;0;0;0;0;1;0;1
27004;3;1;1;8.993408203125;10.886962890625;0;1.3666666746139526;0;4;0;-1;0;0;0;0;0;1;0;0;0;0;0;0;0;0;1;0;1
27053;3;1;1;8.993408203125;10.80517578125;0;1.3700001239776611;0;4;0;-1;0;0;0;0;0;1;0;0;0;0;0;0;0;0;1;0;1
27103;3;1;1;8.993408203125;10.729736328125;0;1.3733333349227905;0;4;0;-1;0;0;0;0;0;1;0;0;0;0;0;0;0;0;1;0;1
27153;3;1;1;8.993408203125;10.64794921875;0;1.3733333349227905;0;4;0;-1;0;0;0;0;0;1;0;0;0;0;0;0;0;0;1;0;1
27203;3;1;1;8.993408203125;10.572265625;0;1.3766666650772095;0;4;0;-1;0;0;0;0;0;1;0;0;0;0;0;0;0;0;1;0;1
27253;3;1;1;8.993408203125;10.490234375;0;1.3733333349227905;0;4;0;-1;0;0;0;0;0;1;0;0;0;0;0;0;0;0;1;0;1
27303;3;1;1;8.993408203125;10.4150390625;0;1.3700001239776611;0;4;0;-1;0;0;0;0;0;1;0;0;0;0;0;0;0;0;1;0;1
27353;3;1;1;8.993408203125;10.33349609375;0;1.3700001239776611;0;4;0;-1;0;0;0;0;0;1;0;0;0;0;0;0;0;0;1;0;1
27403;21;1;1;8.993408203125;10.258056640625;0;1.3700001239776611;0;0;0;0;0;0;0;0;0;0;0;0;0;0;0;0;0;0;0;0;1
27453;21;1;1;8.993408203125;10.176513671875;0;1.3700001239776611;0;0;0;0;0;0;0;0;0;0;0;0;0;0;0;0;0;0;0;1;1
27503;21;1;1;8.993408203125;10.101318359375;0;1.3633333444595337;0;0;0;0;0;0;0;0;0;0;0;0;0;0;0;0;0;0;0;1;1
27553;21;1;1;8.993408203125;10.020263671875;0;1.3600000143051147;0;0;0;0;0;0;0;0;0;0;0;0;0;0;0;0;0;0;0;1;1
27603;21;1;1;8.993408203125;9.945556640625;0;1.3600000143051147;0;0;0;0;0;0;0;0;0;0;0;0;0;0;0;0;0;0;0;1;1
27653;21;1;1;8.993408203125;9.86474609375;0;1.3533333539962769;0;0;0;0;0;0;0;0;0;0;0;0;0;0;0;0;0;0;0;1;1
27703;21;1;1;8.993408203125;9.79052734375;0;1.3500000238418579;0;0;0;0;0;0;0;0;0;0;0;0;0;0;0;0;0;0;0;1;1
27753;21;1;1;8.993408203125;9.710205078125;0;1.346666693687439;0;0;0;0;0;0;0;0;0;0;0;0;0;0;0;0;0;0;0;1;1
27803;21;1;1;8.993408203125;9.636474609375;0;1.3366667032241821;0;0;0;0;0;0;0;0;0;0;0;0;0;0;0;0;0;0;0;1;1
27853;21;1;1;8.993408203125;9.55859375;0;1.2966667413711548;0;0;0;0;0;0;0;0;0;0;0;0;0;0;0;0;0;0;0;1;1
27903;21;1;1;8.993408203125;9.489990234375;0;1.2400000095367432;0;0;0;0;0;0;0;0;0;0;0;0;0;0;0;0;0;0;0;1;1
27953;21;1;1;8.993408203125;9.419189453125;0;1.1833332777023315;0;0;0;0;0;0;0;0;0;0;0;0;0;0;0;0;0;0;0;1;1
28003;21;1;1;8.993408203125;9.357177734375;0;1.1233333349227905;0;0;0;0;0;0;0;0;0;0;0;0;0;0;0;0;0;0;0;1;1
28053;21;1;1;8.993408203125;9.2939453125;0;1.0600000619888306;0;0;0;0;0;0;0;0;0;0;0;0;0;0;0;0;0;0;0;1;1
28103;21;1;1;8.993408203125;9.239013671875;0;0.99333339929580688;0;0;0;0;0;0;0;0;0;0;0;0;0;0;0;0;0;0;0;1;1
28153;21;1;1;8.993408203125;9.183349609375;0;0.92333334684371948;0;0;0;0;0;0;0;0;0;0;0;0;0;0;0;0;0;0;0;1;1
28203;21;1;1;8.993408203125;9.13525390625;0;0.87000000476837158;0;0;0;0;0;0;0;0;0;0;0;0;0;0;0;0;0;0;0;1;1
28253;21;1;1;8.993408203125;9.087158203125;0;0.80666667222976685;0;0;0;0;0;0;0;0;0;0;0;0;0;0;0;0;0;0;0;1;1
28303;21;1;1;8.993408203125;9.046142578125;0;0.74000000953674316;0;0;0;0;0;0;0;0;0;0;0;0;0;0;0;0;0;0;0;1;1
28353;21;1;1;8.993408203125;9.005859375;0;0.66666668653488159;0;0;0;0;0;0;0;0;0;0;0;0;0;0;0;0;0;0;0;1;1
28403;21;1;1;8.993408203125;8.97216796875;0;0.6066666841506958;0;0;0;0;0;0;0;0;0;0;0;0;0;0;0;0;0;0;0;1;1
28453;21;1;1;8.993408203125;8.939208984375;0;0.54000002145767212;0;0;0;0;0;0;0;0;0;0;0;0;0;0;0;0;0;0;0;1;1
28503;21;1;1;8.993408203125;8.912841796875;0;0.476666659116745;0;0;0;0;0;0;0;0;0;0;0;0;0;0;0;0;0;0;0;1;1
28553;21;1;1;8.993408203125;8.8876953125;0;0.41333335638046265;0;0;0;0;0;0;0;0;0;0;0;0;0;0;0;0;0;0;0;1;1
28603;21;1;1;8.993408203125;8.8681640625;0;0.34999999403953552;0;0;0;0;0;0;0;0;0;0;0;0;0;0;0;0;0;0;0;1;1
28653;21;1;1;8.993408203125;8.8505859375;0;0.28666669130325317;0;0;0;0;0;0;0;0;0;0;0;0;0;0;0;0;0;0;0;1;1
28703;21;1;1;8.993408203125;8.83740234375;0;0.22666667401790619;0;0;0;0;0;0;0;0;0;0;0;0;0;0;0;0;0;0;0;1;1
28753;21;1;1;8.993408203125;8.8271484375;0;0.16333334147930145;0;0;0;0;0;0;0;0;0;0;0;0;0;0;0;0;0;0;0;1;1
28803;21;1;1;8.993408203125;8.821044921875;0;0.10333333909511566;0;0;0;0;0;0;0;0;0;0;0;0;0;0;0;0;0;0;0;1;1
28853;21;1;1;8.993408203125;8.81787109375;0;0.043333336710929871;0;0;0;0;0;0;0;0;0;0;0;0;0;0;0;0;0;0;0;1;1
28903;21;1;1;8.993408203125;8.817626953125;0;0;0;0;0;0;0;0;0;0;0;0;0;0;0;0;0;0;0;0;0;1;1
28953;21;1;1;8.993408203125;8.81787109375;0;0;0;0;0;0;0;0;0;0;0;0;0;0;0;0;0;0;0;0;0;1;1
29003;21;1;1;8.993408203125;8.81787109375;0;0;0;0;0;0;0;0;0;0;0;0;0;0;0;0;0;0;0;0;0;1;1
29053;21;1;1;8.993408203125;8.81787109375;0;0;0;0;0;0;0;0;0;0;0;0;0;0;0;0;0;0;0;0;0;1;1
29103;21;1;1;8.993408203125;8.81787109375;0;0;0;0;0;0;0;0;0;0;0;0;0;0;0;0;0;0;0;0;0;1;1
29153;21;1;1;8.993408203125;8.81787109375;0;0;0;0;0;0;0;0;0;0;0;0;0;0;0;0;0;0;0;0;0;1;1
29203;4;1;1;8.993408203125;8.81787109375;0;0;1;1;-1;-1;0;0;0;0;1;1;0;0;0;0;0;0;0;1;1;1;1
29253;4;1;1;8.993408203125;8.81787109375;0;0;1;1;-1;-1;0;0;0;0;1;1;0;0;0;0;0;0;0;1;1;0;0
29303;4;1;1;8.9931640625;8.817626953125;0.0066666668280959129;0;1;1;-1;-1;0;0;0;0;1;1;0;0;0;0;0;0;0;1;1;0;0
29353;4;1;1;8.990478515625;8.8154296875;0.0533333346247673;0.0533333346247673;1;1;-1;-1;0;0;0;0;1;1;0;0;0;0;0;0;0;1;1;0;0
29403;4;1;1;8.983154296875;8.807373046875;0.14000001549720764;0.14666667580604553;1;1;-1;-1;0;0;0;0;1;1;0;0;0;0;0;0;0;1;1;0;0
29453;4;1;1;8.969482421875;8.796142578125;0.23666666448116302;0.19333334267139435;1;1;-1;-1;0;0;0;0;1;1;0;0;0;0;0;0;0;1;1;0;0
29503;4;1;1;8.9521484375;8.782958984375;0.32333332300186157;0.24666666984558105;1;1;-1;-1;0;0;0;0;1;1;0;0;0;0;0;0;0;1;1;0;0
29553;4;1;1;8.92822265625;8.764404296875;0.40999999642372131;0.31666666269302368;1;1;-1;-1;0;0;0;0;1;1;0;0;0;0;0;0;0;1;1;0;0
29603;4;1;1;8.901611328125;8.744873046875;0.48999997973442078;0.36000001430511475;1;1;-1;-1;0;0;0;0;1;1;0;0;0;0;0;0;0;1;1;0;0
29653;4;1;1;8.8681640625;8.720947265625;0.56999999284744263;0.40666666626930237;1;1;-1;-1;0;0;0;0;1;1;0;0;0;0;0;0;0;1;1;0;0
29703;4;1;1;8.8330078125;8.696533203125;0.64000004529953;0.44999998807907104;2;2;-1;-1;0;0;0;0;1;1;0;0;0;0;0;0;0;1;1;0;0
29753;4;1;1;8.791015625;8.6669921875;0.71666663885116577;0.5;2;2;-1;-1;0;0;0;0;1;1;0;0;0;0;0;0;0;1;1;0;0
29803;4;1;1;8.748291015625;8.63720703125;0.78333336114883423;0.54000002145767212;2;2;-1;-1;0;0;0;0;1;1;0;0;0;0;0;0;0;1;1;0;0
29853;4;1;1;8.6982421875;8.602783203125;0.85000002384185791;0.57999998331069946;2;2;-1;-1;0;0;0;0;1;1;0;0;0;0;0;0;0;1;1;0;0
29903;4;1;1;8.648681640625;8.56884765625;0.90333336591720581;0.62000000476837158;2;2;-1;-1;0;0;0;0;1;1;0;0;0;0;0;0;0;1;1;0;0
29953;4;1;1;8.591796875;8.530029296875;0.96333330869674683;0.65666669607162476;2;2;-1;-1;0;0;0;0;1;1;0;0;0;0;0;0;0;1;1;0;0
30003;4;1;1;8.5361328125;8.491943359375;1.0166666507720947;0.69333338737487793;2;2;-1;-1;0;0;0;0;1;1;0;0;0;0;0;0;0;1;1;0;0
30053;4;1;1;8.47265625;8.44873046875;1.0700000524520874;0.72666668891906738;2;2;-1;-1;0;0;0;0;1;1;0;0;0;0;0;0;0;1;1;0;0
30104;4;1;1;8.4111328125;8.406982421875;1.1200001239776611;0.76000005006790161;2;2;-1;-1;0;0;0;0;1;1;0;0;0;0;0;0;0;1;1;0;0
30153;4;1;1;8.341796875;8.360107421875;1.1700000762939453;0.79333335161209106;2;2;-1;-1;0;0;0;0;1;1;0;0;0;0;0;0;0;1;1;0;0
30203;4;1;1;8.275146484375;8.314697265625;1.2200000286102295;0.83333331346511841;2;2;-1;-1;0;0;0;0;1;1;0;0;0;0;0;0;0;1;1;0;0
30253;4;1;1;8.19970703125;8.261962890625;1.2733333110809326;0.89000004529953;3;3;-1;-1;0;0;0;0;1;1;0;0;0;0;0;0;0;1;1;0;0
30303;4;1;1;8.12744140625;8.2109375;1.3166667222976685;0.93333333730697632;3;3;-1;-1;0;0;0;0;1;1;0;0;0;0;0;0;0;1;1;0;0
30353;4;1;1;8.047119140625;8.153076171875;1.3566666841506958;0.97666668891906738;3;3;-1;-1;0;0;0;0;1;1;0;0;0;0;0;0;0;1;1;0;0
30403;4;1;1;7.970703125;8.097412109375;1.3899999856948853;1.0133333206176758;3;3;-1;-1;0;0;0;0;1;1;0;0;0;0;0;0;0;1;1;0;0
30453;4;1;1;7.88623046875;8.034912109375;1.4233334064483643;1.0533334016799927;3;3;-1;-1;0;0;0;0;1;1;0;0;0;0;0;0;0;1;1;0;0
30504;4;1;1;7.806396484375;7.9755859375;1.4533333778381348;1.0833333730697632;3;3;-1;-1;0;0;0;0;1;1;0;0;0;0;0;0;0;1;1;0;0
30552;4;1;1;7.718505859375;7.909423828125;1.4800000190734863;1.1133333444595337;3;3;-1;-1;0;0;0;0;1;1;0;0;0;0;0;0;0;1;1;0;0
30603;4;1;1;7.635986328125;7.846923828125;1.5;1.1399999856948853;3;3;-1;-1;0;0;0;0;1;1;0;0;0;0;0;0;0;1;1;0;0
30653;4;1;1;7.54541015625;7.778076171875;1.5233333110809326;1.1599999666213989;3;3;-1;-1;0;0;0;0;1;1;0;0;0;0;0;0;0;1;1;0;0
30704;4;1;1;7.460693359375;7.712890625;1.5400000810623169;1.18666672706604;3;3;-1;-1;0;0;0;0;1;1;0;0;0;0;0;0;0;1;1;0;0
30753;4;1;1;7.36865234375;7.640380859375;1.5466667413711548;1.2200000286102295;4;4;-1;-1;0;0;0;0;1;1;0;0;0;0;0;0;0;1;1;0;0
30804;4;1;1;7.28369140625;7.57177734375;1.5499999523162842;1.2466666698455811;4;4;-1;-1;0;0;0;0;1;1;0;0;0;0;0;0;0;1;1;0;0
30853;4;1;1;7.191162109375;7.49609375;1.5566667318344116;1.2733333110809326;4;4;-1;-1;0;0;0;0;1;1;0;0;0;0;0;0;0;1;1;0;0
30903;4;1;1;7.10546875;7.42529296875;1.5566667318344116;1.2900000810623169;4;4;-1;-1;0;0;0;0;1;1;0;0;0;0;0;0;0;1;1;0;0
30953;4;1;1;7.0126953125;7.34765625;1.559999942779541;1.309999942779541;4;4;-1;-1;0;0;0;0;1;1;0;0;0;0;0;0;0;1;1;0;0
31003;4;1;1;6.9267578125;7.275146484375;1.5633333921432495;1.3200000524520874;4;4;-1;-1;0;0;0;0;1;1;0;0;0;0;0;0;0;1;1;0;0
31053;4;1;1;6.833740234375;7.196044921875;1.5633333921432495;1.3333333730697632;4;4;-1;-1;0;0;0;0;1;1;0;0;0;0;0;0;0;1;1;0;0
31103;4;1;1;6.74755859375;7.12255859375;1.5666667222976685;1.3366667032241821;4;4;-1;-1;0;0;0;0;1;1;0;0;0;0;0;0;0;1;1;0;0
31153;4;1;1;6.654296875;7.042724609375;1.5700000524520874;1.34333336353302;4;4;-1;-1;0;0;0;0;1;1;0;0;0;0;0;0;0;1;1;0;0
31203;4;1;1;6.568115234375;6.968505859375;1.5666667222976685;1.346666693687439;4;4;-1;-1;0;0;0;0;1;1;0;0;0;0;0;0;0;1;1;0;0
31253;4;1;1;6.4755859375;6.8876953125;1.5499999523162842;1.3533333539962769;4;4;-1;-1;0;0;0;0;1;1;0;0;0;0;0;0;0;1;1;0;0
31303;4;1;1;6.39111328125;6.812744140625;1.5333333015441895;1.3633333444595337;4;4;-1;-1;0;0;0;0;1;1;0;0;0;0;0;0;0;1;1;0;0
31353;4;1;1;6.30029296875;6.7314453125;1.5233333110809326;1.3666666746139526;4;4;-1;-1;0;0;0;0;1;1;0;0;0;0;0;0;0;1;1;0;0
31403;4;1;1;6.217041015625;6.656005859375;1.5133334398269653;1.3666666746139526;4;4;-1;-1;0;0;0;0;1;1;0;0;0;0;0;0;0;1;1;0;0
31453;4;1;1;6.127197265625;6.57421875;1.5066666603088379;1.3766666650772095;4;4;-1;-1;0;0;0;0;1;1;0;0;0;0;0;0;0;1;1;0;0
31504;4;1;1;6.04443359375;6.498779296875;1.5033334493637085;1.3733333349227905;4;4;-1;-1;0;0;0;0;1;1;0;0;0;0;0;0;0;1;1;0;0
31553;4;1;1;5.955078125;6.4169921875;1.5;1.3733333349227905;4;4;-1;-1;0;0;0;0;1;1;0;0;0;0;0;0;0;1;1;0;0
31603;4;1;1;5.87255859375;6.341064453125;1.4966666698455811;1.3766666650772095;4;4;-1;-1;0;0;0;0;1;1;0;0;0;0;0;0;0;1;1;0;0
31653;4;1;1;5.783447265625;6.25927734375;1.4966666698455811;1.3766666650772095;4;4;-1;-1;0;0;0;0;1;1;0;0;0;0;0;0;0;1;1;0;0
31703;4;1;1;5.701416015625;6.18359375;1.4933333396911621;1.3766666650772095;4;4;-1;-1;0;0;0;0;1;1;0;0;0;0;0;0;0;1;1;0;0
31753;4;1;1;5.6123046875;6.1015625;1.4933333396911621;1.3766666650772095;4;4;-1;-1;0;0;0;0;1;1;0;0;0;0;0;0;0;1;1;0;0
31803;4;1;1;5.5302734375;6.02587890625;1.4933333396911621;1.3766666650772095;4;4;-1;-1;0;0;0;0;1;1;0;0;0;0;0;0;0;1;1;0;0
31853;4;1;1;5.441162109375;5.943603515625;1.4933333396911621;1.3799999952316284;4;4;-1;-1;0;0;0;0;1;1;0;0;0;0;0;0;0;1;1;0;0
31903;4;1;1;5.359130859375;5.867919921875;1.4933333396911621;1.3799999952316284;4;4;-1;-1;0;0;0;0;1;1;0;0;0;0;0;0;0;1;1;0;0
31953;4;1;1;5.270263671875;5.7861328125;1.4933333396911621;1.3733333349227905;4;4;-1;-1;0;0;0;0;1;1;0;0;0;0;0;0;0;1;1;0;0
32003;4;1;1;5.188232421875;5.71044921875;1.4933333396911621;1.3733333349227905;4;4;-1;-1;0;0;0;0;1;1;0;0;0;0;0;0;0;1;1;0;0
32053;4;1;1;5.099365234375;5.628173828125;1.4933333396911621;1.3766666650772095;4;4;-1;-1;0;0;0;0;1;1;0;0;0;0;0;0;0;1;1;0;0
32103;4;1;1;5.01708984375;5.552490234375;1.4933333396911621;1.3766666650772095;4;4;-1;-1;0;0;0;0;1;1;0;0;0;0;0;0;0;1;1;0;0
32153;4;1;1;4.92822265625;5.470458984375;1.4933333396911621;1.3766666650772095;4;4;-1;-1;0;0;0;0;1;1;0;0;0;0;0;0;0;1;1;0;0
32203;4;1;1;4.84619140625;5.394775390625;1.4933333396911621;1.3766666650772095;4;4;-1;-1;0;0;0;0;1;1;0;0;0;0;0;0;0;1;1;0;0
32253;4;1;1;4.757080078125;5.31298828125;1.4966666698455811;1.3733333349227905;4;4;-1;-1;0;0;0;0;1;1;0;0;0;0;0;0;0;1;1;0;0
32304;4;1;1;4.675048828125;5.2373046875;1.4933333396911621;1.3766666650772095;4;4;-1;-1;0;0;0;0;1;1;0;0;0;0;0;0;0;1;1;0;0
32353;4;1;1;4.5859375;5.155517578125;1.4933333396911621;1.3666666746139526;4;4;-1;-1;0;0;0;0;1;1;0;0;0;0;0;0;0;1;1;0;0
32403;4;1;1;4.503662109375;5.07958984375;1.4933333396911621;1.3766666650772095;4;4;-1;-1;0;0;0;0;1;1;0;0;0;0;0;0;0;1;1;0;0
32453;4;1;1;4.414794921875;4.99755859375;1.4966666698455811;1.3766666650772095;4;4;-1;-1;0;0;0;0;1;1;0;0;0;0;0;0;0;1;1;0;0
32503;4;1;1;4.33251953125;4.921875;1.4933333396911621;1.3799999952316284;4;4;-1;-1;0;0;0;0;1;1;0;0;0;0;0;0;0;1;1;0;0
32553;4;1;1;4.24365234375;4.83984375;1.4933333396911621;1.3799999952316284;4;4;-1;-1;0;0;0;0;1;1;0;0;0;0;0;0;0;1;1;0;0
32603;4;1;1;4.16162109375;4.76416015625;1.4933333396911621;1.3766666650772095;4;4;-1;-1;0;0;0;0;1;1;0;0;0;0;0;0;0;1;1;0;0
32653;4;1;1;4.07275390625;4.68212890625;1.4933333396911621;1.3766666650772095;4;4;-1;-1;0;0;0;0;1;1;0;0;0;0;0;0;0;1;1;0;0
32703;4;1;1;3.99072265625;4.606201171875;1.4933333396911621;1.3799999952316284;4;4;-1;-1;0;0;0;0;1;1;0;0;0;0;0;0;0;1;1;0;0
32753;5;1;1;3.901611328125;4.5244140625;1.4933333396911621;1.3733333349227905;4;4;-1;-1;0;0;0;0;1;1;0;0;0;0;0;0;0;1;1;0;0
32803;5;1;1;3.81982421875;4.44873046875;1.4900000095367432;1.3733333349227905;4;4;-1;-1;0;0;0;0;1;1;0;0;0;0;0;0;0;1;1;0;0
32853;5;1;1;3.73095703125;4.366455078125;1.4900000095367432;1.3799999952316284;4;4;-1;-1;0;0;0;0;1;1;0;0;0;0;0;0;0;1;1;0;0
32903;5;1;1;3.64892578125;4.290771484375;1.4900000095367432;1.3799999952316284;4;4;-1;-1;0;0;0;0;1;1;0;0;0;0;0;0;0;1;1;0;0
32953;5;1;1;3.56005859375;4.208740234375;1.4933333396911621;1.3733333349227905;4;4;-1;-1;0;0;0;0;1;1;0;0;0;0;0;0;0;1;1;0;0
33003;5;1;1;3.47802734375;4.133056640625;1.4900000095367432;1.3766666650772095;4;4;-1;-1;0;0;0;0;1;1;0;0;0;0;0;0;0;1;1;0;0
33053;5;1;1;3.38916015625;4.051025390625;1.4933333396911621;1.3766666650772095;4;4;-1;-1;0;0;0;0;1;1;0;0;0;0;0;0;0;1;1;0;0
33103;5;1;1;3.307373046875;3.975341796875;1.4900000095367432;1.3766666650772095;4;4;-1;-1;0;0;0;0;1;1;0;0;0;0;0;0;0;1;1;0;0
33153;5;1;1;3.218505859375;3.893310546875;1.4900000095367432;1.3766666650772095;4;4;-1;-1;0;0;0;0;1;1;0;0;0;0;0;0;0;1;1;0;0
33203;5;1;1;3.136474609375;3.8173828125;1.4933333396911621;1.3766666650772095;4;4;-1;-1;0;0;0;0;1;1;0;0;0;0;0;0;0;1;1;0;0
33253;6;1;1;3.04736328125;3.7353515625;1.4933333396911621;1.3799999952316284;4;4;-1;-1;0;0;0;0;1;1;0;0;0;0;0;0;0;1;1;0;0
33303;6;1;1;2.96533203125;3.659423828125;1.4933333396911621;1.3799999952316284;4;4;-1;-1;0;0;0;0;1;1;0;0;0;0;0;0;0;1;1;0;0
33353;6;1;1;2.87646484375;3.57763671875;1.4933333396911621;1.3766666650772095;4;4;-1;-1;0;0;0;0;1;1;0;0;0;0;0;0;0;1;1;0;0
33403;6;1;1;2.79443359375;3.501708984375;1.4933333396911621;1.3766666650772095;4;4;-1;-1;0;0;0;0;1;1;0;0;0;0;0;0;0;1;1;0;0
33453;6;1;1;2.705322265625;3.419677734375;1.4933333396911621;1.3799999952316284;4;4;-1;-1;0;0;0;0;1;1;0;0;0;0;0;0;0;1;1;0;0
33503;6;1;1;2.623291015625;3.343994140625;1.4933333396911621;1.3799999952316284;4;4;-1;-1;0;0;0;0;1;1;0;0;0;0;0;0;0;1;1;0;0
33553;6;1;1;2.5341796875;3.261962890625;1.4933333396911621;1.3766666650772095;4;4;-1;-1;0;0;0;0;1;1;0;0;0;0;0;0;0;1;1;0;0
33603;6;1;1;2.4521484375;3.18603515625;1.4933333396911621;1.3766666650772095;4;4;-1;-1;0;0;0;0;1;1;0;0;0;0;0;0;0;1;1;0;0
33653;6;1;1;2.363037109375;3.10400390625;1.4933333396911621;1.3799999952316284;4;4;-1;-1;0;0;0;0;1;1;0;0;0;0;0;0;0;1;1;0;0
33703;6;1;1;2.281005859375;3.0283203125;1.4933333396911621;1.3799999952316284;4;4;-1;-1;0;0;0;0;1;1;0;0;0;0;0;0;0;1;1;0;0
33753;7;1;1;2.192138671875;2.9462890625;1.4933333396911621;1.3766666650772095;4;4;-1;-1;0;0;0;0;1;1;0;0;0;0;0;0;0;1;1;0;0
33803;7;1;1;2.110107421875;2.870849609375;1.4933333396911621;1.3733333349227905;4;4;-1;-1;0;0;0;0;1;1;0;0;0;0;0;0;0;1;1;0;0
33853;7;1;1;2.021240234375;2.78857421875;1.4933333396911621;1.3766666650772095;4;4;-1;-1;0;0;0;0;1;1;0;0;0;0;0;0;0;1;1;0;0
33903;7;1;1;1.93896484375;2.712890625;1.4933333396911621;1.3799999952316284;4;4;-1;-1;0;0;0;0;1;1;0;0;0;0;0;0;0;1;1;0;0
33953;7;1;1;1.85009765625;2.630859375;1.4933333396911621;1.3766666650772095;4;4;-1;-1;0;0;0;0;1;1;0;0;0;0;0;0;0;1;1;0;0
34003;7;1;1;1.76806640625;2.55517578125;1.4933333396911621;1.3766666650772095;4;4;-1;-1;0;0;0;0;1;1;0;0;0;0;0;0;0;1;1;0;0
34053;7;1;1;1.67919921875;2.47314453125;1.4933333396911621;1.3766666650772095;4;4;-1;-1;0;0;0;0;1;1;0;0;0;0;0;0;0;1;1;0;0
34103;7;1;1;1.59716796875;2.397216796875;1.4933333396911621;1.3766666650772095;4;4;-1;-1;0;0;0;0;1;1;0;0;0;0;0;0;0;1;1;0;0
34153;7;1;1;1.50830078125;2.315185546875;1.4933333396911621;1.3766666650772095;4;4;-1;-1;0;0;0;0;1;1;0;0;0;0;0;0;0;1;1;0;0
34203;7;1;1;1.42626953125;2.239501953125;1.4933333396911621;1.3766666650772095;4;4;-1;-1;0;0;0;0;1;1;0;0;0;0;0;0;0;1;1;0;0
34253;7;1;1;1.33740234375;2.1572265625;1.4933333396911621;1.3833333253860474;4;4;-1;-1;0;0;0;0;1;1;0;0;0;0;0;0;0;1;1;0;0
34303;7;1;1;1.25537109375;2.081298828125;1.4933333396911621;1.3833333253860474;4;4;-1;-1;0;0;0;0;1;1;0;0;0;0;0;0;0;1;1;0;0
34353;7;1;1;1.16650390625;1.99951171875;1.4933333396911621;1.3766666650772095;4;4;-1;-1;0;0;0;0;1;1;0;0;0;0;0;0;0;1;1;0;0
34403;7;1;1;1.08447265625;1.923583984375;1.4933333396911621;1.3766666650772095;4;4;-1;-1;0;0;0;0;1;1;0;0;0;0;0;0;0;1;1;0;0
34453;7;1;1;0.99560546875;1.84130859375;1.4933333396911621;1.3799999952316284;4;4;-1;-1;0;0;0;0;1;1;0;0;0;0;0;0;0;1;1;0;0
34504;7;1;1;0.91357421875;1.765625;1.4933333396911621;1.3799999952316284;4;4;-1;-1;0;0;0;0;1;1;0;0;0;0;0;0;0;1;1;0;0
34553;7;1;1;0.82470703125;1.683349609375;1.4933333396911621;1.3799999952316284;4;4;-1;-1;0;0;0;0;1;1;0;0;0;0;0;0;0;1;1;0;0
34604;7;1;1;0.742431640625;1.607666015625;1.4933333396911621;1.3799999952316284;4;4;-1;-1;0;0;0;0;1;1;0;0;0;0;0;0;0;1;1;0;0
34653;7;1;1;0.653564453125;1.525390625;1.4966666698455811;1.3799999952316284;4;4;-1;-1;0;0;0;0;1;1;0;0;0;0;0;0;0;1;1;0;0
34704;7;1;1;0.571533203125;1.44970703125;1.4933333396911621;1.3799999952316284;4;4;-1;-1;0;0;0;0;1;1;0;0;0;0;0;0;0;1;1;0;0
34753;7;1;1;0.482666015625;1.36767578125;1.4933333396911621;1.3733333349227905;4;4;-1;-1;0;0;0;0;1;1;0;0;0;0;0;0;0;1;1;0;0
34803;7;1;1;0.40087890625;1.2919921875;1.4900000095367432;1.3733333349227905;4;4;-1;-1;0;0;0;0;1;1;0;0;0;0;0;0;0;1;1;0;0
34853;7;1;1;0.312255859375;1.209716796875;1.4866667985916138;1.3799999952316284;4;4;-1;-1;0;0;0;0;1;1;0;0;0;0;0;0;0;1;1;0;0
34904;7;1;1;0.230712890625;1.13427734375;1.4833333492279053;1.3733333349227905;4;4;-1;-1;0;0;0;0;1;1;0;0;0;0;0;0;0;1;1;0;0
34953;7;1;1;0.142333984375;1.052001953125;1.4833333492279053;1.3766666650772095;4;4;-1;-1;0;0;0;0;1;1;0;0;0;0;0;0;0;1;1;0;0
35004;7;1;1;0.06103515625;0.9765625;1.4800000190734863;1.3700001239776611;4;4;-1;-1;0;0;0;0;1;1;0;0;0;0;0;0;0;1;1;0;0
35053;7;1;1;-0.027099609375;0.89453125;1.4800000190734863;1.3700001239776611;4;4;-1;-1;0;0;0;0;1;1;0;0;0;0;0;0;0;1;1;0;0
35103;7;1;1;-0.1083984375;0.81884765625;1.4800000190734863;1.3766666650772095;4;4;-1;-1;0;0;0;0;1;1;0;0;0;0;0;0;0;1;1;0;0
35153;7;1;1;-0.1962890625;0.73681640625;1.4733333587646484;1.3766666650772095;4;4;-1;-1;0;0;0;0;1;1;0;0;0;0;0;0;0;1;1;0;0
35203;7;1;1;-0.277099609375;0.6611328125;1.4700000286102295;1.3766666650772095;4;4;-1;-1;0;0;0;0;1;1;0;0;0;0;0;0;0;1;1;0;0
35253;7;1;1;-0.36474609375;0.579345703125;1.4700000286102295;1.3766666650772095;4;4;-1;-1;0;0;0;0;1;1;0;0;0;0;0;0;0;1;1;0;0
35304;7;1;1;-0.4453125;0.503662109375;1.4633333683013916;1.3766666650772095;4;4;-1;-1;0;0;0;0;1;1;0;0;0;0;0;0;0;1;1;0;0
35353;7;1;1;-0.531982421875;0.421875;1.4533333778381348;1.3733333349227905;4;4;-1;-1;0;0;0;0;1;1;0;0;0;0;0;0;0;1;1;0;0
35403;7;1;1;-0.61181640625;0.34619140625;1.4500000476837158;1.3733333349227905;4;4;-1;-1;0;0;0;0;1;1;0;0;0;0;0;0;0;1;1;0;0
35453;7;1;1;-0.697998046875;0.26416015625;1.4500000476837158;1.3766666650772095;4;4;-1;-1;0;0;0;0;1;1;0;0;0;0;0;0;0;1;1;0;0
35503;7;1;1;-0.77783203125;0.1884765625;1.4533333778381348;1.3766666650772095;4;4;-1;-1;0;0;0;0;1;1;0;0;0;0;0;0;0;1;1;0;0
35554;7;1;1;-0.864501953125;0.1064453125;1.4599999189376831;1.3766666650772095;4;4;-1;-1;0;0;0;0;1;1;0;0;0;0;0;0;0;1;1;0;0
35603;7;1;1;-0.94482421875;0.031005859375;1.4599999189376831;1.3766666650772095;4;4;-1;-1;0;0;0;0;1;1;0;0;0;0;0;0;0;1;1;0;0
35653;7;1;1;-1.03173828125;-0.051025390625;1.4599999189376831;1.3733333349227905;4;4;-1;-1;0;0;0;0;1;1;0;0;0;0;0;0;0;1;1;0;0
35703;7;1;1;-1.11181640625;-0.126708984375;1.4566667079925537;1.3766666650772095;4;4;-1;-1;0;0;0;0;1;1;0;0;0;0;0;0;0;1;1;0;0
35753;7;1;1;-1.198486328125;-0.208740234375;1.4566667079925537;1.3766666650772095;4;4;-1;-1;0;0;0;0;1;1;0;0;0;0;0;0;0;1;1;0;0
35803;7;1;1;-1.278564453125;-0.284423828125;1.4566667079925537;1.3733333349227905;4;4;-1;-1;0;0;0;0;1;1;0;0;0;0;0;0;0;1;1;0;0
35853;7;1;1;-1.365478515625;-0.366455078125;1.4599999189376831;1.3766666650772095;4;4;-1;-1;0;0;0;0;1;1;0;0;0;0;0;0;0;1;1;0;0
35903;7;1;1;-1.44580078125;-0.442138671875;1.4599999189376831;1.3799999952316284;4;4;-1;-1;0;0;0;0;1;1;0;0;0;0;0;0;0;1;1;0;0
35953;7;1;1;-1.53271484375;-0.52392578125;1.4599999189376831;1.3733333349227905;4;4;-1;-1;0;0;0;0;1;1;0;0;0;0;0;0;0;1;1;0;0
36003;7;1;1;-1.61279296875;-0.599853515625;1.4599999189376831;1.3766666650772095;4;4;-1;-1;0;0;0;0;1;1;0;0;0;0;0;0;0;1;1;0;0
36053;7;1;1;-1.69970703125;-0.681640625;1.4566667079925537;1.3733333349227905;4;4;-1;-1;0;0;0;0;1;1;0;0;0;0;0;0;0;1;1;0;0
36103;7;1;1;-1.77978515625;-0.75732421875;1.4566667079925537;1.3766666650772095;4;4;-1;-1;0;0;0;0;1;1;0;0;0;0;0;0;0;1;1;0;0
36153;7;1;1;-1.86669921875;-0.839111328125;1.4566667079925537;1.3666666746139526;4;4;-1;-1;0;0;0;0;1;1;0;0;0;0;0;0;0;1;1;0;0
36203;7;1;1;-1.94677734375;-0.9150390625;1.4566667079925537;1.3833333253860474;4;4;-1;-1;0;0;0;0;1;1;0;0;0;0;0;0;0;1;1;0;0
36253;7;1;1;-2.033447265625;-0.9970703125;1.4566667079925537;1.3766666650772095;4;4;-1;-1;0;0;0;0;1;1;0;0;0;0;0;0;0;1;1;0;0
36303;7;1;1;-2.113525390625;-1.072509765625;1.4566667079925537;1.3766666650772095;4;4;-1;-1;0;0;0;0;1;1;0;0;0;0;0;0;0;1;1;0;0
36353;7;1;1;-2.2001953125;-1.154541015625;1.4566667079925537;1.3799999952316284;4;4;-1;-1;0;0;0;0;1;1;0;0;0;0;0;0;0;1;1;0;0
36403;7;1;1;-2.2802734375;-1.230224609375;1.4533333778381348;1.3766666650772095;4;4;-1;-1;0;0;0;0;1;1;0;0;0;0;0;0;0;1;1;0;0
36452;7;1;1;-2.366943359375;-1.312255859375;1.4566667079925537;1.3733333349227905;4;4;-1;-1;0;0;0;0;1;1;0;0;0;0;0;0;0;1;1;0;0
36503;7;1;1;-2.447021484375;-1.3876953125;1.4566667079925537;1.3766666650772095;4;4;-1;-1;0;0;0;0;1;1;0;0;0;0;0;0;0;1;1;0;0
36553;7;1;1;-2.533447265625;-1.4697265625;1.4533333778381348;1.3733333349227905;4;4;-1;-1;0;0;0;0;1;1;0;0;0;0;0;0;0;1;1;0;0
36603;7;1;1;-2.613525390625;-1.54541015625;1.4533333778381348;1.3733333349227905;4;4;-1;-1;0;0;0;0;1;1;0;0;0;0;0;0;0;1;1;0;0
36653;7;1;1;-2.699951171875;-1.62744140625;1.4533333778381348;1.3766666650772095;4;4;-1;-1;0;0;0;0;1;1;0;0;0;0;0;0;0;1;1;0;0
36703;7;1;1;-2.779541015625;-1.703369140625;1.4500000476837158;1.3799999952316284;4;4;-1;-1;0;0;0;0;1;1;0;0;0;0;0;0;0;1;1;0;0
36754;7;1;1;-2.865966796875;-1.785400390625;1.4500000476837158;1.3766666650772095;4;4;-1;-1;0;0;0;0;1;1;0;0;0;0;0;0;0;1;1;0;0
36803;7;1;1;-2.945556640625;-1.861083984375;1.4500000476837158;1.3733333349227905;4;4;-1;-1;0;0;0;0;1;1;0;0;0;0;0;0;0;1;1;0;0
36853;7;1;1;-3.031982421875;-1.943115234375;1.4500000476837158;1.3766666650772095;4;4;-1;-1;0;0;0;0;1;1;0;0;0;0;0;0;0;1;1;0;0
36903;7;1;1;-3.111572265625;-2.01904296875;1.4500000476837158;1.3766666650772095;4;4;-1;-1;0;0;0;0;1;1;0;0;0;0;0;0;0;1;1;0;0
36953;7;1;1;-3.197998046875;-2.10107421875;1.4500000476837158;1.3799999952316284;4;4;-1;-1;0;0;0;0;1;1;0;0;0;0;0;0;0;1;1;0;0
37003;7;1;1;-3.27783203125;-2.1767578125;1.4500000476837158;1.3799999952316284;4;4;-1;-1;0;0;0;0;1;1;0;0;0;0;0;0;0;1;1;0;0
37053;7;1;1;-3.364013671875;-2.2587890625;1.4500000476837158;1.3766666650772095;4;4;-1;-1;0;0;0;0;1;1;0;0;0;0;0;0;0;1;1;0;0
37103;7;1;1;-3.44384765625;-2.33447265625;1.4500000476837158;1.3766666650772095;4;4;-1;-1;0;0;0;0;1;1;0;0;0;0;0;0;0;1;1;0;0
37153;7;1;1;-3.530029296875;-2.416748046875;1.4500000476837158;1.3799999952316284;4;4;-1;-1;0;0;0;0;1;1;0;0;0;0;0;0;0;1;1;0;0
37203;7;1;1;-3.60986328125;-2.492431640625;1.4500000476837158;1.3766666650772095;4;4;-1;-1;0;0;0;0;1;1;0;0;0;0;0;0;0;1;1;0;0
37253;7;1;1;-3.6962890625;-2.574462890625;1.4500000476837158;1.3766666650772095;4;4;-1;-1;0;0;0;0;1;1;0;0;0;0;0;0;0;1;1;0;0
37303;7;1;1;-3.776123046875;-2.650146484375;1.4533333778381348;1.3766666650772095;4;4;-1;-1;0;0;0;0;1;1;0;0;0;0;0;0;0;1;1;0;0
37353;7;1;1;-3.862548828125;-2.73193359375;1.4533333778381348;1.3733333349227905;4;4;-1;-1;0;0;0;0;1;1;0;0;0;0;0;0;0;1;1;0;0
37403;7;1;1;-3.942138671875;-2.807861328125;1.4500000476837158;1.3766666650772095;4;4;-1;-1;0;0;0;0;1;1;0;0;0;0;0;0;0;1;1;0;0
37453;7;1;1;-4.02880859375;-2.889892578125;1.4533333778381348;1.3799999952316284;4;4;-1;-1;0;0;0;0;1;1;0;0;0;0;0;0;0;1;1;0;0
37503;7;1;1;-4.108642578125;-2.965576171875;1.4533333778381348;1.3799999952316284;4;4;-1;-1;0;0;0;0;1;1;0;0;0;0;0;0;0;1;1;0;0
37553;7;1;1;-4.195068359375;-3.04736328125;1.4533333778381348;1.3766666650772095;4;4;-1;-1;0;0;0;0;1;1;0;0;0;0;0;0;0;1;1;0;0
37603;7;1;1;-4.27490234375;-3.123046875;1.4533333778381348;1.3733333349227905;4;4;-1;-1;0;0;0;0;1;1;0;0;0;0;0;0;0;1;1;0;0
37653;7;1;1;-4.361328125;-3.205078125;1.4533333778381348;1.3733333349227905;4;4;-1;-1;0;0;0;0;1;1;0;0;0;0;0;0;0;1;1;0;0
37703;7;1;1;-4.441162109375;-3.28076171875;1.4533333778381348;1.3766666650772095;4;4;-1;-1;0;0;0;0;1;1;0;0;0;0;0;0;0;1;1;0;0
37753;7;1;1;-4.52783203125;-3.363037109375;1.4533333778381348;1.3799999952316284;4;4;-1;-1;0;0;0;0;1;1;0;0;0;0;0;0;0;1;1;0;0
37803;7;1;1;-4.607666015625;-3.438720703125;1.4533333778381348;1.3799999952316284;4;4;-1;-1;0;0;0;0;1;1;0;0;0;0;0;0;0;1;1;0;0
37853;7;1;1;-4.6943359375;-3.520751953125;1.4566667079925537;1.3766666650772095;4;4;-1;-1;0;0;0;0;1;1;0;0;0;0;0;0;0;1;1;0;0
37903;7;1;1;-4.7744140625;-3.5966796875;1.4533333778381348;1.3766666650772095;4;4;-1;-1;0;0;0;0;1;1;0;0;0;0;0;0;0;1;1;0;0
37953;7;1;1;-4.861083984375;-3.6787109375;1.4566667079925537;1.3799999952316284;4;4;-1;-1;0;0;0;0;1;1;0;0;0;0;0;0;0;1;1;0;0
38004;7;1;1;-4.94091796875;-3.754638671875;1.4566667079925537;1.3766666650772095;4;4;-1;-1;0;0;0;0;1;1;0;0;0;0;0;0;0;1;1;0;0
38053;7;1;1;-5.02783203125;-3.836669921875;1.4566667079925537;1.3799999952316284;4;4;-1;-1;0;0;0;0;1;1;0;0;0;0;0;0;0;1;1;0;0
38103;7;1;1;-5.107666015625;-3.912353515625;1.4566667079925537;1.3799999952316284;4;4;-1;-1;0;0;0;0;1;1;0;0;0;0;0;0;0;1;1;0;0
38153;7;1;1;-5.194580078125;-3.994384765625;1.4566667079925537;1.3766666650772095;4;4;-1;-1;0;0;0;0;1;1;0;0;0;0;0;0;0;1;1;0;0
38203;7;1;1;-5.274658203125;-4.0703125;1.4566667079925537;1.3766666650772095;4;4;-1;-1;0;0;0;0;1;1;0;0;0;0;0;0;0;1;1;0;0
38253;7;1;1;-5.361328125;-4.15234375;1.4566667079925537;1.3766666650772095;4;4;-1;-1;0;0;0;0;1;1;0;0;0;0;0;0;0;1;1;0;0
38303;7;1;1;-5.44140625;-4.228271484375;1.4566667079925537;1.3799999952316284;4;4;-1;-1;0;0;0;0;1;1;0;0;0;0;0;0;0;1;1;0;0
38353;7;1;1;-5.5283203125;-4.310302734375;1.4566667079925537;1.3766666650772095;4;4;-1;-1;0;0;0;0;1;1;0;0;0;0;0;0;0;1;1;0;0
38403;7;1;1;-5.6083984375;-4.385986328125;1.4566667079925537;1.3766666650772095;4;4;-1;-1;0;0;0;0;1;1;0;0;0;0;0;0;0;1;1;0;0
38453;7;1;1;-5.695068359375;-4.468017578125;1.4566667079925537;1.3766666650772095;4;4;-1;-1;0;0;0;0;1;1;0;0;0;0;0;0;0;1;1;0;0
38504;7;1;1;-5.775146484375;-4.543701171875;1.4566667079925537;1.3766666650772095;4;4;-1;-1;0;0;0;0;1;1;0;0;0;0;0;0;0;1;1;0;0
38553;7;1;1;-5.86181640625;-4.6259765625;1.4566667079925537;1.3733333349227905;4;4;-1;-1;0;0;0;0;1;1;0;0;0;0;0;0;0;1;1;0;0
38603;7;1;1;-5.94189453125;-4.70166015625;1.4566667079925537;1.3766666650772095;4;4;-1;-1;0;0;0;0;1;1;0;0;0;0;0;0;0;1;1;0;0
38653;7;1;1;-6.028564453125;-4.78369140625;1.4566667079925537;1.3766666650772095;4;4;-1;-1;0;0;0;0;1;1;0;0;0;0;0;0;0;1;1;0;0
38703;7;1;1;-6.108642578125;-4.859130859375;1.4566667079925537;1.3700001239776611;4;4;-1;-1;0;0;0;0;1;1;0;0;0;0;0;0;0;1;1;0;0
38753;7;1;1;-6.1953125;-4.94140625;1.4566667079925537;1.3766666650772095;4;4;-1;-1;0;0;0;0;1;1;0;0;0;0;0;0;0;1;1;0;0
38803;8;1;1;-6.275146484375;-5.01708984375;1.4533333778381348;1.3733333349227905;0;0;0;0;0;0;0;0;1;1;0;0;0;0;0;0;0;1;1;0;0
38853;8;1;1;-6.362060546875;-5.09912109375;1.4599999189376831;1.3733333349227905;0;0;0;0;0;0;0;0;0;0;1;0;0;0;0;0;0;0;0;0;0
38903;8;1;1;-6.443115234375;-5.175048828125;1.4800000190734863;1.3766666650772095;0;0;0;0;0;0;0;0;0;0;1;0;0;0;0;0;0;0;0;1;1
38953;8;1;1;-6.5322265625;-5.2568359375;1.5;1.3766666650772095;0;0;0;0;0;0;0;0;0;0;1;0;0;0;0;0;0;0;0;1;1
39003;8;1;1;-6.615966796875;-5.33251953125;1.5266666412353516;1.3733333349227905;0;0;0;0;0;0;0;0;0;0;1;0;0;0;0;0;0;0;0;1;1
39053;8;1;1;-6.707763671875;-5.414306640625;1.5466667413711548;1.3733333349227905;0;0;0;0;0;0;0;0;0;0;1;0;0;0;0;0;0;0;0;1;1
39103;8;1;1;-6.793701171875;-5.489501953125;1.5633333921432495;1.3666666746139526;0;0;0;0;0;0;0;0;0;0;1;0;0;0;0;0;0;0;0;1;1
39153;8;1;1;-6.886474609375;-5.5712890625;1.5499999523162842;1.3733333349227905;0;0;0;0;0;0;0;0;0;0;1;0;0;0;0;0;0;0;0;1;1
39203;8;1;1;-6.96875;-5.646484375;1.4900000095367432;1.3633333444595337;0;0;0;0;0;0;0;0;0;0;1;0;0;0;0;0;0;0;0;1;1
39253;8;1;1;-7.05322265625;-5.7265625;1.4099999666213989;1.3400000333786011;0;0;0;0;0;0;0;0;0;0;1;0;0;0;0;0;0;0;0;1;1
39303;8;1;1;-7.12744140625;-5.7978515625;1.34333336353302;1.2900000810623169;0;0;0;0;0;0;0;0;0;0;1;0;0;0;0;0;0;0;0;1;1
39353;8;1;1;-7.20361328125;-5.871826171875;1.2700001001358032;1.2300000190734863;0;0;0;0;0;0;0;0;0;0;0;0;0;0;0;0;0;0;0;1;1
39403;8;1;1;-7.26953125;-5.9365234375;1.1966667175292969;1.1733334064483643;0;0;0;0;0;0;0;0;0;0;0;0;0;0;0;0;0;0;0;1;1
39453;8;1;1;-7.33642578125;-6.00341796875;1.1100000143051147;1.1100000143051147;0;0;0;0;0;0;0;0;0;0;0;0;0;0;0;0;0;0;0;1;1
39503;8;1;1;-7.393310546875;-6.0615234375;1.0299999713897705;1.0533334016799927;0;0;0;0;0;0;0;0;0;0;0;0;0;0;0;0;0;0;0;1;1
39553;8;1;1;-7.450439453125;-6.12109375;0.9466666579246521;0.99000000953674316;0;0;0;0;0;0;0;0;0;0;0;0;0;0;0;0;0;0;0;1;1
39603;8;1;1;-7.49853515625;-6.172607421875;0.87000000476837158;0.93333333730697632;0;0;0;0;0;0;0;0;0;0;0;0;0;0;0;0;0;0;0;1;1
39653;8;1;1;-7.546142578125;-6.224853515625;0.79000002145767212;0.86666667461395264;0;0;0;0;0;0;0;0;0;0;0;0;0;0;0;0;0;0;0;1;1
39704;8;1;1;-7.58544921875;-6.26953125;0.70666670799255371;0.80666667222976685;0;0;0;0;0;0;0;0;0;0;0;0;0;0;0;0;0;0;0;1;1
39753;8;1;1;-7.623046875;-6.31396484375;0.61333334445953369;0.73666667938232422;0;0;0;0;0;0;0;0;0;0;0;0;0;0;0;0;0;0;0;1;1
39804;8;1;1;-7.65234375;-6.351318359375;0.52333331108093262;0.67333334684371948;0;0;0;0;0;0;0;0;0;0;0;0;0;0;0;0;0;0;0;1;1
39853;8;1;1;-7.678466796875;-6.387939453125;0.42333331704139709;0.60333335399627686;0;0;0;0;0;0;0;0;0;0;0;0;0;0;0;0;0;0;0;1;1
39904;8;1;1;-7.697021484375;-6.41796875;0.32666668295860291;0.54000002145767212;0;0;0;0;0;0;0;0;0;0;0;0;0;0;0;0;0;0;0;1;1
39953;8;1;1;-7.711181640625;-6.446533203125;0.2199999988079071;0.46666666865348816;0;0;0;0;0;0;0;0;0;0;0;0;0;0;0;0;0;0;0;1;1
40003;8;1;1;-7.718017578125;-6.468994140625;0.11333333700895309;0.40666666626930237;0;0;0;0;0;0;0;0;0;0;0;0;0;0;0;0;0;0;0;1;1
40053;8;1;1;-7.71923828125;-6.48974609375;0.013333333656191826;0.3333333432674408;0;0;0;0;0;0;0;0;0;0;0;0;0;0;0;0;0;0;0;1;1
40104;8;1;1;-7.718994140625;-6.504638671875;0;0.26666668057441711;0;0;0;0;0;0;0;0;0;0;0;0;0;0;0;0;0;0;0;1;1
40153;8;1;1;-7.718994140625;-6.517333984375;0;0.20000000298023224;0;0;0;0;0;0;0;0;0;0;0;0;0;0;0;0;0;0;0;1;1
40204;8;1;1;-7.71875;-6.525390625;0;0.14333334565162659;0;0;0;0;0;0;0;0;0;0;0;0;0;0;0;0;0;0;0;1;1
40253;8;1;1;-7.718994140625;-6.53076171875;0;0.080000005662441254;0;0;0;0;0;0;0;0;0;0;0;0;0;0;0;0;0;0;0;1;1
40303;8;1;1;-7.718994140625;-6.532470703125;0;0.023333333432674408;0;0;0;0;0;0;0;0;0;0;0;0;0;0;0;0;0;0;0;1;1
40354;8;1;1;-7.718994140625;-6.532470703125;0;0;0;0;0;0;0;0;0;0;0;0;0;0;0;0;0;0;0;0;0;1;1
40404;8;1;1;-7.718994140625;-6.532470703125;0;0;0;0;0;0;0;0;0;0;0;0;0;0;0;0;0;0;0;0;0;1;1
40453;8;1;1;-7.718994140625;-6.5322265625;0;0;0;0;0;0;0;0;0;0;0;0;0;0;0;0;0;0;0;0;0;1;1
40503;8;1;1;-7.718994140625;-6.5322265625;0;0;0;0;0;0;0;0;0;0;0;0;0;0;0;0;0;0;0;0;0;1;1
40553;8;1;1;-7.718994140625;-6.5322265625;0;0;0;0;0;0;0;0;0;0;0;0;0;0;0;0;0;0;0;0;0;1;1
40603;8;1;1;-7.718994140625;-6.5322265625;0;0;0;0;0;0;0;0;0;0;0;0;0;0;0;0;0;0;0;0;0;1;1
40653;8;1;1;-7.718994140625;-6.532470703125;0;0;0;0;0;0;0;0;0;0;0;0;0;0;0;0;0;0;0;0;0;1;1
40703;8;1;1;-7.718994140625;-6.532470703125;0;0;0;0;0;0;0;0;0;0;0;0;0;0;0;0;0;0;0;0;0;1;1
40753;8;1;1;-7.718994140625;-6.532470703125;0;0;0;0;0;0;0;0;0;0;0;0;0;0;0;0;0;0;0;0;0;1;1
40803;8;1;1;-7.718994140625;-6.5322265625;0;0;0;0;0;0;0;0;0;0;0;0;0;0;0;0;0;0;0;0;0;1;1
40853;10;1;1;-7.718994140625;-6.5322265625;0;0;0;0;0;0;0;0;0;0;0;0;0;0;0;0;0;0;0;0;0;1;1
40903;10;1;1;-7.718994140625;-6.5322265625;0;0;0;0;0;0;0;0;0;0;0;0;0;0;0;0;0;0;0;0;0;1;1
40953;10;1;1;-7.718994140625;-6.5322265625;0;0;0;0;0;0;0;0;0;0;0;0;0;0;0;0;0;0;0;0;0;1;1
41003;10;1;1;-7.718994140625;-6.532470703125;0;0;0;0;0;0;0;0;0;0;0;0;0;0;0;0;0;0;0;0;0;1;1
41053;10;1;1;-7.718994140625;-6.5322265625;0;0;0;0;0;0;0;0;0;0;0;0;0;0;0;0;0;0;0;0;0;1;1
41103;10;1;1;-7.718994140625;-6.5322265625;0;0;0;0;0;0;0;0;0;0;0;0;0;0;0;0;0;0;0;0;0;1;1
41153;10;1;1;-7.718994140625;-6.5322265625;0;0;0;0;0;0;0;0;0;0;0;0;0;0;0;0;0;0;0;0;0;1;1
41203;10;1;1;-7.718994140625;-6.5322265625;0;0;0;0;0;0;0;0;0;0;0;0;0;0;0;0;0;0;0;0;0;1;1
41253;10;1;1;-7.718994140625;-6.5322265625;0;0;0;0;0;0;0;0;0;0;0;0;0;0;0;0;0;0;0;0;0;1;1
41303;10;1;1;-7.718994140625;-6.5322265625;0;0;0;0;0;0;0;0;0;0;0;0;0;0;0;0;0;0;0;0;0;1;1
41353;10;1;1;-7.718994140625;-6.5322265625;0;0;0;0;0;0;0;0;0;0;0;0;0;0;0;0;0;0;0;0;0;1;1
41403;10;1;1;-7.718994140625;-6.5322265625;0;0;0;0;0;0;0;0;0;0;0;0;0;0;0;0;0;0;0;0;0;1;1
41453;10;1;1;-7.718994140625;-6.5322265625;0;0;0;0;0;0;0;0;0;0;0;0;0;0;0;0;0;0;0;0;0;1;1
41503;10;1;1;-7.718994140625;-6.5322265625;0;0;0;0;0;0;0;0;0;0;0;0;0;0;0;0;0;0;0;0;0;1;1
41553;10;1;1;-7.718994140625;-6.5322265625;0;0;0;0;0;0;0;0;0;0;0;0;0;0;0;0;0;0;0;0;0;1;1
41603;10;1;1;-7.718994140625;-6.5322265625;0;0;0;0;0;0;0;0;0;0;0;0;0;0;0;0;0;0;0;0;0;1;1
41653;10;1;1;-7.718994140625;-6.5322265625;0;0;0;0;0;0;0;0;0;0;0;0;0;0;0;0;0;0;0;0;0;1;1
41703;10;1;1;-7.718994140625;-6.5322265625;0;0;0;0;0;0;0;0;0;0;0;0;0;0;0;0;0;0;0;0;0;1;1
41753;10;1;1;-7.718994140625;-6.5322265625;0;0;0;0;0;0;0;0;0;0;0;0;0;0;0;0;0;0;0;0;0;1;1
41803;10;1;1;-7.718994140625;-6.5322265625;0;0;0;0;0;0;0;0;0;0;0;0;0;0;0;0;0;0;0;0;0;1;1
41854;10;1;1;-7.718994140625;-6.5322265625;0;0;0;0;0;0;0;0;0;0;0;0;0;0;0;0;0;0;0;0;0;1;1
41904;10;1;1;-7.718994140625;-6.5322265625;0;0;0;0;0;0;0;0;0;0;0;0;0;0;0;0;0;0;0;0;0;1;1
41953;10;1;1;-7.718994140625;-6.5322265625;0;0;0;0;0;0;0;0;0;0;0;0;0;0;0;0;0;0;0;0;0;1;1
42004;10;1;1;-7.718994140625;-6.5322265625;0;0;0;0;0;0;0;0;0;0;0;0;0;0;0;0;0;0;0;0;0;1;1
42054;10;1;1;-7.718994140625;-6.5322265625;0;0;0;0;0;0;0;0;0;0;0;0;0;0;0;0;0;0;0;0;0;1;1
42103;10;1;1;-7.718994140625;-6.5322265625;0;0;0;0;0;0;0;0;0;0;0;0;0;0;0;0;0;0;0;0;0;1;1
42153;10;1;1;-7.718994140625;-6.5322265625;0;0;0;0;0;0;0;0;0;0;0;0;0;0;0;0;0;0;0;0;0;1;1
42203;10;1;1;-7.718994140625;-6.5322265625;0;0;0;0;0;0;0;0;0;0;0;0;0;0;0;0;0;0;0;0;0;1;1
42253;10;1;1;-7.718994140625;-6.5322265625;0;0;0;0;0;0;0;0;0;0;0;0;0;0;0;0;0;0;0;0;0;1;1
42303;10;1;1;-7.718994140625;-6.5322265625;0;0;0;0;0;0;0;0;0;0;0;0;0;0;0;0;0;0;0;0;0;1;1
42353;10;1;1;-7.718994140625;-6.5322265625;0;0;0;0;0;0;0;0;0;0;0;0;0;0;0;0;0;0;0;0;0;1;1
42403;10;1;1;-7.718994140625;-6.5322265625;0;0;0;0;0;0;0;0;0;0;0;0;0;0;0;0;0;0;0;0;0;1;1
42453;10;1;1;-7.718994140625;-6.5322265625;0;0;0;0;0;0;0;0;0;0;0;0;0;0;0;0;0;0;0;0;0;1;1
42503;10;1;1;-7.718994140625;-6.5322265625;0;0;0;0;0;0;0;0;0;0;0;0;0;0;0;0;0;0;0;0;0;1;1
42553;10;1;1;-7.718994140625;-6.5322265625;0;0;0;0;0;0;0;0;0;0;0;0;0;0;0;0;0;0;0;0;0;1;1
42603;10;1;1;-7.718994140625;-6.5322265625;0;0;0;0;0;0;0;0;0;0;0;0;0;0;0;0;0;0;0;0;0;1;1
42653;10;1;1;-7.718994140625;-6.5322265625;0;0;0;0;0;0;0;0;0;0;0;0;0;0;0;0;0;0;0;0;0;1;1
42703;10;1;1;-7.718994140625;-6.5322265625;0;0;0;0;0;0;0;0;0;0;0;0;0;0;0;0;0;0;0;0;0;1;1
42753;10;1;1;-7.718994140625;-6.5322265625;0;0;0;0;0;0;0;0;0;0;0;0;0;0;0;0;0;0;0;0;0;1;1
42803;10;1;1;-7.718994140625;-6.5322265625;0;0;0;0;0;0;0;0;0;0;0;0;0;0;0;0;0;0;0;0;0;1;1
42853;10;1;1;-7.718994140625;-6.5322265625;0;0;0;0;0;0;0;0;0;0;0;0;0;0;0;0;0;0;0;0;0;1;1
42903;10;1;1;-7.718994140625;-6.5322265625;0;0;0;0;0;0;0;0;0;0;0;0;0;0;0;0;0;0;0;0;0;1;1
42953;10;1;1;-7.718994140625;-6.5322265625;0;0;0;0;0;0;0;0;0;0;0;0;0;0;0;0;0;0;0;0;0;1;1
43003;10;1;1;-7.718994140625;-6.5322265625;0;0;0;0;0;0;0;0;0;0;0;0;0;0;0;0;0;0;0;0;0;1;1
43053;10;1;1;-7.718994140625;-6.5322265625;0;0;0;0;0;0;0;0;0;0;0;0;0;0;0;0;0;0;0;0;0;1;1
43103;10;1;1;-7.718994140625;-6.5322265625;0;0;0;0;0;0;0;0;0;0;0;0;0;0;0;0;0;0;0;0;0;1;1
43153;10;1;1;-7.718994140625;-6.5322265625;0;0;0;0;0;0;0;0;0;0;0;0;0;0;0;0;0;0;0;0;0;1;1
43203;10;1;1;-7.718994140625;-6.5322265625;0;0;0;0;0;0;0;0;0;0;0;0;0;0;0;0;0;0;0;0;0;1;1
43253;10;1;1;-7.718994140625;-6.5322265625;0;0;0;0;0;0;0;0;0;0;0;0;0;0;0;0;0;0;0;0;0;1;1
43303;10;1;1;-7.718994140625;-6.5322265625;0;0;0;0;0;0;0;0;0;0;0;0;0;0;0;0;0;0;0;0;0;1;1
43353;10;1;1;-7.718994140625;-6.5322265625;0;0;0;0;0;0;0;0;0;0;0;0;0;0;0;0;0;0;0;0;0;1;1
43403;10;1;1;-7.718994140625;-6.5322265625;0;0;0;0;0;0;0;0;0;0;0;0;0;0;0;0;0;0;0;0;0;1;1
43453;10;1;1;-7.718994140625;-6.5322265625;0;0;0;0;0;0;0;0;0;0;0;0;0;0;0;0;0;0;0;0;0;1;1
43503;10;1;1;-7.718994140625;-6.5322265625;0;0;0;0;0;0;0;0;0;0;0;0;0;0;0;0;0;0;0;0;0;1;1
43553;10;1;1;-7.718994140625;-6.5322265625;0;0;0;0;0;0;0;0;0;0;0;0;0;0;0;0;0;0;0;0;0;1;1
43603;10;1;1;-7.718994140625;-6.5322265625;0;0;0;0;0;0;0;0;0;0;0;0;0;0;0;0;0;0;0;0;0;1;1
43654;10;1;1;-7.718994140625;-6.5322265625;0;0;0;0;0;0;0;0;0;0;0;0;0;0;0;0;0;0;0;0;0;1;1
43703;10;1;1;-7.718994140625;-6.5322265625;0;0;0;0;0;0;0;0;0;0;0;0;0;0;0;0;0;0;0;0;0;1;1
43753;10;1;1;-7.718994140625;-6.5322265625;0;0;0;0;0;0;0;0;0;0;0;0;0;0;0;0;0;0;0;0;0;1;1
43803;10;1;1;-7.718994140625;-6.5322265625;0;0;0;0;0;0;0;0;0;0;0;0;0;0;0;0;0;0;0;0;0;1;1
43854;10;1;1;-7.718994140625;-6.5322265625;0;0;0;0;0;0;0;0;0;0;0;0;0;0;0;0;0;0;0;0;0;1;1
43903;10;1;1;-7.718994140625;-6.5322265625;0;0;0;0;0;0;0;0;0;0;0;0;0;0;0;0;0;0;0;0;0;1;1
43953;10;1;1;-7.718994140625;-6.5322265625;0;0;0;0;0;0;0;0;0;0;0;0;0;0;0;0;0;0;0;0;0;1;1
44003;10;1;1;-7.718994140625;-6.5322265625;0;0;0;0;0;0;0;0;0;0;0;0;0;0;0;0;0;0;0;0;0;1;1
44053;10;1;1;-7.718994140625;-6.5322265625;0;0;0;0;0;0;0;0;0;0;0;0;0;0;0;0;0;0;0;0;0;1;1
44103;10;1;1;-7.718994140625;-6.5322265625;0;0;0;0;0;0;0;0;0;0;0;0;0;0;0;0;0;0;0;0;0;1;1
44153;10;1;1;-7.718994140625;-6.5322265625;0;0;0;0;0;0;0;0;0;0;0;0;0;0;0;0;0;0;0;0;0;1;1
44203;10;1;1;-7.718994140625;-6.5322265625;0;0;0;0;0;0;0;0;0;0;0;0;0;0;0;0;0;0;0;0;0;1;1
44253;10;1;1;-7.718994140625;-6.5322265625;0;0;0;0;0;0;0;0;0;0;0;0;0;0;0;0;0;0;0;0;0;1;1
44303;10;1;1;-7.718994140625;-6.5322265625;0;0;0;0;0;0;0;0;0;0;0;0;0;0;0;0;0;0;0;0;0;1;1
44353;10;1;1;-7.718994140625;-6.5322265625;0;0;0;0;0;0;0;0;0;0;0;0;0;0;0;0;0;0;0;0;0;1;1
44403;10;1;1;-7.718994140625;-6.5322265625;0;0;0;0;0;0;0;0;0;0;0;0;0;0;0;0;0;0;0;0;0;1;1
44453;10;1;1;-7.718994140625;-6.5322265625;0;0;0;0;0;0;0;0;0;0;0;0;0;0;0;0;0;0;0;0;0;1;1
44503;10;1;1;-7.718994140625;-6.5322265625;0;0;0;0;0;0;0;0;0;0;0;0;0;0;0;0;0;0;0;0;0;1;1
44553;10;1;1;-7.718994140625;-6.5322265625;0;0;0;0;0;0;0;0;0;0;0;0;0;0;0;0;0;0;0;0;0;1;1
44603;10;1;1;-7.718994140625;-6.5322265625;0;0;0;0;0;0;0;0;0;0;0;0;0;0;0;0;0;0;0;0;0;1;1
44653;10;1;1;-7.718994140625;-6.5322265625;0;0;0;0;0;0;0;0;0;0;0;0;0;0;0;0;0;0;0;0;0;1;1
44703;10;1;1;-7.718994140625;-6.5322265625;0;0;0;0;0;0;0;0;0;0;0;0;0;0;0;0;0;0;0;0;0;1;1
44753;10;1;1;-7.718994140625;-6.5322265625;0;0;0;0;0;0;0;0;0;0;0;0;0;0;0;0;0;0;0;0;0;1;1
44803;10;1;1;-7.718994140625;-6.5322265625;0;0;0;0;0;0;0;0;0;0;0;0;0;0;0;0;0;0;0;0;0;1;1
44853;10;1;1;-7.718994140625;-6.5322265625;0;0;0;0;0;0;0;0;0;0;0;0;0;0;0;0;0;0;0;0;0;1;1
44903;10;1;1;-7.718994140625;-6.5322265625;0;0;0;0;0;0;0;0;0;0;0;0;0;0;0;0;0;0;0;0;0;1;1
44953;10;1;1;-7.718994140625;-6.5322265625;0;0;0;0;0;0;0;0;0;0;0;0;0;0;0;0;0;0;0;0;0;1;1
45003;10;1;0;-7.718994140625;-6.5322265625;0;0;0;0;0;0;0;0;0;0;0;0;0;0;0;0;0;0;0;0;0;1;1
45053;10;1;0;-7.718994140625;-6.5322265625;0;0;0;0;0;0;0;0;0;0;0;0;0;0;0;0;0;0;0;0;0;1;1
45103;10;0;0;-7.718994140625;-6.5322265625;0;0;0;0;0;0;0;0;0;0;0;0;0;0;0;0;0;0;0;0;0;1;1
45153;10;0;0;-7.718994140625;-6.5322265625;0;0;0;0;0;0;0;0;0;0;0;0;0;0;0;0;0;0;0;0;0;1;1
45203;10;0;0;-7.718994140625;-6.5322265625;0;0;0;0;0;0;0;0;0;0;0;0;0;0;0;0;0;0;0;0;0;1;1
45253;10;0;0;-7.718994140625;-6.5322265625;0;0;0;0;0;0;0;0;0;0;0;0;0;0;0;0;0;0;0;0;0;1;1
45303;10;0;0;-7.718994140625;-6.5322265625;0;0;0;0;0;0;0;0;0;0;0;0;0;0;0;0;0;0;0;0;0;1;1
45353;10;0;0;-7.718994140625;-6.5322265625;0;0;0;0;0;0;0;0;0;0;0;0;0;0;0;0;0;0;0;0;0;1;1
45403;10;0;0;-7.718994140625;-6.5322265625;0;0;0;0;0;0;0;0;0;0;0;0;0;0;0;0;0;0;0;0;0;1;1
45453;10;0;0;-7.718994140625;-6.5322265625;0;0;0;0;0;0;0;0;0;0;0;0;0;0;0;0;0;0;0;0;0;1;1
45503;10;0;0;-7.718994140625;-6.5322265625;0;0;0;0;0;0;0;0;0;0;0;0;0;0;0;0;0;0;0;0;0;1;1
45553;10;0;0;-7.718994140625;-6.5322265625;0;0;0;0;0;0;0;0;0;0;0;0;0;0;0;0;0;0;0;0;0;1;1
45603;10;0;0;-7.718994140625;-6.5322265625;0;0;0;0;0;0;0;0;0;0;0;0;0;0;0;0;0;0;0;0;0;1;1
45653;10;0;0;-7.718994140625;-6.5322265625;0;0;0;0;0;0;0;0;0;0;0;0;0;0;0;0;0;0;0;0;0;1;1
45703;10;0;0;-7.718994140625;-6.5322265625;0;0;0;0;0;0;0;0;0;0;0;0;0;0;0;0;0;0;0;0;0;1;1
45753;10;0;0;-7.718994140625;-6.5322265625;0;0;0;0;0;0;0;0;0;0;0;0;0;0;0;0;0;0;0;0;0;1;1
45803;10;0;0;-7.718994140625;-6.5322265625;0;0;0;0;0;0;0;0;0;0;0;0;0;0;0;0;0;0;0;0;0;1;1
45853;10;0;0;-7.718994140625;-6.5322265625;0;0;0;0;0;0;0;0;0;0;0;0;0;0;0;0;0;0;0;0;0;1;1
45903;10;1;0;-7.718994140625;-6.5322265625;0;0;0;0;0;0;0;0;0;0;0;0;0;0;0;0;0;0;0;0;0;1;1
45953;10;1;1;-7.718994140625;-6.5322265625;0;0;0;1;0;1;0;0;0;0;0;1;0;0;0;0;0;0;1;0;1;1;1
46003;10;1;1;-7.718994140625;-6.5322265625;0;0.0033333334140479565;0;1;0;1;0;0;0;0;0;1;0;0;0;0;0;0;1;0;1;0;1
46053;10;1;1;-7.718994140625;-6.529541015625;0;0.05000000074505806;0;1;0;1;0;0;0;0;0;1;0;0;0;0;0;0;1;0;1;0;1
46103;10;1;1;-7.718994140625;-6.5234375;0;0.10999999940395355;0;1;0;1;0;0;0;0;0;1;0;0;0;0;0;0;1;0;1;0;1
46153;10;1;1;-7.718994140625;-6.514404296875;0;0.16333334147930145;0;1;0;1;0;0;0;0;0;1;0;0;0;0;0;0;1;0;1;0;1
46203;10;1;1;-7.718994140625;-6.50146484375;0;0.22333334386348724;0;1;0;1;0;0;0;0;0;1;0;0;0;0;0;0;1;0;1;0;1
46253;10;1;1;-7.718994140625;-6.48681640625;0;0.273333340883255;0;1;0;1;0;0;0;0;0;1;0;0;0;0;0;0;1;0;1;0;1
46303;10;1;1;-7.718994140625;-6.4677734375;0;0.32333332300186157;0;1;0;1;0;0;0;0;0;1;0;0;0;0;0;0;1;0;1;0;1
46353;10;1;1;-7.718994140625;-6.447509765625;0;0.37000000476837158;0;1;0;1;0;0;0;0;0;1;0;0;0;0;0;0;1;0;1;0;1
46403;10;1;1;-7.718994140625;-6.423095703125;0;0.4166666567325592;0;1;0;1;0;0;0;0;0;1;0;0;0;0;0;0;1;0;1;0;1
46453;10;1;1;-7.718994140625;-6.398193359375;0;0.45666664838790894;0;1;0;1;0;0;0;0;0;1;0;0;0;0;0;0;1;0;1;0;1
46503;10;1;1;-7.718994140625;-6.36865234375;0;0.49666669964790344;0;1;0;1;0;0;0;0;0;1;0;0;0;0;0;0;1;0;1;0;1
46553;10;1;1;-7.718994140625;-6.339599609375;0;0.53333336114883423;0;1;0;1;0;0;0;0;0;1;0;0;0;0;0;0;1;0;1;0;1
46603;10;1;1;-7.718994140625;-6.3056640625;0;0.56999999284744263;0;1;0;1;0;0;0;0;0;1;0;0;0;0;0;0;1;0;1;0;1
46653;10;1;1;-7.718994140625;-6.272705078125;0;0.60333335399627686;0;1;0;1;0;0;0;0;0;1;0;0;0;0;0;0;1;0;1;0;1
46703;10;1;1;-7.718994140625;-6.23486328125;0;0.63666665554046631;0;2;0;1;0;0;0;0;0;1;0;0;0;0;0;0;1;0;1;0;1
46753;10;1;1;-7.718994140625;-6.1982421875;0;0.66666668653488159;0;2;0;1;0;0;0;0;0;1;0;0;0;0;0;0;1;0;1;0;1
46803;10;1;1;-7.718994140625;-6.156982421875;0;0.6966666579246521;0;2;0;1;0;0;0;0;0;1;0;0;0;0;0;0;1;0;1;0;1
46853;10;1;1;-7.718994140625;-6.117431640625;0;0.72333335876464844;0;2;0;1;0;0;0;0;0;1;0;0;0;0;0;0;1;0;1;0;1
46903;10;1;1;-7.718994140625;-6.072998046875;0;0.746666669845581;0;2;0;1;0;0;0;0;0;1;0;0;0;0;0;0;1;0;1;0;1
46953;10;1;1;-7.718994140625;-6.030517578125;0;0.77333337068557739;0;2;0;1;0;0;0;0;0;1;0;0;0;0;0;0;1;0;1;0;1
47003;10;1;1;-7.718994140625;-5.983154296875;0;0.79666668176651;0;2;0;1;0;0;0;0;0;1;0;0;0;0;0;0;1;0;1;0;1
47053;10;1;1;-7.718994140625;-5.938232421875;0;0.81666666269302368;0;2;0;1;0;0;0;0;0;1;0;0;0;0;0;0;1;0;1;0;1
47103;10;1;1;-7.718994140625;-5.888427734375;0;0.84000003337860107;0;2;0;1;0;0;0;0;0;1;0;0;0;0;0;0;1;0;1;0;1
47153;10;1;1;-7.718994140625;-5.841064453125;0;0.86666667461395264;0;2;0;1;0;0;0;0;0;1;0;0;0;0;0;0;1;0;1;0;1
47203;10;1;1;-7.718994140625;-5.787109375;0;0.9100000262260437;0;2;0;1;0;0;0;0;0;1;0;0;0;0;0;0;1;0;1;0;1
47253;10;1;1;-7.718994140625;-5.7353515625;0;0.94333338737487793;0;2;0;1;0;0;0;0;0;1;0;0;0;0;0;0;1;0;1;0;1
47303;10;1;1;-7.718994140625;-5.67724609375;0;0.97999995946884155;0;2;0;1;0;0;0;0;0;1;0;0;0;0;0;0;1;0;1;0;1
47353;10;1;1;-7.718994140625;-5.621826171875;0;1.0066666603088379;0;2;0;1;0;0;0;0;0;1;0;0;0;0;0;0;1;0;1;0;1
47403;10;1;1;-7.718994140625;-5.560302734375;0;1.0366666316986084;0;2;0;1;0;0;0;0;0;1;0;0;0;0;0;0;1;0;1;0;1
47453;10;1;1;-7.718994140625;-5.502197265625;0;1.0600000619888306;0;2;0;1;0;0;0;0;0;1;0;0;0;0;0;0;1;0;1;0;1
47503;10;1;1;-7.718994140625;-5.437744140625;0;1.0833333730697632;0;2;0;1;0;0;0;0;0;1;0;0;0;0;0;0;1;0;1;0;1
47553;10;1;1;-7.718994140625;-5.377197265625;0;1.1033333539962769;0;2;0;1;0;0;0;0;0;1;0;0;0;0;0;0;1;0;1;0;1
47603;10;1;1;-7.718994140625;-5.310546875;0;1.1200001239776611;0;2;0;1;0;0;0;0;0;1;0;0;0;0;0;0;1;0;1;0;1
47653;10;1;1;-7.718994140625;-5.248046875;0;1.1366667747497559;0;2;0;1;0;0;0;0;0;1;0;0;0;0;0;0;1;0;1;0;1
47703;10;1;1;-7.718994140625;-5.179443359375;0;1.1499999761581421;0;2;0;1;0;0;0;0;0;1;0;0;0;0;0;0;1;0;1;0;1
47755;10;1;1;-7.718994140625;-5.115478515625;0;1.1633334159851074;0;2;0;1;0;0;0;0;0;1;0;0;0;0;0;0;1;0;1;0;1
47803;10;1;1;-7.718994140625;-5.045654296875;0;1.1733334064483643;0;2;0;1;0;0;0;0;0;1;0;0;0;0;0;0;1;0;1;0;1
47854;10;1;1;-7.718994140625;-4.980224609375;0;1.190000057220459;0;2;0;1;0;0;0;0;0;1;0;0;0;0;0;0;1;0;1;0;1
47903;10;1;1;-7.718994140625;-4.908935546875;0;1.1966667175292969;0;2;0;1;0;0;0;0;0;1;0;0;0;0;0;0;1;0;1;0;1
47954;10;1;1;-7.718994140625;-4.8427734375;0;1.2000000476837158;0;2;0;1;0;0;0;0;0;1;0;0;0;0;0;0;1;0;1;0;1
48003;10;1;1;-7.718994140625;-4.770263671875;0;1.2099999189376831;0;2;0;1;0;0;0;0;0;1;0;0;0;0;0;0;1;0;1;0;1
48053;10;1;1;-7.718994140625;-4.702880859375;0;1.2233333587646484;0;2;0;1;0;0;0;0;0;1;0;0;0;0;0;0;1;0;1;0;1
48104;10;1;1;-7.718994140625;-4.6298828125;0;1.2266666889190674;0;2;0;1;0;0;0;0;0;1;0;0;0;0;0;0;1;0;1;0;1
48153;10;1;1;-7.718994140625;-4.56201171875;0;1.2300000190734863;0;2;0;1;0;0;0;0;0;1;0;0;0;0;0;0;1;0;1;0;1
48204;10;1;1;-7.718994140625;-4.48828125;0;1.2333333492279053;0;2;0;1;0;0;0;0;0;1;0;0;0;0;0;0;1;0;1;0;1
48253;10;1;1;-7.718994140625;-4.419677734375;0;1.2433333396911621;0;2;0;1;0;0;0;0;0;1;0;0;0;0;0;0;1;0;1;0;1
48303;10;1;1;-7.718994140625;-4.345458984375;0;1.2466666698455811;0;2;0;1;0;0;0;0;0;1;0;0;0;0;0;0;1;0;1;0;1
48354;10;1;1;-7.718994140625;-4.276611328125;0;1.2533334493637085;0;2;0;1;0;0;0;0;0;1;0;0;0;0;0;0;1;0;1;0;1
48403;10;1;1;-7.718994140625;-4.201904296875;0;1.2566666603088379;0;2;0;1;0;0;0;0;0;1;0;0;0;0;0;0;1;0;1;0;1
48453;10;1;1;-7.718994140625;-4.132568359375;0;1.2566666603088379;0;2;0;1;0;0;0;0;0;1;0;0;0;0;0;0;1;0;1;0;1
48503;10;1;1;-7.718994140625;-4.0576171875;0;1.2599999904632568;0;2;0;1;0;0;0;0;0;1;0;0;0;0;0;0;1;0;1;0;1
48554;10;1;1;-7.718994140625;-3.988037109375;0;1.2633334398269653;0;2;0;1;0;0;0;0;0;1;0;0;0;0;0;0;1;0;1;0;1
48603;10;1;1;-7.718994140625;-3.912841796875;0;1.2633334398269653;0;2;0;1;0;0;0;0;0;1;0;0;0;0;0;0;1;0;1;0;1
48653;10;1;1;-7.718994140625;-3.84326171875;0;1.2666666507720947;0;2;0;1;0;0;0;0;0;1;0;0;0;0;0;0;1;0;1;0;1
48703;10;1;1;-7.718994140625;-3.767822265625;0;1.2666666507720947;0;2;0;1;0;0;0;0;0;1;0;0;0;0;0;0;1;0;1;0;1
48753;10;1;1;-7.718994140625;-3.697998046875;0;1.2700001001358032;0;2;0;1;0;0;0;0;0;1;0;0;0;0;0;0;1;0;1;0;1
48803;10;1;1;-7.718994140625;-3.622314453125;0;1.2700001001358032;0;2;0;1;0;0;0;0;0;1;0;0;0;0;0;0;1;0;1;0;1
48853;10;1;1;-7.718994140625;-3.552490234375;0;1.2733333110809326;0;2;0;1;0;0;0;0;0;1;0;0;0;0;0;0;1;0;1;0;1
48903;10;1;1;-7.718994140625;-3.4765625;0;1.2733333110809326;0;2;0;1;0;0;0;0;0;1;0;0;0;0;0;0;1;0;1;0;1
48953;10;1;1;-7.718994140625;-3.406494140625;0;1.2733333110809326;0;2;0;1;0;0;0;0;0;1;0;0;0;0;0;0;1;0;1;0;1
49003;10;1;1;-7.718994140625;-3.33056640625;0;1.2766666412353516;0;2;0;1;0;0;0;0;0;1;0;0;0;0;0;0;1;0;1;0;1
49053;10;1;1;-7.718994140625;-3.260498046875;0;1.2766666412353516;0;2;0;1;0;0;0;0;0;1;0;0;0;0;0;0;1;0;1;0;1
49103;10;1;1;-7.718994140625;-3.1845703125;0;1.2766666412353516;0;2;0;1;0;0;0;0;0;1;0;0;0;0;0;0;1;0;1;0;1
49153;10;1;1;-7.718994140625;-3.1142578125;0;1.2766666412353516;0;2;0;1;0;0;0;0;0;1;0;0;0;0;0;0;1;0;1;0;1
49203;10;1;1;-7.718994140625;-3.038330078125;0;1.2766666412353516;0;2;0;1;0;0;0;0;0;1;0;0;0;0;0;0;1;0;1;0;1
49253;10;1;1;-7.718994140625;-2.968017578125;0;1.2766666412353516;0;2;0;1;0;0;0;0;0;1;0;0;0;0;0;0;1;0;1;0;1
49303;10;1;1;-7.718994140625;-2.891845703125;0;1.2766666412353516;0;2;0;1;0;0;0;0;0;1;0;0;0;0;0;0;1;0;1;0;1
49353;10;1;1;-7.71875;-2.8212890625;0;1.28000009059906;0;2;0;1;0;0;0;0;0;1;0;0;0;0;0;0;1;0;1;0;1
49403;10;1;1;-7.718994140625;-2.744873046875;0;1.2866667509078979;0;2;0;1;0;0;0;0;0;1;0;0;0;0;0;0;1;0;1;0;1
49453;10;1;1;-7.718994140625;-2.6748046875;0;1.2766666412353516;0;2;0;1;0;0;0;0;0;1;0;0;0;0;0;0;1;0;1;0;1
49503;10;1;1;-7.718994140625;-2.598388671875;0;1.2833333015441895;0;2;0;1;0;0;0;0;0;1;0;0;0;0;0;0;1;0;1;0;1
49553;10;1;1;-7.718994140625;-2.52783203125;0;1.2900000810623169;0;2;0;1;0;0;0;0;0;1;0;0;0;0;0;0;1;0;1;0;1
49603;10;1;1;-7.718994140625;-2.45166015625;0;1.28000009059906;0;2;0;1;0;0;0;0;0;1;0;0;0;0;0;0;1;0;1;0;1
49653;10;1;1;-7.718994140625;-2.381103515625;0;1.28000009059906;0;2;0;1;0;0;0;0;0;1;0;0;0;0;0;0;1;0;1;0;1
49703;10;1;1;-7.718994140625;-2.304931640625;0;1.28000009059906;0;2;0;1;0;0;0;0;0;1;0;0;0;0;0;0;1;0;1;0;1
49753;10;1;1;-7.718994140625;-2.234375;0;1.28000009059906;0;2;0;1;0;0;0;0;0;1;0;0;0;0;0;0;1;0;1;0;1
49803;10;1;1;-7.718994140625;-2.157958984375;0;1.28000009059906;0;2;0;1;0;0;0;0;0;1;0;0;0;0;0;0;1;0;1;0;1
49853;10;1;1;-7.718994140625;-2.08740234375;0;1.2833333015441895;0;2;0;1;0;0;0;0;0;1;0;0;0;0;0;0;1;0;1;0;1
49904;10;1;1;-7.718994140625;-2.01123046875;0;1.28000009059906;0;2;0;1;0;0;0;0;0;1;0;0;0;0;0;0;1;0;1;0;1
49953;10;1;1;-7.718994140625;-1.940673828125;0;1.2833333015441895;0;2;0;1;0;0;0;0;0;1;0;0;0;0;0;0;1;0;1;0;1
50003;10;1;1;-7.718994140625;-1.8642578125;0;1.28000009059906;0;2;0;1;0;0;0;0;0;1;0;0;0;0;0;0;1;0;1;0;1
50053;10;1;1;-7.718994140625;-1.7939453125;0;1.28000009059906;0;2;0;1;0;0;0;0;0;1;0;0;0;0;0;0;1;0;1;0;1
50103;10;1;1;-7.718994140625;-1.717529296875;0;1.2833333015441895;0;2;0;1;0;0;0;0;0;1;0;0;0;0;0;0;1;0;1;0;1
50154;10;1;1;-7.718994140625;-1.64697265625;0;1.2833333015441895;0;2;0;1;0;0;0;0;0;1;0;0;0;0;0;0;1;0;1;0;1
50203;10;1;1;-7.718994140625;-1.570556640625;0;1.28000009059906;0;2;0;1;0;0;0;0;0;1;0;0;0;0;0;0;1;0;1;0;1
50254;10;1;1;-7.718994140625;-1.500244140625;0;1.28000009059906;0;2;0;1;0;0;0;0;0;1;0;0;0;0;0;0;1;0;1;0;1
50303;10;1;1;-7.718994140625;-1.423828125;0;1.28000009059906;0;2;0;1;0;0;0;0;0;1;0;0;0;0;0;0;1;0;1;0;1
50353;10;1;1;-7.718994140625;-1.353515625;0;1.28000009059906;0;2;0;1;0;0;0;0;0;1;0;0;0;0;0;0;1;0;1;0;1
50403;10;1;1;-7.718994140625;-1.277099609375;0;1.28000009059906;0;2;0;1;0;0;0;0;0;1;0;0;0;0;0;0;1;0;1;0;1
50453;10;1;1;-7.718994140625;-1.206787109375;0;1.28000009059906;0;2;0;1;0;0;0;0;0;1;0;0;0;0;0;0;1;0;1;0;1
50503;10;1;1;-7.718994140625;-1.13037109375;0;1.28000009059906;0;2;0;1;0;0;0;0;0;1;0;0;0;0;0;0;1;0;1;0;1
50553;10;1;1;-7.718994140625;-1.06005859375;0;1.2766666412353516;0;2;0;1;0;0;0;0;0;1;0;0;0;0;0;0;1;0;1;0;1
50603;10;1;1;-7.718994140625;-0.98388671875;0;1.28000009059906;0;2;0;1;0;0;0;0;0;1;0;0;0;0;0;0;1;0;1;0;1
50653;10;1;1;-7.718994140625;-0.913330078125;0;1.2833333015441895;0;2;0;1;0;0;0;0;0;1;0;0;0;0;0;0;1;0;1;0;1
50703;10;1;1;-7.718994140625;-0.837158203125;0;1.2766666412353516;0;2;0;1;0;0;0;0;0;1;0;0;0;0;0;0;1;0;1;0;1
50753;10;1;1;-7.718994140625;-0.766845703125;0;1.28000009059906;0;2;0;1;0;0;0;0;0;1;0;0;0;0;0;0;1;0;1;0;1
50803;10;1;1;-7.718994140625;-0.6904296875;0;1.28000009059906;0;2;0;1;0;0;0;0;0;1;0;0;0;0;0;0;1;0;1;0;1
50853;10;1;1;-7.718994140625;-0.619873046875;0;1.2766666412353516;0;2;0;1;0;0;0;0;0;1;0;0;0;0;0;0;1;0;1;0;1
50903;10;1;1;-7.718994140625;-0.54345703125;0;1.2833333015441895;0;2;0;1;0;0;0;0;0;1;0;0;0;0;0;0;1;0;1;0;1
50953;10;1;1;-7.718994140625;-0.472900390625;0;1.28000009059906;0;2;0;1;0;0;0;0;0;1;0;0;0;0;0;0;1;0;1;0;1
51005;10;1;1;-7.718994140625;-0.396484375;0;1.2833333015441895;0;2;0;1;0;0;0;0;0;1;0;0;0;0;0;0;1;0;1;0;1
51053;10;1;1;-7.718994140625;-0.325927734375;0;1.2833333015441895;0;2;0;1;0;0;0;0;0;1;0;0;0;0;0;0;1;0;1;0;1
51103;10;1;1;-7.718994140625;-0.249755859375;0;1.28000009059906;0;2;0;1;0;0;0;0;0;1;0;0;0;0;0;0;1;0;1;0;1
51153;10;1;1;-7.718994140625;-0.17919921875;0;1.28000009059906;0;2;0;1;0;0;0;0;0;1;0;0;0;0;0;0;1;0;1;0;1
51203;10;1;1;-7.718994140625;-0.1025390625;0;1.2833333015441895;0;2;0;1;0;0;0;0;0;1;0;0;0;0;0;0;1;0;1;0;1
51253;10;1;1;-7.718994140625;-0.031982421875;0;1.2833333015441895;0;2;0;1;0;0;0;0;0;1;0;0;0;0;0;0;1;0;1;0;1
51303;10;1;1;-7.718994140625;0.04443359375;0;1.2833333015441895;0;2;0;1;0;0;0;0;0;1;0;0;0;0;0;0;1;0;1;0;1
51353;10;1;1;-7.718994140625;0.114990234375;0;1.2833333015441895;0;2;0;1;0;0;0;0;0;1;0;0;0;0;0;0;1;0;1;0;1
51403;10;1;1;-7.718994140625;0.191162109375;0;1.28000009059906;0;2;0;1;0;0;0;0;0;1;0;0;0;0;0;0;1;0;1;0;1
51453;10;1;1;-7.718994140625;0.26171875;0;1.28000009059906;0;2;0;1;0;0;0;0;0;1;0;0;0;0;0;0;1;0;1;0;1
51503;10;1;1;-7.718994140625;0.338134765625;0;1.28000009059906;0;2;0;1;0;0;0;0;0;1;0;0;0;0;0;0;1;0;1;0;1
51553;10;1;1;-7.718994140625;0.40869140625;0;1.28000009059906;0;2;0;1;0;0;0;0;0;1;0;0;0;0;0;0;1;0;1;0;1
51603;10;1;1;-7.718994140625;0.48486328125;0;1.2833333015441895;0;2;0;1;0;0;0;0;0;1;0;0;0;0;0;0;1;0;1;0;1
51653;10;1;1;-7.718994140625;0.555419921875;0;1.28000009059906;0;2;0;1;0;0;0;0;0;1;0;0;0;0;0;0;1;0;1;0;1
51703;10;1;1;-7.718994140625;0.631591796875;0;1.28000009059906;0;2;0;1;0;0;0;0;0;1;0;0;0;0;0;0;1;0;1;0;1
51753;10;1;1;-7.718994140625;0.7021484375;0;1.28000009059906;0;2;0;1;0;0;0;0;0;1;0;0;0;0;0;0;1;0;1;0;1
51803;10;1;1;-7.718994140625;0.7783203125;0;1.28000009059906;0;2;0;1;0;0;0;0;0;1;0;0;0;0;0;0;1;0;1;0;1
51854;10;1;1;-7.718994140625;0.848876953125;0;1.2766666412353516;0;2;0;1;0;0;0;0;0;1;0;0;0;0;0;0;1;0;1;0;1
51903;10;1;1;-7.718994140625;0.92529296875;0;1.2833333015441895;0;2;0;1;0;0;0;0;0;1;0;0;0;0;0;0;1;0;1;0;1
51953;10;1;1;-7.718994140625;0.99560546875;0;1.28000009059906;0;2;0;1;0;0;0;0;0;1;0;0;0;0;0;0;1;0;1;0;1
52003;10;1;1;-7.718994140625;1.072021484375;0;1.2833333015441895;0;2;0;1;0;0;0;0;0;1;0;0;0;0;0;0;1;0;1;0;1
52053;10;1;1;-7.718994140625;1.142578125;0;1.2833333015441895;0;2;0;1;0;0;0;0;0;1;0;0;0;0;0;0;1;0;1;0;1
52103;10;1;1;-7.718994140625;1.21875;0;1.2766666412353516;0;2;0;1;0;0;0;0;0;1;0;0;0;0;0;0;1;0;1;0;1
52153;10;1;1;-7.718994140625;1.28955078125;0;1.28000009059906;0;2;0;1;0;0;0;0;0;1;0;0;0;0;0;0;1;0;1;0;1
52203;10;1;1;-7.718994140625;1.36572265625;0;1.2833333015441895;0;2;0;1;0;0;0;0;0;1;0;0;0;0;0;0;1;0;1;0;1
52254;10;1;1;-7.718994140625;1.436279296875;0;1.28000009059906;0;2;0;1;0;0;0;0;0;1;0;0;0;0;0;0;1;0;1;0;1
52304;10;1;1;-7.718994140625;1.5126953125;0;1.28000009059906;0;2;0;1;0;0;0;0;0;1;0;0;0;0;0;0;1;0;1;0;1
52353;10;1;1;-7.718994140625;1.58349609375;0;1.2833333015441895;0;2;0;1;0;0;0;0;0;1;0;0;0;0;0;0;1;0;1;0;1
52403;10;1;1;-7.718994140625;1.659912109375;0;1.2833333015441895;0;2;0;1;0;0;0;0;0;1;0;0;0;0;0;0;1;0;1;0;1
52453;10;1;1;-7.718994140625;1.730712890625;0;1.2833333015441895;0;2;0;1;0;0;0;0;0;1;0;0;0;0;0;0;1;0;1;0;1
52504;10;1;1;-7.718994140625;1.80712890625;0;1.2833333015441895;0;2;0;1;0;0;0;0;0;1;0;0;0;0;0;0;1;0;1;0;1
52553;10;1;1;-7.718994140625;1.877685546875;0;1.2833333015441895;0;2;0;1;0;0;0;0;0;1;0;0;0;0;0;0;1;0;1;0;1
52603;10;1;1;-7.718994140625;1.954345703125;0;1.2833333015441895;0;2;0;1;0;0;0;0;0;1;0;0;0;0;0;0;1;0;1;0;1
52653;10;1;1;-7.718994140625;2.02490234375;0;1.2833333015441895;0;2;0;1;0;0;0;0;0;1;0;0;0;0;0;0;1;0;1;0;1
52703;10;1;1;-7.718994140625;2.101318359375;0;1.2833333015441895;0;2;0;1;0;0;0;0;0;1;0;0;0;0;0;0;1;0;1;0;1
52753;10;1;1;-7.718994140625;2.172119140625;0;1.2833333015441895;0;2;0;1;0;0;0;0;0;1;0;0;0;0;0;0;1;0;1;0;1
52803;10;1;1;-7.718994140625;2.24853515625;0;1.2833333015441895;0;2;0;1;0;0;0;0;0;1;0;0;0;0;0;0;1;0;1;0;1
52853;10;1;1;-7.718994140625;2.319091796875;0;1.2833333015441895;0;2;0;1;0;0;0;0;0;1;0;0;0;0;0;0;1;0;1;0;1
52903;10;1;1;-7.718994140625;2.3955078125;0;1.2833333015441895;0;2;0;1;0;0;0;0;0;1;0;0;0;0;0;0;1;0;1;0;1
52953;10;1;1;-7.718994140625;2.46630859375;0;1.2833333015441895;0;2;0;1;0;0;0;0;0;1;0;0;0;0;0;0;1;0;1;0;1
53003;10;1;1;-7.718994140625;2.542724609375;0;1.2833333015441895;0;2;0;1;0;0;0;0;0;1;0;0;0;0;0;0;1;0;1;0;1
53054;10;1;1;-7.718994140625;2.61328125;0;1.28000009059906;0;2;0;1;0;0;0;0;0;1;0;0;0;0;0;0;1;0;1;0;1
53103;10;1;1;-7.718994140625;2.689697265625;0;1.2833333015441895;0;2;0;1;0;0;0;0;0;1;0;0;0;0;0;0;1;0;1;0;1
53153;10;1;1;-7.718994140625;2.76025390625;0;1.2833333015441895;0;2;0;1;0;0;0;0;0;1;0;0;0;0;0;0;1;0;1;0;1
53203;10;1;1;-7.718994140625;2.836669921875;0;1.2833333015441895;0;2;0;1;0;0;0;0;0;1;0;0;0;0;0;0;1;0;1;0;1
53253;10;1;1;-7.718994140625;2.9072265625;0;1.28000009059906;0;2;0;1;0;0;0;0;0;1;0;0;0;0;0;0;1;0;1;0;1
53303;10;1;1;-7.718994140625;2.98388671875;0;1.2866667509078979;0;2;0;1;0;0;0;0;0;1;0;0;0;0;0;0;1;0;1;0;1
53353;10;1;1;-7.718994140625;3.05419921875;0;1.28000009059906;0;2;0;1;0;0;0;0;0;1;0;0;0;0;0;0;1;0;1;0;1
53403;10;1;1;-7.718994140625;3.130859375;0;1.2866667509078979;0;2;0;1;0;0;0;0;0;1;0;0;0;0;0;0;1;0;1;0;1
53453;10;1;1;-7.718994140625;3.20166015625;0;1.2866667509078979;0;2;0;1;0;0;0;0;0;1;0;0;0;0;0;0;1;0;1;0;1
53505;10;1;1;-7.718994140625;3.278076171875;0;1.2866667509078979;0;2;0;1;0;0;0;0;0;1;0;0;0;0;0;0;1;0;1;0;1
53553;10;1;1;-7.718994140625;3.3486328125;0;1.2866667509078979;0;2;0;1;0;0;0;0;0;1;0;0;0;0;0;0;1;0;1;0;1
53603;10;1;1;-7.718994140625;3.42529296875;0;1.2866667509078979;0;2;0;1;0;0;0;0;0;1;0;0;0;0;0;0;1;0;1;0;1
53653;10;1;1;-7.718994140625;3.49609375;0;1.2833333015441895;0;2;0;1;0;0;0;0;0;1;0;0;0;0;0;0;1;0;1;0;1
53703;10;1;1;-7.718994140625;3.572509765625;0;1.2833333015441895;0;2;0;1;0;0;0;0;0;1;0;0;0;0;0;0;1;0;1;0;1
53753;10;1;1;-7.718994140625;3.643310546875;0;1.2833333015441895;0;2;0;1;0;0;0;0;0;1;0;0;0;0;0;0;1;0;1;0;1
53804;10;1;1;-7.718994140625;3.719970703125;0;1.2900000810623169;0;2;0;1;0;0;0;0;0;1;0;0;0;0;0;0;1;0;1;0;1
53853;10;1;1;-7.71875;3.790771484375;0;1.2866667509078979;0;2;0;1;0;0;0;0;0;1;0;0;0;0;0;0;1;0;1;0;1
53903;10;1;1;-7.718994140625;3.8671875;0;1.2833333015441895;0;2;0;1;0;0;0;0;0;1;0;0;0;0;0;0;1;0;1;0;1
53953;10;1;1;-7.718994140625;3.93798828125;0;1.2833333015441895;0;2;0;1;0;0;0;0;0;1;0;0;0;0;0;0;1;0;1;0;1
54003;10;1;1;-7.718994140625;4.0146484375;0;1.2866667509078979;0;2;0;1;0;0;0;0;0;1;0;0;0;0;0;0;1;0;1;0;1
54054;10;1;1;-7.718994140625;4.085205078125;0;1.2866667509078979;0;2;0;1;0;0;0;0;0;1;0;0;0;0;0;0;1;0;1;0;1
54103;10;1;1;-7.718994140625;4.161865234375;0;1.2866667509078979;0;2;0;1;0;0;0;0;0;1;0;0;0;0;0;0;1;0;1;0;1
54153;10;1;1;-7.718994140625;4.232421875;0;1.2833333015441895;0;2;0;1;0;0;0;0;0;1;0;0;0;0;0;0;1;0;1;0;1
54203;10;1;1;-7.718994140625;4.30908203125;0;1.2866667509078979;0;2;0;1;0;0;0;0;0;1;0;0;0;0;0;0;1;0;1;0;1
54253;10;1;1;-7.718994140625;4.379638671875;0;1.2833333015441895;0;2;0;1;0;0;0;0;0;1;0;0;0;0;0;0;1;0;1;0;1
54303;10;1;1;-7.718994140625;4.456298828125;0;1.2833333015441895;0;2;0;1;0;0;0;0;0;1;0;0;0;0;0;0;1;0;1;0;1
54354;10;1;1;-7.718994140625;4.52685546875;0;1.2866667509078979;0;2;0;1;0;0;0;0;0;1;0;0;0;0;0;0;1;0;1;0;1
54403;10;1;1;-7.718994140625;4.603271484375;0;1.2866667509078979;0;2;0;1;0;0;0;0;0;1;0;0;0;0;0;0;1;0;1;0;1
54453;10;1;1;-7.718994140625;4.673828125;0;1.2833333015441895;0;2;0;1;0;0;0;0;0;1;0;0;0;0;0;0;1;0;1;0;1
54503;10;1;1;-7.718994140625;4.750244140625;0;1.2833333015441895;0;2;0;1;0;0;0;0;0;1;0;0;0;0;0;0;1;0;1;0;1
54553;10;1;1;-7.718994140625;4.821044921875;0;1.2833333015441895;0;2;0;1;0;0;0;0;0;1;0;0;0;0;0;0;1;0;1;0;1
54603;10;1;1;-7.718994140625;4.8974609375;0;1.2833333015441895;0;2;0;1;0;0;0;0;0;1;0;0;0;0;0;0;1;0;1;0;1
54653;10;1;1;-7.718994140625;4.968017578125;0;1.2833333015441895;0;2;0;1;0;0;0;0;0;1;0;0;0;0;0;0;1;0;1;0;1
54703;10;1;1;-7.718994140625;5.04443359375;0;1.2833333015441895;0;2;0;1;0;0;0;0;0;1;0;0;0;0;0;0;1;0;1;0;1
54753;10;1;1;-7.718994140625;5.114990234375;0;1.2866667509078979;0;2;0;1;0;0;0;0;0;1;0;0;0;0;0;0;1;0;1;0;1
54803;10;1;1;-7.718994140625;5.191650390625;0;1.2900000810623169;0;2;0;1;0;0;0;0;0;1;0;0;0;0;0;0;1;0;1;0;1
54854;10;1;1;-7.718994140625;5.262451171875;0;1.2933332920074463;0;2;0;1;0;0;0;0;0;1;0;0;0;0;0;0;1;0;1;0;1
54903;10;1;1;-7.718994140625;5.338623046875;0;1.2833333015441895;0;2;0;1;0;0;0;0;0;1;0;0;0;0;0;0;1;0;1;0;1
54953;10;1;1;-7.718994140625;5.4091796875;0;1.2866667509078979;0;2;0;1;0;0;0;0;0;1;0;0;0;0;0;0;1;0;1;0;1
55003;10;1;1;-7.718994140625;5.48583984375;0;1.2866667509078979;0;2;0;1;0;0;0;0;0;1;0;0;0;0;0;0;1;0;1;0;1
55053;10;1;1;-7.718994140625;5.556396484375;0;1.2866667509078979;0;2;0;1;0;0;0;0;0;1;0;0;0;0;0;0;1;0;1;0;1
55103;10;1;1;-7.718994140625;5.6328125;0;1.2833333015441895;0;2;0;1;0;0;0;0;0;1;0;0;0;0;0;0;1;0;1;0;1
55153;10;1;1;-7.718994140625;5.703369140625;0;1.2833333015441895;0;2;0;1;0;0;0;0;0;1;0;0;0;0;0;0;1;0;1;0;1
55203;10;1;1;-7.718994140625;5.780029296875;0;1.2866667509078979;0;2;0;1;0;0;0;0;0;1;0;0;0;0;0;0;1;0;1;0;1
55253;10;1;1;-7.718994140625;5.8505859375;0;1.2833333015441895;0;2;0;1;0;0;0;0;0;1;0;0;0;0;0;0;1;0;1;0;1
55303;10;1;1;-7.718994140625;5.92724609375;0;1.2866667509078979;0;2;0;1;0;0;0;0;0;1;0;0;0;0;0;0;1;0;1;0;1
55353;10;1;1;-7.718994140625;5.997802734375;0;1.2833333015441895;0;2;0;1;0;0;0;0;0;1;0;0;0;0;0;0;1;0;1;0;1
55403;10;1;1;-7.718994140625;6.07421875;0;1.2833333015441895;0;2;0;1;0;0;0;0;0;1;0;0;0;0;0;0;1;0;1;0;1
55453;11;1;1;-7.718994140625;6.144775390625;0;1.28000009059906;0;0;0;0;1;0;0;0;0;0;0;0;0;0;0;0;0;0;0;0;1
55503;11;1;1;-7.718994140625;6.220947265625;0;1.28000009059906;1;1;1;1;0;0;0;0;0;0;0;0;0;0;0;1;1;0;0;1;1
55553;11;1;1;-7.718994140625;6.290771484375;0;1.2700001001358032;1;1;1;1;0;0;0;0;1;1;0;0;0;0;0;1;1;1;0;1;1
55603;11;1;1;-7.718994140625;6.36572265625;0;1.2566666603088379;1;1;1;1;0;0;0;0;1;1;0;0;0;0;0;1;1;1;0;1;0
55653;11;1;1;-7.71875;6.434326171875;0;1.2466666698455811;1;1;1;1;0;0;0;0;1;1;0;0;0;0;0;1;1;1;0;1;0
55703;11;1;1;-7.71826171875;6.5078125;0.010000000707805157;1.2300000190734863;1;1;1;1;0;0;0;0;1;1;0;0;0;0;0;1;1;1;0;1;0
55753;11;1;1;-7.716552734375;6.574951171875;0.033333335071802139;1.2200000286102295;1;1;1;1;0;0;0;0;1;1;0;0;0;0;0;1;1;1;0;1;0
55803;11;1;1;-7.71337890625;6.64697265625;0.05000000074505806;1.2066667079925537;1;1;1;1;0;0;0;0;1;1;0;0;0;0;0;1;1;1;0;1;0
55854;11;1;1;-7.709716796875;6.71240234375;0.070000007748603821;1.18666672706604;1;1;1;1;0;0;0;0;1;1;0;0;0;0;0;1;1;1;0;1;0
55903;11;1;1;-7.70458984375;6.781494140625;0.0833333358168602;1.1499999761581421;1;1;1;1;0;0;0;0;1;1;0;0;0;0;0;1;1;1;0;1;0
55953;11;1;1;-7.69921875;6.84228515625;0.10333333909511566;1.1000000238418579;1;1;1;1;0;0;0;0;1;1;0;0;0;0;0;1;1;1;0;1;0
56003;11;1;1;-7.692138671875;6.905029296875;0.12000000476837158;1.0433334112167358;1;1;1;1;0;0;0;0;1;1;0;0;0;1;0;1;1;1;0;1;0
56053;11;1;1;-7.6845703125;6.95947265625;0.13333334028720856;0.98666667938232422;1;1;1;1;0;0;0;0;1;1;1;0;0;0;0;1;1;0;0;1;0
56104;11;1;1;-7.67724609375;7.015625;0.11666666716337204;0.93000000715255737;1;1;1;1;0;0;0;0;1;1;1;0;0;0;0;1;1;0;0;1;1
56153;11;1;1;-7.672607421875;7.063720703125;0.076666668057441711;0.87333333492279053;1;1;1;1;0;0;0;0;1;1;1;0;0;0;0;1;1;0;0;1;1
56203;11;1;1;-7.669921875;7.112548828125;0.036666668951511383;0.81333333253860474;1;1;1;1;0;0;0;0;1;1;1;0;0;0;0;1;1;0;0;1;1
56253;11;1;1;-7.66943359375;7.154541015625;0.0066666668280959129;0.75666671991348267;1;1;1;1;0;0;0;0;1;1;1;0;0;0;0;1;1;0;0;1;1
56303;11;1;1;-7.66943359375;7.1953125;0;0.66666668653488159;1;1;1;1;0;0;0;0;1;1;1;0;0;0;0;1;1;0;0;1;1
56353;11;1;1;-7.66943359375;7.229736328125;0;0.62000000476837158;1;1;1;1;0;0;0;0;1;1;1;0;0;0;0;1;1;0;0;1;1
56403;11;1;1;-7.66943359375;7.261962890625;0;0.53000003099441528;1;1;1;1;0;0;0;0;1;1;1;0;0;0;0;1;1;0;0;1;1
56453;11;1;1;-7.66943359375;7.286376953125;0;0.43333333730697632;1;1;1;1;0;0;0;0;1;1;1;0;0;0;0;1;1;0;0;1;1
56503;11;1;1;-7.669189453125;7.30615234375;0;0.31666666269302368;1;1;1;1;0;0;0;0;1;1;1;0;0;0;0;1;1;0;0;1;1
56553;11;1;1;-7.669189453125;7.318359375;0;0.20666667819023132;1;1;1;1;0;0;0;0;1;1;1;0;0;0;0;1;1;0;0;1;1
56603;11;1;1;-7.669189453125;7.32470703125;0;0.093333333730697632;1;1;1;1;0;0;0;0;1;1;1;0;0;0;0;1;1;0;0;1;1
56653;11;1;1;-7.6689453125;7.325439453125;0;0.013333333656191826;1;1;1;1;0;0;0;0;1;1;1;0;0;0;0;1;1;0;0;1;1
56703;11;1;1;-7.6689453125;7.32568359375;0;0.0033333334140479565;1;1;1;1;0;0;0;0;1;1;1;0;0;0;0;1;1;0;0;1;1
56753;11;1;1;-7.668701171875;7.32568359375;0;0;2;2;1;1;0;0;0;0;1;1;1;0;0;0;0;1;1;0;0;1;1
56803;11;1;1;-7.6689453125;7.32568359375;0;0;2;2;1;1;0;0;0;0;1;1;1;0;0;0;0;1;1;0;0;1;1
56853;11;1;1;-7.669189453125;7.32568359375;0.0033333334140479565;0;2;2;1;1;0;0;0;0;1;1;1;0;0;0;0;1;1;0;0;1;1
56904;11;1;1;-7.669189453125;7.325439453125;0;0;2;2;1;1;0;0;0;0;1;1;1;0;0;0;0;1;1;0;0;1;1
56953;11;1;1;-7.669189453125;7.325439453125;0;0;2;2;1;1;0;0;0;0;1;1;1;0;0;0;0;1;1;0;0;1;1
57003;11;1;1;-7.669189453125;7.3251953125;0;0;2;2;1;1;0;0;0;0;1;1;1;0;0;0;0;1;1;0;0;1;1
57053;11;1;1;-7.669189453125;7.3251953125;0;0;2;2;1;1;0;0;0;0;1;1;1;0;0;0;0;1;1;0;0;1;1
57103;11;1;1;-7.669189453125;7.324951171875;0;0;2;2;1;1;0;0;0;0;1;1;1;0;0;0;0;1;1;0;0;1;1
57153;11;1;1;-7.669189453125;7.324951171875;0;0;2;2;1;1;0;0;0;0;1;1;1;0;0;0;0;1;1;0;0;1;1
57203;11;1;1;-7.669189453125;7.3251953125;0;0;2;2;1;1;0;0;0;0;1;1;1;0;0;0;0;1;1;0;0;1;1
57253;11;1;1;-7.669189453125;7.3251953125;0;0;2;2;1;1;0;0;0;0;1;1;1;0;0;0;0;1;1;0;0;1;1
57303;11;1;1;-7.669189453125;7.325439453125;0;0;2;2;1;1;0;0;0;0;1;1;1;0;0;0;0;1;1;0;0;1;1
57353;11;1;1;-7.669189453125;7.325439453125;0;0;2;2;1;1;0;0;0;0;1;1;1;0;0;0;0;1;1;0;0;1;1
57404;11;1;1;-7.6689453125;7.325439453125;0;0;2;2;1;1;0;0;0;0;1;1;1;0;0;0;0;1;1;0;0;1;1
57453;11;1;1;-7.669189453125;7.325439453125;0;0;2;2;1;1;0;0;0;0;1;1;1;0;0;0;0;1;1;0;0;1;1
57503;11;1;1;-7.669189453125;7.325439453125;0;0;2;2;1;1;0;0;0;0;1;1;1;0;0;0;0;1;1;0;0;1;1
57553;11;1;1;-7.669189453125;7.325439453125;0;0;2;2;1;1;0;0;0;0;1;1;1;0;0;0;0;1;1;0;0;1;1
57603;11;1;1;-7.669189453125;7.3251953125;0;0;2;2;1;1;0;0;0;0;1;1;1;0;0;0;0;1;1;0;0;1;1
57653;11;1;1;-7.669189453125;7.3251953125;0;0;2;2;1;1;0;0;0;0;1;1;1;0;0;0;0;1;1;0;0;1;1
57703;11;1;1;-7.669189453125;7.3251953125;0;0;2;2;1;1;0;0;0;0;1;1;1;0;0;0;0;1;1;0;0;1;1
57753;11;1;1;-7.669189453125;7.3251953125;0;0;2;2;1;1;0;0;0;0;1;1;1;0;0;0;0;1;1;0;0;1;1
57803;11;1;1;-7.669189453125;7.3251953125;0;0;2;2;1;1;0;0;0;0;1;1;1;0;0;0;0;1;1;0;0;1;1
57853;11;1;1;-7.669189453125;7.3251953125;0;0;2;2;1;1;0;0;0;0;1;1;1;0;0;0;0;1;1;0;0;1;1
57903;11;1;1;-7.669189453125;7.3251953125;0;0;2;2;1;1;0;0;0;0;1;1;1;0;0;0;0;1;1;0;0;1;1
57953;11;1;1;-7.669189453125;7.325439453125;0;0;2;2;1;1;0;0;0;0;1;1;1;0;0;0;0;1;1;0;0;1;1
58003;11;1;1;-7.669189453125;7.325439453125;0;0;2;2;1;1;0;0;0;0;1;1;1;0;0;0;0;1;1;0;0;1;1
58053;11;1;1;-7.669189453125;7.325439453125;0;0;2;2;1;1;0;0;0;0;1;1;1;0;0;0;0;1;1;0;0;1;1
58103;11;1;1;-7.669189453125;7.3251953125;0;0;2;2;1;1;0;0;0;0;1;1;1;0;0;0;0;1;1;0;0;1;1
58153;11;1;1;-7.669189453125;7.3251953125;0;0;2;2;1;1;0;0;0;0;1;1;1;0;0;0;0;1;1;0;0;1;1
58203;11;1;1;-7.669189453125;7.3251953125;0;0;2;2;1;1;0;0;0;0;1;1;1;0;0;0;0;1;1;0;0;1;1
58254;11;1;1;-7.669189453125;7.3251953125;0;0;2;2;1;1;0;0;0;0;1;1;1;0;0;0;0;1;1;0;0;1;1
58303;11;1;1;-7.669189453125;7.3251953125;0;0;2;2;1;1;0;0;0;0;1;1;1;0;0;0;0;1;1;0;0;1;1
58354;11;1;1;-7.669189453125;7.3251953125;0;0;2;2;1;1;0;0;0;0;1;1;1;0;0;0;0;1;1;0;0;1;1
58403;11;1;1;-7.669189453125;7.3251953125;0;0;2;2;1;1;0;0;0;0;1;1;1;0;0;0;0;1;1;0;0;1;1
58453;11;1;1;-7.669189453125;7.3251953125;0;0;2;2;1;1;0;0;0;0;1;1;1;0;0;0;0;1;1;0;0;1;1
58503;11;1;1;-7.669189453125;7.3251953125;0;0;2;2;1;1;0;0;0;0;1;1;1;0;0;0;0;1;1;0;0;1;1
58553;11;1;1;-7.669189453125;7.3251953125;0;0;2;2;1;1;0;0;0;0;1;1;1;0;0;0;0;1;1;0;0;1;1
58603;11;1;1;-7.669189453125;7.3251953125;0;0;2;2;1;1;0;0;0;0;1;1;1;0;0;0;0;1;1;0;0;1;1
58653;11;1;1;-7.669189453125;7.3251953125;0;0;2;2;1;1;0;0;0;0;1;1;1;0;0;0;0;1;1;0;0;1;1
58703;11;1;1;-7.669189453125;7.3251953125;0;0;2;2;1;1;0;0;0;0;1;1;1;0;0;0;0;1;1;0;0;1;1
58753;11;1;1;-7.669189453125;7.3251953125;0;0;2;2;1;1;0;0;0;0;1;1;1;0;0;0;0;1;1;0;0;1;1
58803;11;1;1;-7.669189453125;7.3251953125;0;0;2;2;1;1;0;0;0;0;1;1;1;0;0;0;0;1;1;0;0;1;1
58853;11;1;1;-7.669189453125;7.3251953125;0;0;2;2;1;1;0;0;0;0;1;1;1;0;0;0;0;1;1;0;0;1;1
58903;11;1;1;-7.669189453125;7.3251953125;0;0;2;2;1;1;0;0;0;0;1;1;1;0;0;0;0;1;1;0;0;1;1
58953;11;1;1;-7.669189453125;7.3251953125;0;0;2;2;1;1;0;0;0;0;1;1;1;0;0;0;0;1;1;0;0;1;1
59003;11;1;1;-7.669189453125;7.3251953125;0;0;2;2;1;1;0;0;0;0;1;1;1;0;0;0;0;1;1;0;0;1;1
59053;11;1;1;-7.669189453125;7.3251953125;0;0;2;2;1;1;0;0;0;0;1;1;1;0;0;0;0;1;1;0;0;1;1
59103;11;1;1;-7.669189453125;7.3251953125;0;0;2;2;1;1;0;0;0;0;1;1;1;0;0;0;0;1;1;0;0;1;1
59153;11;1;1;-7.669189453125;7.3251953125;0;0;2;2;1;1;0;0;0;0;1;1;1;0;0;0;0;1;1;0;0;1;1
59203;11;1;1;-7.669189453125;7.3251953125;0;0;2;2;1;1;0;0;0;0;1;1;1;0;0;0;0;1;1;0;0;1;1
59253;11;1;1;-7.669189453125;7.3251953125;0;0;2;2;1;1;0;0;0;0;1;1;1;0;0;0;0;1;1;0;0;1;1
59303;11;1;1;-7.669189453125;7.3251953125;0;0;2;2;1;1;0;0;0;0;1;1;1;0;0;0;0;1;1;0;0;1;1
59354;11;1;1;-7.669189453125;7.3251953125;0;0;2;2;1;1;0;0;0;0;1;1;1;0;0;0;0;1;1;0;0;1;1
59403;11;1;1;-7.669189453125;7.3251953125;0;0;2;2;1;1;0;0;0;0;1;1;1;0;0;0;0;1;1;0;0;1;1
59453;11;1;1;-7.669189453125;7.3251953125;0;0;2;2;1;1;0;0;0;0;1;1;1;0;0;0;0;1;1;0;0;1;1
59503;11;1;1;-7.669189453125;7.3251953125;0;0;2;2;1;1;0;0;0;0;1;1;1;0;0;0;0;1;1;0;0;1;1
59553;11;1;1;-7.669189453125;7.3251953125;0;0;2;2;1;1;0;0;0;0;1;1;1;0;0;0;0;1;1;0;0;1;1
59603;11;1;1;-7.669189453125;7.3251953125;0;0;2;2;1;1;0;0;0;0;1;1;1;0;0;0;0;1;1;0;0;1;1
59653;11;1;1;-7.669189453125;7.3251953125;0;0;2;2;1;1;0;0;0;0;1;1;1;0;0;0;0;1;1;0;0;1;1
59703;11;1;1;-7.669189453125;7.3251953125;0;0;2;2;1;1;0;0;0;0;1;1;1;0;0;0;0;1;1;0;0;1;1
59753;11;1;1;-7.669189453125;7.3251953125;0;0;2;2;1;1;0;0;0;0;1;1;1;0;0;0;0;1;1;0;0;1;1
59803;11;1;1;-7.669189453125;7.3251953125;0;0;2;2;1;1;0;0;0;0;1;1;1;0;0;0;0;1;1;0;0;1;1
59853;11;1;1;-7.669189453125;7.3251953125;0;0;2;2;1;1;0;0;0;0;1;1;1;0;0;0;0;1;1;0;0;1;1
59903;11;1;1;-7.669189453125;7.3251953125;0;0;2;2;1;1;0;0;0;0;1;1;1;0;0;0;0;1;1;0;0;1;1
59953;11;1;1;-7.669189453125;7.3251953125;0;0;2;2;1;1;0;0;0;0;1;1;1;0;0;0;0;1;1;0;0;1;1
60003;11;1;1;-7.669189453125;7.3251953125;0;0;2;2;1;1;0;0;0;0;1;1;1;0;0;0;0;1;1;0;0;1;1
60053;11;1;1;-7.669189453125;7.3251953125;0;0;2;2;1;1;0;0;0;0;1;1;1;0;0;0;0;1;1;0;0;1;1
60103;11;1;1;-7.669189453125;7.3251953125;0;0;2;2;1;1;0;0;0;0;1;1;1;0;0;0;0;1;1;0;0;1;1
60153;11;1;1;-7.669189453125;7.3251953125;0;0;2;2;1;1;0;0;0;0;1;1;1;0;0;0;0;1;1;0;0;1;1
60203;11;1;1;-7.669189453125;7.3251953125;0;0;2;2;1;1;0;0;0;0;1;1;1;0;0;0;0;1;1;0;0;1;1
60253;11;1;1;-7.669189453125;7.3251953125;0;0;2;2;1;1;0;0;0;0;1;1;1;0;0;0;0;1;1;0;0;1;1
60304;11;1;1;-7.669189453125;7.3251953125;0;0;2;2;1;1;0;0;0;0;1;1;1;0;0;0;0;1;1;0;0;1;1
60354;11;1;1;-7.669189453125;7.3251953125;0;0;2;2;1;1;0;0;0;0;1;1;1;0;0;0;0;1;1;0;0;1;1
60403;11;1;1;-7.669189453125;7.3251953125;0;0;2;2;1;1;0;0;0;0;1;1;1;0;0;0;0;1;1;0;0;1;1
60453;11;1;1;-7.669189453125;7.3251953125;0;0;2;2;1;1;0;0;0;0;1;1;1;0;0;0;0;1;1;0;0;1;1
60503;11;1;1;-7.669189453125;7.3251953125;0;0;2;2;1;1;0;0;0;0;1;1;1;0;0;0;0;1;1;0;0;1;1
60553;11;1;1;-7.669189453125;7.3251953125;0;0;2;2;1;1;0;0;0;0;1;1;1;0;0;0;0;1;1;0;0;1;1
60603;11;1;1;-7.669189453125;7.3251953125;0;0;2;2;1;1;0;0;0;0;1;1;1;0;0;0;0;1;1;0;0;1;1
60653;11;1;1;-7.669189453125;7.3251953125;0;0;2;2;1;1;0;0;0;0;1;1;1;0;0;0;0;1;1;0;0;1;1
60703;11;1;1;-7.669189453125;7.3251953125;0;0;2;2;1;1;0;0;0;0;1;1;1;0;0;0;0;1;1;0;0;1;1
60753;11;1;1;-7.669189453125;7.3251953125;0;0;2;2;1;1;0;0;0;0;1;1;1;0;0;0;0;1;1;0;0;1;1
60803;11;1;1;-7.669189453125;7.3251953125;0;0;2;2;1;1;0;0;0;0;1;1;1;0;0;0;0;1;1;0;0;1;1
60854;11;1;1;-7.669189453125;7.3251953125;0;0;2;2;1;1;0;0;0;0;1;1;1;0;0;0;0;1;1;0;0;1;1
60903;11;1;1;-7.669189453125;7.3251953125;0;0;2;2;1;1;0;0;0;0;1;1;1;0;0;0;0;1;1;0;0;1;1
60953;11;1;1;-7.669189453125;7.3251953125;0;0;2;2;1;1;0;0;0;0;1;1;1;0;0;0;0;1;1;0;0;1;1
61004;11;1;1;-7.669189453125;7.3251953125;0;0;2;2;1;1;0;0;0;0;1;1;1;0;0;0;0;1;1;0;0;1;1
61053;11;1;1;-7.669189453125;7.3251953125;0;0;2;2;1;1;0;0;0;0;1;1;1;0;0;0;0;1;1;0;0;1;1
61104;11;1;1;-7.669189453125;7.3251953125;0;0;2;2;1;1;0;0;0;0;1;1;1;0;0;0;0;1;1;0;0;1;1
61153;11;1;1;-7.669189453125;7.3251953125;0;0;2;2;1;1;0;0;0;0;1;1;1;0;0;0;0;1;1;0;0;1;1
61203;11;1;1;-7.669189453125;7.3251953125;0;0;2;2;1;1;0;0;0;0;1;1;1;0;0;0;0;1;1;0;0;1;1
61254;11;1;1;-7.669189453125;7.3251953125;0;0;2;2;1;1;0;0;0;0;1;1;1;0;0;0;0;1;1;0;0;1;1
61303;11;1;1;-7.669189453125;7.3251953125;0;0;2;2;1;1;0;0;0;0;1;1;1;0;0;0;0;1;1;0;0;1;1
61353;11;1;1;-7.669189453125;7.3251953125;0;0;2;2;1;1;0;0;0;0;1;1;1;0;0;0;0;1;1;0;0;1;1
61404;11;1;1;-7.669189453125;7.3251953125;0;0;2;2;1;1;0;0;0;0;1;1;1;0;0;0;0;1;1;0;0;1;1
61453;11;1;1;-7.669189453125;7.3251953125;0;0;2;2;1;1;0;0;0;0;1;1;1;0;0;0;0;1;1;0;0;1;1
61503;11;1;1;-7.669189453125;7.3251953125;0;0;2;2;1;1;0;0;0;0;1;1;1;0;0;0;0;1;1;0;0;1;1
61553;11;1;1;-7.669189453125;7.3251953125;0;0;2;2;1;1;0;0;0;0;1;1;1;0;0;0;0;1;1;0;0;1;1
61603;11;1;1;-7.669189453125;7.3251953125;0;0;2;2;1;1;0;0;0;0;1;1;1;0;0;0;0;1;1;0;0;1;1
61653;11;1;1;-7.669189453125;7.3251953125;0;0;2;2;1;1;0;0;0;0;1;1;1;0;0;0;0;1;1;0;0;1;1
61703;11;1;0;-7.669189453125;7.3251953125;0;0;0;0;1;1;0;0;0;0;0;0;1;0;0;0;0;0;0;0;0;1;1
61753;11;1;0;-7.669189453125;7.3251953125;0;0;0;0;1;1;0;0;0;0;0;0;1;0;0;0;0;0;0;0;0;1;1
61803;11;0;0;-7.669189453125;7.3251953125;0;0;0;0;1;1;0;0;0;0;0;0;1;0;0;0;0;0;0;0;0;1;1
61853;11;0;0;-7.669189453125;7.3251953125;0;0;0;0;1;1;0;0;0;0;0;0;1;0;0;0;0;0;0;0;0;1;1
61903;11;0;0;-7.669189453125;7.3251953125;0;0;0;0;1;1;0;0;0;0;0;0;1;0;0;0;0;0;0;0;0;1;1
61953;11;0;0;-7.669189453125;7.3251953125;0;0;0;0;1;1;0;0;0;0;0;0;1;0;0;0;0;0;0;0;0;1;1
62003;11;0;0;-7.669189453125;7.3251953125;0;0;0;0;1;1;0;0;0;0;0;0;1;0;0;0;0;0;0;0;0;1;1
62054;11;0;0;-7.669189453125;7.3251953125;0;0;0;0;1;1;0;0;0;0;0;0;1;0;0;0;0;0;0;0;0;1;1
62103;11;0;0;-7.669189453125;7.3251953125;0;0;0;0;1;1;0;0;0;0;0;0;1;0;0;0;0;0;0;0;0;1;1
62154;11;0;0;-7.669189453125;7.3251953125;0;0;0;0;1;1;0;0;0;0;0;0;1;0;0;0;0;0;0;0;0;1;1
62203;11;0;0;-7.669189453125;7.3251953125;0;0;0;0;1;1;0;0;0;0;0;0;0;0;0;0;0;0;0;0;0;1;1
62253;11;0;0;-7.669189453125;7.3251953125;0;0;0;0;1;1;0;0;0;0;0;0;0;0;0;0;0;0;0;0;0;1;1
62303;11;0;0;-7.669189453125;7.3251953125;0;0;0;0;1;1;0;0;0;0;0;0;0;0;0;0;0;0;0;0;0;1;1
62353;11;0;0;-7.669189453125;7.3251953125;0;0;0;0;1;1;0;0;0;0;0;0;0;0;0;0;0;0;0;0;0;1;1
62403;11;0;0;-7.669189453125;7.3251953125;0;0;0;0;1;1;0;0;0;0;0;0;0;0;0;0;0;0;0;0;0;1;1
62453;11;0;0;-7.669189453125;7.3251953125;0;0;0;0;1;1;0;0;0;0;0;0;0;0;0;0;0;0;0;0;0;1;1
62503;11;0;0;-7.669189453125;7.3251953125;0;0;0;0;1;1;0;0;0;0;0;0;0;0;0;0;0;0;0;0;0;1;1
62553;11;0;0;-7.669189453125;7.3251953125;0;0;0;0;1;1;0;0;0;0;0;0;0;0;0;0;0;0;0;0;0;1;1
62603;11;0;0;-7.669189453125;7.3251953125;0;0;0;0;1;1;0;0;0;0;0;0;0;0;0;0;0;0;0;0;0;1;1
62653;11;0;0;-7.669189453125;7.3251953125;0;0;0;0;1;1;0;0;0;0;0;0;0;0;0;0;0;0;0;0;0;1;1
62703;11;0;0;-7.669189453125;7.3251953125;0;0;0;0;1;1;0;0;0;0;0;0;0;0;0;0;0;0;0;0;0;1;1
62754;11;0;0;-7.669189453125;7.3251953125;0;0;0;0;1;1;0;0;0;0;0;0;0;0;0;0;0;0;0;0;0;1;1
62803;11;0;0;-7.669189453125;7.3251953125;0;0;0;0;1;1;0;0;0;0;0;0;0;0;0;0;0;0;0;0;0;1;1
62853;11;0;0;-7.669189453125;7.3251953125;0;0;0;0;1;1;0;0;0;0;0;0;0;0;0;0;0;0;0;0;0;1;1
62903;11;0;0;-7.669189453125;7.3251953125;0;0;0;0;1;1;0;0;0;0;0;0;0;0;0;0;0;0;0;0;0;1;1
62953;11;0;0;-7.669189453125;7.3251953125;0;0;0;0;1;1;0;0;0;0;0;0;0;0;0;0;0;0;0;0;0;1;1
63003;11;1;0;-7.669189453125;7.3251953125;0;0;0;0;1;1;0;0;0;0;0;0;0;0;0;0;0;0;0;0;0;1;1
63053;11;1;0;-7.669189453125;7.3251953125;0;0;0;0;1;1;0;0;0;0;0;0;0;0;0;0;0;0;0;0;0;1;1
63103;11;1;0;-7.669189453125;7.3251953125;0;0;0;0;1;1;0;0;0;0;0;0;0;0;0;0;0;0;0;0;0;1;1
63153;11;1;1;-7.669189453125;7.3251953125;0;0;1;1;1;1;0;0;0;0;1;1;0;0;0;0;0;1;1;1;1;1;1
63203;11;1;1;-7.669189453125;7.3251953125;0;0;1;1;1;1;0;0;0;0;1;1;0;0;0;0;0;1;1;1;1;0;0
63253;11;1;1;-7.669189453125;7.325439453125;0;0.0033333334140479565;1;1;1;1;0;0;0;0;1;1;0;0;0;0;0;1;1;1;1;0;0
63303;11;1;1;-7.66845703125;7.326171875;0.013333333656191826;0.013333333656191826;1;1;1;1;0;0;0;0;1;1;0;0;0;0;0;1;1;1;1;0;0
63353;11;1;1;-7.665283203125;7.327880859375;0.063333332538604736;0.030000001192092896;1;1;1;1;0;0;0;0;1;1;0;0;0;0;0;1;1;1;1;0;0
63403;11;1;1;-7.658447265625;7.330810546875;0.12000000476837158;0.046666666865348816;1;1;1;1;0;0;0;0;1;1;0;0;0;0;0;1;1;1;1;0;0
63453;11;1;1;-7.649169921875;7.333984375;0.17000000178813934;0.060000002384185791;1;1;1;1;0;0;0;0;1;1;0;0;0;0;0;1;1;1;1;0;0
63503;11;1;1;-7.63671875;7.338623046875;0.21666666865348816;0.076666668057441711;1;1;1;1;0;0;0;0;1;1;0;0;0;0;0;1;1;1;1;0;0
63553;11;1;1;-7.622802734375;7.343505859375;0.25333333015441895;0.090000003576278687;1;1;1;1;0;0;0;0;1;1;0;0;0;0;0;1;1;1;1;0;0
63603;11;1;1;-7.60595703125;7.349853515625;0.28666669130325317;0.10999999940395355;1;1;1;1;0;0;0;0;1;1;0;0;0;0;0;1;1;1;1;0;0
63653;11;1;1;-7.588623046875;7.357177734375;0.31333336234092712;0.13000001013278961;1;1;1;1;0;0;0;0;1;1;0;0;0;0;0;1;1;1;1;0;0
63703;11;1;1;-7.56884765625;7.366455078125;0.3333333432674408;0.16000001132488251;1;1;1;1;0;0;0;0;1;1;0;0;0;0;0;1;1;1;1;0;0
63753;11;1;1;-7.550048828125;7.376708984375;0.34666669368743896;0.1900000125169754;1;1;1;1;0;0;0;0;1;1;0;0;0;0;0;1;1;1;1;0;0
63803;11;1;1;-7.52880859375;7.389892578125;0.35666665434837341;0.22666667401790619;1;1;1;1;0;0;0;0;1;1;0;0;0;0;0;1;1;1;1;0;0
63853;11;1;1;-7.5087890625;7.404052734375;0.36333334445953369;0.26000002026557922;2;2;1;1;0;0;0;0;1;1;0;0;0;0;0;1;1;1;1;0;0
63903;11;1;1;-7.486572265625;7.421630859375;0.37000000476837158;0.29666668176651;2;2;1;1;0;0;0;0;1;1;0;0;0;0;0;1;1;1;1;0;0
63953;11;1;1;-7.4658203125;7.43994140625;0.38000002503395081;0.3333333432674408;2;2;1;1;0;0;0;0;1;1;0;0;0;0;0;1;1;1;1;0;0
64003;11;1;1;-7.44287109375;7.4619140625;0.3866666853427887;0.37000000476837158;2;2;1;1;0;0;0;0;1;1;0;0;0;0;0;1;1;1;1;0;0
64053;11;1;1;-7.421142578125;7.48388671875;0.39333334565162659;0.40333333611488342;2;2;1;1;0;0;0;0;1;1;0;0;0;0;0;1;1;1;1;0;0
64103;11;1;1;-7.3974609375;7.509765625;0.40000000596046448;0.43666666746139526;2;2;1;1;0;0;0;0;1;1;0;0;0;0;0;1;1;1;1;0;0
64153;11;1;1;-7.375;7.53515625;0.40666666626930237;0.46666666865348816;2;2;1;1;0;0;0;0;1;1;0;0;0;0;0;1;1;1;1;0;0
64203;11;1;1;-7.350341796875;7.564208984375;0.41333335638046265;0.48999997973442078;2;2;1;1;0;0;0;0;1;1;0;0;0;0;0;1;1;1;1;0;0
64253;11;1;1;-7.3271484375;7.59228515625;0.42333331704139709;0.50999999046325684;2;2;1;1;0;0;0;0;1;1;0;0;0;0;0;1;1;1;1;0;0
64303;11;1;1;-7.30126953125;7.623779296875;0.43666666746139526;0.53000003099441528;2;2;1;1;0;0;0;0;1;1;0;0;0;0;0;1;1;1;1;0;0
64353;11;1;1;-7.275390625;7.65478515625;0.476666659116745;0.56999999284744263;2;2;1;1;0;0;0;0;1;1;0;0;0;0;0;1;1;1;1;0;0
64403;11;1;1;-7.244384765625;7.690673828125;0.52666670083999634;0.6066666841506958;2;2;1;1;0;0;0;0;1;1;0;0;0;0;0;1;1;1;1;0;0
64453;11;1;1;-7.21337890625;7.7255859375;0.56666666269302368;0.63666665554046631;2;2;1;1;0;0;0;0;1;1;0;0;0;0;0;1;1;1;1;0;0
64503;11;1;1;-7.17724609375;7.764892578125;0.6066666841506958;0.6600000262260437;2;2;1;1;0;0;0;0;1;1;0;0;0;0;0;1;1;1;1;0;0
64553;11;1;1;-7.14208984375;7.802490234375;0.643333375453949;0.68333333730697632;2;2;1;1;0;0;0;0;1;1;0;0;0;0;0;1;1;1;1;0;0
64604;11;1;1;-7.101318359375;7.84423828125;0.68666666746139526;0.70333331823349;2;2;1;1;0;0;0;0;1;1;0;0;0;0;0;1;1;1;1;0;0
64653;11;1;1;-7.06201171875;7.8837890625;0.72333335876464844;0.72000002861022949;2;2;1;1;0;0;0;0;1;1;0;0;0;0;0;1;1;1;1;0;0
64705;11;1;1;-7.01708984375;7.927978515625;0.75666671991348267;0.74000000953674316;2;2;1;1;0;0;0;0;1;1;0;0;0;0;0;1;1;1;1;0;0
64753;11;1;1;-6.9736328125;7.9697265625;0.79000002145767212;0.76000005006790161;2;2;1;1;0;0;0;0;1;1;0;0;0;0;0;1;1;1;1;0;0
64803;11;1;1;-6.925048828125;8.01611328125;0.81666666269302368;0.77999997138977051;2;2;1;1;0;0;0;0;1;1;0;0;0;0;0;1;1;1;1;0;0
64853;11;1;1;-6.878662109375;8.059814453125;0.84333336353302;0.800000011920929;2;2;1;1;0;0;0;0;1;1;0;0;0;0;0;1;1;1;1;0;0
64903;11;1;1;-6.82763671875;8.1083984375;0.86000001430511475;0.81666666269302368;2;2;1;1;0;0;0;0;1;1;0;0;0;0;0;1;1;1;1;0;0
64953;11;1;1;-6.779541015625;8.154296875;0.87666672468185425;0.83333331346511841;2;2;1;1;0;0;0;0;1;1;0;0;0;0;0;1;1;1;1;0;0
65004;11;1;1;-6.726806640625;8.204833984375;0.88666665554046631;0.85000002384185791;2;2;1;1;0;0;0;0;1;1;0;0;0;0;0;1;1;1;1;0;0
65053;11;1;1;-6.67724609375;8.252685546875;0.89999997615814209;0.86666667461395264;2;2;1;1;0;0;0;0;1;1;0;0;0;0;0;1;1;1;1;0;0
65103;11;1;1;-6.623291015625;8.305419921875;0.9100000262260437;0.88666665554046631;2;2;1;1;0;0;0;0;1;1;0;0;0;0;0;1;1;1;1;0;0
65153;11;1;1;-6.57275390625;8.355224609375;0.92000001668930054;0.90333336591720581;2;2;1;1;0;0;0;0;1;1;0;0;0;0;0;1;1;1;1;0;0
65203;11;1;1;-6.517333984375;8.41015625;0.93000000715255737;0.92000001668930054;2;2;1;1;0;0;0;0;1;1;0;0;0;0;0;1;1;1;1;0;0
65253;11;1;1;-6.4658203125;8.461669921875;0.93666666746139526;0.93666666746139526;2;2;1;1;0;0;0;0;1;1;0;0;0;0;0;1;1;1;1;0;0
65303;11;1;1;-6.409912109375;8.518310546875;0.94333338737487793;0.95333331823349;2;2;1;1;0;0;0;0;1;1;0;0;0;0;0;1;1;1;1;0;0
65353;11;1;1;-6.357666015625;8.5712890625;0.949999988079071;0.96333330869674683;2;2;1;1;0;0;0;0;1;1;0;0;0;0;0;1;1;1;1;0;0
65403;11;1;1;-6.301025390625;8.629150390625;0.95333331823349;0.97333335876464844;2;2;1;1;0;0;0;0;1;1;0;0;0;0;0;1;1;1;1;0;0
65453;11;1;1;-6.248046875;8.682861328125;0.96333330869674683;0.97999995946884155;2;2;1;1;0;0;0;0;1;1;0;0;0;0;0;1;1;1;1;0;0
65503;11;1;1;-6.190185546875;8.74169921875;0.97000002861022949;0.98666667938232422;2;2;1;1;0;0;0;0;1;1;0;0;0;0;0;1;1;1;1;0;0
65553;11;1;1;-6.136474609375;8.796142578125;0.97999995946884155;0.99000000953674316;2;2;1;1;0;0;0;0;1;1;0;0;0;0;0;1;1;1;1;0;0
65603;11;1;1;-6.07763671875;8.85546875;0.98666667938232422;0.996666669845581;2;2;1;1;0;0;0;0;1;1;0;0;0;0;0;1;1;1;1;0;0
65653;11;1;1;-6.02294921875;8.91064453125;0.99333339929580688;1.0033333301544189;2;2;1;1;0;0;0;0;1;1;0;0;0;0;0;1;1;1;1;0;0
65703;11;1;1;-5.96337890625;8.97021484375;1;1;2;2;1;1;0;0;0;0;1;1;0;0;0;0;0;1;1;1;1;0;0
65753;11;1;1;-5.907958984375;9.025390625;1.0066666603088379;1;2;2;1;1;0;0;0;0;1;1;0;0;0;0;0;1;1;1;1;0;0
65803;11;1;1;-5.84765625;9.085693359375;1.0166666507720947;1.0133333206176758;2;2;1;1;0;0;0;0;1;1;0;0;0;0;0;1;1;1;1;0;0
65854;11;1;1;-5.79150390625;9.141357421875;1.0199999809265137;1.0099999904632568;2;2;1;1;0;0;0;0;1;1;0;0;0;0;0;1;1;1;1;0;0
65903;11;1;1;-5.73046875;9.20166015625;1.0266667604446411;1.0099999904632568;2;2;1;1;0;0;0;0;1;1;0;0;0;0;0;1;1;1;1;0;0
65953;12;1;1;-5.673828125;9.258056640625;1.0299999713897705;1.0199999809265137;2;2;1;1;0;0;0;0;1;1;0;0;0;0;0;1;1;1;1;0;0
66003;12;1;1;-5.6123046875;9.31884765625;1.0333333015441895;1.0199999809265137;2;2;1;1;0;0;0;0;1;1;0;0;0;0;0;1;1;1;1;0;0
66053;12;1;1;-5.555419921875;9.375244140625;1.0366666316986084;1.0233333110809326;2;2;1;1;0;0;0;0;1;1;0;0;0;0;0;1;1;1;1;0;0
66103;12;1;1;-5.493408203125;9.436767578125;1.0366666316986084;1.0333333015441895;2;2;1;1;0;0;0;0;1;1;0;0;0;0;0;1;1;1;1;0;0
66154;12;1;1;-5.436279296875;9.493896484375;1.0400000810623169;1.0366666316986084;2;2;1;1;0;0;0;0;1;1;0;0;0;0;0;1;1;1;1;0;0
66203;12;1;1;-5.374267578125;9.5556640625;1.0400000810623169;1.0366666316986084;2;2;1;1;0;0;0;0;1;1;0;0;0;0;0;1;1;1;1;0;0
66254;12;1;1;-5.31689453125;9.613037109375;1.0433334112167358;1.0433334112167358;2;2;1;1;0;0;0;0;1;1;0;0;0;0;0;1;1;1;1;0;0
66303;12;1;1;-5.254638671875;9.675048828125;1.0433334112167358;1.0433334112167358;2;2;1;1;0;0;0;0;1;1;0;0;0;0;0;1;1;1;1;0;0
66354;12;1;1;-5.197265625;9.732666015625;1.0466666221618652;1.0466666221618652;2;2;1;1;0;0;0;0;1;1;0;0;0;0;0;1;1;1;1;0;0
66403;12;1;1;-5.135009765625;9.79541015625;1.0466666221618652;1.0499999523162842;2;2;1;1;0;0;0;0;1;1;0;0;0;0;0;1;1;1;1;0;0
66454;12;1;1;-5.077392578125;9.85302734375;1.0466666221618652;1.0499999523162842;2;2;1;1;0;0;0;0;1;1;0;0;0;0;0;1;1;1;1;0;0
66503;12;1;1;-5.0146484375;9.915771484375;1.0499999523162842;1.0533334016799927;2;2;1;1;0;0;0;0;1;1;0;0;0;0;0;1;1;1;1;0;0
66553;12;1;1;-4.95703125;9.9736328125;1.0499999523162842;1.0533334016799927;2;2;1;1;0;0;0;0;1;1;0;0;0;0;0;1;1;1;1;0;0
66603;12;1;1;-4.89404296875;10.036376953125;1.0533334016799927;1.0533334016799927;2;2;1;1;0;0;0;0;1;1;0;0;0;0;0;1;1;1;1;0;0
66653;12;1;1;-4.836181640625;10.094482421875;1.0533334016799927;1.0566667318344116;3;3;1;1;0;0;0;0;1;1;0;0;0;0;0;1;1;1;1;0;0
66703;12;1;1;-4.773193359375;10.1572265625;1.0566667318344116;1.0533334016799927;3;3;1;1;0;0;0;0;1;1;0;0;0;0;0;1;1;1;1;0;0
66753;12;1;1;-4.715087890625;10.21533203125;1.0566667318344116;1.0566667318344116;3;3;1;1;0;0;0;0;1;1;0;0;0;0;0;1;1;1;1;0;0
66803;12;1;1;-4.652099609375;10.2783203125;1.0566667318344116;1.0533334016799927;3;3;1;1;0;0;0;0;1;1;0;0;0;0;0;1;1;1;1;0;0
66854;12;1;1;-4.59375;10.33642578125;1.0600000619888306;1.0566667318344116;3;3;1;1;0;0;0;0;1;1;0;0;0;0;0;1;1;1;1;0;0
66903;12;1;1;-4.530517578125;10.399658203125;1.0600000619888306;1.0566667318344116;3;3;1;1;0;0;0;0;1;1;0;0;0;0;0;1;1;1;1;0;0
66953;12;1;1;-4.47216796875;10.457763671875;1.0600000619888306;1.0566667318344116;3;3;1;1;0;0;0;0;1;1;0;0;0;0;0;1;1;1;1;0;0
67003;12;1;1;-4.408935546875;10.52099609375;1.0600000619888306;1.0600000619888306;3;3;1;1;0;0;0;0;1;1;0;0;0;0;0;1;1;1;1;0;0
67054;12;1;1;-4.3505859375;10.579345703125;1.0600000619888306;1.0600000619888306;3;3;1;1;0;0;0;0;1;1;0;0;0;0;0;1;1;1;1;0;0
67103;12;1;1;-4.287353515625;10.642578125;1.06333327293396;1.06333327293396;3;3;1;1;0;0;0;0;1;1;0;0;0;0;0;1;1;1;1;0;0
67153;12;1;1;-4.227783203125;10.7021484375;1.0800000429153442;1.0833333730697632;3;3;1;1;0;0;0;0;1;1;0;0;0;0;0;1;1;1;1;0;0
67203;12;1;1;-4.162353515625;10.767578125;1.1000000238418579;1.1000000238418579;3;3;1;1;0;0;0;0;1;1;0;0;0;0;0;1;1;1;1;0;0
67253;12;1;1;-4.101318359375;10.8291015625;1.1133333444595337;1.1166666746139526;3;3;1;1;0;0;0;0;1;1;0;0;0;0;0;1;1;1;1;0;0
67303;12;1;1;-4.034423828125;10.896240234375;1.1233333349227905;1.1266666650772095;3;3;1;1;0;0;0;0;1;1;0;0;0;0;0;1;1;1;1;0;0
67353;12;1;1;-3.97216796875;10.958984375;1.1333333253860474;1.1433333158493042;4;4;1;1;0;0;0;0;1;1;0;0;0;0;0;1;1;1;1;0;0
67403;12;1;1;-3.904052734375;11.02734375;1.1433333158493042;1.1466667652130127;4;4;1;1;0;0;0;0;1;1;0;0;0;0;0;1;1;1;1;0;0
67453;12;1;1;-3.840576171875;11.091064453125;1.1533334255218506;1.1599999666213989;4;4;1;1;0;0;0;0;1;1;0;0;0;0;0;1;1;1;1;0;0
67503;12;1;1;-3.771240234375;11.160400390625;1.1633334159851074;1.1633334159851074;4;4;1;1;0;0;0;0;1;1;0;0;0;0;0;1;1;1;1;0;0
67553;12;1;1;-3.706787109375;11.224609375;1.1700000762939453;1.1666666269302368;4;4;1;1;0;0;0;0;1;1;0;0;0;0;0;1;1;1;1;0;0
67603;12;1;1;-3.63671875;11.294921875;1.1766666173934937;1.1766666173934937;4;4;1;1;0;0;0;0;1;1;0;0;0;0;0;1;1;1;1;0;0
67653;12;1;1;-3.57177734375;11.359619140625;1.1800000667572021;1.1766666173934937;4;4;1;1;0;0;0;0;1;1;0;0;0;0;0;1;1;1;1;0;0
67703;12;1;1;-3.501220703125;11.429931640625;1.18666672706604;1.1800000667572021;4;4;1;1;0;0;0;0;1;1;0;0;0;0;0;1;1;1;1;0;0
67753;12;1;1;-3.435791015625;11.495361328125;1.190000057220459;1.18666672706604;4;4;1;1;0;0;0;0;1;1;0;0;0;0;0;1;1;1;1;0;0
67803;12;1;1;-3.36474609375;11.56591796875;1.1933332681655884;1.18666672706604;4;4;1;1;0;0;0;0;1;1;0;0;0;0;0;1;1;1;1;0;0
67853;12;1;1;-3.298583984375;11.632080078125;1.2066667079925537;1.2033333778381348;4;4;1;1;0;0;0;0;1;1;0;0;0;0;0;1;1;1;1;0;0
67903;12;1;1;-3.2255859375;11.704833984375;1.2266666889190674;1.2233333587646484;4;4;1;1;0;0;0;0;1;1;0;0;0;0;0;1;1;1;1;0;0
67953;12;1;1;-3.15771484375;11.7724609375;1.2366667985916138;1.2333333492279053;4;4;1;1;0;0;0;0;1;1;0;0;0;0;0;1;1;1;1;0;0
68003;12;1;1;-3.083740234375;11.8466796875;1.2433333396911621;1.2433333396911621;4;4;1;1;0;0;0;0;1;1;0;0;0;0;0;1;1;1;1;0;0
68053;12;1;1;-3.01513671875;11.915283203125;1.2466666698455811;1.2533334493637085;4;4;1;1;0;0;0;0;1;1;0;0;0;0;0;1;1;1;1;0;0
68103;12;1;1;-2.940673828125;11.990234375;1.2533334493637085;1.2566666603088379;5;5;1;1;0;0;0;0;1;1;0;0;0;0;0;1;1;1;1;0;0
68153;12;1;1;-2.871337890625;12.0595703125;1.2599999904632568;1.2633334398269653;5;5;1;1;0;0;0;0;1;1;0;0;0;0;0;1;1;1;1;0;0
68203;12;1;1;-2.796142578125;12.135009765625;1.2633334398269653;1.2666666507720947;5;5;1;1;0;0;0;0;1;1;0;0;0;0;0;1;1;1;1;0;0
68253;12;1;1;-2.7265625;12.204833984375;1.2666666507720947;1.2700001001358032;5;5;1;1;0;0;0;0;1;1;0;0;0;0;0;1;1;1;1;0;0
68303;12;1;1;-2.65087890625;12.2802734375;1.2666666507720947;1.2666666507720947;5;5;1;1;0;0;0;0;1;1;0;0;0;0;0;1;1;1;1;0;0
68353;12;1;1;-2.5810546875;12.35009765625;1.2700001001358032;1.2700001001358032;5;5;1;1;0;0;0;0;1;1;0;0;0;0;0;1;1;1;1;0;0
68403;12;1;1;-2.505615234375;12.42578125;1.2700001001358032;1.2666666507720947;5;5;1;1;0;0;0;0;1;1;0;0;0;0;0;1;1;1;1;0;0
68453;12;1;1;-2.435791015625;12.49560546875;1.2700001001358032;1.2700001001358032;5;5;1;1;0;0;0;0;1;1;0;0;0;0;0;1;1;1;1;0;0
68503;12;1;1;-2.35986328125;12.5712890625;1.2733333110809326;1.2700001001358032;5;5;1;1;0;0;0;0;1;1;0;0;0;0;0;1;1;1;1;0;0
68553;12;1;1;-2.289794921875;12.6416015625;1.28000009059906;1.28000009059906;5;5;1;1;0;0;0;0;1;1;0;0;0;0;0;1;1;1;1;0;0
68604;12;1;1;-2.21240234375;12.71923828125;1.2999999523162842;1.3033334016799927;5;5;1;1;0;0;0;0;1;1;0;0;0;0;0;1;1;1;1;0;0
68653;12;1;1;-2.140380859375;12.79150390625;1.309999942779541;1.3166667222976685;5;5;1;1;0;0;0;0;1;1;0;0;0;0;0;1;1;1;1;0;0
68703;12;1;1;-2.061767578125;12.870361328125;1.3166667222976685;1.3233333826065063;5;5;1;1;0;0;0;0;1;1;0;0;0;0;0;1;1;1;1;0;0
68753;12;1;1;-1.989013671875;12.943115234375;1.3233333826065063;1.3200000524520874;5;5;1;1;0;0;0;0;1;1;0;0;0;0;0;1;1;1;1;0;0
68804;12;1;1;-1.91015625;13.0224609375;1.3266665935516357;1.3266665935516357;5;5;1;1;0;0;0;0;1;1;0;0;0;0;0;1;1;1;1;0;0
68853;12;1;1;-1.837158203125;13.095703125;1.3300000429153442;1.3333333730697632;5;5;1;1;0;0;0;0;1;1;0;0;0;0;0;1;1;1;1;0;0
68903;12;1;1;-1.7578125;13.175048828125;1.3300000429153442;1.3333333730697632;5;5;1;1;0;0;0;0;1;1;0;0;0;0;0;1;1;1;1;0;0
68953;12;1;1;-1.6845703125;13.248046875;1.3300000429153442;1.3333333730697632;5;5;1;1;0;0;0;0;1;1;0;0;0;0;0;1;1;1;1;0;0
69003;12;1;1;-1.60546875;13.327392578125;1.3300000429153442;1.3300000429153442;5;5;1;1;0;0;0;0;1;1;0;0;0;0;0;1;1;1;1;0;0
69053;12;1;1;-1.532470703125;13.400390625;1.3300000429153442;1.3300000429153442;5;5;1;1;0;0;0;0;1;1;0;0;0;0;0;1;1;1;1;0;0
69103;12;1;1;-1.453369140625;13.479736328125;1.3266665935516357;1.3300000429153442;5;5;1;1;0;0;0;0;1;1;0;0;0;0;0;1;1;1;1;0;0
69153;12;1;1;-1.38037109375;13.552978515625;1.3266665935516357;1.3300000429153442;5;5;1;1;0;0;0;0;1;1;0;0;0;0;0;1;1;1;1;0;0
69203;12;1;1;-1.30126953125;13.632080078125;1.3266665935516357;1.3266665935516357;5;5;1;1;0;0;0;0;1;1;0;0;0;0;0;1;1;1;1;0;0
69253;12;1;1;-1.228271484375;13.705078125;1.3266665935516357;1.3300000429153442;5;5;1;1;0;0;0;0;1;1;0;0;0;0;0;1;1;1;1;0;0
69304;12;1;1;-1.1494140625;13.7841796875;1.3266665935516357;1.3300000429153442;5;5;1;1;0;0;0;0;1;1;0;0;0;0;0;1;1;1;1;0;0
69352;12;1;1;-1.076904296875;13.857177734375;1.3233333826065063;1.3266665935516357;5;5;1;1;0;0;0;0;1;1;0;0;0;0;0;1;1;1;1;0;0
69403;12;1;1;-0.998046875;13.93603515625;1.3200000524520874;1.3266665935516357;5;5;1;1;0;0;0;0;1;1;0;0;0;0;0;1;1;1;1;0;0
69453;12;1;1;-0.925537109375;14.009033203125;1.3200000524520874;1.3233333826065063;5;5;1;1;0;0;0;0;1;1;0;0;0;0;0;1;1;1;1;0;0
69504;12;1;1;-0.846923828125;14.087890625;1.3200000524520874;1.3233333826065063;5;5;1;1;0;0;0;0;1;1;0;0;0;0;0;1;1;1;1;0;0
69553;12;1;1;-0.774658203125;14.16064453125;1.3166667222976685;1.3233333826065063;5;5;1;1;0;0;0;0;1;1;0;0;0;0;0;1;1;1;1;0;0
69604;12;1;1;-0.6962890625;14.2392578125;1.3166667222976685;1.3200000524520874;5;5;1;1;0;0;0;0;1;1;0;0;0;0;0;1;1;1;1;0;0
69653;12;1;1;-0.6240234375;14.31201171875;1.3133333921432495;1.3200000524520874;5;5;1;1;0;0;0;0;1;1;0;0;0;0;0;1;1;1;1;0;0
69704;12;1;1;-0.5458984375;14.390625;1.309999942779541;1.3166667222976685;5;5;1;1;0;0;0;0;1;1;0;0;0;0;0;1;1;1;1;0;0
69753;12;1;1;-0.473876953125;14.462890625;1.309999942779541;1.3133333921432495;5;5;1;1;0;0;0;0;1;1;0;0;0;0;0;1;1;1;1;0;0
69803;12;1;1;-0.395751953125;14.54150390625;1.309999942779541;1.3166667222976685;5;5;1;1;0;0;0;0;1;1;0;0;0;0;0;1;1;1;1;0;0
69853;12;1;1;-0.323974609375;14.61376953125;1.309999942779541;1.3166667222976685;5;5;1;1;0;0;0;0;1;1;0;0;0;0;0;1;1;1;1;0;0
69903;12;1;1;-0.24609375;14.692138671875;1.309999942779541;1.3133333921432495;5;5;1;1;0;0;0;0;1;1;0;0;0;0;0;1;1;1;1;0;0
69953;12;1;1;-0.174072265625;14.764404296875;1.3066667318344116;1.3133333921432495;5;5;1;1;0;0;0;0;1;1;0;0;0;0;0;1;1;1;1;0;0
70003;12;1;1;-0.096435546875;14.842529296875;1.3066667318344116;1.309999942779541;5;5;1;1;0;0;0;0;1;1;0;0;0;0;0;1;1;1;1;0;0
70053;12;1;1;-0.024658203125;14.914794921875;1.3033334016799927;1.3133333921432495;5;5;1;1;0;0;0;0;1;1;0;0;0;0;0;1;1;1;1;0;0
70103;12;1;1;0.05322265625;14.992919921875;1.3066667318344116;1.309999942779541;5;5;1;1;0;0;0;0;1;1;0;0;0;0;0;1;1;1;1;0;0
70153;12;1;1;0.125;15.06494140625;1.3033334016799927;1.3133333921432495;5;5;1;1;0;0;0;0;1;1;0;0;0;0;0;1;1;1;1;0;0
70203;12;1;1;0.20263671875;15.14306640625;1.3033334016799927;1.3066667318344116;5;5;1;1;0;0;0;0;1;1;0;0;0;0;0;1;1;1;1;0;0
70253;12;1;1;0.274169921875;15.215087890625;1.3033334016799927;1.3066667318344116;5;5;1;1;0;0;0;0;1;1;0;0;0;0;0;1;1;1;1;0;0
70303;12;1;1;0.35205078125;15.293212890625;1.3066667318344116;1.3133333921432495;5;5;1;1;0;0;0;0;1;1;0;0;0;0;0;1;1;1;1;0;0
70353;12;1;1;0.423828125;15.364990234375;1.3066667318344116;1.3066667318344116;5;5;1;1;0;0;0;0;1;1;0;0;0;0;0;1;1;1;1;0;0
70403;12;1;1;0.501708984375;15.443115234375;1.3066667318344116;1.3133333921432495;5;5;1;1;0;0;0;0;1;1;0;0;0;0;0;1;1;1;1;0;0
70453;12;1;1;0.573486328125;15.51513671875;1.3066667318344116;1.309999942779541;5;5;1;1;0;0;0;0;1;1;0;0;0;0;0;1;1;1;1;0;0
70503;12;1;1;0.651123046875;15.59326171875;1.3066667318344116;1.309999942779541;5;5;1;1;0;0;0;0;1;1;0;0;0;0;0;1;1;1;1;0;0
70553;12;1;1;0.72314453125;15.665283203125;1.3066667318344116;1.309999942779541;5;5;1;1;0;0;0;0;1;1;0;0;0;0;0;1;1;1;1;0;0
70603;12;1;1;0.801025390625;15.743408203125;1.309999942779541;1.3133333921432495;5;5;1;1;0;0;0;0;1;1;0;0;0;0;0;1;1;1;1;0;0
70653;12;1;1;0.873046875;15.8154296875;1.309999942779541;1.309999942779541;5;5;1;1;0;0;0;0;1;1;0;0;0;0;0;1;1;1;1;0;0
70703;12;1;1;0.951171875;15.8935546875;1.309999942779541;1.309999942779541;5;5;1;1;0;0;0;0;1;1;0;0;0;0;0;1;1;1;1;0;0
70752;12;1;1;1.023193359375;15.965576171875;1.309999942779541;1.309999942779541;5;5;1;1;0;0;0;0;1;1;0;0;0;0;0;1;1;1;1;0;0
70803;12;1;1;1.10107421875;16.043701171875;1.309999942779541;1.3133333921432495;5;5;1;1;0;0;0;0;1;1;0;0;0;0;0;1;1;1;1;0;0
70852;12;1;1;1.17333984375;16.115966796875;1.309999942779541;1.3133333921432495;5;5;1;1;0;0;0;0;1;1;0;0;0;0;0;1;1;1;1;0;0
70903;12;1;1;1.25146484375;16.194091796875;1.3133333921432495;1.3133333921432495;5;5;1;1;0;0;0;0;1;1;0;0;0;0;0;1;1;1;1;0;0
70954;12;1;1;1.323486328125;16.26611328125;1.3133333921432495;1.3133333921432495;5;5;1;1;0;0;0;0;1;1;0;0;0;0;0;1;1;1;1;0;0
71003;12;1;1;1.401611328125;16.344482421875;1.3133333921432495;1.3133333921432495;5;5;1;1;0;0;0;0;1;1;0;0;0;0;0;1;1;1;1;0;0
71054;12;1;1;1.4736328125;16.41650390625;1.309999942779541;1.3133333921432495;5;5;1;1;0;0;0;0;1;1;0;0;0;0;0;1;1;1;1;0;0
71103;12;1;1;1.5517578125;16.494873046875;1.309999942779541;1.309999942779541;5;5;1;1;0;0;0;0;1;1;0;0;0;0;0;1;1;1;1;0;0
71153;12;1;1;1.623779296875;16.56689453125;1.309999942779541;1.3133333921432495;5;5;1;1;0;0;0;0;1;1;0;0;0;0;0;1;1;1;1;0;0
71203;12;1;1;1.70166015625;16.645263671875;1.309999942779541;1.3133333921432495;5;5;1;1;0;0;0;0;1;1;0;0;0;0;0;1;1;1;1;0;0
71253;12;1;1;1.77392578125;16.717529296875;1.309999942779541;1.3133333921432495;5;5;1;1;0;0;0;0;1;1;0;0;0;0;0;1;1;1;1;0;0
71303;12;1;1;1.85205078125;16.795654296875;1.3133333921432495;1.3133333921432495;5;5;1;1;0;0;0;0;1;1;0;0;0;0;0;1;1;1;1;0;0
71354;12;1;1;1.924072265625;16.867919921875;1.309999942779541;1.309999942779541;5;5;1;1;0;0;0;0;1;1;0;0;0;0;0;1;1;1;1;0;0
71403;12;1;1;2.00244140625;16.946044921875;1.3133333921432495;1.309999942779541;5;5;1;1;0;0;0;0;1;1;0;0;0;0;0;1;1;1;1;0;0
71453;12;1;1;2.074462890625;17.0185546875;1.3133333921432495;1.3166667222976685;5;5;1;1;0;0;0;0;1;1;0;0;0;0;0;1;1;1;1;0;0
71503;12;1;1;2.15283203125;17.096923828125;1.3133333921432495;1.3166667222976685;5;5;1;1;0;0;0;0;1;1;0;0;0;0;0;1;1;1;1;0;0
71553;12;1;1;2.225341796875;17.169189453125;1.3133333921432495;1.3166667222976685;5;5;1;1;0;0;0;0;1;1;0;0;0;0;0;1;1;1;1;0;0
71603;12;1;1;2.3037109375;17.24755859375;1.3166667222976685;1.3200000524520874;5;5;1;1;0;0;0;0;1;1;0;0;0;0;0;1;1;1;1;0;0
71653;12;1;1;2.3759765625;17.320068359375;1.3166667222976685;1.3133333921432495;5;5;1;1;0;0;0;0;1;1;0;0;0;0;0;1;1;1;1;0;0
71703;12;1;1;2.454345703125;17.398681640625;1.3166667222976685;1.3200000524520874;5;5;1;1;0;0;0;0;1;1;0;0;0;0;0;1;1;1;1;0;0
71753;12;1;1;2.52685546875;17.47119140625;1.3166667222976685;1.3166667222976685;5;5;1;1;0;0;0;0;1;1;0;0;0;0;0;1;1;1;1;0;0
71803;12;1;1;2.605224609375;17.5498046875;1.3166667222976685;1.3200000524520874;5;5;1;1;0;0;0;0;1;1;0;0;0;0;0;1;1;1;1;0;0
71853;12;1;1;2.677490234375;17.6220703125;1.3133333921432495;1.3166667222976685;5;5;1;1;0;0;0;0;1;1;0;0;0;0;0;1;1;1;1;0;0
71903;12;1;1;2.755859375;17.70068359375;1.3166667222976685;1.3200000524520874;5;5;1;1;0;0;0;0;1;1;0;0;0;0;0;1;1;1;1;0;0
71953;12;1;1;2.828125;17.773193359375;1.3166667222976685;1.3200000524520874;5;5;1;1;0;0;0;0;1;1;0;0;0;0;0;1;1;1;1;0;0
72003;12;1;1;2.906494140625;17.851806640625;1.3166667222976685;1.3166667222976685;5;5;1;1;0;0;0;0;1;1;0;0;0;0;0;1;1;1;1;0;0
72053;12;1;1;2.97900390625;17.92431640625;1.3166667222976685;1.3200000524520874;5;5;1;1;0;0;0;0;1;1;0;0;0;0;0;1;1;1;1;0;0
72103;12;1;1;3.057373046875;18.002685546875;1.3133333921432495;1.3166667222976685;5;5;1;1;0;0;0;0;1;1;0;0;0;0;0;1;1;1;1;0;0
72153;12;1;1;3.129638671875;18.0751953125;1.3166667222976685;1.3166667222976685;5;5;1;1;0;0;0;0;1;1;0;0;0;0;0;1;1;1;1;0;0
72203;12;1;1;3.2080078125;18.15380859375;1.3166667222976685;1.3200000524520874;5;5;1;1;0;0;0;0;1;1;0;0;0;0;0;1;1;1;1;0;0
72253;12;1;1;3.2802734375;18.226318359375;1.3166667222976685;1.3200000524520874;5;5;1;1;0;0;0;0;1;1;0;0;0;0;0;1;1;1;1;0;0
72303;12;1;1;3.358642578125;18.304931640625;1.3166667222976685;1.3200000524520874;5;5;1;1;0;0;0;0;1;1;0;0;0;0;0;1;1;1;1;0;0
72353;12;1;1;3.430908203125;18.37744140625;1.3166667222976685;1.3200000524520874;5;5;1;1;0;0;0;0;1;1;0;0;0;0;0;1;1;1;1;0;0
72403;12;1;1;3.509521484375;18.4560546875;1.3166667222976685;1.3200000524520874;5;5;1;1;0;0;0;0;1;1;0;0;0;0;0;1;1;1;1;0;0
72453;12;1;1;3.581787109375;18.52880859375;1.3166667222976685;1.3233333826065063;5;5;1;1;0;0;0;0;1;1;0;0;0;0;0;1;1;1;1;0;0
72503;12;1;1;3.66015625;18.607421875;1.3166667222976685;1.3233333826065063;5;5;1;1;0;0;0;0;1;1;0;0;0;0;0;1;1;1;1;0;0
72553;12;1;1;3.732666015625;18.679931640625;1.3166667222976685;1.3200000524520874;5;5;1;1;0;0;0;0;1;1;0;0;0;0;0;1;1;1;1;0;0
72603;12;1;1;3.81103515625;18.758544921875;1.3200000524520874;1.3200000524520874;5;5;1;1;0;0;0;0;1;1;0;0;0;0;0;1;1;1;1;0;0
72652;12;1;1;3.883544921875;18.8310546875;1.3200000524520874;1.3166667222976685;5;5;1;1;0;0;0;0;1;1;0;0;0;0;0;1;1;1;1;0;0
72703;12;1;1;3.9619140625;18.90966796875;1.3200000524520874;1.3200000524520874;5;5;1;1;0;0;0;0;1;1;0;0;0;0;0;1;1;1;1;0;0
72753;12;1;1;4.034423828125;18.982421875;1.3200000524520874;1.3200000524520874;5;5;1;1;0;0;0;0;1;1;0;0;0;0;0;1;1;1;1;0;0
72803;12;1;1;4.11279296875;19.06103515625;1.3166667222976685;1.3233333826065063;5;5;1;1;0;0;0;0;1;1;0;0;0;0;0;1;1;1;1;0;0
72852;12;1;1;4.185546875;19.1337890625;1.3200000524520874;1.3233333826065063;5;5;1;1;0;0;0;0;1;1;0;0;0;0;0;1;1;1;1;0;0
72903;12;1;1;4.263916015625;19.21240234375;1.3200000524520874;1.3200000524520874;5;5;1;1;0;0;0;0;1;1;0;0;0;0;0;1;1;1;1;0;0
72953;12;1;1;4.33642578125;19.28515625;1.3200000524520874;1.3233333826065063;5;5;1;1;0;0;0;0;1;1;0;0;0;0;0;1;1;1;1;0;0
73004;12;1;1;4.414794921875;19.36376953125;1.3200000524520874;1.3166667222976685;5;5;1;1;0;0;0;0;1;1;0;0;0;0;0;1;1;1;1;0;0
73052;12;1;1;4.4873046875;19.4365234375;1.3200000524520874;1.3233333826065063;5;5;1;1;0;0;0;0;1;1;0;0;0;0;0;1;1;1;1;0;0
73103;12;1;1;4.565673828125;19.515380859375;1.3166667222976685;1.3200000524520874;5;5;1;1;0;0;0;0;1;1;0;0;0;0;0;1;1;1;1;0;0
73153;12;1;1;4.63818359375;19.587890625;1.3166667222976685;1.3233333826065063;5;5;1;1;0;0;0;0;1;1;0;0;0;0;0;1;1;1;1;0;0
73204;12;1;1;4.716552734375;19.666748046875;1.3166667222976685;1.3233333826065063;5;5;1;1;0;0;0;0;1;1;0;0;0;0;0;1;1;1;1;0;0
73252;12;1;1;4.7890625;19.7392578125;1.3166667222976685;1.3200000524520874;5;5;1;1;0;0;0;0;1;1;0;0;0;0;0;1;1;1;1;0;0
73303;12;1;1;4.867431640625;19.818115234375;1.3166667222976685;1.3200000524520874;5;5;1;1;0;0;0;0;1;1;0;0;0;0;0;1;1;1;1;0;0
73353;12;1;1;4.939697265625;19.890869140625;1.3166667222976685;1.3200000524520874;5;5;1;1;0;0;0;0;1;1;0;0;0;0;0;1;1;1;1;0;0
73403;12;1;1;5.018310546875;19.969482421875;1.3166667222976685;1.3233333826065063;5;5;1;1;0;0;0;0;1;1;0;0;0;0;0;1;1;1;1;0;0
73453;12;1;1;5.090576171875;20.042236328125;1.3166667222976685;1.3200000524520874;5;5;1;1;0;0;0;0;1;1;0;0;0;0;0;1;1;1;1;0;0
73503;12;1;1;5.1689453125;20.120849609375;1.3200000524520874;1.3233333826065063;5;5;1;1;0;0;0;0;1;1;0;0;0;0;0;1;1;1;1;0;0
73553;12;1;1;5.241455078125;20.193603515625;1.3166667222976685;1.3233333826065063;5;5;1;1;0;0;0;0;1;1;0;0;0;0;0;1;1;1;1;0;0
73603;12;1;1;5.319580078125;20.2724609375;1.3166667222976685;1.3233333826065063;5;5;1;1;0;0;0;0;1;1;0;0;0;0;0;1;1;1;1;0;0
73653;12;1;1;5.39208984375;20.344970703125;1.3166667222976685;1.3200000524520874;5;5;1;1;0;0;0;0;1;1;0;0;0;0;0;1;1;1;1;0;0
73703;12;1;1;5.47021484375;20.423828125;1.3166667222976685;1.3233333826065063;5;5;1;1;0;0;0;0;1;1;0;0;0;0;0;1;1;1;1;0;0
73753;12;1;1;5.54248046875;20.496337890625;1.3133333921432495;1.3200000524520874;5;5;1;1;0;0;0;0;1;1;0;0;0;0;0;1;1;1;1;0;0
73803;12;1;1;5.620849609375;20.5751953125;1.3166667222976685;1.3200000524520874;5;5;1;1;0;0;0;0;1;1;0;0;0;0;0;1;1;1;1;0;0
73853;12;1;1;5.693115234375;20.64794921875;1.3133333921432495;1.3233333826065063;5;5;1;1;0;0;0;0;1;1;0;0;0;0;0;1;1;1;1;0;0
73903;12;1;1;5.771484375;20.7265625;1.3166667222976685;1.3200000524520874;5;5;1;1;0;0;0;0;1;1;0;0;0;0;0;1;1;1;1;0;0
73954;12;1;1;5.843994140625;20.79931640625;1.3166667222976685;1.3233333826065063;5;5;1;1;0;0;0;0;1;1;0;0;0;0;0;1;1;1;1;0;0
74003;12;1;1;5.92236328125;20.878173828125;1.3166667222976685;1.3233333826065063;5;5;1;1;0;0;0;0;1;1;0;0;0;0;0;1;1;1;1;0;0
74053;12;1;1;5.99462890625;20.95068359375;1.3166667222976685;1.3200000524520874;5;5;1;1;0;0;0;0;1;1;0;0;0;0;0;1;1;1;1;0;0
74103;12;1;1;6.0732421875;21.029541015625;1.3200000524520874;1.3166667222976685;5;5;1;1;0;0;0;0;1;1;0;0;0;0;0;1;1;1;1;0;0
74153;12;1;1;6.145751953125;21.102294921875;1.3166667222976685;1.3233333826065063;5;5;1;1;0;0;0;0;1;1;0;0;0;0;0;1;1;1;1;0;0
74203;12;1;1;6.22412109375;21.181396484375;1.3200000524520874;1.3300000429153442;5;5;1;1;0;0;0;0;1;1;0;0;0;0;0;1;1;1;1;0;0
74253;12;1;1;6.296875;21.25390625;1.3200000524520874;1.3266665935516357;5;5;1;1;0;0;0;0;1;1;0;0;0;0;0;1;1;1;1;0;0
74303;12;1;1;6.37548828125;21.332763671875;1.3200000524520874;1.3233333826065063;5;5;1;1;0;0;0;0;1;1;0;0;0;0;0;1;1;1;1;0;0
74353;12;1;1;6.447998046875;21.405517578125;1.3200000524520874;1.3233333826065063;5;5;1;1;0;0;0;0;1;1;0;0;0;0;0;1;1;1;1;0;0
74403;12;1;1;6.526611328125;21.484619140625;1.3200000524520874;1.3233333826065063;5;5;1;1;0;0;0;0;1;1;0;0;0;0;0;1;1;1;1;0;0
74452;12;1;1;6.599365234375;21.557373046875;1.3200000524520874;1.3233333826065063;5;5;1;1;0;0;0;0;1;1;0;0;0;0;0;1;1;1;1;0;0
74503;12;1;1;6.677978515625;21.63623046875;1.3200000524520874;1.3266665935516357;5;5;1;1;0;0;0;0;1;1;0;0;0;0;0;1;1;1;1;0;0
74552;12;1;1;6.75048828125;21.709228515625;1.3200000524520874;1.3300000429153442;5;5;1;1;0;0;0;0;1;1;0;0;0;0;0;1;1;1;1;0;0
74604;12;1;1;6.8291015625;21.7880859375;1.3200000524520874;1.3233333826065063;5;5;1;1;0;0;0;0;1;1;0;0;0;0;0;1;1;1;1;0;0
74653;12;1;1;6.901611328125;21.86083984375;1.3200000524520874;1.3233333826065063;5;5;1;1;0;0;0;0;1;1;0;0;0;0;0;1;1;1;1;0;0
74703;12;1;1;6.980224609375;21.93994140625;1.3200000524520874;1.3266665935516357;5;5;1;1;0;0;0;0;1;1;0;0;0;0;0;1;1;1;1;0;0
74753;12;1;1;7.052978515625;22.0126953125;1.3233333826065063;1.3233333826065063;1;1;1;1;0;0;0;0;1;1;0;0;0;0;0;1;1;1;1;0;0
74803;12;1;1;7.13037109375;22.090576171875;1.2966667413711548;1.2999999523162842;1;1;1;1;0;0;0;0;1;1;0;0;0;0;0;1;1;1;1;0;0
74853;12;1;1;7.2001953125;22.160400390625;1.2666666507720947;1.2700001001358032;1;1;1;1;0;0;0;0;1;1;0;0;0;0;0;1;1;1;1;0;0
74903;12;1;1;7.27392578125;22.234130859375;1.2366667985916138;1.2333333492279053;1;1;1;1;0;0;0;0;1;1;0;0;0;0;0;1;1;1;1;0;0
74953;12;1;1;7.340576171875;22.30078125;1.2066667079925537;1.2066667079925537;1;1;1;1;0;0;0;0;1;1;0;0;0;0;0;1;1;1;1;0;0
75003;12;1;1;7.410888671875;22.37109375;1.1766666173934937;1.1800000667572021;1;1;1;1;0;0;0;0;1;1;0;0;0;0;0;1;1;1;1;0;0
75053;12;1;1;7.47412109375;22.4345703125;1.1499999761581421;1.1499999761581421;1;1;1;1;0;0;0;0;1;1;0;0;0;0;0;1;1;1;1;0;0
75103;13;1;1;7.541259765625;22.501953125;1.1233333349227905;1.1266666650772095;0;0;1;1;0;0;0;0;0;0;1;0;0;0;0;0;0;0;0;0;0
75153;13;1;1;7.6015625;22.5625;1.09333336353302;1.096666693687439;0;0;1;1;0;0;0;0;0;0;1;0;0;0;0;0;0;0;0;1;1
75203;13;1;1;7.664794921875;22.626220703125;1.0533334016799927;1.0600000619888306;0;0;1;1;0;0;0;0;0;0;1;0;0;0;0;0;0;0;0;1;1
75254;13;1;1;7.720947265625;22.6826171875;1.0199999809265137;1.0233333110809326;0;0;1;1;0;0;0;0;0;0;1;0;0;0;0;0;0;0;0;1;1
75303;13;1;1;7.779541015625;22.741455078125;0.97999995946884155;0.98333334922790527;0;0;1;1;0;0;0;0;0;0;1;0;0;0;0;0;0;0;0;1;1
75353;13;1;1;7.83154296875;22.793701171875;0.94333338737487793;0.9466666579246521;0;0;1;1;0;0;0;0;0;0;1;0;0;0;0;0;0;0;0;1;1
75403;13;1;1;7.884765625;22.84814453125;0.88333332538604736;0.9100000262260437;0;0;1;1;0;0;0;0;0;0;1;0;0;0;0;0;0;0;0;1;1
75453;13;1;1;7.927978515625;22.89599609375;0.77333337068557739;0.86333334445953369;0;0;1;1;0;0;0;0;0;0;1;0;0;0;0;0;0;0;0;1;1
75503;13;1;1;7.96630859375;22.9443359375;0.62000000476837158;0.8033333420753479;0;0;1;1;0;0;0;0;0;0;1;0;0;0;0;0;0;0;0;1;1
75553;13;1;1;7.994873046875;22.984619140625;0.51333338022232056;0.72000002861022949;0;0;1;1;0;0;0;0;0;0;1;0;0;0;0;0;0;0;0;1;1
75603;13;1;1;8.01806640625;23.0224609375;0.32666668295860291;0.62000000476837158;0;0;1;1;0;0;0;0;0;0;0;0;0;0;0;0;0;0;0;1;1
75653;13;1;1;8.0283203125;23.051513671875;0.17666667699813843;0.52000004053115845;0;0;1;1;0;0;0;0;0;0;0;0;0;0;0;0;0;0;0;1;1
75703;13;1;1;8.029296875;23.07666015625;0.0033333334140479565;0.41333335638046265;0;0;1;1;0;0;0;0;0;0;0;0;0;0;0;0;0;0;0;1;1
75753;13;1;1;8.028076171875;23.0947265625;0.01666666753590107;0.31666666269302368;0;0;1;1;0;0;0;0;0;0;0;0;0;0;0;0;0;0;0;1;1
75803;13;1;1;8.027587890625;23.108642578125;0.0033333334140479565;0.2199999988079071;0;0;1;1;0;0;0;0;0;0;0;0;0;0;0;0;0;0;0;1;1
75854;13;1;1;8.027587890625;23.1162109375;0;0.13000001013278961;0;0;1;1;0;0;0;0;0;0;0;0;0;0;0;0;0;0;0;1;1
75903;13;1;1;8.027587890625;23.118896484375;0;0.030000001192092896;0;0;1;1;0;0;0;0;0;0;0;0;0;0;0;0;0;0;0;1;1
75953;13;1;1;8.027587890625;23.118408203125;0;0.0033333334140479565;0;0;1;1;0;0;0;0;0;0;0;0;0;0;0;0;0;0;0;1;1
76003;13;1;1;8.027587890625;23.1171875;0;0.023333333432674408;0;0;1;1;0;0;0;0;0;0;0;0;0;0;0;0;0;0;0;1;1
76054;13;1;1;8.027587890625;23.114990234375;0;0.040000002831220627;0;0;1;1;0;0;0;0;0;0;0;0;0;0;0;0;0;0;0;1;1
76103;13;1;1;8.027587890625;23.111328125;0;0.063333332538604736;0;0;1;1;0;0;0;0;0;0;0;0;0;0;0;0;0;0;0;1;1
76153;13;1;1;8.027587890625;23.10693359375;0;0.080000005662441254;0;0;1;1;0;0;0;0;0;0;0;0;0;0;0;0;0;0;0;1;1
76203;13;1;1;8.027587890625;23.101318359375;0;0.093333333730697632;0;0;1;1;0;0;0;0;0;0;0;0;0;0;0;0;0;0;0;1;1
76253;13;1;1;8.027587890625;23.095458984375;0;0.10333333909511566;0;0;1;1;0;0;0;0;0;0;0;0;0;0;0;0;0;0;0;1;1
76303;13;1;1;8.027587890625;23.088623046875;0;0.11333333700895309;0;0;1;1;0;0;0;0;0;0;0;0;0;0;0;0;0;0;0;1;1
76353;13;1;1;8.027587890625;23.081787109375;0;0.12333333492279053;0;0;1;1;0;0;0;0;0;0;0;0;0;0;0;0;0;0;0;1;1
76403;13;1;1;8.027587890625;23.07373046875;0;0.1366666704416275;0;0;1;1;0;0;0;0;0;0;0;0;0;0;0;0;0;0;0;1;1
76453;13;1;1;8.02734375;23.0654296875;0;0.15000000596046448;0;0;1;1;0;0;0;0;0;0;0;0;0;0;0;0;0;0;0;1;1
76503;13;1;1;8.02685546875;23.055908203125;0.0066666668280959129;0.16000001132488251;0;0;1;1;0;0;0;0;0;0;0;0;0;0;0;0;0;0;0;1;1
76553;13;1;1;8.023681640625;23.046630859375;0.073333337903022766;0.1666666716337204;0;0;1;1;0;0;0;0;0;0;0;0;0;0;0;0;0;0;0;1;1
76603;13;1;1;8.0234375;23.036376953125;0.0033333334140479565;0.17333334684371948;0;0;1;1;0;0;0;0;0;0;0;0;0;0;0;0;0;0;0;1;1
76653;13;1;1;8.02294921875;23.02685546875;0.0033333334140479565;0.1666666716337204;0;0;1;1;0;0;0;0;0;0;0;0;0;0;0;0;0;0;0;1;1
76703;13;1;0;8.02294921875;23.017578125;0;0.15333333611488342;0;0;1;1;0;0;0;0;0;0;0;0;0;0;0;0;0;0;0;1;1
76753;13;1;0;8.02294921875;23.010009765625;0;0.13000001013278961;0;0;1;1;0;0;0;0;0;0;0;0;0;0;0;0;0;0;0;1;1
76803;13;1;0;8.02294921875;23.00390625;0;0.096666671335697174;0;0;1;1;0;0;0;0;0;0;0;0;0;0;0;0;0;0;0;1;1
76853;13;0;0;8.02294921875;23.00048828125;0;0.060000002384185791;0;0;1;1;0;0;0;0;0;0;0;0;0;0;0;0;0;0;0;1;1
76903;13;0;0;8.022705078125;22.998779296875;0;0.020000001415610313;0;0;1;1;0;0;0;0;0;0;0;0;0;0;0;0;0;0;0;1;1
76953;13;0;0;8.022705078125;22.998779296875;0;0;0;0;1;1;0;0;0;0;0;0;0;0;0;0;0;0;0;0;0;1;1
77003;13;0;0;8.02294921875;22.998779296875;0;0;0;0;1;1;0;0;0;0;0;0;0;0;0;0;0;0;0;0;0;1;1
77053;13;0;0;8.02294921875;22.998779296875;0;0;0;0;1;1;0;0;0;0;0;0;0;0;0;0;0;0;0;0;0;1;1
77103;13;0;0;8.022705078125;22.998779296875;0;0;0;0;1;1;0;0;0;0;0;0;0;0;0;0;0;0;0;0;0;1;1
77152;13;0;0;8.022705078125;22.998779296875;0;0;0;0;1;1;0;0;0;0;0;0;0;0;0;0;0;0;0;0;0;1;1
77203;13;0;0;8.022705078125;22.998779296875;0;0;0;0;1;1;0;0;0;0;0;0;0;0;0;0;0;0;0;0;0;1;1
77253;13;0;0;8.02294921875;22.998779296875;0;0;0;0;1;1;0;0;0;0;0;0;0;0;0;0;0;0;0;0;0;1;1
77303;13;0;0;8.02294921875;22.998779296875;0;0;0;0;1;1;0;0;0;0;0;0;0;0;0;0;0;0;0;0;0;1;1
77353;13;0;0;8.022705078125;22.998779296875;0;0;0;0;1;1;0;0;0;0;0;0;0;0;0;0;0;0;0;0;0;1;1
77403;13;0;0;8.022705078125;22.998779296875;0;0;0;0;1;1;0;0;0;0;0;0;0;0;0;0;0;0;0;0;0;1;1
77453;13;0;0;8.022705078125;22.998779296875;0;0;0;0;1;1;0;0;0;0;0;0;0;0;0;0;0;0;0;0;0;1;1
77504;13;0;0;8.02294921875;22.998779296875;0;0;0;0;1;1;0;0;0;0;0;0;0;0;0;0;0;0;0;0;0;1;1
77553;13;0;0;8.022705078125;22.998779296875;0;0;0;0;1;1;0;0;0;0;0;0;0;0;0;0;0;0;0;0;0;1;1
77603;13;0;0;8.022705078125;22.998779296875;0;0;0;0;1;1;0;0;0;0;0;0;0;0;0;0;0;0;0;0;0;1;1
77653;13;0;0;8.022705078125;22.998779296875;0;0;0;0;1;1;0;0;0;0;0;0;0;0;0;0;0;0;0;0;0;1;1
77704;13;0;0;8.02294921875;22.998779296875;0;0;0;0;1;1;0;0;0;0;0;0;0;0;0;0;0;0;0;0;0;1;1
77752;13;0;0;8.02294921875;22.998779296875;0;0;0;0;1;1;0;0;0;0;0;0;0;0;0;0;0;0;0;0;0;1;1
77804;13;0;0;8.02294921875;22.998779296875;0;0;0;0;1;1;0;0;0;0;0;0;0;0;0;0;0;0;0;0;0;1;1
77853;13;0;0;8.022705078125;22.998779296875;0;0;0;0;1;1;0;0;0;0;0;0;0;0;0;0;0;0;0;0;0;1;1
77904;13;0;0;8.02294921875;22.998779296875;0;0;0;0;1;1;0;0;0;0;0;0;0;0;0;0;0;0;0;0;0;1;1
77953;13;0;0;8.02294921875;22.998779296875;0;0;0;0;1;1;0;0;0;0;0;0;0;0;0;0;0;0;0;0;0;1;1
78003;13;0;0;8.02294921875;22.998779296875;0;0;0;0;1;1;0;0;0;0;0;0;0;0;0;0;0;0;0;0;0;1;1
78052;13;0;0;8.02294921875;22.998779296875;0;0;0;0;1;1;0;0;0;0;0;0;0;0;0;0;0;0;0;0;0;1;1
78103;13;0;0;8.02294921875;22.998779296875;0;0;0;0;1;1;0;0;0;0;0;0;0;0;0;0;0;0;0;0;0;1;1
78153;13;0;0;8.02294921875;22.998779296875;0;0;0;0;1;1;0;0;0;0;0;0;0;0;0;0;0;0;0;0;0;1;1
78203;13;0;0;8.02294921875;22.998779296875;0;0;0;0;1;1;0;0;0;0;0;0;0;0;0;0;0;0;0;0;0;1;1
78252;13;0;0;8.02294921875;22.998779296875;0;0;0;0;1;1;0;0;0;0;0;0;0;0;0;0;0;0;0;0;0;1;1
78303;13;0;0;8.02294921875;22.998779296875;0;0;0;0;1;1;0;0;0;0;0;0;0;0;0;0;0;0;0;0;0;1;1
78353;13;0;0;8.02294921875;22.998779296875;0;0;0;0;1;1;0;0;0;0;0;0;0;0;0;0;0;0;0;0;0;1;1
78403;13;0;0;8.02294921875;22.998779296875;0;0;0;0;1;1;0;0;0;0;0;0;0;0;0;0;0;0;0;0;0;1;1
78453;13;0;0;8.02294921875;22.998779296875;0;0;0;0;1;1;0;0;0;0;0;0;0;0;0;0;0;0;0;0;0;1;1
78503;13;0;0;8.02294921875;22.998779296875;0;0;0;0;1;1;0;0;0;0;0;0;0;0;0;0;0;0;0;0;0;1;1
78553;13;0;0;8.02294921875;22.998779296875;0;0;0;0;1;1;0;0;0;0;0;0;0;0;0;0;0;0;0;0;0;1;1
78603;13;0;0;8.02294921875;22.998779296875;0;0;0;0;1;1;0;0;0;0;0;0;0;0;0;0;0;0;0;0;0;1;1
78653;13;0;0;8.02294921875;22.998779296875;0;0;0;0;1;1;0;0;0;0;0;0;0;0;0;0;0;0;0;0;0;1;1
78703;13;0;0;8.02294921875;22.998779296875;0;0;0;0;1;1;0;0;0;0;0;0;0;0;0;0;0;0;0;0;0;1;1
78753;13;0;0;8.02294921875;22.998779296875;0;0;0;0;1;1;0;0;0;0;0;0;0;0;0;0;0;0;0;0;0;1;1
78803;13;0;0;8.02294921875;22.998779296875;0;0;0;0;1;1;0;0;0;0;0;0;0;0;0;0;0;0;0;0;0;1;1
78853;13;0;0;8.02294921875;22.998779296875;0;0;0;0;1;1;0;0;0;0;0;0;0;0;0;0;0;0;0;0;0;1;1
78903;13;0;0;8.02294921875;22.998779296875;0;0;0;0;1;1;0;0;0;0;0;0;0;0;0;0;0;0;0;0;0;1;1
78952;13;0;0;8.02294921875;22.998779296875;0;0;0;0;1;1;0;0;0;0;0;0;0;0;0;0;0;0;0;0;0;1;1
79003;13;0;0;8.02294921875;22.998779296875;0;0;0;0;1;1;0;0;0;0;0;0;0;0;0;0;0;0;0;0;0;1;1
79053;13;0;0;8.02294921875;22.998779296875;0;0;0;0;1;1;0;0;0;0;0;0;0;0;0;0;0;0;0;0;0;1;1
79103;13;0;0;8.02294921875;22.998779296875;0;0;0;0;1;1;0;0;0;0;0;0;0;0;0;0;0;0;0;0;0;1;1
79153;13;0;0;8.02294921875;22.998779296875;0;0;0;0;1;1;0;0;0;0;0;0;0;0;0;0;0;0;0;0;0;1;1
79203;13;0;0;8.02294921875;22.998779296875;0;0;0;0;1;1;0;0;0;0;0;0;0;0;0;0;0;0;0;0;0;1;1
79253;13;0;0;8.02294921875;22.998779296875;0;0;0;0;1;1;0;0;0;0;0;0;0;0;0;0;0;0;0;0;0;1;1
79303;13;0;0;8.02294921875;22.998779296875;0;0;0;0;1;1;0;0;0;0;0;0;0;0;0;0;0;0;0;0;0;1;1
79353;13;0;0;8.02294921875;22.998779296875;0;0;0;0;1;1;0;0;0;0;0;0;0;0;0;0;0;0;0;0;0;1;1
79403;13;0;0;8.02294921875;22.998779296875;0;0;0;0;1;1;0;0;0;0;0;0;0;0;0;0;0;0;0;0;0;1;1
79453;13;0;0;8.02294921875;22.998779296875;0;0;0;0;1;1;0;0;0;0;0;0;0;0;0;0;0;0;0;0;0;1;1
79503;13;0;0;8.02294921875;22.998779296875;0;0;0;0;1;1;0;0;0;0;0;0;0;0;0;0;0;0;0;0;0;1;1
79553;13;0;0;8.02294921875;22.998779296875;0;0;0;0;1;1;0;0;0;0;0;0;0;0;0;0;0;0;0;0;0;1;1
79603;13;0;0;8.02294921875;22.998779296875;0;0;0;0;1;1;0;0;0;0;0;0;0;0;0;0;0;0;0;0;0;1;1
79654;13;0;0;8.02294921875;22.998779296875;0;0;0;0;1;1;0;0;0;0;0;0;0;0;0;0;0;0;0;0;0;1;1
79703;13;0;0;8.02294921875;22.998779296875;0;0;0;0;1;1;0;0;0;0;0;0;0;0;0;0;0;0;0;0;0;1;1
79753;13;0;0;8.02294921875;22.998779296875;0;0;0;0;1;1;0;0;0;0;0;0;0;0;0;0;0;0;0;0;0;1;1
79803;13;0;0;8.02294921875;22.998779296875;0;0;0;0;1;1;0;0;0;0;0;0;0;0;0;0;0;0;0;0;0;1;1
79853;13;0;0;8.02294921875;22.998779296875;0;0;0;0;1;1;0;0;0;0;0;0;0;0;0;0;0;0;0;0;0;1;1
79903;13;0;0;8.02294921875;22.998779296875;0;0;0;0;1;1;0;0;0;0;0;0;0;0;0;0;0;0;0;0;0;1;1
79954;13;0;0;8.02294921875;22.998779296875;0;0;0;0;1;1;0;0;0;0;0;0;0;0;0;0;0;0;0;0;0;1;1
80003;13;0;0;8.02294921875;22.998779296875;0;0;0;0;1;1;0;0;0;0;0;0;0;0;0;0;0;0;0;0;0;1;1
80053;13;0;0;8.02294921875;22.998779296875;0;0;0;0;1;1;0;0;0;0;0;0;0;0;0;0;0;0;0;0;0;1;1
80103;14;0;0;8.02294921875;22.998779296875;0;0;0;0;1;1;0;0;0;0;0;0;0;0;0;0;0;0;0;0;0;1;1
80153;14;0;0;8.02294921875;22.998779296875;0;0;0;0;1;1;0;0;0;0;0;0;0;0;0;0;0;0;0;0;0;1;1
80203;14;0;0;8.02294921875;22.998779296875;0;0;0;0;1;1;0;0;0;0;0;0;0;0;0;0;0;0;0;0;0;1;1
80253;14;0;0;8.02294921875;22.998779296875;0;0;0;0;1;1;0;0;0;0;0;0;0;0;0;0;0;0;0;0;0;1;1
80303;14;0;0;8.02294921875;22.998779296875;0;0;0;0;1;1;0;0;0;0;0;0;0;0;0;0;0;0;0;0;0;1;1
80353;14;0;0;8.02294921875;22.998779296875;0;0;0;0;1;1;0;0;0;0;0;0;0;0;0;0;0;0;0;0;0;1;1
80404;14;0;0;8.02294921875;22.998779296875;0;0;0;0;1;1;0;0;0;0;0;0;0;0;0;0;0;0;0;0;0;1;1
80453;14;0;0;8.02294921875;22.998779296875;0;0;0;0;1;1;0;0;0;0;0;0;0;0;0;0;0;0;0;0;0;1;1
80503;14;0;0;8.02294921875;22.998779296875;0;0;0;0;1;1;0;0;0;0;0;0;0;0;0;0;0;0;0;0;0;1;1
80553;14;0;0;8.02294921875;22.998779296875;0;0;0;0;1;1;0;0;0;0;0;0;0;0;0;0;0;0;0;0;0;1;1
80603;14;0;0;8.02294921875;22.998779296875;0;0;0;0;1;1;0;0;0;0;0;0;0;0;0;0;0;0;0;0;0;1;1
80653;14;0;0;8.02294921875;22.998779296875;0;0;0;0;1;1;0;0;0;0;0;0;0;0;0;0;0;0;0;0;0;1;1
80703;14;0;0;8.02294921875;22.998779296875;0;0;0;0;1;1;0;0;0;0;0;0;0;0;0;0;0;0;0;0;0;1;1
80753;14;0;0;8.02294921875;22.998779296875;0;0;0;0;1;1;0;0;0;0;0;0;0;0;0;0;0;0;0;0;0;1;1
80803;14;0;0;8.02294921875;22.998779296875;0;0;0;0;1;1;0;0;0;0;0;0;0;0;0;0;0;0;0;0;0;1;1
80854;14;0;0;8.02294921875;22.998779296875;0;0;0;0;1;1;0;0;0;0;0;0;0;0;0;0;0;0;0;0;0;1;1
80903;14;0;0;8.02294921875;22.998779296875;0;0;0;0;1;1;0;0;0;0;0;0;0;0;0;0;0;0;0;0;0;1;1
80953;14;0;0;8.02294921875;22.998779296875;0;0;0;0;1;1;0;0;0;0;0;0;0;0;0;0;0;0;0;0;0;1;1
81003;14;0;0;8.02294921875;22.998779296875;0;0;0;0;1;1;0;0;0;0;0;0;0;0;0;0;0;0;0;0;0;1;1
81053;14;0;0;8.02294921875;22.998779296875;0;0;0;0;1;1;0;0;0;0;0;0;0;0;0;0;0;0;0;0;0;1;1
81103;14;0;0;8.02294921875;22.998779296875;0;0;0;0;1;1;0;0;0;0;0;0;0;0;0;0;0;0;0;0;0;1;1
81153;14;0;0;8.02294921875;22.998779296875;0;0;0;0;1;1;0;0;0;0;0;0;0;0;0;0;0;0;0;0;0;1;1
81203;14;0;0;8.02294921875;22.998779296875;0;0;0;0;1;1;0;0;0;0;0;0;0;0;0;0;0;0;0;0;0;1;1
81253;14;0;0;8.02294921875;22.998779296875;0;0;0;0;1;1;0;0;0;0;0;0;0;0;0;0;0;0;0;0;0;1;1
81304;14;0;0;8.02294921875;22.998779296875;0;0;0;0;1;1;0;0;0;0;0;0;0;0;0;0;0;0;0;0;0;1;1
81352;14;0;0;8.02294921875;22.998779296875;0;0;0;0;1;1;0;0;0;0;0;0;0;0;0;0;0;0;0;0;0;1;1
81403;14;0;0;8.02294921875;22.998779296875;0;0;0;0;1;1;0;0;0;0;0;0;0;0;0;0;0;0;0;0;0;1;1
81453;14;0;0;8.02294921875;22.998779296875;0;0;0;0;1;1;0;0;0;0;0;0;0;0;0;0;0;0;0;0;0;1;1
81503;14;0;0;8.02294921875;22.998779296875;0;0;0;0;1;1;0;0;0;0;0;0;0;0;0;0;0;0;0;0;0;1;1
