Timestamp_ms;PRG_03_Modes_Cycle.instCycleSemiAuto.CycleStep;GVL_Troubleshooting.G_CycleSemiAuto.Idx104_DeadmanArmed;PRG_03_Modes_Cycle.instCycleSemiAuto.JoystickPull;PRG_03_Modes_Cycle.instCycleSemiAuto.M1FinalAscentStartReady;PRG_03_Modes_Cycle.instCycleSemiAuto.M2_SpeedStepApplied;PRG_03_Modes_Cycle.instCycleSemiAuto.BucketCmd.ReqHoldAscentP1AfterClose;PRG_03_Modes_Cycle.instCycleSemiAuto.Ax10bFallbackStopActive;PRG_03_Modes_Cycle.instCycleSemiAuto.AscentStartStopTimer.ET;PRG_03_Modes_Cycle.instCycleSemiAuto.Ax10bHandoffWaitTimer.ET;PRG_04_Treuils_Benne.Data.BucketCloseReached;PRG_04_Treuils_Benne.Data.BucketState.MechState.IsClosed;PRG_04_Treuils_Benne.Data.BucketState.BucketOpening_Pct;PRG_04_Treuils_Benne.Data.BucketState.ActiveOffset_M;PRG_04_Treuils_Benne.Data.WinchM1State.Position_M;PRG_04_Treuils_Benne.Data.WinchM2State.Position_M;PRG_04_Treuils_Benne.Data.BucketState.M2PositionCorrected;PRG_04_Treuils_Benne.Data.BucketState.DeltaPositionCorrected_M;PRG_02_Acquisition.Data.EncoderM1.Measurement.Speed_Mps;PRG_02_Acquisition.Data.EncoderM2.Measurement.Speed_Mps;GVL_Troubleshooting.G_CycleSemiAuto.Idx307_M1SpeedStepApplied;GVL_Troubleshooting.G_CycleSemiAuto.Idx308_M2SpeedStepApplied;GVL_Troubleshooting.I_LevageUnitaireM1.Demandes_200.Idx209_ArbitratedDirection;GVL_Troubleshooting.J_LevageUnitaireM2.Demandes_200.Idx209_ArbitratedDirection;PRG_04_Treuils_Benne.Data.WinchM1State.DirectionChangePending;PRG_04_Treuils_Benne.Data.WinchM2State.DirectionChangePending;GVL_Troubleshooting.I_LevageUnitaireM1.Control_400.Idx415_MotorRequest;GVL_Troubleshooting.J_LevageUnitaireM2.Control_400.Idx415_MotorRequest;GVL_Troubleshooting.I_LevageUnitaireM1.Control_400.Idx416_RestartRequired;GVL_Troubleshooting.J_LevageUnitaireM2.Control_400.Idx416_RestartRequired;PRG_04_Treuils_Benne.Data.WinchM2Safety.AscentPermit;PRG_04_Treuils_Benne.Data.WinchM2Safety.CableLimitAscent;PRG_06_Outputs.Data.ContactorMismatch;GVL_Troubleshooting.I_LevageUnitaireM1.Outputs_500.Idx501_CmdRelayAscent_RQ;GVL_Troubleshooting.J_LevageUnitaireM2.Outputs_500.Idx501_CmdRelayAscent_RQ;GVL_Troubleshooting.I_LevageUnitaireM1.Outputs_500.Idx505_CmdBrakeRelease_RQ;GVL_Troubleshooting.J_LevageUnitaireM2.Outputs_500.Idx505_CmdBrakeRelease_RQ;GVL_Troubleshooting.I_LevageUnitaireM1.Inputs_100.Idx103_ContactorsReleased_DI;GVL_Troubleshooting.J_LevageUnitaireM2.Inputs_100.Idx103_ContactorsReleased_DI
6;10;0;0;1;0;0;0;0;0;0;0;91.3916015625;0;-12.893798828125;-11.6025390625;-12.893798828125;1.291259765625;0;0;0;0;0;0;0;0;0;0;0;0;1;0;0;0;0;0;0;1;1
16;10;0;0;1;0;0;0;0;0;0;0;91.3916015625;0;-12.893798828125;-11.6025390625;-12.893798828125;1.291259765625;0;0;0;0;0;0;0;0;0;0;0;0;1;0;0;0;0;0;0;1;1
26;10;0;0;1;0;0;0;0;0;0;0;91.3916015625;0;-12.893798828125;-11.6025390625;-12.893798828125;1.291259765625;0;0;0;0;0;0;0;0;0;0;0;0;1;0;0;0;0;0;0;1;1
36;10;0;0;1;0;0;0;0;0;0;0;91.3916015625;0;-12.893798828125;-11.6025390625;-12.893798828125;1.291259765625;0;0;0;0;0;0;0;0;0;0;0;0;1;0;0;0;0;0;0;1;1
46;10;0;0;1;0;0;0;0;0;0;0;91.3916015625;0;-12.893798828125;-11.6025390625;-12.893798828125;1.291259765625;0;0;0;0;0;0;0;0;0;0;0;0;1;0;0;0;0;0;0;1;1
56;10;0;0;1;0;0;0;0;0;0;0;91.3916015625;0;-12.893798828125;-11.6025390625;-12.893798828125;1.291259765625;0;0;0;0;0;0;0;0;0;0;0;0;1;0;0;0;0;0;0;1;1
67;10;0;0;1;0;0;0;0;0;0;0;91.3916015625;0;-12.893798828125;-11.6025390625;-12.893798828125;1.291259765625;0;0;0;0;0;0;0;0;0;0;0;0;1;0;0;0;0;0;0;1;1
76;10;0;0;1;0;0;0;0;0;0;0;91.3916015625;0;-12.893798828125;-11.6025390625;-12.893798828125;1.291259765625;0;0;0;0;0;0;0;0;0;0;0;0;1;0;0;0;0;0;0;1;1
86;10;0;0;1;0;0;0;0;0;0;0;91.3916015625;0;-12.893798828125;-11.6025390625;-12.893798828125;1.291259765625;0;0;0;0;0;0;0;0;0;0;0;0;1;0;0;0;0;0;0;1;1
97;10;0;0;1;0;0;0;0;0;0;0;91.3916015625;0;-12.893798828125;-11.6025390625;-12.893798828125;1.291259765625;0;0;0;0;0;0;0;0;0;0;0;0;1;0;0;0;0;0;0;1;1
106;10;0;0;1;0;0;0;0;0;0;0;91.3916015625;0;-12.893798828125;-11.6025390625;-12.893798828125;1.291259765625;0;0;0;0;0;0;0;0;0;0;0;0;1;0;0;0;0;0;0;1;1
116;10;0;0;1;0;0;0;0;0;0;0;91.3916015625;0;-12.893798828125;-11.6025390625;-12.893798828125;1.291259765625;0;0;0;0;0;0;0;0;0;0;0;0;1;0;0;0;0;0;0;1;1
126;10;0;0;1;0;0;0;0;0;0;0;91.3916015625;0;-12.893798828125;-11.6025390625;-12.893798828125;1.291259765625;0;0;0;0;0;0;0;0;0;0;0;0;1;0;0;0;0;0;0;1;1
136;10;0;0;1;0;0;0;0;0;0;0;91.3916015625;0;-12.893798828125;-11.6025390625;-12.893798828125;1.291259765625;0;0;0;0;0;0;0;0;0;0;0;0;1;0;0;0;0;0;0;1;1
146;10;0;0;1;0;0;0;0;0;0;0;91.3916015625;0;-12.893798828125;-11.6025390625;-12.893798828125;1.291259765625;0;0;0;0;0;0;0;0;0;0;0;0;1;0;0;0;0;0;0;1;1
156;10;0;0;1;0;0;0;0;0;0;0;91.3916015625;0;-12.893798828125;-11.6025390625;-12.893798828125;1.291259765625;0;0;0;0;0;0;0;0;0;0;0;0;1;0;0;0;0;0;0;1;1
166;10;0;0;1;0;0;0;0;0;0;0;91.3916015625;0;-12.893798828125;-11.6025390625;-12.893798828125;1.291259765625;0;0;0;0;0;0;0;0;0;0;0;0;1;0;0;0;0;0;0;1;1
176;10;0;0;1;0;0;0;0;0;0;0;91.3916015625;0;-12.893798828125;-11.6025390625;-12.893798828125;1.291259765625;0;0;0;0;0;0;0;0;0;0;0;0;1;0;0;0;0;0;0;1;1
186;10;0;0;1;0;0;0;0;0;0;0;91.3916015625;0;-12.893798828125;-11.6025390625;-12.893798828125;1.291259765625;0;0;0;0;0;0;0;0;0;0;0;0;1;0;0;0;0;0;0;1;1
196;10;0;0;1;0;0;0;0;0;0;0;91.3916015625;0;-12.893798828125;-11.6025390625;-12.893798828125;1.291259765625;0;0;0;0;0;0;0;0;0;0;0;0;1;0;0;0;0;0;0;1;1
206;10;0;0;1;0;0;0;0;0;0;0;91.3916015625;0;-12.893798828125;-11.6025390625;-12.893798828125;1.291259765625;0;0;0;0;0;0;0;0;0;0;0;0;1;0;0;0;0;0;0;1;1
216;10;0;0;1;0;0;0;0;0;0;0;91.3916015625;0;-12.893798828125;-11.6025390625;-12.893798828125;1.291259765625;0;0;0;0;0;0;0;0;0;0;0;0;1;0;0;0;0;0;0;1;1
226;10;0;0;1;0;0;0;0;0;0;0;91.3916015625;0;-12.893798828125;-11.6025390625;-12.893798828125;1.291259765625;0;0;0;0;0;0;0;0;0;0;0;0;1;0;0;0;0;0;0;1;1
236;10;0;0;1;0;0;0;0;0;0;0;91.3916015625;0;-12.893798828125;-11.6025390625;-12.893798828125;1.291259765625;0;0;0;0;0;0;0;0;0;0;0;0;1;0;0;0;0;0;0;1;1
246;10;0;0;1;0;0;0;0;0;0;0;91.3916015625;0;-12.893798828125;-11.6025390625;-12.893798828125;1.291259765625;0;0;0;0;0;0;0;0;0;0;0;0;1;0;0;0;0;0;0;1;1
256;10;0;0;1;0;0;0;0;0;0;0;91.3916015625;0;-12.893798828125;-11.6025390625;-12.893798828125;1.291259765625;0;0;0;0;0;0;0;0;0;0;0;0;1;0;0;0;0;0;0;1;1
266;10;0;0;1;0;0;0;0;0;0;0;91.3916015625;0;-12.893798828125;-11.6025390625;-12.893798828125;1.291259765625;0;0;0;0;0;0;0;0;0;0;0;0;1;0;0;0;0;0;0;1;1
276;10;0;0;1;0;0;0;0;0;0;0;91.3916015625;0;-12.893798828125;-11.6025390625;-12.893798828125;1.291259765625;0;0;0;0;0;0;0;0;0;0;0;0;1;0;0;0;0;0;0;1;1
286;10;0;0;1;0;0;0;0;0;0;0;91.3916015625;0;-12.893798828125;-11.6025390625;-12.893798828125;1.291259765625;0;0;0;0;0;0;0;0;0;0;0;0;1;0;0;0;0;0;0;1;1
296;10;0;0;1;0;0;0;0;0;0;0;91.3916015625;0;-12.893798828125;-11.6025390625;-12.893798828125;1.291259765625;0;0;0;0;0;0;0;0;0;0;0;0;1;0;0;0;0;0;0;1;1
306;10;0;0;1;0;0;0;0;0;0;0;91.3916015625;0;-12.893798828125;-11.6025390625;-12.893798828125;1.291259765625;0;0;0;0;0;0;0;0;0;0;0;0;1;0;0;0;0;0;0;1;1
316;10;0;0;1;0;0;0;0;0;0;0;91.3916015625;0;-12.893798828125;-11.6025390625;-12.893798828125;1.291259765625;0;0;0;0;0;0;0;0;0;0;0;0;1;0;0;0;0;0;0;1;1
326;10;0;0;1;0;0;0;0;0;0;0;91.3916015625;0;-12.893798828125;-11.6025390625;-12.893798828125;1.291259765625;0;0;0;0;0;0;0;0;0;0;0;0;1;0;0;0;0;0;0;1;1
336;10;0;0;1;0;0;0;0;0;0;0;91.3916015625;0;-12.893798828125;-11.6025390625;-12.893798828125;1.291259765625;0;0;0;0;0;0;0;0;0;0;0;0;1;0;0;0;0;0;0;1;1
346;10;0;0;1;0;0;0;0;0;0;0;91.3916015625;0;-12.893798828125;-11.6025390625;-12.893798828125;1.291259765625;0;0;0;0;0;0;0;0;0;0;0;0;1;0;0;0;0;0;0;1;1
356;10;0;0;1;0;0;0;0;0;0;0;91.3916015625;0;-12.893798828125;-11.6025390625;-12.893798828125;1.291259765625;0;0;0;0;0;0;0;0;0;0;0;0;1;0;0;0;0;0;0;1;1
366;10;0;0;1;0;0;0;0;0;0;0;91.3916015625;0;-12.893798828125;-11.6025390625;-12.893798828125;1.291259765625;0;0;0;0;0;0;0;0;0;0;0;0;1;0;0;0;0;0;0;1;1
376;10;0;0;1;0;0;0;0;0;0;0;91.3916015625;0;-12.893798828125;-11.6025390625;-12.893798828125;1.291259765625;0;0;0;0;0;0;0;0;0;0;0;0;1;0;0;0;0;0;0;1;1
386;10;0;0;1;0;0;0;0;0;0;0;91.3916015625;0;-12.893798828125;-11.6025390625;-12.893798828125;1.291259765625;0;0;0;0;0;0;0;0;0;0;0;0;1;0;0;0;0;0;0;1;1
397;10;0;0;1;0;0;0;0;0;0;0;91.3916015625;0;-12.893798828125;-11.6025390625;-12.893798828125;1.291259765625;0;0;0;0;0;0;0;0;0;0;0;0;1;0;0;0;0;0;0;1;1
406;10;0;0;1;0;0;0;0;0;0;0;91.3916015625;0;-12.893798828125;-11.6025390625;-12.893798828125;1.291259765625;0;0;0;0;0;0;0;0;0;0;0;0;1;0;0;0;0;0;0;1;1
416;10;0;0;1;0;0;0;0;0;0;0;91.3916015625;0;-12.893798828125;-11.6025390625;-12.893798828125;1.291259765625;0;0;0;0;0;0;0;0;0;0;0;0;1;0;0;0;0;0;0;1;1
426;10;0;0;1;0;0;0;0;0;0;0;91.3916015625;0;-12.893798828125;-11.6025390625;-12.893798828125;1.291259765625;0;0;0;0;0;0;0;0;0;0;0;0;1;0;0;0;0;0;0;1;1
436;10;0;0;1;0;0;0;0;0;0;0;91.3916015625;0;-12.893798828125;-11.6025390625;-12.893798828125;1.291259765625;0;0;0;0;0;0;0;0;0;0;0;0;1;0;0;0;0;0;0;1;1
446;10;0;0;1;0;0;0;0;0;0;0;91.3916015625;0;-12.893798828125;-11.6025390625;-12.893798828125;1.291259765625;0;0;0;0;0;0;0;0;0;0;0;0;1;0;0;0;0;0;0;1;1
456;10;0;0;1;0;0;0;0;0;0;0;91.3916015625;0;-12.893798828125;-11.6025390625;-12.893798828125;1.291259765625;0;0;0;0;0;0;0;0;0;0;0;0;1;0;0;0;0;0;0;1;1
466;10;0;0;1;0;0;0;0;0;0;0;91.3916015625;0;-12.893798828125;-11.6025390625;-12.893798828125;1.291259765625;0;0;0;0;0;0;0;0;0;0;0;0;1;0;0;0;0;0;0;1;1
476;10;0;0;1;0;0;0;0;0;0;0;91.3916015625;0;-12.893798828125;-11.6025390625;-12.893798828125;1.291259765625;0;0;0;0;0;0;0;0;0;0;0;0;1;0;0;0;0;0;0;1;1
486;10;0;0;1;0;0;0;0;0;0;0;91.3916015625;0;-12.893798828125;-11.6025390625;-12.893798828125;1.291259765625;0;0;0;0;0;0;0;0;0;0;0;0;1;0;0;0;0;0;0;1;1
497;10;0;0;1;0;0;0;0;0;0;0;91.3916015625;0;-12.893798828125;-11.6025390625;-12.893798828125;1.291259765625;0;0;0;0;0;0;0;0;0;0;0;0;1;0;0;0;0;0;0;1;1
506;10;0;0;1;0;0;0;0;0;0;0;91.3916015625;0;-12.893798828125;-11.6025390625;-12.893798828125;1.291259765625;0;0;0;0;0;0;0;0;0;0;0;0;1;0;0;0;0;0;0;1;1
516;10;0;0;1;0;0;0;0;0;0;0;91.3916015625;0;-12.893798828125;-11.6025390625;-12.893798828125;1.291259765625;0;0;0;0;0;0;0;0;0;0;0;0;1;0;0;0;0;0;0;1;1
526;10;0;0;1;0;0;0;0;0;0;0;91.3916015625;0;-12.893798828125;-11.6025390625;-12.893798828125;1.291259765625;0;0;0;0;0;0;0;0;0;0;0;0;1;0;0;0;0;0;0;1;1
537;10;0;0;1;0;0;0;0;0;0;0;91.3916015625;0;-12.893798828125;-11.6025390625;-12.893798828125;1.291259765625;0;0;0;0;0;0;0;0;0;0;0;0;1;0;0;0;0;0;0;1;1
546;10;0;0;1;0;0;0;0;0;0;0;91.3916015625;0;-12.893798828125;-11.6025390625;-12.893798828125;1.291259765625;0;0;0;0;0;0;0;0;0;0;0;0;1;0;0;0;0;0;0;1;1
557;10;0;0;1;0;0;0;0;0;0;0;91.3916015625;0;-12.893798828125;-11.6025390625;-12.893798828125;1.291259765625;0;0;0;0;0;0;0;0;0;0;0;0;1;0;0;0;0;0;0;1;1
566;10;0;0;1;0;0;0;0;0;0;0;91.3916015625;0;-12.893798828125;-11.6025390625;-12.893798828125;1.291259765625;0;0;0;0;0;0;0;0;0;0;0;0;1;0;0;0;0;0;0;1;1
576;10;0;0;1;0;0;0;0;0;0;0;91.3916015625;0;-12.893798828125;-11.6025390625;-12.893798828125;1.291259765625;0;0;0;0;0;0;0;0;0;0;0;0;1;0;0;0;0;0;0;1;1
586;10;0;0;1;0;0;0;0;0;0;0;91.3916015625;0;-12.893798828125;-11.6025390625;-12.893798828125;1.291259765625;0;0;0;0;0;0;0;0;0;0;0;0;1;0;0;0;0;0;0;1;1
596;10;0;0;1;0;0;0;0;0;0;0;91.3916015625;0;-12.893798828125;-11.6025390625;-12.893798828125;1.291259765625;0;0;0;0;0;0;0;0;0;0;0;0;1;0;0;0;0;0;0;1;1
606;10;0;0;1;0;0;0;0;0;0;0;91.3916015625;0;-12.893798828125;-11.6025390625;-12.893798828125;1.291259765625;0;0;0;0;0;0;0;0;0;0;0;0;1;0;0;0;0;0;0;1;1
616;10;0;0;1;0;0;0;0;0;0;0;91.3916015625;0;-12.893798828125;-11.6025390625;-12.893798828125;1.291259765625;0;0;0;0;0;0;0;0;0;0;0;0;1;0;0;0;0;0;0;1;1
626;10;0;0;1;0;0;0;0;0;0;0;91.3916015625;0;-12.893798828125;-11.6025390625;-12.893798828125;1.291259765625;0;0;0;0;0;0;0;0;0;0;0;0;1;0;0;0;0;0;0;1;1
636;10;0;0;1;0;0;0;0;0;0;0;91.3916015625;0;-12.893798828125;-11.6025390625;-12.893798828125;1.291259765625;0;0;0;0;0;0;0;0;0;0;0;0;1;0;0;0;0;0;0;1;1
646;10;0;0;1;0;0;0;0;0;0;0;91.3916015625;0;-12.893798828125;-11.6025390625;-12.893798828125;1.291259765625;0;0;0;0;0;0;0;0;0;0;0;0;1;0;0;0;0;0;0;1;1
657;10;0;0;1;0;0;0;0;0;0;0;91.3916015625;0;-12.893798828125;-11.6025390625;-12.893798828125;1.291259765625;0;0;0;0;0;0;0;0;0;0;0;0;1;0;0;0;0;0;0;1;1
666;10;0;0;1;0;0;0;0;0;0;0;91.3916015625;0;-12.893798828125;-11.6025390625;-12.893798828125;1.291259765625;0;0;0;0;0;0;0;0;0;0;0;0;1;0;0;0;0;0;0;1;1
677;10;0;0;1;0;0;0;0;0;0;0;91.3916015625;0;-12.893798828125;-11.6025390625;-12.893798828125;1.291259765625;0;0;0;0;0;0;0;0;0;0;0;0;1;0;0;0;0;0;0;1;1
686;10;0;0;1;0;0;0;0;0;0;0;91.3916015625;0;-12.893798828125;-11.6025390625;-12.893798828125;1.291259765625;0;0;0;0;0;0;0;0;0;0;0;0;1;0;0;0;0;0;0;1;1
697;10;0;0;1;0;0;0;0;0;0;0;91.3916015625;0;-12.893798828125;-11.6025390625;-12.893798828125;1.291259765625;0;0;0;0;0;0;0;0;0;0;0;0;1;0;0;0;0;0;0;1;1
706;10;0;0;1;0;0;0;0;0;0;0;91.3916015625;0;-12.893798828125;-11.6025390625;-12.893798828125;1.291259765625;0;0;0;0;0;0;0;0;0;0;0;0;1;0;0;0;0;0;0;1;1
716;10;0;0;1;0;0;0;0;0;0;0;91.3916015625;0;-12.893798828125;-11.6025390625;-12.893798828125;1.291259765625;0;0;0;0;0;0;0;0;0;0;0;0;1;0;0;0;0;0;0;1;1
727;10;0;0;1;0;0;0;0;0;0;0;91.3916015625;0;-12.893798828125;-11.6025390625;-12.893798828125;1.291259765625;0;0;0;0;0;0;0;0;0;0;0;0;1;0;0;0;0;0;0;1;1
736;10;0;0;1;0;0;0;0;0;0;0;91.3916015625;0;-12.893798828125;-11.6025390625;-12.893798828125;1.291259765625;0;0;0;0;0;0;0;0;0;0;0;0;1;0;0;0;0;0;0;1;1
746;10;0;0;1;0;0;0;0;0;0;0;91.3916015625;0;-12.893798828125;-11.6025390625;-12.893798828125;1.291259765625;0;0;0;0;0;0;0;0;0;0;0;0;1;0;0;0;0;0;0;1;1
756;10;0;0;1;0;0;0;0;0;0;0;91.3916015625;0;-12.893798828125;-11.6025390625;-12.893798828125;1.291259765625;0;0;0;0;0;0;0;0;0;0;0;0;1;0;0;0;0;0;0;1;1
766;10;0;0;1;0;0;0;0;0;0;0;91.3916015625;0;-12.893798828125;-11.6025390625;-12.893798828125;1.291259765625;0;0;0;0;0;0;0;0;0;0;0;0;1;0;0;0;0;0;0;1;1
776;10;0;0;1;0;0;0;0;0;0;0;91.3916015625;0;-12.893798828125;-11.6025390625;-12.893798828125;1.291259765625;0;0;0;0;0;0;0;0;0;0;0;0;1;0;0;0;0;0;0;1;1
786;10;0;0;1;0;0;0;0;0;0;0;91.3916015625;0;-12.893798828125;-11.6025390625;-12.893798828125;1.291259765625;0;0;0;0;0;0;0;0;0;0;0;0;1;0;0;0;0;0;0;1;1
796;10;0;0;1;0;0;0;0;0;0;0;91.3916015625;0;-12.893798828125;-11.6025390625;-12.893798828125;1.291259765625;0;0;0;0;0;0;0;0;0;0;0;0;1;0;0;0;0;0;0;1;1
809;10;0;0;1;0;0;0;0;0;0;0;91.3916015625;0;-12.893798828125;-11.6025390625;-12.893798828125;1.291259765625;0;0;0;0;0;0;0;0;0;0;0;0;1;0;0;0;0;0;0;1;1
816;10;0;0;1;0;0;0;0;0;0;0;91.3916015625;0;-12.893798828125;-11.6025390625;-12.893798828125;1.291259765625;0;0;0;0;0;0;0;0;0;0;0;0;1;0;0;0;0;0;0;1;1
829;10;0;0;1;0;0;0;0;0;0;0;91.3916015625;0;-12.893798828125;-11.6025390625;-12.893798828125;1.291259765625;0;0;0;0;0;0;0;0;0;0;0;0;1;0;0;0;0;0;0;1;1
836;10;0;0;1;0;0;0;0;0;0;0;91.3916015625;0;-12.893798828125;-11.6025390625;-12.893798828125;1.291259765625;0;0;0;0;0;0;0;0;0;0;0;0;1;0;0;0;0;0;0;1;1
848;10;0;0;1;0;0;0;0;0;0;0;91.3916015625;0;-12.893798828125;-11.6025390625;-12.893798828125;1.291259765625;0;0;0;0;0;0;0;0;0;0;0;0;1;0;0;0;0;0;0;1;1
856;10;0;0;1;0;0;0;0;0;0;0;91.3916015625;0;-12.893798828125;-11.6025390625;-12.893798828125;1.291259765625;0;0;0;0;0;0;0;0;0;0;0;0;1;0;0;0;0;0;0;1;1
866;10;0;0;1;0;0;0;0;0;0;0;91.3916015625;0;-12.893798828125;-11.6025390625;-12.893798828125;1.291259765625;0;0;0;0;0;0;0;0;0;0;0;0;1;0;0;0;0;0;0;1;1
876;10;0;0;1;0;0;0;0;0;0;0;91.3916015625;0;-12.893798828125;-11.6025390625;-12.893798828125;1.291259765625;0;0;0;0;0;0;0;0;0;0;0;0;1;0;0;0;0;0;0;1;1
909;10;0;0;1;0;0;0;0;0;0;0;91.3916015625;0;-12.893798828125;-11.6025390625;-12.893798828125;1.291259765625;0;0;0;0;0;0;0;0;0;0;0;0;1;0;0;0;0;0;0;1;1
917;10;0;0;1;0;0;0;0;0;0;0;91.3916015625;0;-12.893798828125;-11.6025390625;-12.893798828125;1.291259765625;0;0;0;0;0;0;0;0;0;0;0;0;1;0;0;0;0;0;0;1;1
926;10;0;0;1;0;0;0;0;0;0;0;91.3916015625;0;-12.893798828125;-11.6025390625;-12.893798828125;1.291259765625;0;0;0;0;0;0;0;0;0;0;0;0;1;0;0;0;0;0;0;1;1
936;10;0;0;1;0;0;0;0;0;0;0;91.3916015625;0;-12.893798828125;-11.6025390625;-12.893798828125;1.291259765625;0;0;0;0;0;0;0;0;0;0;0;0;1;0;0;0;0;0;0;1;1
946;10;0;0;1;0;0;0;0;0;0;0;91.3916015625;0;-12.893798828125;-11.6025390625;-12.893798828125;1.291259765625;0;0;0;0;0;0;0;0;0;0;0;0;1;0;0;0;0;0;0;1;1
957;10;0;0;1;0;0;0;0;0;0;0;91.3916015625;0;-12.893798828125;-11.6025390625;-12.893798828125;1.291259765625;0;0;0;0;0;0;0;0;0;0;0;0;1;0;0;0;0;0;0;1;1
966;10;0;0;1;0;0;0;0;0;0;0;91.3916015625;0;-12.893798828125;-11.6025390625;-12.893798828125;1.291259765625;0;0;0;0;0;0;0;0;0;0;0;0;1;0;0;0;0;0;0;1;1
976;10;0;0;1;0;0;0;0;0;0;0;91.3916015625;0;-12.893798828125;-11.6025390625;-12.893798828125;1.291259765625;0;0;0;0;0;0;0;0;0;0;0;0;1;0;0;0;0;0;0;1;1
987;10;0;0;1;0;0;0;0;0;0;0;91.3916015625;0;-12.893798828125;-11.6025390625;-12.893798828125;1.291259765625;0;0;0;0;0;0;0;0;0;0;0;0;1;0;0;0;0;0;0;1;1
996;10;0;0;1;0;0;0;0;0;0;0;91.3916015625;0;-12.893798828125;-11.6025390625;-12.893798828125;1.291259765625;0;0;0;0;0;0;0;0;0;0;0;0;1;0;0;0;0;0;0;1;1
1006;10;0;0;1;0;0;0;0;0;0;0;91.3916015625;0;-12.893798828125;-11.6025390625;-12.893798828125;1.291259765625;0;0;0;0;0;0;0;0;0;0;0;0;1;0;0;0;0;0;0;1;1
1016;10;0;0;1;0;0;0;0;0;0;0;91.3916015625;0;-12.893798828125;-11.6025390625;-12.893798828125;1.291259765625;0;0;0;0;0;0;0;0;0;0;0;0;1;0;0;0;0;0;0;1;1
1026;10;0;0;1;0;0;0;0;0;0;0;91.3916015625;0;-12.893798828125;-11.6025390625;-12.893798828125;1.291259765625;0;0;0;0;0;0;0;0;0;0;0;0;1;0;0;0;0;0;0;1;1
1036;10;0;0;1;0;0;0;0;0;0;0;91.3916015625;0;-12.893798828125;-11.6025390625;-12.893798828125;1.291259765625;0;0;0;0;0;0;0;0;0;0;0;0;1;0;0;0;0;0;0;1;1
1046;10;0;0;1;0;0;0;0;0;0;0;91.3916015625;0;-12.893798828125;-11.6025390625;-12.893798828125;1.291259765625;0;0;0;0;0;0;0;0;0;0;0;0;1;0;0;0;0;0;0;1;1
1058;10;0;0;1;0;0;0;0;0;0;0;91.3916015625;0;-12.893798828125;-11.6025390625;-12.893798828125;1.291259765625;0;0;0;0;0;0;0;0;0;0;0;0;1;0;0;0;0;0;0;1;1
1066;10;0;0;1;0;0;0;0;0;0;0;91.3916015625;0;-12.893798828125;-11.6025390625;-12.893798828125;1.291259765625;0;0;0;0;0;0;0;0;0;0;0;0;1;0;0;0;0;0;0;1;1
1076;10;0;0;1;0;0;0;0;0;0;0;91.3916015625;0;-12.893798828125;-11.6025390625;-12.893798828125;1.291259765625;0;0;0;0;0;0;0;0;0;0;0;0;1;0;0;0;0;0;0;1;1
1086;10;0;0;1;0;0;0;0;0;0;0;91.3916015625;0;-12.893798828125;-11.6025390625;-12.893798828125;1.291259765625;0;0;0;0;0;0;0;0;0;0;0;0;1;0;0;0;0;0;0;1;1
1096;10;0;0;1;0;0;0;0;0;0;0;91.3916015625;0;-12.893798828125;-11.6025390625;-12.893798828125;1.291259765625;0;0;0;0;0;0;0;0;0;0;0;0;1;0;0;0;0;0;0;1;1
1106;10;0;0;1;0;0;0;0;0;0;0;91.3916015625;0;-12.893798828125;-11.6025390625;-12.893798828125;1.291259765625;0;0;0;0;0;0;0;0;0;0;0;0;1;0;0;0;0;0;0;1;1
1116;10;0;0;1;0;0;0;0;0;0;0;91.3916015625;0;-12.893798828125;-11.6025390625;-12.893798828125;1.291259765625;0;0;0;0;0;0;0;0;0;0;0;0;1;0;0;0;0;0;0;1;1
1126;10;0;0;1;0;0;0;0;0;0;0;91.3916015625;0;-12.893798828125;-11.6025390625;-12.893798828125;1.291259765625;0;0;0;0;0;0;0;0;0;0;0;0;1;0;0;0;0;0;0;1;1
1136;10;0;0;1;0;0;0;0;0;0;0;91.3916015625;0;-12.893798828125;-11.6025390625;-12.893798828125;1.291259765625;0;0;0;0;0;0;0;0;0;0;0;0;1;0;0;0;0;0;0;1;1
1146;10;0;0;1;0;0;0;0;0;0;0;91.3916015625;0;-12.893798828125;-11.6025390625;-12.893798828125;1.291259765625;0;0;0;0;0;0;0;0;0;0;0;0;1;0;0;0;0;0;0;1;1
1157;10;0;0;1;0;0;0;0;0;0;0;91.3916015625;0;-12.893798828125;-11.6025390625;-12.893798828125;1.291259765625;0;0;0;0;0;0;0;0;0;0;0;0;1;0;0;0;0;0;0;1;1
1166;10;0;0;1;0;0;0;0;0;0;0;91.3916015625;0;-12.893798828125;-11.6025390625;-12.893798828125;1.291259765625;0;0;0;0;0;0;0;0;0;0;0;0;1;0;0;0;0;0;0;1;1
1176;10;0;0;1;0;0;0;0;0;0;0;91.3916015625;0;-12.893798828125;-11.6025390625;-12.893798828125;1.291259765625;0;0;0;0;0;0;0;0;0;0;0;0;1;0;0;0;0;0;0;1;1
1187;10;0;0;1;0;0;0;0;0;0;0;91.3916015625;0;-12.893798828125;-11.6025390625;-12.893798828125;1.291259765625;0;0;0;0;0;0;0;0;0;0;0;0;1;0;0;0;0;0;0;1;1
1196;10;0;0;1;0;0;0;0;0;0;0;91.3916015625;0;-12.893798828125;-11.6025390625;-12.893798828125;1.291259765625;0;0;0;0;0;0;0;0;0;0;0;0;1;0;0;0;0;0;0;1;1
1206;10;0;0;1;0;0;0;0;0;0;0;91.3916015625;0;-12.893798828125;-11.6025390625;-12.893798828125;1.291259765625;0;0;0;0;0;0;0;0;0;0;0;0;1;0;0;0;0;0;0;1;1
1217;10;0;0;1;0;0;0;0;0;0;0;91.3916015625;0;-12.893798828125;-11.6025390625;-12.893798828125;1.291259765625;0;0;0;0;0;0;0;0;0;0;0;0;1;0;0;0;0;0;0;1;1
1226;10;0;0;1;0;0;0;0;0;0;0;91.3916015625;0;-12.893798828125;-11.6025390625;-12.893798828125;1.291259765625;0;0;0;0;0;0;0;0;0;0;0;0;1;0;0;0;0;0;0;1;1
1236;10;0;0;1;0;0;0;0;0;0;0;91.3916015625;0;-12.893798828125;-11.6025390625;-12.893798828125;1.291259765625;0;0;0;0;0;0;0;0;0;0;0;0;1;0;0;0;0;0;0;1;1
1246;10;0;0;1;0;0;0;0;0;0;0;91.3916015625;0;-12.893798828125;-11.6025390625;-12.893798828125;1.291259765625;0;0;0;0;0;0;0;0;0;0;0;0;1;0;0;0;0;0;0;1;1
1257;10;0;0;1;0;0;0;0;0;0;0;91.3916015625;0;-12.893798828125;-11.6025390625;-12.893798828125;1.291259765625;0;0;0;0;0;0;0;0;0;0;0;0;1;0;0;0;0;0;0;1;1
1266;10;0;0;1;0;0;0;0;0;0;0;91.3916015625;0;-12.893798828125;-11.6025390625;-12.893798828125;1.291259765625;0;0;0;0;0;0;0;0;0;0;0;0;1;0;0;0;0;0;0;1;1
1276;10;0;0;1;0;0;0;0;0;0;0;91.3916015625;0;-12.893798828125;-11.6025390625;-12.893798828125;1.291259765625;0;0;0;0;0;0;0;0;0;0;0;0;1;0;0;0;0;0;0;1;1
1287;10;0;0;1;0;0;0;0;0;0;0;91.3916015625;0;-12.893798828125;-11.6025390625;-12.893798828125;1.291259765625;0;0;0;0;0;0;0;0;0;0;0;0;1;0;0;0;0;0;0;1;1
1296;10;0;0;1;0;0;0;0;0;0;0;91.3916015625;0;-12.893798828125;-11.6025390625;-12.893798828125;1.291259765625;0;0;0;0;0;0;0;0;0;0;0;0;1;0;0;0;0;0;0;1;1
1306;10;0;0;1;0;0;0;0;0;0;0;91.3916015625;0;-12.893798828125;-11.6025390625;-12.893798828125;1.291259765625;0;0;0;0;0;0;0;0;0;0;0;0;1;0;0;0;0;0;0;1;1
1317;10;0;0;1;0;0;0;0;0;0;0;91.3916015625;0;-12.893798828125;-11.6025390625;-12.893798828125;1.291259765625;0;0;0;0;0;0;0;0;0;0;0;0;1;0;0;0;0;0;0;1;1
1326;10;0;0;1;0;0;0;0;0;0;0;91.3916015625;0;-12.893798828125;-11.6025390625;-12.893798828125;1.291259765625;0;0;0;0;0;0;0;0;0;0;0;0;1;0;0;0;0;0;0;1;1
1337;10;0;0;1;0;0;0;0;0;0;0;91.3916015625;0;-12.893798828125;-11.6025390625;-12.893798828125;1.291259765625;0;0;0;0;0;0;0;0;0;0;0;0;1;0;0;0;0;0;0;1;1
1346;10;0;0;1;0;0;0;0;0;0;0;91.3916015625;0;-12.893798828125;-11.6025390625;-12.893798828125;1.291259765625;0;0;0;0;0;0;0;0;0;0;0;0;1;0;0;0;0;0;0;1;1
1356;10;0;0;1;0;0;0;0;0;0;0;91.3916015625;0;-12.893798828125;-11.6025390625;-12.893798828125;1.291259765625;0;0;0;0;0;0;0;0;0;0;0;0;1;0;0;0;0;0;0;1;1
1366;10;0;0;1;0;0;0;0;0;0;0;91.3916015625;0;-12.893798828125;-11.6025390625;-12.893798828125;1.291259765625;0;0;0;0;0;0;0;0;0;0;0;0;1;0;0;0;0;0;0;1;1
1376;10;0;0;1;0;0;0;0;0;0;0;91.3916015625;0;-12.893798828125;-11.6025390625;-12.893798828125;1.291259765625;0;0;0;0;0;0;0;0;0;0;0;0;1;0;0;0;0;0;0;1;1
1387;10;0;0;1;0;0;0;0;0;0;0;91.3916015625;0;-12.893798828125;-11.6025390625;-12.893798828125;1.291259765625;0;0;0;0;0;0;0;0;0;0;0;0;1;0;0;0;0;0;0;1;1
1396;10;0;0;1;0;0;0;0;0;0;0;91.3916015625;0;-12.893798828125;-11.6025390625;-12.893798828125;1.291259765625;0;0;0;0;0;0;0;0;0;0;0;0;1;0;0;0;0;0;0;1;1
1406;10;0;0;1;0;0;0;0;0;0;0;91.3916015625;0;-12.893798828125;-11.6025390625;-12.893798828125;1.291259765625;0;0;0;0;0;0;0;0;0;0;0;0;1;0;0;0;0;0;0;1;1
1416;10;0;0;1;0;0;0;0;0;0;0;91.3916015625;0;-12.893798828125;-11.6025390625;-12.893798828125;1.291259765625;0;0;0;0;0;0;0;0;0;0;0;0;1;0;0;0;0;0;0;1;1
1426;10;0;0;1;0;0;0;0;0;0;0;91.3916015625;0;-12.893798828125;-11.6025390625;-12.893798828125;1.291259765625;0;0;0;0;0;0;0;0;0;0;0;0;1;0;0;0;0;0;0;1;1
1436;10;0;0;1;0;0;0;0;0;0;0;91.3916015625;0;-12.893798828125;-11.6025390625;-12.893798828125;1.291259765625;0;0;0;0;0;0;0;0;0;0;0;0;1;0;0;0;0;0;0;1;1
1446;10;0;0;1;0;0;0;0;0;0;0;91.3916015625;0;-12.893798828125;-11.6025390625;-12.893798828125;1.291259765625;0;0;0;0;0;0;0;0;0;0;0;0;1;0;0;0;0;0;0;1;1
1456;10;0;0;1;0;0;0;0;0;0;0;91.3916015625;0;-12.893798828125;-11.6025390625;-12.893798828125;1.291259765625;0;0;0;0;0;0;0;0;0;0;0;0;1;0;0;0;0;0;0;1;1
1466;10;0;0;1;0;0;0;0;0;0;0;91.3916015625;0;-12.893798828125;-11.6025390625;-12.893798828125;1.291259765625;0;0;0;0;0;0;0;0;0;0;0;0;1;0;0;0;0;0;0;1;1
1476;10;0;0;1;0;0;0;0;0;0;0;91.3916015625;0;-12.893798828125;-11.6025390625;-12.893798828125;1.291259765625;0;0;0;0;0;0;0;0;0;0;0;0;1;0;0;0;0;0;0;1;1
1487;10;0;0;1;0;0;0;0;0;0;0;91.3916015625;0;-12.893798828125;-11.6025390625;-12.893798828125;1.291259765625;0;0;0;0;0;0;0;0;0;0;0;0;1;0;0;0;0;0;0;1;1
1497;10;0;0;1;0;0;0;0;0;0;0;91.3916015625;0;-12.893798828125;-11.6025390625;-12.893798828125;1.291259765625;0;0;0;0;0;0;0;0;0;0;0;0;1;0;0;0;0;0;0;1;1
1506;10;0;0;1;0;0;0;0;0;0;0;91.3916015625;0;-12.893798828125;-11.6025390625;-12.893798828125;1.291259765625;0;0;0;0;0;0;0;0;0;0;0;0;1;0;0;0;0;0;0;1;1
1517;10;0;0;1;0;0;0;0;0;0;0;91.3916015625;0;-12.893798828125;-11.6025390625;-12.893798828125;1.291259765625;0;0;0;0;0;0;0;0;0;0;0;0;1;0;0;0;0;0;0;1;1
1526;10;0;0;1;0;0;0;0;0;0;0;91.3916015625;0;-12.893798828125;-11.6025390625;-12.893798828125;1.291259765625;0;0;0;0;0;0;0;0;0;0;0;0;1;0;0;0;0;0;0;1;1
1537;10;0;0;1;0;0;0;0;0;0;0;91.3916015625;0;-12.893798828125;-11.6025390625;-12.893798828125;1.291259765625;0;0;0;0;0;0;0;0;0;0;0;0;1;0;0;0;0;0;0;1;1
1546;10;0;0;1;0;0;0;0;0;0;0;91.3916015625;0;-12.893798828125;-11.6025390625;-12.893798828125;1.291259765625;0;0;0;0;0;0;0;0;0;0;0;0;1;0;0;0;0;0;0;1;1
1556;10;0;0;1;0;0;0;0;0;0;0;91.3916015625;0;-12.893798828125;-11.6025390625;-12.893798828125;1.291259765625;0;0;0;0;0;0;0;0;0;0;0;0;1;0;0;0;0;0;0;1;1
1566;10;0;0;1;0;0;0;0;0;0;0;91.3916015625;0;-12.893798828125;-11.6025390625;-12.893798828125;1.291259765625;0;0;0;0;0;0;0;0;0;0;0;0;1;0;0;0;0;0;0;1;1
1576;10;0;0;1;0;0;0;0;0;0;0;91.3916015625;0;-12.893798828125;-11.6025390625;-12.893798828125;1.291259765625;0;0;0;0;0;0;0;0;0;0;0;0;1;0;0;0;0;0;0;1;1
1586;10;0;0;1;0;0;0;0;0;0;0;91.3916015625;0;-12.893798828125;-11.6025390625;-12.893798828125;1.291259765625;0;0;0;0;0;0;0;0;0;0;0;0;1;0;0;0;0;0;0;1;1
1596;10;0;0;1;0;0;0;0;0;0;0;91.3916015625;0;-12.893798828125;-11.6025390625;-12.893798828125;1.291259765625;0;0;0;0;0;0;0;0;0;0;0;0;1;0;0;0;0;0;0;1;1
1606;10;0;0;1;0;0;0;0;0;0;0;91.3916015625;0;-12.893798828125;-11.6025390625;-12.893798828125;1.291259765625;0;0;0;0;0;0;0;0;0;0;0;0;1;0;0;0;0;0;0;1;1
1617;10;0;0;1;0;0;0;0;0;0;0;91.3916015625;0;-12.893798828125;-11.6025390625;-12.893798828125;1.291259765625;0;0;0;0;0;0;0;0;0;0;0;0;1;0;0;0;0;0;0;1;1
1626;10;0;0;1;0;0;0;0;0;0;0;91.3916015625;0;-12.893798828125;-11.6025390625;-12.893798828125;1.291259765625;0;0;0;0;0;0;0;0;0;0;0;0;1;0;0;0;0;0;0;1;1
1636;10;0;0;1;0;0;0;0;0;0;0;91.3916015625;0;-12.893798828125;-11.6025390625;-12.893798828125;1.291259765625;0;0;0;0;0;0;0;0;0;0;0;0;1;0;0;0;0;0;0;1;1
1647;10;0;0;1;0;0;0;0;0;0;0;91.3916015625;0;-12.893798828125;-11.6025390625;-12.893798828125;1.291259765625;0;0;0;0;0;0;0;0;0;0;0;0;1;0;0;0;0;0;0;1;1
1656;10;0;0;1;0;0;0;0;0;0;0;91.3916015625;0;-12.893798828125;-11.6025390625;-12.893798828125;1.291259765625;0;0;0;0;0;0;0;0;0;0;0;0;1;0;0;0;0;0;0;1;1
1666;10;0;0;1;0;0;0;0;0;0;0;91.3916015625;0;-12.893798828125;-11.6025390625;-12.893798828125;1.291259765625;0;0;0;0;0;0;0;0;0;0;0;0;1;0;0;0;0;0;0;1;1
1676;10;0;0;1;0;0;0;0;0;0;0;91.3916015625;0;-12.893798828125;-11.6025390625;-12.893798828125;1.291259765625;0;0;0;0;0;0;0;0;0;0;0;0;1;0;0;0;0;0;0;1;1
1686;10;0;0;1;0;0;0;0;0;0;0;91.3916015625;0;-12.893798828125;-11.6025390625;-12.893798828125;1.291259765625;0;0;0;0;0;0;0;0;0;0;0;0;1;0;0;0;0;0;0;1;1
1696;10;0;0;1;0;0;0;0;0;0;0;91.3916015625;0;-12.893798828125;-11.6025390625;-12.893798828125;1.291259765625;0;0;0;0;0;0;0;0;0;0;0;0;1;0;0;0;0;0;0;1;1
1706;10;0;0;1;0;0;0;0;0;0;0;91.3916015625;0;-12.893798828125;-11.6025390625;-12.893798828125;1.291259765625;0;0;0;0;0;0;0;0;0;0;0;0;1;0;0;0;0;0;0;1;1
1717;10;0;0;1;0;0;0;0;0;0;0;91.3916015625;0;-12.893798828125;-11.6025390625;-12.893798828125;1.291259765625;0;0;0;0;0;0;0;0;0;0;0;0;1;0;0;0;0;0;0;1;1
1726;10;0;0;1;0;0;0;0;0;0;0;91.3916015625;0;-12.893798828125;-11.6025390625;-12.893798828125;1.291259765625;0;0;0;0;0;0;0;0;0;0;0;0;1;0;0;0;0;0;0;1;1
1738;10;0;0;1;0;0;0;0;0;0;0;91.3916015625;0;-12.893798828125;-11.6025390625;-12.893798828125;1.291259765625;0;0;0;0;0;0;0;0;0;0;0;0;1;0;0;0;0;0;0;1;1
1746;10;0;0;1;0;0;0;0;0;0;0;91.3916015625;0;-12.893798828125;-11.6025390625;-12.893798828125;1.291259765625;0;0;0;0;0;0;0;0;0;0;0;0;1;0;0;0;0;0;0;1;1
1756;10;0;0;1;0;0;0;0;0;0;0;91.3916015625;0;-12.893798828125;-11.6025390625;-12.893798828125;1.291259765625;0;0;0;0;0;0;0;0;0;0;0;0;1;0;0;0;0;0;0;1;1
1766;10;0;0;1;0;0;0;0;0;0;0;91.3916015625;0;-12.893798828125;-11.6025390625;-12.893798828125;1.291259765625;0;0;0;0;0;0;0;0;0;0;0;0;1;0;0;0;0;0;0;1;1
1776;10;0;0;1;0;0;0;0;0;0;0;91.3916015625;0;-12.893798828125;-11.6025390625;-12.893798828125;1.291259765625;0;0;0;0;0;0;0;0;0;0;0;0;1;0;0;0;0;0;0;1;1
1786;10;0;0;1;0;0;0;0;0;0;0;91.3916015625;0;-12.893798828125;-11.6025390625;-12.893798828125;1.291259765625;0;0;0;0;0;0;0;0;0;0;0;0;1;0;0;0;0;0;0;1;1
1796;10;0;0;1;0;0;0;0;0;0;0;91.3916015625;0;-12.893798828125;-11.6025390625;-12.893798828125;1.291259765625;0;0;0;0;0;0;0;0;0;0;0;0;1;0;0;0;0;0;0;1;1
1806;10;0;0;1;0;0;0;0;0;0;0;91.3916015625;0;-12.893798828125;-11.6025390625;-12.893798828125;1.291259765625;0;0;0;0;0;0;0;0;0;0;0;0;1;0;0;0;0;0;0;1;1
1818;10;0;0;1;0;0;0;0;0;0;0;91.3916015625;0;-12.893798828125;-11.6025390625;-12.893798828125;1.291259765625;0;0;0;0;0;0;0;0;0;0;0;0;1;0;0;0;0;0;0;1;1
1826;10;0;0;1;0;0;0;0;0;0;0;91.3916015625;0;-12.893798828125;-11.6025390625;-12.893798828125;1.291259765625;0;0;0;0;0;0;0;0;0;0;0;0;1;0;0;0;0;0;0;1;1
1836;10;0;0;1;0;0;0;0;0;0;0;91.3916015625;0;-12.893798828125;-11.6025390625;-12.893798828125;1.291259765625;0;0;0;0;0;0;0;0;0;0;0;0;1;0;0;0;0;0;0;1;1
1846;10;0;0;1;0;0;0;0;0;0;0;91.3916015625;0;-12.893798828125;-11.6025390625;-12.893798828125;1.291259765625;0;0;0;0;0;0;0;0;0;0;0;0;1;0;0;0;0;0;0;1;1
1856;10;0;0;1;0;0;0;0;0;0;0;91.3916015625;0;-12.893798828125;-11.6025390625;-12.893798828125;1.291259765625;0;0;0;0;0;0;0;0;0;0;0;0;1;0;0;0;0;0;0;1;1
1866;10;0;0;1;0;0;0;0;0;0;0;91.3916015625;0;-12.893798828125;-11.6025390625;-12.893798828125;1.291259765625;0;0;0;0;0;0;0;0;0;0;0;0;1;0;0;0;0;0;0;1;1
1877;10;0;0;1;0;0;0;0;0;0;0;91.3916015625;0;-12.893798828125;-11.6025390625;-12.893798828125;1.291259765625;0;0;0;0;0;0;0;0;0;0;0;0;1;0;0;0;0;0;0;1;1
1886;10;0;0;1;0;0;0;0;0;0;0;91.3916015625;0;-12.893798828125;-11.6025390625;-12.893798828125;1.291259765625;0;0;0;0;0;0;0;0;0;0;0;0;1;0;0;0;0;0;0;1;1
1896;10;0;0;1;0;0;0;0;0;0;0;91.3916015625;0;-12.893798828125;-11.6025390625;-12.893798828125;1.291259765625;0;0;0;0;0;0;0;0;0;0;0;0;1;0;0;0;0;0;0;1;1
1906;10;0;0;1;0;0;0;0;0;0;0;91.3916015625;0;-12.893798828125;-11.6025390625;-12.893798828125;1.291259765625;0;0;0;0;0;0;0;0;0;0;0;0;1;0;0;0;0;0;0;1;1
1917;10;0;0;1;0;0;0;0;0;0;0;91.3916015625;0;-12.893798828125;-11.6025390625;-12.893798828125;1.291259765625;0;0;0;0;0;0;0;0;0;0;0;0;1;0;0;0;0;0;0;1;1
1926;10;0;0;1;0;0;0;0;0;0;0;91.3916015625;0;-12.893798828125;-11.6025390625;-12.893798828125;1.291259765625;0;0;0;0;0;0;0;0;0;0;0;0;1;0;0;0;0;0;0;1;1
1938;10;0;0;1;0;0;0;0;0;0;0;91.3916015625;0;-12.893798828125;-11.6025390625;-12.893798828125;1.291259765625;0;0;0;0;0;0;0;0;0;0;0;0;1;0;0;0;0;0;0;1;1
1946;10;0;0;1;0;0;0;0;0;0;0;91.3916015625;0;-12.893798828125;-11.6025390625;-12.893798828125;1.291259765625;0;0;0;0;0;0;0;0;0;0;0;0;1;0;0;0;0;0;0;1;1
1956;10;0;0;1;0;0;0;0;0;0;0;91.3916015625;0;-12.893798828125;-11.6025390625;-12.893798828125;1.291259765625;0;0;0;0;0;0;0;0;0;0;0;0;1;0;0;0;0;0;0;1;1
1966;10;0;0;1;0;0;0;0;0;0;0;91.3916015625;0;-12.893798828125;-11.6025390625;-12.893798828125;1.291259765625;0;0;0;0;0;0;0;0;0;0;0;0;1;0;0;0;0;0;0;1;1
1977;10;0;0;1;0;0;0;0;0;0;0;91.3916015625;0;-12.893798828125;-11.6025390625;-12.893798828125;1.291259765625;0;0;0;0;0;0;0;0;0;0;0;0;1;0;0;0;0;0;0;1;1
1986;10;0;0;1;0;0;0;0;0;0;0;91.3916015625;0;-12.893798828125;-11.6025390625;-12.893798828125;1.291259765625;0;0;0;0;0;0;0;0;0;0;0;0;1;0;0;0;0;0;0;1;1
1996;10;0;0;1;0;0;0;0;0;0;0;91.3916015625;0;-12.893798828125;-11.6025390625;-12.893798828125;1.291259765625;0;0;0;0;0;0;0;0;0;0;0;0;1;0;0;0;0;0;0;1;1
2006;10;0;0;1;0;0;0;0;0;0;0;91.3916015625;0;-12.893798828125;-11.6025390625;-12.893798828125;1.291259765625;0;0;0;0;0;0;0;0;0;0;0;0;1;0;0;0;0;0;0;1;1
2016;10;0;0;1;0;0;0;0;0;0;0;91.3916015625;0;-12.893798828125;-11.6025390625;-12.893798828125;1.291259765625;0;0;0;0;0;0;0;0;0;0;0;0;1;0;0;0;0;0;0;1;1
2026;10;0;0;1;0;0;0;0;0;0;0;91.3916015625;0;-12.893798828125;-11.6025390625;-12.893798828125;1.291259765625;0;0;0;0;0;0;0;0;0;0;0;0;1;0;0;0;0;0;0;1;1
2036;10;0;0;1;0;0;0;0;0;0;0;91.3916015625;0;-12.893798828125;-11.6025390625;-12.893798828125;1.291259765625;0;0;0;0;0;0;0;0;0;0;0;0;1;0;0;0;0;0;0;1;1
2046;10;0;0;1;0;0;0;0;0;0;0;91.3916015625;0;-12.893798828125;-11.6025390625;-12.893798828125;1.291259765625;0;0;0;0;0;0;0;0;0;0;0;0;1;0;0;0;0;0;0;1;1
2056;10;0;0;1;0;0;0;0;0;0;0;91.3916015625;0;-12.893798828125;-11.6025390625;-12.893798828125;1.291259765625;0;0;0;0;0;0;0;0;0;0;0;0;1;0;0;0;0;0;0;1;1
2066;10;0;0;1;0;0;0;0;0;0;0;91.3916015625;0;-12.893798828125;-11.6025390625;-12.893798828125;1.291259765625;0;0;0;0;0;0;0;0;0;0;0;0;1;0;0;0;0;0;0;1;1
2076;10;0;0;1;0;0;0;0;0;0;0;91.3916015625;0;-12.893798828125;-11.6025390625;-12.893798828125;1.291259765625;0;0;0;0;0;0;0;0;0;0;0;0;1;0;0;0;0;0;0;1;1
2086;10;0;0;1;0;0;0;0;0;0;0;91.3916015625;0;-12.893798828125;-11.6025390625;-12.893798828125;1.291259765625;0;0;0;0;0;0;0;0;0;0;0;0;1;0;0;0;0;0;0;1;1
2096;10;0;0;1;0;0;0;0;0;0;0;91.3916015625;0;-12.893798828125;-11.6025390625;-12.893798828125;1.291259765625;0;0;0;0;0;0;0;0;0;0;0;0;1;0;0;0;0;0;0;1;1
2106;10;0;0;1;0;0;0;0;0;0;0;91.3916015625;0;-12.893798828125;-11.6025390625;-12.893798828125;1.291259765625;0;0;0;0;0;0;0;0;0;0;0;0;1;0;0;0;0;0;0;1;1
2116;10;0;0;1;0;0;0;0;0;0;0;91.3916015625;0;-12.893798828125;-11.6025390625;-12.893798828125;1.291259765625;0;0;0;0;0;0;0;0;0;0;0;0;1;0;0;0;0;0;0;1;1
2126;10;0;0;1;0;0;0;0;0;0;0;91.3916015625;0;-12.893798828125;-11.6025390625;-12.893798828125;1.291259765625;0;0;0;0;0;0;0;0;0;0;0;0;1;0;0;0;0;0;0;1;1
2136;10;0;0;1;0;0;0;0;0;0;0;91.3916015625;0;-12.893798828125;-11.6025390625;-12.893798828125;1.291259765625;0;0;0;0;0;0;0;0;0;0;0;0;1;0;0;0;0;0;0;1;1
2147;10;0;0;1;0;0;0;0;0;0;0;91.3916015625;0;-12.893798828125;-11.6025390625;-12.893798828125;1.291259765625;0;0;0;0;0;0;0;0;0;0;0;0;1;0;0;0;0;0;0;1;1
2156;10;0;0;1;0;0;0;0;0;0;0;91.3916015625;0;-12.893798828125;-11.6025390625;-12.893798828125;1.291259765625;0;0;0;0;0;0;0;0;0;0;0;0;1;0;0;0;0;0;0;1;1
2166;10;0;0;1;0;0;0;0;0;0;0;91.3916015625;0;-12.893798828125;-11.6025390625;-12.893798828125;1.291259765625;0;0;0;0;0;0;0;0;0;0;0;0;1;0;0;0;0;0;0;1;1
2176;10;0;0;1;0;0;0;0;0;0;0;91.3916015625;0;-12.893798828125;-11.6025390625;-12.893798828125;1.291259765625;0;0;0;0;0;0;0;0;0;0;0;0;1;0;0;0;0;0;0;1;1
2186;10;0;0;1;0;0;0;0;0;0;0;91.3916015625;0;-12.893798828125;-11.6025390625;-12.893798828125;1.291259765625;0;0;0;0;0;0;0;0;0;0;0;0;1;0;0;0;0;0;0;1;1
2196;10;0;0;1;0;0;0;0;0;0;0;91.3916015625;0;-12.893798828125;-11.6025390625;-12.893798828125;1.291259765625;0;0;0;0;0;0;0;0;0;0;0;0;1;0;0;0;0;0;0;1;1
2206;10;0;0;1;0;0;0;0;0;0;0;91.3916015625;0;-12.893798828125;-11.6025390625;-12.893798828125;1.291259765625;0;0;0;0;0;0;0;0;0;0;0;0;1;0;0;0;0;0;0;1;1
2217;10;0;0;1;0;0;0;0;0;0;0;91.3916015625;0;-12.893798828125;-11.6025390625;-12.893798828125;1.291259765625;0;0;0;0;0;0;0;0;0;0;0;0;1;0;0;0;0;0;0;1;1
2226;10;0;0;1;0;0;0;0;0;0;0;91.3916015625;0;-12.893798828125;-11.6025390625;-12.893798828125;1.291259765625;0;0;0;0;0;0;0;0;0;0;0;0;1;0;0;0;0;0;0;1;1
2236;10;0;0;1;0;0;0;0;0;0;0;91.3916015625;0;-12.893798828125;-11.6025390625;-12.893798828125;1.291259765625;0;0;0;0;0;0;0;0;0;0;0;0;1;0;0;0;0;0;0;1;1
2246;10;0;0;1;0;0;0;0;0;0;0;91.3916015625;0;-12.893798828125;-11.6025390625;-12.893798828125;1.291259765625;0;0;0;0;0;0;0;0;0;0;0;0;1;0;0;0;0;0;0;1;1
2256;10;0;0;1;0;0;0;0;0;0;0;91.3916015625;0;-12.893798828125;-11.6025390625;-12.893798828125;1.291259765625;0;0;0;0;0;0;0;0;0;0;0;0;1;0;0;0;0;0;0;1;1
2266;10;0;0;1;0;0;0;0;0;0;0;91.3916015625;0;-12.893798828125;-11.6025390625;-12.893798828125;1.291259765625;0;0;0;0;0;0;0;0;0;0;0;0;1;0;0;0;0;0;0;1;1
2276;10;0;0;1;0;0;0;0;0;0;0;91.3916015625;0;-12.893798828125;-11.6025390625;-12.893798828125;1.291259765625;0;0;0;0;0;0;0;0;0;0;0;0;1;0;0;0;0;0;0;1;1
2286;10;0;0;1;0;0;0;0;0;0;0;91.3916015625;0;-12.893798828125;-11.6025390625;-12.893798828125;1.291259765625;0;0;0;0;0;0;0;0;0;0;0;0;1;0;0;0;0;0;0;1;1
2296;10;0;0;1;0;0;0;0;0;0;0;91.3916015625;0;-12.893798828125;-11.6025390625;-12.893798828125;1.291259765625;0;0;0;0;0;0;0;0;0;0;0;0;1;0;0;0;0;0;0;1;1
2306;10;0;0;1;0;0;0;0;0;0;0;91.3916015625;0;-12.893798828125;-11.6025390625;-12.893798828125;1.291259765625;0;0;0;0;0;0;0;0;0;0;0;0;1;0;0;0;0;0;0;1;1
2316;10;0;0;1;0;0;0;0;0;0;0;91.3916015625;0;-12.893798828125;-11.6025390625;-12.893798828125;1.291259765625;0;0;0;0;0;0;0;0;0;0;0;0;1;0;0;0;0;0;0;1;1
2326;10;0;0;1;0;0;0;0;0;0;0;91.3916015625;0;-12.893798828125;-11.6025390625;-12.893798828125;1.291259765625;0;0;0;0;0;0;0;0;0;0;0;0;1;0;0;0;0;0;0;1;1
2336;10;0;0;1;0;0;0;0;0;0;0;91.3916015625;0;-12.893798828125;-11.6025390625;-12.893798828125;1.291259765625;0;0;0;0;0;0;0;0;0;0;0;0;1;0;0;0;0;0;0;1;1
2346;10;0;0;1;0;0;0;0;0;0;0;91.3916015625;0;-12.893798828125;-11.6025390625;-12.893798828125;1.291259765625;0;0;0;0;0;0;0;0;0;0;0;0;1;0;0;0;0;0;0;1;1
2356;10;0;0;1;0;0;0;0;0;0;0;91.3916015625;0;-12.893798828125;-11.6025390625;-12.893798828125;1.291259765625;0;0;0;0;0;0;0;0;0;0;0;0;1;0;0;0;0;0;0;1;1
2366;10;0;0;1;0;0;0;0;0;0;0;91.3916015625;0;-12.893798828125;-11.6025390625;-12.893798828125;1.291259765625;0;0;0;0;0;0;0;0;0;0;0;0;1;0;0;0;0;0;0;1;1
2377;10;0;0;1;0;0;0;0;0;0;0;91.3916015625;0;-12.893798828125;-11.6025390625;-12.893798828125;1.291259765625;0;0;0;0;0;0;0;0;0;0;0;0;1;0;0;0;0;0;0;1;1
2386;10;0;0;1;0;0;0;0;0;0;0;91.3916015625;0;-12.893798828125;-11.6025390625;-12.893798828125;1.291259765625;0;0;0;0;0;0;0;0;0;0;0;0;1;0;0;0;0;0;0;1;1
2396;10;0;0;1;0;0;0;0;0;0;0;91.3916015625;0;-12.893798828125;-11.6025390625;-12.893798828125;1.291259765625;0;0;0;0;0;0;0;0;0;0;0;0;1;0;0;0;0;0;0;1;1
2406;10;0;0;1;0;0;0;0;0;0;0;91.3916015625;0;-12.893798828125;-11.6025390625;-12.893798828125;1.291259765625;0;0;0;0;0;0;0;0;0;0;0;0;1;0;0;0;0;0;0;1;1
2416;10;0;0;1;0;0;0;0;0;0;0;91.3916015625;0;-12.893798828125;-11.6025390625;-12.893798828125;1.291259765625;0;0;0;0;0;0;0;0;0;0;0;0;1;0;0;0;0;0;0;1;1
2426;10;0;0;1;0;0;0;0;0;0;0;91.3916015625;0;-12.893798828125;-11.6025390625;-12.893798828125;1.291259765625;0;0;0;0;0;0;0;0;0;0;0;0;1;0;0;0;0;0;0;1;1
2436;10;0;0;1;0;0;0;0;0;0;0;91.3916015625;0;-12.893798828125;-11.6025390625;-12.893798828125;1.291259765625;0;0;0;0;0;0;0;0;0;0;0;0;1;0;0;0;0;0;0;1;1
2446;10;0;0;1;0;0;0;0;0;0;0;91.3916015625;0;-12.893798828125;-11.6025390625;-12.893798828125;1.291259765625;0;0;0;0;0;0;0;0;0;0;0;0;1;0;0;0;0;0;0;1;1
2456;10;0;0;1;0;0;0;0;0;0;0;91.3916015625;0;-12.893798828125;-11.6025390625;-12.893798828125;1.291259765625;0;0;0;0;0;0;0;0;0;0;0;0;1;0;0;0;0;0;0;1;1
2466;10;0;0;1;0;0;0;0;0;0;0;91.3916015625;0;-12.893798828125;-11.6025390625;-12.893798828125;1.291259765625;0;0;0;0;0;0;0;0;0;0;0;0;1;0;0;0;0;0;0;1;1
2477;10;0;0;1;0;0;0;0;0;0;0;91.3916015625;0;-12.893798828125;-11.6025390625;-12.893798828125;1.291259765625;0;0;0;0;0;0;0;0;0;0;0;0;1;0;0;0;0;0;0;1;1
2486;10;0;0;1;0;0;0;0;0;0;0;91.3916015625;0;-12.893798828125;-11.6025390625;-12.893798828125;1.291259765625;0;0;0;0;0;0;0;0;0;0;0;0;1;0;0;0;0;0;0;1;1
2496;10;0;0;1;0;0;0;0;0;0;0;91.3916015625;0;-12.893798828125;-11.6025390625;-12.893798828125;1.291259765625;0;0;0;0;0;0;0;0;0;0;0;0;1;0;0;0;0;0;0;1;1
2506;10;0;0;1;0;0;0;0;0;0;0;91.3916015625;0;-12.893798828125;-11.6025390625;-12.893798828125;1.291259765625;0;0;0;0;0;0;0;0;0;0;0;0;1;0;0;0;0;0;0;1;1
2516;10;0;0;1;0;0;0;0;0;0;0;91.3916015625;0;-12.893798828125;-11.6025390625;-12.893798828125;1.291259765625;0;0;0;0;0;0;0;0;0;0;0;0;1;0;0;0;0;0;0;1;1
2526;10;0;0;1;0;0;0;0;0;0;0;91.3916015625;0;-12.893798828125;-11.6025390625;-12.893798828125;1.291259765625;0;0;0;0;0;0;0;0;0;0;0;0;1;0;0;0;0;0;0;1;1
2537;10;0;0;1;0;0;0;0;0;0;0;91.3916015625;0;-12.893798828125;-11.6025390625;-12.893798828125;1.291259765625;0;0;0;0;0;0;0;0;0;0;0;0;1;0;0;0;0;0;0;1;1
2546;10;0;0;1;0;0;0;0;0;0;0;91.3916015625;0;-12.893798828125;-11.6025390625;-12.893798828125;1.291259765625;0;0;0;0;0;0;0;0;0;0;0;0;1;0;0;0;0;0;0;1;1
2556;10;0;0;1;0;0;0;0;0;0;0;91.3916015625;0;-12.893798828125;-11.6025390625;-12.893798828125;1.291259765625;0;0;0;0;0;0;0;0;0;0;0;0;1;0;0;0;0;0;0;1;1
2566;10;0;0;1;0;0;0;0;0;0;0;91.3916015625;0;-12.893798828125;-11.6025390625;-12.893798828125;1.291259765625;0;0;0;0;0;0;0;0;0;0;0;0;1;0;0;0;0;0;0;1;1
2576;10;0;0;1;0;0;0;0;0;0;0;91.3916015625;0;-12.893798828125;-11.6025390625;-12.893798828125;1.291259765625;0;0;0;0;0;0;0;0;0;0;0;0;1;0;0;0;0;0;0;1;1
2586;10;0;0;1;0;0;0;0;0;0;0;91.3916015625;0;-12.893798828125;-11.6025390625;-12.893798828125;1.291259765625;0;0;0;0;0;0;0;0;0;0;0;0;1;0;0;0;0;0;0;1;1
2596;10;0;0;1;0;0;0;0;0;0;0;91.3916015625;0;-12.893798828125;-11.6025390625;-12.893798828125;1.291259765625;0;0;0;0;0;0;0;0;0;0;0;0;1;0;0;0;0;0;0;1;1
2606;10;0;0;1;0;0;0;0;0;0;0;91.3916015625;0;-12.893798828125;-11.6025390625;-12.893798828125;1.291259765625;0;0;0;0;0;0;0;0;0;0;0;0;1;0;0;0;0;0;0;1;1
2616;10;0;0;1;0;0;0;0;0;0;0;91.3916015625;0;-12.893798828125;-11.6025390625;-12.893798828125;1.291259765625;0;0;0;0;0;0;0;0;0;0;0;0;1;0;0;0;0;0;0;1;1
2626;10;0;0;1;0;0;0;0;0;0;0;91.3916015625;0;-12.893798828125;-11.6025390625;-12.893798828125;1.291259765625;0;0;0;0;0;0;0;0;0;0;0;0;1;0;0;0;0;0;0;1;1
2637;10;0;0;1;0;0;0;0;0;0;0;91.3916015625;0;-12.893798828125;-11.6025390625;-12.893798828125;1.291259765625;0;0;0;0;0;0;0;0;0;0;0;0;1;0;0;0;0;0;0;1;1
2646;10;0;0;1;0;0;0;0;0;0;0;91.3916015625;0;-12.893798828125;-11.6025390625;-12.893798828125;1.291259765625;0;0;0;0;0;0;0;0;0;0;0;0;1;0;0;0;0;0;0;1;1
2656;10;0;0;1;0;0;0;0;0;0;0;91.3916015625;0;-12.893798828125;-11.6025390625;-12.893798828125;1.291259765625;0;0;0;0;0;0;0;0;0;0;0;0;1;0;0;0;0;0;0;1;1
2666;10;0;0;1;0;0;0;0;0;0;0;91.3916015625;0;-12.893798828125;-11.6025390625;-12.893798828125;1.291259765625;0;0;0;0;0;0;0;0;0;0;0;0;1;0;0;0;0;0;0;1;1
2676;10;0;0;1;0;0;0;0;0;0;0;91.3916015625;0;-12.893798828125;-11.6025390625;-12.893798828125;1.291259765625;0;0;0;0;0;0;0;0;0;0;0;0;1;0;0;0;0;0;0;1;1
2686;10;0;0;1;0;0;0;0;0;0;0;91.3916015625;0;-12.893798828125;-11.6025390625;-12.893798828125;1.291259765625;0;0;0;0;0;0;0;0;0;0;0;0;1;0;0;0;0;0;0;1;1
2696;10;0;0;1;0;0;0;0;0;0;0;91.3916015625;0;-12.893798828125;-11.6025390625;-12.893798828125;1.291259765625;0;0;0;0;0;0;0;0;0;0;0;0;1;0;0;0;0;0;0;1;1
2707;10;0;0;1;0;0;0;0;0;0;0;91.3916015625;0;-12.893798828125;-11.6025390625;-12.893798828125;1.291259765625;0;0;0;0;0;0;0;0;0;0;0;0;1;0;0;0;0;0;0;1;1
2717;10;0;0;1;0;0;0;0;0;0;0;91.3916015625;0;-12.893798828125;-11.6025390625;-12.893798828125;1.291259765625;0;0;0;0;0;0;0;0;0;0;0;0;1;0;0;0;0;0;0;1;1
2726;10;0;0;1;0;0;0;0;0;0;0;91.3916015625;0;-12.893798828125;-11.6025390625;-12.893798828125;1.291259765625;0;0;0;0;0;0;0;0;0;0;0;0;1;0;0;0;0;0;0;1;1
2736;10;0;0;1;0;0;0;0;0;0;0;91.3916015625;0;-12.893798828125;-11.6025390625;-12.893798828125;1.291259765625;0;0;0;0;0;0;0;0;0;0;0;0;1;0;0;0;0;0;0;1;1
2746;10;0;0;1;0;0;0;0;0;0;0;91.3916015625;0;-12.893798828125;-11.6025390625;-12.893798828125;1.291259765625;0;0;0;0;0;0;0;0;0;0;0;0;1;0;0;0;0;0;0;1;1
2756;10;0;0;1;0;0;0;0;0;0;0;91.3916015625;0;-12.893798828125;-11.6025390625;-12.893798828125;1.291259765625;0;0;0;0;0;0;0;0;0;0;0;0;1;0;0;0;0;0;0;1;1
2766;10;0;0;1;0;0;0;0;0;0;0;91.3916015625;0;-12.893798828125;-11.6025390625;-12.893798828125;1.291259765625;0;0;0;0;0;0;0;0;0;0;0;0;1;0;0;0;0;0;0;1;1
2776;10;0;0;1;0;0;0;0;0;0;0;91.3916015625;0;-12.893798828125;-11.6025390625;-12.893798828125;1.291259765625;0;0;0;0;0;0;0;0;0;0;0;0;1;0;0;0;0;0;0;1;1
2786;10;0;0;1;0;0;0;0;0;0;0;91.3916015625;0;-12.893798828125;-11.6025390625;-12.893798828125;1.291259765625;0;0;0;0;0;0;0;0;0;0;0;0;1;0;0;0;0;0;0;1;1
2796;10;0;0;1;0;0;0;0;0;0;0;91.3916015625;0;-12.893798828125;-11.6025390625;-12.893798828125;1.291259765625;0;0;0;0;0;0;0;0;0;0;0;0;1;0;0;0;0;0;0;1;1
2809;10;0;0;1;0;0;0;0;0;0;0;91.3916015625;0;-12.893798828125;-11.6025390625;-12.893798828125;1.291259765625;0;0;0;0;0;0;0;0;0;0;0;0;1;0;0;0;0;0;0;1;1
2817;10;0;0;1;0;0;0;0;0;0;0;91.3916015625;0;-12.893798828125;-11.6025390625;-12.893798828125;1.291259765625;0;0;0;0;0;0;0;0;0;0;0;0;1;0;0;0;0;0;0;1;1
2827;10;0;0;1;0;0;0;0;0;0;0;91.3916015625;0;-12.893798828125;-11.6025390625;-12.893798828125;1.291259765625;0;0;0;0;0;0;0;0;0;0;0;0;1;0;0;0;0;0;0;1;1
2836;10;0;0;1;0;0;0;0;0;0;0;91.3916015625;0;-12.893798828125;-11.6025390625;-12.893798828125;1.291259765625;0;0;0;0;0;0;0;0;0;0;0;0;1;0;0;0;0;0;0;1;1
2846;10;0;0;1;0;0;0;0;0;0;0;91.3916015625;0;-12.893798828125;-11.6025390625;-12.893798828125;1.291259765625;0;0;0;0;0;0;0;0;0;0;0;0;1;0;0;0;0;0;0;1;1
2856;10;0;0;1;0;0;0;0;0;0;0;91.3916015625;0;-12.893798828125;-11.6025390625;-12.893798828125;1.291259765625;0;0;0;0;0;0;0;0;0;0;0;0;1;0;0;0;0;0;0;1;1
2866;10;0;0;1;0;0;0;0;0;0;0;91.3916015625;0;-12.893798828125;-11.6025390625;-12.893798828125;1.291259765625;0;0;0;0;0;0;0;0;0;0;0;0;1;0;0;0;0;0;0;1;1
2876;10;0;0;1;0;0;0;0;0;0;0;91.3916015625;0;-12.893798828125;-11.6025390625;-12.893798828125;1.291259765625;0;0;0;0;0;0;0;0;0;0;0;0;1;0;0;0;0;0;0;1;1
2886;10;0;0;1;0;0;0;0;0;0;0;91.3916015625;0;-12.893798828125;-11.6025390625;-12.893798828125;1.291259765625;0;0;0;0;0;0;0;0;0;0;0;0;1;0;0;0;0;0;0;1;1
2896;10;0;0;1;0;0;0;0;0;0;0;91.3916015625;0;-12.893798828125;-11.6025390625;-12.893798828125;1.291259765625;0;0;0;0;0;0;0;0;0;0;0;0;1;0;0;0;0;0;0;1;1
2907;10;1;1;1;0;1;0;0;0;0;0;91.3916015625;1.291259765625;-12.893798828125;-11.6025390625;-12.893798828125;0;0;0;0;1;0;1;0;0;0;0;0;0;1;0;0;0;1;0;0;1;1
2916;10;1;1;1;1;1;0;0;0;0;0;91.3916015625;1.291259765625;-12.893798828125;-11.6025390625;-12.893798828125;0;0;0;0;1;0;1;0;0;0;1;0;0;1;0;0;0;1;0;1;1;1
2926;10;1;1;1;1;1;0;0;0;0;0;91.3916015625;1.291259765625;-12.893798828125;-11.6025390625;-12.893798828125;0;0;0;0;1;0;1;0;0;0;1;0;0;1;0;0;0;1;0;1;1;1
2936;10;1;1;1;1;1;0;0;0;0;0;91.3916015625;1.291259765625;-12.893798828125;-11.6025390625;-12.893798828125;0;0;0;0;1;0;1;0;0;0;1;0;0;1;0;0;0;1;0;1;1;1
2946;10;1;1;1;1;1;0;0;0;0;0;91.3916015625;1.291259765625;-12.893798828125;-11.6025390625;-12.893798828125;0;0;0;0;1;0;1;0;0;0;1;0;0;1;0;0;0;1;0;1;1;1
2956;10;1;1;1;1;1;0;0;0;0;0;91.3916015625;1.291259765625;-12.893798828125;-11.6025390625;-12.893798828125;0;0;0;0;1;0;1;0;0;0;1;0;0;1;0;0;0;1;0;1;1;1
2966;10;1;1;1;1;1;0;0;0;0;0;91.3916015625;1.291259765625;-12.893798828125;-11.6025390625;-12.893798828125;0;0;0;0;1;0;1;0;0;0;1;0;0;1;0;0;0;1;0;1;1;1
2976;10;1;1;1;1;1;0;0;0;0;0;91.3916015625;1.291259765625;-12.893798828125;-11.6025390625;-12.893798828125;0;0;0;0;1;0;1;0;0;0;1;0;0;1;0;0;0;1;0;1;1;0
2986;10;1;1;1;1;1;0;0;0;0;0;91.3916015625;1.291259765625;-12.893798828125;-11.6025390625;-12.893798828125;0;0;0;0;1;0;1;0;0;0;1;0;0;1;0;0;0;1;0;1;1;0
2996;10;1;1;1;1;1;0;0;0;0;0;91.389976501464844;1.29150390625;-12.893798828125;-11.602294921875;-12.893798828125;0;0;0;0;1;0;1;0;0;0;1;0;0;1;0;0;0;1;0;1;1;0
3007;10;1;1;1;1;1;0;0;0;0;0;91.388343811035156;1.291748046875;-12.893798828125;-11.60205078125;-12.893798828125;0;0;0.010000000707805157;0;1;0;1;0;0;0;1;0;0;1;0;0;0;1;0;1;1;0
3018;10;1;1;1;1;1;0;0;0;0;0;91.38671875;1.2919921875;-12.893798828125;-11.601806640625;-12.893798828125;0;0;0.01666666753590107;0;1;0;1;0;0;0;1;0;0;1;0;0;0;1;0;1;1;0
3026;10;1;1;1;1;1;0;0;0;0;0;91.383460998535156;1.29248046875;-12.893798828125;-11.601318359375;-12.893798828125;0;0;0.026666667312383652;0;1;0;1;0;0;0;1;0;0;1;0;0;0;1;0;1;1;0
3036;10;1;1;1;1;1;0;0;0;0;0;91.380210876464844;1.29296875;-12.893798828125;-11.600830078125;-12.893798828125;0;0;0.033333335071802139;0;1;0;1;0;0;0;1;0;0;1;0;0;0;1;0;1;1;0
3046;10;1;1;1;1;1;0;0;0;0;0;91.373695373535156;1.2939453125;-12.893798828125;-11.599853515625;-12.893798828125;0;0;0.046666666865348816;0;1;0;1;0;0;0;1;0;0;1;0;0;0;1;0;1;1;0
3056;10;1;1;1;1;1;0;0;0;0;0;91.368812561035156;1.294677734375;-12.893798828125;-11.59912109375;-12.893798828125;0;0;0.056666668504476547;0;1;0;1;0;0;0;1;0;0;1;0;0;0;1;0;1;1;0
3066;10;1;1;1;1;1;0;0;0;0;0;91.360679626464844;1.2958984375;-12.893798828125;-11.597900390625;-12.893798828125;0;0;0.073333337903022766;0;1;0;1;0;0;0;1;0;0;1;0;0;0;1;0;1;1;0
3076;10;1;1;1;1;1;0;0;0;0;0;91.355796813964844;1.296630859375;-12.893798828125;-11.59716796875;-12.893798828125;0;0;0.080000005662441254;0;1;0;1;0;0;0;1;0;0;1;0;0;0;1;0;1;1;0
3086;10;1;1;1;1;1;0;0;0;0;0;91.344398498535156;1.29833984375;-12.893798828125;-11.595458984375;-12.893798828125;0;0;0.093333333730697632;0;1;0;1;0;0;0;1;0;0;1;0;0;0;1;0;1;1;0
3096;10;1;1;1;1;1;0;0;0;0;0;91.337890625;1.29931640625;-12.893798828125;-11.594482421875;-12.893798828125;0;0;0.10333333909511566;0;1;0;1;0;0;0;1;0;0;1;0;0;0;1;0;1;1;0
3106;10;1;1;1;1;1;0;0;0;0;0;91.324867248535156;1.30126953125;-12.893798828125;-11.592529296875;-12.893798828125;0;0;0.12000000476837158;0;1;0;1;0;0;0;1;0;0;1;0;0;0;1;0;1;1;0
3116;10;1;1;1;1;1;0;0;0;0;0;91.315101623535156;1.302734375;-12.893798828125;-11.591064453125;-12.893798828125;0;0;0.12666666507720947;0;1;0;1;0;0;0;1;0;0;1;0;0;0;1;0;1;1;0
3126;10;1;1;1;1;1;0;0;0;0;0;91.302085876464844;1.3046875;-12.893798828125;-11.589111328125;-12.893798828125;0;0;0.14000001549720764;0;1;0;1;0;0;0;1;0;0;1;0;0;0;1;0;1;1;0
3138;10;1;1;1;1;1;0;0;0;0;0;91.290687561035156;1.306396484375;-12.893798828125;-11.58740234375;-12.893798828125;0;0;0.15000000596046448;0;1;0;1;0;0;0;1;0;0;1;0;0;0;1;0;1;1;0
3146;10;1;1;1;1;1;0;0;0;0;0;91.2744140625;1.308837890625;-12.893798828125;-11.5849609375;-12.893798828125;0;0;0.16333334147930145;0;1;0;1;0;0;0;1;0;0;1;0;0;0;1;0;1;1;0
3156;10;1;1;1;1;1;0;0;0;0;0;91.263023376464844;1.310546875;-12.893798828125;-11.583251953125;-12.893798828125;0;0;0.17333334684371948;0;1;0;1;0;0;0;1;0;0;1;0;0;0;1;0;1;1;0
3166;10;1;1;1;1;1;0;0;0;0;0;91.243492126464844;1.3134765625;-12.893798828125;-11.580322265625;-12.893798828125;0;0;0.18666666746139526;0;1;0;1;0;0;0;1;0;0;1;0;0;0;1;0;1;1;0
3176;10;1;1;1;1;1;0;0;0;0;0;91.23046875;1.3154296875;-12.893798828125;-11.578369140625;-12.893798828125;0;0;0.19666667282581329;0;1;0;1;0;0;0;1;0;0;1;0;0;0;1;0;1;1;0
3186;10;1;1;1;1;1;0;0;0;0;0;91.2109375;1.318359375;-12.893798828125;-11.575439453125;-12.893798828125;0;0;0.20666667819023132;0;1;0;1;0;0;0;1;0;0;1;0;0;0;1;0;1;1;0
3197;10;1;1;1;1;1;0;0;0;0;0;91.1962890625;1.320556640625;-12.893798828125;-11.5732421875;-12.893798828125;0;0;0.21666666865348816;0;1;0;1;0;0;0;1;0;0;1;0;0;0;1;0;1;1;0
3206;10;1;1;1;1;1;0;0;0;0;0;91.173500061035156;1.323974609375;-12.893798828125;-11.56982421875;-12.893798828125;0;0;0.23000000417232513;0;1;0;1;0;0;0;1;0;0;1;0;0;0;1;0;1;1;0
3217;10;1;1;1;1;1;0;0;0;0;0;91.158851623535156;1.326171875;-12.893798828125;-11.567626953125;-12.893798828125;0;0;0.23666666448116302;0;1;0;1;0;0;0;1;0;0;1;0;0;0;1;0;1;1;0
3226;10;1;1;1;1;1;0;0;0;0;0;91.134437561035156;1.329833984375;-12.893798828125;-11.56396484375;-12.893798828125;0;0;0.25;0;1;0;1;0;0;0;1;0;0;1;0;0;0;1;0;1;1;0
3237;10;1;1;1;1;1;0;0;0;0;0;91.116539001464844;1.33251953125;-12.893798828125;-11.561279296875;-12.893798828125;0;0;0.25666669011116028;0;1;0;1;0;0;0;1;0;0;1;0;0;0;1;0;1;1;0
3246;10;1;1;1;1;1;0;0;0;0;0;91.090492248535156;1.33642578125;-12.893798828125;-11.557373046875;-12.893798828125;0;0;0.27000001072883606;0;1;0;1;0;0;0;1;0;0;1;0;0;0;1;0;1;1;0
3256;10;1;1;1;1;1;0;0;0;0;0;91.072593688964844;1.339111328125;-12.893798828125;-11.5546875;-12.893798828125;0;0;0.27666667103767395;0;1;0;1;0;0;0;1;0;0;1;0;0;0;1;0;1;1;0
3266;10;1;1;1;1;1;0;0;0;0;0;91.044921875;1.34326171875;-12.893798828125;-11.550537109375;-12.893798828125;0;0;0.29333335161209106;0;1;0;1;0;0;0;1;0;0;1;0;0;0;1;0;1;1;0
3276;10;1;1;1;1;1;0;0;0;0;0;91.025390625;1.34619140625;-12.893798828125;-11.547607421875;-12.893798828125;0;0;0.30000001192092896;0;1;0;1;0;0;0;1;0;0;1;0;0;0;1;0;1;1;0
3286;10;1;1;1;1;1;0;0;0;0;0;90.994468688964844;1.350830078125;-12.893798828125;-11.54296875;-12.893798828125;0;0;0.31000000238418579;0;1;0;1;0;0;0;1;0;0;1;0;0;0;1;0;1;1;0
3297;10;1;1;1;1;1;0;0;0;0;0;90.974937438964844;1.353759765625;-12.893798828125;-11.5400390625;-12.893798828125;0;0;0.320000022649765;0;1;0;1;0;0;0;1;0;0;1;0;0;0;1;0;1;1;0
3306;10;1;1;1;1;1;0;0;0;0;0;90.9423828125;1.358642578125;-12.893798828125;-11.53515625;-12.893798828125;0;0;0.33000001311302185;0;1;0;1;0;0;0;1;0;0;1;0;0;0;1;0;1;1;0
3316;10;1;1;1;1;1;0;0;0;0;0;90.921226501464844;1.36181640625;-12.893798828125;-11.531982421875;-12.893798828125;0;0;0.33666667342185974;0;1;0;1;0;0;0;1;0;0;1;0;0;0;1;0;1;1;0
3326;10;1;1;1;1;1;0;0;0;0;0;90.888671875;1.36669921875;-12.893798828125;-11.527099609375;-12.893798828125;0;0;0.34999999403953552;0;1;0;1;0;0;0;1;0;0;1;0;0;0;1;0;1;1;0
3337;10;1;1;1;1;1;0;0;0;0;0;90.865882873535156;1.3701171875;-12.893798828125;-11.523681640625;-12.893798828125;0;0;0.35666665434837341;0;1;0;1;0;0;0;1;0;0;1;0;0;0;1;0;1;1;0
3346;10;1;1;1;1;1;0;0;0;0;0;90.830078125;1.37548828125;-12.893798828125;-11.518310546875;-12.893798828125;0;0;0.36666667461395264;0;1;0;1;0;0;0;1;0;0;1;0;0;0;1;0;1;1;0
3356;10;1;1;1;1;1;0;0;0;0;0;90.8056640625;1.379150390625;-12.893798828125;-11.5146484375;-12.893798828125;0;0;0.37666666507720947;0;1;0;1;0;0;0;1;0;0;1;0;0;0;1;0;1;1;0
3366;10;1;1;1;1;1;0;0;0;0;0;90.769859313964844;1.384521484375;-12.893798828125;-11.50927734375;-12.893798828125;0;0;0.3866666853427887;0;1;0;1;0;0;0;1;0;0;1;0;0;0;1;0;1;1;0
3376;10;1;1;1;1;1;0;0;0;0;0;90.745445251464844;1.38818359375;-12.893798828125;-11.505615234375;-12.893798828125;0;0;0.39333334565162659;0;1;0;1;0;0;0;1;0;0;1;0;0;0;1;0;1;1;0
3386;10;1;1;1;1;1;0;0;0;0;0;90.706382751464844;1.39404296875;-12.893798828125;-11.499755859375;-12.893798828125;0;0;0.40666666626930237;0;1;0;1;0;0;0;1;0;0;1;0;0;0;1;0;1;1;0
3397;10;1;1;1;1;1;0;0;0;0;0;90.680335998535156;1.39794921875;-12.893798828125;-11.495849609375;-12.893798828125;0;0;0.40999999642372131;0;1;0;1;0;0;0;1;0;0;1;0;0;0;1;0;1;1;0
3406;10;1;1;1;1;1;0;0;0;0;0;90.6396484375;1.404052734375;-12.893798828125;-11.48974609375;-12.893798828125;0;0;0.42333331704139709;0;1;0;1;0;0;0;1;0;0;1;0;0;0;1;0;1;1;0
3417;10;1;1;1;1;1;0;0;0;0;0;90.613609313964844;1.407958984375;-12.893798828125;-11.48583984375;-12.893798828125;0;0;0.43000000715255737;0;1;0;1;0;0;0;1;0;0;1;0;0;0;1;0;1;1;0
3426;10;1;1;1;1;1;0;0;0;0;0;90.5712890625;1.414306640625;-12.893798828125;-11.4794921875;-12.893798828125;0;0;0.43999999761581421;0;1;0;1;0;0;0;1;0;0;1;0;0;0;1;0;1;1;0
3436;10;1;1;1;1;1;0;0;0;0;0;90.543617248535156;1.41845703125;-12.893798828125;-11.475341796875;-12.893798828125;0;0;0.44666668772697449;0;1;0;1;0;0;0;1;0;0;1;0;0;0;1;0;1;1;0
3446;10;1;1;1;1;1;0;0;0;0;0;90.499671936035156;1.425048828125;-12.893798828125;-11.46875;-12.893798828125;0;0;0.45666664838790894;0;1;0;1;0;0;0;1;0;0;1;0;0;0;1;0;1;1;0
3456;10;1;1;1;1;1;0;0;0;0;0;90.472007751464844;1.42919921875;-12.893798828125;-11.464599609375;-12.893798828125;0;0;0.46333333849906921;0;1;0;1;0;0;0;1;0;0;1;0;0;0;1;0;1;1;0
3467;10;1;1;1;1;1;0;0;0;0;0;90.426429748535156;1.43603515625;-12.893798828125;-11.457763671875;-12.893798828125;0;0;0.47333332896232605;0;1;0;1;0;0;0;1;0;0;1;0;0;0;1;0;1;1;0
3476;10;1;1;1;1;1;0;0;0;0;0;90.397132873535156;1.4404296875;-12.893798828125;-11.453369140625;-12.893798828125;0;0;0.476666659116745;0;1;0;1;0;0;0;1;0;0;1;0;0;0;1;0;1;1;0
3486;10;1;1;1;1;1;0;0;0;0;0;90.3515625;1.447265625;-12.893798828125;-11.446533203125;-12.893798828125;0;0;0.48999997973442078;0;1;0;1;0;0;0;1;0;0;1;0;0;0;1;0;1;1;0
3496;10;1;1;1;1;1;0;0;0;0;0;90.320640563964844;1.451904296875;-12.893798828125;-11.44189453125;-12.893798828125;0;0;0.49333333969116211;0;1;0;1;0;0;0;1;0;0;1;0;0;0;1;0;1;1;0
3506;10;1;1;1;1;1;0;0;0;0;0;90.2734375;1.458984375;-12.893798828125;-11.434814453125;-12.893798828125;0;0;0.503333330154419;0;1;0;1;0;0;0;1;0;0;1;0;0;0;1;0;1;1;0
3516;10;1;1;1;1;1;0;0;0;0;0;90.240882873535156;1.4638671875;-12.893798828125;-11.429931640625;-12.893798828125;0;0;0.50999999046325684;0;1;0;1;0;0;0;1;0;0;1;0;0;0;1;0;1;1;0
3527;10;1;1;1;1;1;0;0;0;0;0;90.192054748535156;1.47119140625;-12.893798828125;-11.422607421875;-12.893798828125;0;0;0.51666665077209473;0;1;0;1;0;0;0;1;0;0;1;0;0;0;1;0;1;1;0
3537;10;1;1;1;1;1;0;0;0;0;0;90.159507751464844;1.47607421875;-12.893798828125;-11.417724609375;-12.893798828125;0;0;0.52333331108093262;0;1;0;1;0;0;0;1;0;0;1;0;0;0;1;0;1;1;0
3546;10;1;1;1;1;1;0;0;0;0;0;90.109046936035156;1.483642578125;-12.893798828125;-11.41015625;-12.893798828125;0;0;0.53666669130325317;0;1;0;1;0;0;0;1;0;0;1;0;0;0;1;0;1;1;0
3556;10;1;1;1;1;1;0;0;0;0;0;90.074867248535156;1.48876953125;-12.893798828125;-11.405029296875;-12.893798828125;0;0;0.54333335161209106;0;1;0;1;0;0;0;1;0;0;1;0;0;0;1;0;1;1;0
3567;10;1;1;1;1;1;0;0;0;0;0;90.0244140625;1.496337890625;-12.893798828125;-11.3974609375;-12.893798828125;0;0;0.54666668176651;0;1;0;1;0;0;0;1;0;0;1;0;0;0;1;0;1;1;0
3576;10;1;1;1;1;1;0;0;0;0;0;89.988609313964844;1.501708984375;-12.893798828125;-11.39208984375;-12.893798828125;0;0;0.5533333420753479;0;1;0;1;0;0;0;1;0;0;1;0;0;0;1;0;1;1;0
3586;10;1;1;1;1;1;0;0;0;0;0;89.9365234375;1.509521484375;-12.893798828125;-11.38427734375;-12.893798828125;0;0;0.56666666269302368;0;1;0;1;0;0;0;1;0;0;1;0;0;0;1;0;1;1;0
3596;10;1;1;1;1;1;0;0;0;0;0;89.900718688964844;1.514892578125;-12.893798828125;-11.37890625;-12.893798828125;0;0;0.56999999284744263;0;1;0;1;0;0;0;1;0;0;1;0;0;0;1;0;1;1;0
3606;10;1;1;1;1;1;0;0;0;0;0;89.847007751464844;1.52294921875;-12.893798828125;-11.370849609375;-12.893798828125;0;0;0.57666671276092529;0;1;0;1;0;0;0;1;0;0;1;0;0;0;1;0;1;1;0
3617;10;1;1;1;1;1;0;0;0;0;0;89.811195373535156;1.5283203125;-12.893798828125;-11.365478515625;-12.893798828125;0;0;0.58333331346511841;0;2;0;1;0;0;0;1;0;0;1;0;0;0;1;0;1;1;0
3626;10;1;1;1;2;1;0;0;0;0;0;89.755859375;1.53662109375;-12.893798828125;-11.357177734375;-12.893798828125;0;0;0.59333336353302;0;2;0;1;0;0;0;1;0;0;1;0;0;0;1;0;1;1;0
3636;10;1;1;1;2;1;0;0;0;0;0;89.718421936035156;1.542236328125;-12.893798828125;-11.3515625;-12.893798828125;0;0;0.59666663408279419;0;2;0;1;0;0;0;1;0;0;1;0;0;0;1;0;1;1;0
3646;10;1;1;1;2;1;0;0;0;0;0;89.661460876464844;1.55078125;-12.893798828125;-11.343017578125;-12.893798828125;0;0;0.60333335399627686;0;2;0;1;0;0;0;1;0;0;1;0;0;0;1;0;1;1;0
3656;10;1;1;1;2;1;0;0;0;0;0;89.6240234375;1.556396484375;-12.893798828125;-11.33740234375;-12.893798828125;0;0;0.61333334445953369;0;2;0;1;0;0;0;1;0;0;1;0;0;0;1;0;1;1;0
3667;10;1;1;1;2;1;0;0;0;0;0;89.5654296875;1.565185546875;-12.893798828125;-11.32861328125;-12.893798828125;0;0;0.62000000476837158;0;2;0;1;0;0;0;1;0;0;1;0;0;0;1;0;1;1;0
3676;10;1;1;1;2;1;0;0;0;0;0;89.527992248535156;1.57080078125;-12.893798828125;-11.322998046875;-12.893798828125;0;0;0.62333333492279053;0;2;0;1;0;0;0;1;0;0;1;0;0;0;1;0;1;1;0
3686;10;1;1;1;2;1;0;0;0;0;0;89.469398498535156;1.57958984375;-12.893798828125;-11.314208984375;-12.893798828125;0;0;0.62999999523162842;0;2;0;1;0;0;0;1;0;0;1;0;0;0;1;0;1;1;0
3698;10;1;1;1;2;1;0;0;0;0;0;89.4287109375;1.585693359375;-12.893798828125;-11.30810546875;-12.893798828125;0;0;0.63666665554046631;0;2;0;1;0;0;0;1;0;0;1;0;0;0;1;0;1;1;0
3706;10;1;1;1;2;1;0;0;0;0;0;89.3701171875;1.594482421875;-12.893798828125;-11.29931640625;-12.893798828125;0;0;0.643333375453949;0;2;0;1;0;0;0;1;0;0;1;0;0;0;1;0;1;1;0
3716;10;1;1;1;2;1;0;0;0;0;0;89.329429626464844;1.6005859375;-12.893798828125;-11.293212890625;-12.893798828125;0;0;0.64666664600372314;0;2;0;1;0;0;0;1;0;0;1;0;0;0;1;0;1;1;0
3727;10;1;1;1;2;1;0;0;0;0;0;89.267578125;1.60986328125;-12.893798828125;-11.283935546875;-12.893798828125;0;0;0.65666669607162476;0;2;0;1;0;0;0;1;0;0;1;0;0;0;1;0;1;1;0
3736;10;1;1;1;2;1;0;0;0;0;0;89.226890563964844;1.615966796875;-12.893798828125;-11.27783203125;-12.893798828125;0;0;0.66333329677581787;0;2;0;1;0;0;0;1;0;0;1;0;0;0;1;0;1;1;0
3746;10;1;1;1;2;1;0;0;0;0;0;89.1650390625;1.625244140625;-12.893798828125;-11.2685546875;-12.893798828125;0;0;0.66666668653488159;0;2;0;1;0;0;0;1;0;0;1;0;0;0;1;0;1;1;0
3756;10;1;1;1;2;1;0;0;0;0;0;89.122718811035156;1.631591796875;-12.893798828125;-11.26220703125;-12.893798828125;0;0;0.67333334684371948;0;2;0;1;0;0;0;1;0;0;1;0;0;0;1;0;1;1;0
3766;10;1;1;1;2;1;0;0;0;0;0;89.059242248535156;1.64111328125;-12.893798828125;-11.252685546875;-12.893798828125;0;0;0.68000000715255737;0;2;0;1;0;0;0;1;0;0;1;0;0;0;1;0;1;1;0
3776;10;1;1;1;2;1;0;0;0;0;0;89.016929626464844;1.6474609375;-12.893798828125;-11.246337890625;-12.893798828125;0;0;0.68333333730697632;0;2;0;1;0;0;0;1;0;0;1;0;0;0;1;0;1;1;0
3786;10;1;1;1;2;1;0;0;0;0;0;88.953453063964844;1.656982421875;-12.893798828125;-11.23681640625;-12.893798828125;0;0;0.68999999761581421;0;2;0;1;0;0;0;1;0;0;1;0;0;0;1;0;1;1;0
3796;10;1;1;1;2;1;0;0;0;0;0;88.909507751464844;1.66357421875;-12.893798828125;-11.230224609375;-12.893798828125;0;0;0.6966666579246521;0;2;0;1;0;0;0;1;0;0;1;0;0;0;1;0;1;1;0
3806;10;1;1;1;2;1;0;0;0;0;0;88.844398498535156;1.67333984375;-12.893798828125;-11.220458984375;-12.893798828125;0;0;0.70333331823349;0;2;0;1;0;0;0;1;0;0;1;0;0;0;1;0;1;1;0
3816;10;1;1;1;2;1;0;0;0;0;0;88.802085876464844;1.6796875;-12.893798828125;-11.214111328125;-12.893798828125;0;0;0.70666670799255371;0;2;0;1;0;0;0;1;0;0;1;0;0;0;1;0;1;1;0
3827;10;1;1;1;2;1;0;0;0;0;0;88.7353515625;1.689697265625;-12.893798828125;-11.2041015625;-12.893798828125;0;0;0.71666663885116577;0;2;0;1;0;0;0;1;0;0;1;0;0;0;1;0;1;1;0
3836;10;1;1;1;2;1;0;0;0;0;0;88.689781188964844;1.696533203125;-12.893798828125;-11.197265625;-12.893798828125;0;0;0.72000002861022949;0;2;0;1;0;0;0;1;0;0;1;0;0;0;1;0;1;1;0
3846;10;1;1;1;2;1;0;0;0;0;0;88.623046875;1.70654296875;-12.893798828125;-11.187255859375;-12.893798828125;0;0;0.72333335876464844;0;2;0;1;0;0;0;1;0;0;1;0;0;0;1;0;1;1;0
3856;10;1;1;1;2;1;0;0;0;0;0;88.577476501464844;1.71337890625;-12.893798828125;-11.180419921875;-12.893798828125;0;0;0.72666668891906738;0;2;0;1;0;0;0;1;0;0;1;0;0;0;1;0;1;1;0
3866;10;1;1;1;2;1;0;0;0;0;0;88.509117126464844;1.7236328125;-12.893798828125;-11.170166015625;-12.893798828125;0;0;0.73666667938232422;0;2;0;1;0;0;0;1;0;0;1;0;0;0;1;0;1;1;0
3876;10;1;1;1;2;1;0;0;0;0;0;88.463539123535156;1.73046875;-12.893798828125;-11.163330078125;-12.893798828125;0;0;0.74000000953674316;0;2;0;1;0;0;0;1;0;0;1;0;0;0;1;0;1;1;0
3886;10;1;1;1;2;1;0;0;0;0;0;88.395179748535156;1.74072265625;-12.893798828125;-11.153076171875;-12.893798828125;0;0;0.746666669845581;0;2;0;1;0;0;0;1;0;0;1;0;0;0;1;0;1;1;0
3897;10;1;1;1;2;1;0;0;0;0;0;88.347984313964844;1.747802734375;-12.893798828125;-11.14599609375;-12.893798828125;0;0;0.753333330154419;0;2;0;1;0;0;0;1;0;0;1;0;0;0;1;0;1;1;0
3906;10;1;1;1;2;1;0;0;0;0;0;88.277992248535156;1.75830078125;-12.893798828125;-11.135498046875;-12.893798828125;0;0;0.753333330154419;0;2;0;1;0;0;0;1;0;0;1;0;0;0;1;0;1;1;0
3916;10;1;1;1;2;1;0;0;0;0;0;88.230796813964844;1.765380859375;-12.893798828125;-11.12841796875;-12.893798828125;0;0;0.76000005006790161;0;2;0;1;0;0;0;1;0;0;1;0;0;0;1;0;1;1;0
3926;10;1;1;1;2;1;0;0;0;0;0;88.160804748535156;1.77587890625;-12.893798828125;-11.117919921875;-12.893798828125;0;0;0.76666665077209473;0;2;0;1;0;0;0;1;0;0;1;0;0;0;1;0;1;1;0
3936;10;1;1;1;2;1;0;0;0;0;0;88.113609313964844;1.782958984375;-12.893798828125;-11.11083984375;-12.893798828125;0;0;0.77000004053115845;0;2;0;1;0;0;0;1;0;0;1;0;0;0;1;0;1;1;0
3946;10;1;1;1;2;1;0;0;0;0;0;88.040367126464844;1.7939453125;-12.893798828125;-11.099853515625;-12.893798828125;0;0;0.77666670083999634;0;2;0;1;0;0;0;1;0;0;1;0;0;0;1;0;1;1;0
3956;10;1;1;1;2;1;0;0;0;0;0;87.9931640625;1.801025390625;-12.893798828125;-11.0927734375;-12.893798828125;0;0;0.77999997138977051;0;2;0;1;0;0;0;1;0;0;1;0;0;0;1;0;1;1;0
3966;10;1;1;1;2;1;0;0;0;0;0;87.919921875;1.81201171875;-12.893798828125;-11.081787109375;-12.893798828125;0;0;0.78666669130325317;0;2;0;1;0;0;0;1;0;0;1;0;0;0;1;0;1;1;0
3976;10;1;1;1;2;1;0;0;0;0;0;87.87109375;1.8193359375;-12.893798828125;-11.074462890625;-12.893798828125;0;0;0.79000002145767212;0;2;0;1;0;0;0;1;0;0;1;0;0;0;1;0;1;1;0
3986;10;1;1;1;2;1;0;0;0;0;0;87.799476623535156;1.830078125;-12.893798828125;-11.063720703125;-12.893798828125;0;0;0.79000002145767212;0;2;0;1;0;0;0;1;0;0;1;0;0;0;1;0;1;1;0
3997;10;1;1;1;2;1;0;0;0;0;0;87.750648498535156;1.83740234375;-12.893798828125;-11.056396484375;-12.893798828125;0;0;0.79333335161209106;0;2;0;1;0;0;0;1;0;0;1;0;0;0;1;0;1;1;0
4006;10;1;1;1;2;1;0;0;0;0;0;87.674156188964844;1.848876953125;-12.893798828125;-11.044921875;-12.893798828125;0;0;0.80666667222976685;0;2;0;1;0;0;0;1;0;0;1;0;0;0;1;0;1;1;0
4016;10;1;1;1;2;1;0;0;0;0;0;87.623695373535156;1.8564453125;-12.893798828125;-11.037353515625;-12.893798828125;0;0;0.81333333253860474;0;2;0;1;0;0;0;1;0;0;1;0;0;0;1;0;1;1;0
4026;10;1;1;1;2;1;0;0;0;0;0;87.550453186035156;1.867431640625;-12.893798828125;-11.0263671875;-12.893798828125;0;0;0.81000006198883057;0;2;0;1;0;0;0;1;0;0;1;0;0;0;1;0;1;1;0
4037;10;1;1;1;2;1;0;0;0;0;0;87.5;1.875;-12.893798828125;-11.018798828125;-12.893798828125;0;0;0.81333333253860474;0;2;0;1;0;0;0;1;0;0;1;0;0;0;1;0;1;1;0
4048;10;1;1;1;2;1;0;0;0;0;0;87.423500061035156;1.886474609375;-12.893798828125;-11.00732421875;-12.893798828125;0;0;0.82333338260650635;0;2;0;1;0;0;0;1;0;0;1;0;0;0;1;0;1;1;0
4057;10;1;1;1;2;1;0;0;0;0;0;87.373046875;1.89404296875;-12.893798828125;-10.999755859375;-12.893798828125;0;0;0.82333338260650635;0;2;0;1;0;0;0;1;0;0;1;0;0;0;1;0;1;1;0
4066;10;1;1;1;2;1;0;0;0;0;0;87.296546936035156;1.905517578125;-12.893798828125;-10.98828125;-12.893798828125;0;0;0.83333331346511841;0;2;0;1;0;0;0;1;0;0;1;0;0;0;1;0;1;1;0
4076;10;1;1;1;2;1;0;0;0;0;0;87.244468688964844;1.913330078125;-12.893798828125;-10.98046875;-12.893798828125;0;0;0.83333331346511841;0;2;0;1;0;0;0;1;0;0;1;0;0;0;1;0;1;1;0
4086;10;1;1;1;2;1;0;0;0;0;0;87.166343688964844;1.925048828125;-12.893798828125;-10.96875;-12.893798828125;0;0;0.84000003337860107;0;2;0;1;0;0;0;1;0;0;1;0;0;0;1;0;1;1;0
4096;10;1;1;1;2;1;0;0;0;0;0;87.1142578125;1.932861328125;-12.893798828125;-10.9609375;-12.893798828125;0;0;0.84666663408279419;0;2;0;1;0;0;0;1;0;0;1;0;0;0;1;0;1;1;0
4106;10;1;1;1;2;1;0;0;0;0;0;87.032875061035156;1.945068359375;-12.893798828125;-10.94873046875;-12.893798828125;0;0;0.86333334445953369;0;2;0;1;0;0;0;1;0;0;1;0;0;0;1;0;1;1;0
4116;10;1;1;1;2;1;0;0;0;0;0;86.979164123535156;1.953125;-12.893798828125;-10.940673828125;-12.893798828125;0;0;0.87000000476837158;0;2;0;1;0;0;0;1;0;0;1;0;0;0;1;0;1;1;0
4127;10;1;1;1;2;1;0;0;0;0;0;86.8994140625;1.965087890625;-12.893798828125;-10.9287109375;-12.893798828125;0;0;0.87333333492279053;0;2;0;1;0;0;0;1;0;0;1;0;0;0;1;0;1;1;0
4136;10;1;1;1;2;1;0;0;0;0;0;86.844078063964844;1.973388671875;-12.893798828125;-10.92041015625;-12.893798828125;0;0;0.88333332538604736;0;2;0;1;0;0;0;1;0;0;1;0;0;0;1;0;1;1;0
4146;10;1;1;1;2;1;0;0;0;0;0;86.759437561035156;1.986083984375;-12.893798828125;-10.90771484375;-12.893798828125;0;0;0.89666664600372314;0;2;0;1;0;0;0;1;0;0;1;0;0;0;1;0;1;1;0
4157;10;1;1;1;2;1;0;0;0;0;0;86.7041015625;1.994384765625;-12.893798828125;-10.8994140625;-12.893798828125;0;0;0.89999997615814209;0;2;0;1;0;0;0;1;0;0;1;0;0;0;1;0;1;1;0
4167;10;1;1;1;2;1;0;0;0;0;0;86.619468688964844;2.007080078125;-12.893798828125;-10.88671875;-12.893798828125;0;0;0.9100000262260437;0;2;0;1;0;0;0;1;0;0;1;0;0;0;1;0;1;1;0
4176;10;1;1;1;2;1;0;0;0;0;0;86.5625;2.015625;-12.893798828125;-10.878173828125;-12.893798828125;0;0;0.92000001668930054;0;2;0;1;0;0;0;1;0;0;1;0;0;0;1;0;1;1;0
4186;10;1;1;1;2;1;0;0;0;0;0;86.477867126464844;2.0283203125;-12.893798828125;-10.865478515625;-12.893798828125;0;0;0.92666667699813843;0;2;0;1;0;0;0;1;0;0;1;0;0;0;1;0;1;1;0
4196;10;1;1;1;2;1;0;0;0;0;0;86.4208984375;2.036865234375;-12.893798828125;-10.85693359375;-12.893798828125;0;0;0.92666667699813843;0;2;0;1;0;0;0;1;0;0;1;0;0;0;1;0;1;1;0
4206;10;1;1;1;2;1;0;0;0;0;0;86.3330078125;2.050048828125;-12.893798828125;-10.84375;-12.893798828125;0;0;0.93999999761581421;0;2;0;1;0;0;0;1;0;0;1;0;0;0;1;0;1;1;0
4216;10;1;1;1;2;1;0;0;0;0;0;86.2744140625;2.058837890625;-12.893798828125;-10.8349609375;-12.893798828125;0;0;0.9466666579246521;0;2;0;1;0;0;0;1;0;0;1;0;0;0;1;0;1;1;0
4227;10;1;1;1;2;1;0;0;0;0;0;86.184898376464844;2.072265625;-12.893798828125;-10.821533203125;-12.893798828125;0;0;0.95666670799255371;0;2;0;1;0;0;0;1;0;0;1;0;0;0;1;0;1;1;0
4236;10;1;1;1;2;1;0;0;0;0;0;86.126304626464844;2.0810546875;-12.893798828125;-10.812744140625;-12.893798828125;0;0;0.96000003814697266;0;2;0;1;0;0;0;1;0;0;1;0;0;0;1;0;1;1;0
4246;10;1;1;1;2;1;0;0;0;0;0;86.036781311035156;2.094482421875;-12.893798828125;-10.79931640625;-12.893798828125;0;0;0.96333330869674683;0;2;0;1;0;0;0;1;0;0;1;0;0;0;1;0;1;1;0
4260;10;1;1;1;2;1;0;0;0;0;0;85.9765625;2.103515625;-12.893798828125;-10.790283203125;-12.893798828125;0;0;0.97333335876464844;0;2;0;1;0;0;0;1;0;0;1;0;0;0;1;0;1;1;0
4266;10;1;1;1;2;1;0;0;0;0;0;85.885414123535156;2.1171875;-12.893798828125;-10.776611328125;-12.893798828125;0;0;0.97999995946884155;0;2;0;1;0;0;0;1;0;0;1;0;0;0;1;0;1;1;0
4276;10;1;1;1;2;1;0;0;0;0;0;85.8251953125;2.126220703125;-12.893798828125;-10.767578125;-12.893798828125;0;0;0.98666667938232422;0;2;0;1;0;0;0;1;0;0;1;0;0;0;1;0;1;1;0
4286;10;1;1;1;2;1;0;0;0;0;0;85.732421875;2.14013671875;-12.893798828125;-10.753662109375;-12.893798828125;0;0;0.996666669845581;0;2;0;1;0;0;0;1;0;0;1;0;0;0;1;0;1;1;0
4296;10;1;1;1;2;1;0;0;0;0;0;85.670570373535156;2.1494140625;-12.893798828125;-10.744384765625;-12.893798828125;0;0;1.0033333301544189;0;2;0;1;0;0;0;1;0;0;1;0;0;0;1;0;1;1;0
4306;10;1;1;1;2;1;0;0;0;0;0;85.577796936035156;2.163330078125;-12.893798828125;-10.73046875;-12.893798828125;0;0;1.0066666603088379;0;2;0;1;0;0;0;1;0;0;1;0;0;0;1;0;1;1;0
4316;10;1;1;1;2;1;0;0;0;0;0;85.514320373535156;2.1728515625;-12.893798828125;-10.720947265625;-12.893798828125;0;0;1.0133333206176758;0;2;0;1;0;0;0;1;0;0;1;0;0;0;1;0;1;1;0
4326;10;1;1;1;2;1;0;0;0;0;0;85.421546936035156;2.186767578125;-12.893798828125;-10.70703125;-12.893798828125;0;0;1.0199999809265137;0;2;0;1;0;0;0;1;0;0;1;0;0;0;1;0;1;1;0
4336;10;1;1;1;2;1;0;0;0;0;0;85.358070373535156;2.1962890625;-12.893798828125;-10.697509765625;-12.893798828125;0;0;1.0233333110809326;0;2;0;1;0;0;0;1;0;0;1;0;0;0;1;0;1;1;0
4346;10;1;1;1;2;1;0;0;0;0;0;85.263671875;2.21044921875;-12.893798828125;-10.683349609375;-12.893798828125;0;0;1.0266667604446411;0;2;0;1;0;0;0;1;0;0;1;0;0;0;1;0;1;1;0
4357;10;1;1;1;2;1;0;0;0;0;0;85.2001953125;2.219970703125;-12.893798828125;-10.673828125;-12.893798828125;0;0;1.0333333015441895;0;2;0;1;0;0;0;1;0;0;1;0;0;0;1;0;1;1;0
4366;10;1;1;1;2;1;0;0;0;0;0;85.1025390625;2.234619140625;-12.893798828125;-10.6591796875;-12.893798828125;0;0;1.0433334112167358;0;2;0;1;0;0;0;1;0;0;1;0;0;0;1;0;1;1;0
4376;10;1;1;1;2;1;0;0;0;0;0;85.037437438964844;2.244384765625;-12.893798828125;-10.6494140625;-12.893798828125;0;0;1.0466666221618652;0;2;0;1;0;0;0;1;0;0;1;0;0;0;1;0;1;1;0
4386;10;1;1;1;2;1;0;0;0;0;0;84.94140625;2.2587890625;-12.893798828125;-10.635009765625;-12.893798828125;0;0;1.0466666221618652;0;2;0;1;0;0;0;1;0;0;1;0;0;0;1;0;1;1;0
4396;10;1;1;1;2;1;0;0;0;0;0;84.8779296875;2.268310546875;-12.893798828125;-10.62548828125;-12.893798828125;0;0;1.0499999523162842;0;2;0;1;0;0;0;1;0;0;1;0;0;0;1;0;1;1;0
4406;10;1;1;1;2;1;0;0;0;0;0;84.778648376464844;2.283203125;-12.893798828125;-10.610595703125;-12.893798828125;0;0;1.06333327293396;0;2;0;1;0;0;0;1;0;0;1;0;0;0;1;0;1;1;0
4416;10;1;1;1;2;1;0;0;0;0;0;84.713539123535156;2.29296875;-12.893798828125;-10.600830078125;-12.893798828125;0;0;1.0666667222976685;0;2;0;1;0;0;0;1;0;0;1;0;0;0;1;0;1;1;0
4431;10;1;1;1;2;1;0;0;0;0;0;84.6142578125;2.307861328125;-12.893798828125;-10.5859375;-12.893798828125;0;0;1.0700000524520874;0;2;0;1;0;0;0;1;0;0;1;0;0;0;1;0;1;1;0
4436;10;1;1;1;2;1;0;0;0;0;0;84.549156188964844;2.317626953125;-12.893798828125;-10.576171875;-12.893798828125;0;0;1.0700000524520874;0;2;0;1;0;0;0;1;0;0;1;0;0;0;1;0;1;1;0
4446;10;1;1;1;2;1;0;0;0;0;0;84.4482421875;2.332763671875;-12.893798828125;-10.56103515625;-12.893798828125;0;0;1.0833333730697632;0;2;0;1;0;0;0;1;0;0;1;0;0;0;1;0;1;1;0
4457;10;1;1;1;2;1;0;0;0;0;0;84.381507873535156;2.3427734375;-12.893798828125;-10.551025390625;-12.893798828125;0;0;1.0866667032241821;0;2;0;1;0;0;0;1;0;0;1;0;0;0;1;0;1;1;0
4466;10;1;1;1;2;1;0;0;0;0;0;84.280601501464844;2.35791015625;-12.893798828125;-10.535888671875;-12.893798828125;0;0;1.0900000333786011;0;2;0;1;0;0;0;1;0;0;1;0;0;0;1;0;1;1;0
4476;10;1;1;1;2;1;0;0;0;0;0;84.2138671875;2.367919921875;-12.893798828125;-10.52587890625;-12.893798828125;0;0;1.09333336353302;0;2;0;1;0;0;0;1;0;0;1;0;0;0;1;0;1;1;0
4486;10;1;1;1;2;1;0;0;0;0;0;84.112953186035156;2.383056640625;-12.893798828125;-10.5107421875;-12.893798828125;0;0;1.1000000238418579;0;2;0;1;0;0;0;1;0;0;1;0;0;0;1;0;1;1;0
4496;10;1;1;1;2;1;0;0;0;0;0;84.044593811035156;2.393310546875;-12.893798828125;-10.50048828125;-12.893798828125;0;0;1.1033333539962769;0;2;0;1;0;0;0;1;0;0;1;0;0;0;1;0;1;1;0
4506;10;1;1;1;2;1;0;0;0;0;0;83.943687438964844;2.408447265625;-12.893798828125;-10.4853515625;-12.893798828125;0;0;1.1033333539962769;0;2;0;1;0;0;0;1;0;0;1;0;0;0;1;0;1;1;0
4517;10;1;1;1;2;1;0;0;0;0;0;83.875328063964844;2.418701171875;-12.893798828125;-10.47509765625;-12.893798828125;0;0;1.1066666841506958;0;2;0;1;0;0;0;1;0;0;1;0;0;0;1;0;1;1;0
4526;10;1;1;1;2;1;0;0;0;0;0;83.771156311035156;2.434326171875;-12.893798828125;-10.45947265625;-12.893798828125;0;0;1.1166666746139526;0;2;0;1;0;0;0;1;0;0;1;0;0;0;1;0;1;1;0
4536;10;1;1;1;2;1;0;0;0;0;0;83.702796936035156;2.444580078125;-12.893798828125;-10.44921875;-12.893798828125;0;0;1.1200001239776611;0;2;0;1;0;0;0;1;0;0;1;0;0;0;1;0;1;1;0
4546;10;1;1;1;2;1;0;0;0;0;0;83.600257873535156;2.4599609375;-12.893798828125;-10.433837890625;-12.893798828125;0;0;1.1200001239776611;0;2;0;1;0;0;0;1;0;0;1;0;0;0;1;0;1;1;0
4557;10;1;1;1;2;1;0;0;0;0;0;83.531898498535156;2.47021484375;-12.893798828125;-10.423583984375;-12.893798828125;0;0;1.1233333349227905;0;2;0;1;0;0;0;1;0;0;1;0;0;0;1;0;1;1;0
4566;10;1;1;1;2;1;0;0;0;0;0;83.427734375;2.48583984375;-12.893798828125;-10.407958984375;-12.893798828125;0;0;1.1299999952316284;0;2;0;1;0;0;0;1;0;0;1;0;0;0;1;0;1;1;0
4576;10;1;1;1;2;1;0;0;0;0;0;83.357749938964844;2.496337890625;-12.893798828125;-10.3974609375;-12.893798828125;0;0;1.1299999952316284;0;2;0;1;0;0;0;1;0;0;1;0;0;0;1;0;1;1;0
4587;10;1;1;1;2;1;0;0;0;0;0;83.253578186035156;2.511962890625;-12.893798828125;-10.3818359375;-12.893798828125;0;0;1.1333333253860474;0;2;0;1;0;0;0;1;0;0;1;0;0;0;1;0;1;1;0
4596;10;1;1;1;2;1;0;0;0;0;0;83.18359375;2.5224609375;-12.893798828125;-10.371337890625;-12.893798828125;0;0;1.1366667747497559;0;2;0;1;0;0;0;1;0;0;1;0;0;0;1;0;1;1;0
4606;10;1;1;1;2;1;0;0;0;0;0;83.077796936035156;2.538330078125;-12.893798828125;-10.35546875;-12.893798828125;0;0;1.1433333158493042;0;2;0;1;0;0;0;1;0;0;1;0;0;0;1;0;1;1;0
4616;10;1;1;1;2;1;0;0;0;0;0;83.0078125;2.548828125;-12.893798828125;-10.344970703125;-12.893798828125;0;0;1.1433333158493042;0;2;0;1;0;0;0;1;0;0;1;0;0;0;1;0;1;1;0
4626;10;1;1;1;2;1;0;0;0;0;0;82.903648376464844;2.564453125;-12.893798828125;-10.329345703125;-12.893798828125;0;0;1.1466667652130127;0;2;0;1;0;0;0;1;0;0;1;0;0;0;1;0;1;1;0
4636;10;1;1;1;2;1;0;0;0;0;0;82.83203125;2.5751953125;-12.893798828125;-10.318603515625;-12.893798828125;0;0;1.1499999761581421;0;2;0;1;0;0;0;1;0;0;1;0;0;0;1;0;1;1;0
4646;10;1;1;1;2;1;0;0;0;0;0;82.726234436035156;2.591064453125;-12.893798828125;-10.302734375;-12.893798828125;0;0;1.1499999761581421;0;2;0;1;0;0;0;1;0;0;1;0;0;0;1;0;1;1;0
4657;10;1;1;1;2;1;0;0;0;0;0;82.654624938964844;2.601806640625;-12.893798828125;-10.2919921875;-12.893798828125;0;0;1.15666663646698;0;2;0;1;0;0;0;1;0;0;1;0;0;0;1;0;1;1;0
4666;10;1;1;1;2;1;0;0;0;0;0;82.548828125;2.61767578125;-12.893798828125;-10.276123046875;-12.893798828125;0;0;1.1633334159851074;0;2;0;1;0;0;0;1;0;0;1;0;0;0;1;0;1;1;0
4679;10;1;1;1;2;1;0;0;0;0;0;82.477210998535156;2.62841796875;-12.893798828125;-10.265380859375;-12.893798828125;0;0;1.1599999666213989;0;2;0;1;0;0;0;1;0;0;1;0;0;0;1;0;1;1;0
4687;10;1;1;1;2;1;0;0;0;0;0;82.369789123535156;2.64453125;-12.893798828125;-10.249267578125;-12.893798828125;0;0;1.1633334159851074;0;2;0;1;0;0;0;1;0;0;1;0;0;0;1;0;1;1;0
4696;10;1;1;1;2;1;0;0;0;0;0;82.298179626464844;2.6552734375;-12.893798828125;-10.238525390625;-12.893798828125;0;0;1.1666666269302368;0;2;0;1;0;0;0;1;0;0;1;0;0;0;1;0;1;1;0
4706;10;1;1;1;2;1;0;0;0;0;0;82.190757751464844;2.67138671875;-12.893798828125;-10.222412109375;-12.893798828125;0;0;1.1700000762939453;0;2;0;1;0;0;0;1;0;0;1;0;0;0;1;0;1;1;0
4716;10;1;1;1;2;1;0;0;0;0;0;82.119140625;2.68212890625;-12.893798828125;-10.211669921875;-12.893798828125;0;0;1.1700000762939453;0;2;0;1;0;0;0;1;0;0;1;0;0;0;1;0;1;1;0
4726;10;1;1;1;2;1;0;0;0;0;0;82.01171875;2.6982421875;-12.893798828125;-10.195556640625;-12.893798828125;0;0;1.1733334064483643;0;2;0;1;0;0;0;1;0;0;1;0;0;0;1;0;1;1;0
4736;10;1;1;1;2;1;0;0;0;0;0;81.9384765625;2.709228515625;-12.893798828125;-10.1845703125;-12.893798828125;0;0;1.1766666173934937;0;2;0;1;0;0;0;1;0;0;1;0;0;0;1;0;1;1;0
4746;10;1;1;1;2;1;0;0;0;0;0;81.8310546875;2.725341796875;-12.893798828125;-10.16845703125;-12.893798828125;0;0;1.1800000667572021;0;2;0;1;0;0;0;1;0;0;1;0;0;0;1;0;1;1;0
4756;10;1;1;1;2;1;0;0;0;0;0;81.7578125;2.736328125;-12.893798828125;-10.157470703125;-12.893798828125;0;0;1.1800000667572021;0;2;0;1;0;0;0;1;0;0;1;0;0;0;1;0;1;1;0
4766;10;1;1;1;2;1;0;0;0;0;0;81.648765563964844;2.752685546875;-12.893798828125;-10.14111328125;-12.893798828125;0;0;1.18666672706604;0;2;0;1;0;0;0;1;0;0;1;0;0;0;1;0;1;1;0
4776;10;1;1;1;2;1;0;0;0;0;0;81.575523376464844;2.763671875;-12.893798828125;-10.130126953125;-12.893798828125;0;0;1.18666672706604;0;2;0;1;0;0;0;1;0;0;1;0;0;0;1;0;1;1;0
4787;10;1;1;1;2;1;0;0;0;0;0;81.466468811035156;2.780029296875;-12.893798828125;-10.11376953125;-12.893798828125;0;0;1.190000057220459;0;2;0;1;0;0;0;1;0;0;1;0;0;0;1;0;1;1;0
4796;10;1;1;1;2;1;0;0;0;0;0;81.394859313964844;2.790771484375;-12.893798828125;-10.10302734375;-12.893798828125;0;0;1.190000057220459;0;2;0;1;0;0;0;1;0;0;1;0;0;0;1;0;1;1;0
4806;10;1;1;1;2;1;0;0;0;0;0;81.2841796875;2.807373046875;-12.893798828125;-10.08642578125;-12.893798828125;0;0;1.1933332681655884;0;2;0;1;0;0;0;1;0;0;1;0;0;0;1;0;1;1;0
4816;10;1;1;1;2;1;0;0;0;0;0;81.2109375;2.818359375;-12.893798828125;-10.075439453125;-12.893798828125;0;0;1.1933332681655884;0;2;0;1;0;0;0;1;0;0;1;0;0;0;1;0;1;1;0
4826;10;1;1;1;2;1;0;0;0;0;0;81.101890563964844;2.834716796875;-12.893798828125;-10.05908203125;-12.893798828125;0;0;1.1966667175292969;0;2;0;1;0;0;0;1;0;0;1;0;0;0;1;0;1;1;0
4836;10;1;1;1;2;1;0;0;0;0;0;81.028648376464844;2.845703125;-12.893798828125;-10.048095703125;-12.893798828125;0;0;1.2000000476837158;0;2;0;1;0;0;0;1;0;0;1;0;0;0;1;0;1;1;0
4846;10;1;1;1;2;1;0;0;0;0;0;80.91796875;2.8623046875;-12.893798828125;-10.031494140625;-12.893798828125;0;0;1.2000000476837158;0;2;0;1;0;0;0;1;0;0;1;0;0;0;1;0;1;1;0
4856;10;1;1;1;2;1;0;0;0;0;0;80.8447265625;2.873291015625;-12.893798828125;-10.0205078125;-12.893798828125;0;0;1.2000000476837158;0;2;0;1;0;0;0;1;0;0;1;0;0;0;1;0;1;1;0
4866;10;1;1;1;2;1;0;0;0;0;0;80.734046936035156;2.889892578125;-12.893798828125;-10.00390625;-12.893798828125;0;0;1.2033333778381348;0;2;0;1;0;0;0;1;0;0;1;0;0;0;1;0;1;1;0
4876;10;1;1;1;2;1;0;0;0;0;0;80.6591796875;2.901123046875;-12.893798828125;-9.99267578125;-12.893798828125;0;0;1.2066667079925537;0;2;0;1;0;0;0;1;0;0;1;0;0;0;1;0;1;1;0
4887;10;1;1;1;2;1;0;0;0;0;0;80.548500061035156;2.917724609375;-12.893798828125;-9.97607421875;-12.893798828125;0;0;1.2066667079925537;0;2;0;1;0;0;0;1;0;0;1;0;0;0;1;0;1;1;0
4896;10;1;1;1;2;1;0;0;0;0;0;80.475257873535156;2.9287109375;-12.893798828125;-9.965087890625;-12.893798828125;0;0;1.2066667079925537;0;2;0;1;0;0;0;1;0;0;1;0;0;0;1;0;1;1;0
4906;10;1;1;1;2;1;0;0;0;0;0;80.362953186035156;2.945556640625;-12.893798828125;-9.9482421875;-12.893798828125;0;0;1.2133333683013916;0;2;0;1;0;0;0;1;0;0;1;0;0;0;1;0;1;1;0
4918;10;1;1;1;2;1;0;0;0;0;0;80.2880859375;2.956787109375;-12.893798828125;-9.93701171875;-12.893798828125;0;0;1.2133333683013916;0;2;0;1;0;0;0;1;0;0;1;0;0;0;1;0;1;1;0
4926;10;1;1;1;2;1;0;0;0;0;0;80.177406311035156;2.973388671875;-12.893798828125;-9.92041015625;-12.893798828125;0;0;1.2133333683013916;0;2;0;1;0;0;0;1;0;0;1;0;0;0;1;0;1;1;0
4936;10;1;1;1;2;1;0;0;0;0;0;80.1025390625;2.984619140625;-12.893798828125;-9.9091796875;-12.893798828125;0;0;1.2166666984558105;0;2;0;1;0;0;0;1;0;0;1;0;0;0;1;0;1;1;0
4946;10;1;1;1;2;1;0;0;0;0;0;79.991859436035156;3.001220703125;-12.893798828125;-9.892578125;-12.893798828125;0;0;1.2166666984558105;0;2;0;1;0;0;0;1;0;0;1;0;0;0;1;0;1;1;0
4956;10;1;1;1;2;1;0;0;0;0;0;79.9169921875;3.012451171875;-12.893798828125;-9.88134765625;-12.893798828125;0;0;1.2200000286102295;0;2;0;1;0;0;0;1;0;0;1;0;0;0;1;0;1;1;0
4966;10;1;1;1;2;1;0;0;0;0;0;79.8046875;3.029296875;-12.893798828125;-9.864501953125;-12.893798828125;0;0;1.2200000286102295;0;2;0;1;0;0;0;1;0;0;1;0;0;0;1;0;1;1;0
4976;10;1;1;1;2;1;0;0;0;0;0;79.729820251464844;3.04052734375;-12.893798828125;-9.853271484375;-12.893798828125;0;0;1.2200000286102295;0;2;0;1;0;0;0;1;0;0;1;0;0;0;1;0;1;1;0
4987;10;1;1;1;2;1;0;0;0;0;0;79.617515563964844;3.057373046875;-12.893798828125;-9.83642578125;-12.893798828125;0;0;1.2233333587646484;0;2;0;1;0;0;0;1;0;0;1;0;0;0;1;0;1;1;0
4996;10;1;1;1;2;1;0;0;0;0;0;79.542640686035156;3.068603515625;-12.893798828125;-9.8251953125;-12.893798828125;0;0;1.2233333587646484;0;2;0;1;0;0;0;1;0;0;1;0;0;0;1;0;1;1;0
5006;10;1;1;1;2;1;0;0;0;0;0;79.430335998535156;3.08544921875;-12.893798828125;-9.808349609375;-12.893798828125;0;0;1.2266666889190674;0;2;0;1;0;0;0;1;0;0;1;0;0;0;1;0;1;1;0
5017;10;1;1;1;2;1;0;0;0;0;0;79.35546875;3.0966796875;-12.893798828125;-9.797119140625;-12.893798828125;0;0;1.2266666889190674;0;2;0;1;0;0;0;1;0;0;1;0;0;0;1;0;1;1;0
5026;10;1;1;1;2;1;0;0;0;0;0;79.241539001464844;3.11376953125;-12.893798828125;-9.780029296875;-12.893798828125;0;0;1.2300000190734863;0;2;0;1;0;0;0;1;0;0;1;0;0;0;1;0;1;1;0
5036;10;1;1;1;2;1;0;0;0;0;0;79.166664123535156;3.125;-12.893798828125;-9.768798828125;-12.893798828125;0;0;1.2300000190734863;0;2;0;1;0;0;0;1;0;0;1;0;0;0;1;0;1;1;0
5046;10;1;1;1;2;1;0;0;0;0;0;79.054359436035156;3.141845703125;-12.893798828125;-9.751953125;-12.893798828125;0;0;1.2300000190734863;0;2;0;1;0;0;0;1;0;0;1;0;0;0;1;0;1;1;0
5056;10;1;1;1;2;1;0;0;0;0;0;78.977867126464844;3.1533203125;-12.893798828125;-9.740478515625;-12.893798828125;0;0;1.2300000190734863;0;2;0;1;0;0;0;1;0;0;1;0;0;0;1;0;1;1;0
5066;10;1;1;1;2;1;0;0;0;0;0;78.865562438964844;3.170166015625;-12.893798828125;-9.7236328125;-12.893798828125;0;0;1.2333333492279053;0;2;0;1;0;0;0;1;0;0;1;0;0;0;1;0;1;1;0
5076;10;1;1;1;2;1;0;0;0;0;0;78.7890625;3.181640625;-12.893798828125;-9.712158203125;-12.893798828125;0;0;1.2333333492279053;0;2;0;1;0;0;0;1;0;0;1;0;0;0;1;0;1;1;0
5086;10;1;1;1;2;1;0;0;0;0;0;78.6767578125;3.198486328125;-12.893798828125;-9.6953125;-12.893798828125;0;0;1.2366667985916138;0;2;0;1;0;0;0;1;0;0;1;0;0;0;1;0;1;1;0
5096;10;1;1;1;2;1;0;0;0;0;0;78.600257873535156;3.2099609375;-12.893798828125;-9.683837890625;-12.893798828125;0;0;1.2366667985916138;0;2;0;1;0;0;0;1;0;0;1;0;0;0;1;0;1;1;0
5106;10;1;1;1;2;1;0;0;0;0;0;78.486328125;3.22705078125;-12.893798828125;-9.666748046875;-12.893798828125;0;0;1.2366667985916138;0;2;0;1;0;0;0;1;0;0;1;0;0;0;1;0;1;1;0
5116;10;1;1;1;2;1;0;0;0;0;0;78.411460876464844;3.23828125;-12.893798828125;-9.655517578125;-12.893798828125;0;0;1.2400000095367432;0;2;0;1;0;0;0;1;0;0;1;0;0;0;1;0;1;1;0
5127;10;1;1;1;2;1;0;0;0;0;0;78.297523498535156;3.25537109375;-12.893798828125;-9.638427734375;-12.893798828125;0;0;1.2400000095367432;0;2;0;1;0;0;0;1;0;0;1;0;0;0;1;0;1;1;0
5137;10;1;1;1;2;1;0;0;0;0;0;78.221031188964844;3.266845703125;-12.893798828125;-9.626953125;-12.893798828125;0;0;1.2400000095367432;0;2;0;1;0;0;0;1;0;0;1;0;0;0;1;0;1;1;0
5146;10;1;1;1;2;1;0;0;0;0;0;78.107093811035156;3.283935546875;-12.893798828125;-9.60986328125;-12.893798828125;0;0;1.2433333396911621;0;2;0;1;0;0;0;1;0;0;1;0;0;0;1;0;1;1;0
5156;10;1;1;1;2;1;0;0;0;0;0;78.030601501464844;3.29541015625;-12.893798828125;-9.598388671875;-12.893798828125;0;0;1.2400000095367432;0;2;0;1;0;0;0;1;0;0;1;0;0;0;1;0;1;1;0
5166;10;1;1;1;2;1;0;0;0;0;0;77.916664123535156;3.3125;-12.893798828125;-9.581298828125;-12.893798828125;0;0;1.2433333396911621;0;2;0;1;0;0;0;1;0;0;1;0;0;0;1;0;1;1;0
5176;10;1;1;1;2;1;0;0;0;0;0;77.841796875;3.32373046875;-12.893798828125;-9.570068359375;-12.893798828125;0;0;1.2433333396911621;0;2;0;1;0;0;0;1;0;0;1;0;0;0;1;0;1;1;0
5186;10;1;1;1;2;1;0;0;0;0;0;77.727867126464844;3.3408203125;-12.893798828125;-9.552978515625;-12.893798828125;0;0;1.2433333396911621;0;2;0;1;0;0;0;1;0;0;1;0;0;0;1;0;1;1;0
5196;10;1;1;1;2;1;0;0;0;0;0;77.6513671875;3.352294921875;-12.893798828125;-9.54150390625;-12.893798828125;0;0;1.2433333396911621;0;2;0;1;0;0;0;1;0;0;1;0;0;0;1;0;1;1;0
5206;10;1;1;1;2;1;0;0;0;0;0;77.535804748535156;3.36962890625;-12.893798828125;-9.524169921875;-12.893798828125;0;0;1.2466666698455811;0;2;0;1;0;0;0;1;0;0;1;0;0;0;1;0;1;1;0
5217;10;1;1;1;2;1;0;0;0;0;0;77.459312438964844;3.381103515625;-12.893798828125;-9.5126953125;-12.893798828125;0;0;1.2466666698455811;0;2;0;1;0;0;0;1;0;0;1;0;0;0;1;0;1;1;0
5226;10;1;1;1;2;1;0;0;0;0;0;77.345375061035156;3.398193359375;-12.893798828125;-9.49560546875;-12.893798828125;0;0;1.2466666698455811;0;2;0;1;0;0;0;1;0;0;1;0;0;0;1;0;1;1;0
5237;10;1;1;1;2;1;0;0;0;0;0;77.268882751464844;3.40966796875;-12.893798828125;-9.484130859375;-12.893798828125;0;0;1.2466666698455811;0;2;0;1;0;0;0;1;0;0;1;0;0;0;1;0;1;1;0
5248;10;1;1;1;2;1;0;0;0;0;0;77.1533203125;3.427001953125;-12.893798828125;-9.466796875;-12.893798828125;0;0;1.2533334493637085;0;2;0;1;0;0;0;1;0;0;1;0;0;0;1;0;1;1;0
5256;10;1;1;1;2;1;0;0;0;0;0;77.078453063964844;3.438232421875;-12.893798828125;-9.45556640625;-12.893798828125;0;0;1.25;0;2;0;1;0;0;0;1;0;0;1;0;0;0;1;0;1;1;0
5266;10;1;1;1;2;1;0;0;0;0;0;76.962890625;3.45556640625;-12.893798828125;-9.438232421875;-12.893798828125;0;0;1.25;0;2;0;1;0;0;0;1;0;0;1;0;0;0;1;0;1;1;0
5276;10;1;1;1;2;1;0;0;0;0;0;76.886390686035156;3.467041015625;-12.893798828125;-9.4267578125;-12.893798828125;0;0;1.25;0;2;0;1;0;0;0;1;0;0;1;0;0;0;1;0;1;1;0
5286;10;1;1;1;2;1;0;0;0;0;0;76.7724609375;3.484130859375;-12.893798828125;-9.40966796875;-12.893798828125;0;0;1.2533334493637085;0;2;0;1;0;0;0;1;0;0;1;0;0;0;1;0;1;1;0
5296;10;1;1;1;2;1;0;0;0;0;0;76.695960998535156;3.49560546875;-12.893798828125;-9.398193359375;-12.893798828125;0;0;1.2533334493637085;0;2;0;1;0;0;0;1;0;0;1;0;0;0;1;0;1;1;0
5306;10;1;1;1;2;1;0;0;0;0;0;76.580406188964844;3.512939453125;-12.893798828125;-9.380859375;-12.893798828125;0;0;1.2533334493637085;0;2;0;1;0;0;0;1;0;0;1;0;0;0;1;0;1;1;0
5317;10;1;1;1;2;1;0;0;0;0;0;76.50390625;3.5244140625;-12.893798828125;-9.369384765625;-12.893798828125;0;0;1.2566666603088379;0;2;0;1;0;0;0;1;0;0;1;0;0;0;1;0;1;1;0
5326;10;1;1;1;2;1;0;0;0;0;0;76.388343811035156;3.541748046875;-12.893798828125;-9.35205078125;-12.893798828125;0;0;1.2533334493637085;0;2;0;1;0;0;0;1;0;0;1;0;0;0;1;0;1;1;0
5337;10;1;1;1;2;1;0;0;0;0;0;76.311851501464844;3.55322265625;-12.893798828125;-9.340576171875;-12.893798828125;0;0;1.2533334493637085;0;2;0;1;0;0;0;1;0;0;1;0;0;0;1;0;1;1;0
5346;10;1;1;1;2;1;0;0;0;0;0;76.1962890625;3.570556640625;-12.893798828125;-9.3232421875;-12.893798828125;0;0;1.2566666603088379;0;2;0;1;0;0;0;1;0;0;1;0;0;0;1;0;1;1;0
5356;10;1;1;1;2;1;0;0;0;0;0;76.119789123535156;3.58203125;-12.893798828125;-9.311767578125;-12.893798828125;0;0;1.2566666603088379;0;2;0;1;0;0;0;1;0;0;1;0;0;0;1;0;1;1;0
5366;10;1;1;1;2;1;0;0;0;0;0;76.004234313964844;3.599365234375;-12.893798828125;-9.29443359375;-12.893798828125;0;0;1.2566666603088379;0;2;0;1;0;0;0;1;0;0;1;0;0;0;1;0;1;1;0
5376;10;1;1;1;2;1;0;0;0;0;0;75.927734375;3.61083984375;-12.893798828125;-9.282958984375;-12.893798828125;0;0;1.2566666603088379;0;2;0;1;0;0;0;1;0;0;1;0;0;0;1;0;1;1;0
5386;10;1;1;1;2;1;0;0;0;0;0;75.810546875;3.62841796875;-12.893798828125;-9.265380859375;-12.893798828125;0;0;1.2599999904632568;0;2;0;1;0;0;0;1;0;0;1;0;0;0;1;0;1;1;0
5396;10;1;1;1;2;1;0;0;0;0;0;75.734046936035156;3.639892578125;-12.893798828125;-9.25390625;-12.893798828125;0;0;1.2599999904632568;0;2;0;1;0;0;0;1;0;0;1;0;0;0;1;0;1;1;0
5406;10;1;1;1;2;1;0;0;0;0;0;75.618492126464844;3.6572265625;-12.893798828125;-9.236572265625;-12.893798828125;0;0;1.2599999904632568;0;2;0;1;0;0;0;1;0;0;1;0;0;0;1;0;1;1;0
5416;10;1;1;1;2;1;0;0;0;0;0;75.5419921875;3.668701171875;-12.893798828125;-9.22509765625;-12.893798828125;0;0;1.2599999904632568;0;2;0;1;0;0;0;1;0;0;1;0;0;0;1;0;1;1;0
5426;10;1;1;1;2;1;0;0;0;0;0;75.426429748535156;3.68603515625;-12.893798828125;-9.207763671875;-12.893798828125;0;0;1.2599999904632568;0;2;0;1;0;0;0;1;0;0;1;0;0;0;1;0;1;1;0
5436;10;1;1;1;2;1;0;0;0;0;0;75.348304748535156;3.69775390625;-12.893798828125;-9.196044921875;-12.893798828125;0;0;1.2599999904632568;0;2;0;1;0;0;0;1;0;0;1;0;0;0;1;0;1;1;0
5446;10;1;1;1;2;1;0;0;0;0;0;75.232749938964844;3.715087890625;-12.893798828125;-9.1787109375;-12.893798828125;0;0;1.2633334398269653;0;2;0;1;0;0;0;1;0;0;1;0;0;0;1;0;1;1;0
5456;10;1;1;1;2;1;0;0;0;0;0;75.15625;3.7265625;-12.893798828125;-9.167236328125;-12.893798828125;0;0;1.2599999904632568;0;2;0;1;0;0;0;1;0;0;1;0;0;0;1;0;1;1;0
5466;10;1;1;1;2;1;0;0;0;0;0;75.040687561035156;3.743896484375;-12.893798828125;-9.14990234375;-12.893798828125;0;0;1.2633334398269653;0;2;0;1;0;0;0;1;0;0;1;0;0;0;1;0;1;1;0
5476;10;1;1;1;2;1;0;0;0;0;0;74.962562561035156;3.755615234375;-12.893798828125;-9.13818359375;-12.893798828125;0;0;1.2666666507720947;0;2;0;1;0;0;0;1;0;0;1;0;0;0;1;0;1;1;0
5486;10;1;1;1;2;1;0;0;0;0;0;74.847007751464844;3.77294921875;-12.893798828125;-9.120849609375;-12.893798828125;0;0;1.2633334398269653;0;2;0;1;0;0;0;1;0;0;1;0;0;0;1;0;1;1;0
5496;10;1;1;1;2;1;0;0;0;0;0;74.7705078125;3.784423828125;-12.893798828125;-9.109375;-12.893798828125;0;0;1.2599999904632568;0;2;0;1;0;0;0;1;0;0;1;0;0;0;1;0;1;1;0
5506;10;1;1;1;2;1;0;0;0;0;0;74.6533203125;3.802001953125;-12.893798828125;-9.091796875;-12.893798828125;0;0;1.2633334398269653;0;2;0;1;0;0;0;1;0;0;1;0;0;0;1;0;1;1;0
5516;10;1;1;1;2;1;0;0;0;0;0;74.576820373535156;3.8134765625;-12.893798828125;-9.080322265625;-12.893798828125;0;0;1.2666666507720947;0;2;0;1;0;0;0;1;0;0;1;0;0;0;1;0;1;1;0
5526;10;1;1;1;2;1;0;0;0;0;0;74.459632873535156;3.8310546875;-12.893798828125;-9.062744140625;-12.893798828125;0;0;1.2666666507720947;0;2;0;1;0;0;0;1;0;0;1;0;0;0;1;0;1;1;0
5536;10;1;1;1;2;1;0;0;0;0;0;74.383140563964844;3.842529296875;-12.893798828125;-9.05126953125;-12.893798828125;0;0;1.2633334398269653;0;2;0;1;0;0;0;1;0;0;1;0;0;0;1;0;1;1;0
5549;10;1;1;1;2;1;0;0;0;0;0;74.267578125;3.85986328125;-12.893798828125;-9.033935546875;-12.893798828125;0;0;1.2666666507720947;0;2;0;1;0;0;0;1;0;0;1;0;0;0;1;0;1;1;0
5556;10;1;1;1;2;1;0;0;0;0;0;74.189453125;3.87158203125;-12.893798828125;-9.022216796875;-12.893798828125;0;0;1.2700001001358032;0;2;0;1;0;0;0;1;0;0;1;0;0;0;1;0;1;1;0
5566;10;1;1;1;2;1;0;0;0;0;0;74.073890686035156;3.888916015625;-12.893798828125;-9.0048828125;-12.893798828125;0;0;1.2666666507720947;0;2;0;1;0;0;0;1;0;0;1;0;0;0;1;0;1;1;0
5577;10;1;1;1;2;1;0;0;0;0;0;73.995765686035156;3.900634765625;-12.893798828125;-8.9931640625;-12.893798828125;0;0;1.2633334398269653;0;2;0;1;0;0;0;1;0;0;1;0;0;0;1;0;1;1;0
5586;10;1;1;1;2;1;0;0;0;0;0;73.878578186035156;3.918212890625;-12.893798828125;-8.9755859375;-12.893798828125;0;0;1.2700001001358032;0;2;0;1;0;0;0;1;0;0;1;0;0;0;1;0;1;1;0
5596;10;1;1;1;2;1;0;0;0;0;0;73.802085876464844;3.9296875;-12.893798828125;-8.964111328125;-12.893798828125;0;0;1.2666666507720947;0;2;0;1;0;0;0;1;0;0;1;0;0;0;1;0;1;1;0
5606;10;1;1;1;2;1;0;0;0;0;0;73.6865234375;3.947021484375;-12.893798828125;-8.94677734375;-12.893798828125;0;0;1.2666666507720947;0;2;0;1;0;0;0;1;0;0;1;0;0;0;1;0;1;1;0
5616;10;1;1;1;2;1;0;0;0;0;0;73.6083984375;3.958740234375;-12.893798828125;-8.93505859375;-12.893798828125;0;0;1.2733333110809326;0;2;0;1;0;0;0;1;0;0;1;0;0;0;1;0;1;1;0
5626;10;1;1;1;2;1;0;0;0;0;0;73.4912109375;3.976318359375;-12.893798828125;-8.91748046875;-12.893798828125;0;0;1.2733333110809326;0;2;0;1;0;0;0;1;0;0;1;0;0;0;1;0;1;1;0
5636;10;1;1;1;2;1;0;0;0;0;0;73.4130859375;3.988037109375;-12.893798828125;-8.90576171875;-12.893798828125;0;0;1.2700001001358032;0;2;0;1;0;0;0;1;0;0;1;0;0;0;1;0;1;1;0
5647;10;1;1;1;2;1;0;0;0;0;0;73.297523498535156;4.00537109375;-12.893798828125;-8.888427734375;-12.893798828125;0;0;1.2733333110809326;0;2;0;1;0;0;0;1;0;0;1;0;0;0;1;0;1;1;0
5656;10;1;1;1;2;1;0;0;0;0;0;73.219398498535156;4.01708984375;-12.893798828125;-8.876708984375;-12.893798828125;0;0;1.2766666412353516;0;2;0;1;0;0;0;1;0;0;1;0;0;0;1;0;1;1;0
5666;10;1;1;1;2;1;0;0;0;0;0;73.102210998535156;4.03466796875;-12.893798828125;-8.859130859375;-12.893798828125;0;0;1.2733333110809326;0;2;0;1;0;0;0;1;0;0;1;0;0;0;1;0;1;1;0
5677;10;1;1;1;2;1;0;0;0;0;0;73.025718688964844;4.046142578125;-12.893798828125;-8.84765625;-12.893798828125;0;0;1.2666666507720947;0;2;0;1;0;0;0;1;0;0;1;0;0;0;1;0;1;1;0
5686;10;1;1;1;2;1;0;0;0;0;0;72.908531188964844;4.063720703125;-12.893798828125;-8.830078125;-12.893798828125;0;0;1.2700001001358032;0;2;0;1;0;0;0;1;0;0;1;0;0;0;1;0;1;1;0
5696;10;1;1;1;2;1;0;0;0;0;0;72.828773498535156;4.07568359375;-12.893798828125;-8.818115234375;-12.893798828125;0;0;1.28000009059906;0;2;0;1;0;0;0;1;0;0;1;0;0;0;1;0;1;1;0
5706;10;1;1;1;2;1;0;0;0;0;0;72.711585998535156;4.09326171875;-12.893798828125;-8.800537109375;-12.893798828125;0;0;1.2766666412353516;0;2;0;1;0;0;0;1;0;0;1;0;0;0;1;0;1;1;0
5716;10;1;1;1;2;1;0;0;0;0;0;72.635093688964844;4.104736328125;-12.893798828125;-8.7890625;-12.893798828125;0;0;1.2700001001358032;0;2;0;1;0;0;0;1;0;0;1;0;0;0;1;0;1;1;0
5726;10;1;1;1;2;1;0;0;0;0;0;72.521156311035156;4.121826171875;-12.893798828125;-8.77197265625;-12.893798828125;0;0;1.2599999904632568;0;2;0;1;0;0;0;1;0;0;1;0;0;0;1;0;1;1;0
5736;10;1;1;1;2;1;0;0;0;0;0;72.44140625;4.1337890625;-12.893798828125;-8.760009765625;-12.893798828125;0;0;1.2733333110809326;0;2;0;1;0;0;0;1;0;0;1;0;0;0;1;0;1;1;0
5749;10;1;1;1;2;1;0;0;0;0;0;72.322593688964844;4.151611328125;-12.893798828125;-8.7421875;-12.893798828125;0;0;1.2833333015441895;0;2;0;1;0;0;0;1;0;0;1;0;0;0;1;0;1;1;0
5757;10;1;1;1;2;1;0;0;0;0;0;72.244468688964844;4.163330078125;-12.893798828125;-8.73046875;-12.893798828125;0;0;1.28000009059906;0;2;0;1;0;0;0;1;0;0;1;0;0;0;1;0;1;1;0
5766;10;1;1;1;2;1;0;0;0;0;0;72.130531311035156;4.180419921875;-12.893798828125;-8.71337890625;-12.893798828125;0;0;1.2666666507720947;0;2;0;1;0;0;0;1;0;0;1;0;0;0;1;0;1;1;0
5776;10;1;1;1;2;1;0;0;0;0;0;72.052406311035156;4.192138671875;-12.893798828125;-8.70166015625;-12.893798828125;0;0;1.2666666507720947;0;2;0;1;0;0;0;1;0;0;1;0;0;0;1;0;1;1;0
5786;10;1;1;1;2;1;0;0;0;0;0;71.935218811035156;4.209716796875;-12.893798828125;-8.68408203125;-12.893798828125;0;0;1.2766666412353516;0;2;0;1;0;0;0;1;0;0;1;0;0;0;1;0;1;1;0
5796;10;1;1;1;2;1;0;0;0;0;0;71.857093811035156;4.221435546875;-12.893798828125;-8.67236328125;-12.893798828125;0;0;1.2766666412353516;0;2;0;1;0;0;0;1;0;0;1;0;0;0;1;0;1;1;0
5806;10;1;1;1;2;1;0;0;0;0;0;71.739906311035156;4.239013671875;-12.893798828125;-8.65478515625;-12.893798828125;0;0;1.2733333110809326;0;2;0;1;0;0;0;1;0;0;1;0;0;0;1;0;1;1;0
5816;10;1;1;1;2;1;0;0;0;0;0;71.661781311035156;4.250732421875;-12.893798828125;-8.64306640625;-12.893798828125;0;0;1.2766666412353516;0;2;0;1;0;0;0;1;0;0;1;0;0;0;1;0;1;1;0
5826;10;1;1;1;2;1;0;0;0;0;0;71.546226501464844;4.26806640625;-12.893798828125;-8.625732421875;-12.893798828125;0;0;1.2700001001358032;0;2;0;1;0;0;0;1;0;0;1;0;0;0;1;0;1;1;0
5836;10;1;1;1;2;1;0;0;0;0;0;71.468101501464844;4.27978515625;-12.893798828125;-8.614013671875;-12.893798828125;0;0;1.2700001001358032;0;2;0;1;0;0;0;1;0;0;1;0;0;0;1;0;1;1;0
5846;10;1;1;1;2;1;0;0;0;0;0;71.350914001464844;4.29736328125;-12.893798828125;-8.596435546875;-12.893798828125;0;0;1.28000009059906;0;2;0;1;0;0;0;1;0;0;1;0;0;0;1;0;1;1;0
5856;10;1;1;1;2;1;0;0;0;0;0;71.272789001464844;4.30908203125;-12.893798828125;-8.584716796875;-12.893798828125;0;0;1.28000009059906;0;2;0;1;0;0;0;1;0;0;1;0;0;0;1;0;1;1;0
5866;10;1;1;1;2;1;0;0;0;0;0;71.1572265625;4.326416015625;-12.893798828125;-8.5673828125;-12.893798828125;0;0;1.2700001001358032;0;2;0;1;0;0;0;1;0;0;1;0;0;0;1;0;1;1;0
5876;10;1;1;1;2;1;0;0;0;0;0;71.0791015625;4.338134765625;-12.893798828125;-8.5556640625;-12.893798828125;0;0;1.2700001001358032;0;2;0;1;0;0;0;1;0;0;1;0;0;0;1;0;1;1;0
5886;10;1;1;1;2;1;0;0;0;0;0;70.958656311035156;4.356201171875;-12.893798828125;-8.53759765625;-12.893798828125;0;0;1.2866667509078979;0;2;0;1;0;0;0;1;0;0;1;0;0;0;1;0;1;1;0
5896;10;1;1;1;2;1;0;0;0;0;0;70.880531311035156;4.367919921875;-12.893798828125;-8.52587890625;-12.893798828125;0;0;1.2833333015441895;0;2;0;1;0;0;0;1;0;0;1;0;0;0;1;0;1;1;0
5906;10;1;1;1;2;1;0;0;0;0;0;70.764976501464844;4.38525390625;-12.893798828125;-8.508544921875;-12.893798828125;0;0;1.2733333110809326;0;2;0;1;0;0;0;1;0;0;1;0;0;0;1;0;1;1;0
5916;10;1;1;1;2;1;0;0;0;0;0;70.686851501464844;4.39697265625;-12.893798828125;-8.496826171875;-12.893798828125;0;0;1.2733333110809326;0;2;0;1;0;0;0;1;0;0;1;0;0;0;1;0;1;1;0
5926;10;1;1;1;2;1;0;0;0;0;0;70.569664001464844;4.41455078125;-12.893798828125;-8.479248046875;-12.893798828125;0;0;1.28000009059906;0;2;0;1;0;0;0;1;0;0;1;0;0;0;1;0;1;1;0
5936;10;1;1;1;2;1;0;0;0;0;0;70.491539001464844;4.42626953125;-12.893798828125;-8.467529296875;-12.893798828125;0;0;1.2766666412353516;0;2;0;1;0;0;0;1;0;0;1;0;0;0;1;0;1;1;0
5946;10;1;1;1;2;1;0;0;0;0;0;70.374351501464844;4.44384765625;-12.893798828125;-8.449951171875;-12.893798828125;0;0;1.2766666412353516;0;2;0;1;0;0;0;1;0;0;1;0;0;0;1;0;1;1;0
5956;10;1;1;1;2;1;0;0;0;0;0;70.296226501464844;4.45556640625;-12.893798828125;-8.438232421875;-12.893798828125;0;0;1.2766666412353516;0;2;0;1;0;0;0;1;0;0;1;0;0;0;1;0;1;1;0
5966;10;1;1;1;2;1;0;0;0;0;0;70.179039001464844;4.47314453125;-12.893798828125;-8.420654296875;-12.893798828125;0;0;1.28000009059906;0;2;0;1;0;0;0;1;0;0;1;0;0;0;1;0;1;1;0
5977;10;1;1;1;2;1;0;0;0;0;0;70.100914001464844;4.48486328125;-12.893798828125;-8.408935546875;-12.893798828125;0;0;1.2766666412353516;0;2;0;1;0;0;0;1;0;0;1;0;0;0;1;0;1;1;0
5986;10;1;1;1;2;1;0;0;0;0;0;69.983726501464844;4.50244140625;-12.893798828125;-8.391357421875;-12.893798828125;0;0;1.2766666412353516;0;2;0;1;0;0;0;1;0;0;1;0;0;0;1;0;1;1;0
5996;10;1;1;1;2;1;0;0;0;0;0;69.905601501464844;4.51416015625;-12.893798828125;-8.379638671875;-12.893798828125;0;0;1.28000009059906;0;2;0;1;0;0;0;1;0;0;1;0;0;0;1;0;1;1;0
6006;10;1;1;1;2;1;0;0;0;0;0;69.788414001464844;4.53173828125;-12.893798828125;-8.362060546875;-12.893798828125;0;0;1.28000009059906;0;2;0;1;0;0;0;1;0;0;1;0;0;0;1;0;1;1;0
6016;10;1;1;1;2;1;0;0;0;0;0;69.710289001464844;4.54345703125;-12.893798828125;-8.350341796875;-12.893798828125;0;0;1.2766666412353516;0;2;0;1;0;0;0;1;0;0;1;0;0;0;1;0;1;1;0
6026;10;1;1;1;2;1;0;0;0;0;0;69.593101501464844;4.56103515625;-12.893798828125;-8.332763671875;-12.893798828125;0;0;1.2766666412353516;0;2;0;1;0;0;0;1;0;0;1;0;0;0;1;0;1;1;0
6036;10;1;1;1;2;1;0;0;0;0;0;69.514976501464844;4.57275390625;-12.893798828125;-8.321044921875;-12.893798828125;0;0;1.2766666412353516;0;2;0;1;0;0;0;1;0;0;1;0;0;0;1;0;1;1;0
6046;10;1;1;1;2;1;0;0;0;0;0;69.397789001464844;4.59033203125;-12.893798828125;-8.303466796875;-12.893798828125;0;0;1.28000009059906;0;2;0;1;0;0;0;1;0;0;1;0;0;0;1;0;1;1;0
6056;10;1;1;1;2;1;0;0;0;0;0;69.319664001464844;4.60205078125;-12.893798828125;-8.291748046875;-12.893798828125;0;0;1.28000009059906;0;2;0;1;0;0;0;1;0;0;1;0;0;0;1;0;1;1;0
6066;10;1;1;1;2;1;0;0;0;0;0;69.202476501464844;4.61962890625;-12.893798828125;-8.274169921875;-12.893798828125;0;0;1.2766666412353516;0;2;0;1;0;0;0;1;0;0;1;0;0;0;1;0;1;1;0
6076;10;1;1;1;2;1;0;0;0;0;0;69.124351501464844;4.63134765625;-12.893798828125;-8.262451171875;-12.893798828125;0;0;1.28000009059906;0;2;0;1;0;0;0;1;0;0;1;0;0;0;1;0;1;1;0
6086;10;1;1;1;2;1;0;0;0;0;0;69.005531311035156;4.649169921875;-12.893798828125;-8.24462890625;-12.893798828125;0;0;1.28000009059906;0;2;0;1;0;0;0;1;0;0;1;0;0;0;1;0;1;1;0
6096;10;1;1;1;2;1;0;0;0;0;0;68.927406311035156;4.660888671875;-12.893798828125;-8.23291015625;-12.893798828125;0;0;1.28000009059906;0;2;0;1;0;0;0;1;0;0;1;0;0;0;1;0;1;1;0
6106;10;1;1;1;2;1;0;0;0;0;0;68.810218811035156;4.678466796875;-12.893798828125;-8.21533203125;-12.893798828125;0;0;1.28000009059906;0;2;0;1;0;0;0;1;0;0;1;0;0;0;1;0;1;1;0
6116;10;1;1;1;2;1;0;0;0;0;0;68.732093811035156;4.690185546875;-12.893798828125;-8.20361328125;-12.893798828125;0;0;1.28000009059906;0;2;0;1;0;0;0;1;0;0;1;0;0;0;1;0;1;1;0
6126;10;1;1;1;2;1;0;0;0;0;0;68.614906311035156;4.707763671875;-12.893798828125;-8.18603515625;-12.893798828125;0;0;1.2833333015441895;0;2;0;1;0;0;0;1;0;0;1;0;0;0;1;0;1;1;0
6137;10;1;1;1;2;1;0;0;0;0;0;68.536781311035156;4.719482421875;-12.893798828125;-8.17431640625;-12.893798828125;0;0;1.28000009059906;0;2;0;1;0;0;0;1;0;0;1;0;0;0;1;0;1;1;0
6147;10;1;1;1;2;1;0;0;0;0;0;68.419593811035156;4.737060546875;-12.893798828125;-8.15673828125;-12.893798828125;0;0;1.28000009059906;0;2;0;1;0;0;0;1;0;0;1;0;0;0;1;0;1;1;0
6156;10;1;1;1;2;1;0;0;0;0;0;68.341468811035156;4.748779296875;-12.893798828125;-8.14501953125;-12.893798828125;0;0;1.28000009059906;0;2;0;1;0;0;0;1;0;0;1;0;0;0;1;0;1;1;0
6166;10;1;1;1;2;1;0;0;0;0;0;68.224281311035156;4.766357421875;-12.893798828125;-8.12744140625;-12.893798828125;0;0;1.28000009059906;0;2;0;1;0;0;0;1;0;0;1;0;0;0;1;0;1;1;0
6177;10;1;1;1;2;1;0;0;0;0;0;68.146156311035156;4.778076171875;-12.893798828125;-8.11572265625;-12.893798828125;0;0;1.28000009059906;0;2;0;1;0;0;0;1;0;0;1;0;0;0;1;0;1;1;0
6186;10;1;1;1;2;1;0;0;0;0;0;68.028968811035156;4.795654296875;-12.893798828125;-8.09814453125;-12.893798828125;0;0;1.28000009059906;0;2;0;1;0;0;0;1;0;0;1;0;0;0;1;0;1;1;0
6196;10;1;1;1;2;1;0;0;0;0;0;67.950843811035156;4.807373046875;-12.893798828125;-8.08642578125;-12.893798828125;0;0;1.28000009059906;0;2;0;1;0;0;0;1;0;0;1;0;0;0;1;0;1;1;0
6206;10;1;1;1;2;1;0;0;0;0;0;67.83203125;4.8251953125;-12.893798828125;-8.068603515625;-12.893798828125;0;0;1.28000009059906;0;2;0;1;0;0;0;1;0;0;1;0;0;0;1;0;1;1;0
6216;10;1;1;1;2;1;0;0;0;0;0;67.75390625;4.8369140625;-12.893798828125;-8.056884765625;-12.893798828125;0;0;1.28000009059906;0;2;0;1;0;0;0;1;0;0;1;0;0;0;1;0;1;1;0
6226;10;1;1;1;2;1;0;0;0;0;0;67.63671875;4.8544921875;-12.893798828125;-8.039306640625;-12.893798828125;0;0;1.2833333015441895;0;2;0;1;0;0;0;1;0;0;1;0;0;0;1;0;1;1;0
6237;10;1;1;1;2;1;0;0;0;0;0;67.55859375;4.8662109375;-12.893798828125;-8.027587890625;-12.893798828125;0;0;1.28000009059906;0;2;0;1;0;0;0;1;0;0;1;0;0;0;1;0;1;1;0
6246;10;1;1;1;2;1;0;0;0;0;0;67.44140625;4.8837890625;-12.893798828125;-8.010009765625;-12.893798828125;0;0;1.28000009059906;0;2;0;1;0;0;0;1;0;0;1;0;0;0;1;0;1;1;0
6256;10;1;1;1;2;1;0;0;0;0;0;67.36328125;4.8955078125;-12.893798828125;-7.998291015625;-12.893798828125;0;0;1.28000009059906;0;2;0;1;0;0;0;1;0;0;1;0;0;0;1;0;1;1;0
6266;10;1;1;1;2;1;0;0;0;0;0;67.24609375;4.9130859375;-12.893798828125;-7.980712890625;-12.893798828125;0;0;1.28000009059906;0;2;0;1;0;0;0;1;0;0;1;0;0;0;1;0;1;1;0
6276;10;1;1;1;2;1;0;0;0;0;0;67.16796875;4.9248046875;-12.893798828125;-7.968994140625;-12.893798828125;0;0;1.2766666412353516;0;2;0;1;0;0;0;1;0;0;1;0;0;0;1;0;1;1;0
6286;10;1;1;1;2;1;0;0;0;0;0;67.05078125;4.9423828125;-12.893798828125;-7.951416015625;-12.893798828125;0;0;1.2833333015441895;0;2;0;1;0;0;0;1;0;0;1;0;0;0;1;0;1;1;0
6297;10;1;1;1;2;1;0;0;0;0;0;66.971031188964844;4.954345703125;-12.893798828125;-7.939453125;-12.893798828125;0;0;1.28000009059906;0;2;0;1;0;0;0;1;0;0;1;0;0;0;1;0;1;1;0
6307;10;1;1;1;2;1;0;0;0;0;0;66.853843688964844;4.971923828125;-12.893798828125;-7.921875;-12.893798828125;0;0;1.28000009059906;0;2;0;1;0;0;0;1;0;0;1;0;0;0;1;0;1;1;0
6317;10;1;1;1;2;1;0;0;0;0;0;66.775718688964844;4.983642578125;-12.893798828125;-7.91015625;-12.893798828125;0;0;1.28000009059906;0;2;0;1;0;0;0;1;0;0;1;0;0;0;1;0;1;1;0
6326;10;1;1;1;2;1;0;0;0;0;0;66.658531188964844;5.001220703125;-12.893798828125;-7.892578125;-12.893798828125;0;0;1.28000009059906;0;2;0;1;0;0;0;1;0;0;1;0;0;0;1;0;1;1;0
6337;10;1;1;1;2;1;0;0;0;0;0;66.580406188964844;5.012939453125;-12.893798828125;-7.880859375;-12.893798828125;0;0;1.28000009059906;0;2;0;1;0;0;0;1;0;0;1;0;0;0;1;0;1;1;0
6346;10;1;1;1;2;1;0;0;0;0;0;66.463218688964844;5.030517578125;-12.893798828125;-7.86328125;-12.893798828125;0;0;1.28000009059906;0;2;0;1;0;0;0;1;0;0;1;0;0;0;1;0;1;1;0
6356;10;1;1;1;2;1;0;0;0;0;0;66.385093688964844;5.042236328125;-12.893798828125;-7.8515625;-12.893798828125;0;0;1.28000009059906;0;2;0;1;0;0;0;1;0;0;1;0;0;0;1;0;1;1;0
6366;10;1;1;1;2;1;0;0;0;0;0;66.267906188964844;5.059814453125;-12.893798828125;-7.833984375;-12.893798828125;0;0;1.28000009059906;0;2;0;1;0;0;0;1;0;0;1;0;0;0;1;0;1;1;0
6376;10;1;1;1;2;1;0;0;0;0;0;66.189781188964844;5.071533203125;-12.893798828125;-7.822265625;-12.893798828125;0;0;1.2766666412353516;0;2;0;1;0;0;0;1;0;0;1;0;0;0;1;0;1;1;0
6386;10;1;1;1;2;1;0;0;0;0;0;66.070960998535156;5.08935546875;-12.893798828125;-7.804443359375;-12.893798828125;0;0;1.2833333015441895;0;2;0;1;0;0;0;1;0;0;1;0;0;0;1;0;1;1;0
6396;10;1;1;1;2;1;0;0;0;0;0;65.992835998535156;5.10107421875;-12.893798828125;-7.792724609375;-12.893798828125;0;0;1.2833333015441895;0;2;0;1;0;0;0;1;0;0;1;0;0;0;1;0;1;1;0
6407;10;1;1;1;2;1;0;0;0;0;0;65.875648498535156;5.11865234375;-12.893798828125;-7.775146484375;-12.893798828125;0;0;1.28000009059906;0;2;0;1;0;0;0;1;0;0;1;0;0;0;1;0;1;1;0
6416;10;1;1;1;2;1;0;0;0;0;0;65.797523498535156;5.13037109375;-12.893798828125;-7.763427734375;-12.893798828125;0;0;1.28000009059906;0;2;0;1;0;0;0;1;0;0;1;0;0;0;1;0;1;1;0
6426;10;1;1;1;2;1;0;0;0;0;0;65.680335998535156;5.14794921875;-12.893798828125;-7.745849609375;-12.893798828125;0;0;1.2833333015441895;0;2;0;1;0;0;0;1;0;0;1;0;0;0;1;0;1;1;0
6437;10;1;1;1;2;1;0;0;0;0;0;65.602210998535156;5.15966796875;-12.893798828125;-7.734130859375;-12.893798828125;0;0;1.28000009059906;0;2;0;1;0;0;0;1;0;0;1;0;0;0;1;0;1;1;0
6446;10;1;1;1;2;1;0;0;0;0;0;65.485023498535156;5.17724609375;-12.893798828125;-7.716552734375;-12.893798828125;0;0;1.28000009059906;0;2;0;1;0;0;0;1;0;0;1;0;0;0;1;0;1;1;0
6458;10;1;1;1;2;1;0;0;0;0;0;65.4052734375;5.189208984375;-12.893798828125;-7.70458984375;-12.893798828125;0;0;1.28000009059906;0;2;0;1;0;0;0;1;0;0;1;0;0;0;1;0;1;1;0
6466;10;1;1;1;2;1;0;0;0;0;0;65.2880859375;5.206787109375;-12.893798828125;-7.68701171875;-12.893798828125;0;0;1.28000009059906;0;2;0;1;0;0;0;1;0;0;1;0;0;0;1;0;1;1;0
6476;10;1;1;1;2;1;0;0;0;0;0;65.2099609375;5.218505859375;-12.893798828125;-7.67529296875;-12.893798828125;0;0;1.28000009059906;0;2;0;1;0;0;0;1;0;0;1;0;0;0;1;0;1;1;0
6486;10;1;1;1;2;1;0;0;0;0;0;65.0927734375;5.236083984375;-12.893798828125;-7.65771484375;-12.893798828125;0;0;1.2833333015441895;0;2;0;1;0;0;0;1;0;0;1;0;0;0;1;0;1;1;0
6496;10;1;1;1;2;1;0;0;0;0;0;65.0146484375;5.247802734375;-12.893798828125;-7.64599609375;-12.893798828125;0;0;1.2833333015441895;0;2;0;1;0;0;0;1;0;0;1;0;0;0;1;0;1;1;0
6506;10;1;1;1;2;1;0;0;0;0;0;64.8974609375;5.265380859375;-12.893798828125;-7.62841796875;-12.893798828125;0;0;1.28000009059906;0;2;0;1;0;0;0;1;0;0;1;0;0;0;1;0;1;1;0
6516;10;1;1;1;2;1;0;0;0;0;0;64.8193359375;5.277099609375;-12.893798828125;-7.61669921875;-12.893798828125;0;0;1.2833333015441895;0;2;0;1;0;0;0;1;0;0;1;0;0;0;1;0;1;1;0
6526;10;1;1;1;2;1;0;0;0;0;0;64.7021484375;5.294677734375;-12.893798828125;-7.59912109375;-12.893798828125;0;0;1.28000009059906;0;2;0;1;0;0;0;1;0;0;1;0;0;0;1;0;1;1;0
6536;10;1;1;1;2;1;0;0;0;0;0;64.6240234375;5.306396484375;-12.893798828125;-7.58740234375;-12.893798828125;0;0;1.28000009059906;0;2;0;1;0;0;0;1;0;0;1;0;0;0;1;0;1;1;0
6546;10;1;1;1;2;1;0;0;0;0;0;64.505210876464844;5.32421875;-12.893798828125;-7.569580078125;-12.893798828125;0;0;1.28000009059906;0;2;0;1;0;0;0;1;0;0;1;0;0;0;1;0;1;1;0
6556;10;1;1;1;2;1;0;0;0;0;0;64.427085876464844;5.3359375;-12.893798828125;-7.557861328125;-12.893798828125;0;0;1.28000009059906;0;2;0;1;0;0;0;1;0;0;1;0;0;0;1;0;1;1;0
6567;10;1;1;1;2;1;0;0;0;0;0;64.309898376464844;5.353515625;-12.893798828125;-7.540283203125;-12.893798828125;0;0;1.2833333015441895;0;2;0;1;0;0;0;1;0;0;1;0;0;0;1;0;1;1;0
6576;10;1;1;1;2;1;0;0;0;0;0;64.231773376464844;5.365234375;-12.893798828125;-7.528564453125;-12.893798828125;0;0;1.28000009059906;0;2;0;1;0;0;0;1;0;0;1;0;0;0;1;0;1;1;0
6586;10;1;1;1;2;1;0;0;0;0;0;64.114585876464844;5.3828125;-12.893798828125;-7.510986328125;-12.893798828125;0;0;1.28000009059906;0;2;0;1;0;0;0;1;0;0;1;0;0;0;1;0;1;1;0
6596;10;1;1;1;2;1;0;0;0;0;0;64.036460876464844;5.39453125;-12.893798828125;-7.499267578125;-12.893798828125;0;0;1.28000009059906;0;2;0;1;0;0;0;1;0;0;1;0;0;0;1;0;1;1;0
6606;10;1;1;1;2;1;0;0;0;0;0;63.919269561767578;5.412109375;-12.893798828125;-7.481689453125;-12.893798828125;0;0;1.28000009059906;0;2;0;1;0;0;0;1;0;0;1;0;0;0;1;0;1;1;0
6616;10;1;1;1;2;1;0;0;0;0;0;63.841144561767578;5.423828125;-12.893798828125;-7.469970703125;-12.893798828125;0;0;1.2833333015441895;0;2;0;1;0;0;0;1;0;0;1;0;0;0;1;0;1;1;0
6626;10;1;1;1;2;1;0;0;0;0;0;63.723957061767578;5.44140625;-12.893798828125;-7.452392578125;-12.893798828125;0;0;1.28000009059906;0;2;0;1;0;0;0;1;0;0;1;0;0;0;1;0;1;1;0
6637;10;1;1;1;2;1;0;0;0;0;0;63.645832061767578;5.453125;-12.893798828125;-7.440673828125;-12.893798828125;0;0;1.28000009059906;0;2;0;1;0;0;0;1;0;0;1;0;0;0;1;0;1;1;0
6646;10;1;1;1;2;1;0;0;0;0;0;63.527019500732422;5.470947265625;-12.893798828125;-7.4228515625;-12.893798828125;0;0;1.28000009059906;0;2;0;1;0;0;0;1;0;0;1;0;0;0;1;0;1;1;0
6656;10;1;1;1;2;1;0;0;0;0;0;63.448894500732422;5.482666015625;-12.893798828125;-7.4111328125;-12.893798828125;0;0;1.28000009059906;0;2;0;1;0;0;0;1;0;0;1;0;0;0;1;0;1;1;0
6666;10;1;1;1;2;1;0;0;0;0;0;63.331707000732422;5.500244140625;-12.893798828125;-7.3935546875;-12.893798828125;0;0;1.28000009059906;0;2;0;1;0;0;0;1;0;0;1;0;0;0;1;0;1;1;0
6676;10;1;1;1;2;1;0;0;0;0;0;63.253582000732422;5.511962890625;-12.893798828125;-7.3818359375;-12.893798828125;0;0;1.28000009059906;0;2;0;1;0;0;0;1;0;0;1;0;0;0;1;0;1;1;0
6686;10;1;1;1;2;1;0;0;0;0;0;63.136394500732422;5.529541015625;-12.893798828125;-7.3642578125;-12.893798828125;0;0;1.28000009059906;0;2;0;1;0;0;0;1;0;0;1;0;0;0;1;0;1;1;0
6696;10;1;1;1;2;1;0;0;0;0;0;63.058269500732422;5.541259765625;-12.893798828125;-7.3525390625;-12.893798828125;0;0;1.28000009059906;0;2;0;1;0;0;0;1;0;0;1;0;0;0;1;0;1;1;0
6706;10;1;1;1;2;1;0;0;0;0;0;62.941082000732422;5.558837890625;-12.893798828125;-7.3349609375;-12.893798828125;0;0;1.28000009059906;0;2;0;1;0;0;0;1;0;0;1;0;0;0;1;0;1;1;0
6716;10;1;1;1;2;1;0;0;0;0;0;62.862957000732422;5.570556640625;-12.893798828125;-7.3232421875;-12.893798828125;0;0;1.28000009059906;0;2;0;1;0;0;0;1;0;0;1;0;0;0;1;0;1;1;0
6726;10;1;1;1;2;1;0;0;0;0;0;62.745769500732422;5.588134765625;-12.893798828125;-7.3056640625;-12.893798828125;0;0;1.28000009059906;0;2;0;1;0;0;0;1;0;0;1;0;0;0;1;0;1;1;0
6737;10;1;1;1;2;1;0;0;0;0;0;62.667644500732422;5.599853515625;-12.893798828125;-7.2939453125;-12.893798828125;0;0;1.28000009059906;0;2;0;1;0;0;0;1;0;0;1;0;0;0;1;0;1;1;0
6746;10;1;1;1;2;1;0;0;0;0;0;62.548828125;5.61767578125;-12.893798828125;-7.276123046875;-12.893798828125;0;0;1.28000009059906;0;2;0;1;0;0;0;1;0;0;1;0;0;0;1;0;1;1;0
6756;10;1;1;1;2;1;0;0;0;0;0;62.470703125;5.62939453125;-12.893798828125;-7.264404296875;-12.893798828125;0;0;1.28000009059906;0;2;0;1;0;0;0;1;0;0;1;0;0;0;1;0;1;1;0
6766;10;1;1;1;2;1;0;0;0;0;0;62.353515625;5.64697265625;-12.893798828125;-7.246826171875;-12.893798828125;0;0;1.28000009059906;0;2;0;1;0;0;0;1;0;0;1;0;0;0;1;0;1;1;0
6776;10;1;1;1;2;1;0;0;0;0;0;62.275390625;5.65869140625;-12.893798828125;-7.235107421875;-12.893798828125;0;0;1.28000009059906;0;2;0;1;0;0;0;1;0;0;1;0;0;0;1;0;1;1;0
6786;10;1;1;1;2;1;0;0;0;0;0;62.158203125;5.67626953125;-12.893798828125;-7.217529296875;-12.893798828125;0;0;1.28000009059906;0;2;0;1;0;0;0;1;0;0;1;0;0;0;1;0;1;1;0
6797;10;1;1;1;2;1;0;0;0;0;0;62.080078125;5.68798828125;-12.893798828125;-7.205810546875;-12.893798828125;0;0;1.28000009059906;0;2;0;1;0;0;0;1;0;0;1;0;0;0;1;0;1;1;0
6806;10;1;1;1;2;1;0;0;0;0;0;61.961261749267578;5.705810546875;-12.893798828125;-7.18798828125;-12.893798828125;0;0;1.2833333015441895;0;2;0;1;0;0;0;1;0;0;1;0;0;0;1;0;1;1;0
6816;10;1;1;1;2;1;0;0;0;0;0;61.883136749267578;5.717529296875;-12.893798828125;-7.17626953125;-12.893798828125;0;0;1.2833333015441895;0;2;0;1;0;0;0;1;0;0;1;0;0;0;1;0;1;1;0
6826;10;1;1;1;2;1;0;0;0;0;0;61.765949249267578;5.735107421875;-12.893798828125;-7.15869140625;-12.893798828125;0;0;1.28000009059906;0;2;0;1;0;0;0;1;0;0;1;0;0;0;1;0;1;1;0
6836;10;1;1;1;2;1;0;0;0;0;0;61.687824249267578;5.746826171875;-12.893798828125;-7.14697265625;-12.893798828125;0;0;1.28000009059906;0;2;0;1;0;0;0;1;0;0;1;0;0;0;1;0;1;1;0
6846;10;1;1;1;2;1;0;0;0;0;0;61.570636749267578;5.764404296875;-12.893798828125;-7.12939453125;-12.893798828125;0;0;1.2833333015441895;0;2;0;1;0;0;0;1;0;0;1;0;0;0;1;0;1;1;0
6856;10;1;1;1;2;1;0;0;0;0;0;61.492511749267578;5.776123046875;-12.893798828125;-7.11767578125;-12.893798828125;0;0;1.2833333015441895;0;2;0;1;0;0;0;1;0;0;1;0;0;0;1;0;1;1;0
6866;10;1;1;1;2;1;0;0;0;0;0;61.375324249267578;5.793701171875;-12.893798828125;-7.10009765625;-12.893798828125;0;0;1.2833333015441895;0;2;0;1;0;0;0;1;0;0;1;0;0;0;1;0;1;1;0
6876;10;1;1;1;2;1;0;0;0;0;0;61.297199249267578;5.805419921875;-12.893798828125;-7.08837890625;-12.893798828125;0;0;1.28000009059906;0;2;0;1;0;0;0;1;0;0;1;0;0;0;1;0;1;1;0
6886;10;1;1;1;2;1;0;0;0;0;0;61.178386688232422;5.8232421875;-12.893798828125;-7.070556640625;-12.893798828125;0;0;1.2833333015441895;0;2;0;1;0;0;0;1;0;0;1;0;0;0;1;0;1;1;0
6897;10;1;1;1;2;1;0;0;0;0;0;61.101886749267578;5.834716796875;-12.893798828125;-7.05908203125;-12.893798828125;0;0;1.28000009059906;0;2;0;1;0;0;0;1;0;0;1;0;0;0;1;0;1;1;0
6906;10;1;1;1;2;1;0;0;0;0;0;60.984699249267578;5.852294921875;-12.893798828125;-7.04150390625;-12.893798828125;0;0;1.28000009059906;0;2;0;1;0;0;0;1;0;0;1;0;0;0;1;0;1;1;0
6917;10;1;1;1;2;1;0;0;0;0;0;60.904949188232422;5.8642578125;-12.893798828125;-7.029541015625;-12.893798828125;0;0;1.2866667509078979;0;2;0;1;0;0;0;1;0;0;1;0;0;0;1;0;1;1;0
6926;10;1;1;1;2;1;0;0;0;0;0;60.787761688232422;5.8818359375;-12.893798828125;-7.011962890625;-12.893798828125;0;0;1.2833333015441895;0;2;0;1;0;0;0;1;0;0;1;0;0;0;1;0;1;1;0
6936;10;1;1;1;2;1;0;0;0;0;0;60.709636688232422;5.8935546875;-12.893798828125;-7.000244140625;-12.893798828125;0;0;1.2766666412353516;0;2;0;1;0;0;0;1;0;0;1;0;0;0;1;0;1;1;0
6945;10;1;1;1;2;1;0;0;0;0;0;60.592449188232422;5.9111328125;-12.893798828125;-6.982666015625;-12.893798828125;0;0;1.2833333015441895;0;2;0;1;0;0;0;1;0;0;1;0;0;0;1;0;1;1;0
6956;10;1;1;1;2;1;0;0;0;0;0;60.5126953125;5.923095703125;-12.893798828125;-6.970703125;-12.893798828125;0;0;1.2833333015441895;0;2;0;1;0;0;0;1;0;0;1;0;0;0;1;0;1;1;0
6967;10;1;1;1;2;1;0;0;0;0;0;60.397136688232422;5.9404296875;-12.893798828125;-6.953369140625;-12.893798828125;0;0;1.2766666412353516;0;2;0;1;0;0;0;1;0;0;1;0;0;0;1;0;1;1;0
6976;10;1;1;1;2;1;0;0;0;0;0;60.319011688232422;5.9521484375;-12.893798828125;-6.941650390625;-12.893798828125;0;0;1.2766666412353516;0;2;0;1;0;0;0;1;0;0;1;0;0;0;1;0;1;1;0
6986;10;1;1;1;2;1;0;0;0;0;0;60.2001953125;5.969970703125;-12.893798828125;-6.923828125;-12.893798828125;0;0;1.2833333015441895;0;2;0;1;0;0;0;1;0;0;1;0;0;0;1;0;1;1;0
6997;10;1;1;1;2;1;0;0;0;0;0;60.1220703125;5.981689453125;-12.893798828125;-6.912109375;-12.893798828125;0;0;1.2833333015441895;0;2;0;1;0;0;0;1;0;0;1;0;0;0;1;0;1;1;0
7006;10;1;1;1;2;1;0;0;0;0;0;60.0048828125;5.999267578125;-12.893798828125;-6.89453125;-12.893798828125;0;0;1.28000009059906;0;2;0;1;0;0;0;1;0;0;1;0;0;0;1;0;1;1;0
7016;10;1;1;1;2;1;0;0;0;0;0;59.9267578125;6.010986328125;-12.893798828125;-6.8828125;-12.893798828125;0;0;1.28000009059906;0;2;0;1;0;0;0;1;0;0;1;0;0;0;1;0;1;1;0
7026;10;1;1;1;2;1;0;0;0;0;0;59.807941436767578;6.02880859375;-12.893798828125;-6.864990234375;-12.893798828125;0;0;1.2866667509078979;0;2;0;1;0;0;0;1;0;0;1;0;0;0;1;0;1;1;0
7036;10;1;1;1;2;1;0;0;0;0;0;59.729816436767578;6.04052734375;-12.893798828125;-6.853271484375;-12.893798828125;0;0;1.2833333015441895;0;2;0;1;0;0;0;1;0;0;1;0;0;0;1;0;1;1;0
7046;10;1;1;1;2;1;0;0;0;0;0;59.6142578125;6.057861328125;-12.893798828125;-6.8359375;-12.893798828125;0;0;1.2766666412353516;0;2;0;1;0;0;0;1;0;0;1;0;0;0;1;0;1;1;0
7056;10;1;1;1;2;1;0;0;0;0;0;59.534503936767578;6.06982421875;-12.893798828125;-6.823974609375;-12.893798828125;0;0;1.2833333015441895;0;2;0;1;0;0;0;1;0;0;1;0;0;0;1;0;1;1;0
7067;10;1;1;1;2;1;0;0;0;0;0;59.415691375732422;6.087646484375;-12.893798828125;-6.80615234375;-12.893798828125;0;0;1.2900000810623169;0;2;0;1;0;0;0;1;0;0;1;0;0;0;1;0;1;1;0
7076;10;1;1;1;2;1;0;0;0;0;0;59.337566375732422;6.099365234375;-12.893798828125;-6.79443359375;-12.893798828125;0;0;1.2833333015441895;0;2;0;1;0;0;0;1;0;0;1;0;0;0;1;0;1;1;0
7086;10;1;1;1;2;1;0;0;0;0;0;59.222003936767578;6.11669921875;-12.893798828125;-6.777099609375;-12.893798828125;0;0;1.2733333110809326;0;2;0;1;0;0;0;1;0;0;1;0;0;0;1;0;1;1;0
7096;10;1;1;1;2;1;0;0;0;0;0;59.143878936767578;6.12841796875;-12.893798828125;-6.765380859375;-12.893798828125;0;0;1.2766666412353516;0;2;0;1;0;0;0;1;0;0;1;0;0;0;1;0;1;1;0
7106;10;1;1;1;2;1;0;0;0;0;0;59.0234375;6.146484375;-12.893798828125;-6.747314453125;-12.893798828125;0;0;1.2900000810623169;0;2;0;1;0;0;0;1;0;0;1;0;0;0;1;0;1;1;0
7116;10;1;1;1;2;1;0;0;0;0;0;58.9453125;6.158203125;-12.893798828125;-6.735595703125;-12.893798828125;0;0;1.2900000810623169;0;2;0;1;0;0;0;1;0;0;1;0;0;0;1;0;1;1;0
7126;10;1;1;1;2;1;0;0;0;0;0;58.828125;6.17578125;-12.893798828125;-6.718017578125;-12.893798828125;0;0;1.2833333015441895;0;2;0;1;0;0;0;1;0;0;1;0;0;0;1;0;1;1;0
7136;10;1;1;1;2;1;0;0;0;0;0;58.751628875732422;6.187255859375;-12.893798828125;-6.70654296875;-12.893798828125;0;0;1.2766666412353516;0;2;0;1;0;0;0;1;0;0;1;0;0;0;1;0;1;1;0
7146;10;1;1;1;2;1;0;0;0;0;0;58.6328125;6.205078125;-12.893798828125;-6.688720703125;-12.893798828125;0;0;1.2833333015441895;0;2;0;1;0;0;0;1;0;0;1;0;0;0;1;0;1;1;0
7156;10;1;1;1;2;1;0;0;0;0;0;58.5546875;6.216796875;-12.893798828125;-6.677001953125;-12.893798828125;0;0;1.28000009059906;0;2;0;1;0;0;0;1;0;0;1;0;0;0;1;0;1;1;0
7166;10;1;1;1;2;1;0;0;0;0;0;58.4375;6.234375;-12.893798828125;-6.659423828125;-12.893798828125;0;0;1.28000009059906;0;2;0;1;0;0;0;1;0;0;1;0;0;0;1;0;1;1;0
7176;10;1;1;1;2;1;0;0;0;0;0;58.359375;6.24609375;-12.893798828125;-6.647705078125;-12.893798828125;0;0;1.2833333015441895;0;2;0;1;0;0;0;1;0;0;1;0;0;0;1;0;1;1;0
7186;10;1;1;1;2;1;0;0;0;0;0;58.240558624267578;6.263916015625;-12.893798828125;-6.6298828125;-12.893798828125;0;0;1.28000009059906;0;2;0;1;0;0;0;1;0;0;1;0;0;0;1;0;1;1;0
7196;10;1;1;1;2;1;0;0;0;0;0;58.1640625;6.275390625;-12.893798828125;-6.618408203125;-12.893798828125;0;0;1.2766666412353516;0;2;0;1;0;0;0;1;0;0;1;0;0;0;1;0;1;1;0
7206;10;1;1;1;2;1;0;0;0;0;0;58.045246124267578;6.293212890625;-12.893798828125;-6.6005859375;-12.893798828125;0;0;1.2833333015441895;0;2;0;1;0;0;0;1;0;0;1;0;0;0;1;0;1;1;0
7216;10;1;1;1;2;1;0;0;0;0;0;57.965496063232422;6.30517578125;-12.893798828125;-6.588623046875;-12.893798828125;0;0;1.2866667509078979;0;2;0;1;0;0;0;1;0;0;1;0;0;0;1;0;1;1;0
7226;10;1;1;1;2;1;0;0;0;0;0;57.848308563232422;6.32275390625;-12.893798828125;-6.571044921875;-12.893798828125;0;0;1.2833333015441895;0;2;0;1;0;0;0;1;0;0;1;0;0;0;1;0;1;1;0
7236;10;1;1;1;2;1;0;0;0;0;0;57.771808624267578;6.334228515625;-12.893798828125;-6.5595703125;-12.893798828125;0;0;1.2766666412353516;0;2;0;1;0;0;0;1;0;0;1;0;0;0;1;0;1;1;0
7246;10;1;1;1;2;1;0;0;0;0;0;57.652996063232422;6.35205078125;-12.893798828125;-6.541748046875;-12.893798828125;0;0;1.2866667509078979;0;2;0;1;0;0;0;1;0;0;1;0;0;0;1;0;1;1;0
7256;10;1;1;1;2;1;0;0;0;0;0;57.5732421875;6.364013671875;-12.893798828125;-6.52978515625;-12.893798828125;0;0;1.2933332920074463;0;2;0;1;0;0;0;1;0;0;1;0;0;0;1;0;1;1;0
7266;10;1;1;1;2;1;0;0;0;0;0;57.4560546875;6.381591796875;-12.893798828125;-6.51220703125;-12.893798828125;0;0;1.2866667509078979;0;2;0;1;0;0;0;1;0;0;1;0;0;0;1;0;1;1;0
7276;10;1;1;1;2;1;0;0;0;0;0;57.3779296875;6.393310546875;-12.893798828125;-6.50048828125;-12.893798828125;0;0;1.28000009059906;0;2;0;1;0;0;0;1;0;0;1;0;0;0;1;0;1;1;0
7286;10;1;1;1;2;1;0;0;0;0;0;57.2607421875;6.410888671875;-12.893798828125;-6.48291015625;-12.893798828125;0;0;1.2833333015441895;0;2;0;1;0;0;0;1;0;0;1;0;0;0;1;0;1;1;0
7297;10;1;1;1;2;1;0;0;0;0;0;57.1826171875;6.422607421875;-12.893798828125;-6.47119140625;-12.893798828125;0;0;1.2866667509078979;0;2;0;1;0;0;0;1;0;0;1;0;0;0;1;0;1;1;0
7306;10;1;1;1;2;1;0;0;0;0;0;57.063800811767578;6.4404296875;-12.893798828125;-6.453369140625;-12.893798828125;0;0;1.2866667509078979;0;2;0;1;0;0;0;1;0;0;1;0;0;0;1;0;1;1;0
7316;10;1;1;1;2;1;0;0;0;0;0;56.985675811767578;6.4521484375;-12.893798828125;-6.441650390625;-12.893798828125;0;0;1.2833333015441895;0;2;0;1;0;0;0;1;0;0;1;0;0;0;1;0;1;1;0
7326;10;1;1;1;2;1;0;0;0;0;0;56.868488311767578;6.4697265625;-12.893798828125;-6.424072265625;-12.893798828125;0;0;1.2833333015441895;0;2;0;1;0;0;0;1;0;0;1;0;0;0;1;0;1;1;0
7336;10;1;1;1;2;1;0;0;0;0;0;56.790363311767578;6.4814453125;-12.893798828125;-6.412353515625;-12.893798828125;0;0;1.2866667509078979;0;2;0;1;0;0;0;1;0;0;1;0;0;0;1;0;1;1;0
7346;10;1;1;1;2;1;0;0;0;0;0;56.671550750732422;6.499267578125;-12.893798828125;-6.39453125;-12.893798828125;0;0;1.2833333015441895;0;2;0;1;0;0;0;1;0;0;1;0;0;0;1;0;1;1;0
7356;10;1;1;1;2;1;0;0;0;0;0;56.593425750732422;6.510986328125;-12.893798828125;-6.3828125;-12.893798828125;0;0;1.2833333015441895;0;2;0;1;0;0;0;1;0;0;1;0;0;0;1;0;1;1;0
7366;10;1;1;1;2;1;0;0;0;0;0;56.476238250732422;6.528564453125;-12.893798828125;-6.365234375;-12.893798828125;0;0;1.2833333015441895;0;2;0;1;0;0;0;1;0;0;1;0;0;0;1;0;1;1;0
7376;10;1;1;1;2;1;0;0;0;0;0;56.398113250732422;6.540283203125;-12.893798828125;-6.353515625;-12.893798828125;0;0;1.2833333015441895;0;2;0;1;0;0;0;1;0;0;1;0;0;0;1;0;1;1;0
7386;10;1;1;1;2;1;0;0;0;0;0;56.279296875;6.55810546875;-12.893798828125;-6.335693359375;-12.893798828125;0;0;1.2833333015441895;0;2;0;1;0;0;0;1;0;0;1;0;0;0;1;0;1;1;0
7397;10;1;1;1;2;1;0;0;0;0;0;56.201171875;6.56982421875;-12.893798828125;-6.323974609375;-12.893798828125;0;0;1.28000009059906;0;2;0;1;0;0;0;1;0;0;1;0;0;0;1;0;1;1;0
7406;10;1;1;1;2;1;0;0;0;0;0;56.083984375;6.58740234375;-12.893798828125;-6.306396484375;-12.893798828125;0;0;1.28000009059906;0;2;0;1;0;0;0;1;0;0;1;0;0;0;1;0;1;1;0
7416;10;1;1;1;2;1;0;0;0;0;0;56.005859375;6.59912109375;-12.893798828125;-6.294677734375;-12.893798828125;0;0;1.2866667509078979;0;2;0;1;0;0;0;1;0;0;1;0;0;0;1;0;1;1;0
7426;10;1;1;1;2;1;0;0;0;0;0;55.887042999267578;6.616943359375;-12.893798828125;-6.27685546875;-12.893798828125;0;0;1.2866667509078979;0;2;0;1;0;0;0;1;0;0;1;0;0;0;1;0;1;1;0
7436;10;1;1;1;2;1;0;0;0;0;0;55.808917999267578;6.628662109375;-12.893798828125;-6.26513671875;-12.893798828125;0;0;1.2833333015441895;0;2;0;1;0;0;0;1;0;0;1;0;0;0;1;0;1;1;0
7446;10;1;1;1;2;1;0;0;0;0;0;55.691730499267578;6.646240234375;-12.893798828125;-6.24755859375;-12.893798828125;0;0;1.28000009059906;0;2;0;1;0;0;0;1;0;0;1;0;0;0;1;0;1;1;0
7456;10;1;1;1;2;1;0;0;0;0;0;55.613605499267578;6.657958984375;-12.893798828125;-6.23583984375;-12.893798828125;0;0;1.2833333015441895;0;2;0;1;0;0;0;1;0;0;1;0;0;0;1;0;1;1;0
7466;10;1;1;1;2;1;0;0;0;0;0;55.494792938232422;6.67578125;-12.893798828125;-6.218017578125;-12.893798828125;0;0;1.2866667509078979;0;2;0;1;0;0;0;1;0;0;1;0;0;0;1;0;1;1;0
7477;10;1;1;1;2;1;0;0;0;0;0;55.416667938232422;6.6875;-12.893798828125;-6.206298828125;-12.893798828125;0;0;1.2833333015441895;0;2;0;1;0;0;0;1;0;0;1;0;0;0;1;0;1;1;0
7486;10;1;1;1;2;1;0;0;0;0;0;55.299480438232422;6.705078125;-12.893798828125;-6.188720703125;-12.893798828125;0;0;1.28000009059906;0;2;0;1;0;0;0;1;0;0;1;0;0;0;1;0;1;1;0
7497;10;1;1;1;2;1;0;0;0;0;0;55.221355438232422;6.716796875;-12.893798828125;-6.177001953125;-12.893798828125;0;0;1.2833333015441895;0;2;0;1;0;0;0;1;0;0;1;0;0;0;1;0;1;1;0
7506;10;1;1;1;2;1;0;0;0;0;0;55.1025390625;6.734619140625;-12.893798828125;-6.1591796875;-12.893798828125;0;0;1.2866667509078979;0;2;0;1;0;0;0;1;0;0;1;0;0;0;1;0;1;1;0
7516;10;1;1;1;2;1;0;0;0;0;0;55.0244140625;6.746337890625;-12.893798828125;-6.1474609375;-12.893798828125;0;0;1.2833333015441895;0;2;0;1;0;0;0;1;0;0;1;0;0;0;1;0;1;1;0
7526;10;1;1;1;2;1;0;0;0;0;0;54.9072265625;6.763916015625;-12.893798828125;-6.1298828125;-12.893798828125;0;0;1.2833333015441895;0;2;0;1;0;0;0;1;0;0;1;0;0;0;1;0;1;1;0
7536;10;1;1;1;2;1;0;0;0;0;0;54.827472686767578;6.77587890625;-12.893798828125;-6.117919921875;-12.893798828125;0;0;1.2833333015441895;0;2;0;1;0;0;0;1;0;0;1;0;0;0;1;0;1;1;0
7546;10;1;1;1;2;1;0;0;0;0;0;54.710285186767578;6.79345703125;-12.893798828125;-6.100341796875;-12.893798828125;0;0;1.2833333015441895;0;2;0;1;0;0;0;1;0;0;1;0;0;0;1;0;1;1;0
7557;10;1;1;1;2;1;0;0;0;0;0;54.632160186767578;6.80517578125;-12.893798828125;-6.088623046875;-12.893798828125;0;0;1.2833333015441895;0;2;0;1;0;0;0;1;0;0;1;0;0;0;1;0;1;1;0
7566;10;1;1;1;2;1;0;0;0;0;0;54.514972686767578;6.82275390625;-12.893798828125;-6.071044921875;-12.893798828125;0;0;1.2833333015441895;0;2;0;1;0;0;0;1;0;0;1;0;0;0;1;0;1;1;0
7576;10;1;1;1;2;1;0;0;0;0;0;54.435222625732422;6.834716796875;-12.893798828125;-6.05908203125;-12.893798828125;0;0;1.2833333015441895;0;2;0;1;0;0;0;1;0;0;1;0;0;0;1;0;1;1;0
7586;10;1;1;1;2;1;0;0;0;0;0;54.318035125732422;6.852294921875;-12.893798828125;-6.04150390625;-12.893798828125;0;0;1.2833333015441895;0;2;0;1;0;0;0;1;0;0;1;0;0;0;1;0;1;1;0
7596;10;1;1;1;2;1;0;0;0;0;0;54.239910125732422;6.864013671875;-12.893798828125;-6.02978515625;-12.893798828125;0;0;1.2833333015441895;0;2;0;1;0;0;0;1;0;0;1;0;0;0;1;0;1;1;0
7606;10;1;1;1;2;1;0;0;0;0;0;54.122722625732422;6.881591796875;-12.893798828125;-6.01220703125;-12.893798828125;0;0;1.2833333015441895;0;2;0;1;0;0;0;1;0;0;1;0;0;0;1;0;1;1;0
7616;10;1;1;1;2;1;0;0;0;0;0;54.04296875;6.8935546875;-12.893798828125;-6.000244140625;-12.893798828125;0;0;1.2833333015441895;0;2;0;1;0;0;0;1;0;0;1;0;0;0;1;0;1;1;0
7626;10;1;1;1;2;1;0;0;0;0;0;53.92578125;6.9111328125;-12.893798828125;-5.982666015625;-12.893798828125;0;0;1.2833333015441895;0;2;0;1;0;0;0;1;0;0;1;0;0;0;1;0;1;1;0
7636;10;1;1;1;2;1;0;0;0;0;0;53.84765625;6.9228515625;-12.893798828125;-5.970947265625;-12.893798828125;0;0;1.2833333015441895;0;2;0;1;0;0;0;1;0;0;1;0;0;0;1;0;1;1;0
7646;10;1;1;1;2;1;0;0;0;0;0;53.73046875;6.9404296875;-12.893798828125;-5.953369140625;-12.893798828125;0;0;1.2833333015441895;0;2;0;1;0;0;0;1;0;0;1;0;0;0;1;0;1;1;0
7657;10;1;1;1;2;1;0;0;0;0;0;53.650714874267578;6.952392578125;-12.893798828125;-5.94140625;-12.893798828125;0;0;1.2833333015441895;0;2;0;1;0;0;0;1;0;0;1;0;0;0;1;0;1;1;0
7666;10;1;1;1;2;1;0;0;0;0;0;53.533527374267578;6.969970703125;-12.893798828125;-5.923828125;-12.893798828125;0;0;1.2833333015441895;0;2;0;1;0;0;0;1;0;0;1;0;0;0;1;0;1;1;0
7676;10;1;1;1;2;1;0;0;0;0;0;53.455402374267578;6.981689453125;-12.893798828125;-5.912109375;-12.893798828125;0;0;1.2833333015441895;0;2;0;1;0;0;0;1;0;0;1;0;0;0;1;0;1;1;0
7687;10;1;1;1;2;1;0;0;0;0;0;53.338214874267578;6.999267578125;-12.893798828125;-5.89453125;-12.893798828125;0;0;1.2833333015441895;0;2;0;1;0;0;0;1;0;0;1;0;0;0;1;0;1;1;0
7696;10;1;1;1;2;1;0;0;0;0;0;53.258464813232422;7.01123046875;-12.893798828125;-5.882568359375;-12.893798828125;0;0;1.2833333015441895;0;2;0;1;0;0;0;1;0;0;1;0;0;0;1;0;1;1;0
7706;10;1;1;1;2;1;0;0;0;0;0;53.141277313232422;7.02880859375;-12.893798828125;-5.864990234375;-12.893798828125;0;0;1.2833333015441895;0;2;0;1;0;0;0;1;0;0;1;0;0;0;1;0;1;1;0
7716;10;1;1;1;2;1;0;0;0;0;0;53.063152313232422;7.04052734375;-12.893798828125;-5.853271484375;-12.893798828125;0;0;1.28000009059906;0;2;0;1;0;0;0;1;0;0;1;0;0;0;1;0;1;1;0
7727;10;1;1;1;2;1;0;0;0;0;0;52.945964813232422;7.05810546875;-12.893798828125;-5.835693359375;-12.893798828125;0;0;1.2833333015441895;0;2;0;1;0;0;0;1;0;0;1;0;0;0;1;0;1;1;0
7736;10;1;1;1;2;1;0;0;0;0;0;52.867839813232422;7.06982421875;-12.893798828125;-5.823974609375;-12.893798828125;0;0;1.2833333015441895;0;2;0;1;0;0;0;1;0;0;1;0;0;0;1;0;1;1;0
7746;10;1;1;1;2;1;0;0;0;0;0;52.7490234375;7.087646484375;-12.893798828125;-5.80615234375;-12.893798828125;0;0;1.2833333015441895;0;2;0;1;0;0;0;1;0;0;1;0;0;0;1;0;1;1;0
7757;10;1;1;1;2;1;0;0;0;0;0;52.6708984375;7.099365234375;-12.893798828125;-5.79443359375;-12.893798828125;0;0;1.2833333015441895;0;2;0;1;0;0;0;1;0;0;1;0;0;0;1;0;1;1;0
7766;10;1;1;1;2;1;0;0;0;0;0;52.5537109375;7.116943359375;-12.893798828125;-5.77685546875;-12.893798828125;0;0;1.2833333015441895;0;2;0;1;0;0;0;1;0;0;1;0;0;0;1;0;1;1;0
7776;10;1;1;1;2;1;0;0;0;0;0;52.4755859375;7.128662109375;-12.893798828125;-5.76513671875;-12.893798828125;0;0;1.2833333015441895;0;2;0;1;0;0;0;1;0;0;1;0;0;0;1;0;1;1;0
7786;10;1;1;1;2;1;0;0;0;0;0;52.356769561767578;7.146484375;-12.893798828125;-5.747314453125;-12.893798828125;0;0;1.2833333015441895;0;2;0;1;0;0;0;1;0;0;1;0;0;0;1;0;1;1;0
7796;10;1;1;1;2;1;0;0;0;0;0;52.278644561767578;7.158203125;-12.893798828125;-5.735595703125;-12.893798828125;0;0;1.2833333015441895;0;2;0;1;0;0;0;1;0;0;1;0;0;0;1;0;1;1;0
7806;10;1;1;1;2;1;0;0;0;0;0;52.161457061767578;7.17578125;-12.893798828125;-5.718017578125;-12.893798828125;0;0;1.2833333015441895;0;2;0;1;0;0;0;1;0;0;1;0;0;0;1;0;1;1;0
7816;10;1;1;1;2;1;0;0;0;0;0;52.083332061767578;7.1875;-12.893798828125;-5.706298828125;-12.893798828125;0;0;1.2833333015441895;0;2;0;1;0;0;0;1;0;0;1;0;0;0;1;0;1;1;0
7826;10;1;1;1;2;1;0;0;0;0;0;51.966144561767578;7.205078125;-12.893798828125;-5.688720703125;-12.893798828125;0;0;1.2833333015441895;0;2;0;1;0;0;0;1;0;0;1;0;0;0;1;0;1;1;0
7836;10;1;1;1;2;1;0;0;0;0;0;51.886394500732422;7.217041015625;-12.893798828125;-5.6767578125;-12.893798828125;0;0;1.2833333015441895;0;2;0;1;0;0;0;1;0;0;1;0;0;0;1;0;1;1;0
7846;10;1;1;1;2;1;0;0;0;0;0;51.769207000732422;7.234619140625;-12.893798828125;-5.6591796875;-12.893798828125;0;0;1.2833333015441895;0;2;0;1;0;0;0;1;0;0;1;0;0;0;1;0;1;1;0
7858;10;1;1;1;2;1;0;0;0;0;0;51.691082000732422;7.246337890625;-12.893798828125;-5.6474609375;-12.893798828125;0;0;1.2833333015441895;0;2;0;1;0;0;0;1;0;0;1;0;0;0;1;0;1;1;0
7868;10;1;1;1;2;1;0;0;0;0;0;51.573894500732422;7.263916015625;-12.893798828125;-5.6298828125;-12.893798828125;0;0;1.2833333015441895;0;2;0;1;0;0;0;1;0;0;1;0;0;0;1;0;1;1;0
7877;10;1;1;1;2;1;0;0;0;0;0;51.495769500732422;7.275634765625;-12.893798828125;-5.6181640625;-12.893798828125;0;0;1.28000009059906;0;2;0;1;0;0;0;1;0;0;1;0;0;0;1;0;1;1;0
7889;10;1;1;1;2;1;0;0;0;0;0;51.376953125;7.29345703125;-12.893798828125;-5.600341796875;-12.893798828125;0;0;1.2833333015441895;0;2;0;1;0;0;0;1;0;0;1;0;0;0;1;0;1;1;0
7896;10;1;1;1;2;1;0;0;0;0;0;51.298828125;7.30517578125;-12.893798828125;-5.588623046875;-12.893798828125;0;0;1.2833333015441895;0;2;0;1;0;0;0;1;0;0;1;0;0;0;1;0;1;1;0
7906;10;1;1;1;2;1;0;0;0;0;0;51.181640625;7.32275390625;-12.893798828125;-5.571044921875;-12.893798828125;0;0;1.28000009059906;0;2;0;1;0;0;0;1;0;0;1;0;0;0;1;0;1;1;0
7916;10;1;1;1;2;1;0;0;0;0;0;51.103515625;7.33447265625;-12.893798828125;-5.559326171875;-12.893798828125;0;0;1.28000009059906;0;2;0;1;0;0;0;1;0;0;1;0;0;0;1;0;1;1;0
7926;10;1;1;1;2;1;0;0;0;0;0;50.986328125;7.35205078125;-12.893798828125;-5.541748046875;-12.893798828125;0;0;1.2833333015441895;0;2;0;1;0;0;0;1;0;0;1;0;0;0;1;0;1;1;0
7936;10;1;1;1;2;1;0;0;0;0;0;50.908203125;7.36376953125;-12.893798828125;-5.530029296875;-12.893798828125;0;0;1.2833333015441895;0;2;0;1;0;0;0;1;0;0;1;0;0;0;1;0;1;1;0
7946;10;1;1;1;2;1;0;0;0;0;0;50.789386749267578;7.381591796875;-12.893798828125;-5.51220703125;-12.893798828125;0;0;1.2833333015441895;0;2;0;1;0;0;0;1;0;0;1;0;0;0;1;0;1;1;0
7957;10;1;1;1;2;1;0;0;0;0;0;50.711261749267578;7.393310546875;-12.893798828125;-5.50048828125;-12.893798828125;0;0;1.28000009059906;0;2;0;1;0;0;0;1;0;0;1;0;0;0;1;0;1;1;0
7966;10;1;1;1;2;1;0;0;0;0;0;50.594074249267578;7.410888671875;-12.893798828125;-5.48291015625;-12.893798828125;0;0;1.2833333015441895;0;2;0;1;0;0;0;1;0;0;1;0;0;0;1;0;1;1;0
7976;10;1;1;1;2;1;0;0;0;0;0;50.515949249267578;7.422607421875;-12.893798828125;-5.47119140625;-12.893798828125;0;0;1.2833333015441895;0;2;0;1;0;0;0;1;0;0;1;0;0;0;1;0;1;1;0
7987;10;1;1;1;2;1;0;0;0;0;0;50.397136688232422;7.4404296875;-12.893798828125;-5.453369140625;-12.893798828125;0;0;1.2833333015441895;0;2;0;1;0;0;0;1;0;0;1;0;0;0;1;0;1;1;0
7996;10;1;1;1;2;1;0;0;0;0;0;50.320636749267578;7.451904296875;-12.893798828125;-5.44189453125;-12.893798828125;0;0;1.28000009059906;0;2;0;1;0;0;0;1;0;0;1;0;0;0;1;0;1;1;0
8006;10;1;1;1;2;1;0;0;0;0;0;50.201824188232422;7.4697265625;-12.893798828125;-5.424072265625;-12.893798828125;0;0;1.2833333015441895;0;2;0;1;0;0;0;1;0;0;1;0;0;0;1;0;1;1;0
8016;10;1;1;1;2;1;0;0;0;0;0;50.123699188232422;7.4814453125;-12.893798828125;-5.412353515625;-12.893798828125;0;0;1.2833333015441895;0;2;0;1;0;0;0;1;0;0;1;0;0;0;1;0;1;1;0
8026;10;1;1;1;2;1;0;0;0;0;0;50.006511688232422;7.4990234375;-12.893798828125;-5.394775390625;-12.893798828125;0;0;1.2833333015441895;0;2;0;1;0;0;0;1;0;0;1;0;0;0;1;0;1;1;0
8036;10;1;1;1;2;1;0;0;0;0;0;49.928386688232422;7.5107421875;-12.893798828125;-5.383056640625;-12.893798828125;0;0;1.28000009059906;0;2;0;1;0;0;0;1;0;0;1;0;0;0;1;0;1;1;0
8046;10;1;1;1;2;1;0;0;0;0;0;49.811199188232422;7.5283203125;-12.893798828125;-5.365478515625;-12.893798828125;0;0;1.2833333015441895;0;2;0;1;0;0;0;1;0;0;1;0;0;0;1;0;1;1;0
8058;10;1;1;1;2;1;0;0;0;0;0;49.7314453125;7.540283203125;-12.893798828125;-5.353515625;-12.893798828125;0;0;1.2833333015441895;0;2;0;1;0;0;0;1;0;0;1;0;0;0;1;0;1;1;0
8066;10;1;1;1;2;1;0;0;0;0;0;49.6142578125;7.557861328125;-12.893798828125;-5.3359375;-12.893798828125;0;0;1.28000009059906;0;2;0;1;0;0;0;1;0;0;1;0;0;0;1;0;1;1;0
8076;10;1;1;1;2;1;0;0;0;0;0;49.5361328125;7.569580078125;-12.893798828125;-5.32421875;-12.893798828125;0;0;1.2833333015441895;0;2;0;1;0;0;0;1;0;0;1;0;0;0;1;0;1;1;0
8087;10;1;1;1;2;1;0;0;0;0;0;49.4189453125;7.587158203125;-12.893798828125;-5.306640625;-12.893798828125;0;0;1.2833333015441895;0;2;0;1;0;0;0;1;0;0;1;0;0;0;1;0;1;1;0
8096;10;1;1;1;2;1;0;0;0;0;0;49.3408203125;7.598876953125;-12.893798828125;-5.294921875;-12.893798828125;0;0;1.28000009059906;0;2;0;1;0;0;0;1;0;0;1;0;0;0;1;0;1;1;0
8106;10;1;1;1;2;1;0;0;0;0;0;49.222003936767578;7.61669921875;-12.893798828125;-5.277099609375;-12.893798828125;0;0;1.2833333015441895;0;2;0;1;0;0;0;1;0;0;1;0;0;0;1;0;1;1;0
8116;10;1;1;1;2;1;0;0;0;0;0;49.143878936767578;7.62841796875;-12.893798828125;-5.265380859375;-12.893798828125;0;0;1.2833333015441895;0;2;0;1;0;0;0;1;0;0;1;0;0;0;1;0;1;1;0
8126;10;1;1;1;2;1;0;0;0;0;0;49.026691436767578;7.64599609375;-12.893798828125;-5.247802734375;-12.893798828125;0;0;1.28000009059906;0;2;0;1;0;0;0;1;0;0;1;0;0;0;1;0;1;1;0
8136;10;1;1;1;2;1;0;0;0;0;0;48.948566436767578;7.65771484375;-12.893798828125;-5.236083984375;-12.893798828125;0;0;1.28000009059906;0;2;0;1;0;0;0;1;0;0;1;0;0;0;1;0;1;1;0
8146;10;1;1;1;2;1;0;0;0;0;0;48.831378936767578;7.67529296875;-12.893798828125;-5.218505859375;-12.893798828125;0;0;1.2833333015441895;0;2;0;1;0;0;0;1;0;0;1;0;0;0;1;0;1;1;0
8157;10;1;1;1;2;1;0;0;0;0;0;48.751628875732422;7.687255859375;-12.893798828125;-5.20654296875;-12.893798828125;0;0;1.2833333015441895;0;2;0;1;0;0;0;1;0;0;1;0;0;0;1;0;1;1;0
8166;10;1;1;1;2;1;0;0;0;0;0;48.634441375732422;7.704833984375;-12.893798828125;-5.18896484375;-12.893798828125;0;0;1.2833333015441895;0;2;0;1;0;0;0;1;0;0;1;0;0;0;1;0;1;1;0
8176;10;1;1;1;2;1;0;0;0;0;0;48.556316375732422;7.716552734375;-12.893798828125;-5.17724609375;-12.893798828125;0;0;1.2833333015441895;0;2;0;1;0;0;0;1;0;0;1;0;0;0;1;0;1;1;0
8186;10;1;1;1;2;1;0;0;0;0;0;48.439128875732422;7.734130859375;-12.893798828125;-5.15966796875;-12.893798828125;0;0;1.2833333015441895;0;2;0;1;0;0;0;1;0;0;1;0;0;0;1;0;1;1;0
8196;10;1;1;1;2;1;0;0;0;0;0;48.361003875732422;7.745849609375;-12.893798828125;-5.14794921875;-12.893798828125;0;0;1.2833333015441895;0;2;0;1;0;0;0;1;0;0;1;0;0;0;1;0;1;1;0
8206;10;1;1;1;2;1;0;0;0;0;0;48.2421875;7.763671875;-12.893798828125;-5.130126953125;-12.893798828125;0;0;1.2833333015441895;0;2;0;1;0;0;0;1;0;0;1;0;0;0;1;0;1;1;0
8216;10;1;1;1;2;1;0;0;0;0;0;48.1640625;7.775390625;-12.893798828125;-5.118408203125;-12.893798828125;0;0;1.2833333015441895;0;2;0;1;0;0;0;1;0;0;1;0;0;0;1;0;1;1;0
8226;10;1;1;1;2;1;0;0;0;0;0;48.046875;7.79296875;-12.893798828125;-5.100830078125;-12.893798828125;0;0;1.28000009059906;0;2;0;1;0;0;0;1;0;0;1;0;0;0;1;0;1;1;0
8236;10;1;1;1;2;1;0;0;0;0;0;47.96875;7.8046875;-12.893798828125;-5.089111328125;-12.893798828125;0;0;1.2833333015441895;0;2;0;1;0;0;0;1;0;0;1;0;0;0;1;0;1;1;0
8246;10;1;1;1;2;1;0;0;0;0;0;47.849933624267578;7.822509765625;-12.893798828125;-5.0712890625;-12.893798828125;0;0;1.2833333015441895;0;2;0;1;0;0;0;1;0;0;1;0;0;0;1;0;1;1;0
8257;10;1;1;1;2;1;0;0;0;0;0;47.7734375;7.833984375;-12.893798828125;-5.059814453125;-12.893798828125;0;0;1.28000009059906;0;2;0;1;0;0;0;1;0;0;1;0;0;0;1;0;1;1;0
8266;10;1;1;1;2;1;0;0;0;0;0;47.65625;7.8515625;-12.893798828125;-5.042236328125;-12.893798828125;0;0;1.28000009059906;0;2;0;1;0;0;0;1;0;0;1;0;0;0;1;0;1;1;0
8276;10;1;1;1;2;1;0;0;0;0;0;47.576496124267578;7.863525390625;-12.893798828125;-5.0302734375;-12.893798828125;0;0;1.2866667509078979;0;2;0;1;0;0;0;1;0;0;1;0;0;0;1;0;1;1;0
8286;10;1;1;1;2;1;0;0;0;0;0;47.459308624267578;7.881103515625;-12.893798828125;-5.0126953125;-12.893798828125;0;0;1.2866667509078979;0;2;0;1;0;0;0;1;0;0;1;0;0;0;1;0;1;1;0
8296;10;1;1;1;2;1;0;0;0;0;0;47.381183624267578;7.892822265625;-12.893798828125;-5.0009765625;-12.893798828125;0;0;1.28000009059906;0;2;0;1;0;0;0;1;0;0;1;0;0;0;1;0;1;1;0
8307;10;1;1;1;2;1;0;0;0;0;0;47.263996124267578;7.910400390625;-12.893798828125;-4.9833984375;-12.893798828125;0;0;1.28000009059906;0;2;0;1;0;0;0;1;0;0;1;0;0;0;1;0;1;1;0
8317;10;1;1;1;2;1;0;0;0;0;0;47.184246063232422;7.92236328125;-12.893798828125;-4.971435546875;-12.893798828125;0;0;1.2833333015441895;0;2;0;1;0;0;0;1;0;0;1;0;0;0;1;0;1;1;0
8326;10;1;1;1;2;1;0;0;0;0;0;47.067058563232422;7.93994140625;-12.893798828125;-4.953857421875;-12.893798828125;0;0;1.28000009059906;0;2;0;1;0;0;0;1;0;0;1;0;0;0;1;0;1;1;0
8336;10;1;1;1;2;1;0;0;0;0;0;46.988933563232422;7.95166015625;-12.893798828125;-4.942138671875;-12.893798828125;0;0;1.28000009059906;0;2;0;1;0;0;0;1;0;0;1;0;0;0;1;0;1;1;0
8346;10;1;1;1;2;1;0;0;0;0;0;46.8701171875;7.969482421875;-12.893798828125;-4.92431640625;-12.893798828125;0;0;1.2866667509078979;0;2;0;1;0;0;0;1;0;0;1;0;0;0;1;0;1;1;0
8357;10;1;1;1;2;1;0;0;0;0;0;46.7919921875;7.981201171875;-12.893798828125;-4.91259765625;-12.893798828125;0;0;1.2833333015441895;0;2;0;1;0;0;0;1;0;0;1;0;0;0;1;0;1;1;0
8366;10;1;1;1;2;1;0;0;0;0;0;46.6748046875;7.998779296875;-12.893798828125;-4.89501953125;-12.893798828125;0;0;1.2866667509078979;0;2;0;1;0;0;0;1;0;0;1;0;0;0;1;0;1;1;0
8376;10;1;1;1;2;1;0;0;0;0;0;46.5966796875;8.010498046875;-12.893798828125;-4.88330078125;-12.893798828125;0;0;1.2866667509078979;0;2;0;1;0;0;0;1;0;0;1;0;0;0;1;0;1;1;0
8386;10;1;1;1;2;1;0;0;0;0;0;46.477863311767578;8.0283203125;-12.893798828125;-4.865478515625;-12.893798828125;0;0;1.2866667509078979;0;2;0;1;0;0;0;1;0;0;1;0;0;0;1;0;1;1;0
8396;10;1;1;1;2;1;0;0;0;0;0;46.399738311767578;8.0400390625;-12.893798828125;-4.853759765625;-12.893798828125;0;0;1.2833333015441895;0;2;0;1;0;0;0;1;0;0;1;0;0;0;1;0;1;1;0
8406;10;1;1;1;2;1;0;0;0;0;0;46.282550811767578;8.0576171875;-12.893798828125;-4.836181640625;-12.893798828125;0;0;1.2833333015441895;0;2;0;1;0;0;0;1;0;0;1;0;0;0;1;0;1;1;0
8416;10;1;1;1;2;1;0;0;0;0;0;46.202800750732422;8.069580078125;-12.893798828125;-4.82421875;-12.893798828125;0;0;1.2900000810623169;0;2;0;1;0;0;0;1;0;0;1;0;0;0;1;0;1;1;0
8426;10;1;1;1;2;1;0;0;0;0;0;46.085613250732422;8.087158203125;-12.893798828125;-4.806640625;-12.893798828125;0;0;1.2900000810623169;0;2;0;1;0;0;0;1;0;0;1;0;0;0;1;0;1;1;0
8436;10;1;1;1;2;1;0;0;0;0;0;46.007488250732422;8.098876953125;-12.893798828125;-4.794921875;-12.893798828125;0;0;1.2833333015441895;0;2;0;1;0;0;0;1;0;0;1;0;0;0;1;0;1;1;0
8446;10;1;1;1;2;1;0;0;0;0;0;45.890300750732422;8.116455078125;-12.893798828125;-4.77734375;-12.893798828125;0;0;1.2766666412353516;0;2;0;1;0;0;0;1;0;0;1;0;0;0;1;0;1;1;0
8456;10;1;1;1;2;1;0;0;0;0;0;45.812175750732422;8.128173828125;-12.893798828125;-4.765625;-12.893798828125;0;0;1.28000009059906;0;2;0;1;0;0;0;1;0;0;1;0;0;0;1;0;1;1;0
8466;10;1;1;1;2;1;0;0;0;0;0;45.693359375;8.14599609375;-12.893798828125;-4.747802734375;-12.893798828125;0;0;1.2900000810623169;0;2;0;1;0;0;0;1;0;0;1;0;0;0;1;0;1;1;0
8476;10;1;1;1;2;1;0;0;0;0;0;45.613605499267578;8.157958984375;-12.893798828125;-4.73583984375;-12.893798828125;0;0;1.2900000810623169;0;2;0;1;0;0;0;1;0;0;1;0;0;0;1;0;1;1;0
8487;10;1;1;1;2;1;0;0;0;0;0;45.498046875;8.17529296875;-12.893798828125;-4.718505859375;-12.893798828125;0;0;1.28000009059906;0;2;0;1;0;0;0;1;0;0;1;0;0;0;1;0;1;1;0
8496;10;1;1;1;2;1;0;0;0;0;0;45.419921875;8.18701171875;-12.893798828125;-4.706787109375;-12.893798828125;0;0;1.28000009059906;0;2;0;1;0;0;0;1;0;0;1;0;0;0;1;0;1;1;0
8506;10;1;1;1;2;1;0;0;0;0;0;45.301105499267578;8.204833984375;-12.893798828125;-4.68896484375;-12.893798828125;0;0;1.2866667509078979;0;2;0;1;0;0;0;1;0;0;1;0;0;0;1;0;1;1;0
8517;10;1;1;1;2;1;0;0;0;0;0;45.222980499267578;8.216552734375;-12.893798828125;-4.67724609375;-12.893798828125;0;0;1.2833333015441895;0;2;0;1;0;0;0;1;0;0;1;0;0;0;1;0;1;1;0
8526;10;1;1;1;2;1;0;0;0;0;0;45.105792999267578;8.234130859375;-12.893798828125;-4.65966796875;-12.893798828125;0;0;1.28000009059906;0;2;0;1;0;0;0;1;0;0;1;0;0;0;1;0;1;1;0
8536;10;1;1;1;2;1;0;0;0;0;0;45.026042938232422;8.24609375;-12.893798828125;-4.647705078125;-12.893798828125;0;0;1.2866667509078979;0;2;0;1;0;0;0;1;0;0;1;0;0;0;1;0;1;1;0
8546;10;1;1;1;2;1;0;0;0;0;0;44.908855438232422;8.263671875;-12.893798828125;-4.630126953125;-12.893798828125;0;0;1.2866667509078979;0;2;0;1;0;0;0;1;0;0;1;0;0;0;1;0;1;1;0
8556;10;1;1;1;2;1;0;0;0;0;0;44.830730438232422;8.275390625;-12.893798828125;-4.618408203125;-12.893798828125;0;0;1.28000009059906;0;2;0;1;0;0;0;1;0;0;1;0;0;0;1;0;1;1;0
8566;10;1;1;1;2;1;0;0;0;0;0;44.713542938232422;8.29296875;-12.893798828125;-4.600830078125;-12.893798828125;0;0;1.2833333015441895;0;2;0;1;0;0;0;1;0;0;1;0;0;0;1;0;1;1;0
8576;10;1;1;1;2;1;0;0;0;0;0;44.6337890625;8.304931640625;-12.893798828125;-4.5888671875;-12.893798828125;0;0;1.2866667509078979;0;2;0;1;0;0;0;1;0;0;1;0;0;0;1;0;1;1;0
8587;10;1;1;1;2;1;0;0;0;0;0;44.5166015625;8.322509765625;-12.893798828125;-4.5712890625;-12.893798828125;0;0;1.2833333015441895;0;2;0;1;0;0;0;1;0;0;1;0;0;0;1;0;1;1;0
8596;10;1;1;1;2;1;0;0;0;0;0;44.4384765625;8.334228515625;-12.893798828125;-4.5595703125;-12.893798828125;0;0;1.28000009059906;0;2;0;1;0;0;0;1;0;0;1;0;0;0;1;0;1;1;0
8606;10;1;1;1;2;1;0;0;0;0;0;44.319660186767578;8.35205078125;-12.893798828125;-4.541748046875;-12.893798828125;0;0;1.2866667509078979;0;2;0;1;0;0;0;1;0;0;1;0;0;0;1;0;1;1;0
8616;10;1;1;1;2;1;0;0;0;0;0;44.239910125732422;8.364013671875;-12.893798828125;-4.52978515625;-12.893798828125;0;0;1.2900000810623169;0;2;0;1;0;0;0;1;0;0;1;0;0;0;1;0;1;1;0
8626;10;1;1;1;2;1;0;0;0;0;0;44.122722625732422;8.381591796875;-12.893798828125;-4.51220703125;-12.893798828125;0;0;1.2866667509078979;0;2;0;1;0;0;0;1;0;0;1;0;0;0;1;0;1;1;0
8636;10;1;1;1;2;1;0;0;0;0;0;44.046222686767578;8.39306640625;-12.893798828125;-4.500732421875;-12.893798828125;0;0;1.28000009059906;0;2;0;1;0;0;0;1;0;0;1;0;0;0;1;0;1;1;0
8647;10;1;1;1;2;1;0;0;0;0;0;43.927410125732422;8.410888671875;-12.893798828125;-4.48291015625;-12.893798828125;0;0;1.2833333015441895;0;2;0;1;0;0;0;1;0;0;1;0;0;0;1;0;1;1;0
8656;10;1;1;1;2;1;0;0;0;0;0;43.849285125732422;8.422607421875;-12.893798828125;-4.47119140625;-12.893798828125;0;0;1.2833333015441895;0;2;0;1;0;0;0;1;0;0;1;0;0;0;1;0;1;1;0
8666;10;1;1;1;2;1;0;0;0;0;0;43.73046875;8.4404296875;-12.893798828125;-4.453369140625;-12.893798828125;0;0;1.2866667509078979;0;2;0;1;0;0;0;1;0;0;1;0;0;0;1;0;1;1;0
8676;10;1;1;1;2;1;0;0;0;0;0;43.65234375;8.4521484375;-12.893798828125;-4.441650390625;-12.893798828125;0;0;1.2866667509078979;0;2;0;1;0;0;0;1;0;0;1;0;0;0;1;0;1;1;0
8687;10;1;1;1;2;1;0;0;0;0;0;43.53515625;8.4697265625;-12.893798828125;-4.424072265625;-12.893798828125;0;0;1.2833333015441895;0;2;0;1;0;0;0;1;0;0;1;0;0;0;1;0;1;1;0
8696;10;1;1;1;2;1;0;0;0;0;0;43.45703125;8.4814453125;-12.893798828125;-4.412353515625;-12.893798828125;0;0;1.2833333015441895;0;2;0;1;0;0;0;1;0;0;1;0;0;0;1;0;1;1;0
8706;10;1;1;1;2;1;0;0;0;0;0;43.338214874267578;8.499267578125;-12.893798828125;-4.39453125;-12.893798828125;0;0;1.2866667509078979;0;2;0;1;0;0;0;1;0;0;1;0;0;0;1;0;1;1;0
8716;10;1;1;1;2;1;0;0;0;0;0;43.260089874267578;8.510986328125;-12.893798828125;-4.3828125;-12.893798828125;0;0;1.2833333015441895;0;2;0;1;0;0;0;1;0;0;1;0;0;0;1;0;1;1;0
8726;10;1;1;1;2;1;0;0;0;0;0;43.142902374267578;8.528564453125;-12.893798828125;-4.365234375;-12.893798828125;0;0;1.2833333015441895;0;2;0;1;0;0;0;1;0;0;1;0;0;0;1;0;1;1;0
8736;10;1;1;1;2;1;0;0;0;0;0;43.064777374267578;8.540283203125;-12.893798828125;-4.353515625;-12.893798828125;0;0;1.2833333015441895;0;2;0;1;0;0;0;1;0;0;1;0;0;0;1;0;1;1;0
8746;10;1;1;1;2;1;0;0;0;0;0;42.945964813232422;8.55810546875;-12.893798828125;-4.335693359375;-12.893798828125;0;0;1.2833333015441895;0;2;0;1;0;0;0;1;0;0;1;0;0;0;1;0;1;1;0
8756;10;1;1;1;2;1;0;0;0;0;0;42.867839813232422;8.56982421875;-12.893798828125;-4.323974609375;-12.893798828125;0;0;1.2833333015441895;0;2;0;1;0;0;0;1;0;0;1;0;0;0;1;0;1;1;0
8766;10;1;1;1;2;1;0;0;0;0;0;42.750652313232422;8.58740234375;-12.893798828125;-4.306396484375;-12.893798828125;0;0;1.2833333015441895;0;2;0;1;0;0;0;1;0;0;1;0;0;0;1;0;1;1;0
8776;10;1;1;1;2;1;0;0;0;0;0;42.672527313232422;8.59912109375;-12.893798828125;-4.294677734375;-12.893798828125;0;0;1.2833333015441895;0;2;0;1;0;0;0;1;0;0;1;0;0;0;1;0;1;1;0
8786;10;1;1;1;2;1;0;0;0;0;0;42.5537109375;8.616943359375;-12.893798828125;-4.27685546875;-12.893798828125;0;0;1.2866667509078979;0;2;0;1;0;0;0;1;0;0;1;0;0;0;1;0;1;1;0
8796;10;1;1;1;2;1;0;0;0;0;0;42.4755859375;8.628662109375;-12.893798828125;-4.26513671875;-12.893798828125;0;0;1.2833333015441895;0;2;0;1;0;0;0;1;0;0;1;0;0;0;1;0;1;1;0
8806;10;1;1;1;2;1;0;0;0;0;0;42.3583984375;8.646240234375;-12.893798828125;-4.24755859375;-12.893798828125;0;0;1.2833333015441895;0;2;0;1;0;0;0;1;0;0;1;0;0;0;1;0;1;1;0
8817;10;1;1;1;2;1;0;0;0;0;0;42.2802734375;8.657958984375;-12.893798828125;-4.23583984375;-12.893798828125;0;0;1.2833333015441895;0;2;0;1;0;0;0;1;0;0;1;0;0;0;1;0;1;1;0
8826;10;1;1;1;2;1;0;0;0;0;0;42.161457061767578;8.67578125;-12.893798828125;-4.218017578125;-12.893798828125;0;0;1.2833333015441895;0;2;0;1;0;0;0;1;0;0;1;0;0;0;1;0;1;1;0
8836;10;1;1;1;2;1;0;0;0;0;0;42.083332061767578;8.6875;-12.893798828125;-4.206298828125;-12.893798828125;0;0;1.2833333015441895;0;2;0;1;0;0;0;1;0;0;1;0;0;0;1;0;1;1;0
8846;10;1;1;1;2;1;0;0;0;0;0;41.966144561767578;8.705078125;-12.893798828125;-4.188720703125;-12.893798828125;0;0;1.2866667509078979;0;2;0;1;0;0;0;1;0;0;1;0;0;0;1;0;1;1;0
8856;10;1;1;1;2;1;0;0;0;0;0;41.888019561767578;8.716796875;-12.893798828125;-4.177001953125;-12.893798828125;0;0;1.2833333015441895;0;2;0;1;0;0;0;1;0;0;1;0;0;0;1;0;1;1;0
8866;10;1;1;1;2;1;0;0;0;0;0;41.769207000732422;8.734619140625;-12.893798828125;-4.1591796875;-12.893798828125;0;0;1.2833333015441895;0;2;0;1;0;0;0;1;0;0;1;0;0;0;1;0;1;1;0
8876;10;1;1;1;2;1;0;0;0;0;0;41.691082000732422;8.746337890625;-12.893798828125;-4.1474609375;-12.893798828125;0;0;1.2833333015441895;0;2;0;1;0;0;0;1;0;0;1;0;0;0;1;0;1;1;0
8886;10;1;1;1;2;1;0;0;0;0;0;41.573894500732422;8.763916015625;-12.893798828125;-4.1298828125;-12.893798828125;0;0;1.2833333015441895;0;2;0;1;0;0;0;1;0;0;1;0;0;0;1;0;1;1;0
8897;10;1;1;1;2;1;0;0;0;0;0;41.495769500732422;8.775634765625;-12.893798828125;-4.1181640625;-12.893798828125;0;0;1.2833333015441895;0;2;0;1;0;0;0;1;0;0;1;0;0;0;1;0;1;1;0
8906;10;1;1;1;2;1;0;0;0;0;0;41.376953125;8.79345703125;-12.893798828125;-4.100341796875;-12.893798828125;0;0;1.2833333015441895;0;2;0;1;0;0;0;1;0;0;1;0;0;0;1;0;1;1;0
8917;10;1;1;1;2;1;0;0;0;0;0;41.298828125;8.80517578125;-12.893798828125;-4.088623046875;-12.893798828125;0;0;1.2833333015441895;0;2;0;1;0;0;0;1;0;0;1;0;0;0;1;0;1;1;0
8926;10;1;1;1;2;1;0;0;0;0;0;41.181640625;8.82275390625;-12.893798828125;-4.071044921875;-12.893798828125;0;0;1.2833333015441895;0;2;0;1;0;0;0;1;0;0;1;0;0;0;1;0;1;1;0
8936;10;1;1;1;2;1;0;0;0;0;0;41.103515625;8.83447265625;-12.893798828125;-4.059326171875;-12.893798828125;0;0;1.2833333015441895;0;2;0;1;0;0;0;1;0;0;1;0;0;0;1;0;1;1;0
8946;10;1;1;1;2;1;0;0;0;0;0;40.984699249267578;8.852294921875;-12.893798828125;-4.04150390625;-12.893798828125;0;0;1.2866667509078979;0;2;0;1;0;0;0;1;0;0;1;0;0;0;1;0;1;1;0
8956;10;1;1;1;2;1;0;0;0;0;0;40.906574249267578;8.864013671875;-12.893798828125;-4.02978515625;-12.893798828125;0;0;1.2833333015441895;0;2;0;1;0;0;0;1;0;0;1;0;0;0;1;0;1;1;0
8966;10;1;1;1;2;1;0;0;0;0;0;40.789386749267578;8.881591796875;-12.893798828125;-4.01220703125;-12.893798828125;0;0;1.2833333015441895;0;2;0;1;0;0;0;1;0;0;1;0;0;0;1;0;1;1;0
8976;10;1;1;1;2;1;0;0;0;0;0;40.709636688232422;8.8935546875;-12.893798828125;-4.000244140625;-12.893798828125;0;0;1.2833333015441895;0;2;0;1;0;0;0;1;0;0;1;0;0;0;1;0;1;1;0
8986;10;1;1;1;2;1;0;0;0;0;0;40.592449188232422;8.9111328125;-12.893798828125;-3.982666015625;-12.893798828125;0;0;1.2833333015441895;0;2;0;1;0;0;0;1;0;0;1;0;0;0;1;0;1;1;0
8996;10;1;1;1;2;1;0;0;0;0;0;40.514324188232422;8.9228515625;-12.893798828125;-3.970947265625;-12.893798828125;0;0;1.2833333015441895;0;2;0;1;0;0;0;1;0;0;1;0;0;0;1;0;1;1;0
9006;10;1;1;1;2;1;0;0;0;0;0;40.397136688232422;8.9404296875;-12.893798828125;-3.953369140625;-12.893798828125;0;0;1.2833333015441895;0;2;0;1;0;0;0;1;0;0;1;0;0;0;1;0;1;1;0
9016;10;1;1;1;2;1;0;0;0;0;0;40.3173828125;8.952392578125;-12.893798828125;-3.94140625;-12.893798828125;0;0;1.2866667509078979;0;2;0;1;0;0;0;1;0;0;1;0;0;0;1;0;1;1;0
9026;10;1;1;1;2;1;0;0;0;0;0;40.2001953125;8.969970703125;-12.893798828125;-3.923828125;-12.893798828125;0;0;1.2833333015441895;0;2;0;1;0;0;0;1;0;0;1;0;0;0;1;0;1;1;0
9036;10;1;1;1;2;1;0;0;0;0;0;40.1220703125;8.981689453125;-12.893798828125;-3.912109375;-12.893798828125;0;0;1.2833333015441895;0;2;0;1;0;0;0;1;0;0;1;0;0;0;1;0;1;1;0
9046;10;1;1;1;2;1;0;0;0;0;0;40.0048828125;8.999267578125;-12.893798828125;-3.89453125;-12.893798828125;0;0;1.2833333015441895;0;2;0;1;0;0;0;1;0;0;1;0;0;0;1;0;1;1;0
9056;10;1;1;1;2;1;0;0;0;0;0;39.925128936767578;9.01123046875;-12.893798828125;-3.882568359375;-12.893798828125;0;0;1.2833333015441895;0;2;0;1;0;0;0;1;0;0;1;0;0;0;1;0;1;1;0
9066;10;1;1;1;2;1;0;0;0;0;0;39.807941436767578;9.02880859375;-12.893798828125;-3.864990234375;-12.893798828125;0;0;1.2833333015441895;0;2;0;1;0;0;0;1;0;0;1;0;0;0;1;0;1;1;0
9077;10;1;1;1;2;1;0;0;0;0;0;39.729816436767578;9.04052734375;-12.893798828125;-3.853271484375;-12.893798828125;0;0;1.28000009059906;0;2;0;1;0;0;0;1;0;0;1;0;0;0;1;0;1;1;0
9086;10;1;1;1;2;1;0;0;0;0;0;39.612628936767578;9.05810546875;-12.893798828125;-3.835693359375;-12.893798828125;0;0;1.2833333015441895;0;2;0;1;0;0;0;1;0;0;1;0;0;0;1;0;1;1;0
9096;10;1;1;1;2;1;0;0;0;0;0;39.534503936767578;9.06982421875;-12.893798828125;-3.823974609375;-12.893798828125;0;0;1.2833333015441895;0;2;0;1;0;0;0;1;0;0;1;0;0;0;1;0;1;1;0
9106;10;1;1;1;2;1;0;0;0;0;0;39.415691375732422;9.087646484375;-12.893798828125;-3.80615234375;-12.893798828125;0;0;1.2833333015441895;0;2;0;1;0;0;0;1;0;0;1;0;0;0;1;0;1;1;0
9116;10;1;1;1;2;1;0;0;0;0;0;39.337566375732422;9.099365234375;-12.893798828125;-3.79443359375;-12.893798828125;0;0;1.2833333015441895;0;2;0;1;0;0;0;1;0;0;1;0;0;0;1;0;1;1;0
9126;10;1;1;1;2;1;0;0;0;0;0;39.220378875732422;9.116943359375;-12.893798828125;-3.77685546875;-12.893798828125;0;0;1.2833333015441895;0;2;0;1;0;0;0;1;0;0;1;0;0;0;1;0;1;1;0
9136;10;1;1;1;2;1;0;0;0;0;0;39.142253875732422;9.128662109375;-12.893798828125;-3.76513671875;-12.893798828125;0;0;1.2833333015441895;0;2;0;1;0;0;0;1;0;0;1;0;0;0;1;0;1;1;0
9148;10;1;1;1;2;1;0;0;0;0;0;39.0234375;9.146484375;-12.893798828125;-3.747314453125;-12.893798828125;0;0;1.2833333015441895;0;2;0;1;0;0;0;1;0;0;1;0;0;0;1;0;1;1;0
9156;10;1;1;1;2;1;0;0;0;0;0;38.9453125;9.158203125;-12.893798828125;-3.735595703125;-12.893798828125;0;0;1.2833333015441895;0;2;0;1;0;0;0;1;0;0;1;0;0;0;1;0;1;1;0
9166;10;1;1;1;2;1;0;0;0;0;0;38.828125;9.17578125;-12.893798828125;-3.718017578125;-12.893798828125;0;0;1.2833333015441895;0;2;0;1;0;0;0;1;0;0;1;0;0;0;1;0;1;1;0
9176;10;1;1;1;2;1;0;0;0;0;0;38.75;9.1875;-12.893798828125;-3.706298828125;-12.893798828125;0;0;1.2833333015441895;0;2;0;1;0;0;0;1;0;0;1;0;0;0;1;0;1;1;0
9186;10;1;1;1;2;1;0;0;0;0;0;38.6328125;9.205078125;-12.893798828125;-3.688720703125;-12.893798828125;0;0;1.2833333015441895;0;2;0;1;0;0;0;1;0;0;1;0;0;0;1;0;1;1;0
9196;10;1;1;1;2;1;0;0;0;0;0;38.5546875;9.216796875;-12.893798828125;-3.677001953125;-12.893798828125;0;0;1.2833333015441895;0;2;0;1;0;0;0;1;0;0;1;0;0;0;1;0;1;1;0
9206;10;1;1;1;2;1;0;0;0;0;0;38.435871124267578;9.234619140625;-12.893798828125;-3.6591796875;-12.893798828125;0;0;1.2833333015441895;0;2;0;1;0;0;0;1;0;0;1;0;0;0;1;0;1;1;0
9216;10;1;1;1;2;1;0;0;0;0;0;38.357746124267578;9.246337890625;-12.893798828125;-3.6474609375;-12.893798828125;0;0;1.2833333015441895;0;2;0;1;0;0;0;1;0;0;1;0;0;0;1;0;1;1;0
9226;10;1;1;1;2;1;0;0;0;0;0;38.240558624267578;9.263916015625;-12.893798828125;-3.6298828125;-12.893798828125;0;0;1.2833333015441895;0;2;0;1;0;0;0;1;0;0;1;0;0;0;1;0;1;1;0
9236;10;1;1;1;2;1;0;0;0;0;0;38.162433624267578;9.275634765625;-12.893798828125;-3.6181640625;-12.893798828125;0;0;1.2833333015441895;0;2;0;1;0;0;0;1;0;0;1;0;0;0;1;0;1;1;0
9247;10;1;1;1;2;1;0;0;0;0;0;38.043621063232422;9.29345703125;-12.893798828125;-3.600341796875;-12.893798828125;0;0;1.2833333015441895;0;2;0;1;0;0;0;1;0;0;1;0;0;0;1;0;1;1;0
9256;10;1;1;1;2;1;0;0;0;0;0;37.965496063232422;9.30517578125;-12.893798828125;-3.588623046875;-12.893798828125;0;0;1.2833333015441895;0;2;0;1;0;0;0;1;0;0;1;0;0;0;1;0;1;1;0
9266;10;1;1;1;2;1;0;0;0;0;0;37.848308563232422;9.32275390625;-12.893798828125;-3.571044921875;-12.893798828125;0;0;1.2833333015441895;0;2;0;1;0;0;0;1;0;0;1;0;0;0;1;0;1;1;0
9276;10;1;1;1;2;1;0;0;0;0;0;37.770183563232422;9.33447265625;-12.893798828125;-3.559326171875;-12.893798828125;0;0;1.2833333015441895;0;2;0;1;0;0;0;1;0;0;1;0;0;0;1;0;1;1;0
9286;10;1;1;1;2;1;0;0;0;0;0;37.652996063232422;9.35205078125;-12.893798828125;-3.541748046875;-12.893798828125;0;0;1.2833333015441895;0;2;0;1;0;0;0;1;0;0;1;0;0;0;1;0;1;1;0
9296;10;1;1;1;2;1;0;0;0;0;0;37.5732421875;9.364013671875;-12.893798828125;-3.52978515625;-12.893798828125;0;0;1.2833333015441895;0;2;0;1;0;0;0;1;0;0;1;0;0;0;1;0;1;1;0
9306;10;1;1;1;2;1;0;0;0;0;0;37.4560546875;9.381591796875;-12.893798828125;-3.51220703125;-12.893798828125;0;0;1.2833333015441895;0;2;0;1;0;0;0;1;0;0;1;0;0;0;1;0;1;1;0
9316;10;1;1;1;2;1;0;0;0;0;0;37.3779296875;9.393310546875;-12.893798828125;-3.50048828125;-12.893798828125;0;0;1.2833333015441895;0;2;0;1;0;0;0;1;0;0;1;0;0;0;1;0;1;1;0
9326;10;1;1;1;2;1;0;0;0;0;0;37.2607421875;9.410888671875;-12.893798828125;-3.48291015625;-12.893798828125;0;0;1.2833333015441895;0;2;0;1;0;0;0;1;0;0;1;0;0;0;1;0;1;1;0
9336;10;1;1;1;2;1;0;0;0;0;0;37.180988311767578;9.4228515625;-12.893798828125;-3.470947265625;-12.893798828125;0;0;1.2866667509078979;0;2;0;1;0;0;0;1;0;0;1;0;0;0;1;0;1;1;0
9346;10;1;1;1;2;1;0;0;0;0;0;37.063800811767578;9.4404296875;-12.893798828125;-3.453369140625;-12.893798828125;0;0;1.2833333015441895;0;2;0;1;0;0;0;1;0;0;1;0;0;0;1;0;1;1;0
9356;10;1;1;1;2;1;0;0;0;0;0;36.985675811767578;9.4521484375;-12.893798828125;-3.441650390625;-12.893798828125;0;0;1.2833333015441895;0;2;0;1;0;0;0;1;0;0;1;0;0;0;1;0;1;1;0
9366;10;1;1;1;2;1;0;0;0;0;0;36.868488311767578;9.4697265625;-12.893798828125;-3.424072265625;-12.893798828125;0;0;1.2833333015441895;0;2;0;1;0;0;0;1;0;0;1;0;0;0;1;0;1;1;0
9376;10;1;1;1;2;1;0;0;0;0;0;36.790363311767578;9.4814453125;-12.893798828125;-3.412353515625;-12.893798828125;0;0;1.2833333015441895;0;2;0;1;0;0;0;1;0;0;1;0;0;0;1;0;1;1;0
9386;10;1;1;1;2;1;0;0;0;0;0;36.673175811767578;9.4990234375;-12.893798828125;-3.394775390625;-12.893798828125;0;0;1.2833333015441895;0;2;0;1;0;0;0;1;0;0;1;0;0;0;1;0;1;1;0
9396;10;1;1;1;2;1;0;0;0;0;0;36.593425750732422;9.510986328125;-12.893798828125;-3.3828125;-12.893798828125;0;0;1.2833333015441895;0;2;0;1;0;0;0;1;0;0;1;0;0;0;1;0;1;1;0
9407;10;1;1;1;2;1;0;0;0;0;0;36.476238250732422;9.528564453125;-12.893798828125;-3.365234375;-12.893798828125;0;0;1.2833333015441895;0;2;0;1;0;0;0;1;0;0;1;0;0;0;1;0;1;1;0
9416;10;1;1;1;2;1;0;0;0;0;0;36.398113250732422;9.540283203125;-12.893798828125;-3.353515625;-12.893798828125;0;0;1.28000009059906;0;2;0;1;0;0;0;1;0;0;1;0;0;0;1;0;1;1;0
9427;10;1;1;1;2;1;0;0;0;0;0;36.280925750732422;9.557861328125;-12.893798828125;-3.3359375;-12.893798828125;0;0;1.2833333015441895;0;2;0;1;0;0;0;1;0;0;1;0;0;0;1;0;1;1;0
9436;10;1;1;1;2;1;0;0;0;0;0;36.202800750732422;9.569580078125;-12.893798828125;-3.32421875;-12.893798828125;0;0;1.2833333015441895;0;2;0;1;0;0;0;1;0;0;1;0;0;0;1;0;1;1;0
9446;10;1;1;1;2;1;0;0;0;0;0;36.083984375;9.58740234375;-12.893798828125;-3.306396484375;-12.893798828125;0;0;1.2833333015441895;0;2;0;1;0;0;0;1;0;0;1;0;0;0;1;0;1;1;0
9456;10;1;1;1;2;1;0;0;0;0;0;36.005859375;9.59912109375;-12.893798828125;-3.294677734375;-12.893798828125;0;0;1.28000009059906;0;2;0;1;0;0;0;1;0;0;1;0;0;0;1;0;1;1;0
9466;10;1;1;1;2;1;0;0;0;0;0;35.888671875;9.61669921875;-12.893798828125;-3.277099609375;-12.893798828125;0;0;1.2833333015441895;0;2;0;1;0;0;0;1;0;0;1;0;0;0;1;0;1;1;0
9476;10;1;1;1;2;1;0;0;0;0;0;35.810546875;9.62841796875;-12.893798828125;-3.265380859375;-12.893798828125;0;0;1.2833333015441895;0;2;0;1;0;0;0;1;0;0;1;0;0;0;1;0;1;1;0
9486;10;1;1;1;2;1;0;0;0;0;0;35.691730499267578;9.646240234375;-12.893798828125;-3.24755859375;-12.893798828125;0;0;1.2833333015441895;0;2;0;1;0;0;0;1;0;0;1;0;0;0;1;0;1;1;0
9496;10;1;1;1;2;1;0;0;0;0;0;35.613605499267578;9.657958984375;-12.893798828125;-3.23583984375;-12.893798828125;0;0;1.2833333015441895;0;2;0;1;0;0;0;1;0;0;1;0;0;0;1;0;1;1;0
9507;10;1;1;1;2;1;0;0;0;0;0;35.496417999267578;9.675537109375;-12.893798828125;-3.21826171875;-12.893798828125;0;0;1.2833333015441895;0;2;0;1;0;0;0;1;0;0;1;0;0;0;1;0;1;1;0
9516;10;1;1;1;2;1;0;0;0;0;0;35.418292999267578;9.687255859375;-12.893798828125;-3.20654296875;-12.893798828125;0;0;1.2833333015441895;0;2;0;1;0;0;0;1;0;0;1;0;0;0;1;0;1;1;0
9526;10;1;1;1;2;1;0;0;0;0;0;35.299480438232422;9.705078125;-12.893798828125;-3.188720703125;-12.893798828125;0;0;1.2866667509078979;0;2;0;1;0;0;0;1;0;0;1;0;0;0;1;0;1;1;0
9536;10;1;1;1;2;1;0;0;0;0;0;35.221355438232422;9.716796875;-12.893798828125;-3.177001953125;-12.893798828125;0;0;1.2833333015441895;0;2;0;1;0;0;0;1;0;0;1;0;0;0;1;0;1;1;0
9546;10;1;1;1;2;1;0;0;0;0;0;35.104167938232422;9.734375;-12.893798828125;-3.159423828125;-12.893798828125;0;0;1.28000009059906;0;2;0;1;0;0;0;1;0;0;1;0;0;0;1;0;1;1;0
9556;10;1;1;1;2;1;0;0;0;0;0;35.026042938232422;9.74609375;-12.893798828125;-3.147705078125;-12.893798828125;0;0;1.2833333015441895;0;2;0;1;0;0;0;1;0;0;1;0;0;0;1;0;1;1;0
9566;10;1;1;1;2;1;0;0;0;0;0;34.908855438232422;9.763671875;-12.893798828125;-3.130126953125;-12.893798828125;0;0;1.2866667509078979;0;2;0;1;0;0;0;1;0;0;1;0;0;0;1;0;1;1;0
9578;10;1;1;1;2;1;0;0;0;0;0;34.8291015625;9.775634765625;-12.893798828125;-3.1181640625;-12.893798828125;0;0;1.2833333015441895;0;2;0;1;0;0;0;1;0;0;1;0;0;0;1;0;1;1;0
9586;10;1;1;1;2;1;0;0;0;0;0;34.7119140625;9.793212890625;-12.893798828125;-3.1005859375;-12.893798828125;0;0;1.2833333015441895;0;2;0;1;0;0;0;1;0;0;1;0;0;0;1;0;1;1;0
9596;10;1;1;1;2;1;0;0;0;0;0;34.6337890625;9.804931640625;-12.893798828125;-3.0888671875;-12.893798828125;0;0;1.28000009059906;0;2;0;1;0;0;0;1;0;0;1;0;0;0;1;0;1;1;0
9606;10;1;1;1;2;1;0;0;0;0;0;34.5166015625;9.822509765625;-12.893798828125;-3.0712890625;-12.893798828125;0;0;1.2833333015441895;0;2;0;1;0;0;0;1;0;0;1;0;0;0;1;0;1;1;0
9616;10;1;1;1;2;1;0;0;0;0;0;34.4384765625;9.834228515625;-12.893798828125;-3.0595703125;-12.893798828125;0;0;1.28000009059906;0;2;0;1;0;0;0;1;0;0;1;0;0;0;1;0;1;1;0
9626;10;1;1;1;2;1;0;0;0;0;0;34.3212890625;9.851806640625;-12.893798828125;-3.0419921875;-12.893798828125;0;0;1.28000009059906;0;2;0;1;0;0;0;1;0;0;1;0;0;0;1;0;1;1;0
9636;10;1;1;1;2;1;0;0;0;0;0;34.241535186767578;9.86376953125;-12.893798828125;-3.030029296875;-12.893798828125;0;0;1.2833333015441895;0;2;0;1;0;0;0;1;0;0;1;0;0;0;1;0;1;1;0
9646;10;1;1;1;2;1;0;0;0;0;0;34.124347686767578;9.88134765625;-12.893798828125;-3.012451171875;-12.893798828125;0;0;1.2833333015441895;0;2;0;1;0;0;0;1;0;0;1;0;0;0;1;0;1;1;0
9656;10;1;1;1;2;1;0;0;0;0;0;34.046222686767578;9.89306640625;-12.893798828125;-3.000732421875;-12.893798828125;0;0;1.28000009059906;0;2;0;1;0;0;0;1;0;0;1;0;0;0;1;0;1;1;0
9666;10;1;1;1;2;1;0;0;0;0;0;33.927410125732422;9.910888671875;-12.893798828125;-2.98291015625;-12.893798828125;0;0;1.2866667509078979;0;2;0;1;0;0;0;1;0;0;1;0;0;0;1;0;1;1;0
9676;10;1;1;1;2;1;0;0;0;0;0;33.849285125732422;9.922607421875;-12.893798828125;-2.97119140625;-12.893798828125;0;0;1.2866667509078979;0;2;0;1;0;0;0;1;0;0;1;0;0;0;1;0;1;1;0
9686;10;1;1;1;2;1;0;0;0;0;0;33.733722686767578;9.93994140625;-12.893798828125;-2.953857421875;-12.893798828125;0;0;1.28000009059906;0;2;0;1;0;0;0;1;0;0;1;0;0;0;1;0;1;1;0
9696;10;1;1;1;2;1;0;0;0;0;0;33.653972625732422;9.951904296875;-12.893798828125;-2.94189453125;-12.893798828125;0;0;1.28000009059906;0;2;0;1;0;0;0;1;0;0;1;0;0;0;1;0;1;1;0
9706;10;1;1;1;2;1;0;0;0;0;0;33.53515625;9.9697265625;-12.893798828125;-2.924072265625;-12.893798828125;0;0;1.2866667509078979;0;2;0;1;0;0;0;1;0;0;1;0;0;0;1;0;1;1;0
9718;10;1;1;1;2;1;0;0;0;0;0;33.45703125;9.9814453125;-12.893798828125;-2.912353515625;-12.893798828125;0;0;1.2866667509078979;0;2;0;1;0;0;0;1;0;0;1;0;0;0;1;0;1;1;0
9726;10;1;1;1;2;1;0;0;0;0;0;33.33984375;9.9990234375;-12.893798828125;-2.894775390625;-12.893798828125;0;0;1.2833333015441895;0;2;0;1;0;0;0;1;0;0;1;0;0;0;1;0;1;1;0
9737;10;1;1;1;2;1;0;0;0;0;0;33.26171875;10.0107421875;-12.893798828125;-2.883056640625;-12.893798828125;0;0;1.2833333015441895;0;2;0;1;0;0;0;1;0;0;1;0;0;0;1;0;1;1;0
9746;10;1;1;1;2;1;0;0;0;0;0;33.142902374267578;10.028564453125;-12.893798828125;-2.865234375;-12.893798828125;0;0;1.2866667509078979;0;2;0;1;0;0;0;1;0;0;1;0;0;0;1;0;1;1;0
9756;10;1;1;1;2;1;0;0;0;0;0;33.064777374267578;10.040283203125;-12.893798828125;-2.853515625;-12.893798828125;0;0;1.2833333015441895;0;2;0;1;0;0;0;1;0;0;1;0;0;0;1;0;1;1;0
9766;10;1;1;1;2;1;0;0;0;0;0;32.947589874267578;10.057861328125;-12.893798828125;-2.8359375;-12.893798828125;0;0;1.28000009059906;0;2;0;1;0;0;0;1;0;0;1;0;0;0;1;0;1;1;0
9776;10;1;1;1;2;1;0;0;0;0;0;32.869464874267578;10.069580078125;-12.893798828125;-2.82421875;-12.893798828125;0;0;1.2833333015441895;0;2;0;1;0;0;0;1;0;0;1;0;0;0;1;0;1;1;0
9786;10;1;1;1;2;1;0;0;0;0;0;32.750652313232422;10.08740234375;-12.893798828125;-2.806396484375;-12.893798828125;0;0;1.2900000810623169;0;2;0;1;0;0;0;1;0;0;1;0;0;0;1;0;1;1;0
9796;10;1;1;1;2;1;0;0;0;0;0;32.6708984375;10.099365234375;-12.893798828125;-2.79443359375;-12.893798828125;0;0;1.2866667509078979;0;2;0;1;0;0;0;1;0;0;1;0;0;0;1;0;1;1;0
9807;10;1;1;1;2;1;0;0;0;0;0;32.555339813232422;10.11669921875;-12.893798828125;-2.777099609375;-12.893798828125;0;0;1.2766666412353516;0;2;0;1;0;0;0;1;0;0;1;0;0;0;1;0;1;1;0
9816;10;1;1;1;2;1;0;0;0;0;0;32.478839874267578;10.128173828125;-12.893798828125;-2.765625;-12.893798828125;0;0;1.2766666412353516;0;2;0;1;0;0;0;1;0;0;1;0;0;0;1;0;1;1;0
9826;10;1;1;1;2;1;0;0;0;0;0;32.3583984375;10.146240234375;-12.893798828125;-2.74755859375;-12.893798828125;0;0;1.2933332920074463;0;2;0;1;0;0;0;1;0;0;1;0;0;0;1;0;1;1;0
9838;10;1;1;1;2;1;0;0;0;0;0;32.278644561767578;10.158203125;-12.893798828125;-2.735595703125;-12.893798828125;0;0;1.2933332920074463;0;2;0;1;0;0;0;1;0;0;1;0;0;0;1;0;1;1;0
9846;10;1;1;1;2;1;0;0;0;0;0;32.161457061767578;10.17578125;-12.893798828125;-2.718017578125;-12.893798828125;0;0;1.2866667509078979;0;2;0;1;0;0;0;1;0;0;1;0;0;0;1;0;1;1;0
9856;10;1;1;1;2;1;0;0;0;0;0;32.083332061767578;10.1875;-12.893798828125;-2.706298828125;-12.893798828125;0;0;1.28000009059906;0;2;0;1;0;0;0;1;0;0;1;0;0;0;1;0;1;1;0
9866;10;1;1;1;2;1;0;0;0;0;0;31.966146469116211;10.205078125;-12.893798828125;-2.688720703125;-12.893798828125;0;0;1.28000009059906;0;2;0;1;0;0;0;1;0;0;1;0;0;0;1;0;1;1;0
9876;10;1;1;1;2;1;0;0;0;0;0;31.888021469116211;10.216796875;-12.893798828125;-2.677001953125;-12.893798828125;0;0;1.2833333015441895;0;2;0;1;0;0;0;1;0;0;1;0;0;0;1;0;1;1;0
9886;10;1;1;1;2;1;0;0;0;0;0;31.769205093383789;10.234619140625;-12.893798828125;-2.6591796875;-12.893798828125;0;0;1.2866667509078979;0;2;0;1;0;0;0;1;0;0;1;0;0;0;1;0;1;1;0
9896;10;1;1;1;2;1;0;0;0;0;0;31.691080093383789;10.246337890625;-12.893798828125;-2.6474609375;-12.893798828125;0;0;1.2866667509078979;0;2;0;1;0;0;0;1;0;0;1;0;0;0;1;0;1;1;0
9907;10;1;1;1;2;1;0;0;0;0;0;31.573892593383789;10.263916015625;-12.893798828125;-2.6298828125;-12.893798828125;0;0;1.28000009059906;0;2;0;1;0;0;0;1;0;0;1;0;0;0;1;0;1;1;0
9916;10;1;1;1;2;1;0;0;0;0;0;31.497396469116211;10.275390625;-12.893798828125;-2.618408203125;-12.893798828125;0;0;1.28000009059906;0;2;0;1;0;0;0;1;0;0;1;0;0;0;1;0;1;1;0
9926;10;1;1;1;2;1;0;0;0;0;0;31.376953125;10.29345703125;-12.893798828125;-2.600341796875;-12.893798828125;0;0;1.2866667509078979;0;2;0;1;0;0;0;1;0;0;1;0;0;0;1;0;1;1;0
9936;10;1;1;1;2;1;0;0;0;0;0;31.298828125;10.30517578125;-12.893798828125;-2.588623046875;-12.893798828125;0;0;1.2900000810623169;0;2;0;1;0;0;0;1;0;0;1;0;0;0;1;0;1;1;0
9946;10;1;1;1;2;1;0;0;0;0;0;31.181640625;10.32275390625;-12.893798828125;-2.571044921875;-12.893798828125;0;0;1.2833333015441895;0;2;0;1;0;0;0;1;0;0;1;0;0;0;1;0;1;1;0
9956;10;1;1;1;2;1;0;0;0;0;0;31.103515625;10.33447265625;-12.893798828125;-2.559326171875;-12.893798828125;0;0;1.28000009059906;0;2;0;1;0;0;0;1;0;0;1;0;0;0;1;0;1;1;0
9966;10;1;1;1;2;1;0;0;0;0;0;30.984701156616211;10.352294921875;-12.893798828125;-2.54150390625;-12.893798828125;0;0;1.2933332920074463;0;2;0;1;0;0;0;1;0;0;1;0;0;0;1;0;1;1;0
9976;10;1;1;1;2;1;0;0;0;0;0;30.904947280883789;10.3642578125;-12.893798828125;-2.529541015625;-12.893798828125;0;0;1.2933332920074463;0;2;0;1;0;0;0;1;0;0;1;0;0;0;1;0;1;1;0
9986;10;1;1;1;2;1;0;0;0;0;0;30.787759780883789;10.3818359375;-12.893798828125;-2.511962890625;-12.893798828125;0;0;1.2866667509078979;0;2;0;1;0;0;0;1;0;0;1;0;0;0;1;0;1;1;0
9996;10;1;1;1;2;1;0;0;0;0;0;30.709634780883789;10.3935546875;-12.893798828125;-2.500244140625;-12.893798828125;0;0;1.28000009059906;0;2;0;1;0;0;0;1;0;0;1;0;0;0;1;0;1;1;0
10006;10;1;1;1;2;1;0;0;0;0;0;30.592447280883789;10.4111328125;-12.893798828125;-2.482666015625;-12.893798828125;0;0;1.2833333015441895;0;2;0;1;0;0;0;1;0;0;1;0;0;0;1;0;1;1;0
10016;10;1;1;1;2;1;0;0;0;0;0;30.5126953125;10.423095703125;-12.893798828125;-2.470703125;-12.893798828125;0;0;1.2866667509078979;0;2;0;1;0;0;0;1;0;0;1;0;0;0;1;0;1;1;0
10026;10;1;1;1;2;1;0;0;0;0;0;30.3955078125;10.440673828125;-12.893798828125;-2.453125;-12.893798828125;0;0;1.2866667509078979;0;2;0;1;0;0;0;1;0;0;1;0;0;0;1;0;1;1;0
10036;10;1;1;1;2;1;0;0;0;0;0;30.3173828125;10.452392578125;-12.893798828125;-2.44140625;-12.893798828125;0;0;1.2833333015441895;0;2;0;1;0;0;0;1;0;0;1;0;0;0;1;0;1;1;0
10046;10;1;1;1;2;1;0;0;0;0;0;30.198568344116211;10.47021484375;-12.893798828125;-2.423583984375;-12.893798828125;0;0;1.2833333015441895;0;2;0;1;0;0;0;1;0;0;1;0;0;0;1;0;1;1;0
10056;10;1;1;1;2;1;0;0;0;0;0;30.120443344116211;10.48193359375;-12.893798828125;-2.411865234375;-12.893798828125;0;0;1.2866667509078979;0;2;0;1;0;0;0;1;0;0;1;0;0;0;1;0;1;1;0
10067;10;1;1;1;2;1;0;0;0;0;0;30.003255844116211;10.49951171875;-12.893798828125;-2.394287109375;-12.893798828125;0;0;1.2866667509078979;0;2;0;1;0;0;0;1;0;0;1;0;0;0;1;0;1;1;0
10076;10;1;1;1;2;1;0;0;0;0;0;29.923501968383789;10.511474609375;-12.893798828125;-2.38232421875;-12.893798828125;0;0;1.2866667509078979;0;2;0;1;0;0;0;1;0;0;1;0;0;0;1;0;1;1;0
10086;10;1;1;1;2;1;0;0;0;0;0;29.806314468383789;10.529052734375;-12.893798828125;-2.36474609375;-12.893798828125;0;0;1.2866667509078979;0;2;0;1;0;0;0;1;0;0;1;0;0;0;1;0;1;1;0
10096;10;1;1;1;2;1;0;0;0;0;0;29.7265625;10.541015625;-12.893798828125;-2.352783203125;-12.893798828125;0;0;1.2866667509078979;0;2;0;1;0;0;0;1;0;0;1;0;0;0;1;0;1;1;0
10106;10;1;1;1;2;1;0;0;0;0;0;29.609375;10.55859375;-12.893798828125;-2.335205078125;-12.893798828125;0;0;1.2866667509078979;0;2;0;1;0;0;0;1;0;0;1;0;0;0;1;0;1;1;0
10116;10;1;1;1;2;1;0;0;0;0;0;29.53125;10.5703125;-12.893798828125;-2.323486328125;-12.893798828125;0;0;1.2833333015441895;0;2;0;1;0;0;0;1;0;0;1;0;0;0;1;0;1;1;0
10127;10;1;1;1;2;1;0;0;0;0;0;29.4140625;10.587890625;-12.893798828125;-2.305908203125;-12.893798828125;0;0;1.2866667509078979;0;2;0;1;0;0;0;1;0;0;1;0;0;0;1;0;1;1;0
10136;10;1;1;1;2;1;0;0;0;0;0;29.334310531616211;10.599853515625;-12.893798828125;-2.2939453125;-12.893798828125;0;0;1.2866667509078979;0;2;0;1;0;0;0;1;0;0;1;0;0;0;1;0;1;1;0
10146;10;1;1;1;2;1;0;0;0;0;0;29.217123031616211;10.617431640625;-12.893798828125;-2.2763671875;-12.893798828125;0;0;1.2866667509078979;0;2;0;1;0;0;0;1;0;0;1;0;0;0;1;0;1;1;0
10156;10;1;1;1;2;1;0;0;0;0;0;29.138998031616211;10.629150390625;-12.893798828125;-2.2646484375;-12.893798828125;0;0;1.2833333015441895;0;2;0;1;0;0;0;1;0;0;1;0;0;0;1;0;1;1;0
10167;10;1;1;1;2;1;0;0;0;0;0;29.020181655883789;10.64697265625;-12.893798828125;-2.246826171875;-12.893798828125;0;0;1.2833333015441895;0;2;0;1;0;0;0;1;0;0;1;0;0;0;1;0;1;1;0
10176;10;1;1;1;2;1;0;0;0;0;0;28.942056655883789;10.65869140625;-12.893798828125;-2.235107421875;-12.893798828125;0;0;1.2866667509078979;0;2;0;1;0;0;0;1;0;0;1;0;0;0;1;0;1;1;0
10186;10;1;1;1;2;1;0;0;0;0;0;28.8232421875;10.676513671875;-12.893798828125;-2.21728515625;-12.893798828125;0;0;1.2866667509078979;0;2;0;1;0;0;0;1;0;0;1;0;0;0;1;0;1;1;0
10196;10;1;1;1;2;1;0;0;0;0;0;28.7451171875;10.688232421875;-12.893798828125;-2.20556640625;-12.893798828125;0;0;1.2866667509078979;0;2;0;1;0;0;0;1;0;0;1;0;0;0;1;0;1;1;0
10206;10;1;1;1;2;1;0;0;0;0;0;28.6279296875;10.705810546875;-12.893798828125;-2.18798828125;-12.893798828125;0;0;1.2833333015441895;0;2;0;1;0;0;0;1;0;0;1;0;0;0;1;0;1;1;0
10217;10;1;1;1;2;1;0;0;0;0;0;28.5498046875;10.717529296875;-12.893798828125;-2.17626953125;-12.893798828125;0;0;1.2866667509078979;0;2;0;1;0;0;0;1;0;0;1;0;0;0;1;0;1;1;0
10226;10;1;1;1;2;1;0;0;0;0;0;28.430990219116211;10.7353515625;-12.893798828125;-2.158447265625;-12.893798828125;0;0;1.2866667509078979;0;2;0;1;0;0;0;1;0;0;1;0;0;0;1;0;1;1;0
10237;10;1;1;1;2;1;0;0;0;0;0;28.352865219116211;10.7470703125;-12.893798828125;-2.146728515625;-12.893798828125;0;0;1.2833333015441895;0;2;0;1;0;0;0;1;0;0;1;0;0;0;1;0;1;1;0
10246;10;1;1;1;2;1;0;0;0;0;0;28.235677719116211;10.7646484375;-12.893798828125;-2.129150390625;-12.893798828125;0;0;1.2866667509078979;0;2;0;1;0;0;0;1;0;0;1;0;0;0;1;0;1;1;0
10256;10;1;1;1;2;1;0;0;0;0;0;28.155923843383789;10.776611328125;-12.893798828125;-2.1171875;-12.893798828125;0;0;1.2866667509078979;0;2;0;1;0;0;0;1;0;0;1;0;0;0;1;0;1;1;0
10266;10;1;1;1;2;1;0;0;0;0;0;28.038736343383789;10.794189453125;-12.893798828125;-2.099609375;-12.893798828125;0;0;1.2866667509078979;0;2;0;1;0;0;0;1;0;0;1;0;0;0;1;0;1;1;0
10276;10;1;1;1;2;1;0;0;0;0;0;27.960611343383789;10.805908203125;-12.893798828125;-2.087890625;-12.893798828125;0;0;1.2833333015441895;0;2;0;1;0;0;0;1;0;0;1;0;0;0;1;0;1;1;0
10286;10;1;1;1;2;1;0;0;0;0;0;27.841796875;10.82373046875;-12.893798828125;-2.070068359375;-12.893798828125;0;0;1.2833333015441895;0;2;0;1;0;0;0;1;0;0;1;0;0;0;1;0;1;1;0
10296;10;1;1;1;2;1;0;0;0;0;0;27.763671875;10.83544921875;-12.893798828125;-2.058349609375;-12.893798828125;0;0;1.2866667509078979;0;2;0;1;0;0;0;1;0;0;1;0;0;0;1;0;1;1;0
10306;10;1;1;1;2;1;0;0;0;0;0;27.644857406616211;10.853271484375;-12.893798828125;-2.04052734375;-12.893798828125;0;0;1.2866667509078979;0;2;0;1;0;0;0;1;0;0;1;0;0;0;1;0;1;1;0
10316;10;1;1;1;2;1;0;0;0;0;0;27.566732406616211;10.864990234375;-12.893798828125;-2.02880859375;-12.893798828125;0;0;1.2833333015441895;0;2;0;1;0;0;0;1;0;0;1;0;0;0;1;0;1;1;0
10326;10;1;1;1;2;1;0;0;0;0;0;27.449544906616211;10.882568359375;-12.893798828125;-2.01123046875;-12.893798828125;0;0;1.2866667509078979;0;2;0;1;0;0;0;1;0;0;1;0;0;0;1;0;1;1;0
10336;10;1;1;1;2;1;0;0;0;0;0;27.369791030883789;10.89453125;-12.893798828125;-1.999267578125;-12.893798828125;0;0;1.2866667509078979;0;2;0;1;0;0;0;1;0;0;1;0;0;0;1;0;1;1;0
10346;10;1;1;1;2;1;0;0;0;0;0;27.252603530883789;10.912109375;-12.893798828125;-1.981689453125;-12.893798828125;0;0;1.2866667509078979;0;2;0;1;0;0;0;1;0;0;1;0;0;0;1;0;1;1;0
10356;10;1;1;1;2;1;0;0;0;0;0;27.174478530883789;10.923828125;-12.893798828125;-1.969970703125;-12.893798828125;0;0;1.2833333015441895;0;2;0;1;0;0;0;1;0;0;1;0;0;0;1;0;1;1;0
10366;10;1;1;1;2;1;0;0;0;0;0;27.0556640625;10.941650390625;-12.893798828125;-1.9521484375;-12.893798828125;0;0;1.2866667509078979;0;2;0;1;0;0;0;1;0;0;1;0;0;0;1;0;1;1;0
10376;10;1;1;1;2;1;0;0;0;0;0;26.9775390625;10.953369140625;-12.893798828125;-1.9404296875;-12.893798828125;0;0;1.2866667509078979;0;2;0;1;0;0;0;1;0;0;1;0;0;0;1;0;1;1;0
10386;10;1;1;1;2;1;0;0;0;0;0;26.8603515625;10.970947265625;-12.893798828125;-1.9228515625;-12.893798828125;0;0;1.2866667509078979;0;2;0;1;0;0;0;1;0;0;1;0;0;0;1;0;1;1;0
10397;10;1;1;1;2;1;0;0;0;0;0;26.7822265625;10.982666015625;-12.893798828125;-1.9111328125;-12.893798828125;0;0;1.2833333015441895;0;2;0;1;0;0;0;1;0;0;1;0;0;0;1;0;1;1;0
10406;10;1;1;1;2;1;0;0;0;0;0;26.663412094116211;11.00048828125;-12.893798828125;-1.893310546875;-12.893798828125;0;0;1.2833333015441895;0;2;0;1;0;0;0;1;0;0;1;0;0;0;1;0;1;1;0
10416;10;1;1;1;2;1;0;0;0;0;0;26.585287094116211;11.01220703125;-12.893798828125;-1.881591796875;-12.893798828125;0;0;1.2866667509078979;0;2;0;1;0;0;0;1;0;0;1;0;0;0;1;0;1;1;0
10426;10;1;1;1;2;1;0;0;0;0;0;26.466470718383789;11.030029296875;-12.893798828125;-1.86376953125;-12.893798828125;0;0;1.2866667509078979;0;2;0;1;0;0;0;1;0;0;1;0;0;0;1;0;1;1;0
10437;10;1;1;1;2;1;0;0;0;0;0;26.388345718383789;11.041748046875;-12.893798828125;-1.85205078125;-12.893798828125;0;0;1.2866667509078979;0;2;0;1;0;0;0;1;0;0;1;0;0;0;1;0;1;1;0
10446;10;1;1;1;2;1;0;0;0;0;0;26.271158218383789;11.059326171875;-12.893798828125;-1.83447265625;-12.893798828125;0;0;1.2866667509078979;0;2;0;1;0;0;0;1;0;0;1;0;0;0;1;0;1;1;0
10456;10;1;1;1;2;1;0;0;0;0;0;26.193033218383789;11.071044921875;-12.893798828125;-1.82275390625;-12.893798828125;0;0;1.2833333015441895;0;2;0;1;0;0;0;1;0;0;1;0;0;0;1;0;1;1;0
10466;10;1;1;1;2;1;0;0;0;0;0;26.07421875;11.0888671875;-12.893798828125;-1.804931640625;-12.893798828125;0;0;1.2866667509078979;0;2;0;1;0;0;0;1;0;0;1;0;0;0;1;0;1;1;0
10476;10;1;1;1;2;1;0;0;0;0;0;25.99609375;11.1005859375;-12.893798828125;-1.793212890625;-12.893798828125;0;0;1.2866667509078979;0;2;0;1;0;0;0;1;0;0;1;0;0;0;1;0;1;1;0
10486;10;1;1;1;2;1;0;0;0;0;0;25.87890625;11.1181640625;-12.893798828125;-1.775634765625;-12.893798828125;0;0;1.2866667509078979;0;2;0;1;0;0;0;1;0;0;1;0;0;0;1;0;1;1;0
10497;10;1;1;1;2;1;0;0;0;0;0;25.80078125;11.1298828125;-12.893798828125;-1.763916015625;-12.893798828125;0;0;1.2833333015441895;0;2;0;1;0;0;0;1;0;0;1;0;0;0;1;0;1;1;0
10506;10;1;1;1;2;1;0;0;0;0;0;25.681966781616211;11.147705078125;-12.893798828125;-1.74609375;-12.893798828125;0;0;1.2833333015441895;0;2;0;1;0;0;0;1;0;0;1;0;0;0;1;0;1;1;0
10516;10;1;1;1;2;1;0;0;0;0;0;25.603841781616211;11.159423828125;-12.893798828125;-1.734375;-12.893798828125;0;0;1.2833333015441895;0;2;0;1;0;0;0;1;0;0;1;0;0;0;1;0;1;1;0
10527;10;1;1;1;2;1;0;0;0;0;0;25.485025405883789;11.17724609375;-12.893798828125;-1.716552734375;-12.893798828125;0;0;1.2866667509078979;0;2;0;1;0;0;0;1;0;0;1;0;0;0;1;0;1;1;0
10536;10;1;1;1;2;1;0;0;0;0;0;25.406900405883789;11.18896484375;-12.893798828125;-1.704833984375;-12.893798828125;0;0;1.2833333015441895;0;2;0;1;0;0;0;1;0;0;1;0;0;0;1;0;1;1;0
10546;10;1;1;1;2;1;0;0;0;0;0;25.289712905883789;11.20654296875;-12.893798828125;-1.687255859375;-12.893798828125;0;0;1.2866667509078979;0;2;0;1;0;0;0;1;0;0;1;0;0;0;1;0;1;1;0
10556;10;1;1;1;2;1;0;0;0;0;0;25.2099609375;11.218505859375;-12.893798828125;-1.67529296875;-12.893798828125;0;0;1.2866667509078979;0;2;0;1;0;0;0;1;0;0;1;0;0;0;1;0;1;1;0
10567;10;1;1;1;2;1;0;0;0;0;0;25.0927734375;11.236083984375;-12.893798828125;-1.65771484375;-12.893798828125;0;0;1.2866667509078979;0;2;0;1;0;0;0;1;0;0;1;0;0;0;1;0;1;1;0
10576;10;1;1;1;2;1;0;0;0;0;0;25.0146484375;11.247802734375;-12.893798828125;-1.64599609375;-12.893798828125;0;0;1.2833333015441895;0;2;0;1;0;0;0;1;0;0;1;0;0;0;1;0;1;1;0
10586;10;1;1;1;2;1;0;0;0;0;0;24.8974609375;11.265380859375;-12.893798828125;-1.62841796875;-12.893798828125;0;0;1.2866667509078979;0;2;0;1;0;0;0;1;0;0;1;0;0;0;1;0;1;1;0
10596;10;1;1;1;2;1;0;0;0;0;0;24.817708969116211;11.27734375;-12.893798828125;-1.616455078125;-12.893798828125;0;0;1.2866667509078979;0;2;0;1;0;0;0;1;0;0;1;0;0;0;1;0;1;1;0
10606;10;1;1;1;2;1;0;0;0;0;0;24.700521469116211;11.294921875;-12.893798828125;-1.598876953125;-12.893798828125;0;0;1.2833333015441895;0;2;0;1;0;0;0;1;0;0;1;0;0;0;1;0;1;1;0
10616;10;1;1;1;2;1;0;0;0;0;0;24.622396469116211;11.306640625;-12.893798828125;-1.587158203125;-12.893798828125;0;0;1.2833333015441895;0;2;0;1;0;0;0;1;0;0;1;0;0;0;1;0;1;1;0
10626;10;1;1;1;2;1;0;0;0;0;0;24.505208969116211;11.32421875;-12.893798828125;-1.569580078125;-12.893798828125;0;0;1.2833333015441895;0;2;0;1;0;0;0;1;0;0;1;0;0;0;1;0;1;1;0
10636;10;1;1;1;2;1;0;0;0;0;0;24.425455093383789;11.336181640625;-12.893798828125;-1.5576171875;-12.893798828125;0;0;1.2833333015441895;0;2;0;1;0;0;0;1;0;0;1;0;0;0;1;0;1;1;0
10646;10;1;1;1;2;1;0;0;0;0;0;24.308267593383789;11.353759765625;-12.893798828125;-1.5400390625;-12.893798828125;0;0;1.2833333015441895;0;2;0;1;0;0;0;1;0;0;1;0;0;0;1;0;1;1;0
10656;10;1;1;1;2;1;0;0;0;0;0;24.230142593383789;11.365478515625;-12.893798828125;-1.5283203125;-12.893798828125;0;0;1.2866667509078979;0;2;0;1;0;0;0;1;0;0;1;0;0;0;1;0;1;1;0
10667;10;1;1;1;2;1;0;0;0;0;0;24.112955093383789;11.383056640625;-12.893798828125;-1.5107421875;-12.893798828125;0;0;1.2833333015441895;0;2;0;1;0;0;0;1;0;0;1;0;0;0;1;0;1;1;0
10676;10;1;1;1;2;1;0;0;0;0;0;24.034830093383789;11.394775390625;-12.893798828125;-1.4990234375;-12.893798828125;0;0;1.28000009059906;0;2;0;1;0;0;0;1;0;0;1;0;0;0;1;0;1;1;0
10686;10;1;1;1;2;1;0;0;0;0;0;23.916015625;11.41259765625;-12.893798828125;-1.481201171875;-12.893798828125;0;0;1.2866667509078979;0;2;0;1;0;0;0;1;0;0;1;0;0;0;1;0;1;1;0
10696;10;1;1;1;2;1;0;0;0;0;0;23.836263656616211;11.424560546875;-12.893798828125;-1.46923828125;-12.893798828125;0;0;1.2866667509078979;0;2;0;1;0;0;0;1;0;0;1;0;0;0;1;0;1;1;0
10706;10;1;1;1;2;1;0;0;0;0;0;23.719076156616211;11.442138671875;-12.893798828125;-1.45166015625;-12.893798828125;0;0;1.2833333015441895;0;2;0;1;0;0;0;1;0;0;1;0;0;0;1;0;1;1;0
10716;10;1;1;1;2;1;0;0;0;0;0;23.640951156616211;11.453857421875;-12.893798828125;-1.43994140625;-12.893798828125;0;0;1.28000009059906;0;2;0;1;0;0;0;1;0;0;1;0;0;0;1;0;1;1;0
10728;10;1;1;1;2;1;0;0;0;0;0;23.523763656616211;11.471435546875;-12.893798828125;-1.42236328125;-12.893798828125;0;0;1.2833333015441895;0;2;0;1;0;0;0;1;0;0;1;0;0;0;1;0;1;1;0
10736;10;1;1;1;2;1;0;0;0;0;0;23.445638656616211;11.483154296875;-12.893798828125;-1.41064453125;-12.893798828125;0;0;1.2833333015441895;0;2;0;1;0;0;0;1;0;0;1;0;0;0;1;0;1;1;0
10746;10;1;1;1;2;1;0;0;0;0;0;23.326822280883789;11.5009765625;-12.893798828125;-1.392822265625;-12.893798828125;0;0;1.2833333015441895;0;2;0;1;0;0;0;1;0;0;1;0;0;0;1;0;1;1;0
10756;10;1;1;1;2;1;0;0;0;0;0;23.248697280883789;11.5126953125;-12.893798828125;-1.381103515625;-12.893798828125;0;0;1.2833333015441895;0;2;0;1;0;0;0;1;0;0;1;0;0;0;1;0;1;1;0
10766;10;1;1;1;2;1;0;0;0;0;0;23.131509780883789;11.5302734375;-12.893798828125;-1.363525390625;-12.893798828125;0;0;1.2866667509078979;0;2;0;1;0;0;0;1;0;0;1;0;0;0;1;0;1;1;0
10776;10;1;1;1;2;1;0;0;0;0;0;23.053384780883789;11.5419921875;-12.893798828125;-1.351806640625;-12.893798828125;0;0;1.2833333015441895;0;2;0;1;0;0;0;1;0;0;1;0;0;0;1;0;1;1;0
10786;10;1;1;1;2;1;0;0;0;0;0;22.936197280883789;11.5595703125;-12.893798828125;-1.334228515625;-12.893798828125;0;0;1.2833333015441895;0;2;0;1;0;0;0;1;0;0;1;0;0;0;1;0;1;1;0
10797;10;1;1;1;2;1;0;0;0;0;0;22.8564453125;11.571533203125;-12.893798828125;-1.322265625;-12.893798828125;0;0;1.2833333015441895;0;2;0;1;0;0;0;1;0;0;1;0;0;0;1;0;1;1;0
10806;10;1;1;1;2;1;0;0;0;0;0;22.7392578125;11.589111328125;-12.893798828125;-1.3046875;-12.893798828125;0;0;1.2833333015441895;0;2;0;1;0;0;0;1;0;0;1;0;0;0;1;0;1;1;0
10816;10;1;1;1;2;1;0;0;0;0;0;22.6611328125;11.600830078125;-12.893798828125;-1.29296875;-12.893798828125;0;0;1.2833333015441895;0;2;0;1;0;0;0;1;0;0;1;0;0;0;1;0;1;1;0
10827;10;1;1;1;2;1;0;0;0;0;0;22.542318344116211;11.61865234375;-12.893798828125;-1.275146484375;-12.893798828125;0;0;1.2833333015441895;0;2;0;1;0;0;0;1;0;0;1;0;0;0;1;0;1;1;0
10836;10;1;1;1;2;1;0;0;0;0;0;22.464193344116211;11.63037109375;-12.893798828125;-1.263427734375;-12.893798828125;0;0;1.2866667509078979;0;2;0;1;0;0;0;1;0;0;1;0;0;0;1;0;1;1;0
10846;10;1;1;1;2;1;0;0;0;0;0;22.347005844116211;11.64794921875;-12.893798828125;-1.245849609375;-12.893798828125;0;0;1.2866667509078979;0;2;0;1;0;0;0;1;0;0;1;0;0;0;1;0;1;1;0
10856;10;1;1;1;2;1;0;0;0;0;0;22.268880844116211;11.65966796875;-12.893798828125;-1.234130859375;-12.893798828125;0;0;1.2833333015441895;0;2;0;1;0;0;0;1;0;0;1;0;0;0;1;0;1;1;0
10868;10;1;1;1;2;1;0;0;0;0;0;22.150064468383789;11.677490234375;-12.893798828125;-1.21630859375;-12.893798828125;0;0;1.2833333015441895;0;2;0;1;0;0;0;1;0;0;1;0;0;0;1;0;1;1;0
10876;10;1;1;1;2;1;0;0;0;0;0;22.071939468383789;11.689208984375;-12.893798828125;-1.20458984375;-12.893798828125;0;0;1.2866667509078979;0;2;0;1;0;0;0;1;0;0;1;0;0;0;1;0;1;1;0
10904;10;1;1;1;2;1;0;0;0;0;0;21.875;11.71875;-12.893798828125;-1.175048828125;-12.893798828125;0;0;1.2833333015441895;0;2;0;1;0;0;0;1;0;0;1;0;0;0;1;0;1;1;0
10916;10;1;1;1;2;1;0;0;0;0;0;21.6796875;11.748046875;-12.893798828125;-1.145751953125;-12.893798828125;0;0;1.2833333015441895;0;2;0;1;0;0;0;1;0;0;1;0;0;0;1;0;1;1;0
10926;10;1;1;1;2;1;0;0;0;0;0;21.560873031616211;11.765869140625;-12.893798828125;-1.1279296875;-12.893798828125;0;0;1.2866667509078979;0;2;0;1;0;0;0;1;0;0;1;0;0;0;1;0;1;1;0
10936;10;1;1;1;2;1;0;0;0;0;0;21.482748031616211;11.777587890625;-12.893798828125;-1.1162109375;-12.893798828125;0;0;1.2833333015441895;0;2;0;1;0;0;0;1;0;0;1;0;0;0;1;0;1;1;0
10946;10;1;1;1;2;1;0;0;0;0;0;21.365560531616211;11.795166015625;-12.893798828125;-1.0986328125;-12.893798828125;0;0;1.2833333015441895;0;2;0;1;0;0;0;1;0;0;1;0;0;0;1;0;1;1;0
10956;10;1;1;1;2;1;0;0;0;0;0;21.287435531616211;11.806884765625;-12.893798828125;-1.0869140625;-12.893798828125;0;0;1.2833333015441895;0;2;0;1;0;0;0;1;0;0;1;0;0;0;1;0;1;1;0
10966;10;1;1;1;2;1;0;0;0;0;0;21.168619155883789;11.82470703125;-12.893798828125;-1.069091796875;-12.893798828125;0;0;1.2833333015441895;0;2;0;1;0;0;0;1;0;0;1;0;0;0;1;0;1;1;0
10976;10;1;1;1;2;1;0;0;0;0;0;21.092123031616211;11.836181640625;-12.893798828125;-1.0576171875;-12.893798828125;0;0;1.28000009059906;0;2;0;1;0;0;0;1;0;0;1;0;0;0;1;0;1;1;0
10986;10;1;1;1;2;1;0;0;0;0;0;20.973306655883789;11.85400390625;-12.893798828125;-1.039794921875;-12.893798828125;0;0;1.2833333015441895;0;2;0;1;0;0;0;1;0;0;1;0;0;0;1;0;1;1;0
10997;10;1;1;1;2;1;0;0;0;0;0;20.895181655883789;11.86572265625;-12.893798828125;-1.028076171875;-12.893798828125;0;0;1.2900000810623169;0;2;0;1;0;0;0;1;0;0;1;0;0;0;1;0;1;1;0
11006;10;1;1;1;2;1;0;0;0;0;0;20.7763671875;11.883544921875;-12.893798828125;-1.01025390625;-12.893798828125;0;0;1.2866667509078979;0;2;0;1;0;0;0;1;0;0;1;0;0;0;1;0;1;1;0
11016;10;1;1;1;2;1;0;0;0;0;0;20.699869155883789;11.89501953125;-12.893798828125;-0.998779296875;-12.893798828125;0;0;1.28000009059906;0;2;0;1;0;0;0;1;0;0;1;0;0;0;1;0;1;1;0
11026;10;1;1;1;2;1;0;0;0;0;0;20.5810546875;11.912841796875;-12.893798828125;-0.98095703125;-12.893798828125;0;0;1.2833333015441895;0;2;0;1;0;0;0;1;0;0;1;0;0;0;1;0;1;1;0
11036;10;1;1;1;2;1;0;0;0;0;0;20.5029296875;11.924560546875;-12.893798828125;-0.96923828125;-12.893798828125;0;0;1.2866667509078979;0;2;0;1;0;0;0;1;0;0;1;0;0;0;1;0;1;1;0
11046;10;1;1;1;2;1;0;0;0;0;0;20.3857421875;11.942138671875;-12.893798828125;-0.95166015625;-12.893798828125;0;0;1.2833333015441895;0;2;0;1;0;0;0;1;0;0;1;0;0;0;1;0;1;1;0
11056;10;1;1;1;2;1;0;0;0;0;0;20.3076171875;11.953857421875;-12.893798828125;-0.93994140625;-12.893798828125;0;0;1.2833333015441895;0;2;0;1;0;0;0;1;0;0;1;0;0;0;1;0;1;1;0
11066;10;1;1;1;2;1;0;0;0;0;0;20.188802719116211;11.9716796875;-12.893798828125;-0.922119140625;-12.893798828125;0;0;1.2833333015441895;0;2;0;1;0;0;0;1;0;0;1;0;0;0;1;0;1;1;0
11076;10;1;1;1;2;1;0;0;0;0;0;20.110677719116211;11.9833984375;-12.893798828125;-0.910400390625;-12.893798828125;0;0;1.2866667509078979;0;2;0;1;0;0;0;1;0;0;1;0;0;0;1;0;1;1;0
11086;10;1;1;1;2;1;0;0;0;0;0;19.991861343383789;12.001220703125;-12.893798828125;-0.892578125;-12.893798828125;0;0;1.2866667509078979;0;2;0;1;0;0;0;1;0;0;1;0;0;0;1;0;1;1;0
11096;10;1;1;1;2;1;0;0;0;0;0;19.913736343383789;12.012939453125;-12.893798828125;-0.880859375;-12.893798828125;0;0;1.2866667509078979;0;2;0;1;0;0;0;1;0;0;1;0;0;0;1;0;1;1;0
11106;10;1;1;1;2;1;0;0;0;0;0;19.796548843383789;12.030517578125;-12.893798828125;-0.86328125;-12.893798828125;0;0;1.2866667509078979;0;2;0;1;0;0;0;1;0;0;1;0;0;0;1;0;1;1;0
11116;10;1;1;1;2;1;0;0;0;0;0;19.718423843383789;12.042236328125;-12.893798828125;-0.8515625;-12.893798828125;0;0;1.2833333015441895;0;2;0;1;0;0;0;1;0;0;1;0;0;0;1;0;1;1;0
11127;10;1;1;1;2;1;0;0;0;0;0;19.599609375;12.06005859375;-12.893798828125;-0.833740234375;-12.893798828125;0;0;1.2833333015441895;0;2;0;1;0;0;0;1;0;0;1;0;0;0;1;0;1;1;0
11136;10;1;1;1;2;1;0;0;0;0;0;19.521484375;12.07177734375;-12.893798828125;-0.822021484375;-12.893798828125;0;0;1.2900000810623169;0;2;0;1;0;0;0;1;0;0;1;0;0;0;1;0;1;1;0
11146;10;1;1;1;2;1;0;0;0;0;0;19.402669906616211;12.089599609375;-12.893798828125;-0.80419921875;-12.893798828125;0;0;1.2900000810623169;0;2;0;1;0;0;0;1;0;0;1;0;0;0;1;0;1;1;0
11157;10;1;1;1;2;1;0;0;0;0;0;19.324544906616211;12.101318359375;-12.893798828125;-0.79248046875;-12.893798828125;0;0;1.2866667509078979;0;2;0;1;0;0;0;1;0;0;1;0;0;0;1;0;1;1;0
11166;10;1;1;1;2;1;0;0;0;0;0;19.208984375;12.11865234375;-12.893798828125;-0.775146484375;-12.893798828125;0;0;1.2766666412353516;0;2;0;1;0;0;0;1;0;0;1;0;0;0;1;0;1;1;0
11176;10;1;1;1;2;1;0;0;0;0;0;19.129232406616211;12.130615234375;-12.893798828125;-0.76318359375;-12.893798828125;0;0;1.2833333015441895;0;2;0;1;0;0;0;1;0;0;1;0;0;0;1;0;1;1;0
11186;10;1;1;1;2;1;0;0;0;0;0;19.0087890625;12.148681640625;-12.893798828125;-0.7451171875;-12.893798828125;0;0;1.2933332920074463;0;2;0;1;0;0;0;1;0;0;1;0;0;0;1;0;1;1;0
11196;10;1;1;1;2;1;0;0;0;0;0;18.9306640625;12.160400390625;-12.893798828125;-0.7333984375;-12.893798828125;0;0;1.2900000810623169;0;2;0;1;0;0;0;1;0;0;1;0;0;0;1;0;1;1;0
11206;10;1;1;1;2;1;0;0;0;0;0;18.815103530883789;12.177734375;-12.893798828125;-0.716064453125;-12.893798828125;0;0;1.2833333015441895;0;2;0;1;0;0;0;1;0;0;1;0;0;0;1;0;1;1;0
11216;10;1;1;1;2;1;0;0;0;0;0;18.736978530883789;12.189453125;-12.893798828125;-0.704345703125;-12.893798828125;0;0;1.28000009059906;0;2;0;1;0;0;0;1;0;0;1;0;0;0;1;0;1;1;0
11227;10;1;1;1;2;1;0;0;0;0;0;18.6181640625;12.207275390625;-12.893798828125;-0.6865234375;-12.893798828125;0;0;1.2866667509078979;0;2;0;1;0;0;0;1;0;0;1;0;0;0;1;0;1;1;0
11236;10;1;1;1;2;1;0;0;0;0;0;18.5400390625;12.218994140625;-12.893798828125;-0.6748046875;-12.893798828125;0;0;1.2833333015441895;0;2;0;1;0;0;0;1;0;0;1;0;0;0;1;0;1;1;0
11246;10;1;1;1;2;1;0;0;0;0;0;18.421224594116211;12.23681640625;-12.893798828125;-0.656982421875;-12.893798828125;0;0;1.2866667509078979;0;2;0;1;0;0;0;1;0;0;1;0;0;0;1;0;1;1;0
11256;10;1;1;1;2;1;0;0;0;0;0;18.343099594116211;12.24853515625;-12.893798828125;-0.645263671875;-12.893798828125;0;0;1.2866667509078979;0;2;0;1;0;0;0;1;0;0;1;0;0;0;1;0;1;1;0
11266;10;1;1;1;2;1;0;0;0;0;0;18.225912094116211;12.26611328125;-12.893798828125;-0.627685546875;-12.893798828125;0;0;1.2833333015441895;0;2;0;1;0;0;0;1;0;0;1;0;0;0;1;0;1;1;0
11276;10;1;1;1;2;1;0;0;0;0;0;18.147787094116211;12.27783203125;-12.893798828125;-0.615966796875;-12.893798828125;0;0;1.2766666412353516;0;2;0;1;0;0;0;1;0;0;1;0;0;0;1;0;1;1;0
11286;10;1;1;1;2;1;0;0;0;0;0;18.028970718383789;12.295654296875;-12.893798828125;-0.59814453125;-12.893798828125;0;0;1.2900000810623169;0;2;0;1;0;0;0;1;0;0;1;0;0;0;1;0;1;1;0
11296;10;1;1;1;2;1;0;0;0;0;0;17.94921875;12.3076171875;-12.893798828125;-0.586181640625;-12.893798828125;0;0;1.2933332920074463;0;2;0;1;0;0;0;1;0;0;1;0;0;0;1;0;1;1;0
11306;10;1;1;1;2;1;0;0;0;0;0;17.83203125;12.3251953125;-12.893798828125;-0.568603515625;-12.893798828125;0;0;1.2866667509078979;0;2;0;1;0;0;0;1;0;0;1;0;0;0;1;0;1;1;0
11316;10;1;1;1;2;1;0;0;0;0;0;17.75390625;12.3369140625;-12.893798828125;-0.556884765625;-12.893798828125;0;0;1.28000009059906;0;2;0;1;0;0;0;1;0;0;1;0;0;0;1;0;1;1;0
11326;10;1;1;1;2;1;0;0;0;0;0;17.63671875;12.3544921875;-12.893798828125;-0.539306640625;-12.893798828125;0;0;1.2866667509078979;0;2;0;1;0;0;0;1;0;0;1;0;0;0;1;0;1;1;0
11336;10;1;1;1;2;1;0;0;0;0;0;17.556966781616211;12.366455078125;-12.893798828125;-0.52734375;-12.893798828125;0;0;1.2900000810623169;0;2;0;1;0;0;0;1;0;0;1;0;0;0;1;0;1;1;0
11346;10;1;1;1;2;1;0;0;0;0;0;17.438150405883789;12.38427734375;-12.893798828125;-0.509521484375;-12.893798828125;0;0;1.2866667509078979;0;2;0;1;0;0;0;1;0;0;1;0;0;0;1;0;1;1;0
11356;10;1;1;1;2;1;0;0;0;0;0;17.361654281616211;12.395751953125;-12.893798828125;-0.498046875;-12.893798828125;0;0;1.2833333015441895;0;2;0;1;0;0;0;1;0;0;1;0;0;0;1;0;1;1;0
11366;10;1;1;1;2;1;0;0;0;0;0;17.244466781616211;12.413330078125;-12.893798828125;-0.48046875;-12.893798828125;0;0;1.2833333015441895;0;2;0;1;0;0;0;1;0;0;1;0;0;0;1;0;1;1;0
11376;10;1;1;1;2;1;0;0;0;0;0;17.164712905883789;12.42529296875;-12.893798828125;-0.468505859375;-12.893798828125;0;0;1.2866667509078979;0;2;0;1;0;0;0;1;0;0;1;0;0;0;1;0;1;1;0
11388;10;1;1;1;2;1;0;0;0;0;0;17.0458984375;12.443115234375;-12.893798828125;-0.45068359375;-12.893798828125;0;0;1.2900000810623169;0;2;0;1;0;0;0;1;0;0;1;0;0;0;1;0;1;1;0
11396;10;1;1;1;2;1;0;0;0;0;0;16.9677734375;12.454833984375;-12.893798828125;-0.43896484375;-12.893798828125;0;0;1.2866667509078979;0;2;0;1;0;0;0;1;0;0;1;0;0;0;1;0;1;1;0
11406;10;1;1;1;2;1;0;0;0;0;0;16.8505859375;12.472412109375;-12.893798828125;-0.42138671875;-12.893798828125;0;0;1.2833333015441895;0;2;0;1;0;0;0;1;0;0;1;0;0;0;1;0;1;1;0
11416;10;1;1;1;2;1;0;0;0;0;0;16.770833969116211;12.484375;-12.893798828125;-0.409423828125;-12.893798828125;0;0;1.2866667509078979;0;2;0;1;0;0;0;1;0;0;1;0;0;0;1;0;1;1;0
11426;10;1;1;1;2;1;0;0;0;0;0;16.653646469116211;12.501953125;-12.893798828125;-0.391845703125;-12.893798828125;0;0;1.2866667509078979;0;2;0;1;0;0;0;1;0;0;1;0;0;0;1;0;1;1;0
11436;10;1;1;1;2;1;0;0;0;0;0;16.575521469116211;12.513671875;-12.893798828125;-0.380126953125;-12.893798828125;0;0;1.2866667509078979;0;2;0;1;0;0;0;1;0;0;1;0;0;0;1;0;1;1;0
11446;10;1;1;1;2;1;0;0;0;0;0;16.456705093383789;12.531494140625;-12.893798828125;-0.3623046875;-12.893798828125;0;0;1.2866667509078979;0;2;0;1;0;0;0;1;0;0;1;0;0;0;1;0;1;1;0
11456;10;1;1;1;2;1;0;0;0;0;0;16.378580093383789;12.543212890625;-12.893798828125;-0.3505859375;-12.893798828125;0;0;1.2866667509078979;0;2;0;1;0;0;0;1;0;0;1;0;0;0;1;0;1;1;0
11466;10;1;1;1;2;1;0;0;0;0;0;16.261392593383789;12.560791015625;-12.893798828125;-0.3330078125;-12.893798828125;0;0;1.2866667509078979;0;2;0;1;0;0;0;1;0;0;1;0;0;0;1;0;1;1;0
11476;10;1;1;1;2;1;0;0;0;0;0;16.181640625;12.57275390625;-12.893798828125;-0.321044921875;-12.893798828125;0;0;1.2833333015441895;0;2;0;1;0;0;0;1;0;0;1;0;0;0;1;0;1;1;0
11487;10;1;1;1;2;1;0;0;0;0;0;16.064453125;12.59033203125;-12.893798828125;-0.303466796875;-12.893798828125;0;0;1.2833333015441895;0;2;0;1;0;0;0;1;0;0;1;0;0;0;1;0;1;1;0
11496;10;1;1;1;2;1;0;0;0;0;0;15.986328125;12.60205078125;-12.893798828125;-0.291748046875;-12.893798828125;0;0;1.2866667509078979;0;2;0;1;0;0;0;1;0;0;1;0;0;0;1;0;1;1;0
11506;10;1;1;1;2;1;0;0;0;0;0;15.867512702941895;12.619873046875;-12.893798828125;-0.27392578125;-12.893798828125;0;0;1.2900000810623169;0;2;0;1;0;0;0;1;0;0;1;0;0;0;1;0;1;1;0
11517;10;1;1;1;2;1;0;0;0;0;0;15.789387702941895;12.631591796875;-12.893798828125;-0.26220703125;-12.893798828125;0;0;1.2866667509078979;0;2;0;1;0;0;0;1;0;0;1;0;0;0;1;0;1;1;0
11526;10;1;1;1;2;1;0;0;0;0;0;15.672200202941895;12.649169921875;-12.893798828125;-0.24462890625;-12.893798828125;0;0;1.2833333015441895;0;2;0;1;0;0;0;1;0;0;1;0;0;0;1;0;1;1;0
11536;10;1;1;1;2;1;0;0;0;0;0;15.592448234558105;12.6611328125;-12.893798828125;-0.232666015625;-12.893798828125;0;0;1.2866667509078979;0;2;0;1;0;0;0;1;0;0;1;0;0;0;1;0;1;1;0
11546;10;1;1;1;2;1;0;0;0;0;0;15.4736328125;12.678955078125;-12.893798828125;-0.21484375;-12.893798828125;0;0;1.2900000810623169;0;2;0;1;0;0;0;1;0;0;1;0;0;0;1;0;1;1;0
11557;10;1;1;1;2;1;0;0;0;0;0;15.3955078125;12.690673828125;-12.893798828125;-0.203125;-12.893798828125;0;0;1.2866667509078979;0;2;0;1;0;0;0;1;0;0;1;0;0;0;1;0;1;1;0
11566;10;1;1;1;2;1;0;0;0;0;0;15.2783203125;12.708251953125;-12.893798828125;-0.185546875;-12.893798828125;0;0;1.2833333015441895;0;2;0;1;0;0;0;1;0;0;1;0;0;0;1;0;1;1;0
11576;10;1;1;1;2;1;0;0;0;0;0;15.2001953125;12.719970703125;-12.893798828125;-0.173828125;-12.893798828125;0;0;1.2833333015441895;0;2;0;1;0;0;0;1;0;0;1;0;0;0;1;0;1;1;0
11586;10;1;1;1;2;1;0;0;0;0;0;15.081379890441895;12.73779296875;-12.893798828125;-0.156005859375;-12.893798828125;0;0;1.2866667509078979;0;2;0;1;0;0;0;1;0;0;1;0;0;0;1;0;1;1;0
11596;10;1;1;1;2;1;0;0;0;0;0;15.003254890441895;12.74951171875;-12.893798828125;-0.144287109375;-12.893798828125;0;0;1.2866667509078979;0;2;0;1;0;0;0;1;0;0;1;0;0;0;1;0;1;1;0
11606;10;1;1;1;2;1;0;0;0;0;0;14.886067390441895;12.76708984375;-12.893798828125;-0.126708984375;-12.893798828125;0;0;1.2833333015441895;0;2;0;1;0;0;0;1;0;0;1;0;0;0;1;0;1;1;0
11616;10;1;1;1;2;1;0;0;0;0;0;14.806315422058105;12.779052734375;-12.893798828125;-0.11474609375;-12.893798828125;0;0;1.2866667509078979;0;2;0;1;0;0;0;1;0;0;1;0;0;0;1;0;1;1;0
11626;10;1;1;1;2;1;0;0;0;0;0;14.689127922058105;12.796630859375;-12.893798828125;-0.09716796875;-12.893798828125;0;0;1.2900000810623169;0;2;0;1;0;0;0;1;0;0;1;0;0;0;1;0;1;1;0
11636;10;1;1;1;2;1;0;0;0;0;0;14.609375;12.80859375;-12.893798828125;-0.085205078125;-12.893798828125;0;0;1.2900000810623169;0;2;0;1;0;0;0;1;0;0;1;0;0;0;1;0;1;1;0
11646;10;1;1;1;2;1;0;0;0;0;0;14.4921875;12.826171875;-12.893798828125;-0.067626953125;-12.893798828125;0;0;1.2833333015441895;0;2;0;1;0;0;0;1;0;0;1;0;0;0;1;0;1;1;0
11657;10;1;1;1;2;1;0;0;0;0;0;14.4140625;12.837890625;-12.893798828125;-0.055908203125;-12.893798828125;0;0;1.2866667509078979;0;2;0;1;0;0;0;1;0;0;1;0;0;0;1;0;1;1;0
11666;10;1;1;1;2;1;0;0;0;0;0;14.295247077941895;12.855712890625;-12.893798828125;-0.0380859375;-12.893798828125;0;0;1.2866667509078979;0;2;0;1;0;0;0;1;0;0;1;0;0;0;1;0;1;1;0
11677;10;1;1;1;2;1;0;0;0;0;0;14.217122077941895;12.867431640625;-12.893798828125;-0.0263671875;-12.893798828125;0;0;1.2866667509078979;0;2;0;1;0;0;0;1;0;0;1;0;0;0;1;0;1;1;0
11686;10;1;1;1;2;1;0;0;0;0;0;14.099934577941895;12.885009765625;-12.893798828125;-0.0087890625;-12.893798828125;0;0;1.2866667509078979;0;2;0;1;0;0;0;1;0;0;1;0;0;0;1;0;1;1;0
11696;10;1;1;1;2;1;0;0;0;0;0;14.021809577941895;12.896728515625;-12.893798828125;0.0029296875;-12.893798828125;0;0;1.2866667509078979;0;2;0;1;0;0;0;1;0;0;1;0;0;0;1;0;1;1;0
11706;10;1;1;1;2;1;0;0;0;0;0;13.902995109558105;12.91455078125;-12.893798828125;0.020751953125;-12.893798828125;0;0;1.2866667509078979;0;2;0;1;0;0;0;1;0;0;1;0;0;0;1;0;1;1;0
11717;10;1;1;1;2;1;0;0;0;0;0;13.824870109558105;12.92626953125;-12.893798828125;0.032470703125;-12.893798828125;0;0;1.2866667509078979;0;2;0;1;0;0;0;1;0;0;1;0;0;0;1;0;1;1;0
11726;10;1;1;1;2;1;0;0;0;0;0;13.7060546875;12.944091796875;-12.893798828125;0.05029296875;-12.893798828125;0;0;1.2866667509078979;0;2;0;1;0;0;0;1;0;0;1;0;0;0;1;0;1;1;0
11736;10;1;1;1;2;1;0;0;0;0;0;13.6279296875;12.955810546875;-12.893798828125;0.06201171875;-12.893798828125;0;0;1.2866667509078979;0;2;0;1;0;0;0;1;0;0;1;0;0;0;1;0;1;1;0
11746;10;1;1;1;2;1;0;0;0;0;0;13.5107421875;12.973388671875;-12.893798828125;0.07958984375;-12.893798828125;0;0;1.2866667509078979;0;2;0;1;0;0;0;1;0;0;1;0;0;0;1;0;1;1;0
11756;10;1;1;1;2;1;0;0;0;0;0;13.430989265441895;12.9853515625;-12.893798828125;0.091552734375;-12.893798828125;0;0;1.2866667509078979;0;2;0;1;0;0;0;1;0;0;1;0;0;0;1;0;1;1;0
11766;10;1;1;1;2;1;0;0;0;0;0;13.313801765441895;13.0029296875;-12.893798828125;0.109130859375;-12.893798828125;0;0;1.2866667509078979;0;2;0;1;0;0;0;1;0;0;1;0;0;0;1;0;1;1;0
11776;10;1;1;1;2;1;0;0;0;0;0;13.235676765441895;13.0146484375;-12.893798828125;0.120849609375;-12.893798828125;0;0;1.2866667509078979;0;2;0;1;0;0;0;1;0;0;1;0;0;0;1;0;1;1;0
11787;10;1;1;1;2;1;0;0;0;0;0;13.116862297058105;13.032470703125;-12.893798828125;0.138671875;-12.893798828125;0;0;1.2866667509078979;0;2;0;1;0;0;0;1;0;0;1;0;0;0;1;0;1;1;0
11796;10;1;1;1;2;1;0;0;0;0;0;13.038737297058105;13.044189453125;-12.893798828125;0.150390625;-12.893798828125;0;0;1.2866667509078979;0;2;0;1;0;0;0;1;0;0;1;0;0;0;1;0;1;1;0
11806;10;1;1;1;2;1;0;0;0;0;0;12.919921875;13.06201171875;-12.893798828125;0.168212890625;-12.893798828125;0;0;1.2866667509078979;0;2;0;1;0;0;0;1;0;0;1;0;0;0;1;0;1;1;0
11818;10;1;1;1;2;1;0;0;0;0;0;12.841796875;13.07373046875;-12.893798828125;0.179931640625;-12.893798828125;0;0;1.2833333015441895;0;2;0;1;0;0;0;1;0;0;1;0;0;0;1;0;1;1;0
11826;10;1;1;1;2;1;0;0;0;0;0;12.724609375;13.09130859375;-12.893798828125;0.197509765625;-12.893798828125;0;0;1.2866667509078979;0;2;0;1;0;0;0;1;0;0;1;0;0;0;1;0;1;1;0
11836;10;1;1;1;2;1;0;0;0;0;0;12.646484375;13.10302734375;-12.893798828125;0.209228515625;-12.893798828125;0;0;1.2866667509078979;0;2;0;1;0;0;0;1;0;0;1;0;0;0;1;0;1;1;0
11846;10;1;1;1;2;1;0;0;0;0;0;12.527668952941895;13.120849609375;-12.893798828125;0.22705078125;-12.893798828125;0;0;1.2866667509078979;0;2;0;1;0;0;0;1;0;0;1;0;0;0;1;0;1;1;0
11856;10;1;1;1;2;1;0;0;0;0;0;12.449543952941895;13.132568359375;-12.893798828125;0.23876953125;-12.893798828125;0;0;1.2866667509078979;0;2;0;1;0;0;0;1;0;0;1;0;0;0;1;0;1;1;0
11866;10;1;1;1;2;1;0;0;0;0;0;12.330729484558105;13.150390625;-12.893798828125;0.256591796875;-12.893798828125;0;0;1.2866667509078979;0;2;0;1;0;0;0;1;0;0;1;0;0;0;1;0;1;1;0
11876;10;1;1;1;2;1;0;0;0;0;0;12.252604484558105;13.162109375;-12.893798828125;0.268310546875;-12.893798828125;0;0;1.2866667509078979;0;2;0;1;0;0;0;1;0;0;1;0;0;0;1;0;1;1;0
11887;10;1;1;1;2;1;0;0;0;0;0;12.135416984558105;13.1796875;-12.893798828125;0.285888671875;-12.893798828125;0;0;1.2866667509078979;0;2;0;1;0;0;0;1;0;0;1;0;0;0;1;0;1;1;0
11896;10;1;1;1;2;1;0;0;0;0;0;12.057291984558105;13.19140625;-12.893798828125;0.297607421875;-12.893798828125;0;0;1.2866667509078979;0;2;0;1;0;0;0;1;0;0;1;0;0;0;1;0;1;1;0
11906;10;1;1;1;2;1;0;0;0;0;0;11.9384765625;13.209228515625;-12.893798828125;0.3154296875;-12.893798828125;0;0;1.2866667509078979;0;2;0;1;0;0;0;1;0;0;1;0;0;0;1;0;1;1;0
11917;10;1;1;1;2;1;0;0;0;0;0;11.8603515625;13.220947265625;-12.893798828125;0.3271484375;-12.893798828125;0;0;1.2833333015441895;0;2;0;1;0;0;0;1;0;0;1;0;0;0;1;0;1;1;0
11926;10;1;1;1;2;1;0;0;0;0;0;11.7431640625;13.238525390625;-12.893798828125;0.3447265625;-12.893798828125;0;0;1.2866667509078979;0;2;0;1;0;0;0;1;0;0;1;0;0;0;1;0;1;1;0
11936;10;1;1;1;2;1;0;0;0;0;0;11.663411140441895;13.25048828125;-12.893798828125;0.356689453125;-12.893798828125;0;0;1.2866667509078979;0;2;0;1;0;0;0;1;0;0;1;0;0;0;1;0;1;1;0
11946;10;1;1;1;2;1;0;0;0;0;0;11.546223640441895;13.26806640625;-12.893798828125;0.374267578125;-12.893798828125;0;0;1.2833333015441895;0;2;0;1;0;0;0;1;0;0;1;0;0;0;1;0;1;1;0
11957;10;1;1;1;2;1;0;0;0;0;0;11.468098640441895;13.27978515625;-12.893798828125;0.385986328125;-12.893798828125;0;0;1.2833333015441895;0;2;0;1;0;0;0;1;0;0;1;0;0;0;1;0;1;1;0
11966;10;1;1;1;2;1;0;0;0;0;0;11.349284172058105;13.297607421875;-12.893798828125;0.40380859375;-12.893798828125;0;0;1.2866667509078979;0;2;0;1;0;0;0;1;0;0;1;0;0;0;1;0;1;1;0
11976;10;1;1;1;2;1;0;0;0;0;0;11.271159172058105;13.309326171875;-12.893798828125;0.41552734375;-12.893798828125;0;0;1.2866667509078979;0;2;0;1;0;0;0;1;0;0;1;0;0;0;1;0;1;1;0
11986;10;1;1;1;2;1;0;0;0;0;0;11.153971672058105;13.326904296875;-12.893798828125;0.43310546875;-12.893798828125;0;0;1.2833333015441895;0;2;0;1;0;0;0;1;0;0;1;0;0;0;1;0;1;1;0
11996;10;1;1;1;2;1;0;0;0;0;0;11.075846672058105;13.338623046875;-12.893798828125;0.44482421875;-12.893798828125;0;0;1.2833333015441895;0;2;0;1;0;0;0;1;0;0;1;0;0;0;1;0;1;1;0
12006;10;1;1;1;2;1;0;0;0;0;0;10.95703125;13.3564453125;-12.893798828125;0.462646484375;-12.893798828125;0;0;1.2866667509078979;0;2;0;1;0;0;0;1;0;0;1;0;0;0;1;0;1;1;0
12016;10;1;1;1;2;1;0;0;0;0;0;10.87890625;13.3681640625;-12.893798828125;0.474365234375;-12.893798828125;0;0;1.2866667509078979;0;2;0;1;0;0;0;1;0;0;1;0;0;0;1;0;1;1;0
12026;10;1;1;1;2;1;0;0;0;0;0;10.76171875;13.3857421875;-12.893798828125;0.491943359375;-12.893798828125;0;0;1.2833333015441895;0;2;0;1;0;0;0;1;0;0;1;0;0;0;1;0;1;1;0
12036;10;1;1;1;2;1;0;0;0;0;0;10.68359375;13.3974609375;-12.893798828125;0.503662109375;-12.893798828125;0;0;1.2833333015441895;0;2;0;1;0;0;0;1;0;0;1;0;0;0;1;0;1;1;0
12046;10;1;1;1;2;1;0;0;0;0;0;10.564778327941895;13.415283203125;-12.893798828125;0.521484375;-12.893798828125;0;0;1.2833333015441895;0;2;0;1;0;0;0;1;0;0;1;0;0;0;1;0;1;1;0
12056;10;1;1;1;2;1;0;0;0;0;0;10.486653327941895;13.427001953125;-12.893798828125;0.533203125;-12.893798828125;0;0;1.2866667509078979;0;2;0;1;0;0;0;1;0;0;1;0;0;0;1;0;1;1;0
12066;10;1;1;1;2;1;0;0;0;0;0;10.369465827941895;13.444580078125;-12.893798828125;0.55078125;-12.893798828125;0;0;1.2833333015441895;0;2;0;1;0;0;0;1;0;0;1;0;0;0;1;0;1;1;0
12076;10;1;1;1;2;1;0;0;0;0;0;10.291340827941895;13.456298828125;-12.893798828125;0.5625;-12.893798828125;0;0;1.2833333015441895;0;2;0;1;0;0;0;1;0;0;1;0;0;0;1;0;1;1;0
12086;10;1;1;1;2;1;0;0;0;0;0;10.172526359558105;13.47412109375;-12.893798828125;0.580322265625;-12.893798828125;0;0;1.2833333015441895;0;2;0;1;0;0;0;1;0;0;1;0;0;0;1;0;1;1;0
12096;10;1;1;1;2;1;0;0;0;0;0;10.094401359558105;13.48583984375;-12.893798828125;0.592041015625;-12.893798828125;0;0;1.2833333015441895;0;2;0;1;0;0;0;1;0;0;1;0;0;0;1;0;1;1;0
12106;10;1;1;1;2;1;0;0;0;0;0;9.9772138595581055;13.50341796875;-12.893798828125;0.609619140625;-12.893798828125;0;0;1.2866667509078979;0;2;0;1;0;0;0;1;0;0;1;0;0;0;1;0;1;1;0
12118;10;1;1;1;2;1;0;0;0;0;0;9.8990888595581055;13.51513671875;-12.893798828125;0.621337890625;-12.893798828125;0;0;1.2833333015441895;0;2;0;1;0;0;0;1;0;0;1;0;0;0;1;0;1;1;0
12126;10;1;1;1;2;1;0;0;0;0;0;9.7819013595581055;13.53271484375;-12.893798828125;0.638916015625;-12.893798828125;0;0;1.2833333015441895;0;2;0;1;0;0;0;1;0;0;1;0;0;0;1;0;1;1;0
12136;10;1;1;1;2;1;0;0;0;0;0;9.7021484375;13.544677734375;-12.893798828125;0.65087890625;-12.893798828125;0;0;1.2833333015441895;0;2;0;1;0;0;0;1;0;0;1;0;0;0;1;0;1;1;0
12147;10;1;1;1;2;1;0;0;0;0;0;9.5849609375;13.562255859375;-12.893798828125;0.66845703125;-12.893798828125;0;0;1.2833333015441895;0;2;0;1;0;0;0;1;0;0;1;0;0;0;1;0;1;1;0
12156;10;1;1;1;2;1;0;0;0;0;0;9.5068359375;13.573974609375;-12.893798828125;0.68017578125;-12.893798828125;0;0;1.2833333015441895;0;2;0;1;0;0;0;1;0;0;1;0;0;0;1;0;1;1;0
12166;10;1;1;1;2;1;0;0;0;0;0;9.3880205154418945;13.591796875;-12.893798828125;0.697998046875;-12.893798828125;0;0;1.2833333015441895;0;2;0;1;0;0;0;1;0;0;1;0;0;0;1;0;1;1;0
12176;10;1;1;1;2;1;0;0;0;0;0;9.3098955154418945;13.603515625;-12.893798828125;0.709716796875;-12.893798828125;0;0;1.2833333015441895;0;2;0;1;0;0;0;1;0;0;1;0;0;0;1;0;1;1;0
12186;10;1;1;1;2;1;0;0;0;0;0;9.1927080154418945;13.62109375;-12.893798828125;0.727294921875;-12.893798828125;0;0;1.2833333015441895;0;2;0;1;0;0;0;1;0;0;1;0;0;0;1;0;1;1;0
12196;10;1;1;1;2;1;0;0;0;0;0;9.1145830154418945;13.6328125;-12.893798828125;0.739013671875;-12.893798828125;0;0;1.2833333015441895;0;2;0;1;0;0;0;1;0;0;1;0;0;0;1;0;1;1;0
12206;10;1;1;1;2;1;0;0;0;0;0;8.9957685470581055;13.650634765625;-12.893798828125;0.7568359375;-12.893798828125;0;0;1.2833333015441895;0;2;0;1;0;0;0;1;0;0;1;0;0;0;1;0;1;1;0
12217;10;1;1;1;2;1;0;0;0;0;0;8.9176435470581055;13.662353515625;-12.893798828125;0.7685546875;-12.893798828125;0;0;1.2833333015441895;0;2;0;1;0;0;0;1;0;0;1;0;0;0;1;0;1;1;0
12226;10;1;1;1;2;1;0;0;0;0;0;8.8004560470581055;13.679931640625;-12.893798828125;0.7861328125;-12.893798828125;0;0;1.2833333015441895;0;2;0;1;0;0;0;1;0;0;1;0;0;0;1;0;1;1;0
12236;10;1;1;1;2;1;0;0;0;0;0;8.7223310470581055;13.691650390625;-12.893798828125;0.7978515625;-12.893798828125;0;0;1.2833333015441895;0;2;0;1;0;0;0;1;0;0;1;0;0;0;1;0;1;1;0
12247;10;1;1;1;2;1;0;0;0;0;0;8.6051435470581055;13.709228515625;-12.893798828125;0.8154296875;-12.893798828125;0;0;1.2833333015441895;0;2;0;1;0;0;0;1;0;0;1;0;0;0;1;0;1;1;0
12256;10;1;1;1;2;1;0;0;0;0;0;8.5270185470581055;13.720947265625;-12.893798828125;0.8271484375;-12.893798828125;0;0;1.2833333015441895;0;2;0;1;0;0;0;1;0;0;1;0;0;0;1;0;1;1;0
12266;10;1;1;1;2;1;0;0;0;0;0;8.408203125;13.73876953125;-12.893798828125;0.844970703125;-12.893798828125;0;0;1.28000009059906;0;2;0;1;0;0;0;1;0;0;1;0;0;0;1;0;1;1;0
12276;10;1;1;1;2;1;0;0;0;0;0;8.330078125;13.75048828125;-12.893798828125;0.856689453125;-12.893798828125;0;0;1.2833333015441895;0;2;0;1;0;0;0;1;0;0;1;0;0;0;1;0;1;1;0
12286;10;1;1;1;2;1;0;0;0;0;0;8.212890625;13.76806640625;-12.893798828125;0.874267578125;-12.893798828125;0;0;1.2866667509078979;0;2;0;1;0;0;0;1;0;0;1;0;0;0;1;0;1;1;0
12296;10;1;1;1;2;1;0;0;0;0;0;8.134765625;13.77978515625;-12.893798828125;0.885986328125;-12.893798828125;0;0;1.2833333015441895;0;2;0;1;0;0;0;1;0;0;1;0;0;0;1;0;1;1;0
12306;10;1;1;1;2;1;0;0;0;0;0;8.017578125;13.79736328125;-12.893798828125;0.903564453125;-12.893798828125;0;0;1.28000009059906;0;2;0;1;0;0;0;1;0;0;1;0;0;0;1;0;1;1;0
12316;10;1;1;1;2;1;0;0;0;1;1;7.9378256797790527;13.809326171875;-12.893798828125;0.91552734375;-12.893798828125;0;0;1.2833333015441895;0;2;0;1;0;0;0;1;0;0;1;0;0;0;1;0;1;1;0
12326;10;1;1;1;2;1;0;0;0;1;0;7.8206381797790527;13.826904296875;-12.893798828125;0.93310546875;-12.893798828125;0;0;1.2833333015441895;0;2;0;1;0;0;0;1;0;0;1;0;0;0;1;0;1;1;0
12336;22;1;1;1;2;1;0;0;0;1;0;7.7425131797790527;13.838623046875;-12.893798828125;0.94482421875;-12.893798828125;0;0;1.28000009059906;0;1;0;1;0;0;0;1;0;0;1;0;0;0;1;0;1;1;0
12346;22;1;1;1;1;1;0;0;0;1;0;7.6253256797790527;13.856201171875;-12.893798828125;0.96240234375;-12.893798828125;0;0;1.28000009059906;1;1;1;1;0;0;0;1;0;0;1;0;0;1;1;0;1;1;0
12357;11;1;1;0;1;0;0;0;0;1;0;7.5455727577209473;13.856201171875;-12.893798828125;0.974365234375;-12.893798828125;0.011962890625;0;1.2866667509078979;1;1;1;1;0;0;1;1;0;0;1;0;0;1;1;1;1;1;0
12366;11;1;1;0;1;0;0;0;0;1;0;7.4283852577209473;13.856201171875;-12.893798828125;0.991943359375;-12.893798828125;0.029541015625;0;1.2833333015441895;1;1;1;1;0;0;1;1;0;0;1;0;0;1;1;1;1;1;0
12376;11;1;1;0;1;0;0;0;0;1;0;7.3502602577209473;13.856201171875;-12.893798828125;1.003662109375;-12.893798828125;0.041259765625;0;1.28000009059906;1;1;1;1;0;0;1;1;0;0;1;0;0;1;1;1;1;1;0
12386;11;1;1;0;1;0;0;0;0;1;0;7.2330727577209473;13.856201171875;-12.893798828125;1.021240234375;-12.893798828125;0.058837890625;0;1.2833333015441895;1;1;1;1;0;0;1;1;0;0;1;0;0;1;1;1;1;1;0
12396;11;1;1;0;1;0;0;0;0;1;0;7.1549477577209473;13.856201171875;-12.893798828125;1.032958984375;-12.893798828125;0.070556640625;0;1.28000009059906;1;1;1;1;0;0;1;1;0;0;1;0;0;1;1;1;1;1;0
12406;11;1;1;0;1;0;0;0;0;1;0;7.0377602577209473;13.856201171875;-12.893798828125;1.050537109375;-12.893798828125;0.088134765625;0;1.28000009059906;1;1;1;1;0;0;1;1;0;0;1;0;0;1;1;1;1;0;0
12416;11;1;1;0;1;0;0;0;0;1;0;6.9596352577209473;13.856201171875;-12.893798828125;1.062255859375;-12.893798828125;0.099853515625;0;1.2833333015441895;1;1;1;1;0;0;1;1;0;0;1;0;0;1;1;1;1;0;0
12426;11;1;1;0;1;0;0;0;0;1;0;6.8424477577209473;13.856201171875;-12.893798828125;1.079833984375;-12.893798828125;0.117431640625;0;1.28000009059906;1;1;1;1;0;0;1;1;0;0;1;0;0;1;1;1;1;0;0
12436;11;1;1;0;1;0;0;0;0;1;0;6.7643227577209473;13.856201171875;-12.893798828125;1.091552734375;-12.893798828125;0.129150390625;0;1.2766666412353516;1;1;1;1;0;0;1;1;0;0;1;0;0;1;1;1;1;0;0
12447;11;1;1;0;1;0;0;0;0;1;1;6.6471352577209473;13.936201095581055;-12.893798828125;1.109130859375;-12.893798828125;-0.9970703125;0;1.2766666412353516;1;1;1;1;0;0;1;1;0;0;1;0;0;1;1;1;1;0;0
12456;11;1;1;0;1;0;0;0;0;1;1;6.5690102577209473;14.016201019287109;-12.893798828125;1.120849609375;-12.893798828125;-0.9853515625;0;1.28000009059906;1;1;1;1;0;0;1;1;0;0;1;0;0;1;1;1;1;0;0
12466;11;1;1;0;1;0;0;0;0;1;1;6.4518227577209473;14.096200942993164;-12.893798828125;1.138427734375;-12.893798828125;-0.9677734375;0;1.2766666412353516;1;1;1;1;0;0;1;1;0;0;1;0;0;1;1;1;1;0;0
12477;11;1;1;0;1;0;0;0;0;1;1;6.3753256797790527;14.176200866699219;-12.893798828125;1.14990234375;-12.893798828125;-0.956298828125;0;1.2700001001358032;1;1;1;1;0;0;1;1;0;0;1;0;0;1;1;1;1;0;0
12486;11;1;1;0;1;0;0;0;0;1;1;6.259765625;14.256200790405273;-12.893798828125;1.167236328125;-12.893798828125;-0.93896484375;0;1.2666666507720947;1;1;1;1;0;0;1;1;0;0;1;0;0;1;1;1;1;0;0
12496;11;1;1;0;1;0;0;0;0;1;1;6.1832680702209473;14.336200714111328;-12.8935546875;1.178955078125;-12.8935546875;-0.927490234375;0;1.2766666412353516;1;1;1;1;0;0;1;1;0;0;1;0;0;1;1;1;1;0;0
12506;11;1;1;0;1;0;0;0;0;1;1;6.064453125;14.416200637817383;-12.893798828125;1.196533203125;-12.893798828125;-0.90966796875;0;1.2766666412353516;1;1;1;1;0;0;1;1;0;0;1;0;0;1;1;1;1;0;0
12516;11;1;1;0;1;0;0;0;0;1;1;5.9895834922790527;14.496200561523438;-12.8935546875;1.2080078125;-12.8935546875;-0.8984375;0.0033333334140479565;1.2700001001358032;1;1;1;1;0;0;1;1;0;0;1;0;0;1;1;1;1;0;0
12526;11;1;1;0;1;0;0;0;0;1;1;5.8740234375;14.576200485229492;-12.8935546875;1.225341796875;-12.8935546875;-0.881103515625;0.0033333334140479565;1.2566666603088379;1;1;1;1;0;0;1;1;0;0;1;0;0;1;1;1;1;0;0
12536;11;1;1;0;1;0;0;0;0;1;1;5.7991538047790527;14.656200408935547;-12.893310546875;1.23681640625;-12.893310546875;-0.869873046875;0.0066666668280959129;1.2599999904632568;1;1;1;1;0;0;1;1;0;0;1;0;0;1;1;1;1;0;0
12547;11;1;1;0;1;0;0;0;0;1;1;5.6803383827209473;14.736200332641602;-12.893310546875;1.254638671875;-12.893310546875;-0.85205078125;0.0066666668280959129;1.2733333110809326;1;1;1;1;0;0;1;1;0;0;1;0;0;1;1;1;1;0;0
12557;11;1;1;0;1;0;0;0;0;1;1;5.60546875;14.816200256347656;-12.89306640625;1.26611328125;-12.89306640625;-0.8408203125;0.013333333656191826;1.2700001001358032;1;1;1;1;0;0;1;1;0;0;1;0;0;1;1;1;1;0;0
12566;11;1;1;0;1;0;0;0;0;1;1;5.4931640625;14.896200180053711;-12.892578125;1.283447265625;-12.892578125;-0.823974609375;0.01666666753590107;1.2599999904632568;1;1;1;1;0;0;1;1;0;0;1;0;0;1;1;1;1;0;0
12577;11;1;1;0;1;0;0;0;0;1;1;5.419921875;14.976200103759766;-12.892333984375;1.294677734375;-12.892333984375;-0.81298828125;0.020000001415610313;1.2566666603088379;1;1;1;1;0;0;1;1;0;0;1;0;0;1;1;1;1;0;0
12586;11;1;1;0;1;0;0;0;0;1;1;5.3043618202209473;15;-12.89208984375;1.312255859375;-12.89208984375;-0.795654296875;0.023333333432674408;1.2599999904632568;1;1;1;1;0;0;1;1;0;0;1;0;0;1;1;1;1;0;0
12596;11;1;1;0;1;0;0;0;0;1;1;5.2311196327209473;15;-12.8916015625;1.32373046875;-12.8916015625;-0.78466796875;0.026666667312383652;1.2599999904632568;1;1;1;1;0;0;1;1;0;0;1;0;0;1;1;1;1;0;0
12606;11;1;1;0;1;0;0;0;0;1;1;5.15625;15;-12.891357421875;1.335205078125;-12.891357421875;-0.7734375;0.030000001192092896;1.2566666603088379;1;1;1;1;0;0;1;1;0;0;1;0;0;1;1;1;1;0;0
12616;11;1;1;0;1;0;0;0;0;1;1;5.0455727577209473;15;-12.890625;1.3525390625;-12.890625;-0.7568359375;0.036666668951511383;1.2566666603088379;1;1;1;1;0;0;1;1;0;0;1;0;0;1;1;1;1;0;0
12626;11;1;1;0;1;0;0;0;0;1;1;4.9348959922790527;15;-12.89013671875;1.36962890625;-12.89013671875;-0.740234375;0.036666668951511383;1.2566666603088379;1;1;1;1;0;0;1;1;0;0;1;0;0;1;1;1;1;0;0
12636;11;1;1;0;1;0;0;0;0;1;1;4.8616538047790527;15;-12.8896484375;1.381103515625;-12.8896484375;-0.729248046875;0.043333336710929871;1.25;1;1;1;1;0;0;1;1;0;0;1;0;0;1;1;1;1;0;0
12646;11;1;1;0;1;0;0;0;0;1;1;4.7509765625;15;-12.888916015625;1.3984375;-12.888916015625;-0.712646484375;0.046666666865348816;1.2566666603088379;1;1;1;1;0;0;1;1;0;0;1;0;0;1;1;1;1;0;0
12656;11;1;1;0;1;0;0;0;0;1;1;4.677734375;15;-12.888427734375;1.409912109375;-12.888427734375;-0.70166015625;0.046666666865348816;1.2599999904632568;1;1;1;1;0;0;1;1;0;0;1;0;0;1;1;1;1;0;0
12666;11;1;1;0;1;0;0;0;0;1;1;4.5686850547790527;15;-12.8876953125;1.427001953125;-12.8876953125;-0.685302734375;0.0533333346247673;1.25;1;1;1;1;0;0;1;1;0;0;1;0;0;1;1;1;1;0;0
12677;11;1;1;0;1;0;0;0;0;1;1;4.4970703125;15;-12.886962890625;1.4384765625;-12.886962890625;-0.674560546875;0.0533333346247673;1.2466666698455811;1;1;1;1;0;0;1;1;0;0;1;0;0;1;1;1;1;0;0
12686;11;1;1;0;1;0;0;0;0;1;1;4.384765625;15;-12.88623046875;1.4560546875;-12.88623046875;-0.65771484375;0.056666668504476547;1.2599999904632568;1;1;1;1;0;0;1;1;0;0;1;0;0;1;1;1;1;0;0
12696;11;1;1;0;1;0;0;0;0;1;1;4.3131508827209473;15;-12.885498046875;1.467529296875;-12.885498046875;-0.64697265625;0.063333332538604736;1.2599999904632568;1;1;1;1;0;0;1;1;0;0;1;0;0;1;1;1;1;0;0
12706;11;1;1;0;1;0;0;0;0;1;1;4.2057290077209473;15;-12.884521484375;1.484619140625;-12.884521484375;-0.630859375;0.063333332538604736;1.25;1;1;1;1;0;0;1;1;0;0;1;0;0;1;1;1;1;0;0
12716;11;1;1;0;1;0;0;0;0;1;1;4.1341147422790527;15;-12.884033203125;1.495849609375;-12.884033203125;-0.6201171875;0.066666670143604279;1.2433333396911621;1;1;1;1;0;0;1;1;0;0;1;0;0;1;1;1;1;0;0
12726;11;1;1;0;1;0;0;0;0;1;1;4.0266928672790527;15;-12.8828125;1.51318359375;-12.8828125;-0.60400390625;0.073333337903022766;1.25;1;1;1;1;0;0;1;1;0;0;1;0;0;1;1;1;1;0;0
12736;11;1;1;0;1;0;0;0;0;1;1;3.955078125;15;-12.882080078125;1.524658203125;-12.882080078125;-0.59326171875;0.073333337903022766;1.25;1;1;1;1;0;0;1;1;0;0;1;0;0;1;1;1;1;0;0
12746;11;1;1;0;1;0;0;0;0;1;1;3.8492839336395264;15;-12.881103515625;1.54150390625;-12.881103515625;-0.577392578125;0.076666668057441711;1.2466666698455811;1;1;1;1;0;0;1;1;0;0;1;0;0;1;1;1;1;0;0
12756;11;1;1;0;1;0;0;0;0;1;1;3.779296875;15;-12.880126953125;1.552978515625;-12.880126953125;-0.56689453125;0.080000005662441254;1.2433333396911621;1;1;1;1;0;0;1;1;0;0;1;0;0;1;1;1;1;0;0
12766;11;1;1;0;1;0;0;0;0;1;1;3.7076823711395264;15;-12.87939453125;1.564453125;-12.87939453125;-0.55615234375;0.080000005662441254;1.2466666698455811;1;1;1;1;0;0;1;1;0;0;1;0;0;1;1;1;1;0;0
12776;11;1;1;0;1;0;0;0;0;1;1;3.6018879413604736;15;-12.878173828125;1.58154296875;-12.878173828125;-0.540283203125;0.0833333358168602;1.2433333396911621;1;1;1;1;0;0;1;1;0;0;1;0;0;1;1;1;1;0;0
12786;11;1;1;0;1;0;0;0;0;1;1;3.5319011211395264;15;-12.87744140625;1.5927734375;-12.87744140625;-0.52978515625;0.086666673421859741;1.2400000095367432;1;1;1;1;0;0;1;1;0;0;1;0;0;1;1;1;1;0;0
12798;11;1;1;0;1;0;0;0;0;1;1;3.427734375;15;-12.8759765625;1.60986328125;-12.8759765625;-0.51416015625;0.090000003576278687;1.2433333396911621;1;1;1;1;0;0;1;1;0;0;1;0;0;1;1;1;1;0;0
12806;11;1;1;0;1;0;0;0;0;1;1;3.3235676288604736;15;-12.87451171875;1.626953125;-12.87451171875;-0.49853515625;0.093333333730697632;1.2400000095367432;1;1;1;1;0;0;1;1;0;0;1;0;0;1;1;1;1;0;0
12816;11;1;1;0;1;0;0;0;0;1;1;3.251953125;15;-12.873779296875;1.638427734375;-12.873779296875;-0.48779296875;0.096666671335697174;1.2400000095367432;1;1;1;1;0;0;1;1;0;0;1;0;0;1;1;1;1;0;0
12826;11;1;1;0;1;0;0;0;0;1;1;3.18359375;15;-12.872802734375;1.649658203125;-12.872802734375;-0.4775390625;0.10000000149011612;1.2366667985916138;1;1;1;1;0;0;1;1;0;0;1;0;0;1;1;1;1;0;0
12836;11;1;1;0;1;0;0;0;0;1;1;3.0794270038604736;15;-12.871337890625;1.666748046875;-12.871337890625;-0.4619140625;0.10333333909511566;1.2400000095367432;1;1;1;1;0;0;1;1;0;0;1;0;0;1;1;1;1;0;0
12846;11;1;1;0;1;0;0;0;0;1;1;2.978515625;15;-12.86962890625;1.68359375;-12.86962890625;-0.44677734375;0.10666666924953461;1.2366667985916138;1;1;1;1;0;0;1;1;0;0;1;0;0;1;1;1;1;0;0
12856;11;1;1;0;1;0;0;0;0;1;1;2.9085285663604736;15;-12.86865234375;1.695068359375;-12.86865234375;-0.436279296875;0.10666666924953461;1.2366667985916138;1;1;1;1;0;0;1;1;0;0;1;0;0;1;1;1;1;0;0
12866;11;1;1;0;1;0;0;0;0;1;1;2.8059895038604736;15;-12.866943359375;1.712158203125;-12.866943359375;-0.4208984375;0.11333333700895309;1.2366667985916138;1;1;1;1;0;0;1;1;0;0;1;0;0;1;1;1;1;0;0
12876;11;1;1;0;1;0;0;0;0;1;1;2.7376301288604736;15;-12.865966796875;1.723388671875;-12.865966796875;-0.41064453125;0.11666666716337204;1.2366667985916138;1;1;1;1;0;0;1;1;0;0;1;0;0;1;1;1;1;0;0
12886;11;1;1;0;1;0;0;0;0;1;1;2.6708984375;15;-12.86474609375;1.734619140625;-12.86474609375;-0.400634765625;0.11666666716337204;1.2333333492279053;1;1;1;1;0;0;1;1;0;0;1;0;0;1;1;1;1;0;0
12896;11;1;1;0;1;0;0;0;0;1;1;2.568359375;15;-12.863037109375;1.751708984375;-12.863037109375;-0.38525390625;0.12000000476837158;1.2333333492279053;1;1;1;1;0;0;1;1;0;0;1;0;0;1;1;1;1;0;0
12906;11;1;1;0;1;0;0;0;0;1;1;2.5016276836395264;15;-12.86181640625;1.762939453125;-12.86181640625;-0.375244140625;0.12333333492279053;1.2333333492279053;1;1;1;1;0;0;1;1;0;0;1;0;0;1;1;1;1;0;0
12916;11;1;1;0;1;0;0;0;0;1;1;2.40234375;15;-12.85986328125;1.77978515625;-12.85986328125;-0.3603515625;0.12666666507720947;1.2333333492279053;1;1;1;1;0;0;1;1;0;0;1;0;0;1;1;1;1;0;0
12926;11;1;1;0;1;0;0;0;0;1;1;2.3356120586395264;15;-12.858642578125;1.791015625;-12.858642578125;-0.350341796875;0.13000001013278961;1.2300000190734863;1;1;1;1;0;0;1;1;0;0;1;0;0;1;1;1;1;0;0
12936;11;1;1;0;1;0;0;0;0;1;1;2.2330729961395264;15;-12.85693359375;1.80810546875;-12.85693359375;-0.3349609375;0.13333334028720856;1.2300000190734863;1;1;1;1;0;0;1;1;0;0;1;0;0;1;1;1;1;0;0
12946;11;1;1;0;1;0;0;0;0;1;1;2.16796875;15;-12.85546875;1.8193359375;-12.85546875;-0.3251953125;0.13333334028720856;1.2300000190734863;1;1;1;1;0;0;1;1;0;0;1;0;0;1;1;1;1;0;0
12956;11;1;1;0;1;0;0;0;0;1;1;2.0686848163604736;15;-12.853515625;1.836181640625;-12.853515625;-0.310302734375;0.14000001549720764;1.2300000190734863;1;1;1;1;0;0;1;1;0;0;1;0;0;1;1;1;1;0;0
12966;11;1;1;0;1;0;0;0;0;1;1;2.001953125;15;-12.852294921875;1.847412109375;-12.852294921875;-0.30029296875;0.14000001549720764;1.2266666889190674;1;1;1;1;0;0;1;1;0;0;1;0;0;1;1;1;1;0;0
12977;11;1;1;0;1;0;0;0;0;1;1;1.904296875;15;-12.85009765625;1.8642578125;-12.85009765625;-0.28564453125;0.14333334565162659;1.2266666889190674;1;1;1;1;0;0;1;1;0;0;1;0;0;1;1;1;1;0;0
12986;11;1;1;0;1;0;0;0;0;1;1;1.8375650644302368;15;-12.848876953125;1.87548828125;-12.848876953125;-0.275634765625;0.14666667580604553;1.2300000190734863;1;1;1;1;0;0;1;1;0;0;1;0;0;1;1;1;1;0;0
12996;11;1;1;0;1;0;0;0;0;1;1;1.7399088144302368;15;-12.8466796875;1.892333984375;-12.8466796875;-0.260986328125;0.14666667580604553;1.2266666889190674;1;1;1;1;0;0;1;1;0;0;1;0;0;1;1;1;1;0;0
13007;11;1;1;0;1;0;0;0;0;1;1;1.6748046875;15;-12.84521484375;1.903564453125;-12.84521484375;-0.251220703125;0.15000000596046448;1.2233333587646484;1;1;1;1;0;0;1;1;0;0;1;0;0;1;1;1;1;0;0
13016;11;1;1;0;1;0;0;0;0;1;1;1.5755208730697632;15;-12.84326171875;1.92041015625;-12.84326171875;-0.236328125;0.15333333611488342;1.2266666889190674;1;1;1;1;0;0;1;1;0;0;1;0;0;1;1;1;1;0;0
13026;11;1;1;0;1;0;0;0;0;1;1;1.5104166269302368;15;-12.841796875;1.931640625;-12.841796875;-0.2265625;0.15333333611488342;1.2233333587646484;1;1;1;1;0;0;1;1;0;0;1;0;0;1;1;1;1;0;0
13036;11;1;1;0;1;0;0;0;0;1;1;1.4127603769302368;15;-12.839599609375;1.948486328125;-12.839599609375;-0.2119140625;0.15666668117046356;1.2233333587646484;1;1;1;1;0;0;1;1;0;0;1;0;0;1;1;1;1;0;0
13046;11;1;1;0;1;0;0;0;0;1;1;1.34765625;15;-12.838134765625;1.959716796875;-12.838134765625;-0.2021484375;0.15666668117046356;1.2233333587646484;1;1;1;1;0;0;1;1;0;0;1;0;0;1;1;1;1;0;0
13056;11;1;1;0;1;0;0;0;0;1;1;1.2532552480697632;15;-12.835693359375;1.976318359375;-12.835693359375;-0.18798828125;0.16000001132488251;1.2200000286102295;1;1;1;1;0;0;1;1;0;0;1;0;0;1;1;1;1;0;0
13066;11;1;1;0;1;0;0;0;0;1;1;1.1881510019302368;15;-12.834228515625;1.987548828125;-12.834228515625;-0.17822265625;0.16000001132488251;1.2200000286102295;1;1;1;1;0;0;1;1;0;0;1;0;0;1;1;1;1;0;0
13076;11;1;1;0;1;0;0;0;0;1;1;1.0921224355697632;15;-12.831787109375;2.00439453125;-12.831787109375;-0.163818359375;0.16333334147930145;1.2233333587646484;1;1;1;1;0;0;1;1;0;0;1;0;0;1;1;1;1;0;0
13086;11;1;1;0;1;0;0;0;0;1;1;1.0286458730697632;15;-12.830322265625;2.015380859375;-12.830322265625;-0.154296875;0.1666666716337204;1.2200000286102295;1;1;1;1;0;0;1;1;0;0;1;0;0;1;1;1;1;0;0
13096;11;1;1;0;1;0;0;0;0;1;1;0.93424481153488159;15;-12.827880859375;2.031982421875;-12.827880859375;-0.14013671875;0.17000000178813934;1.2133333683013916;1;1;1;1;0;0;1;1;0;0;1;0;0;1;1;1;1;0;0
13106;11;1;1;0;1;0;0;0;0;1;1;0.869140625;15;-12.826416015625;2.043212890625;-12.826416015625;-0.13037109375;0.17000000178813934;1.2166666984558105;1;1;1;1;0;0;1;1;0;0;1;0;0;1;1;1;1;0;0
13116;11;1;1;0;1;0;0;0;0;1;1;0.7763671875;15;-12.82373046875;2.059814453125;-12.82373046875;-0.116455078125;0.17333334684371948;1.2133333683013916;1;1;1;1;0;0;1;1;0;0;1;0;0;1;1;1;1;0;0
13126;11;1;1;0;1;0;0;0;0;1;1;0.71451824903488159;15;-12.822021484375;2.07080078125;-12.822021484375;-0.107177734375;0.18000000715255737;1.2099999189376831;1;1;1;1;0;0;1;1;0;0;1;0;0;1;1;1;1;0;0
13136;11;1;1;0;1;0;0;0;0;1;1;0.6201171875;15;-12.819580078125;2.08740234375;-12.819580078125;-0.093017578125;0.18000000715255737;1.2066667079925537;1;1;1;1;0;0;1;1;0;0;1;0;0;1;1;1;1;0;0
13146;11;1;1;0;1;0;0;0;0;1;1;0.55826824903488159;15;-12.81787109375;2.098388671875;-12.81787109375;-0.083740234375;0.18333333730697632;1.2000000476837158;2;2;1;1;0;0;1;1;0;0;1;0;0;1;1;1;1;0;0
13156;11;1;1;0;2;0;0;0;0;1;1;0.46875;15;-12.81494140625;2.11474609375;-12.81494140625;-0.0703125;0.1900000125169754;1.2000000476837158;2;2;1;1;0;0;1;1;0;0;1;0;0;1;1;1;1;0;0
13166;11;1;1;0;2;0;0;0;0;1;1;0.4069010317325592;15;-12.813232421875;2.125732421875;-12.813232421875;-0.06103515625;0.19333334267139435;1.1966667175292969;2;2;1;1;0;0;1;1;0;0;1;0;0;1;1;1;1;0;0
13176;11;1;1;0;2;0;0;0;0;1;1;0.3190104067325592;15;-12.810302734375;2.141845703125;-12.810302734375;-0.0478515625;0.20333333313465118;1.18666672706604;2;2;1;1;0;0;1;1;0;0;1;0;0;1;1;1;1;0;0
13186;11;1;1;0;2;0;0;0;0;1;1;0.2620442807674408;15;-12.808349609375;2.15234375;-12.808349609375;-0.039306640625;0.20666667819023132;1.1766666173934937;2;2;1;1;0;0;1;1;0;0;1;0;0;1;1;1;1;0;0
13196;11;1;1;0;2;0;0;0;0;1;1;0.17578125;15;-12.80517578125;2.16845703125;-12.80517578125;-0.0263671875;0.21333333849906921;1.1700000762939453;2;2;1;1;0;0;1;1;0;0;1;0;0;1;1;1;1;0;0
13206;11;1;1;0;2;0;0;0;0;1;1;0.1188151016831398;15;-12.80322265625;2.178955078125;-12.80322265625;-0.017822265625;0.2199999988079071;1.1633334159851074;2;2;1;1;0;0;1;1;0;0;1;0;0;1;1;1;1;0;0
13216;11;1;1;0;2;0;0;0;0;1;1;0.0358072929084301;15;-12.7998046875;2.19482421875;-12.7998046875;-0.00537109375;0.23000000417232513;1.1533334255218506;2;2;1;1;0;0;1;1;0;0;1;0;0;1;1;1;1;0;0
13226;11;1;1;0;2;0;0;0;0;1;1;-0.01627604104578495;15;-12.797607421875;2.204833984375;-12.795166015625;0.00244140625;0.23333333432674408;1.1399999856948853;2;2;1;1;0;0;1;1;0;0;1;0;0;1;1;1;1;0;0
13236;11;1;1;0;2;0;0;0;0;1;1;-0.0960286483168602;15;-12.794189453125;2.22021484375;-12.77978515625;0.014404296875;0.24333333969116211;1.1299999952316284;2;2;1;1;0;0;1;1;0;0;1;0;0;1;1;1;1;0;0
13246;11;1;1;0;2;0;0;0;0;1;1;-0.146484375;15;-12.791748046875;2.230224609375;-12.769775390625;0.02197265625;0.25;1.1166666746139526;2;2;1;1;0;0;1;1;0;0;1;0;0;1;1;1;1;0;0
13256;11;1;1;0;2;0;0;0;0;1;1;-0.2197265625;15;-12.787841796875;2.2451171875;-12.7548828125;0.032958984375;0.26000002026557922;1.1000000238418579;2;2;1;1;0;0;1;1;0;0;1;0;0;1;1;1;1;0;0
13266;11;1;1;0;2;0;0;0;0;1;1;-0.2685546875;15;-12.785400390625;2.2548828125;-12.7451171875;0.040283203125;0.26666668057441711;1.0833333730697632;2;2;1;1;0;0;1;1;0;0;1;0;0;1;1;1;1;0;0
13276;11;1;1;0;2;0;0;0;0;1;1;-0.3385416567325592;15;-12.781494140625;2.269287109375;-12.730712890625;0.05078125;0.27666667103767395;1.0700000524520874;2;2;1;1;0;0;1;1;0;0;1;0;0;1;1;1;1;0;0
13286;11;1;1;0;2;0;0;0;0;1;1;-0.3824869692325592;15;-12.77880859375;2.278564453125;-12.721435546875;0.057373046875;0.28333333134651184;1.0533334016799927;2;2;1;1;0;0;1;1;0;0;1;0;0;1;1;1;1;0;0
13296;11;1;1;0;2;0;0;0;0;1;1;-0.4475911557674408;15;-12.7744140625;2.292724609375;-12.707275390625;0.067138671875;0.29333335161209106;1.0400000810623169;2;2;1;1;0;0;1;1;0;0;1;0;0;1;1;1;1;0;0
13306;11;1;1;0;2;0;0;0;0;1;1;-0.48828125;15;-12.771484375;2.3017578125;-12.6982421875;0.0732421875;0.30000001192092896;1.0199999809265137;2;2;1;1;0;0;1;1;0;0;1;0;0;1;1;1;1;0;0
13316;11;1;1;0;2;0;0;0;0;1;1;-0.54850262403488159;15;-12.76708984375;2.315185546875;-12.684814453125;0.082275390625;0.31333336234092712;1;2;2;1;1;0;0;1;1;0;0;1;0;0;1;1;1;1;0;0
13326;11;1;1;0;2;0;0;0;0;1;1;-0.5859375;15;-12.763916015625;2.323974609375;-12.676025390625;0.087890625;0.320000022649765;0.98666667938232422;2;2;1;1;0;0;1;1;0;0;1;0;0;1;1;1;1;0;0
13337;11;1;1;0;2;0;0;0;0;1;1;-0.64127606153488159;15;-12.75927734375;2.3369140625;-12.6630859375;0.09619140625;0.3333333432674408;0.96333330869674683;2;2;1;1;0;0;1;1;0;0;1;0;0;1;1;1;1;0;0
13346;11;1;1;0;2;0;0;0;0;1;1;-0.67545574903488159;15;-12.755859375;2.345458984375;-12.654541015625;0.101318359375;0.34000000357627869;0.95333331823349;2;2;1;1;0;0;1;1;0;0;1;0;0;1;1;1;1;0;0
13356;11;1;1;0;2;0;0;0;0;1;1;-0.72428387403488159;15;-12.7509765625;2.357666015625;-12.642333984375;0.108642578125;0.34999999403953552;0.92333334684371948;2;2;1;1;0;0;1;1;0;0;1;0;0;1;1;1;1;0;0
13366;11;1;1;0;2;0;0;0;0;1;1;-0.7568359375;15;-12.74755859375;2.365966796875;-12.634033203125;0.113525390625;0.35666665434837341;0.92000001668930054;2;2;1;1;0;0;1;1;0;0;1;0;0;1;1;1;1;0;0
13376;11;1;1;0;2;0;0;0;0;1;1;-0.79915362596511841;15;-12.7421875;2.377685546875;-12.622314453125;0.119873046875;0.36666667461395264;0.88666665554046631;2;2;1;1;0;0;1;1;0;0;1;0;0;1;1;1;1;0;0
13386;11;1;1;0;2;0;0;0;0;1;1;-0.830078125;15;-12.73876953125;2.3857421875;-12.6142578125;0.12451171875;0.37666666507720947;0.88333332538604736;2;2;1;1;0;0;1;1;0;0;1;0;0;1;1;1;1;0;0
13396;11;1;1;0;2;0;0;0;0;1;1;-0.869140625;15;-12.733154296875;2.397216796875;-12.602783203125;0.13037109375;0.3866666853427887;0.86000001430511475;2;2;1;1;0;0;1;1;0;0;1;0;0;1;1;1;1;0;0
13407;11;1;1;0;2;0;0;0;0;1;1;-0.8935546875;15;-12.729248046875;2.40478515625;-12.59521484375;0.134033203125;0.39666667580604553;0.84666663408279419;2;2;1;1;0;0;1;1;0;0;1;0;0;1;1;1;1;0;0
13416;11;1;1;0;2;0;0;0;0;1;1;-0.93098956346511841;15;-12.7236328125;2.416015625;-12.583984375;0.1396484375;0.40333333611488342;0.83333331346511841;2;2;1;1;0;0;1;1;0;0;1;0;0;1;1;1;1;0;0
13426;11;1;1;0;2;0;0;0;0;1;1;-0.95377606153488159;15;-12.7197265625;2.42333984375;-12.57666015625;0.14306640625;0.40999999642372131;0.81666666269302368;2;2;1;1;0;0;1;1;0;0;1;0;0;1;1;1;1;0;0
13436;11;1;1;0;2;0;0;0;0;1;1;-0.986328125;15;-12.713623046875;2.434326171875;-12.565673828125;0.14794921875;0.42333331704139709;0.81000006198883057;2;2;1;1;0;0;1;1;0;0;1;0;0;1;1;1;1;0;0
13446;11;1;1;0;2;0;0;0;0;1;1;-1.0074869394302368;15;-12.709716796875;2.44140625;-12.55859375;0.151123046875;0.43000000715255737;0.800000011920929;2;2;1;1;0;0;1;1;0;0;1;0;0;1;1;1;1;0;0
13456;11;1;1;0;2;0;0;0;0;1;1;-1.03515625;15;-12.703369140625;2.451904296875;-12.548095703125;0.1552734375;0.43999999761581421;0.78333336114883423;2;2;1;1;0;0;1;1;0;0;1;0;0;1;1;1;1;0;0
13466;11;1;1;0;2;0;0;0;0;1;1;-1.0546875;15;-12.69921875;2.458984375;-12.541015625;0.158203125;0.44999998807907104;0.77999997138977051;2;2;1;1;0;0;1;1;0;0;1;0;0;1;1;1;1;0;0
13476;11;1;1;0;2;0;0;0;0;1;1;-1.0807291269302368;15;-12.692626953125;2.469482421875;-12.530517578125;0.162109375;0.45666664838790894;0.77333337068557739;2;2;1;1;0;0;1;1;0;0;1;0;0;1;1;1;1;0;0
13486;11;1;1;0;2;0;0;0;0;1;1;-1.0986328125;15;-12.688232421875;2.4765625;-12.5234375;0.164794921875;0.46333333849906921;0.76666665077209473;2;2;1;1;0;0;1;1;0;0;1;0;0;1;1;1;1;0;0
13496;11;1;1;0;2;0;0;0;0;1;1;-1.123046875;15;-12.681640625;2.48681640625;-12.51318359375;0.16845703125;0.47333332896232605;0.75666671991348267;2;2;1;1;0;0;1;1;0;0;1;0;0;1;1;1;1;0;0
13507;11;1;1;0;2;0;0;0;0;1;1;-1.1376953125;15;-12.677001953125;2.49365234375;-12.50634765625;0.170654296875;0.48000001907348633;0.75666671991348267;2;2;1;1;0;0;1;1;0;0;1;0;0;1;1;1;1;0;0
13516;11;1;1;0;2;0;0;0;0;1;1;-1.1604818105697632;15;-12.670166015625;2.50390625;-12.49609375;0.174072265625;0.48999997973442078;0.75;2;2;1;1;0;0;1;1;0;0;1;0;0;1;1;1;1;0;0
13526;11;1;1;0;2;0;0;0;0;1;1;-1.1751302480697632;15;-12.66552734375;2.5107421875;-12.4892578125;0.17626953125;0.49666669964790344;0.75;2;2;1;1;0;0;1;1;0;0;1;0;0;1;1;1;1;0;0
13536;11;1;1;0;2;0;0;0;0;1;1;-1.1962890625;15;-12.658447265625;2.52099609375;-12.47900390625;0.179443359375;0.50666666030883789;0.75;2;2;1;1;0;0;1;1;0;0;1;0;0;1;1;1;1;0;0
13546;11;1;1;0;2;0;0;0;0;1;1;-1.2093099355697632;15;-12.653564453125;2.52783203125;-12.47216796875;0.181396484375;0.51333338022232056;0.746666669845581;2;2;1;1;0;0;1;1;0;0;1;0;0;1;1;1;1;0;0
13556;11;1;1;0;2;0;0;0;0;1;1;-1.2288411855697632;15;-12.646240234375;2.5380859375;-12.4619140625;0.184326171875;0.52333331108093262;0.746666669845581;2;2;1;1;0;0;1;1;0;0;1;0;0;1;1;1;1;0;0
13566;11;1;1;0;2;0;0;0;0;1;1;-1.2418619394302368;15;-12.641357421875;2.544921875;-12.455078125;0.186279296875;0.52666670083999634;0.746666669845581;2;2;1;1;0;0;1;1;0;0;1;0;0;1;1;1;1;0;0
13576;11;1;1;0;2;0;0;0;0;1;1;-1.259765625;15;-12.6337890625;2.55517578125;-12.44482421875;0.18896484375;0.53666669130325317;0.746666669845581;2;2;1;1;0;0;1;1;0;0;1;0;0;1;1;1;1;0;0
13586;11;1;1;0;2;0;0;0;0;1;1;-1.2727864980697632;15;-12.628662109375;2.562255859375;-12.437744140625;0.19091796875;0.54333335161209106;0.75;2;2;1;1;0;0;1;1;0;0;1;0;0;1;1;1;1;0;0
13596;11;1;1;0;2;0;0;0;0;1;1;-1.2890625;15;-12.620849609375;2.572509765625;-12.427490234375;0.193359375;0.5533333420753479;0.75;2;2;1;1;0;0;1;1;0;0;1;0;0;1;1;1;1;0;0
13607;11;1;1;0;2;0;0;0;0;1;1;-1.3069661855697632;15;-12.613037109375;2.5830078125;-12.4169921875;0.196044921875;0.56333333253860474;0.753333330154419;2;2;1;1;0;0;1;1;0;0;1;0;0;1;1;1;1;0;0
13616;11;1;1;0;2;0;0;0;0;1;1;-1.318359375;15;-12.607666015625;2.590087890625;-12.409912109375;0.19775390625;0.56999999284744263;0.76000005006790161;2;2;1;1;0;0;1;1;0;0;1;0;0;1;1;1;1;0;0
13626;11;1;1;0;2;0;0;0;0;1;1;-1.328125;15;-12.60205078125;2.59716796875;-12.40283203125;0.19921875;0.58333331346511841;0.76666665077209473;2;2;1;1;0;0;1;1;0;0;1;0;0;1;1;1;1;0;0
13637;11;1;1;0;2;0;0;0;0;1;1;-1.3444010019302368;15;-12.59375;2.60791015625;-12.39208984375;0.20166015625;0.59666663408279419;0.77000004053115845;2;2;1;1;0;0;1;1;0;0;1;0;0;1;1;1;1;0;0
13646;11;1;1;0;2;0;0;0;0;1;1;-1.3525390625;15;-12.587890625;2.614990234375;-12.385009765625;0.202880859375;0.61000001430511475;0.77666670083999634;2;2;1;1;0;0;1;1;0;0;1;0;0;1;1;1;1;0;0
13656;11;1;1;0;2;0;0;0;0;1;1;-1.3688150644302368;15;-12.5791015625;2.626220703125;-12.373779296875;0.205322265625;0.62000000476837158;0.79000002145767212;2;2;1;1;0;0;1;1;0;0;1;0;0;1;1;1;1;0;0
13667;11;1;1;0;2;0;0;0;0;1;1;-1.3785806894302368;15;-12.5732421875;2.633544921875;-12.366455078125;0.206787109375;0.62999999523162842;0.79333335161209106;2;2;1;1;0;0;1;1;0;0;1;0;0;1;1;1;1;0;0
13676;11;1;1;0;2;0;0;0;0;1;1;-1.3916015625;15;-12.56396484375;2.644775390625;-12.355224609375;0.208740234375;0.64999997615814209;0.8033333420753479;2;2;1;1;0;0;1;1;0;0;1;0;0;1;1;1;1;0;0
13686;11;1;1;0;2;0;0;0;0;1;1;-1.3981119394302368;15;-12.5576171875;2.652099609375;-12.347900390625;0.209716796875;0.65666669607162476;0.81000006198883057;2;2;1;1;0;0;1;1;0;0;1;0;0;1;1;1;1;0;0
13696;11;1;1;0;2;0;0;0;0;1;1;-1.4127603769302368;15;-12.54833984375;2.66357421875;-12.33642578125;0.2119140625;0.67000001668930054;0.81666666269302368;2;2;1;1;0;0;1;1;0;0;1;0;0;1;1;1;1;0;0
13706;11;1;1;0;2;0;0;0;0;1;1;-1.4208984375;15;-12.541748046875;2.67138671875;-12.32861328125;0.213134765625;0.68333333730697632;0.82666671276092529;2;2;1;1;0;0;1;1;0;0;1;0;0;1;1;1;1;0;0
13716;11;1;1;0;2;0;0;0;0;1;1;-1.4322916269302368;15;-12.531982421875;2.682861328125;-12.317138671875;0.21484375;0.699999988079071;0.83333331346511841;2;2;1;1;0;0;1;1;0;0;1;0;0;1;1;1;1;0;0
13726;11;1;1;0;2;0;0;0;0;1;1;-1.4404296875;15;-12.525390625;2.690673828125;-12.309326171875;0.216064453125;0.70666670799255371;0.83666670322418213;2;2;1;1;0;0;1;1;0;0;1;0;0;1;1;1;1;0;0
13737;11;1;1;0;2;0;0;0;0;1;1;-1.4501953125;15;-12.51513671875;2.702392578125;-12.297607421875;0.217529296875;0.72000002861022949;0.84666663408279419;2;2;1;1;0;0;1;1;0;0;1;0;0;1;1;1;1;0;0
13746;11;1;1;0;2;0;0;0;0;1;1;-1.4567056894302368;15;-12.50830078125;2.710205078125;-12.289794921875;0.218505859375;0.72999995946884155;0.85000002384185791;2;2;1;1;0;0;1;1;0;0;1;0;0;1;1;1;1;0;0
13756;11;1;1;0;2;0;0;0;0;1;1;-1.4664713144302368;15;-12.497802734375;2.72216796875;-12.27783203125;0.219970703125;0.74333339929580688;0.86000001430511475;2;2;1;1;0;0;1;1;0;0;1;0;0;1;1;1;1;0;0
13766;11;1;1;0;2;0;0;0;0;1;1;-1.4729818105697632;15;-12.49072265625;2.730224609375;-12.269775390625;0.220947265625;0.753333330154419;0.86333334445953369;2;2;1;1;0;0;1;1;0;0;1;0;0;1;1;1;1;0;0
13776;11;1;1;0;2;0;0;0;0;1;1;-1.4811197519302368;15;-12.47998046875;2.7421875;-12.2578125;0.22216796875;0.76666665077209473;0.86666667461395264;2;2;1;1;0;0;1;1;0;0;1;0;0;1;1;1;1;0;0
13786;11;1;1;0;2;0;0;0;0;1;1;-1.4876302480697632;15;-12.472900390625;2.750244140625;-12.249755859375;0.22314453125;0.77333337068557739;0.87333333492279053;2;2;1;1;0;0;1;1;0;0;1;0;0;1;1;1;1;0;0
13796;11;1;1;0;2;0;0;0;0;1;1;-1.494140625;15;-12.461669921875;2.762451171875;-12.237548828125;0.22412109375;0.78666669130325317;0.87333333492279053;2;2;1;1;0;0;1;1;0;0;1;0;0;1;1;1;1;0;0
13806;11;1;1;0;2;0;0;0;0;1;1;-1.4990234375;15;-12.454345703125;2.7705078125;-12.2294921875;0.224853515625;0.79666668176651;0.87999999523162842;2;2;1;1;0;0;1;1;0;0;1;0;0;1;1;1;1;0;0
13816;11;1;1;0;2;0;0;0;0;1;1;-1.5055338144302368;15;-12.443115234375;2.78271484375;-12.21728515625;0.225830078125;0.80666667222976685;0.88333332538604736;2;2;1;1;0;0;1;1;0;0;1;0;0;1;1;1;1;0;0
13826;11;1;1;0;2;0;0;0;0;1;1;-1.5071614980697632;15;-12.435302734375;2.790771484375;-12.209228515625;0.22607421875;0.81666666269302368;0.88333332538604736;2;2;1;1;0;0;1;1;0;0;1;0;0;1;1;1;1;0;0
13836;11;1;1;0;2;0;0;0;0;1;1;-1.513671875;15;-12.423828125;2.80322265625;-12.19677734375;0.22705078125;0.82666671276092529;0.89000004529953;2;2;1;1;0;0;1;1;0;0;1;0;0;1;1;1;1;0;0
13846;11;1;1;0;2;0;0;0;0;1;1;-1.5152994394302368;15;-12.416015625;2.811279296875;-12.188720703125;0.227294921875;0.83333331346511841;0.88666665554046631;2;2;1;1;0;0;1;1;0;0;1;0;0;1;1;1;1;0;0
13856;11;1;1;0;2;0;0;0;0;1;1;-1.5185546875;15;-12.404296875;2.823486328125;-12.176513671875;0.227783203125;0.84666663408279419;0.89000004529953;2;2;1;1;0;0;1;1;0;0;1;0;0;1;1;1;1;0;0
13866;11;1;1;0;2;0;0;0;0;1;1;-1.5201822519302368;15;-12.396240234375;2.831787109375;-12.168212890625;0.22802734375;0.85333335399627686;0.88666665554046631;2;2;1;1;0;0;1;1;0;0;1;0;0;1;1;1;1;0;0
13876;11;1;1;0;2;0;0;0;0;1;1;-1.5201822519302368;15;-12.38427734375;2.84375;-12.15625;0.22802734375;0.86333334445953369;0.88666665554046631;2;2;1;1;0;0;1;1;0;0;1;0;0;1;1;1;1;0;0
13886;11;1;1;0;2;0;0;0;0;1;1;-1.5201822519302368;15;-12.3759765625;2.85205078125;-12.14794921875;0.22802734375;0.87000000476837158;0.89000004529953;2;2;1;1;0;0;1;1;0;0;1;0;0;1;1;1;1;0;0
13896;11;1;1;0;2;0;0;0;0;1;1;-1.5185546875;15;-12.36376953125;2.864013671875;-12.135986328125;0.227783203125;0.88333332538604736;0.88333332538604736;2;2;1;1;0;0;1;1;0;0;1;0;0;1;1;1;1;0;0
13906;11;1;1;0;2;0;0;0;0;1;1;-1.5185546875;15;-12.35546875;2.872314453125;-12.127685546875;0.227783203125;0.89000004529953;0.88666665554046631;2;2;1;1;0;0;1;1;0;0;1;0;0;1;1;1;1;0;0
13916;11;1;1;0;2;0;0;0;0;1;1;-1.5152994394302368;15;-12.343017578125;2.88427734375;-12.11572265625;0.227294921875;0.89999997615814209;0.87666672468185425;2;2;1;1;0;0;1;1;0;0;1;0;0;1;1;1;1;0;0
13926;11;1;1;0;2;0;0;0;0;1;1;-1.5104166269302368;15;-12.33447265625;2.89208984375;-12.10791015625;0.2265625;0.90666669607162476;0.87333333492279053;2;2;1;1;0;0;1;1;0;0;1;0;0;1;1;1;1;0;0
13937;11;1;1;0;2;0;0;0;0;1;1;-1.5071614980697632;15;-12.32177734375;2.904296875;-12.095703125;0.22607421875;0.91666668653488159;0.87333333492279053;2;2;1;1;0;0;1;1;0;0;1;0;0;1;1;1;1;0;0
13946;11;1;1;0;2;0;0;0;0;1;1;-1.5022786855697632;15;-12.313232421875;2.912109375;-12.087890625;0.225341796875;0.92333334684371948;0.86666667461395264;2;2;1;1;0;0;1;1;0;0;1;0;0;1;1;1;1;0;0
13956;11;1;1;0;2;0;0;0;0;1;1;-1.494140625;15;-12.30029296875;2.923828125;-12.076171875;0.22412109375;0.93000000715255737;0.86333334445953369;2;2;1;1;0;0;1;1;0;0;1;0;0;1;1;1;1;0;0
13967;11;1;1;0;2;0;0;0;0;1;1;-1.4876302480697632;15;-12.29150390625;2.931640625;-12.068359375;0.22314453125;0.93666666746139526;0.8566666841506958;2;2;1;1;0;0;1;1;0;0;1;0;0;1;1;1;1;0;0
13976;11;1;1;0;2;0;0;0;0;1;1;-1.4762369394302368;15;-12.2783203125;2.943115234375;-12.056884765625;0.221435546875;0.9466666579246521;0.84666663408279419;2;2;1;1;0;0;1;1;0;0;1;0;0;1;1;1;1;0;0
13986;11;1;1;0;2;0;0;0;0;1;1;-1.4697265625;15;-12.26953125;2.950927734375;-12.049072265625;0.220458984375;0.949999988079071;0.85333335399627686;2;2;1;1;0;0;1;1;0;0;1;0;0;1;1;1;1;0;0
13996;11;1;1;0;2;0;0;0;0;1;1;-1.455078125;15;-12.256103515625;2.962158203125;-12.037841796875;0.21826171875;0.96000003814697266;0.83666670322418213;2;2;1;1;0;0;1;1;0;0;1;0;0;1;1;1;1;0;0
14006;11;1;1;0;2;0;0;0;0;1;1;-1.4485677480697632;15;-12.247314453125;2.969970703125;-12.030029296875;0.21728515625;0.96666663885116577;0.83666670322418213;2;2;1;1;0;0;1;1;0;0;1;0;0;1;1;1;1;0;0
14016;11;1;1;0;2;0;0;0;0;1;1;-1.4322916269302368;15;-12.233642578125;2.981201171875;-12.018798828125;0.21484375;0.97333335876464844;0.82666671276092529;2;2;1;1;0;0;1;1;0;0;1;0;0;1;1;1;1;0;0
14026;11;1;1;0;2;0;0;0;0;1;1;-1.4208984375;15;-12.224609375;2.988525390625;-12.011474609375;0.213134765625;0.97999995946884155;0.81999999284744263;2;2;1;1;0;0;1;1;0;0;1;0;0;1;1;1;1;0;0
14036;11;1;1;0;2;0;0;0;0;1;1;-1.40625;15;-12.2109375;3;-12;0.2109375;0.99000000953674316;0.81999999284744263;2;2;1;1;0;0;1;1;0;0;1;0;0;1;1;1;1;0;0
14046;11;1;1;0;2;0;0;0;0;1;1;-1.3932291269302368;15;-12.20166015625;3.00732421875;-11.99267578125;0.208984375;0.99333339929580688;0.81333333253860474;2;2;1;1;0;0;1;1;0;0;1;0;0;1;1;1;1;0;0
14056;11;1;1;0;2;0;0;0;0;1;1;-1.3720703125;15;-12.187744140625;3.01806640625;-11.98193359375;0.205810546875;1;0.8033333420753479;2;2;1;1;0;0;1;1;0;0;1;0;0;1;1;1;1;0;0
14067;11;1;1;0;2;0;0;0;0;1;1;-1.3590494394302368;15;-12.178466796875;3.025390625;-11.974609375;0.203857421875;1.0066666603088379;0.800000011920929;2;2;1;1;0;0;1;1;0;0;1;0;0;1;1;1;1;0;0
14076;11;1;1;0;2;0;0;0;0;1;1;-1.337890625;15;-12.16455078125;3.0361328125;-11.9638671875;0.20068359375;1.0133333206176758;0.79333335161209106;2;2;1;1;0;0;1;1;0;0;1;0;0;1;1;1;1;0;0
14086;11;1;1;0;2;0;0;0;0;1;1;-1.3232421875;15;-12.155029296875;3.04345703125;-11.95654296875;0.198486328125;1.0166666507720947;0.79333335161209106;2;2;1;1;0;0;1;1;0;0;1;0;0;1;1;1;1;0;0
14096;11;1;1;0;2;0;0;0;0;1;1;-1.3004556894302368;15;-12.140869140625;3.05419921875;-11.94580078125;0.195068359375;1.0266667604446411;0.79000002145767212;2;2;1;1;0;0;1;1;0;0;1;0;0;1;1;1;1;0;0
14107;11;1;1;0;2;0;0;0;0;1;1;-1.2841796875;15;-12.13134765625;3.061279296875;-11.938720703125;0.192626953125;1.0299999713897705;0.77999997138977051;2;2;1;1;0;0;1;1;0;0;1;0;0;1;1;1;1;0;0
14116;11;1;1;0;2;0;0;0;0;1;1;-1.259765625;15;-12.116943359375;3.072021484375;-11.927978515625;0.18896484375;1.0366666316986084;0.78333336114883423;2;2;1;1;0;0;1;1;0;0;1;0;0;1;1;1;1;0;0
14126;11;1;1;0;2;0;0;0;0;1;1;-1.2451171875;15;-12.107421875;3.079345703125;-11.920654296875;0.186767578125;1.0433334112167358;0.77999997138977051;2;2;1;1;0;0;1;1;0;0;1;0;0;1;1;1;1;0;0
14136;11;1;1;0;2;0;0;0;0;1;1;-1.2174478769302368;15;-12.0927734375;3.08984375;-11.91015625;0.1826171875;1.0466666221618652;0.77666670083999634;2;2;1;1;0;0;1;1;0;0;1;0;0;1;1;1;1;0;0
14146;11;1;1;0;2;0;0;0;0;1;1;-1.1995443105697632;15;-12.0830078125;3.096923828125;-11.903076171875;0.179931640625;1.0533334016799927;0.77999997138977051;2;2;1;1;0;0;1;1;0;0;1;0;0;1;1;1;1;0;0
14156;11;1;1;0;2;0;0;0;0;1;1;-1.1751302480697632;15;-12.068603515625;3.107666015625;-11.892333984375;0.17626953125;1.0566667318344116;0.77333337068557739;2;2;1;1;0;0;1;1;0;0;1;0;0;1;1;1;1;0;0
14166;11;1;1;0;2;0;0;0;0;1;1;-1.1555989980697632;15;-12.05859375;3.11474609375;-11.88525390625;0.17333984375;1.06333327293396;0.77333337068557739;2;2;1;1;0;0;1;1;0;0;1;0;0;1;1;1;1;0;0
14176;11;1;1;0;2;0;0;0;0;1;1;-1.1295572519302368;15;-12.0439453125;3.12548828125;-11.87451171875;0.16943359375;1.0666667222976685;0.77999997138977051;2;2;1;1;0;0;1;1;0;0;1;0;0;1;1;1;1;0;0
14187;11;1;1;0;2;0;0;0;0;1;1;-1.1100260019302368;15;-12.033935546875;3.132568359375;-11.867431640625;0.16650390625;1.0733333826065063;0.77666670083999634;2;2;1;1;0;0;1;1;0;0;1;0;0;1;1;1;1;0;0
14197;11;1;1;0;2;0;0;0;0;1;1;-1.0807291269302368;15;-12.01904296875;3.14306640625;-11.85693359375;0.162109375;1.0800000429153442;0.77333337068557739;2;2;1;1;0;0;1;1;0;0;1;0;0;1;1;1;1;0;0
14206;11;1;1;0;2;0;0;0;0;1;1;-1.0628255605697632;15;-12.009033203125;3.150390625;-11.849609375;0.159423828125;1.0800000429153442;0.77999997138977051;2;2;1;1;0;0;1;1;0;0;1;0;0;1;1;1;1;0;0
14216;11;1;1;0;2;0;0;0;0;1;1;-1.03515625;15;-11.994140625;3.1611328125;-11.8388671875;0.1552734375;1.0900000333786011;0.77666670083999634;2;2;1;1;0;0;1;1;0;0;1;0;0;1;1;1;1;0;0
14226;11;1;1;0;2;0;0;0;0;1;1;-1.015625;15;-11.984130859375;3.168212890625;-11.831787109375;0.15234375;1.0900000333786011;0.77999997138977051;2;2;1;1;0;0;1;1;0;0;1;0;0;1;1;1;1;0;0
14236;11;1;1;0;2;0;0;0;0;1;1;-0.98795574903488159;15;-11.968994140625;3.17919921875;-11.82080078125;0.148193359375;1.096666693687439;0.79000002145767212;2;2;1;1;0;0;1;1;0;0;1;0;0;1;1;1;1;0;0
14246;11;1;1;0;2;0;0;0;0;1;1;-0.966796875;15;-11.958740234375;3.186279296875;-11.813720703125;0.14501953125;1.1000000238418579;0.78333336114883423;2;2;1;1;0;0;1;1;0;0;1;0;0;1;1;1;1;0;0
14256;11;1;1;0;2;0;0;0;0;1;1;-0.93912762403488159;15;-11.943603515625;3.197265625;-11.802734375;0.140869140625;1.1033333539962769;0.78666669130325317;2;2;1;1;0;0;1;1;0;0;1;0;0;1;1;1;1;0;0
14267;11;1;1;0;2;0;0;0;0;1;1;-0.91959637403488159;15;-11.933349609375;3.20458984375;-11.79541015625;0.137939453125;1.1066666841506958;0.79333335161209106;2;2;1;1;0;0;1;1;0;0;1;0;0;1;1;1;1;0;0
14276;11;1;1;0;2;0;0;0;0;1;1;-0.89029949903488159;15;-11.91796875;3.215576171875;-11.784423828125;0.133544921875;1.1133333444595337;0.79666668176651;2;2;1;1;0;0;1;1;0;0;1;0;0;1;1;1;1;0;0
14286;11;1;1;0;2;0;0;0;0;1;1;-0.87239581346511841;15;-11.90771484375;3.22314453125;-11.77685546875;0.130859375;1.1133333444595337;0.800000011920929;2;2;1;1;0;0;1;1;0;0;1;0;0;1;1;1;1;0;0
14297;11;1;1;0;2;0;0;0;0;1;1;-0.84309893846511841;15;-11.89208984375;3.234375;-11.765625;0.12646484375;1.1233333349227905;0.80666667222976685;2;2;1;1;0;0;1;1;0;0;1;0;0;1;1;1;1;0;0
14306;11;1;1;0;2;0;0;0;0;1;1;-0.82194012403488159;15;-11.881591796875;3.24169921875;-11.75830078125;0.123291015625;1.1266666650772095;0.81000006198883057;2;2;1;1;0;0;1;1;0;0;1;0;0;1;1;1;1;0;0
14316;11;1;1;0;2;0;0;0;0;1;1;-0.7958984375;15;-11.8662109375;3.253173828125;-11.746826171875;0.119384765625;1.1266666650772095;0.81666666269302368;2;2;1;1;0;0;1;1;0;0;1;0;0;1;1;1;1;0;0
14326;11;1;1;0;2;0;0;0;0;1;1;-0.77473956346511841;15;-11.855712890625;3.260498046875;-11.739501953125;0.1162109375;1.1299999952316284;0.81666666269302368;2;2;1;1;0;0;1;1;0;0;1;0;0;1;1;1;1;0;0
14336;11;1;1;0;2;0;0;0;0;1;1;-0.7470703125;15;-11.840087890625;3.27197265625;-11.72802734375;0.112060546875;1.1366667747497559;0.82333338260650635;2;2;1;1;0;0;1;1;0;0;1;0;0;1;1;1;1;0;0
14346;11;1;1;0;2;0;0;0;0;1;1;-0.72916668653488159;15;-11.82958984375;3.27978515625;-11.72021484375;0.109375;1.1399999856948853;0.82999998331069946;2;2;1;1;0;0;1;1;0;0;1;0;0;1;1;1;1;0;0
14356;11;1;1;0;2;0;0;0;0;1;1;-0.6982421875;15;-11.813720703125;3.291015625;-11.708984375;0.104736328125;1.1433333158493042;0.82666671276092529;2;2;1;1;0;0;1;1;0;0;1;0;0;1;1;1;1;0;0
14367;11;1;1;0;2;0;0;0;0;1;1;-0.68033856153488159;15;-11.80322265625;3.298828125;-11.701171875;0.10205078125;1.1466667652130127;0.83333331346511841;2;2;1;1;0;0;1;1;0;0;1;0;0;1;1;1;1;0;0
14376;11;1;1;0;2;0;0;0;0;1;1;-0.65104168653488159;15;-11.787353515625;3.310302734375;-11.689697265625;0.09765625;1.1499999761581421;0.83666670322418213;2;2;1;1;0;0;1;1;0;0;1;0;0;1;1;1;1;0;0
14386;11;1;1;0;2;0;0;0;0;1;1;-0.63151043653488159;15;-11.776611328125;3.318115234375;-11.681884765625;0.0947265625;1.1533334255218506;0.83666670322418213;2;2;1;1;0;0;1;1;0;0;1;0;0;1;1;1;1;0;0
14397;11;1;1;0;2;0;0;0;0;1;1;-0.60384112596511841;15;-11.7607421875;3.329833984375;-11.670166015625;0.090576171875;1.15666663646698;0.84666663408279419;2;2;1;1;0;0;1;1;0;0;1;0;0;1;1;1;1;0;0
14408;11;1;1;0;2;0;0;0;0;1;1;-0.58430987596511841;15;-11.75;3.337646484375;-11.662353515625;0.087646484375;1.15666663646698;0.84666663408279419;2;2;1;1;0;0;1;1;0;0;1;0;0;1;1;1;1;0;0
14416;11;1;1;0;2;0;0;0;0;1;1;-0.55501300096511841;15;-11.73388671875;3.349365234375;-11.650634765625;0.083251953125;1.1633334159851074;0.85000002384185791;2;2;1;1;0;0;1;1;0;0;1;0;0;1;1;1;1;0;0
14426;11;1;1;0;2;0;0;0;0;1;1;-0.537109375;15;-11.723388671875;3.357177734375;-11.642822265625;0.08056640625;1.1666666269302368;0.85000002384185791;2;2;1;1;0;0;1;1;0;0;1;0;0;1;1;1;1;0;0
14438;11;1;1;0;2;0;0;0;0;1;1;-0.50618487596511841;15;-11.707275390625;3.36865234375;-11.63134765625;0.075927734375;1.1700000762939453;0.84666663408279419;2;2;1;1;0;0;1;1;0;0;1;0;0;1;1;1;1;0;0
14446;11;1;1;0;2;0;0;0;0;1;1;-0.4866536557674408;15;-11.6962890625;3.376708984375;-11.623291015625;0.072998046875;1.1700000762939453;0.85333335399627686;2;2;1;1;0;0;1;1;0;0;1;0;0;1;1;1;1;0;0
14456;11;1;1;0;2;0;0;0;0;1;1;-0.4573567807674408;15;-11.68017578125;3.388427734375;-11.611572265625;0.068603515625;1.1733334064483643;0.8566666841506958;2;2;1;1;0;0;1;1;0;0;1;0;0;1;1;1;1;0;0
14466;11;1;1;0;2;0;0;0;0;1;1;-0.439453125;15;-11.66943359375;3.396484375;-11.603515625;0.06591796875;1.1766666173934937;0.8566666841506958;2;2;1;1;0;0;1;1;0;0;1;0;0;1;1;1;1;0;0
14476;11;1;1;0;2;0;0;0;0;1;1;-0.4085286557674408;15;-11.653076171875;3.408203125;-11.591796875;0.061279296875;1.1800000667572021;0.86000001430511475;2;2;1;1;0;0;1;1;0;0;1;0;0;1;1;1;1;0;0
14486;11;1;1;0;2;0;0;0;0;1;1;-0.3889974057674408;15;-11.642333984375;3.416015625;-11.583984375;0.058349609375;1.1833332777023315;0.8566666841506958;2;2;1;1;0;0;1;1;0;0;1;0;0;1;1;1;1;0;0
14496;11;1;1;0;2;0;0;0;0;1;1;-0.3597005307674408;15;-11.6259765625;3.427978515625;-11.572021484375;0.053955078125;1.18666672706604;0.8566666841506958;2;2;1;1;0;0;1;1;0;0;1;0;0;1;1;1;1;0;0
14506;11;1;1;0;2;0;0;0;0;1;1;-0.3385416567325592;15;-11.614990234375;3.435791015625;-11.564208984375;0.05078125;1.18666672706604;0.86000001430511475;2;2;1;1;0;0;1;1;0;0;1;0;0;1;1;1;1;0;0
14516;11;1;1;0;2;0;0;0;0;1;1;-0.3092447817325592;15;-11.5986328125;3.44775390625;-11.55224609375;0.04638671875;1.18666672706604;0.86000001430511475;2;2;1;1;0;0;1;1;0;0;1;0;0;1;1;1;1;0;0
14526;11;1;1;0;2;0;0;0;0;1;1;-0.2880859375;15;-11.587646484375;3.45556640625;-11.54443359375;0.043212890625;1.190000057220459;0.86333334445953369;2;2;1;1;0;0;1;1;0;0;1;0;0;1;1;1;1;0;0
14536;11;1;1;0;2;0;0;0;0;1;1;-0.2571614682674408;15;-11.5712890625;3.46728515625;-11.53271484375;0.03857421875;1.1933332681655884;0.85333335399627686;2;2;1;1;0;0;1;1;0;0;1;0;0;1;1;1;1;0;0
14546;11;1;1;0;2;0;0;0;0;1;1;-0.2360026091337204;15;-11.560302734375;3.47509765625;-11.52490234375;0.035400390625;1.1966667175292969;0.8566666841506958;2;2;1;1;0;0;1;1;0;0;1;0;0;1;1;1;1;0;0
14556;11;1;1;0;2;0;0;0;0;1;1;-0.205078125;15;-11.543701171875;3.487060546875;-11.512939453125;0.03076171875;1.1966667175292969;0.8566666841506958;2;2;1;1;0;0;1;1;0;0;1;0;0;1;1;1;1;0;0
14567;11;1;1;0;2;0;0;0;0;1;1;-0.1839192658662796;15;-11.532958984375;3.49462890625;-11.50537109375;0.027587890625;1.1966667175292969;0.85000002384185791;2;2;1;1;0;0;1;1;0;0;1;0;0;1;1;1;1;0;0
14576;11;1;1;0;2;0;0;0;0;1;1;-0.1529947966337204;15;-11.516357421875;3.506591796875;-11.493408203125;0.02294921875;1.1966667175292969;0.8566666841506958;2;2;1;1;0;0;1;1;0;0;1;0;0;1;1;1;1;0;0
14586;11;1;1;0;2;0;0;0;0;1;1;-0.1302083283662796;15;-11.50537109375;3.51416015625;-11.48583984375;0.01953125;1.1966667175292969;0.85000002384185791;2;2;1;1;0;0;1;1;0;0;1;0;0;1;1;1;1;0;0
14596;11;1;1;0;2;0;0;0;0;1;1;-0.0960286483168602;15;-11.48876953125;3.525634765625;-11.474365234375;0.014404296875;1.2000000476837158;0.84666663408279419;2;2;1;1;0;0;1;1;0;0;1;0;0;1;1;1;1;0;0
14606;11;1;1;0;2;0;0;0;0;1;1;-0.0764973983168602;15;-11.477783203125;3.53369140625;-11.46630859375;0.011474609375;1.2000000476837158;0.85000002384185791;2;2;1;1;0;0;1;1;0;0;1;0;0;1;1;1;1;0;0
14616;11;1;1;0;2;0;0;0;0;1;1;-0.0439453125;15;-11.46142578125;3.545166015625;-11.454833984375;0.006591796875;1.2000000476837158;0.84333336353302;2;2;1;1;0;0;1;1;0;0;1;0;0;1;1;1;1;0;0
14626;11;1;1;0;2;0;0;0;0;1;1;-0.02115885354578495;15;-11.450439453125;3.552734375;-11.447265625;0.003173828125;1.2000000476837158;0.84333336353302;2;2;1;1;0;0;1;1;0;0;1;0;0;1;1;1;1;0;0
14636;11;1;1;0;2;0;0;0;0;1;1;0.009765625;15;-11.43408203125;3.564453125;-11.43408203125;-0.00146484375;1.1933332681655884;0.84000003337860107;2;2;1;1;0;0;1;1;0;0;1;0;0;1;1;1;1;0;0
14646;11;1;1;0;2;0;0;0;0;1;1;0.0325520820915699;15;-11.423095703125;3.572021484375;-11.423095703125;-0.0048828125;1.1966667175292969;0.83666670322418213;2;2;1;1;0;0;1;1;0;0;1;0;0;1;1;1;1;0;0
14656;11;1;1;0;2;0;0;0;0;1;1;0.0651041641831398;15;-11.406494140625;3.583740234375;-11.406494140625;-0.009765625;1.1966667175292969;0.84333336353302;2;2;1;1;0;0;1;1;0;0;1;0;0;1;1;1;1;0;0
14666;11;1;1;0;2;0;0;0;0;1;1;0.0862630233168602;15;-11.395751953125;3.59130859375;-11.395751953125;-0.012939453125;1.1933332681655884;0.83666670322418213;2;2;1;1;0;0;1;1;0;0;1;0;0;1;1;1;1;0;0
14676;11;1;1;0;2;0;0;0;0;1;1;0.1188151016831398;15;-11.37939453125;3.602783203125;-11.37939453125;-0.017822265625;1.190000057220459;0.84000003337860107;2;2;1;1;0;0;1;1;0;0;1;0;0;1;1;1;1;0;0
14686;11;1;1;0;2;0;0;0;0;1;1;0.1383463591337204;15;-11.36865234375;3.610595703125;-11.36865234375;-0.020751953125;1.18666672706604;0.84000003337860107;2;2;1;1;0;0;1;1;0;0;1;0;0;1;1;1;1;0;0
14697;11;1;1;0;2;0;0;0;0;1;1;0.1708984375;15;-11.352294921875;3.6220703125;-11.352294921875;-0.025634765625;1.18666672706604;0.83666670322418213;2;2;1;1;0;0;1;1;0;0;1;0;0;1;1;1;1;0;0
14706;11;1;1;0;2;0;0;0;0;1;1;0.1904296875;15;-11.341552734375;3.6298828125;-11.341552734375;-0.028564453125;1.1833332777023315;0.84000003337860107;2;2;1;1;0;0;1;1;0;0;1;0;0;1;1;1;1;0;0
14716;11;1;1;0;2;0;0;0;0;1;1;0.2213541716337204;15;-11.325439453125;3.641357421875;-11.325439453125;-0.033203125;1.1733334064483643;0.84000003337860107;2;2;1;1;0;0;1;1;0;0;1;0;0;1;1;1;1;0;0
14727;11;1;1;0;2;0;0;0;0;1;1;0.2425130158662796;15;-11.314697265625;3.64892578125;-11.314697265625;-0.036376953125;1.1733334064483643;0.84000003337860107;2;2;1;1;0;0;1;1;0;0;1;0;0;1;1;1;1;0;0
14736;11;1;1;0;2;0;0;0;0;1;1;0.2701822817325592;15;-11.298828125;3.66064453125;-11.298828125;-0.04052734375;1.1700000762939453;0.84666663408279419;2;2;1;1;0;0;1;1;0;0;1;0;0;1;1;1;1;0;0
14747;11;1;1;0;2;0;0;0;0;1;1;0.2897135317325592;15;-11.2880859375;3.66845703125;-11.2880859375;-0.04345703125;1.1666666269302368;0.84333336353302;2;2;1;1;0;0;1;1;0;0;1;0;0;1;1;1;1;0;0
14756;11;1;1;0;2;0;0;0;0;1;1;0.3173828125;15;-11.272216796875;3.68017578125;-11.272216796875;-0.047607421875;1.1599999666213989;0.84666663408279419;2;2;1;1;0;0;1;1;0;0;1;0;0;1;1;1;1;0;0
14766;11;1;1;0;2;0;0;0;0;1;1;0.3352864682674408;15;-11.26171875;3.68798828125;-11.26171875;-0.05029296875;1.15666663646698;0.85333335399627686;2;2;1;1;0;0;1;1;0;0;1;0;0;1;1;1;1;0;0
14776;11;1;1;0;2;0;0;0;0;1;1;0.361328125;15;-11.24609375;3.69970703125;-11.24609375;-0.05419921875;1.1499999761581421;0.85333335399627686;2;2;1;1;0;0;1;1;0;0;1;0;0;1;1;1;1;0;0
14786;11;1;1;0;2;0;0;0;0;1;1;0.3776041567325592;15;-11.235595703125;3.707763671875;-11.235595703125;-0.056640625;1.1466667652130127;0.86000001430511475;2;2;1;1;0;0;1;1;0;0;1;0;0;1;1;1;1;0;0
14799;11;1;1;0;2;0;0;0;0;1;1;0.4020182192325592;15;-11.219970703125;3.7197265625;-11.219970703125;-0.060302734375;1.1399999856948853;0.86333334445953369;2;2;1;1;0;0;1;1;0;0;1;0;0;1;1;1;1;0;0
14806;11;1;1;0;2;0;0;0;0;1;1;0.4182942807674408;15;-11.20947265625;3.727783203125;-11.20947265625;-0.062744140625;1.1399999856948853;0.86666667461395264;2;2;1;1;0;0;1;1;0;0;1;0;0;1;1;1;1;0;0
14816;11;1;1;0;2;0;0;0;0;1;1;0.4410807192325592;15;-11.194091796875;3.73974609375;-11.194091796875;-0.066162109375;1.1299999952316284;0.87333333492279053;2;2;1;1;0;0;1;1;0;0;1;0;0;1;1;1;1;0;0
14826;11;1;1;0;2;0;0;0;0;1;1;0.4557291567325592;15;-11.183837890625;3.747802734375;-11.183837890625;-0.068359375;1.1266666650772095;0.87666672468185425;2;2;1;1;0;0;1;1;0;0;1;0;0;1;1;1;1;0;0
14836;11;1;1;0;2;0;0;0;0;1;1;0.4752604067325592;15;-11.16845703125;3.76025390625;-11.16845703125;-0.0712890625;1.1233333349227905;0.88333332538604736;2;2;1;1;0;0;1;1;0;0;1;0;0;1;1;1;1;0;0
14846;11;1;1;0;2;0;0;0;0;1;1;0.4899088442325592;15;-11.158203125;3.768310546875;-11.158203125;-0.073486328125;1.1200001239776611;0.88666665554046631;2;2;1;1;0;0;1;1;0;0;1;0;0;1;1;1;1;0;0
14856;11;1;1;0;2;0;0;0;0;1;1;0.50944012403488159;15;-11.142822265625;3.78076171875;-11.142822265625;-0.076416015625;1.1166666746139526;0.89666664600372314;2;2;1;1;0;0;1;1;0;0;1;0;0;1;1;1;1;0;0
14866;11;1;1;0;2;0;0;0;0;1;1;0.52083331346511841;15;-11.1328125;3.7890625;-11.1328125;-0.078125;1.1166666746139526;0.89999997615814209;2;2;1;1;0;0;1;1;0;0;1;0;0;1;1;1;1;0;0
14876;11;1;1;0;2;0;0;0;0;1;1;0.537109375;15;-11.11767578125;3.8017578125;-11.11767578125;-0.08056640625;1.1100000143051147;0.90666669607162476;2;2;1;1;0;0;1;1;0;0;1;0;0;1;1;1;1;0;0
14886;11;1;1;0;2;0;0;0;0;1;1;0.55013018846511841;15;-11.107421875;3.81005859375;-11.107421875;-0.08251953125;1.1100000143051147;0.9100000262260437;2;2;1;1;0;0;1;1;0;0;1;0;0;1;1;1;1;0;0
14899;11;1;1;0;2;0;0;0;0;1;1;0.56640625;15;-11.09228515625;3.82275390625;-11.09228515625;-0.0849609375;1.1066666841506958;0.91666668653488159;2;2;1;1;0;0;1;1;0;0;1;0;0;1;1;1;1;0;0
14906;11;1;1;0;2;0;0;0;0;1;1;0.576171875;15;-11.082275390625;3.831298828125;-11.082275390625;-0.08642578125;1.1033333539962769;0.92333334684371948;2;2;1;1;0;0;1;1;0;0;1;0;0;1;1;1;1;0;0
14916;11;1;1;0;2;0;0;0;0;1;1;0.5908203125;15;-11.067138671875;3.84423828125;-11.067138671875;-0.088623046875;1.1000000238418579;0.93000000715255737;2;2;1;1;0;0;1;1;0;0;1;0;0;1;1;1;1;0;0
14927;11;1;1;0;2;0;0;0;0;1;1;0.6005859375;15;-11.05712890625;3.852783203125;-11.05712890625;-0.090087890625;1.096666693687439;0.93333333730697632;2;2;1;1;0;0;1;1;0;0;1;0;0;1;1;1;1;0;0
14936;11;1;1;0;2;0;0;0;0;1;1;0.61360675096511841;15;-11.0419921875;3.865966796875;-11.0419921875;-0.092041015625;1.096666693687439;0.94333338737487793;2;2;1;1;0;0;1;1;0;0;1;0;0;1;1;1;1;0;0
14946;11;1;1;0;2;0;0;0;0;1;1;0.62174481153488159;15;-11.031982421875;3.874755859375;-11.031982421875;-0.09326171875;1.096666693687439;0.9466666579246521;2;2;1;1;0;0;1;1;0;0;1;0;0;1;1;1;1;0;0
14956;11;1;1;0;2;0;0;0;0;1;1;0.63313800096511841;15;-11.01708984375;3.887939453125;-11.01708984375;-0.094970703125;1.09333336353302;0.95666670799255371;2;2;1;1;0;0;1;1;0;0;1;0;0;1;1;1;1;0;0
14966;11;1;1;0;2;0;0;0;0;1;1;0.6396484375;15;-11.007080078125;3.89697265625;-11.007080078125;-0.095947265625;1.0900000333786011;0.96000003814697266;2;2;1;1;0;0;1;1;0;0;1;0;0;1;1;1;1;0;0
14976;11;1;1;0;2;0;0;0;0;1;1;0.65104168653488159;15;-10.9921875;3.91015625;-10.9921875;-0.09765625;1.0900000333786011;0.96333330869674683;2;2;1;1;0;0;1;1;0;0;1;0;0;1;1;1;1;0;0
14986;11;1;1;0;2;0;0;0;0;1;1;0.65755206346511841;15;-10.982177734375;3.919189453125;-10.982177734375;-0.0986328125;1.0900000333786011;0.97000002861022949;2;2;1;1;0;0;1;1;0;0;1;0;0;1;1;1;1;0;0
14996;11;1;1;0;2;0;0;0;0;1;1;0.66569012403488159;15;-10.96728515625;3.932861328125;-10.96728515625;-0.099853515625;1.0866667032241821;0.97666668891906738;2;2;1;1;0;0;1;1;0;0;1;0;0;1;1;1;1;0;0
15006;11;1;1;0;2;0;0;0;0;1;1;0.67220050096511841;15;-10.957275390625;3.94189453125;-10.957275390625;-0.100830078125;1.0866667032241821;0.98333334922790527;2;2;1;1;0;0;1;1;0;0;1;0;0;1;1;1;1;0;0
15016;11;1;1;0;2;0;0;0;0;1;1;0.6787109375;15;-10.942626953125;3.95556640625;-10.942626953125;-0.101806640625;1.0800000429153442;0.99000000953674316;2;2;1;1;0;0;1;1;0;0;1;0;0;1;1;1;1;0;0
15027;11;1;1;0;2;0;0;0;0;1;1;0.68359375;15;-10.9326171875;3.96484375;-10.9326171875;-0.1025390625;1.0800000429153442;0.99333339929580688;2;2;1;1;0;0;1;1;0;0;1;0;0;1;1;1;1;0;0
15036;11;1;1;0;2;0;0;0;0;1;1;0.69010418653488159;15;-10.91796875;3.978515625;-10.91796875;-0.103515625;1.0800000429153442;1;2;2;1;1;0;0;1;1;0;0;1;0;0;1;1;1;1;0;0
15046;11;1;1;0;2;0;0;0;0;1;1;0.693359375;15;-10.907958984375;3.988037109375;-10.907958984375;-0.10400390625;1.0766665935516357;1.0066666603088379;2;2;1;1;0;0;1;1;0;0;1;0;0;1;1;1;1;0;0
15056;11;1;1;0;2;0;0;0;0;1;1;0.6982421875;15;-10.893310546875;4.001953125;-10.893310546875;-0.104736328125;1.0733333826065063;1.0099999904632568;2;2;1;1;0;0;1;1;0;0;1;0;0;1;1;1;1;0;0
15066;12;1;1;0;2;0;0;0;0;1;1;0.70149737596511841;15;-10.883544921875;4.01123046875;-10.883544921875;-0.105224609375;1.0733333826065063;1.0133333206176758;2;2;1;1;0;0;1;1;0;0;1;0;0;1;1;1;1;0;0
15076;12;1;1;0;2;0;0;0;0;1;1;0.70475262403488159;15;-10.868896484375;4.025390625;-10.868896484375;-0.105712890625;1.0666667222976685;1.0199999809265137;2;2;1;1;0;0;1;1;0;0;1;0;0;1;1;1;1;0;0
15086;12;1;1;0;2;0;0;0;0;1;1;0.70638018846511841;15;-10.859130859375;4.034912109375;-10.859130859375;-0.10595703125;1.0666667222976685;1.0233333110809326;2;2;1;1;0;0;1;1;0;0;1;0;0;1;1;1;1;0;0
15096;12;1;1;0;2;0;0;0;0;1;1;0.7080078125;15;-10.8447265625;4.049072265625;-10.8447265625;-0.106201171875;1.06333327293396;1.0299999713897705;2;2;1;1;0;0;1;1;0;0;1;0;0;1;1;1;1;0;0
15106;12;1;1;0;2;0;0;0;0;1;1;0.70963543653488159;15;-10.8349609375;4.05859375;-10.8349609375;-0.1064453125;1.0600000619888306;1.0333333015441895;2;2;1;1;0;0;1;1;0;0;1;0;0;1;1;1;1;0;0
15116;12;1;1;0;2;0;0;0;0;1;1;0.70963543653488159;15;-10.820556640625;4.072998046875;-10.820556640625;-0.1064453125;1.0566667318344116;1.0400000810623169;2;2;1;1;0;0;1;1;0;0;1;0;0;1;1;1;1;0;0
15127;12;1;1;0;2;0;0;0;0;1;1;0.70963543653488159;15;-10.81103515625;4.08251953125;-10.81103515625;-0.1064453125;1.0533334016799927;1.0433334112167358;2;2;1;1;0;0;1;1;0;0;1;0;0;1;1;1;1;0;0
15136;12;1;1;0;2;0;0;0;0;1;1;0.70963543653488159;15;-10.796630859375;4.096923828125;-10.796630859375;-0.1064453125;1.0499999523162842;1.0466666221618652;2;2;1;1;0;0;1;1;0;0;1;0;0;1;1;1;1;0;0
15146;12;1;1;0;2;0;0;0;0;1;1;0.7080078125;15;-10.787109375;4.106689453125;-10.787109375;-0.106201171875;1.0466666221618652;1.0499999523162842;2;2;1;1;0;0;1;1;0;0;1;0;0;1;1;1;1;0;0
15156;12;1;1;0;2;0;0;0;0;1;1;0.70638018846511841;15;-10.772705078125;4.121337890625;-10.772705078125;-0.10595703125;1.0433334112167358;1.0566667318344116;2;2;1;1;0;0;1;1;0;0;1;0;0;1;1;1;1;0;0
15166;12;1;1;0;2;0;0;0;0;1;1;0.70475262403488159;15;-10.76318359375;4.131103515625;-10.76318359375;-0.105712890625;1.0400000810623169;1.0566667318344116;2;2;1;1;0;0;1;1;0;0;1;0;0;1;1;1;1;0;0
15176;12;1;1;0;2;0;0;0;0;1;1;0.70149737596511841;15;-10.7490234375;4.145751953125;-10.7490234375;-0.105224609375;1.0366666316986084;1.06333327293396;2;2;1;1;0;0;1;1;0;0;1;0;0;1;1;1;1;0;0
15186;12;1;1;0;2;0;0;0;0;1;1;0.6982421875;15;-10.73974609375;4.155517578125;-10.73974609375;-0.104736328125;1.0333333015441895;1.0666667222976685;2;2;1;1;0;0;1;1;0;0;1;0;0;1;1;1;1;0;0
15196;12;1;1;0;2;0;0;0;0;1;1;0.69498699903488159;15;-10.7255859375;4.170166015625;-10.7255859375;-0.104248046875;1.0299999713897705;1.0666667222976685;2;2;1;1;0;0;1;1;0;0;1;0;0;1;1;1;1;0;0
15206;12;1;1;0;2;0;0;0;0;1;1;0.69010418653488159;15;-10.71630859375;4.18017578125;-10.71630859375;-0.103515625;1.0266667604446411;1.0700000524520874;2;2;1;1;0;0;1;1;0;0;1;0;0;1;1;1;1;0;0
15216;12;1;1;0;2;0;0;0;0;1;1;0.68522137403488159;15;-10.7021484375;4.195068359375;-10.7021484375;-0.102783203125;1.0233333110809326;1.0766665935516357;2;2;1;1;0;0;1;1;0;0;1;0;0;1;1;1;1;0;0
15226;12;1;1;0;2;0;0;0;0;1;1;0.68196612596511841;15;-10.69287109375;4.204833984375;-10.69287109375;-0.102294921875;1.0199999809265137;1.0766665935516357;2;2;1;1;0;0;1;1;0;0;1;0;0;1;1;1;1;0;0
15236;12;1;1;0;2;0;0;0;0;1;1;0.673828125;15;-10.678955078125;4.219970703125;-10.678955078125;-0.10107421875;1.0166666507720947;1.0833333730697632;2;2;1;1;0;0;1;1;0;0;1;0;0;1;1;1;1;0;0
15246;12;1;1;0;2;0;0;0;0;1;1;0.67057293653488159;15;-10.669677734375;4.229736328125;-10.669677734375;-0.1005859375;1.0133333206176758;1.0833333730697632;2;2;1;1;0;0;1;1;0;0;1;0;0;1;1;1;1;0;0
15256;12;1;1;0;2;0;0;0;0;1;1;0.66243487596511841;15;-10.65576171875;4.244873046875;-10.65576171875;-0.099365234375;1.0133333206176758;1.0866667032241821;2;2;1;1;0;0;1;1;0;0;1;0;0;1;1;1;1;0;0
15266;12;1;1;0;2;0;0;0;0;1;1;0.65755206346511841;15;-10.646484375;4.2548828125;-10.646484375;-0.0986328125;1.0099999904632568;1.0900000333786011;2;2;1;1;0;0;1;1;0;0;1;0;0;1;1;1;1;0;0
15276;12;1;1;0;2;0;0;0;0;1;1;0.64778643846511841;15;-10.6328125;4.27001953125;-10.6328125;-0.09716796875;1.0099999904632568;1.09333336353302;2;2;1;1;0;0;1;1;0;0;1;0;0;1;1;1;1;0;0
15286;12;1;1;0;2;0;0;0;0;1;1;0.64290362596511841;15;-10.62353515625;4.280029296875;-10.62353515625;-0.096435546875;1.0066666603088379;1.096666693687439;2;2;1;1;0;0;1;1;0;0;1;0;0;1;1;1;1;0;0
15297;12;1;1;0;2;0;0;0;0;1;1;0.634765625;15;-10.609619140625;4.295166015625;-10.609619140625;-0.09521484375;1.0066666603088379;1.1000000238418579;2;2;1;1;0;0;1;1;0;0;1;0;0;1;1;1;1;0;0
15306;12;1;1;0;2;0;0;0;0;1;1;0.62662762403488159;15;-10.6005859375;4.305419921875;-10.6005859375;-0.093994140625;1.0033333301544189;1.1000000238418579;2;2;1;1;0;0;1;1;0;0;1;0;0;1;1;1;1;0;0
15316;12;1;1;0;2;0;0;0;0;1;1;0.61848956346511841;15;-10.586669921875;4.320556640625;-10.586669921875;-0.0927734375;1.0033333301544189;1.1000000238418579;2;2;1;1;0;0;1;1;0;0;1;0;0;1;1;1;1;0;0
15327;12;1;1;0;2;0;0;0;0;1;1;0.61197918653488159;15;-10.57763671875;4.33056640625;-10.57763671875;-0.091796875;1.0033333301544189;1.1033333539962769;2;2;1;1;0;0;1;1;0;0;1;0;0;1;1;1;1;0;0
15336;12;1;1;0;2;0;0;0;0;1;1;0.60221356153488159;15;-10.563720703125;4.345947265625;-10.563720703125;-0.09033203125;1;1.1100000143051147;2;2;1;1;0;0;1;1;0;0;1;0;0;1;1;1;1;0;0
15347;12;1;1;0;2;0;0;0;0;1;1;0.59407550096511841;15;-10.5546875;4.356201171875;-10.5546875;-0.089111328125;1;1.1100000143051147;2;2;1;1;0;0;1;1;0;0;1;0;0;1;1;1;1;0;0
15357;12;1;1;0;2;0;0;0;0;1;1;0.5859375;15;-10.540771484375;4.371337890625;-10.540771484375;-0.087890625;1;1.1133333444595337;2;2;1;1;0;0;1;1;0;0;1;0;0;1;1;1;1;0;0
15367;12;1;1;0;2;0;0;0;0;1;1;0.57779949903488159;15;-10.53173828125;4.381591796875;-10.53173828125;-0.086669921875;1;1.1133333444595337;2;2;1;1;0;0;1;1;0;0;1;0;0;1;1;1;1;0;0
15376;12;1;1;0;2;0;0;0;0;1;1;0.56640625;15;-10.51806640625;4.39697265625;-10.51806640625;-0.0849609375;1;1.1166666746139526;2;2;1;1;0;0;1;1;0;0;1;0;0;1;1;1;1;0;0
15386;12;1;1;0;2;0;0;0;0;1;1;0.55989581346511841;15;-10.5087890625;4.4072265625;-10.5087890625;-0.083984375;1;1.1166666746139526;2;2;1;1;0;0;1;1;0;0;1;0;0;1;1;1;1;0;0
15396;12;1;1;0;2;0;0;0;0;1;1;0.54850262403488159;15;-10.4951171875;4.422607421875;-10.4951171875;-0.082275390625;1;1.1166666746139526;2;2;1;1;0;0;1;1;0;0;1;0;0;1;1;1;1;0;0
15406;12;1;1;0;2;0;0;0;0;1;1;0.5419921875;15;-10.48583984375;4.432861328125;-10.48583984375;-0.081298828125;1;1.1200001239776611;2;2;1;1;0;0;1;1;0;0;1;0;0;1;1;1;1;0;0
15416;12;1;1;0;2;0;0;0;0;1;1;0.52897137403488159;15;-10.47216796875;4.448486328125;-10.47216796875;-0.079345703125;1;1.1200001239776611;2;2;1;1;0;0;1;1;0;0;1;0;0;1;1;1;1;0;0
15427;12;1;1;0;2;0;0;0;0;1;1;0.52083331346511841;15;-10.463134765625;4.458740234375;-10.463134765625;-0.078125;1;1.1200001239776611;2;2;1;1;0;0;1;1;0;0;1;0;0;1;1;1;1;0;0
15436;12;1;1;0;2;0;0;0;0;1;1;0.51106768846511841;15;-10.44921875;4.47412109375;-10.44921875;-0.07666015625;1;1.1233333349227905;2;2;1;1;0;0;1;1;0;0;1;0;0;1;1;1;1;0;0
15446;12;1;1;0;2;0;0;0;0;1;1;0.50455731153488159;15;-10.43994140625;4.484375;-10.43994140625;-0.07568359375;1;1.1233333349227905;2;2;1;1;0;0;1;1;0;0;1;0;0;1;1;1;1;0;0
15457;12;1;1;0;2;0;0;0;0;1;1;0.4931640625;15;-10.42626953125;4.499755859375;-10.42626953125;-0.073974609375;1;1.1233333349227905;2;2;1;1;0;0;1;1;0;0;1;0;0;1;1;1;1;0;0
15466;12;1;1;0;2;0;0;0;0;1;1;0.4833984375;15;-10.417236328125;4.51025390625;-10.417236328125;-0.072509765625;1;1.1233333349227905;2;2;1;1;0;0;1;1;0;0;1;0;0;1;1;1;1;0;0
15476;12;1;1;0;2;0;0;0;0;1;1;0.4736328125;15;-10.4033203125;4.525634765625;-10.4033203125;-0.071044921875;1;1.1266666650772095;2;2;1;1;0;0;1;1;0;0;1;0;0;1;1;1;1;0;0
15486;12;1;1;0;2;0;0;0;0;1;1;0.4671224057674408;15;-10.39404296875;4.535888671875;-10.39404296875;-0.070068359375;1.0033333301544189;1.1233333349227905;2;2;1;1;0;0;1;1;0;0;1;0;0;1;1;1;1;0;0
15496;12;1;1;0;2;0;0;0;0;1;1;0.4541015625;15;-10.38037109375;4.551513671875;-10.38037109375;-0.068115234375;1.0033333301544189;1.1266666650772095;2;2;1;1;0;0;1;1;0;0;1;0;0;1;1;1;1;0;0
15506;12;1;1;0;2;0;0;0;0;1;1;0.4475911557674408;15;-10.37109375;4.561767578125;-10.37109375;-0.067138671875;1.0033333301544189;1.1233333349227905;2;2;1;1;0;0;1;1;0;0;1;0;0;1;1;1;1;0;0
15516;12;1;1;0;2;0;0;0;0;1;1;0.4361979067325592;15;-10.357421875;4.5771484375;-10.357421875;-0.0654296875;1.0033333301544189;1.1233333349227905;2;2;1;1;0;0;1;1;0;0;1;0;0;1;1;1;1;0;0
15527;12;1;1;0;2;0;0;0;0;1;1;0.4296875;15;-10.34814453125;4.58740234375;-10.34814453125;-0.064453125;1.0033333301544189;1.1233333349227905;2;2;1;1;0;0;1;1;0;0;1;0;0;1;1;1;1;0;0
15536;12;1;1;0;2;0;0;0;0;1;1;0.4182942807674408;15;-10.334228515625;4.60302734375;-10.334228515625;-0.062744140625;1.0033333301544189;1.1266666650772095;2;2;1;1;0;0;1;1;0;0;1;0;0;1;1;1;1;0;0
15546;12;1;1;0;2;0;0;0;0;1;1;0.41015625;15;-10.3251953125;4.61328125;-10.3251953125;-0.0615234375;1.0066666603088379;1.1200001239776611;2;2;1;1;0;0;1;1;0;0;1;0;0;1;1;1;1;0;0
15556;12;1;1;0;2;0;0;0;0;1;1;0.400390625;15;-10.311279296875;4.628662109375;-10.311279296875;-0.06005859375;1.0066666603088379;1.1233333349227905;2;2;1;1;0;0;1;1;0;0;1;0;0;1;1;1;1;0;0
15566;12;1;1;0;2;0;0;0;0;1;1;0.3938802182674408;15;-10.302001953125;4.638916015625;-10.302001953125;-0.05908203125;1.0066666603088379;1.1200001239776611;2;2;1;1;0;0;1;1;0;0;1;0;0;1;1;1;1;0;0
15576;12;1;1;0;2;0;0;0;0;1;1;0.3824869692325592;15;-10.288330078125;4.654296875;-10.288330078125;-0.057373046875;1.0066666603088379;1.1166666746139526;2;2;1;1;0;0;1;1;0;0;1;0;0;1;1;1;1;0;0
15586;12;1;1;0;2;0;0;0;0;1;1;0.3759765625;15;-10.279052734375;4.66455078125;-10.279052734375;-0.056396484375;1.0066666603088379;1.1200001239776611;2;2;1;1;0;0;1;1;0;0;1;0;0;1;1;1;1;0;0
15596;12;1;1;0;2;0;0;0;0;1;1;0.3678385317325592;15;-10.26513671875;4.6796875;-10.26513671875;-0.05517578125;1.0099999904632568;1.1166666746139526;2;2;1;1;0;0;1;1;0;0;1;0;0;1;1;1;1;0;0
15606;12;1;1;0;2;0;0;0;0;1;1;0.361328125;15;-10.255859375;4.68994140625;-10.255859375;-0.05419921875;1.0099999904632568;1.1166666746139526;2;2;1;1;0;0;1;1;0;0;1;0;0;1;1;1;1;0;0
15616;12;1;1;0;2;0;0;0;0;1;1;0.3515625;15;-10.241943359375;4.705322265625;-10.241943359375;-0.052734375;1.0099999904632568;1.1133333444595337;2;2;1;1;0;0;1;1;0;0;1;0;0;1;1;1;1;0;0
15626;12;1;1;0;2;0;0;0;0;1;1;0.3450520932674408;15;-10.232666015625;4.715576171875;-10.232666015625;-0.0517578125;1.0099999904632568;1.1133333444595337;2;2;1;1;0;0;1;1;0;0;1;0;0;1;1;1;1;0;0
15636;12;1;1;0;2;0;0;0;0;1;1;0.3385416567325592;15;-10.218505859375;4.730712890625;-10.218505859375;-0.05078125;1.0133333206176758;1.1100000143051147;2;2;1;1;0;0;1;1;0;0;1;0;0;1;1;1;1;0;0
15646;12;1;1;0;2;0;0;0;0;1;1;0.3336588442325592;15;-10.209228515625;4.74072265625;-10.209228515625;-0.050048828125;1.0133333206176758;1.1066666841506958;2;2;1;1;0;0;1;1;0;0;1;0;0;1;1;1;1;0;0
15656;12;1;1;0;2;0;0;0;0;1;1;0.3238932192325592;15;-10.1953125;4.756103515625;-10.1953125;-0.048583984375;1.0166666507720947;1.1100000143051147;2;2;1;1;0;0;1;1;0;0;1;0;0;1;1;1;1;0;0
15666;12;1;1;0;2;0;0;0;0;1;1;0.3190104067325592;15;-10.18603515625;4.76611328125;-10.18603515625;-0.0478515625;1.0166666507720947;1.1033333539962769;2;2;1;1;0;0;1;1;0;0;1;0;0;1;1;1;1;0;0
15676;12;1;1;0;2;0;0;0;0;1;1;0.3125;15;-10.171875;4.78125;-10.171875;-0.046875;1.0199999809265137;1.1033333539962769;2;2;1;1;0;0;1;1;0;0;1;0;0;1;1;1;1;0;0
15686;12;1;1;0;2;0;0;0;0;1;1;0.3076171875;15;-10.16259765625;4.791259765625;-10.16259765625;-0.046142578125;1.0199999809265137;1.1000000238418579;2;2;1;1;0;0;1;1;0;0;1;0;0;1;1;1;1;0;0
15696;12;1;1;0;2;0;0;0;0;1;1;0.3011067807674408;15;-10.1484375;4.806396484375;-10.1484375;-0.045166015625;1.0233333110809326;1.1000000238418579;2;2;1;1;0;0;1;1;0;0;1;0;0;1;1;1;1;0;0
15706;12;1;1;0;2;0;0;0;0;1;1;0.2962239682674408;15;-10.13916015625;4.81640625;-10.13916015625;-0.04443359375;1.0233333110809326;1.096666693687439;2;2;1;1;0;0;1;1;0;0;1;0;0;1;1;1;1;0;0
15716;12;1;1;0;2;0;0;0;0;1;1;0.2913411557674408;15;-10.124755859375;4.83154296875;-10.124755859375;-0.043701171875;1.0266667604446411;1.096666693687439;2;2;1;1;0;0;1;1;0;0;1;0;0;1;1;1;1;0;0
15726;12;1;1;0;2;0;0;0;0;1;1;0.2864583432674408;15;-10.115478515625;4.841552734375;-10.115478515625;-0.04296875;1.0299999713897705;1.09333336353302;2;2;1;1;0;0;1;1;0;0;1;0;0;1;1;1;1;0;0
15736;12;1;1;0;2;0;0;0;0;1;1;0.283203125;15;-10.10107421875;4.8564453125;-10.10107421875;-0.04248046875;1.0299999713897705;1.0900000333786011;2;2;1;1;0;0;1;1;0;0;1;0;0;1;1;1;1;0;0
15746;12;1;1;0;2;0;0;0;0;1;1;0.2799479067325592;15;-10.091552734375;4.866455078125;-10.091552734375;-0.0419921875;1.0333333015441895;1.0900000333786011;2;2;1;1;0;0;1;1;0;0;1;0;0;1;1;1;1;0;0
15756;12;1;1;0;2;0;0;0;0;1;1;0.2750650942325592;15;-10.077392578125;4.88134765625;-10.077392578125;-0.041259765625;1.0366666316986084;1.0900000333786011;2;2;1;1;0;0;1;1;0;0;1;0;0;1;1;1;1;0;0
15766;12;1;1;0;2;0;0;0;0;1;1;0.2718099057674408;15;-10.06787109375;4.891357421875;-10.06787109375;-0.040771484375;1.0366666316986084;1.0866667032241821;3;3;1;1;0;0;1;1;0;0;1;0;0;1;1;1;1;0;0
15776;12;1;1;0;3;0;0;0;0;1;1;0.2685546875;15;-10.053466796875;4.90625;-10.053466796875;-0.040283203125;1.0433334112167358;1.0833333730697632;3;3;1;1;0;0;1;1;0;0;1;0;0;1;1;1;1;0;0
15787;12;1;1;0;3;0;0;0;0;1;1;0.2669270932674408;15;-10.0439453125;4.916015625;-10.0439453125;-0.0400390625;1.0433334112167358;1.0833333730697632;3;3;1;1;0;0;1;1;0;0;1;0;0;1;1;1;1;0;0
15796;12;1;1;0;3;0;0;0;0;1;1;0.263671875;15;-10.029541015625;4.930908203125;-10.029541015625;-0.03955078125;1.0466666221618652;1.0766665935516357;3;3;1;1;0;0;1;1;0;0;1;0;0;1;1;1;1;0;0
15806;12;1;1;0;3;0;0;0;0;1;1;0.263671875;15;-10.019775390625;4.940673828125;-10.019775390625;-0.03955078125;1.0466666221618652;1.0733333826065063;3;3;1;1;0;0;1;1;0;0;1;0;0;1;1;1;1;0;0
15816;12;1;1;0;3;0;0;0;0;1;1;0.2604166567325592;15;-10.00537109375;4.95556640625;-10.00537109375;-0.0390625;1.0499999523162842;1.0800000429153442;3;3;1;1;0;0;1;1;0;0;1;0;0;1;1;1;1;0;0
15826;12;1;1;0;3;0;0;0;0;1;1;0.2604166567325592;15;-9.99560546875;4.96533203125;-9.99560546875;-0.0390625;1.0533334016799927;1.0766665935516357;3;3;1;1;0;0;1;1;0;0;1;0;0;1;1;1;1;0;0
15836;12;1;1;0;3;0;0;0;0;1;1;0.2604166567325592;15;-9.98095703125;4.97998046875;-9.98095703125;-0.0390625;1.0566667318344116;1.0733333826065063;3;3;1;1;0;0;1;1;0;0;1;0;0;1;1;1;1;0;0
15846;12;1;1;0;3;0;0;0;0;1;1;0.2587890625;15;-9.971435546875;4.98974609375;-9.971435546875;-0.038818359375;1.0566667318344116;1.0700000524520874;3;3;1;1;0;0;1;1;0;0;1;0;0;1;1;1;1;0;0
15857;12;1;1;0;3;0;0;0;0;1;1;0.2571614682674408;15;-9.956787109375;5.004638671875;-9.956787109375;-0.03857421875;1.0600000619888306;1.0733333826065063;3;3;1;1;0;0;1;1;0;0;1;0;0;1;1;1;1;0;0
15866;12;1;1;0;3;0;0;0;0;1;1;0.2571614682674408;15;-9.947021484375;5.014404296875;-9.947021484375;-0.03857421875;1.06333327293396;1.0733333826065063;3;3;1;1;0;0;1;1;0;0;1;0;0;1;1;1;1;0;0
15876;12;1;1;0;3;0;0;0;0;1;1;0.2604166567325592;15;-9.93212890625;5.02880859375;-9.93212890625;-0.0390625;1.0666667222976685;1.06333327293396;3;3;1;1;0;0;1;1;0;0;1;0;0;1;1;1;1;0;0
15887;12;1;1;0;3;0;0;0;0;1;1;0.2587890625;15;-9.92236328125;5.038818359375;-9.92236328125;-0.038818359375;1.0666667222976685;1.0666667222976685;3;3;1;1;0;0;1;1;0;0;1;0;0;1;1;1;1;0;0
15896;12;1;1;0;3;0;0;0;0;1;1;0.2587890625;15;-9.90771484375;5.053466796875;-9.90771484375;-0.038818359375;1.0700000524520874;1.06333327293396;3;3;1;1;0;0;1;1;0;0;1;0;0;1;1;1;1;0;0
15906;12;1;1;0;3;0;0;0;0;1;1;0.2587890625;15;-9.89794921875;5.063232421875;-9.89794921875;-0.038818359375;1.0700000524520874;1.0666667222976685;3;3;1;1;0;0;1;1;0;0;1;0;0;1;1;1;1;0;0
15916;12;1;1;0;3;0;0;0;0;1;1;0.2620442807674408;15;-9.883056640625;5.07763671875;-9.883056640625;-0.039306640625;1.0733333826065063;1.0600000619888306;3;3;1;1;0;0;1;1;0;0;1;0;0;1;1;1;1;0;0
15926;12;1;1;0;3;0;0;0;0;1;1;0.263671875;15;-9.873046875;5.08740234375;-9.873046875;-0.03955078125;1.0766665935516357;1.06333327293396;3;3;1;1;0;0;1;1;0;0;1;0;0;1;1;1;1;0;0
15936;12;1;1;0;3;0;0;0;0;1;1;0.2652994692325592;15;-9.8583984375;5.101806640625;-9.8583984375;-0.039794921875;1.0766665935516357;1.0600000619888306;3;3;1;1;0;0;1;1;0;0;1;0;0;1;1;1;1;0;0
15946;12;1;1;0;3;0;0;0;0;1;1;0.2669270932674408;15;-9.848388671875;5.111572265625;-9.848388671875;-0.0400390625;1.0800000429153442;1.0600000619888306;3;3;1;1;0;0;1;1;0;0;1;0;0;1;1;1;1;0;0
15956;12;1;1;0;3;0;0;0;0;1;1;0.2685546875;15;-9.83349609375;5.126220703125;-9.83349609375;-0.040283203125;1.0833333730697632;1.0600000619888306;3;3;1;1;0;0;1;1;0;0;1;0;0;1;1;1;1;0;0
15966;12;1;1;0;3;0;0;0;0;1;1;0.2718099057674408;15;-9.823486328125;5.1357421875;-9.823486328125;-0.040771484375;1.0833333730697632;1.0566667318344116;3;3;1;1;0;0;1;1;0;0;1;0;0;1;1;1;1;0;0
15976;12;1;1;0;3;0;0;0;0;1;1;0.2750650942325592;15;-9.80859375;5.150146484375;-9.80859375;-0.041259765625;1.0866667032241821;1.0499999523162842;3;3;1;1;0;0;1;1;0;0;1;0;0;1;1;1;1;0;0
15987;12;1;1;0;3;0;0;0;0;1;1;0.2766927182674408;15;-9.798583984375;5.159912109375;-9.798583984375;-0.04150390625;1.0866667032241821;1.0566667318344116;3;3;1;1;0;0;1;1;0;0;1;0;0;1;1;1;1;0;0
15996;12;1;1;0;3;0;0;0;0;1;1;0.2783203125;15;-9.78369140625;5.174560546875;-9.78369140625;-0.041748046875;1.0866667032241821;1.0533334016799927;3;3;1;1;0;0;1;1;0;0;1;0;0;1;1;1;1;0;0
16006;12;1;1;0;3;0;0;0;0;1;1;0.2815755307674408;15;-9.773681640625;5.18408203125;-9.773681640625;-0.042236328125;1.0866667032241821;1.0566667318344116;3;3;1;1;0;0;1;1;0;0;1;0;0;1;1;1;1;0;0
16016;12;1;1;0;3;0;0;0;0;1;1;0.2864583432674408;15;-9.758544921875;5.198486328125;-9.758544921875;-0.04296875;1.0900000333786011;1.0433334112167358;3;3;1;1;0;0;1;1;0;0;1;0;0;1;1;1;1;0;0
16026;12;1;1;0;3;0;0;0;0;1;1;0.2897135317325592;15;-9.74853515625;5.2080078125;-9.74853515625;-0.04345703125;1.09333336353302;1.0499999523162842;3;3;1;1;0;0;1;1;0;0;1;0;0;1;1;1;1;0;0
16036;12;1;1;0;3;0;0;0;0;1;1;0.29296875;15;-9.733642578125;5.222412109375;-9.733642578125;-0.0439453125;1.0900000333786011;1.0466666221618652;3;3;1;1;0;0;1;1;0;0;1;0;0;1;1;1;1;0;0
16046;12;1;1;0;3;0;0;0;0;1;1;0.2945963442325592;15;-9.7236328125;5.232177734375;-9.7236328125;-0.044189453125;1.09333336353302;1.0499999523162842;3;3;1;1;0;0;1;1;0;0;1;0;0;1;1;1;1;0;0
16056;12;1;1;0;3;0;0;0;0;1;1;0.2978515625;15;-9.708740234375;5.24658203125;-9.708740234375;-0.044677734375;1.09333336353302;1.0533334016799927;3;3;1;1;0;0;1;1;0;0;1;0;0;1;1;1;1;0;0
16066;12;1;1;0;3;0;0;0;0;1;1;0.3011067807674408;15;-9.698486328125;5.25634765625;-9.698486328125;-0.045166015625;1.09333336353302;1.0499999523162842;3;3;1;1;0;0;1;1;0;0;1;0;0;1;1;1;1;0;0
16076;12;1;1;0;3;0;0;0;0;1;1;0.3059895932674408;15;-9.68359375;5.2705078125;-9.68359375;-0.0458984375;1.09333336353302;1.0466666221618652;3;3;1;1;0;0;1;1;0;0;1;0;0;1;1;1;1;0;0
16086;12;1;1;0;3;0;0;0;0;1;1;0.3076171875;15;-9.673583984375;5.2802734375;-9.673583984375;-0.046142578125;1.09333336353302;1.0499999523162842;3;3;1;1;0;0;1;1;0;0;1;0;0;1;1;1;1;0;0
16096;12;1;1;0;3;0;0;0;0;1;1;0.3125;15;-9.658447265625;5.294677734375;-9.658447265625;-0.046875;1.09333336353302;1.0466666221618652;3;3;1;1;0;0;1;1;0;0;1;0;0;1;1;1;1;0;0
16106;12;1;1;0;3;0;0;0;0;1;1;0.3157552182674408;15;-9.6484375;5.30419921875;-9.6484375;-0.04736328125;1.096666693687439;1.0466666221618652;3;3;1;1;0;0;1;1;0;0;1;0;0;1;1;1;1;0;0
16116;12;1;1;0;3;0;0;0;0;1;1;0.3206380307674408;15;-9.63330078125;5.318603515625;-9.63330078125;-0.048095703125;1.09333336353302;1.0433334112167358;3;3;1;1;0;0;1;1;0;0;1;0;0;1;1;1;1;0;0
16126;12;1;1;0;3;0;0;0;0;1;1;0.3238932192325592;15;-9.623291015625;5.328125;-9.623291015625;-0.048583984375;1.096666693687439;1.0466666221618652;3;3;1;1;0;0;1;1;0;0;1;0;0;1;1;1;1;0;0
16136;12;1;1;0;3;0;0;0;0;1;1;0.3271484375;15;-9.608154296875;5.3427734375;-9.608154296875;-0.049072265625;1.09333336353302;1.0499999523162842;3;3;1;1;0;0;1;1;0;0;1;0;0;1;1;1;1;0;0
16146;12;1;1;0;3;0;0;0;0;1;1;0.3304036557674408;15;-9.59814453125;5.352294921875;-9.59814453125;-0.049560546875;1.09333336353302;1.0466666221618652;3;3;1;1;0;0;1;1;0;0;1;0;0;1;1;1;1;0;0
16156;12;1;1;0;3;0;0;0;0;1;1;0.3352864682674408;15;-9.583251953125;5.366455078125;-9.583251953125;-0.05029296875;1.09333336353302;1.0433334112167358;3;3;1;1;0;0;1;1;0;0;1;0;0;1;1;1;1;0;0
16166;12;1;1;0;3;0;0;0;0;1;1;0.3369140625;15;-9.5732421875;5.376220703125;-9.5732421875;-0.050537109375;1.09333336353302;1.0433334112167358;3;3;1;1;0;0;1;1;0;0;1;0;0;1;1;1;1;0;0
16176;12;1;1;0;3;0;0;0;0;1;1;0.341796875;15;-9.55810546875;5.390625;-9.55810546875;-0.05126953125;1.09333336353302;1.0499999523162842;3;3;1;1;0;0;1;1;0;0;1;0;0;1;1;1;1;0;0
16188;12;1;1;0;3;0;0;0;0;1;1;0.3450520932674408;15;-9.548095703125;5.400146484375;-9.548095703125;-0.0517578125;1.09333336353302;1.0499999523162842;3;3;1;1;0;0;1;1;0;0;1;0;0;1;1;1;1;0;0
16196;12;1;1;0;3;0;0;0;0;1;1;0.3483072817325592;15;-9.532958984375;5.414794921875;-9.532958984375;-0.05224609375;1.09333336353302;1.0499999523162842;3;3;1;1;0;0;1;1;0;0;1;0;0;1;1;1;1;0;0
16206;12;1;1;0;3;0;0;0;0;1;1;0.3515625;15;-9.52294921875;5.42431640625;-9.52294921875;-0.052734375;1.09333336353302;1.0466666221618652;3;3;1;1;0;0;1;1;0;0;1;0;0;1;1;1;1;0;0
16217;12;1;1;0;3;0;0;0;0;1;1;0.3548177182674408;15;-9.508056640625;5.438720703125;-9.508056640625;-0.05322265625;1.09333336353302;1.0533334016799927;3;3;1;1;0;0;1;1;0;0;1;0;0;1;1;1;1;0;0
16226;12;1;1;0;3;0;0;0;0;1;1;0.3564453125;15;-9.498046875;5.448486328125;-9.498046875;-0.053466796875;1.09333336353302;1.0533334016799927;3;3;1;1;0;0;1;1;0;0;1;0;0;1;1;1;1;0;0
16236;12;1;1;0;3;0;0;0;0;1;1;0.361328125;15;-9.48291015625;5.462890625;-9.48291015625;-0.05419921875;1.09333336353302;1.0533334016799927;3;3;1;1;0;0;1;1;0;0;1;0;0;1;1;1;1;0;0
16247;12;1;1;0;3;0;0;0;0;1;1;0.3629557192325592;15;-9.472900390625;5.47265625;-9.472900390625;-0.054443359375;1.096666693687439;1.0566667318344116;3;3;1;1;0;0;1;1;0;0;1;0;0;1;1;1;1;0;0
16256;12;1;1;0;3;0;0;0;0;1;1;0.3645833432674408;15;-9.457763671875;5.487548828125;-9.457763671875;-0.0546875;1.1000000238418579;1.06333327293396;3;3;1;1;0;0;1;1;0;0;1;0;0;1;1;1;1;0;0
16266;12;1;1;0;3;0;0;0;0;1;1;0.3678385317325592;15;-9.447509765625;5.497314453125;-9.447509765625;-0.05517578125;1.1033333539962769;1.0666667222976685;3;3;1;1;0;0;1;1;0;0;1;0;0;1;1;1;1;0;0
16276;12;1;1;0;3;0;0;0;0;1;1;0.3694661557674408;15;-9.432373046875;5.51220703125;-9.432373046875;-0.055419921875;1.1066666841506958;1.0733333826065063;3;3;1;1;0;0;1;1;0;0;1;0;0;1;1;1;1;0;0
16287;12;1;1;0;3;0;0;0;0;1;1;0.3727213442325592;15;-9.422119140625;5.52197265625;-9.422119140625;-0.055908203125;1.1066666841506958;1.0766665935516357;3;3;1;1;0;0;1;1;0;0;1;0;0;1;1;1;1;0;0
16296;12;1;1;0;3;0;0;0;0;1;1;0.3743489682674408;15;-9.40673828125;5.537109375;-9.40673828125;-0.05615234375;1.1133333444595337;1.0833333730697632;3;3;1;1;0;0;1;1;0;0;1;0;0;1;1;1;1;0;0
16306;12;1;1;0;3;0;0;0;0;1;1;0.3759765625;15;-9.396484375;5.547119140625;-9.396484375;-0.056396484375;1.1133333444595337;1.0900000333786011;3;3;1;1;0;0;1;1;0;0;1;0;0;1;1;1;1;0;0
16318;12;1;1;0;3;0;0;0;0;1;1;0.3776041567325592;15;-9.381103515625;5.562255859375;-9.381103515625;-0.056640625;1.1166666746139526;1.0900000333786011;3;3;1;1;0;0;1;1;0;0;1;0;0;1;1;1;1;0;0
16328;12;1;1;0;3;0;0;0;0;1;1;0.3792317807674408;15;-9.370849609375;5.572265625;-9.370849609375;-0.056884765625;1.1200001239776611;1.096666693687439;3;3;1;1;0;0;1;1;0;0;1;0;0;1;1;1;1;0;0
16336;12;1;1;0;3;0;0;0;0;1;1;0.380859375;15;-9.355224609375;5.587646484375;-9.355224609375;-0.05712890625;1.1200001239776611;1.1033333539962769;3;3;1;1;0;0;1;1;0;0;1;0;0;1;1;1;1;0;0
16346;12;1;1;0;3;0;0;0;0;1;1;0.3824869692325592;15;-9.344970703125;5.59765625;-9.344970703125;-0.057373046875;1.1233333349227905;1.1033333539962769;3;3;1;1;0;0;1;1;0;0;1;0;0;1;1;1;1;0;0
16356;12;1;1;0;3;0;0;0;0;1;1;0.3824869692325592;15;-9.32958984375;5.613037109375;-9.32958984375;-0.057373046875;1.1233333349227905;1.1100000143051147;3;3;1;1;0;0;1;1;0;0;1;0;0;1;1;1;1;0;0
16366;12;1;1;0;3;0;0;0;0;1;1;0.3841145932674408;15;-9.319091796875;5.623291015625;-9.319091796875;-0.0576171875;1.1266666650772095;1.1100000143051147;3;3;1;1;0;0;1;1;0;0;1;0;0;1;1;1;1;0;0
16376;12;1;1;0;3;0;0;0;0;1;1;0.3857421875;15;-9.303466796875;5.638671875;-9.303466796875;-0.057861328125;1.1299999952316284;1.1166666746139526;3;3;1;1;0;0;1;1;0;0;1;0;0;1;1;1;1;0;0
16387;12;1;1;0;3;0;0;0;0;1;1;0.3857421875;15;-9.293212890625;5.64892578125;-9.293212890625;-0.057861328125;1.1299999952316284;1.1166666746139526;3;3;1;1;0;0;1;1;0;0;1;0;0;1;1;1;1;0;0
16396;12;1;1;0;3;0;0;0;0;1;1;0.3857421875;15;-9.277587890625;5.66455078125;-9.277587890625;-0.057861328125;1.1299999952316284;1.1266666650772095;3;3;1;1;0;0;1;1;0;0;1;0;0;1;1;1;1;0;0
16406;12;1;1;0;3;0;0;0;0;1;1;0.3857421875;15;-9.267333984375;5.6748046875;-9.267333984375;-0.057861328125;1.1333333253860474;1.1233333349227905;3;3;1;1;0;0;1;1;0;0;1;0;0;1;1;1;1;0;0
16416;12;1;1;0;3;0;0;0;0;1;1;0.3857421875;15;-9.251708984375;5.6904296875;-9.251708984375;-0.057861328125;1.1333333253860474;1.1299999952316284;3;3;1;1;0;0;1;1;0;0;1;0;0;1;1;1;1;0;0
16426;12;1;1;0;3;0;0;0;0;1;1;0.3857421875;15;-9.2412109375;5.700927734375;-9.2412109375;-0.057861328125;1.1366667747497559;1.1333333253860474;3;3;1;1;0;0;1;1;0;0;1;0;0;1;1;1;1;0;0
16438;12;1;1;0;3;0;0;0;0;1;1;0.3857421875;15;-9.2255859375;5.716552734375;-9.2255859375;-0.057861328125;1.1366667747497559;1.1366667747497559;3;3;1;1;0;0;1;1;0;0;1;0;0;1;1;1;1;0;0
16446;12;1;1;0;3;0;0;0;0;1;1;0.3857421875;15;-9.215087890625;5.72705078125;-9.215087890625;-0.057861328125;1.1366667747497559;1.1366667747497559;3;3;1;1;0;0;1;1;0;0;1;0;0;1;1;1;1;0;0
16456;12;1;1;0;3;0;0;0;0;1;1;0.3841145932674408;15;-9.199462890625;5.742919921875;-9.199462890625;-0.0576171875;1.1366667747497559;1.1433333158493042;3;3;1;1;0;0;1;1;0;0;1;0;0;1;1;1;1;0;0
16466;12;1;1;0;3;0;0;0;0;1;1;0.3857421875;15;-9.18896484375;5.753173828125;-9.18896484375;-0.057861328125;1.1399999856948853;1.1433333158493042;3;3;1;1;0;0;1;1;0;0;1;0;0;1;1;1;1;0;0
16476;12;1;1;0;3;0;0;0;0;1;1;0.3841145932674408;15;-9.17333984375;5.76904296875;-9.17333984375;-0.0576171875;1.1399999856948853;1.1466667652130127;3;3;1;1;0;0;1;1;0;0;1;0;0;1;1;1;1;0;0
16487;12;1;1;0;3;0;0;0;0;1;1;0.3841145932674408;15;-9.162841796875;5.779541015625;-9.162841796875;-0.0576171875;1.1399999856948853;1.1499999761581421;4;4;1;1;0;0;1;1;0;0;1;0;0;1;1;1;1;0;0
16496;12;1;1;0;4;0;0;0;0;1;1;0.3824869692325592;15;-9.14697265625;5.795654296875;-9.14697265625;-0.057373046875;1.1433333158493042;1.1499999761581421;4;4;1;1;0;0;1;1;0;0;1;0;0;1;1;1;1;0;0
16506;12;1;1;0;4;0;0;0;0;1;1;0.3824869692325592;15;-9.136474609375;5.80615234375;-9.136474609375;-0.057373046875;1.1433333158493042;1.1533334255218506;4;4;1;1;0;0;1;1;0;0;1;0;0;1;1;1;1;0;0
16519;12;1;1;0;4;0;0;0;0;1;1;0.380859375;15;-9.120849609375;5.822021484375;-9.120849609375;-0.05712890625;1.1466667652130127;1.15666663646698;4;4;1;1;0;0;1;1;0;0;1;0;0;1;1;1;1;0;0
16528;12;1;1;0;4;0;0;0;0;1;1;0.3792317807674408;15;-9.1103515625;5.832763671875;-9.1103515625;-0.056884765625;1.1466667652130127;1.15666663646698;4;4;1;1;0;0;1;1;0;0;1;0;0;1;1;1;1;0;0
16536;12;1;1;0;4;0;0;0;0;1;1;0.3792317807674408;15;-9.094482421875;5.8486328125;-9.094482421875;-0.056884765625;1.1466667652130127;1.15666663646698;4;4;1;1;0;0;1;1;0;0;1;0;0;1;1;1;1;0;0
16547;12;1;1;0;4;0;0;0;0;1;1;0.3776041567325592;15;-9.083984375;5.859375;-9.083984375;-0.056640625;1.1499999761581421;1.1633334159851074;4;4;1;1;0;0;1;1;0;0;1;0;0;1;1;1;1;0;0
16556;12;1;1;0;4;0;0;0;0;1;1;0.3759765625;15;-9.068115234375;5.87548828125;-9.068115234375;-0.056396484375;1.1499999761581421;1.1633334159851074;4;4;1;1;0;0;1;1;0;0;1;0;0;1;1;1;1;0;0
16566;12;1;1;0;4;0;0;0;0;1;1;0.3776041567325592;15;-9.057373046875;5.885986328125;-9.057373046875;-0.056640625;1.1533334255218506;1.1666666269302368;4;4;1;1;0;0;1;1;0;0;1;0;0;1;1;1;1;0;0
16576;12;1;1;0;4;0;0;0;0;1;1;0.3759765625;15;-9.04150390625;5.902099609375;-9.04150390625;-0.056396484375;1.1533334255218506;1.1666666269302368;4;4;1;1;0;0;1;1;0;0;1;0;0;1;1;1;1;0;0
16586;12;1;1;0;4;0;0;0;0;1;1;0.3743489682674408;15;-9.031005859375;5.912841796875;-9.031005859375;-0.05615234375;1.1533334255218506;1.1700000762939453;4;4;1;1;0;0;1;1;0;0;1;0;0;1;1;1;1;0;0
16596;12;1;1;0;4;0;0;0;0;1;1;0.3727213442325592;15;-9.01513671875;5.928955078125;-9.01513671875;-0.055908203125;1.15666663646698;1.1700000762939453;4;4;1;1;0;0;1;1;0;0;1;0;0;1;1;1;1;0;0
16606;12;1;1;0;4;0;0;0;0;1;1;0.37109375;15;-9.00439453125;5.93994140625;-9.00439453125;-0.0556640625;1.15666663646698;1.1733334064483643;4;4;1;1;0;0;1;1;0;0;1;0;0;1;1;1;1;0;0
16617;12;1;1;0;4;0;0;0;0;1;1;0.3694661557674408;15;-8.988525390625;5.9560546875;-8.988525390625;-0.055419921875;1.1599999666213989;1.1733334064483643;4;4;1;1;0;0;1;1;0;0;1;0;0;1;1;1;1;0;0
16626;12;1;1;0;4;0;0;0;0;1;1;0.3694661557674408;15;-8.977783203125;5.966796875;-8.977783203125;-0.055419921875;1.1599999666213989;1.1733334064483643;4;4;1;1;0;0;1;1;0;0;1;0;0;1;1;1;1;0;0
16636;12;1;1;0;4;0;0;0;0;1;1;0.3694661557674408;15;-8.961669921875;5.98291015625;-8.961669921875;-0.055419921875;1.1633334159851074;1.1766666173934937;4;4;1;1;0;0;1;1;0;0;1;0;0;1;1;1;1;0;0
16647;12;1;1;0;4;0;0;0;0;1;1;0.3662109375;15;-8.951171875;5.993896484375;-8.951171875;-0.054931640625;1.1633334159851074;1.1800000667572021;4;4;1;1;0;0;1;1;0;0;1;0;0;1;1;1;1;0;0
16656;12;1;1;0;4;0;0;0;0;1;1;0.3662109375;15;-8.93505859375;6.010009765625;-8.93505859375;-0.054931640625;1.1666666269302368;1.1800000667572021;4;4;1;1;0;0;1;1;0;0;1;0;0;1;1;1;1;0;0
16666;12;1;1;0;4;0;0;0;0;1;1;0.3645833432674408;15;-8.92431640625;6.02099609375;-8.92431640625;-0.0546875;1.1666666269302368;1.1800000667572021;4;4;1;1;0;0;1;1;0;0;1;0;0;1;1;1;1;0;0
16676;12;1;1;0;4;0;0;0;0;1;1;0.3645833432674408;15;-8.908203125;6.037109375;-8.908203125;-0.0546875;1.1666666269302368;1.1800000667572021;4;4;1;1;0;0;1;1;0;0;1;0;0;1;1;1;1;0;0
16686;12;1;1;0;4;0;0;0;0;1;1;0.3629557192325592;15;-8.8974609375;6.048095703125;-8.8974609375;-0.054443359375;1.1700000762939453;1.1833332777023315;4;4;1;1;0;0;1;1;0;0;1;0;0;1;1;1;1;0;0
16696;12;1;1;0;4;0;0;0;0;1;1;0.361328125;15;-8.88134765625;6.064453125;-8.88134765625;-0.05419921875;1.1700000762939453;1.1833332777023315;4;4;1;1;0;0;1;1;0;0;1;0;0;1;1;1;1;0;0
16706;12;1;1;0;4;0;0;0;0;1;1;0.361328125;15;-8.87060546875;6.0751953125;-8.87060546875;-0.05419921875;1.1700000762939453;1.1833332777023315;4;4;1;1;0;0;1;1;0;0;1;0;0;1;1;1;1;0;0
16716;12;1;1;0;4;0;0;0;0;1;1;0.3597005307674408;15;-8.8544921875;6.091552734375;-8.8544921875;-0.053955078125;1.1733334064483643;1.18666672706604;4;4;1;1;0;0;1;1;0;0;1;0;0;1;1;1;1;0;0
16726;12;1;1;0;4;0;0;0;0;1;1;0.3597005307674408;15;-8.84375;6.102294921875;-8.84375;-0.053955078125;1.1733334064483643;1.1833332777023315;4;4;1;1;0;0;1;1;0;0;1;0;0;1;1;1;1;0;0
16736;12;1;1;0;4;0;0;0;0;1;1;0.3580729067325592;15;-8.82763671875;6.11865234375;-8.82763671875;-0.0537109375;1.1733334064483643;1.18666672706604;4;4;1;1;0;0;1;1;0;0;1;0;0;1;1;1;1;0;0
16747;12;1;1;0;4;0;0;0;0;1;1;0.3564453125;15;-8.81689453125;6.129638671875;-8.81689453125;-0.053466796875;1.1766666173934937;1.18666672706604;4;4;1;1;0;0;1;1;0;0;1;0;0;1;1;1;1;0;0
16756;12;1;1;0;4;0;0;0;0;1;1;0.3564453125;15;-8.800537109375;6.14599609375;-8.800537109375;-0.053466796875;1.1766666173934937;1.190000057220459;4;4;1;1;0;0;1;1;0;0;1;0;0;1;1;1;1;0;0
16766;12;1;1;0;4;0;0;0;0;1;1;0.3548177182674408;15;-8.789794921875;6.156982421875;-8.789794921875;-0.05322265625;1.1766666173934937;1.18666672706604;4;4;1;1;0;0;1;1;0;0;1;0;0;1;1;1;1;0;0
16776;12;1;1;0;4;0;0;0;0;1;1;0.3564453125;15;-8.7734375;6.173095703125;-8.7734375;-0.053466796875;1.1800000667572021;1.18666672706604;4;4;1;1;0;0;1;1;0;0;1;0;0;1;1;1;1;0;0
16786;12;1;1;0;4;0;0;0;0;1;1;0.3548177182674408;15;-8.7626953125;6.18408203125;-8.7626953125;-0.05322265625;1.1800000667572021;1.190000057220459;4;4;1;1;0;0;1;1;0;0;1;0;0;1;1;1;1;0;0
16796;12;1;1;0;4;0;0;0;0;1;1;0.3548177182674408;15;-8.746337890625;6.200439453125;-8.746337890625;-0.05322265625;1.1800000667572021;1.190000057220459;4;4;1;1;0;0;1;1;0;0;1;0;0;1;1;1;1;0;0
16806;12;1;1;0;4;0;0;0;0;1;1;0.3531900942325592;15;-8.735595703125;6.21142578125;-8.735595703125;-0.052978515625;1.1800000667572021;1.190000057220459;4;4;1;1;0;0;1;1;0;0;1;0;0;1;1;1;1;0;0
16816;12;1;1;0;4;0;0;0;0;1;1;0.3515625;15;-8.719482421875;6.227783203125;-8.719482421875;-0.052734375;1.1833332777023315;1.190000057220459;4;4;1;1;0;0;1;1;0;0;1;0;0;1;1;1;1;0;0
16826;12;1;1;0;4;0;0;0;0;1;1;0.3515625;15;-8.70849609375;6.23876953125;-8.70849609375;-0.052734375;1.1833332777023315;1.190000057220459;4;4;1;1;0;0;1;1;0;0;1;0;0;1;1;1;1;0;0
16836;12;1;1;0;4;0;0;0;0;1;1;0.3515625;15;-8.692138671875;6.255126953125;-8.692138671875;-0.052734375;1.1833332777023315;1.190000057220459;4;4;1;1;0;0;1;1;0;0;1;0;0;1;1;1;1;0;0
16847;12;1;1;0;4;0;0;0;0;1;1;0.3499349057674408;15;-8.681396484375;6.26611328125;-8.681396484375;-0.052490234375;1.18666672706604;1.1933332681655884;4;4;1;1;0;0;1;1;0;0;1;0;0;1;1;1;1;0;0
16856;12;1;1;0;4;0;0;0;0;1;1;0.3499349057674408;15;-8.6650390625;6.282470703125;-8.6650390625;-0.052490234375;1.18666672706604;1.190000057220459;4;4;1;1;0;0;1;1;0;0;1;0;0;1;1;1;1;0;0
16866;12;1;1;0;4;0;0;0;0;1;1;0.3515625;15;-8.654052734375;6.293212890625;-8.654052734375;-0.052734375;1.18666672706604;1.190000057220459;4;4;1;1;0;0;1;1;0;0;1;0;0;1;1;1;1;0;0
16876;12;1;1;0;4;0;0;0;0;1;1;0.3515625;15;-8.6376953125;6.3095703125;-8.6376953125;-0.052734375;1.18666672706604;1.190000057220459;4;4;1;1;0;0;1;1;0;0;1;0;0;1;1;1;1;0;0
16886;12;1;1;0;4;0;0;0;0;1;1;0.3499349057674408;15;-8.626953125;6.320556640625;-8.626953125;-0.052490234375;1.190000057220459;1.1933332681655884;4;4;1;1;0;0;1;1;0;0;1;0;0;1;1;1;1;0;0
16896;12;1;1;0;4;0;0;0;0;1;1;0.3499349057674408;15;-8.610595703125;6.3369140625;-8.610595703125;-0.052490234375;1.190000057220459;1.190000057220459;4;4;1;1;0;0;1;1;0;0;1;0;0;1;1;1;1;0;0
16906;12;1;1;0;4;0;0;0;0;1;1;0.3499349057674408;15;-8.599609375;6.347900390625;-8.599609375;-0.052490234375;1.190000057220459;1.1933332681655884;4;4;1;1;0;0;1;1;0;0;1;0;0;1;1;1;1;0;0
16916;12;1;1;0;4;0;0;0;0;1;1;0.3499349057674408;15;-8.583251953125;6.3642578125;-8.583251953125;-0.052490234375;1.190000057220459;1.190000057220459;4;4;1;1;0;0;1;1;0;0;1;0;0;1;1;1;1;0;0
16926;12;1;1;0;4;0;0;0;0;1;1;0.3499349057674408;15;-8.572265625;6.375244140625;-8.572265625;-0.052490234375;1.190000057220459;1.1933332681655884;4;4;1;1;0;0;1;1;0;0;1;0;0;1;1;1;1;0;0
16936;12;1;1;0;4;0;0;0;0;1;1;0.3499349057674408;15;-8.555908203125;6.3916015625;-8.555908203125;-0.052490234375;1.1933332681655884;1.1933332681655884;4;4;1;1;0;0;1;1;0;0;1;0;0;1;1;1;1;0;0
16947;12;1;1;0;4;0;0;0;0;1;1;0.3499349057674408;15;-8.544921875;6.402587890625;-8.544921875;-0.052490234375;1.1933332681655884;1.1933332681655884;4;4;1;1;0;0;1;1;0;0;1;0;0;1;1;1;1;0;0
16956;12;1;1;0;4;0;0;0;0;1;1;0.3483072817325592;15;-8.528564453125;6.419189453125;-8.528564453125;-0.05224609375;1.1966667175292969;1.1933332681655884;4;4;1;1;0;0;1;1;0;0;1;0;0;1;1;1;1;0;0
16966;12;1;1;0;4;0;0;0;0;1;1;0.3499349057674408;15;-8.517333984375;6.43017578125;-8.517333984375;-0.052490234375;1.2000000476837158;1.1966667175292969;4;4;1;1;0;0;1;1;0;0;1;0;0;1;1;1;1;0;0
16976;12;1;1;0;4;0;0;0;0;1;1;0.3499349057674408;15;-8.500732421875;6.44677734375;-8.500732421875;-0.052490234375;1.2033333778381348;1.2033333778381348;4;4;1;1;0;0;1;1;0;0;1;0;0;1;1;1;1;0;0
16986;12;1;1;0;4;0;0;0;0;1;1;0.3499349057674408;15;-8.48974609375;6.457763671875;-8.48974609375;-0.052490234375;1.2066667079925537;1.2033333778381348;4;4;1;1;0;0;1;1;0;0;1;0;0;1;1;1;1;0;0
16996;12;1;1;0;4;0;0;0;0;1;1;0.3499349057674408;15;-8.472900390625;6.474609375;-8.472900390625;-0.052490234375;1.2099999189376831;1.2099999189376831;4;4;1;1;0;0;1;1;0;0;1;0;0;1;1;1;1;0;0
17006;12;1;1;0;4;0;0;0;0;1;1;0.3515625;15;-8.461669921875;6.485595703125;-8.461669921875;-0.052734375;1.2133333683013916;1.2099999189376831;4;4;1;1;0;0;1;1;0;0;1;0;0;1;1;1;1;0;0
17016;12;1;1;0;4;0;0;0;0;1;1;0.3515625;15;-8.44482421875;6.50244140625;-8.44482421875;-0.052734375;1.2200000286102295;1.2133333683013916;4;4;1;1;0;0;1;1;0;0;1;0;0;1;1;1;1;0;0
17026;12;1;1;0;4;0;0;0;0;1;1;0.3515625;15;-8.43359375;6.513671875;-8.43359375;-0.052734375;1.2200000286102295;1.2200000286102295;4;4;1;1;0;0;1;1;0;0;1;0;0;1;1;1;1;0;0
17036;12;1;1;0;4;0;0;0;0;1;1;0.3515625;15;-8.416748046875;6.530517578125;-8.416748046875;-0.052734375;1.2266666889190674;1.2233333587646484;4;4;1;1;0;0;1;1;0;0;1;0;0;1;1;1;1;0;0
17048;12;1;1;0;4;0;0;0;0;1;1;0.3515625;15;-8.405517578125;6.541748046875;-8.405517578125;-0.052734375;1.2266666889190674;1.2233333587646484;4;4;1;1;0;0;1;1;0;0;1;0;0;1;1;1;1;0;0
17056;12;1;1;0;4;0;0;0;0;1;1;0.3531900942325592;15;-8.388427734375;6.55859375;-8.388427734375;-0.052978515625;1.2300000190734863;1.2266666889190674;4;4;1;1;0;0;1;1;0;0;1;0;0;1;1;1;1;0;0
17066;12;1;1;0;4;0;0;0;0;1;1;0.3515625;15;-8.377197265625;6.570068359375;-8.377197265625;-0.052734375;1.2333333492279053;1.2266666889190674;4;4;1;1;0;0;1;1;0;0;1;0;0;1;1;1;1;0;0
17076;12;1;1;0;4;0;0;0;0;1;1;0.3531900942325592;15;-8.360107421875;6.5869140625;-8.360107421875;-0.052978515625;1.2366667985916138;1.2300000190734863;4;4;1;1;0;0;1;1;0;0;1;0;0;1;1;1;1;0;0
17086;12;1;1;0;4;0;0;0;0;1;1;0.3515625;15;-8.348876953125;6.598388671875;-8.348876953125;-0.052734375;1.2366667985916138;1.2366667985916138;4;4;1;1;0;0;1;1;0;0;1;0;0;1;1;1;1;0;0
17096;12;1;1;0;4;0;0;0;0;1;1;0.3531900942325592;15;-8.331787109375;6.615234375;-8.331787109375;-0.052978515625;1.2400000095367432;1.2333333492279053;4;4;1;1;0;0;1;1;0;0;1;0;0;1;1;1;1;0;0
17106;12;1;1;0;4;0;0;0;0;1;1;0.3531900942325592;15;-8.3203125;6.626708984375;-8.3203125;-0.052978515625;1.2400000095367432;1.2366667985916138;4;4;1;1;0;0;1;1;0;0;1;0;0;1;1;1;1;0;0
17116;12;1;1;0;4;0;0;0;0;1;1;0.3531900942325592;15;-8.30322265625;6.643798828125;-8.30322265625;-0.052978515625;1.2433333396911621;1.2400000095367432;4;4;1;1;0;0;1;1;0;0;1;0;0;1;1;1;1;0;0
17126;12;1;1;0;4;0;0;0;0;1;1;0.3531900942325592;15;-8.291748046875;6.6552734375;-8.291748046875;-0.052978515625;1.2466666698455811;1.2400000095367432;4;4;1;1;0;0;1;1;0;0;1;0;0;1;1;1;1;0;0
17136;12;1;1;0;4;0;0;0;0;1;1;0.3531900942325592;15;-8.274658203125;6.67236328125;-8.274658203125;-0.052978515625;1.2466666698455811;1.2433333396911621;4;4;1;1;0;0;1;1;0;0;1;0;0;1;1;1;1;0;0
17147;12;1;1;0;4;0;0;0;0;1;1;0.3531900942325592;15;-8.26318359375;6.683837890625;-8.26318359375;-0.052978515625;1.2466666698455811;1.2466666698455811;4;4;1;1;0;0;1;1;0;0;1;0;0;1;1;1;1;0;0
17156;12;1;1;0;4;0;0;0;0;1;1;0.3548177182674408;15;-8.245849609375;6.700927734375;-8.245849609375;-0.05322265625;1.25;1.2433333396911621;4;4;1;1;0;0;1;1;0;0;1;0;0;1;1;1;1;0;0
17168;12;1;1;0;4;0;0;0;0;1;1;0.3548177182674408;15;-8.234375;6.71240234375;-8.234375;-0.05322265625;1.25;1.25;4;4;1;1;0;0;1;1;0;0;1;0;0;1;1;1;1;0;0
17176;12;1;1;0;4;0;0;0;0;1;1;0.3531900942325592;15;-8.21728515625;6.729736328125;-8.21728515625;-0.052978515625;1.25;1.25;4;4;1;1;0;0;1;1;0;0;1;0;0;1;1;1;1;0;0
17187;12;1;1;0;4;0;0;0;0;1;1;0.3548177182674408;15;-8.205810546875;6.740966796875;-8.205810546875;-0.05322265625;1.2533334493637085;1.25;4;4;1;1;0;0;1;1;0;0;1;0;0;1;1;1;1;0;0
17196;12;1;1;0;4;0;0;0;0;1;1;0.3548177182674408;15;-8.1884765625;6.75830078125;-8.1884765625;-0.05322265625;1.2566666603088379;1.2533334493637085;4;4;1;1;0;0;1;1;0;0;1;0;0;1;1;1;1;0;0
17206;12;1;1;0;4;0;0;0;0;1;1;0.3548177182674408;15;-8.177001953125;6.769775390625;-8.177001953125;-0.05322265625;1.2533334493637085;1.25;5;5;1;1;0;0;1;1;0;0;1;0;0;1;1;1;1;0;0
17216;12;1;1;0;5;0;0;0;0;1;1;0.3548177182674408;15;-8.15966796875;6.787109375;-8.15966796875;-0.05322265625;1.2566666603088379;1.2533334493637085;5;5;1;1;0;0;1;1;0;0;1;0;0;1;1;1;1;0;0
17226;12;1;1;0;5;0;0;0;0;1;1;0.3548177182674408;15;-8.148193359375;6.798583984375;-8.148193359375;-0.05322265625;1.2566666603088379;1.2566666603088379;5;5;1;1;0;0;1;1;0;0;1;0;0;1;1;1;1;0;0
17236;12;1;1;0;5;0;0;0;0;1;1;0.3564453125;15;-8.130615234375;6.81591796875;-8.130615234375;-0.053466796875;1.2599999904632568;1.2566666603088379;5;5;1;1;0;0;1;1;0;0;1;0;0;1;1;1;1;0;0
17247;12;1;1;0;5;0;0;0;0;1;1;0.3564453125;15;-8.119140625;6.827392578125;-8.119140625;-0.053466796875;1.2599999904632568;1.2566666603088379;5;5;1;1;0;0;1;1;0;0;1;0;0;1;1;1;1;0;0
17256;12;1;1;0;5;0;0;0;0;1;1;0.3564453125;15;-8.101806640625;6.8447265625;-8.101806640625;-0.053466796875;1.2599999904632568;1.2566666603088379;5;5;1;1;0;0;1;1;0;0;1;0;0;1;1;1;1;0;0
17266;12;1;1;0;5;0;0;0;0;1;1;0.3564453125;15;-8.090087890625;6.8564453125;-8.090087890625;-0.053466796875;1.2633334398269653;1.2599999904632568;5;5;1;1;0;0;1;1;0;0;1;0;0;1;1;1;1;0;0
17277;12;1;1;0;5;0;0;0;0;1;1;0.3564453125;15;-8.07275390625;6.873779296875;-8.07275390625;-0.053466796875;1.2633334398269653;1.2633334398269653;5;5;1;1;0;0;1;1;0;0;1;0;0;1;1;1;1;0;0
17286;12;1;1;0;5;0;0;0;0;1;1;0.3564453125;15;-8.061279296875;6.88525390625;-8.061279296875;-0.053466796875;1.2633334398269653;1.2633334398269653;5;5;1;1;0;0;1;1;0;0;1;0;0;1;1;1;1;0;0
17296;12;1;1;0;5;0;0;0;0;1;1;0.3580729067325592;15;-8.043701171875;6.902587890625;-8.043701171875;-0.0537109375;1.2666666507720947;1.2599999904632568;5;5;1;1;0;0;1;1;0;0;1;0;0;1;1;1;1;0;0
17308;12;1;1;0;5;0;0;0;0;1;1;0.3564453125;15;-8.0322265625;6.914306640625;-8.0322265625;-0.053466796875;1.2666666507720947;1.2633334398269653;5;5;1;1;0;0;1;1;0;0;1;0;0;1;1;1;1;0;0
17316;12;1;1;0;5;0;0;0;0;1;1;0.3580729067325592;15;-8.0146484375;6.931640625;-8.0146484375;-0.0537109375;1.2666666507720947;1.2633334398269653;5;5;1;1;0;0;1;1;0;0;1;0;0;1;1;1;1;0;0
17326;12;1;1;0;5;0;0;0;0;1;1;0.3580729067325592;15;-8.003173828125;6.943115234375;-8.003173828125;-0.0537109375;1.2666666507720947;1.2599999904632568;5;5;1;1;0;0;1;1;0;0;1;0;0;1;1;1;1;0;0
17336;12;1;1;0;5;0;0;0;0;1;1;0.3580729067325592;15;-7.985595703125;6.960693359375;-7.985595703125;-0.0537109375;1.2700001001358032;1.2700001001358032;5;5;1;1;0;0;1;1;0;0;1;0;0;1;1;1;1;0;0
17346;12;1;1;0;5;0;0;0;0;1;1;0.3580729067325592;15;-7.973876953125;6.972412109375;-7.973876953125;-0.0537109375;1.2700001001358032;1.2700001001358032;5;5;1;1;0;0;1;1;0;0;1;0;0;1;1;1;1;0;0
17356;12;1;1;0;5;0;0;0;0;1;1;0.3580729067325592;15;-7.95654296875;6.98974609375;-7.95654296875;-0.0537109375;1.2700001001358032;1.2633334398269653;5;5;1;1;0;0;1;1;0;0;1;0;0;1;1;1;1;0;0
17366;12;1;1;0;5;0;0;0;0;1;1;0.3580729067325592;15;-7.94482421875;7.00146484375;-7.94482421875;-0.0537109375;1.2700001001358032;1.2700001001358032;5;5;1;1;0;0;1;1;0;0;1;0;0;1;1;1;1;0;0
17376;12;1;1;0;5;0;0;0;0;1;1;0.3597005307674408;15;-7.92724609375;7.018798828125;-7.92724609375;-0.053955078125;1.2733333110809326;1.2700001001358032;5;5;1;1;0;0;1;1;0;0;1;0;0;1;1;1;1;0;0
17386;12;1;1;0;5;0;0;0;0;1;1;0.361328125;15;-7.91552734375;7.0302734375;-7.91552734375;-0.05419921875;1.2733333110809326;1.2633334398269653;5;5;1;1;0;0;1;1;0;0;1;0;0;1;1;1;1;0;0
17396;12;1;1;0;5;0;0;0;0;1;1;0.361328125;15;-7.89794921875;7.0478515625;-7.89794921875;-0.05419921875;1.2733333110809326;1.2700001001358032;5;5;1;1;0;0;1;1;0;0;1;0;0;1;1;1;1;0;0
17406;12;1;1;0;5;0;0;0;0;1;1;0.3597005307674408;15;-7.886474609375;7.0595703125;-7.886474609375;-0.053955078125;1.2733333110809326;1.2733333110809326;5;5;1;1;0;0;1;1;0;0;1;0;0;1;1;1;1;0;0
17416;12;1;1;0;5;0;0;0;0;1;1;0.361328125;15;-7.868896484375;7.076904296875;-7.868896484375;-0.05419921875;1.2766666412353516;1.2700001001358032;5;5;1;1;0;0;1;1;0;0;1;0;0;1;1;1;1;0;0
17426;12;1;1;0;5;0;0;0;0;1;1;0.3597005307674408;15;-7.857177734375;7.0888671875;-7.857177734375;-0.053955078125;1.2766666412353516;1.2733333110809326;5;5;1;1;0;0;1;1;0;0;1;0;0;1;1;1;1;0;0
17436;12;1;1;0;5;0;0;0;0;1;1;0.361328125;15;-7.839599609375;7.106201171875;-7.839599609375;-0.05419921875;1.2766666412353516;1.2700001001358032;5;5;1;1;0;0;1;1;0;0;1;0;0;1;1;1;1;0;0
17447;12;1;1;0;5;0;0;0;0;1;1;0.361328125;15;-7.827880859375;7.117919921875;-7.827880859375;-0.05419921875;1.2766666412353516;1.2733333110809326;5;5;1;1;0;0;1;1;0;0;1;0;0;1;1;1;1;0;0
17456;12;1;1;0;5;0;0;0;0;1;1;0.361328125;15;-7.810302734375;7.135498046875;-7.810302734375;-0.05419921875;1.2766666412353516;1.2766666412353516;5;5;1;1;0;0;1;1;0;0;1;0;0;1;1;1;1;0;0
17466;12;1;1;0;5;0;0;0;0;1;1;0.3629557192325592;15;-7.798583984375;7.14697265625;-7.798583984375;-0.054443359375;1.2766666412353516;1.2666666507720947;5;5;1;1;0;0;1;1;0;0;1;0;0;1;1;1;1;0;0
17476;12;1;1;0;5;0;0;0;0;1;1;0.361328125;15;-7.781005859375;7.164794921875;-7.781005859375;-0.05419921875;1.2766666412353516;1.2766666412353516;5;5;1;1;0;0;1;1;0;0;1;0;0;1;1;1;1;0;0
17486;12;1;1;0;5;0;0;0;0;1;1;0.361328125;15;-7.769287109375;7.176513671875;-7.769287109375;-0.05419921875;1.2766666412353516;1.28000009059906;5;5;1;1;0;0;1;1;0;0;1;0;0;1;1;1;1;0;0
17496;12;1;1;0;5;0;0;0;0;1;1;0.3629557192325592;15;-7.751708984375;7.19384765625;-7.751708984375;-0.054443359375;1.28000009059906;1.2700001001358032;5;5;1;1;0;0;1;1;0;0;1;0;0;1;1;1;1;0;0
17506;12;1;1;0;5;0;0;0;0;1;1;0.3629557192325592;15;-7.739990234375;7.20556640625;-7.739990234375;-0.054443359375;1.28000009059906;1.2700001001358032;5;5;1;1;0;0;1;1;0;0;1;0;0;1;1;1;1;0;0
17516;12;1;1;0;5;0;0;0;0;1;1;0.3629557192325592;15;-7.722412109375;7.22314453125;-7.722412109375;-0.054443359375;1.2766666412353516;1.2766666412353516;5;5;1;1;0;0;1;1;0;0;1;0;0;1;1;1;1;0;0
17526;12;1;1;0;5;0;0;0;0;1;1;0.3629557192325592;15;-7.710693359375;7.23486328125;-7.710693359375;-0.054443359375;1.28000009059906;1.2766666412353516;5;5;1;1;0;0;1;1;0;0;1;0;0;1;1;1;1;0;0
17536;12;1;1;0;5;0;0;0;0;1;1;0.3629557192325592;15;-7.693115234375;7.25244140625;-7.693115234375;-0.054443359375;1.2766666412353516;1.28000009059906;5;5;1;1;0;0;1;1;0;0;1;0;0;1;1;1;1;0;0
17546;12;1;1;0;5;0;0;0;0;1;1;0.3629557192325592;15;-7.681396484375;7.26416015625;-7.681396484375;-0.054443359375;1.2766666412353516;1.2766666412353516;5;5;1;1;0;0;1;1;0;0;1;0;0;1;1;1;1;0;0
17556;12;1;1;0;5;0;0;0;0;1;1;0.3629557192325592;15;-7.663818359375;7.28173828125;-7.663818359375;-0.054443359375;1.28000009059906;1.2766666412353516;5;5;1;1;0;0;1;1;0;0;1;0;0;1;1;1;1;0;0
17566;12;1;1;0;5;0;0;0;0;1;1;0.3629557192325592;15;-7.652099609375;7.29345703125;-7.652099609375;-0.054443359375;1.28000009059906;1.28000009059906;5;5;1;1;0;0;1;1;0;0;1;0;0;1;1;1;1;0;0
17577;12;1;1;0;5;0;0;0;0;1;1;0.3645833432674408;15;-7.634521484375;7.310791015625;-7.634521484375;-0.0546875;1.28000009059906;1.2700001001358032;5;5;1;1;0;0;1;1;0;0;1;0;0;1;1;1;1;0;0
17586;12;1;1;0;5;0;0;0;0;1;1;0.3645833432674408;15;-7.622802734375;7.322509765625;-7.622802734375;-0.0546875;1.28000009059906;1.2733333110809326;5;5;1;1;0;0;1;1;0;0;1;0;0;1;1;1;1;0;0
17596;12;1;1;0;5;0;0;0;0;1;1;0.3629557192325592;15;-7.605224609375;7.34033203125;-7.605224609375;-0.054443359375;1.28000009059906;1.2833333015441895;5;5;1;1;0;0;1;1;0;0;1;0;0;1;1;1;1;0;0
17606;12;1;1;0;5;0;0;0;0;1;1;0.3645833432674408;15;-7.593505859375;7.351806640625;-7.593505859375;-0.0546875;1.28000009059906;1.28000009059906;5;5;1;1;0;0;1;1;0;0;1;0;0;1;1;1;1;0;0
17616;12;1;1;0;5;0;0;0;0;1;1;0.3662109375;15;-7.575927734375;7.369140625;-7.575927734375;-0.054931640625;1.28000009059906;1.2700001001358032;5;5;1;1;0;0;1;1;0;0;1;0;0;1;1;1;1;0;0
17626;12;1;1;0;5;0;0;0;0;1;1;0.3645833432674408;15;-7.564208984375;7.381103515625;-7.564208984375;-0.0546875;1.28000009059906;1.2733333110809326;5;5;1;1;0;0;1;1;0;0;1;0;0;1;1;1;1;0;0
17636;12;1;1;0;5;0;0;0;0;1;1;0.3645833432674408;15;-7.546630859375;7.398681640625;-7.546630859375;-0.0546875;1.28000009059906;1.28000009059906;5;5;1;1;0;0;1;1;0;0;1;0;0;1;1;1;1;0;0
17646;12;1;1;0;5;0;0;0;0;1;1;0.3645833432674408;15;-7.534912109375;7.410400390625;-7.534912109375;-0.0546875;1.28000009059906;1.2766666412353516;5;5;1;1;0;0;1;1;0;0;1;0;0;1;1;1;1;0;0
17656;12;1;1;0;5;0;0;0;0;1;1;0.3662109375;15;-7.517333984375;7.427734375;-7.517333984375;-0.054931640625;1.28000009059906;1.2733333110809326;5;5;1;1;0;0;1;1;0;0;1;0;0;1;1;1;1;0;0
17666;12;1;1;0;5;0;0;0;0;1;1;0.3645833432674408;15;-7.505615234375;7.439697265625;-7.505615234375;-0.0546875;1.28000009059906;1.28000009059906;5;5;1;1;0;0;1;1;0;0;1;0;0;1;1;1;1;0;0
17677;12;1;1;0;5;0;0;0;0;1;1;0.3629557192325592;15;-7.488037109375;7.45751953125;-7.488037109375;-0.054443359375;1.2833333015441895;1.2866667509078979;5;5;1;1;0;0;1;1;0;0;1;0;0;1;1;1;1;0;0
17686;12;1;1;0;5;0;0;0;0;1;1;0.3645833432674408;15;-7.47607421875;7.46923828125;-7.47607421875;-0.0546875;1.2866667509078979;1.2866667509078979;5;5;1;1;0;0;1;1;0;0;1;0;0;1;1;1;1;0;0
17696;12;1;1;0;5;0;0;0;0;1;1;0.3645833432674408;15;-7.458251953125;7.487060546875;-7.458251953125;-0.0546875;1.2900000810623169;1.2933332920074463;5;5;1;1;0;0;1;1;0;0;1;0;0;1;1;1;1;0;0
17707;12;1;1;0;5;0;0;0;0;1;1;0.3645833432674408;15;-7.4462890625;7.4990234375;-7.4462890625;-0.0546875;1.2933332920074463;1.2966667413711548;5;5;1;1;0;0;1;1;0;0;1;0;0;1;1;1;1;0;0
17716;12;1;1;0;5;0;0;0;0;1;1;0.3645833432674408;15;-7.42822265625;7.51708984375;-7.42822265625;-0.0546875;1.2999999523162842;1.2966667413711548;5;5;1;1;0;0;1;1;0;0;1;0;0;1;1;1;1;0;0
17726;12;1;1;0;5;0;0;0;0;1;1;0.3645833432674408;15;-7.416259765625;7.529052734375;-7.416259765625;-0.0546875;1.3033334016799927;1.3033334016799927;5;5;1;1;0;0;1;1;0;0;1;0;0;1;1;1;1;0;0
17736;12;1;1;0;5;0;0;0;0;1;1;0.3645833432674408;15;-7.398193359375;7.547119140625;-7.398193359375;-0.0546875;1.309999942779541;1.3133333921432495;5;5;1;1;0;0;1;1;0;0;1;0;0;1;1;1;1;0;0
17746;12;1;1;0;5;0;0;0;0;1;1;0.3645833432674408;15;-7.38623046875;7.55908203125;-7.38623046875;-0.0546875;1.309999942779541;1.309999942779541;5;5;1;1;0;0;1;1;0;0;1;0;0;1;1;1;1;0;0
17756;12;1;1;0;5;0;0;0;0;1;1;0.3629557192325592;15;-7.3681640625;7.577392578125;-7.3681640625;-0.054443359375;1.3133333921432495;1.3133333921432495;5;5;1;1;0;0;1;1;0;0;1;0;0;1;1;1;1;0;0
17766;12;1;1;0;5;0;0;0;0;1;1;0.3629557192325592;15;-7.35595703125;7.589599609375;-7.35595703125;-0.054443359375;1.3166667222976685;1.3200000524520874;5;5;1;1;0;0;1;1;0;0;1;0;0;1;1;1;1;0;0
17777;12;1;1;0;5;0;0;0;0;1;1;0.3629557192325592;15;-7.337890625;7.607666015625;-7.337890625;-0.054443359375;1.3200000524520874;1.3200000524520874;5;5;1;1;0;0;1;1;0;0;1;0;0;1;1;1;1;0;0
17786;12;1;1;0;5;0;0;0;0;1;1;0.3629557192325592;15;-7.32568359375;7.619873046875;-7.32568359375;-0.054443359375;1.3200000524520874;1.3233333826065063;5;5;1;1;0;0;1;1;0;0;1;0;0;1;1;1;1;0;0
17796;12;1;1;0;5;0;0;0;0;1;1;0.3645833432674408;15;-7.307373046875;7.637939453125;-7.307373046875;-0.0546875;1.3233333826065063;1.3233333826065063;5;5;1;1;0;0;1;1;0;0;1;0;0;1;1;1;1;0;0
17807;12;1;1;0;5;0;0;0;0;1;1;0.3629557192325592;15;-7.29541015625;7.650146484375;-7.29541015625;-0.054443359375;1.3233333826065063;1.3233333826065063;5;5;1;1;0;0;1;1;0;0;1;0;0;1;1;1;1;0;0
17816;12;1;1;0;5;0;0;0;0;1;1;0.3629557192325592;15;-7.277099609375;7.66845703125;-7.277099609375;-0.054443359375;1.3233333826065063;1.3266665935516357;5;5;1;1;0;0;1;1;0;0;1;0;0;1;1;1;1;0;0
17827;12;1;1;0;5;0;0;0;0;1;1;0.3645833432674408;15;-7.264892578125;7.680419921875;-7.264892578125;-0.0546875;1.3233333826065063;1.3233333826065063;5;5;1;1;0;0;1;1;0;0;1;0;0;1;1;1;1;0;0
17836;12;1;1;0;5;0;0;0;0;1;1;0.3629557192325592;15;-7.246826171875;7.69873046875;-7.246826171875;-0.054443359375;1.3266665935516357;1.3266665935516357;5;5;1;1;0;0;1;1;0;0;1;0;0;1;1;1;1;0;0
17846;12;1;1;0;5;0;0;0;0;1;1;0.3629557192325592;15;-7.234619140625;7.7109375;-7.234619140625;-0.054443359375;1.3233333826065063;1.3300000429153442;5;5;1;1;0;0;1;1;0;0;1;0;0;1;1;1;1;0;0
17856;12;1;1;0;5;0;0;0;0;1;1;0.3629557192325592;15;-7.21630859375;7.729248046875;-7.21630859375;-0.054443359375;1.3266665935516357;1.3266665935516357;5;5;1;1;0;0;1;1;0;0;1;0;0;1;1;1;1;0;0
17866;12;1;1;0;5;0;0;0;0;1;1;0.3629557192325592;15;-7.2041015625;7.741455078125;-7.2041015625;-0.054443359375;1.3266665935516357;1.3300000429153442;5;5;1;1;0;0;1;1;0;0;1;0;0;1;1;1;1;0;0
17877;12;1;1;0;5;0;0;0;0;1;1;0.361328125;15;-7.18603515625;7.759765625;-7.18603515625;-0.05419921875;1.3266665935516357;1.3266665935516357;5;5;1;1;0;0;1;1;0;0;1;0;0;1;1;1;1;0;0
17887;12;1;1;0;5;0;0;0;0;1;1;0.3629557192325592;15;-7.173583984375;7.77197265625;-7.173583984375;-0.054443359375;1.3300000429153442;1.3300000429153442;5;5;1;1;0;0;1;1;0;0;1;0;0;1;1;1;1;0;0
17896;12;1;1;0;5;0;0;0;0;1;1;0.361328125;15;-7.155517578125;7.790283203125;-7.155517578125;-0.05419921875;1.3266665935516357;1.3300000429153442;5;5;1;1;0;0;1;1;0;0;1;0;0;1;1;1;1;0;0
17906;12;1;1;0;5;0;0;0;0;1;1;0.361328125;15;-7.143310546875;7.802490234375;-7.143310546875;-0.05419921875;1.3300000429153442;1.3300000429153442;5;5;1;1;0;0;1;1;0;0;1;0;0;1;1;1;1;0;0
17916;12;1;1;0;5;0;0;0;0;1;1;0.361328125;15;-7.125;7.82080078125;-7.125;-0.05419921875;1.3300000429153442;1.3300000429153442;5;5;1;1;0;0;1;1;0;0;1;0;0;1;1;1;1;0;0
17926;12;1;1;0;5;0;0;0;0;1;1;0.361328125;15;-7.11279296875;7.8330078125;-7.11279296875;-0.05419921875;1.3300000429153442;1.3300000429153442;5;5;1;1;0;0;1;1;0;0;1;0;0;1;1;1;1;0;0
17936;12;1;1;0;5;0;0;0;0;1;1;0.361328125;15;-7.094482421875;7.851318359375;-7.094482421875;-0.05419921875;1.3333333730697632;1.3300000429153442;5;5;1;1;0;0;1;1;0;0;1;0;0;1;1;1;1;0;0
17946;12;1;1;0;5;0;0;0;0;1;1;0.361328125;15;-7.082275390625;7.863525390625;-7.082275390625;-0.05419921875;1.3333333730697632;1.3300000429153442;5;5;1;1;0;0;1;1;0;0;1;0;0;1;1;1;1;0;0
17956;12;1;1;0;5;0;0;0;0;1;1;0.361328125;15;-7.06396484375;7.8818359375;-7.06396484375;-0.05419921875;1.3333333730697632;1.3300000429153442;5;5;1;1;0;0;1;1;0;0;1;0;0;1;1;1;1;0;0
17966;12;1;1;0;5;0;0;0;0;1;1;0.3629557192325592;15;-7.051513671875;7.89404296875;-7.051513671875;-0.054443359375;1.3333333730697632;1.3333333730697632;5;5;1;1;0;0;1;1;0;0;1;0;0;1;1;1;1;0;0
17976;12;1;1;0;5;0;0;0;0;1;1;0.3629557192325592;15;-7.033203125;7.912353515625;-7.033203125;-0.054443359375;1.3333333730697632;1.3333333730697632;5;5;1;1;0;0;1;1;0;0;1;0;0;1;1;1;1;0;0
17986;12;1;1;0;5;0;0;0;0;1;1;0.3629557192325592;15;-7.02099609375;7.924560546875;-7.02099609375;-0.054443359375;1.3333333730697632;1.3333333730697632;5;5;1;1;0;0;1;1;0;0;1;0;0;1;1;1;1;0;0
17996;12;1;1;0;5;0;0;0;0;1;1;0.3629557192325592;15;-7.002685546875;7.94287109375;-7.002685546875;-0.054443359375;1.3366667032241821;1.3333333730697632;5;5;1;1;0;0;1;1;0;0;1;0;0;1;1;1;1;0;0
18007;12;1;1;0;5;0;0;0;0;1;1;0.3629557192325592;15;-6.990478515625;7.955078125;-6.990478515625;-0.054443359375;1.3333333730697632;1.3333333730697632;5;5;1;1;0;0;1;1;0;0;1;0;0;1;1;1;1;0;0
18016;12;1;1;0;5;0;0;0;0;1;1;0.3629557192325592;15;-6.97216796875;7.973388671875;-6.97216796875;-0.054443359375;1.3333333730697632;1.3333333730697632;5;5;1;1;0;0;1;1;0;0;1;0;0;1;1;1;1;0;0
18027;12;1;1;0;5;0;0;0;0;1;1;0.3629557192325592;15;-6.959716796875;7.98583984375;-6.959716796875;-0.054443359375;1.3366667032241821;1.3366667032241821;5;5;1;1;0;0;1;1;0;0;1;0;0;1;1;1;1;0;0
18036;12;1;1;0;5;0;0;0;0;1;1;0.3645833432674408;15;-6.94140625;8.00390625;-6.94140625;-0.0546875;1.3333333730697632;1.3333333730697632;5;5;1;1;0;0;1;1;0;0;1;0;0;1;1;1;1;0;0
18046;12;1;1;0;5;0;0;0;0;1;1;0.3629557192325592;15;-6.92919921875;8.016357421875;-6.92919921875;-0.054443359375;1.3366667032241821;1.3333333730697632;5;5;1;1;0;0;1;1;0;0;1;0;0;1;1;1;1;0;0
18056;12;1;1;0;5;0;0;0;0;1;1;0.3629557192325592;15;-6.910888671875;8.03466796875;-6.910888671875;-0.054443359375;1.3366667032241821;1.3333333730697632;5;5;1;1;0;0;1;1;0;0;1;0;0;1;1;1;1;0;0
18066;12;1;1;0;5;0;0;0;0;1;1;0.3629557192325592;15;-6.898681640625;8.046875;-6.898681640625;-0.054443359375;1.3366667032241821;1.3366667032241821;5;5;1;1;0;0;1;1;0;0;1;0;0;1;1;1;1;0;0
18076;12;1;1;0;5;0;0;0;0;1;1;0.3629557192325592;15;-6.88037109375;8.065185546875;-6.88037109375;-0.054443359375;1.3366667032241821;1.3366667032241821;5;5;1;1;0;0;1;1;0;0;1;0;0;1;1;1;1;0;0
18086;12;1;1;0;5;0;0;0;0;1;1;0.3645833432674408;15;-6.867919921875;8.077392578125;-6.867919921875;-0.0546875;1.3366667032241821;1.3366667032241821;5;5;1;1;0;0;1;1;0;0;1;0;0;1;1;1;1;0;0
18096;12;1;1;0;5;0;0;0;0;1;1;0.3645833432674408;15;-6.849609375;8.095703125;-6.849609375;-0.0546875;1.3366667032241821;1.3333333730697632;5;5;1;1;0;0;1;1;0;0;1;0;0;1;1;1;1;0;0
18107;12;1;1;0;5;0;0;0;0;1;1;0.3629557192325592;15;-6.83740234375;8.108154296875;-6.83740234375;-0.054443359375;1.3366667032241821;1.3333333730697632;5;5;1;1;0;0;1;1;0;0;1;0;0;1;1;1;1;0;0
18116;12;1;1;0;5;0;0;0;0;1;1;0.3629557192325592;15;-6.819091796875;8.12646484375;-6.819091796875;-0.054443359375;1.3366667032241821;1.3333333730697632;5;5;1;1;0;0;1;1;0;0;1;0;0;1;1;1;1;0;0
18126;12;1;1;0;5;0;0;0;0;1;1;0.3629557192325592;15;-6.806884765625;8.138671875;-6.806884765625;-0.054443359375;1.3366667032241821;1.3333333730697632;5;5;1;1;0;0;1;1;0;0;1;0;0;1;1;1;1;0;0
18138;12;1;1;0;5;0;0;0;0;1;1;0.3645833432674408;15;-6.788330078125;8.156982421875;-6.788330078125;-0.0546875;1.3366667032241821;1.3333333730697632;5;5;1;1;0;0;1;1;0;0;1;0;0;1;1;1;1;0;0
18146;12;1;1;0;5;0;0;0;0;1;1;0.3645833432674408;15;-6.776123046875;8.169189453125;-6.776123046875;-0.0546875;1.3366667032241821;1.3333333730697632;5;5;1;1;0;0;1;1;0;0;1;0;0;1;1;1;1;0;0
18156;12;1;1;0;5;0;0;0;0;1;1;0.3645833432674408;15;-6.7578125;8.1875;-6.7578125;-0.0546875;1.3366667032241821;1.3333333730697632;5;5;1;1;0;0;1;1;0;0;1;0;0;1;1;1;1;0;0
18166;12;1;1;0;5;0;0;0;0;1;1;0.3645833432674408;15;-6.74560546875;8.19970703125;-6.74560546875;-0.0546875;1.3333333730697632;1.3366667032241821;5;5;1;1;0;0;1;1;0;0;1;0;0;1;1;1;1;0;0
18176;12;1;1;0;5;0;0;0;0;1;1;0.3645833432674408;15;-6.727294921875;8.218017578125;-6.727294921875;-0.0546875;1.3366667032241821;1.3333333730697632;5;5;1;1;0;0;1;1;0;0;1;0;0;1;1;1;1;0;0
18186;12;1;1;0;5;0;0;0;0;1;1;0.3662109375;15;-6.71484375;8.230224609375;-6.71484375;-0.054931640625;1.3366667032241821;1.3333333730697632;5;5;1;1;0;0;1;1;0;0;1;0;0;1;1;1;1;0;0
18196;12;1;1;0;5;0;0;0;0;1;1;0.3662109375;15;-6.696533203125;8.24853515625;-6.696533203125;-0.054931640625;1.3366667032241821;1.3333333730697632;5;5;1;1;0;0;1;1;0;0;1;0;0;1;1;1;1;0;0
18206;12;1;1;0;5;0;0;0;0;1;1;0.3662109375;15;-6.684326171875;8.2607421875;-6.684326171875;-0.054931640625;1.3366667032241821;1.3300000429153442;5;5;1;1;0;0;1;1;0;0;1;0;0;1;1;1;1;0;0
18216;12;1;1;0;5;0;0;0;0;1;1;0.3645833432674408;15;-6.666015625;8.279296875;-6.666015625;-0.0546875;1.3366667032241821;1.3333333730697632;5;5;1;1;0;0;1;1;0;0;1;0;0;1;1;1;1;0;0
18226;12;1;1;0;5;0;0;0;0;1;1;0.3645833432674408;15;-6.65380859375;8.29150390625;-6.65380859375;-0.0546875;1.3333333730697632;1.3333333730697632;5;5;1;1;0;0;1;1;0;0;1;0;0;1;1;1;1;0;0
18237;12;1;1;0;5;0;0;0;0;1;1;0.3645833432674408;15;-6.635498046875;8.309814453125;-6.635498046875;-0.0546875;1.3333333730697632;1.3333333730697632;5;5;1;1;0;0;1;1;0;0;1;0;0;1;1;1;1;0;0
18246;12;1;1;0;5;0;0;0;0;1;1;0.3662109375;15;-6.623046875;8.322021484375;-6.623046875;-0.054931640625;1.3333333730697632;1.3333333730697632;5;5;1;1;0;0;1;1;0;0;1;0;0;1;1;1;1;0;0
18256;12;1;1;0;5;0;0;0;0;1;1;0.3662109375;15;-6.604736328125;8.34033203125;-6.604736328125;-0.054931640625;1.3366667032241821;1.3333333730697632;5;5;1;1;0;0;1;1;0;0;1;0;0;1;1;1;1;0;0
18266;12;1;1;0;5;0;0;0;0;1;1;0.3662109375;15;-6.592529296875;8.3525390625;-6.592529296875;-0.054931640625;1.3366667032241821;1.3333333730697632;5;5;1;1;0;0;1;1;0;0;1;0;0;1;1;1;1;0;0
18276;12;1;1;0;5;0;0;0;0;1;1;0.3662109375;15;-6.57421875;8.370849609375;-6.57421875;-0.054931640625;1.3366667032241821;1.3300000429153442;5;5;1;1;0;0;1;1;0;0;1;0;0;1;1;1;1;0;0
18286;12;1;1;0;5;0;0;0;0;1;1;0.3662109375;15;-6.56201171875;8.383056640625;-6.56201171875;-0.054931640625;1.3333333730697632;1.3333333730697632;5;5;1;1;0;0;1;1;0;0;1;0;0;1;1;1;1;0;0
18296;12;1;1;0;5;0;0;0;0;1;1;0.3678385317325592;15;-6.54345703125;8.4013671875;-6.54345703125;-0.05517578125;1.3366667032241821;1.3333333730697632;5;5;1;1;0;0;1;1;0;0;1;0;0;1;1;1;1;0;0
18307;12;1;1;0;5;0;0;0;0;1;1;0.3678385317325592;15;-6.53125;8.41357421875;-6.53125;-0.05517578125;1.3366667032241821;1.3333333730697632;5;5;1;1;0;0;1;1;0;0;1;0;0;1;1;1;1;0;0
18316;12;1;1;0;5;0;0;0;0;1;1;0.3678385317325592;15;-6.512939453125;8.431884765625;-6.512939453125;-0.05517578125;1.3333333730697632;1.3333333730697632;5;5;1;1;0;0;1;1;0;0;1;0;0;1;1;1;1;0;0
18326;12;1;1;0;5;0;0;0;0;1;1;0.3678385317325592;15;-6.500732421875;8.444091796875;-6.500732421875;-0.05517578125;1.3333333730697632;1.3333333730697632;5;5;1;1;0;0;1;1;0;0;1;0;0;1;1;1;1;0;0
18337;12;1;1;0;5;0;0;0;0;1;1;0.3662109375;15;-6.482421875;8.462646484375;-6.482421875;-0.054931640625;1.3366667032241821;1.3333333730697632;5;5;1;1;0;0;1;1;0;0;1;0;0;1;1;1;1;0;0
18346;12;1;1;0;5;0;0;0;0;1;1;0.3662109375;15;-6.47021484375;8.474853515625;-6.47021484375;-0.054931640625;1.3366667032241821;1.3333333730697632;5;5;1;1;0;0;1;1;0;0;1;0;0;1;1;1;1;0;0
18356;12;1;1;0;5;0;0;0;0;1;1;0.3678385317325592;15;-6.45166015625;8.4931640625;-6.45166015625;-0.05517578125;1.3366667032241821;1.3333333730697632;5;5;1;1;0;0;1;1;0;0;1;0;0;1;1;1;1;0;0
18366;12;1;1;0;5;0;0;0;0;1;1;0.3678385317325592;15;-6.439453125;8.50537109375;-6.439453125;-0.05517578125;1.3366667032241821;1.3333333730697632;5;5;1;1;0;0;1;1;0;0;1;0;0;1;1;1;1;0;0
18376;12;1;1;0;5;0;0;0;0;1;1;0.3678385317325592;15;-6.421142578125;8.523681640625;-6.421142578125;-0.05517578125;1.3366667032241821;1.3366667032241821;5;5;1;1;0;0;1;1;0;0;1;0;0;1;1;1;1;0;0
18386;12;1;1;0;5;0;0;0;0;1;1;0.3678385317325592;15;-6.408935546875;8.535888671875;-6.408935546875;-0.05517578125;1.3366667032241821;1.3333333730697632;5;5;1;1;0;0;1;1;0;0;1;0;0;1;1;1;1;0;0
18396;12;1;1;0;5;0;0;0;0;1;1;0.3678385317325592;15;-6.390625;8.55419921875;-6.390625;-0.05517578125;1.3366667032241821;1.3366667032241821;5;5;1;1;0;0;1;1;0;0;1;0;0;1;1;1;1;0;0
18406;12;1;1;0;5;0;0;0;0;1;1;0.3694661557674408;15;-6.378173828125;8.56640625;-6.378173828125;-0.055419921875;1.3366667032241821;1.3333333730697632;5;5;1;1;0;0;1;1;0;0;1;0;0;1;1;1;1;0;0
18416;12;1;1;0;5;0;0;0;0;1;1;0.3694661557674408;15;-6.35986328125;8.584716796875;-6.35986328125;-0.055419921875;1.3366667032241821;1.3333333730697632;5;5;1;1;0;0;1;1;0;0;1;0;0;1;1;1;1;0;0
18426;12;1;1;0;5;0;0;0;0;1;1;0.3678385317325592;15;-6.34765625;8.59716796875;-6.34765625;-0.05517578125;1.3366667032241821;1.3333333730697632;5;5;1;1;0;0;1;1;0;0;1;0;0;1;1;1;1;0;0
18437;12;1;1;0;5;0;0;0;0;1;1;0.3678385317325592;15;-6.329345703125;8.615478515625;-6.329345703125;-0.05517578125;1.3366667032241821;1.3333333730697632;5;5;1;1;0;0;1;1;0;0;1;0;0;1;1;1;1;0;0
18446;12;1;1;0;5;0;0;0;0;1;1;0.3694661557674408;15;-6.31689453125;8.627685546875;-6.31689453125;-0.055419921875;1.3366667032241821;1.3333333730697632;5;5;1;1;0;0;1;1;0;0;1;0;0;1;1;1;1;0;0
18456;12;1;1;0;5;0;0;0;0;1;1;0.3694661557674408;15;-6.298583984375;8.64599609375;-6.298583984375;-0.055419921875;1.3366667032241821;1.3333333730697632;5;5;1;1;0;0;1;1;0;0;1;0;0;1;1;1;1;0;0
18468;12;1;1;0;5;0;0;0;0;1;1;0.3694661557674408;15;-6.286376953125;8.658203125;-6.286376953125;-0.055419921875;1.3366667032241821;1.3333333730697632;5;5;1;1;0;0;1;1;0;0;1;0;0;1;1;1;1;0;0
18476;12;1;1;0;5;0;0;0;0;1;1;0.3694661557674408;15;-6.26806640625;8.676513671875;-6.26806640625;-0.055419921875;1.3366667032241821;1.3333333730697632;5;5;1;1;0;0;1;1;0;0;1;0;0;1;1;1;1;0;0
18487;12;1;1;0;5;0;0;0;0;1;1;0.3694661557674408;15;-6.255859375;8.688720703125;-6.255859375;-0.055419921875;1.3366667032241821;1.3333333730697632;5;5;1;1;0;0;1;1;0;0;1;0;0;1;1;1;1;0;0
18496;12;1;1;0;5;0;0;0;0;1;1;0.37109375;15;-6.2373046875;8.70703125;-6.2373046875;-0.0556640625;1.3366667032241821;1.3333333730697632;5;5;1;1;0;0;1;1;0;0;1;0;0;1;1;1;1;0;0
18506;12;1;1;0;5;0;0;0;0;1;1;0.37109375;15;-6.22509765625;8.71923828125;-6.22509765625;-0.0556640625;1.3366667032241821;1.3366667032241821;5;5;1;1;0;0;1;1;0;0;1;0;0;1;1;1;1;0;0
18516;12;1;1;0;5;0;0;0;0;1;1;0.37109375;15;-6.206787109375;8.737548828125;-6.206787109375;-0.0556640625;1.3366667032241821;1.3333333730697632;5;5;1;1;0;0;1;1;0;0;1;0;0;1;1;1;1;0;0
18526;12;1;1;0;5;0;0;0;0;1;1;0.3694661557674408;15;-6.194580078125;8.75;-6.194580078125;-0.055419921875;1.3366667032241821;1.3366667032241821;5;5;1;1;0;0;1;1;0;0;1;0;0;1;1;1;1;0;0
18537;12;1;1;0;5;0;0;0;0;1;1;0.37109375;15;-6.176025390625;8.768310546875;-6.176025390625;-0.0556640625;1.3366667032241821;1.3333333730697632;5;5;1;1;0;0;1;1;0;0;1;0;0;1;1;1;1;0;0
18546;12;1;1;0;5;0;0;0;0;1;1;0.37109375;15;-6.163818359375;8.780517578125;-6.163818359375;-0.0556640625;1.3366667032241821;1.3333333730697632;5;5;1;1;0;0;1;1;0;0;1;0;0;1;1;1;1;0;0
18556;12;1;1;0;5;0;0;0;0;1;1;0.37109375;15;-6.1455078125;8.798828125;-6.1455078125;-0.0556640625;1.3366667032241821;1.3333333730697632;5;5;1;1;0;0;1;1;0;0;1;0;0;1;1;1;1;0;0
18567;12;1;1;0;5;0;0;0;0;1;1;0.3694661557674408;15;-6.13330078125;8.811279296875;-6.13330078125;-0.055419921875;1.3366667032241821;1.3366667032241821;5;5;1;1;0;0;1;1;0;0;1;0;0;1;1;1;1;0;0
18576;12;1;1;0;5;0;0;0;0;1;1;0.3727213442325592;15;-6.11474609375;8.829345703125;-6.11474609375;-0.055908203125;1.3366667032241821;1.3333333730697632;5;5;1;1;0;0;1;1;0;0;1;0;0;1;1;1;1;0;0
18587;12;1;1;0;5;0;0;0;0;1;1;0.3727213442325592;15;-6.1025390625;8.841552734375;-6.1025390625;-0.055908203125;1.3366667032241821;1.3333333730697632;5;5;1;1;0;0;1;1;0;0;1;0;0;1;1;1;1;0;0
18596;12;1;1;0;5;0;0;0;0;1;1;0.37109375;15;-6.084228515625;8.860107421875;-6.084228515625;-0.0556640625;1.3366667032241821;1.3366667032241821;5;5;1;1;0;0;1;1;0;0;1;0;0;1;1;1;1;0;0
18606;12;1;1;0;5;0;0;0;0;1;1;0.37109375;15;-6.072021484375;8.872314453125;-6.072021484375;-0.0556640625;1.3366667032241821;1.3366667032241821;5;5;1;1;0;0;1;1;0;0;1;0;0;1;1;1;1;0;0
18616;12;1;1;0;5;0;0;0;0;1;1;0.3727213442325592;15;-6.053466796875;8.890625;-6.053466796875;-0.055908203125;1.3366667032241821;1.3333333730697632;5;5;1;1;0;0;1;1;0;0;1;0;0;1;1;1;1;0;0
18626;12;1;1;0;5;0;0;0;0;1;1;0.3727213442325592;15;-6.041259765625;8.90283203125;-6.041259765625;-0.055908203125;1.3366667032241821;1.3333333730697632;5;5;1;1;0;0;1;1;0;0;1;0;0;1;1;1;1;0;0
18637;12;1;1;0;5;0;0;0;0;1;1;0.37109375;15;-6.02294921875;8.92138671875;-6.02294921875;-0.0556640625;1.3366667032241821;1.3366667032241821;5;5;1;1;0;0;1;1;0;0;1;0;0;1;1;1;1;0;0
18646;12;1;1;0;5;0;0;0;0;1;1;0.37109375;15;-6.0107421875;8.93359375;-6.0107421875;-0.0556640625;1.3333333730697632;1.3333333730697632;5;5;1;1;0;0;1;1;0;0;1;0;0;1;1;1;1;0;0
18656;12;1;1;0;5;0;0;0;0;1;1;0.3727213442325592;15;-5.992431640625;8.95166015625;-5.992431640625;-0.055908203125;1.3366667032241821;1.3333333730697632;5;5;1;1;0;0;1;1;0;0;1;0;0;1;1;1;1;0;0
18667;12;1;1;0;5;0;0;0;0;1;1;0.37109375;15;-5.980224609375;8.964111328125;-5.980224609375;-0.0556640625;1.3366667032241821;1.3400000333786011;5;5;1;1;0;0;1;1;0;0;1;0;0;1;1;1;1;0;0
18678;12;1;1;0;5;0;0;0;0;1;1;0.3727213442325592;15;-5.961669921875;8.982421875;-5.961669921875;-0.055908203125;1.3366667032241821;1.3300000429153442;5;5;1;1;0;0;1;1;0;0;1;0;0;1;1;1;1;0;0
18688;12;1;1;0;5;0;0;0;0;1;1;0.3727213442325592;15;-5.949462890625;8.99462890625;-5.949462890625;-0.055908203125;1.3366667032241821;1.3300000429153442;5;5;1;1;0;0;1;1;0;0;1;0;0;1;1;1;1;0;0
18696;12;1;1;0;5;0;0;0;0;1;1;0.37109375;15;-5.93115234375;9.01318359375;-5.93115234375;-0.0556640625;1.3366667032241821;1.3400000333786011;5;5;1;1;0;0;1;1;0;0;1;0;0;1;1;1;1;0;0
18706;12;1;1;0;5;0;0;0;0;1;1;0.3727213442325592;15;-5.9189453125;9.025146484375;-5.9189453125;-0.055908203125;1.3366667032241821;1.3300000429153442;5;5;1;1;0;0;1;1;0;0;1;0;0;1;1;1;1;0;0
18716;12;1;1;0;5;0;0;0;0;1;1;0.3727213442325592;15;-5.900634765625;9.04345703125;-5.900634765625;-0.055908203125;1.3366667032241821;1.3333333730697632;5;5;1;1;0;0;1;1;0;0;1;0;0;1;1;1;1;0;0
18726;12;1;1;0;5;0;0;0;0;1;1;0.3727213442325592;15;-5.888427734375;9.0556640625;-5.888427734375;-0.055908203125;1.3366667032241821;1.3366667032241821;5;5;1;1;0;0;1;1;0;0;1;0;0;1;1;1;1;0;0
18737;12;1;1;0;5;0;0;0;0;1;1;0.3743489682674408;15;-5.869873046875;9.073974609375;-5.869873046875;-0.05615234375;1.3400000333786011;1.3300000429153442;5;5;1;1;0;0;1;1;0;0;1;0;0;1;1;1;1;0;0
18746;12;1;1;0;5;0;0;0;0;1;1;0.3727213442325592;15;-5.857666015625;9.08642578125;-5.857666015625;-0.055908203125;1.3366667032241821;1.3366667032241821;5;5;1;1;0;0;1;1;0;0;1;0;0;1;1;1;1;0;0
18756;12;1;1;0;5;0;0;0;0;1;1;0.3727213442325592;15;-5.83935546875;9.104736328125;-5.83935546875;-0.055908203125;1.3366667032241821;1.3366667032241821;5;5;1;1;0;0;1;1;0;0;1;0;0;1;1;1;1;0;0
18767;12;1;1;0;5;0;0;0;0;1;1;0.3743489682674408;15;-5.826904296875;9.116943359375;-5.826904296875;-0.05615234375;1.3400000333786011;1.3333333730697632;5;5;1;1;0;0;1;1;0;0;1;0;0;1;1;1;1;0;0
18776;12;1;1;0;5;0;0;0;0;1;1;0.3743489682674408;15;-5.80859375;9.13525390625;-5.80859375;-0.05615234375;1.3366667032241821;1.3366667032241821;5;5;1;1;0;0;1;1;0;0;1;0;0;1;1;1;1;0;0
18786;12;1;1;0;5;0;0;0;0;1;1;0.3743489682674408;15;-5.79638671875;9.1474609375;-5.79638671875;-0.05615234375;1.3366667032241821;1.3300000429153442;5;5;1;1;0;0;1;1;0;0;1;0;0;1;1;1;1;0;0
18796;12;1;1;0;5;0;0;0;0;1;1;0.3727213442325592;15;-5.778076171875;9.166015625;-5.778076171875;-0.055908203125;1.3400000333786011;1.3366667032241821;5;5;1;1;0;0;1;1;0;0;1;0;0;1;1;1;1;0;0
18806;12;1;1;0;5;0;0;0;0;1;1;0.3727213442325592;15;-5.765869140625;9.17822265625;-5.765869140625;-0.055908203125;1.3366667032241821;1.3400000333786011;5;5;1;1;0;0;1;1;0;0;1;0;0;1;1;1;1;0;0
18816;12;1;1;0;5;0;0;0;0;1;1;0.3759765625;15;-5.747314453125;9.1962890625;-5.747314453125;-0.056396484375;1.3400000333786011;1.3300000429153442;5;5;1;1;0;0;1;1;0;0;1;0;0;1;1;1;1;0;0
18826;12;1;1;0;5;0;0;0;0;1;1;0.3759765625;15;-5.735107421875;9.20849609375;-5.735107421875;-0.056396484375;1.3400000333786011;1.3300000429153442;5;5;1;1;0;0;1;1;0;0;1;0;0;1;1;1;1;0;0
18837;12;1;1;0;5;0;0;0;0;1;1;0.3743489682674408;15;-5.716796875;9.22705078125;-5.716796875;-0.05615234375;1.3366667032241821;1.3366667032241821;5;5;1;1;0;0;1;1;0;0;1;0;0;1;1;1;1;0;0
18846;12;1;1;0;5;0;0;0;0;1;1;0.3759765625;15;-5.704345703125;9.2392578125;-5.704345703125;-0.056396484375;1.3400000333786011;1.3366667032241821;5;5;1;1;0;0;1;1;0;0;1;0;0;1;1;1;1;0;0
18856;12;1;1;0;5;0;0;0;0;1;1;0.3743489682674408;15;-5.68603515625;9.2578125;-5.68603515625;-0.05615234375;1.3366667032241821;1.3366667032241821;5;5;1;1;0;0;1;1;0;0;1;0;0;1;1;1;1;0;0
18866;12;1;1;0;5;0;0;0;0;1;1;0.3743489682674408;15;-5.673828125;9.27001953125;-5.673828125;-0.05615234375;1.3366667032241821;1.3333333730697632;5;5;1;1;0;0;1;1;0;0;1;0;0;1;1;1;1;0;0
18876;12;1;1;0;5;0;0;0;0;1;1;0.3727213442325592;15;-5.655517578125;9.28857421875;-5.655517578125;-0.055908203125;1.3400000333786011;1.3400000333786011;5;5;1;1;0;0;1;1;0;0;1;0;0;1;1;1;1;0;0
18887;12;1;1;0;5;0;0;0;0;1;1;0.3743489682674408;15;-5.64306640625;9.30078125;-5.64306640625;-0.05615234375;1.3366667032241821;1.3366667032241821;5;5;1;1;0;0;1;1;0;0;1;0;0;1;1;1;1;0;0
18900;12;1;1;0;5;0;0;0;0;1;1;0.3759765625;15;-5.624755859375;9.31884765625;-5.624755859375;-0.056396484375;1.3400000333786011;1.3300000429153442;5;5;1;1;0;0;1;1;0;0;1;0;0;1;1;1;1;0;0
18906;12;1;1;0;5;0;0;0;0;1;1;0.3743489682674408;15;-5.612548828125;9.331298828125;-5.612548828125;-0.05615234375;1.3366667032241821;1.3366667032241821;5;5;1;1;0;0;1;1;0;0;1;0;0;1;1;1;1;0;0
18916;12;1;1;0;5;0;0;0;0;1;1;0.3743489682674408;15;-5.59423828125;9.349609375;-5.59423828125;-0.05615234375;1.3366667032241821;1.3366667032241821;5;5;1;1;0;0;1;1;0;0;1;0;0;1;1;1;1;0;0
18926;12;1;1;0;5;0;0;0;0;1;1;0.3759765625;15;-5.581787109375;9.36181640625;-5.581787109375;-0.056396484375;1.3400000333786011;1.3333333730697632;5;5;1;1;0;0;1;1;0;0;1;0;0;1;1;1;1;0;0
18936;12;1;1;0;5;0;0;0;0;1;1;0.3759765625;15;-5.5634765625;9.380126953125;-5.5634765625;-0.056396484375;1.3366667032241821;1.3333333730697632;5;5;1;1;0;0;1;1;0;0;1;0;0;1;1;1;1;0;0
18946;12;1;1;0;5;0;0;0;0;1;1;0.3743489682674408;15;-5.55126953125;9.392578125;-5.55126953125;-0.05615234375;1.3366667032241821;1.3400000333786011;5;5;1;1;0;0;1;1;0;0;1;0;0;1;1;1;1;0;0
18956;12;1;1;0;5;0;0;0;0;1;1;0.3759765625;15;-5.53271484375;9.410888671875;-5.53271484375;-0.056396484375;1.3400000333786011;1.3333333730697632;5;5;1;1;0;0;1;1;0;0;1;0;0;1;1;1;1;0;0
18966;12;1;1;0;5;0;0;0;0;1;1;0.3759765625;15;-5.520751953125;9.4228515625;-5.520751953125;-0.056396484375;1.3366667032241821;1.3300000429153442;5;5;1;1;0;0;1;1;0;0;1;0;0;1;1;1;1;0;0
18976;12;1;1;0;5;0;0;0;0;1;1;0.3759765625;15;-5.502197265625;9.44140625;-5.502197265625;-0.056396484375;1.3366667032241821;1.3366667032241821;5;5;1;1;0;0;1;1;0;0;1;0;0;1;1;1;1;0;0
18986;12;1;1;0;5;0;0;0;0;1;1;0.3759765625;15;-5.489990234375;9.45361328125;-5.489990234375;-0.056396484375;1.3400000333786011;1.3400000333786011;5;5;1;1;0;0;1;1;0;0;1;0;0;1;1;1;1;0;0
18997;12;1;1;0;5;0;0;0;0;1;1;0.3776041567325592;15;-5.471435546875;9.471923828125;-5.471435546875;-0.056640625;1.3400000333786011;1.3333333730697632;5;5;1;1;0;0;1;1;0;0;1;0;0;1;1;1;1;0;0
19006;12;1;1;0;5;0;0;0;0;1;1;0.3759765625;15;-5.459228515625;9.484375;-5.459228515625;-0.056396484375;1.3366667032241821;1.3366667032241821;5;5;1;1;0;0;1;1;0;0;1;0;0;1;1;1;1;0;0
19016;12;1;1;0;5;0;0;0;0;1;1;0.3759765625;15;-5.44091796875;9.502685546875;-5.44091796875;-0.056396484375;1.3366667032241821;1.3366667032241821;5;5;1;1;0;0;1;1;0;0;1;0;0;1;1;1;1;0;0
19026;12;1;1;0;5;0;0;0;0;1;1;0.3759765625;15;-5.4287109375;9.514892578125;-5.4287109375;-0.056396484375;1.3400000333786011;1.3333333730697632;5;5;1;1;0;0;1;1;0;0;1;0;0;1;1;1;1;0;0
19038;12;1;1;0;5;0;0;0;0;1;1;0.3776041567325592;15;-5.41015625;9.533203125;-5.41015625;-0.056640625;1.3400000333786011;1.3333333730697632;5;5;1;1;0;0;1;1;0;0;1;0;0;1;1;1;1;0;0
19046;12;1;1;0;5;0;0;0;0;1;1;0.3776041567325592;15;-5.39794921875;9.54541015625;-5.39794921875;-0.056640625;1.3366667032241821;1.3366667032241821;5;5;1;1;0;0;1;1;0;0;1;0;0;1;1;1;1;0;0
19056;12;1;1;0;5;0;0;0;0;1;1;0.3759765625;15;-5.379638671875;9.56396484375;-5.379638671875;-0.056396484375;1.3366667032241821;1.3366667032241821;5;5;1;1;0;0;1;1;0;0;1;0;0;1;1;1;1;0;0
19067;12;1;1;0;5;0;0;0;0;1;1;0.3776041567325592;15;-5.367431640625;9.575927734375;-5.367431640625;-0.056640625;1.3366667032241821;1.3333333730697632;5;5;1;1;0;0;1;1;0;0;1;0;0;1;1;1;1;0;0
19076;12;1;1;0;5;0;0;0;0;1;1;0.3759765625;15;-5.34912109375;9.594482421875;-5.34912109375;-0.056396484375;1.3366667032241821;1.3366667032241821;5;5;1;1;0;0;1;1;0;0;1;0;0;1;1;1;1;0;0
19086;12;1;1;0;5;0;0;0;0;1;1;0.3776041567325592;15;-5.336669921875;9.606689453125;-5.336669921875;-0.056640625;1.3400000333786011;1.3333333730697632;5;5;1;1;0;0;1;1;0;0;1;0;0;1;1;1;1;0;0
19101;12;1;1;0;5;0;0;0;0;1;1;0.3776041567325592;15;-5.318359375;9.625;-5.318359375;-0.056640625;1.3366667032241821;1.3366667032241821;5;5;1;1;0;0;1;1;0;0;1;0;0;1;1;1;1;0;0
19106;12;1;1;0;5;0;0;0;0;1;1;0.3776041567325592;15;-5.30615234375;9.63720703125;-5.30615234375;-0.056640625;1.3366667032241821;1.3366667032241821;5;5;1;1;0;0;1;1;0;0;1;0;0;1;1;1;1;0;0
19116;12;1;1;0;5;0;0;0;0;1;1;0.3776041567325592;15;-5.287841796875;9.655517578125;-5.287841796875;-0.056640625;1.3400000333786011;1.3333333730697632;5;5;1;1;0;0;1;1;0;0;1;0;0;1;1;1;1;0;0
19126;12;1;1;0;5;0;0;0;0;1;1;0.3776041567325592;15;-5.275390625;9.66796875;-5.275390625;-0.056640625;1.3366667032241821;1.3366667032241821;5;5;1;1;0;0;1;1;0;0;1;0;0;1;1;1;1;0;0
19136;12;1;1;0;5;0;0;0;0;1;1;0.3776041567325592;15;-5.257080078125;9.686279296875;-5.257080078125;-0.056640625;1.3366667032241821;1.3333333730697632;5;5;1;1;0;0;1;1;0;0;1;0;0;1;1;1;1;0;0
19146;12;1;1;0;5;0;0;0;0;1;1;0.3776041567325592;15;-5.244873046875;9.698486328125;-5.244873046875;-0.056640625;1.3400000333786011;1.3366667032241821;5;5;1;1;0;0;1;1;0;0;1;0;0;1;1;1;1;0;0
19156;12;1;1;0;5;0;0;0;0;1;1;0.3776041567325592;15;-5.2265625;9.716796875;-5.2265625;-0.056640625;1.3366667032241821;1.3366667032241821;5;5;1;1;0;0;1;1;0;0;1;0;0;1;1;1;1;0;0
19167;12;1;1;0;5;0;0;0;0;1;1;0.3776041567325592;15;-5.21435546875;9.72900390625;-5.21435546875;-0.056640625;1.3366667032241821;1.3333333730697632;5;5;1;1;0;0;1;1;0;0;1;0;0;1;1;1;1;0;0
19176;12;1;1;0;5;0;0;0;0;1;1;0.3776041567325592;15;-5.19580078125;9.74755859375;-5.19580078125;-0.056640625;1.3366667032241821;1.3366667032241821;5;5;1;1;0;0;1;1;0;0;1;0;0;1;1;1;1;0;0
19187;12;1;1;0;5;0;0;0;0;1;1;0.3776041567325592;15;-5.18359375;9.759765625;-5.18359375;-0.056640625;1.3366667032241821;1.3366667032241821;5;5;1;1;0;0;1;1;0;0;1;0;0;1;1;1;1;0;0
19196;12;1;1;0;5;0;0;0;0;1;1;0.3776041567325592;15;-5.165283203125;9.778076171875;-5.165283203125;-0.056640625;1.3400000333786011;1.3366667032241821;5;5;1;1;0;0;1;1;0;0;1;0;0;1;1;1;1;0;0
19206;12;1;1;0;5;0;0;0;0;1;1;0.3776041567325592;15;-5.153076171875;9.790283203125;-5.153076171875;-0.056640625;1.3366667032241821;1.3366667032241821;5;5;1;1;0;0;1;1;0;0;1;0;0;1;1;1;1;0;0
19216;12;1;1;0;5;0;0;0;0;1;1;0.3792317807674408;15;-5.134521484375;9.80859375;-5.134521484375;-0.056884765625;1.3366667032241821;1.3333333730697632;5;5;1;1;0;0;1;1;0;0;1;0;0;1;1;1;1;0;0
19227;12;1;1;0;5;0;0;0;0;1;1;0.3776041567325592;15;-5.122314453125;9.821044921875;-5.122314453125;-0.056640625;1.3400000333786011;1.3366667032241821;5;5;1;1;0;0;1;1;0;0;1;0;0;1;1;1;1;0;0
19237;12;1;1;0;5;0;0;0;0;1;1;0.3776041567325592;15;-5.10400390625;9.83935546875;-5.10400390625;-0.056640625;1.3366667032241821;1.3366667032241821;5;5;1;1;0;0;1;1;0;0;1;0;0;1;1;1;1;0;0
19246;12;1;1;0;5;0;0;0;0;1;1;0.3776041567325592;15;-5.091796875;9.8515625;-5.091796875;-0.056640625;1.3366667032241821;1.3333333730697632;5;5;1;1;0;0;1;1;0;0;1;0;0;1;1;1;1;0;0
19256;12;1;1;0;5;0;0;0;0;1;1;0.3792317807674408;15;-5.0732421875;9.869873046875;-5.0732421875;-0.056884765625;1.3400000333786011;1.3366667032241821;5;5;1;1;0;0;1;1;0;0;1;0;0;1;1;1;1;0;0
19266;12;1;1;0;5;0;0;0;0;1;1;0.3792317807674408;15;-5.06103515625;9.882080078125;-5.06103515625;-0.056884765625;1.3366667032241821;1.3366667032241821;5;5;1;1;0;0;1;1;0;0;1;0;0;1;1;1;1;0;0
19276;12;1;1;0;5;0;0;0;0;1;1;0.3792317807674408;15;-5.042724609375;9.900390625;-5.042724609375;-0.056884765625;1.3400000333786011;1.3333333730697632;5;5;1;1;0;0;1;1;0;0;1;0;0;1;1;1;1;0;0
19286;12;1;1;0;5;0;0;0;0;1;1;0.3776041567325592;15;-5.030517578125;9.912841796875;-5.030517578125;-0.056640625;1.3366667032241821;1.3366667032241821;5;5;1;1;0;0;1;1;0;0;1;0;0;1;1;1;1;0;0
19298;12;1;1;0;5;0;0;0;0;1;1;0.3792317807674408;15;-5.011962890625;9.93115234375;-5.011962890625;-0.056884765625;1.3366667032241821;1.3366667032241821;5;5;1;1;0;0;1;1;0;0;1;0;0;1;1;1;1;0;0
19306;12;1;1;0;5;0;0;0;0;1;1;0.3792317807674408;15;-4.999755859375;9.943359375;-4.999755859375;-0.056884765625;1.3400000333786011;1.3333333730697632;5;5;1;1;0;0;1;1;0;0;1;0;0;1;1;1;1;0;0
19316;12;1;1;0;5;0;0;0;0;1;1;0.3792317807674408;15;-4.9814453125;9.961669921875;-4.9814453125;-0.056884765625;1.3400000333786011;1.3366667032241821;5;5;1;1;0;0;1;1;0;0;1;0;0;1;1;1;1;0;0
19327;12;1;1;0;5;0;0;0;0;1;1;0.3792317807674408;15;-4.96923828125;9.973876953125;-4.96923828125;-0.056884765625;1.3366667032241821;1.3366667032241821;5;5;1;1;0;0;1;1;0;0;1;0;0;1;1;1;1;0;0
19336;12;1;1;0;5;0;0;0;0;1;1;0.380859375;15;-4.95068359375;9.9921875;-4.95068359375;-0.05712890625;1.3400000333786011;1.3333333730697632;5;5;1;1;0;0;1;1;0;0;1;0;0;1;1;1;1;0;0
19346;12;1;1;0;5;0;0;0;0;1;1;0.3792317807674408;15;-4.9384765625;10.004638671875;-4.9384765625;-0.056884765625;1.3366667032241821;1.3366667032241821;5;5;1;1;0;0;1;1;0;0;1;0;0;1;1;1;1;0;0
19356;12;1;1;0;5;0;0;0;0;1;1;0.3792317807674408;15;-4.920166015625;10.02294921875;-4.920166015625;-0.056884765625;1.3400000333786011;1.3333333730697632;5;5;1;1;0;0;1;1;0;0;1;0;0;1;1;1;1;0;0
19366;12;1;1;0;5;0;0;0;0;1;1;0.3792317807674408;15;-4.907958984375;10.03515625;-4.907958984375;-0.056884765625;1.3366667032241821;1.3333333730697632;5;5;1;1;0;0;1;1;0;0;1;0;0;1;1;1;1;0;0
19376;12;1;1;0;5;0;0;0;0;1;1;0.380859375;15;-4.889404296875;10.053466796875;-4.889404296875;-0.05712890625;1.3366667032241821;1.3366667032241821;5;5;1;1;0;0;1;1;0;0;1;0;0;1;1;1;1;0;0
19386;12;1;1;0;5;0;0;0;0;1;1;0.380859375;15;-4.877197265625;10.065673828125;-4.877197265625;-0.05712890625;1.3366667032241821;1.3366667032241821;5;5;1;1;0;0;1;1;0;0;1;0;0;1;1;1;1;0;0
19397;12;1;1;0;5;0;0;0;0;1;1;0.380859375;15;-4.85888671875;10.083984375;-4.85888671875;-0.05712890625;1.3366667032241821;1.3333333730697632;5;5;1;1;0;0;1;1;0;0;1;0;0;1;1;1;1;0;0
19406;12;1;1;0;5;0;0;0;0;1;1;0.380859375;15;-4.8466796875;10.09619140625;-4.8466796875;-0.05712890625;1.3366667032241821;1.3333333730697632;5;5;1;1;0;0;1;1;0;0;1;0;0;1;1;1;1;0;0
19416;12;1;1;0;5;0;0;0;0;1;1;0.380859375;15;-4.828125;10.11474609375;-4.828125;-0.05712890625;1.3400000333786011;1.3366667032241821;5;5;1;1;0;0;1;1;0;0;1;0;0;1;1;1;1;0;0
19427;12;1;1;0;5;0;0;0;0;1;1;0.380859375;15;-4.81591796875;10.126953125;-4.81591796875;-0.05712890625;1.3366667032241821;1.3366667032241821;5;5;1;1;0;0;1;1;0;0;1;0;0;1;1;1;1;0;0
19441;12;1;1;0;5;0;0;0;0;1;1;0.380859375;15;-4.797607421875;10.145263671875;-4.797607421875;-0.05712890625;1.3400000333786011;1.3333333730697632;5;5;1;1;0;0;1;1;0;0;1;0;0;1;1;1;1;0;0
19446;12;1;1;0;5;0;0;0;0;1;1;0.380859375;15;-4.785400390625;10.157470703125;-4.785400390625;-0.05712890625;1.3366667032241821;1.3333333730697632;5;5;1;1;0;0;1;1;0;0;1;0;0;1;1;1;1;0;0
19456;12;1;1;0;5;0;0;0;0;1;1;0.380859375;15;-4.76708984375;10.17578125;-4.76708984375;-0.05712890625;1.3366667032241821;1.3333333730697632;5;5;1;1;0;0;1;1;0;0;1;0;0;1;1;1;1;0;0
19466;12;1;1;0;5;0;0;0;0;1;1;0.380859375;15;-4.754638671875;10.188232421875;-4.754638671875;-0.05712890625;1.3400000333786011;1.3366667032241821;5;5;1;1;0;0;1;1;0;0;1;0;0;1;1;1;1;0;0
19476;12;1;1;0;5;0;0;0;0;1;1;0.380859375;15;-4.736328125;10.20654296875;-4.736328125;-0.05712890625;1.3366667032241821;1.3333333730697632;5;5;1;1;0;0;1;1;0;0;1;0;0;1;1;1;1;0;0
19488;12;1;1;0;5;0;0;0;0;1;1;0.380859375;15;-4.72412109375;10.21875;-4.72412109375;-0.05712890625;1.3366667032241821;1.3333333730697632;5;5;1;1;0;0;1;1;0;0;1;0;0;1;1;1;1;0;0
19497;12;1;1;0;5;0;0;0;0;1;1;0.380859375;15;-4.705810546875;10.237060546875;-4.705810546875;-0.05712890625;1.3366667032241821;1.3366667032241821;5;5;1;1;0;0;1;1;0;0;1;0;0;1;1;1;1;0;0
19506;12;1;1;0;5;0;0;0;0;1;1;0.380859375;15;-4.693603515625;10.249267578125;-4.693603515625;-0.05712890625;1.3366667032241821;1.3366667032241821;5;5;1;1;0;0;1;1;0;0;1;0;0;1;1;1;1;0;0
19516;12;1;1;0;5;0;0;0;0;1;1;0.380859375;15;-4.67529296875;10.267578125;-4.67529296875;-0.05712890625;1.3366667032241821;1.3366667032241821;5;5;1;1;0;0;1;1;0;0;1;0;0;1;1;1;1;0;0
19526;12;1;1;0;5;0;0;0;0;1;1;0.380859375;15;-4.662841796875;10.280029296875;-4.662841796875;-0.05712890625;1.3366667032241821;1.3366667032241821;5;5;1;1;0;0;1;1;0;0;1;0;0;1;1;1;1;0;0
19536;12;1;1;0;5;0;0;0;0;1;1;0.380859375;15;-4.64453125;10.29833984375;-4.64453125;-0.05712890625;1.3366667032241821;1.3366667032241821;5;5;1;1;0;0;1;1;0;0;1;0;0;1;1;1;1;0;0
19546;12;1;1;0;5;0;0;0;0;1;1;0.380859375;15;-4.63232421875;10.310546875;-4.63232421875;-0.05712890625;1.3366667032241821;1.3366667032241821;5;5;1;1;0;0;1;1;0;0;1;0;0;1;1;1;1;0;0
19556;12;1;1;0;5;0;0;0;0;1;1;0.380859375;15;-4.614013671875;10.328857421875;-4.614013671875;-0.05712890625;1.3366667032241821;1.3366667032241821;5;5;1;1;0;0;1;1;0;0;1;0;0;1;1;1;1;0;0
19566;12;1;1;0;5;0;0;0;0;1;1;0.380859375;15;-4.601806640625;10.341064453125;-4.601806640625;-0.05712890625;1.3333333730697632;1.3366667032241821;5;5;1;1;0;0;1;1;0;0;1;0;0;1;1;1;1;0;0
19576;12;1;1;0;5;0;0;0;0;1;1;0.3824869692325592;15;-4.583251953125;10.359375;-4.583251953125;-0.057373046875;1.3366667032241821;1.3333333730697632;5;5;1;1;0;0;1;1;0;0;1;0;0;1;1;1;1;0;0
19586;12;1;1;0;5;0;0;0;0;1;1;0.380859375;15;-4.571044921875;10.371826171875;-4.571044921875;-0.05712890625;1.3366667032241821;1.3366667032241821;5;5;1;1;0;0;1;1;0;0;1;0;0;1;1;1;1;0;0
19597;12;1;1;0;5;0;0;0;0;1;1;0.380859375;15;-4.552734375;10.39013671875;-4.552734375;-0.05712890625;1.3366667032241821;1.3366667032241821;5;5;1;1;0;0;1;1;0;0;1;0;0;1;1;1;1;0;0
19606;12;1;1;0;5;0;0;0;0;1;1;0.380859375;15;-4.54052734375;10.40234375;-4.54052734375;-0.05712890625;1.3366667032241821;1.3366667032241821;5;5;1;1;0;0;1;1;0;0;1;0;0;1;1;1;1;0;0
19616;12;1;1;0;5;0;0;0;0;1;1;0.380859375;15;-4.522216796875;10.420654296875;-4.522216796875;-0.05712890625;1.3366667032241821;1.3366667032241821;5;5;1;1;0;0;1;1;0;0;1;0;0;1;1;1;1;0;0
19626;12;1;1;0;5;0;0;0;0;1;1;0.380859375;15;-4.510009765625;10.432861328125;-4.510009765625;-0.05712890625;1.3366667032241821;1.3333333730697632;5;5;1;1;0;0;1;1;0;0;1;0;0;1;1;1;1;0;0
19636;12;1;1;0;5;0;0;0;0;1;1;0.380859375;15;-4.491455078125;10.451416015625;-4.491455078125;-0.05712890625;1.3366667032241821;1.3366667032241821;5;5;1;1;0;0;1;1;0;0;1;0;0;1;1;1;1;0;0
19646;12;1;1;0;5;0;0;0;0;1;1;0.380859375;15;-4.479248046875;10.463623046875;-4.479248046875;-0.05712890625;1.3366667032241821;1.3366667032241821;5;5;1;1;0;0;1;1;0;0;1;0;0;1;1;1;1;0;0
19657;12;1;1;0;5;0;0;0;0;1;1;0.380859375;15;-4.4609375;10.48193359375;-4.4609375;-0.05712890625;1.3400000333786011;1.3366667032241821;5;5;1;1;0;0;1;1;0;0;1;0;0;1;1;1;1;0;0
19667;12;1;1;0;5;0;0;0;0;1;1;0.380859375;15;-4.44873046875;10.494140625;-4.44873046875;-0.05712890625;1.3366667032241821;1.3366667032241821;5;5;1;1;0;0;1;1;0;0;1;0;0;1;1;1;1;0;0
19676;12;1;1;0;5;0;0;0;0;1;1;0.380859375;15;-4.430419921875;10.512451171875;-4.430419921875;-0.05712890625;1.3366667032241821;1.3333333730697632;5;5;1;1;0;0;1;1;0;0;1;0;0;1;1;1;1;0;0
19687;12;1;1;0;5;0;0;0;0;1;1;0.3792317807674408;15;-4.418212890625;10.52490234375;-4.418212890625;-0.056884765625;1.3366667032241821;1.3366667032241821;5;5;1;1;0;0;1;1;0;0;1;0;0;1;1;1;1;0;0
19698;12;1;1;0;5;0;0;0;0;1;1;0.380859375;15;-4.399658203125;10.543212890625;-4.399658203125;-0.05712890625;1.3366667032241821;1.3333333730697632;5;5;1;1;0;0;1;1;0;0;1;0;0;1;1;1;1;0;0
19706;12;1;1;0;5;0;0;0;0;1;1;0.380859375;15;-4.387451171875;10.555419921875;-4.387451171875;-0.05712890625;1.3366667032241821;1.3366667032241821;5;5;1;1;0;0;1;1;0;0;1;0;0;1;1;1;1;0;0
19716;12;1;1;0;5;0;0;0;0;1;1;0.380859375;15;-4.369140625;10.57373046875;-4.369140625;-0.05712890625;1.3366667032241821;1.3333333730697632;5;5;1;1;0;0;1;1;0;0;1;0;0;1;1;1;1;0;0
19726;12;1;1;0;5;0;0;0;0;1;1;0.380859375;15;-4.35693359375;10.5859375;-4.35693359375;-0.05712890625;1.3366667032241821;1.3333333730697632;5;5;1;1;0;0;1;1;0;0;1;0;0;1;1;1;1;0;0
19736;12;1;1;0;5;0;0;0;0;1;1;0.380859375;15;-4.338623046875;10.604248046875;-4.338623046875;-0.05712890625;1.3366667032241821;1.3366667032241821;5;5;1;1;0;0;1;1;0;0;1;0;0;1;1;1;1;0;0
19747;12;1;1;0;5;0;0;0;0;1;1;0.3792317807674408;15;-4.326416015625;10.61669921875;-4.326416015625;-0.056884765625;1.3366667032241821;1.3366667032241821;5;5;1;1;0;0;1;1;0;0;1;0;0;1;1;1;1;0;0
19757;12;1;1;0;5;0;0;0;0;1;1;0.380859375;15;-4.307861328125;10.635009765625;-4.307861328125;-0.05712890625;1.3366667032241821;1.3333333730697632;5;5;1;1;0;0;1;1;0;0;1;0;0;1;1;1;1;0;0
19766;12;1;1;0;5;0;0;0;0;1;1;0.380859375;15;-4.295654296875;10.647216796875;-4.295654296875;-0.05712890625;1.3333333730697632;1.3366667032241821;5;5;1;1;0;0;1;1;0;0;1;0;0;1;1;1;1;0;0
19776;12;1;1;0;5;0;0;0;0;1;1;0.380859375;15;-4.27734375;10.66552734375;-4.27734375;-0.05712890625;1.3366667032241821;1.3333333730697632;5;5;1;1;0;0;1;1;0;0;1;0;0;1;1;1;1;0;0
19786;12;1;1;0;5;0;0;0;0;1;1;0.380859375;15;-4.26513671875;10.677734375;-4.26513671875;-0.05712890625;1.3333333730697632;1.3366667032241821;5;5;1;1;0;0;1;1;0;0;1;0;0;1;1;1;1;0;0
19796;12;1;1;0;5;0;0;0;0;1;1;0.380859375;15;-4.246826171875;10.696044921875;-4.246826171875;-0.05712890625;1.3366667032241821;1.3333333730697632;5;5;1;1;0;0;1;1;0;0;1;0;0;1;1;1;1;0;0
19806;12;1;1;0;5;0;0;0;0;1;1;0.3792317807674408;15;-4.234619140625;10.70849609375;-4.234619140625;-0.056884765625;1.3366667032241821;1.3366667032241821;5;5;1;1;0;0;1;1;0;0;1;0;0;1;1;1;1;0;0
19816;12;1;1;0;5;0;0;0;0;1;1;0.380859375;15;-4.216064453125;10.726806640625;-4.216064453125;-0.05712890625;1.3366667032241821;1.3333333730697632;5;5;1;1;0;0;1;1;0;0;1;0;0;1;1;1;1;0;0
19828;12;1;1;0;5;0;0;0;0;1;1;0.380859375;15;-4.203857421875;10.739013671875;-4.203857421875;-0.05712890625;1.3366667032241821;1.3333333730697632;5;5;1;1;0;0;1;1;0;0;1;0;0;1;1;1;1;0;0
19836;12;1;1;0;5;0;0;0;0;1;1;0.380859375;15;-4.185546875;10.75732421875;-4.185546875;-0.05712890625;1.3366667032241821;1.3366667032241821;5;5;1;1;0;0;1;1;0;0;1;0;0;1;1;1;1;0;0
19846;12;1;1;0;5;0;0;0;0;1;1;0.380859375;15;-4.17333984375;10.76953125;-4.17333984375;-0.05712890625;1.3366667032241821;1.3333333730697632;5;5;1;1;0;0;1;1;0;0;1;0;0;1;1;1;1;0;0
19857;12;1;1;0;5;0;0;0;0;1;1;0.380859375;15;-4.155029296875;10.787841796875;-4.155029296875;-0.05712890625;1.3366667032241821;1.3333333730697632;5;5;1;1;0;0;1;1;0;0;1;0;0;1;1;1;1;0;0
19866;12;1;1;0;5;0;0;0;0;1;1;0.3792317807674408;15;-4.142822265625;10.80029296875;-4.142822265625;-0.056884765625;1.3333333730697632;1.3366667032241821;5;5;1;1;0;0;1;1;0;0;1;0;0;1;1;1;1;0;0
19876;12;1;1;0;5;0;0;0;0;1;1;0.3792317807674408;15;-4.12451171875;10.818603515625;-4.12451171875;-0.056884765625;1.3366667032241821;1.3333333730697632;5;5;1;1;0;0;1;1;0;0;1;0;0;1;1;1;1;0;0
19886;12;1;1;0;5;0;0;0;0;1;1;0.380859375;15;-4.112060546875;10.830810546875;-4.112060546875;-0.05712890625;1.3366667032241821;1.3333333730697632;5;5;1;1;0;0;1;1;0;0;1;0;0;1;1;1;1;0;0
19896;12;1;1;0;5;0;0;0;0;1;1;0.380859375;15;-4.09375;10.84912109375;-4.09375;-0.05712890625;1.3366667032241821;1.3366667032241821;5;5;1;1;0;0;1;1;0;0;1;0;0;1;1;1;1;0;0
19906;12;1;1;0;5;0;0;0;0;1;1;0.380859375;15;-4.08154296875;10.861328125;-4.08154296875;-0.05712890625;1.3366667032241821;1.3366667032241821;5;5;1;1;0;0;1;1;0;0;1;0;0;1;1;1;1;0;0
19916;12;1;1;0;5;0;0;0;0;1;1;0.3792317807674408;15;-4.063232421875;10.8798828125;-4.063232421875;-0.056884765625;1.3400000333786011;1.3366667032241821;5;5;1;1;0;0;1;1;0;0;1;0;0;1;1;1;1;0;0
19927;12;1;1;0;5;0;0;0;0;1;1;0.3792317807674408;15;-4.051025390625;10.89208984375;-4.051025390625;-0.056884765625;1.3366667032241821;1.3366667032241821;5;5;1;1;0;0;1;1;0;0;1;0;0;1;1;1;1;0;0
19936;12;1;1;0;5;0;0;0;0;1;1;0.380859375;15;-4.032470703125;10.910400390625;-4.032470703125;-0.05712890625;1.3366667032241821;1.3333333730697632;5;5;1;1;0;0;1;1;0;0;1;0;0;1;1;1;1;0;0
19947;12;1;1;0;5;0;0;0;0;1;1;0.380859375;15;-4.020263671875;10.922607421875;-4.020263671875;-0.05712890625;1.3366667032241821;1.3366667032241821;5;5;1;1;0;0;1;1;0;0;1;0;0;1;1;1;1;0;0
19957;12;1;1;0;5;0;0;0;0;1;1;0.380859375;15;-4.001953125;10.94091796875;-4.001953125;-0.05712890625;1.3366667032241821;1.3333333730697632;5;5;1;1;0;0;1;1;0;0;1;0;0;1;1;1;1;0;0
19966;12;1;1;0;5;0;0;0;0;1;1;0.380859375;15;-3.98974609375;10.953125;-3.98974609375;-0.05712890625;1.3366667032241821;1.3333333730697632;5;5;1;1;0;0;1;1;0;0;1;0;0;1;1;1;1;0;0
19976;12;1;1;0;5;0;0;0;0;1;1;0.380859375;15;-3.97119140625;10.9716796875;-3.97119140625;-0.05712890625;1.3366667032241821;1.3366667032241821;5;5;1;1;0;0;1;1;0;0;1;0;0;1;1;1;1;0;0
19987;12;1;1;0;5;0;0;0;0;1;1;0.380859375;15;-3.958984375;10.98388671875;-3.958984375;-0.05712890625;1.3366667032241821;1.3333333730697632;5;5;1;1;0;0;1;1;0;0;1;0;0;1;1;1;1;0;0
19996;12;1;1;0;5;0;0;0;0;1;1;0.380859375;15;-3.940673828125;11.002197265625;-3.940673828125;-0.05712890625;1.3366667032241821;1.3366667032241821;5;5;1;1;0;0;1;1;0;0;1;0;0;1;1;1;1;0;0
20006;12;1;1;0;5;0;0;0;0;1;1;0.3792317807674408;15;-3.928466796875;11.0146484375;-3.928466796875;-0.056884765625;1.3366667032241821;1.3400000333786011;5;5;1;1;0;0;1;1;0;0;1;0;0;1;1;1;1;0;0
20016;12;1;1;0;5;0;0;0;0;1;1;0.3824869692325592;15;-3.909912109375;11.03271484375;-3.909912109375;-0.057373046875;1.3400000333786011;1.3300000429153442;5;5;1;1;0;0;1;1;0;0;1;0;0;1;1;1;1;0;0
20026;12;1;1;0;5;0;0;0;0;1;1;0.3824869692325592;15;-3.897705078125;11.044921875;-3.897705078125;-0.057373046875;1.3366667032241821;1.3333333730697632;5;5;1;1;0;0;1;1;0;0;1;0;0;1;1;1;1;0;0
20036;12;1;1;0;5;0;0;0;0;1;1;0.380859375;15;-3.87939453125;11.0634765625;-3.87939453125;-0.05712890625;1.3366667032241821;1.3366667032241821;5;5;1;1;0;0;1;1;0;0;1;0;0;1;1;1;1;0;0
20046;12;1;1;0;5;0;0;0;0;1;1;0.380859375;15;-3.8671875;11.07568359375;-3.8671875;-0.05712890625;1.3400000333786011;1.3333333730697632;5;5;1;1;0;0;1;1;0;0;1;0;0;1;1;1;1;0;0
20056;12;1;1;0;5;0;0;0;0;1;1;0.3792317807674408;15;-3.848876953125;11.09423828125;-3.848876953125;-0.056884765625;1.3366667032241821;1.3400000333786011;5;5;1;1;0;0;1;1;0;0;1;0;0;1;1;1;1;0;0
20066;12;1;1;0;5;0;0;0;0;1;1;0.380859375;15;-3.83642578125;11.1064453125;-3.83642578125;-0.05712890625;1.3366667032241821;1.3366667032241821;5;5;1;1;0;0;1;1;0;0;1;0;0;1;1;1;1;0;0
20076;12;1;1;0;5;0;0;0;0;1;1;0.380859375;15;-3.818115234375;11.124755859375;-3.818115234375;-0.05712890625;1.3400000333786011;1.3400000333786011;5;5;1;1;0;0;1;1;0;0;1;0;0;1;1;1;1;0;0
20086;12;1;1;0;5;0;0;0;0;1;1;0.380859375;15;-3.805908203125;11.136962890625;-3.805908203125;-0.05712890625;1.3366667032241821;1.3400000333786011;5;5;1;1;0;0;1;1;0;0;1;0;0;1;1;1;1;0;0
20096;12;1;1;0;5;0;0;0;0;1;1;0.380859375;15;-3.78759765625;11.1552734375;-3.78759765625;-0.05712890625;1.3366667032241821;1.3300000429153442;5;5;1;1;0;0;1;1;0;0;1;0;0;1;1;1;1;0;0
20107;12;1;1;0;5;0;0;0;0;1;1;0.380859375;15;-3.775146484375;11.167724609375;-3.775146484375;-0.05712890625;1.3366667032241821;1.3366667032241821;5;5;1;1;0;0;1;1;0;0;1;0;0;1;1;1;1;0;0
20116;12;1;1;0;5;0;0;0;0;1;1;0.380859375;15;-3.7568359375;11.18603515625;-3.7568359375;-0.05712890625;1.3366667032241821;1.3400000333786011;5;5;1;1;0;0;1;1;0;0;1;0;0;1;1;1;1;0;0
20127;12;1;1;0;5;0;0;0;0;1;1;0.3824869692325592;15;-3.74462890625;11.197998046875;-3.74462890625;-0.057373046875;1.3400000333786011;1.3300000429153442;5;5;1;1;0;0;1;1;0;0;1;0;0;1;1;1;1;0;0
20136;12;1;1;0;5;0;0;0;0;1;1;0.380859375;15;-3.726318359375;11.216552734375;-3.726318359375;-0.05712890625;1.3366667032241821;1.3366667032241821;5;5;1;1;0;0;1;1;0;0;1;0;0;1;1;1;1;0;0
20146;12;1;1;0;5;0;0;0;0;1;1;0.380859375;15;-3.714111328125;11.228759765625;-3.714111328125;-0.05712890625;1.3366667032241821;1.3366667032241821;5;5;1;1;0;0;1;1;0;0;1;0;0;1;1;1;1;0;0
20159;12;1;1;0;5;0;0;0;0;1;1;0.380859375;15;-3.695556640625;11.247314453125;-3.695556640625;-0.05712890625;1.3400000333786011;1.3400000333786011;5;5;1;1;0;0;1;1;0;0;1;0;0;1;1;1;1;0;0
20166;12;1;1;0;5;0;0;0;0;1;1;0.380859375;15;-3.683349609375;11.259521484375;-3.683349609375;-0.05712890625;1.3366667032241821;1.3400000333786011;5;5;1;1;0;0;1;1;0;0;1;0;0;1;1;1;1;0;0
20176;12;1;1;0;5;0;0;0;0;1;1;0.380859375;15;-3.6650390625;11.27783203125;-3.6650390625;-0.05712890625;1.3400000333786011;1.3366667032241821;5;5;1;1;0;0;1;1;0;0;1;0;0;1;1;1;1;0;0
20186;12;1;1;0;5;0;0;0;0;1;1;0.380859375;15;-3.652587890625;11.290283203125;-3.652587890625;-0.05712890625;1.3366667032241821;1.3400000333786011;5;5;1;1;0;0;1;1;0;0;1;0;0;1;1;1;1;0;0
20196;12;1;1;0;5;0;0;0;0;1;1;0.380859375;15;-3.63427734375;11.30859375;-3.63427734375;-0.05712890625;1.3366667032241821;1.3333333730697632;5;5;1;1;0;0;1;1;0;0;1;0;0;1;1;1;1;0;0
20206;12;1;1;0;5;0;0;0;0;1;1;0.380859375;15;-3.6220703125;11.32080078125;-3.6220703125;-0.05712890625;1.3400000333786011;1.3333333730697632;5;5;1;1;0;0;1;1;0;0;1;0;0;1;1;1;1;0;0
20216;12;1;1;0;5;0;0;0;0;1;1;0.3792317807674408;15;-3.603759765625;11.33935546875;-3.603759765625;-0.056884765625;1.3366667032241821;1.34333336353302;5;5;1;1;0;0;1;1;0;0;1;0;0;1;1;1;1;0;0
20226;12;1;1;0;5;0;0;0;0;1;1;0.380859375;15;-3.59130859375;11.3515625;-3.59130859375;-0.05712890625;1.3366667032241821;1.3400000333786011;5;5;1;1;0;0;1;1;0;0;1;0;0;1;1;1;1;0;0
20236;12;1;1;0;5;0;0;0;0;1;1;0.3824869692325592;15;-3.572998046875;11.36962890625;-3.572998046875;-0.057373046875;1.3400000333786011;1.3300000429153442;5;5;1;1;0;0;1;1;0;0;1;0;0;1;1;1;1;0;0
20246;12;1;1;0;5;0;0;0;0;1;1;0.3824869692325592;15;-3.560791015625;11.3818359375;-3.560791015625;-0.057373046875;1.3366667032241821;1.3333333730697632;5;5;1;1;0;0;1;1;0;0;1;0;0;1;1;1;1;0;0
20257;12;1;1;0;5;0;0;0;0;1;1;0.3824869692325592;15;-3.542236328125;11.400390625;-3.542236328125;-0.057373046875;1.3366667032241821;1.3366667032241821;5;5;1;1;0;0;1;1;0;0;1;0;0;1;1;1;1;0;0
20266;12;1;1;0;5;0;0;0;0;1;1;0.3824869692325592;15;-3.530029296875;11.41259765625;-3.530029296875;-0.057373046875;1.3400000333786011;1.3333333730697632;5;5;1;1;0;0;1;1;0;0;1;0;0;1;1;1;1;0;0
20276;12;1;1;0;5;0;0;0;0;1;1;0.3824869692325592;15;-3.51171875;11.430908203125;-3.51171875;-0.057373046875;1.3400000333786011;1.3333333730697632;5;5;1;1;0;0;1;1;0;0;1;0;0;1;1;1;1;0;0
20287;12;1;1;0;5;0;0;0;0;1;1;0.380859375;15;-3.49951171875;11.443359375;-3.49951171875;-0.05712890625;1.3400000333786011;1.3400000333786011;5;5;1;1;0;0;1;1;0;0;1;0;0;1;1;1;1;0;0
20296;12;1;1;0;5;0;0;0;0;1;1;0.3824869692325592;15;-3.48095703125;11.461669921875;-3.48095703125;-0.057373046875;1.3400000333786011;1.3400000333786011;5;5;1;1;0;0;1;1;0;0;1;0;0;1;1;1;1;0;0
20306;12;1;1;0;5;0;0;0;0;1;1;0.3824869692325592;15;-3.46875;11.473876953125;-3.46875;-0.057373046875;1.3366667032241821;1.3366667032241821;5;5;1;1;0;0;1;1;0;0;1;0;0;1;1;1;1;0;0
20316;12;1;1;0;5;0;0;0;0;1;1;0.380859375;15;-3.450439453125;11.492431640625;-3.450439453125;-0.05712890625;1.3400000333786011;1.3400000333786011;5;5;1;1;0;0;1;1;0;0;1;0;0;1;1;1;1;0;0
20326;12;1;1;0;5;0;0;0;0;1;1;0.3824869692325592;15;-3.43798828125;11.504638671875;-3.43798828125;-0.057373046875;1.3400000333786011;1.3366667032241821;5;5;1;1;0;0;1;1;0;0;1;0;0;1;1;1;1;0;0
20336;12;1;1;0;5;0;0;0;0;1;1;0.3824869692325592;15;-3.419677734375;11.52294921875;-3.419677734375;-0.057373046875;1.3400000333786011;1.3366667032241821;5;5;1;1;0;0;1;1;0;0;1;0;0;1;1;1;1;0;0
20346;12;1;1;0;5;0;0;0;0;1;1;0.3824869692325592;15;-3.407470703125;11.53515625;-3.407470703125;-0.057373046875;1.3400000333786011;1.3366667032241821;5;5;1;1;0;0;1;1;0;0;1;0;0;1;1;1;1;0;0
20357;12;1;1;0;5;0;0;0;0;1;1;0.3824869692325592;15;-3.388916015625;11.5537109375;-3.388916015625;-0.057373046875;1.3400000333786011;1.3400000333786011;5;5;1;1;0;0;1;1;0;0;1;0;0;1;1;1;1;0;0
20367;12;1;1;0;5;0;0;0;0;1;1;0.3824869692325592;15;-3.376708984375;11.56591796875;-3.376708984375;-0.057373046875;1.3400000333786011;1.3366667032241821;5;5;1;1;0;0;1;1;0;0;1;0;0;1;1;1;1;0;0
20376;12;1;1;0;5;0;0;0;0;1;1;0.3824869692325592;15;-3.3583984375;11.584228515625;-3.3583984375;-0.057373046875;1.3400000333786011;1.3366667032241821;5;5;1;1;0;0;1;1;0;0;1;0;0;1;1;1;1;0;0
20387;12;1;1;0;5;0;0;0;0;1;1;0.380859375;15;-3.34619140625;11.5966796875;-3.34619140625;-0.05712890625;1.3366667032241821;1.3366667032241821;5;5;1;1;0;0;1;1;0;0;1;0;0;1;1;1;1;0;0
20396;12;1;1;0;5;0;0;0;0;1;1;0.3824869692325592;15;-3.32763671875;11.614990234375;-3.32763671875;-0.057373046875;1.3400000333786011;1.3366667032241821;5;5;1;1;0;0;1;1;0;0;1;0;0;1;1;1;1;0;0
20406;12;1;1;0;5;0;0;0;0;1;1;0.3824869692325592;15;-3.3154296875;11.627197265625;-3.3154296875;-0.057373046875;1.3366667032241821;1.3366667032241821;5;5;1;1;0;0;1;1;0;0;1;0;0;1;1;1;1;0;0
20416;12;1;1;0;5;0;0;0;0;1;1;0.3824869692325592;15;-3.297119140625;11.6455078125;-3.297119140625;-0.057373046875;1.3366667032241821;1.3366667032241821;5;5;1;1;0;0;1;1;0;0;1;0;0;1;1;1;1;0;0
20426;12;1;1;0;5;0;0;0;0;1;1;0.380859375;15;-3.284912109375;11.657958984375;-3.284912109375;-0.05712890625;1.3400000333786011;1.3366667032241821;5;5;1;1;0;0;1;1;0;0;1;0;0;1;1;1;1;0;0
20436;12;1;1;0;5;0;0;0;0;1;1;0.380859375;15;-3.2666015625;11.67626953125;-3.2666015625;-0.05712890625;1.3366667032241821;1.3366667032241821;5;5;1;1;0;0;1;1;0;0;1;0;0;1;1;1;1;0;0
20446;12;1;1;0;5;0;0;0;0;1;1;0.380859375;15;-3.25439453125;11.6884765625;-3.25439453125;-0.05712890625;1.3366667032241821;1.3333333730697632;5;5;1;1;0;0;1;1;0;0;1;0;0;1;1;1;1;0;0
20458;12;1;1;0;5;0;0;0;0;1;1;0.380859375;15;-3.23583984375;11.70703125;-3.23583984375;-0.05712890625;1.3366667032241821;1.3400000333786011;5;5;1;1;0;0;1;1;0;0;1;0;0;1;1;1;1;0;0
20466;12;1;1;0;5;0;0;0;0;1;1;0.380859375;15;-3.2236328125;11.71923828125;-3.2236328125;-0.05712890625;1.3366667032241821;1.3366667032241821;5;5;1;1;0;0;1;1;0;0;1;0;0;1;1;1;1;0;0
20476;12;1;1;0;5;0;0;0;0;1;1;0.380859375;15;-3.205322265625;11.737548828125;-3.205322265625;-0.05712890625;1.3366667032241821;1.3366667032241821;5;5;1;1;0;0;1;1;0;0;1;0;0;1;1;1;1;0;0
20486;12;1;1;0;5;0;0;0;0;1;1;0.380859375;15;-3.193115234375;11.749755859375;-3.193115234375;-0.05712890625;1.3366667032241821;1.3366667032241821;5;5;1;1;0;0;1;1;0;0;1;0;0;1;1;1;1;0;0
20496;12;1;1;0;5;0;0;0;0;1;1;0.380859375;15;-3.1748046875;11.76806640625;-3.1748046875;-0.05712890625;1.3366667032241821;1.3366667032241821;5;5;1;1;0;0;1;1;0;0;1;0;0;1;1;1;1;0;0
20506;12;1;1;0;5;0;0;0;0;1;1;0.3824869692325592;15;-3.162353515625;11.7802734375;-3.162353515625;-0.057373046875;1.3366667032241821;1.3366667032241821;5;5;1;1;0;0;1;1;0;0;1;0;0;1;1;1;1;0;0
20516;12;1;1;0;5;0;0;0;0;1;1;0.380859375;15;-3.14404296875;11.798828125;-3.14404296875;-0.05712890625;1.3366667032241821;1.3366667032241821;5;5;1;1;0;0;1;1;0;0;1;0;0;1;1;1;1;0;0
20526;12;1;1;0;5;0;0;0;0;1;1;0.380859375;15;-3.1318359375;11.81103515625;-3.1318359375;-0.05712890625;1.3366667032241821;1.3366667032241821;5;5;1;1;0;0;1;1;0;0;1;0;0;1;1;1;1;0;0
20536;12;1;1;0;5;0;0;0;0;1;1;0.380859375;15;-3.113525390625;11.829345703125;-3.113525390625;-0.05712890625;1.3366667032241821;1.3366667032241821;5;5;1;1;0;0;1;1;0;0;1;0;0;1;1;1;1;0;0
20546;12;1;1;0;5;0;0;0;0;1;1;0.3792317807674408;15;-3.101318359375;11.841796875;-3.101318359375;-0.056884765625;1.3366667032241821;1.3366667032241821;5;5;1;1;0;0;1;1;0;0;1;0;0;1;1;1;1;0;0
20556;12;1;1;0;5;0;0;0;0;1;1;0.380859375;15;-3.082763671875;11.860107421875;-3.082763671875;-0.05712890625;1.3400000333786011;1.3366667032241821;5;5;1;1;0;0;1;1;0;0;1;0;0;1;1;1;1;0;0
20566;12;1;1;0;5;0;0;0;0;1;1;0.3792317807674408;15;-3.07080078125;11.872314453125;-3.07080078125;-0.056884765625;1.3333333730697632;1.3333333730697632;5;5;1;1;0;0;1;1;0;0;1;0;0;1;1;1;1;0;0
20576;12;1;1;0;5;0;0;0;0;1;1;0.380859375;15;-3.05224609375;11.890625;-3.05224609375;-0.05712890625;1.3366667032241821;1.3366667032241821;5;5;1;1;0;0;1;1;0;0;1;0;0;1;1;1;1;0;0
20587;12;1;1;0;5;0;0;0;0;1;1;0.380859375;15;-3.0400390625;11.90283203125;-3.0400390625;-0.05712890625;1.3366667032241821;1.3366667032241821;5;5;1;1;0;0;1;1;0;0;1;0;0;1;1;1;1;0;0
20596;12;1;1;0;5;0;0;0;0;1;1;0.3792317807674408;15;-3.021728515625;11.92138671875;-3.021728515625;-0.056884765625;1.3366667032241821;1.3366667032241821;5;5;1;1;0;0;1;1;0;0;1;0;0;1;1;1;1;0;0
20606;12;1;1;0;5;0;0;0;0;1;1;0.3792317807674408;15;-3.009521484375;11.93359375;-3.009521484375;-0.056884765625;1.3366667032241821;1.3366667032241821;5;5;1;1;0;0;1;1;0;0;1;0;0;1;1;1;1;0;0
20617;12;1;1;0;5;0;0;0;0;1;1;0.380859375;15;-2.990966796875;11.951904296875;-2.990966796875;-0.05712890625;1.3400000333786011;1.3400000333786011;5;5;1;1;0;0;1;1;0;0;1;0;0;1;1;1;1;0;0
20626;12;1;1;0;5;0;0;0;0;1;1;0.380859375;15;-2.978759765625;11.964111328125;-2.978759765625;-0.05712890625;1.3366667032241821;1.3366667032241821;5;5;1;1;0;0;1;1;0;0;1;0;0;1;1;1;1;0;0
20636;12;1;1;0;5;0;0;0;0;1;1;0.380859375;15;-2.96044921875;11.982421875;-2.96044921875;-0.05712890625;1.3366667032241821;1.3333333730697632;5;5;1;1;0;0;1;1;0;0;1;0;0;1;1;1;1;0;0
20646;12;1;1;0;5;0;0;0;0;1;1;0.3792317807674408;15;-2.9482421875;11.994873046875;-2.9482421875;-0.056884765625;1.3366667032241821;1.3366667032241821;5;5;1;1;0;0;1;1;0;0;1;0;0;1;1;1;1;0;0
20656;12;1;1;0;5;0;0;0;0;1;1;0.3792317807674408;15;-2.929931640625;12.01318359375;-2.929931640625;-0.056884765625;1.3366667032241821;1.3366667032241821;5;5;1;1;0;0;1;1;0;0;1;0;0;1;1;1;1;0;0
20666;12;1;1;0;5;0;0;0;0;1;1;0.380859375;15;-2.91748046875;12.025390625;-2.91748046875;-0.05712890625;1.3366667032241821;1.3366667032241821;5;5;1;1;0;0;1;1;0;0;1;0;0;1;1;1;1;0;0
20676;12;1;1;0;5;0;0;0;0;1;1;0.3792317807674408;15;-2.899169921875;12.0439453125;-2.899169921875;-0.056884765625;1.3366667032241821;1.3366667032241821;5;5;1;1;0;0;1;1;0;0;1;0;0;1;1;1;1;0;0
20687;12;1;1;0;5;0;0;0;0;1;1;0.3792317807674408;15;-2.886962890625;12.05615234375;-2.886962890625;-0.056884765625;1.3366667032241821;1.3366667032241821;5;5;1;1;0;0;1;1;0;0;1;0;0;1;1;1;1;0;0
20696;12;1;1;0;5;0;0;0;0;1;1;0.3792317807674408;15;-2.86865234375;12.074462890625;-2.86865234375;-0.056884765625;1.3366667032241821;1.3366667032241821;5;5;1;1;0;0;1;1;0;0;1;0;0;1;1;1;1;0;0
20706;12;1;1;0;5;0;0;0;0;1;1;0.3792317807674408;15;-2.8564453125;12.086669921875;-2.8564453125;-0.056884765625;1.3366667032241821;1.3366667032241821;5;5;1;1;0;0;1;1;0;0;1;0;0;1;1;1;1;0;0
20720;12;1;1;0;5;0;0;0;0;1;1;0.3792317807674408;15;-2.838134765625;12.10498046875;-2.838134765625;-0.056884765625;1.3366667032241821;1.3333333730697632;5;5;1;1;0;0;1;1;0;0;1;0;0;1;1;1;1;0;0
20726;12;1;1;0;5;0;0;0;0;1;1;0.3776041567325592;15;-2.825927734375;12.117431640625;-2.825927734375;-0.056640625;1.3333333730697632;1.3366667032241821;5;5;1;1;0;0;1;1;0;0;1;0;0;1;1;1;1;0;0
20736;12;1;1;0;5;0;0;0;0;1;1;0.3792317807674408;15;-2.807373046875;12.1357421875;-2.807373046875;-0.056884765625;1.3366667032241821;1.3366667032241821;5;5;1;1;0;0;1;1;0;0;1;0;0;1;1;1;1;0;0
20746;12;1;1;0;5;0;0;0;0;1;1;0.3792317807674408;15;-2.795166015625;12.14794921875;-2.795166015625;-0.056884765625;1.3366667032241821;1.3366667032241821;5;5;1;1;0;0;1;1;0;0;1;0;0;1;1;1;1;0;0
20756;12;1;1;0;5;0;0;0;0;1;1;0.3792317807674408;15;-2.77685546875;12.166259765625;-2.77685546875;-0.056884765625;1.3333333730697632;1.3366667032241821;5;5;1;1;0;0;1;1;0;0;1;0;0;1;1;1;1;0;0
20766;12;1;1;0;5;0;0;0;0;1;1;0.3792317807674408;15;-2.7646484375;12.178466796875;-2.7646484375;-0.056884765625;1.3333333730697632;1.3333333730697632;5;5;1;1;0;0;1;1;0;0;1;0;0;1;1;1;1;0;0
20776;12;1;1;0;5;0;0;0;0;1;1;0.3776041567325592;15;-2.746337890625;12.197021484375;-2.746337890625;-0.056640625;1.3333333730697632;1.3366667032241821;5;5;1;1;0;0;1;1;0;0;1;0;0;1;1;1;1;0;0
20788;12;1;1;0;5;0;0;0;0;1;1;0.3776041567325592;15;-2.734130859375;12.209228515625;-2.734130859375;-0.056640625;1.3333333730697632;1.3366667032241821;5;5;1;1;0;0;1;1;0;0;1;0;0;1;1;1;1;0;0
20796;12;1;1;0;5;0;0;0;0;1;1;0.3792317807674408;15;-2.715576171875;12.2275390625;-2.715576171875;-0.056884765625;1.3366667032241821;1.3333333730697632;5;5;1;1;0;0;1;1;0;0;1;0;0;1;1;1;1;0;0
20806;12;1;1;0;5;0;0;0;0;1;1;0.3776041567325592;15;-2.70361328125;12.23974609375;-2.70361328125;-0.056640625;1.3333333730697632;1.3366667032241821;5;5;1;1;0;0;1;1;0;0;1;0;0;1;1;1;1;0;0
20816;12;1;1;0;5;0;0;0;0;1;1;0.3776041567325592;15;-2.68505859375;12.25830078125;-2.68505859375;-0.056640625;1.3366667032241821;1.3366667032241821;5;5;1;1;0;0;1;1;0;0;1;0;0;1;1;1;1;0;0
20826;12;1;1;0;5;0;0;0;0;1;1;0.3776041567325592;15;-2.6728515625;12.2705078125;-2.6728515625;-0.056640625;1.3366667032241821;1.3366667032241821;5;5;1;1;0;0;1;1;0;0;1;0;0;1;1;1;1;0;0
20836;12;1;1;0;5;0;0;0;0;1;1;0.3776041567325592;15;-2.654541015625;12.288818359375;-2.654541015625;-0.056640625;1.3333333730697632;1.3366667032241821;5;5;1;1;0;0;1;1;0;0;1;0;0;1;1;1;1;0;0
20846;12;1;1;0;5;0;0;0;0;1;1;0.3776041567325592;15;-2.642333984375;12.301025390625;-2.642333984375;-0.056640625;1.3366667032241821;1.3366667032241821;5;5;1;1;0;0;1;1;0;0;1;0;0;1;1;1;1;0;0
20856;12;1;1;0;5;0;0;0;0;1;1;0.3776041567325592;15;-2.6240234375;12.3193359375;-2.6240234375;-0.056640625;1.3366667032241821;1.3333333730697632;5;5;1;1;0;0;1;1;0;0;1;0;0;1;1;1;1;0;0
20866;12;1;1;0;5;0;0;0;0;1;1;0.3759765625;15;-2.61181640625;12.331787109375;-2.61181640625;-0.056396484375;1.3333333730697632;1.3366667032241821;5;5;1;1;0;0;1;1;0;0;1;0;0;1;1;1;1;0;0
20876;12;1;1;0;5;0;0;0;0;1;1;0.3776041567325592;15;-2.59326171875;12.35009765625;-2.59326171875;-0.056640625;1.3366667032241821;1.3333333730697632;5;5;1;1;0;0;1;1;0;0;1;0;0;1;1;1;1;0;0
20902;12;1;1;0;5;0;0;0;0;1;1;0.3776041567325592;15;-2.562744140625;12.380615234375;-2.562744140625;-0.056640625;1.3366667032241821;1.3366667032241821;5;5;1;1;0;0;1;1;0;0;1;0;0;1;1;1;1;0;0
20906;12;1;1;0;5;0;0;0;0;1;1;0.3776041567325592;15;-2.550537109375;12.392822265625;-2.550537109375;-0.056640625;1.3366667032241821;1.3366667032241821;5;5;1;1;0;0;1;1;0;0;1;0;0;1;1;1;1;0;0
20916;12;1;1;0;5;0;0;0;0;1;1;0.3776041567325592;15;-2.5322265625;12.4111328125;-2.5322265625;-0.056640625;1.3366667032241821;1.3333333730697632;5;5;1;1;0;0;1;1;0;0;1;0;0;1;1;1;1;0;0
20927;12;1;1;0;5;0;0;0;0;1;1;0.3776041567325592;15;-2.52001953125;12.42333984375;-2.52001953125;-0.056640625;1.3333333730697632;1.3333333730697632;5;5;1;1;0;0;1;1;0;0;1;0;0;1;1;1;1;0;0
20936;12;1;1;0;5;0;0;0;0;1;1;0.3759765625;15;-2.501708984375;12.44189453125;-2.501708984375;-0.056396484375;1.3366667032241821;1.3366667032241821;5;5;1;1;0;0;1;1;0;0;1;0;0;1;1;1;1;0;0
20947;12;1;1;0;5;0;0;0;0;1;1;0.3759765625;15;-2.489501953125;12.4541015625;-2.489501953125;-0.056396484375;1.3366667032241821;1.3366667032241821;5;5;1;1;0;0;1;1;0;0;1;0;0;1;1;1;1;0;0
20956;12;1;1;0;5;0;0;0;0;1;1;0.3776041567325592;15;-2.470947265625;12.472412109375;-2.470947265625;-0.056640625;1.3366667032241821;1.3366667032241821;5;5;1;1;0;0;1;1;0;0;1;0;0;1;1;1;1;0;0
20966;12;1;1;0;5;0;0;0;0;1;1;0.3776041567325592;15;-2.458740234375;12.484619140625;-2.458740234375;-0.056640625;1.3333333730697632;1.3333333730697632;5;5;1;1;0;0;1;1;0;0;1;0;0;1;1;1;1;0;0
20976;12;1;1;0;5;0;0;0;0;1;1;0.3776041567325592;15;-2.4404296875;12.5029296875;-2.4404296875;-0.056640625;1.3366667032241821;1.3333333730697632;5;5;1;1;0;0;1;1;0;0;1;0;0;1;1;1;1;0;0
20986;12;1;1;0;5;0;0;0;0;1;1;0.3759765625;15;-2.42822265625;12.515380859375;-2.42822265625;-0.056396484375;1.3333333730697632;1.3366667032241821;5;5;1;1;0;0;1;1;0;0;1;0;0;1;1;1;1;0;0
20996;12;1;1;0;5;0;0;0;0;1;1;0.3759765625;15;-2.409912109375;12.53369140625;-2.409912109375;-0.056396484375;1.3333333730697632;1.3366667032241821;5;5;1;1;0;0;1;1;0;0;1;0;0;1;1;1;1;0;0
21006;12;1;1;0;5;0;0;0;0;1;1;0.3759765625;15;-2.397705078125;12.5458984375;-2.397705078125;-0.056396484375;1.3333333730697632;1.3366667032241821;5;5;1;1;0;0;1;1;0;0;1;0;0;1;1;1;1;0;0
21017;12;1;1;0;5;0;0;0;0;1;1;0.3759765625;15;-2.37939453125;12.564208984375;-2.37939453125;-0.056396484375;1.3333333730697632;1.3366667032241821;5;5;1;1;0;0;1;1;0;0;1;0;0;1;1;1;1;0;0
21026;12;1;1;0;5;0;0;0;0;1;1;0.3759765625;15;-2.3671875;12.576416015625;-2.3671875;-0.056396484375;1.3333333730697632;1.3366667032241821;5;5;1;1;0;0;1;1;0;0;1;0;0;1;1;1;1;0;0
21036;12;1;1;0;5;0;0;0;0;1;1;0.3759765625;15;-2.348876953125;12.5947265625;-2.348876953125;-0.056396484375;1.3333333730697632;1.3333333730697632;5;5;1;1;0;0;1;1;0;0;1;0;0;1;1;1;1;0;0
21047;12;1;1;0;5;0;0;0;0;1;1;0.3743489682674408;15;-2.336669921875;12.607177734375;-2.336669921875;-0.05615234375;1.3333333730697632;1.3366667032241821;5;5;1;1;0;0;1;1;0;0;1;0;0;1;1;1;1;0;0
21056;12;1;1;0;5;0;0;0;0;1;1;0.3743489682674408;15;-2.318359375;12.62548828125;-2.318359375;-0.05615234375;1.3333333730697632;1.3333333730697632;5;5;1;1;0;0;1;1;0;0;1;0;0;1;1;1;1;0;0
21066;12;1;1;0;5;0;0;0;0;1;1;0.3743489682674408;15;-2.30615234375;12.6376953125;-2.30615234375;-0.05615234375;1.3333333730697632;1.3333333730697632;5;5;1;1;0;0;1;1;0;0;1;0;0;1;1;1;1;0;0
21076;12;1;1;0;5;0;0;0;0;1;1;0.3743489682674408;15;-2.287841796875;12.656005859375;-2.287841796875;-0.05615234375;1.3333333730697632;1.3333333730697632;5;5;1;1;0;0;1;1;0;0;1;0;0;1;1;1;1;0;0
21086;12;1;1;0;5;0;0;0;0;1;1;0.3743489682674408;15;-2.275634765625;12.668212890625;-2.275634765625;-0.05615234375;1.3333333730697632;1.3333333730697632;5;5;1;1;0;0;1;1;0;0;1;0;0;1;1;1;1;0;0
21096;12;1;1;0;5;0;0;0;0;1;1;0.3743489682674408;15;-2.25732421875;12.6865234375;-2.25732421875;-0.05615234375;1.3333333730697632;1.3333333730697632;5;5;1;1;0;0;1;1;0;0;1;0;0;1;1;1;1;0;0
21106;12;1;1;0;5;0;0;0;0;1;1;0.3743489682674408;15;-2.2451171875;12.69873046875;-2.2451171875;-0.05615234375;1.3333333730697632;1.3333333730697632;5;5;1;1;0;0;1;1;0;0;1;0;0;1;1;1;1;0;0
21116;12;1;1;0;5;0;0;0;0;1;1;0.3743489682674408;15;-2.2265625;12.71728515625;-2.2265625;-0.05615234375;1.3333333730697632;1.3333333730697632;5;5;1;1;0;0;1;1;0;0;1;0;0;1;1;1;1;0;0
21126;12;1;1;0;5;0;0;0;0;1;1;0.3727213442325592;15;-2.214599609375;12.7294921875;-2.214599609375;-0.055908203125;1.3333333730697632;1.3333333730697632;5;5;1;1;0;0;1;1;0;0;1;0;0;1;1;1;1;0;0
21136;12;1;1;0;5;0;0;0;0;1;1;0.3743489682674408;15;-2.196044921875;12.747802734375;-2.196044921875;-0.05615234375;1.3333333730697632;1.3366667032241821;5;5;1;1;0;0;1;1;0;0;1;0;0;1;1;1;1;0;0
21146;12;1;1;0;5;0;0;0;0;1;1;0.3743489682674408;15;-2.183837890625;12.760009765625;-2.183837890625;-0.05615234375;1.3333333730697632;1.3366667032241821;5;5;1;1;0;0;1;1;0;0;1;0;0;1;1;1;1;0;0
21156;12;1;1;0;5;0;0;0;0;1;1;0.3743489682674408;15;-2.16552734375;12.7783203125;-2.16552734375;-0.05615234375;1.3333333730697632;1.3333333730697632;5;5;1;1;0;0;1;1;0;0;1;0;0;1;1;1;1;0;0
21166;12;1;1;0;5;0;0;0;0;1;1;0.3743489682674408;15;-2.1533203125;12.79052734375;-2.1533203125;-0.05615234375;1.3333333730697632;1.3333333730697632;5;5;1;1;0;0;1;1;0;0;1;0;0;1;1;1;1;0;0
21176;12;1;1;0;5;0;0;0;0;1;1;0.3727213442325592;15;-2.135009765625;12.80908203125;-2.135009765625;-0.055908203125;1.3333333730697632;1.3366667032241821;5;5;1;1;0;0;1;1;0;0;1;0;0;1;1;1;1;0;0
21186;12;1;1;0;5;0;0;0;0;1;1;0.3743489682674408;15;-2.122802734375;12.821044921875;-2.122802734375;-0.05615234375;1.3333333730697632;1.3333333730697632;5;5;1;1;0;0;1;1;0;0;1;0;0;1;1;1;1;0;0
21196;12;1;1;0;5;0;0;0;0;1;1;0.3727213442325592;15;-2.1044921875;12.839599609375;-2.1044921875;-0.055908203125;1.3333333730697632;1.3333333730697632;5;5;1;1;0;0;1;1;0;0;1;0;0;1;1;1;1;0;0
21206;12;1;1;0;5;0;0;0;0;1;1;0.3727213442325592;15;-2.09228515625;12.851806640625;-2.09228515625;-0.055908203125;1.3333333730697632;1.3333333730697632;5;5;1;1;0;0;1;1;0;0;1;0;0;1;1;1;1;0;0
21217;12;1;1;0;5;0;0;0;0;1;1;0.3727213442325592;15;-2.073974609375;12.8701171875;-2.073974609375;-0.055908203125;1.3366667032241821;1.3333333730697632;5;5;1;1;0;0;1;1;0;0;1;0;0;1;1;1;1;0;0
21226;12;1;1;0;5;0;0;0;0;1;1;0.3727213442325592;15;-2.061767578125;12.88232421875;-2.061767578125;-0.055908203125;1.3333333730697632;1.3366667032241821;5;5;1;1;0;0;1;1;0;0;1;0;0;1;1;1;1;0;0
21236;12;1;1;0;5;0;0;0;0;1;1;0.37109375;15;-2.04345703125;12.90087890625;-2.04345703125;-0.0556640625;1.3333333730697632;1.3366667032241821;5;5;1;1;0;0;1;1;0;0;1;0;0;1;1;1;1;0;0
21247;12;1;1;0;5;0;0;0;0;1;1;0.37109375;15;-2.03125;12.9130859375;-2.03125;-0.0556640625;1.3333333730697632;1.3366667032241821;5;5;1;1;0;0;1;1;0;0;1;0;0;1;1;1;1;0;0
21256;12;1;1;0;5;0;0;0;0;1;1;0.37109375;15;-2.012939453125;12.931396484375;-2.012939453125;-0.0556640625;1.3333333730697632;1.3333333730697632;5;5;1;1;0;0;1;1;0;0;1;0;0;1;1;1;1;0;0
21266;12;1;1;0;5;0;0;0;0;1;1;0.3727213442325592;15;-2.000732421875;12.943359375;-2.000732421875;-0.055908203125;1.3333333730697632;1.3266665935516357;5;5;1;1;0;0;1;1;0;0;1;0;0;1;1;1;1;0;0
21276;12;1;1;0;5;0;0;0;0;1;1;0.37109375;15;-1.982421875;12.9619140625;-1.982421875;-0.0556640625;1.3333333730697632;1.3400000333786011;5;5;1;1;0;0;1;1;0;0;1;0;0;1;1;1;1;0;0
21286;12;1;1;0;5;0;0;0;0;1;1;0.37109375;15;-1.97021484375;12.97412109375;-1.97021484375;-0.0556640625;1.3300000429153442;1.3366667032241821;5;5;1;1;0;0;1;1;0;0;1;0;0;1;1;1;1;0;0
21296;12;1;1;0;5;0;0;0;0;1;1;0.37109375;15;-1.951904296875;12.992431640625;-1.951904296875;-0.0556640625;1.3333333730697632;1.3300000429153442;5;5;1;1;0;0;1;1;0;0;1;0;0;1;1;1;1;0;0
21306;12;1;1;0;5;0;0;0;0;1;1;0.37109375;15;-1.939697265625;13.004638671875;-1.939697265625;-0.0556640625;1.3333333730697632;1.3366667032241821;5;5;1;1;0;0;1;1;0;0;1;0;0;1;1;1;1;0;0
21316;12;1;1;0;5;0;0;0;0;1;1;0.37109375;15;-1.92138671875;13.02294921875;-1.92138671875;-0.0556640625;1.3333333730697632;1.3333333730697632;5;5;1;1;0;0;1;1;0;0;1;0;0;1;1;1;1;0;0
21326;12;1;1;0;5;0;0;0;0;1;1;0.37109375;15;-1.9091796875;13.03515625;-1.9091796875;-0.0556640625;1.3333333730697632;1.3300000429153442;5;5;1;1;0;0;1;1;0;0;1;0;0;1;1;1;1;0;0
21336;12;1;1;0;5;0;0;0;0;1;1;0.3694661557674408;15;-1.890869140625;13.0537109375;-1.890869140625;-0.055419921875;1.3300000429153442;1.3366667032241821;5;5;1;1;0;0;1;1;0;0;1;0;0;1;1;1;1;0;0
21347;12;1;1;0;5;0;0;0;0;1;1;0.3694661557674408;15;-1.878662109375;13.06591796875;-1.878662109375;-0.055419921875;1.3300000429153442;1.3366667032241821;5;5;1;1;0;0;1;1;0;0;1;0;0;1;1;1;1;0;0
21356;12;1;1;0;5;0;0;0;0;1;1;0.3694661557674408;15;-1.8603515625;13.084228515625;-1.8603515625;-0.055419921875;1.3333333730697632;1.3333333730697632;5;5;1;1;0;0;1;1;0;0;1;0;0;1;1;1;1;0;0
21366;12;1;1;0;5;0;0;0;0;1;1;0.3694661557674408;15;-1.84814453125;13.096435546875;-1.84814453125;-0.055419921875;1.3333333730697632;1.3366667032241821;5;5;1;1;0;0;1;1;0;0;1;0;0;1;1;1;1;0;0
21377;12;1;1;0;5;0;0;0;0;1;1;0.3694661557674408;15;-1.829833984375;13.11474609375;-1.829833984375;-0.055419921875;1.3333333730697632;1.3333333730697632;5;5;1;1;0;0;1;1;0;0;1;0;0;1;1;1;1;0;0
21386;12;1;1;0;5;0;0;0;0;1;1;0.3694661557674408;15;-1.817626953125;13.126953125;-1.817626953125;-0.055419921875;1.3333333730697632;1.3366667032241821;5;5;1;1;0;0;1;1;0;0;1;0;0;1;1;1;1;0;0
21396;12;1;1;0;5;0;0;0;0;1;1;0.3694661557674408;15;-1.79931640625;13.145263671875;-1.79931640625;-0.055419921875;1.3300000429153442;1.3300000429153442;5;5;1;1;0;0;1;1;0;0;1;0;0;1;1;1;1;0;0
21406;12;1;1;0;5;0;0;0;0;1;1;0.3694661557674408;15;-1.787109375;13.157470703125;-1.787109375;-0.055419921875;1.3333333730697632;1.3300000429153442;5;5;1;1;0;0;1;1;0;0;1;0;0;1;1;1;1;0;0
21416;12;1;1;0;5;0;0;0;0;1;1;0.3678385317325592;15;-1.768798828125;13.176025390625;-1.768798828125;-0.05517578125;1.3300000429153442;1.3366667032241821;5;5;1;1;0;0;1;1;0;0;1;0;0;1;1;1;1;0;0
21426;12;1;1;0;5;0;0;0;0;1;1;0.3678385317325592;15;-1.756591796875;13.188232421875;-1.756591796875;-0.05517578125;1.3300000429153442;1.3333333730697632;5;5;1;1;0;0;1;1;0;0;1;0;0;1;1;1;1;0;0
21436;12;1;1;0;5;0;0;0;0;1;1;0.3694661557674408;15;-1.73828125;13.206298828125;-1.73828125;-0.055419921875;1.3333333730697632;1.3300000429153442;5;5;1;1;0;0;1;1;0;0;1;0;0;1;1;1;1;0;0
21446;12;1;1;0;5;0;0;0;0;1;1;0.3694661557674408;15;-1.72607421875;13.218505859375;-1.72607421875;-0.055419921875;1.3300000429153442;1.3333333730697632;5;5;1;1;0;0;1;1;0;0;1;0;0;1;1;1;1;0;0
21456;12;1;1;0;5;0;0;0;0;1;1;0.3678385317325592;15;-1.707763671875;13.237060546875;-1.707763671875;-0.05517578125;1.3333333730697632;1.3333333730697632;5;5;1;1;0;0;1;1;0;0;1;0;0;1;1;1;1;0;0
21466;12;1;1;0;5;0;0;0;0;1;1;0.3678385317325592;15;-1.695556640625;13.249267578125;-1.695556640625;-0.05517578125;1.3333333730697632;1.3366667032241821;5;5;1;1;0;0;1;1;0;0;1;0;0;1;1;1;1;0;0
21477;12;1;1;0;5;0;0;0;0;1;1;0.3662109375;15;-1.677490234375;13.267578125;-1.677490234375;-0.054931640625;1.3300000429153442;1.3333333730697632;5;5;1;1;0;0;1;1;0;0;1;0;0;1;1;1;1;0;0
21486;12;1;1;0;5;0;0;0;0;1;1;0.3678385317325592;15;-1.6650390625;13.27978515625;-1.6650390625;-0.05517578125;1.3333333730697632;1.3333333730697632;5;5;1;1;0;0;1;1;0;0;1;0;0;1;1;1;1;0;0
21496;12;1;1;0;5;0;0;0;0;1;1;0.3662109375;15;-1.64697265625;13.298095703125;-1.64697265625;-0.054931640625;1.3300000429153442;1.3333333730697632;5;5;1;1;0;0;1;1;0;0;1;0;0;1;1;1;1;0;0
21506;12;1;1;0;5;0;0;0;0;1;1;0.3662109375;15;-1.634765625;13.310302734375;-1.634765625;-0.054931640625;1.3300000429153442;1.3300000429153442;5;5;1;1;0;0;1;1;0;0;1;0;0;1;1;1;1;0;0
21516;12;1;1;0;5;0;0;0;0;1;1;0.3662109375;15;-1.616455078125;13.32861328125;-1.616455078125;-0.054931640625;1.3333333730697632;1.3333333730697632;5;5;1;1;0;0;1;1;0;0;1;0;0;1;1;1;1;0;0
21527;12;1;1;0;5;0;0;0;0;1;1;0.3645833432674408;15;-1.604248046875;13.341064453125;-1.604248046875;-0.0546875;1.3300000429153442;1.3400000333786011;5;5;1;1;0;0;1;1;0;0;1;0;0;1;1;1;1;0;0
21536;12;1;1;0;5;0;0;0;0;1;1;0.3662109375;15;-1.5859375;13.359130859375;-1.5859375;-0.054931640625;1.3333333730697632;1.3300000429153442;5;5;1;1;0;0;1;1;0;0;1;0;0;1;1;1;1;0;0
21546;12;1;1;0;5;0;0;0;0;1;1;0.3662109375;15;-1.57373046875;13.371337890625;-1.57373046875;-0.054931640625;1.3300000429153442;1.3233333826065063;5;5;1;1;0;0;1;1;0;0;1;0;0;1;1;1;1;0;0
21556;12;1;1;0;5;0;0;0;0;1;1;0.3645833432674408;15;-1.555419921875;13.389892578125;-1.555419921875;-0.0546875;1.3300000429153442;1.3366667032241821;5;5;1;1;0;0;1;1;0;0;1;0;0;1;1;1;1;0;0
21566;12;1;1;0;5;0;0;0;0;1;1;0.3645833432674408;15;-1.543212890625;13.402099609375;-1.543212890625;-0.0546875;1.3300000429153442;1.3366667032241821;5;5;1;1;0;0;1;1;0;0;1;0;0;1;1;1;1;0;0
21577;12;1;1;0;5;0;0;0;0;1;1;0.3662109375;15;-1.52490234375;13.420166015625;-1.52490234375;-0.054931640625;1.3300000429153442;1.3266665935516357;5;5;1;1;0;0;1;1;0;0;1;0;0;1;1;1;1;0;0
21586;12;1;1;0;5;0;0;0;0;1;1;0.3662109375;15;-1.5126953125;13.432373046875;-1.5126953125;-0.054931640625;1.3300000429153442;1.3300000429153442;5;5;1;1;0;0;1;1;0;0;1;0;0;1;1;1;1;0;0
21596;12;1;1;0;5;0;0;0;0;1;1;0.3645833432674408;15;-1.494384765625;13.450927734375;-1.494384765625;-0.0546875;1.3300000429153442;1.3366667032241821;5;5;1;1;0;0;1;1;0;0;1;0;0;1;1;1;1;0;0
21606;12;1;1;0;5;0;0;0;0;1;1;0.3645833432674408;15;-1.482177734375;13.463134765625;-1.482177734375;-0.0546875;1.3300000429153442;1.3333333730697632;5;5;1;1;0;0;1;1;0;0;1;0;0;1;1;1;1;0;0
21616;12;1;1;0;5;0;0;0;0;1;1;0.3645833432674408;15;-1.4638671875;13.4814453125;-1.4638671875;-0.0546875;1.3300000429153442;1.3333333730697632;5;5;1;1;0;0;1;1;0;0;1;0;0;1;1;1;1;0;0
21626;12;1;1;0;5;0;0;0;0;1;1;0.3645833432674408;15;-1.45166015625;13.49365234375;-1.45166015625;-0.0546875;1.3300000429153442;1.3366667032241821;5;5;1;1;0;0;1;1;0;0;1;0;0;1;1;1;1;0;0
21637;12;1;1;0;5;0;0;0;0;1;1;0.3645833432674408;15;-1.433349609375;13.511962890625;-1.433349609375;-0.0546875;1.3300000429153442;1.3300000429153442;5;5;1;1;0;0;1;1;0;0;1;0;0;1;1;1;1;0;0
21646;12;1;1;0;5;0;0;0;0;1;1;0.3629557192325592;15;-1.42138671875;13.524169921875;-1.42138671875;-0.054443359375;1.3300000429153442;1.3300000429153442;5;5;1;1;0;0;1;1;0;0;1;0;0;1;1;1;1;0;0
21656;12;1;1;0;5;0;0;0;0;1;1;0.3629557192325592;15;-1.403076171875;13.54248046875;-1.403076171875;-0.054443359375;1.3300000429153442;1.3366667032241821;5;5;1;1;0;0;1;1;0;0;1;0;0;1;1;1;1;0;0
21666;12;1;1;0;5;0;0;0;0;1;1;0.3629557192325592;15;-1.390869140625;13.5546875;-1.390869140625;-0.054443359375;1.3300000429153442;1.3333333730697632;5;5;1;1;0;0;1;1;0;0;1;0;0;1;1;1;1;0;0
21677;12;1;1;0;5;0;0;0;0;1;1;0.3645833432674408;15;-1.37255859375;13.57275390625;-1.37255859375;-0.0546875;1.3300000429153442;1.3266665935516357;5;5;1;1;0;0;1;1;0;0;1;0;0;1;1;1;1;0;0
21686;12;1;1;0;5;0;0;0;0;1;1;0.3629557192325592;15;-1.3603515625;13.585205078125;-1.3603515625;-0.054443359375;1.3300000429153442;1.3300000429153442;5;5;1;1;0;0;1;1;0;0;1;0;0;1;1;1;1;0;0
21696;12;1;1;0;5;0;0;0;0;1;1;0.3629557192325592;15;-1.342041015625;13.603515625;-1.342041015625;-0.054443359375;1.3300000429153442;1.3300000429153442;5;5;1;1;0;0;1;1;0;0;1;0;0;1;1;1;1;0;0
21707;12;1;1;0;5;0;0;0;0;1;1;0.3629557192325592;15;-1.329833984375;13.61572265625;-1.329833984375;-0.054443359375;1.3300000429153442;1.3333333730697632;5;5;1;1;0;0;1;1;0;0;1;0;0;1;1;1;1;0;0
21716;12;1;1;0;5;0;0;0;0;1;1;0.3629557192325592;15;-1.3115234375;13.634033203125;-1.3115234375;-0.054443359375;1.3300000429153442;1.3300000429153442;5;5;1;1;0;0;1;1;0;0;1;0;0;1;1;1;1;0;0
21726;12;1;1;0;5;0;0;0;0;1;1;0.3629557192325592;15;-1.29931640625;13.646240234375;-1.29931640625;-0.054443359375;1.3300000429153442;1.3300000429153442;5;5;1;1;0;0;1;1;0;0;1;0;0;1;1;1;1;0;0
21736;12;1;1;0;5;0;0;0;0;1;1;0.3629557192325592;15;-1.281005859375;13.66455078125;-1.281005859375;-0.054443359375;1.3300000429153442;1.3333333730697632;5;5;1;1;0;0;1;1;0;0;1;0;0;1;1;1;1;0;0
21746;12;1;1;0;5;0;0;0;0;1;1;0.3629557192325592;15;-1.26904296875;13.676513671875;-1.26904296875;-0.054443359375;1.3266665935516357;1.3300000429153442;5;5;1;1;0;0;1;1;0;0;1;0;0;1;1;1;1;0;0
21756;12;1;1;0;5;0;0;0;0;1;1;0.3629557192325592;15;-1.250732421875;13.69482421875;-1.250732421875;-0.054443359375;1.3300000429153442;1.3300000429153442;5;5;1;1;0;0;1;1;0;0;1;0;0;1;1;1;1;0;0
21766;12;1;1;0;5;0;0;0;0;1;1;0.3629557192325592;15;-1.238525390625;13.70703125;-1.238525390625;-0.054443359375;1.3266665935516357;1.3300000429153442;5;5;1;1;0;0;1;1;0;0;1;0;0;1;1;1;1;0;0
21778;12;1;1;0;5;0;0;0;0;1;1;0.3629557192325592;15;-1.22021484375;13.725341796875;-1.22021484375;-0.054443359375;1.3300000429153442;1.3300000429153442;5;5;1;1;0;0;1;1;0;0;1;0;0;1;1;1;1;0;0
21786;12;1;1;0;5;0;0;0;0;1;1;0.3629557192325592;15;-1.2080078125;13.737548828125;-1.2080078125;-0.054443359375;1.3300000429153442;1.3300000429153442;5;5;1;1;0;0;1;1;0;0;1;0;0;1;1;1;1;0;0
21796;12;1;1;0;5;0;0;0;0;1;1;0.361328125;15;-1.18994140625;13.755859375;-1.18994140625;-0.05419921875;1.3266665935516357;1.3300000429153442;5;5;1;1;0;0;1;1;0;0;1;0;0;1;1;1;1;0;0
21807;12;1;1;0;5;0;0;0;0;1;1;0.361328125;15;-1.177734375;13.76806640625;-1.177734375;-0.05419921875;1.3300000429153442;1.3300000429153442;5;5;1;1;0;0;1;1;0;0;1;0;0;1;1;1;1;0;0
21816;12;1;1;0;5;0;0;0;0;1;1;0.361328125;15;-1.159423828125;13.786376953125;-1.159423828125;-0.05419921875;1.3266665935516357;1.3300000429153442;5;5;1;1;0;0;1;1;0;0;1;0;0;1;1;1;1;0;0
21826;12;1;1;0;5;0;0;0;0;1;1;0.361328125;15;-1.147216796875;13.798583984375;-1.147216796875;-0.05419921875;1.3266665935516357;1.3300000429153442;5;5;1;1;0;0;1;1;0;0;1;0;0;1;1;1;1;0;0
21836;12;1;1;0;5;0;0;0;0;1;1;0.3597005307674408;15;-1.129150390625;13.81689453125;-1.129150390625;-0.053955078125;1.3266665935516357;1.3300000429153442;5;5;1;1;0;0;1;1;0;0;1;0;0;1;1;1;1;0;0
21846;12;1;1;0;5;0;0;0;0;1;1;0.3597005307674408;15;-1.116943359375;13.8291015625;-1.116943359375;-0.053955078125;1.3266665935516357;1.3300000429153442;5;5;1;1;0;0;1;1;0;0;1;0;0;1;1;1;1;0;0
21856;12;1;1;0;5;0;0;0;0;1;1;0.361328125;15;-1.0986328125;13.84716796875;-1.0986328125;-0.05419921875;1.3266665935516357;1.3300000429153442;5;5;1;1;0;0;1;1;0;0;1;0;0;1;1;1;1;0;0
21866;12;1;1;0;5;0;0;0;0;1;1;0.3597005307674408;15;-1.086669921875;13.859375;-1.086669921875;-0.053955078125;1.3266665935516357;1.3300000429153442;5;5;1;1;0;0;1;1;0;0;1;0;0;1;1;1;1;0;0
21876;12;1;1;0;5;0;0;0;0;1;1;0.3597005307674408;15;-1.068359375;13.877685546875;-1.068359375;-0.053955078125;1.3233333826065063;1.3300000429153442;5;5;1;1;0;0;1;1;0;0;1;0;0;1;1;1;1;0;0
21886;12;1;1;0;5;0;0;0;0;1;1;0.3597005307674408;15;-1.05615234375;13.889892578125;-1.05615234375;-0.053955078125;1.3233333826065063;1.3266665935516357;5;5;1;1;0;0;1;1;0;0;1;0;0;1;1;1;1;0;0
21896;12;1;1;0;5;0;0;0;0;1;1;0.3580729067325592;15;-1.0380859375;13.908203125;-1.0380859375;-0.0537109375;1.3233333826065063;1.3300000429153442;5;5;1;1;0;0;1;1;0;0;1;0;0;1;1;1;1;0;0
21907;12;1;1;0;5;0;0;0;0;1;1;0.3580729067325592;15;-1.02587890625;13.92041015625;-1.02587890625;-0.0537109375;1.3233333826065063;1.3300000429153442;5;5;1;1;0;0;1;1;0;0;1;0;0;1;1;1;1;0;0
21916;12;1;1;0;5;0;0;0;0;1;1;0.3580729067325592;15;-1.0078125;13.9384765625;-1.0078125;-0.0537109375;1.3233333826065063;1.3266665935516357;5;5;1;1;0;0;1;1;0;0;1;0;0;1;1;1;1;0;0
21926;12;1;1;0;5;0;0;0;0;1;1;0.3580729067325592;15;-0.99560546875;13.95068359375;-0.99560546875;-0.0537109375;1.3233333826065063;1.3266665935516357;5;5;1;1;0;0;1;1;0;0;1;0;0;1;1;1;1;0;0
21936;12;1;1;0;5;0;0;0;0;1;1;0.3564453125;15;-0.9775390625;13.968994140625;-0.9775390625;-0.053466796875;1.3233333826065063;1.3266665935516357;5;5;1;1;0;0;1;1;0;0;1;0;0;1;1;1;1;0;0
21946;12;1;1;0;5;0;0;0;0;1;1;0.3564453125;15;-0.96533203125;13.981201171875;-0.96533203125;-0.053466796875;1.3233333826065063;1.3266665935516357;5;5;1;1;0;0;1;1;0;0;1;0;0;1;1;1;1;0;0
21956;12;1;1;0;5;0;0;0;0;1;1;0.3564453125;15;-0.947265625;13.999267578125;-0.947265625;-0.053466796875;1.3233333826065063;1.3233333826065063;5;5;1;1;0;0;1;1;0;0;1;0;0;1;1;1;1;0;0
21966;12;1;1;0;5;0;0;0;0;1;1;0.3564453125;15;-0.93505859375;14.011474609375;-0.93505859375;-0.053466796875;1.3233333826065063;1.3266665935516357;5;5;1;1;0;0;1;1;0;0;1;0;0;1;1;1;1;0;0
21976;12;1;1;0;5;0;0;0;0;1;1;0.3548177182674408;15;-0.9169921875;14.02978515625;-0.9169921875;-0.05322265625;1.3233333826065063;1.3266665935516357;5;5;1;1;0;0;1;1;0;0;1;0;0;1;1;1;1;0;0
21986;12;1;1;0;5;0;0;0;0;1;1;0.3548177182674408;15;-0.90478515625;14.0419921875;-0.90478515625;-0.05322265625;1.3200000524520874;1.3266665935516357;5;5;1;1;0;0;1;1;0;0;1;0;0;1;1;1;1;0;0
21996;12;1;1;0;5;0;0;0;0;1;1;0.3548177182674408;15;-0.88671875;14.06005859375;-0.88671875;-0.05322265625;1.3200000524520874;1.3266665935516357;5;5;1;1;0;0;1;1;0;0;1;0;0;1;1;1;1;0;0
22007;12;1;1;0;5;0;0;0;0;1;1;0.3548177182674408;15;-0.87451171875;14.072265625;-0.87451171875;-0.05322265625;1.3200000524520874;1.3266665935516357;5;5;1;1;0;0;1;1;0;0;1;0;0;1;1;1;1;0;0
22016;12;1;1;0;5;0;0;0;0;1;1;0.3531900942325592;15;-0.8564453125;14.090576171875;-0.8564453125;-0.052978515625;1.3200000524520874;1.3266665935516357;5;5;1;1;0;0;1;1;0;0;1;0;0;1;1;1;1;0;0
22026;12;1;1;0;5;0;0;0;0;1;1;0.3515625;15;-0.844482421875;14.102783203125;-0.844482421875;-0.052734375;1.3200000524520874;1.3233333826065063;5;5;1;1;0;0;1;1;0;0;1;0;0;1;1;1;1;0;0
22036;12;1;1;0;5;0;0;0;0;1;1;0.3531900942325592;15;-0.826171875;14.120849609375;-0.826171875;-0.052978515625;1.3200000524520874;1.3266665935516357;5;5;1;1;0;0;1;1;0;0;1;0;0;1;1;1;1;0;0
22048;12;1;1;0;5;0;0;0;0;1;1;0.3515625;15;-0.814208984375;14.133056640625;-0.814208984375;-0.052734375;1.3200000524520874;1.3233333826065063;5;5;1;1;0;0;1;1;0;0;1;0;0;1;1;1;1;0;0
22056;12;1;1;0;5;0;0;0;0;1;1;0.3499349057674408;15;-0.796142578125;14.1513671875;-0.796142578125;-0.052490234375;1.3166667222976685;1.3266665935516357;5;5;1;1;0;0;1;1;0;0;1;0;0;1;1;1;1;0;0
22066;12;1;1;0;5;0;0;0;0;1;1;0.3499349057674408;15;-0.783935546875;14.16357421875;-0.783935546875;-0.052490234375;1.3200000524520874;1.3266665935516357;5;5;1;1;0;0;1;1;0;0;1;0;0;1;1;1;1;0;0
22076;12;1;1;0;5;0;0;0;0;1;1;0.3499349057674408;15;-0.765869140625;14.181640625;-0.765869140625;-0.052490234375;1.3166667222976685;1.3233333826065063;5;5;1;1;0;0;1;1;0;0;1;0;0;1;1;1;1;0;0
22086;12;1;1;0;5;0;0;0;0;1;1;0.3483072817325592;15;-0.75390625;14.19384765625;-0.75390625;-0.05224609375;1.3200000524520874;1.3266665935516357;5;5;1;1;0;0;1;1;0;0;1;0;0;1;1;1;1;0;0
22096;12;1;1;0;5;0;0;0;0;1;1;0.3483072817325592;15;-0.73583984375;14.2119140625;-0.73583984375;-0.05224609375;1.3166667222976685;1.3233333826065063;5;5;1;1;0;0;1;1;0;0;1;0;0;1;1;1;1;0;0
22107;12;1;1;0;5;0;0;0;0;1;1;0.3483072817325592;15;-0.7236328125;14.22412109375;-0.7236328125;-0.05224609375;1.3166667222976685;1.3266665935516357;5;5;1;1;0;0;1;1;0;0;1;0;0;1;1;1;1;0;0
22116;12;1;1;0;5;0;0;0;0;1;1;0.3466796875;15;-0.70556640625;14.242431640625;-0.70556640625;-0.052001953125;1.3166667222976685;1.3233333826065063;5;5;1;1;0;0;1;1;0;0;1;0;0;1;1;1;1;0;0
22126;12;1;1;0;5;0;0;0;0;1;1;0.3466796875;15;-0.693603515625;14.25439453125;-0.693603515625;-0.052001953125;1.3166667222976685;1.3233333826065063;5;5;1;1;0;0;1;1;0;0;1;0;0;1;1;1;1;0;0
22140;12;1;1;0;5;0;0;0;0;1;1;0.3450520932674408;15;-0.675537109375;14.272705078125;-0.675537109375;-0.0517578125;1.3166667222976685;1.3233333826065063;5;5;1;1;0;0;1;1;0;0;1;0;0;1;1;1;1;0;0
22146;12;1;1;0;5;0;0;0;0;1;1;0.3450520932674408;15;-0.66357421875;14.28466796875;-0.66357421875;-0.0517578125;1.3133333921432495;1.3233333826065063;5;5;1;1;0;0;1;1;0;0;1;0;0;1;1;1;1;0;0
22156;12;1;1;0;5;0;0;0;0;1;1;0.3434244692325592;15;-0.6455078125;14.302978515625;-0.6455078125;-0.051513671875;1.3133333921432495;1.3233333826065063;5;5;1;1;0;0;1;1;0;0;1;0;0;1;1;1;1;0;0
22166;12;1;1;0;5;0;0;0;0;1;1;0.341796875;15;-0.633544921875;14.315185546875;-0.633544921875;-0.05126953125;1.3133333921432495;1.3233333826065063;5;5;1;1;0;0;1;1;0;0;1;0;0;1;1;1;1;0;0
22176;12;1;1;0;5;0;0;0;0;1;1;0.341796875;15;-0.615478515625;14.333251953125;-0.615478515625;-0.05126953125;1.3133333921432495;1.3200000524520874;5;5;1;1;0;0;1;1;0;0;1;0;0;1;1;1;1;0;0
22186;12;1;1;0;5;0;0;0;0;1;1;0.341796875;15;-0.603271484375;14.345458984375;-0.603271484375;-0.05126953125;1.3133333921432495;1.3233333826065063;5;5;1;1;0;0;1;1;0;0;1;0;0;1;1;1;1;0;0
22196;12;1;1;0;5;0;0;0;0;1;1;0.3401692807674408;15;-0.58544921875;14.363525390625;-0.58544921875;-0.051025390625;1.3133333921432495;1.3200000524520874;5;5;1;1;0;0;1;1;0;0;1;0;0;1;1;1;1;0;0
22207;12;1;1;0;5;0;0;0;0;1;1;0.3401692807674408;15;-0.5732421875;14.375732421875;-0.5732421875;-0.051025390625;1.3133333921432495;1.3233333826065063;5;5;1;1;0;0;1;1;0;0;1;0;0;1;1;1;1;0;0
22216;12;1;1;0;5;0;0;0;0;1;1;0.3401692807674408;15;-0.55517578125;14.393798828125;-0.55517578125;-0.051025390625;1.3133333921432495;1.3200000524520874;5;5;1;1;0;0;1;1;0;0;1;0;0;1;1;1;1;0;0
22226;12;1;1;0;5;0;0;0;0;1;1;0.3401692807674408;15;-0.543212890625;14.40576171875;-0.543212890625;-0.051025390625;1.3133333921432495;1.3200000524520874;5;5;1;1;0;0;1;1;0;0;1;0;0;1;1;1;1;0;0
22237;12;1;1;0;5;0;0;0;0;1;1;0.3385416567325592;15;-0.525146484375;14.424072265625;-0.525146484375;-0.05078125;1.3133333921432495;1.3233333826065063;5;5;1;1;0;0;1;1;0;0;1;0;0;1;1;1;1;0;0
22246;12;1;1;0;5;0;0;0;0;1;1;0.3385416567325592;15;-0.51318359375;14.43603515625;-0.51318359375;-0.05078125;1.309999942779541;1.3200000524520874;5;5;1;1;0;0;1;1;0;0;1;0;0;1;1;1;1;0;0
22258;12;1;1;0;5;0;0;0;0;1;1;0.3369140625;15;-0.495361328125;14.4541015625;-0.495361328125;-0.050537109375;1.309999942779541;1.3200000524520874;5;5;1;1;0;0;1;1;0;0;1;0;0;1;1;1;1;0;0
22266;12;1;1;0;5;0;0;0;0;1;1;0.3369140625;15;-0.483154296875;14.46630859375;-0.483154296875;-0.050537109375;1.309999942779541;1.3200000524520874;5;5;1;1;0;0;1;1;0;0;1;0;0;1;1;1;1;0;0
22276;12;1;1;0;5;0;0;0;0;1;1;0.3336588442325592;15;-0.46533203125;14.484619140625;-0.46533203125;-0.050048828125;1.309999942779541;1.3200000524520874;5;5;1;1;0;0;1;1;0;0;1;0;0;1;1;1;1;0;0
22286;12;1;1;0;5;0;0;0;0;1;1;0.3336588442325592;15;-0.453369140625;14.49658203125;-0.453369140625;-0.050048828125;1.309999942779541;1.3166667222976685;5;5;1;1;0;0;1;1;0;0;1;0;0;1;1;1;1;0;0
22296;12;1;1;0;5;0;0;0;0;1;1;0.3336588442325592;15;-0.435302734375;14.5146484375;-0.435302734375;-0.050048828125;1.309999942779541;1.3200000524520874;5;5;1;1;0;0;1;1;0;0;1;0;0;1;1;1;1;0;0
22307;12;1;1;0;5;0;0;0;0;1;1;0.33203125;15;-0.42333984375;14.52685546875;-0.42333984375;-0.0498046875;1.309999942779541;1.3200000524520874;5;5;1;1;0;0;1;1;0;0;1;0;0;1;1;1;1;0;0
22316;12;1;1;0;5;0;0;0;0;1;1;0.33203125;15;-0.4052734375;14.544921875;-0.4052734375;-0.0498046875;1.3066667318344116;1.3166667222976685;5;5;1;1;0;0;1;1;0;0;1;0;0;1;1;1;1;0;0
22326;12;1;1;0;5;0;0;0;0;1;1;0.3304036557674408;15;-0.393310546875;14.55712890625;-0.393310546875;-0.049560546875;1.309999942779541;1.3200000524520874;5;5;1;1;0;0;1;1;0;0;1;0;0;1;1;1;1;0;0
22338;12;1;1;0;5;0;0;0;0;1;1;0.3287760317325592;15;-0.37548828125;14.5751953125;-0.37548828125;-0.04931640625;1.309999942779541;1.3166667222976685;5;5;1;1;0;0;1;1;0;0;1;0;0;1;1;1;1;0;0
22346;12;1;1;0;5;0;0;0;0;1;1;0.3287760317325592;15;-0.363525390625;14.587158203125;-0.363525390625;-0.04931640625;1.3066667318344116;1.3166667222976685;5;5;1;1;0;0;1;1;0;0;1;0;0;1;1;1;1;0;0
22356;12;1;1;0;5;0;0;0;0;1;1;0.3271484375;15;-0.345458984375;14.60546875;-0.345458984375;-0.049072265625;1.3066667318344116;1.3200000524520874;5;5;1;1;0;0;1;1;0;0;1;0;0;1;1;1;1;0;0
22366;12;1;1;0;5;0;0;0;0;1;1;0.3271484375;15;-0.33349609375;14.617431640625;-0.33349609375;-0.049072265625;1.3066667318344116;1.3166667222976685;5;5;1;1;0;0;1;1;0;0;1;0;0;1;1;1;1;0;0
22376;12;1;1;0;5;0;0;0;0;1;1;0.3271484375;15;-0.3154296875;14.635498046875;-0.3154296875;-0.049072265625;1.309999942779541;1.3166667222976685;5;5;1;1;0;0;1;1;0;0;1;0;0;1;1;1;1;0;0
22386;12;1;1;0;5;0;0;0;0;1;1;0.3271484375;15;-0.303466796875;14.6474609375;-0.303466796875;-0.049072265625;1.3066667318344116;1.3133333921432495;5;5;1;1;0;0;1;1;0;0;1;0;0;1;1;1;1;0;0
22396;12;1;1;0;5;0;0;0;0;1;1;0.3255208432674408;15;-0.285400390625;14.665771484375;-0.285400390625;-0.048828125;1.309999942779541;1.3166667222976685;5;5;1;1;0;0;1;1;0;0;1;0;0;1;1;1;1;0;0
22408;12;1;1;0;5;0;0;0;0;1;1;0.3255208432674408;15;-0.2734375;14.677734375;-0.2734375;-0.048828125;1.309999942779541;1.3200000524520874;5;5;1;1;0;0;1;1;0;0;1;0;0;1;1;1;1;0;0
22416;12;1;1;0;5;0;0;0;0;1;1;0.3238932192325592;15;-0.255615234375;14.69580078125;-0.255615234375;-0.048583984375;1.3066667318344116;1.3133333921432495;5;5;1;1;0;0;1;1;0;0;1;0;0;1;1;1;1;0;0
22426;12;1;1;0;5;0;0;0;0;1;1;0.3238932192325592;15;-0.24365234375;14.707763671875;-0.24365234375;-0.048583984375;1.309999942779541;1.3133333921432495;5;5;1;1;0;0;1;1;0;0;1;0;0;1;1;1;1;0;0
22437;12;1;1;0;5;0;0;0;0;1;1;0.322265625;15;-0.2255859375;14.72607421875;-0.2255859375;-0.04833984375;1.3066667318344116;1.3166667222976685;5;5;1;1;0;0;1;1;0;0;1;0;0;1;1;1;1;0;0
22447;12;1;1;0;5;0;0;0;0;1;1;0.322265625;15;-0.213623046875;14.738037109375;-0.213623046875;-0.04833984375;1.3066667318344116;1.3166667222976685;5;5;1;1;0;0;1;1;0;0;1;0;0;1;1;1;1;0;0
22458;12;1;1;0;5;0;0;0;0;1;1;0.322265625;15;-0.195556640625;14.756103515625;-0.195556640625;-0.04833984375;1.3066667318344116;1.3166667222976685;5;5;1;1;0;0;1;1;0;0;1;0;0;1;1;1;1;0;0
22466;12;1;1;0;5;0;0;0;0;1;1;0.322265625;15;-0.18359375;14.76806640625;-0.18359375;-0.04833984375;1.3066667318344116;1.3133333921432495;5;5;1;1;0;0;1;1;0;0;1;0;0;1;1;1;1;0;0
22476;12;1;1;0;5;0;0;0;0;1;1;0.322265625;15;-0.16552734375;14.7861328125;-0.16552734375;-0.04833984375;1.309999942779541;1.3166667222976685;5;5;1;1;0;0;1;1;0;0;1;0;0;1;1;1;1;0;0
22486;12;1;1;0;5;0;0;0;0;1;1;0.3190104067325592;15;-0.15380859375;14.79833984375;-0.15380859375;-0.0478515625;1.3066667318344116;1.3166667222976685;5;5;1;1;0;0;1;1;0;0;1;0;0;1;1;1;1;0;0
22496;12;1;1;0;5;0;0;0;0;1;1;0.3190104067325592;15;-0.1357421875;14.81640625;-0.1357421875;-0.0478515625;1.3066667318344116;1.3133333921432495;5;5;1;1;0;0;1;1;0;0;1;0;0;1;1;1;1;0;0
22507;12;1;1;0;5;0;0;0;0;1;1;0.3190104067325592;15;-0.123779296875;14.828369140625;-0.123779296875;-0.0478515625;1.3066667318344116;1.3133333921432495;5;5;1;1;0;0;1;1;0;0;1;0;0;1;1;1;1;0;0
22516;12;1;1;0;5;0;0;0;0;1;1;0.3190104067325592;15;-0.105712890625;14.846435546875;-0.105712890625;-0.0478515625;1.3066667318344116;1.3133333921432495;5;5;1;1;0;0;1;1;0;0;1;0;0;1;1;1;1;0;0
22526;12;1;1;0;5;0;0;0;0;1;1;0.3173828125;15;-0.09375;14.858642578125;-0.09375;-0.047607421875;1.309999942779541;1.3166667222976685;5;5;1;1;0;0;1;1;0;0;1;0;0;1;1;1;1;0;0
22536;12;1;1;0;5;0;0;0;0;1;1;0.3173828125;15;-0.07568359375;14.876708984375;-0.07568359375;-0.047607421875;1.3066667318344116;1.3166667222976685;5;5;1;1;0;0;1;1;0;0;1;0;0;1;1;1;1;0;0
22546;12;1;1;0;5;0;0;0;0;1;1;0.3157552182674408;15;-0.06396484375;14.888671875;-0.06396484375;-0.04736328125;1.3066667318344116;1.3166667222976685;5;5;1;1;0;0;1;1;0;0;1;0;0;1;1;1;1;0;0
22556;12;1;1;0;5;0;0;0;0;1;1;0.3157552182674408;15;-0.0458984375;14.90673828125;-0.0458984375;-0.04736328125;1.3066667318344116;1.3133333921432495;5;5;1;1;0;0;1;1;0;0;1;0;0;1;1;1;1;0;0
22566;12;1;1;0;5;0;0;0;0;1;1;0.3141275942325592;15;-0.033935546875;14.9189453125;-0.033935546875;-0.047119140625;1.309999942779541;1.3166667222976685;5;5;1;1;0;0;1;1;0;0;1;0;0;1;1;1;1;0;0
22576;12;1;1;0;5;0;0;0;0;1;1;0.3157552182674408;15;-0.015869140625;14.936767578125;-0.015869140625;-0.04736328125;1.3066667318344116;1.309999942779541;5;5;1;1;0;0;1;1;0;0;1;0;0;1;1;1;1;0;0
22586;12;1;1;0;5;0;0;0;0;1;1;0.3157552182674408;15;-0.00390625;14.94873046875;-0.00390625;-0.04736328125;1.3066667318344116;1.309999942779541;5;5;1;1;0;0;1;1;0;0;1;0;0;1;1;1;1;0;0
22596;12;1;1;0;5;0;0;0;0;1;1;0.3125;15;0.013916015625;14.967041015625;0.013916015625;-0.046875;1.3066667318344116;1.3166667222976685;5;5;1;1;0;0;1;1;0;0;1;0;0;1;1;1;1;0;0
22606;12;1;1;0;5;0;0;0;0;1;1;0.3141275942325592;15;0.026123046875;14.97900390625;0.026123046875;-0.047119140625;1.3066667318344116;1.309999942779541;5;5;1;1;0;0;1;1;0;0;1;0;0;1;1;1;1;0;0
22616;12;1;1;0;5;0;0;0;0;1;1;0.3125;15;0.0439453125;14.9970703125;0.0439453125;-0.046875;1.3066667318344116;1.3133333921432495;5;5;1;1;0;0;1;1;0;0;1;0;0;1;1;1;1;0;0
22626;12;1;1;0;5;0;0;0;0;1;1;0.3108724057674408;15;0.055908203125;15.00927734375;0.055908203125;-0.046630859375;1.3066667318344116;1.3200000524520874;5;5;1;1;0;0;1;1;0;0;1;0;0;1;1;1;1;0;0
22636;12;1;1;0;5;0;0;0;0;1;1;0.3125;15;0.073974609375;15.027099609375;0.073974609375;-0.046875;1.3066667318344116;1.3066667318344116;5;5;1;1;0;0;1;1;0;0;1;0;0;1;1;1;1;0;0
22646;12;1;1;0;5;0;0;0;0;1;1;0.3125;15;0.0859375;15.0390625;0.0859375;-0.046875;1.309999942779541;1.309999942779541;5;5;1;1;0;0;1;1;0;0;1;0;0;1;1;1;1;0;0
22656;12;1;1;0;5;0;0;0;0;1;1;0.3092447817325592;15;0.103759765625;15.057373046875;0.103759765625;-0.04638671875;1.3066667318344116;1.3166667222976685;5;5;1;1;0;0;1;1;0;0;1;0;0;1;1;1;1;0;0
22667;12;1;1;0;5;0;0;0;0;1;1;0.3092447817325592;15;0.11572265625;15.0693359375;0.11572265625;-0.04638671875;1.3066667318344116;1.3133333921432495;5;5;1;1;0;0;1;1;0;0;1;0;0;1;1;1;1;0;0
22676;12;1;1;0;5;0;0;0;0;1;1;0.3092447817325592;15;0.1337890625;15.08740234375;0.1337890625;-0.04638671875;1.3066667318344116;1.3133333921432495;5;5;1;1;0;0;1;1;0;0;1;0;0;1;1;1;1;0;0
22686;12;1;1;0;5;0;0;0;0;1;1;0.3092447817325592;15;0.145751953125;15.099365234375;0.145751953125;-0.04638671875;1.3066667318344116;1.3133333921432495;5;5;1;1;0;0;1;1;0;0;1;0;0;1;1;1;1;0;0
22696;12;1;1;0;5;0;0;0;0;1;1;0.3092447817325592;15;0.163818359375;15.117431640625;0.163818359375;-0.04638671875;1.3066667318344116;1.3133333921432495;5;5;1;1;0;0;1;1;0;0;1;0;0;1;1;1;1;0;0
22706;12;1;1;0;5;0;0;0;0;1;1;0.3076171875;15;0.17578125;15.129638671875;0.17578125;-0.046142578125;1.3066667318344116;1.3166667222976685;5;5;1;1;0;0;1;1;0;0;1;0;0;1;1;1;1;0;0
22716;12;1;1;0;5;0;0;0;0;1;1;0.3076171875;15;0.193603515625;15.1474609375;0.193603515625;-0.046142578125;1.3066667318344116;1.3066667318344116;5;5;1;1;0;0;1;1;0;0;1;0;0;1;1;1;1;0;0
22726;12;1;1;0;5;0;0;0;0;1;1;0.3076171875;15;0.20556640625;15.159423828125;0.20556640625;-0.046142578125;1.309999942779541;1.3133333921432495;5;5;1;1;0;0;1;1;0;0;1;0;0;1;1;1;1;0;0
22738;12;1;1;0;5;0;0;0;0;1;1;0.3059895932674408;15;0.2236328125;15.177734375;0.2236328125;-0.0458984375;1.3066667318344116;1.3166667222976685;5;5;1;1;0;0;1;1;0;0;1;0;0;1;1;1;1;0;0
22746;12;1;1;0;5;0;0;0;0;1;1;0.3059895932674408;15;0.235595703125;15.189697265625;0.235595703125;-0.0458984375;1.309999942779541;1.3133333921432495;5;5;1;1;0;0;1;1;0;0;1;0;0;1;1;1;1;0;0
22756;12;1;1;0;5;0;0;0;0;1;1;0.3076171875;15;0.253662109375;15.20751953125;0.253662109375;-0.046142578125;1.3066667318344116;1.3066667318344116;5;5;1;1;0;0;1;1;0;0;1;0;0;1;1;1;1;0;0
22767;12;1;1;0;5;0;0;0;0;1;1;0.3059895932674408;15;0.265380859375;15.219482421875;0.265380859375;-0.0458984375;1.3066667318344116;1.309999942779541;5;5;1;1;0;0;1;1;0;0;1;0;0;1;1;1;1;0;0
22776;12;1;1;0;5;0;0;0;0;1;1;0.3043619692325592;15;0.283447265625;15.23779296875;0.283447265625;-0.045654296875;1.3066667318344116;1.3166667222976685;5;5;1;1;0;0;1;1;0;0;1;0;0;1;1;1;1;0;0
22786;12;1;1;0;5;0;0;0;0;1;1;0.3043619692325592;15;0.29541015625;15.249755859375;0.29541015625;-0.045654296875;1.3066667318344116;1.3166667222976685;5;5;1;1;0;0;1;1;0;0;1;0;0;1;1;1;1;0;0
22796;12;1;1;0;5;0;0;0;0;1;1;0.3043619692325592;15;0.3134765625;15.267822265625;0.3134765625;-0.045654296875;1.3066667318344116;1.309999942779541;5;5;1;1;0;0;1;1;0;0;1;0;0;1;1;1;1;0;0
22806;12;1;1;0;5;0;0;0;0;1;1;0.3043619692325592;15;0.325439453125;15.27978515625;0.325439453125;-0.045654296875;1.3066667318344116;1.3133333921432495;5;5;1;1;0;0;1;1;0;0;1;0;0;1;1;1;1;0;0
22816;12;1;1;0;5;0;0;0;0;1;1;0.3011067807674408;15;0.34326171875;15.298095703125;0.34326171875;-0.045166015625;1.3066667318344116;1.3166667222976685;5;5;1;1;0;0;1;1;0;0;1;0;0;1;1;1;1;0;0
22826;12;1;1;0;5;0;0;0;0;1;1;0.302734375;15;0.355224609375;15.309814453125;0.355224609375;-0.04541015625;1.3066667318344116;1.309999942779541;5;5;1;1;0;0;1;1;0;0;1;0;0;1;1;1;1;0;0
22837;12;1;1;0;5;0;0;0;0;1;1;0.302734375;15;0.373291015625;15.327880859375;0.373291015625;-0.04541015625;1.3066667318344116;1.3133333921432495;5;5;1;1;0;0;1;1;0;0;1;0;0;1;1;1;1;0;0
22846;12;1;1;0;5;0;0;0;0;1;1;0.3011067807674408;15;0.38525390625;15.340087890625;0.38525390625;-0.045166015625;1.3066667318344116;1.3166667222976685;5;5;1;1;0;0;1;1;0;0;1;0;0;1;1;1;1;0;0
22856;12;1;1;0;5;0;0;0;0;1;1;0.2994791567325592;15;0.403076171875;15.358154296875;0.403076171875;-0.044921875;1.3066667318344116;1.309999942779541;5;5;1;1;0;0;1;1;0;0;1;0;0;1;1;1;1;0;0
22867;12;1;1;0;5;0;0;0;0;1;1;0.302734375;15;0.415283203125;15.369873046875;0.415283203125;-0.04541015625;1.3066667318344116;1.3066667318344116;5;5;1;1;0;0;1;1;0;0;1;0;0;1;1;1;1;0;0
22876;12;1;1;0;5;0;0;0;0;1;1;0.2994791567325592;15;0.43310546875;15.38818359375;0.43310546875;-0.044921875;1.3066667318344116;1.3133333921432495;5;5;1;1;0;0;1;1;0;0;1;0;0;1;1;1;1;0;0
22886;12;1;1;0;5;0;0;0;0;1;1;0.2994791567325592;15;0.445068359375;15.400146484375;0.445068359375;-0.044921875;1.3066667318344116;1.3133333921432495;5;5;1;1;0;0;1;1;0;0;1;0;0;1;1;1;1;0;0
22896;12;1;1;0;5;0;0;0;0;1;1;0.2994791567325592;15;0.463134765625;15.418212890625;0.463134765625;-0.044921875;1.3066667318344116;1.309999942779541;5;5;1;1;0;0;1;1;0;0;1;0;0;1;1;1;1;0;0
22906;12;1;1;0;5;0;0;0;0;1;1;0.2994791567325592;15;0.47509765625;15.43017578125;0.47509765625;-0.044921875;1.3066667318344116;1.309999942779541;5;5;1;1;0;0;1;1;0;0;1;0;0;1;1;1;1;0;0
22916;12;1;1;0;5;0;0;0;0;1;1;0.2978515625;15;0.492919921875;15.4482421875;0.492919921875;-0.044677734375;1.3066667318344116;1.3133333921432495;5;5;1;1;0;0;1;1;0;0;1;0;0;1;1;1;1;0;0
22926;12;1;1;0;5;0;0;0;0;1;1;0.2962239682674408;15;0.5048828125;15.46044921875;0.5048828125;-0.04443359375;1.3066667318344116;1.3133333921432495;5;5;1;1;0;0;1;1;0;0;1;0;0;1;1;1;1;0;0
22937;12;1;1;0;5;0;0;0;0;1;1;0.2978515625;15;0.52294921875;15.478271484375;0.52294921875;-0.044677734375;1.3066667318344116;1.3133333921432495;5;5;1;1;0;0;1;1;0;0;1;0;0;1;1;1;1;0;0
22946;12;1;1;0;5;0;0;0;0;1;1;0.2962239682674408;15;0.534912109375;15.490478515625;0.534912109375;-0.04443359375;1.3066667318344116;1.3166667222976685;5;5;1;1;0;0;1;1;0;0;1;0;0;1;1;1;1;0;0
22956;12;1;1;0;5;0;0;0;0;1;1;0.2962239682674408;15;0.552734375;15.50830078125;0.552734375;-0.04443359375;1.3066667318344116;1.309999942779541;5;5;1;1;0;0;1;1;0;0;1;0;0;1;1;1;1;0;0
22966;12;1;1;0;5;0;0;0;0;1;1;0.2945963442325592;15;0.564697265625;15.5205078125;0.564697265625;-0.044189453125;1.3066667318344116;1.309999942779541;5;5;1;1;0;0;1;1;0;0;1;0;0;1;1;1;1;0;0
22976;12;1;1;0;5;0;0;0;0;1;1;0.2945963442325592;15;0.582763671875;15.53857421875;0.582763671875;-0.044189453125;1.3066667318344116;1.3133333921432495;5;5;1;1;0;0;1;1;0;0;1;0;0;1;1;1;1;0;0
22986;12;1;1;0;5;0;0;0;0;1;1;0.2945963442325592;15;0.5947265625;15.550537109375;0.5947265625;-0.044189453125;1.309999942779541;1.3133333921432495;5;5;1;1;0;0;1;1;0;0;1;0;0;1;1;1;1;0;0
22996;12;1;1;0;5;0;0;0;0;1;1;0.2945963442325592;15;0.61279296875;15.568603515625;0.61279296875;-0.044189453125;1.3066667318344116;1.309999942779541;5;5;1;1;0;0;1;1;0;0;1;0;0;1;1;1;1;0;0
23006;12;1;1;0;5;0;0;0;0;1;1;0.2945963442325592;15;0.624755859375;15.58056640625;0.624755859375;-0.044189453125;1.3066667318344116;1.3133333921432495;5;5;1;1;0;0;1;1;0;0;1;0;0;1;1;1;1;0;0
23016;12;1;1;0;5;0;0;0;0;1;1;0.2945963442325592;15;0.642822265625;15.5986328125;0.642822265625;-0.044189453125;1.309999942779541;1.309999942779541;5;5;1;1;0;0;1;1;0;0;1;0;0;1;1;1;1;0;0
23026;12;1;1;0;5;0;0;0;0;1;1;0.2945963442325592;15;0.65478515625;15.610595703125;0.65478515625;-0.044189453125;1.309999942779541;1.309999942779541;5;5;1;1;0;0;1;1;0;0;1;0;0;1;1;1;1;0;0
23037;12;1;1;0;5;0;0;0;0;1;1;0.29296875;15;0.672607421875;15.628662109375;0.672607421875;-0.0439453125;1.3066667318344116;1.3133333921432495;5;5;1;1;0;0;1;1;0;0;1;0;0;1;1;1;1;0;0
23046;12;1;1;0;5;0;0;0;0;1;1;0.29296875;15;0.6845703125;15.640625;0.6845703125;-0.0439453125;1.309999942779541;1.3133333921432495;5;5;1;1;0;0;1;1;0;0;1;0;0;1;1;1;1;0;0
23056;12;1;1;0;5;0;0;0;0;1;1;0.29296875;15;0.70263671875;15.65869140625;0.70263671875;-0.0439453125;1.309999942779541;1.3133333921432495;5;5;1;1;0;0;1;1;0;0;1;0;0;1;1;1;1;0;0
23066;12;1;1;0;5;0;0;0;0;1;1;0.29296875;15;0.714599609375;15.670654296875;0.714599609375;-0.0439453125;1.309999942779541;1.3133333921432495;5;5;1;1;0;0;1;1;0;0;1;0;0;1;1;1;1;0;0
23076;12;1;1;0;5;0;0;0;0;1;1;0.29296875;15;0.732666015625;15.688720703125;0.732666015625;-0.0439453125;1.309999942779541;1.309999942779541;5;5;1;1;0;0;1;1;0;0;1;0;0;1;1;1;1;0;0
23086;12;1;1;0;5;0;0;0;0;1;1;0.29296875;15;0.74462890625;15.70068359375;0.74462890625;-0.0439453125;1.309999942779541;1.3133333921432495;5;5;1;1;0;0;1;1;0;0;1;0;0;1;1;1;1;0;0
23097;12;1;1;0;5;0;0;0;0;1;1;0.29296875;15;0.7626953125;15.71875;0.7626953125;-0.0439453125;1.309999942779541;1.3133333921432495;5;5;1;1;0;0;1;1;0;0;1;0;0;1;1;1;1;0;0
23106;12;1;1;0;5;0;0;0;0;1;1;0.29296875;15;0.774658203125;15.730712890625;0.774658203125;-0.0439453125;1.309999942779541;1.309999942779541;5;5;1;1;0;0;1;1;0;0;1;0;0;1;1;1;1;0;0
23116;12;1;1;0;5;0;0;0;0;1;1;0.2913411557674408;15;0.792724609375;15.7490234375;0.792724609375;-0.043701171875;1.309999942779541;1.3133333921432495;5;5;1;1;0;0;1;1;0;0;1;0;0;1;1;1;1;0;0
23126;12;1;1;0;5;0;0;0;0;1;1;0.2913411557674408;15;0.8046875;15.760986328125;0.8046875;-0.043701171875;1.309999942779541;1.309999942779541;5;5;1;1;0;0;1;1;0;0;1;0;0;1;1;1;1;0;0
23136;12;1;1;0;5;0;0;0;0;1;1;0.2913411557674408;15;0.82275390625;15.779052734375;0.82275390625;-0.043701171875;1.309999942779541;1.3133333921432495;5;5;1;1;0;0;1;1;0;0;1;0;0;1;1;1;1;0;0
23147;12;1;1;0;5;0;0;0;0;1;1;0.2913411557674408;15;0.834716796875;15.791015625;0.834716796875;-0.043701171875;1.309999942779541;1.309999942779541;5;5;1;1;0;0;1;1;0;0;1;0;0;1;1;1;1;0;0
23156;12;1;1;0;5;0;0;0;0;1;1;0.2913411557674408;15;0.852783203125;15.80908203125;0.852783203125;-0.043701171875;1.309999942779541;1.3133333921432495;5;5;1;1;0;0;1;1;0;0;1;0;0;1;1;1;1;0;0
23167;12;1;1;0;5;0;0;0;0;1;1;0.2913411557674408;15;0.86474609375;15.821044921875;0.86474609375;-0.043701171875;1.309999942779541;1.3133333921432495;5;5;1;1;0;0;1;1;0;0;1;0;0;1;1;1;1;0;0
23176;12;1;1;0;5;0;0;0;0;1;1;0.2897135317325592;15;0.882568359375;15.839111328125;0.882568359375;-0.04345703125;1.309999942779541;1.309999942779541;5;5;1;1;0;0;1;1;0;0;1;0;0;1;1;1;1;0;0
23186;12;1;1;0;5;0;0;0;0;1;1;0.2913411557674408;15;0.894775390625;15.85107421875;0.894775390625;-0.043701171875;1.3133333921432495;1.309999942779541;5;5;1;1;0;0;1;1;0;0;1;0;0;1;1;1;1;0;0
23196;12;1;1;0;5;0;0;0;0;1;1;0.2897135317325592;15;0.91259765625;15.869140625;0.91259765625;-0.04345703125;1.309999942779541;1.3133333921432495;5;5;1;1;0;0;1;1;0;0;1;0;0;1;1;1;1;0;0
23206;12;1;1;0;5;0;0;0;0;1;1;0.2897135317325592;15;0.9248046875;15.88134765625;0.9248046875;-0.04345703125;1.3133333921432495;1.3133333921432495;5;5;1;1;0;0;1;1;0;0;1;0;0;1;1;1;1;0;0
23216;12;1;1;0;5;0;0;0;0;1;1;0.2897135317325592;15;0.942626953125;15.899169921875;0.942626953125;-0.04345703125;1.309999942779541;1.309999942779541;5;5;1;1;0;0;1;1;0;0;1;0;0;1;1;1;1;0;0
23226;12;1;1;0;5;0;0;0;0;1;1;0.2880859375;15;0.95458984375;15.911376953125;0.95458984375;-0.043212890625;1.309999942779541;1.3133333921432495;5;5;1;1;0;0;1;1;0;0;1;0;0;1;1;1;1;0;0
23236;12;1;1;0;5;0;0;0;0;1;1;0.2897135317325592;15;0.97265625;15.92919921875;0.97265625;-0.04345703125;1.3133333921432495;1.3133333921432495;5;5;1;1;0;0;1;1;0;0;1;0;0;1;1;1;1;0;0
23246;12;1;1;0;5;0;0;0;0;1;1;0.2897135317325592;15;0.98486328125;15.94140625;0.98486328125;-0.04345703125;1.3133333921432495;1.3133333921432495;5;5;1;1;0;0;1;1;0;0;1;0;0;1;1;1;1;0;0
23256;12;1;1;0;5;0;0;0;0;1;1;0.2880859375;15;1.002685546875;15.95947265625;1.002685546875;-0.043212890625;1.309999942779541;1.309999942779541;5;5;1;1;0;0;1;1;0;0;1;0;0;1;1;1;1;0;0
23267;12;1;1;0;5;0;0;0;0;1;1;0.2897135317325592;15;1.014892578125;15.971435546875;1.014892578125;-0.04345703125;1.3133333921432495;1.309999942779541;5;5;1;1;0;0;1;1;0;0;1;0;0;1;1;1;1;0;0
23276;12;1;1;0;5;0;0;0;0;1;1;0.2880859375;15;1.03271484375;15.989501953125;1.03271484375;-0.043212890625;1.3133333921432495;1.3133333921432495;5;5;1;1;0;0;1;1;0;0;1;0;0;1;1;1;1;0;0
23286;12;1;1;0;5;0;0;0;0;1;1;0.2897135317325592;15;1.044921875;16.00146484375;1.044921875;-0.04345703125;1.3133333921432495;1.3133333921432495;5;5;1;1;0;0;1;1;0;0;1;0;0;1;1;1;1;0;0
23298;12;1;1;0;5;0;0;0;0;1;1;0.2880859375;15;1.062744140625;16.01953125;1.062744140625;-0.043212890625;1.309999942779541;1.309999942779541;5;5;1;1;0;0;1;1;0;0;1;0;0;1;1;1;1;0;0
23306;12;1;1;0;5;0;0;0;0;1;1;0.2897135317325592;15;1.074951171875;16.031494140625;1.074951171875;-0.04345703125;1.309999942779541;1.309999942779541;5;5;1;1;0;0;1;1;0;0;1;0;0;1;1;1;1;0;0
23316;12;1;1;0;5;0;0;0;0;1;1;0.2880859375;15;1.093017578125;16.0498046875;1.093017578125;-0.043212890625;1.3133333921432495;1.3166667222976685;5;5;1;1;0;0;1;1;0;0;1;0;0;1;1;1;1;0;0
23326;12;1;1;0;5;0;0;0;0;1;1;0.2880859375;15;1.10498046875;16.061767578125;1.10498046875;-0.043212890625;1.3133333921432495;1.3133333921432495;5;5;1;1;0;0;1;1;0;0;1;0;0;1;1;1;1;0;0
23336;12;1;1;0;5;0;0;0;0;1;1;0.2880859375;15;1.123046875;16.079833984375;1.123046875;-0.043212890625;1.3133333921432495;1.3133333921432495;5;5;1;1;0;0;1;1;0;0;1;0;0;1;1;1;1;0;0
23347;12;1;1;0;5;0;0;0;0;1;1;0.2880859375;15;1.135009765625;16.091796875;1.135009765625;-0.043212890625;1.3133333921432495;1.309999942779541;5;5;1;1;0;0;1;1;0;0;1;0;0;1;1;1;1;0;0
23356;12;1;1;0;5;0;0;0;0;1;1;0.2880859375;15;1.153076171875;16.10986328125;1.153076171875;-0.043212890625;1.3133333921432495;1.3166667222976685;5;5;1;1;0;0;1;1;0;0;1;0;0;1;1;1;1;0;0
23366;12;1;1;0;5;0;0;0;0;1;1;0.2880859375;15;1.1650390625;16.121826171875;1.1650390625;-0.043212890625;1.3133333921432495;1.3166667222976685;5;5;1;1;0;0;1;1;0;0;1;0;0;1;1;1;1;0;0
23376;12;1;1;0;5;0;0;0;0;1;1;0.2880859375;15;1.18310546875;16.139892578125;1.18310546875;-0.043212890625;1.309999942779541;1.3133333921432495;5;5;1;1;0;0;1;1;0;0;1;0;0;1;1;1;1;0;0
23386;12;1;1;0;5;0;0;0;0;1;1;0.2864583432674408;15;1.195068359375;16.152099609375;1.195068359375;-0.04296875;1.3133333921432495;1.3133333921432495;5;5;1;1;0;0;1;1;0;0;1;0;0;1;1;1;1;0;0
23396;12;1;1;0;5;0;0;0;0;1;1;0.2880859375;15;1.213134765625;16.169921875;1.213134765625;-0.043212890625;1.3133333921432495;1.3133333921432495;5;5;1;1;0;0;1;1;0;0;1;0;0;1;1;1;1;0;0
23406;12;1;1;0;5;0;0;0;0;1;1;0.2864583432674408;15;1.22509765625;16.18212890625;1.22509765625;-0.04296875;1.3133333921432495;1.3133333921432495;5;5;1;1;0;0;1;1;0;0;1;0;0;1;1;1;1;0;0
23416;12;1;1;0;5;0;0;0;0;1;1;0.2864583432674408;15;1.2431640625;16.2001953125;1.2431640625;-0.04296875;1.309999942779541;1.3133333921432495;5;5;1;1;0;0;1;1;0;0;1;0;0;1;1;1;1;0;0
23427;12;1;1;0;5;0;0;0;0;1;1;0.2864583432674408;15;1.255126953125;16.212158203125;1.255126953125;-0.04296875;1.3133333921432495;1.3133333921432495;5;5;1;1;0;0;1;1;0;0;1;0;0;1;1;1;1;0;0
23436;12;1;1;0;5;0;0;0;0;1;1;0.2864583432674408;15;1.273193359375;16.230224609375;1.273193359375;-0.04296875;1.309999942779541;1.3133333921432495;5;5;1;1;0;0;1;1;0;0;1;0;0;1;1;1;1;0;0
23446;12;1;1;0;5;0;0;0;0;1;1;0.2864583432674408;15;1.28515625;16.2421875;1.28515625;-0.04296875;1.3133333921432495;1.3133333921432495;5;5;1;1;0;0;1;1;0;0;1;0;0;1;1;1;1;0;0
23456;12;1;1;0;5;0;0;0;0;1;1;0.2864583432674408;15;1.30322265625;16.26025390625;1.30322265625;-0.04296875;1.309999942779541;1.3133333921432495;5;5;1;1;0;0;1;1;0;0;1;0;0;1;1;1;1;0;0
23466;12;1;1;0;5;0;0;0;0;1;1;0.2848307192325592;15;1.315185546875;16.2724609375;1.315185546875;-0.042724609375;1.3133333921432495;1.3166667222976685;5;5;1;1;0;0;1;1;0;0;1;0;0;1;1;1;1;0;0
23476;12;1;1;0;5;0;0;0;0;1;1;0.2848307192325592;15;1.333251953125;16.29052734375;1.333251953125;-0.042724609375;1.3133333921432495;1.3133333921432495;5;5;1;1;0;0;1;1;0;0;1;0;0;1;1;1;1;0;0
23486;12;1;1;0;5;0;0;0;0;1;1;0.2848307192325592;15;1.34521484375;16.302490234375;1.34521484375;-0.042724609375;1.3133333921432495;1.3133333921432495;5;5;1;1;0;0;1;1;0;0;1;0;0;1;1;1;1;0;0
23496;12;1;1;0;5;0;0;0;0;1;1;0.2848307192325592;15;1.36328125;16.320556640625;1.36328125;-0.042724609375;1.3133333921432495;1.3166667222976685;5;5;1;1;0;0;1;1;0;0;1;0;0;1;1;1;1;0;0
23508;12;1;1;0;5;0;0;0;0;1;1;0.2848307192325592;15;1.375244140625;16.33251953125;1.375244140625;-0.042724609375;1.3133333921432495;1.3133333921432495;5;5;1;1;0;0;1;1;0;0;1;0;0;1;1;1;1;0;0
23516;12;1;1;0;5;0;0;0;0;1;1;0.2848307192325592;15;1.393310546875;16.3505859375;1.393310546875;-0.042724609375;1.3133333921432495;1.3133333921432495;5;5;1;1;0;0;1;1;0;0;1;0;0;1;1;1;1;0;0
23526;12;1;1;0;5;0;0;0;0;1;1;0.2864583432674408;15;1.405517578125;16.362548828125;1.405517578125;-0.04296875;1.3133333921432495;1.3133333921432495;5;5;1;1;0;0;1;1;0;0;1;0;0;1;1;1;1;0;0
23536;12;1;1;0;5;0;0;0;0;1;1;0.283203125;15;1.42333984375;16.380859375;1.42333984375;-0.04248046875;1.3133333921432495;1.3166667222976685;5;5;1;1;0;0;1;1;0;0;1;0;0;1;1;1;1;0;0
23546;12;1;1;0;5;0;0;0;0;1;1;0.2848307192325592;15;1.435546875;16.392822265625;1.435546875;-0.042724609375;1.3133333921432495;1.3133333921432495;5;5;1;1;0;0;1;1;0;0;1;0;0;1;1;1;1;0;0
23556;12;1;1;0;5;0;0;0;0;1;1;0.283203125;15;1.453369140625;16.410888671875;1.453369140625;-0.04248046875;1.3133333921432495;1.3133333921432495;5;5;1;1;0;0;1;1;0;0;1;0;0;1;1;1;1;0;0
23566;12;1;1;0;5;0;0;0;0;1;1;0.2848307192325592;15;1.465576171875;16.4228515625;1.465576171875;-0.042724609375;1.3133333921432495;1.3133333921432495;5;5;1;1;0;0;1;1;0;0;1;0;0;1;1;1;1;0;0
23576;12;1;1;0;5;0;0;0;0;1;1;0.2848307192325592;15;1.483642578125;16.44091796875;1.483642578125;-0.042724609375;1.3133333921432495;1.3133333921432495;5;5;1;1;0;0;1;1;0;0;1;0;0;1;1;1;1;0;0
23586;12;1;1;0;5;0;0;0;0;1;1;0.283203125;15;1.49560546875;16.453125;1.49560546875;-0.04248046875;1.3133333921432495;1.3166667222976685;5;5;1;1;0;0;1;1;0;0;1;0;0;1;1;1;1;0;0
23597;12;1;1;0;5;0;0;0;0;1;1;0.2848307192325592;15;1.513671875;16.470947265625;1.513671875;-0.042724609375;1.309999942779541;1.3133333921432495;5;5;1;1;0;0;1;1;0;0;1;0;0;1;1;1;1;0;0
23606;12;1;1;0;5;0;0;0;0;1;1;0.283203125;15;1.525634765625;16.483154296875;1.525634765625;-0.04248046875;1.3133333921432495;1.3133333921432495;5;5;1;1;0;0;1;1;0;0;1;0;0;1;1;1;1;0;0
23616;12;1;1;0;5;0;0;0;0;1;1;0.283203125;15;1.543701171875;16.501220703125;1.543701171875;-0.04248046875;1.3133333921432495;1.3133333921432495;5;5;1;1;0;0;1;1;0;0;1;0;0;1;1;1;1;0;0
23626;12;1;1;0;5;0;0;0;0;1;1;0.283203125;15;1.5556640625;16.51318359375;1.5556640625;-0.04248046875;1.3133333921432495;1.3166667222976685;5;5;1;1;0;0;1;1;0;0;1;0;0;1;1;1;1;0;0
23636;12;1;1;0;5;0;0;0;0;1;1;0.283203125;15;1.57373046875;16.53125;1.57373046875;-0.04248046875;1.3133333921432495;1.3133333921432495;5;5;1;1;0;0;1;1;0;0;1;0;0;1;1;1;1;0;0
23646;12;1;1;0;5;0;0;0;0;1;1;0.283203125;15;1.585693359375;16.543212890625;1.585693359375;-0.04248046875;1.3133333921432495;1.3133333921432495;5;5;1;1;0;0;1;1;0;0;1;0;0;1;1;1;1;0;0
23656;12;1;1;0;5;0;0;0;0;1;1;0.2815755307674408;15;1.603759765625;16.5615234375;1.603759765625;-0.042236328125;1.3133333921432495;1.3166667222976685;5;5;1;1;0;0;1;1;0;0;1;0;0;1;1;1;1;0;0
23666;12;1;1;0;5;0;0;0;0;1;1;0.283203125;15;1.615966796875;16.573486328125;1.615966796875;-0.04248046875;1.3133333921432495;1.3133333921432495;5;5;1;1;0;0;1;1;0;0;1;0;0;1;1;1;1;0;0
23676;12;1;1;0;5;0;0;0;0;1;1;0.2815755307674408;15;1.6337890625;16.591552734375;1.6337890625;-0.042236328125;1.3133333921432495;1.3133333921432495;5;5;1;1;0;0;1;1;0;0;1;0;0;1;1;1;1;0;0
23686;12;1;1;0;5;0;0;0;0;1;1;0.283203125;15;1.64599609375;16.603515625;1.64599609375;-0.04248046875;1.3133333921432495;1.3133333921432495;5;5;1;1;0;0;1;1;0;0;1;0;0;1;1;1;1;0;0
23697;12;1;1;0;5;0;0;0;0;1;1;0.2815755307674408;15;1.6640625;16.621826171875;1.6640625;-0.042236328125;1.3133333921432495;1.3166667222976685;5;5;1;1;0;0;1;1;0;0;1;0;0;1;1;1;1;0;0
23706;12;1;1;0;5;0;0;0;0;1;1;0.2815755307674408;15;1.676025390625;16.6337890625;1.676025390625;-0.042236328125;1.3166667222976685;1.3166667222976685;5;5;1;1;0;0;1;1;0;0;1;0;0;1;1;1;1;0;0
23716;12;1;1;0;5;0;0;0;0;1;1;0.2815755307674408;15;1.694091796875;16.65185546875;1.694091796875;-0.042236328125;1.3133333921432495;1.3133333921432495;5;5;1;1;0;0;1;1;0;0;1;0;0;1;1;1;1;0;0
23726;12;1;1;0;5;0;0;0;0;1;1;0.2815755307674408;15;1.7060546875;16.663818359375;1.7060546875;-0.042236328125;1.3133333921432495;1.3133333921432495;5;5;1;1;0;0;1;1;0;0;1;0;0;1;1;1;1;0;0
23736;12;1;1;0;5;0;0;0;0;1;1;0.2799479067325592;15;1.72412109375;16.68212890625;1.72412109375;-0.0419921875;1.3166667222976685;1.3166667222976685;5;5;1;1;0;0;1;1;0;0;1;0;0;1;1;1;1;0;0
23746;12;1;1;0;5;0;0;0;0;1;1;0.2815755307674408;15;1.736328125;16.694091796875;1.736328125;-0.042236328125;1.3166667222976685;1.3133333921432495;5;5;1;1;0;0;1;1;0;0;1;0;0;1;1;1;1;0;0
23757;12;1;1;0;5;0;0;0;0;1;1;0.2815755307674408;15;1.75439453125;16.712158203125;1.75439453125;-0.042236328125;1.3133333921432495;1.3133333921432495;5;5;1;1;0;0;1;1;0;0;1;0;0;1;1;1;1;0;0
23766;12;1;1;0;5;0;0;0;0;1;1;0.2815755307674408;15;1.766357421875;16.72412109375;1.766357421875;-0.042236328125;1.3133333921432495;1.3133333921432495;5;5;1;1;0;0;1;1;0;0;1;0;0;1;1;1;1;0;0
23776;12;1;1;0;5;0;0;0;0;1;1;0.2815755307674408;15;1.784423828125;16.7421875;1.784423828125;-0.042236328125;1.3166667222976685;1.3133333921432495;5;5;1;1;0;0;1;1;0;0;1;0;0;1;1;1;1;0;0
23786;12;1;1;0;5;0;0;0;0;1;1;0.2799479067325592;15;1.79638671875;16.75439453125;1.79638671875;-0.0419921875;1.3166667222976685;1.3166667222976685;5;5;1;1;0;0;1;1;0;0;1;0;0;1;1;1;1;0;0
23797;12;1;1;0;5;0;0;0;0;1;1;0.2815755307674408;15;1.814453125;16.772216796875;1.814453125;-0.042236328125;1.3133333921432495;1.3133333921432495;5;5;1;1;0;0;1;1;0;0;1;0;0;1;1;1;1;0;0
23808;12;1;1;0;5;0;0;0;0;1;1;0.2815755307674408;15;1.82666015625;16.784423828125;1.82666015625;-0.042236328125;1.3166667222976685;1.3133333921432495;5;5;1;1;0;0;1;1;0;0;1;0;0;1;1;1;1;0;0
23816;12;1;1;0;5;0;0;0;0;1;1;0.2799479067325592;15;1.844482421875;16.802490234375;1.844482421875;-0.0419921875;1.3133333921432495;1.3166667222976685;5;5;1;1;0;0;1;1;0;0;1;0;0;1;1;1;1;0;0
23826;12;1;1;0;5;0;0;0;0;1;1;0.2815755307674408;15;1.856689453125;16.814453125;1.856689453125;-0.042236328125;1.3166667222976685;1.3133333921432495;5;5;1;1;0;0;1;1;0;0;1;0;0;1;1;1;1;0;0
23836;12;1;1;0;5;0;0;0;0;1;1;0.2815755307674408;15;1.874755859375;16.83251953125;1.874755859375;-0.042236328125;1.3133333921432495;1.3133333921432495;5;5;1;1;0;0;1;1;0;0;1;0;0;1;1;1;1;0;0
23846;12;1;1;0;5;0;0;0;0;1;1;0.2799479067325592;15;1.88671875;16.8447265625;1.88671875;-0.0419921875;1.3166667222976685;1.3133333921432495;5;5;1;1;0;0;1;1;0;0;1;0;0;1;1;1;1;0;0
23856;12;1;1;0;5;0;0;0;0;1;1;0.2799479067325592;15;1.90478515625;16.86279296875;1.90478515625;-0.0419921875;1.3133333921432495;1.3166667222976685;5;5;1;1;0;0;1;1;0;0;1;0;0;1;1;1;1;0;0
23866;12;1;1;0;5;0;0;0;0;1;1;0.2799479067325592;15;1.916748046875;16.874755859375;1.916748046875;-0.0419921875;1.3133333921432495;1.3166667222976685;5;5;1;1;0;0;1;1;0;0;1;0;0;1;1;1;1;0;0
23876;12;1;1;0;5;0;0;0;0;1;1;0.2799479067325592;15;1.934814453125;16.892822265625;1.934814453125;-0.0419921875;1.3133333921432495;1.3166667222976685;5;5;1;1;0;0;1;1;0;0;1;0;0;1;1;1;1;0;0
23886;12;1;1;0;5;0;0;0;0;1;1;0.2799479067325592;15;1.947021484375;16.905029296875;1.947021484375;-0.0419921875;1.3133333921432495;1.3133333921432495;5;5;1;1;0;0;1;1;0;0;1;0;0;1;1;1;1;0;0
23896;12;1;1;0;5;0;0;0;0;1;1;0.2799479067325592;15;1.965087890625;16.923095703125;1.965087890625;-0.0419921875;1.3166667222976685;1.3166667222976685;5;5;1;1;0;0;1;1;0;0;1;0;0;1;1;1;1;0;0
23906;12;1;1;0;5;0;0;0;0;1;1;0.2799479067325592;15;1.97705078125;16.93505859375;1.97705078125;-0.0419921875;1.3166667222976685;1.3133333921432495;5;5;1;1;0;0;1;1;0;0;1;0;0;1;1;1;1;0;0
23916;12;1;1;0;5;0;0;0;0;1;1;0.2799479067325592;15;1.9951171875;16.953125;1.9951171875;-0.0419921875;1.3166667222976685;1.3166667222976685;5;5;1;1;0;0;1;1;0;0;1;0;0;1;1;1;1;0;0
23928;12;1;1;0;5;0;0;0;0;1;1;0.2799479067325592;15;2.00732421875;16.96533203125;2.00732421875;-0.0419921875;1.3166667222976685;1.3200000524520874;5;5;1;1;0;0;1;1;0;0;1;0;0;1;1;1;1;0;0
23936;12;1;1;0;5;0;0;0;0;1;1;0.2815755307674408;15;2.025390625;16.983154296875;2.025390625;-0.042236328125;1.3166667222976685;1.3133333921432495;5;5;1;1;0;0;1;1;0;0;1;0;0;1;1;1;1;0;0
23946;12;1;1;0;5;0;0;0;0;1;1;0.2799479067325592;15;2.037353515625;16.995361328125;2.037353515625;-0.0419921875;1.3166667222976685;1.3133333921432495;5;5;1;1;0;0;1;1;0;0;1;0;0;1;1;1;1;0;0
23957;12;1;1;0;5;0;0;0;0;1;1;0.2783203125;15;2.055419921875;17.013671875;2.055419921875;-0.041748046875;1.3133333921432495;1.3200000524520874;5;5;1;1;0;0;1;1;0;0;1;0;0;1;1;1;1;0;0
23966;12;1;1;0;5;0;0;0;0;1;1;0.2799479067325592;15;2.0673828125;17.025390625;2.0673828125;-0.0419921875;1.3166667222976685;1.3133333921432495;5;5;1;1;0;0;1;1;0;0;1;0;0;1;1;1;1;0;0
23976;12;1;1;0;5;0;0;0;0;1;1;0.2783203125;15;2.08544921875;17.043701171875;2.08544921875;-0.041748046875;1.3133333921432495;1.3133333921432495;5;5;1;1;0;0;1;1;0;0;1;0;0;1;1;1;1;0;0
23986;12;1;1;0;5;0;0;0;0;1;1;0.2799479067325592;15;2.09765625;17.0556640625;2.09765625;-0.0419921875;1.3166667222976685;1.3166667222976685;5;5;1;1;0;0;1;1;0;0;1;0;0;1;1;1;1;0;0
23996;12;1;1;0;5;0;0;0;0;1;1;0.2799479067325592;15;2.11572265625;17.07373046875;2.11572265625;-0.0419921875;1.3166667222976685;1.3166667222976685;5;5;1;1;0;0;1;1;0;0;1;0;0;1;1;1;1;0;0
24006;12;1;1;0;5;0;0;0;0;1;1;0.2783203125;15;2.127685546875;17.0859375;2.127685546875;-0.041748046875;1.3166667222976685;1.3166667222976685;5;5;1;1;0;0;1;1;0;0;1;0;0;1;1;1;1;0;0
24016;12;1;1;0;5;0;0;0;0;1;1;0.2783203125;15;2.145751953125;17.10400390625;2.145751953125;-0.041748046875;1.3133333921432495;1.3166667222976685;5;5;1;1;0;0;1;1;0;0;1;0;0;1;1;1;1;0;0
24027;12;1;1;0;5;0;0;0;0;1;1;0.2799479067325592;15;2.157958984375;17.115966796875;2.157958984375;-0.0419921875;1.3166667222976685;1.3166667222976685;5;5;1;1;0;0;1;1;0;0;1;0;0;1;1;1;1;0;0
24036;12;1;1;0;5;0;0;0;0;1;1;0.2783203125;15;2.176025390625;17.13427734375;2.176025390625;-0.041748046875;1.3166667222976685;1.3200000524520874;5;5;1;1;0;0;1;1;0;0;1;0;0;1;1;1;1;0;0
24046;12;1;1;0;5;0;0;0;0;1;1;0.2783203125;15;2.18798828125;17.146240234375;2.18798828125;-0.041748046875;1.3166667222976685;1.3133333921432495;5;5;1;1;0;0;1;1;0;0;1;0;0;1;1;1;1;0;0
24058;12;1;1;0;5;0;0;0;0;1;1;0.2783203125;15;2.2060546875;17.164306640625;2.2060546875;-0.041748046875;1.3166667222976685;1.3166667222976685;5;5;1;1;0;0;1;1;0;0;1;0;0;1;1;1;1;0;0
24066;12;1;1;0;5;0;0;0;0;1;1;0.2783203125;15;2.21826171875;17.176513671875;2.21826171875;-0.041748046875;1.3166667222976685;1.3200000524520874;5;5;1;1;0;0;1;1;0;0;1;0;0;1;1;1;1;0;0
24076;12;1;1;0;5;0;0;0;0;1;1;0.2783203125;15;2.236328125;17.194580078125;2.236328125;-0.041748046875;1.3166667222976685;1.3166667222976685;5;5;1;1;0;0;1;1;0;0;1;0;0;1;1;1;1;0;0
24086;12;1;1;0;5;0;0;0;0;1;1;0.2783203125;15;2.248291015625;17.20654296875;2.248291015625;-0.041748046875;1.3200000524520874;1.3133333921432495;5;5;1;1;0;0;1;1;0;0;1;0;0;1;1;1;1;0;0
24096;12;1;1;0;5;0;0;0;0;1;1;0.2783203125;15;2.266357421875;17.224609375;2.266357421875;-0.041748046875;1.3166667222976685;1.3166667222976685;5;5;1;1;0;0;1;1;0;0;1;0;0;1;1;1;1;0;0
24106;12;1;1;0;5;0;0;0;0;1;1;0.2783203125;15;2.278564453125;17.23681640625;2.278564453125;-0.041748046875;1.3166667222976685;1.3166667222976685;5;5;1;1;0;0;1;1;0;0;1;0;0;1;1;1;1;0;0
24116;12;1;1;0;5;0;0;0;0;1;1;0.2766927182674408;15;2.296630859375;17.255126953125;2.296630859375;-0.04150390625;1.3166667222976685;1.3233333826065063;5;5;1;1;0;0;1;1;0;0;1;0;0;1;1;1;1;0;0
24126;12;1;1;0;5;0;0;0;0;1;1;0.2766927182674408;15;2.30859375;17.26708984375;2.30859375;-0.04150390625;1.3200000524520874;1.3200000524520874;5;5;1;1;0;0;1;1;0;0;1;0;0;1;1;1;1;0;0
24136;12;1;1;0;5;0;0;0;0;1;1;0.2766927182674408;15;2.32666015625;17.28515625;2.32666015625;-0.04150390625;1.3166667222976685;1.3200000524520874;5;5;1;1;0;0;1;1;0;0;1;0;0;1;1;1;1;0;0
24146;12;1;1;0;5;0;0;0;0;1;1;0.2766927182674408;15;2.3388671875;17.29736328125;2.3388671875;-0.04150390625;1.3166667222976685;1.3200000524520874;5;5;1;1;0;0;1;1;0;0;1;0;0;1;1;1;1;0;0
24157;12;1;1;0;5;0;0;0;0;1;1;0.2766927182674408;15;2.35693359375;17.3154296875;2.35693359375;-0.04150390625;1.3166667222976685;1.3166667222976685;5;5;1;1;0;0;1;1;0;0;1;0;0;1;1;1;1;0;0
24166;12;1;1;0;5;0;0;0;0;1;1;0.2783203125;15;2.369140625;17.327392578125;2.369140625;-0.041748046875;1.3200000524520874;1.3200000524520874;5;5;1;1;0;0;1;1;0;0;1;0;0;1;1;1;1;0;0
24176;12;1;1;0;5;0;0;0;0;1;1;0.2750650942325592;15;2.386962890625;17.345703125;2.386962890625;-0.041259765625;1.3166667222976685;1.3200000524520874;5;5;1;1;0;0;1;1;0;0;1;0;0;1;1;1;1;0;0
24186;12;1;1;0;5;0;0;0;0;1;1;0.2766927182674408;15;2.399169921875;17.357666015625;2.399169921875;-0.04150390625;1.3166667222976685;1.3133333921432495;5;5;1;1;0;0;1;1;0;0;1;0;0;1;1;1;1;0;0
24196;12;1;1;0;5;0;0;0;0;1;1;0.2766927182674408;15;2.417236328125;17.375732421875;2.417236328125;-0.04150390625;1.3166667222976685;1.3166667222976685;5;5;1;1;0;0;1;1;0;0;1;0;0;1;1;1;1;0;0
24206;12;1;1;0;5;0;0;0;0;1;1;0.2766927182674408;15;2.429443359375;17.387939453125;2.429443359375;-0.04150390625;1.3166667222976685;1.3233333826065063;5;5;1;1;0;0;1;1;0;0;1;0;0;1;1;1;1;0;0
24216;12;1;1;0;5;0;0;0;0;1;1;0.2766927182674408;15;2.447509765625;17.406005859375;2.447509765625;-0.04150390625;1.3166667222976685;1.3200000524520874;5;5;1;1;0;0;1;1;0;0;1;0;0;1;1;1;1;0;0
24226;12;1;1;0;5;0;0;0;0;1;1;0.2766927182674408;15;2.45947265625;17.41796875;2.45947265625;-0.04150390625;1.3166667222976685;1.3133333921432495;5;5;1;1;0;0;1;1;0;0;1;0;0;1;1;1;1;0;0
24236;12;1;1;0;5;0;0;0;0;1;1;0.2766927182674408;15;2.4775390625;17.43603515625;2.4775390625;-0.04150390625;1.3200000524520874;1.3200000524520874;5;5;1;1;0;0;1;1;0;0;1;0;0;1;1;1;1;0;0
24246;12;1;1;0;5;0;0;0;0;1;1;0.2766927182674408;15;2.48974609375;17.4482421875;2.48974609375;-0.04150390625;1.3166667222976685;1.3233333826065063;5;5;1;1;0;0;1;1;0;0;1;0;0;1;1;1;1;0;0
24256;12;1;1;0;5;0;0;0;0;1;1;0.2750650942325592;15;2.5078125;17.466552734375;2.5078125;-0.041259765625;1.3166667222976685;1.3200000524520874;5;5;1;1;0;0;1;1;0;0;1;0;0;1;1;1;1;0;0
24266;12;1;1;0;5;0;0;0;0;1;1;0.2750650942325592;15;2.519775390625;17.478515625;2.519775390625;-0.041259765625;1.3200000524520874;1.3166667222976685;5;5;1;1;0;0;1;1;0;0;1;0;0;1;1;1;1;0;0
24276;12;1;1;0;5;0;0;0;0;1;1;0.2734375;15;2.537841796875;17.496826171875;2.537841796875;-0.041015625;1.3166667222976685;1.3200000524520874;5;5;1;1;0;0;1;1;0;0;1;0;0;1;1;1;1;0;0
24287;12;1;1;0;5;0;0;0;0;1;1;0.2750650942325592;15;2.550048828125;17.5087890625;2.550048828125;-0.041259765625;1.3200000524520874;1.3166667222976685;5;5;1;1;0;0;1;1;0;0;1;0;0;1;1;1;1;0;0
24296;12;1;1;0;5;0;0;0;0;1;1;0.2750650942325592;15;2.568115234375;17.52685546875;2.568115234375;-0.041259765625;1.3166667222976685;1.3166667222976685;5;5;1;1;0;0;1;1;0;0;1;0;0;1;1;1;1;0;0
24306;12;1;1;0;5;0;0;0;0;1;1;0.2750650942325592;15;2.580322265625;17.5390625;2.580322265625;-0.041259765625;1.3200000524520874;1.3200000524520874;5;5;1;1;0;0;1;1;0;0;1;0;0;1;1;1;1;0;0
24316;12;1;1;0;5;0;0;0;0;1;1;0.2750650942325592;15;2.598388671875;17.55712890625;2.598388671875;-0.041259765625;1.3166667222976685;1.3200000524520874;5;5;1;1;0;0;1;1;0;0;1;0;0;1;1;1;1;0;0
24326;12;1;1;0;5;0;0;0;0;1;1;0.2750650942325592;15;2.6103515625;17.569091796875;2.6103515625;-0.041259765625;1.3200000524520874;1.3166667222976685;5;5;1;1;0;0;1;1;0;0;1;0;0;1;1;1;1;0;0
24336;12;1;1;0;5;0;0;0;0;1;1;0.2734375;15;2.62841796875;17.58740234375;2.62841796875;-0.041015625;1.3166667222976685;1.3200000524520874;5;5;1;1;0;0;1;1;0;0;1;0;0;1;1;1;1;0;0
24346;12;1;1;0;5;0;0;0;0;1;1;0.2750650942325592;15;2.640625;17.599365234375;2.640625;-0.041259765625;1.3200000524520874;1.3166667222976685;5;5;1;1;0;0;1;1;0;0;1;0;0;1;1;1;1;0;0
24357;12;1;1;0;5;0;0;0;0;1;1;0.2734375;15;2.65869140625;17.61767578125;2.65869140625;-0.041015625;1.3166667222976685;1.3200000524520874;5;5;1;1;0;0;1;1;0;0;1;0;0;1;1;1;1;0;0
24366;12;1;1;0;5;0;0;0;0;1;1;0.2734375;15;2.670654296875;17.629638671875;2.670654296875;-0.041015625;1.3166667222976685;1.3200000524520874;5;5;1;1;0;0;1;1;0;0;1;0;0;1;1;1;1;0;0
24376;12;1;1;0;5;0;0;0;0;1;1;0.2750650942325592;15;2.68896484375;17.647705078125;2.68896484375;-0.041259765625;1.3166667222976685;1.3200000524520874;5;5;1;1;0;0;1;1;0;0;1;0;0;1;1;1;1;0;0
24387;12;1;1;0;5;0;0;0;0;1;1;0.2734375;15;2.700927734375;17.659912109375;2.700927734375;-0.041015625;1.3166667222976685;1.3200000524520874;5;5;1;1;0;0;1;1;0;0;1;0;0;1;1;1;1;0;0
24396;12;1;1;0;5;0;0;0;0;1;1;0.2734375;15;2.718994140625;17.677978515625;2.718994140625;-0.041015625;1.3166667222976685;1.3166667222976685;5;5;1;1;0;0;1;1;0;0;1;0;0;1;1;1;1;0;0
24406;12;1;1;0;5;0;0;0;0;1;1;0.2750650942325592;15;2.731201171875;17.68994140625;2.731201171875;-0.041259765625;1.3200000524520874;1.3166667222976685;5;5;1;1;0;0;1;1;0;0;1;0;0;1;1;1;1;0;0
24416;12;1;1;0;5;0;0;0;0;1;1;0.2734375;15;2.749267578125;17.708251953125;2.749267578125;-0.041015625;1.3166667222976685;1.3233333826065063;5;5;1;1;0;0;1;1;0;0;1;0;0;1;1;1;1;0;0
24426;12;1;1;0;5;0;0;0;0;1;1;0.2718099057674408;15;2.76123046875;17.720458984375;2.76123046875;-0.040771484375;1.3166667222976685;1.3200000524520874;5;5;1;1;0;0;1;1;0;0;1;0;0;1;1;1;1;0;0
24439;12;1;1;0;5;0;0;0;0;1;1;0.2750650942325592;15;2.779541015625;17.73828125;2.779541015625;-0.041259765625;1.3200000524520874;1.3166667222976685;5;5;1;1;0;0;1;1;0;0;1;0;0;1;1;1;1;0;0
24446;12;1;1;0;5;0;0;0;0;1;1;0.2734375;15;2.79150390625;17.75048828125;2.79150390625;-0.041015625;1.3166667222976685;1.3200000524520874;5;5;1;1;0;0;1;1;0;0;1;0;0;1;1;1;1;0;0
24456;12;1;1;0;5;0;0;0;0;1;1;0.2718099057674408;15;2.8095703125;17.768798828125;2.8095703125;-0.040771484375;1.3200000524520874;1.3200000524520874;5;5;1;1;0;0;1;1;0;0;1;0;0;1;1;1;1;0;0
24466;12;1;1;0;5;0;0;0;0;1;1;0.2734375;15;2.82177734375;17.78076171875;2.82177734375;-0.041015625;1.3200000524520874;1.3200000524520874;5;5;1;1;0;0;1;1;0;0;1;0;0;1;1;1;1;0;0
24476;12;1;1;0;5;0;0;0;0;1;1;0.2734375;15;2.83984375;17.798828125;2.83984375;-0.041015625;1.3166667222976685;1.3166667222976685;5;5;1;1;0;0;1;1;0;0;1;0;0;1;1;1;1;0;0
24487;12;1;1;0;5;0;0;0;0;1;1;0.2734375;15;2.85205078125;17.81103515625;2.85205078125;-0.041015625;1.3200000524520874;1.3166667222976685;5;5;1;1;0;0;1;1;0;0;1;0;0;1;1;1;1;0;0
24496;12;1;1;0;5;0;0;0;0;1;1;0.2734375;15;2.8701171875;17.8291015625;2.8701171875;-0.041015625;1.3200000524520874;1.3200000524520874;5;5;1;1;0;0;1;1;0;0;1;0;0;1;1;1;1;0;0
24506;12;1;1;0;5;0;0;0;0;1;1;0.2718099057674408;15;2.882080078125;17.84130859375;2.882080078125;-0.040771484375;1.3200000524520874;1.3200000524520874;5;5;1;1;0;0;1;1;0;0;1;0;0;1;1;1;1;0;0
24516;12;1;1;0;5;0;0;0;0;1;1;0.2718099057674408;15;2.900146484375;17.859375;2.900146484375;-0.040771484375;1.3200000524520874;1.3166667222976685;5;5;1;1;0;0;1;1;0;0;1;0;0;1;1;1;1;0;0
24526;12;1;1;0;5;0;0;0;0;1;1;0.2734375;15;2.912353515625;17.871337890625;2.912353515625;-0.041015625;1.3200000524520874;1.3200000524520874;5;5;1;1;0;0;1;1;0;0;1;0;0;1;1;1;1;0;0
24536;12;1;1;0;5;0;0;0;0;1;1;0.2718099057674408;15;2.930419921875;17.8896484375;2.930419921875;-0.040771484375;1.3200000524520874;1.3200000524520874;5;5;1;1;0;0;1;1;0;0;1;0;0;1;1;1;1;0;0
24546;12;1;1;0;5;0;0;0;0;1;1;0.2734375;15;2.942626953125;17.901611328125;2.942626953125;-0.041015625;1.3200000524520874;1.3200000524520874;5;5;1;1;0;0;1;1;0;0;1;0;0;1;1;1;1;0;0
24556;12;1;1;0;5;0;0;0;0;1;1;0.2718099057674408;15;2.960693359375;17.919921875;2.960693359375;-0.040771484375;1.3166667222976685;1.3200000524520874;5;5;1;1;0;0;1;1;0;0;1;0;0;1;1;1;1;0;0
24568;12;1;1;0;5;0;0;0;0;1;1;0.2734375;15;2.972900390625;17.931884765625;2.972900390625;-0.041015625;1.3200000524520874;1.3166667222976685;5;5;1;1;0;0;1;1;0;0;1;0;0;1;1;1;1;0;0
24576;12;1;1;0;5;0;0;0;0;1;1;0.2718099057674408;15;2.990966796875;17.9501953125;2.990966796875;-0.040771484375;1.3200000524520874;1.3200000524520874;5;5;1;1;0;0;1;1;0;0;1;0;0;1;1;1;1;0;0
24587;12;1;1;0;5;0;0;0;0;1;1;0.2718099057674408;15;3.0029296875;17.962158203125;3.0029296875;-0.040771484375;1.3200000524520874;1.3200000524520874;5;5;1;1;0;0;1;1;0;0;1;0;0;1;1;1;1;0;0
24596;12;1;1;0;5;0;0;0;0;1;1;0.2718099057674408;15;3.02099609375;17.980224609375;3.02099609375;-0.040771484375;1.3166667222976685;1.3166667222976685;5;5;1;1;0;0;1;1;0;0;1;0;0;1;1;1;1;0;0
24606;12;1;1;0;5;0;0;0;0;1;1;0.2718099057674408;15;3.033203125;17.992431640625;3.033203125;-0.040771484375;1.3200000524520874;1.3200000524520874;5;5;1;1;0;0;1;1;0;0;1;0;0;1;1;1;1;0;0
24616;12;1;1;0;5;0;0;0;0;1;1;0.2718099057674408;15;3.05126953125;18.010498046875;3.05126953125;-0.040771484375;1.3200000524520874;1.3200000524520874;5;5;1;1;0;0;1;1;0;0;1;0;0;1;1;1;1;0;0
24626;12;1;1;0;5;0;0;0;0;1;1;0.2718099057674408;15;3.0634765625;18.022705078125;3.0634765625;-0.040771484375;1.3200000524520874;1.3200000524520874;5;5;1;1;0;0;1;1;0;0;1;0;0;1;1;1;1;0;0
24636;12;1;1;0;5;0;0;0;0;1;1;0.2718099057674408;15;3.08154296875;18.040771484375;3.08154296875;-0.040771484375;1.3166667222976685;1.3166667222976685;5;5;1;1;0;0;1;1;0;0;1;0;0;1;1;1;1;0;0
24646;12;1;1;0;5;0;0;0;0;1;1;0.2718099057674408;15;3.093505859375;18.052734375;3.093505859375;-0.040771484375;1.3166667222976685;1.3166667222976685;5;5;1;1;0;0;1;1;0;0;1;0;0;1;1;1;1;0;0
24656;12;1;1;0;5;0;0;0;0;1;1;0.2701822817325592;15;3.111572265625;18.071044921875;3.111572265625;-0.04052734375;1.3166667222976685;1.3233333826065063;5;5;1;1;0;0;1;1;0;0;1;0;0;1;1;1;1;0;0
24666;12;1;1;0;5;0;0;0;0;1;1;0.2701822817325592;15;3.123779296875;18.083251953125;3.123779296875;-0.04052734375;1.3200000524520874;1.3200000524520874;5;5;1;1;0;0;1;1;0;0;1;0;0;1;1;1;1;0;0
24676;12;1;1;0;5;0;0;0;0;1;1;0.2701822817325592;15;3.141845703125;18.101318359375;3.141845703125;-0.04052734375;1.3166667222976685;1.3166667222976685;5;5;1;1;0;0;1;1;0;0;1;0;0;1;1;1;1;0;0
24687;12;1;1;0;5;0;0;0;0;1;1;0.2718099057674408;15;3.154052734375;18.11328125;3.154052734375;-0.040771484375;1.3200000524520874;1.3200000524520874;5;5;1;1;0;0;1;1;0;0;1;0;0;1;1;1;1;0;0
24696;12;1;1;0;5;0;0;0;0;1;1;0.2701822817325592;15;3.172119140625;18.131591796875;3.172119140625;-0.04052734375;1.3200000524520874;1.3200000524520874;5;5;1;1;0;0;1;1;0;0;1;0;0;1;1;1;1;0;0
24706;12;1;1;0;5;0;0;0;0;1;1;0.2701822817325592;15;3.18408203125;18.1435546875;3.18408203125;-0.04052734375;1.3200000524520874;1.3200000524520874;5;5;1;1;0;0;1;1;0;0;1;0;0;1;1;1;1;0;0
24717;12;1;1;0;5;0;0;0;0;1;1;0.2685546875;15;3.2021484375;18.161865234375;3.2021484375;-0.040283203125;1.3166667222976685;1.3200000524520874;5;5;1;1;0;0;1;1;0;0;1;0;0;1;1;1;1;0;0
24726;12;1;1;0;5;0;0;0;0;1;1;0.2701822817325592;15;3.21435546875;18.173828125;3.21435546875;-0.04052734375;1.3166667222976685;1.3166667222976685;5;5;1;1;0;0;1;1;0;0;1;0;0;1;1;1;1;0;0
24736;12;1;1;0;5;0;0;0;0;1;1;0.2685546875;15;3.232421875;18.192138671875;3.232421875;-0.040283203125;1.3200000524520874;1.3233333826065063;5;5;1;1;0;0;1;1;0;0;1;0;0;1;1;1;1;0;0
24746;12;1;1;0;5;0;0;0;0;1;1;0.2701822817325592;15;3.24462890625;18.2041015625;3.24462890625;-0.04052734375;1.3200000524520874;1.3200000524520874;5;5;1;1;0;0;1;1;0;0;1;0;0;1;1;1;1;0;0
24756;12;1;1;0;5;0;0;0;0;1;1;0.2685546875;15;3.2626953125;18.222412109375;3.2626953125;-0.040283203125;1.3200000524520874;1.3233333826065063;5;5;1;1;0;0;1;1;0;0;1;0;0;1;1;1;1;0;0
24766;12;1;1;0;5;0;0;0;0;1;1;0.2685546875;15;3.274658203125;18.234375;3.274658203125;-0.040283203125;1.3200000524520874;1.3200000524520874;5;5;1;1;0;0;1;1;0;0;1;0;0;1;1;1;1;0;0
24776;12;1;1;0;5;0;0;0;0;1;1;0.2685546875;15;3.292724609375;18.25244140625;3.292724609375;-0.040283203125;1.3166667222976685;1.3200000524520874;5;5;1;1;0;0;1;1;0;0;1;0;0;1;1;1;1;0;0
24787;12;1;1;0;5;0;0;0;0;1;1;0.2685546875;15;3.304931640625;18.2646484375;3.304931640625;-0.040283203125;1.3200000524520874;1.3200000524520874;5;5;1;1;0;0;1;1;0;0;1;0;0;1;1;1;1;0;0
24796;12;1;1;0;5;0;0;0;0;1;1;0.2685546875;15;3.322998046875;18.28271484375;3.322998046875;-0.040283203125;1.3166667222976685;1.3233333826065063;5;5;1;1;0;0;1;1;0;0;1;0;0;1;1;1;1;0;0
24806;12;1;1;0;5;0;0;0;0;1;1;0.2685546875;15;3.335205078125;18.294921875;3.335205078125;-0.040283203125;1.3200000524520874;1.3200000524520874;5;5;1;1;0;0;1;1;0;0;1;0;0;1;1;1;1;0;0
24816;12;1;1;0;5;0;0;0;0;1;1;0.2685546875;15;3.353271484375;18.31298828125;3.353271484375;-0.040283203125;1.3166667222976685;1.3200000524520874;5;5;1;1;0;0;1;1;0;0;1;0;0;1;1;1;1;0;0
24826;12;1;1;0;5;0;0;0;0;1;1;0.2669270932674408;15;3.365234375;18.3251953125;3.365234375;-0.0400390625;1.3166667222976685;1.3200000524520874;5;5;1;1;0;0;1;1;0;0;1;0;0;1;1;1;1;0;0
24836;12;1;1;0;5;0;0;0;0;1;1;0.2669270932674408;15;3.38330078125;18.34326171875;3.38330078125;-0.0400390625;1.3166667222976685;1.3200000524520874;5;5;1;1;0;0;1;1;0;0;1;0;0;1;1;1;1;0;0
24846;12;1;1;0;5;0;0;0;0;1;1;0.2669270932674408;15;3.3955078125;18.35546875;3.3955078125;-0.0400390625;1.3166667222976685;1.3200000524520874;5;5;1;1;0;0;1;1;0;0;1;0;0;1;1;1;1;0;0
24856;12;1;1;0;5;0;0;0;0;1;1;0.2669270932674408;15;3.41357421875;18.37353515625;3.41357421875;-0.0400390625;1.3166667222976685;1.3200000524520874;5;5;1;1;0;0;1;1;0;0;1;0;0;1;1;1;1;0;0
24866;12;1;1;0;5;0;0;0;0;1;1;0.2669270932674408;15;3.425537109375;18.385498046875;3.425537109375;-0.0400390625;1.3166667222976685;1.3200000524520874;5;5;1;1;0;0;1;1;0;0;1;0;0;1;1;1;1;0;0
24876;12;1;1;0;5;0;0;0;0;1;1;0.2652994692325592;15;3.443603515625;18.40380859375;3.443603515625;-0.039794921875;1.3166667222976685;1.3200000524520874;5;5;1;1;0;0;1;1;0;0;1;0;0;1;1;1;1;0;0
24887;12;1;1;0;5;0;0;0;0;1;1;0.2669270932674408;15;3.455810546875;18.415771484375;3.455810546875;-0.0400390625;1.3166667222976685;1.3200000524520874;5;5;1;1;0;0;1;1;0;0;1;0;0;1;1;1;1;0;0
24896;12;1;1;0;5;0;0;0;0;1;1;0.2669270932674408;15;3.473876953125;18.433837890625;3.473876953125;-0.0400390625;1.3166667222976685;1.3166667222976685;5;5;1;1;0;0;1;1;0;0;1;0;0;1;1;1;1;0;0
24906;12;1;1;0;5;0;0;0;0;1;1;0.2652994692325592;15;3.48583984375;18.446044921875;3.48583984375;-0.039794921875;1.3166667222976685;1.3166667222976685;5;5;1;1;0;0;1;1;0;0;1;0;0;1;1;1;1;0;0
24917;12;1;1;0;5;0;0;0;0;1;1;0.263671875;15;3.50390625;18.46435546875;3.50390625;-0.03955078125;1.3166667222976685;1.3200000524520874;5;5;1;1;0;0;1;1;0;0;1;0;0;1;1;1;1;0;0
24926;12;1;1;0;5;0;0;0;0;1;1;0.2652994692325592;15;3.51611328125;18.476318359375;3.51611328125;-0.039794921875;1.3166667222976685;1.3233333826065063;5;5;1;1;0;0;1;1;0;0;1;0;0;1;1;1;1;0;0
24936;12;1;1;0;5;0;0;0;0;1;1;0.2652994692325592;15;3.5341796875;18.494384765625;3.5341796875;-0.039794921875;1.3166667222976685;1.3166667222976685;5;5;1;1;0;0;1;1;0;0;1;0;0;1;1;1;1;0;0
24946;12;1;1;0;5;0;0;0;0;1;1;0.263671875;15;3.546142578125;18.506591796875;3.546142578125;-0.03955078125;1.3166667222976685;1.3166667222976685;5;5;1;1;0;0;1;1;0;0;1;0;0;1;1;1;1;0;0
24956;12;1;1;0;5;0;0;0;0;1;1;0.2620442807674408;15;3.564208984375;18.52490234375;3.564208984375;-0.039306640625;1.3166667222976685;1.3233333826065063;5;5;1;1;0;0;1;1;0;0;1;0;0;1;1;1;1;0;0
24966;12;1;1;0;5;0;0;0;0;1;1;0.263671875;15;3.576416015625;18.536865234375;3.576416015625;-0.03955078125;1.3166667222976685;1.3200000524520874;5;5;1;1;0;0;1;1;0;0;1;0;0;1;1;1;1;0;0
24976;12;1;1;0;5;0;0;0;0;1;1;0.263671875;15;3.594482421875;18.554931640625;3.594482421875;-0.03955078125;1.3166667222976685;1.3200000524520874;5;5;1;1;0;0;1;1;0;0;1;0;0;1;1;1;1;0;0
24986;12;1;1;0;5;0;0;0;0;1;1;0.2620442807674408;15;3.6064453125;18.567138671875;3.6064453125;-0.039306640625;1.3166667222976685;1.3200000524520874;5;5;1;1;0;0;1;1;0;0;1;0;0;1;1;1;1;0;0
24996;12;1;1;0;5;0;0;0;0;1;1;0.263671875;15;3.624755859375;18.585205078125;3.624755859375;-0.03955078125;1.3200000524520874;1.3200000524520874;5;5;1;1;0;0;1;1;0;0;1;0;0;1;1;1;1;0;0
25006;12;1;1;0;5;0;0;0;0;1;1;0.2620442807674408;15;3.63671875;18.597412109375;3.63671875;-0.039306640625;1.3166667222976685;1.3233333826065063;5;5;1;1;0;0;1;1;0;0;1;0;0;1;1;1;1;0;0
25018;12;1;1;0;5;0;0;0;0;1;1;0.2620442807674408;15;3.65478515625;18.615478515625;3.65478515625;-0.039306640625;1.3166667222976685;1.3200000524520874;5;5;1;1;0;0;1;1;0;0;1;0;0;1;1;1;1;0;0
25029;12;1;1;0;5;0;0;0;0;1;1;0.2620442807674408;15;3.6669921875;18.627685546875;3.6669921875;-0.039306640625;1.3166667222976685;1.3200000524520874;5;5;1;1;0;0;1;1;0;0;1;0;0;1;1;1;1;0;0
25036;12;1;1;0;5;0;0;0;0;1;1;0.2620442807674408;15;3.68505859375;18.645751953125;3.68505859375;-0.039306640625;1.3166667222976685;1.3233333826065063;5;5;1;1;0;0;1;1;0;0;1;0;0;1;1;1;1;0;0
25047;12;1;1;0;5;0;0;0;0;1;1;0.2604166567325592;15;3.697021484375;18.657958984375;3.697021484375;-0.0390625;1.3200000524520874;1.3233333826065063;5;5;1;1;0;0;1;1;0;0;1;0;0;1;1;1;1;0;0
25056;12;1;1;0;5;0;0;0;0;1;1;0.2604166567325592;15;3.715087890625;18.676025390625;3.715087890625;-0.0390625;1.3166667222976685;1.3200000524520874;5;5;1;1;0;0;1;1;0;0;1;0;0;1;1;1;1;0;0
25066;12;1;1;0;5;0;0;0;0;1;1;0.2620442807674408;15;3.727294921875;18.68798828125;3.727294921875;-0.039306640625;1.3166667222976685;1.3200000524520874;5;5;1;1;0;0;1;1;0;0;1;0;0;1;1;1;1;0;0
25076;12;1;1;0;5;0;0;0;0;1;1;0.2604166567325592;15;3.745361328125;18.706298828125;3.745361328125;-0.0390625;1.3166667222976685;1.3200000524520874;5;5;1;1;0;0;1;1;0;0;1;0;0;1;1;1;1;0;0
25086;12;1;1;0;5;0;0;0;0;1;1;0.2604166567325592;15;3.757568359375;18.718505859375;3.757568359375;-0.0390625;1.3166667222976685;1.3233333826065063;5;5;1;1;0;0;1;1;0;0;1;0;0;1;1;1;1;0;0
25096;12;1;1;0;5;0;0;0;0;1;1;0.2604166567325592;15;3.775634765625;18.736572265625;3.775634765625;-0.0390625;1.3166667222976685;1.3200000524520874;5;5;1;1;0;0;1;1;0;0;1;0;0;1;1;1;1;0;0
25106;12;1;1;0;5;0;0;0;0;1;1;0.2604166567325592;15;3.78759765625;18.74853515625;3.78759765625;-0.0390625;1.3166667222976685;1.3200000524520874;5;5;1;1;0;0;1;1;0;0;1;0;0;1;1;1;1;0;0
25116;12;1;1;0;5;0;0;0;0;1;1;0.2587890625;15;3.8056640625;18.766845703125;3.8056640625;-0.038818359375;1.3166667222976685;1.3200000524520874;5;5;1;1;0;0;1;1;0;0;1;0;0;1;1;1;1;0;0
25126;12;1;1;0;5;0;0;0;0;1;1;0.2604166567325592;15;3.81787109375;18.77880859375;3.81787109375;-0.0390625;1.3200000524520874;1.3200000524520874;5;5;1;1;0;0;1;1;0;0;1;0;0;1;1;1;1;0;0
25136;12;1;1;0;5;0;0;0;0;1;1;0.2604166567325592;15;3.8359375;18.796875;3.8359375;-0.0390625;1.3166667222976685;1.3200000524520874;5;5;1;1;0;0;1;1;0;0;1;0;0;1;1;1;1;0;0
25147;12;1;1;0;5;0;0;0;0;1;1;0.2587890625;15;3.847900390625;18.80908203125;3.847900390625;-0.038818359375;1.3166667222976685;1.3233333826065063;5;5;1;1;0;0;1;1;0;0;1;0;0;1;1;1;1;0;0
25156;12;1;1;0;5;0;0;0;0;1;1;0.2587890625;15;3.865966796875;18.8271484375;3.865966796875;-0.038818359375;1.3166667222976685;1.3200000524520874;5;5;1;1;0;0;1;1;0;0;1;0;0;1;1;1;1;0;0
25166;12;1;1;0;5;0;0;0;0;1;1;0.2587890625;15;3.878173828125;18.83935546875;3.878173828125;-0.038818359375;1.3200000524520874;1.3200000524520874;5;5;1;1;0;0;1;1;0;0;1;0;0;1;1;1;1;0;0
25177;12;1;1;0;5;0;0;0;0;1;1;0.2587890625;15;3.896240234375;18.857421875;3.896240234375;-0.038818359375;1.3166667222976685;1.3200000524520874;5;5;1;1;0;0;1;1;0;0;1;0;0;1;1;1;1;0;0
25187;12;1;1;0;5;0;0;0;0;1;1;0.2587890625;15;3.908447265625;18.86962890625;3.908447265625;-0.038818359375;1.3200000524520874;1.3200000524520874;5;5;1;1;0;0;1;1;0;0;1;0;0;1;1;1;1;0;0
25196;12;1;1;0;5;0;0;0;0;1;1;0.2587890625;15;3.926513671875;18.8876953125;3.926513671875;-0.038818359375;1.3166667222976685;1.3200000524520874;5;5;1;1;0;0;1;1;0;0;1;0;0;1;1;1;1;0;0
25206;12;1;1;0;5;0;0;0;0;1;1;0.2571614682674408;15;3.9384765625;18.89990234375;3.9384765625;-0.03857421875;1.3200000524520874;1.3200000524520874;5;5;1;1;0;0;1;1;0;0;1;0;0;1;1;1;1;0;0
25217;12;1;1;0;5;0;0;0;0;1;1;0.2571614682674408;15;3.95654296875;18.91796875;3.95654296875;-0.03857421875;1.3166667222976685;1.3200000524520874;5;5;1;1;0;0;1;1;0;0;1;0;0;1;1;1;1;0;0
25227;12;1;1;0;5;0;0;0;0;1;1;0.2571614682674408;15;3.96875;18.93017578125;3.96875;-0.03857421875;1.3166667222976685;1.3200000524520874;5;5;1;1;0;0;1;1;0;0;1;0;0;1;1;1;1;0;0
25236;12;1;1;0;5;0;0;0;0;1;1;0.2571614682674408;15;3.98681640625;18.9482421875;3.98681640625;-0.03857421875;1.3166667222976685;1.3166667222976685;5;5;1;1;0;0;1;1;0;0;1;0;0;1;1;1;1;0;0
25246;12;1;1;0;5;0;0;0;0;1;1;0.2571614682674408;15;3.9990234375;18.96044921875;3.9990234375;-0.03857421875;1.3200000524520874;1.3266665935516357;5;5;1;1;0;0;1;1;0;0;1;0;0;1;1;1;1;0;0
25256;12;1;1;0;5;0;0;0;0;1;1;0.2571614682674408;15;4.01708984375;18.978515625;4.01708984375;-0.03857421875;1.3166667222976685;1.3200000524520874;5;5;1;1;0;0;1;1;0;0;1;0;0;1;1;1;1;0;0
25266;12;1;1;0;5;0;0;0;0;1;1;0.2571614682674408;15;4.029052734375;18.990478515625;4.029052734375;-0.03857421875;1.3200000524520874;1.3166667222976685;5;5;1;1;0;0;1;1;0;0;1;0;0;1;1;1;1;0;0
25276;12;1;1;0;5;0;0;0;0;1;1;0.2555338442325592;15;4.047119140625;19.0087890625;4.047119140625;-0.038330078125;1.3166667222976685;1.3233333826065063;5;5;1;1;0;0;1;1;0;0;1;0;0;1;1;1;1;0;0
25286;12;1;1;0;5;0;0;0;0;1;1;0.2555338442325592;15;4.059326171875;19.02099609375;4.059326171875;-0.038330078125;1.3166667222976685;1.3233333826065063;5;5;1;1;0;0;1;1;0;0;1;0;0;1;1;1;1;0;0
25296;12;1;1;0;5;0;0;0;0;1;1;0.2555338442325592;15;4.077392578125;19.0390625;4.077392578125;-0.038330078125;1.3200000524520874;1.3166667222976685;5;5;1;1;0;0;1;1;0;0;1;0;0;1;1;1;1;0;0
25306;12;1;1;0;5;0;0;0;0;1;1;0.25390625;15;4.08935546875;19.05126953125;4.08935546875;-0.0380859375;1.3166667222976685;1.3233333826065063;5;5;1;1;0;0;1;1;0;0;1;0;0;1;1;1;1;0;0
25317;12;1;1;0;5;0;0;0;0;1;1;0.2555338442325592;15;4.107666015625;19.0693359375;4.107666015625;-0.038330078125;1.3200000524520874;1.3200000524520874;5;5;1;1;0;0;1;1;0;0;1;0;0;1;1;1;1;0;0
25326;12;1;1;0;5;0;0;0;0;1;1;0.2555338442325592;15;4.11962890625;19.081298828125;4.11962890625;-0.038330078125;1.3200000524520874;1.3166667222976685;5;5;1;1;0;0;1;1;0;0;1;0;0;1;1;1;1;0;0
25336;12;1;1;0;5;0;0;0;0;1;1;0.2555338442325592;15;4.137939453125;19.099609375;4.137939453125;-0.038330078125;1.3200000524520874;1.3233333826065063;5;5;1;1;0;0;1;1;0;0;1;0;0;1;1;1;1;0;0
25346;12;1;1;0;5;0;0;0;0;1;1;0.25390625;15;4.14990234375;19.11181640625;4.14990234375;-0.0380859375;1.3200000524520874;1.3233333826065063;5;5;1;1;0;0;1;1;0;0;1;0;0;1;1;1;1;0;0
25356;12;1;1;0;5;0;0;0;0;1;1;0.25390625;15;4.16796875;19.1298828125;4.16796875;-0.0380859375;1.3200000524520874;1.3200000524520874;5;5;1;1;0;0;1;1;0;0;1;0;0;1;1;1;1;0;0
25366;12;1;1;0;5;0;0;0;0;1;1;0.25390625;15;4.18017578125;19.14208984375;4.18017578125;-0.0380859375;1.3200000524520874;1.3200000524520874;5;5;1;1;0;0;1;1;0;0;1;0;0;1;1;1;1;0;0
25379;12;1;1;0;5;0;0;0;0;1;1;0.25390625;15;4.1982421875;19.16015625;4.1982421875;-0.0380859375;1.3200000524520874;1.3200000524520874;5;5;1;1;0;0;1;1;0;0;1;0;0;1;1;1;1;0;0
25386;12;1;1;0;5;0;0;0;0;1;1;0.25390625;15;4.21044921875;19.17236328125;4.21044921875;-0.0380859375;1.3200000524520874;1.3233333826065063;5;5;1;1;0;0;1;1;0;0;1;0;0;1;1;1;1;0;0
25396;12;1;1;0;5;0;0;0;0;1;1;0.25390625;15;4.228515625;19.1904296875;4.228515625;-0.0380859375;1.3166667222976685;1.3200000524520874;5;5;1;1;0;0;1;1;0;0;1;0;0;1;1;1;1;0;0
25406;12;1;1;0;5;0;0;0;0;1;1;0.25390625;15;4.240478515625;19.202392578125;4.240478515625;-0.0380859375;1.3200000524520874;1.3133333921432495;5;5;1;1;0;0;1;1;0;0;1;0;0;1;1;1;1;0;0
25417;12;1;1;0;5;0;0;0;0;1;1;0.25390625;15;4.2587890625;19.220703125;4.2587890625;-0.0380859375;1.3200000524520874;1.3233333826065063;5;5;1;1;0;0;1;1;0;0;1;0;0;1;1;1;1;0;0
25426;12;1;1;0;5;0;0;0;0;1;1;0.2522786557674408;15;4.270751953125;19.23291015625;4.270751953125;-0.037841796875;1.3200000524520874;1.3233333826065063;5;5;1;1;0;0;1;1;0;0;1;0;0;1;1;1;1;0;0
25436;12;1;1;0;5;0;0;0;0;1;1;0.2522786557674408;15;4.288818359375;19.2509765625;4.288818359375;-0.037841796875;1.3166667222976685;1.3200000524520874;5;5;1;1;0;0;1;1;0;0;1;0;0;1;1;1;1;0;0
25446;12;1;1;0;5;0;0;0;0;1;1;0.2522786557674408;15;4.301025390625;19.26318359375;4.301025390625;-0.037841796875;1.3200000524520874;1.3200000524520874;5;5;1;1;0;0;1;1;0;0;1;0;0;1;1;1;1;0;0
25456;12;1;1;0;5;0;0;0;0;1;1;0.2522786557674408;15;4.319091796875;19.28125;4.319091796875;-0.037841796875;1.3200000524520874;1.3233333826065063;5;5;1;1;0;0;1;1;0;0;1;0;0;1;1;1;1;0;0
25466;12;1;1;0;5;0;0;0;0;1;1;0.2522786557674408;15;4.331298828125;19.29345703125;4.331298828125;-0.037841796875;1.3200000524520874;1.3266665935516357;5;5;1;1;0;0;1;1;0;0;1;0;0;1;1;1;1;0;0
25477;12;1;1;0;5;0;0;0;0;1;1;0.2522786557674408;15;4.349365234375;19.3115234375;4.349365234375;-0.037841796875;1.3200000524520874;1.3200000524520874;5;5;1;1;0;0;1;1;0;0;1;0;0;1;1;1;1;0;0
25486;12;1;1;0;5;0;0;0;0;1;1;0.2522786557674408;15;4.361572265625;19.32373046875;4.361572265625;-0.037841796875;1.3200000524520874;1.3200000524520874;5;5;1;1;0;0;1;1;0;0;1;0;0;1;1;1;1;0;0
25496;12;1;1;0;5;0;0;0;0;1;1;0.2506510317325592;15;4.379638671875;19.342041015625;4.379638671875;-0.03759765625;1.3200000524520874;1.3266665935516357;5;5;1;1;0;0;1;1;0;0;1;0;0;1;1;1;1;0;0
25506;12;1;1;0;5;0;0;0;0;1;1;0.2522786557674408;15;4.391845703125;19.35400390625;4.391845703125;-0.037841796875;1.3200000524520874;1.3233333826065063;5;5;1;1;0;0;1;1;0;0;1;0;0;1;1;1;1;0;0
25516;12;1;1;0;5;0;0;0;0;1;1;0.2522786557674408;15;4.409912109375;19.3720703125;4.409912109375;-0.037841796875;1.3200000524520874;1.3133333921432495;5;5;1;1;0;0;1;1;0;0;1;0;0;1;1;1;1;0;0
25526;12;1;1;0;5;0;0;0;0;1;1;0.2506510317325592;15;4.421875;19.38427734375;4.421875;-0.03759765625;1.3200000524520874;1.3233333826065063;5;5;1;1;0;0;1;1;0;0;1;0;0;1;1;1;1;0;0
25536;12;1;1;0;5;0;0;0;0;1;1;0.2506510317325592;15;4.440185546875;19.402587890625;4.440185546875;-0.03759765625;1.3200000524520874;1.3233333826065063;5;5;1;1;0;0;1;1;0;0;1;0;0;1;1;1;1;0;0
25546;12;1;1;0;5;0;0;0;0;1;1;0.2506510317325592;15;4.4521484375;19.41455078125;4.4521484375;-0.03759765625;1.3233333826065063;1.3233333826065063;5;5;1;1;0;0;1;1;0;0;1;0;0;1;1;1;1;0;0
25556;12;1;1;0;5;0;0;0;0;1;1;0.2522786557674408;15;4.470458984375;19.4326171875;4.470458984375;-0.037841796875;1.3200000524520874;1.3200000524520874;5;5;1;1;0;0;1;1;0;0;1;0;0;1;1;1;1;0;0
25566;12;1;1;0;5;0;0;0;0;1;1;0.2490234375;15;4.482421875;19.445068359375;4.482421875;-0.037353515625;1.3200000524520874;1.3233333826065063;5;5;1;1;0;0;1;1;0;0;1;0;0;1;1;1;1;0;0
25576;12;1;1;0;5;0;0;0;0;1;1;0.2506510317325592;15;4.500732421875;19.463134765625;4.500732421875;-0.03759765625;1.3200000524520874;1.3266665935516357;5;5;1;1;0;0;1;1;0;0;1;0;0;1;1;1;1;0;0
25586;12;1;1;0;5;0;0;0;0;1;1;0.2490234375;15;4.5126953125;19.475341796875;4.5126953125;-0.037353515625;1.3200000524520874;1.3233333826065063;5;5;1;1;0;0;1;1;0;0;1;0;0;1;1;1;1;0;0
25596;12;1;1;0;5;0;0;0;0;1;1;0.2490234375;15;4.53076171875;19.493408203125;4.53076171875;-0.037353515625;1.3200000524520874;1.3233333826065063;5;5;1;1;0;0;1;1;0;0;1;0;0;1;1;1;1;0;0
25607;12;1;1;0;5;0;0;0;0;1;1;0.2490234375;15;4.54296875;19.505615234375;4.54296875;-0.037353515625;1.3200000524520874;1.3200000524520874;5;5;1;1;0;0;1;1;0;0;1;0;0;1;1;1;1;0;0
25616;12;1;1;0;5;0;0;0;0;1;1;0.2490234375;15;4.56103515625;19.523681640625;4.56103515625;-0.037353515625;1.3200000524520874;1.3233333826065063;5;5;1;1;0;0;1;1;0;0;1;0;0;1;1;1;1;0;0
25627;12;1;1;0;5;0;0;0;0;1;1;0.2490234375;15;4.5732421875;19.535888671875;4.5732421875;-0.037353515625;1.3233333826065063;1.3233333826065063;5;5;1;1;0;0;1;1;0;0;1;0;0;1;1;1;1;0;0
25636;12;1;1;0;5;0;0;0;0;1;1;0.2473958283662796;15;4.59130859375;19.55419921875;4.59130859375;-0.037109375;1.3200000524520874;1.3233333826065063;5;5;1;1;0;0;1;1;0;0;1;0;0;1;1;1;1;0;0
25647;12;1;1;0;5;0;0;0;0;1;1;0.2490234375;15;4.603515625;19.566162109375;4.603515625;-0.037353515625;1.3200000524520874;1.3200000524520874;5;5;1;1;0;0;1;1;0;0;1;0;0;1;1;1;1;0;0
25656;12;1;1;0;5;0;0;0;0;1;1;0.2473958283662796;15;4.62158203125;19.58447265625;4.62158203125;-0.037109375;1.3200000524520874;1.3233333826065063;5;5;1;1;0;0;1;1;0;0;1;0;0;1;1;1;1;0;0
25666;12;1;1;0;5;0;0;0;0;1;1;0.2490234375;15;4.6337890625;19.596435546875;4.6337890625;-0.037353515625;1.3200000524520874;1.3233333826065063;5;5;1;1;0;0;1;1;0;0;1;0;0;1;1;1;1;0;0
25676;12;1;1;0;5;0;0;0;0;1;1;0.2473958283662796;15;4.65185546875;19.61474609375;4.65185546875;-0.037109375;1.3200000524520874;1.3233333826065063;5;5;1;1;0;0;1;1;0;0;1;0;0;1;1;1;1;0;0
25686;12;1;1;0;5;0;0;0;0;1;1;0.2473958283662796;15;4.663818359375;19.626708984375;4.663818359375;-0.037109375;1.3200000524520874;1.3233333826065063;5;5;1;1;0;0;1;1;0;0;1;0;0;1;1;1;1;0;0
25696;12;1;1;0;5;0;0;0;0;1;1;0.2473958283662796;15;4.68212890625;19.64501953125;4.68212890625;-0.037109375;1.3200000524520874;1.3233333826065063;5;5;1;1;0;0;1;1;0;0;1;0;0;1;1;1;1;0;0
25707;12;1;1;0;5;0;0;0;0;1;1;0.2473958283662796;15;4.694091796875;19.656982421875;4.694091796875;-0.037109375;1.3200000524520874;1.3233333826065063;5;5;1;1;0;0;1;1;0;0;1;0;0;1;1;1;1;0;0
25716;12;1;1;0;5;0;0;0;0;1;1;0.2457682341337204;15;4.712158203125;19.67529296875;4.712158203125;-0.036865234375;1.3166667222976685;1.3233333826065063;5;5;1;1;0;0;1;1;0;0;1;0;0;1;1;1;1;0;0
25726;12;1;1;0;5;0;0;0;0;1;1;0.2473958283662796;15;4.724365234375;19.687255859375;4.724365234375;-0.037109375;1.3200000524520874;1.3200000524520874;5;5;1;1;0;0;1;1;0;0;1;0;0;1;1;1;1;0;0
25736;12;1;1;0;5;0;0;0;0;1;1;0.2457682341337204;15;4.742431640625;19.70556640625;4.742431640625;-0.036865234375;1.3200000524520874;1.3233333826065063;5;5;1;1;0;0;1;1;0;0;1;0;0;1;1;1;1;0;0
25747;12;1;1;0;5;0;0;0;0;1;1;0.2457682341337204;15;4.754638671875;19.7177734375;4.754638671875;-0.036865234375;1.3166667222976685;1.3233333826065063;5;5;1;1;0;0;1;1;0;0;1;0;0;1;1;1;1;0;0
25756;12;1;1;0;5;0;0;0;0;1;1;0.2457682341337204;15;4.772705078125;19.73583984375;4.772705078125;-0.036865234375;1.3200000524520874;1.3233333826065063;5;5;1;1;0;0;1;1;0;0;1;0;0;1;1;1;1;0;0
25766;12;1;1;0;5;0;0;0;0;1;1;0.244140625;15;4.78466796875;19.748046875;4.78466796875;-0.03662109375;1.3200000524520874;1.3233333826065063;5;5;1;1;0;0;1;1;0;0;1;0;0;1;1;1;1;0;0
25776;12;1;1;0;5;0;0;0;0;1;1;0.2457682341337204;15;4.802978515625;19.76611328125;4.802978515625;-0.036865234375;1.3200000524520874;1.3233333826065063;5;5;1;1;0;0;1;1;0;0;1;0;0;1;1;1;1;0;0
25787;12;1;1;0;5;0;0;0;0;1;1;0.244140625;15;4.81494140625;19.7783203125;4.81494140625;-0.03662109375;1.3200000524520874;1.3233333826065063;5;5;1;1;0;0;1;1;0;0;1;0;0;1;1;1;1;0;0
25796;12;1;1;0;5;0;0;0;0;1;1;0.244140625;15;4.833251953125;19.796630859375;4.833251953125;-0.03662109375;1.3200000524520874;1.3233333826065063;5;5;1;1;0;0;1;1;0;0;1;0;0;1;1;1;1;0;0
25807;12;1;1;0;5;0;0;0;0;1;1;0.244140625;15;4.84521484375;19.80859375;4.84521484375;-0.03662109375;1.3166667222976685;1.3200000524520874;5;5;1;1;0;0;1;1;0;0;1;0;0;1;1;1;1;0;0
25816;12;1;1;0;5;0;0;0;0;1;1;0.2425130158662796;15;4.86328125;19.826904296875;4.86328125;-0.036376953125;1.3166667222976685;1.3233333826065063;5;5;1;1;0;0;1;1;0;0;1;0;0;1;1;1;1;0;0
25826;12;1;1;0;5;0;0;0;0;1;1;0.244140625;15;4.87548828125;19.8388671875;4.87548828125;-0.03662109375;1.3200000524520874;1.3233333826065063;5;5;1;1;0;0;1;1;0;0;1;0;0;1;1;1;1;0;0
25836;12;1;1;0;5;0;0;0;0;1;1;0.2425130158662796;15;4.8935546875;19.857177734375;4.8935546875;-0.036376953125;1.3200000524520874;1.3233333826065063;5;5;1;1;0;0;1;1;0;0;1;0;0;1;1;1;1;0;0
25849;12;1;1;0;5;0;0;0;0;1;1;0.2425130158662796;15;4.905517578125;19.869140625;4.905517578125;-0.036376953125;1.3166667222976685;1.3233333826065063;5;5;1;1;0;0;1;1;0;0;1;0;0;1;1;1;1;0;0
25856;12;1;1;0;5;0;0;0;0;1;1;0.2425130158662796;15;4.923828125;19.887451171875;4.923828125;-0.036376953125;1.3166667222976685;1.3200000524520874;5;5;1;1;0;0;1;1;0;0;1;0;0;1;1;1;1;0;0
25866;12;1;1;0;5;0;0;0;0;1;1;0.2425130158662796;15;4.935791015625;19.8994140625;4.935791015625;-0.036376953125;1.3200000524520874;1.3200000524520874;5;5;1;1;0;0;1;1;0;0;1;0;0;1;1;1;1;0;0
25876;12;1;1;0;5;0;0;0;0;1;1;0.2408854216337204;15;4.953857421875;19.917724609375;4.953857421875;-0.0361328125;1.3166667222976685;1.3233333826065063;5;5;1;1;0;0;1;1;0;0;1;0;0;1;1;1;1;0;0
25886;12;1;1;0;5;0;0;0;0;1;1;0.2408854216337204;15;4.966064453125;19.929931640625;4.966064453125;-0.0361328125;1.3166667222976685;1.3200000524520874;5;5;1;1;0;0;1;1;0;0;1;0;0;1;1;1;1;0;0
25896;12;1;1;0;5;0;0;0;0;1;1;0.2408854216337204;15;4.984130859375;19.947998046875;4.984130859375;-0.0361328125;1.3166667222976685;1.3233333826065063;5;5;1;1;0;0;1;1;0;0;1;0;0;1;1;1;1;0;0
25906;12;1;1;0;5;0;0;0;0;1;1;0.2392578125;15;4.99609375;19.960205078125;4.99609375;-0.035888671875;1.3166667222976685;1.3200000524520874;5;5;1;1;0;0;1;1;0;0;1;0;0;1;1;1;1;0;0
25916;12;1;1;0;5;0;0;0;0;1;1;0.2408854216337204;15;5.014404296875;19.978271484375;5.014404296875;-0.0361328125;1.3166667222976685;1.3233333826065063;5;5;1;1;0;0;1;1;0;0;1;0;0;1;1;1;1;0;0
25926;12;1;1;0;5;0;0;0;0;1;1;0.2392578125;15;5.0263671875;19.990478515625;5.0263671875;-0.035888671875;1.3166667222976685;1.3233333826065063;5;5;1;1;0;0;1;1;0;0;1;0;0;1;1;1;1;0;0
25936;12;1;1;0;5;0;0;0;0;1;1;0.2392578125;15;5.04443359375;20.008544921875;5.04443359375;-0.035888671875;1.3166667222976685;1.3233333826065063;5;5;1;1;0;0;1;1;0;0;1;0;0;1;1;1;1;0;0
25946;12;1;1;0;5;0;0;0;0;1;1;0.2376302033662796;15;5.056396484375;20.020751953125;5.056396484375;-0.03564453125;1.3166667222976685;1.3200000524520874;5;5;1;1;0;0;1;1;0;0;1;0;0;1;1;1;1;0;0
25956;12;1;1;0;5;0;0;0;0;1;1;0.2376302033662796;15;5.07470703125;20.0390625;5.07470703125;-0.03564453125;1.3166667222976685;1.3233333826065063;5;5;1;1;0;0;1;1;0;0;1;0;0;1;1;1;1;0;0
25966;12;1;1;0;5;0;0;0;0;1;1;0.2376302033662796;15;5.086669921875;20.051025390625;5.086669921875;-0.03564453125;1.3166667222976685;1.3266665935516357;5;5;1;1;0;0;1;1;0;0;1;0;0;1;1;1;1;0;0
25976;12;1;1;0;5;0;0;0;0;1;1;0.2376302033662796;15;5.104736328125;20.069091796875;5.104736328125;-0.03564453125;1.3166667222976685;1.3200000524520874;5;5;1;1;0;0;1;1;0;0;1;0;0;1;1;1;1;0;0
25986;12;1;1;0;5;0;0;0;0;1;1;0.2360026091337204;15;5.11669921875;20.081298828125;5.11669921875;-0.035400390625;1.3166667222976685;1.3200000524520874;5;5;1;1;0;0;1;1;0;0;1;0;0;1;1;1;1;0;0
25998;12;1;1;0;5;0;0;0;0;1;1;0.2360026091337204;15;5.135009765625;20.099609375;5.135009765625;-0.035400390625;1.3166667222976685;1.3233333826065063;5;5;1;1;0;0;1;1;0;0;1;0;0;1;1;1;1;0;0
26006;12;1;1;0;5;0;0;0;0;1;1;0.2360026091337204;15;5.14697265625;20.111572265625;5.14697265625;-0.035400390625;1.3166667222976685;1.3233333826065063;5;5;1;1;0;0;1;1;0;0;1;0;0;1;1;1;1;0;0
26016;12;1;1;0;5;0;0;0;0;1;1;0.234375;15;5.1650390625;20.1298828125;5.1650390625;-0.03515625;1.3166667222976685;1.3200000524520874;5;5;1;1;0;0;1;1;0;0;1;0;0;1;1;1;1;0;0
26026;12;1;1;0;5;0;0;0;0;1;1;0.234375;15;5.177001953125;20.141845703125;5.177001953125;-0.03515625;1.3166667222976685;1.3200000524520874;5;5;1;1;0;0;1;1;0;0;1;0;0;1;1;1;1;0;0
26037;12;1;1;0;5;0;0;0;0;1;1;0.234375;15;5.1953125;20.16015625;5.1953125;-0.03515625;1.3166667222976685;1.3233333826065063;5;5;1;1;0;0;1;1;0;0;1;0;0;1;1;1;1;0;0
26046;12;1;1;0;5;0;0;0;0;1;1;0.2327473908662796;15;5.207275390625;20.17236328125;5.207275390625;-0.034912109375;1.3166667222976685;1.3233333826065063;5;5;1;1;0;0;1;1;0;0;1;0;0;1;1;1;1;0;0
26056;12;1;1;0;5;0;0;0;0;1;1;0.2327473908662796;15;5.225341796875;20.1904296875;5.225341796875;-0.034912109375;1.3133333921432495;1.3200000524520874;5;5;1;1;0;0;1;1;0;0;1;0;0;1;1;1;1;0;0
26068;12;1;1;0;5;0;0;0;0;1;1;0.2327473908662796;15;5.237548828125;20.20263671875;5.237548828125;-0.034912109375;1.3166667222976685;1.3233333826065063;5;5;1;1;0;0;1;1;0;0;1;0;0;1;1;1;1;0;0
26077;12;1;1;0;5;0;0;0;0;1;1;0.2327473908662796;15;5.255615234375;20.220703125;5.255615234375;-0.034912109375;1.3166667222976685;1.3233333826065063;5;5;1;1;0;0;1;1;0;0;1;0;0;1;1;1;1;0;0
26086;12;1;1;0;5;0;0;0;0;1;1;0.2311197966337204;15;5.267578125;20.23291015625;5.267578125;-0.03466796875;1.3166667222976685;1.3233333826065063;5;5;1;1;0;0;1;1;0;0;1;0;0;1;1;1;1;0;0
26096;12;1;1;0;5;0;0;0;0;1;1;0.2311197966337204;15;5.28564453125;20.2509765625;5.28564453125;-0.03466796875;1.3133333921432495;1.3200000524520874;5;5;1;1;0;0;1;1;0;0;1;0;0;1;1;1;1;0;0
26106;12;1;1;0;5;0;0;0;0;1;1;0.2311197966337204;15;5.2978515625;20.26318359375;5.2978515625;-0.03466796875;1.3166667222976685;1.3200000524520874;5;5;1;1;0;0;1;1;0;0;1;0;0;1;1;1;1;0;0
26116;12;1;1;0;5;0;0;0;0;1;1;0.2311197966337204;15;5.31591796875;20.28125;5.31591796875;-0.03466796875;1.3166667222976685;1.3233333826065063;5;5;1;1;0;0;1;1;0;0;1;0;0;1;1;1;1;0;0
26126;12;1;1;0;5;0;0;0;0;1;1;0.2294921875;15;5.327880859375;20.29345703125;5.327880859375;-0.034423828125;1.3166667222976685;1.3233333826065063;5;5;1;1;0;0;1;1;0;0;1;0;0;1;1;1;1;0;0
26137;12;1;1;0;5;0;0;0;0;1;1;0.2294921875;15;5.345947265625;20.3115234375;5.345947265625;-0.034423828125;1.3166667222976685;1.3200000524520874;5;5;1;1;0;0;1;1;0;0;1;0;0;1;1;1;1;0;0
26146;12;1;1;0;5;0;0;0;0;1;1;0.2294921875;15;5.358154296875;20.32373046875;5.358154296875;-0.034423828125;1.3133333921432495;1.3233333826065063;5;5;1;1;0;0;1;1;0;0;1;0;0;1;1;1;1;0;0
26156;12;1;1;0;5;0;0;0;0;1;1;0.2294921875;15;5.376220703125;20.341796875;5.376220703125;-0.034423828125;1.3166667222976685;1.3233333826065063;5;5;1;1;0;0;1;1;0;0;1;0;0;1;1;1;1;0;0
26166;12;1;1;0;5;0;0;0;0;1;1;0.2278645783662796;15;5.38818359375;20.35400390625;5.38818359375;-0.0341796875;1.3166667222976685;1.3233333826065063;5;5;1;1;0;0;1;1;0;0;1;0;0;1;1;1;1;0;0
26176;12;1;1;0;5;0;0;0;0;1;1;0.2278645783662796;15;5.40625;20.3720703125;5.40625;-0.0341796875;1.3166667222976685;1.3200000524520874;5;5;1;1;0;0;1;1;0;0;1;0;0;1;1;1;1;0;0
26188;12;1;1;0;5;0;0;0;0;1;1;0.2278645783662796;15;5.41845703125;20.38427734375;5.41845703125;-0.0341796875;1.3166667222976685;1.3233333826065063;5;5;1;1;0;0;1;1;0;0;1;0;0;1;1;1;1;0;0
26196;12;1;1;0;5;0;0;0;0;1;1;0.2262369841337204;15;5.4365234375;20.402587890625;5.4365234375;-0.033935546875;1.3166667222976685;1.3233333826065063;5;5;1;1;0;0;1;1;0;0;1;0;0;1;1;1;1;0;0
26206;12;1;1;0;5;0;0;0;0;1;1;0.2262369841337204;15;5.448486328125;20.41455078125;5.448486328125;-0.033935546875;1.3166667222976685;1.3233333826065063;5;5;1;1;0;0;1;1;0;0;1;0;0;1;1;1;1;0;0
26216;12;1;1;0;5;0;0;0;0;1;1;0.224609375;15;5.466552734375;20.432861328125;5.466552734375;-0.03369140625;1.3166667222976685;1.3200000524520874;5;5;1;1;0;0;1;1;0;0;1;0;0;1;1;1;1;0;0
26226;12;1;1;0;5;0;0;0;0;1;1;0.2262369841337204;15;5.478759765625;20.44482421875;5.478759765625;-0.033935546875;1.3166667222976685;1.3233333826065063;5;5;1;1;0;0;1;1;0;0;1;0;0;1;1;1;1;0;0
26236;12;1;1;0;5;0;0;0;0;1;1;0.224609375;15;5.496826171875;20.463134765625;5.496826171875;-0.03369140625;1.3166667222976685;1.3200000524520874;5;5;1;1;0;0;1;1;0;0;1;0;0;1;1;1;1;0;0
26246;12;1;1;0;5;0;0;0;0;1;1;0.224609375;15;5.5087890625;20.47509765625;5.5087890625;-0.03369140625;1.3166667222976685;1.3200000524520874;5;5;1;1;0;0;1;1;0;0;1;0;0;1;1;1;1;0;0
26256;12;1;1;0;5;0;0;0;0;1;1;0.2229817658662796;15;5.52685546875;20.493408203125;5.52685546875;-0.033447265625;1.3166667222976685;1.3233333826065063;5;5;1;1;0;0;1;1;0;0;1;0;0;1;1;1;1;0;0
26266;12;1;1;0;5;0;0;0;0;1;1;0.2229817658662796;15;5.5390625;20.505615234375;5.5390625;-0.033447265625;1.3166667222976685;1.3233333826065063;5;5;1;1;0;0;1;1;0;0;1;0;0;1;1;1;1;0;0
26276;12;1;1;0;5;0;0;0;0;1;1;0.2229817658662796;15;5.55712890625;20.523681640625;5.55712890625;-0.033447265625;1.3166667222976685;1.3233333826065063;5;5;1;1;0;0;1;1;0;0;1;0;0;1;1;1;1;0;0
26289;12;1;1;0;5;0;0;0;0;1;1;0.2213541716337204;15;5.569091796875;20.535888671875;5.569091796875;-0.033203125;1.3166667222976685;1.3200000524520874;5;5;1;1;0;0;1;1;0;0;1;0;0;1;1;1;1;0;0
26296;12;1;1;0;5;0;0;0;0;1;1;0.2229817658662796;15;5.58740234375;20.553955078125;5.58740234375;-0.033447265625;1.3166667222976685;1.3233333826065063;5;5;1;1;0;0;1;1;0;0;1;0;0;1;1;1;1;0;0
26307;12;1;1;0;5;0;0;0;0;1;1;0.2213541716337204;15;5.599365234375;20.566162109375;5.599365234375;-0.033203125;1.3166667222976685;1.3233333826065063;5;5;1;1;0;0;1;1;0;0;1;0;0;1;1;1;1;0;0
26316;12;1;1;0;5;0;0;0;0;1;1;0.2213541716337204;15;5.617431640625;20.584228515625;5.617431640625;-0.033203125;1.3166667222976685;1.3200000524520874;5;5;1;1;0;0;1;1;0;0;1;0;0;1;1;1;1;0;0
26326;12;1;1;0;5;0;0;0;0;1;1;0.2197265625;15;5.62939453125;20.596435546875;5.62939453125;-0.032958984375;1.3166667222976685;1.3233333826065063;5;5;1;1;0;0;1;1;0;0;1;0;0;1;1;1;1;0;0
26337;12;1;1;0;5;0;0;0;0;1;1;0.2213541716337204;15;5.647705078125;20.614501953125;5.647705078125;-0.033203125;1.3166667222976685;1.3233333826065063;5;5;1;1;0;0;1;1;0;0;1;0;0;1;1;1;1;0;0
26346;12;1;1;0;5;0;0;0;0;1;1;0.2197265625;15;5.65966796875;20.626708984375;5.65966796875;-0.032958984375;1.3166667222976685;1.3233333826065063;5;5;1;1;0;0;1;1;0;0;1;0;0;1;1;1;1;0;0
26356;12;1;1;0;5;0;0;0;0;1;1;0.2197265625;15;5.677734375;20.644775390625;5.677734375;-0.032958984375;1.3166667222976685;1.3233333826065063;5;5;1;1;0;0;1;1;0;0;1;0;0;1;1;1;1;0;0
26366;12;1;1;0;5;0;0;0;0;1;1;0.2197265625;15;5.68994140625;20.656982421875;5.68994140625;-0.032958984375;1.3166667222976685;1.3233333826065063;5;5;1;1;0;0;1;1;0;0;1;0;0;1;1;1;1;0;0
26376;12;1;1;0;5;0;0;0;0;1;1;0.2180989533662796;15;5.7080078125;20.67529296875;5.7080078125;-0.03271484375;1.3166667222976685;1.3266665935516357;5;5;1;1;0;0;1;1;0;0;1;0;0;1;1;1;1;0;0
26386;12;1;1;0;5;0;0;0;0;1;1;0.2180989533662796;15;5.719970703125;20.687255859375;5.719970703125;-0.03271484375;1.3166667222976685;1.3233333826065063;5;5;1;1;0;0;1;1;0;0;1;0;0;1;1;1;1;0;0
26396;12;1;1;0;5;0;0;0;0;1;1;0.2164713591337204;15;5.738037109375;20.70556640625;5.738037109375;-0.032470703125;1.3166667222976685;1.3200000524520874;5;5;1;1;0;0;1;1;0;0;1;0;0;1;1;1;1;0;0
26407;12;1;1;0;5;0;0;0;0;1;1;0.2180989533662796;15;5.750244140625;20.717529296875;5.750244140625;-0.03271484375;1.3166667222976685;1.3200000524520874;5;5;1;1;0;0;1;1;0;0;1;0;0;1;1;1;1;0;0
26416;12;1;1;0;5;0;0;0;0;1;1;0.2164713591337204;15;5.768310546875;20.73583984375;5.768310546875;-0.032470703125;1.3166667222976685;1.3266665935516357;5;5;1;1;0;0;1;1;0;0;1;0;0;1;1;1;1;0;0
26426;12;1;1;0;5;0;0;0;0;1;1;0.21484375;15;5.7802734375;20.748046875;5.7802734375;-0.0322265625;1.3166667222976685;1.3233333826065063;5;5;1;1;0;0;1;1;0;0;1;0;0;1;1;1;1;0;0
26436;12;1;1;0;5;0;0;0;0;1;1;0.21484375;15;5.79833984375;20.76611328125;5.79833984375;-0.0322265625;1.3133333921432495;1.3233333826065063;5;5;1;1;0;0;1;1;0;0;1;0;0;1;1;1;1;0;0
26446;12;1;1;0;5;0;0;0;0;1;1;0.21484375;15;5.810546875;20.7783203125;5.810546875;-0.0322265625;1.3166667222976685;1.3200000524520874;5;5;1;1;0;0;1;1;0;0;1;0;0;1;1;1;1;0;0
26456;12;1;1;0;5;0;0;0;0;1;1;0.21484375;15;5.82861328125;20.79638671875;5.82861328125;-0.0322265625;1.3166667222976685;1.3266665935516357;5;5;1;1;0;0;1;1;0;0;1;0;0;1;1;1;1;0;0
26466;12;1;1;0;5;0;0;0;0;1;1;0.21484375;15;5.8408203125;20.80859375;5.8408203125;-0.0322265625;1.3166667222976685;1.3266665935516357;5;5;1;1;0;0;1;1;0;0;1;0;0;1;1;1;1;0;0
26476;12;1;1;0;5;0;0;0;0;1;1;0.21484375;15;5.85888671875;20.82666015625;5.85888671875;-0.0322265625;1.3166667222976685;1.3200000524520874;5;5;1;1;0;0;1;1;0;0;1;0;0;1;1;1;1;0;0
26486;12;1;1;0;5;0;0;0;0;1;1;0.2132161408662796;15;5.870849609375;20.8388671875;5.870849609375;-0.031982421875;1.3166667222976685;1.3200000524520874;5;5;1;1;0;0;1;1;0;0;1;0;0;1;1;1;1;0;0
26496;12;1;1;0;5;0;0;0;0;1;1;0.2132161408662796;15;5.88916015625;20.857177734375;5.88916015625;-0.031982421875;1.3166667222976685;1.3266665935516357;5;5;1;1;0;0;1;1;0;0;1;0;0;1;1;1;1;0;0
26509;12;1;1;0;5;0;0;0;0;1;1;0.2132161408662796;15;5.901123046875;20.869140625;5.901123046875;-0.031982421875;1.3200000524520874;1.3233333826065063;5;5;1;1;0;0;1;1;0;0;1;0;0;1;1;1;1;0;0
26517;12;1;1;0;5;0;0;0;0;1;1;0.2115885466337204;15;5.919189453125;20.887451171875;5.919189453125;-0.03173828125;1.3166667222976685;1.3233333826065063;5;5;1;1;0;0;1;1;0;0;1;0;0;1;1;1;1;0;0
26526;12;1;1;0;5;0;0;0;0;1;1;0.2132161408662796;15;5.931396484375;20.8994140625;5.931396484375;-0.031982421875;1.3166667222976685;1.3200000524520874;5;5;1;1;0;0;1;1;0;0;1;0;0;1;1;1;1;0;0
26536;12;1;1;0;5;0;0;0;0;1;1;0.2115885466337204;15;5.949462890625;20.917724609375;5.949462890625;-0.03173828125;1.3166667222976685;1.3266665935516357;5;5;1;1;0;0;1;1;0;0;1;0;0;1;1;1;1;0;0
26546;12;1;1;0;5;0;0;0;0;1;1;0.2115885466337204;15;5.961669921875;20.929931640625;5.961669921875;-0.03173828125;1.3200000524520874;1.3233333826065063;5;5;1;1;0;0;1;1;0;0;1;0;0;1;1;1;1;0;0
26556;12;1;1;0;5;0;0;0;0;1;1;0.2115885466337204;15;5.979736328125;20.947998046875;5.979736328125;-0.03173828125;1.3166667222976685;1.3166667222976685;5;5;1;1;0;0;1;1;0;0;1;0;0;1;1;1;1;0;0
26566;12;1;1;0;5;0;0;0;0;1;1;0.2099609375;15;5.99169921875;20.960205078125;5.99169921875;-0.031494140625;1.3166667222976685;1.3266665935516357;5;5;1;1;0;0;1;1;0;0;1;0;0;1;1;1;1;0;0
26576;12;1;1;0;5;0;0;0;0;1;1;0.2099609375;15;6.009765625;20.978271484375;6.009765625;-0.031494140625;1.3200000524520874;1.3233333826065063;5;5;1;1;0;0;1;1;0;0;1;0;0;1;1;1;1;0;0
26586;12;1;1;0;5;0;0;0;0;1;1;0.2099609375;15;6.02197265625;20.990478515625;6.02197265625;-0.031494140625;1.3200000524520874;1.3200000524520874;5;5;1;1;0;0;1;1;0;0;1;0;0;1;1;1;1;0;0
26596;12;1;1;0;5;0;0;0;0;1;1;0.2083333283662796;15;6.0400390625;21.0087890625;6.0400390625;-0.03125;1.3166667222976685;1.3266665935516357;5;5;1;1;0;0;1;1;0;0;1;0;0;1;1;1;1;0;0
26607;12;1;1;0;5;0;0;0;0;1;1;0.2099609375;15;6.05224609375;21.020751953125;6.05224609375;-0.031494140625;1.3166667222976685;1.3233333826065063;5;5;1;1;0;0;1;1;0;0;1;0;0;1;1;1;1;0;0
26616;12;1;1;0;5;0;0;0;0;1;1;0.2099609375;15;6.0703125;21.038818359375;6.0703125;-0.031494140625;1.3200000524520874;1.3200000524520874;5;5;1;1;0;0;1;1;0;0;1;0;0;1;1;1;1;0;0
26626;12;1;1;0;5;0;0;0;0;1;1;0.2067057341337204;15;6.082275390625;21.05126953125;6.082275390625;-0.031005859375;1.3200000524520874;1.3266665935516357;5;5;1;1;0;0;1;1;0;0;1;0;0;1;1;1;1;0;0
26636;12;1;1;0;5;0;0;0;0;1;1;0.2083333283662796;15;6.1005859375;21.0693359375;6.1005859375;-0.03125;1.3166667222976685;1.3233333826065063;5;5;1;1;0;0;1;1;0;0;1;0;0;1;1;1;1;0;0
26646;12;1;1;0;5;0;0;0;0;1;1;0.2067057341337204;15;6.112548828125;21.08154296875;6.112548828125;-0.031005859375;1.3200000524520874;1.3233333826065063;5;5;1;1;0;0;1;1;0;0;1;0;0;1;1;1;1;0;0
26656;12;1;1;0;5;0;0;0;0;1;1;0.205078125;15;6.130615234375;21.099853515625;6.130615234375;-0.03076171875;1.3166667222976685;1.3266665935516357;5;5;1;1;0;0;1;1;0;0;1;0;0;1;1;1;1;0;0
26667;12;1;1;0;5;0;0;0;0;1;1;0.2067057341337204;15;6.142822265625;21.11181640625;6.142822265625;-0.031005859375;1.3200000524520874;1.3266665935516357;5;5;1;1;0;0;1;1;0;0;1;0;0;1;1;1;1;0;0
26676;12;1;1;0;5;0;0;0;0;1;1;0.205078125;15;6.160888671875;21.130126953125;6.160888671875;-0.03076171875;1.3200000524520874;1.3233333826065063;5;5;1;1;0;0;1;1;0;0;1;0;0;1;1;1;1;0;0
26686;12;1;1;0;5;0;0;0;0;1;1;0.205078125;15;6.173095703125;21.142333984375;6.173095703125;-0.03076171875;1.3200000524520874;1.3233333826065063;5;5;1;1;0;0;1;1;0;0;1;0;0;1;1;1;1;0;0
26696;12;1;1;0;5;0;0;0;0;1;1;0.205078125;15;6.191162109375;21.160400390625;6.191162109375;-0.03076171875;1.3200000524520874;1.3233333826065063;5;5;1;1;0;0;1;1;0;0;1;0;0;1;1;1;1;0;0
26706;12;1;1;0;5;0;0;0;0;1;1;0.205078125;15;6.203369140625;21.172607421875;6.203369140625;-0.03076171875;1.3200000524520874;1.3266665935516357;5;5;1;1;0;0;1;1;0;0;1;0;0;1;1;1;1;0;0
26716;12;1;1;0;5;0;0;0;0;1;1;0.2034505158662796;15;6.221435546875;21.19091796875;6.221435546875;-0.030517578125;1.3200000524520874;1.3233333826065063;5;5;1;1;0;0;1;1;0;0;1;0;0;1;1;1;1;0;0
26726;12;1;1;0;5;0;0;0;0;1;1;0.2067057341337204;15;6.233642578125;21.20263671875;6.233642578125;-0.031005859375;1.3200000524520874;1.3166667222976685;5;5;1;1;0;0;1;1;0;0;1;0;0;1;1;1;1;0;0
26738;12;1;1;0;5;0;0;0;0;1;1;0.205078125;15;6.251708984375;21.220947265625;6.251708984375;-0.03076171875;1.3166667222976685;1.3233333826065063;5;5;1;1;0;0;1;1;0;0;1;0;0;1;1;1;1;0;0
26746;12;1;1;0;5;0;0;0;0;1;1;0.2034505158662796;15;6.263671875;21.233154296875;6.263671875;-0.030517578125;1.3200000524520874;1.3233333826065063;5;5;1;1;0;0;1;1;0;0;1;0;0;1;1;1;1;0;0
26756;12;1;1;0;5;0;0;0;0;1;1;0.2034505158662796;15;6.281982421875;21.25146484375;6.281982421875;-0.030517578125;1.3200000524520874;1.3300000429153442;5;5;1;1;0;0;1;1;0;0;1;0;0;1;1;1;1;0;0
26767;12;1;1;0;5;0;0;0;0;1;1;0.2018229216337204;15;6.2939453125;21.263671875;6.2939453125;-0.0302734375;1.3166667222976685;1.3266665935516357;5;5;1;1;0;0;1;1;0;0;1;0;0;1;1;1;1;0;0
26776;12;1;1;0;5;0;0;0;0;1;1;0.2034505158662796;15;6.312255859375;21.28173828125;6.312255859375;-0.030517578125;1.3200000524520874;1.3233333826065063;5;5;1;1;0;0;1;1;0;0;1;0;0;1;1;1;1;0;0
26786;12;1;1;0;5;0;0;0;0;1;1;0.2018229216337204;15;6.32421875;21.2939453125;6.32421875;-0.0302734375;1.3200000524520874;1.3233333826065063;5;5;1;1;0;0;1;1;0;0;1;0;0;1;1;1;1;0;0
26796;12;1;1;0;5;0;0;0;0;1;1;0.2001953125;15;6.34228515625;21.312255859375;6.34228515625;-0.030029296875;1.3200000524520874;1.3233333826065063;5;5;1;1;0;0;1;1;0;0;1;0;0;1;1;1;1;0;0
26806;12;1;1;0;5;0;0;0;0;1;1;0.2018229216337204;15;6.3544921875;21.32421875;6.3544921875;-0.0302734375;1.3200000524520874;1.3200000524520874;5;5;1;1;0;0;1;1;0;0;1;0;0;1;1;1;1;0;0
26816;12;1;1;0;5;0;0;0;0;1;1;0.2001953125;15;6.37255859375;21.342529296875;6.37255859375;-0.030029296875;1.3200000524520874;1.3300000429153442;5;5;1;1;0;0;1;1;0;0;1;0;0;1;1;1;1;0;0
26826;12;1;1;0;5;0;0;0;0;1;1;0.2001953125;15;6.384765625;21.354736328125;6.384765625;-0.030029296875;1.3200000524520874;1.3233333826065063;5;5;1;1;0;0;1;1;0;0;1;0;0;1;1;1;1;0;0
26837;12;1;1;0;5;0;0;0;0;1;1;0.2001953125;15;6.40283203125;21.372802734375;6.40283203125;-0.030029296875;1.3200000524520874;1.3200000524520874;5;5;1;1;0;0;1;1;0;0;1;0;0;1;1;1;1;0;0
26846;12;1;1;0;5;0;0;0;0;1;1;0.2001953125;15;6.4150390625;21.385009765625;6.4150390625;-0.030029296875;1.3200000524520874;1.3266665935516357;5;5;1;1;0;0;1;1;0;0;1;0;0;1;1;1;1;0;0
26856;12;1;1;0;5;0;0;0;0;1;1;0.1985677033662796;15;6.43310546875;21.4033203125;6.43310546875;-0.02978515625;1.3200000524520874;1.3266665935516357;5;5;1;1;0;0;1;1;0;0;1;0;0;1;1;1;1;0;0
26866;12;1;1;0;5;0;0;0;0;1;1;0.2001953125;15;6.4453125;21.415283203125;6.4453125;-0.030029296875;1.3200000524520874;1.3233333826065063;5;5;1;1;0;0;1;1;0;0;1;0;0;1;1;1;1;0;0
26876;12;1;1;0;5;0;0;0;0;1;1;0.1985677033662796;15;6.46337890625;21.43359375;6.46337890625;-0.02978515625;1.3200000524520874;1.3266665935516357;5;5;1;1;0;0;1;1;0;0;1;0;0;1;1;1;1;0;0
26886;12;1;1;0;5;0;0;0;0;1;1;0.1985677033662796;15;6.4755859375;21.44580078125;6.4755859375;-0.02978515625;1.3200000524520874;1.3300000429153442;5;5;1;1;0;0;1;1;0;0;1;0;0;1;1;1;1;0;0
26896;12;1;1;0;5;0;0;0;0;1;1;0.1969401091337204;15;6.49365234375;21.464111328125;6.49365234375;-0.029541015625;1.3200000524520874;1.3266665935516357;5;5;1;1;0;0;1;1;0;0;1;0;0;1;1;1;1;0;0
26906;12;1;1;0;5;0;0;0;0;1;1;0.1969401091337204;15;6.505615234375;21.47607421875;6.505615234375;-0.029541015625;1.3200000524520874;1.3233333826065063;5;5;1;1;0;0;1;1;0;0;1;0;0;1;1;1;1;0;0
26916;12;1;1;0;5;0;0;0;0;1;1;0.1969401091337204;15;6.52392578125;21.494384765625;6.52392578125;-0.029541015625;1.3200000524520874;1.3300000429153442;5;5;1;1;0;0;1;1;0;0;1;0;0;1;1;1;1;0;0
26926;12;1;1;0;5;0;0;0;0;1;1;0.1953125;15;6.535888671875;21.506591796875;6.535888671875;-0.029296875;1.3200000524520874;1.3266665935516357;5;5;1;1;0;0;1;1;0;0;1;0;0;1;1;1;1;0;0
26936;12;1;1;0;5;0;0;0;0;1;1;0.1969401091337204;15;6.55419921875;21.524658203125;6.55419921875;-0.029541015625;1.3200000524520874;1.3233333826065063;5;5;1;1;0;0;1;1;0;0;1;0;0;1;1;1;1;0;0
26946;12;1;1;0;5;0;0;0;0;1;1;0.1953125;15;6.566162109375;21.536865234375;6.566162109375;-0.029296875;1.3200000524520874;1.3266665935516357;5;5;1;1;0;0;1;1;0;0;1;0;0;1;1;1;1;0;0
26956;12;1;1;0;5;0;0;0;0;1;1;0.1953125;15;6.58447265625;21.55517578125;6.58447265625;-0.029296875;1.3200000524520874;1.3266665935516357;5;5;1;1;0;0;1;1;0;0;1;0;0;1;1;1;1;0;0
26966;12;1;1;0;5;0;0;0;0;1;1;0.1936848908662796;15;6.596435546875;21.5673828125;6.596435546875;-0.029052734375;1.3200000524520874;1.3233333826065063;5;5;1;1;0;0;1;1;0;0;1;0;0;1;1;1;1;0;0
26976;12;1;1;0;5;0;0;0;0;1;1;0.1936848908662796;15;6.614501953125;21.58544921875;6.614501953125;-0.029052734375;1.3200000524520874;1.3266665935516357;5;5;1;1;0;0;1;1;0;0;1;0;0;1;1;1;1;0;0
26986;12;1;1;0;5;0;0;0;0;1;1;0.1936848908662796;15;6.626708984375;21.59765625;6.626708984375;-0.029052734375;1.3166667222976685;1.3233333826065063;5;5;1;1;0;0;1;1;0;0;1;0;0;1;1;1;1;0;0
26997;12;1;1;0;5;0;0;0;0;1;1;0.1920572966337204;15;6.644775390625;21.615966796875;6.644775390625;-0.02880859375;1.3200000524520874;1.3266665935516357;5;5;1;1;0;0;1;1;0;0;1;0;0;1;1;1;1;0;0
27007;12;1;1;0;5;0;0;0;0;1;1;0.1936848908662796;15;6.656982421875;21.6279296875;6.656982421875;-0.029052734375;1.3200000524520874;1.3266665935516357;5;5;1;1;0;0;1;1;0;0;1;0;0;1;1;1;1;0;0
27016;12;1;1;0;5;0;0;0;0;1;1;0.1920572966337204;15;6.675048828125;21.646240234375;6.675048828125;-0.02880859375;1.3200000524520874;1.3233333826065063;5;5;1;1;0;0;1;1;0;0;1;0;0;1;1;1;1;0;0
27026;12;1;1;0;5;0;0;0;0;1;1;0.1936848908662796;15;6.687255859375;21.658203125;6.687255859375;-0.029052734375;1.3200000524520874;1.3233333826065063;5;5;1;1;0;0;1;1;0;0;1;0;0;1;1;1;1;0;0
27036;12;1;1;0;5;0;0;0;0;1;1;0.1920572966337204;15;6.705322265625;21.676513671875;6.705322265625;-0.02880859375;1.3200000524520874;1.3233333826065063;5;5;1;1;0;0;1;1;0;0;1;0;0;1;1;1;1;0;0
27046;12;1;1;0;5;0;0;0;0;1;1;0.1920572966337204;15;6.717529296875;21.688720703125;6.717529296875;-0.02880859375;1.3200000524520874;1.3233333826065063;5;5;1;1;0;0;1;1;0;0;1;0;0;1;1;1;1;0;0
27056;12;1;1;0;5;0;0;0;0;1;1;0.1904296875;15;6.735595703125;21.70703125;6.735595703125;-0.028564453125;1.3200000524520874;1.3266665935516357;5;5;1;1;0;0;1;1;0;0;1;0;0;1;1;1;1;0;0
27067;12;1;1;0;5;0;0;0;0;1;1;0.1904296875;15;6.74755859375;21.718994140625;6.74755859375;-0.028564453125;1.3200000524520874;1.3266665935516357;5;5;1;1;0;0;1;1;0;0;1;0;0;1;1;1;1;0;0
27076;12;1;1;0;5;0;0;0;0;1;1;0.1904296875;15;6.765869140625;21.7373046875;6.765869140625;-0.028564453125;1.3233333826065063;1.3233333826065063;5;5;1;1;0;0;1;1;0;0;1;0;0;1;1;1;1;0;0
27086;12;1;1;0;5;0;0;0;0;1;1;0.1904296875;15;6.778076171875;21.74951171875;6.778076171875;-0.028564453125;1.3200000524520874;1.3266665935516357;5;5;1;1;0;0;1;1;0;0;1;0;0;1;1;1;1;0;0
27097;12;1;1;0;5;0;0;0;0;1;1;0.1904296875;15;6.796142578125;21.767578125;6.796142578125;-0.028564453125;1.3200000524520874;1.3233333826065063;5;5;1;1;0;0;1;1;0;0;1;0;0;1;1;1;1;0;0
27106;12;1;1;0;5;0;0;0;0;1;1;0.1904296875;15;6.808349609375;21.77978515625;6.808349609375;-0.028564453125;1.3200000524520874;1.3233333826065063;5;5;1;1;0;0;1;1;0;0;1;0;0;1;1;1;1;0;0
27116;12;1;1;0;5;0;0;0;0;1;1;0.1888020783662796;15;6.826416015625;21.798095703125;6.826416015625;-0.0283203125;1.3200000524520874;1.3266665935516357;5;5;1;1;0;0;1;1;0;0;1;0;0;1;1;1;1;0;0
27126;12;1;1;0;5;0;0;0;0;1;1;0.1888020783662796;15;6.83837890625;21.81005859375;6.83837890625;-0.0283203125;1.3200000524520874;1.3266665935516357;5;5;1;1;0;0;1;1;0;0;1;0;0;1;1;1;1;0;0
27136;12;1;1;0;5;0;0;0;0;1;1;0.1888020783662796;15;6.856689453125;21.828369140625;6.856689453125;-0.0283203125;1.3200000524520874;1.3233333826065063;5;5;1;1;0;0;1;1;0;0;1;0;0;1;1;1;1;0;0
27146;12;1;1;0;5;0;0;0;0;1;1;0.1871744841337204;15;6.86865234375;21.840576171875;6.86865234375;-0.028076171875;1.3200000524520874;1.3266665935516357;5;5;1;1;0;0;1;1;0;0;1;0;0;1;1;1;1;0;0
27158;12;1;1;0;5;0;0;0;0;1;1;0.1888020783662796;15;6.886962890625;21.858642578125;6.886962890625;-0.0283203125;1.3233333826065063;1.3233333826065063;5;5;1;1;0;0;1;1;0;0;1;0;0;1;1;1;1;0;0
27168;12;1;1;0;5;0;0;0;0;1;1;0.1871744841337204;15;6.89892578125;21.870849609375;6.89892578125;-0.028076171875;1.3200000524520874;1.3266665935516357;5;5;1;1;0;0;1;1;0;0;1;0;0;1;1;1;1;0;0
27176;12;1;1;0;5;0;0;0;0;1;1;0.1871744841337204;15;6.917236328125;21.88916015625;6.917236328125;-0.028076171875;1.3233333826065063;1.3266665935516357;5;5;1;1;0;0;1;1;0;0;1;0;0;1;1;1;1;0;0
27186;12;1;1;0;5;0;0;0;0;1;1;0.1871744841337204;15;6.92919921875;21.901123046875;6.92919921875;-0.028076171875;1.3200000524520874;1.3233333826065063;5;5;1;1;0;0;1;1;0;0;1;0;0;1;1;1;1;0;0
27197;12;1;1;0;5;0;0;0;0;1;1;0.1871744841337204;15;6.947509765625;21.91943359375;6.947509765625;-0.028076171875;1.3200000524520874;1.3266665935516357;5;5;1;1;0;0;1;1;0;0;1;0;0;1;1;1;1;0;0
27206;12;1;1;0;5;0;0;0;0;1;1;0.185546875;15;6.95947265625;21.931640625;6.95947265625;-0.02783203125;1.3200000524520874;1.3233333826065063;5;5;1;1;0;0;1;1;0;0;1;0;0;1;1;1;1;0;0
27218;12;1;1;0;5;0;0;0;0;1;1;0.1871744841337204;15;6.977783203125;21.94970703125;6.977783203125;-0.028076171875;1.3233333826065063;1.3266665935516357;5;5;1;1;0;0;1;1;0;0;1;0;0;1;1;1;1;0;0
27226;12;1;1;0;5;0;0;0;0;1;1;0.185546875;15;6.98974609375;21.9619140625;6.98974609375;-0.02783203125;1.3200000524520874;1.3233333826065063;5;5;1;1;0;0;1;1;0;0;1;0;0;1;1;1;1;0;0
27236;12;1;1;0;5;0;0;0;0;1;1;0.185546875;15;7.008056640625;21.980224609375;7.008056640625;-0.02783203125;1.3200000524520874;1.3233333826065063;1;1;1;1;0;0;1;1;0;0;1;0;0;1;1;1;1;0;0
27246;12;1;1;0;1;0;0;0;0;1;1;0.185546875;15;7.02001953125;21.9921875;7.02001953125;-0.02783203125;1.3200000524520874;1.3233333826065063;1;1;1;1;0;0;1;1;0;0;1;0;0;1;1;1;1;0;0
27256;12;1;1;0;1;0;0;0;0;1;1;0.1839192658662796;15;7.0380859375;22.010498046875;7.0380859375;-0.027587890625;1.3200000524520874;1.3266665935516357;1;1;1;1;0;0;1;1;0;0;1;0;0;1;1;1;1;0;0
27266;12;1;1;0;1;0;0;0;0;1;1;0.1839192658662796;15;7.05029296875;22.022705078125;7.05029296875;-0.027587890625;1.3200000524520874;1.3233333826065063;1;1;1;1;0;0;1;1;0;0;1;0;0;1;1;1;1;0;0
27276;12;1;1;0;1;0;0;0;0;1;1;0.1839192658662796;15;7.068359375;22.040771484375;7.068359375;-0.027587890625;1.3200000524520874;1.3233333826065063;1;1;1;1;0;0;1;1;0;0;1;0;0;1;1;1;1;0;0
27286;12;1;1;0;1;0;0;0;0;1;1;0.1839192658662796;15;7.080322265625;22.052734375;7.080322265625;-0.027587890625;1.3166667222976685;1.3200000524520874;1;1;1;1;0;0;1;1;0;0;1;0;0;1;1;1;1;0;0
27296;12;1;1;0;1;0;0;0;0;1;1;0.1839192658662796;15;7.098388671875;22.07080078125;7.098388671875;-0.027587890625;1.309999942779541;1.3133333921432495;1;1;1;1;0;0;1;1;0;0;1;0;0;1;1;1;1;0;0
27306;12;1;1;0;1;0;0;0;0;1;1;0.1822916716337204;15;7.110107421875;22.082763671875;7.110107421875;-0.02734375;1.3066667318344116;1.309999942779541;1;1;1;1;0;0;1;1;0;0;1;0;0;1;1;1;1;0;0
27316;12;1;1;0;1;0;0;0;0;1;1;0.1839192658662796;15;7.1279296875;22.100341796875;7.1279296875;-0.027587890625;1.2999999523162842;1.2966667413711548;1;1;1;1;0;0;1;1;0;0;1;0;0;1;1;1;1;0;0
27326;12;1;1;0;1;0;0;0;0;1;1;0.1822916716337204;15;7.1396484375;22.1123046875;7.1396484375;-0.02734375;1.2933332920074463;1.2966667413711548;1;1;1;1;0;0;1;1;0;0;1;0;0;1;1;1;1;0;0
27336;12;1;1;0;1;0;0;0;0;1;1;0.1822916716337204;15;7.1572265625;22.1298828125;7.1572265625;-0.02734375;1.2866667509078979;1.2900000810623169;1;1;1;1;0;0;1;1;0;0;1;0;0;1;1;1;1;0;0
27346;12;1;1;0;1;0;0;0;0;1;1;0.1822916716337204;15;7.1689453125;22.1416015625;7.1689453125;-0.02734375;1.28000009059906;1.2833333015441895;1;1;1;1;0;0;1;1;0;0;1;0;0;1;1;1;1;0;0
27358;12;1;1;0;1;0;0;0;0;1;1;0.1822916716337204;15;7.186279296875;22.158935546875;7.186279296875;-0.02734375;1.2733333110809326;1.2733333110809326;1;1;1;1;0;0;1;1;0;0;1;0;0;1;1;1;1;0;0
27366;12;1;1;0;1;0;0;0;0;1;1;0.1806640625;15;7.19775390625;22.170654296875;7.19775390625;-0.027099609375;1.2666666507720947;1.2700001001358032;1;1;1;1;0;0;1;1;0;0;1;0;0;1;1;1;1;0;0
27376;12;1;1;0;1;0;0;0;0;1;1;0.1822916716337204;15;7.215087890625;22.187744140625;7.215087890625;-0.02734375;1.2633334398269653;1.2633334398269653;1;1;1;1;0;0;1;1;0;0;1;0;0;1;1;1;1;0;0
27386;12;1;1;0;1;0;0;0;0;1;1;0.1822916716337204;15;7.2265625;22.19921875;7.2265625;-0.02734375;1.2566666603088379;1.2599999904632568;1;1;1;1;0;0;1;1;0;0;1;0;0;1;1;1;1;0;0
27397;12;1;1;0;1;0;0;0;0;1;1;0.1806640625;15;7.243408203125;22.21630859375;7.243408203125;-0.027099609375;1.25;1.25;1;1;1;1;0;0;1;1;0;0;1;0;0;1;1;1;1;0;0
27406;12;1;1;0;1;0;0;0;0;1;1;0.1822916716337204;15;7.2548828125;22.2275390625;7.2548828125;-0.02734375;1.2433333396911621;1.2433333396911621;1;1;1;1;0;0;1;1;0;0;1;0;0;1;1;1;1;0;0
27416;12;1;1;0;1;0;0;0;0;1;1;0.1806640625;15;7.271728515625;22.24462890625;7.271728515625;-0.027099609375;1.2366667985916138;1.2400000095367432;1;1;1;1;0;0;1;1;0;0;1;0;0;1;1;1;1;0;0
27427;12;1;1;0;1;0;0;0;0;1;1;0.1806640625;15;7.282958984375;22.255859375;7.282958984375;-0.027099609375;1.2333333492279053;1.2333333492279053;1;1;1;1;0;0;1;1;0;0;1;0;0;1;1;1;1;0;0
27436;12;1;1;0;1;0;0;0;0;1;1;0.1790364533662796;15;7.299560546875;22.272705078125;7.299560546875;-0.02685546875;1.2233333587646484;1.2266666889190674;1;1;1;1;0;0;1;1;0;0;1;0;0;1;1;1;1;0;0
27446;12;1;1;0;1;0;0;0;0;1;1;0.1806640625;15;7.310791015625;22.28369140625;7.310791015625;-0.027099609375;1.2200000286102295;1.2200000286102295;1;1;1;1;0;0;1;1;0;0;1;0;0;1;1;1;1;0;0
27456;12;1;1;0;1;0;0;0;0;1;1;0.1806640625;15;7.327392578125;22.30029296875;7.327392578125;-0.027099609375;1.2133333683013916;1.2166666984558105;1;1;1;1;0;0;1;1;0;0;1;0;0;1;1;1;1;0;0
27467;12;1;1;0;1;0;0;0;0;1;1;0.1806640625;15;7.33837890625;22.311279296875;7.33837890625;-0.027099609375;1.2099999189376831;1.2133333683013916;1;1;1;1;0;0;1;1;0;0;1;0;0;1;1;1;1;0;0
27476;12;1;1;0;1;0;0;0;0;1;1;0.1790364533662796;15;7.354736328125;22.327880859375;7.354736328125;-0.02685546875;1.2033333778381348;1.2033333778381348;1;1;1;1;0;0;1;1;0;0;1;0;0;1;1;1;1;0;0
27486;12;1;1;0;1;0;0;0;0;1;1;0.1806640625;15;7.36572265625;22.338623046875;7.36572265625;-0.027099609375;1.1966667175292969;1.1966667175292969;1;1;1;1;0;0;1;1;0;0;1;0;0;1;1;1;1;0;0
27497;12;1;1;0;1;0;0;0;0;1;1;0.1790364533662796;15;7.3818359375;22.35498046875;7.3818359375;-0.02685546875;1.190000057220459;1.1933332681655884;1;1;1;1;0;0;1;1;0;0;1;0;0;1;1;1;1;0;0
27506;12;1;1;0;1;0;0;0;0;1;1;0.1806640625;15;7.392822265625;22.36572265625;7.392822265625;-0.027099609375;1.18666672706604;1.190000057220459;1;1;1;1;0;0;1;1;0;0;1;0;0;1;1;1;1;0;0
27516;12;1;1;0;1;0;0;0;0;1;1;0.1806640625;15;7.408935546875;22.3818359375;7.408935546875;-0.027099609375;1.1800000667572021;1.1800000667572021;1;1;1;1;0;0;1;1;0;0;1;0;0;1;1;1;1;0;0
27527;12;1;1;0;1;0;0;0;0;1;1;0.1790364533662796;15;7.41943359375;22.392578125;7.41943359375;-0.02685546875;1.1733334064483643;1.1766666173934937;1;1;1;1;0;0;1;1;0;0;1;0;0;1;1;1;1;0;0
27536;12;1;1;0;1;0;0;0;0;1;1;0.1790364533662796;15;7.435546875;22.40869140625;7.435546875;-0.02685546875;1.1666666269302368;1.1700000762939453;1;1;1;1;0;0;1;1;0;0;1;0;0;1;1;1;1;0;0
27546;12;1;1;0;1;0;0;0;0;1;1;0.1790364533662796;15;7.446044921875;22.419189453125;7.446044921875;-0.02685546875;1.1633334159851074;1.1666666269302368;1;1;1;1;0;0;1;1;0;0;1;0;0;1;1;1;1;0;0
27556;12;1;1;0;1;0;0;0;0;1;1;0.1790364533662796;15;7.4619140625;22.43505859375;7.4619140625;-0.02685546875;1.15666663646698;1.1599999666213989;1;1;1;1;0;0;1;1;0;0;1;0;0;1;1;1;1;0;0
27566;12;1;1;0;1;0;0;0;0;1;1;0.1774088591337204;15;7.472412109375;22.44580078125;7.472412109375;-0.026611328125;1.1533334255218506;1.1599999666213989;1;1;1;1;0;0;1;1;0;0;1;0;0;1;1;1;1;0;0
27576;12;1;1;0;1;0;0;0;0;1;1;0.1774088591337204;15;7.488037109375;22.46142578125;7.488037109375;-0.026611328125;1.1466667652130127;1.1499999761581421;1;1;1;1;0;0;1;1;0;0;1;0;0;1;1;1;1;0;0
27586;12;1;1;0;1;0;0;0;0;1;1;0.17578125;15;7.498291015625;22.471923828125;7.498291015625;-0.0263671875;1.1399999856948853;1.1466667652130127;1;1;1;1;0;0;1;1;0;0;1;0;0;1;1;1;1;0;0
27596;12;1;1;0;1;0;0;0;0;1;1;0.1774088591337204;15;7.513916015625;22.4873046875;7.513916015625;-0.026611328125;1.1366667747497559;1.1399999856948853;0;0;1;1;0;0;1;1;0;0;0;0;0;0;0;1;1;0;0
27606;12;1;1;0;0;0;0;0;0;1;1;0.17578125;15;7.524169921875;22.497802734375;7.524169921875;-0.0263671875;1.1333333253860474;1.1366667747497559;0;0;1;1;0;0;0;0;1;1;0;0;0;0;0;0;0;0;0
27618;13;1;1;0;0;0;0;0;0;1;1;0.17578125;15;7.53955078125;22.51318359375;7.53955078125;-0.0263671875;1.1266666650772095;1.1333333253860474;0;0;1;1;0;0;0;0;1;1;0;1;0;0;0;0;0;0;0
27627;13;1;1;0;0;0;0;0;0;1;1;0.1741536408662796;15;7.5498046875;22.523681640625;7.5498046875;-0.026123046875;1.1233333349227905;1.1299999952316284;0;0;1;1;0;0;0;0;1;1;0;1;0;0;0;0;0;0;0
27636;13;1;1;0;0;0;0;0;0;1;1;0.1741536408662796;15;7.56494140625;22.538818359375;7.56494140625;-0.026123046875;1.1166666746139526;1.1200001239776611;0;0;1;1;0;0;0;0;1;1;0;1;0;0;0;0;0;0;0
27646;13;1;1;0;0;0;0;0;0;1;1;0.1741536408662796;15;7.5751953125;22.549072265625;7.5751953125;-0.026123046875;1.1133333444595337;1.1200001239776611;0;0;1;1;0;0;0;0;1;1;0;1;0;0;0;0;0;1;0
27656;13;1;1;0;0;0;0;0;0;1;1;0.1741536408662796;15;7.59033203125;22.564208984375;7.59033203125;-0.026123046875;1.1066666841506958;1.1100000143051147;0;0;1;1;0;0;0;0;1;1;0;1;0;0;0;0;0;1;1
27666;13;1;1;0;0;0;0;0;0;1;1;0.1741536408662796;15;7.600341796875;22.57421875;7.600341796875;-0.026123046875;1.1000000238418579;1.1066666841506958;0;0;1;1;0;0;0;0;1;1;0;1;0;0;0;0;0;1;1
27676;13;1;1;0;0;0;0;0;0;1;1;0.1725260466337204;15;7.615234375;22.58935546875;7.615234375;-0.02587890625;1.09333336353302;1.096666693687439;0;0;1;1;0;0;0;0;1;1;0;1;0;0;0;0;0;1;1
27686;13;1;1;0;0;0;0;0;0;1;1;0.1708984375;15;7.625;22.599365234375;7.625;-0.025634765625;1.0866667032241821;1.09333336353302;0;0;1;1;0;0;0;0;1;1;0;1;0;0;0;0;0;1;1
27697;13;1;1;0;0;0;0;0;0;1;1;0.1708984375;15;7.6396484375;22.614013671875;7.6396484375;-0.025634765625;1.0766665935516357;1.0833333730697632;0;0;1;1;0;0;0;0;1;1;0;1;0;0;0;0;0;1;1
27706;13;1;1;0;0;0;0;0;0;1;1;0.1708984375;15;7.6494140625;22.623779296875;7.6494140625;-0.025634765625;1.0733333826065063;1.0766665935516357;0;0;1;1;0;0;0;0;1;1;0;1;0;0;0;0;0;1;1
27716;13;1;1;0;0;0;0;0;0;1;1;0.1708984375;15;7.6640625;22.638427734375;7.6640625;-0.025634765625;1.06333327293396;1.0700000524520874;0;0;1;1;0;0;0;0;1;1;0;1;0;0;0;0;0;1;1
27726;13;1;1;0;0;0;0;0;0;1;1;0.1708984375;15;7.673583984375;22.64794921875;7.673583984375;-0.025634765625;1.0566667318344116;1.06333327293396;0;0;1;1;0;0;0;0;1;1;0;1;0;0;0;0;0;1;1
27736;13;1;1;0;0;0;0;0;0;1;1;0.1692708283662796;15;7.687744140625;22.662353515625;7.687744140625;-0.025390625;1.0466666221618652;1.0533334016799927;0;0;1;1;0;0;0;0;1;1;0;1;0;0;0;0;0;1;1
27746;13;1;1;0;0;0;0;0;0;1;1;0.1692708283662796;15;7.697265625;22.671875;7.697265625;-0.025390625;1.0433334112167358;1.0466666221618652;0;0;1;1;0;0;0;0;1;1;0;1;0;0;0;0;0;1;1
27757;13;1;1;0;0;0;0;0;0;1;1;0.1692708283662796;15;7.71142578125;22.68603515625;7.71142578125;-0.025390625;1.0333333015441895;1.0400000810623169;0;0;1;1;0;0;0;0;1;1;0;1;0;0;0;0;0;1;1
27766;13;1;1;0;0;0;0;0;0;1;1;0.1692708283662796;15;7.720703125;22.6953125;7.720703125;-0.025390625;1.0266667604446411;1.0333333015441895;0;0;1;1;0;0;0;0;1;1;0;1;0;0;0;0;0;1;1
27776;13;1;1;0;0;0;0;0;0;1;1;0.1676432341337204;15;7.734375;22.709228515625;7.734375;-0.025146484375;1.0199999809265137;1.0233333110809326;0;0;1;1;0;0;0;0;1;1;0;1;0;0;0;0;0;1;1
27787;13;1;1;0;0;0;0;0;0;1;1;0.1676432341337204;15;7.74365234375;22.718505859375;7.74365234375;-0.025146484375;1.0133333206176758;1.0166666507720947;0;0;1;1;0;0;0;0;1;1;0;1;0;0;0;0;0;1;1
27797;13;1;1;0;0;0;0;0;0;1;1;0.1676432341337204;15;7.75732421875;22.732177734375;7.75732421875;-0.025146484375;1.0033333301544189;1.0099999904632568;0;0;1;1;0;0;0;0;1;1;0;1;0;0;0;0;0;1;1
27806;13;1;1;0;0;0;0;0;0;1;1;0.1676432341337204;15;7.766357421875;22.7412109375;7.766357421875;-0.025146484375;0.996666669845581;1;0;0;1;1;0;0;0;0;1;1;0;1;0;0;0;0;0;1;1
27817;13;1;1;0;0;0;0;0;0;1;1;0.166015625;15;7.77978515625;22.7548828125;7.77978515625;-0.02490234375;0.99000000953674316;0.99333339929580688;0;0;1;1;0;0;0;0;1;1;0;1;0;0;0;0;0;1;1
27829;13;1;1;0;0;0;0;0;0;1;1;0.166015625;15;7.78857421875;22.763671875;7.78857421875;-0.02490234375;0.98333334922790527;0.98666667938232422;0;0;1;1;0;0;0;0;1;1;0;1;0;0;0;0;0;1;1
27836;13;1;1;0;0;0;0;0;0;1;1;0.166015625;15;7.802001953125;22.777099609375;7.802001953125;-0.02490234375;0.97333335876464844;0.97999995946884155;0;0;1;1;0;0;0;0;1;1;0;1;0;0;0;0;0;1;1
27846;13;1;1;0;0;0;0;0;0;1;1;0.166015625;15;7.810791015625;22.785888671875;7.810791015625;-0.02490234375;0.97000002861022949;0.97333335876464844;0;0;1;1;0;0;0;0;1;1;0;1;0;0;0;0;0;1;1
27857;13;1;1;0;0;0;0;0;0;1;1;0.1643880158662796;15;7.82373046875;22.799072265625;7.82373046875;-0.024658203125;0.96000003814697266;0.96666663885116577;0;0;1;1;0;0;0;0;1;1;0;1;0;0;0;0;0;1;1
27866;13;1;1;0;0;0;0;0;0;1;1;0.1627604216337204;15;7.832275390625;22.807861328125;7.832275390625;-0.0244140625;0.95333331823349;0.96000003814697266;0;0;1;1;0;0;0;0;1;1;0;1;0;0;0;0;0;1;1
27876;13;1;1;0;0;0;0;0;0;1;1;0.1643880158662796;15;7.84521484375;22.820556640625;7.84521484375;-0.024658203125;0.94333338737487793;0.9466666579246521;0;0;1;1;0;0;0;0;1;1;0;1;0;0;0;0;0;1;1
27886;13;1;1;0;0;0;0;0;0;1;1;0.1643880158662796;15;7.853759765625;22.8291015625;7.853759765625;-0.024658203125;0.93666666746139526;0.94333338737487793;0;0;1;1;0;0;0;0;1;1;0;1;0;0;0;0;0;1;1
27896;13;1;1;0;0;0;0;0;0;1;1;0.1627604216337204;15;7.8662109375;22.841796875;7.8662109375;-0.0244140625;0.92666667699813843;0.93333333730697632;0;0;1;1;0;0;0;0;1;1;0;1;0;0;0;0;0;1;1
27906;13;1;1;0;0;0;0;0;0;1;1;0.1611328125;15;7.87451171875;22.850341796875;7.87451171875;-0.024169921875;0.92000001668930054;0.93000000715255737;0;0;1;1;0;0;0;0;1;1;0;1;0;0;0;0;0;1;1
27916;13;1;1;0;0;0;0;0;0;1;1;0.1595052033662796;15;7.88671875;22.86279296875;7.88671875;-0.02392578125;0.90666669607162476;0.92000001668930054;0;0;1;1;0;0;0;0;1;1;0;1;0;0;0;0;0;1;1
27928;13;1;1;0;0;0;0;0;0;1;1;0.1578776091337204;15;7.894775390625;22.87109375;7.894775390625;-0.023681640625;0.89666664600372314;0.91333329677581787;0;0;1;1;0;0;0;0;1;1;0;1;0;0;0;0;0;1;1
27936;13;1;1;0;0;0;0;0;0;1;1;0.15625;15;7.90673828125;22.88330078125;7.90673828125;-0.0234375;0.87666672468185425;0.90666669607162476;0;0;1;1;0;0;0;0;1;1;0;1;0;0;0;0;0;1;1
27946;13;1;1;0;0;0;0;0;0;1;1;0.1529947966337204;15;7.914306640625;22.891357421875;7.914306640625;-0.02294921875;0.86666667461395264;0.893333375453949;0;0;1;1;0;0;0;0;1;1;0;1;0;0;0;0;0;1;1
27957;13;1;1;0;0;0;0;0;0;1;1;0.146484375;15;7.925537109375;22.903564453125;7.925537109375;-0.02197265625;0.84000003337860107;0.88666665554046631;0;0;1;1;0;0;0;0;1;1;0;1;0;0;0;0;0;1;1
27966;13;1;1;0;0;0;0;0;0;1;1;0.1432291716337204;15;7.932861328125;22.911376953125;7.932861328125;-0.021484375;0.82333338260650635;0.87999999523162842;0;0;1;1;0;0;0;0;1;1;0;1;0;0;0;0;0;1;1
27976;13;1;1;0;0;0;0;0;0;1;1;0.1334635466337204;15;7.943359375;22.92333984375;7.943359375;-0.02001953125;0.79666668176651;0.87000000476837158;0;0;1;1;0;0;0;0;1;1;0;1;0;0;0;0;0;1;1
27986;13;1;1;0;0;0;0;0;0;1;1;0.1285807341337204;15;7.9501953125;22.930908203125;7.9501953125;-0.019287109375;0.77666670083999634;0.86000001430511475;0;0;1;1;0;0;0;0;1;1;0;1;0;0;0;0;0;1;1
27996;13;1;1;0;0;0;0;0;0;1;1;0.1171875;15;7.9599609375;22.9423828125;7.9599609375;-0.017578125;0.746666669845581;0.84333336353302;0;0;1;1;0;0;0;0;1;1;0;1;0;0;0;0;0;1;1
28006;13;1;1;0;0;0;0;0;0;1;1;0.107421875;15;7.966064453125;22.949951171875;7.966064453125;-0.01611328125;0.72333335876464844;0.84333336353302;0;0;1;1;0;0;0;0;1;1;0;1;0;0;0;0;0;1;1
28018;13;1;1;0;0;0;0;0;0;1;1;0.0927734375;15;7.97509765625;22.961181640625;7.97509765625;-0.013916015625;0.68999999761581421;0.82666671276092529;0;0;1;1;0;0;0;0;1;1;0;1;0;0;0;0;0;1;1
28029;13;1;1;0;0;0;0;0;0;1;1;0.0830078125;15;7.98095703125;22.968505859375;7.98095703125;-0.012451171875;0.67333334684371948;0.81666666269302368;0;0;1;1;0;0;0;0;1;1;0;1;0;0;0;0;0;1;1
28036;13;1;1;0;0;0;0;0;0;1;1;0.0651041641831398;15;7.9892578125;22.9794921875;7.9892578125;-0.009765625;0.63666665554046631;0.8033333420753479;0;0;1;1;0;0;0;0;1;1;0;1;0;0;0;0;0;1;1
28046;13;1;1;0;0;0;0;0;0;1;1;0.0537109375;15;7.994384765625;22.986328125;7.994384765625;-0.008056640625;0.61000001430511475;0.78666669130325317;0;0;1;1;0;0;0;0;1;1;0;1;0;0;0;0;0;1;1
28056;13;1;1;0;0;0;0;0;0;1;1;0.0325520820915699;15;8.001708984375;22.996826171875;8.001708984375;-0.0048828125;0.57999998331069946;0.77333337068557739;0;0;1;1;0;0;0;0;1;1;0;1;0;0;0;0;0;1;1
28066;13;1;1;0;0;0;0;0;0;1;1;0.01953125;15;8.006591796875;23.003662109375;8.006591796875;-0.0029296875;0.56000006198883057;0.76333332061767578;0;0;1;1;0;0;0;0;1;1;0;1;0;0;0;0;0;1;1
28076;13;1;1;0;0;0;0;0;0;1;1;0.0016276041278615594;15;8.013671875;23.013427734375;8.013671875;-0.000244140625;0.53333336114883423;0.73666667938232422;0;0;1;1;0;0;0;0;1;1;0;1;0;0;0;0;0;1;1
28086;13;1;1;0;0;0;0;0;0;1;1;-0.009765625;15;8.01806640625;23.01953125;8.01953125;0.00146484375;0.52000004053115845;0.72000002861022949;0;0;1;1;0;0;0;0;1;1;0;1;0;0;0;0;0;1;1
28096;13;1;1;0;0;0;0;0;0;1;1;-0.03092447854578495;15;8.0244140625;23.029052734375;8.029052734375;0.004638671875;0.49666669964790344;0.699999988079071;0;0;1;1;0;0;0;0;1;1;0;1;0;0;0;0;0;1;1
28106;13;1;1;0;0;0;0;0;0;1;1;-0.0406901054084301;15;8.02880859375;23.034912109375;8.034912109375;0.006103515625;0.48333331942558289;0.68000000715255737;0;0;1;1;0;0;0;0;1;1;0;1;0;0;0;0;0;1;1
28116;13;1;1;0;0;0;0;0;0;1;1;-0.05859375;15;8.034912109375;23.043701171875;8.043701171875;0.0087890625;0.46666666865348816;0.6600000262260437;0;0;1;1;0;0;0;0;1;1;0;1;0;0;0;0;0;1;1
28127;13;1;1;0;0;0;0;0;0;1;1;-0.0699869766831398;15;8.038818359375;23.04931640625;8.04931640625;0.010498046875;0.45666664838790894;0.64666664600372314;0;0;1;1;0;0;0;0;1;0;0;1;0;0;0;0;0;1;1
28136;13;1;1;0;0;0;0;0;0;1;1;-0.0846354141831398;15;8.044677734375;23.057373046875;8.057373046875;0.0126953125;0.43333333730697632;0.62000000476837158;0;0;1;1;0;0;0;0;0;0;0;1;0;0;0;0;0;1;1
28146;13;1;1;0;0;0;0;0;0;1;1;-0.1041666641831398;15;8.046875;23.0625;8.0625;0.015625;0.36666667461395264;0.60000002384185791;0;0;1;1;0;0;0;0;0;0;0;1;0;0;0;0;0;1;1
28156;13;1;1;0;0;0;0;0;0;1;1;-0.1399739533662796;15;8.04931640625;23.0703125;8.0703125;0.02099609375;0.28000003099441528;0.57999998331069946;0;0;1;1;0;0;0;0;0;0;0;1;0;0;0;0;0;1;1
28166;13;1;1;0;0;0;0;0;0;1;1;-0.1595052033662796;15;8.05126953125;23.0751953125;8.0751953125;0.02392578125;0.25666669011116028;0.56333333253860474;0;0;1;1;0;0;0;0;0;0;0;1;0;0;0;0;0;1;1
28176;13;1;1;0;0;0;0;0;0;1;1;-0.1888020783662796;15;8.0537109375;23.08203125;8.08203125;0.0283203125;0.22666667401790619;0.53666669130325317;0;0;1;1;0;0;0;0;0;0;0;1;0;0;0;0;0;1;1
28186;13;1;1;0;0;0;0;0;0;1;1;-0.2083333283662796;15;8.055419921875;23.086669921875;8.086669921875;0.03125;0.21000000834465027;0.52333331108093262;0;0;1;1;0;0;0;0;0;0;0;1;0;0;0;0;0;1;1
28196;13;1;1;0;0;0;0;0;0;1;1;-0.234375;15;8.057861328125;23.093017578125;8.093017578125;0.03515625;0.1900000125169754;0.49666669964790344;0;0;1;1;0;0;0;0;0;0;0;1;0;0;0;0;0;1;1
28206;13;1;1;0;0;0;0;0;0;1;1;-0.2571614682674408;15;8.05859375;23.09716796875;8.09716796875;0.03857421875;0.15000000596046448;0.48000001907348633;0;0;1;1;0;0;0;0;0;0;0;1;0;0;0;0;0;1;1
28216;13;1;1;0;0;0;0;0;0;1;1;-0.2945963442325592;15;8.05908203125;23.103271484375;8.103271484375;0.044189453125;0.096666671335697174;0.46000000834465027;0;0;1;1;0;0;0;0;0;0;0;1;0;0;0;0;0;1;1
28230;13;1;1;0;0;0;0;0;0;1;1;-0.3173828125;15;8.059326171875;23.10693359375;8.10693359375;0.047607421875;0.076666668057441711;0.43999999761581421;0;0;1;1;0;0;0;0;0;0;0;1;0;0;0;0;0;1;1
28239;13;1;1;0;0;0;0;0;0;1;1;-0.3499349057674408;15;8.059814453125;23.1123046875;8.1123046875;0.052490234375;0.05000000074505806;0.41333335638046265;0;0;1;1;0;0;0;0;0;0;0;1;0;0;0;0;0;1;1
28246;13;1;1;0;0;0;0;0;0;1;1;-0.3743489682674408;15;8.0595703125;23.11572265625;8.11572265625;0.05615234375;0.026666667312383652;0.40000000596046448;0;0;1;1;0;0;0;0;0;0;0;1;0;0;0;0;0;1;1
28256;13;1;1;0;0;0;0;0;0;1;1;-0.41015625;15;8.05908203125;23.12060546875;8.12060546875;0.0615234375;0;0.38000002503395081;0;0;1;1;0;0;0;0;0;0;0;1;0;0;0;0;0;1;1
28266;13;1;1;0;0;0;0;0;0;1;1;-0.4313150942325592;15;8.058837890625;23.12353515625;8.12353515625;0.064697265625;0.0066666668280959129;0.36333334445953369;0;0;1;1;0;0;0;0;0;0;0;1;0;0;0;0;0;1;1
28276;13;1;1;0;0;0;0;0;0;1;1;-0.4606119692325592;15;8.05859375;23.127685546875;8.127685546875;0.069091796875;0.013333333656191826;0.3333333432674408;0;0;1;1;0;0;0;0;0;0;0;1;0;0;0;0;0;1;1
28287;13;1;1;0;0;0;0;0;0;1;1;-0.4801432192325592;15;8.058349609375;23.13037109375;8.13037109375;0.072021484375;0.01666666753590107;0.320000022649765;0;0;1;1;0;0;0;0;0;0;0;1;0;0;0;0;0;1;1
28296;13;1;1;0;0;0;0;0;0;1;1;-0.5078125;15;8.05810546875;23.13427734375;8.13427734375;0.076171875;0.013333333656191826;0.29666668176651;0;0;1;1;0;0;0;0;0;0;0;1;0;0;0;0;0;1;1
28306;13;1;1;0;0;0;0;0;0;1;1;-0.5224609375;15;8.05810546875;23.136474609375;8.136474609375;0.078369140625;0.013333333656191826;0.28000003099441528;0;0;1;1;0;0;0;0;0;0;0;1;0;0;0;0;0;1;1
28316;13;1;1;0;0;0;0;0;0;1;1;-0.54524737596511841;15;8.057861328125;23.1396484375;8.1396484375;0.081787109375;0.013333333656191826;0.25666669011116028;0;0;1;1;0;0;0;0;0;0;0;1;0;0;0;0;0;1;1
28326;13;1;1;0;0;0;0;0;0;1;1;-0.55826824903488159;15;8.057861328125;23.1416015625;8.1416015625;0.083740234375;0.010000000707805157;0.24333333969116211;0;0;1;1;0;0;0;0;0;0;0;1;0;0;0;0;0;1;1
28336;13;1;1;1;0;0;0;0;0;1;1;-0.57779949903488159;15;8.057861328125;23.14453125;8.14453125;0.086669921875;0.0066666668280959129;0.2199999988079071;0;0;1;1;0;0;0;0;0;0;0;1;0;0;0;0;0;1;1
28346;13;1;1;1;0;0;0;0;0;1;1;-0.58756512403488159;15;8.057861328125;23.14599609375;8.14599609375;0.088134765625;0.0033333334140479565;0.20666667819023132;0;0;1;1;0;0;0;0;0;0;0;1;0;0;0;0;0;1;1
28356;13;1;1;1;0;0;0;0;0;1;1;-0.60221356153488159;15;8.057861328125;23.148193359375;8.148193359375;0.09033203125;0.0033333334140479565;0.18333333730697632;0;0;1;1;0;0;0;0;0;0;0;1;0;0;0;0;0;1;1
28366;13;1;1;1;0;0;0;0;0;1;1;-0.61197918653488159;15;8.057861328125;23.149658203125;8.149658203125;0.091796875;0;0.17000000178813934;0;0;1;1;0;0;0;0;0;0;0;1;0;0;0;0;0;1;1
28376;13;1;1;1;0;0;0;0;0;1;1;-0.62337237596511841;15;8.057861328125;23.1513671875;8.1513671875;0.093505859375;0;0.14666667580604553;0;0;1;1;0;0;0;0;0;0;0;1;0;0;0;0;0;1;1
28386;13;1;1;1;0;0;0;0;0;1;1;-0.6298828125;15;8.057861328125;23.15234375;8.15234375;0.094482421875;0;0.13333334028720856;0;0;1;1;0;0;0;0;0;0;0;1;0;0;0;0;0;1;1
28396;13;1;1;1;0;0;0;0;0;1;1;-0.63639324903488159;15;8.057861328125;23.1533203125;8.1533203125;0.095458984375;0;0.10666666924953461;0;0;1;1;0;0;0;0;0;0;0;1;0;0;0;0;0;1;1
28406;13;1;1;1;0;0;0;0;0;1;1;-0.64127606153488159;15;8.057861328125;23.154052734375;8.154052734375;0.09619140625;0;0.093333333730697632;0;0;1;1;0;0;0;0;0;0;0;1;0;0;0;0;0;1;1
28416;13;1;1;1;0;0;0;0;0;1;1;-0.64453125;15;8.057861328125;23.154541015625;8.154541015625;0.0966796875;0;0.070000007748603821;0;0;1;1;0;0;0;0;0;0;0;1;0;0;0;0;0;1;1
28426;13;1;1;1;0;0;0;0;0;1;1;-0.64615887403488159;15;8.057861328125;23.15478515625;8.15478515625;0.096923828125;0;0.056666668504476547;0;0;1;1;0;0;0;0;0;0;0;1;0;0;0;0;0;1;1
28436;13;1;1;1;0;0;0;0;0;1;1;-0.64778643846511841;15;8.057861328125;23.155029296875;8.155029296875;0.09716796875;0;0.033333335071802139;0;0;1;1;0;0;0;0;0;0;0;1;0;0;0;0;0;1;1
28446;13;1;1;1;0;0;0;0;0;1;1;-0.64778643846511841;15;8.057861328125;23.155029296875;8.155029296875;0.09716796875;0;0.01666666753590107;0;0;1;1;0;0;0;0;0;0;0;1;0;0;0;0;0;1;1
28458;13;1;1;1;0;0;0;0;0;1;1;-0.64615887403488159;15;8.057861328125;23.15478515625;8.15478515625;0.096923828125;0;0.0066666668280959129;0;0;1;1;0;0;0;0;0;0;0;1;0;0;0;0;0;1;1
28466;13;1;1;1;0;0;0;0;0;1;1;-0.64615887403488159;15;8.057861328125;23.15478515625;8.15478515625;0.096923828125;0;0;0;0;1;1;0;0;0;0;0;0;0;1;0;0;0;0;0;1;1
28476;13;1;1;1;0;0;0;0;0;1;1;-0.64453125;15;8.057861328125;23.154541015625;8.154541015625;0.0966796875;0;0.0033333334140479565;0;0;1;1;0;0;0;0;0;0;0;1;0;0;0;0;0;1;1
28486;13;1;1;1;0;0;0;0;0;1;1;-0.64453125;15;8.057861328125;23.154541015625;8.154541015625;0.0966796875;0;0.0066666668280959129;0;0;1;1;0;0;0;0;0;0;0;1;0;0;0;0;0;1;1
28496;13;1;1;1;0;0;0;0;0;1;1;-0.64290362596511841;15;8.057861328125;23.154296875;8.154296875;0.096435546875;0;0.010000000707805157;0;0;1;1;0;0;0;0;0;0;0;1;0;0;0;0;0;1;1
28506;13;1;1;1;0;0;0;0;0;1;1;-0.64127606153488159;15;8.057861328125;23.154052734375;8.154052734375;0.09619140625;0;0.013333333656191826;0;0;1;1;0;0;0;0;0;0;0;1;0;0;0;0;0;1;1
28516;13;1;1;1;0;0;0;0;0;1;1;-0.6396484375;15;8.057861328125;23.15380859375;8.15380859375;0.095947265625;0;0.01666666753590107;0;0;1;1;0;0;0;0;0;0;0;1;0;0;0;0;0;1;1
28526;13;1;1;1;0;0;0;0;0;1;1;-0.63639324903488159;15;8.057861328125;23.1533203125;8.1533203125;0.095458984375;0;0.023333333432674408;0;0;1;1;0;0;0;0;0;0;0;1;0;0;0;0;0;1;1
28536;13;1;1;1;0;0;0;0;0;1;1;-0.634765625;15;8.057861328125;23.153076171875;8.153076171875;0.09521484375;0;0.026666667312383652;0;0;1;1;0;0;0;0;0;0;0;1;0;0;0;0;0;1;1
28546;13;1;1;1;0;0;0;0;0;1;1;-0.63151043653488159;15;8.057861328125;23.152587890625;8.152587890625;0.0947265625;0;0.030000001192092896;0;0;1;1;0;0;0;0;0;0;0;1;0;0;0;0;0;1;1
28557;13;1;1;1;0;0;0;0;0;1;1;-0.62825518846511841;15;8.057861328125;23.152099609375;8.152099609375;0.09423828125;0;0.033333335071802139;0;0;1;1;0;0;0;0;0;0;0;1;0;0;0;0;0;1;1
28566;13;1;1;1;0;0;0;0;0;1;1;-0.625;15;8.057861328125;23.151611328125;8.151611328125;0.09375;0;0.036666668951511383;0;0;1;1;0;0;0;0;0;0;0;1;0;0;0;0;0;1;1
28576;13;1;1;1;0;0;0;0;0;1;1;-0.6201171875;15;8.057861328125;23.15087890625;8.15087890625;0.093017578125;0;0.043333336710929871;0;0;1;1;0;0;0;0;0;0;0;1;0;0;0;0;0;1;1
28586;13;1;1;1;0;0;0;0;0;1;1;-0.61686199903488159;15;8.057861328125;23.150390625;8.150390625;0.092529296875;0;0.046666666865348816;0;0;1;1;0;0;0;0;0;0;0;1;0;0;0;0;0;1;1
28596;13;1;1;1;0;0;0;0;0;1;1;-0.61197918653488159;15;8.057861328125;23.149658203125;8.149658203125;0.091796875;0;0.05000000074505806;0;0;1;1;0;0;0;0;0;0;0;1;0;0;0;0;0;1;1
28606;13;1;1;1;0;0;0;0;0;1;1;-0.60872393846511841;15;8.057861328125;23.149169921875;8.149169921875;0.09130859375;0;0.0533333346247673;0;0;1;1;0;0;0;0;0;0;0;1;0;0;0;0;0;1;1
28617;13;1;1;1;0;0;0;0;0;1;1;-0.60221356153488159;15;8.057861328125;23.148193359375;8.148193359375;0.09033203125;0;0.060000002384185791;0;0;1;1;0;0;0;0;0;0;0;1;0;0;0;0;0;1;1
28627;13;1;1;1;0;0;0;0;0;1;1;-0.59733074903488159;15;8.057861328125;23.1474609375;8.1474609375;0.089599609375;0;0.063333332538604736;0;0;1;1;0;0;0;0;0;0;0;1;0;0;0;0;0;1;1
28636;13;1;1;1;0;0;0;0;0;1;1;-0.5908203125;15;8.057861328125;23.146484375;8.146484375;0.088623046875;0;0.066666670143604279;0;0;1;1;0;0;0;0;0;0;0;1;0;0;0;0;0;1;1
28646;13;1;1;1;0;0;0;0;0;1;1;-0.5859375;15;8.057861328125;23.145751953125;8.145751953125;0.087890625;0;0.070000007748603821;0;0;1;1;0;0;0;0;0;0;0;1;0;0;0;0;0;1;1
28657;13;1;1;1;0;0;0;0;0;1;1;-0.57942706346511841;15;8.057861328125;23.144775390625;8.144775390625;0.0869140625;0;0.076666668057441711;0;0;1;1;0;0;0;0;0;0;0;1;0;0;0;0;0;1;1
28666;13;1;1;1;0;0;0;0;0;1;1;-0.57454425096511841;15;8.057861328125;23.14404296875;8.14404296875;0.086181640625;0;0.076666668057441711;0;0;1;1;0;0;0;0;0;0;0;1;0;0;0;0;0;1;1
28676;13;1;1;1;0;0;0;0;0;1;1;-0.56640625;15;8.057861328125;23.142822265625;8.142822265625;0.0849609375;0;0.0833333358168602;0;0;1;1;0;0;0;0;0;0;0;1;0;0;0;0;0;1;1
28688;13;1;1;1;0;0;0;0;0;1;1;-0.55989581346511841;15;8.057861328125;23.141845703125;8.141845703125;0.083984375;0;0.0833333358168602;0;0;1;1;0;0;0;0;0;0;0;1;0;0;0;0;0;1;1
28696;13;1;1;1;0;0;0;0;0;1;1;-0.5517578125;15;8.057861328125;23.140625;8.140625;0.082763671875;0;0.086666673421859741;0;0;1;1;0;0;0;0;0;0;0;1;0;0;0;0;0;1;1
28706;13;1;1;1;0;0;0;0;0;1;1;-0.54524737596511841;15;8.057861328125;23.1396484375;8.1396484375;0.081787109375;0;0.090000003576278687;0;0;1;1;0;0;0;0;0;0;0;1;0;0;0;0;0;1;1
28716;13;1;1;1;0;0;0;0;0;1;1;-0.537109375;15;8.057861328125;23.138427734375;8.138427734375;0.08056640625;0;0.090000003576278687;0;0;1;1;0;0;0;0;0;0;0;1;0;0;0;0;0;1;1
28726;13;1;1;1;0;0;0;0;0;1;1;-0.5322265625;15;8.057861328125;23.1376953125;8.1376953125;0.079833984375;0;0.093333333730697632;0;0;1;1;0;0;0;0;0;0;0;1;0;0;0;0;0;1;1
28736;13;1;1;1;0;0;0;0;0;1;1;-0.5224609375;15;8.057861328125;23.13623046875;8.13623046875;0.078369140625;0;0.093333333730697632;0;0;1;1;0;0;0;0;0;0;0;1;0;0;0;0;0;1;1
28746;13;1;1;1;0;0;0;0;0;1;1;-0.51595050096511841;15;8.057861328125;23.13525390625;8.13525390625;0.077392578125;0;0.096666671335697174;0;0;1;1;0;0;0;0;0;0;0;1;0;0;0;0;0;1;1
28756;13;1;1;1;0;0;0;0;0;1;1;-0.50618487596511841;15;8.057861328125;23.1337890625;8.1337890625;0.075927734375;0;0.10000000149011612;0;0;1;1;0;0;0;0;0;0;0;1;0;0;0;0;0;1;1
28766;13;1;1;1;0;0;0;0;0;1;1;-0.50130206346511841;15;8.057861328125;23.133056640625;8.133056640625;0.0751953125;0;0.10000000149011612;0;0;1;1;0;0;0;0;0;0;0;1;0;0;0;0;0;1;1
28776;13;1;1;1;0;0;0;0;0;1;1;-0.4915364682674408;15;8.057861328125;23.131591796875;8.131591796875;0.07373046875;0;0.10000000149011612;0;0;1;1;0;0;0;0;0;0;0;1;0;0;0;0;0;1;1
28787;13;1;1;1;0;0;0;0;0;1;1;-0.4850260317325592;15;8.057861328125;23.130615234375;8.130615234375;0.07275390625;0;0.10000000149011612;0;0;1;1;0;0;0;0;0;0;0;1;0;0;0;0;0;1;1
28796;13;1;1;1;0;0;0;0;0;1;1;-0.4752604067325592;15;8.057861328125;23.129150390625;8.129150390625;0.0712890625;0;0.10333333909511566;0;0;1;1;0;0;0;0;0;0;0;1;0;0;0;0;0;1;1
28806;13;1;1;1;0;0;0;0;0;1;1;-0.46875;15;8.057861328125;23.128173828125;8.128173828125;0.0703125;0;0.10333333909511566;0;0;1;1;0;0;0;0;0;0;0;1;0;0;0;0;0;1;1
28816;13;1;1;1;0;0;0;0;0;1;1;-0.458984375;15;8.057861328125;23.126708984375;8.126708984375;0.06884765625;0;0.10666666924953461;0;0;1;1;0;0;0;0;0;0;0;1;0;0;0;0;0;1;1
28826;13;1;1;1;0;0;0;0;0;1;1;-0.4524739682674408;15;8.057861328125;23.125732421875;8.125732421875;0.06787109375;0;0.10666666924953461;0;0;1;1;0;0;0;0;0;0;0;1;0;0;0;0;0;1;1
28836;13;1;1;1;0;0;0;0;0;1;1;-0.4410807192325592;15;8.057861328125;23.1240234375;8.1240234375;0.066162109375;0;0.10999999940395355;0;0;1;1;0;0;0;0;0;0;0;1;0;0;0;0;0;1;1
28846;13;1;1;1;0;0;0;0;0;1;1;-0.4361979067325592;15;8.0576171875;23.123046875;8.123046875;0.0654296875;0;0.10999999940395355;0;0;1;1;0;0;0;0;0;0;0;1;0;0;0;0;0;1;1
28856;13;1;1;1;0;0;0;0;0;1;1;-0.4248046875;15;8.0576171875;23.121337890625;8.121337890625;0.063720703125;0;0.11333333700895309;0;0;1;1;0;0;0;0;0;0;0;1;0;0;0;0;0;1;1
28867;13;1;1;1;0;0;0;0;0;1;1;-0.4182942807674408;15;8.0576171875;23.120361328125;8.120361328125;0.062744140625;0;0.11666666716337204;0;0;1;1;0;0;0;0;0;0;0;1;0;0;0;0;0;1;1
28876;13;1;1;1;0;0;0;0;0;1;1;-0.4069010317325592;15;8.0576171875;23.11865234375;8.11865234375;0.06103515625;0;0.11666666716337204;0;0;1;1;0;0;0;0;0;0;0;1;0;0;0;0;0;1;1
28887;13;1;1;1;0;0;0;0;0;1;1;-0.3987630307674408;15;8.0576171875;23.117431640625;8.117431640625;0.059814453125;0;0.12000000476837158;0;0;1;1;0;0;0;0;0;0;0;1;0;0;0;0;0;1;1
28896;13;1;1;1;0;0;0;0;0;1;1;-0.3873697817325592;15;8.0576171875;23.11572265625;8.11572265625;0.05810546875;0.0033333334140479565;0.12333333492279053;0;0;1;1;0;0;0;0;0;0;0;1;0;0;0;0;0;1;1
28906;13;1;1;1;0;0;0;0;0;1;1;-0.380859375;15;8.057373046875;23.114501953125;8.114501953125;0.05712890625;0.0066666668280959129;0.12666666507720947;0;0;1;1;0;0;0;0;0;0;0;1;0;0;0;0;0;1;1
28916;13;1;1;1;0;0;0;0;0;1;1;-0.3694661557674408;15;8.05712890625;23.112548828125;8.112548828125;0.055419921875;0.010000000707805157;0.13000001013278961;0;0;1;1;0;0;0;0;0;0;0;1;0;0;0;0;0;1;1
28926;13;1;1;1;0;0;0;0;0;1;1;-0.361328125;15;8.05712890625;23.111328125;8.111328125;0.05419921875;0.013333333656191826;0.13333334028720856;0;0;1;1;0;0;0;0;0;0;0;1;0;0;0;0;0;1;1
28936;13;1;1;1;0;0;0;0;0;1;1;-0.3531900942325592;15;8.056396484375;23.109375;8.109375;0.052978515625;0.023333333432674408;0.1366666704416275;0;0;1;1;0;0;0;0;0;0;0;1;0;0;0;0;0;1;1
28946;13;1;1;1;0;0;0;0;0;1;1;-0.3483072817325592;15;8.055908203125;23.108154296875;8.108154296875;0.05224609375;0.033333335071802139;0.1366666704416275;0;0;1;1;0;0;0;0;0;0;0;1;0;0;0;0;0;1;1
28956;13;1;1;1;0;0;0;0;0;1;1;-0.3385416567325592;15;8.05517578125;23.10595703125;8.10595703125;0.05078125;0.05000000074505806;0.14000001549720764;0;0;1;1;0;0;0;0;0;0;0;1;0;0;0;0;0;1;1
28966;13;1;1;1;0;0;0;0;0;1;1;-0.3352864682674408;15;8.05419921875;23.1044921875;8.1044921875;0.05029296875;0.063333332538604736;0.14666667580604553;0;0;1;1;0;0;0;0;0;0;0;1;0;0;0;0;0;1;1
28976;13;1;1;1;0;0;0;0;0;1;1;-0.3304036557674408;15;8.052978515625;23.1025390625;8.1025390625;0.049560546875;0.070000007748603821;0.15000000596046448;0;0;1;1;0;0;0;0;0;0;0;1;0;0;0;0;0;1;1
28987;13;1;1;1;0;0;0;0;0;1;1;-0.3173828125;15;8.053466796875;23.10107421875;8.10107421875;0.047607421875;0.033333335071802139;0.15000000596046448;0;0;1;1;0;0;0;0;0;0;0;1;0;0;0;0;0;1;1
28996;13;1;1;1;0;0;0;0;0;1;1;-0.2994791567325592;15;8.053955078125;23.098876953125;8.098876953125;0.044921875;0.0033333334140479565;0.15666668117046356;0;0;1;1;0;0;0;0;0;0;0;1;0;0;0;0;0;1;1
29006;13;1;1;1;0;0;0;0;0;1;1;-0.2913411557674408;15;8.0537109375;23.097412109375;8.097412109375;0.043701171875;0.010000000707805157;0.15666668117046356;0;0;1;1;0;0;0;0;0;0;0;1;0;0;0;0;0;1;1
29016;13;1;1;1;0;0;0;0;0;1;1;-0.2799479067325592;15;8.05322265625;23.09521484375;8.09521484375;0.0419921875;0.020000001415610313;0.15666668117046356;0;0;1;1;0;0;0;0;0;0;0;1;0;0;0;0;0;1;1
29026;13;1;1;1;0;0;0;0;0;1;1;-0.2685546875;15;8.053466796875;23.09375;8.09375;0.040283203125;0.0033333334140479565;0.16000001132488251;0;0;1;1;0;0;0;0;0;0;0;1;0;0;0;0;0;1;1
29036;13;1;1;1;0;0;0;0;0;1;1;-0.25390625;15;8.05322265625;23.09130859375;8.09130859375;0.0380859375;0.0066666668280959129;0.16000001132488251;0;0;1;1;0;0;0;0;0;0;0;1;0;0;0;0;0;1;1
29047;13;1;1;1;0;0;0;0;0;1;1;-0.244140625;15;8.05322265625;23.08984375;8.08984375;0.03662109375;0.0066666668280959129;0.16000001132488251;0;0;1;1;0;0;0;0;0;0;0;1;0;0;0;0;0;1;1
29056;13;1;1;1;0;0;0;0;0;1;1;-0.2294921875;15;8.05322265625;23.087646484375;8.087646484375;0.034423828125;0;0.16333334147930145;0;0;1;1;0;0;0;0;0;0;0;1;0;0;0;0;0;1;1
29066;13;1;1;1;0;0;0;0;0;1;1;-0.2197265625;15;8.05322265625;23.086181640625;8.086181640625;0.032958984375;0.0033333334140479565;0.16333334147930145;0;0;1;1;0;0;0;0;0;0;0;1;0;0;0;0;0;1;1
29076;13;1;1;1;0;0;0;0;0;1;1;-0.205078125;15;8.05322265625;23.083984375;8.083984375;0.03076171875;0;0.16000001132488251;0;0;1;1;0;0;0;0;0;0;0;1;0;0;0;0;0;1;1
29087;13;1;1;1;0;0;0;0;0;1;1;-0.1953125;15;8.05322265625;23.08251953125;8.08251953125;0.029296875;0;0.15666668117046356;0;0;1;1;0;0;0;0;0;0;0;1;0;0;0;0;0;1;1
29098;13;1;1;1;0;0;0;0;0;1;1;-0.1822916716337204;15;8.052978515625;23.080322265625;8.080322265625;0.02734375;0.0033333334140479565;0.15666668117046356;0;0;1;1;0;0;0;0;0;0;0;1;0;0;0;0;0;1;1
29106;13;1;1;1;0;0;0;0;0;1;1;-0.1741536408662796;15;8.052978515625;23.0791015625;8.0791015625;0.026123046875;0;0.15333333611488342;0;0;1;1;0;0;0;0;0;0;0;1;0;0;0;0;0;1;1
29116;13;1;1;1;0;0;0;0;0;1;1;-0.1595052033662796;15;8.052978515625;23.076904296875;8.076904296875;0.02392578125;0;0.15000000596046448;0;0;1;1;0;0;0;0;0;0;0;1;0;0;0;0;0;1;1
29126;13;1;1;1;0;0;0;0;0;1;1;-0.1513671875;15;8.052978515625;23.07568359375;8.07568359375;0.022705078125;0;0.14666667580604553;0;0;1;1;0;0;0;0;0;0;0;1;0;0;0;0;0;1;1
29136;13;1;1;1;0;0;0;0;0;1;1;-0.1383463591337204;15;8.052978515625;23.07373046875;8.07373046875;0.020751953125;0;0.14333334565162659;0;0;1;1;0;0;0;0;0;0;0;1;0;0;0;0;0;1;1
29147;13;1;1;1;0;0;0;0;0;1;1;-0.1302083283662796;15;8.052978515625;23.072509765625;8.072509765625;0.01953125;0;0.14000001549720764;0;0;1;1;0;0;0;0;0;0;0;1;0;0;0;0;0;1;1
29156;13;1;1;1;0;0;0;0;0;1;1;-0.1188151016831398;15;8.052978515625;23.07080078125;8.07080078125;0.017822265625;0;0.13333334028720856;0;0;1;1;0;0;0;0;0;0;0;1;0;0;0;0;0;1;1
29166;13;1;1;1;0;0;0;0;0;1;1;-0.1106770858168602;15;8.052978515625;23.069580078125;8.069580078125;0.0166015625;0;0.13333334028720856;0;0;1;1;0;0;0;0;0;0;0;1;0;0;0;0;0;1;1
29176;13;1;1;1;0;0;0;0;0;1;1;-0.0992838516831398;15;8.052978515625;23.06787109375;8.06787109375;0.014892578125;0;0.12666666507720947;0;0;1;1;0;0;0;0;0;0;0;1;0;0;0;0;0;1;1
29186;13;1;1;1;0;0;0;0;0;1;1;-0.0927734375;15;8.052978515625;23.06689453125;8.06689453125;0.013916015625;0;0.12000000476837158;0;0;1;1;0;0;0;0;0;0;0;1;0;0;0;0;0;1;1
29196;13;1;1;1;0;0;0;0;0;1;1;-0.0813802108168602;15;8.052978515625;23.065185546875;8.065185546875;0.01220703125;0;0.11666666716337204;0;0;1;1;0;0;0;0;0;0;0;1;0;0;0;0;0;1;1
29206;13;1;1;1;0;0;0;0;0;1;1;-0.0764973983168602;15;8.052978515625;23.064453125;8.064453125;0.011474609375;0;0.10999999940395355;0;0;1;1;0;0;0;0;0;0;0;1;0;0;0;0;0;1;1
29217;13;1;1;1;0;0;0;0;0;1;1;-0.0667317733168602;15;8.052978515625;23.06298828125;8.06298828125;0.010009765625;0;0.10333333909511566;0;0;1;1;0;0;0;0;0;0;0;1;0;0;0;0;0;1;1
29226;13;1;1;1;0;0;0;0;0;1;1;-0.0618489570915699;15;8.052978515625;23.062255859375;8.062255859375;0.00927734375;0;0.096666671335697174;0;0;1;1;0;0;0;0;0;0;0;1;0;0;0;0;0;1;1
29237;13;1;1;1;0;0;0;0;0;1;1;-0.0553385429084301;15;8.052734375;23.06103515625;8.06103515625;0.00830078125;0;0.090000003576278687;0;0;1;1;0;0;0;0;0;0;0;1;0;0;0;0;0;1;1
29247;13;1;1;1;0;0;0;0;0;1;1;-0.0504557304084301;15;8.052734375;23.060302734375;8.060302734375;0.007568359375;0;0.086666673421859741;0;0;1;1;0;0;0;0;0;0;0;1;0;0;0;0;0;1;1
29256;13;1;1;1;0;0;0;0;0;1;1;-0.0439453125;15;8.052734375;23.059326171875;8.059326171875;0.006591796875;0;0.076666668057441711;0;0;1;1;0;0;0;0;0;0;0;1;0;0;0;0;0;1;1
29266;13;1;1;1;0;0;0;0;0;1;1;-0.0406901054084301;15;8.052734375;23.058837890625;8.058837890625;0.006103515625;0;0.073333337903022766;0;0;1;1;0;0;0;0;0;0;0;1;0;0;0;0;0;1;1
29276;13;1;1;1;0;0;0;0;0;1;1;-0.0341796875;15;8.052734375;23.057861328125;8.057861328125;0.005126953125;0;0.063333332538604736;0;0;1;1;0;0;0;0;0;0;0;1;0;0;0;0;0;1;1
29287;13;1;1;1;0;0;0;0;0;1;1;-0.03092447854578495;15;8.052734375;23.057373046875;8.057373046875;0.004638671875;0;0.060000002384185791;0;0;1;1;0;0;0;0;0;0;0;1;0;0;0;0;0;1;1
29297;13;1;1;1;0;0;0;0;0;1;1;-0.02766927145421505;15;8.052734375;23.056884765625;8.056884765625;0.004150390625;0;0.0533333346247673;0;0;1;1;0;0;0;0;0;0;0;1;0;0;0;0;0;1;1
29306;13;1;1;1;0;0;0;0;0;1;1;-0.02604166604578495;15;8.052734375;23.056640625;8.056640625;0.00390625;0;0.046666666865348816;0;0;1;1;0;0;0;0;0;0;0;1;0;0;0;0;0;1;1
29317;13;0;0;1;0;0;0;0;0;1;1;-0.02278645895421505;15;8.052734375;23.05615234375;8.05615234375;0.00341796875;0;0.040000002831220627;0;0;1;1;0;0;0;0;0;0;0;1;0;0;0;0;0;1;1
29326;13;0;0;1;0;0;0;0;0;1;1;-0.02115885354578495;15;8.052734375;23.055908203125;8.055908203125;0.003173828125;0;0.033333335071802139;0;0;1;1;0;0;0;0;0;0;0;1;0;0;0;0;0;1;1
29336;13;0;0;1;0;0;0;0;0;1;1;-0.01953125;15;8.052734375;23.0556640625;8.0556640625;0.0029296875;0;0.023333333432674408;0;0;1;1;0;0;0;0;0;0;0;1;0;0;0;0;0;1;1
29346;13;0;0;1;0;0;0;0;0;1;1;-0.01953125;15;8.052734375;23.0556640625;8.0556640625;0.0029296875;0;0.020000001415610313;0;0;1;1;0;0;0;0;0;0;0;1;0;0;0;0;0;1;1
29356;13;0;0;1;0;0;0;0;0;1;1;-0.01790364645421505;15;8.052734375;23.055419921875;8.055419921875;0.002685546875;0;0.010000000707805157;0;0;1;1;0;0;0;0;0;0;0;1;0;0;0;0;0;1;1
29366;13;0;0;1;0;0;0;0;0;1;1;-0.01790364645421505;15;8.052734375;23.055419921875;8.055419921875;0.002685546875;0;0.0066666668280959129;0;0;1;1;0;0;0;0;0;0;0;1;0;0;0;0;0;1;1
29376;13;0;0;1;0;0;0;0;0;1;1;-0.01790364645421505;15;8.052734375;23.055419921875;8.055419921875;0.002685546875;0;0.0033333334140479565;0;0;1;1;0;0;0;0;0;0;0;1;0;0;0;0;0;1;1
29387;13;0;0;1;0;0;0;0;0;1;1;-0.01790364645421505;15;8.052734375;23.055419921875;8.055419921875;0.002685546875;0;0;0;0;1;1;0;0;0;0;0;0;0;1;0;0;0;0;0;1;1
29396;13;0;0;1;0;0;0;0;0;1;1;-0.01790364645421505;15;8.052734375;23.055419921875;8.055419921875;0.002685546875;0;0;0;0;1;1;0;0;0;0;0;0;0;1;0;0;0;0;0;1;1
29406;13;0;0;1;0;0;0;0;0;1;1;-0.01790364645421505;15;8.052734375;23.055419921875;8.055419921875;0.002685546875;0;0;0;0;1;1;0;0;0;0;0;0;0;1;0;0;0;0;0;1;1
29416;13;0;0;1;0;0;0;0;0;1;1;-0.01790364645421505;15;8.052734375;23.055419921875;8.055419921875;0.002685546875;0;0;0;0;1;1;0;0;0;0;0;0;0;1;0;0;0;0;0;1;1
29426;13;0;0;1;0;0;0;0;0;1;1;-0.01790364645421505;15;8.052734375;23.055419921875;8.055419921875;0.002685546875;0;0;0;0;1;1;0;0;0;0;0;0;0;1;0;0;0;0;0;1;1
29436;13;0;0;1;0;0;0;0;0;1;1;-0.01790364645421505;15;8.052734375;23.055419921875;8.055419921875;0.002685546875;0;0;0;0;1;1;0;0;0;0;0;0;0;1;0;0;0;0;0;1;1
29449;13;0;0;1;0;0;0;0;0;1;1;-0.01790364645421505;15;8.052734375;23.055419921875;8.055419921875;0.002685546875;0;0;0;0;1;1;0;0;0;0;0;0;0;1;0;0;0;0;0;1;1
29456;13;0;0;1;0;0;0;0;0;1;1;-0.01790364645421505;15;8.052734375;23.055419921875;8.055419921875;0.002685546875;0;0;0;0;1;1;0;0;0;0;0;0;0;1;0;0;0;0;0;1;1
29466;13;0;0;1;0;0;0;0;0;1;1;-0.01790364645421505;15;8.052734375;23.055419921875;8.055419921875;0.002685546875;0;0;0;0;1;1;0;0;0;0;0;0;0;1;0;0;0;0;0;1;1
29477;13;0;0;1;0;0;0;0;0;1;1;-0.01790364645421505;15;8.052734375;23.055419921875;8.055419921875;0.002685546875;0;0;0;0;1;1;0;0;0;0;0;0;0;1;0;0;0;0;0;1;1
29486;13;0;0;1;0;0;0;0;0;1;1;-0.01790364645421505;15;8.052734375;23.055419921875;8.055419921875;0.002685546875;0;0;0;0;1;1;0;0;0;0;0;0;0;1;0;0;0;0;0;1;1
29496;13;0;0;1;0;0;0;0;0;1;1;-0.01790364645421505;15;8.052734375;23.055419921875;8.055419921875;0.002685546875;0;0;0;0;1;1;0;0;0;0;0;0;0;1;0;0;0;0;0;1;1
29506;13;0;0;1;0;0;0;0;0;1;1;-0.01790364645421505;15;8.052734375;23.055419921875;8.055419921875;0.002685546875;0;0;0;0;1;1;0;0;0;0;0;0;0;1;0;0;0;0;0;1;1
29516;13;0;0;1;0;0;0;0;0;1;1;-0.01790364645421505;15;8.052734375;23.055419921875;8.055419921875;0.002685546875;0;0;0;0;1;1;0;0;0;0;0;0;0;1;0;0;0;0;0;1;1
29526;13;0;0;1;0;0;0;0;0;1;1;-0.01790364645421505;15;8.052734375;23.055419921875;8.055419921875;0.002685546875;0;0;0;0;1;1;0;0;0;0;0;0;0;1;0;0;0;0;0;1;1
29536;13;0;0;1;0;0;0;0;0;1;1;-0.01790364645421505;15;8.052734375;23.055419921875;8.055419921875;0.002685546875;0;0;0;0;1;1;0;0;0;0;0;0;0;1;0;0;0;0;0;1;1
29548;13;0;0;1;0;0;0;0;0;1;1;-0.01790364645421505;15;8.052734375;23.055419921875;8.055419921875;0.002685546875;0;0;0;0;1;1;0;0;0;0;0;0;0;1;0;0;0;0;0;1;1
29556;13;0;0;1;0;0;0;0;0;1;1;-0.01790364645421505;15;8.052734375;23.055419921875;8.055419921875;0.002685546875;0;0;0;0;1;1;0;0;0;0;0;0;0;1;0;0;0;0;0;1;1
29566;13;0;0;1;0;0;0;0;0;1;1;-0.01790364645421505;15;8.052734375;23.055419921875;8.055419921875;0.002685546875;0;0;0;0;1;1;0;0;0;0;0;0;0;1;0;0;0;0;0;1;1
29576;13;0;0;1;0;0;0;0;0;1;1;-0.01790364645421505;15;8.052734375;23.055419921875;8.055419921875;0.002685546875;0;0;0;0;1;1;0;0;0;0;0;0;0;1;0;0;0;0;0;1;1
29586;13;0;0;1;0;0;0;0;0;1;1;-0.01790364645421505;15;8.052734375;23.055419921875;8.055419921875;0.002685546875;0;0;0;0;1;1;0;0;0;0;0;0;0;1;0;0;0;0;0;1;1
29596;13;0;0;1;0;0;0;0;0;1;1;-0.01790364645421505;15;8.052734375;23.055419921875;8.055419921875;0.002685546875;0;0;0;0;1;1;0;0;0;0;0;0;0;1;0;0;0;0;0;1;1
29606;13;0;0;1;0;0;0;0;0;1;1;-0.01790364645421505;15;8.052734375;23.055419921875;8.055419921875;0.002685546875;0;0;0;0;1;1;0;0;0;0;0;0;0;1;0;0;0;0;0;1;1
29616;13;0;0;1;0;0;0;0;0;1;1;-0.01790364645421505;15;8.052734375;23.055419921875;8.055419921875;0.002685546875;0;0;0;0;1;1;0;0;0;0;0;0;0;1;0;0;0;0;0;1;1
29626;13;0;0;1;0;0;0;0;0;1;1;-0.01790364645421505;15;8.052734375;23.055419921875;8.055419921875;0.002685546875;0;0;0;0;1;1;0;0;0;0;0;0;0;1;0;0;0;0;0;1;1
29636;13;0;0;1;0;0;0;0;0;1;1;-0.01790364645421505;15;8.052734375;23.055419921875;8.055419921875;0.002685546875;0;0;0;0;1;1;0;0;0;0;0;0;0;1;0;0;0;0;0;1;1
29646;13;0;0;1;0;0;0;0;0;1;1;-0.01790364645421505;15;8.052734375;23.055419921875;8.055419921875;0.002685546875;0;0;0;0;1;1;0;0;0;0;0;0;0;1;0;0;0;0;0;1;1
29656;13;0;0;1;0;0;0;0;0;1;1;-0.01790364645421505;15;8.052734375;23.055419921875;8.055419921875;0.002685546875;0;0;0;0;1;1;0;0;0;0;0;0;0;1;0;0;0;0;0;1;1
29666;13;0;0;1;0;0;0;0;0;1;1;-0.01790364645421505;15;8.052734375;23.055419921875;8.055419921875;0.002685546875;0;0;0;0;1;1;0;0;0;0;0;0;0;1;0;0;0;0;0;1;1
29676;13;0;0;1;0;0;0;0;0;1;1;-0.01790364645421505;15;8.052734375;23.055419921875;8.055419921875;0.002685546875;0;0;0;0;1;1;0;0;0;0;0;0;0;1;0;0;0;0;0;1;1
29687;13;0;0;1;0;0;0;0;0;1;1;-0.01790364645421505;15;8.052734375;23.055419921875;8.055419921875;0.002685546875;0;0;0;0;1;1;0;0;0;0;0;0;0;1;0;0;0;0;0;1;1
29696;13;0;0;1;0;0;0;0;0;1;1;-0.01790364645421505;15;8.052734375;23.055419921875;8.055419921875;0.002685546875;0;0;0;0;1;1;0;0;0;0;0;0;0;1;0;0;0;0;0;1;1
29707;13;0;0;1;0;0;0;0;0;1;1;-0.01790364645421505;15;8.052734375;23.055419921875;8.055419921875;0.002685546875;0;0;0;0;1;1;0;0;0;0;0;0;0;1;0;0;0;0;0;1;1
29716;13;0;0;1;0;0;0;0;0;1;1;-0.01790364645421505;15;8.052734375;23.055419921875;8.055419921875;0.002685546875;0;0;0;0;1;1;0;0;0;0;0;0;0;1;0;0;0;0;0;1;1
29726;13;0;0;1;0;0;0;0;0;1;1;-0.01790364645421505;15;8.052734375;23.055419921875;8.055419921875;0.002685546875;0;0;0;0;1;1;0;0;0;0;0;0;0;1;0;0;0;0;0;1;1
29736;13;0;0;1;0;0;0;0;0;1;1;-0.01790364645421505;15;8.052734375;23.055419921875;8.055419921875;0.002685546875;0;0;0;0;1;1;0;0;0;0;0;0;0;1;0;0;0;0;0;1;1
29746;13;0;0;1;0;0;0;0;0;1;1;-0.01790364645421505;15;8.052734375;23.055419921875;8.055419921875;0.002685546875;0;0;0;0;1;1;0;0;0;0;0;0;0;1;0;0;0;0;0;1;1
29756;13;0;0;1;0;0;0;0;0;1;1;-0.01790364645421505;15;8.052734375;23.055419921875;8.055419921875;0.002685546875;0;0;0;0;1;1;0;0;0;0;0;0;0;1;0;0;0;0;0;1;1
29766;13;0;0;1;0;0;0;0;0;1;1;-0.01790364645421505;15;8.052734375;23.055419921875;8.055419921875;0.002685546875;0;0;0;0;1;1;0;0;0;0;0;0;0;1;0;0;0;0;0;1;1
29776;13;0;0;1;0;0;0;0;0;1;1;-0.01790364645421505;15;8.052734375;23.055419921875;8.055419921875;0.002685546875;0;0;0;0;1;1;0;0;0;0;0;0;0;1;0;0;0;0;0;1;1
29786;13;0;0;1;0;0;0;0;0;1;1;-0.01790364645421505;15;8.052734375;23.055419921875;8.055419921875;0.002685546875;0;0;0;0;1;1;0;0;0;0;0;0;0;1;0;0;0;0;0;1;1
29796;13;0;0;1;0;0;0;0;0;1;1;-0.01790364645421505;15;8.052734375;23.055419921875;8.055419921875;0.002685546875;0;0;0;0;1;1;0;0;0;0;0;0;0;1;0;0;0;0;0;1;1
29807;13;0;0;1;0;0;0;0;0;1;1;-0.01790364645421505;15;8.052734375;23.055419921875;8.055419921875;0.002685546875;0;0;0;0;1;1;0;0;0;0;0;0;0;1;0;0;0;0;0;1;1
29816;13;0;0;1;0;0;0;0;0;1;1;-0.01790364645421505;15;8.052734375;23.055419921875;8.055419921875;0.002685546875;0;0;0;0;1;1;0;0;0;0;0;0;0;1;0;0;0;0;0;1;1
29826;13;0;0;1;0;0;0;0;0;1;1;-0.01790364645421505;15;8.052734375;23.055419921875;8.055419921875;0.002685546875;0;0;0;0;1;1;0;0;0;0;0;0;0;1;0;0;0;0;0;1;1
29836;13;0;0;1;0;0;0;0;0;1;1;-0.01790364645421505;15;8.052734375;23.055419921875;8.055419921875;0.002685546875;0;0;0;0;1;1;0;0;0;0;0;0;0;1;0;0;0;0;0;1;1
29846;13;0;0;1;0;0;0;0;0;1;1;-0.01790364645421505;15;8.052734375;23.055419921875;8.055419921875;0.002685546875;0;0;0;0;1;1;0;0;0;0;0;0;0;1;0;0;0;0;0;1;1
29856;13;0;0;1;0;0;0;0;0;1;1;-0.01790364645421505;15;8.052734375;23.055419921875;8.055419921875;0.002685546875;0;0;0;0;1;1;0;0;0;0;0;0;0;1;0;0;0;0;0;1;1
29866;13;0;0;1;0;0;0;0;0;1;1;-0.01790364645421505;15;8.052734375;23.055419921875;8.055419921875;0.002685546875;0;0;0;0;1;1;0;0;0;0;0;0;0;1;0;0;0;0;0;1;1
29878;13;0;0;1;0;0;0;0;0;1;1;-0.01790364645421505;15;8.052734375;23.055419921875;8.055419921875;0.002685546875;0;0;0;0;1;1;0;0;0;0;0;0;0;1;0;0;0;0;0;1;1
29886;13;0;0;1;0;0;0;0;0;1;1;-0.01790364645421505;15;8.052734375;23.055419921875;8.055419921875;0.002685546875;0;0;0;0;1;1;0;0;0;0;0;0;0;1;0;0;0;0;0;1;1
29896;13;0;0;1;0;0;0;0;0;1;1;-0.01790364645421505;15;8.052734375;23.055419921875;8.055419921875;0.002685546875;0;0;0;0;1;1;0;0;0;0;0;0;0;1;0;0;0;0;0;1;1
29907;13;0;0;1;0;0;0;0;0;1;1;-0.01790364645421505;15;8.052734375;23.055419921875;8.055419921875;0.002685546875;0;0;0;0;1;1;0;0;0;0;0;0;0;1;0;0;0;0;0;1;1
29916;13;0;0;1;0;0;0;0;0;1;1;-0.01790364645421505;15;8.052734375;23.055419921875;8.055419921875;0.002685546875;0;0;0;0;1;1;0;0;0;0;0;0;0;1;0;0;0;0;0;1;1
29926;13;0;0;1;0;0;0;0;0;1;1;-0.01790364645421505;15;8.052734375;23.055419921875;8.055419921875;0.002685546875;0;0;0;0;1;1;0;0;0;0;0;0;0;1;0;0;0;0;0;1;1
29939;13;0;0;1;0;0;0;0;0;1;1;-0.01790364645421505;15;8.052734375;23.055419921875;8.055419921875;0.002685546875;0;0;0;0;1;1;0;0;0;0;0;0;0;1;0;0;0;0;0;1;1
29946;13;0;0;1;0;0;0;0;0;1;1;-0.01790364645421505;15;8.052734375;23.055419921875;8.055419921875;0.002685546875;0;0;0;0;1;1;0;0;0;0;0;0;0;1;0;0;0;0;0;1;1
29956;13;0;0;1;0;0;0;0;0;1;1;-0.01790364645421505;15;8.052734375;23.055419921875;8.055419921875;0.002685546875;0;0;0;0;1;1;0;0;0;0;0;0;0;1;0;0;0;0;0;1;1
29966;13;0;0;1;0;0;0;0;0;1;1;-0.01790364645421505;15;8.052734375;23.055419921875;8.055419921875;0.002685546875;0;0;0;0;1;1;0;0;0;0;0;0;0;1;0;0;0;0;0;1;1
29977;13;0;0;1;0;0;0;0;0;1;1;-0.01790364645421505;15;8.052734375;23.055419921875;8.055419921875;0.002685546875;0;0;0;0;1;1;0;0;0;0;0;0;0;1;0;0;0;0;0;1;1
29986;13;0;0;1;0;0;0;0;0;1;1;-0.01790364645421505;15;8.052734375;23.055419921875;8.055419921875;0.002685546875;0;0;0;0;1;1;0;0;0;0;0;0;0;1;0;0;0;0;0;1;1
29996;13;0;0;1;0;0;0;0;0;1;1;-0.01790364645421505;15;8.052734375;23.055419921875;8.055419921875;0.002685546875;0;0;0;0;1;1;0;0;0;0;0;0;0;1;0;0;0;0;0;1;1
30006;13;0;0;1;0;0;0;0;0;1;1;-0.01790364645421505;15;8.052734375;23.055419921875;8.055419921875;0.002685546875;0;0;0;0;1;1;0;0;0;0;0;0;0;1;0;0;0;0;0;1;1
30016;13;0;0;1;0;0;0;0;0;1;1;-0.01790364645421505;15;8.052734375;23.055419921875;8.055419921875;0.002685546875;0;0;0;0;1;1;0;0;0;0;0;0;0;1;0;0;0;0;0;1;1
30026;13;0;0;1;0;0;0;0;0;1;1;-0.01790364645421505;15;8.052734375;23.055419921875;8.055419921875;0.002685546875;0;0;0;0;1;1;0;0;0;0;0;0;0;1;0;0;0;0;0;1;1
30036;13;0;0;1;0;0;0;0;0;1;1;-0.01790364645421505;15;8.052734375;23.055419921875;8.055419921875;0.002685546875;0;0;0;0;1;1;0;0;0;0;0;0;0;1;0;0;0;0;0;1;1
30046;13;0;0;1;0;0;0;0;0;1;1;-0.01790364645421505;15;8.052734375;23.055419921875;8.055419921875;0.002685546875;0;0;0;0;1;1;0;0;0;0;0;0;0;1;0;0;0;0;0;1;1
30056;13;0;0;1;0;0;0;0;0;1;1;-0.01790364645421505;15;8.052734375;23.055419921875;8.055419921875;0.002685546875;0;0;0;0;1;1;0;0;0;0;0;0;0;1;0;0;0;0;0;1;1
30066;13;0;0;1;0;0;0;0;0;1;1;-0.01790364645421505;15;8.052734375;23.055419921875;8.055419921875;0.002685546875;0;0;0;0;1;1;0;0;0;0;0;0;0;1;0;0;0;0;0;1;1
30076;13;0;0;1;0;0;0;0;0;1;1;-0.01790364645421505;15;8.052734375;23.055419921875;8.055419921875;0.002685546875;0;0;0;0;1;1;0;0;0;0;0;0;0;1;0;0;0;0;0;1;1
30086;13;0;0;1;0;0;0;0;0;1;1;-0.01790364645421505;15;8.052734375;23.055419921875;8.055419921875;0.002685546875;0;0;0;0;1;1;0;0;0;0;0;0;0;1;0;0;0;0;0;1;1
30096;13;0;0;1;0;0;0;0;0;1;1;-0.01790364645421505;15;8.052734375;23.055419921875;8.055419921875;0.002685546875;0;0;0;0;1;1;0;0;0;0;0;0;0;1;0;0;0;0;0;1;1
30106;13;0;0;1;0;0;0;0;0;1;1;-0.01790364645421505;15;8.052734375;23.055419921875;8.055419921875;0.002685546875;0;0;0;0;1;1;0;0;0;0;0;0;0;1;0;0;0;0;0;1;1
30116;13;0;0;1;0;0;0;0;0;1;1;-0.01790364645421505;15;8.052734375;23.055419921875;8.055419921875;0.002685546875;0;0;0;0;1;1;0;0;0;0;0;0;0;1;0;0;0;0;0;1;1
30126;13;0;0;1;0;0;0;0;0;1;1;-0.01790364645421505;15;8.052734375;23.055419921875;8.055419921875;0.002685546875;0;0;0;0;1;1;0;0;0;0;0;0;0;1;0;0;0;0;0;1;1
30137;13;0;0;1;0;0;0;0;0;1;1;-0.01790364645421505;15;8.052734375;23.055419921875;8.055419921875;0.002685546875;0;0;0;0;1;1;0;0;0;0;0;0;0;1;0;0;0;0;0;1;1
30146;13;0;0;1;0;0;0;0;0;1;1;-0.01790364645421505;15;8.052734375;23.055419921875;8.055419921875;0.002685546875;0;0;0;0;1;1;0;0;0;0;0;0;0;1;0;0;0;0;0;1;1
30156;13;0;0;1;0;0;0;0;0;1;1;-0.01790364645421505;15;8.052734375;23.055419921875;8.055419921875;0.002685546875;0;0;0;0;1;1;0;0;0;0;0;0;0;1;0;0;0;0;0;1;1
30166;13;0;0;1;0;0;0;0;0;1;1;-0.01790364645421505;15;8.052734375;23.055419921875;8.055419921875;0.002685546875;0;0;0;0;1;1;0;0;0;0;0;0;0;1;0;0;0;0;0;1;1
30176;13;0;0;1;0;0;0;0;0;1;1;-0.01790364645421505;15;8.052734375;23.055419921875;8.055419921875;0.002685546875;0;0;0;0;1;1;0;0;0;0;0;0;0;1;0;0;0;0;0;1;1
30186;13;0;0;1;0;0;0;0;0;1;1;-0.01790364645421505;15;8.052734375;23.055419921875;8.055419921875;0.002685546875;0;0;0;0;1;1;0;0;0;0;0;0;0;1;0;0;0;0;0;1;1
30196;13;0;0;1;0;0;0;0;0;1;1;-0.01790364645421505;15;8.052734375;23.055419921875;8.055419921875;0.002685546875;0;0;0;0;1;1;0;0;0;0;0;0;0;1;0;0;0;0;0;1;1
30207;13;0;0;1;0;0;0;0;0;1;1;-0.01790364645421505;15;8.052734375;23.055419921875;8.055419921875;0.002685546875;0;0;0;0;1;1;0;0;0;0;0;0;0;1;0;0;0;0;0;1;1
30216;13;0;0;1;0;0;0;0;0;1;1;-0.01790364645421505;15;8.052734375;23.055419921875;8.055419921875;0.002685546875;0;0;0;0;1;1;0;0;0;0;0;0;0;1;0;0;0;0;0;1;1
30226;13;0;0;1;0;0;0;0;0;1;1;-0.01790364645421505;15;8.052734375;23.055419921875;8.055419921875;0.002685546875;0;0;0;0;1;1;0;0;0;0;0;0;0;1;0;0;0;0;0;1;1
30237;13;0;0;1;0;0;0;0;0;1;1;-0.01790364645421505;15;8.052734375;23.055419921875;8.055419921875;0.002685546875;0;0;0;0;1;1;0;0;0;0;0;0;0;1;0;0;0;0;0;1;1
30246;13;0;0;1;0;0;0;0;0;1;1;-0.01790364645421505;15;8.052734375;23.055419921875;8.055419921875;0.002685546875;0;0;0;0;1;1;0;0;0;0;0;0;0;1;0;0;0;0;0;1;1
30256;13;0;0;1;0;0;0;0;0;1;1;-0.01790364645421505;15;8.052734375;23.055419921875;8.055419921875;0.002685546875;0;0;0;0;1;1;0;0;0;0;0;0;0;1;0;0;0;0;0;1;1
30266;13;0;0;1;0;0;0;0;0;1;1;-0.01790364645421505;15;8.052734375;23.055419921875;8.055419921875;0.002685546875;0;0;0;0;1;1;0;0;0;0;0;0;0;1;0;0;0;0;0;1;1
30276;13;0;0;1;0;0;0;0;0;1;1;-0.01790364645421505;15;8.052734375;23.055419921875;8.055419921875;0.002685546875;0;0;0;0;1;1;0;0;0;0;0;0;0;1;0;0;0;0;0;1;1
30286;13;0;0;1;0;0;0;0;0;1;1;-0.01790364645421505;15;8.052734375;23.055419921875;8.055419921875;0.002685546875;0;0;0;0;1;1;0;0;0;0;0;0;0;1;0;0;0;0;0;1;1
30296;13;0;0;1;0;0;0;0;0;1;1;-0.01790364645421505;15;8.052734375;23.055419921875;8.055419921875;0.002685546875;0;0;0;0;1;1;0;0;0;0;0;0;0;1;0;0;0;0;0;1;1
30307;13;0;0;1;0;0;0;0;0;1;1;-0.01790364645421505;15;8.052734375;23.055419921875;8.055419921875;0.002685546875;0;0;0;0;1;1;0;0;0;0;0;0;0;1;0;0;0;0;0;1;1
30316;13;0;0;1;0;0;0;0;0;1;1;-0.01790364645421505;15;8.052734375;23.055419921875;8.055419921875;0.002685546875;0;0;0;0;1;1;0;0;0;0;0;0;0;1;0;0;0;0;0;1;1
30326;13;0;0;1;0;0;0;0;0;1;1;-0.01790364645421505;15;8.052734375;23.055419921875;8.055419921875;0.002685546875;0;0;0;0;1;1;0;0;0;0;0;0;0;1;0;0;0;0;0;1;1
30336;13;0;0;1;0;0;0;0;0;1;1;-0.01627604104578495;15;8.052978515625;23.055419921875;8.055419921875;0.00244140625;0;0;0;0;1;1;0;0;0;0;0;0;0;1;0;0;0;0;0;1;1
30346;13;0;0;1;0;0;0;0;0;1;1;-0.01627604104578495;15;8.052978515625;23.055419921875;8.055419921875;0.00244140625;0;0;0;0;1;1;0;0;0;0;0;0;0;1;0;0;0;0;0;1;1
30356;13;0;0;1;0;0;0;0;0;1;1;-0.01627604104578495;15;8.052978515625;23.055419921875;8.055419921875;0.00244140625;0;0;0;0;1;1;0;0;0;0;0;0;0;1;0;0;0;0;0;1;1
30367;13;0;0;1;0;0;0;0;0;1;1;-0.01627604104578495;15;8.052978515625;23.055419921875;8.055419921875;0.00244140625;0;0;0;0;1;1;0;0;0;0;0;0;0;1;0;0;0;0;0;1;1
30376;13;0;0;1;0;0;0;0;0;1;1;-0.01627604104578495;15;8.052978515625;23.055419921875;8.055419921875;0.00244140625;0;0;0;0;1;1;0;0;0;0;0;0;0;1;0;0;0;0;0;1;1
30386;13;0;0;1;0;0;0;0;0;1;1;-0.01627604104578495;15;8.052978515625;23.055419921875;8.055419921875;0.00244140625;0;0;0;0;1;1;0;0;0;0;0;0;0;1;0;0;0;0;0;1;1
30396;13;0;0;1;0;0;0;0;0;1;1;-0.01627604104578495;15;8.052978515625;23.055419921875;8.055419921875;0.00244140625;0;0;0;0;1;1;0;0;0;0;0;0;0;1;0;0;0;0;0;1;1
30406;13;0;0;1;0;0;0;0;0;1;1;-0.01627604104578495;15;8.052978515625;23.055419921875;8.055419921875;0.00244140625;0;0;0;0;1;1;0;0;0;0;0;0;0;1;0;0;0;0;0;1;1
30416;13;0;0;1;0;0;0;0;0;1;1;-0.01627604104578495;15;8.052978515625;23.055419921875;8.055419921875;0.00244140625;0;0;0;0;1;1;0;0;0;0;0;0;0;1;0;0;0;0;0;1;1
30426;13;0;0;1;0;0;0;0;0;1;1;-0.01627604104578495;15;8.052978515625;23.055419921875;8.055419921875;0.00244140625;0;0;0;0;1;1;0;0;0;0;0;0;0;1;0;0;0;0;0;1;1
30436;13;0;0;1;0;0;0;0;0;1;1;-0.01627604104578495;15;8.052978515625;23.055419921875;8.055419921875;0.00244140625;0;0;0;0;1;1;0;0;0;0;0;0;0;1;0;0;0;0;0;1;1
30446;13;0;0;1;0;0;0;0;0;1;1;-0.01627604104578495;15;8.052978515625;23.055419921875;8.055419921875;0.00244140625;0;0;0;0;1;1;0;0;0;0;0;0;0;1;0;0;0;0;0;1;1
30456;13;0;0;1;0;0;0;0;0;1;1;-0.01627604104578495;15;8.052978515625;23.055419921875;8.055419921875;0.00244140625;0;0;0;0;1;1;0;0;0;0;0;0;0;1;0;0;0;0;0;1;1
30467;13;0;0;1;0;0;0;0;0;1;1;-0.01627604104578495;15;8.052978515625;23.055419921875;8.055419921875;0.00244140625;0;0;0;0;1;1;0;0;0;0;0;0;0;1;0;0;0;0;0;1;1
30476;13;0;0;1;0;0;0;0;0;1;1;-0.01627604104578495;15;8.052978515625;23.055419921875;8.055419921875;0.00244140625;0;0;0;0;1;1;0;0;0;0;0;0;0;1;0;0;0;0;0;1;1
30488;13;0;0;1;0;0;0;0;0;1;1;-0.01627604104578495;15;8.052978515625;23.055419921875;8.055419921875;0.00244140625;0;0;0;0;1;1;0;0;0;0;0;0;0;1;0;0;0;0;0;1;1
30496;13;0;0;1;0;0;0;0;0;1;1;-0.01627604104578495;15;8.052978515625;23.055419921875;8.055419921875;0.00244140625;0;0;0;0;1;1;0;0;0;0;0;0;0;1;0;0;0;0;0;1;1
30506;13;0;0;1;0;0;0;0;0;1;1;-0.01627604104578495;15;8.052978515625;23.055419921875;8.055419921875;0.00244140625;0;0;0;0;1;1;0;0;0;0;0;0;0;1;0;0;0;0;0;1;1
30516;13;0;0;1;0;0;0;0;0;1;1;-0.01627604104578495;15;8.052978515625;23.055419921875;8.055419921875;0.00244140625;0;0;0;0;1;1;0;0;0;0;0;0;0;1;0;0;0;0;0;1;1
30526;13;0;0;1;0;0;0;0;0;1;1;-0.01627604104578495;15;8.052978515625;23.055419921875;8.055419921875;0.00244140625;0;0;0;0;1;1;0;0;0;0;0;0;0;1;0;0;0;0;0;1;1
30537;13;0;0;1;0;0;0;0;0;1;1;-0.01627604104578495;15;8.052978515625;23.055419921875;8.055419921875;0.00244140625;0;0;0;0;1;1;0;0;0;0;0;0;0;1;0;0;0;0;0;1;1
30546;13;0;0;1;0;0;0;0;0;1;1;-0.01627604104578495;15;8.052978515625;23.055419921875;8.055419921875;0.00244140625;0;0;0;0;1;1;0;0;0;0;0;0;0;1;0;0;0;0;0;1;1
30556;13;0;0;1;0;0;0;0;0;1;1;-0.01627604104578495;15;8.052978515625;23.055419921875;8.055419921875;0.00244140625;0;0;0;0;1;1;0;0;0;0;0;0;0;1;0;0;0;0;0;1;1
30567;13;0;0;1;0;0;0;0;0;1;1;-0.01627604104578495;15;8.052978515625;23.055419921875;8.055419921875;0.00244140625;0;0;0;0;1;1;0;0;0;0;0;0;0;1;0;0;0;0;0;1;1
30576;13;0;0;1;0;0;0;0;0;1;1;-0.01627604104578495;15;8.052978515625;23.055419921875;8.055419921875;0.00244140625;0;0;0;0;1;1;0;0;0;0;0;0;0;1;0;0;0;0;0;1;1
30586;13;0;0;1;0;0;0;0;0;1;1;-0.01627604104578495;15;8.052978515625;23.055419921875;8.055419921875;0.00244140625;0;0;0;0;1;1;0;0;0;0;0;0;0;1;0;0;0;0;0;1;1
30596;13;0;0;1;0;0;0;0;0;1;1;-0.01627604104578495;15;8.052978515625;23.055419921875;8.055419921875;0.00244140625;0;0;0;0;1;1;0;0;0;0;0;0;0;1;0;0;0;0;0;1;1
30606;13;0;0;1;0;0;0;0;0;1;1;-0.01627604104578495;15;8.052978515625;23.055419921875;8.055419921875;0.00244140625;0;0;0;0;1;1;0;0;0;0;0;0;0;1;0;0;0;0;0;1;1
30616;13;0;0;1;0;0;0;0;0;1;1;-0.01627604104578495;15;8.052978515625;23.055419921875;8.055419921875;0.00244140625;0;0;0;0;1;1;0;0;0;0;0;0;0;1;0;0;0;0;0;1;1
30626;13;0;0;1;0;0;0;0;0;1;1;-0.01627604104578495;15;8.052978515625;23.055419921875;8.055419921875;0.00244140625;0;0;0;0;1;1;0;0;0;0;0;0;0;1;0;0;0;0;0;1;1
30637;13;0;0;1;0;0;0;0;0;1;1;-0.01627604104578495;15;8.052978515625;23.055419921875;8.055419921875;0.00244140625;0;0;0;0;1;1;0;0;0;0;0;0;0;1;0;0;0;0;0;1;1
30646;13;0;0;1;0;0;0;0;0;1;1;-0.01627604104578495;15;8.052978515625;23.055419921875;8.055419921875;0.00244140625;0;0;0;0;1;1;0;0;0;0;0;0;0;1;0;0;0;0;0;1;1
30656;13;0;0;1;0;0;0;0;0;1;1;-0.01627604104578495;15;8.052978515625;23.055419921875;8.055419921875;0.00244140625;0;0;0;0;1;1;0;0;0;0;0;0;0;1;0;0;0;0;0;1;1
30666;13;0;0;1;0;0;0;0;0;1;1;-0.01627604104578495;15;8.052978515625;23.055419921875;8.055419921875;0.00244140625;0;0;0;0;1;1;0;0;0;0;0;0;0;1;0;0;0;0;0;1;1
30676;13;0;0;1;0;0;0;0;0;1;1;-0.01627604104578495;15;8.052978515625;23.055419921875;8.055419921875;0.00244140625;0;0;0;0;1;1;0;0;0;0;0;0;0;1;0;0;0;0;0;1;1
30686;13;0;0;1;0;0;0;0;0;1;1;-0.01627604104578495;15;8.052978515625;23.055419921875;8.055419921875;0.00244140625;0;0;0;0;1;1;0;0;0;0;0;0;0;1;0;0;0;0;0;1;1
30696;13;0;0;1;0;0;0;0;0;1;1;-0.01627604104578495;15;8.052978515625;23.055419921875;8.055419921875;0.00244140625;0;0;0;0;1;1;0;0;0;0;0;0;0;1;0;0;0;0;0;1;1
30706;13;0;0;1;0;0;0;0;0;1;1;-0.01627604104578495;15;8.052978515625;23.055419921875;8.055419921875;0.00244140625;0;0;0;0;1;1;0;0;0;0;0;0;0;1;0;0;0;0;0;1;1
30716;13;0;0;1;0;0;0;0;0;1;1;-0.01627604104578495;15;8.052978515625;23.055419921875;8.055419921875;0.00244140625;0;0;0;0;1;1;0;0;0;0;0;0;0;1;0;0;0;0;0;1;1
30726;13;0;0;1;0;0;0;0;0;1;1;-0.01627604104578495;15;8.052978515625;23.055419921875;8.055419921875;0.00244140625;0;0;0;0;1;1;0;0;0;0;0;0;0;1;0;0;0;0;0;1;1
30736;13;0;0;1;0;0;0;0;0;1;1;-0.01627604104578495;15;8.052978515625;23.055419921875;8.055419921875;0.00244140625;0;0;0;0;1;1;0;0;0;0;0;0;0;1;0;0;0;0;0;1;1
30746;13;0;0;1;0;0;0;0;0;1;1;-0.01627604104578495;15;8.052978515625;23.055419921875;8.055419921875;0.00244140625;0;0;0;0;1;1;0;0;0;0;0;0;0;1;0;0;0;0;0;1;1
30756;13;0;0;1;0;0;0;0;0;1;1;-0.01627604104578495;15;8.052978515625;23.055419921875;8.055419921875;0.00244140625;0;0;0;0;1;1;0;0;0;0;0;0;0;1;0;0;0;0;0;1;1
30766;13;0;0;1;0;0;0;0;0;1;1;-0.01627604104578495;15;8.052978515625;23.055419921875;8.055419921875;0.00244140625;0;0;0;0;1;1;0;0;0;0;0;0;0;1;0;0;0;0;0;1;1
30776;13;0;0;1;0;0;0;0;0;1;1;-0.01627604104578495;15;8.052978515625;23.055419921875;8.055419921875;0.00244140625;0;0;0;0;1;1;0;0;0;0;0;0;0;1;0;0;0;0;0;1;1
30786;13;0;0;1;0;0;0;0;0;1;1;-0.01627604104578495;15;8.052978515625;23.055419921875;8.055419921875;0.00244140625;0;0;0;0;1;1;0;0;0;0;0;0;0;1;0;0;0;0;0;1;1
30800;13;0;0;1;0;0;0;0;0;1;1;-0.01627604104578495;15;8.052978515625;23.055419921875;8.055419921875;0.00244140625;0;0;0;0;1;1;0;0;0;0;0;0;0;1;0;0;0;0;0;1;1
30807;13;0;0;1;0;0;0;0;0;1;1;-0.01627604104578495;15;8.052978515625;23.055419921875;8.055419921875;0.00244140625;0;0;0;0;1;1;0;0;0;0;0;0;0;1;0;0;0;0;0;1;1
30816;13;0;0;1;0;0;0;0;0;1;1;-0.01627604104578495;15;8.052978515625;23.055419921875;8.055419921875;0.00244140625;0;0;0;0;1;1;0;0;0;0;0;0;0;1;0;0;0;0;0;1;1
30826;13;0;0;1;0;0;0;0;0;1;1;-0.01627604104578495;15;8.052978515625;23.055419921875;8.055419921875;0.00244140625;0;0;0;0;1;1;0;0;0;0;0;0;0;1;0;0;0;0;0;1;1
30836;13;0;0;1;0;0;0;0;0;1;1;-0.01627604104578495;15;8.052978515625;23.055419921875;8.055419921875;0.00244140625;0;0;0;0;1;1;0;0;0;0;0;0;0;1;0;0;0;0;0;1;1
30846;13;0;0;1;0;0;0;0;0;1;1;-0.01627604104578495;15;8.052978515625;23.055419921875;8.055419921875;0.00244140625;0;0;0;0;1;1;0;0;0;0;0;0;0;1;0;0;0;0;0;1;1
30856;13;0;0;1;0;0;0;0;0;1;1;-0.01627604104578495;15;8.052978515625;23.055419921875;8.055419921875;0.00244140625;0;0;0;0;1;1;0;0;0;0;0;0;0;1;0;0;0;0;0;1;1
30867;13;0;0;1;0;0;0;0;0;1;1;-0.01627604104578495;15;8.052978515625;23.055419921875;8.055419921875;0.00244140625;0;0;0;0;1;1;0;0;0;0;0;0;0;1;0;0;0;0;0;1;1
30876;13;0;0;1;0;0;0;0;0;1;1;-0.01627604104578495;15;8.052978515625;23.055419921875;8.055419921875;0.00244140625;0;0;0;0;1;1;0;0;0;0;0;0;0;1;0;0;0;0;0;1;1
30906;13;0;0;1;0;0;0;0;0;1;1;-0.01627604104578495;15;8.052978515625;23.055419921875;8.055419921875;0.00244140625;0;0;0;0;1;1;0;0;0;0;0;0;0;1;0;0;0;0;0;1;1
30916;13;0;0;1;0;0;0;0;0;1;1;-0.01627604104578495;15;8.052978515625;23.055419921875;8.055419921875;0.00244140625;0;0;0;0;1;1;0;0;0;0;0;0;0;1;0;0;0;0;0;1;1
30926;13;0;0;1;0;0;0;0;0;1;1;-0.01627604104578495;15;8.052978515625;23.055419921875;8.055419921875;0.00244140625;0;0;0;0;1;1;0;0;0;0;0;0;0;1;0;0;0;0;0;1;1
30936;13;0;0;1;0;0;0;0;0;1;1;-0.01627604104578495;15;8.052978515625;23.055419921875;8.055419921875;0.00244140625;0;0;0;0;1;1;0;0;0;0;0;0;0;1;0;0;0;0;0;1;1
30946;13;0;0;1;0;0;0;0;0;1;1;-0.01627604104578495;15;8.052978515625;23.055419921875;8.055419921875;0.00244140625;0;0;0;0;1;1;0;0;0;0;0;0;0;1;0;0;0;0;0;1;1
30956;13;0;0;1;0;0;0;0;0;1;1;-0.01627604104578495;15;8.052978515625;23.055419921875;8.055419921875;0.00244140625;0;0;0;0;1;1;0;0;0;0;0;0;0;1;0;0;0;0;0;1;1
30967;13;0;0;1;0;0;0;0;0;1;1;-0.01627604104578495;15;8.052978515625;23.055419921875;8.055419921875;0.00244140625;0;0;0;0;1;1;0;0;0;0;0;0;0;1;0;0;0;0;0;1;1
30976;13;0;0;1;0;0;0;0;0;1;1;-0.01627604104578495;15;8.052978515625;23.055419921875;8.055419921875;0.00244140625;0;0;0;0;1;1;0;0;0;0;0;0;0;1;0;0;0;0;0;1;1
30986;13;0;0;1;0;0;0;0;0;1;1;-0.01627604104578495;15;8.052978515625;23.055419921875;8.055419921875;0.00244140625;0;0;0;0;1;1;0;0;0;0;0;0;0;1;0;0;0;0;0;1;1
30996;13;0;0;1;0;0;0;0;0;1;1;-0.01627604104578495;15;8.052978515625;23.055419921875;8.055419921875;0.00244140625;0;0;0;0;1;1;0;0;0;0;0;0;0;1;0;0;0;0;0;1;1
31006;13;0;0;1;0;0;0;0;0;1;1;-0.01627604104578495;15;8.052978515625;23.055419921875;8.055419921875;0.00244140625;0;0;0;0;1;1;0;0;0;0;0;0;0;1;0;0;0;0;0;1;1
31016;13;0;0;1;0;0;0;0;0;1;1;-0.01627604104578495;15;8.052978515625;23.055419921875;8.055419921875;0.00244140625;0;0;0;0;1;1;0;0;0;0;0;0;0;1;0;0;0;0;0;1;1
31027;13;0;0;1;0;0;0;0;0;1;1;-0.01627604104578495;15;8.052978515625;23.055419921875;8.055419921875;0.00244140625;0;0;0;0;1;1;0;0;0;0;0;0;0;1;0;0;0;0;0;1;1
31038;13;0;0;1;0;0;0;0;0;1;1;-0.01627604104578495;15;8.052978515625;23.055419921875;8.055419921875;0.00244140625;0;0;0;0;1;1;0;0;0;0;0;0;0;1;0;0;0;0;0;1;1
31047;13;0;0;1;0;0;0;0;0;1;1;-0.01627604104578495;15;8.052978515625;23.055419921875;8.055419921875;0.00244140625;0;0;0;0;1;1;0;0;0;0;0;0;0;1;0;0;0;0;0;1;1
31056;13;0;0;1;0;0;0;0;0;1;1;-0.01627604104578495;15;8.052978515625;23.055419921875;8.055419921875;0.00244140625;0;0;0;0;1;1;0;0;0;0;0;0;0;1;0;0;0;0;0;1;1
31066;13;0;0;1;0;0;0;0;0;1;1;-0.01627604104578495;15;8.052978515625;23.055419921875;8.055419921875;0.00244140625;0;0;0;0;1;1;0;0;0;0;0;0;0;1;0;0;0;0;0;1;1
31076;13;0;0;1;0;0;0;0;0;1;1;-0.01627604104578495;15;8.052978515625;23.055419921875;8.055419921875;0.00244140625;0;0;0;0;1;1;0;0;0;0;0;0;0;1;0;0;0;0;0;1;1
31087;13;0;0;1;0;0;0;0;0;1;1;-0.01627604104578495;15;8.052978515625;23.055419921875;8.055419921875;0.00244140625;0;0;0;0;1;1;0;0;0;0;0;0;0;1;0;0;0;0;0;1;1
31096;13;0;0;1;0;0;0;0;0;1;1;-0.01627604104578495;15;8.052978515625;23.055419921875;8.055419921875;0.00244140625;0;0;0;0;1;1;0;0;0;0;0;0;0;1;0;0;0;0;0;1;1
31107;13;0;0;1;0;0;0;0;0;1;1;-0.01627604104578495;15;8.052978515625;23.055419921875;8.055419921875;0.00244140625;0;0;0;0;1;1;0;0;0;0;0;0;0;1;0;0;0;0;0;1;1
31116;13;0;0;1;0;0;0;0;0;1;1;-0.01627604104578495;15;8.052978515625;23.055419921875;8.055419921875;0.00244140625;0;0;0;0;1;1;0;0;0;0;0;0;0;1;0;0;0;0;0;1;1
31127;13;0;0;1;0;0;0;0;0;1;1;-0.01627604104578495;15;8.052978515625;23.055419921875;8.055419921875;0.00244140625;0;0;0;0;1;1;0;0;0;0;0;0;0;1;0;0;0;0;0;1;1
31136;13;0;0;1;0;0;0;0;0;1;1;-0.01627604104578495;15;8.052978515625;23.055419921875;8.055419921875;0.00244140625;0;0;0;0;1;1;0;0;0;0;0;0;0;1;0;0;0;0;0;1;1
31146;13;0;0;1;0;0;0;0;0;1;1;-0.01627604104578495;15;8.052978515625;23.055419921875;8.055419921875;0.00244140625;0;0;0;0;1;1;0;0;0;0;0;0;0;1;0;0;0;0;0;1;1
31156;13;0;0;1;0;0;0;0;0;1;1;-0.01627604104578495;15;8.052978515625;23.055419921875;8.055419921875;0.00244140625;0;0;0;0;1;1;0;0;0;0;0;0;0;1;0;0;0;0;0;1;1
31166;13;0;0;1;0;0;0;0;0;1;1;-0.01627604104578495;15;8.052978515625;23.055419921875;8.055419921875;0.00244140625;0;0;0;0;1;1;0;0;0;0;0;0;0;1;0;0;0;0;0;1;1
31176;13;0;0;1;0;0;0;0;0;1;1;-0.01627604104578495;15;8.052978515625;23.055419921875;8.055419921875;0.00244140625;0;0;0;0;1;1;0;0;0;0;0;0;0;1;0;0;0;0;0;1;1
31186;13;0;0;1;0;0;0;0;0;1;1;-0.01627604104578495;15;8.052978515625;23.055419921875;8.055419921875;0.00244140625;0;0;0;0;1;1;0;0;0;0;0;0;0;1;0;0;0;0;0;1;1
31197;13;0;0;1;0;0;0;0;0;1;1;-0.01627604104578495;15;8.052978515625;23.055419921875;8.055419921875;0.00244140625;0;0;0;0;1;1;0;0;0;0;0;0;0;1;0;0;0;0;0;1;1
31206;13;0;0;1;0;0;0;0;0;1;1;-0.01627604104578495;15;8.052978515625;23.055419921875;8.055419921875;0.00244140625;0;0;0;0;1;1;0;0;0;0;0;0;0;1;0;0;0;0;0;1;1
31216;13;0;0;1;0;0;0;0;0;1;1;-0.01627604104578495;15;8.052978515625;23.055419921875;8.055419921875;0.00244140625;0;0;0;0;1;1;0;0;0;0;0;0;0;1;0;0;0;0;0;1;1
31227;13;0;0;1;0;0;0;0;0;1;1;-0.01627604104578495;15;8.052978515625;23.055419921875;8.055419921875;0.00244140625;0;0;0;0;1;1;0;0;0;0;0;0;0;1;0;0;0;0;0;1;1
31236;13;0;0;1;0;0;0;0;0;1;1;-0.01627604104578495;15;8.052978515625;23.055419921875;8.055419921875;0.00244140625;0;0;0;0;1;1;0;0;0;0;0;0;0;1;0;0;0;0;0;1;1
31246;13;0;0;1;0;0;0;0;0;1;1;-0.01627604104578495;15;8.052978515625;23.055419921875;8.055419921875;0.00244140625;0;0;0;0;1;1;0;0;0;0;0;0;0;1;0;0;0;0;0;1;1
31259;13;0;0;1;0;0;0;0;0;1;1;-0.01627604104578495;15;8.052978515625;23.055419921875;8.055419921875;0.00244140625;0;0;0;0;1;1;0;0;0;0;0;0;0;1;0;0;0;0;0;1;1
31267;13;0;0;1;0;0;0;0;0;1;1;-0.01627604104578495;15;8.052978515625;23.055419921875;8.055419921875;0.00244140625;0;0;0;0;1;1;0;0;0;0;0;0;0;1;0;0;0;0;0;1;1
31276;13;0;0;1;0;0;0;0;0;1;1;-0.01627604104578495;15;8.052978515625;23.055419921875;8.055419921875;0.00244140625;0;0;0;0;1;1;0;0;0;0;0;0;0;1;0;0;0;0;0;1;1
31286;13;0;0;1;0;0;0;0;0;1;1;-0.01627604104578495;15;8.052978515625;23.055419921875;8.055419921875;0.00244140625;0;0;0;0;1;1;0;0;0;0;0;0;0;1;0;0;0;0;0;1;1
31296;13;0;0;1;0;0;0;0;0;1;1;-0.01627604104578495;15;8.052978515625;23.055419921875;8.055419921875;0.00244140625;0;0;0;0;1;1;0;0;0;0;0;0;0;1;0;0;0;0;0;1;1
31306;13;0;0;1;0;0;0;0;0;1;1;-0.01627604104578495;15;8.052978515625;23.055419921875;8.055419921875;0.00244140625;0;0;0;0;1;1;0;0;0;0;0;0;0;1;0;0;0;0;0;1;1
31316;13;0;0;1;0;0;0;0;0;1;1;-0.01627604104578495;15;8.052978515625;23.055419921875;8.055419921875;0.00244140625;0;0;0;0;1;1;0;0;0;0;0;0;0;1;0;0;0;0;0;1;1
31326;13;0;0;1;0;0;0;0;0;1;1;-0.01627604104578495;15;8.052978515625;23.055419921875;8.055419921875;0.00244140625;0;0;0;0;1;1;0;0;0;0;0;0;0;1;0;0;0;0;0;1;1
31336;13;0;0;1;0;0;0;0;0;1;1;-0.01627604104578495;15;8.052978515625;23.055419921875;8.055419921875;0.00244140625;0;0;0;0;1;1;0;0;0;0;0;0;0;1;0;0;0;0;0;1;1
31346;13;0;0;1;0;0;0;0;0;1;1;-0.01627604104578495;15;8.052978515625;23.055419921875;8.055419921875;0.00244140625;0;0;0;0;1;1;0;0;0;0;0;0;0;1;0;0;0;0;0;1;1
31356;13;0;0;1;0;0;0;0;0;1;1;-0.01627604104578495;15;8.052978515625;23.055419921875;8.055419921875;0.00244140625;0;0;0;0;1;1;0;0;0;0;0;0;0;1;0;0;0;0;0;1;1
31366;13;0;0;1;0;0;0;0;0;1;1;-0.01627604104578495;15;8.052978515625;23.055419921875;8.055419921875;0.00244140625;0;0;0;0;1;1;0;0;0;0;0;0;0;1;0;0;0;0;0;1;1
31376;13;0;0;1;0;0;0;0;0;1;1;-0.01627604104578495;15;8.052978515625;23.055419921875;8.055419921875;0.00244140625;0;0;0;0;1;1;0;0;0;0;0;0;0;1;0;0;0;0;0;1;1
31386;13;0;0;1;0;0;0;0;0;1;1;-0.01627604104578495;15;8.052978515625;23.055419921875;8.055419921875;0.00244140625;0;0;0;0;1;1;0;0;0;0;0;0;0;1;0;0;0;0;0;1;1
31396;13;0;0;1;0;0;0;0;0;1;1;-0.01627604104578495;15;8.052978515625;23.055419921875;8.055419921875;0.00244140625;0;0;0;0;1;1;0;0;0;0;0;0;0;1;0;0;0;0;0;1;1
31406;13;0;0;1;0;0;0;0;0;1;1;-0.01627604104578495;15;8.052978515625;23.055419921875;8.055419921875;0.00244140625;0;0;0;0;1;1;0;0;0;0;0;0;0;1;0;0;0;0;0;1;1
31416;13;0;0;1;0;0;0;0;0;1;1;-0.01627604104578495;15;8.052978515625;23.055419921875;8.055419921875;0.00244140625;0;0;0;0;1;1;0;0;0;0;0;0;0;1;0;0;0;0;0;1;1
31427;13;0;0;1;0;0;0;0;0;1;1;-0.01627604104578495;15;8.052978515625;23.055419921875;8.055419921875;0.00244140625;0;0;0;0;1;1;0;0;0;0;0;0;0;1;0;0;0;0;0;1;1
31436;13;0;0;1;0;0;0;0;0;1;1;-0.01627604104578495;15;8.052978515625;23.055419921875;8.055419921875;0.00244140625;0;0;0;0;1;1;0;0;0;0;0;0;0;1;0;0;0;0;0;1;1
31446;13;0;0;1;0;0;0;0;0;1;1;-0.01627604104578495;15;8.052978515625;23.055419921875;8.055419921875;0.00244140625;0;0;0;0;1;1;0;0;0;0;0;0;0;1;0;0;0;0;0;1;1
31457;13;0;0;1;0;0;0;0;0;1;1;-0.01627604104578495;15;8.052978515625;23.055419921875;8.055419921875;0.00244140625;0;0;0;0;1;1;0;0;0;0;0;0;0;1;0;0;0;0;0;1;1
31466;13;0;0;1;0;0;0;0;0;1;1;-0.01627604104578495;15;8.052978515625;23.055419921875;8.055419921875;0.00244140625;0;0;0;0;1;1;0;0;0;0;0;0;0;1;0;0;0;0;0;1;1
31476;13;0;0;1;0;0;0;0;0;1;1;-0.01627604104578495;15;8.052978515625;23.055419921875;8.055419921875;0.00244140625;0;0;0;0;1;1;0;0;0;0;0;0;0;1;0;0;0;0;0;1;1
31488;13;0;0;1;0;0;0;0;0;1;1;-0.01627604104578495;15;8.052978515625;23.055419921875;8.055419921875;0.00244140625;0;0;0;0;1;1;0;0;0;0;0;0;0;1;0;0;0;0;0;1;1
31496;13;0;0;1;0;0;0;0;0;1;1;-0.01627604104578495;15;8.052978515625;23.055419921875;8.055419921875;0.00244140625;0;0;0;0;1;1;0;0;0;0;0;0;0;1;0;0;0;0;0;1;1
31506;13;0;0;1;0;0;0;0;0;1;1;-0.01627604104578495;15;8.052978515625;23.055419921875;8.055419921875;0.00244140625;0;0;0;0;1;1;0;0;0;0;0;0;0;1;0;0;0;0;0;1;1
31516;13;0;0;1;0;0;0;0;0;1;1;-0.01627604104578495;15;8.052978515625;23.055419921875;8.055419921875;0.00244140625;0;0;0;0;1;1;0;0;0;0;0;0;0;1;0;0;0;0;0;1;1
31527;13;0;0;1;0;0;0;0;0;1;1;-0.01627604104578495;15;8.052978515625;23.055419921875;8.055419921875;0.00244140625;0;0;0;0;1;1;0;0;0;0;0;0;0;1;0;0;0;0;0;1;1
31536;13;0;0;1;0;0;0;0;0;1;1;-0.01627604104578495;15;8.052978515625;23.055419921875;8.055419921875;0.00244140625;0;0;0;0;1;1;0;0;0;0;0;0;0;1;0;0;0;0;0;1;1
31546;13;0;0;1;0;0;0;0;0;1;1;-0.01627604104578495;15;8.052978515625;23.055419921875;8.055419921875;0.00244140625;0;0;0;0;1;1;0;0;0;0;0;0;0;1;0;0;0;0;0;1;1
31556;13;0;0;1;0;0;0;0;0;1;1;-0.01627604104578495;15;8.052978515625;23.055419921875;8.055419921875;0.00244140625;0;0;0;0;1;1;0;0;0;0;0;0;0;1;0;0;0;0;0;1;1
31566;13;0;0;1;0;0;0;0;0;1;1;-0.01627604104578495;15;8.052978515625;23.055419921875;8.055419921875;0.00244140625;0;0;0;0;1;1;0;0;0;0;0;0;0;1;0;0;0;0;0;1;1
31576;13;0;0;1;0;0;0;0;0;1;1;-0.01627604104578495;15;8.052978515625;23.055419921875;8.055419921875;0.00244140625;0;0;0;0;1;1;0;0;0;0;0;0;0;1;0;0;0;0;0;1;1
31586;13;0;0;1;0;0;0;0;0;1;1;-0.01627604104578495;15;8.052978515625;23.055419921875;8.055419921875;0.00244140625;0;0;0;0;1;1;0;0;0;0;0;0;0;1;0;0;0;0;0;1;1
31596;13;0;0;1;0;0;0;0;0;1;1;-0.01627604104578495;15;8.052978515625;23.055419921875;8.055419921875;0.00244140625;0;0;0;0;1;1;0;0;0;0;0;0;0;1;0;0;0;0;0;1;1
31606;13;0;0;1;0;0;0;0;0;1;1;-0.01627604104578495;15;8.052978515625;23.055419921875;8.055419921875;0.00244140625;0;0;0;0;1;1;0;0;0;0;0;0;0;1;0;0;0;0;0;1;1
31616;13;0;0;1;0;0;0;0;0;1;1;-0.01627604104578495;15;8.052978515625;23.055419921875;8.055419921875;0.00244140625;0;0;0;0;1;1;0;0;0;0;0;0;0;1;0;0;0;0;0;1;1
31627;13;0;0;1;0;0;0;0;0;1;1;-0.01627604104578495;15;8.052978515625;23.055419921875;8.055419921875;0.00244140625;0;0;0;0;1;1;0;0;0;0;0;0;0;1;0;0;0;0;0;1;1
31636;13;0;0;1;0;0;0;0;0;1;1;-0.01627604104578495;15;8.052978515625;23.055419921875;8.055419921875;0.00244140625;0;0;0;0;1;1;0;0;0;0;0;0;0;1;0;0;0;0;0;1;1
31646;13;0;0;1;0;0;0;0;0;1;1;-0.01627604104578495;15;8.052978515625;23.055419921875;8.055419921875;0.00244140625;0;0;0;0;1;1;0;0;0;0;0;0;0;1;0;0;0;0;0;1;1
31656;13;0;0;1;0;0;0;0;0;1;1;-0.01627604104578495;15;8.052978515625;23.055419921875;8.055419921875;0.00244140625;0;0;0;0;1;1;0;0;0;0;0;0;0;1;0;0;0;0;0;1;1
31666;13;0;0;1;0;0;0;0;0;1;1;-0.01627604104578495;15;8.052978515625;23.055419921875;8.055419921875;0.00244140625;0;0;0;0;1;1;0;0;0;0;0;0;0;1;0;0;0;0;0;1;1
31676;13;0;0;1;0;0;0;0;0;1;1;-0.01627604104578495;15;8.052978515625;23.055419921875;8.055419921875;0.00244140625;0;0;0;0;1;1;0;0;0;0;0;0;0;1;0;0;0;0;0;1;1
31686;13;0;0;1;0;0;0;0;0;1;1;-0.01627604104578495;15;8.052978515625;23.055419921875;8.055419921875;0.00244140625;0;0;0;0;1;1;0;0;0;0;0;0;0;1;0;0;0;0;0;1;1
31696;13;0;0;1;0;0;0;0;0;1;1;-0.01627604104578495;15;8.052978515625;23.055419921875;8.055419921875;0.00244140625;0;0;0;0;1;1;0;0;0;0;0;0;0;1;0;0;0;0;0;1;1
31706;13;0;0;1;0;0;0;0;0;1;1;-0.01627604104578495;15;8.052978515625;23.055419921875;8.055419921875;0.00244140625;0;0;0;0;1;1;0;0;0;0;0;0;0;1;0;0;0;0;0;1;1
31716;13;0;0;1;0;0;0;0;0;1;1;-0.01627604104578495;15;8.052978515625;23.055419921875;8.055419921875;0.00244140625;0;0;0;0;1;1;0;0;0;0;0;0;0;1;0;0;0;0;0;1;1
31727;13;0;0;1;0;0;0;0;0;1;1;-0.01627604104578495;15;8.052978515625;23.055419921875;8.055419921875;0.00244140625;0;0;0;0;1;1;0;0;0;0;0;0;0;1;0;0;0;0;0;1;1
31736;13;0;0;1;0;0;0;0;0;1;1;-0.01627604104578495;15;8.052978515625;23.055419921875;8.055419921875;0.00244140625;0;0;0;0;1;1;0;0;0;0;0;0;0;1;0;0;0;0;0;1;1
31746;13;0;0;1;0;0;0;0;0;1;1;-0.01627604104578495;15;8.052978515625;23.055419921875;8.055419921875;0.00244140625;0;0;0;0;1;1;0;0;0;0;0;0;0;1;0;0;0;0;0;1;1
31756;13;0;0;1;0;0;0;0;0;1;1;-0.01627604104578495;15;8.052978515625;23.055419921875;8.055419921875;0.00244140625;0;0;0;0;1;1;0;0;0;0;0;0;0;1;0;0;0;0;0;1;1
31766;13;0;0;1;0;0;0;0;0;1;1;-0.01627604104578495;15;8.052978515625;23.055419921875;8.055419921875;0.00244140625;0;0;0;0;1;1;0;0;0;0;0;0;0;1;0;0;0;0;0;1;1
31776;13;0;0;1;0;0;0;0;0;1;1;-0.01627604104578495;15;8.052978515625;23.055419921875;8.055419921875;0.00244140625;0;0;0;0;1;1;0;0;0;0;0;0;0;1;0;0;0;0;0;1;1
31787;13;0;0;1;0;0;0;0;0;1;1;-0.01627604104578495;15;8.052978515625;23.055419921875;8.055419921875;0.00244140625;0;0;0;0;1;1;0;0;0;0;0;0;0;1;0;0;0;0;0;1;1
31796;13;0;0;1;0;0;0;0;0;1;1;-0.01627604104578495;15;8.052978515625;23.055419921875;8.055419921875;0.00244140625;0;0;0;0;1;1;0;0;0;0;0;0;0;1;0;0;0;0;0;1;1
31806;13;0;0;1;0;0;0;0;0;1;1;-0.01627604104578495;15;8.052978515625;23.055419921875;8.055419921875;0.00244140625;0;0;0;0;1;1;0;0;0;0;0;0;0;1;0;0;0;0;0;1;1
31816;13;0;0;1;0;0;0;0;0;1;1;-0.01627604104578495;15;8.052978515625;23.055419921875;8.055419921875;0.00244140625;0;0;0;0;1;1;0;0;0;0;0;0;0;1;0;0;0;0;0;1;1
31826;13;0;0;1;0;0;0;0;0;1;1;-0.01627604104578495;15;8.052978515625;23.055419921875;8.055419921875;0.00244140625;0;0;0;0;1;1;0;0;0;0;0;0;0;1;0;0;0;0;0;1;1
31836;13;0;0;1;0;0;0;0;0;1;1;-0.01627604104578495;15;8.052978515625;23.055419921875;8.055419921875;0.00244140625;0;0;0;0;1;1;0;0;0;0;0;0;0;1;0;0;0;0;0;1;1
31846;13;0;0;1;0;0;0;0;0;1;1;-0.01627604104578495;15;8.052978515625;23.055419921875;8.055419921875;0.00244140625;0;0;0;0;1;1;0;0;0;0;0;0;0;1;0;0;0;0;0;1;1
31856;13;0;0;1;0;0;0;0;0;1;1;-0.01627604104578495;15;8.052978515625;23.055419921875;8.055419921875;0.00244140625;0;0;0;0;1;1;0;0;0;0;0;0;0;1;0;0;0;0;0;1;1
31866;13;0;0;1;0;0;0;0;0;1;1;-0.01627604104578495;15;8.052978515625;23.055419921875;8.055419921875;0.00244140625;0;0;0;0;1;1;0;0;0;0;0;0;0;1;0;0;0;0;0;1;1
31876;13;0;0;1;0;0;0;0;0;1;1;-0.01627604104578495;15;8.052978515625;23.055419921875;8.055419921875;0.00244140625;0;0;0;0;1;1;0;0;0;0;0;0;0;1;0;0;0;0;0;1;1
31887;13;0;0;1;0;0;0;0;0;1;1;-0.01627604104578495;15;8.052978515625;23.055419921875;8.055419921875;0.00244140625;0;0;0;0;1;1;0;0;0;0;0;0;0;1;0;0;0;0;0;1;1
31896;13;0;0;1;0;0;0;0;0;1;1;-0.01627604104578495;15;8.052978515625;23.055419921875;8.055419921875;0.00244140625;0;0;0;0;1;1;0;0;0;0;0;0;0;1;0;0;0;0;0;1;1
31906;13;0;0;1;0;0;0;0;0;1;1;-0.01627604104578495;15;8.052978515625;23.055419921875;8.055419921875;0.00244140625;0;0;0;0;1;1;0;0;0;0;0;0;0;1;0;0;0;0;0;1;1
31916;13;0;0;1;0;0;0;0;0;1;1;-0.01627604104578495;15;8.052978515625;23.055419921875;8.055419921875;0.00244140625;0;0;0;0;1;1;0;0;0;0;0;0;0;1;0;0;0;0;0;1;1
31926;13;0;0;1;0;0;0;0;0;1;1;-0.01627604104578495;15;8.052978515625;23.055419921875;8.055419921875;0.00244140625;0;0;0;0;1;1;0;0;0;0;0;0;0;1;0;0;0;0;0;1;1
31936;13;0;0;1;0;0;0;0;0;1;1;-0.01627604104578495;15;8.052978515625;23.055419921875;8.055419921875;0.00244140625;0;0;0;0;1;1;0;0;0;0;0;0;0;1;0;0;0;0;0;1;1
31946;13;0;0;1;0;0;0;0;0;1;1;-0.01627604104578495;15;8.052978515625;23.055419921875;8.055419921875;0.00244140625;0;0;0;0;1;1;0;0;0;0;0;0;0;1;0;0;0;0;0;1;1
31957;13;0;0;1;0;0;0;0;0;1;1;-0.01627604104578495;15;8.052978515625;23.055419921875;8.055419921875;0.00244140625;0;0;0;0;1;1;0;0;0;0;0;0;0;1;0;0;0;0;0;1;1
31967;13;0;0;1;0;0;0;0;0;1;1;-0.01627604104578495;15;8.052978515625;23.055419921875;8.055419921875;0.00244140625;0;0;0;0;1;1;0;0;0;0;0;0;0;1;0;0;0;0;0;1;1
31976;13;0;0;1;0;0;0;0;0;1;1;-0.01627604104578495;15;8.052978515625;23.055419921875;8.055419921875;0.00244140625;0;0;0;0;1;1;0;0;0;0;0;0;0;1;0;0;0;0;0;1;1
31987;13;0;0;1;0;0;0;0;0;1;1;-0.01627604104578495;15;8.052978515625;23.055419921875;8.055419921875;0.00244140625;0;0;0;0;1;1;0;0;0;0;0;0;0;1;0;0;0;0;0;1;1
31996;13;0;0;1;0;0;0;0;0;1;1;-0.01627604104578495;15;8.052978515625;23.055419921875;8.055419921875;0.00244140625;0;0;0;0;1;1;0;0;0;0;0;0;0;1;0;0;0;0;0;1;1
32006;13;0;0;1;0;0;0;0;0;1;1;-0.01627604104578495;15;8.052978515625;23.055419921875;8.055419921875;0.00244140625;0;0;0;0;1;1;0;0;0;0;0;0;0;1;0;0;0;0;0;1;1
32016;13;0;0;1;0;0;0;0;0;1;1;-0.01627604104578495;15;8.052978515625;23.055419921875;8.055419921875;0.00244140625;0;0;0;0;1;1;0;0;0;0;0;0;0;1;0;0;0;0;0;1;1
32026;13;0;0;1;0;0;0;0;0;1;1;-0.01627604104578495;15;8.052978515625;23.055419921875;8.055419921875;0.00244140625;0;0;0;0;1;1;0;0;0;0;0;0;0;1;0;0;0;0;0;1;1
32036;13;0;0;1;0;0;0;0;0;1;1;-0.01627604104578495;15;8.052978515625;23.055419921875;8.055419921875;0.00244140625;0;0;0;0;1;1;0;0;0;0;0;0;0;1;0;0;0;0;0;1;1
32046;13;0;0;1;0;0;0;0;0;1;1;-0.01627604104578495;15;8.052978515625;23.055419921875;8.055419921875;0.00244140625;0;0;0;0;1;1;0;0;0;0;0;0;0;1;0;0;0;0;0;1;1
32057;13;0;0;1;0;0;0;0;0;1;1;-0.01627604104578495;15;8.052978515625;23.055419921875;8.055419921875;0.00244140625;0;0;0;0;1;1;0;0;0;0;0;0;0;1;0;0;0;0;0;1;1
32066;13;0;0;1;0;0;0;0;0;1;1;-0.01627604104578495;15;8.052978515625;23.055419921875;8.055419921875;0.00244140625;0;0;0;0;1;1;0;0;0;0;0;0;0;1;0;0;0;0;0;1;1
32076;13;0;0;1;0;0;0;0;0;1;1;-0.01627604104578495;15;8.052978515625;23.055419921875;8.055419921875;0.00244140625;0;0;0;0;1;1;0;0;0;0;0;0;0;1;0;0;0;0;0;1;1
32086;13;0;0;1;0;0;0;0;0;1;1;-0.01627604104578495;15;8.052978515625;23.055419921875;8.055419921875;0.00244140625;0;0;0;0;1;1;0;0;0;0;0;0;0;1;0;0;0;0;0;1;1
32096;13;0;0;1;0;0;0;0;0;1;1;-0.01627604104578495;15;8.052978515625;23.055419921875;8.055419921875;0.00244140625;0;0;0;0;1;1;0;0;0;0;0;0;0;1;0;0;0;0;0;1;1
32106;13;0;0;1;0;0;0;0;0;1;1;-0.01627604104578495;15;8.052978515625;23.055419921875;8.055419921875;0.00244140625;0;0;0;0;1;1;0;0;0;0;0;0;0;1;0;0;0;0;0;1;1
32116;13;0;0;1;0;0;0;0;0;1;1;-0.01627604104578495;15;8.052978515625;23.055419921875;8.055419921875;0.00244140625;0;0;0;0;1;1;0;0;0;0;0;0;0;1;0;0;0;0;0;1;1
32126;13;0;0;1;0;0;0;0;0;1;1;-0.01627604104578495;15;8.052978515625;23.055419921875;8.055419921875;0.00244140625;0;0;0;0;1;1;0;0;0;0;0;0;0;1;0;0;0;0;0;1;1
32137;13;0;0;1;0;0;0;0;0;1;1;-0.01627604104578495;15;8.052978515625;23.055419921875;8.055419921875;0.00244140625;0;0;0;0;1;1;0;0;0;0;0;0;0;1;0;0;0;0;0;1;1
32146;13;0;0;1;0;0;0;0;0;1;1;-0.01627604104578495;15;8.052978515625;23.055419921875;8.055419921875;0.00244140625;0;0;0;0;1;1;0;0;0;0;0;0;0;1;0;0;0;0;0;1;1
32159;13;0;0;1;0;0;0;0;0;1;1;-0.01627604104578495;15;8.052978515625;23.055419921875;8.055419921875;0.00244140625;0;0;0;0;1;1;0;0;0;0;0;0;0;1;0;0;0;0;0;1;1
32166;13;0;0;1;0;0;0;0;0;1;1;-0.01627604104578495;15;8.052978515625;23.055419921875;8.055419921875;0.00244140625;0;0;0;0;1;1;0;0;0;0;0;0;0;1;0;0;0;0;0;1;1
32176;13;0;0;1;0;0;0;0;0;1;1;-0.01627604104578495;15;8.052978515625;23.055419921875;8.055419921875;0.00244140625;0;0;0;0;1;1;0;0;0;0;0;0;0;1;0;0;0;0;0;1;1
32187;13;0;0;1;0;0;0;0;0;1;1;-0.01627604104578495;15;8.052978515625;23.055419921875;8.055419921875;0.00244140625;0;0;0;0;1;1;0;0;0;0;0;0;0;1;0;0;0;0;0;1;1
32196;13;0;0;1;0;0;0;0;0;1;1;-0.01627604104578495;15;8.052978515625;23.055419921875;8.055419921875;0.00244140625;0;0;0;0;1;1;0;0;0;0;0;0;0;1;0;0;0;0;0;1;1
32206;13;0;0;1;0;0;0;0;0;1;1;-0.01627604104578495;15;8.052978515625;23.055419921875;8.055419921875;0.00244140625;0;0;0;0;1;1;0;0;0;0;0;0;0;1;0;0;0;0;0;1;1
32216;13;0;0;1;0;0;0;0;0;1;1;-0.01627604104578495;15;8.052978515625;23.055419921875;8.055419921875;0.00244140625;0;0;0;0;1;1;0;0;0;0;0;0;0;1;0;0;0;0;0;1;1
32226;13;0;0;1;0;0;0;0;0;1;1;-0.01627604104578495;15;8.052978515625;23.055419921875;8.055419921875;0.00244140625;0;0;0;0;1;1;0;0;0;0;0;0;0;1;0;0;0;0;0;1;1
32236;13;0;0;1;0;0;0;0;0;1;1;-0.01627604104578495;15;8.052978515625;23.055419921875;8.055419921875;0.00244140625;0;0;0;0;1;1;0;0;0;0;0;0;0;1;0;0;0;0;0;1;1
32246;13;0;0;1;0;0;0;0;0;1;1;-0.01627604104578495;15;8.052978515625;23.055419921875;8.055419921875;0.00244140625;0;0;0;0;1;1;0;0;0;0;0;0;0;1;0;0;0;0;0;1;1
32256;13;0;0;1;0;0;0;0;0;1;1;-0.01627604104578495;15;8.052978515625;23.055419921875;8.055419921875;0.00244140625;0;0;0;0;1;1;0;0;0;0;0;0;0;1;0;0;0;0;0;1;1
32266;13;0;0;1;0;0;0;0;0;1;1;-0.01627604104578495;15;8.052978515625;23.055419921875;8.055419921875;0.00244140625;0;0;0;0;1;1;0;0;0;0;0;0;0;1;0;0;0;0;0;1;1
32276;13;0;0;1;0;0;0;0;0;1;1;-0.01627604104578495;15;8.052978515625;23.055419921875;8.055419921875;0.00244140625;0;0;0;0;1;1;0;0;0;0;0;0;0;1;0;0;0;0;0;1;1
32288;13;0;0;1;0;0;0;0;0;1;1;-0.01627604104578495;15;8.052978515625;23.055419921875;8.055419921875;0.00244140625;0;0;0;0;1;1;0;0;0;0;0;0;0;1;0;0;0;0;0;1;1
32297;13;0;0;1;0;0;0;0;0;1;1;-0.01627604104578495;15;8.052978515625;23.055419921875;8.055419921875;0.00244140625;0;0;0;0;1;1;0;0;0;0;0;0;0;1;0;0;0;0;0;1;1
32306;13;0;0;1;0;0;0;0;0;1;1;-0.01627604104578495;15;8.052978515625;23.055419921875;8.055419921875;0.00244140625;0;0;0;0;1;1;0;0;0;0;0;0;0;1;0;0;0;0;0;1;1
32317;13;0;0;1;0;0;0;0;0;1;1;-0.01627604104578495;15;8.052978515625;23.055419921875;8.055419921875;0.00244140625;0;0;0;0;1;1;0;0;0;0;0;0;0;1;0;0;0;0;0;1;1
32326;13;0;0;1;0;0;0;0;0;1;1;-0.01627604104578495;15;8.052978515625;23.055419921875;8.055419921875;0.00244140625;0;0;0;0;1;1;0;0;0;0;0;0;0;1;0;0;0;0;0;1;1
32336;13;0;0;1;0;0;0;0;0;1;1;-0.01627604104578495;15;8.052978515625;23.055419921875;8.055419921875;0.00244140625;0;0;0;0;1;1;0;0;0;0;0;0;0;1;0;0;0;0;0;1;1
32346;13;0;0;1;0;0;0;0;0;1;1;-0.01627604104578495;15;8.052978515625;23.055419921875;8.055419921875;0.00244140625;0;0;0;0;1;1;0;0;0;0;0;0;0;1;0;0;0;0;0;1;1
32356;13;0;0;1;0;0;0;0;0;1;1;-0.01627604104578495;15;8.052978515625;23.055419921875;8.055419921875;0.00244140625;0;0;0;0;1;1;0;0;0;0;0;0;0;1;0;0;0;0;0;1;1
32366;13;0;0;1;0;0;0;0;0;1;1;-0.01627604104578495;15;8.052978515625;23.055419921875;8.055419921875;0.00244140625;0;0;0;0;1;1;0;0;0;0;0;0;0;1;0;0;0;0;0;1;1
32376;13;0;0;1;0;0;0;0;0;1;1;-0.01627604104578495;15;8.052978515625;23.055419921875;8.055419921875;0.00244140625;0;0;0;0;1;1;0;0;0;0;0;0;0;1;0;0;0;0;0;1;1
32387;13;0;0;1;0;0;0;0;0;1;1;-0.01627604104578495;15;8.052978515625;23.055419921875;8.055419921875;0.00244140625;0;0;0;0;1;1;0;0;0;0;0;0;0;1;0;0;0;0;0;1;1
32396;13;0;0;1;0;0;0;0;0;1;1;-0.01627604104578495;15;8.052978515625;23.055419921875;8.055419921875;0.00244140625;0;0;0;0;1;1;0;0;0;0;0;0;0;1;0;0;0;0;0;1;1
32406;13;0;0;1;0;0;0;0;0;1;1;-0.01627604104578495;15;8.052978515625;23.055419921875;8.055419921875;0.00244140625;0;0;0;0;1;1;0;0;0;0;0;0;0;1;0;0;0;0;0;1;1
32417;13;0;0;1;0;0;0;0;0;1;1;-0.01627604104578495;15;8.052978515625;23.055419921875;8.055419921875;0.00244140625;0;0;0;0;1;1;0;0;0;0;0;0;0;1;0;0;0;0;0;1;1
32426;13;0;0;1;0;0;0;0;0;1;1;-0.01627604104578495;15;8.052978515625;23.055419921875;8.055419921875;0.00244140625;0;0;0;0;1;1;0;0;0;0;0;0;0;1;0;0;0;0;0;1;1
32436;13;0;0;1;0;0;0;0;0;1;1;-0.01627604104578495;15;8.052978515625;23.055419921875;8.055419921875;0.00244140625;0;0;0;0;1;1;0;0;0;0;0;0;0;1;0;0;0;0;0;1;1
32446;13;0;0;1;0;0;0;0;0;1;1;-0.01627604104578495;15;8.052978515625;23.055419921875;8.055419921875;0.00244140625;0;0;0;0;1;1;0;0;0;0;0;0;0;1;0;0;0;0;0;1;1
32456;13;0;0;1;0;0;0;0;0;1;1;-0.01627604104578495;15;8.052978515625;23.055419921875;8.055419921875;0.00244140625;0;0;0;0;1;1;0;0;0;0;0;0;0;1;0;0;0;0;0;1;1
32466;13;0;0;1;0;0;0;0;0;1;1;-0.01627604104578495;15;8.052978515625;23.055419921875;8.055419921875;0.00244140625;0;0;0;0;1;1;0;0;0;0;0;0;0;1;0;0;0;0;0;1;1
32476;13;0;0;1;0;0;0;0;0;1;1;-0.01627604104578495;15;8.052978515625;23.055419921875;8.055419921875;0.00244140625;0;0;0;0;1;1;0;0;0;0;0;0;0;1;0;0;0;0;0;1;1
32488;13;0;0;1;0;0;0;0;0;1;1;-0.01627604104578495;15;8.052978515625;23.055419921875;8.055419921875;0.00244140625;0;0;0;0;1;1;0;0;0;0;0;0;0;1;0;0;0;0;0;1;1
32496;13;0;0;1;0;0;0;0;0;1;1;-0.01627604104578495;15;8.052978515625;23.055419921875;8.055419921875;0.00244140625;0;0;0;0;1;1;0;0;0;0;0;0;0;1;0;0;0;0;0;1;1
32506;13;0;0;1;0;0;0;0;0;1;1;-0.01627604104578495;15;8.052978515625;23.055419921875;8.055419921875;0.00244140625;0;0;0;0;1;1;0;0;0;0;0;0;0;1;0;0;0;0;0;1;1
32516;13;0;0;1;0;0;0;0;0;1;1;-0.01627604104578495;15;8.052978515625;23.055419921875;8.055419921875;0.00244140625;0;0;0;0;1;1;0;0;0;0;0;0;0;1;0;0;0;0;0;1;1
32526;13;0;0;1;0;0;0;0;0;1;1;-0.01627604104578495;15;8.052978515625;23.055419921875;8.055419921875;0.00244140625;0;0;0;0;1;1;0;0;0;0;0;0;0;1;0;0;0;0;0;1;1
32536;13;0;0;1;0;0;0;0;0;1;1;-0.01790364645421505;15;8.052734375;23.055419921875;8.055419921875;0.002685546875;0;0;0;0;1;1;0;0;0;0;0;0;0;1;0;0;0;0;0;1;1
32547;13;0;0;1;0;0;0;0;0;1;1;-0.01790364645421505;15;8.052734375;23.055419921875;8.055419921875;0.002685546875;0;0;0;0;1;1;0;0;0;0;0;0;0;1;0;0;0;0;0;1;1
32556;13;0;0;1;0;0;0;0;0;1;1;-0.01790364645421505;15;8.052734375;23.055419921875;8.055419921875;0.002685546875;0;0;0;0;1;1;0;0;0;0;0;0;0;1;0;0;0;0;0;1;1
32566;13;0;0;1;0;0;0;0;0;1;1;-0.01790364645421505;15;8.052734375;23.055419921875;8.055419921875;0.002685546875;0;0;0;0;1;1;0;0;0;0;0;0;0;1;0;0;0;0;0;1;1
32576;13;0;0;1;0;0;0;0;0;1;1;-0.01790364645421505;15;8.052734375;23.055419921875;8.055419921875;0.002685546875;0;0;0;0;1;1;0;0;0;0;0;0;0;1;0;0;0;0;0;1;1
32587;13;0;0;1;0;0;0;0;0;1;1;-0.01790364645421505;15;8.052734375;23.055419921875;8.055419921875;0.002685546875;0;0;0;0;1;1;0;0;0;0;0;0;0;1;0;0;0;0;0;1;1
32596;13;0;0;1;0;0;0;0;0;1;1;-0.01627604104578495;15;8.052978515625;23.055419921875;8.055419921875;0.00244140625;0;0;0;0;1;1;0;0;0;0;0;0;0;1;0;0;0;0;0;1;1
32606;13;0;0;1;0;0;0;0;0;1;1;-0.01627604104578495;15;8.052978515625;23.055419921875;8.055419921875;0.00244140625;0;0;0;0;1;1;0;0;0;0;0;0;0;1;0;0;0;0;0;1;1
32617;13;0;0;1;0;0;0;0;0;1;1;-0.01627604104578495;15;8.052978515625;23.055419921875;8.055419921875;0.00244140625;0;0;0;0;1;1;0;0;0;0;0;0;0;1;0;0;0;0;0;1;1
32626;14;0;0;1;0;0;0;0;0;1;1;-0.01627604104578495;15;8.052978515625;23.055419921875;8.055419921875;0.00244140625;0;0;0;0;1;1;0;0;0;0;0;0;0;1;0;0;0;0;0;1;1
32636;14;0;0;1;0;0;0;0;0;1;1;-0.01627604104578495;15;8.052978515625;23.055419921875;8.055419921875;0.00244140625;0;0;0;0;1;1;0;0;0;0;0;0;0;1;0;0;0;0;0;1;1
32647;14;0;0;1;0;0;0;0;0;1;1;-0.01627604104578495;15;8.052978515625;23.055419921875;8.055419921875;0.00244140625;0;0;0;0;1;1;0;0;0;0;0;0;0;1;0;0;0;0;0;1;1
32656;14;0;0;1;0;0;0;0;0;1;1;-0.01790364645421505;15;8.052734375;23.055419921875;8.055419921875;0.002685546875;0;0;0;0;1;1;0;0;0;0;0;0;0;1;0;0;0;0;0;1;1
32666;14;0;0;1;0;0;0;0;0;1;1;-0.01790364645421505;15;8.052734375;23.055419921875;8.055419921875;0.002685546875;0;0;0;0;1;1;0;0;0;0;0;0;0;1;0;0;0;0;0;1;1
32676;14;0;0;1;0;0;0;0;0;1;1;-0.01790364645421505;15;8.052734375;23.055419921875;8.055419921875;0.002685546875;0;0;0;0;1;1;0;0;0;0;0;0;0;1;0;0;0;0;0;1;1
32687;14;0;0;1;0;0;0;0;0;1;1;-0.01790364645421505;15;8.052734375;23.055419921875;8.055419921875;0.002685546875;0;0;0;0;1;1;0;0;0;0;0;0;0;1;0;0;0;0;0;1;1
32696;14;0;0;1;0;0;0;0;0;1;1;-0.01790364645421505;15;8.052734375;23.055419921875;8.055419921875;0.002685546875;0;0;0;0;1;1;0;0;0;0;0;0;0;1;0;0;0;0;0;1;1
32706;14;0;0;1;0;0;0;0;0;1;1;-0.01790364645421505;15;8.052734375;23.055419921875;8.055419921875;0.002685546875;0;0;0;0;1;1;0;0;0;0;0;0;0;1;0;0;0;0;0;1;1
32717;14;0;0;1;0;0;0;0;0;1;1;-0.01790364645421505;15;8.052734375;23.055419921875;8.055419921875;0.002685546875;0;0;0;0;1;1;0;0;0;0;0;0;0;1;0;0;0;0;0;1;1
32726;14;0;0;1;0;0;0;0;0;1;1;-0.01790364645421505;15;8.052734375;23.055419921875;8.055419921875;0.002685546875;0;0;0;0;1;1;0;0;0;0;0;0;0;1;0;0;0;0;0;1;1
32736;14;0;0;1;0;0;0;0;0;1;1;-0.01790364645421505;15;8.052734375;23.055419921875;8.055419921875;0.002685546875;0;0;0;0;1;1;0;0;0;0;0;0;0;1;0;0;0;0;0;1;1
32748;14;0;0;1;0;0;0;0;0;1;1;-0.01790364645421505;15;8.052734375;23.055419921875;8.055419921875;0.002685546875;0;0;0;0;1;1;0;0;0;0;0;0;0;1;0;0;0;0;0;1;1
32756;14;0;0;1;0;0;0;0;0;1;1;-0.01790364645421505;15;8.052734375;23.055419921875;8.055419921875;0.002685546875;0;0;0;0;1;1;0;0;0;0;0;0;0;1;0;0;0;0;0;1;1
32766;14;0;0;1;0;0;0;0;0;1;1;-0.01790364645421505;15;8.052734375;23.055419921875;8.055419921875;0.002685546875;0;0;0;0;1;1;0;0;0;0;0;0;0;1;0;0;0;0;0;1;1
32776;14;0;0;1;0;0;0;0;0;1;1;-0.01790364645421505;15;8.052734375;23.055419921875;8.055419921875;0.002685546875;0;0;0;0;1;1;0;0;0;0;0;0;0;1;0;0;0;0;0;1;1
32786;14;0;0;1;0;0;0;0;0;1;1;-0.01790364645421505;15;8.052734375;23.055419921875;8.055419921875;0.002685546875;0;0;0;0;1;1;0;0;0;0;0;0;0;1;0;0;0;0;0;1;1
32796;14;0;0;1;0;0;0;0;0;1;1;-0.01790364645421505;15;8.052734375;23.055419921875;8.055419921875;0.002685546875;0;0;0;0;1;1;0;0;0;0;0;0;0;1;0;0;0;0;0;1;1
32806;14;0;0;1;0;0;0;0;0;1;1;-0.01790364645421505;15;8.052734375;23.055419921875;8.055419921875;0.002685546875;0;0;0;0;1;1;0;0;0;0;0;0;0;1;0;0;0;0;0;1;1
32816;14;0;0;1;0;0;0;0;0;1;1;-0.01790364645421505;15;8.052734375;23.055419921875;8.055419921875;0.002685546875;0;0;0;0;1;1;0;0;0;0;0;0;0;1;0;0;0;0;0;1;1
32826;14;0;0;1;0;0;0;0;0;1;1;-0.01790364645421505;15;8.052734375;23.055419921875;8.055419921875;0.002685546875;0;0;0;0;1;1;0;0;0;0;0;0;0;1;0;0;0;0;0;1;1
32836;14;0;0;1;0;0;0;0;0;1;1;-0.01790364645421505;15;8.052734375;23.055419921875;8.055419921875;0.002685546875;0;0;0;0;1;1;0;0;0;0;0;0;0;1;0;0;0;0;0;1;1
32847;14;0;0;1;0;0;0;0;0;1;1;-0.01790364645421505;15;8.052734375;23.055419921875;8.055419921875;0.002685546875;0;0;0;0;1;1;0;0;0;0;0;0;0;1;0;0;0;0;0;1;1
32856;14;0;0;1;0;0;0;0;0;1;1;-0.01790364645421505;15;8.052734375;23.055419921875;8.055419921875;0.002685546875;0;0;0;0;1;1;0;0;0;0;0;0;0;1;0;0;0;0;0;1;1
32866;14;0;0;1;0;0;0;0;0;1;1;-0.01790364645421505;15;8.052734375;23.055419921875;8.055419921875;0.002685546875;0;0;0;0;1;1;0;0;0;0;0;0;0;1;0;0;0;0;0;1;1
32876;14;0;0;1;0;0;0;0;0;1;1;-0.01790364645421505;15;8.052734375;23.055419921875;8.055419921875;0.002685546875;0;0;0;0;1;1;0;0;0;0;0;0;0;1;0;0;0;0;0;1;1
32886;14;0;0;1;0;0;0;0;0;1;1;-0.01790364645421505;15;8.052734375;23.055419921875;8.055419921875;0.002685546875;0;0;0;0;1;1;0;0;0;0;0;0;0;1;0;0;0;0;0;1;1
32896;14;0;0;1;0;0;0;0;0;1;1;-0.01790364645421505;15;8.052734375;23.055419921875;8.055419921875;0.002685546875;0;0;0;0;1;1;0;0;0;0;0;0;0;1;0;0;0;0;0;1;1
32906;14;0;0;1;0;0;0;0;0;1;1;-0.01790364645421505;15;8.052734375;23.055419921875;8.055419921875;0.002685546875;0;0;0;0;1;1;0;0;0;0;0;0;0;1;0;0;0;0;0;1;1
32916;14;0;0;1;0;0;0;0;0;1;1;-0.01790364645421505;15;8.052734375;23.055419921875;8.055419921875;0.002685546875;0;0;0;0;1;1;0;0;0;0;0;0;0;1;0;0;0;0;0;1;1
32926;14;0;0;1;0;0;0;0;0;1;1;-0.01790364645421505;15;8.052734375;23.055419921875;8.055419921875;0.002685546875;0;0;0;0;1;1;0;0;0;0;0;0;0;1;0;0;0;0;0;1;1
32936;14;0;0;1;0;0;0;0;0;1;1;-0.01790364645421505;15;8.052734375;23.055419921875;8.055419921875;0.002685546875;0;0;0;0;1;1;0;0;0;0;0;0;0;1;0;0;0;0;0;1;1
32947;14;0;0;1;0;0;0;0;0;1;1;-0.01790364645421505;15;8.052734375;23.055419921875;8.055419921875;0.002685546875;0;0;0;0;1;1;0;0;0;0;0;0;0;1;0;0;0;0;0;1;1
32956;14;0;0;1;0;0;0;0;0;1;1;-0.01790364645421505;15;8.052734375;23.055419921875;8.055419921875;0.002685546875;0;0;0;0;1;1;0;0;0;0;0;0;0;1;0;0;0;0;0;1;1
32968;14;0;0;1;0;0;0;0;0;1;1;-0.01790364645421505;15;8.052734375;23.055419921875;8.055419921875;0.002685546875;0;0;0;0;1;1;0;0;0;0;0;0;0;1;0;0;0;0;0;1;1
32977;14;0;0;1;0;0;0;0;0;1;1;-0.01790364645421505;15;8.052734375;23.055419921875;8.055419921875;0.002685546875;0;0;0;0;1;1;0;0;0;0;0;0;0;1;0;0;0;0;0;1;1
32986;14;0;0;1;0;0;0;0;0;1;1;-0.01790364645421505;15;8.052734375;23.055419921875;8.055419921875;0.002685546875;0;0;0;0;1;1;0;0;0;0;0;0;0;1;0;0;0;0;0;1;1
32996;14;0;0;1;0;0;0;0;0;1;1;-0.01790364645421505;15;8.052734375;23.055419921875;8.055419921875;0.002685546875;0;0;0;0;1;1;0;0;0;0;0;0;0;1;0;0;0;0;0;1;1
33006;14;0;0;1;0;0;0;0;0;1;1;-0.01790364645421505;15;8.052734375;23.055419921875;8.055419921875;0.002685546875;0;0;0;0;1;1;0;0;0;0;0;0;0;1;0;0;0;0;0;1;1
33016;14;0;0;1;0;0;0;0;0;1;1;-0.01790364645421505;15;8.052734375;23.055419921875;8.055419921875;0.002685546875;0;0;0;0;1;1;0;0;0;0;0;0;0;1;0;0;0;0;0;1;1
33026;14;0;0;1;0;0;0;0;0;1;1;-0.01790364645421505;15;8.052734375;23.055419921875;8.055419921875;0.002685546875;0;0;0;0;1;1;0;0;0;0;0;0;0;1;0;0;0;0;0;1;1
33036;14;0;0;1;0;0;0;0;0;1;1;-0.01790364645421505;15;8.052734375;23.055419921875;8.055419921875;0.002685546875;0;0;0;0;1;1;0;0;0;0;0;0;0;1;0;0;0;0;0;1;1
33047;14;0;0;1;0;0;0;0;0;1;1;-0.01790364645421505;15;8.052734375;23.055419921875;8.055419921875;0.002685546875;0;0;0;0;1;1;0;0;0;0;0;0;0;1;0;0;0;0;0;1;1
33056;14;0;0;1;0;0;0;0;0;1;1;-0.01790364645421505;15;8.052734375;23.055419921875;8.055419921875;0.002685546875;0;0;0;0;1;1;0;0;0;0;0;0;0;1;0;0;0;0;0;1;1
33066;14;0;0;1;0;0;0;0;0;1;1;-0.01790364645421505;15;8.052734375;23.055419921875;8.055419921875;0.002685546875;0;0;0;0;1;1;0;0;0;0;0;0;0;1;0;0;0;0;0;1;1
33076;14;0;0;1;0;0;0;0;0;1;1;-0.01790364645421505;15;8.052734375;23.055419921875;8.055419921875;0.002685546875;0;0;0;0;1;1;0;0;0;0;0;0;0;1;0;0;0;0;0;1;1
33086;14;0;0;1;0;0;0;0;0;1;1;-0.01790364645421505;15;8.052734375;23.055419921875;8.055419921875;0.002685546875;0;0;0;0;1;1;0;0;0;0;0;0;0;1;0;0;0;0;0;1;1
33096;14;0;0;1;0;0;0;0;0;1;1;-0.01790364645421505;15;8.052734375;23.055419921875;8.055419921875;0.002685546875;0;0;0;0;1;1;0;0;0;0;0;0;0;1;0;0;0;0;0;1;1
33106;14;0;0;1;0;0;0;0;0;1;1;-0.01790364645421505;15;8.052734375;23.055419921875;8.055419921875;0.002685546875;0;0;0;0;1;1;0;0;0;0;0;0;0;1;0;0;0;0;0;1;1
33116;14;0;0;1;0;0;0;0;0;1;1;-0.01790364645421505;15;8.052734375;23.055419921875;8.055419921875;0.002685546875;0;0;0;0;1;1;0;0;0;0;0;0;0;1;0;0;0;0;0;1;1
33126;14;0;0;1;0;0;0;0;0;1;1;-0.01790364645421505;15;8.052734375;23.055419921875;8.055419921875;0.002685546875;0;0;0;0;1;1;0;0;0;0;0;0;0;1;0;0;0;0;0;1;1
33136;14;0;0;1;0;0;0;0;0;1;1;-0.01790364645421505;15;8.052734375;23.055419921875;8.055419921875;0.002685546875;0;0;0;0;1;1;0;0;0;0;0;0;0;1;0;0;0;0;0;1;1
33146;14;0;0;1;0;0;0;0;0;1;1;-0.01790364645421505;15;8.052734375;23.055419921875;8.055419921875;0.002685546875;0;0;0;0;1;1;0;0;0;0;0;0;0;1;0;0;0;0;0;1;1
33156;14;0;0;1;0;0;0;0;0;1;1;-0.01790364645421505;15;8.052734375;23.055419921875;8.055419921875;0.002685546875;0;0;0;0;1;1;0;0;0;0;0;0;0;1;0;0;0;0;0;1;1
33166;14;0;0;1;0;0;0;0;0;1;1;-0.01790364645421505;15;8.052734375;23.055419921875;8.055419921875;0.002685546875;0;0;0;0;1;1;0;0;0;0;0;0;0;1;0;0;0;0;0;1;1
33179;14;0;0;1;0;0;0;0;0;1;1;-0.01790364645421505;15;8.052734375;23.055419921875;8.055419921875;0.002685546875;0;0;0;0;1;1;0;0;0;0;0;0;0;1;0;0;0;0;0;1;1
33186;14;0;0;1;0;0;0;0;0;1;1;-0.01790364645421505;15;8.052734375;23.055419921875;8.055419921875;0.002685546875;0;0;0;0;1;1;0;0;0;0;0;0;0;1;0;0;0;0;0;1;1
33196;14;0;0;1;0;0;0;0;0;1;1;-0.01790364645421505;15;8.052734375;23.055419921875;8.055419921875;0.002685546875;0;0;0;0;1;1;0;0;0;0;0;0;0;1;0;0;0;0;0;1;1
33207;14;0;0;1;0;0;0;0;0;1;1;-0.01790364645421505;15;8.052734375;23.055419921875;8.055419921875;0.002685546875;0;0;0;0;1;1;0;0;0;0;0;0;0;1;0;0;0;0;0;1;1
33216;14;0;0;1;0;0;0;0;0;1;1;-0.01790364645421505;15;8.052734375;23.055419921875;8.055419921875;0.002685546875;0;0;0;0;1;1;0;0;0;0;0;0;0;1;0;0;0;0;0;1;1
33226;14;0;0;1;0;0;0;0;0;1;1;-0.01790364645421505;15;8.052734375;23.055419921875;8.055419921875;0.002685546875;0;0;0;0;1;1;0;0;0;0;0;0;0;1;0;0;0;0;0;1;1
33236;14;0;0;1;0;0;0;0;0;1;1;-0.01790364645421505;15;8.052734375;23.055419921875;8.055419921875;0.002685546875;0;0;0;0;1;1;0;0;0;0;0;0;0;1;0;0;0;0;0;1;1
33246;14;0;0;1;0;0;0;0;0;1;1;-0.01790364645421505;15;8.052734375;23.055419921875;8.055419921875;0.002685546875;0;0;0;0;1;1;0;0;0;0;0;0;0;1;0;0;0;0;0;1;1
33256;14;0;0;1;0;0;0;0;0;1;1;-0.01790364645421505;15;8.052734375;23.055419921875;8.055419921875;0.002685546875;0;0;0;0;1;1;0;0;0;0;0;0;0;1;0;0;0;0;0;1;1
33266;14;0;0;1;0;0;0;0;0;1;1;-0.01790364645421505;15;8.052734375;23.055419921875;8.055419921875;0.002685546875;0;0;0;0;1;1;0;0;0;0;0;0;0;1;0;0;0;0;0;1;1
33277;14;0;0;1;0;0;0;0;0;1;1;-0.01790364645421505;15;8.052734375;23.055419921875;8.055419921875;0.002685546875;0;0;0;0;1;1;0;0;0;0;0;0;0;1;0;0;0;0;0;1;1
33286;14;0;0;1;0;0;0;0;0;1;1;-0.01790364645421505;15;8.052734375;23.055419921875;8.055419921875;0.002685546875;0;0;0;0;1;1;0;0;0;0;0;0;0;1;0;0;0;0;0;1;1
33296;14;0;0;1;0;0;0;0;0;1;1;-0.01790364645421505;15;8.052734375;23.055419921875;8.055419921875;0.002685546875;0;0;0;0;1;1;0;0;0;0;0;0;0;1;0;0;0;0;0;1;1
33307;14;0;0;1;0;0;0;0;0;1;1;-0.01790364645421505;15;8.052734375;23.055419921875;8.055419921875;0.002685546875;0;0;0;0;1;1;0;0;0;0;0;0;0;1;0;0;0;0;0;1;1
33316;14;0;0;1;0;0;0;0;0;1;1;-0.01790364645421505;15;8.052734375;23.055419921875;8.055419921875;0.002685546875;0;0;0;0;1;1;0;0;0;0;0;0;0;1;0;0;0;0;0;1;1
33326;14;0;0;1;0;0;0;0;0;1;1;-0.01790364645421505;15;8.052734375;23.055419921875;8.055419921875;0.002685546875;0;0;0;0;1;1;0;0;0;0;0;0;0;1;0;0;0;0;0;1;1
33336;14;0;0;1;0;0;0;0;0;1;1;-0.01790364645421505;15;8.052734375;23.055419921875;8.055419921875;0.002685546875;0;0;0;0;1;1;0;0;0;0;0;0;0;1;0;0;0;0;0;1;1
33346;14;0;0;1;0;0;0;0;0;1;1;-0.01790364645421505;15;8.052734375;23.055419921875;8.055419921875;0.002685546875;0;0;0;0;1;1;0;0;0;0;0;0;0;1;0;0;0;0;0;1;1
33356;14;0;0;1;0;0;0;0;0;1;1;-0.01790364645421505;15;8.052734375;23.055419921875;8.055419921875;0.002685546875;0;0;0;0;1;1;0;0;0;0;0;0;0;1;0;0;0;0;0;1;1
33366;14;0;0;1;0;0;0;0;0;1;1;-0.01790364645421505;15;8.052734375;23.055419921875;8.055419921875;0.002685546875;0;0;0;0;1;1;0;0;0;0;0;0;0;1;0;0;0;0;0;1;1
33380;14;0;0;1;0;0;0;0;0;1;1;-0.01790364645421505;15;8.052734375;23.055419921875;8.055419921875;0.002685546875;0;0;0;0;1;1;0;0;0;0;0;0;0;1;0;0;0;0;0;1;1
33386;14;0;0;1;0;0;0;0;0;1;1;-0.01790364645421505;15;8.052734375;23.055419921875;8.055419921875;0.002685546875;0;0;0;0;1;1;0;0;0;0;0;0;0;1;0;0;0;0;0;1;1
33396;14;0;0;1;0;0;0;0;0;1;1;-0.01790364645421505;15;8.052734375;23.055419921875;8.055419921875;0.002685546875;0;0;0;0;1;1;0;0;0;0;0;0;0;1;0;0;0;0;0;1;1
33407;14;0;0;1;0;0;0;0;0;1;1;-0.01790364645421505;15;8.052734375;23.055419921875;8.055419921875;0.002685546875;0;0;0;0;1;1;0;0;0;0;0;0;0;1;0;0;0;0;0;1;1
33416;14;0;0;1;0;0;0;0;0;1;1;-0.01790364645421505;15;8.052734375;23.055419921875;8.055419921875;0.002685546875;0;0;0;0;1;1;0;0;0;0;0;0;0;1;0;0;0;0;0;1;1
33426;14;0;0;1;0;0;0;0;0;1;1;-0.01790364645421505;15;8.052734375;23.055419921875;8.055419921875;0.002685546875;0;0;0;0;1;1;0;0;0;0;0;0;0;1;0;0;0;0;0;1;1
33436;14;0;0;1;0;0;0;0;0;1;1;-0.01790364645421505;15;8.052734375;23.055419921875;8.055419921875;0.002685546875;0;0;0;0;1;1;0;0;0;0;0;0;0;1;0;0;0;0;0;1;1
33446;14;0;0;1;0;0;0;0;0;1;1;-0.01790364645421505;15;8.052734375;23.055419921875;8.055419921875;0.002685546875;0;0;0;0;1;1;0;0;0;0;0;0;0;1;0;0;0;0;0;1;1
33456;14;0;0;1;0;0;0;0;0;1;1;-0.01790364645421505;15;8.052734375;23.055419921875;8.055419921875;0.002685546875;0;0;0;0;1;1;0;0;0;0;0;0;0;1;0;0;0;0;0;1;1
33466;14;0;0;1;0;0;0;0;0;1;1;-0.01790364645421505;15;8.052734375;23.055419921875;8.055419921875;0.002685546875;0;0;0;0;1;1;0;0;0;0;0;0;0;1;0;0;0;0;0;1;1
33477;14;0;0;1;0;0;0;0;0;1;1;-0.01790364645421505;15;8.052734375;23.055419921875;8.055419921875;0.002685546875;0;0;0;0;1;1;0;0;0;0;0;0;0;1;0;0;0;0;0;1;1
33486;14;0;0;1;0;0;0;0;0;1;1;-0.01790364645421505;15;8.052734375;23.055419921875;8.055419921875;0.002685546875;0;0;0;0;1;1;0;0;0;0;0;0;0;1;0;0;0;0;0;1;1
33496;14;0;0;1;0;0;0;0;0;1;1;-0.01790364645421505;15;8.052734375;23.055419921875;8.055419921875;0.002685546875;0;0;0;0;1;1;0;0;0;0;0;0;0;1;0;0;0;0;0;1;1
33506;14;0;0;1;0;0;0;0;0;1;1;-0.01790364645421505;15;8.052734375;23.055419921875;8.055419921875;0.002685546875;0;0;0;0;1;1;0;0;0;0;0;0;0;1;0;0;0;0;0;1;1
33516;14;0;0;1;0;0;0;0;0;1;1;-0.01790364645421505;15;8.052734375;23.055419921875;8.055419921875;0.002685546875;0;0;0;0;1;1;0;0;0;0;0;0;0;1;0;0;0;0;0;1;1
33526;14;0;0;1;0;0;0;0;0;1;1;-0.01790364645421505;15;8.052734375;23.055419921875;8.055419921875;0.002685546875;0;0;0;0;1;1;0;0;0;0;0;0;0;1;0;0;0;0;0;1;1
33537;14;0;0;1;0;0;0;0;0;1;1;-0.01790364645421505;15;8.052734375;23.055419921875;8.055419921875;0.002685546875;0;0;0;0;1;1;0;0;0;0;0;0;0;1;0;0;0;0;0;1;1
33546;14;0;0;1;0;0;0;0;0;1;1;-0.01790364645421505;15;8.052734375;23.055419921875;8.055419921875;0.002685546875;0;0;0;0;1;1;0;0;0;0;0;0;0;1;0;0;0;0;0;1;1
33556;14;0;0;1;0;0;0;0;0;1;1;-0.01790364645421505;15;8.052734375;23.055419921875;8.055419921875;0.002685546875;0;0;0;0;1;1;0;0;0;0;0;0;0;1;0;0;0;0;0;1;1
33566;14;0;0;1;0;0;0;0;0;1;1;-0.01790364645421505;15;8.052734375;23.055419921875;8.055419921875;0.002685546875;0;0;0;0;1;1;0;0;0;0;0;0;0;1;0;0;0;0;0;1;1
33576;14;0;0;1;0;0;0;0;0;1;1;-0.01790364645421505;15;8.052734375;23.055419921875;8.055419921875;0.002685546875;0;0;0;0;1;1;0;0;0;0;0;0;0;1;0;0;0;0;0;1;1
33586;14;0;0;1;0;0;0;0;0;1;1;-0.01790364645421505;15;8.052734375;23.055419921875;8.055419921875;0.002685546875;0;0;0;0;1;1;0;0;0;0;0;0;0;1;0;0;0;0;0;1;1
33596;14;0;0;1;0;0;0;0;0;1;1;-0.01790364645421505;15;8.052734375;23.055419921875;8.055419921875;0.002685546875;0;0;0;0;1;1;0;0;0;0;0;0;0;1;0;0;0;0;0;1;1
33607;14;0;0;1;0;0;0;0;0;1;1;-0.01790364645421505;15;8.052734375;23.055419921875;8.055419921875;0.002685546875;0;0;0;0;1;1;0;0;0;0;0;0;0;1;0;0;0;0;0;1;1
33616;14;0;0;1;0;0;0;0;0;1;1;-0.01790364645421505;15;8.052734375;23.055419921875;8.055419921875;0.002685546875;0;0;0;0;1;1;0;0;0;0;0;0;0;1;0;0;0;0;0;1;1
33626;14;0;0;1;0;0;0;0;0;1;1;-0.01790364645421505;15;8.052734375;23.055419921875;8.055419921875;0.002685546875;0;0;0;0;1;1;0;0;0;0;0;0;0;1;0;0;0;0;0;1;1
33637;14;0;0;1;0;0;0;0;0;1;1;-0.01790364645421505;15;8.052734375;23.055419921875;8.055419921875;0.002685546875;0;0;0;0;1;1;0;0;0;0;0;0;0;1;0;0;0;0;0;1;1
33646;14;0;0;1;0;0;0;0;0;1;1;-0.01790364645421505;15;8.052734375;23.055419921875;8.055419921875;0.002685546875;0;0;0;0;1;1;0;0;0;0;0;0;0;1;0;0;0;0;0;1;1
33656;14;0;0;1;0;0;0;0;0;1;1;-0.01790364645421505;15;8.052734375;23.055419921875;8.055419921875;0.002685546875;0;0;0;0;1;1;0;0;0;0;0;0;0;1;0;0;0;0;0;1;1
33666;14;0;0;1;0;0;0;0;0;1;1;-0.01790364645421505;15;8.052734375;23.055419921875;8.055419921875;0.002685546875;0;0;0;0;1;1;0;0;0;0;0;0;0;1;0;0;0;0;0;1;1
33676;14;0;0;1;0;0;0;0;0;1;1;-0.01790364645421505;15;8.052734375;23.055419921875;8.055419921875;0.002685546875;0;0;0;0;1;1;0;0;0;0;0;0;0;1;0;0;0;0;0;1;1
33686;14;0;0;1;0;0;0;0;0;1;1;-0.01790364645421505;15;8.052734375;23.055419921875;8.055419921875;0.002685546875;0;0;0;0;1;1;0;0;0;0;0;0;0;1;0;0;0;0;0;1;1
33696;14;0;0;1;0;0;0;0;0;1;1;-0.01627604104578495;15;8.052978515625;23.055419921875;8.055419921875;0.00244140625;0;0;0;0;1;1;0;0;0;0;0;0;0;1;0;0;0;0;0;1;1
33710;14;0;0;1;0;0;0;0;0;1;1;-0.01627604104578495;15;8.052978515625;23.055419921875;8.055419921875;0.00244140625;0;0;0;0;1;1;0;0;0;0;0;0;0;1;0;0;0;0;0;1;1
33716;14;0;0;1;0;0;0;0;0;1;1;-0.01627604104578495;15;8.052978515625;23.055419921875;8.055419921875;0.00244140625;0;0;0;0;1;1;0;0;0;0;0;0;0;1;0;0;0;0;0;1;1
33726;14;0;0;1;0;0;0;0;0;1;1;-0.01627604104578495;15;8.052978515625;23.055419921875;8.055419921875;0.00244140625;0;0;0;0;1;1;0;0;0;0;0;0;0;1;0;0;0;0;0;1;1
33736;14;0;0;1;0;0;0;0;0;1;1;-0.01627604104578495;15;8.052978515625;23.055419921875;8.055419921875;0.00244140625;0;0;0;0;1;1;0;0;0;0;0;0;0;1;0;0;0;0;0;1;1
33746;14;0;0;1;0;0;0;0;0;1;1;-0.01627604104578495;15;8.052978515625;23.055419921875;8.055419921875;0.00244140625;0;0;0;0;1;1;0;0;0;0;0;0;0;1;0;0;0;0;0;1;1
33756;14;0;0;1;0;0;0;0;0;1;1;-0.01627604104578495;15;8.052978515625;23.055419921875;8.055419921875;0.00244140625;0;0;0;0;1;1;0;0;0;0;0;0;0;1;0;0;0;0;0;1;1
33766;14;0;0;1;0;0;0;0;0;1;1;-0.01627604104578495;15;8.052978515625;23.055419921875;8.055419921875;0.00244140625;0;0;0;0;1;1;0;0;0;0;0;0;0;1;0;0;0;0;0;1;1
33776;14;0;0;1;0;0;0;0;0;1;1;-0.01627604104578495;15;8.052978515625;23.055419921875;8.055419921875;0.00244140625;0;0;0;0;1;1;0;0;0;0;0;0;0;1;0;0;0;0;0;1;1
33786;14;0;0;1;0;0;0;0;0;1;1;-0.01627604104578495;15;8.052978515625;23.055419921875;8.055419921875;0.00244140625;0;0;0;0;1;1;0;0;0;0;0;0;0;1;0;0;0;0;0;1;1
33796;14;0;0;1;0;0;0;0;0;1;1;-0.01627604104578495;15;8.052978515625;23.055419921875;8.055419921875;0.00244140625;0;0;0;0;1;1;0;0;0;0;0;0;0;1;0;0;0;0;0;1;1
33807;14;0;0;1;0;0;0;0;0;1;1;-0.01627604104578495;15;8.052978515625;23.055419921875;8.055419921875;0.00244140625;0;0;0;0;1;1;0;0;0;0;0;0;0;1;0;0;0;0;0;1;1
33818;14;0;0;1;0;0;0;0;0;1;1;-0.01627604104578495;15;8.052978515625;23.055419921875;8.055419921875;0.00244140625;0;0;0;0;1;1;0;0;0;0;0;0;0;1;0;0;0;0;0;1;1
33826;14;0;0;1;0;0;0;0;0;1;1;-0.01627604104578495;15;8.052978515625;23.055419921875;8.055419921875;0.00244140625;0;0;0;0;1;1;0;0;0;0;0;0;0;1;0;0;0;0;0;1;1
33837;14;0;0;1;0;0;0;0;0;1;1;-0.01627604104578495;15;8.052978515625;23.055419921875;8.055419921875;0.00244140625;0;0;0;0;1;1;0;0;0;0;0;0;0;1;0;0;0;0;0;1;1
33846;14;0;0;1;0;0;0;0;0;1;1;-0.01627604104578495;15;8.052978515625;23.055419921875;8.055419921875;0.00244140625;0;0;0;0;1;1;0;0;0;0;0;0;0;1;0;0;0;0;0;1;1
33856;14;0;0;1;0;0;0;0;0;1;1;-0.01627604104578495;15;8.052978515625;23.055419921875;8.055419921875;0.00244140625;0;0;0;0;1;1;0;0;0;0;0;0;0;1;0;0;0;0;0;1;1
33867;14;0;0;1;0;0;0;0;0;1;1;-0.01627604104578495;15;8.052978515625;23.055419921875;8.055419921875;0.00244140625;0;0;0;0;1;1;0;0;0;0;0;0;0;1;0;0;0;0;0;1;1
33876;14;0;0;1;0;0;0;0;0;1;1;-0.01627604104578495;15;8.052978515625;23.055419921875;8.055419921875;0.00244140625;0;0;0;0;1;1;0;0;0;0;0;0;0;1;0;0;0;0;0;1;1
33886;14;0;0;1;0;0;0;0;0;1;1;-0.01627604104578495;15;8.052978515625;23.055419921875;8.055419921875;0.00244140625;0;0;0;0;1;1;0;0;0;0;0;0;0;1;0;0;0;0;0;1;1
33896;14;0;0;1;0;0;0;0;0;1;1;-0.01627604104578495;15;8.052978515625;23.055419921875;8.055419921875;0.00244140625;0;0;0;0;1;1;0;0;0;0;0;0;0;1;0;0;0;0;0;1;1
33906;14;0;0;1;0;0;0;0;0;1;1;-0.01627604104578495;15;8.052978515625;23.055419921875;8.055419921875;0.00244140625;0;0;0;0;1;1;0;0;0;0;0;0;0;1;0;0;0;0;0;1;1
33916;14;0;0;1;0;0;0;0;0;1;1;-0.01627604104578495;15;8.052978515625;23.055419921875;8.055419921875;0.00244140625;0;0;0;0;1;1;0;0;0;0;0;0;0;1;0;0;0;0;0;1;1
33926;14;0;0;1;0;0;0;0;0;1;1;-0.01627604104578495;15;8.052978515625;23.055419921875;8.055419921875;0.00244140625;0;0;0;0;1;1;0;0;0;0;0;0;0;1;0;0;0;0;0;1;1
33936;14;0;0;1;0;0;0;0;0;1;1;-0.01627604104578495;15;8.052978515625;23.055419921875;8.055419921875;0.00244140625;0;0;0;0;1;1;0;0;0;0;0;0;0;1;0;0;0;0;0;1;1
33946;14;0;0;1;0;0;0;0;0;1;1;-0.01627604104578495;15;8.052978515625;23.055419921875;8.055419921875;0.00244140625;0;0;0;0;1;1;0;0;0;0;0;0;0;1;0;0;0;0;0;1;1
33956;14;0;0;1;0;0;0;0;0;1;1;-0.01627604104578495;15;8.052978515625;23.055419921875;8.055419921875;0.00244140625;0;0;0;0;1;1;0;0;0;0;0;0;0;1;0;0;0;0;0;1;1
33967;14;0;0;1;0;0;0;0;0;1;1;-0.01627604104578495;15;8.052978515625;23.055419921875;8.055419921875;0.00244140625;0;0;0;0;1;1;0;0;0;0;0;0;0;1;0;0;0;0;0;1;1
33976;14;0;0;1;0;0;0;0;0;1;1;-0.01627604104578495;15;8.052978515625;23.055419921875;8.055419921875;0.00244140625;0;0;0;0;1;1;0;0;0;0;0;0;0;1;0;0;0;0;0;1;1
33986;14;0;0;1;0;0;0;0;0;1;1;-0.01627604104578495;15;8.052978515625;23.055419921875;8.055419921875;0.00244140625;0;0;0;0;1;1;0;0;0;0;0;0;0;1;0;0;0;0;0;1;1
33996;14;0;0;1;0;0;0;0;0;1;1;-0.01627604104578495;15;8.052978515625;23.055419921875;8.055419921875;0.00244140625;0;0;0;0;1;1;0;0;0;0;0;0;0;1;0;0;0;0;0;1;1
34006;14;0;0;1;0;0;0;0;0;1;1;-0.01627604104578495;15;8.052978515625;23.055419921875;8.055419921875;0.00244140625;0;0;0;0;1;1;0;0;0;0;0;0;0;1;0;0;0;0;0;1;1
34016;14;0;0;1;0;0;0;0;0;1;1;-0.01627604104578495;15;8.052978515625;23.055419921875;8.055419921875;0.00244140625;0;0;0;0;1;1;0;0;0;0;0;0;0;1;0;0;0;0;0;1;1
34026;14;0;0;1;0;0;0;0;0;1;1;-0.01627604104578495;15;8.052978515625;23.055419921875;8.055419921875;0.00244140625;0;0;0;0;1;1;0;0;0;0;0;0;0;1;0;0;0;0;0;1;1
34036;14;0;0;1;0;0;0;0;0;1;1;-0.01627604104578495;15;8.052978515625;23.055419921875;8.055419921875;0.00244140625;0;0;0;0;1;1;0;0;0;0;0;0;0;1;0;0;0;0;0;1;1
34046;14;0;0;1;0;0;0;0;0;1;1;-0.01627604104578495;15;8.052978515625;23.055419921875;8.055419921875;0.00244140625;0;0;0;0;1;1;0;0;0;0;0;0;0;1;0;0;0;0;0;1;1
34056;14;0;0;1;0;0;0;0;0;1;1;-0.01627604104578495;15;8.052978515625;23.055419921875;8.055419921875;0.00244140625;0;0;0;0;1;1;0;0;0;0;0;0;0;1;0;0;0;0;0;1;1
34067;14;0;0;1;0;0;0;0;0;1;1;-0.01627604104578495;15;8.052978515625;23.055419921875;8.055419921875;0.00244140625;0;0;0;0;1;1;0;0;0;0;0;0;0;1;0;0;0;0;0;1;1
34076;14;0;0;1;0;0;0;0;0;1;1;-0.01627604104578495;15;8.052978515625;23.055419921875;8.055419921875;0.00244140625;0;0;0;0;1;1;0;0;0;0;0;0;0;1;0;0;0;0;0;1;1
34086;14;0;0;1;0;0;0;0;0;1;1;-0.01627604104578495;15;8.052978515625;23.055419921875;8.055419921875;0.00244140625;0;0;0;0;1;1;0;0;0;0;0;0;0;1;0;0;0;0;0;1;1
34096;14;0;0;1;0;0;0;0;0;1;1;-0.01627604104578495;15;8.052978515625;23.055419921875;8.055419921875;0.00244140625;0;0;0;0;1;1;0;0;0;0;0;0;0;1;0;0;0;0;0;1;1
34106;14;0;0;1;0;0;0;0;0;1;1;-0.01627604104578495;15;8.052978515625;23.055419921875;8.055419921875;0.00244140625;0;0;0;0;1;1;0;0;0;0;0;0;0;1;0;0;0;0;0;1;1
34116;14;0;0;1;0;0;0;0;0;1;1;-0.01627604104578495;15;8.052978515625;23.055419921875;8.055419921875;0.00244140625;0;0;0;0;1;1;0;0;0;0;0;0;0;1;0;0;0;0;0;1;1
34126;14;0;0;1;0;0;0;0;0;1;1;-0.01627604104578495;15;8.052978515625;23.055419921875;8.055419921875;0.00244140625;0;0;0;0;1;1;0;0;0;0;0;0;0;1;0;0;0;0;0;1;1
34138;14;0;0;1;0;0;0;0;0;1;1;-0.01627604104578495;15;8.052978515625;23.055419921875;8.055419921875;0.00244140625;0;0;0;0;1;1;0;0;0;0;0;0;0;1;0;0;0;0;0;1;1
34146;14;0;0;1;0;0;0;0;0;1;1;-0.01627604104578495;15;8.052978515625;23.055419921875;8.055419921875;0.00244140625;0;0;0;0;1;1;0;0;0;0;0;0;0;1;0;0;0;0;0;1;1
34156;14;0;0;1;0;0;0;0;0;1;1;-0.01627604104578495;15;8.052978515625;23.055419921875;8.055419921875;0.00244140625;0;0;0;0;1;1;0;0;0;0;0;0;0;1;0;0;0;0;0;1;1
34166;14;0;0;1;0;0;0;0;0;1;1;-0.01627604104578495;15;8.052978515625;23.055419921875;8.055419921875;0.00244140625;0;0;0;0;1;1;0;0;0;0;0;0;0;1;0;0;0;0;0;1;1
34176;14;0;0;1;0;0;0;0;0;1;1;-0.01627604104578495;15;8.052978515625;23.055419921875;8.055419921875;0.00244140625;0;0;0;0;1;1;0;0;0;0;0;0;0;1;0;0;0;0;0;1;1
34186;14;0;0;1;0;0;0;0;0;1;1;-0.01627604104578495;15;8.052978515625;23.055419921875;8.055419921875;0.00244140625;0;0;0;0;1;1;0;0;0;0;0;0;0;1;0;0;0;0;0;1;1
34196;14;0;0;1;0;0;0;0;0;1;1;-0.01627604104578495;15;8.052978515625;23.055419921875;8.055419921875;0.00244140625;0;0;0;0;1;1;0;0;0;0;0;0;0;1;0;0;0;0;0;1;1
34206;14;0;0;1;0;0;0;0;0;1;1;-0.01627604104578495;15;8.052978515625;23.055419921875;8.055419921875;0.00244140625;0;0;0;0;1;1;0;0;0;0;0;0;0;1;0;0;0;0;0;1;1
34216;14;0;0;1;0;0;0;0;0;1;1;-0.01627604104578495;15;8.052978515625;23.055419921875;8.055419921875;0.00244140625;0;0;0;0;1;1;0;0;0;0;0;0;0;1;0;0;0;0;0;1;1
34226;14;0;0;1;0;0;0;0;0;1;1;-0.01627604104578495;15;8.052978515625;23.055419921875;8.055419921875;0.00244140625;0;0;0;0;1;1;0;0;0;0;0;0;0;1;0;0;0;0;0;1;1
34237;14;0;0;1;0;0;0;0;0;1;1;-0.01627604104578495;15;8.052978515625;23.055419921875;8.055419921875;0.00244140625;0;0;0;0;1;1;0;0;0;0;0;0;0;1;0;0;0;0;0;1;1
34246;14;0;0;1;0;0;0;0;0;1;1;-0.01627604104578495;15;8.052978515625;23.055419921875;8.055419921875;0.00244140625;0;0;0;0;1;1;0;0;0;0;0;0;0;1;0;0;0;0;0;1;1
34259;14;0;0;1;0;0;0;0;0;1;1;-0.01627604104578495;15;8.052978515625;23.055419921875;8.055419921875;0.00244140625;0;0;0;0;1;1;0;0;0;0;0;0;0;1;0;0;0;0;0;1;1
34266;14;0;0;1;0;0;0;0;0;1;1;-0.01627604104578495;15;8.052978515625;23.055419921875;8.055419921875;0.00244140625;0;0;0;0;1;1;0;0;0;0;0;0;0;1;0;0;0;0;0;1;1
34276;14;0;0;1;0;0;0;0;0;1;1;-0.01627604104578495;15;8.052978515625;23.055419921875;8.055419921875;0.00244140625;0;0;0;0;1;1;0;0;0;0;0;0;0;1;0;0;0;0;0;1;1
34286;14;0;0;1;0;0;0;0;0;1;1;-0.01627604104578495;15;8.052978515625;23.055419921875;8.055419921875;0.00244140625;0;0;0;0;1;1;0;0;0;0;0;0;0;1;0;0;0;0;0;1;1
34297;14;0;0;1;0;0;0;0;0;1;1;-0.01627604104578495;15;8.052978515625;23.055419921875;8.055419921875;0.00244140625;0;0;0;0;1;1;0;0;0;0;0;0;0;1;0;0;0;0;0;1;1
34306;14;0;0;1;0;0;0;0;0;1;1;-0.01627604104578495;15;8.052978515625;23.055419921875;8.055419921875;0.00244140625;0;0;0;0;1;1;0;0;0;0;0;0;0;1;0;0;0;0;0;1;1
34316;14;0;0;1;0;0;0;0;0;1;1;-0.01627604104578495;15;8.052978515625;23.055419921875;8.055419921875;0.00244140625;0;0;0;0;1;1;0;0;0;0;0;0;0;1;0;0;0;0;0;1;1
34326;14;0;0;1;0;0;0;0;0;1;1;-0.01627604104578495;15;8.052978515625;23.055419921875;8.055419921875;0.00244140625;0;0;0;0;1;1;0;0;0;0;0;0;0;1;0;0;0;0;0;1;1
34336;14;0;0;1;0;0;0;0;0;1;1;-0.01627604104578495;15;8.052978515625;23.055419921875;8.055419921875;0.00244140625;0;0;0;0;1;1;0;0;0;0;0;0;0;1;0;0;0;0;0;1;1
34346;14;0;0;1;0;0;0;0;0;1;1;-0.01627604104578495;15;8.052978515625;23.055419921875;8.055419921875;0.00244140625;0;0;0;0;1;1;0;0;0;0;0;0;0;1;0;0;0;0;0;1;1
34356;14;0;0;1;0;0;0;0;0;1;1;-0.01627604104578495;15;8.052978515625;23.055419921875;8.055419921875;0.00244140625;0;0;0;0;1;1;0;0;0;0;0;0;0;1;0;0;0;0;0;1;1
34366;14;0;0;1;0;0;0;0;0;1;1;-0.01627604104578495;15;8.052978515625;23.055419921875;8.055419921875;0.00244140625;0;0;0;0;1;1;0;0;0;0;0;0;0;1;0;0;0;0;0;1;1
34379;14;0;0;1;0;0;0;0;0;1;1;-0.01627604104578495;15;8.052978515625;23.055419921875;8.055419921875;0.00244140625;0;0;0;0;1;1;0;0;0;0;0;0;0;1;0;0;0;0;0;1;1
34386;14;0;0;1;0;0;0;0;0;1;1;-0.01627604104578495;15;8.052978515625;23.055419921875;8.055419921875;0.00244140625;0;0;0;0;1;1;0;0;0;0;0;0;0;1;0;0;0;0;0;1;1
34396;14;0;0;1;0;0;0;0;0;1;1;-0.01627604104578495;15;8.052978515625;23.055419921875;8.055419921875;0.00244140625;0;0;0;0;1;1;0;0;0;0;0;0;0;1;0;0;0;0;0;1;1
34406;14;0;0;1;0;0;0;0;0;1;1;-0.01627604104578495;15;8.052978515625;23.055419921875;8.055419921875;0.00244140625;0;0;0;0;1;1;0;0;0;0;0;0;0;1;0;0;0;0;0;1;1
34416;14;0;0;1;0;0;0;0;0;1;1;-0.01627604104578495;15;8.052978515625;23.055419921875;8.055419921875;0.00244140625;0;0;0;0;1;1;0;0;0;0;0;0;0;1;0;0;0;0;0;1;1
34426;14;0;0;1;0;0;0;0;0;1;1;-0.01627604104578495;15;8.052978515625;23.055419921875;8.055419921875;0.00244140625;0;0;0;0;1;1;0;0;0;0;0;0;0;1;0;0;0;0;0;1;1
34436;14;0;0;1;0;0;0;0;0;1;1;-0.01627604104578495;15;8.052978515625;23.055419921875;8.055419921875;0.00244140625;0;0;0;0;1;1;0;0;0;0;0;0;0;1;0;0;0;0;0;1;1
34446;14;0;0;1;0;0;0;0;0;1;1;-0.01627604104578495;15;8.052978515625;23.055419921875;8.055419921875;0.00244140625;0;0;0;0;1;1;0;0;0;0;0;0;0;1;0;0;0;0;0;1;1
34456;14;0;0;1;0;0;0;0;0;1;1;-0.01627604104578495;15;8.052978515625;23.055419921875;8.055419921875;0.00244140625;0;0;0;0;1;1;0;0;0;0;0;0;0;1;0;0;0;0;0;1;1
34467;14;0;0;1;0;0;0;0;0;1;1;-0.01627604104578495;15;8.052978515625;23.055419921875;8.055419921875;0.00244140625;0;0;0;0;1;1;0;0;0;0;0;0;0;1;0;0;0;0;0;1;1
34476;14;0;0;1;0;0;0;0;0;1;1;-0.01627604104578495;15;8.052978515625;23.055419921875;8.055419921875;0.00244140625;0;0;0;0;1;1;0;0;0;0;0;0;0;1;0;0;0;0;0;1;1
34486;14;0;0;1;0;0;0;0;0;1;1;-0.01627604104578495;15;8.052978515625;23.055419921875;8.055419921875;0.00244140625;0;0;0;0;1;1;0;0;0;0;0;0;0;1;0;0;0;0;0;1;1
34496;14;0;0;1;0;0;0;0;0;1;1;-0.01627604104578495;15;8.052978515625;23.055419921875;8.055419921875;0.00244140625;0;0;0;0;1;1;0;0;0;0;0;0;0;1;0;0;0;0;0;1;1
34506;14;0;0;1;0;0;0;0;0;1;1;-0.01627604104578495;15;8.052978515625;23.055419921875;8.055419921875;0.00244140625;0;0;0;0;1;1;0;0;0;0;0;0;0;1;0;0;0;0;0;1;1
34517;14;0;0;1;0;0;0;0;0;1;1;-0.01627604104578495;15;8.052978515625;23.055419921875;8.055419921875;0.00244140625;0;0;0;0;1;1;0;0;0;0;0;0;0;1;0;0;0;0;0;1;1
34526;14;0;0;1;0;0;0;0;0;1;1;-0.01627604104578495;15;8.052978515625;23.055419921875;8.055419921875;0.00244140625;0;0;0;0;1;1;0;0;0;0;0;0;0;1;0;0;0;0;0;1;1
34536;14;0;0;1;0;0;0;0;0;1;1;-0.01627604104578495;15;8.052978515625;23.055419921875;8.055419921875;0.00244140625;0;0;0;0;1;1;0;0;0;0;0;0;0;1;0;0;0;0;0;1;1
34546;14;0;0;1;0;0;0;0;0;1;1;-0.01627604104578495;15;8.052978515625;23.055419921875;8.055419921875;0.00244140625;0;0;0;0;1;1;0;0;0;0;0;0;0;1;0;0;0;0;0;1;1
34556;14;0;0;1;0;0;0;0;0;1;1;-0.01627604104578495;15;8.052978515625;23.055419921875;8.055419921875;0.00244140625;0;0;0;0;1;1;0;0;0;0;0;0;0;1;0;0;0;0;0;1;1
34567;14;0;0;1;0;0;0;0;0;1;1;-0.01627604104578495;15;8.052978515625;23.055419921875;8.055419921875;0.00244140625;0;0;0;0;1;1;0;0;0;0;0;0;0;1;0;0;0;0;0;1;1
34576;14;0;0;1;0;0;0;0;0;1;1;-0.01627604104578495;15;8.052978515625;23.055419921875;8.055419921875;0.00244140625;0;0;0;0;1;1;0;0;0;0;0;0;0;1;0;0;0;0;0;1;1
34586;14;0;0;1;0;0;0;0;0;1;1;-0.01627604104578495;15;8.052978515625;23.055419921875;8.055419921875;0.00244140625;0;0;0;0;1;1;0;0;0;0;0;0;0;1;0;0;0;0;0;1;1
34596;14;0;0;1;0;0;0;0;0;1;1;-0.01627604104578495;15;8.052978515625;23.055419921875;8.055419921875;0.00244140625;0;0;0;0;1;1;0;0;0;0;0;0;0;1;0;0;0;0;0;1;1
34606;14;0;0;1;0;0;0;0;0;1;1;-0.01627604104578495;15;8.052978515625;23.055419921875;8.055419921875;0.00244140625;0;0;0;0;1;1;0;0;0;0;0;0;0;1;0;0;0;0;0;1;1
34616;14;0;0;1;0;0;0;0;0;1;1;-0.01627604104578495;15;8.052978515625;23.055419921875;8.055419921875;0.00244140625;0;0;0;0;1;1;0;0;0;0;0;0;0;1;0;0;0;0;0;1;1
34627;14;0;0;1;0;0;0;0;0;1;1;-0.01627604104578495;15;8.052978515625;23.055419921875;8.055419921875;0.00244140625;0;0;0;0;1;1;0;0;0;0;0;0;0;1;0;0;0;0;0;1;1
34636;14;0;0;1;0;0;0;0;0;1;1;-0.01627604104578495;15;8.052978515625;23.055419921875;8.055419921875;0.00244140625;0;0;0;0;1;1;0;0;0;0;0;0;0;1;0;0;0;0;0;1;1
34646;14;0;0;1;0;0;0;0;0;1;1;-0.01627604104578495;15;8.052978515625;23.055419921875;8.055419921875;0.00244140625;0;0;0;0;1;1;0;0;0;0;0;0;0;1;0;0;0;0;0;1;1
34656;14;0;0;1;0;0;0;0;0;1;1;-0.01627604104578495;15;8.052978515625;23.055419921875;8.055419921875;0.00244140625;0;0;0;0;1;1;0;0;0;0;0;0;0;1;0;0;0;0;0;1;1
34666;14;0;0;1;0;0;0;0;0;1;1;-0.01627604104578495;15;8.052978515625;23.055419921875;8.055419921875;0.00244140625;0;0;0;0;1;1;0;0;0;0;0;0;0;1;0;0;0;0;0;1;1
34676;14;0;0;1;0;0;0;0;0;1;1;-0.01627604104578495;15;8.052978515625;23.055419921875;8.055419921875;0.00244140625;0;0;0;0;1;1;0;0;0;0;0;0;0;1;0;0;0;0;0;1;1
34687;14;0;0;1;0;0;0;0;0;1;1;-0.01627604104578495;15;8.052978515625;23.055419921875;8.055419921875;0.00244140625;0;0;0;0;1;1;0;0;0;0;0;0;0;1;0;0;0;0;0;1;1
34697;14;0;0;1;0;0;0;0;0;1;1;-0.01627604104578495;15;8.052978515625;23.055419921875;8.055419921875;0.00244140625;0;0;0;0;1;1;0;0;0;0;0;0;0;1;0;0;0;0;0;1;1
34706;14;0;0;1;0;0;0;0;0;1;1;-0.01627604104578495;15;8.052978515625;23.055419921875;8.055419921875;0.00244140625;0;0;0;0;1;1;0;0;0;0;0;0;0;1;0;0;0;0;0;1;1
34716;14;0;0;1;0;0;0;0;0;1;1;-0.01627604104578495;15;8.052978515625;23.055419921875;8.055419921875;0.00244140625;0;0;0;0;1;1;0;0;0;0;0;0;0;1;0;0;0;0;0;1;1
34727;14;0;0;1;0;0;0;0;0;1;1;-0.01627604104578495;15;8.052978515625;23.055419921875;8.055419921875;0.00244140625;0;0;0;0;1;1;0;0;0;0;0;0;0;1;0;0;0;0;0;1;1
34736;14;0;0;1;0;0;0;0;0;1;1;-0.01627604104578495;15;8.052978515625;23.055419921875;8.055419921875;0.00244140625;0;0;0;0;1;1;0;0;0;0;0;0;0;1;0;0;0;0;0;1;1
34746;14;0;0;1;0;0;0;0;0;1;1;-0.01627604104578495;15;8.052978515625;23.055419921875;8.055419921875;0.00244140625;0;0;0;0;1;1;0;0;0;0;0;0;0;1;0;0;0;0;0;1;1
34756;14;0;0;1;0;0;0;0;0;1;1;-0.01627604104578495;15;8.052978515625;23.055419921875;8.055419921875;0.00244140625;0;0;0;0;1;1;0;0;0;0;0;0;0;1;0;0;0;0;0;1;1
34766;14;0;0;1;0;0;0;0;0;1;1;-0.01627604104578495;15;8.052978515625;23.055419921875;8.055419921875;0.00244140625;0;0;0;0;1;1;0;0;0;0;0;0;0;1;0;0;0;0;0;1;1
34776;14;0;0;1;0;0;0;0;0;1;1;-0.01627604104578495;15;8.052978515625;23.055419921875;8.055419921875;0.00244140625;0;0;0;0;1;1;0;0;0;0;0;0;0;1;0;0;0;0;0;1;1
34786;14;0;0;1;0;0;0;0;0;1;1;-0.01627604104578495;15;8.052978515625;23.055419921875;8.055419921875;0.00244140625;0;0;0;0;1;1;0;0;0;0;0;0;0;1;0;0;0;0;0;1;1
34797;14;0;0;1;0;0;0;0;0;1;1;-0.01627604104578495;15;8.052978515625;23.055419921875;8.055419921875;0.00244140625;0;0;0;0;1;1;0;0;0;0;0;0;0;1;0;0;0;0;0;1;1
34806;14;0;0;1;0;0;0;0;0;1;1;-0.01627604104578495;15;8.052978515625;23.055419921875;8.055419921875;0.00244140625;0;0;0;0;1;1;0;0;0;0;0;0;0;1;0;0;0;0;0;1;1
34816;14;0;0;1;0;0;0;0;0;1;1;-0.01627604104578495;15;8.052978515625;23.055419921875;8.055419921875;0.00244140625;0;0;0;0;1;1;0;0;0;0;0;0;0;1;0;0;0;0;0;1;1
34826;14;0;0;1;0;0;0;0;0;1;1;-0.01627604104578495;15;8.052978515625;23.055419921875;8.055419921875;0.00244140625;0;0;0;0;1;1;0;0;0;0;0;0;0;1;0;0;0;0;0;1;1
34836;14;0;0;1;0;0;0;0;0;1;1;-0.01627604104578495;15;8.052978515625;23.055419921875;8.055419921875;0.00244140625;0;0;0;0;1;1;0;0;0;0;0;0;0;1;0;0;0;0;0;1;1
34846;14;0;0;1;0;0;0;0;0;1;1;-0.01627604104578495;15;8.052978515625;23.055419921875;8.055419921875;0.00244140625;0;0;0;0;1;1;0;0;0;0;0;0;0;1;0;0;0;0;0;1;1
34856;14;0;0;1;0;0;0;0;0;1;1;-0.01627604104578495;15;8.052978515625;23.055419921875;8.055419921875;0.00244140625;0;0;0;0;1;1;0;0;0;0;0;0;0;1;0;0;0;0;0;1;1
34866;14;0;0;1;0;0;0;0;0;1;1;-0.01627604104578495;15;8.052978515625;23.055419921875;8.055419921875;0.00244140625;0;0;0;0;1;1;0;0;0;0;0;0;0;1;0;0;0;0;0;1;1
34876;14;0;0;1;0;0;0;0;0;1;1;-0.01627604104578495;15;8.052978515625;23.055419921875;8.055419921875;0.00244140625;0;0;0;0;1;1;0;0;0;0;0;0;0;1;0;0;0;0;0;1;1
34886;14;0;0;1;0;0;0;0;0;1;1;-0.01627604104578495;15;8.052978515625;23.055419921875;8.055419921875;0.00244140625;0;0;0;0;1;1;0;0;0;0;0;0;0;1;0;0;0;0;0;1;1
34897;14;0;0;1;0;0;0;0;0;1;1;-0.01627604104578495;15;8.052978515625;23.055419921875;8.055419921875;0.00244140625;0;0;0;0;1;1;0;0;0;0;0;0;0;1;0;0;0;0;0;1;1
34906;14;0;0;1;0;0;0;0;0;1;1;-0.01627604104578495;15;8.052978515625;23.055419921875;8.055419921875;0.00244140625;0;0;0;0;1;1;0;0;0;0;0;0;0;1;0;0;0;0;0;1;1
34916;14;0;0;1;0;0;0;0;0;1;1;-0.01627604104578495;15;8.052978515625;23.055419921875;8.055419921875;0.00244140625;0;0;0;0;1;1;0;0;0;0;0;0;0;1;0;0;0;0;0;1;1
34926;14;0;0;1;0;0;0;0;0;1;1;-0.01627604104578495;15;8.052978515625;23.055419921875;8.055419921875;0.00244140625;0;0;0;0;1;1;0;0;0;0;0;0;0;1;0;0;0;0;0;1;1
34936;14;0;0;1;0;0;0;0;0;1;1;-0.01627604104578495;15;8.052978515625;23.055419921875;8.055419921875;0.00244140625;0;0;0;0;1;1;0;0;0;0;0;0;0;1;0;0;0;0;0;1;1
34946;14;0;0;1;0;0;0;0;0;1;1;-0.01627604104578495;15;8.052978515625;23.055419921875;8.055419921875;0.00244140625;0;0;0;0;1;1;0;0;0;0;0;0;0;1;0;0;0;0;0;1;1
34957;14;0;0;1;0;0;0;0;0;1;1;-0.01627604104578495;15;8.052978515625;23.055419921875;8.055419921875;0.00244140625;0;0;0;0;1;1;0;0;0;0;0;0;0;1;0;0;0;0;0;1;1
34966;14;0;0;1;0;0;0;0;0;1;1;-0.01627604104578495;15;8.052978515625;23.055419921875;8.055419921875;0.00244140625;0;0;0;0;1;1;0;0;0;0;0;0;0;1;0;0;0;0;0;1;1
34976;14;0;0;1;0;0;0;0;0;1;1;-0.01627604104578495;15;8.052978515625;23.055419921875;8.055419921875;0.00244140625;0;0;0;0;1;1;0;0;0;0;0;0;0;1;0;0;0;0;0;1;1
34986;14;0;0;1;0;0;0;0;0;1;1;-0.01627604104578495;15;8.052978515625;23.055419921875;8.055419921875;0.00244140625;0;0;0;0;1;1;0;0;0;0;0;0;0;1;0;0;0;0;0;1;1
34996;14;0;0;1;0;0;0;0;0;1;1;-0.01627604104578495;15;8.052978515625;23.055419921875;8.055419921875;0.00244140625;0;0;0;0;1;1;0;0;0;0;0;0;0;1;0;0;0;0;0;1;1
35006;14;0;0;1;0;0;0;0;0;1;1;-0.01627604104578495;15;8.052978515625;23.055419921875;8.055419921875;0.00244140625;0;0;0;0;1;1;0;0;0;0;0;0;0;1;0;0;0;0;0;1;1
35016;14;0;0;1;0;0;0;0;0;1;1;-0.01627604104578495;15;8.052978515625;23.055419921875;8.055419921875;0.00244140625;0;0;0;0;1;1;0;0;0;0;0;0;0;1;0;0;0;0;0;1;1
35026;14;0;0;1;0;0;0;0;0;1;1;-0.01627604104578495;15;8.052978515625;23.055419921875;8.055419921875;0.00244140625;0;0;0;0;1;1;0;0;0;0;0;0;0;1;0;0;0;0;0;1;1
35036;14;0;0;1;0;0;0;0;0;1;1;-0.01627604104578495;15;8.052978515625;23.055419921875;8.055419921875;0.00244140625;0;0;0;0;1;1;0;0;0;0;0;0;0;1;0;0;0;0;0;1;1
35046;14;0;0;1;0;0;0;0;0;1;1;-0.01627604104578495;15;8.052978515625;23.055419921875;8.055419921875;0.00244140625;0;0;0;0;1;1;0;0;0;0;0;0;0;1;0;0;0;0;0;1;1
35057;14;0;0;1;0;0;0;0;0;1;1;-0.01627604104578495;15;8.052978515625;23.055419921875;8.055419921875;0.00244140625;0;0;0;0;1;1;0;0;0;0;0;0;0;1;0;0;0;0;0;1;1
35066;14;0;0;1;0;0;0;0;0;1;1;-0.01627604104578495;15;8.052978515625;23.055419921875;8.055419921875;0.00244140625;0;0;0;0;1;1;0;0;0;0;0;0;0;1;0;0;0;0;0;1;1
35076;14;0;0;1;0;0;0;0;0;1;1;-0.01627604104578495;15;8.052978515625;23.055419921875;8.055419921875;0.00244140625;0;0;0;0;1;1;0;0;0;0;0;0;0;1;0;0;0;0;0;1;1
35086;14;0;0;1;0;0;0;0;0;1;1;-0.01627604104578495;15;8.052978515625;23.055419921875;8.055419921875;0.00244140625;0;0;0;0;1;1;0;0;0;0;0;0;0;1;0;0;0;0;0;1;1
35096;14;0;0;1;0;0;0;0;0;1;1;-0.01627604104578495;15;8.052978515625;23.055419921875;8.055419921875;0.00244140625;0;0;0;0;1;1;0;0;0;0;0;0;0;1;0;0;0;0;0;1;1
35106;14;0;0;1;0;0;0;0;0;1;1;-0.01627604104578495;15;8.052978515625;23.055419921875;8.055419921875;0.00244140625;0;0;0;0;1;1;0;0;0;0;0;0;0;1;0;0;0;0;0;1;1
35116;14;0;0;1;0;0;0;0;0;1;1;-0.01627604104578495;15;8.052978515625;23.055419921875;8.055419921875;0.00244140625;0;0;0;0;1;1;0;0;0;0;0;0;0;1;0;0;0;0;0;1;1
35127;14;0;0;1;0;0;0;0;0;1;1;-0.01627604104578495;15;8.052978515625;23.055419921875;8.055419921875;0.00244140625;0;0;0;0;1;1;0;0;0;0;0;0;0;1;0;0;0;0;0;1;1
35136;14;0;0;1;0;0;0;0;0;1;1;-0.01627604104578495;15;8.052978515625;23.055419921875;8.055419921875;0.00244140625;0;0;0;0;1;1;0;0;0;0;0;0;0;1;0;0;0;0;0;1;1
35146;14;0;0;1;0;0;0;0;0;1;1;-0.01627604104578495;15;8.052978515625;23.055419921875;8.055419921875;0.00244140625;0;0;0;0;1;1;0;0;0;0;0;0;0;1;0;0;0;0;0;1;1
35156;14;0;0;1;0;0;0;0;0;1;1;-0.01627604104578495;15;8.052978515625;23.055419921875;8.055419921875;0.00244140625;0;0;0;0;1;1;0;0;0;0;0;0;0;1;0;0;0;0;0;1;1
35166;14;0;0;1;0;0;0;0;0;1;1;-0.01627604104578495;15;8.052978515625;23.055419921875;8.055419921875;0.00244140625;0;0;0;0;1;1;0;0;0;0;0;0;0;1;0;0;0;0;0;1;1
35176;14;0;0;1;0;0;0;0;0;1;1;-0.01627604104578495;15;8.052978515625;23.055419921875;8.055419921875;0.00244140625;0;0;0;0;1;1;0;0;0;0;0;0;0;1;0;0;0;0;0;1;1
35186;14;0;0;1;0;0;0;0;0;1;1;-0.01627604104578495;15;8.052978515625;23.055419921875;8.055419921875;0.00244140625;0;0;0;0;1;1;0;0;0;0;0;0;0;1;0;0;0;0;0;1;1
35196;14;0;0;1;0;0;0;0;0;1;1;-0.01627604104578495;15;8.052978515625;23.055419921875;8.055419921875;0.00244140625;0;0;0;0;1;1;0;0;0;0;0;0;0;1;0;0;0;0;0;1;1
35206;14;0;0;1;0;0;0;0;0;1;1;-0.01627604104578495;15;8.052978515625;23.055419921875;8.055419921875;0.00244140625;0;0;0;0;1;1;0;0;0;0;0;0;0;1;0;0;0;0;0;1;1
35220;14;0;0;1;0;0;0;0;0;1;1;-0.01627604104578495;15;8.052978515625;23.055419921875;8.055419921875;0.00244140625;0;0;0;0;1;1;0;0;0;0;0;0;0;1;0;0;0;0;0;1;1
35228;14;0;0;1;0;0;0;0;0;1;1;-0.01627604104578495;15;8.052978515625;23.055419921875;8.055419921875;0.00244140625;0;0;0;0;1;1;0;0;0;0;0;0;0;1;0;0;0;0;0;1;1
35236;14;0;0;1;0;0;0;0;0;1;1;-0.01627604104578495;15;8.052978515625;23.055419921875;8.055419921875;0.00244140625;0;0;0;0;1;1;0;0;0;0;0;0;0;1;0;0;0;0;0;1;1
35246;14;0;0;1;0;0;0;0;0;1;1;-0.01627604104578495;15;8.052978515625;23.055419921875;8.055419921875;0.00244140625;0;0;0;0;1;1;0;0;0;0;0;0;0;1;0;0;0;0;0;1;1
35256;14;0;0;1;0;0;0;0;0;1;1;-0.01627604104578495;15;8.052978515625;23.055419921875;8.055419921875;0.00244140625;0;0;0;0;1;1;0;0;0;0;0;0;0;1;0;0;0;0;0;1;1
35266;14;0;0;1;0;0;0;0;0;1;1;-0.01627604104578495;15;8.052978515625;23.055419921875;8.055419921875;0.00244140625;0;0;0;0;1;1;0;0;0;0;0;0;0;1;0;0;0;0;0;1;1
35276;14;0;0;1;0;0;0;0;0;1;1;-0.01627604104578495;15;8.052978515625;23.055419921875;8.055419921875;0.00244140625;0;0;0;0;1;1;0;0;0;0;0;0;0;1;0;0;0;0;0;1;1
35287;14;0;0;1;0;0;0;0;0;1;1;-0.01627604104578495;15;8.052978515625;23.055419921875;8.055419921875;0.00244140625;0;0;0;0;1;1;0;0;0;0;0;0;0;1;0;0;0;0;0;1;1
35296;14;0;0;1;0;0;0;0;0;1;1;-0.01627604104578495;15;8.052978515625;23.055419921875;8.055419921875;0.00244140625;0;0;0;0;1;1;0;0;0;0;0;0;0;1;0;0;0;0;0;1;1
35306;14;0;0;1;0;0;0;0;0;1;1;-0.01627604104578495;15;8.052978515625;23.055419921875;8.055419921875;0.00244140625;0;0;0;0;1;1;0;0;0;0;0;0;0;1;0;0;0;0;0;1;1
35316;14;0;0;1;0;0;0;0;0;1;1;-0.01627604104578495;15;8.052978515625;23.055419921875;8.055419921875;0.00244140625;0;0;0;0;1;1;0;0;0;0;0;0;0;1;0;0;0;0;0;1;1
35326;14;0;0;1;0;0;0;0;0;1;1;-0.01627604104578495;15;8.052978515625;23.055419921875;8.055419921875;0.00244140625;0;0;0;0;1;1;0;0;0;0;0;0;0;1;0;0;0;0;0;1;1
35336;14;0;0;1;0;0;0;0;0;1;1;-0.01627604104578495;15;8.052978515625;23.055419921875;8.055419921875;0.00244140625;0;0;0;0;1;1;0;0;0;0;0;0;0;1;0;0;0;0;0;1;1
35346;14;0;0;1;0;0;0;0;0;1;1;-0.01627604104578495;15;8.052978515625;23.055419921875;8.055419921875;0.00244140625;0;0;0;0;1;1;0;0;0;0;0;0;0;1;0;0;0;0;0;1;1
35356;14;0;0;1;0;0;0;0;0;1;1;-0.01627604104578495;15;8.052978515625;23.055419921875;8.055419921875;0.00244140625;0;0;0;0;1;1;0;0;0;0;0;0;0;1;0;0;0;0;0;1;1
35366;14;0;0;1;0;0;0;0;0;1;1;-0.01627604104578495;15;8.052978515625;23.055419921875;8.055419921875;0.00244140625;0;0;0;0;1;1;0;0;0;0;0;0;0;1;0;0;0;0;0;1;1
35376;14;0;0;1;0;0;0;0;0;1;1;-0.01627604104578495;15;8.052978515625;23.055419921875;8.055419921875;0.00244140625;0;0;0;0;1;1;0;0;0;0;0;0;0;1;0;0;0;0;0;1;1
35387;14;0;0;1;0;0;0;0;0;1;1;-0.01627604104578495;15;8.052978515625;23.055419921875;8.055419921875;0.00244140625;0;0;0;0;1;1;0;0;0;0;0;0;0;1;0;0;0;0;0;1;1
35396;14;0;0;1;0;0;0;0;0;1;1;-0.01627604104578495;15;8.052978515625;23.055419921875;8.055419921875;0.00244140625;0;0;0;0;1;1;0;0;0;0;0;0;0;1;0;0;0;0;0;1;1
35406;14;0;0;1;0;0;0;0;0;1;1;-0.01627604104578495;15;8.052978515625;23.055419921875;8.055419921875;0.00244140625;0;0;0;0;1;1;0;0;0;0;0;0;0;1;0;0;0;0;0;1;1
35416;14;0;0;1;0;0;0;0;0;1;1;-0.01627604104578495;15;8.052978515625;23.055419921875;8.055419921875;0.00244140625;0;0;0;0;1;1;0;0;0;0;0;0;0;1;0;0;0;0;0;1;1
35426;14;0;0;1;0;0;0;0;0;1;1;-0.01627604104578495;15;8.052978515625;23.055419921875;8.055419921875;0.00244140625;0;0;0;0;1;1;0;0;0;0;0;0;0;1;0;0;0;0;0;1;1
35436;14;0;0;1;0;0;0;0;0;1;1;-0.01627604104578495;15;8.052978515625;23.055419921875;8.055419921875;0.00244140625;0;0;0;0;1;1;0;0;0;0;0;0;0;1;0;0;0;0;0;1;1
35446;14;0;0;1;0;0;0;0;0;1;1;-0.01627604104578495;15;8.052978515625;23.055419921875;8.055419921875;0.00244140625;0;0;0;0;1;1;0;0;0;0;0;0;0;1;0;0;0;0;0;1;1
35457;14;0;0;1;0;0;0;0;0;1;1;-0.01627604104578495;15;8.052978515625;23.055419921875;8.055419921875;0.00244140625;0;0;0;0;1;1;0;0;0;0;0;0;0;1;0;0;0;0;0;1;1
35466;14;0;0;1;0;0;0;0;0;1;1;-0.01627604104578495;15;8.052978515625;23.055419921875;8.055419921875;0.00244140625;0;0;0;0;1;1;0;0;0;0;0;0;0;1;0;0;0;0;0;1;1
35476;14;0;0;1;0;0;0;0;0;1;1;-0.01627604104578495;15;8.052978515625;23.055419921875;8.055419921875;0.00244140625;0;0;0;0;1;1;0;0;0;0;0;0;0;1;0;0;0;0;0;1;1
35486;14;0;0;1;0;0;0;0;0;1;1;-0.01627604104578495;15;8.052978515625;23.055419921875;8.055419921875;0.00244140625;0;0;0;0;1;1;0;0;0;0;0;0;0;1;0;0;0;0;0;1;1
35496;14;0;0;1;0;0;0;0;0;1;1;-0.01627604104578495;15;8.052978515625;23.055419921875;8.055419921875;0.00244140625;0;0;0;0;1;1;0;0;0;0;0;0;0;1;0;0;0;0;0;1;1
35506;14;0;0;1;0;0;0;0;0;1;1;-0.01627604104578495;15;8.052978515625;23.055419921875;8.055419921875;0.00244140625;0;0;0;0;1;1;0;0;0;0;0;0;0;1;0;0;0;0;0;1;1
35516;14;0;0;1;0;0;0;0;0;1;1;-0.01627604104578495;15;8.052978515625;23.055419921875;8.055419921875;0.00244140625;0;0;0;0;1;1;0;0;0;0;0;0;0;1;0;0;0;0;0;1;1
35526;14;0;0;1;0;0;0;0;0;1;1;-0.01627604104578495;15;8.052978515625;23.055419921875;8.055419921875;0.00244140625;0;0;0;0;1;1;0;0;0;0;0;0;0;1;0;0;0;0;0;1;1
35536;14;0;0;1;0;0;0;0;0;1;1;-0.01627604104578495;15;8.052978515625;23.055419921875;8.055419921875;0.00244140625;0;0;0;0;1;1;0;0;0;0;0;0;0;1;0;0;0;0;0;1;1
35546;14;0;0;1;0;0;0;0;0;1;1;-0.01627604104578495;15;8.052978515625;23.055419921875;8.055419921875;0.00244140625;0;0;0;0;1;1;0;0;0;0;0;0;0;1;0;0;0;0;0;1;1
35557;14;0;0;1;0;0;0;0;0;1;1;-0.01627604104578495;15;8.052978515625;23.055419921875;8.055419921875;0.00244140625;0;0;0;0;1;1;0;0;0;0;0;0;0;1;0;0;0;0;0;1;1
35566;14;0;0;1;0;0;0;0;0;1;1;-0.01627604104578495;15;8.052978515625;23.055419921875;8.055419921875;0.00244140625;0;0;0;0;1;1;0;0;0;0;0;0;0;1;0;0;0;0;0;1;1
35576;14;0;0;1;0;0;0;0;0;1;1;-0.01627604104578495;15;8.052978515625;23.055419921875;8.055419921875;0.00244140625;0;0;0;0;1;1;0;0;0;0;0;0;0;1;0;0;0;0;0;1;1
35586;14;0;0;1;0;0;0;0;0;1;1;-0.01627604104578495;15;8.052978515625;23.055419921875;8.055419921875;0.00244140625;0;0;0;0;1;1;0;0;0;0;0;0;0;1;0;0;0;0;0;1;1
35596;14;0;0;1;0;0;0;0;0;1;1;-0.01627604104578495;15;8.052978515625;23.055419921875;8.055419921875;0.00244140625;0;0;0;0;1;1;0;0;0;0;0;0;0;1;0;0;0;0;0;1;1
35606;14;0;0;1;0;0;0;0;0;1;1;-0.01627604104578495;15;8.052978515625;23.055419921875;8.055419921875;0.00244140625;0;0;0;0;1;1;0;0;0;0;0;0;0;1;0;0;0;0;0;1;1
35617;14;0;0;1;0;0;0;0;0;1;1;-0.01627604104578495;15;8.052978515625;23.055419921875;8.055419921875;0.00244140625;0;0;0;0;1;1;0;0;0;0;0;0;0;1;0;0;0;0;0;1;1
35626;14;0;0;1;0;0;0;0;0;1;1;-0.01627604104578495;15;8.052978515625;23.055419921875;8.055419921875;0.00244140625;0;0;0;0;1;1;0;0;0;0;0;0;0;1;0;0;0;0;0;1;1
35636;14;0;0;1;0;0;0;0;0;1;1;-0.01627604104578495;15;8.052978515625;23.055419921875;8.055419921875;0.00244140625;0;0;0;0;1;1;0;0;0;0;0;0;0;1;0;0;0;0;0;1;1
35646;14;0;0;1;0;0;0;0;0;1;1;-0.01627604104578495;15;8.052978515625;23.055419921875;8.055419921875;0.00244140625;0;0;0;0;1;1;0;0;0;0;0;0;0;1;0;0;0;0;0;1;1
35656;14;0;0;1;0;0;0;0;0;1;1;-0.01627604104578495;15;8.052978515625;23.055419921875;8.055419921875;0.00244140625;0;0;0;0;1;1;0;0;0;0;0;0;0;1;0;0;0;0;0;1;1
35666;14;0;0;1;0;0;0;0;0;1;1;-0.01627604104578495;15;8.052978515625;23.055419921875;8.055419921875;0.00244140625;0;0;0;0;1;1;0;0;0;0;0;0;0;1;0;0;0;0;0;1;1
35676;14;0;0;1;0;0;0;0;0;1;1;-0.01627604104578495;15;8.052978515625;23.055419921875;8.055419921875;0.00244140625;0;0;0;0;1;1;0;0;0;0;0;0;0;1;0;0;0;0;0;1;1
35687;14;0;0;1;0;0;0;0;0;1;1;-0.01627604104578495;15;8.052978515625;23.055419921875;8.055419921875;0.00244140625;0;0;0;0;1;1;0;0;0;0;0;0;0;1;0;0;0;0;0;1;1
35696;14;0;0;1;0;0;0;0;0;1;1;-0.01627604104578495;15;8.052978515625;23.055419921875;8.055419921875;0.00244140625;0;0;0;0;1;1;0;0;0;0;0;0;0;1;0;0;0;0;0;1;1
35706;14;0;0;1;0;0;0;0;0;1;1;-0.01627604104578495;15;8.052978515625;23.055419921875;8.055419921875;0.00244140625;0;0;0;0;1;1;0;0;0;0;0;0;0;1;0;0;0;0;0;1;1
35717;14;0;0;1;0;0;0;0;0;1;1;-0.01627604104578495;15;8.052978515625;23.055419921875;8.055419921875;0.00244140625;0;0;0;0;1;1;0;0;0;0;0;0;0;1;0;0;0;0;0;1;1
35726;14;0;0;1;0;0;0;0;0;1;1;-0.01627604104578495;15;8.052978515625;23.055419921875;8.055419921875;0.00244140625;0;0;0;0;1;1;0;0;0;0;0;0;0;1;0;0;0;0;0;1;1
35736;14;0;0;1;0;0;0;0;0;1;1;-0.01627604104578495;15;8.052978515625;23.055419921875;8.055419921875;0.00244140625;0;0;0;0;1;1;0;0;0;0;0;0;0;1;0;0;0;0;0;1;1
35746;14;0;0;1;0;0;0;0;0;1;1;-0.01627604104578495;15;8.052978515625;23.055419921875;8.055419921875;0.00244140625;0;0;0;0;1;1;0;0;0;0;0;0;0;1;0;0;0;0;0;1;1
35756;14;0;0;1;0;0;0;0;0;1;1;-0.01627604104578495;15;8.052978515625;23.055419921875;8.055419921875;0.00244140625;0;0;0;0;1;1;0;0;0;0;0;0;0;1;0;0;0;0;0;1;1
35766;14;0;0;1;0;0;0;0;0;1;1;-0.01627604104578495;15;8.052978515625;23.055419921875;8.055419921875;0.00244140625;0;0;0;0;1;1;0;0;0;0;0;0;0;1;0;0;0;0;0;1;1
35776;14;0;0;1;0;0;0;0;0;1;1;-0.01627604104578495;15;8.052978515625;23.055419921875;8.055419921875;0.00244140625;0;0;0;0;1;1;0;0;0;0;0;0;0;1;0;0;0;0;0;1;1
35788;14;0;0;1;0;0;0;0;0;1;1;-0.01627604104578495;15;8.052978515625;23.055419921875;8.055419921875;0.00244140625;0;0;0;0;1;1;0;0;0;0;0;0;0;1;0;0;0;0;0;1;1
35796;14;0;0;1;0;0;0;0;0;1;1;-0.01627604104578495;15;8.052978515625;23.055419921875;8.055419921875;0.00244140625;0;0;0;0;1;1;0;0;0;0;0;0;0;1;0;0;0;0;0;1;1
35806;14;0;0;1;0;0;0;0;0;1;1;-0.01627604104578495;15;8.052978515625;23.055419921875;8.055419921875;0.00244140625;0;0;0;0;1;1;0;0;0;0;0;0;0;1;0;0;0;0;0;1;1
35816;14;0;0;1;0;0;0;0;0;1;1;-0.01627604104578495;15;8.052978515625;23.055419921875;8.055419921875;0.00244140625;0;0;0;0;1;1;0;0;0;0;0;0;0;1;0;0;0;0;0;1;1
35826;14;0;0;1;0;0;0;0;0;1;1;-0.01627604104578495;15;8.052978515625;23.055419921875;8.055419921875;0.00244140625;0;0;0;0;1;1;0;0;0;0;0;0;0;1;0;0;0;0;0;1;1
35836;14;0;0;1;0;0;0;0;0;1;1;-0.01627604104578495;15;8.052978515625;23.055419921875;8.055419921875;0.00244140625;0;0;0;0;1;1;0;0;0;0;0;0;0;1;0;0;0;0;0;1;1
35847;14;0;0;1;0;0;0;0;0;1;1;-0.01627604104578495;15;8.052978515625;23.055419921875;8.055419921875;0.00244140625;0;0;0;0;1;1;0;0;0;0;0;0;0;1;0;0;0;0;0;1;1
35856;14;0;0;1;0;0;0;0;0;1;1;-0.01627604104578495;15;8.052978515625;23.055419921875;8.055419921875;0.00244140625;0;0;0;0;1;1;0;0;0;0;0;0;0;1;0;0;0;0;0;1;1
35866;14;0;0;1;0;0;0;0;0;1;1;-0.01627604104578495;15;8.052978515625;23.055419921875;8.055419921875;0.00244140625;0;0;0;0;1;1;0;0;0;0;0;0;0;1;0;0;0;0;0;1;1
35876;14;0;0;1;0;0;0;0;0;1;1;-0.01627604104578495;15;8.052978515625;23.055419921875;8.055419921875;0.00244140625;0;0;0;0;1;1;0;0;0;0;0;0;0;1;0;0;0;0;0;1;1
35887;14;0;0;1;0;0;0;0;0;1;1;-0.01627604104578495;15;8.052978515625;23.055419921875;8.055419921875;0.00244140625;0;0;0;0;1;1;0;0;0;0;0;0;0;1;0;0;0;0;0;1;1
35896;14;0;0;1;0;0;0;0;0;1;1;-0.01627604104578495;15;8.052978515625;23.055419921875;8.055419921875;0.00244140625;0;0;0;0;1;1;0;0;0;0;0;0;0;1;0;0;0;0;0;1;1
35906;14;0;0;1;0;0;0;0;0;1;1;-0.01627604104578495;15;8.052978515625;23.055419921875;8.055419921875;0.00244140625;0;0;0;0;1;1;0;0;0;0;0;0;0;1;0;0;0;0;0;1;1
35916;14;0;0;1;0;0;0;0;0;1;1;-0.01627604104578495;15;8.052978515625;23.055419921875;8.055419921875;0.00244140625;0;0;0;0;1;1;0;0;0;0;0;0;0;1;0;0;0;0;0;1;1
35926;14;0;0;1;0;0;0;0;0;1;1;-0.01627604104578495;15;8.052978515625;23.055419921875;8.055419921875;0.00244140625;0;0;0;0;1;1;0;0;0;0;0;0;0;1;0;0;0;0;0;1;1
35936;14;0;0;1;0;0;0;0;0;1;1;-0.01627604104578495;15;8.052978515625;23.055419921875;8.055419921875;0.00244140625;0;0;0;0;1;1;0;0;0;0;0;0;0;1;0;0;0;0;0;1;1
35947;14;0;0;1;0;0;0;0;0;1;1;-0.01627604104578495;15;8.052978515625;23.055419921875;8.055419921875;0.00244140625;0;0;0;0;1;1;0;0;0;0;0;0;0;1;0;0;0;0;0;1;1
35956;14;0;0;1;0;0;0;0;0;1;1;-0.01627604104578495;15;8.052978515625;23.055419921875;8.055419921875;0.00244140625;0;0;0;0;1;1;0;0;0;0;0;0;0;1;0;0;0;0;0;1;1
35966;14;0;0;1;0;0;0;0;0;1;1;-0.01627604104578495;15;8.052978515625;23.055419921875;8.055419921875;0.00244140625;0;0;0;0;1;1;0;0;0;0;0;0;0;1;0;0;0;0;0;1;1
35976;14;0;0;1;0;0;0;0;0;1;1;-0.01627604104578495;15;8.052978515625;23.055419921875;8.055419921875;0.00244140625;0;0;0;0;1;1;0;0;0;0;0;0;0;1;0;0;0;0;0;1;1
35987;14;0;0;1;0;0;0;0;0;1;1;-0.01627604104578495;15;8.052978515625;23.055419921875;8.055419921875;0.00244140625;0;0;0;0;1;1;0;0;0;0;0;0;0;1;0;0;0;0;0;1;1
35996;14;0;0;1;0;0;0;0;0;1;1;-0.01627604104578495;15;8.052978515625;23.055419921875;8.055419921875;0.00244140625;0;0;0;0;1;1;0;0;0;0;0;0;0;1;0;0;0;0;0;1;1
36006;14;0;0;1;0;0;0;0;0;1;1;-0.01627604104578495;15;8.052978515625;23.055419921875;8.055419921875;0.00244140625;0;0;0;0;1;1;0;0;0;0;0;0;0;1;0;0;0;0;0;1;1
36016;14;0;0;1;0;0;0;0;0;1;1;-0.01627604104578495;15;8.052978515625;23.055419921875;8.055419921875;0.00244140625;0;0;0;0;1;1;0;0;0;0;0;0;0;1;0;0;0;0;0;1;1
36026;14;0;0;1;0;0;0;0;0;1;1;-0.01627604104578495;15;8.052978515625;23.055419921875;8.055419921875;0.00244140625;0;0;0;0;1;1;0;0;0;0;0;0;0;1;0;0;0;0;0;1;1
36036;14;0;0;1;0;0;0;0;0;1;1;-0.01627604104578495;15;8.052978515625;23.055419921875;8.055419921875;0.00244140625;0;0;0;0;1;1;0;0;0;0;0;0;0;1;0;0;0;0;0;1;1
36047;14;0;0;1;0;0;0;0;0;1;1;-0.01627604104578495;15;8.052978515625;23.055419921875;8.055419921875;0.00244140625;0;0;0;0;1;1;0;0;0;0;0;0;0;1;0;0;0;0;0;1;1
36056;14;0;0;1;0;0;0;0;0;1;1;-0.01627604104578495;15;8.052978515625;23.055419921875;8.055419921875;0.00244140625;0;0;0;0;1;1;0;0;0;0;0;0;0;1;0;0;0;0;0;1;1
36066;14;0;0;1;0;0;0;0;0;1;1;-0.01627604104578495;15;8.052978515625;23.055419921875;8.055419921875;0.00244140625;0;0;0;0;1;1;0;0;0;0;0;0;0;1;0;0;0;0;0;1;1
36076;14;0;0;1;0;0;0;0;0;1;1;-0.01627604104578495;15;8.052978515625;23.055419921875;8.055419921875;0.00244140625;0;0;0;0;1;1;0;0;0;0;0;0;0;1;0;0;0;0;0;1;1
36086;14;0;0;1;0;0;0;0;0;1;1;-0.01627604104578495;15;8.052978515625;23.055419921875;8.055419921875;0.00244140625;0;0;0;0;1;1;0;0;0;0;0;0;0;1;0;0;0;0;0;1;1
36096;14;0;0;1;0;0;0;0;0;1;1;-0.01627604104578495;15;8.052978515625;23.055419921875;8.055419921875;0.00244140625;0;0;0;0;1;1;0;0;0;0;0;0;0;1;0;0;0;0;0;1;1
36106;14;0;0;1;0;0;0;0;0;1;1;-0.01627604104578495;15;8.052978515625;23.055419921875;8.055419921875;0.00244140625;0;0;0;0;1;1;0;0;0;0;0;0;0;1;0;0;0;0;0;1;1
36117;14;0;0;1;0;0;0;0;0;1;1;-0.01627604104578495;15;8.052978515625;23.055419921875;8.055419921875;0.00244140625;0;0;0;0;1;1;0;0;0;0;0;0;0;1;0;0;0;0;0;1;1
36126;14;0;0;1;0;0;0;0;0;1;1;-0.01627604104578495;15;8.052978515625;23.055419921875;8.055419921875;0.00244140625;0;0;0;0;1;1;0;0;0;0;0;0;0;1;0;0;0;0;0;1;1
36136;14;0;0;1;0;0;0;0;0;1;1;-0.01627604104578495;15;8.052978515625;23.055419921875;8.055419921875;0.00244140625;0;0;0;0;1;1;0;0;0;0;0;0;0;1;0;0;0;0;0;1;1
36146;14;0;0;1;0;0;0;0;0;1;1;-0.01627604104578495;15;8.052978515625;23.055419921875;8.055419921875;0.00244140625;0;0;0;0;1;1;0;0;0;0;0;0;0;1;0;0;0;0;0;1;1
36156;14;0;0;1;0;0;0;0;0;1;1;-0.01627604104578495;15;8.052978515625;23.055419921875;8.055419921875;0.00244140625;0;0;0;0;1;1;0;0;0;0;0;0;0;1;0;0;0;0;0;1;1
36166;14;0;0;1;0;0;0;0;0;1;1;-0.01627604104578495;15;8.052978515625;23.055419921875;8.055419921875;0.00244140625;0;0;0;0;1;1;0;0;0;0;0;0;0;1;0;0;0;0;0;1;1
36176;14;0;0;1;0;0;0;0;0;1;1;-0.01627604104578495;15;8.052978515625;23.055419921875;8.055419921875;0.00244140625;0;0;0;0;1;1;0;0;0;0;0;0;0;1;0;0;0;0;0;1;1
36186;14;0;0;1;0;0;0;0;0;1;1;-0.01627604104578495;15;8.052978515625;23.055419921875;8.055419921875;0.00244140625;0;0;0;0;1;1;0;0;0;0;0;0;0;1;0;0;0;0;0;1;1
36196;14;0;0;1;0;0;0;0;0;1;1;-0.01627604104578495;15;8.052978515625;23.055419921875;8.055419921875;0.00244140625;0;0;0;0;1;1;0;0;0;0;0;0;0;1;0;0;0;0;0;1;1
36206;14;0;0;1;0;0;0;0;0;1;1;-0.01627604104578495;15;8.052978515625;23.055419921875;8.055419921875;0.00244140625;0;0;0;0;1;1;0;0;0;0;0;0;0;1;0;0;0;0;0;1;1
36217;14;0;0;1;0;0;0;0;0;1;1;-0.01627604104578495;15;8.052978515625;23.055419921875;8.055419921875;0.00244140625;0;0;0;0;1;1;0;0;0;0;0;0;0;1;0;0;0;0;0;1;1
36226;14;0;0;1;0;0;0;0;0;1;1;-0.01627604104578495;15;8.052978515625;23.055419921875;8.055419921875;0.00244140625;0;0;0;0;1;1;0;0;0;0;0;0;0;1;0;0;0;0;0;1;1
36236;14;0;0;1;0;0;0;0;0;1;1;-0.01627604104578495;15;8.052978515625;23.055419921875;8.055419921875;0.00244140625;0;0;0;0;1;1;0;0;0;0;0;0;0;1;0;0;0;0;0;1;1
36246;14;0;0;1;0;0;0;0;0;1;1;-0.01627604104578495;15;8.052978515625;23.055419921875;8.055419921875;0.00244140625;0;0;0;0;1;1;0;0;0;0;0;0;0;1;0;0;0;0;0;1;1
36256;14;0;0;1;0;0;0;0;0;1;1;-0.01627604104578495;15;8.052978515625;23.055419921875;8.055419921875;0.00244140625;0;0;0;0;1;1;0;0;0;0;0;0;0;1;0;0;0;0;0;1;1
36266;14;0;0;1;0;0;0;0;0;1;1;-0.01627604104578495;15;8.052978515625;23.055419921875;8.055419921875;0.00244140625;0;0;0;0;1;1;0;0;0;0;0;0;0;1;0;0;0;0;0;1;1
36277;14;0;0;1;0;0;0;0;0;1;1;-0.01627604104578495;15;8.052978515625;23.055419921875;8.055419921875;0.00244140625;0;0;0;0;1;1;0;0;0;0;0;0;0;1;0;0;0;0;0;1;1
36286;14;0;0;1;0;0;0;0;0;1;1;-0.01627604104578495;15;8.052978515625;23.055419921875;8.055419921875;0.00244140625;0;0;0;0;1;1;0;0;0;0;0;0;0;1;0;0;0;0;0;1;1
36296;14;0;0;1;0;0;0;0;0;1;1;-0.01627604104578495;15;8.052978515625;23.055419921875;8.055419921875;0.00244140625;0;0;0;0;1;1;0;0;0;0;0;0;0;1;0;0;0;0;0;1;1
36306;14;0;0;1;0;0;0;0;0;1;1;-0.01627604104578495;15;8.052978515625;23.055419921875;8.055419921875;0.00244140625;0;0;0;0;1;1;0;0;0;0;0;0;0;1;0;0;0;0;0;1;1
36316;14;0;0;1;0;0;0;0;0;1;1;-0.01627604104578495;15;8.052978515625;23.055419921875;8.055419921875;0.00244140625;0;0;0;0;1;1;0;0;0;0;0;0;0;1;0;0;0;0;0;1;1
36326;14;0;0;1;0;0;0;0;0;1;1;-0.01627604104578495;15;8.052978515625;23.055419921875;8.055419921875;0.00244140625;0;0;0;0;1;1;0;0;0;0;0;0;0;1;0;0;0;0;0;1;1
36336;14;0;0;1;0;0;0;0;0;1;1;-0.01627604104578495;15;8.052978515625;23.055419921875;8.055419921875;0.00244140625;0;0;0;0;1;1;0;0;0;0;0;0;0;1;0;0;0;0;0;1;1
36346;14;0;0;1;0;0;0;0;0;1;1;-0.01627604104578495;15;8.052978515625;23.055419921875;8.055419921875;0.00244140625;0;0;0;0;1;1;0;0;0;0;0;0;0;1;0;0;0;0;0;1;1
36356;14;0;0;1;0;0;0;0;0;1;1;-0.01627604104578495;15;8.052978515625;23.055419921875;8.055419921875;0.00244140625;0;0;0;0;1;1;0;0;0;0;0;0;0;1;0;0;0;0;0;1;1
36366;14;0;0;1;0;0;0;0;0;1;1;-0.01627604104578495;15;8.052978515625;23.055419921875;8.055419921875;0.00244140625;0;0;0;0;1;1;0;0;0;0;0;0;0;1;0;0;0;0;0;1;1
36378;14;0;0;1;0;0;0;0;0;1;1;-0.01627604104578495;15;8.052978515625;23.055419921875;8.055419921875;0.00244140625;0;0;0;0;1;1;0;0;0;0;0;0;0;1;0;0;0;0;0;1;1
36386;14;0;0;1;0;0;0;0;0;1;1;-0.01627604104578495;15;8.052978515625;23.055419921875;8.055419921875;0.00244140625;0;0;0;0;1;1;0;0;0;0;0;0;0;1;0;0;0;0;0;1;1
36396;14;0;0;1;0;0;0;0;0;1;1;-0.01627604104578495;15;8.052978515625;23.055419921875;8.055419921875;0.00244140625;0;0;0;0;1;1;0;0;0;0;0;0;0;1;0;0;0;0;0;1;1
36406;14;0;0;1;0;0;0;0;0;1;1;-0.01627604104578495;15;8.052978515625;23.055419921875;8.055419921875;0.00244140625;0;0;0;0;1;1;0;0;0;0;0;0;0;1;0;0;0;0;0;1;1
36416;14;0;0;1;0;0;0;0;0;1;1;-0.01627604104578495;15;8.052978515625;23.055419921875;8.055419921875;0.00244140625;0;0;0;0;1;1;0;0;0;0;0;0;0;1;0;0;0;0;0;1;1
36426;14;0;0;1;0;0;0;0;0;1;1;-0.01627604104578495;15;8.052978515625;23.055419921875;8.055419921875;0.00244140625;0;0;0;0;1;1;0;0;0;0;0;0;0;1;0;0;0;0;0;1;1
36436;14;0;0;1;0;0;0;0;0;1;1;-0.01627604104578495;15;8.052978515625;23.055419921875;8.055419921875;0.00244140625;0;0;0;0;1;1;0;0;0;0;0;0;0;1;0;0;0;0;0;1;1
36447;14;0;0;1;0;0;0;0;0;1;1;-0.01627604104578495;15;8.052978515625;23.055419921875;8.055419921875;0.00244140625;0;0;0;0;1;1;0;0;0;0;0;0;0;1;0;0;0;0;0;1;1
36456;14;0;0;1;0;0;0;0;0;1;1;-0.01627604104578495;15;8.052978515625;23.055419921875;8.055419921875;0.00244140625;0;0;0;0;1;1;0;0;0;0;0;0;0;1;0;0;0;0;0;1;1
36466;14;0;0;1;0;0;0;0;0;1;1;-0.01627604104578495;15;8.052978515625;23.055419921875;8.055419921875;0.00244140625;0;0;0;0;1;1;0;0;0;0;0;0;0;1;0;0;0;0;0;1;1
36477;14;0;0;1;0;0;0;0;0;1;1;-0.01627604104578495;15;8.052978515625;23.055419921875;8.055419921875;0.00244140625;0;0;0;0;1;1;0;0;0;0;0;0;0;1;0;0;0;0;0;1;1
36488;14;0;0;1;0;0;0;0;0;1;1;-0.01627604104578495;15;8.052978515625;23.055419921875;8.055419921875;0.00244140625;0;0;0;0;1;1;0;0;0;0;0;0;0;1;0;0;0;0;0;1;1
36496;14;0;0;1;0;0;0;0;0;1;1;-0.01627604104578495;15;8.052978515625;23.055419921875;8.055419921875;0.00244140625;0;0;0;0;1;1;0;0;0;0;0;0;0;1;0;0;0;0;0;1;1
36506;14;0;0;1;0;0;0;0;0;1;1;-0.01627604104578495;15;8.052978515625;23.055419921875;8.055419921875;0.00244140625;0;0;0;0;1;1;0;0;0;0;0;0;0;1;0;0;0;0;0;1;1
36516;14;0;0;1;0;0;0;0;0;1;1;-0.01627604104578495;15;8.052978515625;23.055419921875;8.055419921875;0.00244140625;0;0;0;0;1;1;0;0;0;0;0;0;0;1;0;0;0;0;0;1;1
36526;14;0;0;1;0;0;0;0;0;1;1;-0.01627604104578495;15;8.052978515625;23.055419921875;8.055419921875;0.00244140625;0;0;0;0;1;1;0;0;0;0;0;0;0;1;0;0;0;0;0;1;1
36536;14;0;0;1;0;0;0;0;0;1;1;-0.01627604104578495;15;8.052978515625;23.055419921875;8.055419921875;0.00244140625;0;0;0;0;1;1;0;0;0;0;0;0;0;1;0;0;0;0;0;1;1
36547;14;0;0;1;0;0;0;0;0;1;1;-0.01627604104578495;15;8.052978515625;23.055419921875;8.055419921875;0.00244140625;0;0;0;0;1;1;0;0;0;0;0;0;0;1;0;0;0;0;0;1;1
36556;14;0;0;1;0;0;0;0;0;1;1;-0.01627604104578495;15;8.052978515625;23.055419921875;8.055419921875;0.00244140625;0;0;0;0;1;1;0;0;0;0;0;0;0;1;0;0;0;0;0;1;1
36566;14;0;0;1;0;0;0;0;0;1;1;-0.01627604104578495;15;8.052978515625;23.055419921875;8.055419921875;0.00244140625;0;0;0;0;1;1;0;0;0;0;0;0;0;1;0;0;0;0;0;1;1
36576;14;0;0;1;0;0;0;0;0;1;1;-0.01627604104578495;15;8.052978515625;23.055419921875;8.055419921875;0.00244140625;0;0;0;0;1;1;0;0;0;0;0;0;0;1;0;0;0;0;0;1;1
36586;14;0;0;1;0;0;0;0;0;1;1;-0.01627604104578495;15;8.052978515625;23.055419921875;8.055419921875;0.00244140625;0;0;0;0;1;1;0;0;0;0;0;0;0;1;0;0;0;0;0;1;1
36596;14;0;0;1;0;0;0;0;0;1;1;-0.01627604104578495;15;8.052978515625;23.055419921875;8.055419921875;0.00244140625;0;0;0;0;1;1;0;0;0;0;0;0;0;1;0;0;0;0;0;1;1
36607;14;0;0;1;0;0;0;0;0;1;1;-0.01627604104578495;15;8.052978515625;23.055419921875;8.055419921875;0.00244140625;0;0;0;0;1;1;0;0;0;0;0;0;0;1;0;0;0;0;0;1;1
36616;14;0;0;1;0;0;0;0;0;1;1;-0.01627604104578495;15;8.052978515625;23.055419921875;8.055419921875;0.00244140625;0;0;0;0;1;1;0;0;0;0;0;0;0;1;0;0;0;0;0;1;1
36626;14;0;0;1;0;0;0;0;0;1;1;-0.01627604104578495;15;8.052978515625;23.055419921875;8.055419921875;0.00244140625;0;0;0;0;1;1;0;0;0;0;0;0;0;1;0;0;0;0;0;1;1
36636;14;0;0;1;0;0;0;0;0;1;1;-0.01627604104578495;15;8.052978515625;23.055419921875;8.055419921875;0.00244140625;0;0;0;0;1;1;0;0;0;0;0;0;0;1;0;0;0;0;0;1;1
36646;14;0;0;1;0;0;0;0;0;1;1;-0.01627604104578495;15;8.052978515625;23.055419921875;8.055419921875;0.00244140625;0;0;0;0;1;1;0;0;0;0;0;0;0;1;0;0;0;0;0;1;1
36656;14;0;0;1;0;0;0;0;0;1;1;-0.01627604104578495;15;8.052978515625;23.055419921875;8.055419921875;0.00244140625;0;0;0;0;1;1;0;0;0;0;0;0;0;1;0;0;0;0;0;1;1
36666;14;0;0;1;0;0;0;0;0;1;1;-0.01627604104578495;15;8.052978515625;23.055419921875;8.055419921875;0.00244140625;0;0;0;0;1;1;0;0;0;0;0;0;0;1;0;0;0;0;0;1;1
36678;14;0;0;1;0;0;0;0;0;1;1;-0.01627604104578495;15;8.052978515625;23.055419921875;8.055419921875;0.00244140625;0;0;0;0;1;1;0;0;0;0;0;0;0;1;0;0;0;0;0;1;1
36686;14;0;0;1;0;0;0;0;0;1;1;-0.01627604104578495;15;8.052978515625;23.055419921875;8.055419921875;0.00244140625;0;0;0;0;1;1;0;0;0;0;0;0;0;1;0;0;0;0;0;1;1
36696;14;0;0;1;0;0;0;0;0;1;1;-0.01627604104578495;15;8.052978515625;23.055419921875;8.055419921875;0.00244140625;0;0;0;0;1;1;0;0;0;0;0;0;0;1;0;0;0;0;0;1;1
36706;14;0;0;1;0;0;0;0;0;1;1;-0.01627604104578495;15;8.052978515625;23.055419921875;8.055419921875;0.00244140625;0;0;0;0;1;1;0;0;0;0;0;0;0;1;0;0;0;0;0;1;1
36716;14;0;0;1;0;0;0;0;0;1;1;-0.01627604104578495;15;8.052978515625;23.055419921875;8.055419921875;0.00244140625;0;0;0;0;1;1;0;0;0;0;0;0;0;1;0;0;0;0;0;1;1
36726;14;0;0;1;0;0;0;0;0;1;1;-0.01627604104578495;15;8.052978515625;23.055419921875;8.055419921875;0.00244140625;0;0;0;0;1;1;0;0;0;0;0;0;0;1;0;0;0;0;0;1;1
36736;14;0;0;1;0;0;0;0;0;1;1;-0.01627604104578495;15;8.052978515625;23.055419921875;8.055419921875;0.00244140625;0;0;0;0;1;1;0;0;0;0;0;0;0;1;0;0;0;0;0;1;1
36746;14;0;0;1;0;0;0;0;0;1;1;-0.01627604104578495;15;8.052978515625;23.055419921875;8.055419921875;0.00244140625;0;0;0;0;1;1;0;0;0;0;0;0;0;1;0;0;0;0;0;1;1
36756;14;0;0;1;0;0;0;0;0;1;1;-0.01627604104578495;15;8.052978515625;23.055419921875;8.055419921875;0.00244140625;0;0;0;0;1;1;0;0;0;0;0;0;0;1;0;0;0;0;0;1;1
36766;14;0;0;1;0;0;0;0;0;1;1;-0.01627604104578495;15;8.052978515625;23.055419921875;8.055419921875;0.00244140625;0;0;0;0;1;1;0;0;0;0;0;0;0;1;0;0;0;0;0;1;1
36777;14;0;0;1;0;0;0;0;0;1;1;-0.01627604104578495;15;8.052978515625;23.055419921875;8.055419921875;0.00244140625;0;0;0;0;1;1;0;0;0;0;0;0;0;1;0;0;0;0;0;1;1
36786;14;0;0;1;0;0;0;0;0;1;1;-0.01627604104578495;15;8.052978515625;23.055419921875;8.055419921875;0.00244140625;0;0;0;0;1;1;0;0;0;0;0;0;0;1;0;0;0;0;0;1;1
36797;14;0;0;1;0;0;0;0;0;1;1;-0.01627604104578495;15;8.052978515625;23.055419921875;8.055419921875;0.00244140625;0;0;0;0;1;1;0;0;0;0;0;0;0;1;0;0;0;0;0;1;1
36808;14;0;0;1;0;0;0;0;0;1;1;-0.01627604104578495;15;8.052978515625;23.055419921875;8.055419921875;0.00244140625;0;0;0;0;1;1;0;0;0;0;0;0;0;1;0;0;0;0;0;1;1
36816;14;0;0;1;0;0;0;0;0;1;1;-0.01627604104578495;15;8.052978515625;23.055419921875;8.055419921875;0.00244140625;0;0;0;0;1;1;0;0;0;0;0;0;0;1;0;0;0;0;0;1;1
36826;14;0;0;1;0;0;0;0;0;1;1;-0.01627604104578495;15;8.052978515625;23.055419921875;8.055419921875;0.00244140625;0;0;0;0;1;1;0;0;0;0;0;0;0;1;0;0;0;0;0;1;1
36836;14;0;0;1;0;0;0;0;0;1;1;-0.01627604104578495;15;8.052978515625;23.055419921875;8.055419921875;0.00244140625;0;0;0;0;1;1;0;0;0;0;0;0;0;1;0;0;0;0;0;1;1
36846;14;0;0;1;0;0;0;0;0;1;1;-0.01627604104578495;15;8.052978515625;23.055419921875;8.055419921875;0.00244140625;0;0;0;0;1;1;0;0;0;0;0;0;0;1;0;0;0;0;0;1;1
36856;14;0;0;1;0;0;0;0;0;1;1;-0.01627604104578495;15;8.052978515625;23.055419921875;8.055419921875;0.00244140625;0;0;0;0;1;1;0;0;0;0;0;0;0;1;0;0;0;0;0;1;1
36866;14;0;0;1;0;0;0;0;0;1;1;-0.01627604104578495;15;8.052978515625;23.055419921875;8.055419921875;0.00244140625;0;0;0;0;1;1;0;0;0;0;0;0;0;1;0;0;0;0;0;1;1
36878;14;0;0;1;0;0;0;0;0;1;1;-0.01627604104578495;15;8.052978515625;23.055419921875;8.055419921875;0.00244140625;0;0;0;0;1;1;0;0;0;0;0;0;0;1;0;0;0;0;0;1;1
36886;14;0;0;1;0;0;0;0;0;1;1;-0.01627604104578495;15;8.052978515625;23.055419921875;8.055419921875;0.00244140625;0;0;0;0;1;1;0;0;0;0;0;0;0;1;0;0;0;0;0;1;1
36896;14;0;0;1;0;0;0;0;0;1;1;-0.01627604104578495;15;8.052978515625;23.055419921875;8.055419921875;0.00244140625;0;0;0;0;1;1;0;0;0;0;0;0;0;1;0;0;0;0;0;1;1
36906;14;0;0;1;0;0;0;0;0;1;1;-0.01627604104578495;15;8.052978515625;23.055419921875;8.055419921875;0.00244140625;0;0;0;0;1;1;0;0;0;0;0;0;0;1;0;0;0;0;0;1;1
36916;14;0;0;1;0;0;0;0;0;1;1;-0.01627604104578495;15;8.052978515625;23.055419921875;8.055419921875;0.00244140625;0;0;0;0;1;1;0;0;0;0;0;0;0;1;0;0;0;0;0;1;1
36926;14;0;0;1;0;0;0;0;0;1;1;-0.01627604104578495;15;8.052978515625;23.055419921875;8.055419921875;0.00244140625;0;0;0;0;1;1;0;0;0;0;0;0;0;1;0;0;0;0;0;1;1
36936;14;0;0;1;0;0;0;0;0;1;1;-0.01627604104578495;15;8.052978515625;23.055419921875;8.055419921875;0.00244140625;0;0;0;0;1;1;0;0;0;0;0;0;0;1;0;0;0;0;0;1;1
36946;14;0;0;1;0;0;0;0;0;1;1;-0.01627604104578495;15;8.052978515625;23.055419921875;8.055419921875;0.00244140625;0;0;0;0;1;1;0;0;0;0;0;0;0;1;0;0;0;0;0;1;1
36956;14;0;0;1;0;0;0;0;0;1;1;-0.01627604104578495;15;8.052978515625;23.055419921875;8.055419921875;0.00244140625;0;0;0;0;1;1;0;0;0;0;0;0;0;1;0;0;0;0;0;1;1
36966;14;0;0;1;0;0;0;0;0;1;1;-0.01627604104578495;15;8.052978515625;23.055419921875;8.055419921875;0.00244140625;0;0;0;0;1;1;0;0;0;0;0;0;0;1;0;0;0;0;0;1;1
36977;14;0;0;1;0;0;0;0;0;1;1;-0.01627604104578495;15;8.052978515625;23.055419921875;8.055419921875;0.00244140625;0;0;0;0;1;1;0;0;0;0;0;0;0;1;0;0;0;0;0;1;1
36986;14;0;0;1;0;0;0;0;0;1;1;-0.01627604104578495;15;8.052978515625;23.055419921875;8.055419921875;0.00244140625;0;0;0;0;1;1;0;0;0;0;0;0;0;1;0;0;0;0;0;1;1
36996;14;0;0;1;0;0;0;0;0;1;1;-0.01627604104578495;15;8.052978515625;23.055419921875;8.055419921875;0.00244140625;0;0;0;0;1;1;0;0;0;0;0;0;0;1;0;0;0;0;0;1;1
37006;14;0;0;1;0;0;0;0;0;1;1;-0.01627604104578495;15;8.052978515625;23.055419921875;8.055419921875;0.00244140625;0;0;0;0;1;1;0;0;0;0;0;0;0;1;0;0;0;0;0;1;1
37016;14;0;0;1;0;0;0;0;0;1;1;-0.01627604104578495;15;8.052978515625;23.055419921875;8.055419921875;0.00244140625;0;0;0;0;1;1;0;0;0;0;0;0;0;1;0;0;0;0;0;1;1
37026;14;0;0;1;0;0;0;0;0;1;1;-0.01627604104578495;15;8.052978515625;23.055419921875;8.055419921875;0.00244140625;0;0;0;0;1;1;0;0;0;0;0;0;0;1;0;0;0;0;0;1;1
37037;14;0;0;1;0;0;0;0;0;1;1;-0.01627604104578495;15;8.052978515625;23.055419921875;8.055419921875;0.00244140625;0;0;0;0;1;1;0;0;0;0;0;0;0;1;0;0;0;0;0;1;1
37046;14;0;0;1;0;0;0;0;0;1;1;-0.01627604104578495;15;8.052978515625;23.055419921875;8.055419921875;0.00244140625;0;0;0;0;1;1;0;0;0;0;0;0;0;1;0;0;0;0;0;1;1
37056;14;0;0;1;0;0;0;0;0;1;1;-0.01627604104578495;15;8.052978515625;23.055419921875;8.055419921875;0.00244140625;0;0;0;0;1;1;0;0;0;0;0;0;0;1;0;0;0;0;0;1;1
37066;14;0;0;1;0;0;0;0;0;1;1;-0.01627604104578495;15;8.052978515625;23.055419921875;8.055419921875;0.00244140625;0;0;0;0;1;1;0;0;0;0;0;0;0;1;0;0;0;0;0;1;1
37076;14;0;0;1;0;0;0;0;0;1;1;-0.01627604104578495;15;8.052978515625;23.055419921875;8.055419921875;0.00244140625;0;0;0;0;1;1;0;0;0;0;0;0;0;1;0;0;0;0;0;1;1
37086;14;0;0;1;0;0;0;0;0;1;1;-0.01627604104578495;15;8.052978515625;23.055419921875;8.055419921875;0.00244140625;0;0;0;0;1;1;0;0;0;0;0;0;0;1;0;0;0;0;0;1;1
37096;14;0;0;1;0;0;0;0;0;1;1;-0.01627604104578495;15;8.052978515625;23.055419921875;8.055419921875;0.00244140625;0;0;0;0;1;1;0;0;0;0;0;0;0;1;0;0;0;0;0;1;1
37106;14;0;0;1;0;0;0;0;0;1;1;-0.01627604104578495;15;8.052978515625;23.055419921875;8.055419921875;0.00244140625;0;0;0;0;1;1;0;0;0;0;0;0;0;1;0;0;0;0;0;1;1
37116;14;0;0;1;0;0;0;0;0;1;1;-0.01627604104578495;15;8.052978515625;23.055419921875;8.055419921875;0.00244140625;0;0;0;0;1;1;0;0;0;0;0;0;0;1;0;0;0;0;0;1;1
37126;14;0;0;1;0;0;0;0;0;1;1;-0.01627604104578495;15;8.052978515625;23.055419921875;8.055419921875;0.00244140625;0;0;0;0;1;1;0;0;0;0;0;0;0;1;0;0;0;0;0;1;1
37136;14;0;0;1;0;0;0;0;0;1;1;-0.01627604104578495;15;8.052978515625;23.055419921875;8.055419921875;0.00244140625;0;0;0;0;1;1;0;0;0;0;0;0;0;1;0;0;0;0;0;1;1
37146;14;0;0;1;0;0;0;0;0;1;1;-0.01627604104578495;15;8.052978515625;23.055419921875;8.055419921875;0.00244140625;0;0;0;0;1;1;0;0;0;0;0;0;0;1;0;0;0;0;0;1;1
37156;14;0;0;1;0;0;0;0;0;1;1;-0.01627604104578495;15;8.052978515625;23.055419921875;8.055419921875;0.00244140625;0;0;0;0;1;1;0;0;0;0;0;0;0;1;0;0;0;0;0;1;1
37166;14;0;0;1;0;0;0;0;0;1;1;-0.01627604104578495;15;8.052978515625;23.055419921875;8.055419921875;0.00244140625;0;0;0;0;1;1;0;0;0;0;0;0;0;1;0;0;0;0;0;1;1
37176;14;0;0;1;0;0;0;0;0;1;1;-0.01627604104578495;15;8.052978515625;23.055419921875;8.055419921875;0.00244140625;0;0;0;0;1;1;0;0;0;0;0;0;0;1;0;0;0;0;0;1;1
37187;14;0;0;1;0;0;0;0;0;1;1;-0.01627604104578495;15;8.052978515625;23.055419921875;8.055419921875;0.00244140625;0;0;0;0;1;1;0;0;0;0;0;0;0;1;0;0;0;0;0;1;1
37196;14;0;0;1;0;0;0;0;0;1;1;-0.01627604104578495;15;8.052978515625;23.055419921875;8.055419921875;0.00244140625;0;0;0;0;1;1;0;0;0;0;0;0;0;1;0;0;0;0;0;1;1
37207;14;0;0;1;0;0;0;0;0;1;1;-0.01627604104578495;15;8.052978515625;23.055419921875;8.055419921875;0.00244140625;0;0;0;0;1;1;0;0;0;0;0;0;0;1;0;0;0;0;0;1;1
37216;14;0;0;1;0;0;0;0;0;1;1;-0.01627604104578495;15;8.052978515625;23.055419921875;8.055419921875;0.00244140625;0;0;0;0;1;1;0;0;0;0;0;0;0;1;0;0;0;0;0;1;1
37226;14;0;0;1;0;0;0;0;0;1;1;-0.01627604104578495;15;8.052978515625;23.055419921875;8.055419921875;0.00244140625;0;0;0;0;1;1;0;0;0;0;0;0;0;1;0;0;0;0;0;1;1
37236;14;0;0;1;0;0;0;0;0;1;1;-0.01627604104578495;15;8.052978515625;23.055419921875;8.055419921875;0.00244140625;0;0;0;0;1;1;0;0;0;0;0;0;0;1;0;0;0;0;0;1;1
37246;14;0;0;1;0;0;0;0;0;1;1;-0.01627604104578495;15;8.052978515625;23.055419921875;8.055419921875;0.00244140625;0;0;0;0;1;1;0;0;0;0;0;0;0;1;0;0;0;0;0;1;1
37256;14;0;0;1;0;0;0;0;0;1;1;-0.01627604104578495;15;8.052978515625;23.055419921875;8.055419921875;0.00244140625;0;0;0;0;1;1;0;0;0;0;0;0;0;1;0;0;0;0;0;1;1
37266;14;0;0;1;0;0;0;0;0;1;1;-0.01627604104578495;15;8.052978515625;23.055419921875;8.055419921875;0.00244140625;0;0;0;0;1;1;0;0;0;0;0;0;0;1;0;0;0;0;0;1;1
37276;14;0;0;1;0;0;0;0;0;1;1;-0.01627604104578495;15;8.052978515625;23.055419921875;8.055419921875;0.00244140625;0;0;0;0;1;1;0;0;0;0;0;0;0;1;0;0;0;0;0;1;1
37286;14;0;0;1;0;0;0;0;0;1;1;-0.01627604104578495;15;8.052978515625;23.055419921875;8.055419921875;0.00244140625;0;0;0;0;1;1;0;0;0;0;0;0;0;1;0;0;0;0;0;1;1
37296;14;0;0;1;0;0;0;0;0;1;1;-0.01627604104578495;15;8.052978515625;23.055419921875;8.055419921875;0.00244140625;0;0;0;0;1;1;0;0;0;0;0;0;0;1;0;0;0;0;0;1;1
37307;14;0;0;1;0;0;0;0;0;1;1;-0.01627604104578495;15;8.052978515625;23.055419921875;8.055419921875;0.00244140625;0;0;0;0;1;1;0;0;0;0;0;0;0;1;0;0;0;0;0;1;1
37316;14;0;0;1;0;0;0;0;0;1;1;-0.01627604104578495;15;8.052978515625;23.055419921875;8.055419921875;0.00244140625;0;0;0;0;1;1;0;0;0;0;0;0;0;1;0;0;0;0;0;1;1
37326;14;0;0;1;0;0;0;0;0;1;1;-0.01627604104578495;15;8.052978515625;23.055419921875;8.055419921875;0.00244140625;0;0;0;0;1;1;0;0;0;0;0;0;0;1;0;0;0;0;0;1;1
37336;14;0;0;1;0;0;0;0;0;1;1;-0.01627604104578495;15;8.052978515625;23.055419921875;8.055419921875;0.00244140625;0;0;0;0;1;1;0;0;0;0;0;0;0;1;0;0;0;0;0;1;1
37346;14;0;0;1;0;0;0;0;0;1;1;-0.01627604104578495;15;8.052978515625;23.055419921875;8.055419921875;0.00244140625;0;0;0;0;1;1;0;0;0;0;0;0;0;1;0;0;0;0;0;1;1
37356;14;0;0;1;0;0;0;0;0;1;1;-0.01627604104578495;15;8.052978515625;23.055419921875;8.055419921875;0.00244140625;0;0;0;0;1;1;0;0;0;0;0;0;0;1;0;0;0;0;0;1;1
37367;14;0;0;1;0;0;0;0;0;1;1;-0.01627604104578495;15;8.052978515625;23.055419921875;8.055419921875;0.00244140625;0;0;0;0;1;1;0;0;0;0;0;0;0;1;0;0;0;0;0;1;1
37377;14;0;0;1;0;0;0;0;0;1;1;-0.01627604104578495;15;8.052978515625;23.055419921875;8.055419921875;0.00244140625;0;0;0;0;1;1;0;0;0;0;0;0;0;1;0;0;0;0;0;1;1
37386;14;0;0;1;0;0;0;0;0;1;1;-0.01627604104578495;15;8.052978515625;23.055419921875;8.055419921875;0.00244140625;0;0;0;0;1;1;0;0;0;0;0;0;0;1;0;0;0;0;0;1;1
37396;14;0;0;1;0;0;0;0;0;1;1;-0.01627604104578495;15;8.052978515625;23.055419921875;8.055419921875;0.00244140625;0;0;0;0;1;1;0;0;0;0;0;0;0;1;0;0;0;0;0;1;1
37407;14;0;0;1;0;0;0;0;0;1;1;-0.01627604104578495;15;8.052978515625;23.055419921875;8.055419921875;0.00244140625;0;0;0;0;1;1;0;0;0;0;0;0;0;1;0;0;0;0;0;1;1
37416;14;0;0;1;0;0;0;0;0;1;1;-0.01627604104578495;15;8.052978515625;23.055419921875;8.055419921875;0.00244140625;0;0;0;0;1;1;0;0;0;0;0;0;0;1;0;0;0;0;0;1;1
37426;14;0;0;1;0;0;0;0;0;1;1;-0.01627604104578495;15;8.052978515625;23.055419921875;8.055419921875;0.00244140625;0;0;0;0;1;1;0;0;0;0;0;0;0;1;0;0;0;0;0;1;1
37436;14;0;0;1;0;0;0;0;0;1;1;-0.01627604104578495;15;8.052978515625;23.055419921875;8.055419921875;0.00244140625;0;0;0;0;1;1;0;0;0;0;0;0;0;1;0;0;0;0;0;1;1
37446;14;0;0;1;0;0;0;0;0;1;1;-0.01627604104578495;15;8.052978515625;23.055419921875;8.055419921875;0.00244140625;0;0;0;0;1;1;0;0;0;0;0;0;0;1;0;0;0;0;0;1;1
37457;14;0;0;1;0;0;0;0;0;1;1;-0.01627604104578495;15;8.052978515625;23.055419921875;8.055419921875;0.00244140625;0;0;0;0;1;1;0;0;0;0;0;0;0;1;0;0;0;0;0;1;1
37467;14;0;0;1;0;0;0;0;0;1;1;-0.01627604104578495;15;8.052978515625;23.055419921875;8.055419921875;0.00244140625;0;0;0;0;1;1;0;0;0;0;0;0;0;1;0;0;0;0;0;1;1
37476;14;0;0;1;0;0;0;0;0;1;1;-0.01627604104578495;15;8.052978515625;23.055419921875;8.055419921875;0.00244140625;0;0;0;0;1;1;0;0;0;0;0;0;0;1;0;0;0;0;0;1;1
37486;14;0;0;1;0;0;0;0;0;1;1;-0.01627604104578495;15;8.052978515625;23.055419921875;8.055419921875;0.00244140625;0;0;0;0;1;1;0;0;0;0;0;0;0;1;0;0;0;0;0;1;1
37496;14;0;0;1;0;0;0;0;0;1;1;-0.01627604104578495;15;8.052978515625;23.055419921875;8.055419921875;0.00244140625;0;0;0;0;1;1;0;0;0;0;0;0;0;1;0;0;0;0;0;1;1
37506;14;0;0;1;0;0;0;0;0;1;1;-0.01627604104578495;15;8.052978515625;23.055419921875;8.055419921875;0.00244140625;0;0;0;0;1;1;0;0;0;0;0;0;0;1;0;0;0;0;0;1;1
37516;14;0;0;1;0;0;0;0;0;1;1;-0.01627604104578495;15;8.052978515625;23.055419921875;8.055419921875;0.00244140625;0;0;0;0;1;1;0;0;0;0;0;0;0;1;0;0;0;0;0;1;1
37526;14;0;0;1;0;0;0;0;0;1;1;-0.01627604104578495;15;8.052978515625;23.055419921875;8.055419921875;0.00244140625;0;0;0;0;1;1;0;0;0;0;0;0;0;1;0;0;0;0;0;1;1
37536;14;0;0;1;0;0;0;0;0;1;1;-0.01627604104578495;15;8.052978515625;23.055419921875;8.055419921875;0.00244140625;0;0;0;0;1;1;0;0;0;0;0;0;0;1;0;0;0;0;0;1;1
37546;14;0;0;1;0;0;0;0;0;1;1;-0.01627604104578495;15;8.052978515625;23.055419921875;8.055419921875;0.00244140625;0;0;0;0;1;1;0;0;0;0;0;0;0;1;0;0;0;0;0;1;1
37556;14;0;0;1;0;0;0;0;0;1;1;-0.01627604104578495;15;8.052978515625;23.055419921875;8.055419921875;0.00244140625;0;0;0;0;1;1;0;0;0;0;0;0;0;1;0;0;0;0;0;1;1
37567;14;0;0;1;0;0;0;0;0;1;1;-0.01627604104578495;15;8.052978515625;23.055419921875;8.055419921875;0.00244140625;0;0;0;0;1;1;0;0;0;0;0;0;0;1;0;0;0;0;0;1;1
37576;14;0;0;1;0;0;0;0;0;1;1;-0.01627604104578495;15;8.052978515625;23.055419921875;8.055419921875;0.00244140625;0;0;0;0;1;1;0;0;0;0;0;0;0;1;0;0;0;0;0;1;1
37586;14;0;0;1;0;0;0;0;0;1;1;-0.01627604104578495;15;8.052978515625;23.055419921875;8.055419921875;0.00244140625;0;0;0;0;1;1;0;0;0;0;0;0;0;1;0;0;0;0;0;1;1
37596;14;0;0;1;0;0;0;0;0;1;1;-0.01627604104578495;15;8.052978515625;23.055419921875;8.055419921875;0.00244140625;0;0;0;0;1;1;0;0;0;0;0;0;0;1;0;0;0;0;0;1;1
37606;14;0;0;1;0;0;0;0;0;1;1;-0.01627604104578495;15;8.052978515625;23.055419921875;8.055419921875;0.00244140625;0;0;0;0;1;1;0;0;0;0;0;0;0;1;0;0;0;0;0;1;1
37616;14;0;0;1;0;0;0;0;0;1;1;-0.01627604104578495;15;8.052978515625;23.055419921875;8.055419921875;0.00244140625;0;0;0;0;1;1;0;0;0;0;0;0;0;1;0;0;0;0;0;1;1
