Timestamp_ms;PRG_03_Modes_Cycle.instCycleSemiAuto.CycleStep;GVL_Troubleshooting.G_CycleSemiAuto.Idx104_DeadmanArmed;PRG_03_Modes_Cycle.instCycleSemiAuto.JoystickPull;PRG_03_Modes_Cycle.instCycleSemiAuto.M1FinalAscentStartReady;PRG_03_Modes_Cycle.instCycleSemiAuto.M2_SpeedStepApplied;PRG_03_Modes_Cycle.instCycleSemiAuto.BucketCmd.ReqHoldAscentP1AfterClose;PRG_03_Modes_Cycle.instCycleSemiAuto.Ax10bFallbackStopActive;PRG_03_Modes_Cycle.instCycleSemiAuto.AscentStartStopTimer.ET;PRG_03_Modes_Cycle.instCycleSemiAuto.Ax10bHandoffWaitTimer.ET;PRG_04_Treuils_Benne.Data.BucketCloseReached;PRG_04_Treuils_Benne.Data.BucketState.MechState.IsClosed;PRG_04_Treuils_Benne.Data.BucketState.BucketOpening_Pct;PRG_04_Treuils_Benne.Data.BucketState.ActiveOffset_M;PRG_04_Treuils_Benne.Data.WinchM1State.Position_M;PRG_04_Treuils_Benne.Data.WinchM2State.Position_M;PRG_04_Treuils_Benne.Data.BucketState.M2PositionCorrected;PRG_04_Treuils_Benne.Data.BucketState.DeltaPositionCorrected_M;PRG_02_Acquisition.Data.EncoderM1.Measurement.Speed_Mps;PRG_02_Acquisition.Data.EncoderM2.Measurement.Speed_Mps;GVL_Troubleshooting.G_CycleSemiAuto.Idx307_M1SpeedStepApplied;GVL_Troubleshooting.G_CycleSemiAuto.Idx308_M2SpeedStepApplied;GVL_Troubleshooting.I_LevageUnitaireM1.Demandes_200.Idx209_ArbitratedDirection;GVL_Troubleshooting.J_LevageUnitaireM2.Demandes_200.Idx209_ArbitratedDirection;PRG_04_Treuils_Benne.Data.WinchM1State.DirectionChangePending;PRG_04_Treuils_Benne.Data.WinchM2State.DirectionChangePending;GVL_Troubleshooting.I_LevageUnitaireM1.Control_400.Idx415_MotorRequest;GVL_Troubleshooting.J_LevageUnitaireM2.Control_400.Idx415_MotorRequest;GVL_Troubleshooting.I_LevageUnitaireM1.Control_400.Idx416_RestartRequired;GVL_Troubleshooting.J_LevageUnitaireM2.Control_400.Idx416_RestartRequired;PRG_04_Treuils_Benne.Data.WinchM2Safety.AscentPermit;PRG_04_Treuils_Benne.Data.WinchM2Safety.CableLimitAscent;PRG_06_Outputs.Data.ContactorMismatch;GVL_Troubleshooting.I_LevageUnitaireM1.Outputs_500.Idx501_CmdRelayAscent_RQ;GVL_Troubleshooting.J_LevageUnitaireM2.Outputs_500.Idx501_CmdRelayAscent_RQ;GVL_Troubleshooting.I_LevageUnitaireM1.Outputs_500.Idx505_CmdBrakeRelease_RQ;GVL_Troubleshooting.J_LevageUnitaireM2.Outputs_500.Idx505_CmdBrakeRelease_RQ;GVL_Troubleshooting.I_LevageUnitaireM1.Inputs_100.Idx103_ContactorsReleased_DI;GVL_Troubleshooting.J_LevageUnitaireM2.Inputs_100.Idx103_ContactorsReleased_DI
3;7;1;0;0;4;0;0;0;0;0;0;94.3896484375;0;-1.72607421875;-0.884521484375;-1.72607421875;0.841552734375;1.4633333683013916;1.3766666650772095;4;4;-1;-1;0;0;1;1;0;0;1;0;0;0;0;1;1;0;0
13;7;1;0;0;4;0;0;0;0;0;0;94.381507873535156;0;-1.746337890625;-0.903564453125;-1.746337890625;0.8427734375;1.4599999189376831;1.3833333253860474;4;4;-1;-1;0;0;1;1;0;0;1;0;0;0;0;1;1;0;0
23;7;1;0;0;4;0;0;0;0;0;0;94.378257751464844;0;-1.759521484375;-0.916259765625;-1.759521484375;0.84326171875;1.4599999189376831;1.3833333253860474;4;4;-1;-1;0;0;1;1;0;0;1;0;0;0;0;1;1;0;0
33;7;1;0;0;4;0;0;0;0;0;0;94.3701171875;0;-1.779541015625;-0.93505859375;-1.779541015625;0.844482421875;1.4599999189376831;1.3799999952316284;4;4;-1;-1;0;0;1;1;0;0;1;0;0;0;0;1;1;0;0
43;7;1;0;0;4;0;0;0;0;0;0;94.365234375;0;-1.79296875;-0.94775390625;-1.79296875;0.84521484375;1.4599999189376831;1.3766666650772095;4;4;-1;-1;0;0;1;1;0;0;1;0;0;0;0;1;1;0;0
53;7;1;0;0;4;0;0;0;0;0;0;94.358726501464844;0;-1.81298828125;-0.966796875;-1.81298828125;0.84619140625;1.4599999189376831;1.3766666650772095;4;4;-1;-1;0;0;1;1;0;0;1;0;0;0;0;1;1;0;0
63;7;1;0;0;4;0;0;0;0;0;0;94.352210998535156;0;-1.826416015625;-0.979248046875;-1.826416015625;0.84716796875;1.4599999189376831;1.3766666650772095;4;4;-1;-1;0;0;1;1;0;0;1;0;0;0;0;1;1;0;0
73;7;1;0;0;4;0;0;0;0;0;0;94.344078063964844;0;-1.846435546875;-0.998046875;-1.846435546875;0.848388671875;1.4599999189376831;1.3733333349227905;4;4;-1;-1;0;0;1;1;0;0;1;0;0;0;0;1;1;0;0
83;7;1;0;0;4;0;0;0;0;0;0;94.339195251464844;0;-1.85986328125;-1.0107421875;-1.85986328125;0.84912109375;1.4599999189376831;1.3766666650772095;4;4;-1;-1;0;0;1;1;0;0;1;0;0;0;0;1;1;0;0
93;7;1;0;0;4;0;0;0;0;0;0;94.332679748535156;0;-1.8798828125;-1.02978515625;-1.8798828125;0.85009765625;1.4599999189376831;1.3766666650772095;4;4;-1;-1;0;0;1;1;0;0;1;0;0;0;0;1;1;0;0
103;7;1;0;0;4;0;0;0;0;0;0;94.326171875;0;-1.893310546875;-1.042236328125;-1.893310546875;0.85107421875;1.4566667079925537;1.3766666650772095;4;4;-1;-1;0;0;1;1;0;0;1;0;0;0;0;1;1;0;0
113;7;1;0;0;4;0;0;0;0;0;0;94.318031311035156;0;-1.913330078125;-1.06103515625;-1.913330078125;0.852294921875;1.4599999189376831;1.3733333349227905;4;4;-1;-1;0;0;1;1;0;0;1;0;0;0;0;1;1;0;0
123;7;1;0;0;4;0;0;0;0;0;0;94.314781188964844;0;-1.926513671875;-1.07373046875;-1.926513671875;0.852783203125;1.4599999189376831;1.3733333349227905;4;4;-1;-1;0;0;1;1;0;0;1;0;0;0;0;1;1;0;0
133;7;1;0;0;4;0;0;0;0;0;0;94.306640625;0;-1.94677734375;-1.0927734375;-1.94677734375;0.85400390625;1.4599999189376831;1.3766666650772095;4;4;-1;-1;0;0;1;1;0;0;1;0;0;0;0;1;1;0;0
143;7;1;0;0;4;0;0;0;0;0;0;94.303382873535156;0;-1.9599609375;-1.10546875;-1.9599609375;0.8544921875;1.4599999189376831;1.3766666650772095;4;4;-1;-1;0;0;1;1;0;0;1;0;0;0;0;1;1;0;0
153;7;1;0;0;4;0;0;0;0;0;0;94.293617248535156;0;-1.97998046875;-1.1240234375;-1.97998046875;0.85595703125;1.4566667079925537;1.3700001239776611;4;4;-1;-1;0;0;1;1;0;0;1;0;0;0;0;1;1;0;0
164;7;1;0;0;4;0;0;0;0;0;0;94.288734436035156;0;-1.993408203125;-1.13671875;-1.993408203125;0.856689453125;1.4599999189376831;1.3733333349227905;4;4;-1;-1;0;0;1;1;0;0;1;0;0;0;0;1;1;0;0
173;7;1;0;0;4;0;0;0;0;0;0;94.2822265625;0;-2.013427734375;-1.15576171875;-2.013427734375;0.857666015625;1.4566667079925537;1.3799999952316284;4;4;-1;-1;0;0;1;1;0;0;1;0;0;0;0;1;1;0;0
183;7;1;0;0;4;0;0;0;0;0;0;94.27734375;0;-2.02685546875;-1.16845703125;-2.02685546875;0.8583984375;1.4566667079925537;1.3799999952316284;4;4;-1;-1;0;0;1;1;0;0;1;0;0;0;0;1;1;0;0
194;7;1;0;0;4;0;0;0;0;0;0;94.269203186035156;0;-2.046875;-1.187255859375;-2.046875;0.859619140625;1.4566667079925537;1.3766666650772095;4;4;-1;-1;0;0;1;1;0;0;1;0;0;0;0;1;1;0;0
203;7;1;0;0;4;0;0;0;0;0;0;94.265953063964844;0;-2.06005859375;-1.199951171875;-2.06005859375;0.860107421875;1.4599999189376831;1.3766666650772095;4;4;-1;-1;0;0;1;1;0;0;1;0;0;0;0;1;1;0;0
213;7;1;0;0;4;0;0;0;0;0;0;94.2578125;0;-2.080078125;-1.21875;-2.080078125;0.861328125;1.4566667079925537;1.3766666650772095;4;4;-1;-1;0;0;1;1;0;0;1;0;0;0;0;1;1;0;0
223;7;1;0;0;4;0;0;0;0;0;0;94.2529296875;0;-2.093505859375;-1.2314453125;-2.093505859375;0.862060546875;1.4566667079925537;1.3766666650772095;4;4;-1;-1;0;0;1;1;0;0;1;0;0;0;0;1;1;0;0
233;7;1;0;0;4;0;0;0;0;0;0;94.244789123535156;0;-2.113525390625;-1.250244140625;-2.113525390625;0.86328125;1.4599999189376831;1.3733333349227905;4;4;-1;-1;0;0;1;1;0;0;1;0;0;0;0;1;1;0;0
243;7;1;0;0;4;0;0;0;0;0;0;94.239906311035156;0;-2.126953125;-1.262939453125;-2.126953125;0.864013671875;1.4566667079925537;1.3766666650772095;4;4;-1;-1;0;0;1;1;0;0;1;0;0;0;0;1;1;0;0
253;7;1;0;0;4;0;0;0;0;0;0;94.2333984375;0;-2.14697265625;-1.281982421875;-2.14697265625;0.864990234375;1.4599999189376831;1.3766666650772095;4;4;-1;-1;0;0;1;1;0;0;1;0;0;0;0;1;1;0;0
264;7;1;0;0;4;0;0;0;0;0;0;94.230140686035156;0;-2.16015625;-1.294677734375;-2.16015625;0.865478515625;1.4566667079925537;1.3766666650772095;4;4;-1;-1;0;0;1;1;0;0;1;0;0;0;0;1;1;0;0
273;7;1;0;0;4;0;0;0;0;0;0;94.222007751464844;0;-2.18017578125;-1.3134765625;-2.18017578125;0.86669921875;1.4599999189376831;1.3766666650772095;4;4;-1;-1;0;0;1;1;0;0;1;0;0;0;0;1;1;0;0
283;7;1;0;0;4;0;0;0;0;0;0;94.217124938964844;0;-2.193603515625;-1.326171875;-2.193603515625;0.867431640625;1.4599999189376831;1.3766666650772095;4;4;-1;-1;0;0;1;1;0;0;1;0;0;0;0;1;1;0;0
294;7;1;0;0;4;0;0;0;0;0;0;94.208984375;0;-2.213623046875;-1.344970703125;-2.213623046875;0.86865234375;1.4566667079925537;1.3766666650772095;4;4;-1;-1;0;0;1;1;0;0;1;0;0;0;0;1;1;0;0
303;7;1;0;0;4;0;0;0;0;0;0;94.2041015625;0;-2.22705078125;-1.357666015625;-2.22705078125;0.869384765625;1.4566667079925537;1.3766666650772095;4;4;-1;-1;0;0;1;1;0;0;1;0;0;0;0;1;1;0;0
313;7;1;0;0;4;0;0;0;0;0;0;94.195960998535156;0;-2.2470703125;-1.37646484375;-2.2470703125;0.87060546875;1.4599999189376831;1.3733333349227905;4;4;-1;-1;0;0;1;1;0;0;1;0;0;0;0;1;1;0;0
323;7;1;0;0;4;0;0;0;0;0;0;94.192710876464844;0;-2.26025390625;-1.38916015625;-2.26025390625;0.87109375;1.4566667079925537;1.3766666650772095;4;4;-1;-1;0;0;1;1;0;0;1;0;0;0;0;1;1;0;0
334;7;1;0;0;4;0;0;0;0;0;0;94.186195373535156;0;-2.2802734375;-1.408203125;-2.2802734375;0.8720703125;1.4566667079925537;1.3766666650772095;4;4;-1;-1;0;0;1;1;0;0;1;0;0;0;0;1;1;0;0
343;7;1;0;0;4;0;0;0;0;0;0;94.181312561035156;0;-2.293701171875;-1.4208984375;-2.293701171875;0.872802734375;1.4566667079925537;1.3766666650772095;4;4;-1;-1;0;0;1;1;0;0;1;0;0;0;0;1;1;0;0
355;7;1;0;0;4;0;0;0;0;0;0;94.173179626464844;0;-2.313720703125;-1.439697265625;-2.313720703125;0.8740234375;1.4566667079925537;1.3766666650772095;4;4;-1;-1;0;0;1;1;0;0;1;0;0;0;0;1;1;0;0
366;7;1;0;0;4;0;0;0;0;0;0;94.168296813964844;0;-2.3271484375;-1.452392578125;-2.3271484375;0.874755859375;1.4566667079925537;1.3766666650772095;4;4;-1;-1;0;0;1;1;0;0;1;0;0;0;0;1;1;0;0
373;7;1;0;0;4;0;0;0;0;0;0;94.16015625;0;-2.34716796875;-1.47119140625;-2.34716796875;0.8759765625;1.4566667079925537;1.3733333349227905;4;4;-1;-1;0;0;1;1;0;0;1;0;0;0;0;1;1;0;0
383;7;1;0;0;4;0;0;0;0;0;0;94.156898498535156;0;-2.3603515625;-1.48388671875;-2.3603515625;0.87646484375;1.4599999189376831;1.3733333349227905;4;4;-1;-1;0;0;1;1;0;0;1;0;0;0;0;1;1;0;0
393;7;1;0;0;4;0;0;0;0;0;0;94.150390625;0;-2.38037109375;-1.5029296875;-2.38037109375;0.87744140625;1.4566667079925537;1.3766666650772095;4;4;-1;-1;0;0;1;1;0;0;1;0;0;0;0;1;1;0;0
403;7;1;0;0;4;0;0;0;0;0;0;94.143882751464844;0;-2.393798828125;-1.515380859375;-2.393798828125;0.87841796875;1.4566667079925537;1.3799999952316284;4;4;-1;-1;0;0;1;1;0;0;1;0;0;0;0;1;1;0;0
413;7;1;0;0;4;0;0;0;0;0;0;94.137367248535156;0;-2.413818359375;-1.534423828125;-2.413818359375;0.87939453125;1.4566667079925537;1.3766666650772095;4;4;-1;-1;0;0;1;1;0;0;1;0;0;0;0;1;1;0;0
423;7;1;0;0;4;0;0;0;0;0;0;94.132484436035156;0;-2.427001953125;-1.546875;-2.427001953125;0.880126953125;1.4566667079925537;1.3733333349227905;4;4;-1;-1;0;0;1;1;0;0;1;0;0;0;0;1;1;0;0
433;7;1;0;0;4;0;0;0;0;0;0;94.1259765625;0;-2.447021484375;-1.56591796875;-2.447021484375;0.881103515625;1.4566667079925537;1.3766666650772095;4;4;-1;-1;0;0;1;1;0;0;1;0;0;0;0;1;1;0;0
443;7;1;0;0;4;0;0;0;0;0;0;94.12109375;0;-2.46044921875;-1.57861328125;-2.46044921875;0.8818359375;1.4566667079925537;1.3799999952316284;4;4;-1;-1;0;0;1;1;0;0;1;0;0;0;0;1;1;0;0
453;7;1;0;0;4;0;0;0;0;0;0;94.112953186035156;0;-2.48046875;-1.597412109375;-2.48046875;0.883056640625;1.4566667079925537;1.3766666650772095;4;4;-1;-1;0;0;1;1;0;0;1;0;0;0;0;1;1;0;0
464;7;1;0;0;4;0;0;0;0;0;0;94.108070373535156;0;-2.493896484375;-1.610107421875;-2.493896484375;0.8837890625;1.4566667079925537;1.3733333349227905;4;4;-1;-1;0;0;1;1;0;0;1;0;0;0;0;1;1;0;0
473;7;1;0;0;4;0;0;0;0;0;0;94.1015625;0;-2.513916015625;-1.629150390625;-2.513916015625;0.884765625;1.4566667079925537;1.3799999952316284;4;4;-1;-1;0;0;1;1;0;0;1;0;0;0;0;1;1;0;0
483;7;1;0;0;4;0;0;0;0;0;0;94.098304748535156;0;-2.527099609375;-1.641845703125;-2.527099609375;0.88525390625;1.4533333778381348;1.3799999952316284;4;4;-1;-1;0;0;1;1;0;0;1;0;0;0;0;1;1;0;0
493;7;1;0;0;4;0;0;0;0;0;0;94.090171813964844;0;-2.547119140625;-1.66064453125;-2.547119140625;0.886474609375;1.4566667079925537;1.3766666650772095;4;4;-1;-1;0;0;1;1;0;0;1;0;0;0;0;1;1;0;0
503;7;1;0;0;4;0;0;0;0;0;0;94.085289001464844;0;-2.560302734375;-1.673095703125;-2.560302734375;0.88720703125;1.4566667079925537;1.3733333349227905;4;4;-1;-1;0;0;1;1;0;0;1;0;0;0;0;1;1;0;0
513;7;1;0;0;4;0;0;0;0;0;0;94.078773498535156;0;-2.580322265625;-1.692138671875;-2.580322265625;0.88818359375;1.4566667079925537;1.3799999952316284;4;4;-1;-1;0;0;1;1;0;0;1;0;0;0;0;1;1;0;0
524;7;1;0;0;4;0;0;0;0;0;0;94.073890686035156;0;-2.59375;-1.704833984375;-2.59375;0.888916015625;1.4566667079925537;1.3799999952316284;4;4;-1;-1;0;0;1;1;0;0;1;0;0;0;0;1;1;0;0
533;7;1;0;0;4;0;0;0;0;0;0;94.065757751464844;0;-2.61376953125;-1.7236328125;-2.61376953125;0.89013671875;1.4566667079925537;1.3766666650772095;4;4;-1;-1;0;0;1;1;0;0;1;0;0;0;0;1;1;0;0
543;7;1;0;0;4;0;0;0;0;0;0;94.060874938964844;0;-2.627197265625;-1.736328125;-2.627197265625;0.890869140625;1.4566667079925537;1.3766666650772095;4;4;-1;-1;0;0;1;1;0;0;1;0;0;0;0;1;1;0;0
553;7;1;0;0;4;0;0;0;0;0;0;94.055992126464844;0;-2.64697265625;-1.75537109375;-2.64697265625;0.8916015625;1.4533333778381348;1.3766666650772095;4;4;-1;-1;0;0;1;1;0;0;1;0;0;0;0;1;1;0;0
565;7;1;0;0;4;0;0;0;0;0;0;94.051109313964844;0;-2.660400390625;-1.76806640625;-2.660400390625;0.892333984375;1.4533333778381348;1.3799999952316284;4;4;-1;-1;0;0;1;1;0;0;1;0;0;0;0;1;1;0;0
573;7;1;0;0;4;0;0;0;0;0;0;94.044593811035156;0;-2.68017578125;-1.786865234375;-2.68017578125;0.893310546875;1.4533333778381348;1.3766666650772095;4;4;-1;-1;0;0;1;1;0;0;1;0;0;0;0;1;1;0;0
583;7;1;0;0;4;0;0;0;0;0;0;94.039710998535156;0;-2.693603515625;-1.799560546875;-2.693603515625;0.89404296875;1.4533333778381348;1.3733333349227905;4;4;-1;-1;0;0;1;1;0;0;1;0;0;0;0;1;1;0;0
593;7;1;0;0;4;0;0;0;0;0;0;94.031578063964844;0;-2.713623046875;-1.818359375;-2.713623046875;0.895263671875;1.4533333778381348;1.3766666650772095;4;4;-1;-1;0;0;1;1;0;0;1;0;0;0;0;1;1;0;0
603;7;1;0;0;4;0;0;0;0;0;0;94.0283203125;0;-2.726806640625;-1.8310546875;-2.726806640625;0.895751953125;1.4533333778381348;1.3799999952316284;4;4;-1;-1;0;0;1;1;0;0;1;0;0;0;0;1;1;0;0
613;7;1;0;0;4;0;0;0;0;0;0;94.021812438964844;0;-2.746826171875;-1.85009765625;-2.746826171875;0.896728515625;1.4533333778381348;1.3766666650772095;4;4;-1;-1;0;0;1;1;0;0;1;0;0;0;0;1;1;0;0
624;7;1;0;0;4;0;0;0;0;0;0;94.016929626464844;0;-2.760009765625;-1.862548828125;-2.760009765625;0.8974609375;1.4533333778381348;1.3733333349227905;4;4;-1;-1;0;0;1;1;0;0;1;0;0;0;0;1;1;0;0
633;7;1;0;0;4;0;0;0;0;0;0;94.010414123535156;0;-2.780029296875;-1.881591796875;-2.780029296875;0.8984375;1.4500000476837158;1.3766666650772095;4;4;-1;-1;0;0;1;1;0;0;1;0;0;0;0;1;1;0;0
643;7;1;0;0;4;0;0;0;0;0;0;94.007164001464844;0;-2.793212890625;-1.894287109375;-2.793212890625;0.89892578125;1.4500000476837158;1.3766666650772095;4;4;-1;-1;0;0;1;1;0;0;1;0;0;0;0;1;1;0;0
653;7;1;0;0;4;0;0;0;0;0;0;93.9990234375;0;-2.813232421875;-1.9130859375;-2.813232421875;0.900146484375;1.4500000476837158;1.3766666650772095;4;4;-1;-1;0;0;1;1;0;0;1;0;0;0;0;1;1;0;0
664;7;1;0;0;4;0;0;0;0;0;0;93.995765686035156;0;-2.826416015625;-1.92578125;-2.826416015625;0.900634765625;1.4500000476837158;1.3766666650772095;4;4;-1;-1;0;0;1;1;0;0;1;0;0;0;0;1;1;0;0
673;7;1;0;0;4;0;0;0;0;0;0;93.987632751464844;0;-2.846435546875;-1.944580078125;-2.846435546875;0.90185546875;1.4500000476837158;1.3766666650772095;4;4;-1;-1;0;0;1;1;0;0;1;0;0;0;0;1;1;0;0
683;7;1;0;0;4;0;0;0;0;0;0;93.984375;0;-2.859619140625;-1.957275390625;-2.859619140625;0.90234375;1.4500000476837158;1.3766666650772095;4;4;-1;-1;0;0;1;1;0;0;1;0;0;0;0;1;1;0;0
694;7;1;0;0;4;0;0;0;0;0;0;93.977867126464844;0;-2.879638671875;-1.976318359375;-2.879638671875;0.9033203125;1.4500000476837158;1.3766666650772095;4;4;-1;-1;0;0;1;1;0;0;1;0;0;0;0;1;1;0;0
703;7;1;0;0;4;0;0;0;0;0;0;93.974609375;0;-2.892822265625;-1.989013671875;-2.892822265625;0.90380859375;1.4500000476837158;1.3766666650772095;4;4;-1;-1;0;0;1;1;0;0;1;0;0;0;0;1;1;0;0
713;7;1;0;0;4;0;0;0;0;0;0;93.966468811035156;0;-2.912841796875;-2.0078125;-2.912841796875;0.905029296875;1.4500000476837158;1.3766666650772095;4;4;-1;-1;0;0;1;1;0;0;1;0;0;0;0;1;1;0;0
723;7;1;0;0;4;0;0;0;0;0;0;93.963218688964844;0;-2.926025390625;-2.0205078125;-2.926025390625;0.905517578125;1.4500000476837158;1.3766666650772095;4;4;-1;-1;0;0;1;1;0;0;1;0;0;0;0;1;1;0;0
733;7;1;0;0;4;0;0;0;0;0;0;93.955078125;0;-2.946044921875;-2.039306640625;-2.946044921875;0.90673828125;1.4500000476837158;1.3766666650772095;4;4;-1;-1;0;0;1;1;0;0;1;0;0;0;0;1;1;0;0
743;7;1;0;0;4;0;0;0;0;0;0;93.951820373535156;0;-2.959228515625;-2.052001953125;-2.959228515625;0.9072265625;1.4500000476837158;1.3766666650772095;4;4;-1;-1;0;0;1;1;0;0;1;0;0;0;0;1;1;0;0
756;7;1;0;0;4;0;0;0;0;0;0;93.946937561035156;0;-2.97900390625;-2.071044921875;-2.97900390625;0.907958984375;1.4466667175292969;1.3766666650772095;4;4;-1;-1;0;0;1;1;0;0;1;0;0;0;0;1;1;0;0
763;7;1;0;0;4;0;0;0;0;0;0;93.9404296875;0;-2.992431640625;-2.08349609375;-2.992431640625;0.908935546875;1.4533333778381348;1.3766666650772095;4;4;-1;-1;0;0;1;1;0;0;1;0;0;0;0;1;1;0;0
773;7;1;0;0;4;0;0;0;0;0;0;93.933921813964844;0;-3.012451171875;-2.1025390625;-3.012451171875;0.909912109375;1.4500000476837158;1.3799999952316284;4;4;-1;-1;0;0;1;1;0;0;1;0;0;0;0;1;1;0;0
783;7;1;0;0;4;0;0;0;0;0;0;93.9306640625;0;-3.025634765625;-2.115234375;-3.025634765625;0.910400390625;1.4500000476837158;1.3799999952316284;4;4;-1;-1;0;0;1;1;0;0;1;0;0;0;0;1;1;0;0
794;7;1;0;0;4;0;0;0;0;0;0;93.924156188964844;0;-3.04541015625;-2.134033203125;-3.04541015625;0.911376953125;1.4500000476837158;1.3766666650772095;4;4;-1;-1;0;0;1;1;0;0;1;0;0;0;0;1;1;0;0
803;7;1;0;0;4;0;0;0;0;0;0;93.919273376464844;0;-3.058837890625;-2.146728515625;-3.058837890625;0.912109375;1.4500000476837158;1.3766666650772095;4;4;-1;-1;0;0;1;1;0;0;1;0;0;0;0;1;1;0;0
813;7;1;0;0;4;0;0;0;0;0;0;93.914390563964844;0;-3.07861328125;-2.165771484375;-3.07861328125;0.912841796875;1.4500000476837158;1.3799999952316284;4;4;-1;-1;0;0;1;1;0;0;1;0;0;0;0;1;1;0;0
823;7;1;0;0;4;0;0;0;0;0;0;93.909507751464844;0;-3.092041015625;-2.178466796875;-3.092041015625;0.91357421875;1.4500000476837158;1.3766666650772095;4;4;-1;-1;0;0;1;1;0;0;1;0;0;0;0;1;1;0;0
833;7;1;0;0;4;0;0;0;0;0;0;93.902992248535156;0;-3.11181640625;-2.197265625;-3.11181640625;0.91455078125;1.4500000476837158;1.3766666650772095;4;4;-1;-1;0;0;1;1;0;0;1;0;0;0;0;1;1;0;0
843;7;1;0;0;4;0;0;0;0;0;0;93.898109436035156;0;-3.125244140625;-2.2099609375;-3.125244140625;0.915283203125;1.4500000476837158;1.3766666650772095;4;4;-1;-1;0;0;1;1;0;0;1;0;0;0;0;1;1;0;0
853;7;1;0;0;4;0;0;0;0;0;0;93.893226623535156;0;-3.14501953125;-2.22900390625;-3.14501953125;0.916015625;1.4500000476837158;1.3799999952316284;4;4;-1;-1;0;0;1;1;0;0;1;0;0;0;0;1;1;0;0
863;7;1;0;0;4;0;0;0;0;0;0;93.888343811035156;0;-3.158203125;-2.241455078125;-3.158203125;0.916748046875;1.4500000476837158;1.3799999952316284;4;4;-1;-1;0;0;1;1;0;0;1;0;0;0;0;1;1;0;0
873;7;1;0;0;4;0;0;0;0;0;0;93.880210876464844;0;-3.17822265625;-2.26025390625;-3.17822265625;0.91796875;1.4500000476837158;1.3733333349227905;4;4;-1;-1;0;0;1;1;0;0;1;0;0;0;0;1;1;0;0
883;7;1;0;0;4;0;0;0;0;0;0;93.876953125;0;-3.19140625;-2.27294921875;-3.19140625;0.91845703125;1.4500000476837158;1.3733333349227905;4;4;-1;-1;0;0;1;1;0;0;1;0;0;0;0;1;1;0;0
894;7;1;0;0;4;0;0;0;0;0;0;93.870445251464844;0;-3.21142578125;-2.2919921875;-3.21142578125;0.91943359375;1.4500000476837158;1.3799999952316284;4;4;-1;-1;0;0;1;1;0;0;1;0;0;0;0;1;1;0;0
903;7;1;0;0;4;0;0;0;0;0;0;93.8671875;0;-3.224609375;-2.3046875;-3.224609375;0.919921875;1.4500000476837158;1.3799999952316284;4;4;-1;-1;0;0;1;1;0;0;1;0;0;0;0;1;1;0;0
913;7;1;0;0;4;0;0;0;0;0;0;93.859046936035156;0;-3.24462890625;-2.323486328125;-3.24462890625;0.921142578125;1.4500000476837158;1.3766666650772095;4;4;-1;-1;0;0;1;1;0;0;1;0;0;0;0;1;1;0;0
923;7;1;0;0;4;0;0;0;0;0;0;93.855796813964844;0;-3.2578125;-2.336181640625;-3.2578125;0.921630859375;1.4500000476837158;1.3766666650772095;4;4;-1;-1;0;0;1;1;0;0;1;0;0;0;0;1;1;0;0
933;7;1;0;0;4;0;0;0;0;0;0;93.849281311035156;0;-3.27783203125;-2.355224609375;-3.27783203125;0.922607421875;1.4500000476837158;1.3799999952316284;4;4;-1;-1;0;0;1;1;0;0;1;0;0;0;0;1;1;0;0
943;7;1;0;0;4;0;0;0;0;0;0;93.844398498535156;0;-3.291015625;-2.36767578125;-3.291015625;0.92333984375;1.4500000476837158;1.3766666650772095;4;4;-1;-1;0;0;1;1;0;0;1;0;0;0;0;1;1;0;0
954;7;1;0;0;4;0;0;0;0;0;0;93.837890625;0;-3.31103515625;-2.38671875;-3.31103515625;0.92431640625;1.4500000476837158;1.3766666650772095;4;4;-1;-1;0;0;1;1;0;0;1;0;0;0;0;1;1;0;0
963;7;1;0;0;4;0;0;0;0;0;0;93.834632873535156;0;-3.32421875;-2.3994140625;-3.32421875;0.9248046875;1.4500000476837158;1.3766666650772095;4;4;-1;-1;0;0;1;1;0;0;1;0;0;0;0;1;1;0;0
973;7;1;0;0;4;0;0;0;0;0;0;93.828125;0;-3.343994140625;-2.418212890625;-3.343994140625;0.92578125;1.4500000476837158;1.3799999952316284;4;4;-1;-1;0;0;1;1;0;0;1;0;0;0;0;1;1;0;0
983;7;1;0;0;4;0;0;0;0;0;0;93.8232421875;0;-3.357421875;-2.430908203125;-3.357421875;0.926513671875;1.4466667175292969;1.3799999952316284;4;4;-1;-1;0;0;1;1;0;0;1;0;0;0;0;1;1;0;0
994;7;1;0;0;4;0;0;0;0;0;0;93.818359375;0;-3.377197265625;-2.449951171875;-3.377197265625;0.92724609375;1.4500000476837158;1.3766666650772095;4;4;-1;-1;0;0;1;1;0;0;1;0;0;0;0;1;1;0;0
1003;7;1;0;0;4;0;0;0;0;0;0;93.8134765625;0;-3.390380859375;-2.46240234375;-3.390380859375;0.927978515625;1.4466667175292969;1.3766666650772095;4;4;-1;-1;0;0;1;1;0;0;1;0;0;0;0;1;1;0;0
1013;7;1;0;0;4;0;0;0;0;0;0;93.806968688964844;0;-3.410400390625;-2.4814453125;-3.410400390625;0.928955078125;1.4500000476837158;1.3799999952316284;4;4;-1;-1;0;0;1;1;0;0;1;0;0;0;0;1;1;0;0
1023;7;1;0;0;4;0;0;0;0;0;0;93.8037109375;0;-3.423583984375;-2.494140625;-3.423583984375;0.929443359375;1.4466667175292969;1.3799999952316284;4;4;-1;-1;0;0;1;1;0;0;1;0;0;0;0;1;1;0;0
1033;7;1;0;0;4;0;0;0;0;0;0;93.795570373535156;0;-3.443603515625;-2.512939453125;-3.443603515625;0.9306640625;1.4466667175292969;1.3766666650772095;4;4;-1;-1;0;0;1;1;0;0;1;0;0;0;0;1;1;0;0
1044;7;1;0;0;4;0;0;0;0;0;0;93.792320251464844;0;-3.456787109375;-2.525634765625;-3.456787109375;0.93115234375;1.4500000476837158;1.3766666650772095;4;4;-1;-1;0;0;1;1;0;0;1;0;0;0;0;1;1;0;0
1054;7;1;0;0;4;0;0;0;0;0;0;93.785804748535156;0;-3.476806640625;-2.544677734375;-3.476806640625;0.93212890625;1.4500000476837158;1.3799999952316284;4;4;-1;-1;0;0;1;1;0;0;1;0;0;0;0;1;1;0;0
1064;7;1;0;0;4;0;0;0;0;0;0;93.780921936035156;0;-3.489990234375;-2.55712890625;-3.489990234375;0.932861328125;1.4466667175292969;1.3766666650772095;4;4;-1;-1;0;0;1;1;0;0;1;0;0;0;0;1;1;0;0
1073;7;1;0;0;4;0;0;0;0;0;0;93.776039123535156;0;-3.509765625;-2.576171875;-3.509765625;0.93359375;1.4500000476837158;1.3799999952316284;4;4;-1;-1;0;0;1;1;0;0;1;0;0;0;0;1;1;0;0
1083;7;1;0;0;4;0;0;0;0;0;0;93.771156311035156;0;-3.523193359375;-2.5888671875;-3.523193359375;0.934326171875;1.4466667175292969;1.3799999952316284;4;4;-1;-1;0;0;1;1;0;0;1;0;0;0;0;1;1;0;0
1095;7;1;0;0;4;0;0;0;0;0;0;93.7646484375;0;-3.54296875;-2.607666015625;-3.54296875;0.935302734375;1.4466667175292969;1.3766666650772095;4;4;-1;-1;0;0;1;1;0;0;1;0;0;0;0;1;1;0;0
1103;7;1;0;0;4;0;0;0;0;0;0;93.761390686035156;0;-3.55615234375;-2.620361328125;-3.55615234375;0.935791015625;1.4466667175292969;1.3733333349227905;4;4;-1;-1;0;0;1;1;0;0;1;0;0;0;0;1;1;0;0
1113;7;1;0;0;4;0;0;0;0;0;0;93.753257751464844;0;-3.576171875;-2.63916015625;-3.576171875;0.93701171875;1.4466667175292969;1.3766666650772095;4;4;-1;-1;0;0;1;1;0;0;1;0;0;0;0;1;1;0;0
1123;7;1;0;0;4;0;0;0;0;0;0;93.75;0;-3.58935546875;-2.65185546875;-3.58935546875;0.9375;1.4500000476837158;1.3766666650772095;4;4;-1;-1;0;0;1;1;0;0;1;0;0;0;0;1;1;0;0
1133;7;1;0;0;4;0;0;0;0;0;0;93.743492126464844;0;-3.609375;-2.6708984375;-3.609375;0.9384765625;1.4466667175292969;1.3766666650772095;4;4;-1;-1;0;0;1;1;0;0;1;0;0;0;0;1;1;0;0
1143;7;1;0;0;4;0;0;0;0;0;0;93.738609313964844;0;-3.62255859375;-2.683349609375;-3.62255859375;0.939208984375;1.4466667175292969;1.3733333349227905;4;4;-1;-1;0;0;1;1;0;0;1;0;0;0;0;1;1;0;0
1154;7;1;0;0;4;0;0;0;0;0;0;93.733726501464844;0;-3.642333984375;-2.702392578125;-3.642333984375;0.93994140625;1.4466667175292969;1.3766666650772095;4;4;-1;-1;0;0;1;1;0;0;1;0;0;0;0;1;1;0;0
1164;7;1;0;0;4;0;0;0;0;0;0;93.728843688964844;0;-3.65576171875;-2.715087890625;-3.65576171875;0.940673828125;1.4500000476837158;1.3799999952316284;4;4;-1;-1;0;0;1;1;0;0;1;0;0;0;0;1;1;0;0
1173;7;1;0;0;4;0;0;0;0;0;0;93.722328186035156;0;-3.675537109375;-2.73388671875;-3.675537109375;0.941650390625;1.4466667175292969;1.3733333349227905;4;4;-1;-1;0;0;1;1;0;0;1;0;0;0;0;1;1;0;0
1183;7;1;0;0;4;0;0;0;0;0;0;93.7158203125;0;-3.68896484375;-2.746337890625;-3.68896484375;0.942626953125;1.4500000476837158;1.3733333349227905;4;4;-1;-1;0;0;1;1;0;0;1;0;0;0;0;1;1;0;0
1194;7;1;0;0;4;0;0;0;0;0;0;93.7109375;0;-3.708740234375;-2.765380859375;-3.708740234375;0.943359375;1.4500000476837158;1.3799999952316284;4;4;-1;-1;0;0;1;1;0;0;1;0;0;0;0;1;1;0;0
1203;7;1;0;0;4;0;0;0;0;0;0;93.707679748535156;0;-3.721923828125;-2.778076171875;-3.721923828125;0.94384765625;1.4500000476837158;1.3799999952316284;4;4;-1;-1;0;0;1;1;0;0;1;0;0;0;0;1;1;0;0
1213;7;1;0;0;4;0;0;0;0;0;0;93.701171875;0;-3.741943359375;-2.797119140625;-3.741943359375;0.94482421875;1.4466667175292969;1.3799999952316284;4;4;-1;-1;0;0;1;1;0;0;1;0;0;0;0;1;1;0;0
1223;7;1;0;0;4;0;0;0;0;0;0;93.697914123535156;0;-3.755126953125;-2.809814453125;-3.755126953125;0.9453125;1.4500000476837158;1.3766666650772095;4;4;-1;-1;0;0;1;1;0;0;1;0;0;0;0;1;1;0;0
1236;7;1;0;0;4;0;0;0;0;0;0;93.689781188964844;0;-3.775146484375;-2.82861328125;-3.775146484375;0.946533203125;1.4500000476837158;1.3733333349227905;4;4;-1;-1;0;0;1;1;0;0;1;0;0;0;0;1;1;0;0
1243;7;1;0;0;4;0;0;0;0;0;0;93.684898376464844;0;-3.788330078125;-2.841064453125;-3.788330078125;0.947265625;1.4500000476837158;1.3700001239776611;4;4;-1;-1;0;0;1;1;0;0;1;0;0;0;0;1;1;0;0
1254;7;1;0;0;4;0;0;0;0;0;0;93.6767578125;0;-3.808349609375;-2.85986328125;-3.808349609375;0.948486328125;1.4500000476837158;1.3700001239776611;4;4;-1;-1;0;0;1;1;0;0;1;0;0;0;0;1;1;0;0
1263;7;1;0;0;4;0;0;0;0;0;0;93.673500061035156;0;-3.821533203125;-2.87255859375;-3.821533203125;0.948974609375;1.4500000476837158;1.3733333349227905;4;4;-1;-1;0;0;1;1;0;0;1;0;0;0;0;1;1;0;0
1273;7;1;0;0;4;0;0;0;0;0;0;93.6669921875;0;-3.841552734375;-2.8916015625;-3.841552734375;0.949951171875;1.4500000476837158;1.3799999952316284;4;4;-1;-1;0;0;1;1;0;0;1;0;0;0;0;1;1;0;0
1283;7;1;0;0;4;0;0;0;0;0;0;93.663734436035156;0;-3.854736328125;-2.904296875;-3.854736328125;0.950439453125;1.4500000476837158;1.3833333253860474;4;4;-1;-1;0;0;1;1;0;0;1;0;0;0;0;1;1;0;0
1294;7;1;0;0;4;0;0;0;0;0;0;93.655601501464844;0;-3.874755859375;-2.923095703125;-3.874755859375;0.95166015625;1.4500000476837158;1.3766666650772095;4;4;-1;-1;0;0;1;1;0;0;1;0;0;0;0;1;1;0;0
1303;7;1;0;0;4;0;0;0;0;0;0;93.65234375;0;-3.887939453125;-2.935791015625;-3.887939453125;0.9521484375;1.4500000476837158;1.3733333349227905;4;4;-1;-1;0;0;1;1;0;0;1;0;0;0;0;1;1;0;0
1313;7;1;0;0;4;0;0;0;0;0;0;93.645835876464844;0;-3.907958984375;-2.954833984375;-3.907958984375;0.953125;1.4500000476837158;1.3766666650772095;4;4;-1;-1;0;0;1;1;0;0;1;0;0;0;0;1;1;0;0
1323;7;1;0;0;4;0;0;0;0;0;0;93.642578125;0;-3.921142578125;-2.967529296875;-3.921142578125;0.95361328125;1.4500000476837158;1.3799999952316284;4;4;-1;-1;0;0;1;1;0;0;1;0;0;0;0;1;1;0;0
1333;7;1;0;0;4;0;0;0;0;0;0;93.634437561035156;0;-3.941162109375;-2.986328125;-3.941162109375;0.954833984375;1.4500000476837158;1.3766666650772095;4;4;-1;-1;0;0;1;1;0;0;1;0;0;0;0;1;1;0;0
1343;7;1;0;0;4;0;0;0;0;0;0;93.629554748535156;0;-3.954345703125;-2.998779296875;-3.954345703125;0.95556640625;1.4533333778381348;1.3733333349227905;4;4;-1;-1;0;0;1;1;0;0;1;0;0;0;0;1;1;0;0
1353;7;1;0;0;4;0;0;0;0;0;0;93.621421813964844;0;-3.974365234375;-3.017578125;-3.974365234375;0.956787109375;1.4500000476837158;1.3733333349227905;4;4;-1;-1;0;0;1;1;0;0;1;0;0;0;0;1;1;0;0
1363;7;1;0;0;4;0;0;0;0;0;0;93.6181640625;0;-3.987548828125;-3.0302734375;-3.987548828125;0.957275390625;1.4500000476837158;1.3733333349227905;4;4;-1;-1;0;0;1;1;0;0;1;0;0;0;0;1;1;0;0
1373;7;1;0;0;4;0;0;0;0;0;0;93.611656188964844;0;-4.007568359375;-3.04931640625;-4.007568359375;0.958251953125;1.4500000476837158;1.3766666650772095;4;4;-1;-1;0;0;1;1;0;0;1;0;0;0;0;1;1;0;0
1383;7;1;0;0;4;0;0;0;0;0;0;93.606773376464844;0;-4.02099609375;-3.06201171875;-4.02099609375;0.958984375;1.4533333778381348;1.3766666650772095;4;4;-1;-1;0;0;1;1;0;0;1;0;0;0;0;1;1;0;0
1393;7;1;0;0;4;0;0;0;0;0;0;93.601890563964844;0;-4.040771484375;-3.0810546875;-4.040771484375;0.959716796875;1.4500000476837158;1.3799999952316284;4;4;-1;-1;0;0;1;1;0;0;1;0;0;0;0;1;1;0;0
1403;7;1;0;0;4;0;0;0;0;0;0;93.595375061035156;0;-4.05419921875;-3.093505859375;-4.05419921875;0.960693359375;1.4500000476837158;1.3733333349227905;4;4;-1;-1;0;0;1;1;0;0;1;0;0;0;0;1;1;0;0
1413;7;1;0;0;4;0;0;0;0;0;0;93.5888671875;0;-4.073974609375;-3.1123046875;-4.073974609375;0.961669921875;1.4500000476837158;1.3700001239776611;4;4;-1;-1;0;0;1;1;0;0;1;0;0;0;0;1;1;0;0
1423;7;1;0;0;4;0;0;0;0;0;0;93.582359313964844;0;-4.08740234375;-3.124755859375;-4.08740234375;0.962646484375;1.4500000476837158;1.3733333349227905;4;4;-1;-1;0;0;1;1;0;0;1;0;0;0;0;1;1;0;0
1433;7;1;0;0;4;0;0;0;0;0;0;93.577476501464844;0;-4.107177734375;-3.143798828125;-4.107177734375;0.96337890625;1.4500000476837158;1.3766666650772095;4;4;-1;-1;0;0;1;1;0;0;1;0;0;0;0;1;1;0;0
1443;7;1;0;0;4;0;0;0;0;0;0;93.572593688964844;0;-4.12060546875;-3.156494140625;-4.12060546875;0.964111328125;1.4500000476837158;1.3799999952316284;4;4;-1;-1;0;0;1;1;0;0;1;0;0;0;0;1;1;0;0
1453;7;1;0;0;4;0;0;0;0;0;0;93.567710876464844;0;-4.140380859375;-3.175537109375;-4.140380859375;0.96484375;1.4533333778381348;1.3766666650772095;4;4;-1;-1;0;0;1;1;0;0;1;0;0;0;0;1;1;0;0
1463;7;1;0;0;4;0;0;0;0;0;0;93.561195373535156;0;-4.15380859375;-3.18798828125;-4.15380859375;0.9658203125;1.4533333778381348;1.3733333349227905;4;4;-1;-1;0;0;1;1;0;0;1;0;0;0;0;1;1;0;0
1473;7;1;0;0;4;0;0;0;0;0;0;93.556312561035156;0;-4.173583984375;-3.20703125;-4.173583984375;0.966552734375;1.4500000476837158;1.3733333349227905;4;4;-1;-1;0;0;1;1;0;0;1;0;0;0;0;1;1;0;0
1483;7;1;0;0;4;0;0;0;0;0;0;93.5498046875;0;-4.18701171875;-3.219482421875;-4.18701171875;0.967529296875;1.4500000476837158;1.3766666650772095;4;4;-1;-1;0;0;1;1;0;0;1;0;0;0;0;1;1;0;0
1493;7;1;0;0;4;0;0;0;0;0;0;93.544921875;0;-4.206787109375;-3.238525390625;-4.206787109375;0.96826171875;1.4500000476837158;1.3766666650772095;4;4;-1;-1;0;0;1;1;0;0;1;0;0;0;0;1;1;0;0
1503;7;1;0;0;4;0;0;0;0;0;0;93.5400390625;0;-4.22021484375;-3.251220703125;-4.22021484375;0.968994140625;1.4533333778381348;1.3799999952316284;4;4;-1;-1;0;0;1;1;0;0;1;0;0;0;0;1;1;0;0
1513;7;1;0;0;4;0;0;0;0;0;0;93.531898498535156;0;-4.240234375;-3.27001953125;-4.240234375;0.97021484375;1.4500000476837158;1.3766666650772095;4;4;-1;-1;0;0;1;1;0;0;1;0;0;0;0;1;1;0;0
1524;7;1;0;0;4;0;0;0;0;0;0;93.528648376464844;0;-4.25341796875;-3.28271484375;-4.25341796875;0.970703125;1.4533333778381348;1.3766666650772095;4;4;-1;-1;0;0;1;1;0;0;1;0;0;0;0;1;1;0;0
1534;7;1;0;0;4;0;0;0;0;0;0;93.522132873535156;0;-4.2734375;-3.3017578125;-4.2734375;0.9716796875;1.4500000476837158;1.3799999952316284;4;4;-1;-1;0;0;1;1;0;0;1;0;0;0;0;1;1;0;0
1543;7;1;0;0;4;0;0;0;0;0;0;93.517250061035156;0;-4.28662109375;-3.314208984375;-4.28662109375;0.972412109375;1.4533333778381348;1.3799999952316284;4;4;-1;-1;0;0;1;1;0;0;1;0;0;0;0;1;1;0;0
1553;7;1;0;0;4;0;0;0;0;0;0;93.5107421875;0;-4.306640625;-3.333251953125;-4.306640625;0.973388671875;1.4533333778381348;1.3766666650772095;4;4;-1;-1;0;0;1;1;0;0;1;0;0;0;0;1;1;0;0
1563;7;1;0;0;4;0;0;0;0;0;0;93.505859375;0;-4.31982421875;-3.345703125;-4.31982421875;0.97412109375;1.4500000476837158;1.3766666650772095;4;4;-1;-1;0;0;1;1;0;0;1;0;0;0;0;1;1;0;0
1574;7;1;0;0;4;0;0;0;0;0;0;93.499351501464844;0;-4.33984375;-3.36474609375;-4.33984375;0.97509765625;1.4533333778381348;1.3799999952316284;4;4;-1;-1;0;0;1;1;0;0;1;0;0;0;0;1;1;0;0
1583;7;1;0;0;4;0;0;0;0;0;0;93.494468688964844;0;-4.353271484375;-3.37744140625;-4.353271484375;0.975830078125;1.4533333778381348;1.3766666650772095;4;4;-1;-1;0;0;1;1;0;0;1;0;0;0;0;1;1;0;0
1593;7;1;0;0;4;0;0;0;0;0;0;93.487953186035156;0;-4.373046875;-3.396240234375;-4.373046875;0.976806640625;1.4500000476837158;1.3733333349227905;4;4;-1;-1;0;0;1;1;0;0;1;0;0;0;0;1;1;0;0
1603;7;1;0;0;4;0;0;0;0;0;0;93.483070373535156;0;-4.386474609375;-3.408935546875;-4.386474609375;0.9775390625;1.4533333778381348;1.3766666650772095;4;4;-1;-1;0;0;1;1;0;0;1;0;0;0;0;1;1;0;0
1613;7;1;0;0;4;0;0;0;0;0;0;93.4765625;0;-4.406494140625;-3.427978515625;-4.406494140625;0.978515625;1.4533333778381348;1.3799999952316284;4;4;-1;-1;0;0;1;1;0;0;1;0;0;0;0;1;1;0;0
1623;7;1;0;0;4;0;0;0;0;0;0;93.4716796875;0;-4.419677734375;-3.4404296875;-4.419677734375;0.979248046875;1.4500000476837158;1.3799999952316284;4;4;-1;-1;0;0;1;1;0;0;1;0;0;0;0;1;1;0;0
1633;7;1;0;0;4;0;0;0;0;0;0;93.465171813964844;0;-4.439697265625;-3.45947265625;-4.439697265625;0.980224609375;1.4533333778381348;1.3733333349227905;4;4;-1;-1;0;0;1;1;0;0;1;0;0;0;0;1;1;0;0
1643;7;1;0;0;4;0;0;0;0;0;0;93.460289001464844;0;-4.452880859375;-3.471923828125;-4.452880859375;0.98095703125;1.4533333778381348;1.3733333349227905;4;4;-1;-1;0;0;1;1;0;0;1;0;0;0;0;1;1;0;0
1653;7;1;0;0;4;0;0;0;0;0;0;93.453773498535156;0;-4.472900390625;-3.490966796875;-4.472900390625;0.98193359375;1.4533333778381348;1.3766666650772095;4;4;-1;-1;0;0;1;1;0;0;1;0;0;0;0;1;1;0;0
1663;7;1;0;0;4;0;0;0;0;0;0;93.450523376464844;0;-4.486083984375;-3.503662109375;-4.486083984375;0.982421875;1.4500000476837158;1.3799999952316284;4;4;-1;-1;0;0;1;1;0;0;1;0;0;0;0;1;1;0;0
1673;7;1;0;0;4;0;0;0;0;0;0;93.4423828125;0;-4.506103515625;-3.5224609375;-4.506103515625;0.983642578125;1.4533333778381348;1.3766666650772095;4;4;-1;-1;0;0;1;1;0;0;1;0;0;0;0;1;1;0;0
1683;7;1;0;0;4;0;0;0;0;0;0;93.4375;0;-4.51953125;-3.53515625;-4.51953125;0.984375;1.4533333778381348;1.3766666650772095;4;4;-1;-1;0;0;1;1;0;0;1;0;0;0;0;1;1;0;0
1693;7;1;0;0;4;0;0;0;0;0;0;93.4326171875;0;-4.539306640625;-3.55419921875;-4.539306640625;0.985107421875;1.4533333778381348;1.3766666650772095;4;4;-1;-1;0;0;1;1;0;0;1;0;0;0;0;1;1;0;0
1703;7;1;0;0;4;0;0;0;0;0;0;93.426109313964844;0;-4.552734375;-3.566650390625;-4.552734375;0.986083984375;1.4500000476837158;1.3766666650772095;4;4;-1;-1;0;0;1;1;0;0;1;0;0;0;0;1;1;0;0
1713;7;1;0;0;4;0;0;0;0;0;0;93.419593811035156;0;-4.57275390625;-3.585693359375;-4.57275390625;0.987060546875;1.4533333778381348;1.3766666650772095;4;4;-1;-1;0;0;1;1;0;0;1;0;0;0;0;1;1;0;0
1723;7;1;0;0;4;0;0;0;0;0;0;93.414710998535156;0;-4.5859375;-3.59814453125;-4.5859375;0.98779296875;1.4533333778381348;1.3766666650772095;4;4;-1;-1;0;0;1;1;0;0;1;0;0;0;0;1;1;0;0
1733;7;1;0;0;4;0;0;0;0;0;0;93.408203125;0;-4.60595703125;-3.6171875;-4.60595703125;0.98876953125;1.4533333778381348;1.3799999952316284;4;4;-1;-1;0;0;1;1;0;0;1;0;0;0;0;1;1;0;0
1743;7;1;0;0;4;0;0;0;0;0;0;93.404945373535156;0;-4.619140625;-3.6298828125;-4.619140625;0.9892578125;1.4533333778381348;1.3799999952316284;4;4;-1;-1;0;0;1;1;0;0;1;0;0;0;0;1;1;0;0
1753;7;1;0;0;4;0;0;0;0;0;0;93.396812438964844;0;-4.63916015625;-3.648681640625;-4.63916015625;0.990478515625;1.4533333778381348;1.3766666650772095;4;4;-1;-1;0;0;1;1;0;0;1;0;0;0;0;1;1;0;0
1763;7;1;0;0;4;0;0;0;0;0;0;93.391929626464844;0;-4.652587890625;-3.661376953125;-4.652587890625;0.9912109375;1.4566667079925537;1.3766666650772095;4;4;-1;-1;0;0;1;1;0;0;1;0;0;0;0;1;1;0;0
1774;7;1;0;0;4;0;0;0;0;0;0;93.385414123535156;0;-4.672607421875;-3.680419921875;-4.672607421875;0.9921875;1.4533333778381348;1.3799999952316284;4;4;-1;-1;0;0;1;1;0;0;1;0;0;0;0;1;1;0;0
1783;7;1;0;0;4;0;0;0;0;0;0;93.382164001464844;0;-4.685791015625;-3.693115234375;-4.685791015625;0.99267578125;1.4533333778381348;1.3766666650772095;4;4;-1;-1;0;0;1;1;0;0;1;0;0;0;0;1;1;0;0
1793;7;1;0;0;4;0;0;0;0;0;0;93.3740234375;0;-4.705810546875;-3.7119140625;-4.705810546875;0.993896484375;1.4533333778381348;1.3766666650772095;4;4;-1;-1;0;0;1;1;0;0;1;0;0;0;0;1;1;0;0
1803;7;1;0;0;4;0;0;0;0;0;0;93.370765686035156;0;-4.718994140625;-3.724609375;-4.718994140625;0.994384765625;1.4533333778381348;1.3799999952316284;4;4;-1;-1;0;0;1;1;0;0;1;0;0;0;0;1;1;0;0
1813;7;1;0;0;4;0;0;0;0;0;0;93.3642578125;0;-4.739013671875;-3.74365234375;-4.739013671875;0.995361328125;1.4533333778381348;1.3766666650772095;4;4;-1;-1;0;0;1;1;0;0;1;0;0;0;0;1;1;0;0
1823;7;1;0;0;4;0;0;0;0;0;0;93.357749938964844;0;-4.75244140625;-3.756103515625;-4.75244140625;0.996337890625;1.4533333778381348;1.3766666650772095;4;4;-1;-1;0;0;1;1;0;0;1;0;0;0;0;1;1;0;0
1833;7;1;0;0;4;0;0;0;0;0;0;93.352867126464844;0;-4.772216796875;-3.775146484375;-4.772216796875;0.9970703125;1.4533333778381348;1.3799999952316284;4;4;-1;-1;0;0;1;1;0;0;1;0;0;0;0;1;1;0;0
1843;7;1;0;0;4;0;0;0;0;0;0;93.347984313964844;0;-4.78564453125;-3.787841796875;-4.78564453125;0.997802734375;1.4533333778381348;1.3799999952316284;4;4;-1;-1;0;0;1;1;0;0;1;0;0;0;0;1;1;0;0
1854;7;1;0;0;4;0;0;0;0;0;0;93.33984375;0;-4.8056640625;-3.806640625;-4.8056640625;0.9990234375;1.4533333778381348;1.3766666650772095;4;4;-1;-1;0;0;1;1;0;0;1;0;0;0;0;1;1;0;0
1864;7;1;0;0;4;0;0;0;0;0;0;93.336585998535156;0;-4.81884765625;-3.8193359375;-4.81884765625;0.99951171875;1.4533333778381348;1.3766666650772095;4;4;-1;-1;0;0;1;1;0;0;1;0;0;0;0;1;1;0;0
1873;7;1;0;0;4;0;0;0;0;0;0;93.330078125;0;-4.8388671875;-3.83837890625;-4.8388671875;1.00048828125;1.4533333778381348;1.3799999952316284;4;4;-1;-1;0;0;1;1;0;0;1;0;0;0;0;1;1;0;0
1884;7;1;0;0;4;0;0;0;0;0;0;93.3251953125;0;-4.852294921875;-3.85107421875;-4.852294921875;1.001220703125;1.4533333778381348;1.3799999952316284;4;4;-1;-1;0;0;1;1;0;0;1;0;0;0;0;1;1;0;0
1893;7;1;0;0;4;0;0;0;0;0;0;93.317054748535156;0;-4.872314453125;-3.869873046875;-4.872314453125;1.00244140625;1.4533333778381348;1.3766666650772095;4;4;-1;-1;0;0;1;1;0;0;1;0;0;0;0;1;1;0;0
1903;7;1;0;0;4;0;0;0;0;0;0;93.313804626464844;0;-4.885498046875;-3.882568359375;-4.885498046875;1.0029296875;1.4533333778381348;1.3733333349227905;4;4;-1;-1;0;0;1;1;0;0;1;0;0;0;0;1;1;0;0
1913;7;1;0;0;4;0;0;0;0;0;0;93.3056640625;0;-4.905517578125;-3.9013671875;-4.905517578125;1.004150390625;1.4566667079925537;1.3766666650772095;4;4;-1;-1;0;0;1;1;0;0;1;0;0;0;0;1;1;0;0
1923;7;1;0;0;4;0;0;0;0;0;0;93.30078125;0;-4.9189453125;-3.9140625;-4.9189453125;1.0048828125;1.4566667079925537;1.3799999952316284;4;4;-1;-1;0;0;1;1;0;0;1;0;0;0;0;1;1;0;0
1933;7;1;0;0;4;0;0;0;0;0;0;93.294273376464844;0;-4.93896484375;-3.93310546875;-4.93896484375;1.005859375;1.4533333778381348;1.3766666650772095;4;4;-1;-1;0;0;1;1;0;0;1;0;0;0;0;1;1;0;0
1943;7;1;0;0;4;0;0;0;0;0;0;93.289390563964844;0;-4.9521484375;-3.945556640625;-4.9521484375;1.006591796875;1.4566667079925537;1.3766666650772095;4;4;-1;-1;0;0;1;1;0;0;1;0;0;0;0;1;1;0;0
1954;7;1;0;0;4;0;0;0;0;0;0;93.282875061035156;0;-4.97216796875;-3.964599609375;-4.97216796875;1.007568359375;1.4566667079925537;1.3799999952316284;4;4;-1;-1;0;0;1;1;0;0;1;0;0;0;0;1;1;0;0
1963;7;1;0;0;4;0;0;0;0;0;0;93.277992248535156;0;-4.985595703125;-3.977294921875;-4.985595703125;1.00830078125;1.4566667079925537;1.3799999952316284;4;4;-1;-1;0;0;1;1;0;0;1;0;0;0;0;1;1;0;0
1973;7;1;0;0;4;0;0;0;0;0;0;93.271484375;0;-5.005615234375;-3.996337890625;-5.005615234375;1.00927734375;1.4533333778381348;1.3766666650772095;4;4;-1;-1;0;0;1;1;0;0;1;0;0;0;0;1;1;0;0
1984;7;1;0;0;4;0;0;0;0;0;0;93.2666015625;0;-5.018798828125;-4.0087890625;-5.018798828125;1.010009765625;1.4566667079925537;1.3766666650772095;4;4;-1;-1;0;0;1;1;0;0;1;0;0;0;0;1;1;0;0
1993;7;1;0;0;4;0;0;0;0;0;0;93.260093688964844;0;-5.038818359375;-4.02783203125;-5.038818359375;1.010986328125;1.4533333778381348;1.3799999952316284;4;4;-1;-1;0;0;1;1;0;0;1;0;0;0;0;1;1;0;0
2003;7;1;0;0;4;0;0;0;0;0;0;93.255210876464844;0;-5.05224609375;-4.04052734375;-5.05224609375;1.01171875;1.4566667079925537;1.3799999952316284;4;4;-1;-1;0;0;1;1;0;0;1;0;0;0;0;1;1;0;0
2013;7;1;0;0;4;0;0;0;0;0;0;93.2470703125;0;-5.072265625;-4.059326171875;-5.072265625;1.012939453125;1.4566667079925537;1.3799999952316284;4;4;-1;-1;0;0;1;1;0;0;1;0;0;0;0;1;1;0;0
2023;7;1;0;0;4;0;0;0;0;0;0;93.243812561035156;0;-5.08544921875;-4.072021484375;-5.08544921875;1.013427734375;1.4566667079925537;1.3766666650772095;4;4;-1;-1;0;0;1;1;0;0;1;0;0;0;0;1;1;0;0
2034;7;1;0;0;4;0;0;0;0;0;0;93.235679626464844;0;-5.105712890625;-4.091064453125;-5.105712890625;1.0146484375;1.4566667079925537;1.3799999952316284;4;4;-1;-1;0;0;1;1;0;0;1;0;0;0;0;1;1;0;0
2044;7;1;0;0;4;0;0;0;0;0;0;93.232421875;0;-5.118896484375;-4.103759765625;-5.118896484375;1.01513671875;1.4566667079925537;1.3799999952316284;4;4;-1;-1;0;0;1;1;0;0;1;0;0;0;0;1;1;0;0
2054;7;1;0;0;4;0;0;0;0;0;0;93.224281311035156;0;-5.138916015625;-4.12255859375;-5.138916015625;1.016357421875;1.4566667079925537;1.3766666650772095;4;4;-1;-1;0;0;1;1;0;0;1;0;0;0;0;1;1;0;0
2063;7;1;0;0;4;0;0;0;0;0;0;93.219398498535156;0;-5.15234375;-4.13525390625;-5.15234375;1.01708984375;1.4566667079925537;1.3766666650772095;4;4;-1;-1;0;0;1;1;0;0;1;0;0;0;0;1;1;0;0
2073;7;1;0;0;4;0;0;0;0;0;0;93.212890625;0;-5.17236328125;-4.154296875;-5.17236328125;1.01806640625;1.4566667079925537;1.3799999952316284;4;4;-1;-1;0;0;1;1;0;0;1;0;0;0;0;1;1;0;0
2084;7;1;0;0;4;0;0;0;0;0;0;93.209632873535156;0;-5.185546875;-4.1669921875;-5.185546875;1.0185546875;1.4566667079925537;1.3833333253860474;4;4;-1;-1;0;0;1;1;0;0;1;0;0;0;0;1;1;0;0
2093;7;1;0;0;4;0;0;0;0;0;0;93.201499938964844;0;-5.20556640625;-4.185791015625;-5.20556640625;1.019775390625;1.4566667079925537;1.3766666650772095;4;4;-1;-1;0;0;1;1;0;0;1;0;0;0;0;1;1;0;0
2103;7;1;0;0;4;0;0;0;0;0;0;93.196617126464844;0;-5.218994140625;-4.198486328125;-5.218994140625;1.0205078125;1.4566667079925537;1.3766666650772095;4;4;-1;-1;0;0;1;1;0;0;1;0;0;0;0;1;1;0;0
2113;7;1;0;0;4;0;0;0;0;0;0;93.190101623535156;0;-5.239013671875;-4.217529296875;-5.239013671875;1.021484375;1.4566667079925537;1.3799999952316284;4;4;-1;-1;0;0;1;1;0;0;1;0;0;0;0;1;1;0;0
2123;7;1;0;0;4;0;0;0;0;0;0;93.18359375;0;-5.25244140625;-4.22998046875;-5.25244140625;1.0224609375;1.4566667079925537;1.3799999952316284;4;4;-1;-1;0;0;1;1;0;0;1;0;0;0;0;1;1;0;0
2133;7;1;0;0;4;0;0;0;0;0;0;93.177085876464844;0;-5.2724609375;-4.2490234375;-5.2724609375;1.0234375;1.4566667079925537;1.3766666650772095;4;4;-1;-1;0;0;1;1;0;0;1;0;0;0;0;1;1;0;0
2143;7;1;0;0;4;0;0;0;0;0;0;93.173828125;0;-5.28564453125;-4.26171875;-5.28564453125;1.02392578125;1.4566667079925537;1.3766666650772095;4;4;-1;-1;0;0;1;1;0;0;1;0;0;0;0;1;1;0;0
2154;7;1;0;0;4;0;0;0;0;0;0;93.165687561035156;0;-5.3056640625;-4.280517578125;-5.3056640625;1.025146484375;1.4566667079925537;1.3766666650772095;4;4;-1;-1;0;0;1;1;0;0;1;0;0;0;0;1;1;0;0
2163;7;1;0;0;4;0;0;0;0;0;0;93.160804748535156;0;-5.319091796875;-4.293212890625;-5.319091796875;1.02587890625;1.4566667079925537;1.3799999952316284;4;4;-1;-1;0;0;1;1;0;0;1;0;0;0;0;1;1;0;0
2174;7;1;0;0;4;0;0;0;0;0;0;93.152671813964844;0;-5.339111328125;-4.31201171875;-5.339111328125;1.027099609375;1.4566667079925537;1.3766666650772095;4;4;-1;-1;0;0;1;1;0;0;1;0;0;0;0;1;1;0;0
2183;7;1;0;0;4;0;0;0;0;0;0;93.147789001464844;0;-5.3525390625;-4.32470703125;-5.3525390625;1.02783203125;1.4566667079925537;1.3766666650772095;4;4;-1;-1;0;0;1;1;0;0;1;0;0;0;0;1;1;0;0
2193;7;1;0;0;4;0;0;0;0;0;0;93.141273498535156;0;-5.37255859375;-4.34375;-5.37255859375;1.02880859375;1.4566667079925537;1.3799999952316284;4;4;-1;-1;0;0;1;1;0;0;1;0;0;0;0;1;1;0;0
2203;7;1;0;0;4;0;0;0;0;0;0;93.138023376464844;0;-5.3857421875;-4.3564453125;-5.3857421875;1.029296875;1.4566667079925537;1.3799999952316284;4;4;-1;-1;0;0;1;1;0;0;1;0;0;0;0;1;1;0;0
2213;7;1;0;0;4;0;0;0;0;0;0;93.1298828125;0;-5.40576171875;-4.375244140625;-5.40576171875;1.030517578125;1.4566667079925537;1.3766666650772095;4;4;-1;-1;0;0;1;1;0;0;1;0;0;0;0;1;1;0;0
2223;7;1;0;0;4;0;0;0;0;0;0;93.125;0;-5.419189453125;-4.387939453125;-5.419189453125;1.03125;1.4566667079925537;1.3766666650772095;4;4;-1;-1;0;0;1;1;0;0;1;0;0;0;0;1;1;0;0
2233;7;1;0;0;4;0;0;0;0;0;0;93.118492126464844;0;-5.439208984375;-4.406982421875;-5.439208984375;1.0322265625;1.4566667079925537;1.3766666650772095;4;4;-1;-1;0;0;1;1;0;0;1;0;0;0;0;1;1;0;0
2243;7;1;0;0;4;0;0;0;0;0;0;93.113609313964844;0;-5.45263671875;-4.419677734375;-5.45263671875;1.032958984375;1.4566667079925537;1.3799999952316284;4;4;-1;-1;0;0;1;1;0;0;1;0;0;0;0;1;1;0;0
2255;7;1;0;0;4;0;0;0;0;0;0;93.10546875;0;-5.47265625;-4.4384765625;-5.47265625;1.0341796875;1.4566667079925537;1.3799999952316284;4;4;-1;-1;0;0;1;1;0;0;1;0;0;0;0;1;1;0;0
2265;7;1;0;0;4;0;0;0;0;0;0;93.102210998535156;0;-5.48583984375;-4.451171875;-5.48583984375;1.03466796875;1.4566667079925537;1.3799999952316284;4;4;-1;-1;0;0;1;1;0;0;1;0;0;0;0;1;1;0;0
2273;7;1;0;0;4;0;0;0;0;0;0;93.094078063964844;0;-5.505859375;-4.469970703125;-5.505859375;1.035888671875;1.4566667079925537;1.3766666650772095;4;4;-1;-1;0;0;1;1;0;0;1;0;0;0;0;1;1;0;0
2283;7;1;0;0;4;0;0;0;0;0;0;93.089195251464844;0;-5.519287109375;-4.482666015625;-5.519287109375;1.03662109375;1.4566667079925537;1.3766666650772095;4;4;-1;-1;0;0;1;1;0;0;1;0;0;0;0;1;1;0;0
2293;7;1;0;0;4;0;0;0;0;0;0;93.082679748535156;0;-5.539306640625;-4.501708984375;-5.539306640625;1.03759765625;1.4599999189376831;1.3799999952316284;4;4;-1;-1;0;0;1;1;0;0;1;0;0;0;0;1;1;0;0
2303;7;1;0;0;4;0;0;0;0;0;0;93.077796936035156;0;-5.552734375;-4.514404296875;-5.552734375;1.038330078125;1.4566667079925537;1.3799999952316284;4;4;-1;-1;0;0;1;1;0;0;1;0;0;0;0;1;1;0;0
2314;7;1;0;0;4;0;0;0;0;0;0;93.069664001464844;0;-5.57275390625;-4.533203125;-5.57275390625;1.03955078125;1.4566667079925537;1.3766666650772095;4;4;-1;-1;0;0;1;1;0;0;1;0;0;0;0;1;1;0;0
2323;7;1;0;0;4;0;0;0;0;0;0;93.064781188964844;0;-5.586181640625;-4.5458984375;-5.586181640625;1.040283203125;1.4599999189376831;1.3766666650772095;4;4;-1;-1;0;0;1;1;0;0;1;0;0;0;0;1;1;0;0
2333;7;1;0;0;4;0;0;0;0;0;0;93.058265686035156;0;-5.606201171875;-4.56494140625;-5.606201171875;1.041259765625;1.4566667079925537;1.3799999952316284;4;4;-1;-1;0;0;1;1;0;0;1;0;0;0;0;1;1;0;0
2343;7;1;0;0;4;0;0;0;0;0;0;93.055015563964844;0;-5.619384765625;-4.57763671875;-5.619384765625;1.041748046875;1.4566667079925537;1.3833333253860474;4;4;-1;-1;0;0;1;1;0;0;1;0;0;0;0;1;1;0;0
2353;7;1;0;0;4;0;0;0;0;0;0;93.048500061035156;0;-5.639404296875;-4.5966796875;-5.639404296875;1.042724609375;1.4566667079925537;1.3799999952316284;4;4;-1;-1;0;0;1;1;0;0;1;0;0;0;0;1;1;0;0
2363;7;1;0;0;4;0;0;0;0;0;0;93.0419921875;0;-5.65283203125;-4.609130859375;-5.65283203125;1.043701171875;1.4566667079925537;1.3766666650772095;4;4;-1;-1;0;0;1;1;0;0;1;0;0;0;0;1;1;0;0
2373;7;1;0;0;4;0;0;0;0;0;0;93.033851623535156;0;-5.6728515625;-4.6279296875;-5.6728515625;1.044921875;1.4566667079925537;1.3766666650772095;4;4;-1;-1;0;0;1;1;0;0;1;0;0;0;0;1;1;0;0
2383;7;1;0;0;4;0;0;0;0;0;0;93.028968811035156;0;-5.686279296875;-4.640625;-5.686279296875;1.045654296875;1.4566667079925537;1.3766666650772095;4;4;-1;-1;0;0;1;1;0;0;1;0;0;0;0;1;1;0;0
2393;7;1;0;0;4;0;0;0;0;0;0;93.0224609375;0;-5.706298828125;-4.65966796875;-5.706298828125;1.046630859375;1.4566667079925537;1.3766666650772095;4;4;-1;-1;0;0;1;1;0;0;1;0;0;0;0;1;1;0;0
2403;7;1;0;0;4;0;0;0;0;0;0;93.017578125;0;-5.719482421875;-4.672119140625;-5.719482421875;1.04736328125;1.4599999189376831;1.3733333349227905;4;4;-1;-1;0;0;1;1;0;0;1;0;0;0;0;1;1;0;0
2414;7;1;0;0;4;0;0;0;0;0;0;93.011070251464844;0;-5.739501953125;-4.691162109375;-5.739501953125;1.04833984375;1.4566667079925537;1.3766666650772095;4;4;-1;-1;0;0;1;1;0;0;1;0;0;0;0;1;1;0;0
2423;7;1;0;0;4;0;0;0;0;0;0;93.006187438964844;0;-5.7529296875;-4.703857421875;-5.7529296875;1.049072265625;1.4566667079925537;1.3766666650772095;4;4;-1;-1;0;0;1;1;0;0;1;0;0;0;0;1;1;0;0
2433;7;1;0;0;4;0;0;0;0;0;0;92.998046875;0;-5.77294921875;-4.72265625;-5.77294921875;1.05029296875;1.4566667079925537;1.3766666650772095;4;4;-1;-1;0;0;1;1;0;0;1;0;0;0;0;1;1;0;0
2443;7;1;0;0;4;0;0;0;0;0;0;92.9931640625;0;-5.786376953125;-4.7353515625;-5.786376953125;1.051025390625;1.4566667079925537;1.3766666650772095;4;4;-1;-1;0;0;1;1;0;0;1;0;0;0;0;1;1;0;0
2453;7;1;0;0;4;0;0;0;0;0;0;92.986656188964844;0;-5.806396484375;-4.75439453125;-5.806396484375;1.052001953125;1.4566667079925537;1.3799999952316284;4;4;-1;-1;0;0;1;1;0;0;1;0;0;0;0;1;1;0;0
2463;7;1;0;0;4;0;0;0;0;0;0;92.981773376464844;0;-5.819580078125;-4.766845703125;-5.819580078125;1.052734375;1.4566667079925537;1.3799999952316284;4;4;-1;-1;0;0;1;1;0;0;1;0;0;0;0;1;1;0;0
2473;7;1;0;0;4;0;0;0;0;0;0;92.975257873535156;0;-5.839599609375;-4.785888671875;-5.839599609375;1.0537109375;1.4566667079925537;1.3766666650772095;4;4;-1;-1;0;0;1;1;0;0;1;0;0;0;0;1;1;0;0
2485;7;1;0;0;4;0;0;0;0;0;0;92.970375061035156;0;-5.85302734375;-4.798583984375;-5.85302734375;1.054443359375;1.4566667079925537;1.3799999952316284;4;4;-1;-1;0;0;1;1;0;0;1;0;0;0;0;1;1;0;0
2493;7;1;0;0;4;0;0;0;0;0;0;92.9638671875;0;-5.873046875;-4.817626953125;-5.873046875;1.055419921875;1.4566667079925537;1.3799999952316284;4;4;-1;-1;0;0;1;1;0;0;1;0;0;0;0;1;1;0;0
2503;7;1;0;0;4;0;0;0;0;0;0;92.957359313964844;0;-5.886474609375;-4.830078125;-5.886474609375;1.056396484375;1.4566667079925537;1.3733333349227905;4;4;-1;-1;0;0;1;1;0;0;1;0;0;0;0;1;1;0;0
2513;7;1;0;0;4;0;0;0;0;0;0;92.947593688964844;0;-5.906494140625;-4.8486328125;-5.906494140625;1.057861328125;1.4566667079925537;1.3700001239776611;4;4;-1;-1;0;0;1;1;0;0;1;0;0;0;0;1;1;0;0
2524;7;1;0;0;4;0;0;0;0;0;0;92.9443359375;0;-5.919677734375;-4.861328125;-5.919677734375;1.058349609375;1.4566667079925537;1.3733333349227905;4;4;-1;-1;0;0;1;1;0;0;1;0;0;0;0;1;1;0;0
2533;7;1;0;0;4;0;0;0;0;0;0;92.937828063964844;0;-5.939697265625;-4.88037109375;-5.939697265625;1.059326171875;1.4566667079925537;1.3766666650772095;4;4;-1;-1;0;0;1;1;0;0;1;0;0;0;0;1;1;0;0
2543;7;1;0;0;4;0;0;0;0;0;0;92.932945251464844;0;-5.953125;-4.89306640625;-5.953125;1.06005859375;1.4533333778381348;1.3799999952316284;4;4;-1;-1;0;0;1;1;0;0;1;0;0;0;0;1;1;0;0
2553;7;1;0;0;4;0;0;0;0;0;0;92.926429748535156;0;-5.97314453125;-4.912109375;-5.97314453125;1.06103515625;1.4566667079925537;1.3833333253860474;4;4;-1;-1;0;0;1;1;0;0;1;0;0;0;0;1;1;0;0
2563;7;1;0;0;4;0;0;0;0;0;0;92.921546936035156;0;-5.986572265625;-4.9248046875;-5.986572265625;1.061767578125;1.4566667079925537;1.3833333253860474;4;4;-1;-1;0;0;1;1;0;0;1;0;0;0;0;1;1;0;0
2574;7;1;0;0;4;0;0;0;0;0;0;92.9150390625;0;-6.00634765625;-4.943603515625;-6.00634765625;1.062744140625;1.4566667079925537;1.3766666650772095;4;4;-1;-1;0;0;1;1;0;0;1;0;0;0;0;1;1;0;0
2584;7;1;0;0;4;0;0;0;0;0;0;92.91015625;0;-6.019775390625;-4.956298828125;-6.019775390625;1.0634765625;1.4566667079925537;1.3766666650772095;4;4;-1;-1;0;0;1;1;0;0;1;0;0;0;0;1;1;0;0
2593;7;1;0;0;4;0;0;0;0;0;0;92.903648376464844;0;-6.039794921875;-4.975341796875;-6.039794921875;1.064453125;1.4566667079925537;1.3766666650772095;4;4;-1;-1;0;0;1;1;0;0;1;0;0;0;0;1;1;0;0
2603;7;1;0;0;4;0;0;0;0;0;0;92.898765563964844;0;-6.05322265625;-4.988037109375;-6.05322265625;1.065185546875;1.4566667079925537;1.3799999952316284;4;4;-1;-1;0;0;1;1;0;0;1;0;0;0;0;1;1;0;0
2613;7;1;0;0;4;0;0;0;0;0;0;92.892250061035156;0;-6.072998046875;-5.0068359375;-6.072998046875;1.066162109375;1.4533333778381348;1.3766666650772095;4;4;-1;-1;0;0;1;1;0;0;1;0;0;0;0;1;1;0;0
2623;7;1;0;0;4;0;0;0;0;0;0;92.8857421875;0;-6.08642578125;-5.019287109375;-6.08642578125;1.067138671875;1.4566667079925537;1.3733333349227905;4;4;-1;-1;0;0;1;1;0;0;1;0;0;0;0;1;1;0;0
2633;7;1;0;0;4;0;0;0;0;0;0;92.879234313964844;0;-6.1064453125;-5.038330078125;-6.1064453125;1.068115234375;1.4566667079925537;1.3766666650772095;4;4;-1;-1;0;0;1;1;0;0;1;0;0;0;0;1;1;0;0
2643;7;1;0;0;4;0;0;0;0;0;0;92.874351501464844;0;-6.119873046875;-5.051025390625;-6.119873046875;1.06884765625;1.4566667079925537;1.3799999952316284;4;4;-1;-1;0;0;1;1;0;0;1;0;0;0;0;1;1;0;0
2653;7;1;0;0;4;0;0;0;0;0;0;92.867835998535156;0;-6.139892578125;-5.070068359375;-6.139892578125;1.06982421875;1.4566667079925537;1.3799999952316284;4;4;-1;-1;0;0;1;1;0;0;1;0;0;0;0;1;1;0;0
2663;7;1;0;0;4;0;0;0;0;0;0;92.862953186035156;0;-6.153076171875;-5.08251953125;-6.153076171875;1.070556640625;1.4566667079925537;1.3733333349227905;4;4;-1;-1;0;0;1;1;0;0;1;0;0;0;0;1;1;0;0
2673;7;1;0;0;4;0;0;0;0;0;0;92.854820251464844;0;-6.173095703125;-5.101318359375;-6.173095703125;1.07177734375;1.4566667079925537;1.3733333349227905;4;4;-1;-1;0;0;1;1;0;0;1;0;0;0;0;1;1;0;0
2684;7;1;0;0;4;0;0;0;0;0;0;92.849937438964844;0;-6.1865234375;-5.114013671875;-6.1865234375;1.072509765625;1.4566667079925537;1.3733333349227905;4;4;-1;-1;0;0;1;1;0;0;1;0;0;0;0;1;1;0;0
2694;7;1;0;0;4;0;0;0;0;0;0;92.841796875;0;-6.20654296875;-5.1328125;-6.20654296875;1.07373046875;1.4566667079925537;1.3766666650772095;4;4;-1;-1;0;0;1;1;0;0;1;0;0;0;0;1;1;0;0
2703;7;1;0;0;4;0;0;0;0;0;0;92.8369140625;0;-6.219970703125;-5.1455078125;-6.219970703125;1.074462890625;1.4566667079925537;1.3766666650772095;4;4;-1;-1;0;0;1;1;0;0;1;0;0;0;0;1;1;0;0
2713;7;1;0;0;4;0;0;0;0;0;0;92.833656311035156;0;-6.23974609375;-5.164794921875;-6.23974609375;1.074951171875;1.4566667079925537;1.3833333253860474;4;4;-1;-1;0;0;1;1;0;0;1;0;0;0;0;1;1;0;0
2723;7;1;0;0;4;0;0;0;0;0;0;92.8271484375;0;-6.253173828125;-5.17724609375;-6.253173828125;1.075927734375;1.4566667079925537;1.3799999952316284;4;4;-1;-1;0;0;1;1;0;0;1;0;0;0;0;1;1;0;0
2733;7;1;0;0;4;0;0;0;0;0;0;92.819007873535156;0;-6.273193359375;-5.196044921875;-6.273193359375;1.0771484375;1.4566667079925537;1.3733333349227905;4;4;-1;-1;0;0;1;1;0;0;1;0;0;0;0;1;1;0;0
2744;7;1;0;0;4;0;0;0;0;0;0;92.814125061035156;0;-6.28662109375;-5.208740234375;-6.28662109375;1.077880859375;1.4566667079925537;1.3733333349227905;4;4;-1;-1;0;0;1;1;0;0;1;0;0;0;0;1;1;0;0
2753;7;1;0;0;4;0;0;0;0;0;0;92.8076171875;0;-6.306396484375;-5.2275390625;-6.306396484375;1.078857421875;1.4533333778381348;1.3766666650772095;4;4;-1;-1;0;0;1;1;0;0;1;0;0;0;0;1;1;0;0
2763;7;1;0;0;4;0;0;0;0;0;0;92.802734375;0;-6.31982421875;-5.240234375;-6.31982421875;1.07958984375;1.4566667079925537;1.3799999952316284;4;4;-1;-1;0;0;1;1;0;0;1;0;0;0;0;1;1;0;0
2775;7;1;0;0;4;0;0;0;0;0;0;92.796226501464844;0;-6.33984375;-5.25927734375;-6.33984375;1.08056640625;1.4566667079925537;1.3766666650772095;4;4;-1;-1;0;0;1;1;0;0;1;0;0;0;0;1;1;0;0
2783;7;1;0;0;4;0;0;0;0;0;0;92.789710998535156;0;-6.353271484375;-5.271728515625;-6.353271484375;1.08154296875;1.4566667079925537;1.3766666650772095;4;4;-1;-1;0;0;1;1;0;0;1;0;0;0;0;1;1;0;0
2793;7;1;0;0;4;0;0;0;0;0;0;92.784828186035156;0;-6.373046875;-5.290771484375;-6.373046875;1.082275390625;1.4533333778381348;1.3766666650772095;4;4;-1;-1;0;0;1;1;0;0;1;0;0;0;0;1;1;0;0
2803;7;1;0;0;4;0;0;0;0;0;0;92.779945373535156;0;-6.386474609375;-5.303466796875;-6.386474609375;1.0830078125;1.4533333778381348;1.3799999952316284;4;4;-1;-1;0;0;1;1;0;0;1;0;0;0;0;1;1;0;0
2814;7;1;0;0;4;0;0;0;0;0;0;92.771812438964844;0;-6.406494140625;-5.322265625;-6.406494140625;1.084228515625;1.4566667079925537;1.3766666650772095;4;4;-1;-1;0;0;1;1;0;0;1;0;0;0;0;1;1;0;0
2823;7;1;0;0;4;0;0;0;0;0;0;92.766929626464844;0;-6.419921875;-5.3349609375;-6.419921875;1.0849609375;1.4533333778381348;1.3766666650772095;4;4;-1;-1;0;0;1;1;0;0;1;0;0;0;0;1;1;0;0
2833;7;1;0;0;4;0;0;0;0;0;0;92.762046813964844;0;-6.439697265625;-5.35400390625;-6.439697265625;1.085693359375;1.4533333778381348;1.3766666650772095;4;4;-1;-1;0;0;1;1;0;0;1;0;0;0;0;1;1;0;0
2844;7;1;0;0;4;0;0;0;0;0;0;92.757164001464844;0;-6.453125;-5.36669921875;-6.453125;1.08642578125;1.4533333778381348;1.3766666650772095;4;4;-1;-1;0;0;1;1;0;0;1;0;0;0;0;1;1;0;0
2853;7;1;0;0;4;0;0;0;0;0;0;92.7490234375;0;-6.47314453125;-5.385498046875;-6.47314453125;1.087646484375;1.4533333778381348;1.3766666650772095;4;4;-1;-1;0;0;1;1;0;0;1;0;0;0;0;1;1;0;0
2863;7;1;0;0;4;0;0;0;0;0;0;92.744140625;0;-6.486572265625;-5.398193359375;-6.486572265625;1.08837890625;1.4566667079925537;1.3766666650772095;4;4;-1;-1;0;0;1;1;0;0;1;0;0;0;0;1;1;0;0
2873;7;1;0;0;4;0;0;0;0;0;0;92.7392578125;0;-6.50634765625;-5.417236328125;-6.50634765625;1.089111328125;1.4533333778381348;1.3799999952316284;4;4;-1;-1;0;0;1;1;0;0;1;0;0;0;0;1;1;0;0
2885;7;1;0;0;4;0;0;0;0;0;0;92.732749938964844;0;-6.519775390625;-5.4296875;-6.519775390625;1.090087890625;1.4533333778381348;1.3799999952316284;4;4;-1;-1;0;0;1;1;0;0;1;0;0;0;0;1;1;0;0
2893;7;1;0;0;4;0;0;0;0;0;0;92.726234436035156;0;-6.539794921875;-5.44873046875;-6.539794921875;1.091064453125;1.4533333778381348;1.3766666650772095;4;4;-1;-1;0;0;1;1;0;0;1;0;0;0;0;1;1;0;0
2903;7;1;0;0;4;0;0;0;0;0;0;92.7197265625;0;-6.55322265625;-5.461181640625;-6.55322265625;1.092041015625;1.4566667079925537;1.3766666650772095;4;4;-1;-1;0;0;1;1;0;0;1;0;0;0;0;1;1;0;0
2913;7;1;0;0;4;0;0;0;0;0;0;92.71484375;0;-6.572998046875;-5.480224609375;-6.572998046875;1.0927734375;1.4533333778381348;1.3766666650772095;4;4;-1;-1;0;0;1;1;0;0;1;0;0;0;0;1;1;0;0
2923;7;1;0;0;4;0;0;0;0;0;0;92.7099609375;0;-6.58642578125;-5.492919921875;-6.58642578125;1.093505859375;1.4533333778381348;1.3766666650772095;4;4;-1;-1;0;0;1;1;0;0;1;0;0;0;0;1;1;0;0
2933;7;1;0;0;4;0;0;0;0;0;0;92.701820373535156;0;-6.6064453125;-5.51171875;-6.6064453125;1.0947265625;1.4533333778381348;1.3799999952316284;4;4;-1;-1;0;0;1;1;0;0;1;0;0;0;0;1;1;0;0
2943;7;1;0;0;4;0;0;0;0;0;0;92.698570251464844;0;-6.61962890625;-5.5244140625;-6.61962890625;1.09521484375;1.4533333778381348;1.3799999952316284;4;4;-1;-1;0;0;1;1;0;0;1;0;0;0;0;1;1;0;0
2953;7;1;0;0;4;0;0;0;0;0;0;92.692054748535156;0;-6.6396484375;-5.54345703125;-6.6396484375;1.09619140625;1.4566667079925537;1.3766666650772095;4;4;-1;-1;0;0;1;1;0;0;1;0;0;0;0;1;1;0;0
2963;7;1;0;0;4;0;0;0;0;0;0;92.685546875;0;-6.653076171875;-5.555908203125;-6.653076171875;1.09716796875;1.4533333778381348;1.3766666650772095;4;4;-1;-1;0;0;1;1;0;0;1;0;0;0;0;1;1;0;0
2973;7;1;0;0;4;0;0;0;0;0;0;92.679039001464844;0;-6.673095703125;-5.574951171875;-6.673095703125;1.09814453125;1.4533333778381348;1.3799999952316284;4;4;-1;-1;0;0;1;1;0;0;1;0;0;0;0;1;1;0;0
2983;7;1;0;0;4;0;0;0;0;0;0;92.674156188964844;0;-6.6865234375;-5.587646484375;-6.6865234375;1.098876953125;1.4566667079925537;1.3799999952316284;4;4;-1;-1;0;0;1;1;0;0;1;0;0;0;0;1;1;0;0
2993;7;1;0;0;4;0;0;0;0;0;0;92.667640686035156;0;-6.706298828125;-5.6064453125;-6.706298828125;1.099853515625;1.4533333778381348;1.3766666650772095;4;4;-1;-1;0;0;1;1;0;0;1;0;0;0;0;1;1;0;0
3003;7;1;0;0;4;0;0;0;0;0;0;92.662757873535156;0;-6.7197265625;-5.619140625;-6.7197265625;1.1005859375;1.4533333778381348;1.3766666650772095;4;4;-1;-1;0;0;1;1;0;0;1;0;0;0;0;1;1;0;0
3014;7;1;0;0;4;0;0;0;0;0;0;92.65625;0;-6.73974609375;-5.63818359375;-6.73974609375;1.1015625;1.4533333778381348;1.3766666650772095;4;4;-1;-1;0;0;1;1;0;0;1;0;0;0;0;1;1;0;0
3023;7;1;0;0;4;0;0;0;0;0;0;92.6513671875;0;-6.753173828125;-5.65087890625;-6.753173828125;1.102294921875;1.4566667079925537;1.3766666650772095;4;4;-1;-1;0;0;1;1;0;0;1;0;0;0;0;1;1;0;0
3033;7;1;0;0;4;0;0;0;0;0;0;92.644859313964844;0;-6.77294921875;-5.669677734375;-6.77294921875;1.103271484375;1.4566667079925537;1.3766666650772095;4;4;-1;-1;0;0;1;1;0;0;1;0;0;0;0;1;1;0;0
3043;7;1;0;0;4;0;0;0;0;0;0;92.639976501464844;0;-6.786376953125;-5.682373046875;-6.786376953125;1.10400390625;1.4533333778381348;1.3766666650772095;4;4;-1;-1;0;0;1;1;0;0;1;0;0;0;0;1;1;0;0
3053;7;1;0;0;4;0;0;0;0;0;0;92.633460998535156;0;-6.806396484375;-5.701416015625;-6.806396484375;1.10498046875;1.4533333778381348;1.3799999952316284;4;4;-1;-1;0;0;1;1;0;0;1;0;0;0;0;1;1;0;0
3064;7;1;0;0;4;0;0;0;0;0;0;92.626953125;0;-6.81982421875;-5.7138671875;-6.81982421875;1.10595703125;1.4566667079925537;1.3799999952316284;4;4;-1;-1;0;0;1;1;0;0;1;0;0;0;0;1;1;0;0
3074;7;1;0;0;4;0;0;0;0;0;0;92.6220703125;0;-6.839599609375;-5.73291015625;-6.839599609375;1.106689453125;1.4533333778381348;1.3766666650772095;4;4;-1;-1;0;0;1;1;0;0;1;0;0;0;0;1;1;0;0
3083;7;1;0;0;4;0;0;0;0;0;0;92.6171875;0;-6.85302734375;-5.74560546875;-6.85302734375;1.107421875;1.4566667079925537;1.3766666650772095;4;4;-1;-1;0;0;1;1;0;0;1;0;0;0;0;1;1;0;0
3093;7;1;0;0;4;0;0;0;0;0;0;92.610679626464844;0;-6.873046875;-5.7646484375;-6.873046875;1.1083984375;1.4566667079925537;1.3833333253860474;4;4;-1;-1;0;0;1;1;0;0;1;0;0;0;0;1;1;0;0
3103;7;1;0;0;4;0;0;0;0;0;0;92.604164123535156;0;-6.886474609375;-5.777099609375;-6.886474609375;1.109375;1.4533333778381348;1.3799999952316284;4;4;-1;-1;0;0;1;1;0;0;1;0;0;0;0;1;1;0;0
3114;7;1;0;0;4;0;0;0;0;0;0;92.59765625;0;-6.906494140625;-5.796142578125;-6.906494140625;1.1103515625;1.4566667079925537;1.3766666650772095;4;4;-1;-1;0;0;1;1;0;0;1;0;0;0;0;1;1;0;0
3123;7;1;0;0;4;0;0;0;0;0;0;92.5927734375;0;-6.919677734375;-5.80859375;-6.919677734375;1.111083984375;1.4566667079925537;1.3766666650772095;4;4;-1;-1;0;0;1;1;0;0;1;0;0;0;0;1;1;0;0
3133;7;1;0;0;4;0;0;0;0;0;0;92.586265563964844;0;-6.939697265625;-5.82763671875;-6.939697265625;1.112060546875;1.4566667079925537;1.3799999952316284;4;4;-1;-1;0;0;1;1;0;0;1;0;0;0;0;1;1;0;0
3143;7;1;0;0;4;0;0;0;0;0;0;92.581382751464844;0;-6.953125;-5.84033203125;-6.953125;1.11279296875;1.4566667079925537;1.3799999952316284;4;4;-1;-1;0;0;1;1;0;0;1;0;0;0;0;1;1;0;0
3153;7;1;0;0;4;0;0;0;0;0;0;92.5732421875;0;-6.97314453125;-5.859130859375;-6.97314453125;1.114013671875;1.4566667079925537;1.3766666650772095;4;4;-1;-1;0;0;1;1;0;0;1;0;0;0;0;1;1;0;0
3163;7;1;0;0;4;0;0;0;0;0;0;92.568359375;0;-6.986572265625;-5.871826171875;-6.986572265625;1.11474609375;1.4566667079925537;1.3766666650772095;4;4;-1;-1;0;0;1;1;0;0;1;0;0;0;0;1;1;0;0
3174;7;1;0;0;4;0;0;0;0;0;0;92.5634765625;0;-7.00634765625;-5.890869140625;-7.00634765625;1.115478515625;1.4566667079925537;1.3799999952316284;4;4;-1;-1;0;0;1;1;0;0;1;0;0;0;0;1;1;0;0
3183;7;1;0;0;4;0;0;0;0;0;0;92.55859375;0;-7.019775390625;-5.903564453125;-7.019775390625;1.1162109375;1.4566667079925537;1.3799999952316284;4;4;-1;-1;0;0;1;1;0;0;1;0;0;0;0;1;1;0;0
3193;7;1;0;0;4;0;0;0;0;0;0;92.550453186035156;0;-7.039794921875;-5.92236328125;-7.039794921875;1.117431640625;1.4566667079925537;1.3766666650772095;4;4;-1;-1;0;0;1;1;0;0;1;0;0;0;0;1;1;0;0
3203;7;1;0;0;4;0;0;0;0;0;0;92.545570373535156;0;-7.05322265625;-5.93505859375;-7.05322265625;1.1181640625;1.4566667079925537;1.3766666650772095;4;4;-1;-1;0;0;1;1;0;0;1;0;0;0;0;1;1;0;0
3214;7;1;0;0;4;0;0;0;0;0;0;92.5390625;0;-7.0732421875;-5.9541015625;-7.0732421875;1.119140625;1.4533333778381348;1.3799999952316284;4;4;-1;-1;0;0;1;1;0;0;1;0;0;0;0;1;1;0;0
3223;7;1;0;0;4;0;0;0;0;0;0;92.535804748535156;0;-7.08642578125;-5.966796875;-7.08642578125;1.11962890625;1.4566667079925537;1.3799999952316284;4;4;-1;-1;0;0;1;1;0;0;1;0;0;0;0;1;1;0;0
3233;7;1;0;0;4;0;0;0;0;0;0;92.527671813964844;0;-7.1064453125;-5.985595703125;-7.1064453125;1.120849609375;1.4566667079925537;1.3766666650772095;4;4;-1;-1;0;0;1;1;0;0;1;0;0;0;0;1;1;0;0
3243;7;1;0;0;4;0;0;0;0;0;0;92.522789001464844;0;-7.119873046875;-5.998291015625;-7.119873046875;1.12158203125;1.4566667079925537;1.3766666650772095;4;4;-1;-1;0;0;1;1;0;0;1;0;0;0;0;1;1;0;0
3253;7;1;0;0;4;0;0;0;0;0;0;92.5146484375;0;-7.139892578125;-6.01708984375;-7.139892578125;1.122802734375;1.4566667079925537;1.3766666650772095;4;4;-1;-1;0;0;1;1;0;0;1;0;0;0;0;1;1;0;0
3263;7;1;0;0;4;0;0;0;0;0;0;92.511390686035156;0;-7.153076171875;-6.02978515625;-7.153076171875;1.123291015625;1.4533333778381348;1.3766666650772095;4;4;-1;-1;0;0;1;1;0;0;1;0;0;0;0;1;1;0;0
3273;7;1;0;0;4;0;0;0;0;0;0;92.503257751464844;0;-7.17333984375;-6.048828125;-7.17333984375;1.12451171875;1.4566667079925537;1.3799999952316284;4;4;-1;-1;0;0;1;1;0;0;1;0;0;0;0;1;1;0;0
3283;7;1;0;0;4;0;0;0;0;0;0;92.5;0;-7.1865234375;-6.0615234375;-7.1865234375;1.125;1.4566667079925537;1.3799999952316284;4;4;-1;-1;0;0;1;1;0;0;1;0;0;0;0;1;1;0;0
3293;7;1;0;0;4;0;0;0;0;0;0;92.491859436035156;0;-7.20654296875;-6.080322265625;-7.20654296875;1.126220703125;1.4566667079925537;1.3766666650772095;4;4;-1;-1;0;0;1;1;0;0;1;0;0;0;0;1;1;0;0
3304;7;1;0;0;4;0;0;0;0;0;0;92.486976623535156;0;-7.219970703125;-6.093017578125;-7.219970703125;1.126953125;1.4566667079925537;1.3799999952316284;4;4;-1;-1;0;0;1;1;0;0;1;0;0;0;0;1;1;0;0
3313;7;1;0;0;4;0;0;0;0;0;0;92.48046875;0;-7.239990234375;-6.112060546875;-7.239990234375;1.1279296875;1.4566667079925537;1.3799999952316284;4;4;-1;-1;0;0;1;1;0;0;1;0;0;0;0;1;1;0;0
3323;7;1;0;0;4;0;0;0;0;0;0;92.4755859375;0;-7.25341796875;-6.124755859375;-7.25341796875;1.128662109375;1.4566667079925537;1.3799999952316284;4;4;-1;-1;0;0;1;1;0;0;1;0;0;0;0;1;1;0;0
3333;7;1;0;0;4;0;0;0;0;0;0;92.467445373535156;0;-7.2734375;-6.1435546875;-7.2734375;1.1298828125;1.4566667079925537;1.3799999952316284;4;4;-1;-1;0;0;1;1;0;0;1;0;0;0;0;1;1;0;0
3344;7;1;0;0;4;0;0;0;0;0;0;92.464195251464844;0;-7.28662109375;-6.15625;-7.28662109375;1.13037109375;1.4566667079925537;1.3799999952316284;4;4;-1;-1;0;0;1;1;0;0;1;0;0;0;0;1;1;0;0
3353;7;1;0;0;4;0;0;0;0;0;0;92.457679748535156;0;-7.306640625;-6.17529296875;-7.306640625;1.13134765625;1.4566667079925537;1.3799999952316284;4;4;-1;-1;0;0;1;1;0;0;1;0;0;0;0;1;1;0;0
3364;7;1;0;0;4;0;0;0;0;0;0;92.451171875;0;-7.320068359375;-6.187744140625;-7.320068359375;1.13232421875;1.4566667079925537;1.3799999952316284;4;4;-1;-1;0;0;1;1;0;0;1;0;0;0;0;1;1;0;0
3373;7;1;0;0;4;0;0;0;0;0;0;92.444664001464844;0;-7.340087890625;-6.206787109375;-7.340087890625;1.13330078125;1.4566667079925537;1.3799999952316284;4;4;-1;-1;0;0;1;1;0;0;1;0;0;0;0;1;1;0;0
3383;7;1;0;0;4;0;0;0;0;0;0;92.439781188964844;0;-7.353515625;-6.219482421875;-7.353515625;1.134033203125;1.4566667079925537;1.3799999952316284;4;4;-1;-1;0;0;1;1;0;0;1;0;0;0;0;1;1;0;0
3393;7;1;0;0;4;0;0;0;0;0;0;92.433265686035156;0;-7.37353515625;-6.238525390625;-7.37353515625;1.135009765625;1.4599999189376831;1.3799999952316284;4;4;-1;-1;0;0;1;1;0;0;1;0;0;0;0;1;1;0;0
3404;7;1;0;0;4;0;0;0;0;0;0;92.4267578125;0;-7.386962890625;-6.2509765625;-7.386962890625;1.135986328125;1.4566667079925537;1.3799999952316284;4;4;-1;-1;0;0;1;1;0;0;1;0;0;0;0;1;1;0;0
3413;7;1;0;0;4;0;0;0;0;0;0;92.421875;0;-7.40673828125;-6.27001953125;-7.40673828125;1.13671875;1.4566667079925537;1.3766666650772095;4;4;-1;-1;0;0;1;1;0;0;1;0;0;0;0;1;1;0;0
3423;7;1;0;0;4;0;0;0;0;0;0;92.4169921875;0;-7.420166015625;-6.28271484375;-7.420166015625;1.137451171875;1.4566667079925537;1.3766666650772095;4;4;-1;-1;0;0;1;1;0;0;1;0;0;0;0;1;1;0;0
3433;7;1;0;0;4;0;0;0;0;0;0;92.410484313964844;0;-7.440185546875;-6.3017578125;-7.440185546875;1.138427734375;1.4566667079925537;1.3799999952316284;4;4;-1;-1;0;0;1;1;0;0;1;0;0;0;0;1;1;0;0
3444;7;1;0;0;4;0;0;0;0;0;0;92.403968811035156;0;-7.45361328125;-6.314208984375;-7.45361328125;1.139404296875;1.4566667079925537;1.3799999952316284;4;4;-1;-1;0;0;1;1;0;0;1;0;0;0;0;1;1;0;0
3453;7;1;0;0;4;0;0;0;0;0;0;92.3974609375;0;-7.4736328125;-6.333251953125;-7.4736328125;1.140380859375;1.4566667079925537;1.3766666650772095;4;4;-1;-1;0;0;1;1;0;0;1;0;0;0;0;1;1;0;0
3463;7;1;0;0;4;0;0;0;0;0;0;92.390953063964844;0;-7.487060546875;-6.345703125;-7.487060546875;1.141357421875;1.4566667079925537;1.3766666650772095;4;4;-1;-1;0;0;1;1;0;0;1;0;0;0;0;1;1;0;0
3473;7;1;0;0;4;0;0;0;0;0;0;92.384437561035156;0;-7.507080078125;-6.36474609375;-7.507080078125;1.142333984375;1.4566667079925537;1.3799999952316284;4;4;-1;-1;0;0;1;1;0;0;1;0;0;0;0;1;1;0;0
3483;7;1;0;0;4;0;0;0;0;0;0;92.381187438964844;0;-7.520263671875;-6.37744140625;-7.520263671875;1.142822265625;1.4566667079925537;1.3799999952316284;4;4;-1;-1;0;0;1;1;0;0;1;0;0;0;0;1;1;0;0
3493;7;1;0;0;4;0;0;0;0;0;0;92.373046875;0;-7.540283203125;-6.396240234375;-7.540283203125;1.14404296875;1.4566667079925537;1.3766666650772095;4;4;-1;-1;0;0;1;1;0;0;1;0;0;0;0;1;1;0;0
3504;7;1;0;0;4;0;0;0;0;0;0;92.3681640625;0;-7.5537109375;-6.408935546875;-7.5537109375;1.144775390625;1.4566667079925537;1.3766666650772095;4;4;-1;-1;0;0;1;1;0;0;1;0;0;0;0;1;1;0;0
3513;7;1;0;0;4;0;0;0;0;0;0;92.361656188964844;0;-7.57373046875;-6.427978515625;-7.57373046875;1.145751953125;1.4566667079925537;1.3799999952316284;4;4;-1;-1;0;0;1;1;0;0;1;0;0;0;0;1;1;0;0
3523;7;1;0;0;4;0;0;0;0;0;0;92.356773376464844;0;-7.587158203125;-6.440673828125;-7.587158203125;1.146484375;1.4566667079925537;1.3799999952316284;4;4;-1;-1;0;0;1;1;0;0;1;0;0;0;0;1;1;0;0
3533;7;1;0;0;4;0;0;0;0;0;0;92.3486328125;0;-7.607177734375;-6.45947265625;-7.607177734375;1.147705078125;1.4566667079925537;1.3766666650772095;4;4;-1;-1;0;0;1;1;0;0;1;0;0;0;0;1;1;0;0
3543;7;1;0;0;4;0;0;0;0;0;0;92.345375061035156;0;-7.620361328125;-6.47216796875;-7.620361328125;1.148193359375;1.4566667079925537;1.3766666650772095;4;4;-1;-1;0;0;1;1;0;0;1;0;0;0;0;1;1;0;0
3553;7;1;0;0;4;0;0;0;0;0;0;92.3388671875;0;-7.640380859375;-6.4912109375;-7.640380859375;1.149169921875;1.4566667079925537;1.3799999952316284;4;4;-1;-1;0;0;1;1;0;0;1;0;0;0;0;1;1;0;0
3563;7;1;0;0;4;0;0;0;0;0;0;92.333984375;0;-7.65380859375;-6.50390625;-7.65380859375;1.14990234375;1.4566667079925537;1.3799999952316284;4;4;-1;-1;0;0;1;1;0;0;1;0;0;0;0;1;1;0;0
3574;7;1;0;0;4;0;0;0;0;0;0;92.325843811035156;0;-7.673828125;-6.522705078125;-7.673828125;1.151123046875;1.4566667079925537;1.3766666650772095;4;4;-1;-1;0;0;1;1;0;0;1;0;0;0;0;1;1;0;0
3583;7;1;0;0;4;0;0;0;0;0;0;92.320960998535156;0;-7.687255859375;-6.535400390625;-7.687255859375;1.15185546875;1.4566667079925537;1.3766666650772095;4;4;-1;-1;0;0;1;1;0;0;1;0;0;0;0;1;1;0;0
3593;7;1;0;0;4;0;0;0;0;0;0;92.314453125;0;-7.707275390625;-6.554443359375;-7.707275390625;1.15283203125;1.4566667079925537;1.3799999952316284;4;4;-1;-1;0;0;1;1;0;0;1;0;0;0;0;1;1;0;0
3605;7;1;0;0;4;0;0;0;0;0;0;92.3095703125;0;-7.720458984375;-6.56689453125;-7.720458984375;1.153564453125;1.4566667079925537;1.3799999952316284;4;4;-1;-1;0;0;1;1;0;0;1;0;0;0;0;1;1;0;0
3613;7;1;0;0;4;0;0;0;0;0;0;92.303062438964844;0;-7.740478515625;-6.5859375;-7.740478515625;1.154541015625;1.4566667079925537;1.3833333253860474;4;4;-1;-1;0;0;1;1;0;0;1;0;0;0;0;1;1;0;0
3623;7;1;0;0;4;0;0;0;0;0;0;92.298179626464844;0;-7.75390625;-6.5986328125;-7.75390625;1.1552734375;1.4566667079925537;1.3799999952316284;4;4;-1;-1;0;0;1;1;0;0;1;0;0;0;0;1;1;0;0
3633;7;1;0;0;4;0;0;0;0;0;0;92.2900390625;0;-7.77392578125;-6.617431640625;-7.77392578125;1.156494140625;1.4566667079925537;1.3733333349227905;4;4;-1;-1;0;0;1;1;0;0;1;0;0;0;0;1;1;0;0
3643;7;1;0;0;4;0;0;0;0;0;0;92.294921875;0;-7.787353515625;-6.631591796875;-7.787353515625;1.15576171875;1.4566667079925537;1.3733333349227905;4;4;-1;-1;0;0;1;1;0;0;1;0;0;0;0;1;1;0;0
3653;7;1;0;0;4;0;0;0;0;0;0;92.278648376464844;0;-7.807373046875;-6.649169921875;-7.807373046875;1.158203125;1.4566667079925537;1.3799999952316284;4;4;-1;-1;0;0;1;1;0;0;1;0;0;0;0;1;1;0;0
3663;7;1;0;0;4;0;0;0;0;0;0;92.273765563964844;0;-7.820556640625;-6.66162109375;-7.820556640625;1.158935546875;1.4566667079925537;1.3799999952316284;4;4;-1;-1;0;0;1;1;0;0;1;0;0;0;0;1;1;0;0
3674;7;1;0;0;4;0;0;0;0;0;0;92.267250061035156;0;-7.840576171875;-6.6806640625;-7.840576171875;1.159912109375;1.4566667079925537;1.3766666650772095;4;4;-1;-1;0;0;1;1;0;0;1;0;0;0;0;1;1;0;0
3683;7;1;0;0;4;0;0;0;0;0;0;92.262367248535156;0;-7.85400390625;-6.693359375;-7.85400390625;1.16064453125;1.4566667079925537;1.3766666650772095;4;4;-1;-1;0;0;1;1;0;0;1;0;0;0;0;1;1;0;0
3693;7;1;0;0;4;0;0;0;0;0;0;92.254234313964844;0;-7.8740234375;-6.712158203125;-7.8740234375;1.161865234375;1.4533333778381348;1.3766666650772095;4;4;-1;-1;0;0;1;1;0;0;1;0;0;0;0;1;1;0;0
3703;7;1;0;0;4;0;0;0;0;0;0;92.249351501464844;0;-7.887451171875;-6.724853515625;-7.887451171875;1.16259765625;1.4566667079925537;1.3766666650772095;4;4;-1;-1;0;0;1;1;0;0;1;0;0;0;0;1;1;0;0
3713;7;1;0;0;4;0;0;0;0;0;0;92.242835998535156;0;-7.9072265625;-6.74365234375;-7.9072265625;1.16357421875;1.4566667079925537;1.3733333349227905;4;4;-1;-1;0;0;1;1;0;0;1;0;0;0;0;1;1;0;0
3724;7;1;0;0;4;0;0;0;0;0;0;92.237953186035156;0;-7.920654296875;-6.75634765625;-7.920654296875;1.164306640625;1.4566667079925537;1.3766666650772095;4;4;-1;-1;0;0;1;1;0;0;1;0;0;0;0;1;1;0;0
3733;7;1;0;0;4;0;0;0;0;0;0;92.2314453125;0;-7.940673828125;-6.775390625;-7.940673828125;1.165283203125;1.4566667079925537;1.3799999952316284;4;4;-1;-1;0;0;1;1;0;0;1;0;0;0;0;1;1;0;0
3743;7;1;0;0;4;0;0;0;0;0;0;92.2265625;0;-7.9541015625;-6.7880859375;-7.9541015625;1.166015625;1.4566667079925537;1.3833333253860474;4;4;-1;-1;0;0;1;1;0;0;1;0;0;0;0;1;1;0;0
3753;7;1;0;0;4;0;0;0;0;0;0;92.220054626464844;0;-7.97412109375;-6.80712890625;-7.97412109375;1.1669921875;1.4566667079925537;1.3766666650772095;4;4;-1;-1;0;0;1;1;0;0;1;0;0;0;0;1;1;0;0
3763;7;1;0;0;4;0;0;0;0;0;0;92.215171813964844;0;-7.9873046875;-6.819580078125;-7.9873046875;1.167724609375;1.4566667079925537;1.3733333349227905;4;4;-1;-1;0;0;1;1;0;0;1;0;0;0;0;1;1;0;0
3774;7;1;0;0;4;0;0;0;0;0;0;92.20703125;0;-8.00732421875;-6.83837890625;-8.00732421875;1.1689453125;1.4566667079925537;1.3700001239776611;4;4;-1;-1;0;0;1;1;0;0;1;0;0;0;0;1;1;0;0
3783;7;1;0;0;4;0;0;0;0;0;0;92.2021484375;0;-8.020751953125;-6.85107421875;-8.020751953125;1.169677734375;1.4566667079925537;1.3733333349227905;4;4;-1;-1;0;0;1;1;0;0;1;0;0;0;0;1;1;0;0
3793;7;1;0;0;4;0;0;0;0;0;0;92.194007873535156;0;-8.040771484375;-6.869873046875;-8.040771484375;1.1708984375;1.4566667079925537;1.3766666650772095;4;4;-1;-1;0;0;1;1;0;0;1;0;0;0;0;1;1;0;0
3803;7;1;0;0;4;0;0;0;0;0;0;92.190757751464844;0;-8.053955078125;-6.882568359375;-8.053955078125;1.17138671875;1.4566667079925537;1.3799999952316284;4;4;-1;-1;0;0;1;1;0;0;1;0;0;0;0;1;1;0;0
3813;7;1;0;0;4;0;0;0;0;0;0;92.184242248535156;0;-8.073974609375;-6.901611328125;-8.073974609375;1.17236328125;1.4566667079925537;1.3833333253860474;4;4;-1;-1;0;0;1;1;0;0;1;0;0;0;0;1;1;0;0
3823;7;1;0;0;4;0;0;0;0;0;0;92.179359436035156;0;-8.08740234375;-6.914306640625;-8.08740234375;1.173095703125;1.4566667079925537;1.3799999952316284;4;4;-1;-1;0;0;1;1;0;0;1;0;0;0;0;1;1;0;0
3834;7;1;0;0;4;0;0;0;0;0;0;92.171226501464844;0;-8.107421875;-6.93310546875;-8.107421875;1.17431640625;1.4566667079925537;1.3766666650772095;4;4;-1;-1;0;0;1;1;0;0;1;0;0;0;0;1;1;0;0
3843;7;1;0;0;4;0;0;0;0;0;0;92.16796875;0;-8.12060546875;-6.94580078125;-8.12060546875;1.1748046875;1.4566667079925537;1.3766666650772095;4;4;-1;-1;0;0;1;1;0;0;1;0;0;0;0;1;1;0;0
3853;7;1;0;0;4;0;0;0;0;0;0;92.161460876464844;0;-8.140625;-6.96484375;-8.140625;1.17578125;1.4566667079925537;1.3799999952316284;4;4;-1;-1;0;0;1;1;0;0;1;0;0;0;0;1;1;0;0
3864;7;1;0;0;4;0;0;0;0;0;0;92.156578063964844;0;-8.154052734375;-6.9775390625;-8.154052734375;1.176513671875;1.4566667079925537;1.3833333253860474;4;4;-1;-1;0;0;1;1;0;0;1;0;0;0;0;1;1;0;0
3873;7;1;0;0;4;0;0;0;0;0;0;92.1484375;0;-8.174072265625;-6.996337890625;-8.174072265625;1.177734375;1.4566667079925537;1.3733333349227905;4;4;-1;-1;0;0;1;1;0;0;1;0;0;0;0;1;1;0;0
3883;7;1;0;0;4;0;0;0;0;0;0;92.141929626464844;0;-8.1875;-7.0087890625;-8.1875;1.1787109375;1.4566667079925537;1.3733333349227905;4;4;-1;-1;0;0;1;1;0;0;1;0;0;0;0;1;1;0;0
3893;7;1;0;0;4;0;0;0;0;0;0;92.137046813964844;0;-8.207275390625;-7.02783203125;-8.207275390625;1.179443359375;1.4566667079925537;1.3766666650772095;4;4;-1;-1;0;0;1;1;0;0;1;0;0;0;0;1;1;0;0
3903;7;1;0;0;4;0;0;0;0;0;0;92.132164001464844;0;-8.220703125;-7.04052734375;-8.220703125;1.18017578125;1.4566667079925537;1.3766666650772095;4;4;-1;-1;0;0;1;1;0;0;1;0;0;0;0;1;1;0;0
3913;7;1;0;0;4;0;0;0;0;0;0;92.125648498535156;0;-8.24072265625;-7.0595703125;-8.24072265625;1.18115234375;1.4566667079925537;1.3799999952316284;4;4;-1;-1;0;0;1;1;0;0;1;0;0;0;0;1;1;0;0
3923;7;1;0;0;4;0;0;0;0;0;0;92.120765686035156;0;-8.254150390625;-7.072265625;-8.254150390625;1.181884765625;1.4566667079925537;1.3799999952316284;4;4;-1;-1;0;0;1;1;0;0;1;0;0;0;0;1;1;0;0
3934;7;1;0;0;4;0;0;0;0;0;0;92.112632751464844;0;-8.274169921875;-7.091064453125;-8.274169921875;1.18310546875;1.4533333778381348;1.3766666650772095;4;4;-1;-1;0;0;1;1;0;0;1;0;0;0;0;1;1;0;0
3943;7;1;0;0;4;0;0;0;0;0;0;92.107749938964844;0;-8.287353515625;-7.103515625;-8.287353515625;1.183837890625;1.4566667079925537;1.3733333349227905;4;4;-1;-1;0;0;1;1;0;0;1;0;0;0;0;1;1;0;0
3953;7;1;0;0;4;0;0;0;0;0;0;92.099609375;0;-8.307373046875;-7.122314453125;-8.307373046875;1.18505859375;1.4566667079925537;1.3733333349227905;4;4;-1;-1;0;0;1;1;0;0;1;0;0;0;0;1;1;0;0
3963;7;1;0;0;4;0;0;0;0;0;0;92.0947265625;0;-8.32080078125;-7.135009765625;-8.32080078125;1.185791015625;1.4566667079925537;1.3766666650772095;4;4;-1;-1;0;0;1;1;0;0;1;0;0;0;0;1;1;0;0
3973;7;1;0;0;4;0;0;0;0;0;0;92.08984375;0;-8.3408203125;-7.154296875;-8.3408203125;1.1865234375;1.4533333778381348;1.3833333253860474;4;4;-1;-1;0;0;1;1;0;0;1;0;0;0;0;1;1;0;0
3983;7;1;0;0;4;0;0;0;0;0;0;92.0849609375;0;-8.35400390625;-7.166748046875;-8.35400390625;1.187255859375;1.4566667079925537;1.3799999952316284;4;4;-1;-1;0;0;1;1;0;0;1;0;0;0;0;1;1;0;0
3993;7;1;0;0;4;0;0;0;0;0;0;92.078453063964844;0;-8.3740234375;-7.185791015625;-8.3740234375;1.188232421875;1.4566667079925537;1.3766666650772095;4;4;-1;-1;0;0;1;1;0;0;1;0;0;0;0;1;1;0;0
4004;7;1;0;0;4;0;0;0;0;0;0;92.071937561035156;0;-8.387451171875;-7.1982421875;-8.387451171875;1.189208984375;1.4566667079925537;1.3766666650772095;4;4;-1;-1;0;0;1;1;0;0;1;0;0;0;0;1;1;0;0
4013;7;1;0;0;4;0;0;0;0;0;0;92.0654296875;0;-8.407470703125;-7.21728515625;-8.407470703125;1.190185546875;1.4566667079925537;1.3766666650772095;4;4;-1;-1;0;0;1;1;0;0;1;0;0;0;0;1;1;0;0
4023;7;1;0;0;4;0;0;0;0;0;0;92.062171936035156;0;-8.420654296875;-7.22998046875;-8.420654296875;1.190673828125;1.4533333778381348;1.3766666650772095;4;4;-1;-1;0;0;1;1;0;0;1;0;0;0;0;1;1;0;0
4035;7;1;0;0;4;0;0;0;0;0;0;92.0556640625;0;-8.440673828125;-7.2490234375;-8.440673828125;1.191650390625;1.4566667079925537;1.3799999952316284;4;4;-1;-1;0;0;1;1;0;0;1;0;0;0;0;1;1;0;0
4043;7;1;0;0;4;0;0;0;0;0;0;92.049156188964844;0;-8.4541015625;-7.261474609375;-8.4541015625;1.192626953125;1.4566667079925537;1.3799999952316284;4;4;-1;-1;0;0;1;1;0;0;1;0;0;0;0;1;1;0;0
4053;7;1;0;0;4;0;0;0;0;0;0;92.042640686035156;0;-8.47412109375;-7.280517578125;-8.47412109375;1.193603515625;1.4533333778381348;1.3766666650772095;4;4;-1;-1;0;0;1;1;0;0;1;0;0;0;0;1;1;0;0
4063;7;1;0;0;4;0;0;0;0;0;0;92.037757873535156;0;-8.4873046875;-7.29296875;-8.4873046875;1.1943359375;1.4566667079925537;1.3766666650772095;4;4;-1;-1;0;0;1;1;0;0;1;0;0;0;0;1;1;0;0
4073;7;1;0;0;4;0;0;0;0;0;0;92.03125;0;-8.50732421875;-7.31201171875;-8.50732421875;1.1953125;1.4566667079925537;1.3799999952316284;4;4;-1;-1;0;0;1;1;0;0;1;0;0;0;0;1;1;0;0
4083;7;1;0;0;4;0;0;0;0;0;0;92.0263671875;0;-8.520751953125;-7.32470703125;-8.520751953125;1.196044921875;1.4566667079925537;1.3799999952316284;4;4;-1;-1;0;0;1;1;0;0;1;0;0;0;0;1;1;0;0
4093;7;1;0;0;4;0;0;0;0;0;0;92.018226623535156;0;-8.540771484375;-7.343505859375;-8.540771484375;1.197265625;1.4533333778381348;1.3766666650772095;4;4;-1;-1;0;0;1;1;0;0;1;0;0;0;0;1;1;0;0
4103;7;1;0;0;4;0;0;0;0;0;0;92.014976501464844;0;-8.553955078125;-7.356201171875;-8.553955078125;1.19775390625;1.4566667079925537;1.3766666650772095;4;4;-1;-1;0;0;1;1;0;0;1;0;0;0;0;1;1;0;0
4113;7;1;0;0;4;0;0;0;0;0;0;92.008460998535156;0;-8.573974609375;-7.375244140625;-8.573974609375;1.19873046875;1.4566667079925537;1.3766666650772095;4;4;-1;-1;0;0;1;1;0;0;1;0;0;0;0;1;1;0;0
4123;7;1;0;0;4;0;0;0;0;0;0;92.003578186035156;0;-8.58740234375;-7.387939453125;-8.58740234375;1.199462890625;1.4566667079925537;1.3799999952316284;4;4;-1;-1;0;0;1;1;0;0;1;0;0;0;0;1;1;0;0
4134;7;1;0;0;4;0;0;0;0;0;0;91.995445251464844;0;-8.607421875;-7.40673828125;-8.607421875;1.20068359375;1.4533333778381348;1.3766666650772095;4;4;-1;-1;0;0;1;1;0;0;1;0;0;0;0;1;1;0;0
4143;7;1;0;0;4;0;0;0;0;0;0;91.9921875;0;-8.62060546875;-7.41943359375;-8.62060546875;1.201171875;1.4566667079925537;1.3766666650772095;4;4;-1;-1;0;0;1;1;0;0;1;0;0;0;0;1;1;0;0
4153;7;1;0;0;4;0;0;0;0;0;0;91.985679626464844;0;-8.640625;-7.4384765625;-8.640625;1.2021484375;1.4566667079925537;1.3799999952316284;4;4;-1;-1;0;0;1;1;0;0;1;0;0;0;0;1;1;0;0
4164;7;1;0;0;4;0;0;0;0;0;0;91.980796813964844;0;-8.654052734375;-7.451171875;-8.654052734375;1.202880859375;1.4566667079925537;1.3799999952316284;4;4;-1;-1;0;0;1;1;0;0;1;0;0;0;0;1;1;0;0
4173;7;1;0;0;4;0;0;0;0;0;0;91.97265625;0;-8.674072265625;-7.469970703125;-8.674072265625;1.2041015625;1.4566667079925537;1.3766666650772095;4;4;-1;-1;0;0;1;1;0;0;1;0;0;0;0;1;1;0;0
4183;7;1;0;0;4;0;0;0;0;0;0;91.9677734375;0;-8.6875;-7.482666015625;-8.6875;1.204833984375;1.4566667079925537;1.3766666650772095;4;4;-1;-1;0;0;1;1;0;0;1;0;0;0;0;1;1;0;0
4193;7;1;0;0;4;0;0;0;0;0;0;91.961265563964844;0;-8.70751953125;-7.501708984375;-8.70751953125;1.205810546875;1.4566667079925537;1.3799999952316284;4;4;-1;-1;0;0;1;1;0;0;1;0;0;0;0;1;1;0;0
4204;7;1;0;0;4;0;0;0;0;0;0;91.956382751464844;0;-8.720703125;-7.51416015625;-8.720703125;1.20654296875;1.4566667079925537;1.3799999952316284;4;4;-1;-1;0;0;1;1;0;0;1;0;0;0;0;1;1;0;0
4213;7;1;0;0;4;0;0;0;0;0;0;91.949867248535156;0;-8.74072265625;-7.533203125;-8.74072265625;1.20751953125;1.4566667079925537;1.3766666650772095;4;4;-1;-1;0;0;1;1;0;0;1;0;0;0;0;1;1;0;0
4223;7;1;0;0;4;0;0;0;0;0;0;91.943359375;0;-8.754150390625;-7.545654296875;-8.754150390625;1.20849609375;1.4566667079925537;1.3766666650772095;4;4;-1;-1;0;0;1;1;0;0;1;0;0;0;0;1;1;0;0
4234;7;1;0;0;4;0;0;0;0;0;0;91.936851501464844;0;-8.774169921875;-7.564697265625;-8.774169921875;1.20947265625;1.4566667079925537;1.3799999952316284;4;4;-1;-1;0;0;1;1;0;0;1;0;0;0;0;1;1;0;0
4243;7;1;0;0;4;0;0;0;0;0;0;91.93359375;0;-8.787353515625;-7.577392578125;-8.787353515625;1.2099609375;1.4566667079925537;1.3799999952316284;4;4;-1;-1;0;0;1;1;0;0;1;0;0;0;0;1;1;0;0
4253;7;1;0;0;4;0;0;0;0;0;0;91.925453186035156;0;-8.807373046875;-7.59619140625;-8.807373046875;1.211181640625;1.4566667079925537;1.3766666650772095;4;4;-1;-1;0;0;1;1;0;0;1;0;0;0;0;1;1;0;0
4263;7;1;0;0;4;0;0;0;0;0;0;91.920570373535156;0;-8.82080078125;-7.60888671875;-8.82080078125;1.2119140625;1.4566667079925537;1.3766666650772095;4;4;-1;-1;0;0;1;1;0;0;1;0;0;0;0;1;1;0;0
4273;7;1;0;0;4;0;0;0;0;0;0;91.9140625;0;-8.8408203125;-7.6279296875;-8.8408203125;1.212890625;1.4566667079925537;1.3799999952316284;4;4;-1;-1;0;0;1;1;0;0;1;0;0;0;0;1;1;0;0
4284;7;1;0;0;4;0;0;0;0;0;0;91.9091796875;0;-8.854248046875;-7.640625;-8.854248046875;1.213623046875;1.4566667079925537;1.3799999952316284;4;4;-1;-1;0;0;1;1;0;0;1;0;0;0;0;1;1;0;0
4293;7;1;0;0;4;0;0;0;0;0;0;91.901039123535156;0;-8.874267578125;-7.659423828125;-8.874267578125;1.21484375;1.4566667079925537;1.3766666650772095;4;4;-1;-1;0;0;1;1;0;0;1;0;0;0;0;1;1;0;0
4303;7;1;0;0;4;0;0;0;0;0;0;91.897789001464844;0;-8.887451171875;-7.672119140625;-8.887451171875;1.21533203125;1.4566667079925537;1.3766666650772095;4;4;-1;-1;0;0;1;1;0;0;1;0;0;0;0;1;1;0;0
4315;7;1;0;0;4;0;0;0;0;0;0;91.891273498535156;0;-8.907470703125;-7.691162109375;-8.907470703125;1.21630859375;1.4566667079925537;1.3799999952316284;4;4;-1;-1;0;0;1;1;0;0;1;0;0;0;0;1;1;0;0
4323;7;1;0;0;4;0;0;0;0;0;0;91.884765625;0;-8.9208984375;-7.70361328125;-8.9208984375;1.21728515625;1.4566667079925537;1.3799999952316284;4;4;-1;-1;0;0;1;1;0;0;1;0;0;0;0;1;1;0;0
4333;7;1;0;0;4;0;0;0;0;0;0;91.878257751464844;0;-8.94091796875;-7.72265625;-8.94091796875;1.21826171875;1.4566667079925537;1.3766666650772095;4;4;-1;-1;0;0;1;1;0;0;1;0;0;0;0;1;1;0;0
4343;7;1;0;0;4;0;0;0;0;0;0;91.873374938964844;0;-8.954345703125;-7.7353515625;-8.954345703125;1.218994140625;1.4599999189376831;1.3799999952316284;4;4;-1;-1;0;0;1;1;0;0;1;0;0;0;0;1;1;0;0
4353;7;1;0;0;4;0;0;0;0;0;0;91.866859436035156;0;-8.974365234375;-7.75439453125;-8.974365234375;1.219970703125;1.4566667079925537;1.3799999952316284;4;4;-1;-1;0;0;1;1;0;0;1;0;0;0;0;1;1;0;0
4363;7;1;0;0;4;0;0;0;0;0;0;91.861976623535156;0;-8.987548828125;-7.766845703125;-8.987548828125;1.220703125;1.4566667079925537;1.3799999952316284;4;4;-1;-1;0;0;1;1;0;0;1;0;0;0;0;1;1;0;0
4373;7;1;0;0;4;0;0;0;0;0;0;91.85546875;0;-9.007568359375;-7.785888671875;-9.007568359375;1.2216796875;1.4566667079925537;1.3799999952316284;4;4;-1;-1;0;0;1;1;0;0;1;0;0;0;0;1;1;0;0
4383;7;1;0;0;4;0;0;0;0;0;0;91.8505859375;0;-9.02099609375;-7.798583984375;-9.02099609375;1.222412109375;1.4599999189376831;1.3766666650772095;4;4;-1;-1;0;0;1;1;0;0;1;0;0;0;0;1;1;0;0
4393;7;1;0;0;4;0;0;0;0;0;0;91.842445373535156;0;-9.041015625;-7.8173828125;-9.041015625;1.2236328125;1.4566667079925537;1.3766666650772095;4;4;-1;-1;0;0;1;1;0;0;1;0;0;0;0;1;1;0;0
4403;7;1;0;0;4;0;0;0;0;0;0;91.837562561035156;0;-9.054443359375;-7.830078125;-9.054443359375;1.224365234375;1.4566667079925537;1.3799999952316284;4;4;-1;-1;0;0;1;1;0;0;1;0;0;0;0;1;1;0;0
4413;7;1;0;0;4;0;0;0;0;0;0;91.8310546875;0;-9.074462890625;-7.84912109375;-9.074462890625;1.225341796875;1.4566667079925537;1.3799999952316284;4;4;-1;-1;0;0;1;1;0;0;1;0;0;0;0;1;1;0;0
4423;7;1;0;0;4;0;0;0;0;0;0;91.827796936035156;0;-9.087646484375;-7.86181640625;-9.087646484375;1.225830078125;1.4566667079925537;1.3766666650772095;4;4;-1;-1;0;0;1;1;0;0;1;0;0;0;0;1;1;0;0
4434;7;1;0;0;4;0;0;0;0;0;0;91.819664001464844;0;-9.107666015625;-7.880615234375;-9.107666015625;1.22705078125;1.4566667079925537;1.3766666650772095;4;4;-1;-1;0;0;1;1;0;0;1;0;0;0;0;1;1;0;0
4443;7;1;0;0;4;0;0;0;0;0;0;91.814781188964844;0;-9.12109375;-7.893310546875;-9.12109375;1.227783203125;1.4566667079925537;1.3799999952316284;4;4;-1;-1;0;0;1;1;0;0;1;0;0;0;0;1;1;0;0
4453;7;1;0;0;4;0;0;0;0;0;0;91.808265686035156;0;-9.14111328125;-7.912353515625;-9.14111328125;1.228759765625;1.4566667079925537;1.3799999952316284;4;4;-1;-1;0;0;1;1;0;0;1;0;0;0;0;1;1;0;0
4466;7;1;0;0;4;0;0;0;0;0;0;91.8017578125;0;-9.154541015625;-7.9248046875;-9.154541015625;1.229736328125;1.4599999189376831;1.3799999952316284;4;4;-1;-1;0;0;1;1;0;0;1;0;0;0;0;1;1;0;0
4473;7;1;0;0;4;0;0;0;0;0;0;91.795249938964844;0;-9.174560546875;-7.94384765625;-9.174560546875;1.230712890625;1.4566667079925537;1.3766666650772095;4;4;-1;-1;0;0;1;1;0;0;1;0;0;0;0;1;1;0;0
4483;7;1;0;0;4;0;0;0;0;0;0;91.790367126464844;0;-9.18798828125;-7.95654296875;-9.18798828125;1.2314453125;1.4599999189376831;1.3766666650772095;4;4;-1;-1;0;0;1;1;0;0;1;0;0;0;0;1;1;0;0
4493;7;1;0;0;4;0;0;0;0;0;0;91.785484313964844;0;-9.207763671875;-7.9755859375;-9.207763671875;1.232177734375;1.4566667079925537;1.3799999952316284;4;4;-1;-1;0;0;1;1;0;0;1;0;0;0;0;1;1;0;0
4503;7;1;0;0;4;0;0;0;0;0;0;91.780601501464844;0;-9.22119140625;-7.98828125;-9.22119140625;1.23291015625;1.4599999189376831;1.3833333253860474;4;4;-1;-1;0;0;1;1;0;0;1;0;0;0;0;1;1;0;0
4513;7;1;0;0;4;0;0;0;0;0;0;91.7724609375;0;-9.2412109375;-8.007080078125;-9.2412109375;1.234130859375;1.4566667079925537;1.3766666650772095;4;4;-1;-1;0;0;1;1;0;0;1;0;0;0;0;1;1;0;0
4523;7;1;0;0;4;0;0;0;0;0;0;91.767578125;0;-9.254638671875;-8.019775390625;-9.254638671875;1.23486328125;1.4566667079925537;1.3766666650772095;4;4;-1;-1;0;0;1;1;0;0;1;0;0;0;0;1;1;0;0
4533;7;1;0;0;4;0;0;0;0;0;0;91.759437561035156;0;-9.274658203125;-8.03857421875;-9.274658203125;1.236083984375;1.4599999189376831;1.3799999952316284;4;4;-1;-1;0;0;1;1;0;0;1;0;0;0;0;1;1;0;0
4543;7;1;0;0;4;0;0;0;0;0;0;91.754554748535156;0;-9.2880859375;-8.05126953125;-9.2880859375;1.23681640625;1.4599999189376831;1.3799999952316284;4;4;-1;-1;0;0;1;1;0;0;1;0;0;0;0;1;1;0;0
4553;7;1;0;0;4;0;0;0;0;0;0;91.748046875;0;-9.30810546875;-8.0703125;-9.30810546875;1.23779296875;1.4566667079925537;1.3799999952316284;4;4;-1;-1;0;0;1;1;0;0;1;0;0;0;0;1;1;0;0
4564;7;1;0;0;4;0;0;0;0;0;0;91.7431640625;0;-9.321533203125;-8.0830078125;-9.321533203125;1.238525390625;1.4599999189376831;1.3766666650772095;4;4;-1;-1;0;0;1;1;0;0;1;0;0;0;0;1;1;0;0
4573;7;1;0;0;4;0;0;0;0;0;0;91.735023498535156;0;-9.341552734375;-8.101806640625;-9.341552734375;1.23974609375;1.4599999189376831;1.3799999952316284;4;4;-1;-1;0;0;1;1;0;0;1;0;0;0;0;1;1;0;0
4583;7;1;0;0;4;0;0;0;0;0;0;91.730140686035156;0;-9.35498046875;-8.114501953125;-9.35498046875;1.240478515625;1.4599999189376831;1.3799999952316284;4;4;-1;-1;0;0;1;1;0;0;1;0;0;0;0;1;1;0;0
4593;7;1;0;0;4;0;0;0;0;0;0;91.7236328125;0;-9.375;-8.133544921875;-9.375;1.241455078125;1.4599999189376831;1.3766666650772095;4;4;-1;-1;0;0;1;1;0;0;1;0;0;0;0;1;1;0;0
4603;7;1;0;0;4;0;0;0;0;0;0;91.71875;0;-9.38818359375;-8.14599609375;-9.38818359375;1.2421875;1.4599999189376831;1.3766666650772095;4;4;-1;-1;0;0;1;1;0;0;1;0;0;0;0;1;1;0;0
4614;7;1;0;0;4;0;0;0;0;0;0;91.712242126464844;0;-9.408203125;-8.1650390625;-9.408203125;1.2431640625;1.4599999189376831;1.3799999952316284;4;4;-1;-1;0;0;1;1;0;0;1;0;0;0;0;1;1;0;0
4623;7;1;0;0;4;0;0;0;0;0;0;91.707359313964844;0;-9.421630859375;-8.177734375;-9.421630859375;1.243896484375;1.4599999189376831;1.3799999952316284;4;4;-1;-1;0;0;1;1;0;0;1;0;0;0;0;1;1;0;0
4633;7;1;0;0;4;0;0;0;0;0;0;91.700843811035156;0;-9.441650390625;-8.19677734375;-9.441650390625;1.244873046875;1.4599999189376831;1.3766666650772095;4;4;-1;-1;0;0;1;1;0;0;1;0;0;0;0;1;1;0;0
4643;7;1;0;0;4;0;0;0;0;0;0;91.6943359375;0;-9.455078125;-8.209228515625;-9.455078125;1.245849609375;1.4599999189376831;1.3766666650772095;4;4;-1;-1;0;0;1;1;0;0;1;0;0;0;0;1;1;0;0
4653;7;1;0;0;4;0;0;0;0;0;0;91.687828063964844;0;-9.47509765625;-8.228271484375;-9.47509765625;1.246826171875;1.4599999189376831;1.3799999952316284;4;4;-1;-1;0;0;1;1;0;0;1;0;0;0;0;1;1;0;0
4665;7;1;0;0;4;0;0;0;0;0;0;91.682945251464844;0;-9.488525390625;-8.240966796875;-9.488525390625;1.24755859375;1.4599999189376831;1.3799999952316284;4;4;-1;-1;0;0;1;1;0;0;1;0;0;0;0;1;1;0;0
4673;7;1;0;0;4;0;0;0;0;0;0;91.676429748535156;0;-9.508544921875;-8.260009765625;-9.508544921875;1.24853515625;1.4599999189376831;1.3799999952316284;4;4;-1;-1;0;0;1;1;0;0;1;0;0;0;0;1;1;0;0
4683;7;1;0;0;4;0;0;0;0;0;0;91.669921875;0;-9.52197265625;-8.2724609375;-9.52197265625;1.24951171875;1.4599999189376831;1.3766666650772095;4;4;-1;-1;0;0;1;1;0;0;1;0;0;0;0;1;1;0;0
4693;7;1;0;0;4;0;0;0;0;0;0;91.663414001464844;0;-9.5419921875;-8.29150390625;-9.5419921875;1.25048828125;1.4566667079925537;1.3799999952316284;4;4;-1;-1;0;0;1;1;0;0;1;0;0;0;0;1;1;0;0
4703;7;1;0;0;4;0;0;0;0;0;0;91.66015625;0;-9.55517578125;-8.30419921875;-9.55517578125;1.2509765625;1.4599999189376831;1.3799999952316284;4;4;-1;-1;0;0;1;1;0;0;1;0;0;0;0;1;1;0;0
4713;7;1;0;0;4;0;0;0;0;0;0;91.652015686035156;0;-9.575439453125;-8.3232421875;-9.575439453125;1.252197265625;1.4599999189376831;1.3799999952316284;4;4;-1;-1;0;0;1;1;0;0;1;0;0;0;0;1;1;0;0
4723;7;1;0;0;4;0;0;0;0;0;0;91.647132873535156;0;-9.588623046875;-8.335693359375;-9.588623046875;1.2529296875;1.4599999189376831;1.3799999952316284;4;4;-1;-1;0;0;1;1;0;0;1;0;0;0;0;1;1;0;0
4734;7;1;0;0;4;0;0;0;0;0;0;91.640625;0;-9.608642578125;-8.354736328125;-9.608642578125;1.25390625;1.4566667079925537;1.3766666650772095;4;4;-1;-1;0;0;1;1;0;0;1;0;0;0;0;1;1;0;0
4743;7;1;0;0;4;0;0;0;0;0;0;91.6357421875;0;-9.6220703125;-8.367431640625;-9.6220703125;1.254638671875;1.4599999189376831;1.3799999952316284;4;4;-1;-1;0;0;1;1;0;0;1;0;0;0;0;1;1;0;0
4753;7;1;0;0;4;0;0;0;0;0;0;91.629234313964844;0;-9.64208984375;-8.386474609375;-9.64208984375;1.255615234375;1.4599999189376831;1.3799999952316284;4;4;-1;-1;0;0;1;1;0;0;1;0;0;0;0;1;1;0;0
4764;7;1;0;0;4;0;0;0;0;0;0;91.622718811035156;0;-9.655517578125;-8.39892578125;-9.655517578125;1.256591796875;1.4599999189376831;1.3799999952316284;4;4;-1;-1;0;0;1;1;0;0;1;0;0;0;0;1;1;0;0
4773;7;1;0;0;4;0;0;0;0;0;0;91.6162109375;0;-9.675537109375;-8.41796875;-9.675537109375;1.257568359375;1.4566667079925537;1.3799999952316284;4;4;-1;-1;0;0;1;1;0;0;1;0;0;0;0;1;1;0;0
4783;7;1;0;0;4;0;0;0;0;0;0;91.611328125;0;-9.68896484375;-8.4306640625;-9.68896484375;1.25830078125;1.4599999189376831;1.3799999952316284;4;4;-1;-1;0;0;1;1;0;0;1;0;0;0;0;1;1;0;0
4794;7;1;0;0;4;0;0;0;0;0;0;91.604820251464844;0;-9.708984375;-8.44970703125;-9.708984375;1.25927734375;1.4566667079925537;1.3799999952316284;4;4;-1;-1;0;0;1;1;0;0;1;0;0;0;0;1;1;0;0
4803;7;1;0;0;4;0;0;0;0;0;0;91.598304748535156;0;-9.722412109375;-8.462158203125;-9.722412109375;1.26025390625;1.4599999189376831;1.3799999952316284;4;4;-1;-1;0;0;1;1;0;0;1;0;0;0;0;1;1;0;0
4813;7;1;0;0;4;0;0;0;0;0;0;91.591796875;0;-9.742431640625;-8.481201171875;-9.742431640625;1.26123046875;1.4599999189376831;1.3766666650772095;4;4;-1;-1;0;0;1;1;0;0;1;0;0;0;0;1;1;0;0
4823;7;1;0;0;4;0;0;0;0;0;0;91.588539123535156;0;-9.755615234375;-8.493896484375;-9.755615234375;1.26171875;1.4599999189376831;1.3799999952316284;4;4;-1;-1;0;0;1;1;0;0;1;0;0;0;0;1;1;0;0
4833;7;1;0;0;4;0;0;0;0;0;0;91.580406188964844;0;-9.77587890625;-8.512939453125;-9.77587890625;1.262939453125;1.4599999189376831;1.3799999952316284;4;4;-1;-1;0;0;1;1;0;0;1;0;0;0;0;1;1;0;0
4843;7;1;0;0;4;0;0;0;0;0;0;91.575523376464844;0;-9.7890625;-8.525390625;-9.7890625;1.263671875;1.4599999189376831;1.3799999952316284;4;4;-1;-1;0;0;1;1;0;0;1;0;0;0;0;1;1;0;0
4853;7;1;0;0;4;0;0;0;0;0;0;91.569007873535156;0;-9.80908203125;-8.54443359375;-9.80908203125;1.2646484375;1.4599999189376831;1.3766666650772095;4;4;-1;-1;0;0;1;1;0;0;1;0;0;0;0;1;1;0;0
4865;7;1;0;0;4;0;0;0;0;0;0;91.564125061035156;0;-9.822509765625;-8.55712890625;-9.822509765625;1.265380859375;1.4599999189376831;1.3766666650772095;4;4;-1;-1;0;0;1;1;0;0;1;0;0;0;0;1;1;0;0
4873;7;1;0;0;4;0;0;0;0;0;0;91.5576171875;0;-9.842529296875;-8.576171875;-9.842529296875;1.266357421875;1.4599999189376831;1.3833333253860474;4;4;-1;-1;0;0;1;1;0;0;1;0;0;0;0;1;1;0;0
4883;7;1;0;0;4;0;0;0;0;0;0;91.552734375;0;-9.85595703125;-8.5888671875;-9.85595703125;1.26708984375;1.4599999189376831;1.3866667747497559;4;4;-1;-1;0;0;1;1;0;0;1;0;0;0;0;1;1;0;0
4894;7;1;0;0;4;0;0;0;0;0;0;91.544593811035156;0;-9.8759765625;-8.607666015625;-9.8759765625;1.268310546875;1.4566667079925537;1.3733333349227905;4;4;-1;-1;0;0;1;1;0;0;1;0;0;0;0;1;1;0;0
4903;7;1;0;0;4;0;0;0;0;0;0;91.5380859375;0;-9.889404296875;-8.6201171875;-9.889404296875;1.269287109375;1.4599999189376831;1.3733333349227905;4;4;-1;-1;0;0;1;1;0;0;1;0;0;0;0;1;1;0;0
4913;7;1;0;0;4;0;0;0;0;0;0;91.531578063964844;0;-9.909423828125;-8.63916015625;-9.909423828125;1.270263671875;1.4599999189376831;1.3799999952316284;4;4;-1;-1;0;0;1;1;0;0;1;0;0;0;0;1;1;0;0
4923;7;1;0;0;4;0;0;0;0;0;0;91.526695251464844;0;-9.9228515625;-8.65185546875;-9.9228515625;1.27099609375;1.4566667079925537;1.3833333253860474;4;4;-1;-1;0;0;1;1;0;0;1;0;0;0;0;1;1;0;0
4933;7;1;0;0;4;0;0;0;0;0;0;91.520179748535156;0;-9.94287109375;-8.6708984375;-9.94287109375;1.27197265625;1.4599999189376831;1.3766666650772095;4;4;-1;-1;0;0;1;1;0;0;1;0;0;0;0;1;1;0;0
4943;7;1;0;0;4;0;0;0;0;0;0;91.515296936035156;0;-9.9560546875;-8.683349609375;-9.9560546875;1.272705078125;1.4599999189376831;1.3733333349227905;4;4;-1;-1;0;0;1;1;0;0;1;0;0;0;0;1;1;0;0
4953;7;1;0;0;4;0;0;0;0;0;0;91.5087890625;0;-9.97607421875;-8.702392578125;-9.97607421875;1.273681640625;1.4566667079925537;1.3799999952316284;4;4;-1;-1;0;0;1;1;0;0;1;0;0;0;0;1;1;0;0
4964;7;1;0;0;4;0;0;0;0;0;0;91.50390625;0;-9.989501953125;-8.715087890625;-9.989501953125;1.2744140625;1.4599999189376831;1.3799999952316284;4;4;-1;-1;0;0;1;1;0;0;1;0;0;0;0;1;1;0;0
4973;7;1;0;0;4;0;0;0;0;0;0;91.495765686035156;0;-10.009521484375;-8.73388671875;-10.009521484375;1.275634765625;1.4566667079925537;1.3766666650772095;4;4;-1;-1;0;0;1;1;0;0;1;0;0;0;0;1;1;0;0
4983;7;1;0;0;4;0;0;0;0;0;0;91.490882873535156;0;-10.02294921875;-8.74658203125;-10.02294921875;1.2763671875;1.4566667079925537;1.3766666650772095;4;4;-1;-1;0;0;1;1;0;0;1;0;0;0;0;1;1;0;0
4994;7;1;0;0;4;0;0;0;0;0;0;91.484375;0;-10.04296875;-8.765625;-10.04296875;1.27734375;1.4566667079925537;1.3799999952316284;4;4;-1;-1;0;0;1;1;0;0;1;0;0;0;0;1;1;0;0
5003;7;1;0;0;4;0;0;0;0;0;0;91.4794921875;0;-10.056396484375;-8.7783203125;-10.056396484375;1.278076171875;1.4599999189376831;1.3799999952316284;4;4;-1;-1;0;0;1;1;0;0;1;0;0;0;0;1;1;0;0
5013;7;1;0;0;4;0;0;0;0;0;0;91.472984313964844;0;-10.076416015625;-8.79736328125;-10.076416015625;1.279052734375;1.4566667079925537;1.3799999952316284;4;4;-1;-1;0;0;1;1;0;0;1;0;0;0;0;1;1;0;0
5023;7;1;0;0;4;0;0;0;0;0;0;91.468101501464844;0;-10.089599609375;-8.809814453125;-10.089599609375;1.27978515625;1.4566667079925537;1.3799999952316284;4;4;-1;-1;0;0;1;1;0;0;1;0;0;0;0;1;1;0;0
5033;7;1;0;0;4;0;0;0;0;0;0;91.4599609375;0;-10.109619140625;-8.82861328125;-10.109619140625;1.281005859375;1.4566667079925537;1.3733333349227905;4;4;-1;-1;0;0;1;1;0;0;1;0;0;0;0;1;1;0;0
5044;7;1;0;0;4;0;0;0;0;0;0;91.455078125;0;-10.123046875;-8.84130859375;-10.123046875;1.28173828125;1.4566667079925537;1.3700001239776611;4;4;-1;-1;0;0;1;1;0;0;1;0;0;0;0;1;1;0;0
5053;7;1;0;0;4;0;0;0;0;0;0;91.446937561035156;0;-10.14306640625;-8.860107421875;-10.14306640625;1.282958984375;1.4566667079925537;1.3733333349227905;4;4;-1;-1;0;0;1;1;0;0;1;0;0;0;0;1;1;0;0
5063;7;1;0;0;4;0;0;0;0;0;0;91.442054748535156;0;-10.156494140625;-8.872802734375;-10.156494140625;1.28369140625;1.4566667079925537;1.3799999952316284;4;4;-1;-1;0;0;1;1;0;0;1;0;0;0;0;1;1;0;0
5073;7;1;0;0;4;0;0;0;0;0;0;91.437171936035156;0;-10.176513671875;-8.89208984375;-10.176513671875;1.284423828125;1.4566667079925537;1.3833333253860474;4;4;-1;-1;0;0;1;1;0;0;1;0;0;0;0;1;1;0;0
5083;7;1;0;0;4;0;0;0;0;0;0;91.432289123535156;0;-10.189697265625;-8.904541015625;-10.189697265625;1.28515625;1.4599999189376831;1.3799999952316284;4;4;-1;-1;0;0;1;1;0;0;1;0;0;0;0;1;1;0;0
5094;7;1;0;0;4;0;0;0;0;0;0;91.42578125;0;-10.209716796875;-8.923583984375;-10.209716796875;1.2861328125;1.4566667079925537;1.3799999952316284;4;4;-1;-1;0;0;1;1;0;0;1;0;0;0;0;1;1;0;0
5103;7;1;0;0;4;0;0;0;0;0;0;91.4208984375;0;-10.22314453125;-8.936279296875;-10.22314453125;1.286865234375;1.4566667079925537;1.3799999952316284;4;4;-1;-1;0;0;1;1;0;0;1;0;0;0;0;1;1;0;0
5113;7;1;0;0;4;0;0;0;0;0;0;91.412757873535156;0;-10.2431640625;-8.955078125;-10.2431640625;1.2880859375;1.4566667079925537;1.3766666650772095;4;4;-1;-1;0;0;1;1;0;0;1;0;0;0;0;1;1;0;0
5124;7;1;0;0;4;0;0;0;0;0;0;91.407875061035156;0;-10.256591796875;-8.9677734375;-10.256591796875;1.288818359375;1.4566667079925537;1.3799999952316284;4;4;-1;-1;0;0;1;1;0;0;1;0;0;0;0;1;1;0;0
5133;7;1;0;0;4;0;0;0;0;0;0;91.4013671875;0;-10.276611328125;-8.98681640625;-10.276611328125;1.289794921875;1.4566667079925537;1.3799999952316284;4;4;-1;-1;0;0;1;1;0;0;1;0;0;0;0;1;1;0;0
5143;7;1;0;0;4;0;0;0;0;0;0;91.396484375;0;-10.289794921875;-8.999267578125;-10.289794921875;1.29052734375;1.4566667079925537;1.3766666650772095;4;4;-1;-1;0;0;1;1;0;0;1;0;0;0;0;1;1;0;0
5153;7;1;0;0;4;0;0;0;0;0;0;91.388343811035156;0;-10.309814453125;-9.01806640625;-10.309814453125;1.291748046875;1.4566667079925537;1.3733333349227905;4;4;-1;-1;0;0;1;1;0;0;1;0;0;0;0;1;1;0;0
5163;7;1;0;0;4;0;0;0;0;0;0;91.383460998535156;0;-10.3232421875;-9.03076171875;-10.3232421875;1.29248046875;1.4566667079925537;1.3733333349227905;4;4;-1;-1;0;0;1;1;0;0;1;0;0;0;0;1;1;0;0
5173;7;1;0;0;4;0;0;0;0;0;0;91.376953125;0;-10.34326171875;-9.0498046875;-10.34326171875;1.29345703125;1.4566667079925537;1.3833333253860474;4;4;-1;-1;0;0;1;1;0;0;1;0;0;0;0;1;1;0;0
5183;7;1;0;0;4;0;0;0;0;0;0;91.3720703125;0;-10.356689453125;-9.0625;-10.356689453125;1.294189453125;1.4566667079925537;1.3833333253860474;4;4;-1;-1;0;0;1;1;0;0;1;0;0;0;0;1;1;0;0
5194;7;1;0;0;4;0;0;0;0;0;0;91.365562438964844;0;-10.376708984375;-9.08154296875;-10.376708984375;1.295166015625;1.4566667079925537;1.3766666650772095;4;4;-1;-1;0;0;1;1;0;0;1;0;0;0;0;1;1;0;0
5203;7;1;0;0;4;0;0;0;0;0;0;91.359046936035156;0;-10.39013671875;-9.093994140625;-10.39013671875;1.296142578125;1.4599999189376831;1.3700001239776611;4;4;-1;-1;0;0;1;1;0;0;1;0;0;0;0;1;1;0;0
5213;7;1;0;0;4;0;0;0;0;0;0;91.3525390625;0;-10.409912109375;-9.11279296875;-10.409912109375;1.297119140625;1.4566667079925537;1.3733333349227905;4;4;-1;-1;0;0;1;1;0;0;1;0;0;0;0;1;1;0;0
5224;7;1;0;0;4;0;0;0;0;0;0;91.359046936035156;0;-10.42333984375;-9.127197265625;-10.42333984375;1.296142578125;1.4566667079925537;1.3799999952316284;4;4;-1;-1;0;0;1;1;0;0;1;0;0;0;0;1;1;0;0
5233;7;1;0;0;4;0;0;0;0;0;0;91.341148376464844;0;-10.443359375;-9.14453125;-10.443359375;1.298828125;1.4566667079925537;1.3799999952316284;4;4;-1;-1;0;0;1;1;0;0;1;0;0;0;0;1;1;0;0
5243;7;1;0;0;4;0;0;0;0;0;0;91.336265563964844;0;-10.456787109375;-9.1572265625;-10.456787109375;1.299560546875;1.4566667079925537;1.3799999952316284;4;4;-1;-1;0;0;1;1;0;0;1;0;0;0;0;1;1;0;0
5253;7;1;0;0;4;0;0;0;0;0;0;91.329750061035156;0;-10.476806640625;-9.17626953125;-10.476806640625;1.300537109375;1.4566667079925537;1.3799999952316284;4;4;-1;-1;0;0;1;1;0;0;1;0;0;0;0;1;1;0;0
5263;7;1;0;0;4;0;0;0;0;0;0;91.324867248535156;0;-10.489990234375;-9.188720703125;-10.489990234375;1.30126953125;1.4566667079925537;1.3799999952316284;4;4;-1;-1;0;0;1;1;0;0;1;0;0;0;0;1;1;0;0
5273;7;1;0;0;4;0;0;0;0;0;0;91.316734313964844;0;-10.510009765625;-9.20751953125;-10.510009765625;1.302490234375;1.4566667079925537;1.3733333349227905;4;4;-1;-1;0;0;1;1;0;0;1;0;0;0;0;1;1;0;0
5283;7;1;0;0;4;0;0;0;0;0;0;91.311851501464844;0;-10.5234375;-9.22021484375;-10.5234375;1.30322265625;1.4566667079925537;1.3733333349227905;4;4;-1;-1;0;0;1;1;0;0;1;0;0;0;0;1;1;0;0
5295;7;1;0;0;4;0;0;0;0;0;0;91.305335998535156;0;-10.54345703125;-9.2392578125;-10.54345703125;1.30419921875;1.4566667079925537;1.3799999952316284;4;4;-1;-1;0;0;1;1;0;0;1;0;0;0;0;1;1;0;0
5303;7;1;0;0;4;0;0;0;0;0;0;91.300453186035156;0;-10.556884765625;-9.251953125;-10.556884765625;1.304931640625;1.4566667079925537;1.3799999952316284;4;4;-1;-1;0;0;1;1;0;0;1;0;0;0;0;1;1;0;0
5315;7;1;0;0;4;0;0;0;0;0;0;91.292320251464844;0;-10.576904296875;-9.270751953125;-10.576904296875;1.30615234375;1.4566667079925537;1.3733333349227905;4;4;-1;-1;0;0;1;1;0;0;1;0;0;0;0;1;1;0;0
5323;7;1;0;0;4;0;0;0;0;0;0;91.287437438964844;0;-10.59033203125;-9.283447265625;-10.59033203125;1.306884765625;1.4599999189376831;1.3733333349227905;4;4;-1;-1;0;0;1;1;0;0;1;0;0;0;0;1;1;0;0
5333;7;1;0;0;4;0;0;0;0;0;0;91.282554626464844;0;-10.610107421875;-9.302490234375;-10.610107421875;1.3076171875;1.4566667079925537;1.3799999952316284;4;4;-1;-1;0;0;1;1;0;0;1;0;0;0;0;1;1;0;0
5343;7;1;0;0;4;0;0;0;0;0;0;91.277671813964844;0;-10.62353515625;-9.315185546875;-10.62353515625;1.308349609375;1.4599999189376831;1.3799999952316284;4;4;-1;-1;0;0;1;1;0;0;1;0;0;0;0;1;1;0;0
5353;7;1;0;0;4;0;0;0;0;0;0;91.26953125;0;-10.6435546875;-9.333984375;-10.6435546875;1.3095703125;1.4566667079925537;1.3766666650772095;4;4;-1;-1;0;0;1;1;0;0;1;0;0;0;0;1;1;0;0
5379;7;1;0;0;4;0;0;0;0;0;0;91.256507873535156;0;-10.677001953125;-9.365478515625;-10.677001953125;1.3115234375;1.4566667079925537;1.3766666650772095;4;4;-1;-1;0;0;1;1;0;0;1;0;0;0;0;1;1;0;0
5383;7;1;0;0;4;0;0;0;0;0;0;91.253257751464844;0;-10.690185546875;-9.378173828125;-10.690185546875;1.31201171875;1.4566667079925537;1.3799999952316284;4;4;-1;-1;0;0;1;1;0;0;1;0;0;0;0;1;1;0;0
5393;7;1;0;0;4;0;0;0;0;0;0;91.246742248535156;0;-10.710205078125;-9.397216796875;-10.710205078125;1.31298828125;1.4566667079925537;1.3799999952316284;4;4;-1;-1;0;0;1;1;0;0;1;0;0;0;0;1;1;0;0
5403;7;1;0;0;4;0;0;0;0;0;0;91.240234375;0;-10.7236328125;-9.40966796875;-10.7236328125;1.31396484375;1.4599999189376831;1.3766666650772095;4;4;-1;-1;0;0;1;1;0;0;1;0;0;0;0;1;1;0;0
5413;7;1;0;0;4;0;0;0;0;0;0;91.233726501464844;0;-10.74365234375;-9.4287109375;-10.74365234375;1.31494140625;1.4566667079925537;1.3799999952316284;4;4;-1;-1;0;0;1;1;0;0;1;0;0;0;0;1;1;0;0
5423;7;1;0;0;4;0;0;0;0;0;0;91.228843688964844;0;-10.757080078125;-9.44140625;-10.757080078125;1.315673828125;1.4566667079925537;1.3799999952316284;4;4;-1;-1;0;0;1;1;0;0;1;0;0;0;0;1;1;0;0
5433;7;1;0;0;4;0;0;0;0;0;0;91.220703125;0;-10.777099609375;-9.460205078125;-10.777099609375;1.31689453125;1.4566667079925537;1.3766666650772095;4;4;-1;-1;0;0;1;1;0;0;1;0;0;0;0;1;1;0;0
5443;7;1;0;0;4;0;0;0;0;0;0;91.2158203125;0;-10.79052734375;-9.472900390625;-10.79052734375;1.317626953125;1.4599999189376831;1.3766666650772095;4;4;-1;-1;0;0;1;1;0;0;1;0;0;0;0;1;1;0;0
5453;7;1;0;0;4;0;0;0;0;0;0;91.2109375;0;-10.810302734375;-9.491943359375;-10.810302734375;1.318359375;1.4566667079925537;1.3799999952316284;4;4;-1;-1;0;0;1;1;0;0;1;0;0;0;0;1;1;0;0
5463;7;1;0;0;4;0;0;0;0;0;0;91.2060546875;0;-10.82373046875;-9.504638671875;-10.82373046875;1.319091796875;1.4566667079925537;1.3799999952316284;4;4;-1;-1;0;0;1;1;0;0;1;0;0;0;0;1;1;0;0
5473;7;1;0;0;4;0;0;0;0;0;0;91.199546813964844;0;-10.84375;-9.523681640625;-10.84375;1.320068359375;1.4566667079925537;1.3799999952316284;4;4;-1;-1;0;0;1;1;0;0;1;0;0;0;0;1;1;0;0
5483;7;1;0;0;4;0;0;0;0;0;0;91.193031311035156;0;-10.857177734375;-9.5361328125;-10.857177734375;1.321044921875;1.4566667079925537;1.3766666650772095;4;4;-1;-1;0;0;1;1;0;0;1;0;0;0;0;1;1;0;0
5493;7;1;0;0;4;0;0;0;0;0;0;91.184898376464844;0;-10.877197265625;-9.554931640625;-10.877197265625;1.322265625;1.4566667079925537;1.3733333349227905;4;4;-1;-1;0;0;1;1;0;0;1;0;0;0;0;1;1;0;0
5503;7;1;0;0;4;0;0;0;0;0;0;91.181640625;0;-10.890380859375;-9.567626953125;-10.890380859375;1.32275390625;1.4566667079925537;1.3766666650772095;4;4;-1;-1;0;0;1;1;0;0;1;0;0;0;0;1;1;0;0
5513;7;1;0;0;4;0;0;0;0;0;0;91.173500061035156;0;-10.91064453125;-9.586669921875;-10.91064453125;1.323974609375;1.4566667079925537;1.3799999952316284;4;4;-1;-1;0;0;1;1;0;0;1;0;0;0;0;1;1;0;0
5525;7;1;0;0;4;0;0;0;0;0;0;91.170249938964844;0;-10.923828125;-9.599365234375;-10.923828125;1.324462890625;1.4599999189376831;1.3799999952316284;4;4;-1;-1;0;0;1;1;0;0;1;0;0;0;0;1;1;0;0
5533;7;1;0;0;4;0;0;0;0;0;0;91.162109375;0;-10.94384765625;-9.6181640625;-10.94384765625;1.32568359375;1.4566667079925537;1.3766666650772095;4;4;-1;-1;0;0;1;1;0;0;1;0;0;0;0;1;1;0;0
5543;7;1;0;0;4;0;0;0;0;0;0;91.1572265625;0;-10.957275390625;-9.630859375;-10.957275390625;1.326416015625;1.4566667079925537;1.3766666650772095;4;4;-1;-1;0;0;1;1;0;0;1;0;0;0;0;1;1;0;0
5554;7;1;0;0;4;0;0;0;0;0;0;91.150718688964844;0;-10.977294921875;-9.64990234375;-10.977294921875;1.327392578125;1.4566667079925537;1.3799999952316284;4;4;-1;-1;0;0;1;1;0;0;1;0;0;0;0;1;1;0;0
5563;7;1;0;0;4;0;0;0;0;0;0;91.145835876464844;0;-10.99072265625;-9.66259765625;-10.99072265625;1.328125;1.4599999189376831;1.3799999952316284;4;4;-1;-1;0;0;1;1;0;0;1;0;0;0;0;1;1;0;0
5573;7;1;0;0;4;0;0;0;0;0;0;91.1376953125;0;-11.0107421875;-9.681396484375;-11.0107421875;1.329345703125;1.4566667079925537;1.3799999952316284;4;4;-1;-1;0;0;1;1;0;0;1;0;0;0;0;1;1;0;0
5583;7;1;0;0;4;0;0;0;0;0;0;91.1328125;0;-11.024169921875;-9.694091796875;-11.024169921875;1.330078125;1.4566667079925537;1.3766666650772095;4;4;-1;-1;0;0;1;1;0;0;1;0;0;0;0;1;1;0;0
5593;7;1;0;0;4;0;0;0;0;0;0;91.126304626464844;0;-11.044189453125;-9.713134765625;-11.044189453125;1.3310546875;1.4599999189376831;1.3799999952316284;4;4;-1;-1;0;0;1;1;0;0;1;0;0;0;0;1;1;0;0
5603;7;1;0;0;4;0;0;0;0;0;0;91.123046875;0;-11.057373046875;-9.725830078125;-11.057373046875;1.33154296875;1.4566667079925537;1.3799999952316284;4;4;-1;-1;0;0;1;1;0;0;1;0;0;0;0;1;1;0;0
5613;7;1;0;0;4;0;0;0;0;0;0;91.11328125;0;-11.07763671875;-9.74462890625;-11.07763671875;1.3330078125;1.4599999189376831;1.3766666650772095;4;4;-1;-1;0;0;1;1;0;0;1;0;0;0;0;1;1;0;0
5625;7;1;0;0;4;0;0;0;0;0;0;91.110023498535156;0;-11.0908203125;-9.75732421875;-11.0908203125;1.33349609375;1.4599999189376831;1.3766666650772095;4;4;-1;-1;0;0;1;1;0;0;1;0;0;0;0;1;1;0;0
5633;7;1;0;0;4;0;0;0;0;0;0;91.103515625;0;-11.11083984375;-9.7763671875;-11.11083984375;1.33447265625;1.4566667079925537;1.3799999952316284;4;4;-1;-1;0;0;1;1;0;0;1;0;0;0;0;1;1;0;0
5643;7;1;0;0;4;0;0;0;0;0;0;91.0986328125;0;-11.124267578125;-9.7890625;-11.124267578125;1.335205078125;1.4599999189376831;1.3799999952316284;4;4;-1;-1;0;0;1;1;0;0;1;0;0;0;0;1;1;0;0
5654;7;1;0;0;4;0;0;0;0;0;0;91.090492248535156;0;-11.144287109375;-9.807861328125;-11.144287109375;1.33642578125;1.4599999189376831;1.3766666650772095;4;4;-1;-1;0;0;1;1;0;0;1;0;0;0;0;1;1;0;0
5663;7;1;0;0;4;0;0;0;0;0;0;91.085609436035156;0;-11.15771484375;-9.820556640625;-11.15771484375;1.337158203125;1.4599999189376831;1.3766666650772095;4;4;-1;-1;0;0;1;1;0;0;1;0;0;0;0;1;1;0;0
5673;7;1;0;0;4;0;0;0;0;0;0;91.0791015625;0;-11.177734375;-9.839599609375;-11.177734375;1.338134765625;1.4599999189376831;1.3799999952316284;4;4;-1;-1;0;0;1;1;0;0;1;0;0;0;0;1;1;0;0
5683;7;1;0;0;4;0;0;0;0;0;0;91.072593688964844;0;-11.191162109375;-9.85205078125;-11.191162109375;1.339111328125;1.4566667079925537;1.3799999952316284;4;4;-1;-1;0;0;1;1;0;0;1;0;0;0;0;1;1;0;0
5693;7;1;0;0;4;0;0;0;0;0;0;91.066078186035156;0;-11.211181640625;-9.87109375;-11.211181640625;1.340087890625;1.4599999189376831;1.3799999952316284;4;4;-1;-1;0;0;1;1;0;0;1;0;0;0;0;1;1;0;0
5703;7;1;0;0;4;0;0;0;0;0;0;91.061195373535156;0;-11.224609375;-9.8837890625;-11.224609375;1.3408203125;1.4566667079925537;1.3766666650772095;4;4;-1;-1;0;0;1;1;0;0;1;0;0;0;0;1;1;0;0
5713;7;1;0;0;4;0;0;0;0;0;0;91.053062438964844;0;-11.24462890625;-9.902587890625;-11.24462890625;1.342041015625;1.4566667079925537;1.3799999952316284;4;4;-1;-1;0;0;1;1;0;0;1;0;0;0;0;1;1;0;0
5725;7;1;0;0;4;0;0;0;0;0;0;91.0498046875;0;-11.2578125;-9.915283203125;-11.2578125;1.342529296875;1.4599999189376831;1.3799999952316284;4;4;-1;-1;0;0;1;1;0;0;1;0;0;0;0;1;1;0;0
5733;7;1;0;0;4;0;0;0;0;0;0;91.043296813964844;0;-11.27783203125;-9.934326171875;-11.27783203125;1.343505859375;1.4566667079925537;1.3799999952316284;4;4;-1;-1;0;0;1;1;0;0;1;0;0;0;0;1;1;0;0
5743;7;1;0;0;4;0;0;0;0;0;0;91.036781311035156;0;-11.291259765625;-9.94677734375;-11.291259765625;1.344482421875;1.4599999189376831;1.3766666650772095;4;4;-1;-1;0;0;1;1;0;0;1;0;0;0;0;1;1;0;0
5754;7;1;0;0;4;0;0;0;0;0;0;91.0302734375;0;-11.311279296875;-9.9658203125;-11.311279296875;1.345458984375;1.4599999189376831;1.3799999952316284;4;4;-1;-1;0;0;1;1;0;0;1;0;0;0;0;1;1;0;0
5763;7;1;0;0;4;0;0;0;0;0;0;91.025390625;0;-11.32470703125;-9.978515625;-11.32470703125;1.34619140625;1.4599999189376831;1.3799999952316284;4;4;-1;-1;0;0;1;1;0;0;1;0;0;0;0;1;1;0;0
5773;7;1;0;0;4;0;0;0;0;0;0;91.018882751464844;0;-11.3447265625;-9.99755859375;-11.3447265625;1.34716796875;1.4566667079925537;1.3799999952316284;4;4;-1;-1;0;0;1;1;0;0;1;0;0;0;0;1;1;0;0
5783;7;1;0;0;4;0;0;0;0;0;0;91.012367248535156;0;-11.358154296875;-10.010009765625;-11.358154296875;1.34814453125;1.4599999189376831;1.3766666650772095;4;4;-1;-1;0;0;1;1;0;0;1;0;0;0;0;1;1;0;0
5793;8;1;0;0;4;0;0;0;0;0;0;91.005859375;0;-11.378173828125;-10.029052734375;-11.378173828125;1.34912109375;1.4599999189376831;1.3766666650772095;0;0;0;0;0;0;1;1;0;0;1;0;0;0;0;1;1;0;0
5803;8;1;0;0;0;0;0;0;0;0;0;91.0009765625;0;-11.3916015625;-10.041748046875;-11.3916015625;1.349853515625;1.4599999189376831;1.3766666650772095;0;0;0;0;0;0;0;0;1;1;1;0;0;0;0;0;0;0;0
5813;8;1;0;0;0;0;0;0;0;0;0;90.994468688964844;0;-11.41162109375;-10.060791015625;-11.41162109375;1.350830078125;1.4599999189376831;1.3799999952316284;0;0;0;0;0;0;0;0;1;1;1;0;0;0;0;0;0;0;0
5824;8;1;0;0;0;0;0;0;0;0;0;90.989585876464844;0;-11.425048828125;-10.073486328125;-11.425048828125;1.3515625;1.4599999189376831;1.3799999952316284;0;0;0;0;0;0;0;0;1;1;1;0;0;0;0;0;0;0;0
5833;8;1;0;0;0;0;0;0;0;0;0;90.9814453125;0;-11.445068359375;-10.09228515625;-11.445068359375;1.352783203125;1.4599999189376831;1.3766666650772095;0;0;0;0;0;0;0;0;1;1;1;0;0;0;0;0;0;0;0
5843;8;1;0;0;0;0;0;0;0;0;0;90.9765625;0;-11.45849609375;-10.10498046875;-11.45849609375;1.353515625;1.4599999189376831;1.3766666650772095;0;0;0;0;0;0;0;0;1;1;1;0;0;0;0;0;0;1;0
5854;8;1;0;0;0;0;0;0;0;0;0;90.968421936035156;0;-11.478759765625;-10.1240234375;-11.478759765625;1.354736328125;1.4666666984558105;1.3799999952316284;0;0;0;0;0;0;0;0;1;1;1;0;0;0;0;0;0;1;1
5886;8;1;0;0;0;0;0;0;0;0;0;90.945640563964844;0;-11.5263671875;-10.168212890625;-11.5263671875;1.358154296875;1.4800000190734863;1.3766666650772095;0;0;0;0;0;0;0;0;1;1;1;0;0;0;0;0;0;1;1
5893;8;1;0;0;0;0;0;0;0;0;0;90.947265625;0;-11.546630859375;-10.188720703125;-11.546630859375;1.35791015625;1.4833333492279053;1.3799999952316284;0;0;0;0;0;0;0;0;1;1;1;0;0;0;0;0;0;1;1
5903;8;1;0;0;0;0;0;0;0;0;0;90.927734375;0;-11.560546875;-10.19970703125;-11.560546875;1.36083984375;1.4900000095367432;1.3799999952316284;0;0;0;0;0;0;0;0;1;1;1;0;0;0;0;0;0;1;1
5913;8;1;0;0;0;0;0;0;0;0;0;90.91796875;0;-11.5810546875;-10.21875;-11.5810546875;1.3623046875;1.4966666698455811;1.3766666650772095;0;0;0;0;0;0;0;0;1;1;1;0;0;0;0;0;0;1;1
5923;8;1;0;0;0;0;0;0;0;0;0;90.908203125;0;-11.594970703125;-10.231201171875;-11.594970703125;1.36376953125;1.5;1.3766666650772095;0;0;0;0;0;0;0;0;1;1;1;0;0;0;0;0;0;1;1
5933;8;1;0;0;0;0;0;0;0;0;0;90.896812438964844;0;-11.61572265625;-10.250244140625;-11.61572265625;1.365478515625;1.5066666603088379;1.3799999952316284;0;0;0;0;0;0;0;0;1;1;1;0;0;0;0;0;0;1;1
5943;8;1;0;0;0;0;0;0;0;0;0;90.888671875;0;-11.629638671875;-10.262939453125;-11.629638671875;1.36669921875;1.5099999904632568;1.3799999952316284;0;0;0;0;0;0;0;0;1;1;1;0;0;0;0;0;0;1;1
5953;8;1;0;0;0;0;0;0;0;0;0;90.875648498535156;0;-11.650390625;-10.28173828125;-11.650390625;1.36865234375;1.5166666507720947;1.3766666650772095;0;0;0;0;0;0;0;0;1;1;1;0;0;0;0;0;0;1;1
5963;8;1;0;0;0;0;0;0;0;0;0;90.865882873535156;0;-11.66455078125;-10.29443359375;-11.66455078125;1.3701171875;1.5200001001358032;1.3766666650772095;0;0;0;0;0;0;0;0;1;1;1;0;0;0;0;0;0;1;1
5973;8;1;0;0;0;0;0;0;0;0;0;90.862632751464844;0;-11.685546875;-10.31494140625;-11.685546875;1.37060546875;1.5233333110809326;1.3766666650772095;0;0;0;0;0;0;0;0;1;1;1;0;0;0;0;0;0;1;1
5983;8;1;0;0;0;0;0;0;0;0;0;90.8447265625;0;-11.699462890625;-10.326171875;-11.699462890625;1.373291015625;1.5266666412353516;1.3799999952316284;0;0;0;0;0;0;0;0;1;1;1;0;0;0;0;0;0;1;1
5993;8;1;0;0;0;0;0;0;0;0;0;90.828453063964844;0;-11.720703125;-10.344970703125;-11.720703125;1.375732421875;1.5333333015441895;1.3766666650772095;0;0;0;0;0;0;0;0;1;1;1;0;0;0;0;0;0;1;1
6004;8;1;0;0;0;0;0;0;0;0;0;90.817054748535156;0;-11.73486328125;-10.357421875;-11.73486328125;1.37744140625;1.5366667509078979;1.3733333349227905;0;0;0;0;0;0;0;0;1;1;1;0;0;0;0;0;0;1;1
6013;8;1;0;0;0;0;0;0;0;0;0;90.802406311035156;0;-11.756103515625;-10.37646484375;-11.756103515625;1.379638671875;1.5433332920074463;1.3766666650772095;0;0;0;0;0;0;0;0;1;1;1;0;0;0;0;0;0;1;1
6023;8;1;0;0;0;0;0;0;0;0;0;90.792640686035156;0;-11.770263671875;-10.38916015625;-11.770263671875;1.381103515625;1.5433332920074463;1.3766666650772095;0;0;0;0;0;0;0;0;1;1;1;0;0;0;0;0;0;1;1
6033;8;1;0;0;0;0;0;0;0;0;0;90.7763671875;0;-11.791748046875;-10.408203125;-11.791748046875;1.383544921875;1.5499999523162842;1.3799999952316284;0;0;0;0;0;0;0;0;1;1;1;0;0;0;0;0;0;1;1
6044;8;1;0;0;0;0;0;0;0;0;0;90.763343811035156;0;-11.80615234375;-10.420654296875;-11.80615234375;1.385498046875;1.5533334016799927;1.3766666650772095;0;0;0;0;0;0;0;0;1;1;1;0;0;0;0;0;0;1;1
6056;8;1;0;0;0;0;0;0;0;0;0;90.7470703125;0;-11.82763671875;-10.439697265625;-11.82763671875;1.387939453125;1.559999942779541;1.3766666650772095;0;0;0;0;0;0;0;0;1;1;1;0;0;0;0;0;0;1;1
6069;8;1;0;0;0;0;0;0;0;0;0;90.7470703125;0;-11.841796875;-10.453857421875;-11.841796875;1.387939453125;1.559999942779541;1.3766666650772095;0;0;0;0;0;0;0;0;1;1;1;0;0;0;0;0;0;1;1
6074;8;1;0;0;0;0;0;0;0;0;0;90.7177734375;0;-11.863525390625;-10.47119140625;-11.863525390625;1.392333984375;1.5666667222976685;1.3733333349227905;0;0;0;0;0;0;0;0;1;1;1;0;0;0;0;0;0;1;1
6083;8;1;0;0;0;0;0;0;0;0;0;90.716148376464844;0;-11.8779296875;-10.4853515625;-11.8779296875;1.392578125;1.5700000524520874;1.3766666650772095;0;0;0;0;0;0;0;0;1;1;1;0;0;0;0;0;0;1;1
6093;8;1;0;0;0;0;0;0;0;0;0;90.686851501464844;0;-11.899658203125;-10.502685546875;-11.899658203125;1.39697265625;1.5733333826065063;1.3799999952316284;0;0;0;0;0;0;0;0;1;1;1;0;0;0;0;0;0;1;1
6103;8;1;0;0;0;0;0;0;0;0;0;90.675453186035156;0;-11.9140625;-10.515380859375;-11.9140625;1.398681640625;1.5733333826065063;1.3766666650772095;0;0;0;0;0;0;0;0;1;1;1;0;0;0;0;0;0;1;1
6113;8;1;0;0;0;0;0;0;0;0;0;90.655921936035156;0;-11.935791015625;-10.5341796875;-11.935791015625;1.401611328125;1.5766665935516357;1.3733333349227905;0;0;0;0;0;0;0;0;1;1;1;0;0;0;0;0;0;1;1
6123;8;1;0;0;0;0;0;0;0;0;0;90.64453125;0;-11.9501953125;-10.546875;-11.9501953125;1.4033203125;1.5766665935516357;1.3766666650772095;0;0;0;0;0;0;0;0;1;1;1;0;0;0;0;0;0;1;1
6133;8;1;0;0;0;0;0;0;0;0;0;90.625;0;-11.971923828125;-10.565673828125;-11.971923828125;1.40625;1.5766665935516357;1.3766666650772095;0;0;0;0;0;0;0;0;1;1;1;0;0;0;0;0;0;1;1
6143;8;1;0;0;0;0;0;0;0;0;0;90.615234375;0;-11.986083984375;-10.578369140625;-11.986083984375;1.40771484375;1.5700000524520874;1.3799999952316284;0;0;0;0;0;0;0;0;1;1;1;0;0;0;0;0;0;1;1
6154;8;1;0;0;0;0;0;0;0;0;0;90.598960876464844;0;-12.007568359375;-10.597412109375;-12.007568359375;1.41015625;1.5633333921432495;1.3733333349227905;0;0;0;0;0;0;0;0;1;1;1;0;0;0;0;0;0;1;1
6163;8;1;0;0;0;0;0;0;0;0;0;90.587562561035156;0;-12.021728515625;-10.60986328125;-12.021728515625;1.411865234375;1.5566667318344116;1.3700001239776611;0;0;0;0;0;0;0;0;1;1;1;0;0;0;0;0;0;1;1
6173;8;1;0;0;0;0;0;0;0;0;0;90.572914123535156;0;-12.042724609375;-10.628662109375;-12.042724609375;1.4140625;1.5433332920074463;1.3700001239776611;0;0;0;0;0;0;0;0;1;1;1;0;0;0;0;0;0;1;1
6183;8;1;0;0;0;0;0;0;0;0;0;90.564781188964844;0;-12.056640625;-10.641357421875;-12.056640625;1.415283203125;1.5366667509078979;1.3766666650772095;0;0;0;0;0;0;0;0;1;1;1;0;0;0;0;0;0;1;1
6193;8;1;0;0;0;0;0;0;0;0;0;90.553382873535156;0;-12.0771484375;-10.66015625;-12.0771484375;1.4169921875;1.5200001001358032;1.3700001239776611;0;0;0;0;0;0;0;0;1;1;1;0;0;0;0;0;0;1;1
6203;8;1;0;0;0;0;0;0;0;0;0;90.543617248535156;0;-12.0908203125;-10.67236328125;-12.0908203125;1.41845703125;1.5099999904632568;1.3633333444595337;0;0;0;0;0;0;0;0;1;1;1;0;0;0;0;0;0;1;1
6213;8;1;0;0;0;0;0;0;0;0;0;90.533851623535156;0;-12.111083984375;-10.691162109375;-12.111083984375;1.419921875;1.4933333396911621;1.3633333444595337;0;0;0;0;0;0;0;0;1;1;1;0;0;0;0;0;0;1;1
6223;8;1;0;0;0;0;0;0;0;0;0;90.528968811035156;0;-12.12451171875;-10.703857421875;-12.12451171875;1.420654296875;1.4833333492279053;1.3666666746139526;0;0;0;0;0;0;0;0;1;1;1;0;0;0;0;0;0;1;1
6233;8;1;0;0;0;0;0;0;0;0;0;90.519203186035156;0;-12.14453125;-10.722412109375;-12.14453125;1.422119140625;1.4700000286102295;1.3566666841506958;0;0;0;0;0;0;0;0;1;1;1;0;0;0;0;0;0;1;1
6243;8;1;0;0;0;0;0;0;0;0;0;90.5224609375;0;-12.15771484375;-10.736083984375;-12.15771484375;1.421630859375;1.4566667079925537;1.3533333539962769;0;0;0;0;0;0;0;0;1;1;1;0;0;0;0;0;0;1;1
6254;8;1;0;0;0;0;0;0;0;0;0;90.506187438964844;0;-12.17724609375;-10.753173828125;-12.17724609375;1.424072265625;1.4433332681655884;1.3500000238418579;0;0;0;0;0;0;0;0;1;1;1;0;0;0;0;0;0;1;1
6264;8;1;0;0;0;0;0;0;0;0;0;90.501304626464844;0;-12.190185546875;-10.765380859375;-12.190185546875;1.4248046875;1.4333332777023315;1.3400000333786011;0;0;0;0;0;0;0;0;1;1;1;0;0;0;0;0;0;1;1
6273;8;1;0;0;0;0;0;0;0;0;0;90.4931640625;0;-12.20947265625;-10.783447265625;-12.20947265625;1.426025390625;1.4200000762939453;1.3333333730697632;0;0;0;0;0;0;0;0;1;1;1;0;0;0;0;0;0;1;1
6283;8;1;0;0;0;0;0;0;0;0;0;90.498046875;0;-12.222412109375;-10.797119140625;-12.222412109375;1.42529296875;1.4099999666213989;1.3266665935516357;0;0;0;0;0;0;0;0;1;1;1;0;0;0;0;0;0;1;1
6293;8;1;0;0;0;0;0;0;0;0;0;90.48828125;0;-12.241455078125;-10.814697265625;-12.241455078125;1.4267578125;1.3966667652130127;1.3066667318344116;0;0;0;0;0;0;0;0;1;1;1;0;0;0;0;0;0;1;1
6303;8;1;0;0;0;0;0;0;0;0;0;90.4833984375;0;-12.25390625;-10.826416015625;-12.25390625;1.427490234375;1.3899999856948853;1.2966667413711548;0;0;0;0;0;0;0;0;1;1;1;0;0;0;0;0;0;1;1
6313;8;1;0;0;0;0;0;0;0;0;0;90.46875;0;-12.2724609375;-10.8427734375;-12.2724609375;1.4296875;1.3733333349227905;1.2933332920074463;0;0;0;0;0;0;0;0;1;1;1;0;0;0;0;0;0;1;1
6323;8;1;0;0;0;0;0;0;0;0;0;90.4638671875;0;-12.284912109375;-10.8544921875;-12.284912109375;1.430419921875;1.3633333444595337;1.2900000810623169;0;0;0;0;0;0;0;0;1;1;1;0;0;0;0;0;0;1;1
6333;8;1;0;0;0;0;0;0;0;0;0;90.455726623535156;0;-12.30322265625;-10.87158203125;-12.30322265625;1.431640625;1.3533333539962769;1.2733333110809326;0;0;0;0;0;0;0;0;0;0;1;0;0;0;0;0;0;1;1
6343;8;1;0;0;0;0;0;0;0;0;0;90.450843811035156;0;-12.3154296875;-10.883056640625;-12.3154296875;1.432373046875;1.34333336353302;1.2566666603088379;0;0;0;0;0;0;0;0;0;0;1;0;0;0;0;0;0;1;1
6354;8;1;0;0;0;0;0;0;0;0;0;90.442710876464844;0;-12.33349609375;-10.89990234375;-12.33349609375;1.43359375;1.3300000429153442;1.25;0;0;0;0;0;0;0;0;0;0;1;0;0;0;0;0;0;1;1
6363;8;1;0;0;0;0;0;0;0;0;0;90.439453125;0;-12.345458984375;-10.911376953125;-12.345458984375;1.43408203125;1.3200000524520874;1.25;0;0;0;0;0;0;0;0;0;0;1;0;0;0;0;0;0;1;1
6373;8;1;0;0;0;0;0;0;0;0;0;90.442710876464844;0;-12.36328125;-10.9296875;-12.36328125;1.43359375;1.3066667318344116;1.2333333492279053;0;0;0;0;0;0;0;0;0;0;1;0;0;0;0;0;0;1;1
6384;8;1;0;0;0;0;0;0;0;0;0;90.437828063964844;0;-12.375;-10.940673828125;-12.375;1.434326171875;1.2999999523162842;1.2200000286102295;0;0;0;0;0;0;0;0;0;0;1;0;0;0;0;0;0;1;1
6393;8;1;0;0;0;0;0;0;0;0;0;90.4296875;0;-12.392578125;-10.95703125;-12.392578125;1.435546875;1.2866667509078979;1.2099999189376831;0;0;0;0;0;0;0;0;0;0;1;0;0;0;0;0;0;1;1
6403;8;1;0;0;0;0;0;0;0;0;0;90.416664123535156;0;-12.404052734375;-10.966552734375;-12.404052734375;1.4375;1.2766666412353516;1.2033333778381348;0;0;0;0;0;0;0;0;0;0;1;0;0;0;0;0;0;1;1
6413;8;1;0;0;0;0;0;0;0;0;0;90.41015625;0;-12.421142578125;-10.982666015625;-12.421142578125;1.4384765625;1.2633334398269653;1.18666672706604;0;0;0;0;0;0;0;0;0;0;1;0;0;0;0;0;0;1;1
6423;8;1;0;0;0;0;0;0;0;0;0;90.403648376464844;0;-12.4326171875;-10.9931640625;-12.4326171875;1.439453125;1.2533334493637085;1.1766666173934937;0;0;0;0;0;0;0;0;0;0;1;0;0;0;0;0;0;1;1
6433;8;1;0;0;0;0;0;0;0;0;0;90.397132873535156;0;-12.449462890625;-11.009033203125;-12.449462890625;1.4404296875;1.2400000095367432;1.1633334159851074;0;0;0;0;0;0;0;0;0;0;1;0;0;0;0;0;0;1;1
6443;8;1;0;0;0;0;0;0;0;0;0;90.393882751464844;0;-12.46044921875;-11.01953125;-12.46044921875;1.44091796875;1.2300000190734863;1.1599999666213989;0;0;0;0;0;0;0;0;0;0;1;0;0;0;0;0;0;1;1
6453;8;1;0;0;0;0;0;0;0;0;0;90.387367248535156;0;-12.476806640625;-11.034912109375;-12.476806640625;1.44189453125;1.2133333683013916;1.1399999856948853;0;0;0;0;0;0;0;0;0;0;1;0;0;0;0;0;0;1;1
6463;8;1;0;0;0;0;0;0;0;0;0;90.382484436035156;0;-12.48779296875;-11.045166015625;-12.48779296875;1.442626953125;1.2033333778381348;1.1299999952316284;0;0;0;0;0;0;0;0;0;0;1;0;0;0;0;0;0;1;1
6473;8;1;0;0;0;0;0;0;0;0;0;90.377601623535156;0;-12.50390625;-11.060546875;-12.50390625;1.443359375;1.18666672706604;1.1266666650772095;0;0;0;0;0;0;0;0;0;0;1;0;0;0;0;0;0;1;1
6484;8;1;0;0;0;0;0;0;0;0;0;90.374351501464844;0;-12.514404296875;-11.070556640625;-12.514404296875;1.44384765625;1.1800000667572021;1.1133333444595337;0;0;0;0;0;0;0;0;0;0;1;0;0;0;0;0;0;1;1
6494;8;1;0;0;0;0;0;0;0;0;0;90.3662109375;0;-12.5302734375;-11.085205078125;-12.5302734375;1.445068359375;1.1633334159851074;1.0900000333786011;0;0;0;0;0;0;0;0;0;0;1;0;0;0;0;0;0;1;1
6503;8;1;0;0;0;0;0;0;0;0;0;90.362953186035156;0;-12.54052734375;-11.094970703125;-12.54052734375;1.445556640625;1.1533334255218506;1.0833333730697632;0;0;0;0;0;0;0;0;0;0;1;0;0;0;0;0;0;1;1
6515;8;1;0;0;0;0;0;0;0;0;0;90.359703063964844;0;-12.555908203125;-11.10986328125;-12.555908203125;1.446044921875;1.1366667747497559;1.0800000429153442;0;0;0;0;0;0;0;0;0;0;1;0;0;0;0;0;0;1;1
6524;8;1;0;0;0;0;0;0;0;0;0;90.3564453125;0;-12.566162109375;-11.11962890625;-12.566162109375;1.446533203125;1.1233333349227905;1.0700000524520874;0;0;0;0;0;0;0;0;0;0;1;0;0;0;0;0;0;1;1
6533;8;1;0;1;0;0;0;0;0;0;0;90.349937438964844;0;-12.5810546875;-11.133544921875;-12.5810546875;1.447509765625;1.1100000143051147;1.0499999523162842;0;0;0;0;0;0;0;0;0;0;1;0;0;0;0;0;0;1;1
6546;8;1;0;1;0;0;0;0;0;0;0;90.3466796875;0;-12.591064453125;-11.14306640625;-12.591064453125;1.447998046875;1.1000000238418579;1.0433334112167358;0;0;0;0;0;0;0;0;0;0;1;0;0;0;0;0;0;1;1
6554;8;1;0;1;0;0;0;0;0;0;0;90.343421936035156;0;-12.605712890625;-11.1572265625;-12.605712890625;1.448486328125;1.0833333730697632;1.0366666316986084;0;0;0;0;0;0;0;0;0;0;1;0;0;0;0;0;0;1;1
6563;8;1;0;1;0;0;0;0;0;0;0;90.340171813964844;0;-12.615234375;-11.166259765625;-12.615234375;1.448974609375;1.0733333826065063;1.0233333110809326;0;0;0;0;0;0;0;0;0;0;1;0;0;0;0;0;0;1;1
6573;8;1;0;1;0;0;0;0;0;0;0;90.343421936035156;0;-12.629638671875;-11.18115234375;-12.629638671875;1.448486328125;1.0566667318344116;1.0066666603088379;0;0;0;0;0;0;0;0;0;0;1;0;0;0;0;0;0;1;1
6583;8;1;0;1;0;0;0;0;0;0;0;90.341796875;0;-12.638916015625;-11.190185546875;-12.638916015625;1.44873046875;1.0466666221618652;1;0;0;0;0;0;0;0;0;0;0;1;0;0;0;0;0;0;1;1
6593;8;1;0;1;0;0;0;0;0;0;0;90.3369140625;0;-12.65283203125;-11.203369140625;-12.65283203125;1.449462890625;1.0299999713897705;0.98333334922790527;0;0;0;0;0;0;0;0;0;0;1;0;0;0;0;0;0;1;1
6603;8;1;0;1;0;0;0;0;0;0;0;90.335289001464844;0;-12.661865234375;-11.212158203125;-12.661865234375;1.44970703125;1.0166666507720947;0.97333335876464844;0;0;0;0;0;0;0;0;0;0;1;0;0;0;0;0;0;1;1
6613;8;1;0;1;0;0;0;0;0;0;0;90.325523376464844;0;-12.675537109375;-11.224365234375;-12.675537109375;1.451171875;1.0033333301544189;0.96666663885116577;0;0;0;0;0;0;0;0;0;0;1;0;0;0;0;0;0;1;1
6623;8;1;0;1;0;0;0;0;0;0;0;90.330406188964844;0;-12.684326171875;-11.23388671875;-12.684326171875;1.450439453125;0.99000000953674316;0.95333331823349;0;0;0;0;0;0;0;0;0;0;1;0;0;0;0;0;0;1;1
6633;8;1;0;1;0;0;0;0;0;0;0;90.320640563964844;0;-12.697509765625;-11.24560546875;-12.697509765625;1.451904296875;0.97666668891906738;0.93999999761581421;0;0;0;0;0;0;0;0;0;0;1;0;0;0;0;0;0;1;1
6644;8;1;0;1;0;0;0;0;0;0;0;90.3173828125;0;-12.706298828125;-11.25390625;-12.706298828125;1.452392578125;0.96666663885116577;0.93333333730697632;0;0;0;0;0;0;0;0;0;0;1;0;0;0;0;0;0;1;1
6654;8;1;0;1;0;0;0;0;0;0;0;90.323890686035156;0;-12.718994140625;-11.267578125;-12.718994140625;1.451416015625;0.949999988079071;0.92000001668930054;0;0;0;0;0;0;0;0;0;0;1;0;0;0;0;0;0;1;1
6663;8;1;0;1;0;0;0;0;0;0;0;90.314125061035156;0;-12.7275390625;-11.274658203125;-12.7275390625;1.452880859375;0.93999999761581421;0.9100000262260437;0;0;0;0;0;0;0;0;0;0;1;0;0;0;0;0;0;1;1
6673;8;1;0;1;0;0;0;0;0;0;0;90.3125;0;-12.739990234375;-11.286865234375;-12.739990234375;1.453125;0.92333334684371948;0.89666664600372314;0;0;0;0;0;0;0;0;0;0;1;0;0;0;0;0;0;1;1
6683;8;1;0;1;0;0;0;0;0;0;0;90.3173828125;0;-12.748291015625;-11.2958984375;-12.748291015625;1.452392578125;0.91333329677581787;0.89000004529953;0;0;0;0;0;0;0;0;0;0;1;0;0;0;0;0;0;1;1
6693;8;1;0;1;0;0;0;0;0;0;0;90.309242248535156;0;-12.76025390625;-11.306640625;-12.76025390625;1.45361328125;0.89666664600372314;0.87666672468185425;0;0;0;0;0;0;0;0;0;0;1;0;0;0;0;0;0;1;1
6704;8;1;0;1;0;0;0;0;0;0;0;90.3076171875;0;-12.768310546875;-11.314453125;-12.768310546875;1.453857421875;0.88666665554046631;0.86666667461395264;0;0;0;0;0;0;0;0;0;0;1;0;0;0;0;0;0;1;1
6716;8;1;0;1;0;0;0;0;0;0;0;90.305992126464844;0;-12.780029296875;-11.325927734375;-12.780029296875;1.4541015625;0.87000000476837158;0.85333335399627686;0;0;0;0;0;0;0;0;0;0;1;0;0;0;0;0;0;1;1
6723;8;1;0;1;0;0;0;0;0;0;0;90.305992126464844;0;-12.78759765625;-11.33349609375;-12.78759765625;1.4541015625;0.86000001430511475;0.84333336353302;0;0;0;0;0;0;0;0;0;0;1;0;0;0;0;0;0;1;1
6733;8;1;0;1;0;0;0;0;0;0;0;90.304359436035156;0;-12.799072265625;-11.3447265625;-12.799072265625;1.454345703125;0.84333336353302;0.83333331346511841;0;0;0;0;0;0;0;0;0;0;1;0;0;0;0;0;0;1;1
6743;8;1;0;1;0;0;0;0;0;0;0;90.304359436035156;0;-12.806396484375;-11.35205078125;-12.806396484375;1.454345703125;0.82999998331069946;0.82333338260650635;0;0;0;0;0;0;0;0;0;0;1;0;0;0;0;0;0;1;1
6754;8;1;0;1;0;0;0;0;0;0;0;90.310874938964844;0;-12.8173828125;-11.364013671875;-12.8173828125;1.453369140625;0.81666666269302368;0.80666667222976685;0;0;0;0;0;0;0;0;0;0;1;0;0;0;0;0;0;1;1
6763;8;1;0;1;0;0;0;0;0;0;0;90.304359436035156;0;-12.824462890625;-11.3701171875;-12.824462890625;1.454345703125;0.8033333420753479;0.800000011920929;0;0;0;0;0;0;0;0;0;0;1;0;0;0;0;0;0;1;1
6773;8;1;0;1;0;0;0;0;0;0;0;90.305992126464844;0;-12.8349609375;-11.380859375;-12.8349609375;1.4541015625;0.78666669130325317;0.78666669130325317;0;0;0;0;0;0;0;0;0;0;1;0;0;0;0;0;0;1;1
6783;8;1;0;1;0;0;0;0;0;0;0;90.304359436035156;0;-12.842041015625;-11.3876953125;-12.842041015625;1.454345703125;0.77333337068557739;0.77666670083999634;0;0;0;0;0;0;0;0;0;0;1;0;0;0;0;0;0;1;1
6793;8;1;0;1;0;0;0;0;0;0;0;90.3076171875;0;-12.85205078125;-11.398193359375;-12.85205078125;1.453857421875;0.75666671991348267;0.76333332061767578;0;0;0;0;0;0;0;0;0;0;1;0;0;0;0;0;0;1;1
6803;8;1;0;1;0;0;0;0;0;0;0;90.3076171875;0;-12.858642578125;-11.40478515625;-12.858642578125;1.453857421875;0.74333339929580688;0.75666671991348267;0;0;0;0;0;0;0;0;0;0;1;0;0;0;0;0;0;1;1
6814;8;1;0;1;0;0;0;0;0;0;0;90.310874938964844;0;-12.8681640625;-11.414794921875;-12.8681640625;1.453369140625;0.72333335876464844;0.74000000953674316;0;0;0;0;0;0;0;0;0;0;1;0;0;0;0;0;0;1;1
6823;8;1;0;1;0;0;0;0;0;0;0;90.3173828125;0;-12.87451171875;-11.422119140625;-12.87451171875;1.452392578125;0.71333330869674683;0.73333334922790527;0;0;0;0;0;0;0;0;0;0;1;0;0;0;0;0;0;1;1
6833;8;1;0;1;0;0;0;0;0;0;0;90.315757751464844;0;-12.8837890625;-11.43115234375;-12.8837890625;1.45263671875;0.69333338737487793;0.71666663885116577;0;0;0;0;0;0;0;0;0;0;1;0;0;0;0;0;0;1;1
6845;8;1;0;1;0;0;0;0;0;0;0;90.3173828125;0;-12.889892578125;-11.4375;-12.889892578125;1.452392578125;0.68000000715255737;0.70666670799255371;0;0;0;0;0;0;0;0;0;0;1;0;0;0;0;0;0;1;1
6854;8;1;0;1;0;0;0;0;0;0;0;90.325523376464844;0;-12.898681640625;-11.447509765625;-12.898681640625;1.451171875;0.6600000262260437;0.69333338737487793;0;0;0;0;0;0;0;0;0;0;1;0;0;0;0;0;0;1;1
6863;8;1;0;1;0;0;0;0;0;0;0;90.325523376464844;0;-12.904052734375;-11.452880859375;-12.904052734375;1.451171875;0.643333375453949;0.68666666746139526;0;0;0;0;0;0;0;0;0;0;1;0;0;0;0;0;0;1;1
6873;8;1;0;1;0;0;0;0;0;0;0;90.333656311035156;0;-12.91259765625;-11.462646484375;-12.91259765625;1.449951171875;0.62666672468185425;0.66666668653488159;0;0;0;0;0;0;0;0;0;0;1;0;0;0;0;0;0;1;1
6883;8;1;0;1;0;0;0;0;0;0;0;90.33203125;0;-12.91796875;-11.4677734375;-12.91796875;1.4501953125;0.61333334445953369;0.66333329677581787;0;0;0;0;0;0;0;0;0;0;1;0;0;0;0;0;0;1;1
6893;8;1;0;1;0;0;0;0;0;0;0;90.338539123535156;0;-12.92578125;-11.4765625;-12.92578125;1.44921875;0.59000003337860107;0.64999997615814209;0;0;0;0;0;0;0;0;0;0;1;0;0;0;0;0;0;1;1
6903;8;1;0;1;0;0;0;0;0;0;0;90.341796875;0;-12.930908203125;-11.482177734375;-12.930908203125;1.44873046875;0.57999998331069946;0.64000004529953;0;0;0;0;0;0;0;0;0;0;1;0;0;0;0;0;0;1;1
6914;8;1;0;1;0;0;0;0;0;0;0;90.348304748535156;0;-12.938232421875;-11.490478515625;-12.938232421875;1.44775390625;0.56000006198883057;0.62333333492279053;0;0;0;0;0;0;0;0;0;0;1;0;0;0;0;0;0;1;1
6923;8;1;0;1;0;0;0;0;0;0;0;90.354820251464844;0;-12.94287109375;-11.49609375;-12.94287109375;1.44677734375;0.54666668176651;0.61666667461395264;0;0;0;0;0;0;0;0;0;0;1;0;0;0;0;0;0;1;1
6933;8;1;0;1;0;0;0;0;0;0;0;90.361328125;0;-12.949951171875;-11.504150390625;-12.949951171875;1.44580078125;0.52666670083999634;0.60000002384185791;0;0;0;0;0;0;0;0;0;0;1;0;0;0;0;0;0;1;1
6944;8;1;0;1;0;0;0;0;0;0;0;90.3662109375;0;-12.954345703125;-11.50927734375;-12.954345703125;1.445068359375;0.51333338022232056;0.59000003337860107;0;0;0;0;0;0;0;0;0;0;1;0;0;0;0;0;0;1;1
6954;8;1;0;1;0;0;0;0;0;0;0;90.3759765625;0;-12.960693359375;-11.51708984375;-12.960693359375;1.443603515625;0.48999997973442078;0.57666671276092529;0;0;0;0;0;0;0;0;0;0;1;0;0;0;0;0;0;1;1
6963;8;1;0;1;0;0;0;0;0;0;0;90.380859375;0;-12.965087890625;-11.522216796875;-12.965087890625;1.44287109375;0.476666659116745;0.56666666269302368;0;0;0;0;0;0;0;0;0;0;1;0;0;0;0;0;0;1;1
6973;8;1;0;1;0;0;0;0;0;0;0;90.390625;0;-12.970947265625;-11.529541015625;-12.970947265625;1.44140625;0.45666664838790894;0.5533333420753479;0;0;0;0;0;0;0;0;0;0;1;0;0;0;0;0;0;1;1
6983;8;1;0;1;0;0;0;0;0;0;0;90.397132873535156;0;-12.974853515625;-11.534423828125;-12.974853515625;1.4404296875;0.44333332777023315;0.54333335161209106;0;0;0;0;0;0;0;0;0;0;1;0;0;0;0;0;0;1;1
6993;8;1;0;1;0;0;0;0;0;0;0;90.411781311035156;0;-12.980224609375;-11.5419921875;-12.980224609375;1.438232421875;0.42333331704139709;0.53000003099441528;0;0;0;0;0;0;0;0;0;0;1;0;0;0;0;0;0;1;1
7003;8;1;0;1;0;0;0;0;0;0;0;90.4150390625;0;-12.98388671875;-11.546142578125;-12.98388671875;1.437744140625;0.40999999642372131;0.52000004053115845;0;0;0;0;0;0;0;0;0;0;1;0;0;0;0;0;0;1;1
7013;8;1;0;1;0;0;0;0;0;0;0;90.431312561035156;0;-12.98876953125;-11.553466796875;-12.98876953125;1.435302734375;0.3866666853427887;0.503333330154419;0;0;0;0;0;0;0;0;0;0;1;0;0;0;0;0;0;1;1
7023;8;1;0;1;0;0;0;0;0;0;0;90.437828063964844;0;-12.991943359375;-11.5576171875;-12.991943359375;1.434326171875;0.37333333492279053;0.49333333969116211;0;0;0;0;0;0;0;0;0;0;1;0;0;0;0;0;0;1;1
7033;8;1;0;1;0;0;0;0;0;0;0;90.445960998535156;0;-12.99658203125;-11.5634765625;-12.99658203125;1.43310546875;0.35333335399627686;0.48000001907348633;0;0;0;0;0;0;0;0;0;0;1;0;0;0;0;0;0;1;1
7043;8;1;0;1;0;0;0;0;0;0;0;90.458984375;0;-12.999267578125;-11.568115234375;-12.999267578125;1.43115234375;0.33666667342185974;0.4699999988079071;0;0;0;0;0;0;0;0;0;0;1;0;0;0;0;0;0;1;1
7054;8;1;0;1;0;0;0;0;0;0;0;90.46875;0;-13.00341796875;-11.57373046875;-13.00341796875;1.4296875;0.31666666269302368;0.45666664838790894;0;0;0;0;0;0;0;0;0;0;1;0;0;0;0;0;0;1;1
7063;8;1;0;1;0;0;0;0;0;0;0;90.478515625;0;-13.005859375;-11.57763671875;-13.005859375;1.42822265625;0.3033333420753479;0.44666668772697449;0;0;0;0;0;0;0;0;0;0;1;0;0;0;0;0;0;1;1
7073;8;1;0;1;0;0;0;0;0;0;0;90.496421813964844;0;-13.009521484375;-11.583984375;-13.009521484375;1.425537109375;0.28000003099441528;0.43333333730697632;0;0;0;0;0;0;0;0;0;0;1;0;0;0;0;0;0;1;1
7083;8;1;0;1;0;0;0;0;0;0;0;90.506187438964844;0;-13.01171875;-11.587646484375;-13.01171875;1.424072265625;0.26666668057441711;0.42333331704139709;0;0;0;0;0;0;0;0;0;0;1;0;0;0;0;0;0;1;1
7093;8;1;0;1;0;0;0;0;0;0;0;90.5224609375;0;-13.0146484375;-11.593017578125;-13.0146484375;1.421630859375;0.24333333969116211;0.40666666626930237;0;0;0;0;0;0;0;0;0;0;1;0;0;0;0;0;0;1;1
7103;8;1;0;1;0;0;0;0;0;0;0;90.530601501464844;0;-13.0166015625;-11.59619140625;-13.0166015625;1.42041015625;0.23000000417232513;0.40000000596046448;0;0;0;0;0;0;0;0;0;0;1;0;0;0;0;0;0;1;1
7113;8;1;0;1;0;0;0;0;0;0;0;90.546875;0;-13.01904296875;-11.60107421875;-13.01904296875;1.41796875;0.20666667819023132;0.38333332538604736;0;0;0;0;0;0;0;0;0;0;1;0;0;0;0;0;0;1;1
7124;8;1;0;1;0;0;0;0;0;0;0;90.5615234375;0;-13.0205078125;-11.604736328125;-13.0205078125;1.415771484375;0.1900000125169754;0.37333333492279053;0;0;0;0;0;0;0;0;0;0;1;0;0;0;0;0;0;1;1
7133;8;1;0;1;0;0;0;0;0;0;0;90.577796936035156;0;-13.0224609375;-11.609130859375;-13.0224609375;1.413330078125;0.1666666716337204;0.36333334445953369;0;0;0;0;0;0;0;0;0;0;1;0;0;0;0;0;0;1;1
7143;8;1;0;1;0;0;0;0;0;0;0;90.592445373535156;0;-13.023681640625;-11.612548828125;-13.023681640625;1.4111328125;0.15333333611488342;0.34999999403953552;0;0;0;0;0;0;0;0;0;0;1;0;0;0;0;0;0;1;1
7154;8;1;0;1;0;0;0;0;0;0;0;90.6103515625;0;-13.025146484375;-11.61669921875;-13.025146484375;1.408447265625;0.13000001013278961;0.33666667342185974;0;0;0;0;0;0;0;0;0;0;1;0;0;0;0;0;0;1;1
7163;8;1;0;1;0;0;0;0;0;0;0;90.623374938964844;0;-13.02587890625;-11.619384765625;-13.02587890625;1.406494140625;0.11333333700895309;0.32666668295860291;0;0;0;0;0;0;0;0;0;0;1;0;0;0;0;0;0;1;1
7173;8;1;0;1;0;0;0;0;0;0;0;90.64453125;0;-13.02685546875;-11.62353515625;-13.02685546875;1.4033203125;0.090000003576278687;0.31000000238418579;0;0;0;0;0;0;0;0;0;0;1;0;0;0;0;0;0;1;1
7183;8;1;0;1;0;0;0;0;0;0;0;90.6591796875;0;-13.02734375;-11.626220703125;-13.02734375;1.401123046875;0.076666668057441711;0.30000001192092896;0;0;0;0;0;0;0;0;0;0;1;0;0;0;0;0;0;1;1
7193;8;1;0;1;0;0;0;0;0;0;0;90.681968688964844;0;-13.027587890625;-11.6298828125;-13.027587890625;1.397705078125;0.0533333346247673;0.28666669130325317;0;0;0;0;0;0;0;0;0;0;1;0;0;0;0;0;0;1;1
7203;8;1;0;1;0;0;0;0;0;0;0;90.696617126464844;0;-13.02783203125;-11.63232421875;-13.02783203125;1.3955078125;0.036666668951511383;0.27666667103767395;0;0;0;0;0;0;0;0;0;0;1;0;0;0;0;0;0;1;1
7213;8;1;0;1;0;0;0;0;0;0;0;90.7177734375;0;-13.02783203125;-11.635498046875;-13.02783203125;1.392333984375;0.01666666753590107;0.26000002026557922;0;0;0;0;0;0;0;0;0;0;1;0;0;0;0;0;0;1;1
7223;8;1;0;1;0;0;0;0;0;0;0;90.732421875;0;-13.02783203125;-11.6376953125;-13.02783203125;1.39013671875;0.013333333656191826;0.25333333015441895;0;0;0;0;0;0;0;0;0;0;1;0;0;0;0;0;0;1;1
7233;8;1;0;1;0;0;0;0;0;0;0;90.753578186035156;0;-13.02783203125;-11.640869140625;-13.02783203125;1.386962890625;0.0033333334140479565;0.23666666448116302;0;0;0;0;0;0;0;0;0;0;1;0;0;0;0;0;0;1;1
7246;8;1;0;1;0;0;0;0;0;0;0;90.768226623535156;0;-13.027587890625;-11.642822265625;-13.027587890625;1.384765625;0.0033333334140479565;0.22666667401790619;0;0;0;0;0;0;0;0;0;0;1;0;0;0;0;0;0;1;1
7253;8;1;0;1;0;0;0;0;0;0;0;90.787757873535156;0;-13.027587890625;-11.645751953125;-13.027587890625;1.3818359375;0;0.21333333849906921;0;0;0;0;0;0;0;0;0;0;1;0;0;0;0;0;0;1;1
7263;8;1;0;1;0;0;0;0;0;0;0;90.797523498535156;0;-13.027587890625;-11.647216796875;-13.027587890625;1.38037109375;0;0.20666667819023132;0;0;0;0;0;0;0;0;0;0;1;0;0;0;0;0;0;1;1
7273;8;1;0;1;0;0;0;0;0;0;0;90.8154296875;0;-13.027587890625;-11.64990234375;-13.027587890625;1.377685546875;0;0.19333334267139435;0;0;0;0;0;0;0;0;0;0;1;0;0;0;0;0;0;1;1
7283;8;1;0;1;0;0;0;0;0;0;0;90.826820373535156;0;-13.027587890625;-11.651611328125;-13.027587890625;1.3759765625;0;0.18333333730697632;0;0;0;0;0;0;0;0;0;0;1;0;0;0;0;0;0;1;1
7293;8;1;0;1;0;0;0;0;0;0;0;90.83984375;0;-13.027587890625;-11.653564453125;-13.027587890625;1.3740234375;0;0.1666666716337204;0;0;0;0;0;0;0;0;0;0;1;0;0;0;0;0;0;1;1
7303;8;1;0;1;0;0;0;0;0;0;0;90.847984313964844;0;-13.027587890625;-11.65478515625;-13.027587890625;1.372802734375;0;0.16000001132488251;0;0;0;0;0;0;0;0;0;0;1;0;0;0;0;0;0;1;1
7313;8;1;0;1;0;0;0;0;0;0;0;90.859375;0;-13.027587890625;-11.656494140625;-13.027587890625;1.37109375;0;0.14666667580604553;0;0;0;0;0;0;0;0;0;0;1;0;0;0;0;0;0;1;1
7323;8;1;0;1;0;0;0;0;0;0;0;90.867515563964844;0;-13.027587890625;-11.65771484375;-13.027587890625;1.369873046875;0;0.13333334028720856;0;0;0;0;0;0;0;0;0;0;1;0;0;0;0;0;0;1;1
7333;8;1;0;1;0;0;0;0;0;0;0;90.877281188964844;0;-13.027587890625;-11.6591796875;-13.027587890625;1.368408203125;0;0.12333333492279053;0;0;0;0;0;0;0;0;0;0;1;0;0;0;0;0;0;1;1
7343;8;1;0;1;0;0;0;0;0;0;0;90.882164001464844;0;-13.027587890625;-11.659912109375;-13.027587890625;1.36767578125;0;0.11333333700895309;0;0;0;0;0;0;0;0;0;0;1;0;0;0;0;0;0;1;1
7356;8;1;0;1;0;0;0;0;0;0;0;90.890296936035156;0;-13.027587890625;-11.6611328125;-13.027587890625;1.366455078125;0;0.10000000149011612;0;0;0;0;0;0;0;0;0;0;1;0;0;0;0;0;0;1;1
7363;8;1;0;1;0;0;0;0;0;0;0;90.895179748535156;0;-13.027587890625;-11.661865234375;-13.027587890625;1.36572265625;0;0.090000003576278687;0;0;0;0;0;0;0;0;0;0;1;0;0;0;0;0;0;1;1
7373;8;1;0;1;0;0;0;0;0;0;0;90.900062561035156;0;-13.027587890625;-11.66259765625;-13.027587890625;1.364990234375;0;0.076666668057441711;0;0;0;0;0;0;0;0;0;0;1;0;0;0;0;0;0;1;1
7384;8;1;0;1;0;0;0;0;0;0;0;90.9033203125;0;-13.027587890625;-11.6630859375;-13.027587890625;1.364501953125;0;0.066666670143604279;0;0;0;0;0;0;0;0;0;0;1;0;0;0;0;0;0;1;1
7393;8;1;0;1;0;0;0;0;0;0;0;90.906578063964844;0;-13.027587890625;-11.66357421875;-13.027587890625;1.364013671875;0;0.0533333346247673;0;0;0;0;0;0;0;0;0;0;1;0;0;0;0;0;0;1;1
7403;8;1;0;1;0;0;0;0;0;0;0;90.908203125;0;-13.027587890625;-11.663818359375;-13.027587890625;1.36376953125;0;0.043333336710929871;0;0;0;0;0;0;0;0;0;0;1;0;0;0;0;0;0;1;1
7413;8;1;0;1;0;0;0;0;0;0;0;90.909828186035156;0;-13.027587890625;-11.6640625;-13.027587890625;1.363525390625;0;0.030000001192092896;0;0;0;0;0;0;0;0;0;0;1;0;0;0;0;0;0;1;1
7423;8;1;0;1;0;0;0;0;0;0;0;90.909828186035156;0;-13.027587890625;-11.6640625;-13.027587890625;1.363525390625;0;0.020000001415610313;0;0;0;0;0;0;0;0;0;0;1;0;0;0;0;0;0;1;1
7433;8;1;0;1;0;0;0;0;0;0;0;90.909828186035156;0;-13.027587890625;-11.6640625;-13.027587890625;1.363525390625;0;0.0066666668280959129;0;0;0;0;0;0;0;0;0;0;1;0;0;0;0;0;0;1;1
7443;8;1;0;1;0;0;0;0;0;0;0;90.909828186035156;0;-13.027587890625;-11.6640625;-13.027587890625;1.363525390625;0;0.0033333334140479565;0;0;0;0;0;0;0;0;0;0;1;0;0;0;0;0;0;1;1
7453;8;1;0;1;0;0;0;0;0;0;0;90.909828186035156;0;-13.027587890625;-11.6640625;-13.027587890625;1.363525390625;0;0;0;0;0;0;0;0;0;0;0;0;1;0;0;0;0;0;0;1;1
7464;8;1;0;1;0;0;0;0;0;0;0;90.909828186035156;0;-13.027587890625;-11.6640625;-13.027587890625;1.363525390625;0;0;0;0;0;0;0;0;0;0;0;0;1;0;0;0;0;0;0;1;1
7473;8;1;0;1;0;0;0;0;0;0;0;90.909828186035156;0;-13.027587890625;-11.6640625;-13.027587890625;1.363525390625;0;0;0;0;0;0;0;0;0;0;0;0;1;0;0;0;0;0;0;1;1
7484;8;1;0;1;0;0;0;0;0;0;0;90.909828186035156;0;-13.027587890625;-11.6640625;-13.027587890625;1.363525390625;0;0;0;0;0;0;0;0;0;0;0;0;1;0;0;0;0;0;0;1;1
7493;8;1;0;1;0;0;0;0;0;0;0;90.909828186035156;0;-13.027587890625;-11.6640625;-13.027587890625;1.363525390625;0;0;0;0;0;0;0;0;0;0;0;0;1;0;0;0;0;0;0;1;1
7503;8;1;0;1;0;0;0;0;0;0;0;90.909828186035156;0;-13.027587890625;-11.6640625;-13.027587890625;1.363525390625;0;0;0;0;0;0;0;0;0;0;0;0;1;0;0;0;0;0;0;1;1
7513;8;1;0;1;0;0;0;0;0;0;0;90.909828186035156;0;-13.027587890625;-11.6640625;-13.027587890625;1.363525390625;0;0;0;0;0;0;0;0;0;0;0;0;1;0;0;0;0;0;0;1;1
7523;8;1;0;1;0;0;0;0;0;0;0;90.909828186035156;0;-13.027587890625;-11.6640625;-13.027587890625;1.363525390625;0;0;0;0;0;0;0;0;0;0;0;0;1;0;0;0;0;0;0;1;1
7533;8;1;0;1;0;0;0;0;0;0;0;90.909828186035156;0;-13.027587890625;-11.6640625;-13.027587890625;1.363525390625;0;0;0;0;0;0;0;0;0;0;0;0;1;0;0;0;0;0;0;1;1
7543;8;1;0;1;0;0;0;0;0;0;0;90.909828186035156;0;-13.027587890625;-11.6640625;-13.027587890625;1.363525390625;0;0;0;0;0;0;0;0;0;0;0;0;1;0;0;0;0;0;0;1;1
7553;8;1;0;1;0;0;0;0;0;0;0;90.909828186035156;0;-13.027587890625;-11.6640625;-13.027587890625;1.363525390625;0;0;0;0;0;0;0;0;0;0;0;0;1;0;0;0;0;0;0;1;1
7563;8;1;0;1;0;0;0;0;0;0;0;90.909828186035156;0;-13.027587890625;-11.6640625;-13.027587890625;1.363525390625;0;0;0;0;0;0;0;0;0;0;0;0;1;0;0;0;0;0;0;1;1
7573;8;1;0;1;0;0;0;0;0;0;0;90.909828186035156;0;-13.027587890625;-11.6640625;-13.027587890625;1.363525390625;0;0;0;0;0;0;0;0;0;0;0;0;1;0;0;0;0;0;0;1;1
7583;8;1;0;1;0;0;0;0;0;0;0;90.909828186035156;0;-13.027587890625;-11.6640625;-13.027587890625;1.363525390625;0;0;0;0;0;0;0;0;0;0;0;0;1;0;0;0;0;0;0;1;1
7593;8;1;0;1;0;0;0;0;0;0;0;90.909828186035156;0;-13.027587890625;-11.6640625;-13.027587890625;1.363525390625;0;0;0;0;0;0;0;0;0;0;0;0;1;0;0;0;0;0;0;1;1
7603;8;1;0;1;0;0;0;0;0;0;0;90.909828186035156;0;-13.027587890625;-11.6640625;-13.027587890625;1.363525390625;0;0;0;0;0;0;0;0;0;0;0;0;1;0;0;0;0;0;0;1;1
7613;8;1;0;1;0;0;0;0;0;0;0;90.909828186035156;0;-13.027587890625;-11.6640625;-13.027587890625;1.363525390625;0;0;0;0;0;0;0;0;0;0;0;0;1;0;0;0;0;0;0;1;1
7623;8;1;0;1;0;0;0;0;0;0;0;90.909828186035156;0;-13.027587890625;-11.6640625;-13.027587890625;1.363525390625;0;0;0;0;0;0;0;0;0;0;0;0;1;0;0;0;0;0;0;1;1
7633;8;1;0;1;0;0;0;0;0;0;0;90.909828186035156;0;-13.027587890625;-11.6640625;-13.027587890625;1.363525390625;0;0;0;0;0;0;0;0;0;0;0;0;1;0;0;0;0;0;0;1;1
7644;8;1;0;1;0;0;0;0;0;0;0;90.909828186035156;0;-13.027587890625;-11.6640625;-13.027587890625;1.363525390625;0;0;0;0;0;0;0;0;0;0;0;0;1;0;0;0;0;0;0;1;1
7653;8;1;0;1;0;0;0;0;0;0;0;90.909828186035156;0;-13.027587890625;-11.6640625;-13.027587890625;1.363525390625;0;0;0;0;0;0;0;0;0;0;0;0;1;0;0;0;0;0;0;1;1
7663;8;1;0;1;0;0;0;0;0;0;0;90.909828186035156;0;-13.027587890625;-11.6640625;-13.027587890625;1.363525390625;0;0;0;0;0;0;0;0;0;0;0;0;1;0;0;0;0;0;0;1;1
7673;8;1;0;1;0;0;0;0;0;0;0;90.909828186035156;0;-13.027587890625;-11.6640625;-13.027587890625;1.363525390625;0;0;0;0;0;0;0;0;0;0;0;0;1;0;0;0;0;0;0;1;1
7683;8;1;0;1;0;0;0;0;0;0;0;90.909828186035156;0;-13.027587890625;-11.6640625;-13.027587890625;1.363525390625;0;0;0;0;0;0;0;0;0;0;0;0;1;0;0;0;0;0;0;1;1
7693;8;1;0;1;0;0;0;0;0;0;0;90.909828186035156;0;-13.027587890625;-11.6640625;-13.027587890625;1.363525390625;0;0;0;0;0;0;0;0;0;0;0;0;1;0;0;0;0;0;0;1;1
7703;8;1;0;1;0;0;0;0;0;0;0;90.909828186035156;0;-13.027587890625;-11.6640625;-13.027587890625;1.363525390625;0;0;0;0;0;0;0;0;0;0;0;0;1;0;0;0;0;0;0;1;1
7714;8;1;0;1;0;0;0;0;0;0;0;90.909828186035156;0;-13.027587890625;-11.6640625;-13.027587890625;1.363525390625;0;0;0;0;0;0;0;0;0;0;0;0;1;0;0;0;0;0;0;1;1
7723;8;1;0;1;0;0;0;0;0;0;0;90.909828186035156;0;-13.027587890625;-11.6640625;-13.027587890625;1.363525390625;0;0;0;0;0;0;0;0;0;0;0;0;1;0;0;0;0;0;0;1;1
7733;8;1;0;1;0;0;0;0;0;0;0;90.909828186035156;0;-13.027587890625;-11.6640625;-13.027587890625;1.363525390625;0;0;0;0;0;0;0;0;0;0;0;0;1;0;0;0;0;0;0;1;1
7744;8;1;0;1;0;0;0;0;0;0;0;90.909828186035156;0;-13.027587890625;-11.6640625;-13.027587890625;1.363525390625;0;0;0;0;0;0;0;0;0;0;0;0;1;0;0;0;0;0;0;1;1
7753;8;1;0;1;0;0;0;0;0;0;0;90.909828186035156;0;-13.027587890625;-11.6640625;-13.027587890625;1.363525390625;0;0;0;0;0;0;0;0;0;0;0;0;1;0;0;0;0;0;0;1;1
7763;8;1;0;1;0;0;0;0;0;0;0;90.909828186035156;0;-13.027587890625;-11.6640625;-13.027587890625;1.363525390625;0;0;0;0;0;0;0;0;0;0;0;0;1;0;0;0;0;0;0;1;1
7773;8;1;0;1;0;0;0;0;0;0;0;90.909828186035156;0;-13.027587890625;-11.6640625;-13.027587890625;1.363525390625;0;0;0;0;0;0;0;0;0;0;0;0;1;0;0;0;0;0;0;1;1
7783;8;1;0;1;0;0;0;0;0;0;0;90.909828186035156;0;-13.027587890625;-11.6640625;-13.027587890625;1.363525390625;0;0;0;0;0;0;0;0;0;0;0;0;1;0;0;0;0;0;0;1;1
7793;8;1;0;1;0;0;0;0;0;0;0;90.909828186035156;0;-13.027587890625;-11.6640625;-13.027587890625;1.363525390625;0;0;0;0;0;0;0;0;0;0;0;0;1;0;0;0;0;0;0;1;1
7803;8;1;0;1;0;0;0;0;0;0;0;90.909828186035156;0;-13.027587890625;-11.6640625;-13.027587890625;1.363525390625;0;0;0;0;0;0;0;0;0;0;0;0;1;0;0;0;0;0;0;1;1
7815;8;1;0;1;0;0;0;0;0;0;0;90.909828186035156;0;-13.027587890625;-11.6640625;-13.027587890625;1.363525390625;0;0;0;0;0;0;0;0;0;0;0;0;1;0;0;0;0;0;0;1;1
7823;8;1;0;1;0;0;0;0;0;0;0;90.909828186035156;0;-13.027587890625;-11.6640625;-13.027587890625;1.363525390625;0;0;0;0;0;0;0;0;0;0;0;0;1;0;0;0;0;0;0;1;1
7833;8;1;0;1;0;0;0;0;0;0;0;90.909828186035156;0;-13.027587890625;-11.6640625;-13.027587890625;1.363525390625;0;0;0;0;0;0;0;0;0;0;0;0;1;0;0;0;0;0;0;1;1
7843;8;1;0;1;0;0;0;0;0;0;0;90.909828186035156;0;-13.027587890625;-11.6640625;-13.027587890625;1.363525390625;0;0;0;0;0;0;0;0;0;0;0;0;1;0;0;0;0;0;0;1;1
7854;8;1;0;1;0;0;0;0;0;0;0;90.909828186035156;0;-13.027587890625;-11.6640625;-13.027587890625;1.363525390625;0;0;0;0;0;0;0;0;0;0;0;0;1;0;0;0;0;0;0;1;1
7863;8;1;0;1;0;0;0;0;0;0;0;90.909828186035156;0;-13.027587890625;-11.6640625;-13.027587890625;1.363525390625;0;0;0;0;0;0;0;0;0;0;0;0;1;0;0;0;0;0;0;1;1
7874;8;1;0;1;0;0;0;0;0;0;0;90.909828186035156;0;-13.027587890625;-11.6640625;-13.027587890625;1.363525390625;0;0;0;0;0;0;0;0;0;0;0;0;1;0;0;0;0;0;0;1;1
7883;8;1;0;1;0;0;0;0;0;0;0;90.909828186035156;0;-13.027587890625;-11.6640625;-13.027587890625;1.363525390625;0;0;0;0;0;0;0;0;0;0;0;0;1;0;0;0;0;0;0;1;1
7893;8;1;0;1;0;0;0;0;0;0;0;90.909828186035156;0;-13.027587890625;-11.6640625;-13.027587890625;1.363525390625;0;0;0;0;0;0;0;0;0;0;0;0;1;0;0;0;0;0;0;1;1
7903;8;1;0;1;0;0;0;0;0;0;0;90.909828186035156;0;-13.027587890625;-11.6640625;-13.027587890625;1.363525390625;0;0;0;0;0;0;0;0;0;0;0;0;1;0;0;0;0;0;0;1;1
7913;8;1;0;1;0;0;0;0;0;0;0;90.909828186035156;0;-13.027587890625;-11.6640625;-13.027587890625;1.363525390625;0;0;0;0;0;0;0;0;0;0;0;0;1;0;0;0;0;0;0;1;1
7923;8;1;0;1;0;0;0;0;0;0;0;90.909828186035156;0;-13.027587890625;-11.6640625;-13.027587890625;1.363525390625;0;0;0;0;0;0;0;0;0;0;0;0;1;0;0;0;0;0;0;1;1
7933;8;1;0;1;0;0;0;0;0;0;0;90.909828186035156;0;-13.027587890625;-11.6640625;-13.027587890625;1.363525390625;0;0;0;0;0;0;0;0;0;0;0;0;1;0;0;0;0;0;0;1;1
7945;10;1;0;1;0;0;0;0;0;0;0;90.909828186035156;0;-13.027587890625;-11.6640625;-13.027587890625;1.363525390625;0;0;0;0;0;0;0;0;0;0;0;0;1;0;0;0;0;0;0;1;1
7953;10;1;0;1;0;0;0;0;0;0;0;90.909828186035156;0;-13.027587890625;-11.6640625;-13.027587890625;1.363525390625;0;0;0;0;0;0;0;0;0;0;0;0;1;0;0;0;0;0;0;1;1
7963;10;1;0;1;0;0;0;0;0;0;0;90.909828186035156;0;-13.027587890625;-11.6640625;-13.027587890625;1.363525390625;0;0;0;0;0;0;0;0;0;0;0;0;1;0;0;0;0;0;0;1;1
7974;10;1;0;1;0;0;0;0;0;0;0;90.909828186035156;0;-13.027587890625;-11.6640625;-13.027587890625;1.363525390625;0;0;0;0;0;0;0;0;0;0;0;0;1;0;0;0;0;0;0;1;1
7983;10;1;0;1;0;0;0;0;0;0;0;90.909828186035156;0;-13.027587890625;-11.6640625;-13.027587890625;1.363525390625;0;0;0;0;0;0;0;0;0;0;0;0;1;0;0;0;0;0;0;1;1
7994;10;1;0;1;0;0;0;0;0;0;0;90.909828186035156;0;-13.027587890625;-11.6640625;-13.027587890625;1.363525390625;0;0;0;0;0;0;0;0;0;0;0;0;1;0;0;0;0;0;0;1;1
8003;10;1;0;1;0;0;0;0;0;0;0;90.909828186035156;0;-13.027587890625;-11.6640625;-13.027587890625;1.363525390625;0;0;0;0;0;0;0;0;0;0;0;0;1;0;0;0;0;0;0;1;1
8013;10;1;0;1;0;0;0;0;0;0;0;90.909828186035156;0;-13.027587890625;-11.6640625;-13.027587890625;1.363525390625;0;0;0;0;0;0;0;0;0;0;0;0;1;0;0;0;0;0;0;1;1
8023;10;1;0;1;0;0;0;0;0;0;0;90.909828186035156;0;-13.027587890625;-11.6640625;-13.027587890625;1.363525390625;0;0;0;0;0;0;0;0;0;0;0;0;1;0;0;0;0;0;0;1;1
8033;10;1;0;1;0;0;0;0;0;0;0;90.909828186035156;0;-13.027587890625;-11.6640625;-13.027587890625;1.363525390625;0;0;0;0;0;0;0;0;0;0;0;0;1;0;0;0;0;0;0;1;1
8045;10;1;0;1;0;0;0;0;0;0;0;90.909828186035156;0;-13.027587890625;-11.6640625;-13.027587890625;1.363525390625;0;0;0;0;0;0;0;0;0;0;0;0;1;0;0;0;0;0;0;1;1
8053;10;1;0;1;0;0;0;0;0;0;0;90.909828186035156;0;-13.027587890625;-11.6640625;-13.027587890625;1.363525390625;0;0;0;0;0;0;0;0;0;0;0;0;1;0;0;0;0;0;0;1;1
8063;10;1;0;1;0;0;0;0;0;0;0;90.909828186035156;0;-13.027587890625;-11.6640625;-13.027587890625;1.363525390625;0;0;0;0;0;0;0;0;0;0;0;0;1;0;0;0;0;0;0;1;1
8074;10;1;0;1;0;0;0;0;0;0;0;90.909828186035156;0;-13.027587890625;-11.6640625;-13.027587890625;1.363525390625;0;0;0;0;0;0;0;0;0;0;0;0;1;0;0;0;0;0;0;1;1
8083;10;1;0;1;0;0;0;0;0;0;0;90.909828186035156;0;-13.027587890625;-11.6640625;-13.027587890625;1.363525390625;0;0;0;0;0;0;0;0;0;0;0;0;1;0;0;0;0;0;0;1;1
8094;10;1;0;1;0;0;0;0;0;0;0;90.909828186035156;0;-13.027587890625;-11.6640625;-13.027587890625;1.363525390625;0;0;0;0;0;0;0;0;0;0;0;0;1;0;0;0;0;0;0;1;1
8103;10;1;0;1;0;0;0;0;0;0;0;90.909828186035156;0;-13.027587890625;-11.6640625;-13.027587890625;1.363525390625;0;0;0;0;0;0;0;0;0;0;0;0;1;0;0;0;0;0;0;1;1
8114;10;1;0;1;0;0;0;0;0;0;0;90.909828186035156;0;-13.027587890625;-11.6640625;-13.027587890625;1.363525390625;0;0;0;0;0;0;0;0;0;0;0;0;1;0;0;0;0;0;0;1;1
8123;10;1;0;1;0;0;0;0;0;0;0;90.909828186035156;0;-13.027587890625;-11.6640625;-13.027587890625;1.363525390625;0;0;0;0;0;0;0;0;0;0;0;0;1;0;0;0;0;0;0;1;1
8133;10;1;0;1;0;0;0;0;0;0;0;90.909828186035156;0;-13.027587890625;-11.6640625;-13.027587890625;1.363525390625;0;0;0;0;0;0;0;0;0;0;0;0;1;0;0;0;0;0;0;1;1
8144;10;1;0;1;0;0;0;0;0;0;0;90.909828186035156;0;-13.027587890625;-11.6640625;-13.027587890625;1.363525390625;0;0;0;0;0;0;0;0;0;0;0;0;1;0;0;0;0;0;0;1;1
8153;10;1;0;1;0;0;0;0;0;0;0;90.909828186035156;0;-13.027587890625;-11.6640625;-13.027587890625;1.363525390625;0;0;0;0;0;0;0;0;0;0;0;0;1;0;0;0;0;0;0;1;1
8169;10;1;0;1;0;0;0;0;0;0;0;90.909828186035156;0;-13.027587890625;-11.6640625;-13.027587890625;1.363525390625;0;0;0;0;0;0;0;0;0;0;0;0;1;0;0;0;0;0;0;1;1
8173;10;1;0;1;0;0;0;0;0;0;0;90.909828186035156;0;-13.027587890625;-11.6640625;-13.027587890625;1.363525390625;0;0;0;0;0;0;0;0;0;0;0;0;1;0;0;0;0;0;0;1;1
8183;10;1;0;1;0;0;0;0;0;0;0;90.909828186035156;0;-13.027587890625;-11.6640625;-13.027587890625;1.363525390625;0;0;0;0;0;0;0;0;0;0;0;0;1;0;0;0;0;0;0;1;1
8194;10;1;0;1;0;0;0;0;0;0;0;90.909828186035156;0;-13.027587890625;-11.6640625;-13.027587890625;1.363525390625;0;0;0;0;0;0;0;0;0;0;0;0;1;0;0;0;0;0;0;1;1
8206;10;1;0;1;0;0;0;0;0;0;0;90.909828186035156;0;-13.027587890625;-11.6640625;-13.027587890625;1.363525390625;0;0;0;0;0;0;0;0;0;0;0;0;1;0;0;0;0;0;0;1;1
8213;10;1;0;1;0;0;0;0;0;0;0;90.909828186035156;0;-13.027587890625;-11.6640625;-13.027587890625;1.363525390625;0;0;0;0;0;0;0;0;0;0;0;0;1;0;0;0;0;0;0;1;1
8223;10;1;0;1;0;0;0;0;0;0;0;90.909828186035156;0;-13.027587890625;-11.6640625;-13.027587890625;1.363525390625;0;0;0;0;0;0;0;0;0;0;0;0;1;0;0;0;0;0;0;1;1
8233;10;1;0;1;0;0;0;0;0;0;0;90.909828186035156;0;-13.027587890625;-11.6640625;-13.027587890625;1.363525390625;0;0;0;0;0;0;0;0;0;0;0;0;1;0;0;0;0;0;0;1;1
8243;10;1;0;1;0;0;0;0;0;0;0;90.909828186035156;0;-13.027587890625;-11.6640625;-13.027587890625;1.363525390625;0;0;0;0;0;0;0;0;0;0;0;0;1;0;0;0;0;0;0;1;1
8253;10;1;0;1;0;0;0;0;0;0;0;90.909828186035156;0;-13.027587890625;-11.6640625;-13.027587890625;1.363525390625;0;0;0;0;0;0;0;0;0;0;0;0;1;0;0;0;0;0;0;1;1
8263;10;1;0;1;0;0;0;0;0;0;0;90.909828186035156;0;-13.027587890625;-11.6640625;-13.027587890625;1.363525390625;0;0;0;0;0;0;0;0;0;0;0;0;1;0;0;0;0;0;0;1;1
8273;10;1;0;1;0;0;0;0;0;0;0;90.909828186035156;0;-13.027587890625;-11.6640625;-13.027587890625;1.363525390625;0;0;0;0;0;0;0;0;0;0;0;0;1;0;0;0;0;0;0;1;1
8283;10;1;0;1;0;0;0;0;0;0;0;90.909828186035156;0;-13.027587890625;-11.6640625;-13.027587890625;1.363525390625;0;0;0;0;0;0;0;0;0;0;0;0;1;0;0;0;0;0;0;1;1
8293;10;1;0;1;0;0;0;0;0;0;0;90.909828186035156;0;-13.027587890625;-11.6640625;-13.027587890625;1.363525390625;0;0;0;0;0;0;0;0;0;0;0;0;1;0;0;0;0;0;0;1;1
8304;10;1;0;1;0;0;0;0;0;0;0;90.909828186035156;0;-13.027587890625;-11.6640625;-13.027587890625;1.363525390625;0;0;0;0;0;0;0;0;0;0;0;0;1;0;0;0;0;0;0;1;1
8313;10;1;0;1;0;0;0;0;0;0;0;90.909828186035156;0;-13.027587890625;-11.6640625;-13.027587890625;1.363525390625;0;0;0;0;0;0;0;0;0;0;0;0;1;0;0;0;0;0;0;1;1
8323;10;1;0;1;0;0;0;0;0;0;0;90.909828186035156;0;-13.027587890625;-11.6640625;-13.027587890625;1.363525390625;0;0;0;0;0;0;0;0;0;0;0;0;1;0;0;0;0;0;0;1;1
8333;10;1;0;1;0;0;0;0;0;0;0;90.909828186035156;0;-13.027587890625;-11.6640625;-13.027587890625;1.363525390625;0;0;0;0;0;0;0;0;0;0;0;0;1;0;0;0;0;0;0;1;1
8343;10;1;0;1;0;0;0;0;0;0;0;90.909828186035156;0;-13.027587890625;-11.6640625;-13.027587890625;1.363525390625;0;0;0;0;0;0;0;0;0;0;0;0;1;0;0;0;0;0;0;1;1
8353;10;1;0;1;0;0;0;0;0;0;0;90.909828186035156;0;-13.027587890625;-11.6640625;-13.027587890625;1.363525390625;0;0;0;0;0;0;0;0;0;0;0;0;1;0;0;0;0;0;0;1;1
8366;10;1;0;1;0;0;0;0;0;0;0;90.909828186035156;0;-13.027587890625;-11.6640625;-13.027587890625;1.363525390625;0;0;0;0;0;0;0;0;0;0;0;0;1;0;0;0;0;0;0;1;1
8375;10;1;0;1;0;0;0;0;0;0;0;90.909828186035156;0;-13.027587890625;-11.6640625;-13.027587890625;1.363525390625;0;0;0;0;0;0;0;0;0;0;0;0;1;0;0;0;0;0;0;1;1
8383;10;1;0;1;0;0;0;0;0;0;0;90.909828186035156;0;-13.027587890625;-11.6640625;-13.027587890625;1.363525390625;0;0;0;0;0;0;0;0;0;0;0;0;1;0;0;0;0;0;0;1;1
8393;10;1;0;1;0;0;0;0;0;0;0;90.909828186035156;0;-13.027587890625;-11.6640625;-13.027587890625;1.363525390625;0;0;0;0;0;0;0;0;0;0;0;0;1;0;0;0;0;0;0;1;1
8404;10;1;0;1;0;0;0;0;0;0;0;90.909828186035156;0;-13.027587890625;-11.6640625;-13.027587890625;1.363525390625;0;0;0;0;0;0;0;0;0;0;0;0;1;0;0;0;0;0;0;1;1
8413;10;1;0;1;0;0;0;0;0;0;0;90.909828186035156;0;-13.027587890625;-11.6640625;-13.027587890625;1.363525390625;0;0;0;0;0;0;0;0;0;0;0;0;1;0;0;0;0;0;0;1;1
8423;10;1;0;1;0;0;0;0;0;0;0;90.909828186035156;0;-13.027587890625;-11.6640625;-13.027587890625;1.363525390625;0;0;0;0;0;0;0;0;0;0;0;0;1;0;0;0;0;0;0;1;1
8433;10;1;0;1;0;0;0;0;0;0;0;90.909828186035156;0;-13.027587890625;-11.6640625;-13.027587890625;1.363525390625;0;0;0;0;0;0;0;0;0;0;0;0;1;0;0;0;0;0;0;1;1
8443;10;1;0;1;0;0;0;0;0;0;0;90.909828186035156;0;-13.027587890625;-11.6640625;-13.027587890625;1.363525390625;0;0;0;0;0;0;0;0;0;0;0;0;1;0;0;0;0;0;0;1;1
8453;10;1;0;1;0;0;0;0;0;0;0;90.909828186035156;0;-13.027587890625;-11.6640625;-13.027587890625;1.363525390625;0;0;0;0;0;0;0;0;0;0;0;0;1;0;0;0;0;0;0;1;1
8463;10;1;0;1;0;0;0;0;0;0;0;90.909828186035156;0;-13.027587890625;-11.6640625;-13.027587890625;1.363525390625;0;0;0;0;0;0;0;0;0;0;0;0;1;0;0;0;0;0;0;1;1
8475;10;1;0;1;0;0;0;0;0;0;0;90.909828186035156;0;-13.027587890625;-11.6640625;-13.027587890625;1.363525390625;0;0;0;0;0;0;0;0;0;0;0;0;1;0;0;0;0;0;0;1;1
8483;10;1;0;1;0;0;0;0;0;0;0;90.909828186035156;0;-13.027587890625;-11.6640625;-13.027587890625;1.363525390625;0;0;0;0;0;0;0;0;0;0;0;0;1;0;0;0;0;0;0;1;1
8494;10;1;0;1;0;0;0;0;0;0;0;90.909828186035156;0;-13.027587890625;-11.6640625;-13.027587890625;1.363525390625;0;0;0;0;0;0;0;0;0;0;0;0;1;0;0;0;0;0;0;1;1
8503;10;1;0;1;0;0;0;0;0;0;0;90.909828186035156;0;-13.027587890625;-11.6640625;-13.027587890625;1.363525390625;0;0;0;0;0;0;0;0;0;0;0;0;1;0;0;0;0;0;0;1;1
8513;10;1;0;1;0;0;0;0;0;0;0;90.909828186035156;0;-13.027587890625;-11.6640625;-13.027587890625;1.363525390625;0;0;0;0;0;0;0;0;0;0;0;0;1;0;0;0;0;0;0;1;1
8523;10;1;0;1;0;0;0;0;0;0;0;90.909828186035156;0;-13.027587890625;-11.6640625;-13.027587890625;1.363525390625;0;0;0;0;0;0;0;0;0;0;0;0;1;0;0;0;0;0;0;1;1
8533;10;1;0;1;0;0;0;0;0;0;0;90.909828186035156;0;-13.027587890625;-11.6640625;-13.027587890625;1.363525390625;0;0;0;0;0;0;0;0;0;0;0;0;1;0;0;0;0;0;0;1;1
8543;10;1;0;1;0;0;0;0;0;0;0;90.909828186035156;0;-13.027587890625;-11.6640625;-13.027587890625;1.363525390625;0;0;0;0;0;0;0;0;0;0;0;0;1;0;0;0;0;0;0;1;1
8553;10;1;0;1;0;0;0;0;0;0;0;90.909828186035156;0;-13.027587890625;-11.6640625;-13.027587890625;1.363525390625;0;0;0;0;0;0;0;0;0;0;0;0;1;0;0;0;0;0;0;1;1
8563;10;1;0;1;0;0;0;0;0;0;0;90.909828186035156;0;-13.027587890625;-11.6640625;-13.027587890625;1.363525390625;0;0;0;0;0;0;0;0;0;0;0;0;1;0;0;0;0;0;0;1;1
8573;10;1;0;1;0;0;0;0;0;0;0;90.909828186035156;0;-13.027587890625;-11.6640625;-13.027587890625;1.363525390625;0;0;0;0;0;0;0;0;0;0;0;0;1;0;0;0;0;0;0;1;1
8583;10;1;0;1;0;0;0;0;0;0;0;90.909828186035156;0;-13.027587890625;-11.6640625;-13.027587890625;1.363525390625;0;0;0;0;0;0;0;0;0;0;0;0;1;0;0;0;0;0;0;1;1
8594;10;1;0;1;0;0;0;0;0;0;0;90.909828186035156;0;-13.027587890625;-11.6640625;-13.027587890625;1.363525390625;0;0;0;0;0;0;0;0;0;0;0;0;1;0;0;0;0;0;0;1;1
8603;10;1;0;1;0;0;0;0;0;0;0;90.909828186035156;0;-13.027587890625;-11.6640625;-13.027587890625;1.363525390625;0;0;0;0;0;0;0;0;0;0;0;0;1;0;0;0;0;0;0;1;1
8613;10;1;0;1;0;0;0;0;0;0;0;90.909828186035156;0;-13.027587890625;-11.6640625;-13.027587890625;1.363525390625;0;0;0;0;0;0;0;0;0;0;0;0;1;0;0;0;0;0;0;1;1
8623;10;1;0;1;0;0;0;0;0;0;0;90.909828186035156;0;-13.027587890625;-11.6640625;-13.027587890625;1.363525390625;0;0;0;0;0;0;0;0;0;0;0;0;1;0;0;0;0;0;0;1;1
8634;10;1;0;1;0;0;0;0;0;0;0;90.909828186035156;0;-13.027587890625;-11.6640625;-13.027587890625;1.363525390625;0;0;0;0;0;0;0;0;0;0;0;0;1;0;0;0;0;0;0;1;1
8643;10;1;0;1;0;0;0;0;0;0;0;90.909828186035156;0;-13.027587890625;-11.6640625;-13.027587890625;1.363525390625;0;0;0;0;0;0;0;0;0;0;0;0;1;0;0;0;0;0;0;1;1
8653;10;1;0;1;0;0;0;0;0;0;0;90.909828186035156;0;-13.027587890625;-11.6640625;-13.027587890625;1.363525390625;0;0;0;0;0;0;0;0;0;0;0;0;1;0;0;0;0;0;0;1;1
8663;10;1;0;1;0;0;0;0;0;0;0;90.909828186035156;0;-13.027587890625;-11.6640625;-13.027587890625;1.363525390625;0;0;0;0;0;0;0;0;0;0;0;0;1;0;0;0;0;0;0;1;1
8673;10;1;0;1;0;0;0;0;0;0;0;90.909828186035156;0;-13.027587890625;-11.6640625;-13.027587890625;1.363525390625;0;0;0;0;0;0;0;0;0;0;0;0;1;0;0;0;0;0;0;1;1
8683;10;1;0;1;0;0;0;0;0;0;0;90.909828186035156;0;-13.027587890625;-11.6640625;-13.027587890625;1.363525390625;0;0;0;0;0;0;0;0;0;0;0;0;1;0;0;0;0;0;0;1;1
8693;10;1;0;1;0;0;0;0;0;0;0;90.909828186035156;0;-13.027587890625;-11.6640625;-13.027587890625;1.363525390625;0;0;0;0;0;0;0;0;0;0;0;0;1;0;0;0;0;0;0;1;1
8704;10;1;0;1;0;0;0;0;0;0;0;90.909828186035156;0;-13.027587890625;-11.6640625;-13.027587890625;1.363525390625;0;0;0;0;0;0;0;0;0;0;0;0;1;0;0;0;0;0;0;1;1
8713;10;1;0;1;0;0;0;0;0;0;0;90.909828186035156;0;-13.027587890625;-11.6640625;-13.027587890625;1.363525390625;0;0;0;0;0;0;0;0;0;0;0;0;1;0;0;0;0;0;0;1;1
8723;10;1;0;1;0;0;0;0;0;0;0;90.909828186035156;0;-13.027587890625;-11.6640625;-13.027587890625;1.363525390625;0;0;0;0;0;0;0;0;0;0;0;0;1;0;0;0;0;0;0;1;1
8734;10;1;0;1;0;0;0;0;0;0;0;90.909828186035156;0;-13.027587890625;-11.6640625;-13.027587890625;1.363525390625;0;0;0;0;0;0;0;0;0;0;0;0;1;0;0;0;0;0;0;1;1
8743;10;1;0;1;0;0;0;0;0;0;0;90.909828186035156;0;-13.027587890625;-11.6640625;-13.027587890625;1.363525390625;0;0;0;0;0;0;0;0;0;0;0;0;1;0;0;0;0;0;0;1;1
8753;10;1;0;1;0;0;0;0;0;0;0;90.909828186035156;0;-13.027587890625;-11.6640625;-13.027587890625;1.363525390625;0;0;0;0;0;0;0;0;0;0;0;0;1;0;0;0;0;0;0;1;1
8763;10;1;0;1;0;0;0;0;0;0;0;90.909828186035156;0;-13.027587890625;-11.6640625;-13.027587890625;1.363525390625;0;0;0;0;0;0;0;0;0;0;0;0;1;0;0;0;0;0;0;1;1
8773;10;1;0;1;0;0;0;0;0;0;0;90.909828186035156;0;-13.027587890625;-11.6640625;-13.027587890625;1.363525390625;0;0;0;0;0;0;0;0;0;0;0;0;1;0;0;0;0;0;0;1;1
8784;10;1;0;1;0;0;0;0;0;0;0;90.909828186035156;0;-13.027587890625;-11.6640625;-13.027587890625;1.363525390625;0;0;0;0;0;0;0;0;0;0;0;0;1;0;0;0;0;0;0;1;1
8793;10;1;0;1;0;0;0;0;0;0;0;90.909828186035156;0;-13.027587890625;-11.6640625;-13.027587890625;1.363525390625;0;0;0;0;0;0;0;0;0;0;0;0;1;0;0;0;0;0;0;1;1
8803;10;1;0;1;0;0;0;0;0;0;0;90.909828186035156;0;-13.027587890625;-11.6640625;-13.027587890625;1.363525390625;0;0;0;0;0;0;0;0;0;0;0;0;1;0;0;0;0;0;0;1;1
8813;10;1;0;1;0;0;0;0;0;0;0;90.909828186035156;0;-13.027587890625;-11.6640625;-13.027587890625;1.363525390625;0;0;0;0;0;0;0;0;0;0;0;0;1;0;0;0;0;0;0;1;1
8823;10;1;0;1;0;0;0;0;0;0;0;90.909828186035156;0;-13.027587890625;-11.6640625;-13.027587890625;1.363525390625;0;0;0;0;0;0;0;0;0;0;0;0;1;0;0;0;0;0;0;1;1
8833;10;1;0;1;0;0;0;0;0;0;0;90.909828186035156;0;-13.027587890625;-11.6640625;-13.027587890625;1.363525390625;0;0;0;0;0;0;0;0;0;0;0;0;1;0;0;0;0;0;0;1;1
8843;10;1;0;1;0;0;0;0;0;0;0;90.909828186035156;0;-13.027587890625;-11.6640625;-13.027587890625;1.363525390625;0;0;0;0;0;0;0;0;0;0;0;0;1;0;0;0;0;0;0;1;1
8853;10;1;0;1;0;0;0;0;0;0;0;90.909828186035156;0;-13.027587890625;-11.6640625;-13.027587890625;1.363525390625;0;0;0;0;0;0;0;0;0;0;0;0;1;0;0;0;0;0;0;1;1
8869;10;1;0;1;0;0;0;0;0;0;0;90.909828186035156;0;-13.027587890625;-11.6640625;-13.027587890625;1.363525390625;0;0;0;0;0;0;0;0;0;0;0;0;1;0;0;0;0;0;0;1;1
8873;10;1;0;1;0;0;0;0;0;0;0;90.909828186035156;0;-13.027587890625;-11.6640625;-13.027587890625;1.363525390625;0;0;0;0;0;0;0;0;0;0;0;0;1;0;0;0;0;0;0;1;1
8883;10;1;0;1;0;0;0;0;0;0;0;90.909828186035156;0;-13.027587890625;-11.6640625;-13.027587890625;1.363525390625;0;0;0;0;0;0;0;0;0;0;0;0;1;0;0;0;0;0;0;1;1
8893;10;1;0;1;0;0;0;0;0;0;0;90.909828186035156;0;-13.027587890625;-11.6640625;-13.027587890625;1.363525390625;0;0;0;0;0;0;0;0;0;0;0;0;1;0;0;0;0;0;0;1;1
8903;10;1;0;1;0;0;0;0;0;0;0;90.909828186035156;0;-13.027587890625;-11.6640625;-13.027587890625;1.363525390625;0;0;0;0;0;0;0;0;0;0;0;0;1;0;0;0;0;0;0;1;1
8913;10;1;0;1;0;0;0;0;0;0;0;90.909828186035156;0;-13.027587890625;-11.6640625;-13.027587890625;1.363525390625;0;0;0;0;0;0;0;0;0;0;0;0;1;0;0;0;0;0;0;1;1
8923;10;1;0;1;0;0;0;0;0;0;0;90.909828186035156;0;-13.027587890625;-11.6640625;-13.027587890625;1.363525390625;0;0;0;0;0;0;0;0;0;0;0;0;1;0;0;0;0;0;0;1;1
8934;10;1;0;1;0;0;0;0;0;0;0;90.909828186035156;0;-13.027587890625;-11.6640625;-13.027587890625;1.363525390625;0;0;0;0;0;0;0;0;0;0;0;0;1;0;0;0;0;0;0;1;1
8943;10;1;0;1;0;0;0;0;0;0;0;90.909828186035156;0;-13.027587890625;-11.6640625;-13.027587890625;1.363525390625;0;0;0;0;0;0;0;0;0;0;0;0;1;0;0;0;0;0;0;1;1
8953;10;1;0;1;0;0;0;0;0;0;0;90.909828186035156;0;-13.027587890625;-11.6640625;-13.027587890625;1.363525390625;0;0;0;0;0;0;0;0;0;0;0;0;1;0;0;0;0;0;0;1;1
8963;10;1;0;1;0;0;0;0;0;0;0;90.909828186035156;0;-13.027587890625;-11.6640625;-13.027587890625;1.363525390625;0;0;0;0;0;0;0;0;0;0;0;0;1;0;0;0;0;0;0;1;1
8973;10;1;0;1;0;0;0;0;0;0;0;90.909828186035156;0;-13.027587890625;-11.6640625;-13.027587890625;1.363525390625;0;0;0;0;0;0;0;0;0;0;0;0;1;0;0;0;0;0;0;1;1
8983;10;1;0;1;0;0;0;0;0;0;0;90.909828186035156;0;-13.027587890625;-11.6640625;-13.027587890625;1.363525390625;0;0;0;0;0;0;0;0;0;0;0;0;1;0;0;0;0;0;0;1;1
8993;10;1;0;1;0;0;0;0;0;0;0;90.909828186035156;0;-13.027587890625;-11.6640625;-13.027587890625;1.363525390625;0;0;0;0;0;0;0;0;0;0;0;0;1;0;0;0;0;0;0;1;1
9003;10;1;0;1;0;0;0;0;0;0;0;90.909828186035156;0;-13.027587890625;-11.6640625;-13.027587890625;1.363525390625;0;0;0;0;0;0;0;0;0;0;0;0;1;0;0;0;0;0;0;1;1
9013;10;1;0;1;0;0;0;0;0;0;0;90.909828186035156;0;-13.027587890625;-11.6640625;-13.027587890625;1.363525390625;0;0;0;0;0;0;0;0;0;0;0;0;1;0;0;0;0;0;0;1;1
9023;10;1;0;1;0;0;0;0;0;0;0;90.909828186035156;0;-13.027587890625;-11.6640625;-13.027587890625;1.363525390625;0;0;0;0;0;0;0;0;0;0;0;0;1;0;0;0;0;0;0;1;1
9033;10;1;0;1;0;0;0;0;0;0;0;90.909828186035156;0;-13.027587890625;-11.6640625;-13.027587890625;1.363525390625;0;0;0;0;0;0;0;0;0;0;0;0;1;0;0;0;0;0;0;1;1
9043;10;1;0;1;0;0;0;0;0;0;0;90.909828186035156;0;-13.027587890625;-11.6640625;-13.027587890625;1.363525390625;0;0;0;0;0;0;0;0;0;0;0;0;1;0;0;0;0;0;0;1;1
9053;10;1;0;1;0;0;0;0;0;0;0;90.909828186035156;0;-13.027587890625;-11.6640625;-13.027587890625;1.363525390625;0;0;0;0;0;0;0;0;0;0;0;0;1;0;0;0;0;0;0;1;1
9063;10;1;0;1;0;0;0;0;0;0;0;90.909828186035156;0;-13.027587890625;-11.6640625;-13.027587890625;1.363525390625;0;0;0;0;0;0;0;0;0;0;0;0;1;0;0;0;0;0;0;1;1
9073;10;1;0;1;0;0;0;0;0;0;0;90.909828186035156;0;-13.027587890625;-11.6640625;-13.027587890625;1.363525390625;0;0;0;0;0;0;0;0;0;0;0;0;1;0;0;0;0;0;0;1;1
9083;10;1;0;1;0;0;0;0;0;0;0;90.909828186035156;0;-13.027587890625;-11.6640625;-13.027587890625;1.363525390625;0;0;0;0;0;0;0;0;0;0;0;0;1;0;0;0;0;0;0;1;1
9094;10;1;0;1;0;0;0;0;0;0;0;90.909828186035156;0;-13.027587890625;-11.6640625;-13.027587890625;1.363525390625;0;0;0;0;0;0;0;0;0;0;0;0;1;0;0;0;0;0;0;1;1
9103;10;1;0;1;0;0;0;0;0;0;0;90.909828186035156;0;-13.027587890625;-11.6640625;-13.027587890625;1.363525390625;0;0;0;0;0;0;0;0;0;0;0;0;1;0;0;0;0;0;0;1;1
9113;10;1;0;1;0;0;0;0;0;0;0;90.909828186035156;0;-13.027587890625;-11.6640625;-13.027587890625;1.363525390625;0;0;0;0;0;0;0;0;0;0;0;0;1;0;0;0;0;0;0;1;1
9123;10;1;0;1;0;0;0;0;0;0;0;90.909828186035156;0;-13.027587890625;-11.6640625;-13.027587890625;1.363525390625;0;0;0;0;0;0;0;0;0;0;0;0;1;0;0;0;0;0;0;1;1
9134;10;1;0;1;0;0;0;0;0;0;0;90.909828186035156;0;-13.027587890625;-11.6640625;-13.027587890625;1.363525390625;0;0;0;0;0;0;0;0;0;0;0;0;1;0;0;0;0;0;0;1;1
9143;10;1;0;1;0;0;0;0;0;0;0;90.909828186035156;0;-13.027587890625;-11.6640625;-13.027587890625;1.363525390625;0;0;0;0;0;0;0;0;0;0;0;0;1;0;0;0;0;0;0;1;1
9153;10;1;0;1;0;0;0;0;0;0;0;90.909828186035156;0;-13.027587890625;-11.6640625;-13.027587890625;1.363525390625;0;0;0;0;0;0;0;0;0;0;0;0;1;0;0;0;0;0;0;1;1
9163;10;1;0;1;0;0;0;0;0;0;0;90.909828186035156;0;-13.027587890625;-11.6640625;-13.027587890625;1.363525390625;0;0;0;0;0;0;0;0;0;0;0;0;1;0;0;0;0;0;0;1;1
9173;10;1;0;1;0;0;0;0;0;0;0;90.909828186035156;0;-13.027587890625;-11.6640625;-13.027587890625;1.363525390625;0;0;0;0;0;0;0;0;0;0;0;0;1;0;0;0;0;0;0;1;1
9183;10;1;0;1;0;0;0;0;0;0;0;90.909828186035156;0;-13.027587890625;-11.6640625;-13.027587890625;1.363525390625;0;0;0;0;0;0;0;0;0;0;0;0;1;0;0;0;0;0;0;1;1
9193;10;1;0;1;0;0;0;0;0;0;0;90.909828186035156;0;-13.027587890625;-11.6640625;-13.027587890625;1.363525390625;0;0;0;0;0;0;0;0;0;0;0;0;1;0;0;0;0;0;0;1;1
9203;10;1;0;1;0;0;0;0;0;0;0;90.909828186035156;0;-13.027587890625;-11.6640625;-13.027587890625;1.363525390625;0;0;0;0;0;0;0;0;0;0;0;0;1;0;0;0;0;0;0;1;1
9213;10;1;0;1;0;0;0;0;0;0;0;90.909828186035156;0;-13.027587890625;-11.6640625;-13.027587890625;1.363525390625;0;0;0;0;0;0;0;0;0;0;0;0;1;0;0;0;0;0;0;1;1
9223;10;1;0;1;0;0;0;0;0;0;0;90.909828186035156;0;-13.027587890625;-11.6640625;-13.027587890625;1.363525390625;0;0;0;0;0;0;0;0;0;0;0;0;1;0;0;0;0;0;0;1;1
9234;10;1;0;1;0;0;0;0;0;0;0;90.909828186035156;0;-13.027587890625;-11.6640625;-13.027587890625;1.363525390625;0;0;0;0;0;0;0;0;0;0;0;0;1;0;0;0;0;0;0;1;1
9243;10;1;0;1;0;0;0;0;0;0;0;90.909828186035156;0;-13.027587890625;-11.6640625;-13.027587890625;1.363525390625;0;0;0;0;0;0;0;0;0;0;0;0;1;0;0;0;0;0;0;1;1
9253;10;1;0;1;0;0;0;0;0;0;0;90.909828186035156;0;-13.027587890625;-11.6640625;-13.027587890625;1.363525390625;0;0;0;0;0;0;0;0;0;0;0;0;1;0;0;0;0;0;0;1;1
9263;10;1;0;1;0;0;0;0;0;0;0;90.909828186035156;0;-13.027587890625;-11.6640625;-13.027587890625;1.363525390625;0;0;0;0;0;0;0;0;0;0;0;0;1;0;0;0;0;0;0;1;1
9273;10;1;0;1;0;0;0;0;0;0;0;90.909828186035156;0;-13.027587890625;-11.6640625;-13.027587890625;1.363525390625;0;0;0;0;0;0;0;0;0;0;0;0;1;0;0;0;0;0;0;1;1
9283;10;1;0;1;0;0;0;0;0;0;0;90.909828186035156;0;-13.027587890625;-11.6640625;-13.027587890625;1.363525390625;0;0;0;0;0;0;0;0;0;0;0;0;1;0;0;0;0;0;0;1;1
9294;10;1;0;1;0;0;0;0;0;0;0;90.909828186035156;0;-13.027587890625;-11.6640625;-13.027587890625;1.363525390625;0;0;0;0;0;0;0;0;0;0;0;0;1;0;0;0;0;0;0;1;1
9303;10;1;0;1;0;0;0;0;0;0;0;90.909828186035156;0;-13.027587890625;-11.6640625;-13.027587890625;1.363525390625;0;0;0;0;0;0;0;0;0;0;0;0;1;0;0;0;0;0;0;1;1
9313;10;1;0;1;0;0;0;0;0;0;0;90.909828186035156;0;-13.027587890625;-11.6640625;-13.027587890625;1.363525390625;0;0;0;0;0;0;0;0;0;0;0;0;1;0;0;0;0;0;0;1;1
9323;10;1;0;1;0;0;0;0;0;0;0;90.909828186035156;0;-13.027587890625;-11.6640625;-13.027587890625;1.363525390625;0;0;0;0;0;0;0;0;0;0;0;0;1;0;0;0;0;0;0;1;1
9334;10;1;0;1;0;0;0;0;0;0;0;90.909828186035156;0;-13.027587890625;-11.6640625;-13.027587890625;1.363525390625;0;0;0;0;0;0;0;0;0;0;0;0;1;0;0;0;0;0;0;1;1
9343;10;1;0;1;0;0;0;0;0;0;0;90.909828186035156;0;-13.027587890625;-11.6640625;-13.027587890625;1.363525390625;0;0;0;0;0;0;0;0;0;0;0;0;1;0;0;0;0;0;0;1;1
9353;10;1;0;1;0;0;0;0;0;0;0;90.909828186035156;0;-13.027587890625;-11.6640625;-13.027587890625;1.363525390625;0;0;0;0;0;0;0;0;0;0;0;0;1;0;0;0;0;0;0;1;1
9363;10;1;0;1;0;0;0;0;0;0;0;90.909828186035156;0;-13.027587890625;-11.6640625;-13.027587890625;1.363525390625;0;0;0;0;0;0;0;0;0;0;0;0;1;0;0;0;0;0;0;1;1
9373;10;1;0;1;0;0;0;0;0;0;0;90.909828186035156;0;-13.027587890625;-11.6640625;-13.027587890625;1.363525390625;0;0;0;0;0;0;0;0;0;0;0;0;1;0;0;0;0;0;0;1;1
9383;10;1;0;1;0;0;0;0;0;0;0;90.909828186035156;0;-13.027587890625;-11.6640625;-13.027587890625;1.363525390625;0;0;0;0;0;0;0;0;0;0;0;0;1;0;0;0;0;0;0;1;1
9393;10;1;0;1;0;0;0;0;0;0;0;90.909828186035156;0;-13.027587890625;-11.6640625;-13.027587890625;1.363525390625;0;0;0;0;0;0;0;0;0;0;0;0;1;0;0;0;0;0;0;1;1
9403;10;1;0;1;0;0;0;0;0;0;0;90.909828186035156;0;-13.027587890625;-11.6640625;-13.027587890625;1.363525390625;0;0;0;0;0;0;0;0;0;0;0;0;1;0;0;0;0;0;0;1;1
9413;10;1;0;1;0;0;0;0;0;0;0;90.909828186035156;0;-13.027587890625;-11.6640625;-13.027587890625;1.363525390625;0;0;0;0;0;0;0;0;0;0;0;0;1;0;0;0;0;0;0;1;1
9423;10;1;0;1;0;0;0;0;0;0;0;90.909828186035156;0;-13.027587890625;-11.6640625;-13.027587890625;1.363525390625;0;0;0;0;0;0;0;0;0;0;0;0;1;0;0;0;0;0;0;1;1
9433;10;1;0;1;0;0;0;0;0;0;0;90.909828186035156;0;-13.027587890625;-11.6640625;-13.027587890625;1.363525390625;0;0;0;0;0;0;0;0;0;0;0;0;1;0;0;0;0;0;0;1;1
9443;10;1;0;1;0;0;0;0;0;0;0;90.909828186035156;0;-13.027587890625;-11.6640625;-13.027587890625;1.363525390625;0;0;0;0;0;0;0;0;0;0;0;0;1;0;0;0;0;0;0;1;1
9453;10;1;0;1;0;0;0;0;0;0;0;90.909828186035156;0;-13.027587890625;-11.6640625;-13.027587890625;1.363525390625;0;0;0;0;0;0;0;0;0;0;0;0;1;0;0;0;0;0;0;1;1
9464;10;1;0;1;0;0;0;0;0;0;0;90.909828186035156;0;-13.027587890625;-11.6640625;-13.027587890625;1.363525390625;0;0;0;0;0;0;0;0;0;0;0;0;1;0;0;0;0;0;0;1;1
9473;10;1;0;1;0;0;0;0;0;0;0;90.909828186035156;0;-13.027587890625;-11.6640625;-13.027587890625;1.363525390625;0;0;0;0;0;0;0;0;0;0;0;0;1;0;0;0;0;0;0;1;1
9483;10;0;0;1;0;0;0;0;0;0;0;90.909828186035156;0;-13.027587890625;-11.6640625;-13.027587890625;1.363525390625;0;0;0;0;0;0;0;0;0;0;0;0;1;0;0;0;0;0;0;1;1
9494;10;0;0;1;0;0;0;0;0;0;0;90.909828186035156;0;-13.027587890625;-11.6640625;-13.027587890625;1.363525390625;0;0;0;0;0;0;0;0;0;0;0;0;1;0;0;0;0;0;0;1;1
9503;10;0;0;1;0;0;0;0;0;0;0;90.909828186035156;0;-13.027587890625;-11.6640625;-13.027587890625;1.363525390625;0;0;0;0;0;0;0;0;0;0;0;0;1;0;0;0;0;0;0;1;1
9513;10;0;0;1;0;0;0;0;0;0;0;90.909828186035156;0;-13.027587890625;-11.6640625;-13.027587890625;1.363525390625;0;0;0;0;0;0;0;0;0;0;0;0;1;0;0;0;0;0;0;1;1
9523;10;0;0;1;0;0;0;0;0;0;0;90.909828186035156;0;-13.027587890625;-11.6640625;-13.027587890625;1.363525390625;0;0;0;0;0;0;0;0;0;0;0;0;1;0;0;0;0;0;0;1;1
9534;10;0;0;1;0;0;0;0;0;0;0;90.909828186035156;0;-13.027587890625;-11.6640625;-13.027587890625;1.363525390625;0;0;0;0;0;0;0;0;0;0;0;0;1;0;0;0;0;0;0;1;1
9543;10;0;0;1;0;0;0;0;0;0;0;90.909828186035156;0;-13.027587890625;-11.6640625;-13.027587890625;1.363525390625;0;0;0;0;0;0;0;0;0;0;0;0;1;0;0;0;0;0;0;1;1
9553;10;0;0;1;0;0;0;0;0;0;0;90.909828186035156;0;-13.027587890625;-11.6640625;-13.027587890625;1.363525390625;0;0;0;0;0;0;0;0;0;0;0;0;1;0;0;0;0;0;0;1;1
9563;10;0;0;1;0;0;0;0;0;0;0;90.909828186035156;0;-13.027587890625;-11.6640625;-13.027587890625;1.363525390625;0;0;0;0;0;0;0;0;0;0;0;0;1;0;0;0;0;0;0;1;1
9573;10;0;0;1;0;0;0;0;0;0;0;90.909828186035156;0;-13.027587890625;-11.6640625;-13.027587890625;1.363525390625;0;0;0;0;0;0;0;0;0;0;0;0;1;0;0;0;0;0;0;1;1
9583;10;0;0;1;0;0;0;0;0;0;0;90.909828186035156;0;-13.027587890625;-11.6640625;-13.027587890625;1.363525390625;0;0;0;0;0;0;0;0;0;0;0;0;1;0;0;0;0;0;0;1;1
9593;10;0;0;1;0;0;0;0;0;0;0;90.909828186035156;0;-13.027587890625;-11.6640625;-13.027587890625;1.363525390625;0;0;0;0;0;0;0;0;0;0;0;0;1;0;0;0;0;0;0;1;1
9603;10;0;0;1;0;0;0;0;0;0;0;90.909828186035156;0;-13.027587890625;-11.6640625;-13.027587890625;1.363525390625;0;0;0;0;0;0;0;0;0;0;0;0;1;0;0;0;0;0;0;1;1
9613;10;0;0;1;0;0;0;0;0;0;0;90.909828186035156;0;-13.027587890625;-11.6640625;-13.027587890625;1.363525390625;0;0;0;0;0;0;0;0;0;0;0;0;1;0;0;0;0;0;0;1;1
9623;10;0;0;1;0;0;0;0;0;0;0;90.909828186035156;0;-13.027587890625;-11.6640625;-13.027587890625;1.363525390625;0;0;0;0;0;0;0;0;0;0;0;0;1;0;0;0;0;0;0;1;1
9633;10;0;0;1;0;0;0;0;0;0;0;90.909828186035156;0;-13.027587890625;-11.6640625;-13.027587890625;1.363525390625;0;0;0;0;0;0;0;0;0;0;0;0;1;0;0;0;0;0;0;1;1
9643;10;0;0;1;0;0;0;0;0;0;0;90.909828186035156;0;-13.027587890625;-11.6640625;-13.027587890625;1.363525390625;0;0;0;0;0;0;0;0;0;0;0;0;1;0;0;0;0;0;0;1;1
9653;10;0;0;1;0;0;0;0;0;0;0;90.909828186035156;0;-13.027587890625;-11.6640625;-13.027587890625;1.363525390625;0;0;0;0;0;0;0;0;0;0;0;0;1;0;0;0;0;0;0;1;1
9664;10;0;0;1;0;0;0;0;0;0;0;90.909828186035156;0;-13.027587890625;-11.6640625;-13.027587890625;1.363525390625;0;0;0;0;0;0;0;0;0;0;0;0;1;0;0;0;0;0;0;1;1
9673;10;0;0;1;0;0;0;0;0;0;0;90.909828186035156;0;-13.027587890625;-11.6640625;-13.027587890625;1.363525390625;0;0;0;0;0;0;0;0;0;0;0;0;1;0;0;0;0;0;0;1;1
9683;10;0;0;1;0;0;0;0;0;0;0;90.909828186035156;0;-13.027587890625;-11.6640625;-13.027587890625;1.363525390625;0;0;0;0;0;0;0;0;0;0;0;0;1;0;0;0;0;0;0;1;1
9694;10;0;0;1;0;0;0;0;0;0;0;90.909828186035156;0;-13.027587890625;-11.6640625;-13.027587890625;1.363525390625;0;0;0;0;0;0;0;0;0;0;0;0;1;0;0;0;0;0;0;1;1
9703;10;0;0;1;0;0;0;0;0;0;0;90.909828186035156;0;-13.027587890625;-11.6640625;-13.027587890625;1.363525390625;0;0;0;0;0;0;0;0;0;0;0;0;1;0;0;0;0;0;0;1;1
9713;10;0;0;1;0;0;0;0;0;0;0;90.909828186035156;0;-13.027587890625;-11.6640625;-13.027587890625;1.363525390625;0;0;0;0;0;0;0;0;0;0;0;0;1;0;0;0;0;0;0;1;1
9724;10;0;0;1;0;0;0;0;0;0;0;90.909828186035156;0;-13.027587890625;-11.6640625;-13.027587890625;1.363525390625;0;0;0;0;0;0;0;0;0;0;0;0;1;0;0;0;0;0;0;1;1
9733;10;1;1;1;0;1;0;0;0;0;0;90.909828186035156;1.363525390625;-13.027587890625;-11.6640625;-13.027587890625;0;0;0;0;1;0;1;0;0;0;0;0;0;1;0;0;0;1;0;0;1;1
9743;10;1;1;1;1;1;0;0;0;0;0;90.909828186035156;1.363525390625;-13.027587890625;-11.6640625;-13.027587890625;0;0;0;0;1;0;1;0;0;0;1;0;0;1;0;0;0;1;0;1;1;1
9753;10;1;1;1;1;1;0;0;0;0;0;90.909828186035156;1.363525390625;-13.027587890625;-11.6640625;-13.027587890625;0;0;0;0;1;0;1;0;0;0;1;0;0;1;0;0;0;1;0;1;1;1
9763;10;1;1;1;1;1;0;0;0;0;0;90.909828186035156;1.363525390625;-13.027587890625;-11.6640625;-13.027587890625;0;0;0;0;1;0;1;0;0;0;1;0;0;1;0;0;0;1;0;1;1;1
9773;10;1;1;1;1;1;0;0;0;0;0;90.909828186035156;1.363525390625;-13.027587890625;-11.6640625;-13.027587890625;0;0;0;0;1;0;1;0;0;0;1;0;0;1;0;0;0;1;0;1;1;1
9783;10;1;1;1;1;1;0;0;0;0;0;90.909828186035156;1.363525390625;-13.027587890625;-11.6640625;-13.027587890625;0;0;0;0;1;0;1;0;0;0;1;0;0;1;0;0;0;1;0;1;1;1
9794;10;1;1;1;1;1;0;0;0;0;0;90.909828186035156;1.363525390625;-13.027587890625;-11.6640625;-13.027587890625;0;0;0;0;1;0;1;0;0;0;1;0;0;1;0;0;0;1;0;1;1;1
9803;10;1;1;1;1;1;0;0;0;0;0;90.909828186035156;1.363525390625;-13.027587890625;-11.6640625;-13.027587890625;0;0;0;0;1;0;1;0;0;0;1;0;0;1;0;0;0;1;0;1;1;0
9813;10;1;1;1;1;1;0;0;0;0;0;90.909828186035156;1.363525390625;-13.027587890625;-11.6640625;-13.027587890625;0;0;0;0;1;0;1;0;0;0;1;0;0;1;0;0;0;1;0;1;1;0
9824;10;1;1;1;1;1;0;0;0;0;0;90.909828186035156;1.363525390625;-13.027587890625;-11.6640625;-13.027587890625;0;0;0.0033333334140479565;0;1;0;1;0;0;0;1;0;0;1;0;0;0;1;0;1;1;0
9833;10;1;1;1;1;1;0;0;0;0;0;90.906578063964844;1.364013671875;-13.027587890625;-11.66357421875;-13.027587890625;0;0;0.013333333656191826;0;1;0;1;0;0;0;1;0;0;1;0;0;0;1;0;1;1;0
9843;10;1;1;1;1;1;0;0;0;0;0;90.904945373535156;1.3642578125;-13.027587890625;-11.663330078125;-13.027587890625;0;0;0.020000001415610313;0;1;0;1;0;0;0;1;0;0;1;0;0;0;1;0;1;1;0
9853;10;1;1;1;1;1;0;0;0;0;0;90.900062561035156;1.364990234375;-13.027587890625;-11.66259765625;-13.027587890625;0;0;0.030000001192092896;0;1;0;1;0;0;0;1;0;0;1;0;0;0;1;0;1;1;0
9863;10;1;1;1;1;1;0;0;0;0;0;90.896812438964844;1.365478515625;-13.027587890625;-11.662109375;-13.027587890625;0;0;0.036666668951511383;0;1;0;1;0;0;0;1;0;0;1;0;0;0;1;0;1;1;0
9873;10;1;1;1;1;1;0;0;0;0;0;90.890296936035156;1.366455078125;-13.027587890625;-11.6611328125;-13.027587890625;0;0;0.0533333346247673;0;1;0;1;0;0;0;1;0;0;1;0;0;0;1;0;1;1;0
9883;10;1;1;1;1;1;0;0;0;0;0;90.885414123535156;1.3671875;-13.027587890625;-11.660400390625;-13.027587890625;0;0;0.060000002384185791;0;1;0;1;0;0;0;1;0;0;1;0;0;0;1;0;1;1;0
9895;10;1;1;1;1;1;0;0;0;0;0;90.87890625;1.3681640625;-13.027587890625;-11.659423828125;-13.027587890625;0;0;0.073333337903022766;0;1;0;1;0;0;0;1;0;0;1;0;0;0;1;0;1;1;0
9903;10;1;1;1;1;1;0;0;0;0;0;90.870765686035156;1.369384765625;-13.027587890625;-11.658203125;-13.027587890625;0;0;0.0833333358168602;0;1;0;1;0;0;0;1;0;0;1;0;0;0;1;0;1;1;0
9913;10;1;1;1;1;1;0;0;0;0;0;90.861000061035156;1.370849609375;-13.027587890625;-11.65673828125;-13.027587890625;0;0;0.10000000149011612;0;1;0;1;0;0;0;1;0;0;1;0;0;0;1;0;1;1;0
9923;10;1;1;1;1;1;0;0;0;0;0;90.852867126464844;1.3720703125;-13.027587890625;-11.655517578125;-13.027587890625;0;0;0.10666666924953461;0;1;0;1;0;0;0;1;0;0;1;0;0;0;1;0;1;1;0
9934;10;1;1;1;1;1;0;0;0;0;0;90.83984375;1.3740234375;-13.027587890625;-11.653564453125;-13.027587890625;0;0;0.12333333492279053;0;1;0;1;0;0;0;1;0;0;1;0;0;0;1;0;1;1;0
9943;10;1;1;1;1;1;0;0;0;0;0;90.830078125;1.37548828125;-13.027587890625;-11.652099609375;-13.027587890625;0;0;0.13333334028720856;0;1;0;1;0;0;0;1;0;0;1;0;0;0;1;0;1;1;0
9953;10;1;1;1;1;1;0;0;0;0;0;90.817054748535156;1.37744140625;-13.027587890625;-11.650146484375;-13.027587890625;0;0;0.14000001549720764;0;1;0;1;0;0;0;1;0;0;1;0;0;0;1;0;1;1;0
9963;10;1;1;1;1;1;0;0;0;0;0;90.8056640625;1.379150390625;-13.027587890625;-11.6484375;-13.027587890625;0;0;0.15000000596046448;0;1;0;1;0;0;0;1;0;0;1;0;0;0;1;0;1;1;0
9973;10;1;1;1;1;1;0;0;0;0;0;90.787757873535156;1.3818359375;-13.027587890625;-11.645751953125;-13.027587890625;0;0;0.17000000178813934;0;1;0;1;0;0;0;1;0;0;1;0;0;0;1;0;1;1;0
9983;10;1;1;1;1;1;0;0;0;0;0;90.7763671875;1.383544921875;-13.027587890625;-11.64404296875;-13.027587890625;0;0;0.17666667699813843;0;1;0;1;0;0;0;1;0;0;1;0;0;0;1;0;1;1;0
9993;10;1;1;1;1;1;0;0;0;0;0;90.758460998535156;1.38623046875;-13.027587890625;-11.641357421875;-13.027587890625;0;0;0.1900000125169754;0;1;0;1;0;0;0;1;0;0;1;0;0;0;1;0;1;1;0
10003;10;1;1;1;1;1;0;0;0;0;0;90.745445251464844;1.38818359375;-13.027587890625;-11.639404296875;-13.027587890625;0;0;0.19666667282581329;0;1;0;1;0;0;0;1;0;0;1;0;0;0;1;0;1;1;0
10013;10;1;1;1;1;1;0;0;0;0;0;90.725914001464844;1.39111328125;-13.027587890625;-11.636474609375;-13.027587890625;0;0;0.21000000834465027;0;1;0;1;0;0;0;1;0;0;1;0;0;0;1;0;1;1;0
10023;10;1;1;1;1;1;0;0;0;0;0;90.709632873535156;1.3935546875;-13.027587890625;-11.634033203125;-13.027587890625;0;0;0.21666666865348816;0;1;0;1;0;0;0;1;0;0;1;0;0;0;1;0;1;1;0
10033;10;1;1;1;1;1;0;0;0;0;0;90.6884765625;1.396728515625;-13.027587890625;-11.630859375;-13.027587890625;0;0;0.23000000417232513;0;1;0;1;0;0;0;1;0;0;1;0;0;0;1;0;1;1;0
10043;10;1;1;1;1;1;0;0;0;0;0;90.673828125;1.39892578125;-13.027587890625;-11.628662109375;-13.027587890625;0;0;0.24000000953674316;0;1;0;1;0;0;0;1;0;0;1;0;0;0;1;0;1;1;0
10054;10;1;1;1;1;1;0;0;0;0;0;90.6494140625;1.402587890625;-13.027587890625;-11.625;-13.027587890625;0;0;0.25;0;1;0;1;0;0;0;1;0;0;1;0;0;0;1;0;1;1;0
10063;10;1;1;1;1;1;0;0;0;0;0;90.6298828125;1.405517578125;-13.027587890625;-11.6220703125;-13.027587890625;0;0;0.26000002026557922;0;1;0;1;0;0;0;1;0;0;1;0;0;0;1;0;1;1;0
10073;10;1;1;1;1;1;0;0;0;0;0;90.60546875;1.4091796875;-13.027587890625;-11.618408203125;-13.027587890625;0;0;0.273333340883255;0;1;0;1;0;0;0;1;0;0;1;0;0;0;1;0;1;1;0
10083;10;1;1;1;1;1;0;0;0;0;0;90.5859375;1.412109375;-13.027587890625;-11.615478515625;-13.027587890625;0;0;0.28000003099441528;0;1;0;1;0;0;0;1;0;0;1;0;0;0;1;0;1;1;0
10094;10;1;1;1;1;1;0;0;0;0;0;90.556640625;1.41650390625;-13.027587890625;-11.611083984375;-13.027587890625;0;0;0.29333335161209106;0;1;0;1;0;0;0;1;0;0;1;0;0;0;1;0;1;1;0
10103;10;1;1;1;1;1;0;0;0;0;0;90.537109375;1.41943359375;-13.027587890625;-11.608154296875;-13.027587890625;0;0;0.30000001192092896;0;1;0;1;0;0;0;1;0;0;1;0;0;0;1;0;1;1;0
10113;10;1;1;1;1;1;0;0;0;0;0;90.511070251464844;1.42333984375;-13.027587890625;-11.604248046875;-13.027587890625;0;0;0.31000000238418579;0;1;0;1;0;0;0;1;0;0;1;0;0;0;1;0;1;1;0
10125;10;1;1;1;1;1;0;0;0;0;0;90.489906311035156;1.426513671875;-13.027587890625;-11.60107421875;-13.027587890625;0;0;0.320000022649765;0;1;0;1;0;0;0;1;0;0;1;0;0;0;1;0;1;1;0
10135;10;1;1;1;1;1;0;0;0;0;0;90.455726623535156;1.431640625;-13.027587890625;-11.595947265625;-13.027587890625;0;0;0.3333333432674408;0;1;0;1;0;0;0;1;0;0;1;0;0;0;1;0;1;1;0
10143;10;1;1;1;1;1;0;0;0;0;0;90.4345703125;1.434814453125;-13.027587890625;-11.5927734375;-13.027587890625;0;0;0.34000000357627869;0;1;0;1;0;0;0;1;0;0;1;0;0;0;1;0;1;1;0
10154;10;1;1;1;1;1;0;0;0;0;0;90.403648376464844;1.439453125;-13.027587890625;-11.588134765625;-13.027587890625;0;0;0.34999999403953552;0;1;0;1;0;0;0;1;0;0;1;0;0;0;1;0;1;1;0
10163;10;1;1;1;1;1;0;0;0;0;0;90.380859375;1.44287109375;-13.027587890625;-11.584716796875;-13.027587890625;0;0;0.35666665434837341;0;1;0;1;0;0;0;1;0;0;1;0;0;0;1;0;1;1;0
10173;10;1;1;1;1;1;0;0;0;0;0;90.343421936035156;1.448486328125;-13.027587890625;-11.5791015625;-13.027587890625;0;0;0.36666667461395264;0;1;0;1;0;0;0;1;0;0;1;0;0;0;1;0;1;1;0
10183;10;1;1;1;1;1;0;0;0;0;0;90.319007873535156;1.4521484375;-13.027587890625;-11.575439453125;-13.027587890625;0;0;0.37666666507720947;0;1;0;1;0;0;0;1;0;0;1;0;0;0;1;0;1;1;0
10193;10;1;1;1;1;1;0;0;0;0;0;90.281578063964844;1.457763671875;-13.027587890625;-11.56982421875;-13.027587890625;0;0;0.3866666853427887;0;1;0;1;0;0;0;1;0;0;1;0;0;0;1;0;1;1;0
10203;10;1;1;1;1;1;0;0;0;0;0;90.257164001464844;1.46142578125;-13.027587890625;-11.566162109375;-13.027587890625;0;0;0.39333334565162659;0;1;0;1;0;0;0;1;0;0;1;0;0;0;1;0;1;1;0
10213;10;1;1;1;1;1;0;0;0;0;0;90.221351623535156;1.466796875;-13.027587890625;-11.560791015625;-13.027587890625;0;0;0.40333333611488342;0;1;0;1;0;0;0;1;0;0;1;0;0;0;1;0;1;1;0
10223;10;1;1;1;1;1;0;0;0;0;0;90.196937561035156;1.470458984375;-13.027587890625;-11.55712890625;-13.027587890625;0;0;0.40999999642372131;0;1;0;1;0;0;0;1;0;0;1;0;0;0;1;0;1;1;0
10233;10;1;1;1;1;1;0;0;0;0;0;90.152992248535156;1.47705078125;-13.027587890625;-11.550537109375;-13.027587890625;0;0;0.42000001668930054;0;1;0;1;0;0;0;1;0;0;1;0;0;0;1;0;1;1;0
10243;10;1;1;1;1;1;0;0;0;0;0;90.130210876464844;1.48046875;-13.027587890625;-11.547119140625;-13.027587890625;0;0;0.42666667699813843;0;1;0;1;0;0;0;1;0;0;1;0;0;0;1;0;1;1;0
10253;10;1;1;1;1;1;0;0;0;0;0;90.087890625;1.48681640625;-13.027587890625;-11.540771484375;-13.027587890625;0;0;0.43666666746139526;0;1;0;1;0;0;0;1;0;0;1;0;0;0;1;0;1;1;0
10263;10;1;1;1;1;1;0;0;0;0;0;90.056968688964844;1.491455078125;-13.027587890625;-11.5361328125;-13.027587890625;0;0;0.44666668772697449;0;1;0;1;0;0;0;1;0;0;1;0;0;0;1;0;1;1;0
10273;10;1;1;1;1;1;0;0;0;0;0;90.017906188964844;1.497314453125;-13.027587890625;-11.5302734375;-13.027587890625;0;0;0.45333334803581238;0;1;0;1;0;0;0;1;0;0;1;0;0;0;1;0;1;1;0
10283;10;1;1;1;1;1;0;0;0;0;0;89.988609313964844;1.501708984375;-13.027587890625;-11.52587890625;-13.027587890625;0;0;0.46000000834465027;0;1;0;1;0;0;0;1;0;0;1;0;0;0;1;0;1;1;0
10293;10;1;1;1;1;1;0;0;0;0;0;89.944664001464844;1.50830078125;-13.027587890625;-11.519287109375;-13.027587890625;0;0;0.4699999988079071;0;1;0;1;0;0;0;1;0;0;1;0;0;0;1;0;1;1;0
10303;10;1;1;1;1;1;0;0;0;0;0;89.913734436035156;1.512939453125;-13.027587890625;-11.5146484375;-13.027587890625;0;0;0.476666659116745;0;1;0;1;0;0;0;1;0;0;1;0;0;0;1;0;1;1;0
10313;10;1;1;1;1;1;0;0;0;0;0;89.8681640625;1.519775390625;-13.027587890625;-11.5078125;-13.027587890625;0;0;0.48666667938232422;0;1;0;1;0;0;0;1;0;0;1;0;0;0;1;0;1;1;0
10326;10;1;1;1;1;1;0;0;0;0;0;89.8388671875;1.524169921875;-13.027587890625;-11.50341796875;-13.027587890625;0;0;0.48999997973442078;0;1;0;1;0;0;0;1;0;0;1;0;0;0;1;0;1;1;0
10334;10;1;1;1;1;1;0;0;0;0;0;89.786781311035156;1.531982421875;-13.027587890625;-11.49560546875;-13.027587890625;0;0;0.503333330154419;0;1;0;1;0;0;0;1;0;0;1;0;0;0;1;0;1;1;0
10343;10;1;1;1;1;1;0;0;0;0;0;89.754234313964844;1.536865234375;-13.027587890625;-11.49072265625;-13.027587890625;0;0;0.50999999046325684;0;1;0;1;0;0;0;1;0;0;1;0;0;0;1;0;1;1;0
10353;10;1;1;1;1;1;0;0;0;0;0;89.710289001464844;1.54345703125;-13.027587890625;-11.484130859375;-13.027587890625;0;0;0.51666665077209473;0;1;0;1;0;0;0;1;0;0;1;0;0;0;1;0;1;1;0
10363;10;1;1;1;1;1;0;0;0;0;0;89.6728515625;1.549072265625;-13.027587890625;-11.478515625;-13.027587890625;0;0;0.52666670083999634;0;1;0;1;0;0;0;1;0;0;1;0;0;0;1;0;1;1;0
10373;10;1;1;1;1;1;0;0;0;0;0;89.6240234375;1.556396484375;-13.027587890625;-11.47119140625;-13.027587890625;0;0;0.53333336114883423;0;1;0;1;0;0;0;1;0;0;1;0;0;0;1;0;1;1;0
10384;10;1;1;1;1;1;0;0;0;0;0;89.58984375;1.5615234375;-13.027587890625;-11.466064453125;-13.027587890625;0;0;0.53666669130325317;0;1;0;1;0;0;0;1;0;0;1;0;0;0;1;0;1;1;0
10393;10;1;1;1;1;1;0;0;0;0;0;89.542640686035156;1.568603515625;-13.027587890625;-11.458984375;-13.027587890625;0;0;0.54666668176651;0;1;0;1;0;0;0;1;0;0;1;0;0;0;1;0;1;1;0
10403;10;1;1;1;1;1;0;0;0;0;0;89.508460998535156;1.57373046875;-13.027587890625;-11.453857421875;-13.027587890625;0;0;0.5533333420753479;0;1;0;1;0;0;0;1;0;0;1;0;0;0;1;0;1;1;0
10413;10;1;1;1;1;1;0;0;0;0;0;89.456382751464844;1.58154296875;-13.027587890625;-11.446044921875;-13.027587890625;0;0;0.56000006198883057;0;1;0;1;0;0;0;1;0;0;1;0;0;0;1;0;1;1;0
10423;10;1;1;1;1;1;0;0;0;0;0;89.420570373535156;1.5869140625;-13.027587890625;-11.440673828125;-13.027587890625;0;0;0.56666666269302368;0;1;0;1;0;0;0;1;0;0;1;0;0;0;1;0;1;1;0
10434;10;1;1;1;1;1;0;0;0;0;0;89.366859436035156;1.594970703125;-13.027587890625;-11.4326171875;-13.027587890625;0;0;0.57666671276092529;0;1;0;1;0;0;0;1;0;0;1;0;0;0;1;0;1;1;0
10443;10;1;1;1;1;1;0;0;0;0;0;89.3310546875;1.600341796875;-13.027587890625;-11.42724609375;-13.027587890625;0;0;0.57999998331069946;0;2;0;1;0;0;0;1;0;0;1;0;0;0;1;0;1;1;0
10453;10;1;1;1;2;1;0;0;0;0;0;89.275718688964844;1.608642578125;-13.027587890625;-11.4189453125;-13.027587890625;0;0;0.58666670322418213;0;2;0;1;0;0;0;1;0;0;1;0;0;0;1;0;1;1;0
10463;10;1;1;1;2;1;0;0;0;0;0;89.23828125;1.6142578125;-13.027587890625;-11.413330078125;-13.027587890625;0;0;0.59666663408279419;0;2;0;1;0;0;0;1;0;0;1;0;0;0;1;0;1;1;0
10473;10;1;1;1;2;1;0;0;0;0;0;89.182945251464844;1.62255859375;-13.027587890625;-11.405029296875;-13.027587890625;0;0;0.60333335399627686;0;2;0;1;0;0;0;1;0;0;1;0;0;0;1;0;1;1;0
10484;10;1;1;1;2;1;0;0;0;0;0;89.1455078125;1.628173828125;-13.027587890625;-11.3994140625;-13.027587890625;0;0;0.6066666841506958;0;2;0;1;0;0;0;1;0;0;1;0;0;0;1;0;1;1;0
10493;10;1;1;1;2;1;0;0;0;0;0;89.083656311035156;1.637451171875;-13.027587890625;-11.39013671875;-13.027587890625;0;0;0.61666667461395264;0;2;0;1;0;0;0;1;0;0;1;0;0;0;1;0;1;1;0
10503;10;1;1;1;2;1;0;0;0;0;0;89.044593811035156;1.643310546875;-13.027587890625;-11.38427734375;-13.027587890625;0;0;0.62333333492279053;0;2;0;1;0;0;0;1;0;0;1;0;0;0;1;0;1;1;0
10513;10;1;1;1;2;1;0;0;0;0;0;88.990882873535156;1.6513671875;-13.027587890625;-11.376220703125;-13.027587890625;0;0;0.62999999523162842;0;2;0;1;0;0;0;1;0;0;1;0;0;0;1;0;1;1;0
10524;10;1;1;1;2;1;0;0;0;0;0;88.951820373535156;1.6572265625;-13.027587890625;-11.370361328125;-13.027587890625;0;0;0.63333332538604736;0;2;0;1;0;0;0;1;0;0;1;0;0;0;1;0;1;1;0
10533;10;1;1;1;2;1;0;0;0;0;0;88.8916015625;1.666259765625;-13.027587890625;-11.361328125;-13.027587890625;0;0;0.64000004529953;0;2;0;1;0;0;0;1;0;0;1;0;0;0;1;0;1;1;0
10543;10;1;1;1;2;1;0;0;0;0;0;88.850914001464844;1.67236328125;-13.027587890625;-11.355224609375;-13.027587890625;0;0;0.64666664600372314;0;2;0;1;0;0;0;1;0;0;1;0;0;0;1;0;1;1;0
10554;10;1;1;1;2;1;0;0;0;0;0;88.785804748535156;1.68212890625;-13.027587890625;-11.345458984375;-13.027587890625;0;0;0.65333336591720581;0;2;0;1;0;0;0;1;0;0;1;0;0;0;1;0;1;1;0
10563;10;1;1;1;2;1;0;0;0;0;0;88.7451171875;1.688232421875;-13.027587890625;-11.33935546875;-13.027587890625;0;0;0.6600000262260437;0;2;0;1;0;0;0;1;0;0;1;0;0;0;1;0;1;1;0
10573;10;1;1;1;2;1;0;0;0;0;0;88.683265686035156;1.697509765625;-13.027587890625;-11.330078125;-13.027587890625;0;0;0.66666668653488159;0;2;0;1;0;0;0;1;0;0;1;0;0;0;1;0;1;1;0
10583;10;1;1;1;2;1;0;0;0;0;0;88.640953063964844;1.703857421875;-13.027587890625;-11.32373046875;-13.027587890625;0;0;0.67000001668930054;0;2;0;1;0;0;0;1;0;0;1;0;0;0;1;0;1;1;0
10593;10;1;1;1;2;1;0;0;0;0;0;88.5791015625;1.713134765625;-13.027587890625;-11.314453125;-13.027587890625;0;0;0.67666667699813843;0;2;0;1;0;0;0;1;0;0;1;0;0;0;1;0;1;1;0
10603;10;1;1;1;2;1;0;0;0;0;0;88.536781311035156;1.719482421875;-13.027587890625;-11.30810546875;-13.027587890625;0;0;0.68333333730697632;0;2;0;1;0;0;0;1;0;0;1;0;0;0;1;0;1;1;0
10613;10;1;1;1;2;1;0;0;0;0;0;88.478187561035156;1.728271484375;-13.027587890625;-11.29931640625;-13.027587890625;0;0;0.68999999761581421;0;2;0;1;0;0;0;1;0;0;1;0;0;0;1;0;1;1;0
10623;10;1;1;1;2;1;0;0;0;0;0;88.435874938964844;1.734619140625;-13.027587890625;-11.29296875;-13.027587890625;0;0;0.68999999761581421;0;2;0;1;0;0;0;1;0;0;1;0;0;0;1;0;1;1;0
10633;10;1;1;1;2;1;0;0;0;0;0;88.369140625;1.74462890625;-13.027587890625;-11.282958984375;-13.027587890625;0;0;0.699999988079071;0;2;0;1;0;0;0;1;0;0;1;0;0;0;1;0;1;1;0
10643;10;1;1;1;2;1;0;0;0;0;0;88.3203125;1.751953125;-13.027587890625;-11.275634765625;-13.027587890625;0;0;0.70666670799255371;0;2;0;1;0;0;0;1;0;0;1;0;0;0;1;0;1;1;0
10654;10;1;1;1;2;1;0;0;0;0;0;88.260093688964844;1.760986328125;-13.027587890625;-11.2666015625;-13.027587890625;0;0;0.71000003814697266;0;2;0;1;0;0;0;1;0;0;1;0;0;0;1;0;1;1;0
10663;10;1;1;1;2;1;0;0;0;0;0;88.216148376464844;1.767578125;-13.027587890625;-11.260009765625;-13.027587890625;0;0;0.71333330869674683;0;2;0;1;0;0;0;1;0;0;1;0;0;0;1;0;1;1;0
10673;10;1;1;1;2;1;0;0;0;0;0;88.1494140625;1.777587890625;-13.027587890625;-11.25;-13.027587890625;0;0;0.72333335876464844;0;2;0;1;0;0;0;1;0;0;1;0;0;0;1;0;1;1;0
10683;10;1;1;1;2;1;0;0;0;0;0;88.103843688964844;1.784423828125;-13.027587890625;-11.2431640625;-13.027587890625;0;0;0.72666668891906738;0;2;0;1;0;0;0;1;0;0;1;0;0;0;1;0;1;1;0
10693;10;1;1;1;2;1;0;0;0;0;0;88.030601501464844;1.79541015625;-13.027587890625;-11.232177734375;-13.027587890625;0;0;0.73333334922790527;0;2;0;1;0;0;0;1;0;0;1;0;0;0;1;0;1;1;0
10703;10;1;1;1;2;1;0;0;0;0;0;87.985023498535156;1.80224609375;-13.027587890625;-11.225341796875;-13.027587890625;0;0;0.73666667938232422;0;2;0;1;0;0;0;1;0;0;1;0;0;0;1;0;1;1;0
10713;10;1;1;1;2;1;0;0;0;0;0;87.921546936035156;1.811767578125;-13.027587890625;-11.2158203125;-13.027587890625;0;0;0.74333339929580688;0;2;0;1;0;0;0;1;0;0;1;0;0;0;1;0;1;1;0
10723;10;1;1;1;2;1;0;0;0;0;0;87.869468688964844;1.819580078125;-13.027587890625;-11.2080078125;-13.027587890625;0;0;0.746666669845581;0;2;0;1;0;0;0;1;0;0;1;0;0;0;1;0;1;1;0
10733;10;1;1;1;2;1;0;0;0;0;0;87.799476623535156;1.830078125;-13.027587890625;-11.197509765625;-13.027587890625;0;0;0.75666671991348267;0;2;0;1;0;0;0;1;0;0;1;0;0;0;1;0;1;1;0
10743;10;1;1;1;2;1;0;0;0;0;0;87.7587890625;1.836181640625;-13.027587890625;-11.19140625;-13.027587890625;0;0;0.75666671991348267;0;2;0;1;0;0;0;1;0;0;1;0;0;0;1;0;1;1;0
10753;10;1;1;1;2;1;0;0;0;0;0;87.682289123535156;1.84765625;-13.027587890625;-11.179931640625;-13.027587890625;0;0;0.76333332061767578;0;2;0;1;0;0;0;1;0;0;1;0;0;0;1;0;1;1;0
10763;10;1;1;1;2;1;0;0;0;0;0;87.6416015625;1.853759765625;-13.027587890625;-11.173828125;-13.027587890625;0;0;0.76666665077209473;0;2;0;1;0;0;0;1;0;0;1;0;0;0;1;0;1;1;0
10773;10;1;1;1;2;1;0;0;0;0;0;87.5634765625;1.865478515625;-13.027587890625;-11.162109375;-13.027587890625;0;0;0.77333337068557739;0;2;0;1;0;0;0;1;0;0;1;0;0;0;1;0;1;1;0
10783;10;1;1;1;2;1;0;0;0;0;0;87.516273498535156;1.87255859375;-13.027587890625;-11.155029296875;-13.027587890625;0;0;0.77666670083999634;0;2;0;1;0;0;0;1;0;0;1;0;0;0;1;0;1;1;0
10793;10;1;1;1;2;1;0;0;0;0;0;87.443031311035156;1.883544921875;-13.027587890625;-11.14404296875;-13.027587890625;0;0;0.78333336114883423;0;2;0;1;0;0;0;1;0;0;1;0;0;0;1;0;1;1;0
10803;10;1;1;1;2;1;0;0;0;0;0;87.394203186035156;1.890869140625;-13.027587890625;-11.13671875;-13.027587890625;0;0;0.78666669130325317;0;2;0;1;0;0;0;1;0;0;1;0;0;0;1;0;1;1;0
10814;10;1;1;1;2;1;0;0;0;0;0;87.327476501464844;1.90087890625;-13.027587890625;-11.126708984375;-13.027587890625;0;0;0.79000002145767212;0;2;0;1;0;0;0;1;0;0;1;0;0;0;1;0;1;1;0
10823;10;1;1;1;2;1;0;0;0;0;0;87.272132873535156;1.9091796875;-13.027587890625;-11.118408203125;-13.027587890625;0;0;0.79666668176651;0;2;0;1;0;0;0;1;0;0;1;0;0;0;1;0;1;1;0
10833;10;1;1;1;2;1;0;0;0;0;0;87.205406188964844;1.919189453125;-13.027587890625;-11.1083984375;-13.027587890625;0;0;0.800000011920929;0;2;0;1;0;0;0;1;0;0;1;0;0;0;1;0;1;1;0
10843;10;1;1;1;2;1;0;0;0;0;0;87.154945373535156;1.9267578125;-13.027587890625;-11.100830078125;-13.027587890625;0;0;0.80666667222976685;0;2;0;1;0;0;0;1;0;0;1;0;0;0;1;0;1;1;0
10853;10;1;1;1;2;1;0;0;0;0;0;87.080078125;1.93798828125;-13.027587890625;-11.089599609375;-13.027587890625;0;0;0.81000006198883057;0;2;0;1;0;0;0;1;0;0;1;0;0;0;1;0;1;1;0
10863;10;1;1;1;2;1;0;0;0;0;0;87.029624938964844;1.945556640625;-13.027587890625;-11.08203125;-13.027587890625;0;0;0.81333333253860474;0;2;0;1;0;0;0;1;0;0;1;0;0;0;1;0;1;1;0
10873;10;1;1;1;2;1;0;0;0;0;0;86.954750061035156;1.956787109375;-13.027587890625;-11.07080078125;-13.027587890625;0;0;0.81999999284744263;0;2;0;1;0;0;0;1;0;0;1;0;0;0;1;0;1;1;0
10884;10;1;1;1;2;1;0;0;0;0;0;86.897789001464844;1.96533203125;-13.027587890625;-11.062255859375;-13.027587890625;0;0;0.81666666269302368;0;2;0;1;0;0;0;1;0;0;1;0;0;0;1;0;1;1;0
10893;10;1;1;1;2;1;0;0;0;0;0;86.827796936035156;1.975830078125;-13.027587890625;-11.0517578125;-13.027587890625;0;0;0.82666671276092529;0;2;0;1;0;0;0;1;0;0;1;0;0;0;1;0;1;1;0
10903;10;1;1;1;2;1;0;0;0;0;0;86.775718688964844;1.983642578125;-13.027587890625;-11.0439453125;-13.027587890625;0;0;0.83333331346511841;0;2;0;1;0;0;0;1;0;0;1;0;0;0;1;0;1;1;0
10914;10;1;1;1;2;1;0;0;0;0;0;86.697593688964844;1.995361328125;-13.027587890625;-11.0322265625;-13.027587890625;0;0;0.84000003337860107;0;2;0;1;0;0;0;1;0;0;1;0;0;0;1;0;1;1;0
10923;10;1;1;1;2;1;0;0;0;0;0;86.6455078125;2.003173828125;-13.027587890625;-11.0244140625;-13.027587890625;0;0;0.84666663408279419;0;2;0;1;0;0;0;1;0;0;1;0;0;0;1;0;1;1;0
10933;10;1;1;1;2;1;0;0;0;0;0;86.565757751464844;2.01513671875;-13.027587890625;-11.012451171875;-13.027587890625;0;0;0.8566666841506958;0;2;0;1;0;0;0;1;0;0;1;0;0;0;1;0;1;1;0
10943;10;1;1;1;2;1;0;0;0;0;0;86.512046813964844;2.023193359375;-13.027587890625;-11.00439453125;-13.027587890625;0;0;0.86333334445953369;0;2;0;1;0;0;0;1;0;0;1;0;0;0;1;0;1;1;0
10954;10;1;1;1;2;1;0;0;0;0;0;86.4306640625;2.035400390625;-13.027587890625;-10.9921875;-13.027587890625;0;0;0.87666672468185425;0;2;0;1;0;0;0;1;0;0;1;0;0;0;1;0;1;1;0
10963;10;1;1;1;2;1;0;0;0;0;0;86.368812561035156;2.044677734375;-13.027587890625;-10.98291015625;-13.027587890625;0;0;0.88333332538604736;0;2;0;1;0;0;0;1;0;0;1;0;0;0;1;0;1;1;0
10973;10;1;1;1;2;1;0;0;0;0;0;86.287437438964844;2.056884765625;-13.027587890625;-10.970703125;-13.027587890625;0;0;0.88666665554046631;0;2;0;1;0;0;0;1;0;0;1;0;0;0;1;0;1;1;0
10983;10;1;1;1;2;1;0;0;0;0;0;86.232093811035156;2.065185546875;-13.027587890625;-10.96240234375;-13.027587890625;0;0;0.89666664600372314;0;2;0;1;0;0;0;1;0;0;1;0;0;0;1;0;1;1;0
10993;10;1;1;1;2;1;0;0;0;0;0;86.1474609375;2.077880859375;-13.027587890625;-10.94970703125;-13.027587890625;0;0;0.9100000262260437;0;2;0;1;0;0;0;1;0;0;1;0;0;0;1;0;1;1;0
11003;10;1;1;1;2;1;0;0;0;0;0;86.090492248535156;2.08642578125;-13.027587890625;-10.941162109375;-13.027587890625;0;0;0.91666668653488159;0;2;0;1;0;0;0;1;0;0;1;0;0;0;1;0;1;1;0
11013;10;1;1;1;2;1;0;0;0;0;0;86.012367248535156;2.09814453125;-13.027587890625;-10.929443359375;-13.027587890625;0;0;0.92000001668930054;0;2;0;1;0;0;0;1;0;0;1;0;0;0;1;0;1;1;0
11023;10;1;1;1;2;1;0;0;0;0;0;85.947265625;2.10791015625;-13.027587890625;-10.919677734375;-13.027587890625;0;0;0.92666667699813843;0;2;0;1;0;0;0;1;0;0;1;0;0;0;1;0;1;1;0
11033;10;1;1;1;2;1;0;0;0;0;0;85.867515563964844;2.119873046875;-13.027587890625;-10.90771484375;-13.027587890625;0;0;0.93999999761581421;0;2;0;1;0;0;0;1;0;0;1;0;0;0;1;0;1;1;0
11043;10;1;1;1;2;1;0;0;0;0;0;85.808921813964844;2.128662109375;-13.027587890625;-10.89892578125;-13.027587890625;0;0;0.94333338737487793;0;2;0;1;0;0;0;1;0;0;1;0;0;0;1;0;1;1;0
11053;10;1;1;1;2;1;0;0;0;0;0;85.721031188964844;2.141845703125;-13.027587890625;-10.8857421875;-13.027587890625;0;0;0.949999988079071;0;2;0;1;0;0;0;1;0;0;1;0;0;0;1;0;1;1;0
11063;10;1;1;1;2;1;0;0;0;0;0;85.654296875;2.15185546875;-13.027587890625;-10.875732421875;-13.027587890625;0;0;0.96000003814697266;0;2;0;1;0;0;0;1;0;0;1;0;0;0;1;0;1;1;0
11073;10;1;1;1;2;1;0;0;0;0;0;85.572914123535156;2.1640625;-13.027587890625;-10.863525390625;-13.027587890625;0;0;0.96666663885116577;0;2;0;1;0;0;0;1;0;0;1;0;0;0;1;0;1;1;0
11084;10;1;1;1;2;1;0;0;0;0;0;85.5126953125;2.173095703125;-13.027587890625;-10.8544921875;-13.027587890625;0;0;0.96666663885116577;0;2;0;1;0;0;0;1;0;0;1;0;0;0;1;0;1;1;0
11093;10;1;1;1;2;1;0;0;0;0;0;85.423179626464844;2.1865234375;-13.027587890625;-10.841064453125;-13.027587890625;0;0;0.97999995946884155;0;2;0;1;0;0;0;1;0;0;1;0;0;0;1;0;1;1;0
11103;10;1;1;1;2;1;0;0;0;0;0;85.353187561035156;2.197021484375;-13.027587890625;-10.83056640625;-13.027587890625;0;0;0.99000000953674316;0;2;0;1;0;0;0;1;0;0;1;0;0;0;1;0;1;1;0
11114;10;1;1;1;2;1;0;0;0;0;0;85.2685546875;2.209716796875;-13.027587890625;-10.81787109375;-13.027587890625;0;0;0.99333339929580688;0;2;0;1;0;0;0;1;0;0;1;0;0;0;1;0;1;1;0
11123;10;1;1;1;2;1;0;0;0;0;0;85.208335876464844;2.21875;-13.027587890625;-10.808837890625;-13.027587890625;0;0;0.99333339929580688;0;2;0;1;0;0;0;1;0;0;1;0;0;0;1;0;1;1;0
11133;10;1;1;1;2;1;0;0;0;0;0;85.1171875;2.232421875;-13.027587890625;-10.795166015625;-13.027587890625;0;0;1;0;2;0;1;0;0;0;1;0;0;1;0;0;0;1;0;1;1;0
11144;10;1;1;1;2;1;0;0;0;0;0;85.0537109375;2.241943359375;-13.027587890625;-10.78564453125;-13.027587890625;0;0;1.0099999904632568;0;2;0;1;0;0;0;1;0;0;1;0;0;0;1;0;1;1;0
11153;10;1;1;1;2;1;0;0;0;0;0;84.959312438964844;2.256103515625;-13.027587890625;-10.771484375;-13.027587890625;0;0;1.0133333206176758;0;2;0;1;0;0;0;1;0;0;1;0;0;0;1;0;1;1;0
11163;10;1;1;1;2;1;0;0;0;0;0;84.889320373535156;2.2666015625;-13.027587890625;-10.760986328125;-13.027587890625;0;0;1.0233333110809326;0;2;0;1;0;0;0;1;0;0;1;0;0;0;1;0;1;1;0
11173;10;1;1;1;2;1;0;0;0;0;0;84.801429748535156;2.27978515625;-13.027587890625;-10.747802734375;-13.027587890625;0;0;1.0299999713897705;0;2;0;1;0;0;0;1;0;0;1;0;0;0;1;0;1;1;0
11183;10;1;1;1;2;1;0;0;0;0;0;84.729820251464844;2.29052734375;-13.027587890625;-10.737060546875;-13.027587890625;0;0;1.0333333015441895;0;2;0;1;0;0;0;1;0;0;1;0;0;0;1;0;1;1;0
11193;10;1;1;1;2;1;0;0;0;0;0;84.6337890625;2.304931640625;-13.027587890625;-10.72265625;-13.027587890625;0;0;1.0366666316986084;0;2;0;1;0;0;0;1;0;0;1;0;0;0;1;0;1;1;0
11203;10;1;1;1;2;1;0;0;0;0;0;84.5703125;2.314453125;-13.027587890625;-10.713134765625;-13.027587890625;0;0;1.0433334112167358;0;2;0;1;0;0;0;1;0;0;1;0;0;0;1;0;1;1;0
11214;10;1;1;1;2;1;0;0;0;0;0;84.480796813964844;2.327880859375;-13.027587890625;-10.69970703125;-13.027587890625;0;0;1.0499999523162842;0;2;0;1;0;0;0;1;0;0;1;0;0;0;1;0;1;1;0
11223;10;1;1;1;2;1;0;0;0;0;0;84.407554626464844;2.3388671875;-13.027587890625;-10.688720703125;-13.027587890625;0;0;1.0499999523162842;0;2;0;1;0;0;0;1;0;0;1;0;0;0;1;0;1;1;0
11233;10;1;1;1;2;1;0;0;0;0;0;84.319664001464844;2.35205078125;-13.027587890625;-10.675537109375;-13.027587890625;0;0;1.0566667318344116;0;2;0;1;0;0;0;1;0;0;1;0;0;0;1;0;1;1;0
11245;10;1;1;1;2;1;0;0;0;0;0;84.2529296875;2.362060546875;-13.027587890625;-10.66552734375;-13.027587890625;0;0;1.0666667222976685;0;2;0;1;0;0;0;1;0;0;1;0;0;0;1;0;1;1;0
11253;10;1;1;1;2;1;0;0;0;0;0;84.1455078125;2.378173828125;-13.027587890625;-10.6494140625;-13.027587890625;0;0;1.0700000524520874;0;2;0;1;0;0;0;1;0;0;1;0;0;0;1;0;1;1;0
11263;10;1;1;1;2;1;0;0;0;0;0;84.080406188964844;2.387939453125;-13.027587890625;-10.6396484375;-13.027587890625;0;0;1.0666667222976685;0;2;0;1;0;0;0;1;0;0;1;0;0;0;1;0;1;1;0
11273;10;1;1;1;2;1;0;0;0;0;0;83.990882873535156;2.4013671875;-13.027587890625;-10.626220703125;-13.027587890625;0;0;1.0733333826065063;0;2;0;1;0;0;0;1;0;0;1;0;0;0;1;0;1;1;0
11283;10;1;1;1;2;1;0;0;0;0;0;83.914390563964844;2.412841796875;-13.027587890625;-10.61474609375;-13.027587890625;0;0;1.0833333730697632;0;2;0;1;0;0;0;1;0;0;1;0;0;0;1;0;1;1;0
11293;10;1;1;1;2;1;0;0;0;0;0;83.8232421875;2.426513671875;-13.027587890625;-10.60107421875;-13.027587890625;0;0;1.0900000333786011;0;2;0;1;0;0;0;1;0;0;1;0;0;0;1;0;1;1;0
11303;10;1;1;1;2;1;0;0;0;0;0;83.756507873535156;2.4365234375;-13.027587890625;-10.591064453125;-13.027587890625;0;0;1.0900000333786011;0;2;0;1;0;0;0;1;0;0;1;0;0;0;1;0;1;1;0
11315;10;1;1;1;2;1;0;0;0;0;0;83.655601501464844;2.45166015625;-13.027587890625;-10.575927734375;-13.027587890625;0;0;1.0900000333786011;0;2;0;1;0;0;0;1;0;0;1;0;0;0;1;0;1;1;0
11323;10;1;1;1;2;1;0;0;0;0;0;83.5791015625;2.463134765625;-13.027587890625;-10.564453125;-13.027587890625;0;0;1.1000000238418579;0;2;0;1;0;0;0;1;0;0;1;0;0;0;1;0;1;1;0
11333;10;1;1;1;2;1;0;0;0;0;0;83.484703063964844;2.477294921875;-13.027587890625;-10.55029296875;-13.027587890625;0;0;1.1066666841506958;0;2;0;1;0;0;0;1;0;0;1;0;0;0;1;0;1;1;0
11343;10;1;1;1;2;1;0;0;0;0;0;83.41796875;2.4873046875;-13.027587890625;-10.540283203125;-13.027587890625;0;0;1.1100000143051147;0;2;0;1;0;0;0;1;0;0;1;0;0;0;1;0;1;1;0
11353;10;1;1;1;2;1;0;0;0;0;0;83.307289123535156;2.50390625;-13.027587890625;-10.523681640625;-13.027587890625;0;0;1.1100000143051147;0;2;0;1;0;0;0;1;0;0;1;0;0;0;1;0;1;1;0
11363;10;1;1;1;2;1;0;0;0;0;0;83.2470703125;2.512939453125;-13.027587890625;-10.5146484375;-13.027587890625;0;0;1.1133333444595337;0;2;0;1;0;0;0;1;0;0;1;0;0;0;1;0;1;1;0
11373;10;1;1;1;2;1;0;0;0;0;0;83.134765625;2.52978515625;-13.027587890625;-10.497802734375;-13.027587890625;0;0;1.1200001239776611;0;2;0;1;0;0;0;1;0;0;1;0;0;0;1;0;1;1;0
11383;10;1;1;1;2;1;0;0;0;0;0;83.06640625;2.5400390625;-13.027587890625;-10.487548828125;-13.027587890625;0;0;1.1200001239776611;0;2;0;1;0;0;0;1;0;0;1;0;0;0;1;0;1;1;0
11393;10;1;1;1;2;1;0;0;0;0;0;82.962242126464844;2.5556640625;-13.027587890625;-10.471923828125;-13.027587890625;0;0;1.1266666650772095;0;2;0;1;0;0;0;1;0;0;1;0;0;0;1;0;1;1;0
11403;10;1;1;1;2;1;0;0;0;0;0;82.892250061035156;2.566162109375;-13.027587890625;-10.46142578125;-13.027587890625;0;0;1.1299999952316284;0;2;0;1;0;0;0;1;0;0;1;0;0;0;1;0;1;1;0
11414;10;1;1;1;2;1;0;0;0;0;0;82.7978515625;2.580322265625;-13.027587890625;-10.447265625;-13.027587890625;0;0;1.1366667747497559;0;2;0;1;0;0;0;1;0;0;1;0;0;0;1;0;1;1;0
11423;10;1;1;1;2;1;0;0;0;0;0;82.7197265625;2.592041015625;-13.027587890625;-10.435546875;-13.027587890625;0;0;1.1333333253860474;0;2;0;1;0;0;0;1;0;0;1;0;0;0;1;0;1;1;0
11433;10;1;1;1;2;1;0;0;0;0;0;82.613929748535156;2.60791015625;-13.027587890625;-10.419677734375;-13.027587890625;0;0;1.1366667747497559;0;2;0;1;0;0;0;1;0;0;1;0;0;0;1;0;1;1;0
11443;10;1;1;1;2;1;0;0;0;0;0;82.552085876464844;2.6171875;-13.027587890625;-10.410400390625;-13.027587890625;0;0;1.1433333158493042;0;2;0;1;0;0;0;1;0;0;1;0;0;0;1;0;1;1;0
11453;10;1;1;1;2;1;0;0;0;0;0;82.438148498535156;2.63427734375;-13.027587890625;-10.393310546875;-13.027587890625;0;0;1.1466667652130127;0;2;0;1;0;0;0;1;0;0;1;0;0;0;1;0;1;1;0
11463;10;1;1;1;2;1;0;0;0;0;0;82.3779296875;2.643310546875;-13.027587890625;-10.38427734375;-13.027587890625;0;0;1.1466667652130127;0;2;0;1;0;0;0;1;0;0;1;0;0;0;1;0;1;1;0
11473;10;1;1;1;2;1;0;0;0;0;0;82.2705078125;2.659423828125;-13.027587890625;-10.3681640625;-13.027587890625;0;0;1.1533334255218506;0;2;0;1;0;0;0;1;0;0;1;0;0;0;1;0;1;1;0
11483;10;1;1;1;2;1;0;0;0;0;0;82.190757751464844;2.67138671875;-13.027587890625;-10.356201171875;-13.027587890625;0;0;1.1533334255218506;0;2;0;1;0;0;0;1;0;0;1;0;0;0;1;0;1;1;0
11493;10;1;1;1;2;1;0;0;0;0;0;82.0947265625;2.685791015625;-13.027587890625;-10.341796875;-13.027587890625;0;0;1.15666663646698;0;2;0;1;0;0;0;1;0;0;1;0;0;0;1;0;1;1;0
11503;10;1;1;1;2;1;0;0;0;0;0;82.023109436035156;2.696533203125;-13.027587890625;-10.3310546875;-13.027587890625;0;0;1.15666663646698;0;2;0;1;0;0;0;1;0;0;1;0;0;0;1;0;1;1;0
11514;10;1;1;1;2;1;0;0;0;0;0;81.915687561035156;2.712646484375;-13.027587890625;-10.31494140625;-13.027587890625;0;0;1.1633334159851074;0;2;0;1;0;0;0;1;0;0;1;0;0;0;1;0;1;1;0
11523;10;1;1;1;2;1;0;0;0;0;0;81.8359375;2.724609375;-13.027587890625;-10.302978515625;-13.027587890625;0;0;1.1633334159851074;0;2;0;1;0;0;0;1;0;0;1;0;0;0;1;0;1;1;0
11533;10;1;1;1;2;1;0;0;0;0;0;81.736656188964844;2.739501953125;-13.027587890625;-10.2880859375;-13.027587890625;0;0;1.1700000762939453;0;2;0;1;0;0;0;1;0;0;1;0;0;0;1;0;1;1;0
11543;10;1;1;1;2;1;0;0;0;0;0;81.6552734375;2.751708984375;-13.027587890625;-10.27587890625;-13.027587890625;0;0;1.1733334064483643;0;2;0;1;0;0;0;1;0;0;1;0;0;0;1;0;1;1;0
11553;10;1;1;1;2;1;0;0;0;0;0;81.5478515625;2.767822265625;-13.027587890625;-10.259765625;-13.027587890625;0;0;1.1733334064483643;0;2;0;1;0;0;0;1;0;0;1;0;0;0;1;0;1;1;0
11563;10;1;1;1;2;1;0;0;0;0;0;81.486000061035156;2.777099609375;-13.027587890625;-10.25048828125;-13.027587890625;0;0;1.1733334064483643;0;2;0;1;0;0;0;1;0;0;1;0;0;0;1;0;1;1;0
11573;10;1;1;1;2;1;0;0;0;0;0;81.3671875;2.794921875;-13.027587890625;-10.232666015625;-13.027587890625;0;0;1.1800000667572021;0;2;0;1;0;0;0;1;0;0;1;0;0;0;1;0;1;1;0
11583;10;1;1;1;2;1;0;0;0;0;0;81.295570373535156;2.8056640625;-13.027587890625;-10.221923828125;-13.027587890625;0;0;1.1800000667572021;0;2;0;1;0;0;0;1;0;0;1;0;0;0;1;0;1;1;0
11593;10;1;1;1;2;1;0;0;0;0;0;81.1865234375;2.822021484375;-13.027587890625;-10.20556640625;-13.027587890625;0;0;1.1833332777023315;0;2;0;1;0;0;0;1;0;0;1;0;0;0;1;0;1;1;0
11603;10;1;1;1;2;1;0;0;0;0;0;81.123046875;2.83154296875;-13.027587890625;-10.196044921875;-13.027587890625;0;0;1.1833332777023315;0;2;0;1;0;0;0;1;0;0;1;0;0;0;1;0;1;1;0
11614;10;1;1;1;2;1;0;0;0;0;0;81.013999938964844;2.847900390625;-13.027587890625;-10.1796875;-13.027587890625;0;0;1.18666672706604;0;2;0;1;0;0;0;1;0;0;1;0;0;0;1;0;1;1;0
11625;10;1;1;1;2;1;0;0;0;0;0;80.940757751464844;2.85888671875;-13.027587890625;-10.168701171875;-13.027587890625;0;0;1.190000057220459;0;2;0;1;0;0;0;1;0;0;1;0;0;0;1;0;1;1;0
11633;10;1;1;1;2;1;0;0;0;0;0;80.831703186035156;2.875244140625;-13.027587890625;-10.15234375;-13.027587890625;0;0;1.1933332681655884;0;2;0;1;0;0;0;1;0;0;1;0;0;0;1;0;1;1;0
11643;10;1;1;1;2;1;0;0;0;0;0;80.7568359375;2.886474609375;-13.027587890625;-10.14111328125;-13.027587890625;0;0;1.1966667175292969;0;2;0;1;0;0;0;1;0;0;1;0;0;0;1;0;1;1;0
11653;10;1;1;1;2;1;0;0;0;0;0;80.638023376464844;2.904296875;-13.027587890625;-10.123291015625;-13.027587890625;0;0;1.1966667175292969;0;2;0;1;0;0;0;1;0;0;1;0;0;0;1;0;1;1;0
11663;10;1;1;1;2;1;0;0;0;0;0;80.564781188964844;2.915283203125;-13.027587890625;-10.1123046875;-13.027587890625;0;0;1.1966667175292969;0;2;0;1;0;0;0;1;0;0;1;0;0;0;1;0;1;1;0
11674;10;1;1;1;2;1;0;0;0;0;0;80.4638671875;2.930419921875;-13.027587890625;-10.09716796875;-13.027587890625;0;0;1.2033333778381348;0;2;0;1;0;0;0;1;0;0;1;0;0;0;1;0;1;1;0
11683;10;1;1;1;2;1;0;0;0;0;0;80.390625;2.94140625;-13.027587890625;-10.086181640625;-13.027587890625;0;0;1.2033333778381348;0;2;0;1;0;0;0;1;0;0;1;0;0;0;1;0;1;1;0
11693;10;1;1;1;2;1;0;0;0;0;0;80.279945373535156;2.9580078125;-13.027587890625;-10.069580078125;-13.027587890625;0;0;1.2033333778381348;0;2;0;1;0;0;0;1;0;0;1;0;0;0;1;0;1;1;0
11703;10;1;1;1;2;1;0;0;0;0;0;80.206703186035156;2.968994140625;-13.027587890625;-10.05859375;-13.027587890625;0;0;1.2033333778381348;0;2;0;1;0;0;0;1;0;0;1;0;0;0;1;0;1;1;0
11714;10;1;1;1;2;1;0;0;0;0;0;80.094398498535156;2.98583984375;-13.027587890625;-10.041748046875;-13.027587890625;0;0;1.2099999189376831;0;2;0;1;0;0;0;1;0;0;1;0;0;0;1;0;1;1;0
11723;10;1;1;1;2;1;0;0;0;0;0;80.021156311035156;2.996826171875;-13.027587890625;-10.03076171875;-13.027587890625;0;0;1.2099999189376831;0;2;0;1;0;0;0;1;0;0;1;0;0;0;1;0;1;1;0
11733;10;1;1;1;2;1;0;0;0;0;0;79.910484313964844;3.013427734375;-13.027587890625;-10.01416015625;-13.027587890625;0;0;1.2099999189376831;0;2;0;1;0;0;0;1;0;0;1;0;0;0;1;0;1;1;0
11745;10;1;1;1;2;1;0;0;0;0;0;79.825843811035156;3.026123046875;-13.027587890625;-10.00146484375;-13.027587890625;0;0;1.2133333683013916;0;2;0;1;0;0;0;1;0;0;1;0;0;0;1;0;1;1;0
11753;10;1;1;1;2;1;0;0;0;0;0;79.723304748535156;3.04150390625;-13.027587890625;-9.986083984375;-13.027587890625;0;0;1.2133333683013916;0;2;0;1;0;0;0;1;0;0;1;0;0;0;1;0;1;1;0
11763;10;1;1;1;2;1;0;0;0;0;0;79.650062561035156;3.052490234375;-13.027587890625;-9.97509765625;-13.027587890625;0;0;1.2133333683013916;0;2;0;1;0;0;0;1;0;0;1;0;0;0;1;0;1;1;0
11774;10;1;1;1;2;1;0;0;0;0;0;79.527992248535156;3.07080078125;-13.027587890625;-9.956787109375;-13.027587890625;0;0;1.2166666984558105;0;2;0;1;0;0;0;1;0;0;1;0;0;0;1;0;1;1;0
11783;10;1;1;1;2;1;0;0;0;0;0;79.453125;3.08203125;-13.027587890625;-9.945556640625;-13.027587890625;0;0;1.2200000286102295;0;2;0;1;0;0;0;1;0;0;1;0;0;0;1;0;1;1;0
11793;10;1;1;1;2;1;0;0;0;0;0;79.3408203125;3.098876953125;-13.027587890625;-9.9287109375;-13.027587890625;0;0;1.2200000286102295;0;2;0;1;0;0;0;1;0;0;1;0;0;0;1;0;1;1;0
11803;10;1;1;1;2;1;0;0;0;0;0;79.267578125;3.10986328125;-13.027587890625;-9.917724609375;-13.027587890625;0;0;1.2233333587646484;0;2;0;1;0;0;0;1;0;0;1;0;0;0;1;0;1;1;0
11813;10;1;1;1;2;1;0;0;0;0;0;79.163414001464844;3.12548828125;-13.027587890625;-9.902099609375;-13.027587890625;0;0;1.2200000286102295;0;2;0;1;0;0;0;1;0;0;1;0;0;0;1;0;1;1;0
11823;10;1;1;1;2;1;0;0;0;0;0;79.080406188964844;3.137939453125;-13.027587890625;-9.8896484375;-13.027587890625;0;0;1.2233333587646484;0;2;0;1;0;0;0;1;0;0;1;0;0;0;1;0;1;1;0
11833;10;1;1;1;2;1;0;0;0;0;0;78.966468811035156;3.155029296875;-13.027587890625;-9.87255859375;-13.027587890625;0;0;1.2266666889190674;0;2;0;1;0;0;0;1;0;0;1;0;0;0;1;0;1;1;0
11844;10;1;1;1;2;1;0;0;0;0;0;78.9013671875;3.164794921875;-13.027587890625;-9.86279296875;-13.027587890625;0;0;1.2266666889190674;0;2;0;1;0;0;0;1;0;0;1;0;0;0;1;0;1;1;0
11853;10;1;1;1;2;1;0;0;0;0;0;78.779296875;3.18310546875;-13.027587890625;-9.844482421875;-13.027587890625;0;0;1.2300000190734863;0;2;0;1;0;0;0;1;0;0;1;0;0;0;1;0;1;1;0
11863;10;1;1;1;2;1;0;0;0;0;0;78.712562561035156;3.193115234375;-13.027587890625;-9.83447265625;-13.027587890625;0;0;1.2300000190734863;0;2;0;1;0;0;0;1;0;0;1;0;0;0;1;0;1;1;0
11873;10;1;1;1;2;1;0;0;0;0;0;78.600257873535156;3.2099609375;-13.027587890625;-9.817626953125;-13.027587890625;0;0;1.2300000190734863;0;2;0;1;0;0;0;1;0;0;1;0;0;0;1;0;1;1;0
11883;10;1;1;1;2;1;0;0;0;0;0;78.525390625;3.22119140625;-13.027587890625;-9.806396484375;-13.027587890625;0;0;1.2333333492279053;0;2;0;1;0;0;0;1;0;0;1;0;0;0;1;0;1;1;0
11893;10;1;1;1;2;1;0;0;0;0;0;78.411460876464844;3.23828125;-13.027587890625;-9.789306640625;-13.027587890625;0;0;1.2333333492279053;0;2;0;1;0;0;0;1;0;0;1;0;0;0;1;0;1;1;0
11903;10;1;1;1;2;1;0;0;0;0;0;78.336585998535156;3.24951171875;-13.027587890625;-9.778076171875;-13.027587890625;0;0;1.2333333492279053;0;2;0;1;0;0;0;1;0;0;1;0;0;0;1;0;1;1;0
11913;10;1;1;1;2;1;0;0;0;0;0;78.22265625;3.2666015625;-13.027587890625;-9.760986328125;-13.027587890625;0;0;1.2366667985916138;0;2;0;1;0;0;0;1;0;0;1;0;0;0;1;0;1;1;0
11923;10;1;1;1;2;1;0;0;0;0;0;78.146156311035156;3.278076171875;-13.027587890625;-9.74951171875;-13.027587890625;0;0;1.2366667985916138;0;2;0;1;0;0;0;1;0;0;1;0;0;0;1;0;1;1;0
11933;10;1;1;1;2;1;0;0;0;0;0;78.033851623535156;3.294921875;-13.027587890625;-9.732666015625;-13.027587890625;0;0;1.2366667985916138;0;2;0;1;0;0;0;1;0;0;1;0;0;0;1;0;1;1;0
11943;10;1;1;1;2;1;0;0;0;0;0;77.957359313964844;3.306396484375;-13.027587890625;-9.72119140625;-13.027587890625;0;0;1.2400000095367432;0;2;0;1;0;0;0;1;0;0;1;0;0;0;1;0;1;1;0
11953;10;1;1;1;2;1;0;0;0;0;0;77.843421936035156;3.323486328125;-13.027587890625;-9.7041015625;-13.027587890625;0;0;1.2400000095367432;0;2;0;1;0;0;0;1;0;0;1;0;0;0;1;0;1;1;0
11963;10;1;1;1;2;1;0;0;0;0;0;77.7685546875;3.334716796875;-13.027587890625;-9.69287109375;-13.027587890625;0;0;1.2400000095367432;0;2;0;1;0;0;0;1;0;0;1;0;0;0;1;0;1;1;0
11974;10;1;1;1;2;1;0;0;0;0;0;77.644859313964844;3.353271484375;-13.027587890625;-9.67431640625;-13.027587890625;0;0;1.2433333396911621;0;2;0;1;0;0;0;1;0;0;1;0;0;0;1;0;1;1;0
11983;10;1;1;1;2;1;0;0;0;0;0;77.568359375;3.36474609375;-13.027587890625;-9.662841796875;-13.027587890625;0;0;1.2433333396911621;0;2;0;1;0;0;0;1;0;0;1;0;0;0;1;0;1;1;0
11993;10;1;1;1;2;1;0;0;0;0;0;77.454429626464844;3.3818359375;-13.027587890625;-9.645751953125;-13.027587890625;0;0;1.2433333396911621;0;2;0;1;0;0;0;1;0;0;1;0;0;0;1;0;1;1;0
12003;10;1;1;1;2;1;0;0;0;0;0;77.3876953125;3.391845703125;-13.027587890625;-9.6357421875;-13.027587890625;0;0;1.2433333396911621;0;2;0;1;0;0;0;1;0;0;1;0;0;0;1;0;1;1;0
12013;10;1;1;1;2;1;0;0;0;0;0;77.273765563964844;3.408935546875;-13.027587890625;-9.61865234375;-13.027587890625;0;0;1.2466666698455811;0;2;0;1;0;0;0;1;0;0;1;0;0;0;1;0;1;1;0
12023;10;1;1;1;2;1;0;0;0;0;0;77.197265625;3.42041015625;-13.027587890625;-9.607177734375;-13.027587890625;0;0;1.2433333396911621;0;2;0;1;0;0;0;1;0;0;1;0;0;0;1;0;1;1;0
12033;10;1;1;1;2;1;0;0;0;0;0;77.083335876464844;3.4375;-13.027587890625;-9.590087890625;-13.027587890625;0;0;1.2466666698455811;0;2;0;1;0;0;0;1;0;0;1;0;0;0;1;0;1;1;0
12043;10;1;1;1;2;1;0;0;0;0;0;76.9970703125;3.450439453125;-13.027587890625;-9.5771484375;-13.027587890625;0;0;1.2466666698455811;0;2;0;1;0;0;0;1;0;0;1;0;0;0;1;0;1;1;0
12053;10;1;1;1;2;1;0;0;0;0;0;76.892906188964844;3.466064453125;-13.027587890625;-9.5615234375;-13.027587890625;0;0;1.2466666698455811;0;2;0;1;0;0;0;1;0;0;1;0;0;0;1;0;1;1;0
12064;10;1;1;1;2;1;0;0;0;0;0;76.81640625;3.4775390625;-13.027587890625;-9.550048828125;-13.027587890625;0;0;1.2466666698455811;0;2;0;1;0;0;0;1;0;0;1;0;0;0;1;0;1;1;0
12075;10;1;1;1;2;1;0;0;0;0;0;76.700843811035156;3.494873046875;-13.027587890625;-9.53271484375;-13.027587890625;0;0;1.25;0;2;0;1;0;0;0;1;0;0;1;0;0;0;1;0;1;1;0
12083;10;1;1;1;2;1;0;0;0;0;0;76.614585876464844;3.5078125;-13.027587890625;-9.519775390625;-13.027587890625;0;0;1.25;0;2;0;1;0;0;0;1;0;0;1;0;0;0;1;0;1;1;0
12093;10;1;1;1;2;1;0;0;0;0;0;76.510414123535156;3.5234375;-13.027587890625;-9.504150390625;-13.027587890625;0;0;1.25;0;2;0;1;0;0;0;1;0;0;1;0;0;0;1;0;1;1;0
12104;10;1;1;1;2;1;0;0;0;0;0;76.424156188964844;3.536376953125;-13.027587890625;-9.4912109375;-13.027587890625;0;0;1.25;0;2;0;1;0;0;0;1;0;0;1;0;0;0;1;0;1;1;0
12113;10;1;1;1;2;1;0;0;0;0;0;76.318359375;3.55224609375;-13.027587890625;-9.475341796875;-13.027587890625;0;0;1.2533334493637085;0;2;0;1;0;0;0;1;0;0;1;0;0;0;1;0;1;1;0
12123;10;1;1;1;2;1;0;0;0;0;0;76.241859436035156;3.563720703125;-13.027587890625;-9.4638671875;-13.027587890625;0;0;1.2533334493637085;0;2;0;1;0;0;0;1;0;0;1;0;0;0;1;0;1;1;0
12133;10;1;1;1;2;1;0;0;0;0;0;76.126304626464844;3.5810546875;-13.027587890625;-9.446533203125;-13.027587890625;0;0;1.2533334493637085;0;2;0;1;0;0;0;1;0;0;1;0;0;0;1;0;1;1;0
12143;10;1;1;1;2;1;0;0;0;0;0;76.0498046875;3.592529296875;-13.027587890625;-9.43505859375;-13.027587890625;0;0;1.2533334493637085;0;2;0;1;0;0;0;1;0;0;1;0;0;0;1;0;1;1;0
12153;10;1;1;1;2;1;0;0;0;0;0;75.934242248535156;3.60986328125;-13.027587890625;-9.417724609375;-13.027587890625;0;0;1.2566666603088379;0;2;0;1;0;0;0;1;0;0;1;0;0;0;1;0;1;1;0
12163;10;1;1;1;2;1;0;0;0;0;0;75.857749938964844;3.621337890625;-13.027587890625;-9.40625;-13.027587890625;0;0;1.2566666603088379;0;2;0;1;0;0;0;1;0;0;1;0;0;0;1;0;1;1;0
12175;10;1;1;1;2;1;0;0;0;0;0;75.734046936035156;3.639892578125;-13.027587890625;-9.3876953125;-13.027587890625;0;0;1.2566666603088379;0;2;0;1;0;0;0;1;0;0;1;0;0;0;1;0;1;1;0
12183;10;1;1;1;2;1;0;0;0;0;0;75.655921936035156;3.651611328125;-13.027587890625;-9.3759765625;-13.027587890625;0;0;1.2566666603088379;0;2;0;1;0;0;0;1;0;0;1;0;0;0;1;0;1;1;0
12193;10;1;1;1;2;1;0;0;0;0;0;75.550132751464844;3.66748046875;-13.027587890625;-9.360107421875;-13.027587890625;0;0;1.2566666603088379;0;2;0;1;0;0;0;1;0;0;1;0;0;0;1;0;1;1;0
12203;10;1;1;1;2;1;0;0;0;0;0;75.4736328125;3.678955078125;-13.027587890625;-9.3486328125;-13.027587890625;0;0;1.2566666603088379;0;2;0;1;0;0;0;1;0;0;1;0;0;0;1;0;1;1;0
12214;10;1;1;1;2;1;0;0;0;0;0;75.358070373535156;3.6962890625;-13.027587890625;-9.331298828125;-13.027587890625;0;0;1.2599999904632568;0;2;0;1;0;0;0;1;0;0;1;0;0;0;1;0;1;1;0
12223;10;1;1;1;2;1;0;0;0;0;0;75.281578063964844;3.707763671875;-13.027587890625;-9.31982421875;-13.027587890625;0;0;1.2599999904632568;0;2;0;1;0;0;0;1;0;0;1;0;0;0;1;0;1;1;0
12234;10;1;1;1;2;1;0;0;0;0;0;75.166015625;3.72509765625;-13.027587890625;-9.302490234375;-13.027587890625;0;0;1.2599999904632568;0;2;0;1;0;0;0;1;0;0;1;0;0;0;1;0;1;1;0
12243;10;1;1;1;2;1;0;0;0;0;0;75.089515686035156;3.736572265625;-13.027587890625;-9.291015625;-13.027587890625;0;0;1.2566666603088379;0;2;0;1;0;0;0;1;0;0;1;0;0;0;1;0;1;1;0
12253;10;1;1;1;2;1;0;0;0;0;0;74.972328186035156;3.754150390625;-13.027587890625;-9.2734375;-13.027587890625;0;0;1.2633334398269653;0;2;0;1;0;0;0;1;0;0;1;0;0;0;1;0;1;1;0
12263;10;1;1;1;2;1;0;0;0;0;0;74.895835876464844;3.765625;-13.027587890625;-9.261962890625;-13.027587890625;0;0;1.2633334398269653;0;2;0;1;0;0;0;1;0;0;1;0;0;0;1;0;1;1;0
12274;10;1;1;1;2;1;0;0;0;0;0;74.7802734375;3.782958984375;-13.027587890625;-9.24462890625;-13.027587890625;0;0;1.2633334398269653;0;2;0;1;0;0;0;1;0;0;1;0;0;0;1;0;1;1;0
12285;10;1;1;1;2;1;0;0;0;0;0;74.703773498535156;3.79443359375;-13.027587890625;-9.233154296875;-13.027587890625;0;0;1.2599999904632568;0;2;0;1;0;0;0;1;0;0;1;0;0;0;1;0;1;1;0
12293;10;1;1;1;2;1;0;0;0;0;0;74.586585998535156;3.81201171875;-13.027587890625;-9.215576171875;-13.027587890625;0;0;1.2633334398269653;0;2;0;1;0;0;0;1;0;0;1;0;0;0;1;0;1;1;0
12303;10;1;1;1;2;1;0;0;0;0;0;74.510093688964844;3.823486328125;-13.027587890625;-9.2041015625;-13.027587890625;0;0;1.2633334398269653;0;2;0;1;0;0;0;1;0;0;1;0;0;0;1;0;1;1;0
12313;10;1;1;1;2;1;0;0;0;0;0;74.392906188964844;3.841064453125;-13.027587890625;-9.1865234375;-13.027587890625;0;0;1.2666666507720947;0;2;0;1;0;0;0;1;0;0;1;0;0;0;1;0;1;1;0
12323;10;1;1;1;2;1;0;0;0;0;0;74.31640625;3.8525390625;-13.027587890625;-9.175048828125;-13.027587890625;0;0;1.2633334398269653;0;2;0;1;0;0;0;1;0;0;1;0;0;0;1;0;1;1;0
12334;10;1;1;1;2;1;0;0;0;0;0;74.200843811035156;3.869873046875;-13.027587890625;-9.15771484375;-13.027587890625;0;0;1.2633334398269653;0;2;0;1;0;0;0;1;0;0;1;0;0;0;1;0;1;1;0
12343;10;1;1;1;2;1;0;0;0;0;0;74.122718811035156;3.881591796875;-13.027587890625;-9.14599609375;-13.027587890625;0;0;1.2666666507720947;0;2;0;1;0;0;0;1;0;0;1;0;0;0;1;0;1;1;0
12353;10;1;1;1;2;1;0;0;0;0;0;74.007164001464844;3.89892578125;-13.027587890625;-9.128662109375;-13.027587890625;0;0;1.2700001001358032;0;2;0;1;0;0;0;1;0;0;1;0;0;0;1;0;1;1;0
12363;10;1;1;1;2;1;0;0;0;0;0;73.929039001464844;3.91064453125;-13.027587890625;-9.116943359375;-13.027587890625;0;0;1.2666666507720947;0;2;0;1;0;0;0;1;0;0;1;0;0;0;1;0;1;1;0
12373;10;1;1;1;2;1;0;0;0;0;0;73.8037109375;3.929443359375;-13.027587890625;-9.09814453125;-13.027587890625;0;0;1.2633334398269653;0;2;0;1;0;0;0;1;0;0;1;0;0;0;1;0;1;1;0
12383;10;1;1;1;2;1;0;0;0;0;0;73.7255859375;3.941162109375;-13.027587890625;-9.08642578125;-13.027587890625;0;0;1.2666666507720947;0;2;0;1;0;0;0;1;0;0;1;0;0;0;1;0;1;1;0
12393;10;1;1;1;2;1;0;0;0;0;0;73.610023498535156;3.95849609375;-13.027587890625;-9.069091796875;-13.027587890625;0;0;1.2700001001358032;0;2;0;1;0;0;0;1;0;0;1;0;0;0;1;0;1;1;0
12404;10;1;1;1;2;1;0;0;0;0;0;73.541664123535156;3.96875;-13.027587890625;-9.058837890625;-13.027587890625;0;0;1.2666666507720947;0;2;0;1;0;0;0;1;0;0;1;0;0;0;1;0;1;1;0
12413;10;1;1;1;2;1;0;0;0;0;0;73.426109313964844;3.986083984375;-13.027587890625;-9.04150390625;-13.027587890625;0;0;1.2666666507720947;0;2;0;1;0;0;0;1;0;0;1;0;0;0;1;0;1;1;0
12423;10;1;1;1;2;1;0;0;0;0;0;73.347984313964844;3.997802734375;-13.027587890625;-9.02978515625;-13.027587890625;0;0;1.2733333110809326;0;2;0;1;0;0;0;1;0;0;1;0;0;0;1;0;1;1;0
12434;10;1;1;1;2;1;0;0;0;0;0;73.230796813964844;4.015380859375;-13.027587890625;-9.01220703125;-13.027587890625;0;0;1.2733333110809326;0;2;0;1;0;0;0;1;0;0;1;0;0;0;1;0;1;1;0
12443;10;1;1;1;2;1;0;0;0;0;0;73.154296875;4.02685546875;-13.027587890625;-9.000732421875;-13.027587890625;0;0;1.2666666507720947;0;2;0;1;0;0;0;1;0;0;1;0;0;0;1;0;1;1;0
12453;10;1;1;1;2;1;0;0;0;0;0;73.037109375;4.04443359375;-13.027587890625;-8.983154296875;-13.027587890625;0;0;1.2700001001358032;0;2;0;1;0;0;0;1;0;0;1;0;0;0;1;0;1;1;0
12463;10;1;1;1;2;1;0;0;0;0;0;72.960609436035156;4.055908203125;-13.027587890625;-8.9716796875;-13.027587890625;0;0;1.2700001001358032;0;2;0;1;0;0;0;1;0;0;1;0;0;0;1;0;1;1;0
12473;10;1;1;1;2;1;0;0;0;0;0;72.843421936035156;4.073486328125;-13.027587890625;-8.9541015625;-13.027587890625;0;0;1.2666666507720947;0;2;0;1;0;0;0;1;0;0;1;0;0;0;1;0;1;1;0
12483;10;1;1;1;2;1;0;0;0;0;0;72.765296936035156;4.085205078125;-13.027587890625;-8.9423828125;-13.027587890625;0;0;1.2700001001358032;0;2;0;1;0;0;0;1;0;0;1;0;0;0;1;0;1;1;0
12493;10;1;1;1;2;1;0;0;0;0;0;72.648109436035156;4.102783203125;-13.027587890625;-8.9248046875;-13.027587890625;0;0;1.2733333110809326;0;2;0;1;0;0;0;1;0;0;1;0;0;0;1;0;1;1;0
12504;10;1;1;1;2;1;0;0;0;0;0;72.571617126464844;4.1142578125;-13.027587890625;-8.913330078125;-13.027587890625;0;0;1.2733333110809326;0;2;0;1;0;0;0;1;0;0;1;0;0;0;1;0;1;1;0
12513;10;1;1;1;2;1;0;0;0;0;0;72.454429626464844;4.1318359375;-13.027587890625;-8.895751953125;-13.027587890625;0;0;1.2733333110809326;0;2;0;1;0;0;0;1;0;0;1;0;0;0;1;0;1;1;0
12523;10;1;1;1;2;1;0;0;0;0;0;72.376304626464844;4.1435546875;-13.027587890625;-8.884033203125;-13.027587890625;0;0;1.2766666412353516;0;2;0;1;0;0;0;1;0;0;1;0;0;0;1;0;1;1;0
12533;10;1;1;1;2;1;0;0;0;0;0;72.259117126464844;4.1611328125;-13.027587890625;-8.866455078125;-13.027587890625;0;0;1.2766666412353516;0;2;0;1;0;0;0;1;0;0;1;0;0;0;1;0;1;1;0
12543;10;1;1;1;2;1;0;0;0;0;0;72.171226501464844;4.17431640625;-13.027587890625;-8.853271484375;-13.027587890625;0;0;1.2733333110809326;0;2;0;1;0;0;0;1;0;0;1;0;0;0;1;0;1;1;0
12553;10;1;1;1;2;1;0;0;0;0;0;72.0654296875;4.190185546875;-13.027587890625;-8.83740234375;-13.027587890625;0;0;1.2700001001358032;0;2;0;1;0;0;0;1;0;0;1;0;0;0;1;0;1;1;0
12563;10;1;1;1;2;1;0;0;0;0;0;71.9873046875;4.201904296875;-13.027587890625;-8.82568359375;-13.027587890625;0;0;1.2766666412353516;0;2;0;1;0;0;0;1;0;0;1;0;0;0;1;0;1;1;0
12573;10;1;1;1;2;1;0;0;0;0;0;71.858726501464844;4.22119140625;-13.027587890625;-8.806396484375;-13.027587890625;0;0;1.2833333015441895;0;2;0;1;0;0;0;1;0;0;1;0;0;0;1;0;1;1;0
12583;10;1;1;1;2;1;0;0;0;0;0;71.780601501464844;4.23291015625;-13.027587890625;-8.794677734375;-13.027587890625;0;0;1.2766666412353516;0;2;0;1;0;0;0;1;0;0;1;0;0;0;1;0;1;1;0
12593;10;1;1;1;2;1;0;0;0;0;0;71.676429748535156;4.24853515625;-13.027587890625;-8.779052734375;-13.027587890625;0;0;1.2666666507720947;0;2;0;1;0;0;0;1;0;0;1;0;0;0;1;0;1;1;0
12603;10;1;1;1;2;1;0;0;0;0;0;71.598304748535156;4.26025390625;-13.027587890625;-8.767333984375;-13.027587890625;0;0;1.2666666507720947;0;2;0;1;0;0;0;1;0;0;1;0;0;0;1;0;1;1;0
12613;10;1;1;1;2;1;0;0;0;0;0;71.4794921875;4.278076171875;-13.027587890625;-8.74951171875;-13.027587890625;0;0;1.2833333015441895;0;2;0;1;0;0;0;1;0;0;1;0;0;0;1;0;1;1;0
12623;10;1;1;1;2;1;0;0;0;0;0;71.399742126464844;4.2900390625;-13.027587890625;-8.737548828125;-13.027587890625;0;0;1.2866667509078979;0;2;0;1;0;0;0;1;0;0;1;0;0;0;1;0;1;1;0
12636;10;1;1;1;2;1;0;0;0;0;0;71.2841796875;4.307373046875;-13.027587890625;-8.72021484375;-13.027587890625;0;0;1.2766666412353516;0;2;0;1;0;0;0;1;0;0;1;0;0;0;1;0;1;1;0
12643;10;1;1;1;2;1;0;0;0;0;0;71.197914123535156;4.3203125;-13.027587890625;-8.707275390625;-13.027587890625;0;0;1.2700001001358032;0;2;0;1;0;0;0;1;0;0;1;0;0;0;1;0;1;1;0
12653;10;1;1;1;2;1;0;0;0;0;0;71.0888671875;4.336669921875;-13.027587890625;-8.69091796875;-13.027587890625;0;0;1.2766666412353516;0;2;0;1;0;0;0;1;0;0;1;0;0;0;1;0;1;1;0
12664;10;1;1;1;2;1;0;0;0;0;0;71.0107421875;4.348388671875;-13.027587890625;-8.67919921875;-13.027587890625;0;0;1.2766666412353516;0;2;0;1;0;0;0;1;0;0;1;0;0;0;1;0;1;1;0
12673;10;1;1;1;2;1;0;0;0;0;0;70.8837890625;4.367431640625;-13.027587890625;-8.66015625;-13.027587890625;0;0;1.2766666412353516;0;2;0;1;0;0;0;1;0;0;1;0;0;0;1;0;1;1;0
12683;10;1;1;1;2;1;0;0;0;0;0;70.8154296875;4.377685546875;-13.027587890625;-8.64990234375;-13.027587890625;0;0;1.28000009059906;0;2;0;1;0;0;0;1;0;0;1;0;0;0;1;0;1;1;0
12693;10;1;1;1;2;1;0;0;0;0;0;70.6982421875;4.395263671875;-13.027587890625;-8.63232421875;-13.027587890625;0;0;1.2766666412353516;0;2;0;1;0;0;0;1;0;0;1;0;0;0;1;0;1;1;0
12703;10;1;1;1;2;1;0;0;0;0;0;70.621742248535156;4.40673828125;-13.027587890625;-8.620849609375;-13.027587890625;0;0;1.2733333110809326;0;2;0;1;0;0;0;1;0;0;1;0;0;0;1;0;1;1;0
12713;10;1;1;1;2;1;0;0;0;0;0;70.5029296875;4.424560546875;-13.027587890625;-8.60302734375;-13.027587890625;0;0;1.28000009059906;0;2;0;1;0;0;0;1;0;0;1;0;0;0;1;0;1;1;0
12723;10;1;1;1;2;1;0;0;0;0;0;70.4248046875;4.436279296875;-13.027587890625;-8.59130859375;-13.027587890625;0;0;1.2833333015441895;0;2;0;1;0;0;0;1;0;0;1;0;0;0;1;0;1;1;0
12735;10;1;1;1;2;1;0;0;0;0;0;70.3076171875;4.453857421875;-13.027587890625;-8.57373046875;-13.027587890625;0;0;1.28000009059906;0;2;0;1;0;0;0;1;0;0;1;0;0;0;1;0;1;1;0
12743;10;1;1;1;2;1;0;0;0;0;0;70.221351623535156;4.466796875;-13.027587890625;-8.560791015625;-13.027587890625;0;0;1.2733333110809326;0;2;0;1;0;0;0;1;0;0;1;0;0;0;1;0;1;1;0
12753;10;1;1;1;2;1;0;0;0;0;0;70.1123046875;4.483154296875;-13.027587890625;-8.54443359375;-13.027587890625;0;0;1.2833333015441895;0;2;0;1;0;0;0;1;0;0;1;0;0;0;1;0;1;1;0
12763;10;1;1;1;2;1;0;0;0;0;0;70.032554626464844;4.4951171875;-13.027587890625;-8.532470703125;-13.027587890625;0;0;1.2866667509078979;0;2;0;1;0;0;0;1;0;0;1;0;0;0;1;0;1;1;0
12773;10;1;1;1;2;1;0;0;0;0;0;69.9072265625;4.513916015625;-13.027587890625;-8.513671875;-13.027587890625;0;0;1.28000009059906;0;2;0;1;0;0;0;1;0;0;1;0;0;0;1;0;1;1;0
12783;10;1;1;1;2;1;0;0;0;0;0;69.8291015625;4.525634765625;-13.027587890625;-8.501953125;-13.027587890625;0;0;1.2733333110809326;0;2;0;1;0;0;0;1;0;0;1;0;0;0;1;0;1;1;0
12793;10;1;1;1;2;1;0;0;0;0;0;69.7216796875;4.541748046875;-13.027587890625;-8.48583984375;-13.027587890625;0;0;1.28000009059906;0;2;0;1;0;0;0;1;0;0;1;0;0;0;1;0;1;1;0
12803;10;1;1;1;2;1;0;0;0;0;0;69.6435546875;4.553466796875;-13.027587890625;-8.47412109375;-13.027587890625;0;0;1.2833333015441895;0;2;0;1;0;0;0;1;0;0;1;0;0;0;1;0;1;1;0
12813;10;1;1;1;2;1;0;0;0;0;0;69.5263671875;4.571044921875;-13.027587890625;-8.45654296875;-13.027587890625;0;0;1.28000009059906;0;2;0;1;0;0;0;1;0;0;1;0;0;0;1;0;1;1;0
12823;10;1;1;1;2;1;0;0;0;0;0;69.4384765625;4.584228515625;-13.027587890625;-8.443359375;-13.027587890625;0;0;1.28000009059906;0;2;0;1;0;0;0;1;0;0;1;0;0;0;1;0;1;1;0
12834;10;1;1;1;2;1;0;0;0;0;0;69.329429626464844;4.6005859375;-13.027587890625;-8.427001953125;-13.027587890625;0;0;1.2833333015441895;0;2;0;1;0;0;0;1;0;0;1;0;0;0;1;0;1;1;0
12843;10;1;1;1;2;1;0;0;0;0;0;69.251304626464844;4.6123046875;-13.027587890625;-8.415283203125;-13.027587890625;0;0;1.28000009059906;0;2;0;1;0;0;0;1;0;0;1;0;0;0;1;0;1;1;0
12853;10;1;1;1;2;1;0;0;0;0;0;69.134117126464844;4.6298828125;-13.027587890625;-8.397705078125;-13.027587890625;0;0;1.28000009059906;0;2;0;1;0;0;0;1;0;0;1;0;0;0;1;0;1;1;0
12863;10;1;1;1;2;1;0;0;0;0;0;69.055992126464844;4.6416015625;-13.027587890625;-8.385986328125;-13.027587890625;0;0;1.28000009059906;0;2;0;1;0;0;0;1;0;0;1;0;0;0;1;0;1;1;0
12873;10;1;1;1;2;1;0;0;0;0;0;68.938804626464844;4.6591796875;-13.027587890625;-8.368408203125;-13.027587890625;0;0;1.2833333015441895;0;2;0;1;0;0;0;1;0;0;1;0;0;0;1;0;1;1;0
12883;10;1;1;1;2;1;0;0;0;0;0;68.860679626464844;4.6708984375;-13.027587890625;-8.356689453125;-13.027587890625;0;0;1.28000009059906;0;2;0;1;0;0;0;1;0;0;1;0;0;0;1;0;1;1;0
12893;10;1;1;1;2;1;0;0;0;0;0;68.743492126464844;4.6884765625;-13.027587890625;-8.339111328125;-13.027587890625;0;0;1.28000009059906;0;2;0;1;0;0;0;1;0;0;1;0;0;0;1;0;1;1;0
12903;10;1;1;1;2;1;0;0;0;0;0;68.665367126464844;4.7001953125;-13.027587890625;-8.327392578125;-13.027587890625;0;0;1.28000009059906;0;2;0;1;0;0;0;1;0;0;1;0;0;0;1;0;1;1;0
12913;10;1;1;1;2;1;0;0;0;0;0;68.548179626464844;4.7177734375;-13.027587890625;-8.309814453125;-13.027587890625;0;0;1.28000009059906;0;2;0;1;0;0;0;1;0;0;1;0;0;0;1;0;1;1;0
12923;10;1;1;1;2;1;0;0;0;0;0;68.470054626464844;4.7294921875;-13.027587890625;-8.298095703125;-13.027587890625;0;0;1.28000009059906;0;2;0;1;0;0;0;1;0;0;1;0;0;0;1;0;1;1;0
12934;10;1;1;1;2;1;0;0;0;0;0;68.343101501464844;4.74853515625;-13.027587890625;-8.279052734375;-13.027587890625;0;0;1.28000009059906;0;2;0;1;0;0;0;1;0;0;1;0;0;0;1;0;1;1;0
12943;10;1;1;1;2;1;0;0;0;0;0;68.274742126464844;4.7587890625;-13.027587890625;-8.268798828125;-13.027587890625;0;0;1.28000009059906;0;2;0;1;0;0;0;1;0;0;1;0;0;0;1;0;1;1;0
12953;10;1;1;1;2;1;0;0;0;0;0;68.155921936035156;4.776611328125;-13.027587890625;-8.2509765625;-13.027587890625;0;0;1.2833333015441895;0;2;0;1;0;0;0;1;0;0;1;0;0;0;1;0;1;1;0
12963;10;1;1;1;2;1;0;0;0;0;0;68.077796936035156;4.788330078125;-13.027587890625;-8.2392578125;-13.027587890625;0;0;1.2833333015441895;0;2;0;1;0;0;0;1;0;0;1;0;0;0;1;0;1;1;0
12973;10;1;1;1;2;1;0;0;0;0;0;67.960609436035156;4.805908203125;-13.027587890625;-8.2216796875;-13.027587890625;0;0;1.28000009059906;0;2;0;1;0;0;0;1;0;0;1;0;0;0;1;0;1;1;0
12983;10;1;1;1;2;1;0;0;0;0;0;67.872718811035156;4.819091796875;-13.027587890625;-8.20849609375;-13.027587890625;0;0;1.2833333015441895;0;2;0;1;0;0;0;1;0;0;1;0;0;0;1;0;1;1;0
12994;10;1;1;1;2;1;0;0;0;0;0;67.765296936035156;4.835205078125;-13.027587890625;-8.1923828125;-13.027587890625;0;0;1.28000009059906;0;2;0;1;0;0;0;1;0;0;1;0;0;0;1;0;1;1;0
13003;10;1;1;1;2;1;0;0;0;0;0;67.677406311035156;4.848388671875;-13.027587890625;-8.17919921875;-13.027587890625;0;0;1.2833333015441895;0;2;0;1;0;0;0;1;0;0;1;0;0;0;1;0;1;1;0
13015;10;1;1;1;2;1;0;0;0;0;0;67.568359375;4.86474609375;-13.027587890625;-8.162841796875;-13.027587890625;0;0;1.28000009059906;0;2;0;1;0;0;0;1;0;0;1;0;0;0;1;0;1;1;0
13023;10;1;1;1;2;1;0;0;0;0;0;67.48046875;4.8779296875;-13.027587890625;-8.149658203125;-13.027587890625;0;0;1.28000009059906;0;2;0;1;0;0;0;1;0;0;1;0;0;0;1;0;1;1;0
13033;10;1;1;1;2;1;0;0;0;0;0;67.373046875;4.89404296875;-13.027587890625;-8.133544921875;-13.027587890625;0;0;1.28000009059906;0;2;0;1;0;0;0;1;0;0;1;0;0;0;1;0;1;1;0
13043;10;1;1;1;2;1;0;0;0;0;0;67.294921875;4.90576171875;-13.027587890625;-8.121826171875;-13.027587890625;0;0;1.28000009059906;0;2;0;1;0;0;0;1;0;0;1;0;0;0;1;0;1;1;0
13053;10;1;1;1;2;1;0;0;0;0;0;67.177734375;4.92333984375;-13.027587890625;-8.104248046875;-13.027587890625;0;0;1.28000009059906;0;2;0;1;0;0;0;1;0;0;1;0;0;0;1;0;1;1;0
13074;10;1;1;1;2;1;0;0;0;0;0;66.97265625;4.9541015625;-13.027587890625;-8.073486328125;-13.027587890625;0;0;1.28000009059906;0;2;0;1;0;0;0;1;0;0;1;0;0;0;1;0;1;1;0
13083;10;1;1;1;2;1;0;0;0;0;0;66.892906188964844;4.966064453125;-13.027587890625;-8.0615234375;-13.027587890625;0;0;1.2833333015441895;0;2;0;1;0;0;0;1;0;0;1;0;0;0;1;0;1;1;0
13095;10;1;1;1;2;1;0;0;0;0;0;66.775718688964844;4.983642578125;-13.027587890625;-8.0439453125;-13.027587890625;0;0;1.2833333015441895;0;2;0;1;0;0;0;1;0;0;1;0;0;0;1;0;1;1;0
13103;10;1;1;1;2;1;0;0;0;0;0;66.707359313964844;4.993896484375;-13.027587890625;-8.03369140625;-13.027587890625;0;0;1.2833333015441895;0;2;0;1;0;0;0;1;0;0;1;0;0;0;1;0;1;1;0
13113;10;1;1;1;2;1;0;0;0;0;0;66.590171813964844;5.011474609375;-13.027587890625;-8.01611328125;-13.027587890625;0;0;1.2833333015441895;0;2;0;1;0;0;0;1;0;0;1;0;0;0;1;0;1;1;0
13123;10;1;1;1;2;1;0;0;0;0;0;66.512046813964844;5.023193359375;-13.027587890625;-8.00439453125;-13.027587890625;0;0;1.2833333015441895;0;2;0;1;0;0;0;1;0;0;1;0;0;0;1;0;1;1;0
13133;10;1;1;1;2;1;0;0;0;0;0;66.394859313964844;5.040771484375;-13.027587890625;-7.98681640625;-13.027587890625;0;0;1.2833333015441895;0;2;0;1;0;0;0;1;0;0;1;0;0;0;1;0;1;1;0
13143;10;1;1;1;2;1;0;0;0;0;0;66.316734313964844;5.052490234375;-13.027587890625;-7.97509765625;-13.027587890625;0;0;1.28000009059906;0;2;0;1;0;0;0;1;0;0;1;0;0;0;1;0;1;1;0
13153;10;1;1;1;2;1;0;0;0;0;0;66.188148498535156;5.07177734375;-13.027587890625;-7.955810546875;-13.027587890625;0;0;1.28000009059906;0;2;0;1;0;0;0;1;0;0;1;0;0;0;1;0;1;1;0
13163;10;1;1;1;2;1;0;0;0;0;0;66.119789123535156;5.08203125;-13.027587890625;-7.945556640625;-13.027587890625;0;0;1.2833333015441895;0;2;0;1;0;0;0;1;0;0;1;0;0;0;1;0;1;1;0
13173;10;1;1;1;2;1;0;0;0;0;0;65.992835998535156;5.10107421875;-13.027587890625;-7.926513671875;-13.027587890625;0;0;1.28000009059906;0;2;0;1;0;0;0;1;0;0;1;0;0;0;1;0;1;1;0
13183;10;1;1;1;2;1;0;0;0;0;0;65.914710998535156;5.11279296875;-13.027587890625;-7.914794921875;-13.027587890625;0;0;1.28000009059906;0;2;0;1;0;0;0;1;0;0;1;0;0;0;1;0;1;1;0
13194;10;1;1;1;2;1;0;0;0;0;0;65.807289123535156;5.12890625;-13.027587890625;-7.898681640625;-13.027587890625;0;0;1.28000009059906;0;2;0;1;0;0;0;1;0;0;1;0;0;0;1;0;1;1;0
13203;10;1;1;1;2;1;0;0;0;0;0;65.719398498535156;5.14208984375;-13.027587890625;-7.885498046875;-13.027587890625;0;0;1.2833333015441895;0;2;0;1;0;0;0;1;0;0;1;0;0;0;1;0;1;1;0
13213;10;1;1;1;2;1;0;0;0;0;0;65.6103515625;5.158447265625;-13.027587890625;-7.869140625;-13.027587890625;0;0;1.28000009059906;0;2;0;1;0;0;0;1;0;0;1;0;0;0;1;0;1;1;0
13223;10;1;1;1;2;1;0;0;0;0;0;65.5224609375;5.171630859375;-13.027587890625;-7.85595703125;-13.027587890625;0;0;1.2833333015441895;0;2;0;1;0;0;0;1;0;0;1;0;0;0;1;0;1;1;0
13234;10;1;1;1;2;1;0;0;0;0;0;65.4150390625;5.187744140625;-13.027587890625;-7.83984375;-13.027587890625;0;0;1.2833333015441895;0;2;0;1;0;0;0;1;0;0;1;0;0;0;1;0;1;1;0
13243;10;1;1;1;2;1;0;0;0;0;0;65.3369140625;5.199462890625;-13.027587890625;-7.828125;-13.027587890625;0;0;1.28000009059906;0;2;0;1;0;0;0;1;0;0;1;0;0;0;1;0;1;1;0
13253;10;1;1;1;2;1;0;0;0;0;0;65.2197265625;5.217041015625;-13.027587890625;-7.810546875;-13.027587890625;0;0;1.2833333015441895;0;2;0;1;0;0;0;1;0;0;1;0;0;0;1;0;1;1;0
13264;10;1;1;1;2;1;0;0;0;0;0;65.139976501464844;5.22900390625;-13.027587890625;-7.798583984375;-13.027587890625;0;0;1.2833333015441895;0;2;0;1;0;0;0;1;0;0;1;0;0;0;1;0;1;1;0
13273;10;1;1;1;2;1;0;0;0;0;0;65.022789001464844;5.24658203125;-13.027587890625;-7.781005859375;-13.027587890625;0;0;1.28000009059906;0;2;0;1;0;0;0;1;0;0;1;0;0;0;1;0;1;1;0
13283;10;1;1;1;2;1;0;0;0;0;0;64.9462890625;5.258056640625;-13.027587890625;-7.76953125;-13.027587890625;0;0;1.28000009059906;0;2;0;1;0;0;0;1;0;0;1;0;0;0;1;0;1;1;0
13293;10;1;1;1;2;1;0;0;0;0;0;64.827476501464844;5.27587890625;-13.027587890625;-7.751708984375;-13.027587890625;0;0;1.2833333015441895;0;2;0;1;0;0;0;1;0;0;1;0;0;0;1;0;1;1;0
13303;10;1;1;1;2;1;0;0;0;0;0;64.739585876464844;5.2890625;-13.027587890625;-7.738525390625;-13.027587890625;0;0;1.2833333015441895;0;2;0;1;0;0;0;1;0;0;1;0;0;0;1;0;1;1;0
13313;10;1;1;1;2;1;0;0;0;0;0;64.632164001464844;5.30517578125;-13.027587890625;-7.722412109375;-13.027587890625;0;0;1.2833333015441895;0;2;0;1;0;0;0;1;0;0;1;0;0;0;1;0;1;1;0
13323;10;1;1;1;2;1;0;0;0;0;0;64.552406311035156;5.317138671875;-13.027587890625;-7.71044921875;-13.027587890625;0;0;1.2833333015441895;0;2;0;1;0;0;0;1;0;0;1;0;0;0;1;0;1;1;0
13333;10;1;1;1;2;1;0;0;0;0;0;64.435218811035156;5.334716796875;-13.027587890625;-7.69287109375;-13.027587890625;0;0;1.2833333015441895;0;2;0;1;0;0;0;1;0;0;1;0;0;0;1;0;1;1;0
13343;10;1;1;1;2;1;0;0;0;0;0;64.357093811035156;5.346435546875;-13.027587890625;-7.68115234375;-13.027587890625;0;0;1.2833333015441895;0;2;0;1;0;0;0;1;0;0;1;0;0;0;1;0;1;1;0
13354;10;1;1;1;2;1;0;0;0;0;0;64.239906311035156;5.364013671875;-13.027587890625;-7.66357421875;-13.027587890625;0;0;1.2833333015441895;0;2;0;1;0;0;0;1;0;0;1;0;0;0;1;0;1;1;0
13364;10;1;1;1;2;1;0;0;0;0;0;64.161781311035156;5.375732421875;-13.027587890625;-7.65185546875;-13.027587890625;0;0;1.2833333015441895;0;2;0;1;0;0;0;1;0;0;1;0;0;0;1;0;1;1;0
13373;10;1;1;1;2;1;0;0;0;0;0;64.044593811035156;5.393310546875;-13.027587890625;-7.63427734375;-13.027587890625;0;0;1.2833333015441895;0;2;0;1;0;0;0;1;0;0;1;0;0;0;1;0;1;1;0
13383;10;1;1;1;2;1;0;0;0;0;0;63.96484375;5.4052734375;-13.027587890625;-7.622314453125;-13.027587890625;0;0;1.2833333015441895;0;2;0;1;0;0;0;1;0;0;1;0;0;0;1;0;1;1;0
13395;10;1;1;1;2;1;0;0;0;0;0;63.84765625;5.4228515625;-13.027587890625;-7.604736328125;-13.027587890625;0;0;1.2833333015441895;0;2;0;1;0;0;0;1;0;0;1;0;0;0;1;0;1;1;0
13403;10;1;1;1;2;1;0;0;0;0;0;63.76953125;5.4345703125;-13.027587890625;-7.593017578125;-13.027587890625;0;0;1.2833333015441895;0;2;0;1;0;0;0;1;0;0;1;0;0;0;1;0;1;1;0
13413;10;1;1;1;2;1;0;0;0;0;0;63.65234375;5.4521484375;-13.027587890625;-7.575439453125;-13.027587890625;0;0;1.2833333015441895;0;2;0;1;0;0;0;1;0;0;1;0;0;0;1;0;1;1;0
13424;10;1;1;1;2;1;0;0;0;0;0;63.57421875;5.4638671875;-13.027587890625;-7.563720703125;-13.027587890625;0;0;1.28000009059906;0;2;0;1;0;0;0;1;0;0;1;0;0;0;1;0;1;1;0
13433;10;1;1;1;2;1;0;0;0;0;0;63.45703125;5.4814453125;-13.027587890625;-7.546142578125;-13.027587890625;0;0;1.2833333015441895;0;2;0;1;0;0;0;1;0;0;1;0;0;0;1;0;1;1;0
13443;10;1;1;1;2;1;0;0;0;0;0;63.377277374267578;5.493408203125;-13.027587890625;-7.5341796875;-13.027587890625;0;0;1.2833333015441895;0;2;0;1;0;0;0;1;0;0;1;0;0;0;1;0;1;1;0
13454;10;1;1;1;2;1;0;0;0;0;0;63.260089874267578;5.510986328125;-13.027587890625;-7.5166015625;-13.027587890625;0;0;1.28000009059906;0;2;0;1;0;0;0;1;0;0;1;0;0;0;1;0;1;1;0
13468;10;1;1;1;2;1;0;0;0;0;0;63.181964874267578;5.522705078125;-13.027587890625;-7.5048828125;-13.027587890625;0;0;1.28000009059906;0;2;0;1;0;0;0;1;0;0;1;0;0;0;1;0;1;1;0
13473;10;1;1;1;2;1;0;0;0;0;0;63.064777374267578;5.540283203125;-13.027587890625;-7.4873046875;-13.027587890625;0;0;1.2833333015441895;0;2;0;1;0;0;0;1;0;0;1;0;0;0;1;0;1;1;0
13483;10;1;1;1;2;1;0;0;0;0;0;62.976886749267578;5.553466796875;-13.027587890625;-7.47412109375;-13.027587890625;0;0;1.2833333015441895;0;2;0;1;0;0;0;1;0;0;1;0;0;0;1;0;1;1;0
13495;10;1;1;1;2;1;0;0;0;0;0;62.869464874267578;5.569580078125;-13.027587890625;-7.4580078125;-13.027587890625;0;0;1.28000009059906;0;2;0;1;0;0;0;1;0;0;1;0;0;0;1;0;1;1;0
13503;10;1;1;1;2;1;0;0;0;0;0;62.779949188232422;5.5830078125;-13.027587890625;-7.444580078125;-13.027587890625;0;0;1.2833333015441895;0;2;0;1;0;0;0;1;0;0;1;0;0;0;1;0;1;1;0
13513;10;1;1;1;2;1;0;0;0;0;0;62.672527313232422;5.59912109375;-13.027587890625;-7.428466796875;-13.027587890625;0;0;1.2833333015441895;0;2;0;1;0;0;0;1;0;0;1;0;0;0;1;0;1;1;0
13524;10;1;1;1;2;1;0;0;0;0;0;62.584636688232422;5.6123046875;-13.027587890625;-7.415283203125;-13.027587890625;0;0;1.28000009059906;0;2;0;1;0;0;0;1;0;0;1;0;0;0;1;0;1;1;0
13533;10;1;1;1;2;1;0;0;0;0;0;62.467449188232422;5.6298828125;-13.027587890625;-7.397705078125;-13.027587890625;0;0;1.2833333015441895;0;2;0;1;0;0;0;1;0;0;1;0;0;0;1;0;1;1;0
13543;10;1;1;1;2;1;0;0;0;0;0;62.399089813232422;5.64013671875;-13.027587890625;-7.387451171875;-13.027587890625;0;0;1.2833333015441895;0;2;0;1;0;0;0;1;0;0;1;0;0;0;1;0;1;1;0
13553;10;1;1;1;2;1;0;0;0;0;0;62.281902313232422;5.65771484375;-13.027587890625;-7.369873046875;-13.027587890625;0;0;1.2833333015441895;0;2;0;1;0;0;0;1;0;0;1;0;0;0;1;0;1;1;0
13563;10;1;1;1;2;1;0;0;0;0;0;62.194011688232422;5.6708984375;-13.027587890625;-7.356689453125;-13.027587890625;0;0;1.28000009059906;0;2;0;1;0;0;0;1;0;0;1;0;0;0;1;0;1;1;0
13574;10;1;1;1;2;1;0;0;0;0;0;62.0849609375;5.687255859375;-13.027587890625;-7.34033203125;-13.027587890625;0;0;1.2833333015441895;0;2;0;1;0;0;0;1;0;0;1;0;0;0;1;0;1;1;0
13583;10;1;1;1;2;1;0;0;0;0;0;62.0068359375;5.698974609375;-13.027587890625;-7.32861328125;-13.027587890625;0;0;1.2833333015441895;0;2;0;1;0;0;0;1;0;0;1;0;0;0;1;0;1;1;0
13594;10;1;1;1;2;1;0;0;0;0;0;61.8798828125;5.718017578125;-13.027587890625;-7.3095703125;-13.027587890625;0;0;1.2833333015441895;0;2;0;1;0;0;0;1;0;0;1;0;0;0;1;0;1;1;0
13603;10;1;1;1;2;1;0;0;0;0;0;61.8017578125;5.729736328125;-13.027587890625;-7.2978515625;-13.027587890625;0;0;1.28000009059906;0;2;0;1;0;0;0;1;0;0;1;0;0;0;1;0;1;1;0
13613;10;1;1;1;2;1;0;0;0;0;0;61.6943359375;5.745849609375;-13.027587890625;-7.28173828125;-13.027587890625;0;0;1.2833333015441895;0;2;0;1;0;0;0;1;0;0;1;0;0;0;1;0;1;1;0
13623;10;1;1;1;2;1;0;0;0;0;0;61.6064453125;5.759033203125;-13.027587890625;-7.2685546875;-13.027587890625;0;0;1.2833333015441895;0;2;0;1;0;0;0;1;0;0;1;0;0;0;1;0;1;1;0
13633;10;1;1;1;2;1;0;0;0;0;0;61.497394561767578;5.775390625;-13.027587890625;-7.252197265625;-13.027587890625;0;0;1.2833333015441895;0;2;0;1;0;0;0;1;0;0;1;0;0;0;1;0;1;1;0
13643;10;1;1;1;2;1;0;0;0;0;0;61.409503936767578;5.78857421875;-13.027587890625;-7.239013671875;-13.027587890625;0;0;1.2833333015441895;0;2;0;1;0;0;0;1;0;0;1;0;0;0;1;0;1;1;0
13655;10;1;1;1;2;1;0;0;0;0;0;61.341144561767578;5.798828125;-13.027587890625;-7.228759765625;-13.027587890625;0;0;1.2833333015441895;0;2;0;1;0;0;0;1;0;0;1;0;0;0;1;0;1;1;0
13666;10;1;1;1;2;1;0;0;0;0;0;61.214191436767578;5.81787109375;-13.027587890625;-7.209716796875;-13.027587890625;0;0;1.28000009059906;0;2;0;1;0;0;0;1;0;0;1;0;0;0;1;0;1;1;0
13673;10;1;1;1;2;1;0;0;0;0;0;61.095378875732422;5.835693359375;-13.027587890625;-7.19189453125;-13.027587890625;0;0;1.2833333015441895;0;2;0;1;0;0;0;1;0;0;1;0;0;0;1;0;1;1;0
13683;10;1;1;1;2;1;0;0;0;0;0;61.017253875732422;5.847412109375;-13.027587890625;-7.18017578125;-13.027587890625;0;0;1.2833333015441895;0;2;0;1;0;0;0;1;0;0;1;0;0;0;1;0;1;1;0
13693;10;1;1;1;2;1;0;0;0;0;0;60.900066375732422;5.864990234375;-13.027587890625;-7.16259765625;-13.027587890625;0;0;1.28000009059906;0;2;0;1;0;0;0;1;0;0;1;0;0;0;1;0;1;1;0
13703;10;1;1;1;2;1;0;0;0;0;0;60.831707000732422;5.875244140625;-13.027587890625;-7.15234375;-13.027587890625;0;0;1.28000009059906;0;2;0;1;0;0;0;1;0;0;1;0;0;0;1;0;1;1;0
13713;10;1;1;1;2;1;0;0;0;0;0;60.704753875732422;5.894287109375;-13.027587890625;-7.13330078125;-13.027587890625;0;0;1.2833333015441895;0;2;0;1;0;0;0;1;0;0;1;0;0;0;1;0;1;1;0
13723;10;1;1;1;2;1;0;0;0;0;0;60.626628875732422;5.906005859375;-13.027587890625;-7.12158203125;-13.027587890625;0;0;1.2833333015441895;0;2;0;1;0;0;0;1;0;0;1;0;0;0;1;0;1;1;0
13733;10;1;1;1;2;1;0;0;0;0;0;60.519207000732422;5.922119140625;-13.027587890625;-7.10546875;-13.027587890625;0;0;1.28000009059906;0;2;0;1;0;0;0;1;0;0;1;0;0;0;1;0;1;1;0
13743;10;1;1;1;2;1;0;0;0;0;0;60.439453125;5.93408203125;-13.027587890625;-7.093505859375;-13.027587890625;0;0;1.28000009059906;0;2;0;1;0;0;0;1;0;0;1;0;0;0;1;0;1;1;0
13755;10;1;1;1;2;1;0;0;0;0;0;60.3515625;5.947265625;-13.027587890625;-7.080322265625;-13.027587890625;0;0;1.2833333015441895;0;2;0;1;0;0;0;1;0;0;1;0;0;0;1;0;1;1;0
13763;10;1;1;1;2;1;0;0;0;0;0;60.244140625;5.96337890625;-13.027587890625;-7.064208984375;-13.027587890625;0;0;1.28000009059906;0;2;0;1;0;0;0;1;0;0;1;0;0;0;1;0;1;1;0
13773;10;1;1;1;2;1;0;0;0;0;0;60.126953125;5.98095703125;-13.027587890625;-7.046630859375;-13.027587890625;0;0;1.28000009059906;0;2;0;1;0;0;0;1;0;0;1;0;0;0;1;0;1;1;0
13783;10;1;1;1;2;1;0;0;0;0;0;60.048828125;5.99267578125;-13.027587890625;-7.034912109375;-13.027587890625;0;0;1.2866667509078979;0;2;0;1;0;0;0;1;0;0;1;0;0;0;1;0;1;1;0
13794;10;1;1;1;2;1;0;0;0;0;0;59.930011749267578;6.010498046875;-13.027587890625;-7.01708984375;-13.027587890625;0;0;1.2833333015441895;0;2;0;1;0;0;0;1;0;0;1;0;0;0;1;0;1;1;0
13803;10;1;1;1;2;1;0;0;0;0;0;59.853515625;6.02197265625;-13.027587890625;-7.005615234375;-13.027587890625;0;0;1.28000009059906;0;2;0;1;0;0;0;1;0;0;1;0;0;0;1;0;1;1;0
13813;10;1;1;1;2;1;0;0;0;0;0;59.734699249267578;6.039794921875;-13.027587890625;-6.98779296875;-13.027587890625;0;0;1.2833333015441895;0;2;0;1;0;0;0;1;0;0;1;0;0;0;1;0;1;1;0
13823;10;1;1;1;2;1;0;0;0;0;0;59.656574249267578;6.051513671875;-13.027587890625;-6.97607421875;-13.027587890625;0;0;1.2866667509078979;0;2;0;1;0;0;0;1;0;0;1;0;0;0;1;0;1;1;0
13833;10;1;1;1;2;1;0;0;0;0;0;59.539386749267578;6.069091796875;-13.027587890625;-6.95849609375;-13.027587890625;0;0;1.28000009059906;0;2;0;1;0;0;0;1;0;0;1;0;0;0;1;0;1;1;0
13843;10;1;1;1;2;1;0;0;0;0;0;59.461261749267578;6.080810546875;-13.027587890625;-6.94677734375;-13.027587890625;0;0;1.2766666412353516;0;2;0;1;0;0;0;1;0;0;1;0;0;0;1;0;1;1;0
13854;10;1;1;1;2;1;0;0;0;0;0;59.342449188232422;6.0986328125;-13.027587890625;-6.928955078125;-13.027587890625;0;0;1.2833333015441895;0;2;0;1;0;0;0;1;0;0;1;0;0;0;1;0;1;1;0
13865;10;1;1;1;2;1;0;0;0;0;0;59.264324188232422;6.1103515625;-13.027587890625;-6.917236328125;-13.027587890625;0;0;1.2866667509078979;0;2;0;1;0;0;0;1;0;0;1;0;0;0;1;0;1;1;0
13873;10;1;1;1;2;1;0;0;0;0;0;59.137371063232422;6.12939453125;-13.027587890625;-6.898193359375;-13.027587890625;0;0;1.2833333015441895;0;2;0;1;0;0;0;1;0;0;1;0;0;0;1;0;1;1;0
13883;10;1;1;1;2;1;0;0;0;0;0;59.059246063232422;6.14111328125;-13.027587890625;-6.886474609375;-13.027587890625;0;0;1.2833333015441895;0;2;0;1;0;0;0;1;0;0;1;0;0;0;1;0;1;1;0
13894;10;1;1;1;2;1;0;0;0;0;0;58.9404296875;6.158935546875;-13.027587890625;-6.86865234375;-13.027587890625;0;0;1.2866667509078979;0;2;0;1;0;0;0;1;0;0;1;0;0;0;1;0;1;1;0
13903;10;1;1;1;2;1;0;0;0;0;0;58.8720703125;6.169189453125;-13.027587890625;-6.8583984375;-13.027587890625;0;0;1.2866667509078979;0;2;0;1;0;0;0;1;0;0;1;0;0;0;1;0;1;1;0
13913;10;1;1;1;2;1;0;0;0;0;0;58.7548828125;6.186767578125;-13.027587890625;-6.8408203125;-13.027587890625;0;0;1.28000009059906;0;2;0;1;0;0;0;1;0;0;1;0;0;0;1;0;1;1;0
13923;10;1;1;1;2;1;0;0;0;0;0;58.6767578125;6.198486328125;-13.027587890625;-6.8291015625;-13.027587890625;0;0;1.28000009059906;0;2;0;1;0;0;0;1;0;0;1;0;0;0;1;0;1;1;0
13933;10;1;1;1;2;1;0;0;0;0;0;58.557941436767578;6.21630859375;-13.027587890625;-6.811279296875;-13.027587890625;0;0;1.2900000810623169;0;2;0;1;0;0;0;1;0;0;1;0;0;0;1;0;1;1;0
13943;10;1;1;1;2;1;0;0;0;0;0;58.479816436767578;6.22802734375;-13.027587890625;-6.799560546875;-13.027587890625;0;0;1.2866667509078979;0;2;0;1;0;0;0;1;0;0;1;0;0;0;1;0;1;1;0
13954;10;1;1;1;2;1;0;0;0;0;0;58.362628936767578;6.24560546875;-13.027587890625;-6.781982421875;-13.027587890625;0;0;1.2766666412353516;0;2;0;1;0;0;0;1;0;0;1;0;0;0;1;0;1;1;0
13963;10;1;1;1;2;1;0;0;0;0;0;58.2861328125;6.257080078125;-13.027587890625;-6.7705078125;-13.027587890625;0;0;1.2733333110809326;0;2;0;1;0;0;0;1;0;0;1;0;0;0;1;0;1;1;0
13974;10;1;1;1;2;1;0;0;0;0;0;58.165691375732422;6.275146484375;-13.027587890625;-6.75244140625;-13.027587890625;0;0;1.2900000810623169;0;2;0;1;0;0;0;1;0;0;1;0;0;0;1;0;1;1;0
13983;10;1;1;1;2;1;0;0;0;0;0;58.077800750732422;6.288330078125;-13.027587890625;-6.7392578125;-13.027587890625;0;0;1.2900000810623169;0;2;0;1;0;0;0;1;0;0;1;0;0;0;1;0;1;1;0
13993;10;1;1;1;2;1;0;0;0;0;0;57.970378875732422;6.304443359375;-13.027587890625;-6.72314453125;-13.027587890625;0;0;1.2833333015441895;0;2;0;1;0;0;0;1;0;0;1;0;0;0;1;0;1;1;0
14003;10;1;1;1;2;1;0;0;0;0;0;57.892253875732422;6.316162109375;-13.027587890625;-6.71142578125;-13.027587890625;0;0;1.28000009059906;0;2;0;1;0;0;0;1;0;0;1;0;0;0;1;0;1;1;0
14013;10;1;1;1;2;1;0;0;0;0;0;57.775066375732422;6.333740234375;-13.027587890625;-6.69384765625;-13.027587890625;0;0;1.2833333015441895;0;2;0;1;0;0;0;1;0;0;1;0;0;0;1;0;1;1;0
14024;10;1;1;1;2;1;0;0;0;0;0;57.6953125;6.345703125;-13.027587890625;-6.681884765625;-13.027587890625;0;0;1.2833333015441895;0;2;0;1;0;0;0;1;0;0;1;0;0;0;1;0;1;1;0
14033;10;1;1;1;2;1;0;0;0;0;0;57.578125;6.36328125;-13.027587890625;-6.664306640625;-13.027587890625;0;0;1.2833333015441895;0;2;0;1;0;0;0;1;0;0;1;0;0;0;1;0;1;1;0
14043;10;1;1;1;2;1;0;0;0;0;0;57.5;6.375;-13.027587890625;-6.652587890625;-13.027587890625;0;0;1.2866667509078979;0;2;0;1;0;0;0;1;0;0;1;0;0;0;1;0;1;1;0
14054;10;1;1;1;2;1;0;0;0;0;0;57.381183624267578;6.392822265625;-13.027587890625;-6.634765625;-13.027587890625;0;0;1.2866667509078979;0;2;0;1;0;0;0;1;0;0;1;0;0;0;1;0;1;1;0
14063;10;1;1;1;2;1;0;0;0;0;0;57.3046875;6.404296875;-13.027587890625;-6.623291015625;-13.027587890625;0;0;1.28000009059906;0;2;0;1;0;0;0;1;0;0;1;0;0;0;1;0;1;1;0
14073;10;1;1;1;2;1;0;0;0;0;0;57.176105499267578;6.423583984375;-13.027587890625;-6.60400390625;-13.027587890625;0;0;1.2833333015441895;0;2;0;1;0;0;0;1;0;0;1;0;0;0;1;0;1;1;0
14083;10;1;1;1;2;1;0;0;0;0;0;57.096355438232422;6.435546875;-13.027587890625;-6.592041015625;-13.027587890625;0;0;1.2900000810623169;0;2;0;1;0;0;0;1;0;0;1;0;0;0;1;0;1;1;0
14094;10;1;1;1;2;1;0;0;0;0;0;56.979167938232422;6.453125;-13.027587890625;-6.574462890625;-13.027587890625;0;0;1.2866667509078979;0;2;0;1;0;0;0;1;0;0;1;0;0;0;1;0;1;1;0
14103;10;1;1;1;2;1;0;0;0;0;0;56.902667999267578;6.464599609375;-13.027587890625;-6.56298828125;-13.027587890625;0;0;1.28000009059906;0;2;0;1;0;0;0;1;0;0;1;0;0;0;1;0;1;1;0
14113;10;1;1;1;2;1;0;0;0;0;0;56.793621063232422;6.48095703125;-13.027587890625;-6.546630859375;-13.027587890625;0;0;1.2866667509078979;0;2;0;1;0;0;0;1;0;0;1;0;0;0;1;0;1;1;0
14123;10;1;1;1;2;1;0;0;0;0;0;56.7041015625;6.494384765625;-13.027587890625;-6.533203125;-13.027587890625;0;0;1.2933332920074463;0;2;0;1;0;0;0;1;0;0;1;0;0;0;1;0;1;1;0
14133;10;1;1;1;2;1;0;0;0;0;0;56.5966796875;6.510498046875;-13.027587890625;-6.51708984375;-13.027587890625;0;0;1.2900000810623169;0;2;0;1;0;0;0;1;0;0;1;0;0;0;1;0;1;1;0
14143;10;1;1;1;2;1;0;0;0;0;0;56.5185546875;6.522216796875;-13.027587890625;-6.50537109375;-13.027587890625;0;0;1.2833333015441895;0;2;0;1;0;0;0;1;0;0;1;0;0;0;1;0;1;1;0
14154;10;1;1;1;2;1;0;0;0;0;0;56.4013671875;6.539794921875;-13.027587890625;-6.48779296875;-13.027587890625;0;0;1.28000009059906;0;2;0;1;0;0;0;1;0;0;1;0;0;0;1;0;1;1;0
14163;10;1;1;1;2;1;0;0;0;0;0;56.321613311767578;6.5517578125;-13.027587890625;-6.475830078125;-13.027587890625;0;0;1.2866667509078979;0;2;0;1;0;0;0;1;0;0;1;0;0;0;1;0;1;1;0
14173;10;1;1;1;2;1;0;0;0;0;0;56.233722686767578;6.56494140625;-13.027587890625;-6.462646484375;-13.027587890625;0;0;1.2866667509078979;0;2;0;1;0;0;0;1;0;0;1;0;0;0;1;0;1;1;0
14183;10;1;1;1;2;1;0;0;0;0;0;56.126300811767578;6.5810546875;-13.027587890625;-6.446533203125;-13.027587890625;0;0;1.2866667509078979;0;2;0;1;0;0;0;1;0;0;1;0;0;0;1;0;1;1;0
14193;10;1;1;1;2;1;0;0;0;0;0;56.009113311767578;6.5986328125;-13.027587890625;-6.428955078125;-13.027587890625;0;0;1.2833333015441895;0;2;0;1;0;0;0;1;0;0;1;0;0;0;1;0;1;1;0
14203;10;1;1;1;2;1;0;0;0;0;0;55.919597625732422;6.612060546875;-13.027587890625;-6.41552734375;-13.027587890625;0;0;1.2866667509078979;0;2;0;1;0;0;0;1;0;0;1;0;0;0;1;0;1;1;0
14213;10;1;1;1;2;1;0;0;0;0;0;55.851238250732422;6.622314453125;-13.027587890625;-6.4052734375;-13.027587890625;0;0;1.2866667509078979;0;2;0;1;0;0;0;1;0;0;1;0;0;0;1;0;1;1;0
14224;10;1;1;1;2;1;0;0;0;0;0;55.734050750732422;6.639892578125;-13.027587890625;-6.3876953125;-13.027587890625;0;0;1.2833333015441895;0;2;0;1;0;0;0;1;0;0;1;0;0;0;1;0;1;1;0
14233;10;1;1;1;2;1;0;0;0;0;0;55.646160125732422;6.653076171875;-13.027587890625;-6.37451171875;-13.027587890625;0;0;1.2833333015441895;0;2;0;1;0;0;0;1;0;0;1;0;0;0;1;0;1;1;0
14243;10;1;1;1;2;1;0;0;0;0;0;55.52734375;6.6708984375;-13.027587890625;-6.356689453125;-13.027587890625;0;0;1.2866667509078979;0;2;0;1;0;0;0;1;0;0;1;0;0;0;1;0;1;1;0
14255;10;1;1;1;2;1;0;0;0;0;0;55.419921875;6.68701171875;-13.027587890625;-6.340576171875;-13.027587890625;0;0;1.2866667509078979;0;2;0;1;0;0;0;1;0;0;1;0;0;0;1;0;1;1;0
14263;10;1;1;1;2;1;0;0;0;0;0;55.341796875;6.69873046875;-13.027587890625;-6.328857421875;-13.027587890625;0;0;1.2833333015441895;0;2;0;1;0;0;0;1;0;0;1;0;0;0;1;0;1;1;0
14273;10;1;1;1;2;1;0;0;0;0;0;55.21484375;6.7177734375;-13.027587890625;-6.309814453125;-13.027587890625;0;0;1.28000009059906;0;2;0;1;0;0;0;1;0;0;1;0;0;0;1;0;1;1;0
14283;10;1;1;1;2;1;0;0;0;0;0;55.135089874267578;6.729736328125;-13.027587890625;-6.2978515625;-13.027587890625;0;0;1.2833333015441895;0;2;0;1;0;0;0;1;0;0;1;0;0;0;1;0;1;1;0
14293;10;1;1;1;2;1;0;0;0;0;0;55.056964874267578;6.741455078125;-13.027587890625;-6.2861328125;-13.027587890625;0;0;1.2866667509078979;0;2;0;1;0;0;0;1;0;0;1;0;0;0;1;0;1;1;0
14303;10;1;1;1;2;1;0;0;0;0;0;54.947917938232422;6.7578125;-13.027587890625;-6.269775390625;-13.027587890625;0;0;1.2866667509078979;0;2;0;1;0;0;0;1;0;0;1;0;0;0;1;0;1;1;0
14313;10;1;1;1;2;1;0;0;0;0;0;54.869792938232422;6.76953125;-13.027587890625;-6.258056640625;-13.027587890625;0;0;1.2833333015441895;0;2;0;1;0;0;0;1;0;0;1;0;0;0;1;0;1;1;0
14323;10;1;1;1;2;1;0;0;0;0;0;54.742839813232422;6.78857421875;-13.027587890625;-6.239013671875;-13.027587890625;0;0;1.2833333015441895;0;2;0;1;0;0;0;1;0;0;1;0;0;0;1;0;1;1;0
14333;10;1;1;1;2;1;0;0;0;0;0;54.674480438232422;6.798828125;-13.027587890625;-6.228759765625;-13.027587890625;0;0;1.2866667509078979;0;2;0;1;0;0;0;1;0;0;1;0;0;0;1;0;1;1;0
14343;10;1;1;1;2;1;0;0;0;0;0;54.5458984375;6.818115234375;-13.027587890625;-6.20947265625;-13.027587890625;0;0;1.2866667509078979;0;2;0;1;0;0;0;1;0;0;1;0;0;0;1;0;1;1;0
14355;10;1;1;1;2;1;0;0;0;0;0;54.4775390625;6.828369140625;-13.027587890625;-6.19921875;-13.027587890625;0;0;1.2833333015441895;0;2;0;1;0;0;0;1;0;0;1;0;0;0;1;0;1;1;0
14363;10;1;1;1;2;1;0;0;0;0;0;54.3603515625;6.845947265625;-13.027587890625;-6.181640625;-13.027587890625;0;0;1.2833333015441895;0;2;0;1;0;0;0;1;0;0;1;0;0;0;1;0;1;1;0
14373;10;1;1;1;2;1;0;0;0;0;0;54.2822265625;6.857666015625;-13.027587890625;-6.169921875;-13.027587890625;0;0;1.2833333015441895;0;2;0;1;0;0;0;1;0;0;1;0;0;0;1;0;1;1;0
14383;10;1;1;1;2;1;0;0;0;0;0;54.163410186767578;6.87548828125;-13.027587890625;-6.152099609375;-13.027587890625;0;0;1.2833333015441895;0;2;0;1;0;0;0;1;0;0;1;0;0;0;1;0;1;1;0
14393;10;1;1;1;2;1;0;0;0;0;0;54.046222686767578;6.89306640625;-13.027587890625;-6.134521484375;-13.027587890625;0;0;1.2833333015441895;0;2;0;1;0;0;0;1;0;0;1;0;0;0;1;0;1;1;0
14403;10;1;1;1;2;1;0;0;0;0;0;53.958332061767578;6.90625;-13.027587890625;-6.121337890625;-13.027587890625;0;0;1.2833333015441895;0;2;0;1;0;0;0;1;0;0;1;0;0;0;1;0;1;1;0
14414;10;1;1;1;2;1;0;0;0;0;0;53.888347625732422;6.916748046875;-13.027587890625;-6.11083984375;-13.027587890625;0;0;1.2866667509078979;0;2;0;1;0;0;0;1;0;0;1;0;0;0;1;0;1;1;0
14423;10;1;1;1;2;1;0;0;0;0;0;53.772785186767578;6.93408203125;-13.02734375;-6.09326171875;-13.02734375;0;0;1.2866667509078979;0;2;0;1;0;0;0;1;0;0;1;0;0;0;1;0;1;1;0
14433;10;1;1;1;2;1;0;0;0;0;0;53.683269500732422;6.947509765625;-13.027587890625;-6.080078125;-13.027587890625;0;0;1.2833333015441895;0;2;0;1;0;0;0;1;0;0;1;0;0;0;1;0;1;1;0
14443;10;1;1;1;2;1;0;0;0;0;0;53.575847625732422;6.963623046875;-13.027587890625;-6.06396484375;-13.027587890625;0;0;1.2833333015441895;0;2;0;1;0;0;0;1;0;0;1;0;0;0;1;0;1;1;0
14455;10;1;1;1;2;1;0;0;0;0;0;53.49609375;6.9755859375;-13.027587890625;-6.052001953125;-13.027587890625;0;0;1.2866667509078979;0;2;0;1;0;0;0;1;0;0;1;0;0;0;1;0;1;1;0
14463;10;1;1;1;2;1;0;0;0;0;0;53.369140625;6.99462890625;-13.027587890625;-6.032958984375;-13.027587890625;0;0;1.2866667509078979;0;2;0;1;0;0;0;1;0;0;1;0;0;0;1;0;1;1;0
14473;10;1;1;1;2;1;0;0;0;0;0;53.251953125;7.01220703125;-13.027587890625;-6.015380859375;-13.027587890625;0;0;1.2833333015441895;0;2;0;1;0;0;0;1;0;0;1;0;0;0;1;0;1;1;0
14483;10;1;1;1;2;1;0;0;0;0;0;53.172199249267578;7.024169921875;-13.027587890625;-6.00341796875;-13.027587890625;0;0;1.2833333015441895;0;2;0;1;0;0;0;1;0;0;1;0;0;0;1;0;1;1;0
14493;10;1;1;1;2;1;0;0;0;0;0;53.103839874267578;7.034423828125;-13.027587890625;-5.9931640625;-13.027587890625;0;0;1.2833333015441895;0;2;0;1;0;0;0;1;0;0;1;0;0;0;1;0;1;1;0
14503;10;1;1;1;2;1;0;0;0;0;0;52.986652374267578;7.052001953125;-13.027587890625;-5.9755859375;-13.027587890625;0;0;1.2833333015441895;0;2;0;1;0;0;0;1;0;0;1;0;0;0;1;0;1;1;0
14514;10;1;1;1;2;1;0;0;0;0;0;52.908527374267578;7.063720703125;-13.027587890625;-5.9638671875;-13.027587890625;0;0;1.2833333015441895;0;2;0;1;0;0;0;1;0;0;1;0;0;0;1;0;1;1;0
14523;10;1;1;1;2;1;0;0;0;0;0;52.789714813232422;7.08154296875;-13.027587890625;-5.946044921875;-13.027587890625;0;0;1.2833333015441895;0;2;0;1;0;0;0;1;0;0;1;0;0;0;1;0;1;1;0
14533;10;1;1;1;2;1;0;0;0;0;0;52.711589813232422;7.09326171875;-13.027587890625;-5.934326171875;-13.027587890625;0;0;1.2833333015441895;0;2;0;1;0;0;0;1;0;0;1;0;0;0;1;0;1;1;0
14544;10;1;1;1;2;1;0;0;0;0;0;52.594402313232422;7.11083984375;-13.027587890625;-5.916748046875;-13.027587890625;0;0;1.2833333015441895;0;2;0;1;0;0;0;1;0;0;1;0;0;0;1;0;1;1;0
14556;10;1;1;1;2;1;0;0;0;0;0;52.467449188232422;7.1298828125;-13.027587890625;-5.897705078125;-13.027587890625;0;0;1.2833333015441895;0;2;0;1;0;0;0;1;0;0;1;0;0;0;1;0;1;1;0
14563;10;1;1;1;2;1;0;0;0;0;0;52.3876953125;7.141845703125;-13.027587890625;-5.8857421875;-13.027587890625;0;0;1.2833333015441895;0;2;0;1;0;0;0;1;0;0;1;0;0;0;1;0;1;1;0
14573;10;1;1;1;2;1;0;0;0;0;0;52.3193359375;7.152099609375;-13.027587890625;-5.87548828125;-13.027587890625;0;0;1.2833333015441895;0;2;0;1;0;0;0;1;0;0;1;0;0;0;1;0;1;1;0
14583;10;1;1;1;2;1;0;0;0;0;0;52.2021484375;7.169677734375;-13.027587890625;-5.85791015625;-13.027587890625;0;0;1.2833333015441895;0;2;0;1;0;0;0;1;0;0;1;0;0;0;1;0;1;1;0
14593;10;1;1;1;2;1;0;0;0;0;0;52.1240234375;7.181396484375;-13.027587890625;-5.84619140625;-13.027587890625;0;0;1.2833333015441895;0;2;0;1;0;0;0;1;0;0;1;0;0;0;1;0;1;1;0
14603;10;1;1;1;2;1;0;0;0;0;0;52.005207061767578;7.19921875;-13.027587890625;-5.828369140625;-13.027587890625;0;0;1.2833333015441895;0;2;0;1;0;0;0;1;0;0;1;0;0;0;1;0;1;1;0
14614;10;1;1;1;2;1;0;0;0;0;0;51.917316436767578;7.21240234375;-13.027587890625;-5.815185546875;-13.027587890625;0;0;1.2833333015441895;0;2;0;1;0;0;0;1;0;0;1;0;0;0;1;0;1;1;0
14623;10;1;1;1;2;1;0;0;0;0;0;51.809894561767578;7.228515625;-13.027587890625;-5.799072265625;-13.027587890625;0;0;1.2833333015441895;0;2;0;1;0;0;0;1;0;0;1;0;0;0;1;0;1;1;0
14634;10;1;1;1;2;1;0;0;0;0;0;51.731769561767578;7.240234375;-13.027587890625;-5.787353515625;-13.027587890625;0;0;1.2833333015441895;0;2;0;1;0;0;0;1;0;0;1;0;0;0;1;0;1;1;0
14643;10;1;1;1;2;1;0;0;0;0;0;51.603191375732422;7.259521484375;-13.027587890625;-5.76806640625;-13.027587890625;0;0;1.2866667509078979;0;2;0;1;0;0;0;1;0;0;1;0;0;0;1;0;1;1;0
14654;10;1;1;1;2;1;0;0;0;0;0;51.534832000732422;7.269775390625;-13.027587890625;-5.7578125;-13.027587890625;0;0;1.2833333015441895;0;2;0;1;0;0;0;1;0;0;1;0;0;0;1;0;1;1;0
14663;10;1;1;1;2;1;0;0;0;0;0;51.407878875732422;7.288818359375;-13.027587890625;-5.73876953125;-13.027587890625;0;0;1.2833333015441895;0;2;0;1;0;0;0;1;0;0;1;0;0;0;1;0;1;1;0
14673;10;1;1;1;2;1;0;0;0;0;0;51.2890625;7.306640625;-13.027587890625;-5.720947265625;-13.027587890625;0;0;1.2866667509078979;0;2;0;1;0;0;0;1;0;0;1;0;0;0;1;0;1;1;0
14683;10;1;1;1;2;1;0;0;0;0;0;51.2109375;7.318359375;-13.027587890625;-5.709228515625;-13.027587890625;0;0;1.2833333015441895;0;2;0;1;0;0;0;1;0;0;1;0;0;0;1;0;1;1;0
14693;10;1;1;1;2;1;0;0;0;0;0;51.1328125;7.330078125;-13.027587890625;-5.697509765625;-13.027587890625;0;0;1.2833333015441895;0;2;0;1;0;0;0;1;0;0;1;0;0;0;1;0;1;1;0
14703;10;1;1;1;2;1;0;0;0;0;0;51.025390625;7.34619140625;-13.027587890625;-5.681396484375;-13.027587890625;0;0;1.2833333015441895;0;2;0;1;0;0;0;1;0;0;1;0;0;0;1;0;1;1;0
14713;10;1;1;1;2;1;0;0;0;0;0;50.945636749267578;7.358154296875;-13.027587890625;-5.66943359375;-13.027587890625;0;0;1.2833333015441895;0;2;0;1;0;0;0;1;0;0;1;0;0;0;1;0;1;1;0
14723;10;1;1;1;2;1;0;0;0;0;0;50.828449249267578;7.375732421875;-13.027587890625;-5.65185546875;-13.027587890625;0;0;1.2833333015441895;0;2;0;1;0;0;0;1;0;0;1;0;0;0;1;0;1;1;0
14733;10;1;1;1;2;1;0;0;0;0;0;50.750324249267578;7.387451171875;-13.027587890625;-5.64013671875;-13.027587890625;0;0;1.2833333015441895;0;2;0;1;0;0;0;1;0;0;1;0;0;0;1;0;1;1;0
14743;10;1;1;1;2;1;0;0;0;0;0;50.631511688232422;7.4052734375;-13.027587890625;-5.622314453125;-13.027587890625;0;0;1.2866667509078979;0;2;0;1;0;0;0;1;0;0;1;0;0;0;1;0;1;1;0
14755;10;1;1;1;2;1;0;0;0;0;0;50.504558563232422;7.42431640625;-13.027587890625;-5.603271484375;-13.027587890625;0;0;1.2833333015441895;0;2;0;1;0;0;0;1;0;0;1;0;0;0;1;0;1;1;0
14763;10;1;1;1;2;1;0;0;0;0;0;50.426433563232422;7.43603515625;-13.027587890625;-5.591552734375;-13.027587890625;0;0;1.2833333015441895;0;2;0;1;0;0;0;1;0;0;1;0;0;0;1;0;1;1;0
14773;10;1;1;1;2;1;0;0;0;0;0;50.358074188232422;7.4462890625;-13.027587890625;-5.581298828125;-13.027587890625;0;0;1.2866667509078979;0;2;0;1;0;0;0;1;0;0;1;0;0;0;1;0;1;1;0
14784;10;1;1;1;2;1;0;0;0;0;0;50.240886688232422;7.4638671875;-13.027587890625;-5.563720703125;-13.027587890625;0;0;1.2833333015441895;0;2;0;1;0;0;0;1;0;0;1;0;0;0;1;0;1;1;0
14793;10;1;1;1;2;1;0;0;0;0;0;50.1513671875;7.477294921875;-13.027587890625;-5.55029296875;-13.027587890625;0;0;1.2833333015441895;0;2;0;1;0;0;0;1;0;0;1;0;0;0;1;0;1;1;0
14803;10;1;1;1;2;1;0;0;0;0;0;50.0439453125;7.493408203125;-13.027587890625;-5.5341796875;-13.027587890625;0;0;1.2833333015441895;0;2;0;1;0;0;0;1;0;0;1;0;0;0;1;0;1;1;0
14814;10;1;1;1;2;1;0;0;0;0;0;49.9658203125;7.505126953125;-13.027587890625;-5.5224609375;-13.027587890625;0;0;1.2833333015441895;0;2;0;1;0;0;0;1;0;0;1;0;0;0;1;0;1;1;0
14823;10;1;1;1;2;1;0;0;0;0;0;49.837238311767578;7.5244140625;-13.027587890625;-5.503173828125;-13.027587890625;0;0;1.2833333015441895;0;2;0;1;0;0;0;1;0;0;1;0;0;0;1;0;1;1;0
14833;10;1;1;1;2;1;0;0;0;0;0;49.7705078125;7.534423828125;-13.027587890625;-5.4931640625;-13.027587890625;0;0;1.28000009059906;0;2;0;1;0;0;0;1;0;0;1;0;0;0;1;0;1;1;0
14844;10;1;1;1;2;1;0;0;0;0;0;49.641925811767578;7.5537109375;-13.027587890625;-5.473876953125;-13.027587890625;0;0;1.2866667509078979;0;2;0;1;0;0;0;1;0;0;1;0;0;0;1;0;1;1;0
14854;10;1;1;1;2;1;0;0;0;0;0;49.563800811767578;7.5654296875;-13.027587890625;-5.462158203125;-13.027587890625;0;0;1.2866667509078979;0;2;0;1;0;0;0;1;0;0;1;0;0;0;1;0;1;1;0
14863;10;1;1;1;2;1;0;0;0;0;0;49.456378936767578;7.58154296875;-13.027587890625;-5.446044921875;-13.027587890625;0;0;1.28000009059906;0;2;0;1;0;0;0;1;0;0;1;0;0;0;1;0;1;1;0
14873;10;1;1;1;2;1;0;0;0;0;0;49.337566375732422;7.599365234375;-13.027587890625;-5.42822265625;-13.027587890625;0;0;1.2833333015441895;0;2;0;1;0;0;0;1;0;0;1;0;0;0;1;0;1;1;0
14883;10;1;1;1;2;1;0;0;0;0;0;49.249675750732422;7.612548828125;-13.027587890625;-5.4150390625;-13.027587890625;0;0;1.2833333015441895;0;2;0;1;0;0;0;1;0;0;1;0;0;0;1;0;1;1;0
14894;10;1;1;1;2;1;0;0;0;0;0;49.171550750732422;7.624267578125;-13.027587890625;-5.4033203125;-13.027587890625;0;0;1.2833333015441895;0;2;0;1;0;0;0;1;0;0;1;0;0;0;1;0;1;1;0
14903;10;1;1;1;2;1;0;0;0;0;0;49.064128875732422;7.640380859375;-13.027587890625;-5.38720703125;-13.027587890625;0;0;1.2833333015441895;0;2;0;1;0;0;0;1;0;0;1;0;0;0;1;0;1;1;0
14913;10;1;1;1;2;1;0;0;0;0;0;48.984375;7.65234375;-13.027587890625;-5.375244140625;-13.027587890625;0;0;1.2833333015441895;0;2;0;1;0;0;0;1;0;0;1;0;0;0;1;0;1;1;0
14923;10;1;1;1;2;1;0;0;0;0;0;48.8671875;7.669921875;-13.027587890625;-5.357666015625;-13.027587890625;0;0;1.2866667509078979;0;2;0;1;0;0;0;1;0;0;1;0;0;0;1;0;1;1;0
14933;10;1;1;1;2;1;0;0;0;0;0;48.7890625;7.681640625;-13.027587890625;-5.345947265625;-13.027587890625;0;0;1.2833333015441895;0;2;0;1;0;0;0;1;0;0;1;0;0;0;1;0;1;1;0
14943;10;1;1;1;2;1;0;0;0;0;0;48.671875;7.69921875;-13.027587890625;-5.328369140625;-13.027587890625;0;0;1.2833333015441895;0;2;0;1;0;0;0;1;0;0;1;0;0;0;1;0;1;1;0
14954;10;1;1;1;2;1;0;0;0;0;0;48.582355499267578;7.712646484375;-13.027587890625;-5.31494140625;-13.027587890625;0;0;1.2866667509078979;0;2;0;1;0;0;0;1;0;0;1;0;0;0;1;0;1;1;0
14963;10;1;1;1;2;1;0;0;0;0;0;48.474933624267578;7.728759765625;-13.027587890625;-5.298828125;-13.027587890625;0;0;1.2833333015441895;0;2;0;1;0;0;0;1;0;0;1;0;0;0;1;0;1;1;0
14973;10;1;1;1;2;1;0;0;0;0;0;48.396808624267578;7.740478515625;-13.027587890625;-5.287109375;-13.027587890625;0;0;1.2833333015441895;0;2;0;1;0;0;0;1;0;0;1;0;0;0;1;0;1;1;0
14983;10;1;1;1;2;1;0;0;0;0;0;48.279621124267578;7.758056640625;-13.027587890625;-5.26953125;-13.027587890625;0;0;1.2833333015441895;0;2;0;1;0;0;0;1;0;0;1;0;0;0;1;0;1;1;0
14996;10;1;1;1;2;1;0;0;0;0;0;48.199871063232422;7.77001953125;-13.027587890625;-5.257568359375;-13.027587890625;0;0;1.2833333015441895;0;2;0;1;0;0;0;1;0;0;1;0;0;0;1;0;1;1;0
15003;10;1;1;1;2;1;0;0;0;0;0;48.072917938232422;7.7890625;-13.027587890625;-5.238525390625;-13.027587890625;0;0;1.2833333015441895;0;2;0;1;0;0;0;1;0;0;1;0;0;0;1;0;1;1;0
15014;10;1;1;1;2;1;0;0;0;0;0;48.004558563232422;7.79931640625;-13.027587890625;-5.228271484375;-13.027587890625;0;0;1.2833333015441895;0;2;0;1;0;0;0;1;0;0;1;0;0;0;1;0;1;1;0
15023;10;1;1;1;2;1;0;0;0;0;0;47.8857421875;7.817138671875;-13.027587890625;-5.21044921875;-13.027587890625;0;0;1.2866667509078979;0;2;0;1;0;0;0;1;0;0;1;0;0;0;1;0;1;1;0
15033;10;1;1;1;2;1;0;0;0;0;0;47.7978515625;7.830322265625;-13.027587890625;-5.197265625;-13.027587890625;0;0;1.2866667509078979;0;2;0;1;0;0;0;1;0;0;1;0;0;0;1;0;1;1;0
15043;10;1;1;1;2;1;0;0;0;0;0;47.692058563232422;7.84619140625;-13.02734375;-5.18115234375;-13.02734375;0;0;1.2833333015441895;0;2;0;1;0;0;0;1;0;0;1;0;0;0;1;0;1;1;0
15054;10;1;1;1;2;1;0;0;0;0;0;47.6123046875;7.858154296875;-13.027587890625;-5.16943359375;-13.027587890625;0;0;1.2833333015441895;0;2;0;1;0;0;0;1;0;0;1;0;0;0;1;0;1;1;0
15063;10;1;1;1;2;1;0;0;0;0;0;47.493488311767578;7.8759765625;-13.027587890625;-5.151611328125;-13.027587890625;0;0;1.2866667509078979;0;2;0;1;0;0;0;1;0;0;1;0;0;0;1;0;1;1;0
15074;10;1;1;1;2;1;0;0;0;0;0;47.366535186767578;7.89501953125;-13.027587890625;-5.132568359375;-13.027587890625;0;0;1.2866667509078979;0;2;0;1;0;0;0;1;0;0;1;0;0;0;1;0;1;1;0
15083;10;1;1;1;2;1;0;0;0;0;0;47.288410186767578;7.90673828125;-13.027587890625;-5.120849609375;-13.027587890625;0;0;1.2866667509078979;0;2;0;1;0;0;0;1;0;0;1;0;0;0;1;0;1;1;0
15094;10;1;1;1;2;1;0;0;0;0;0;47.220050811767578;7.9169921875;-13.027587890625;-5.110595703125;-13.027587890625;0;0;1.2833333015441895;0;2;0;1;0;0;0;1;0;0;1;0;0;0;1;0;1;1;0
15103;10;1;1;1;2;1;0;0;0;0;0;47.101238250732422;7.934814453125;-13.027587890625;-5.0927734375;-13.027587890625;0;0;1.2833333015441895;0;2;0;1;0;0;0;1;0;0;1;0;0;0;1;0;1;1;0
15114;10;1;1;1;2;1;0;0;0;0;0;47.023113250732422;7.946533203125;-13.027587890625;-5.0810546875;-13.027587890625;0;0;1.2866667509078979;0;2;0;1;0;0;0;1;0;0;1;0;0;0;1;0;1;1;0
15123;10;1;1;1;2;1;0;0;0;0;0;46.896160125732422;7.965576171875;-13.027587890625;-5.06201171875;-13.027587890625;0;0;1.2833333015441895;0;2;0;1;0;0;0;1;0;0;1;0;0;0;1;0;1;1;0
15133;10;1;1;1;2;1;0;0;0;0;0;46.827800750732422;7.975830078125;-13.027587890625;-5.0517578125;-13.027587890625;0;0;1.28000009059906;0;2;0;1;0;0;0;1;0;0;1;0;0;0;1;0;1;1;0
15143;10;1;1;1;2;1;0;0;0;0;0;46.710613250732422;7.993408203125;-13.027587890625;-5.0341796875;-13.027587890625;0;0;1.2833333015441895;0;2;0;1;0;0;0;1;0;0;1;0;0;0;1;0;1;1;0
15154;10;1;1;1;2;1;0;0;0;0;0;46.630859375;8.00537109375;-13.027587890625;-5.022216796875;-13.027587890625;0;0;1.2866667509078979;0;2;0;1;0;0;0;1;0;0;1;0;0;0;1;0;1;1;0
15163;10;1;1;1;2;1;0;0;0;0;0;46.513671875;8.02294921875;-13.027587890625;-5.004638671875;-13.027587890625;0;0;1.2833333015441895;0;2;0;1;0;0;0;1;0;0;1;0;0;0;1;0;1;1;0
15174;10;1;1;1;2;1;0;0;0;0;0;46.42578125;8.0361328125;-13.027587890625;-4.991455078125;-13.027587890625;0;0;1.28000009059906;0;2;0;1;0;0;0;1;0;0;1;0;0;0;1;0;1;1;0
15183;10;1;1;1;2;1;0;0;0;0;0;46.316730499267578;8.052490234375;-13.027587890625;-4.97509765625;-13.027587890625;0;0;1.2833333015441895;0;2;0;1;0;0;0;1;0;0;1;0;0;0;1;0;1;1;0
15193;10;1;1;1;2;1;0;0;0;0;0;46.238605499267578;8.064208984375;-13.027587890625;-4.96337890625;-13.027587890625;0;0;1.2833333015441895;0;2;0;1;0;0;0;1;0;0;1;0;0;0;1;0;1;1;0
15203;10;1;1;1;2;1;0;0;0;0;0;46.121417999267578;8.081787109375;-13.027587890625;-4.94580078125;-13.027587890625;0;0;1.2833333015441895;0;2;0;1;0;0;0;1;0;0;1;0;0;0;1;0;1;1;0
15215;10;1;1;1;2;1;0;0;0;0;0;46.041667938232422;8.09375;-13.027587890625;-4.933837890625;-13.027587890625;0;0;1.2866667509078979;0;2;0;1;0;0;0;1;0;0;1;0;0;0;1;0;1;1;0
15223;10;1;1;1;2;1;0;0;0;0;0;45.914714813232422;8.11279296875;-13.027587890625;-4.914794921875;-13.027587890625;0;0;1.2866667509078979;0;2;0;1;0;0;0;1;0;0;1;0;0;0;1;0;1;1;0
15234;10;1;1;1;2;1;0;0;0;0;0;45.836589813232422;8.12451171875;-13.027587890625;-4.903076171875;-13.027587890625;0;0;1.2833333015441895;0;2;0;1;0;0;0;1;0;0;1;0;0;0;1;0;1;1;0
15243;10;1;1;1;2;1;0;0;0;0;0;45.7177734375;8.142333984375;-13.027587890625;-4.88525390625;-13.027587890625;0;0;1.2866667509078979;0;2;0;1;0;0;0;1;0;0;1;0;0;0;1;0;1;1;0
15254;10;1;1;1;2;1;0;0;0;0;0;45.6396484375;8.154052734375;-13.027587890625;-4.87353515625;-13.027587890625;0;0;1.2866667509078979;0;2;0;1;0;0;0;1;0;0;1;0;0;0;1;0;1;1;0
15263;10;1;1;1;2;1;0;0;0;0;0;45.5322265625;8.170166015625;-13.027587890625;-4.857421875;-13.027587890625;0;0;1.2833333015441895;0;2;0;1;0;0;0;1;0;0;1;0;0;0;1;0;1;1;0
15275;10;1;1;1;2;1;0;0;0;0;0;45.4443359375;8.183349609375;-13.027587890625;-4.84423828125;-13.027587890625;0;0;1.28000009059906;0;2;0;1;0;0;0;1;0;0;1;0;0;0;1;0;1;1;0
15283;10;1;1;1;2;1;0;0;0;0;0;45.325519561767578;8.201171875;-13.027587890625;-4.826416015625;-13.027587890625;0;0;1.2866667509078979;0;2;0;1;0;0;0;1;0;0;1;0;0;0;1;0;1;1;0
15293;10;1;1;1;2;1;0;0;0;0;0;45.245769500732422;8.213134765625;-13.027587890625;-4.814453125;-13.027587890625;0;0;1.2900000810623169;0;2;0;1;0;0;0;1;0;0;1;0;0;0;1;0;1;1;0
15303;10;1;1;1;2;1;0;0;0;0;0;45.138347625732422;8.229248046875;-13.027587890625;-4.79833984375;-13.027587890625;0;0;1.2900000810623169;0;2;0;1;0;0;0;1;0;0;1;0;0;0;1;0;1;1;0
15314;10;1;1;1;2;1;0;0;0;0;0;45.022785186767578;8.24658203125;-13.027587890625;-4.781005859375;-13.027587890625;0;0;1.2766666412353516;0;2;0;1;0;0;0;1;0;0;1;0;0;0;1;0;1;1;0
15324;10;1;1;1;2;1;0;0;0;0;0;44.934894561767578;8.259765625;-13.027587890625;-4.767822265625;-13.027587890625;0;0;1.28000009059906;0;2;0;1;0;0;0;1;0;0;1;0;0;0;1;0;1;1;0
15333;10;1;1;1;2;1;0;0;0;0;0;44.853515625;8.27197265625;-13.027587890625;-4.755615234375;-13.027587890625;0;0;1.2900000810623169;0;2;0;1;0;0;0;1;0;0;1;0;0;0;1;0;1;1;0
15343;10;1;1;1;2;1;0;0;0;0;0;44.736328125;8.28955078125;-13.027587890625;-4.738037109375;-13.027587890625;0;0;1.2933332920074463;0;2;0;1;0;0;0;1;0;0;1;0;0;0;1;0;1;1;0
15354;10;1;1;1;2;1;0;0;0;0;0;44.658203125;8.30126953125;-13.027587890625;-4.726318359375;-13.027587890625;0;0;1.2866667509078979;0;2;0;1;0;0;0;1;0;0;1;0;0;0;1;0;1;1;0
15363;10;1;1;1;2;1;0;0;0;0;0;44.541015625;8.31884765625;-13.027587890625;-4.708740234375;-13.027587890625;0;0;1.28000009059906;0;2;0;1;0;0;0;1;0;0;1;0;0;0;1;0;1;1;0
15373;10;1;1;1;2;1;0;0;0;0;0;44.462890625;8.33056640625;-13.027587890625;-4.697021484375;-13.027587890625;0;0;1.2833333015441895;0;2;0;1;0;0;0;1;0;0;1;0;0;0;1;0;1;1;0
15384;10;1;1;1;2;1;0;0;0;0;0;44.353839874267578;8.346923828125;-13.027587890625;-4.6806640625;-13.027587890625;0;0;1.2833333015441895;0;2;0;1;0;0;0;1;0;0;1;0;0;0;1;0;1;1;0
15393;10;1;1;1;2;1;0;0;0;0;0;44.265949249267578;8.360107421875;-13.027587890625;-4.66748046875;-13.027587890625;0;0;1.2833333015441895;0;2;0;1;0;0;0;1;0;0;1;0;0;0;1;0;1;1;0
15403;10;1;1;1;2;1;0;0;0;0;0;44.158527374267578;8.376220703125;-13.027587890625;-4.6513671875;-13.027587890625;0;0;1.2866667509078979;0;2;0;1;0;0;0;1;0;0;1;0;0;0;1;0;1;1;0
15413;10;1;1;1;2;1;0;0;0;0;0;44.078777313232422;8.38818359375;-13.027587890625;-4.639404296875;-13.027587890625;0;0;1.2866667509078979;0;2;0;1;0;0;0;1;0;0;1;0;0;0;1;0;1;1;0
15423;10;1;1;1;2;1;0;0;0;0;0;43.951824188232422;8.4072265625;-13.027587890625;-4.620361328125;-13.027587890625;0;0;1.28000009059906;0;2;0;1;0;0;0;1;0;0;1;0;0;0;1;0;1;1;0
15433;10;1;1;1;2;1;0;0;0;0;0;43.885089874267578;8.417236328125;-13.027587890625;-4.6103515625;-13.027587890625;0;0;1.28000009059906;0;2;0;1;0;0;0;1;0;0;1;0;0;0;1;0;1;1;0
15444;10;1;1;1;2;1;0;0;0;0;0;43.7646484375;8.435302734375;-13.027587890625;-4.59228515625;-13.027587890625;0;0;1.2900000810623169;0;2;0;1;0;0;0;1;0;0;1;0;0;0;1;0;1;1;0
15454;10;1;1;1;2;1;0;0;0;0;0;43.6767578125;8.448486328125;-13.027587890625;-4.5791015625;-13.027587890625;0;0;1.2866667509078979;0;2;0;1;0;0;0;1;0;0;1;0;0;0;1;0;1;1;0
15463;10;1;1;1;2;1;0;0;0;0;0;43.5693359375;8.464599609375;-13.027587890625;-4.56298828125;-13.027587890625;0;0;1.2833333015441895;0;2;0;1;0;0;0;1;0;0;1;0;0;0;1;0;1;1;0
15473;10;1;1;1;2;1;0;0;0;0;0;43.4912109375;8.476318359375;-13.027587890625;-4.55126953125;-13.027587890625;0;0;1.2833333015441895;0;2;0;1;0;0;0;1;0;0;1;0;0;0;1;0;1;1;0
15483;10;1;1;1;2;1;0;0;0;0;0;43.372394561767578;8.494140625;-13.027587890625;-4.533447265625;-13.027587890625;0;0;1.2933332920074463;0;2;0;1;0;0;0;1;0;0;1;0;0;0;1;0;1;1;0
15493;10;1;1;1;2;1;0;0;0;0;0;43.292644500732422;8.506103515625;-13.027587890625;-4.521484375;-13.027587890625;0;0;1.2900000810623169;0;2;0;1;0;0;0;1;0;0;1;0;0;0;1;0;1;1;0
15503;10;1;1;1;2;1;0;0;0;0;0;43.175457000732422;8.523681640625;-13.027587890625;-4.50390625;-13.027587890625;0;0;1.2833333015441895;0;2;0;1;0;0;0;1;0;0;1;0;0;0;1;0;1;1;0
15514;10;1;1;1;2;1;0;0;0;0;0;43.097332000732422;8.535400390625;-13.027587890625;-4.4921875;-13.027587890625;0;0;1.2833333015441895;0;2;0;1;0;0;0;1;0;0;1;0;0;0;1;0;1;1;0
15523;10;1;1;1;2;1;0;0;0;0;0;42.980144500732422;8.552978515625;-13.027587890625;-4.474609375;-13.027587890625;0;0;1.2866667509078979;0;2;0;1;0;0;0;1;0;0;1;0;0;0;1;0;1;1;0
15534;10;1;1;1;2;1;0;0;0;0;0;42.902019500732422;8.564697265625;-13.027587890625;-4.462890625;-13.027587890625;0;0;1.2833333015441895;0;2;0;1;0;0;0;1;0;0;1;0;0;0;1;0;1;1;0
15544;10;1;1;1;2;1;0;0;0;0;0;42.7734375;8.583984375;-13.027587890625;-4.443603515625;-13.027587890625;0;0;1.2866667509078979;0;2;0;1;0;0;0;1;0;0;1;0;0;0;1;0;1;1;0
15553;10;1;1;1;2;1;0;0;0;0;0;42.6953125;8.595703125;-13.027587890625;-4.431884765625;-13.027587890625;0;0;1.2866667509078979;0;2;0;1;0;0;0;1;0;0;1;0;0;0;1;0;1;1;0
15570;10;1;1;1;2;1;0;0;0;0;0;42.586261749267578;8.612060546875;-13.027587890625;-4.41552734375;-13.027587890625;0;0;1.2833333015441895;0;2;0;1;0;0;0;1;0;0;1;0;0;0;1;0;1;1;0
15573;10;1;1;1;2;1;0;0;0;0;0;42.5;8.625;-13.02734375;-4.40234375;-13.02734375;0;0;1.2866667509078979;0;2;0;1;0;0;0;1;0;0;1;0;0;0;1;0;1;1;0
15583;10;1;1;1;2;1;0;0;0;0;0;42.381183624267578;8.642822265625;-13.027587890625;-4.384765625;-13.027587890625;0;0;1.2866667509078979;0;2;0;1;0;0;0;1;0;0;1;0;0;0;1;0;1;1;0
15593;10;1;1;1;2;1;0;0;0;0;0;42.301433563232422;8.65478515625;-13.027587890625;-4.372802734375;-13.027587890625;0;0;1.2866667509078979;0;2;0;1;0;0;0;1;0;0;1;0;0;0;1;0;1;1;0
15604;10;1;1;1;2;1;0;0;0;0;0;42.194011688232422;8.6708984375;-13.027587890625;-4.356689453125;-13.027587890625;0;0;1.2866667509078979;0;2;0;1;0;0;0;1;0;0;1;0;0;0;1;0;1;1;0
15613;10;1;1;1;2;1;0;0;0;0;0;42.115886688232422;8.6826171875;-13.027587890625;-4.344970703125;-13.027587890625;0;0;1.2866667509078979;0;2;0;1;0;0;0;1;0;0;1;0;0;0;1;0;1;1;0
15623;10;1;1;1;2;1;0;0;0;0;0;41.9970703125;8.700439453125;-13.027587890625;-4.3271484375;-13.027587890625;0;0;1.2866667509078979;0;2;0;1;0;0;0;1;0;0;1;0;0;0;1;0;1;1;0
15633;10;1;1;1;2;1;0;0;0;0;0;41.9189453125;8.712158203125;-13.027587890625;-4.3154296875;-13.027587890625;0;0;1.2833333015441895;0;2;0;1;0;0;0;1;0;0;1;0;0;0;1;0;1;1;0
15643;10;1;1;1;2;1;0;0;0;0;0;41.8017578125;8.729736328125;-13.027587890625;-4.2978515625;-13.027587890625;0;0;1.2833333015441895;0;2;0;1;0;0;0;1;0;0;1;0;0;0;1;0;1;1;0
15654;10;1;1;1;2;1;0;0;0;0;0;41.722003936767578;8.74169921875;-13.027587890625;-4.285888671875;-13.027587890625;0;0;1.2866667509078979;0;2;0;1;0;0;0;1;0;0;1;0;0;0;1;0;1;1;0
15663;10;1;1;1;2;1;0;0;0;0;0;41.604816436767578;8.75927734375;-13.027587890625;-4.268310546875;-13.027587890625;0;0;1.2866667509078979;0;2;0;1;0;0;0;1;0;0;1;0;0;0;1;0;1;1;0
15675;10;1;1;1;2;1;0;0;0;0;0;41.516925811767578;8.7724609375;-13.027587890625;-4.255126953125;-13.027587890625;0;0;1.2866667509078979;0;2;0;1;0;0;0;1;0;0;1;0;0;0;1;0;1;1;0
15683;10;1;1;1;2;1;0;0;0;0;0;41.398113250732422;8.790283203125;-13.027587890625;-4.2373046875;-13.027587890625;0;0;1.2866667509078979;0;2;0;1;0;0;0;1;0;0;1;0;0;0;1;0;1;1;0
15693;10;1;1;1;2;1;0;0;0;0;0;41.319988250732422;8.802001953125;-13.027587890625;-4.2255859375;-13.027587890625;0;0;1.2833333015441895;0;2;0;1;0;0;0;1;0;0;1;0;0;0;1;0;1;1;0
15704;10;1;1;1;2;1;0;0;0;0;0;41.2109375;8.818359375;-13.027587890625;-4.209228515625;-13.027587890625;0;0;1.2866667509078979;0;2;0;1;0;0;0;1;0;0;1;0;0;0;1;0;1;1;0
15713;10;1;1;1;2;1;0;0;0;0;0;41.1328125;8.830078125;-13.027587890625;-4.197509765625;-13.027587890625;0;0;1.2866667509078979;0;2;0;1;0;0;0;1;0;0;1;0;0;0;1;0;1;1;0
15723;10;1;1;1;2;1;0;0;0;0;0;41.015625;8.84765625;-13.027587890625;-4.179931640625;-13.027587890625;0;0;1.2833333015441895;0;2;0;1;0;0;0;1;0;0;1;0;0;0;1;0;1;1;0
15733;10;1;1;1;2;1;0;0;0;0;0;40.9375;8.859375;-13.027587890625;-4.168212890625;-13.027587890625;0;0;1.2833333015441895;0;2;0;1;0;0;0;1;0;0;1;0;0;0;1;0;1;1;0
15743;10;1;1;1;2;1;0;0;0;0;0;40.808917999267578;8.878662109375;-13.027587890625;-4.14892578125;-13.027587890625;0;0;1.2866667509078979;0;2;0;1;0;0;0;1;0;0;1;0;0;0;1;0;1;1;0
15754;10;1;1;1;2;1;0;0;0;0;0;40.730792999267578;8.890380859375;-13.027587890625;-4.13720703125;-13.027587890625;0;0;1.2866667509078979;0;2;0;1;0;0;0;1;0;0;1;0;0;0;1;0;1;1;0
15763;10;1;1;1;2;1;0;0;0;0;0;40.623371124267578;8.906494140625;-13.027587890625;-4.12109375;-13.027587890625;0;0;1.2866667509078979;0;2;0;1;0;0;0;1;0;0;1;0;0;0;1;0;1;1;0
15773;10;1;1;1;2;1;0;0;0;0;0;40.543621063232422;8.91845703125;-13.027587890625;-4.109130859375;-13.027587890625;0;0;1.2833333015441895;0;2;0;1;0;0;0;1;0;0;1;0;0;0;1;0;1;1;0
15783;10;1;1;1;2;1;0;0;0;0;0;40.428058624267578;8.935791015625;-13.02734375;-4.091552734375;-13.02734375;0;0;1.2866667509078979;0;2;0;1;0;0;0;1;0;0;1;0;0;0;1;0;1;1;0
15793;10;1;1;1;2;1;0;0;0;0;0;40.3466796875;8.947998046875;-13.027587890625;-4.07958984375;-13.027587890625;0;0;1.2866667509078979;0;2;0;1;0;0;0;1;0;0;1;0;0;0;1;0;1;1;0
15804;10;1;1;1;2;1;0;0;0;0;0;40.2294921875;8.965576171875;-13.027587890625;-4.06201171875;-13.027587890625;0;0;1.2866667509078979;0;2;0;1;0;0;0;1;0;0;1;0;0;0;1;0;1;1;0
15814;10;1;1;1;2;1;0;0;0;0;0;40.1416015625;8.978759765625;-13.027587890625;-4.048828125;-13.027587890625;0;0;1.2866667509078979;0;2;0;1;0;0;0;1;0;0;1;0;0;0;1;0;1;1;0
15823;10;1;1;1;2;1;0;0;0;0;0;40.032550811767578;8.9951171875;-13.027587890625;-4.032470703125;-13.027587890625;0;0;1.2866667509078979;0;2;0;1;0;0;0;1;0;0;1;0;0;0;1;0;1;1;0
15833;10;1;1;1;2;1;0;0;0;0;0;39.954425811767578;9.0068359375;-13.027587890625;-4.020751953125;-13.027587890625;0;0;1.2866667509078979;0;2;0;1;0;0;0;1;0;0;1;0;0;0;1;0;1;1;0
15843;10;1;1;1;2;1;0;0;0;0;0;39.827472686767578;9.02587890625;-13.027587890625;-4.001708984375;-13.027587890625;0;0;1.2866667509078979;0;2;0;1;0;0;0;1;0;0;1;0;0;0;1;0;1;1;0
15854;10;1;1;1;2;1;0;0;0;0;0;39.757488250732422;9.036376953125;-13.027587890625;-3.9912109375;-13.027587890625;0;0;1.2866667509078979;0;2;0;1;0;0;0;1;0;0;1;0;0;0;1;0;1;1;0
15863;10;1;1;1;2;1;0;0;0;0;0;39.630535125732422;9.055419921875;-13.027587890625;-3.97216796875;-13.027587890625;0;0;1.2833333015441895;0;2;0;1;0;0;0;1;0;0;1;0;0;0;1;0;1;1;0
15874;10;1;1;1;2;1;0;0;0;0;0;39.562175750732422;9.065673828125;-13.027587890625;-3.9619140625;-13.027587890625;0;0;1.2833333015441895;0;2;0;1;0;0;0;1;0;0;1;0;0;0;1;0;1;1;0
15883;10;1;1;1;2;1;0;0;0;0;0;39.43359375;9.0849609375;-13.027587890625;-3.942626953125;-13.027587890625;0;0;1.2866667509078979;0;2;0;1;0;0;0;1;0;0;1;0;0;0;1;0;1;1;0
15893;10;1;1;1;2;1;0;0;0;0;0;39.35546875;9.0966796875;-13.027587890625;-3.930908203125;-13.027587890625;0;0;1.2866667509078979;0;2;0;1;0;0;0;1;0;0;1;0;0;0;1;0;1;1;0
15903;10;1;1;1;2;1;0;0;0;0;0;39.248046875;9.11279296875;-13.027587890625;-3.914794921875;-13.027587890625;0;0;1.2866667509078979;0;2;0;1;0;0;0;1;0;0;1;0;0;0;1;0;1;1;0
15913;10;1;1;1;2;1;0;0;0;0;0;39.158527374267578;9.126220703125;-13.027587890625;-3.9013671875;-13.027587890625;0;0;1.2833333015441895;0;2;0;1;0;0;0;1;0;0;1;0;0;0;1;0;1;1;0
15923;10;1;1;1;2;1;0;0;0;0;0;39.051105499267578;9.142333984375;-13.027587890625;-3.88525390625;-13.027587890625;0;0;1.2866667509078979;0;2;0;1;0;0;0;1;0;0;1;0;0;0;1;0;1;1;0
15934;10;1;1;1;2;1;0;0;0;0;0;38.972980499267578;9.154052734375;-13.027587890625;-3.87353515625;-13.027587890625;0;0;1.2866667509078979;0;2;0;1;0;0;0;1;0;0;1;0;0;0;1;0;1;1;0
15943;10;1;1;1;2;1;0;0;0;0;0;38.844402313232422;9.17333984375;-13.027587890625;-3.854248046875;-13.027587890625;0;0;1.2833333015441895;0;2;0;1;0;0;0;1;0;0;1;0;0;0;1;0;1;1;0
15954;10;1;1;1;2;1;0;0;0;0;0;38.766277313232422;9.18505859375;-13.027587890625;-3.842529296875;-13.027587890625;0;0;1.2833333015441895;0;2;0;1;0;0;0;1;0;0;1;0;0;0;1;0;1;1;0
15963;10;1;1;1;2;1;0;0;0;0;0;38.649089813232422;9.20263671875;-13.027587890625;-3.824951171875;-13.027587890625;0;0;1.2833333015441895;0;2;0;1;0;0;0;1;0;0;1;0;0;0;1;0;1;1;0
15974;10;1;1;1;2;1;0;0;0;0;0;38.570964813232422;9.21435546875;-13.027587890625;-3.813232421875;-13.027587890625;0;0;1.2833333015441895;0;2;0;1;0;0;0;1;0;0;1;0;0;0;1;0;1;1;0
15983;10;1;1;1;2;1;0;0;0;0;0;38.4619140625;9.230712890625;-13.027587890625;-3.796875;-13.027587890625;0;0;1.2866667509078979;0;2;0;1;0;0;0;1;0;0;1;0;0;0;1;0;1;1;0
15993;10;1;1;1;2;1;0;0;0;0;0;38.3837890625;9.242431640625;-13.027587890625;-3.78515625;-13.027587890625;0;0;1.2866667509078979;0;2;0;1;0;0;0;1;0;0;1;0;0;0;1;0;1;1;0
16003;10;1;1;1;2;1;0;0;0;0;0;38.2666015625;9.260009765625;-13.027587890625;-3.767578125;-13.027587890625;0;0;1.2833333015441895;0;2;0;1;0;0;0;1;0;0;1;0;0;0;1;0;1;1;0
16014;10;1;1;1;2;1;0;0;0;0;0;38.186847686767578;9.27197265625;-13.027587890625;-3.755615234375;-13.027587890625;0;0;1.2866667509078979;0;2;0;1;0;0;0;1;0;0;1;0;0;0;1;0;1;1;0
16023;10;1;1;1;2;1;0;0;0;0;0;38.059894561767578;9.291015625;-13.027587890625;-3.736572265625;-13.027587890625;0;0;1.2866667509078979;0;2;0;1;0;0;0;1;0;0;1;0;0;0;1;0;1;1;0
16034;10;1;1;1;2;1;0;0;0;0;0;37.991535186767578;9.30126953125;-13.027587890625;-3.726318359375;-13.027587890625;0;0;1.2866667509078979;0;2;0;1;0;0;0;1;0;0;1;0;0;0;1;0;1;1;0
16043;10;1;1;1;2;1;0;0;0;0;0;37.872722625732422;9.319091796875;-13.027587890625;-3.70849609375;-13.027587890625;0;0;1.2866667509078979;0;2;0;1;0;0;0;1;0;0;1;0;0;0;1;0;1;1;0
16054;10;1;1;1;2;1;0;0;0;0;0;37.784832000732422;9.332275390625;-13.027587890625;-3.6953125;-13.027587890625;0;0;1.2866667509078979;0;2;0;1;0;0;0;1;0;0;1;0;0;0;1;0;1;1;0
16063;10;1;1;1;2;1;0;0;0;0;0;37.67578125;9.3486328125;-13.027587890625;-3.678955078125;-13.027587890625;0;0;1.2866667509078979;0;2;0;1;0;0;0;1;0;0;1;0;0;0;1;0;1;1;0
16075;10;1;1;1;2;1;0;0;0;0;0;37.548828125;9.36767578125;-13.027587890625;-3.659912109375;-13.027587890625;0;0;1.2833333015441895;0;2;0;1;0;0;0;1;0;0;1;0;0;0;1;0;1;1;0
16083;10;1;1;1;2;1;0;0;0;0;0;37.470703125;9.37939453125;-13.027587890625;-3.648193359375;-13.027587890625;0;0;1.2866667509078979;0;2;0;1;0;0;0;1;0;0;1;0;0;0;1;0;1;1;0
16093;10;1;1;1;2;1;0;0;0;0;0;37.392578125;9.39111328125;-13.027587890625;-3.636474609375;-13.027587890625;0;0;1.2866667509078979;0;2;0;1;0;0;0;1;0;0;1;0;0;0;1;0;1;1;0
16103;10;1;1;1;2;1;0;0;0;0;0;37.283527374267578;9.407470703125;-13.027587890625;-3.6201171875;-13.027587890625;0;0;1.2833333015441895;0;2;0;1;0;0;0;1;0;0;1;0;0;0;1;0;1;1;0
16113;10;1;1;1;2;1;0;0;0;0;0;37.205402374267578;9.419189453125;-13.027587890625;-3.6083984375;-13.027587890625;0;0;1.2833333015441895;0;2;0;1;0;0;0;1;0;0;1;0;0;0;1;0;1;1;0
16124;10;1;1;1;2;1;0;0;0;0;0;37.088214874267578;9.436767578125;-13.027587890625;-3.5908203125;-13.027587890625;0;0;1.2833333015441895;0;2;0;1;0;0;0;1;0;0;1;0;0;0;1;0;1;1;0
16133;10;1;1;1;2;1;0;0;0;0;0;37.010089874267578;9.448486328125;-13.027587890625;-3.5791015625;-13.027587890625;0;0;1.2833333015441895;0;2;0;1;0;0;0;1;0;0;1;0;0;0;1;0;1;1;0
16143;10;1;1;1;2;1;0;0;0;0;0;36.891277313232422;9.46630859375;-13.027587890625;-3.561279296875;-13.027587890625;0;0;1.2833333015441895;0;2;0;1;0;0;0;1;0;0;1;0;0;0;1;0;1;1;0
16154;10;1;1;1;2;1;0;0;0;0;0;36.813152313232422;9.47802734375;-13.027587890625;-3.549560546875;-13.027587890625;0;0;1.2833333015441895;0;2;0;1;0;0;0;1;0;0;1;0;0;0;1;0;1;1;0
16163;10;1;1;1;2;1;0;0;0;0;0;36.695964813232422;9.49560546875;-13.027587890625;-3.531982421875;-13.027587890625;0;0;1.2866667509078979;0;2;0;1;0;0;0;1;0;0;1;0;0;0;1;0;1;1;0
16173;10;1;1;1;2;1;0;0;0;0;0;36.6064453125;9.509033203125;-13.027587890625;-3.5185546875;-13.027587890625;0;0;1.2833333015441895;0;2;0;1;0;0;0;1;0;0;1;0;0;0;1;0;1;1;0
16183;10;1;1;1;2;1;0;0;0;0;0;36.4990234375;9.525146484375;-13.027587890625;-3.50244140625;-13.027587890625;0;0;1.2833333015441895;0;2;0;1;0;0;0;1;0;0;1;0;0;0;1;0;1;1;0
16193;10;1;1;1;2;1;0;0;0;0;0;36.4208984375;9.536865234375;-13.027587890625;-3.49072265625;-13.027587890625;0;0;1.2866667509078979;0;2;0;1;0;0;0;1;0;0;1;0;0;0;1;0;1;1;0
16203;10;1;1;1;2;1;0;0;0;0;0;36.302082061767578;9.5546875;-13.027587890625;-3.472900390625;-13.027587890625;0;0;1.2866667509078979;0;2;0;1;0;0;0;1;0;0;1;0;0;0;1;0;1;1;0
16213;10;1;1;1;2;1;0;0;0;0;0;36.223957061767578;9.56640625;-13.027587890625;-3.461181640625;-13.027587890625;0;0;1.2866667509078979;0;2;0;1;0;0;0;1;0;0;1;0;0;0;1;0;1;1;0
16223;10;1;1;1;2;1;0;0;0;0;0;36.106769561767578;9.583984375;-13.027587890625;-3.443603515625;-13.027587890625;0;0;1.2833333015441895;0;2;0;1;0;0;0;1;0;0;1;0;0;0;1;0;1;1;0
16234;10;1;1;1;2;1;0;0;0;0;0;36.028644561767578;9.595703125;-13.027587890625;-3.431884765625;-13.027587890625;0;0;1.2833333015441895;0;2;0;1;0;0;0;1;0;0;1;0;0;0;1;0;1;1;0
16243;10;1;1;1;2;1;0;0;0;0;0;35.901691436767578;9.61474609375;-13.027587890625;-3.412841796875;-13.027587890625;0;0;1.2833333015441895;0;2;0;1;0;0;0;1;0;0;1;0;0;0;1;0;1;1;0
16253;10;1;1;1;2;1;0;0;0;0;0;35.831707000732422;9.625244140625;-13.027587890625;-3.40234375;-13.027587890625;0;0;1.2833333015441895;0;2;0;1;0;0;0;1;0;0;1;0;0;0;1;0;1;1;0
16264;10;1;1;1;2;1;0;0;0;0;0;35.714519500732422;9.642822265625;-13.027587890625;-3.384765625;-13.027587890625;0;0;1.2866667509078979;0;2;0;1;0;0;0;1;0;0;1;0;0;0;1;0;1;1;0
16273;10;1;1;1;2;1;0;0;0;0;0;35.636394500732422;9.654541015625;-13.027587890625;-3.373046875;-13.027587890625;0;0;1.2833333015441895;0;2;0;1;0;0;0;1;0;0;1;0;0;0;1;0;1;1;0
16283;10;1;1;1;2;1;0;0;0;0;0;35.519207000732422;9.672119140625;-13.027587890625;-3.35546875;-13.027587890625;0;0;1.2833333015441895;0;2;0;1;0;0;0;1;0;0;1;0;0;0;1;0;1;1;0
16293;10;1;1;1;2;1;0;0;0;0;0;35.439453125;9.68408203125;-13.027587890625;-3.343505859375;-13.027587890625;0;0;1.2833333015441895;0;2;0;1;0;0;0;1;0;0;1;0;0;0;1;0;1;1;0
16304;10;1;1;1;2;1;0;0;0;0;0;35.322265625;9.70166015625;-13.027587890625;-3.325927734375;-13.027587890625;0;0;1.2866667509078979;0;2;0;1;0;0;0;1;0;0;1;0;0;0;1;0;1;1;0
16313;10;1;1;1;2;1;0;0;0;0;0;35.232746124267578;9.715087890625;-13.027587890625;-3.3125;-13.027587890625;0;0;1.2866667509078979;0;2;0;1;0;0;0;1;0;0;1;0;0;0;1;0;1;1;0
16323;10;1;1;1;2;1;0;0;0;0;0;35.125324249267578;9.731201171875;-13.027587890625;-3.29638671875;-13.027587890625;0;0;1.2833333015441895;0;2;0;1;0;0;0;1;0;0;1;0;0;0;1;0;1;1;0
16333;10;1;1;1;2;1;0;0;0;0;0;35.047199249267578;9.742919921875;-13.027587890625;-3.28466796875;-13.027587890625;0;0;1.2833333015441895;0;2;0;1;0;0;0;1;0;0;1;0;0;0;1;0;1;1;0
16343;10;1;1;1;2;1;0;0;0;0;0;34.930011749267578;9.760498046875;-13.027587890625;-3.26708984375;-13.027587890625;0;0;1.2866667509078979;0;2;0;1;0;0;0;1;0;0;1;0;0;0;1;0;1;1;0
16354;10;1;1;1;2;1;0;0;0;0;0;34.850261688232422;9.7724609375;-13.027587890625;-3.255126953125;-13.027587890625;0;0;1.2866667509078979;0;2;0;1;0;0;0;1;0;0;1;0;0;0;1;0;1;1;0
16370;10;1;1;1;2;1;0;0;0;0;0;34.733074188232422;9.7900390625;-13.027587890625;-3.237548828125;-13.027587890625;0;0;1.2866667509078979;0;2;0;1;0;0;0;1;0;0;1;0;0;0;1;0;1;1;0
16383;10;1;1;1;2;1;0;0;0;0;0;34.5263671875;9.821044921875;-13.027587890625;-3.20654296875;-13.027587890625;0;0;1.2833333015441895;0;2;0;1;0;0;0;1;0;0;1;0;0;0;1;0;1;1;0
16393;10;1;1;1;2;1;0;0;0;0;0;34.4580078125;9.831298828125;-13.027587890625;-3.1962890625;-13.027587890625;0;0;1.2866667509078979;0;2;0;1;0;0;0;1;0;0;1;0;0;0;1;0;1;1;0
16403;10;1;1;1;2;1;0;0;0;0;0;34.3408203125;9.848876953125;-13.027587890625;-3.1787109375;-13.027587890625;0;0;1.2866667509078979;0;2;0;1;0;0;0;1;0;0;1;0;0;0;1;0;1;1;0
16413;10;1;1;1;2;1;0;0;0;0;0;34.2529296875;9.862060546875;-13.027587890625;-3.16552734375;-13.027587890625;0;0;1.2833333015441895;0;2;0;1;0;0;0;1;0;0;1;0;0;0;1;0;1;1;0
16423;10;1;1;1;2;1;0;0;0;0;0;34.143878936767578;9.87841796875;-13.027587890625;-3.149169921875;-13.027587890625;0;0;1.2833333015441895;0;2;0;1;0;0;0;1;0;0;1;0;0;0;1;0;1;1;0
16433;10;1;1;1;2;1;0;0;0;0;0;34.065753936767578;9.89013671875;-13.027587890625;-3.137451171875;-13.027587890625;0;0;1.2866667509078979;0;2;0;1;0;0;0;1;0;0;1;0;0;0;1;0;1;1;0
16443;10;1;1;1;2;1;0;0;0;0;0;33.946941375732422;9.907958984375;-13.027587890625;-3.11962890625;-13.027587890625;0;0;1.2866667509078979;0;2;0;1;0;0;0;1;0;0;1;0;0;0;1;0;1;1;0
16453;10;1;1;1;2;1;0;0;0;0;0;33.868816375732422;9.919677734375;-13.027587890625;-3.10791015625;-13.027587890625;0;0;1.2866667509078979;0;2;0;1;0;0;0;1;0;0;1;0;0;0;1;0;1;1;0
16463;10;1;1;1;2;1;0;0;0;0;0;33.751628875732422;9.937255859375;-13.027587890625;-3.09033203125;-13.027587890625;0;0;1.2833333015441895;0;2;0;1;0;0;0;1;0;0;1;0;0;0;1;0;1;1;0
16473;10;1;1;1;2;1;0;0;0;0;0;33.663738250732422;9.950439453125;-13.027587890625;-3.0771484375;-13.027587890625;0;0;1.2833333015441895;0;2;0;1;0;0;0;1;0;0;1;0;0;0;1;0;1;1;0
16483;10;1;1;1;2;1;0;0;0;0;0;33.5546875;9.966796875;-13.027587890625;-3.060791015625;-13.027587890625;0;0;1.2866667509078979;0;2;0;1;0;0;0;1;0;0;1;0;0;0;1;0;1;1;0
16494;10;1;1;1;2;1;0;0;0;0;0;33.478191375732422;9.978271484375;-13.027587890625;-3.04931640625;-13.027587890625;0;0;1.2833333015441895;0;2;0;1;0;0;0;1;0;0;1;0;0;0;1;0;1;1;0
16504;10;1;1;1;2;1;0;0;0;0;0;33.359375;9.99609375;-13.027587890625;-3.031494140625;-13.027587890625;0;0;1.2866667509078979;0;2;0;1;0;0;0;1;0;0;1;0;0;0;1;0;1;1;0
16513;10;1;1;1;2;1;0;0;0;0;0;33.269855499267578;10.009521484375;-13.027587890625;-3.01806640625;-13.027587890625;0;0;1.2900000810623169;0;2;0;1;0;0;0;1;0;0;1;0;0;0;1;0;1;1;0
16523;10;1;1;1;2;1;0;0;0;0;0;33.162433624267578;10.025634765625;-13.027587890625;-3.001953125;-13.027587890625;0;0;1.2833333015441895;0;2;0;1;0;0;0;1;0;0;1;0;0;0;1;0;1;1;0
16533;10;1;1;1;2;1;0;0;0;0;0;33.084308624267578;10.037353515625;-13.027587890625;-2.990234375;-13.027587890625;0;0;1.2833333015441895;0;2;0;1;0;0;0;1;0;0;1;0;0;0;1;0;1;1;0
16543;10;1;1;1;2;1;0;0;0;0;0;32.957355499267578;10.056396484375;-13.027587890625;-2.97119140625;-13.027587890625;0;0;1.2866667509078979;0;2;0;1;0;0;0;1;0;0;1;0;0;0;1;0;1;1;0
16553;10;1;1;1;2;1;0;0;0;0;0;32.888996124267578;10.066650390625;-13.027587890625;-2.9609375;-13.027587890625;0;0;1.2833333015441895;0;2;0;1;0;0;0;1;0;0;1;0;0;0;1;0;1;1;0
16566;10;1;1;1;2;1;0;0;0;0;0;32.760417938232422;10.0859375;-13.027587890625;-2.941650390625;-13.027587890625;0;0;1.2833333015441895;0;2;0;1;0;0;0;1;0;0;1;0;0;0;1;0;1;1;0
16573;10;1;1;1;2;1;0;0;0;0;0;32.682292938232422;10.09765625;-13.027587890625;-2.929931640625;-13.027587890625;0;0;1.2900000810623169;0;2;0;1;0;0;0;1;0;0;1;0;0;0;1;0;1;1;0
16583;10;1;1;1;2;1;0;0;0;0;0;32.5634765625;10.115478515625;-13.027587890625;-2.912109375;-13.027587890625;0;0;1.2866667509078979;0;2;0;1;0;0;0;1;0;0;1;0;0;0;1;0;1;1;0
16594;10;1;1;1;2;1;0;0;0;0;0;32.4853515625;10.127197265625;-13.027587890625;-2.900390625;-13.027587890625;0;0;1.2833333015441895;0;2;0;1;0;0;0;1;0;0;1;0;0;0;1;0;1;1;0
16603;10;1;1;1;2;1;0;0;0;0;0;32.3779296875;10.143310546875;-13.027587890625;-2.88427734375;-13.027587890625;0;0;1.2866667509078979;0;2;0;1;0;0;0;1;0;0;1;0;0;0;1;0;1;1;0
16613;10;1;1;1;2;1;0;0;0;0;0;32.298175811767578;10.1552734375;-13.027587890625;-2.872314453125;-13.027587890625;0;0;1.2900000810623169;0;2;0;1;0;0;0;1;0;0;1;0;0;0;1;0;1;1;0
16623;10;1;1;1;2;1;0;0;0;0;0;32.171222686767578;10.17431640625;-13.027587890625;-2.853271484375;-13.027587890625;0;0;1.2866667509078979;0;2;0;1;0;0;0;1;0;0;1;0;0;0;1;0;1;1;0
16634;10;1;1;1;2;1;0;0;0;0;0;32.102863311767578;10.1845703125;-13.027587890625;-2.843017578125;-13.027587890625;0;0;1.2833333015441895;0;2;0;1;0;0;0;1;0;0;1;0;0;0;1;0;1;1;0
16643;10;1;1;1;2;1;0;0;0;0;0;31.984048843383789;10.202392578125;-13.027587890625;-2.8251953125;-13.027587890625;0;0;1.2866667509078979;0;2;0;1;0;0;0;1;0;0;1;0;0;0;1;0;1;1;0
16654;10;1;1;1;2;1;0;0;0;0;0;31.904296875;10.21435546875;-13.027587890625;-2.813232421875;-13.027587890625;0;0;1.2933332920074463;0;2;0;1;0;0;0;1;0;0;1;0;0;0;1;0;1;1;0
16663;10;1;1;1;2;1;0;0;0;0;0;31.787109375;10.23193359375;-13.027587890625;-2.795654296875;-13.027587890625;0;0;1.2900000810623169;0;2;0;1;0;0;0;1;0;0;1;0;0;0;1;0;1;1;0
16673;10;1;1;1;2;1;0;0;0;0;0;31.69921875;10.2451171875;-13.027587890625;-2.782470703125;-13.027587890625;0;0;1.2833333015441895;0;2;0;1;0;0;0;1;0;0;1;0;0;0;1;0;1;1;0
16683;10;1;1;1;2;1;0;0;0;0;0;31.593423843383789;10.260986328125;-13.027587890625;-2.7666015625;-13.027587890625;0;0;1.2766666412353516;0;2;0;1;0;0;0;1;0;0;1;0;0;0;1;0;1;1;0
16694;10;1;1;1;2;1;0;0;0;0;0;31.512044906616211;10.273193359375;-13.027587890625;-2.75439453125;-13.027587890625;0;0;1.2900000810623169;0;2;0;1;0;0;0;1;0;0;1;0;0;0;1;0;1;1;0
16703;10;1;1;1;2;1;0;0;0;0;0;31.383462905883789;10.29248046875;-13.027587890625;-2.735107421875;-13.027587890625;0;0;1.2933332920074463;0;2;0;1;0;0;0;1;0;0;1;0;0;0;1;0;1;1;0
16713;10;1;1;1;2;1;0;0;0;0;0;31.315103530883789;10.302734375;-13.027587890625;-2.724853515625;-13.027587890625;0;0;1.2900000810623169;0;2;0;1;0;0;0;1;0;0;1;0;0;0;1;0;1;1;0
16725;10;1;1;1;2;1;0;0;0;0;0;31.197916030883789;10.3203125;-13.027587890625;-2.707275390625;-13.027587890625;0;0;1.28000009059906;0;2;0;1;0;0;0;1;0;0;1;0;0;0;1;0;1;1;0
16734;10;1;1;1;2;1;0;0;0;0;0;31.121419906616211;10.331787109375;-13.027587890625;-2.69580078125;-13.027587890625;0;0;1.28000009059906;0;2;0;1;0;0;0;1;0;0;1;0;0;0;1;0;1;1;0
16743;10;1;1;1;2;1;0;0;0;0;0;31.002603530883789;10.349609375;-13.027587890625;-2.677978515625;-13.027587890625;0;0;1.2833333015441895;0;2;0;1;0;0;0;1;0;0;1;0;0;0;1;0;1;1;0
16754;10;1;1;1;2;1;0;0;0;0;0;30.9228515625;10.361572265625;-13.027587890625;-2.666015625;-13.027587890625;0;0;1.2866667509078979;0;2;0;1;0;0;0;1;0;0;1;0;0;0;1;0;1;1;0
16763;10;1;1;1;2;1;0;0;0;0;0;30.8056640625;10.379150390625;-13.027587890625;-2.6484375;-13.027587890625;0;0;1.2866667509078979;0;2;0;1;0;0;0;1;0;0;1;0;0;0;1;0;1;1;0
16773;10;1;1;1;2;1;0;0;0;0;0;30.7275390625;10.390869140625;-13.027587890625;-2.63671875;-13.027587890625;0;0;1.2833333015441895;0;2;0;1;0;0;0;1;0;0;1;0;0;0;1;0;1;1;0
16783;10;1;1;1;2;1;0;0;0;0;0;30.6005859375;10.409912109375;-13.027587890625;-2.61767578125;-13.027587890625;0;0;1.28000009059906;0;2;0;1;0;0;0;1;0;0;1;0;0;0;1;0;1;1;0
16793;10;1;1;1;2;1;0;0;0;0;0;30.491537094116211;10.42626953125;-13.027587890625;-2.601318359375;-13.027587890625;0;0;1.2900000810623169;0;2;0;1;0;0;0;1;0;0;1;0;0;0;1;0;1;1;0
16803;10;1;1;1;2;1;0;0;0;0;0;30.411783218383789;10.438232421875;-13.027587890625;-2.58935546875;-13.027587890625;0;0;1.2933332920074463;0;2;0;1;0;0;0;1;0;0;1;0;0;0;1;0;1;1;0
16813;10;1;1;1;2;1;0;0;0;0;0;30.333658218383789;10.449951171875;-13.027587890625;-2.57763671875;-13.027587890625;0;0;1.2866667509078979;0;2;0;1;0;0;0;1;0;0;1;0;0;0;1;0;1;1;0
16823;10;1;1;1;2;1;0;0;0;0;0;30.216470718383789;10.467529296875;-13.027587890625;-2.56005859375;-13.027587890625;0;0;1.2833333015441895;0;2;0;1;0;0;0;1;0;0;1;0;0;0;1;0;1;1;0
16835;10;1;1;1;2;1;0;0;0;0;0;30.138345718383789;10.479248046875;-13.027587890625;-2.54833984375;-13.027587890625;0;0;1.2866667509078979;0;2;0;1;0;0;0;1;0;0;1;0;0;0;1;0;1;1;0
16843;10;1;1;1;2;1;0;0;0;0;0;30.008138656616211;10.498779296875;-13.027587890625;-2.52880859375;-13.027587890625;0;0;1.2933332920074463;0;2;0;1;0;0;0;1;0;0;1;0;0;0;1;0;1;1;0
16853;10;1;1;1;2;1;0;0;0;0;0;29.939779281616211;10.509033203125;-13.027587890625;-2.5185546875;-13.027587890625;0;0;1.2900000810623169;0;2;0;1;0;0;0;1;0;0;1;0;0;0;1;0;1;1;0
16863;10;1;1;1;2;1;0;0;0;0;0;29.822591781616211;10.526611328125;-13.027587890625;-2.5009765625;-13.027587890625;0;0;1.2833333015441895;0;2;0;1;0;0;0;1;0;0;1;0;0;0;1;0;1;1;0
16873;10;1;1;1;2;1;0;0;0;0;0;29.744466781616211;10.538330078125;-13.027587890625;-2.4892578125;-13.027587890625;0;0;1.2833333015441895;0;2;0;1;0;0;0;1;0;0;1;0;0;0;1;0;1;1;0
16883;10;1;1;1;2;1;0;0;0;0;0;29.625650405883789;10.55615234375;-13.027587890625;-2.471435546875;-13.027587890625;0;0;1.2866667509078979;0;2;0;1;0;0;0;1;0;0;1;0;0;0;1;0;1;1;0
16893;10;1;1;1;2;1;0;0;0;0;0;29.547525405883789;10.56787109375;-13.027587890625;-2.459716796875;-13.027587890625;0;0;1.2866667509078979;0;2;0;1;0;0;0;1;0;0;1;0;0;0;1;0;1;1;0
16903;10;1;1;1;2;1;0;0;0;0;0;29.430337905883789;10.58544921875;-13.027587890625;-2.442138671875;-13.027587890625;0;0;1.2866667509078979;0;2;0;1;0;0;0;1;0;0;1;0;0;0;1;0;1;1;0
16913;10;1;1;1;2;1;0;0;0;0;0;29.3408203125;10.598876953125;-13.027587890625;-2.4287109375;-13.027587890625;0;0;1.2866667509078979;0;2;0;1;0;0;0;1;0;0;1;0;0;0;1;0;1;1;0
16923;10;1;1;1;2;1;0;0;0;0;0;29.2333984375;10.614990234375;-13.027587890625;-2.41259765625;-13.027587890625;0;0;1.2900000810623169;0;2;0;1;0;0;0;1;0;0;1;0;0;0;1;0;1;1;0
16934;10;1;1;1;2;1;0;0;0;0;0;29.143880844116211;10.62841796875;-13.027587890625;-2.399169921875;-13.027587890625;0;0;1.2866667509078979;0;2;0;1;0;0;0;1;0;0;1;0;0;0;1;0;1;1;0
16943;10;1;1;1;2;1;0;0;0;0;0;29.026693344116211;10.64599609375;-13.027587890625;-2.381591796875;-13.027587890625;0;0;1.2866667509078979;0;2;0;1;0;0;0;1;0;0;1;0;0;0;1;0;1;1;0
16953;10;1;1;1;2;1;0;0;0;0;0;28.958333969116211;10.65625;-13.027587890625;-2.371337890625;-13.027587890625;0;0;1.2866667509078979;0;2;0;1;0;0;0;1;0;0;1;0;0;0;1;0;1;1;0
16965;10;1;1;1;2;1;0;0;0;0;0;28.829751968383789;10.675537109375;-13.027587890625;-2.35205078125;-13.027587890625;0;0;1.2866667509078979;0;2;0;1;0;0;0;1;0;0;1;0;0;0;1;0;1;1;0
16973;10;1;1;1;2;1;0;0;0;0;0;28.761392593383789;10.685791015625;-13.027587890625;-2.341796875;-13.027587890625;0;0;1.2866667509078979;0;2;0;1;0;0;0;1;0;0;1;0;0;0;1;0;1;1;0
16983;10;1;1;1;2;1;0;0;0;0;0;28.644205093383789;10.703369140625;-13.027587890625;-2.32421875;-13.027587890625;0;0;1.2833333015441895;0;2;0;1;0;0;0;1;0;0;1;0;0;0;1;0;1;1;0
16993;10;1;1;1;2;1;0;0;0;0;0;28.5546875;10.716796875;-13.027587890625;-2.310791015625;-13.027587890625;0;0;1.2866667509078979;0;2;0;1;0;0;0;1;0;0;1;0;0;0;1;0;1;1;0
17003;10;1;1;1;2;1;0;0;0;0;0;28.4375;10.734375;-13.027587890625;-2.293212890625;-13.027587890625;0;0;1.2866667509078979;0;2;0;1;0;0;0;1;0;0;1;0;0;0;1;0;1;1;0
17013;10;1;1;1;2;1;0;0;0;0;0;28.367513656616211;10.744873046875;-13.027587890625;-2.28271484375;-13.027587890625;0;0;1.2900000810623169;0;2;0;1;0;0;0;1;0;0;1;0;0;0;1;0;1;1;0
17023;10;1;1;1;2;1;0;0;0;0;0;28.250326156616211;10.762451171875;-13.027587890625;-2.26513671875;-13.027587890625;0;0;1.2866667509078979;0;2;0;1;0;0;0;1;0;0;1;0;0;0;1;0;1;1;0
17034;10;1;1;1;2;1;0;0;0;0;0;28.162435531616211;10.775634765625;-13.027587890625;-2.251953125;-13.027587890625;0;0;1.2833333015441895;0;2;0;1;0;0;0;1;0;0;1;0;0;0;1;0;1;1;0
17045;10;1;1;1;2;1;0;0;0;0;0;28.053384780883789;10.7919921875;-13.027587890625;-2.235595703125;-13.027587890625;0;0;1.2866667509078979;0;2;0;1;0;0;0;1;0;0;1;0;0;0;1;0;1;1;0
17053;10;1;1;1;2;1;0;0;0;0;0;27.965494155883789;10.80517578125;-13.027587890625;-2.222412109375;-13.027587890625;0;0;1.2900000810623169;0;2;0;1;0;0;0;1;0;0;1;0;0;0;1;0;1;1;0
17065;10;1;1;1;2;1;0;0;0;0;0;27.8466796875;10.822998046875;-13.027587890625;-2.20458984375;-13.027587890625;0;0;1.2866667509078979;0;2;0;1;0;0;0;1;0;0;1;0;0;0;1;0;1;1;0
17074;10;1;1;1;2;1;0;0;0;0;0;27.7685546875;10.834716796875;-13.027587890625;-2.19287109375;-13.027587890625;0;0;1.2866667509078979;0;2;0;1;0;0;0;1;0;0;1;0;0;0;1;0;1;1;0
17083;10;1;1;1;2;1;0;0;0;0;0;27.6611328125;10.850830078125;-13.027587890625;-2.1767578125;-13.027587890625;0;0;1.2866667509078979;0;2;0;1;0;0;0;1;0;0;1;0;0;0;1;0;1;1;0
17093;10;1;1;1;2;1;0;0;0;0;0;27.571615219116211;10.8642578125;-13.027587890625;-2.163330078125;-13.027587890625;0;0;1.2900000810623169;0;2;0;1;0;0;0;1;0;0;1;0;0;0;1;0;1;1;0
17103;10;1;1;1;2;1;0;0;0;0;0;27.464193344116211;10.88037109375;-13.027587890625;-2.147216796875;-13.027587890625;0;0;1.2833333015441895;0;2;0;1;0;0;0;1;0;0;1;0;0;0;1;0;1;1;0
17113;10;1;1;1;2;1;0;0;0;0;0;27.376302719116211;10.8935546875;-13.027587890625;-2.134033203125;-13.027587890625;0;0;1.2866667509078979;0;2;0;1;0;0;0;1;0;0;1;0;0;0;1;0;1;1;0
17123;10;1;1;1;2;1;0;0;0;0;0;27.267251968383789;10.909912109375;-13.027587890625;-2.11767578125;-13.027587890625;0;0;1.2900000810623169;0;2;0;1;0;0;0;1;0;0;1;0;0;0;1;0;1;1;0
17134;10;1;1;1;2;1;0;0;0;0;0;27.1875;10.921875;-13.027587890625;-2.105712890625;-13.027587890625;0;0;1.2900000810623169;0;2;0;1;0;0;0;1;0;0;1;0;0;0;1;0;1;1;0
17143;10;1;1;1;2;1;0;0;0;0;0;27.0703125;10.939453125;-13.027587890625;-2.088134765625;-13.027587890625;0;0;1.2866667509078979;0;2;0;1;0;0;0;1;0;0;1;0;0;0;1;0;1;1;0
17154;10;1;1;1;2;1;0;0;0;0;0;26.9921875;10.951171875;-13.027587890625;-2.076416015625;-13.027587890625;0;0;1.2866667509078979;0;2;0;1;0;0;0;1;0;0;1;0;0;0;1;0;1;1;0
17164;10;1;1;1;2;1;0;0;0;0;0;26.873373031616211;10.968994140625;-13.027587890625;-2.05859375;-13.027587890625;0;0;1.2866667509078979;0;2;0;1;0;0;0;1;0;0;1;0;0;0;1;0;1;1;0
17173;10;1;1;1;2;1;0;0;0;0;0;26.795248031616211;10.980712890625;-13.027587890625;-2.046875;-13.027587890625;0;0;1.2866667509078979;0;2;0;1;0;0;0;1;0;0;1;0;0;0;1;0;1;1;0
17183;10;1;1;1;2;1;0;0;0;0;0;26.668294906616211;10.999755859375;-13.027587890625;-2.02783203125;-13.027587890625;0;0;1.2866667509078979;0;2;0;1;0;0;0;1;0;0;1;0;0;0;1;0;1;1;0
17194;10;1;1;1;2;1;0;0;0;0;0;26.588541030883789;11.01171875;-13.027587890625;-2.015869140625;-13.027587890625;0;0;1.2866667509078979;0;2;0;1;0;0;0;1;0;0;1;0;0;0;1;0;1;1;0
17203;10;1;1;1;2;1;0;0;0;0;0;26.481119155883789;11.02783203125;-13.027587890625;-1.999755859375;-13.027587890625;0;0;1.2866667509078979;0;2;0;1;0;0;0;1;0;0;1;0;0;0;1;0;1;1;0
17214;10;1;1;1;2;1;0;0;0;0;0;26.3916015625;11.041259765625;-13.027587890625;-1.986328125;-13.027587890625;0;0;1.2900000810623169;0;2;0;1;0;0;0;1;0;0;1;0;0;0;1;0;1;1;0
17223;10;1;1;1;2;1;0;0;0;0;0;26.2744140625;11.058837890625;-13.027587890625;-1.96875;-13.027587890625;0;0;1.2833333015441895;0;2;0;1;0;0;0;1;0;0;1;0;0;0;1;0;1;1;0
17233;10;1;1;1;2;1;0;0;0;0;0;26.2060546875;11.069091796875;-13.027587890625;-1.95849609375;-13.027587890625;0;0;1.2866667509078979;0;2;0;1;0;0;0;1;0;0;1;0;0;0;1;0;1;1;0
17243;10;1;1;1;2;1;0;0;0;0;0;26.077474594116211;11.08837890625;-13.027587890625;-1.939208984375;-13.027587890625;0;0;1.2866667509078979;0;2;0;1;0;0;0;1;0;0;1;0;0;0;1;0;1;1;0
17254;10;1;1;1;2;1;0;0;0;0;0;26.009115219116211;11.0986328125;-13.027587890625;-1.928955078125;-13.027587890625;0;0;1.2900000810623169;0;2;0;1;0;0;0;1;0;0;1;0;0;0;1;0;1;1;0
17263;10;1;1;1;2;1;0;0;0;0;0;25.882162094116211;11.11767578125;-13.027587890625;-1.909912109375;-13.027587890625;0;0;1.2866667509078979;0;2;0;1;0;0;0;1;0;0;1;0;0;0;1;0;1;1;0
17273;10;1;1;1;2;1;0;0;0;0;0;25.802408218383789;11.129638671875;-13.027587890625;-1.89794921875;-13.027587890625;0;0;1.2866667509078979;0;2;0;1;0;0;0;1;0;0;1;0;0;0;1;0;1;1;0
17283;10;1;1;1;2;1;0;0;0;0;0;25.694986343383789;11.145751953125;-13.027587890625;-1.8818359375;-13.027587890625;0;0;1.2866667509078979;0;2;0;1;0;0;0;1;0;0;1;0;0;0;1;0;1;1;0
17293;10;1;1;1;2;1;0;0;0;0;0;25.60546875;11.1591796875;-13.027587890625;-1.868408203125;-13.027587890625;0;0;1.2866667509078979;0;2;0;1;0;0;0;1;0;0;1;0;0;0;1;0;1;1;0
17303;10;1;1;1;2;1;0;0;0;0;0;25.498046875;11.17529296875;-13.027587890625;-1.852294921875;-13.027587890625;0;0;1.2866667509078979;0;2;0;1;0;0;0;1;0;0;1;0;0;0;1;0;1;1;0
17313;10;1;1;1;2;1;0;0;0;0;0;25.419921875;11.18701171875;-13.027587890625;-1.840576171875;-13.027587890625;0;0;1.2866667509078979;0;2;0;1;0;0;0;1;0;0;1;0;0;0;1;0;1;1;0
17323;10;1;1;1;2;1;0;0;0;0;0;25.302734375;11.20458984375;-13.027587890625;-1.822998046875;-13.027587890625;0;0;1.2866667509078979;0;2;0;1;0;0;0;1;0;0;1;0;0;0;1;0;1;1;0
17334;10;1;1;1;2;1;0;0;0;0;0;25.222982406616211;11.216552734375;-13.027587890625;-1.81103515625;-13.027587890625;0;0;1.2866667509078979;0;2;0;1;0;0;0;1;0;0;1;0;0;0;1;0;1;1;0
17343;10;1;1;1;2;1;0;0;0;0;0;25.096029281616211;11.235595703125;-13.027587890625;-1.7919921875;-13.027587890625;0;0;1.2866667509078979;0;2;0;1;0;0;0;1;0;0;1;0;0;0;1;0;1;1;0
17354;10;1;1;1;2;1;0;0;0;0;0;25.026041030883789;11.24609375;-13.027587890625;-1.781494140625;-13.027587890625;0;0;1.2866667509078979;0;2;0;1;0;0;0;1;0;0;1;0;0;0;1;0;1;1;0
17363;10;1;1;1;2;1;0;0;0;0;0;24.908853530883789;11.263671875;-13.027587890625;-1.763916015625;-13.027587890625;0;0;1.2866667509078979;0;2;0;1;0;0;0;1;0;0;1;0;0;0;1;0;1;1;0
17373;10;1;1;1;2;1;0;0;0;0;0;24.820962905883789;11.27685546875;-13.027587890625;-1.750732421875;-13.027587890625;0;0;1.2866667509078979;0;2;0;1;0;0;0;1;0;0;1;0;0;0;1;0;1;1;0
17383;10;1;1;1;2;1;0;0;0;0;0;24.7021484375;11.294677734375;-13.027587890625;-1.73291015625;-13.027587890625;0;0;1.2866667509078979;0;2;0;1;0;0;0;1;0;0;1;0;0;0;1;0;1;1;0
17394;10;1;1;1;2;1;0;0;0;0;0;24.6240234375;11.306396484375;-13.027587890625;-1.72119140625;-13.027587890625;0;0;1.2866667509078979;0;2;0;1;0;0;0;1;0;0;1;0;0;0;1;0;1;1;0
17403;10;1;1;1;2;1;0;0;0;0;0;24.5166015625;11.322509765625;-13.027587890625;-1.705078125;-13.027587890625;0;0;1.2866667509078979;0;2;0;1;0;0;0;1;0;0;1;0;0;0;1;0;1;1;0
17413;10;1;1;1;2;1;0;0;0;0;0;24.436849594116211;11.33447265625;-13.027587890625;-1.693115234375;-13.027587890625;0;0;1.2833333015441895;0;2;0;1;0;0;0;1;0;0;1;0;0;0;1;0;1;1;0
17423;10;1;1;1;2;1;0;0;0;0;0;24.319662094116211;11.35205078125;-13.027587890625;-1.675537109375;-13.027587890625;0;0;1.2866667509078979;0;2;0;1;0;0;0;1;0;0;1;0;0;0;1;0;1;1;0
17433;10;1;1;1;2;1;0;0;0;0;0;24.231771469116211;11.365234375;-13.027587890625;-1.662353515625;-13.027587890625;0;0;1.2866667509078979;0;2;0;1;0;0;0;1;0;0;1;0;0;0;1;0;1;1;0
17443;10;1;1;1;2;1;0;0;0;0;0;24.122720718383789;11.381591796875;-13.027587890625;-1.64599609375;-13.027587890625;0;0;1.2866667509078979;0;2;0;1;0;0;0;1;0;0;1;0;0;0;1;0;1;1;0
17454;10;1;1;1;2;1;0;0;0;0;0;24.044595718383789;11.393310546875;-13.027587890625;-1.63427734375;-13.027587890625;0;0;1.2866667509078979;0;2;0;1;0;0;0;1;0;0;1;0;0;0;1;0;1;1;0
17463;10;1;1;1;2;1;0;0;0;0;0;23.92578125;11.4111328125;-13.027587890625;-1.616455078125;-13.027587890625;0;0;1.2866667509078979;0;2;0;1;0;0;0;1;0;0;1;0;0;0;1;0;1;1;0
17473;10;1;1;1;2;1;0;0;0;0;0;23.84765625;11.4228515625;-13.027587890625;-1.604736328125;-13.027587890625;0;0;1.2866667509078979;0;2;0;1;0;0;0;1;0;0;1;0;0;0;1;0;1;1;0
17483;10;1;1;1;2;1;0;0;0;0;0;23.73046875;11.4404296875;-13.027587890625;-1.587158203125;-13.027587890625;0;0;1.2866667509078979;0;2;0;1;0;0;0;1;0;0;1;0;0;0;1;0;1;1;0
17495;10;1;1;1;2;1;0;0;0;0;0;23.65234375;11.4521484375;-13.027587890625;-1.575439453125;-13.027587890625;0;0;1.2866667509078979;0;2;0;1;0;0;0;1;0;0;1;0;0;0;1;0;1;1;0
17503;10;1;1;1;2;1;0;0;0;0;0;23.523763656616211;11.471435546875;-13.027587890625;-1.55615234375;-13.027587890625;0;0;1.2866667509078979;0;2;0;1;0;0;0;1;0;0;1;0;0;0;1;0;1;1;0
17513;10;1;1;1;2;1;0;0;0;0;0;23.455404281616211;11.481689453125;-13.027587890625;-1.5458984375;-13.027587890625;0;0;1.2866667509078979;0;2;0;1;0;0;0;1;0;0;1;0;0;0;1;0;1;1;0
17523;10;1;1;1;2;1;0;0;0;0;0;23.326822280883789;11.5009765625;-13.027587890625;-1.526611328125;-13.027587890625;0;0;1.2866667509078979;0;2;0;1;0;0;0;1;0;0;1;0;0;0;1;0;1;1;0
17533;10;1;1;1;2;1;0;0;0;0;0;23.248697280883789;11.5126953125;-13.027587890625;-1.514892578125;-13.027587890625;0;0;1.2866667509078979;0;2;0;1;0;0;0;1;0;0;1;0;0;0;1;0;1;1;0
17543;10;1;1;1;2;1;0;0;0;0;0;23.141275405883789;11.52880859375;-13.027587890625;-1.498779296875;-13.027587890625;0;0;1.2833333015441895;0;2;0;1;0;0;0;1;0;0;1;0;0;0;1;0;1;1;0
17553;10;1;1;1;2;1;0;0;0;0;0;23.063150405883789;11.54052734375;-13.027587890625;-1.487060546875;-13.027587890625;0;0;1.2866667509078979;0;2;0;1;0;0;0;1;0;0;1;0;0;0;1;0;1;1;0
17563;10;1;1;1;2;1;0;0;0;0;0;22.9443359375;11.558349609375;-13.027587890625;-1.46923828125;-13.027587890625;0;0;1.2900000810623169;0;2;0;1;0;0;0;1;0;0;1;0;0;0;1;0;1;1;0
17574;10;1;1;1;2;1;0;0;0;0;0;22.8564453125;11.571533203125;-13.027587890625;-1.4560546875;-13.027587890625;0;0;1.2866667509078979;0;2;0;1;0;0;0;1;0;0;1;0;0;0;1;0;1;1;0
17583;10;1;1;1;2;1;0;0;0;0;0;22.7392578125;11.589111328125;-13.027587890625;-1.4384765625;-13.027587890625;0;0;1.2833333015441895;0;2;0;1;0;0;0;1;0;0;1;0;0;0;1;0;1;1;0
17593;10;1;1;1;2;1;0;0;0;0;0;22.659505844116211;11.60107421875;-13.027587890625;-1.426513671875;-13.027587890625;0;0;1.2833333015441895;0;2;0;1;0;0;0;1;0;0;1;0;0;0;1;0;1;1;0
17603;10;1;1;1;2;1;0;0;0;0;0;22.552083969116211;11.6171875;-13.027587890625;-1.410400390625;-13.027587890625;0;0;1.2866667509078979;0;2;0;1;0;0;0;1;0;0;1;0;0;0;1;0;1;1;0
17613;10;1;1;1;2;1;0;0;0;0;0;22.473958969116211;11.62890625;-13.027587890625;-1.398681640625;-13.027587890625;0;0;1.2833333015441895;0;2;0;1;0;0;0;1;0;0;1;0;0;0;1;0;1;1;0
17625;10;1;1;1;2;1;0;0;0;0;0;22.355142593383789;11.646728515625;-13.027587890625;-1.380859375;-13.027587890625;0;0;1.2833333015441895;0;2;0;1;0;0;0;1;0;0;1;0;0;0;1;0;1;1;0
17633;10;1;1;1;2;1;0;0;0;0;0;22.267251968383789;11.659912109375;-13.027587890625;-1.36767578125;-13.027587890625;0;0;1.2866667509078979;0;2;0;1;0;0;0;1;0;0;1;0;0;0;1;0;1;1;0
17643;10;1;1;1;2;1;0;0;0;0;0;22.159830093383789;11.676025390625;-13.027587890625;-1.3515625;-13.027587890625;0;0;1.2866667509078979;0;2;0;1;0;0;0;1;0;0;1;0;0;0;1;0;1;1;0
17653;10;1;1;1;2;1;0;0;0;0;0;22.081705093383789;11.687744140625;-13.027587890625;-1.33984375;-13.027587890625;0;0;1.2833333015441895;0;2;0;1;0;0;0;1;0;0;1;0;0;0;1;0;1;1;0
17663;10;1;1;1;2;1;0;0;0;0;0;21.962890625;11.70556640625;-13.027587890625;-1.322021484375;-13.027587890625;0;0;1.2866667509078979;0;2;0;1;0;0;0;1;0;0;1;0;0;0;1;0;1;1;0
17673;10;1;1;1;2;1;0;0;0;0;0;21.875;11.71875;-13.027587890625;-1.308837890625;-13.027587890625;0;0;1.2866667509078979;0;2;0;1;0;0;0;1;0;0;1;0;0;0;1;0;1;1;0
17683;10;1;1;1;2;1;0;0;0;0;0;21.756185531616211;11.736572265625;-13.027587890625;-1.291015625;-13.027587890625;0;0;1.2833333015441895;0;2;0;1;0;0;0;1;0;0;1;0;0;0;1;0;1;1;0
17694;10;1;1;1;2;1;0;0;0;0;0;21.678060531616211;11.748291015625;-13.027587890625;-1.279296875;-13.027587890625;0;0;1.2833333015441895;0;2;0;1;0;0;0;1;0;0;1;0;0;0;1;0;1;1;0
17703;10;1;1;1;2;1;0;0;0;0;0;21.560873031616211;11.765869140625;-13.027587890625;-1.26171875;-13.027587890625;0;0;1.2833333015441895;0;2;0;1;0;0;0;1;0;0;1;0;0;0;1;0;1;1;0
17713;10;1;1;1;2;1;0;0;0;0;0;21.481119155883789;11.77783203125;-13.027587890625;-1.249755859375;-13.027587890625;0;0;1.2866667509078979;0;2;0;1;0;0;0;1;0;0;1;0;0;0;1;0;1;1;0
17724;10;1;1;1;2;1;0;0;0;0;0;21.373697280883789;11.7939453125;-13.027587890625;-1.233642578125;-13.027587890625;0;0;1.2866667509078979;0;2;0;1;0;0;0;1;0;0;1;0;0;0;1;0;1;1;0
17733;10;1;1;1;2;1;0;0;0;0;0;21.295572280883789;11.8056640625;-13.027587890625;-1.221923828125;-13.027587890625;0;0;1.2833333015441895;0;2;0;1;0;0;0;1;0;0;1;0;0;0;1;0;1;1;0
17743;10;1;1;1;2;1;0;0;0;0;0;21.1669921875;11.824951171875;-13.027587890625;-1.20263671875;-13.027587890625;0;0;1.2866667509078979;0;2;0;1;0;0;0;1;0;0;1;0;0;0;1;0;1;1;0
17753;10;1;1;1;2;1;0;0;0;0;0;21.0888671875;11.836669921875;-13.027587890625;-1.19091796875;-13.027587890625;0;0;1.2866667509078979;0;2;0;1;0;0;0;1;0;0;1;0;0;0;1;0;1;1;0
17763;10;1;1;1;2;1;0;0;0;0;0;20.9716796875;11.854248046875;-13.027587890625;-1.17333984375;-13.027587890625;0;0;1.2866667509078979;0;2;0;1;0;0;0;1;0;0;1;0;0;0;1;0;1;1;0
17773;10;1;1;1;2;1;0;0;0;0;0;20.895181655883789;11.86572265625;-13.02734375;-1.16162109375;-13.02734375;0;0;1.2866667509078979;0;2;0;1;0;0;0;1;0;0;1;0;0;0;1;0;1;1;0
17783;10;1;1;1;2;1;0;0;0;0;0;20.774740219116211;11.8837890625;-13.027587890625;-1.143798828125;-13.027587890625;0;0;1.2866667509078979;0;2;0;1;0;0;0;1;0;0;1;0;0;0;1;0;1;1;0
17793;10;1;1;1;2;1;0;0;0;0;0;20.696615219116211;11.8955078125;-13.027587890625;-1.132080078125;-13.027587890625;0;0;1.2866667509078979;0;2;0;1;0;0;0;1;0;0;1;0;0;0;1;0;1;1;0
17803;10;1;1;1;2;1;0;0;0;0;0;20.587564468383789;11.911865234375;-13.027587890625;-1.11572265625;-13.027587890625;0;0;1.2866667509078979;0;2;0;1;0;0;0;1;0;0;1;0;0;0;1;0;1;1;0
17813;10;1;1;1;2;1;0;0;0;0;0;20.499673843383789;11.925048828125;-13.027587890625;-1.1025390625;-13.027587890625;0;0;1.2866667509078979;0;2;0;1;0;0;0;1;0;0;1;0;0;0;1;0;1;1;0
17824;10;1;1;1;2;1;0;0;0;0;0;20.392251968383789;11.941162109375;-13.027587890625;-1.08642578125;-13.027587890625;0;0;1.2833333015441895;0;2;0;1;0;0;0;1;0;0;1;0;0;0;1;0;1;1;0
17833;10;1;1;1;2;1;0;0;0;0;0;20.304361343383789;11.954345703125;-13.027587890625;-1.0732421875;-13.027587890625;0;0;1.2866667509078979;0;2;0;1;0;0;0;1;0;0;1;0;0;0;1;0;1;1;0
17843;10;1;1;1;2;1;0;0;0;0;0;20.187173843383789;11.971923828125;-13.027587890625;-1.0556640625;-13.027587890625;0;0;1.28000009059906;0;2;0;1;0;0;0;1;0;0;1;0;0;0;1;0;1;1;0
17853;10;1;1;1;2;1;0;0;0;0;0;20.1171875;11.982421875;-13.027587890625;-1.045166015625;-13.027587890625;0;0;1.2833333015441895;0;2;0;1;0;0;0;1;0;0;1;0;0;0;1;0;1;1;0
17863;10;1;1;1;2;1;0;0;0;0;0;19.988607406616211;12.001708984375;-13.027587890625;-1.02587890625;-13.027587890625;0;0;1.2900000810623169;0;2;0;1;0;0;0;1;0;0;1;0;0;0;1;0;1;1;0
17873;10;1;1;1;2;1;0;0;0;0;0;19.910482406616211;12.013427734375;-13.027587890625;-1.01416015625;-13.027587890625;0;0;1.2866667509078979;0;2;0;1;0;0;0;1;0;0;1;0;0;0;1;0;1;1;0
17883;10;1;1;1;2;1;0;0;0;0;0;19.803060531616211;12.029541015625;-13.027587890625;-0.998046875;-13.027587890625;0;0;1.28000009059906;0;2;0;1;0;0;0;1;0;0;1;0;0;0;1;0;1;1;0
17893;10;1;1;1;2;1;0;0;0;0;0;19.715169906616211;12.042724609375;-13.027587890625;-0.98486328125;-13.027587890625;0;0;1.2833333015441895;0;2;0;1;0;0;0;1;0;0;1;0;0;0;1;0;1;1;0
17903;10;1;1;1;2;1;0;0;0;0;0;19.607748031616211;12.058837890625;-13.027587890625;-0.96875;-13.027587890625;0;0;1.2866667509078979;0;2;0;1;0;0;0;1;0;0;1;0;0;0;1;0;1;1;0
17913;10;1;1;1;2;1;0;0;0;0;0;19.529623031616211;12.070556640625;-13.027587890625;-0.95703125;-13.027587890625;0;0;1.2833333015441895;0;2;0;1;0;0;0;1;0;0;1;0;0;0;1;0;1;1;0
17925;10;1;1;1;2;1;0;0;0;0;0;19.410806655883789;12.08837890625;-13.027587890625;-0.939208984375;-13.027587890625;0;0;1.2833333015441895;0;2;0;1;0;0;0;1;0;0;1;0;0;0;1;0;1;1;0
17933;10;1;1;1;2;1;0;0;0;0;0;19.322916030883789;12.1015625;-13.027587890625;-0.926025390625;-13.027587890625;0;0;1.2866667509078979;0;2;0;1;0;0;0;1;0;0;1;0;0;0;1;0;1;1;0
17943;10;1;1;1;2;1;0;0;0;0;0;19.2138671875;12.117919921875;-13.027587890625;-0.90966796875;-13.027587890625;0;0;1.2866667509078979;0;2;0;1;0;0;0;1;0;0;1;0;0;0;1;0;1;1;0
17953;10;1;1;1;2;1;0;0;0;0;0;19.1357421875;12.129638671875;-13.027587890625;-0.89794921875;-13.027587890625;0;0;1.2866667509078979;0;2;0;1;0;0;0;1;0;0;1;0;0;0;1;0;1;1;0
17963;10;1;1;1;2;1;0;0;0;0;0;19.0087890625;12.148681640625;-13.027587890625;-0.87890625;-13.027587890625;0;0;1.2866667509078979;0;2;0;1;0;0;0;1;0;0;1;0;0;0;1;0;1;1;0
17973;10;1;1;1;2;1;0;0;0;0;0;18.938802719116211;12.1591796875;-13.027587890625;-0.868408203125;-13.027587890625;0;0;1.2866667509078979;0;2;0;1;0;0;0;1;0;0;1;0;0;0;1;0;1;1;0
17983;10;1;1;1;2;1;0;0;0;0;0;18.821615219116211;12.1767578125;-13.027587890625;-0.850830078125;-13.027587890625;0;0;1.2866667509078979;0;2;0;1;0;0;0;1;0;0;1;0;0;0;1;0;1;1;0
17993;10;1;1;1;2;1;0;0;0;0;0;18.743490219116211;12.1884765625;-13.027587890625;-0.839111328125;-13.027587890625;0;0;1.2833333015441895;0;2;0;1;0;0;0;1;0;0;1;0;0;0;1;0;1;1;0
18003;10;1;1;1;2;1;0;0;0;0;0;18.624673843383789;12.206298828125;-13.027587890625;-0.8212890625;-13.027587890625;0;0;1.2900000810623169;0;2;0;1;0;0;0;1;0;0;1;0;0;0;1;0;1;1;0
18013;10;1;1;1;2;1;0;0;0;0;0;18.53515625;12.2197265625;-13.027587890625;-0.807861328125;-13.027587890625;0;0;1.2900000810623169;0;2;0;1;0;0;0;1;0;0;1;0;0;0;1;0;1;1;0
18023;10;1;1;1;2;1;0;0;0;0;0;18.429361343383789;12.235595703125;-13.027587890625;-0.7919921875;-13.027587890625;0;0;1.2833333015441895;0;2;0;1;0;0;0;1;0;0;1;0;0;0;1;0;1;1;0
18034;10;1;1;1;2;1;0;0;0;0;0;18.341470718383789;12.248779296875;-13.027587890625;-0.77880859375;-13.027587890625;0;0;1.28000009059906;0;2;0;1;0;0;0;1;0;0;1;0;0;0;1;0;1;1;0
18043;10;1;1;1;2;1;0;0;0;0;0;18.234048843383789;12.264892578125;-13.027587890625;-0.7626953125;-13.027587890625;0;0;1.2833333015441895;0;2;0;1;0;0;0;1;0;0;1;0;0;0;1;0;1;1;0
18054;10;1;1;1;2;1;0;0;0;0;0;18.142904281616211;12.278564453125;-13.027587890625;-0.7490234375;-13.027587890625;0;0;1.2933332920074463;0;2;0;1;0;0;0;1;0;0;1;0;0;0;1;0;1;1;0
18063;10;1;1;1;2;1;0;0;0;0;0;18.033853530883789;12.294921875;-13.027587890625;-0.732666015625;-13.027587890625;0;0;1.2933332920074463;0;2;0;1;0;0;0;1;0;0;1;0;0;0;1;0;1;1;0
18073;10;1;1;1;2;1;0;0;0;0;0;17.957357406616211;12.306396484375;-13.027587890625;-0.72119140625;-13.027587890625;0;0;1.2866667509078979;0;2;0;1;0;0;0;1;0;0;1;0;0;0;1;0;1;1;0
18083;10;1;1;1;2;1;0;0;0;0;0;17.840169906616211;12.323974609375;-13.027587890625;-0.70361328125;-13.027587890625;0;0;1.2833333015441895;0;2;0;1;0;0;0;1;0;0;1;0;0;0;1;0;1;1;0
18094;10;1;1;1;2;1;0;0;0;0;0;17.760416030883789;12.3359375;-13.027587890625;-0.691650390625;-13.027587890625;0;0;1.2866667509078979;0;2;0;1;0;0;0;1;0;0;1;0;0;0;1;0;1;1;0
18103;10;1;1;1;2;1;0;0;0;0;0;17.643228530883789;12.353515625;-13.027587890625;-0.674072265625;-13.027587890625;0;0;1.2866667509078979;0;2;0;1;0;0;0;1;0;0;1;0;0;0;1;0;1;1;0
18113;10;1;1;1;2;1;0;0;0;0;0;17.565103530883789;12.365234375;-13.027587890625;-0.662353515625;-13.027587890625;0;0;1.2833333015441895;0;2;0;1;0;0;0;1;0;0;1;0;0;0;1;0;1;1;0
18123;10;1;1;1;2;1;0;0;0;0;0;17.4365234375;12.384521484375;-13.027587890625;-0.64306640625;-13.027587890625;0;0;1.2900000810623169;0;2;0;1;0;0;0;1;0;0;1;0;0;0;1;0;1;1;0
18133;10;1;1;1;2;1;0;0;0;0;0;17.3583984375;12.396240234375;-13.027587890625;-0.63134765625;-13.027587890625;0;0;1.2866667509078979;0;2;0;1;0;0;0;1;0;0;1;0;0;0;1;0;1;1;0
18143;10;1;1;1;2;1;0;0;0;0;0;17.2509765625;12.412353515625;-13.027587890625;-0.615234375;-13.027587890625;0;0;1.28000009059906;0;2;0;1;0;0;0;1;0;0;1;0;0;0;1;0;1;1;0
18155;10;1;1;1;2;1;0;0;0;0;0;17.161458969116211;12.42578125;-13.027587890625;-0.601806640625;-13.027587890625;0;0;1.2866667509078979;0;2;0;1;0;0;0;1;0;0;1;0;0;0;1;0;1;1;0
18163;10;1;1;1;2;1;0;0;0;0;0;17.054037094116211;12.44189453125;-13.027587890625;-0.585693359375;-13.027587890625;0;0;1.2900000810623169;0;2;0;1;0;0;0;1;0;0;1;0;0;0;1;0;1;1;0
18173;10;1;1;1;2;1;0;0;0;0;0;16.974283218383789;12.453857421875;-13.027587890625;-0.57373046875;-13.027587890625;0;0;1.2866667509078979;0;2;0;1;0;0;0;1;0;0;1;0;0;0;1;0;1;1;0
18183;10;1;1;1;2;1;0;0;0;0;0;16.848958969116211;12.47265625;-13.027587890625;-0.554931640625;-13.027587890625;0;0;1.28000009059906;0;2;0;1;0;0;0;1;0;0;1;0;0;0;1;0;1;1;0
18193;10;1;1;1;2;1;0;0;0;0;0;16.770833969116211;12.484375;-13.02734375;-0.54296875;-13.02734375;0;0;1.2866667509078979;0;2;0;1;0;0;0;1;0;0;1;0;0;0;1;0;1;1;0
18203;10;1;1;1;2;1;0;0;0;0;0;16.66015625;12.5009765625;-13.027587890625;-0.526611328125;-13.027587890625;0;0;1.2900000810623169;0;2;0;1;0;0;0;1;0;0;1;0;0;0;1;0;1;1;0
18214;10;1;1;1;2;1;0;0;0;0;0;16.58203125;12.5126953125;-13.027587890625;-0.514892578125;-13.027587890625;0;0;1.2900000810623169;0;2;0;1;0;0;0;1;0;0;1;0;0;0;1;0;1;1;0
18223;10;1;1;1;2;1;0;0;0;0;0;16.46484375;12.5302734375;-13.027587890625;-0.497314453125;-13.027587890625;0;0;1.2833333015441895;0;2;0;1;0;0;0;1;0;0;1;0;0;0;1;0;1;1;0
18233;10;1;1;1;2;1;0;0;0;0;0;16.38671875;12.5419921875;-13.027587890625;-0.485595703125;-13.027587890625;0;0;1.2833333015441895;0;2;0;1;0;0;0;1;0;0;1;0;0;0;1;0;1;1;0
18243;10;1;1;1;2;1;0;0;0;0;0;16.267904281616211;12.559814453125;-13.027587890625;-0.4677734375;-13.027587890625;0;0;1.2866667509078979;0;2;0;1;0;0;0;1;0;0;1;0;0;0;1;0;1;1;0
18254;10;1;1;1;2;1;0;0;0;0;0;16.188150405883789;12.57177734375;-13.027587890625;-0.455810546875;-13.027587890625;0;0;1.2900000810623169;0;2;0;1;0;0;0;1;0;0;1;0;0;0;1;0;1;1;0
18263;10;1;1;1;2;1;0;0;0;0;0;16.070962905883789;12.58935546875;-13.027587890625;-0.438232421875;-13.027587890625;0;0;1.2866667509078979;0;2;0;1;0;0;0;1;0;0;1;0;0;0;1;0;1;1;0
18273;10;1;1;1;2;1;0;0;0;0;0;15.984700202941895;12.602294921875;-13.02734375;-0.425048828125;-13.02734375;0;0;1.2833333015441895;0;2;0;1;0;0;0;1;0;0;1;0;0;0;1;0;1;1;0
18283;10;1;1;1;2;1;0;0;0;0;0;15.8740234375;12.618896484375;-13.027587890625;-0.40869140625;-13.027587890625;0;0;1.2866667509078979;0;2;0;1;0;0;0;1;0;0;1;0;0;0;1;0;1;1;0
18293;10;1;1;1;2;1;0;0;0;0;0;15.7861328125;12.632080078125;-13.027587890625;-0.3955078125;-13.027587890625;0;0;1.2866667509078979;0;2;0;1;0;0;0;1;0;0;1;0;0;0;1;0;1;1;0
18303;10;1;1;1;2;1;0;0;0;0;0;15.6787109375;12.648193359375;-13.027587890625;-0.37939453125;-13.027587890625;0;0;1.2866667509078979;0;2;0;1;0;0;0;1;0;0;1;0;0;0;1;0;1;1;0
18314;10;1;1;1;2;1;0;0;0;0;0;15.598958015441895;12.66015625;-13.027587890625;-0.367431640625;-13.027587890625;0;0;1.2866667509078979;0;2;0;1;0;0;0;1;0;0;1;0;0;0;1;0;1;1;0
18323;10;1;1;1;2;1;0;0;0;0;0;15.481770515441895;12.677734375;-13.027587890625;-0.349853515625;-13.027587890625;0;0;1.2866667509078979;0;2;0;1;0;0;0;1;0;0;1;0;0;0;1;0;1;1;0
18335;10;1;1;1;2;1;0;0;0;0;0;15.403645515441895;12.689453125;-13.027587890625;-0.338134765625;-13.027587890625;0;0;1.2866667509078979;0;2;0;1;0;0;0;1;0;0;1;0;0;0;1;0;1;1;0
18345;10;1;1;1;2;1;0;0;0;0;0;15.284831047058105;12.707275390625;-13.027587890625;-0.3203125;-13.027587890625;0;0;1.2866667509078979;0;2;0;1;0;0;0;1;0;0;1;0;0;0;1;0;1;1;0
18353;10;1;1;1;2;1;0;0;0;0;0;15.196940422058105;12.720458984375;-13.027587890625;-0.30712890625;-13.027587890625;0;0;1.2833333015441895;0;2;0;1;0;0;0;1;0;0;1;0;0;0;1;0;1;1;0
18363;10;1;1;1;2;1;0;0;0;0;0;15.089518547058105;12.736572265625;-13.027587890625;-0.291015625;-13.027587890625;0;0;1.2866667509078979;0;2;0;1;0;0;0;1;0;0;1;0;0;0;1;0;1;1;0
18373;10;1;1;1;2;1;0;0;0;0;0;15.009765625;12.74853515625;-13.027587890625;-0.279052734375;-13.027587890625;0;0;1.2900000810623169;0;2;0;1;0;0;0;1;0;0;1;0;0;0;1;0;1;1;0
18383;10;1;1;1;2;1;0;0;0;0;0;14.8828125;12.767578125;-13.027587890625;-0.260009765625;-13.027587890625;0;0;1.2866667509078979;0;2;0;1;0;0;0;1;0;0;1;0;0;0;1;0;1;1;0
18393;10;1;1;1;2;1;0;0;0;0;0;14.814453125;12.77783203125;-13.027587890625;-0.249755859375;-13.027587890625;0;0;1.2833333015441895;0;2;0;1;0;0;0;1;0;0;1;0;0;0;1;0;1;1;0
18403;10;1;1;1;2;1;0;0;0;0;0;14.685872077941895;12.797119140625;-13.027587890625;-0.23046875;-13.027587890625;0;0;1.2866667509078979;0;2;0;1;0;0;0;1;0;0;1;0;0;0;1;0;1;1;0
18414;10;1;1;1;2;1;0;0;0;0;0;14.617512702941895;12.807373046875;-13.027587890625;-0.22021484375;-13.027587890625;0;0;1.2900000810623169;0;2;0;1;0;0;0;1;0;0;1;0;0;0;1;0;1;1;0
18423;10;1;1;1;2;1;0;0;0;0;0;14.498698234558105;12.8251953125;-13.027587890625;-0.202392578125;-13.027587890625;0;0;1.2866667509078979;0;2;0;1;0;0;0;1;0;0;1;0;0;0;1;0;1;1;0
18433;10;1;1;1;2;1;0;0;0;0;0;14.410807609558105;12.83837890625;-13.027587890625;-0.189208984375;-13.027587890625;0;0;1.2866667509078979;0;2;0;1;0;0;0;1;0;0;1;0;0;0;1;0;1;1;0
18443;10;1;1;1;2;1;0;0;0;0;0;14.303385734558105;12.8544921875;-13.027587890625;-0.173095703125;-13.027587890625;0;0;1.2833333015441895;0;2;0;1;0;0;0;1;0;0;1;0;0;0;1;0;1;1;0
18453;10;1;1;1;2;1;0;0;0;0;0;14.2138671875;12.867919921875;-13.027587890625;-0.15966796875;-13.027587890625;0;0;1.2900000810623169;0;2;0;1;0;0;0;1;0;0;1;0;0;0;1;0;1;1;0
18463;10;1;1;1;2;1;0;0;0;0;0;14.1064453125;12.884033203125;-13.027587890625;-0.1435546875;-13.027587890625;0;0;1.2866667509078979;0;2;0;1;0;0;0;1;0;0;1;0;0;0;1;0;1;1;0
18473;10;1;1;1;2;1;0;0;0;0;0;14.016926765441895;12.8974609375;-13.027587890625;-0.130126953125;-13.027587890625;0;0;1.2866667509078979;0;2;0;1;0;0;0;1;0;0;1;0;0;0;1;0;1;1;0
18484;10;1;1;1;2;1;0;0;0;0;0;13.909504890441895;12.91357421875;-13.027587890625;-0.114013671875;-13.027587890625;0;0;1.2833333015441895;0;2;0;1;0;0;0;1;0;0;1;0;0;0;1;0;1;1;0
18494;10;1;1;1;2;1;0;0;0;0;0;13.831379890441895;12.92529296875;-13.027587890625;-0.102294921875;-13.027587890625;0;0;1.2866667509078979;0;2;0;1;0;0;0;1;0;0;1;0;0;0;1;0;1;1;0
18503;10;1;1;1;2;1;0;0;0;0;0;13.702799797058105;12.944580078125;-13.027587890625;-0.0830078125;-13.027587890625;0;0;1.2866667509078979;0;2;0;1;0;0;0;1;0;0;1;0;0;0;1;0;1;1;0
18513;10;1;1;1;2;1;0;0;0;0;0;13.634440422058105;12.954833984375;-13.027587890625;-0.07275390625;-13.027587890625;0;0;1.2866667509078979;0;2;0;1;0;0;0;1;0;0;1;0;0;0;1;0;1;1;0
18523;10;1;1;1;2;1;0;0;0;0;0;13.515625;12.97265625;-13.027587890625;-0.054931640625;-13.027587890625;0;0;1.2866667509078979;0;2;0;1;0;0;0;1;0;0;1;0;0;0;1;0;1;1;0
18533;10;1;1;1;2;1;0;0;0;0;0;13.4375;12.984375;-13.027587890625;-0.043212890625;-13.027587890625;0;0;1.2900000810623169;0;2;0;1;0;0;0;1;0;0;1;0;0;0;1;0;1;1;0
18543;10;1;1;1;2;1;0;0;0;0;0;13.3203125;13.001953125;-13.027587890625;-0.025634765625;-13.027587890625;0;0;1.2866667509078979;0;2;0;1;0;0;0;1;0;0;1;0;0;0;1;0;1;1;0
18555;10;1;1;1;2;1;0;0;0;0;0;13.2421875;13.013671875;-13.027587890625;-0.013916015625;-13.027587890625;0;0;1.2833333015441895;0;2;0;1;0;0;0;1;0;0;1;0;0;0;1;0;1;1;0
18563;10;1;1;1;2;1;0;0;0;0;0;13.113606452941895;13.032958984375;-13.027587890625;0.00537109375;-13.027587890625;0;0;1.2866667509078979;0;2;0;1;0;0;0;1;0;0;1;0;0;0;1;0;1;1;0
18573;10;1;1;1;2;1;0;0;0;0;0;13.035481452941895;13.044677734375;-13.027587890625;0.01708984375;-13.027587890625;0;0;1.2866667509078979;0;2;0;1;0;0;0;1;0;0;1;0;0;0;1;0;1;1;0
18583;10;1;1;1;2;1;0;0;0;0;0;12.916666984558105;13.0625;-13.027587890625;0.034912109375;-13.027587890625;0;0;1.2866667509078979;0;2;0;1;0;0;0;1;0;0;1;0;0;0;1;0;1;1;0
18593;10;1;1;1;2;1;0;0;0;0;0;12.838541984558105;13.07421875;-13.027587890625;0.046630859375;-13.027587890625;0;0;1.2866667509078979;0;2;0;1;0;0;0;1;0;0;1;0;0;0;1;0;1;1;0
18603;10;1;1;1;2;1;0;0;0;0;0;12.7294921875;13.090576171875;-13.027587890625;0.06298828125;-13.027587890625;0;0;1.2866667509078979;0;2;0;1;0;0;0;1;0;0;1;0;0;0;1;0;1;1;0
18614;10;1;1;1;2;1;0;0;0;0;0;12.6416015625;13.103759765625;-13.027587890625;0.076171875;-13.027587890625;0;0;1.2866667509078979;0;2;0;1;0;0;0;1;0;0;1;0;0;0;1;0;1;1;0
18623;10;1;1;1;2;1;0;0;0;0;0;12.5341796875;13.119873046875;-13.027587890625;0.09228515625;-13.027587890625;0;0;1.2866667509078979;0;2;0;1;0;0;0;1;0;0;1;0;0;0;1;0;1;1;0
18633;10;1;1;1;2;1;0;0;0;0;0;12.4560546875;13.131591796875;-13.027587890625;0.10400390625;-13.027587890625;0;0;1.2866667509078979;0;2;0;1;0;0;0;1;0;0;1;0;0;0;1;0;1;1;0
18643;10;1;1;1;2;1;0;0;0;0;0;12.327473640441895;13.15087890625;-13.027587890625;0.123291015625;-13.027587890625;0;0;1.2833333015441895;0;2;0;1;0;0;0;1;0;0;1;0;0;0;1;0;1;1;0
18653;10;1;1;1;2;1;0;0;0;0;0;12.259114265441895;13.1611328125;-13.027587890625;0.133544921875;-13.027587890625;0;0;1.2866667509078979;0;2;0;1;0;0;0;1;0;0;1;0;0;0;1;0;1;1;0
18663;10;1;1;1;2;1;0;0;0;0;0;12.132161140441895;13.18017578125;-13.027587890625;0.152587890625;-13.027587890625;0;0;1.2866667509078979;0;2;0;1;0;0;0;1;0;0;1;0;0;0;1;0;1;1;0
18673;10;1;1;1;2;1;0;0;0;0;0;12.062174797058105;13.190673828125;-13.027587890625;0.1630859375;-13.027587890625;0;0;1.2866667509078979;0;2;0;1;0;0;0;1;0;0;1;0;0;0;1;0;1;1;0
18683;10;1;1;1;2;1;0;0;0;0;0;11.944987297058105;13.208251953125;-13.027587890625;0.1806640625;-13.027587890625;0;0;1.2833333015441895;0;2;0;1;0;0;0;1;0;0;1;0;0;0;1;0;1;1;0
18694;10;1;1;1;2;1;0;0;0;0;0;11.857096672058105;13.221435546875;-13.027587890625;0.19384765625;-13.027587890625;0;0;1.2866667509078979;0;2;0;1;0;0;0;1;0;0;1;0;0;0;1;0;1;1;0
18703;10;1;1;1;2;1;0;0;0;0;0;11.748046875;13.23779296875;-13.027587890625;0.210205078125;-13.027587890625;0;0;1.2833333015441895;0;2;0;1;0;0;0;1;0;0;1;0;0;0;1;0;1;1;0
18714;10;1;1;1;2;1;0;0;0;0;0;11.66015625;13.2509765625;-13.027587890625;0.223388671875;-13.027587890625;0;0;1.2866667509078979;0;2;0;1;0;0;0;1;0;0;1;0;0;0;1;0;1;1;0
18723;10;1;1;1;2;1;0;0;0;0;0;11.552734375;13.26708984375;-13.027587890625;0.239501953125;-13.027587890625;0;0;1.2833333015441895;0;2;0;1;0;0;0;1;0;0;1;0;0;0;1;0;1;1;0
18733;10;1;1;1;2;1;0;0;0;0;0;11.472981452941895;13.279052734375;-13.027587890625;0.25146484375;-13.027587890625;0;0;1.2866667509078979;0;2;0;1;0;0;0;1;0;0;1;0;0;0;1;0;1;1;0
18744;10;1;1;1;2;1;0;0;0;0;0;11.346028327941895;13.298095703125;-13.027587890625;0.2705078125;-13.027587890625;0;0;1.2833333015441895;0;2;0;1;0;0;0;1;0;0;1;0;0;0;1;0;1;1;0
18753;10;1;1;1;2;1;0;0;0;0;0;11.277668952941895;13.308349609375;-13.027587890625;0.28076171875;-13.027587890625;0;0;1.2866667509078979;0;2;0;1;0;0;0;1;0;0;1;0;0;0;1;0;1;1;0
18763;10;1;1;1;2;1;0;0;0;0;0;11.158854484558105;13.326171875;-13.027587890625;0.298583984375;-13.027587890625;0;0;1.2866667509078979;0;2;0;1;0;0;0;1;0;0;1;0;0;0;1;0;1;1;0
18774;10;1;1;1;2;1;0;0;0;0;0;11.070963859558105;13.33935546875;-13.027587890625;0.311767578125;-13.027587890625;0;0;1.2833333015441895;0;2;0;1;0;0;0;1;0;0;1;0;0;0;1;0;1;1;0
18783;10;1;1;1;2;1;0;0;0;0;0;10.953776359558105;13.35693359375;-13.027587890625;0.329345703125;-13.027587890625;0;0;1.2833333015441895;0;2;0;1;0;0;0;1;0;0;1;0;0;0;1;0;1;1;0
18793;10;1;1;1;2;1;0;0;0;0;0;10.875651359558105;13.36865234375;-13.027587890625;0.341064453125;-13.027587890625;0;0;1.2866667509078979;0;2;0;1;0;0;0;1;0;0;1;0;0;0;1;0;1;1;0
18803;10;1;1;1;2;1;0;0;0;0;0;10.7666015625;13.385009765625;-13.027587890625;0.357421875;-13.027587890625;0;0;1.2866667509078979;0;2;0;1;0;0;0;1;0;0;1;0;0;0;1;0;1;1;0
18814;10;1;1;1;2;1;0;0;0;0;0;10.6787109375;13.398193359375;-13.027587890625;0.37060546875;-13.027587890625;0;0;1.2866667509078979;0;2;0;1;0;0;0;1;0;0;1;0;0;0;1;0;1;1;0
18823;10;1;1;1;2;1;0;0;0;0;0;10.5712890625;13.414306640625;-13.027587890625;0.38671875;-13.027587890625;0;0;1.2833333015441895;0;2;0;1;0;0;0;1;0;0;1;0;0;0;1;0;1;1;0
18833;10;1;1;1;2;1;0;0;0;0;0;10.491536140441895;13.42626953125;-13.027587890625;0.398681640625;-13.027587890625;0;0;1.2866667509078979;0;2;0;1;0;0;0;1;0;0;1;0;0;0;1;0;1;1;0
18844;10;1;1;1;2;1;0;0;0;0;0;10.374348640441895;13.44384765625;-13.027587890625;0.416259765625;-13.027587890625;0;0;1.2833333015441895;0;2;0;1;0;0;0;1;0;0;1;0;0;0;1;0;1;1;0
18855;10;1;1;1;2;1;0;0;0;0;0;10.296223640441895;13.45556640625;-13.027587890625;0.427978515625;-13.027587890625;0;0;1.2833333015441895;0;2;0;1;0;0;0;1;0;0;1;0;0;0;1;0;1;1;0
18863;10;1;1;1;2;1;0;0;0;0;0;10.177409172058105;13.473388671875;-13.027587890625;0.44580078125;-13.027587890625;0;0;1.2833333015441895;0;2;0;1;0;0;0;1;0;0;1;0;0;0;1;0;1;1;0
18874;10;1;1;1;2;1;0;0;0;0;0;10.099284172058105;13.485107421875;-13.027587890625;0.45751953125;-13.027587890625;0;0;1.2866667509078979;0;2;0;1;0;0;0;1;0;0;1;0;0;0;1;0;1;1;0
18883;10;1;1;1;2;1;0;0;0;0;0;9.9723310470581055;13.504150390625;-13.027587890625;0.4765625;-13.027587890625;0;0;1.2833333015441895;0;2;0;1;0;0;0;1;0;0;1;0;0;0;1;0;1;1;0
18894;10;1;1;1;2;1;0;0;0;0;0;9.8942060470581055;13.515869140625;-13.027587890625;0.48828125;-13.027587890625;0;0;1.2833333015441895;0;2;0;1;0;0;0;1;0;0;1;0;0;0;1;0;1;1;0
18903;10;1;1;1;2;1;0;0;0;0;0;9.78515625;13.5322265625;-13.027587890625;0.504638671875;-13.027587890625;0;0;1.2833333015441895;0;2;0;1;0;0;0;1;0;0;1;0;0;0;1;0;1;1;0
18914;10;1;1;1;2;1;0;0;0;0;0;9.70703125;13.5439453125;-13.027587890625;0.516357421875;-13.027587890625;0;0;1.2866667509078979;0;2;0;1;0;0;0;1;0;0;1;0;0;0;1;0;1;1;0
18923;10;1;1;1;2;1;0;0;0;0;0;9.58984375;13.5615234375;-13.027587890625;0.533935546875;-13.027587890625;0;0;1.2866667509078979;0;2;0;1;0;0;0;1;0;0;1;0;0;0;1;0;1;1;0
18933;10;1;1;1;2;1;0;0;0;0;0;9.5003252029418945;13.574951171875;-13.027587890625;0.54736328125;-13.027587890625;0;0;1.2866667509078979;0;2;0;1;0;0;0;1;0;0;1;0;0;0;1;0;1;1;0
18943;10;1;1;1;2;1;0;0;0;0;0;9.3929033279418945;13.591064453125;-13.027587890625;0.5634765625;-13.027587890625;0;0;1.2833333015441895;0;2;0;1;0;0;0;1;0;0;1;0;0;0;1;0;1;1;0
18953;10;1;1;1;2;1;0;0;0;0;0;9.3147783279418945;13.602783203125;-13.027587890625;0.5751953125;-13.027587890625;0;0;1.2833333015441895;0;2;0;1;0;0;0;1;0;0;1;0;0;0;1;0;1;1;0
18963;10;1;1;1;2;1;0;0;0;0;0;9.1975908279418945;13.620361328125;-13.027587890625;0.5927734375;-13.027587890625;0;0;1.2833333015441895;0;2;0;1;0;0;0;1;0;0;1;0;0;0;1;0;1;1;0
18974;10;1;1;1;2;1;0;0;0;0;0;9.1178388595581055;13.63232421875;-13.027587890625;0.604736328125;-13.027587890625;0;0;1.2833333015441895;0;2;0;1;0;0;0;1;0;0;1;0;0;0;1;0;1;1;0
18983;10;1;1;1;2;1;0;0;0;0;0;8.9908857345581055;13.6513671875;-13.027587890625;0.623779296875;-13.027587890625;0;0;1.2833333015441895;0;2;0;1;0;0;0;1;0;0;1;0;0;0;1;0;1;1;0
18993;10;1;1;1;2;1;0;0;0;0;0;8.9127607345581055;13.6630859375;-13.027587890625;0.635498046875;-13.027587890625;0;0;1.2833333015441895;0;2;0;1;0;0;0;1;0;0;1;0;0;0;1;0;1;1;0
19003;10;1;1;1;2;1;0;0;0;0;0;8.7955732345581055;13.6806640625;-13.027587890625;0.653076171875;-13.027587890625;0;0;1.2833333015441895;0;2;0;1;0;0;0;1;0;0;1;0;0;0;1;0;1;1;0
19013;10;1;1;1;2;1;0;0;0;0;0;8.7255859375;13.691162109375;-13.027587890625;0.66357421875;-13.027587890625;0;0;1.2866667509078979;0;2;0;1;0;0;0;1;0;0;1;0;0;0;1;0;1;1;0
19023;10;1;1;1;2;1;0;0;0;0;0;8.6083984375;13.708740234375;-13.027587890625;0.68115234375;-13.027587890625;0;0;1.2833333015441895;0;2;0;1;0;0;0;1;0;0;1;0;0;0;1;0;1;1;0
19034;10;1;1;1;2;1;0;0;0;0;0;8.5205078125;13.721923828125;-13.027587890625;0.6943359375;-13.027587890625;0;0;1.2833333015441895;0;2;0;1;0;0;0;1;0;0;1;0;0;0;1;0;1;1;0
19043;10;1;1;1;2;1;0;0;0;0;0;8.4130859375;13.738037109375;-13.027587890625;0.71044921875;-13.027587890625;0;0;1.2833333015441895;0;2;0;1;0;0;0;1;0;0;1;0;0;0;1;0;1;1;0
19054;10;1;1;1;2;1;0;0;0;0;0;8.3333330154418945;13.75;-13.027587890625;0.722412109375;-13.027587890625;0;0;1.2833333015441895;0;2;0;1;0;0;0;1;0;0;1;0;0;0;1;0;1;1;0
19063;10;1;1;1;2;1;0;0;0;0;0;8.2063798904418945;13.76904296875;-13.027587890625;0.741455078125;-13.027587890625;0;0;1.2833333015441895;0;2;0;1;0;0;0;1;0;0;1;0;0;0;1;0;1;1;0
19074;10;1;1;1;2;1;0;0;0;0;0;8.1380205154418945;13.779296875;-13.027587890625;0.751708984375;-13.027587890625;0;0;1.2833333015441895;0;2;0;1;0;0;0;1;0;0;1;0;0;0;1;0;1;1;0
19083;10;1;1;1;2;1;0;0;0;0;0;8.0110673904418945;13.79833984375;-13.027587890625;0.770751953125;-13.027587890625;0;0;1.2833333015441895;0;2;0;1;0;0;0;1;0;0;1;0;0;0;1;0;1;1;0
19093;10;1;1;1;2;1;0;0;0;1;1;7.9427084922790527;13.80859375;-13.027587890625;0.781005859375;-13.027587890625;0;0;1.2833333015441895;0;2;0;1;0;0;0;1;0;0;1;0;0;0;1;0;1;1;0
19103;10;1;1;1;2;1;0;0;0;1;0;7.8238930702209473;13.826416015625;-13.027587890625;0.798828125;-13.027587890625;0;0;1.2833333015441895;0;2;0;1;0;0;0;1;0;0;1;0;0;0;1;0;1;1;0
19113;22;1;1;1;2;1;0;0;0;1;0;7.7360024452209473;13.839599609375;-13.027587890625;0.81201171875;-13.027587890625;0;0;1.2866667509078979;0;1;0;1;0;0;0;1;0;0;1;0;0;0;1;0;1;1;0
19123;22;1;1;1;1;1;0;0;0;1;0;7.6285805702209473;13.855712890625;-13.027587890625;0.828125;-13.027587890625;0;0;1.2833333015441895;1;1;1;1;0;0;0;1;0;0;1;0;0;1;1;0;1;1;0
19133;11;1;1;0;1;0;0;0;0;1;0;7.5504555702209473;13.855712890625;-13.027587890625;0.83984375;-13.027587890625;0.01171875;0;1.28000009059906;1;1;1;1;0;0;1;1;0;0;1;0;0;1;1;1;1;1;0
19144;11;1;1;0;1;0;0;0;0;1;0;7.431640625;13.855712890625;-13.027587890625;0.857666015625;-13.027587890625;0.029541015625;0;1.2833333015441895;1;1;1;1;0;0;1;1;0;0;1;0;0;1;1;1;1;1;0
19154;11;1;1;0;1;0;0;0;0;1;0;7.34375;13.855712890625;-13.027587890625;0.870849609375;-13.027587890625;0.042724609375;0;1.2866667509078979;1;1;1;1;0;0;1;1;0;0;1;0;0;1;1;1;1;1;0
19163;11;1;1;0;1;0;0;0;0;1;0;7.2265625;13.855712890625;-13.027587890625;0.888427734375;-13.027587890625;0.060302734375;0;1.2833333015441895;1;1;1;1;0;0;1;1;0;0;1;0;0;1;1;1;1;1;0
19174;11;1;1;0;1;0;0;0;0;1;0;7.1484375;13.855712890625;-13.027587890625;0.900146484375;-13.027587890625;0.072021484375;0;1.28000009059906;1;1;1;1;0;0;1;1;0;0;1;0;0;1;1;1;1;1;0
19183;11;1;1;0;1;0;0;0;0;1;0;7.03125;13.855712890625;-13.027587890625;0.917724609375;-13.027587890625;0.089599609375;0;1.28000009059906;1;1;1;1;0;0;1;1;0;0;1;0;0;1;1;1;1;0;0
19193;11;1;1;0;1;0;0;0;0;1;0;6.953125;13.855712890625;-13.027587890625;0.929443359375;-13.027587890625;0.101318359375;0;1.2833333015441895;1;1;1;1;0;0;1;1;0;0;1;0;0;1;1;1;1;0;0
19203;11;1;1;0;1;0;0;0;0;1;0;6.845703125;13.855712890625;-13.027587890625;0.945556640625;-13.027587890625;0.117431640625;0;1.2766666412353516;1;1;1;1;0;0;1;1;0;0;1;0;0;1;1;1;1;0;0
19213;11;1;1;0;1;0;0;0;0;1;0;6.767578125;13.855712890625;-13.027587890625;0.957275390625;-13.027587890625;0.129150390625;0;1.2733333110809326;1;1;1;1;0;0;1;1;0;0;1;0;0;1;1;1;1;0;0
19223;11;1;1;0;1;0;0;0;0;1;1;6.6520180702209473;13.935712814331055;-13.02734375;0.974853515625;-13.02734375;-0.997802734375;0;1.2766666412353516;1;1;1;1;0;0;1;1;0;0;1;0;0;1;1;1;1;0;0
19233;11;1;1;0;1;0;0;0;0;1;1;6.572265625;14.015712738037109;-13.027587890625;0.986572265625;-13.027587890625;-0.98583984375;0;1.2766666412353516;1;1;1;1;0;0;1;1;0;0;1;0;0;1;1;1;1;0;0
19244;11;1;1;0;1;0;0;0;0;1;1;6.4469399452209473;14.095712661743164;-13.027587890625;1.00537109375;-13.027587890625;-0.967041015625;0;1.2700001001358032;1;1;1;1;0;0;1;1;0;0;1;0;0;1;1;1;1;0;0
19254;11;1;1;0;1;0;0;0;0;1;1;6.3704428672790527;14.175712585449219;-13.02734375;1.01708984375;-13.02734375;-0.95556640625;0;1.2700001001358032;1;1;1;1;0;0;1;1;0;0;1;0;0;1;1;1;1;0;0
19263;11;1;1;0;1;0;0;0;0;1;1;6.2532553672790527;14.255712509155273;-13.027587890625;1.034423828125;-13.027587890625;-0.93798828125;0;1.2700001001358032;1;1;1;1;0;0;1;1;0;0;1;0;0;1;1;1;1;0;0
19274;11;1;1;0;1;0;0;0;0;1;1;6.1767578125;14.335712432861328;-13.027587890625;1.0458984375;-13.027587890625;-0.926513671875;0;1.2666666507720947;1;1;1;1;0;0;1;1;0;0;1;0;0;1;1;1;1;0;0
19283;11;1;1;0;1;0;0;0;0;1;1;6.0595703125;14.415712356567383;-13.027587890625;1.0634765625;-13.027587890625;-0.908935546875;0;1.2700001001358032;1;1;1;1;0;0;1;1;0;0;1;0;0;1;1;1;1;0;0
19293;11;1;1;0;1;0;0;0;0;1;1;5.9830727577209473;14.495712280273438;-13.02734375;1.0751953125;-13.02734375;-0.8974609375;0;1.2700001001358032;1;1;1;1;0;0;1;1;0;0;1;0;0;1;1;1;1;0;0
19303;11;1;1;0;1;0;0;0;0;1;1;5.8675131797790527;14.575712203979492;-13.02734375;1.092529296875;-13.02734375;-0.880126953125;0.0033333334140479565;1.2633334398269653;1;1;1;1;0;0;1;1;0;0;1;0;0;1;1;1;1;0;0
19313;11;1;1;0;1;0;0;0;0;1;1;5.80078125;14.655712127685547;-13.02734375;1.1025390625;-13.02734375;-0.8701171875;0.0033333334140479565;1.2633334398269653;1;1;1;1;0;0;1;1;0;0;1;0;0;1;1;1;1;0;0
19323;11;1;1;0;1;0;0;0;0;1;1;5.6754555702209473;14.735712051391602;-13.027099609375;1.12158203125;-13.027099609375;-0.851318359375;0.0066666668280959129;1.2700001001358032;1;1;1;1;0;0;1;1;0;0;1;0;0;1;1;1;1;0;0
19333;11;1;1;0;1;0;0;0;0;1;1;5.5989584922790527;14.815711975097656;-13.02685546875;1.13330078125;-13.02685546875;-0.83984375;0.010000000707805157;1.2700001001358032;1;1;1;1;0;0;1;1;0;0;1;0;0;1;1;1;1;0;0
19344;11;1;1;0;1;0;0;0;0;1;1;5.4964194297790527;14.895711898803711;-13.026611328125;1.14892578125;-13.026611328125;-0.824462890625;0.013333333656191826;1.2599999904632568;1;1;1;1;0;0;1;1;0;0;1;0;0;1;1;1;1;0;0
19353;11;1;1;0;1;0;0;0;0;1;1;5.4117836952209473;14.975711822509766;-13.0263671875;1.161865234375;-13.0263671875;-0.811767578125;0.01666666753590107;1.2566666603088379;1;1;1;1;0;0;1;1;0;0;1;0;0;1;1;1;1;0;0
19365;11;1;1;0;1;0;0;0;0;1;1;5.3059897422790527;15;-13.026123046875;1.177978515625;-13.026123046875;-0.7958984375;0.023333333432674408;1.2666666507720947;1;1;1;1;0;0;1;1;0;0;1;0;0;1;1;1;1;0;0
19373;11;1;1;0;1;0;0;0;0;1;1;5.2197265625;15;-13.02587890625;1.191162109375;-13.02587890625;-0.782958984375;0.023333333432674408;1.2700001001358032;1;1;1;1;0;0;1;1;0;0;1;0;0;1;1;1;1;0;0
19383;11;1;1;0;1;0;0;0;0;1;1;5.1106772422790527;15;-13.025146484375;1.208251953125;-13.025146484375;-0.7666015625;0.030000001192092896;1.2566666603088379;1;1;1;1;0;0;1;1;0;0;1;0;0;1;1;1;1;0;0
19393;11;1;1;0;1;0;0;0;0;1;1;5.0374350547790527;15;-13.02490234375;1.219482421875;-13.02490234375;-0.755615234375;0.033333335071802139;1.25;1;1;1;1;0;0;1;1;0;0;1;0;0;1;1;1;1;0;0
19404;11;1;1;0;1;0;0;0;0;1;1;4.9365234375;15;-13.024169921875;1.2353515625;-13.024169921875;-0.740478515625;0.036666668951511383;1.2533334493637085;1;1;1;1;0;0;1;1;0;0;1;0;0;1;1;1;1;0;0
19414;11;1;1;0;1;0;0;0;0;1;1;4.8600258827209473;15;-13.02392578125;1.2470703125;-13.02392578125;-0.72900390625;0.040000002831220627;1.2633334398269653;1;1;1;1;0;0;1;1;0;0;1;0;0;1;1;1;1;0;0
19423;11;1;1;0;1;0;0;0;0;1;1;4.7493491172790527;15;-13.023193359375;1.264404296875;-13.023193359375;-0.71240234375;0.043333336710929871;1.2633334398269653;1;1;1;1;0;0;1;1;0;0;1;0;0;1;1;1;1;0;0
19433;11;1;1;0;1;0;0;0;0;1;1;4.6663413047790527;15;-13.022705078125;1.27734375;-13.022705078125;-0.699951171875;0.046666666865348816;1.2533334493637085;1;1;1;1;0;0;1;1;0;0;1;0;0;1;1;1;1;0;0
19444;11;1;1;0;1;0;0;0;0;1;1;4.5572915077209473;15;-13.02197265625;1.29443359375;-13.02197265625;-0.68359375;0.05000000074505806;1.25;1;1;1;1;0;0;1;1;0;0;1;0;0;1;1;1;1;0;0
19453;11;1;1;0;1;0;0;0;0;1;1;4.4938149452209473;15;-13.021484375;1.304443359375;-13.021484375;-0.674072265625;0.0533333346247673;1.2533334493637085;1;1;1;1;0;0;1;1;0;0;1;0;0;1;1;1;1;0;0
19463;11;1;1;0;1;0;0;0;0;1;1;4.384765625;15;-13.0205078125;1.32177734375;-13.0205078125;-0.65771484375;0.056666668504476547;1.2533334493637085;1;1;1;1;0;0;1;1;0;0;1;0;0;1;1;1;1;0;0
19473;11;1;1;0;1;0;0;0;0;1;1;4.3033852577209473;15;-13.02001953125;1.33447265625;-13.02001953125;-0.6455078125;0.056666668504476547;1.2466666698455811;1;1;1;1;0;0;1;1;0;0;1;0;0;1;1;1;1;0;0
19483;11;1;1;0;1;0;0;0;0;1;1;4.1943359375;15;-13.01904296875;1.351806640625;-13.01904296875;-0.629150390625;0.063333332538604736;1.25;1;1;1;1;0;0;1;1;0;0;1;0;0;1;1;1;1;0;0
19493;11;1;1;0;1;0;0;0;0;1;1;4.1227211952209473;15;-13.018310546875;1.36328125;-13.018310546875;-0.618408203125;0.063333332538604736;1.25;1;1;1;1;0;0;1;1;0;0;1;0;0;1;1;1;1;0;0
19504;11;1;1;0;1;0;0;0;0;1;1;4.0266928672790527;15;-13.017333984375;1.378662109375;-13.017333984375;-0.60400390625;0.066666670143604279;1.2433333396911621;1;1;1;1;0;0;1;1;0;0;1;0;0;1;1;1;1;0;0
19513;11;1;1;0;1;0;0;0;0;1;1;3.9436848163604736;15;-13.016845703125;1.3916015625;-13.016845703125;-0.591552734375;0.070000007748603821;1.2433333396911621;1;1;1;1;0;0;1;1;0;0;1;0;0;1;1;1;1;0;0
19523;11;1;1;0;1;0;0;0;0;1;1;3.8362629413604736;15;-13.015625;1.408935546875;-13.015625;-0.575439453125;0.070000007748603821;1.25;1;1;1;1;0;0;1;1;0;0;1;0;0;1;1;1;1;0;0
19533;11;1;1;0;1;0;0;0;0;1;1;3.7744140625;15;-13.014892578125;1.4189453125;-13.014892578125;-0.566162109375;0.076666668057441711;1.2466666698455811;1;1;1;1;0;0;1;1;0;0;1;0;0;1;1;1;1;0;0
19544;11;1;1;0;1;0;0;0;0;1;1;3.662109375;15;-13.013671875;1.43701171875;-13.013671875;-0.54931640625;0.080000005662441254;1.2366667985916138;1;1;1;1;0;0;1;1;0;0;1;0;0;1;1;1;1;0;0
19553;11;1;1;0;1;0;0;0;0;1;1;3.5986328125;15;-13.012939453125;1.447265625;-13.012939453125;-0.539794921875;0.080000005662441254;1.2433333396911621;1;1;1;1;0;0;1;1;0;0;1;0;0;1;1;1;1;0;0
19563;11;1;1;0;1;0;0;0;0;1;1;3.4912109375;15;-13.01171875;1.464599609375;-13.01171875;-0.523681640625;0.086666673421859741;1.25;1;1;1;1;0;0;1;1;0;0;1;0;0;1;1;1;1;0;0
19575;11;1;1;0;1;0;0;0;0;1;1;3.4114582538604736;15;-13.010986328125;1.477294921875;-13.010986328125;-0.51171875;0.086666673421859741;1.2466666698455811;1;1;1;1;0;0;1;1;0;0;1;0;0;1;1;1;1;0;0
19583;11;1;1;0;1;0;0;0;0;1;1;3.3089191913604736;15;-13.009521484375;1.494140625;-13.009521484375;-0.496337890625;0.090000003576278687;1.2333333492279053;1;1;1;1;0;0;1;1;0;0;1;0;0;1;1;1;1;0;0
19593;11;1;1;0;1;0;0;0;0;1;1;3.2486979961395264;15;-13.008544921875;1.504150390625;-13.008544921875;-0.4873046875;0.096666671335697174;1.2366667985916138;1;1;1;1;0;0;1;1;0;0;1;0;0;1;1;1;1;0;0
19603;11;1;1;0;1;0;0;0;0;1;1;3.1429035663604736;15;-13.00732421875;1.521240234375;-13.00732421875;-0.471435546875;0.096666671335697174;1.2433333396911621;1;1;1;1;0;0;1;1;0;0;1;0;0;1;1;1;1;0;0
19613;11;1;1;0;1;0;0;0;0;1;1;3.0647785663604736;15;-13.00634765625;1.533935546875;-13.00634765625;-0.459716796875;0.096666671335697174;1.2400000095367432;1;1;1;1;0;0;1;1;0;0;1;0;0;1;1;1;1;0;0
19623;11;1;1;0;1;0;0;0;0;1;1;2.9622395038604736;15;-13.0048828125;1.55078125;-13.0048828125;-0.4443359375;0.10000000149011612;1.2333333492279053;1;1;1;1;0;0;1;1;0;0;1;0;0;1;1;1;1;0;0
19633;11;1;1;0;1;0;0;0;0;1;1;2.9020183086395264;15;-13.00390625;1.560791015625;-13.00390625;-0.435302734375;0.10666666924953461;1.2366667985916138;1;1;1;1;0;0;1;1;0;0;1;0;0;1;1;1;1;0;0
19643;11;1;1;0;1;0;0;0;0;1;1;2.7897136211395264;15;-13.002197265625;1.579345703125;-13.002197265625;-0.41845703125;0.10999999940395355;1.2366667985916138;1;1;1;1;0;0;1;1;0;0;1;0;0;1;1;1;1;0;0
19653;11;1;1;0;1;0;0;0;0;1;1;2.7213542461395264;15;-13.001220703125;1.590576171875;-13.001220703125;-0.408203125;0.10999999940395355;1.2333333492279053;1;1;1;1;0;0;1;1;0;0;1;0;0;1;1;1;1;0;0
19663;11;1;1;0;1;0;0;0;0;1;1;2.6204426288604736;15;-12.99951171875;1.607421875;-12.99951171875;-0.39306640625;0.11333333700895309;1.2333333492279053;1;1;1;1;0;0;1;1;0;0;1;0;0;1;1;1;1;0;0
19674;11;1;1;0;1;0;0;0;0;1;1;2.5504558086395264;15;-12.99853515625;1.618896484375;-12.99853515625;-0.382568359375;0.11666666716337204;1.2366667985916138;1;1;1;1;0;0;1;1;0;0;1;0;0;1;1;1;1;0;0
19683;11;1;1;0;1;0;0;0;0;1;1;2.4495441913604736;15;-12.996826171875;1.6357421875;-12.996826171875;-0.367431640625;0.12000000476837158;1.2333333492279053;1;1;1;1;0;0;1;1;0;0;1;0;0;1;1;1;1;0;0
19693;11;1;1;0;1;0;0;0;0;1;1;2.392578125;15;-12.99560546875;1.6455078125;-12.99560546875;-0.35888671875;0.12333333492279053;1.2300000190734863;1;1;1;1;0;0;1;1;0;0;1;0;0;1;1;1;1;0;0
19703;11;1;1;0;1;0;0;0;0;1;1;2.2835285663604736;15;-12.99365234375;1.663818359375;-12.99365234375;-0.342529296875;0.12666666507720947;1.2333333492279053;1;1;1;1;0;0;1;1;0;0;1;0;0;1;1;1;1;0;0
19713;11;1;1;0;1;0;0;0;0;1;1;2.2135417461395264;15;-12.99267578125;1.67529296875;-12.99267578125;-0.33203125;0.12666666507720947;1.2333333492279053;1;1;1;1;0;0;1;1;0;0;1;0;0;1;1;1;1;0;0
19723;11;1;1;0;1;0;0;0;0;1;1;2.1240234375;15;-12.99072265625;1.690673828125;-12.99072265625;-0.318603515625;0.13000001013278961;1.2266666889190674;1;1;1;1;0;0;1;1;0;0;1;0;0;1;1;1;1;0;0
19733;11;1;1;0;1;0;0;0;0;1;1;2.0475261211395264;15;-12.989501953125;1.703369140625;-12.989501953125;-0.30712890625;0.13333334028720856;1.2266666889190674;1;1;1;1;0;0;1;1;0;0;1;0;0;1;1;1;1;0;0
19743;11;1;1;0;1;0;0;0;0;1;1;1.9482421875;15;-12.987548828125;1.72021484375;-12.987548828125;-0.292236328125;0.1366666704416275;1.2300000190734863;1;1;1;1;0;0;1;1;0;0;1;0;0;1;1;1;1;0;0
19753;11;1;1;0;1;0;0;0;0;1;1;1.8831380605697632;15;-12.986083984375;1.7314453125;-12.986083984375;-0.282470703125;0.1366666704416275;1.2266666889190674;1;1;1;1;0;0;1;1;0;0;1;0;0;1;1;1;1;0;0
19763;11;1;1;0;1;0;0;0;0;1;1;1.7936197519302368;15;-12.984130859375;1.746826171875;-12.984130859375;-0.26904296875;0.14333334565162659;1.2233333587646484;1;1;1;1;0;0;1;1;0;0;1;0;0;1;1;1;1;0;0
19775;11;1;1;0;1;0;0;0;0;1;1;1.7171224355697632;15;-12.98291015625;1.759521484375;-12.98291015625;-0.257568359375;0.14333334565162659;1.2266666889190674;1;1;1;1;0;0;1;1;0;0;1;0;0;1;1;1;1;0;0
19783;11;1;1;0;1;0;0;0;0;1;1;1.6194661855697632;15;-12.980712890625;1.7763671875;-12.980712890625;-0.242919921875;0.14333334565162659;1.2233333587646484;1;1;1;1;0;0;1;1;0;0;1;0;0;1;1;1;1;0;0
19793;11;1;1;0;1;0;0;0;0;1;1;1.5543619394302368;15;-12.979248046875;1.78759765625;-12.979248046875;-0.233154296875;0.14666667580604553;1.2233333587646484;1;1;1;1;0;0;1;1;0;0;1;0;0;1;1;1;1;0;0
19803;11;1;1;0;1;0;0;0;0;1;1;1.4567056894302368;15;-12.977294921875;1.80419921875;-12.977294921875;-0.218505859375;0.15000000596046448;1.2233333587646484;1;1;1;1;0;0;1;1;0;0;1;0;0;1;1;1;1;0;0
19813;11;1;1;0;1;0;0;0;0;1;1;1.3916015625;15;-12.975830078125;1.8154296875;-12.975830078125;-0.208740234375;0.15000000596046448;1.2233333587646484;1;1;1;1;0;0;1;1;0;0;1;0;0;1;1;1;1;0;0
19823;11;1;1;0;1;0;0;0;0;1;1;1.2939453125;15;-12.9736328125;1.832275390625;-12.9736328125;-0.194091796875;0.15333333611488342;1.2233333587646484;1;1;1;1;0;0;1;1;0;0;1;0;0;1;1;1;1;0;0
19834;11;1;1;0;1;0;0;0;0;1;1;1.2386068105697632;15;-12.97216796875;1.842041015625;-12.97216796875;-0.185791015625;0.15333333611488342;1.2200000286102295;1;1;1;1;0;0;1;1;0;0;1;0;0;1;1;1;1;0;0
19843;11;1;1;0;1;0;0;0;0;1;1;1.1409505605697632;15;-12.969970703125;1.85888671875;-12.969970703125;-0.171142578125;0.15666668117046356;1.2200000286102295;1;1;1;1;0;0;1;1;0;0;1;0;0;1;1;1;1;0;0
19853;11;1;1;0;1;0;0;0;0;1;1;1.0660806894302368;15;-12.968505859375;1.87158203125;-12.968505859375;-0.159912109375;0.16000001132488251;1.2233333587646484;1;1;1;1;0;0;1;1;0;0;1;0;0;1;1;1;1;0;0
19863;11;1;1;0;1;0;0;0;0;1;1;0.97981768846511841;15;-12.96630859375;1.88671875;-12.96630859375;-0.14697265625;0.16000001132488251;1.2166666984558105;1;1;1;1;0;0;1;1;0;0;1;0;0;1;1;1;1;0;0
19873;11;1;1;0;1;0;0;0;0;1;1;0.908203125;15;-12.964599609375;1.899169921875;-12.964599609375;-0.13623046875;0.16333334147930145;1.2133333683013916;1;1;1;1;0;0;1;1;0;0;1;0;0;1;1;1;1;0;0
19883;11;1;1;0;1;0;0;0;0;1;1;0.810546875;15;-12.96240234375;1.916015625;-12.96240234375;-0.12158203125;0.1666666716337204;1.2166666984558105;1;1;1;1;0;0;1;1;0;0;1;0;0;1;1;1;1;0;0
19893;11;1;1;0;1;0;0;0;0;1;1;0.74869793653488159;15;-12.960693359375;1.927001953125;-12.960693359375;-0.1123046875;0.17000000178813934;1.2099999189376831;1;1;1;1;0;0;1;1;0;0;1;0;0;1;1;1;1;0;0
19903;11;1;1;0;1;0;0;0;0;1;1;0.654296875;15;-12.958251953125;1.943603515625;-12.958251953125;-0.09814453125;0.17333334684371948;1.2066667079925537;1;1;1;1;0;0;1;1;0;0;1;0;0;1;1;1;1;0;0
19914;11;1;1;0;1;0;0;0;0;1;1;0.59244793653488159;15;-12.95654296875;1.95458984375;-12.95654296875;-0.0888671875;0.17666667699813843;1.2033333778381348;1;1;1;1;0;0;1;1;0;0;1;0;0;1;1;1;1;0;0
19923;11;1;1;0;1;0;0;0;0;1;1;0.51106768846511841;15;-12.953857421875;1.969482421875;-12.953857421875;-0.07666015625;0.18333333730697632;1.2000000476837158;2;2;1;1;0;0;1;1;0;0;1;0;0;1;1;1;1;0;0
19934;11;1;1;0;2;0;0;0;0;1;1;0.439453125;15;-12.9521484375;1.98193359375;-12.9521484375;-0.06591796875;0.18333333730697632;1.2000000476837158;2;2;1;1;0;0;1;1;0;0;1;0;0;1;1;1;1;0;0
19943;11;1;1;0;2;0;0;0;0;1;1;0.3499349057674408;15;-12.949462890625;1.998046875;-12.949462890625;-0.052490234375;0.1900000125169754;1.190000057220459;2;2;1;1;0;0;1;1;0;0;1;0;0;1;1;1;1;0;0
19953;11;1;1;0;2;0;0;0;0;1;1;0.2994791567325592;15;-12.947509765625;2.007568359375;-12.947509765625;-0.044921875;0.19666667282581329;1.1833332777023315;2;2;1;1;0;0;1;1;0;0;1;0;0;1;1;1;1;0;0
19963;11;1;1;0;2;0;0;0;0;1;1;0.2034505158662796;15;-12.944580078125;2.02490234375;-12.944580078125;-0.030517578125;0.20333333313465118;1.1700000762939453;2;2;1;1;0;0;1;1;0;0;1;0;0;1;1;1;1;0;0
19974;11;1;1;0;2;0;0;0;0;1;1;0.146484375;15;-12.942626953125;2.035400390625;-12.942626953125;-0.02197265625;0.20666667819023132;1.1666666269302368;2;2;1;1;0;0;1;1;0;0;1;0;0;1;1;1;1;0;0
19983;11;1;1;0;2;0;0;0;0;1;1;0.0618489570915699;15;-12.939453125;2.05126953125;-12.939453125;-0.00927734375;0.21666666865348816;1.15666663646698;2;2;1;1;0;0;1;1;0;0;1;0;0;1;1;1;1;0;0
19993;11;1;1;0;2;0;0;0;0;1;1;0.0081380205228924751;15;-12.937255859375;2.0615234375;-12.937255859375;-0.001220703125;0.22333334386348724;1.1466667652130127;2;2;1;1;0;0;1;1;0;0;1;0;0;1;1;1;1;0;0
20003;11;1;1;0;2;0;0;0;0;1;1;-0.0651041641831398;15;-12.93408203125;2.07568359375;-12.92431640625;0.009765625;0.23000000417232513;1.1333333253860474;2;2;1;1;0;0;1;1;0;0;1;0;0;1;1;1;1;0;0
20013;11;1;1;0;2;0;0;0;0;1;1;-0.1236979141831398;15;-12.931640625;2.0869140625;-12.9130859375;0.0185546875;0.23666666448116302;1.1200001239776611;2;2;1;1;0;0;1;1;0;0;1;0;0;1;1;1;1;0;0
20023;11;1;1;0;2;0;0;0;0;1;1;-0.1920572966337204;15;-12.92822265625;2.1005859375;-12.8994140625;0.02880859375;0.24666666984558105;1.1066666841506958;2;2;1;1;0;0;1;1;0;0;1;0;0;1;1;1;1;0;0
20034;11;1;1;0;2;0;0;0;0;1;1;-0.2425130158662796;15;-12.92578125;2.110595703125;-12.889404296875;0.036376953125;0.25333333015441895;1.096666693687439;2;2;1;1;0;0;1;1;0;0;1;0;0;1;1;1;1;0;0
20043;11;1;1;0;2;0;0;0;0;1;1;-0.3125;15;-12.921875;2.125;-12.875;0.046875;0.26666668057441711;1.0733333826065063;2;2;1;1;0;0;1;1;0;0;1;0;0;1;1;1;1;0;0
20054;11;1;1;0;2;0;0;0;0;1;1;-0.3662109375;15;-12.919189453125;2.1357421875;-12.8642578125;0.054931640625;0.27000001072883606;1.06333327293396;2;2;1;1;0;0;1;1;0;0;1;0;0;1;1;1;1;0;0
20063;11;1;1;0;2;0;0;0;0;1;1;-0.4345703125;15;-12.915283203125;2.14990234375;-12.85009765625;0.065185546875;0.28333333134651184;1.0400000810623169;2;2;1;1;0;0;1;1;0;0;1;0;0;1;1;1;1;0;0
20073;11;1;1;0;2;0;0;0;0;1;1;-0.4752604067325592;15;-12.912353515625;2.158935546875;-12.841064453125;0.0712890625;0.28999999165534973;1.0299999713897705;2;2;1;1;0;0;1;1;0;0;1;0;0;1;1;1;1;0;0
20083;11;1;1;0;2;0;0;0;0;1;1;-0.53548175096511841;15;-12.907958984375;2.17236328125;-12.82763671875;0.080322265625;0.30000001192092896;1.0066666603088379;2;2;1;1;0;0;1;1;0;0;1;0;0;1;1;1;1;0;0
20093;11;1;1;0;2;0;0;0;0;1;1;-0.56803387403488159;15;-12.905029296875;2.18017578125;-12.81982421875;0.085205078125;0.31000000238418579;0.99000000953674316;2;2;1;1;0;0;1;1;0;0;1;0;0;1;1;1;1;0;0
20104;11;1;1;0;2;0;0;0;0;1;1;-0.63151043653488159;15;-12.900390625;2.1943359375;-12.8056640625;0.0947265625;0.320000022649765;0.97333335876464844;2;2;1;1;0;0;1;1;0;0;1;0;0;1;1;1;1;0;0
20113;11;1;1;0;2;0;0;0;0;1;1;-0.6591796875;15;-12.897216796875;2.20166015625;-12.79833984375;0.098876953125;0.33000001311302185;0.95333331823349;2;2;1;1;0;0;1;1;0;0;1;0;0;1;1;1;1;0;0
20123;11;1;1;0;2;0;0;0;0;1;1;-0.71126300096511841;15;-12.892333984375;2.21435546875;-12.78564453125;0.106689453125;0.34000000357627869;0.93999999761581421;2;2;1;1;0;0;1;1;0;0;1;0;0;1;1;1;1;0;0
20133;11;1;1;0;2;0;0;0;0;1;1;-0.74381512403488159;15;-12.88916015625;2.222412109375;-12.777587890625;0.111572265625;0.34333333373069763;0.92000001668930054;2;2;1;1;0;0;1;1;0;0;1;0;0;1;1;1;1;0;0
20143;11;1;1;0;2;0;0;0;0;1;1;-0.791015625;15;-12.884033203125;2.234619140625;-12.765380859375;0.11865234375;0.35666665434837341;0.90333336591720581;2;2;1;1;0;0;1;1;0;0;1;0;0;1;1;1;1;0;0
20153;11;1;1;0;2;0;0;0;0;1;1;-0.82682293653488159;15;-12.880615234375;2.243408203125;-12.756591796875;0.1240234375;0.36333334445953369;0.88666665554046631;2;2;1;1;0;0;1;1;0;0;1;0;0;1;1;1;1;0;0
20163;11;1;1;0;2;0;0;0;0;1;1;-0.86100262403488159;15;-12.875244140625;2.25390625;-12.74609375;0.129150390625;0.37666666507720947;0.86333334445953369;2;2;1;1;0;0;1;1;0;0;1;0;0;1;1;1;1;0;0
20174;11;1;1;0;2;0;0;0;0;1;1;-0.89518231153488159;15;-12.87158203125;2.2626953125;-12.7373046875;0.13427734375;0.38333332538604736;0.86000001430511475;2;2;1;1;0;0;1;1;0;0;1;0;0;1;1;1;1;0;0
20183;11;1;1;0;2;0;0;0;0;1;1;-0.93098956346511841;15;-12.865966796875;2.273681640625;-12.726318359375;0.1396484375;0.39333334565162659;0.83333331346511841;2;2;1;1;0;0;1;1;0;0;1;0;0;1;1;1;1;0;0
20194;11;1;1;0;2;0;0;0;0;1;1;-0.94889324903488159;15;-12.862060546875;2.2802734375;-12.7197265625;0.142333984375;0.40333333611488342;0.82666671276092529;2;2;1;1;0;0;1;1;0;0;1;0;0;1;1;1;1;0;0
20203;11;1;1;0;2;0;0;0;0;1;1;-0.98307293653488159;15;-12.856201171875;2.291259765625;-12.708740234375;0.1474609375;0.41333335638046265;0.81333333253860474;2;2;1;1;0;0;1;1;0;0;1;0;0;1;1;1;1;0;0
20213;11;1;1;0;2;0;0;0;0;1;1;-1.0107421875;15;-12.852294921875;2.29931640625;-12.70068359375;0.151611328125;0.42000001668930054;0.79666668176651;2;2;1;1;0;0;1;1;0;0;1;0;0;1;1;1;1;0;0
20223;11;1;1;0;2;0;0;0;0;1;1;-1.0416666269302368;15;-12.84619140625;2.31005859375;-12.68994140625;0.15625;0.42666667699813843;0.79000002145767212;2;2;1;1;0;0;1;1;0;0;1;0;0;1;1;1;1;0;0
20233;11;1;1;0;2;0;0;0;0;1;1;-1.0546875;15;-12.842041015625;2.316162109375;-12.683837890625;0.158203125;0.43666666746139526;0.78333336114883423;2;2;1;1;0;0;1;1;0;0;1;0;0;1;1;1;1;0;0
20243;11;1;1;0;2;0;0;0;0;1;1;-1.0872396230697632;15;-12.835693359375;2.327392578125;-12.672607421875;0.1630859375;0.44666668772697449;0.77000004053115845;2;2;1;1;0;0;1;1;0;0;1;0;0;1;1;1;1;0;0
20253;11;1;1;0;2;0;0;0;0;1;1;-1.1002603769302368;15;-12.83154296875;2.33349609375;-12.66650390625;0.1650390625;0.45333334803581238;0.76666665077209473;2;2;1;1;0;0;1;1;0;0;1;0;0;1;1;1;1;0;0
20263;11;1;1;0;2;0;0;0;0;1;1;-1.1311849355697632;15;-12.824951171875;2.3447265625;-12.6552734375;0.169677734375;0.46333333849906921;0.75666671991348267;2;2;1;1;0;0;1;1;0;0;1;0;0;1;1;1;1;0;0
20273;11;1;1;0;2;0;0;0;0;1;1;-1.1474609375;15;-12.820556640625;2.3515625;-12.6484375;0.172119140625;0.4699999988079071;0.75;2;2;1;1;0;0;1;1;0;0;1;0;0;1;1;1;1;0;0
20283;11;1;1;0;2;0;0;0;0;1;1;-1.1653646230697632;15;-12.813720703125;2.361083984375;-12.638916015625;0.1748046875;0.48000001907348633;0.753333330154419;2;2;1;1;0;0;1;1;0;0;1;0;0;1;1;1;1;0;0
20293;11;1;1;0;2;0;0;0;0;1;1;-1.1848958730697632;15;-12.80908203125;2.36865234375;-12.63134765625;0.177734375;0.48999997973442078;0.746666669845581;2;2;1;1;0;0;1;1;0;0;1;0;0;1;1;1;1;0;0
20305;11;1;1;0;2;0;0;0;0;1;1;-1.201171875;15;-12.80224609375;2.3779296875;-12.6220703125;0.18017578125;0.49666669964790344;0.74333339929580688;2;2;1;1;0;0;1;1;0;0;1;0;0;1;1;1;1;0;0
20313;11;1;1;0;2;0;0;0;0;1;1;-1.2141927480697632;15;-12.79736328125;2.384765625;-12.615234375;0.18212890625;0.503333330154419;0.74333339929580688;2;2;1;1;0;0;1;1;0;0;1;0;0;1;1;1;1;0;0
20323;11;1;1;0;2;0;0;0;0;1;1;-1.240234375;15;-12.790283203125;2.395751953125;-12.604248046875;0.18603515625;0.50999999046325684;0.74333339929580688;2;2;1;1;0;0;1;1;0;0;1;0;0;1;1;1;1;0;0
20333;11;1;1;0;2;0;0;0;0;1;1;-1.2483724355697632;15;-12.785400390625;2.40185546875;-12.59814453125;0.187255859375;0.52000004053115845;0.74333339929580688;2;2;1;1;0;0;1;1;0;0;1;0;0;1;1;1;1;0;0
20343;11;1;1;0;2;0;0;0;0;1;1;-1.2727864980697632;15;-12.778076171875;2.412841796875;-12.587158203125;0.19091796875;0.52666670083999634;0.74333339929580688;2;2;1;1;0;0;1;1;0;0;1;0;0;1;1;1;1;0;0
20353;11;1;1;0;2;0;0;0;0;1;1;-1.2841796875;15;-12.77294921875;2.419677734375;-12.580322265625;0.192626953125;0.53333336114883423;0.74333339929580688;2;2;1;1;0;0;1;1;0;0;1;0;0;1;1;1;1;0;0
20363;11;1;1;0;2;0;0;0;0;1;1;-1.3020833730697632;15;-12.765380859375;2.429931640625;-12.570068359375;0.1953125;0.54333335161209106;0.74333339929580688;2;2;1;1;0;0;1;1;0;0;1;0;0;1;1;1;1;0;0
20374;11;1;1;0;2;0;0;0;0;1;1;-1.3151041269302368;15;-12.76025390625;2.43701171875;-12.56298828125;0.197265625;0.550000011920929;0.75;2;2;1;1;0;0;1;1;0;0;1;0;0;1;1;1;1;0;0
20383;11;1;1;0;2;0;0;0;0;1;1;-1.3313802480697632;15;-12.75244140625;2.447265625;-12.552734375;0.19970703125;0.55666667222976685;0.75;2;2;1;1;0;0;1;1;0;0;1;0;0;1;1;1;1;0;0
20393;11;1;1;0;2;0;0;0;0;1;1;-1.3427734375;15;-12.7470703125;2.454345703125;-12.545654296875;0.201416015625;0.56999999284744263;0.753333330154419;2;2;1;1;0;0;1;1;0;0;1;0;0;1;1;1;1;0;0
20403;11;1;1;0;2;0;0;0;0;1;1;-1.3525390625;15;-12.73876953125;2.464111328125;-12.535888671875;0.202880859375;0.58333331346511841;0.76333332061767578;2;2;1;1;0;0;1;1;0;0;1;0;0;1;1;1;1;0;0
20415;11;1;1;0;2;0;0;0;0;1;1;-1.3688150644302368;15;-12.733154296875;2.47216796875;-12.52783203125;0.205322265625;0.59333336353302;0.77000004053115845;2;2;1;1;0;0;1;1;0;0;1;0;0;1;1;1;1;0;0
20423;11;1;1;0;2;0;0;0;0;1;1;-1.3785806894302368;15;-12.724609375;2.482177734375;-12.517822265625;0.206787109375;0.6066666841506958;0.77666670083999634;2;2;1;1;0;0;1;1;0;0;1;0;0;1;1;1;1;0;0
20433;11;1;1;0;2;0;0;0;0;1;1;-1.38671875;15;-12.71875;2.4892578125;-12.5107421875;0.2080078125;0.62000000476837158;0.78333336114883423;2;2;1;1;0;0;1;1;0;0;1;0;0;1;1;1;1;0;0
20443;11;1;1;0;2;0;0;0;0;1;1;-1.4078775644302368;15;-12.709716796875;2.50146484375;-12.49853515625;0.211181640625;0.63666665554046631;0.79333335161209106;2;2;1;1;0;0;1;1;0;0;1;0;0;1;1;1;1;0;0
20453;11;1;1;0;2;0;0;0;0;1;1;-1.416015625;15;-12.70361328125;2.5087890625;-12.4912109375;0.21240234375;0.643333375453949;0.800000011920929;2;2;1;1;0;0;1;1;0;0;1;0;0;1;1;1;1;0;0
20463;11;1;1;0;2;0;0;0;0;1;1;-1.4241536855697632;15;-12.6943359375;2.519287109375;-12.480712890625;0.213623046875;0.65666669607162476;0.81333333253860474;2;2;1;1;0;0;1;1;0;0;1;0;0;1;1;1;1;0;0
20473;11;1;1;0;2;0;0;0;0;1;1;-1.4388021230697632;15;-12.68798828125;2.52783203125;-12.47216796875;0.2158203125;0.67000001668930054;0.81666666269302368;2;2;1;1;0;0;1;1;0;0;1;0;0;1;1;1;1;0;0
20483;11;1;1;0;2;0;0;0;0;1;1;-1.4436849355697632;15;-12.67822265625;2.538330078125;-12.461669921875;0.216552734375;0.68333333730697632;0.82333338260650635;2;2;1;1;0;0;1;1;0;0;1;0;0;1;1;1;1;0;0
20493;11;1;1;0;2;0;0;0;0;1;1;-1.4518228769302368;15;-12.671875;2.5458984375;-12.4541015625;0.2177734375;0.69333338737487793;0.82999998331069946;2;2;1;1;0;0;1;1;0;0;1;0;0;1;1;1;1;0;0
20506;11;1;1;0;2;0;0;0;0;1;1;-1.4632161855697632;15;-12.661865234375;2.5576171875;-12.4423828125;0.219482421875;0.70666670799255371;0.83666670322418213;2;2;1;1;0;0;1;1;0;0;1;0;0;1;1;1;1;0;0
20514;11;1;1;0;2;0;0;0;0;1;1;-1.4697265625;15;-12.655029296875;2.5654296875;-12.4345703125;0.220458984375;0.71666663885116577;0.84333336353302;2;2;1;1;0;0;1;1;0;0;1;0;0;1;1;1;1;0;0
20523;11;1;1;0;2;0;0;0;0;1;1;-1.4860025644302368;15;-12.644775390625;2.578125;-12.421875;0.222900390625;0.72999995946884155;0.85000002384185791;2;2;1;1;0;0;1;1;0;0;1;0;0;1;1;1;1;0;0
20533;11;1;1;0;2;0;0;0;0;1;1;-1.4860025644302368;15;-12.637939453125;2.5849609375;-12.4150390625;0.222900390625;0.74000000953674316;0.85000002384185791;2;2;1;1;0;0;1;1;0;0;1;0;0;1;1;1;1;0;0
20543;11;1;1;0;2;0;0;0;0;1;1;-1.50390625;15;-12.62744140625;2.59814453125;-12.40185546875;0.2255859375;0.753333330154419;0.86333334445953369;2;2;1;1;0;0;1;1;0;0;1;0;0;1;1;1;1;0;0
20553;11;1;1;0;2;0;0;0;0;1;1;-1.5071614980697632;15;-12.6201171875;2.60595703125;-12.39404296875;0.22607421875;0.76000005006790161;0.86333334445953369;2;2;1;1;0;0;1;1;0;0;1;0;0;1;1;1;1;0;0
20563;11;1;1;0;2;0;0;0;0;1;1;-1.5087890625;15;-12.609375;2.616943359375;-12.383056640625;0.226318359375;0.77333337068557739;0.87000000476837158;2;2;1;1;0;0;1;1;0;0;1;0;0;1;1;1;1;0;0
20573;11;1;1;0;2;0;0;0;0;1;1;-1.5218099355697632;15;-12.60205078125;2.626220703125;-12.373779296875;0.228271484375;0.78333336114883423;0.87333333492279053;2;2;1;1;0;0;1;1;0;0;1;0;0;1;1;1;1;0;0
20583;11;1;1;0;2;0;0;0;0;1;1;-1.5201822519302368;15;-12.5908203125;2.63720703125;-12.36279296875;0.22802734375;0.79666668176651;0.87333333492279053;2;2;1;1;0;0;1;1;0;0;1;0;0;1;1;1;1;0;0
20593;11;1;1;0;2;0;0;0;0;1;1;-1.5234375;15;-12.583251953125;2.645263671875;-12.354736328125;0.228515625;0.8033333420753479;0.87666672468185425;2;2;1;1;0;0;1;1;0;0;1;0;0;1;1;1;1;0;0
20605;11;1;1;0;2;0;0;0;0;1;1;-1.5299478769302368;15;-12.572021484375;2.657470703125;-12.342529296875;0.2294921875;0.81666666269302368;0.87666672468185425;2;2;1;1;0;0;1;1;0;0;1;0;0;1;1;1;1;0;0
20613;11;1;1;0;2;0;0;0;0;1;1;-1.5315755605697632;15;-12.564208984375;2.66552734375;-12.33447265625;0.229736328125;0.82333338260650635;0.87999999523162842;2;2;1;1;0;0;1;1;0;0;1;0;0;1;1;1;1;0;0
20623;11;1;1;0;2;0;0;0;0;1;1;-1.5413411855697632;15;-12.552490234375;2.6787109375;-12.3212890625;0.231201171875;0.83666670322418213;0.88333332538604736;2;2;1;1;0;0;1;1;0;0;1;0;0;1;1;1;1;0;0
20635;11;1;1;0;2;0;0;0;0;1;1;-1.54296875;15;-12.544677734375;2.686767578125;-12.313232421875;0.2314453125;0.84333336353302;0.87666672468185425;2;2;1;1;0;0;1;1;0;0;1;0;0;1;1;1;1;0;0
20643;11;1;1;0;2;0;0;0;0;1;1;-1.5445963144302368;15;-12.53271484375;2.698974609375;-12.301025390625;0.231689453125;0.85333335399627686;0.88333332538604736;2;2;1;1;0;0;1;1;0;0;1;0;0;1;1;1;1;0;0
20653;11;1;1;0;2;0;0;0;0;1;1;-1.5445963144302368;15;-12.524658203125;2.70703125;-12.29296875;0.231689453125;0.86000001430511475;0.87999999523162842;2;2;1;1;0;0;1;1;0;0;1;0;0;1;1;1;1;0;0
20674;11;1;1;0;2;0;0;0;0;1;1;-1.54296875;15;-12.50439453125;2.72705078125;-12.27294921875;0.2314453125;0.87999999523162842;0.87999999523162842;2;2;1;1;0;0;1;1;0;0;1;0;0;1;1;1;1;0;0
20683;11;1;1;0;2;0;0;0;0;1;1;-1.5397135019302368;15;-12.491943359375;2.739013671875;-12.260986328125;0.23095703125;0.89000004529953;0.87000000476837158;2;2;1;1;0;0;1;1;0;0;1;0;0;1;1;1;1;0;0
20693;11;1;1;0;2;0;0;0;0;1;1;-1.5380859375;15;-12.483642578125;2.7470703125;-12.2529296875;0.230712890625;0.89666664600372314;0.87333333492279053;2;2;1;1;0;0;1;1;0;0;1;0;0;1;1;1;1;0;0
20705;11;1;1;0;2;0;0;0;0;1;1;-1.5266927480697632;15;-12.47119140625;2.7578125;-12.2421875;0.22900390625;0.90333336591720581;0.86333334445953369;2;2;1;1;0;0;1;1;0;0;1;0;0;1;1;1;1;0;0
20713;11;1;1;0;2;0;0;0;0;1;1;-1.5283203125;15;-12.462646484375;2.7666015625;-12.2333984375;0.229248046875;0.91333329677581787;0.86000001430511475;2;2;1;1;0;0;1;1;0;0;1;0;0;1;1;1;1;0;0
20723;11;1;1;0;2;0;0;0;0;1;1;-1.5201822519302368;15;-12.44970703125;2.7783203125;-12.2216796875;0.22802734375;0.92000001668930054;0.86000001430511475;2;2;1;1;0;0;1;1;0;0;1;0;0;1;1;1;1;0;0
20734;11;1;1;0;2;0;0;0;0;1;1;-1.5152994394302368;15;-12.441162109375;2.7861328125;-12.2138671875;0.227294921875;0.92666667699813843;0.85000002384185791;2;2;1;1;0;0;1;1;0;0;1;0;0;1;1;1;1;0;0
20743;11;1;1;0;2;0;0;0;0;1;1;-1.5071614980697632;15;-12.42822265625;2.7978515625;-12.2021484375;0.22607421875;0.93666666746139526;0.85333335399627686;2;2;1;1;0;0;1;1;0;0;1;0;0;1;1;1;1;0;0
20753;11;1;1;0;2;0;0;0;0;1;1;-1.4990234375;15;-12.41943359375;2.805419921875;-12.194580078125;0.224853515625;0.93999999761581421;0.84333336353302;2;2;1;1;0;0;1;1;0;0;1;0;0;1;1;1;1;0;0
20764;11;1;1;0;2;0;0;0;0;1;1;-1.4860025644302368;15;-12.40625;2.816650390625;-12.183349609375;0.222900390625;0.95333331823349;0.83666670322418213;2;2;1;1;0;0;1;1;0;0;1;0;0;1;1;1;1;0;0
20776;11;1;1;0;2;0;0;0;0;1;1;-1.4762369394302368;15;-12.397216796875;2.82421875;-12.17578125;0.221435546875;0.95666670799255371;0.83333331346511841;2;2;1;1;0;0;1;1;0;0;1;0;0;1;1;1;1;0;0
20783;11;1;1;0;2;0;0;0;0;1;1;-1.4615885019302368;15;-12.3837890625;2.83544921875;-12.16455078125;0.21923828125;0.96666663885116577;0.81999999284744263;2;2;1;1;0;0;1;1;0;0;1;0;0;1;1;1;1;0;0
20793;11;1;1;0;2;0;0;0;0;1;1;-1.4518228769302368;15;-12.374755859375;2.843017578125;-12.156982421875;0.2177734375;0.97333335876464844;0.82333338260650635;2;2;1;1;0;0;1;1;0;0;1;0;0;1;1;1;1;0;0
20803;11;1;1;0;2;0;0;0;0;1;1;-1.435546875;15;-12.361328125;2.85400390625;-12.14599609375;0.21533203125;0.97999995946884155;0.81000006198883057;2;2;1;1;0;0;1;1;0;0;1;0;0;1;1;1;1;0;0
20813;11;1;1;0;2;0;0;0;0;1;1;-1.416015625;15;-12.35205078125;2.8603515625;-12.1396484375;0.21240234375;0.98666667938232422;0.80666667222976685;2;2;1;1;0;0;1;1;0;0;1;0;0;1;1;1;1;0;0
20823;11;1;1;0;2;0;0;0;0;1;1;-1.4046224355697632;15;-12.33837890625;2.872314453125;-12.127685546875;0.210693359375;0.99333339929580688;0.8033333420753479;2;2;1;1;0;0;1;1;0;0;1;0;0;1;1;1;1;0;0
20834;11;1;1;0;2;0;0;0;0;1;1;-1.3850911855697632;15;-12.3291015625;2.878662109375;-12.121337890625;0.207763671875;0.996666669845581;0.79666668176651;2;2;1;1;0;0;1;1;0;0;1;0;0;1;1;1;1;0;0
20843;11;1;1;0;2;0;0;0;0;1;1;-1.3639322519302368;15;-12.315185546875;2.889404296875;-12.110595703125;0.20458984375;1.0066666603088379;0.79000002145767212;2;2;1;1;0;0;1;1;0;0;1;0;0;1;1;1;1;0;0
20853;11;1;1;0;2;0;0;0;0;1;1;-1.3557943105697632;15;-12.305908203125;2.8974609375;-12.1025390625;0.203369140625;1.0099999904632568;0.78666669130325317;2;2;1;1;0;0;1;1;0;0;1;0;0;1;1;1;1;0;0
20864;11;1;1;0;2;0;0;0;0;1;1;-1.3264974355697632;15;-12.291748046875;2.9072265625;-12.0927734375;0.198974609375;1.0166666507720947;0.78333336114883423;2;2;1;1;0;0;1;1;0;0;1;0;0;1;1;1;1;0;0
20874;11;1;1;0;2;0;0;0;0;1;1;-1.3167318105697632;15;-12.2822265625;2.915283203125;-12.084716796875;0.197509765625;1.0233333110809326;0.77666670083999634;2;2;1;1;0;0;1;1;0;0;1;0;0;1;1;1;1;0;0
20883;11;1;1;0;2;0;0;0;0;1;1;-1.2874349355697632;15;-12.26806640625;2.925048828125;-12.074951171875;0.193115234375;1.0299999713897705;0.77666670083999634;2;2;1;1;0;0;1;1;0;0;1;0;0;1;1;1;1;0;0
20893;11;1;1;0;2;0;0;0;0;1;1;-1.26953125;15;-12.258544921875;2.931884765625;-12.068115234375;0.1904296875;1.0333333015441895;0.77000004053115845;2;2;1;1;0;0;1;1;0;0;1;0;0;1;1;1;1;0;0
20905;11;1;1;0;2;0;0;0;0;1;1;-1.2434896230697632;15;-12.244140625;2.9423828125;-12.0576171875;0.1865234375;1.0400000810623169;0.76666665077209473;2;2;1;1;0;0;1;1;0;0;1;0;0;1;1;1;1;0;0
20913;11;1;1;0;2;0;0;0;0;1;1;-1.2320963144302368;15;-12.234375;2.950439453125;-12.049560546875;0.184814453125;1.0433334112167358;0.77333337068557739;2;2;1;1;0;0;1;1;0;0;1;0;0;1;1;1;1;0;0
20923;11;1;1;0;2;0;0;0;0;1;1;-1.2060546875;15;-12.219970703125;2.9609375;-12.0390625;0.180908203125;1.0499999523162842;0.76333332061767578;2;2;1;1;0;0;1;1;0;0;1;0;0;1;1;1;1;0;0
20934;11;1;1;0;2;0;0;0;0;1;1;-1.1881510019302368;15;-12.210205078125;2.968017578125;-12.031982421875;0.17822265625;1.0533334016799927;0.77000004053115845;2;2;1;1;0;0;1;1;0;0;1;0;0;1;1;1;1;0;0
20943;11;1;1;0;2;0;0;0;0;1;1;-1.1539713144302368;15;-12.1953125;2.977783203125;-12.022216796875;0.173095703125;1.06333327293396;0.77000004053115845;2;2;1;1;0;0;1;1;0;0;1;0;0;1;1;1;1;0;0
20953;11;1;1;0;2;0;0;0;0;1;1;-1.1344400644302368;15;-12.185546875;2.984619140625;-12.015380859375;0.170166015625;1.06333327293396;0.76333332061767578;2;2;1;1;0;0;1;1;0;0;1;0;0;1;1;1;1;0;0
20964;11;1;1;0;2;0;0;0;0;1;1;-1.1083984375;15;-12.1708984375;2.995361328125;-12.004638671875;0.166259765625;1.0700000524520874;0.77000004053115845;2;2;1;1;0;0;1;1;0;0;1;0;0;1;1;1;1;0;0
20975;11;1;1;0;2;0;0;0;0;1;1;-1.0888671875;15;-12.160888671875;3.00244140625;-11.99755859375;0.163330078125;1.0733333826065063;0.77333337068557739;2;2;1;1;0;0;1;1;0;0;1;0;0;1;1;1;1;0;0
20983;11;1;1;0;2;0;0;0;0;1;1;-1.0611978769302368;15;-12.14599609375;3.01318359375;-11.98681640625;0.1591796875;1.0833333730697632;0.77333337068557739;2;2;1;1;0;0;1;1;0;0;1;0;0;1;1;1;1;0;0
20993;11;1;1;0;2;0;0;0;0;1;1;-1.0465494394302368;15;-12.135986328125;3.02099609375;-11.97900390625;0.156982421875;1.0833333730697632;0.77333337068557739;2;2;1;1;0;0;1;1;0;0;1;0;0;1;1;1;1;0;0
21003;11;1;1;0;2;0;0;0;0;1;1;-1.0188802480697632;15;-12.120849609375;3.031982421875;-11.968017578125;0.15283203125;1.0900000333786011;0.77666670083999634;2;2;1;1;0;0;1;1;0;0;1;0;0;1;1;1;1;0;0
21013;11;1;1;0;2;0;0;0;0;1;1;-0.99934893846511841;15;-12.11083984375;3.0390625;-11.9609375;0.14990234375;1.09333336353302;0.77666670083999634;2;2;1;1;0;0;1;1;0;0;1;0;0;1;1;1;1;0;0
21023;11;1;1;0;2;0;0;0;0;1;1;-0.96354168653488159;15;-12.095458984375;3.049072265625;-11.950927734375;0.14453125;1.1000000238418579;0.78333336114883423;2;2;1;1;0;0;1;1;0;0;1;0;0;1;1;1;1;0;0
21035;11;1;1;0;2;0;0;0;0;1;1;-0.94563800096511841;15;-12.08544921875;3.056396484375;-11.943603515625;0.141845703125;1.1033333539962769;0.78666669130325317;2;2;1;1;0;0;1;1;0;0;1;0;0;1;1;1;1;0;0
21043;11;1;1;0;2;0;0;0;0;1;1;-0.92122393846511841;15;-12.070068359375;3.068115234375;-11.931884765625;0.13818359375;1.1066666841506958;0.79000002145767212;2;2;1;1;0;0;1;1;0;0;1;0;0;1;1;1;1;0;0
21053;11;1;1;0;2;0;0;0;0;1;1;-0.89518231153488159;15;-12.059814453125;3.074462890625;-11.925537109375;0.13427734375;1.1100000143051147;0.79333335161209106;2;2;1;1;0;0;1;1;0;0;1;0;0;1;1;1;1;0;0
21073;11;1;1;0;2;0;0;0;0;1;1;-0.8544921875;15;-12.0341796875;3.093994140625;-11.906005859375;0.128173828125;1.1200001239776611;0.800000011920929;2;2;1;1;0;0;1;1;0;0;1;0;0;1;1;1;1;0;0
21083;11;1;1;0;2;0;0;0;0;1;1;-0.8251953125;15;-12.0185546875;3.105224609375;-11.894775390625;0.123779296875;1.1233333349227905;0.80666667222976685;2;2;1;1;0;0;1;1;0;0;1;0;0;1;1;1;1;0;0
21093;11;1;1;0;2;0;0;0;0;1;1;-0.80403643846511841;15;-12.008056640625;3.112548828125;-11.887451171875;0.12060546875;1.1299999952316284;0.81000006198883057;2;2;1;1;0;0;1;1;0;0;1;0;0;1;1;1;1;0;0
21103;11;1;1;0;2;0;0;0;0;1;1;-0.771484375;15;-11.99267578125;3.123046875;-11.876953125;0.11572265625;1.1299999952316284;0.81666666269302368;2;2;1;1;0;0;1;1;0;0;1;0;0;1;1;1;1;0;0
21113;11;1;1;0;2;0;0;0;0;1;1;-0.75846356153488159;15;-11.982177734375;3.131591796875;-11.868408203125;0.11376953125;1.1299999952316284;0.81999999284744263;2;2;1;1;0;0;1;1;0;0;1;0;0;1;1;1;1;0;0
21123;11;1;1;0;2;0;0;0;0;1;1;-0.72102862596511841;15;-11.96630859375;3.141845703125;-11.858154296875;0.108154296875;1.1399999856948853;0.81666666269302368;2;2;1;1;0;0;1;1;0;0;1;0;0;1;1;1;1;0;0
21134;11;1;1;0;2;0;0;0;0;1;1;-0.70149737596511841;15;-11.955810546875;3.1494140625;-11.8505859375;0.105224609375;1.1433333158493042;0.82333338260650635;2;2;1;1;0;0;1;1;0;0;1;0;0;1;1;1;1;0;0
21143;11;1;1;0;2;0;0;0;0;1;1;-0.68033856153488159;15;-11.940185546875;3.161865234375;-11.838134765625;0.10205078125;1.1466667652130127;0.82999998331069946;2;2;1;1;0;0;1;1;0;0;1;0;0;1;1;1;1;0;0
21153;11;1;1;0;2;0;0;0;0;1;1;-0.66080731153488159;15;-11.929443359375;3.169677734375;-11.830322265625;0.09912109375;1.1499999761581421;0.83333331346511841;2;2;1;1;0;0;1;1;0;0;1;0;0;1;1;1;1;0;0
21164;11;1;1;0;2;0;0;0;0;1;1;-0.62662762403488159;15;-11.91357421875;3.180419921875;-11.819580078125;0.093994140625;1.1499999761581421;0.84000003337860107;2;2;1;1;0;0;1;1;0;0;1;0;0;1;1;1;1;0;0
21174;11;1;1;0;2;0;0;0;0;1;1;-0.61197918653488159;15;-11.90283203125;3.18896484375;-11.81103515625;0.091796875;1.15666663646698;0.83666670322418213;2;2;1;1;0;0;1;1;0;0;1;0;0;1;1;1;1;0;0
21184;11;1;1;0;2;0;0;0;0;1;1;-0.57779949903488159;15;-11.886962890625;3.19970703125;-11.80029296875;0.086669921875;1.1599999666213989;0.84000003337860107;2;2;1;1;0;0;1;1;0;0;1;0;0;1;1;1;1;0;0
21193;11;1;1;0;2;0;0;0;0;1;1;-0.56477862596511841;15;-11.876220703125;3.20849609375;-11.79150390625;0.084716796875;1.1599999666213989;0.84333336353302;2;2;1;1;0;0;1;1;0;0;1;0;0;1;1;1;1;0;0
21203;11;1;1;0;2;0;0;0;0;1;1;-0.53385418653488159;15;-11.860107421875;3.219970703125;-11.780029296875;0.080078125;1.1633334159851074;0.84333336353302;2;2;1;1;0;0;1;1;0;0;1;0;0;1;1;1;1;0;0
21213;11;1;1;0;2;0;0;0;0;1;1;-0.51595050096511841;15;-11.849365234375;3.22802734375;-11.77197265625;0.077392578125;1.1700000762939453;0.85000002384185791;2;2;1;1;0;0;1;1;0;0;1;0;0;1;1;1;1;0;0
21223;11;1;1;0;2;0;0;0;0;1;1;-0.4866536557674408;15;-11.833251953125;3.23974609375;-11.76025390625;0.072998046875;1.1733334064483643;0.85000002384185791;2;2;1;1;0;0;1;1;0;0;1;0;0;1;1;1;1;0;0
21234;11;1;1;0;2;0;0;0;0;1;1;-0.4671224057674408;15;-11.822509765625;3.24755859375;-11.75244140625;0.070068359375;1.1766666173934937;0.85333335399627686;2;2;1;1;0;0;1;1;0;0;1;0;0;1;1;1;1;0;0
21243;11;1;1;0;2;0;0;0;0;1;1;-0.4296875;15;-11.80615234375;3.25830078125;-11.74169921875;0.064453125;1.1766666173934937;0.8566666841506958;2;2;1;1;0;0;1;1;0;0;1;0;0;1;1;1;1;0;0
21253;11;1;1;0;2;0;0;0;0;1;1;-0.4166666567325592;15;-11.79541015625;3.26708984375;-11.73291015625;0.0625;1.1766666173934937;0.85000002384185791;2;2;1;1;0;0;1;1;0;0;1;0;0;1;1;1;1;0;0
21266;11;1;1;0;2;0;0;0;0;1;1;-0.3792317807674408;15;-11.779052734375;3.27783203125;-11.72216796875;0.056884765625;1.1833332777023315;0.8566666841506958;2;2;1;1;0;0;1;1;0;0;1;0;0;1;1;1;1;0;0
21275;11;1;1;0;2;0;0;0;0;1;1;-0.3678385317325592;15;-11.768310546875;3.286865234375;-11.713134765625;0.05517578125;1.1833332777023315;0.8566666841506958;2;2;1;1;0;0;1;1;0;0;1;0;0;1;1;1;1;0;0
21283;11;1;1;0;2;0;0;0;0;1;1;-0.3352864682674408;15;-11.751953125;3.29833984375;-11.70166015625;0.05029296875;1.190000057220459;0.85333335399627686;2;2;1;1;0;0;1;1;0;0;1;0;0;1;1;1;1;0;0
21293;11;1;1;0;2;0;0;0;0;1;1;-0.3141275942325592;15;-11.740966796875;3.30615234375;-11.69384765625;0.047119140625;1.190000057220459;0.85333335399627686;2;2;1;1;0;0;1;1;0;0;1;0;0;1;1;1;1;0;0
21303;11;1;1;0;2;0;0;0;0;1;1;-0.283203125;15;-11.724609375;3.31787109375;-11.68212890625;0.04248046875;1.190000057220459;0.84666663408279419;2;2;1;1;0;0;1;1;0;0;1;0;0;1;1;1;1;0;0
21313;11;1;1;0;2;0;0;0;0;1;1;-0.2620442807674408;15;-11.713623046875;3.32568359375;-11.67431640625;0.039306640625;1.1933332681655884;0.85333335399627686;2;2;1;1;0;0;1;1;0;0;1;0;0;1;1;1;1;0;0
21323;11;1;1;0;2;0;0;0;0;1;1;-0.224609375;15;-11.697265625;3.33642578125;-11.66357421875;0.03369140625;1.1933332681655884;0.85000002384185791;2;2;1;1;0;0;1;1;0;0;1;0;0;1;1;1;1;0;0
21334;11;1;1;0;2;0;0;0;0;1;1;-0.2034505158662796;15;-11.686279296875;3.34423828125;-11.65576171875;0.030517578125;1.1966667175292969;0.84666663408279419;2;2;1;1;0;0;1;1;0;0;1;0;0;1;1;1;1;0;0
21343;11;1;1;0;2;0;0;0;0;1;1;-0.1774088591337204;15;-11.669677734375;3.35693359375;-11.64306640625;0.026611328125;1.1966667175292969;0.84666663408279419;2;2;1;1;0;0;1;1;0;0;1;0;0;1;1;1;1;0;0
21353;11;1;1;0;2;0;0;0;0;1;1;-0.1481119841337204;15;-11.65869140625;3.363525390625;-11.636474609375;0.022216796875;1.1966667175292969;0.84000003337860107;2;2;1;1;0;0;1;1;0;0;1;0;0;1;1;1;1;0;0
21363;11;1;1;0;2;0;0;0;0;1;1;-0.1220703125;15;-11.642333984375;3.3759765625;-11.6240234375;0.018310546875;1.2000000476837158;0.84000003337860107;2;2;1;1;0;0;1;1;0;0;1;0;0;1;1;1;1;0;0
21373;11;1;1;0;2;0;0;0;0;1;1;-0.1009114608168602;15;-11.63134765625;3.3837890625;-11.6162109375;0.01513671875;1.1966667175292969;0.84333336353302;2;2;1;1;0;0;1;1;0;0;1;0;0;1;1;1;1;0;0
21383;11;1;1;0;2;0;0;0;0;1;1;-0.0667317733168602;15;-11.61474609375;3.395263671875;-11.604736328125;0.010009765625;1.2000000476837158;0.84000003337860107;2;2;1;1;0;0;1;1;0;0;1;0;0;1;1;1;1;0;0
21394;11;1;1;0;2;0;0;0;0;1;1;-0.0390625;15;-11.603759765625;3.402099609375;-11.597900390625;0.005859375;1.2000000476837158;0.84333336353302;2;2;1;1;0;0;1;1;0;0;1;0;0;1;1;1;1;0;0
21403;11;1;1;0;2;0;0;0;0;1;1;-0.011393229477107525;15;-11.58740234375;3.414306640625;-11.585693359375;0.001708984375;1.2000000476837158;0.83333331346511841;2;2;1;1;0;0;1;1;0;0;1;0;0;1;1;1;1;0;0
21413;11;1;1;0;2;0;0;0;0;1;1;0.01790364645421505;15;-11.576416015625;3.4208984375;-11.576416015625;-0.002685546875;1.1966667175292969;0.82999998331069946;2;2;1;1;0;0;1;1;0;0;1;0;0;1;1;1;1;0;0
21423;11;1;1;0;2;0;0;0;0;1;1;0.048828125;15;-11.56005859375;3.4326171875;-11.56005859375;-0.00732421875;1.1966667175292969;0.83666670322418213;2;2;1;1;0;0;1;1;0;0;1;0;0;1;1;1;1;0;0
21435;11;1;1;0;2;0;0;0;0;1;1;0.0716145858168602;15;-11.549072265625;3.440185546875;-11.549072265625;-0.0107421875;1.1966667175292969;0.83333331346511841;2;2;1;1;0;0;1;1;0;0;1;0;0;1;1;1;1;0;0
21443;11;1;1;0;2;0;0;0;0;1;1;0.09765625;15;-11.53271484375;3.45263671875;-11.53271484375;-0.0146484375;1.1933332681655884;0.83666670322418213;2;2;1;1;0;0;1;1;0;0;1;0;0;1;1;1;1;0;0
21453;11;1;1;0;2;0;0;0;0;1;1;0.126953125;15;-11.521728515625;3.459228515625;-11.521728515625;-0.01904296875;1.190000057220459;0.83333331346511841;2;2;1;1;0;0;1;1;0;0;1;0;0;1;1;1;1;0;0
21463;11;1;1;0;2;0;0;0;0;1;1;0.1595052033662796;15;-11.50537109375;3.470703125;-11.50537109375;-0.02392578125;1.190000057220459;0.82999998331069946;2;2;1;1;0;0;1;1;0;0;1;0;0;1;1;1;1;0;0
21473;11;1;1;0;2;0;0;0;0;1;1;0.1725260466337204;15;-11.49462890625;3.4794921875;-11.49462890625;-0.02587890625;1.18666672706604;0.83666670322418213;2;2;1;1;0;0;1;1;0;0;1;0;0;1;1;1;1;0;0
21483;11;1;1;0;2;0;0;0;0;1;1;0.205078125;15;-11.478515625;3.49072265625;-11.478515625;-0.03076171875;1.1800000667572021;0.83333331346511841;2;2;1;1;0;0;1;1;0;0;1;0;0;1;1;1;1;0;0
21493;11;1;1;0;2;0;0;0;0;1;1;0.224609375;15;-11.4677734375;3.49853515625;-11.4677734375;-0.03369140625;1.1766666173934937;0.83333331346511841;2;2;1;1;0;0;1;1;0;0;1;0;0;1;1;1;1;0;0
21503;11;1;1;0;2;0;0;0;0;1;1;0.2620442807674408;15;-11.45166015625;3.509033203125;-11.45166015625;-0.039306640625;1.1733334064483643;0.83666670322418213;2;2;1;1;0;0;1;1;0;0;1;0;0;1;1;1;1;0;0
21513;11;1;1;0;2;0;0;0;0;1;1;0.2815755307674408;15;-11.441162109375;3.5166015625;-11.441162109375;-0.042236328125;1.1700000762939453;0.83333331346511841;2;2;1;1;0;0;1;1;0;0;1;0;0;1;1;1;1;0;0
21523;11;1;1;0;2;0;0;0;0;1;1;0.3108724057674408;15;-11.425048828125;3.5283203125;-11.425048828125;-0.046630859375;1.1666666269302368;0.84000003337860107;2;2;1;1;0;0;1;1;0;0;1;0;0;1;1;1;1;0;0
21534;11;1;1;0;2;0;0;0;0;1;1;0.3287760317325592;15;-11.41455078125;3.5361328125;-11.41455078125;-0.04931640625;1.1599999666213989;0.84666663408279419;2;2;1;1;0;0;1;1;0;0;1;0;0;1;1;1;1;0;0
21543;11;1;1;0;2;0;0;0;0;1;1;0.3499349057674408;15;-11.398681640625;3.548828125;-11.398681640625;-0.052490234375;1.15666663646698;0.84333336353302;2;2;1;1;0;0;1;1;0;0;1;0;0;1;1;1;1;0;0
21554;11;1;1;0;2;0;0;0;0;1;1;0.3727213442325592;15;-11.388427734375;3.5556640625;-11.388427734375;-0.055908203125;1.1533334255218506;0.85000002384185791;2;2;1;1;0;0;1;1;0;0;1;0;0;1;1;1;1;0;0
21563;11;1;1;0;2;0;0;0;0;1;1;0.3922525942325592;15;-11.37255859375;3.568603515625;-11.37255859375;-0.058837890625;1.1499999761581421;0.85333335399627686;2;2;1;1;0;0;1;1;0;0;1;0;0;1;1;1;1;0;0
21573;11;1;1;0;2;0;0;0;0;1;1;0.4085286557674408;15;-11.3623046875;3.576416015625;-11.3623046875;-0.061279296875;1.1433333158493042;0.8566666841506958;2;2;1;1;0;0;1;1;0;0;1;0;0;1;1;1;1;0;0
21583;11;1;1;0;2;0;0;0;0;1;1;0.4329427182674408;15;-11.3466796875;3.58837890625;-11.3466796875;-0.06494140625;1.1366667747497559;0.86666667461395264;2;2;1;1;0;0;1;1;0;0;1;0;0;1;1;1;1;0;0
21594;11;1;1;0;2;0;0;0;0;1;1;0.4475911557674408;15;-11.33642578125;3.596435546875;-11.33642578125;-0.067138671875;1.1333333253860474;0.86666667461395264;2;2;1;1;0;0;1;1;0;0;1;0;0;1;1;1;1;0;0
21603;11;1;1;0;2;0;0;0;0;1;1;0.4703775942325592;15;-11.32080078125;3.608642578125;-11.32080078125;-0.070556640625;1.1299999952316284;0.87666672468185425;2;2;1;1;0;0;1;1;0;0;1;0;0;1;1;1;1;0;0
21613;11;1;1;0;2;0;0;0;0;1;1;0.4915364682674408;15;-11.310546875;3.61572265625;-11.310546875;-0.07373046875;1.1266666650772095;0.87999999523162842;2;2;1;1;0;0;1;1;0;0;1;0;0;1;1;1;1;0;0
21623;11;1;1;0;2;0;0;0;0;1;1;0.51106768846511841;15;-11.29541015625;3.6279296875;-11.29541015625;-0.07666015625;1.1233333349227905;0.88333332538604736;2;2;1;1;0;0;1;1;0;0;1;0;0;1;1;1;1;0;0
21634;11;1;1;0;2;0;0;0;0;1;1;0.517578125;15;-11.28515625;3.63720703125;-11.28515625;-0.07763671875;1.1200001239776611;0.89000004529953;2;2;1;1;0;0;1;1;0;0;1;0;0;1;1;1;1;0;0
21643;11;1;1;0;2;0;0;0;0;1;1;0.54361981153488159;15;-11.269775390625;3.648681640625;-11.269775390625;-0.08154296875;1.1133333444595337;0.89666664600372314;2;2;1;1;0;0;1;1;0;0;1;0;0;1;1;1;1;0;0
21653;11;1;1;0;2;0;0;0;0;1;1;0.546875;15;-11.259765625;3.658203125;-11.259765625;-0.08203125;1.1133333444595337;0.90333336591720581;2;2;1;1;0;0;1;1;0;0;1;0;0;1;1;1;1;0;0
21663;11;1;1;0;2;0;0;0;0;1;1;0.56477862596511841;15;-11.24462890625;3.670654296875;-11.24462890625;-0.084716796875;1.1100000143051147;0.9100000262260437;2;2;1;1;0;0;1;1;0;0;1;0;0;1;1;1;1;0;0
21673;11;1;1;0;2;0;0;0;0;1;1;0.576171875;15;-11.234375;3.67919921875;-11.234375;-0.08642578125;1.1066666841506958;0.91333329677581787;2;2;1;1;0;0;1;1;0;0;1;0;0;1;1;1;1;0;0
21683;11;1;1;0;2;0;0;0;0;1;1;0.59244793653488159;15;-11.21923828125;3.69189453125;-11.21923828125;-0.0888671875;1.1033333539962769;0.92000001668930054;2;2;1;1;0;0;1;1;0;0;1;0;0;1;1;1;1;0;0
21693;11;1;1;0;2;0;0;0;0;1;1;0.6005859375;15;-11.209228515625;3.70068359375;-11.209228515625;-0.090087890625;1.1033333539962769;0.92666667699813843;2;2;1;1;0;0;1;1;0;0;1;0;0;1;1;1;1;0;0
21703;11;1;1;0;2;0;0;0;0;1;1;0.615234375;15;-11.194091796875;3.713623046875;-11.194091796875;-0.09228515625;1.1000000238418579;0.93666666746139526;2;2;1;1;0;0;1;1;0;0;1;0;0;1;1;1;1;0;0
21714;11;1;1;0;2;0;0;0;0;1;1;0.625;15;-11.18408203125;3.72216796875;-11.18408203125;-0.09375;1.096666693687439;0.93999999761581421;2;2;1;1;0;0;1;1;0;0;1;0;0;1;1;1;1;0;0
21723;11;1;1;0;2;0;0;0;0;1;1;0.63639324903488159;15;-11.169189453125;3.7353515625;-11.169189453125;-0.095458984375;1.096666693687439;0.9466666579246521;2;2;1;1;0;0;1;1;0;0;1;0;0;1;1;1;1;0;0
21734;11;1;1;0;2;0;0;0;0;1;1;0.64615887403488159;15;-11.158935546875;3.744140625;-11.158935546875;-0.096923828125;1.096666693687439;0.949999988079071;2;2;1;1;0;0;1;1;0;0;1;0;0;1;1;1;1;0;0
21743;11;1;1;0;2;0;0;0;0;1;1;0.65592449903488159;15;-11.14404296875;3.757568359375;-11.14404296875;-0.098388671875;1.09333336353302;0.95666670799255371;2;2;1;1;0;0;1;1;0;0;1;0;0;1;1;1;1;0;0
21753;11;1;1;0;2;0;0;0;0;1;1;0.67057293653488159;15;-11.134033203125;3.765380859375;-11.134033203125;-0.1005859375;1.0900000333786011;0.96333330869674683;2;2;1;1;0;0;1;1;0;0;1;0;0;1;1;1;1;0;0
21764;11;1;1;0;2;0;0;0;0;1;1;0.673828125;15;-11.119140625;3.77978515625;-11.119140625;-0.10107421875;1.0900000333786011;0.97000002861022949;2;2;1;1;0;0;1;1;0;0;1;0;0;1;1;1;1;0;0
21774;11;1;1;0;2;0;0;0;0;1;1;0.68684893846511841;15;-11.109130859375;3.787841796875;-11.109130859375;-0.10302734375;1.0900000333786011;0.97666668891906738;2;2;1;1;0;0;1;1;0;0;1;0;0;1;1;1;1;0;0
21783;11;1;1;0;2;0;0;0;0;1;1;0.6884765625;15;-11.09423828125;3.802490234375;-11.09423828125;-0.103271484375;1.0866667032241821;0.97999995946884155;2;2;1;1;0;0;1;1;0;0;1;0;0;1;1;1;1;0;0
21793;11;1;1;0;2;0;0;0;0;1;1;0.693359375;15;-11.08447265625;3.8115234375;-11.08447265625;-0.10400390625;1.0833333730697632;0.98666667938232422;2;2;1;1;0;0;1;1;0;0;1;0;0;1;1;1;1;0;0
21803;11;1;1;0;2;0;0;0;0;1;1;0.69986981153488159;15;-11.069580078125;3.825439453125;-11.069580078125;-0.10498046875;1.0833333730697632;0.99000000953674316;2;2;1;1;0;0;1;1;0;0;1;0;0;1;1;1;1;0;0
21813;11;1;1;0;2;0;0;0;0;1;1;0.703125;15;-11.059814453125;3.834716796875;-11.059814453125;-0.10546875;1.0800000429153442;0.996666669845581;2;2;1;1;0;0;1;1;0;0;1;0;0;1;1;1;1;0;0
21823;11;1;1;0;2;0;0;0;0;1;1;0.70963543653488159;15;-11.044921875;3.8486328125;-11.044921875;-0.1064453125;1.0766665935516357;1.0033333301544189;2;2;1;1;0;0;1;1;0;0;1;0;0;1;1;1;1;0;0
21834;11;1;1;0;2;0;0;0;0;1;1;0.712890625;15;-11.03515625;3.85791015625;-11.03515625;-0.10693359375;1.0766665935516357;1.0066666603088379;2;2;1;1;0;0;1;1;0;0;1;0;0;1;1;1;1;0;0
21843;11;1;1;0;2;0;0;0;0;1;1;0.72591143846511841;15;-11.0205078125;3.87060546875;-11.0205078125;-0.10888671875;1.0733333826065063;1.0133333206176758;2;2;1;1;0;0;1;1;0;0;1;0;0;1;1;1;1;0;0
21853;12;1;1;0;2;0;0;0;0;1;1;0.71940106153488159;15;-11.0107421875;3.88134765625;-11.0107421875;-0.10791015625;1.0700000524520874;1.0199999809265137;2;2;1;1;0;0;1;1;0;0;1;0;0;1;1;1;1;0;0
21863;12;1;1;0;2;0;0;0;0;1;1;0.72265625;15;-10.99609375;3.8955078125;-10.99609375;-0.1083984375;1.0666667222976685;1.0233333110809326;2;2;1;1;0;0;1;1;0;0;1;0;0;1;1;1;1;0;0
21873;12;1;1;0;2;0;0;0;0;1;1;0.72428387403488159;15;-10.986328125;3.905029296875;-10.986328125;-0.108642578125;1.06333327293396;1.0266667604446411;2;2;1;1;0;0;1;1;0;0;1;0;0;1;1;1;1;0;0
21883;12;1;1;0;2;0;0;0;0;1;1;0.72591143846511841;15;-10.971923828125;3.919189453125;-10.971923828125;-0.10888671875;1.0600000619888306;1.0333333015441895;2;2;1;1;0;0;1;1;0;0;1;0;0;1;1;1;1;0;0
21893;12;1;1;0;2;0;0;0;0;1;1;0.7275390625;15;-10.962158203125;3.9287109375;-10.962158203125;-0.109130859375;1.0600000619888306;1.0366666316986084;2;2;1;1;0;0;1;1;0;0;1;0;0;1;1;1;1;0;0
21903;12;1;1;0;2;0;0;0;0;1;1;0.7275390625;15;-10.94775390625;3.943115234375;-10.94775390625;-0.109130859375;1.0533334016799927;1.0433334112167358;2;2;1;1;0;0;1;1;0;0;1;0;0;1;1;1;1;0;0
21913;12;1;1;0;2;0;0;0;0;1;1;0.72591143846511841;15;-10.938232421875;3.952880859375;-10.938232421875;-0.10888671875;1.0499999523162842;1.0466666221618652;2;2;1;1;0;0;1;1;0;0;1;0;0;1;1;1;1;0;0
21923;12;1;1;0;2;0;0;0;0;1;1;0.72591143846511841;15;-10.923828125;3.96728515625;-10.923828125;-0.10888671875;1.0466666221618652;1.0499999523162842;2;2;1;1;0;0;1;1;0;0;1;0;0;1;1;1;1;0;0
21934;12;1;1;0;2;0;0;0;0;1;1;0.72428387403488159;15;-10.914306640625;3.97705078125;-10.914306640625;-0.108642578125;1.0433334112167358;1.0533334016799927;2;2;1;1;0;0;1;1;0;0;1;0;0;1;1;1;1;0;0
21943;12;1;1;0;2;0;0;0;0;1;1;0.72916668653488159;15;-10.900146484375;3.990478515625;-10.900146484375;-0.109375;1.0400000810623169;1.0566667318344116;2;2;1;1;0;0;1;1;0;0;1;0;0;1;1;1;1;0;0
21954;12;1;1;0;2;0;0;0;0;1;1;0.71940106153488159;15;-10.890625;4.00146484375;-10.890625;-0.10791015625;1.0366666316986084;1.06333327293396;2;2;1;1;0;0;1;1;0;0;1;0;0;1;1;1;1;0;0
21963;12;1;1;0;2;0;0;0;0;1;1;0.71451824903488159;15;-10.87646484375;4.016357421875;-10.87646484375;-0.107177734375;1.0333333015441895;1.0666667222976685;2;2;1;1;0;0;1;1;0;0;1;0;0;1;1;1;1;0;0
21973;12;1;1;0;2;0;0;0;0;1;1;0.71126300096511841;15;-10.8671875;4.026123046875;-10.8671875;-0.106689453125;1.0333333015441895;1.0666667222976685;2;2;1;1;0;0;1;1;0;0;1;0;0;1;1;1;1;0;0
21983;12;1;1;0;2;0;0;0;0;1;1;0.70638018846511841;15;-10.85302734375;4.041015625;-10.85302734375;-0.10595703125;1.0266667604446411;1.0733333826065063;2;2;1;1;0;0;1;1;0;0;1;0;0;1;1;1;1;0;0
21994;12;1;1;0;2;0;0;0;0;1;1;0.703125;15;-10.84375;4.05078125;-10.84375;-0.10546875;1.0266667604446411;1.0733333826065063;2;2;1;1;0;0;1;1;0;0;1;0;0;1;1;1;1;0;0
22003;12;1;1;0;2;0;0;0;0;1;1;0.6982421875;15;-10.82958984375;4.065673828125;-10.82958984375;-0.104736328125;1.0233333110809326;1.0800000429153442;2;2;1;1;0;0;1;1;0;0;1;0;0;1;1;1;1;0;0
22013;12;1;1;0;2;0;0;0;0;1;1;0.693359375;15;-10.8203125;4.07568359375;-10.8203125;-0.10400390625;1.0199999809265137;1.0800000429153442;2;2;1;1;0;0;1;1;0;0;1;0;0;1;1;1;1;0;0
22025;12;1;1;0;2;0;0;0;0;1;1;0.68684893846511841;15;-10.806396484375;4.090576171875;-10.806396484375;-0.10302734375;1.0199999809265137;1.0866667032241821;2;2;1;1;0;0;1;1;0;0;1;0;0;1;1;1;1;0;0
22034;12;1;1;0;2;0;0;0;0;1;1;0.68196612596511841;15;-10.797119140625;4.1005859375;-10.797119140625;-0.102294921875;1.0133333206176758;1.0866667032241821;2;2;1;1;0;0;1;1;0;0;1;0;0;1;1;1;1;0;0
22045;12;1;1;0;2;0;0;0;0;1;1;0.68033856153488159;15;-10.783447265625;4.114501953125;-10.783447265625;-0.10205078125;1.0133333206176758;1.0900000333786011;2;2;1;1;0;0;1;1;0;0;1;0;0;1;1;1;1;0;0
22053;12;1;1;0;2;0;0;0;0;1;1;0.66731768846511841;15;-10.774169921875;4.125732421875;-10.774169921875;-0.10009765625;1.0099999904632568;1.09333336353302;2;2;1;1;0;0;1;1;0;0;1;0;0;1;1;1;1;0;0
22063;12;1;1;0;2;0;0;0;0;1;1;0.6591796875;15;-10.76025390625;4.140869140625;-10.76025390625;-0.098876953125;1.0099999904632568;1.096666693687439;2;2;1;1;0;0;1;1;0;0;1;0;0;1;1;1;1;0;0
22073;12;1;1;0;2;0;0;0;0;1;1;0.65266925096511841;15;-10.7509765625;4.151123046875;-10.7509765625;-0.097900390625;1.0066666603088379;1.1000000238418579;2;2;1;1;0;0;1;1;0;0;1;0;0;1;1;1;1;0;0
22083;12;1;1;0;2;0;0;0;0;1;1;0.64290362596511841;15;-10.7373046875;4.166259765625;-10.7373046875;-0.096435546875;1.0066666603088379;1.1000000238418579;2;2;1;1;0;0;1;1;0;0;1;0;0;1;1;1;1;0;0
22093;12;1;1;0;2;0;0;0;0;1;1;0.63802081346511841;15;-10.72802734375;4.17626953125;-10.72802734375;-0.095703125;1.0033333301544189;1.1033333539962769;2;2;1;1;0;0;1;1;0;0;1;0;0;1;1;1;1;0;0
22103;12;1;1;0;2;0;0;0;0;1;1;0.634765625;15;-10.71435546875;4.1904296875;-10.71435546875;-0.09521484375;1.0033333301544189;1.1066666841506958;2;2;1;1;0;0;1;1;0;0;1;0;0;1;1;1;1;0;0
22113;12;1;1;0;2;0;0;0;0;1;1;0.6298828125;15;-10.705078125;4.200439453125;-10.705078125;-0.094482421875;1.0033333301544189;1.1066666841506958;2;2;1;1;0;0;1;1;0;0;1;0;0;1;1;1;1;0;0
22123;12;1;1;0;2;0;0;0;0;1;1;0.6103515625;15;-10.69140625;4.217041015625;-10.69140625;-0.091552734375;1.0033333301544189;1.1100000143051147;2;2;1;1;0;0;1;1;0;0;1;0;0;1;1;1;1;0;0
22133;12;1;1;0;2;0;0;0;0;1;1;0.60384112596511841;15;-10.68212890625;4.227294921875;-10.68212890625;-0.090576171875;1.0033333301544189;1.1133333444595337;2;2;1;1;0;0;1;1;0;0;1;0;0;1;1;1;1;0;0
22143;12;1;1;0;2;0;0;0;0;1;1;0.6005859375;15;-10.66845703125;4.241455078125;-10.66845703125;-0.090087890625;1;1.1133333444595337;2;2;1;1;0;0;1;1;0;0;1;0;0;1;1;1;1;0;0
22153;12;1;1;0;2;0;0;0;0;1;1;0.5859375;15;-10.6591796875;4.2529296875;-10.6591796875;-0.087890625;1;1.1133333444595337;2;2;1;1;0;0;1;1;0;0;1;0;0;1;1;1;1;0;0
22163;12;1;1;0;2;0;0;0;0;1;1;0.57454425096511841;15;-10.6455078125;4.268310546875;-10.6455078125;-0.086181640625;1;1.1166666746139526;2;2;1;1;0;0;1;1;0;0;1;0;0;1;1;1;1;0;0
22174;12;1;1;0;2;0;0;0;0;1;1;0.57454425096511841;15;-10.636474609375;4.27734375;-10.636474609375;-0.086181640625;1;1.1166666746139526;2;2;1;1;0;0;1;1;0;0;1;0;0;1;1;1;1;0;0
22183;12;1;1;0;2;0;0;0;0;1;1;0.556640625;15;-10.62255859375;4.2939453125;-10.62255859375;-0.08349609375;1;1.1200001239776611;2;2;1;1;0;0;1;1;0;0;1;0;0;1;1;1;1;0;0
22193;12;1;1;0;2;0;0;0;0;1;1;0.546875;15;-10.613525390625;4.304443359375;-10.613525390625;-0.08203125;1;1.1233333349227905;2;2;1;1;0;0;1;1;0;0;1;0;0;1;1;1;1;0;0
22203;12;1;1;0;2;0;0;0;0;1;1;0.537109375;15;-10.599609375;4.31982421875;-10.599609375;-0.08056640625;1;1.1233333349227905;2;2;1;1;0;0;1;1;0;0;1;0;0;1;1;1;1;0;0
22213;12;1;1;0;2;0;0;0;0;1;1;0.537109375;15;-10.590576171875;4.328857421875;-10.590576171875;-0.08056640625;1;1.1233333349227905;2;2;1;1;0;0;1;1;0;0;1;0;0;1;1;1;1;0;0
22227;12;1;1;0;2;0;0;0;0;1;1;0.52571612596511841;15;-10.576904296875;4.34423828125;-10.576904296875;-0.078857421875;1;1.1266666650772095;2;2;1;1;0;0;1;1;0;0;1;0;0;1;1;1;1;0;0
22234;12;1;1;0;2;0;0;0;0;1;1;0.50944012403488159;15;-10.567626953125;4.35595703125;-10.567626953125;-0.076416015625;1;1.1233333349227905;2;2;1;1;0;0;1;1;0;0;1;0;0;1;1;1;1;0;0
22245;12;1;1;0;2;0;0;0;0;1;1;0.498046875;15;-10.553955078125;4.371337890625;-10.553955078125;-0.07470703125;1;1.1266666650772095;2;2;1;1;0;0;1;1;0;0;1;0;0;1;1;1;1;0;0
22253;12;1;1;0;2;0;0;0;0;1;1;0.4899088442325592;15;-10.544677734375;4.3818359375;-10.544677734375;-0.073486328125;1;1.1266666650772095;2;2;1;1;0;0;1;1;0;0;1;0;0;1;1;1;1;0;0
22263;12;1;1;0;2;0;0;0;0;1;1;0.478515625;15;-10.531005859375;4.397216796875;-10.531005859375;-0.07177734375;1.0033333301544189;1.1266666650772095;2;2;1;1;0;0;1;1;0;0;1;0;0;1;1;1;1;0;0
22273;12;1;1;0;2;0;0;0;0;1;1;0.4720052182674408;15;-10.521728515625;4.407470703125;-10.521728515625;-0.07080078125;1;1.1266666650772095;2;2;1;1;0;0;1;1;0;0;1;0;0;1;1;1;1;0;0
22283;12;1;1;0;2;0;0;0;0;1;1;0.46875;15;-10.508056640625;4.421630859375;-10.508056640625;-0.0703125;1;1.1266666650772095;2;2;1;1;0;0;1;1;0;0;1;0;0;1;1;1;1;0;0
22294;12;1;1;0;2;0;0;0;0;1;1;0.4524739682674408;15;-10.498779296875;4.433349609375;-10.498779296875;-0.06787109375;1.0033333301544189;1.1266666650772095;2;2;1;1;0;0;1;1;0;0;1;0;0;1;1;1;1;0;0
22303;12;1;1;0;2;0;0;0;0;1;1;0.4410807192325592;15;-10.485107421875;4.44873046875;-10.485107421875;-0.066162109375;1.0033333301544189;1.1266666650772095;2;2;1;1;0;0;1;1;0;0;1;0;0;1;1;1;1;0;0
22313;12;1;1;0;2;0;0;0;0;1;1;0.4427083432674408;15;-10.475830078125;4.457763671875;-10.475830078125;-0.06640625;1.0033333301544189;1.1233333349227905;2;2;1;1;0;0;1;1;0;0;1;0;0;1;1;1;1;0;0
22323;12;1;1;0;2;0;0;0;0;1;1;0.4296875;15;-10.462158203125;4.473388671875;-10.462158203125;-0.064453125;1.0033333301544189;1.1266666650772095;2;2;1;1;0;0;1;1;0;0;1;0;0;1;1;1;1;0;0
22333;12;1;1;0;2;0;0;0;0;1;1;0.4150390625;15;-10.452880859375;4.48486328125;-10.452880859375;-0.062255859375;1.0033333301544189;1.1233333349227905;2;2;1;1;0;0;1;1;0;0;1;0;0;1;1;1;1;0;0
22343;12;1;1;0;2;0;0;0;0;1;1;0.4052734375;15;-10.43896484375;4.500244140625;-10.43896484375;-0.060791015625;1.0033333301544189;1.1200001239776611;2;2;1;1;0;0;1;1;0;0;1;0;0;1;1;1;1;0;0
22354;12;1;1;0;2;0;0;0;0;1;1;0.3971354067325592;15;-10.429931640625;4.510498046875;-10.429931640625;-0.0595703125;1.0033333301544189;1.1200001239776611;2;2;1;1;0;0;1;1;0;0;1;0;0;1;1;1;1;0;0
22364;12;1;1;0;2;0;0;0;0;1;1;0.3873697817325592;15;-10.416015625;4.52587890625;-10.416015625;-0.05810546875;1.0033333301544189;1.1200001239776611;2;2;1;1;0;0;1;1;0;0;1;0;0;1;1;1;1;0;0
22373;12;1;1;0;2;0;0;0;0;1;1;0.380859375;15;-10.40673828125;4.5361328125;-10.40673828125;-0.05712890625;1.0066666603088379;1.1166666746139526;2;2;1;1;0;0;1;1;0;0;1;0;0;1;1;1;1;0;0
22383;12;1;1;0;2;0;0;0;0;1;1;0.3694661557674408;15;-10.39306640625;4.551513671875;-10.39306640625;-0.055419921875;1.0066666603088379;1.1166666746139526;2;2;1;1;0;0;1;1;0;0;1;0;0;1;1;1;1;0;0
22394;12;1;1;0;2;0;0;0;0;1;1;0.3645833432674408;15;-10.3837890625;4.5615234375;-10.3837890625;-0.0546875;1.0066666603088379;1.1133333444595337;2;2;1;1;0;0;1;1;0;0;1;0;0;1;1;1;1;0;0
22403;12;1;1;0;2;0;0;0;0;1;1;0.3548177182674408;15;-10.369873046875;4.576904296875;-10.369873046875;-0.05322265625;1.0099999904632568;1.1133333444595337;2;2;1;1;0;0;1;1;0;0;1;0;0;1;1;1;1;0;0
22413;12;1;1;0;2;0;0;0;0;1;1;0.3483072817325592;15;-10.360595703125;4.587158203125;-10.360595703125;-0.05224609375;1.0099999904632568;1.1100000143051147;2;2;1;1;0;0;1;1;0;0;1;0;0;1;1;1;1;0;0
22426;12;1;1;0;2;0;0;0;0;1;1;0.3385416567325592;15;-10.3466796875;4.6025390625;-10.3466796875;-0.05078125;1.0133333206176758;1.1133333444595337;2;2;1;1;0;0;1;1;0;0;1;0;0;1;1;1;1;0;0
22433;12;1;1;0;2;0;0;0;0;1;1;0.3336588442325592;15;-10.33740234375;4.612548828125;-10.33740234375;-0.050048828125;1.0133333206176758;1.1066666841506958;2;2;1;1;0;0;1;1;0;0;1;0;0;1;1;1;1;0;0
22443;12;1;1;0;2;0;0;0;0;1;1;0.3352864682674408;15;-10.3232421875;4.62646484375;-10.3232421875;-0.05029296875;1.0133333206176758;1.1100000143051147;2;2;1;1;0;0;1;1;0;0;1;0;0;1;1;1;1;0;0
22455;12;1;1;0;2;0;0;0;0;1;1;0.322265625;15;-10.31396484375;4.6376953125;-10.31396484375;-0.04833984375;1.0166666507720947;1.1033333539962769;2;2;1;1;0;0;1;1;0;0;1;0;0;1;1;1;1;0;0
22463;12;1;1;0;2;0;0;0;0;1;1;0.3141275942325592;15;-10.300048828125;4.65283203125;-10.300048828125;-0.047119140625;1.0166666507720947;1.1033333539962769;2;2;1;1;0;0;1;1;0;0;1;0;0;1;1;1;1;0;0
22473;12;1;1;0;2;0;0;0;0;1;1;0.3092447817325592;15;-10.29052734375;4.6630859375;-10.29052734375;-0.04638671875;1.0199999809265137;1.1000000238418579;2;2;1;1;0;0;1;1;0;0;1;0;0;1;1;1;1;0;0
22483;12;1;1;0;2;0;0;0;0;1;1;0.302734375;15;-10.276611328125;4.677978515625;-10.276611328125;-0.04541015625;1.0199999809265137;1.1000000238418579;2;2;1;1;0;0;1;1;0;0;1;0;0;1;1;1;1;0;0
22494;12;1;1;0;2;0;0;0;0;1;1;0.2994791567325592;15;-10.26708984375;4.68798828125;-10.26708984375;-0.044921875;1.0233333110809326;1.096666693687439;2;2;1;1;0;0;1;1;0;0;1;0;0;1;1;1;1;0;0
22503;12;1;1;0;2;0;0;0;0;1;1;0.2913411557674408;15;-10.253173828125;4.703125;-10.253173828125;-0.043701171875;1.0233333110809326;1.09333336353302;2;2;1;1;0;0;1;1;0;0;1;0;0;1;1;1;1;0;0
22513;12;1;1;0;2;0;0;0;0;1;1;0.2880859375;15;-10.24365234375;4.713134765625;-10.24365234375;-0.043212890625;1.0266667604446411;1.0900000333786011;2;2;1;1;0;0;1;1;0;0;1;0;0;1;1;1;1;0;0
22523;12;1;1;0;2;0;0;0;0;1;1;0.283203125;15;-10.229248046875;4.728271484375;-10.229248046875;-0.04248046875;1.0333333015441895;1.09333336353302;2;2;1;1;0;0;1;1;0;0;1;0;0;1;1;1;1;0;0
22533;12;1;1;0;2;0;0;0;0;1;1;0.2880859375;15;-10.219970703125;4.73681640625;-10.219970703125;-0.043212890625;1.0299999713897705;1.0900000333786011;2;2;1;1;0;0;1;1;0;0;1;0;0;1;1;1;1;0;0
22543;12;1;1;0;2;0;0;0;0;1;1;0.2766927182674408;15;-10.20556640625;4.7529296875;-10.20556640625;-0.04150390625;1.0366666316986084;1.0866667032241821;2;2;1;1;0;0;1;1;0;0;1;0;0;1;1;1;1;0;0
22554;12;1;1;0;2;0;0;0;0;1;1;0.2734375;15;-10.196044921875;4.762939453125;-10.196044921875;-0.041015625;1.0366666316986084;1.0833333730697632;3;3;1;1;0;0;1;1;0;0;1;0;0;1;1;1;1;0;0
22563;12;1;1;0;3;0;0;0;0;1;1;0.2766927182674408;15;-10.181884765625;4.776611328125;-10.181884765625;-0.04150390625;1.0400000810623169;1.0833333730697632;3;3;1;1;0;0;1;1;0;0;1;0;0;1;1;1;1;0;0
22573;12;1;1;0;3;0;0;0;0;1;1;0.2766927182674408;15;-10.172119140625;4.786376953125;-10.172119140625;-0.04150390625;1.0400000810623169;1.0800000429153442;3;3;1;1;0;0;1;1;0;0;1;0;0;1;1;1;1;0;0
22583;12;1;1;0;3;0;0;0;0;1;1;0.2652994692325592;15;-10.15771484375;4.802490234375;-10.15771484375;-0.039794921875;1.0466666221618652;1.0833333730697632;3;3;1;1;0;0;1;1;0;0;1;0;0;1;1;1;1;0;0
22594;12;1;1;0;3;0;0;0;0;1;1;0.263671875;15;-10.148193359375;4.812255859375;-10.148193359375;-0.03955078125;1.0466666221618652;1.0800000429153442;3;3;1;1;0;0;1;1;0;0;1;0;0;1;1;1;1;0;0
22603;12;1;1;0;3;0;0;0;0;1;1;0.2685546875;15;-10.1337890625;4.825927734375;-10.1337890625;-0.040283203125;1.0499999523162842;1.0733333826065063;3;3;1;1;0;0;1;1;0;0;1;0;0;1;1;1;1;0;0
22614;12;1;1;0;3;0;0;0;0;1;1;0.2604166567325592;15;-10.1240234375;4.8369140625;-10.1240234375;-0.0390625;1.0499999523162842;1.0733333826065063;3;3;1;1;0;0;1;1;0;0;1;0;0;1;1;1;1;0;0
22625;12;1;1;0;3;0;0;0;0;1;1;0.2604166567325592;15;-10.109375;4.8515625;-10.109375;-0.0390625;1.0566667318344116;1.0733333826065063;3;3;1;1;0;0;1;1;0;0;1;0;0;1;1;1;1;0;0
22633;12;1;1;0;3;0;0;0;0;1;1;0.2587890625;15;-10.099853515625;4.861328125;-10.099853515625;-0.038818359375;1.0566667318344116;1.0700000524520874;3;3;1;1;0;0;1;1;0;0;1;0;0;1;1;1;1;0;0
22643;12;1;1;0;3;0;0;0;0;1;1;0.2652994692325592;15;-10.085205078125;4.875;-10.085205078125;-0.039794921875;1.0600000619888306;1.0700000524520874;3;3;1;1;0;0;1;1;0;0;1;0;0;1;1;1;1;0;0
22653;12;1;1;0;3;0;0;0;0;1;1;0.2652994692325592;15;-10.075439453125;4.884765625;-10.075439453125;-0.039794921875;1.0600000619888306;1.0700000524520874;3;3;1;1;0;0;1;1;0;0;1;0;0;1;1;1;1;0;0
22669;12;1;1;0;3;0;0;0;0;1;1;0.2587890625;15;-10.060791015625;4.900390625;-10.060791015625;-0.038818359375;1.06333327293396;1.06333327293396;3;3;1;1;0;0;1;1;0;0;1;0;0;1;1;1;1;0;0
22673;12;1;1;0;3;0;0;0;0;1;1;0.2587890625;15;-10.051025390625;4.91015625;-10.051025390625;-0.038818359375;1.0666667222976685;1.0666667222976685;3;3;1;1;0;0;1;1;0;0;1;0;0;1;1;1;1;0;0
22683;12;1;1;0;3;0;0;0;0;1;1;0.2587890625;15;-10.036376953125;4.9248046875;-10.036376953125;-0.038818359375;1.0666667222976685;1.06333327293396;3;3;1;1;0;0;1;1;0;0;1;0;0;1;1;1;1;0;0
22694;12;1;1;0;3;0;0;0;0;1;1;0.2685546875;15;-10.0263671875;4.933349609375;-10.0263671875;-0.040283203125;1.0700000524520874;1.0600000619888306;3;3;1;1;0;0;1;1;0;0;1;0;0;1;1;1;1;0;0
22703;12;1;1;0;3;0;0;0;0;1;1;0.2701822817325592;15;-10.01171875;4.94775390625;-10.01171875;-0.04052734375;1.0733333826065063;1.0566667318344116;3;3;1;1;0;0;1;1;0;0;1;0;0;1;1;1;1;0;0
22713;12;1;1;0;3;0;0;0;0;1;1;0.263671875;15;-10.001708984375;4.958740234375;-10.001708984375;-0.03955078125;1.0733333826065063;1.0600000619888306;3;3;1;1;0;0;1;1;0;0;1;0;0;1;1;1;1;0;0
22724;12;1;1;0;3;0;0;0;0;1;1;0.2669270932674408;15;-9.98681640625;4.97314453125;-9.98681640625;-0.0400390625;1.0766665935516357;1.0566667318344116;3;3;1;1;0;0;1;1;0;0;1;0;0;1;1;1;1;0;0
22733;12;1;1;0;3;0;0;0;0;1;1;0.2750650942325592;15;-9.97705078125;4.981689453125;-9.97705078125;-0.041259765625;1.0766665935516357;1.0533334016799927;3;3;1;1;0;0;1;1;0;0;1;0;0;1;1;1;1;0;0
22743;12;1;1;0;3;0;0;0;0;1;1;0.2701822817325592;15;-9.962158203125;4.997314453125;-9.962158203125;-0.04052734375;1.0800000429153442;1.0533334016799927;3;3;1;1;0;0;1;1;0;0;1;0;0;1;1;1;1;0;0
22753;12;1;1;0;3;0;0;0;0;1;1;0.2701822817325592;15;-9.952392578125;5.007080078125;-9.952392578125;-0.04052734375;1.0800000429153442;1.0566667318344116;3;3;1;1;0;0;1;1;0;0;1;0;0;1;1;1;1;0;0
22763;12;1;1;0;3;0;0;0;0;1;1;0.2750650942325592;15;-9.937255859375;5.021484375;-9.937255859375;-0.041259765625;1.0833333730697632;1.0466666221618652;3;3;1;1;0;0;1;1;0;0;1;0;0;1;1;1;1;0;0
22774;12;1;1;0;3;0;0;0;0;1;1;0.2766927182674408;15;-9.927490234375;5.031005859375;-9.927490234375;-0.04150390625;1.0833333730697632;1.0466666221618652;3;3;1;1;0;0;1;1;0;0;1;0;0;1;1;1;1;0;0
22785;12;1;1;0;3;0;0;0;0;1;1;0.2880859375;15;-9.91259765625;5.044189453125;-9.91259765625;-0.043212890625;1.0833333730697632;1.0499999523162842;3;3;1;1;0;0;1;1;0;0;1;0;0;1;1;1;1;0;0
22794;12;1;1;0;3;0;0;0;0;1;1;0.2815755307674408;15;-9.902587890625;5.05517578125;-9.902587890625;-0.042236328125;1.0866667032241821;1.0499999523162842;3;3;1;1;0;0;1;1;0;0;1;0;0;1;1;1;1;0;0
22803;12;1;1;0;3;0;0;0;0;1;1;0.2864583432674408;15;-9.887451171875;5.069580078125;-9.887451171875;-0.04296875;1.0866667032241821;1.0466666221618652;3;3;1;1;0;0;1;1;0;0;1;0;0;1;1;1;1;0;0
22813;12;1;1;0;3;0;0;0;0;1;1;0.2962239682674408;15;-9.877685546875;5.077880859375;-9.877685546875;-0.04443359375;1.0900000333786011;1.0466666221618652;3;3;1;1;0;0;1;1;0;0;1;0;0;1;1;1;1;0;0
22824;12;1;1;0;3;0;0;0;0;1;1;0.29296875;15;-9.862548828125;5.093505859375;-9.862548828125;-0.0439453125;1.0900000333786011;1.0499999523162842;3;3;1;1;0;0;1;1;0;0;1;0;0;1;1;1;1;0;0
22833;12;1;1;0;3;0;0;0;0;1;1;0.2962239682674408;15;-9.8525390625;5.10302734375;-9.8525390625;-0.04443359375;1.0900000333786011;1.0466666221618652;3;3;1;1;0;0;1;1;0;0;1;0;0;1;1;1;1;0;0
22843;12;1;1;0;3;0;0;0;0;1;1;0.3076171875;15;-9.837646484375;5.1162109375;-9.837646484375;-0.046142578125;1.0900000333786011;1.0466666221618652;3;3;1;1;0;0;1;1;0;0;1;0;0;1;1;1;1;0;0
22853;12;1;1;0;3;0;0;0;0;1;1;0.3092447817325592;15;-9.82763671875;5.1259765625;-9.82763671875;-0.04638671875;1.0900000333786011;1.0466666221618652;3;3;1;1;0;0;1;1;0;0;1;0;0;1;1;1;1;0;0
22865;12;1;1;0;3;0;0;0;0;1;1;0.3076171875;15;-9.8125;5.141357421875;-9.8125;-0.046142578125;1.0900000333786011;1.0400000810623169;3;3;1;1;0;0;1;1;0;0;1;0;0;1;1;1;1;0;0
22874;12;1;1;0;3;0;0;0;0;1;1;0.3108724057674408;15;-9.802490234375;5.15087890625;-9.802490234375;-0.046630859375;1.09333336353302;1.0400000810623169;3;3;1;1;0;0;1;1;0;0;1;0;0;1;1;1;1;0;0
22885;12;1;1;0;3;0;0;0;0;1;1;0.3141275942325592;15;-9.78759765625;5.165283203125;-9.78759765625;-0.047119140625;1.09333336353302;1.0466666221618652;3;3;1;1;0;0;1;1;0;0;1;0;0;1;1;1;1;0;0
22894;12;1;1;0;3;0;0;0;0;1;1;0.3173828125;15;-9.777587890625;5.1748046875;-9.777587890625;-0.047607421875;1.09333336353302;1.0433334112167358;3;3;1;1;0;0;1;1;0;0;1;0;0;1;1;1;1;0;0
22903;12;1;1;0;3;0;0;0;0;1;1;0.3304036557674408;15;-9.762451171875;5.18798828125;-9.762451171875;-0.049560546875;1.09333336353302;1.0433334112167358;3;3;1;1;0;0;1;1;0;0;1;0;0;1;1;1;1;0;0
22913;12;1;1;0;3;0;0;0;0;1;1;0.3255208432674408;15;-9.75244140625;5.19873046875;-9.75244140625;-0.048828125;1.09333336353302;1.0366666316986084;3;3;1;1;0;0;1;1;0;0;1;0;0;1;1;1;1;0;0
22924;12;1;1;0;3;0;0;0;0;1;1;0.3287760317325592;15;-9.737548828125;5.213134765625;-9.737548828125;-0.04931640625;1.09333336353302;1.0433334112167358;3;3;1;1;0;0;1;1;0;0;1;0;0;1;1;1;1;0;0
22933;12;1;1;0;3;0;0;0;0;1;1;0.33203125;15;-9.7275390625;5.22265625;-9.7275390625;-0.0498046875;1.09333336353302;1.0400000810623169;3;3;1;1;0;0;1;1;0;0;1;0;0;1;1;1;1;0;0
22943;12;1;1;0;3;0;0;0;0;1;1;0.3450520932674408;15;-9.71240234375;5.23583984375;-9.71240234375;-0.0517578125;1.09333336353302;1.0466666221618652;3;3;1;1;0;0;1;1;0;0;1;0;0;1;1;1;1;0;0
22953;12;1;1;0;3;0;0;0;0;1;1;0.3385416567325592;15;-9.702392578125;5.246826171875;-9.702392578125;-0.05078125;1.09333336353302;1.0499999523162842;3;3;1;1;0;0;1;1;0;0;1;0;0;1;1;1;1;0;0
22963;12;1;1;0;3;0;0;0;0;1;1;0.3434244692325592;15;-9.6875;5.260986328125;-9.6875;-0.051513671875;1.09333336353302;1.0433334112167358;3;3;1;1;0;0;1;1;0;0;1;0;0;1;1;1;1;0;0
22973;12;1;1;0;3;0;0;0;0;1;1;0.3466796875;15;-9.677490234375;5.2705078125;-9.677490234375;-0.052001953125;1.09333336353302;1.0433334112167358;3;3;1;1;0;0;1;1;0;0;1;0;0;1;1;1;1;0;0
22983;12;1;1;0;3;0;0;0;0;1;1;0.3499349057674408;15;-9.662353515625;5.28515625;-9.662353515625;-0.052490234375;1.0900000333786011;1.0499999523162842;3;3;1;1;0;0;1;1;0;0;1;0;0;1;1;1;1;0;0
22994;12;1;1;0;3;0;0;0;0;1;1;0.3531900942325592;15;-9.65234375;5.294677734375;-9.65234375;-0.052978515625;1.09333336353302;1.0466666221618652;3;3;1;1;0;0;1;1;0;0;1;0;0;1;1;1;1;0;0
23003;12;1;1;0;3;0;0;0;0;1;1;0.3580729067325592;15;-9.637451171875;5.308837890625;-9.637451171875;-0.0537109375;1.0900000333786011;1.0433334112167358;3;3;1;1;0;0;1;1;0;0;1;0;0;1;1;1;1;0;0
23013;12;1;1;0;3;0;0;0;0;1;1;0.361328125;15;-9.62744140625;5.318359375;-9.62744140625;-0.05419921875;1.0900000333786011;1.0433334112167358;3;3;1;1;0;0;1;1;0;0;1;0;0;1;1;1;1;0;0
23023;12;1;1;0;3;0;0;0;0;1;1;0.3645833432674408;15;-9.6123046875;5.3330078125;-9.6123046875;-0.0546875;1.09333336353302;1.0533334016799927;3;3;1;1;0;0;1;1;0;0;1;0;0;1;1;1;1;0;0
23035;12;1;1;0;3;0;0;0;0;1;1;0.3662109375;15;-9.602294921875;5.3427734375;-9.602294921875;-0.054931640625;1.09333336353302;1.0566667318344116;3;3;1;1;0;0;1;1;0;0;1;0;0;1;1;1;1;0;0
23043;12;1;1;0;3;0;0;0;0;1;1;0.3776041567325592;15;-9.587158203125;5.356201171875;-9.587158203125;-0.056640625;1.1000000238418579;1.0566667318344116;3;3;1;1;0;0;1;1;0;0;1;0;0;1;1;1;1;0;0
23053;12;1;1;0;3;0;0;0;0;1;1;0.3727213442325592;15;-9.576904296875;5.3671875;-9.576904296875;-0.055908203125;1.1000000238418579;1.0600000619888306;3;3;1;1;0;0;1;1;0;0;1;0;0;1;1;1;1;0;0
23063;12;1;1;0;3;0;0;0;0;1;1;0.3743489682674408;15;-9.561767578125;5.382080078125;-9.561767578125;-0.05615234375;1.1033333539962769;1.0700000524520874;3;3;1;1;0;0;1;1;0;0;1;0;0;1;1;1;1;0;0
23073;12;1;1;0;3;0;0;0;0;1;1;0.3759765625;15;-9.551513671875;5.39208984375;-9.551513671875;-0.056396484375;1.1066666841506958;1.0766665935516357;3;3;1;1;0;0;1;1;0;0;1;0;0;1;1;1;1;0;0
23083;12;1;1;0;3;0;0;0;0;1;1;0.3776041567325592;15;-9.536376953125;5.406982421875;-9.536376953125;-0.056640625;1.1100000143051147;1.0800000429153442;3;3;1;1;0;0;1;1;0;0;1;0;0;1;1;1;1;0;0
23093;12;1;1;0;3;0;0;0;0;1;1;0.3873697817325592;15;-9.526123046875;5.415771484375;-9.526123046875;-0.05810546875;1.1133333444595337;1.0833333730697632;3;3;1;1;0;0;1;1;0;0;1;0;0;1;1;1;1;0;0
23103;12;1;1;0;3;0;0;0;0;1;1;0.390625;15;-9.5107421875;5.4306640625;-9.5107421875;-0.05859375;1.1166666746139526;1.0866667032241821;3;3;1;1;0;0;1;1;0;0;1;0;0;1;1;1;1;0;0
23113;12;1;1;0;3;0;0;0;0;1;1;0.3824869692325592;15;-9.50048828125;5.442138671875;-9.50048828125;-0.057373046875;1.1166666746139526;1.096666693687439;3;3;1;1;0;0;1;1;0;0;1;0;0;1;1;1;1;0;0
23123;12;1;1;0;3;0;0;0;0;1;1;0.3841145932674408;15;-9.485107421875;5.457275390625;-9.485107421875;-0.0576171875;1.1200001239776611;1.1000000238418579;3;3;1;1;0;0;1;1;0;0;1;0;0;1;1;1;1;0;0
23133;12;1;1;0;3;0;0;0;0;1;1;0.3857421875;15;-9.474609375;5.467529296875;-9.474609375;-0.057861328125;1.1200001239776611;1.1000000238418579;3;3;1;1;0;0;1;1;0;0;1;0;0;1;1;1;1;0;0
23143;12;1;1;0;3;0;0;0;0;1;1;0.3873697817325592;15;-9.459228515625;5.482666015625;-9.459228515625;-0.05810546875;1.1233333349227905;1.1066666841506958;3;3;1;1;0;0;1;1;0;0;1;0;0;1;1;1;1;0;0
23155;12;1;1;0;3;0;0;0;0;1;1;0.3873697817325592;15;-9.448974609375;5.492919921875;-9.448974609375;-0.05810546875;1.1233333349227905;1.1100000143051147;3;3;1;1;0;0;1;1;0;0;1;0;0;1;1;1;1;0;0
23163;12;1;1;0;3;0;0;0;0;1;1;0.3889974057674408;15;-9.433349609375;5.50830078125;-9.433349609375;-0.058349609375;1.1266666650772095;1.1133333444595337;3;3;1;1;0;0;1;1;0;0;1;0;0;1;1;1;1;0;0
23173;12;1;1;0;3;0;0;0;0;1;1;0.3889974057674408;15;-9.423095703125;5.5185546875;-9.423095703125;-0.058349609375;1.1266666650772095;1.1133333444595337;3;3;1;1;0;0;1;1;0;0;1;0;0;1;1;1;1;0;0
23183;12;1;1;0;3;0;0;0;0;1;1;0.390625;15;-9.407470703125;5.533935546875;-9.407470703125;-0.05859375;1.1299999952316284;1.1200001239776611;3;3;1;1;0;0;1;1;0;0;1;0;0;1;1;1;1;0;0
23193;12;1;1;0;3;0;0;0;0;1;1;0.390625;15;-9.39697265625;5.54443359375;-9.39697265625;-0.05859375;1.1299999952316284;1.1266666650772095;3;3;1;1;0;0;1;1;0;0;1;0;0;1;1;1;1;0;0
23203;12;1;1;0;3;0;0;0;0;1;1;0.3987630307674408;15;-9.381591796875;5.55859375;-9.381591796875;-0.059814453125;1.1333333253860474;1.1233333349227905;3;3;1;1;0;0;1;1;0;0;1;0;0;1;1;1;1;0;0
23214;12;1;1;0;3;0;0;0;0;1;1;0.390625;15;-9.37109375;5.5703125;-9.37109375;-0.05859375;1.1333333253860474;1.1266666650772095;3;3;1;1;0;0;1;1;0;0;1;0;0;1;1;1;1;0;0
23223;12;1;1;0;3;0;0;0;0;1;1;0.390625;15;-9.35546875;5.5859375;-9.35546875;-0.05859375;1.1333333253860474;1.1333333253860474;3;3;1;1;0;0;1;1;0;0;1;0;0;1;1;1;1;0;0
23235;12;1;1;0;3;0;0;0;0;1;1;0.3971354067325592;15;-9.34521484375;5.59521484375;-9.34521484375;-0.0595703125;1.1333333253860474;1.1333333253860474;3;3;1;1;0;0;1;1;0;0;1;0;0;1;1;1;1;0;0
23243;12;1;1;0;3;0;0;0;0;1;1;0.390625;15;-9.329345703125;5.612060546875;-9.329345703125;-0.05859375;1.1366667747497559;1.1399999856948853;3;3;1;1;0;0;1;1;0;0;1;0;0;1;1;1;1;0;0
23257;12;1;1;0;3;0;0;0;0;1;1;0.3889974057674408;15;-9.319091796875;5.62255859375;-9.319091796875;-0.058349609375;1.1366667747497559;1.1399999856948853;3;3;1;1;0;0;1;1;0;0;1;0;0;1;1;1;1;0;0
23263;12;1;1;0;3;0;0;0;0;1;1;0.3889974057674408;15;-9.30322265625;5.638427734375;-9.30322265625;-0.058349609375;1.1399999856948853;1.1466667652130127;3;3;1;1;0;0;1;1;0;0;1;0;0;1;1;1;1;0;0
23273;12;1;1;0;3;0;0;0;0;1;1;0.3873697817325592;15;-9.29296875;5.64892578125;-9.29296875;-0.05810546875;1.1399999856948853;1.1433333158493042;4;4;1;1;0;0;1;1;0;0;1;0;0;1;1;1;1;0;0
23283;12;1;1;0;4;0;0;0;0;1;1;0.3873697817325592;15;-9.277099609375;5.664794921875;-9.277099609375;-0.05810546875;1.1433333158493042;1.1499999761581421;4;4;1;1;0;0;1;1;0;0;1;0;0;1;1;1;1;0;0
23294;12;1;1;0;4;0;0;0;0;1;1;0.3873697817325592;15;-9.2666015625;5.67529296875;-9.2666015625;-0.05810546875;1.1433333158493042;1.1499999761581421;4;4;1;1;0;0;1;1;0;0;1;0;0;1;1;1;1;0;0
23303;12;1;1;0;4;0;0;0;0;1;1;0.3857421875;15;-9.2509765625;5.691162109375;-9.2509765625;-0.057861328125;1.1433333158493042;1.1533334255218506;4;4;1;1;0;0;1;1;0;0;1;0;0;1;1;1;1;0;0
23314;12;1;1;0;4;0;0;0;0;1;1;0.3841145932674408;15;-9.240478515625;5.701904296875;-9.240478515625;-0.0576171875;1.1433333158493042;1.15666663646698;4;4;1;1;0;0;1;1;0;0;1;0;0;1;1;1;1;0;0
23323;12;1;1;0;4;0;0;0;0;1;1;0.3922525942325592;15;-9.224609375;5.716552734375;-9.224609375;-0.058837890625;1.1466667652130127;1.15666663646698;4;4;1;1;0;0;1;1;0;0;1;0;0;1;1;1;1;0;0
23333;12;1;1;0;4;0;0;0;0;1;1;0.3824869692325592;15;-9.214111328125;5.728515625;-9.214111328125;-0.057373046875;1.1466667652130127;1.15666663646698;4;4;1;1;0;0;1;1;0;0;1;0;0;1;1;1;1;0;0
23343;12;1;1;0;4;0;0;0;0;1;1;0.380859375;15;-9.1982421875;5.74462890625;-9.1982421875;-0.05712890625;1.1499999761581421;1.1633334159851074;4;4;1;1;0;0;1;1;0;0;1;0;0;1;1;1;1;0;0
23354;12;1;1;0;4;0;0;0;0;1;1;0.380859375;15;-9.187744140625;5.755126953125;-9.187744140625;-0.05712890625;1.1499999761581421;1.1599999666213989;4;4;1;1;0;0;1;1;0;0;1;0;0;1;1;1;1;0;0
23363;12;1;1;0;4;0;0;0;0;1;1;0.3873697817325592;15;-9.171875;5.77001953125;-9.171875;-0.05810546875;1.1499999761581421;1.1666666269302368;4;4;1;1;0;0;1;1;0;0;1;0;0;1;1;1;1;0;0
23373;12;1;1;0;4;0;0;0;0;1;1;0.3776041567325592;15;-9.161376953125;5.781982421875;-9.161376953125;-0.056640625;1.1533334255218506;1.1666666269302368;4;4;1;1;0;0;1;1;0;0;1;0;0;1;1;1;1;0;0
23383;12;1;1;0;4;0;0;0;0;1;1;0.3841145932674408;15;-9.1455078125;5.796875;-9.1455078125;-0.0576171875;1.15666663646698;1.1700000762939453;4;4;1;1;0;0;1;1;0;0;1;0;0;1;1;1;1;0;0
23393;12;1;1;0;4;0;0;0;0;1;1;0.3759765625;15;-9.134765625;5.808837890625;-9.134765625;-0.056396484375;1.15666663646698;1.1700000762939453;4;4;1;1;0;0;1;1;0;0;1;0;0;1;1;1;1;0;0
23403;12;1;1;0;4;0;0;0;0;1;1;0.3743489682674408;15;-9.118896484375;5.824951171875;-9.118896484375;-0.05615234375;1.15666663646698;1.1733334064483643;4;4;1;1;0;0;1;1;0;0;1;0;0;1;1;1;1;0;0
23414;12;1;1;0;4;0;0;0;0;1;1;0.3743489682674408;15;-9.108154296875;5.835693359375;-9.108154296875;-0.05615234375;1.1599999666213989;1.1733334064483643;4;4;1;1;0;0;1;1;0;0;1;0;0;1;1;1;1;0;0
23423;12;1;1;0;4;0;0;0;0;1;1;0.380859375;15;-9.09228515625;5.8505859375;-9.09228515625;-0.05712890625;1.1599999666213989;1.1733334064483643;4;4;1;1;0;0;1;1;0;0;1;0;0;1;1;1;1;0;0
23433;12;1;1;0;4;0;0;0;0;1;1;0.3694661557674408;15;-9.081787109375;5.86279296875;-9.081787109375;-0.055419921875;1.1599999666213989;1.1766666173934937;4;4;1;1;0;0;1;1;0;0;1;0;0;1;1;1;1;0;0
23443;12;1;1;0;4;0;0;0;0;1;1;0.3694661557674408;15;-9.065673828125;5.87890625;-9.065673828125;-0.055419921875;1.1633334159851074;1.1766666173934937;4;4;1;1;0;0;1;1;0;0;1;0;0;1;1;1;1;0;0
23454;12;1;1;0;4;0;0;0;0;1;1;0.3678385317325592;15;-9.054931640625;5.889892578125;-9.054931640625;-0.05517578125;1.1633334159851074;1.1766666173934937;4;4;1;1;0;0;1;1;0;0;1;0;0;1;1;1;1;0;0
23463;12;1;1;0;4;0;0;0;0;1;1;0.3759765625;15;-9.038818359375;5.90478515625;-9.038818359375;-0.056396484375;1.1666666269302368;1.1800000667572021;4;4;1;1;0;0;1;1;0;0;1;0;0;1;1;1;1;0;0
23474;12;1;1;0;4;0;0;0;0;1;1;0.3662109375;15;-9.028076171875;5.9169921875;-9.028076171875;-0.054931640625;1.1666666269302368;1.1833332777023315;4;4;1;1;0;0;1;1;0;0;1;0;0;1;1;1;1;0;0
23485;12;1;1;0;4;0;0;0;0;1;1;0.3645833432674408;15;-9.01220703125;5.93310546875;-9.01220703125;-0.0546875;1.1700000762939453;1.1800000667572021;4;4;1;1;0;0;1;1;0;0;1;0;0;1;1;1;1;0;0
23493;12;1;1;0;4;0;0;0;0;1;1;0.3629557192325592;15;-9.00146484375;5.944091796875;-9.00146484375;-0.054443359375;1.1700000762939453;1.1833332777023315;4;4;1;1;0;0;1;1;0;0;1;0;0;1;1;1;1;0;0
23503;12;1;1;0;4;0;0;0;0;1;1;0.361328125;15;-8.9853515625;5.96044921875;-8.9853515625;-0.05419921875;1.1700000762939453;1.1833332777023315;4;4;1;1;0;0;1;1;0;0;1;0;0;1;1;1;1;0;0
23513;12;1;1;0;4;0;0;0;0;1;1;0.361328125;15;-8.974609375;5.97119140625;-8.974609375;-0.05419921875;1.1733334064483643;1.1833332777023315;4;4;1;1;0;0;1;1;0;0;1;0;0;1;1;1;1;0;0
23523;12;1;1;0;4;0;0;0;0;1;1;0.3597005307674408;15;-8.95849609375;5.987548828125;-8.95849609375;-0.053955078125;1.1733334064483643;1.18666672706604;4;4;1;1;0;0;1;1;0;0;1;0;0;1;1;1;1;0;0
23534;12;1;1;0;4;0;0;0;0;1;1;0.3597005307674408;15;-8.947509765625;5.99853515625;-8.947509765625;-0.053955078125;1.1733334064483643;1.18666672706604;4;4;1;1;0;0;1;1;0;0;1;0;0;1;1;1;1;0;0
23543;12;1;1;0;4;0;0;0;0;1;1;0.3580729067325592;15;-8.931396484375;6.014892578125;-8.931396484375;-0.0537109375;1.1766666173934937;1.18666672706604;4;4;1;1;0;0;1;1;0;0;1;0;0;1;1;1;1;0;0
23554;12;1;1;0;4;0;0;0;0;1;1;0.3580729067325592;15;-8.920654296875;6.025634765625;-8.920654296875;-0.0537109375;1.1766666173934937;1.18666672706604;4;4;1;1;0;0;1;1;0;0;1;0;0;1;1;1;1;0;0
23563;12;1;1;0;4;0;0;0;0;1;1;0.3645833432674408;15;-8.904541015625;6.040771484375;-8.904541015625;-0.0546875;1.1766666173934937;1.190000057220459;4;4;1;1;0;0;1;1;0;0;1;0;0;1;1;1;1;0;0
23573;12;1;1;0;4;0;0;0;0;1;1;0.3564453125;15;-8.8935546875;6.052978515625;-8.8935546875;-0.053466796875;1.1800000667572021;1.18666672706604;4;4;1;1;0;0;1;1;0;0;1;0;0;1;1;1;1;0;0
23585;12;1;1;0;4;0;0;0;0;1;1;0.3645833432674408;15;-8.87744140625;6.06787109375;-8.87744140625;-0.0546875;1.1800000667572021;1.190000057220459;4;4;1;1;0;0;1;1;0;0;1;0;0;1;1;1;1;0;0
23595;12;1;1;0;4;0;0;0;0;1;1;0.3548177182674408;15;-8.86669921875;6.080078125;-8.86669921875;-0.05322265625;1.1800000667572021;1.18666672706604;4;4;1;1;0;0;1;1;0;0;1;0;0;1;1;1;1;0;0
23603;12;1;1;0;4;0;0;0;0;1;1;0.3548177182674408;15;-8.850341796875;6.096435546875;-8.850341796875;-0.05322265625;1.1800000667572021;1.18666672706604;4;4;1;1;0;0;1;1;0;0;1;0;0;1;1;1;1;0;0
23613;12;1;1;0;4;0;0;0;0;1;1;0.3531900942325592;15;-8.839599609375;6.107421875;-8.839599609375;-0.052978515625;1.1833332777023315;1.18666672706604;4;4;1;1;0;0;1;1;0;0;1;0;0;1;1;1;1;0;0
23623;12;1;1;0;4;0;0;0;0;1;1;0.3531900942325592;15;-8.8232421875;6.123779296875;-8.8232421875;-0.052978515625;1.1833332777023315;1.190000057220459;4;4;1;1;0;0;1;1;0;0;1;0;0;1;1;1;1;0;0
23633;12;1;1;0;4;0;0;0;0;1;1;0.3515625;15;-8.8125;6.134765625;-8.8125;-0.052734375;1.1833332777023315;1.190000057220459;4;4;1;1;0;0;1;1;0;0;1;0;0;1;1;1;1;0;0
23643;12;1;1;0;4;0;0;0;0;1;1;0.3515625;15;-8.796142578125;6.151123046875;-8.796142578125;-0.052734375;1.1833332777023315;1.190000057220459;4;4;1;1;0;0;1;1;0;0;1;0;0;1;1;1;1;0;0
23654;12;1;1;0;4;0;0;0;0;1;1;0.3531900942325592;15;-8.78515625;6.161865234375;-8.78515625;-0.052978515625;1.1833332777023315;1.190000057220459;4;4;1;1;0;0;1;1;0;0;1;0;0;1;1;1;1;0;0
23663;12;1;1;0;4;0;0;0;0;1;1;0.3515625;15;-8.76904296875;6.17822265625;-8.76904296875;-0.052734375;1.18666672706604;1.190000057220459;4;4;1;1;0;0;1;1;0;0;1;0;0;1;1;1;1;0;0
23674;12;1;1;0;4;0;0;0;0;1;1;0.3515625;15;-8.758056640625;6.189208984375;-8.758056640625;-0.052734375;1.18666672706604;1.190000057220459;4;4;1;1;0;0;1;1;0;0;1;0;0;1;1;1;1;0;0
23685;12;1;1;0;4;0;0;0;0;1;1;0.3515625;15;-8.74169921875;6.20556640625;-8.74169921875;-0.052734375;1.18666672706604;1.190000057220459;4;4;1;1;0;0;1;1;0;0;1;0;0;1;1;1;1;0;0
23693;12;1;1;0;4;0;0;0;0;1;1;0.3499349057674408;15;-8.73095703125;6.216552734375;-8.73095703125;-0.052490234375;1.18666672706604;1.190000057220459;4;4;1;1;0;0;1;1;0;0;1;0;0;1;1;1;1;0;0
23703;12;1;1;0;4;0;0;0;0;1;1;0.3499349057674408;15;-8.714599609375;6.23291015625;-8.714599609375;-0.052490234375;1.190000057220459;1.190000057220459;4;4;1;1;0;0;1;1;0;0;1;0;0;1;1;1;1;0;0
23713;12;1;1;0;4;0;0;0;0;1;1;0.3597005307674408;15;-8.70361328125;6.242431640625;-8.70361328125;-0.053955078125;1.190000057220459;1.190000057220459;4;4;1;1;0;0;1;1;0;0;1;0;0;1;1;1;1;0;0
23723;12;1;1;0;4;0;0;0;0;1;1;0.3499349057674408;15;-8.687255859375;6.26025390625;-8.687255859375;-0.052490234375;1.190000057220459;1.190000057220459;4;4;1;1;0;0;1;1;0;0;1;0;0;1;1;1;1;0;0
23733;12;1;1;0;4;0;0;0;0;1;1;0.3597005307674408;15;-8.67626953125;6.269775390625;-8.67626953125;-0.053955078125;1.190000057220459;1.1933332681655884;4;4;1;1;0;0;1;1;0;0;1;0;0;1;1;1;1;0;0
23745;12;1;1;0;4;0;0;0;0;1;1;0.3499349057674408;15;-8.659912109375;6.28759765625;-8.659912109375;-0.052490234375;1.1966667175292969;1.1933332681655884;4;4;1;1;0;0;1;1;0;0;1;0;0;1;1;1;1;0;0
23754;12;1;1;0;4;0;0;0;0;1;1;0.3515625;15;-8.648681640625;6.298583984375;-8.648681640625;-0.052734375;1.2000000476837158;1.1966667175292969;4;4;1;1;0;0;1;1;0;0;1;0;0;1;1;1;1;0;0
23763;12;1;1;0;4;0;0;0;0;1;1;0.3515625;15;-8.632080078125;6.315185546875;-8.632080078125;-0.052734375;1.2033333778381348;1.2033333778381348;4;4;1;1;0;0;1;1;0;0;1;0;0;1;1;1;1;0;0
23773;12;1;1;0;4;0;0;0;0;1;1;0.3499349057674408;15;-8.62109375;6.326416015625;-8.62109375;-0.052490234375;1.2066667079925537;1.2033333778381348;4;4;1;1;0;0;1;1;0;0;1;0;0;1;1;1;1;0;0
23784;12;1;1;0;4;0;0;0;0;1;1;0.3515625;15;-8.604248046875;6.343017578125;-8.604248046875;-0.052734375;1.2099999189376831;1.2066667079925537;4;4;1;1;0;0;1;1;0;0;1;0;0;1;1;1;1;0;0
23794;12;1;1;0;4;0;0;0;0;1;1;0.3597005307674408;15;-8.59326171875;6.352783203125;-8.59326171875;-0.053955078125;1.2133333683013916;1.2099999189376831;4;4;1;1;0;0;1;1;0;0;1;0;0;1;1;1;1;0;0
23803;12;1;1;0;4;0;0;0;0;1;1;0.3515625;15;-8.576416015625;6.370849609375;-8.576416015625;-0.052734375;1.2200000286102295;1.2166666984558105;4;4;1;1;0;0;1;1;0;0;1;0;0;1;1;1;1;0;0
23814;12;1;1;0;4;0;0;0;0;1;1;0.3515625;15;-8.565185546875;6.382080078125;-8.565185546875;-0.052734375;1.2200000286102295;1.2166666984558105;4;4;1;1;0;0;1;1;0;0;1;0;0;1;1;1;1;0;0
23823;12;1;1;0;4;0;0;0;0;1;1;0.3531900942325592;15;-8.548095703125;6.39892578125;-8.548095703125;-0.052978515625;1.2233333587646484;1.2233333587646484;4;4;1;1;0;0;1;1;0;0;1;0;0;1;1;1;1;0;0
23833;12;1;1;0;4;0;0;0;0;1;1;0.3531900942325592;15;-8.536865234375;6.41015625;-8.536865234375;-0.052978515625;1.2300000190734863;1.2200000286102295;4;4;1;1;0;0;1;1;0;0;1;0;0;1;1;1;1;0;0
23844;12;1;1;0;4;0;0;0;0;1;1;0.361328125;15;-8.52001953125;6.42578125;-8.52001953125;-0.05419921875;1.2300000190734863;1.2266666889190674;4;4;1;1;0;0;1;1;0;0;1;0;0;1;1;1;1;0;0
23853;12;1;1;0;4;0;0;0;0;1;1;0.3531900942325592;15;-8.508544921875;6.4384765625;-8.508544921875;-0.052978515625;1.2333333492279053;1.2300000190734863;4;4;1;1;0;0;1;1;0;0;1;0;0;1;1;1;1;0;0
23863;12;1;1;0;4;0;0;0;0;1;1;0.361328125;15;-8.49169921875;6.4541015625;-8.49169921875;-0.05419921875;1.2366667985916138;1.2333333492279053;4;4;1;1;0;0;1;1;0;0;1;0;0;1;1;1;1;0;0
23877;12;1;1;0;4;0;0;0;0;1;1;0.3531900942325592;15;-8.480224609375;6.466796875;-8.480224609375;-0.052978515625;1.2366667985916138;1.2333333492279053;4;4;1;1;0;0;1;1;0;0;1;0;0;1;1;1;1;0;0
23883;12;1;1;0;4;0;0;0;0;1;1;0.3531900942325592;15;-8.463134765625;6.48388671875;-8.463134765625;-0.052978515625;1.2400000095367432;1.2366667985916138;4;4;1;1;0;0;1;1;0;0;1;0;0;1;1;1;1;0;0
23894;12;1;1;0;4;0;0;0;0;1;1;0.3548177182674408;15;-8.45166015625;6.4951171875;-8.45166015625;-0.05322265625;1.2433333396911621;1.2333333492279053;4;4;1;1;0;0;1;1;0;0;1;0;0;1;1;1;1;0;0
23903;12;1;1;0;4;0;0;0;0;1;1;0.3548177182674408;15;-8.4345703125;6.51220703125;-8.4345703125;-0.05322265625;1.2433333396911621;1.2400000095367432;4;4;1;1;0;0;1;1;0;0;1;0;0;1;1;1;1;0;0
23913;12;1;1;0;4;0;0;0;0;1;1;0.3531900942325592;15;-8.42333984375;6.523681640625;-8.42333984375;-0.052978515625;1.2433333396911621;1.2400000095367432;4;4;1;1;0;0;1;1;0;0;1;0;0;1;1;1;1;0;0
23923;12;1;1;0;4;0;0;0;0;1;1;0.3645833432674408;15;-8.406005859375;6.539306640625;-8.406005859375;-0.0546875;1.2466666698455811;1.2400000095367432;4;4;1;1;0;0;1;1;0;0;1;0;0;1;1;1;1;0;0
23933;12;1;1;0;4;0;0;0;0;1;1;0.3548177182674408;15;-8.39453125;6.55224609375;-8.39453125;-0.05322265625;1.25;1.2466666698455811;4;4;1;1;0;0;1;1;0;0;1;0;0;1;1;1;1;0;0
23944;12;1;1;0;4;0;0;0;0;1;1;0.3548177182674408;15;-8.37744140625;6.5693359375;-8.37744140625;-0.05322265625;1.25;1.2433333396911621;4;4;1;1;0;0;1;1;0;0;1;0;0;1;1;1;1;0;0
23953;12;1;1;0;4;0;0;0;0;1;1;0.3548177182674408;15;-8.365966796875;6.580810546875;-8.365966796875;-0.05322265625;1.25;1.2466666698455811;4;4;1;1;0;0;1;1;0;0;1;0;0;1;1;1;1;0;0
23963;12;1;1;0;4;0;0;0;0;1;1;0.3662109375;15;-8.3486328125;6.596435546875;-8.3486328125;-0.054931640625;1.2533334493637085;1.2466666698455811;4;4;1;1;0;0;1;1;0;0;1;0;0;1;1;1;1;0;0
23975;12;1;1;0;4;0;0;0;0;1;1;0.3564453125;15;-8.337158203125;6.609375;-8.337158203125;-0.053466796875;1.2533334493637085;1.25;4;4;1;1;0;0;1;1;0;0;1;0;0;1;1;1;1;0;0
23983;12;1;1;0;4;0;0;0;0;1;1;0.3662109375;15;-8.31982421875;6.625244140625;-8.31982421875;-0.054931640625;1.2533334493637085;1.25;4;4;1;1;0;0;1;1;0;0;1;0;0;1;1;1;1;0;0
23993;12;1;1;0;4;0;0;0;0;1;1;0.3564453125;15;-8.308349609375;6.63818359375;-8.308349609375;-0.053466796875;1.2566666603088379;1.2533334493637085;5;5;1;1;0;0;1;1;0;0;1;0;0;1;1;1;1;0;0
24003;12;1;1;0;5;0;0;0;0;1;1;0.3564453125;15;-8.291015625;6.655517578125;-8.291015625;-0.053466796875;1.2566666603088379;1.2533334493637085;5;5;1;1;0;0;1;1;0;0;1;0;0;1;1;1;1;0;0
24015;12;1;1;0;5;0;0;0;0;1;1;0.3662109375;15;-8.279541015625;6.66552734375;-8.279541015625;-0.054931640625;1.2566666603088379;1.2533334493637085;5;5;1;1;0;0;1;1;0;0;1;0;0;1;1;1;1;0;0
24023;12;1;1;0;5;0;0;0;0;1;1;0.3564453125;15;-8.26220703125;6.684326171875;-8.26220703125;-0.053466796875;1.2599999904632568;1.2566666603088379;5;5;1;1;0;0;1;1;0;0;1;0;0;1;1;1;1;0;0
24033;12;1;1;0;5;0;0;0;0;1;1;0.3564453125;15;-8.250732421875;6.69580078125;-8.250732421875;-0.053466796875;1.2599999904632568;1.2566666603088379;5;5;1;1;0;0;1;1;0;0;1;0;0;1;1;1;1;0;0
24045;12;1;1;0;5;0;0;0;0;1;1;0.3662109375;15;-8.2333984375;6.711669921875;-8.2333984375;-0.054931640625;1.2633334398269653;1.2566666603088379;5;5;1;1;0;0;1;1;0;0;1;0;0;1;1;1;1;0;0
24053;12;1;1;0;5;0;0;0;0;1;1;0.3580729067325592;15;-8.2216796875;6.724609375;-8.2216796875;-0.0537109375;1.2633334398269653;1.2599999904632568;5;5;1;1;0;0;1;1;0;0;1;0;0;1;1;1;1;0;0
24063;12;1;1;0;5;0;0;0;0;1;1;0.3580729067325592;15;-8.204345703125;6.741943359375;-8.204345703125;-0.0537109375;1.2633334398269653;1.2599999904632568;5;5;1;1;0;0;1;1;0;0;1;0;0;1;1;1;1;0;0
24074;12;1;1;0;5;0;0;0;0;1;1;0.3580729067325592;15;-8.192626953125;6.753662109375;-8.192626953125;-0.0537109375;1.2666666507720947;1.2633334398269653;5;5;1;1;0;0;1;1;0;0;1;0;0;1;1;1;1;0;0
24083;12;1;1;0;5;0;0;0;0;1;1;0.3580729067325592;15;-8.17529296875;6.77099609375;-8.17529296875;-0.0537109375;1.2666666507720947;1.2599999904632568;5;5;1;1;0;0;1;1;0;0;1;0;0;1;1;1;1;0;0
24093;12;1;1;0;5;0;0;0;0;1;1;0.3597005307674408;15;-8.16357421875;6.782470703125;-8.16357421875;-0.053955078125;1.2666666507720947;1.2633334398269653;5;5;1;1;0;0;1;1;0;0;1;0;0;1;1;1;1;0;0
24103;12;1;1;0;5;0;0;0;0;1;1;0.3580729067325592;15;-8.146240234375;6.800048828125;-8.146240234375;-0.0537109375;1.2700001001358032;1.2633334398269653;5;5;1;1;0;0;1;1;0;0;1;0;0;1;1;1;1;0;0
24114;12;1;1;0;5;0;0;0;0;1;1;0.3580729067325592;15;-8.134521484375;6.811767578125;-8.134521484375;-0.0537109375;1.2700001001358032;1.2666666507720947;5;5;1;1;0;0;1;1;0;0;1;0;0;1;1;1;1;0;0
24123;12;1;1;0;5;0;0;0;0;1;1;0.3597005307674408;15;-8.116943359375;6.8291015625;-8.116943359375;-0.053955078125;1.2700001001358032;1.2633334398269653;5;5;1;1;0;0;1;1;0;0;1;0;0;1;1;1;1;0;0
24133;12;1;1;0;5;0;0;0;0;1;1;0.3694661557674408;15;-8.10546875;6.839111328125;-8.10546875;-0.055419921875;1.2700001001358032;1.2666666507720947;5;5;1;1;0;0;1;1;0;0;1;0;0;1;1;1;1;0;0
24145;12;1;1;0;5;0;0;0;0;1;1;0.3597005307674408;15;-8.087890625;6.858154296875;-8.087890625;-0.053955078125;1.2733333110809326;1.2700001001358032;5;5;1;1;0;0;1;1;0;0;1;0;0;1;1;1;1;0;0
24153;12;1;1;0;5;0;0;0;0;1;1;0.3597005307674408;15;-8.076171875;6.869873046875;-8.076171875;-0.053955078125;1.2733333110809326;1.2700001001358032;5;5;1;1;0;0;1;1;0;0;1;0;0;1;1;1;1;0;0
24163;12;1;1;0;5;0;0;0;0;1;1;0.3597005307674408;15;-8.058837890625;6.88720703125;-8.058837890625;-0.053955078125;1.2733333110809326;1.2700001001358032;5;5;1;1;0;0;1;1;0;0;1;0;0;1;1;1;1;0;0
24173;12;1;1;0;5;0;0;0;0;1;1;0.3597005307674408;15;-8.047119140625;6.89892578125;-8.047119140625;-0.053955078125;1.2733333110809326;1.2700001001358032;5;5;1;1;0;0;1;1;0;0;1;0;0;1;1;1;1;0;0
24184;12;1;1;0;5;0;0;0;0;1;1;0.3597005307674408;15;-8.029541015625;6.91650390625;-8.029541015625;-0.053955078125;1.2766666412353516;1.2733333110809326;5;5;1;1;0;0;1;1;0;0;1;0;0;1;1;1;1;0;0
24193;12;1;1;0;5;0;0;0;0;1;1;0.361328125;15;-8.017822265625;6.927978515625;-8.017822265625;-0.05419921875;1.2766666412353516;1.2700001001358032;5;5;1;1;0;0;1;1;0;0;1;0;0;1;1;1;1;0;0
24203;12;1;1;0;5;0;0;0;0;1;1;0.3629557192325592;15;-8.000244140625;6.9453125;-8.000244140625;-0.054443359375;1.2766666412353516;1.2666666507720947;5;5;1;1;0;0;1;1;0;0;1;0;0;1;1;1;1;0;0
24215;12;1;1;0;5;0;0;0;0;1;1;0.361328125;15;-7.988525390625;6.957275390625;-7.988525390625;-0.05419921875;1.2766666412353516;1.2733333110809326;5;5;1;1;0;0;1;1;0;0;1;0;0;1;1;1;1;0;0
24223;12;1;1;0;5;0;0;0;0;1;1;0.3629557192325592;15;-7.970947265625;6.974609375;-7.970947265625;-0.054443359375;1.2766666412353516;1.2733333110809326;5;5;1;1;0;0;1;1;0;0;1;0;0;1;1;1;1;0;0
24233;12;1;1;0;5;0;0;0;0;1;1;0.3629557192325592;15;-7.959228515625;6.986328125;-7.959228515625;-0.054443359375;1.2766666412353516;1.2666666507720947;5;5;1;1;0;0;1;1;0;0;1;0;0;1;1;1;1;0;0
24246;12;1;1;0;5;0;0;0;0;1;1;0.361328125;15;-7.94189453125;7.00390625;-7.94189453125;-0.05419921875;1.2766666412353516;1.2766666412353516;5;5;1;1;0;0;1;1;0;0;1;0;0;1;1;1;1;0;0
24253;12;1;1;0;5;0;0;0;0;1;1;0.361328125;15;-7.93017578125;7.015625;-7.93017578125;-0.05419921875;1.2766666412353516;1.2766666412353516;5;5;1;1;0;0;1;1;0;0;1;0;0;1;1;1;1;0;0
24263;12;1;1;0;5;0;0;0;0;1;1;0.3629557192325592;15;-7.91259765625;7.032958984375;-7.91259765625;-0.054443359375;1.2766666412353516;1.2700001001358032;5;5;1;1;0;0;1;1;0;0;1;0;0;1;1;1;1;0;0
24273;12;1;1;0;5;0;0;0;0;1;1;0.3629557192325592;15;-7.90087890625;7.044677734375;-7.90087890625;-0.054443359375;1.2766666412353516;1.2733333110809326;5;5;1;1;0;0;1;1;0;0;1;0;0;1;1;1;1;0;0
24283;12;1;1;0;5;0;0;0;0;1;1;0.3629557192325592;15;-7.88330078125;7.062255859375;-7.88330078125;-0.054443359375;1.2766666412353516;1.2766666412353516;5;5;1;1;0;0;1;1;0;0;1;0;0;1;1;1;1;0;0
24293;12;1;1;0;5;0;0;0;0;1;1;0.3645833432674408;15;-7.871337890625;7.073974609375;-7.871337890625;-0.0546875;1.28000009059906;1.2733333110809326;5;5;1;1;0;0;1;1;0;0;1;0;0;1;1;1;1;0;0
24303;12;1;1;0;5;0;0;0;0;1;1;0.3629557192325592;15;-7.85400390625;7.091552734375;-7.85400390625;-0.054443359375;1.2766666412353516;1.2766666412353516;5;5;1;1;0;0;1;1;0;0;1;0;0;1;1;1;1;0;0
24314;12;1;1;0;5;0;0;0;0;1;1;0.3645833432674408;15;-7.84228515625;7.10302734375;-7.84228515625;-0.0546875;1.28000009059906;1.2733333110809326;5;5;1;1;0;0;1;1;0;0;1;0;0;1;1;1;1;0;0
24324;12;1;1;0;5;0;0;0;0;1;1;0.3662109375;15;-7.824462890625;7.12060546875;-7.824462890625;-0.054931640625;1.28000009059906;1.2766666412353516;5;5;1;1;0;0;1;1;0;0;1;0;0;1;1;1;1;0;0
24334;12;1;1;0;5;0;0;0;0;1;1;0.3645833432674408;15;-7.812744140625;7.132568359375;-7.812744140625;-0.0546875;1.28000009059906;1.28000009059906;5;5;1;1;0;0;1;1;0;0;1;0;0;1;1;1;1;0;0
24347;12;1;1;0;5;0;0;0;0;1;1;0.3662109375;15;-7.795166015625;7.14990234375;-7.795166015625;-0.054931640625;1.28000009059906;1.2700001001358032;5;5;1;1;0;0;1;1;0;0;1;0;0;1;1;1;1;0;0
24353;12;1;1;0;5;0;0;0;0;1;1;0.3662109375;15;-7.783447265625;7.16162109375;-7.783447265625;-0.054931640625;1.28000009059906;1.2766666412353516;5;5;1;1;0;0;1;1;0;0;1;0;0;1;1;1;1;0;0
24363;12;1;1;0;5;0;0;0;0;1;1;0.3662109375;15;-7.765869140625;7.17919921875;-7.765869140625;-0.054931640625;1.28000009059906;1.28000009059906;5;5;1;1;0;0;1;1;0;0;1;0;0;1;1;1;1;0;0
24373;12;1;1;0;5;0;0;0;0;1;1;0.3662109375;15;-7.754150390625;7.19091796875;-7.754150390625;-0.054931640625;1.28000009059906;1.2766666412353516;5;5;1;1;0;0;1;1;0;0;1;0;0;1;1;1;1;0;0
24383;12;1;1;0;5;0;0;0;0;1;1;0.3678385317325592;15;-7.736572265625;7.208251953125;-7.736572265625;-0.05517578125;1.28000009059906;1.2733333110809326;5;5;1;1;0;0;1;1;0;0;1;0;0;1;1;1;1;0;0
24393;12;1;1;0;5;0;0;0;0;1;1;0.3662109375;15;-7.724853515625;7.22021484375;-7.724853515625;-0.054931640625;1.28000009059906;1.2766666412353516;5;5;1;1;0;0;1;1;0;0;1;0;0;1;1;1;1;0;0
24403;12;1;1;0;5;0;0;0;0;1;1;0.3662109375;15;-7.707275390625;7.23779296875;-7.707275390625;-0.054931640625;1.28000009059906;1.28000009059906;5;5;1;1;0;0;1;1;0;0;1;0;0;1;1;1;1;0;0
24414;12;1;1;0;5;0;0;0;0;1;1;0.3662109375;15;-7.695556640625;7.24951171875;-7.695556640625;-0.054931640625;1.28000009059906;1.2833333015441895;5;5;1;1;0;0;1;1;0;0;1;0;0;1;1;1;1;0;0
24423;12;1;1;0;5;0;0;0;0;1;1;0.3662109375;15;-7.677978515625;7.26708984375;-7.677978515625;-0.054931640625;1.28000009059906;1.28000009059906;5;5;1;1;0;0;1;1;0;0;1;0;0;1;1;1;1;0;0
24433;12;1;1;0;5;0;0;0;0;1;1;0.3662109375;15;-7.666259765625;7.27880859375;-7.666259765625;-0.054931640625;1.28000009059906;1.28000009059906;5;5;1;1;0;0;1;1;0;0;1;0;0;1;1;1;1;0;0
24443;12;1;1;0;5;0;0;0;0;1;1;0.3662109375;15;-7.648681640625;7.29638671875;-7.648681640625;-0.054931640625;1.28000009059906;1.28000009059906;5;5;1;1;0;0;1;1;0;0;1;0;0;1;1;1;1;0;0
24454;12;1;1;0;5;0;0;0;0;1;1;0.3662109375;15;-7.636962890625;7.30810546875;-7.636962890625;-0.054931640625;1.28000009059906;1.2766666412353516;5;5;1;1;0;0;1;1;0;0;1;0;0;1;1;1;1;0;0
24463;12;1;1;0;5;0;0;0;0;1;1;0.3678385317325592;15;-7.619140625;7.32568359375;-7.619140625;-0.05517578125;1.2833333015441895;1.2833333015441895;5;5;1;1;0;0;1;1;0;0;1;0;0;1;1;1;1;0;0
24473;12;1;1;0;5;0;0;0;0;1;1;0.3662109375;15;-7.607421875;7.337646484375;-7.607421875;-0.054931640625;1.2866667509078979;1.2900000810623169;5;5;1;1;0;0;1;1;0;0;1;0;0;1;1;1;1;0;0
24483;12;1;1;0;5;0;0;0;0;1;1;0.3678385317325592;15;-7.58935546875;7.35546875;-7.58935546875;-0.05517578125;1.2933332920074463;1.2900000810623169;5;5;1;1;0;0;1;1;0;0;1;0;0;1;1;1;1;0;0
24493;12;1;1;0;5;0;0;0;0;1;1;0.3662109375;15;-7.57763671875;7.367431640625;-7.57763671875;-0.054931640625;1.2966667413711548;1.2900000810623169;5;5;1;1;0;0;1;1;0;0;1;0;0;1;1;1;1;0;0
24503;12;1;1;0;5;0;0;0;0;1;1;0.3662109375;15;-7.5595703125;7.385498046875;-7.5595703125;-0.054931640625;1.2999999523162842;1.3033334016799927;5;5;1;1;0;0;1;1;0;0;1;0;0;1;1;1;1;0;0
24514;12;1;1;0;5;0;0;0;0;1;1;0.3662109375;15;-7.547607421875;7.3974609375;-7.547607421875;-0.054931640625;1.3066667318344116;1.3066667318344116;5;5;1;1;0;0;1;1;0;0;1;0;0;1;1;1;1;0;0
24523;12;1;1;0;5;0;0;0;0;1;1;0.3662109375;15;-7.529541015625;7.41552734375;-7.529541015625;-0.054931640625;1.309999942779541;1.3066667318344116;5;5;1;1;0;0;1;1;0;0;1;0;0;1;1;1;1;0;0
24533;12;1;1;0;5;0;0;0;0;1;1;0.3678385317325592;15;-7.517333984375;7.427490234375;-7.517333984375;-0.05517578125;1.3133333921432495;1.3066667318344116;5;5;1;1;0;0;1;1;0;0;1;0;0;1;1;1;1;0;0
24544;12;1;1;0;5;0;0;0;0;1;1;0.3662109375;15;-7.499267578125;7.44580078125;-7.499267578125;-0.054931640625;1.3166667222976685;1.3200000524520874;5;5;1;1;0;0;1;1;0;0;1;0;0;1;1;1;1;0;0
24554;12;1;1;0;5;0;0;0;0;1;1;0.3662109375;15;-7.487060546875;7.4580078125;-7.487060546875;-0.054931640625;1.3166667222976685;1.3233333826065063;5;5;1;1;0;0;1;1;0;0;1;0;0;1;1;1;1;0;0
24563;12;1;1;0;5;0;0;0;0;1;1;0.3662109375;15;-7.468994140625;7.47607421875;-7.468994140625;-0.054931640625;1.3200000524520874;1.3200000524520874;5;5;1;1;0;0;1;1;0;0;1;0;0;1;1;1;1;0;0
24573;12;1;1;0;5;0;0;0;0;1;1;0.3662109375;15;-7.456787109375;7.48828125;-7.456787109375;-0.054931640625;1.3233333826065063;1.3233333826065063;5;5;1;1;0;0;1;1;0;0;1;0;0;1;1;1;1;0;0
24583;12;1;1;0;5;0;0;0;0;1;1;0.3645833432674408;15;-7.438720703125;7.506591796875;-7.438720703125;-0.0546875;1.3200000524520874;1.3233333826065063;5;5;1;1;0;0;1;1;0;0;1;0;0;1;1;1;1;0;0
24593;12;1;1;0;5;0;0;0;0;1;1;0.3662109375;15;-7.426513671875;7.5185546875;-7.426513671875;-0.054931640625;1.3233333826065063;1.3233333826065063;5;5;1;1;0;0;1;1;0;0;1;0;0;1;1;1;1;0;0
24604;12;1;1;0;5;0;0;0;0;1;1;0.3662109375;15;-7.408203125;7.536865234375;-7.408203125;-0.054931640625;1.3233333826065063;1.3266665935516357;5;5;1;1;0;0;1;1;0;0;1;0;0;1;1;1;1;0;0
24614;12;1;1;0;5;0;0;0;0;1;1;0.3645833432674408;15;-7.396240234375;7.549072265625;-7.396240234375;-0.0546875;1.3266665935516357;1.3266665935516357;5;5;1;1;0;0;1;1;0;0;1;0;0;1;1;1;1;0;0
24623;12;1;1;0;5;0;0;0;0;1;1;0.3645833432674408;15;-7.3779296875;7.5673828125;-7.3779296875;-0.0546875;1.3266665935516357;1.3266665935516357;5;5;1;1;0;0;1;1;0;0;1;0;0;1;1;1;1;0;0
24633;12;1;1;0;5;0;0;0;0;1;1;0.3645833432674408;15;-7.36572265625;7.57958984375;-7.36572265625;-0.0546875;1.3266665935516357;1.3300000429153442;5;5;1;1;0;0;1;1;0;0;1;0;0;1;1;1;1;0;0
24644;12;1;1;0;5;0;0;0;0;1;1;0.3662109375;15;-7.347412109375;7.59765625;-7.347412109375;-0.054931640625;1.3266665935516357;1.3266665935516357;5;5;1;1;0;0;1;1;0;0;1;0;0;1;1;1;1;0;0
24654;12;1;1;0;5;0;0;0;0;1;1;0.3645833432674408;15;-7.335205078125;7.610107421875;-7.335205078125;-0.0546875;1.3300000429153442;1.3300000429153442;5;5;1;1;0;0;1;1;0;0;1;0;0;1;1;1;1;0;0
24663;12;1;1;0;5;0;0;0;0;1;1;0.3629557192325592;15;-7.317138671875;7.62841796875;-7.317138671875;-0.054443359375;1.3300000429153442;1.3300000429153442;5;5;1;1;0;0;1;1;0;0;1;0;0;1;1;1;1;0;0
24674;12;1;1;0;5;0;0;0;0;1;1;0.3662109375;15;-7.3046875;7.640380859375;-7.3046875;-0.054931640625;1.3300000429153442;1.3300000429153442;5;5;1;1;0;0;1;1;0;0;1;0;0;1;1;1;1;0;0
24683;12;1;1;0;5;0;0;0;0;1;1;0.3645833432674408;15;-7.28662109375;7.65869140625;-7.28662109375;-0.0546875;1.3300000429153442;1.3300000429153442;5;5;1;1;0;0;1;1;0;0;1;0;0;1;1;1;1;0;0
24693;12;1;1;0;5;0;0;0;0;1;1;0.3645833432674408;15;-7.2744140625;7.6708984375;-7.2744140625;-0.0546875;1.3300000429153442;1.3300000429153442;5;5;1;1;0;0;1;1;0;0;1;0;0;1;1;1;1;0;0
24704;12;1;1;0;5;0;0;0;0;1;1;0.3645833432674408;15;-7.256103515625;7.689208984375;-7.256103515625;-0.0546875;1.3300000429153442;1.3300000429153442;5;5;1;1;0;0;1;1;0;0;1;0;0;1;1;1;1;0;0
24714;12;1;1;0;5;0;0;0;0;1;1;0.3743489682674408;15;-7.243896484375;7.699951171875;-7.243896484375;-0.05615234375;1.3333333730697632;1.3333333730697632;5;5;1;1;0;0;1;1;0;0;1;0;0;1;1;1;1;0;0
24723;12;1;1;0;5;0;0;0;0;1;1;0.3645833432674408;15;-7.2255859375;7.7197265625;-7.2255859375;-0.0546875;1.3333333730697632;1.3300000429153442;5;5;1;1;0;0;1;1;0;0;1;0;0;1;1;1;1;0;0
24734;12;1;1;0;5;0;0;0;0;1;1;0.3645833432674408;15;-7.21337890625;7.73193359375;-7.21337890625;-0.0546875;1.3333333730697632;1.3300000429153442;5;5;1;1;0;0;1;1;0;0;1;0;0;1;1;1;1;0;0
24744;12;1;1;0;5;0;0;0;0;1;1;0.3645833432674408;15;-7.19482421875;7.75048828125;-7.19482421875;-0.0546875;1.3333333730697632;1.3333333730697632;5;5;1;1;0;0;1;1;0;0;1;0;0;1;1;1;1;0;0
24753;12;1;1;0;5;0;0;0;0;1;1;0.3645833432674408;15;-7.1826171875;7.7626953125;-7.1826171875;-0.0546875;1.3333333730697632;1.3333333730697632;5;5;1;1;0;0;1;1;0;0;1;0;0;1;1;1;1;0;0
24763;12;1;1;0;5;0;0;0;0;1;1;0.3645833432674408;15;-7.164306640625;7.781005859375;-7.164306640625;-0.0546875;1.3366667032241821;1.3333333730697632;5;5;1;1;0;0;1;1;0;0;1;0;0;1;1;1;1;0;0
24773;12;1;1;0;5;0;0;0;0;1;1;0.3645833432674408;15;-7.152099609375;7.793212890625;-7.152099609375;-0.0546875;1.3366667032241821;1.3333333730697632;5;5;1;1;0;0;1;1;0;0;1;0;0;1;1;1;1;0;0
24783;12;1;1;0;5;0;0;0;0;1;1;0.3662109375;15;-7.133544921875;7.8115234375;-7.133544921875;-0.054931640625;1.3366667032241821;1.3333333730697632;5;5;1;1;0;0;1;1;0;0;1;0;0;1;1;1;1;0;0
24793;12;1;1;0;5;0;0;0;0;1;1;0.3662109375;15;-7.121337890625;7.82373046875;-7.121337890625;-0.054931640625;1.3366667032241821;1.3366667032241821;5;5;1;1;0;0;1;1;0;0;1;0;0;1;1;1;1;0;0
24803;12;1;1;0;5;0;0;0;0;1;1;0.3662109375;15;-7.10302734375;7.842041015625;-7.10302734375;-0.054931640625;1.3366667032241821;1.3333333730697632;5;5;1;1;0;0;1;1;0;0;1;0;0;1;1;1;1;0;0
24813;12;1;1;0;5;0;0;0;0;1;1;0.3662109375;15;-7.0908203125;7.854248046875;-7.0908203125;-0.054931640625;1.3366667032241821;1.3333333730697632;5;5;1;1;0;0;1;1;0;0;1;0;0;1;1;1;1;0;0
24823;12;1;1;0;5;0;0;0;0;1;1;0.3645833432674408;15;-7.072509765625;7.872802734375;-7.072509765625;-0.0546875;1.3366667032241821;1.3366667032241821;5;5;1;1;0;0;1;1;0;0;1;0;0;1;1;1;1;0;0
24833;12;1;1;0;5;0;0;0;0;1;1;0.3662109375;15;-7.06005859375;7.885009765625;-7.06005859375;-0.054931640625;1.3366667032241821;1.3366667032241821;5;5;1;1;0;0;1;1;0;0;1;0;0;1;1;1;1;0;0
24843;12;1;1;0;5;0;0;0;0;1;1;0.3759765625;15;-7.041748046875;7.90185546875;-7.041748046875;-0.056396484375;1.3366667032241821;1.3366667032241821;5;5;1;1;0;0;1;1;0;0;1;0;0;1;1;1;1;0;0
24854;12;1;1;0;5;0;0;0;0;1;1;0.3662109375;15;-7.029541015625;7.91552734375;-7.029541015625;-0.054931640625;1.3366667032241821;1.3333333730697632;5;5;1;1;0;0;1;1;0;0;1;0;0;1;1;1;1;0;0
24863;12;1;1;0;5;0;0;0;0;1;1;0.3678385317325592;15;-7.010986328125;7.933837890625;-7.010986328125;-0.05517578125;1.3400000333786011;1.3366667032241821;5;5;1;1;0;0;1;1;0;0;1;0;0;1;1;1;1;0;0
24874;12;1;1;0;5;0;0;0;0;1;1;0.3662109375;15;-6.998779296875;7.9462890625;-6.998779296875;-0.054931640625;1.3400000333786011;1.3366667032241821;5;5;1;1;0;0;1;1;0;0;1;0;0;1;1;1;1;0;0
24883;12;1;1;0;5;0;0;0;0;1;1;0.3662109375;15;-6.98046875;7.964599609375;-6.98046875;-0.054931640625;1.3366667032241821;1.3366667032241821;5;5;1;1;0;0;1;1;0;0;1;0;0;1;1;1;1;0;0
24893;12;1;1;0;5;0;0;0;0;1;1;0.3662109375;15;-6.96826171875;7.976806640625;-6.96826171875;-0.054931640625;1.3366667032241821;1.3333333730697632;5;5;1;1;0;0;1;1;0;0;1;0;0;1;1;1;1;0;0
24903;12;1;1;0;5;0;0;0;0;1;1;0.3662109375;15;-6.949951171875;7.9951171875;-6.949951171875;-0.054931640625;1.3366667032241821;1.3366667032241821;5;5;1;1;0;0;1;1;0;0;1;0;0;1;1;1;1;0;0
24913;12;1;1;0;5;0;0;0;0;1;1;0.3678385317325592;15;-6.9375;8.00732421875;-6.9375;-0.05517578125;1.3366667032241821;1.3366667032241821;5;5;1;1;0;0;1;1;0;0;1;0;0;1;1;1;1;0;0
24923;12;1;1;0;5;0;0;0;0;1;1;0.3678385317325592;15;-6.919189453125;8.025634765625;-6.919189453125;-0.05517578125;1.3366667032241821;1.3366667032241821;5;5;1;1;0;0;1;1;0;0;1;0;0;1;1;1;1;0;0
24934;12;1;1;0;5;0;0;0;0;1;1;0.3678385317325592;15;-6.906982421875;8.037841796875;-6.906982421875;-0.05517578125;1.3366667032241821;1.3333333730697632;5;5;1;1;0;0;1;1;0;0;1;0;0;1;1;1;1;0;0
24943;12;1;1;0;5;0;0;0;0;1;1;0.3662109375;15;-6.888671875;8.056396484375;-6.888671875;-0.054931640625;1.3366667032241821;1.3366667032241821;5;5;1;1;0;0;1;1;0;0;1;0;0;1;1;1;1;0;0
24953;12;1;1;0;5;0;0;0;0;1;1;0.3678385317325592;15;-6.876220703125;8.068603515625;-6.876220703125;-0.05517578125;1.3366667032241821;1.3333333730697632;5;5;1;1;0;0;1;1;0;0;1;0;0;1;1;1;1;0;0
24963;12;1;1;0;5;0;0;0;0;1;1;0.3678385317325592;15;-6.85791015625;8.0869140625;-6.85791015625;-0.05517578125;1.3366667032241821;1.3333333730697632;5;5;1;1;0;0;1;1;0;0;1;0;0;1;1;1;1;0;0
24975;12;1;1;0;5;0;0;0;0;1;1;0.3678385317325592;15;-6.845703125;8.09912109375;-6.845703125;-0.05517578125;1.3366667032241821;1.3333333730697632;5;5;1;1;0;0;1;1;0;0;1;0;0;1;1;1;1;0;0
24983;12;1;1;0;5;0;0;0;0;1;1;0.3678385317325592;15;-6.827392578125;8.117431640625;-6.827392578125;-0.05517578125;1.3333333730697632;1.3366667032241821;5;5;1;1;0;0;1;1;0;0;1;0;0;1;1;1;1;0;0
24994;12;1;1;0;5;0;0;0;0;1;1;0.3678385317325592;15;-6.815185546875;8.129638671875;-6.815185546875;-0.05517578125;1.3366667032241821;1.3333333730697632;5;5;1;1;0;0;1;1;0;0;1;0;0;1;1;1;1;0;0
25003;12;1;1;0;5;0;0;0;0;1;1;0.3678385317325592;15;-6.796875;8.14794921875;-6.796875;-0.05517578125;1.3366667032241821;1.3366667032241821;5;5;1;1;0;0;1;1;0;0;1;0;0;1;1;1;1;0;0
25013;12;1;1;0;5;0;0;0;0;1;1;0.3678385317325592;15;-6.78466796875;8.16015625;-6.78466796875;-0.05517578125;1.3366667032241821;1.3333333730697632;5;5;1;1;0;0;1;1;0;0;1;0;0;1;1;1;1;0;0
25024;12;1;1;0;5;0;0;0;0;1;1;0.3694661557674408;15;-6.76611328125;8.178466796875;-6.76611328125;-0.055419921875;1.3366667032241821;1.3333333730697632;5;5;1;1;0;0;1;1;0;0;1;0;0;1;1;1;1;0;0
25034;12;1;1;0;5;0;0;0;0;1;1;0.3678385317325592;15;-6.75390625;8.19091796875;-6.75390625;-0.05517578125;1.3366667032241821;1.3333333730697632;5;5;1;1;0;0;1;1;0;0;1;0;0;1;1;1;1;0;0
25043;12;1;1;0;5;0;0;0;0;1;1;0.3678385317325592;15;-6.735595703125;8.209228515625;-6.735595703125;-0.05517578125;1.3333333730697632;1.3333333730697632;5;5;1;1;0;0;1;1;0;0;1;0;0;1;1;1;1;0;0
25053;12;1;1;0;5;0;0;0;0;1;1;0.3678385317325592;15;-6.723388671875;8.221435546875;-6.723388671875;-0.05517578125;1.3366667032241821;1.3333333730697632;5;5;1;1;0;0;1;1;0;0;1;0;0;1;1;1;1;0;0
25063;12;1;1;0;5;0;0;0;0;1;1;0.3678385317325592;15;-6.705078125;8.23974609375;-6.705078125;-0.05517578125;1.3366667032241821;1.3333333730697632;5;5;1;1;0;0;1;1;0;0;1;0;0;1;1;1;1;0;0
25074;12;1;1;0;5;0;0;0;0;1;1;0.3678385317325592;15;-6.69287109375;8.251953125;-6.69287109375;-0.05517578125;1.3366667032241821;1.3333333730697632;5;5;1;1;0;0;1;1;0;0;1;0;0;1;1;1;1;0;0
25083;12;1;1;0;5;0;0;0;0;1;1;0.3694661557674408;15;-6.67431640625;8.270263671875;-6.67431640625;-0.055419921875;1.3366667032241821;1.3366667032241821;5;5;1;1;0;0;1;1;0;0;1;0;0;1;1;1;1;0;0
25093;12;1;1;0;5;0;0;0;0;1;1;0.3694661557674408;15;-6.662109375;8.282470703125;-6.662109375;-0.055419921875;1.3366667032241821;1.3333333730697632;5;5;1;1;0;0;1;1;0;0;1;0;0;1;1;1;1;0;0
25103;12;1;1;0;5;0;0;0;0;1;1;0.3694661557674408;15;-6.643798828125;8.30078125;-6.643798828125;-0.055419921875;1.3366667032241821;1.3333333730697632;5;5;1;1;0;0;1;1;0;0;1;0;0;1;1;1;1;0;0
25114;12;1;1;0;5;0;0;0;0;1;1;0.3694661557674408;15;-6.631591796875;8.31298828125;-6.631591796875;-0.055419921875;1.3366667032241821;1.3333333730697632;5;5;1;1;0;0;1;1;0;0;1;0;0;1;1;1;1;0;0
25123;12;1;1;0;5;0;0;0;0;1;1;0.3678385317325592;15;-6.61328125;8.33154296875;-6.61328125;-0.05517578125;1.3333333730697632;1.3333333730697632;5;5;1;1;0;0;1;1;0;0;1;0;0;1;1;1;1;0;0
25135;12;1;1;0;5;0;0;0;0;1;1;0.3694661557674408;15;-6.600830078125;8.34375;-6.600830078125;-0.055419921875;1.3366667032241821;1.3366667032241821;5;5;1;1;0;0;1;1;0;0;1;0;0;1;1;1;1;0;0
25143;12;1;1;0;5;0;0;0;0;1;1;0.3694661557674408;15;-6.58251953125;8.362060546875;-6.58251953125;-0.055419921875;1.3366667032241821;1.3333333730697632;5;5;1;1;0;0;1;1;0;0;1;0;0;1;1;1;1;0;0
25153;12;1;1;0;5;0;0;0;0;1;1;0.3694661557674408;15;-6.5703125;8.374267578125;-6.5703125;-0.055419921875;1.3366667032241821;1.3333333730697632;5;5;1;1;0;0;1;1;0;0;1;0;0;1;1;1;1;0;0
25163;12;1;1;0;5;0;0;0;0;1;1;0.3694661557674408;15;-6.552001953125;8.392578125;-6.552001953125;-0.055419921875;1.3333333730697632;1.3333333730697632;5;5;1;1;0;0;1;1;0;0;1;0;0;1;1;1;1;0;0
25174;12;1;1;0;5;0;0;0;0;1;1;0.3694661557674408;15;-6.539794921875;8.40478515625;-6.539794921875;-0.055419921875;1.3366667032241821;1.3333333730697632;5;5;1;1;0;0;1;1;0;0;1;0;0;1;1;1;1;0;0
25183;12;1;1;0;5;0;0;0;0;1;1;0.3694661557674408;15;-6.521484375;8.423095703125;-6.521484375;-0.055419921875;1.3366667032241821;1.3333333730697632;5;5;1;1;0;0;1;1;0;0;1;0;0;1;1;1;1;0;0
25193;12;1;1;0;5;0;0;0;0;1;1;0.3694661557674408;15;-6.50927734375;8.435302734375;-6.50927734375;-0.055419921875;1.3366667032241821;1.3333333730697632;5;5;1;1;0;0;1;1;0;0;1;0;0;1;1;1;1;0;0
25203;12;1;1;0;5;0;0;0;0;1;1;0.3792317807674408;15;-6.490966796875;8.4521484375;-6.490966796875;-0.056884765625;1.3333333730697632;1.3366667032241821;5;5;1;1;0;0;1;1;0;0;1;0;0;1;1;1;1;0;0
25213;12;1;1;0;5;0;0;0;0;1;1;0.3694661557674408;15;-6.478515625;8.466064453125;-6.478515625;-0.055419921875;1.3366667032241821;1.3366667032241821;5;5;1;1;0;0;1;1;0;0;1;0;0;1;1;1;1;0;0
25223;12;1;1;0;5;0;0;0;0;1;1;0.3694661557674408;15;-6.460205078125;8.484375;-6.460205078125;-0.055419921875;1.3333333730697632;1.3333333730697632;5;5;1;1;0;0;1;1;0;0;1;0;0;1;1;1;1;0;0
25235;12;1;1;0;5;0;0;0;0;1;1;0.3694661557674408;15;-6.447998046875;8.49658203125;-6.447998046875;-0.055419921875;1.3366667032241821;1.3333333730697632;5;5;1;1;0;0;1;1;0;0;1;0;0;1;1;1;1;0;0
25243;12;1;1;0;5;0;0;0;0;1;1;0.3694661557674408;15;-6.4296875;8.514892578125;-6.4296875;-0.055419921875;1.3366667032241821;1.3366667032241821;5;5;1;1;0;0;1;1;0;0;1;0;0;1;1;1;1;0;0
25253;12;1;1;0;5;0;0;0;0;1;1;0.3694661557674408;15;-6.41748046875;8.527099609375;-6.41748046875;-0.055419921875;1.3366667032241821;1.3366667032241821;5;5;1;1;0;0;1;1;0;0;1;0;0;1;1;1;1;0;0
25263;12;1;1;0;5;0;0;0;0;1;1;0.3694661557674408;15;-6.399169921875;8.54541015625;-6.399169921875;-0.055419921875;1.3366667032241821;1.3333333730697632;5;5;1;1;0;0;1;1;0;0;1;0;0;1;1;1;1;0;0
25274;12;1;1;0;5;0;0;0;0;1;1;0.37109375;15;-6.38671875;8.5576171875;-6.38671875;-0.0556640625;1.3366667032241821;1.3333333730697632;5;5;1;1;0;0;1;1;0;0;1;0;0;1;1;1;1;0;0
25283;12;1;1;0;5;0;0;0;0;1;1;0.3694661557674408;15;-6.368408203125;8.576171875;-6.368408203125;-0.055419921875;1.3366667032241821;1.3333333730697632;5;5;1;1;0;0;1;1;0;0;1;0;0;1;1;1;1;0;0
25293;12;1;1;0;5;0;0;0;0;1;1;0.3694661557674408;15;-6.356201171875;8.58837890625;-6.356201171875;-0.055419921875;1.3366667032241821;1.3333333730697632;5;5;1;1;0;0;1;1;0;0;1;0;0;1;1;1;1;0;0
25303;12;1;1;0;5;0;0;0;0;1;1;0.3694661557674408;15;-6.337890625;8.606689453125;-6.337890625;-0.055419921875;1.3366667032241821;1.3333333730697632;5;5;1;1;0;0;1;1;0;0;1;0;0;1;1;1;1;0;0
25313;12;1;1;0;5;0;0;0;0;1;1;0.3694661557674408;15;-6.32568359375;8.618896484375;-6.32568359375;-0.055419921875;1.3366667032241821;1.3333333730697632;5;5;1;1;0;0;1;1;0;0;1;0;0;1;1;1;1;0;0
25323;12;1;1;0;5;0;0;0;0;1;1;0.37109375;15;-6.30712890625;8.63720703125;-6.30712890625;-0.0556640625;1.3366667032241821;1.3366667032241821;5;5;1;1;0;0;1;1;0;0;1;0;0;1;1;1;1;0;0
25333;12;1;1;0;5;0;0;0;0;1;1;0.37109375;15;-6.294921875;8.6494140625;-6.294921875;-0.0556640625;1.3366667032241821;1.3333333730697632;5;5;1;1;0;0;1;1;0;0;1;0;0;1;1;1;1;0;0
25343;12;1;1;0;5;0;0;0;0;1;1;0.37109375;15;-6.276611328125;8.667724609375;-6.276611328125;-0.0556640625;1.3366667032241821;1.3333333730697632;5;5;1;1;0;0;1;1;0;0;1;0;0;1;1;1;1;0;0
25353;12;1;1;0;5;0;0;0;0;1;1;0.37109375;15;-6.264404296875;8.679931640625;-6.264404296875;-0.0556640625;1.3366667032241821;1.3366667032241821;5;5;1;1;0;0;1;1;0;0;1;0;0;1;1;1;1;0;0
25363;12;1;1;0;5;0;0;0;0;1;1;0.37109375;15;-6.24609375;8.6982421875;-6.24609375;-0.0556640625;1.3366667032241821;1.3333333730697632;5;5;1;1;0;0;1;1;0;0;1;0;0;1;1;1;1;0;0
25374;12;1;1;0;5;0;0;0;0;1;1;0.3727213442325592;15;-6.233642578125;8.71044921875;-6.233642578125;-0.055908203125;1.3366667032241821;1.3333333730697632;5;5;1;1;0;0;1;1;0;0;1;0;0;1;1;1;1;0;0
25383;12;1;1;0;5;0;0;0;0;1;1;0.37109375;15;-6.21533203125;8.72900390625;-6.21533203125;-0.0556640625;1.3366667032241821;1.3333333730697632;5;5;1;1;0;0;1;1;0;0;1;0;0;1;1;1;1;0;0
25393;12;1;1;0;5;0;0;0;0;1;1;0.37109375;15;-6.203125;8.7412109375;-6.203125;-0.0556640625;1.3366667032241821;1.3333333730697632;5;5;1;1;0;0;1;1;0;0;1;0;0;1;1;1;1;0;0
25403;12;1;1;0;5;0;0;0;0;1;1;0.37109375;15;-6.184814453125;8.759521484375;-6.184814453125;-0.0556640625;1.3366667032241821;1.3366667032241821;5;5;1;1;0;0;1;1;0;0;1;0;0;1;1;1;1;0;0
25413;12;1;1;0;5;0;0;0;0;1;1;0.37109375;15;-6.172607421875;8.771728515625;-6.172607421875;-0.0556640625;1.3366667032241821;1.3333333730697632;5;5;1;1;0;0;1;1;0;0;1;0;0;1;1;1;1;0;0
25423;12;1;1;0;5;0;0;0;0;1;1;0.3727213442325592;15;-6.154052734375;8.7900390625;-6.154052734375;-0.055908203125;1.3366667032241821;1.3333333730697632;5;5;1;1;0;0;1;1;0;0;1;0;0;1;1;1;1;0;0
25433;12;1;1;0;5;0;0;0;0;1;1;0.3727213442325592;15;-6.141845703125;8.80224609375;-6.141845703125;-0.055908203125;1.3366667032241821;1.3366667032241821;5;5;1;1;0;0;1;1;0;0;1;0;0;1;1;1;1;0;0
25443;12;1;1;0;5;0;0;0;0;1;1;0.37109375;15;-6.12353515625;8.82080078125;-6.12353515625;-0.0556640625;1.3366667032241821;1.3366667032241821;5;5;1;1;0;0;1;1;0;0;1;0;0;1;1;1;1;0;0
25453;12;1;1;0;5;0;0;0;0;1;1;0.3727213442325592;15;-6.111328125;8.832763671875;-6.111328125;-0.055908203125;1.3366667032241821;1.3333333730697632;5;5;1;1;0;0;1;1;0;0;1;0;0;1;1;1;1;0;0
25463;12;1;1;0;5;0;0;0;0;1;1;0.37109375;15;-6.093017578125;8.851318359375;-6.093017578125;-0.0556640625;1.3366667032241821;1.3366667032241821;5;5;1;1;0;0;1;1;0;0;1;0;0;1;1;1;1;0;0
25474;12;1;1;0;5;0;0;0;0;1;1;0.3824869692325592;15;-6.08056640625;8.862060546875;-6.08056640625;-0.057373046875;1.3366667032241821;1.3366667032241821;5;5;1;1;0;0;1;1;0;0;1;0;0;1;1;1;1;0;0
25483;12;1;1;0;5;0;0;0;0;1;1;0.3727213442325592;15;-6.062255859375;8.8818359375;-6.062255859375;-0.055908203125;1.3400000333786011;1.3366667032241821;5;5;1;1;0;0;1;1;0;0;1;0;0;1;1;1;1;0;0
25493;12;1;1;0;5;0;0;0;0;1;1;0.3727213442325592;15;-6.050048828125;8.89404296875;-6.050048828125;-0.055908203125;1.3366667032241821;1.3333333730697632;5;5;1;1;0;0;1;1;0;0;1;0;0;1;1;1;1;0;0
25505;12;1;1;0;5;0;0;0;0;1;1;0.3727213442325592;15;-6.03173828125;8.912353515625;-6.03173828125;-0.055908203125;1.3366667032241821;1.3366667032241821;5;5;1;1;0;0;1;1;0;0;1;0;0;1;1;1;1;0;0
25513;12;1;1;0;5;0;0;0;0;1;1;0.3727213442325592;15;-6.019287109375;8.9248046875;-6.019287109375;-0.055908203125;1.3400000333786011;1.3366667032241821;5;5;1;1;0;0;1;1;0;0;1;0;0;1;1;1;1;0;0
25523;12;1;1;0;5;0;0;0;0;1;1;0.3743489682674408;15;-6.0009765625;8.94287109375;-6.0009765625;-0.05615234375;1.3366667032241821;1.3300000429153442;5;5;1;1;0;0;1;1;0;0;1;0;0;1;1;1;1;0;0
25533;12;1;1;0;5;0;0;0;0;1;1;0.3743489682674408;15;-5.98876953125;8.955078125;-5.98876953125;-0.05615234375;1.3366667032241821;1.3333333730697632;5;5;1;1;0;0;1;1;0;0;1;0;0;1;1;1;1;0;0
25543;12;1;1;0;5;0;0;0;0;1;1;0.3727213442325592;15;-5.970458984375;8.9736328125;-5.970458984375;-0.055908203125;1.3366667032241821;1.3366667032241821;5;5;1;1;0;0;1;1;0;0;1;0;0;1;1;1;1;0;0
25553;12;1;1;0;5;0;0;0;0;1;1;0.3727213442325592;15;-5.958251953125;8.98583984375;-5.958251953125;-0.055908203125;1.3366667032241821;1.3300000429153442;5;5;1;1;0;0;1;1;0;0;1;0;0;1;1;1;1;0;0
25563;12;1;1;0;5;0;0;0;0;1;1;0.3727213442325592;15;-5.93994140625;9.004150390625;-5.93994140625;-0.055908203125;1.3366667032241821;1.3366667032241821;5;5;1;1;0;0;1;1;0;0;1;0;0;1;1;1;1;0;0
25573;12;1;1;0;5;0;0;0;0;1;1;0.3743489682674408;15;-5.927490234375;9.016357421875;-5.927490234375;-0.05615234375;1.3366667032241821;1.3366667032241821;5;5;1;1;0;0;1;1;0;0;1;0;0;1;1;1;1;0;0
25583;12;1;1;0;5;0;0;0;0;1;1;0.3743489682674408;15;-5.9091796875;9.03466796875;-5.9091796875;-0.05615234375;1.3366667032241821;1.3300000429153442;5;5;1;1;0;0;1;1;0;0;1;0;0;1;1;1;1;0;0
25593;12;1;1;0;5;0;0;0;0;1;1;0.3743489682674408;15;-5.89697265625;9.046875;-5.89697265625;-0.05615234375;1.3400000333786011;1.3333333730697632;5;5;1;1;0;0;1;1;0;0;1;0;0;1;1;1;1;0;0
25603;12;1;1;0;5;0;0;0;0;1;1;0.3727213442325592;15;-5.878662109375;9.0654296875;-5.878662109375;-0.055908203125;1.3366667032241821;1.3366667032241821;5;5;1;1;0;0;1;1;0;0;1;0;0;1;1;1;1;0;0
25613;12;1;1;0;5;0;0;0;0;1;1;0.3759765625;15;-5.8662109375;9.077392578125;-5.8662109375;-0.056396484375;1.3400000333786011;1.3333333730697632;5;5;1;1;0;0;1;1;0;0;1;0;0;1;1;1;1;0;0
25623;12;1;1;0;5;0;0;0;0;1;1;0.3743489682674408;15;-5.847900390625;9.095947265625;-5.847900390625;-0.05615234375;1.3366667032241821;1.3400000333786011;5;5;1;1;0;0;1;1;0;0;1;0;0;1;1;1;1;0;0
25635;12;1;1;0;5;0;0;0;0;1;1;0.3743489682674408;15;-5.835693359375;9.108154296875;-5.835693359375;-0.05615234375;1.3400000333786011;1.3333333730697632;5;5;1;1;0;0;1;1;0;0;1;0;0;1;1;1;1;0;0
25643;12;1;1;0;5;0;0;0;0;1;1;0.3743489682674408;15;-5.817138671875;9.126708984375;-5.817138671875;-0.05615234375;1.3400000333786011;1.3400000333786011;5;5;1;1;0;0;1;1;0;0;1;0;0;1;1;1;1;0;0
25654;12;1;1;0;5;0;0;0;0;1;1;0.3759765625;15;-5.804931640625;9.138671875;-5.804931640625;-0.056396484375;1.3366667032241821;1.3333333730697632;5;5;1;1;0;0;1;1;0;0;1;0;0;1;1;1;1;0;0
25666;12;1;1;0;5;0;0;0;0;1;1;0.3759765625;15;-5.78662109375;9.156982421875;-5.78662109375;-0.056396484375;1.3400000333786011;1.3333333730697632;5;5;1;1;0;0;1;1;0;0;1;0;0;1;1;1;1;0;0
25674;12;1;1;0;5;0;0;0;0;1;1;0.3743489682674408;15;-5.7744140625;9.16943359375;-5.7744140625;-0.05615234375;1.3400000333786011;1.3400000333786011;5;5;1;1;0;0;1;1;0;0;1;0;0;1;1;1;1;0;0
25683;12;1;1;0;5;0;0;0;0;1;1;0.3759765625;15;-5.755859375;9.187744140625;-5.755859375;-0.056396484375;1.3400000333786011;1.3366667032241821;5;5;1;1;0;0;1;1;0;0;1;0;0;1;1;1;1;0;0
25694;12;1;1;0;5;0;0;0;0;1;1;0.3759765625;15;-5.74365234375;9.199951171875;-5.74365234375;-0.056396484375;1.3400000333786011;1.3300000429153442;5;5;1;1;0;0;1;1;0;0;1;0;0;1;1;1;1;0;0
25703;12;1;1;0;5;0;0;0;0;1;1;0.3759765625;15;-5.725341796875;9.21826171875;-5.725341796875;-0.056396484375;1.3366667032241821;1.3366667032241821;5;5;1;1;0;0;1;1;0;0;1;0;0;1;1;1;1;0;0
25714;12;1;1;0;5;0;0;0;0;1;1;0.3759765625;15;-5.713134765625;9.23046875;-5.713134765625;-0.056396484375;1.3400000333786011;1.3366667032241821;5;5;1;1;0;0;1;1;0;0;1;0;0;1;1;1;1;0;0
25723;12;1;1;0;5;0;0;0;0;1;1;0.3759765625;15;-5.694580078125;9.2490234375;-5.694580078125;-0.056396484375;1.3400000333786011;1.3400000333786011;5;5;1;1;0;0;1;1;0;0;1;0;0;1;1;1;1;0;0
25735;12;1;1;0;5;0;0;0;0;1;1;0.3759765625;15;-5.682373046875;9.26123046875;-5.682373046875;-0.056396484375;1.3400000333786011;1.3366667032241821;5;5;1;1;0;0;1;1;0;0;1;0;0;1;1;1;1;0;0
25743;12;1;1;0;5;0;0;0;0;1;1;0.3759765625;15;-5.6640625;9.279541015625;-5.6640625;-0.056396484375;1.3400000333786011;1.3366667032241821;5;5;1;1;0;0;1;1;0;0;1;0;0;1;1;1;1;0;0
25754;12;1;1;0;5;0;0;0;0;1;1;0.3759765625;15;-5.651611328125;9.2919921875;-5.651611328125;-0.056396484375;1.3400000333786011;1.3400000333786011;5;5;1;1;0;0;1;1;0;0;1;0;0;1;1;1;1;0;0
25763;12;1;1;0;5;0;0;0;0;1;1;0.3776041567325592;15;-5.63330078125;9.31005859375;-5.63330078125;-0.056640625;1.3366667032241821;1.3333333730697632;5;5;1;1;0;0;1;1;0;0;1;0;0;1;1;1;1;0;0
25773;12;1;1;0;5;0;0;0;0;1;1;0.3776041567325592;15;-5.62109375;9.322265625;-5.62109375;-0.056640625;1.3400000333786011;1.3300000429153442;5;5;1;1;0;0;1;1;0;0;1;0;0;1;1;1;1;0;0
25783;12;1;1;0;5;0;0;0;0;1;1;0.3759765625;15;-5.602783203125;9.3408203125;-5.602783203125;-0.056396484375;1.3366667032241821;1.3400000333786011;5;5;1;1;0;0;1;1;0;0;1;0;0;1;1;1;1;0;0
25793;12;1;1;0;5;0;0;0;0;1;1;0.3776041567325592;15;-5.59033203125;9.35302734375;-5.59033203125;-0.056640625;1.3366667032241821;1.3366667032241821;5;5;1;1;0;0;1;1;0;0;1;0;0;1;1;1;1;0;0
25803;12;1;1;0;5;0;0;0;0;1;1;0.3792317807674408;15;-5.572021484375;9.37109375;-5.572021484375;-0.056884765625;1.3400000333786011;1.3266665935516357;5;5;1;1;0;0;1;1;0;0;1;0;0;1;1;1;1;0;0
25813;12;1;1;0;5;0;0;0;0;1;1;0.3776041567325592;15;-5.559814453125;9.383544921875;-5.559814453125;-0.056640625;1.3366667032241821;1.3333333730697632;5;5;1;1;0;0;1;1;0;0;1;0;0;1;1;1;1;0;0
25823;12;1;1;0;5;0;0;0;0;1;1;0.3759765625;15;-5.54150390625;9.402099609375;-5.54150390625;-0.056396484375;1.3366667032241821;1.3366667032241821;5;5;1;1;0;0;1;1;0;0;1;0;0;1;1;1;1;0;0
25835;12;1;1;0;5;0;0;0;0;1;1;0.3792317807674408;15;-5.529052734375;9.4140625;-5.529052734375;-0.056884765625;1.3400000333786011;1.3333333730697632;5;5;1;1;0;0;1;1;0;0;1;0;0;1;1;1;1;0;0
25843;12;1;1;0;5;0;0;0;0;1;1;0.3792317807674408;15;-5.5107421875;9.432373046875;-5.5107421875;-0.056884765625;1.3366667032241821;1.3333333730697632;5;5;1;1;0;0;1;1;0;0;1;0;0;1;1;1;1;0;0
25854;12;1;1;0;5;0;0;0;0;1;1;0.3776041567325592;15;-5.49853515625;9.44482421875;-5.49853515625;-0.056640625;1.3400000333786011;1.3366667032241821;5;5;1;1;0;0;1;1;0;0;1;0;0;1;1;1;1;0;0
25866;12;1;1;0;5;0;0;0;0;1;1;0.3776041567325592;15;-5.480224609375;9.463134765625;-5.480224609375;-0.056640625;1.3366667032241821;1.3366667032241821;5;5;1;1;0;0;1;1;0;0;1;0;0;1;1;1;1;0;0
25873;12;1;1;0;5;0;0;0;0;1;1;0.3792317807674408;15;-5.4677734375;9.475341796875;-5.4677734375;-0.056884765625;1.3366667032241821;1.3366667032241821;5;5;1;1;0;0;1;1;0;0;1;0;0;1;1;1;1;0;0
25883;12;1;1;0;5;0;0;0;0;1;1;0.3776041567325592;15;-5.449462890625;9.493896484375;-5.449462890625;-0.056640625;1.3366667032241821;1.3366667032241821;5;5;1;1;0;0;1;1;0;0;1;0;0;1;1;1;1;0;0
25893;12;1;1;0;5;0;0;0;0;1;1;0.3776041567325592;15;-5.437255859375;9.506103515625;-5.437255859375;-0.056640625;1.3400000333786011;1.3333333730697632;5;5;1;1;0;0;1;1;0;0;1;0;0;1;1;1;1;0;0
25903;12;1;1;0;5;0;0;0;0;1;1;0.3792317807674408;15;-5.418701171875;9.5244140625;-5.418701171875;-0.056884765625;1.3400000333786011;1.3333333730697632;5;5;1;1;0;0;1;1;0;0;1;0;0;1;1;1;1;0;0
25913;12;1;1;0;5;0;0;0;0;1;1;0.3792317807674408;15;-5.406494140625;9.53662109375;-5.406494140625;-0.056884765625;1.3400000333786011;1.3366667032241821;5;5;1;1;0;0;1;1;0;0;1;0;0;1;1;1;1;0;0
25923;12;1;1;0;5;0;0;0;0;1;1;0.3776041567325592;15;-5.38818359375;9.55517578125;-5.38818359375;-0.056640625;1.3400000333786011;1.3366667032241821;5;5;1;1;0;0;1;1;0;0;1;0;0;1;1;1;1;0;0
25934;12;1;1;0;5;0;0;0;0;1;1;0.380859375;15;-5.375732421875;9.567138671875;-5.375732421875;-0.05712890625;1.3400000333786011;1.3333333730697632;5;5;1;1;0;0;1;1;0;0;1;0;0;1;1;1;1;0;0
25943;12;1;1;0;5;0;0;0;0;1;1;0.3792317807674408;15;-5.357421875;9.585693359375;-5.357421875;-0.056884765625;1.3366667032241821;1.3366667032241821;5;5;1;1;0;0;1;1;0;0;1;0;0;1;1;1;1;0;0
25953;12;1;1;0;5;0;0;0;0;1;1;0.3792317807674408;15;-5.34521484375;9.597900390625;-5.34521484375;-0.056884765625;1.3400000333786011;1.3366667032241821;5;5;1;1;0;0;1;1;0;0;1;0;0;1;1;1;1;0;0
25963;12;1;1;0;5;0;0;0;0;1;1;0.3889974057674408;15;-5.326904296875;9.61474609375;-5.326904296875;-0.058349609375;1.3400000333786011;1.3366667032241821;5;5;1;1;0;0;1;1;0;0;1;0;0;1;1;1;1;0;0
25973;12;1;1;0;5;0;0;0;0;1;1;0.380859375;15;-5.314453125;9.62841796875;-5.314453125;-0.05712890625;1.3400000333786011;1.3366667032241821;5;5;1;1;0;0;1;1;0;0;1;0;0;1;1;1;1;0;0
25983;12;1;1;0;5;0;0;0;0;1;1;0.3792317807674408;15;-5.296142578125;9.64697265625;-5.296142578125;-0.056884765625;1.3400000333786011;1.3366667032241821;5;5;1;1;0;0;1;1;0;0;1;0;0;1;1;1;1;0;0
25993;12;1;1;0;5;0;0;0;0;1;1;0.3792317807674408;15;-5.283935546875;9.6591796875;-5.283935546875;-0.056884765625;1.3400000333786011;1.3366667032241821;5;5;1;1;0;0;1;1;0;0;1;0;0;1;1;1;1;0;0
26003;12;1;1;0;5;0;0;0;0;1;1;0.380859375;15;-5.265380859375;9.677490234375;-5.265380859375;-0.05712890625;1.3400000333786011;1.3333333730697632;5;5;1;1;0;0;1;1;0;0;1;0;0;1;1;1;1;0;0
26014;12;1;1;0;5;0;0;0;0;1;1;0.380859375;15;-5.253173828125;9.689697265625;-5.253173828125;-0.05712890625;1.3400000333786011;1.3333333730697632;5;5;1;1;0;0;1;1;0;0;1;0;0;1;1;1;1;0;0
26023;12;1;1;0;5;0;0;0;0;1;1;0.3792317807674408;15;-5.23486328125;9.708251953125;-5.23486328125;-0.056884765625;1.3400000333786011;1.3400000333786011;5;5;1;1;0;0;1;1;0;0;1;0;0;1;1;1;1;0;0
26034;12;1;1;0;5;0;0;0;0;1;1;0.3792317807674408;15;-5.22265625;9.720458984375;-5.22265625;-0.056884765625;1.3366667032241821;1.3366667032241821;5;5;1;1;0;0;1;1;0;0;1;0;0;1;1;1;1;0;0
26043;12;1;1;0;5;0;0;0;0;1;1;0.380859375;15;-5.2041015625;9.73876953125;-5.2041015625;-0.05712890625;1.3366667032241821;1.3366667032241821;5;5;1;1;0;0;1;1;0;0;1;0;0;1;1;1;1;0;0
26053;12;1;1;0;5;0;0;0;0;1;1;0.380859375;15;-5.19189453125;9.7509765625;-5.19189453125;-0.05712890625;1.3400000333786011;1.3366667032241821;5;5;1;1;0;0;1;1;0;0;1;0;0;1;1;1;1;0;0
26065;12;1;1;0;5;0;0;0;0;1;1;0.380859375;15;-5.173583984375;9.769287109375;-5.173583984375;-0.05712890625;1.3400000333786011;1.3366667032241821;5;5;1;1;0;0;1;1;0;0;1;0;0;1;1;1;1;0;0
26073;12;1;1;0;5;0;0;0;0;1;1;0.380859375;15;-5.1611328125;9.78173828125;-5.1611328125;-0.05712890625;1.3400000333786011;1.3366667032241821;5;5;1;1;0;0;1;1;0;0;1;0;0;1;1;1;1;0;0
26083;12;1;1;0;5;0;0;0;0;1;1;0.380859375;15;-5.142822265625;9.800048828125;-5.142822265625;-0.05712890625;1.3366667032241821;1.3366667032241821;5;5;1;1;0;0;1;1;0;0;1;0;0;1;1;1;1;0;0
26095;12;1;1;0;5;0;0;0;0;1;1;0.380859375;15;-5.130615234375;9.812255859375;-5.130615234375;-0.05712890625;1.3400000333786011;1.3366667032241821;5;5;1;1;0;0;1;1;0;0;1;0;0;1;1;1;1;0;0
26103;12;1;1;0;5;0;0;0;0;1;1;0.380859375;15;-5.1123046875;9.83056640625;-5.1123046875;-0.05712890625;1.3400000333786011;1.3366667032241821;5;5;1;1;0;0;1;1;0;0;1;0;0;1;1;1;1;0;0
26113;12;1;1;0;5;0;0;0;0;1;1;0.380859375;15;-5.10009765625;9.8427734375;-5.10009765625;-0.05712890625;1.3366667032241821;1.3333333730697632;5;5;1;1;0;0;1;1;0;0;1;0;0;1;1;1;1;0;0
26123;12;1;1;0;5;0;0;0;0;1;1;0.380859375;15;-5.08154296875;9.861328125;-5.08154296875;-0.05712890625;1.3366667032241821;1.3366667032241821;5;5;1;1;0;0;1;1;0;0;1;0;0;1;1;1;1;0;0
26134;12;1;1;0;5;0;0;0;0;1;1;0.380859375;15;-5.0693359375;9.87353515625;-5.0693359375;-0.05712890625;1.3366667032241821;1.3366667032241821;5;5;1;1;0;0;1;1;0;0;1;0;0;1;1;1;1;0;0
26143;12;1;1;0;5;0;0;0;0;1;1;0.380859375;15;-5.051025390625;9.891845703125;-5.051025390625;-0.05712890625;1.3366667032241821;1.3366667032241821;5;5;1;1;0;0;1;1;0;0;1;0;0;1;1;1;1;0;0
26153;12;1;1;0;5;0;0;0;0;1;1;0.380859375;15;-5.038818359375;9.904052734375;-5.038818359375;-0.05712890625;1.3366667032241821;1.3366667032241821;5;5;1;1;0;0;1;1;0;0;1;0;0;1;1;1;1;0;0
26165;12;1;1;0;5;0;0;0;0;1;1;0.390625;15;-5.0205078125;9.9208984375;-5.0205078125;-0.05859375;1.3366667032241821;1.3366667032241821;5;5;1;1;0;0;1;1;0;0;1;0;0;1;1;1;1;0;0
26173;12;1;1;0;5;0;0;0;0;1;1;0.3824869692325592;15;-5.008056640625;9.9345703125;-5.008056640625;-0.057373046875;1.3366667032241821;1.3333333730697632;5;5;1;1;0;0;1;1;0;0;1;0;0;1;1;1;1;0;0
26183;12;1;1;0;5;0;0;0;0;1;1;0.380859375;15;-4.98974609375;9.953125;-4.98974609375;-0.05712890625;1.3366667032241821;1.3333333730697632;5;5;1;1;0;0;1;1;0;0;1;0;0;1;1;1;1;0;0
26194;12;1;1;0;5;0;0;0;0;1;1;0.380859375;15;-4.9775390625;9.96533203125;-4.9775390625;-0.05712890625;1.3366667032241821;1.3366667032241821;5;5;1;1;0;0;1;1;0;0;1;0;0;1;1;1;1;0;0
26203;12;1;1;0;5;0;0;0;0;1;1;0.380859375;15;-4.959228515625;9.983642578125;-4.959228515625;-0.05712890625;1.3333333730697632;1.3333333730697632;5;5;1;1;0;0;1;1;0;0;1;0;0;1;1;1;1;0;0
26213;12;1;1;0;5;0;0;0;0;1;1;0.380859375;15;-4.947021484375;9.995849609375;-4.947021484375;-0.05712890625;1.3400000333786011;1.3366667032241821;5;5;1;1;0;0;1;1;0;0;1;0;0;1;1;1;1;0;0
26223;12;1;1;0;5;0;0;0;0;1;1;0.3824869692325592;15;-4.928466796875;10.01416015625;-4.928466796875;-0.057373046875;1.3366667032241821;1.3366667032241821;5;5;1;1;0;0;1;1;0;0;1;0;0;1;1;1;1;0;0
26233;12;1;1;0;5;0;0;0;0;1;1;0.3824869692325592;15;-4.916259765625;10.0263671875;-4.916259765625;-0.057373046875;1.3366667032241821;1.3333333730697632;5;5;1;1;0;0;1;1;0;0;1;0;0;1;1;1;1;0;0
26243;12;1;1;0;5;0;0;0;0;1;1;0.380859375;15;-4.89794921875;10.044921875;-4.89794921875;-0.05712890625;1.3333333730697632;1.3366667032241821;5;5;1;1;0;0;1;1;0;0;1;0;0;1;1;1;1;0;0
26253;12;1;1;0;5;0;0;0;0;1;1;0.380859375;15;-4.8857421875;10.05712890625;-4.8857421875;-0.05712890625;1.3366667032241821;1.3366667032241821;5;5;1;1;0;0;1;1;0;0;1;0;0;1;1;1;1;0;0
26263;12;1;1;0;5;0;0;0;0;1;1;0.380859375;15;-4.867431640625;10.075439453125;-4.867431640625;-0.05712890625;1.3366667032241821;1.3366667032241821;5;5;1;1;0;0;1;1;0;0;1;0;0;1;1;1;1;0;0
26273;12;1;1;0;5;0;0;0;0;1;1;0.380859375;15;-4.855224609375;10.087646484375;-4.855224609375;-0.05712890625;1.3366667032241821;1.3366667032241821;5;5;1;1;0;0;1;1;0;0;1;0;0;1;1;1;1;0;0
26283;12;1;1;0;5;0;0;0;0;1;1;0.380859375;15;-4.8369140625;10.10595703125;-4.8369140625;-0.05712890625;1.3366667032241821;1.3366667032241821;5;5;1;1;0;0;1;1;0;0;1;0;0;1;1;1;1;0;0
26293;12;1;1;0;5;0;0;0;0;1;1;0.3792317807674408;15;-4.82470703125;10.118408203125;-4.82470703125;-0.056884765625;1.3366667032241821;1.3366667032241821;5;5;1;1;0;0;1;1;0;0;1;0;0;1;1;1;1;0;0
26303;12;1;1;0;5;0;0;0;0;1;1;0.380859375;15;-4.80615234375;10.13671875;-4.80615234375;-0.05712890625;1.3366667032241821;1.3333333730697632;5;5;1;1;0;0;1;1;0;0;1;0;0;1;1;1;1;0;0
26314;12;1;1;0;5;0;0;0;0;1;1;0.380859375;15;-4.7939453125;10.14892578125;-4.7939453125;-0.05712890625;1.3366667032241821;1.3366667032241821;5;5;1;1;0;0;1;1;0;0;1;0;0;1;1;1;1;0;0
26323;12;1;1;0;5;0;0;0;0;1;1;0.380859375;15;-4.775634765625;10.167236328125;-4.775634765625;-0.05712890625;1.3333333730697632;1.3366667032241821;5;5;1;1;0;0;1;1;0;0;1;0;0;1;1;1;1;0;0
26333;12;1;1;0;5;0;0;0;0;1;1;0.380859375;15;-4.763427734375;10.179443359375;-4.763427734375;-0.05712890625;1.3366667032241821;1.3333333730697632;5;5;1;1;0;0;1;1;0;0;1;0;0;1;1;1;1;0;0
26343;12;1;1;0;5;0;0;0;0;1;1;0.3792317807674408;15;-4.7451171875;10.197998046875;-4.7451171875;-0.056884765625;1.3366667032241821;1.3366667032241821;5;5;1;1;0;0;1;1;0;0;1;0;0;1;1;1;1;0;0
26353;12;1;1;0;5;0;0;0;0;1;1;0.3792317807674408;15;-4.73291015625;10.210205078125;-4.73291015625;-0.056884765625;1.3366667032241821;1.3333333730697632;5;5;1;1;0;0;1;1;0;0;1;0;0;1;1;1;1;0;0
26363;12;1;1;0;5;0;0;0;0;1;1;0.380859375;15;-4.71435546875;10.228515625;-4.71435546875;-0.05712890625;1.3366667032241821;1.3366667032241821;5;5;1;1;0;0;1;1;0;0;1;0;0;1;1;1;1;0;0
26373;12;1;1;0;5;0;0;0;0;1;1;0.380859375;15;-4.7021484375;10.24072265625;-4.7021484375;-0.05712890625;1.3366667032241821;1.3366667032241821;5;5;1;1;0;0;1;1;0;0;1;0;0;1;1;1;1;0;0
26383;12;1;1;0;5;0;0;0;0;1;1;0.390625;15;-4.683837890625;10.257568359375;-4.683837890625;-0.05859375;1.3366667032241821;1.3333333730697632;5;5;1;1;0;0;1;1;0;0;1;0;0;1;1;1;1;0;0
26395;12;1;1;0;5;0;0;0;0;1;1;0.3792317807674408;15;-4.671630859375;10.271484375;-4.671630859375;-0.056884765625;1.3366667032241821;1.3366667032241821;5;5;1;1;0;0;1;1;0;0;1;0;0;1;1;1;1;0;0
26403;12;1;1;0;5;0;0;0;0;1;1;0.3792317807674408;15;-4.6533203125;10.289794921875;-4.6533203125;-0.056884765625;1.3333333730697632;1.3366667032241821;5;5;1;1;0;0;1;1;0;0;1;0;0;1;1;1;1;0;0
26413;12;1;1;0;5;0;0;0;0;1;1;0.3792317807674408;15;-4.64111328125;10.302001953125;-4.64111328125;-0.056884765625;1.3333333730697632;1.3366667032241821;5;5;1;1;0;0;1;1;0;0;1;0;0;1;1;1;1;0;0
26423;12;1;1;0;5;0;0;0;0;1;1;0.3792317807674408;15;-4.622802734375;10.3203125;-4.622802734375;-0.056884765625;1.3366667032241821;1.3333333730697632;5;5;1;1;0;0;1;1;0;0;1;0;0;1;1;1;1;0;0
26433;12;1;1;0;5;0;0;0;0;1;1;0.3792317807674408;15;-4.610595703125;10.33251953125;-4.610595703125;-0.056884765625;1.3366667032241821;1.3333333730697632;5;5;1;1;0;0;1;1;0;0;1;0;0;1;1;1;1;0;0
26443;12;1;1;0;5;0;0;0;0;1;1;0.380859375;15;-4.592041015625;10.350830078125;-4.592041015625;-0.05712890625;1.3366667032241821;1.3366667032241821;5;5;1;1;0;0;1;1;0;0;1;0;0;1;1;1;1;0;0
26453;12;1;1;0;5;0;0;0;0;1;1;0.380859375;15;-4.579833984375;10.363037109375;-4.579833984375;-0.05712890625;1.3333333730697632;1.3366667032241821;5;5;1;1;0;0;1;1;0;0;1;0;0;1;1;1;1;0;0
26463;12;1;1;0;5;0;0;0;0;1;1;0.3792317807674408;15;-4.5615234375;10.381591796875;-4.5615234375;-0.056884765625;1.3333333730697632;1.3366667032241821;5;5;1;1;0;0;1;1;0;0;1;0;0;1;1;1;1;0;0
26474;12;1;1;0;5;0;0;0;0;1;1;0.3792317807674408;15;-4.54931640625;10.393798828125;-4.54931640625;-0.056884765625;1.3366667032241821;1.3333333730697632;5;5;1;1;0;0;1;1;0;0;1;0;0;1;1;1;1;0;0
26483;12;1;1;0;5;0;0;0;0;1;1;0.3792317807674408;15;-4.531005859375;10.412109375;-4.531005859375;-0.056884765625;1.3333333730697632;1.3366667032241821;5;5;1;1;0;0;1;1;0;0;1;0;0;1;1;1;1;0;0
26493;12;1;1;0;5;0;0;0;0;1;1;0.3792317807674408;15;-4.518798828125;10.42431640625;-4.518798828125;-0.056884765625;1.3333333730697632;1.3366667032241821;5;5;1;1;0;0;1;1;0;0;1;0;0;1;1;1;1;0;0
26503;12;1;1;0;5;0;0;0;0;1;1;0.3792317807674408;15;-4.50048828125;10.442626953125;-4.50048828125;-0.056884765625;1.3333333730697632;1.3333333730697632;5;5;1;1;0;0;1;1;0;0;1;0;0;1;1;1;1;0;0
26513;12;1;1;0;5;0;0;0;0;1;1;0.380859375;15;-4.488037109375;10.454833984375;-4.488037109375;-0.05712890625;1.3366667032241821;1.3366667032241821;5;5;1;1;0;0;1;1;0;0;1;0;0;1;1;1;1;0;0
26524;12;1;1;0;5;0;0;0;0;1;1;0.3792317807674408;15;-4.4697265625;10.473388671875;-4.4697265625;-0.056884765625;1.3366667032241821;1.3366667032241821;5;5;1;1;0;0;1;1;0;0;1;0;0;1;1;1;1;0;0
26534;12;1;1;0;5;0;0;0;0;1;1;0.3792317807674408;15;-4.45751953125;10.485595703125;-4.45751953125;-0.056884765625;1.3366667032241821;1.3366667032241821;5;5;1;1;0;0;1;1;0;0;1;0;0;1;1;1;1;0;0
26543;12;1;1;0;5;0;0;0;0;1;1;0.3792317807674408;15;-4.439208984375;10.50390625;-4.439208984375;-0.056884765625;1.3366667032241821;1.3333333730697632;5;5;1;1;0;0;1;1;0;0;1;0;0;1;1;1;1;0;0
26553;12;1;1;0;5;0;0;0;0;1;1;0.3792317807674408;15;-4.427001953125;10.51611328125;-4.427001953125;-0.056884765625;1.3366667032241821;1.3366667032241821;5;5;1;1;0;0;1;1;0;0;1;0;0;1;1;1;1;0;0
26563;12;1;1;0;5;0;0;0;0;1;1;0.3792317807674408;15;-4.40869140625;10.534423828125;-4.40869140625;-0.056884765625;1.3333333730697632;1.3333333730697632;5;5;1;1;0;0;1;1;0;0;1;0;0;1;1;1;1;0;0
26573;12;1;1;0;5;0;0;0;0;1;1;0.3792317807674408;15;-4.396484375;10.546630859375;-4.396484375;-0.056884765625;1.3333333730697632;1.3366667032241821;5;5;1;1;0;0;1;1;0;0;1;0;0;1;1;1;1;0;0
26583;12;1;1;0;5;0;0;0;0;1;1;0.3792317807674408;15;-4.378173828125;10.56494140625;-4.378173828125;-0.056884765625;1.3333333730697632;1.3366667032241821;5;5;1;1;0;0;1;1;0;0;1;0;0;1;1;1;1;0;0
26594;12;1;1;0;5;0;0;0;0;1;1;0.3792317807674408;15;-4.365966796875;10.5771484375;-4.365966796875;-0.056884765625;1.3366667032241821;1.3333333730697632;5;5;1;1;0;0;1;1;0;0;1;0;0;1;1;1;1;0;0
26603;12;1;1;0;5;0;0;0;0;1;1;0.3792317807674408;15;-4.347412109375;10.595703125;-4.347412109375;-0.056884765625;1.3366667032241821;1.3366667032241821;5;5;1;1;0;0;1;1;0;0;1;0;0;1;1;1;1;0;0
26614;12;1;1;0;5;0;0;0;0;1;1;0.3792317807674408;15;-4.335205078125;10.60791015625;-4.335205078125;-0.056884765625;1.3366667032241821;1.3400000333786011;5;5;1;1;0;0;1;1;0;0;1;0;0;1;1;1;1;0;0
26623;12;1;1;0;5;0;0;0;0;1;1;0.3792317807674408;15;-4.31689453125;10.626220703125;-4.31689453125;-0.056884765625;1.3333333730697632;1.3333333730697632;5;5;1;1;0;0;1;1;0;0;1;0;0;1;1;1;1;0;0
26633;12;1;1;0;5;0;0;0;0;1;1;0.3792317807674408;15;-4.3046875;10.638427734375;-4.3046875;-0.056884765625;1.3366667032241821;1.3333333730697632;5;5;1;1;0;0;1;1;0;0;1;0;0;1;1;1;1;0;0
26643;12;1;1;0;5;0;0;0;0;1;1;0.3792317807674408;15;-4.286376953125;10.65673828125;-4.286376953125;-0.056884765625;1.3366667032241821;1.3366667032241821;5;5;1;1;0;0;1;1;0;0;1;0;0;1;1;1;1;0;0
26653;12;1;1;0;5;0;0;0;0;1;1;0.3792317807674408;15;-4.274169921875;10.6689453125;-4.274169921875;-0.056884765625;1.3366667032241821;1.3333333730697632;5;5;1;1;0;0;1;1;0;0;1;0;0;1;1;1;1;0;0
26663;12;1;1;0;5;0;0;0;0;1;1;0.3776041567325592;15;-4.255859375;10.6875;-4.255859375;-0.056640625;1.3366667032241821;1.3366667032241821;5;5;1;1;0;0;1;1;0;0;1;0;0;1;1;1;1;0;0
26674;12;1;1;0;5;0;0;0;0;1;1;0.3792317807674408;15;-4.243408203125;10.69970703125;-4.243408203125;-0.056884765625;1.3366667032241821;1.3333333730697632;5;5;1;1;0;0;1;1;0;0;1;0;0;1;1;1;1;0;0
26683;12;1;1;0;5;0;0;0;0;1;1;0.3792317807674408;15;-4.22509765625;10.718017578125;-4.22509765625;-0.056884765625;1.3366667032241821;1.3366667032241821;5;5;1;1;0;0;1;1;0;0;1;0;0;1;1;1;1;0;0
26694;12;1;1;0;5;0;0;0;0;1;1;0.3792317807674408;15;-4.212890625;10.730224609375;-4.212890625;-0.056884765625;1.3366667032241821;1.3366667032241821;5;5;1;1;0;0;1;1;0;0;1;0;0;1;1;1;1;0;0
26703;12;1;1;0;5;0;0;0;0;1;1;0.3792317807674408;15;-4.194580078125;10.74853515625;-4.194580078125;-0.056884765625;1.3366667032241821;1.3366667032241821;5;5;1;1;0;0;1;1;0;0;1;0;0;1;1;1;1;0;0
26713;12;1;1;0;5;0;0;0;0;1;1;0.380859375;15;-4.18212890625;10.7607421875;-4.18212890625;-0.05712890625;1.3366667032241821;1.3333333730697632;5;5;1;1;0;0;1;1;0;0;1;0;0;1;1;1;1;0;0
26724;12;1;1;0;5;0;0;0;0;1;1;0.3792317807674408;15;-4.163818359375;10.779296875;-4.163818359375;-0.056884765625;1.3366667032241821;1.3366667032241821;5;5;1;1;0;0;1;1;0;0;1;0;0;1;1;1;1;0;0
26734;12;1;1;0;5;0;0;0;0;1;1;0.3792317807674408;15;-4.151611328125;10.79150390625;-4.151611328125;-0.056884765625;1.3366667032241821;1.3333333730697632;5;5;1;1;0;0;1;1;0;0;1;0;0;1;1;1;1;0;0
26745;12;1;1;0;5;0;0;0;0;1;1;0.3792317807674408;15;-4.13330078125;10.809814453125;-4.13330078125;-0.056884765625;1.3366667032241821;1.3366667032241821;5;5;1;1;0;0;1;1;0;0;1;0;0;1;1;1;1;0;0
26758;12;1;1;0;5;0;0;0;0;1;1;0.3792317807674408;15;-4.12109375;10.822021484375;-4.12109375;-0.056884765625;1.3366667032241821;1.3333333730697632;5;5;1;1;0;0;1;1;0;0;1;0;0;1;1;1;1;0;0
26764;12;1;1;0;5;0;0;0;0;1;1;0.380859375;15;-4.1025390625;10.84033203125;-4.1025390625;-0.05712890625;1.3366667032241821;1.3333333730697632;5;5;1;1;0;0;1;1;0;0;1;0;0;1;1;1;1;0;0
26773;12;1;1;0;5;0;0;0;0;1;1;0.380859375;15;-4.09033203125;10.8525390625;-4.09033203125;-0.05712890625;1.3366667032241821;1.3366667032241821;5;5;1;1;0;0;1;1;0;0;1;0;0;1;1;1;1;0;0
26783;12;1;1;0;5;0;0;0;0;1;1;0.3792317807674408;15;-4.072021484375;10.87109375;-4.072021484375;-0.056884765625;1.3366667032241821;1.3366667032241821;5;5;1;1;0;0;1;1;0;0;1;0;0;1;1;1;1;0;0
26793;12;1;1;0;5;0;0;0;0;1;1;0.3792317807674408;15;-4.059814453125;10.88330078125;-4.059814453125;-0.056884765625;1.3400000333786011;1.3366667032241821;5;5;1;1;0;0;1;1;0;0;1;0;0;1;1;1;1;0;0
26803;12;1;1;0;5;0;0;0;0;1;1;0.3792317807674408;15;-4.04150390625;10.901611328125;-4.04150390625;-0.056884765625;1.3366667032241821;1.3333333730697632;5;5;1;1;0;0;1;1;0;0;1;0;0;1;1;1;1;0;0
26813;12;1;1;0;5;0;0;0;0;1;1;0.380859375;15;-4.029052734375;10.913818359375;-4.029052734375;-0.05712890625;1.3366667032241821;1.3366667032241821;5;5;1;1;0;0;1;1;0;0;1;0;0;1;1;1;1;0;0
26824;12;1;1;0;5;0;0;0;0;1;1;0.390625;15;-4.0107421875;10.9306640625;-4.0107421875;-0.05859375;1.3366667032241821;1.3333333730697632;5;5;1;1;0;0;1;1;0;0;1;0;0;1;1;1;1;0;0
26833;12;1;1;0;5;0;0;0;0;1;1;0.380859375;15;-3.99853515625;10.9443359375;-3.99853515625;-0.05712890625;1.3366667032241821;1.3300000429153442;5;5;1;1;0;0;1;1;0;0;1;0;0;1;1;1;1;0;0
26843;12;1;1;0;5;0;0;0;0;1;1;0.3792317807674408;15;-3.980224609375;10.962890625;-3.980224609375;-0.056884765625;1.3400000333786011;1.3400000333786011;5;5;1;1;0;0;1;1;0;0;1;0;0;1;1;1;1;0;0
26855;12;1;1;0;5;0;0;0;0;1;1;0.3792317807674408;15;-3.968017578125;10.97509765625;-3.968017578125;-0.056884765625;1.3366667032241821;1.3366667032241821;5;5;1;1;0;0;1;1;0;0;1;0;0;1;1;1;1;0;0
26863;12;1;1;0;5;0;0;0;0;1;1;0.380859375;15;-3.949462890625;10.993408203125;-3.949462890625;-0.05712890625;1.3366667032241821;1.3300000429153442;5;5;1;1;0;0;1;1;0;0;1;0;0;1;1;1;1;0;0
26873;12;1;1;0;5;0;0;0;0;1;1;0.380859375;15;-3.937255859375;11.005615234375;-3.937255859375;-0.05712890625;1.3400000333786011;1.3366667032241821;5;5;1;1;0;0;1;1;0;0;1;0;0;1;1;1;1;0;0
26883;12;1;1;0;5;0;0;0;0;1;1;0.380859375;15;-3.9189453125;11.02392578125;-3.9189453125;-0.05712890625;1.3366667032241821;1.3366667032241821;5;5;1;1;0;0;1;1;0;0;1;0;0;1;1;1;1;0;0
26894;12;1;1;0;5;0;0;0;0;1;1;0.380859375;15;-3.90673828125;11.0361328125;-3.90673828125;-0.05712890625;1.3366667032241821;1.3300000429153442;5;5;1;1;0;0;1;1;0;0;1;0;0;1;1;1;1;0;0
26903;12;1;1;0;5;0;0;0;0;1;1;0.380859375;15;-3.88818359375;11.0546875;-3.88818359375;-0.05712890625;1.3366667032241821;1.3366667032241821;5;5;1;1;0;0;1;1;0;0;1;0;0;1;1;1;1;0;0
26913;12;1;1;0;5;0;0;0;0;1;1;0.380859375;15;-3.8759765625;11.06689453125;-3.8759765625;-0.05712890625;1.3366667032241821;1.3366667032241821;5;5;1;1;0;0;1;1;0;0;1;0;0;1;1;1;1;0;0
26924;12;1;1;0;5;0;0;0;0;1;1;0.380859375;15;-3.857666015625;11.085205078125;-3.857666015625;-0.05712890625;1.3400000333786011;1.3366667032241821;5;5;1;1;0;0;1;1;0;0;1;0;0;1;1;1;1;0;0
26933;12;1;1;0;5;0;0;0;0;1;1;0.380859375;15;-3.845458984375;11.097412109375;-3.845458984375;-0.05712890625;1.3400000333786011;1.3366667032241821;5;5;1;1;0;0;1;1;0;0;1;0;0;1;1;1;1;0;0
26943;12;1;1;0;5;0;0;0;0;1;1;0.380859375;15;-3.826904296875;11.115966796875;-3.826904296875;-0.05712890625;1.3366667032241821;1.3366667032241821;5;5;1;1;0;0;1;1;0;0;1;0;0;1;1;1;1;0;0
26954;12;1;1;0;5;0;0;0;0;1;1;0.380859375;15;-3.814697265625;11.128173828125;-3.814697265625;-0.05712890625;1.3400000333786011;1.3400000333786011;5;5;1;1;0;0;1;1;0;0;1;0;0;1;1;1;1;0;0
26963;12;1;1;0;5;0;0;0;0;1;1;0.380859375;15;-3.79638671875;11.146484375;-3.79638671875;-0.05712890625;1.3366667032241821;1.3300000429153442;5;5;1;1;0;0;1;1;0;0;1;0;0;1;1;1;1;0;0
26973;12;1;1;0;5;0;0;0;0;1;1;0.3824869692325592;15;-3.783935546875;11.15869140625;-3.783935546875;-0.057373046875;1.3400000333786011;1.3333333730697632;5;5;1;1;0;0;1;1;0;0;1;0;0;1;1;1;1;0;0
26983;12;1;1;0;5;0;0;0;0;1;1;0.380859375;15;-3.765625;11.17724609375;-3.765625;-0.05712890625;1.3366667032241821;1.34333336353302;5;5;1;1;0;0;1;1;0;0;1;0;0;1;1;1;1;0;0
26994;12;1;1;0;5;0;0;0;0;1;1;0.380859375;15;-3.75341796875;11.189453125;-3.75341796875;-0.05712890625;1.3366667032241821;1.3366667032241821;5;5;1;1;0;0;1;1;0;0;1;0;0;1;1;1;1;0;0
27003;12;1;1;0;5;0;0;0;0;1;1;0.3824869692325592;15;-3.735107421875;11.20751953125;-3.735107421875;-0.057373046875;1.3400000333786011;1.3300000429153442;5;5;1;1;0;0;1;1;0;0;1;0;0;1;1;1;1;0;0
27016;12;1;1;0;5;0;0;0;0;1;1;0.380859375;15;-3.722900390625;11.219970703125;-3.722900390625;-0.05712890625;1.3366667032241821;1.3366667032241821;5;5;1;1;0;0;1;1;0;0;1;0;0;1;1;1;1;0;0
27025;12;1;1;0;5;0;0;0;0;1;1;0.3824869692325592;15;-3.704345703125;11.23828125;-3.704345703125;-0.057373046875;1.3366667032241821;1.3366667032241821;5;5;1;1;0;0;1;1;0;0;1;0;0;1;1;1;1;0;0
27033;12;1;1;0;5;0;0;0;0;1;1;0.380859375;15;-3.692138671875;11.250732421875;-3.692138671875;-0.05712890625;1.3400000333786011;1.3400000333786011;5;5;1;1;0;0;1;1;0;0;1;0;0;1;1;1;1;0;0
27043;12;1;1;0;5;0;0;0;0;1;1;0.380859375;15;-3.673828125;11.26904296875;-3.673828125;-0.05712890625;1.3366667032241821;1.3366667032241821;5;5;1;1;0;0;1;1;0;0;1;0;0;1;1;1;1;0;0
27053;12;1;1;0;5;0;0;0;0;1;1;0.380859375;15;-3.66162109375;11.28125;-3.66162109375;-0.05712890625;1.3366667032241821;1.3366667032241821;5;5;1;1;0;0;1;1;0;0;1;0;0;1;1;1;1;0;0
27063;12;1;1;0;5;0;0;0;0;1;1;0.380859375;15;-3.64306640625;11.2998046875;-3.64306640625;-0.05712890625;1.3366667032241821;1.3400000333786011;5;5;1;1;0;0;1;1;0;0;1;0;0;1;1;1;1;0;0
27074;12;1;1;0;5;0;0;0;0;1;1;0.3824869692325592;15;-3.630859375;11.311767578125;-3.630859375;-0.057373046875;1.3366667032241821;1.3333333730697632;5;5;1;1;0;0;1;1;0;0;1;0;0;1;1;1;1;0;0
27085;12;1;1;0;5;0;0;0;0;1;1;0.380859375;15;-3.612548828125;11.330322265625;-3.612548828125;-0.05712890625;1.3400000333786011;1.3366667032241821;5;5;1;1;0;0;1;1;0;0;1;0;0;1;1;1;1;0;0
27094;12;1;1;0;5;0;0;0;0;1;1;0.380859375;15;-3.600341796875;11.342529296875;-3.600341796875;-0.05712890625;1.3366667032241821;1.34333336353302;5;5;1;1;0;0;1;1;0;0;1;0;0;1;1;1;1;0;0
27103;12;1;1;0;5;0;0;0;0;1;1;0.3824869692325592;15;-3.581787109375;11.36083984375;-3.581787109375;-0.057373046875;1.3366667032241821;1.3333333730697632;5;5;1;1;0;0;1;1;0;0;1;0;0;1;1;1;1;0;0
27113;12;1;1;0;5;0;0;0;0;1;1;0.3824869692325592;15;-3.569580078125;11.373046875;-3.569580078125;-0.057373046875;1.3366667032241821;1.3300000429153442;5;5;1;1;0;0;1;1;0;0;1;0;0;1;1;1;1;0;0
27123;12;1;1;0;5;0;0;0;0;1;1;0.380859375;15;-3.55126953125;11.3916015625;-3.55126953125;-0.05712890625;1.3366667032241821;1.3400000333786011;5;5;1;1;0;0;1;1;0;0;1;0;0;1;1;1;1;0;0
27134;12;1;1;0;5;0;0;0;0;1;1;0.3824869692325592;15;-3.538818359375;11.40380859375;-3.538818359375;-0.057373046875;1.3400000333786011;1.3400000333786011;5;5;1;1;0;0;1;1;0;0;1;0;0;1;1;1;1;0;0
27143;12;1;1;0;5;0;0;0;0;1;1;0.3824869692325592;15;-3.5205078125;11.422119140625;-3.5205078125;-0.057373046875;1.3366667032241821;1.3333333730697632;5;5;1;1;0;0;1;1;0;0;1;0;0;1;1;1;1;0;0
27155;12;1;1;0;5;0;0;0;0;1;1;0.3824869692325592;15;-3.50830078125;11.434326171875;-3.50830078125;-0.057373046875;1.3366667032241821;1.3366667032241821;5;5;1;1;0;0;1;1;0;0;1;0;0;1;1;1;1;0;0
27163;12;1;1;0;5;0;0;0;0;1;1;0.380859375;15;-3.489990234375;11.452880859375;-3.489990234375;-0.05712890625;1.3366667032241821;1.3400000333786011;5;5;1;1;0;0;1;1;0;0;1;0;0;1;1;1;1;0;0
27173;12;1;1;0;5;0;0;0;0;1;1;0.380859375;15;-3.477783203125;11.465087890625;-3.477783203125;-0.05712890625;1.3366667032241821;1.3366667032241821;5;5;1;1;0;0;1;1;0;0;1;0;0;1;1;1;1;0;0
27184;12;1;1;0;5;0;0;0;0;1;1;0.380859375;15;-3.45947265625;11.4833984375;-3.45947265625;-0.05712890625;1.3366667032241821;1.3366667032241821;5;5;1;1;0;0;1;1;0;0;1;0;0;1;1;1;1;0;0
27193;12;1;1;0;5;0;0;0;0;1;1;0.380859375;15;-3.447021484375;11.495849609375;-3.447021484375;-0.05712890625;1.3366667032241821;1.3400000333786011;5;5;1;1;0;0;1;1;0;0;1;0;0;1;1;1;1;0;0
27203;12;1;1;0;5;0;0;0;0;1;1;0.380859375;15;-3.4287109375;11.51416015625;-3.4287109375;-0.05712890625;1.3366667032241821;1.3366667032241821;5;5;1;1;0;0;1;1;0;0;1;0;0;1;1;1;1;0;0
27214;12;1;1;0;5;0;0;0;0;1;1;0.380859375;15;-3.41650390625;11.5263671875;-3.41650390625;-0.05712890625;1.3366667032241821;1.3333333730697632;5;5;1;1;0;0;1;1;0;0;1;0;0;1;1;1;1;0;0
27223;12;1;1;0;5;0;0;0;0;1;1;0.380859375;15;-3.398193359375;11.544677734375;-3.398193359375;-0.05712890625;1.3366667032241821;1.3400000333786011;5;5;1;1;0;0;1;1;0;0;1;0;0;1;1;1;1;0;0
27233;12;1;1;0;5;0;0;0;0;1;1;0.3792317807674408;15;-3.385986328125;11.55712890625;-3.385986328125;-0.056884765625;1.3366667032241821;1.3400000333786011;5;5;1;1;0;0;1;1;0;0;1;0;0;1;1;1;1;0;0
27243;12;1;1;0;5;0;0;0;0;1;1;0.3824869692325592;15;-3.367431640625;11.5751953125;-3.367431640625;-0.057373046875;1.3366667032241821;1.3333333730697632;5;5;1;1;0;0;1;1;0;0;1;0;0;1;1;1;1;0;0
27254;12;1;1;0;5;0;0;0;0;1;1;0.380859375;15;-3.355224609375;11.587646484375;-3.355224609375;-0.05712890625;1.3366667032241821;1.3400000333786011;5;5;1;1;0;0;1;1;0;0;1;0;0;1;1;1;1;0;0
27263;12;1;1;0;5;0;0;0;0;1;1;0.380859375;15;-3.3369140625;11.60595703125;-3.3369140625;-0.05712890625;1.3366667032241821;1.3366667032241821;5;5;1;1;0;0;1;1;0;0;1;0;0;1;1;1;1;0;0
27274;12;1;1;0;5;0;0;0;0;1;1;0.380859375;15;-3.32470703125;11.6181640625;-3.32470703125;-0.05712890625;1.3366667032241821;1.3366667032241821;5;5;1;1;0;0;1;1;0;0;1;0;0;1;1;1;1;0;0
27284;12;1;1;0;5;0;0;0;0;1;1;0.3792317807674408;15;-3.306396484375;11.63671875;-3.306396484375;-0.056884765625;1.3333333730697632;1.3366667032241821;5;5;1;1;0;0;1;1;0;0;1;0;0;1;1;1;1;0;0
27294;12;1;1;0;5;0;0;0;0;1;1;0.3792317807674408;15;-3.294189453125;11.64892578125;-3.294189453125;-0.056884765625;1.3366667032241821;1.3366667032241821;5;5;1;1;0;0;1;1;0;0;1;0;0;1;1;1;1;0;0
27303;12;1;1;0;5;0;0;0;0;1;1;0.380859375;15;-3.275634765625;11.667236328125;-3.275634765625;-0.05712890625;1.3366667032241821;1.3400000333786011;5;5;1;1;0;0;1;1;0;0;1;0;0;1;1;1;1;0;0
27313;12;1;1;0;5;0;0;0;0;1;1;0.380859375;15;-3.263427734375;11.679443359375;-3.263427734375;-0.05712890625;1.3366667032241821;1.3333333730697632;5;5;1;1;0;0;1;1;0;0;1;0;0;1;1;1;1;0;0
27323;12;1;1;0;5;0;0;0;0;1;1;0.3792317807674408;15;-3.2451171875;11.697998046875;-3.2451171875;-0.056884765625;1.3366667032241821;1.3366667032241821;5;5;1;1;0;0;1;1;0;0;1;0;0;1;1;1;1;0;0
27333;12;1;1;0;5;0;0;0;0;1;1;0.3792317807674408;15;-3.23291015625;11.710205078125;-3.23291015625;-0.056884765625;1.3366667032241821;1.3400000333786011;5;5;1;1;0;0;1;1;0;0;1;0;0;1;1;1;1;0;0
27343;12;1;1;0;5;0;0;0;0;1;1;0.3792317807674408;15;-3.214599609375;11.728515625;-3.214599609375;-0.056884765625;1.3366667032241821;1.3333333730697632;5;5;1;1;0;0;1;1;0;0;1;0;0;1;1;1;1;0;0
27354;12;1;1;0;5;0;0;0;0;1;1;0.380859375;15;-3.2021484375;11.74072265625;-3.2021484375;-0.05712890625;1.3366667032241821;1.3366667032241821;5;5;1;1;0;0;1;1;0;0;1;0;0;1;1;1;1;0;0
27363;12;1;1;0;5;0;0;0;0;1;1;0.380859375;15;-3.183837890625;11.759033203125;-3.183837890625;-0.05712890625;1.3333333730697632;1.3366667032241821;5;5;1;1;0;0;1;1;0;0;1;0;0;1;1;1;1;0;0
27374;12;1;1;0;5;0;0;0;0;1;1;0.3792317807674408;15;-3.171630859375;11.771484375;-3.171630859375;-0.056884765625;1.3366667032241821;1.3366667032241821;5;5;1;1;0;0;1;1;0;0;1;0;0;1;1;1;1;0;0
27383;12;1;1;0;5;0;0;0;0;1;1;0.3792317807674408;15;-3.1533203125;11.789794921875;-3.1533203125;-0.056884765625;1.3366667032241821;1.3366667032241821;5;5;1;1;0;0;1;1;0;0;1;0;0;1;1;1;1;0;0
27393;12;1;1;0;5;0;0;0;0;1;1;0.3792317807674408;15;-3.14111328125;11.802001953125;-3.14111328125;-0.056884765625;1.3366667032241821;1.3366667032241821;5;5;1;1;0;0;1;1;0;0;1;0;0;1;1;1;1;0;0
27403;12;1;1;0;5;0;0;0;0;1;1;0.3792317807674408;15;-3.122802734375;11.8203125;-3.122802734375;-0.056884765625;1.3366667032241821;1.3366667032241821;5;5;1;1;0;0;1;1;0;0;1;0;0;1;1;1;1;0;0
27413;12;1;1;0;5;0;0;0;0;1;1;0.3792317807674408;15;-3.1103515625;11.832763671875;-3.1103515625;-0.056884765625;1.3366667032241821;1.3366667032241821;5;5;1;1;0;0;1;1;0;0;1;0;0;1;1;1;1;0;0
27423;12;1;1;0;5;0;0;0;0;1;1;0.3792317807674408;15;-3.092041015625;11.85107421875;-3.092041015625;-0.056884765625;1.3366667032241821;1.3366667032241821;5;5;1;1;0;0;1;1;0;0;1;0;0;1;1;1;1;0;0
27434;12;1;1;0;5;0;0;0;0;1;1;0.3792317807674408;15;-3.079833984375;11.86328125;-3.079833984375;-0.056884765625;1.3366667032241821;1.3366667032241821;5;5;1;1;0;0;1;1;0;0;1;0;0;1;1;1;1;0;0
27443;12;1;1;0;5;0;0;0;0;1;1;0.3792317807674408;15;-3.0615234375;11.881591796875;-3.0615234375;-0.056884765625;1.3333333730697632;1.3366667032241821;5;5;1;1;0;0;1;1;0;0;1;0;0;1;1;1;1;0;0
27454;12;1;1;0;5;0;0;0;0;1;1;0.3792317807674408;15;-3.04931640625;11.893798828125;-3.04931640625;-0.056884765625;1.3366667032241821;1.3366667032241821;5;5;1;1;0;0;1;1;0;0;1;0;0;1;1;1;1;0;0
27463;12;1;1;0;5;0;0;0;0;1;1;0.3792317807674408;15;-3.03076171875;11.912353515625;-3.03076171875;-0.056884765625;1.3366667032241821;1.3366667032241821;5;5;1;1;0;0;1;1;0;0;1;0;0;1;1;1;1;0;0
27473;12;1;1;0;5;0;0;0;0;1;1;0.3792317807674408;15;-3.0185546875;11.924560546875;-3.0185546875;-0.056884765625;1.3366667032241821;1.3366667032241821;5;5;1;1;0;0;1;1;0;0;1;0;0;1;1;1;1;0;0
27483;12;1;1;0;5;0;0;0;0;1;1;0.3792317807674408;15;-3.000244140625;11.94287109375;-3.000244140625;-0.056884765625;1.3366667032241821;1.3366667032241821;5;5;1;1;0;0;1;1;0;0;1;0;0;1;1;1;1;0;0
27493;12;1;1;0;5;0;0;0;0;1;1;0.3792317807674408;15;-2.988037109375;11.955078125;-2.988037109375;-0.056884765625;1.3366667032241821;1.3366667032241821;5;5;1;1;0;0;1;1;0;0;1;0;0;1;1;1;1;0;0
27503;12;1;1;0;5;0;0;0;0;1;1;0.3792317807674408;15;-2.9697265625;11.973388671875;-2.9697265625;-0.056884765625;1.3366667032241821;1.3366667032241821;5;5;1;1;0;0;1;1;0;0;1;0;0;1;1;1;1;0;0
27514;12;1;1;0;5;0;0;0;0;1;1;0.3792317807674408;15;-2.957275390625;11.98583984375;-2.957275390625;-0.056884765625;1.3366667032241821;1.3366667032241821;5;5;1;1;0;0;1;1;0;0;1;0;0;1;1;1;1;0;0
27523;12;1;1;0;5;0;0;0;0;1;1;0.3792317807674408;15;-2.93896484375;12.004150390625;-2.93896484375;-0.056884765625;1.3333333730697632;1.3366667032241821;5;5;1;1;0;0;1;1;0;0;1;0;0;1;1;1;1;0;0
27533;12;1;1;0;5;0;0;0;0;1;1;0.3792317807674408;15;-2.9267578125;12.016357421875;-2.9267578125;-0.056884765625;1.3366667032241821;1.3333333730697632;5;5;1;1;0;0;1;1;0;0;1;0;0;1;1;1;1;0;0
27543;12;1;1;0;5;0;0;0;0;1;1;0.3792317807674408;15;-2.908447265625;12.03466796875;-2.908447265625;-0.056884765625;1.3366667032241821;1.3366667032241821;5;5;1;1;0;0;1;1;0;0;1;0;0;1;1;1;1;0;0
27554;12;1;1;0;5;0;0;0;0;1;1;0.3776041567325592;15;-2.896240234375;12.047119140625;-2.896240234375;-0.056640625;1.3366667032241821;1.3366667032241821;5;5;1;1;0;0;1;1;0;0;1;0;0;1;1;1;1;0;0
27568;12;1;1;0;5;0;0;0;0;1;1;0.3792317807674408;15;-2.877685546875;12.0654296875;-2.877685546875;-0.056884765625;1.3366667032241821;1.3366667032241821;5;5;1;1;0;0;1;1;0;0;1;0;0;1;1;1;1;0;0
27574;12;1;1;0;5;0;0;0;0;1;1;0.3792317807674408;15;-2.865478515625;12.07763671875;-2.865478515625;-0.056884765625;1.3366667032241821;1.3366667032241821;5;5;1;1;0;0;1;1;0;0;1;0;0;1;1;1;1;0;0
27585;12;1;1;0;5;0;0;0;0;1;1;0.3792317807674408;15;-2.84716796875;12.095947265625;-2.84716796875;-0.056884765625;1.3366667032241821;1.3333333730697632;5;5;1;1;0;0;1;1;0;0;1;0;0;1;1;1;1;0;0
27594;12;1;1;0;5;0;0;0;0;1;1;0.3792317807674408;15;-2.8349609375;12.108154296875;-2.8349609375;-0.056884765625;1.3366667032241821;1.3366667032241821;5;5;1;1;0;0;1;1;0;0;1;0;0;1;1;1;1;0;0
27603;12;1;1;0;5;0;0;0;0;1;1;0.3776041567325592;15;-2.816650390625;12.126708984375;-2.816650390625;-0.056640625;1.3333333730697632;1.3366667032241821;5;5;1;1;0;0;1;1;0;0;1;0;0;1;1;1;1;0;0
27615;12;1;1;0;5;0;0;0;0;1;1;0.3776041567325592;15;-2.804443359375;12.138916015625;-2.804443359375;-0.056640625;1.3366667032241821;1.3366667032241821;5;5;1;1;0;0;1;1;0;0;1;0;0;1;1;1;1;0;0
27626;12;1;1;0;5;0;0;0;0;1;1;0.3776041567325592;15;-2.7861328125;12.1572265625;-2.7861328125;-0.056640625;1.3366667032241821;1.3366667032241821;5;5;1;1;0;0;1;1;0;0;1;0;0;1;1;1;1;0;0
27633;12;1;1;0;5;0;0;0;0;1;1;0.3776041567325592;15;-2.77392578125;12.16943359375;-2.77392578125;-0.056640625;1.3333333730697632;1.3333333730697632;5;5;1;1;0;0;1;1;0;0;1;0;0;1;1;1;1;0;0
27643;12;1;1;0;5;0;0;0;0;1;1;0.3792317807674408;15;-2.75537109375;12.187744140625;-2.75537109375;-0.056884765625;1.3366667032241821;1.3366667032241821;5;5;1;1;0;0;1;1;0;0;1;0;0;1;1;1;1;0;0
27653;12;1;1;0;5;0;0;0;0;1;1;0.3776041567325592;15;-2.7431640625;12.2001953125;-2.7431640625;-0.056640625;1.3333333730697632;1.3366667032241821;5;5;1;1;0;0;1;1;0;0;1;0;0;1;1;1;1;0;0
27663;12;1;1;0;5;0;0;0;0;1;1;0.3776041567325592;15;-2.724853515625;12.218505859375;-2.724853515625;-0.056640625;1.3333333730697632;1.3333333730697632;5;5;1;1;0;0;1;1;0;0;1;0;0;1;1;1;1;0;0
27674;12;1;1;0;5;0;0;0;0;1;1;0.3776041567325592;15;-2.712646484375;12.230712890625;-2.712646484375;-0.056640625;1.3366667032241821;1.3333333730697632;5;5;1;1;0;0;1;1;0;0;1;0;0;1;1;1;1;0;0
27685;12;1;1;0;5;0;0;0;0;1;1;0.3776041567325592;15;-2.6943359375;12.2490234375;-2.6943359375;-0.056640625;1.3333333730697632;1.3366667032241821;5;5;1;1;0;0;1;1;0;0;1;0;0;1;1;1;1;0;0
27693;12;1;1;0;5;0;0;0;0;1;1;0.3776041567325592;15;-2.68212890625;12.26123046875;-2.68212890625;-0.056640625;1.3333333730697632;1.3366667032241821;5;5;1;1;0;0;1;1;0;0;1;0;0;1;1;1;1;0;0
27703;12;1;1;0;5;0;0;0;0;1;1;0.3776041567325592;15;-2.663818359375;12.279541015625;-2.663818359375;-0.056640625;1.3333333730697632;1.3366667032241821;5;5;1;1;0;0;1;1;0;0;1;0;0;1;1;1;1;0;0
27717;12;1;1;0;5;0;0;0;0;1;1;0.3792317807674408;15;-2.6513671875;12.291748046875;-2.6513671875;-0.056884765625;1.3366667032241821;1.3366667032241821;5;5;1;1;0;0;1;1;0;0;1;0;0;1;1;1;1;0;0
27723;12;1;1;0;5;0;0;0;0;1;1;0.3776041567325592;15;-2.633056640625;12.310302734375;-2.633056640625;-0.056640625;1.3366667032241821;1.3366667032241821;5;5;1;1;0;0;1;1;0;0;1;0;0;1;1;1;1;0;0
27733;12;1;1;0;5;0;0;0;0;1;1;0.3776041567325592;15;-2.620849609375;12.322509765625;-2.620849609375;-0.056640625;1.3366667032241821;1.3366667032241821;5;5;1;1;0;0;1;1;0;0;1;0;0;1;1;1;1;0;0
27743;12;1;1;0;5;0;0;0;0;1;1;0.3776041567325592;15;-2.6025390625;12.3408203125;-2.6025390625;-0.056640625;1.3366667032241821;1.3366667032241821;5;5;1;1;0;0;1;1;0;0;1;0;0;1;1;1;1;0;0
27754;12;1;1;0;5;0;0;0;0;1;1;0.3776041567325592;15;-2.59033203125;12.35302734375;-2.59033203125;-0.056640625;1.3366667032241821;1.3366667032241821;5;5;1;1;0;0;1;1;0;0;1;0;0;1;1;1;1;0;0
27763;12;1;1;0;5;0;0;0;0;1;1;0.3776041567325592;15;-2.572021484375;12.371337890625;-2.572021484375;-0.056640625;1.3333333730697632;1.3366667032241821;5;5;1;1;0;0;1;1;0;0;1;0;0;1;1;1;1;0;0
27773;12;1;1;0;5;0;0;0;0;1;1;0.3759765625;15;-2.559814453125;12.3837890625;-2.559814453125;-0.056396484375;1.3333333730697632;1.3366667032241821;5;5;1;1;0;0;1;1;0;0;1;0;0;1;1;1;1;0;0
27784;12;1;1;0;5;0;0;0;0;1;1;0.3776041567325592;15;-2.541259765625;12.402099609375;-2.541259765625;-0.056640625;1.3366667032241821;1.3366667032241821;5;5;1;1;0;0;1;1;0;0;1;0;0;1;1;1;1;0;0
27793;12;1;1;0;5;0;0;0;0;1;1;0.3776041567325592;15;-2.529052734375;12.414306640625;-2.529052734375;-0.056640625;1.3366667032241821;1.3333333730697632;5;5;1;1;0;0;1;1;0;0;1;0;0;1;1;1;1;0;0
27803;12;1;1;0;5;0;0;0;0;1;1;0.3776041567325592;15;-2.5107421875;12.4326171875;-2.5107421875;-0.056640625;1.3333333730697632;1.3333333730697632;5;5;1;1;0;0;1;1;0;0;1;0;0;1;1;1;1;0;0
27814;12;1;1;0;5;0;0;0;0;1;1;0.3776041567325592;15;-2.49853515625;12.44482421875;-2.49853515625;-0.056640625;1.3333333730697632;1.3366667032241821;5;5;1;1;0;0;1;1;0;0;1;0;0;1;1;1;1;0;0
27823;12;1;1;0;5;0;0;0;0;1;1;0.3759765625;15;-2.480224609375;12.46337890625;-2.480224609375;-0.056396484375;1.3333333730697632;1.3366667032241821;5;5;1;1;0;0;1;1;0;0;1;0;0;1;1;1;1;0;0
27833;12;1;1;0;5;0;0;0;0;1;1;0.3759765625;15;-2.468017578125;12.4755859375;-2.468017578125;-0.056396484375;1.3366667032241821;1.3366667032241821;5;5;1;1;0;0;1;1;0;0;1;0;0;1;1;1;1;0;0
27843;12;1;1;0;5;0;0;0;0;1;1;0.3759765625;15;-2.44970703125;12.493896484375;-2.44970703125;-0.056396484375;1.3333333730697632;1.3366667032241821;5;5;1;1;0;0;1;1;0;0;1;0;0;1;1;1;1;0;0
27853;12;1;1;0;5;0;0;0;0;1;1;0.3759765625;15;-2.4375;12.506103515625;-2.4375;-0.056396484375;1.3333333730697632;1.3366667032241821;5;5;1;1;0;0;1;1;0;0;1;0;0;1;1;1;1;0;0
27863;12;1;1;0;5;0;0;0;0;1;1;0.3776041567325592;15;-2.4189453125;12.5244140625;-2.4189453125;-0.056640625;1.3333333730697632;1.3366667032241821;5;5;1;1;0;0;1;1;0;0;1;0;0;1;1;1;1;0;0
27874;12;1;1;0;5;0;0;0;0;1;1;0.3776041567325592;15;-2.40673828125;12.53662109375;-2.40673828125;-0.056640625;1.3333333730697632;1.3333333730697632;5;5;1;1;0;0;1;1;0;0;1;0;0;1;1;1;1;0;0
27883;12;1;1;0;5;0;0;0;0;1;1;0.3759765625;15;-2.388427734375;12.55517578125;-2.388427734375;-0.056396484375;1.3333333730697632;1.3366667032241821;5;5;1;1;0;0;1;1;0;0;1;0;0;1;1;1;1;0;0
27893;12;1;1;0;5;0;0;0;0;1;1;0.3759765625;15;-2.376220703125;12.5673828125;-2.376220703125;-0.056396484375;1.3333333730697632;1.3366667032241821;5;5;1;1;0;0;1;1;0;0;1;0;0;1;1;1;1;0;0
27903;12;1;1;0;5;0;0;0;0;1;1;0.3759765625;15;-2.35791015625;12.585693359375;-2.35791015625;-0.056396484375;1.3333333730697632;1.3333333730697632;5;5;1;1;0;0;1;1;0;0;1;0;0;1;1;1;1;0;0
27914;12;1;1;0;5;0;0;0;0;1;1;0.3759765625;15;-2.345703125;12.597900390625;-2.345703125;-0.056396484375;1.3333333730697632;1.3366667032241821;5;5;1;1;0;0;1;1;0;0;1;0;0;1;1;1;1;0;0
27923;12;1;1;0;5;0;0;0;0;1;1;0.3759765625;15;-2.327392578125;12.6162109375;-2.327392578125;-0.056396484375;1.3333333730697632;1.3333333730697632;5;5;1;1;0;0;1;1;0;0;1;0;0;1;1;1;1;0;0
27933;12;1;1;0;5;0;0;0;0;1;1;0.3759765625;15;-2.315185546875;12.62841796875;-2.315185546875;-0.056396484375;1.3333333730697632;1.3366667032241821;5;5;1;1;0;0;1;1;0;0;1;0;0;1;1;1;1;0;0
27943;12;1;1;0;5;0;0;0;0;1;1;0.3743489682674408;15;-2.296875;12.64697265625;-2.296875;-0.05615234375;1.3333333730697632;1.3366667032241821;5;5;1;1;0;0;1;1;0;0;1;0;0;1;1;1;1;0;0
27953;12;1;1;0;5;0;0;0;0;1;1;0.3743489682674408;15;-2.28466796875;12.6591796875;-2.28466796875;-0.05615234375;1.3333333730697632;1.3333333730697632;5;5;1;1;0;0;1;1;0;0;1;0;0;1;1;1;1;0;0
27963;12;1;1;0;5;0;0;0;0;1;1;0.3743489682674408;15;-2.266357421875;12.677490234375;-2.266357421875;-0.05615234375;1.3333333730697632;1.3366667032241821;5;5;1;1;0;0;1;1;0;0;1;0;0;1;1;1;1;0;0
27973;12;1;1;0;5;0;0;0;0;1;1;0.3743489682674408;15;-2.254150390625;12.689697265625;-2.254150390625;-0.05615234375;1.3333333730697632;1.3333333730697632;5;5;1;1;0;0;1;1;0;0;1;0;0;1;1;1;1;0;0
27983;12;1;1;0;5;0;0;0;0;1;1;0.3743489682674408;15;-2.23583984375;12.7080078125;-2.23583984375;-0.05615234375;1.3333333730697632;1.3333333730697632;5;5;1;1;0;0;1;1;0;0;1;0;0;1;1;1;1;0;0
27994;12;1;1;0;5;0;0;0;0;1;1;0.3759765625;15;-2.223388671875;12.72021484375;-2.223388671875;-0.056396484375;1.3366667032241821;1.3333333730697632;5;5;1;1;0;0;1;1;0;0;1;0;0;1;1;1;1;0;0
28003;12;1;1;0;5;0;0;0;0;1;1;0.3743489682674408;15;-2.205322265625;12.738525390625;-2.205322265625;-0.05615234375;1.3333333730697632;1.3333333730697632;5;5;1;1;0;0;1;1;0;0;1;0;0;1;1;1;1;0;0
28015;12;1;1;0;5;0;0;0;0;1;1;0.3759765625;15;-2.19287109375;12.750732421875;-2.19287109375;-0.056396484375;1.3333333730697632;1.3366667032241821;5;5;1;1;0;0;1;1;0;0;1;0;0;1;1;1;1;0;0
28023;12;1;1;0;5;0;0;0;0;1;1;0.3743489682674408;15;-2.174560546875;12.769287109375;-2.174560546875;-0.05615234375;1.3333333730697632;1.3333333730697632;5;5;1;1;0;0;1;1;0;0;1;0;0;1;1;1;1;0;0
28033;12;1;1;0;5;0;0;0;0;1;1;0.3759765625;15;-2.162353515625;12.78125;-2.162353515625;-0.056396484375;1.3333333730697632;1.3333333730697632;5;5;1;1;0;0;1;1;0;0;1;0;0;1;1;1;1;0;0
28043;12;1;1;0;5;0;0;0;0;1;1;0.3743489682674408;15;-2.14404296875;12.7998046875;-2.14404296875;-0.05615234375;1.3333333730697632;1.3366667032241821;5;5;1;1;0;0;1;1;0;0;1;0;0;1;1;1;1;0;0
28053;12;1;1;0;5;0;0;0;0;1;1;0.3743489682674408;15;-2.1318359375;12.81201171875;-2.1318359375;-0.05615234375;1.3333333730697632;1.3366667032241821;5;5;1;1;0;0;1;1;0;0;1;0;0;1;1;1;1;0;0
28063;12;1;1;0;5;0;0;0;0;1;1;0.3743489682674408;15;-2.113525390625;12.830322265625;-2.113525390625;-0.05615234375;1.3333333730697632;1.3333333730697632;5;5;1;1;0;0;1;1;0;0;1;0;0;1;1;1;1;0;0
28074;12;1;1;0;5;0;0;0;0;1;1;0.3743489682674408;15;-2.101318359375;12.842529296875;-2.101318359375;-0.05615234375;1.3366667032241821;1.3333333730697632;5;5;1;1;0;0;1;1;0;0;1;0;0;1;1;1;1;0;0
28083;12;1;1;0;5;0;0;0;0;1;1;0.3727213442325592;15;-2.0830078125;12.861083984375;-2.0830078125;-0.055908203125;1.3333333730697632;1.3400000333786011;5;5;1;1;0;0;1;1;0;0;1;0;0;1;1;1;1;0;0
28094;12;1;1;0;5;0;0;0;0;1;1;0.3743489682674408;15;-2.070556640625;12.873291015625;-2.070556640625;-0.05615234375;1.3366667032241821;1.3366667032241821;5;5;1;1;0;0;1;1;0;0;1;0;0;1;1;1;1;0;0
28103;12;1;1;0;5;0;0;0;0;1;1;0.3727213442325592;15;-2.052490234375;12.8916015625;-2.052490234375;-0.055908203125;1.3333333730697632;1.3333333730697632;5;5;1;1;0;0;1;1;0;0;1;0;0;1;1;1;1;0;0
28114;12;1;1;0;5;0;0;0;0;1;1;0.3743489682674408;15;-2.0400390625;12.90380859375;-2.0400390625;-0.05615234375;1.3333333730697632;1.3333333730697632;5;5;1;1;0;0;1;1;0;0;1;0;0;1;1;1;1;0;0
28123;12;1;1;0;5;0;0;0;0;1;1;0.3743489682674408;15;-2.021728515625;12.922119140625;-2.021728515625;-0.05615234375;1.3333333730697632;1.3366667032241821;5;5;1;1;0;0;1;1;0;0;1;0;0;1;1;1;1;0;0
28133;12;1;1;0;5;0;0;0;0;1;1;0.3743489682674408;15;-2.009521484375;12.934326171875;-2.009521484375;-0.05615234375;1.3333333730697632;1.3333333730697632;5;5;1;1;0;0;1;1;0;0;1;0;0;1;1;1;1;0;0
28143;12;1;1;0;5;0;0;0;0;1;1;0.3743489682674408;15;-1.9912109375;12.95263671875;-1.9912109375;-0.05615234375;1.3333333730697632;1.3333333730697632;5;5;1;1;0;0;1;1;0;0;1;0;0;1;1;1;1;0;0
28153;12;1;1;0;5;0;0;0;0;1;1;0.3727213442325592;15;-1.97900390625;12.965087890625;-1.97900390625;-0.055908203125;1.3333333730697632;1.3400000333786011;5;5;1;1;0;0;1;1;0;0;1;0;0;1;1;1;1;0;0
28163;12;1;1;0;5;0;0;0;0;1;1;0.3743489682674408;15;-1.960693359375;12.983154296875;-1.960693359375;-0.05615234375;1.3333333730697632;1.3333333730697632;5;5;1;1;0;0;1;1;0;0;1;0;0;1;1;1;1;0;0
28173;12;1;1;0;5;0;0;0;0;1;1;0.3743489682674408;15;-1.948486328125;12.995361328125;-1.948486328125;-0.05615234375;1.3333333730697632;1.3333333730697632;5;5;1;1;0;0;1;1;0;0;1;0;0;1;1;1;1;0;0
28183;12;1;1;0;5;0;0;0;0;1;1;0.37109375;15;-1.93017578125;13.01416015625;-1.93017578125;-0.0556640625;1.3333333730697632;1.3400000333786011;5;5;1;1;0;0;1;1;0;0;1;0;0;1;1;1;1;0;0
28193;12;1;1;0;5;0;0;0;0;1;1;0.3727213442325592;15;-1.91796875;13.026123046875;-1.91796875;-0.055908203125;1.3333333730697632;1.3333333730697632;5;5;1;1;0;0;1;1;0;0;1;0;0;1;1;1;1;0;0
28203;12;1;1;0;5;0;0;0;0;1;1;0.3727213442325592;15;-1.899658203125;13.04443359375;-1.899658203125;-0.055908203125;1.3333333730697632;1.3333333730697632;5;5;1;1;0;0;1;1;0;0;1;0;0;1;1;1;1;0;0
28215;12;1;1;0;5;0;0;0;0;1;1;0.3727213442325592;15;-1.887451171875;13.056640625;-1.887451171875;-0.055908203125;1.3333333730697632;1.3366667032241821;5;5;1;1;0;0;1;1;0;0;1;0;0;1;1;1;1;0;0
28223;12;1;1;0;5;0;0;0;0;1;1;0.3727213442325592;15;-1.869140625;13.074951171875;-1.869140625;-0.055908203125;1.3333333730697632;1.3333333730697632;5;5;1;1;0;0;1;1;0;0;1;0;0;1;1;1;1;0;0
28234;12;1;1;0;5;0;0;0;0;1;1;0.37109375;15;-1.85693359375;13.08740234375;-1.85693359375;-0.0556640625;1.3300000429153442;1.3366667032241821;5;5;1;1;0;0;1;1;0;0;1;0;0;1;1;1;1;0;0
28243;12;1;1;0;5;0;0;0;0;1;1;0.37109375;15;-1.838623046875;13.105712890625;-1.838623046875;-0.0556640625;1.3300000429153442;1.3333333730697632;5;5;1;1;0;0;1;1;0;0;1;0;0;1;1;1;1;0;0
28253;12;1;1;0;5;0;0;0;0;1;1;0.37109375;15;-1.826416015625;13.117919921875;-1.826416015625;-0.0556640625;1.3333333730697632;1.3333333730697632;5;5;1;1;0;0;1;1;0;0;1;0;0;1;1;1;1;0;0
28263;12;1;1;0;5;0;0;0;0;1;1;0.37109375;15;-1.80810546875;13.13623046875;-1.80810546875;-0.0556640625;1.3300000429153442;1.3366667032241821;5;5;1;1;0;0;1;1;0;0;1;0;0;1;1;1;1;0;0
28274;12;1;1;0;5;0;0;0;0;1;1;0.37109375;15;-1.7958984375;13.1484375;-1.7958984375;-0.0556640625;1.3300000429153442;1.3300000429153442;5;5;1;1;0;0;1;1;0;0;1;0;0;1;1;1;1;0;0
28283;12;1;1;0;5;0;0;0;0;1;1;0.37109375;15;-1.777587890625;13.166748046875;-1.777587890625;-0.0556640625;1.3333333730697632;1.3366667032241821;5;5;1;1;0;0;1;1;0;0;1;0;0;1;1;1;1;0;0
28293;12;1;1;0;5;0;0;0;0;1;1;0.3694661557674408;15;-1.765380859375;13.17919921875;-1.765380859375;-0.055419921875;1.3333333730697632;1.3366667032241821;5;5;1;1;0;0;1;1;0;0;1;0;0;1;1;1;1;0;0
28303;12;1;1;0;5;0;0;0;0;1;1;0.37109375;15;-1.7470703125;13.197265625;-1.7470703125;-0.0556640625;1.3300000429153442;1.3266665935516357;5;5;1;1;0;0;1;1;0;0;1;0;0;1;1;1;1;0;0
28313;12;1;1;0;5;0;0;0;0;1;1;0.37109375;15;-1.73486328125;13.20947265625;-1.73486328125;-0.0556640625;1.3333333730697632;1.3333333730697632;5;5;1;1;0;0;1;1;0;0;1;0;0;1;1;1;1;0;0
28324;12;1;1;0;5;0;0;0;0;1;1;0.37109375;15;-1.716552734375;13.227783203125;-1.716552734375;-0.0556640625;1.3300000429153442;1.3333333730697632;5;5;1;1;0;0;1;1;0;0;1;0;0;1;1;1;1;0;0
28333;12;1;1;0;5;0;0;0;0;1;1;0.37109375;15;-1.704345703125;13.239990234375;-1.704345703125;-0.0556640625;1.3333333730697632;1.3366667032241821;5;5;1;1;0;0;1;1;0;0;1;0;0;1;1;1;1;0;0
28343;12;1;1;0;5;0;0;0;0;1;1;0.3694661557674408;15;-1.68603515625;13.258544921875;-1.68603515625;-0.055419921875;1.3300000429153442;1.3366667032241821;5;5;1;1;0;0;1;1;0;0;1;0;0;1;1;1;1;0;0
28353;12;1;1;0;5;0;0;0;0;1;1;0.3694661557674408;15;-1.673828125;13.270751953125;-1.673828125;-0.055419921875;1.3300000429153442;1.3333333730697632;5;5;1;1;0;0;1;1;0;0;1;0;0;1;1;1;1;0;0
28363;12;1;1;0;5;0;0;0;0;1;1;0.3694661557674408;15;-1.655517578125;13.2890625;-1.655517578125;-0.055419921875;1.3333333730697632;1.3366667032241821;5;5;1;1;0;0;1;1;0;0;1;0;0;1;1;1;1;0;0
28374;12;1;1;0;5;0;0;0;0;1;1;0.3694661557674408;15;-1.643310546875;13.30126953125;-1.643310546875;-0.055419921875;1.3333333730697632;1.3366667032241821;5;5;1;1;0;0;1;1;0;0;1;0;0;1;1;1;1;0;0
28383;12;1;1;0;5;0;0;0;0;1;1;0.3694661557674408;15;-1.625;13.319580078125;-1.625;-0.055419921875;1.3300000429153442;1.3300000429153442;5;5;1;1;0;0;1;1;0;0;1;0;0;1;1;1;1;0;0
28395;12;1;1;0;5;0;0;0;0;1;1;0.3694661557674408;15;-1.61279296875;13.331787109375;-1.61279296875;-0.055419921875;1.3300000429153442;1.3366667032241821;5;5;1;1;0;0;1;1;0;0;1;0;0;1;1;1;1;0;0
28403;12;1;1;0;5;0;0;0;0;1;1;0.3678385317325592;15;-1.594482421875;13.350341796875;-1.594482421875;-0.05517578125;1.3300000429153442;1.3366667032241821;5;5;1;1;0;0;1;1;0;0;1;0;0;1;1;1;1;0;0
28414;12;1;1;0;5;0;0;0;0;1;1;0.3694661557674408;15;-1.582275390625;13.3623046875;-1.582275390625;-0.055419921875;1.3333333730697632;1.3300000429153442;5;5;1;1;0;0;1;1;0;0;1;0;0;1;1;1;1;0;0
28423;12;1;1;0;5;0;0;0;0;1;1;0.3694661557674408;15;-1.56396484375;13.380615234375;-1.56396484375;-0.055419921875;1.3300000429153442;1.3300000429153442;5;5;1;1;0;0;1;1;0;0;1;0;0;1;1;1;1;0;0
28434;12;1;1;0;5;0;0;0;0;1;1;0.3662109375;15;-1.552001953125;13.39306640625;-1.552001953125;-0.054931640625;1.3300000429153442;1.3400000333786011;5;5;1;1;0;0;1;1;0;0;1;0;0;1;1;1;1;0;0
28444;12;1;1;0;5;0;0;0;0;1;1;0.3678385317325592;15;-1.53369140625;13.4111328125;-1.53369140625;-0.05517578125;1.3300000429153442;1.3333333730697632;5;5;1;1;0;0;1;1;0;0;1;0;0;1;1;1;1;0;0
28453;12;1;1;0;5;0;0;0;0;1;1;0.3678385317325592;15;-1.521484375;13.42333984375;-1.521484375;-0.05517578125;1.3300000429153442;1.3300000429153442;5;5;1;1;0;0;1;1;0;0;1;0;0;1;1;1;1;0;0
28463;12;1;1;0;5;0;0;0;0;1;1;0.3662109375;15;-1.503173828125;13.44189453125;-1.503173828125;-0.054931640625;1.3300000429153442;1.3366667032241821;5;5;1;1;0;0;1;1;0;0;1;0;0;1;1;1;1;0;0
28474;12;1;1;0;5;0;0;0;0;1;1;0.3662109375;15;-1.490966796875;13.4541015625;-1.490966796875;-0.054931640625;1.3300000429153442;1.3366667032241821;5;5;1;1;0;0;1;1;0;0;1;0;0;1;1;1;1;0;0
28483;12;1;1;0;5;0;0;0;0;1;1;0.3662109375;15;-1.47265625;13.472412109375;-1.47265625;-0.054931640625;1.3300000429153442;1.3333333730697632;5;5;1;1;0;0;1;1;0;0;1;0;0;1;1;1;1;0;0
28494;12;1;1;0;5;0;0;0;0;1;1;0.3662109375;15;-1.46044921875;13.484619140625;-1.46044921875;-0.054931640625;1.3300000429153442;1.3333333730697632;5;5;1;1;0;0;1;1;0;0;1;0;0;1;1;1;1;0;0
28503;12;1;1;0;5;0;0;0;0;1;1;0.3662109375;15;-1.442138671875;13.5029296875;-1.442138671875;-0.054931640625;1.3300000429153442;1.3333333730697632;5;5;1;1;0;0;1;1;0;0;1;0;0;1;1;1;1;0;0
28514;12;1;1;0;5;0;0;0;0;1;1;0.3662109375;15;-1.429931640625;13.51513671875;-1.429931640625;-0.054931640625;1.3300000429153442;1.3333333730697632;5;5;1;1;0;0;1;1;0;0;1;0;0;1;1;1;1;0;0
28523;12;1;1;0;5;0;0;0;0;1;1;0.3662109375;15;-1.41162109375;13.533447265625;-1.41162109375;-0.054931640625;1.3300000429153442;1.3300000429153442;5;5;1;1;0;0;1;1;0;0;1;0;0;1;1;1;1;0;0
28533;12;1;1;0;5;0;0;0;0;1;1;0.3645833432674408;15;-1.399658203125;13.545654296875;-1.399658203125;-0.0546875;1.3300000429153442;1.3333333730697632;5;5;1;1;0;0;1;1;0;0;1;0;0;1;1;1;1;0;0
28545;12;1;1;0;5;0;0;0;0;1;1;0.3645833432674408;15;-1.38134765625;13.56396484375;-1.38134765625;-0.0546875;1.3300000429153442;1.3300000429153442;5;5;1;1;0;0;1;1;0;0;1;0;0;1;1;1;1;0;0
28553;12;1;1;0;5;0;0;0;0;1;1;0.3645833432674408;15;-1.369140625;13.576171875;-1.369140625;-0.0546875;1.3300000429153442;1.3300000429153442;5;5;1;1;0;0;1;1;0;0;1;0;0;1;1;1;1;0;0
28569;12;1;1;0;5;0;0;0;0;1;1;0.3645833432674408;15;-1.350830078125;13.594482421875;-1.350830078125;-0.0546875;1.3266665935516357;1.3300000429153442;5;5;1;1;0;0;1;1;0;0;1;0;0;1;1;1;1;0;0
28574;12;1;1;0;5;0;0;0;0;1;1;0.3645833432674408;15;-1.338623046875;13.606689453125;-1.338623046875;-0.0546875;1.3300000429153442;1.3300000429153442;5;5;1;1;0;0;1;1;0;0;1;0;0;1;1;1;1;0;0
28583;12;1;1;0;5;0;0;0;0;1;1;0.3645833432674408;15;-1.3203125;13.625;-1.3203125;-0.0546875;1.3266665935516357;1.3333333730697632;5;5;1;1;0;0;1;1;0;0;1;0;0;1;1;1;1;0;0
28593;12;1;1;0;5;0;0;0;0;1;1;0.3645833432674408;15;-1.30810546875;13.63720703125;-1.30810546875;-0.0546875;1.3266665935516357;1.3300000429153442;5;5;1;1;0;0;1;1;0;0;1;0;0;1;1;1;1;0;0
28603;12;1;1;0;5;0;0;0;0;1;1;0.3645833432674408;15;-1.289794921875;13.655517578125;-1.289794921875;-0.0546875;1.3300000429153442;1.3300000429153442;5;5;1;1;0;0;1;1;0;0;1;0;0;1;1;1;1;0;0
28614;12;1;1;0;5;0;0;0;0;1;1;0.3629557192325592;15;-1.27783203125;13.667724609375;-1.27783203125;-0.054443359375;1.3300000429153442;1.3300000429153442;5;5;1;1;0;0;1;1;0;0;1;0;0;1;1;1;1;0;0
28623;12;1;1;0;5;0;0;0;0;1;1;0.3645833432674408;15;-1.259521484375;13.685791015625;-1.259521484375;-0.0546875;1.3266665935516357;1.3266665935516357;5;5;1;1;0;0;1;1;0;0;1;0;0;1;1;1;1;0;0
28633;12;1;1;0;5;0;0;0;0;1;1;0.3645833432674408;15;-1.247314453125;13.697998046875;-1.247314453125;-0.0546875;1.3300000429153442;1.3300000429153442;5;5;1;1;0;0;1;1;0;0;1;0;0;1;1;1;1;0;0
28643;12;1;1;0;5;0;0;0;0;1;1;0.3629557192325592;15;-1.22900390625;13.716552734375;-1.22900390625;-0.054443359375;1.3266665935516357;1.3300000429153442;5;5;1;1;0;0;1;1;0;0;1;0;0;1;1;1;1;0;0
28654;12;1;1;0;5;0;0;0;0;1;1;0.3629557192325592;15;-1.217041015625;13.728515625;-1.217041015625;-0.054443359375;1.3266665935516357;1.3266665935516357;5;5;1;1;0;0;1;1;0;0;1;0;0;1;1;1;1;0;0
28665;12;1;1;0;5;0;0;0;0;1;1;0.3629557192325592;15;-1.19873046875;13.746826171875;-1.19873046875;-0.054443359375;1.3266665935516357;1.3333333730697632;5;5;1;1;0;0;1;1;0;0;1;0;0;1;1;1;1;0;0
28675;12;1;1;0;5;0;0;0;0;1;1;0.3629557192325592;15;-1.1865234375;13.759033203125;-1.1865234375;-0.054443359375;1.3266665935516357;1.3300000429153442;5;5;1;1;0;0;1;1;0;0;1;0;0;1;1;1;1;0;0
28683;12;1;1;0;5;0;0;0;0;1;1;0.361328125;15;-1.16845703125;13.77734375;-1.16845703125;-0.05419921875;1.3266665935516357;1.3300000429153442;5;5;1;1;0;0;1;1;0;0;1;0;0;1;1;1;1;0;0
28693;12;1;1;0;5;0;0;0;0;1;1;0.361328125;15;-1.15625;13.78955078125;-1.15625;-0.05419921875;1.3233333826065063;1.3300000429153442;5;5;1;1;0;0;1;1;0;0;1;0;0;1;1;1;1;0;0
28703;12;1;1;0;5;0;0;0;0;1;1;0.361328125;15;-1.137939453125;13.807861328125;-1.137939453125;-0.05419921875;1.3233333826065063;1.3266665935516357;5;5;1;1;0;0;1;1;0;0;1;0;0;1;1;1;1;0;0
28713;12;1;1;0;5;0;0;0;0;1;1;0.361328125;15;-1.125732421875;13.820068359375;-1.125732421875;-0.05419921875;1.3266665935516357;1.3300000429153442;5;5;1;1;0;0;1;1;0;0;1;0;0;1;1;1;1;0;0
28723;12;1;1;0;5;0;0;0;0;1;1;0.361328125;15;-1.107666015625;13.838134765625;-1.107666015625;-0.05419921875;1.3233333826065063;1.3300000429153442;5;5;1;1;0;0;1;1;0;0;1;0;0;1;1;1;1;0;0
28733;12;1;1;0;5;0;0;0;0;1;1;0.361328125;15;-1.095458984375;13.850341796875;-1.095458984375;-0.05419921875;1.3233333826065063;1.3266665935516357;5;5;1;1;0;0;1;1;0;0;1;0;0;1;1;1;1;0;0
28743;12;1;1;0;5;0;0;0;0;1;1;0.3597005307674408;15;-1.077392578125;13.86865234375;-1.077392578125;-0.053955078125;1.3233333826065063;1.3300000429153442;5;5;1;1;0;0;1;1;0;0;1;0;0;1;1;1;1;0;0
28753;12;1;1;0;5;0;0;0;0;1;1;0.3597005307674408;15;-1.065185546875;13.880859375;-1.065185546875;-0.053955078125;1.3233333826065063;1.3266665935516357;5;5;1;1;0;0;1;1;0;0;1;0;0;1;1;1;1;0;0
28765;12;1;1;0;5;0;0;0;0;1;1;0.3580729067325592;15;-1.047119140625;13.899169921875;-1.047119140625;-0.0537109375;1.3233333826065063;1.3300000429153442;5;5;1;1;0;0;1;1;0;0;1;0;0;1;1;1;1;0;0
28775;12;1;1;0;5;0;0;0;0;1;1;0.3580729067325592;15;-1.034912109375;13.911376953125;-1.034912109375;-0.0537109375;1.3233333826065063;1.3266665935516357;5;5;1;1;0;0;1;1;0;0;1;0;0;1;1;1;1;0;0
28783;12;1;1;0;5;0;0;0;0;1;1;0.3580729067325592;15;-1.016845703125;13.929443359375;-1.016845703125;-0.0537109375;1.3233333826065063;1.3266665935516357;5;5;1;1;0;0;1;1;0;0;1;0;0;1;1;1;1;0;0
28793;12;1;1;0;5;0;0;0;0;1;1;0.3580729067325592;15;-1.004638671875;13.941650390625;-1.004638671875;-0.0537109375;1.3233333826065063;1.3266665935516357;5;5;1;1;0;0;1;1;0;0;1;0;0;1;1;1;1;0;0
28803;12;1;1;0;5;0;0;0;0;1;1;0.3564453125;15;-0.986572265625;13.9599609375;-0.986572265625;-0.053466796875;1.3200000524520874;1.3266665935516357;5;5;1;1;0;0;1;1;0;0;1;0;0;1;1;1;1;0;0
28813;12;1;1;0;5;0;0;0;0;1;1;0.3564453125;15;-0.974365234375;13.97216796875;-0.974365234375;-0.053466796875;1.3233333826065063;1.3266665935516357;5;5;1;1;0;0;1;1;0;0;1;0;0;1;1;1;1;0;0
28823;12;1;1;0;5;0;0;0;0;1;1;0.3564453125;15;-0.956298828125;13.990234375;-0.956298828125;-0.053466796875;1.3200000524520874;1.3233333826065063;5;5;1;1;0;0;1;1;0;0;1;0;0;1;1;1;1;0;0
28833;12;1;1;0;5;0;0;0;0;1;1;0.3564453125;15;-0.944091796875;14.00244140625;-0.944091796875;-0.053466796875;1.3200000524520874;1.3266665935516357;5;5;1;1;0;0;1;1;0;0;1;0;0;1;1;1;1;0;0
28843;12;1;1;0;5;0;0;0;0;1;1;0.3548177182674408;15;-0.926025390625;14.020751953125;-0.926025390625;-0.05322265625;1.3200000524520874;1.3266665935516357;5;5;1;1;0;0;1;1;0;0;1;0;0;1;1;1;1;0;0
28854;12;1;1;0;5;0;0;0;0;1;1;0.3548177182674408;15;-0.913818359375;14.032958984375;-0.913818359375;-0.05322265625;1.3200000524520874;1.3266665935516357;5;5;1;1;0;0;1;1;0;0;1;0;0;1;1;1;1;0;0
28865;12;1;1;0;5;0;0;0;0;1;1;0.3548177182674408;15;-0.895751953125;14.051025390625;-0.895751953125;-0.05322265625;1.3200000524520874;1.3266665935516357;5;5;1;1;0;0;1;1;0;0;1;0;0;1;1;1;1;0;0
28876;12;1;1;0;5;0;0;0;0;1;1;0.3548177182674408;15;-0.883544921875;14.063232421875;-0.883544921875;-0.05322265625;1.3200000524520874;1.3266665935516357;5;5;1;1;0;0;1;1;0;0;1;0;0;1;1;1;1;0;0
28883;12;1;1;0;5;0;0;0;0;1;1;0.3531900942325592;15;-0.865478515625;14.08154296875;-0.865478515625;-0.052978515625;1.3166667222976685;1.3266665935516357;5;5;1;1;0;0;1;1;0;0;1;0;0;1;1;1;1;0;0
28894;12;1;1;0;5;0;0;0;0;1;1;0.3531900942325592;15;-0.853271484375;14.09375;-0.853271484375;-0.052978515625;1.3200000524520874;1.3266665935516357;5;5;1;1;0;0;1;1;0;0;1;0;0;1;1;1;1;0;0
28903;12;1;1;0;5;0;0;0;0;1;1;0.3531900942325592;15;-0.835205078125;14.11181640625;-0.835205078125;-0.052978515625;1.3166667222976685;1.3266665935516357;5;5;1;1;0;0;1;1;0;0;1;0;0;1;1;1;1;0;0
28913;12;1;1;0;5;0;0;0;0;1;1;0.3515625;15;-0.8232421875;14.1240234375;-0.8232421875;-0.052734375;1.3166667222976685;1.3266665935516357;5;5;1;1;0;0;1;1;0;0;1;0;0;1;1;1;1;0;0
28923;12;1;1;0;5;0;0;0;0;1;1;0.3515625;15;-0.80517578125;14.14208984375;-0.80517578125;-0.052734375;1.3166667222976685;1.3266665935516357;5;5;1;1;0;0;1;1;0;0;1;0;0;1;1;1;1;0;0
28933;12;1;1;0;5;0;0;0;0;1;1;0.3515625;15;-0.79296875;14.154296875;-0.79296875;-0.052734375;1.3166667222976685;1.3266665935516357;5;5;1;1;0;0;1;1;0;0;1;0;0;1;1;1;1;0;0
28943;12;1;1;0;5;0;0;0;0;1;1;0.3499349057674408;15;-0.77490234375;14.172607421875;-0.77490234375;-0.052490234375;1.3166667222976685;1.3233333826065063;5;5;1;1;0;0;1;1;0;0;1;0;0;1;1;1;1;0;0
28953;12;1;1;0;5;0;0;0;0;1;1;0.3499349057674408;15;-0.762939453125;14.1845703125;-0.762939453125;-0.052490234375;1.3166667222976685;1.3233333826065063;5;5;1;1;0;0;1;1;0;0;1;0;0;1;1;1;1;0;0
28963;12;1;1;0;5;0;0;0;0;1;1;0.3483072817325592;15;-0.744873046875;14.202880859375;-0.744873046875;-0.05224609375;1.3166667222976685;1.3266665935516357;5;5;1;1;0;0;1;1;0;0;1;0;0;1;1;1;1;0;0
28974;12;1;1;0;5;0;0;0;0;1;1;0.3483072817325592;15;-0.732666015625;14.215087890625;-0.732666015625;-0.05224609375;1.3133333921432495;1.3233333826065063;5;5;1;1;0;0;1;1;0;0;1;0;0;1;1;1;1;0;0
28983;12;1;1;0;5;0;0;0;0;1;1;0.3483072817325592;15;-0.714599609375;14.233154296875;-0.714599609375;-0.05224609375;1.3166667222976685;1.3233333826065063;5;5;1;1;0;0;1;1;0;0;1;0;0;1;1;1;1;0;0
28993;12;1;1;0;5;0;0;0;0;1;1;0.3466796875;15;-0.70263671875;14.245361328125;-0.70263671875;-0.052001953125;1.3166667222976685;1.3233333826065063;5;5;1;1;0;0;1;1;0;0;1;0;0;1;1;1;1;0;0
29003;12;1;1;0;5;0;0;0;0;1;1;0.3450520932674408;15;-0.6845703125;14.263671875;-0.6845703125;-0.0517578125;1.3166667222976685;1.3233333826065063;5;5;1;1;0;0;1;1;0;0;1;0;0;1;1;1;1;0;0
29014;12;1;1;0;5;0;0;0;0;1;1;0.3450520932674408;15;-0.672607421875;14.275634765625;-0.672607421875;-0.0517578125;1.3133333921432495;1.3266665935516357;5;5;1;1;0;0;1;1;0;0;1;0;0;1;1;1;1;0;0
29023;12;1;1;0;5;0;0;0;0;1;1;0.3434244692325592;15;-0.654541015625;14.2939453125;-0.654541015625;-0.051513671875;1.3133333921432495;1.3200000524520874;5;5;1;1;0;0;1;1;0;0;1;0;0;1;1;1;1;0;0
29033;12;1;1;0;5;0;0;0;0;1;1;0.3450520932674408;15;-0.642333984375;14.305908203125;-0.642333984375;-0.0517578125;1.3133333921432495;1.3200000524520874;5;5;1;1;0;0;1;1;0;0;1;0;0;1;1;1;1;0;0
29043;12;1;1;0;5;0;0;0;0;1;1;0.3434244692325592;15;-0.624267578125;14.32421875;-0.624267578125;-0.051513671875;1.3133333921432495;1.3233333826065063;5;5;1;1;0;0;1;1;0;0;1;0;0;1;1;1;1;0;0
29053;12;1;1;0;5;0;0;0;0;1;1;0.3434244692325592;15;-0.6123046875;14.336181640625;-0.6123046875;-0.051513671875;1.309999942779541;1.3233333826065063;5;5;1;1;0;0;1;1;0;0;1;0;0;1;1;1;1;0;0
29063;12;1;1;0;5;0;0;0;0;1;1;0.341796875;15;-0.59423828125;14.3544921875;-0.59423828125;-0.05126953125;1.3133333921432495;1.3200000524520874;5;5;1;1;0;0;1;1;0;0;1;0;0;1;1;1;1;0;0
29074;12;1;1;0;5;0;0;0;0;1;1;0.341796875;15;-0.582275390625;14.366455078125;-0.582275390625;-0.05126953125;1.309999942779541;1.3200000524520874;5;5;1;1;0;0;1;1;0;0;1;0;0;1;1;1;1;0;0
29083;12;1;1;0;5;0;0;0;0;1;1;0.3401692807674408;15;-0.564208984375;14.384765625;-0.564208984375;-0.051025390625;1.3133333921432495;1.3200000524520874;5;5;1;1;0;0;1;1;0;0;1;0;0;1;1;1;1;0;0
29093;12;1;1;0;5;0;0;0;0;1;1;0.3401692807674408;15;-0.55224609375;14.396728515625;-0.55224609375;-0.051025390625;1.309999942779541;1.3200000524520874;5;5;1;1;0;0;1;1;0;0;1;0;0;1;1;1;1;0;0
29103;12;1;1;0;5;0;0;0;0;1;1;0.3401692807674408;15;-0.5341796875;14.414794921875;-0.5341796875;-0.051025390625;1.309999942779541;1.3200000524520874;5;5;1;1;0;0;1;1;0;0;1;0;0;1;1;1;1;0;0
29113;12;1;1;0;5;0;0;0;0;1;1;0.3385416567325592;15;-0.522216796875;14.427001953125;-0.522216796875;-0.05078125;1.309999942779541;1.3200000524520874;5;5;1;1;0;0;1;1;0;0;1;0;0;1;1;1;1;0;0
29123;12;1;1;0;5;0;0;0;0;1;1;0.3385416567325592;15;-0.504150390625;14.445068359375;-0.504150390625;-0.05078125;1.309999942779541;1.3200000524520874;5;5;1;1;0;0;1;1;0;0;1;0;0;1;1;1;1;0;0
29133;12;1;1;0;5;0;0;0;0;1;1;0.3369140625;15;-0.4921875;14.457275390625;-0.4921875;-0.050537109375;1.309999942779541;1.3200000524520874;5;5;1;1;0;0;1;1;0;0;1;0;0;1;1;1;1;0;0
29145;12;1;1;0;5;0;0;0;0;1;1;0.3369140625;15;-0.47412109375;14.475341796875;-0.47412109375;-0.050537109375;1.309999942779541;1.3200000524520874;5;5;1;1;0;0;1;1;0;0;1;0;0;1;1;1;1;0;0
29153;12;1;1;0;5;0;0;0;0;1;1;0.3369140625;15;-0.462158203125;14.4873046875;-0.462158203125;-0.050537109375;1.3066667318344116;1.3166667222976685;5;5;1;1;0;0;1;1;0;0;1;0;0;1;1;1;1;0;0
29163;12;1;1;0;5;0;0;0;0;1;1;0.3336588442325592;15;-0.4443359375;14.505615234375;-0.4443359375;-0.050048828125;1.309999942779541;1.3200000524520874;5;5;1;1;0;0;1;1;0;0;1;0;0;1;1;1;1;0;0
29173;12;1;1;0;5;0;0;0;0;1;1;0.3352864682674408;15;-0.43212890625;14.517578125;-0.43212890625;-0.05029296875;1.309999942779541;1.3200000524520874;5;5;1;1;0;0;1;1;0;0;1;0;0;1;1;1;1;0;0
29183;12;1;1;0;5;0;0;0;0;1;1;0.33203125;15;-0.414306640625;14.535888671875;-0.414306640625;-0.0498046875;1.3066667318344116;1.3166667222976685;5;5;1;1;0;0;1;1;0;0;1;0;0;1;1;1;1;0;0
29193;12;1;1;0;5;0;0;0;0;1;1;0.33203125;15;-0.40234375;14.5478515625;-0.40234375;-0.0498046875;1.3066667318344116;1.3166667222976685;5;5;1;1;0;0;1;1;0;0;1;0;0;1;1;1;1;0;0
29203;12;1;1;0;5;0;0;0;0;1;1;0.341796875;15;-0.38427734375;14.564453125;-0.38427734375;-0.05126953125;1.3066667318344116;1.3166667222976685;5;5;1;1;0;0;1;1;0;0;1;0;0;1;1;1;1;0;0
29213;12;1;1;0;5;0;0;0;0;1;1;0.3304036557674408;15;-0.372314453125;14.578125;-0.372314453125;-0.049560546875;1.3066667318344116;1.3166667222976685;5;5;1;1;0;0;1;1;0;0;1;0;0;1;1;1;1;0;0
29223;12;1;1;0;5;0;0;0;0;1;1;0.3304036557674408;15;-0.354248046875;14.59619140625;-0.354248046875;-0.049560546875;1.3066667318344116;1.3166667222976685;5;5;1;1;0;0;1;1;0;0;1;0;0;1;1;1;1;0;0
29233;12;1;1;0;5;0;0;0;0;1;1;0.3304036557674408;15;-0.34228515625;14.608154296875;-0.34228515625;-0.049560546875;1.3066667318344116;1.3200000524520874;5;5;1;1;0;0;1;1;0;0;1;0;0;1;1;1;1;0;0
29243;12;1;1;0;5;0;0;0;0;1;1;0.3271484375;15;-0.324462890625;14.62646484375;-0.324462890625;-0.049072265625;1.3066667318344116;1.3166667222976685;5;5;1;1;0;0;1;1;0;0;1;0;0;1;1;1;1;0;0
29254;12;1;1;0;5;0;0;0;0;1;1;0.3271484375;15;-0.3125;14.638427734375;-0.3125;-0.049072265625;1.3066667318344116;1.3166667222976685;5;5;1;1;0;0;1;1;0;0;1;0;0;1;1;1;1;0;0
29265;12;1;1;0;5;0;0;0;0;1;1;0.3271484375;15;-0.29443359375;14.656494140625;-0.29443359375;-0.049072265625;1.3066667318344116;1.3166667222976685;5;5;1;1;0;0;1;1;0;0;1;0;0;1;1;1;1;0;0
29274;12;1;1;0;5;0;0;0;0;1;1;0.3271484375;15;-0.282470703125;14.66845703125;-0.282470703125;-0.049072265625;1.3066667318344116;1.3166667222976685;5;5;1;1;0;0;1;1;0;0;1;0;0;1;1;1;1;0;0
29283;12;1;1;0;5;0;0;0;0;1;1;0.3271484375;15;-0.264404296875;14.6865234375;-0.264404296875;-0.049072265625;1.309999942779541;1.3133333921432495;5;5;1;1;0;0;1;1;0;0;1;0;0;1;1;1;1;0;0
29293;12;1;1;0;5;0;0;0;0;1;1;0.3255208432674408;15;-0.25244140625;14.69873046875;-0.25244140625;-0.048828125;1.3066667318344116;1.3133333921432495;5;5;1;1;0;0;1;1;0;0;1;0;0;1;1;1;1;0;0
29304;12;1;1;0;5;0;0;0;0;1;1;0.3238932192325592;15;-0.234619140625;14.716796875;-0.234619140625;-0.048583984375;1.3066667318344116;1.3166667222976685;5;5;1;1;0;0;1;1;0;0;1;0;0;1;1;1;1;0;0
29313;12;1;1;0;5;0;0;0;0;1;1;0.3238932192325592;15;-0.22265625;14.728759765625;-0.22265625;-0.048583984375;1.3066667318344116;1.3166667222976685;5;5;1;1;0;0;1;1;0;0;1;0;0;1;1;1;1;0;0
29323;12;1;1;0;5;0;0;0;0;1;1;0.3238932192325592;15;-0.20458984375;14.746826171875;-0.20458984375;-0.048583984375;1.3066667318344116;1.3133333921432495;5;5;1;1;0;0;1;1;0;0;1;0;0;1;1;1;1;0;0
29334;12;1;1;0;5;0;0;0;0;1;1;0.322265625;15;-0.192626953125;14.759033203125;-0.192626953125;-0.04833984375;1.3066667318344116;1.3133333921432495;5;5;1;1;0;0;1;1;0;0;1;0;0;1;1;1;1;0;0
29343;12;1;1;0;5;0;0;0;0;1;1;0.322265625;15;-0.174560546875;14.777099609375;-0.174560546875;-0.04833984375;1.3066667318344116;1.3133333921432495;5;5;1;1;0;0;1;1;0;0;1;0;0;1;1;1;1;0;0
29353;12;1;1;0;5;0;0;0;0;1;1;0.322265625;15;-0.16259765625;14.7890625;-0.16259765625;-0.04833984375;1.3066667318344116;1.3133333921432495;5;5;1;1;0;0;1;1;0;0;1;0;0;1;1;1;1;0;0
29363;12;1;1;0;5;0;0;0;0;1;1;0.3206380307674408;15;-0.144775390625;14.80712890625;-0.144775390625;-0.048095703125;1.3066667318344116;1.3133333921432495;5;5;1;1;0;0;1;1;0;0;1;0;0;1;1;1;1;0;0
29374;12;1;1;0;5;0;0;0;0;1;1;0.3206380307674408;15;-0.1328125;14.819091796875;-0.1328125;-0.048095703125;1.3066667318344116;1.3133333921432495;5;5;1;1;0;0;1;1;0;0;1;0;0;1;1;1;1;0;0
29383;12;1;1;0;5;0;0;0;0;1;1;0.3206380307674408;15;-0.11474609375;14.837158203125;-0.11474609375;-0.048095703125;1.3066667318344116;1.3133333921432495;5;5;1;1;0;0;1;1;0;0;1;0;0;1;1;1;1;0;0
29393;12;1;1;0;5;0;0;0;0;1;1;0.3190104067325592;15;-0.102783203125;14.849365234375;-0.102783203125;-0.0478515625;1.3066667318344116;1.3166667222976685;5;5;1;1;0;0;1;1;0;0;1;0;0;1;1;1;1;0;0
29404;12;1;1;0;5;0;0;0;0;1;1;0.3190104067325592;15;-0.084716796875;14.867431640625;-0.084716796875;-0.0478515625;1.3066667318344116;1.3133333921432495;5;5;1;1;0;0;1;1;0;0;1;0;0;1;1;1;1;0;0
29413;12;1;1;0;5;0;0;0;0;1;1;0.3190104067325592;15;-0.07275390625;14.87939453125;-0.07275390625;-0.0478515625;1.3066667318344116;1.3166667222976685;5;5;1;1;0;0;1;1;0;0;1;0;0;1;1;1;1;0;0
29423;12;1;1;0;5;0;0;0;0;1;1;0.3173828125;15;-0.054931640625;14.8974609375;-0.054931640625;-0.047607421875;1.3066667318344116;1.3133333921432495;5;5;1;1;0;0;1;1;0;0;1;0;0;1;1;1;1;0;0
29434;12;1;1;0;5;0;0;0;0;1;1;0.3157552182674408;15;-0.04296875;14.90966796875;-0.04296875;-0.04736328125;1.3066667318344116;1.3166667222976685;5;5;1;1;0;0;1;1;0;0;1;0;0;1;1;1;1;0;0
29443;12;1;1;0;5;0;0;0;0;1;1;0.3157552182674408;15;-0.02490234375;14.927734375;-0.02490234375;-0.04736328125;1.3066667318344116;1.3133333921432495;5;5;1;1;0;0;1;1;0;0;1;0;0;1;1;1;1;0;0
29453;12;1;1;0;5;0;0;0;0;1;1;0.3173828125;15;-0.012939453125;14.939453125;-0.012939453125;-0.047607421875;1.3066667318344116;1.3066667318344116;5;5;1;1;0;0;1;1;0;0;1;0;0;1;1;1;1;0;0
29463;12;1;1;0;5;0;0;0;0;1;1;0.3141275942325592;15;0.0048828125;14.957763671875;0.0048828125;-0.047119140625;1.3066667318344116;1.3166667222976685;5;5;1;1;0;0;1;1;0;0;1;0;0;1;1;1;1;0;0
29473;12;1;1;0;5;0;0;0;0;1;1;0.3141275942325592;15;0.016845703125;14.9697265625;0.016845703125;-0.047119140625;1.3066667318344116;1.3166667222976685;5;5;1;1;0;0;1;1;0;0;1;0;0;1;1;1;1;0;0
29483;12;1;1;0;5;0;0;0;0;1;1;0.3141275942325592;15;0.034912109375;14.98779296875;0.034912109375;-0.047119140625;1.3066667318344116;1.309999942779541;5;5;1;1;0;0;1;1;0;0;1;0;0;1;1;1;1;0;0
29494;12;1;1;0;5;0;0;0;0;1;1;0.3141275942325592;15;0.046875;14.999755859375;0.046875;-0.047119140625;1.3033334016799927;1.3133333921432495;5;5;1;1;0;0;1;1;0;0;1;0;0;1;1;1;1;0;0
29503;12;1;1;0;5;0;0;0;0;1;1;0.3125;15;0.064697265625;15.017822265625;0.064697265625;-0.046875;1.3066667318344116;1.3133333921432495;5;5;1;1;0;0;1;1;0;0;1;0;0;1;1;1;1;0;0
29514;12;1;1;0;5;0;0;0;0;1;1;0.3141275942325592;15;0.076904296875;15.02978515625;0.076904296875;-0.047119140625;1.3066667318344116;1.309999942779541;5;5;1;1;0;0;1;1;0;0;1;0;0;1;1;1;1;0;0
29523;12;1;1;0;5;0;0;0;0;1;1;0.3125;15;0.0947265625;15.0478515625;0.0947265625;-0.046875;1.3033334016799927;1.309999942779541;5;5;1;1;0;0;1;1;0;0;1;0;0;1;1;1;1;0;0
29534;12;1;1;0;5;0;0;0;0;1;1;0.3108724057674408;15;0.106689453125;15.06005859375;0.106689453125;-0.046630859375;1.3033334016799927;1.3133333921432495;5;5;1;1;0;0;1;1;0;0;1;0;0;1;1;1;1;0;0
29543;12;1;1;0;5;0;0;0;0;1;1;0.3108724057674408;15;0.12451171875;15.077880859375;0.12451171875;-0.046630859375;1.3033334016799927;1.309999942779541;5;5;1;1;0;0;1;1;0;0;1;0;0;1;1;1;1;0;0
29553;12;1;1;0;5;0;0;0;0;1;1;0.3092447817325592;15;0.136474609375;15.090087890625;0.136474609375;-0.04638671875;1.3033334016799927;1.3166667222976685;5;5;1;1;0;0;1;1;0;0;1;0;0;1;1;1;1;0;0
29563;12;1;1;0;5;0;0;0;0;1;1;0.3092447817325592;15;0.154541015625;15.108154296875;0.154541015625;-0.04638671875;1.3033334016799927;1.3133333921432495;5;5;1;1;0;0;1;1;0;0;1;0;0;1;1;1;1;0;0
29573;12;1;1;0;5;0;0;0;0;1;1;0.3092447817325592;15;0.16650390625;15.1201171875;0.16650390625;-0.04638671875;1.3033334016799927;1.3133333921432495;5;5;1;1;0;0;1;1;0;0;1;0;0;1;1;1;1;0;0
29583;12;1;1;0;5;0;0;0;0;1;1;0.3076171875;15;0.184326171875;15.13818359375;0.184326171875;-0.046142578125;1.3033334016799927;1.3133333921432495;5;5;1;1;0;0;1;1;0;0;1;0;0;1;1;1;1;0;0
29593;12;1;1;0;5;0;0;0;0;1;1;0.3076171875;15;0.1962890625;15.150146484375;0.1962890625;-0.046142578125;1.3066667318344116;1.309999942779541;5;5;1;1;0;0;1;1;0;0;1;0;0;1;1;1;1;0;0
29603;12;1;1;0;5;0;0;0;0;1;1;0.3059895932674408;15;0.21435546875;15.16845703125;0.21435546875;-0.0458984375;1.3033334016799927;1.3166667222976685;5;5;1;1;0;0;1;1;0;0;1;0;0;1;1;1;1;0;0
29613;12;1;1;0;5;0;0;0;0;1;1;0.3059895932674408;15;0.226318359375;15.180419921875;0.226318359375;-0.0458984375;1.3033334016799927;1.3166667222976685;5;5;1;1;0;0;1;1;0;0;1;0;0;1;1;1;1;0;0
29623;12;1;1;0;5;0;0;0;0;1;1;0.3076171875;15;0.244384765625;15.1982421875;0.244384765625;-0.046142578125;1.3066667318344116;1.3066667318344116;5;5;1;1;0;0;1;1;0;0;1;0;0;1;1;1;1;0;0
29633;12;1;1;0;5;0;0;0;0;1;1;0.3059895932674408;15;0.256103515625;15.210205078125;0.256103515625;-0.0458984375;1.3066667318344116;1.309999942779541;5;5;1;1;0;0;1;1;0;0;1;0;0;1;1;1;1;0;0
29643;12;1;1;0;5;0;0;0;0;1;1;0.3043619692325592;15;0.274169921875;15.228515625;0.274169921875;-0.045654296875;1.3066667318344116;1.3133333921432495;5;5;1;1;0;0;1;1;0;0;1;0;0;1;1;1;1;0;0
29653;12;1;1;0;5;0;0;0;0;1;1;0.3043619692325592;15;0.2861328125;15.240478515625;0.2861328125;-0.045654296875;1.3066667318344116;1.3166667222976685;5;5;1;1;0;0;1;1;0;0;1;0;0;1;1;1;1;0;0
29664;12;1;1;0;5;0;0;0;0;1;1;0.3043619692325592;15;0.30419921875;15.258544921875;0.30419921875;-0.045654296875;1.3066667318344116;1.3133333921432495;5;5;1;1;0;0;1;1;0;0;1;0;0;1;1;1;1;0;0
29673;12;1;1;0;5;0;0;0;0;1;1;0.3043619692325592;15;0.316162109375;15.2705078125;0.316162109375;-0.045654296875;1.3066667318344116;1.309999942779541;5;5;1;1;0;0;1;1;0;0;1;0;0;1;1;1;1;0;0
29683;12;1;1;0;5;0;0;0;0;1;1;0.3011067807674408;15;0.333984375;15.288818359375;0.333984375;-0.045166015625;1.3066667318344116;1.3166667222976685;5;5;1;1;0;0;1;1;0;0;1;0;0;1;1;1;1;0;0
29693;12;1;1;0;5;0;0;0;0;1;1;0.3011067807674408;15;0.345947265625;15.30078125;0.345947265625;-0.045166015625;1.3066667318344116;1.3133333921432495;5;5;1;1;0;0;1;1;0;0;1;0;0;1;1;1;1;0;0
29703;12;1;1;0;5;0;0;0;0;1;1;0.302734375;15;0.364013671875;15.318603515625;0.364013671875;-0.04541015625;1.3066667318344116;1.309999942779541;5;5;1;1;0;0;1;1;0;0;1;0;0;1;1;1;1;0;0
29713;12;1;1;0;5;0;0;0;0;1;1;0.3011067807674408;15;0.3759765625;15.330810546875;0.3759765625;-0.045166015625;1.3066667318344116;1.3133333921432495;5;5;1;1;0;0;1;1;0;0;1;0;0;1;1;1;1;0;0
29724;12;1;1;0;5;0;0;0;0;1;1;0.2994791567325592;15;0.393798828125;15.348876953125;0.393798828125;-0.044921875;1.3066667318344116;1.3133333921432495;5;5;1;1;0;0;1;1;0;0;1;0;0;1;1;1;1;0;0
29734;12;1;1;0;5;0;0;0;0;1;1;0.2994791567325592;15;0.40576171875;15.36083984375;0.40576171875;-0.044921875;1.3066667318344116;1.309999942779541;5;5;1;1;0;0;1;1;0;0;1;0;0;1;1;1;1;0;0
29743;12;1;1;0;5;0;0;0;0;1;1;0.3011067807674408;15;0.423828125;15.378662109375;0.423828125;-0.045166015625;1.3066667318344116;1.309999942779541;5;5;1;1;0;0;1;1;0;0;1;0;0;1;1;1;1;0;0
29755;12;1;1;0;5;0;0;0;0;1;1;0.2994791567325592;15;0.435791015625;15.390869140625;0.435791015625;-0.044921875;1.3066667318344116;1.3133333921432495;5;5;1;1;0;0;1;1;0;0;1;0;0;1;1;1;1;0;0
29763;12;1;1;0;5;0;0;0;0;1;1;0.2978515625;15;0.45361328125;15.408935546875;0.45361328125;-0.044677734375;1.3066667318344116;1.3133333921432495;5;5;1;1;0;0;1;1;0;0;1;0;0;1;1;1;1;0;0
29774;12;1;1;0;5;0;0;0;0;1;1;0.2978515625;15;0.465576171875;15.4208984375;0.465576171875;-0.044677734375;1.3066667318344116;1.309999942779541;5;5;1;1;0;0;1;1;0;0;1;0;0;1;1;1;1;0;0
29783;12;1;1;0;5;0;0;0;0;1;1;0.2978515625;15;0.483642578125;15.43896484375;0.483642578125;-0.044677734375;1.3066667318344116;1.3133333921432495;5;5;1;1;0;0;1;1;0;0;1;0;0;1;1;1;1;0;0
29793;12;1;1;0;5;0;0;0;0;1;1;0.2978515625;15;0.49560546875;15.450927734375;0.49560546875;-0.044677734375;1.3066667318344116;1.3166667222976685;5;5;1;1;0;0;1;1;0;0;1;0;0;1;1;1;1;0;0
29803;12;1;1;0;5;0;0;0;0;1;1;0.2978515625;15;0.513671875;15.468994140625;0.513671875;-0.044677734375;1.3066667318344116;1.3133333921432495;5;5;1;1;0;0;1;1;0;0;1;0;0;1;1;1;1;0;0
29813;12;1;1;0;5;0;0;0;0;1;1;0.2962239682674408;15;0.525634765625;15.481201171875;0.525634765625;-0.04443359375;1.3066667318344116;1.3133333921432495;5;5;1;1;0;0;1;1;0;0;1;0;0;1;1;1;1;0;0
29823;12;1;1;0;5;0;0;0;0;1;1;0.2962239682674408;15;0.54345703125;15.4990234375;0.54345703125;-0.04443359375;1.3066667318344116;1.309999942779541;5;5;1;1;0;0;1;1;0;0;1;0;0;1;1;1;1;0;0
29834;12;1;1;0;5;0;0;0;0;1;1;0.2962239682674408;15;0.555419921875;15.510986328125;0.555419921875;-0.04443359375;1.3066667318344116;1.309999942779541;5;5;1;1;0;0;1;1;0;0;1;0;0;1;1;1;1;0;0
29843;12;1;1;0;5;0;0;0;0;1;1;0.2962239682674408;15;0.573486328125;15.529052734375;0.573486328125;-0.04443359375;1.3066667318344116;1.3133333921432495;5;5;1;1;0;0;1;1;0;0;1;0;0;1;1;1;1;0;0
29853;12;1;1;0;5;0;0;0;0;1;1;0.2945963442325592;15;0.58544921875;15.541259765625;0.58544921875;-0.044189453125;1.3066667318344116;1.3166667222976685;5;5;1;1;0;0;1;1;0;0;1;0;0;1;1;1;1;0;0
29863;12;1;1;0;5;0;0;0;0;1;1;0.2962239682674408;15;0.603515625;15.55908203125;0.603515625;-0.04443359375;1.3066667318344116;1.309999942779541;5;5;1;1;0;0;1;1;0;0;1;0;0;1;1;1;1;0;0
29873;12;1;1;0;5;0;0;0;0;1;1;0.2945963442325592;15;0.615478515625;15.5712890625;0.615478515625;-0.044189453125;1.3066667318344116;1.309999942779541;5;5;1;1;0;0;1;1;0;0;1;0;0;1;1;1;1;0;0
29885;12;1;1;0;5;0;0;0;0;1;1;0.2945963442325592;15;0.633544921875;15.58935546875;0.633544921875;-0.044189453125;1.3066667318344116;1.3133333921432495;5;5;1;1;0;0;1;1;0;0;1;0;0;1;1;1;1;0;0
29894;12;1;1;0;5;0;0;0;0;1;1;0.2945963442325592;15;0.6455078125;15.601318359375;0.6455078125;-0.044189453125;1.3066667318344116;1.309999942779541;5;5;1;1;0;0;1;1;0;0;1;0;0;1;1;1;1;0;0
29903;12;1;1;0;5;0;0;0;0;1;1;0.29296875;15;0.663330078125;15.619384765625;0.663330078125;-0.0439453125;1.309999942779541;1.309999942779541;5;5;1;1;0;0;1;1;0;0;1;0;0;1;1;1;1;0;0
29914;12;1;1;0;5;0;0;0;0;1;1;0.29296875;15;0.67529296875;15.63134765625;0.67529296875;-0.0439453125;1.3066667318344116;1.309999942779541;5;5;1;1;0;0;1;1;0;0;1;0;0;1;1;1;1;0;0
29925;12;1;1;0;5;0;0;0;0;1;1;0.29296875;15;0.693359375;15.6494140625;0.693359375;-0.0439453125;1.309999942779541;1.309999942779541;5;5;1;1;0;0;1;1;0;0;1;0;0;1;1;1;1;0;0
29934;12;1;1;0;5;0;0;0;0;1;1;0.29296875;15;0.705322265625;15.661376953125;0.705322265625;-0.0439453125;1.309999942779541;1.309999942779541;5;5;1;1;0;0;1;1;0;0;1;0;0;1;1;1;1;0;0
29943;12;1;1;0;5;0;0;0;0;1;1;0.29296875;15;0.723388671875;15.679443359375;0.723388671875;-0.0439453125;1.309999942779541;1.309999942779541;5;5;1;1;0;0;1;1;0;0;1;0;0;1;1;1;1;0;0
29953;12;1;1;0;5;0;0;0;0;1;1;0.29296875;15;0.7353515625;15.69140625;0.7353515625;-0.0439453125;1.309999942779541;1.309999942779541;5;5;1;1;0;0;1;1;0;0;1;0;0;1;1;1;1;0;0
29963;12;1;1;0;5;0;0;0;0;1;1;0.29296875;15;0.75341796875;15.70947265625;0.75341796875;-0.0439453125;1.309999942779541;1.3166667222976685;5;5;1;1;0;0;1;1;0;0;1;0;0;1;1;1;1;0;0
29973;12;1;1;0;5;0;0;0;0;1;1;0.29296875;15;0.765380859375;15.721435546875;0.765380859375;-0.0439453125;1.309999942779541;1.3133333921432495;5;5;1;1;0;0;1;1;0;0;1;0;0;1;1;1;1;0;0
29983;12;1;1;0;5;0;0;0;0;1;1;0.29296875;15;0.783447265625;15.739501953125;0.783447265625;-0.0439453125;1.309999942779541;1.309999942779541;5;5;1;1;0;0;1;1;0;0;1;0;0;1;1;1;1;0;0
29994;12;1;1;0;5;0;0;0;0;1;1;0.2913411557674408;15;0.79541015625;15.751708984375;0.79541015625;-0.043701171875;1.3066667318344116;1.3133333921432495;5;5;1;1;0;0;1;1;0;0;1;0;0;1;1;1;1;0;0
30003;12;1;1;0;5;0;0;0;0;1;1;0.29296875;15;0.8134765625;15.76953125;0.8134765625;-0.0439453125;1.309999942779541;1.3133333921432495;5;5;1;1;0;0;1;1;0;0;1;0;0;1;1;1;1;0;0
30013;12;1;1;0;5;0;0;0;0;1;1;0.2913411557674408;15;0.825439453125;15.78173828125;0.825439453125;-0.043701171875;1.309999942779541;1.3133333921432495;5;5;1;1;0;0;1;1;0;0;1;0;0;1;1;1;1;0;0
30023;12;1;1;0;5;0;0;0;0;1;1;0.2897135317325592;15;0.84326171875;15.7998046875;0.84326171875;-0.04345703125;1.309999942779541;1.309999942779541;5;5;1;1;0;0;1;1;0;0;1;0;0;1;1;1;1;0;0
30034;12;1;1;0;5;0;0;0;0;1;1;0.2897135317325592;15;0.855224609375;15.811767578125;0.855224609375;-0.04345703125;1.309999942779541;1.309999942779541;5;5;1;1;0;0;1;1;0;0;1;0;0;1;1;1;1;0;0
30043;12;1;1;0;5;0;0;0;0;1;1;0.2897135317325592;15;0.873291015625;15.829833984375;0.873291015625;-0.04345703125;1.309999942779541;1.309999942779541;5;5;1;1;0;0;1;1;0;0;1;0;0;1;1;1;1;0;0
30053;12;1;1;0;5;0;0;0;0;1;1;0.2897135317325592;15;0.88525390625;15.841796875;0.88525390625;-0.04345703125;1.309999942779541;1.3133333921432495;5;5;1;1;0;0;1;1;0;0;1;0;0;1;1;1;1;0;0
30064;12;1;1;0;5;0;0;0;0;1;1;0.2897135317325592;15;0.9033203125;15.85986328125;0.9033203125;-0.04345703125;1.309999942779541;1.309999942779541;5;5;1;1;0;0;1;1;0;0;1;0;0;1;1;1;1;0;0
30074;12;1;1;0;5;0;0;0;0;1;1;0.2897135317325592;15;0.915283203125;15.871826171875;0.915283203125;-0.04345703125;1.309999942779541;1.3133333921432495;5;5;1;1;0;0;1;1;0;0;1;0;0;1;1;1;1;0;0
30083;12;1;1;0;5;0;0;0;0;1;1;0.2897135317325592;15;0.933349609375;15.889892578125;0.933349609375;-0.04345703125;1.309999942779541;1.309999942779541;5;5;1;1;0;0;1;1;0;0;1;0;0;1;1;1;1;0;0
30095;12;1;1;0;5;0;0;0;0;1;1;0.2897135317325592;15;0.9453125;15.90185546875;0.9453125;-0.04345703125;1.309999942779541;1.309999942779541;5;5;1;1;0;0;1;1;0;0;1;0;0;1;1;1;1;0;0
30103;12;1;1;0;5;0;0;0;0;1;1;0.2897135317325592;15;0.96337890625;15.919921875;0.96337890625;-0.04345703125;1.309999942779541;1.3133333921432495;5;5;1;1;0;0;1;1;0;0;1;0;0;1;1;1;1;0;0
30113;12;1;1;0;5;0;0;0;0;1;1;0.2897135317325592;15;0.975341796875;15.931884765625;0.975341796875;-0.04345703125;1.309999942779541;1.309999942779541;5;5;1;1;0;0;1;1;0;0;1;0;0;1;1;1;1;0;0
30123;12;1;1;0;5;0;0;0;0;1;1;0.2897135317325592;15;0.993408203125;15.949951171875;0.993408203125;-0.04345703125;1.309999942779541;1.3133333921432495;5;5;1;1;0;0;1;1;0;0;1;0;0;1;1;1;1;0;0
30135;12;1;1;0;5;0;0;0;0;1;1;0.2897135317325592;15;1.00537109375;15.9619140625;1.00537109375;-0.04345703125;1.309999942779541;1.309999942779541;5;5;1;1;0;0;1;1;0;0;1;0;0;1;1;1;1;0;0
30143;12;1;1;0;5;0;0;0;0;1;1;0.2897135317325592;15;1.0234375;15.97998046875;1.0234375;-0.04345703125;1.309999942779541;1.3133333921432495;5;5;1;1;0;0;1;1;0;0;1;0;0;1;1;1;1;0;0
30153;12;1;1;0;5;0;0;0;0;1;1;0.2880859375;15;1.035400390625;15.9921875;1.035400390625;-0.043212890625;1.309999942779541;1.3133333921432495;5;5;1;1;0;0;1;1;0;0;1;0;0;1;1;1;1;0;0
30164;12;1;1;0;5;0;0;0;0;1;1;0.2880859375;15;1.053466796875;16.01025390625;1.053466796875;-0.043212890625;1.309999942779541;1.309999942779541;5;5;1;1;0;0;1;1;0;0;1;0;0;1;1;1;1;0;0
30173;12;1;1;0;5;0;0;0;0;1;1;0.2880859375;15;1.0654296875;16.022216796875;1.0654296875;-0.043212890625;1.309999942779541;1.309999942779541;5;5;1;1;0;0;1;1;0;0;1;0;0;1;1;1;1;0;0
30183;12;1;1;0;5;0;0;0;0;1;1;0.2880859375;15;1.08349609375;16.040283203125;1.08349609375;-0.043212890625;1.309999942779541;1.3133333921432495;5;5;1;1;0;0;1;1;0;0;1;0;0;1;1;1;1;0;0
30194;12;1;1;0;5;0;0;0;0;1;1;0.2880859375;15;1.095458984375;16.05224609375;1.095458984375;-0.043212890625;1.309999942779541;1.3166667222976685;5;5;1;1;0;0;1;1;0;0;1;0;0;1;1;1;1;0;0
30203;12;1;1;0;5;0;0;0;0;1;1;0.2880859375;15;1.113525390625;16.0703125;1.113525390625;-0.043212890625;1.309999942779541;1.309999942779541;5;5;1;1;0;0;1;1;0;0;1;0;0;1;1;1;1;0;0
30213;12;1;1;0;5;0;0;0;0;1;1;0.2880859375;15;1.12548828125;16.082275390625;1.12548828125;-0.043212890625;1.309999942779541;1.3133333921432495;5;5;1;1;0;0;1;1;0;0;1;0;0;1;1;1;1;0;0
30223;12;1;1;0;5;0;0;0;0;1;1;0.2880859375;15;1.1435546875;16.100341796875;1.1435546875;-0.043212890625;1.309999942779541;1.3133333921432495;5;5;1;1;0;0;1;1;0;0;1;0;0;1;1;1;1;0;0
30233;12;1;1;0;5;0;0;0;0;1;1;0.2864583432674408;15;1.155517578125;16.112548828125;1.155517578125;-0.04296875;1.3133333921432495;1.3166667222976685;5;5;1;1;0;0;1;1;0;0;1;0;0;1;1;1;1;0;0
30243;12;1;1;0;5;0;0;0;0;1;1;0.2864583432674408;15;1.173583984375;16.130615234375;1.173583984375;-0.04296875;1.309999942779541;1.309999942779541;5;5;1;1;0;0;1;1;0;0;1;0;0;1;1;1;1;0;0
30253;12;1;1;0;5;0;0;0;0;1;1;0.2864583432674408;15;1.185546875;16.142578125;1.185546875;-0.04296875;1.309999942779541;1.3133333921432495;5;5;1;1;0;0;1;1;0;0;1;0;0;1;1;1;1;0;0
30264;12;1;1;0;5;0;0;0;0;1;1;0.2864583432674408;15;1.20361328125;16.16064453125;1.20361328125;-0.04296875;1.309999942779541;1.3133333921432495;5;5;1;1;0;0;1;1;0;0;1;0;0;1;1;1;1;0;0
30273;12;1;1;0;5;0;0;0;0;1;1;0.2864583432674408;15;1.215576171875;16.172607421875;1.215576171875;-0.04296875;1.309999942779541;1.3133333921432495;5;5;1;1;0;0;1;1;0;0;1;0;0;1;1;1;1;0;0
30283;12;1;1;0;5;0;0;0;0;1;1;0.2864583432674408;15;1.233642578125;16.190673828125;1.233642578125;-0.04296875;1.309999942779541;1.3133333921432495;5;5;1;1;0;0;1;1;0;0;1;0;0;1;1;1;1;0;0
30294;12;1;1;0;5;0;0;0;0;1;1;0.2864583432674408;15;1.24560546875;16.20263671875;1.24560546875;-0.04296875;1.309999942779541;1.3133333921432495;5;5;1;1;0;0;1;1;0;0;1;0;0;1;1;1;1;0;0
30303;12;1;1;0;5;0;0;0;0;1;1;0.2864583432674408;15;1.263671875;16.220703125;1.263671875;-0.04296875;1.309999942779541;1.3133333921432495;5;5;1;1;0;0;1;1;0;0;1;0;0;1;1;1;1;0;0
30313;12;1;1;0;5;0;0;0;0;1;1;0.2848307192325592;15;1.275634765625;16.23291015625;1.275634765625;-0.042724609375;1.309999942779541;1.3133333921432495;5;5;1;1;0;0;1;1;0;0;1;0;0;1;1;1;1;0;0
30323;12;1;1;0;5;0;0;0;0;1;1;0.2848307192325592;15;1.293701171875;16.2509765625;1.293701171875;-0.042724609375;1.309999942779541;1.3133333921432495;5;5;1;1;0;0;1;1;0;0;1;0;0;1;1;1;1;0;0
30334;12;1;1;0;5;0;0;0;0;1;1;0.2848307192325592;15;1.3056640625;16.262939453125;1.3056640625;-0.042724609375;1.309999942779541;1.309999942779541;5;5;1;1;0;0;1;1;0;0;1;0;0;1;1;1;1;0;0
30343;12;1;1;0;5;0;0;0;0;1;1;0.2848307192325592;15;1.32373046875;16.281005859375;1.32373046875;-0.042724609375;1.309999942779541;1.3133333921432495;5;5;1;1;0;0;1;1;0;0;1;0;0;1;1;1;1;0;0
30353;12;1;1;0;5;0;0;0;0;1;1;0.2848307192325592;15;1.335693359375;16.29296875;1.335693359375;-0.042724609375;1.309999942779541;1.3133333921432495;5;5;1;1;0;0;1;1;0;0;1;0;0;1;1;1;1;0;0
30363;12;1;1;0;5;0;0;0;0;1;1;0.2848307192325592;15;1.353759765625;16.31103515625;1.353759765625;-0.042724609375;1.3133333921432495;1.3133333921432495;5;5;1;1;0;0;1;1;0;0;1;0;0;1;1;1;1;0;0
30373;12;1;1;0;5;0;0;0;0;1;1;0.283203125;15;1.36572265625;16.3232421875;1.36572265625;-0.04248046875;1.309999942779541;1.3133333921432495;5;5;1;1;0;0;1;1;0;0;1;0;0;1;1;1;1;0;0
30383;12;1;1;0;5;0;0;0;0;1;1;0.283203125;15;1.3837890625;16.34130859375;1.3837890625;-0.04248046875;1.309999942779541;1.3166667222976685;5;5;1;1;0;0;1;1;0;0;1;0;0;1;1;1;1;0;0
30393;12;1;1;0;5;0;0;0;0;1;1;0.283203125;15;1.395751953125;16.353271484375;1.395751953125;-0.04248046875;1.3133333921432495;1.3166667222976685;5;5;1;1;0;0;1;1;0;0;1;0;0;1;1;1;1;0;0
30403;12;1;1;0;5;0;0;0;0;1;1;0.283203125;15;1.413818359375;16.371337890625;1.413818359375;-0.04248046875;1.309999942779541;1.3133333921432495;5;5;1;1;0;0;1;1;0;0;1;0;0;1;1;1;1;0;0
30413;12;1;1;0;5;0;0;0;0;1;1;0.283203125;15;1.42578125;16.38330078125;1.42578125;-0.04248046875;1.309999942779541;1.3133333921432495;5;5;1;1;0;0;1;1;0;0;1;0;0;1;1;1;1;0;0
30423;12;1;1;0;5;0;0;0;0;1;1;0.283203125;15;1.44384765625;16.4013671875;1.44384765625;-0.04248046875;1.3133333921432495;1.3133333921432495;5;5;1;1;0;0;1;1;0;0;1;0;0;1;1;1;1;0;0
30433;12;1;1;0;5;0;0;0;0;1;1;0.2815755307674408;15;1.455810546875;16.41357421875;1.455810546875;-0.042236328125;1.3133333921432495;1.3133333921432495;5;5;1;1;0;0;1;1;0;0;1;0;0;1;1;1;1;0;0
30443;12;1;1;0;5;0;0;0;0;1;1;0.283203125;15;1.473876953125;16.431396484375;1.473876953125;-0.04248046875;1.3133333921432495;1.3133333921432495;5;5;1;1;0;0;1;1;0;0;1;0;0;1;1;1;1;0;0
30453;12;1;1;0;5;0;0;0;0;1;1;0.2815755307674408;15;1.48583984375;16.443603515625;1.48583984375;-0.042236328125;1.309999942779541;1.3133333921432495;5;5;1;1;0;0;1;1;0;0;1;0;0;1;1;1;1;0;0
30463;12;1;1;0;5;0;0;0;0;1;1;0.2815755307674408;15;1.50390625;16.461669921875;1.50390625;-0.042236328125;1.3133333921432495;1.3133333921432495;5;5;1;1;0;0;1;1;0;0;1;0;0;1;1;1;1;0;0
30473;12;1;1;0;5;0;0;0;0;1;1;0.2815755307674408;15;1.515869140625;16.4736328125;1.515869140625;-0.042236328125;1.3133333921432495;1.3133333921432495;5;5;1;1;0;0;1;1;0;0;1;0;0;1;1;1;1;0;0
30483;12;1;1;0;5;0;0;0;0;1;1;0.2815755307674408;15;1.533935546875;16.49169921875;1.533935546875;-0.042236328125;1.309999942779541;1.3133333921432495;5;5;1;1;0;0;1;1;0;0;1;0;0;1;1;1;1;0;0
30495;12;1;1;0;5;0;0;0;0;1;1;0.2815755307674408;15;1.5458984375;16.503662109375;1.5458984375;-0.042236328125;1.3133333921432495;1.3133333921432495;5;5;1;1;0;0;1;1;0;0;1;0;0;1;1;1;1;0;0
30503;12;1;1;0;5;0;0;0;0;1;1;0.2799479067325592;15;1.56396484375;16.52197265625;1.56396484375;-0.0419921875;1.3133333921432495;1.3166667222976685;5;5;1;1;0;0;1;1;0;0;1;0;0;1;1;1;1;0;0
30513;12;1;1;0;5;0;0;0;0;1;1;0.2815755307674408;15;1.576171875;16.533935546875;1.576171875;-0.042236328125;1.3133333921432495;1.3133333921432495;5;5;1;1;0;0;1;1;0;0;1;0;0;1;1;1;1;0;0
30524;12;1;1;0;5;0;0;0;0;1;1;0.2815755307674408;15;1.59423828125;16.552001953125;1.59423828125;-0.042236328125;1.3133333921432495;1.3133333921432495;5;5;1;1;0;0;1;1;0;0;1;0;0;1;1;1;1;0;0
30533;12;1;1;0;5;0;0;0;0;1;1;0.2815755307674408;15;1.606201171875;16.56396484375;1.606201171875;-0.042236328125;1.3133333921432495;1.3133333921432495;5;5;1;1;0;0;1;1;0;0;1;0;0;1;1;1;1;0;0
30543;12;1;1;0;5;0;0;0;0;1;1;0.2815755307674408;15;1.624267578125;16.58203125;1.624267578125;-0.042236328125;1.3133333921432495;1.3133333921432495;5;5;1;1;0;0;1;1;0;0;1;0;0;1;1;1;1;0;0
30553;12;1;1;0;5;0;0;0;0;1;1;0.2815755307674408;15;1.63623046875;16.593994140625;1.63623046875;-0.042236328125;1.3133333921432495;1.3133333921432495;5;5;1;1;0;0;1;1;0;0;1;0;0;1;1;1;1;0;0
30563;12;1;1;0;5;0;0;0;0;1;1;0.2799479067325592;15;1.654296875;16.6123046875;1.654296875;-0.0419921875;1.3133333921432495;1.3133333921432495;5;5;1;1;0;0;1;1;0;0;1;0;0;1;1;1;1;0;0
30574;12;1;1;0;5;0;0;0;0;1;1;0.2799479067325592;15;1.666259765625;16.624267578125;1.666259765625;-0.0419921875;1.3133333921432495;1.3133333921432495;5;5;1;1;0;0;1;1;0;0;1;0;0;1;1;1;1;0;0
30583;12;1;1;0;5;0;0;0;0;1;1;0.2799479067325592;15;1.684326171875;16.642333984375;1.684326171875;-0.0419921875;1.3133333921432495;1.3133333921432495;5;5;1;1;0;0;1;1;0;0;1;0;0;1;1;1;1;0;0
30594;12;1;1;0;5;0;0;0;0;1;1;0.2815755307674408;15;1.696533203125;16.654296875;1.696533203125;-0.042236328125;1.3133333921432495;1.3133333921432495;5;5;1;1;0;0;1;1;0;0;1;0;0;1;1;1;1;0;0
30603;12;1;1;0;5;0;0;0;0;1;1;0.2815755307674408;15;1.714599609375;16.67236328125;1.714599609375;-0.042236328125;1.3133333921432495;1.3166667222976685;5;5;1;1;0;0;1;1;0;0;1;0;0;1;1;1;1;0;0
30613;12;1;1;0;5;0;0;0;0;1;1;0.2799479067325592;15;1.7265625;16.6845703125;1.7265625;-0.0419921875;1.3166667222976685;1.3166667222976685;5;5;1;1;0;0;1;1;0;0;1;0;0;1;1;1;1;0;0
30624;12;1;1;0;5;0;0;0;0;1;1;0.2799479067325592;15;1.74462890625;16.70263671875;1.74462890625;-0.0419921875;1.3133333921432495;1.3133333921432495;5;5;1;1;0;0;1;1;0;0;1;0;0;1;1;1;1;0;0
30633;12;1;1;0;5;0;0;0;0;1;1;0.2799479067325592;15;1.756591796875;16.714599609375;1.756591796875;-0.0419921875;1.3133333921432495;1.3133333921432495;5;5;1;1;0;0;1;1;0;0;1;0;0;1;1;1;1;0;0
30643;12;1;1;0;5;0;0;0;0;1;1;0.2799479067325592;15;1.774658203125;16.732666015625;1.774658203125;-0.0419921875;1.3133333921432495;1.3166667222976685;5;5;1;1;0;0;1;1;0;0;1;0;0;1;1;1;1;0;0
30653;12;1;1;0;5;0;0;0;0;1;1;0.2799479067325592;15;1.786865234375;16.744873046875;1.786865234375;-0.0419921875;1.3133333921432495;1.3166667222976685;5;5;1;1;0;0;1;1;0;0;1;0;0;1;1;1;1;0;0
30663;12;1;1;0;5;0;0;0;0;1;1;0.2799479067325592;15;1.8046875;16.7626953125;1.8046875;-0.0419921875;1.3133333921432495;1.3133333921432495;5;5;1;1;0;0;1;1;0;0;1;0;0;1;1;1;1;0;0
30673;12;1;1;0;5;0;0;0;0;1;1;0.2799479067325592;15;1.81689453125;16.77490234375;1.81689453125;-0.0419921875;1.3133333921432495;1.3133333921432495;5;5;1;1;0;0;1;1;0;0;1;0;0;1;1;1;1;0;0
30683;12;1;1;0;5;0;0;0;0;1;1;0.2799479067325592;15;1.8349609375;16.79296875;1.8349609375;-0.0419921875;1.3133333921432495;1.3133333921432495;5;5;1;1;0;0;1;1;0;0;1;0;0;1;1;1;1;0;0
30695;12;1;1;0;5;0;0;0;0;1;1;0.2799479067325592;15;1.846923828125;16.804931640625;1.846923828125;-0.0419921875;1.3133333921432495;1.3166667222976685;5;5;1;1;0;0;1;1;0;0;1;0;0;1;1;1;1;0;0
30703;12;1;1;0;5;0;0;0;0;1;1;0.2799479067325592;15;1.864990234375;16.822998046875;1.864990234375;-0.0419921875;1.3133333921432495;1.3133333921432495;5;5;1;1;0;0;1;1;0;0;1;0;0;1;1;1;1;0;0
30713;12;1;1;0;5;0;0;0;0;1;1;0.2799479067325592;15;1.876953125;16.8349609375;1.876953125;-0.0419921875;1.3133333921432495;1.309999942779541;5;5;1;1;0;0;1;1;0;0;1;0;0;1;1;1;1;0;0
30723;12;1;1;0;5;0;0;0;0;1;1;0.2783203125;15;1.89501953125;16.853271484375;1.89501953125;-0.041748046875;1.3166667222976685;1.3200000524520874;5;5;1;1;0;0;1;1;0;0;1;0;0;1;1;1;1;0;0
30733;12;1;1;0;5;0;0;0;0;1;1;0.2799479067325592;15;1.9072265625;16.865234375;1.9072265625;-0.0419921875;1.3133333921432495;1.3166667222976685;5;5;1;1;0;0;1;1;0;0;1;0;0;1;1;1;1;0;0
30743;12;1;1;0;5;0;0;0;0;1;1;0.2799479067325592;15;1.92529296875;16.88330078125;1.92529296875;-0.0419921875;1.3133333921432495;1.3166667222976685;5;5;1;1;0;0;1;1;0;0;1;0;0;1;1;1;1;0;0
30753;12;1;1;0;5;0;0;0;0;1;1;0.2783203125;15;1.937255859375;16.8955078125;1.937255859375;-0.041748046875;1.3133333921432495;1.3133333921432495;5;5;1;1;0;0;1;1;0;0;1;0;0;1;1;1;1;0;0
30763;12;1;1;0;5;0;0;0;0;1;1;0.2783203125;15;1.955322265625;16.91357421875;1.955322265625;-0.041748046875;1.3166667222976685;1.3166667222976685;5;5;1;1;0;0;1;1;0;0;1;0;0;1;1;1;1;0;0
30773;12;1;1;0;5;0;0;0;0;1;1;0.2783203125;15;1.96728515625;16.925537109375;1.96728515625;-0.041748046875;1.3133333921432495;1.3166667222976685;5;5;1;1;0;0;1;1;0;0;1;0;0;1;1;1;1;0;0
30784;12;1;1;0;5;0;0;0;0;1;1;0.2799479067325592;15;1.985595703125;16.943603515625;1.985595703125;-0.0419921875;1.3166667222976685;1.309999942779541;5;5;1;1;0;0;1;1;0;0;1;0;0;1;1;1;1;0;0
30794;12;1;1;0;5;0;0;0;0;1;1;0.2783203125;15;1.99755859375;16.955810546875;1.99755859375;-0.041748046875;1.3166667222976685;1.3166667222976685;5;5;1;1;0;0;1;1;0;0;1;0;0;1;1;1;1;0;0
30803;12;1;1;0;5;0;0;0;0;1;1;0.2783203125;15;2.015625;16.973876953125;2.015625;-0.041748046875;1.3133333921432495;1.3166667222976685;5;5;1;1;0;0;1;1;0;0;1;0;0;1;1;1;1;0;0
30813;12;1;1;0;5;0;0;0;0;1;1;0.2783203125;15;2.027587890625;16.98583984375;2.027587890625;-0.041748046875;1.3166667222976685;1.3166667222976685;5;5;1;1;0;0;1;1;0;0;1;0;0;1;1;1;1;0;0
30823;12;1;1;0;5;0;0;0;0;1;1;0.2783203125;15;2.045654296875;17.00390625;2.045654296875;-0.041748046875;1.3133333921432495;1.3166667222976685;5;5;1;1;0;0;1;1;0;0;1;0;0;1;1;1;1;0;0
30833;12;1;1;0;5;0;0;0;0;1;1;0.2783203125;15;2.057861328125;17.01611328125;2.057861328125;-0.041748046875;1.3133333921432495;1.3166667222976685;5;5;1;1;0;0;1;1;0;0;1;0;0;1;1;1;1;0;0
30843;12;1;1;0;5;0;0;0;0;1;1;0.2799479067325592;15;2.075927734375;17.033935546875;2.075927734375;-0.0419921875;1.3166667222976685;1.3133333921432495;5;5;1;1;0;0;1;1;0;0;1;0;0;1;1;1;1;0;0
30854;12;1;1;0;5;0;0;0;0;1;1;0.2783203125;15;2.087890625;17.046142578125;2.087890625;-0.041748046875;1.3166667222976685;1.3166667222976685;5;5;1;1;0;0;1;1;0;0;1;0;0;1;1;1;1;0;0
30863;12;1;1;0;5;0;0;0;0;1;1;0.2783203125;15;2.10595703125;17.064208984375;2.10595703125;-0.041748046875;1.3166667222976685;1.3166667222976685;5;5;1;1;0;0;1;1;0;0;1;0;0;1;1;1;1;0;0
30873;12;1;1;0;5;0;0;0;0;1;1;0.2783203125;15;2.117919921875;17.076171875;2.117919921875;-0.041748046875;1.3133333921432495;1.309999942779541;5;5;1;1;0;0;1;1;0;0;1;0;0;1;1;1;1;0;0
30883;12;1;1;0;5;0;0;0;0;1;1;0.2783203125;15;2.13623046875;17.094482421875;2.13623046875;-0.041748046875;1.3166667222976685;1.3200000524520874;5;5;1;1;0;0;1;1;0;0;1;0;0;1;1;1;1;0;0
30894;12;1;1;0;5;0;0;0;0;1;1;0.2783203125;15;2.148193359375;17.1064453125;2.148193359375;-0.041748046875;1.3133333921432495;1.3166667222976685;5;5;1;1;0;0;1;1;0;0;1;0;0;1;1;1;1;0;0
30903;12;1;1;0;5;0;0;0;0;1;1;0.2766927182674408;15;2.166259765625;17.124755859375;2.166259765625;-0.04150390625;1.3166667222976685;1.3166667222976685;5;5;1;1;0;0;1;1;0;0;1;0;0;1;1;1;1;0;0
30913;12;1;1;0;5;0;0;0;0;1;1;0.2766927182674408;15;2.17822265625;17.13671875;2.17822265625;-0.04150390625;1.3133333921432495;1.3166667222976685;5;5;1;1;0;0;1;1;0;0;1;0;0;1;1;1;1;0;0
30924;12;1;1;0;5;0;0;0;0;1;1;0.2783203125;15;2.196533203125;17.15478515625;2.196533203125;-0.041748046875;1.3166667222976685;1.3133333921432495;5;5;1;1;0;0;1;1;0;0;1;0;0;1;1;1;1;0;0
30933;12;1;1;0;5;0;0;0;0;1;1;0.2766927182674408;15;2.20849609375;17.1669921875;2.20849609375;-0.04150390625;1.3166667222976685;1.3200000524520874;5;5;1;1;0;0;1;1;0;0;1;0;0;1;1;1;1;0;0
30943;12;1;1;0;5;0;0;0;0;1;1;0.2766927182674408;15;2.2265625;17.18505859375;2.2265625;-0.04150390625;1.3166667222976685;1.3200000524520874;5;5;1;1;0;0;1;1;0;0;1;0;0;1;1;1;1;0;0
30954;12;1;1;0;5;0;0;0;0;1;1;0.2766927182674408;15;2.238525390625;17.197021484375;2.238525390625;-0.04150390625;1.3166667222976685;1.3133333921432495;5;5;1;1;0;0;1;1;0;0;1;0;0;1;1;1;1;0;0
30963;12;1;1;0;5;0;0;0;0;1;1;0.2766927182674408;15;2.256591796875;17.215087890625;2.256591796875;-0.04150390625;1.3166667222976685;1.3133333921432495;5;5;1;1;0;0;1;1;0;0;1;0;0;1;1;1;1;0;0
30974;12;1;1;0;5;0;0;0;0;1;1;0.2783203125;15;2.268798828125;17.22705078125;2.268798828125;-0.041748046875;1.3166667222976685;1.3166667222976685;5;5;1;1;0;0;1;1;0;0;1;0;0;1;1;1;1;0;0
30983;12;1;1;0;5;0;0;0;0;1;1;0.2766927182674408;15;2.286865234375;17.245361328125;2.286865234375;-0.04150390625;1.3166667222976685;1.3200000524520874;5;5;1;1;0;0;1;1;0;0;1;0;0;1;1;1;1;0;0
30993;12;1;1;0;5;0;0;0;0;1;1;0.2750650942325592;15;2.298828125;17.257568359375;2.298828125;-0.041259765625;1.3166667222976685;1.3233333826065063;5;5;1;1;0;0;1;1;0;0;1;0;0;1;1;1;1;0;0
31003;12;1;1;0;5;0;0;0;0;1;1;0.2783203125;15;2.317138671875;17.275390625;2.317138671875;-0.041748046875;1.3166667222976685;1.3133333921432495;5;5;1;1;0;0;1;1;0;0;1;0;0;1;1;1;1;0;0
31013;12;1;1;0;5;0;0;0;0;1;1;0.2766927182674408;15;2.3291015625;17.28759765625;2.3291015625;-0.04150390625;1.3166667222976685;1.3200000524520874;5;5;1;1;0;0;1;1;0;0;1;0;0;1;1;1;1;0;0
31026;12;1;1;0;5;0;0;0;0;1;1;0.2766927182674408;15;2.34716796875;17.3056640625;2.34716796875;-0.04150390625;1.3166667222976685;1.3166667222976685;5;5;1;1;0;0;1;1;0;0;1;0;0;1;1;1;1;0;0
31033;12;1;1;0;5;0;0;0;0;1;1;0.2766927182674408;15;2.359375;17.31787109375;2.359375;-0.04150390625;1.3166667222976685;1.3166667222976685;5;5;1;1;0;0;1;1;0;0;1;0;0;1;1;1;1;0;0
31043;12;1;1;0;5;0;0;0;0;1;1;0.2766927182674408;15;2.37744140625;17.3359375;2.37744140625;-0.04150390625;1.3166667222976685;1.3200000524520874;5;5;1;1;0;0;1;1;0;0;1;0;0;1;1;1;1;0;0
31053;12;1;1;0;5;0;0;0;0;1;1;0.2750650942325592;15;2.389404296875;17.34814453125;2.389404296875;-0.041259765625;1.3166667222976685;1.3200000524520874;5;5;1;1;0;0;1;1;0;0;1;0;0;1;1;1;1;0;0
31063;12;1;1;0;5;0;0;0;0;1;1;0.2766927182674408;15;2.407470703125;17.365966796875;2.407470703125;-0.04150390625;1.3200000524520874;1.3133333921432495;5;5;1;1;0;0;1;1;0;0;1;0;0;1;1;1;1;0;0
31073;12;1;1;0;5;0;0;0;0;1;1;0.2766927182674408;15;2.419677734375;17.378173828125;2.419677734375;-0.04150390625;1.3166667222976685;1.3133333921432495;5;5;1;1;0;0;1;1;0;0;1;0;0;1;1;1;1;0;0
31083;12;1;1;0;5;0;0;0;0;1;1;0.2750650942325592;15;2.437744140625;17.396484375;2.437744140625;-0.041259765625;1.3166667222976685;1.3200000524520874;5;5;1;1;0;0;1;1;0;0;1;0;0;1;1;1;1;0;0
31094;12;1;1;0;5;0;0;0;0;1;1;0.2750650942325592;15;2.44970703125;17.408447265625;2.44970703125;-0.041259765625;1.3166667222976685;1.3166667222976685;5;5;1;1;0;0;1;1;0;0;1;0;0;1;1;1;1;0;0
31103;12;1;1;0;5;0;0;0;0;1;1;0.2766927182674408;15;2.468017578125;17.426513671875;2.468017578125;-0.04150390625;1.3200000524520874;1.3166667222976685;5;5;1;1;0;0;1;1;0;0;1;0;0;1;1;1;1;0;0
31113;12;1;1;0;5;0;0;0;0;1;1;0.2750650942325592;15;2.47998046875;17.438720703125;2.47998046875;-0.041259765625;1.3166667222976685;1.3200000524520874;5;5;1;1;0;0;1;1;0;0;1;0;0;1;1;1;1;0;0
31124;12;1;1;0;5;0;0;0;0;1;1;0.2750650942325592;15;2.498046875;17.456787109375;2.498046875;-0.041259765625;1.3166667222976685;1.3200000524520874;5;5;1;1;0;0;1;1;0;0;1;0;0;1;1;1;1;0;0
31133;12;1;1;0;5;0;0;0;0;1;1;0.2766927182674408;15;2.51025390625;17.46875;2.51025390625;-0.04150390625;1.3166667222976685;1.3166667222976685;5;5;1;1;0;0;1;1;0;0;1;0;0;1;1;1;1;0;0
31143;12;1;1;0;5;0;0;0;0;1;1;0.2750650942325592;15;2.5283203125;17.487060546875;2.5283203125;-0.041259765625;1.3200000524520874;1.3200000524520874;5;5;1;1;0;0;1;1;0;0;1;0;0;1;1;1;1;0;0
31153;12;1;1;0;5;0;0;0;0;1;1;0.2750650942325592;15;2.540283203125;17.4990234375;2.540283203125;-0.041259765625;1.3166667222976685;1.3200000524520874;5;5;1;1;0;0;1;1;0;0;1;0;0;1;1;1;1;0;0
31163;12;1;1;0;5;0;0;0;0;1;1;0.2750650942325592;15;2.558349609375;17.51708984375;2.558349609375;-0.041259765625;1.3166667222976685;1.3166667222976685;5;5;1;1;0;0;1;1;0;0;1;0;0;1;1;1;1;0;0
31174;12;1;1;0;5;0;0;0;0;1;1;0.2750650942325592;15;2.570556640625;17.529296875;2.570556640625;-0.041259765625;1.3166667222976685;1.3166667222976685;5;5;1;1;0;0;1;1;0;0;1;0;0;1;1;1;1;0;0
31184;12;1;1;0;5;0;0;0;0;1;1;0.2734375;15;2.588623046875;17.547607421875;2.588623046875;-0.041015625;1.3166667222976685;1.3233333826065063;5;5;1;1;0;0;1;1;0;0;1;0;0;1;1;1;1;0;0
31193;12;1;1;0;5;0;0;0;0;1;1;0.2750650942325592;15;2.600830078125;17.5595703125;2.600830078125;-0.041259765625;1.3200000524520874;1.3166667222976685;5;5;1;1;0;0;1;1;0;0;1;0;0;1;1;1;1;0;0
31203;12;1;1;0;5;0;0;0;0;1;1;0.2750650942325592;15;2.618896484375;17.57763671875;2.618896484375;-0.041259765625;1.3166667222976685;1.3200000524520874;5;5;1;1;0;0;1;1;0;0;1;0;0;1;1;1;1;0;0
31213;12;1;1;0;5;0;0;0;0;1;1;0.2734375;15;2.630859375;17.58984375;2.630859375;-0.041015625;1.3200000524520874;1.3200000524520874;5;5;1;1;0;0;1;1;0;0;1;0;0;1;1;1;1;0;0
31223;12;1;1;0;5;0;0;0;0;1;1;0.2750650942325592;15;2.649169921875;17.60791015625;2.649169921875;-0.041259765625;1.3200000524520874;1.3200000524520874;5;5;1;1;0;0;1;1;0;0;1;0;0;1;1;1;1;0;0
31234;12;1;1;0;5;0;0;0;0;1;1;0.2734375;15;2.6611328125;17.6201171875;2.6611328125;-0.041015625;1.3200000524520874;1.3200000524520874;5;5;1;1;0;0;1;1;0;0;1;0;0;1;1;1;1;0;0
31244;12;1;1;0;5;0;0;0;0;1;1;0.2750650942325592;15;2.67919921875;17.637939453125;2.67919921875;-0.041259765625;1.3166667222976685;1.3166667222976685;5;5;1;1;0;0;1;1;0;0;1;0;0;1;1;1;1;0;0
31256;12;1;1;0;5;0;0;0;0;1;1;0.2750650942325592;15;2.69140625;17.650146484375;2.69140625;-0.041259765625;1.3166667222976685;1.3166667222976685;5;5;1;1;0;0;1;1;0;0;1;0;0;1;1;1;1;0;0
31263;12;1;1;0;5;0;0;0;0;1;1;0.2734375;15;2.70947265625;17.66845703125;2.70947265625;-0.041015625;1.3166667222976685;1.3200000524520874;5;5;1;1;0;0;1;1;0;0;1;0;0;1;1;1;1;0;0
31273;12;1;1;0;5;0;0;0;0;1;1;0.2734375;15;2.721435546875;17.680419921875;2.721435546875;-0.041015625;1.3166667222976685;1.3166667222976685;5;5;1;1;0;0;1;1;0;0;1;0;0;1;1;1;1;0;0
31284;12;1;1;0;5;0;0;0;0;1;1;0.2734375;15;2.739501953125;17.698486328125;2.739501953125;-0.041015625;1.3166667222976685;1.3200000524520874;5;5;1;1;0;0;1;1;0;0;1;0;0;1;1;1;1;0;0
31294;12;1;1;0;5;0;0;0;0;1;1;0.2734375;15;2.751708984375;17.710693359375;2.751708984375;-0.041015625;1.3166667222976685;1.3200000524520874;5;5;1;1;0;0;1;1;0;0;1;0;0;1;1;1;1;0;0
31303;12;1;1;0;5;0;0;0;0;1;1;0.2734375;15;2.769775390625;17.728759765625;2.769775390625;-0.041015625;1.3166667222976685;1.3166667222976685;5;5;1;1;0;0;1;1;0;0;1;0;0;1;1;1;1;0;0
31313;12;1;1;0;5;0;0;0;0;1;1;0.2718099057674408;15;2.78173828125;17.740966796875;2.78173828125;-0.040771484375;1.3166667222976685;1.3200000524520874;5;5;1;1;0;0;1;1;0;0;1;0;0;1;1;1;1;0;0
31323;12;1;1;0;5;0;0;0;0;1;1;0.2734375;15;2.800048828125;17.759033203125;2.800048828125;-0.041015625;1.3166667222976685;1.3166667222976685;5;5;1;1;0;0;1;1;0;0;1;0;0;1;1;1;1;0;0
31333;12;1;1;0;5;0;0;0;0;1;1;0.2734375;15;2.81201171875;17.77099609375;2.81201171875;-0.041015625;1.3166667222976685;1.3200000524520874;5;5;1;1;0;0;1;1;0;0;1;0;0;1;1;1;1;0;0
31343;12;1;1;0;5;0;0;0;0;1;1;0.2718099057674408;15;2.830078125;17.789306640625;2.830078125;-0.040771484375;1.3200000524520874;1.3200000524520874;5;5;1;1;0;0;1;1;0;0;1;0;0;1;1;1;1;0;0
31355;12;1;1;0;5;0;0;0;0;1;1;0.2734375;15;2.84228515625;17.80126953125;2.84228515625;-0.041015625;1.3166667222976685;1.3200000524520874;5;5;1;1;0;0;1;1;0;0;1;0;0;1;1;1;1;0;0
31363;12;1;1;0;5;0;0;0;0;1;1;0.2734375;15;2.8603515625;17.8193359375;2.8603515625;-0.041015625;1.3166667222976685;1.3166667222976685;5;5;1;1;0;0;1;1;0;0;1;0;0;1;1;1;1;0;0
31373;12;1;1;0;5;0;0;0;0;1;1;0.2718099057674408;15;2.872314453125;17.83154296875;2.872314453125;-0.040771484375;1.3166667222976685;1.3200000524520874;5;5;1;1;0;0;1;1;0;0;1;0;0;1;1;1;1;0;0
31384;12;1;1;0;5;0;0;0;0;1;1;0.2734375;15;2.890625;17.849609375;2.890625;-0.041015625;1.3166667222976685;1.3166667222976685;5;5;1;1;0;0;1;1;0;0;1;0;0;1;1;1;1;0;0
31393;12;1;1;0;5;0;0;0;0;1;1;0.2718099057674408;15;2.902587890625;17.86181640625;2.902587890625;-0.040771484375;1.3200000524520874;1.3200000524520874;5;5;1;1;0;0;1;1;0;0;1;0;0;1;1;1;1;0;0
31403;12;1;1;0;5;0;0;0;0;1;1;0.2718099057674408;15;2.920654296875;17.8798828125;2.920654296875;-0.040771484375;1.3166667222976685;1.3166667222976685;5;5;1;1;0;0;1;1;0;0;1;0;0;1;1;1;1;0;0
31413;12;1;1;0;5;0;0;0;0;1;1;0.2718099057674408;15;2.932861328125;17.89208984375;2.932861328125;-0.040771484375;1.3200000524520874;1.3200000524520874;5;5;1;1;0;0;1;1;0;0;1;0;0;1;1;1;1;0;0
31423;12;1;1;0;5;0;0;0;0;1;1;0.2718099057674408;15;2.950927734375;17.91015625;2.950927734375;-0.040771484375;1.3166667222976685;1.3200000524520874;5;5;1;1;0;0;1;1;0;0;1;0;0;1;1;1;1;0;0
31433;12;1;1;0;5;0;0;0;0;1;1;0.2701822817325592;15;2.962890625;17.92236328125;2.962890625;-0.04052734375;1.3200000524520874;1.3200000524520874;5;5;1;1;0;0;1;1;0;0;1;0;0;1;1;1;1;0;0
31443;12;1;1;0;5;0;0;0;0;1;1;0.2718099057674408;15;2.981201171875;17.9404296875;2.981201171875;-0.040771484375;1.3166667222976685;1.3200000524520874;5;5;1;1;0;0;1;1;0;0;1;0;0;1;1;1;1;0;0
31454;12;1;1;0;5;0;0;0;0;1;1;0.2701822817325592;15;2.9931640625;17.95263671875;2.9931640625;-0.04052734375;1.3200000524520874;1.3200000524520874;5;5;1;1;0;0;1;1;0;0;1;0;0;1;1;1;1;0;0
31463;12;1;1;0;5;0;0;0;0;1;1;0.2701822817325592;15;3.01123046875;17.970703125;3.01123046875;-0.04052734375;1.3166667222976685;1.3200000524520874;5;5;1;1;0;0;1;1;0;0;1;0;0;1;1;1;1;0;0
31473;12;1;1;0;5;0;0;0;0;1;1;0.2718099057674408;15;3.0234375;17.982666015625;3.0234375;-0.040771484375;1.3166667222976685;1.3200000524520874;5;5;1;1;0;0;1;1;0;0;1;0;0;1;1;1;1;0;0
31484;12;1;1;0;5;0;0;0;0;1;1;0.2701822817325592;15;3.04150390625;18.0009765625;3.04150390625;-0.04052734375;1.3166667222976685;1.3200000524520874;5;5;1;1;0;0;1;1;0;0;1;0;0;1;1;1;1;0;0
31494;12;1;1;0;5;0;0;0;0;1;1;0.2701822817325592;15;3.053466796875;18.012939453125;3.053466796875;-0.04052734375;1.3166667222976685;1.3200000524520874;5;5;1;1;0;0;1;1;0;0;1;0;0;1;1;1;1;0;0
31503;12;1;1;0;5;0;0;0;0;1;1;0.2701822817325592;15;3.071533203125;18.031005859375;3.071533203125;-0.04052734375;1.3166667222976685;1.3166667222976685;5;5;1;1;0;0;1;1;0;0;1;0;0;1;1;1;1;0;0
31513;12;1;1;0;5;0;0;0;0;1;1;0.2701822817325592;15;3.083740234375;18.043212890625;3.083740234375;-0.04052734375;1.3166667222976685;1.3200000524520874;5;5;1;1;0;0;1;1;0;0;1;0;0;1;1;1;1;0;0
31523;12;1;1;0;5;0;0;0;0;1;1;0.2701822817325592;15;3.101806640625;18.061279296875;3.101806640625;-0.04052734375;1.3166667222976685;1.3200000524520874;5;5;1;1;0;0;1;1;0;0;1;0;0;1;1;1;1;0;0
31535;12;1;1;0;5;0;0;0;0;1;1;0.2685546875;15;3.11376953125;18.073486328125;3.11376953125;-0.040283203125;1.3166667222976685;1.3200000524520874;5;5;1;1;0;0;1;1;0;0;1;0;0;1;1;1;1;0;0
31543;12;1;1;0;5;0;0;0;0;1;1;0.2685546875;15;3.1318359375;18.091552734375;3.1318359375;-0.040283203125;1.3166667222976685;1.3166667222976685;5;5;1;1;0;0;1;1;0;0;1;0;0;1;1;1;1;0;0
31553;12;1;1;0;5;0;0;0;0;1;1;0.2701822817325592;15;3.14404296875;18.103515625;3.14404296875;-0.04052734375;1.3166667222976685;1.3166667222976685;5;5;1;1;0;0;1;1;0;0;1;0;0;1;1;1;1;0;0
31563;12;1;1;0;5;0;0;0;0;1;1;0.2685546875;15;3.162109375;18.121826171875;3.162109375;-0.040283203125;1.3166667222976685;1.3200000524520874;5;5;1;1;0;0;1;1;0;0;1;0;0;1;1;1;1;0;0
31573;12;1;1;0;5;0;0;0;0;1;1;0.2669270932674408;15;3.174072265625;18.134033203125;3.174072265625;-0.0400390625;1.3166667222976685;1.3200000524520874;5;5;1;1;0;0;1;1;0;0;1;0;0;1;1;1;1;0;0
31583;12;1;1;0;5;0;0;0;0;1;1;0.2685546875;15;3.1923828125;18.152099609375;3.1923828125;-0.040283203125;1.3166667222976685;1.3200000524520874;5;5;1;1;0;0;1;1;0;0;1;0;0;1;1;1;1;0;0
31593;12;1;1;0;5;0;0;0;0;1;1;0.2685546875;15;3.204345703125;18.1640625;3.204345703125;-0.040283203125;1.3166667222976685;1.3166667222976685;5;5;1;1;0;0;1;1;0;0;1;0;0;1;1;1;1;0;0
31604;12;1;1;0;5;0;0;0;0;1;1;0.2669270932674408;15;3.222412109375;18.182373046875;3.222412109375;-0.0400390625;1.3166667222976685;1.3200000524520874;5;5;1;1;0;0;1;1;0;0;1;0;0;1;1;1;1;0;0
31614;12;1;1;0;5;0;0;0;0;1;1;0.2669270932674408;15;3.234619140625;18.194580078125;3.234619140625;-0.0400390625;1.3166667222976685;1.3233333826065063;5;5;1;1;0;0;1;1;0;0;1;0;0;1;1;1;1;0;0
31623;12;1;1;0;5;0;0;0;0;1;1;0.2669270932674408;15;3.252685546875;18.212646484375;3.252685546875;-0.0400390625;1.3166667222976685;1.3200000524520874;5;5;1;1;0;0;1;1;0;0;1;0;0;1;1;1;1;0;0
31634;12;1;1;0;5;0;0;0;0;1;1;0.2669270932674408;15;3.2646484375;18.224609375;3.2646484375;-0.0400390625;1.3166667222976685;1.3166667222976685;5;5;1;1;0;0;1;1;0;0;1;0;0;1;1;1;1;0;0
31643;12;1;1;0;5;0;0;0;0;1;1;0.2652994692325592;15;3.28271484375;18.242919921875;3.28271484375;-0.039794921875;1.3166667222976685;1.3200000524520874;5;5;1;1;0;0;1;1;0;0;1;0;0;1;1;1;1;0;0
31653;12;1;1;0;5;0;0;0;0;1;1;0.2669270932674408;15;3.294921875;18.2548828125;3.294921875;-0.0400390625;1.3166667222976685;1.3200000524520874;5;5;1;1;0;0;1;1;0;0;1;0;0;1;1;1;1;0;0
31663;12;1;1;0;5;0;0;0;0;1;1;0.2652994692325592;15;3.31298828125;18.273193359375;3.31298828125;-0.039794921875;1.3166667222976685;1.3200000524520874;5;5;1;1;0;0;1;1;0;0;1;0;0;1;1;1;1;0;0
31673;12;1;1;0;5;0;0;0;0;1;1;0.2652994692325592;15;3.324951171875;18.28515625;3.324951171875;-0.039794921875;1.3133333921432495;1.3166667222976685;5;5;1;1;0;0;1;1;0;0;1;0;0;1;1;1;1;0;0
31684;12;1;1;0;5;0;0;0;0;1;1;0.2652994692325592;15;3.34326171875;18.303466796875;3.34326171875;-0.039794921875;1.3166667222976685;1.3233333826065063;5;5;1;1;0;0;1;1;0;0;1;0;0;1;1;1;1;0;0
31693;12;1;1;0;5;0;0;0;0;1;1;0.2652994692325592;15;3.355224609375;18.3154296875;3.355224609375;-0.039794921875;1.3166667222976685;1.3200000524520874;5;5;1;1;0;0;1;1;0;0;1;0;0;1;1;1;1;0;0
31703;12;1;1;0;5;0;0;0;0;1;1;0.2652994692325592;15;3.373291015625;18.33349609375;3.373291015625;-0.039794921875;1.3166667222976685;1.3200000524520874;5;5;1;1;0;0;1;1;0;0;1;0;0;1;1;1;1;0;0
31714;12;1;1;0;5;0;0;0;0;1;1;0.263671875;15;3.38525390625;18.345703125;3.38525390625;-0.03955078125;1.3133333921432495;1.3200000524520874;5;5;1;1;0;0;1;1;0;0;1;0;0;1;1;1;1;0;0
31723;12;1;1;0;5;0;0;0;0;1;1;0.2652994692325592;15;3.403564453125;18.36376953125;3.403564453125;-0.039794921875;1.3166667222976685;1.3200000524520874;5;5;1;1;0;0;1;1;0;0;1;0;0;1;1;1;1;0;0
31734;12;1;1;0;5;0;0;0;0;1;1;0.263671875;15;3.41552734375;18.3759765625;3.41552734375;-0.03955078125;1.3166667222976685;1.3200000524520874;5;5;1;1;0;0;1;1;0;0;1;0;0;1;1;1;1;0;0
31743;12;1;1;0;5;0;0;0;0;1;1;0.263671875;15;3.43359375;18.39404296875;3.43359375;-0.03955078125;1.3166667222976685;1.3200000524520874;5;5;1;1;0;0;1;1;0;0;1;0;0;1;1;1;1;0;0
31753;12;1;1;0;5;0;0;0;0;1;1;0.2620442807674408;15;3.445556640625;18.40625;3.445556640625;-0.039306640625;1.3166667222976685;1.3200000524520874;5;5;1;1;0;0;1;1;0;0;1;0;0;1;1;1;1;0;0
31763;12;1;1;0;5;0;0;0;0;1;1;0.263671875;15;3.4638671875;18.42431640625;3.4638671875;-0.03955078125;1.3166667222976685;1.3200000524520874;5;5;1;1;0;0;1;1;0;0;1;0;0;1;1;1;1;0;0
31773;12;1;1;0;5;0;0;0;0;1;1;0.2620442807674408;15;3.475830078125;18.4365234375;3.475830078125;-0.039306640625;1.3166667222976685;1.3200000524520874;5;5;1;1;0;0;1;1;0;0;1;0;0;1;1;1;1;0;0
31784;12;1;1;0;5;0;0;0;0;1;1;0.2620442807674408;15;3.493896484375;18.45458984375;3.493896484375;-0.039306640625;1.3166667222976685;1.3200000524520874;5;5;1;1;0;0;1;1;0;0;1;0;0;1;1;1;1;0;0
31793;12;1;1;0;5;0;0;0;0;1;1;0.263671875;15;3.506103515625;18.466552734375;3.506103515625;-0.03955078125;1.3166667222976685;1.3200000524520874;5;5;1;1;0;0;1;1;0;0;1;0;0;1;1;1;1;0;0
31803;12;1;1;0;5;0;0;0;0;1;1;0.2620442807674408;15;3.524169921875;18.48486328125;3.524169921875;-0.039306640625;1.3166667222976685;1.3200000524520874;5;5;1;1;0;0;1;1;0;0;1;0;0;1;1;1;1;0;0
31814;12;1;1;0;5;0;0;0;0;1;1;0.2620442807674408;15;3.5361328125;18.496826171875;3.5361328125;-0.039306640625;1.3166667222976685;1.3166667222976685;5;5;1;1;0;0;1;1;0;0;1;0;0;1;1;1;1;0;0
31823;12;1;1;0;5;0;0;0;0;1;1;0.2604166567325592;15;3.55419921875;18.51513671875;3.55419921875;-0.0390625;1.3166667222976685;1.3200000524520874;5;5;1;1;0;0;1;1;0;0;1;0;0;1;1;1;1;0;0
31833;12;1;1;0;5;0;0;0;0;1;1;0.2604166567325592;15;3.56640625;18.52734375;3.56640625;-0.0390625;1.3166667222976685;1.3233333826065063;5;5;1;1;0;0;1;1;0;0;1;0;0;1;1;1;1;0;0
31843;12;1;1;0;5;0;0;0;0;1;1;0.2604166567325592;15;3.58447265625;18.54541015625;3.58447265625;-0.0390625;1.3166667222976685;1.3200000524520874;5;5;1;1;0;0;1;1;0;0;1;0;0;1;1;1;1;0;0
31853;12;1;1;0;5;0;0;0;0;1;1;0.2620442807674408;15;3.5966796875;18.557373046875;3.5966796875;-0.039306640625;1.3200000524520874;1.3200000524520874;5;5;1;1;0;0;1;1;0;0;1;0;0;1;1;1;1;0;0
31864;12;1;1;0;5;0;0;0;0;1;1;0.2604166567325592;15;3.61474609375;18.57568359375;3.61474609375;-0.0390625;1.3166667222976685;1.3200000524520874;5;5;1;1;0;0;1;1;0;0;1;0;0;1;1;1;1;0;0
31873;12;1;1;0;5;0;0;0;0;1;1;0.2604166567325592;15;3.626708984375;18.587646484375;3.626708984375;-0.0390625;1.3166667222976685;1.3200000524520874;5;5;1;1;0;0;1;1;0;0;1;0;0;1;1;1;1;0;0
31883;12;1;1;0;5;0;0;0;0;1;1;0.2587890625;15;3.644775390625;18.60595703125;3.644775390625;-0.038818359375;1.3166667222976685;1.3233333826065063;5;5;1;1;0;0;1;1;0;0;1;0;0;1;1;1;1;0;0
31893;12;1;1;0;5;0;0;0;0;1;1;0.2604166567325592;15;3.656982421875;18.617919921875;3.656982421875;-0.0390625;1.3166667222976685;1.3200000524520874;5;5;1;1;0;0;1;1;0;0;1;0;0;1;1;1;1;0;0
31903;12;1;1;0;5;0;0;0;0;1;1;0.2587890625;15;3.675048828125;18.63623046875;3.675048828125;-0.038818359375;1.3200000524520874;1.3200000524520874;5;5;1;1;0;0;1;1;0;0;1;0;0;1;1;1;1;0;0
31914;12;1;1;0;5;0;0;0;0;1;1;0.2587890625;15;3.68701171875;18.648193359375;3.68701171875;-0.038818359375;1.3166667222976685;1.3200000524520874;5;5;1;1;0;0;1;1;0;0;1;0;0;1;1;1;1;0;0
31923;12;1;1;0;5;0;0;0;0;1;1;0.2587890625;15;3.705322265625;18.66650390625;3.705322265625;-0.038818359375;1.3166667222976685;1.3200000524520874;5;5;1;1;0;0;1;1;0;0;1;0;0;1;1;1;1;0;0
31934;12;1;1;0;5;0;0;0;0;1;1;0.2587890625;15;3.71728515625;18.678466796875;3.71728515625;-0.038818359375;1.3166667222976685;1.3233333826065063;5;5;1;1;0;0;1;1;0;0;1;0;0;1;1;1;1;0;0
31943;12;1;1;0;5;0;0;0;0;1;1;0.2587890625;15;3.7353515625;18.696533203125;3.7353515625;-0.038818359375;1.3166667222976685;1.3200000524520874;5;5;1;1;0;0;1;1;0;0;1;0;0;1;1;1;1;0;0
31954;12;1;1;0;5;0;0;0;0;1;1;0.2587890625;15;3.74755859375;18.708740234375;3.74755859375;-0.038818359375;1.3166667222976685;1.3200000524520874;5;5;1;1;0;0;1;1;0;0;1;0;0;1;1;1;1;0;0
31963;12;1;1;0;5;0;0;0;0;1;1;0.2587890625;15;3.765625;18.726806640625;3.765625;-0.038818359375;1.3166667222976685;1.3200000524520874;5;5;1;1;0;0;1;1;0;0;1;0;0;1;1;1;1;0;0
31973;12;1;1;0;5;0;0;0;0;1;1;0.2571614682674408;15;3.777587890625;18.739013671875;3.777587890625;-0.03857421875;1.3166667222976685;1.3200000524520874;5;5;1;1;0;0;1;1;0;0;1;0;0;1;1;1;1;0;0
31984;12;1;1;0;5;0;0;0;0;1;1;0.2571614682674408;15;3.795654296875;18.757080078125;3.795654296875;-0.03857421875;1.3166667222976685;1.3200000524520874;5;5;1;1;0;0;1;1;0;0;1;0;0;1;1;1;1;0;0
31993;12;1;1;0;5;0;0;0;0;1;1;0.2571614682674408;15;3.807861328125;18.769287109375;3.807861328125;-0.03857421875;1.3166667222976685;1.3200000524520874;5;5;1;1;0;0;1;1;0;0;1;0;0;1;1;1;1;0;0
32003;12;1;1;0;5;0;0;0;0;1;1;0.2571614682674408;15;3.825927734375;18.787353515625;3.825927734375;-0.03857421875;1.3166667222976685;1.3200000524520874;0;0;1;1;0;0;1;1;0;0;1;0;0;0;0;1;1;0;0
32014;12;1;1;0;0;0;0;0;0;1;1;0.2555338442325592;15;3.837890625;18.799560546875;3.837890625;-0.038330078125;1.3166667222976685;1.3200000524520874;0;0;1;1;0;0;0;0;1;1;1;0;0;0;0;0;0;0;0
32024;12;1;1;0;0;0;0;0;0;1;1;0.2571614682674408;15;3.856201171875;18.817626953125;3.856201171875;-0.03857421875;1.3166667222976685;1.3200000524520874;0;0;1;1;0;0;0;0;1;1;1;0;0;0;0;0;0;0;0
32033;12;1;1;0;0;0;0;0;0;1;1;0.2555338442325592;15;3.8681640625;18.829833984375;3.8681640625;-0.038330078125;1.3166667222976685;1.3200000524520874;0;0;1;1;0;0;0;0;1;1;1;0;0;0;0;0;0;0;0
32043;12;1;1;0;0;0;0;0;0;1;1;0.2555338442325592;15;3.88623046875;18.847900390625;3.88623046875;-0.038330078125;1.3166667222976685;1.3200000524520874;0;0;1;1;0;0;0;0;1;1;1;0;0;0;0;0;0;0;0
32053;12;1;1;0;0;0;0;0;0;1;1;0.2555338442325592;15;3.898193359375;18.85986328125;3.898193359375;-0.038330078125;1.309999942779541;1.3166667222976685;0;0;1;1;0;0;0;0;1;1;1;0;0;0;0;0;0;1;1
32063;12;1;1;0;0;0;0;0;0;1;1;0.2571614682674408;15;3.916259765625;18.877685546875;3.916259765625;-0.03857421875;1.3066667318344116;1.309999942779541;0;0;1;1;0;0;0;0;1;1;1;0;0;0;0;0;0;1;1
32073;12;1;1;0;0;0;0;0;0;1;1;0.2555338442325592;15;3.927978515625;18.8896484375;3.927978515625;-0.038330078125;1.2999999523162842;1.3033334016799927;0;0;1;1;0;0;0;0;1;1;1;0;0;0;0;0;0;1;1
32083;12;1;1;0;0;0;0;0;0;1;1;0.2555338442325592;15;3.945556640625;18.9072265625;3.945556640625;-0.038330078125;1.2933332920074463;1.2933332920074463;0;0;1;1;0;0;0;0;1;1;1;0;0;0;0;0;0;1;1
32094;12;1;1;0;0;0;0;0;0;1;1;0.2555338442325592;15;3.957275390625;18.9189453125;3.957275390625;-0.038330078125;1.2866667509078979;1.2866667509078979;0;0;1;1;0;0;0;0;1;1;1;0;0;0;0;0;0;1;1
32103;12;1;1;0;0;0;0;0;0;1;1;0.2555338442325592;15;3.974609375;18.936279296875;3.974609375;-0.038330078125;1.2766666412353516;1.2733333110809326;0;0;1;1;0;0;0;0;1;1;1;0;0;0;0;0;0;1;1
32115;12;1;1;0;0;0;0;0;0;1;1;0.2571614682674408;15;3.986328125;18.94775390625;3.986328125;-0.03857421875;1.2700001001358032;1.2666666507720947;0;0;1;1;0;0;0;0;1;1;1;0;0;0;0;0;0;1;1
32123;12;1;1;0;0;0;0;0;0;1;1;0.2555338442325592;15;4.00341796875;18.965087890625;4.00341796875;-0.038330078125;1.2633334398269653;1.2666666507720947;0;0;1;1;0;0;0;0;1;1;1;0;0;0;0;0;0;1;1
32133;12;1;1;0;0;0;0;0;0;1;1;0.2571614682674408;15;4.014892578125;18.976318359375;4.014892578125;-0.03857421875;1.2533334493637085;1.2533334493637085;0;0;1;1;0;0;0;0;1;1;1;0;0;0;0;0;0;1;1
32144;12;1;1;0;0;0;0;0;0;1;1;0.2555338442325592;15;4.03173828125;18.993408203125;4.03173828125;-0.038330078125;1.2466666698455811;1.2400000095367432;0;0;1;1;0;0;0;0;1;1;1;0;0;0;0;0;0;1;1
32153;12;1;1;0;0;0;0;0;0;1;1;0.2571614682674408;15;4.043212890625;19.004638671875;4.043212890625;-0.03857421875;1.2400000095367432;1.2400000095367432;0;0;1;1;0;0;0;0;1;1;1;0;0;0;0;0;0;1;1
32163;12;1;1;0;0;0;0;0;0;1;1;0.2555338442325592;15;4.059814453125;19.021484375;4.059814453125;-0.038330078125;1.2333333492279053;1.2266666889190674;0;0;1;1;0;0;0;0;1;1;1;0;0;0;0;0;0;1;1
32173;12;1;1;0;0;0;0;0;0;1;1;0.2571614682674408;15;4.071044921875;19.032470703125;4.071044921875;-0.03857421875;1.2266666889190674;1.2200000286102295;0;0;1;1;0;0;0;0;1;1;1;0;0;0;0;0;0;1;1
32183;12;1;1;0;0;0;0;0;0;1;1;0.2571614682674408;15;4.087646484375;19.049072265625;4.087646484375;-0.03857421875;1.2166666984558105;1.2133333683013916;0;0;1;1;0;0;0;0;1;1;1;0;0;0;0;0;0;1;1
32193;12;1;1;0;0;0;0;0;0;1;1;0.2571614682674408;15;4.0986328125;19.06005859375;4.0986328125;-0.03857421875;1.2099999189376831;1.2099999189376831;0;0;1;1;0;0;0;0;1;1;1;0;0;0;0;0;0;1;1
32203;12;1;1;0;0;0;0;0;0;1;1;0.2587890625;15;4.114990234375;19.076171875;4.114990234375;-0.038818359375;1.2000000476837158;1.1933332681655884;0;0;1;1;0;0;0;0;1;1;1;0;0;0;0;0;0;1;1
32214;12;1;1;0;0;0;0;0;0;1;1;0.2571614682674408;15;4.125732421875;19.087158203125;4.125732421875;-0.03857421875;1.1966667175292969;1.1933332681655884;0;0;1;1;0;0;0;0;1;1;1;0;0;0;0;0;0;1;1
32223;12;1;1;0;0;0;0;0;0;1;1;0.2587890625;15;4.14208984375;19.103271484375;4.14208984375;-0.038818359375;1.18666672706604;1.1800000667572021;0;0;1;1;0;0;0;0;1;1;1;0;0;0;0;0;0;1;1
32233;12;1;1;0;0;0;0;0;0;1;1;0.2587890625;15;4.152587890625;19.11376953125;4.152587890625;-0.038818359375;1.1800000667572021;1.1766666173934937;0;0;1;1;0;0;0;0;1;1;1;0;0;0;0;0;0;1;1
32244;12;1;1;0;0;0;0;0;0;1;1;0.2604166567325592;15;4.168701171875;19.129638671875;4.168701171875;-0.0390625;1.1700000762939453;1.1666666269302368;0;0;1;1;0;0;0;0;1;1;1;0;0;0;0;0;0;1;1
32253;12;1;1;0;0;0;0;0;0;1;1;0.2604166567325592;15;4.17919921875;19.14013671875;4.17919921875;-0.0390625;1.1633334159851074;1.15666663646698;0;0;1;1;0;0;0;0;1;1;1;0;0;0;0;0;0;1;1
32263;12;1;1;0;0;0;0;0;0;1;1;0.2604166567325592;15;4.19482421875;19.15576171875;4.19482421875;-0.0390625;1.15666663646698;1.1466667652130127;0;0;1;1;0;0;0;0;1;1;1;0;0;0;0;0;0;1;1
32273;12;1;1;0;0;0;0;0;0;1;1;0.2604166567325592;15;4.205322265625;19.166259765625;4.205322265625;-0.0390625;1.1466667652130127;1.1466667652130127;0;0;1;1;0;0;0;0;1;1;1;0;0;0;0;0;0;1;1
32283;12;1;1;0;0;0;0;0;0;1;1;0.2604166567325592;15;4.220703125;19.181640625;4.220703125;-0.0390625;1.1366667747497559;1.1333333253860474;0;0;1;1;0;0;0;0;1;1;1;0;0;0;0;0;0;1;1
32293;12;1;1;0;0;0;0;0;0;1;1;0.2604166567325592;15;4.23095703125;19.19189453125;4.23095703125;-0.0390625;1.1299999952316284;1.1233333349227905;0;0;1;1;0;0;0;0;1;1;1;0;0;0;0;0;0;1;1
32303;12;1;1;0;0;0;0;0;0;1;1;0.2604166567325592;15;4.24609375;19.20703125;4.24609375;-0.0390625;1.1166666746139526;1.1133333444595337;0;0;1;1;0;0;0;0;1;1;1;0;0;0;0;0;0;1;1
32314;12;1;1;0;0;0;0;0;0;1;1;0.2604166567325592;15;4.256103515625;19.217041015625;4.256103515625;-0.0390625;1.1066666841506958;1.1100000143051147;0;0;1;1;0;0;0;0;1;1;1;0;0;0;0;0;0;1;1
32323;12;1;1;0;0;0;0;0;0;1;1;0.2571614682674408;15;4.270751953125;19.232177734375;4.270751953125;-0.03857421875;1.0900000333786011;1.1033333539962769;0;0;1;1;0;0;0;0;1;1;1;0;0;0;0;0;0;1;1
32333;12;1;1;0;0;0;0;0;0;1;1;0.2555338442325592;15;4.280517578125;19.2421875;4.280517578125;-0.038330078125;1.0800000429153442;1.1000000238418579;0;0;1;1;0;0;0;0;1;1;1;0;0;0;0;0;0;1;1
32343;12;1;1;0;0;0;0;0;0;1;1;0.2522786557674408;15;4.294677734375;19.2568359375;4.294677734375;-0.037841796875;1.0566667318344116;1.0833333730697632;0;0;1;1;0;0;0;0;1;1;1;0;0;0;0;0;0;1;1
32353;12;1;1;0;0;0;0;0;0;1;1;0.2490234375;15;4.303955078125;19.2666015625;4.303955078125;-0.037353515625;1.0433334112167358;1.0766665935516357;0;0;1;1;0;0;0;0;1;1;1;0;0;0;0;0;0;1;1
32363;12;1;1;0;0;0;0;0;0;1;1;0.2425130158662796;15;4.317626953125;19.28125;4.317626953125;-0.036376953125;1.0166666507720947;1.0700000524520874;0;0;1;1;0;0;0;0;1;1;1;0;0;0;0;0;0;1;1
32375;12;1;1;0;0;0;0;0;0;1;1;0.2376302033662796;15;4.326416015625;19.290771484375;4.326416015625;-0.03564453125;0.996666669845581;1.06333327293396;0;0;1;1;0;0;0;0;1;1;1;0;0;0;0;0;0;1;1
32383;12;1;1;0;0;0;0;0;0;1;1;0.2294921875;15;4.33935546875;19.304931640625;4.33935546875;-0.034423828125;0.97000002861022949;1.0466666221618652;0;0;1;1;0;0;0;0;1;1;1;0;0;0;0;0;0;1;1
32393;12;1;1;0;0;0;0;0;0;1;1;0.2213541716337204;15;4.34765625;19.314453125;4.34765625;-0.033203125;0.949999988079071;1.0400000810623169;0;0;1;1;0;0;0;0;1;1;1;0;0;0;0;0;0;1;1
32403;12;1;1;0;0;0;0;0;0;1;1;0.2083333283662796;15;4.359619140625;19.328369140625;4.359619140625;-0.03125;0.91333329677581787;1.0299999713897705;0;0;1;1;0;0;0;0;1;1;1;0;0;0;0;0;0;1;1
32414;12;1;1;0;0;0;0;0;0;1;1;0.1985677033662796;15;4.367431640625;19.337646484375;4.367431640625;-0.02978515625;0.893333375453949;1.0266667604446411;0;0;1;1;0;0;0;0;1;1;1;0;0;0;0;0;0;1;1
32423;12;1;1;0;0;0;0;0;0;1;1;0.1822916716337204;15;4.378662109375;19.351318359375;4.378662109375;-0.02734375;0.8566666841506958;1.0066666603088379;0;0;1;1;0;0;0;0;1;1;1;0;0;0;0;0;0;1;1
32433;12;1;1;0;0;0;0;0;0;1;1;0.1708984375;15;4.385986328125;19.3603515625;4.385986328125;-0.025634765625;0.83666670322418213;0.996666669845581;0;0;1;1;0;0;0;0;1;1;1;0;0;0;0;0;0;1;1
32443;12;1;1;0;0;0;0;0;0;1;1;0.1546223908662796;15;4.396484375;19.373291015625;4.396484375;-0.023193359375;0.8033333420753479;0.97666668891906738;0;0;1;1;0;0;0;0;1;1;1;0;0;0;0;0;0;1;1
32453;12;1;1;0;0;0;0;0;0;1;1;0.1383463591337204;15;4.403076171875;19.38232421875;4.403076171875;-0.020751953125;0.77666670083999634;0.97333335876464844;0;0;1;1;0;0;0;0;1;1;1;0;0;0;0;0;0;1;1
32468;12;1;1;0;0;0;0;0;0;1;1;0.1188151016831398;15;4.412841796875;19.39501953125;4.412841796875;-0.017822265625;0.74333339929580688;0.95333331823349;0;0;1;1;0;0;0;0;1;1;1;0;0;0;0;0;0;1;1
32474;12;1;1;0;0;0;0;0;0;1;1;0.1057942733168602;15;4.419189453125;19.4033203125;4.419189453125;-0.015869140625;0.72333335876464844;0.93999999761581421;0;0;1;1;0;0;0;0;1;1;1;0;0;0;0;0;0;1;1
32483;12;1;1;0;0;0;0;0;0;1;1;0.0846354141831398;15;4.42822265625;19.41552734375;4.42822265625;-0.0126953125;0.68999999761581421;0.91333329677581787;0;0;1;1;0;0;0;0;1;1;1;0;0;0;0;0;0;1;1
32494;12;1;1;0;0;0;0;0;0;1;1;0.0699869766831398;15;4.43408203125;19.423583984375;4.43408203125;-0.010498046875;0.67000001668930054;0.89666664600372314;0;0;1;1;0;0;0;0;1;1;1;0;0;0;0;0;0;1;1
32503;12;1;1;0;0;0;0;0;0;1;1;0.0455729179084301;15;4.4423828125;19.435546875;4.4423828125;-0.0068359375;0.64666664600372314;0.88333332538604736;0;0;1;1;0;0;0;0;1;1;1;0;0;0;0;0;0;1;1
32514;12;1;1;0;0;0;0;0;0;1;1;0.0325520820915699;15;4.447998046875;19.443115234375;4.447998046875;-0.0048828125;0.62666672468185425;0.86333334445953369;0;0;1;1;0;0;0;0;1;1;1;0;0;0;0;0;0;1;1
32523;12;1;1;0;0;0;0;0;0;1;1;0.009765625;15;4.455810546875;19.454345703125;4.455810546875;-0.00146484375;0.60333335399627686;0.84666663408279419;0;0;1;1;0;0;0;0;1;1;1;0;0;0;0;0;0;1;1
32533;12;1;1;0;0;0;0;0;0;1;1;-0.0048828125;15;4.4609375;19.461669921875;4.461669921875;0.000732421875;0.59000003337860107;0.82666671276092529;0;0;1;1;0;0;0;0;0;0;1;0;0;0;0;0;0;1;1
32544;12;1;1;0;0;0;0;0;0;1;1;-0.0244140625;15;4.468505859375;19.47216796875;4.47216796875;0.003662109375;0.56666666269302368;0.800000011920929;0;0;1;1;0;0;0;0;0;0;1;0;0;0;0;0;0;1;1
32553;12;1;1;0;0;0;0;0;0;1;1;-0.0390625;15;4.473388671875;19.479248046875;4.479248046875;0.005859375;0.55666667222976685;0.78666669130325317;0;0;1;1;0;0;0;0;0;0;1;0;0;0;0;0;0;1;1
32563;12;1;1;0;0;0;0;0;0;1;1;-0.0569661445915699;15;4.480712890625;19.4892578125;4.4892578125;0.008544921875;0.54333335161209106;0.75666671991348267;0;0;1;1;0;0;0;0;0;0;1;0;0;0;0;0;0;1;1
32574;12;1;1;0;0;0;0;0;0;1;1;-0.068359375;15;4.4853515625;19.49560546875;4.49560546875;0.01025390625;0.53000003099441528;0.74000000953674316;0;0;1;1;0;0;0;0;0;0;1;0;0;0;0;0;0;1;1
32583;12;1;1;0;0;0;0;0;0;1;1;-0.0992838516831398;15;4.490234375;19.505126953125;4.505126953125;0.014892578125;0.44333332777023315;0.71666663885116577;0;0;1;1;0;0;0;0;0;0;1;0;0;0;0;0;0;1;1
32593;12;1;1;0;0;0;0;0;0;1;1;-0.1236979141831398;15;4.49267578125;19.51123046875;4.51123046875;0.0185546875;0.3866666853427887;0.6966666579246521;0;0;1;1;0;0;0;0;0;0;1;0;0;0;0;0;0;1;1
32603;12;1;1;0;0;0;0;0;0;1;1;-0.1546223908662796;15;4.496826171875;19.52001953125;4.52001953125;0.023193359375;0.34333333373069763;0.67000001668930054;0;0;1;1;0;0;0;0;0;0;1;0;0;0;0;0;0;1;1
32614;12;1;1;0;0;0;0;0;0;1;1;-0.17578125;15;4.499267578125;19.525634765625;4.525634765625;0.0263671875;0.32333332300186157;0.65333336591720581;0;0;1;1;0;0;0;0;0;0;1;0;0;0;0;0;0;1;1
32623;12;1;1;0;0;0;0;0;0;1;1;-0.2067057341337204;15;4.503173828125;19.5341796875;4.5341796875;0.031005859375;0.3033333420753479;0.62999999523162842;0;0;1;1;0;0;0;0;0;0;1;0;0;0;0;0;0;1;1
32633;12;1;1;0;0;0;0;0;0;1;1;-0.2229817658662796;15;4.505859375;19.539306640625;4.539306640625;0.033447265625;0.29666668176651;0.61000001430511475;0;0;1;1;0;0;0;0;0;0;1;0;0;0;0;0;0;1;1
32644;12;1;1;0;0;0;0;0;0;1;1;-0.2555338442325592;15;4.508544921875;19.546875;4.546875;0.038330078125;0.24333333969116211;0.57999998331069946;0;0;1;1;0;0;0;0;0;0;1;0;0;0;0;0;0;1;1
32653;12;1;1;0;0;0;0;0;0;1;1;-0.2815755307674408;15;4.509765625;19.552001953125;4.552001953125;0.042236328125;0.20666667819023132;0.56666666269302368;0;0;1;1;0;0;0;0;0;0;1;0;0;0;0;0;0;1;1
32666;12;1;1;0;0;0;0;0;0;1;1;-0.3157552182674408;15;4.511474609375;19.558837890625;4.558837890625;0.04736328125;0.17333334684371948;0.54000002145767212;0;0;1;1;0;0;0;0;0;0;1;0;0;0;0;0;0;1;1
32674;12;1;1;0;0;0;0;0;0;1;1;-0.3369140625;15;4.5126953125;19.563232421875;4.563232421875;0.050537109375;0.16000001132488251;0.52000004053115845;0;0;1;1;0;0;0;0;0;0;1;0;0;0;0;0;0;1;1
32683;12;1;1;0;0;0;0;0;0;1;1;-0.3727213442325592;15;4.513916015625;19.56982421875;4.56982421875;0.055908203125;0.12000000476837158;0.49666669964790344;0;0;1;1;0;0;0;0;0;0;1;0;0;0;0;0;0;1;1
32693;12;1;1;0;0;0;0;0;0;1;1;-0.3987630307674408;15;4.51416015625;19.573974609375;4.573974609375;0.059814453125;0.086666673421859741;0.476666659116745;0;0;1;1;0;0;0;0;0;0;1;0;0;0;0;0;0;1;1
32703;12;1;1;0;0;0;0;0;0;1;1;-0.4378255307674408;15;4.51416015625;19.579833984375;4.579833984375;0.065673828125;0.05000000074505806;0.45666664838790894;0;0;1;1;0;0;0;0;0;0;1;0;0;0;0;0;0;1;1
32713;12;1;1;0;0;0;0;0;0;1;1;-0.4622395932674408;15;4.51416015625;19.58349609375;4.58349609375;0.0693359375;0.030000001192092896;0.43666666746139526;0;0;1;1;0;0;0;0;0;0;1;0;0;0;0;0;0;1;1
32723;12;1;1;0;0;0;0;0;0;1;1;-0.498046875;15;4.51416015625;19.5888671875;4.5888671875;0.07470703125;0.010000000707805157;0.41333335638046265;0;0;1;1;0;0;0;0;0;0;1;0;0;0;0;0;0;1;1
32733;12;1;1;1;0;0;0;0;0;1;1;-0.5224609375;15;4.513916015625;19.59228515625;4.59228515625;0.078369140625;0.0033333334140479565;0.39333334565162659;0;0;1;1;0;0;0;0;0;0;1;0;0;0;0;0;0;1;1
32744;12;1;1;1;0;0;0;0;0;1;1;-0.55338543653488159;15;4.513916015625;19.596923828125;4.596923828125;0.0830078125;0;0.37333333492279053;0;0;1;1;0;0;0;0;0;0;1;0;0;0;0;0;0;1;1
32753;12;1;1;1;0;0;0;0;0;1;1;-0.57454425096511841;15;4.513916015625;19.60009765625;4.60009765625;0.086181640625;0;0.36000001430511475;0;0;1;1;0;0;0;0;0;0;1;0;0;0;0;0;0;1;1
32763;12;1;1;1;0;0;0;0;0;1;1;-0.60384112596511841;15;4.513671875;19.604248046875;4.604248046875;0.090576171875;0.0033333334140479565;0.3333333432674408;0;0;1;1;0;0;0;0;0;0;1;0;0;0;0;0;0;1;1
32775;12;1;1;1;0;0;0;0;0;1;1;-0.62174481153488159;15;4.513671875;19.60693359375;4.60693359375;0.09326171875;0.0033333334140479565;0.31666666269302368;0;0;1;1;0;0;0;0;0;0;1;0;0;0;0;0;0;1;1
32783;12;1;1;1;0;0;0;0;0;1;1;-0.64778643846511841;15;4.513427734375;19.610595703125;4.610595703125;0.09716796875;0.0033333334140479565;0.29333335161209106;0;0;1;1;0;0;0;0;0;0;1;0;0;0;0;0;0;1;1
32793;12;1;1;1;0;0;0;0;0;1;1;-0.66243487596511841;15;4.513427734375;19.61279296875;4.61279296875;0.099365234375;0.0033333334140479565;0.28000003099441528;0;0;1;1;0;0;0;0;0;0;1;0;0;0;0;0;0;1;1
32803;12;1;1;1;0;0;0;0;0;1;1;-0.68359375;15;4.513427734375;19.615966796875;4.615966796875;0.1025390625;0.0033333334140479565;0.25333333015441895;0;0;1;1;0;0;0;0;0;0;1;0;0;0;0;0;0;1;1
32813;12;1;1;1;0;0;0;0;0;1;1;-0.69661456346511841;15;4.513427734375;19.617919921875;4.617919921875;0.1044921875;0;0.24000000953674316;0;0;1;1;0;0;0;0;0;0;1;0;0;0;0;0;0;1;1
32823;12;1;1;1;0;0;0;0;0;1;1;-0.71451824903488159;15;4.513427734375;19.62060546875;4.62060546875;0.107177734375;0;0.21666666865348816;0;0;1;1;0;0;0;0;0;0;1;0;0;0;0;0;0;1;1
32833;12;1;1;1;0;0;0;0;0;1;1;-0.72428387403488159;15;4.513427734375;19.6220703125;4.6220703125;0.108642578125;0;0.20000000298023224;0;0;1;1;0;0;0;0;0;0;1;0;0;0;0;0;0;1;1
32844;12;1;1;1;0;0;0;0;0;1;1;-0.73893231153488159;15;4.513427734375;19.624267578125;4.624267578125;0.11083984375;0;0.18000000715255737;0;0;1;1;0;0;0;0;0;0;1;0;0;0;0;0;0;1;1
32853;12;1;1;1;0;0;0;0;0;1;1;-0.7470703125;15;4.513427734375;19.62548828125;4.62548828125;0.112060546875;0;0.1666666716337204;0;0;1;1;0;0;0;0;0;0;1;0;0;0;0;0;0;1;1
32863;12;1;1;1;0;0;0;0;0;1;1;-0.75846356153488159;15;4.513427734375;19.627197265625;4.627197265625;0.11376953125;0;0.14000001549720764;0;0;1;1;0;0;0;0;0;0;1;0;0;0;0;0;0;1;1
32875;12;1;1;1;0;0;0;0;0;1;1;-0.76497393846511841;15;4.513427734375;19.628173828125;4.628173828125;0.11474609375;0;0.12666666507720947;0;0;1;1;0;0;0;0;0;0;1;0;0;0;0;0;0;1;1
32883;12;1;1;1;0;0;0;0;0;1;1;-0.771484375;15;4.513427734375;19.629150390625;4.629150390625;0.11572265625;0;0.10333333909511566;0;0;1;1;0;0;0;0;0;0;1;0;0;0;0;0;0;1;1
32893;12;1;1;1;0;0;0;0;0;1;1;-0.77473956346511841;15;4.513427734375;19.629638671875;4.629638671875;0.1162109375;0;0.086666673421859741;0;0;1;1;0;0;0;0;0;0;1;0;0;0;0;0;0;1;1
32903;12;1;1;1;0;0;0;0;0;1;1;-0.77799481153488159;15;4.513427734375;19.630126953125;4.630126953125;0.11669921875;0;0.063333332538604736;0;0;1;1;0;0;0;0;0;0;1;0;0;0;0;0;0;1;1
32913;12;1;1;1;0;0;0;0;0;1;1;-0.77962237596511841;15;4.513427734375;19.63037109375;4.63037109375;0.116943359375;0;0.046666666865348816;0;0;1;1;0;0;0;0;0;0;1;0;0;0;0;0;0;1;1
32923;12;1;1;1;0;0;0;0;0;1;1;-0.77962237596511841;15;4.513427734375;19.63037109375;4.63037109375;0.116943359375;0;0.023333333432674408;0;0;1;1;0;0;0;0;0;0;1;0;0;0;0;0;0;1;1
32933;12;1;1;1;0;0;0;0;0;1;1;-0.77799481153488159;15;4.513427734375;19.630126953125;4.630126953125;0.11669921875;0;0.010000000707805157;0;0;1;1;0;0;0;0;0;0;1;0;0;0;0;0;0;1;1
32943;12;1;1;1;0;0;0;0;0;1;1;-0.77799481153488159;15;4.513427734375;19.630126953125;4.630126953125;0.11669921875;0;0;0;0;1;1;0;0;0;0;0;0;1;0;0;0;0;0;0;1;1
32953;12;1;1;1;0;0;0;0;0;1;1;-0.7763671875;15;4.513427734375;19.6298828125;4.6298828125;0.116455078125;0;0.0033333334140479565;0;0;1;1;0;0;0;0;0;0;1;0;0;0;0;0;0;1;1
32963;12;1;1;1;0;0;0;0;0;1;1;-0.77473956346511841;15;4.513427734375;19.629638671875;4.629638671875;0.1162109375;0;0.0066666668280959129;0;0;1;1;0;0;0;0;0;0;1;0;0;0;0;0;0;1;1
32974;12;1;1;1;0;0;0;0;0;1;1;-0.77473956346511841;15;4.513427734375;19.629638671875;4.629638671875;0.1162109375;0;0.010000000707805157;0;0;1;1;0;0;0;0;0;0;1;0;0;0;0;0;0;1;1
32983;12;1;1;1;0;0;0;0;0;1;1;-0.771484375;15;4.513427734375;19.629150390625;4.629150390625;0.11572265625;0;0.01666666753590107;0;0;1;1;0;0;0;0;0;0;1;0;0;0;0;0;0;1;1
32993;12;1;1;1;0;0;0;0;0;1;1;-0.76985675096511841;15;4.513427734375;19.62890625;4.62890625;0.115478515625;0;0.023333333432674408;0;0;1;1;0;0;0;0;0;0;1;0;0;0;0;0;0;1;1
33003;12;1;1;1;0;0;0;0;0;1;1;-0.7666015625;15;4.513427734375;19.62841796875;4.62841796875;0.114990234375;0;0.026666667312383652;0;0;1;1;0;0;0;0;0;0;1;0;0;0;0;0;0;1;1
33014;12;1;1;1;0;0;0;0;0;1;1;-0.76334637403488159;15;4.513427734375;19.6279296875;4.6279296875;0.114501953125;0;0.033333335071802139;0;0;1;1;0;0;0;0;0;0;1;0;0;0;0;0;0;1;1
33023;12;1;1;1;0;0;0;0;0;1;1;-0.76009112596511841;15;4.513427734375;19.62744140625;4.62744140625;0.114013671875;0;0.036666668951511383;0;0;1;1;0;0;0;0;0;0;1;0;0;0;0;0;0;1;1
33033;12;1;1;1;0;0;0;0;0;1;1;-0.7568359375;15;4.513427734375;19.626953125;4.626953125;0.113525390625;0;0.043333336710929871;0;0;1;1;0;0;0;0;0;0;1;0;0;0;0;0;0;1;1
33043;12;1;1;1;0;0;0;0;0;1;1;-0.75032550096511841;15;4.513427734375;19.6259765625;4.6259765625;0.112548828125;0;0.05000000074505806;0;0;1;1;0;0;0;0;0;0;1;0;0;0;0;0;0;1;1
33053;12;1;1;1;0;0;0;0;0;1;1;-0.7470703125;15;4.513427734375;19.62548828125;4.62548828125;0.112060546875;0;0.0533333346247673;0;0;1;1;0;0;0;0;0;0;1;0;0;0;0;0;0;1;1
33063;12;1;1;1;0;0;0;0;0;1;1;-0.74055987596511841;15;4.513427734375;19.62451171875;4.62451171875;0.111083984375;0;0.060000002384185791;0;0;1;1;0;0;0;0;0;0;1;0;0;0;0;0;0;1;1
33074;12;1;1;1;0;0;0;0;0;1;1;-0.73567706346511841;15;4.513427734375;19.623779296875;4.623779296875;0.1103515625;0;0.066666670143604279;0;0;1;1;0;0;0;0;0;0;1;0;0;0;0;0;0;1;1
33083;12;1;1;1;0;0;0;0;0;1;1;-0.7275390625;15;4.513427734375;19.62255859375;4.62255859375;0.109130859375;0;0.073333337903022766;0;0;1;1;0;0;0;0;0;0;1;0;0;0;0;0;0;1;1
33093;12;1;1;1;0;0;0;0;0;1;1;-0.72265625;15;4.513427734375;19.621826171875;4.621826171875;0.1083984375;0;0.080000005662441254;0;0;1;1;0;0;0;0;0;0;1;0;0;0;0;0;0;1;1
33103;12;1;1;1;0;0;0;0;0;1;1;-0.71451824903488159;15;4.513427734375;19.62060546875;4.62060546875;0.107177734375;0;0.086666673421859741;0;0;1;1;0;0;0;0;0;0;1;0;0;0;0;0;0;1;1
33113;12;1;1;1;0;0;0;0;0;1;1;-0.7080078125;15;4.513427734375;19.61962890625;4.61962890625;0.106201171875;0;0.090000003576278687;0;0;1;1;0;0;0;0;0;0;1;0;0;0;0;0;0;1;1
33123;12;1;1;1;0;0;0;0;0;1;1;-0.6982421875;15;4.513427734375;19.6181640625;4.6181640625;0.104736328125;0;0.096666671335697174;0;0;1;1;0;0;0;0;0;0;1;0;0;0;0;0;0;1;1
33133;12;1;1;1;0;0;0;0;0;1;1;-0.69010418653488159;15;4.513427734375;19.616943359375;4.616943359375;0.103515625;0;0.10333333909511566;0;0;1;1;0;0;0;0;0;0;1;0;0;0;0;0;0;1;1
33143;12;1;1;1;0;0;0;0;0;1;1;-0.68033856153488159;15;4.513427734375;19.615478515625;4.615478515625;0.10205078125;0;0.10999999940395355;0;0;1;1;0;0;0;0;0;0;1;0;0;0;0;0;0;1;1
33153;12;1;1;1;0;0;0;0;0;1;1;-0.67220050096511841;15;4.513427734375;19.6142578125;4.6142578125;0.100830078125;0;0.11333333700895309;0;0;1;1;0;0;0;0;0;0;1;0;0;0;0;0;0;1;1
33163;12;1;1;1;0;0;0;0;0;1;1;-0.66080731153488159;15;4.513427734375;19.612548828125;4.612548828125;0.09912109375;0;0.11666666716337204;0;0;1;1;0;0;0;0;0;0;1;0;0;0;0;0;0;1;1
33175;12;1;1;1;0;0;0;0;0;1;1;-0.65266925096511841;15;4.513427734375;19.611328125;4.611328125;0.097900390625;0;0.12333333492279053;0;0;1;1;0;0;0;0;0;0;1;0;0;0;0;0;0;1;1
33183;12;1;1;1;0;0;0;0;0;1;1;-0.64127606153488159;15;4.513427734375;19.609619140625;4.609619140625;0.09619140625;0;0.12666666507720947;0;0;1;1;0;0;0;0;0;0;1;0;0;0;0;0;0;1;1
33193;12;1;1;1;0;0;0;0;0;1;1;-0.63151043653488159;15;4.513427734375;19.608154296875;4.608154296875;0.0947265625;0;0.13000001013278961;0;0;1;1;0;0;0;0;0;0;1;0;0;0;0;0;0;1;1
33203;12;1;1;1;0;0;0;0;0;1;1;-0.6201171875;15;4.513427734375;19.6064453125;4.6064453125;0.093017578125;0;0.13333334028720856;0;0;1;1;0;0;0;0;0;0;1;0;0;0;0;0;0;1;1
33213;12;1;1;1;0;0;0;0;0;1;1;-0.61197918653488159;15;4.51318359375;19.60498046875;4.60498046875;0.091796875;0;0.1366666704416275;0;0;1;1;0;0;0;0;0;0;1;0;0;0;0;0;0;1;1
33223;12;1;1;1;0;0;0;0;0;1;1;-0.59895831346511841;15;4.51318359375;19.60302734375;4.60302734375;0.08984375;0;0.14000001549720764;0;0;1;1;0;0;0;0;0;0;1;0;0;0;0;0;0;1;1
33233;12;1;1;1;0;0;0;0;0;1;1;-0.58756512403488159;15;4.513427734375;19.6015625;4.6015625;0.088134765625;0;0.14333334565162659;0;0;1;1;0;0;0;0;0;0;1;0;0;0;0;0;0;1;1
33243;12;1;1;1;0;0;0;0;0;1;1;-0.576171875;15;4.51318359375;19.599609375;4.599609375;0.08642578125;0;0.14666667580604553;0;0;1;1;0;0;0;0;0;0;1;0;0;0;0;0;0;1;1
33253;12;1;1;1;0;0;0;0;0;1;1;-0.56640625;15;4.51318359375;19.59814453125;4.59814453125;0.0849609375;0;0.14666667580604553;0;0;1;1;0;0;0;0;0;0;1;0;0;0;0;0;0;1;1
33263;12;1;1;1;0;0;0;0;0;1;1;-0.5517578125;15;4.51318359375;19.595947265625;4.595947265625;0.082763671875;0;0.15000000596046448;0;0;1;1;0;0;0;0;0;0;1;0;0;0;0;0;0;1;1
33273;12;1;1;1;0;0;0;0;0;1;1;-0.5419921875;15;4.51318359375;19.594482421875;4.594482421875;0.081298828125;0;0.15333333611488342;0;0;1;1;0;0;0;0;0;0;1;0;0;0;0;0;0;1;1
33283;12;1;1;1;0;0;0;0;0;1;1;-0.52734375;15;4.51318359375;19.59228515625;4.59228515625;0.0791015625;0;0.15666668117046356;0;0;1;1;0;0;0;0;0;0;1;0;0;0;0;0;0;1;1
33293;12;1;1;1;0;0;0;0;0;1;1;-0.517578125;15;4.51318359375;19.5908203125;4.5908203125;0.07763671875;0;0.15666668117046356;0;0;1;1;0;0;0;0;0;0;1;0;0;0;0;0;0;1;1
33303;12;1;1;1;0;0;0;0;0;1;1;-0.5029296875;15;4.51318359375;19.588623046875;4.588623046875;0.075439453125;0;0.16000001132488251;0;0;1;1;0;0;0;0;0;0;1;0;0;0;0;0;0;1;1
33313;12;1;1;1;0;0;0;0;0;1;1;-0.4931640625;15;4.51318359375;19.587158203125;4.587158203125;0.073974609375;0;0.16000001132488251;0;0;1;1;0;0;0;0;0;0;1;0;0;0;0;0;0;1;1
33323;12;1;1;1;0;0;0;0;0;1;1;-0.4768880307674408;15;4.51318359375;19.584716796875;4.584716796875;0.071533203125;0;0.16333334147930145;0;0;1;1;0;0;0;0;0;0;1;0;0;0;0;0;0;1;1
33333;12;1;1;1;0;0;0;0;0;1;1;-0.4671224057674408;15;4.51318359375;19.583251953125;4.583251953125;0.070068359375;0;0.1666666716337204;0;0;1;1;0;0;0;0;0;0;1;0;0;0;0;0;0;1;1
33343;12;1;1;1;0;0;0;0;0;1;1;-0.4508463442325592;15;4.51318359375;19.580810546875;4.580810546875;0.067626953125;0;0.1666666716337204;0;0;1;1;0;0;0;0;0;0;1;0;0;0;0;0;0;1;1
33353;12;1;1;1;0;0;0;0;0;1;1;-0.4410807192325592;15;4.51318359375;19.579345703125;4.579345703125;0.066162109375;0;0.17000000178813934;0;0;1;1;0;0;0;0;0;0;1;0;0;0;0;0;0;1;1
33363;12;1;1;1;0;0;0;0;0;1;1;-0.4264322817325592;15;4.512939453125;19.576904296875;4.576904296875;0.06396484375;0.0033333334140479565;0.17333334684371948;0;0;1;1;0;0;0;0;0;0;1;0;0;0;0;0;0;1;1
33374;12;1;1;1;0;0;0;0;0;1;1;-0.4150390625;15;4.512939453125;19.5751953125;4.5751953125;0.062255859375;0.0033333334140479565;0.17666667699813843;0;0;1;1;0;0;0;0;0;0;1;0;0;0;0;0;0;1;1
33383;12;1;1;1;0;0;0;0;0;1;1;-0.3971354067325592;15;4.512939453125;19.572509765625;4.572509765625;0.0595703125;0.0066666668280959129;0.18000000715255737;0;0;1;1;0;0;0;0;0;0;1;0;0;0;0;0;0;1;1
33394;12;1;1;1;0;0;0;0;0;1;1;-0.3873697817325592;15;4.5126953125;19.57080078125;4.57080078125;0.05810546875;0.0066666668280959129;0.18333333730697632;0;0;1;1;0;0;0;0;0;0;1;0;0;0;0;0;0;1;1
33404;12;1;1;1;0;0;0;0;0;1;1;-0.37109375;15;4.512451171875;19.568115234375;4.568115234375;0.0556640625;0.010000000707805157;0.18666666746139526;0;0;1;1;0;0;0;0;0;0;1;0;0;0;0;0;0;1;1
33415;12;1;1;1;0;0;0;0;0;1;1;-0.3580729067325592;15;4.512451171875;19.566162109375;4.566162109375;0.0537109375;0.013333333656191826;0.19333334267139435;0;0;1;1;0;0;0;0;0;0;1;0;0;0;0;0;0;1;1
33423;12;1;1;1;0;0;0;0;0;1;1;-0.3434244692325592;15;4.511962890625;19.5634765625;4.5634765625;0.051513671875;0.01666666753590107;0.19666667282581329;0;0;1;1;0;0;0;0;0;0;1;0;0;0;0;0;0;1;1
33434;12;1;1;1;0;0;0;0;0;1;1;-0.33203125;15;4.51171875;19.5615234375;4.5615234375;0.0498046875;0.020000001415610313;0.20000000298023224;0;0;1;1;0;0;0;0;0;0;1;0;0;0;0;0;0;1;1
33444;12;1;1;1;0;0;0;0;0;1;1;-0.3157552182674408;15;4.51123046875;19.55859375;4.55859375;0.04736328125;0.030000001192092896;0.20666667819023132;0;0;1;1;0;0;0;0;0;0;1;0;0;0;0;0;0;1;1
33453;12;1;1;1;0;0;0;0;0;1;1;-0.3059895932674408;15;4.5107421875;19.556640625;4.556640625;0.0458984375;0.040000002831220627;0.21000000834465027;0;0;1;1;0;0;0;0;0;0;1;0;0;0;0;0;0;1;1
33463;12;1;1;1;0;0;0;0;0;1;1;-0.2945963442325592;15;4.509521484375;19.5537109375;4.5537109375;0.044189453125;0.060000002384185791;0.21333333849906921;0;0;1;1;0;0;0;0;0;0;1;0;0;0;0;0;0;1;1
33473;12;1;1;1;0;0;0;0;0;1;1;-0.2864583432674408;15;4.508544921875;19.551513671875;4.551513671875;0.04296875;0.073333337903022766;0.21666666865348816;0;0;1;1;0;0;0;0;0;0;1;0;0;0;0;0;0;1;1
33483;12;1;1;1;0;0;0;0;0;1;1;-0.2669270932674408;15;4.50830078125;19.54833984375;4.54833984375;0.0400390625;0.046666666865348816;0.2199999988079071;0;0;1;1;0;0;0;0;0;0;1;0;0;0;0;0;0;1;1
33493;12;1;1;1;0;0;0;0;0;1;1;-0.2506510317325592;15;4.5087890625;19.54638671875;4.54638671875;0.03759765625;0.010000000707805157;0.22666667401790619;0;0;1;1;0;0;0;0;0;0;1;0;0;0;0;0;0;1;1
33504;12;1;1;1;0;0;0;0;0;1;1;-0.2262369841337204;15;4.509033203125;19.54296875;4.54296875;0.033935546875;0;0.23000000417232513;0;0;1;1;0;0;0;0;0;0;1;0;0;0;0;0;0;1;1
33513;12;1;1;1;0;0;0;0;0;1;1;-0.2164713591337204;15;4.508544921875;19.541015625;4.541015625;0.032470703125;0.013333333656191826;0.23000000417232513;0;0;1;1;0;0;0;0;0;0;1;0;0;0;0;0;0;1;1
33523;12;1;1;1;0;0;0;0;0;1;1;-0.1969401091337204;15;4.508056640625;19.53759765625;4.53759765625;0.029541015625;0.023333333432674408;0.23333333432674408;0;0;1;1;0;0;0;0;0;0;1;0;0;0;0;0;0;1;1
33534;12;1;1;1;0;0;0;0;0;1;1;-0.1806640625;15;4.50830078125;19.535400390625;4.535400390625;0.027099609375;0.0033333334140479565;0.23333333432674408;0;0;1;1;0;0;0;0;0;0;1;0;0;0;0;0;0;1;1
33543;12;1;1;1;0;0;0;0;0;1;1;-0.1595052033662796;15;4.508056640625;19.531982421875;4.531982421875;0.02392578125;0.010000000707805157;0.24000000953674316;0;0;1;1;0;0;0;0;0;0;1;0;0;0;0;0;0;1;1
33553;12;1;1;1;0;0;0;0;0;1;1;-0.1448567658662796;15;4.508056640625;19.52978515625;4.52978515625;0.021728515625;0.0066666668280959129;0.23666666448116302;0;0;1;1;0;0;0;0;0;0;1;0;0;0;0;0;0;1;1
33563;12;1;1;1;0;0;0;0;0;1;1;-0.1220703125;15;4.508056640625;19.5263671875;4.5263671875;0.018310546875;0;0.24333333969116211;0;0;1;1;0;0;0;0;0;0;1;0;0;0;0;0;0;1;1
33573;12;1;1;1;0;0;0;0;0;1;1;-0.107421875;15;4.508056640625;19.524169921875;4.524169921875;0.01611328125;0.0033333334140479565;0.24000000953674316;0;0;1;1;0;0;0;0;0;0;1;0;0;0;0;0;0;1;1
33583;12;1;1;1;0;0;0;0;0;1;1;-0.0862630233168602;15;4.508056640625;19.52099609375;4.52099609375;0.012939453125;0;0.23666666448116302;0;0;1;1;0;0;0;0;0;0;1;0;0;0;0;0;0;1;1
33593;12;1;1;1;0;0;0;0;0;1;1;-0.0716145858168602;15;4.508056640625;19.518798828125;4.518798828125;0.0107421875;0;0.24000000953674316;0;0;1;1;0;0;0;0;0;0;1;0;0;0;0;0;0;1;1
33603;12;1;1;1;0;0;0;0;0;1;1;-0.0504557304084301;15;4.508056640625;19.515625;4.515625;0.007568359375;0.0033333334140479565;0.23666666448116302;0;0;1;1;0;0;0;0;0;0;1;0;0;0;0;0;0;1;1
33613;12;1;1;1;0;0;0;0;0;1;1;-0.0374348945915699;15;4.5078125;19.513427734375;4.513427734375;0.005615234375;0.0033333334140479565;0.23333333432674408;0;0;1;1;0;0;0;0;0;0;1;0;0;0;0;0;0;1;1
33623;12;1;1;1;0;0;0;0;0;1;1;-0.01627604104578495;15;4.5078125;19.51025390625;4.51025390625;0.00244140625;0;0.23000000417232513;0;0;1;1;0;0;0;0;0;0;1;0;0;0;0;0;0;1;1
33634;12;1;1;1;0;0;0;0;0;1;1;-0.0032552082557231188;15;4.5078125;19.50830078125;4.50830078125;0.00048828125;0;0.22666667401790619;0;0;1;1;0;0;0;0;0;0;1;0;0;0;0;0;0;1;1
33643;12;1;1;1;0;0;0;0;0;1;1;0.01790364645421505;15;4.5078125;19.505126953125;4.5078125;-0.002685546875;0;0.22666667401790619;0;0;1;1;0;0;0;0;0;0;1;0;0;0;0;0;0;1;1
33653;12;1;1;1;0;0;0;0;0;1;1;0.03092447854578495;15;4.5078125;19.503173828125;4.5078125;-0.004638671875;0;0.2199999988079071;0;0;1;1;0;0;0;0;0;0;1;0;0;0;0;0;0;1;1
33663;12;1;1;1;0;0;0;0;0;1;1;0.0504557304084301;15;4.5078125;19.500244140625;4.5078125;-0.007568359375;0;0.2199999988079071;0;0;1;1;0;0;0;0;0;0;1;0;0;0;0;0;0;1;1
33674;12;1;1;1;0;0;0;0;0;1;1;0.0634765625;15;4.5078125;19.498291015625;4.5078125;-0.009521484375;0.0033333334140479565;0.21666666865348816;0;0;1;1;0;0;0;0;0;0;1;0;0;0;0;0;0;1;1
33683;12;1;1;1;0;0;0;0;0;1;1;0.0830078125;15;4.5078125;19.495361328125;4.5078125;-0.012451171875;0;0.21000000834465027;0;0;1;1;0;0;0;0;0;0;1;0;0;0;0;0;0;1;1
33693;12;1;1;1;0;0;0;0;0;1;1;0.0944010391831398;15;4.5078125;19.49365234375;4.5078125;-0.01416015625;0;0.20666667819023132;0;0;1;1;0;0;0;0;0;0;1;0;0;0;0;0;0;1;1
33703;12;1;1;1;0;0;0;0;0;1;1;0.1123046875;15;4.5078125;19.490966796875;4.5078125;-0.016845703125;0;0.20000000298023224;0;0;1;1;0;0;0;0;0;0;1;0;0;0;0;0;0;1;1
33713;12;1;1;1;0;0;0;0;0;1;1;0.1236979141831398;15;4.5078125;19.4892578125;4.5078125;-0.0185546875;0;0.19666667282581329;0;0;1;1;0;0;0;0;0;0;1;0;0;0;0;0;0;1;1
33723;12;1;1;1;0;0;0;0;0;1;1;0.1399739533662796;15;4.507568359375;19.486572265625;4.507568359375;-0.02099609375;0;0.1900000125169754;0;0;1;1;0;0;0;0;0;0;1;0;0;0;0;0;0;1;1
33734;12;1;1;1;0;0;0;0;0;1;1;0.1497395783662796;15;4.507568359375;19.485107421875;4.507568359375;-0.0224609375;0;0.18333333730697632;0;0;1;1;0;0;0;0;0;0;1;0;0;0;0;0;0;1;1
33743;12;1;1;1;0;0;0;0;0;1;1;0.166015625;15;4.507568359375;19.482666015625;4.507568359375;-0.02490234375;0;0.17666667699813843;0;0;1;1;0;0;0;0;0;0;1;0;0;0;0;0;0;1;1
33753;12;1;1;1;0;0;0;0;0;1;1;0.17578125;15;4.507568359375;19.481201171875;4.507568359375;-0.0263671875;0;0.17000000178813934;0;0;1;1;0;0;0;0;0;0;1;0;0;0;0;0;0;1;1
33763;12;1;1;1;0;0;0;0;0;1;1;0.1904296875;15;4.507568359375;19.47900390625;4.507568359375;-0.028564453125;0;0.16333334147930145;0;0;1;1;0;0;0;0;0;0;1;0;0;0;0;0;0;1;1
33773;12;1;1;1;0;0;0;0;0;1;1;0.1985677033662796;15;4.507568359375;19.477783203125;4.507568359375;-0.02978515625;0;0.15666668117046356;0;0;1;1;0;0;0;0;0;0;1;0;0;0;0;0;0;1;1
33783;12;1;1;1;0;0;0;0;0;1;1;0.2115885466337204;15;4.507568359375;19.475830078125;4.507568359375;-0.03173828125;0;0.15000000596046448;0;0;1;1;0;0;0;0;0;0;1;0;0;0;0;0;0;1;1
33793;12;1;1;1;0;0;0;0;0;1;1;0.2197265625;15;4.507568359375;19.474609375;4.507568359375;-0.032958984375;0;0.14333334565162659;0;0;1;1;0;0;0;0;0;0;1;0;0;0;0;0;0;1;1
33803;12;1;1;1;0;0;0;0;0;1;1;0.2311197966337204;15;4.507568359375;19.472900390625;4.507568359375;-0.03466796875;0;0.13333334028720856;0;0;1;1;0;0;0;0;0;0;1;0;0;0;0;0;0;1;1
33813;12;1;1;1;0;0;0;0;0;1;1;0.2376302033662796;15;4.507568359375;19.471923828125;4.507568359375;-0.03564453125;0;0.12666666507720947;0;0;1;1;0;0;0;0;0;0;1;0;0;0;0;0;0;1;1
33823;12;1;1;1;0;0;0;0;0;1;1;0.2473958283662796;15;4.507568359375;19.470458984375;4.507568359375;-0.037109375;0;0.11666666716337204;0;0;1;1;0;0;0;0;0;0;1;0;0;0;0;0;0;1;1
33834;12;1;1;1;0;0;0;0;0;1;1;0.25390625;15;4.507568359375;19.469482421875;4.507568359375;-0.0380859375;0;0.10999999940395355;0;0;1;1;0;0;0;0;0;0;1;0;0;0;0;0;0;1;1
33843;12;1;1;1;0;0;0;0;0;1;1;0.2620442807674408;15;4.507568359375;19.46826171875;4.507568359375;-0.039306640625;0;0.10000000149011612;0;0;1;1;0;0;0;0;0;0;1;0;0;0;0;0;0;1;1
33853;12;1;1;1;0;0;0;0;0;1;1;0.2669270932674408;15;4.507568359375;19.467529296875;4.507568359375;-0.0400390625;0;0.093333333730697632;0;0;1;1;0;0;0;0;0;0;1;0;0;0;0;0;0;1;1
33863;12;1;1;1;0;0;0;0;0;1;1;0.2750650942325592;15;4.507568359375;19.46630859375;4.507568359375;-0.041259765625;0;0.0833333358168602;0;0;1;1;0;0;0;0;0;0;1;0;0;0;0;0;0;1;1
33876;12;1;1;1;0;0;0;0;0;1;1;0.2783203125;15;4.507568359375;19.4658203125;4.507568359375;-0.041748046875;0;0.076666668057441711;0;0;1;1;0;0;0;0;0;0;1;0;0;0;0;0;0;1;1
33883;12;1;1;1;0;0;0;0;0;1;1;0.283203125;15;4.507568359375;19.465087890625;4.507568359375;-0.04248046875;0;0.066666670143604279;0;0;1;1;0;0;0;0;0;0;1;0;0;0;0;0;0;1;1
33893;12;1;1;1;0;0;0;0;0;1;1;0.2864583432674408;15;4.507568359375;19.464599609375;4.507568359375;-0.04296875;0;0.060000002384185791;0;0;1;1;0;0;0;0;0;0;1;0;0;0;0;0;0;1;1
33903;12;1;1;1;0;0;0;0;0;1;1;0.2913411557674408;15;4.507568359375;19.4638671875;4.507568359375;-0.043701171875;0;0.05000000074505806;0;0;1;1;0;0;0;0;0;0;1;0;0;0;0;0;0;1;1
33913;12;1;1;1;0;0;0;0;0;1;1;0.29296875;15;4.507568359375;19.463623046875;4.507568359375;-0.0439453125;0;0.043333336710929871;0;0;1;1;0;0;0;0;0;0;1;0;0;0;0;0;0;1;1
33923;12;1;1;1;0;0;0;0;0;1;1;0.2945963442325592;15;4.507568359375;19.46337890625;4.507568359375;-0.044189453125;0;0.033333335071802139;0;0;1;1;0;0;0;0;0;0;1;0;0;0;0;0;0;1;1
33934;12;1;1;1;0;0;0;0;0;1;1;0.2962239682674408;15;4.507568359375;19.463134765625;4.507568359375;-0.04443359375;0;0.030000001192092896;0;0;1;1;0;0;0;0;0;0;1;0;0;0;0;0;0;1;1
33943;12;1;1;1;0;0;0;0;0;1;1;0.2978515625;15;4.507568359375;19.462890625;4.507568359375;-0.044677734375;0;0.020000001415610313;0;0;1;1;0;0;0;0;0;0;1;0;0;0;0;0;0;1;1
33953;12;1;1;1;0;0;0;0;0;1;1;0.2978515625;15;4.507568359375;19.462890625;4.507568359375;-0.044677734375;0;0.013333333656191826;0;0;1;1;0;0;0;0;0;0;1;0;0;0;0;0;0;1;1
33963;12;1;1;1;0;0;0;0;0;1;1;0.2978515625;15;4.507568359375;19.462890625;4.507568359375;-0.044677734375;0;0.0066666668280959129;0;0;1;1;0;0;0;0;0;0;1;0;0;0;0;0;0;1;1
33973;12;1;1;1;0;0;0;0;0;1;1;0.2978515625;15;4.507568359375;19.462890625;4.507568359375;-0.044677734375;0;0.0033333334140479565;0;0;1;1;0;0;0;0;0;0;1;0;0;0;0;0;0;1;1
33983;12;1;1;1;0;0;0;0;0;1;1;0.2978515625;15;4.507568359375;19.462890625;4.507568359375;-0.044677734375;0;0;0;0;1;1;0;0;0;0;0;0;1;0;0;0;0;0;0;1;1
33994;12;1;1;1;0;0;0;0;0;1;1;0.2978515625;15;4.507568359375;19.462890625;4.507568359375;-0.044677734375;0;0;0;0;1;1;0;0;0;0;0;0;1;0;0;0;0;0;0;1;1
34003;12;1;1;1;0;0;0;0;0;1;1;0.2978515625;15;4.507568359375;19.462890625;4.507568359375;-0.044677734375;0;0;0;0;1;1;0;0;0;0;0;0;1;0;0;0;0;0;0;1;1
34013;12;1;1;1;0;0;0;0;0;1;1;0.2978515625;15;4.507568359375;19.462890625;4.507568359375;-0.044677734375;0;0;0;0;1;1;0;0;0;0;0;0;1;0;0;0;0;0;0;1;1
34023;12;1;1;1;0;0;0;0;0;1;1;0.2978515625;15;4.507568359375;19.462890625;4.507568359375;-0.044677734375;0;0;0;0;1;1;0;0;0;0;0;0;1;0;0;0;0;0;0;1;1
34036;12;1;1;1;0;0;0;0;0;1;1;0.2978515625;15;4.507568359375;19.462890625;4.507568359375;-0.044677734375;0;0;0;0;1;1;0;0;0;0;0;0;1;0;0;0;0;0;0;1;1
34043;12;1;1;1;0;0;0;0;0;1;1;0.2978515625;15;4.507568359375;19.462890625;4.507568359375;-0.044677734375;0;0;0;0;1;1;0;0;0;0;0;0;1;0;0;0;0;0;0;1;1
34053;12;1;1;1;0;0;0;0;0;1;1;0.2978515625;15;4.507568359375;19.462890625;4.507568359375;-0.044677734375;0;0;0;0;1;1;0;0;0;0;0;0;1;0;0;0;0;0;0;1;1
34063;12;1;1;1;0;0;0;0;0;1;1;0.2978515625;15;4.507568359375;19.462890625;4.507568359375;-0.044677734375;0;0;0;0;1;1;0;0;0;0;0;0;1;0;0;0;0;0;0;1;1
34074;12;1;1;1;0;0;0;0;0;1;1;0.2978515625;15;4.507568359375;19.462890625;4.507568359375;-0.044677734375;0;0;0;0;1;1;0;0;0;0;0;0;1;0;0;0;0;0;0;1;1
34083;12;1;1;1;0;0;0;0;0;1;1;0.2978515625;15;4.507568359375;19.462890625;4.507568359375;-0.044677734375;0;0;0;0;1;1;0;0;0;0;0;0;1;0;0;0;0;0;0;1;1
34094;12;1;1;1;0;0;0;0;0;1;1;0.2978515625;15;4.507568359375;19.462890625;4.507568359375;-0.044677734375;0;0;0;0;1;1;0;0;0;0;0;0;1;0;0;0;0;0;0;1;1
34103;12;1;1;1;0;0;0;0;0;1;1;0.2978515625;15;4.507568359375;19.462890625;4.507568359375;-0.044677734375;0;0;0;0;1;1;0;0;0;0;0;0;1;0;0;0;0;0;0;1;1
34114;12;1;1;1;0;0;0;0;0;1;1;0.2978515625;15;4.507568359375;19.462890625;4.507568359375;-0.044677734375;0;0;0;0;1;1;0;0;0;0;0;0;1;0;0;0;0;0;0;1;1
34123;12;1;1;1;0;0;0;0;0;1;1;0.2978515625;15;4.507568359375;19.462890625;4.507568359375;-0.044677734375;0;0;0;0;1;1;0;0;0;0;0;0;1;0;0;0;0;0;0;1;1
34133;12;1;1;1;0;0;0;0;0;1;1;0.2978515625;15;4.507568359375;19.462890625;4.507568359375;-0.044677734375;0;0;0;0;1;1;0;0;0;0;0;0;1;0;0;0;0;0;0;1;1
34143;12;1;1;1;0;0;0;0;0;1;1;0.2978515625;15;4.507568359375;19.462890625;4.507568359375;-0.044677734375;0;0;0;0;1;1;0;0;0;0;0;0;1;0;0;0;0;0;0;1;1
34153;12;1;1;1;0;0;0;0;0;1;1;0.2978515625;15;4.507568359375;19.462890625;4.507568359375;-0.044677734375;0;0;0;0;1;1;0;0;0;0;0;0;1;0;0;0;0;0;0;1;1
34163;12;1;1;1;0;0;0;0;0;1;1;0.2978515625;15;4.507568359375;19.462890625;4.507568359375;-0.044677734375;0;0;0;0;1;1;0;0;0;0;0;0;1;0;0;0;0;0;0;1;1
34173;12;1;1;1;0;0;0;0;0;1;1;0.2978515625;15;4.507568359375;19.462890625;4.507568359375;-0.044677734375;0;0;0;0;1;1;0;0;0;0;0;0;1;0;0;0;0;0;0;1;1
34183;12;1;1;1;0;0;0;0;0;1;1;0.2978515625;15;4.507568359375;19.462890625;4.507568359375;-0.044677734375;0;0;0;0;1;1;0;0;0;0;0;0;1;0;0;0;0;0;0;1;1
34193;12;1;1;1;0;0;0;0;0;1;1;0.2978515625;15;4.507568359375;19.462890625;4.507568359375;-0.044677734375;0;0;0;0;1;1;0;0;0;0;0;0;1;0;0;0;0;0;0;1;1
34203;12;1;1;1;0;0;0;0;0;1;1;0.2978515625;15;4.507568359375;19.462890625;4.507568359375;-0.044677734375;0;0;0;0;1;1;0;0;0;0;0;0;1;0;0;0;0;0;0;1;1
34213;12;1;1;1;0;0;0;0;0;1;1;0.2978515625;15;4.507568359375;19.462890625;4.507568359375;-0.044677734375;0;0;0;0;1;1;0;0;0;0;0;0;1;0;0;0;0;0;0;1;1
34223;12;1;1;1;0;0;0;0;0;1;1;0.2978515625;15;4.507568359375;19.462890625;4.507568359375;-0.044677734375;0;0;0;0;1;1;0;0;0;0;0;0;1;0;0;0;0;0;0;1;1
34234;12;1;1;1;0;0;0;0;0;1;1;0.2978515625;15;4.507568359375;19.462890625;4.507568359375;-0.044677734375;0;0;0;0;1;1;0;0;0;0;0;0;1;0;0;0;0;0;0;1;1
34243;12;1;1;1;0;0;0;0;0;1;1;0.2978515625;15;4.507568359375;19.462890625;4.507568359375;-0.044677734375;0;0;0;0;1;1;0;0;0;0;0;0;1;0;0;0;0;0;0;1;1
34253;12;1;1;1;0;0;0;0;0;1;1;0.2978515625;15;4.507568359375;19.462890625;4.507568359375;-0.044677734375;0;0;0;0;1;1;0;0;0;0;0;0;1;0;0;0;0;0;0;1;1
34264;12;1;1;1;0;0;0;0;0;1;1;0.2978515625;15;4.507568359375;19.462890625;4.507568359375;-0.044677734375;0;0;0;0;1;1;0;0;0;0;0;0;1;0;0;0;0;0;0;1;1
34273;12;1;1;1;0;0;0;0;0;1;1;0.2978515625;15;4.507568359375;19.462890625;4.507568359375;-0.044677734375;0;0;0;0;1;1;0;0;0;0;0;0;1;0;0;0;0;0;0;1;1
34283;12;1;1;1;0;0;0;0;0;1;1;0.2978515625;15;4.507568359375;19.462890625;4.507568359375;-0.044677734375;0;0;0;0;1;1;0;0;0;0;0;0;1;0;0;0;0;0;0;1;1
34294;12;1;1;1;0;0;0;0;0;1;1;0.2978515625;15;4.507568359375;19.462890625;4.507568359375;-0.044677734375;0;0;0;0;1;1;0;0;0;0;0;0;1;0;0;0;0;0;0;1;1
34303;12;1;1;1;0;0;0;0;0;1;1;0.2978515625;15;4.507568359375;19.462890625;4.507568359375;-0.044677734375;0;0;0;0;1;1;0;0;0;0;0;0;1;0;0;0;0;0;0;1;1
34313;12;1;1;1;0;0;0;0;0;1;1;0.2978515625;15;4.507568359375;19.462890625;4.507568359375;-0.044677734375;0;0;0;0;1;1;0;0;0;0;0;0;1;0;0;0;0;0;0;1;1
34323;12;1;1;1;0;0;0;0;0;1;1;0.2978515625;15;4.507568359375;19.462890625;4.507568359375;-0.044677734375;0;0;0;0;1;1;0;0;0;0;0;0;1;0;0;0;0;0;0;1;1
34333;12;1;1;1;0;0;0;0;0;1;1;0.2978515625;15;4.507568359375;19.462890625;4.507568359375;-0.044677734375;0;0;0;0;1;1;0;0;0;0;0;0;1;0;0;0;0;0;0;1;1
34343;12;1;1;1;0;0;0;0;0;1;1;0.2978515625;15;4.507568359375;19.462890625;4.507568359375;-0.044677734375;0;0;0;0;1;1;0;0;0;0;0;0;1;0;0;0;0;0;0;1;1
34353;12;1;1;1;0;0;0;0;0;1;1;0.2978515625;15;4.507568359375;19.462890625;4.507568359375;-0.044677734375;0;0;0;0;1;1;0;0;0;0;0;0;1;0;0;0;0;0;0;1;1
34363;12;1;1;1;0;0;0;0;0;1;1;0.2978515625;15;4.507568359375;19.462890625;4.507568359375;-0.044677734375;0;0;0;0;1;1;0;0;0;0;0;0;1;0;0;0;0;0;0;1;1
34373;12;1;1;1;0;0;0;0;0;1;1;0.2978515625;15;4.507568359375;19.462890625;4.507568359375;-0.044677734375;0;0;0;0;1;1;0;0;0;0;0;0;1;0;0;0;0;0;0;1;1
34383;12;1;1;1;0;0;0;0;0;1;1;0.2978515625;15;4.507568359375;19.462890625;4.507568359375;-0.044677734375;0;0;0;0;1;1;0;0;0;0;0;0;1;0;0;0;0;0;0;1;1
34395;12;1;1;1;0;0;0;0;0;1;1;0.2978515625;15;4.507568359375;19.462890625;4.507568359375;-0.044677734375;0;0;0;0;1;1;0;0;0;0;0;0;1;0;0;0;0;0;0;1;1
34403;12;1;1;1;0;0;0;0;0;1;1;0.2978515625;15;4.507568359375;19.462890625;4.507568359375;-0.044677734375;0;0;0;0;1;1;0;0;0;0;0;0;1;0;0;0;0;0;0;1;1
34413;12;1;1;1;0;0;0;0;0;1;1;0.2978515625;15;4.507568359375;19.462890625;4.507568359375;-0.044677734375;0;0;0;0;1;1;0;0;0;0;0;0;1;0;0;0;0;0;0;1;1
34423;12;1;1;1;0;0;0;0;0;1;1;0.2978515625;15;4.507568359375;19.462890625;4.507568359375;-0.044677734375;0;0;0;0;1;1;0;0;0;0;0;0;1;0;0;0;0;0;0;1;1
34433;12;1;1;1;0;0;0;0;0;1;1;0.2978515625;15;4.507568359375;19.462890625;4.507568359375;-0.044677734375;0;0;0;0;1;1;0;0;0;0;0;0;1;0;0;0;0;0;0;1;1
34443;12;1;1;1;0;0;0;0;0;1;1;0.2978515625;15;4.507568359375;19.462890625;4.507568359375;-0.044677734375;0;0;0;0;1;1;0;0;0;0;0;0;1;0;0;0;0;0;0;1;1
34453;12;1;1;1;0;0;0;0;0;1;1;0.2978515625;15;4.507568359375;19.462890625;4.507568359375;-0.044677734375;0;0;0;0;1;1;0;0;0;0;0;0;1;0;0;0;0;0;0;1;1
34463;12;1;1;1;0;0;0;0;0;1;1;0.2978515625;15;4.507568359375;19.462890625;4.507568359375;-0.044677734375;0;0;0;0;1;1;0;0;0;0;0;0;1;0;0;0;0;0;0;1;1
34473;12;1;1;1;0;0;0;0;0;1;1;0.2978515625;15;4.507568359375;19.462890625;4.507568359375;-0.044677734375;0;0;0;0;1;1;0;0;0;0;0;0;1;0;0;0;0;0;0;1;1
34483;12;1;1;1;0;0;0;0;0;1;1;0.2978515625;15;4.507568359375;19.462890625;4.507568359375;-0.044677734375;0;0;0;0;1;1;0;0;0;0;0;0;1;0;0;0;0;0;0;1;1
34494;12;1;1;1;0;0;0;0;0;1;1;0.2978515625;15;4.507568359375;19.462890625;4.507568359375;-0.044677734375;0;0;0;0;1;1;0;0;0;0;0;0;1;0;0;0;0;0;0;1;1
34504;12;1;1;1;0;0;0;0;0;1;1;0.2978515625;15;4.507568359375;19.462890625;4.507568359375;-0.044677734375;0;0;0;0;1;1;0;0;0;0;0;0;1;0;0;0;0;0;0;1;1
34513;12;1;1;1;0;0;0;0;0;1;1;0.2978515625;15;4.507568359375;19.462890625;4.507568359375;-0.044677734375;0;0;0;0;1;1;0;0;0;0;0;0;1;0;0;0;0;0;0;1;1
34523;12;1;1;1;0;0;0;0;0;1;1;0.2978515625;15;4.507568359375;19.462890625;4.507568359375;-0.044677734375;0;0;0;0;1;1;0;0;0;0;0;0;1;0;0;0;0;0;0;1;1
34533;12;1;1;1;0;0;0;0;0;1;1;0.2978515625;15;4.507568359375;19.462890625;4.507568359375;-0.044677734375;0;0;0;0;1;1;0;0;0;0;0;0;1;0;0;0;0;0;0;1;1
34543;12;1;1;1;0;0;0;0;0;1;1;0.2978515625;15;4.507568359375;19.462890625;4.507568359375;-0.044677734375;0;0;0;0;1;1;0;0;0;0;0;0;1;0;0;0;0;0;0;1;1
34553;12;1;1;1;0;0;0;0;0;1;1;0.2978515625;15;4.507568359375;19.462890625;4.507568359375;-0.044677734375;0;0;1;1;1;1;0;0;0;0;0;0;1;0;0;1;1;0;0;1;1
34563;12;1;1;0;1;0;0;0;0;1;1;0.2978515625;15;4.507568359375;19.462890625;4.507568359375;-0.044677734375;0;0;1;1;1;1;0;0;1;1;0;0;1;0;0;1;1;1;1;1;1
34573;12;1;1;0;1;0;0;0;0;1;1;0.2978515625;15;4.507568359375;19.462890625;4.507568359375;-0.044677734375;0;0;1;1;1;1;0;0;1;1;0;0;1;0;0;1;1;1;1;1;1
34583;12;1;1;0;1;0;0;0;0;1;1;0.2978515625;15;4.507568359375;19.462890625;4.507568359375;-0.044677734375;0;0;1;1;1;1;0;0;1;1;0;0;1;0;0;1;1;1;1;1;1
34594;12;1;1;0;1;0;0;0;0;1;1;0.2978515625;15;4.507568359375;19.462890625;4.507568359375;-0.044677734375;0;0;1;1;1;1;0;0;1;1;0;0;1;0;0;1;1;1;1;1;1
34603;12;1;1;0;1;0;0;0;0;1;1;0.2978515625;15;4.507568359375;19.462890625;4.507568359375;-0.044677734375;0;0;1;1;1;1;0;0;1;1;0;0;1;0;0;1;1;1;1;1;1
34613;12;1;1;0;1;0;0;0;0;1;1;0.2978515625;15;4.507568359375;19.462890625;4.507568359375;-0.044677734375;0;0;1;1;1;1;0;0;1;1;0;0;1;0;0;1;1;1;1;0;0
34627;12;1;1;0;1;0;0;0;0;1;1;0.2978515625;15;4.507568359375;19.462890625;4.507568359375;-0.044677734375;0;0;1;1;1;1;0;0;1;1;0;0;1;0;0;1;1;1;1;0;0
34634;12;1;1;0;1;0;0;0;0;1;1;0.2978515625;15;4.507568359375;19.462890625;4.507568359375;-0.044677734375;0;0;1;1;1;1;0;0;1;1;0;0;1;0;0;1;1;1;1;0;0
34643;12;1;1;0;1;0;0;0;0;1;1;0.2962239682674408;15;4.507568359375;19.463134765625;4.507568359375;-0.04443359375;0;0.0066666668280959129;1;1;1;1;0;0;1;1;0;0;1;0;0;1;1;1;1;0;0
34653;12;1;1;0;1;0;0;0;0;1;1;0.2945963442325592;15;4.507568359375;19.46337890625;4.507568359375;-0.044189453125;0;0.010000000707805157;1;1;1;1;0;0;1;1;0;0;1;0;0;1;1;1;1;0;0
34663;12;1;1;0;1;0;0;0;0;1;1;0.2913411557674408;15;4.507568359375;19.4638671875;4.507568359375;-0.043701171875;0;0.020000001415610313;1;1;1;1;0;0;1;1;0;0;1;0;0;1;1;1;1;0;0
34674;12;1;1;0;1;0;0;0;0;1;1;0.2897135317325592;15;4.507568359375;19.464111328125;4.507568359375;-0.04345703125;0;0.023333333432674408;1;1;1;1;0;0;1;1;0;0;1;0;0;1;1;1;1;0;0
34683;12;1;1;0;1;0;0;0;0;1;1;0.2864583432674408;15;4.507568359375;19.464599609375;4.507568359375;-0.04296875;0;0.033333335071802139;1;1;1;1;0;0;1;1;0;0;1;0;0;1;1;1;1;0;0
34693;12;1;1;0;1;0;0;0;0;1;1;0.2815755307674408;15;4.507568359375;19.46533203125;4.507568359375;-0.042236328125;0;0.040000002831220627;1;1;1;1;0;0;1;1;0;0;1;0;0;1;1;1;1;0;0
34703;12;1;1;0;1;0;0;0;0;1;1;0.2766927182674408;15;4.507568359375;19.466064453125;4.507568359375;-0.04150390625;0;0.05000000074505806;1;1;1;1;0;0;1;1;0;0;1;0;0;1;1;1;1;0;0
34713;12;1;1;0;1;0;0;0;0;1;1;0.2718099057674408;15;4.507568359375;19.466796875;4.507568359375;-0.040771484375;0;0.056666668504476547;1;1;1;1;0;0;1;1;0;0;1;0;0;1;1;1;1;0;0
34724;12;1;1;0;1;0;0;0;0;1;1;0.263671875;15;4.507568359375;19.468017578125;4.507568359375;-0.03955078125;0;0.070000007748603821;1;1;1;1;0;0;1;1;0;0;1;0;0;1;1;1;1;0;0
34733;12;1;1;0;1;0;0;0;0;1;1;0.2587890625;15;4.507568359375;19.46875;4.507568359375;-0.038818359375;0;0.076666668057441711;1;1;1;1;0;0;1;1;0;0;1;0;0;1;1;1;1;0;0
34743;12;1;1;0;1;0;0;0;0;1;1;0.2490234375;15;4.507568359375;19.47021484375;4.507568359375;-0.037353515625;0;0.086666673421859741;1;1;1;1;0;0;1;1;0;0;1;0;0;1;1;1;1;0;0
34753;12;1;1;0;1;0;0;0;0;1;1;0.2425130158662796;15;4.507568359375;19.47119140625;4.507568359375;-0.036376953125;0;0.096666671335697174;1;1;1;1;0;0;1;1;0;0;1;0;0;1;1;1;1;0;0
34763;12;1;1;0;1;0;0;0;0;1;1;0.2327473908662796;15;4.5078125;19.472900390625;4.5078125;-0.034912109375;0;0.10666666924953461;1;1;1;1;0;0;1;1;0;0;1;0;0;1;1;1;1;0;0
34773;12;1;1;0;1;0;0;0;0;1;1;0.224609375;15;4.5078125;19.47412109375;4.5078125;-0.03369140625;0;0.11333333700895309;1;1;1;1;0;0;1;1;0;0;1;0;0;1;1;1;1;0;0
34783;12;1;1;0;1;0;0;0;0;1;1;0.2132161408662796;15;4.5078125;19.475830078125;4.5078125;-0.031982421875;0.0033333334140479565;0.12333333492279053;1;1;1;1;0;0;1;1;0;0;1;0;0;1;1;1;1;0;0
34794;12;1;1;0;1;0;0;0;0;1;1;0.2034505158662796;15;4.5078125;19.477294921875;4.5078125;-0.030517578125;0.0033333334140479565;0.13000001013278961;1;1;1;1;0;0;1;1;0;0;1;0;0;1;1;1;1;0;0
34803;12;1;1;0;1;0;0;0;0;1;1;0.1920572966337204;15;4.508056640625;19.479248046875;4.508056640625;-0.02880859375;0.010000000707805157;0.14000001549720764;1;1;1;1;0;0;1;1;0;0;1;0;0;1;1;1;1;0;0
34813;12;1;1;0;1;0;0;0;0;1;1;0.1839192658662796;15;4.50830078125;19.480712890625;4.50830078125;-0.027587890625;0.010000000707805157;0.14666667580604553;1;1;1;1;0;0;1;1;0;0;1;0;0;1;1;1;1;0;0
34823;12;1;1;0;1;0;0;0;0;1;1;0.1692708283662796;15;4.508544921875;19.483154296875;4.508544921875;-0.025390625;0.013333333656191826;0.15666668117046356;1;1;1;1;0;0;1;1;0;0;1;0;0;1;1;1;1;0;0
34833;12;1;1;0;1;0;0;0;0;1;1;0.1595052033662796;15;4.508544921875;19.484619140625;4.508544921875;-0.02392578125;0.013333333656191826;0.16000001132488251;1;1;1;1;0;0;1;1;0;0;1;0;0;1;1;1;1;0;0
34843;12;1;1;0;1;0;0;0;0;1;1;0.146484375;15;4.509033203125;19.487060546875;4.509033203125;-0.02197265625;0.020000001415610313;0.17000000178813934;1;1;1;1;0;0;1;1;0;0;1;0;0;1;1;1;1;0;0
34854;12;1;1;0;1;0;0;0;0;1;1;0.1350911408662796;15;4.509033203125;19.48876953125;4.509033203125;-0.020263671875;0.020000001415610313;0.17333334684371948;1;1;1;1;0;0;1;1;0;0;1;0;0;1;1;1;1;0;0
34863;12;1;1;0;1;0;0;0;0;1;1;0.1204427108168602;15;4.509521484375;19.491455078125;4.509521484375;-0.01806640625;0.023333333432674408;0.18333333730697632;1;1;1;1;0;0;1;1;0;0;1;0;0;1;1;1;1;0;0
34873;12;1;1;0;1;0;0;0;0;1;1;0.1090494766831398;15;4.509765625;19.493408203125;4.509765625;-0.016357421875;0.026666667312383652;0.18666666746139526;1;1;1;1;0;0;1;1;0;0;1;0;0;1;1;1;1;0;0
34883;12;1;1;0;1;0;0;0;0;1;1;0.0944010391831398;15;4.51025390625;19.49609375;4.51025390625;-0.01416015625;0.030000001192092896;0.19333334267139435;1;1;1;1;0;0;1;1;0;0;1;0;0;1;1;1;1;0;0
34893;12;1;1;0;1;0;0;0;0;1;1;0.0846354141831398;15;4.5107421875;19.498046875;4.5107421875;-0.0126953125;0.033333335071802139;0.19666667282581329;1;1;1;1;0;0;1;1;0;0;1;0;0;1;1;1;1;0;0
34903;12;1;1;0;1;0;0;0;0;1;1;0.068359375;15;4.51123046875;19.5009765625;4.51123046875;-0.01025390625;0.040000002831220627;0.20333333313465118;1;1;1;1;0;0;1;1;0;0;1;0;0;1;1;1;1;0;0
34913;12;1;1;0;1;0;0;0;0;1;1;0.05859375;15;4.51171875;19.5029296875;4.51171875;-0.0087890625;0.043333336710929871;0.20666667819023132;1;1;1;1;0;0;1;1;0;0;1;0;0;1;1;1;1;0;0
34924;12;1;1;0;1;0;0;0;0;1;1;0.0455729179084301;15;4.5126953125;19.505859375;4.5126953125;-0.0068359375;0.05000000074505806;0.21000000834465027;1;1;1;1;0;0;1;1;0;0;1;0;0;1;1;1;1;0;0
34933;12;1;1;0;1;0;0;0;0;1;1;0.0358072929084301;15;4.51318359375;19.5078125;4.51318359375;-0.00537109375;0.05000000074505806;0.21333333849906921;1;1;1;1;0;0;1;1;0;0;1;0;0;1;1;1;1;0;0
34943;12;1;1;0;1;0;0;0;0;1;1;0.02115885354578495;15;4.51416015625;19.510986328125;4.51416015625;-0.003173828125;0.060000002384185791;0.21666666865348816;1;1;1;1;0;0;1;1;0;0;1;0;0;1;1;1;1;0;0
34954;12;1;1;0;1;0;0;0;0;1;1;0.011393229477107525;15;4.5146484375;19.512939453125;4.5146484375;-0.001708984375;0.063333332538604736;0.21666666865348816;1;1;1;1;0;0;1;1;0;0;1;0;0;1;1;1;1;0;0
34963;12;1;1;0;1;0;0;0;0;1;1;-0.0016276041278615594;15;4.515869140625;19.51611328125;4.51611328125;0.000244140625;0.070000007748603821;0.2199999988079071;1;1;1;1;0;0;1;1;0;0;1;0;0;1;1;1;1;0;0
34973;12;1;1;0;1;0;0;0;0;1;1;-0.009765625;15;4.5166015625;19.51806640625;4.51806640625;0.00146484375;0.076666668057441711;0.22333334386348724;1;1;1;1;0;0;1;1;0;0;1;0;0;1;1;1;1;0;0
34983;12;1;1;0;1;0;0;0;0;1;1;-0.02278645895421505;15;4.517822265625;19.521240234375;4.521240234375;0.00341796875;0.0833333358168602;0.22666667401790619;1;1;1;1;0;0;1;1;0;0;1;0;0;1;1;1;1;0;0
34993;12;1;1;0;1;0;0;0;0;1;1;-0.03092447854578495;15;4.518798828125;19.5234375;4.5234375;0.004638671875;0.090000003576278687;0.22666667401790619;1;1;1;1;0;0;1;1;0;0;1;0;0;1;1;1;1;0;0
35003;12;1;1;0;1;0;0;0;0;1;1;-0.0423177070915699;15;4.520263671875;19.526611328125;4.526611328125;0.00634765625;0.096666671335697174;0.22666667401790619;1;1;1;1;0;0;1;1;0;0;1;0;0;1;1;1;1;0;0
35013;12;1;1;0;1;0;0;0;0;1;1;-0.048828125;15;4.521484375;19.52880859375;4.52880859375;0.00732421875;0.10333333909511566;0.23000000417232513;1;1;1;1;0;0;1;1;0;0;1;0;0;1;1;1;1;0;0
35024;12;1;1;0;1;0;0;0;0;1;1;-0.05859375;15;4.523193359375;19.531982421875;4.531982421875;0.0087890625;0.11333333700895309;0.23000000417232513;1;1;1;1;0;0;1;1;0;0;1;0;0;1;1;1;1;0;0
35033;12;1;1;0;1;0;0;0;0;1;1;-0.0651041641831398;15;4.524169921875;19.533935546875;4.533935546875;0.009765625;0.11666666716337204;0.23000000417232513;1;1;1;1;0;0;1;1;0;0;1;0;0;1;1;1;1;0;0
35043;12;1;1;0;1;0;0;0;0;1;1;-0.0732421875;15;4.526123046875;19.537109375;4.537109375;0.010986328125;0.12666666507720947;0.22666667401790619;1;1;1;1;0;0;1;1;0;0;1;0;0;1;1;1;1;0;0
35055;12;1;1;0;1;0;0;0;0;1;1;-0.078125;15;4.527587890625;19.539306640625;4.539306640625;0.01171875;0.13333334028720856;0.22666667401790619;1;1;1;1;0;0;1;1;0;0;1;0;0;1;1;1;1;0;0
35063;12;1;1;0;1;0;0;0;0;1;1;-0.0846354141831398;15;4.52978515625;19.54248046875;4.54248046875;0.0126953125;0.14333334565162659;0.22666667401790619;1;1;1;1;0;0;1;1;0;0;1;0;0;1;1;1;1;0;0
35073;12;1;1;0;1;0;0;0;0;1;1;-0.087890625;15;4.53125;19.54443359375;4.54443359375;0.01318359375;0.15000000596046448;0.22666667401790619;1;1;1;1;0;0;1;1;0;0;1;0;0;1;1;1;1;0;0
35083;12;1;1;0;1;0;0;0;0;1;1;-0.0927734375;15;4.53369140625;19.547607421875;4.547607421875;0.013916015625;0.16000001132488251;0.22666667401790619;1;1;1;1;0;0;1;1;0;0;1;0;0;1;1;1;1;0;0
35093;12;1;1;0;1;0;0;0;0;1;1;-0.0944010391831398;15;4.535400390625;19.549560546875;4.549560546875;0.01416015625;0.1666666716337204;0.22666667401790619;1;1;1;1;0;0;1;1;0;0;1;0;0;1;1;1;1;0;0
35103;12;1;1;0;1;0;0;0;0;1;1;-0.0992838516831398;15;4.537841796875;19.552734375;4.552734375;0.014892578125;0.17666667699813843;0.22333334386348724;1;1;1;1;0;0;1;1;0;0;1;0;0;1;1;1;1;0;0
35113;12;1;1;0;1;0;0;0;0;1;1;-0.0992838516831398;15;4.539794921875;19.5546875;4.5546875;0.014892578125;0.18333333730697632;0.22333334386348724;1;1;1;1;0;0;1;1;0;0;1;0;0;1;1;1;1;0;0
35123;12;1;1;0;1;0;0;0;0;1;1;-0.1025390625;15;4.54248046875;19.557861328125;4.557861328125;0.015380859375;0.19333334267139435;0.2199999988079071;1;1;1;1;0;0;1;1;0;0;1;0;0;1;1;1;1;0;0
35134;12;1;1;0;1;0;0;0;0;1;1;-0.1025390625;15;4.54443359375;19.559814453125;4.559814453125;0.015380859375;0.20000000298023224;0.2199999988079071;1;1;1;1;0;0;1;1;0;0;1;0;0;1;1;1;1;0;0
35145;12;1;1;0;1;0;0;0;0;1;1;-0.1009114608168602;15;4.547607421875;19.562744140625;4.562744140625;0.01513671875;0.21000000834465027;0.2199999988079071;1;1;1;1;0;0;1;1;0;0;1;0;0;1;1;1;1;0;0
35155;12;1;1;0;1;0;0;0;0;1;1;-0.0992838516831398;15;4.5498046875;19.564697265625;4.564697265625;0.014892578125;0.21666666865348816;0.21666666865348816;1;1;1;1;0;0;1;1;0;0;1;0;0;1;1;1;1;0;0
35163;12;1;1;0;1;0;0;0;0;1;1;-0.0992838516831398;15;4.552978515625;19.56787109375;4.56787109375;0.014892578125;0.23000000417232513;0.21666666865348816;1;1;1;1;0;0;1;1;0;0;1;0;0;1;1;1;1;0;0
35173;12;1;1;0;1;0;0;0;0;1;1;-0.0960286483168602;15;4.555419921875;19.56982421875;4.56982421875;0.014404296875;0.23333333432674408;0.21666666865348816;1;1;1;1;0;0;1;1;0;0;1;0;0;1;1;1;1;0;0
35183;12;1;1;0;1;0;0;0;0;1;1;-0.0927734375;15;4.558837890625;19.57275390625;4.57275390625;0.013916015625;0.24333333969116211;0.21666666865348816;1;1;1;1;0;0;1;1;0;0;1;0;0;1;1;1;1;0;0
35193;12;1;1;0;1;0;0;0;0;1;1;-0.0895182266831398;15;4.561279296875;19.57470703125;4.57470703125;0.013427734375;0.25;0.21666666865348816;1;1;1;1;0;0;1;1;0;0;1;0;0;1;1;1;1;0;0
35203;12;1;1;0;1;0;0;0;0;1;1;-0.0846354141831398;15;4.56494140625;19.57763671875;4.57763671875;0.0126953125;0.26000002026557922;0.21666666865348816;1;1;1;1;0;0;1;1;0;0;1;0;0;1;1;1;1;0;0
35213;12;1;1;0;1;0;0;0;0;1;1;-0.0797526016831398;15;4.567626953125;19.57958984375;4.57958984375;0.011962890625;0.26666668057441711;0.21666666865348816;1;1;1;1;0;0;1;1;0;0;1;0;0;1;1;1;1;0;0
35223;12;1;1;0;1;0;0;0;0;1;1;-0.0732421875;15;4.571533203125;19.58251953125;4.58251953125;0.010986328125;0.273333340883255;0.21333333849906921;1;1;1;1;0;0;1;1;0;0;1;0;0;1;1;1;1;0;0
35233;12;1;1;0;1;0;0;0;0;1;1;-0.068359375;15;4.57421875;19.58447265625;4.58447265625;0.01025390625;0.28000003099441528;0.21333333849906921;1;1;1;1;0;0;1;1;0;0;1;0;0;1;1;1;1;0;0
35243;12;1;1;0;1;0;0;0;0;1;1;-0.0618489570915699;15;4.578369140625;19.587646484375;4.587646484375;0.00927734375;0.28999999165534973;0.21333333849906921;1;1;1;1;0;0;1;1;0;0;1;0;0;1;1;1;1;0;0
35254;12;1;1;0;1;0;0;0;0;1;1;-0.0569661445915699;15;4.5810546875;19.589599609375;4.589599609375;0.008544921875;0.29333335161209106;0.21333333849906921;1;1;1;1;0;0;1;1;0;0;1;0;0;1;1;1;1;0;0
35263;12;1;1;0;1;0;0;0;0;1;1;-0.048828125;15;4.585205078125;19.592529296875;4.592529296875;0.00732421875;0.30000001192092896;0.21666666865348816;2;2;1;1;0;0;1;1;0;0;1;0;0;1;1;1;1;0;0
35273;12;1;1;0;2;0;0;0;0;1;1;-0.0423177070915699;15;4.588134765625;19.594482421875;4.594482421875;0.00634765625;0.3033333420753479;0.21666666865348816;2;2;1;1;0;0;1;1;0;0;1;0;0;1;1;1;1;0;0
35283;12;1;1;0;2;0;0;0;0;1;1;-0.0341796875;15;4.592529296875;19.59765625;4.59765625;0.005126953125;0.31000000238418579;0.21666666865348816;2;2;1;1;0;0;1;1;0;0;1;0;0;1;1;1;1;0;0
35293;12;1;1;0;2;0;0;0;0;1;1;-0.02766927145421505;15;4.595458984375;19.599609375;4.599609375;0.004150390625;0.31333336234092712;0.2199999988079071;2;2;1;1;0;0;1;1;0;0;1;0;0;1;1;1;1;0;0
35303;12;1;1;0;2;0;0;0;0;1;1;-0.01790364645421505;15;4.60009765625;19.602783203125;4.602783203125;0.002685546875;0.320000022649765;0.2199999988079071;2;2;1;1;0;0;1;1;0;0;1;0;0;1;1;1;1;0;0
35313;12;1;1;0;2;0;0;0;0;1;1;-0.011393229477107525;15;4.60302734375;19.604736328125;4.604736328125;0.001708984375;0.32333332300186157;0.22333334386348724;2;2;1;1;0;0;1;1;0;0;1;0;0;1;1;1;1;0;0
35323;12;1;1;0;2;0;0;0;0;1;1;-0.0016276041278615594;15;4.607666015625;19.60791015625;4.60791015625;0.000244140625;0.33000001311302185;0.22666667401790619;2;2;1;1;0;0;1;1;0;0;1;0;0;1;1;1;1;0;0
35333;12;1;1;0;2;0;0;0;0;1;1;0.0048828125;15;4.61083984375;19.610107421875;4.61083984375;-0.000732421875;0.33000001311302185;0.22666667401790619;2;2;1;1;0;0;1;1;0;0;1;0;0;1;1;1;1;0;0
35343;12;1;1;0;2;0;0;0;0;1;1;0.0146484375;15;4.615478515625;19.61328125;4.615478515625;-0.002197265625;0.33666667342185974;0.23000000417232513;2;2;1;1;0;0;1;1;0;0;1;0;0;1;1;1;1;0;0
35355;12;1;1;0;2;0;0;0;0;1;1;0.02115885354578495;15;4.61865234375;19.615478515625;4.61865234375;-0.003173828125;0.33666667342185974;0.23000000417232513;2;2;1;1;0;0;1;1;0;0;1;0;0;1;1;1;1;0;0
35364;12;1;1;0;2;0;0;0;0;1;1;0.03092447854578495;15;4.623291015625;19.61865234375;4.623291015625;-0.004638671875;0.34333333373069763;0.23666666448116302;2;2;1;1;0;0;1;1;0;0;1;0;0;1;1;1;1;0;0
35373;12;1;1;0;2;0;0;0;0;1;1;0.0358072929084301;15;4.62646484375;19.62109375;4.62646484375;-0.00537109375;0.34333333373069763;0.23666666448116302;2;2;1;1;0;0;1;1;0;0;1;0;0;1;1;1;1;0;0
35384;12;1;1;0;2;0;0;0;0;1;1;0.0455729179084301;15;4.63134765625;19.62451171875;4.63134765625;-0.0068359375;0.34666669368743896;0.24333333969116211;2;2;1;1;0;0;1;1;0;0;1;0;0;1;1;1;1;0;0
35393;12;1;1;0;2;0;0;0;0;1;1;0.0520833320915699;15;4.634521484375;19.626708984375;4.634521484375;-0.0078125;0.34666669368743896;0.24666666984558105;2;2;1;1;0;0;1;1;0;0;1;0;0;1;1;1;1;0;0
35403;12;1;1;0;2;0;0;0;0;1;1;0.0602213554084301;15;4.639404296875;19.63037109375;4.639404296875;-0.009033203125;0.34999999403953552;0.25;2;2;1;1;0;0;1;1;0;0;1;0;0;1;1;1;1;0;0
35413;12;1;1;0;2;0;0;0;0;1;1;0.0667317733168602;15;4.642578125;19.632568359375;4.642578125;-0.010009765625;0.34999999403953552;0.25333333015441895;2;2;1;1;0;0;1;1;0;0;1;0;0;1;1;1;1;0;0
35423;12;1;1;0;2;0;0;0;0;1;1;0.0732421875;15;4.6474609375;19.636474609375;4.6474609375;-0.010986328125;0.35333335399627686;0.26000002026557922;2;2;1;1;0;0;1;1;0;0;1;0;0;1;1;1;1;0;0
35433;12;1;1;0;2;0;0;0;0;1;1;0.0797526016831398;15;4.65087890625;19.638916015625;4.65087890625;-0.011962890625;0.35333335399627686;0.26333335041999817;2;2;1;1;0;0;1;1;0;0;1;0;0;1;1;1;1;0;0
35443;12;1;1;0;2;0;0;0;0;1;1;0.087890625;15;4.65576171875;19.642578125;4.65576171875;-0.01318359375;0.35666665434837341;0.26666668057441711;2;2;1;1;0;0;1;1;0;0;1;0;0;1;1;1;1;0;0
35455;12;1;1;0;2;0;0;0;0;1;1;0.0911458358168602;15;4.658935546875;19.645263671875;4.658935546875;-0.013671875;0.35666665434837341;0.273333340883255;2;2;1;1;0;0;1;1;0;0;1;0;0;1;1;1;1;0;0
35463;12;1;1;0;2;0;0;0;0;1;1;0.0992838516831398;15;4.6640625;19.649169921875;4.6640625;-0.014892578125;0.35666665434837341;0.28000003099441528;2;2;1;1;0;0;1;1;0;0;1;0;0;1;1;1;1;0;0
35474;12;1;1;0;2;0;0;0;0;1;1;0.1025390625;15;4.667236328125;19.65185546875;4.667236328125;-0.015380859375;0.35666665434837341;0.28333333134651184;2;2;1;1;0;0;1;1;0;0;1;0;0;1;1;1;1;0;0
35483;12;1;1;0;2;0;0;0;0;1;1;0.107421875;15;4.672119140625;19.656005859375;4.672119140625;-0.01611328125;0.36000001430511475;0.28999999165534973;2;2;1;1;0;0;1;1;0;0;1;0;0;1;1;1;1;0;0
35493;12;1;1;0;2;0;0;0;0;1;1;0.1123046875;15;4.675537109375;19.65869140625;4.675537109375;-0.016845703125;0.36000001430511475;0.29333335161209106;2;2;1;1;0;0;1;1;0;0;1;0;0;1;1;1;1;0;0
35503;12;1;1;0;2;0;0;0;0;1;1;0.1171875;15;4.680419921875;19.662841796875;4.680419921875;-0.017578125;0.36000001430511475;0.30000001192092896;2;2;1;1;0;0;1;1;0;0;1;0;0;1;1;1;1;0;0
35513;12;1;1;0;2;0;0;0;0;1;1;0.1204427108168602;15;4.683837890625;19.665771484375;4.683837890625;-0.01806640625;0.36000001430511475;0.3033333420753479;2;2;1;1;0;0;1;1;0;0;1;0;0;1;1;1;1;0;0
35523;12;1;1;0;2;0;0;0;0;1;1;0.1236979141831398;15;4.688720703125;19.670166015625;4.688720703125;-0.0185546875;0.36000001430511475;0.31333336234092712;2;2;1;1;0;0;1;1;0;0;1;0;0;1;1;1;1;0;0
35534;12;1;1;0;2;0;0;0;0;1;1;0.1253255158662796;15;4.692138671875;19.67333984375;4.692138671875;-0.018798828125;0.36000001430511475;0.31666666269302368;2;2;1;1;0;0;1;1;0;0;1;0;0;1;1;1;1;0;0
35543;12;1;1;0;2;0;0;0;0;1;1;0.1285807341337204;15;4.697021484375;19.677734375;4.697021484375;-0.019287109375;0.36000001430511475;0.320000022649765;2;2;1;1;0;0;1;1;0;0;1;0;0;1;1;1;1;0;0
35555;12;1;1;0;2;0;0;0;0;1;1;0.1285807341337204;15;4.7001953125;19.680908203125;4.7001953125;-0.019287109375;0.36000001430511475;0.32666668295860291;2;2;1;1;0;0;1;1;0;0;1;0;0;1;1;1;1;0;0
35563;12;1;1;0;2;0;0;0;0;1;1;0.1318359375;15;4.705322265625;19.685546875;4.705322265625;-0.019775390625;0.36000001430511475;0.3333333432674408;2;2;1;1;0;0;1;1;0;0;1;0;0;1;1;1;1;0;0
35574;12;1;1;0;2;0;0;0;0;1;1;0.1318359375;15;4.70849609375;19.688720703125;4.70849609375;-0.019775390625;0.36000001430511475;0.34000000357627869;2;2;1;1;0;0;1;1;0;0;1;0;0;1;1;1;1;0;0
35585;12;1;1;0;2;0;0;0;0;1;1;0.1318359375;15;4.71337890625;19.693603515625;4.71337890625;-0.019775390625;0.36000001430511475;0.34666669368743896;2;2;1;1;0;0;1;1;0;0;1;0;0;1;1;1;1;0;0
35593;12;1;1;0;2;0;0;0;0;1;1;0.1302083283662796;15;4.716552734375;19.697021484375;4.716552734375;-0.01953125;0.35666665434837341;0.34999999403953552;2;2;1;1;0;0;1;1;0;0;1;0;0;1;1;1;1;0;0
35603;12;1;1;0;2;0;0;0;0;1;1;0.1318359375;15;4.7216796875;19.701904296875;4.7216796875;-0.019775390625;0.35666665434837341;0.35666665434837341;2;2;1;1;0;0;1;1;0;0;1;0;0;1;1;1;1;0;0
35613;12;1;1;0;2;0;0;0;0;1;1;0.1302083283662796;15;4.724853515625;19.705322265625;4.724853515625;-0.01953125;0.35666665434837341;0.36000001430511475;2;2;1;1;0;0;1;1;0;0;1;0;0;1;1;1;1;0;0
35623;12;1;1;0;2;0;0;0;0;1;1;0.1285807341337204;15;4.729736328125;19.71044921875;4.729736328125;-0.019287109375;0.35666665434837341;0.36666667461395264;2;2;1;1;0;0;1;1;0;0;1;0;0;1;1;1;1;0;0
35633;12;1;1;0;2;0;0;0;0;1;1;0.126953125;15;4.733154296875;19.714111328125;4.733154296875;-0.01904296875;0.35666665434837341;0.37000000476837158;2;2;1;1;0;0;1;1;0;0;1;0;0;1;1;1;1;0;0
35643;12;1;1;0;2;0;0;0;0;1;1;0.1253255158662796;15;4.738037109375;19.71923828125;4.738037109375;-0.018798828125;0.35666665434837341;0.37666666507720947;2;2;1;1;0;0;1;1;0;0;1;0;0;1;1;1;1;0;0
35655;12;1;1;0;2;0;0;0;0;1;1;0.1220703125;15;4.7412109375;19.722900390625;4.7412109375;-0.018310546875;0.35666665434837341;0.38000002503395081;2;2;1;1;0;0;1;1;0;0;1;0;0;1;1;1;1;0;0
35663;12;1;1;0;2;0;0;0;0;1;1;0.1188151016831398;15;4.74609375;19.728271484375;4.74609375;-0.017822265625;0.35666665434837341;0.3866666853427887;2;2;1;1;0;0;1;1;0;0;1;0;0;1;1;1;1;0;0
35673;12;1;1;0;2;0;0;0;0;1;1;0.1171875;15;4.74951171875;19.73193359375;4.74951171875;-0.017578125;0.35666665434837341;0.39333334565162659;2;2;1;1;0;0;1;1;0;0;1;0;0;1;1;1;1;0;0
35683;12;1;1;0;2;0;0;0;0;1;1;0.1123046875;15;4.75439453125;19.737548828125;4.75439453125;-0.016845703125;0.35666665434837341;0.39666667580604553;2;2;1;1;0;0;1;1;0;0;1;0;0;1;1;1;1;0;0
35694;12;1;1;0;2;0;0;0;0;1;1;0.1090494766831398;15;4.757568359375;19.7412109375;4.757568359375;-0.016357421875;0.35666665434837341;0.40000000596046448;2;2;1;1;0;0;1;1;0;0;1;0;0;1;1;1;1;0;0
35703;12;1;1;0;2;0;0;0;0;1;1;0.1057942733168602;15;4.7626953125;19.746826171875;4.7626953125;-0.015869140625;0.36000001430511475;0.40333333611488342;2;2;1;1;0;0;1;1;0;0;1;0;0;1;1;1;1;0;0
35714;12;1;1;0;2;0;0;0;0;1;1;0.1009114608168602;15;4.765869140625;19.750732421875;4.765869140625;-0.01513671875;0.36000001430511475;0.40999999642372131;2;2;1;1;0;0;1;1;0;0;1;0;0;1;1;1;1;0;0
35723;12;1;1;0;2;0;0;0;0;1;1;0.0960286483168602;15;4.77099609375;19.756591796875;4.77099609375;-0.014404296875;0.36000001430511475;0.41333335638046265;2;2;1;1;0;0;1;1;0;0;1;0;0;1;1;1;1;0;0
35733;12;1;1;0;2;0;0;0;0;1;1;0.0927734375;15;4.7744140625;19.760498046875;4.7744140625;-0.013916015625;0.36666667461395264;0.42000001668930054;2;2;1;1;0;0;1;1;0;0;1;0;0;1;1;1;1;0;0
35743;12;1;1;0;2;0;0;0;0;1;1;0.087890625;15;4.77978515625;19.7666015625;4.77978515625;-0.01318359375;0.37333333492279053;0.43000000715255737;2;2;1;1;0;0;1;1;0;0;1;0;0;1;1;1;1;0;0
35755;12;1;1;0;2;0;0;0;0;1;1;0.0830078125;15;4.783203125;19.770751953125;4.783203125;-0.012451171875;0.38000002503395081;0.43666666746139526;2;2;1;1;0;0;1;1;0;0;1;0;0;1;1;1;1;0;0
35763;12;1;1;0;2;0;0;0;0;1;1;0.078125;15;4.788818359375;19.777099609375;4.788818359375;-0.01171875;0.38999998569488525;0.44999998807907104;2;2;1;1;0;0;1;1;0;0;1;0;0;1;1;1;1;0;0
35773;12;1;1;0;2;0;0;0;0;1;1;0.0732421875;15;4.79248046875;19.781494140625;4.79248046875;-0.010986328125;0.39666667580604553;0.45333334803581238;2;2;1;1;0;0;1;1;0;0;1;0;0;1;1;1;1;0;0
35783;12;1;1;0;2;0;0;0;0;1;1;0.068359375;15;4.79833984375;19.7880859375;4.79833984375;-0.01025390625;0.40666666626930237;0.46666666865348816;2;2;1;1;0;0;1;1;0;0;1;0;0;1;1;1;1;0;0
35793;12;1;1;0;2;0;0;0;0;1;1;0.0634765625;15;4.802001953125;19.79248046875;4.802001953125;-0.009521484375;0.40999999642372131;0.47333332896232605;2;2;1;1;0;0;1;1;0;0;1;0;0;1;1;1;1;0;0
35803;12;1;1;0;2;0;0;0;0;1;1;0.05859375;15;4.80810546875;19.79931640625;4.80810546875;-0.0087890625;0.42000001668930054;0.48333331942558289;2;2;1;1;0;0;1;1;0;0;1;0;0;1;1;1;1;0;0
35814;12;1;1;0;2;0;0;0;0;1;1;0.0537109375;15;4.81201171875;19.803955078125;4.81201171875;-0.008056640625;0.42666667699813843;0.48999997973442078;2;2;1;1;0;0;1;1;0;0;1;0;0;1;1;1;1;0;0
35823;12;1;1;0;2;0;0;0;0;1;1;0.048828125;15;4.818359375;19.81103515625;4.818359375;-0.00732421875;0.43666666746139526;0.5;2;2;1;1;0;0;1;1;0;0;1;0;0;1;1;1;1;0;0
35833;12;1;1;0;2;0;0;0;0;1;1;0.0455729179084301;15;4.822509765625;19.815673828125;4.822509765625;-0.0068359375;0.44333332777023315;0.503333330154419;2;2;1;1;0;0;1;1;0;0;1;0;0;1;1;1;1;0;0
35843;12;1;1;0;2;0;0;0;0;1;1;0.0390625;15;4.828857421875;19.822998046875;4.828857421875;-0.005859375;0.45333334803581238;0.51666665077209473;2;2;1;1;0;0;1;1;0;0;1;0;0;1;1;1;1;0;0
35854;12;1;1;0;2;0;0;0;0;1;1;0.0341796875;15;4.8330078125;19.827880859375;4.8330078125;-0.005126953125;0.46000000834465027;0.52333331108093262;2;2;1;1;0;0;1;1;0;0;1;0;0;1;1;1;1;0;0
35863;12;1;1;0;2;0;0;0;0;1;1;0.03092447854578495;15;4.83984375;19.835205078125;4.83984375;-0.004638671875;0.4699999988079071;0.53000003099441528;2;2;1;1;0;0;1;1;0;0;1;0;0;1;1;1;1;0;0
35874;12;1;1;0;2;0;0;0;0;1;1;0.02604166604578495;15;4.84423828125;19.84033203125;4.84423828125;-0.00390625;0.476666659116745;0.53333336114883423;2;2;1;1;0;0;1;1;0;0;1;0;0;1;1;1;1;0;0
35885;12;1;1;0;2;0;0;0;0;1;1;0.02115885354578495;15;4.85107421875;19.847900390625;4.85107421875;-0.003173828125;0.48666667938232422;0.54000002145767212;2;2;1;1;0;0;1;1;0;0;1;0;0;1;1;1;1;0;0
35893;12;1;1;0;2;0;0;0;0;1;1;0.01790364645421505;15;4.855712890625;19.85302734375;4.855712890625;-0.002685546875;0.49333333969116211;0.54666668176651;2;2;1;1;0;0;1;1;0;0;1;0;0;1;1;1;1;0;0
35903;12;1;1;0;2;0;0;0;0;1;1;0.0146484375;15;4.86279296875;19.860595703125;4.86279296875;-0.002197265625;0.503333330154419;0.5533333420753479;2;2;1;1;0;0;1;1;0;0;1;0;0;1;1;1;1;0;0
35915;12;1;1;0;2;0;0;0;0;1;1;0.011393229477107525;15;4.86767578125;19.865966796875;4.86767578125;-0.001708984375;0.50999999046325684;0.55666667222976685;2;2;1;1;0;0;1;1;0;0;1;0;0;1;1;1;1;0;0
35923;12;1;1;0;2;0;0;0;0;1;1;0.0081380205228924751;15;4.875;19.873779296875;4.875;-0.001220703125;0.52000004053115845;0.56333333253860474;2;2;1;1;0;0;1;1;0;0;1;0;0;1;1;1;1;0;0
35933;12;1;1;0;2;0;0;0;0;1;1;0.0048828125;15;4.8798828125;19.879150390625;4.8798828125;-0.000732421875;0.52666670083999634;0.56999999284744263;2;2;1;1;0;0;1;1;0;0;1;0;0;1;1;1;1;0;0
35943;12;1;1;0;2;0;0;0;0;1;1;0.0016276041278615594;15;4.887451171875;19.88720703125;4.887451171875;-0.000244140625;0.53666669130325317;0.57666671276092529;2;2;1;1;0;0;1;1;0;0;1;0;0;1;1;1;1;0;0
35953;12;1;1;0;2;0;0;0;0;1;1;0;15;4.892578125;19.892578125;4.892578125;0;0.54333335161209106;0.57999998331069946;2;2;1;1;0;0;1;1;0;0;1;0;0;1;1;1;1;0;0
35963;12;1;1;0;2;0;0;0;0;1;1;-0.0016276041278615594;15;4.900390625;19.900634765625;4.900634765625;0.000244140625;0.55666667222976685;0.58666670322418213;2;2;1;1;0;0;1;1;0;0;1;0;0;1;1;1;1;0;0
35973;12;1;1;0;2;0;0;0;0;1;1;-0.0016276041278615594;15;4.90576171875;19.906005859375;4.906005859375;0.000244140625;0.56333333253860474;0.59000003337860107;2;2;1;1;0;0;1;1;0;0;1;0;0;1;1;1;1;0;0
35984;12;1;1;0;2;0;0;0;0;1;1;-0.0048828125;15;4.91357421875;19.914306640625;4.914306640625;0.000732421875;0.57333338260650635;0.59333336353302;3;3;1;1;0;0;1;1;0;0;1;0;0;1;1;1;1;0;0
35993;12;1;1;0;3;0;0;0;0;1;1;-0.0048828125;15;4.919189453125;19.919921875;4.919921875;0.000732421875;0.57999998331069946;0.59666663408279419;3;3;1;1;0;0;1;1;0;0;1;0;0;1;1;1;1;0;0
36003;12;1;1;0;3;0;0;0;0;1;1;-0.0065104165114462376;15;4.927490234375;19.928466796875;4.928466796875;0.0009765625;0.59000003337860107;0.6066666841506958;3;3;1;1;0;0;1;1;0;0;1;0;0;1;1;1;1;0;0
36014;12;1;1;0;3;0;0;0;0;1;1;-0.0065104165114462376;15;4.93310546875;19.93408203125;4.93408203125;0.0009765625;0.59666663408279419;0.61000001430511475;3;3;1;1;0;0;1;1;0;0;1;0;0;1;1;1;1;0;0
36023;12;1;1;0;3;0;0;0;0;1;1;-0.0048828125;15;4.941650390625;19.9423828125;4.9423828125;0.000732421875;0.6066666841506958;0.61000001430511475;3;3;1;1;0;0;1;1;0;0;1;0;0;1;1;1;1;0;0
36033;12;1;1;0;3;0;0;0;0;1;1;-0.0065104165114462376;15;4.947265625;19.9482421875;4.9482421875;0.0009765625;0.61333334445953369;0.61333334445953369;3;3;1;1;0;0;1;1;0;0;1;0;0;1;1;1;1;0;0
36043;12;1;1;0;3;0;0;0;0;1;1;-0.0048828125;15;4.9560546875;19.956787109375;4.956787109375;0.000732421875;0.62333333492279053;0.62000000476837158;3;3;1;1;0;0;1;1;0;0;1;0;0;1;1;1;1;0;0
36053;12;1;1;0;3;0;0;0;0;1;1;-0.0048828125;15;4.9619140625;19.962646484375;4.962646484375;0.000732421875;0.62666672468185425;0.62333333492279053;3;3;1;1;0;0;1;1;0;0;1;0;0;1;1;1;1;0;0
36063;12;1;1;0;3;0;0;0;0;1;1;-0.0032552082557231188;15;4.970703125;19.97119140625;4.97119140625;0.00048828125;0.64000004529953;0.62999999523162842;3;3;1;1;0;0;1;1;0;0;1;0;0;1;1;1;1;0;0
36073;12;1;1;0;3;0;0;0;0;1;1;-0.0032552082557231188;15;4.976806640625;19.977294921875;4.977294921875;0.00048828125;0.643333375453949;0.63333332538604736;3;3;1;1;0;0;1;1;0;0;1;0;0;1;1;1;1;0;0
36084;12;1;1;0;3;0;0;0;0;1;1;-0.0016276041278615594;15;4.98583984375;19.986083984375;4.986083984375;0.000244140625;0.65333336591720581;0.63666665554046631;3;3;1;1;0;0;1;1;0;0;1;0;0;1;1;1;1;0;0
36093;12;1;1;0;3;0;0;0;0;1;1;0;15;4.991943359375;19.991943359375;4.991943359375;0;0.65666669607162476;0.64000004529953;3;3;1;1;0;0;1;1;0;0;1;0;0;1;1;1;1;0;0
36103;12;1;1;0;3;0;0;0;0;1;1;0.0016276041278615594;15;5.001220703125;20.0009765625;5.001220703125;-0.000244140625;0.66666668653488159;0.643333375453949;3;3;1;1;0;0;1;1;0;0;1;0;0;1;1;1;1;0;0
36116;12;1;1;0;3;0;0;0;0;1;1;0.0048828125;15;5.007568359375;20.0068359375;5.007568359375;-0.000732421875;0.67000001668930054;0.64666664600372314;3;3;1;1;0;0;1;1;0;0;1;0;0;1;1;1;1;0;0
36123;12;1;1;0;3;0;0;0;0;1;1;0.0081380205228924751;15;5.01708984375;20.015869140625;5.01708984375;-0.001220703125;0.68000000715255737;0.65333336591720581;3;3;1;1;0;0;1;1;0;0;1;0;0;1;1;1;1;0;0
36133;12;1;1;0;3;0;0;0;0;1;1;0.009765625;15;5.0234375;20.02197265625;5.0234375;-0.00146484375;0.68000000715255737;0.65666669607162476;3;3;1;1;0;0;1;1;0;0;1;0;0;1;1;1;1;0;0
36143;12;1;1;0;3;0;0;0;0;1;1;0.011393229477107525;15;5.032958984375;20.03125;5.032958984375;-0.001708984375;0.68999999761581421;0.6600000262260437;3;3;1;1;0;0;1;1;0;0;1;0;0;1;1;1;1;0;0
36154;12;1;1;0;3;0;0;0;0;1;1;0.0146484375;15;5.03955078125;20.037353515625;5.03955078125;-0.002197265625;0.6966666579246521;0.66333329677581787;3;3;1;1;0;0;1;1;0;0;1;0;0;1;1;1;1;0;0
36163;12;1;1;0;3;0;0;0;0;1;1;0.01790364645421505;15;5.04931640625;20.046630859375;5.04931640625;-0.002685546875;0.70333331823349;0.67000001668930054;3;3;1;1;0;0;1;1;0;0;1;0;0;1;1;1;1;0;0
36173;12;1;1;0;3;0;0;0;0;1;1;0.01953125;15;5.0556640625;20.052734375;5.0556640625;-0.0029296875;0.70666670799255371;0.67333334684371948;3;3;1;1;0;0;1;1;0;0;1;0;0;1;1;1;1;0;0
36183;12;1;1;0;3;0;0;0;0;1;1;0.02278645895421505;15;5.065673828125;20.062255859375;5.065673828125;-0.00341796875;0.71333330869674683;0.68000000715255737;3;3;1;1;0;0;1;1;0;0;1;0;0;1;1;1;1;0;0
36193;12;1;1;0;3;0;0;0;0;1;1;0.02604166604578495;15;5.072509765625;20.068603515625;5.072509765625;-0.00390625;0.72000002861022949;0.68000000715255737;3;3;1;1;0;0;1;1;0;0;1;0;0;1;1;1;1;0;0
36203;12;1;1;0;3;0;0;0;0;1;1;0.029296875;15;5.08251953125;20.078125;5.08251953125;-0.00439453125;0.72333335876464844;0.68666666746139526;3;3;1;1;0;0;1;1;0;0;1;0;0;1;1;1;1;0;0
36214;12;1;1;0;3;0;0;0;0;1;1;0.029296875;15;5.089111328125;20.084716796875;5.089111328125;-0.00439453125;0.72999995946884155;0.69333338737487793;3;3;1;1;0;0;1;1;0;0;1;0;0;1;1;1;1;0;0
36223;12;1;1;0;3;0;0;0;0;1;1;0.0341796875;15;5.099365234375;20.09423828125;5.099365234375;-0.005126953125;0.73666667938232422;0.6966666579246521;3;3;1;1;0;0;1;1;0;0;1;0;0;1;1;1;1;0;0
36233;12;1;1;0;3;0;0;0;0;1;1;0.0358072929084301;15;5.106201171875;20.100830078125;5.106201171875;-0.00537109375;0.73666667938232422;0.699999988079071;3;3;1;1;0;0;1;1;0;0;1;0;0;1;1;1;1;0;0
36243;12;1;1;0;3;0;0;0;0;1;1;0.0390625;15;5.116455078125;20.110595703125;5.116455078125;-0.005859375;0.74333339929580688;0.70666670799255371;3;3;1;1;0;0;1;1;0;0;1;0;0;1;1;1;1;0;0
36255;12;1;1;0;3;0;0;0;0;1;1;0.0423177070915699;15;5.12353515625;20.1171875;5.12353515625;-0.00634765625;0.746666669845581;0.71000003814697266;3;3;1;1;0;0;1;1;0;0;1;0;0;1;1;1;1;0;0
36263;12;1;1;0;3;0;0;0;0;1;1;0.0455729179084301;15;5.1337890625;20.126953125;5.1337890625;-0.0068359375;0.753333330154419;0.71333330869674683;3;3;1;1;0;0;1;1;0;0;1;0;0;1;1;1;1;0;0
36274;12;1;1;0;3;0;0;0;0;1;1;0.0472005195915699;15;5.140869140625;20.1337890625;5.140869140625;-0.007080078125;0.753333330154419;0.72000002861022949;3;3;1;1;0;0;1;1;0;0;1;0;0;1;1;1;1;0;0
36283;12;1;1;0;3;0;0;0;0;1;1;0.0504557304084301;15;5.1513671875;20.143798828125;5.1513671875;-0.007568359375;0.76000005006790161;0.72333335876464844;3;3;1;1;0;0;1;1;0;0;1;0;0;1;1;1;1;0;0
36293;12;1;1;0;3;0;0;0;0;1;1;0.0520833320915699;15;5.158447265625;20.150634765625;5.158447265625;-0.0078125;0.76000005006790161;0.72666668891906738;3;3;1;1;0;0;1;1;0;0;1;0;0;1;1;1;1;0;0
36303;12;1;1;0;3;0;0;0;0;1;1;0.0537109375;15;5.1689453125;20.160888671875;5.1689453125;-0.008056640625;0.76666665077209473;0.73666667938232422;3;3;1;1;0;0;1;1;0;0;1;0;0;1;1;1;1;0;0
36313;12;1;1;0;3;0;0;0;0;1;1;0.0553385429084301;15;5.176025390625;20.167724609375;5.176025390625;-0.00830078125;0.76666665077209473;0.74000000953674316;3;3;1;1;0;0;1;1;0;0;1;0;0;1;1;1;1;0;0
36323;12;1;1;0;3;0;0;0;0;1;1;0.05859375;15;5.186767578125;20.177978515625;5.186767578125;-0.0087890625;0.77333337068557739;0.74333339929580688;3;3;1;1;0;0;1;1;0;0;1;0;0;1;1;1;1;0;0
36333;12;1;1;0;3;0;0;0;0;1;1;0.05859375;15;5.19384765625;20.18505859375;5.19384765625;-0.0087890625;0.77333337068557739;0.75;3;3;1;1;0;0;1;1;0;0;1;0;0;1;1;1;1;0;0
36344;12;1;1;0;3;0;0;0;0;1;1;0.0618489570915699;15;5.20458984375;20.1953125;5.20458984375;-0.00927734375;0.77666670083999634;0.753333330154419;3;3;1;1;0;0;1;1;0;0;1;0;0;1;1;1;1;0;0
36353;12;1;1;0;3;0;0;0;0;1;1;0.0618489570915699;15;5.211669921875;20.202392578125;5.211669921875;-0.00927734375;0.77999997138977051;0.75666671991348267;3;3;1;1;0;0;1;1;0;0;1;0;0;1;1;1;1;0;0
36363;12;1;1;0;3;0;0;0;0;1;1;0.0634765625;15;5.22265625;20.213134765625;5.22265625;-0.009521484375;0.78333336114883423;0.76333332061767578;3;3;1;1;0;0;1;1;0;0;1;0;0;1;1;1;1;0;0
36373;12;1;1;0;3;0;0;0;0;1;1;0.0634765625;15;5.229736328125;20.22021484375;5.229736328125;-0.009521484375;0.78333336114883423;0.76666665077209473;3;3;1;1;0;0;1;1;0;0;1;0;0;1;1;1;1;0;0
36383;12;1;1;0;3;0;0;0;0;1;1;0.0667317733168602;15;5.24072265625;20.230712890625;5.24072265625;-0.010009765625;0.78666669130325317;0.77333337068557739;3;3;1;1;0;0;1;1;0;0;1;0;0;1;1;1;1;0;0
36394;12;1;1;0;3;0;0;0;0;1;1;0.0667317733168602;15;5.248046875;20.238037109375;5.248046875;-0.010009765625;0.79000002145767212;0.77999997138977051;3;3;1;1;0;0;1;1;0;0;1;0;0;1;1;1;1;0;0
36403;12;1;1;0;3;0;0;0;0;1;1;0.0667317733168602;15;5.2587890625;20.248779296875;5.2587890625;-0.010009765625;0.79333335161209106;0.77999997138977051;3;3;1;1;0;0;1;1;0;0;1;0;0;1;1;1;1;0;0
36413;12;1;1;0;3;0;0;0;0;1;1;0.0667317733168602;15;5.26611328125;20.256103515625;5.26611328125;-0.010009765625;0.79333335161209106;0.78666669130325317;3;3;1;1;0;0;1;1;0;0;1;0;0;1;1;1;1;0;0
36423;12;1;1;0;3;0;0;0;0;1;1;0.068359375;15;5.27734375;20.26708984375;5.27734375;-0.01025390625;0.79666668176651;0.79333335161209106;3;3;1;1;0;0;1;1;0;0;1;0;0;1;1;1;1;0;0
36433;12;1;1;0;3;0;0;0;0;1;1;0.068359375;15;5.28466796875;20.2744140625;5.28466796875;-0.01025390625;0.800000011920929;0.79333335161209106;3;3;1;1;0;0;1;1;0;0;1;0;0;1;1;1;1;0;0
36443;12;1;1;0;3;0;0;0;0;1;1;0.0667317733168602;15;5.295654296875;20.28564453125;5.295654296875;-0.010009765625;0.8033333420753479;0.8033333420753479;3;3;1;1;0;0;1;1;0;0;1;0;0;1;1;1;1;0;0
36453;12;1;1;0;3;0;0;0;0;1;1;0.0667317733168602;15;5.30322265625;20.293212890625;5.30322265625;-0.010009765625;0.81000006198883057;0.81000006198883057;3;3;1;1;0;0;1;1;0;0;1;0;0;1;1;1;1;0;0
36463;12;1;1;0;3;0;0;0;0;1;1;0.0651041641831398;15;5.314453125;20.3046875;5.314453125;-0.009765625;0.81666666269302368;0.81666666269302368;3;3;1;1;0;0;1;1;0;0;1;0;0;1;1;1;1;0;0
36473;12;1;1;0;3;0;0;0;0;1;1;0.0667317733168602;15;5.322265625;20.312255859375;5.322265625;-0.010009765625;0.82333338260650635;0.82999998331069946;3;3;1;1;0;0;1;1;0;0;1;0;0;1;1;1;1;0;0
36483;12;1;1;0;3;0;0;0;0;1;1;0.0651041641831398;15;5.333740234375;20.323974609375;5.333740234375;-0.009765625;0.82999998331069946;0.84000003337860107;3;3;1;1;0;0;1;1;0;0;1;0;0;1;1;1;1;0;0
36494;12;1;1;0;3;0;0;0;0;1;1;0.0634765625;15;5.341552734375;20.33203125;5.341552734375;-0.009521484375;0.84000003337860107;0.84333336353302;3;3;1;1;0;0;1;1;0;0;1;0;0;1;1;1;1;0;0
36503;12;1;1;0;3;0;0;0;0;1;1;0.0618489570915699;15;5.353271484375;20.343994140625;5.353271484375;-0.00927734375;0.84666663408279419;0.86000001430511475;3;3;1;1;0;0;1;1;0;0;1;0;0;1;1;1;1;0;0
36518;12;1;1;0;3;0;0;0;0;1;1;0.0618489570915699;15;5.361328125;20.35205078125;5.361328125;-0.00927734375;0.85333335399627686;0.86666667461395264;3;3;1;1;0;0;1;1;0;0;1;0;0;1;1;1;1;0;0
36523;12;1;1;0;3;0;0;0;0;1;1;0.0602213554084301;15;5.373291015625;20.3642578125;5.373291015625;-0.009033203125;0.86333334445953369;0.87666672468185425;3;3;1;1;0;0;1;1;0;0;1;0;0;1;1;1;1;0;0
36534;12;1;1;0;3;0;0;0;0;1;1;0.05859375;15;5.38134765625;20.37255859375;5.38134765625;-0.0087890625;0.86666667461395264;0.88666665554046631;3;3;1;1;0;0;1;1;0;0;1;0;0;1;1;1;1;0;0
36543;12;1;1;0;3;0;0;0;0;1;1;0.0569661445915699;15;5.3935546875;20.385009765625;5.3935546875;-0.008544921875;0.87666672468185425;0.893333375453949;3;3;1;1;0;0;1;1;0;0;1;0;0;1;1;1;1;0;0
36553;12;1;1;0;3;0;0;0;0;1;1;0.0553385429084301;15;5.401611328125;20.393310546875;5.401611328125;-0.00830078125;0.87999999523162842;0.90333336591720581;3;3;1;1;0;0;1;1;0;0;1;0;0;1;1;1;1;0;0
36569;12;1;1;0;3;0;0;0;0;1;1;0.0537109375;15;5.4140625;20.406005859375;5.4140625;-0.008056640625;0.89000004529953;0.9100000262260437;3;3;1;1;0;0;1;1;0;0;1;0;0;1;1;1;1;0;0
36573;12;1;1;0;3;0;0;0;0;1;1;0.0520833320915699;15;5.42236328125;20.41455078125;5.42236328125;-0.0078125;0.89666664600372314;0.91666668653488159;3;3;1;1;0;0;1;1;0;0;1;0;0;1;1;1;1;0;0
36583;12;1;1;0;3;0;0;0;0;1;1;0.048828125;15;5.434814453125;20.427490234375;5.434814453125;-0.00732421875;0.90333336591720581;0.92666667699813843;3;3;1;1;0;0;1;1;0;0;1;0;0;1;1;1;1;0;0
36593;12;1;1;0;3;0;0;0;0;1;1;0.0472005195915699;15;5.443359375;20.436279296875;5.443359375;-0.007080078125;0.90666669607162476;0.93333333730697632;3;3;1;1;0;0;1;1;0;0;1;0;0;1;1;1;1;0;0
36603;12;1;1;0;3;0;0;0;0;1;1;0.0455729179084301;15;5.4560546875;20.44921875;5.4560546875;-0.0068359375;0.91666668653488159;0.93999999761581421;3;3;1;1;0;0;1;1;0;0;1;0;0;1;1;1;1;0;0
36615;12;1;1;0;3;0;0;0;0;1;1;0.0439453125;15;5.464599609375;20.4580078125;5.464599609375;-0.006591796875;0.92000001668930054;0.94333338737487793;3;3;1;1;0;0;1;1;0;0;1;0;0;1;1;1;1;0;0
36624;12;1;1;0;3;0;0;0;0;1;1;0.0423177070915699;15;5.4775390625;20.47119140625;5.4775390625;-0.00634765625;0.93000000715255737;0.95666670799255371;3;3;1;1;0;0;1;1;0;0;1;0;0;1;1;1;1;0;0
36634;12;1;1;0;3;0;0;0;0;1;1;0.0390625;15;5.486083984375;20.480224609375;5.486083984375;-0.005859375;0.93333333730697632;0.96000003814697266;3;3;1;1;0;0;1;1;0;0;1;0;0;1;1;1;1;0;0
36643;12;1;1;0;3;0;0;0;0;1;1;0.0374348945915699;15;5.499267578125;20.49365234375;5.499267578125;-0.005615234375;0.94333338737487793;0.96666663885116577;3;3;1;1;0;0;1;1;0;0;1;0;0;1;1;1;1;0;0
36653;12;1;1;0;3;0;0;0;0;1;1;0.0358072929084301;15;5.5078125;20.50244140625;5.5078125;-0.00537109375;0.9466666579246521;0.97333335876464844;3;3;1;1;0;0;1;1;0;0;1;0;0;1;1;1;1;0;0
36663;12;1;1;0;3;0;0;0;0;1;1;0.0341796875;15;5.521240234375;20.51611328125;5.521240234375;-0.005126953125;0.95333331823349;0.97999995946884155;3;3;1;1;0;0;1;1;0;0;1;0;0;1;1;1;1;0;0
36674;12;1;1;0;3;0;0;0;0;1;1;0.0325520820915699;15;5.530029296875;20.525146484375;5.530029296875;-0.0048828125;0.96000003814697266;0.98333334922790527;3;3;1;1;0;0;1;1;0;0;1;0;0;1;1;1;1;0;0
36683;12;1;1;0;3;0;0;0;0;1;1;0.03092447854578495;15;5.54345703125;20.538818359375;5.54345703125;-0.004638671875;0.96666663885116577;0.99000000953674316;3;3;1;1;0;0;1;1;0;0;1;0;0;1;1;1;1;0;0
36693;12;1;1;0;3;0;0;0;0;1;1;0.029296875;15;5.552490234375;20.548095703125;5.552490234375;-0.00439453125;0.97333335876464844;0.996666669845581;3;3;1;1;0;0;1;1;0;0;1;0;0;1;1;1;1;0;0
36703;12;1;1;0;3;0;0;0;0;1;1;0.02766927145421505;15;5.566162109375;20.56201171875;5.566162109375;-0.004150390625;0.97999995946884155;1;4;4;1;1;0;0;1;1;0;0;1;0;0;1;1;1;1;0;0
36714;12;1;1;0;4;0;0;0;0;1;1;0.02604166604578495;15;5.5751953125;20.5712890625;5.5751953125;-0.00390625;0.98666667938232422;1.0033333301544189;4;4;1;1;0;0;1;1;0;0;1;0;0;1;1;1;1;0;0
36723;12;1;1;0;4;0;0;0;0;1;1;0.0244140625;15;5.5888671875;20.585205078125;5.5888671875;-0.003662109375;0.99000000953674316;1.0066666603088379;4;4;1;1;0;0;1;1;0;0;1;0;0;1;1;1;1;0;0
36733;12;1;1;0;4;0;0;0;0;1;1;0.0244140625;15;5.59814453125;20.594482421875;5.59814453125;-0.003662109375;0.996666669845581;1.0133333206176758;4;4;1;1;0;0;1;1;0;0;1;0;0;1;1;1;1;0;0
36743;12;1;1;0;4;0;0;0;0;1;1;0.02278645895421505;15;5.612060546875;20.608642578125;5.612060546875;-0.00341796875;1.0033333301544189;1.0166666507720947;4;4;1;1;0;0;1;1;0;0;1;0;0;1;1;1;1;0;0
36753;12;1;1;0;4;0;0;0;0;1;1;0.02278645895421505;15;5.621337890625;20.617919921875;5.621337890625;-0.00341796875;1.0066666603088379;1.0199999809265137;4;4;1;1;0;0;1;1;0;0;1;0;0;1;1;1;1;0;0
36763;12;1;1;0;4;0;0;0;0;1;1;0.01953125;15;5.63525390625;20.63232421875;5.63525390625;-0.0029296875;1.0133333206176758;1.0266667604446411;4;4;1;1;0;0;1;1;0;0;1;0;0;1;1;1;1;0;0
36774;12;1;1;0;4;0;0;0;0;1;1;0.02115885354578495;15;5.644775390625;20.6416015625;5.644775390625;-0.003173828125;1.0166666507720947;1.0266667604446411;4;4;1;1;0;0;1;1;0;0;1;0;0;1;1;1;1;0;0
36783;12;1;1;0;4;0;0;0;0;1;1;0.01953125;15;5.658935546875;20.656005859375;5.658935546875;-0.0029296875;1.0233333110809326;1.0333333015441895;4;4;1;1;0;0;1;1;0;0;1;0;0;1;1;1;1;0;0
36794;12;1;1;0;4;0;0;0;0;1;1;0.01790364645421505;15;5.668212890625;20.66552734375;5.668212890625;-0.002685546875;1.0266667604446411;1.0333333015441895;4;4;1;1;0;0;1;1;0;0;1;0;0;1;1;1;1;0;0
36803;12;1;1;0;4;0;0;0;0;1;1;0.01790364645421505;15;5.6826171875;20.679931640625;5.6826171875;-0.002685546875;1.0333333015441895;1.0433334112167358;4;4;1;1;0;0;1;1;0;0;1;0;0;1;1;1;1;0;0
36813;12;1;1;0;4;0;0;0;0;1;1;0.01790364645421505;15;5.692138671875;20.689453125;5.692138671875;-0.002685546875;1.0333333015441895;1.0400000810623169;4;4;1;1;0;0;1;1;0;0;1;0;0;1;1;1;1;0;0
36823;12;1;1;0;4;0;0;0;0;1;1;0.01790364645421505;15;5.70654296875;20.703857421875;5.70654296875;-0.002685546875;1.0400000810623169;1.0466666221618652;4;4;1;1;0;0;1;1;0;0;1;0;0;1;1;1;1;0;0
36834;12;1;1;0;4;0;0;0;0;1;1;0.01627604104578495;15;5.716064453125;20.713623046875;5.716064453125;-0.00244140625;1.0433334112167358;1.0466666221618652;4;4;1;1;0;0;1;1;0;0;1;0;0;1;1;1;1;0;0
36843;12;1;1;0;4;0;0;0;0;1;1;0.01627604104578495;15;5.730712890625;20.728271484375;5.730712890625;-0.00244140625;1.0499999523162842;1.0533334016799927;4;4;1;1;0;0;1;1;0;0;1;0;0;1;1;1;1;0;0
36853;12;1;1;0;4;0;0;0;0;1;1;0.01790364645421505;15;5.740478515625;20.73779296875;5.740478515625;-0.002685546875;1.0533334016799927;1.0533334016799927;4;4;1;1;0;0;1;1;0;0;1;0;0;1;1;1;1;0;0
36863;12;1;1;0;4;0;0;0;0;1;1;0.01627604104578495;15;5.7548828125;20.75244140625;5.7548828125;-0.00244140625;1.0566667318344116;1.0600000619888306;4;4;1;1;0;0;1;1;0;0;1;0;0;1;1;1;1;0;0
36873;12;1;1;0;4;0;0;0;0;1;1;0.01627604104578495;15;5.7646484375;20.76220703125;5.7646484375;-0.00244140625;1.0600000619888306;1.0600000619888306;4;4;1;1;0;0;1;1;0;0;1;0;0;1;1;1;1;0;0
36883;12;1;1;0;4;0;0;0;0;1;1;0.01790364645421505;15;5.779541015625;20.77685546875;5.779541015625;-0.002685546875;1.0666667222976685;1.06333327293396;4;4;1;1;0;0;1;1;0;0;1;0;0;1;1;1;1;0;0
36893;12;1;1;0;4;0;0;0;0;1;1;0.01790364645421505;15;5.789306640625;20.78662109375;5.789306640625;-0.002685546875;1.0666667222976685;1.0666667222976685;4;4;1;1;0;0;1;1;0;0;1;0;0;1;1;1;1;0;0
36903;12;1;1;0;4;0;0;0;0;1;1;0.01627604104578495;15;5.803955078125;20.801513671875;5.803955078125;-0.00244140625;1.0733333826065063;1.0733333826065063;4;4;1;1;0;0;1;1;0;0;1;0;0;1;1;1;1;0;0
36914;12;1;1;0;4;0;0;0;0;1;1;0.01790364645421505;15;5.81396484375;20.811279296875;5.81396484375;-0.002685546875;1.0733333826065063;1.0733333826065063;4;4;1;1;0;0;1;1;0;0;1;0;0;1;1;1;1;0;0
36923;12;1;1;0;4;0;0;0;0;1;1;0.01790364645421505;15;5.828857421875;20.826171875;5.828857421875;-0.002685546875;1.0766665935516357;1.0733333826065063;4;4;1;1;0;0;1;1;0;0;1;0;0;1;1;1;1;0;0
36933;12;1;1;0;4;0;0;0;0;1;1;0.01953125;15;5.8388671875;20.8359375;5.8388671875;-0.0029296875;1.0800000429153442;1.0733333826065063;4;4;1;1;0;0;1;1;0;0;1;0;0;1;1;1;1;0;0
36944;12;1;1;0;4;0;0;0;0;1;1;0.01790364645421505;15;5.853759765625;20.85107421875;5.853759765625;-0.002685546875;1.0866667032241821;1.0800000429153442;4;4;1;1;0;0;1;1;0;0;1;0;0;1;1;1;1;0;0
36953;12;1;1;0;4;0;0;0;0;1;1;0.01790364645421505;15;5.86376953125;20.861083984375;5.86376953125;-0.002685546875;1.0866667032241821;1.0833333730697632;4;4;1;1;0;0;1;1;0;0;1;0;0;1;1;1;1;0;0
36968;12;1;1;0;4;0;0;0;0;1;1;0.01953125;15;5.87890625;20.8759765625;5.87890625;-0.0029296875;1.0900000333786011;1.0866667032241821;4;4;1;1;0;0;1;1;0;0;1;0;0;1;1;1;1;0;0
36973;12;1;1;0;4;0;0;0;0;1;1;0.01953125;15;5.888916015625;20.885986328125;5.888916015625;-0.0029296875;1.09333336353302;1.0866667032241821;4;4;1;1;0;0;1;1;0;0;1;0;0;1;1;1;1;0;0
36983;12;1;1;0;4;0;0;0;0;1;1;0.02115885354578495;15;5.904052734375;20.90087890625;5.904052734375;-0.003173828125;1.096666693687439;1.0900000333786011;4;4;1;1;0;0;1;1;0;0;1;0;0;1;1;1;1;0;0
36993;12;1;1;0;4;0;0;0;0;1;1;0.02115885354578495;15;5.9140625;20.910888671875;5.9140625;-0.003173828125;1.1000000238418579;1.09333336353302;4;4;1;1;0;0;1;1;0;0;1;0;0;1;1;1;1;0;0
37003;12;1;1;0;4;0;0;0;0;1;1;0.02278645895421505;15;5.929443359375;20.926025390625;5.929443359375;-0.00341796875;1.1033333539962769;1.09333336353302;4;4;1;1;0;0;1;1;0;0;1;0;0;1;1;1;1;0;0
37013;12;1;1;0;4;0;0;0;0;1;1;0.02278645895421505;15;5.939453125;20.93603515625;5.939453125;-0.00341796875;1.1033333539962769;1.09333336353302;4;4;1;1;0;0;1;1;0;0;1;0;0;1;1;1;1;0;0
37023;12;1;1;0;4;0;0;0;0;1;1;0.02278645895421505;15;5.95458984375;20.951171875;5.95458984375;-0.00341796875;1.1066666841506958;1.096666693687439;4;4;1;1;0;0;1;1;0;0;1;0;0;1;1;1;1;0;0
37033;12;1;1;0;4;0;0;0;0;1;1;0.02278645895421505;15;5.96484375;20.96142578125;5.96484375;-0.00341796875;1.1066666841506958;1.1033333539962769;4;4;1;1;0;0;1;1;0;0;1;0;0;1;1;1;1;0;0
37044;12;1;1;0;4;0;0;0;0;1;1;0.0244140625;15;5.980224609375;20.9765625;5.980224609375;-0.003662109375;1.1100000143051147;1.1000000238418579;4;4;1;1;0;0;1;1;0;0;1;0;0;1;1;1;1;0;0
37054;12;1;1;0;4;0;0;0;0;1;1;0.0244140625;15;5.990478515625;20.98681640625;5.990478515625;-0.003662109375;1.1100000143051147;1.1033333539962769;4;4;1;1;0;0;1;1;0;0;1;0;0;1;1;1;1;0;0
37063;12;1;1;0;4;0;0;0;0;1;1;0.0244140625;15;6.005615234375;21.001953125;6.005615234375;-0.003662109375;1.1133333444595337;1.1066666841506958;4;4;1;1;0;0;1;1;0;0;1;0;0;1;1;1;1;0;0
37073;12;1;1;0;4;0;0;0;0;1;1;0.0244140625;15;6.015869140625;21.01220703125;6.015869140625;-0.003662109375;1.1133333444595337;1.1133333444595337;4;4;1;1;0;0;1;1;0;0;1;0;0;1;1;1;1;0;0
37083;12;1;1;0;4;0;0;0;0;1;1;0.02604166604578495;15;6.03125;21.02734375;6.03125;-0.00390625;1.1166666746139526;1.1066666841506958;4;4;1;1;0;0;1;1;0;0;1;0;0;1;1;1;1;0;0
37093;12;1;1;0;4;0;0;0;0;1;1;0.02604166604578495;15;6.04150390625;21.03759765625;6.04150390625;-0.00390625;1.1166666746139526;1.1100000143051147;4;4;1;1;0;0;1;1;0;0;1;0;0;1;1;1;1;0;0
37104;12;1;1;0;4;0;0;0;0;1;1;0.02604166604578495;15;6.05712890625;21.05322265625;6.05712890625;-0.00390625;1.1200001239776611;1.1166666746139526;4;4;1;1;0;0;1;1;0;0;1;0;0;1;1;1;1;0;0
37113;12;1;1;0;4;0;0;0;0;1;1;0.02604166604578495;15;6.0673828125;21.0634765625;6.0673828125;-0.00390625;1.1200001239776611;1.1166666746139526;4;4;1;1;0;0;1;1;0;0;1;0;0;1;1;1;1;0;0
37123;12;1;1;0;4;0;0;0;0;1;1;0.02604166604578495;15;6.082763671875;21.078857421875;6.082763671875;-0.00390625;1.1233333349227905;1.1166666746139526;4;4;1;1;0;0;1;1;0;0;1;0;0;1;1;1;1;0;0
37133;12;1;1;0;4;0;0;0;0;1;1;0.02604166604578495;15;6.093017578125;21.089111328125;6.093017578125;-0.00390625;1.1233333349227905;1.1233333349227905;4;4;1;1;0;0;1;1;0;0;1;0;0;1;1;1;1;0;0
37143;12;1;1;0;4;0;0;0;0;1;1;0.02766927145421505;15;6.108642578125;21.1044921875;6.108642578125;-0.004150390625;1.1266666650772095;1.1233333349227905;4;4;1;1;0;0;1;1;0;0;1;0;0;1;1;1;1;0;0
37153;12;1;1;0;4;0;0;0;0;1;1;0.02604166604578495;15;6.118896484375;21.114990234375;6.118896484375;-0.00390625;1.1266666650772095;1.1266666650772095;4;4;1;1;0;0;1;1;0;0;1;0;0;1;1;1;1;0;0
37164;12;1;1;0;4;0;0;0;0;1;1;0.02604166604578495;15;6.134521484375;21.130615234375;6.134521484375;-0.00390625;1.1299999952316284;1.1299999952316284;4;4;1;1;0;0;1;1;0;0;1;0;0;1;1;1;1;0;0
37175;12;1;1;0;4;0;0;0;0;1;1;0.02766927145421505;15;6.14501953125;21.140869140625;6.14501953125;-0.004150390625;1.1333333253860474;1.1299999952316284;4;4;1;1;0;0;1;1;0;0;1;0;0;1;1;1;1;0;0
37183;12;1;1;0;4;0;0;0;0;1;1;0.02604166604578495;15;6.16064453125;21.15673828125;6.16064453125;-0.00390625;1.1399999856948853;1.1366667747497559;4;4;1;1;0;0;1;1;0;0;1;0;0;1;1;1;1;0;0
37193;12;1;1;0;4;0;0;0;0;1;1;0.02604166604578495;15;6.171142578125;21.167236328125;6.171142578125;-0.00390625;1.1433333158493042;1.1433333158493042;4;4;1;1;0;0;1;1;0;0;1;0;0;1;1;1;1;0;0
37203;12;1;1;0;4;0;0;0;0;1;1;0.0244140625;15;6.18701171875;21.183349609375;6.18701171875;-0.003662109375;1.1499999761581421;1.1533334255218506;4;4;1;1;0;0;1;1;0;0;1;0;0;1;1;1;1;0;0
37213;12;1;1;0;4;0;0;0;0;1;1;0.02604166604578495;15;6.19775390625;21.19384765625;6.19775390625;-0.00390625;1.1533334255218506;1.1499999761581421;4;4;1;1;0;0;1;1;0;0;1;0;0;1;1;1;1;0;0
37223;12;1;1;0;4;0;0;0;0;1;1;0.02604166604578495;15;6.213623046875;21.209716796875;6.213623046875;-0.00390625;1.1599999666213989;1.1599999666213989;4;4;1;1;0;0;1;1;0;0;1;0;0;1;1;1;1;0;0
37233;12;1;1;0;4;0;0;0;0;1;1;0.02604166604578495;15;6.224365234375;21.220458984375;6.224365234375;-0.00390625;1.1599999666213989;1.1633334159851074;4;4;1;1;0;0;1;1;0;0;1;0;0;1;1;1;1;0;0
37243;12;1;1;0;4;0;0;0;0;1;1;0.0244140625;15;6.240478515625;21.23681640625;6.240478515625;-0.003662109375;1.1666666269302368;1.1733334064483643;4;4;1;1;0;0;1;1;0;0;1;0;0;1;1;1;1;0;0
37253;12;1;1;0;4;0;0;0;0;1;1;0.0244140625;15;6.25146484375;21.247802734375;6.25146484375;-0.003662109375;1.1733334064483643;1.1800000667572021;4;4;1;1;0;0;1;1;0;0;1;0;0;1;1;1;1;0;0
37263;12;1;1;0;4;0;0;0;0;1;1;0.02278645895421505;15;6.267578125;21.26416015625;6.267578125;-0.00341796875;1.1766666173934937;1.1833332777023315;4;4;1;1;0;0;1;1;0;0;1;0;0;1;1;1;1;0;0
37276;12;1;1;0;4;0;0;0;0;1;1;0.02278645895421505;15;6.2783203125;21.27490234375;6.2783203125;-0.00341796875;1.1800000667572021;1.1833332777023315;4;4;1;1;0;0;1;1;0;0;1;0;0;1;1;1;1;0;0
37283;12;1;1;0;4;0;0;0;0;1;1;0.02115885354578495;15;6.294677734375;21.29150390625;6.294677734375;-0.003173828125;1.1800000667572021;1.1933332681655884;4;4;1;1;0;0;1;1;0;0;1;0;0;1;1;1;1;0;0
37295;12;1;1;0;4;0;0;0;0;1;1;0.02115885354578495;15;6.3056640625;21.302490234375;6.3056640625;-0.003173828125;1.1833332777023315;1.1933332681655884;4;4;1;1;0;0;1;1;0;0;1;0;0;1;1;1;1;0;0
37304;12;1;1;0;4;0;0;0;0;1;1;0.02115885354578495;15;6.322021484375;21.31884765625;6.322021484375;-0.003173828125;1.190000057220459;1.1966667175292969;4;4;1;1;0;0;1;1;0;0;1;0;0;1;1;1;1;0;0
37315;12;1;1;0;4;0;0;0;0;1;1;0.02115885354578495;15;6.3330078125;21.329833984375;6.3330078125;-0.003173828125;1.190000057220459;1.2000000476837158;4;4;1;1;0;0;1;1;0;0;1;0;0;1;1;1;1;0;0
37323;12;1;1;0;4;0;0;0;0;1;1;0.01790364645421505;15;6.349365234375;21.3466796875;6.349365234375;-0.002685546875;1.1966667175292969;1.2033333778381348;4;4;1;1;0;0;1;1;0;0;1;0;0;1;1;1;1;0;0
37333;12;1;1;0;4;0;0;0;0;1;1;0.01953125;15;6.360595703125;21.357666015625;6.360595703125;-0.0029296875;1.2000000476837158;1.2033333778381348;4;4;1;1;0;0;1;1;0;0;1;0;0;1;1;1;1;0;0
37343;12;1;1;0;4;0;0;0;0;1;1;0.01953125;15;6.377197265625;21.374267578125;6.377197265625;-0.0029296875;1.2033333778381348;1.2066667079925537;4;4;1;1;0;0;1;1;0;0;1;0;0;1;1;1;1;0;0
37353;12;1;1;0;4;0;0;0;0;1;1;0.01790364645421505;15;6.38818359375;21.385498046875;6.38818359375;-0.002685546875;1.2033333778381348;1.2133333683013916;4;4;1;1;0;0;1;1;0;0;1;0;0;1;1;1;1;0;0
37363;12;1;1;0;4;0;0;0;0;1;1;0.01627604104578495;15;6.40478515625;21.40234375;6.40478515625;-0.00244140625;1.2066667079925537;1.2166666984558105;4;4;1;1;0;0;1;1;0;0;1;0;0;1;1;1;1;0;0
37374;12;1;1;0;4;0;0;0;0;1;1;0.01627604104578495;15;6.416015625;21.41357421875;6.416015625;-0.00244140625;1.2099999189376831;1.2166666984558105;4;4;1;1;0;0;1;1;0;0;1;0;0;1;1;1;1;0;0
37383;12;1;1;0;4;0;0;0;0;1;1;0.01627604104578495;15;6.4326171875;21.43017578125;6.4326171875;-0.00244140625;1.2133333683013916;1.2200000286102295;4;4;1;1;0;0;1;1;0;0;1;0;0;1;1;1;1;0;0
37393;12;1;1;0;4;0;0;0;0;1;1;0.0146484375;15;6.44384765625;21.441650390625;6.44384765625;-0.002197265625;1.2166666984558105;1.2266666889190674;4;4;1;1;0;0;1;1;0;0;1;0;0;1;1;1;1;0;0
37403;12;1;1;0;4;0;0;0;0;1;1;0.0146484375;15;6.460693359375;21.45849609375;6.460693359375;-0.002197265625;1.2166666984558105;1.2300000190734863;4;4;1;1;0;0;1;1;0;0;1;0;0;1;1;1;1;0;0
37413;12;1;1;0;4;0;0;0;0;1;1;0.0146484375;15;6.471923828125;21.4697265625;6.471923828125;-0.002197265625;1.2200000286102295;1.2266666889190674;4;4;1;1;0;0;1;1;0;0;1;0;0;1;1;1;1;0;0
37423;12;1;1;0;4;0;0;0;0;1;1;0.013020833022892475;15;6.48876953125;21.48681640625;6.48876953125;-0.001953125;1.2233333587646484;1.2333333492279053;5;5;1;1;0;0;1;1;0;0;1;0;0;1;1;1;1;0;0
37434;12;1;1;0;5;0;0;0;0;1;1;0.013020833022892475;15;6.5;21.498046875;6.5;-0.001953125;1.2233333587646484;1.2333333492279053;5;5;1;1;0;0;1;1;0;0;1;0;0;1;1;1;1;0;0
37443;12;1;1;0;5;0;0;0;0;1;1;0.011393229477107525;15;6.516845703125;21.51513671875;6.516845703125;-0.001708984375;1.2266666889190674;1.2333333492279053;5;5;1;1;0;0;1;1;0;0;1;0;0;1;1;1;1;0;0
37453;12;1;1;0;5;0;0;0;0;1;1;0.011393229477107525;15;6.528076171875;21.5263671875;6.528076171875;-0.001708984375;1.2266666889190674;1.2333333492279053;5;5;1;1;0;0;1;1;0;0;1;0;0;1;1;1;1;0;0
37463;12;1;1;0;5;0;0;0;0;1;1;0.011393229477107525;15;6.545166015625;21.54345703125;6.545166015625;-0.001708984375;1.2300000190734863;1.2400000095367432;5;5;1;1;0;0;1;1;0;0;1;0;0;1;1;1;1;0;0
37474;12;1;1;0;5;0;0;0;0;1;1;0.011393229477107525;15;6.556396484375;21.5546875;6.556396484375;-0.001708984375;1.2300000190734863;1.2366667985916138;5;5;1;1;0;0;1;1;0;0;1;0;0;1;1;1;1;0;0
37483;12;1;1;0;5;0;0;0;0;1;1;0.011393229477107525;15;6.573486328125;21.57177734375;6.573486328125;-0.001708984375;1.2333333492279053;1.2400000095367432;5;5;1;1;0;0;1;1;0;0;1;0;0;1;1;1;1;0;0
37493;12;1;1;0;5;0;0;0;0;1;1;0.009765625;15;6.584716796875;21.583251953125;6.584716796875;-0.00146484375;1.2333333492279053;1.2400000095367432;5;5;1;1;0;0;1;1;0;0;1;0;0;1;1;1;1;0;0
37503;12;1;1;0;5;0;0;0;0;1;1;0.009765625;15;6.601806640625;21.600341796875;6.601806640625;-0.00146484375;1.2366667985916138;1.2400000095367432;5;5;1;1;0;0;1;1;0;0;1;0;0;1;1;1;1;0;0
37513;12;1;1;0;5;0;0;0;0;1;1;0.0081380205228924751;15;6.613037109375;21.61181640625;6.613037109375;-0.001220703125;1.2366667985916138;1.2433333396911621;5;5;1;1;0;0;1;1;0;0;1;0;0;1;1;1;1;0;0
37524;12;1;1;0;5;0;0;0;0;1;1;0.0081380205228924751;15;6.630126953125;21.62890625;6.630126953125;-0.001220703125;1.2400000095367432;1.2433333396911621;5;5;1;1;0;0;1;1;0;0;1;0;0;1;1;1;1;0;0
37534;12;1;1;0;5;0;0;0;0;1;1;0.0081380205228924751;15;6.641357421875;21.64013671875;6.641357421875;-0.001220703125;1.2400000095367432;1.2433333396911621;5;5;1;1;0;0;1;1;0;0;1;0;0;1;1;1;1;0;0
37543;12;1;1;0;5;0;0;0;0;1;1;0.0065104165114462376;15;6.658447265625;21.657470703125;6.658447265625;-0.0009765625;1.2400000095367432;1.2466666698455811;5;5;1;1;0;0;1;1;0;0;1;0;0;1;1;1;1;0;0
37553;12;1;1;0;5;0;0;0;0;1;1;0.0081380205228924751;15;6.669921875;21.668701171875;6.669921875;-0.001220703125;1.2400000095367432;1.2433333396911621;5;5;1;1;0;0;1;1;0;0;1;0;0;1;1;1;1;0;0
37563;12;1;1;0;5;0;0;0;0;1;1;0.0081380205228924751;15;6.68701171875;21.685791015625;6.68701171875;-0.001220703125;1.2433333396911621;1.2433333396911621;5;5;1;1;0;0;1;1;0;0;1;0;0;1;1;1;1;0;0
37574;12;1;1;0;5;0;0;0;0;1;1;0.0081380205228924751;15;6.698486328125;21.697265625;6.698486328125;-0.001220703125;1.2433333396911621;1.2466666698455811;5;5;1;1;0;0;1;1;0;0;1;0;0;1;1;1;1;0;0
37583;12;1;1;0;5;0;0;0;0;1;1;0.0065104165114462376;15;6.715576171875;21.714599609375;6.715576171875;-0.0009765625;1.2433333396911621;1.25;5;5;1;1;0;0;1;1;0;0;1;0;0;1;1;1;1;0;0
37593;12;1;1;0;5;0;0;0;0;1;1;0.0065104165114462376;15;6.72705078125;21.72607421875;6.72705078125;-0.0009765625;1.2433333396911621;1.2466666698455811;5;5;1;1;0;0;1;1;0;0;1;0;0;1;1;1;1;0;0
37603;12;1;1;0;5;0;0;0;0;1;1;0.0065104165114462376;15;6.744140625;21.7431640625;6.744140625;-0.0009765625;1.2466666698455811;1.25;5;5;1;1;0;0;1;1;0;0;1;0;0;1;1;1;1;0;0
37613;12;1;1;0;5;0;0;0;0;1;1;0.0065104165114462376;15;6.755615234375;21.754638671875;6.755615234375;-0.0009765625;1.2466666698455811;1.25;5;5;1;1;0;0;1;1;0;0;1;0;0;1;1;1;1;0;0
37623;12;1;1;0;5;0;0;0;0;1;1;0.0048828125;15;6.772705078125;21.77197265625;6.772705078125;-0.000732421875;1.25;1.2533334493637085;5;5;1;1;0;0;1;1;0;0;1;0;0;1;1;1;1;0;0
37634;12;1;1;0;5;0;0;0;0;1;1;0.0048828125;15;6.7841796875;21.783447265625;6.7841796875;-0.000732421875;1.2466666698455811;1.2533334493637085;5;5;1;1;0;0;1;1;0;0;1;0;0;1;1;1;1;0;0
37643;12;1;1;0;5;0;0;0;0;1;1;0.0032552082557231188;15;6.80126953125;21.80078125;6.80126953125;-0.00048828125;1.25;1.2533334493637085;5;5;1;1;0;0;1;1;0;0;1;0;0;1;1;1;1;0;0
37653;12;1;1;0;5;0;0;0;0;1;1;0.0032552082557231188;15;6.812744140625;21.812255859375;6.812744140625;-0.00048828125;1.25;1.2533334493637085;5;5;1;1;0;0;1;1;0;0;1;0;0;1;1;1;1;0;0
37663;12;1;1;0;5;0;0;0;0;1;1;0.0048828125;15;6.830078125;21.829345703125;6.830078125;-0.000732421875;1.25;1.2533334493637085;5;5;1;1;0;0;1;1;0;0;1;0;0;1;1;1;1;0;0
37674;12;1;1;0;5;0;0;0;0;1;1;0.0048828125;15;6.841552734375;21.8408203125;6.841552734375;-0.000732421875;1.25;1.2533334493637085;5;5;1;1;0;0;1;1;0;0;1;0;0;1;1;1;1;0;0
37684;12;1;1;0;5;0;0;0;0;1;1;0.0032552082557231188;15;6.858642578125;21.858154296875;6.858642578125;-0.00048828125;1.2533334493637085;1.2533334493637085;5;5;1;1;0;0;1;1;0;0;1;0;0;1;1;1;1;0;0
37693;12;1;1;0;5;0;0;0;0;1;1;0.0032552082557231188;15;6.8701171875;21.86962890625;6.8701171875;-0.00048828125;1.2533334493637085;1.2566666603088379;5;5;1;1;0;0;1;1;0;0;1;0;0;1;1;1;1;0;0
37704;12;1;1;0;5;0;0;0;0;1;1;0.0032552082557231188;15;6.887451171875;21.886962890625;6.887451171875;-0.00048828125;1.2533334493637085;1.2566666603088379;5;5;1;1;0;0;1;1;0;0;1;0;0;1;1;1;1;0;0
37714;12;1;1;0;5;0;0;0;0;1;1;0.0032552082557231188;15;6.89892578125;21.8984375;6.89892578125;-0.00048828125;1.2533334493637085;1.2566666603088379;5;5;1;1;0;0;1;1;0;0;1;0;0;1;1;1;1;0;0
37723;12;1;1;0;5;0;0;0;0;1;1;0.0032552082557231188;15;6.916259765625;21.915771484375;6.916259765625;-0.00048828125;1.2566666603088379;1.2599999904632568;5;5;1;1;0;0;1;1;0;0;1;0;0;1;1;1;1;0;0
37734;12;1;1;0;5;0;0;0;0;1;1;0.0016276041278615594;15;6.927490234375;21.92724609375;6.927490234375;-0.000244140625;1.2533334493637085;1.2566666603088379;5;5;1;1;0;0;1;1;0;0;1;0;0;1;1;1;1;0;0
37743;12;1;1;0;5;0;0;0;0;1;1;0.0016276041278615594;15;6.94482421875;21.944580078125;6.94482421875;-0.000244140625;1.2533334493637085;1.2599999904632568;5;5;1;1;0;0;1;1;0;0;1;0;0;1;1;1;1;0;0
37753;12;1;1;0;5;0;0;0;0;1;1;0.0016276041278615594;15;6.956298828125;21.9560546875;6.956298828125;-0.000244140625;1.2533334493637085;1.2566666603088379;5;5;1;1;0;0;1;1;0;0;1;0;0;1;1;1;1;0;0
37763;12;1;1;0;5;0;0;0;0;1;1;0.0016276041278615594;15;6.9736328125;21.973388671875;6.9736328125;-0.000244140625;1.2533334493637085;1.2566666603088379;5;5;1;1;0;0;1;1;0;0;1;0;0;1;1;1;1;0;0
37773;12;1;1;0;5;0;0;0;0;1;1;0;15;6.985107421875;21.985107421875;6.985107421875;0;1.2533334493637085;1.2566666603088379;5;5;1;1;0;0;1;1;0;0;1;0;0;1;1;1;1;0;0
37783;12;1;1;0;5;0;0;0;0;1;1;-0.0016276041278615594;15;7.002197265625;22.00244140625;7.00244140625;0.000244140625;1.2533334493637085;1.2599999904632568;1;1;1;1;0;0;1;1;0;0;1;0;0;1;1;1;1;0;0
37793;12;1;1;0;1;0;0;0;0;1;1;0;15;7.013916015625;22.013916015625;7.013916015625;0;1.2566666603088379;1.2566666603088379;1;1;1;1;0;0;1;1;0;0;1;0;0;1;1;1;1;0;0
37804;12;1;1;0;1;0;0;0;0;1;1;-0.0016276041278615594;15;7.031005859375;22.03125;7.03125;0.000244140625;1.2533334493637085;1.2566666603088379;1;1;1;1;0;0;1;1;0;0;1;0;0;1;1;1;1;0;0
37813;12;1;1;0;1;0;0;0;0;1;1;-0.0016276041278615594;15;7.04248046875;22.042724609375;7.042724609375;0.000244140625;1.2566666603088379;1.2599999904632568;1;1;1;1;0;0;1;1;0;0;1;0;0;1;1;1;1;0;0
37823;12;1;1;0;1;0;0;0;0;1;1;-0.0016276041278615594;15;7.059814453125;22.06005859375;7.06005859375;0.000244140625;1.2533334493637085;1.2599999904632568;1;1;1;1;0;0;1;1;0;0;1;0;0;1;1;1;1;0;0
37834;12;1;1;0;1;0;0;0;0;1;1;-0.0016276041278615594;15;7.0712890625;22.071533203125;7.071533203125;0.000244140625;1.2533334493637085;1.2566666603088379;1;1;1;1;0;0;1;1;0;0;1;0;0;1;1;1;1;0;0
37843;12;1;1;0;1;0;0;0;0;1;1;-0.0016276041278615594;15;7.08837890625;22.088623046875;7.088623046875;0.000244140625;1.2466666698455811;1.2533334493637085;1;1;1;1;0;0;1;1;0;0;1;0;0;1;1;1;1;0;0
37853;12;1;1;0;1;0;0;0;0;1;1;-0.0032552082557231188;15;7.099609375;22.10009765625;7.10009765625;0.00048828125;1.2466666698455811;1.2466666698455811;1;1;1;1;0;0;1;1;0;0;1;0;0;1;1;1;1;0;0
37863;12;1;1;0;1;0;0;0;0;1;1;-0.0032552082557231188;15;7.11669921875;22.1171875;7.1171875;0.00048828125;1.2400000095367432;1.2466666698455811;1;1;1;1;0;0;1;1;0;0;1;0;0;1;1;1;1;0;0
37873;12;1;1;0;1;0;0;0;0;1;1;-0.0048828125;15;7.127685546875;22.12841796875;7.12841796875;0.000732421875;1.2333333492279053;1.2366667985916138;1;1;1;1;0;0;1;1;0;0;1;0;0;1;1;1;1;0;0
37883;12;1;1;0;1;0;0;0;0;1;1;-0.0048828125;15;7.14453125;22.145263671875;7.145263671875;0.000732421875;1.2300000190734863;1.2333333492279053;1;1;1;1;0;0;1;1;0;0;1;0;0;1;1;1;1;0;0
37893;12;1;1;0;1;0;0;0;0;1;1;-0.0032552082557231188;15;7.15576171875;22.15625;7.15625;0.00048828125;1.2233333587646484;1.2266666889190674;1;1;1;1;0;0;1;1;0;0;1;0;0;1;1;1;1;0;0
37903;12;1;1;0;1;0;0;0;0;1;1;-0.0048828125;15;7.17236328125;22.173095703125;7.173095703125;0.000732421875;1.2166666984558105;1.2200000286102295;1;1;1;1;0;0;1;1;0;0;1;0;0;1;1;1;1;0;0
37913;12;1;1;0;1;0;0;0;0;1;1;-0.0048828125;15;7.183349609375;22.18408203125;7.18408203125;0.000732421875;1.2133333683013916;1.2166666984558105;1;1;1;1;0;0;1;1;0;0;1;0;0;1;1;1;1;0;0
37923;12;1;1;0;1;0;0;0;0;1;1;-0.0048828125;15;7.199951171875;22.20068359375;7.20068359375;0.000732421875;1.2066667079925537;1.2133333683013916;1;1;1;1;0;0;1;1;0;0;1;0;0;1;1;1;1;0;0
37935;12;1;1;0;1;0;0;0;0;1;1;-0.0048828125;15;7.2109375;22.211669921875;7.211669921875;0.000732421875;1.2033333778381348;1.2066667079925537;1;1;1;1;0;0;1;1;0;0;1;0;0;1;1;1;1;0;0
37943;12;1;1;0;1;0;0;0;0;1;1;-0.0048828125;15;7.227294921875;22.22802734375;7.22802734375;0.000732421875;1.1966667175292969;1.2000000476837158;1;1;1;1;0;0;1;1;0;0;1;0;0;1;1;1;1;0;0
37954;12;1;1;0;1;0;0;0;0;1;1;-0.0065104165114462376;15;7.238037109375;22.239013671875;7.239013671875;0.0009765625;1.1933332681655884;1.1966667175292969;1;1;1;1;0;0;1;1;0;0;1;0;0;1;1;1;1;0;0
37963;12;1;1;0;1;0;0;0;0;1;1;-0.0048828125;15;7.25439453125;22.255126953125;7.255126953125;0.000732421875;1.18666672706604;1.190000057220459;1;1;1;1;0;0;1;1;0;0;1;0;0;1;1;1;1;0;0
37973;12;1;1;0;1;0;0;0;0;1;1;-0.0065104165114462376;15;7.26513671875;22.26611328125;7.26611328125;0.0009765625;1.1833332777023315;1.18666672706604;1;1;1;1;0;0;1;1;0;0;1;0;0;1;1;1;1;0;0
37983;12;1;1;0;1;0;0;0;0;1;1;-0.0065104165114462376;15;7.28125;22.2822265625;7.2822265625;0.0009765625;1.1766666173934937;1.1800000667572021;1;1;1;1;0;0;1;1;0;0;1;0;0;1;1;1;1;0;0
37993;12;1;1;0;1;0;0;0;0;1;1;-0.0065104165114462376;15;7.2919921875;22.29296875;7.29296875;0.0009765625;1.1733334064483643;1.1766666173934937;1;1;1;1;0;0;1;1;0;0;1;0;0;1;1;1;1;0;0
38003;12;1;1;0;1;0;0;0;0;1;1;-0.0065104165114462376;15;7.307861328125;22.308837890625;7.308837890625;0.0009765625;1.1666666269302368;1.1700000762939453;1;1;1;1;0;0;1;1;0;0;1;0;0;1;1;1;1;0;0
38013;12;1;1;0;1;0;0;0;0;1;1;-0.0065104165114462376;15;7.318603515625;22.319580078125;7.319580078125;0.0009765625;1.1633334159851074;1.1666666269302368;1;1;1;1;0;0;1;1;0;0;1;0;0;1;1;1;1;0;0
38023;12;1;1;0;1;0;0;0;0;1;1;-0.0081380205228924751;15;7.334228515625;22.33544921875;7.33544921875;0.001220703125;1.15666663646698;1.1599999666213989;1;1;1;1;0;0;1;1;0;0;1;0;0;1;1;1;1;0;0
38034;12;1;1;0;1;0;0;0;0;1;1;-0.0081380205228924751;15;7.3447265625;22.345947265625;7.345947265625;0.001220703125;1.1533334255218506;1.1599999666213989;1;1;1;1;0;0;1;1;0;0;1;0;0;1;1;1;1;0;0
38043;12;1;1;0;1;0;0;0;0;1;1;-0.0081380205228924751;15;7.3603515625;22.361572265625;7.361572265625;0.001220703125;1.1466667652130127;1.1499999761581421;1;1;1;1;0;0;1;1;0;0;1;0;0;1;1;1;1;0;0
38053;12;1;1;0;1;0;0;0;0;1;1;-0.0081380205228924751;15;7.370849609375;22.3720703125;7.3720703125;0.001220703125;1.1433333158493042;1.1466667652130127;1;1;1;1;0;0;1;1;0;0;1;0;0;1;1;1;1;0;0
38064;12;1;1;0;1;0;0;0;0;1;1;-0.0081380205228924751;15;7.386474609375;22.3876953125;7.3876953125;0.001220703125;1.1366667747497559;1.1433333158493042;1;1;1;1;0;0;1;1;0;0;1;0;0;1;1;1;1;0;0
38073;12;1;1;0;1;0;0;0;0;1;1;-0.009765625;15;7.396728515625;22.398193359375;7.398193359375;0.00146484375;1.1333333253860474;1.1399999856948853;1;1;1;1;0;0;1;1;0;0;1;0;0;1;1;1;1;0;0
38086;12;1;1;0;1;0;0;0;0;1;1;-0.009765625;15;7.412109375;22.41357421875;7.41357421875;0.00146484375;1.1299999952316284;1.1333333253860474;1;1;1;1;0;0;1;1;0;0;1;0;0;1;1;1;1;0;0
38093;12;1;1;0;1;0;0;0;0;1;1;-0.011393229477107525;15;7.42236328125;22.424072265625;7.424072265625;0.001708984375;1.1233333349227905;1.1299999952316284;1;1;1;1;0;0;1;1;0;0;1;0;0;1;1;1;1;0;0
38103;12;1;1;0;1;0;0;0;0;1;1;-0.011393229477107525;15;7.437744140625;22.439453125;7.439453125;0.001708984375;1.1200001239776611;1.1233333349227905;1;1;1;1;0;0;1;1;0;0;1;0;0;1;1;1;1;0;0
38113;12;1;1;0;1;0;0;0;0;1;1;-0.013020833022892475;15;7.44775390625;22.44970703125;7.44970703125;0.001953125;1.1166666746139526;1.1233333349227905;1;1;1;1;0;0;1;1;0;0;1;0;0;1;1;1;1;0;0
38123;12;1;1;0;1;0;0;0;0;1;1;-0.013020833022892475;15;7.462890625;22.46484375;7.46484375;0.001953125;1.1100000143051147;1.1166666746139526;1;1;1;1;0;0;1;1;0;0;1;0;0;1;1;1;1;0;0
38134;12;1;1;0;1;0;0;0;0;1;1;-0.013020833022892475;15;7.47314453125;22.47509765625;7.47509765625;0.001953125;1.1066666841506958;1.1166666746139526;1;1;1;1;0;0;1;1;0;0;1;0;0;1;1;1;1;0;0
38143;12;1;1;0;1;0;0;0;0;1;1;-0.0146484375;15;7.488037109375;22.490234375;7.490234375;0.002197265625;1.1000000238418579;1.1066666841506958;1;1;1;1;0;0;1;1;0;0;1;0;0;1;1;1;1;0;0
38153;12;1;1;0;1;0;0;0;0;1;1;-0.0146484375;15;7.498046875;22.500244140625;7.500244140625;0.002197265625;1.1000000238418579;1.1066666841506958;1;1;1;1;0;0;1;1;0;0;1;1;0;1;1;1;1;0;0
38163;12;1;1;0;1;0;0;0;0;1;1;-0.01627604104578495;15;7.51318359375;22.515625;7.515625;0.00244140625;1.09333336353302;1.1033333539962769;0;0;1;1;0;0;1;1;0;0;0;1;0;0;0;1;1;0;0
38173;12;1;1;0;0;0;0;0;0;1;1;-0.01790364645421505;15;7.52294921875;22.525634765625;7.525634765625;0.002685546875;1.0900000333786011;1.1000000238418579;0;0;1;1;0;0;0;0;1;1;0;1;0;0;0;0;0;0;0
38183;13;1;1;0;0;0;0;0;0;1;1;-0.01790364645421505;15;7.537841796875;22.54052734375;7.54052734375;0.002685546875;1.0833333730697632;1.09333336353302;0;0;1;1;0;0;0;0;1;1;0;1;0;0;0;0;0;0;0
38193;13;1;1;0;0;0;0;0;0;1;1;-0.01953125;15;7.547607421875;22.550537109375;7.550537109375;0.0029296875;1.0800000429153442;1.09333336353302;0;0;1;1;0;0;0;0;1;1;0;1;0;0;0;0;0;0;0
38203;13;1;1;0;0;0;0;0;0;1;1;-0.01790364645421505;15;7.5625;22.565185546875;7.565185546875;0.002685546875;1.0766665935516357;1.0866667032241821;0;0;1;1;0;0;0;0;1;1;0;1;0;0;0;0;0;0;0
38214;13;1;1;0;0;0;0;0;0;1;1;-0.01953125;15;7.572265625;22.5751953125;7.5751953125;0.0029296875;1.0733333826065063;1.0833333730697632;0;0;1;1;0;0;0;0;1;1;0;1;0;0;0;0;0;1;0
38223;13;1;1;0;0;0;0;0;0;1;1;-0.02115885354578495;15;7.586669921875;22.58984375;7.58984375;0.003173828125;1.0666667222976685;1.0766665935516357;0;0;1;1;0;0;0;0;1;1;0;1;0;0;0;0;0;1;1
38234;13;1;1;0;0;0;0;0;0;1;1;-0.02115885354578495;15;7.596435546875;22.599609375;7.599609375;0.003173828125;1.06333327293396;1.0733333826065063;0;0;1;1;0;0;0;0;1;1;0;1;0;0;0;0;0;1;1
38243;13;1;1;0;0;0;0;0;0;1;1;-0.02278645895421505;15;7.61083984375;22.6142578125;7.6142578125;0.00341796875;1.0533334016799927;1.06333327293396;0;0;1;1;0;0;0;0;1;1;0;1;0;0;0;0;0;1;1
38253;13;1;1;0;0;0;0;0;0;1;1;-0.02278645895421505;15;7.620361328125;22.623779296875;7.623779296875;0.00341796875;1.0499999523162842;1.0600000619888306;0;0;1;1;0;0;0;0;1;1;0;1;0;0;0;0;0;1;1
38263;13;1;1;0;0;0;0;0;0;1;1;-0.0244140625;15;7.634521484375;22.63818359375;7.63818359375;0.003662109375;1.0400000810623169;1.0533334016799927;0;0;1;1;0;0;0;0;1;1;0;1;0;0;0;0;0;1;1
38273;13;1;1;0;0;0;0;0;0;1;1;-0.02604166604578495;15;7.643798828125;22.647705078125;7.647705078125;0.00390625;1.0333333015441895;1.0466666221618652;0;0;1;1;0;0;0;0;1;1;0;1;0;0;0;0;0;1;1
38286;13;1;1;0;0;0;0;0;0;1;1;-0.02766927145421505;15;7.65771484375;22.661865234375;7.661865234375;0.004150390625;1.0266667604446411;1.0366666316986084;0;0;1;1;0;0;0;0;1;1;0;1;0;0;0;0;0;1;1
38293;13;1;1;0;0;0;0;0;0;1;1;-0.02766927145421505;15;7.6669921875;22.671142578125;7.671142578125;0.004150390625;1.0199999809265137;1.0333333015441895;0;0;1;1;0;0;0;0;1;1;0;1;0;0;0;0;0;1;1
38303;13;1;1;0;0;0;0;0;0;1;1;-0.02766927145421505;15;7.680908203125;22.68505859375;7.68505859375;0.004150390625;1.0133333206176758;1.0233333110809326;0;0;1;1;0;0;0;0;1;1;0;1;0;0;0;0;0;1;1
38313;13;1;1;0;0;0;0;0;0;1;1;-0.029296875;15;7.68994140625;22.6943359375;7.6943359375;0.00439453125;1.0066666603088379;1.0166666507720947;0;0;1;1;0;0;0;0;1;1;0;1;0;0;0;0;0;1;1
38323;13;1;1;0;0;0;0;0;0;1;1;-0.029296875;15;7.70361328125;22.7080078125;7.7080078125;0.00439453125;1;1.0066666603088379;0;0;1;1;0;0;0;0;1;1;0;1;0;0;0;0;0;1;1
38334;13;1;1;0;0;0;0;0;0;1;1;-0.03092447854578495;15;7.712646484375;22.71728515625;7.71728515625;0.004638671875;0.99333339929580688;1.0033333301544189;0;0;1;1;0;0;0;0;1;1;0;1;0;0;0;0;0;1;1
38343;13;1;1;0;0;0;0;0;0;1;1;-0.03092447854578495;15;7.72607421875;22.730712890625;7.730712890625;0.004638671875;0.98666667938232422;0.996666669845581;0;0;1;1;0;0;0;0;1;1;0;1;0;0;0;0;0;1;1
38353;13;1;1;0;0;0;0;0;0;1;1;-0.0325520820915699;15;7.73486328125;22.73974609375;7.73974609375;0.0048828125;0.97999995946884155;0.98666667938232422;0;0;1;1;0;0;0;0;1;1;0;1;0;0;0;0;0;1;1
38363;13;1;1;0;0;0;0;0;0;1;1;-0.0341796875;15;7.748046875;22.753173828125;7.753173828125;0.005126953125;0.97333335876464844;0.98333334922790527;0;0;1;1;0;0;0;0;1;1;0;1;0;0;0;0;0;1;1
38374;13;1;1;0;0;0;0;0;0;1;1;-0.0341796875;15;7.7568359375;22.761962890625;7.761962890625;0.005126953125;0.96666663885116577;0.97333335876464844;0;0;1;1;0;0;0;0;1;1;0;1;0;0;0;0;0;1;1
38383;13;1;1;0;0;0;0;0;0;1;1;-0.0341796875;15;7.77001953125;22.775146484375;7.775146484375;0.005126953125;0.96000003814697266;0.96666663885116577;0;0;1;1;0;0;0;0;1;1;0;1;0;0;0;0;0;1;1
38393;13;1;1;0;0;0;0;0;0;1;1;-0.0341796875;15;7.778564453125;22.78369140625;7.78369140625;0.005126953125;0.95333331823349;0.96000003814697266;0;0;1;1;0;0;0;0;1;1;0;1;0;0;0;0;0;1;1
38403;13;1;1;0;0;0;0;0;0;1;1;-0.0341796875;15;7.79150390625;22.796630859375;7.796630859375;0.005126953125;0.94333338737487793;0.95333331823349;0;0;1;1;0;0;0;0;1;1;0;1;0;0;0;0;0;1;1
38413;13;1;1;0;0;0;0;0;0;1;1;-0.0374348945915699;15;7.7998046875;22.805419921875;7.805419921875;0.005615234375;0.93999999761581421;0.9466666579246521;0;0;1;1;0;0;0;0;1;1;0;1;0;0;0;0;0;1;1
38423;13;1;1;0;0;0;0;0;0;1;1;-0.0374348945915699;15;7.8125;22.818115234375;7.818115234375;0.005615234375;0.93000000715255737;0.93666666746139526;0;0;1;1;0;0;0;0;1;1;0;1;0;0;0;0;0;1;1
38433;13;1;1;0;0;0;0;0;0;1;1;-0.0358072929084301;15;7.821044921875;22.826416015625;7.826416015625;0.00537109375;0.92666667699813843;0.93333333730697632;0;0;1;1;0;0;0;0;1;1;0;1;0;0;0;0;0;1;1
38443;13;1;1;0;0;0;0;0;0;1;1;-0.0374348945915699;15;7.83349609375;22.839111328125;7.839111328125;0.005615234375;0.91666668653488159;0.92000001668930054;0;0;1;1;0;0;0;0;1;1;0;1;0;0;0;0;0;1;1
38453;13;1;1;0;0;0;0;0;0;1;1;-0.0390625;15;7.841552734375;22.847412109375;7.847412109375;0.005859375;0.9100000262260437;0.91666668653488159;0;0;1;1;0;0;0;0;1;1;0;1;0;0;0;0;0;1;1
38463;13;1;1;0;0;0;0;0;0;1;1;-0.0406901054084301;15;7.853759765625;22.85986328125;7.85986328125;0.006103515625;0.89666664600372314;0.9100000262260437;0;0;1;1;0;0;0;0;1;1;0;1;0;0;0;0;0;1;1
38473;13;1;1;0;0;0;0;0;0;1;1;-0.0406901054084301;15;7.86181640625;22.867919921875;7.867919921875;0.006103515625;0.88666665554046631;0.90333336591720581;0;0;1;1;0;0;0;0;1;1;0;1;0;0;0;0;0;1;1
38483;13;1;1;0;0;0;0;0;0;1;1;-0.0439453125;15;7.87353515625;22.880126953125;7.880126953125;0.006591796875;0.87333333492279053;0.89666664600372314;0;0;1;1;0;0;0;0;1;1;0;1;0;0;0;0;0;1;1
38494;13;1;1;0;0;0;0;0;0;1;1;-0.0472005195915699;15;7.881103515625;22.88818359375;7.88818359375;0.007080078125;0.86000001430511475;0.89000004529953;0;0;1;1;0;0;0;0;1;1;0;1;0;0;0;0;0;1;1
38503;13;1;1;0;0;0;0;0;0;1;1;-0.0520833320915699;15;7.892333984375;22.900146484375;7.900146484375;0.0078125;0.84000003337860107;0.87999999523162842;0;0;1;1;0;0;0;0;1;1;0;1;0;0;0;0;0;1;1
38514;13;1;1;0;0;0;0;0;0;1;1;-0.0553385429084301;15;7.899658203125;22.907958984375;7.907958984375;0.00830078125;0.82666671276092529;0.87333333492279053;0;0;1;1;0;0;0;0;1;1;0;1;0;0;0;0;0;1;1
38523;13;1;1;0;0;0;0;0;0;1;1;-0.0618489570915699;15;7.910400390625;22.919677734375;7.919677734375;0.00927734375;0.8033333420753479;0.86333334445953369;0;0;1;1;0;0;0;0;1;1;0;1;0;0;0;0;0;1;1
38534;13;1;1;0;0;0;0;0;0;1;1;-0.068359375;15;7.917236328125;22.927490234375;7.927490234375;0.01025390625;0.78333336114883423;0.8566666841506958;0;0;1;1;0;0;0;0;1;1;0;1;0;0;0;0;0;1;1
38543;13;1;1;0;0;0;0;0;0;1;1;-0.078125;15;7.92724609375;22.93896484375;7.93896484375;0.01171875;0.753333330154419;0.84000003337860107;0;0;1;1;0;0;0;0;1;1;0;1;0;0;0;0;0;1;1
38553;13;1;1;0;0;0;0;0;0;1;1;-0.0862630233168602;15;7.93359375;22.946533203125;7.946533203125;0.012939453125;0.73333334922790527;0.83666670322418213;0;0;1;1;0;0;0;0;1;1;0;1;0;0;0;0;0;1;1
38565;13;1;1;0;0;0;0;0;0;1;1;-0.0992838516831398;15;7.94287109375;22.957763671875;7.957763671875;0.014892578125;0.70333331823349;0.82999998331069946;0;0;1;1;0;0;0;0;1;1;0;1;0;0;0;0;0;1;1
38573;13;1;1;0;0;0;0;0;0;1;1;-0.1090494766831398;15;7.94873046875;22.965087890625;7.965087890625;0.016357421875;0.68333333730697632;0.81666666269302368;0;0;1;1;0;0;0;0;1;1;0;1;0;0;0;0;0;1;1
38585;13;1;1;0;0;0;0;0;0;1;1;-0.126953125;15;7.95703125;22.97607421875;7.97607421875;0.01904296875;0.64666664600372314;0.81000006198883057;0;0;1;1;0;0;0;0;1;1;0;1;0;0;0;0;0;1;1
38594;13;1;1;0;0;0;0;0;0;1;1;-0.1399739533662796;15;7.962158203125;22.983154296875;7.983154296875;0.02099609375;0.62333333492279053;0.79666668176651;0;0;1;1;0;0;0;0;1;1;0;1;0;0;0;0;0;1;1
38603;13;1;1;0;0;0;0;0;0;1;1;-0.1578776091337204;15;7.969970703125;22.99365234375;7.99365234375;0.023681640625;0.59333336353302;0.77999997138977051;0;0;1;1;0;0;0;0;1;1;0;1;0;0;0;0;0;1;1
38613;13;1;1;0;0;0;0;0;0;1;1;-0.1725260466337204;15;7.974853515625;23.000732421875;8.000732421875;0.02587890625;0.57666671276092529;0.77333337068557739;0;0;1;1;0;0;0;0;1;1;0;1;0;0;0;0;0;1;1
38623;13;1;1;0;0;0;0;0;0;1;1;-0.1904296875;15;7.982177734375;23.0107421875;8.0107421875;0.028564453125;0.550000011920929;0.753333330154419;0;0;1;1;0;0;0;0;1;1;0;1;0;0;0;0;0;1;1
38633;13;1;1;0;0;0;0;0;0;1;1;-0.2018229216337204;15;7.98681640625;23.01708984375;8.01708984375;0.0302734375;0.53666669130325317;0.73666667938232422;0;0;1;1;0;0;0;0;1;1;0;1;0;0;0;0;0;1;1
38643;13;1;1;0;0;0;0;0;0;1;1;-0.2213541716337204;15;7.993408203125;23.026611328125;8.026611328125;0.033203125;0.51333338022232056;0.71666663885116577;0;0;1;1;0;0;0;0;1;1;0;1;0;0;0;0;0;1;1
38653;13;1;1;0;0;0;0;0;0;1;1;-0.234375;15;7.997802734375;23.032958984375;8.032958984375;0.03515625;0.503333330154419;0.699999988079071;0;0;1;1;0;0;0;0;1;1;0;1;0;0;0;0;0;1;1
38664;13;1;1;0;0;0;0;0;0;1;1;-0.2506510317325592;15;8.00439453125;23.0419921875;8.0419921875;0.03759765625;0.48999997973442078;0.68000000715255737;0;0;1;1;0;0;0;0;1;1;0;1;0;0;0;0;0;1;1
38674;13;1;1;0;0;0;0;0;0;1;1;-0.2620442807674408;15;8.008544921875;23.0478515625;8.0478515625;0.039306640625;0.48000001907348633;0.67000001668930054;0;0;1;1;0;0;0;0;1;1;0;1;0;0;0;0;0;1;1
38683;13;1;1;0;0;0;0;0;0;1;1;-0.2848307192325592;15;8.013671875;23.056396484375;8.056396484375;0.042724609375;0.42333331704139709;0.64666664600372314;0;0;1;1;0;0;0;0;1;1;0;1;0;0;0;0;0;1;1
38694;13;1;1;0;0;0;0;0;0;1;1;-0.3059895932674408;15;8.015869140625;23.061767578125;8.061767578125;0.0458984375;0.35666665434837341;0.62333333492279053;0;0;1;1;0;0;0;0;1;1;0;1;0;0;0;0;0;1;1
38703;13;1;1;0;0;0;0;0;0;1;1;-0.3401692807674408;15;8.018798828125;23.06982421875;8.06982421875;0.051025390625;0.29333335161209106;0.6066666841506958;0;0;1;1;0;0;0;0;0;0;0;1;0;0;0;0;0;1;1
38713;13;1;1;0;0;0;0;0;0;1;1;-0.361328125;15;8.020751953125;23.074951171875;8.074951171875;0.05419921875;0.26666668057441711;0.59000003337860107;0;0;1;1;0;0;0;0;0;0;0;1;0;0;0;0;0;1;1
38723;13;1;1;0;0;0;0;0;0;1;1;-0.390625;15;8.02392578125;23.08251953125;8.08251953125;0.05859375;0.24666666984558105;0.56999999284744263;0;0;1;1;0;0;0;0;0;0;0;1;0;0;0;0;0;1;1
38733;13;1;1;0;0;0;0;0;0;1;1;-0.4085286557674408;15;8.02587890625;23.087158203125;8.087158203125;0.061279296875;0.23666666448116302;0.5533333420753479;0;0;1;1;0;0;0;0;0;0;0;1;0;0;0;0;0;1;1
38743;13;1;1;0;0;0;0;0;0;1;1;-0.439453125;15;8.028076171875;23.093994140625;8.093994140625;0.06591796875;0.19333334267139435;0.52666670083999634;0;0;1;1;0;0;0;0;0;0;0;1;0;0;0;0;0;1;1
38754;13;1;1;0;0;0;0;0;0;1;1;-0.4654947817325592;15;8.028564453125;23.098388671875;8.098388671875;0.06982421875;0.15333333611488342;0.50999999046325684;0;0;1;1;0;0;0;0;0;0;0;1;0;0;0;0;0;1;1
38764;13;1;1;0;0;0;0;0;0;1;1;-0.5029296875;15;8.029541015625;23.10498046875;8.10498046875;0.075439453125;0.10999999940395355;0.48999997973442078;0;0;1;1;0;0;0;0;0;0;0;1;0;0;0;0;0;1;1
38773;13;1;1;0;0;0;0;0;0;1;1;-0.52571612596511841;15;8.030029296875;23.10888671875;8.10888671875;0.078857421875;0.093333333730697632;0.4699999988079071;0;0;1;1;0;0;0;0;0;0;0;1;0;0;0;0;0;1;1
38784;13;1;1;0;0;0;0;0;0;1;1;-0.5615234375;15;8.030517578125;23.11474609375;8.11474609375;0.084228515625;0.060000002384185791;0.45333334803581238;0;0;1;1;0;0;0;0;0;0;0;1;0;0;0;0;0;1;1
38794;13;1;1;0;0;0;0;0;0;1;1;-0.5908203125;15;8.030029296875;23.11865234375;8.11865234375;0.088623046875;0.026666667312383652;0.43666666746139526;0;0;1;1;0;0;0;0;0;0;0;1;0;0;0;0;0;1;1
38803;13;1;1;0;0;0;0;0;0;1;1;-0.62825518846511841;15;8.029541015625;23.123779296875;8.123779296875;0.09423828125;0;0.40999999642372131;0;0;1;1;0;0;0;0;0;0;0;1;0;0;0;0;0;1;1
38813;13;1;1;0;0;0;0;0;0;1;1;-0.65266925096511841;15;8.029296875;23.127197265625;8.127197265625;0.097900390625;0.013333333656191826;0.39333334565162659;0;0;1;1;0;0;0;0;0;0;0;1;0;0;0;0;0;1;1
38823;13;1;1;0;0;0;0;0;0;1;1;-0.6884765625;15;8.02880859375;23.132080078125;8.132080078125;0.103271484375;0.020000001415610313;0.37333333492279053;0;0;1;1;0;0;0;0;0;0;0;1;0;0;0;0;0;1;1
38833;13;1;1;0;0;0;0;0;0;1;1;-0.70963543653488159;15;8.028564453125;23.135009765625;8.135009765625;0.1064453125;0.023333333432674408;0.36000001430511475;0;0;1;1;0;0;0;0;0;0;0;1;0;0;0;0;0;1;1
38843;13;1;1;0;0;0;0;0;0;1;1;-0.74055987596511841;15;8.028076171875;23.13916015625;8.13916015625;0.111083984375;0.026666667312383652;0.3333333432674408;0;0;1;1;0;0;0;0;0;0;0;1;0;0;0;0;0;1;1
38853;13;1;1;0;0;0;0;0;0;1;1;-0.76009112596511841;15;8.02783203125;23.141845703125;8.141845703125;0.114013671875;0.023333333432674408;0.320000022649765;0;0;1;1;0;0;0;0;0;0;0;1;0;0;0;0;0;1;1
38863;13;1;1;0;0;0;0;0;0;1;1;-0.78776043653488159;15;8.027587890625;23.145751953125;8.145751953125;0.1181640625;0.020000001415610313;0.30000001192092896;0;0;1;1;0;0;0;0;0;0;0;1;0;0;0;0;0;1;1
38873;13;1;1;0;0;0;0;0;0;1;1;-0.8056640625;15;8.02734375;23.148193359375;8.148193359375;0.120849609375;0.020000001415610313;0.28666669130325317;0;0;1;1;0;0;0;0;0;0;0;1;0;0;0;0;0;1;1
38884;13;1;1;0;0;0;0;0;0;1;1;-0.830078125;15;8.027099609375;23.151611328125;8.151611328125;0.12451171875;0.01666666753590107;0.26333335041999817;0;0;1;1;0;0;0;0;0;0;0;1;0;0;0;0;0;1;1
38894;13;1;1;0;0;0;0;0;0;1;1;-0.84309893846511841;15;8.027099609375;23.153564453125;8.153564453125;0.12646484375;0.013333333656191826;0.25;0;0;1;1;0;0;0;0;0;0;0;1;0;0;0;0;0;1;1
38903;13;1;1;1;0;0;0;0;0;1;1;-0.86263018846511841;15;8.027099609375;23.156494140625;8.156494140625;0.12939453125;0.010000000707805157;0.23000000417232513;0;0;1;1;0;0;0;0;0;0;0;1;0;0;0;0;0;1;1
38913;13;1;1;1;0;0;0;0;0;1;1;-0.8740234375;15;8.027099609375;23.158203125;8.158203125;0.131103515625;0.0066666668280959129;0.21666666865348816;0;0;1;1;0;0;0;0;0;0;0;1;0;0;0;0;0;1;1
38923;13;1;1;1;0;0;0;0;0;1;1;-0.89029949903488159;15;8.027099609375;23.16064453125;8.16064453125;0.133544921875;0.0033333334140479565;0.19333334267139435;0;0;1;1;0;0;0;0;0;0;0;1;0;0;0;0;0;1;1
38933;13;1;1;1;0;0;0;0;0;1;1;-0.8984375;15;8.027099609375;23.161865234375;8.161865234375;0.134765625;0;0.18000000715255737;0;0;1;1;0;0;0;0;0;0;0;1;0;0;0;0;0;1;1
38943;13;1;1;1;0;0;0;0;0;1;1;-0.91145831346511841;15;8.027099609375;23.163818359375;8.163818359375;0.13671875;0;0.16000001132488251;0;0;1;1;0;0;0;0;0;0;0;1;0;0;0;0;0;1;1
38953;13;1;1;1;0;0;0;0;0;1;1;-0.91959637403488159;15;8.027099609375;23.1650390625;8.1650390625;0.137939453125;0;0.14666667580604553;0;0;1;1;0;0;0;0;0;0;0;1;0;0;0;0;0;1;1
38964;13;1;1;1;0;0;0;0;0;1;1;-0.927734375;15;8.027099609375;23.166259765625;8.166259765625;0.13916015625;0;0.12333333492279053;0;0;1;1;0;0;0;0;0;0;0;1;0;0;0;0;0;1;1
38973;13;1;1;1;0;0;0;0;0;1;1;-0.9326171875;15;8.027099609375;23.1669921875;8.1669921875;0.139892578125;0;0.10999999940395355;0;0;1;1;0;0;0;0;0;0;0;1;0;0;0;0;0;1;1
38983;13;1;1;1;0;0;0;0;0;1;1;-0.93912762403488159;15;8.027099609375;23.16796875;8.16796875;0.140869140625;0;0.086666673421859741;0;0;1;1;0;0;0;0;0;0;0;1;0;0;0;0;0;1;1
38993;13;1;1;1;0;0;0;0;0;1;1;-0.9423828125;15;8.027099609375;23.16845703125;8.16845703125;0.141357421875;0;0.073333337903022766;0;0;1;1;0;0;0;0;0;0;0;1;0;0;0;0;0;1;1
39004;13;1;1;1;0;0;0;0;0;1;1;-0.94401043653488159;15;8.027099609375;23.168701171875;8.168701171875;0.1416015625;0;0.05000000074505806;0;0;1;1;0;0;0;0;0;0;0;1;0;0;0;0;0;1;1
39014;13;1;1;1;0;0;0;0;0;1;1;-0.94401043653488159;15;8.027099609375;23.168701171875;8.168701171875;0.1416015625;0;0.033333335071802139;0;0;1;1;0;0;0;0;0;0;0;1;0;0;0;0;0;1;1
39023;13;1;1;1;0;0;0;0;0;1;1;-0.94401043653488159;15;8.027099609375;23.168701171875;8.168701171875;0.1416015625;0;0.013333333656191826;0;0;1;1;0;0;0;0;0;0;0;1;0;0;0;0;0;1;1
39033;13;1;1;1;0;0;0;0;0;1;1;-0.94401043653488159;15;8.027099609375;23.168701171875;8.168701171875;0.1416015625;0;0.0066666668280959129;0;0;1;1;0;0;0;0;0;0;0;1;0;0;0;0;0;1;1
39043;13;1;1;1;0;0;0;0;0;1;1;-0.9423828125;15;8.027099609375;23.16845703125;8.16845703125;0.141357421875;0;0;0;0;1;1;0;0;0;0;0;0;0;1;0;0;0;0;0;1;1
39053;13;1;1;1;0;0;0;0;0;1;1;-0.9423828125;15;8.027099609375;23.16845703125;8.16845703125;0.141357421875;0;0.0033333334140479565;0;0;1;1;0;0;0;0;0;0;0;1;0;0;0;0;0;1;1
39063;13;1;1;1;0;0;0;0;0;1;1;-0.94075518846511841;15;8.027099609375;23.168212890625;8.168212890625;0.14111328125;0;0.0066666668280959129;0;0;1;1;0;0;0;0;0;0;0;1;0;0;0;0;0;1;1
39073;13;1;1;1;0;0;0;0;0;1;1;-0.93912762403488159;15;8.027099609375;23.16796875;8.16796875;0.140869140625;0;0.010000000707805157;0;0;1;1;0;0;0;0;0;0;0;1;0;0;0;0;0;1;1
39083;13;1;1;1;0;0;0;0;0;1;1;-0.9375;15;8.027099609375;23.167724609375;8.167724609375;0.140625;0;0.013333333656191826;0;0;1;1;0;0;0;0;0;0;0;1;0;0;0;0;0;1;1
39095;13;1;1;1;0;0;0;0;0;1;1;-0.93587237596511841;15;8.027099609375;23.16748046875;8.16748046875;0.140380859375;0;0.01666666753590107;0;0;1;1;0;0;0;0;0;0;0;1;0;0;0;0;0;1;1
39103;13;1;1;1;0;0;0;0;0;1;1;-0.9326171875;15;8.027099609375;23.1669921875;8.1669921875;0.139892578125;0;0.023333333432674408;0;0;1;1;0;0;0;0;0;0;0;1;0;0;0;0;0;1;1
39114;13;1;1;1;0;0;0;0;0;1;1;-0.93098956346511841;15;8.027099609375;23.166748046875;8.166748046875;0.1396484375;0;0.023333333432674408;0;0;1;1;0;0;0;0;0;0;0;1;0;0;0;0;0;1;1
39123;13;1;1;1;0;0;0;0;0;1;1;-0.927734375;15;8.027099609375;23.166259765625;8.166259765625;0.13916015625;0;0.030000001192092896;0;0;1;1;0;0;0;0;0;0;0;1;0;0;0;0;0;1;1
39133;13;1;1;1;0;0;0;0;0;1;1;-0.92610675096511841;15;8.027099609375;23.166015625;8.166015625;0.138916015625;0;0.033333335071802139;0;0;1;1;0;0;0;0;0;0;0;1;0;0;0;0;0;1;1
39143;13;1;1;1;0;0;0;0;0;1;1;-0.92122393846511841;15;8.027099609375;23.165283203125;8.165283203125;0.13818359375;0;0.036666668951511383;0;0;1;1;0;0;0;0;0;0;0;1;0;0;0;0;0;1;1
39154;13;1;1;1;0;0;0;0;0;1;1;-0.91796875;15;8.027099609375;23.164794921875;8.164794921875;0.1376953125;0;0.040000002831220627;0;0;1;1;0;0;0;0;0;0;0;1;0;0;0;0;0;1;1
39163;13;1;1;1;0;0;0;0;0;1;1;-0.9130859375;15;8.027099609375;23.1640625;8.1640625;0.136962890625;0;0.046666666865348816;0;0;1;1;0;0;0;0;0;0;0;1;0;0;0;0;0;1;1
39173;13;1;1;1;0;0;0;0;0;1;1;-0.908203125;15;8.02734375;23.16357421875;8.16357421875;0.13623046875;0;0.046666666865348816;0;0;1;1;0;0;0;0;0;0;0;1;0;0;0;0;0;1;1
39183;13;1;1;1;0;0;0;0;0;1;1;-0.9033203125;15;8.02734375;23.162841796875;8.162841796875;0.135498046875;0;0.05000000074505806;0;0;1;1;0;0;0;0;0;0;0;1;0;0;0;0;0;1;1
39193;13;1;1;1;0;0;0;0;0;1;1;-0.90006512403488159;15;8.02734375;23.162353515625;8.162353515625;0.135009765625;0;0.0533333346247673;0;0;1;1;0;0;0;0;0;0;0;1;0;0;0;0;0;1;1
39203;13;1;1;1;0;0;0;0;0;1;1;-0.8935546875;15;8.02734375;23.161376953125;8.161376953125;0.134033203125;0;0.060000002384185791;0;0;1;1;0;0;0;0;0;0;0;1;0;0;0;0;0;1;1
39213;13;1;1;1;0;0;0;0;0;1;1;-0.89029949903488159;15;8.02734375;23.160888671875;8.160888671875;0.133544921875;0;0.060000002384185791;0;0;1;1;0;0;0;0;0;0;0;1;0;0;0;0;0;1;1
39223;13;1;1;1;0;0;0;0;0;1;1;-0.8837890625;15;8.02734375;23.159912109375;8.159912109375;0.132568359375;0;0.063333332538604736;0;0;1;1;0;0;0;0;0;0;0;1;0;0;0;0;0;1;1
39233;13;1;1;1;0;0;0;0;0;1;1;-0.87890625;15;8.02734375;23.1591796875;8.1591796875;0.1318359375;0;0.066666670143604279;0;0;1;1;0;0;0;0;0;0;0;1;0;0;0;0;0;1;1
39243;13;1;1;1;0;0;0;0;0;1;1;-0.87239581346511841;15;8.02734375;23.158203125;8.158203125;0.130859375;0;0.070000007748603821;0;0;1;1;0;0;0;0;0;0;0;1;0;0;0;0;0;1;1
39254;13;1;1;1;0;0;0;0;0;1;1;-0.86751300096511841;15;8.02734375;23.157470703125;8.157470703125;0.130126953125;0;0.073333337903022766;0;0;1;1;0;0;0;0;0;0;0;1;0;0;0;0;0;1;1
39263;13;1;1;1;0;0;0;0;0;1;1;-0.859375;15;8.02734375;23.15625;8.15625;0.12890625;0;0.076666668057441711;0;0;1;1;0;0;0;0;0;0;0;1;0;0;0;0;0;1;1
39273;13;1;1;1;0;0;0;0;0;1;1;-0.85611981153488159;15;8.02734375;23.15576171875;8.15576171875;0.12841796875;0;0.076666668057441711;0;0;1;1;0;0;0;0;0;0;0;1;0;0;0;0;0;1;1
39283;13;1;1;1;0;0;0;0;0;1;1;-0.84798175096511841;15;8.02734375;23.154541015625;8.154541015625;0.127197265625;0;0.080000005662441254;0;0;1;1;0;0;0;0;0;0;0;1;0;0;0;0;0;1;1
39294;13;1;1;1;0;0;0;0;0;1;1;-0.84309893846511841;15;8.02734375;23.15380859375;8.15380859375;0.12646484375;0;0.080000005662441254;0;0;1;1;0;0;0;0;0;0;0;1;0;0;0;0;0;1;1
39303;13;1;1;1;0;0;0;0;0;1;1;-0.8349609375;15;8.02734375;23.152587890625;8.152587890625;0.125244140625;0;0.080000005662441254;0;0;1;1;0;0;0;0;0;0;0;1;0;0;0;0;0;1;1
39313;13;1;1;1;0;0;0;0;0;1;1;-0.830078125;15;8.02734375;23.15185546875;8.15185546875;0.12451171875;0;0.0833333358168602;0;0;1;1;0;0;0;0;0;0;0;1;0;0;0;0;0;1;1
39323;13;1;1;1;0;0;0;0;0;1;1;-0.82194012403488159;15;8.02734375;23.150634765625;8.150634765625;0.123291015625;0;0.086666673421859741;0;0;1;1;0;0;0;0;0;0;0;1;0;0;0;0;0;1;1
39333;13;1;1;1;0;0;0;0;0;1;1;-0.8154296875;15;8.02734375;23.149658203125;8.149658203125;0.122314453125;0;0.086666673421859741;0;0;1;1;0;0;0;0;0;0;0;1;0;0;0;0;0;1;1
39343;13;1;1;1;0;0;0;0;0;1;1;-0.80729168653488159;15;8.02734375;23.1484375;8.1484375;0.12109375;0;0.086666673421859741;0;0;1;1;0;0;0;0;0;0;0;1;0;0;0;0;0;1;1
39353;13;1;1;1;0;0;0;0;0;1;1;-0.80240887403488159;15;8.02734375;23.147705078125;8.147705078125;0.120361328125;0;0.090000003576278687;0;0;1;1;0;0;0;0;0;0;0;1;0;0;0;0;0;1;1
39363;13;1;1;1;0;0;0;0;0;1;1;-0.79264324903488159;15;8.02734375;23.146240234375;8.146240234375;0.118896484375;0;0.090000003576278687;0;0;1;1;0;0;0;0;0;0;0;1;0;0;0;0;0;1;1
39373;13;1;1;1;0;0;0;0;0;1;1;-0.78776043653488159;15;8.02734375;23.1455078125;8.1455078125;0.1181640625;0;0.093333333730697632;0;0;1;1;0;0;0;0;0;0;0;1;0;0;0;0;0;1;1
39383;13;1;1;1;0;0;0;0;0;1;1;-0.77799481153488159;15;8.02734375;23.14404296875;8.14404296875;0.11669921875;0;0.093333333730697632;0;0;1;1;0;0;0;0;0;0;0;1;0;0;0;0;0;1;1
39393;13;1;1;1;0;0;0;0;0;1;1;-0.77311199903488159;15;8.02734375;23.143310546875;8.143310546875;0.115966796875;0;0.093333333730697632;0;0;1;1;0;0;0;0;0;0;0;1;0;0;0;0;0;1;1
39403;13;1;1;1;0;0;0;0;0;1;1;-0.76334637403488159;15;8.02734375;23.141845703125;8.141845703125;0.114501953125;0;0.096666671335697174;0;0;1;1;0;0;0;0;0;0;0;1;0;0;0;0;0;1;1
39413;13;1;1;1;0;0;0;0;0;1;1;-0.7568359375;15;8.02734375;23.140869140625;8.140869140625;0.113525390625;0;0.10000000149011612;0;0;1;1;0;0;0;0;0;0;0;1;0;0;0;0;0;1;1
39423;13;1;1;1;0;0;0;0;0;1;1;-0.7470703125;15;8.02734375;23.139404296875;8.139404296875;0.112060546875;0;0.10000000149011612;0;0;1;1;0;0;0;0;0;0;0;1;0;0;0;0;0;1;1
39433;13;1;1;1;0;0;0;0;0;1;1;-0.74055987596511841;15;8.02734375;23.138427734375;8.138427734375;0.111083984375;0;0.10000000149011612;0;0;1;1;0;0;0;0;0;0;0;1;0;0;0;0;0;1;1
39443;13;1;1;1;0;0;0;0;0;1;1;-0.73079425096511841;15;8.02734375;23.136962890625;8.136962890625;0.109619140625;0;0.10333333909511566;0;0;1;1;0;0;0;0;0;0;0;1;0;0;0;0;0;1;1
39453;13;1;1;1;0;0;0;0;0;1;1;-0.72428387403488159;15;8.02734375;23.135986328125;8.135986328125;0.108642578125;0;0.10666666924953461;0;0;1;1;0;0;0;0;0;0;0;1;0;0;0;0;0;1;1
39463;13;1;1;1;0;0;0;0;0;1;1;-0.71451824903488159;15;8.02734375;23.134521484375;8.134521484375;0.107177734375;0;0.10666666924953461;0;0;1;1;0;0;0;0;0;0;0;1;0;0;0;0;0;1;1
39473;13;1;1;1;0;0;0;0;0;1;1;-0.7080078125;15;8.02734375;23.133544921875;8.133544921875;0.106201171875;0;0.10666666924953461;0;0;1;1;0;0;0;0;0;0;0;1;0;0;0;0;0;1;1
39483;13;1;1;1;0;0;0;0;0;1;1;-0.69661456346511841;15;8.02734375;23.1318359375;8.1318359375;0.1044921875;0;0.10999999940395355;0;0;1;1;0;0;0;0;0;0;0;1;0;0;0;0;0;1;1
39493;13;1;1;1;0;0;0;0;0;1;1;-0.69010418653488159;15;8.02734375;23.130859375;8.130859375;0.103515625;0;0.11333333700895309;0;0;1;1;0;0;0;0;0;0;0;1;0;0;0;0;0;1;1
39503;13;1;1;1;0;0;0;0;0;1;1;-0.6787109375;15;8.02734375;23.129150390625;8.129150390625;0.101806640625;0;0.11333333700895309;0;0;1;1;0;0;0;0;0;0;0;1;0;0;0;0;0;1;1
39514;13;1;1;1;0;0;0;0;0;1;1;-0.67220050096511841;15;8.02734375;23.128173828125;8.128173828125;0.100830078125;0;0.11666666716337204;0;0;1;1;0;0;0;0;0;0;0;1;0;0;0;0;0;1;1
39524;13;1;1;1;0;0;0;0;0;1;1;-0.66080731153488159;15;8.02734375;23.12646484375;8.12646484375;0.09912109375;0;0.11666666716337204;0;0;1;1;0;0;0;0;0;0;0;1;0;0;0;0;0;1;1
39533;13;1;1;1;0;0;0;0;0;1;1;-0.65266925096511841;15;8.02734375;23.125244140625;8.125244140625;0.097900390625;0;0.12000000476837158;0;0;1;1;0;0;0;0;0;0;0;1;0;0;0;0;0;1;1
39543;13;1;1;1;0;0;0;0;0;1;1;-0.64127606153488159;15;8.02734375;23.12353515625;8.12353515625;0.09619140625;0;0.12000000476837158;0;0;1;1;0;0;0;0;0;0;0;1;0;0;0;0;0;1;1
39554;13;1;1;1;0;0;0;0;0;1;1;-0.63313800096511841;15;8.02734375;23.122314453125;8.122314453125;0.094970703125;0;0.12333333492279053;0;0;1;1;0;0;0;0;0;0;0;1;0;0;0;0;0;1;1
39563;13;1;1;1;0;0;0;0;0;1;1;-0.62337237596511841;15;8.027099609375;23.12060546875;8.12060546875;0.093505859375;0;0.12333333492279053;0;0;1;1;0;0;0;0;0;0;0;1;0;0;0;0;0;1;1
39573;13;1;1;1;0;0;0;0;0;1;1;-0.615234375;15;8.027099609375;23.119384765625;8.119384765625;0.09228515625;0;0.12666666507720947;0;0;1;1;0;0;0;0;0;0;0;1;0;0;0;0;0;1;1
39583;13;1;1;1;0;0;0;0;0;1;1;-0.60384112596511841;15;8.027099609375;23.11767578125;8.11767578125;0.090576171875;0;0.12666666507720947;0;0;1;1;0;0;0;0;0;0;0;1;0;0;0;0;0;1;1
39593;13;1;1;1;0;0;0;0;0;1;1;-0.595703125;15;8.027099609375;23.116455078125;8.116455078125;0.08935546875;0;0.13000001013278961;0;0;1;1;0;0;0;0;0;0;0;1;0;0;0;0;0;1;1
39603;13;1;1;1;0;0;0;0;0;1;1;-0.58268231153488159;15;8.027099609375;23.114501953125;8.114501953125;0.08740234375;0;0.13000001013278961;0;0;1;1;0;0;0;0;0;0;0;1;0;0;0;0;0;1;1
39613;13;1;1;1;0;0;0;0;0;1;1;-0.57454425096511841;15;8.027099609375;23.11328125;8.11328125;0.086181640625;0;0.13333334028720856;0;0;1;1;0;0;0;0;0;0;0;1;0;0;0;0;0;1;1
39624;13;1;1;1;0;0;0;0;0;1;1;-0.5615234375;15;8.027099609375;23.111328125;8.111328125;0.084228515625;0;0.13333334028720856;0;0;1;1;0;0;0;0;0;0;0;1;0;0;0;0;0;1;1
39633;13;1;1;1;0;0;0;0;0;1;1;-0.55338543653488159;15;8.027099609375;23.110107421875;8.110107421875;0.0830078125;0;0.13333334028720856;0;0;1;1;0;0;0;0;0;0;0;1;0;0;0;0;0;1;1
39643;13;1;1;1;0;0;0;0;0;1;1;-0.54036456346511841;15;8.027099609375;23.108154296875;8.108154296875;0.0810546875;0;0.1366666704416275;0;0;1;1;0;0;0;0;0;0;0;1;0;0;0;0;0;1;1
39654;13;1;1;1;0;0;0;0;0;1;1;-0.5322265625;15;8.027099609375;23.10693359375;8.10693359375;0.079833984375;0;0.1366666704416275;0;0;1;1;0;0;0;0;0;0;0;1;0;0;0;0;0;1;1
39663;13;1;1;1;0;0;0;0;0;1;1;-0.51920574903488159;15;8.027099609375;23.10498046875;8.10498046875;0.077880859375;0;0.14000001549720764;0;0;1;1;0;0;0;0;0;0;0;1;0;0;0;0;0;1;1
39673;13;1;1;1;0;0;0;0;0;1;1;-0.50944012403488159;15;8.027099609375;23.103515625;8.103515625;0.076416015625;0;0.14333334565162659;0;0;1;1;0;0;0;0;0;0;0;1;0;0;0;0;0;1;1
39683;13;1;1;1;0;0;0;0;0;1;1;-0.4964192807674408;15;8.027099609375;23.1015625;8.1015625;0.074462890625;0;0.14333334565162659;0;0;1;1;0;0;0;0;0;0;0;1;0;0;0;0;0;1;1
39694;13;1;0;1;0;0;0;0;0;1;1;-0.48828125;15;8.027099609375;23.100341796875;8.100341796875;0.0732421875;0;0.14333334565162659;0;0;1;1;0;0;0;0;0;0;0;1;0;0;0;0;0;1;1
39703;13;1;0;1;0;0;0;0;0;1;1;-0.4736328125;15;8.027099609375;23.09814453125;8.09814453125;0.071044921875;0;0.14666667580604553;0;0;1;1;0;0;0;0;0;0;0;1;0;0;0;0;0;1;1
39714;13;1;0;1;0;0;0;0;0;1;1;-0.4638671875;15;8.027099609375;23.0966796875;8.0966796875;0.069580078125;0;0.15000000596046448;0;0;1;1;0;0;0;0;0;0;0;1;0;0;0;0;0;1;1
39723;13;1;0;1;0;0;0;0;0;1;1;-0.44921875;15;8.027099609375;23.094482421875;8.094482421875;0.0673828125;0;0.15333333611488342;0;0;1;1;0;0;0;0;0;0;0;1;0;0;0;0;0;1;1
39733;13;1;0;1;0;0;0;0;0;1;1;-0.439453125;15;8.027099609375;23.093017578125;8.093017578125;0.06591796875;0;0.15333333611488342;0;0;1;1;0;0;0;0;0;0;0;1;0;0;0;0;0;1;1
39743;13;1;0;1;0;0;0;0;0;1;1;-0.4248046875;15;8.027099609375;23.0908203125;8.0908203125;0.063720703125;0;0.15666668117046356;0;0;1;1;0;0;0;0;0;0;0;1;0;0;0;0;0;1;1
39754;13;1;0;1;0;0;0;0;0;1;1;-0.4166666567325592;15;8.02685546875;23.08935546875;8.08935546875;0.0625;0;0.15666668117046356;0;0;1;1;0;0;0;0;0;0;0;1;0;0;0;0;0;1;1
39763;13;1;0;1;0;0;0;0;0;1;1;-0.4020182192325592;15;8.02685546875;23.087158203125;8.087158203125;0.060302734375;0.0033333334140479565;0.16000001132488251;0;0;1;1;0;0;0;0;0;0;0;1;0;0;0;0;0;1;1
39773;13;1;0;1;0;0;0;0;0;1;1;-0.3922525942325592;15;8.02685546875;23.085693359375;8.085693359375;0.058837890625;0.0033333334140479565;0.16000001132488251;0;0;1;1;0;0;0;0;0;0;0;1;0;0;0;0;0;1;1
39783;13;1;0;1;0;0;0;0;0;1;1;-0.3792317807674408;15;8.026611328125;23.08349609375;8.08349609375;0.056884765625;0.010000000707805157;0.16000001132488251;0;0;1;1;0;0;0;0;0;0;0;1;0;0;0;0;0;1;1
39793;13;1;0;1;0;0;0;0;0;1;1;-0.3694661557674408;15;8.0263671875;23.081787109375;8.081787109375;0.055419921875;0.01666666753590107;0.16333334147930145;0;0;1;1;0;0;0;0;0;0;0;1;0;0;0;0;0;1;1
39803;13;1;0;1;0;0;0;0;0;1;1;-0.3597005307674408;15;8.025634765625;23.07958984375;8.07958984375;0.053955078125;0.033333335071802139;0.16333334147930145;0;0;1;1;0;0;0;0;0;0;0;1;0;0;0;0;0;1;1
39813;13;1;0;1;0;0;0;0;0;1;1;-0.3564453125;15;8.024658203125;23.078125;8.078125;0.053466796875;0.05000000074505806;0.1666666716337204;0;0;1;1;0;0;0;0;0;0;0;1;0;0;0;0;0;1;1
39823;13;1;0;1;0;0;0;0;0;1;1;-0.3466796875;15;8.023681640625;23.07568359375;8.07568359375;0.052001953125;0.060000002384185791;0.1666666716337204;0;0;1;1;0;0;0;0;0;0;0;1;0;0;0;0;0;1;1
39834;13;1;0;1;0;0;0;0;0;1;1;-0.3336588442325592;15;8.024169921875;23.07421875;8.07421875;0.050048828125;0.023333333432674408;0.1666666716337204;0;0;1;1;0;0;0;0;0;0;0;1;0;0;0;0;0;1;1
39843;13;0;0;1;0;0;0;0;0;1;1;-0.3157552182674408;15;8.0244140625;23.07177734375;8.07177734375;0.04736328125;0.0066666668280959129;0.1666666716337204;0;0;1;1;0;0;0;0;0;0;0;1;0;0;0;0;0;1;1
39854;13;0;0;1;0;0;0;0;0;1;1;-0.3092447817325592;15;8.02392578125;23.0703125;8.0703125;0.04638671875;0.020000001415610313;0.1666666716337204;0;0;1;1;0;0;0;0;0;0;0;1;0;0;0;0;0;1;1
39863;13;0;0;1;0;0;0;0;0;1;1;-0.29296875;15;8.02392578125;23.06787109375;8.06787109375;0.0439453125;0.0066666668280959129;0.1666666716337204;0;0;1;1;0;0;0;0;0;0;0;1;0;0;0;0;0;1;1
39873;13;0;0;1;0;0;0;0;0;1;1;-0.2815755307674408;15;8.024169921875;23.06640625;8.06640625;0.042236328125;0;0.17000000178813934;0;0;1;1;0;0;0;0;0;0;0;1;0;0;0;0;0;1;1
39884;13;0;0;1;0;0;0;0;0;1;1;-0.2701822817325592;15;8.023681640625;23.064208984375;8.064208984375;0.04052734375;0.010000000707805157;0.16333334147930145;0;0;1;1;0;0;0;0;0;0;0;1;0;0;0;0;0;1;1
39893;13;0;0;1;0;0;0;0;0;1;1;-0.2587890625;15;8.02392578125;23.062744140625;8.062744140625;0.038818359375;0;0.16333334147930145;0;0;1;1;0;0;0;0;0;0;0;1;0;0;0;0;0;1;1
39903;13;0;0;1;0;0;0;0;0;1;1;-0.244140625;15;8.023681640625;23.060302734375;8.060302734375;0.03662109375;0.0033333334140479565;0.16333334147930145;0;0;1;1;0;0;0;0;0;0;0;1;0;0;0;0;0;1;1
39915;13;0;0;1;0;0;0;0;0;1;1;-0.2360026091337204;15;8.023681640625;23.05908203125;8.05908203125;0.035400390625;0.0033333334140479565;0.15666668117046356;0;0;1;1;0;0;0;0;0;0;0;1;0;0;0;0;0;1;1
39923;13;0;0;1;0;0;0;0;0;1;1;-0.2197265625;15;8.02392578125;23.056884765625;8.056884765625;0.032958984375;0;0.16000001132488251;0;0;1;1;0;0;0;0;0;0;0;1;0;0;0;0;0;1;1
39933;13;0;0;1;0;0;0;0;0;1;1;-0.2115885466337204;15;8.023681640625;23.055419921875;8.055419921875;0.03173828125;0;0.15666668117046356;0;0;1;1;0;0;0;0;0;0;0;1;0;0;0;0;0;1;1
39943;13;0;0;1;0;0;0;0;0;1;1;-0.1985677033662796;15;8.023681640625;23.053466796875;8.053466796875;0.02978515625;0;0.15000000596046448;0;0;1;1;0;0;0;0;0;0;0;1;0;0;0;0;0;1;1
39954;13;0;0;1;0;0;0;0;0;1;1;-0.1888020783662796;15;8.023681640625;23.052001953125;8.052001953125;0.0283203125;0;0.15000000596046448;0;0;1;1;0;0;0;0;0;0;0;1;0;0;0;0;0;1;1
39963;13;0;0;1;0;0;0;0;0;1;1;-0.17578125;15;8.023681640625;23.050048828125;8.050048828125;0.0263671875;0;0.14333334565162659;0;0;1;1;0;0;0;0;0;0;0;1;0;0;0;0;0;1;1
39973;13;0;0;1;0;0;0;0;0;1;1;-0.1676432341337204;15;8.023681640625;23.048828125;8.048828125;0.025146484375;0;0.14333334565162659;0;0;1;1;0;0;0;0;0;0;0;1;0;0;0;0;0;1;1
39984;13;0;0;1;0;0;0;0;0;1;1;-0.1546223908662796;15;8.023681640625;23.046875;8.046875;0.023193359375;0;0.1366666704416275;0;0;1;1;0;0;0;0;0;0;0;1;0;0;0;0;0;1;1
39993;13;0;0;1;0;0;0;0;0;1;1;-0.1481119841337204;15;8.023681640625;23.0458984375;8.0458984375;0.022216796875;0;0.13333334028720856;0;0;1;1;0;0;0;0;0;0;0;1;0;0;0;0;0;1;1
40003;13;0;0;1;0;0;0;0;0;1;1;-0.13671875;15;8.023681640625;23.044189453125;8.044189453125;0.0205078125;0;0.13000001013278961;0;0;1;1;0;0;0;0;0;0;0;1;0;0;0;0;0;1;1
40014;13;0;0;1;0;0;0;0;0;1;1;-0.1285807341337204;15;8.023681640625;23.04296875;8.04296875;0.019287109375;0;0.12666666507720947;0;0;1;1;0;0;0;0;0;0;0;1;0;0;0;0;0;1;1
40023;13;0;0;1;0;0;0;0;0;1;1;-0.1188151016831398;15;8.023681640625;23.04150390625;8.04150390625;0.017822265625;0;0.11666666716337204;0;0;1;1;0;0;0;0;0;0;0;1;0;0;0;0;0;1;1
40034;13;0;0;1;0;0;0;0;0;1;1;-0.1123046875;15;8.023681640625;23.04052734375;8.04052734375;0.016845703125;0;0.11333333700895309;0;0;1;1;0;0;0;0;0;0;0;1;0;0;0;0;0;1;1
40043;13;0;0;1;0;0;0;0;0;1;1;-0.1025390625;15;8.023681640625;23.0390625;8.0390625;0.015380859375;0;0.10666666924953461;0;0;1;1;0;0;0;0;0;0;0;1;0;0;0;0;0;1;1
40054;13;0;0;1;0;0;0;0;0;1;1;-0.09765625;15;8.023681640625;23.038330078125;8.038330078125;0.0146484375;0;0.10333333909511566;0;0;1;1;0;0;0;0;0;0;0;1;0;0;0;0;0;1;1
40063;13;0;0;1;0;0;0;0;0;1;1;-0.0895182266831398;15;8.023681640625;23.037109375;8.037109375;0.013427734375;0;0.093333333730697632;0;0;1;1;0;0;0;0;0;0;0;1;0;0;0;0;0;1;1
40074;13;0;0;1;0;0;0;0;0;1;1;-0.0846354141831398;15;8.023681640625;23.036376953125;8.036376953125;0.0126953125;0;0.090000003576278687;0;0;1;1;0;0;0;0;0;0;0;1;0;0;0;0;0;1;1
40083;13;0;0;1;0;0;0;0;0;1;1;-0.078125;15;8.0234375;23.03515625;8.03515625;0.01171875;0;0.0833333358168602;0;0;1;1;0;0;0;0;0;0;0;1;0;0;0;0;0;1;1
40093;13;0;0;1;0;0;0;0;0;1;1;-0.0748697891831398;15;8.0234375;23.03466796875;8.03466796875;0.01123046875;0;0.076666668057441711;0;0;1;1;0;0;0;0;0;0;0;1;0;0;0;0;0;1;1
40103;13;0;0;1;0;0;0;0;0;1;1;-0.068359375;15;8.0234375;23.03369140625;8.03369140625;0.01025390625;0;0.070000007748603821;0;0;1;1;0;0;0;0;0;0;0;1;0;0;0;0;0;1;1
40113;13;0;0;1;0;0;0;0;0;1;1;-0.0651041641831398;15;8.0234375;23.033203125;8.033203125;0.009765625;0;0.063333332538604736;0;0;1;1;0;0;0;0;0;0;0;1;0;0;0;0;0;1;1
40123;13;0;0;1;0;0;0;0;0;1;1;-0.0618489570915699;15;8.0234375;23.03271484375;8.03271484375;0.00927734375;0;0.056666668504476547;0;0;1;1;0;0;0;0;0;0;0;1;0;0;0;0;0;1;1
40134;13;0;0;1;0;0;0;0;0;1;1;-0.05859375;15;8.0234375;23.0322265625;8.0322265625;0.0087890625;0;0.05000000074505806;0;0;1;1;0;0;0;0;0;0;0;1;0;0;0;0;0;1;1
40143;13;0;0;1;0;0;0;0;0;1;1;-0.0553385429084301;15;8.0234375;23.03173828125;8.03173828125;0.00830078125;0;0.040000002831220627;0;0;1;1;0;0;0;0;0;0;0;1;0;0;0;0;0;1;1
40154;13;0;0;1;0;0;0;0;0;1;1;-0.0537109375;15;8.0234375;23.031494140625;8.031494140625;0.008056640625;0;0.036666668951511383;0;0;1;1;0;0;0;0;0;0;0;1;0;0;0;0;0;1;1
40163;13;0;0;1;0;0;0;0;0;1;1;-0.0520833320915699;15;8.0234375;23.03125;8.03125;0.0078125;0;0.026666667312383652;0;0;1;1;0;0;0;0;0;0;0;1;0;0;0;0;0;1;1
40173;13;0;0;1;0;0;0;0;0;1;1;-0.0520833320915699;15;8.0234375;23.03125;8.03125;0.0078125;0;0.023333333432674408;0;0;1;1;0;0;0;0;0;0;0;1;0;0;0;0;0;1;1
40183;13;0;0;1;0;0;0;0;0;1;1;-0.0504557304084301;15;8.0234375;23.031005859375;8.031005859375;0.007568359375;0;0.013333333656191826;0;0;1;1;0;0;0;0;0;0;0;1;0;0;0;0;0;1;1
40193;13;0;0;1;0;0;0;0;0;1;1;-0.0504557304084301;15;8.0234375;23.031005859375;8.031005859375;0.007568359375;0;0.0066666668280959129;0;0;1;1;0;0;0;0;0;0;0;1;0;0;0;0;0;1;1
40203;13;0;0;1;0;0;0;0;0;1;1;-0.0504557304084301;15;8.0234375;23.031005859375;8.031005859375;0.007568359375;0;0.0033333334140479565;0;0;1;1;0;0;0;0;0;0;0;1;0;0;0;0;0;1;1
40213;13;0;0;1;0;0;0;0;0;1;1;-0.0504557304084301;15;8.0234375;23.031005859375;8.031005859375;0.007568359375;0;0.0033333334140479565;0;0;1;1;0;0;0;0;0;0;0;1;0;0;0;0;0;1;1
40223;13;0;0;1;0;0;0;0;0;1;1;-0.0504557304084301;15;8.0234375;23.031005859375;8.031005859375;0.007568359375;0;0;0;0;1;1;0;0;0;0;0;0;0;1;0;0;0;0;0;1;1
40234;13;0;0;1;0;0;0;0;0;1;1;-0.0504557304084301;15;8.0234375;23.031005859375;8.031005859375;0.007568359375;0;0;0;0;1;1;0;0;0;0;0;0;0;1;0;0;0;0;0;1;1
40243;13;0;0;1;0;0;0;0;0;1;1;-0.0504557304084301;15;8.0234375;23.031005859375;8.031005859375;0.007568359375;0;0;0;0;1;1;0;0;0;0;0;0;0;1;0;0;0;0;0;1;1
40253;13;0;0;1;0;0;0;0;0;1;1;-0.0504557304084301;15;8.0234375;23.031005859375;8.031005859375;0.007568359375;0;0;0;0;1;1;0;0;0;0;0;0;0;1;0;0;0;0;0;1;1
40263;13;0;0;1;0;0;0;0;0;1;1;-0.0504557304084301;15;8.0234375;23.031005859375;8.031005859375;0.007568359375;0;0;0;0;1;1;0;0;0;0;0;0;0;1;0;0;0;0;0;1;1
40273;13;0;0;1;0;0;0;0;0;1;1;-0.0504557304084301;15;8.0234375;23.031005859375;8.031005859375;0.007568359375;0;0;0;0;1;1;0;0;0;0;0;0;0;1;0;0;0;0;0;1;1
40284;13;0;0;1;0;0;0;0;0;1;1;-0.0504557304084301;15;8.0234375;23.031005859375;8.031005859375;0.007568359375;0;0;0;0;1;1;0;0;0;0;0;0;0;1;0;0;0;0;0;1;1
40293;13;0;0;1;0;0;0;0;0;1;1;-0.0504557304084301;15;8.0234375;23.031005859375;8.031005859375;0.007568359375;0;0;0;0;1;1;0;0;0;0;0;0;0;1;0;0;0;0;0;1;1
40303;13;0;0;1;0;0;0;0;0;1;1;-0.0504557304084301;15;8.0234375;23.031005859375;8.031005859375;0.007568359375;0;0;0;0;1;1;0;0;0;0;0;0;0;1;0;0;0;0;0;1;1
40313;13;0;0;1;0;0;0;0;0;1;1;-0.0504557304084301;15;8.0234375;23.031005859375;8.031005859375;0.007568359375;0;0;0;0;1;1;0;0;0;0;0;0;0;1;0;0;0;0;0;1;1
40323;13;0;0;1;0;0;0;0;0;1;1;-0.0504557304084301;15;8.0234375;23.031005859375;8.031005859375;0.007568359375;0;0;0;0;1;1;0;0;0;0;0;0;0;1;0;0;0;0;0;1;1
40333;13;0;0;1;0;0;0;0;0;1;1;-0.0504557304084301;15;8.0234375;23.031005859375;8.031005859375;0.007568359375;0;0;0;0;1;1;0;0;0;0;0;0;0;1;0;0;0;0;0;1;1
40343;13;0;0;1;0;0;0;0;0;1;1;-0.0504557304084301;15;8.0234375;23.031005859375;8.031005859375;0.007568359375;0;0;0;0;1;1;0;0;0;0;0;0;0;1;0;0;0;0;0;1;1
40354;13;0;0;1;0;0;0;0;0;1;1;-0.0504557304084301;15;8.0234375;23.031005859375;8.031005859375;0.007568359375;0;0;0;0;1;1;0;0;0;0;0;0;0;1;0;0;0;0;0;1;1
40363;13;0;0;1;0;0;0;0;0;1;1;-0.0504557304084301;15;8.0234375;23.031005859375;8.031005859375;0.007568359375;0;0;0;0;1;1;0;0;0;0;0;0;0;1;0;0;0;0;0;1;1
40373;13;0;0;1;0;0;0;0;0;1;1;-0.0504557304084301;15;8.0234375;23.031005859375;8.031005859375;0.007568359375;0;0;0;0;1;1;0;0;0;0;0;0;0;1;0;0;0;0;0;1;1
40383;13;0;0;1;0;0;0;0;0;1;1;-0.0504557304084301;15;8.0234375;23.031005859375;8.031005859375;0.007568359375;0;0;0;0;1;1;0;0;0;0;0;0;0;1;0;0;0;0;0;1;1
40393;13;0;0;1;0;0;0;0;0;1;1;-0.0504557304084301;15;8.0234375;23.031005859375;8.031005859375;0.007568359375;0;0;0;0;1;1;0;0;0;0;0;0;0;1;0;0;0;0;0;1;1
40403;13;0;0;1;0;0;0;0;0;1;1;-0.0504557304084301;15;8.0234375;23.031005859375;8.031005859375;0.007568359375;0;0;0;0;1;1;0;0;0;0;0;0;0;1;0;0;0;0;0;1;1
40414;13;0;0;1;0;0;0;0;0;1;1;-0.0504557304084301;15;8.0234375;23.031005859375;8.031005859375;0.007568359375;0;0;0;0;1;1;0;0;0;0;0;0;0;1;0;0;0;0;0;1;1
40423;13;0;0;1;0;0;0;0;0;1;1;-0.0504557304084301;15;8.0234375;23.031005859375;8.031005859375;0.007568359375;0;0;0;0;1;1;0;0;0;0;0;0;0;1;0;0;0;0;0;1;1
40433;13;0;0;1;0;0;0;0;0;1;1;-0.0504557304084301;15;8.0234375;23.031005859375;8.031005859375;0.007568359375;0;0;0;0;1;1;0;0;0;0;0;0;0;1;0;0;0;0;0;1;1
40443;13;0;0;1;0;0;0;0;0;1;1;-0.0504557304084301;15;8.0234375;23.031005859375;8.031005859375;0.007568359375;0;0;0;0;1;1;0;0;0;0;0;0;0;1;0;0;0;0;0;1;1
40455;13;0;0;1;0;0;0;0;0;1;1;-0.0504557304084301;15;8.0234375;23.031005859375;8.031005859375;0.007568359375;0;0;0;0;1;1;0;0;0;0;0;0;0;1;0;0;0;0;0;1;1
40463;13;0;0;1;0;0;0;0;0;1;1;-0.0504557304084301;15;8.0234375;23.031005859375;8.031005859375;0.007568359375;0;0;0;0;1;1;0;0;0;0;0;0;0;1;0;0;0;0;0;1;1
40473;13;0;0;1;0;0;0;0;0;1;1;-0.0504557304084301;15;8.0234375;23.031005859375;8.031005859375;0.007568359375;0;0;0;0;1;1;0;0;0;0;0;0;0;1;0;0;0;0;0;1;1
40483;13;0;0;1;0;0;0;0;0;1;1;-0.048828125;15;8.023681640625;23.031005859375;8.031005859375;0.00732421875;0;0;0;0;1;1;0;0;0;0;0;0;0;1;0;0;0;0;0;1;1
40494;13;0;0;1;0;0;0;0;0;1;1;-0.0504557304084301;15;8.0234375;23.031005859375;8.031005859375;0.007568359375;0;0;0;0;1;1;0;0;0;0;0;0;0;1;0;0;0;0;0;1;1
40503;13;0;0;1;0;0;0;0;0;1;1;-0.048828125;15;8.023681640625;23.031005859375;8.031005859375;0.00732421875;0;0;0;0;1;1;0;0;0;0;0;0;0;1;0;0;0;0;0;1;1
40514;13;0;0;1;0;0;0;0;0;1;1;-0.048828125;15;8.023681640625;23.031005859375;8.031005859375;0.00732421875;0;0;0;0;1;1;0;0;0;0;0;0;0;1;0;0;0;0;0;1;1
40523;13;0;0;1;0;0;0;0;0;1;1;-0.048828125;15;8.023681640625;23.031005859375;8.031005859375;0.00732421875;0;0;0;0;1;1;0;0;0;0;0;0;0;1;0;0;0;0;0;1;1
40533;13;0;0;1;0;0;0;0;0;1;1;-0.048828125;15;8.023681640625;23.031005859375;8.031005859375;0.00732421875;0;0;0;0;1;1;0;0;0;0;0;0;0;1;0;0;0;0;0;1;1
40543;13;0;0;1;0;0;0;0;0;1;1;-0.0504557304084301;15;8.0234375;23.031005859375;8.031005859375;0.007568359375;0;0;0;0;1;1;0;0;0;0;0;0;0;1;0;0;0;0;0;1;1
40553;13;0;0;1;0;0;0;0;0;1;1;-0.0504557304084301;15;8.0234375;23.031005859375;8.031005859375;0.007568359375;0;0;0;0;1;1;0;0;0;0;0;0;0;1;0;0;0;0;0;1;1
40563;13;0;0;1;0;0;0;0;0;1;1;-0.0504557304084301;15;8.0234375;23.031005859375;8.031005859375;0.007568359375;0;0;0;0;1;1;0;0;0;0;0;0;0;1;0;0;0;0;0;1;1
40573;13;0;0;1;0;0;0;0;0;1;1;-0.0504557304084301;15;8.0234375;23.031005859375;8.031005859375;0.007568359375;0;0;0;0;1;1;0;0;0;0;0;0;0;1;0;0;0;0;0;1;1
40583;13;0;0;1;0;0;0;0;0;1;1;-0.0504557304084301;15;8.0234375;23.031005859375;8.031005859375;0.007568359375;0;0;0;0;1;1;0;0;0;0;0;0;0;1;0;0;0;0;0;1;1
40593;13;0;0;1;0;0;0;0;0;1;1;-0.0504557304084301;15;8.0234375;23.031005859375;8.031005859375;0.007568359375;0;0;0;0;1;1;0;0;0;0;0;0;0;1;0;0;0;0;0;1;1
40603;13;0;0;1;0;0;0;0;0;1;1;-0.0504557304084301;15;8.0234375;23.031005859375;8.031005859375;0.007568359375;0;0;0;0;1;1;0;0;0;0;0;0;0;1;0;0;0;0;0;1;1
40615;13;0;0;1;0;0;0;0;0;1;1;-0.0504557304084301;15;8.0234375;23.031005859375;8.031005859375;0.007568359375;0;0;0;0;1;1;0;0;0;0;0;0;0;1;0;0;0;0;0;1;1
40623;13;0;0;1;0;0;0;0;0;1;1;-0.0504557304084301;15;8.0234375;23.031005859375;8.031005859375;0.007568359375;0;0;0;0;1;1;0;0;0;0;0;0;0;1;0;0;0;0;0;1;1
40634;13;0;0;1;0;0;0;0;0;1;1;-0.0504557304084301;15;8.0234375;23.031005859375;8.031005859375;0.007568359375;0;0;0;0;1;1;0;0;0;0;0;0;0;1;0;0;0;0;0;1;1
40643;13;0;0;1;0;0;0;0;0;1;1;-0.0504557304084301;15;8.0234375;23.031005859375;8.031005859375;0.007568359375;0;0;0;0;1;1;0;0;0;0;0;0;0;1;0;0;0;0;0;1;1
40653;13;0;0;1;0;0;0;0;0;1;1;-0.0504557304084301;15;8.0234375;23.031005859375;8.031005859375;0.007568359375;0;0;0;0;1;1;0;0;0;0;0;0;0;1;0;0;0;0;0;1;1
40663;13;0;0;1;0;0;0;0;0;1;1;-0.0504557304084301;15;8.0234375;23.031005859375;8.031005859375;0.007568359375;0;0;0;0;1;1;0;0;0;0;0;0;0;1;0;0;0;0;0;1;1
40673;13;0;0;1;0;0;0;0;0;1;1;-0.0504557304084301;15;8.0234375;23.031005859375;8.031005859375;0.007568359375;0;0;0;0;1;1;0;0;0;0;0;0;0;1;0;0;0;0;0;1;1
40683;13;0;0;1;0;0;0;0;0;1;1;-0.0504557304084301;15;8.0234375;23.031005859375;8.031005859375;0.007568359375;0;0;0;0;1;1;0;0;0;0;0;0;0;1;0;0;0;0;0;1;1
40693;13;0;0;1;0;0;0;0;0;1;1;-0.0504557304084301;15;8.0234375;23.031005859375;8.031005859375;0.007568359375;0;0;0;0;1;1;0;0;0;0;0;0;0;1;0;0;0;0;0;1;1
40703;13;0;0;1;0;0;0;0;0;1;1;-0.048828125;15;8.023681640625;23.031005859375;8.031005859375;0.00732421875;0;0;0;0;1;1;0;0;0;0;0;0;0;1;0;0;0;0;0;1;1
40715;13;0;0;1;0;0;0;0;0;1;1;-0.048828125;15;8.023681640625;23.031005859375;8.031005859375;0.00732421875;0;0;0;0;1;1;0;0;0;0;0;0;0;1;0;0;0;0;0;1;1
40723;13;0;0;1;0;0;0;0;0;1;1;-0.048828125;15;8.023681640625;23.031005859375;8.031005859375;0.00732421875;0;0;0;0;1;1;0;0;0;0;0;0;0;1;0;0;0;0;0;1;1
40733;13;0;0;1;0;0;0;0;0;1;1;-0.048828125;15;8.023681640625;23.031005859375;8.031005859375;0.00732421875;0;0;0;0;1;1;0;0;0;0;0;0;0;1;0;0;0;0;0;1;1
40743;13;0;0;1;0;0;0;0;0;1;1;-0.048828125;15;8.023681640625;23.031005859375;8.031005859375;0.00732421875;0;0;0;0;1;1;0;0;0;0;0;0;0;1;0;0;0;0;0;1;1
40754;13;0;0;1;0;0;0;0;0;1;1;-0.048828125;15;8.023681640625;23.031005859375;8.031005859375;0.00732421875;0;0;0;0;1;1;0;0;0;0;0;0;0;1;0;0;0;0;0;1;1
40763;13;0;0;1;0;0;0;0;0;1;1;-0.048828125;15;8.023681640625;23.031005859375;8.031005859375;0.00732421875;0;0;0;0;1;1;0;0;0;0;0;0;0;1;0;0;0;0;0;1;1
40773;13;0;0;1;0;0;0;0;0;1;1;-0.048828125;15;8.023681640625;23.031005859375;8.031005859375;0.00732421875;0;0;0;0;1;1;0;0;0;0;0;0;0;1;0;0;0;0;0;1;1
40785;13;0;0;1;0;0;0;0;0;1;1;-0.048828125;15;8.023681640625;23.031005859375;8.031005859375;0.00732421875;0;0;0;0;1;1;0;0;0;0;0;0;0;1;0;0;0;0;0;1;1
40793;13;0;0;1;0;0;0;0;0;1;1;-0.048828125;15;8.023681640625;23.031005859375;8.031005859375;0.00732421875;0;0;0;0;1;1;0;0;0;0;0;0;0;1;0;0;0;0;0;1;1
40803;13;0;0;1;0;0;0;0;0;1;1;-0.048828125;15;8.023681640625;23.031005859375;8.031005859375;0.00732421875;0;0;0;0;1;1;0;0;0;0;0;0;0;1;0;0;0;0;0;1;1
40814;13;0;0;1;0;0;0;0;0;1;1;-0.048828125;15;8.023681640625;23.031005859375;8.031005859375;0.00732421875;0;0;0;0;1;1;0;0;0;0;0;0;0;1;0;0;0;0;0;1;1
40823;13;0;0;1;0;0;0;0;0;1;1;-0.0504557304084301;15;8.0234375;23.031005859375;8.031005859375;0.007568359375;0;0;0;0;1;1;0;0;0;0;0;0;0;1;0;0;0;0;0;1;1
40833;13;0;0;1;0;0;0;0;0;1;1;-0.0504557304084301;15;8.0234375;23.031005859375;8.031005859375;0.007568359375;0;0;0;0;1;1;0;0;0;0;0;0;0;1;0;0;0;0;0;1;1
40844;13;0;0;1;0;0;0;0;0;1;1;-0.0504557304084301;15;8.0234375;23.031005859375;8.031005859375;0.007568359375;0;0;0;0;1;1;0;0;0;0;0;0;0;1;0;0;0;0;0;1;1
40854;13;0;0;1;0;0;0;0;0;1;1;-0.0504557304084301;15;8.0234375;23.031005859375;8.031005859375;0.007568359375;0;0;0;0;1;1;0;0;0;0;0;0;0;1;0;0;0;0;0;1;1
40863;13;0;0;1;0;0;0;0;0;1;1;-0.0504557304084301;15;8.0234375;23.031005859375;8.031005859375;0.007568359375;0;0;0;0;1;1;0;0;0;0;0;0;0;1;0;0;0;0;0;1;1
40873;13;0;0;1;0;0;0;0;0;1;1;-0.0504557304084301;15;8.0234375;23.031005859375;8.031005859375;0.007568359375;0;0;0;0;1;1;0;0;0;0;0;0;0;1;0;0;0;0;0;1;1
40883;13;0;0;1;0;0;0;0;0;1;1;-0.0504557304084301;15;8.0234375;23.031005859375;8.031005859375;0.007568359375;0;0;0;0;1;1;0;0;0;0;0;0;0;1;0;0;0;0;0;1;1
40893;13;0;0;1;0;0;0;0;0;1;1;-0.0504557304084301;15;8.0234375;23.031005859375;8.031005859375;0.007568359375;0;0;0;0;1;1;0;0;0;0;0;0;0;1;0;0;0;0;0;1;1
40903;13;0;0;1;0;0;0;0;0;1;1;-0.048828125;15;8.023681640625;23.031005859375;8.031005859375;0.00732421875;0;0;0;0;1;1;0;0;0;0;0;0;0;1;0;0;0;0;0;1;1
40914;13;0;0;1;0;0;0;0;0;1;1;-0.048828125;15;8.023681640625;23.031005859375;8.031005859375;0.00732421875;0;0;0;0;1;1;0;0;0;0;0;0;0;1;0;0;0;0;0;1;1
40926;13;0;0;1;0;0;0;0;0;1;1;-0.048828125;15;8.023681640625;23.031005859375;8.031005859375;0.00732421875;0;0;0;0;1;1;0;0;0;0;0;0;0;1;0;0;0;0;0;1;1
40933;13;0;0;1;0;0;0;0;0;1;1;-0.048828125;15;8.023681640625;23.031005859375;8.031005859375;0.00732421875;0;0;0;0;1;1;0;0;0;0;0;0;0;1;0;0;0;0;0;1;1
40943;13;0;0;1;0;0;0;0;0;1;1;-0.048828125;15;8.023681640625;23.031005859375;8.031005859375;0.00732421875;0;0;0;0;1;1;0;0;0;0;0;0;0;1;0;0;0;0;0;1;1
40953;13;0;0;1;0;0;0;0;0;1;1;-0.048828125;15;8.023681640625;23.031005859375;8.031005859375;0.00732421875;0;0;0;0;1;1;0;0;0;0;0;0;0;1;0;0;0;0;0;1;1
40963;13;0;0;1;0;0;0;0;0;1;1;-0.048828125;15;8.023681640625;23.031005859375;8.031005859375;0.00732421875;0;0;0;0;1;1;0;0;0;0;0;0;0;1;0;0;0;0;0;1;1
40973;13;0;0;1;0;0;0;0;0;1;1;-0.048828125;15;8.023681640625;23.031005859375;8.031005859375;0.00732421875;0;0;0;0;1;1;0;0;0;0;0;0;0;1;0;0;0;0;0;1;1
40983;13;0;0;1;0;0;0;0;0;1;1;-0.048828125;15;8.023681640625;23.031005859375;8.031005859375;0.00732421875;0;0;0;0;1;1;0;0;0;0;0;0;0;1;0;0;0;0;0;1;1
40993;13;0;0;1;0;0;0;0;0;1;1;-0.048828125;15;8.023681640625;23.031005859375;8.031005859375;0.00732421875;0;0;0;0;1;1;0;0;0;0;0;0;0;1;0;0;0;0;0;1;1
41003;13;0;0;1;0;0;0;0;0;1;1;-0.048828125;15;8.023681640625;23.031005859375;8.031005859375;0.00732421875;0;0;0;0;1;1;0;0;0;0;0;0;0;1;0;0;0;0;0;1;1
41013;13;0;0;1;0;0;0;0;0;1;1;-0.048828125;15;8.023681640625;23.031005859375;8.031005859375;0.00732421875;0;0;0;0;1;1;0;0;0;0;0;0;0;1;0;0;0;0;0;1;1
41023;13;0;0;1;0;0;0;0;0;1;1;-0.048828125;15;8.023681640625;23.031005859375;8.031005859375;0.00732421875;0;0;0;0;1;1;0;0;0;0;0;0;0;1;0;0;0;0;0;1;1
41034;13;0;0;1;0;0;0;0;0;1;1;-0.048828125;15;8.023681640625;23.031005859375;8.031005859375;0.00732421875;0;0;0;0;1;1;0;0;0;0;0;0;0;1;0;0;0;0;0;1;1
41044;13;0;0;1;0;0;0;0;0;1;1;-0.048828125;15;8.023681640625;23.031005859375;8.031005859375;0.00732421875;0;0;0;0;1;1;0;0;0;0;0;0;0;1;0;0;0;0;0;1;1
41056;13;0;0;1;0;0;0;0;0;1;1;-0.048828125;15;8.023681640625;23.031005859375;8.031005859375;0.00732421875;0;0;0;0;1;1;0;0;0;0;0;0;0;1;0;0;0;0;0;1;1
41063;13;0;0;1;0;0;0;0;0;1;1;-0.048828125;15;8.023681640625;23.031005859375;8.031005859375;0.00732421875;0;0;0;0;1;1;0;0;0;0;0;0;0;1;0;0;0;0;0;1;1
41074;13;0;0;1;0;0;0;0;0;1;1;-0.048828125;15;8.023681640625;23.031005859375;8.031005859375;0.00732421875;0;0;0;0;1;1;0;0;0;0;0;0;0;1;0;0;0;0;0;1;1
41083;13;0;0;1;0;0;0;0;0;1;1;-0.048828125;15;8.023681640625;23.031005859375;8.031005859375;0.00732421875;0;0;0;0;1;1;0;0;0;0;0;0;0;1;0;0;0;0;0;1;1
41093;13;0;0;1;0;0;0;0;0;1;1;-0.048828125;15;8.023681640625;23.031005859375;8.031005859375;0.00732421875;0;0;0;0;1;1;0;0;0;0;0;0;0;1;0;0;0;0;0;1;1
41103;13;0;0;1;0;0;0;0;0;1;1;-0.048828125;15;8.023681640625;23.031005859375;8.031005859375;0.00732421875;0;0;0;0;1;1;0;0;0;0;0;0;0;1;0;0;0;0;0;1;1
41113;13;0;0;1;0;0;0;0;0;1;1;-0.048828125;15;8.023681640625;23.031005859375;8.031005859375;0.00732421875;0;0;0;0;1;1;0;0;0;0;0;0;0;1;0;0;0;0;0;1;1
41123;13;0;0;1;0;0;0;0;0;1;1;-0.048828125;15;8.023681640625;23.031005859375;8.031005859375;0.00732421875;0;0;0;0;1;1;0;0;0;0;0;0;0;1;0;0;0;0;0;1;1
41133;13;0;0;1;0;0;0;0;0;1;1;-0.048828125;15;8.023681640625;23.031005859375;8.031005859375;0.00732421875;0;0;0;0;1;1;0;0;0;0;0;0;0;1;0;0;0;0;0;1;1
41144;13;0;0;1;0;0;0;0;0;1;1;-0.048828125;15;8.023681640625;23.031005859375;8.031005859375;0.00732421875;0;0;0;0;1;1;0;0;0;0;0;0;0;1;0;0;0;0;0;1;1
41153;13;0;0;1;0;0;0;0;0;1;1;-0.048828125;15;8.023681640625;23.031005859375;8.031005859375;0.00732421875;0;0;0;0;1;1;0;0;0;0;0;0;0;1;0;0;0;0;0;1;1
41163;13;0;0;1;0;0;0;0;0;1;1;-0.048828125;15;8.023681640625;23.031005859375;8.031005859375;0.00732421875;0;0;0;0;1;1;0;0;0;0;0;0;0;1;0;0;0;0;0;1;1
41175;13;0;0;1;0;0;0;0;0;1;1;-0.048828125;15;8.023681640625;23.031005859375;8.031005859375;0.00732421875;0;0;0;0;1;1;0;0;0;0;0;0;0;1;0;0;0;0;0;1;1
41183;13;0;0;1;0;0;0;0;0;1;1;-0.048828125;15;8.023681640625;23.031005859375;8.031005859375;0.00732421875;0;0;0;0;1;1;0;0;0;0;0;0;0;1;0;0;0;0;0;1;1
41193;13;0;0;1;0;0;0;0;0;1;1;-0.048828125;15;8.023681640625;23.031005859375;8.031005859375;0.00732421875;0;0;0;0;1;1;0;0;0;0;0;0;0;1;0;0;0;0;0;1;1
41203;13;0;0;1;0;0;0;0;0;1;1;-0.048828125;15;8.023681640625;23.031005859375;8.031005859375;0.00732421875;0;0;0;0;1;1;0;0;0;0;0;0;0;1;0;0;0;0;0;1;1
41213;13;0;0;1;0;0;0;0;0;1;1;-0.048828125;15;8.023681640625;23.031005859375;8.031005859375;0.00732421875;0;0;0;0;1;1;0;0;0;0;0;0;0;1;0;0;0;0;0;1;1
41223;13;0;0;1;0;0;0;0;0;1;1;-0.048828125;15;8.023681640625;23.031005859375;8.031005859375;0.00732421875;0;0;0;0;1;1;0;0;0;0;0;0;0;1;0;0;0;0;0;1;1
41233;13;0;0;1;0;0;0;0;0;1;1;-0.048828125;15;8.023681640625;23.031005859375;8.031005859375;0.00732421875;0;0;0;0;1;1;0;0;0;0;0;0;0;1;0;0;0;0;0;1;1
41243;13;0;0;1;0;0;0;0;0;1;1;-0.048828125;15;8.023681640625;23.031005859375;8.031005859375;0.00732421875;0;0;0;0;1;1;0;0;0;0;0;0;0;1;0;0;0;0;0;1;1
41253;13;0;0;1;0;0;0;0;0;1;1;-0.048828125;15;8.023681640625;23.031005859375;8.031005859375;0.00732421875;0;0;0;0;1;1;0;0;0;0;0;0;0;1;0;0;0;0;0;1;1
41263;13;0;0;1;0;0;0;0;0;1;1;-0.048828125;15;8.023681640625;23.031005859375;8.031005859375;0.00732421875;0;0;0;0;1;1;0;0;0;0;0;0;0;1;0;0;0;0;0;1;1
41274;13;0;0;1;0;0;0;0;0;1;1;-0.048828125;15;8.023681640625;23.031005859375;8.031005859375;0.00732421875;0;0;0;0;1;1;0;0;0;0;0;0;0;1;0;0;0;0;0;1;1
41283;13;0;0;1;0;0;0;0;0;1;1;-0.048828125;15;8.023681640625;23.031005859375;8.031005859375;0.00732421875;0;0;0;0;1;1;0;0;0;0;0;0;0;1;0;0;0;0;0;1;1
41293;13;0;0;1;0;0;0;0;0;1;1;-0.048828125;15;8.023681640625;23.031005859375;8.031005859375;0.00732421875;0;0;0;0;1;1;0;0;0;0;0;0;0;1;0;0;0;0;0;1;1
41303;13;0;0;1;0;0;0;0;0;1;1;-0.048828125;15;8.023681640625;23.031005859375;8.031005859375;0.00732421875;0;0;0;0;1;1;0;0;0;0;0;0;0;1;0;0;0;0;0;1;1
41314;13;0;0;1;0;0;0;0;0;1;1;-0.048828125;15;8.023681640625;23.031005859375;8.031005859375;0.00732421875;0;0;0;0;1;1;0;0;0;0;0;0;0;1;0;0;0;0;0;1;1
41323;13;0;0;1;0;0;0;0;0;1;1;-0.048828125;15;8.023681640625;23.031005859375;8.031005859375;0.00732421875;0;0;0;0;1;1;0;0;0;0;0;0;0;1;0;0;0;0;0;1;1
41333;13;0;0;1;0;0;0;0;0;1;1;-0.048828125;15;8.023681640625;23.031005859375;8.031005859375;0.00732421875;0;0;0;0;1;1;0;0;0;0;0;0;0;1;0;0;0;0;0;1;1
41343;13;0;0;1;0;0;0;0;0;1;1;-0.048828125;15;8.023681640625;23.031005859375;8.031005859375;0.00732421875;0;0;0;0;1;1;0;0;0;0;0;0;0;1;0;0;0;0;0;1;1
41353;13;0;0;1;0;0;0;0;0;1;1;-0.048828125;15;8.023681640625;23.031005859375;8.031005859375;0.00732421875;0;0;0;0;1;1;0;0;0;0;0;0;0;1;0;0;0;0;0;1;1
41363;13;0;0;1;0;0;0;0;0;1;1;-0.048828125;15;8.023681640625;23.031005859375;8.031005859375;0.00732421875;0;0;0;0;1;1;0;0;0;0;0;0;0;1;0;0;0;0;0;1;1
41374;13;0;0;1;0;0;0;0;0;1;1;-0.048828125;15;8.023681640625;23.031005859375;8.031005859375;0.00732421875;0;0;0;0;1;1;0;0;0;0;0;0;0;1;0;0;0;0;0;1;1
41383;13;0;0;1;0;0;0;0;0;1;1;-0.048828125;15;8.023681640625;23.031005859375;8.031005859375;0.00732421875;0;0;0;0;1;1;0;0;0;0;0;0;0;1;0;0;0;0;0;1;1
41393;13;0;0;1;0;0;0;0;0;1;1;-0.048828125;15;8.023681640625;23.031005859375;8.031005859375;0.00732421875;0;0;0;0;1;1;0;0;0;0;0;0;0;1;0;0;0;0;0;1;1
41403;13;0;0;1;0;0;0;0;0;1;1;-0.048828125;15;8.023681640625;23.031005859375;8.031005859375;0.00732421875;0;0;0;0;1;1;0;0;0;0;0;0;0;1;0;0;0;0;0;1;1
41413;13;0;0;1;0;0;0;0;0;1;1;-0.048828125;15;8.023681640625;23.031005859375;8.031005859375;0.00732421875;0;0;0;0;1;1;0;0;0;0;0;0;0;1;0;0;0;0;0;1;1
41423;13;0;0;1;0;0;0;0;0;1;1;-0.048828125;15;8.023681640625;23.031005859375;8.031005859375;0.00732421875;0;0;0;0;1;1;0;0;0;0;0;0;0;1;0;0;0;0;0;1;1
41433;13;0;0;1;0;0;0;0;0;1;1;-0.048828125;15;8.023681640625;23.031005859375;8.031005859375;0.00732421875;0;0;0;0;1;1;0;0;0;0;0;0;0;1;0;0;0;0;0;1;1
41443;13;0;0;1;0;0;0;0;0;1;1;-0.048828125;15;8.023681640625;23.031005859375;8.031005859375;0.00732421875;0;0;0;0;1;1;0;0;0;0;0;0;0;1;0;0;0;0;0;1;1
41453;13;0;0;1;0;0;0;0;0;1;1;-0.048828125;15;8.023681640625;23.031005859375;8.031005859375;0.00732421875;0;0;0;0;1;1;0;0;0;0;0;0;0;1;0;0;0;0;0;1;1
41463;13;0;0;1;0;0;0;0;0;1;1;-0.048828125;15;8.023681640625;23.031005859375;8.031005859375;0.00732421875;0;0;0;0;1;1;0;0;0;0;0;0;0;1;0;0;0;0;0;1;1
41474;13;0;0;1;0;0;0;0;0;1;1;-0.048828125;15;8.023681640625;23.031005859375;8.031005859375;0.00732421875;0;0;0;0;1;1;0;0;0;0;0;0;0;1;0;0;0;0;0;1;1
41483;13;0;0;1;0;0;0;0;0;1;1;-0.048828125;15;8.023681640625;23.031005859375;8.031005859375;0.00732421875;0;0;0;0;1;1;0;0;0;0;0;0;0;1;0;0;0;0;0;1;1
41493;13;0;0;1;0;0;0;0;0;1;1;-0.048828125;15;8.023681640625;23.031005859375;8.031005859375;0.00732421875;0;0;0;0;1;1;0;0;0;0;0;0;0;1;0;0;0;0;0;1;1
41504;13;0;0;1;0;0;0;0;0;1;1;-0.048828125;15;8.023681640625;23.031005859375;8.031005859375;0.00732421875;0;0;0;0;1;1;0;0;0;0;0;0;0;1;0;0;0;0;0;1;1
41513;13;0;0;1;0;0;0;0;0;1;1;-0.048828125;15;8.023681640625;23.031005859375;8.031005859375;0.00732421875;0;0;0;0;1;1;0;0;0;0;0;0;0;1;0;0;0;0;0;1;1
41523;13;0;0;1;0;0;0;0;0;1;1;-0.048828125;15;8.023681640625;23.031005859375;8.031005859375;0.00732421875;0;0;0;0;1;1;0;0;0;0;0;0;0;1;0;0;0;0;0;1;1
41533;13;0;0;1;0;0;0;0;0;1;1;-0.048828125;15;8.023681640625;23.031005859375;8.031005859375;0.00732421875;0;0;0;0;1;1;0;0;0;0;0;0;0;1;0;0;0;0;0;1;1
41543;13;0;0;1;0;0;0;0;0;1;1;-0.048828125;15;8.023681640625;23.031005859375;8.031005859375;0.00732421875;0;0;0;0;1;1;0;0;0;0;0;0;0;1;0;0;0;0;0;1;1
41553;13;0;0;1;0;0;0;0;0;1;1;-0.048828125;15;8.023681640625;23.031005859375;8.031005859375;0.00732421875;0;0;0;0;1;1;0;0;0;0;0;0;0;1;0;0;0;0;0;1;1
41563;13;0;0;1;0;0;0;0;0;1;1;-0.048828125;15;8.023681640625;23.031005859375;8.031005859375;0.00732421875;0;0;0;0;1;1;0;0;0;0;0;0;0;1;0;0;0;0;0;1;1
41575;13;0;0;1;0;0;0;0;0;1;1;-0.048828125;15;8.023681640625;23.031005859375;8.031005859375;0.00732421875;0;0;0;0;1;1;0;0;0;0;0;0;0;1;0;0;0;0;0;1;1
41583;13;0;0;1;0;0;0;0;0;1;1;-0.048828125;15;8.023681640625;23.031005859375;8.031005859375;0.00732421875;0;0;0;0;1;1;0;0;0;0;0;0;0;1;0;0;0;0;0;1;1
41594;13;0;0;1;0;0;0;0;0;1;1;-0.048828125;15;8.023681640625;23.031005859375;8.031005859375;0.00732421875;0;0;0;0;1;1;0;0;0;0;0;0;0;1;0;0;0;0;0;1;1
41603;13;0;0;1;0;0;0;0;0;1;1;-0.048828125;15;8.023681640625;23.031005859375;8.031005859375;0.00732421875;0;0;0;0;1;1;0;0;0;0;0;0;0;1;0;0;0;0;0;1;1
41613;13;0;0;1;0;0;0;0;0;1;1;-0.048828125;15;8.023681640625;23.031005859375;8.031005859375;0.00732421875;0;0;0;0;1;1;0;0;0;0;0;0;0;1;0;0;0;0;0;1;1
41623;13;0;0;1;0;0;0;0;0;1;1;-0.048828125;15;8.023681640625;23.031005859375;8.031005859375;0.00732421875;0;0;0;0;1;1;0;0;0;0;0;0;0;1;0;0;0;0;0;1;1
41633;13;0;0;1;0;0;0;0;0;1;1;-0.048828125;15;8.023681640625;23.031005859375;8.031005859375;0.00732421875;0;0;0;0;1;1;0;0;0;0;0;0;0;1;0;0;0;0;0;1;1
41643;13;0;0;1;0;0;0;0;0;1;1;-0.048828125;15;8.023681640625;23.031005859375;8.031005859375;0.00732421875;0;0;0;0;1;1;0;0;0;0;0;0;0;1;0;0;0;0;0;1;1
41653;13;0;0;1;0;0;0;0;0;1;1;-0.048828125;15;8.023681640625;23.031005859375;8.031005859375;0.00732421875;0;0;0;0;1;1;0;0;0;0;0;0;0;1;0;0;0;0;0;1;1
41663;13;0;0;1;0;0;0;0;0;1;1;-0.048828125;15;8.023681640625;23.031005859375;8.031005859375;0.00732421875;0;0;0;0;1;1;0;0;0;0;0;0;0;1;0;0;0;0;0;1;1
41674;13;0;0;1;0;0;0;0;0;1;1;-0.048828125;15;8.023681640625;23.031005859375;8.031005859375;0.00732421875;0;0;0;0;1;1;0;0;0;0;0;0;0;1;0;0;0;0;0;1;1
41683;13;0;0;1;0;0;0;0;0;1;1;-0.048828125;15;8.023681640625;23.031005859375;8.031005859375;0.00732421875;0;0;0;0;1;1;0;0;0;0;0;0;0;1;0;0;0;0;0;1;1
41693;13;0;0;1;0;0;0;0;0;1;1;-0.048828125;15;8.023681640625;23.031005859375;8.031005859375;0.00732421875;0;0;0;0;1;1;0;0;0;0;0;0;0;1;0;0;0;0;0;1;1
41704;13;0;0;1;0;0;0;0;0;1;1;-0.048828125;15;8.023681640625;23.031005859375;8.031005859375;0.00732421875;0;0;0;0;1;1;0;0;0;0;0;0;0;1;0;0;0;0;0;1;1
41714;13;0;0;1;0;0;0;0;0;1;1;-0.048828125;15;8.023681640625;23.031005859375;8.031005859375;0.00732421875;0;0;0;0;1;1;0;0;0;0;0;0;0;1;0;0;0;0;0;1;1
41723;13;0;0;1;0;0;0;0;0;1;1;-0.048828125;15;8.023681640625;23.031005859375;8.031005859375;0.00732421875;0;0;0;0;1;1;0;0;0;0;0;0;0;1;0;0;0;0;0;1;1
41734;13;0;0;1;0;0;0;0;0;1;1;-0.048828125;15;8.023681640625;23.031005859375;8.031005859375;0.00732421875;0;0;0;0;1;1;0;0;0;0;0;0;0;1;0;0;0;0;0;1;1
41743;13;0;0;1;0;0;0;0;0;1;1;-0.048828125;15;8.023681640625;23.031005859375;8.031005859375;0.00732421875;0;0;0;0;1;1;0;0;0;0;0;0;0;1;0;0;0;0;0;1;1
41753;13;0;0;1;0;0;0;0;0;1;1;-0.048828125;15;8.023681640625;23.031005859375;8.031005859375;0.00732421875;0;0;0;0;1;1;0;0;0;0;0;0;0;1;0;0;0;0;0;1;1
41763;13;0;0;1;0;0;0;0;0;1;1;-0.048828125;15;8.023681640625;23.031005859375;8.031005859375;0.00732421875;0;0;0;0;1;1;0;0;0;0;0;0;0;1;0;0;0;0;0;1;1
41773;13;0;0;1;0;0;0;0;0;1;1;-0.048828125;15;8.023681640625;23.031005859375;8.031005859375;0.00732421875;0;0;0;0;1;1;0;0;0;0;0;0;0;1;0;0;0;0;0;1;1
41783;13;0;0;1;0;0;0;0;0;1;1;-0.048828125;15;8.023681640625;23.031005859375;8.031005859375;0.00732421875;0;0;0;0;1;1;0;0;0;0;0;0;0;1;0;0;0;0;0;1;1
41794;13;0;0;1;0;0;0;0;0;1;1;-0.048828125;15;8.023681640625;23.031005859375;8.031005859375;0.00732421875;0;0;0;0;1;1;0;0;0;0;0;0;0;1;0;0;0;0;0;1;1
41804;13;0;0;1;0;0;0;0;0;1;1;-0.048828125;15;8.023681640625;23.031005859375;8.031005859375;0.00732421875;0;0;0;0;1;1;0;0;0;0;0;0;0;1;0;0;0;0;0;1;1
41813;13;0;0;1;0;0;0;0;0;1;1;-0.048828125;15;8.023681640625;23.031005859375;8.031005859375;0.00732421875;0;0;0;0;1;1;0;0;0;0;0;0;0;1;0;0;0;0;0;1;1
41823;13;0;0;1;0;0;0;0;0;1;1;-0.048828125;15;8.023681640625;23.031005859375;8.031005859375;0.00732421875;0;0;0;0;1;1;0;0;0;0;0;0;0;1;0;0;0;0;0;1;1
41834;13;0;0;1;0;0;0;0;0;1;1;-0.048828125;15;8.023681640625;23.031005859375;8.031005859375;0.00732421875;0;0;0;0;1;1;0;0;0;0;0;0;0;1;0;0;0;0;0;1;1
41843;13;0;0;1;0;0;0;0;0;1;1;-0.048828125;15;8.023681640625;23.031005859375;8.031005859375;0.00732421875;0;0;0;0;1;1;0;0;0;0;0;0;0;1;0;0;0;0;0;1;1
41853;13;0;0;1;0;0;0;0;0;1;1;-0.048828125;15;8.023681640625;23.031005859375;8.031005859375;0.00732421875;0;0;0;0;1;1;0;0;0;0;0;0;0;1;0;0;0;0;0;1;1
41870;13;0;0;1;0;0;0;0;0;1;1;-0.048828125;15;8.023681640625;23.031005859375;8.031005859375;0.00732421875;0;0;0;0;1;1;0;0;0;0;0;0;0;1;0;0;0;0;0;1;1
41874;13;0;0;1;0;0;0;0;0;1;1;-0.048828125;15;8.023681640625;23.031005859375;8.031005859375;0.00732421875;0;0;0;0;1;1;0;0;0;0;0;0;0;1;0;0;0;0;0;1;1
41883;13;0;0;1;0;0;0;0;0;1;1;-0.048828125;15;8.023681640625;23.031005859375;8.031005859375;0.00732421875;0;0;0;0;1;1;0;0;0;0;0;0;0;1;0;0;0;0;0;1;1
41893;13;0;0;1;0;0;0;0;0;1;1;-0.048828125;15;8.023681640625;23.031005859375;8.031005859375;0.00732421875;0;0;0;0;1;1;0;0;0;0;0;0;0;1;0;0;0;0;0;1;1
41903;13;0;0;1;0;0;0;0;0;1;1;-0.048828125;15;8.023681640625;23.031005859375;8.031005859375;0.00732421875;0;0;0;0;1;1;0;0;0;0;0;0;0;1;0;0;0;0;0;1;1
41913;13;0;0;1;0;0;0;0;0;1;1;-0.048828125;15;8.023681640625;23.031005859375;8.031005859375;0.00732421875;0;0;0;0;1;1;0;0;0;0;0;0;0;1;0;0;0;0;0;1;1
41923;13;0;0;1;0;0;0;0;0;1;1;-0.048828125;15;8.023681640625;23.031005859375;8.031005859375;0.00732421875;0;0;0;0;1;1;0;0;0;0;0;0;0;1;0;0;0;0;0;1;1
41934;13;0;0;1;0;0;0;0;0;1;1;-0.048828125;15;8.023681640625;23.031005859375;8.031005859375;0.00732421875;0;0;0;0;1;1;0;0;0;0;0;0;0;1;0;0;0;0;0;1;1
41943;13;0;0;1;0;0;0;0;0;1;1;-0.048828125;15;8.023681640625;23.031005859375;8.031005859375;0.00732421875;0;0;0;0;1;1;0;0;0;0;0;0;0;1;0;0;0;0;0;1;1
41953;13;0;0;1;0;0;0;0;0;1;1;-0.048828125;15;8.023681640625;23.031005859375;8.031005859375;0.00732421875;0;0;0;0;1;1;0;0;0;0;0;0;0;1;0;0;0;0;0;1;1
41963;13;0;0;1;0;0;0;0;0;1;1;-0.048828125;15;8.023681640625;23.031005859375;8.031005859375;0.00732421875;0;0;0;0;1;1;0;0;0;0;0;0;0;1;0;0;0;0;0;1;1
41973;13;0;0;1;0;0;0;0;0;1;1;-0.048828125;15;8.023681640625;23.031005859375;8.031005859375;0.00732421875;0;0;0;0;1;1;0;0;0;0;0;0;0;1;0;0;0;0;0;1;1
41983;13;0;0;1;0;0;0;0;0;1;1;-0.048828125;15;8.023681640625;23.031005859375;8.031005859375;0.00732421875;0;0;0;0;1;1;0;0;0;0;0;0;0;1;0;0;0;0;0;1;1
41994;13;0;0;1;0;0;0;0;0;1;1;-0.048828125;15;8.023681640625;23.031005859375;8.031005859375;0.00732421875;0;0;0;0;1;1;0;0;0;0;0;0;0;1;0;0;0;0;0;1;1
42003;13;0;0;1;0;0;0;0;0;1;1;-0.048828125;15;8.023681640625;23.031005859375;8.031005859375;0.00732421875;0;0;0;0;1;1;0;0;0;0;0;0;0;1;0;0;0;0;0;1;1
42015;13;0;0;1;0;0;0;0;0;1;1;-0.048828125;15;8.023681640625;23.031005859375;8.031005859375;0.00732421875;0;0;0;0;1;1;0;0;0;0;0;0;0;1;0;0;0;0;0;1;1
42023;13;0;0;1;0;0;0;0;0;1;1;-0.048828125;15;8.023681640625;23.031005859375;8.031005859375;0.00732421875;0;0;0;0;1;1;0;0;0;0;0;0;0;1;0;0;0;0;0;1;1
42034;13;0;0;1;0;0;0;0;0;1;1;-0.048828125;15;8.023681640625;23.031005859375;8.031005859375;0.00732421875;0;0;0;0;1;1;0;0;0;0;0;0;0;1;0;0;0;0;0;1;1
42043;13;0;0;1;0;0;0;0;0;1;1;-0.048828125;15;8.023681640625;23.031005859375;8.031005859375;0.00732421875;0;0;0;0;1;1;0;0;0;0;0;0;0;1;0;0;0;0;0;1;1
42053;13;0;0;1;0;0;0;0;0;1;1;-0.048828125;15;8.023681640625;23.031005859375;8.031005859375;0.00732421875;0;0;0;0;1;1;0;0;0;0;0;0;0;1;0;0;0;0;0;1;1
42069;13;0;0;1;0;0;0;0;0;1;1;-0.048828125;15;8.023681640625;23.031005859375;8.031005859375;0.00732421875;0;0;0;0;1;1;0;0;0;0;0;0;0;1;0;0;0;0;0;1;1
42073;13;0;0;1;0;0;0;0;0;1;1;-0.048828125;15;8.023681640625;23.031005859375;8.031005859375;0.00732421875;0;0;0;0;1;1;0;0;0;0;0;0;0;1;0;0;0;0;0;1;1
42083;13;0;0;1;0;0;0;0;0;1;1;-0.048828125;15;8.023681640625;23.031005859375;8.031005859375;0.00732421875;0;0;0;0;1;1;0;0;0;0;0;0;0;1;0;0;0;0;0;1;1
42093;13;0;0;1;0;0;0;0;0;1;1;-0.048828125;15;8.023681640625;23.031005859375;8.031005859375;0.00732421875;0;0;0;0;1;1;0;0;0;0;0;0;0;1;0;0;0;0;0;1;1
42103;13;0;0;1;0;0;0;0;0;1;1;-0.048828125;15;8.023681640625;23.031005859375;8.031005859375;0.00732421875;0;0;0;0;1;1;0;0;0;0;0;0;0;1;0;0;0;0;0;1;1
42113;13;0;0;1;0;0;0;0;0;1;1;-0.048828125;15;8.023681640625;23.031005859375;8.031005859375;0.00732421875;0;0;0;0;1;1;0;0;0;0;0;0;0;1;0;0;0;0;0;1;1
42123;13;0;0;1;0;0;0;0;0;1;1;-0.048828125;15;8.023681640625;23.031005859375;8.031005859375;0.00732421875;0;0;0;0;1;1;0;0;0;0;0;0;0;1;0;0;0;0;0;1;1
42135;13;0;0;1;0;0;0;0;0;1;1;-0.048828125;15;8.023681640625;23.031005859375;8.031005859375;0.00732421875;0;0;0;0;1;1;0;0;0;0;0;0;0;1;0;0;0;0;0;1;1
42143;13;0;0;1;0;0;0;0;0;1;1;-0.048828125;15;8.023681640625;23.031005859375;8.031005859375;0.00732421875;0;0;0;0;1;1;0;0;0;0;0;0;0;1;0;0;0;0;0;1;1
42153;13;0;0;1;0;0;0;0;0;1;1;-0.048828125;15;8.023681640625;23.031005859375;8.031005859375;0.00732421875;0;0;0;0;1;1;0;0;0;0;0;0;0;1;0;0;0;0;0;1;1
42163;13;0;0;1;0;0;0;0;0;1;1;-0.048828125;15;8.023681640625;23.031005859375;8.031005859375;0.00732421875;0;0;0;0;1;1;0;0;0;0;0;0;0;1;0;0;0;0;0;1;1
42173;13;0;0;1;0;0;0;0;0;1;1;-0.048828125;15;8.023681640625;23.031005859375;8.031005859375;0.00732421875;0;0;0;0;1;1;0;0;0;0;0;0;0;1;0;0;0;0;0;1;1
42183;13;0;0;1;0;0;0;0;0;1;1;-0.048828125;15;8.023681640625;23.031005859375;8.031005859375;0.00732421875;0;0;0;0;1;1;0;0;0;0;0;0;0;1;0;0;0;0;0;1;1
42193;13;0;0;1;0;0;0;0;0;1;1;-0.048828125;15;8.023681640625;23.031005859375;8.031005859375;0.00732421875;0;0;0;0;1;1;0;0;0;0;0;0;0;1;0;0;0;0;0;1;1
42203;13;0;0;1;0;0;0;0;0;1;1;-0.048828125;15;8.023681640625;23.031005859375;8.031005859375;0.00732421875;0;0;0;0;1;1;0;0;0;0;0;0;0;1;0;0;0;0;0;1;1
42214;13;0;0;1;0;0;0;0;0;1;1;-0.048828125;15;8.023681640625;23.031005859375;8.031005859375;0.00732421875;0;0;0;0;1;1;0;0;0;0;0;0;0;1;0;0;0;0;0;1;1
42223;13;0;0;1;0;0;0;0;0;1;1;-0.048828125;15;8.023681640625;23.031005859375;8.031005859375;0.00732421875;0;0;0;0;1;1;0;0;0;0;0;0;0;1;0;0;0;0;0;1;1
42235;13;0;0;1;0;0;0;0;0;1;1;-0.048828125;15;8.023681640625;23.031005859375;8.031005859375;0.00732421875;0;0;0;0;1;1;0;0;0;0;0;0;0;1;0;0;0;0;0;1;1
42243;13;0;0;1;0;0;0;0;0;1;1;-0.048828125;15;8.023681640625;23.031005859375;8.031005859375;0.00732421875;0;0;0;0;1;1;0;0;0;0;0;0;0;1;0;0;0;0;0;1;1
42253;13;0;0;1;0;0;0;0;0;1;1;-0.048828125;15;8.023681640625;23.031005859375;8.031005859375;0.00732421875;0;0;0;0;1;1;0;0;0;0;0;0;0;1;0;0;0;0;0;1;1
42263;13;0;0;1;0;0;0;0;0;1;1;-0.048828125;15;8.023681640625;23.031005859375;8.031005859375;0.00732421875;0;0;0;0;1;1;0;0;0;0;0;0;0;1;0;0;0;0;0;1;1
42273;13;0;0;1;0;0;0;0;0;1;1;-0.048828125;15;8.023681640625;23.031005859375;8.031005859375;0.00732421875;0;0;0;0;1;1;0;0;0;0;0;0;0;1;0;0;0;0;0;1;1
42283;13;0;0;1;0;0;0;0;0;1;1;-0.048828125;15;8.023681640625;23.031005859375;8.031005859375;0.00732421875;0;0;0;0;1;1;0;0;0;0;0;0;0;1;0;0;0;0;0;1;1
42293;13;0;0;1;0;0;0;0;0;1;1;-0.048828125;15;8.023681640625;23.031005859375;8.031005859375;0.00732421875;0;0;0;0;1;1;0;0;0;0;0;0;0;1;0;0;0;0;0;1;1
42303;13;0;0;1;0;0;0;0;0;1;1;-0.048828125;15;8.023681640625;23.031005859375;8.031005859375;0.00732421875;0;0;0;0;1;1;0;0;0;0;0;0;0;1;0;0;0;0;0;1;1
42313;13;0;0;1;0;0;0;0;0;1;1;-0.048828125;15;8.023681640625;23.031005859375;8.031005859375;0.00732421875;0;0;0;0;1;1;0;0;0;0;0;0;0;1;0;0;0;0;0;1;1
42323;13;0;0;1;0;0;0;0;0;1;1;-0.048828125;15;8.023681640625;23.031005859375;8.031005859375;0.00732421875;0;0;0;0;1;1;0;0;0;0;0;0;0;1;0;0;0;0;0;1;1
42334;13;0;0;1;0;0;0;0;0;1;1;-0.048828125;15;8.023681640625;23.031005859375;8.031005859375;0.00732421875;0;0;0;0;1;1;0;0;0;0;0;0;0;1;0;0;0;0;0;1;1
42343;13;0;0;1;0;0;0;0;0;1;1;-0.048828125;15;8.023681640625;23.031005859375;8.031005859375;0.00732421875;0;0;0;0;1;1;0;0;0;0;0;0;0;1;0;0;0;0;0;1;1
42353;13;0;0;1;0;0;0;0;0;1;1;-0.048828125;15;8.023681640625;23.031005859375;8.031005859375;0.00732421875;0;0;0;0;1;1;0;0;0;0;0;0;0;1;0;0;0;0;0;1;1
42363;13;0;0;1;0;0;0;0;0;1;1;-0.048828125;15;8.023681640625;23.031005859375;8.031005859375;0.00732421875;0;0;0;0;1;1;0;0;0;0;0;0;0;1;0;0;0;0;0;1;1
42373;13;0;0;1;0;0;0;0;0;1;1;-0.048828125;15;8.023681640625;23.031005859375;8.031005859375;0.00732421875;0;0;0;0;1;1;0;0;0;0;0;0;0;1;0;0;0;0;0;1;1
42383;13;0;0;1;0;0;0;0;0;1;1;-0.048828125;15;8.023681640625;23.031005859375;8.031005859375;0.00732421875;0;0;0;0;1;1;0;0;0;0;0;0;0;1;0;0;0;0;0;1;1
42394;13;0;0;1;0;0;0;0;0;1;1;-0.048828125;15;8.023681640625;23.031005859375;8.031005859375;0.00732421875;0;0;0;0;1;1;0;0;0;0;0;0;0;1;0;0;0;0;0;1;1
42403;13;0;0;1;0;0;0;0;0;1;1;-0.048828125;15;8.023681640625;23.031005859375;8.031005859375;0.00732421875;0;0;0;0;1;1;0;0;0;0;0;0;0;1;0;0;0;0;0;1;1
42413;13;0;0;1;0;0;0;0;0;1;1;-0.048828125;15;8.023681640625;23.031005859375;8.031005859375;0.00732421875;0;0;0;0;1;1;0;0;0;0;0;0;0;1;0;0;0;0;0;1;1
42423;13;0;0;1;0;0;0;0;0;1;1;-0.048828125;15;8.023681640625;23.031005859375;8.031005859375;0.00732421875;0;0;0;0;1;1;0;0;0;0;0;0;0;1;0;0;0;0;0;1;1
42434;13;0;0;1;0;0;0;0;0;1;1;-0.048828125;15;8.023681640625;23.031005859375;8.031005859375;0.00732421875;0;0;0;0;1;1;0;0;0;0;0;0;0;1;0;0;0;0;0;1;1
42443;13;0;0;1;0;0;0;0;0;1;1;-0.048828125;15;8.023681640625;23.031005859375;8.031005859375;0.00732421875;0;0;0;0;1;1;0;0;0;0;0;0;0;1;0;0;0;0;0;1;1
42453;13;0;0;1;0;0;0;0;0;1;1;-0.048828125;15;8.023681640625;23.031005859375;8.031005859375;0.00732421875;0;0;0;0;1;1;0;0;0;0;0;0;0;1;0;0;0;0;0;1;1
42464;13;0;0;1;0;0;0;0;0;1;1;-0.048828125;15;8.023681640625;23.031005859375;8.031005859375;0.00732421875;0;0;0;0;1;1;0;0;0;0;0;0;0;1;0;0;0;0;0;1;1
42473;13;0;0;1;0;0;0;0;0;1;1;-0.048828125;15;8.023681640625;23.031005859375;8.031005859375;0.00732421875;0;0;0;0;1;1;0;0;0;0;0;0;0;1;0;0;0;0;0;1;1
42483;13;0;0;1;0;0;0;0;0;1;1;-0.048828125;15;8.023681640625;23.031005859375;8.031005859375;0.00732421875;0;0;0;0;1;1;0;0;0;0;0;0;0;1;0;0;0;0;0;1;1
42494;13;0;0;1;0;0;0;0;0;1;1;-0.048828125;15;8.023681640625;23.031005859375;8.031005859375;0.00732421875;0;0;0;0;1;1;0;0;0;0;0;0;0;1;0;0;0;0;0;1;1
42503;13;0;0;1;0;0;0;0;0;1;1;-0.048828125;15;8.023681640625;23.031005859375;8.031005859375;0.00732421875;0;0;0;0;1;1;0;0;0;0;0;0;0;1;0;0;0;0;0;1;1
42513;13;0;0;1;0;0;0;0;0;1;1;-0.048828125;15;8.023681640625;23.031005859375;8.031005859375;0.00732421875;0;0;0;0;1;1;0;0;0;0;0;0;0;1;0;0;0;0;0;1;1
42523;13;0;0;1;0;0;0;0;0;1;1;-0.048828125;15;8.023681640625;23.031005859375;8.031005859375;0.00732421875;0;0;0;0;1;1;0;0;0;0;0;0;0;1;0;0;0;0;0;1;1
42533;13;0;0;1;0;0;0;0;0;1;1;-0.048828125;15;8.023681640625;23.031005859375;8.031005859375;0.00732421875;0;0;0;0;1;1;0;0;0;0;0;0;0;1;0;0;0;0;0;1;1
42543;13;0;0;1;0;0;0;0;0;1;1;-0.048828125;15;8.023681640625;23.031005859375;8.031005859375;0.00732421875;0;0;0;0;1;1;0;0;0;0;0;0;0;1;0;0;0;0;0;1;1
42553;13;0;0;1;0;0;0;0;0;1;1;-0.048828125;15;8.023681640625;23.031005859375;8.031005859375;0.00732421875;0;0;0;0;1;1;0;0;0;0;0;0;0;1;0;0;0;0;0;1;1
42563;13;0;0;1;0;0;0;0;0;1;1;-0.048828125;15;8.023681640625;23.031005859375;8.031005859375;0.00732421875;0;0;0;0;1;1;0;0;0;0;0;0;0;1;0;0;0;0;0;1;1
42573;13;0;0;1;0;0;0;0;0;1;1;-0.048828125;15;8.023681640625;23.031005859375;8.031005859375;0.00732421875;0;0;0;0;1;1;0;0;0;0;0;0;0;1;0;0;0;0;0;1;1
42583;13;0;0;1;0;0;0;0;0;1;1;-0.048828125;15;8.023681640625;23.031005859375;8.031005859375;0.00732421875;0;0;0;0;1;1;0;0;0;0;0;0;0;1;0;0;0;0;0;1;1
42594;13;0;0;1;0;0;0;0;0;1;1;-0.048828125;15;8.023681640625;23.031005859375;8.031005859375;0.00732421875;0;0;0;0;1;1;0;0;0;0;0;0;0;1;0;0;0;0;0;1;1
42603;13;0;0;1;0;0;0;0;0;1;1;-0.048828125;15;8.023681640625;23.031005859375;8.031005859375;0.00732421875;0;0;0;0;1;1;0;0;0;0;0;0;0;1;0;0;0;0;0;1;1
42613;13;0;0;1;0;0;0;0;0;1;1;-0.048828125;15;8.023681640625;23.031005859375;8.031005859375;0.00732421875;0;0;0;0;1;1;0;0;0;0;0;0;0;1;0;0;0;0;0;1;1
42623;13;0;0;1;0;0;0;0;0;1;1;-0.048828125;15;8.023681640625;23.031005859375;8.031005859375;0.00732421875;0;0;0;0;1;1;0;0;0;0;0;0;0;1;0;0;0;0;0;1;1
42633;13;0;0;1;0;0;0;0;0;1;1;-0.048828125;15;8.023681640625;23.031005859375;8.031005859375;0.00732421875;0;0;0;0;1;1;0;0;0;0;0;0;0;1;0;0;0;0;0;1;1
42643;13;0;0;1;0;0;0;0;0;1;1;-0.048828125;15;8.023681640625;23.031005859375;8.031005859375;0.00732421875;0;0;0;0;1;1;0;0;0;0;0;0;0;1;0;0;0;0;0;1;1
42653;13;0;0;1;0;0;0;0;0;1;1;-0.048828125;15;8.023681640625;23.031005859375;8.031005859375;0.00732421875;0;0;0;0;1;1;0;0;0;0;0;0;0;1;0;0;0;0;0;1;1
42663;13;0;0;1;0;0;0;0;0;1;1;-0.048828125;15;8.023681640625;23.031005859375;8.031005859375;0.00732421875;0;0;0;0;1;1;0;0;0;0;0;0;0;1;0;0;0;0;0;1;1
42673;13;0;0;1;0;0;0;0;0;1;1;-0.048828125;15;8.023681640625;23.031005859375;8.031005859375;0.00732421875;0;0;0;0;1;1;0;0;0;0;0;0;0;1;0;0;0;0;0;1;1
42683;13;0;0;1;0;0;0;0;0;1;1;-0.048828125;15;8.023681640625;23.031005859375;8.031005859375;0.00732421875;0;0;0;0;1;1;0;0;0;0;0;0;0;1;0;0;0;0;0;1;1
42693;13;0;0;1;0;0;0;0;0;1;1;-0.048828125;15;8.023681640625;23.031005859375;8.031005859375;0.00732421875;0;0;0;0;1;1;0;0;0;0;0;0;0;1;0;0;0;0;0;1;1
42703;13;0;0;1;0;0;0;0;0;1;1;-0.048828125;15;8.023681640625;23.031005859375;8.031005859375;0.00732421875;0;0;0;0;1;1;0;0;0;0;0;0;0;1;0;0;0;0;0;1;1
42713;13;0;0;1;0;0;0;0;0;1;1;-0.048828125;15;8.023681640625;23.031005859375;8.031005859375;0.00732421875;0;0;0;0;1;1;0;0;0;0;0;0;0;1;0;0;0;0;0;1;1
42723;13;0;0;1;0;0;0;0;0;1;1;-0.048828125;15;8.023681640625;23.031005859375;8.031005859375;0.00732421875;0;0;0;0;1;1;0;0;0;0;0;0;0;1;0;0;0;0;0;1;1
42734;13;0;0;1;0;0;0;0;0;1;1;-0.048828125;15;8.023681640625;23.031005859375;8.031005859375;0.00732421875;0;0;0;0;1;1;0;0;0;0;0;0;0;1;0;0;0;0;0;1;1
42743;13;0;0;1;0;0;0;0;0;1;1;-0.048828125;15;8.023681640625;23.031005859375;8.031005859375;0.00732421875;0;0;0;0;1;1;0;0;0;0;0;0;0;1;0;0;0;0;0;1;1
42753;13;0;0;1;0;0;0;0;0;1;1;-0.048828125;15;8.023681640625;23.031005859375;8.031005859375;0.00732421875;0;0;0;0;1;1;0;0;0;0;0;0;0;1;0;0;0;0;0;1;1
42763;13;0;0;1;0;0;0;0;0;1;1;-0.048828125;15;8.023681640625;23.031005859375;8.031005859375;0.00732421875;0;0;0;0;1;1;0;0;0;0;0;0;0;1;0;0;0;0;0;1;1
42773;13;0;0;1;0;0;0;0;0;1;1;-0.048828125;15;8.023681640625;23.031005859375;8.031005859375;0.00732421875;0;0;0;0;1;1;0;0;0;0;0;0;0;1;0;0;0;0;0;1;1
42783;13;0;0;1;0;0;0;0;0;1;1;-0.048828125;15;8.023681640625;23.031005859375;8.031005859375;0.00732421875;0;0;0;0;1;1;0;0;0;0;0;0;0;1;0;0;0;0;0;1;1
42794;13;0;0;1;0;0;0;0;0;1;1;-0.048828125;15;8.023681640625;23.031005859375;8.031005859375;0.00732421875;0;0;0;0;1;1;0;0;0;0;0;0;0;1;0;0;0;0;0;1;1
42803;13;0;0;1;0;0;0;0;0;1;1;-0.048828125;15;8.023681640625;23.031005859375;8.031005859375;0.00732421875;0;0;0;0;1;1;0;0;0;0;0;0;0;1;0;0;0;0;0;1;1
42813;13;0;0;1;0;0;0;0;0;1;1;-0.048828125;15;8.023681640625;23.031005859375;8.031005859375;0.00732421875;0;0;0;0;1;1;0;0;0;0;0;0;0;1;0;0;0;0;0;1;1
42824;13;0;0;1;0;0;0;0;0;1;1;-0.048828125;15;8.023681640625;23.031005859375;8.031005859375;0.00732421875;0;0;0;0;1;1;0;0;0;0;0;0;0;1;0;0;0;0;0;1;1
42833;13;0;0;1;0;0;0;0;0;1;1;-0.048828125;15;8.023681640625;23.031005859375;8.031005859375;0.00732421875;0;0;0;0;1;1;0;0;0;0;0;0;0;1;0;0;0;0;0;1;1
42843;13;0;0;1;0;0;0;0;0;1;1;-0.048828125;15;8.023681640625;23.031005859375;8.031005859375;0.00732421875;0;0;0;0;1;1;0;0;0;0;0;0;0;1;0;0;0;0;0;1;1
42853;13;0;0;1;0;0;0;0;0;1;1;-0.048828125;15;8.023681640625;23.031005859375;8.031005859375;0.00732421875;0;0;0;0;1;1;0;0;0;0;0;0;0;1;0;0;0;0;0;1;1
42863;13;0;0;1;0;0;0;0;0;1;1;-0.048828125;15;8.023681640625;23.031005859375;8.031005859375;0.00732421875;0;0;0;0;1;1;0;0;0;0;0;0;0;1;0;0;0;0;0;1;1
42873;13;0;0;1;0;0;0;0;0;1;1;-0.048828125;15;8.023681640625;23.031005859375;8.031005859375;0.00732421875;0;0;0;0;1;1;0;0;0;0;0;0;0;1;0;0;0;0;0;1;1
42883;13;0;0;1;0;0;0;0;0;1;1;-0.048828125;15;8.023681640625;23.031005859375;8.031005859375;0.00732421875;0;0;0;0;1;1;0;0;0;0;0;0;0;1;0;0;0;0;0;1;1
42894;13;0;0;1;0;0;0;0;0;1;1;-0.048828125;15;8.023681640625;23.031005859375;8.031005859375;0.00732421875;0;0;0;0;1;1;0;0;0;0;0;0;0;1;0;0;0;0;0;1;1
42903;13;0;0;1;0;0;0;0;0;1;1;-0.048828125;15;8.023681640625;23.031005859375;8.031005859375;0.00732421875;0;0;0;0;1;1;0;0;0;0;0;0;0;1;0;0;0;0;0;1;1
42913;13;0;0;1;0;0;0;0;0;1;1;-0.048828125;15;8.023681640625;23.031005859375;8.031005859375;0.00732421875;0;0;0;0;1;1;0;0;0;0;0;0;0;1;0;0;0;0;0;1;1
42923;13;0;0;1;0;0;0;0;0;1;1;-0.048828125;15;8.023681640625;23.031005859375;8.031005859375;0.00732421875;0;0;0;0;1;1;0;0;0;0;0;0;0;1;0;0;0;0;0;1;1
42933;13;0;0;1;0;0;0;0;0;1;1;-0.048828125;15;8.023681640625;23.031005859375;8.031005859375;0.00732421875;0;0;0;0;1;1;0;0;0;0;0;0;0;1;0;0;0;0;0;1;1
42943;13;0;0;1;0;0;0;0;0;1;1;-0.048828125;15;8.023681640625;23.031005859375;8.031005859375;0.00732421875;0;0;0;0;1;1;0;0;0;0;0;0;0;1;0;0;0;0;0;1;1
42953;13;0;0;1;0;0;0;0;0;1;1;-0.048828125;15;8.023681640625;23.031005859375;8.031005859375;0.00732421875;0;0;0;0;1;1;0;0;0;0;0;0;0;1;0;0;0;0;0;1;1
42963;13;0;0;1;0;0;0;0;0;1;1;-0.048828125;15;8.023681640625;23.031005859375;8.031005859375;0.00732421875;0;0;0;0;1;1;0;0;0;0;0;0;0;1;0;0;0;0;0;1;1
42973;13;0;0;1;0;0;0;0;0;1;1;-0.048828125;15;8.023681640625;23.031005859375;8.031005859375;0.00732421875;0;0;0;0;1;1;0;0;0;0;0;0;0;1;0;0;0;0;0;1;1
42983;13;0;0;1;0;0;0;0;0;1;1;-0.048828125;15;8.023681640625;23.031005859375;8.031005859375;0.00732421875;0;0;0;0;1;1;0;0;0;0;0;0;0;1;0;0;0;0;0;1;1
42994;13;0;0;1;0;0;0;0;0;1;1;-0.048828125;15;8.023681640625;23.031005859375;8.031005859375;0.00732421875;0;0;0;0;1;1;0;0;0;0;0;0;0;1;0;0;0;0;0;1;1
43003;13;0;0;1;0;0;0;0;0;1;1;-0.048828125;15;8.023681640625;23.031005859375;8.031005859375;0.00732421875;0;0;0;0;1;1;0;0;0;0;0;0;0;1;0;0;0;0;0;1;1
43014;13;0;0;1;0;0;0;0;0;1;1;-0.048828125;15;8.023681640625;23.031005859375;8.031005859375;0.00732421875;0;0;0;0;1;1;0;0;0;0;0;0;0;1;0;0;0;0;0;1;1
43023;13;0;0;1;0;0;0;0;0;1;1;-0.048828125;15;8.023681640625;23.031005859375;8.031005859375;0.00732421875;0;0;0;0;1;1;0;0;0;0;0;0;0;1;0;0;0;0;0;1;1
43033;13;0;0;1;0;0;0;0;0;1;1;-0.048828125;15;8.023681640625;23.031005859375;8.031005859375;0.00732421875;0;0;0;0;1;1;0;0;0;0;0;0;0;1;0;0;0;0;0;1;1
43043;13;0;0;1;0;0;0;0;0;1;1;-0.048828125;15;8.023681640625;23.031005859375;8.031005859375;0.00732421875;0;0;0;0;1;1;0;0;0;0;0;0;0;1;0;0;0;0;0;1;1
43053;13;0;0;1;0;0;0;0;0;1;1;-0.048828125;15;8.023681640625;23.031005859375;8.031005859375;0.00732421875;0;0;0;0;1;1;0;0;0;0;0;0;0;1;0;0;0;0;0;1;1
43063;13;0;0;1;0;0;0;0;0;1;1;-0.048828125;15;8.023681640625;23.031005859375;8.031005859375;0.00732421875;0;0;0;0;1;1;0;0;0;0;0;0;0;1;0;0;0;0;0;1;1
43073;13;0;0;1;0;0;0;0;0;1;1;-0.048828125;15;8.023681640625;23.031005859375;8.031005859375;0.00732421875;0;0;0;0;1;1;0;0;0;0;0;0;0;1;0;0;0;0;0;1;1
43083;13;0;0;1;0;0;0;0;0;1;1;-0.048828125;15;8.023681640625;23.031005859375;8.031005859375;0.00732421875;0;0;0;0;1;1;0;0;0;0;0;0;0;1;0;0;0;0;0;1;1
43096;13;0;0;1;0;0;0;0;0;1;1;-0.048828125;15;8.023681640625;23.031005859375;8.031005859375;0.00732421875;0;0;0;0;1;1;0;0;0;0;0;0;0;1;0;0;0;0;0;1;1
43103;13;0;0;1;0;0;0;0;0;1;1;-0.048828125;15;8.023681640625;23.031005859375;8.031005859375;0.00732421875;0;0;0;0;1;1;0;0;0;0;0;0;0;1;0;0;0;0;0;1;1
43113;13;0;0;1;0;0;0;0;0;1;1;-0.048828125;15;8.023681640625;23.031005859375;8.031005859375;0.00732421875;0;0;0;0;1;1;0;0;0;0;0;0;0;1;0;0;0;0;0;1;1
43123;13;0;0;1;0;0;0;0;0;1;1;-0.048828125;15;8.023681640625;23.031005859375;8.031005859375;0.00732421875;0;0;0;0;1;1;0;0;0;0;0;0;0;1;0;0;0;0;0;1;1
43134;13;0;0;1;0;0;0;0;0;1;1;-0.048828125;15;8.023681640625;23.031005859375;8.031005859375;0.00732421875;0;0;0;0;1;1;0;0;0;0;0;0;0;1;0;0;0;0;0;1;1
43143;13;0;0;1;0;0;0;0;0;1;1;-0.048828125;15;8.023681640625;23.031005859375;8.031005859375;0.00732421875;0;0;0;0;1;1;0;0;0;0;0;0;0;1;0;0;0;0;0;1;1
43155;13;0;0;1;0;0;0;0;0;1;1;-0.048828125;15;8.023681640625;23.031005859375;8.031005859375;0.00732421875;0;0;0;0;1;1;0;0;0;0;0;0;0;1;0;0;0;0;0;1;1
43163;13;0;0;1;0;0;0;0;0;1;1;-0.048828125;15;8.023681640625;23.031005859375;8.031005859375;0.00732421875;0;0;0;0;1;1;0;0;0;0;0;0;0;1;0;0;0;0;0;1;1
43173;13;0;0;1;0;0;0;0;0;1;1;-0.048828125;15;8.023681640625;23.031005859375;8.031005859375;0.00732421875;0;0;0;0;1;1;0;0;0;0;0;0;0;1;0;0;0;0;0;1;1
43183;13;0;0;1;0;0;0;0;0;1;1;-0.048828125;15;8.023681640625;23.031005859375;8.031005859375;0.00732421875;0;0;0;0;1;1;0;0;0;0;0;0;0;1;0;0;0;0;0;1;1
43193;14;0;0;1;0;0;0;0;0;1;1;-0.048828125;15;8.023681640625;23.031005859375;8.031005859375;0.00732421875;0;0;0;0;1;1;0;0;0;0;0;0;0;1;0;0;0;0;0;1;1
43203;14;0;0;1;0;0;0;0;0;1;1;-0.048828125;15;8.023681640625;23.031005859375;8.031005859375;0.00732421875;0;0;0;0;1;1;0;0;0;0;0;0;0;1;0;0;0;0;0;1;1
43213;14;0;0;1;0;0;0;0;0;1;1;-0.048828125;15;8.023681640625;23.031005859375;8.031005859375;0.00732421875;0;0;0;0;1;1;0;0;0;0;0;0;0;1;0;0;0;0;0;1;1
43223;14;0;0;1;0;0;0;0;0;1;1;-0.048828125;15;8.023681640625;23.031005859375;8.031005859375;0.00732421875;0;0;0;0;1;1;0;0;0;0;0;0;0;1;0;0;0;0;0;1;1
43233;14;0;0;1;0;0;0;0;0;1;1;-0.048828125;15;8.023681640625;23.031005859375;8.031005859375;0.00732421875;0;0;0;0;1;1;0;0;0;0;0;0;0;1;0;0;0;0;0;1;1
43243;14;0;0;1;0;0;0;0;0;1;1;-0.048828125;15;8.023681640625;23.031005859375;8.031005859375;0.00732421875;0;0;0;0;1;1;0;0;0;0;0;0;0;1;0;0;0;0;0;1;1
43255;14;0;0;1;0;0;0;0;0;1;1;-0.048828125;15;8.023681640625;23.031005859375;8.031005859375;0.00732421875;0;0;0;0;1;1;0;0;0;0;0;0;0;1;0;0;0;0;0;1;1
43263;14;0;0;1;0;0;0;0;0;1;1;-0.048828125;15;8.023681640625;23.031005859375;8.031005859375;0.00732421875;0;0;0;0;1;1;0;0;0;0;0;0;0;1;0;0;0;0;0;1;1
43273;14;0;0;1;0;0;0;0;0;1;1;-0.048828125;15;8.023681640625;23.031005859375;8.031005859375;0.00732421875;0;0;0;0;1;1;0;0;0;0;0;0;0;1;0;0;0;0;0;1;1
43283;14;0;0;1;0;0;0;0;0;1;1;-0.048828125;15;8.023681640625;23.031005859375;8.031005859375;0.00732421875;0;0;0;0;1;1;0;0;0;0;0;0;0;1;0;0;0;0;0;1;1
43294;14;0;0;1;0;0;0;0;0;1;1;-0.048828125;15;8.023681640625;23.031005859375;8.031005859375;0.00732421875;0;0;0;0;1;1;0;0;0;0;0;0;0;1;0;0;0;0;0;1;1
43303;14;0;0;1;0;0;0;0;0;1;1;-0.048828125;15;8.023681640625;23.031005859375;8.031005859375;0.00732421875;0;0;0;0;1;1;0;0;0;0;0;0;0;1;0;0;0;0;0;1;1
43313;14;0;0;1;0;0;0;0;0;1;1;-0.048828125;15;8.023681640625;23.031005859375;8.031005859375;0.00732421875;0;0;0;0;1;1;0;0;0;0;0;0;0;1;0;0;0;0;0;1;1
43324;14;0;0;1;0;0;0;0;0;1;1;-0.048828125;15;8.023681640625;23.031005859375;8.031005859375;0.00732421875;0;0;0;0;1;1;0;0;0;0;0;0;0;1;0;0;0;0;0;1;1
43333;14;0;0;1;0;0;0;0;0;1;1;-0.048828125;15;8.023681640625;23.031005859375;8.031005859375;0.00732421875;0;0;0;0;1;1;0;0;0;0;0;0;0;1;0;0;0;0;0;1;1
43343;14;0;0;1;0;0;0;0;0;1;1;-0.048828125;15;8.023681640625;23.031005859375;8.031005859375;0.00732421875;0;0;0;0;1;1;0;0;0;0;0;0;0;1;0;0;0;0;0;1;1
43353;14;0;0;1;0;0;0;0;0;1;1;-0.048828125;15;8.023681640625;23.031005859375;8.031005859375;0.00732421875;0;0;0;0;1;1;0;0;0;0;0;0;0;1;0;0;0;0;0;1;1
43363;14;0;0;1;0;0;0;0;0;1;1;-0.048828125;15;8.023681640625;23.031005859375;8.031005859375;0.00732421875;0;0;0;0;1;1;0;0;0;0;0;0;0;1;0;0;0;0;0;1;1
43373;14;0;0;1;0;0;0;0;0;1;1;-0.048828125;15;8.023681640625;23.031005859375;8.031005859375;0.00732421875;0;0;0;0;1;1;0;0;0;0;0;0;0;1;0;0;0;0;0;1;1
43383;14;0;0;1;0;0;0;0;0;1;1;-0.048828125;15;8.023681640625;23.031005859375;8.031005859375;0.00732421875;0;0;0;0;1;1;0;0;0;0;0;0;0;1;0;0;0;0;0;1;1
43393;14;0;0;1;0;0;0;0;0;1;1;-0.048828125;15;8.023681640625;23.031005859375;8.031005859375;0.00732421875;0;0;0;0;1;1;0;0;0;0;0;0;0;1;0;0;0;0;0;1;1
43403;14;0;0;1;0;0;0;0;0;1;1;-0.048828125;15;8.023681640625;23.031005859375;8.031005859375;0.00732421875;0;0;0;0;1;1;0;0;0;0;0;0;0;1;0;0;0;0;0;1;1
43413;14;0;0;1;0;0;0;0;0;1;1;-0.048828125;15;8.023681640625;23.031005859375;8.031005859375;0.00732421875;0;0;0;0;1;1;0;0;0;0;0;0;0;1;0;0;0;0;0;1;1
43423;14;0;0;1;0;0;0;0;0;1;1;-0.048828125;15;8.023681640625;23.031005859375;8.031005859375;0.00732421875;0;0;0;0;1;1;0;0;0;0;0;0;0;1;0;0;0;0;0;1;1
43434;14;0;0;1;0;0;0;0;0;1;1;-0.048828125;15;8.023681640625;23.031005859375;8.031005859375;0.00732421875;0;0;0;0;1;1;0;0;0;0;0;0;0;1;0;0;0;0;0;1;1
43443;14;0;0;1;0;0;0;0;0;1;1;-0.048828125;15;8.023681640625;23.031005859375;8.031005859375;0.00732421875;0;0;0;0;1;1;0;0;0;0;0;0;0;1;0;0;0;0;0;1;1
43453;14;0;0;1;0;0;0;0;0;1;1;-0.048828125;15;8.023681640625;23.031005859375;8.031005859375;0.00732421875;0;0;0;0;1;1;0;0;0;0;0;0;0;1;0;0;0;0;0;1;1
43463;14;0;0;1;0;0;0;0;0;1;1;-0.048828125;15;8.023681640625;23.031005859375;8.031005859375;0.00732421875;0;0;0;0;1;1;0;0;0;0;0;0;0;1;0;0;0;0;0;1;1
43473;14;0;0;1;0;0;0;0;0;1;1;-0.048828125;15;8.023681640625;23.031005859375;8.031005859375;0.00732421875;0;0;0;0;1;1;0;0;0;0;0;0;0;1;0;0;0;0;0;1;1
43483;14;0;0;1;0;0;0;0;0;1;1;-0.048828125;15;8.023681640625;23.031005859375;8.031005859375;0.00732421875;0;0;0;0;1;1;0;0;0;0;0;0;0;1;0;0;0;0;0;1;1
43493;14;0;0;1;0;0;0;0;0;1;1;-0.048828125;15;8.023681640625;23.031005859375;8.031005859375;0.00732421875;0;0;0;0;1;1;0;0;0;0;0;0;0;1;0;0;0;0;0;1;1
43503;14;0;0;1;0;0;0;0;0;1;1;-0.048828125;15;8.023681640625;23.031005859375;8.031005859375;0.00732421875;0;0;0;0;1;1;0;0;0;0;0;0;0;1;0;0;0;0;0;1;1
43513;14;0;0;1;0;0;0;0;0;1;1;-0.048828125;15;8.023681640625;23.031005859375;8.031005859375;0.00732421875;0;0;0;0;1;1;0;0;0;0;0;0;0;1;0;0;0;0;0;1;1
43524;14;0;0;1;0;0;0;0;0;1;1;-0.048828125;15;8.023681640625;23.031005859375;8.031005859375;0.00732421875;0;0;0;0;1;1;0;0;0;0;0;0;0;1;0;0;0;0;0;1;1
43533;14;0;0;1;0;0;0;0;0;1;1;-0.048828125;15;8.023681640625;23.031005859375;8.031005859375;0.00732421875;0;0;0;0;1;1;0;0;0;0;0;0;0;1;0;0;0;0;0;1;1
43543;14;0;0;1;0;0;0;0;0;1;1;-0.048828125;15;8.023681640625;23.031005859375;8.031005859375;0.00732421875;0;0;0;0;1;1;0;0;0;0;0;0;0;1;0;0;0;0;0;1;1
43553;14;0;0;1;0;0;0;0;0;1;1;-0.048828125;15;8.023681640625;23.031005859375;8.031005859375;0.00732421875;0;0;0;0;1;1;0;0;0;0;0;0;0;1;0;0;0;0;0;1;1
43563;14;0;0;1;0;0;0;0;0;1;1;-0.048828125;15;8.023681640625;23.031005859375;8.031005859375;0.00732421875;0;0;0;0;1;1;0;0;0;0;0;0;0;1;0;0;0;0;0;1;1
43573;14;0;0;1;0;0;0;0;0;1;1;-0.048828125;15;8.023681640625;23.031005859375;8.031005859375;0.00732421875;0;0;0;0;1;1;0;0;0;0;0;0;0;1;0;0;0;0;0;1;1
43585;14;0;0;1;0;0;0;0;0;1;1;-0.048828125;15;8.023681640625;23.031005859375;8.031005859375;0.00732421875;0;0;0;0;1;1;0;0;0;0;0;0;0;1;0;0;0;0;0;1;1
43593;14;0;0;1;0;0;0;0;0;1;1;-0.048828125;15;8.023681640625;23.031005859375;8.031005859375;0.00732421875;0;0;0;0;1;1;0;0;0;0;0;0;0;1;0;0;0;0;0;1;1
43603;14;0;0;1;0;0;0;0;0;1;1;-0.048828125;15;8.023681640625;23.031005859375;8.031005859375;0.00732421875;0;0;0;0;1;1;0;0;0;0;0;0;0;1;0;0;0;0;0;1;1
43613;14;0;0;1;0;0;0;0;0;1;1;-0.048828125;15;8.023681640625;23.031005859375;8.031005859375;0.00732421875;0;0;0;0;1;1;0;0;0;0;0;0;0;1;0;0;0;0;0;1;1
43623;14;0;0;1;0;0;0;0;0;1;1;-0.048828125;15;8.023681640625;23.031005859375;8.031005859375;0.00732421875;0;0;0;0;1;1;0;0;0;0;0;0;0;1;0;0;0;0;0;1;1
43633;14;0;0;1;0;0;0;0;0;1;1;-0.048828125;15;8.023681640625;23.031005859375;8.031005859375;0.00732421875;0;0;0;0;1;1;0;0;0;0;0;0;0;1;0;0;0;0;0;1;1
43643;14;0;0;1;0;0;0;0;0;1;1;-0.048828125;15;8.023681640625;23.031005859375;8.031005859375;0.00732421875;0;0;0;0;1;1;0;0;0;0;0;0;0;1;0;0;0;0;0;1;1
43653;14;0;0;1;0;0;0;0;0;1;1;-0.048828125;15;8.023681640625;23.031005859375;8.031005859375;0.00732421875;0;0;0;0;1;1;0;0;0;0;0;0;0;1;0;0;0;0;0;1;1
43663;14;0;0;1;0;0;0;0;0;1;1;-0.048828125;15;8.023681640625;23.031005859375;8.031005859375;0.00732421875;0;0;0;0;1;1;0;0;0;0;0;0;0;1;0;0;0;0;0;1;1
43674;14;0;0;1;0;0;0;0;0;1;1;-0.048828125;15;8.023681640625;23.031005859375;8.031005859375;0.00732421875;0;0;0;0;1;1;0;0;0;0;0;0;0;1;0;0;0;0;0;1;1
43684;14;0;0;1;0;0;0;0;0;1;1;-0.048828125;15;8.023681640625;23.031005859375;8.031005859375;0.00732421875;0;0;0;0;1;1;0;0;0;0;0;0;0;1;0;0;0;0;0;1;1
43694;14;0;0;1;0;0;0;0;0;1;1;-0.048828125;15;8.023681640625;23.031005859375;8.031005859375;0.00732421875;0;0;0;0;1;1;0;0;0;0;0;0;0;1;0;0;0;0;0;1;1
43703;14;0;0;1;0;0;0;0;0;1;1;-0.048828125;15;8.023681640625;23.031005859375;8.031005859375;0.00732421875;0;0;0;0;1;1;0;0;0;0;0;0;0;1;0;0;0;0;0;1;1
43713;14;0;0;1;0;0;0;0;0;1;1;-0.048828125;15;8.023681640625;23.031005859375;8.031005859375;0.00732421875;0;0;0;0;1;1;0;0;0;0;0;0;0;1;0;0;0;0;0;1;1
43723;14;0;0;1;0;0;0;0;0;1;1;-0.048828125;15;8.023681640625;23.031005859375;8.031005859375;0.00732421875;0;0;0;0;1;1;0;0;0;0;0;0;0;1;0;0;0;0;0;1;1
43733;14;0;0;1;0;0;0;0;0;1;1;-0.0504557304084301;15;8.0234375;23.031005859375;8.031005859375;0.007568359375;0;0;0;0;1;1;0;0;0;0;0;0;0;1;0;0;0;0;0;1;1
43743;14;0;0;1;0;0;0;0;0;1;1;-0.0504557304084301;15;8.0234375;23.031005859375;8.031005859375;0.007568359375;0;0;0;0;1;1;0;0;0;0;0;0;0;1;0;0;0;0;0;1;1
43754;14;0;0;1;0;0;0;0;0;1;1;-0.0504557304084301;15;8.0234375;23.031005859375;8.031005859375;0.007568359375;0;0;0;0;1;1;0;0;0;0;0;0;0;1;0;0;0;0;0;1;1
43763;14;0;0;1;0;0;0;0;0;1;1;-0.0504557304084301;15;8.0234375;23.031005859375;8.031005859375;0.007568359375;0;0;0;0;1;1;0;0;0;0;0;0;0;1;0;0;0;0;0;1;1
43773;14;0;0;1;0;0;0;0;0;1;1;-0.0504557304084301;15;8.0234375;23.031005859375;8.031005859375;0.007568359375;0;0;0;0;1;1;0;0;0;0;0;0;0;1;0;0;0;0;0;1;1
43783;14;0;0;1;0;0;0;0;0;1;1;-0.048828125;15;8.023681640625;23.031005859375;8.031005859375;0.00732421875;0;0;0;0;1;1;0;0;0;0;0;0;0;1;0;0;0;0;0;1;1
43793;14;0;0;1;0;0;0;0;0;1;1;-0.048828125;15;8.023681640625;23.031005859375;8.031005859375;0.00732421875;0;0;0;0;1;1;0;0;0;0;0;0;0;1;0;0;0;0;0;1;1
43803;14;0;0;1;0;0;0;0;0;1;1;-0.048828125;15;8.023681640625;23.031005859375;8.031005859375;0.00732421875;0;0;0;0;1;1;0;0;0;0;0;0;0;1;0;0;0;0;0;1;1
43815;14;0;0;1;0;0;0;0;0;1;1;-0.048828125;15;8.023681640625;23.031005859375;8.031005859375;0.00732421875;0;0;0;0;1;1;0;0;0;0;0;0;0;1;0;0;0;0;0;1;1
43823;14;0;0;1;0;0;0;0;0;1;1;-0.048828125;15;8.023681640625;23.031005859375;8.031005859375;0.00732421875;0;0;0;0;1;1;0;0;0;0;0;0;0;1;0;0;0;0;0;1;1
43833;14;0;0;1;0;0;0;0;0;1;1;-0.048828125;15;8.023681640625;23.031005859375;8.031005859375;0.00732421875;0;0;0;0;1;1;0;0;0;0;0;0;0;1;0;0;0;0;0;1;1
43843;14;0;0;1;0;0;0;0;0;1;1;-0.048828125;15;8.023681640625;23.031005859375;8.031005859375;0.00732421875;0;0;0;0;1;1;0;0;0;0;0;0;0;1;0;0;0;0;0;1;1
43854;14;0;0;1;0;0;0;0;0;1;1;-0.048828125;15;8.023681640625;23.031005859375;8.031005859375;0.00732421875;0;0;0;0;1;1;0;0;0;0;0;0;0;1;0;0;0;0;0;1;1
43863;14;0;0;1;0;0;0;0;0;1;1;-0.048828125;15;8.023681640625;23.031005859375;8.031005859375;0.00732421875;0;0;0;0;1;1;0;0;0;0;0;0;0;1;0;0;0;0;0;1;1
43873;14;0;0;1;0;0;0;0;0;1;1;-0.048828125;15;8.023681640625;23.031005859375;8.031005859375;0.00732421875;0;0;0;0;1;1;0;0;0;0;0;0;0;1;0;0;0;0;0;1;1
43883;14;0;0;1;0;0;0;0;0;1;1;-0.048828125;15;8.023681640625;23.031005859375;8.031005859375;0.00732421875;0;0;0;0;1;1;0;0;0;0;0;0;0;1;0;0;0;0;0;1;1
43894;14;0;0;1;0;0;0;0;0;1;1;-0.048828125;15;8.023681640625;23.031005859375;8.031005859375;0.00732421875;0;0;0;0;1;1;0;0;0;0;0;0;0;1;0;0;0;0;0;1;1
43903;14;0;0;1;0;0;0;0;0;1;1;-0.048828125;15;8.023681640625;23.031005859375;8.031005859375;0.00732421875;0;0;0;0;1;1;0;0;0;0;0;0;0;1;0;0;0;0;0;1;1
43914;14;0;0;1;0;0;0;0;0;1;1;-0.048828125;15;8.023681640625;23.031005859375;8.031005859375;0.00732421875;0;0;0;0;1;1;0;0;0;0;0;0;0;1;0;0;0;0;0;1;1
43923;14;0;0;1;0;0;0;0;0;1;1;-0.048828125;15;8.023681640625;23.031005859375;8.031005859375;0.00732421875;0;0;0;0;1;1;0;0;0;0;0;0;0;1;0;0;0;0;0;1;1
43933;14;0;0;1;0;0;0;0;0;1;1;-0.048828125;15;8.023681640625;23.031005859375;8.031005859375;0.00732421875;0;0;0;0;1;1;0;0;0;0;0;0;0;1;0;0;0;0;0;1;1
43943;14;0;0;1;0;0;0;0;0;1;1;-0.048828125;15;8.023681640625;23.031005859375;8.031005859375;0.00732421875;0;0;0;0;1;1;0;0;0;0;0;0;0;1;0;0;0;0;0;1;1
43954;14;0;0;1;0;0;0;0;0;1;1;-0.048828125;15;8.023681640625;23.031005859375;8.031005859375;0.00732421875;0;0;0;0;1;1;0;0;0;0;0;0;0;1;0;0;0;0;0;1;1
43963;14;0;0;1;0;0;0;0;0;1;1;-0.0504557304084301;15;8.0234375;23.031005859375;8.031005859375;0.007568359375;0;0;0;0;1;1;0;0;0;0;0;0;0;1;0;0;0;0;0;1;1
43973;14;0;0;1;0;0;0;0;0;1;1;-0.0504557304084301;15;8.0234375;23.031005859375;8.031005859375;0.007568359375;0;0;0;0;1;1;0;0;0;0;0;0;0;1;0;0;0;0;0;1;1
43983;14;0;0;1;0;0;0;0;0;1;1;-0.0504557304084301;15;8.0234375;23.031005859375;8.031005859375;0.007568359375;0;0;0;0;1;1;0;0;0;0;0;0;0;1;0;0;0;0;0;1;1
43993;14;0;0;1;0;0;0;0;0;1;1;-0.0504557304084301;15;8.0234375;23.031005859375;8.031005859375;0.007568359375;0;0;0;0;1;1;0;0;0;0;0;0;0;1;0;0;0;0;0;1;1
44003;14;0;0;1;0;0;0;0;0;1;1;-0.0504557304084301;15;8.0234375;23.031005859375;8.031005859375;0.007568359375;0;0;0;0;1;1;0;0;0;0;0;0;0;1;0;0;0;0;0;1;1
44014;14;0;0;1;0;0;0;0;0;1;1;-0.0504557304084301;15;8.0234375;23.031005859375;8.031005859375;0.007568359375;0;0;0;0;1;1;0;0;0;0;0;0;0;1;0;0;0;0;0;1;1
44023;14;0;0;1;0;0;0;0;0;1;1;-0.048828125;15;8.023681640625;23.031005859375;8.031005859375;0.00732421875;0;0;0;0;1;1;0;0;0;0;0;0;0;1;0;0;0;0;0;1;1
44033;14;0;0;1;0;0;0;0;0;1;1;-0.048828125;15;8.023681640625;23.031005859375;8.031005859375;0.00732421875;0;0;0;0;1;1;0;0;0;0;0;0;0;1;0;0;0;0;0;1;1
44043;14;0;0;1;0;0;0;0;0;1;1;-0.048828125;15;8.023681640625;23.031005859375;8.031005859375;0.00732421875;0;0;0;0;1;1;0;0;0;0;0;0;0;1;0;0;0;0;0;1;1
44053;14;0;0;1;0;0;0;0;0;1;1;-0.048828125;15;8.023681640625;23.031005859375;8.031005859375;0.00732421875;0;0;0;0;1;1;0;0;0;0;0;0;0;1;0;0;0;0;0;1;1
44063;14;0;0;1;0;0;0;0;0;1;1;-0.048828125;15;8.023681640625;23.031005859375;8.031005859375;0.00732421875;0;0;0;0;1;1;0;0;0;0;0;0;0;1;0;0;0;0;0;1;1
44073;14;0;0;1;0;0;0;0;0;1;1;-0.048828125;15;8.023681640625;23.031005859375;8.031005859375;0.00732421875;0;0;0;0;1;1;0;0;0;0;0;0;0;1;0;0;0;0;0;1;1
44084;14;0;0;1;0;0;0;0;0;1;1;-0.048828125;15;8.023681640625;23.031005859375;8.031005859375;0.00732421875;0;0;0;0;1;1;0;0;0;0;0;0;0;1;0;0;0;0;0;1;1
44093;14;0;0;1;0;0;0;0;0;1;1;-0.048828125;15;8.023681640625;23.031005859375;8.031005859375;0.00732421875;0;0;0;0;1;1;0;0;0;0;0;0;0;1;0;0;0;0;0;1;1
44103;14;0;0;1;0;0;0;0;0;1;1;-0.048828125;15;8.023681640625;23.031005859375;8.031005859375;0.00732421875;0;0;0;0;1;1;0;0;0;0;0;0;0;1;0;0;0;0;0;1;1
44113;14;0;0;1;0;0;0;0;0;1;1;-0.048828125;15;8.023681640625;23.031005859375;8.031005859375;0.00732421875;0;0;0;0;1;1;0;0;0;0;0;0;0;1;0;0;0;0;0;1;1
44123;14;0;0;1;0;0;0;0;0;1;1;-0.048828125;15;8.023681640625;23.031005859375;8.031005859375;0.00732421875;0;0;0;0;1;1;0;0;0;0;0;0;0;1;0;0;0;0;0;1;1
44133;14;0;0;1;0;0;0;0;0;1;1;-0.048828125;15;8.023681640625;23.031005859375;8.031005859375;0.00732421875;0;0;0;0;1;1;0;0;0;0;0;0;0;1;0;0;0;0;0;1;1
44143;14;0;0;1;0;0;0;0;0;1;1;-0.048828125;15;8.023681640625;23.031005859375;8.031005859375;0.00732421875;0;0;0;0;1;1;0;0;0;0;0;0;0;1;0;0;0;0;0;1;1
44154;14;0;0;1;0;0;0;0;0;1;1;-0.048828125;15;8.023681640625;23.031005859375;8.031005859375;0.00732421875;0;0;0;0;1;1;0;0;0;0;0;0;0;1;0;0;0;0;0;1;1
44163;14;0;0;1;0;0;0;0;0;1;1;-0.048828125;15;8.023681640625;23.031005859375;8.031005859375;0.00732421875;0;0;0;0;1;1;0;0;0;0;0;0;0;1;0;0;0;0;0;1;1
44177;14;0;0;1;0;0;0;0;0;1;1;-0.048828125;15;8.023681640625;23.031005859375;8.031005859375;0.00732421875;0;0;0;0;1;1;0;0;0;0;0;0;0;1;0;0;0;0;0;1;1
44184;14;0;0;1;0;0;0;0;0;1;1;-0.0504557304084301;15;8.0234375;23.031005859375;8.031005859375;0.007568359375;0;0;0;0;1;1;0;0;0;0;0;0;0;1;0;0;0;0;0;1;1
44193;14;0;0;1;0;0;0;0;0;1;1;-0.0504557304084301;15;8.0234375;23.031005859375;8.031005859375;0.007568359375;0;0;0;0;1;1;0;0;0;0;0;0;0;1;0;0;0;0;0;1;1
44203;14;0;0;1;0;0;0;0;0;1;1;-0.0504557304084301;15;8.0234375;23.031005859375;8.031005859375;0.007568359375;0;0;0;0;1;1;0;0;0;0;0;0;0;1;0;0;0;0;0;1;1
44213;14;0;0;1;0;0;0;0;0;1;1;-0.0504557304084301;15;8.0234375;23.031005859375;8.031005859375;0.007568359375;0;0;0;0;1;1;0;0;0;0;0;0;0;1;0;0;0;0;0;1;1
44223;14;0;0;1;0;0;0;0;0;1;1;-0.0504557304084301;15;8.0234375;23.031005859375;8.031005859375;0.007568359375;0;0;0;0;1;1;0;0;0;0;0;0;0;1;0;0;0;0;0;1;1
44234;14;0;0;1;0;0;0;0;0;1;1;-0.0504557304084301;15;8.0234375;23.031005859375;8.031005859375;0.007568359375;0;0;0;0;1;1;0;0;0;0;0;0;0;1;0;0;0;0;0;1;1
44243;14;0;0;1;0;0;0;0;0;1;1;-0.0504557304084301;15;8.0234375;23.031005859375;8.031005859375;0.007568359375;0;0;0;0;1;1;0;0;0;0;0;0;0;1;0;0;0;0;0;1;1
44253;14;0;0;1;0;0;0;0;0;1;1;-0.0504557304084301;15;8.0234375;23.031005859375;8.031005859375;0.007568359375;0;0;0;0;1;1;0;0;0;0;0;0;0;1;0;0;0;0;0;1;1
44263;14;0;0;1;0;0;0;0;0;1;1;-0.048828125;15;8.023681640625;23.031005859375;8.031005859375;0.00732421875;0;0;0;0;1;1;0;0;0;0;0;0;0;1;0;0;0;0;0;1;1
44274;14;0;0;1;0;0;0;0;0;1;1;-0.048828125;15;8.023681640625;23.031005859375;8.031005859375;0.00732421875;0;0;0;0;1;1;0;0;0;0;0;0;0;1;0;0;0;0;0;1;1
44284;14;0;0;1;0;0;0;0;0;1;1;-0.048828125;15;8.023681640625;23.031005859375;8.031005859375;0.00732421875;0;0;0;0;1;1;0;0;0;0;0;0;0;1;0;0;0;0;0;1;1
44293;14;0;0;1;0;0;0;0;0;1;1;-0.048828125;15;8.023681640625;23.031005859375;8.031005859375;0.00732421875;0;0;0;0;1;1;0;0;0;0;0;0;0;1;0;0;0;0;0;1;1
44303;14;0;0;1;0;0;0;0;0;1;1;-0.048828125;15;8.023681640625;23.031005859375;8.031005859375;0.00732421875;0;0;0;0;1;1;0;0;0;0;0;0;0;1;0;0;0;0;0;1;1
44313;14;0;0;1;0;0;0;0;0;1;1;-0.048828125;15;8.023681640625;23.031005859375;8.031005859375;0.00732421875;0;0;0;0;1;1;0;0;0;0;0;0;0;1;0;0;0;0;0;1;1
44323;14;0;0;1;0;0;0;0;0;1;1;-0.048828125;15;8.023681640625;23.031005859375;8.031005859375;0.00732421875;0;0;0;0;1;1;0;0;0;0;0;0;0;1;0;0;0;0;0;1;1
44333;14;0;0;1;0;0;0;0;0;1;1;-0.048828125;15;8.023681640625;23.031005859375;8.031005859375;0.00732421875;0;0;0;0;1;1;0;0;0;0;0;0;0;1;0;0;0;0;0;1;1
44344;14;0;0;1;0;0;0;0;0;1;1;-0.048828125;15;8.023681640625;23.031005859375;8.031005859375;0.00732421875;0;0;0;0;1;1;0;0;0;0;0;0;0;1;0;0;0;0;0;1;1
44353;14;0;0;1;0;0;0;0;0;1;1;-0.048828125;15;8.023681640625;23.031005859375;8.031005859375;0.00732421875;0;0;0;0;1;1;0;0;0;0;0;0;0;1;0;0;0;0;0;1;1
44363;14;0;0;1;0;0;0;0;0;1;1;-0.048828125;15;8.023681640625;23.031005859375;8.031005859375;0.00732421875;0;0;0;0;1;1;0;0;0;0;0;0;0;1;0;0;0;0;0;1;1
44373;14;0;0;1;0;0;0;0;0;1;1;-0.048828125;15;8.023681640625;23.031005859375;8.031005859375;0.00732421875;0;0;0;0;1;1;0;0;0;0;0;0;0;1;0;0;0;0;0;1;1
44383;14;0;0;1;0;0;0;0;0;1;1;-0.048828125;15;8.023681640625;23.031005859375;8.031005859375;0.00732421875;0;0;0;0;1;1;0;0;0;0;0;0;0;1;0;0;0;0;0;1;1
44393;14;0;0;1;0;0;0;0;0;1;1;-0.048828125;15;8.023681640625;23.031005859375;8.031005859375;0.00732421875;0;0;0;0;1;1;0;0;0;0;0;0;0;1;0;0;0;0;0;1;1
44403;14;0;0;1;0;0;0;0;0;1;1;-0.048828125;15;8.023681640625;23.031005859375;8.031005859375;0.00732421875;0;0;0;0;1;1;0;0;0;0;0;0;0;1;0;0;0;0;0;1;1
44414;14;0;0;1;0;0;0;0;0;1;1;-0.048828125;15;8.023681640625;23.031005859375;8.031005859375;0.00732421875;0;0;0;0;1;1;0;0;0;0;0;0;0;1;0;0;0;0;0;1;1
44423;14;0;0;1;0;0;0;0;0;1;1;-0.048828125;15;8.023681640625;23.031005859375;8.031005859375;0.00732421875;0;0;0;0;1;1;0;0;0;0;0;0;0;1;0;0;0;0;0;1;1
44433;14;0;0;1;0;0;0;0;0;1;1;-0.048828125;15;8.023681640625;23.031005859375;8.031005859375;0.00732421875;0;0;0;0;1;1;0;0;0;0;0;0;0;1;0;0;0;0;0;1;1
44443;14;0;0;1;0;0;0;0;0;1;1;-0.048828125;15;8.023681640625;23.031005859375;8.031005859375;0.00732421875;0;0;0;0;1;1;0;0;0;0;0;0;0;1;0;0;0;0;0;1;1
44453;14;0;0;1;0;0;0;0;0;1;1;-0.048828125;15;8.023681640625;23.031005859375;8.031005859375;0.00732421875;0;0;0;0;1;1;0;0;0;0;0;0;0;1;0;0;0;0;0;1;1
44463;14;0;0;1;0;0;0;0;0;1;1;-0.048828125;15;8.023681640625;23.031005859375;8.031005859375;0.00732421875;0;0;0;0;1;1;0;0;0;0;0;0;0;1;0;0;0;0;0;1;1
44474;14;0;0;1;0;0;0;0;0;1;1;-0.048828125;15;8.023681640625;23.031005859375;8.031005859375;0.00732421875;0;0;0;0;1;1;0;0;0;0;0;0;0;1;0;0;0;0;0;1;1
44483;14;0;0;1;0;0;0;0;0;1;1;-0.048828125;15;8.023681640625;23.031005859375;8.031005859375;0.00732421875;0;0;0;0;1;1;0;0;0;0;0;0;0;1;0;0;0;0;0;1;1
44493;14;0;0;1;0;0;0;0;0;1;1;-0.048828125;15;8.023681640625;23.031005859375;8.031005859375;0.00732421875;0;0;0;0;1;1;0;0;0;0;0;0;0;1;0;0;0;0;0;1;1
44503;14;0;0;1;0;0;0;0;0;1;1;-0.048828125;15;8.023681640625;23.031005859375;8.031005859375;0.00732421875;0;0;0;0;1;1;0;0;0;0;0;0;0;1;0;0;0;0;0;1;1
44515;14;0;0;1;0;0;0;0;0;1;1;-0.048828125;15;8.023681640625;23.031005859375;8.031005859375;0.00732421875;0;0;0;0;1;1;0;0;0;0;0;0;0;1;0;0;0;0;0;1;1
44523;14;0;0;1;0;0;0;0;0;1;1;-0.048828125;15;8.023681640625;23.031005859375;8.031005859375;0.00732421875;0;0;0;0;1;1;0;0;0;0;0;0;0;1;0;0;0;0;0;1;1
44533;14;0;0;1;0;0;0;0;0;1;1;-0.048828125;15;8.023681640625;23.031005859375;8.031005859375;0.00732421875;0;0;0;0;1;1;0;0;0;0;0;0;0;1;0;0;0;0;0;1;1
44543;14;0;0;1;0;0;0;0;0;1;1;-0.048828125;15;8.023681640625;23.031005859375;8.031005859375;0.00732421875;0;0;0;0;1;1;0;0;0;0;0;0;0;1;0;0;0;0;0;1;1
44555;14;0;0;1;0;0;0;0;0;1;1;-0.048828125;15;8.023681640625;23.031005859375;8.031005859375;0.00732421875;0;0;0;0;1;1;0;0;0;0;0;0;0;1;0;0;0;0;0;1;1
44563;14;0;0;1;0;0;0;0;0;1;1;-0.048828125;15;8.023681640625;23.031005859375;8.031005859375;0.00732421875;0;0;0;0;1;1;0;0;0;0;0;0;0;1;0;0;0;0;0;1;1
44574;14;0;0;1;0;0;0;0;0;1;1;-0.048828125;15;8.023681640625;23.031005859375;8.031005859375;0.00732421875;0;0;0;0;1;1;0;0;0;0;0;0;0;1;0;0;0;0;0;1;1
44583;14;0;0;1;0;0;0;0;0;1;1;-0.048828125;15;8.023681640625;23.031005859375;8.031005859375;0.00732421875;0;0;0;0;1;1;0;0;0;0;0;0;0;1;0;0;0;0;0;1;1
44593;14;0;0;1;0;0;0;0;0;1;1;-0.048828125;15;8.023681640625;23.031005859375;8.031005859375;0.00732421875;0;0;0;0;1;1;0;0;0;0;0;0;0;1;0;0;0;0;0;1;1
44603;14;0;0;1;0;0;0;0;0;1;1;-0.048828125;15;8.023681640625;23.031005859375;8.031005859375;0.00732421875;0;0;0;0;1;1;0;0;0;0;0;0;0;1;0;0;0;0;0;1;1
44614;14;0;0;1;0;0;0;0;0;1;1;-0.048828125;15;8.023681640625;23.031005859375;8.031005859375;0.00732421875;0;0;0;0;1;1;0;0;0;0;0;0;0;1;0;0;0;0;0;1;1
44623;14;0;0;1;0;0;0;0;0;1;1;-0.048828125;15;8.023681640625;23.031005859375;8.031005859375;0.00732421875;0;0;0;0;1;1;0;0;0;0;0;0;0;1;0;0;0;0;0;1;1
44634;14;0;0;1;0;0;0;0;0;1;1;-0.048828125;15;8.023681640625;23.031005859375;8.031005859375;0.00732421875;0;0;0;0;1;1;0;0;0;0;0;0;0;1;0;0;0;0;0;1;1
44643;14;0;0;1;0;0;0;0;0;1;1;-0.048828125;15;8.023681640625;23.031005859375;8.031005859375;0.00732421875;0;0;0;0;1;1;0;0;0;0;0;0;0;1;0;0;0;0;0;1;1
44653;14;0;0;1;0;0;0;0;0;1;1;-0.048828125;15;8.023681640625;23.031005859375;8.031005859375;0.00732421875;0;0;0;0;1;1;0;0;0;0;0;0;0;1;0;0;0;0;0;1;1
44663;14;0;0;1;0;0;0;0;0;1;1;-0.048828125;15;8.023681640625;23.031005859375;8.031005859375;0.00732421875;0;0;0;0;1;1;0;0;0;0;0;0;0;1;0;0;0;0;0;1;1
44673;14;0;0;1;0;0;0;0;0;1;1;-0.048828125;15;8.023681640625;23.031005859375;8.031005859375;0.00732421875;0;0;0;0;1;1;0;0;0;0;0;0;0;1;0;0;0;0;0;1;1
44683;14;0;0;1;0;0;0;0;0;1;1;-0.048828125;15;8.023681640625;23.031005859375;8.031005859375;0.00732421875;0;0;0;0;1;1;0;0;0;0;0;0;0;1;0;0;0;0;0;1;1
44694;14;0;0;1;0;0;0;0;0;1;1;-0.048828125;15;8.023681640625;23.031005859375;8.031005859375;0.00732421875;0;0;0;0;1;1;0;0;0;0;0;0;0;1;0;0;0;0;0;1;1
44703;14;0;0;1;0;0;0;0;0;1;1;-0.048828125;15;8.023681640625;23.031005859375;8.031005859375;0.00732421875;0;0;0;0;1;1;0;0;0;0;0;0;0;1;0;0;0;0;0;1;1
44714;14;0;0;1;0;0;0;0;0;1;1;-0.048828125;15;8.023681640625;23.031005859375;8.031005859375;0.00732421875;0;0;0;0;1;1;0;0;0;0;0;0;0;1;0;0;0;0;0;1;1
44723;14;0;0;1;0;0;0;0;0;1;1;-0.048828125;15;8.023681640625;23.031005859375;8.031005859375;0.00732421875;0;0;0;0;1;1;0;0;0;0;0;0;0;1;0;0;0;0;0;1;1
44733;14;0;0;1;0;0;0;0;0;1;1;-0.048828125;15;8.023681640625;23.031005859375;8.031005859375;0.00732421875;0;0;0;0;1;1;0;0;0;0;0;0;0;1;0;0;0;0;0;1;1
44743;14;0;0;1;0;0;0;0;0;1;1;-0.048828125;15;8.023681640625;23.031005859375;8.031005859375;0.00732421875;0;0;0;0;1;1;0;0;0;0;0;0;0;1;0;0;0;0;0;1;1
44754;14;0;0;1;0;0;0;0;0;1;1;-0.048828125;15;8.023681640625;23.031005859375;8.031005859375;0.00732421875;0;0;0;0;1;1;0;0;0;0;0;0;0;1;0;0;0;0;0;1;1
44763;14;0;0;1;0;0;0;0;0;1;1;-0.048828125;15;8.023681640625;23.031005859375;8.031005859375;0.00732421875;0;0;0;0;1;1;0;0;0;0;0;0;0;1;0;0;0;0;0;1;1
44773;14;0;0;1;0;0;0;0;0;1;1;-0.048828125;15;8.023681640625;23.031005859375;8.031005859375;0.00732421875;0;0;0;0;1;1;0;0;0;0;0;0;0;1;0;0;0;0;0;1;1
44784;14;0;0;1;0;0;0;0;0;1;1;-0.048828125;15;8.023681640625;23.031005859375;8.031005859375;0.00732421875;0;0;0;0;1;1;0;0;0;0;0;0;0;1;0;0;0;0;0;1;1
44793;14;0;0;1;0;0;0;0;0;1;1;-0.048828125;15;8.023681640625;23.031005859375;8.031005859375;0.00732421875;0;0;0;0;1;1;0;0;0;0;0;0;0;1;0;0;0;0;0;1;1
44803;14;0;0;1;0;0;0;0;0;1;1;-0.048828125;15;8.023681640625;23.031005859375;8.031005859375;0.00732421875;0;0;0;0;1;1;0;0;0;0;0;0;0;1;0;0;0;0;0;1;1
44814;14;0;0;1;0;0;0;0;0;1;1;-0.048828125;15;8.023681640625;23.031005859375;8.031005859375;0.00732421875;0;0;0;0;1;1;0;0;0;0;0;0;0;1;0;0;0;0;0;1;1
44823;14;0;0;1;0;0;0;0;0;1;1;-0.048828125;15;8.023681640625;23.031005859375;8.031005859375;0.00732421875;0;0;0;0;1;1;0;0;0;0;0;0;0;1;0;0;0;0;0;1;1
44833;14;0;0;1;0;0;0;0;0;1;1;-0.048828125;15;8.023681640625;23.031005859375;8.031005859375;0.00732421875;0;0;0;0;1;1;0;0;0;0;0;0;0;1;0;0;0;0;0;1;1
44844;14;0;0;1;0;0;0;0;0;1;1;-0.048828125;15;8.023681640625;23.031005859375;8.031005859375;0.00732421875;0;0;0;0;1;1;0;0;0;0;0;0;0;1;0;0;0;0;0;1;1
44853;14;0;0;1;0;0;0;0;0;1;1;-0.048828125;15;8.023681640625;23.031005859375;8.031005859375;0.00732421875;0;0;0;0;1;1;0;0;0;0;0;0;0;1;0;0;0;0;0;1;1
44864;14;0;0;1;0;0;0;0;0;1;1;-0.048828125;15;8.023681640625;23.031005859375;8.031005859375;0.00732421875;0;0;0;0;1;1;0;0;0;0;0;0;0;1;0;0;0;0;0;1;1
44873;14;0;0;1;0;0;0;0;0;1;1;-0.048828125;15;8.023681640625;23.031005859375;8.031005859375;0.00732421875;0;0;0;0;1;1;0;0;0;0;0;0;0;1;0;0;0;0;0;1;1
44883;14;0;0;1;0;0;0;0;0;1;1;-0.048828125;15;8.023681640625;23.031005859375;8.031005859375;0.00732421875;0;0;0;0;1;1;0;0;0;0;0;0;0;1;0;0;0;0;0;1;1
44894;14;0;0;1;0;0;0;0;0;1;1;-0.048828125;15;8.023681640625;23.031005859375;8.031005859375;0.00732421875;0;0;0;0;1;1;0;0;0;0;0;0;0;1;0;0;0;0;0;1;1
44903;14;0;0;1;0;0;0;0;0;1;1;-0.048828125;15;8.023681640625;23.031005859375;8.031005859375;0.00732421875;0;0;0;0;1;1;0;0;0;0;0;0;0;1;0;0;0;0;0;1;1
44913;14;0;0;1;0;0;0;0;0;1;1;-0.048828125;15;8.023681640625;23.031005859375;8.031005859375;0.00732421875;0;0;0;0;1;1;0;0;0;0;0;0;0;1;0;0;0;0;0;1;1
44923;14;0;0;1;0;0;0;0;0;1;1;-0.048828125;15;8.023681640625;23.031005859375;8.031005859375;0.00732421875;0;0;0;0;1;1;0;0;0;0;0;0;0;1;0;0;0;0;0;1;1
44933;14;0;0;1;0;0;0;0;0;1;1;-0.048828125;15;8.023681640625;23.031005859375;8.031005859375;0.00732421875;0;0;0;0;1;1;0;0;0;0;0;0;0;1;0;0;0;0;0;1;1
44944;14;0;0;1;0;0;0;0;0;1;1;-0.048828125;15;8.023681640625;23.031005859375;8.031005859375;0.00732421875;0;0;0;0;1;1;0;0;0;0;0;0;0;1;0;0;0;0;0;1;1
44953;14;0;0;1;0;0;0;0;0;1;1;-0.048828125;15;8.023681640625;23.031005859375;8.031005859375;0.00732421875;0;0;0;0;1;1;0;0;0;0;0;0;0;1;0;0;0;0;0;1;1
44963;14;0;0;1;0;0;0;0;0;1;1;-0.048828125;15;8.023681640625;23.031005859375;8.031005859375;0.00732421875;0;0;0;0;1;1;0;0;0;0;0;0;0;1;0;0;0;0;0;1;1
44973;14;0;0;1;0;0;0;0;0;1;1;-0.048828125;15;8.023681640625;23.031005859375;8.031005859375;0.00732421875;0;0;0;0;1;1;0;0;0;0;0;0;0;1;0;0;0;0;0;1;1
44983;14;0;0;1;0;0;0;0;0;1;1;-0.048828125;15;8.023681640625;23.031005859375;8.031005859375;0.00732421875;0;0;0;0;1;1;0;0;0;0;0;0;0;1;0;0;0;0;0;1;1
44994;14;0;0;1;0;0;0;0;0;1;1;-0.048828125;15;8.023681640625;23.031005859375;8.031005859375;0.00732421875;0;0;0;0;1;1;0;0;0;0;0;0;0;1;0;0;0;0;0;1;1
45003;14;0;0;1;0;0;0;0;0;1;1;-0.048828125;15;8.023681640625;23.031005859375;8.031005859375;0.00732421875;0;0;0;0;1;1;0;0;0;0;0;0;0;1;0;0;0;0;0;1;1
45013;14;0;0;1;0;0;0;0;0;1;1;-0.048828125;15;8.023681640625;23.031005859375;8.031005859375;0.00732421875;0;0;0;0;1;1;0;0;0;0;0;0;0;1;0;0;0;0;0;1;1
45023;14;0;0;1;0;0;0;0;0;1;1;-0.048828125;15;8.023681640625;23.031005859375;8.031005859375;0.00732421875;0;0;0;0;1;1;0;0;0;0;0;0;0;1;0;0;0;0;0;1;1
45033;14;0;0;1;0;0;0;0;0;1;1;-0.048828125;15;8.023681640625;23.031005859375;8.031005859375;0.00732421875;0;0;0;0;1;1;0;0;0;0;0;0;0;1;0;0;0;0;0;1;1
45045;14;0;0;1;0;0;0;0;0;1;1;-0.048828125;15;8.023681640625;23.031005859375;8.031005859375;0.00732421875;0;0;0;0;1;1;0;0;0;0;0;0;0;1;0;0;0;0;0;1;1
45053;14;0;0;1;0;0;0;0;0;1;1;-0.048828125;15;8.023681640625;23.031005859375;8.031005859375;0.00732421875;0;0;0;0;1;1;0;0;0;0;0;0;0;1;0;0;0;0;0;1;1
45063;14;0;0;1;0;0;0;0;0;1;1;-0.048828125;15;8.023681640625;23.031005859375;8.031005859375;0.00732421875;0;0;0;0;1;1;0;0;0;0;0;0;0;1;0;0;0;0;0;1;1
45074;14;0;0;1;0;0;0;0;0;1;1;-0.048828125;15;8.023681640625;23.031005859375;8.031005859375;0.00732421875;0;0;0;0;1;1;0;0;0;0;0;0;0;1;0;0;0;0;0;1;1
45083;14;0;0;1;0;0;0;0;0;1;1;-0.048828125;15;8.023681640625;23.031005859375;8.031005859375;0.00732421875;0;0;0;0;1;1;0;0;0;0;0;0;0;1;0;0;0;0;0;1;1
45093;14;0;0;1;0;0;0;0;0;1;1;-0.048828125;15;8.023681640625;23.031005859375;8.031005859375;0.00732421875;0;0;0;0;1;1;0;0;0;0;0;0;0;1;0;0;0;0;0;1;1
45103;14;0;0;1;0;0;0;0;0;1;1;-0.048828125;15;8.023681640625;23.031005859375;8.031005859375;0.00732421875;0;0;0;0;1;1;0;0;0;0;0;0;0;1;0;0;0;0;0;1;1
45113;14;0;0;1;0;0;0;0;0;1;1;-0.048828125;15;8.023681640625;23.031005859375;8.031005859375;0.00732421875;0;0;0;0;1;1;0;0;0;0;0;0;0;1;0;0;0;0;0;1;1
45123;14;0;0;1;0;0;0;0;0;1;1;-0.048828125;15;8.023681640625;23.031005859375;8.031005859375;0.00732421875;0;0;0;0;1;1;0;0;0;0;0;0;0;1;0;0;0;0;0;1;1
45135;14;0;0;1;0;0;0;0;0;1;1;-0.048828125;15;8.023681640625;23.031005859375;8.031005859375;0.00732421875;0;0;0;0;1;1;0;0;0;0;0;0;0;1;0;0;0;0;0;1;1
45143;14;0;0;1;0;0;0;0;0;1;1;-0.048828125;15;8.023681640625;23.031005859375;8.031005859375;0.00732421875;0;0;0;0;1;1;0;0;0;0;0;0;0;1;0;0;0;0;0;1;1
45153;14;0;0;1;0;0;0;0;0;1;1;-0.048828125;15;8.023681640625;23.031005859375;8.031005859375;0.00732421875;0;0;0;0;1;1;0;0;0;0;0;0;0;1;0;0;0;0;0;1;1
45163;14;0;0;1;0;0;0;0;0;1;1;-0.048828125;15;8.023681640625;23.031005859375;8.031005859375;0.00732421875;0;0;0;0;1;1;0;0;0;0;0;0;0;1;0;0;0;0;0;1;1
45174;14;0;0;1;0;0;0;0;0;1;1;-0.048828125;15;8.023681640625;23.031005859375;8.031005859375;0.00732421875;0;0;0;0;1;1;0;0;0;0;0;0;0;1;0;0;0;0;0;1;1
45183;14;0;0;1;0;0;0;0;0;1;1;-0.048828125;15;8.023681640625;23.031005859375;8.031005859375;0.00732421875;0;0;0;0;1;1;0;0;0;0;0;0;0;1;0;0;0;0;0;1;1
45193;14;0;0;1;0;0;0;0;0;1;1;-0.048828125;15;8.023681640625;23.031005859375;8.031005859375;0.00732421875;0;0;0;0;1;1;0;0;0;0;0;0;0;1;0;0;0;0;0;1;1
45203;14;0;0;1;0;0;0;0;0;1;1;-0.048828125;15;8.023681640625;23.031005859375;8.031005859375;0.00732421875;0;0;0;0;1;1;0;0;0;0;0;0;0;1;0;0;0;0;0;1;1
45213;14;0;0;1;0;0;0;0;0;1;1;-0.048828125;15;8.023681640625;23.031005859375;8.031005859375;0.00732421875;0;0;0;0;1;1;0;0;0;0;0;0;0;1;0;0;0;0;0;1;1
45223;14;0;0;1;0;0;0;0;0;1;1;-0.048828125;15;8.023681640625;23.031005859375;8.031005859375;0.00732421875;0;0;0;0;1;1;0;0;0;0;0;0;0;1;0;0;0;0;0;1;1
45234;14;0;0;1;0;0;0;0;0;1;1;-0.048828125;15;8.023681640625;23.031005859375;8.031005859375;0.00732421875;0;0;0;0;1;1;0;0;0;0;0;0;0;1;0;0;0;0;0;1;1
45243;14;0;0;1;0;0;0;0;0;1;1;-0.048828125;15;8.023681640625;23.031005859375;8.031005859375;0.00732421875;0;0;0;0;1;1;0;0;0;0;0;0;0;1;0;0;0;0;0;1;1
45253;14;0;0;1;0;0;0;0;0;1;1;-0.048828125;15;8.023681640625;23.031005859375;8.031005859375;0.00732421875;0;0;0;0;1;1;0;0;0;0;0;0;0;1;0;0;0;0;0;1;1
45264;14;0;0;1;0;0;0;0;0;1;1;-0.048828125;15;8.023681640625;23.031005859375;8.031005859375;0.00732421875;0;0;0;0;1;1;0;0;0;0;0;0;0;1;0;0;0;0;0;1;1
45273;14;0;0;1;0;0;0;0;0;1;1;-0.048828125;15;8.023681640625;23.031005859375;8.031005859375;0.00732421875;0;0;0;0;1;1;0;0;0;0;0;0;0;1;0;0;0;0;0;1;1
45283;14;0;0;1;0;0;0;0;0;1;1;-0.048828125;15;8.023681640625;23.031005859375;8.031005859375;0.00732421875;0;0;0;0;1;1;0;0;0;0;0;0;0;1;0;0;0;0;0;1;1
45294;14;0;0;1;0;0;0;0;0;1;1;-0.048828125;15;8.023681640625;23.031005859375;8.031005859375;0.00732421875;0;0;0;0;1;1;0;0;0;0;0;0;0;1;0;0;0;0;0;1;1
45303;14;0;0;1;0;0;0;0;0;1;1;-0.048828125;15;8.023681640625;23.031005859375;8.031005859375;0.00732421875;0;0;0;0;1;1;0;0;0;0;0;0;0;1;0;0;0;0;0;1;1
45313;14;0;0;1;0;0;0;0;0;1;1;-0.048828125;15;8.023681640625;23.031005859375;8.031005859375;0.00732421875;0;0;0;0;1;1;0;0;0;0;0;0;0;1;0;0;0;0;0;1;1
45323;14;0;0;1;0;0;0;0;0;1;1;-0.048828125;15;8.023681640625;23.031005859375;8.031005859375;0.00732421875;0;0;0;0;1;1;0;0;0;0;0;0;0;1;0;0;0;0;0;1;1
45334;14;0;0;1;0;0;0;0;0;1;1;-0.048828125;15;8.023681640625;23.031005859375;8.031005859375;0.00732421875;0;0;0;0;1;1;0;0;0;0;0;0;0;1;0;0;0;0;0;1;1
45343;14;0;0;1;0;0;0;0;0;1;1;-0.048828125;15;8.023681640625;23.031005859375;8.031005859375;0.00732421875;0;0;0;0;1;1;0;0;0;0;0;0;0;1;0;0;0;0;0;1;1
45353;14;0;0;1;0;0;0;0;0;1;1;-0.048828125;15;8.023681640625;23.031005859375;8.031005859375;0.00732421875;0;0;0;0;1;1;0;0;0;0;0;0;0;1;0;0;0;0;0;1;1
45363;14;0;0;1;0;0;0;0;0;1;1;-0.048828125;15;8.023681640625;23.031005859375;8.031005859375;0.00732421875;0;0;0;0;1;1;0;0;0;0;0;0;0;1;0;0;0;0;0;1;1
45374;14;0;0;1;0;0;0;0;0;1;1;-0.048828125;15;8.023681640625;23.031005859375;8.031005859375;0.00732421875;0;0;0;0;1;1;0;0;0;0;0;0;0;1;0;0;0;0;0;1;1
45383;14;0;0;1;0;0;0;0;0;1;1;-0.048828125;15;8.023681640625;23.031005859375;8.031005859375;0.00732421875;0;0;0;0;1;1;0;0;0;0;0;0;0;1;0;0;0;0;0;1;1
45393;14;0;0;1;0;0;0;0;0;1;1;-0.048828125;15;8.023681640625;23.031005859375;8.031005859375;0.00732421875;0;0;0;0;1;1;0;0;0;0;0;0;0;1;0;0;0;0;0;1;1
45403;14;0;0;1;0;0;0;0;0;1;1;-0.048828125;15;8.023681640625;23.031005859375;8.031005859375;0.00732421875;0;0;0;0;1;1;0;0;0;0;0;0;0;1;0;0;0;0;0;1;1
45413;14;0;0;1;0;0;0;0;0;1;1;-0.048828125;15;8.023681640625;23.031005859375;8.031005859375;0.00732421875;0;0;0;0;1;1;0;0;0;0;0;0;0;1;0;0;0;0;0;1;1
45423;14;0;0;1;0;0;0;0;0;1;1;-0.048828125;15;8.023681640625;23.031005859375;8.031005859375;0.00732421875;0;0;0;0;1;1;0;0;0;0;0;0;0;1;0;0;0;0;0;1;1
45434;14;0;0;1;0;0;0;0;0;1;1;-0.048828125;15;8.023681640625;23.031005859375;8.031005859375;0.00732421875;0;0;0;0;1;1;0;0;0;0;0;0;0;1;0;0;0;0;0;1;1
45443;14;0;0;1;0;0;0;0;0;1;1;-0.048828125;15;8.023681640625;23.031005859375;8.031005859375;0.00732421875;0;0;0;0;1;1;0;0;0;0;0;0;0;1;0;0;0;0;0;1;1
45453;14;0;0;1;0;0;0;0;0;1;1;-0.048828125;15;8.023681640625;23.031005859375;8.031005859375;0.00732421875;0;0;0;0;1;1;0;0;0;0;0;0;0;1;0;0;0;0;0;1;1
45463;14;0;0;1;0;0;0;0;0;1;1;-0.048828125;15;8.023681640625;23.031005859375;8.031005859375;0.00732421875;0;0;0;0;1;1;0;0;0;0;0;0;0;1;0;0;0;0;0;1;1
45473;14;0;0;1;0;0;0;0;0;1;1;-0.048828125;15;8.023681640625;23.031005859375;8.031005859375;0.00732421875;0;0;0;0;1;1;0;0;0;0;0;0;0;1;0;0;0;0;0;1;1
45483;14;0;0;1;0;0;0;0;0;1;1;-0.048828125;15;8.023681640625;23.031005859375;8.031005859375;0.00732421875;0;0;0;0;1;1;0;0;0;0;0;0;0;1;0;0;0;0;0;1;1
45494;14;0;0;1;0;0;0;0;0;1;1;-0.048828125;15;8.023681640625;23.031005859375;8.031005859375;0.00732421875;0;0;0;0;1;1;0;0;0;0;0;0;0;1;0;0;0;0;0;1;1
45504;14;0;0;1;0;0;0;0;0;1;1;-0.048828125;15;8.023681640625;23.031005859375;8.031005859375;0.00732421875;0;0;0;0;1;1;0;0;0;0;0;0;0;1;0;0;0;0;0;1;1
45513;14;0;0;1;0;0;0;0;0;1;1;-0.048828125;15;8.023681640625;23.031005859375;8.031005859375;0.00732421875;0;0;0;0;1;1;0;0;0;0;0;0;0;1;0;0;0;0;0;1;1
45523;14;0;0;1;0;0;0;0;0;1;1;-0.048828125;15;8.023681640625;23.031005859375;8.031005859375;0.00732421875;0;0;0;0;1;1;0;0;0;0;0;0;0;1;0;0;0;0;0;1;1
45534;14;0;0;1;0;0;0;0;0;1;1;-0.048828125;15;8.023681640625;23.031005859375;8.031005859375;0.00732421875;0;0;0;0;1;1;0;0;0;0;0;0;0;1;0;0;0;0;0;1;1
45545;14;0;0;1;0;0;0;0;0;1;1;-0.048828125;15;8.023681640625;23.031005859375;8.031005859375;0.00732421875;0;0;0;0;1;1;0;0;0;0;0;0;0;1;0;0;0;0;0;1;1
45554;14;0;0;1;0;0;0;0;0;1;1;-0.048828125;15;8.023681640625;23.031005859375;8.031005859375;0.00732421875;0;0;0;0;1;1;0;0;0;0;0;0;0;1;0;0;0;0;0;1;1
45563;14;0;0;1;0;0;0;0;0;1;1;-0.048828125;15;8.023681640625;23.031005859375;8.031005859375;0.00732421875;0;0;0;0;1;1;0;0;0;0;0;0;0;1;0;0;0;0;0;1;1
45573;14;0;0;1;0;0;0;0;0;1;1;-0.048828125;15;8.023681640625;23.031005859375;8.031005859375;0.00732421875;0;0;0;0;1;1;0;0;0;0;0;0;0;1;0;0;0;0;0;1;1
45583;14;0;0;1;0;0;0;0;0;1;1;-0.048828125;15;8.023681640625;23.031005859375;8.031005859375;0.00732421875;0;0;0;0;1;1;0;0;0;0;0;0;0;1;0;0;0;0;0;1;1
45593;14;0;0;1;0;0;0;0;0;1;1;-0.048828125;15;8.023681640625;23.031005859375;8.031005859375;0.00732421875;0;0;0;0;1;1;0;0;0;0;0;0;0;1;0;0;0;0;0;1;1
45604;14;0;0;1;0;0;0;0;0;1;1;-0.048828125;15;8.023681640625;23.031005859375;8.031005859375;0.00732421875;0;0;0;0;1;1;0;0;0;0;0;0;0;1;0;0;0;0;0;1;1
45613;14;0;0;1;0;0;0;0;0;1;1;-0.048828125;15;8.023681640625;23.031005859375;8.031005859375;0.00732421875;0;0;0;0;1;1;0;0;0;0;0;0;0;1;0;0;0;0;0;1;1
45623;14;0;0;1;0;0;0;0;0;1;1;-0.048828125;15;8.023681640625;23.031005859375;8.031005859375;0.00732421875;0;0;0;0;1;1;0;0;0;0;0;0;0;1;0;0;0;0;0;1;1
45633;14;0;0;1;0;0;0;0;0;1;1;-0.048828125;15;8.023681640625;23.031005859375;8.031005859375;0.00732421875;0;0;0;0;1;1;0;0;0;0;0;0;0;1;0;0;0;0;0;1;1
45643;14;0;0;1;0;0;0;0;0;1;1;-0.048828125;15;8.023681640625;23.031005859375;8.031005859375;0.00732421875;0;0;0;0;1;1;0;0;0;0;0;0;0;1;0;0;0;0;0;1;1
45653;14;0;0;1;0;0;0;0;0;1;1;-0.048828125;15;8.023681640625;23.031005859375;8.031005859375;0.00732421875;0;0;0;0;1;1;0;0;0;0;0;0;0;1;0;0;0;0;0;1;1
45663;14;0;0;1;0;0;0;0;0;1;1;-0.048828125;15;8.023681640625;23.031005859375;8.031005859375;0.00732421875;0;0;0;0;1;1;0;0;0;0;0;0;0;1;0;0;0;0;0;1;1
45673;14;0;0;1;0;0;0;0;0;1;1;-0.048828125;15;8.023681640625;23.031005859375;8.031005859375;0.00732421875;0;0;0;0;1;1;0;0;0;0;0;0;0;1;0;0;0;0;0;1;1
45683;14;0;0;1;0;0;0;0;0;1;1;-0.048828125;15;8.023681640625;23.031005859375;8.031005859375;0.00732421875;0;0;0;0;1;1;0;0;0;0;0;0;0;1;0;0;0;0;0;1;1
45694;14;0;0;1;0;0;0;0;0;1;1;-0.048828125;15;8.023681640625;23.031005859375;8.031005859375;0.00732421875;0;0;0;0;1;1;0;0;0;0;0;0;0;1;0;0;0;0;0;1;1
45703;14;0;0;1;0;0;0;0;0;1;1;-0.048828125;15;8.023681640625;23.031005859375;8.031005859375;0.00732421875;0;0;0;0;1;1;0;0;0;0;0;0;0;1;0;0;0;0;0;1;1
45713;14;0;0;1;0;0;0;0;0;1;1;-0.048828125;15;8.023681640625;23.031005859375;8.031005859375;0.00732421875;0;0;0;0;1;1;0;0;0;0;0;0;0;1;0;0;0;0;0;1;1
45723;14;0;0;1;0;0;0;0;0;1;1;-0.048828125;15;8.023681640625;23.031005859375;8.031005859375;0.00732421875;0;0;0;0;1;1;0;0;0;0;0;0;0;1;0;0;0;0;0;1;1
45733;14;0;0;1;0;0;0;0;0;1;1;-0.048828125;15;8.023681640625;23.031005859375;8.031005859375;0.00732421875;0;0;0;0;1;1;0;0;0;0;0;0;0;1;0;0;0;0;0;1;1
45743;14;0;0;1;0;0;0;0;0;1;1;-0.048828125;15;8.023681640625;23.031005859375;8.031005859375;0.00732421875;0;0;0;0;1;1;0;0;0;0;0;0;0;1;0;0;0;0;0;1;1
45753;14;0;0;1;0;0;0;0;0;1;1;-0.048828125;15;8.023681640625;23.031005859375;8.031005859375;0.00732421875;0;0;0;0;1;1;0;0;0;0;0;0;0;1;0;0;0;0;0;1;1
45763;14;0;0;1;0;0;0;0;0;1;1;-0.048828125;15;8.023681640625;23.031005859375;8.031005859375;0.00732421875;0;0;0;0;1;1;0;0;0;0;0;0;0;1;0;0;0;0;0;1;1
45773;14;0;0;1;0;0;0;0;0;1;1;-0.048828125;15;8.023681640625;23.031005859375;8.031005859375;0.00732421875;0;0;0;0;1;1;0;0;0;0;0;0;0;1;0;0;0;0;0;1;1
45783;14;0;0;1;0;0;0;0;0;1;1;-0.048828125;15;8.023681640625;23.031005859375;8.031005859375;0.00732421875;0;0;0;0;1;1;0;0;0;0;0;0;0;1;0;0;0;0;0;1;1
45793;14;0;0;1;0;0;0;0;0;1;1;-0.048828125;15;8.023681640625;23.031005859375;8.031005859375;0.00732421875;0;0;0;0;1;1;0;0;0;0;0;0;0;1;0;0;0;0;0;1;1
45803;14;0;0;1;0;0;0;0;0;1;1;-0.048828125;15;8.023681640625;23.031005859375;8.031005859375;0.00732421875;0;0;0;0;1;1;0;0;0;0;0;0;0;1;0;0;0;0;0;1;1
45813;14;0;0;1;0;0;0;0;0;1;1;-0.048828125;15;8.023681640625;23.031005859375;8.031005859375;0.00732421875;0;0;0;0;1;1;0;0;0;0;0;0;0;1;0;0;0;0;0;1;1
45823;14;0;0;1;0;0;0;0;0;1;1;-0.048828125;15;8.023681640625;23.031005859375;8.031005859375;0.00732421875;0;0;0;0;1;1;0;0;0;0;0;0;0;1;0;0;0;0;0;1;1
45834;14;0;0;1;0;0;0;0;0;1;1;-0.048828125;15;8.023681640625;23.031005859375;8.031005859375;0.00732421875;0;0;0;0;1;1;0;0;0;0;0;0;0;1;0;0;0;0;0;1;1
45843;14;0;0;1;0;0;0;0;0;1;1;-0.048828125;15;8.023681640625;23.031005859375;8.031005859375;0.00732421875;0;0;0;0;1;1;0;0;0;0;0;0;0;1;0;0;0;0;0;1;1
45853;14;0;0;1;0;0;0;0;0;1;1;-0.048828125;15;8.023681640625;23.031005859375;8.031005859375;0.00732421875;0;0;0;0;1;1;0;0;0;0;0;0;0;1;0;0;0;0;0;1;1
45863;14;0;0;1;0;0;0;0;0;1;1;-0.048828125;15;8.023681640625;23.031005859375;8.031005859375;0.00732421875;0;0;0;0;1;1;0;0;0;0;0;0;0;1;0;0;0;0;0;1;1
45873;14;0;0;1;0;0;0;0;0;1;1;-0.048828125;15;8.023681640625;23.031005859375;8.031005859375;0.00732421875;0;0;0;0;1;1;0;0;0;0;0;0;0;1;0;0;0;0;0;1;1
45883;14;0;0;1;0;0;0;0;0;1;1;-0.048828125;15;8.023681640625;23.031005859375;8.031005859375;0.00732421875;0;0;0;0;1;1;0;0;0;0;0;0;0;1;0;0;0;0;0;1;1
45895;14;0;0;1;0;0;0;0;0;1;1;-0.048828125;15;8.023681640625;23.031005859375;8.031005859375;0.00732421875;0;0;0;0;1;1;0;0;0;0;0;0;0;1;0;0;0;0;0;1;1
45903;14;0;0;1;0;0;0;0;0;1;1;-0.048828125;15;8.023681640625;23.031005859375;8.031005859375;0.00732421875;0;0;0;0;1;1;0;0;0;0;0;0;0;1;0;0;0;0;0;1;1
45914;14;0;0;1;0;0;0;0;0;1;1;-0.048828125;15;8.023681640625;23.031005859375;8.031005859375;0.00732421875;0;0;0;0;1;1;0;0;0;0;0;0;0;1;0;0;0;0;0;1;1
45923;14;0;0;1;0;0;0;0;0;1;1;-0.048828125;15;8.023681640625;23.031005859375;8.031005859375;0.00732421875;0;0;0;0;1;1;0;0;0;0;0;0;0;1;0;0;0;0;0;1;1
45936;14;0;0;1;0;0;0;0;0;1;1;-0.048828125;15;8.023681640625;23.031005859375;8.031005859375;0.00732421875;0;0;0;0;1;1;0;0;0;0;0;0;0;1;0;0;0;0;0;1;1
45943;14;0;0;1;0;0;0;0;0;1;1;-0.048828125;15;8.023681640625;23.031005859375;8.031005859375;0.00732421875;0;0;0;0;1;1;0;0;0;0;0;0;0;1;0;0;0;0;0;1;1
45954;14;0;0;1;0;0;0;0;0;1;1;-0.048828125;15;8.023681640625;23.031005859375;8.031005859375;0.00732421875;0;0;0;0;1;1;0;0;0;0;0;0;0;1;0;0;0;0;0;1;1
45963;14;0;0;1;0;0;0;0;0;1;1;-0.048828125;15;8.023681640625;23.031005859375;8.031005859375;0.00732421875;0;0;0;0;1;1;0;0;0;0;0;0;0;1;0;0;0;0;0;1;1
45973;14;0;0;1;0;0;0;0;0;1;1;-0.048828125;15;8.023681640625;23.031005859375;8.031005859375;0.00732421875;0;0;0;0;1;1;0;0;0;0;0;0;0;1;0;0;0;0;0;1;1
45983;14;0;0;1;0;0;0;0;0;1;1;-0.048828125;15;8.023681640625;23.031005859375;8.031005859375;0.00732421875;0;0;0;0;1;1;0;0;0;0;0;0;0;1;0;0;0;0;0;1;1
45993;14;0;0;1;0;0;0;0;0;1;1;-0.048828125;15;8.023681640625;23.031005859375;8.031005859375;0.00732421875;0;0;0;0;1;1;0;0;0;0;0;0;0;1;0;0;0;0;0;1;1
46003;14;0;0;1;0;0;0;0;0;1;1;-0.048828125;15;8.023681640625;23.031005859375;8.031005859375;0.00732421875;0;0;0;0;1;1;0;0;0;0;0;0;0;1;0;0;0;0;0;1;1
46013;14;0;0;1;0;0;0;0;0;1;1;-0.048828125;15;8.023681640625;23.031005859375;8.031005859375;0.00732421875;0;0;0;0;1;1;0;0;0;0;0;0;0;1;0;0;0;0;0;1;1
46023;14;0;0;1;0;0;0;0;0;1;1;-0.048828125;15;8.023681640625;23.031005859375;8.031005859375;0.00732421875;0;0;0;0;1;1;0;0;0;0;0;0;0;1;0;0;0;0;0;1;1
46034;14;0;0;1;0;0;0;0;0;1;1;-0.048828125;15;8.023681640625;23.031005859375;8.031005859375;0.00732421875;0;0;0;0;1;1;0;0;0;0;0;0;0;1;0;0;0;0;0;1;1
46043;14;0;0;1;0;0;0;0;0;1;1;-0.048828125;15;8.023681640625;23.031005859375;8.031005859375;0.00732421875;0;0;0;0;1;1;0;0;0;0;0;0;0;1;0;0;0;0;0;1;1
46053;14;0;0;1;0;0;0;0;0;1;1;-0.048828125;15;8.023681640625;23.031005859375;8.031005859375;0.00732421875;0;0;0;0;1;1;0;0;0;0;0;0;0;1;0;0;0;0;0;1;1
46064;14;0;0;1;0;0;0;0;0;1;1;-0.048828125;15;8.023681640625;23.031005859375;8.031005859375;0.00732421875;0;0;0;0;1;1;0;0;0;0;0;0;0;1;0;0;0;0;0;1;1
46073;14;0;0;1;0;0;0;0;0;1;1;-0.048828125;15;8.023681640625;23.031005859375;8.031005859375;0.00732421875;0;0;0;0;1;1;0;0;0;0;0;0;0;1;0;0;0;0;0;1;1
46083;14;0;0;1;0;0;0;0;0;1;1;-0.048828125;15;8.023681640625;23.031005859375;8.031005859375;0.00732421875;0;0;0;0;1;1;0;0;0;0;0;0;0;1;0;0;0;0;0;1;1
46094;14;0;0;1;0;0;0;0;0;1;1;-0.048828125;15;8.023681640625;23.031005859375;8.031005859375;0.00732421875;0;0;0;0;1;1;0;0;0;0;0;0;0;1;0;0;0;0;0;1;1
46103;14;0;0;1;0;0;0;0;0;1;1;-0.048828125;15;8.023681640625;23.031005859375;8.031005859375;0.00732421875;0;0;0;0;1;1;0;0;0;0;0;0;0;1;0;0;0;0;0;1;1
46113;14;0;0;1;0;0;0;0;0;1;1;-0.048828125;15;8.023681640625;23.031005859375;8.031005859375;0.00732421875;0;0;0;0;1;1;0;0;0;0;0;0;0;1;0;0;0;0;0;1;1
46123;14;0;0;1;0;0;0;0;0;1;1;-0.048828125;15;8.023681640625;23.031005859375;8.031005859375;0.00732421875;0;0;0;0;1;1;0;0;0;0;0;0;0;1;0;0;0;0;0;1;1
46134;14;0;0;1;0;0;0;0;0;1;1;-0.048828125;15;8.023681640625;23.031005859375;8.031005859375;0.00732421875;0;0;0;0;1;1;0;0;0;0;0;0;0;1;0;0;0;0;0;1;1
46143;14;0;0;1;0;0;0;0;0;1;1;-0.048828125;15;8.023681640625;23.031005859375;8.031005859375;0.00732421875;0;0;0;0;1;1;0;0;0;0;0;0;0;1;0;0;0;0;0;1;1
46153;14;0;0;1;0;0;0;0;0;1;1;-0.048828125;15;8.023681640625;23.031005859375;8.031005859375;0.00732421875;0;0;0;0;1;1;0;0;0;0;0;0;0;1;0;0;0;0;0;1;1
46164;14;0;0;1;0;0;0;0;0;1;1;-0.048828125;15;8.023681640625;23.031005859375;8.031005859375;0.00732421875;0;0;0;0;1;1;0;0;0;0;0;0;0;1;0;0;0;0;0;1;1
46173;14;0;0;1;0;0;0;0;0;1;1;-0.048828125;15;8.023681640625;23.031005859375;8.031005859375;0.00732421875;0;0;0;0;1;1;0;0;0;0;0;0;0;1;0;0;0;0;0;1;1
46183;14;0;0;1;0;0;0;0;0;1;1;-0.048828125;15;8.023681640625;23.031005859375;8.031005859375;0.00732421875;0;0;0;0;1;1;0;0;0;0;0;0;0;1;0;0;0;0;0;1;1
46193;14;0;0;1;0;0;0;0;0;1;1;-0.048828125;15;8.023681640625;23.031005859375;8.031005859375;0.00732421875;0;0;0;0;1;1;0;0;0;0;0;0;0;1;0;0;0;0;0;1;1
46203;14;0;0;1;0;0;0;0;0;1;1;-0.048828125;15;8.023681640625;23.031005859375;8.031005859375;0.00732421875;0;0;0;0;1;1;0;0;0;0;0;0;0;1;0;0;0;0;0;1;1
46213;14;0;0;1;0;0;0;0;0;1;1;-0.048828125;15;8.023681640625;23.031005859375;8.031005859375;0.00732421875;0;0;0;0;1;1;0;0;0;0;0;0;0;1;0;0;0;0;0;1;1
46223;14;0;0;1;0;0;0;0;0;1;1;-0.048828125;15;8.023681640625;23.031005859375;8.031005859375;0.00732421875;0;0;0;0;1;1;0;0;0;0;0;0;0;1;0;0;0;0;0;1;1
46233;14;0;0;1;0;0;0;0;0;1;1;-0.048828125;15;8.023681640625;23.031005859375;8.031005859375;0.00732421875;0;0;0;0;1;1;0;0;0;0;0;0;0;1;0;0;0;0;0;1;1
46243;14;0;0;1;0;0;0;0;0;1;1;-0.048828125;15;8.023681640625;23.031005859375;8.031005859375;0.00732421875;0;0;0;0;1;1;0;0;0;0;0;0;0;1;0;0;0;0;0;1;1
46253;14;0;0;1;0;0;0;0;0;1;1;-0.048828125;15;8.023681640625;23.031005859375;8.031005859375;0.00732421875;0;0;0;0;1;1;0;0;0;0;0;0;0;1;0;0;0;0;0;1;1
46264;14;0;0;1;0;0;0;0;0;1;1;-0.048828125;15;8.023681640625;23.031005859375;8.031005859375;0.00732421875;0;0;0;0;1;1;0;0;0;0;0;0;0;1;0;0;0;0;0;1;1
46273;14;0;0;1;0;0;0;0;0;1;1;-0.048828125;15;8.023681640625;23.031005859375;8.031005859375;0.00732421875;0;0;0;0;1;1;0;0;0;0;0;0;0;1;0;0;0;0;0;1;1
46283;14;0;0;1;0;0;0;0;0;1;1;-0.048828125;15;8.023681640625;23.031005859375;8.031005859375;0.00732421875;0;0;0;0;1;1;0;0;0;0;0;0;0;1;0;0;0;0;0;1;1
46293;14;0;0;1;0;0;0;0;0;1;1;-0.048828125;15;8.023681640625;23.031005859375;8.031005859375;0.00732421875;0;0;0;0;1;1;0;0;0;0;0;0;0;1;0;0;0;0;0;1;1
46303;14;0;0;1;0;0;0;0;0;1;1;-0.048828125;15;8.023681640625;23.031005859375;8.031005859375;0.00732421875;0;0;0;0;1;1;0;0;0;0;0;0;0;1;0;0;0;0;0;1;1
46313;14;0;0;1;0;0;0;0;0;1;1;-0.048828125;15;8.023681640625;23.031005859375;8.031005859375;0.00732421875;0;0;0;0;1;1;0;0;0;0;0;0;0;1;0;0;0;0;0;1;1
46323;14;0;0;1;0;0;0;0;0;1;1;-0.048828125;15;8.023681640625;23.031005859375;8.031005859375;0.00732421875;0;0;0;0;1;1;0;0;0;0;0;0;0;1;0;0;0;0;0;1;1
46333;14;0;0;1;0;0;0;0;0;1;1;-0.048828125;15;8.023681640625;23.031005859375;8.031005859375;0.00732421875;0;0;0;0;1;1;0;0;0;0;0;0;0;1;0;0;0;0;0;1;1
46343;14;0;0;1;0;0;0;0;0;1;1;-0.048828125;15;8.023681640625;23.031005859375;8.031005859375;0.00732421875;0;0;0;0;1;1;0;0;0;0;0;0;0;1;0;0;0;0;0;1;1
46353;14;0;0;1;0;0;0;0;0;1;1;-0.048828125;15;8.023681640625;23.031005859375;8.031005859375;0.00732421875;0;0;0;0;1;1;0;0;0;0;0;0;0;1;0;0;0;0;0;1;1
46363;14;0;0;1;0;0;0;0;0;1;1;-0.048828125;15;8.023681640625;23.031005859375;8.031005859375;0.00732421875;0;0;0;0;1;1;0;0;0;0;0;0;0;1;0;0;0;0;0;1;1
46373;14;0;0;1;0;0;0;0;0;1;1;-0.048828125;15;8.023681640625;23.031005859375;8.031005859375;0.00732421875;0;0;0;0;1;1;0;0;0;0;0;0;0;1;0;0;0;0;0;1;1
46383;14;0;0;1;0;0;0;0;0;1;1;-0.048828125;15;8.023681640625;23.031005859375;8.031005859375;0.00732421875;0;0;0;0;1;1;0;0;0;0;0;0;0;1;0;0;0;0;0;1;1
46395;14;0;0;1;0;0;0;0;0;1;1;-0.048828125;15;8.023681640625;23.031005859375;8.031005859375;0.00732421875;0;0;0;0;1;1;0;0;0;0;0;0;0;1;0;0;0;0;0;1;1
46403;14;0;0;1;0;0;0;0;0;1;1;-0.048828125;15;8.023681640625;23.031005859375;8.031005859375;0.00732421875;0;0;0;0;1;1;0;0;0;0;0;0;0;1;0;0;0;0;0;1;1
46413;14;0;0;1;0;0;0;0;0;1;1;-0.048828125;15;8.023681640625;23.031005859375;8.031005859375;0.00732421875;0;0;0;0;1;1;0;0;0;0;0;0;0;1;0;0;0;0;0;1;1
46423;14;0;0;1;0;0;0;0;0;1;1;-0.048828125;15;8.023681640625;23.031005859375;8.031005859375;0.00732421875;0;0;0;0;1;1;0;0;0;0;0;0;0;1;0;0;0;0;0;1;1
46433;14;0;0;1;0;0;0;0;0;1;1;-0.048828125;15;8.023681640625;23.031005859375;8.031005859375;0.00732421875;0;0;0;0;1;1;0;0;0;0;0;0;0;1;0;0;0;0;0;1;1
46443;14;0;0;1;0;0;0;0;0;1;1;-0.048828125;15;8.023681640625;23.031005859375;8.031005859375;0.00732421875;0;0;0;0;1;1;0;0;0;0;0;0;0;1;0;0;0;0;0;1;1
46453;14;0;0;1;0;0;0;0;0;1;1;-0.048828125;15;8.023681640625;23.031005859375;8.031005859375;0.00732421875;0;0;0;0;1;1;0;0;0;0;0;0;0;1;0;0;0;0;0;1;1
46479;14;0;0;1;0;0;0;0;0;1;1;-0.048828125;15;8.023681640625;23.031005859375;8.031005859375;0.00732421875;0;0;0;0;1;1;0;0;0;0;0;0;0;1;0;0;0;0;0;1;1
46483;14;0;0;1;0;0;0;0;0;1;1;-0.048828125;15;8.023681640625;23.031005859375;8.031005859375;0.00732421875;0;0;0;0;1;1;0;0;0;0;0;0;0;1;0;0;0;0;0;1;1
46495;14;0;0;1;0;0;0;0;0;1;1;-0.048828125;15;8.023681640625;23.031005859375;8.031005859375;0.00732421875;0;0;0;0;1;1;0;0;0;0;0;0;0;1;0;0;0;0;0;1;1
46503;14;0;0;1;0;0;0;0;0;1;1;-0.048828125;15;8.023681640625;23.031005859375;8.031005859375;0.00732421875;0;0;0;0;1;1;0;0;0;0;0;0;0;1;0;0;0;0;0;1;1
46513;14;0;0;1;0;0;0;0;0;1;1;-0.048828125;15;8.023681640625;23.031005859375;8.031005859375;0.00732421875;0;0;0;0;1;1;0;0;0;0;0;0;0;1;0;0;0;0;0;1;1
46524;14;0;0;1;0;0;0;0;0;1;1;-0.048828125;15;8.023681640625;23.031005859375;8.031005859375;0.00732421875;0;0;0;0;1;1;0;0;0;0;0;0;0;1;0;0;0;0;0;1;1
46533;14;0;0;1;0;0;0;0;0;1;1;-0.048828125;15;8.023681640625;23.031005859375;8.031005859375;0.00732421875;0;0;0;0;1;1;0;0;0;0;0;0;0;1;0;0;0;0;0;1;1
46543;14;0;0;1;0;0;0;0;0;1;1;-0.048828125;15;8.023681640625;23.031005859375;8.031005859375;0.00732421875;0;0;0;0;1;1;0;0;0;0;0;0;0;1;0;0;0;0;0;1;1
46553;14;0;0;1;0;0;0;0;0;1;1;-0.048828125;15;8.023681640625;23.031005859375;8.031005859375;0.00732421875;0;0;0;0;1;1;0;0;0;0;0;0;0;1;0;0;0;0;0;1;1
46563;14;0;0;1;0;0;0;0;0;1;1;-0.048828125;15;8.023681640625;23.031005859375;8.031005859375;0.00732421875;0;0;0;0;1;1;0;0;0;0;0;0;0;1;0;0;0;0;0;1;1
46573;14;0;0;1;0;0;0;0;0;1;1;-0.048828125;15;8.023681640625;23.031005859375;8.031005859375;0.00732421875;0;0;0;0;1;1;0;0;0;0;0;0;0;1;0;0;0;0;0;1;1
46583;14;0;0;1;0;0;0;0;0;1;1;-0.048828125;15;8.023681640625;23.031005859375;8.031005859375;0.00732421875;0;0;0;0;1;1;0;0;0;0;0;0;0;1;0;0;0;0;0;1;1
46594;14;0;0;1;0;0;0;0;0;1;1;-0.048828125;15;8.023681640625;23.031005859375;8.031005859375;0.00732421875;0;0;0;0;1;1;0;0;0;0;0;0;0;1;0;0;0;0;0;1;1
46603;14;0;0;1;0;0;0;0;0;1;1;-0.048828125;15;8.023681640625;23.031005859375;8.031005859375;0.00732421875;0;0;0;0;1;1;0;0;0;0;0;0;0;1;0;0;0;0;0;1;1
46613;14;0;0;1;0;0;0;0;0;1;1;-0.048828125;15;8.023681640625;23.031005859375;8.031005859375;0.00732421875;0;0;0;0;1;1;0;0;0;0;0;0;0;1;0;0;0;0;0;1;1
46623;14;0;0;1;0;0;0;0;0;1;1;-0.048828125;15;8.023681640625;23.031005859375;8.031005859375;0.00732421875;0;0;0;0;1;1;0;0;0;0;0;0;0;1;0;0;0;0;0;1;1
46633;14;0;0;1;0;0;0;0;0;1;1;-0.048828125;15;8.023681640625;23.031005859375;8.031005859375;0.00732421875;0;0;0;0;1;1;0;0;0;0;0;0;0;1;0;0;0;0;0;1;1
46643;14;0;0;1;0;0;0;0;0;1;1;-0.048828125;15;8.023681640625;23.031005859375;8.031005859375;0.00732421875;0;0;0;0;1;1;0;0;0;0;0;0;0;1;0;0;0;0;0;1;1
46654;14;0;0;1;0;0;0;0;0;1;1;-0.048828125;15;8.023681640625;23.031005859375;8.031005859375;0.00732421875;0;0;0;0;1;1;0;0;0;0;0;0;0;1;0;0;0;0;0;1;1
46663;14;0;0;1;0;0;0;0;0;1;1;-0.048828125;15;8.023681640625;23.031005859375;8.031005859375;0.00732421875;0;0;0;0;1;1;0;0;0;0;0;0;0;1;0;0;0;0;0;1;1
46673;14;0;0;1;0;0;0;0;0;1;1;-0.048828125;15;8.023681640625;23.031005859375;8.031005859375;0.00732421875;0;0;0;0;1;1;0;0;0;0;0;0;0;1;0;0;0;0;0;1;1
46683;14;0;0;1;0;0;0;0;0;1;1;-0.048828125;15;8.023681640625;23.031005859375;8.031005859375;0.00732421875;0;0;0;0;1;1;0;0;0;0;0;0;0;1;0;0;0;0;0;1;1
46696;14;0;0;1;0;0;0;0;0;1;1;-0.048828125;15;8.023681640625;23.031005859375;8.031005859375;0.00732421875;0;0;0;0;1;1;0;0;0;0;0;0;0;1;0;0;0;0;0;1;1
46703;14;0;0;1;0;0;0;0;0;1;1;-0.048828125;15;8.023681640625;23.031005859375;8.031005859375;0.00732421875;0;0;0;0;1;1;0;0;0;0;0;0;0;1;0;0;0;0;0;1;1
46713;14;0;0;1;0;0;0;0;0;1;1;-0.048828125;15;8.023681640625;23.031005859375;8.031005859375;0.00732421875;0;0;0;0;1;1;0;0;0;0;0;0;0;1;0;0;0;0;0;1;1
46723;14;0;0;1;0;0;0;0;0;1;1;-0.048828125;15;8.023681640625;23.031005859375;8.031005859375;0.00732421875;0;0;0;0;1;1;0;0;0;0;0;0;0;1;0;0;0;0;0;1;1
46733;14;0;0;1;0;0;0;0;0;1;1;-0.048828125;15;8.023681640625;23.031005859375;8.031005859375;0.00732421875;0;0;0;0;1;1;0;0;0;0;0;0;0;1;0;0;0;0;0;1;1
46743;14;0;0;1;0;0;0;0;0;1;1;-0.048828125;15;8.023681640625;23.031005859375;8.031005859375;0.00732421875;0;0;0;0;1;1;0;0;0;0;0;0;0;1;0;0;0;0;0;1;1
46754;14;0;0;1;0;0;0;0;0;1;1;-0.048828125;15;8.023681640625;23.031005859375;8.031005859375;0.00732421875;0;0;0;0;1;1;0;0;0;0;0;0;0;1;0;0;0;0;0;1;1
46763;14;0;0;1;0;0;0;0;0;1;1;-0.048828125;15;8.023681640625;23.031005859375;8.031005859375;0.00732421875;0;0;0;0;1;1;0;0;0;0;0;0;0;1;0;0;0;0;0;1;1
46773;14;0;0;1;0;0;0;0;0;1;1;-0.048828125;15;8.023681640625;23.031005859375;8.031005859375;0.00732421875;0;0;0;0;1;1;0;0;0;0;0;0;0;1;0;0;0;0;0;1;1
46783;14;0;0;1;0;0;0;0;0;1;1;-0.048828125;15;8.023681640625;23.031005859375;8.031005859375;0.00732421875;0;0;0;0;1;1;0;0;0;0;0;0;0;1;0;0;0;0;0;1;1
46794;14;0;0;1;0;0;0;0;0;1;1;-0.048828125;15;8.023681640625;23.031005859375;8.031005859375;0.00732421875;0;0;0;0;1;1;0;0;0;0;0;0;0;1;0;0;0;0;0;1;1
46803;14;0;0;1;0;0;0;0;0;1;1;-0.048828125;15;8.023681640625;23.031005859375;8.031005859375;0.00732421875;0;0;0;0;1;1;0;0;0;0;0;0;0;1;0;0;0;0;0;1;1
46813;14;0;0;1;0;0;0;0;0;1;1;-0.048828125;15;8.023681640625;23.031005859375;8.031005859375;0.00732421875;0;0;0;0;1;1;0;0;0;0;0;0;0;1;0;0;0;0;0;1;1
46824;14;0;0;1;0;0;0;0;0;1;1;-0.048828125;15;8.023681640625;23.031005859375;8.031005859375;0.00732421875;0;0;0;0;1;1;0;0;0;0;0;0;0;1;0;0;0;0;0;1;1
46833;14;0;0;1;0;0;0;0;0;1;1;-0.048828125;15;8.023681640625;23.031005859375;8.031005859375;0.00732421875;0;0;0;0;1;1;0;0;0;0;0;0;0;1;0;0;0;0;0;1;1
46843;14;0;0;1;0;0;0;0;0;1;1;-0.048828125;15;8.023681640625;23.031005859375;8.031005859375;0.00732421875;0;0;0;0;1;1;0;0;0;0;0;0;0;1;0;0;0;0;0;1;1
46854;14;0;0;1;0;0;0;0;0;1;1;-0.048828125;15;8.023681640625;23.031005859375;8.031005859375;0.00732421875;0;0;0;0;1;1;0;0;0;0;0;0;0;1;0;0;0;0;0;1;1
46863;14;0;0;1;0;0;0;0;0;1;1;-0.048828125;15;8.023681640625;23.031005859375;8.031005859375;0.00732421875;0;0;0;0;1;1;0;0;0;0;0;0;0;1;0;0;0;0;0;1;1
46873;14;0;0;1;0;0;0;0;0;1;1;-0.048828125;15;8.023681640625;23.031005859375;8.031005859375;0.00732421875;0;0;0;0;1;1;0;0;0;0;0;0;0;1;0;0;0;0;0;1;1
46883;14;0;0;1;0;0;0;0;0;1;1;-0.048828125;15;8.023681640625;23.031005859375;8.031005859375;0.00732421875;0;0;0;0;1;1;0;0;0;0;0;0;0;1;0;0;0;0;0;1;1
46894;14;0;0;1;0;0;0;0;0;1;1;-0.048828125;15;8.023681640625;23.031005859375;8.031005859375;0.00732421875;0;0;0;0;1;1;0;0;0;0;0;0;0;1;0;0;0;0;0;1;1
46903;14;0;0;1;0;0;0;0;0;1;1;-0.048828125;15;8.023681640625;23.031005859375;8.031005859375;0.00732421875;0;0;0;0;1;1;0;0;0;0;0;0;0;1;0;0;0;0;0;1;1
46913;14;0;0;1;0;0;0;0;0;1;1;-0.048828125;15;8.023681640625;23.031005859375;8.031005859375;0.00732421875;0;0;0;0;1;1;0;0;0;0;0;0;0;1;0;0;0;0;0;1;1
46924;14;0;0;1;0;0;0;0;0;1;1;-0.048828125;15;8.023681640625;23.031005859375;8.031005859375;0.00732421875;0;0;0;0;1;1;0;0;0;0;0;0;0;1;0;0;0;0;0;1;1
46933;14;0;0;1;0;0;0;0;0;1;1;-0.048828125;15;8.023681640625;23.031005859375;8.031005859375;0.00732421875;0;0;0;0;1;1;0;0;0;0;0;0;0;1;0;0;0;0;0;1;1
46943;14;0;0;1;0;0;0;0;0;1;1;-0.048828125;15;8.023681640625;23.031005859375;8.031005859375;0.00732421875;0;0;0;0;1;1;0;0;0;0;0;0;0;1;0;0;0;0;0;1;1
46954;14;0;0;1;0;0;0;0;0;1;1;-0.048828125;15;8.023681640625;23.031005859375;8.031005859375;0.00732421875;0;0;0;0;1;1;0;0;0;0;0;0;0;1;0;0;0;0;0;1;1
46963;14;0;0;1;0;0;0;0;0;1;1;-0.048828125;15;8.023681640625;23.031005859375;8.031005859375;0.00732421875;0;0;0;0;1;1;0;0;0;0;0;0;0;1;0;0;0;0;0;1;1
46973;14;0;0;1;0;0;0;0;0;1;1;-0.048828125;15;8.023681640625;23.031005859375;8.031005859375;0.00732421875;0;0;0;0;1;1;0;0;0;0;0;0;0;1;0;0;0;0;0;1;1
46983;14;0;0;1;0;0;0;0;0;1;1;-0.048828125;15;8.023681640625;23.031005859375;8.031005859375;0.00732421875;0;0;0;0;1;1;0;0;0;0;0;0;0;1;0;0;0;0;0;1;1
46994;14;0;0;1;0;0;0;0;0;1;1;-0.048828125;15;8.023681640625;23.031005859375;8.031005859375;0.00732421875;0;0;0;0;1;1;0;0;0;0;0;0;0;1;0;0;0;0;0;1;1
47003;14;0;0;1;0;0;0;0;0;1;1;-0.048828125;15;8.023681640625;23.031005859375;8.031005859375;0.00732421875;0;0;0;0;1;1;0;0;0;0;0;0;0;1;0;0;0;0;0;1;1
47013;14;0;0;1;0;0;0;0;0;1;1;-0.048828125;15;8.023681640625;23.031005859375;8.031005859375;0.00732421875;0;0;0;0;1;1;0;0;0;0;0;0;0;1;0;0;0;0;0;1;1
47023;14;0;0;1;0;0;0;0;0;1;1;-0.048828125;15;8.023681640625;23.031005859375;8.031005859375;0.00732421875;0;0;0;0;1;1;0;0;0;0;0;0;0;1;0;0;0;0;0;1;1
47033;14;0;0;1;0;0;0;0;0;1;1;-0.048828125;15;8.023681640625;23.031005859375;8.031005859375;0.00732421875;0;0;0;0;1;1;0;0;0;0;0;0;0;1;0;0;0;0;0;1;1
47043;14;0;0;1;0;0;0;0;0;1;1;-0.048828125;15;8.023681640625;23.031005859375;8.031005859375;0.00732421875;0;0;0;0;1;1;0;0;0;0;0;0;0;1;0;0;0;0;0;1;1
47053;14;0;0;1;0;0;0;0;0;1;1;-0.048828125;15;8.023681640625;23.031005859375;8.031005859375;0.00732421875;0;0;0;0;1;1;0;0;0;0;0;0;0;1;0;0;0;0;0;1;1
47063;14;0;0;1;0;0;0;0;0;1;1;-0.048828125;15;8.023681640625;23.031005859375;8.031005859375;0.00732421875;0;0;0;0;1;1;0;0;0;0;0;0;0;1;0;0;0;0;0;1;1
47073;14;0;0;1;0;0;0;0;0;1;1;-0.048828125;15;8.023681640625;23.031005859375;8.031005859375;0.00732421875;0;0;0;0;1;1;0;0;0;0;0;0;0;1;0;0;0;0;0;1;1
47083;14;0;0;1;0;0;0;0;0;1;1;-0.048828125;15;8.023681640625;23.031005859375;8.031005859375;0.00732421875;0;0;0;0;1;1;0;0;0;0;0;0;0;1;0;0;0;0;0;1;1
47094;14;0;0;1;0;0;0;0;0;1;1;-0.048828125;15;8.023681640625;23.031005859375;8.031005859375;0.00732421875;0;0;0;0;1;1;0;0;0;0;0;0;0;1;0;0;0;0;0;1;1
47103;14;0;0;1;0;0;0;0;0;1;1;-0.048828125;15;8.023681640625;23.031005859375;8.031005859375;0.00732421875;0;0;0;0;1;1;0;0;0;0;0;0;0;1;0;0;0;0;0;1;1
47113;14;0;0;1;0;0;0;0;0;1;1;-0.048828125;15;8.023681640625;23.031005859375;8.031005859375;0.00732421875;0;0;0;0;1;1;0;0;0;0;0;0;0;1;0;0;0;0;0;1;1
47124;14;0;0;1;0;0;0;0;0;1;1;-0.048828125;15;8.023681640625;23.031005859375;8.031005859375;0.00732421875;0;0;0;0;1;1;0;0;0;0;0;0;0;1;0;0;0;0;0;1;1
47133;14;0;0;1;0;0;0;0;0;1;1;-0.048828125;15;8.023681640625;23.031005859375;8.031005859375;0.00732421875;0;0;0;0;1;1;0;0;0;0;0;0;0;1;0;0;0;0;0;1;1
47143;14;0;0;1;0;0;0;0;0;1;1;-0.048828125;15;8.023681640625;23.031005859375;8.031005859375;0.00732421875;0;0;0;0;1;1;0;0;0;0;0;0;0;1;0;0;0;0;0;1;1
47155;14;0;0;1;0;0;0;0;0;1;1;-0.048828125;15;8.023681640625;23.031005859375;8.031005859375;0.00732421875;0;0;0;0;1;1;0;0;0;0;0;0;0;1;0;0;0;0;0;1;1
47163;14;0;0;1;0;0;0;0;0;1;1;-0.048828125;15;8.023681640625;23.031005859375;8.031005859375;0.00732421875;0;0;0;0;1;1;0;0;0;0;0;0;0;1;0;0;0;0;0;1;1
47173;14;0;0;1;0;0;0;0;0;1;1;-0.048828125;15;8.023681640625;23.031005859375;8.031005859375;0.00732421875;0;0;0;0;1;1;0;0;0;0;0;0;0;1;0;0;0;0;0;1;1
47183;14;0;0;1;0;0;0;0;0;1;1;-0.048828125;15;8.023681640625;23.031005859375;8.031005859375;0.00732421875;0;0;0;0;1;1;0;0;0;0;0;0;0;1;0;0;0;0;0;1;1
47194;14;0;0;1;0;0;0;0;0;1;1;-0.048828125;15;8.023681640625;23.031005859375;8.031005859375;0.00732421875;0;0;0;0;1;1;0;0;0;0;0;0;0;1;0;0;0;0;0;1;1
47203;14;0;0;1;0;0;0;0;0;1;1;-0.048828125;15;8.023681640625;23.031005859375;8.031005859375;0.00732421875;0;0;0;0;1;1;0;0;0;0;0;0;0;1;0;0;0;0;0;1;1
47213;14;0;0;1;0;0;0;0;0;1;1;-0.048828125;15;8.023681640625;23.031005859375;8.031005859375;0.00732421875;0;0;0;0;1;1;0;0;0;0;0;0;0;1;0;0;0;0;0;1;1
47223;14;0;0;1;0;0;0;0;0;1;1;-0.048828125;15;8.023681640625;23.031005859375;8.031005859375;0.00732421875;0;0;0;0;1;1;0;0;0;0;0;0;0;1;0;0;0;0;0;1;1
47233;14;0;0;1;0;0;0;0;0;1;1;-0.048828125;15;8.023681640625;23.031005859375;8.031005859375;0.00732421875;0;0;0;0;1;1;0;0;0;0;0;0;0;1;0;0;0;0;0;1;1
47243;14;0;0;1;0;0;0;0;0;1;1;-0.048828125;15;8.023681640625;23.031005859375;8.031005859375;0.00732421875;0;0;0;0;1;1;0;0;0;0;0;0;0;1;0;0;0;0;0;1;1
47253;14;0;0;1;0;0;0;0;0;1;1;-0.048828125;15;8.023681640625;23.031005859375;8.031005859375;0.00732421875;0;0;0;0;1;1;0;0;0;0;0;0;0;1;0;0;0;0;0;1;1
47263;14;0;0;1;0;0;0;0;0;1;1;-0.048828125;15;8.023681640625;23.031005859375;8.031005859375;0.00732421875;0;0;0;0;1;1;0;0;0;0;0;0;0;1;0;0;0;0;0;1;1
47273;14;0;0;1;0;0;0;0;0;1;1;-0.048828125;15;8.023681640625;23.031005859375;8.031005859375;0.00732421875;0;0;0;0;1;1;0;0;0;0;0;0;0;1;0;0;0;0;0;1;1
47284;14;0;0;1;0;0;0;0;0;1;1;-0.048828125;15;8.023681640625;23.031005859375;8.031005859375;0.00732421875;0;0;0;0;1;1;0;0;0;0;0;0;0;1;0;0;0;0;0;1;1
47294;14;0;0;1;0;0;0;0;0;1;1;-0.048828125;15;8.023681640625;23.031005859375;8.031005859375;0.00732421875;0;0;0;0;1;1;0;0;0;0;0;0;0;1;0;0;0;0;0;1;1
47303;14;0;0;1;0;0;0;0;0;1;1;-0.048828125;15;8.023681640625;23.031005859375;8.031005859375;0.00732421875;0;0;0;0;1;1;0;0;0;0;0;0;0;1;0;0;0;0;0;1;1
47313;14;0;0;1;0;0;0;0;0;1;1;-0.048828125;15;8.023681640625;23.031005859375;8.031005859375;0.00732421875;0;0;0;0;1;1;0;0;0;0;0;0;0;1;0;0;0;0;0;1;1
47323;14;0;0;1;0;0;0;0;0;1;1;-0.048828125;15;8.023681640625;23.031005859375;8.031005859375;0.00732421875;0;0;0;0;1;1;0;0;0;0;0;0;0;1;0;0;0;0;0;1;1
47333;14;0;0;1;0;0;0;0;0;1;1;-0.048828125;15;8.023681640625;23.031005859375;8.031005859375;0.00732421875;0;0;0;0;1;1;0;0;0;0;0;0;0;1;0;0;0;0;0;1;1
47343;14;0;0;1;0;0;0;0;0;1;1;-0.048828125;15;8.023681640625;23.031005859375;8.031005859375;0.00732421875;0;0;0;0;1;1;0;0;0;0;0;0;0;1;0;0;0;0;0;1;1
47356;14;0;0;1;0;0;0;0;0;1;1;-0.048828125;15;8.023681640625;23.031005859375;8.031005859375;0.00732421875;0;0;0;0;1;1;0;0;0;0;0;0;0;1;0;0;0;0;0;1;1
47363;14;0;0;1;0;0;0;0;0;1;1;-0.048828125;15;8.023681640625;23.031005859375;8.031005859375;0.00732421875;0;0;0;0;1;1;0;0;0;0;0;0;0;1;0;0;0;0;0;1;1
47373;14;0;0;1;0;0;0;0;0;1;1;-0.048828125;15;8.023681640625;23.031005859375;8.031005859375;0.00732421875;0;0;0;0;1;1;0;0;0;0;0;0;0;1;0;0;0;0;0;1;1
47383;14;0;0;1;0;0;0;0;0;1;1;-0.048828125;15;8.023681640625;23.031005859375;8.031005859375;0.00732421875;0;0;0;0;1;1;0;0;0;0;0;0;0;1;0;0;0;0;0;1;1
47393;14;0;0;1;0;0;0;0;0;1;1;-0.048828125;15;8.023681640625;23.031005859375;8.031005859375;0.00732421875;0;0;0;0;1;1;0;0;0;0;0;0;0;1;0;0;0;0;0;1;1
47403;14;0;0;1;0;0;0;0;0;1;1;-0.048828125;15;8.023681640625;23.031005859375;8.031005859375;0.00732421875;0;0;0;0;1;1;0;0;0;0;0;0;0;1;0;0;0;0;0;1;1
47413;14;0;0;1;0;0;0;0;0;1;1;-0.048828125;15;8.023681640625;23.031005859375;8.031005859375;0.00732421875;0;0;0;0;1;1;0;0;0;0;0;0;0;1;0;0;0;0;0;1;1
47423;14;0;0;1;0;0;0;0;0;1;1;-0.048828125;15;8.023681640625;23.031005859375;8.031005859375;0.00732421875;0;0;0;0;1;1;0;0;0;0;0;0;0;1;0;0;0;0;0;1;1
47433;14;0;0;1;0;0;0;0;0;1;1;-0.048828125;15;8.023681640625;23.031005859375;8.031005859375;0.00732421875;0;0;0;0;1;1;0;0;0;0;0;0;0;1;0;0;0;0;0;1;1
47443;14;0;0;1;0;0;0;0;0;1;1;-0.048828125;15;8.023681640625;23.031005859375;8.031005859375;0.00732421875;0;0;0;0;1;1;0;0;0;0;0;0;0;1;0;0;0;0;0;1;1
47453;14;0;0;1;0;0;0;0;0;1;1;-0.048828125;15;8.023681640625;23.031005859375;8.031005859375;0.00732421875;0;0;0;0;1;1;0;0;0;0;0;0;0;1;0;0;0;0;0;1;1
47463;14;0;0;1;0;0;0;0;0;1;1;-0.048828125;15;8.023681640625;23.031005859375;8.031005859375;0.00732421875;0;0;0;0;1;1;0;0;0;0;0;0;0;1;0;0;0;0;0;1;1
47473;14;0;0;1;0;0;0;0;0;1;1;-0.048828125;15;8.023681640625;23.031005859375;8.031005859375;0.00732421875;0;0;0;0;1;1;0;0;0;0;0;0;0;1;0;0;0;0;0;1;1
47484;14;0;0;1;0;0;0;0;0;1;1;-0.048828125;15;8.023681640625;23.031005859375;8.031005859375;0.00732421875;0;0;0;0;1;1;0;0;0;0;0;0;0;1;0;0;0;0;0;1;1
47493;14;0;0;1;0;0;0;0;0;1;1;-0.048828125;15;8.023681640625;23.031005859375;8.031005859375;0.00732421875;0;0;0;0;1;1;0;0;0;0;0;0;0;1;0;0;0;0;0;1;1
47503;14;0;0;1;0;0;0;0;0;1;1;-0.048828125;15;8.023681640625;23.031005859375;8.031005859375;0.00732421875;0;0;0;0;1;1;0;0;0;0;0;0;0;1;0;0;0;0;0;1;1
47514;14;0;0;1;0;0;0;0;0;1;1;-0.048828125;15;8.023681640625;23.031005859375;8.031005859375;0.00732421875;0;0;0;0;1;1;0;0;0;0;0;0;0;1;0;0;0;0;0;1;1
47523;14;0;0;1;0;0;0;0;0;1;1;-0.048828125;15;8.023681640625;23.031005859375;8.031005859375;0.00732421875;0;0;0;0;1;1;0;0;0;0;0;0;0;1;0;0;0;0;0;1;1
47533;14;0;0;1;0;0;0;0;0;1;1;-0.048828125;15;8.023681640625;23.031005859375;8.031005859375;0.00732421875;0;0;0;0;1;1;0;0;0;0;0;0;0;1;0;0;0;0;0;1;1
47543;14;0;0;1;0;0;0;0;0;1;1;-0.048828125;15;8.023681640625;23.031005859375;8.031005859375;0.00732421875;0;0;0;0;1;1;0;0;0;0;0;0;0;1;0;0;0;0;0;1;1
47553;14;0;0;1;0;0;0;0;0;1;1;-0.048828125;15;8.023681640625;23.031005859375;8.031005859375;0.00732421875;0;0;0;0;1;1;0;0;0;0;0;0;0;1;0;0;0;0;0;1;1
47563;14;0;0;1;0;0;0;0;0;1;1;-0.048828125;15;8.023681640625;23.031005859375;8.031005859375;0.00732421875;0;0;0;0;1;1;0;0;0;0;0;0;0;1;0;0;0;0;0;1;1
47573;14;0;0;1;0;0;0;0;0;1;1;-0.048828125;15;8.023681640625;23.031005859375;8.031005859375;0.00732421875;0;0;0;0;1;1;0;0;0;0;0;0;0;1;0;0;0;0;0;1;1
47584;14;0;0;1;0;0;0;0;0;1;1;-0.048828125;15;8.023681640625;23.031005859375;8.031005859375;0.00732421875;0;0;0;0;1;1;0;0;0;0;0;0;0;1;0;0;0;0;0;1;1
47593;14;0;0;1;0;0;0;0;0;1;1;-0.048828125;15;8.023681640625;23.031005859375;8.031005859375;0.00732421875;0;0;0;0;1;1;0;0;0;0;0;0;0;1;0;0;0;0;0;1;1
47603;14;0;0;1;0;0;0;0;0;1;1;-0.048828125;15;8.023681640625;23.031005859375;8.031005859375;0.00732421875;0;0;0;0;1;1;0;0;0;0;0;0;0;1;0;0;0;0;0;1;1
47614;14;0;0;1;0;0;0;0;0;1;1;-0.048828125;15;8.023681640625;23.031005859375;8.031005859375;0.00732421875;0;0;0;0;1;1;0;0;0;0;0;0;0;1;0;0;0;0;0;1;1
47623;14;0;0;1;0;0;0;0;0;1;1;-0.048828125;15;8.023681640625;23.031005859375;8.031005859375;0.00732421875;0;0;0;0;1;1;0;0;0;0;0;0;0;1;0;0;0;0;0;1;1
47634;14;0;0;1;0;0;0;0;0;1;1;-0.048828125;15;8.023681640625;23.031005859375;8.031005859375;0.00732421875;0;0;0;0;1;1;0;0;0;0;0;0;0;1;0;0;0;0;0;1;1
47643;14;0;0;1;0;0;0;0;0;1;1;-0.048828125;15;8.023681640625;23.031005859375;8.031005859375;0.00732421875;0;0;0;0;1;1;0;0;0;0;0;0;0;1;0;0;0;0;0;1;1
47653;14;0;0;1;0;0;0;0;0;1;1;-0.048828125;15;8.023681640625;23.031005859375;8.031005859375;0.00732421875;0;0;0;0;1;1;0;0;0;0;0;0;0;1;0;0;0;0;0;1;1
47663;14;0;0;1;0;0;0;0;0;1;1;-0.048828125;15;8.023681640625;23.031005859375;8.031005859375;0.00732421875;0;0;0;0;1;1;0;0;0;0;0;0;0;1;0;0;0;0;0;1;1
47673;14;0;0;1;0;0;0;0;0;1;1;-0.048828125;15;8.023681640625;23.031005859375;8.031005859375;0.00732421875;0;0;0;0;1;1;0;0;0;0;0;0;0;1;0;0;0;0;0;1;1
47683;14;0;0;1;0;0;0;0;0;1;1;-0.048828125;15;8.023681640625;23.031005859375;8.031005859375;0.00732421875;0;0;0;0;1;1;0;0;0;0;0;0;0;1;0;0;0;0;0;1;1
47693;14;0;0;1;0;0;0;0;0;1;1;-0.048828125;15;8.023681640625;23.031005859375;8.031005859375;0.00732421875;0;0;0;0;1;1;0;0;0;0;0;0;0;1;0;0;0;0;0;1;1
47703;14;0;0;1;0;0;0;0;0;1;1;-0.048828125;15;8.023681640625;23.031005859375;8.031005859375;0.00732421875;0;0;0;0;1;1;0;0;0;0;0;0;0;1;0;0;0;0;0;1;1
47714;14;0;0;1;0;0;0;0;0;1;1;-0.048828125;15;8.023681640625;23.031005859375;8.031005859375;0.00732421875;0;0;0;0;1;1;0;0;0;0;0;0;0;1;0;0;0;0;0;1;1
47723;14;0;0;1;0;0;0;0;0;1;1;-0.048828125;15;8.023681640625;23.031005859375;8.031005859375;0.00732421875;0;0;0;0;1;1;0;0;0;0;0;0;0;1;0;0;0;0;0;1;1
47733;14;0;0;1;0;0;0;0;0;1;1;-0.048828125;15;8.023681640625;23.031005859375;8.031005859375;0.00732421875;0;0;0;0;1;1;0;0;0;0;0;0;0;1;0;0;0;0;0;1;1
47743;14;0;0;1;0;0;0;0;0;1;1;-0.048828125;15;8.023681640625;23.031005859375;8.031005859375;0.00732421875;0;0;0;0;1;1;0;0;0;0;0;0;0;1;0;0;0;0;0;1;1
47753;14;0;0;1;0;0;0;0;0;1;1;-0.048828125;15;8.023681640625;23.031005859375;8.031005859375;0.00732421875;0;0;0;0;1;1;0;0;0;0;0;0;0;1;0;0;0;0;0;1;1
47763;14;0;0;1;0;0;0;0;0;1;1;-0.048828125;15;8.023681640625;23.031005859375;8.031005859375;0.00732421875;0;0;0;0;1;1;0;0;0;0;0;0;0;1;0;0;0;0;0;1;1
47773;14;0;0;1;0;0;0;0;0;1;1;-0.048828125;15;8.023681640625;23.031005859375;8.031005859375;0.00732421875;0;0;0;0;1;1;0;0;0;0;0;0;0;1;0;0;0;0;0;1;1
47783;14;0;0;1;0;0;0;0;0;1;1;-0.048828125;15;8.023681640625;23.031005859375;8.031005859375;0.00732421875;0;0;0;0;1;1;0;0;0;0;0;0;0;1;0;0;0;0;0;1;1
47793;14;0;0;1;0;0;0;0;0;1;1;-0.048828125;15;8.023681640625;23.031005859375;8.031005859375;0.00732421875;0;0;0;0;1;1;0;0;0;0;0;0;0;1;0;0;0;0;0;1;1
47803;14;0;0;1;0;0;0;0;0;1;1;-0.048828125;15;8.023681640625;23.031005859375;8.031005859375;0.00732421875;0;0;0;0;1;1;0;0;0;0;0;0;0;1;0;0;0;0;0;1;1
47815;14;0;0;1;0;0;0;0;0;1;1;-0.048828125;15;8.023681640625;23.031005859375;8.031005859375;0.00732421875;0;0;0;0;1;1;0;0;0;0;0;0;0;1;0;0;0;0;0;1;1
47823;14;0;0;1;0;0;0;0;0;1;1;-0.048828125;15;8.023681640625;23.031005859375;8.031005859375;0.00732421875;0;0;0;0;1;1;0;0;0;0;0;0;0;1;0;0;0;0;0;1;1
47833;14;0;0;1;0;0;0;0;0;1;1;-0.048828125;15;8.023681640625;23.031005859375;8.031005859375;0.00732421875;0;0;0;0;1;1;0;0;0;0;0;0;0;1;0;0;0;0;0;1;1
47843;14;0;0;1;0;0;0;0;0;1;1;-0.048828125;15;8.023681640625;23.031005859375;8.031005859375;0.00732421875;0;0;0;0;1;1;0;0;0;0;0;0;0;1;0;0;0;0;0;1;1
47854;14;0;0;1;0;0;0;0;0;1;1;-0.048828125;15;8.023681640625;23.031005859375;8.031005859375;0.00732421875;0;0;0;0;1;1;0;0;0;0;0;0;0;1;0;0;0;0;0;1;1
47864;14;0;0;1;0;0;0;0;0;1;1;-0.048828125;15;8.023681640625;23.031005859375;8.031005859375;0.00732421875;0;0;0;0;1;1;0;0;0;0;0;0;0;1;0;0;0;0;0;1;1
47874;14;0;0;1;0;0;0;0;0;1;1;-0.048828125;15;8.023681640625;23.031005859375;8.031005859375;0.00732421875;0;0;0;0;1;1;0;0;0;0;0;0;0;1;0;0;0;0;0;1;1
47883;14;0;0;1;0;0;0;0;0;1;1;-0.048828125;15;8.023681640625;23.031005859375;8.031005859375;0.00732421875;0;0;0;0;1;1;0;0;0;0;0;0;0;1;0;0;0;0;0;1;1
47893;14;0;0;1;0;0;0;0;0;1;1;-0.048828125;15;8.023681640625;23.031005859375;8.031005859375;0.00732421875;0;0;0;0;1;1;0;0;0;0;0;0;0;1;0;0;0;0;0;1;1
47903;14;0;0;1;0;0;0;0;0;1;1;-0.048828125;15;8.023681640625;23.031005859375;8.031005859375;0.00732421875;0;0;0;0;1;1;0;0;0;0;0;0;0;1;0;0;0;0;0;1;1
47914;14;0;0;1;0;0;0;0;0;1;1;-0.048828125;15;8.023681640625;23.031005859375;8.031005859375;0.00732421875;0;0;0;0;1;1;0;0;0;0;0;0;0;1;0;0;0;0;0;1;1
47923;14;0;0;1;0;0;0;0;0;1;1;-0.048828125;15;8.023681640625;23.031005859375;8.031005859375;0.00732421875;0;0;0;0;1;1;0;0;0;0;0;0;0;1;0;0;0;0;0;1;1
47933;14;0;0;1;0;0;0;0;0;1;1;-0.048828125;15;8.023681640625;23.031005859375;8.031005859375;0.00732421875;0;0;0;0;1;1;0;0;0;0;0;0;0;1;0;0;0;0;0;1;1
47944;14;0;0;1;0;0;0;0;0;1;1;-0.048828125;15;8.023681640625;23.031005859375;8.031005859375;0.00732421875;0;0;0;0;1;1;0;0;0;0;0;0;0;1;0;0;0;0;0;1;1
47953;14;0;0;1;0;0;0;0;0;1;1;-0.048828125;15;8.023681640625;23.031005859375;8.031005859375;0.00732421875;0;0;0;0;1;1;0;0;0;0;0;0;0;1;0;0;0;0;0;1;1
47963;14;0;0;1;0;0;0;0;0;1;1;-0.048828125;15;8.023681640625;23.031005859375;8.031005859375;0.00732421875;0;0;0;0;1;1;0;0;0;0;0;0;0;1;0;0;0;0;0;1;1
47973;14;0;0;1;0;0;0;0;0;1;1;-0.048828125;15;8.023681640625;23.031005859375;8.031005859375;0.00732421875;0;0;0;0;1;1;0;0;0;0;0;0;0;1;0;0;0;0;0;1;1
47983;14;0;0;1;0;0;0;0;0;1;1;-0.048828125;15;8.023681640625;23.031005859375;8.031005859375;0.00732421875;0;0;0;0;1;1;0;0;0;0;0;0;0;1;0;0;0;0;0;1;1
47993;14;0;0;1;0;0;0;0;0;1;1;-0.048828125;15;8.023681640625;23.031005859375;8.031005859375;0.00732421875;0;0;0;0;1;1;0;0;0;0;0;0;0;1;0;0;0;0;0;1;1
48003;14;0;0;1;0;0;0;0;0;1;1;-0.048828125;15;8.023681640625;23.031005859375;8.031005859375;0.00732421875;0;0;0;0;1;1;0;0;0;0;0;0;0;1;0;0;0;0;0;1;1
48013;14;0;0;1;0;0;0;0;0;1;1;-0.048828125;15;8.023681640625;23.031005859375;8.031005859375;0.00732421875;0;0;0;0;1;1;0;0;0;0;0;0;0;1;0;0;0;0;0;1;1
48023;14;0;0;1;0;0;0;0;0;1;1;-0.048828125;15;8.023681640625;23.031005859375;8.031005859375;0.00732421875;0;0;0;0;1;1;0;0;0;0;0;0;0;1;0;0;0;0;0;1;1
48033;14;0;0;1;0;0;0;0;0;1;1;-0.048828125;15;8.023681640625;23.031005859375;8.031005859375;0.00732421875;0;0;0;0;1;1;0;0;0;0;0;0;0;1;0;0;0;0;0;1;1
48043;14;0;0;1;0;0;0;0;0;1;1;-0.048828125;15;8.023681640625;23.031005859375;8.031005859375;0.00732421875;0;0;0;0;1;1;0;0;0;0;0;0;0;1;0;0;0;0;0;1;1
48053;14;0;0;1;0;0;0;0;0;1;1;-0.048828125;15;8.023681640625;23.031005859375;8.031005859375;0.00732421875;0;0;0;0;1;1;0;0;0;0;0;0;0;1;0;0;0;0;0;1;1
48063;14;0;0;1;0;0;0;0;0;1;1;-0.048828125;15;8.023681640625;23.031005859375;8.031005859375;0.00732421875;0;0;0;0;1;1;0;0;0;0;0;0;0;1;0;0;0;0;0;1;1
48073;14;0;0;1;0;0;0;0;0;1;1;-0.048828125;15;8.023681640625;23.031005859375;8.031005859375;0.00732421875;0;0;0;0;1;1;0;0;0;0;0;0;0;1;0;0;0;0;0;1;1
48085;14;0;0;1;0;0;0;0;0;1;1;-0.048828125;15;8.023681640625;23.031005859375;8.031005859375;0.00732421875;0;0;0;0;1;1;0;0;0;0;0;0;0;1;0;0;0;0;0;1;1
48093;14;0;0;1;0;0;0;0;0;1;1;-0.048828125;15;8.023681640625;23.031005859375;8.031005859375;0.00732421875;0;0;0;0;1;1;0;0;0;0;0;0;0;1;0;0;0;0;0;1;1
48103;14;0;0;1;0;0;0;0;0;1;1;-0.048828125;15;8.023681640625;23.031005859375;8.031005859375;0.00732421875;0;0;0;0;1;1;0;0;0;0;0;0;0;1;0;0;0;0;0;1;1
48114;14;0;0;1;0;0;0;0;0;1;1;-0.048828125;15;8.023681640625;23.031005859375;8.031005859375;0.00732421875;0;0;0;0;1;1;0;0;0;0;0;0;0;1;0;0;0;0;0;1;1
48123;14;0;0;1;0;0;0;0;0;1;1;-0.048828125;15;8.023681640625;23.031005859375;8.031005859375;0.00732421875;0;0;0;0;1;1;0;0;0;0;0;0;0;1;0;0;0;0;0;1;1
48133;14;0;0;1;0;0;0;0;0;1;1;-0.048828125;15;8.023681640625;23.031005859375;8.031005859375;0.00732421875;0;0;0;0;1;1;0;0;0;0;0;0;0;1;0;0;0;0;0;1;1
48143;14;0;0;1;0;0;0;0;0;1;1;-0.048828125;15;8.023681640625;23.031005859375;8.031005859375;0.00732421875;0;0;0;0;1;1;0;0;0;0;0;0;0;1;0;0;0;0;0;1;1
48153;14;0;0;1;0;0;0;0;0;1;1;-0.048828125;15;8.023681640625;23.031005859375;8.031005859375;0.00732421875;0;0;0;0;1;1;0;0;0;0;0;0;0;1;0;0;0;0;0;1;1
48163;14;0;0;1;0;0;0;0;0;1;1;-0.048828125;15;8.023681640625;23.031005859375;8.031005859375;0.00732421875;0;0;0;0;1;1;0;0;0;0;0;0;0;1;0;0;0;0;0;1;1
48174;14;0;0;1;0;0;0;0;0;1;1;-0.048828125;15;8.023681640625;23.031005859375;8.031005859375;0.00732421875;0;0;0;0;1;1;0;0;0;0;0;0;0;1;0;0;0;0;0;1;1
48183;14;0;0;1;0;0;0;0;0;1;1;-0.048828125;15;8.023681640625;23.031005859375;8.031005859375;0.00732421875;0;0;0;0;1;1;0;0;0;0;0;0;0;1;0;0;0;0;0;1;1
48193;14;0;0;1;0;0;0;0;0;1;1;-0.048828125;15;8.023681640625;23.031005859375;8.031005859375;0.00732421875;0;0;0;0;1;1;0;0;0;0;0;0;0;1;0;0;0;0;0;1;1
48203;14;0;0;1;0;0;0;0;0;1;1;-0.048828125;15;8.023681640625;23.031005859375;8.031005859375;0.00732421875;0;0;0;0;1;1;0;0;0;0;0;0;0;1;0;0;0;0;0;1;1
48213;14;0;0;1;0;0;0;0;0;1;1;-0.048828125;15;8.023681640625;23.031005859375;8.031005859375;0.00732421875;0;0;0;0;1;1;0;0;0;0;0;0;0;1;0;0;0;0;0;1;1
48223;14;0;0;1;0;0;0;0;0;1;1;-0.048828125;15;8.023681640625;23.031005859375;8.031005859375;0.00732421875;0;0;0;0;1;1;0;0;0;0;0;0;0;1;0;0;0;0;0;1;1
48233;14;0;0;1;0;0;0;0;0;1;1;-0.048828125;15;8.023681640625;23.031005859375;8.031005859375;0.00732421875;0;0;0;0;1;1;0;0;0;0;0;0;0;1;0;0;0;0;0;1;1
48244;14;0;0;1;0;0;0;0;0;1;1;-0.048828125;15;8.023681640625;23.031005859375;8.031005859375;0.00732421875;0;0;0;0;1;1;0;0;0;0;0;0;0;1;0;0;0;0;0;1;1
48253;14;0;0;1;0;0;0;0;0;1;1;-0.048828125;15;8.023681640625;23.031005859375;8.031005859375;0.00732421875;0;0;0;0;1;1;0;0;0;0;0;0;0;1;0;0;0;0;0;1;1
48263;14;0;0;1;0;0;0;0;0;1;1;-0.048828125;15;8.023681640625;23.031005859375;8.031005859375;0.00732421875;0;0;0;0;1;1;0;0;0;0;0;0;0;1;0;0;0;0;0;1;1
48274;14;0;0;1;0;0;0;0;0;1;1;-0.048828125;15;8.023681640625;23.031005859375;8.031005859375;0.00732421875;0;0;0;0;1;1;0;0;0;0;0;0;0;1;0;0;0;0;0;1;1
48283;14;0;0;1;0;0;0;0;0;1;1;-0.048828125;15;8.023681640625;23.031005859375;8.031005859375;0.00732421875;0;0;0;0;1;1;0;0;0;0;0;0;0;1;0;0;0;0;0;1;1
48293;14;0;0;1;0;0;0;0;0;1;1;-0.048828125;15;8.023681640625;23.031005859375;8.031005859375;0.00732421875;0;0;0;0;1;1;0;0;0;0;0;0;0;1;0;0;0;0;0;1;1
48303;14;0;0;1;0;0;0;0;0;1;1;-0.048828125;15;8.023681640625;23.031005859375;8.031005859375;0.00732421875;0;0;0;0;1;1;0;0;0;0;0;0;0;1;0;0;0;0;0;1;1
48313;14;0;0;1;0;0;0;0;0;1;1;-0.048828125;15;8.023681640625;23.031005859375;8.031005859375;0.00732421875;0;0;0;0;1;1;0;0;0;0;0;0;0;1;0;0;0;0;0;1;1
48323;14;0;0;1;0;0;0;0;0;1;1;-0.048828125;15;8.023681640625;23.031005859375;8.031005859375;0.00732421875;0;0;0;0;1;1;0;0;0;0;0;0;0;1;0;0;0;0;0;1;1
48333;14;0;0;1;0;0;0;0;0;1;1;-0.048828125;15;8.023681640625;23.031005859375;8.031005859375;0.00732421875;0;0;0;0;1;1;0;0;0;0;0;0;0;1;0;0;0;0;0;1;1
48344;14;0;0;1;0;0;0;0;0;1;1;-0.048828125;15;8.023681640625;23.031005859375;8.031005859375;0.00732421875;0;0;0;0;1;1;0;0;0;0;0;0;0;1;0;0;0;0;0;1;1
48354;14;0;0;1;0;0;0;0;0;1;1;-0.048828125;15;8.023681640625;23.031005859375;8.031005859375;0.00732421875;0;0;0;0;1;1;0;0;0;0;0;0;0;1;0;0;0;0;0;1;1
48363;14;0;0;1;0;0;0;0;0;1;1;-0.048828125;15;8.023681640625;23.031005859375;8.031005859375;0.00732421875;0;0;0;0;1;1;0;0;0;0;0;0;0;1;0;0;0;0;0;1;1
48373;14;0;0;1;0;0;0;0;0;1;1;-0.048828125;15;8.023681640625;23.031005859375;8.031005859375;0.00732421875;0;0;0;0;1;1;0;0;0;0;0;0;0;1;0;0;0;0;0;1;1
48383;14;0;0;1;0;0;0;0;0;1;1;-0.048828125;15;8.023681640625;23.031005859375;8.031005859375;0.00732421875;0;0;0;0;1;1;0;0;0;0;0;0;0;1;0;0;0;0;0;1;1
48393;14;0;0;1;0;0;0;0;0;1;1;-0.048828125;15;8.023681640625;23.031005859375;8.031005859375;0.00732421875;0;0;0;0;1;1;0;0;0;0;0;0;0;1;0;0;0;0;0;1;1
48403;14;0;0;1;0;0;0;0;0;1;1;-0.048828125;15;8.023681640625;23.031005859375;8.031005859375;0.00732421875;0;0;0;0;1;1;0;0;0;0;0;0;0;1;0;0;0;0;0;1;1
48413;14;0;0;1;0;0;0;0;0;1;1;-0.048828125;15;8.023681640625;23.031005859375;8.031005859375;0.00732421875;0;0;0;0;1;1;0;0;0;0;0;0;0;1;0;0;0;0;0;1;1
48423;14;0;0;1;0;0;0;0;0;1;1;-0.048828125;15;8.023681640625;23.031005859375;8.031005859375;0.00732421875;0;0;0;0;1;1;0;0;0;0;0;0;0;1;0;0;0;0;0;1;1
48433;14;0;0;1;0;0;0;0;0;1;1;-0.048828125;15;8.023681640625;23.031005859375;8.031005859375;0.00732421875;0;0;0;0;1;1;0;0;0;0;0;0;0;1;0;0;0;0;0;1;1
48443;14;0;0;1;0;0;0;0;0;1;1;-0.048828125;15;8.023681640625;23.031005859375;8.031005859375;0.00732421875;0;0;0;0;1;1;0;0;0;0;0;0;0;1;0;0;0;0;0;1;1
48453;14;0;0;1;0;0;0;0;0;1;1;-0.048828125;15;8.023681640625;23.031005859375;8.031005859375;0.00732421875;0;0;0;0;1;1;0;0;0;0;0;0;0;1;0;0;0;0;0;1;1
48463;14;0;0;1;0;0;0;0;0;1;1;-0.048828125;15;8.023681640625;23.031005859375;8.031005859375;0.00732421875;0;0;0;0;1;1;0;0;0;0;0;0;0;1;0;0;0;0;0;1;1
48473;14;0;0;1;0;0;0;0;0;1;1;-0.048828125;15;8.023681640625;23.031005859375;8.031005859375;0.00732421875;0;0;0;0;1;1;0;0;0;0;0;0;0;1;0;0;0;0;0;1;1
48483;14;0;0;1;0;0;0;0;0;1;1;-0.048828125;15;8.023681640625;23.031005859375;8.031005859375;0.00732421875;0;0;0;0;1;1;0;0;0;0;0;0;0;1;0;0;0;0;0;1;1
48493;14;0;0;1;0;0;0;0;0;1;1;-0.048828125;15;8.023681640625;23.031005859375;8.031005859375;0.00732421875;0;0;0;0;1;1;0;0;0;0;0;0;0;1;0;0;0;0;0;1;1
48503;14;0;0;1;0;0;0;0;0;1;1;-0.048828125;15;8.023681640625;23.031005859375;8.031005859375;0.00732421875;0;0;0;0;1;1;0;0;0;0;0;0;0;1;0;0;0;0;0;1;1
48514;14;0;0;1;0;0;0;0;0;1;1;-0.048828125;15;8.023681640625;23.031005859375;8.031005859375;0.00732421875;0;0;0;0;1;1;0;0;0;0;0;0;0;1;0;0;0;0;0;1;1
48523;14;0;0;1;0;0;0;0;0;1;1;-0.048828125;15;8.023681640625;23.031005859375;8.031005859375;0.00732421875;0;0;0;0;1;1;0;0;0;0;0;0;0;1;0;0;0;0;0;1;1
48533;14;0;0;1;0;0;0;0;0;1;1;-0.048828125;15;8.023681640625;23.031005859375;8.031005859375;0.00732421875;0;0;0;0;1;1;0;0;0;0;0;0;0;1;0;0;0;0;0;1;1
48543;14;0;0;1;0;0;0;0;0;1;1;-0.048828125;15;8.023681640625;23.031005859375;8.031005859375;0.00732421875;0;0;0;0;1;1;0;0;0;0;0;0;0;1;0;0;0;0;0;1;1
48553;14;0;0;1;0;0;0;0;0;1;1;-0.048828125;15;8.023681640625;23.031005859375;8.031005859375;0.00732421875;0;0;0;0;1;1;0;0;0;0;0;0;0;1;0;0;0;0;0;1;1
48563;14;0;0;1;0;0;0;0;0;1;1;-0.048828125;15;8.023681640625;23.031005859375;8.031005859375;0.00732421875;0;0;0;0;1;1;0;0;0;0;0;0;0;1;0;0;0;0;0;1;1
48575;14;0;0;1;0;0;0;0;0;1;1;-0.048828125;15;8.023681640625;23.031005859375;8.031005859375;0.00732421875;0;0;0;0;1;1;0;0;0;0;0;0;0;1;0;0;0;0;0;1;1
48583;14;0;0;1;0;0;0;0;0;1;1;-0.048828125;15;8.023681640625;23.031005859375;8.031005859375;0.00732421875;0;0;0;0;1;1;0;0;0;0;0;0;0;1;0;0;0;0;0;1;1
48593;14;0;0;1;0;0;0;0;0;1;1;-0.048828125;15;8.023681640625;23.031005859375;8.031005859375;0.00732421875;0;0;0;0;1;1;0;0;0;0;0;0;0;1;0;0;0;0;0;1;1
48603;14;0;0;1;0;0;0;0;0;1;1;-0.048828125;15;8.023681640625;23.031005859375;8.031005859375;0.00732421875;0;0;0;0;1;1;0;0;0;0;0;0;0;1;0;0;0;0;0;1;1
48613;14;0;0;1;0;0;0;0;0;1;1;-0.048828125;15;8.023681640625;23.031005859375;8.031005859375;0.00732421875;0;0;0;0;1;1;0;0;0;0;0;0;0;1;0;0;0;0;0;1;1
48623;14;0;0;1;0;0;0;0;0;1;1;-0.048828125;15;8.023681640625;23.031005859375;8.031005859375;0.00732421875;0;0;0;0;1;1;0;0;0;0;0;0;0;1;0;0;0;0;0;1;1
48633;14;0;0;1;0;0;0;0;0;1;1;-0.048828125;15;8.023681640625;23.031005859375;8.031005859375;0.00732421875;0;0;0;0;1;1;0;0;0;0;0;0;0;1;0;0;0;0;0;1;1
48643;14;0;0;1;0;0;0;0;0;1;1;-0.048828125;15;8.023681640625;23.031005859375;8.031005859375;0.00732421875;0;0;0;0;1;1;0;0;0;0;0;0;0;1;0;0;0;0;0;1;1
48653;14;0;0;1;0;0;0;0;0;1;1;-0.048828125;15;8.023681640625;23.031005859375;8.031005859375;0.00732421875;0;0;0;0;1;1;0;0;0;0;0;0;0;1;0;0;0;0;0;1;1
48663;14;0;0;1;0;0;0;0;0;1;1;-0.048828125;15;8.023681640625;23.031005859375;8.031005859375;0.00732421875;0;0;0;0;1;1;0;0;0;0;0;0;0;1;0;0;0;0;0;1;1
48674;14;0;0;1;0;0;0;0;0;1;1;-0.048828125;15;8.023681640625;23.031005859375;8.031005859375;0.00732421875;0;0;0;0;1;1;0;0;0;0;0;0;0;1;0;0;0;0;0;1;1
48683;14;0;0;1;0;0;0;0;0;1;1;-0.048828125;15;8.023681640625;23.031005859375;8.031005859375;0.00732421875;0;0;0;0;1;1;0;0;0;0;0;0;0;1;0;0;0;0;0;1;1
48693;14;0;0;1;0;0;0;0;0;1;1;-0.048828125;15;8.023681640625;23.031005859375;8.031005859375;0.00732421875;0;0;0;0;1;1;0;0;0;0;0;0;0;1;0;0;0;0;0;1;1
48703;14;0;0;1;0;0;0;0;0;1;1;-0.048828125;15;8.023681640625;23.031005859375;8.031005859375;0.00732421875;0;0;0;0;1;1;0;0;0;0;0;0;0;1;0;0;0;0;0;1;1
48713;14;0;0;1;0;0;0;0;0;1;1;-0.048828125;15;8.023681640625;23.031005859375;8.031005859375;0.00732421875;0;0;0;0;1;1;0;0;0;0;0;0;0;1;0;0;0;0;0;1;1
48723;14;0;0;1;0;0;0;0;0;1;1;-0.048828125;15;8.023681640625;23.031005859375;8.031005859375;0.00732421875;0;0;0;0;1;1;0;0;0;0;0;0;0;1;0;0;0;0;0;1;1
48734;14;0;0;1;0;0;0;0;0;1;1;-0.048828125;15;8.023681640625;23.031005859375;8.031005859375;0.00732421875;0;0;0;0;1;1;0;0;0;0;0;0;0;1;0;0;0;0;0;1;1
48743;14;0;0;1;0;0;0;0;0;1;1;-0.048828125;15;8.023681640625;23.031005859375;8.031005859375;0.00732421875;0;0;0;0;1;1;0;0;0;0;0;0;0;1;0;0;0;0;0;1;1
48754;14;0;0;1;0;0;0;0;0;1;1;-0.048828125;15;8.023681640625;23.031005859375;8.031005859375;0.00732421875;0;0;0;0;1;1;0;0;0;0;0;0;0;1;0;0;0;0;0;1;1
48765;14;0;0;1;0;0;0;0;0;1;1;-0.048828125;15;8.023681640625;23.031005859375;8.031005859375;0.00732421875;0;0;0;0;1;1;0;0;0;0;0;0;0;1;0;0;0;0;0;1;1
48773;14;0;0;1;0;0;0;0;0;1;1;-0.048828125;15;8.023681640625;23.031005859375;8.031005859375;0.00732421875;0;0;0;0;1;1;0;0;0;0;0;0;0;1;0;0;0;0;0;1;1
48783;14;0;0;1;0;0;0;0;0;1;1;-0.048828125;15;8.023681640625;23.031005859375;8.031005859375;0.00732421875;0;0;0;0;1;1;0;0;0;0;0;0;0;1;0;0;0;0;0;1;1
48793;14;0;0;1;0;0;0;0;0;1;1;-0.048828125;15;8.023681640625;23.031005859375;8.031005859375;0.00732421875;0;0;0;0;1;1;0;0;0;0;0;0;0;1;0;0;0;0;0;1;1
48803;14;0;0;1;0;0;0;0;0;1;1;-0.048828125;15;8.023681640625;23.031005859375;8.031005859375;0.00732421875;0;0;0;0;1;1;0;0;0;0;0;0;0;1;0;0;0;0;0;1;1
48813;14;0;0;1;0;0;0;0;0;1;1;-0.048828125;15;8.023681640625;23.031005859375;8.031005859375;0.00732421875;0;0;0;0;1;1;0;0;0;0;0;0;0;1;0;0;0;0;0;1;1
48823;14;0;0;1;0;0;0;0;0;1;1;-0.048828125;15;8.023681640625;23.031005859375;8.031005859375;0.00732421875;0;0;0;0;1;1;0;0;0;0;0;0;0;1;0;0;0;0;0;1;1
48834;14;0;0;1;0;0;0;0;0;1;1;-0.048828125;15;8.023681640625;23.031005859375;8.031005859375;0.00732421875;0;0;0;0;1;1;0;0;0;0;0;0;0;1;0;0;0;0;0;1;1
48843;14;0;0;1;0;0;0;0;0;1;1;-0.048828125;15;8.023681640625;23.031005859375;8.031005859375;0.00732421875;0;0;0;0;1;1;0;0;0;0;0;0;0;1;0;0;0;0;0;1;1
48853;14;0;0;1;0;0;0;0;0;1;1;-0.048828125;15;8.023681640625;23.031005859375;8.031005859375;0.00732421875;0;0;0;0;1;1;0;0;0;0;0;0;0;1;0;0;0;0;0;1;1
48863;14;0;0;1;0;0;0;0;0;1;1;-0.048828125;15;8.023681640625;23.031005859375;8.031005859375;0.00732421875;0;0;0;0;1;1;0;0;0;0;0;0;0;1;0;0;0;0;0;1;1
48873;14;0;0;1;0;0;0;0;0;1;1;-0.048828125;15;8.023681640625;23.031005859375;8.031005859375;0.00732421875;0;0;0;0;1;1;0;0;0;0;0;0;0;1;0;0;0;0;0;1;1
48883;14;0;0;1;0;0;0;0;0;1;1;-0.048828125;15;8.023681640625;23.031005859375;8.031005859375;0.00732421875;0;0;0;0;1;1;0;0;0;0;0;0;0;1;0;0;0;0;0;1;1
48893;14;0;0;1;0;0;0;0;0;1;1;-0.048828125;15;8.023681640625;23.031005859375;8.031005859375;0.00732421875;0;0;0;0;1;1;0;0;0;0;0;0;0;1;0;0;0;0;0;1;1
48904;14;0;0;1;0;0;0;0;0;1;1;-0.048828125;15;8.023681640625;23.031005859375;8.031005859375;0.00732421875;0;0;0;0;1;1;0;0;0;0;0;0;0;1;0;0;0;0;0;1;1
48913;14;0;0;1;0;0;0;0;0;1;1;-0.048828125;15;8.023681640625;23.031005859375;8.031005859375;0.00732421875;0;0;0;0;1;1;0;0;0;0;0;0;0;1;0;0;0;0;0;1;1
48923;14;0;0;1;0;0;0;0;0;1;1;-0.048828125;15;8.023681640625;23.031005859375;8.031005859375;0.00732421875;0;0;0;0;1;1;0;0;0;0;0;0;0;1;0;0;0;0;0;1;1
48934;14;0;0;1;0;0;0;0;0;1;1;-0.048828125;15;8.023681640625;23.031005859375;8.031005859375;0.00732421875;0;0;0;0;1;1;0;0;0;0;0;0;0;1;0;0;0;0;0;1;1
48943;14;0;0;1;0;0;0;0;0;1;1;-0.048828125;15;8.023681640625;23.031005859375;8.031005859375;0.00732421875;0;0;0;0;1;1;0;0;0;0;0;0;0;1;0;0;0;0;0;1;1
48953;14;0;0;1;0;0;0;0;0;1;1;-0.048828125;15;8.023681640625;23.031005859375;8.031005859375;0.00732421875;0;0;0;0;1;1;0;0;0;0;0;0;0;1;0;0;0;0;0;1;1
48963;14;0;0;1;0;0;0;0;0;1;1;-0.048828125;15;8.023681640625;23.031005859375;8.031005859375;0.00732421875;0;0;0;0;1;1;0;0;0;0;0;0;0;1;0;0;0;0;0;1;1
48973;14;0;0;1;0;0;0;0;0;1;1;-0.048828125;15;8.023681640625;23.031005859375;8.031005859375;0.00732421875;0;0;0;0;1;1;0;0;0;0;0;0;0;1;0;0;0;0;0;1;1
48983;14;0;0;1;0;0;0;0;0;1;1;-0.048828125;15;8.023681640625;23.031005859375;8.031005859375;0.00732421875;0;0;0;0;1;1;0;0;0;0;0;0;0;1;0;0;0;0;0;1;1
48993;14;0;0;1;0;0;0;0;0;1;1;-0.048828125;15;8.023681640625;23.031005859375;8.031005859375;0.00732421875;0;0;0;0;1;1;0;0;0;0;0;0;0;1;0;0;0;0;0;1;1
49003;14;0;0;1;0;0;0;0;0;1;1;-0.048828125;15;8.023681640625;23.031005859375;8.031005859375;0.00732421875;0;0;0;0;1;1;0;0;0;0;0;0;0;1;0;0;0;0;0;1;1
49013;14;0;0;1;0;0;0;0;0;1;1;-0.048828125;15;8.023681640625;23.031005859375;8.031005859375;0.00732421875;0;0;0;0;1;1;0;0;0;0;0;0;0;1;0;0;0;0;0;1;1
49023;14;0;0;1;0;0;0;0;0;1;1;-0.048828125;15;8.023681640625;23.031005859375;8.031005859375;0.00732421875;0;0;0;0;1;1;0;0;0;0;0;0;0;1;0;0;0;0;0;1;1
49034;14;0;0;1;0;0;0;0;0;1;1;-0.048828125;15;8.023681640625;23.031005859375;8.031005859375;0.00732421875;0;0;0;0;1;1;0;0;0;0;0;0;0;1;0;0;0;0;0;1;1
49043;14;0;0;1;0;0;0;0;0;1;1;-0.048828125;15;8.023681640625;23.031005859375;8.031005859375;0.00732421875;0;0;0;0;1;1;0;0;0;0;0;0;0;1;0;0;0;0;0;1;1
49055;14;0;0;1;0;0;0;0;0;1;1;-0.048828125;15;8.023681640625;23.031005859375;8.031005859375;0.00732421875;0;0;0;0;1;1;0;0;0;0;0;0;0;1;0;0;0;0;0;1;1
49063;14;0;0;1;0;0;0;0;0;1;1;-0.048828125;15;8.023681640625;23.031005859375;8.031005859375;0.00732421875;0;0;0;0;1;1;0;0;0;0;0;0;0;1;0;0;0;0;0;1;1
49073;14;0;0;1;0;0;0;0;0;1;1;-0.048828125;15;8.023681640625;23.031005859375;8.031005859375;0.00732421875;0;0;0;0;1;1;0;0;0;0;0;0;0;1;0;0;0;0;0;1;1
49083;14;0;0;1;0;0;0;0;0;1;1;-0.048828125;15;8.023681640625;23.031005859375;8.031005859375;0.00732421875;0;0;0;0;1;1;0;0;0;0;0;0;0;1;0;0;0;0;0;1;1
49093;14;0;0;1;0;0;0;0;0;1;1;-0.048828125;15;8.023681640625;23.031005859375;8.031005859375;0.00732421875;0;0;0;0;1;1;0;0;0;0;0;0;0;1;0;0;0;0;0;1;1
49103;14;0;0;1;0;0;0;0;0;1;1;-0.048828125;15;8.023681640625;23.031005859375;8.031005859375;0.00732421875;0;0;0;0;1;1;0;0;0;0;0;0;0;1;0;0;0;0;0;1;1
49113;14;0;0;1;0;0;0;0;0;1;1;-0.048828125;15;8.023681640625;23.031005859375;8.031005859375;0.00732421875;0;0;0;0;1;1;0;0;0;0;0;0;0;1;0;0;0;0;0;1;1
49123;14;0;0;1;0;0;0;0;0;1;1;-0.048828125;15;8.023681640625;23.031005859375;8.031005859375;0.00732421875;0;0;0;0;1;1;0;0;0;0;0;0;0;1;0;0;0;0;0;1;1
49134;14;0;0;1;0;0;0;0;0;1;1;-0.048828125;15;8.023681640625;23.031005859375;8.031005859375;0.00732421875;0;0;0;0;1;1;0;0;0;0;0;0;0;1;0;0;0;0;0;1;1
49143;14;0;0;1;0;0;0;0;0;1;1;-0.048828125;15;8.023681640625;23.031005859375;8.031005859375;0.00732421875;0;0;0;0;1;1;0;0;0;0;0;0;0;1;0;0;0;0;0;1;1
49153;14;0;0;1;0;0;0;0;0;1;1;-0.048828125;15;8.023681640625;23.031005859375;8.031005859375;0.00732421875;0;0;0;0;1;1;0;0;0;0;0;0;0;1;0;0;0;0;0;1;1
49164;14;0;0;1;0;0;0;0;0;1;1;-0.048828125;15;8.023681640625;23.031005859375;8.031005859375;0.00732421875;0;0;0;0;1;1;0;0;0;0;0;0;0;1;0;0;0;0;0;1;1
49173;14;0;0;1;0;0;0;0;0;1;1;-0.048828125;15;8.023681640625;23.031005859375;8.031005859375;0.00732421875;0;0;0;0;1;1;0;0;0;0;0;0;0;1;0;0;0;0;0;1;1
49183;14;0;0;1;0;0;0;0;0;1;1;-0.048828125;15;8.023681640625;23.031005859375;8.031005859375;0.00732421875;0;0;0;0;1;1;0;0;0;0;0;0;0;1;0;0;0;0;0;1;1
49193;14;0;0;1;0;0;0;0;0;1;1;-0.048828125;15;8.023681640625;23.031005859375;8.031005859375;0.00732421875;0;0;0;0;1;1;0;0;0;0;0;0;0;1;0;0;0;0;0;1;1
49203;14;0;0;1;0;0;0;0;0;1;1;-0.048828125;15;8.023681640625;23.031005859375;8.031005859375;0.00732421875;0;0;0;0;1;1;0;0;0;0;0;0;0;1;0;0;0;0;0;1;1
49213;14;0;0;1;0;0;0;0;0;1;1;-0.048828125;15;8.023681640625;23.031005859375;8.031005859375;0.00732421875;0;0;0;0;1;1;0;0;0;0;0;0;0;1;0;0;0;0;0;1;1
49223;14;0;0;1;0;0;0;0;0;1;1;-0.048828125;15;8.023681640625;23.031005859375;8.031005859375;0.00732421875;0;0;0;0;1;1;0;0;0;0;0;0;0;1;0;0;0;0;0;1;1
49233;14;0;0;1;0;0;0;0;0;1;1;-0.048828125;15;8.023681640625;23.031005859375;8.031005859375;0.00732421875;0;0;0;0;1;1;0;0;0;0;0;0;0;1;0;0;0;0;0;1;1
49244;14;0;0;1;0;0;0;0;0;1;1;-0.048828125;15;8.023681640625;23.031005859375;8.031005859375;0.00732421875;0;0;0;0;1;1;0;0;0;0;0;0;0;1;0;0;0;0;0;1;1
49253;14;0;0;1;0;0;0;0;0;1;1;-0.048828125;15;8.023681640625;23.031005859375;8.031005859375;0.00732421875;0;0;0;0;1;1;0;0;0;0;0;0;0;1;0;0;0;0;0;1;1
49264;14;0;0;1;0;0;0;0;0;1;1;-0.048828125;15;8.023681640625;23.031005859375;8.031005859375;0.00732421875;0;0;0;0;1;1;0;0;0;0;0;0;0;1;0;0;0;0;0;1;1
49273;14;0;0;1;0;0;0;0;0;1;1;-0.048828125;15;8.023681640625;23.031005859375;8.031005859375;0.00732421875;0;0;0;0;1;1;0;0;0;0;0;0;0;1;0;0;0;0;0;1;1
49283;14;;;;0;;;0;0;;;-0.048828125;15;8.023681640625;23.031005859375;8.031005859375;0.00732421875;0;0;0;0;1;1;;;;;;;;;;;;;;;
