Timestamp_ms;Variable;Value
3;PRG_03_Modes_Cycle.instCycleSemiAuto.CycleStep;0
104;PRG_03_Modes_Cycle.instCycleSemiAuto.CycleStep;0
204;PRG_03_Modes_Cycle.instCycleSemiAuto.CycleStep;0
305;PRG_03_Modes_Cycle.instCycleSemiAuto.CycleStep;0
406;PRG_03_Modes_Cycle.instCycleSemiAuto.CycleStep;0
507;PRG_03_Modes_Cycle.instCycleSemiAuto.CycleStep;0
607;PRG_03_Modes_Cycle.instCycleSemiAuto.CycleStep;0
708;PRG_03_Modes_Cycle.instCycleSemiAuto.CycleStep;0
809;PRG_03_Modes_Cycle.instCycleSemiAuto.CycleStep;0
909;PRG_03_Modes_Cycle.instCycleSemiAuto.CycleStep;0
1009;PRG_03_Modes_Cycle.instCycleSemiAuto.CycleStep;0
1110;PRG_03_Modes_Cycle.instCycleSemiAuto.CycleStep;0
1210;PRG_03_Modes_Cycle.instCycleSemiAuto.CycleStep;0
1310;PRG_03_Modes_Cycle.instCycleSemiAuto.CycleStep;0
1411;PRG_03_Modes_Cycle.instCycleSemiAuto.CycleStep;0
1513;PRG_03_Modes_Cycle.instCycleSemiAuto.CycleStep;0
1613;PRG_03_Modes_Cycle.instCycleSemiAuto.CycleStep;0
1713;PRG_03_Modes_Cycle.instCycleSemiAuto.CycleStep;0
1814;PRG_03_Modes_Cycle.instCycleSemiAuto.CycleStep;0
1914;PRG_03_Modes_Cycle.instCycleSemiAuto.CycleStep;0
2015;PRG_03_Modes_Cycle.instCycleSemiAuto.CycleStep;0
2115;PRG_03_Modes_Cycle.instCycleSemiAuto.CycleStep;0
2216;PRG_03_Modes_Cycle.instCycleSemiAuto.CycleStep;0
2318;PRG_03_Modes_Cycle.instCycleSemiAuto.CycleStep;0
2419;PRG_03_Modes_Cycle.instCycleSemiAuto.CycleStep;0
2519;PRG_03_Modes_Cycle.instCycleSemiAuto.CycleStep;0
2620;PRG_03_Modes_Cycle.instCycleSemiAuto.CycleStep;0
2722;PRG_03_Modes_Cycle.instCycleSemiAuto.CycleStep;0
2821;PRG_03_Modes_Cycle.instCycleSemiAuto.CycleStep;0
2921;PRG_03_Modes_Cycle.instCycleSemiAuto.CycleStep;0
3022;PRG_03_Modes_Cycle.instCycleSemiAuto.CycleStep;0
3123;PRG_03_Modes_Cycle.instCycleSemiAuto.CycleStep;0
3224;PRG_03_Modes_Cycle.instCycleSemiAuto.CycleStep;0
3326;PRG_03_Modes_Cycle.instCycleSemiAuto.CycleStep;0
3426;PRG_03_Modes_Cycle.instCycleSemiAuto.CycleStep;0
3527;PRG_03_Modes_Cycle.instCycleSemiAuto.CycleStep;0
3626;PRG_03_Modes_Cycle.instCycleSemiAuto.CycleStep;2
3726;PRG_03_Modes_Cycle.instCycleSemiAuto.CycleStep;2
3827;PRG_03_Modes_Cycle.instCycleSemiAuto.CycleStep;2
3929;PRG_03_Modes_Cycle.instCycleSemiAuto.CycleStep;2
4028;PRG_03_Modes_Cycle.instCycleSemiAuto.CycleStep;2
4129;PRG_03_Modes_Cycle.instCycleSemiAuto.CycleStep;2
4229;PRG_03_Modes_Cycle.instCycleSemiAuto.CycleStep;2
4329;PRG_03_Modes_Cycle.instCycleSemiAuto.CycleStep;2
4431;PRG_03_Modes_Cycle.instCycleSemiAuto.CycleStep;2
4530;PRG_03_Modes_Cycle.instCycleSemiAuto.CycleStep;2
4630;PRG_03_Modes_Cycle.instCycleSemiAuto.CycleStep;2
4732;PRG_03_Modes_Cycle.instCycleSemiAuto.CycleStep;2
4832;PRG_03_Modes_Cycle.instCycleSemiAuto.CycleStep;2
4933;PRG_03_Modes_Cycle.instCycleSemiAuto.CycleStep;2
5034;PRG_03_Modes_Cycle.instCycleSemiAuto.CycleStep;2
5135;PRG_03_Modes_Cycle.instCycleSemiAuto.CycleStep;2
5236;PRG_03_Modes_Cycle.instCycleSemiAuto.CycleStep;2
5336;PRG_03_Modes_Cycle.instCycleSemiAuto.CycleStep;2
5436;PRG_03_Modes_Cycle.instCycleSemiAuto.CycleStep;2
5536;PRG_03_Modes_Cycle.instCycleSemiAuto.CycleStep;2
5637;PRG_03_Modes_Cycle.instCycleSemiAuto.CycleStep;2
5737;PRG_03_Modes_Cycle.instCycleSemiAuto.CycleStep;2
5837;PRG_03_Modes_Cycle.instCycleSemiAuto.CycleStep;2
5937;PRG_03_Modes_Cycle.instCycleSemiAuto.CycleStep;2
6039;PRG_03_Modes_Cycle.instCycleSemiAuto.CycleStep;2
6139;PRG_03_Modes_Cycle.instCycleSemiAuto.CycleStep;2
6240;PRG_03_Modes_Cycle.instCycleSemiAuto.CycleStep;2
6342;PRG_03_Modes_Cycle.instCycleSemiAuto.CycleStep;2
6442;PRG_03_Modes_Cycle.instCycleSemiAuto.CycleStep;2
6543;PRG_03_Modes_Cycle.instCycleSemiAuto.CycleStep;2
6645;PRG_03_Modes_Cycle.instCycleSemiAuto.CycleStep;2
6746;PRG_03_Modes_Cycle.instCycleSemiAuto.CycleStep;2
6846;PRG_03_Modes_Cycle.instCycleSemiAuto.CycleStep;2
6946;PRG_03_Modes_Cycle.instCycleSemiAuto.CycleStep;2
7047;PRG_03_Modes_Cycle.instCycleSemiAuto.CycleStep;2
7148;PRG_03_Modes_Cycle.instCycleSemiAuto.CycleStep;2
7250;PRG_03_Modes_Cycle.instCycleSemiAuto.CycleStep;2
7349;PRG_03_Modes_Cycle.instCycleSemiAuto.CycleStep;2
7450;PRG_03_Modes_Cycle.instCycleSemiAuto.CycleStep;2
7550;PRG_03_Modes_Cycle.instCycleSemiAuto.CycleStep;2
7650;PRG_03_Modes_Cycle.instCycleSemiAuto.CycleStep;2
7751;PRG_03_Modes_Cycle.instCycleSemiAuto.CycleStep;2
7851;PRG_03_Modes_Cycle.instCycleSemiAuto.CycleStep;2
7953;PRG_03_Modes_Cycle.instCycleSemiAuto.CycleStep;2
8054;PRG_03_Modes_Cycle.instCycleSemiAuto.CycleStep;2
8154;PRG_03_Modes_Cycle.instCycleSemiAuto.CycleStep;2
8254;PRG_03_Modes_Cycle.instCycleSemiAuto.CycleStep;2
8355;PRG_03_Modes_Cycle.instCycleSemiAuto.CycleStep;2
8454;PRG_03_Modes_Cycle.instCycleSemiAuto.CycleStep;2
8554;PRG_03_Modes_Cycle.instCycleSemiAuto.CycleStep;2
8654;PRG_03_Modes_Cycle.instCycleSemiAuto.CycleStep;2
8754;PRG_03_Modes_Cycle.instCycleSemiAuto.CycleStep;2
8854;PRG_03_Modes_Cycle.instCycleSemiAuto.CycleStep;2
8954;PRG_03_Modes_Cycle.instCycleSemiAuto.CycleStep;3
9055;PRG_03_Modes_Cycle.instCycleSemiAuto.CycleStep;3
9155;PRG_03_Modes_Cycle.instCycleSemiAuto.CycleStep;3
9256;PRG_03_Modes_Cycle.instCycleSemiAuto.CycleStep;3
9357;PRG_03_Modes_Cycle.instCycleSemiAuto.CycleStep;3
9457;PRG_03_Modes_Cycle.instCycleSemiAuto.CycleStep;3
9557;PRG_03_Modes_Cycle.instCycleSemiAuto.CycleStep;3
9658;PRG_03_Modes_Cycle.instCycleSemiAuto.CycleStep;3
9758;PRG_03_Modes_Cycle.instCycleSemiAuto.CycleStep;3
9858;PRG_03_Modes_Cycle.instCycleSemiAuto.CycleStep;3
9958;PRG_03_Modes_Cycle.instCycleSemiAuto.CycleStep;3
10059;PRG_03_Modes_Cycle.instCycleSemiAuto.CycleStep;3
10160;PRG_03_Modes_Cycle.instCycleSemiAuto.CycleStep;3
10259;PRG_03_Modes_Cycle.instCycleSemiAuto.CycleStep;3
10360;PRG_03_Modes_Cycle.instCycleSemiAuto.CycleStep;3
10461;PRG_03_Modes_Cycle.instCycleSemiAuto.CycleStep;3
10562;PRG_03_Modes_Cycle.instCycleSemiAuto.CycleStep;3
10661;PRG_03_Modes_Cycle.instCycleSemiAuto.CycleStep;3
10761;PRG_03_Modes_Cycle.instCycleSemiAuto.CycleStep;3
10863;PRG_03_Modes_Cycle.instCycleSemiAuto.CycleStep;3
10964;PRG_03_Modes_Cycle.instCycleSemiAuto.CycleStep;3
11065;PRG_03_Modes_Cycle.instCycleSemiAuto.CycleStep;3
11165;PRG_03_Modes_Cycle.instCycleSemiAuto.CycleStep;3
11266;PRG_03_Modes_Cycle.instCycleSemiAuto.CycleStep;3
11365;PRG_03_Modes_Cycle.instCycleSemiAuto.CycleStep;3
11465;PRG_03_Modes_Cycle.instCycleSemiAuto.CycleStep;3
11566;PRG_03_Modes_Cycle.instCycleSemiAuto.CycleStep;3
11666;PRG_03_Modes_Cycle.instCycleSemiAuto.CycleStep;3
11765;PRG_03_Modes_Cycle.instCycleSemiAuto.CycleStep;3
11866;PRG_03_Modes_Cycle.instCycleSemiAuto.CycleStep;3
11966;PRG_03_Modes_Cycle.instCycleSemiAuto.CycleStep;3
12067;PRG_03_Modes_Cycle.instCycleSemiAuto.CycleStep;3
12167;PRG_03_Modes_Cycle.instCycleSemiAuto.CycleStep;3
12267;PRG_03_Modes_Cycle.instCycleSemiAuto.CycleStep;3
12368;PRG_03_Modes_Cycle.instCycleSemiAuto.CycleStep;3
12467;PRG_03_Modes_Cycle.instCycleSemiAuto.CycleStep;3
12570;PRG_03_Modes_Cycle.instCycleSemiAuto.CycleStep;3
12669;PRG_03_Modes_Cycle.instCycleSemiAuto.CycleStep;3
12770;PRG_03_Modes_Cycle.instCycleSemiAuto.CycleStep;3
12872;PRG_03_Modes_Cycle.instCycleSemiAuto.CycleStep;3
12972;PRG_03_Modes_Cycle.instCycleSemiAuto.CycleStep;3
13073;PRG_03_Modes_Cycle.instCycleSemiAuto.CycleStep;3
13175;PRG_03_Modes_Cycle.instCycleSemiAuto.CycleStep;3
13275;PRG_03_Modes_Cycle.instCycleSemiAuto.CycleStep;3
13378;PRG_03_Modes_Cycle.instCycleSemiAuto.CycleStep;3
13478;PRG_03_Modes_Cycle.instCycleSemiAuto.CycleStep;3
13577;PRG_03_Modes_Cycle.instCycleSemiAuto.CycleStep;3
13676;PRG_03_Modes_Cycle.instCycleSemiAuto.CycleStep;3
13778;PRG_03_Modes_Cycle.instCycleSemiAuto.CycleStep;3
13878;PRG_03_Modes_Cycle.instCycleSemiAuto.CycleStep;3
13979;PRG_03_Modes_Cycle.instCycleSemiAuto.CycleStep;3
14079;PRG_03_Modes_Cycle.instCycleSemiAuto.CycleStep;3
14180;PRG_03_Modes_Cycle.instCycleSemiAuto.CycleStep;3
14280;PRG_03_Modes_Cycle.instCycleSemiAuto.CycleStep;3
14382;PRG_03_Modes_Cycle.instCycleSemiAuto.CycleStep;3
14483;PRG_03_Modes_Cycle.instCycleSemiAuto.CycleStep;3
14584;PRG_03_Modes_Cycle.instCycleSemiAuto.CycleStep;3
14685;PRG_03_Modes_Cycle.instCycleSemiAuto.CycleStep;3
14787;PRG_03_Modes_Cycle.instCycleSemiAuto.CycleStep;3
14887;PRG_03_Modes_Cycle.instCycleSemiAuto.CycleStep;3
14987;PRG_03_Modes_Cycle.instCycleSemiAuto.CycleStep;3
15086;PRG_03_Modes_Cycle.instCycleSemiAuto.CycleStep;3
15188;PRG_03_Modes_Cycle.instCycleSemiAuto.CycleStep;3
15288;PRG_03_Modes_Cycle.instCycleSemiAuto.CycleStep;3
15388;PRG_03_Modes_Cycle.instCycleSemiAuto.CycleStep;3
15487;PRG_03_Modes_Cycle.instCycleSemiAuto.CycleStep;3
15588;PRG_03_Modes_Cycle.instCycleSemiAuto.CycleStep;3
15687;PRG_03_Modes_Cycle.instCycleSemiAuto.CycleStep;3
15789;PRG_03_Modes_Cycle.instCycleSemiAuto.CycleStep;3
15890;PRG_03_Modes_Cycle.instCycleSemiAuto.CycleStep;3
15992;PRG_03_Modes_Cycle.instCycleSemiAuto.CycleStep;3
16092;PRG_03_Modes_Cycle.instCycleSemiAuto.CycleStep;3
16194;PRG_03_Modes_Cycle.instCycleSemiAuto.CycleStep;3
16293;PRG_03_Modes_Cycle.instCycleSemiAuto.CycleStep;3
16393;PRG_03_Modes_Cycle.instCycleSemiAuto.CycleStep;3
16493;PRG_03_Modes_Cycle.instCycleSemiAuto.CycleStep;3
16593;PRG_03_Modes_Cycle.instCycleSemiAuto.CycleStep;3
16693;PRG_03_Modes_Cycle.instCycleSemiAuto.CycleStep;3
16795;PRG_03_Modes_Cycle.instCycleSemiAuto.CycleStep;3
16894;PRG_03_Modes_Cycle.instCycleSemiAuto.CycleStep;3
16994;PRG_03_Modes_Cycle.instCycleSemiAuto.CycleStep;3
17094;PRG_03_Modes_Cycle.instCycleSemiAuto.CycleStep;3
17195;PRG_03_Modes_Cycle.instCycleSemiAuto.CycleStep;3
17295;PRG_03_Modes_Cycle.instCycleSemiAuto.CycleStep;3
17396;PRG_03_Modes_Cycle.instCycleSemiAuto.CycleStep;3
17498;PRG_03_Modes_Cycle.instCycleSemiAuto.CycleStep;3
17598;PRG_03_Modes_Cycle.instCycleSemiAuto.CycleStep;3
17698;PRG_03_Modes_Cycle.instCycleSemiAuto.CycleStep;3
17801;PRG_03_Modes_Cycle.instCycleSemiAuto.CycleStep;3
17900;PRG_03_Modes_Cycle.instCycleSemiAuto.CycleStep;3
18001;PRG_03_Modes_Cycle.instCycleSemiAuto.CycleStep;21
18100;PRG_03_Modes_Cycle.instCycleSemiAuto.CycleStep;21
18202;PRG_03_Modes_Cycle.instCycleSemiAuto.CycleStep;21
18304;PRG_03_Modes_Cycle.instCycleSemiAuto.CycleStep;21
18404;PRG_03_Modes_Cycle.instCycleSemiAuto.CycleStep;21
18505;PRG_03_Modes_Cycle.instCycleSemiAuto.CycleStep;21
18605;PRG_03_Modes_Cycle.instCycleSemiAuto.CycleStep;4
18706;PRG_03_Modes_Cycle.instCycleSemiAuto.CycleStep;4
18805;PRG_03_Modes_Cycle.instCycleSemiAuto.CycleStep;4
18905;PRG_03_Modes_Cycle.instCycleSemiAuto.CycleStep;4
19007;PRG_03_Modes_Cycle.instCycleSemiAuto.CycleStep;4
19106;PRG_03_Modes_Cycle.instCycleSemiAuto.CycleStep;4
19207;PRG_03_Modes_Cycle.instCycleSemiAuto.CycleStep;4
19306;PRG_03_Modes_Cycle.instCycleSemiAuto.CycleStep;4
19407;PRG_03_Modes_Cycle.instCycleSemiAuto.CycleStep;4
19508;PRG_03_Modes_Cycle.instCycleSemiAuto.CycleStep;4
19607;PRG_03_Modes_Cycle.instCycleSemiAuto.CycleStep;4
19707;PRG_03_Modes_Cycle.instCycleSemiAuto.CycleStep;4
19810;PRG_03_Modes_Cycle.instCycleSemiAuto.CycleStep;4
19911;PRG_03_Modes_Cycle.instCycleSemiAuto.CycleStep;4
20012;PRG_03_Modes_Cycle.instCycleSemiAuto.CycleStep;4
20113;PRG_03_Modes_Cycle.instCycleSemiAuto.CycleStep;4
20212;PRG_03_Modes_Cycle.instCycleSemiAuto.CycleStep;4
20313;PRG_03_Modes_Cycle.instCycleSemiAuto.CycleStep;4
20415;PRG_03_Modes_Cycle.instCycleSemiAuto.CycleStep;4
20516;PRG_03_Modes_Cycle.instCycleSemiAuto.CycleStep;4
20616;PRG_03_Modes_Cycle.instCycleSemiAuto.CycleStep;4
20718;PRG_03_Modes_Cycle.instCycleSemiAuto.CycleStep;4
20818;PRG_03_Modes_Cycle.instCycleSemiAuto.CycleStep;4
20920;PRG_03_Modes_Cycle.instCycleSemiAuto.CycleStep;4
21020;PRG_03_Modes_Cycle.instCycleSemiAuto.CycleStep;4
21121;PRG_03_Modes_Cycle.instCycleSemiAuto.CycleStep;4
21221;PRG_03_Modes_Cycle.instCycleSemiAuto.CycleStep;4
21323;PRG_03_Modes_Cycle.instCycleSemiAuto.CycleStep;4
21424;PRG_03_Modes_Cycle.instCycleSemiAuto.CycleStep;4
21524;PRG_03_Modes_Cycle.instCycleSemiAuto.CycleStep;4
21625;PRG_03_Modes_Cycle.instCycleSemiAuto.CycleStep;4
21724;PRG_03_Modes_Cycle.instCycleSemiAuto.CycleStep;5
21825;PRG_03_Modes_Cycle.instCycleSemiAuto.CycleStep;5
21924;PRG_03_Modes_Cycle.instCycleSemiAuto.CycleStep;5
22026;PRG_03_Modes_Cycle.instCycleSemiAuto.CycleStep;5
22126;PRG_03_Modes_Cycle.instCycleSemiAuto.CycleStep;5
22226;PRG_03_Modes_Cycle.instCycleSemiAuto.CycleStep;5
22327;PRG_03_Modes_Cycle.instCycleSemiAuto.CycleStep;6
22426;PRG_03_Modes_Cycle.instCycleSemiAuto.CycleStep;6
22528;PRG_03_Modes_Cycle.instCycleSemiAuto.CycleStep;6
22628;PRG_03_Modes_Cycle.instCycleSemiAuto.CycleStep;6
22727;PRG_03_Modes_Cycle.instCycleSemiAuto.CycleStep;6
22827;PRG_03_Modes_Cycle.instCycleSemiAuto.CycleStep;7
22930;PRG_03_Modes_Cycle.instCycleSemiAuto.CycleStep;7
23030;PRG_03_Modes_Cycle.instCycleSemiAuto.CycleStep;7
23130;PRG_03_Modes_Cycle.instCycleSemiAuto.CycleStep;7
23231;PRG_03_Modes_Cycle.instCycleSemiAuto.CycleStep;7
23333;PRG_03_Modes_Cycle.instCycleSemiAuto.CycleStep;7
23433;PRG_03_Modes_Cycle.instCycleSemiAuto.CycleStep;7
23534;PRG_03_Modes_Cycle.instCycleSemiAuto.CycleStep;7
23635;PRG_03_Modes_Cycle.instCycleSemiAuto.CycleStep;7
23735;PRG_03_Modes_Cycle.instCycleSemiAuto.CycleStep;7
23836;PRG_03_Modes_Cycle.instCycleSemiAuto.CycleStep;7
23936;PRG_03_Modes_Cycle.instCycleSemiAuto.CycleStep;7
24037;PRG_03_Modes_Cycle.instCycleSemiAuto.CycleStep;7
24137;PRG_03_Modes_Cycle.instCycleSemiAuto.CycleStep;7
24236;PRG_03_Modes_Cycle.instCycleSemiAuto.CycleStep;7
24337;PRG_03_Modes_Cycle.instCycleSemiAuto.CycleStep;19
24437;PRG_03_Modes_Cycle.instCycleSemiAuto.CycleStep;19
24538;PRG_03_Modes_Cycle.instCycleSemiAuto.CycleStep;19
24639;PRG_03_Modes_Cycle.instCycleSemiAuto.CycleStep;19
24740;PRG_03_Modes_Cycle.instCycleSemiAuto.CycleStep;19
24839;PRG_03_Modes_Cycle.instCycleSemiAuto.CycleStep;19
24942;PRG_03_Modes_Cycle.instCycleSemiAuto.CycleStep;19
25042;PRG_03_Modes_Cycle.instCycleSemiAuto.CycleStep;19
25143;PRG_03_Modes_Cycle.instCycleSemiAuto.CycleStep;19
25243;PRG_03_Modes_Cycle.instCycleSemiAuto.CycleStep;19
25345;PRG_03_Modes_Cycle.instCycleSemiAuto.CycleStep;19
25446;PRG_03_Modes_Cycle.instCycleSemiAuto.CycleStep;19
25546;PRG_03_Modes_Cycle.instCycleSemiAuto.CycleStep;19
25646;PRG_03_Modes_Cycle.instCycleSemiAuto.CycleStep;19
25748;PRG_03_Modes_Cycle.instCycleSemiAuto.CycleStep;19
25848;PRG_03_Modes_Cycle.instCycleSemiAuto.CycleStep;19
25949;PRG_03_Modes_Cycle.instCycleSemiAuto.CycleStep;19
26050;PRG_03_Modes_Cycle.instCycleSemiAuto.CycleStep;19
26151;PRG_03_Modes_Cycle.instCycleSemiAuto.CycleStep;19
26252;PRG_03_Modes_Cycle.instCycleSemiAuto.CycleStep;19
26351;PRG_03_Modes_Cycle.instCycleSemiAuto.CycleStep;19
26453;PRG_03_Modes_Cycle.instCycleSemiAuto.CycleStep;19
26552;PRG_03_Modes_Cycle.instCycleSemiAuto.CycleStep;19
26653;PRG_03_Modes_Cycle.instCycleSemiAuto.CycleStep;19
26756;PRG_03_Modes_Cycle.instCycleSemiAuto.CycleStep;19
26856;PRG_03_Modes_Cycle.instCycleSemiAuto.CycleStep;19
26955;PRG_03_Modes_Cycle.instCycleSemiAuto.CycleStep;19
27056;PRG_03_Modes_Cycle.instCycleSemiAuto.CycleStep;19
27156;PRG_03_Modes_Cycle.instCycleSemiAuto.CycleStep;19
27257;PRG_03_Modes_Cycle.instCycleSemiAuto.CycleStep;19
27357;PRG_03_Modes_Cycle.instCycleSemiAuto.CycleStep;19
27459;PRG_03_Modes_Cycle.instCycleSemiAuto.CycleStep;19
27560;PRG_03_Modes_Cycle.instCycleSemiAuto.CycleStep;19
27661;PRG_03_Modes_Cycle.instCycleSemiAuto.CycleStep;19
27761;PRG_03_Modes_Cycle.instCycleSemiAuto.CycleStep;19
27862;PRG_03_Modes_Cycle.instCycleSemiAuto.CycleStep;19
27963;PRG_03_Modes_Cycle.instCycleSemiAuto.CycleStep;19
28063;PRG_03_Modes_Cycle.instCycleSemiAuto.CycleStep;19
28164;PRG_03_Modes_Cycle.instCycleSemiAuto.CycleStep;19
28264;PRG_03_Modes_Cycle.instCycleSemiAuto.CycleStep;19
28363;PRG_03_Modes_Cycle.instCycleSemiAuto.CycleStep;19
28464;PRG_03_Modes_Cycle.instCycleSemiAuto.CycleStep;19
28566;PRG_03_Modes_Cycle.instCycleSemiAuto.CycleStep;19
28668;PRG_03_Modes_Cycle.instCycleSemiAuto.CycleStep;19
28768;PRG_03_Modes_Cycle.instCycleSemiAuto.CycleStep;19
28870;PRG_03_Modes_Cycle.instCycleSemiAuto.CycleStep;19
28969;PRG_03_Modes_Cycle.instCycleSemiAuto.CycleStep;19
29069;PRG_03_Modes_Cycle.instCycleSemiAuto.CycleStep;19
29171;PRG_03_Modes_Cycle.instCycleSemiAuto.CycleStep;19
29272;PRG_03_Modes_Cycle.instCycleSemiAuto.CycleStep;19
29371;PRG_03_Modes_Cycle.instCycleSemiAuto.CycleStep;19
29473;PRG_03_Modes_Cycle.instCycleSemiAuto.CycleStep;19
29572;PRG_03_Modes_Cycle.instCycleSemiAuto.CycleStep;19
29672;PRG_03_Modes_Cycle.instCycleSemiAuto.CycleStep;19
29773;PRG_03_Modes_Cycle.instCycleSemiAuto.CycleStep;19
29872;PRG_03_Modes_Cycle.instCycleSemiAuto.CycleStep;19
29972;PRG_03_Modes_Cycle.instCycleSemiAuto.CycleStep;19
30072;PRG_03_Modes_Cycle.instCycleSemiAuto.CycleStep;19
30173;PRG_03_Modes_Cycle.instCycleSemiAuto.CycleStep;19
30275;PRG_03_Modes_Cycle.instCycleSemiAuto.CycleStep;19
30377;PRG_03_Modes_Cycle.instCycleSemiAuto.CycleStep;19
30476;PRG_03_Modes_Cycle.instCycleSemiAuto.CycleStep;19
30576;PRG_03_Modes_Cycle.instCycleSemiAuto.CycleStep;19
30676;PRG_03_Modes_Cycle.instCycleSemiAuto.CycleStep;19
30776;PRG_03_Modes_Cycle.instCycleSemiAuto.CycleStep;19
30877;PRG_03_Modes_Cycle.instCycleSemiAuto.CycleStep;19
30978;PRG_03_Modes_Cycle.instCycleSemiAuto.CycleStep;19
31078;PRG_03_Modes_Cycle.instCycleSemiAuto.CycleStep;19
31179;PRG_03_Modes_Cycle.instCycleSemiAuto.CycleStep;19
31280;PRG_03_Modes_Cycle.instCycleSemiAuto.CycleStep;19
31380;PRG_03_Modes_Cycle.instCycleSemiAuto.CycleStep;19
31480;PRG_03_Modes_Cycle.instCycleSemiAuto.CycleStep;19
31581;PRG_03_Modes_Cycle.instCycleSemiAuto.CycleStep;19
31681;PRG_03_Modes_Cycle.instCycleSemiAuto.CycleStep;19
3;PRG_03_Modes_Cycle.instCycleSemiAuto.Lifecycle.Busy;0
104;PRG_03_Modes_Cycle.instCycleSemiAuto.Lifecycle.Busy;0
204;PRG_03_Modes_Cycle.instCycleSemiAuto.Lifecycle.Busy;0
305;PRG_03_Modes_Cycle.instCycleSemiAuto.Lifecycle.Busy;0
406;PRG_03_Modes_Cycle.instCycleSemiAuto.Lifecycle.Busy;0
507;PRG_03_Modes_Cycle.instCycleSemiAuto.Lifecycle.Busy;0
607;PRG_03_Modes_Cycle.instCycleSemiAuto.Lifecycle.Busy;0
708;PRG_03_Modes_Cycle.instCycleSemiAuto.Lifecycle.Busy;0
809;PRG_03_Modes_Cycle.instCycleSemiAuto.Lifecycle.Busy;0
909;PRG_03_Modes_Cycle.instCycleSemiAuto.Lifecycle.Busy;0
1009;PRG_03_Modes_Cycle.instCycleSemiAuto.Lifecycle.Busy;0
1110;PRG_03_Modes_Cycle.instCycleSemiAuto.Lifecycle.Busy;0
1210;PRG_03_Modes_Cycle.instCycleSemiAuto.Lifecycle.Busy;0
1310;PRG_03_Modes_Cycle.instCycleSemiAuto.Lifecycle.Busy;0
1411;PRG_03_Modes_Cycle.instCycleSemiAuto.Lifecycle.Busy;0
1513;PRG_03_Modes_Cycle.instCycleSemiAuto.Lifecycle.Busy;0
1613;PRG_03_Modes_Cycle.instCycleSemiAuto.Lifecycle.Busy;0
1713;PRG_03_Modes_Cycle.instCycleSemiAuto.Lifecycle.Busy;0
1814;PRG_03_Modes_Cycle.instCycleSemiAuto.Lifecycle.Busy;0
1914;PRG_03_Modes_Cycle.instCycleSemiAuto.Lifecycle.Busy;0
2015;PRG_03_Modes_Cycle.instCycleSemiAuto.Lifecycle.Busy;0
2115;PRG_03_Modes_Cycle.instCycleSemiAuto.Lifecycle.Busy;0
2216;PRG_03_Modes_Cycle.instCycleSemiAuto.Lifecycle.Busy;0
2318;PRG_03_Modes_Cycle.instCycleSemiAuto.Lifecycle.Busy;0
2419;PRG_03_Modes_Cycle.instCycleSemiAuto.Lifecycle.Busy;0
2519;PRG_03_Modes_Cycle.instCycleSemiAuto.Lifecycle.Busy;0
2620;PRG_03_Modes_Cycle.instCycleSemiAuto.Lifecycle.Busy;0
2722;PRG_03_Modes_Cycle.instCycleSemiAuto.Lifecycle.Busy;0
2821;PRG_03_Modes_Cycle.instCycleSemiAuto.Lifecycle.Busy;0
2921;PRG_03_Modes_Cycle.instCycleSemiAuto.Lifecycle.Busy;0
3022;PRG_03_Modes_Cycle.instCycleSemiAuto.Lifecycle.Busy;0
3123;PRG_03_Modes_Cycle.instCycleSemiAuto.Lifecycle.Busy;0
3224;PRG_03_Modes_Cycle.instCycleSemiAuto.Lifecycle.Busy;0
3326;PRG_03_Modes_Cycle.instCycleSemiAuto.Lifecycle.Busy;0
3426;PRG_03_Modes_Cycle.instCycleSemiAuto.Lifecycle.Busy;0
3527;PRG_03_Modes_Cycle.instCycleSemiAuto.Lifecycle.Busy;0
3626;PRG_03_Modes_Cycle.instCycleSemiAuto.Lifecycle.Busy;1
3726;PRG_03_Modes_Cycle.instCycleSemiAuto.Lifecycle.Busy;1
3827;PRG_03_Modes_Cycle.instCycleSemiAuto.Lifecycle.Busy;1
3929;PRG_03_Modes_Cycle.instCycleSemiAuto.Lifecycle.Busy;1
4028;PRG_03_Modes_Cycle.instCycleSemiAuto.Lifecycle.Busy;1
4129;PRG_03_Modes_Cycle.instCycleSemiAuto.Lifecycle.Busy;1
4229;PRG_03_Modes_Cycle.instCycleSemiAuto.Lifecycle.Busy;1
4329;PRG_03_Modes_Cycle.instCycleSemiAuto.Lifecycle.Busy;1
4431;PRG_03_Modes_Cycle.instCycleSemiAuto.Lifecycle.Busy;1
4530;PRG_03_Modes_Cycle.instCycleSemiAuto.Lifecycle.Busy;1
4630;PRG_03_Modes_Cycle.instCycleSemiAuto.Lifecycle.Busy;1
4732;PRG_03_Modes_Cycle.instCycleSemiAuto.Lifecycle.Busy;1
4832;PRG_03_Modes_Cycle.instCycleSemiAuto.Lifecycle.Busy;1
4933;PRG_03_Modes_Cycle.instCycleSemiAuto.Lifecycle.Busy;1
5034;PRG_03_Modes_Cycle.instCycleSemiAuto.Lifecycle.Busy;1
5135;PRG_03_Modes_Cycle.instCycleSemiAuto.Lifecycle.Busy;1
5236;PRG_03_Modes_Cycle.instCycleSemiAuto.Lifecycle.Busy;1
5336;PRG_03_Modes_Cycle.instCycleSemiAuto.Lifecycle.Busy;1
5436;PRG_03_Modes_Cycle.instCycleSemiAuto.Lifecycle.Busy;1
5536;PRG_03_Modes_Cycle.instCycleSemiAuto.Lifecycle.Busy;1
5637;PRG_03_Modes_Cycle.instCycleSemiAuto.Lifecycle.Busy;1
5737;PRG_03_Modes_Cycle.instCycleSemiAuto.Lifecycle.Busy;1
5837;PRG_03_Modes_Cycle.instCycleSemiAuto.Lifecycle.Busy;1
5937;PRG_03_Modes_Cycle.instCycleSemiAuto.Lifecycle.Busy;1
6039;PRG_03_Modes_Cycle.instCycleSemiAuto.Lifecycle.Busy;1
6139;PRG_03_Modes_Cycle.instCycleSemiAuto.Lifecycle.Busy;1
6240;PRG_03_Modes_Cycle.instCycleSemiAuto.Lifecycle.Busy;1
6342;PRG_03_Modes_Cycle.instCycleSemiAuto.Lifecycle.Busy;1
6442;PRG_03_Modes_Cycle.instCycleSemiAuto.Lifecycle.Busy;1
6543;PRG_03_Modes_Cycle.instCycleSemiAuto.Lifecycle.Busy;1
6645;PRG_03_Modes_Cycle.instCycleSemiAuto.Lifecycle.Busy;1
6746;PRG_03_Modes_Cycle.instCycleSemiAuto.Lifecycle.Busy;1
6846;PRG_03_Modes_Cycle.instCycleSemiAuto.Lifecycle.Busy;1
6946;PRG_03_Modes_Cycle.instCycleSemiAuto.Lifecycle.Busy;1
7047;PRG_03_Modes_Cycle.instCycleSemiAuto.Lifecycle.Busy;1
7148;PRG_03_Modes_Cycle.instCycleSemiAuto.Lifecycle.Busy;1
7250;PRG_03_Modes_Cycle.instCycleSemiAuto.Lifecycle.Busy;1
7349;PRG_03_Modes_Cycle.instCycleSemiAuto.Lifecycle.Busy;1
7450;PRG_03_Modes_Cycle.instCycleSemiAuto.Lifecycle.Busy;1
7550;PRG_03_Modes_Cycle.instCycleSemiAuto.Lifecycle.Busy;1
7650;PRG_03_Modes_Cycle.instCycleSemiAuto.Lifecycle.Busy;1
7751;PRG_03_Modes_Cycle.instCycleSemiAuto.Lifecycle.Busy;1
7851;PRG_03_Modes_Cycle.instCycleSemiAuto.Lifecycle.Busy;1
7953;PRG_03_Modes_Cycle.instCycleSemiAuto.Lifecycle.Busy;1
8054;PRG_03_Modes_Cycle.instCycleSemiAuto.Lifecycle.Busy;1
8154;PRG_03_Modes_Cycle.instCycleSemiAuto.Lifecycle.Busy;1
8254;PRG_03_Modes_Cycle.instCycleSemiAuto.Lifecycle.Busy;1
8355;PRG_03_Modes_Cycle.instCycleSemiAuto.Lifecycle.Busy;1
8454;PRG_03_Modes_Cycle.instCycleSemiAuto.Lifecycle.Busy;1
8554;PRG_03_Modes_Cycle.instCycleSemiAuto.Lifecycle.Busy;1
8654;PRG_03_Modes_Cycle.instCycleSemiAuto.Lifecycle.Busy;1
8754;PRG_03_Modes_Cycle.instCycleSemiAuto.Lifecycle.Busy;1
8854;PRG_03_Modes_Cycle.instCycleSemiAuto.Lifecycle.Busy;1
8954;PRG_03_Modes_Cycle.instCycleSemiAuto.Lifecycle.Busy;1
9055;PRG_03_Modes_Cycle.instCycleSemiAuto.Lifecycle.Busy;1
9155;PRG_03_Modes_Cycle.instCycleSemiAuto.Lifecycle.Busy;1
9256;PRG_03_Modes_Cycle.instCycleSemiAuto.Lifecycle.Busy;1
9357;PRG_03_Modes_Cycle.instCycleSemiAuto.Lifecycle.Busy;1
9457;PRG_03_Modes_Cycle.instCycleSemiAuto.Lifecycle.Busy;1
9557;PRG_03_Modes_Cycle.instCycleSemiAuto.Lifecycle.Busy;1
9658;PRG_03_Modes_Cycle.instCycleSemiAuto.Lifecycle.Busy;1
9758;PRG_03_Modes_Cycle.instCycleSemiAuto.Lifecycle.Busy;1
9858;PRG_03_Modes_Cycle.instCycleSemiAuto.Lifecycle.Busy;1
9958;PRG_03_Modes_Cycle.instCycleSemiAuto.Lifecycle.Busy;1
10059;PRG_03_Modes_Cycle.instCycleSemiAuto.Lifecycle.Busy;1
10160;PRG_03_Modes_Cycle.instCycleSemiAuto.Lifecycle.Busy;1
10259;PRG_03_Modes_Cycle.instCycleSemiAuto.Lifecycle.Busy;1
10360;PRG_03_Modes_Cycle.instCycleSemiAuto.Lifecycle.Busy;1
10461;PRG_03_Modes_Cycle.instCycleSemiAuto.Lifecycle.Busy;1
10562;PRG_03_Modes_Cycle.instCycleSemiAuto.Lifecycle.Busy;1
10661;PRG_03_Modes_Cycle.instCycleSemiAuto.Lifecycle.Busy;1
10761;PRG_03_Modes_Cycle.instCycleSemiAuto.Lifecycle.Busy;1
10863;PRG_03_Modes_Cycle.instCycleSemiAuto.Lifecycle.Busy;1
10964;PRG_03_Modes_Cycle.instCycleSemiAuto.Lifecycle.Busy;1
11065;PRG_03_Modes_Cycle.instCycleSemiAuto.Lifecycle.Busy;1
11165;PRG_03_Modes_Cycle.instCycleSemiAuto.Lifecycle.Busy;1
11266;PRG_03_Modes_Cycle.instCycleSemiAuto.Lifecycle.Busy;1
11365;PRG_03_Modes_Cycle.instCycleSemiAuto.Lifecycle.Busy;1
11465;PRG_03_Modes_Cycle.instCycleSemiAuto.Lifecycle.Busy;1
11566;PRG_03_Modes_Cycle.instCycleSemiAuto.Lifecycle.Busy;1
11666;PRG_03_Modes_Cycle.instCycleSemiAuto.Lifecycle.Busy;1
11765;PRG_03_Modes_Cycle.instCycleSemiAuto.Lifecycle.Busy;1
11866;PRG_03_Modes_Cycle.instCycleSemiAuto.Lifecycle.Busy;1
11966;PRG_03_Modes_Cycle.instCycleSemiAuto.Lifecycle.Busy;1
12067;PRG_03_Modes_Cycle.instCycleSemiAuto.Lifecycle.Busy;1
12167;PRG_03_Modes_Cycle.instCycleSemiAuto.Lifecycle.Busy;1
12267;PRG_03_Modes_Cycle.instCycleSemiAuto.Lifecycle.Busy;1
12368;PRG_03_Modes_Cycle.instCycleSemiAuto.Lifecycle.Busy;1
12467;PRG_03_Modes_Cycle.instCycleSemiAuto.Lifecycle.Busy;1
12570;PRG_03_Modes_Cycle.instCycleSemiAuto.Lifecycle.Busy;1
12669;PRG_03_Modes_Cycle.instCycleSemiAuto.Lifecycle.Busy;1
12770;PRG_03_Modes_Cycle.instCycleSemiAuto.Lifecycle.Busy;1
12872;PRG_03_Modes_Cycle.instCycleSemiAuto.Lifecycle.Busy;1
12972;PRG_03_Modes_Cycle.instCycleSemiAuto.Lifecycle.Busy;1
13073;PRG_03_Modes_Cycle.instCycleSemiAuto.Lifecycle.Busy;1
13175;PRG_03_Modes_Cycle.instCycleSemiAuto.Lifecycle.Busy;1
13275;PRG_03_Modes_Cycle.instCycleSemiAuto.Lifecycle.Busy;1
13378;PRG_03_Modes_Cycle.instCycleSemiAuto.Lifecycle.Busy;1
13478;PRG_03_Modes_Cycle.instCycleSemiAuto.Lifecycle.Busy;1
13577;PRG_03_Modes_Cycle.instCycleSemiAuto.Lifecycle.Busy;1
13676;PRG_03_Modes_Cycle.instCycleSemiAuto.Lifecycle.Busy;1
13778;PRG_03_Modes_Cycle.instCycleSemiAuto.Lifecycle.Busy;1
13878;PRG_03_Modes_Cycle.instCycleSemiAuto.Lifecycle.Busy;1
13979;PRG_03_Modes_Cycle.instCycleSemiAuto.Lifecycle.Busy;1
14079;PRG_03_Modes_Cycle.instCycleSemiAuto.Lifecycle.Busy;1
14180;PRG_03_Modes_Cycle.instCycleSemiAuto.Lifecycle.Busy;1
14280;PRG_03_Modes_Cycle.instCycleSemiAuto.Lifecycle.Busy;1
14382;PRG_03_Modes_Cycle.instCycleSemiAuto.Lifecycle.Busy;1
14483;PRG_03_Modes_Cycle.instCycleSemiAuto.Lifecycle.Busy;1
14584;PRG_03_Modes_Cycle.instCycleSemiAuto.Lifecycle.Busy;1
14685;PRG_03_Modes_Cycle.instCycleSemiAuto.Lifecycle.Busy;1
14787;PRG_03_Modes_Cycle.instCycleSemiAuto.Lifecycle.Busy;1
14887;PRG_03_Modes_Cycle.instCycleSemiAuto.Lifecycle.Busy;1
14987;PRG_03_Modes_Cycle.instCycleSemiAuto.Lifecycle.Busy;1
15086;PRG_03_Modes_Cycle.instCycleSemiAuto.Lifecycle.Busy;1
15188;PRG_03_Modes_Cycle.instCycleSemiAuto.Lifecycle.Busy;1
15288;PRG_03_Modes_Cycle.instCycleSemiAuto.Lifecycle.Busy;1
15388;PRG_03_Modes_Cycle.instCycleSemiAuto.Lifecycle.Busy;1
15487;PRG_03_Modes_Cycle.instCycleSemiAuto.Lifecycle.Busy;1
15588;PRG_03_Modes_Cycle.instCycleSemiAuto.Lifecycle.Busy;1
15687;PRG_03_Modes_Cycle.instCycleSemiAuto.Lifecycle.Busy;1
15789;PRG_03_Modes_Cycle.instCycleSemiAuto.Lifecycle.Busy;1
15890;PRG_03_Modes_Cycle.instCycleSemiAuto.Lifecycle.Busy;1
15992;PRG_03_Modes_Cycle.instCycleSemiAuto.Lifecycle.Busy;1
16092;PRG_03_Modes_Cycle.instCycleSemiAuto.Lifecycle.Busy;1
16194;PRG_03_Modes_Cycle.instCycleSemiAuto.Lifecycle.Busy;1
16293;PRG_03_Modes_Cycle.instCycleSemiAuto.Lifecycle.Busy;1
16393;PRG_03_Modes_Cycle.instCycleSemiAuto.Lifecycle.Busy;1
16493;PRG_03_Modes_Cycle.instCycleSemiAuto.Lifecycle.Busy;1
16593;PRG_03_Modes_Cycle.instCycleSemiAuto.Lifecycle.Busy;1
16693;PRG_03_Modes_Cycle.instCycleSemiAuto.Lifecycle.Busy;1
16795;PRG_03_Modes_Cycle.instCycleSemiAuto.Lifecycle.Busy;1
16894;PRG_03_Modes_Cycle.instCycleSemiAuto.Lifecycle.Busy;1
16994;PRG_03_Modes_Cycle.instCycleSemiAuto.Lifecycle.Busy;1
17094;PRG_03_Modes_Cycle.instCycleSemiAuto.Lifecycle.Busy;1
17195;PRG_03_Modes_Cycle.instCycleSemiAuto.Lifecycle.Busy;1
17295;PRG_03_Modes_Cycle.instCycleSemiAuto.Lifecycle.Busy;1
17396;PRG_03_Modes_Cycle.instCycleSemiAuto.Lifecycle.Busy;1
17498;PRG_03_Modes_Cycle.instCycleSemiAuto.Lifecycle.Busy;1
17598;PRG_03_Modes_Cycle.instCycleSemiAuto.Lifecycle.Busy;1
17698;PRG_03_Modes_Cycle.instCycleSemiAuto.Lifecycle.Busy;1
17801;PRG_03_Modes_Cycle.instCycleSemiAuto.Lifecycle.Busy;1
17900;PRG_03_Modes_Cycle.instCycleSemiAuto.Lifecycle.Busy;1
18001;PRG_03_Modes_Cycle.instCycleSemiAuto.Lifecycle.Busy;1
18100;PRG_03_Modes_Cycle.instCycleSemiAuto.Lifecycle.Busy;1
18202;PRG_03_Modes_Cycle.instCycleSemiAuto.Lifecycle.Busy;1
18304;PRG_03_Modes_Cycle.instCycleSemiAuto.Lifecycle.Busy;1
18404;PRG_03_Modes_Cycle.instCycleSemiAuto.Lifecycle.Busy;1
18505;PRG_03_Modes_Cycle.instCycleSemiAuto.Lifecycle.Busy;1
18605;PRG_03_Modes_Cycle.instCycleSemiAuto.Lifecycle.Busy;1
18706;PRG_03_Modes_Cycle.instCycleSemiAuto.Lifecycle.Busy;1
18805;PRG_03_Modes_Cycle.instCycleSemiAuto.Lifecycle.Busy;1
18905;PRG_03_Modes_Cycle.instCycleSemiAuto.Lifecycle.Busy;1
19007;PRG_03_Modes_Cycle.instCycleSemiAuto.Lifecycle.Busy;1
19106;PRG_03_Modes_Cycle.instCycleSemiAuto.Lifecycle.Busy;1
19207;PRG_03_Modes_Cycle.instCycleSemiAuto.Lifecycle.Busy;1
19306;PRG_03_Modes_Cycle.instCycleSemiAuto.Lifecycle.Busy;1
19407;PRG_03_Modes_Cycle.instCycleSemiAuto.Lifecycle.Busy;1
19508;PRG_03_Modes_Cycle.instCycleSemiAuto.Lifecycle.Busy;1
19607;PRG_03_Modes_Cycle.instCycleSemiAuto.Lifecycle.Busy;1
19707;PRG_03_Modes_Cycle.instCycleSemiAuto.Lifecycle.Busy;1
19810;PRG_03_Modes_Cycle.instCycleSemiAuto.Lifecycle.Busy;1
19911;PRG_03_Modes_Cycle.instCycleSemiAuto.Lifecycle.Busy;1
20012;PRG_03_Modes_Cycle.instCycleSemiAuto.Lifecycle.Busy;1
20113;PRG_03_Modes_Cycle.instCycleSemiAuto.Lifecycle.Busy;1
20212;PRG_03_Modes_Cycle.instCycleSemiAuto.Lifecycle.Busy;1
20313;PRG_03_Modes_Cycle.instCycleSemiAuto.Lifecycle.Busy;1
20415;PRG_03_Modes_Cycle.instCycleSemiAuto.Lifecycle.Busy;1
20516;PRG_03_Modes_Cycle.instCycleSemiAuto.Lifecycle.Busy;1
20616;PRG_03_Modes_Cycle.instCycleSemiAuto.Lifecycle.Busy;1
20718;PRG_03_Modes_Cycle.instCycleSemiAuto.Lifecycle.Busy;1
20818;PRG_03_Modes_Cycle.instCycleSemiAuto.Lifecycle.Busy;1
20920;PRG_03_Modes_Cycle.instCycleSemiAuto.Lifecycle.Busy;1
21020;PRG_03_Modes_Cycle.instCycleSemiAuto.Lifecycle.Busy;1
21121;PRG_03_Modes_Cycle.instCycleSemiAuto.Lifecycle.Busy;1
21221;PRG_03_Modes_Cycle.instCycleSemiAuto.Lifecycle.Busy;1
21323;PRG_03_Modes_Cycle.instCycleSemiAuto.Lifecycle.Busy;1
21424;PRG_03_Modes_Cycle.instCycleSemiAuto.Lifecycle.Busy;1
21524;PRG_03_Modes_Cycle.instCycleSemiAuto.Lifecycle.Busy;1
21625;PRG_03_Modes_Cycle.instCycleSemiAuto.Lifecycle.Busy;1
21724;PRG_03_Modes_Cycle.instCycleSemiAuto.Lifecycle.Busy;1
21825;PRG_03_Modes_Cycle.instCycleSemiAuto.Lifecycle.Busy;1
21924;PRG_03_Modes_Cycle.instCycleSemiAuto.Lifecycle.Busy;1
22026;PRG_03_Modes_Cycle.instCycleSemiAuto.Lifecycle.Busy;1
22126;PRG_03_Modes_Cycle.instCycleSemiAuto.Lifecycle.Busy;1
22226;PRG_03_Modes_Cycle.instCycleSemiAuto.Lifecycle.Busy;1
22327;PRG_03_Modes_Cycle.instCycleSemiAuto.Lifecycle.Busy;1
22426;PRG_03_Modes_Cycle.instCycleSemiAuto.Lifecycle.Busy;1
22528;PRG_03_Modes_Cycle.instCycleSemiAuto.Lifecycle.Busy;1
22628;PRG_03_Modes_Cycle.instCycleSemiAuto.Lifecycle.Busy;1
22727;PRG_03_Modes_Cycle.instCycleSemiAuto.Lifecycle.Busy;1
22827;PRG_03_Modes_Cycle.instCycleSemiAuto.Lifecycle.Busy;1
22930;PRG_03_Modes_Cycle.instCycleSemiAuto.Lifecycle.Busy;1
23030;PRG_03_Modes_Cycle.instCycleSemiAuto.Lifecycle.Busy;1
23130;PRG_03_Modes_Cycle.instCycleSemiAuto.Lifecycle.Busy;1
23231;PRG_03_Modes_Cycle.instCycleSemiAuto.Lifecycle.Busy;1
23333;PRG_03_Modes_Cycle.instCycleSemiAuto.Lifecycle.Busy;1
23433;PRG_03_Modes_Cycle.instCycleSemiAuto.Lifecycle.Busy;1
23534;PRG_03_Modes_Cycle.instCycleSemiAuto.Lifecycle.Busy;1
23635;PRG_03_Modes_Cycle.instCycleSemiAuto.Lifecycle.Busy;1
23735;PRG_03_Modes_Cycle.instCycleSemiAuto.Lifecycle.Busy;1
23836;PRG_03_Modes_Cycle.instCycleSemiAuto.Lifecycle.Busy;1
23936;PRG_03_Modes_Cycle.instCycleSemiAuto.Lifecycle.Busy;1
24037;PRG_03_Modes_Cycle.instCycleSemiAuto.Lifecycle.Busy;1
24137;PRG_03_Modes_Cycle.instCycleSemiAuto.Lifecycle.Busy;1
24236;PRG_03_Modes_Cycle.instCycleSemiAuto.Lifecycle.Busy;1
24337;PRG_03_Modes_Cycle.instCycleSemiAuto.Lifecycle.Busy;0
24437;PRG_03_Modes_Cycle.instCycleSemiAuto.Lifecycle.Busy;0
24538;PRG_03_Modes_Cycle.instCycleSemiAuto.Lifecycle.Busy;0
24639;PRG_03_Modes_Cycle.instCycleSemiAuto.Lifecycle.Busy;0
24740;PRG_03_Modes_Cycle.instCycleSemiAuto.Lifecycle.Busy;0
24839;PRG_03_Modes_Cycle.instCycleSemiAuto.Lifecycle.Busy;0
24942;PRG_03_Modes_Cycle.instCycleSemiAuto.Lifecycle.Busy;0
25042;PRG_03_Modes_Cycle.instCycleSemiAuto.Lifecycle.Busy;0
25143;PRG_03_Modes_Cycle.instCycleSemiAuto.Lifecycle.Busy;0
25243;PRG_03_Modes_Cycle.instCycleSemiAuto.Lifecycle.Busy;0
25345;PRG_03_Modes_Cycle.instCycleSemiAuto.Lifecycle.Busy;0
25446;PRG_03_Modes_Cycle.instCycleSemiAuto.Lifecycle.Busy;0
25546;PRG_03_Modes_Cycle.instCycleSemiAuto.Lifecycle.Busy;0
25646;PRG_03_Modes_Cycle.instCycleSemiAuto.Lifecycle.Busy;0
25748;PRG_03_Modes_Cycle.instCycleSemiAuto.Lifecycle.Busy;0
25848;PRG_03_Modes_Cycle.instCycleSemiAuto.Lifecycle.Busy;0
25949;PRG_03_Modes_Cycle.instCycleSemiAuto.Lifecycle.Busy;0
26050;PRG_03_Modes_Cycle.instCycleSemiAuto.Lifecycle.Busy;0
26151;PRG_03_Modes_Cycle.instCycleSemiAuto.Lifecycle.Busy;0
26252;PRG_03_Modes_Cycle.instCycleSemiAuto.Lifecycle.Busy;0
26351;PRG_03_Modes_Cycle.instCycleSemiAuto.Lifecycle.Busy;0
26453;PRG_03_Modes_Cycle.instCycleSemiAuto.Lifecycle.Busy;0
26552;PRG_03_Modes_Cycle.instCycleSemiAuto.Lifecycle.Busy;0
26653;PRG_03_Modes_Cycle.instCycleSemiAuto.Lifecycle.Busy;0
26756;PRG_03_Modes_Cycle.instCycleSemiAuto.Lifecycle.Busy;0
26856;PRG_03_Modes_Cycle.instCycleSemiAuto.Lifecycle.Busy;0
26955;PRG_03_Modes_Cycle.instCycleSemiAuto.Lifecycle.Busy;0
27056;PRG_03_Modes_Cycle.instCycleSemiAuto.Lifecycle.Busy;0
27156;PRG_03_Modes_Cycle.instCycleSemiAuto.Lifecycle.Busy;0
27257;PRG_03_Modes_Cycle.instCycleSemiAuto.Lifecycle.Busy;0
27357;PRG_03_Modes_Cycle.instCycleSemiAuto.Lifecycle.Busy;0
27459;PRG_03_Modes_Cycle.instCycleSemiAuto.Lifecycle.Busy;0
27560;PRG_03_Modes_Cycle.instCycleSemiAuto.Lifecycle.Busy;0
27661;PRG_03_Modes_Cycle.instCycleSemiAuto.Lifecycle.Busy;0
27761;PRG_03_Modes_Cycle.instCycleSemiAuto.Lifecycle.Busy;0
27862;PRG_03_Modes_Cycle.instCycleSemiAuto.Lifecycle.Busy;0
27963;PRG_03_Modes_Cycle.instCycleSemiAuto.Lifecycle.Busy;0
28063;PRG_03_Modes_Cycle.instCycleSemiAuto.Lifecycle.Busy;0
28164;PRG_03_Modes_Cycle.instCycleSemiAuto.Lifecycle.Busy;0
28264;PRG_03_Modes_Cycle.instCycleSemiAuto.Lifecycle.Busy;0
28363;PRG_03_Modes_Cycle.instCycleSemiAuto.Lifecycle.Busy;0
28464;PRG_03_Modes_Cycle.instCycleSemiAuto.Lifecycle.Busy;0
28566;PRG_03_Modes_Cycle.instCycleSemiAuto.Lifecycle.Busy;0
28668;PRG_03_Modes_Cycle.instCycleSemiAuto.Lifecycle.Busy;0
28768;PRG_03_Modes_Cycle.instCycleSemiAuto.Lifecycle.Busy;0
28870;PRG_03_Modes_Cycle.instCycleSemiAuto.Lifecycle.Busy;0
28969;PRG_03_Modes_Cycle.instCycleSemiAuto.Lifecycle.Busy;0
29069;PRG_03_Modes_Cycle.instCycleSemiAuto.Lifecycle.Busy;0
29171;PRG_03_Modes_Cycle.instCycleSemiAuto.Lifecycle.Busy;0
29272;PRG_03_Modes_Cycle.instCycleSemiAuto.Lifecycle.Busy;0
29371;PRG_03_Modes_Cycle.instCycleSemiAuto.Lifecycle.Busy;0
29473;PRG_03_Modes_Cycle.instCycleSemiAuto.Lifecycle.Busy;0
29572;PRG_03_Modes_Cycle.instCycleSemiAuto.Lifecycle.Busy;0
29672;PRG_03_Modes_Cycle.instCycleSemiAuto.Lifecycle.Busy;0
29773;PRG_03_Modes_Cycle.instCycleSemiAuto.Lifecycle.Busy;0
29872;PRG_03_Modes_Cycle.instCycleSemiAuto.Lifecycle.Busy;0
29972;PRG_03_Modes_Cycle.instCycleSemiAuto.Lifecycle.Busy;0
30072;PRG_03_Modes_Cycle.instCycleSemiAuto.Lifecycle.Busy;0
30173;PRG_03_Modes_Cycle.instCycleSemiAuto.Lifecycle.Busy;0
30275;PRG_03_Modes_Cycle.instCycleSemiAuto.Lifecycle.Busy;0
30377;PRG_03_Modes_Cycle.instCycleSemiAuto.Lifecycle.Busy;0
30476;PRG_03_Modes_Cycle.instCycleSemiAuto.Lifecycle.Busy;0
30576;PRG_03_Modes_Cycle.instCycleSemiAuto.Lifecycle.Busy;0
30676;PRG_03_Modes_Cycle.instCycleSemiAuto.Lifecycle.Busy;0
30776;PRG_03_Modes_Cycle.instCycleSemiAuto.Lifecycle.Busy;0
30877;PRG_03_Modes_Cycle.instCycleSemiAuto.Lifecycle.Busy;0
30978;PRG_03_Modes_Cycle.instCycleSemiAuto.Lifecycle.Busy;0
31078;PRG_03_Modes_Cycle.instCycleSemiAuto.Lifecycle.Busy;0
31179;PRG_03_Modes_Cycle.instCycleSemiAuto.Lifecycle.Busy;0
31280;PRG_03_Modes_Cycle.instCycleSemiAuto.Lifecycle.Busy;0
31380;PRG_03_Modes_Cycle.instCycleSemiAuto.Lifecycle.Busy;0
31480;PRG_03_Modes_Cycle.instCycleSemiAuto.Lifecycle.Busy;0
31581;PRG_03_Modes_Cycle.instCycleSemiAuto.Lifecycle.Busy;0
31681;PRG_03_Modes_Cycle.instCycleSemiAuto.Lifecycle.Busy;0
3;PRG_03_Modes_Cycle.instCycleSemiAuto.WaitingForOperator;1
104;PRG_03_Modes_Cycle.instCycleSemiAuto.WaitingForOperator;1
204;PRG_03_Modes_Cycle.instCycleSemiAuto.WaitingForOperator;1
305;PRG_03_Modes_Cycle.instCycleSemiAuto.WaitingForOperator;1
406;PRG_03_Modes_Cycle.instCycleSemiAuto.WaitingForOperator;1
507;PRG_03_Modes_Cycle.instCycleSemiAuto.WaitingForOperator;1
607;PRG_03_Modes_Cycle.instCycleSemiAuto.WaitingForOperator;1
708;PRG_03_Modes_Cycle.instCycleSemiAuto.WaitingForOperator;1
809;PRG_03_Modes_Cycle.instCycleSemiAuto.WaitingForOperator;1
909;PRG_03_Modes_Cycle.instCycleSemiAuto.WaitingForOperator;1
1009;PRG_03_Modes_Cycle.instCycleSemiAuto.WaitingForOperator;1
1110;PRG_03_Modes_Cycle.instCycleSemiAuto.WaitingForOperator;1
1210;PRG_03_Modes_Cycle.instCycleSemiAuto.WaitingForOperator;1
1310;PRG_03_Modes_Cycle.instCycleSemiAuto.WaitingForOperator;1
1411;PRG_03_Modes_Cycle.instCycleSemiAuto.WaitingForOperator;1
1513;PRG_03_Modes_Cycle.instCycleSemiAuto.WaitingForOperator;1
1613;PRG_03_Modes_Cycle.instCycleSemiAuto.WaitingForOperator;1
1713;PRG_03_Modes_Cycle.instCycleSemiAuto.WaitingForOperator;1
1814;PRG_03_Modes_Cycle.instCycleSemiAuto.WaitingForOperator;1
1914;PRG_03_Modes_Cycle.instCycleSemiAuto.WaitingForOperator;1
2015;PRG_03_Modes_Cycle.instCycleSemiAuto.WaitingForOperator;1
2115;PRG_03_Modes_Cycle.instCycleSemiAuto.WaitingForOperator;1
2216;PRG_03_Modes_Cycle.instCycleSemiAuto.WaitingForOperator;1
2318;PRG_03_Modes_Cycle.instCycleSemiAuto.WaitingForOperator;1
2419;PRG_03_Modes_Cycle.instCycleSemiAuto.WaitingForOperator;1
2519;PRG_03_Modes_Cycle.instCycleSemiAuto.WaitingForOperator;1
2620;PRG_03_Modes_Cycle.instCycleSemiAuto.WaitingForOperator;1
2722;PRG_03_Modes_Cycle.instCycleSemiAuto.WaitingForOperator;1
2821;PRG_03_Modes_Cycle.instCycleSemiAuto.WaitingForOperator;1
2921;PRG_03_Modes_Cycle.instCycleSemiAuto.WaitingForOperator;1
3022;PRG_03_Modes_Cycle.instCycleSemiAuto.WaitingForOperator;1
3123;PRG_03_Modes_Cycle.instCycleSemiAuto.WaitingForOperator;1
3224;PRG_03_Modes_Cycle.instCycleSemiAuto.WaitingForOperator;1
3326;PRG_03_Modes_Cycle.instCycleSemiAuto.WaitingForOperator;1
3426;PRG_03_Modes_Cycle.instCycleSemiAuto.WaitingForOperator;1
3527;PRG_03_Modes_Cycle.instCycleSemiAuto.WaitingForOperator;1
3626;PRG_03_Modes_Cycle.instCycleSemiAuto.WaitingForOperator;1
3726;PRG_03_Modes_Cycle.instCycleSemiAuto.WaitingForOperator;1
3827;PRG_03_Modes_Cycle.instCycleSemiAuto.WaitingForOperator;1
3929;PRG_03_Modes_Cycle.instCycleSemiAuto.WaitingForOperator;1
4028;PRG_03_Modes_Cycle.instCycleSemiAuto.WaitingForOperator;1
4129;PRG_03_Modes_Cycle.instCycleSemiAuto.WaitingForOperator;1
4229;PRG_03_Modes_Cycle.instCycleSemiAuto.WaitingForOperator;1
4329;PRG_03_Modes_Cycle.instCycleSemiAuto.WaitingForOperator;1
4431;PRG_03_Modes_Cycle.instCycleSemiAuto.WaitingForOperator;1
4530;PRG_03_Modes_Cycle.instCycleSemiAuto.WaitingForOperator;1
4630;PRG_03_Modes_Cycle.instCycleSemiAuto.WaitingForOperator;1
4732;PRG_03_Modes_Cycle.instCycleSemiAuto.WaitingForOperator;1
4832;PRG_03_Modes_Cycle.instCycleSemiAuto.WaitingForOperator;1
4933;PRG_03_Modes_Cycle.instCycleSemiAuto.WaitingForOperator;1
5034;PRG_03_Modes_Cycle.instCycleSemiAuto.WaitingForOperator;1
5135;PRG_03_Modes_Cycle.instCycleSemiAuto.WaitingForOperator;1
5236;PRG_03_Modes_Cycle.instCycleSemiAuto.WaitingForOperator;1
5336;PRG_03_Modes_Cycle.instCycleSemiAuto.WaitingForOperator;1
5436;PRG_03_Modes_Cycle.instCycleSemiAuto.WaitingForOperator;1
5536;PRG_03_Modes_Cycle.instCycleSemiAuto.WaitingForOperator;1
5637;PRG_03_Modes_Cycle.instCycleSemiAuto.WaitingForOperator;1
5737;PRG_03_Modes_Cycle.instCycleSemiAuto.WaitingForOperator;1
5837;PRG_03_Modes_Cycle.instCycleSemiAuto.WaitingForOperator;1
5937;PRG_03_Modes_Cycle.instCycleSemiAuto.WaitingForOperator;1
6039;PRG_03_Modes_Cycle.instCycleSemiAuto.WaitingForOperator;1
6139;PRG_03_Modes_Cycle.instCycleSemiAuto.WaitingForOperator;1
6240;PRG_03_Modes_Cycle.instCycleSemiAuto.WaitingForOperator;1
6342;PRG_03_Modes_Cycle.instCycleSemiAuto.WaitingForOperator;1
6442;PRG_03_Modes_Cycle.instCycleSemiAuto.WaitingForOperator;1
6543;PRG_03_Modes_Cycle.instCycleSemiAuto.WaitingForOperator;1
6645;PRG_03_Modes_Cycle.instCycleSemiAuto.WaitingForOperator;1
6746;PRG_03_Modes_Cycle.instCycleSemiAuto.WaitingForOperator;1
6846;PRG_03_Modes_Cycle.instCycleSemiAuto.WaitingForOperator;1
6946;PRG_03_Modes_Cycle.instCycleSemiAuto.WaitingForOperator;1
7047;PRG_03_Modes_Cycle.instCycleSemiAuto.WaitingForOperator;1
7148;PRG_03_Modes_Cycle.instCycleSemiAuto.WaitingForOperator;1
7250;PRG_03_Modes_Cycle.instCycleSemiAuto.WaitingForOperator;1
7349;PRG_03_Modes_Cycle.instCycleSemiAuto.WaitingForOperator;1
7450;PRG_03_Modes_Cycle.instCycleSemiAuto.WaitingForOperator;1
7550;PRG_03_Modes_Cycle.instCycleSemiAuto.WaitingForOperator;1
7650;PRG_03_Modes_Cycle.instCycleSemiAuto.WaitingForOperator;1
7751;PRG_03_Modes_Cycle.instCycleSemiAuto.WaitingForOperator;1
7851;PRG_03_Modes_Cycle.instCycleSemiAuto.WaitingForOperator;1
7953;PRG_03_Modes_Cycle.instCycleSemiAuto.WaitingForOperator;1
8054;PRG_03_Modes_Cycle.instCycleSemiAuto.WaitingForOperator;1
8154;PRG_03_Modes_Cycle.instCycleSemiAuto.WaitingForOperator;1
8254;PRG_03_Modes_Cycle.instCycleSemiAuto.WaitingForOperator;1
8355;PRG_03_Modes_Cycle.instCycleSemiAuto.WaitingForOperator;1
8454;PRG_03_Modes_Cycle.instCycleSemiAuto.WaitingForOperator;1
8554;PRG_03_Modes_Cycle.instCycleSemiAuto.WaitingForOperator;1
8654;PRG_03_Modes_Cycle.instCycleSemiAuto.WaitingForOperator;1
8754;PRG_03_Modes_Cycle.instCycleSemiAuto.WaitingForOperator;1
8854;PRG_03_Modes_Cycle.instCycleSemiAuto.WaitingForOperator;1
8954;PRG_03_Modes_Cycle.instCycleSemiAuto.WaitingForOperator;1
9055;PRG_03_Modes_Cycle.instCycleSemiAuto.WaitingForOperator;1
9155;PRG_03_Modes_Cycle.instCycleSemiAuto.WaitingForOperator;1
9256;PRG_03_Modes_Cycle.instCycleSemiAuto.WaitingForOperator;0
9357;PRG_03_Modes_Cycle.instCycleSemiAuto.WaitingForOperator;0
9457;PRG_03_Modes_Cycle.instCycleSemiAuto.WaitingForOperator;0
9557;PRG_03_Modes_Cycle.instCycleSemiAuto.WaitingForOperator;0
9658;PRG_03_Modes_Cycle.instCycleSemiAuto.WaitingForOperator;0
9758;PRG_03_Modes_Cycle.instCycleSemiAuto.WaitingForOperator;0
9858;PRG_03_Modes_Cycle.instCycleSemiAuto.WaitingForOperator;0
9958;PRG_03_Modes_Cycle.instCycleSemiAuto.WaitingForOperator;0
10059;PRG_03_Modes_Cycle.instCycleSemiAuto.WaitingForOperator;0
10160;PRG_03_Modes_Cycle.instCycleSemiAuto.WaitingForOperator;0
10259;PRG_03_Modes_Cycle.instCycleSemiAuto.WaitingForOperator;0
10360;PRG_03_Modes_Cycle.instCycleSemiAuto.WaitingForOperator;0
10461;PRG_03_Modes_Cycle.instCycleSemiAuto.WaitingForOperator;0
10562;PRG_03_Modes_Cycle.instCycleSemiAuto.WaitingForOperator;0
10661;PRG_03_Modes_Cycle.instCycleSemiAuto.WaitingForOperator;0
10761;PRG_03_Modes_Cycle.instCycleSemiAuto.WaitingForOperator;0
10863;PRG_03_Modes_Cycle.instCycleSemiAuto.WaitingForOperator;0
10964;PRG_03_Modes_Cycle.instCycleSemiAuto.WaitingForOperator;0
11065;PRG_03_Modes_Cycle.instCycleSemiAuto.WaitingForOperator;0
11165;PRG_03_Modes_Cycle.instCycleSemiAuto.WaitingForOperator;0
11266;PRG_03_Modes_Cycle.instCycleSemiAuto.WaitingForOperator;0
11365;PRG_03_Modes_Cycle.instCycleSemiAuto.WaitingForOperator;0
11465;PRG_03_Modes_Cycle.instCycleSemiAuto.WaitingForOperator;0
11566;PRG_03_Modes_Cycle.instCycleSemiAuto.WaitingForOperator;0
11666;PRG_03_Modes_Cycle.instCycleSemiAuto.WaitingForOperator;0
11765;PRG_03_Modes_Cycle.instCycleSemiAuto.WaitingForOperator;0
11866;PRG_03_Modes_Cycle.instCycleSemiAuto.WaitingForOperator;0
11966;PRG_03_Modes_Cycle.instCycleSemiAuto.WaitingForOperator;0
12067;PRG_03_Modes_Cycle.instCycleSemiAuto.WaitingForOperator;0
12167;PRG_03_Modes_Cycle.instCycleSemiAuto.WaitingForOperator;0
12267;PRG_03_Modes_Cycle.instCycleSemiAuto.WaitingForOperator;0
12368;PRG_03_Modes_Cycle.instCycleSemiAuto.WaitingForOperator;0
12467;PRG_03_Modes_Cycle.instCycleSemiAuto.WaitingForOperator;0
12570;PRG_03_Modes_Cycle.instCycleSemiAuto.WaitingForOperator;0
12669;PRG_03_Modes_Cycle.instCycleSemiAuto.WaitingForOperator;0
12770;PRG_03_Modes_Cycle.instCycleSemiAuto.WaitingForOperator;0
12872;PRG_03_Modes_Cycle.instCycleSemiAuto.WaitingForOperator;0
12972;PRG_03_Modes_Cycle.instCycleSemiAuto.WaitingForOperator;0
13073;PRG_03_Modes_Cycle.instCycleSemiAuto.WaitingForOperator;0
13175;PRG_03_Modes_Cycle.instCycleSemiAuto.WaitingForOperator;0
13275;PRG_03_Modes_Cycle.instCycleSemiAuto.WaitingForOperator;0
13378;PRG_03_Modes_Cycle.instCycleSemiAuto.WaitingForOperator;0
13478;PRG_03_Modes_Cycle.instCycleSemiAuto.WaitingForOperator;0
13577;PRG_03_Modes_Cycle.instCycleSemiAuto.WaitingForOperator;0
13676;PRG_03_Modes_Cycle.instCycleSemiAuto.WaitingForOperator;0
13778;PRG_03_Modes_Cycle.instCycleSemiAuto.WaitingForOperator;0
13878;PRG_03_Modes_Cycle.instCycleSemiAuto.WaitingForOperator;0
13979;PRG_03_Modes_Cycle.instCycleSemiAuto.WaitingForOperator;0
14079;PRG_03_Modes_Cycle.instCycleSemiAuto.WaitingForOperator;0
14180;PRG_03_Modes_Cycle.instCycleSemiAuto.WaitingForOperator;0
14280;PRG_03_Modes_Cycle.instCycleSemiAuto.WaitingForOperator;0
14382;PRG_03_Modes_Cycle.instCycleSemiAuto.WaitingForOperator;0
14483;PRG_03_Modes_Cycle.instCycleSemiAuto.WaitingForOperator;0
14584;PRG_03_Modes_Cycle.instCycleSemiAuto.WaitingForOperator;0
14685;PRG_03_Modes_Cycle.instCycleSemiAuto.WaitingForOperator;0
14787;PRG_03_Modes_Cycle.instCycleSemiAuto.WaitingForOperator;0
14887;PRG_03_Modes_Cycle.instCycleSemiAuto.WaitingForOperator;0
14987;PRG_03_Modes_Cycle.instCycleSemiAuto.WaitingForOperator;0
15086;PRG_03_Modes_Cycle.instCycleSemiAuto.WaitingForOperator;0
15188;PRG_03_Modes_Cycle.instCycleSemiAuto.WaitingForOperator;0
15288;PRG_03_Modes_Cycle.instCycleSemiAuto.WaitingForOperator;0
15388;PRG_03_Modes_Cycle.instCycleSemiAuto.WaitingForOperator;0
15487;PRG_03_Modes_Cycle.instCycleSemiAuto.WaitingForOperator;0
15588;PRG_03_Modes_Cycle.instCycleSemiAuto.WaitingForOperator;0
15687;PRG_03_Modes_Cycle.instCycleSemiAuto.WaitingForOperator;0
15789;PRG_03_Modes_Cycle.instCycleSemiAuto.WaitingForOperator;0
15890;PRG_03_Modes_Cycle.instCycleSemiAuto.WaitingForOperator;0
15992;PRG_03_Modes_Cycle.instCycleSemiAuto.WaitingForOperator;0
16092;PRG_03_Modes_Cycle.instCycleSemiAuto.WaitingForOperator;0
16194;PRG_03_Modes_Cycle.instCycleSemiAuto.WaitingForOperator;0
16293;PRG_03_Modes_Cycle.instCycleSemiAuto.WaitingForOperator;0
16393;PRG_03_Modes_Cycle.instCycleSemiAuto.WaitingForOperator;0
16493;PRG_03_Modes_Cycle.instCycleSemiAuto.WaitingForOperator;0
16593;PRG_03_Modes_Cycle.instCycleSemiAuto.WaitingForOperator;0
16693;PRG_03_Modes_Cycle.instCycleSemiAuto.WaitingForOperator;0
16795;PRG_03_Modes_Cycle.instCycleSemiAuto.WaitingForOperator;0
16894;PRG_03_Modes_Cycle.instCycleSemiAuto.WaitingForOperator;0
16994;PRG_03_Modes_Cycle.instCycleSemiAuto.WaitingForOperator;0
17094;PRG_03_Modes_Cycle.instCycleSemiAuto.WaitingForOperator;0
17195;PRG_03_Modes_Cycle.instCycleSemiAuto.WaitingForOperator;0
17295;PRG_03_Modes_Cycle.instCycleSemiAuto.WaitingForOperator;0
17396;PRG_03_Modes_Cycle.instCycleSemiAuto.WaitingForOperator;0
17498;PRG_03_Modes_Cycle.instCycleSemiAuto.WaitingForOperator;0
17598;PRG_03_Modes_Cycle.instCycleSemiAuto.WaitingForOperator;0
17698;PRG_03_Modes_Cycle.instCycleSemiAuto.WaitingForOperator;0
17801;PRG_03_Modes_Cycle.instCycleSemiAuto.WaitingForOperator;0
17900;PRG_03_Modes_Cycle.instCycleSemiAuto.WaitingForOperator;0
18001;PRG_03_Modes_Cycle.instCycleSemiAuto.WaitingForOperator;0
18100;PRG_03_Modes_Cycle.instCycleSemiAuto.WaitingForOperator;0
18202;PRG_03_Modes_Cycle.instCycleSemiAuto.WaitingForOperator;0
18304;PRG_03_Modes_Cycle.instCycleSemiAuto.WaitingForOperator;0
18404;PRG_03_Modes_Cycle.instCycleSemiAuto.WaitingForOperator;0
18505;PRG_03_Modes_Cycle.instCycleSemiAuto.WaitingForOperator;0
18605;PRG_03_Modes_Cycle.instCycleSemiAuto.WaitingForOperator;0
18706;PRG_03_Modes_Cycle.instCycleSemiAuto.WaitingForOperator;0
18805;PRG_03_Modes_Cycle.instCycleSemiAuto.WaitingForOperator;0
18905;PRG_03_Modes_Cycle.instCycleSemiAuto.WaitingForOperator;0
19007;PRG_03_Modes_Cycle.instCycleSemiAuto.WaitingForOperator;0
19106;PRG_03_Modes_Cycle.instCycleSemiAuto.WaitingForOperator;0
19207;PRG_03_Modes_Cycle.instCycleSemiAuto.WaitingForOperator;0
19306;PRG_03_Modes_Cycle.instCycleSemiAuto.WaitingForOperator;0
19407;PRG_03_Modes_Cycle.instCycleSemiAuto.WaitingForOperator;0
19508;PRG_03_Modes_Cycle.instCycleSemiAuto.WaitingForOperator;0
19607;PRG_03_Modes_Cycle.instCycleSemiAuto.WaitingForOperator;0
19707;PRG_03_Modes_Cycle.instCycleSemiAuto.WaitingForOperator;0
19810;PRG_03_Modes_Cycle.instCycleSemiAuto.WaitingForOperator;0
19911;PRG_03_Modes_Cycle.instCycleSemiAuto.WaitingForOperator;0
20012;PRG_03_Modes_Cycle.instCycleSemiAuto.WaitingForOperator;0
20113;PRG_03_Modes_Cycle.instCycleSemiAuto.WaitingForOperator;0
20212;PRG_03_Modes_Cycle.instCycleSemiAuto.WaitingForOperator;0
20313;PRG_03_Modes_Cycle.instCycleSemiAuto.WaitingForOperator;0
20415;PRG_03_Modes_Cycle.instCycleSemiAuto.WaitingForOperator;0
20516;PRG_03_Modes_Cycle.instCycleSemiAuto.WaitingForOperator;0
20616;PRG_03_Modes_Cycle.instCycleSemiAuto.WaitingForOperator;0
20718;PRG_03_Modes_Cycle.instCycleSemiAuto.WaitingForOperator;0
20818;PRG_03_Modes_Cycle.instCycleSemiAuto.WaitingForOperator;0
20920;PRG_03_Modes_Cycle.instCycleSemiAuto.WaitingForOperator;0
21020;PRG_03_Modes_Cycle.instCycleSemiAuto.WaitingForOperator;0
21121;PRG_03_Modes_Cycle.instCycleSemiAuto.WaitingForOperator;0
21221;PRG_03_Modes_Cycle.instCycleSemiAuto.WaitingForOperator;0
21323;PRG_03_Modes_Cycle.instCycleSemiAuto.WaitingForOperator;0
21424;PRG_03_Modes_Cycle.instCycleSemiAuto.WaitingForOperator;0
21524;PRG_03_Modes_Cycle.instCycleSemiAuto.WaitingForOperator;0
21625;PRG_03_Modes_Cycle.instCycleSemiAuto.WaitingForOperator;0
21724;PRG_03_Modes_Cycle.instCycleSemiAuto.WaitingForOperator;0
21825;PRG_03_Modes_Cycle.instCycleSemiAuto.WaitingForOperator;0
21924;PRG_03_Modes_Cycle.instCycleSemiAuto.WaitingForOperator;0
22026;PRG_03_Modes_Cycle.instCycleSemiAuto.WaitingForOperator;0
22126;PRG_03_Modes_Cycle.instCycleSemiAuto.WaitingForOperator;0
22226;PRG_03_Modes_Cycle.instCycleSemiAuto.WaitingForOperator;0
22327;PRG_03_Modes_Cycle.instCycleSemiAuto.WaitingForOperator;0
22426;PRG_03_Modes_Cycle.instCycleSemiAuto.WaitingForOperator;0
22528;PRG_03_Modes_Cycle.instCycleSemiAuto.WaitingForOperator;0
22628;PRG_03_Modes_Cycle.instCycleSemiAuto.WaitingForOperator;0
22727;PRG_03_Modes_Cycle.instCycleSemiAuto.WaitingForOperator;0
22827;PRG_03_Modes_Cycle.instCycleSemiAuto.WaitingForOperator;0
22930;PRG_03_Modes_Cycle.instCycleSemiAuto.WaitingForOperator;0
23030;PRG_03_Modes_Cycle.instCycleSemiAuto.WaitingForOperator;0
23130;PRG_03_Modes_Cycle.instCycleSemiAuto.WaitingForOperator;0
23231;PRG_03_Modes_Cycle.instCycleSemiAuto.WaitingForOperator;0
23333;PRG_03_Modes_Cycle.instCycleSemiAuto.WaitingForOperator;0
23433;PRG_03_Modes_Cycle.instCycleSemiAuto.WaitingForOperator;0
23534;PRG_03_Modes_Cycle.instCycleSemiAuto.WaitingForOperator;0
23635;PRG_03_Modes_Cycle.instCycleSemiAuto.WaitingForOperator;0
23735;PRG_03_Modes_Cycle.instCycleSemiAuto.WaitingForOperator;0
23836;PRG_03_Modes_Cycle.instCycleSemiAuto.WaitingForOperator;0
23936;PRG_03_Modes_Cycle.instCycleSemiAuto.WaitingForOperator;0
24037;PRG_03_Modes_Cycle.instCycleSemiAuto.WaitingForOperator;0
24137;PRG_03_Modes_Cycle.instCycleSemiAuto.WaitingForOperator;0
24236;PRG_03_Modes_Cycle.instCycleSemiAuto.WaitingForOperator;0
24337;PRG_03_Modes_Cycle.instCycleSemiAuto.WaitingForOperator;1
24437;PRG_03_Modes_Cycle.instCycleSemiAuto.WaitingForOperator;1
24538;PRG_03_Modes_Cycle.instCycleSemiAuto.WaitingForOperator;1
24639;PRG_03_Modes_Cycle.instCycleSemiAuto.WaitingForOperator;1
24740;PRG_03_Modes_Cycle.instCycleSemiAuto.WaitingForOperator;1
24839;PRG_03_Modes_Cycle.instCycleSemiAuto.WaitingForOperator;1
24942;PRG_03_Modes_Cycle.instCycleSemiAuto.WaitingForOperator;1
25042;PRG_03_Modes_Cycle.instCycleSemiAuto.WaitingForOperator;1
25143;PRG_03_Modes_Cycle.instCycleSemiAuto.WaitingForOperator;1
25243;PRG_03_Modes_Cycle.instCycleSemiAuto.WaitingForOperator;1
25345;PRG_03_Modes_Cycle.instCycleSemiAuto.WaitingForOperator;1
25446;PRG_03_Modes_Cycle.instCycleSemiAuto.WaitingForOperator;1
25546;PRG_03_Modes_Cycle.instCycleSemiAuto.WaitingForOperator;1
25646;PRG_03_Modes_Cycle.instCycleSemiAuto.WaitingForOperator;1
25748;PRG_03_Modes_Cycle.instCycleSemiAuto.WaitingForOperator;1
25848;PRG_03_Modes_Cycle.instCycleSemiAuto.WaitingForOperator;1
25949;PRG_03_Modes_Cycle.instCycleSemiAuto.WaitingForOperator;1
26050;PRG_03_Modes_Cycle.instCycleSemiAuto.WaitingForOperator;1
26151;PRG_03_Modes_Cycle.instCycleSemiAuto.WaitingForOperator;1
26252;PRG_03_Modes_Cycle.instCycleSemiAuto.WaitingForOperator;1
26351;PRG_03_Modes_Cycle.instCycleSemiAuto.WaitingForOperator;1
26453;PRG_03_Modes_Cycle.instCycleSemiAuto.WaitingForOperator;1
26552;PRG_03_Modes_Cycle.instCycleSemiAuto.WaitingForOperator;1
26653;PRG_03_Modes_Cycle.instCycleSemiAuto.WaitingForOperator;1
26756;PRG_03_Modes_Cycle.instCycleSemiAuto.WaitingForOperator;1
26856;PRG_03_Modes_Cycle.instCycleSemiAuto.WaitingForOperator;1
26955;PRG_03_Modes_Cycle.instCycleSemiAuto.WaitingForOperator;1
27056;PRG_03_Modes_Cycle.instCycleSemiAuto.WaitingForOperator;1
27156;PRG_03_Modes_Cycle.instCycleSemiAuto.WaitingForOperator;1
27257;PRG_03_Modes_Cycle.instCycleSemiAuto.WaitingForOperator;1
27357;PRG_03_Modes_Cycle.instCycleSemiAuto.WaitingForOperator;1
27459;PRG_03_Modes_Cycle.instCycleSemiAuto.WaitingForOperator;1
27560;PRG_03_Modes_Cycle.instCycleSemiAuto.WaitingForOperator;1
27661;PRG_03_Modes_Cycle.instCycleSemiAuto.WaitingForOperator;1
27761;PRG_03_Modes_Cycle.instCycleSemiAuto.WaitingForOperator;1
27862;PRG_03_Modes_Cycle.instCycleSemiAuto.WaitingForOperator;1
27963;PRG_03_Modes_Cycle.instCycleSemiAuto.WaitingForOperator;1
28063;PRG_03_Modes_Cycle.instCycleSemiAuto.WaitingForOperator;1
28164;PRG_03_Modes_Cycle.instCycleSemiAuto.WaitingForOperator;1
28264;PRG_03_Modes_Cycle.instCycleSemiAuto.WaitingForOperator;1
28363;PRG_03_Modes_Cycle.instCycleSemiAuto.WaitingForOperator;1
28464;PRG_03_Modes_Cycle.instCycleSemiAuto.WaitingForOperator;1
28566;PRG_03_Modes_Cycle.instCycleSemiAuto.WaitingForOperator;1
28668;PRG_03_Modes_Cycle.instCycleSemiAuto.WaitingForOperator;1
28768;PRG_03_Modes_Cycle.instCycleSemiAuto.WaitingForOperator;1
28870;PRG_03_Modes_Cycle.instCycleSemiAuto.WaitingForOperator;1
28969;PRG_03_Modes_Cycle.instCycleSemiAuto.WaitingForOperator;1
29069;PRG_03_Modes_Cycle.instCycleSemiAuto.WaitingForOperator;1
29171;PRG_03_Modes_Cycle.instCycleSemiAuto.WaitingForOperator;1
29272;PRG_03_Modes_Cycle.instCycleSemiAuto.WaitingForOperator;1
29371;PRG_03_Modes_Cycle.instCycleSemiAuto.WaitingForOperator;1
29473;PRG_03_Modes_Cycle.instCycleSemiAuto.WaitingForOperator;1
29572;PRG_03_Modes_Cycle.instCycleSemiAuto.WaitingForOperator;1
29672;PRG_03_Modes_Cycle.instCycleSemiAuto.WaitingForOperator;1
29773;PRG_03_Modes_Cycle.instCycleSemiAuto.WaitingForOperator;1
29872;PRG_03_Modes_Cycle.instCycleSemiAuto.WaitingForOperator;1
29972;PRG_03_Modes_Cycle.instCycleSemiAuto.WaitingForOperator;1
30072;PRG_03_Modes_Cycle.instCycleSemiAuto.WaitingForOperator;1
30173;PRG_03_Modes_Cycle.instCycleSemiAuto.WaitingForOperator;1
30275;PRG_03_Modes_Cycle.instCycleSemiAuto.WaitingForOperator;1
30377;PRG_03_Modes_Cycle.instCycleSemiAuto.WaitingForOperator;1
30476;PRG_03_Modes_Cycle.instCycleSemiAuto.WaitingForOperator;1
30576;PRG_03_Modes_Cycle.instCycleSemiAuto.WaitingForOperator;1
30676;PRG_03_Modes_Cycle.instCycleSemiAuto.WaitingForOperator;1
30776;PRG_03_Modes_Cycle.instCycleSemiAuto.WaitingForOperator;1
30877;PRG_03_Modes_Cycle.instCycleSemiAuto.WaitingForOperator;1
30978;PRG_03_Modes_Cycle.instCycleSemiAuto.WaitingForOperator;1
31078;PRG_03_Modes_Cycle.instCycleSemiAuto.WaitingForOperator;1
31179;PRG_03_Modes_Cycle.instCycleSemiAuto.WaitingForOperator;1
31280;PRG_03_Modes_Cycle.instCycleSemiAuto.WaitingForOperator;1
31380;PRG_03_Modes_Cycle.instCycleSemiAuto.WaitingForOperator;1
31480;PRG_03_Modes_Cycle.instCycleSemiAuto.WaitingForOperator;1
31581;PRG_03_Modes_Cycle.instCycleSemiAuto.WaitingForOperator;1
31681;PRG_03_Modes_Cycle.instCycleSemiAuto.WaitingForOperator;1
3;PRG_03_Modes_Cycle.instCycleSemiAuto.WaitingForProcess;0
104;PRG_03_Modes_Cycle.instCycleSemiAuto.WaitingForProcess;0
204;PRG_03_Modes_Cycle.instCycleSemiAuto.WaitingForProcess;0
305;PRG_03_Modes_Cycle.instCycleSemiAuto.WaitingForProcess;0
406;PRG_03_Modes_Cycle.instCycleSemiAuto.WaitingForProcess;0
507;PRG_03_Modes_Cycle.instCycleSemiAuto.WaitingForProcess;0
607;PRG_03_Modes_Cycle.instCycleSemiAuto.WaitingForProcess;0
708;PRG_03_Modes_Cycle.instCycleSemiAuto.WaitingForProcess;0
809;PRG_03_Modes_Cycle.instCycleSemiAuto.WaitingForProcess;0
909;PRG_03_Modes_Cycle.instCycleSemiAuto.WaitingForProcess;0
1009;PRG_03_Modes_Cycle.instCycleSemiAuto.WaitingForProcess;0
1110;PRG_03_Modes_Cycle.instCycleSemiAuto.WaitingForProcess;0
1210;PRG_03_Modes_Cycle.instCycleSemiAuto.WaitingForProcess;0
1310;PRG_03_Modes_Cycle.instCycleSemiAuto.WaitingForProcess;0
1411;PRG_03_Modes_Cycle.instCycleSemiAuto.WaitingForProcess;0
1513;PRG_03_Modes_Cycle.instCycleSemiAuto.WaitingForProcess;0
1613;PRG_03_Modes_Cycle.instCycleSemiAuto.WaitingForProcess;0
1713;PRG_03_Modes_Cycle.instCycleSemiAuto.WaitingForProcess;0
1814;PRG_03_Modes_Cycle.instCycleSemiAuto.WaitingForProcess;0
1914;PRG_03_Modes_Cycle.instCycleSemiAuto.WaitingForProcess;0
2015;PRG_03_Modes_Cycle.instCycleSemiAuto.WaitingForProcess;0
2115;PRG_03_Modes_Cycle.instCycleSemiAuto.WaitingForProcess;0
2216;PRG_03_Modes_Cycle.instCycleSemiAuto.WaitingForProcess;0
2318;PRG_03_Modes_Cycle.instCycleSemiAuto.WaitingForProcess;0
2419;PRG_03_Modes_Cycle.instCycleSemiAuto.WaitingForProcess;0
2519;PRG_03_Modes_Cycle.instCycleSemiAuto.WaitingForProcess;0
2620;PRG_03_Modes_Cycle.instCycleSemiAuto.WaitingForProcess;0
2722;PRG_03_Modes_Cycle.instCycleSemiAuto.WaitingForProcess;0
2821;PRG_03_Modes_Cycle.instCycleSemiAuto.WaitingForProcess;0
2921;PRG_03_Modes_Cycle.instCycleSemiAuto.WaitingForProcess;0
3022;PRG_03_Modes_Cycle.instCycleSemiAuto.WaitingForProcess;0
3123;PRG_03_Modes_Cycle.instCycleSemiAuto.WaitingForProcess;0
3224;PRG_03_Modes_Cycle.instCycleSemiAuto.WaitingForProcess;0
3326;PRG_03_Modes_Cycle.instCycleSemiAuto.WaitingForProcess;0
3426;PRG_03_Modes_Cycle.instCycleSemiAuto.WaitingForProcess;0
3527;PRG_03_Modes_Cycle.instCycleSemiAuto.WaitingForProcess;0
3626;PRG_03_Modes_Cycle.instCycleSemiAuto.WaitingForProcess;0
3726;PRG_03_Modes_Cycle.instCycleSemiAuto.WaitingForProcess;0
3827;PRG_03_Modes_Cycle.instCycleSemiAuto.WaitingForProcess;0
3929;PRG_03_Modes_Cycle.instCycleSemiAuto.WaitingForProcess;0
4028;PRG_03_Modes_Cycle.instCycleSemiAuto.WaitingForProcess;0
4129;PRG_03_Modes_Cycle.instCycleSemiAuto.WaitingForProcess;0
4229;PRG_03_Modes_Cycle.instCycleSemiAuto.WaitingForProcess;0
4329;PRG_03_Modes_Cycle.instCycleSemiAuto.WaitingForProcess;0
4431;PRG_03_Modes_Cycle.instCycleSemiAuto.WaitingForProcess;0
4530;PRG_03_Modes_Cycle.instCycleSemiAuto.WaitingForProcess;0
4630;PRG_03_Modes_Cycle.instCycleSemiAuto.WaitingForProcess;0
4732;PRG_03_Modes_Cycle.instCycleSemiAuto.WaitingForProcess;0
4832;PRG_03_Modes_Cycle.instCycleSemiAuto.WaitingForProcess;0
4933;PRG_03_Modes_Cycle.instCycleSemiAuto.WaitingForProcess;0
5034;PRG_03_Modes_Cycle.instCycleSemiAuto.WaitingForProcess;0
5135;PRG_03_Modes_Cycle.instCycleSemiAuto.WaitingForProcess;0
5236;PRG_03_Modes_Cycle.instCycleSemiAuto.WaitingForProcess;0
5336;PRG_03_Modes_Cycle.instCycleSemiAuto.WaitingForProcess;0
5436;PRG_03_Modes_Cycle.instCycleSemiAuto.WaitingForProcess;0
5536;PRG_03_Modes_Cycle.instCycleSemiAuto.WaitingForProcess;0
5637;PRG_03_Modes_Cycle.instCycleSemiAuto.WaitingForProcess;0
5737;PRG_03_Modes_Cycle.instCycleSemiAuto.WaitingForProcess;0
5837;PRG_03_Modes_Cycle.instCycleSemiAuto.WaitingForProcess;0
5937;PRG_03_Modes_Cycle.instCycleSemiAuto.WaitingForProcess;0
6039;PRG_03_Modes_Cycle.instCycleSemiAuto.WaitingForProcess;0
6139;PRG_03_Modes_Cycle.instCycleSemiAuto.WaitingForProcess;0
6240;PRG_03_Modes_Cycle.instCycleSemiAuto.WaitingForProcess;0
6342;PRG_03_Modes_Cycle.instCycleSemiAuto.WaitingForProcess;0
6442;PRG_03_Modes_Cycle.instCycleSemiAuto.WaitingForProcess;0
6543;PRG_03_Modes_Cycle.instCycleSemiAuto.WaitingForProcess;0
6645;PRG_03_Modes_Cycle.instCycleSemiAuto.WaitingForProcess;0
6746;PRG_03_Modes_Cycle.instCycleSemiAuto.WaitingForProcess;0
6846;PRG_03_Modes_Cycle.instCycleSemiAuto.WaitingForProcess;0
6946;PRG_03_Modes_Cycle.instCycleSemiAuto.WaitingForProcess;0
7047;PRG_03_Modes_Cycle.instCycleSemiAuto.WaitingForProcess;0
7148;PRG_03_Modes_Cycle.instCycleSemiAuto.WaitingForProcess;0
7250;PRG_03_Modes_Cycle.instCycleSemiAuto.WaitingForProcess;0
7349;PRG_03_Modes_Cycle.instCycleSemiAuto.WaitingForProcess;0
7450;PRG_03_Modes_Cycle.instCycleSemiAuto.WaitingForProcess;0
7550;PRG_03_Modes_Cycle.instCycleSemiAuto.WaitingForProcess;0
7650;PRG_03_Modes_Cycle.instCycleSemiAuto.WaitingForProcess;0
7751;PRG_03_Modes_Cycle.instCycleSemiAuto.WaitingForProcess;0
7851;PRG_03_Modes_Cycle.instCycleSemiAuto.WaitingForProcess;0
7953;PRG_03_Modes_Cycle.instCycleSemiAuto.WaitingForProcess;0
8054;PRG_03_Modes_Cycle.instCycleSemiAuto.WaitingForProcess;0
8154;PRG_03_Modes_Cycle.instCycleSemiAuto.WaitingForProcess;0
8254;PRG_03_Modes_Cycle.instCycleSemiAuto.WaitingForProcess;0
8355;PRG_03_Modes_Cycle.instCycleSemiAuto.WaitingForProcess;0
8454;PRG_03_Modes_Cycle.instCycleSemiAuto.WaitingForProcess;0
8554;PRG_03_Modes_Cycle.instCycleSemiAuto.WaitingForProcess;0
8654;PRG_03_Modes_Cycle.instCycleSemiAuto.WaitingForProcess;0
8754;PRG_03_Modes_Cycle.instCycleSemiAuto.WaitingForProcess;0
8854;PRG_03_Modes_Cycle.instCycleSemiAuto.WaitingForProcess;0
8954;PRG_03_Modes_Cycle.instCycleSemiAuto.WaitingForProcess;0
9055;PRG_03_Modes_Cycle.instCycleSemiAuto.WaitingForProcess;0
9155;PRG_03_Modes_Cycle.instCycleSemiAuto.WaitingForProcess;0
9256;PRG_03_Modes_Cycle.instCycleSemiAuto.WaitingForProcess;1
9357;PRG_03_Modes_Cycle.instCycleSemiAuto.WaitingForProcess;1
9457;PRG_03_Modes_Cycle.instCycleSemiAuto.WaitingForProcess;1
9557;PRG_03_Modes_Cycle.instCycleSemiAuto.WaitingForProcess;1
9658;PRG_03_Modes_Cycle.instCycleSemiAuto.WaitingForProcess;1
9758;PRG_03_Modes_Cycle.instCycleSemiAuto.WaitingForProcess;1
9858;PRG_03_Modes_Cycle.instCycleSemiAuto.WaitingForProcess;1
9958;PRG_03_Modes_Cycle.instCycleSemiAuto.WaitingForProcess;1
10059;PRG_03_Modes_Cycle.instCycleSemiAuto.WaitingForProcess;1
10160;PRG_03_Modes_Cycle.instCycleSemiAuto.WaitingForProcess;1
10259;PRG_03_Modes_Cycle.instCycleSemiAuto.WaitingForProcess;1
10360;PRG_03_Modes_Cycle.instCycleSemiAuto.WaitingForProcess;1
10461;PRG_03_Modes_Cycle.instCycleSemiAuto.WaitingForProcess;1
10562;PRG_03_Modes_Cycle.instCycleSemiAuto.WaitingForProcess;1
10661;PRG_03_Modes_Cycle.instCycleSemiAuto.WaitingForProcess;1
10761;PRG_03_Modes_Cycle.instCycleSemiAuto.WaitingForProcess;1
10863;PRG_03_Modes_Cycle.instCycleSemiAuto.WaitingForProcess;1
10964;PRG_03_Modes_Cycle.instCycleSemiAuto.WaitingForProcess;1
11065;PRG_03_Modes_Cycle.instCycleSemiAuto.WaitingForProcess;1
11165;PRG_03_Modes_Cycle.instCycleSemiAuto.WaitingForProcess;1
11266;PRG_03_Modes_Cycle.instCycleSemiAuto.WaitingForProcess;1
11365;PRG_03_Modes_Cycle.instCycleSemiAuto.WaitingForProcess;1
11465;PRG_03_Modes_Cycle.instCycleSemiAuto.WaitingForProcess;1
11566;PRG_03_Modes_Cycle.instCycleSemiAuto.WaitingForProcess;1
11666;PRG_03_Modes_Cycle.instCycleSemiAuto.WaitingForProcess;1
11765;PRG_03_Modes_Cycle.instCycleSemiAuto.WaitingForProcess;1
11866;PRG_03_Modes_Cycle.instCycleSemiAuto.WaitingForProcess;1
11966;PRG_03_Modes_Cycle.instCycleSemiAuto.WaitingForProcess;1
12067;PRG_03_Modes_Cycle.instCycleSemiAuto.WaitingForProcess;1
12167;PRG_03_Modes_Cycle.instCycleSemiAuto.WaitingForProcess;1
12267;PRG_03_Modes_Cycle.instCycleSemiAuto.WaitingForProcess;1
12368;PRG_03_Modes_Cycle.instCycleSemiAuto.WaitingForProcess;1
12467;PRG_03_Modes_Cycle.instCycleSemiAuto.WaitingForProcess;1
12570;PRG_03_Modes_Cycle.instCycleSemiAuto.WaitingForProcess;1
12669;PRG_03_Modes_Cycle.instCycleSemiAuto.WaitingForProcess;1
12770;PRG_03_Modes_Cycle.instCycleSemiAuto.WaitingForProcess;1
12872;PRG_03_Modes_Cycle.instCycleSemiAuto.WaitingForProcess;1
12972;PRG_03_Modes_Cycle.instCycleSemiAuto.WaitingForProcess;1
13073;PRG_03_Modes_Cycle.instCycleSemiAuto.WaitingForProcess;1
13175;PRG_03_Modes_Cycle.instCycleSemiAuto.WaitingForProcess;1
13275;PRG_03_Modes_Cycle.instCycleSemiAuto.WaitingForProcess;1
13378;PRG_03_Modes_Cycle.instCycleSemiAuto.WaitingForProcess;1
13478;PRG_03_Modes_Cycle.instCycleSemiAuto.WaitingForProcess;1
13577;PRG_03_Modes_Cycle.instCycleSemiAuto.WaitingForProcess;1
13676;PRG_03_Modes_Cycle.instCycleSemiAuto.WaitingForProcess;1
13778;PRG_03_Modes_Cycle.instCycleSemiAuto.WaitingForProcess;1
13878;PRG_03_Modes_Cycle.instCycleSemiAuto.WaitingForProcess;1
13979;PRG_03_Modes_Cycle.instCycleSemiAuto.WaitingForProcess;1
14079;PRG_03_Modes_Cycle.instCycleSemiAuto.WaitingForProcess;1
14180;PRG_03_Modes_Cycle.instCycleSemiAuto.WaitingForProcess;1
14280;PRG_03_Modes_Cycle.instCycleSemiAuto.WaitingForProcess;1
14382;PRG_03_Modes_Cycle.instCycleSemiAuto.WaitingForProcess;1
14483;PRG_03_Modes_Cycle.instCycleSemiAuto.WaitingForProcess;1
14584;PRG_03_Modes_Cycle.instCycleSemiAuto.WaitingForProcess;1
14685;PRG_03_Modes_Cycle.instCycleSemiAuto.WaitingForProcess;1
14787;PRG_03_Modes_Cycle.instCycleSemiAuto.WaitingForProcess;1
14887;PRG_03_Modes_Cycle.instCycleSemiAuto.WaitingForProcess;1
14987;PRG_03_Modes_Cycle.instCycleSemiAuto.WaitingForProcess;1
15086;PRG_03_Modes_Cycle.instCycleSemiAuto.WaitingForProcess;1
15188;PRG_03_Modes_Cycle.instCycleSemiAuto.WaitingForProcess;1
15288;PRG_03_Modes_Cycle.instCycleSemiAuto.WaitingForProcess;1
15388;PRG_03_Modes_Cycle.instCycleSemiAuto.WaitingForProcess;1
15487;PRG_03_Modes_Cycle.instCycleSemiAuto.WaitingForProcess;1
15588;PRG_03_Modes_Cycle.instCycleSemiAuto.WaitingForProcess;1
15687;PRG_03_Modes_Cycle.instCycleSemiAuto.WaitingForProcess;1
15789;PRG_03_Modes_Cycle.instCycleSemiAuto.WaitingForProcess;1
15890;PRG_03_Modes_Cycle.instCycleSemiAuto.WaitingForProcess;1
15992;PRG_03_Modes_Cycle.instCycleSemiAuto.WaitingForProcess;1
16092;PRG_03_Modes_Cycle.instCycleSemiAuto.WaitingForProcess;1
16194;PRG_03_Modes_Cycle.instCycleSemiAuto.WaitingForProcess;1
16293;PRG_03_Modes_Cycle.instCycleSemiAuto.WaitingForProcess;1
16393;PRG_03_Modes_Cycle.instCycleSemiAuto.WaitingForProcess;1
16493;PRG_03_Modes_Cycle.instCycleSemiAuto.WaitingForProcess;1
16593;PRG_03_Modes_Cycle.instCycleSemiAuto.WaitingForProcess;1
16693;PRG_03_Modes_Cycle.instCycleSemiAuto.WaitingForProcess;1
16795;PRG_03_Modes_Cycle.instCycleSemiAuto.WaitingForProcess;1
16894;PRG_03_Modes_Cycle.instCycleSemiAuto.WaitingForProcess;1
16994;PRG_03_Modes_Cycle.instCycleSemiAuto.WaitingForProcess;1
17094;PRG_03_Modes_Cycle.instCycleSemiAuto.WaitingForProcess;1
17195;PRG_03_Modes_Cycle.instCycleSemiAuto.WaitingForProcess;1
17295;PRG_03_Modes_Cycle.instCycleSemiAuto.WaitingForProcess;1
17396;PRG_03_Modes_Cycle.instCycleSemiAuto.WaitingForProcess;1
17498;PRG_03_Modes_Cycle.instCycleSemiAuto.WaitingForProcess;1
17598;PRG_03_Modes_Cycle.instCycleSemiAuto.WaitingForProcess;1
17698;PRG_03_Modes_Cycle.instCycleSemiAuto.WaitingForProcess;1
17801;PRG_03_Modes_Cycle.instCycleSemiAuto.WaitingForProcess;1
17900;PRG_03_Modes_Cycle.instCycleSemiAuto.WaitingForProcess;1
18001;PRG_03_Modes_Cycle.instCycleSemiAuto.WaitingForProcess;1
18100;PRG_03_Modes_Cycle.instCycleSemiAuto.WaitingForProcess;1
18202;PRG_03_Modes_Cycle.instCycleSemiAuto.WaitingForProcess;1
18304;PRG_03_Modes_Cycle.instCycleSemiAuto.WaitingForProcess;1
18404;PRG_03_Modes_Cycle.instCycleSemiAuto.WaitingForProcess;1
18505;PRG_03_Modes_Cycle.instCycleSemiAuto.WaitingForProcess;1
18605;PRG_03_Modes_Cycle.instCycleSemiAuto.WaitingForProcess;1
18706;PRG_03_Modes_Cycle.instCycleSemiAuto.WaitingForProcess;1
18805;PRG_03_Modes_Cycle.instCycleSemiAuto.WaitingForProcess;1
18905;PRG_03_Modes_Cycle.instCycleSemiAuto.WaitingForProcess;1
19007;PRG_03_Modes_Cycle.instCycleSemiAuto.WaitingForProcess;1
19106;PRG_03_Modes_Cycle.instCycleSemiAuto.WaitingForProcess;1
19207;PRG_03_Modes_Cycle.instCycleSemiAuto.WaitingForProcess;1
19306;PRG_03_Modes_Cycle.instCycleSemiAuto.WaitingForProcess;1
19407;PRG_03_Modes_Cycle.instCycleSemiAuto.WaitingForProcess;1
19508;PRG_03_Modes_Cycle.instCycleSemiAuto.WaitingForProcess;1
19607;PRG_03_Modes_Cycle.instCycleSemiAuto.WaitingForProcess;1
19707;PRG_03_Modes_Cycle.instCycleSemiAuto.WaitingForProcess;1
19810;PRG_03_Modes_Cycle.instCycleSemiAuto.WaitingForProcess;1
19911;PRG_03_Modes_Cycle.instCycleSemiAuto.WaitingForProcess;1
20012;PRG_03_Modes_Cycle.instCycleSemiAuto.WaitingForProcess;1
20113;PRG_03_Modes_Cycle.instCycleSemiAuto.WaitingForProcess;1
20212;PRG_03_Modes_Cycle.instCycleSemiAuto.WaitingForProcess;1
20313;PRG_03_Modes_Cycle.instCycleSemiAuto.WaitingForProcess;1
20415;PRG_03_Modes_Cycle.instCycleSemiAuto.WaitingForProcess;1
20516;PRG_03_Modes_Cycle.instCycleSemiAuto.WaitingForProcess;1
20616;PRG_03_Modes_Cycle.instCycleSemiAuto.WaitingForProcess;1
20718;PRG_03_Modes_Cycle.instCycleSemiAuto.WaitingForProcess;1
20818;PRG_03_Modes_Cycle.instCycleSemiAuto.WaitingForProcess;1
20920;PRG_03_Modes_Cycle.instCycleSemiAuto.WaitingForProcess;1
21020;PRG_03_Modes_Cycle.instCycleSemiAuto.WaitingForProcess;1
21121;PRG_03_Modes_Cycle.instCycleSemiAuto.WaitingForProcess;1
21221;PRG_03_Modes_Cycle.instCycleSemiAuto.WaitingForProcess;1
21323;PRG_03_Modes_Cycle.instCycleSemiAuto.WaitingForProcess;1
21424;PRG_03_Modes_Cycle.instCycleSemiAuto.WaitingForProcess;1
21524;PRG_03_Modes_Cycle.instCycleSemiAuto.WaitingForProcess;1
21625;PRG_03_Modes_Cycle.instCycleSemiAuto.WaitingForProcess;1
21724;PRG_03_Modes_Cycle.instCycleSemiAuto.WaitingForProcess;1
21825;PRG_03_Modes_Cycle.instCycleSemiAuto.WaitingForProcess;1
21924;PRG_03_Modes_Cycle.instCycleSemiAuto.WaitingForProcess;1
22026;PRG_03_Modes_Cycle.instCycleSemiAuto.WaitingForProcess;1
22126;PRG_03_Modes_Cycle.instCycleSemiAuto.WaitingForProcess;1
22226;PRG_03_Modes_Cycle.instCycleSemiAuto.WaitingForProcess;1
22327;PRG_03_Modes_Cycle.instCycleSemiAuto.WaitingForProcess;1
22426;PRG_03_Modes_Cycle.instCycleSemiAuto.WaitingForProcess;1
22528;PRG_03_Modes_Cycle.instCycleSemiAuto.WaitingForProcess;1
22628;PRG_03_Modes_Cycle.instCycleSemiAuto.WaitingForProcess;1
22727;PRG_03_Modes_Cycle.instCycleSemiAuto.WaitingForProcess;1
22827;PRG_03_Modes_Cycle.instCycleSemiAuto.WaitingForProcess;1
22930;PRG_03_Modes_Cycle.instCycleSemiAuto.WaitingForProcess;1
23030;PRG_03_Modes_Cycle.instCycleSemiAuto.WaitingForProcess;1
23130;PRG_03_Modes_Cycle.instCycleSemiAuto.WaitingForProcess;1
23231;PRG_03_Modes_Cycle.instCycleSemiAuto.WaitingForProcess;1
23333;PRG_03_Modes_Cycle.instCycleSemiAuto.WaitingForProcess;1
23433;PRG_03_Modes_Cycle.instCycleSemiAuto.WaitingForProcess;1
23534;PRG_03_Modes_Cycle.instCycleSemiAuto.WaitingForProcess;1
23635;PRG_03_Modes_Cycle.instCycleSemiAuto.WaitingForProcess;1
23735;PRG_03_Modes_Cycle.instCycleSemiAuto.WaitingForProcess;1
23836;PRG_03_Modes_Cycle.instCycleSemiAuto.WaitingForProcess;1
23936;PRG_03_Modes_Cycle.instCycleSemiAuto.WaitingForProcess;1
24037;PRG_03_Modes_Cycle.instCycleSemiAuto.WaitingForProcess;1
24137;PRG_03_Modes_Cycle.instCycleSemiAuto.WaitingForProcess;1
24236;PRG_03_Modes_Cycle.instCycleSemiAuto.WaitingForProcess;1
24337;PRG_03_Modes_Cycle.instCycleSemiAuto.WaitingForProcess;0
24437;PRG_03_Modes_Cycle.instCycleSemiAuto.WaitingForProcess;0
24538;PRG_03_Modes_Cycle.instCycleSemiAuto.WaitingForProcess;0
24639;PRG_03_Modes_Cycle.instCycleSemiAuto.WaitingForProcess;0
24740;PRG_03_Modes_Cycle.instCycleSemiAuto.WaitingForProcess;0
24839;PRG_03_Modes_Cycle.instCycleSemiAuto.WaitingForProcess;0
24942;PRG_03_Modes_Cycle.instCycleSemiAuto.WaitingForProcess;0
25042;PRG_03_Modes_Cycle.instCycleSemiAuto.WaitingForProcess;0
25143;PRG_03_Modes_Cycle.instCycleSemiAuto.WaitingForProcess;0
25243;PRG_03_Modes_Cycle.instCycleSemiAuto.WaitingForProcess;0
25345;PRG_03_Modes_Cycle.instCycleSemiAuto.WaitingForProcess;0
25446;PRG_03_Modes_Cycle.instCycleSemiAuto.WaitingForProcess;0
25546;PRG_03_Modes_Cycle.instCycleSemiAuto.WaitingForProcess;0
25646;PRG_03_Modes_Cycle.instCycleSemiAuto.WaitingForProcess;0
25748;PRG_03_Modes_Cycle.instCycleSemiAuto.WaitingForProcess;0
25848;PRG_03_Modes_Cycle.instCycleSemiAuto.WaitingForProcess;0
25949;PRG_03_Modes_Cycle.instCycleSemiAuto.WaitingForProcess;0
26050;PRG_03_Modes_Cycle.instCycleSemiAuto.WaitingForProcess;0
26151;PRG_03_Modes_Cycle.instCycleSemiAuto.WaitingForProcess;0
26252;PRG_03_Modes_Cycle.instCycleSemiAuto.WaitingForProcess;0
26351;PRG_03_Modes_Cycle.instCycleSemiAuto.WaitingForProcess;0
26453;PRG_03_Modes_Cycle.instCycleSemiAuto.WaitingForProcess;0
26552;PRG_03_Modes_Cycle.instCycleSemiAuto.WaitingForProcess;0
26653;PRG_03_Modes_Cycle.instCycleSemiAuto.WaitingForProcess;0
26756;PRG_03_Modes_Cycle.instCycleSemiAuto.WaitingForProcess;0
26856;PRG_03_Modes_Cycle.instCycleSemiAuto.WaitingForProcess;0
26955;PRG_03_Modes_Cycle.instCycleSemiAuto.WaitingForProcess;0
27056;PRG_03_Modes_Cycle.instCycleSemiAuto.WaitingForProcess;0
27156;PRG_03_Modes_Cycle.instCycleSemiAuto.WaitingForProcess;0
27257;PRG_03_Modes_Cycle.instCycleSemiAuto.WaitingForProcess;0
27357;PRG_03_Modes_Cycle.instCycleSemiAuto.WaitingForProcess;0
27459;PRG_03_Modes_Cycle.instCycleSemiAuto.WaitingForProcess;0
27560;PRG_03_Modes_Cycle.instCycleSemiAuto.WaitingForProcess;0
27661;PRG_03_Modes_Cycle.instCycleSemiAuto.WaitingForProcess;0
27761;PRG_03_Modes_Cycle.instCycleSemiAuto.WaitingForProcess;0
27862;PRG_03_Modes_Cycle.instCycleSemiAuto.WaitingForProcess;0
27963;PRG_03_Modes_Cycle.instCycleSemiAuto.WaitingForProcess;0
28063;PRG_03_Modes_Cycle.instCycleSemiAuto.WaitingForProcess;0
28164;PRG_03_Modes_Cycle.instCycleSemiAuto.WaitingForProcess;0
28264;PRG_03_Modes_Cycle.instCycleSemiAuto.WaitingForProcess;0
28363;PRG_03_Modes_Cycle.instCycleSemiAuto.WaitingForProcess;0
28464;PRG_03_Modes_Cycle.instCycleSemiAuto.WaitingForProcess;0
28566;PRG_03_Modes_Cycle.instCycleSemiAuto.WaitingForProcess;0
28668;PRG_03_Modes_Cycle.instCycleSemiAuto.WaitingForProcess;0
28768;PRG_03_Modes_Cycle.instCycleSemiAuto.WaitingForProcess;0
28870;PRG_03_Modes_Cycle.instCycleSemiAuto.WaitingForProcess;0
28969;PRG_03_Modes_Cycle.instCycleSemiAuto.WaitingForProcess;0
29069;PRG_03_Modes_Cycle.instCycleSemiAuto.WaitingForProcess;0
29171;PRG_03_Modes_Cycle.instCycleSemiAuto.WaitingForProcess;0
29272;PRG_03_Modes_Cycle.instCycleSemiAuto.WaitingForProcess;0
29371;PRG_03_Modes_Cycle.instCycleSemiAuto.WaitingForProcess;0
29473;PRG_03_Modes_Cycle.instCycleSemiAuto.WaitingForProcess;0
29572;PRG_03_Modes_Cycle.instCycleSemiAuto.WaitingForProcess;0
29672;PRG_03_Modes_Cycle.instCycleSemiAuto.WaitingForProcess;0
29773;PRG_03_Modes_Cycle.instCycleSemiAuto.WaitingForProcess;0
29872;PRG_03_Modes_Cycle.instCycleSemiAuto.WaitingForProcess;0
29972;PRG_03_Modes_Cycle.instCycleSemiAuto.WaitingForProcess;0
30072;PRG_03_Modes_Cycle.instCycleSemiAuto.WaitingForProcess;0
30173;PRG_03_Modes_Cycle.instCycleSemiAuto.WaitingForProcess;0
30275;PRG_03_Modes_Cycle.instCycleSemiAuto.WaitingForProcess;0
30377;PRG_03_Modes_Cycle.instCycleSemiAuto.WaitingForProcess;0
30476;PRG_03_Modes_Cycle.instCycleSemiAuto.WaitingForProcess;0
30576;PRG_03_Modes_Cycle.instCycleSemiAuto.WaitingForProcess;0
30676;PRG_03_Modes_Cycle.instCycleSemiAuto.WaitingForProcess;0
30776;PRG_03_Modes_Cycle.instCycleSemiAuto.WaitingForProcess;0
30877;PRG_03_Modes_Cycle.instCycleSemiAuto.WaitingForProcess;0
30978;PRG_03_Modes_Cycle.instCycleSemiAuto.WaitingForProcess;0
31078;PRG_03_Modes_Cycle.instCycleSemiAuto.WaitingForProcess;0
31179;PRG_03_Modes_Cycle.instCycleSemiAuto.WaitingForProcess;0
31280;PRG_03_Modes_Cycle.instCycleSemiAuto.WaitingForProcess;0
31380;PRG_03_Modes_Cycle.instCycleSemiAuto.WaitingForProcess;0
31480;PRG_03_Modes_Cycle.instCycleSemiAuto.WaitingForProcess;0
31581;PRG_03_Modes_Cycle.instCycleSemiAuto.WaitingForProcess;0
31681;PRG_03_Modes_Cycle.instCycleSemiAuto.WaitingForProcess;0
3;PRG_03_Modes_Cycle.instCycleSemiAuto.Fault.Error;0
104;PRG_03_Modes_Cycle.instCycleSemiAuto.Fault.Error;0
204;PRG_03_Modes_Cycle.instCycleSemiAuto.Fault.Error;0
305;PRG_03_Modes_Cycle.instCycleSemiAuto.Fault.Error;0
406;PRG_03_Modes_Cycle.instCycleSemiAuto.Fault.Error;0
507;PRG_03_Modes_Cycle.instCycleSemiAuto.Fault.Error;0
607;PRG_03_Modes_Cycle.instCycleSemiAuto.Fault.Error;0
708;PRG_03_Modes_Cycle.instCycleSemiAuto.Fault.Error;0
809;PRG_03_Modes_Cycle.instCycleSemiAuto.Fault.Error;0
909;PRG_03_Modes_Cycle.instCycleSemiAuto.Fault.Error;0
1009;PRG_03_Modes_Cycle.instCycleSemiAuto.Fault.Error;0
1110;PRG_03_Modes_Cycle.instCycleSemiAuto.Fault.Error;0
1210;PRG_03_Modes_Cycle.instCycleSemiAuto.Fault.Error;0
1310;PRG_03_Modes_Cycle.instCycleSemiAuto.Fault.Error;0
1411;PRG_03_Modes_Cycle.instCycleSemiAuto.Fault.Error;0
1513;PRG_03_Modes_Cycle.instCycleSemiAuto.Fault.Error;0
1613;PRG_03_Modes_Cycle.instCycleSemiAuto.Fault.Error;0
1713;PRG_03_Modes_Cycle.instCycleSemiAuto.Fault.Error;0
1814;PRG_03_Modes_Cycle.instCycleSemiAuto.Fault.Error;0
1914;PRG_03_Modes_Cycle.instCycleSemiAuto.Fault.Error;0
2015;PRG_03_Modes_Cycle.instCycleSemiAuto.Fault.Error;0
2115;PRG_03_Modes_Cycle.instCycleSemiAuto.Fault.Error;0
2216;PRG_03_Modes_Cycle.instCycleSemiAuto.Fault.Error;0
2318;PRG_03_Modes_Cycle.instCycleSemiAuto.Fault.Error;0
2419;PRG_03_Modes_Cycle.instCycleSemiAuto.Fault.Error;0
2519;PRG_03_Modes_Cycle.instCycleSemiAuto.Fault.Error;0
2620;PRG_03_Modes_Cycle.instCycleSemiAuto.Fault.Error;0
2722;PRG_03_Modes_Cycle.instCycleSemiAuto.Fault.Error;0
2821;PRG_03_Modes_Cycle.instCycleSemiAuto.Fault.Error;0
2921;PRG_03_Modes_Cycle.instCycleSemiAuto.Fault.Error;0
3022;PRG_03_Modes_Cycle.instCycleSemiAuto.Fault.Error;0
3123;PRG_03_Modes_Cycle.instCycleSemiAuto.Fault.Error;0
3224;PRG_03_Modes_Cycle.instCycleSemiAuto.Fault.Error;0
3326;PRG_03_Modes_Cycle.instCycleSemiAuto.Fault.Error;0
3426;PRG_03_Modes_Cycle.instCycleSemiAuto.Fault.Error;0
3527;PRG_03_Modes_Cycle.instCycleSemiAuto.Fault.Error;0
3626;PRG_03_Modes_Cycle.instCycleSemiAuto.Fault.Error;0
3726;PRG_03_Modes_Cycle.instCycleSemiAuto.Fault.Error;0
3827;PRG_03_Modes_Cycle.instCycleSemiAuto.Fault.Error;0
3929;PRG_03_Modes_Cycle.instCycleSemiAuto.Fault.Error;0
4028;PRG_03_Modes_Cycle.instCycleSemiAuto.Fault.Error;0
4129;PRG_03_Modes_Cycle.instCycleSemiAuto.Fault.Error;0
4229;PRG_03_Modes_Cycle.instCycleSemiAuto.Fault.Error;0
4329;PRG_03_Modes_Cycle.instCycleSemiAuto.Fault.Error;0
4431;PRG_03_Modes_Cycle.instCycleSemiAuto.Fault.Error;0
4530;PRG_03_Modes_Cycle.instCycleSemiAuto.Fault.Error;0
4630;PRG_03_Modes_Cycle.instCycleSemiAuto.Fault.Error;0
4732;PRG_03_Modes_Cycle.instCycleSemiAuto.Fault.Error;0
4832;PRG_03_Modes_Cycle.instCycleSemiAuto.Fault.Error;0
4933;PRG_03_Modes_Cycle.instCycleSemiAuto.Fault.Error;0
5034;PRG_03_Modes_Cycle.instCycleSemiAuto.Fault.Error;0
5135;PRG_03_Modes_Cycle.instCycleSemiAuto.Fault.Error;0
5236;PRG_03_Modes_Cycle.instCycleSemiAuto.Fault.Error;0
5336;PRG_03_Modes_Cycle.instCycleSemiAuto.Fault.Error;0
5436;PRG_03_Modes_Cycle.instCycleSemiAuto.Fault.Error;0
5536;PRG_03_Modes_Cycle.instCycleSemiAuto.Fault.Error;0
5637;PRG_03_Modes_Cycle.instCycleSemiAuto.Fault.Error;0
5737;PRG_03_Modes_Cycle.instCycleSemiAuto.Fault.Error;0
5837;PRG_03_Modes_Cycle.instCycleSemiAuto.Fault.Error;0
5937;PRG_03_Modes_Cycle.instCycleSemiAuto.Fault.Error;0
6039;PRG_03_Modes_Cycle.instCycleSemiAuto.Fault.Error;0
6139;PRG_03_Modes_Cycle.instCycleSemiAuto.Fault.Error;0
6240;PRG_03_Modes_Cycle.instCycleSemiAuto.Fault.Error;0
6342;PRG_03_Modes_Cycle.instCycleSemiAuto.Fault.Error;0
6442;PRG_03_Modes_Cycle.instCycleSemiAuto.Fault.Error;0
6543;PRG_03_Modes_Cycle.instCycleSemiAuto.Fault.Error;0
6645;PRG_03_Modes_Cycle.instCycleSemiAuto.Fault.Error;0
6746;PRG_03_Modes_Cycle.instCycleSemiAuto.Fault.Error;0
6846;PRG_03_Modes_Cycle.instCycleSemiAuto.Fault.Error;0
6946;PRG_03_Modes_Cycle.instCycleSemiAuto.Fault.Error;0
7047;PRG_03_Modes_Cycle.instCycleSemiAuto.Fault.Error;0
7148;PRG_03_Modes_Cycle.instCycleSemiAuto.Fault.Error;0
7250;PRG_03_Modes_Cycle.instCycleSemiAuto.Fault.Error;0
7349;PRG_03_Modes_Cycle.instCycleSemiAuto.Fault.Error;0
7450;PRG_03_Modes_Cycle.instCycleSemiAuto.Fault.Error;0
7550;PRG_03_Modes_Cycle.instCycleSemiAuto.Fault.Error;0
7650;PRG_03_Modes_Cycle.instCycleSemiAuto.Fault.Error;0
7751;PRG_03_Modes_Cycle.instCycleSemiAuto.Fault.Error;0
7851;PRG_03_Modes_Cycle.instCycleSemiAuto.Fault.Error;0
7953;PRG_03_Modes_Cycle.instCycleSemiAuto.Fault.Error;0
8054;PRG_03_Modes_Cycle.instCycleSemiAuto.Fault.Error;0
8154;PRG_03_Modes_Cycle.instCycleSemiAuto.Fault.Error;0
8254;PRG_03_Modes_Cycle.instCycleSemiAuto.Fault.Error;0
8355;PRG_03_Modes_Cycle.instCycleSemiAuto.Fault.Error;0
8454;PRG_03_Modes_Cycle.instCycleSemiAuto.Fault.Error;0
8554;PRG_03_Modes_Cycle.instCycleSemiAuto.Fault.Error;0
8654;PRG_03_Modes_Cycle.instCycleSemiAuto.Fault.Error;0
8754;PRG_03_Modes_Cycle.instCycleSemiAuto.Fault.Error;0
8854;PRG_03_Modes_Cycle.instCycleSemiAuto.Fault.Error;0
8954;PRG_03_Modes_Cycle.instCycleSemiAuto.Fault.Error;0
9055;PRG_03_Modes_Cycle.instCycleSemiAuto.Fault.Error;0
9155;PRG_03_Modes_Cycle.instCycleSemiAuto.Fault.Error;0
9256;PRG_03_Modes_Cycle.instCycleSemiAuto.Fault.Error;0
9357;PRG_03_Modes_Cycle.instCycleSemiAuto.Fault.Error;0
9457;PRG_03_Modes_Cycle.instCycleSemiAuto.Fault.Error;0
9557;PRG_03_Modes_Cycle.instCycleSemiAuto.Fault.Error;0
9658;PRG_03_Modes_Cycle.instCycleSemiAuto.Fault.Error;0
9758;PRG_03_Modes_Cycle.instCycleSemiAuto.Fault.Error;0
9858;PRG_03_Modes_Cycle.instCycleSemiAuto.Fault.Error;0
9958;PRG_03_Modes_Cycle.instCycleSemiAuto.Fault.Error;0
10059;PRG_03_Modes_Cycle.instCycleSemiAuto.Fault.Error;0
10160;PRG_03_Modes_Cycle.instCycleSemiAuto.Fault.Error;0
10259;PRG_03_Modes_Cycle.instCycleSemiAuto.Fault.Error;0
10360;PRG_03_Modes_Cycle.instCycleSemiAuto.Fault.Error;0
10461;PRG_03_Modes_Cycle.instCycleSemiAuto.Fault.Error;0
10562;PRG_03_Modes_Cycle.instCycleSemiAuto.Fault.Error;0
10661;PRG_03_Modes_Cycle.instCycleSemiAuto.Fault.Error;0
10761;PRG_03_Modes_Cycle.instCycleSemiAuto.Fault.Error;0
10863;PRG_03_Modes_Cycle.instCycleSemiAuto.Fault.Error;0
10964;PRG_03_Modes_Cycle.instCycleSemiAuto.Fault.Error;0
11065;PRG_03_Modes_Cycle.instCycleSemiAuto.Fault.Error;0
11165;PRG_03_Modes_Cycle.instCycleSemiAuto.Fault.Error;0
11266;PRG_03_Modes_Cycle.instCycleSemiAuto.Fault.Error;0
11365;PRG_03_Modes_Cycle.instCycleSemiAuto.Fault.Error;0
11465;PRG_03_Modes_Cycle.instCycleSemiAuto.Fault.Error;0
11566;PRG_03_Modes_Cycle.instCycleSemiAuto.Fault.Error;0
11666;PRG_03_Modes_Cycle.instCycleSemiAuto.Fault.Error;0
11765;PRG_03_Modes_Cycle.instCycleSemiAuto.Fault.Error;0
11866;PRG_03_Modes_Cycle.instCycleSemiAuto.Fault.Error;0
11966;PRG_03_Modes_Cycle.instCycleSemiAuto.Fault.Error;0
12067;PRG_03_Modes_Cycle.instCycleSemiAuto.Fault.Error;0
12167;PRG_03_Modes_Cycle.instCycleSemiAuto.Fault.Error;0
12267;PRG_03_Modes_Cycle.instCycleSemiAuto.Fault.Error;0
12368;PRG_03_Modes_Cycle.instCycleSemiAuto.Fault.Error;0
12467;PRG_03_Modes_Cycle.instCycleSemiAuto.Fault.Error;0
12570;PRG_03_Modes_Cycle.instCycleSemiAuto.Fault.Error;0
12669;PRG_03_Modes_Cycle.instCycleSemiAuto.Fault.Error;0
12770;PRG_03_Modes_Cycle.instCycleSemiAuto.Fault.Error;0
12872;PRG_03_Modes_Cycle.instCycleSemiAuto.Fault.Error;0
12972;PRG_03_Modes_Cycle.instCycleSemiAuto.Fault.Error;0
13073;PRG_03_Modes_Cycle.instCycleSemiAuto.Fault.Error;0
13175;PRG_03_Modes_Cycle.instCycleSemiAuto.Fault.Error;0
13275;PRG_03_Modes_Cycle.instCycleSemiAuto.Fault.Error;0
13378;PRG_03_Modes_Cycle.instCycleSemiAuto.Fault.Error;0
13478;PRG_03_Modes_Cycle.instCycleSemiAuto.Fault.Error;0
13577;PRG_03_Modes_Cycle.instCycleSemiAuto.Fault.Error;0
13676;PRG_03_Modes_Cycle.instCycleSemiAuto.Fault.Error;0
13778;PRG_03_Modes_Cycle.instCycleSemiAuto.Fault.Error;0
13878;PRG_03_Modes_Cycle.instCycleSemiAuto.Fault.Error;0
13979;PRG_03_Modes_Cycle.instCycleSemiAuto.Fault.Error;0
14079;PRG_03_Modes_Cycle.instCycleSemiAuto.Fault.Error;0
14180;PRG_03_Modes_Cycle.instCycleSemiAuto.Fault.Error;0
14280;PRG_03_Modes_Cycle.instCycleSemiAuto.Fault.Error;0
14382;PRG_03_Modes_Cycle.instCycleSemiAuto.Fault.Error;0
14483;PRG_03_Modes_Cycle.instCycleSemiAuto.Fault.Error;0
14584;PRG_03_Modes_Cycle.instCycleSemiAuto.Fault.Error;0
14685;PRG_03_Modes_Cycle.instCycleSemiAuto.Fault.Error;0
14787;PRG_03_Modes_Cycle.instCycleSemiAuto.Fault.Error;0
14887;PRG_03_Modes_Cycle.instCycleSemiAuto.Fault.Error;0
14987;PRG_03_Modes_Cycle.instCycleSemiAuto.Fault.Error;0
15086;PRG_03_Modes_Cycle.instCycleSemiAuto.Fault.Error;0
15188;PRG_03_Modes_Cycle.instCycleSemiAuto.Fault.Error;0
15288;PRG_03_Modes_Cycle.instCycleSemiAuto.Fault.Error;0
15388;PRG_03_Modes_Cycle.instCycleSemiAuto.Fault.Error;0
15487;PRG_03_Modes_Cycle.instCycleSemiAuto.Fault.Error;0
15588;PRG_03_Modes_Cycle.instCycleSemiAuto.Fault.Error;0
15687;PRG_03_Modes_Cycle.instCycleSemiAuto.Fault.Error;0
15789;PRG_03_Modes_Cycle.instCycleSemiAuto.Fault.Error;0
15890;PRG_03_Modes_Cycle.instCycleSemiAuto.Fault.Error;0
15992;PRG_03_Modes_Cycle.instCycleSemiAuto.Fault.Error;0
16092;PRG_03_Modes_Cycle.instCycleSemiAuto.Fault.Error;0
16194;PRG_03_Modes_Cycle.instCycleSemiAuto.Fault.Error;0
16293;PRG_03_Modes_Cycle.instCycleSemiAuto.Fault.Error;0
16393;PRG_03_Modes_Cycle.instCycleSemiAuto.Fault.Error;0
16493;PRG_03_Modes_Cycle.instCycleSemiAuto.Fault.Error;0
16593;PRG_03_Modes_Cycle.instCycleSemiAuto.Fault.Error;0
16693;PRG_03_Modes_Cycle.instCycleSemiAuto.Fault.Error;0
16795;PRG_03_Modes_Cycle.instCycleSemiAuto.Fault.Error;0
16894;PRG_03_Modes_Cycle.instCycleSemiAuto.Fault.Error;0
16994;PRG_03_Modes_Cycle.instCycleSemiAuto.Fault.Error;0
17094;PRG_03_Modes_Cycle.instCycleSemiAuto.Fault.Error;0
17195;PRG_03_Modes_Cycle.instCycleSemiAuto.Fault.Error;0
17295;PRG_03_Modes_Cycle.instCycleSemiAuto.Fault.Error;0
17396;PRG_03_Modes_Cycle.instCycleSemiAuto.Fault.Error;0
17498;PRG_03_Modes_Cycle.instCycleSemiAuto.Fault.Error;0
17598;PRG_03_Modes_Cycle.instCycleSemiAuto.Fault.Error;0
17698;PRG_03_Modes_Cycle.instCycleSemiAuto.Fault.Error;0
17801;PRG_03_Modes_Cycle.instCycleSemiAuto.Fault.Error;0
17900;PRG_03_Modes_Cycle.instCycleSemiAuto.Fault.Error;0
18001;PRG_03_Modes_Cycle.instCycleSemiAuto.Fault.Error;0
18100;PRG_03_Modes_Cycle.instCycleSemiAuto.Fault.Error;0
18202;PRG_03_Modes_Cycle.instCycleSemiAuto.Fault.Error;0
18304;PRG_03_Modes_Cycle.instCycleSemiAuto.Fault.Error;0
18404;PRG_03_Modes_Cycle.instCycleSemiAuto.Fault.Error;0
18505;PRG_03_Modes_Cycle.instCycleSemiAuto.Fault.Error;0
18605;PRG_03_Modes_Cycle.instCycleSemiAuto.Fault.Error;0
18706;PRG_03_Modes_Cycle.instCycleSemiAuto.Fault.Error;0
18805;PRG_03_Modes_Cycle.instCycleSemiAuto.Fault.Error;0
18905;PRG_03_Modes_Cycle.instCycleSemiAuto.Fault.Error;0
19007;PRG_03_Modes_Cycle.instCycleSemiAuto.Fault.Error;0
19106;PRG_03_Modes_Cycle.instCycleSemiAuto.Fault.Error;0
19207;PRG_03_Modes_Cycle.instCycleSemiAuto.Fault.Error;0
19306;PRG_03_Modes_Cycle.instCycleSemiAuto.Fault.Error;0
19407;PRG_03_Modes_Cycle.instCycleSemiAuto.Fault.Error;0
19508;PRG_03_Modes_Cycle.instCycleSemiAuto.Fault.Error;0
19607;PRG_03_Modes_Cycle.instCycleSemiAuto.Fault.Error;0
19707;PRG_03_Modes_Cycle.instCycleSemiAuto.Fault.Error;0
19810;PRG_03_Modes_Cycle.instCycleSemiAuto.Fault.Error;0
19911;PRG_03_Modes_Cycle.instCycleSemiAuto.Fault.Error;0
20012;PRG_03_Modes_Cycle.instCycleSemiAuto.Fault.Error;0
20113;PRG_03_Modes_Cycle.instCycleSemiAuto.Fault.Error;0
20212;PRG_03_Modes_Cycle.instCycleSemiAuto.Fault.Error;0
20313;PRG_03_Modes_Cycle.instCycleSemiAuto.Fault.Error;0
20415;PRG_03_Modes_Cycle.instCycleSemiAuto.Fault.Error;0
20516;PRG_03_Modes_Cycle.instCycleSemiAuto.Fault.Error;0
20616;PRG_03_Modes_Cycle.instCycleSemiAuto.Fault.Error;0
20718;PRG_03_Modes_Cycle.instCycleSemiAuto.Fault.Error;0
20818;PRG_03_Modes_Cycle.instCycleSemiAuto.Fault.Error;0
20920;PRG_03_Modes_Cycle.instCycleSemiAuto.Fault.Error;0
21020;PRG_03_Modes_Cycle.instCycleSemiAuto.Fault.Error;0
21121;PRG_03_Modes_Cycle.instCycleSemiAuto.Fault.Error;0
21221;PRG_03_Modes_Cycle.instCycleSemiAuto.Fault.Error;0
21323;PRG_03_Modes_Cycle.instCycleSemiAuto.Fault.Error;0
21424;PRG_03_Modes_Cycle.instCycleSemiAuto.Fault.Error;0
21524;PRG_03_Modes_Cycle.instCycleSemiAuto.Fault.Error;0
21625;PRG_03_Modes_Cycle.instCycleSemiAuto.Fault.Error;0
21724;PRG_03_Modes_Cycle.instCycleSemiAuto.Fault.Error;0
21825;PRG_03_Modes_Cycle.instCycleSemiAuto.Fault.Error;0
21924;PRG_03_Modes_Cycle.instCycleSemiAuto.Fault.Error;0
22026;PRG_03_Modes_Cycle.instCycleSemiAuto.Fault.Error;0
22126;PRG_03_Modes_Cycle.instCycleSemiAuto.Fault.Error;0
22226;PRG_03_Modes_Cycle.instCycleSemiAuto.Fault.Error;0
22327;PRG_03_Modes_Cycle.instCycleSemiAuto.Fault.Error;0
22426;PRG_03_Modes_Cycle.instCycleSemiAuto.Fault.Error;0
22528;PRG_03_Modes_Cycle.instCycleSemiAuto.Fault.Error;0
22628;PRG_03_Modes_Cycle.instCycleSemiAuto.Fault.Error;0
22727;PRG_03_Modes_Cycle.instCycleSemiAuto.Fault.Error;0
22827;PRG_03_Modes_Cycle.instCycleSemiAuto.Fault.Error;0
22930;PRG_03_Modes_Cycle.instCycleSemiAuto.Fault.Error;0
23030;PRG_03_Modes_Cycle.instCycleSemiAuto.Fault.Error;0
23130;PRG_03_Modes_Cycle.instCycleSemiAuto.Fault.Error;0
23231;PRG_03_Modes_Cycle.instCycleSemiAuto.Fault.Error;0
23333;PRG_03_Modes_Cycle.instCycleSemiAuto.Fault.Error;0
23433;PRG_03_Modes_Cycle.instCycleSemiAuto.Fault.Error;0
23534;PRG_03_Modes_Cycle.instCycleSemiAuto.Fault.Error;0
23635;PRG_03_Modes_Cycle.instCycleSemiAuto.Fault.Error;0
23735;PRG_03_Modes_Cycle.instCycleSemiAuto.Fault.Error;0
23836;PRG_03_Modes_Cycle.instCycleSemiAuto.Fault.Error;0
23936;PRG_03_Modes_Cycle.instCycleSemiAuto.Fault.Error;0
24037;PRG_03_Modes_Cycle.instCycleSemiAuto.Fault.Error;0
24137;PRG_03_Modes_Cycle.instCycleSemiAuto.Fault.Error;0
24236;PRG_03_Modes_Cycle.instCycleSemiAuto.Fault.Error;0
24337;PRG_03_Modes_Cycle.instCycleSemiAuto.Fault.Error;0
24437;PRG_03_Modes_Cycle.instCycleSemiAuto.Fault.Error;0
24538;PRG_03_Modes_Cycle.instCycleSemiAuto.Fault.Error;0
24639;PRG_03_Modes_Cycle.instCycleSemiAuto.Fault.Error;0
24740;PRG_03_Modes_Cycle.instCycleSemiAuto.Fault.Error;0
24839;PRG_03_Modes_Cycle.instCycleSemiAuto.Fault.Error;0
24942;PRG_03_Modes_Cycle.instCycleSemiAuto.Fault.Error;0
25042;PRG_03_Modes_Cycle.instCycleSemiAuto.Fault.Error;0
25143;PRG_03_Modes_Cycle.instCycleSemiAuto.Fault.Error;0
25243;PRG_03_Modes_Cycle.instCycleSemiAuto.Fault.Error;0
25345;PRG_03_Modes_Cycle.instCycleSemiAuto.Fault.Error;0
25446;PRG_03_Modes_Cycle.instCycleSemiAuto.Fault.Error;0
25546;PRG_03_Modes_Cycle.instCycleSemiAuto.Fault.Error;0
25646;PRG_03_Modes_Cycle.instCycleSemiAuto.Fault.Error;0
25748;PRG_03_Modes_Cycle.instCycleSemiAuto.Fault.Error;0
25848;PRG_03_Modes_Cycle.instCycleSemiAuto.Fault.Error;0
25949;PRG_03_Modes_Cycle.instCycleSemiAuto.Fault.Error;0
26050;PRG_03_Modes_Cycle.instCycleSemiAuto.Fault.Error;0
26151;PRG_03_Modes_Cycle.instCycleSemiAuto.Fault.Error;0
26252;PRG_03_Modes_Cycle.instCycleSemiAuto.Fault.Error;0
26351;PRG_03_Modes_Cycle.instCycleSemiAuto.Fault.Error;0
26453;PRG_03_Modes_Cycle.instCycleSemiAuto.Fault.Error;0
26552;PRG_03_Modes_Cycle.instCycleSemiAuto.Fault.Error;0
26653;PRG_03_Modes_Cycle.instCycleSemiAuto.Fault.Error;0
26756;PRG_03_Modes_Cycle.instCycleSemiAuto.Fault.Error;0
26856;PRG_03_Modes_Cycle.instCycleSemiAuto.Fault.Error;0
26955;PRG_03_Modes_Cycle.instCycleSemiAuto.Fault.Error;0
27056;PRG_03_Modes_Cycle.instCycleSemiAuto.Fault.Error;0
27156;PRG_03_Modes_Cycle.instCycleSemiAuto.Fault.Error;0
27257;PRG_03_Modes_Cycle.instCycleSemiAuto.Fault.Error;0
27357;PRG_03_Modes_Cycle.instCycleSemiAuto.Fault.Error;0
27459;PRG_03_Modes_Cycle.instCycleSemiAuto.Fault.Error;0
27560;PRG_03_Modes_Cycle.instCycleSemiAuto.Fault.Error;0
27661;PRG_03_Modes_Cycle.instCycleSemiAuto.Fault.Error;0
27761;PRG_03_Modes_Cycle.instCycleSemiAuto.Fault.Error;0
27862;PRG_03_Modes_Cycle.instCycleSemiAuto.Fault.Error;0
27963;PRG_03_Modes_Cycle.instCycleSemiAuto.Fault.Error;0
28063;PRG_03_Modes_Cycle.instCycleSemiAuto.Fault.Error;0
28164;PRG_03_Modes_Cycle.instCycleSemiAuto.Fault.Error;0
28264;PRG_03_Modes_Cycle.instCycleSemiAuto.Fault.Error;0
28363;PRG_03_Modes_Cycle.instCycleSemiAuto.Fault.Error;0
28464;PRG_03_Modes_Cycle.instCycleSemiAuto.Fault.Error;0
28566;PRG_03_Modes_Cycle.instCycleSemiAuto.Fault.Error;0
28668;PRG_03_Modes_Cycle.instCycleSemiAuto.Fault.Error;0
28768;PRG_03_Modes_Cycle.instCycleSemiAuto.Fault.Error;0
28870;PRG_03_Modes_Cycle.instCycleSemiAuto.Fault.Error;0
28969;PRG_03_Modes_Cycle.instCycleSemiAuto.Fault.Error;0
29069;PRG_03_Modes_Cycle.instCycleSemiAuto.Fault.Error;0
29171;PRG_03_Modes_Cycle.instCycleSemiAuto.Fault.Error;0
29272;PRG_03_Modes_Cycle.instCycleSemiAuto.Fault.Error;0
29371;PRG_03_Modes_Cycle.instCycleSemiAuto.Fault.Error;0
29473;PRG_03_Modes_Cycle.instCycleSemiAuto.Fault.Error;0
29572;PRG_03_Modes_Cycle.instCycleSemiAuto.Fault.Error;0
29672;PRG_03_Modes_Cycle.instCycleSemiAuto.Fault.Error;0
29773;PRG_03_Modes_Cycle.instCycleSemiAuto.Fault.Error;0
29872;PRG_03_Modes_Cycle.instCycleSemiAuto.Fault.Error;0
29972;PRG_03_Modes_Cycle.instCycleSemiAuto.Fault.Error;0
30072;PRG_03_Modes_Cycle.instCycleSemiAuto.Fault.Error;0
30173;PRG_03_Modes_Cycle.instCycleSemiAuto.Fault.Error;0
30275;PRG_03_Modes_Cycle.instCycleSemiAuto.Fault.Error;0
30377;PRG_03_Modes_Cycle.instCycleSemiAuto.Fault.Error;0
30476;PRG_03_Modes_Cycle.instCycleSemiAuto.Fault.Error;0
30576;PRG_03_Modes_Cycle.instCycleSemiAuto.Fault.Error;0
30676;PRG_03_Modes_Cycle.instCycleSemiAuto.Fault.Error;0
30776;PRG_03_Modes_Cycle.instCycleSemiAuto.Fault.Error;0
30877;PRG_03_Modes_Cycle.instCycleSemiAuto.Fault.Error;0
30978;PRG_03_Modes_Cycle.instCycleSemiAuto.Fault.Error;0
31078;PRG_03_Modes_Cycle.instCycleSemiAuto.Fault.Error;0
31179;PRG_03_Modes_Cycle.instCycleSemiAuto.Fault.Error;0
31280;PRG_03_Modes_Cycle.instCycleSemiAuto.Fault.Error;0
31380;PRG_03_Modes_Cycle.instCycleSemiAuto.Fault.Error;0
31480;PRG_03_Modes_Cycle.instCycleSemiAuto.Fault.Error;0
31581;PRG_03_Modes_Cycle.instCycleSemiAuto.Fault.Error;0
31681;PRG_03_Modes_Cycle.instCycleSemiAuto.Fault.Error;0
3;PRG_02_Acquisition.Data.Joystick.DeadmanArmed;0
104;PRG_02_Acquisition.Data.Joystick.DeadmanArmed;0
204;PRG_02_Acquisition.Data.Joystick.DeadmanArmed;0
305;PRG_02_Acquisition.Data.Joystick.DeadmanArmed;0
406;PRG_02_Acquisition.Data.Joystick.DeadmanArmed;0
507;PRG_02_Acquisition.Data.Joystick.DeadmanArmed;0
607;PRG_02_Acquisition.Data.Joystick.DeadmanArmed;0
708;PRG_02_Acquisition.Data.Joystick.DeadmanArmed;0
809;PRG_02_Acquisition.Data.Joystick.DeadmanArmed;0
909;PRG_02_Acquisition.Data.Joystick.DeadmanArmed;0
1009;PRG_02_Acquisition.Data.Joystick.DeadmanArmed;0
1110;PRG_02_Acquisition.Data.Joystick.DeadmanArmed;0
1210;PRG_02_Acquisition.Data.Joystick.DeadmanArmed;0
1310;PRG_02_Acquisition.Data.Joystick.DeadmanArmed;0
1411;PRG_02_Acquisition.Data.Joystick.DeadmanArmed;0
1513;PRG_02_Acquisition.Data.Joystick.DeadmanArmed;0
1613;PRG_02_Acquisition.Data.Joystick.DeadmanArmed;0
1713;PRG_02_Acquisition.Data.Joystick.DeadmanArmed;0
1814;PRG_02_Acquisition.Data.Joystick.DeadmanArmed;0
1914;PRG_02_Acquisition.Data.Joystick.DeadmanArmed;0
2015;PRG_02_Acquisition.Data.Joystick.DeadmanArmed;0
2115;PRG_02_Acquisition.Data.Joystick.DeadmanArmed;0
2216;PRG_02_Acquisition.Data.Joystick.DeadmanArmed;0
2318;PRG_02_Acquisition.Data.Joystick.DeadmanArmed;0
2419;PRG_02_Acquisition.Data.Joystick.DeadmanArmed;0
2519;PRG_02_Acquisition.Data.Joystick.DeadmanArmed;0
2620;PRG_02_Acquisition.Data.Joystick.DeadmanArmed;0
2722;PRG_02_Acquisition.Data.Joystick.DeadmanArmed;0
2821;PRG_02_Acquisition.Data.Joystick.DeadmanArmed;0
2921;PRG_02_Acquisition.Data.Joystick.DeadmanArmed;0
3022;PRG_02_Acquisition.Data.Joystick.DeadmanArmed;0
3123;PRG_02_Acquisition.Data.Joystick.DeadmanArmed;0
3224;PRG_02_Acquisition.Data.Joystick.DeadmanArmed;0
3326;PRG_02_Acquisition.Data.Joystick.DeadmanArmed;0
3426;PRG_02_Acquisition.Data.Joystick.DeadmanArmed;0
3527;PRG_02_Acquisition.Data.Joystick.DeadmanArmed;0
3626;PRG_02_Acquisition.Data.Joystick.DeadmanArmed;1
3726;PRG_02_Acquisition.Data.Joystick.DeadmanArmed;1
3827;PRG_02_Acquisition.Data.Joystick.DeadmanArmed;1
3929;PRG_02_Acquisition.Data.Joystick.DeadmanArmed;1
4028;PRG_02_Acquisition.Data.Joystick.DeadmanArmed;1
4129;PRG_02_Acquisition.Data.Joystick.DeadmanArmed;1
4229;PRG_02_Acquisition.Data.Joystick.DeadmanArmed;1
4329;PRG_02_Acquisition.Data.Joystick.DeadmanArmed;1
4431;PRG_02_Acquisition.Data.Joystick.DeadmanArmed;1
4530;PRG_02_Acquisition.Data.Joystick.DeadmanArmed;1
4630;PRG_02_Acquisition.Data.Joystick.DeadmanArmed;1
4732;PRG_02_Acquisition.Data.Joystick.DeadmanArmed;1
4832;PRG_02_Acquisition.Data.Joystick.DeadmanArmed;1
4933;PRG_02_Acquisition.Data.Joystick.DeadmanArmed;1
5034;PRG_02_Acquisition.Data.Joystick.DeadmanArmed;1
5135;PRG_02_Acquisition.Data.Joystick.DeadmanArmed;1
5236;PRG_02_Acquisition.Data.Joystick.DeadmanArmed;1
5336;PRG_02_Acquisition.Data.Joystick.DeadmanArmed;1
5436;PRG_02_Acquisition.Data.Joystick.DeadmanArmed;1
5536;PRG_02_Acquisition.Data.Joystick.DeadmanArmed;1
5637;PRG_02_Acquisition.Data.Joystick.DeadmanArmed;1
5737;PRG_02_Acquisition.Data.Joystick.DeadmanArmed;1
5837;PRG_02_Acquisition.Data.Joystick.DeadmanArmed;1
5937;PRG_02_Acquisition.Data.Joystick.DeadmanArmed;1
6039;PRG_02_Acquisition.Data.Joystick.DeadmanArmed;1
6139;PRG_02_Acquisition.Data.Joystick.DeadmanArmed;1
6240;PRG_02_Acquisition.Data.Joystick.DeadmanArmed;1
6342;PRG_02_Acquisition.Data.Joystick.DeadmanArmed;1
6442;PRG_02_Acquisition.Data.Joystick.DeadmanArmed;1
6543;PRG_02_Acquisition.Data.Joystick.DeadmanArmed;1
6645;PRG_02_Acquisition.Data.Joystick.DeadmanArmed;1
6746;PRG_02_Acquisition.Data.Joystick.DeadmanArmed;1
6846;PRG_02_Acquisition.Data.Joystick.DeadmanArmed;1
6946;PRG_02_Acquisition.Data.Joystick.DeadmanArmed;1
7047;PRG_02_Acquisition.Data.Joystick.DeadmanArmed;1
7148;PRG_02_Acquisition.Data.Joystick.DeadmanArmed;1
7250;PRG_02_Acquisition.Data.Joystick.DeadmanArmed;1
7349;PRG_02_Acquisition.Data.Joystick.DeadmanArmed;1
7450;PRG_02_Acquisition.Data.Joystick.DeadmanArmed;1
7550;PRG_02_Acquisition.Data.Joystick.DeadmanArmed;1
7650;PRG_02_Acquisition.Data.Joystick.DeadmanArmed;1
7751;PRG_02_Acquisition.Data.Joystick.DeadmanArmed;1
7851;PRG_02_Acquisition.Data.Joystick.DeadmanArmed;1
7953;PRG_02_Acquisition.Data.Joystick.DeadmanArmed;1
8054;PRG_02_Acquisition.Data.Joystick.DeadmanArmed;1
8154;PRG_02_Acquisition.Data.Joystick.DeadmanArmed;1
8254;PRG_02_Acquisition.Data.Joystick.DeadmanArmed;1
8355;PRG_02_Acquisition.Data.Joystick.DeadmanArmed;1
8454;PRG_02_Acquisition.Data.Joystick.DeadmanArmed;1
8554;PRG_02_Acquisition.Data.Joystick.DeadmanArmed;1
8654;PRG_02_Acquisition.Data.Joystick.DeadmanArmed;1
8754;PRG_02_Acquisition.Data.Joystick.DeadmanArmed;1
8854;PRG_02_Acquisition.Data.Joystick.DeadmanArmed;1
8954;PRG_02_Acquisition.Data.Joystick.DeadmanArmed;1
9055;PRG_02_Acquisition.Data.Joystick.DeadmanArmed;0
9155;PRG_02_Acquisition.Data.Joystick.DeadmanArmed;0
9256;PRG_02_Acquisition.Data.Joystick.DeadmanArmed;1
9357;PRG_02_Acquisition.Data.Joystick.DeadmanArmed;1
9457;PRG_02_Acquisition.Data.Joystick.DeadmanArmed;1
9557;PRG_02_Acquisition.Data.Joystick.DeadmanArmed;1
9658;PRG_02_Acquisition.Data.Joystick.DeadmanArmed;1
9758;PRG_02_Acquisition.Data.Joystick.DeadmanArmed;1
9858;PRG_02_Acquisition.Data.Joystick.DeadmanArmed;1
9958;PRG_02_Acquisition.Data.Joystick.DeadmanArmed;1
10059;PRG_02_Acquisition.Data.Joystick.DeadmanArmed;1
10160;PRG_02_Acquisition.Data.Joystick.DeadmanArmed;1
10259;PRG_02_Acquisition.Data.Joystick.DeadmanArmed;1
10360;PRG_02_Acquisition.Data.Joystick.DeadmanArmed;1
10461;PRG_02_Acquisition.Data.Joystick.DeadmanArmed;1
10562;PRG_02_Acquisition.Data.Joystick.DeadmanArmed;1
10661;PRG_02_Acquisition.Data.Joystick.DeadmanArmed;1
10761;PRG_02_Acquisition.Data.Joystick.DeadmanArmed;1
10863;PRG_02_Acquisition.Data.Joystick.DeadmanArmed;1
10964;PRG_02_Acquisition.Data.Joystick.DeadmanArmed;1
11065;PRG_02_Acquisition.Data.Joystick.DeadmanArmed;1
11165;PRG_02_Acquisition.Data.Joystick.DeadmanArmed;1
11266;PRG_02_Acquisition.Data.Joystick.DeadmanArmed;1
11365;PRG_02_Acquisition.Data.Joystick.DeadmanArmed;1
11465;PRG_02_Acquisition.Data.Joystick.DeadmanArmed;1
11566;PRG_02_Acquisition.Data.Joystick.DeadmanArmed;1
11666;PRG_02_Acquisition.Data.Joystick.DeadmanArmed;1
11765;PRG_02_Acquisition.Data.Joystick.DeadmanArmed;1
11866;PRG_02_Acquisition.Data.Joystick.DeadmanArmed;1
11966;PRG_02_Acquisition.Data.Joystick.DeadmanArmed;1
12067;PRG_02_Acquisition.Data.Joystick.DeadmanArmed;1
12167;PRG_02_Acquisition.Data.Joystick.DeadmanArmed;1
12267;PRG_02_Acquisition.Data.Joystick.DeadmanArmed;1
12368;PRG_02_Acquisition.Data.Joystick.DeadmanArmed;1
12467;PRG_02_Acquisition.Data.Joystick.DeadmanArmed;1
12570;PRG_02_Acquisition.Data.Joystick.DeadmanArmed;1
12669;PRG_02_Acquisition.Data.Joystick.DeadmanArmed;1
12770;PRG_02_Acquisition.Data.Joystick.DeadmanArmed;1
12872;PRG_02_Acquisition.Data.Joystick.DeadmanArmed;1
12972;PRG_02_Acquisition.Data.Joystick.DeadmanArmed;1
13073;PRG_02_Acquisition.Data.Joystick.DeadmanArmed;1
13175;PRG_02_Acquisition.Data.Joystick.DeadmanArmed;1
13275;PRG_02_Acquisition.Data.Joystick.DeadmanArmed;1
13378;PRG_02_Acquisition.Data.Joystick.DeadmanArmed;1
13478;PRG_02_Acquisition.Data.Joystick.DeadmanArmed;1
13577;PRG_02_Acquisition.Data.Joystick.DeadmanArmed;1
13676;PRG_02_Acquisition.Data.Joystick.DeadmanArmed;1
13778;PRG_02_Acquisition.Data.Joystick.DeadmanArmed;1
13878;PRG_02_Acquisition.Data.Joystick.DeadmanArmed;1
13979;PRG_02_Acquisition.Data.Joystick.DeadmanArmed;1
14079;PRG_02_Acquisition.Data.Joystick.DeadmanArmed;1
14180;PRG_02_Acquisition.Data.Joystick.DeadmanArmed;1
14280;PRG_02_Acquisition.Data.Joystick.DeadmanArmed;1
14382;PRG_02_Acquisition.Data.Joystick.DeadmanArmed;1
14483;PRG_02_Acquisition.Data.Joystick.DeadmanArmed;1
14584;PRG_02_Acquisition.Data.Joystick.DeadmanArmed;1
14685;PRG_02_Acquisition.Data.Joystick.DeadmanArmed;1
14787;PRG_02_Acquisition.Data.Joystick.DeadmanArmed;1
14887;PRG_02_Acquisition.Data.Joystick.DeadmanArmed;1
14987;PRG_02_Acquisition.Data.Joystick.DeadmanArmed;1
15086;PRG_02_Acquisition.Data.Joystick.DeadmanArmed;1
15188;PRG_02_Acquisition.Data.Joystick.DeadmanArmed;1
15288;PRG_02_Acquisition.Data.Joystick.DeadmanArmed;1
15388;PRG_02_Acquisition.Data.Joystick.DeadmanArmed;1
15487;PRG_02_Acquisition.Data.Joystick.DeadmanArmed;1
15588;PRG_02_Acquisition.Data.Joystick.DeadmanArmed;1
15687;PRG_02_Acquisition.Data.Joystick.DeadmanArmed;1
15789;PRG_02_Acquisition.Data.Joystick.DeadmanArmed;1
15890;PRG_02_Acquisition.Data.Joystick.DeadmanArmed;1
15992;PRG_02_Acquisition.Data.Joystick.DeadmanArmed;1
16092;PRG_02_Acquisition.Data.Joystick.DeadmanArmed;1
16194;PRG_02_Acquisition.Data.Joystick.DeadmanArmed;1
16293;PRG_02_Acquisition.Data.Joystick.DeadmanArmed;1
16393;PRG_02_Acquisition.Data.Joystick.DeadmanArmed;1
16493;PRG_02_Acquisition.Data.Joystick.DeadmanArmed;1
16593;PRG_02_Acquisition.Data.Joystick.DeadmanArmed;1
16693;PRG_02_Acquisition.Data.Joystick.DeadmanArmed;1
16795;PRG_02_Acquisition.Data.Joystick.DeadmanArmed;1
16894;PRG_02_Acquisition.Data.Joystick.DeadmanArmed;1
16994;PRG_02_Acquisition.Data.Joystick.DeadmanArmed;1
17094;PRG_02_Acquisition.Data.Joystick.DeadmanArmed;1
17195;PRG_02_Acquisition.Data.Joystick.DeadmanArmed;1
17295;PRG_02_Acquisition.Data.Joystick.DeadmanArmed;1
17396;PRG_02_Acquisition.Data.Joystick.DeadmanArmed;1
17498;PRG_02_Acquisition.Data.Joystick.DeadmanArmed;1
17598;PRG_02_Acquisition.Data.Joystick.DeadmanArmed;1
17698;PRG_02_Acquisition.Data.Joystick.DeadmanArmed;1
17801;PRG_02_Acquisition.Data.Joystick.DeadmanArmed;1
17900;PRG_02_Acquisition.Data.Joystick.DeadmanArmed;1
18001;PRG_02_Acquisition.Data.Joystick.DeadmanArmed;1
18100;PRG_02_Acquisition.Data.Joystick.DeadmanArmed;1
18202;PRG_02_Acquisition.Data.Joystick.DeadmanArmed;1
18304;PRG_02_Acquisition.Data.Joystick.DeadmanArmed;1
18404;PRG_02_Acquisition.Data.Joystick.DeadmanArmed;1
18505;PRG_02_Acquisition.Data.Joystick.DeadmanArmed;1
18605;PRG_02_Acquisition.Data.Joystick.DeadmanArmed;1
18706;PRG_02_Acquisition.Data.Joystick.DeadmanArmed;1
18805;PRG_02_Acquisition.Data.Joystick.DeadmanArmed;1
18905;PRG_02_Acquisition.Data.Joystick.DeadmanArmed;1
19007;PRG_02_Acquisition.Data.Joystick.DeadmanArmed;1
19106;PRG_02_Acquisition.Data.Joystick.DeadmanArmed;1
19207;PRG_02_Acquisition.Data.Joystick.DeadmanArmed;1
19306;PRG_02_Acquisition.Data.Joystick.DeadmanArmed;1
19407;PRG_02_Acquisition.Data.Joystick.DeadmanArmed;1
19508;PRG_02_Acquisition.Data.Joystick.DeadmanArmed;1
19607;PRG_02_Acquisition.Data.Joystick.DeadmanArmed;1
19707;PRG_02_Acquisition.Data.Joystick.DeadmanArmed;1
19810;PRG_02_Acquisition.Data.Joystick.DeadmanArmed;1
19911;PRG_02_Acquisition.Data.Joystick.DeadmanArmed;1
20012;PRG_02_Acquisition.Data.Joystick.DeadmanArmed;1
20113;PRG_02_Acquisition.Data.Joystick.DeadmanArmed;1
20212;PRG_02_Acquisition.Data.Joystick.DeadmanArmed;1
20313;PRG_02_Acquisition.Data.Joystick.DeadmanArmed;1
20415;PRG_02_Acquisition.Data.Joystick.DeadmanArmed;1
20516;PRG_02_Acquisition.Data.Joystick.DeadmanArmed;1
20616;PRG_02_Acquisition.Data.Joystick.DeadmanArmed;1
20718;PRG_02_Acquisition.Data.Joystick.DeadmanArmed;1
20818;PRG_02_Acquisition.Data.Joystick.DeadmanArmed;1
20920;PRG_02_Acquisition.Data.Joystick.DeadmanArmed;1
21020;PRG_02_Acquisition.Data.Joystick.DeadmanArmed;1
21121;PRG_02_Acquisition.Data.Joystick.DeadmanArmed;1
21221;PRG_02_Acquisition.Data.Joystick.DeadmanArmed;1
21323;PRG_02_Acquisition.Data.Joystick.DeadmanArmed;1
21424;PRG_02_Acquisition.Data.Joystick.DeadmanArmed;1
21524;PRG_02_Acquisition.Data.Joystick.DeadmanArmed;1
21625;PRG_02_Acquisition.Data.Joystick.DeadmanArmed;1
21724;PRG_02_Acquisition.Data.Joystick.DeadmanArmed;1
21825;PRG_02_Acquisition.Data.Joystick.DeadmanArmed;1
21924;PRG_02_Acquisition.Data.Joystick.DeadmanArmed;1
22026;PRG_02_Acquisition.Data.Joystick.DeadmanArmed;1
22126;PRG_02_Acquisition.Data.Joystick.DeadmanArmed;1
22226;PRG_02_Acquisition.Data.Joystick.DeadmanArmed;1
22327;PRG_02_Acquisition.Data.Joystick.DeadmanArmed;1
22426;PRG_02_Acquisition.Data.Joystick.DeadmanArmed;1
22528;PRG_02_Acquisition.Data.Joystick.DeadmanArmed;1
22628;PRG_02_Acquisition.Data.Joystick.DeadmanArmed;1
22727;PRG_02_Acquisition.Data.Joystick.DeadmanArmed;1
22827;PRG_02_Acquisition.Data.Joystick.DeadmanArmed;1
22930;PRG_02_Acquisition.Data.Joystick.DeadmanArmed;1
23030;PRG_02_Acquisition.Data.Joystick.DeadmanArmed;1
23130;PRG_02_Acquisition.Data.Joystick.DeadmanArmed;1
23231;PRG_02_Acquisition.Data.Joystick.DeadmanArmed;1
23333;PRG_02_Acquisition.Data.Joystick.DeadmanArmed;1
23433;PRG_02_Acquisition.Data.Joystick.DeadmanArmed;1
23534;PRG_02_Acquisition.Data.Joystick.DeadmanArmed;1
23635;PRG_02_Acquisition.Data.Joystick.DeadmanArmed;1
23735;PRG_02_Acquisition.Data.Joystick.DeadmanArmed;1
23836;PRG_02_Acquisition.Data.Joystick.DeadmanArmed;1
23936;PRG_02_Acquisition.Data.Joystick.DeadmanArmed;1
24037;PRG_02_Acquisition.Data.Joystick.DeadmanArmed;1
24137;PRG_02_Acquisition.Data.Joystick.DeadmanArmed;1
24236;PRG_02_Acquisition.Data.Joystick.DeadmanArmed;1
24337;PRG_02_Acquisition.Data.Joystick.DeadmanArmed;1
24437;PRG_02_Acquisition.Data.Joystick.DeadmanArmed;1
24538;PRG_02_Acquisition.Data.Joystick.DeadmanArmed;1
24639;PRG_02_Acquisition.Data.Joystick.DeadmanArmed;1
24740;PRG_02_Acquisition.Data.Joystick.DeadmanArmed;1
24839;PRG_02_Acquisition.Data.Joystick.DeadmanArmed;1
24942;PRG_02_Acquisition.Data.Joystick.DeadmanArmed;1
25042;PRG_02_Acquisition.Data.Joystick.DeadmanArmed;1
25143;PRG_02_Acquisition.Data.Joystick.DeadmanArmed;1
25243;PRG_02_Acquisition.Data.Joystick.DeadmanArmed;1
25345;PRG_02_Acquisition.Data.Joystick.DeadmanArmed;1
25446;PRG_02_Acquisition.Data.Joystick.DeadmanArmed;1
25546;PRG_02_Acquisition.Data.Joystick.DeadmanArmed;1
25646;PRG_02_Acquisition.Data.Joystick.DeadmanArmed;1
25748;PRG_02_Acquisition.Data.Joystick.DeadmanArmed;1
25848;PRG_02_Acquisition.Data.Joystick.DeadmanArmed;1
25949;PRG_02_Acquisition.Data.Joystick.DeadmanArmed;1
26050;PRG_02_Acquisition.Data.Joystick.DeadmanArmed;1
26151;PRG_02_Acquisition.Data.Joystick.DeadmanArmed;1
26252;PRG_02_Acquisition.Data.Joystick.DeadmanArmed;1
26351;PRG_02_Acquisition.Data.Joystick.DeadmanArmed;1
26453;PRG_02_Acquisition.Data.Joystick.DeadmanArmed;1
26552;PRG_02_Acquisition.Data.Joystick.DeadmanArmed;1
26653;PRG_02_Acquisition.Data.Joystick.DeadmanArmed;1
26756;PRG_02_Acquisition.Data.Joystick.DeadmanArmed;1
26856;PRG_02_Acquisition.Data.Joystick.DeadmanArmed;1
26955;PRG_02_Acquisition.Data.Joystick.DeadmanArmed;1
27056;PRG_02_Acquisition.Data.Joystick.DeadmanArmed;1
27156;PRG_02_Acquisition.Data.Joystick.DeadmanArmed;1
27257;PRG_02_Acquisition.Data.Joystick.DeadmanArmed;1
27357;PRG_02_Acquisition.Data.Joystick.DeadmanArmed;1
27459;PRG_02_Acquisition.Data.Joystick.DeadmanArmed;1
27560;PRG_02_Acquisition.Data.Joystick.DeadmanArmed;1
27661;PRG_02_Acquisition.Data.Joystick.DeadmanArmed;1
27761;PRG_02_Acquisition.Data.Joystick.DeadmanArmed;1
27862;PRG_02_Acquisition.Data.Joystick.DeadmanArmed;1
27963;PRG_02_Acquisition.Data.Joystick.DeadmanArmed;1
28063;PRG_02_Acquisition.Data.Joystick.DeadmanArmed;1
28164;PRG_02_Acquisition.Data.Joystick.DeadmanArmed;1
28264;PRG_02_Acquisition.Data.Joystick.DeadmanArmed;1
28363;PRG_02_Acquisition.Data.Joystick.DeadmanArmed;1
28464;PRG_02_Acquisition.Data.Joystick.DeadmanArmed;1
28566;PRG_02_Acquisition.Data.Joystick.DeadmanArmed;1
28668;PRG_02_Acquisition.Data.Joystick.DeadmanArmed;1
28768;PRG_02_Acquisition.Data.Joystick.DeadmanArmed;1
28870;PRG_02_Acquisition.Data.Joystick.DeadmanArmed;1
28969;PRG_02_Acquisition.Data.Joystick.DeadmanArmed;1
29069;PRG_02_Acquisition.Data.Joystick.DeadmanArmed;1
29171;PRG_02_Acquisition.Data.Joystick.DeadmanArmed;1
29272;PRG_02_Acquisition.Data.Joystick.DeadmanArmed;1
29371;PRG_02_Acquisition.Data.Joystick.DeadmanArmed;1
29473;PRG_02_Acquisition.Data.Joystick.DeadmanArmed;1
29572;PRG_02_Acquisition.Data.Joystick.DeadmanArmed;1
29672;PRG_02_Acquisition.Data.Joystick.DeadmanArmed;1
29773;PRG_02_Acquisition.Data.Joystick.DeadmanArmed;1
29872;PRG_02_Acquisition.Data.Joystick.DeadmanArmed;1
29972;PRG_02_Acquisition.Data.Joystick.DeadmanArmed;1
30072;PRG_02_Acquisition.Data.Joystick.DeadmanArmed;1
30173;PRG_02_Acquisition.Data.Joystick.DeadmanArmed;1
30275;PRG_02_Acquisition.Data.Joystick.DeadmanArmed;1
30377;PRG_02_Acquisition.Data.Joystick.DeadmanArmed;1
30476;PRG_02_Acquisition.Data.Joystick.DeadmanArmed;1
30576;PRG_02_Acquisition.Data.Joystick.DeadmanArmed;1
30676;PRG_02_Acquisition.Data.Joystick.DeadmanArmed;1
30776;PRG_02_Acquisition.Data.Joystick.DeadmanArmed;1
30877;PRG_02_Acquisition.Data.Joystick.DeadmanArmed;1
30978;PRG_02_Acquisition.Data.Joystick.DeadmanArmed;1
31078;PRG_02_Acquisition.Data.Joystick.DeadmanArmed;1
31179;PRG_02_Acquisition.Data.Joystick.DeadmanArmed;1
31280;PRG_02_Acquisition.Data.Joystick.DeadmanArmed;1
31380;PRG_02_Acquisition.Data.Joystick.DeadmanArmed;1
31480;PRG_02_Acquisition.Data.Joystick.DeadmanArmed;1
31581;PRG_02_Acquisition.Data.Joystick.DeadmanArmed;1
31681;PRG_02_Acquisition.Data.Joystick.DeadmanArmed;1
3;PRG_02_Acquisition.Data.Joystick.AtNeutralXY;1
104;PRG_02_Acquisition.Data.Joystick.AtNeutralXY;1
204;PRG_02_Acquisition.Data.Joystick.AtNeutralXY;1
305;PRG_02_Acquisition.Data.Joystick.AtNeutralXY;1
406;PRG_02_Acquisition.Data.Joystick.AtNeutralXY;1
507;PRG_02_Acquisition.Data.Joystick.AtNeutralXY;1
607;PRG_02_Acquisition.Data.Joystick.AtNeutralXY;1
708;PRG_02_Acquisition.Data.Joystick.AtNeutralXY;1
809;PRG_02_Acquisition.Data.Joystick.AtNeutralXY;1
909;PRG_02_Acquisition.Data.Joystick.AtNeutralXY;1
1009;PRG_02_Acquisition.Data.Joystick.AtNeutralXY;1
1110;PRG_02_Acquisition.Data.Joystick.AtNeutralXY;1
1210;PRG_02_Acquisition.Data.Joystick.AtNeutralXY;1
1310;PRG_02_Acquisition.Data.Joystick.AtNeutralXY;1
1411;PRG_02_Acquisition.Data.Joystick.AtNeutralXY;1
1513;PRG_02_Acquisition.Data.Joystick.AtNeutralXY;1
1613;PRG_02_Acquisition.Data.Joystick.AtNeutralXY;1
1713;PRG_02_Acquisition.Data.Joystick.AtNeutralXY;1
1814;PRG_02_Acquisition.Data.Joystick.AtNeutralXY;1
1914;PRG_02_Acquisition.Data.Joystick.AtNeutralXY;1
2015;PRG_02_Acquisition.Data.Joystick.AtNeutralXY;1
2115;PRG_02_Acquisition.Data.Joystick.AtNeutralXY;1
2216;PRG_02_Acquisition.Data.Joystick.AtNeutralXY;1
2318;PRG_02_Acquisition.Data.Joystick.AtNeutralXY;1
2419;PRG_02_Acquisition.Data.Joystick.AtNeutralXY;1
2519;PRG_02_Acquisition.Data.Joystick.AtNeutralXY;1
2620;PRG_02_Acquisition.Data.Joystick.AtNeutralXY;1
2722;PRG_02_Acquisition.Data.Joystick.AtNeutralXY;1
2821;PRG_02_Acquisition.Data.Joystick.AtNeutralXY;1
2921;PRG_02_Acquisition.Data.Joystick.AtNeutralXY;1
3022;PRG_02_Acquisition.Data.Joystick.AtNeutralXY;1
3123;PRG_02_Acquisition.Data.Joystick.AtNeutralXY;1
3224;PRG_02_Acquisition.Data.Joystick.AtNeutralXY;1
3326;PRG_02_Acquisition.Data.Joystick.AtNeutralXY;1
3426;PRG_02_Acquisition.Data.Joystick.AtNeutralXY;1
3527;PRG_02_Acquisition.Data.Joystick.AtNeutralXY;0
3626;PRG_02_Acquisition.Data.Joystick.AtNeutralXY;0
3726;PRG_02_Acquisition.Data.Joystick.AtNeutralXY;0
3827;PRG_02_Acquisition.Data.Joystick.AtNeutralXY;0
3929;PRG_02_Acquisition.Data.Joystick.AtNeutralXY;0
4028;PRG_02_Acquisition.Data.Joystick.AtNeutralXY;0
4129;PRG_02_Acquisition.Data.Joystick.AtNeutralXY;0
4229;PRG_02_Acquisition.Data.Joystick.AtNeutralXY;0
4329;PRG_02_Acquisition.Data.Joystick.AtNeutralXY;0
4431;PRG_02_Acquisition.Data.Joystick.AtNeutralXY;0
4530;PRG_02_Acquisition.Data.Joystick.AtNeutralXY;0
4630;PRG_02_Acquisition.Data.Joystick.AtNeutralXY;0
4732;PRG_02_Acquisition.Data.Joystick.AtNeutralXY;0
4832;PRG_02_Acquisition.Data.Joystick.AtNeutralXY;0
4933;PRG_02_Acquisition.Data.Joystick.AtNeutralXY;0
5034;PRG_02_Acquisition.Data.Joystick.AtNeutralXY;0
5135;PRG_02_Acquisition.Data.Joystick.AtNeutralXY;0
5236;PRG_02_Acquisition.Data.Joystick.AtNeutralXY;0
5336;PRG_02_Acquisition.Data.Joystick.AtNeutralXY;0
5436;PRG_02_Acquisition.Data.Joystick.AtNeutralXY;0
5536;PRG_02_Acquisition.Data.Joystick.AtNeutralXY;0
5637;PRG_02_Acquisition.Data.Joystick.AtNeutralXY;0
5737;PRG_02_Acquisition.Data.Joystick.AtNeutralXY;0
5837;PRG_02_Acquisition.Data.Joystick.AtNeutralXY;0
5937;PRG_02_Acquisition.Data.Joystick.AtNeutralXY;0
6039;PRG_02_Acquisition.Data.Joystick.AtNeutralXY;0
6139;PRG_02_Acquisition.Data.Joystick.AtNeutralXY;0
6240;PRG_02_Acquisition.Data.Joystick.AtNeutralXY;0
6342;PRG_02_Acquisition.Data.Joystick.AtNeutralXY;0
6442;PRG_02_Acquisition.Data.Joystick.AtNeutralXY;0
6543;PRG_02_Acquisition.Data.Joystick.AtNeutralXY;0
6645;PRG_02_Acquisition.Data.Joystick.AtNeutralXY;0
6746;PRG_02_Acquisition.Data.Joystick.AtNeutralXY;0
6846;PRG_02_Acquisition.Data.Joystick.AtNeutralXY;0
6946;PRG_02_Acquisition.Data.Joystick.AtNeutralXY;0
7047;PRG_02_Acquisition.Data.Joystick.AtNeutralXY;0
7148;PRG_02_Acquisition.Data.Joystick.AtNeutralXY;0
7250;PRG_02_Acquisition.Data.Joystick.AtNeutralXY;0
7349;PRG_02_Acquisition.Data.Joystick.AtNeutralXY;0
7450;PRG_02_Acquisition.Data.Joystick.AtNeutralXY;0
7550;PRG_02_Acquisition.Data.Joystick.AtNeutralXY;0
7650;PRG_02_Acquisition.Data.Joystick.AtNeutralXY;0
7751;PRG_02_Acquisition.Data.Joystick.AtNeutralXY;0
7851;PRG_02_Acquisition.Data.Joystick.AtNeutralXY;0
7953;PRG_02_Acquisition.Data.Joystick.AtNeutralXY;0
8054;PRG_02_Acquisition.Data.Joystick.AtNeutralXY;0
8154;PRG_02_Acquisition.Data.Joystick.AtNeutralXY;0
8254;PRG_02_Acquisition.Data.Joystick.AtNeutralXY;0
8355;PRG_02_Acquisition.Data.Joystick.AtNeutralXY;0
8454;PRG_02_Acquisition.Data.Joystick.AtNeutralXY;0
8554;PRG_02_Acquisition.Data.Joystick.AtNeutralXY;0
8654;PRG_02_Acquisition.Data.Joystick.AtNeutralXY;0
8754;PRG_02_Acquisition.Data.Joystick.AtNeutralXY;0
8854;PRG_02_Acquisition.Data.Joystick.AtNeutralXY;0
8954;PRG_02_Acquisition.Data.Joystick.AtNeutralXY;1
9055;PRG_02_Acquisition.Data.Joystick.AtNeutralXY;1
9155;PRG_02_Acquisition.Data.Joystick.AtNeutralXY;0
9256;PRG_02_Acquisition.Data.Joystick.AtNeutralXY;0
9357;PRG_02_Acquisition.Data.Joystick.AtNeutralXY;0
9457;PRG_02_Acquisition.Data.Joystick.AtNeutralXY;0
9557;PRG_02_Acquisition.Data.Joystick.AtNeutralXY;0
9658;PRG_02_Acquisition.Data.Joystick.AtNeutralXY;0
9758;PRG_02_Acquisition.Data.Joystick.AtNeutralXY;0
9858;PRG_02_Acquisition.Data.Joystick.AtNeutralXY;0
9958;PRG_02_Acquisition.Data.Joystick.AtNeutralXY;0
10059;PRG_02_Acquisition.Data.Joystick.AtNeutralXY;0
10160;PRG_02_Acquisition.Data.Joystick.AtNeutralXY;0
10259;PRG_02_Acquisition.Data.Joystick.AtNeutralXY;0
10360;PRG_02_Acquisition.Data.Joystick.AtNeutralXY;0
10461;PRG_02_Acquisition.Data.Joystick.AtNeutralXY;0
10562;PRG_02_Acquisition.Data.Joystick.AtNeutralXY;0
10661;PRG_02_Acquisition.Data.Joystick.AtNeutralXY;0
10761;PRG_02_Acquisition.Data.Joystick.AtNeutralXY;0
10863;PRG_02_Acquisition.Data.Joystick.AtNeutralXY;0
10964;PRG_02_Acquisition.Data.Joystick.AtNeutralXY;0
11065;PRG_02_Acquisition.Data.Joystick.AtNeutralXY;0
11165;PRG_02_Acquisition.Data.Joystick.AtNeutralXY;0
11266;PRG_02_Acquisition.Data.Joystick.AtNeutralXY;0
11365;PRG_02_Acquisition.Data.Joystick.AtNeutralXY;0
11465;PRG_02_Acquisition.Data.Joystick.AtNeutralXY;0
11566;PRG_02_Acquisition.Data.Joystick.AtNeutralXY;0
11666;PRG_02_Acquisition.Data.Joystick.AtNeutralXY;0
11765;PRG_02_Acquisition.Data.Joystick.AtNeutralXY;0
11866;PRG_02_Acquisition.Data.Joystick.AtNeutralXY;0
11966;PRG_02_Acquisition.Data.Joystick.AtNeutralXY;0
12067;PRG_02_Acquisition.Data.Joystick.AtNeutralXY;0
12167;PRG_02_Acquisition.Data.Joystick.AtNeutralXY;0
12267;PRG_02_Acquisition.Data.Joystick.AtNeutralXY;0
12368;PRG_02_Acquisition.Data.Joystick.AtNeutralXY;0
12467;PRG_02_Acquisition.Data.Joystick.AtNeutralXY;0
12570;PRG_02_Acquisition.Data.Joystick.AtNeutralXY;0
12669;PRG_02_Acquisition.Data.Joystick.AtNeutralXY;0
12770;PRG_02_Acquisition.Data.Joystick.AtNeutralXY;0
12872;PRG_02_Acquisition.Data.Joystick.AtNeutralXY;0
12972;PRG_02_Acquisition.Data.Joystick.AtNeutralXY;0
13073;PRG_02_Acquisition.Data.Joystick.AtNeutralXY;0
13175;PRG_02_Acquisition.Data.Joystick.AtNeutralXY;0
13275;PRG_02_Acquisition.Data.Joystick.AtNeutralXY;0
13378;PRG_02_Acquisition.Data.Joystick.AtNeutralXY;0
13478;PRG_02_Acquisition.Data.Joystick.AtNeutralXY;0
13577;PRG_02_Acquisition.Data.Joystick.AtNeutralXY;0
13676;PRG_02_Acquisition.Data.Joystick.AtNeutralXY;0
13778;PRG_02_Acquisition.Data.Joystick.AtNeutralXY;0
13878;PRG_02_Acquisition.Data.Joystick.AtNeutralXY;0
13979;PRG_02_Acquisition.Data.Joystick.AtNeutralXY;0
14079;PRG_02_Acquisition.Data.Joystick.AtNeutralXY;0
14180;PRG_02_Acquisition.Data.Joystick.AtNeutralXY;0
14280;PRG_02_Acquisition.Data.Joystick.AtNeutralXY;0
14382;PRG_02_Acquisition.Data.Joystick.AtNeutralXY;0
14483;PRG_02_Acquisition.Data.Joystick.AtNeutralXY;0
14584;PRG_02_Acquisition.Data.Joystick.AtNeutralXY;0
14685;PRG_02_Acquisition.Data.Joystick.AtNeutralXY;0
14787;PRG_02_Acquisition.Data.Joystick.AtNeutralXY;0
14887;PRG_02_Acquisition.Data.Joystick.AtNeutralXY;0
14987;PRG_02_Acquisition.Data.Joystick.AtNeutralXY;0
15086;PRG_02_Acquisition.Data.Joystick.AtNeutralXY;0
15188;PRG_02_Acquisition.Data.Joystick.AtNeutralXY;0
15288;PRG_02_Acquisition.Data.Joystick.AtNeutralXY;0
15388;PRG_02_Acquisition.Data.Joystick.AtNeutralXY;0
15487;PRG_02_Acquisition.Data.Joystick.AtNeutralXY;0
15588;PRG_02_Acquisition.Data.Joystick.AtNeutralXY;0
15687;PRG_02_Acquisition.Data.Joystick.AtNeutralXY;0
15789;PRG_02_Acquisition.Data.Joystick.AtNeutralXY;0
15890;PRG_02_Acquisition.Data.Joystick.AtNeutralXY;0
15992;PRG_02_Acquisition.Data.Joystick.AtNeutralXY;0
16092;PRG_02_Acquisition.Data.Joystick.AtNeutralXY;0
16194;PRG_02_Acquisition.Data.Joystick.AtNeutralXY;0
16293;PRG_02_Acquisition.Data.Joystick.AtNeutralXY;0
16393;PRG_02_Acquisition.Data.Joystick.AtNeutralXY;0
16493;PRG_02_Acquisition.Data.Joystick.AtNeutralXY;0
16593;PRG_02_Acquisition.Data.Joystick.AtNeutralXY;0
16693;PRG_02_Acquisition.Data.Joystick.AtNeutralXY;0
16795;PRG_02_Acquisition.Data.Joystick.AtNeutralXY;0
16894;PRG_02_Acquisition.Data.Joystick.AtNeutralXY;0
16994;PRG_02_Acquisition.Data.Joystick.AtNeutralXY;0
17094;PRG_02_Acquisition.Data.Joystick.AtNeutralXY;0
17195;PRG_02_Acquisition.Data.Joystick.AtNeutralXY;0
17295;PRG_02_Acquisition.Data.Joystick.AtNeutralXY;0
17396;PRG_02_Acquisition.Data.Joystick.AtNeutralXY;0
17498;PRG_02_Acquisition.Data.Joystick.AtNeutralXY;0
17598;PRG_02_Acquisition.Data.Joystick.AtNeutralXY;0
17698;PRG_02_Acquisition.Data.Joystick.AtNeutralXY;0
17801;PRG_02_Acquisition.Data.Joystick.AtNeutralXY;0
17900;PRG_02_Acquisition.Data.Joystick.AtNeutralXY;0
18001;PRG_02_Acquisition.Data.Joystick.AtNeutralXY;0
18100;PRG_02_Acquisition.Data.Joystick.AtNeutralXY;0
18202;PRG_02_Acquisition.Data.Joystick.AtNeutralXY;0
18304;PRG_02_Acquisition.Data.Joystick.AtNeutralXY;0
18404;PRG_02_Acquisition.Data.Joystick.AtNeutralXY;0
18505;PRG_02_Acquisition.Data.Joystick.AtNeutralXY;0
18605;PRG_02_Acquisition.Data.Joystick.AtNeutralXY;0
18706;PRG_02_Acquisition.Data.Joystick.AtNeutralXY;0
18805;PRG_02_Acquisition.Data.Joystick.AtNeutralXY;0
18905;PRG_02_Acquisition.Data.Joystick.AtNeutralXY;0
19007;PRG_02_Acquisition.Data.Joystick.AtNeutralXY;0
19106;PRG_02_Acquisition.Data.Joystick.AtNeutralXY;0
19207;PRG_02_Acquisition.Data.Joystick.AtNeutralXY;0
19306;PRG_02_Acquisition.Data.Joystick.AtNeutralXY;0
19407;PRG_02_Acquisition.Data.Joystick.AtNeutralXY;0
19508;PRG_02_Acquisition.Data.Joystick.AtNeutralXY;0
19607;PRG_02_Acquisition.Data.Joystick.AtNeutralXY;0
19707;PRG_02_Acquisition.Data.Joystick.AtNeutralXY;0
19810;PRG_02_Acquisition.Data.Joystick.AtNeutralXY;0
19911;PRG_02_Acquisition.Data.Joystick.AtNeutralXY;0
20012;PRG_02_Acquisition.Data.Joystick.AtNeutralXY;0
20113;PRG_02_Acquisition.Data.Joystick.AtNeutralXY;0
20212;PRG_02_Acquisition.Data.Joystick.AtNeutralXY;0
20313;PRG_02_Acquisition.Data.Joystick.AtNeutralXY;0
20415;PRG_02_Acquisition.Data.Joystick.AtNeutralXY;0
20516;PRG_02_Acquisition.Data.Joystick.AtNeutralXY;0
20616;PRG_02_Acquisition.Data.Joystick.AtNeutralXY;0
20718;PRG_02_Acquisition.Data.Joystick.AtNeutralXY;0
20818;PRG_02_Acquisition.Data.Joystick.AtNeutralXY;0
20920;PRG_02_Acquisition.Data.Joystick.AtNeutralXY;0
21020;PRG_02_Acquisition.Data.Joystick.AtNeutralXY;0
21121;PRG_02_Acquisition.Data.Joystick.AtNeutralXY;0
21221;PRG_02_Acquisition.Data.Joystick.AtNeutralXY;0
21323;PRG_02_Acquisition.Data.Joystick.AtNeutralXY;0
21424;PRG_02_Acquisition.Data.Joystick.AtNeutralXY;0
21524;PRG_02_Acquisition.Data.Joystick.AtNeutralXY;0
21625;PRG_02_Acquisition.Data.Joystick.AtNeutralXY;0
21724;PRG_02_Acquisition.Data.Joystick.AtNeutralXY;0
21825;PRG_02_Acquisition.Data.Joystick.AtNeutralXY;0
21924;PRG_02_Acquisition.Data.Joystick.AtNeutralXY;0
22026;PRG_02_Acquisition.Data.Joystick.AtNeutralXY;0
22126;PRG_02_Acquisition.Data.Joystick.AtNeutralXY;0
22226;PRG_02_Acquisition.Data.Joystick.AtNeutralXY;0
22327;PRG_02_Acquisition.Data.Joystick.AtNeutralXY;0
22426;PRG_02_Acquisition.Data.Joystick.AtNeutralXY;0
22528;PRG_02_Acquisition.Data.Joystick.AtNeutralXY;0
22628;PRG_02_Acquisition.Data.Joystick.AtNeutralXY;0
22727;PRG_02_Acquisition.Data.Joystick.AtNeutralXY;0
22827;PRG_02_Acquisition.Data.Joystick.AtNeutralXY;0
22930;PRG_02_Acquisition.Data.Joystick.AtNeutralXY;0
23030;PRG_02_Acquisition.Data.Joystick.AtNeutralXY;0
23130;PRG_02_Acquisition.Data.Joystick.AtNeutralXY;0
23231;PRG_02_Acquisition.Data.Joystick.AtNeutralXY;0
23333;PRG_02_Acquisition.Data.Joystick.AtNeutralXY;0
23433;PRG_02_Acquisition.Data.Joystick.AtNeutralXY;0
23534;PRG_02_Acquisition.Data.Joystick.AtNeutralXY;0
23635;PRG_02_Acquisition.Data.Joystick.AtNeutralXY;0
23735;PRG_02_Acquisition.Data.Joystick.AtNeutralXY;0
23836;PRG_02_Acquisition.Data.Joystick.AtNeutralXY;0
23936;PRG_02_Acquisition.Data.Joystick.AtNeutralXY;0
24037;PRG_02_Acquisition.Data.Joystick.AtNeutralXY;0
24137;PRG_02_Acquisition.Data.Joystick.AtNeutralXY;0
24236;PRG_02_Acquisition.Data.Joystick.AtNeutralXY;0
24337;PRG_02_Acquisition.Data.Joystick.AtNeutralXY;0
24437;PRG_02_Acquisition.Data.Joystick.AtNeutralXY;0
24538;PRG_02_Acquisition.Data.Joystick.AtNeutralXY;0
24639;PRG_02_Acquisition.Data.Joystick.AtNeutralXY;0
24740;PRG_02_Acquisition.Data.Joystick.AtNeutralXY;0
24839;PRG_02_Acquisition.Data.Joystick.AtNeutralXY;0
24942;PRG_02_Acquisition.Data.Joystick.AtNeutralXY;0
25042;PRG_02_Acquisition.Data.Joystick.AtNeutralXY;0
25143;PRG_02_Acquisition.Data.Joystick.AtNeutralXY;0
25243;PRG_02_Acquisition.Data.Joystick.AtNeutralXY;0
25345;PRG_02_Acquisition.Data.Joystick.AtNeutralXY;0
25446;PRG_02_Acquisition.Data.Joystick.AtNeutralXY;0
25546;PRG_02_Acquisition.Data.Joystick.AtNeutralXY;0
25646;PRG_02_Acquisition.Data.Joystick.AtNeutralXY;0
25748;PRG_02_Acquisition.Data.Joystick.AtNeutralXY;0
25848;PRG_02_Acquisition.Data.Joystick.AtNeutralXY;0
25949;PRG_02_Acquisition.Data.Joystick.AtNeutralXY;0
26050;PRG_02_Acquisition.Data.Joystick.AtNeutralXY;0
26151;PRG_02_Acquisition.Data.Joystick.AtNeutralXY;0
26252;PRG_02_Acquisition.Data.Joystick.AtNeutralXY;0
26351;PRG_02_Acquisition.Data.Joystick.AtNeutralXY;0
26453;PRG_02_Acquisition.Data.Joystick.AtNeutralXY;0
26552;PRG_02_Acquisition.Data.Joystick.AtNeutralXY;0
26653;PRG_02_Acquisition.Data.Joystick.AtNeutralXY;0
26756;PRG_02_Acquisition.Data.Joystick.AtNeutralXY;0
26856;PRG_02_Acquisition.Data.Joystick.AtNeutralXY;0
26955;PRG_02_Acquisition.Data.Joystick.AtNeutralXY;0
27056;PRG_02_Acquisition.Data.Joystick.AtNeutralXY;0
27156;PRG_02_Acquisition.Data.Joystick.AtNeutralXY;0
27257;PRG_02_Acquisition.Data.Joystick.AtNeutralXY;0
27357;PRG_02_Acquisition.Data.Joystick.AtNeutralXY;0
27459;PRG_02_Acquisition.Data.Joystick.AtNeutralXY;0
27560;PRG_02_Acquisition.Data.Joystick.AtNeutralXY;0
27661;PRG_02_Acquisition.Data.Joystick.AtNeutralXY;0
27761;PRG_02_Acquisition.Data.Joystick.AtNeutralXY;0
27862;PRG_02_Acquisition.Data.Joystick.AtNeutralXY;0
27963;PRG_02_Acquisition.Data.Joystick.AtNeutralXY;0
28063;PRG_02_Acquisition.Data.Joystick.AtNeutralXY;0
28164;PRG_02_Acquisition.Data.Joystick.AtNeutralXY;0
28264;PRG_02_Acquisition.Data.Joystick.AtNeutralXY;0
28363;PRG_02_Acquisition.Data.Joystick.AtNeutralXY;0
28464;PRG_02_Acquisition.Data.Joystick.AtNeutralXY;0
28566;PRG_02_Acquisition.Data.Joystick.AtNeutralXY;0
28668;PRG_02_Acquisition.Data.Joystick.AtNeutralXY;0
28768;PRG_02_Acquisition.Data.Joystick.AtNeutralXY;0
28870;PRG_02_Acquisition.Data.Joystick.AtNeutralXY;0
28969;PRG_02_Acquisition.Data.Joystick.AtNeutralXY;0
29069;PRG_02_Acquisition.Data.Joystick.AtNeutralXY;0
29171;PRG_02_Acquisition.Data.Joystick.AtNeutralXY;0
29272;PRG_02_Acquisition.Data.Joystick.AtNeutralXY;0
29371;PRG_02_Acquisition.Data.Joystick.AtNeutralXY;0
29473;PRG_02_Acquisition.Data.Joystick.AtNeutralXY;0
29572;PRG_02_Acquisition.Data.Joystick.AtNeutralXY;0
29672;PRG_02_Acquisition.Data.Joystick.AtNeutralXY;0
29773;PRG_02_Acquisition.Data.Joystick.AtNeutralXY;0
29872;PRG_02_Acquisition.Data.Joystick.AtNeutralXY;0
29972;PRG_02_Acquisition.Data.Joystick.AtNeutralXY;0
30072;PRG_02_Acquisition.Data.Joystick.AtNeutralXY;0
30173;PRG_02_Acquisition.Data.Joystick.AtNeutralXY;0
30275;PRG_02_Acquisition.Data.Joystick.AtNeutralXY;0
30377;PRG_02_Acquisition.Data.Joystick.AtNeutralXY;0
30476;PRG_02_Acquisition.Data.Joystick.AtNeutralXY;0
30576;PRG_02_Acquisition.Data.Joystick.AtNeutralXY;0
30676;PRG_02_Acquisition.Data.Joystick.AtNeutralXY;0
30776;PRG_02_Acquisition.Data.Joystick.AtNeutralXY;0
30877;PRG_02_Acquisition.Data.Joystick.AtNeutralXY;0
30978;PRG_02_Acquisition.Data.Joystick.AtNeutralXY;0
31078;PRG_02_Acquisition.Data.Joystick.AtNeutralXY;0
31179;PRG_02_Acquisition.Data.Joystick.AtNeutralXY;0
31280;PRG_02_Acquisition.Data.Joystick.AtNeutralXY;0
31380;PRG_02_Acquisition.Data.Joystick.AtNeutralXY;0
31480;PRG_02_Acquisition.Data.Joystick.AtNeutralXY;0
31581;PRG_02_Acquisition.Data.Joystick.AtNeutralXY;0
31681;PRG_02_Acquisition.Data.Joystick.AtNeutralXY;0
3;PRG_02_Acquisition.Data.Joystick.AxisY.Deflection;0
104;PRG_02_Acquisition.Data.Joystick.AxisY.Deflection;0
204;PRG_02_Acquisition.Data.Joystick.AxisY.Deflection;0
305;PRG_02_Acquisition.Data.Joystick.AxisY.Deflection;0
406;PRG_02_Acquisition.Data.Joystick.AxisY.Deflection;0
507;PRG_02_Acquisition.Data.Joystick.AxisY.Deflection;0
607;PRG_02_Acquisition.Data.Joystick.AxisY.Deflection;0
708;PRG_02_Acquisition.Data.Joystick.AxisY.Deflection;0
809;PRG_02_Acquisition.Data.Joystick.AxisY.Deflection;0
909;PRG_02_Acquisition.Data.Joystick.AxisY.Deflection;0
1009;PRG_02_Acquisition.Data.Joystick.AxisY.Deflection;0
1110;PRG_02_Acquisition.Data.Joystick.AxisY.Deflection;0
1210;PRG_02_Acquisition.Data.Joystick.AxisY.Deflection;0
1310;PRG_02_Acquisition.Data.Joystick.AxisY.Deflection;0
1411;PRG_02_Acquisition.Data.Joystick.AxisY.Deflection;0
1513;PRG_02_Acquisition.Data.Joystick.AxisY.Deflection;0
1613;PRG_02_Acquisition.Data.Joystick.AxisY.Deflection;0
1713;PRG_02_Acquisition.Data.Joystick.AxisY.Deflection;0
1814;PRG_02_Acquisition.Data.Joystick.AxisY.Deflection;0
1914;PRG_02_Acquisition.Data.Joystick.AxisY.Deflection;0
2015;PRG_02_Acquisition.Data.Joystick.AxisY.Deflection;0
2115;PRG_02_Acquisition.Data.Joystick.AxisY.Deflection;0
2216;PRG_02_Acquisition.Data.Joystick.AxisY.Deflection;0
2318;PRG_02_Acquisition.Data.Joystick.AxisY.Deflection;0
2419;PRG_02_Acquisition.Data.Joystick.AxisY.Deflection;0
2519;PRG_02_Acquisition.Data.Joystick.AxisY.Deflection;0
2620;PRG_02_Acquisition.Data.Joystick.AxisY.Deflection;0
2722;PRG_02_Acquisition.Data.Joystick.AxisY.Deflection;0
2821;PRG_02_Acquisition.Data.Joystick.AxisY.Deflection;0
2921;PRG_02_Acquisition.Data.Joystick.AxisY.Deflection;0
3022;PRG_02_Acquisition.Data.Joystick.AxisY.Deflection;0
3123;PRG_02_Acquisition.Data.Joystick.AxisY.Deflection;0
3224;PRG_02_Acquisition.Data.Joystick.AxisY.Deflection;0
3326;PRG_02_Acquisition.Data.Joystick.AxisY.Deflection;0
3426;PRG_02_Acquisition.Data.Joystick.AxisY.Deflection;0
3527;PRG_02_Acquisition.Data.Joystick.AxisY.Deflection;0
3626;PRG_02_Acquisition.Data.Joystick.AxisY.Deflection;-11
3726;PRG_02_Acquisition.Data.Joystick.AxisY.Deflection;-15
3827;PRG_02_Acquisition.Data.Joystick.AxisY.Deflection;-22
3929;PRG_02_Acquisition.Data.Joystick.AxisY.Deflection;-30
4028;PRG_02_Acquisition.Data.Joystick.AxisY.Deflection;-40
4129;PRG_02_Acquisition.Data.Joystick.AxisY.Deflection;-42
4229;PRG_02_Acquisition.Data.Joystick.AxisY.Deflection;-47
4329;PRG_02_Acquisition.Data.Joystick.AxisY.Deflection;-52
4431;PRG_02_Acquisition.Data.Joystick.AxisY.Deflection;-60
4530;PRG_02_Acquisition.Data.Joystick.AxisY.Deflection;-69
4630;PRG_02_Acquisition.Data.Joystick.AxisY.Deflection;-74
4732;PRG_02_Acquisition.Data.Joystick.AxisY.Deflection;-78
4832;PRG_02_Acquisition.Data.Joystick.AxisY.Deflection;-83
4933;PRG_02_Acquisition.Data.Joystick.AxisY.Deflection;-91
5034;PRG_02_Acquisition.Data.Joystick.AxisY.Deflection;-100
5135;PRG_02_Acquisition.Data.Joystick.AxisY.Deflection;-100
5236;PRG_02_Acquisition.Data.Joystick.AxisY.Deflection;-100
5336;PRG_02_Acquisition.Data.Joystick.AxisY.Deflection;-100
5436;PRG_02_Acquisition.Data.Joystick.AxisY.Deflection;-100
5536;PRG_02_Acquisition.Data.Joystick.AxisY.Deflection;-100
5637;PRG_02_Acquisition.Data.Joystick.AxisY.Deflection;-100
5737;PRG_02_Acquisition.Data.Joystick.AxisY.Deflection;-100
5837;PRG_02_Acquisition.Data.Joystick.AxisY.Deflection;-100
5937;PRG_02_Acquisition.Data.Joystick.AxisY.Deflection;-100
6039;PRG_02_Acquisition.Data.Joystick.AxisY.Deflection;-100
6139;PRG_02_Acquisition.Data.Joystick.AxisY.Deflection;-100
6240;PRG_02_Acquisition.Data.Joystick.AxisY.Deflection;-100
6342;PRG_02_Acquisition.Data.Joystick.AxisY.Deflection;-100
6442;PRG_02_Acquisition.Data.Joystick.AxisY.Deflection;-100
6543;PRG_02_Acquisition.Data.Joystick.AxisY.Deflection;-100
6645;PRG_02_Acquisition.Data.Joystick.AxisY.Deflection;-100
6746;PRG_02_Acquisition.Data.Joystick.AxisY.Deflection;-100
6846;PRG_02_Acquisition.Data.Joystick.AxisY.Deflection;-100
6946;PRG_02_Acquisition.Data.Joystick.AxisY.Deflection;-100
7047;PRG_02_Acquisition.Data.Joystick.AxisY.Deflection;-100
7148;PRG_02_Acquisition.Data.Joystick.AxisY.Deflection;-100
7250;PRG_02_Acquisition.Data.Joystick.AxisY.Deflection;-100
7349;PRG_02_Acquisition.Data.Joystick.AxisY.Deflection;-100
7450;PRG_02_Acquisition.Data.Joystick.AxisY.Deflection;-100
7550;PRG_02_Acquisition.Data.Joystick.AxisY.Deflection;-100
7650;PRG_02_Acquisition.Data.Joystick.AxisY.Deflection;-100
7751;PRG_02_Acquisition.Data.Joystick.AxisY.Deflection;-100
7851;PRG_02_Acquisition.Data.Joystick.AxisY.Deflection;-100
7953;PRG_02_Acquisition.Data.Joystick.AxisY.Deflection;-100
8054;PRG_02_Acquisition.Data.Joystick.AxisY.Deflection;-100
8154;PRG_02_Acquisition.Data.Joystick.AxisY.Deflection;-100
8254;PRG_02_Acquisition.Data.Joystick.AxisY.Deflection;-100
8355;PRG_02_Acquisition.Data.Joystick.AxisY.Deflection;-100
8454;PRG_02_Acquisition.Data.Joystick.AxisY.Deflection;-100
8554;PRG_02_Acquisition.Data.Joystick.AxisY.Deflection;-100
8654;PRG_02_Acquisition.Data.Joystick.AxisY.Deflection;-100
8754;PRG_02_Acquisition.Data.Joystick.AxisY.Deflection;-100
8854;PRG_02_Acquisition.Data.Joystick.AxisY.Deflection;-50
8954;PRG_02_Acquisition.Data.Joystick.AxisY.Deflection;0
9055;PRG_02_Acquisition.Data.Joystick.AxisY.Deflection;0
9155;PRG_02_Acquisition.Data.Joystick.AxisY.Deflection;0
9256;PRG_02_Acquisition.Data.Joystick.AxisY.Deflection;-22
9357;PRG_02_Acquisition.Data.Joystick.AxisY.Deflection;-28
9457;PRG_02_Acquisition.Data.Joystick.AxisY.Deflection;-31
9557;PRG_02_Acquisition.Data.Joystick.AxisY.Deflection;-37
9658;PRG_02_Acquisition.Data.Joystick.AxisY.Deflection;-43
9758;PRG_02_Acquisition.Data.Joystick.AxisY.Deflection;-53
9858;PRG_02_Acquisition.Data.Joystick.AxisY.Deflection;-60
9958;PRG_02_Acquisition.Data.Joystick.AxisY.Deflection;-63
10059;PRG_02_Acquisition.Data.Joystick.AxisY.Deflection;-68
10160;PRG_02_Acquisition.Data.Joystick.AxisY.Deflection;-74
10259;PRG_02_Acquisition.Data.Joystick.AxisY.Deflection;-82
10360;PRG_02_Acquisition.Data.Joystick.AxisY.Deflection;-92
10461;PRG_02_Acquisition.Data.Joystick.AxisY.Deflection;-94
10562;PRG_02_Acquisition.Data.Joystick.AxisY.Deflection;-99
10661;PRG_02_Acquisition.Data.Joystick.AxisY.Deflection;-100
10761;PRG_02_Acquisition.Data.Joystick.AxisY.Deflection;-100
10863;PRG_02_Acquisition.Data.Joystick.AxisY.Deflection;-100
10964;PRG_02_Acquisition.Data.Joystick.AxisY.Deflection;-100
11065;PRG_02_Acquisition.Data.Joystick.AxisY.Deflection;-100
11165;PRG_02_Acquisition.Data.Joystick.AxisY.Deflection;-100
11266;PRG_02_Acquisition.Data.Joystick.AxisY.Deflection;-100
11365;PRG_02_Acquisition.Data.Joystick.AxisY.Deflection;-100
11465;PRG_02_Acquisition.Data.Joystick.AxisY.Deflection;-100
11566;PRG_02_Acquisition.Data.Joystick.AxisY.Deflection;-100
11666;PRG_02_Acquisition.Data.Joystick.AxisY.Deflection;-100
11765;PRG_02_Acquisition.Data.Joystick.AxisY.Deflection;-100
11866;PRG_02_Acquisition.Data.Joystick.AxisY.Deflection;-100
11966;PRG_02_Acquisition.Data.Joystick.AxisY.Deflection;-100
12067;PRG_02_Acquisition.Data.Joystick.AxisY.Deflection;-100
12167;PRG_02_Acquisition.Data.Joystick.AxisY.Deflection;-100
12267;PRG_02_Acquisition.Data.Joystick.AxisY.Deflection;-100
12368;PRG_02_Acquisition.Data.Joystick.AxisY.Deflection;-100
12467;PRG_02_Acquisition.Data.Joystick.AxisY.Deflection;-100
12570;PRG_02_Acquisition.Data.Joystick.AxisY.Deflection;-100
12669;PRG_02_Acquisition.Data.Joystick.AxisY.Deflection;-100
12770;PRG_02_Acquisition.Data.Joystick.AxisY.Deflection;-100
12872;PRG_02_Acquisition.Data.Joystick.AxisY.Deflection;-100
12972;PRG_02_Acquisition.Data.Joystick.AxisY.Deflection;-100
13073;PRG_02_Acquisition.Data.Joystick.AxisY.Deflection;-100
13175;PRG_02_Acquisition.Data.Joystick.AxisY.Deflection;-100
13275;PRG_02_Acquisition.Data.Joystick.AxisY.Deflection;-100
13378;PRG_02_Acquisition.Data.Joystick.AxisY.Deflection;-100
13478;PRG_02_Acquisition.Data.Joystick.AxisY.Deflection;-100
13577;PRG_02_Acquisition.Data.Joystick.AxisY.Deflection;-100
13676;PRG_02_Acquisition.Data.Joystick.AxisY.Deflection;-100
13778;PRG_02_Acquisition.Data.Joystick.AxisY.Deflection;-100
13878;PRG_02_Acquisition.Data.Joystick.AxisY.Deflection;-100
13979;PRG_02_Acquisition.Data.Joystick.AxisY.Deflection;-100
14079;PRG_02_Acquisition.Data.Joystick.AxisY.Deflection;-100
14180;PRG_02_Acquisition.Data.Joystick.AxisY.Deflection;-100
14280;PRG_02_Acquisition.Data.Joystick.AxisY.Deflection;-100
14382;PRG_02_Acquisition.Data.Joystick.AxisY.Deflection;-100
14483;PRG_02_Acquisition.Data.Joystick.AxisY.Deflection;-100
14584;PRG_02_Acquisition.Data.Joystick.AxisY.Deflection;-100
14685;PRG_02_Acquisition.Data.Joystick.AxisY.Deflection;-100
14787;PRG_02_Acquisition.Data.Joystick.AxisY.Deflection;-100
14887;PRG_02_Acquisition.Data.Joystick.AxisY.Deflection;-100
14987;PRG_02_Acquisition.Data.Joystick.AxisY.Deflection;-100
15086;PRG_02_Acquisition.Data.Joystick.AxisY.Deflection;-100
15188;PRG_02_Acquisition.Data.Joystick.AxisY.Deflection;-100
15288;PRG_02_Acquisition.Data.Joystick.AxisY.Deflection;-100
15388;PRG_02_Acquisition.Data.Joystick.AxisY.Deflection;-100
15487;PRG_02_Acquisition.Data.Joystick.AxisY.Deflection;-100
15588;PRG_02_Acquisition.Data.Joystick.AxisY.Deflection;-100
15687;PRG_02_Acquisition.Data.Joystick.AxisY.Deflection;-100
15789;PRG_02_Acquisition.Data.Joystick.AxisY.Deflection;-100
15890;PRG_02_Acquisition.Data.Joystick.AxisY.Deflection;-100
15992;PRG_02_Acquisition.Data.Joystick.AxisY.Deflection;-100
16092;PRG_02_Acquisition.Data.Joystick.AxisY.Deflection;-100
16194;PRG_02_Acquisition.Data.Joystick.AxisY.Deflection;-100
16293;PRG_02_Acquisition.Data.Joystick.AxisY.Deflection;-100
16393;PRG_02_Acquisition.Data.Joystick.AxisY.Deflection;-100
16493;PRG_02_Acquisition.Data.Joystick.AxisY.Deflection;-100
16593;PRG_02_Acquisition.Data.Joystick.AxisY.Deflection;-100
16693;PRG_02_Acquisition.Data.Joystick.AxisY.Deflection;-100
16795;PRG_02_Acquisition.Data.Joystick.AxisY.Deflection;-100
16894;PRG_02_Acquisition.Data.Joystick.AxisY.Deflection;-100
16994;PRG_02_Acquisition.Data.Joystick.AxisY.Deflection;-100
17094;PRG_02_Acquisition.Data.Joystick.AxisY.Deflection;-100
17195;PRG_02_Acquisition.Data.Joystick.AxisY.Deflection;-100
17295;PRG_02_Acquisition.Data.Joystick.AxisY.Deflection;-100
17396;PRG_02_Acquisition.Data.Joystick.AxisY.Deflection;-100
17498;PRG_02_Acquisition.Data.Joystick.AxisY.Deflection;-100
17598;PRG_02_Acquisition.Data.Joystick.AxisY.Deflection;-100
17698;PRG_02_Acquisition.Data.Joystick.AxisY.Deflection;-100
17801;PRG_02_Acquisition.Data.Joystick.AxisY.Deflection;-100
17900;PRG_02_Acquisition.Data.Joystick.AxisY.Deflection;-100
18001;PRG_02_Acquisition.Data.Joystick.AxisY.Deflection;-100
18100;PRG_02_Acquisition.Data.Joystick.AxisY.Deflection;-100
18202;PRG_02_Acquisition.Data.Joystick.AxisY.Deflection;-100
18304;PRG_02_Acquisition.Data.Joystick.AxisY.Deflection;-100
18404;PRG_02_Acquisition.Data.Joystick.AxisY.Deflection;-100
18505;PRG_02_Acquisition.Data.Joystick.AxisY.Deflection;-100
18605;PRG_02_Acquisition.Data.Joystick.AxisY.Deflection;-100
18706;PRG_02_Acquisition.Data.Joystick.AxisY.Deflection;-100
18805;PRG_02_Acquisition.Data.Joystick.AxisY.Deflection;-100
18905;PRG_02_Acquisition.Data.Joystick.AxisY.Deflection;-100
19007;PRG_02_Acquisition.Data.Joystick.AxisY.Deflection;-100
19106;PRG_02_Acquisition.Data.Joystick.AxisY.Deflection;-100
19207;PRG_02_Acquisition.Data.Joystick.AxisY.Deflection;-100
19306;PRG_02_Acquisition.Data.Joystick.AxisY.Deflection;-100
19407;PRG_02_Acquisition.Data.Joystick.AxisY.Deflection;-100
19508;PRG_02_Acquisition.Data.Joystick.AxisY.Deflection;-100
19607;PRG_02_Acquisition.Data.Joystick.AxisY.Deflection;-100
19707;PRG_02_Acquisition.Data.Joystick.AxisY.Deflection;-100
19810;PRG_02_Acquisition.Data.Joystick.AxisY.Deflection;-100
19911;PRG_02_Acquisition.Data.Joystick.AxisY.Deflection;-100
20012;PRG_02_Acquisition.Data.Joystick.AxisY.Deflection;-100
20113;PRG_02_Acquisition.Data.Joystick.AxisY.Deflection;-100
20212;PRG_02_Acquisition.Data.Joystick.AxisY.Deflection;-100
20313;PRG_02_Acquisition.Data.Joystick.AxisY.Deflection;-100
20415;PRG_02_Acquisition.Data.Joystick.AxisY.Deflection;-100
20516;PRG_02_Acquisition.Data.Joystick.AxisY.Deflection;-100
20616;PRG_02_Acquisition.Data.Joystick.AxisY.Deflection;-100
20718;PRG_02_Acquisition.Data.Joystick.AxisY.Deflection;-100
20818;PRG_02_Acquisition.Data.Joystick.AxisY.Deflection;-100
20920;PRG_02_Acquisition.Data.Joystick.AxisY.Deflection;-100
21020;PRG_02_Acquisition.Data.Joystick.AxisY.Deflection;-100
21121;PRG_02_Acquisition.Data.Joystick.AxisY.Deflection;-100
21221;PRG_02_Acquisition.Data.Joystick.AxisY.Deflection;-100
21323;PRG_02_Acquisition.Data.Joystick.AxisY.Deflection;-100
21424;PRG_02_Acquisition.Data.Joystick.AxisY.Deflection;-100
21524;PRG_02_Acquisition.Data.Joystick.AxisY.Deflection;-100
21625;PRG_02_Acquisition.Data.Joystick.AxisY.Deflection;-100
21724;PRG_02_Acquisition.Data.Joystick.AxisY.Deflection;-100
21825;PRG_02_Acquisition.Data.Joystick.AxisY.Deflection;-100
21924;PRG_02_Acquisition.Data.Joystick.AxisY.Deflection;-100
22026;PRG_02_Acquisition.Data.Joystick.AxisY.Deflection;-100
22126;PRG_02_Acquisition.Data.Joystick.AxisY.Deflection;-100
22226;PRG_02_Acquisition.Data.Joystick.AxisY.Deflection;-100
22327;PRG_02_Acquisition.Data.Joystick.AxisY.Deflection;-100
22426;PRG_02_Acquisition.Data.Joystick.AxisY.Deflection;-100
22528;PRG_02_Acquisition.Data.Joystick.AxisY.Deflection;-100
22628;PRG_02_Acquisition.Data.Joystick.AxisY.Deflection;-100
22727;PRG_02_Acquisition.Data.Joystick.AxisY.Deflection;-100
22827;PRG_02_Acquisition.Data.Joystick.AxisY.Deflection;-100
22930;PRG_02_Acquisition.Data.Joystick.AxisY.Deflection;-100
23030;PRG_02_Acquisition.Data.Joystick.AxisY.Deflection;-100
23130;PRG_02_Acquisition.Data.Joystick.AxisY.Deflection;-100
23231;PRG_02_Acquisition.Data.Joystick.AxisY.Deflection;-100
23333;PRG_02_Acquisition.Data.Joystick.AxisY.Deflection;-100
23433;PRG_02_Acquisition.Data.Joystick.AxisY.Deflection;-100
23534;PRG_02_Acquisition.Data.Joystick.AxisY.Deflection;-100
23635;PRG_02_Acquisition.Data.Joystick.AxisY.Deflection;-100
23735;PRG_02_Acquisition.Data.Joystick.AxisY.Deflection;-100
23836;PRG_02_Acquisition.Data.Joystick.AxisY.Deflection;-100
23936;PRG_02_Acquisition.Data.Joystick.AxisY.Deflection;-100
24037;PRG_02_Acquisition.Data.Joystick.AxisY.Deflection;-100
24137;PRG_02_Acquisition.Data.Joystick.AxisY.Deflection;-100
24236;PRG_02_Acquisition.Data.Joystick.AxisY.Deflection;-100
24337;PRG_02_Acquisition.Data.Joystick.AxisY.Deflection;-100
24437;PRG_02_Acquisition.Data.Joystick.AxisY.Deflection;-100
24538;PRG_02_Acquisition.Data.Joystick.AxisY.Deflection;-100
24639;PRG_02_Acquisition.Data.Joystick.AxisY.Deflection;-100
24740;PRG_02_Acquisition.Data.Joystick.AxisY.Deflection;-100
24839;PRG_02_Acquisition.Data.Joystick.AxisY.Deflection;-100
24942;PRG_02_Acquisition.Data.Joystick.AxisY.Deflection;-100
25042;PRG_02_Acquisition.Data.Joystick.AxisY.Deflection;-100
25143;PRG_02_Acquisition.Data.Joystick.AxisY.Deflection;-100
25243;PRG_02_Acquisition.Data.Joystick.AxisY.Deflection;-100
25345;PRG_02_Acquisition.Data.Joystick.AxisY.Deflection;-100
25446;PRG_02_Acquisition.Data.Joystick.AxisY.Deflection;-100
25546;PRG_02_Acquisition.Data.Joystick.AxisY.Deflection;-100
25646;PRG_02_Acquisition.Data.Joystick.AxisY.Deflection;-100
25748;PRG_02_Acquisition.Data.Joystick.AxisY.Deflection;-100
25848;PRG_02_Acquisition.Data.Joystick.AxisY.Deflection;-100
25949;PRG_02_Acquisition.Data.Joystick.AxisY.Deflection;-100
26050;PRG_02_Acquisition.Data.Joystick.AxisY.Deflection;-100
26151;PRG_02_Acquisition.Data.Joystick.AxisY.Deflection;-100
26252;PRG_02_Acquisition.Data.Joystick.AxisY.Deflection;-100
26351;PRG_02_Acquisition.Data.Joystick.AxisY.Deflection;-100
26453;PRG_02_Acquisition.Data.Joystick.AxisY.Deflection;-100
26552;PRG_02_Acquisition.Data.Joystick.AxisY.Deflection;-100
26653;PRG_02_Acquisition.Data.Joystick.AxisY.Deflection;-100
26756;PRG_02_Acquisition.Data.Joystick.AxisY.Deflection;-100
26856;PRG_02_Acquisition.Data.Joystick.AxisY.Deflection;-100
26955;PRG_02_Acquisition.Data.Joystick.AxisY.Deflection;-100
27056;PRG_02_Acquisition.Data.Joystick.AxisY.Deflection;-100
27156;PRG_02_Acquisition.Data.Joystick.AxisY.Deflection;-100
27257;PRG_02_Acquisition.Data.Joystick.AxisY.Deflection;-100
27357;PRG_02_Acquisition.Data.Joystick.AxisY.Deflection;-100
27459;PRG_02_Acquisition.Data.Joystick.AxisY.Deflection;-100
27560;PRG_02_Acquisition.Data.Joystick.AxisY.Deflection;-100
27661;PRG_02_Acquisition.Data.Joystick.AxisY.Deflection;-100
27761;PRG_02_Acquisition.Data.Joystick.AxisY.Deflection;-100
27862;PRG_02_Acquisition.Data.Joystick.AxisY.Deflection;-100
27963;PRG_02_Acquisition.Data.Joystick.AxisY.Deflection;-100
28063;PRG_02_Acquisition.Data.Joystick.AxisY.Deflection;-100
28164;PRG_02_Acquisition.Data.Joystick.AxisY.Deflection;-100
28264;PRG_02_Acquisition.Data.Joystick.AxisY.Deflection;-100
28363;PRG_02_Acquisition.Data.Joystick.AxisY.Deflection;-100
28464;PRG_02_Acquisition.Data.Joystick.AxisY.Deflection;-100
28566;PRG_02_Acquisition.Data.Joystick.AxisY.Deflection;-100
28668;PRG_02_Acquisition.Data.Joystick.AxisY.Deflection;-100
28768;PRG_02_Acquisition.Data.Joystick.AxisY.Deflection;-100
28870;PRG_02_Acquisition.Data.Joystick.AxisY.Deflection;-100
28969;PRG_02_Acquisition.Data.Joystick.AxisY.Deflection;-100
29069;PRG_02_Acquisition.Data.Joystick.AxisY.Deflection;-100
29171;PRG_02_Acquisition.Data.Joystick.AxisY.Deflection;-100
29272;PRG_02_Acquisition.Data.Joystick.AxisY.Deflection;-100
29371;PRG_02_Acquisition.Data.Joystick.AxisY.Deflection;-100
29473;PRG_02_Acquisition.Data.Joystick.AxisY.Deflection;-100
29572;PRG_02_Acquisition.Data.Joystick.AxisY.Deflection;-100
29672;PRG_02_Acquisition.Data.Joystick.AxisY.Deflection;-100
29773;PRG_02_Acquisition.Data.Joystick.AxisY.Deflection;-100
29872;PRG_02_Acquisition.Data.Joystick.AxisY.Deflection;-100
29972;PRG_02_Acquisition.Data.Joystick.AxisY.Deflection;-100
30072;PRG_02_Acquisition.Data.Joystick.AxisY.Deflection;-100
30173;PRG_02_Acquisition.Data.Joystick.AxisY.Deflection;-100
30275;PRG_02_Acquisition.Data.Joystick.AxisY.Deflection;-100
30377;PRG_02_Acquisition.Data.Joystick.AxisY.Deflection;-100
30476;PRG_02_Acquisition.Data.Joystick.AxisY.Deflection;-100
30576;PRG_02_Acquisition.Data.Joystick.AxisY.Deflection;-100
30676;PRG_02_Acquisition.Data.Joystick.AxisY.Deflection;-100
30776;PRG_02_Acquisition.Data.Joystick.AxisY.Deflection;-100
30877;PRG_02_Acquisition.Data.Joystick.AxisY.Deflection;-100
30978;PRG_02_Acquisition.Data.Joystick.AxisY.Deflection;-100
31078;PRG_02_Acquisition.Data.Joystick.AxisY.Deflection;-100
31179;PRG_02_Acquisition.Data.Joystick.AxisY.Deflection;-100
31280;PRG_02_Acquisition.Data.Joystick.AxisY.Deflection;-100
31380;PRG_02_Acquisition.Data.Joystick.AxisY.Deflection;-100
31480;PRG_02_Acquisition.Data.Joystick.AxisY.Deflection;-100
31581;PRG_02_Acquisition.Data.Joystick.AxisY.Deflection;-100
31681;PRG_02_Acquisition.Data.Joystick.AxisY.Deflection;-100
3;PRG_02_Acquisition.Data.EncoderM1.Measurement.CablePosM;8.5
104;PRG_02_Acquisition.Data.EncoderM1.Measurement.CablePosM;8.5
204;PRG_02_Acquisition.Data.EncoderM1.Measurement.CablePosM;8.5
305;PRG_02_Acquisition.Data.EncoderM1.Measurement.CablePosM;8.5
406;PRG_02_Acquisition.Data.EncoderM1.Measurement.CablePosM;8.5
507;PRG_02_Acquisition.Data.EncoderM1.Measurement.CablePosM;8.5
607;PRG_02_Acquisition.Data.EncoderM1.Measurement.CablePosM;8.5
708;PRG_02_Acquisition.Data.EncoderM1.Measurement.CablePosM;8.5
809;PRG_02_Acquisition.Data.EncoderM1.Measurement.CablePosM;8.5
909;PRG_02_Acquisition.Data.EncoderM1.Measurement.CablePosM;8.5
1009;PRG_02_Acquisition.Data.EncoderM1.Measurement.CablePosM;8.5
1110;PRG_02_Acquisition.Data.EncoderM1.Measurement.CablePosM;8.5
1210;PRG_02_Acquisition.Data.EncoderM1.Measurement.CablePosM;8.5
1310;PRG_02_Acquisition.Data.EncoderM1.Measurement.CablePosM;8.5
1411;PRG_02_Acquisition.Data.EncoderM1.Measurement.CablePosM;8.5
1513;PRG_02_Acquisition.Data.EncoderM1.Measurement.CablePosM;8.5
1613;PRG_02_Acquisition.Data.EncoderM1.Measurement.CablePosM;8.5
1713;PRG_02_Acquisition.Data.EncoderM1.Measurement.CablePosM;8.5
1814;PRG_02_Acquisition.Data.EncoderM1.Measurement.CablePosM;8.5
1914;PRG_02_Acquisition.Data.EncoderM1.Measurement.CablePosM;8.5
2015;PRG_02_Acquisition.Data.EncoderM1.Measurement.CablePosM;8.5
2115;PRG_02_Acquisition.Data.EncoderM1.Measurement.CablePosM;8.5
2216;PRG_02_Acquisition.Data.EncoderM1.Measurement.CablePosM;8.5
2318;PRG_02_Acquisition.Data.EncoderM1.Measurement.CablePosM;8.5
2419;PRG_02_Acquisition.Data.EncoderM1.Measurement.CablePosM;8.5
2519;PRG_02_Acquisition.Data.EncoderM1.Measurement.CablePosM;8.5
2620;PRG_02_Acquisition.Data.EncoderM1.Measurement.CablePosM;8.5
2722;PRG_02_Acquisition.Data.EncoderM1.Measurement.CablePosM;8.5
2821;PRG_02_Acquisition.Data.EncoderM1.Measurement.CablePosM;8.5
2921;PRG_02_Acquisition.Data.EncoderM1.Measurement.CablePosM;8.5
3022;PRG_02_Acquisition.Data.EncoderM1.Measurement.CablePosM;8.5
3123;PRG_02_Acquisition.Data.EncoderM1.Measurement.CablePosM;8.5
3224;PRG_02_Acquisition.Data.EncoderM1.Measurement.CablePosM;8.5
3326;PRG_02_Acquisition.Data.EncoderM1.Measurement.CablePosM;8.5
3426;PRG_02_Acquisition.Data.EncoderM1.Measurement.CablePosM;8.5
3527;PRG_02_Acquisition.Data.EncoderM1.Measurement.CablePosM;8.5
3626;PRG_02_Acquisition.Data.EncoderM1.Measurement.CablePosM;8.5
3726;PRG_02_Acquisition.Data.EncoderM1.Measurement.CablePosM;8.5
3827;PRG_02_Acquisition.Data.EncoderM1.Measurement.CablePosM;8.5
3929;PRG_02_Acquisition.Data.EncoderM1.Measurement.CablePosM;8.5
4028;PRG_02_Acquisition.Data.EncoderM1.Measurement.CablePosM;8.5
4129;PRG_02_Acquisition.Data.EncoderM1.Measurement.CablePosM;8.5
4229;PRG_02_Acquisition.Data.EncoderM1.Measurement.CablePosM;8.5
4329;PRG_02_Acquisition.Data.EncoderM1.Measurement.CablePosM;8.5
4431;PRG_02_Acquisition.Data.EncoderM1.Measurement.CablePosM;8.5
4530;PRG_02_Acquisition.Data.EncoderM1.Measurement.CablePosM;8.5
4630;PRG_02_Acquisition.Data.EncoderM1.Measurement.CablePosM;8.5
4732;PRG_02_Acquisition.Data.EncoderM1.Measurement.CablePosM;8.5
4832;PRG_02_Acquisition.Data.EncoderM1.Measurement.CablePosM;8.5
4933;PRG_02_Acquisition.Data.EncoderM1.Measurement.CablePosM;8.5
5034;PRG_02_Acquisition.Data.EncoderM1.Measurement.CablePosM;8.5
5135;PRG_02_Acquisition.Data.EncoderM1.Measurement.CablePosM;8.5
5236;PRG_02_Acquisition.Data.EncoderM1.Measurement.CablePosM;8.5
5336;PRG_02_Acquisition.Data.EncoderM1.Measurement.CablePosM;8.5
5436;PRG_02_Acquisition.Data.EncoderM1.Measurement.CablePosM;8.5
5536;PRG_02_Acquisition.Data.EncoderM1.Measurement.CablePosM;8.5
5637;PRG_02_Acquisition.Data.EncoderM1.Measurement.CablePosM;8.5
5737;PRG_02_Acquisition.Data.EncoderM1.Measurement.CablePosM;8.5
5837;PRG_02_Acquisition.Data.EncoderM1.Measurement.CablePosM;8.5
5937;PRG_02_Acquisition.Data.EncoderM1.Measurement.CablePosM;8.5
6039;PRG_02_Acquisition.Data.EncoderM1.Measurement.CablePosM;8.5
6139;PRG_02_Acquisition.Data.EncoderM1.Measurement.CablePosM;8.5
6240;PRG_02_Acquisition.Data.EncoderM1.Measurement.CablePosM;8.5
6342;PRG_02_Acquisition.Data.EncoderM1.Measurement.CablePosM;8.5
6442;PRG_02_Acquisition.Data.EncoderM1.Measurement.CablePosM;8.5
6543;PRG_02_Acquisition.Data.EncoderM1.Measurement.CablePosM;8.5
6645;PRG_02_Acquisition.Data.EncoderM1.Measurement.CablePosM;8.5
6746;PRG_02_Acquisition.Data.EncoderM1.Measurement.CablePosM;8.5
6846;PRG_02_Acquisition.Data.EncoderM1.Measurement.CablePosM;8.5
6946;PRG_02_Acquisition.Data.EncoderM1.Measurement.CablePosM;8.5
7047;PRG_02_Acquisition.Data.EncoderM1.Measurement.CablePosM;8.5
7148;PRG_02_Acquisition.Data.EncoderM1.Measurement.CablePosM;8.5
7250;PRG_02_Acquisition.Data.EncoderM1.Measurement.CablePosM;8.5
7349;PRG_02_Acquisition.Data.EncoderM1.Measurement.CablePosM;8.5
7450;PRG_02_Acquisition.Data.EncoderM1.Measurement.CablePosM;8.5
7550;PRG_02_Acquisition.Data.EncoderM1.Measurement.CablePosM;8.5
7650;PRG_02_Acquisition.Data.EncoderM1.Measurement.CablePosM;8.5
7751;PRG_02_Acquisition.Data.EncoderM1.Measurement.CablePosM;8.5
7851;PRG_02_Acquisition.Data.EncoderM1.Measurement.CablePosM;8.5
7953;PRG_02_Acquisition.Data.EncoderM1.Measurement.CablePosM;8.5
8054;PRG_02_Acquisition.Data.EncoderM1.Measurement.CablePosM;8.5
8154;PRG_02_Acquisition.Data.EncoderM1.Measurement.CablePosM;8.5
8254;PRG_02_Acquisition.Data.EncoderM1.Measurement.CablePosM;8.5
8355;PRG_02_Acquisition.Data.EncoderM1.Measurement.CablePosM;8.5
8454;PRG_02_Acquisition.Data.EncoderM1.Measurement.CablePosM;8.5
8554;PRG_02_Acquisition.Data.EncoderM1.Measurement.CablePosM;8.5
8654;PRG_02_Acquisition.Data.EncoderM1.Measurement.CablePosM;8.5
8754;PRG_02_Acquisition.Data.EncoderM1.Measurement.CablePosM;8.5
8854;PRG_02_Acquisition.Data.EncoderM1.Measurement.CablePosM;8.5
8954;PRG_02_Acquisition.Data.EncoderM1.Measurement.CablePosM;8.5
9055;PRG_02_Acquisition.Data.EncoderM1.Measurement.CablePosM;8.5
9155;PRG_02_Acquisition.Data.EncoderM1.Measurement.CablePosM;8.5
9256;PRG_02_Acquisition.Data.EncoderM1.Measurement.CablePosM;8.5
9357;PRG_02_Acquisition.Data.EncoderM1.Measurement.CablePosM;8.5
9457;PRG_02_Acquisition.Data.EncoderM1.Measurement.CablePosM;8.5
9557;PRG_02_Acquisition.Data.EncoderM1.Measurement.CablePosM;8.5
9658;PRG_02_Acquisition.Data.EncoderM1.Measurement.CablePosM;8.5
9758;PRG_02_Acquisition.Data.EncoderM1.Measurement.CablePosM;8.5
9858;PRG_02_Acquisition.Data.EncoderM1.Measurement.CablePosM;8.5
9958;PRG_02_Acquisition.Data.EncoderM1.Measurement.CablePosM;8.5
10059;PRG_02_Acquisition.Data.EncoderM1.Measurement.CablePosM;8.5
10160;PRG_02_Acquisition.Data.EncoderM1.Measurement.CablePosM;8.5
10259;PRG_02_Acquisition.Data.EncoderM1.Measurement.CablePosM;8.5
10360;PRG_02_Acquisition.Data.EncoderM1.Measurement.CablePosM;8.5
10461;PRG_02_Acquisition.Data.EncoderM1.Measurement.CablePosM;8.5
10562;PRG_02_Acquisition.Data.EncoderM1.Measurement.CablePosM;8.5
10661;PRG_02_Acquisition.Data.EncoderM1.Measurement.CablePosM;8.5
10761;PRG_02_Acquisition.Data.EncoderM1.Measurement.CablePosM;8.5
10863;PRG_02_Acquisition.Data.EncoderM1.Measurement.CablePosM;8.5
10964;PRG_02_Acquisition.Data.EncoderM1.Measurement.CablePosM;8.5
11065;PRG_02_Acquisition.Data.EncoderM1.Measurement.CablePosM;8.5
11165;PRG_02_Acquisition.Data.EncoderM1.Measurement.CablePosM;8.5
11266;PRG_02_Acquisition.Data.EncoderM1.Measurement.CablePosM;8.5
11365;PRG_02_Acquisition.Data.EncoderM1.Measurement.CablePosM;8.5
11465;PRG_02_Acquisition.Data.EncoderM1.Measurement.CablePosM;8.5
11566;PRG_02_Acquisition.Data.EncoderM1.Measurement.CablePosM;8.5
11666;PRG_02_Acquisition.Data.EncoderM1.Measurement.CablePosM;8.5
11765;PRG_02_Acquisition.Data.EncoderM1.Measurement.CablePosM;8.5
11866;PRG_02_Acquisition.Data.EncoderM1.Measurement.CablePosM;8.5
11966;PRG_02_Acquisition.Data.EncoderM1.Measurement.CablePosM;8.5
12067;PRG_02_Acquisition.Data.EncoderM1.Measurement.CablePosM;8.5
12167;PRG_02_Acquisition.Data.EncoderM1.Measurement.CablePosM;8.5
12267;PRG_02_Acquisition.Data.EncoderM1.Measurement.CablePosM;8.5
12368;PRG_02_Acquisition.Data.EncoderM1.Measurement.CablePosM;8.5
12467;PRG_02_Acquisition.Data.EncoderM1.Measurement.CablePosM;8.5
12570;PRG_02_Acquisition.Data.EncoderM1.Measurement.CablePosM;8.5
12669;PRG_02_Acquisition.Data.EncoderM1.Measurement.CablePosM;8.5
12770;PRG_02_Acquisition.Data.EncoderM1.Measurement.CablePosM;8.5
12872;PRG_02_Acquisition.Data.EncoderM1.Measurement.CablePosM;8.5
12972;PRG_02_Acquisition.Data.EncoderM1.Measurement.CablePosM;8.5
13073;PRG_02_Acquisition.Data.EncoderM1.Measurement.CablePosM;8.5
13175;PRG_02_Acquisition.Data.EncoderM1.Measurement.CablePosM;8.5
13275;PRG_02_Acquisition.Data.EncoderM1.Measurement.CablePosM;8.5
13378;PRG_02_Acquisition.Data.EncoderM1.Measurement.CablePosM;8.5
13478;PRG_02_Acquisition.Data.EncoderM1.Measurement.CablePosM;8.5
13577;PRG_02_Acquisition.Data.EncoderM1.Measurement.CablePosM;8.5
13676;PRG_02_Acquisition.Data.EncoderM1.Measurement.CablePosM;8.5
13778;PRG_02_Acquisition.Data.EncoderM1.Measurement.CablePosM;8.5
13878;PRG_02_Acquisition.Data.EncoderM1.Measurement.CablePosM;8.5
13979;PRG_02_Acquisition.Data.EncoderM1.Measurement.CablePosM;8.5
14079;PRG_02_Acquisition.Data.EncoderM1.Measurement.CablePosM;8.5
14180;PRG_02_Acquisition.Data.EncoderM1.Measurement.CablePosM;8.5
14280;PRG_02_Acquisition.Data.EncoderM1.Measurement.CablePosM;8.5
14382;PRG_02_Acquisition.Data.EncoderM1.Measurement.CablePosM;8.5
14483;PRG_02_Acquisition.Data.EncoderM1.Measurement.CablePosM;8.5
14584;PRG_02_Acquisition.Data.EncoderM1.Measurement.CablePosM;8.5
14685;PRG_02_Acquisition.Data.EncoderM1.Measurement.CablePosM;8.5
14787;PRG_02_Acquisition.Data.EncoderM1.Measurement.CablePosM;8.5
14887;PRG_02_Acquisition.Data.EncoderM1.Measurement.CablePosM;8.5
14987;PRG_02_Acquisition.Data.EncoderM1.Measurement.CablePosM;8.5
15086;PRG_02_Acquisition.Data.EncoderM1.Measurement.CablePosM;8.5
15188;PRG_02_Acquisition.Data.EncoderM1.Measurement.CablePosM;8.5
15288;PRG_02_Acquisition.Data.EncoderM1.Measurement.CablePosM;8.5
15388;PRG_02_Acquisition.Data.EncoderM1.Measurement.CablePosM;8.5
15487;PRG_02_Acquisition.Data.EncoderM1.Measurement.CablePosM;8.5
15588;PRG_02_Acquisition.Data.EncoderM1.Measurement.CablePosM;8.5
15687;PRG_02_Acquisition.Data.EncoderM1.Measurement.CablePosM;8.5
15789;PRG_02_Acquisition.Data.EncoderM1.Measurement.CablePosM;8.5
15890;PRG_02_Acquisition.Data.EncoderM1.Measurement.CablePosM;8.5
15992;PRG_02_Acquisition.Data.EncoderM1.Measurement.CablePosM;8.5
16092;PRG_02_Acquisition.Data.EncoderM1.Measurement.CablePosM;8.5
16194;PRG_02_Acquisition.Data.EncoderM1.Measurement.CablePosM;8.5
16293;PRG_02_Acquisition.Data.EncoderM1.Measurement.CablePosM;8.5
16393;PRG_02_Acquisition.Data.EncoderM1.Measurement.CablePosM;8.5
16493;PRG_02_Acquisition.Data.EncoderM1.Measurement.CablePosM;8.5
16593;PRG_02_Acquisition.Data.EncoderM1.Measurement.CablePosM;8.5
16693;PRG_02_Acquisition.Data.EncoderM1.Measurement.CablePosM;8.5
16795;PRG_02_Acquisition.Data.EncoderM1.Measurement.CablePosM;8.5
16894;PRG_02_Acquisition.Data.EncoderM1.Measurement.CablePosM;8.5
16994;PRG_02_Acquisition.Data.EncoderM1.Measurement.CablePosM;8.5
17094;PRG_02_Acquisition.Data.EncoderM1.Measurement.CablePosM;8.5
17195;PRG_02_Acquisition.Data.EncoderM1.Measurement.CablePosM;8.5
17295;PRG_02_Acquisition.Data.EncoderM1.Measurement.CablePosM;8.5
17396;PRG_02_Acquisition.Data.EncoderM1.Measurement.CablePosM;8.5
17498;PRG_02_Acquisition.Data.EncoderM1.Measurement.CablePosM;8.5
17598;PRG_02_Acquisition.Data.EncoderM1.Measurement.CablePosM;8.5
17698;PRG_02_Acquisition.Data.EncoderM1.Measurement.CablePosM;8.5
17801;PRG_02_Acquisition.Data.EncoderM1.Measurement.CablePosM;8.5
17900;PRG_02_Acquisition.Data.EncoderM1.Measurement.CablePosM;8.5
18001;PRG_02_Acquisition.Data.EncoderM1.Measurement.CablePosM;8.5
18100;PRG_02_Acquisition.Data.EncoderM1.Measurement.CablePosM;8.5
18202;PRG_02_Acquisition.Data.EncoderM1.Measurement.CablePosM;8.5
18304;PRG_02_Acquisition.Data.EncoderM1.Measurement.CablePosM;8.5
18404;PRG_02_Acquisition.Data.EncoderM1.Measurement.CablePosM;8.5
18505;PRG_02_Acquisition.Data.EncoderM1.Measurement.CablePosM;8.5
18605;PRG_02_Acquisition.Data.EncoderM1.Measurement.CablePosM;8.4599609375
18706;PRG_02_Acquisition.Data.EncoderM1.Measurement.CablePosM;8.369873046875
18805;PRG_02_Acquisition.Data.EncoderM1.Measurement.CablePosM;8.269775390625
18905;PRG_02_Acquisition.Data.EncoderM1.Measurement.CablePosM;8.1796875
19007;PRG_02_Acquisition.Data.EncoderM1.Measurement.CablePosM;8.07958984375
19106;PRG_02_Acquisition.Data.EncoderM1.Measurement.CablePosM;7.984619140625
19207;PRG_02_Acquisition.Data.EncoderM1.Measurement.CablePosM;7.860107421875
19306;PRG_02_Acquisition.Data.EncoderM1.Measurement.CablePosM;7.735595703125
19407;PRG_02_Acquisition.Data.EncoderM1.Measurement.CablePosM;7.611083984375
19508;PRG_02_Acquisition.Data.EncoderM1.Measurement.CablePosM;7.4990234375
19607;PRG_02_Acquisition.Data.EncoderM1.Measurement.CablePosM;7.37451171875
19707;PRG_02_Acquisition.Data.EncoderM1.Measurement.CablePosM;7.240478515625
19810;PRG_02_Acquisition.Data.EncoderM1.Measurement.CablePosM;7.091552734375
19911;PRG_02_Acquisition.Data.EncoderM1.Measurement.CablePosM;6.95751953125
20012;PRG_02_Acquisition.Data.EncoderM1.Measurement.CablePosM;6.80859375
20113;PRG_02_Acquisition.Data.EncoderM1.Measurement.CablePosM;6.65966796875
20212;PRG_02_Acquisition.Data.EncoderM1.Measurement.CablePosM;6.5068359375
20313;PRG_02_Acquisition.Data.EncoderM1.Measurement.CablePosM;6.3310546875
20415;PRG_02_Acquisition.Data.EncoderM1.Measurement.CablePosM;6.1728515625
20516;PRG_02_Acquisition.Data.EncoderM1.Measurement.CablePosM;5.9970703125
20616;PRG_02_Acquisition.Data.EncoderM1.Measurement.CablePosM;5.8212890625
20718;PRG_02_Acquisition.Data.EncoderM1.Measurement.CablePosM;5.6630859375
20818;PRG_02_Acquisition.Data.EncoderM1.Measurement.CablePosM;5.4873046875
20920;PRG_02_Acquisition.Data.EncoderM1.Measurement.CablePosM;5.3291015625
21020;PRG_02_Acquisition.Data.EncoderM1.Measurement.CablePosM;5.1533203125
21121;PRG_02_Acquisition.Data.EncoderM1.Measurement.CablePosM;4.9951171875
21221;PRG_02_Acquisition.Data.EncoderM1.Measurement.CablePosM;4.8193359375
21323;PRG_02_Acquisition.Data.EncoderM1.Measurement.CablePosM;4.6611328125
21424;PRG_02_Acquisition.Data.EncoderM1.Measurement.CablePosM;4.4853515625
21524;PRG_02_Acquisition.Data.EncoderM1.Measurement.CablePosM;4.3095703125
21625;PRG_02_Acquisition.Data.EncoderM1.Measurement.CablePosM;4.1513671875
21724;PRG_02_Acquisition.Data.EncoderM1.Measurement.CablePosM;3.9755859375
21825;PRG_02_Acquisition.Data.EncoderM1.Measurement.CablePosM;3.822509765625
21924;PRG_02_Acquisition.Data.EncoderM1.Measurement.CablePosM;3.732421875
22026;PRG_02_Acquisition.Data.EncoderM1.Measurement.CablePosM;3.642333984375
22126;PRG_02_Acquisition.Data.EncoderM1.Measurement.CablePosM;3.542236328125
22226;PRG_02_Acquisition.Data.EncoderM1.Measurement.CablePosM;3.502197265625
22327;PRG_02_Acquisition.Data.EncoderM1.Measurement.CablePosM;3.502197265625
22426;PRG_02_Acquisition.Data.EncoderM1.Measurement.CablePosM;3.502197265625
22528;PRG_02_Acquisition.Data.EncoderM1.Measurement.CablePosM;3.502197265625
22628;PRG_02_Acquisition.Data.EncoderM1.Measurement.CablePosM;3.502197265625
22727;PRG_02_Acquisition.Data.EncoderM1.Measurement.CablePosM;3.502197265625
22827;PRG_02_Acquisition.Data.EncoderM1.Measurement.CablePosM;3.502197265625
22930;PRG_02_Acquisition.Data.EncoderM1.Measurement.CablePosM;3.502197265625
23030;PRG_02_Acquisition.Data.EncoderM1.Measurement.CablePosM;3.502197265625
23130;PRG_02_Acquisition.Data.EncoderM1.Measurement.CablePosM;3.502197265625
23231;PRG_02_Acquisition.Data.EncoderM1.Measurement.CablePosM;3.502197265625
23333;PRG_02_Acquisition.Data.EncoderM1.Measurement.CablePosM;3.502197265625
23433;PRG_02_Acquisition.Data.EncoderM1.Measurement.CablePosM;3.502197265625
23534;PRG_02_Acquisition.Data.EncoderM1.Measurement.CablePosM;3.502197265625
23635;PRG_02_Acquisition.Data.EncoderM1.Measurement.CablePosM;3.502197265625
23735;PRG_02_Acquisition.Data.EncoderM1.Measurement.CablePosM;3.502197265625
23836;PRG_02_Acquisition.Data.EncoderM1.Measurement.CablePosM;3.502197265625
23936;PRG_02_Acquisition.Data.EncoderM1.Measurement.CablePosM;3.502197265625
24037;PRG_02_Acquisition.Data.EncoderM1.Measurement.CablePosM;3.502197265625
24137;PRG_02_Acquisition.Data.EncoderM1.Measurement.CablePosM;3.502197265625
24236;PRG_02_Acquisition.Data.EncoderM1.Measurement.CablePosM;3.502197265625
24337;PRG_02_Acquisition.Data.EncoderM1.Measurement.CablePosM;3.502197265625
24437;PRG_02_Acquisition.Data.EncoderM1.Measurement.CablePosM;3.502197265625
24538;PRG_02_Acquisition.Data.EncoderM1.Measurement.CablePosM;3.502197265625
24639;PRG_02_Acquisition.Data.EncoderM1.Measurement.CablePosM;3.502197265625
24740;PRG_02_Acquisition.Data.EncoderM1.Measurement.CablePosM;3.502197265625
24839;PRG_02_Acquisition.Data.EncoderM1.Measurement.CablePosM;3.502197265625
24942;PRG_02_Acquisition.Data.EncoderM1.Measurement.CablePosM;3.502197265625
25042;PRG_02_Acquisition.Data.EncoderM1.Measurement.CablePosM;3.502197265625
25143;PRG_02_Acquisition.Data.EncoderM1.Measurement.CablePosM;3.502197265625
25243;PRG_02_Acquisition.Data.EncoderM1.Measurement.CablePosM;3.502197265625
25345;PRG_02_Acquisition.Data.EncoderM1.Measurement.CablePosM;3.502197265625
25446;PRG_02_Acquisition.Data.EncoderM1.Measurement.CablePosM;3.502197265625
25546;PRG_02_Acquisition.Data.EncoderM1.Measurement.CablePosM;3.502197265625
25646;PRG_02_Acquisition.Data.EncoderM1.Measurement.CablePosM;3.502197265625
25748;PRG_02_Acquisition.Data.EncoderM1.Measurement.CablePosM;3.502197265625
25848;PRG_02_Acquisition.Data.EncoderM1.Measurement.CablePosM;3.502197265625
25949;PRG_02_Acquisition.Data.EncoderM1.Measurement.CablePosM;3.502197265625
26050;PRG_02_Acquisition.Data.EncoderM1.Measurement.CablePosM;3.502197265625
26151;PRG_02_Acquisition.Data.EncoderM1.Measurement.CablePosM;3.502197265625
26252;PRG_02_Acquisition.Data.EncoderM1.Measurement.CablePosM;3.502197265625
26351;PRG_02_Acquisition.Data.EncoderM1.Measurement.CablePosM;3.502197265625
26453;PRG_02_Acquisition.Data.EncoderM1.Measurement.CablePosM;3.502197265625
26552;PRG_02_Acquisition.Data.EncoderM1.Measurement.CablePosM;3.502197265625
26653;PRG_02_Acquisition.Data.EncoderM1.Measurement.CablePosM;3.502197265625
26756;PRG_02_Acquisition.Data.EncoderM1.Measurement.CablePosM;3.502197265625
26856;PRG_02_Acquisition.Data.EncoderM1.Measurement.CablePosM;3.502197265625
26955;PRG_02_Acquisition.Data.EncoderM1.Measurement.CablePosM;3.502197265625
27056;PRG_02_Acquisition.Data.EncoderM1.Measurement.CablePosM;3.502197265625
27156;PRG_02_Acquisition.Data.EncoderM1.Measurement.CablePosM;3.502197265625
27257;PRG_02_Acquisition.Data.EncoderM1.Measurement.CablePosM;3.502197265625
27357;PRG_02_Acquisition.Data.EncoderM1.Measurement.CablePosM;3.502197265625
27459;PRG_02_Acquisition.Data.EncoderM1.Measurement.CablePosM;3.502197265625
27560;PRG_02_Acquisition.Data.EncoderM1.Measurement.CablePosM;3.502197265625
27661;PRG_02_Acquisition.Data.EncoderM1.Measurement.CablePosM;3.502197265625
27761;PRG_02_Acquisition.Data.EncoderM1.Measurement.CablePosM;3.502197265625
27862;PRG_02_Acquisition.Data.EncoderM1.Measurement.CablePosM;3.502197265625
27963;PRG_02_Acquisition.Data.EncoderM1.Measurement.CablePosM;3.502197265625
28063;PRG_02_Acquisition.Data.EncoderM1.Measurement.CablePosM;3.502197265625
28164;PRG_02_Acquisition.Data.EncoderM1.Measurement.CablePosM;3.502197265625
28264;PRG_02_Acquisition.Data.EncoderM1.Measurement.CablePosM;3.502197265625
28363;PRG_02_Acquisition.Data.EncoderM1.Measurement.CablePosM;3.502197265625
28464;PRG_02_Acquisition.Data.EncoderM1.Measurement.CablePosM;3.502197265625
28566;PRG_02_Acquisition.Data.EncoderM1.Measurement.CablePosM;3.502197265625
28668;PRG_02_Acquisition.Data.EncoderM1.Measurement.CablePosM;3.502197265625
28768;PRG_02_Acquisition.Data.EncoderM1.Measurement.CablePosM;3.502197265625
28870;PRG_02_Acquisition.Data.EncoderM1.Measurement.CablePosM;3.502197265625
28969;PRG_02_Acquisition.Data.EncoderM1.Measurement.CablePosM;3.502197265625
29069;PRG_02_Acquisition.Data.EncoderM1.Measurement.CablePosM;3.502197265625
29171;PRG_02_Acquisition.Data.EncoderM1.Measurement.CablePosM;3.502197265625
29272;PRG_02_Acquisition.Data.EncoderM1.Measurement.CablePosM;3.502197265625
29371;PRG_02_Acquisition.Data.EncoderM1.Measurement.CablePosM;3.502197265625
29473;PRG_02_Acquisition.Data.EncoderM1.Measurement.CablePosM;3.502197265625
29572;PRG_02_Acquisition.Data.EncoderM1.Measurement.CablePosM;3.502197265625
29672;PRG_02_Acquisition.Data.EncoderM1.Measurement.CablePosM;3.502197265625
29773;PRG_02_Acquisition.Data.EncoderM1.Measurement.CablePosM;3.502197265625
29872;PRG_02_Acquisition.Data.EncoderM1.Measurement.CablePosM;3.502197265625
29972;PRG_02_Acquisition.Data.EncoderM1.Measurement.CablePosM;3.502197265625
30072;PRG_02_Acquisition.Data.EncoderM1.Measurement.CablePosM;3.502197265625
30173;PRG_02_Acquisition.Data.EncoderM1.Measurement.CablePosM;3.502197265625
30275;PRG_02_Acquisition.Data.EncoderM1.Measurement.CablePosM;3.502197265625
30377;PRG_02_Acquisition.Data.EncoderM1.Measurement.CablePosM;3.502197265625
30476;PRG_02_Acquisition.Data.EncoderM1.Measurement.CablePosM;3.502197265625
30576;PRG_02_Acquisition.Data.EncoderM1.Measurement.CablePosM;3.502197265625
30676;PRG_02_Acquisition.Data.EncoderM1.Measurement.CablePosM;3.502197265625
30776;PRG_02_Acquisition.Data.EncoderM1.Measurement.CablePosM;3.502197265625
30877;PRG_02_Acquisition.Data.EncoderM1.Measurement.CablePosM;3.502197265625
30978;PRG_02_Acquisition.Data.EncoderM1.Measurement.CablePosM;3.502197265625
31078;PRG_02_Acquisition.Data.EncoderM1.Measurement.CablePosM;3.502197265625
31179;PRG_02_Acquisition.Data.EncoderM1.Measurement.CablePosM;3.502197265625
31280;PRG_02_Acquisition.Data.EncoderM1.Measurement.CablePosM;3.502197265625
31380;PRG_02_Acquisition.Data.EncoderM1.Measurement.CablePosM;3.502197265625
31480;PRG_02_Acquisition.Data.EncoderM1.Measurement.CablePosM;3.502197265625
31581;PRG_02_Acquisition.Data.EncoderM1.Measurement.CablePosM;3.502197265625
31681;PRG_02_Acquisition.Data.EncoderM1.Measurement.CablePosM;3.502197265625
3;PRG_02_Acquisition.Data.EncoderM2.Measurement.CablePosM;23.5
104;PRG_02_Acquisition.Data.EncoderM2.Measurement.CablePosM;23.5
204;PRG_02_Acquisition.Data.EncoderM2.Measurement.CablePosM;23.5
305;PRG_02_Acquisition.Data.EncoderM2.Measurement.CablePosM;23.5
406;PRG_02_Acquisition.Data.EncoderM2.Measurement.CablePosM;23.5
507;PRG_02_Acquisition.Data.EncoderM2.Measurement.CablePosM;23.5
607;PRG_02_Acquisition.Data.EncoderM2.Measurement.CablePosM;23.5
708;PRG_02_Acquisition.Data.EncoderM2.Measurement.CablePosM;23.5
809;PRG_02_Acquisition.Data.EncoderM2.Measurement.CablePosM;23.5
909;PRG_02_Acquisition.Data.EncoderM2.Measurement.CablePosM;23.5
1009;PRG_02_Acquisition.Data.EncoderM2.Measurement.CablePosM;23.5
1110;PRG_02_Acquisition.Data.EncoderM2.Measurement.CablePosM;23.5
1210;PRG_02_Acquisition.Data.EncoderM2.Measurement.CablePosM;23.5
1310;PRG_02_Acquisition.Data.EncoderM2.Measurement.CablePosM;23.5
1411;PRG_02_Acquisition.Data.EncoderM2.Measurement.CablePosM;23.5
1513;PRG_02_Acquisition.Data.EncoderM2.Measurement.CablePosM;23.5
1613;PRG_02_Acquisition.Data.EncoderM2.Measurement.CablePosM;23.5
1713;PRG_02_Acquisition.Data.EncoderM2.Measurement.CablePosM;23.5
1814;PRG_02_Acquisition.Data.EncoderM2.Measurement.CablePosM;23.5
1914;PRG_02_Acquisition.Data.EncoderM2.Measurement.CablePosM;23.5
2015;PRG_02_Acquisition.Data.EncoderM2.Measurement.CablePosM;23.5
2115;PRG_02_Acquisition.Data.EncoderM2.Measurement.CablePosM;23.5
2216;PRG_02_Acquisition.Data.EncoderM2.Measurement.CablePosM;23.5
2318;PRG_02_Acquisition.Data.EncoderM2.Measurement.CablePosM;23.5
2419;PRG_02_Acquisition.Data.EncoderM2.Measurement.CablePosM;23.5
2519;PRG_02_Acquisition.Data.EncoderM2.Measurement.CablePosM;23.5
2620;PRG_02_Acquisition.Data.EncoderM2.Measurement.CablePosM;23.5
2722;PRG_02_Acquisition.Data.EncoderM2.Measurement.CablePosM;23.5
2821;PRG_02_Acquisition.Data.EncoderM2.Measurement.CablePosM;23.5
2921;PRG_02_Acquisition.Data.EncoderM2.Measurement.CablePosM;23.5
3022;PRG_02_Acquisition.Data.EncoderM2.Measurement.CablePosM;23.5
3123;PRG_02_Acquisition.Data.EncoderM2.Measurement.CablePosM;23.5
3224;PRG_02_Acquisition.Data.EncoderM2.Measurement.CablePosM;23.5
3326;PRG_02_Acquisition.Data.EncoderM2.Measurement.CablePosM;23.5
3426;PRG_02_Acquisition.Data.EncoderM2.Measurement.CablePosM;23.5
3527;PRG_02_Acquisition.Data.EncoderM2.Measurement.CablePosM;23.5
3626;PRG_02_Acquisition.Data.EncoderM2.Measurement.CablePosM;23.5
3726;PRG_02_Acquisition.Data.EncoderM2.Measurement.CablePosM;23.5
3827;PRG_02_Acquisition.Data.EncoderM2.Measurement.CablePosM;23.5
3929;PRG_02_Acquisition.Data.EncoderM2.Measurement.CablePosM;23.5
4028;PRG_02_Acquisition.Data.EncoderM2.Measurement.CablePosM;23.5
4129;PRG_02_Acquisition.Data.EncoderM2.Measurement.CablePosM;23.5
4229;PRG_02_Acquisition.Data.EncoderM2.Measurement.CablePosM;23.5
4329;PRG_02_Acquisition.Data.EncoderM2.Measurement.CablePosM;23.5
4431;PRG_02_Acquisition.Data.EncoderM2.Measurement.CablePosM;23.5
4530;PRG_02_Acquisition.Data.EncoderM2.Measurement.CablePosM;23.5
4630;PRG_02_Acquisition.Data.EncoderM2.Measurement.CablePosM;23.5
4732;PRG_02_Acquisition.Data.EncoderM2.Measurement.CablePosM;23.5
4832;PRG_02_Acquisition.Data.EncoderM2.Measurement.CablePosM;23.5
4933;PRG_02_Acquisition.Data.EncoderM2.Measurement.CablePosM;23.5
5034;PRG_02_Acquisition.Data.EncoderM2.Measurement.CablePosM;23.5
5135;PRG_02_Acquisition.Data.EncoderM2.Measurement.CablePosM;23.5
5236;PRG_02_Acquisition.Data.EncoderM2.Measurement.CablePosM;23.5
5336;PRG_02_Acquisition.Data.EncoderM2.Measurement.CablePosM;23.5
5436;PRG_02_Acquisition.Data.EncoderM2.Measurement.CablePosM;23.5
5536;PRG_02_Acquisition.Data.EncoderM2.Measurement.CablePosM;23.5
5637;PRG_02_Acquisition.Data.EncoderM2.Measurement.CablePosM;23.5
5737;PRG_02_Acquisition.Data.EncoderM2.Measurement.CablePosM;23.5
5837;PRG_02_Acquisition.Data.EncoderM2.Measurement.CablePosM;23.5
5937;PRG_02_Acquisition.Data.EncoderM2.Measurement.CablePosM;23.5
6039;PRG_02_Acquisition.Data.EncoderM2.Measurement.CablePosM;23.5
6139;PRG_02_Acquisition.Data.EncoderM2.Measurement.CablePosM;23.5
6240;PRG_02_Acquisition.Data.EncoderM2.Measurement.CablePosM;23.5
6342;PRG_02_Acquisition.Data.EncoderM2.Measurement.CablePosM;23.5
6442;PRG_02_Acquisition.Data.EncoderM2.Measurement.CablePosM;23.5
6543;PRG_02_Acquisition.Data.EncoderM2.Measurement.CablePosM;23.5
6645;PRG_02_Acquisition.Data.EncoderM2.Measurement.CablePosM;23.5
6746;PRG_02_Acquisition.Data.EncoderM2.Measurement.CablePosM;23.5
6846;PRG_02_Acquisition.Data.EncoderM2.Measurement.CablePosM;23.5
6946;PRG_02_Acquisition.Data.EncoderM2.Measurement.CablePosM;23.5
7047;PRG_02_Acquisition.Data.EncoderM2.Measurement.CablePosM;23.5
7148;PRG_02_Acquisition.Data.EncoderM2.Measurement.CablePosM;23.5
7250;PRG_02_Acquisition.Data.EncoderM2.Measurement.CablePosM;23.5
7349;PRG_02_Acquisition.Data.EncoderM2.Measurement.CablePosM;23.5
7450;PRG_02_Acquisition.Data.EncoderM2.Measurement.CablePosM;23.5
7550;PRG_02_Acquisition.Data.EncoderM2.Measurement.CablePosM;23.5
7650;PRG_02_Acquisition.Data.EncoderM2.Measurement.CablePosM;23.5
7751;PRG_02_Acquisition.Data.EncoderM2.Measurement.CablePosM;23.5
7851;PRG_02_Acquisition.Data.EncoderM2.Measurement.CablePosM;23.5
7953;PRG_02_Acquisition.Data.EncoderM2.Measurement.CablePosM;23.5
8054;PRG_02_Acquisition.Data.EncoderM2.Measurement.CablePosM;23.5
8154;PRG_02_Acquisition.Data.EncoderM2.Measurement.CablePosM;23.5
8254;PRG_02_Acquisition.Data.EncoderM2.Measurement.CablePosM;23.5
8355;PRG_02_Acquisition.Data.EncoderM2.Measurement.CablePosM;23.5
8454;PRG_02_Acquisition.Data.EncoderM2.Measurement.CablePosM;23.5
8554;PRG_02_Acquisition.Data.EncoderM2.Measurement.CablePosM;23.5
8654;PRG_02_Acquisition.Data.EncoderM2.Measurement.CablePosM;23.5
8754;PRG_02_Acquisition.Data.EncoderM2.Measurement.CablePosM;23.5
8854;PRG_02_Acquisition.Data.EncoderM2.Measurement.CablePosM;23.5
8954;PRG_02_Acquisition.Data.EncoderM2.Measurement.CablePosM;23.5
9055;PRG_02_Acquisition.Data.EncoderM2.Measurement.CablePosM;23.5
9155;PRG_02_Acquisition.Data.EncoderM2.Measurement.CablePosM;23.5
9256;PRG_02_Acquisition.Data.EncoderM2.Measurement.CablePosM;23.419921875
9357;PRG_02_Acquisition.Data.EncoderM2.Measurement.CablePosM;23.31982421875
9457;PRG_02_Acquisition.Data.EncoderM2.Measurement.CablePosM;23.229736328125
9557;PRG_02_Acquisition.Data.EncoderM2.Measurement.CablePosM;23.129638671875
9658;PRG_02_Acquisition.Data.EncoderM2.Measurement.CablePosM;23.03955078125
9758;PRG_02_Acquisition.Data.EncoderM2.Measurement.CablePosM;22.939453125
9858;PRG_02_Acquisition.Data.EncoderM2.Measurement.CablePosM;22.829833984375
9958;PRG_02_Acquisition.Data.EncoderM2.Measurement.CablePosM;22.705322265625
10059;PRG_02_Acquisition.Data.EncoderM2.Measurement.CablePosM;22.580810546875
10160;PRG_02_Acquisition.Data.EncoderM2.Measurement.CablePosM;22.46875
10259;PRG_02_Acquisition.Data.EncoderM2.Measurement.CablePosM;22.356689453125
10360;PRG_02_Acquisition.Data.EncoderM2.Measurement.CablePosM;22.217529296875
10461;PRG_02_Acquisition.Data.EncoderM2.Measurement.CablePosM;22.08349609375
10562;PRG_02_Acquisition.Data.EncoderM2.Measurement.CablePosM;21.9345703125
10661;PRG_02_Acquisition.Data.EncoderM2.Measurement.CablePosM;21.800537109375
10761;PRG_02_Acquisition.Data.EncoderM2.Measurement.CablePosM;21.651611328125
10863;PRG_02_Acquisition.Data.EncoderM2.Measurement.CablePosM;21.491943359375
10964;PRG_02_Acquisition.Data.EncoderM2.Measurement.CablePosM;21.333740234375
11065;PRG_02_Acquisition.Data.EncoderM2.Measurement.CablePosM;21.175537109375
11165;PRG_02_Acquisition.Data.EncoderM2.Measurement.CablePosM;21.017333984375
11266;PRG_02_Acquisition.Data.EncoderM2.Measurement.CablePosM;20.841552734375
11365;PRG_02_Acquisition.Data.EncoderM2.Measurement.CablePosM;20.683349609375
11465;PRG_02_Acquisition.Data.EncoderM2.Measurement.CablePosM;20.507568359375
11566;PRG_02_Acquisition.Data.EncoderM2.Measurement.CablePosM;20.349365234375
11666;PRG_02_Acquisition.Data.EncoderM2.Measurement.CablePosM;20.173583984375
11765;PRG_02_Acquisition.Data.EncoderM2.Measurement.CablePosM;20.015380859375
11866;PRG_02_Acquisition.Data.EncoderM2.Measurement.CablePosM;19.839599609375
11966;PRG_02_Acquisition.Data.EncoderM2.Measurement.CablePosM;19.663818359375
12067;PRG_02_Acquisition.Data.EncoderM2.Measurement.CablePosM;19.505615234375
12167;PRG_02_Acquisition.Data.EncoderM2.Measurement.CablePosM;19.329833984375
12267;PRG_02_Acquisition.Data.EncoderM2.Measurement.CablePosM;19.171630859375
12368;PRG_02_Acquisition.Data.EncoderM2.Measurement.CablePosM;18.995849609375
12467;PRG_02_Acquisition.Data.EncoderM2.Measurement.CablePosM;18.837646484375
12570;PRG_02_Acquisition.Data.EncoderM2.Measurement.CablePosM;18.661865234375
12669;PRG_02_Acquisition.Data.EncoderM2.Measurement.CablePosM;18.503662109375
12770;PRG_02_Acquisition.Data.EncoderM2.Measurement.CablePosM;18.327880859375
12872;PRG_02_Acquisition.Data.EncoderM2.Measurement.CablePosM;18.152099609375
12972;PRG_02_Acquisition.Data.EncoderM2.Measurement.CablePosM;17.993896484375
13073;PRG_02_Acquisition.Data.EncoderM2.Measurement.CablePosM;17.835693359375
13175;PRG_02_Acquisition.Data.EncoderM2.Measurement.CablePosM;17.659912109375
13275;PRG_02_Acquisition.Data.EncoderM2.Measurement.CablePosM;17.484130859375
13378;PRG_02_Acquisition.Data.EncoderM2.Measurement.CablePosM;17.325927734375
13478;PRG_02_Acquisition.Data.EncoderM2.Measurement.CablePosM;17.150146484375
13577;PRG_02_Acquisition.Data.EncoderM2.Measurement.CablePosM;16.991943359375
13676;PRG_02_Acquisition.Data.EncoderM2.Measurement.CablePosM;16.833740234375
13778;PRG_02_Acquisition.Data.EncoderM2.Measurement.CablePosM;16.657958984375
13878;PRG_02_Acquisition.Data.EncoderM2.Measurement.CablePosM;16.499755859375
13979;PRG_02_Acquisition.Data.EncoderM2.Measurement.CablePosM;16.323974609375
14079;PRG_02_Acquisition.Data.EncoderM2.Measurement.CablePosM;16.165771484375
14180;PRG_02_Acquisition.Data.EncoderM2.Measurement.CablePosM;15.989990234375
14280;PRG_02_Acquisition.Data.EncoderM2.Measurement.CablePosM;15.831787109375
14382;PRG_02_Acquisition.Data.EncoderM2.Measurement.CablePosM;15.656005859375
14483;PRG_02_Acquisition.Data.EncoderM2.Measurement.CablePosM;15.497802734375
14584;PRG_02_Acquisition.Data.EncoderM2.Measurement.CablePosM;15.339599609375
14685;PRG_02_Acquisition.Data.EncoderM2.Measurement.CablePosM;15.163818359375
14787;PRG_02_Acquisition.Data.EncoderM2.Measurement.CablePosM;14.988037109375
14887;PRG_02_Acquisition.Data.EncoderM2.Measurement.CablePosM;14.829833984375
14987;PRG_02_Acquisition.Data.EncoderM2.Measurement.CablePosM;14.654052734375
15086;PRG_02_Acquisition.Data.EncoderM2.Measurement.CablePosM;14.495849609375
15188;PRG_02_Acquisition.Data.EncoderM2.Measurement.CablePosM;14.320068359375
15288;PRG_02_Acquisition.Data.EncoderM2.Measurement.CablePosM;14.161865234375
15388;PRG_02_Acquisition.Data.EncoderM2.Measurement.CablePosM;14.003662109375
15487;PRG_02_Acquisition.Data.EncoderM2.Measurement.CablePosM;13.827880859375
15588;PRG_02_Acquisition.Data.EncoderM2.Measurement.CablePosM;13.669677734375
15687;PRG_02_Acquisition.Data.EncoderM2.Measurement.CablePosM;13.511474609375
15789;PRG_02_Acquisition.Data.EncoderM2.Measurement.CablePosM;13.335693359375
15890;PRG_02_Acquisition.Data.EncoderM2.Measurement.CablePosM;13.177490234375
15992;PRG_02_Acquisition.Data.EncoderM2.Measurement.CablePosM;13.001708984375
16092;PRG_02_Acquisition.Data.EncoderM2.Measurement.CablePosM;12.843505859375
16194;PRG_02_Acquisition.Data.EncoderM2.Measurement.CablePosM;12.667724609375
16293;PRG_02_Acquisition.Data.EncoderM2.Measurement.CablePosM;12.509521484375
16393;PRG_02_Acquisition.Data.EncoderM2.Measurement.CablePosM;12.333740234375
16493;PRG_02_Acquisition.Data.EncoderM2.Measurement.CablePosM;12.175537109375
16593;PRG_02_Acquisition.Data.EncoderM2.Measurement.CablePosM;11.999755859375
16693;PRG_02_Acquisition.Data.EncoderM2.Measurement.CablePosM;11.841552734375
16795;PRG_02_Acquisition.Data.EncoderM2.Measurement.CablePosM;11.683349609375
16894;PRG_02_Acquisition.Data.EncoderM2.Measurement.CablePosM;11.507568359375
16994;PRG_02_Acquisition.Data.EncoderM2.Measurement.CablePosM;11.349365234375
17094;PRG_02_Acquisition.Data.EncoderM2.Measurement.CablePosM;11.191162109375
17195;PRG_02_Acquisition.Data.EncoderM2.Measurement.CablePosM;11.015380859375
17295;PRG_02_Acquisition.Data.EncoderM2.Measurement.CablePosM;10.839599609375
17396;PRG_02_Acquisition.Data.EncoderM2.Measurement.CablePosM;10.681396484375
17498;PRG_02_Acquisition.Data.EncoderM2.Measurement.CablePosM;10.505615234375
17598;PRG_02_Acquisition.Data.EncoderM2.Measurement.CablePosM;10.347412109375
17698;PRG_02_Acquisition.Data.EncoderM2.Measurement.CablePosM;10.171630859375
17801;PRG_02_Acquisition.Data.EncoderM2.Measurement.CablePosM;10.013427734375
17900;PRG_02_Acquisition.Data.EncoderM2.Measurement.CablePosM;9.837646484375
18001;PRG_02_Acquisition.Data.EncoderM2.Measurement.CablePosM;9.724853515625
18100;PRG_02_Acquisition.Data.EncoderM2.Measurement.CablePosM;9.624755859375
18202;PRG_02_Acquisition.Data.EncoderM2.Measurement.CablePosM;9.53466796875
18304;PRG_02_Acquisition.Data.EncoderM2.Measurement.CablePosM;9.504638671875
18404;PRG_02_Acquisition.Data.EncoderM2.Measurement.CablePosM;9.504638671875
18505;PRG_02_Acquisition.Data.EncoderM2.Measurement.CablePosM;9.504638671875
18605;PRG_02_Acquisition.Data.EncoderM2.Measurement.CablePosM;9.464599609375
18706;PRG_02_Acquisition.Data.EncoderM2.Measurement.CablePosM;9.37451171875
18805;PRG_02_Acquisition.Data.EncoderM2.Measurement.CablePosM;9.2744140625
18905;PRG_02_Acquisition.Data.EncoderM2.Measurement.CablePosM;9.184326171875
19007;PRG_02_Acquisition.Data.EncoderM2.Measurement.CablePosM;9.084228515625
19106;PRG_02_Acquisition.Data.EncoderM2.Measurement.CablePosM;8.9892578125
19207;PRG_02_Acquisition.Data.EncoderM2.Measurement.CablePosM;8.86474609375
19306;PRG_02_Acquisition.Data.EncoderM2.Measurement.CablePosM;8.740234375
19407;PRG_02_Acquisition.Data.EncoderM2.Measurement.CablePosM;8.61572265625
19508;PRG_02_Acquisition.Data.EncoderM2.Measurement.CablePosM;8.503662109375
19607;PRG_02_Acquisition.Data.EncoderM2.Measurement.CablePosM;8.379150390625
19707;PRG_02_Acquisition.Data.EncoderM2.Measurement.CablePosM;8.2451171875
19810;PRG_02_Acquisition.Data.EncoderM2.Measurement.CablePosM;8.09619140625
19911;PRG_02_Acquisition.Data.EncoderM2.Measurement.CablePosM;7.962158203125
20012;PRG_02_Acquisition.Data.EncoderM2.Measurement.CablePosM;7.813232421875
20113;PRG_02_Acquisition.Data.EncoderM2.Measurement.CablePosM;7.664306640625
20212;PRG_02_Acquisition.Data.EncoderM2.Measurement.CablePosM;7.511474609375
20313;PRG_02_Acquisition.Data.EncoderM2.Measurement.CablePosM;7.335693359375
20415;PRG_02_Acquisition.Data.EncoderM2.Measurement.CablePosM;7.177490234375
20516;PRG_02_Acquisition.Data.EncoderM2.Measurement.CablePosM;7.001708984375
20616;PRG_02_Acquisition.Data.EncoderM2.Measurement.CablePosM;6.825927734375
20718;PRG_02_Acquisition.Data.EncoderM2.Measurement.CablePosM;6.667724609375
20818;PRG_02_Acquisition.Data.EncoderM2.Measurement.CablePosM;6.491943359375
20920;PRG_02_Acquisition.Data.EncoderM2.Measurement.CablePosM;6.333740234375
21020;PRG_02_Acquisition.Data.EncoderM2.Measurement.CablePosM;6.157958984375
21121;PRG_02_Acquisition.Data.EncoderM2.Measurement.CablePosM;5.999755859375
21221;PRG_02_Acquisition.Data.EncoderM2.Measurement.CablePosM;5.823974609375
21323;PRG_02_Acquisition.Data.EncoderM2.Measurement.CablePosM;5.665771484375
21424;PRG_02_Acquisition.Data.EncoderM2.Measurement.CablePosM;5.489990234375
21524;PRG_02_Acquisition.Data.EncoderM2.Measurement.CablePosM;5.314208984375
21625;PRG_02_Acquisition.Data.EncoderM2.Measurement.CablePosM;5.156005859375
21724;PRG_02_Acquisition.Data.EncoderM2.Measurement.CablePosM;4.980224609375
21825;PRG_02_Acquisition.Data.EncoderM2.Measurement.CablePosM;4.8271484375
21924;PRG_02_Acquisition.Data.EncoderM2.Measurement.CablePosM;4.737060546875
22026;PRG_02_Acquisition.Data.EncoderM2.Measurement.CablePosM;4.64697265625
22126;PRG_02_Acquisition.Data.EncoderM2.Measurement.CablePosM;4.546875
22226;PRG_02_Acquisition.Data.EncoderM2.Measurement.CablePosM;4.456787109375
22327;PRG_02_Acquisition.Data.EncoderM2.Measurement.CablePosM;4.44677734375
22426;PRG_02_Acquisition.Data.EncoderM2.Measurement.CablePosM;4.44677734375
22528;PRG_02_Acquisition.Data.EncoderM2.Measurement.CablePosM;4.44677734375
22628;PRG_02_Acquisition.Data.EncoderM2.Measurement.CablePosM;4.44677734375
22727;PRG_02_Acquisition.Data.EncoderM2.Measurement.CablePosM;4.44677734375
22827;PRG_02_Acquisition.Data.EncoderM2.Measurement.CablePosM;4.44677734375
22930;PRG_02_Acquisition.Data.EncoderM2.Measurement.CablePosM;4.44677734375
23030;PRG_02_Acquisition.Data.EncoderM2.Measurement.CablePosM;4.44677734375
23130;PRG_02_Acquisition.Data.EncoderM2.Measurement.CablePosM;4.44677734375
23231;PRG_02_Acquisition.Data.EncoderM2.Measurement.CablePosM;4.44677734375
23333;PRG_02_Acquisition.Data.EncoderM2.Measurement.CablePosM;4.44677734375
23433;PRG_02_Acquisition.Data.EncoderM2.Measurement.CablePosM;4.44677734375
23534;PRG_02_Acquisition.Data.EncoderM2.Measurement.CablePosM;4.44677734375
23635;PRG_02_Acquisition.Data.EncoderM2.Measurement.CablePosM;4.44677734375
23735;PRG_02_Acquisition.Data.EncoderM2.Measurement.CablePosM;4.44677734375
23836;PRG_02_Acquisition.Data.EncoderM2.Measurement.CablePosM;4.44677734375
23936;PRG_02_Acquisition.Data.EncoderM2.Measurement.CablePosM;4.44677734375
24037;PRG_02_Acquisition.Data.EncoderM2.Measurement.CablePosM;4.44677734375
24137;PRG_02_Acquisition.Data.EncoderM2.Measurement.CablePosM;4.44677734375
24236;PRG_02_Acquisition.Data.EncoderM2.Measurement.CablePosM;4.44677734375
24337;PRG_02_Acquisition.Data.EncoderM2.Measurement.CablePosM;4.44677734375
24437;PRG_02_Acquisition.Data.EncoderM2.Measurement.CablePosM;4.44677734375
24538;PRG_02_Acquisition.Data.EncoderM2.Measurement.CablePosM;4.44677734375
24639;PRG_02_Acquisition.Data.EncoderM2.Measurement.CablePosM;4.44677734375
24740;PRG_02_Acquisition.Data.EncoderM2.Measurement.CablePosM;4.44677734375
24839;PRG_02_Acquisition.Data.EncoderM2.Measurement.CablePosM;4.44677734375
24942;PRG_02_Acquisition.Data.EncoderM2.Measurement.CablePosM;4.44677734375
25042;PRG_02_Acquisition.Data.EncoderM2.Measurement.CablePosM;4.44677734375
25143;PRG_02_Acquisition.Data.EncoderM2.Measurement.CablePosM;4.44677734375
25243;PRG_02_Acquisition.Data.EncoderM2.Measurement.CablePosM;4.44677734375
25345;PRG_02_Acquisition.Data.EncoderM2.Measurement.CablePosM;4.44677734375
25446;PRG_02_Acquisition.Data.EncoderM2.Measurement.CablePosM;4.44677734375
25546;PRG_02_Acquisition.Data.EncoderM2.Measurement.CablePosM;4.44677734375
25646;PRG_02_Acquisition.Data.EncoderM2.Measurement.CablePosM;4.44677734375
25748;PRG_02_Acquisition.Data.EncoderM2.Measurement.CablePosM;4.44677734375
25848;PRG_02_Acquisition.Data.EncoderM2.Measurement.CablePosM;4.44677734375
25949;PRG_02_Acquisition.Data.EncoderM2.Measurement.CablePosM;4.44677734375
26050;PRG_02_Acquisition.Data.EncoderM2.Measurement.CablePosM;4.44677734375
26151;PRG_02_Acquisition.Data.EncoderM2.Measurement.CablePosM;4.44677734375
26252;PRG_02_Acquisition.Data.EncoderM2.Measurement.CablePosM;4.44677734375
26351;PRG_02_Acquisition.Data.EncoderM2.Measurement.CablePosM;4.44677734375
26453;PRG_02_Acquisition.Data.EncoderM2.Measurement.CablePosM;4.44677734375
26552;PRG_02_Acquisition.Data.EncoderM2.Measurement.CablePosM;4.44677734375
26653;PRG_02_Acquisition.Data.EncoderM2.Measurement.CablePosM;4.44677734375
26756;PRG_02_Acquisition.Data.EncoderM2.Measurement.CablePosM;4.44677734375
26856;PRG_02_Acquisition.Data.EncoderM2.Measurement.CablePosM;4.44677734375
26955;PRG_02_Acquisition.Data.EncoderM2.Measurement.CablePosM;4.44677734375
27056;PRG_02_Acquisition.Data.EncoderM2.Measurement.CablePosM;4.44677734375
27156;PRG_02_Acquisition.Data.EncoderM2.Measurement.CablePosM;4.44677734375
27257;PRG_02_Acquisition.Data.EncoderM2.Measurement.CablePosM;4.44677734375
27357;PRG_02_Acquisition.Data.EncoderM2.Measurement.CablePosM;4.44677734375
27459;PRG_02_Acquisition.Data.EncoderM2.Measurement.CablePosM;4.44677734375
27560;PRG_02_Acquisition.Data.EncoderM2.Measurement.CablePosM;4.44677734375
27661;PRG_02_Acquisition.Data.EncoderM2.Measurement.CablePosM;4.44677734375
27761;PRG_02_Acquisition.Data.EncoderM2.Measurement.CablePosM;4.44677734375
27862;PRG_02_Acquisition.Data.EncoderM2.Measurement.CablePosM;4.44677734375
27963;PRG_02_Acquisition.Data.EncoderM2.Measurement.CablePosM;4.44677734375
28063;PRG_02_Acquisition.Data.EncoderM2.Measurement.CablePosM;4.44677734375
28164;PRG_02_Acquisition.Data.EncoderM2.Measurement.CablePosM;4.44677734375
28264;PRG_02_Acquisition.Data.EncoderM2.Measurement.CablePosM;4.44677734375
28363;PRG_02_Acquisition.Data.EncoderM2.Measurement.CablePosM;4.44677734375
28464;PRG_02_Acquisition.Data.EncoderM2.Measurement.CablePosM;4.44677734375
28566;PRG_02_Acquisition.Data.EncoderM2.Measurement.CablePosM;4.44677734375
28668;PRG_02_Acquisition.Data.EncoderM2.Measurement.CablePosM;4.44677734375
28768;PRG_02_Acquisition.Data.EncoderM2.Measurement.CablePosM;4.44677734375
28870;PRG_02_Acquisition.Data.EncoderM2.Measurement.CablePosM;4.44677734375
28969;PRG_02_Acquisition.Data.EncoderM2.Measurement.CablePosM;4.44677734375
29069;PRG_02_Acquisition.Data.EncoderM2.Measurement.CablePosM;4.44677734375
29171;PRG_02_Acquisition.Data.EncoderM2.Measurement.CablePosM;4.44677734375
29272;PRG_02_Acquisition.Data.EncoderM2.Measurement.CablePosM;4.44677734375
29371;PRG_02_Acquisition.Data.EncoderM2.Measurement.CablePosM;4.44677734375
29473;PRG_02_Acquisition.Data.EncoderM2.Measurement.CablePosM;4.44677734375
29572;PRG_02_Acquisition.Data.EncoderM2.Measurement.CablePosM;4.44677734375
29672;PRG_02_Acquisition.Data.EncoderM2.Measurement.CablePosM;4.44677734375
29773;PRG_02_Acquisition.Data.EncoderM2.Measurement.CablePosM;4.44677734375
29872;PRG_02_Acquisition.Data.EncoderM2.Measurement.CablePosM;4.44677734375
29972;PRG_02_Acquisition.Data.EncoderM2.Measurement.CablePosM;4.44677734375
30072;PRG_02_Acquisition.Data.EncoderM2.Measurement.CablePosM;4.44677734375
30173;PRG_02_Acquisition.Data.EncoderM2.Measurement.CablePosM;4.44677734375
30275;PRG_02_Acquisition.Data.EncoderM2.Measurement.CablePosM;4.44677734375
30377;PRG_02_Acquisition.Data.EncoderM2.Measurement.CablePosM;4.44677734375
30476;PRG_02_Acquisition.Data.EncoderM2.Measurement.CablePosM;4.44677734375
30576;PRG_02_Acquisition.Data.EncoderM2.Measurement.CablePosM;4.44677734375
30676;PRG_02_Acquisition.Data.EncoderM2.Measurement.CablePosM;4.44677734375
30776;PRG_02_Acquisition.Data.EncoderM2.Measurement.CablePosM;4.44677734375
30877;PRG_02_Acquisition.Data.EncoderM2.Measurement.CablePosM;4.44677734375
30978;PRG_02_Acquisition.Data.EncoderM2.Measurement.CablePosM;4.44677734375
31078;PRG_02_Acquisition.Data.EncoderM2.Measurement.CablePosM;4.44677734375
31179;PRG_02_Acquisition.Data.EncoderM2.Measurement.CablePosM;4.44677734375
31280;PRG_02_Acquisition.Data.EncoderM2.Measurement.CablePosM;4.44677734375
31380;PRG_02_Acquisition.Data.EncoderM2.Measurement.CablePosM;4.44677734375
31480;PRG_02_Acquisition.Data.EncoderM2.Measurement.CablePosM;4.44677734375
31581;PRG_02_Acquisition.Data.EncoderM2.Measurement.CablePosM;4.44677734375
31681;PRG_02_Acquisition.Data.EncoderM2.Measurement.CablePosM;4.44677734375
3;M1TreuilRetenue.State.StepNumber;0
104;M1TreuilRetenue.State.StepNumber;0
204;M1TreuilRetenue.State.StepNumber;0
305;M1TreuilRetenue.State.StepNumber;0
406;M1TreuilRetenue.State.StepNumber;0
507;M1TreuilRetenue.State.StepNumber;0
607;M1TreuilRetenue.State.StepNumber;0
708;M1TreuilRetenue.State.StepNumber;0
809;M1TreuilRetenue.State.StepNumber;0
909;M1TreuilRetenue.State.StepNumber;0
1009;M1TreuilRetenue.State.StepNumber;0
1110;M1TreuilRetenue.State.StepNumber;0
1210;M1TreuilRetenue.State.StepNumber;0
1310;M1TreuilRetenue.State.StepNumber;0
1411;M1TreuilRetenue.State.StepNumber;0
1513;M1TreuilRetenue.State.StepNumber;0
1613;M1TreuilRetenue.State.StepNumber;0
1713;M1TreuilRetenue.State.StepNumber;0
1814;M1TreuilRetenue.State.StepNumber;0
1914;M1TreuilRetenue.State.StepNumber;0
2015;M1TreuilRetenue.State.StepNumber;0
2115;M1TreuilRetenue.State.StepNumber;0
2216;M1TreuilRetenue.State.StepNumber;0
2318;M1TreuilRetenue.State.StepNumber;0
2419;M1TreuilRetenue.State.StepNumber;0
2519;M1TreuilRetenue.State.StepNumber;0
2620;M1TreuilRetenue.State.StepNumber;0
2722;M1TreuilRetenue.State.StepNumber;0
2821;M1TreuilRetenue.State.StepNumber;0
2921;M1TreuilRetenue.State.StepNumber;0
3022;M1TreuilRetenue.State.StepNumber;0
3123;M1TreuilRetenue.State.StepNumber;0
3224;M1TreuilRetenue.State.StepNumber;0
3326;M1TreuilRetenue.State.StepNumber;0
3426;M1TreuilRetenue.State.StepNumber;0
3527;M1TreuilRetenue.State.StepNumber;0
3626;M1TreuilRetenue.State.StepNumber;0
3726;M1TreuilRetenue.State.StepNumber;0
3827;M1TreuilRetenue.State.StepNumber;0
3929;M1TreuilRetenue.State.StepNumber;0
4028;M1TreuilRetenue.State.StepNumber;0
4129;M1TreuilRetenue.State.StepNumber;0
4229;M1TreuilRetenue.State.StepNumber;0
4329;M1TreuilRetenue.State.StepNumber;0
4431;M1TreuilRetenue.State.StepNumber;0
4530;M1TreuilRetenue.State.StepNumber;0
4630;M1TreuilRetenue.State.StepNumber;0
4732;M1TreuilRetenue.State.StepNumber;0
4832;M1TreuilRetenue.State.StepNumber;0
4933;M1TreuilRetenue.State.StepNumber;0
5034;M1TreuilRetenue.State.StepNumber;0
5135;M1TreuilRetenue.State.StepNumber;0
5236;M1TreuilRetenue.State.StepNumber;0
5336;M1TreuilRetenue.State.StepNumber;0
5436;M1TreuilRetenue.State.StepNumber;0
5536;M1TreuilRetenue.State.StepNumber;0
5637;M1TreuilRetenue.State.StepNumber;0
5737;M1TreuilRetenue.State.StepNumber;0
5837;M1TreuilRetenue.State.StepNumber;0
5937;M1TreuilRetenue.State.StepNumber;0
6039;M1TreuilRetenue.State.StepNumber;0
6139;M1TreuilRetenue.State.StepNumber;0
6240;M1TreuilRetenue.State.StepNumber;0
6342;M1TreuilRetenue.State.StepNumber;0
6442;M1TreuilRetenue.State.StepNumber;0
6543;M1TreuilRetenue.State.StepNumber;0
6645;M1TreuilRetenue.State.StepNumber;0
6746;M1TreuilRetenue.State.StepNumber;0
6846;M1TreuilRetenue.State.StepNumber;0
6946;M1TreuilRetenue.State.StepNumber;0
7047;M1TreuilRetenue.State.StepNumber;0
7148;M1TreuilRetenue.State.StepNumber;0
7250;M1TreuilRetenue.State.StepNumber;0
7349;M1TreuilRetenue.State.StepNumber;0
7450;M1TreuilRetenue.State.StepNumber;0
7550;M1TreuilRetenue.State.StepNumber;0
7650;M1TreuilRetenue.State.StepNumber;0
7751;M1TreuilRetenue.State.StepNumber;0
7851;M1TreuilRetenue.State.StepNumber;0
7953;M1TreuilRetenue.State.StepNumber;0
8054;M1TreuilRetenue.State.StepNumber;0
8154;M1TreuilRetenue.State.StepNumber;0
8254;M1TreuilRetenue.State.StepNumber;0
8355;M1TreuilRetenue.State.StepNumber;0
8454;M1TreuilRetenue.State.StepNumber;0
8554;M1TreuilRetenue.State.StepNumber;0
8654;M1TreuilRetenue.State.StepNumber;0
8754;M1TreuilRetenue.State.StepNumber;0
8854;M1TreuilRetenue.State.StepNumber;0
8954;M1TreuilRetenue.State.StepNumber;0
9055;M1TreuilRetenue.State.StepNumber;0
9155;M1TreuilRetenue.State.StepNumber;0
9256;M1TreuilRetenue.State.StepNumber;0
9357;M1TreuilRetenue.State.StepNumber;0
9457;M1TreuilRetenue.State.StepNumber;0
9557;M1TreuilRetenue.State.StepNumber;0
9658;M1TreuilRetenue.State.StepNumber;0
9758;M1TreuilRetenue.State.StepNumber;0
9858;M1TreuilRetenue.State.StepNumber;0
9958;M1TreuilRetenue.State.StepNumber;0
10059;M1TreuilRetenue.State.StepNumber;0
10160;M1TreuilRetenue.State.StepNumber;0
10259;M1TreuilRetenue.State.StepNumber;0
10360;M1TreuilRetenue.State.StepNumber;0
10461;M1TreuilRetenue.State.StepNumber;0
10562;M1TreuilRetenue.State.StepNumber;0
10661;M1TreuilRetenue.State.StepNumber;0
10761;M1TreuilRetenue.State.StepNumber;0
10863;M1TreuilRetenue.State.StepNumber;0
10964;M1TreuilRetenue.State.StepNumber;0
11065;M1TreuilRetenue.State.StepNumber;0
11165;M1TreuilRetenue.State.StepNumber;0
11266;M1TreuilRetenue.State.StepNumber;0
11365;M1TreuilRetenue.State.StepNumber;0
11465;M1TreuilRetenue.State.StepNumber;0
11566;M1TreuilRetenue.State.StepNumber;0
11666;M1TreuilRetenue.State.StepNumber;0
11765;M1TreuilRetenue.State.StepNumber;0
11866;M1TreuilRetenue.State.StepNumber;0
11966;M1TreuilRetenue.State.StepNumber;0
12067;M1TreuilRetenue.State.StepNumber;0
12167;M1TreuilRetenue.State.StepNumber;0
12267;M1TreuilRetenue.State.StepNumber;0
12368;M1TreuilRetenue.State.StepNumber;0
12467;M1TreuilRetenue.State.StepNumber;0
12570;M1TreuilRetenue.State.StepNumber;0
12669;M1TreuilRetenue.State.StepNumber;0
12770;M1TreuilRetenue.State.StepNumber;0
12872;M1TreuilRetenue.State.StepNumber;0
12972;M1TreuilRetenue.State.StepNumber;0
13073;M1TreuilRetenue.State.StepNumber;0
13175;M1TreuilRetenue.State.StepNumber;0
13275;M1TreuilRetenue.State.StepNumber;0
13378;M1TreuilRetenue.State.StepNumber;0
13478;M1TreuilRetenue.State.StepNumber;0
13577;M1TreuilRetenue.State.StepNumber;0
13676;M1TreuilRetenue.State.StepNumber;0
13778;M1TreuilRetenue.State.StepNumber;0
13878;M1TreuilRetenue.State.StepNumber;0
13979;M1TreuilRetenue.State.StepNumber;0
14079;M1TreuilRetenue.State.StepNumber;0
14180;M1TreuilRetenue.State.StepNumber;0
14280;M1TreuilRetenue.State.StepNumber;0
14382;M1TreuilRetenue.State.StepNumber;0
14483;M1TreuilRetenue.State.StepNumber;0
14584;M1TreuilRetenue.State.StepNumber;0
14685;M1TreuilRetenue.State.StepNumber;0
14787;M1TreuilRetenue.State.StepNumber;0
14887;M1TreuilRetenue.State.StepNumber;0
14987;M1TreuilRetenue.State.StepNumber;0
15086;M1TreuilRetenue.State.StepNumber;0
15188;M1TreuilRetenue.State.StepNumber;0
15288;M1TreuilRetenue.State.StepNumber;0
15388;M1TreuilRetenue.State.StepNumber;0
15487;M1TreuilRetenue.State.StepNumber;0
15588;M1TreuilRetenue.State.StepNumber;0
15687;M1TreuilRetenue.State.StepNumber;0
15789;M1TreuilRetenue.State.StepNumber;0
15890;M1TreuilRetenue.State.StepNumber;0
15992;M1TreuilRetenue.State.StepNumber;0
16092;M1TreuilRetenue.State.StepNumber;0
16194;M1TreuilRetenue.State.StepNumber;0
16293;M1TreuilRetenue.State.StepNumber;0
16393;M1TreuilRetenue.State.StepNumber;0
16493;M1TreuilRetenue.State.StepNumber;0
16593;M1TreuilRetenue.State.StepNumber;0
16693;M1TreuilRetenue.State.StepNumber;0
16795;M1TreuilRetenue.State.StepNumber;0
16894;M1TreuilRetenue.State.StepNumber;0
16994;M1TreuilRetenue.State.StepNumber;0
17094;M1TreuilRetenue.State.StepNumber;0
17195;M1TreuilRetenue.State.StepNumber;0
17295;M1TreuilRetenue.State.StepNumber;0
17396;M1TreuilRetenue.State.StepNumber;0
17498;M1TreuilRetenue.State.StepNumber;0
17598;M1TreuilRetenue.State.StepNumber;0
17698;M1TreuilRetenue.State.StepNumber;0
17801;M1TreuilRetenue.State.StepNumber;0
17900;M1TreuilRetenue.State.StepNumber;0
18001;M1TreuilRetenue.State.StepNumber;0
18100;M1TreuilRetenue.State.StepNumber;0
18202;M1TreuilRetenue.State.StepNumber;0
18304;M1TreuilRetenue.State.StepNumber;0
18404;M1TreuilRetenue.State.StepNumber;0
18505;M1TreuilRetenue.State.StepNumber;0
18605;M1TreuilRetenue.State.StepNumber;1
18706;M1TreuilRetenue.State.StepNumber;1
18805;M1TreuilRetenue.State.StepNumber;1
18905;M1TreuilRetenue.State.StepNumber;1
19007;M1TreuilRetenue.State.StepNumber;1
19106;M1TreuilRetenue.State.StepNumber;2
19207;M1TreuilRetenue.State.StepNumber;2
19306;M1TreuilRetenue.State.StepNumber;2
19407;M1TreuilRetenue.State.StepNumber;2
19508;M1TreuilRetenue.State.StepNumber;2
19607;M1TreuilRetenue.State.StepNumber;3
19707;M1TreuilRetenue.State.StepNumber;3
19810;M1TreuilRetenue.State.StepNumber;3
19911;M1TreuilRetenue.State.StepNumber;3
20012;M1TreuilRetenue.State.StepNumber;3
20113;M1TreuilRetenue.State.StepNumber;3
20212;M1TreuilRetenue.State.StepNumber;4
20313;M1TreuilRetenue.State.StepNumber;4
20415;M1TreuilRetenue.State.StepNumber;4
20516;M1TreuilRetenue.State.StepNumber;4
20616;M1TreuilRetenue.State.StepNumber;4
20718;M1TreuilRetenue.State.StepNumber;4
20818;M1TreuilRetenue.State.StepNumber;4
20920;M1TreuilRetenue.State.StepNumber;4
21020;M1TreuilRetenue.State.StepNumber;4
21121;M1TreuilRetenue.State.StepNumber;4
21221;M1TreuilRetenue.State.StepNumber;4
21323;M1TreuilRetenue.State.StepNumber;4
21424;M1TreuilRetenue.State.StepNumber;4
21524;M1TreuilRetenue.State.StepNumber;4
21625;M1TreuilRetenue.State.StepNumber;4
21724;M1TreuilRetenue.State.StepNumber;4
21825;M1TreuilRetenue.State.StepNumber;0
21924;M1TreuilRetenue.State.StepNumber;0
22026;M1TreuilRetenue.State.StepNumber;0
22126;M1TreuilRetenue.State.StepNumber;0
22226;M1TreuilRetenue.State.StepNumber;0
22327;M1TreuilRetenue.State.StepNumber;0
22426;M1TreuilRetenue.State.StepNumber;0
22528;M1TreuilRetenue.State.StepNumber;0
22628;M1TreuilRetenue.State.StepNumber;0
22727;M1TreuilRetenue.State.StepNumber;0
22827;M1TreuilRetenue.State.StepNumber;0
22930;M1TreuilRetenue.State.StepNumber;0
23030;M1TreuilRetenue.State.StepNumber;0
23130;M1TreuilRetenue.State.StepNumber;0
23231;M1TreuilRetenue.State.StepNumber;0
23333;M1TreuilRetenue.State.StepNumber;0
23433;M1TreuilRetenue.State.StepNumber;0
23534;M1TreuilRetenue.State.StepNumber;0
23635;M1TreuilRetenue.State.StepNumber;0
23735;M1TreuilRetenue.State.StepNumber;0
23836;M1TreuilRetenue.State.StepNumber;0
23936;M1TreuilRetenue.State.StepNumber;0
24037;M1TreuilRetenue.State.StepNumber;0
24137;M1TreuilRetenue.State.StepNumber;0
24236;M1TreuilRetenue.State.StepNumber;0
24337;M1TreuilRetenue.State.StepNumber;0
24437;M1TreuilRetenue.State.StepNumber;0
24538;M1TreuilRetenue.State.StepNumber;0
24639;M1TreuilRetenue.State.StepNumber;0
24740;M1TreuilRetenue.State.StepNumber;0
24839;M1TreuilRetenue.State.StepNumber;0
24942;M1TreuilRetenue.State.StepNumber;0
25042;M1TreuilRetenue.State.StepNumber;0
25143;M1TreuilRetenue.State.StepNumber;0
25243;M1TreuilRetenue.State.StepNumber;0
25345;M1TreuilRetenue.State.StepNumber;0
25446;M1TreuilRetenue.State.StepNumber;0
25546;M1TreuilRetenue.State.StepNumber;0
25646;M1TreuilRetenue.State.StepNumber;0
25748;M1TreuilRetenue.State.StepNumber;0
25848;M1TreuilRetenue.State.StepNumber;0
25949;M1TreuilRetenue.State.StepNumber;0
26050;M1TreuilRetenue.State.StepNumber;0
26151;M1TreuilRetenue.State.StepNumber;0
26252;M1TreuilRetenue.State.StepNumber;0
26351;M1TreuilRetenue.State.StepNumber;0
26453;M1TreuilRetenue.State.StepNumber;0
26552;M1TreuilRetenue.State.StepNumber;0
26653;M1TreuilRetenue.State.StepNumber;0
26756;M1TreuilRetenue.State.StepNumber;0
26856;M1TreuilRetenue.State.StepNumber;0
26955;M1TreuilRetenue.State.StepNumber;0
27056;M1TreuilRetenue.State.StepNumber;0
27156;M1TreuilRetenue.State.StepNumber;0
27257;M1TreuilRetenue.State.StepNumber;0
27357;M1TreuilRetenue.State.StepNumber;0
27459;M1TreuilRetenue.State.StepNumber;0
27560;M1TreuilRetenue.State.StepNumber;0
27661;M1TreuilRetenue.State.StepNumber;0
27761;M1TreuilRetenue.State.StepNumber;0
27862;M1TreuilRetenue.State.StepNumber;0
27963;M1TreuilRetenue.State.StepNumber;0
28063;M1TreuilRetenue.State.StepNumber;0
28164;M1TreuilRetenue.State.StepNumber;0
28264;M1TreuilRetenue.State.StepNumber;0
28363;M1TreuilRetenue.State.StepNumber;0
28464;M1TreuilRetenue.State.StepNumber;0
28566;M1TreuilRetenue.State.StepNumber;0
28668;M1TreuilRetenue.State.StepNumber;0
28768;M1TreuilRetenue.State.StepNumber;0
28870;M1TreuilRetenue.State.StepNumber;0
28969;M1TreuilRetenue.State.StepNumber;0
29069;M1TreuilRetenue.State.StepNumber;0
29171;M1TreuilRetenue.State.StepNumber;0
29272;M1TreuilRetenue.State.StepNumber;0
29371;M1TreuilRetenue.State.StepNumber;0
29473;M1TreuilRetenue.State.StepNumber;0
29572;M1TreuilRetenue.State.StepNumber;0
29672;M1TreuilRetenue.State.StepNumber;0
29773;M1TreuilRetenue.State.StepNumber;0
29872;M1TreuilRetenue.State.StepNumber;0
29972;M1TreuilRetenue.State.StepNumber;0
30072;M1TreuilRetenue.State.StepNumber;0
30173;M1TreuilRetenue.State.StepNumber;0
30275;M1TreuilRetenue.State.StepNumber;0
30377;M1TreuilRetenue.State.StepNumber;0
30476;M1TreuilRetenue.State.StepNumber;0
30576;M1TreuilRetenue.State.StepNumber;0
30676;M1TreuilRetenue.State.StepNumber;0
30776;M1TreuilRetenue.State.StepNumber;0
30877;M1TreuilRetenue.State.StepNumber;0
30978;M1TreuilRetenue.State.StepNumber;0
31078;M1TreuilRetenue.State.StepNumber;0
31179;M1TreuilRetenue.State.StepNumber;0
31280;M1TreuilRetenue.State.StepNumber;0
31380;M1TreuilRetenue.State.StepNumber;0
31480;M1TreuilRetenue.State.StepNumber;0
31581;M1TreuilRetenue.State.StepNumber;0
31681;M1TreuilRetenue.State.StepNumber;0
3;M2TreuilBenne.State.StepNumber;0
104;M2TreuilBenne.State.StepNumber;0
204;M2TreuilBenne.State.StepNumber;0
305;M2TreuilBenne.State.StepNumber;0
406;M2TreuilBenne.State.StepNumber;0
507;M2TreuilBenne.State.StepNumber;0
607;M2TreuilBenne.State.StepNumber;0
708;M2TreuilBenne.State.StepNumber;0
809;M2TreuilBenne.State.StepNumber;0
909;M2TreuilBenne.State.StepNumber;0
1009;M2TreuilBenne.State.StepNumber;0
1110;M2TreuilBenne.State.StepNumber;0
1210;M2TreuilBenne.State.StepNumber;0
1310;M2TreuilBenne.State.StepNumber;0
1411;M2TreuilBenne.State.StepNumber;0
1513;M2TreuilBenne.State.StepNumber;0
1613;M2TreuilBenne.State.StepNumber;0
1713;M2TreuilBenne.State.StepNumber;0
1814;M2TreuilBenne.State.StepNumber;0
1914;M2TreuilBenne.State.StepNumber;0
2015;M2TreuilBenne.State.StepNumber;0
2115;M2TreuilBenne.State.StepNumber;0
2216;M2TreuilBenne.State.StepNumber;0
2318;M2TreuilBenne.State.StepNumber;0
2419;M2TreuilBenne.State.StepNumber;0
2519;M2TreuilBenne.State.StepNumber;0
2620;M2TreuilBenne.State.StepNumber;0
2722;M2TreuilBenne.State.StepNumber;0
2821;M2TreuilBenne.State.StepNumber;0
2921;M2TreuilBenne.State.StepNumber;0
3022;M2TreuilBenne.State.StepNumber;0
3123;M2TreuilBenne.State.StepNumber;0
3224;M2TreuilBenne.State.StepNumber;0
3326;M2TreuilBenne.State.StepNumber;0
3426;M2TreuilBenne.State.StepNumber;0
3527;M2TreuilBenne.State.StepNumber;0
3626;M2TreuilBenne.State.StepNumber;0
3726;M2TreuilBenne.State.StepNumber;0
3827;M2TreuilBenne.State.StepNumber;0
3929;M2TreuilBenne.State.StepNumber;0
4028;M2TreuilBenne.State.StepNumber;0
4129;M2TreuilBenne.State.StepNumber;0
4229;M2TreuilBenne.State.StepNumber;0
4329;M2TreuilBenne.State.StepNumber;0
4431;M2TreuilBenne.State.StepNumber;0
4530;M2TreuilBenne.State.StepNumber;0
4630;M2TreuilBenne.State.StepNumber;0
4732;M2TreuilBenne.State.StepNumber;0
4832;M2TreuilBenne.State.StepNumber;0
4933;M2TreuilBenne.State.StepNumber;0
5034;M2TreuilBenne.State.StepNumber;0
5135;M2TreuilBenne.State.StepNumber;0
5236;M2TreuilBenne.State.StepNumber;0
5336;M2TreuilBenne.State.StepNumber;0
5436;M2TreuilBenne.State.StepNumber;0
5536;M2TreuilBenne.State.StepNumber;0
5637;M2TreuilBenne.State.StepNumber;0
5737;M2TreuilBenne.State.StepNumber;0
5837;M2TreuilBenne.State.StepNumber;0
5937;M2TreuilBenne.State.StepNumber;0
6039;M2TreuilBenne.State.StepNumber;0
6139;M2TreuilBenne.State.StepNumber;0
6240;M2TreuilBenne.State.StepNumber;0
6342;M2TreuilBenne.State.StepNumber;0
6442;M2TreuilBenne.State.StepNumber;0
6543;M2TreuilBenne.State.StepNumber;0
6645;M2TreuilBenne.State.StepNumber;0
6746;M2TreuilBenne.State.StepNumber;0
6846;M2TreuilBenne.State.StepNumber;0
6946;M2TreuilBenne.State.StepNumber;0
7047;M2TreuilBenne.State.StepNumber;0
7148;M2TreuilBenne.State.StepNumber;0
7250;M2TreuilBenne.State.StepNumber;0
7349;M2TreuilBenne.State.StepNumber;0
7450;M2TreuilBenne.State.StepNumber;0
7550;M2TreuilBenne.State.StepNumber;0
7650;M2TreuilBenne.State.StepNumber;0
7751;M2TreuilBenne.State.StepNumber;0
7851;M2TreuilBenne.State.StepNumber;0
7953;M2TreuilBenne.State.StepNumber;0
8054;M2TreuilBenne.State.StepNumber;0
8154;M2TreuilBenne.State.StepNumber;0
8254;M2TreuilBenne.State.StepNumber;0
8355;M2TreuilBenne.State.StepNumber;0
8454;M2TreuilBenne.State.StepNumber;0
8554;M2TreuilBenne.State.StepNumber;0
8654;M2TreuilBenne.State.StepNumber;0
8754;M2TreuilBenne.State.StepNumber;0
8854;M2TreuilBenne.State.StepNumber;0
8954;M2TreuilBenne.State.StepNumber;0
9055;M2TreuilBenne.State.StepNumber;0
9155;M2TreuilBenne.State.StepNumber;0
9256;M2TreuilBenne.State.StepNumber;1
9357;M2TreuilBenne.State.StepNumber;1
9457;M2TreuilBenne.State.StepNumber;1
9557;M2TreuilBenne.State.StepNumber;1
9658;M2TreuilBenne.State.StepNumber;1
9758;M2TreuilBenne.State.StepNumber;1
9858;M2TreuilBenne.State.StepNumber;2
9958;M2TreuilBenne.State.StepNumber;2
10059;M2TreuilBenne.State.StepNumber;2
10160;M2TreuilBenne.State.StepNumber;2
10259;M2TreuilBenne.State.StepNumber;2
10360;M2TreuilBenne.State.StepNumber;3
10461;M2TreuilBenne.State.StepNumber;3
10562;M2TreuilBenne.State.StepNumber;3
10661;M2TreuilBenne.State.StepNumber;3
10761;M2TreuilBenne.State.StepNumber;3
10863;M2TreuilBenne.State.StepNumber;4
10964;M2TreuilBenne.State.StepNumber;4
11065;M2TreuilBenne.State.StepNumber;4
11165;M2TreuilBenne.State.StepNumber;4
11266;M2TreuilBenne.State.StepNumber;4
11365;M2TreuilBenne.State.StepNumber;4
11465;M2TreuilBenne.State.StepNumber;4
11566;M2TreuilBenne.State.StepNumber;4
11666;M2TreuilBenne.State.StepNumber;4
11765;M2TreuilBenne.State.StepNumber;4
11866;M2TreuilBenne.State.StepNumber;4
11966;M2TreuilBenne.State.StepNumber;4
12067;M2TreuilBenne.State.StepNumber;4
12167;M2TreuilBenne.State.StepNumber;4
12267;M2TreuilBenne.State.StepNumber;4
12368;M2TreuilBenne.State.StepNumber;4
12467;M2TreuilBenne.State.StepNumber;4
12570;M2TreuilBenne.State.StepNumber;4
12669;M2TreuilBenne.State.StepNumber;4
12770;M2TreuilBenne.State.StepNumber;4
12872;M2TreuilBenne.State.StepNumber;4
12972;M2TreuilBenne.State.StepNumber;4
13073;M2TreuilBenne.State.StepNumber;4
13175;M2TreuilBenne.State.StepNumber;4
13275;M2TreuilBenne.State.StepNumber;4
13378;M2TreuilBenne.State.StepNumber;4
13478;M2TreuilBenne.State.StepNumber;4
13577;M2TreuilBenne.State.StepNumber;4
13676;M2TreuilBenne.State.StepNumber;4
13778;M2TreuilBenne.State.StepNumber;4
13878;M2TreuilBenne.State.StepNumber;4
13979;M2TreuilBenne.State.StepNumber;4
14079;M2TreuilBenne.State.StepNumber;4
14180;M2TreuilBenne.State.StepNumber;4
14280;M2TreuilBenne.State.StepNumber;4
14382;M2TreuilBenne.State.StepNumber;4
14483;M2TreuilBenne.State.StepNumber;4
14584;M2TreuilBenne.State.StepNumber;4
14685;M2TreuilBenne.State.StepNumber;4
14787;M2TreuilBenne.State.StepNumber;4
14887;M2TreuilBenne.State.StepNumber;4
14987;M2TreuilBenne.State.StepNumber;4
15086;M2TreuilBenne.State.StepNumber;4
15188;M2TreuilBenne.State.StepNumber;4
15288;M2TreuilBenne.State.StepNumber;4
15388;M2TreuilBenne.State.StepNumber;4
15487;M2TreuilBenne.State.StepNumber;4
15588;M2TreuilBenne.State.StepNumber;4
15687;M2TreuilBenne.State.StepNumber;4
15789;M2TreuilBenne.State.StepNumber;4
15890;M2TreuilBenne.State.StepNumber;4
15992;M2TreuilBenne.State.StepNumber;4
16092;M2TreuilBenne.State.StepNumber;4
16194;M2TreuilBenne.State.StepNumber;4
16293;M2TreuilBenne.State.StepNumber;4
16393;M2TreuilBenne.State.StepNumber;4
16493;M2TreuilBenne.State.StepNumber;4
16593;M2TreuilBenne.State.StepNumber;4
16693;M2TreuilBenne.State.StepNumber;4
16795;M2TreuilBenne.State.StepNumber;4
16894;M2TreuilBenne.State.StepNumber;4
16994;M2TreuilBenne.State.StepNumber;4
17094;M2TreuilBenne.State.StepNumber;4
17195;M2TreuilBenne.State.StepNumber;4
17295;M2TreuilBenne.State.StepNumber;4
17396;M2TreuilBenne.State.StepNumber;4
17498;M2TreuilBenne.State.StepNumber;4
17598;M2TreuilBenne.State.StepNumber;4
17698;M2TreuilBenne.State.StepNumber;4
17801;M2TreuilBenne.State.StepNumber;4
17900;M2TreuilBenne.State.StepNumber;4
18001;M2TreuilBenne.State.StepNumber;0
18100;M2TreuilBenne.State.StepNumber;0
18202;M2TreuilBenne.State.StepNumber;0
18304;M2TreuilBenne.State.StepNumber;0
18404;M2TreuilBenne.State.StepNumber;0
18505;M2TreuilBenne.State.StepNumber;0
18605;M2TreuilBenne.State.StepNumber;1
18706;M2TreuilBenne.State.StepNumber;1
18805;M2TreuilBenne.State.StepNumber;1
18905;M2TreuilBenne.State.StepNumber;1
19007;M2TreuilBenne.State.StepNumber;1
19106;M2TreuilBenne.State.StepNumber;2
19207;M2TreuilBenne.State.StepNumber;2
19306;M2TreuilBenne.State.StepNumber;2
19407;M2TreuilBenne.State.StepNumber;2
19508;M2TreuilBenne.State.StepNumber;2
19607;M2TreuilBenne.State.StepNumber;3
19707;M2TreuilBenne.State.StepNumber;3
19810;M2TreuilBenne.State.StepNumber;3
19911;M2TreuilBenne.State.StepNumber;3
20012;M2TreuilBenne.State.StepNumber;3
20113;M2TreuilBenne.State.StepNumber;3
20212;M2TreuilBenne.State.StepNumber;4
20313;M2TreuilBenne.State.StepNumber;4
20415;M2TreuilBenne.State.StepNumber;4
20516;M2TreuilBenne.State.StepNumber;4
20616;M2TreuilBenne.State.StepNumber;4
20718;M2TreuilBenne.State.StepNumber;4
20818;M2TreuilBenne.State.StepNumber;4
20920;M2TreuilBenne.State.StepNumber;4
21020;M2TreuilBenne.State.StepNumber;4
21121;M2TreuilBenne.State.StepNumber;4
21221;M2TreuilBenne.State.StepNumber;4
21323;M2TreuilBenne.State.StepNumber;4
21424;M2TreuilBenne.State.StepNumber;4
21524;M2TreuilBenne.State.StepNumber;4
21625;M2TreuilBenne.State.StepNumber;4
21724;M2TreuilBenne.State.StepNumber;4
21825;M2TreuilBenne.State.StepNumber;0
21924;M2TreuilBenne.State.StepNumber;0
22026;M2TreuilBenne.State.StepNumber;0
22126;M2TreuilBenne.State.StepNumber;0
22226;M2TreuilBenne.State.StepNumber;0
22327;M2TreuilBenne.State.StepNumber;0
22426;M2TreuilBenne.State.StepNumber;0
22528;M2TreuilBenne.State.StepNumber;0
22628;M2TreuilBenne.State.StepNumber;0
22727;M2TreuilBenne.State.StepNumber;0
22827;M2TreuilBenne.State.StepNumber;0
22930;M2TreuilBenne.State.StepNumber;0
23030;M2TreuilBenne.State.StepNumber;0
23130;M2TreuilBenne.State.StepNumber;0
23231;M2TreuilBenne.State.StepNumber;0
23333;M2TreuilBenne.State.StepNumber;0
23433;M2TreuilBenne.State.StepNumber;0
23534;M2TreuilBenne.State.StepNumber;0
23635;M2TreuilBenne.State.StepNumber;0
23735;M2TreuilBenne.State.StepNumber;0
23836;M2TreuilBenne.State.StepNumber;0
23936;M2TreuilBenne.State.StepNumber;0
24037;M2TreuilBenne.State.StepNumber;0
24137;M2TreuilBenne.State.StepNumber;0
24236;M2TreuilBenne.State.StepNumber;0
24337;M2TreuilBenne.State.StepNumber;0
24437;M2TreuilBenne.State.StepNumber;0
24538;M2TreuilBenne.State.StepNumber;0
24639;M2TreuilBenne.State.StepNumber;0
24740;M2TreuilBenne.State.StepNumber;0
24839;M2TreuilBenne.State.StepNumber;0
24942;M2TreuilBenne.State.StepNumber;0
25042;M2TreuilBenne.State.StepNumber;0
25143;M2TreuilBenne.State.StepNumber;0
25243;M2TreuilBenne.State.StepNumber;0
25345;M2TreuilBenne.State.StepNumber;0
25446;M2TreuilBenne.State.StepNumber;0
25546;M2TreuilBenne.State.StepNumber;0
25646;M2TreuilBenne.State.StepNumber;0
25748;M2TreuilBenne.State.StepNumber;0
25848;M2TreuilBenne.State.StepNumber;0
25949;M2TreuilBenne.State.StepNumber;0
26050;M2TreuilBenne.State.StepNumber;0
26151;M2TreuilBenne.State.StepNumber;0
26252;M2TreuilBenne.State.StepNumber;0
26351;M2TreuilBenne.State.StepNumber;0
26453;M2TreuilBenne.State.StepNumber;0
26552;M2TreuilBenne.State.StepNumber;0
26653;M2TreuilBenne.State.StepNumber;0
26756;M2TreuilBenne.State.StepNumber;0
26856;M2TreuilBenne.State.StepNumber;0
26955;M2TreuilBenne.State.StepNumber;0
27056;M2TreuilBenne.State.StepNumber;0
27156;M2TreuilBenne.State.StepNumber;0
27257;M2TreuilBenne.State.StepNumber;0
27357;M2TreuilBenne.State.StepNumber;0
27459;M2TreuilBenne.State.StepNumber;0
27560;M2TreuilBenne.State.StepNumber;0
27661;M2TreuilBenne.State.StepNumber;0
27761;M2TreuilBenne.State.StepNumber;0
27862;M2TreuilBenne.State.StepNumber;0
27963;M2TreuilBenne.State.StepNumber;0
28063;M2TreuilBenne.State.StepNumber;0
28164;M2TreuilBenne.State.StepNumber;0
28264;M2TreuilBenne.State.StepNumber;0
28363;M2TreuilBenne.State.StepNumber;0
28464;M2TreuilBenne.State.StepNumber;0
28566;M2TreuilBenne.State.StepNumber;0
28668;M2TreuilBenne.State.StepNumber;0
28768;M2TreuilBenne.State.StepNumber;0
28870;M2TreuilBenne.State.StepNumber;0
28969;M2TreuilBenne.State.StepNumber;0
29069;M2TreuilBenne.State.StepNumber;0
29171;M2TreuilBenne.State.StepNumber;0
29272;M2TreuilBenne.State.StepNumber;0
29371;M2TreuilBenne.State.StepNumber;0
29473;M2TreuilBenne.State.StepNumber;0
29572;M2TreuilBenne.State.StepNumber;0
29672;M2TreuilBenne.State.StepNumber;0
29773;M2TreuilBenne.State.StepNumber;0
29872;M2TreuilBenne.State.StepNumber;0
29972;M2TreuilBenne.State.StepNumber;0
30072;M2TreuilBenne.State.StepNumber;0
30173;M2TreuilBenne.State.StepNumber;0
30275;M2TreuilBenne.State.StepNumber;0
30377;M2TreuilBenne.State.StepNumber;0
30476;M2TreuilBenne.State.StepNumber;0
30576;M2TreuilBenne.State.StepNumber;0
30676;M2TreuilBenne.State.StepNumber;0
30776;M2TreuilBenne.State.StepNumber;0
30877;M2TreuilBenne.State.StepNumber;0
30978;M2TreuilBenne.State.StepNumber;0
31078;M2TreuilBenne.State.StepNumber;0
31179;M2TreuilBenne.State.StepNumber;0
31280;M2TreuilBenne.State.StepNumber;0
31380;M2TreuilBenne.State.StepNumber;0
31480;M2TreuilBenne.State.StepNumber;0
31581;M2TreuilBenne.State.StepNumber;0
31681;M2TreuilBenne.State.StepNumber;0
3;M1_M2_KoboldBottomTouch_DI;0
104;M1_M2_KoboldBottomTouch_DI;0
204;M1_M2_KoboldBottomTouch_DI;0
305;M1_M2_KoboldBottomTouch_DI;0
406;M1_M2_KoboldBottomTouch_DI;0
507;M1_M2_KoboldBottomTouch_DI;0
607;M1_M2_KoboldBottomTouch_DI;0
708;M1_M2_KoboldBottomTouch_DI;0
809;M1_M2_KoboldBottomTouch_DI;0
909;M1_M2_KoboldBottomTouch_DI;0
1009;M1_M2_KoboldBottomTouch_DI;0
1110;M1_M2_KoboldBottomTouch_DI;0
1210;M1_M2_KoboldBottomTouch_DI;0
1310;M1_M2_KoboldBottomTouch_DI;0
1411;M1_M2_KoboldBottomTouch_DI;0
1513;M1_M2_KoboldBottomTouch_DI;0
1613;M1_M2_KoboldBottomTouch_DI;0
1713;M1_M2_KoboldBottomTouch_DI;0
1814;M1_M2_KoboldBottomTouch_DI;0
1914;M1_M2_KoboldBottomTouch_DI;0
2015;M1_M2_KoboldBottomTouch_DI;0
2115;M1_M2_KoboldBottomTouch_DI;0
2216;M1_M2_KoboldBottomTouch_DI;0
2318;M1_M2_KoboldBottomTouch_DI;0
2419;M1_M2_KoboldBottomTouch_DI;0
2519;M1_M2_KoboldBottomTouch_DI;0
2620;M1_M2_KoboldBottomTouch_DI;0
2722;M1_M2_KoboldBottomTouch_DI;0
2821;M1_M2_KoboldBottomTouch_DI;0
2921;M1_M2_KoboldBottomTouch_DI;0
3022;M1_M2_KoboldBottomTouch_DI;0
3123;M1_M2_KoboldBottomTouch_DI;0
3224;M1_M2_KoboldBottomTouch_DI;0
3326;M1_M2_KoboldBottomTouch_DI;0
3426;M1_M2_KoboldBottomTouch_DI;0
3527;M1_M2_KoboldBottomTouch_DI;0
3626;M1_M2_KoboldBottomTouch_DI;0
3726;M1_M2_KoboldBottomTouch_DI;0
3827;M1_M2_KoboldBottomTouch_DI;0
3929;M1_M2_KoboldBottomTouch_DI;0
4028;M1_M2_KoboldBottomTouch_DI;0
4129;M1_M2_KoboldBottomTouch_DI;0
4229;M1_M2_KoboldBottomTouch_DI;0
4329;M1_M2_KoboldBottomTouch_DI;0
4431;M1_M2_KoboldBottomTouch_DI;0
4530;M1_M2_KoboldBottomTouch_DI;0
4630;M1_M2_KoboldBottomTouch_DI;0
4732;M1_M2_KoboldBottomTouch_DI;0
4832;M1_M2_KoboldBottomTouch_DI;0
4933;M1_M2_KoboldBottomTouch_DI;0
5034;M1_M2_KoboldBottomTouch_DI;0
5135;M1_M2_KoboldBottomTouch_DI;0
5236;M1_M2_KoboldBottomTouch_DI;0
5336;M1_M2_KoboldBottomTouch_DI;0
5436;M1_M2_KoboldBottomTouch_DI;0
5536;M1_M2_KoboldBottomTouch_DI;0
5637;M1_M2_KoboldBottomTouch_DI;0
5737;M1_M2_KoboldBottomTouch_DI;0
5837;M1_M2_KoboldBottomTouch_DI;0
5937;M1_M2_KoboldBottomTouch_DI;0
6039;M1_M2_KoboldBottomTouch_DI;0
6139;M1_M2_KoboldBottomTouch_DI;0
6240;M1_M2_KoboldBottomTouch_DI;0
6342;M1_M2_KoboldBottomTouch_DI;0
6442;M1_M2_KoboldBottomTouch_DI;0
6543;M1_M2_KoboldBottomTouch_DI;0
6645;M1_M2_KoboldBottomTouch_DI;0
6746;M1_M2_KoboldBottomTouch_DI;0
6846;M1_M2_KoboldBottomTouch_DI;0
6946;M1_M2_KoboldBottomTouch_DI;0
7047;M1_M2_KoboldBottomTouch_DI;0
7148;M1_M2_KoboldBottomTouch_DI;0
7250;M1_M2_KoboldBottomTouch_DI;0
7349;M1_M2_KoboldBottomTouch_DI;0
7450;M1_M2_KoboldBottomTouch_DI;0
7550;M1_M2_KoboldBottomTouch_DI;0
7650;M1_M2_KoboldBottomTouch_DI;0
7751;M1_M2_KoboldBottomTouch_DI;0
7851;M1_M2_KoboldBottomTouch_DI;0
7953;M1_M2_KoboldBottomTouch_DI;0
8054;M1_M2_KoboldBottomTouch_DI;0
8154;M1_M2_KoboldBottomTouch_DI;0
8254;M1_M2_KoboldBottomTouch_DI;0
8355;M1_M2_KoboldBottomTouch_DI;0
8454;M1_M2_KoboldBottomTouch_DI;0
8554;M1_M2_KoboldBottomTouch_DI;0
8654;M1_M2_KoboldBottomTouch_DI;0
8754;M1_M2_KoboldBottomTouch_DI;0
8854;M1_M2_KoboldBottomTouch_DI;0
8954;M1_M2_KoboldBottomTouch_DI;0
9055;M1_M2_KoboldBottomTouch_DI;0
9155;M1_M2_KoboldBottomTouch_DI;0
9256;M1_M2_KoboldBottomTouch_DI;0
9357;M1_M2_KoboldBottomTouch_DI;0
9457;M1_M2_KoboldBottomTouch_DI;0
9557;M1_M2_KoboldBottomTouch_DI;0
9658;M1_M2_KoboldBottomTouch_DI;0
9758;M1_M2_KoboldBottomTouch_DI;0
9858;M1_M2_KoboldBottomTouch_DI;0
9958;M1_M2_KoboldBottomTouch_DI;0
10059;M1_M2_KoboldBottomTouch_DI;0
10160;M1_M2_KoboldBottomTouch_DI;0
10259;M1_M2_KoboldBottomTouch_DI;0
10360;M1_M2_KoboldBottomTouch_DI;0
10461;M1_M2_KoboldBottomTouch_DI;0
10562;M1_M2_KoboldBottomTouch_DI;0
10661;M1_M2_KoboldBottomTouch_DI;0
10761;M1_M2_KoboldBottomTouch_DI;0
10863;M1_M2_KoboldBottomTouch_DI;0
10964;M1_M2_KoboldBottomTouch_DI;0
11065;M1_M2_KoboldBottomTouch_DI;0
11165;M1_M2_KoboldBottomTouch_DI;0
11266;M1_M2_KoboldBottomTouch_DI;0
11365;M1_M2_KoboldBottomTouch_DI;0
11465;M1_M2_KoboldBottomTouch_DI;0
11566;M1_M2_KoboldBottomTouch_DI;0
11666;M1_M2_KoboldBottomTouch_DI;0
11765;M1_M2_KoboldBottomTouch_DI;0
11866;M1_M2_KoboldBottomTouch_DI;0
11966;M1_M2_KoboldBottomTouch_DI;0
12067;M1_M2_KoboldBottomTouch_DI;0
12167;M1_M2_KoboldBottomTouch_DI;0
12267;M1_M2_KoboldBottomTouch_DI;0
12368;M1_M2_KoboldBottomTouch_DI;0
12467;M1_M2_KoboldBottomTouch_DI;0
12570;M1_M2_KoboldBottomTouch_DI;0
12669;M1_M2_KoboldBottomTouch_DI;0
12770;M1_M2_KoboldBottomTouch_DI;0
12872;M1_M2_KoboldBottomTouch_DI;0
12972;M1_M2_KoboldBottomTouch_DI;0
13073;M1_M2_KoboldBottomTouch_DI;0
13175;M1_M2_KoboldBottomTouch_DI;0
13275;M1_M2_KoboldBottomTouch_DI;0
13378;M1_M2_KoboldBottomTouch_DI;0
13478;M1_M2_KoboldBottomTouch_DI;0
13577;M1_M2_KoboldBottomTouch_DI;0
13676;M1_M2_KoboldBottomTouch_DI;0
13778;M1_M2_KoboldBottomTouch_DI;0
13878;M1_M2_KoboldBottomTouch_DI;0
13979;M1_M2_KoboldBottomTouch_DI;0
14079;M1_M2_KoboldBottomTouch_DI;0
14180;M1_M2_KoboldBottomTouch_DI;0
14280;M1_M2_KoboldBottomTouch_DI;0
14382;M1_M2_KoboldBottomTouch_DI;0
14483;M1_M2_KoboldBottomTouch_DI;0
14584;M1_M2_KoboldBottomTouch_DI;0
14685;M1_M2_KoboldBottomTouch_DI;0
14787;M1_M2_KoboldBottomTouch_DI;0
14887;M1_M2_KoboldBottomTouch_DI;0
14987;M1_M2_KoboldBottomTouch_DI;0
15086;M1_M2_KoboldBottomTouch_DI;0
15188;M1_M2_KoboldBottomTouch_DI;0
15288;M1_M2_KoboldBottomTouch_DI;0
15388;M1_M2_KoboldBottomTouch_DI;0
15487;M1_M2_KoboldBottomTouch_DI;0
15588;M1_M2_KoboldBottomTouch_DI;0
15687;M1_M2_KoboldBottomTouch_DI;0
15789;M1_M2_KoboldBottomTouch_DI;0
15890;M1_M2_KoboldBottomTouch_DI;0
15992;M1_M2_KoboldBottomTouch_DI;0
16092;M1_M2_KoboldBottomTouch_DI;0
16194;M1_M2_KoboldBottomTouch_DI;0
16293;M1_M2_KoboldBottomTouch_DI;0
16393;M1_M2_KoboldBottomTouch_DI;0
16493;M1_M2_KoboldBottomTouch_DI;0
16593;M1_M2_KoboldBottomTouch_DI;0
16693;M1_M2_KoboldBottomTouch_DI;0
16795;M1_M2_KoboldBottomTouch_DI;0
16894;M1_M2_KoboldBottomTouch_DI;0
16994;M1_M2_KoboldBottomTouch_DI;0
17094;M1_M2_KoboldBottomTouch_DI;0
17195;M1_M2_KoboldBottomTouch_DI;0
17295;M1_M2_KoboldBottomTouch_DI;0
17396;M1_M2_KoboldBottomTouch_DI;0
17498;M1_M2_KoboldBottomTouch_DI;0
17598;M1_M2_KoboldBottomTouch_DI;0
17698;M1_M2_KoboldBottomTouch_DI;0
17801;M1_M2_KoboldBottomTouch_DI;0
17900;M1_M2_KoboldBottomTouch_DI;0
18001;M1_M2_KoboldBottomTouch_DI;0
18100;M1_M2_KoboldBottomTouch_DI;0
18202;M1_M2_KoboldBottomTouch_DI;0
18304;M1_M2_KoboldBottomTouch_DI;0
18404;M1_M2_KoboldBottomTouch_DI;0
18505;M1_M2_KoboldBottomTouch_DI;0
18605;M1_M2_KoboldBottomTouch_DI;0
18706;M1_M2_KoboldBottomTouch_DI;0
18805;M1_M2_KoboldBottomTouch_DI;0
18905;M1_M2_KoboldBottomTouch_DI;0
19007;M1_M2_KoboldBottomTouch_DI;0
19106;M1_M2_KoboldBottomTouch_DI;0
19207;M1_M2_KoboldBottomTouch_DI;0
19306;M1_M2_KoboldBottomTouch_DI;0
19407;M1_M2_KoboldBottomTouch_DI;0
19508;M1_M2_KoboldBottomTouch_DI;0
19607;M1_M2_KoboldBottomTouch_DI;0
19707;M1_M2_KoboldBottomTouch_DI;0
19810;M1_M2_KoboldBottomTouch_DI;0
19911;M1_M2_KoboldBottomTouch_DI;0
20012;M1_M2_KoboldBottomTouch_DI;0
20113;M1_M2_KoboldBottomTouch_DI;0
20212;M1_M2_KoboldBottomTouch_DI;0
20313;M1_M2_KoboldBottomTouch_DI;0
20415;M1_M2_KoboldBottomTouch_DI;0
20516;M1_M2_KoboldBottomTouch_DI;0
20616;M1_M2_KoboldBottomTouch_DI;0
20718;M1_M2_KoboldBottomTouch_DI;0
20818;M1_M2_KoboldBottomTouch_DI;0
20920;M1_M2_KoboldBottomTouch_DI;0
21020;M1_M2_KoboldBottomTouch_DI;0
21121;M1_M2_KoboldBottomTouch_DI;0
21221;M1_M2_KoboldBottomTouch_DI;0
21323;M1_M2_KoboldBottomTouch_DI;0
21424;M1_M2_KoboldBottomTouch_DI;0
21524;M1_M2_KoboldBottomTouch_DI;0
21625;M1_M2_KoboldBottomTouch_DI;0
21724;M1_M2_KoboldBottomTouch_DI;0
21825;M1_M2_KoboldBottomTouch_DI;0
21924;M1_M2_KoboldBottomTouch_DI;0
22026;M1_M2_KoboldBottomTouch_DI;0
22126;M1_M2_KoboldBottomTouch_DI;0
22226;M1_M2_KoboldBottomTouch_DI;0
22327;M1_M2_KoboldBottomTouch_DI;0
22426;M1_M2_KoboldBottomTouch_DI;0
22528;M1_M2_KoboldBottomTouch_DI;0
22628;M1_M2_KoboldBottomTouch_DI;0
22727;M1_M2_KoboldBottomTouch_DI;0
22827;M1_M2_KoboldBottomTouch_DI;0
22930;M1_M2_KoboldBottomTouch_DI;0
23030;M1_M2_KoboldBottomTouch_DI;0
23130;M1_M2_KoboldBottomTouch_DI;0
23231;M1_M2_KoboldBottomTouch_DI;0
23333;M1_M2_KoboldBottomTouch_DI;0
23433;M1_M2_KoboldBottomTouch_DI;0
23534;M1_M2_KoboldBottomTouch_DI;0
23635;M1_M2_KoboldBottomTouch_DI;0
23735;M1_M2_KoboldBottomTouch_DI;0
23836;M1_M2_KoboldBottomTouch_DI;0
23936;M1_M2_KoboldBottomTouch_DI;0
24037;M1_M2_KoboldBottomTouch_DI;0
24137;M1_M2_KoboldBottomTouch_DI;0
24236;M1_M2_KoboldBottomTouch_DI;0
24337;M1_M2_KoboldBottomTouch_DI;0
24437;M1_M2_KoboldBottomTouch_DI;0
24538;M1_M2_KoboldBottomTouch_DI;0
24639;M1_M2_KoboldBottomTouch_DI;0
24740;M1_M2_KoboldBottomTouch_DI;0
24839;M1_M2_KoboldBottomTouch_DI;0
24942;M1_M2_KoboldBottomTouch_DI;0
25042;M1_M2_KoboldBottomTouch_DI;0
25143;M1_M2_KoboldBottomTouch_DI;0
25243;M1_M2_KoboldBottomTouch_DI;0
25345;M1_M2_KoboldBottomTouch_DI;0
25446;M1_M2_KoboldBottomTouch_DI;0
25546;M1_M2_KoboldBottomTouch_DI;0
25646;M1_M2_KoboldBottomTouch_DI;0
25748;M1_M2_KoboldBottomTouch_DI;0
25848;M1_M2_KoboldBottomTouch_DI;0
25949;M1_M2_KoboldBottomTouch_DI;0
26050;M1_M2_KoboldBottomTouch_DI;0
26151;M1_M2_KoboldBottomTouch_DI;0
26252;M1_M2_KoboldBottomTouch_DI;0
26351;M1_M2_KoboldBottomTouch_DI;0
26453;M1_M2_KoboldBottomTouch_DI;0
26552;M1_M2_KoboldBottomTouch_DI;0
26653;M1_M2_KoboldBottomTouch_DI;0
26756;M1_M2_KoboldBottomTouch_DI;0
26856;M1_M2_KoboldBottomTouch_DI;0
26955;M1_M2_KoboldBottomTouch_DI;0
27056;M1_M2_KoboldBottomTouch_DI;0
27156;M1_M2_KoboldBottomTouch_DI;0
27257;M1_M2_KoboldBottomTouch_DI;0
27357;M1_M2_KoboldBottomTouch_DI;0
27459;M1_M2_KoboldBottomTouch_DI;0
27560;M1_M2_KoboldBottomTouch_DI;0
27661;M1_M2_KoboldBottomTouch_DI;0
27761;M1_M2_KoboldBottomTouch_DI;0
27862;M1_M2_KoboldBottomTouch_DI;0
27963;M1_M2_KoboldBottomTouch_DI;0
28063;M1_M2_KoboldBottomTouch_DI;0
28164;M1_M2_KoboldBottomTouch_DI;0
28264;M1_M2_KoboldBottomTouch_DI;0
28363;M1_M2_KoboldBottomTouch_DI;0
28464;M1_M2_KoboldBottomTouch_DI;0
28566;M1_M2_KoboldBottomTouch_DI;0
28668;M1_M2_KoboldBottomTouch_DI;0
28768;M1_M2_KoboldBottomTouch_DI;0
28870;M1_M2_KoboldBottomTouch_DI;0
28969;M1_M2_KoboldBottomTouch_DI;0
29069;M1_M2_KoboldBottomTouch_DI;0
29171;M1_M2_KoboldBottomTouch_DI;0
29272;M1_M2_KoboldBottomTouch_DI;0
29371;M1_M2_KoboldBottomTouch_DI;0
29473;M1_M2_KoboldBottomTouch_DI;0
29572;M1_M2_KoboldBottomTouch_DI;0
29672;M1_M2_KoboldBottomTouch_DI;0
29773;M1_M2_KoboldBottomTouch_DI;0
29872;M1_M2_KoboldBottomTouch_DI;0
29972;M1_M2_KoboldBottomTouch_DI;0
30072;M1_M2_KoboldBottomTouch_DI;0
30173;M1_M2_KoboldBottomTouch_DI;0
30275;M1_M2_KoboldBottomTouch_DI;0
30377;M1_M2_KoboldBottomTouch_DI;0
30476;M1_M2_KoboldBottomTouch_DI;0
30576;M1_M2_KoboldBottomTouch_DI;0
30676;M1_M2_KoboldBottomTouch_DI;0
30776;M1_M2_KoboldBottomTouch_DI;0
30877;M1_M2_KoboldBottomTouch_DI;0
30978;M1_M2_KoboldBottomTouch_DI;0
31078;M1_M2_KoboldBottomTouch_DI;0
31179;M1_M2_KoboldBottomTouch_DI;0
31280;M1_M2_KoboldBottomTouch_DI;0
31380;M1_M2_KoboldBottomTouch_DI;0
31480;M1_M2_KoboldBottomTouch_DI;0
31581;M1_M2_KoboldBottomTouch_DI;0
31681;M1_M2_KoboldBottomTouch_DI;0
3;M1_M2_KoboldMeasureEnable_RQ;0
104;M1_M2_KoboldMeasureEnable_RQ;0
204;M1_M2_KoboldMeasureEnable_RQ;0
305;M1_M2_KoboldMeasureEnable_RQ;0
406;M1_M2_KoboldMeasureEnable_RQ;0
507;M1_M2_KoboldMeasureEnable_RQ;0
607;M1_M2_KoboldMeasureEnable_RQ;0
708;M1_M2_KoboldMeasureEnable_RQ;0
809;M1_M2_KoboldMeasureEnable_RQ;0
909;M1_M2_KoboldMeasureEnable_RQ;0
1009;M1_M2_KoboldMeasureEnable_RQ;0
1110;M1_M2_KoboldMeasureEnable_RQ;0
1210;M1_M2_KoboldMeasureEnable_RQ;0
1310;M1_M2_KoboldMeasureEnable_RQ;0
1411;M1_M2_KoboldMeasureEnable_RQ;0
1513;M1_M2_KoboldMeasureEnable_RQ;0
1613;M1_M2_KoboldMeasureEnable_RQ;0
1713;M1_M2_KoboldMeasureEnable_RQ;0
1814;M1_M2_KoboldMeasureEnable_RQ;0
1914;M1_M2_KoboldMeasureEnable_RQ;0
2015;M1_M2_KoboldMeasureEnable_RQ;0
2115;M1_M2_KoboldMeasureEnable_RQ;0
2216;M1_M2_KoboldMeasureEnable_RQ;0
2318;M1_M2_KoboldMeasureEnable_RQ;0
2419;M1_M2_KoboldMeasureEnable_RQ;0
2519;M1_M2_KoboldMeasureEnable_RQ;0
2620;M1_M2_KoboldMeasureEnable_RQ;0
2722;M1_M2_KoboldMeasureEnable_RQ;0
2821;M1_M2_KoboldMeasureEnable_RQ;0
2921;M1_M2_KoboldMeasureEnable_RQ;0
3022;M1_M2_KoboldMeasureEnable_RQ;0
3123;M1_M2_KoboldMeasureEnable_RQ;0
3224;M1_M2_KoboldMeasureEnable_RQ;0
3326;M1_M2_KoboldMeasureEnable_RQ;0
3426;M1_M2_KoboldMeasureEnable_RQ;0
3527;M1_M2_KoboldMeasureEnable_RQ;0
3626;M1_M2_KoboldMeasureEnable_RQ;0
3726;M1_M2_KoboldMeasureEnable_RQ;0
3827;M1_M2_KoboldMeasureEnable_RQ;0
3929;M1_M2_KoboldMeasureEnable_RQ;0
4028;M1_M2_KoboldMeasureEnable_RQ;0
4129;M1_M2_KoboldMeasureEnable_RQ;0
4229;M1_M2_KoboldMeasureEnable_RQ;0
4329;M1_M2_KoboldMeasureEnable_RQ;0
4431;M1_M2_KoboldMeasureEnable_RQ;0
4530;M1_M2_KoboldMeasureEnable_RQ;0
4630;M1_M2_KoboldMeasureEnable_RQ;0
4732;M1_M2_KoboldMeasureEnable_RQ;0
4832;M1_M2_KoboldMeasureEnable_RQ;0
4933;M1_M2_KoboldMeasureEnable_RQ;0
5034;M1_M2_KoboldMeasureEnable_RQ;0
5135;M1_M2_KoboldMeasureEnable_RQ;0
5236;M1_M2_KoboldMeasureEnable_RQ;0
5336;M1_M2_KoboldMeasureEnable_RQ;0
5436;M1_M2_KoboldMeasureEnable_RQ;0
5536;M1_M2_KoboldMeasureEnable_RQ;0
5637;M1_M2_KoboldMeasureEnable_RQ;0
5737;M1_M2_KoboldMeasureEnable_RQ;0
5837;M1_M2_KoboldMeasureEnable_RQ;0
5937;M1_M2_KoboldMeasureEnable_RQ;0
6039;M1_M2_KoboldMeasureEnable_RQ;0
6139;M1_M2_KoboldMeasureEnable_RQ;0
6240;M1_M2_KoboldMeasureEnable_RQ;0
6342;M1_M2_KoboldMeasureEnable_RQ;0
6442;M1_M2_KoboldMeasureEnable_RQ;0
6543;M1_M2_KoboldMeasureEnable_RQ;0
6645;M1_M2_KoboldMeasureEnable_RQ;0
6746;M1_M2_KoboldMeasureEnable_RQ;0
6846;M1_M2_KoboldMeasureEnable_RQ;0
6946;M1_M2_KoboldMeasureEnable_RQ;0
7047;M1_M2_KoboldMeasureEnable_RQ;0
7148;M1_M2_KoboldMeasureEnable_RQ;0
7250;M1_M2_KoboldMeasureEnable_RQ;0
7349;M1_M2_KoboldMeasureEnable_RQ;0
7450;M1_M2_KoboldMeasureEnable_RQ;0
7550;M1_M2_KoboldMeasureEnable_RQ;0
7650;M1_M2_KoboldMeasureEnable_RQ;0
7751;M1_M2_KoboldMeasureEnable_RQ;0
7851;M1_M2_KoboldMeasureEnable_RQ;0
7953;M1_M2_KoboldMeasureEnable_RQ;0
8054;M1_M2_KoboldMeasureEnable_RQ;0
8154;M1_M2_KoboldMeasureEnable_RQ;0
8254;M1_M2_KoboldMeasureEnable_RQ;0
8355;M1_M2_KoboldMeasureEnable_RQ;0
8454;M1_M2_KoboldMeasureEnable_RQ;0
8554;M1_M2_KoboldMeasureEnable_RQ;0
8654;M1_M2_KoboldMeasureEnable_RQ;0
8754;M1_M2_KoboldMeasureEnable_RQ;0
8854;M1_M2_KoboldMeasureEnable_RQ;0
8954;M1_M2_KoboldMeasureEnable_RQ;0
9055;M1_M2_KoboldMeasureEnable_RQ;0
9155;M1_M2_KoboldMeasureEnable_RQ;0
9256;M1_M2_KoboldMeasureEnable_RQ;0
9357;M1_M2_KoboldMeasureEnable_RQ;0
9457;M1_M2_KoboldMeasureEnable_RQ;0
9557;M1_M2_KoboldMeasureEnable_RQ;0
9658;M1_M2_KoboldMeasureEnable_RQ;0
9758;M1_M2_KoboldMeasureEnable_RQ;0
9858;M1_M2_KoboldMeasureEnable_RQ;0
9958;M1_M2_KoboldMeasureEnable_RQ;0
10059;M1_M2_KoboldMeasureEnable_RQ;0
10160;M1_M2_KoboldMeasureEnable_RQ;0
10259;M1_M2_KoboldMeasureEnable_RQ;0
10360;M1_M2_KoboldMeasureEnable_RQ;0
10461;M1_M2_KoboldMeasureEnable_RQ;0
10562;M1_M2_KoboldMeasureEnable_RQ;0
10661;M1_M2_KoboldMeasureEnable_RQ;0
10761;M1_M2_KoboldMeasureEnable_RQ;0
10863;M1_M2_KoboldMeasureEnable_RQ;0
10964;M1_M2_KoboldMeasureEnable_RQ;0
11065;M1_M2_KoboldMeasureEnable_RQ;0
11165;M1_M2_KoboldMeasureEnable_RQ;0
11266;M1_M2_KoboldMeasureEnable_RQ;0
11365;M1_M2_KoboldMeasureEnable_RQ;0
11465;M1_M2_KoboldMeasureEnable_RQ;0
11566;M1_M2_KoboldMeasureEnable_RQ;0
11666;M1_M2_KoboldMeasureEnable_RQ;0
11765;M1_M2_KoboldMeasureEnable_RQ;0
11866;M1_M2_KoboldMeasureEnable_RQ;0
11966;M1_M2_KoboldMeasureEnable_RQ;0
12067;M1_M2_KoboldMeasureEnable_RQ;0
12167;M1_M2_KoboldMeasureEnable_RQ;0
12267;M1_M2_KoboldMeasureEnable_RQ;0
12368;M1_M2_KoboldMeasureEnable_RQ;0
12467;M1_M2_KoboldMeasureEnable_RQ;0
12570;M1_M2_KoboldMeasureEnable_RQ;0
12669;M1_M2_KoboldMeasureEnable_RQ;0
12770;M1_M2_KoboldMeasureEnable_RQ;0
12872;M1_M2_KoboldMeasureEnable_RQ;0
12972;M1_M2_KoboldMeasureEnable_RQ;0
13073;M1_M2_KoboldMeasureEnable_RQ;0
13175;M1_M2_KoboldMeasureEnable_RQ;0
13275;M1_M2_KoboldMeasureEnable_RQ;0
13378;M1_M2_KoboldMeasureEnable_RQ;0
13478;M1_M2_KoboldMeasureEnable_RQ;0
13577;M1_M2_KoboldMeasureEnable_RQ;0
13676;M1_M2_KoboldMeasureEnable_RQ;0
13778;M1_M2_KoboldMeasureEnable_RQ;0
13878;M1_M2_KoboldMeasureEnable_RQ;0
13979;M1_M2_KoboldMeasureEnable_RQ;0
14079;M1_M2_KoboldMeasureEnable_RQ;0
14180;M1_M2_KoboldMeasureEnable_RQ;0
14280;M1_M2_KoboldMeasureEnable_RQ;0
14382;M1_M2_KoboldMeasureEnable_RQ;0
14483;M1_M2_KoboldMeasureEnable_RQ;0
14584;M1_M2_KoboldMeasureEnable_RQ;0
14685;M1_M2_KoboldMeasureEnable_RQ;0
14787;M1_M2_KoboldMeasureEnable_RQ;0
14887;M1_M2_KoboldMeasureEnable_RQ;0
14987;M1_M2_KoboldMeasureEnable_RQ;0
15086;M1_M2_KoboldMeasureEnable_RQ;0
15188;M1_M2_KoboldMeasureEnable_RQ;0
15288;M1_M2_KoboldMeasureEnable_RQ;0
15388;M1_M2_KoboldMeasureEnable_RQ;0
15487;M1_M2_KoboldMeasureEnable_RQ;0
15588;M1_M2_KoboldMeasureEnable_RQ;0
15687;M1_M2_KoboldMeasureEnable_RQ;0
15789;M1_M2_KoboldMeasureEnable_RQ;0
15890;M1_M2_KoboldMeasureEnable_RQ;0
15992;M1_M2_KoboldMeasureEnable_RQ;0
16092;M1_M2_KoboldMeasureEnable_RQ;0
16194;M1_M2_KoboldMeasureEnable_RQ;0
16293;M1_M2_KoboldMeasureEnable_RQ;0
16393;M1_M2_KoboldMeasureEnable_RQ;0
16493;M1_M2_KoboldMeasureEnable_RQ;0
16593;M1_M2_KoboldMeasureEnable_RQ;0
16693;M1_M2_KoboldMeasureEnable_RQ;0
16795;M1_M2_KoboldMeasureEnable_RQ;0
16894;M1_M2_KoboldMeasureEnable_RQ;0
16994;M1_M2_KoboldMeasureEnable_RQ;0
17094;M1_M2_KoboldMeasureEnable_RQ;0
17195;M1_M2_KoboldMeasureEnable_RQ;0
17295;M1_M2_KoboldMeasureEnable_RQ;0
17396;M1_M2_KoboldMeasureEnable_RQ;0
17498;M1_M2_KoboldMeasureEnable_RQ;0
17598;M1_M2_KoboldMeasureEnable_RQ;0
17698;M1_M2_KoboldMeasureEnable_RQ;0
17801;M1_M2_KoboldMeasureEnable_RQ;0
17900;M1_M2_KoboldMeasureEnable_RQ;0
18001;M1_M2_KoboldMeasureEnable_RQ;0
18100;M1_M2_KoboldMeasureEnable_RQ;0
18202;M1_M2_KoboldMeasureEnable_RQ;0
18304;M1_M2_KoboldMeasureEnable_RQ;0
18404;M1_M2_KoboldMeasureEnable_RQ;0
18505;M1_M2_KoboldMeasureEnable_RQ;0
18605;M1_M2_KoboldMeasureEnable_RQ;0
18706;M1_M2_KoboldMeasureEnable_RQ;0
18805;M1_M2_KoboldMeasureEnable_RQ;0
18905;M1_M2_KoboldMeasureEnable_RQ;0
19007;M1_M2_KoboldMeasureEnable_RQ;0
19106;M1_M2_KoboldMeasureEnable_RQ;0
19207;M1_M2_KoboldMeasureEnable_RQ;0
19306;M1_M2_KoboldMeasureEnable_RQ;0
19407;M1_M2_KoboldMeasureEnable_RQ;0
19508;M1_M2_KoboldMeasureEnable_RQ;0
19607;M1_M2_KoboldMeasureEnable_RQ;0
19707;M1_M2_KoboldMeasureEnable_RQ;0
19810;M1_M2_KoboldMeasureEnable_RQ;0
19911;M1_M2_KoboldMeasureEnable_RQ;0
20012;M1_M2_KoboldMeasureEnable_RQ;0
20113;M1_M2_KoboldMeasureEnable_RQ;0
20212;M1_M2_KoboldMeasureEnable_RQ;0
20313;M1_M2_KoboldMeasureEnable_RQ;0
20415;M1_M2_KoboldMeasureEnable_RQ;0
20516;M1_M2_KoboldMeasureEnable_RQ;0
20616;M1_M2_KoboldMeasureEnable_RQ;0
20718;M1_M2_KoboldMeasureEnable_RQ;0
20818;M1_M2_KoboldMeasureEnable_RQ;0
20920;M1_M2_KoboldMeasureEnable_RQ;0
21020;M1_M2_KoboldMeasureEnable_RQ;0
21121;M1_M2_KoboldMeasureEnable_RQ;0
21221;M1_M2_KoboldMeasureEnable_RQ;0
21323;M1_M2_KoboldMeasureEnable_RQ;0
21424;M1_M2_KoboldMeasureEnable_RQ;0
21524;M1_M2_KoboldMeasureEnable_RQ;0
21625;M1_M2_KoboldMeasureEnable_RQ;0
21724;M1_M2_KoboldMeasureEnable_RQ;1
21825;M1_M2_KoboldMeasureEnable_RQ;1
21924;M1_M2_KoboldMeasureEnable_RQ;1
22026;M1_M2_KoboldMeasureEnable_RQ;1
22126;M1_M2_KoboldMeasureEnable_RQ;1
22226;M1_M2_KoboldMeasureEnable_RQ;1
22327;M1_M2_KoboldMeasureEnable_RQ;1
22426;M1_M2_KoboldMeasureEnable_RQ;1
22528;M1_M2_KoboldMeasureEnable_RQ;1
22628;M1_M2_KoboldMeasureEnable_RQ;1
22727;M1_M2_KoboldMeasureEnable_RQ;1
22827;M1_M2_KoboldMeasureEnable_RQ;1
22930;M1_M2_KoboldMeasureEnable_RQ;1
23030;M1_M2_KoboldMeasureEnable_RQ;1
23130;M1_M2_KoboldMeasureEnable_RQ;1
23231;M1_M2_KoboldMeasureEnable_RQ;1
23333;M1_M2_KoboldMeasureEnable_RQ;1
23433;M1_M2_KoboldMeasureEnable_RQ;1
23534;M1_M2_KoboldMeasureEnable_RQ;1
23635;M1_M2_KoboldMeasureEnable_RQ;1
23735;M1_M2_KoboldMeasureEnable_RQ;1
23836;M1_M2_KoboldMeasureEnable_RQ;1
23936;M1_M2_KoboldMeasureEnable_RQ;1
24037;M1_M2_KoboldMeasureEnable_RQ;1
24137;M1_M2_KoboldMeasureEnable_RQ;1
24236;M1_M2_KoboldMeasureEnable_RQ;1
24337;M1_M2_KoboldMeasureEnable_RQ;0
24437;M1_M2_KoboldMeasureEnable_RQ;0
24538;M1_M2_KoboldMeasureEnable_RQ;0
24639;M1_M2_KoboldMeasureEnable_RQ;0
24740;M1_M2_KoboldMeasureEnable_RQ;0
24839;M1_M2_KoboldMeasureEnable_RQ;0
24942;M1_M2_KoboldMeasureEnable_RQ;0
25042;M1_M2_KoboldMeasureEnable_RQ;0
25143;M1_M2_KoboldMeasureEnable_RQ;0
25243;M1_M2_KoboldMeasureEnable_RQ;0
25345;M1_M2_KoboldMeasureEnable_RQ;0
25446;M1_M2_KoboldMeasureEnable_RQ;0
25546;M1_M2_KoboldMeasureEnable_RQ;0
25646;M1_M2_KoboldMeasureEnable_RQ;0
25748;M1_M2_KoboldMeasureEnable_RQ;0
25848;M1_M2_KoboldMeasureEnable_RQ;0
25949;M1_M2_KoboldMeasureEnable_RQ;0
26050;M1_M2_KoboldMeasureEnable_RQ;0
26151;M1_M2_KoboldMeasureEnable_RQ;0
26252;M1_M2_KoboldMeasureEnable_RQ;0
26351;M1_M2_KoboldMeasureEnable_RQ;0
26453;M1_M2_KoboldMeasureEnable_RQ;0
26552;M1_M2_KoboldMeasureEnable_RQ;0
26653;M1_M2_KoboldMeasureEnable_RQ;0
26756;M1_M2_KoboldMeasureEnable_RQ;0
26856;M1_M2_KoboldMeasureEnable_RQ;0
26955;M1_M2_KoboldMeasureEnable_RQ;0
27056;M1_M2_KoboldMeasureEnable_RQ;0
27156;M1_M2_KoboldMeasureEnable_RQ;0
27257;M1_M2_KoboldMeasureEnable_RQ;0
27357;M1_M2_KoboldMeasureEnable_RQ;0
27459;M1_M2_KoboldMeasureEnable_RQ;0
27560;M1_M2_KoboldMeasureEnable_RQ;0
27661;M1_M2_KoboldMeasureEnable_RQ;0
27761;M1_M2_KoboldMeasureEnable_RQ;0
27862;M1_M2_KoboldMeasureEnable_RQ;0
27963;M1_M2_KoboldMeasureEnable_RQ;0
28063;M1_M2_KoboldMeasureEnable_RQ;0
28164;M1_M2_KoboldMeasureEnable_RQ;0
28264;M1_M2_KoboldMeasureEnable_RQ;0
28363;M1_M2_KoboldMeasureEnable_RQ;0
28464;M1_M2_KoboldMeasureEnable_RQ;0
28566;M1_M2_KoboldMeasureEnable_RQ;0
28668;M1_M2_KoboldMeasureEnable_RQ;0
28768;M1_M2_KoboldMeasureEnable_RQ;0
28870;M1_M2_KoboldMeasureEnable_RQ;0
28969;M1_M2_KoboldMeasureEnable_RQ;0
29069;M1_M2_KoboldMeasureEnable_RQ;0
29171;M1_M2_KoboldMeasureEnable_RQ;0
29272;M1_M2_KoboldMeasureEnable_RQ;0
29371;M1_M2_KoboldMeasureEnable_RQ;0
29473;M1_M2_KoboldMeasureEnable_RQ;0
29572;M1_M2_KoboldMeasureEnable_RQ;0
29672;M1_M2_KoboldMeasureEnable_RQ;0
29773;M1_M2_KoboldMeasureEnable_RQ;0
29872;M1_M2_KoboldMeasureEnable_RQ;0
29972;M1_M2_KoboldMeasureEnable_RQ;0
30072;M1_M2_KoboldMeasureEnable_RQ;0
30173;M1_M2_KoboldMeasureEnable_RQ;0
30275;M1_M2_KoboldMeasureEnable_RQ;0
30377;M1_M2_KoboldMeasureEnable_RQ;0
30476;M1_M2_KoboldMeasureEnable_RQ;0
30576;M1_M2_KoboldMeasureEnable_RQ;0
30676;M1_M2_KoboldMeasureEnable_RQ;0
30776;M1_M2_KoboldMeasureEnable_RQ;0
30877;M1_M2_KoboldMeasureEnable_RQ;0
30978;M1_M2_KoboldMeasureEnable_RQ;0
31078;M1_M2_KoboldMeasureEnable_RQ;0
31179;M1_M2_KoboldMeasureEnable_RQ;0
31280;M1_M2_KoboldMeasureEnable_RQ;0
31380;M1_M2_KoboldMeasureEnable_RQ;0
31480;M1_M2_KoboldMeasureEnable_RQ;0
31581;M1_M2_KoboldMeasureEnable_RQ;0
31681;M1_M2_KoboldMeasureEnable_RQ;0
3;M3Translation.State.AtP1;1
104;M3Translation.State.AtP1;1
204;M3Translation.State.AtP1;1
305;M3Translation.State.AtP1;1
406;M3Translation.State.AtP1;1
507;M3Translation.State.AtP1;1
607;M3Translation.State.AtP1;1
708;M3Translation.State.AtP1;1
809;M3Translation.State.AtP1;1
909;M3Translation.State.AtP1;1
1009;M3Translation.State.AtP1;1
1110;M3Translation.State.AtP1;1
1210;M3Translation.State.AtP1;1
1310;M3Translation.State.AtP1;1
1411;M3Translation.State.AtP1;1
1513;M3Translation.State.AtP1;1
1613;M3Translation.State.AtP1;1
1713;M3Translation.State.AtP1;1
1814;M3Translation.State.AtP1;1
1914;M3Translation.State.AtP1;1
2015;M3Translation.State.AtP1;1
2115;M3Translation.State.AtP1;1
2216;M3Translation.State.AtP1;1
2318;M3Translation.State.AtP1;1
2419;M3Translation.State.AtP1;1
2519;M3Translation.State.AtP1;1
2620;M3Translation.State.AtP1;1
2722;M3Translation.State.AtP1;1
2821;M3Translation.State.AtP1;1
2921;M3Translation.State.AtP1;1
3022;M3Translation.State.AtP1;1
3123;M3Translation.State.AtP1;1
3224;M3Translation.State.AtP1;1
3326;M3Translation.State.AtP1;1
3426;M3Translation.State.AtP1;1
3527;M3Translation.State.AtP1;1
3626;M3Translation.State.AtP1;1
3726;M3Translation.State.AtP1;1
3827;M3Translation.State.AtP1;1
3929;M3Translation.State.AtP1;1
4028;M3Translation.State.AtP1;1
4129;M3Translation.State.AtP1;1
4229;M3Translation.State.AtP1;1
4329;M3Translation.State.AtP1;1
4431;M3Translation.State.AtP1;1
4530;M3Translation.State.AtP1;1
4630;M3Translation.State.AtP1;1
4732;M3Translation.State.AtP1;1
4832;M3Translation.State.AtP1;1
4933;M3Translation.State.AtP1;1
5034;M3Translation.State.AtP1;1
5135;M3Translation.State.AtP1;1
5236;M3Translation.State.AtP1;1
5336;M3Translation.State.AtP1;1
5436;M3Translation.State.AtP1;1
5536;M3Translation.State.AtP1;1
5637;M3Translation.State.AtP1;1
5737;M3Translation.State.AtP1;1
5837;M3Translation.State.AtP1;1
5937;M3Translation.State.AtP1;1
6039;M3Translation.State.AtP1;1
6139;M3Translation.State.AtP1;1
6240;M3Translation.State.AtP1;1
6342;M3Translation.State.AtP1;1
6442;M3Translation.State.AtP1;1
6543;M3Translation.State.AtP1;1
6645;M3Translation.State.AtP1;1
6746;M3Translation.State.AtP1;1
6846;M3Translation.State.AtP1;1
6946;M3Translation.State.AtP1;1
7047;M3Translation.State.AtP1;1
7148;M3Translation.State.AtP1;1
7250;M3Translation.State.AtP1;1
7349;M3Translation.State.AtP1;1
7450;M3Translation.State.AtP1;1
7550;M3Translation.State.AtP1;1
7650;M3Translation.State.AtP1;1
7751;M3Translation.State.AtP1;1
7851;M3Translation.State.AtP1;1
7953;M3Translation.State.AtP1;1
8054;M3Translation.State.AtP1;1
8154;M3Translation.State.AtP1;1
8254;M3Translation.State.AtP1;1
8355;M3Translation.State.AtP1;1
8454;M3Translation.State.AtP1;1
8554;M3Translation.State.AtP1;1
8654;M3Translation.State.AtP1;1
8754;M3Translation.State.AtP1;1
8854;M3Translation.State.AtP1;1
8954;M3Translation.State.AtP1;1
9055;M3Translation.State.AtP1;1
9155;M3Translation.State.AtP1;1
9256;M3Translation.State.AtP1;1
9357;M3Translation.State.AtP1;1
9457;M3Translation.State.AtP1;1
9557;M3Translation.State.AtP1;1
9658;M3Translation.State.AtP1;1
9758;M3Translation.State.AtP1;1
9858;M3Translation.State.AtP1;1
9958;M3Translation.State.AtP1;1
10059;M3Translation.State.AtP1;1
10160;M3Translation.State.AtP1;1
10259;M3Translation.State.AtP1;1
10360;M3Translation.State.AtP1;1
10461;M3Translation.State.AtP1;1
10562;M3Translation.State.AtP1;1
10661;M3Translation.State.AtP1;1
10761;M3Translation.State.AtP1;1
10863;M3Translation.State.AtP1;1
10964;M3Translation.State.AtP1;1
11065;M3Translation.State.AtP1;1
11165;M3Translation.State.AtP1;1
11266;M3Translation.State.AtP1;1
11365;M3Translation.State.AtP1;1
11465;M3Translation.State.AtP1;1
11566;M3Translation.State.AtP1;1
11666;M3Translation.State.AtP1;1
11765;M3Translation.State.AtP1;1
11866;M3Translation.State.AtP1;1
11966;M3Translation.State.AtP1;1
12067;M3Translation.State.AtP1;1
12167;M3Translation.State.AtP1;1
12267;M3Translation.State.AtP1;1
12368;M3Translation.State.AtP1;1
12467;M3Translation.State.AtP1;1
12570;M3Translation.State.AtP1;1
12669;M3Translation.State.AtP1;1
12770;M3Translation.State.AtP1;1
12872;M3Translation.State.AtP1;1
12972;M3Translation.State.AtP1;1
13073;M3Translation.State.AtP1;1
13175;M3Translation.State.AtP1;1
13275;M3Translation.State.AtP1;1
13378;M3Translation.State.AtP1;1
13478;M3Translation.State.AtP1;1
13577;M3Translation.State.AtP1;1
13676;M3Translation.State.AtP1;1
13778;M3Translation.State.AtP1;1
13878;M3Translation.State.AtP1;1
13979;M3Translation.State.AtP1;1
14079;M3Translation.State.AtP1;1
14180;M3Translation.State.AtP1;1
14280;M3Translation.State.AtP1;1
14382;M3Translation.State.AtP1;1
14483;M3Translation.State.AtP1;1
14584;M3Translation.State.AtP1;1
14685;M3Translation.State.AtP1;1
14787;M3Translation.State.AtP1;1
14887;M3Translation.State.AtP1;1
14987;M3Translation.State.AtP1;1
15086;M3Translation.State.AtP1;1
15188;M3Translation.State.AtP1;1
15288;M3Translation.State.AtP1;1
15388;M3Translation.State.AtP1;1
15487;M3Translation.State.AtP1;1
15588;M3Translation.State.AtP1;1
15687;M3Translation.State.AtP1;1
15789;M3Translation.State.AtP1;1
15890;M3Translation.State.AtP1;1
15992;M3Translation.State.AtP1;1
16092;M3Translation.State.AtP1;1
16194;M3Translation.State.AtP1;1
16293;M3Translation.State.AtP1;1
16393;M3Translation.State.AtP1;1
16493;M3Translation.State.AtP1;1
16593;M3Translation.State.AtP1;1
16693;M3Translation.State.AtP1;1
16795;M3Translation.State.AtP1;1
16894;M3Translation.State.AtP1;1
16994;M3Translation.State.AtP1;1
17094;M3Translation.State.AtP1;1
17195;M3Translation.State.AtP1;1
17295;M3Translation.State.AtP1;1
17396;M3Translation.State.AtP1;1
17498;M3Translation.State.AtP1;1
17598;M3Translation.State.AtP1;1
17698;M3Translation.State.AtP1;1
17801;M3Translation.State.AtP1;1
17900;M3Translation.State.AtP1;1
18001;M3Translation.State.AtP1;1
18100;M3Translation.State.AtP1;1
18202;M3Translation.State.AtP1;1
18304;M3Translation.State.AtP1;1
18404;M3Translation.State.AtP1;1
18505;M3Translation.State.AtP1;1
18605;M3Translation.State.AtP1;1
18706;M3Translation.State.AtP1;1
18805;M3Translation.State.AtP1;1
18905;M3Translation.State.AtP1;1
19007;M3Translation.State.AtP1;1
19106;M3Translation.State.AtP1;1
19207;M3Translation.State.AtP1;1
19306;M3Translation.State.AtP1;1
19407;M3Translation.State.AtP1;1
19508;M3Translation.State.AtP1;1
19607;M3Translation.State.AtP1;1
19707;M3Translation.State.AtP1;1
19810;M3Translation.State.AtP1;1
19911;M3Translation.State.AtP1;1
20012;M3Translation.State.AtP1;1
20113;M3Translation.State.AtP1;1
20212;M3Translation.State.AtP1;1
20313;M3Translation.State.AtP1;1
20415;M3Translation.State.AtP1;1
20516;M3Translation.State.AtP1;1
20616;M3Translation.State.AtP1;1
20718;M3Translation.State.AtP1;1
20818;M3Translation.State.AtP1;1
20920;M3Translation.State.AtP1;1
21020;M3Translation.State.AtP1;1
21121;M3Translation.State.AtP1;1
21221;M3Translation.State.AtP1;1
21323;M3Translation.State.AtP1;1
21424;M3Translation.State.AtP1;1
21524;M3Translation.State.AtP1;1
21625;M3Translation.State.AtP1;1
21724;M3Translation.State.AtP1;1
21825;M3Translation.State.AtP1;1
21924;M3Translation.State.AtP1;1
22026;M3Translation.State.AtP1;1
22126;M3Translation.State.AtP1;1
22226;M3Translation.State.AtP1;1
22327;M3Translation.State.AtP1;1
22426;M3Translation.State.AtP1;1
22528;M3Translation.State.AtP1;1
22628;M3Translation.State.AtP1;1
22727;M3Translation.State.AtP1;1
22827;M3Translation.State.AtP1;1
22930;M3Translation.State.AtP1;1
23030;M3Translation.State.AtP1;1
23130;M3Translation.State.AtP1;1
23231;M3Translation.State.AtP1;1
23333;M3Translation.State.AtP1;1
23433;M3Translation.State.AtP1;1
23534;M3Translation.State.AtP1;1
23635;M3Translation.State.AtP1;1
23735;M3Translation.State.AtP1;1
23836;M3Translation.State.AtP1;1
23936;M3Translation.State.AtP1;1
24037;M3Translation.State.AtP1;1
24137;M3Translation.State.AtP1;1
24236;M3Translation.State.AtP1;1
24337;M3Translation.State.AtP1;1
24437;M3Translation.State.AtP1;1
24538;M3Translation.State.AtP1;1
24639;M3Translation.State.AtP1;1
24740;M3Translation.State.AtP1;1
24839;M3Translation.State.AtP1;1
24942;M3Translation.State.AtP1;1
25042;M3Translation.State.AtP1;1
25143;M3Translation.State.AtP1;1
25243;M3Translation.State.AtP1;1
25345;M3Translation.State.AtP1;1
25446;M3Translation.State.AtP1;1
25546;M3Translation.State.AtP1;1
25646;M3Translation.State.AtP1;1
25748;M3Translation.State.AtP1;1
25848;M3Translation.State.AtP1;1
25949;M3Translation.State.AtP1;1
26050;M3Translation.State.AtP1;1
26151;M3Translation.State.AtP1;1
26252;M3Translation.State.AtP1;1
26351;M3Translation.State.AtP1;1
26453;M3Translation.State.AtP1;1
26552;M3Translation.State.AtP1;1
26653;M3Translation.State.AtP1;1
26756;M3Translation.State.AtP1;1
26856;M3Translation.State.AtP1;1
26955;M3Translation.State.AtP1;1
27056;M3Translation.State.AtP1;1
27156;M3Translation.State.AtP1;1
27257;M3Translation.State.AtP1;1
27357;M3Translation.State.AtP1;1
27459;M3Translation.State.AtP1;1
27560;M3Translation.State.AtP1;1
27661;M3Translation.State.AtP1;1
27761;M3Translation.State.AtP1;1
27862;M3Translation.State.AtP1;1
27963;M3Translation.State.AtP1;1
28063;M3Translation.State.AtP1;1
28164;M3Translation.State.AtP1;1
28264;M3Translation.State.AtP1;1
28363;M3Translation.State.AtP1;1
28464;M3Translation.State.AtP1;1
28566;M3Translation.State.AtP1;1
28668;M3Translation.State.AtP1;1
28768;M3Translation.State.AtP1;1
28870;M3Translation.State.AtP1;1
28969;M3Translation.State.AtP1;1
29069;M3Translation.State.AtP1;1
29171;M3Translation.State.AtP1;1
29272;M3Translation.State.AtP1;1
29371;M3Translation.State.AtP1;1
29473;M3Translation.State.AtP1;1
29572;M3Translation.State.AtP1;1
29672;M3Translation.State.AtP1;1
29773;M3Translation.State.AtP1;1
29872;M3Translation.State.AtP1;1
29972;M3Translation.State.AtP1;1
30072;M3Translation.State.AtP1;1
30173;M3Translation.State.AtP1;1
30275;M3Translation.State.AtP1;1
30377;M3Translation.State.AtP1;1
30476;M3Translation.State.AtP1;1
30576;M3Translation.State.AtP1;1
30676;M3Translation.State.AtP1;1
30776;M3Translation.State.AtP1;1
30877;M3Translation.State.AtP1;1
30978;M3Translation.State.AtP1;1
31078;M3Translation.State.AtP1;1
31179;M3Translation.State.AtP1;1
31280;M3Translation.State.AtP1;1
31380;M3Translation.State.AtP1;1
31480;M3Translation.State.AtP1;1
31581;M3Translation.State.AtP1;1
31681;M3Translation.State.AtP1;1
3;M3Translation.State.AtTremie;0
104;M3Translation.State.AtTremie;0
204;M3Translation.State.AtTremie;0
305;M3Translation.State.AtTremie;0
406;M3Translation.State.AtTremie;0
507;M3Translation.State.AtTremie;0
607;M3Translation.State.AtTremie;0
708;M3Translation.State.AtTremie;0
809;M3Translation.State.AtTremie;0
909;M3Translation.State.AtTremie;0
1009;M3Translation.State.AtTremie;0
1110;M3Translation.State.AtTremie;0
1210;M3Translation.State.AtTremie;0
1310;M3Translation.State.AtTremie;0
1411;M3Translation.State.AtTremie;0
1513;M3Translation.State.AtTremie;0
1613;M3Translation.State.AtTremie;0
1713;M3Translation.State.AtTremie;0
1814;M3Translation.State.AtTremie;0
1914;M3Translation.State.AtTremie;0
2015;M3Translation.State.AtTremie;0
2115;M3Translation.State.AtTremie;0
2216;M3Translation.State.AtTremie;0
2318;M3Translation.State.AtTremie;0
2419;M3Translation.State.AtTremie;0
2519;M3Translation.State.AtTremie;0
2620;M3Translation.State.AtTremie;0
2722;M3Translation.State.AtTremie;0
2821;M3Translation.State.AtTremie;0
2921;M3Translation.State.AtTremie;0
3022;M3Translation.State.AtTremie;0
3123;M3Translation.State.AtTremie;0
3224;M3Translation.State.AtTremie;0
3326;M3Translation.State.AtTremie;0
3426;M3Translation.State.AtTremie;0
3527;M3Translation.State.AtTremie;0
3626;M3Translation.State.AtTremie;0
3726;M3Translation.State.AtTremie;0
3827;M3Translation.State.AtTremie;0
3929;M3Translation.State.AtTremie;0
4028;M3Translation.State.AtTremie;0
4129;M3Translation.State.AtTremie;0
4229;M3Translation.State.AtTremie;0
4329;M3Translation.State.AtTremie;0
4431;M3Translation.State.AtTremie;0
4530;M3Translation.State.AtTremie;0
4630;M3Translation.State.AtTremie;0
4732;M3Translation.State.AtTremie;0
4832;M3Translation.State.AtTremie;0
4933;M3Translation.State.AtTremie;0
5034;M3Translation.State.AtTremie;0
5135;M3Translation.State.AtTremie;0
5236;M3Translation.State.AtTremie;0
5336;M3Translation.State.AtTremie;0
5436;M3Translation.State.AtTremie;0
5536;M3Translation.State.AtTremie;0
5637;M3Translation.State.AtTremie;0
5737;M3Translation.State.AtTremie;0
5837;M3Translation.State.AtTremie;0
5937;M3Translation.State.AtTremie;0
6039;M3Translation.State.AtTremie;0
6139;M3Translation.State.AtTremie;0
6240;M3Translation.State.AtTremie;0
6342;M3Translation.State.AtTremie;0
6442;M3Translation.State.AtTremie;0
6543;M3Translation.State.AtTremie;0
6645;M3Translation.State.AtTremie;0
6746;M3Translation.State.AtTremie;0
6846;M3Translation.State.AtTremie;0
6946;M3Translation.State.AtTremie;0
7047;M3Translation.State.AtTremie;0
7148;M3Translation.State.AtTremie;0
7250;M3Translation.State.AtTremie;0
7349;M3Translation.State.AtTremie;0
7450;M3Translation.State.AtTremie;0
7550;M3Translation.State.AtTremie;0
7650;M3Translation.State.AtTremie;0
7751;M3Translation.State.AtTremie;0
7851;M3Translation.State.AtTremie;0
7953;M3Translation.State.AtTremie;0
8054;M3Translation.State.AtTremie;0
8154;M3Translation.State.AtTremie;0
8254;M3Translation.State.AtTremie;0
8355;M3Translation.State.AtTremie;0
8454;M3Translation.State.AtTremie;0
8554;M3Translation.State.AtTremie;0
8654;M3Translation.State.AtTremie;0
8754;M3Translation.State.AtTremie;0
8854;M3Translation.State.AtTremie;0
8954;M3Translation.State.AtTremie;0
9055;M3Translation.State.AtTremie;0
9155;M3Translation.State.AtTremie;0
9256;M3Translation.State.AtTremie;0
9357;M3Translation.State.AtTremie;0
9457;M3Translation.State.AtTremie;0
9557;M3Translation.State.AtTremie;0
9658;M3Translation.State.AtTremie;0
9758;M3Translation.State.AtTremie;0
9858;M3Translation.State.AtTremie;0
9958;M3Translation.State.AtTremie;0
10059;M3Translation.State.AtTremie;0
10160;M3Translation.State.AtTremie;0
10259;M3Translation.State.AtTremie;0
10360;M3Translation.State.AtTremie;0
10461;M3Translation.State.AtTremie;0
10562;M3Translation.State.AtTremie;0
10661;M3Translation.State.AtTremie;0
10761;M3Translation.State.AtTremie;0
10863;M3Translation.State.AtTremie;0
10964;M3Translation.State.AtTremie;0
11065;M3Translation.State.AtTremie;0
11165;M3Translation.State.AtTremie;0
11266;M3Translation.State.AtTremie;0
11365;M3Translation.State.AtTremie;0
11465;M3Translation.State.AtTremie;0
11566;M3Translation.State.AtTremie;0
11666;M3Translation.State.AtTremie;0
11765;M3Translation.State.AtTremie;0
11866;M3Translation.State.AtTremie;0
11966;M3Translation.State.AtTremie;0
12067;M3Translation.State.AtTremie;0
12167;M3Translation.State.AtTremie;0
12267;M3Translation.State.AtTremie;0
12368;M3Translation.State.AtTremie;0
12467;M3Translation.State.AtTremie;0
12570;M3Translation.State.AtTremie;0
12669;M3Translation.State.AtTremie;0
12770;M3Translation.State.AtTremie;0
12872;M3Translation.State.AtTremie;0
12972;M3Translation.State.AtTremie;0
13073;M3Translation.State.AtTremie;0
13175;M3Translation.State.AtTremie;0
13275;M3Translation.State.AtTremie;0
13378;M3Translation.State.AtTremie;0
13478;M3Translation.State.AtTremie;0
13577;M3Translation.State.AtTremie;0
13676;M3Translation.State.AtTremie;0
13778;M3Translation.State.AtTremie;0
13878;M3Translation.State.AtTremie;0
13979;M3Translation.State.AtTremie;0
14079;M3Translation.State.AtTremie;0
14180;M3Translation.State.AtTremie;0
14280;M3Translation.State.AtTremie;0
14382;M3Translation.State.AtTremie;0
14483;M3Translation.State.AtTremie;0
14584;M3Translation.State.AtTremie;0
14685;M3Translation.State.AtTremie;0
14787;M3Translation.State.AtTremie;0
14887;M3Translation.State.AtTremie;0
14987;M3Translation.State.AtTremie;0
15086;M3Translation.State.AtTremie;0
15188;M3Translation.State.AtTremie;0
15288;M3Translation.State.AtTremie;0
15388;M3Translation.State.AtTremie;0
15487;M3Translation.State.AtTremie;0
15588;M3Translation.State.AtTremie;0
15687;M3Translation.State.AtTremie;0
15789;M3Translation.State.AtTremie;0
15890;M3Translation.State.AtTremie;0
15992;M3Translation.State.AtTremie;0
16092;M3Translation.State.AtTremie;0
16194;M3Translation.State.AtTremie;0
16293;M3Translation.State.AtTremie;0
16393;M3Translation.State.AtTremie;0
16493;M3Translation.State.AtTremie;0
16593;M3Translation.State.AtTremie;0
16693;M3Translation.State.AtTremie;0
16795;M3Translation.State.AtTremie;0
16894;M3Translation.State.AtTremie;0
16994;M3Translation.State.AtTremie;0
17094;M3Translation.State.AtTremie;0
17195;M3Translation.State.AtTremie;0
17295;M3Translation.State.AtTremie;0
17396;M3Translation.State.AtTremie;0
17498;M3Translation.State.AtTremie;0
17598;M3Translation.State.AtTremie;0
17698;M3Translation.State.AtTremie;0
17801;M3Translation.State.AtTremie;0
17900;M3Translation.State.AtTremie;0
18001;M3Translation.State.AtTremie;0
18100;M3Translation.State.AtTremie;0
18202;M3Translation.State.AtTremie;0
18304;M3Translation.State.AtTremie;0
18404;M3Translation.State.AtTremie;0
18505;M3Translation.State.AtTremie;0
18605;M3Translation.State.AtTremie;0
18706;M3Translation.State.AtTremie;0
18805;M3Translation.State.AtTremie;0
18905;M3Translation.State.AtTremie;0
19007;M3Translation.State.AtTremie;0
19106;M3Translation.State.AtTremie;0
19207;M3Translation.State.AtTremie;0
19306;M3Translation.State.AtTremie;0
19407;M3Translation.State.AtTremie;0
19508;M3Translation.State.AtTremie;0
19607;M3Translation.State.AtTremie;0
19707;M3Translation.State.AtTremie;0
19810;M3Translation.State.AtTremie;0
19911;M3Translation.State.AtTremie;0
20012;M3Translation.State.AtTremie;0
20113;M3Translation.State.AtTremie;0
20212;M3Translation.State.AtTremie;0
20313;M3Translation.State.AtTremie;0
20415;M3Translation.State.AtTremie;0
20516;M3Translation.State.AtTremie;0
20616;M3Translation.State.AtTremie;0
20718;M3Translation.State.AtTremie;0
20818;M3Translation.State.AtTremie;0
20920;M3Translation.State.AtTremie;0
21020;M3Translation.State.AtTremie;0
21121;M3Translation.State.AtTremie;0
21221;M3Translation.State.AtTremie;0
21323;M3Translation.State.AtTremie;0
21424;M3Translation.State.AtTremie;0
21524;M3Translation.State.AtTremie;0
21625;M3Translation.State.AtTremie;0
21724;M3Translation.State.AtTremie;0
21825;M3Translation.State.AtTremie;0
21924;M3Translation.State.AtTremie;0
22026;M3Translation.State.AtTremie;0
22126;M3Translation.State.AtTremie;0
22226;M3Translation.State.AtTremie;0
22327;M3Translation.State.AtTremie;0
22426;M3Translation.State.AtTremie;0
22528;M3Translation.State.AtTremie;0
22628;M3Translation.State.AtTremie;0
22727;M3Translation.State.AtTremie;0
22827;M3Translation.State.AtTremie;0
22930;M3Translation.State.AtTremie;0
23030;M3Translation.State.AtTremie;0
23130;M3Translation.State.AtTremie;0
23231;M3Translation.State.AtTremie;0
23333;M3Translation.State.AtTremie;0
23433;M3Translation.State.AtTremie;0
23534;M3Translation.State.AtTremie;0
23635;M3Translation.State.AtTremie;0
23735;M3Translation.State.AtTremie;0
23836;M3Translation.State.AtTremie;0
23936;M3Translation.State.AtTremie;0
24037;M3Translation.State.AtTremie;0
24137;M3Translation.State.AtTremie;0
24236;M3Translation.State.AtTremie;0
24337;M3Translation.State.AtTremie;0
24437;M3Translation.State.AtTremie;0
24538;M3Translation.State.AtTremie;0
24639;M3Translation.State.AtTremie;0
24740;M3Translation.State.AtTremie;0
24839;M3Translation.State.AtTremie;0
24942;M3Translation.State.AtTremie;0
25042;M3Translation.State.AtTremie;0
25143;M3Translation.State.AtTremie;0
25243;M3Translation.State.AtTremie;0
25345;M3Translation.State.AtTremie;0
25446;M3Translation.State.AtTremie;0
25546;M3Translation.State.AtTremie;0
25646;M3Translation.State.AtTremie;0
25748;M3Translation.State.AtTremie;0
25848;M3Translation.State.AtTremie;0
25949;M3Translation.State.AtTremie;0
26050;M3Translation.State.AtTremie;0
26151;M3Translation.State.AtTremie;0
26252;M3Translation.State.AtTremie;0
26351;M3Translation.State.AtTremie;0
26453;M3Translation.State.AtTremie;0
26552;M3Translation.State.AtTremie;0
26653;M3Translation.State.AtTremie;0
26756;M3Translation.State.AtTremie;0
26856;M3Translation.State.AtTremie;0
26955;M3Translation.State.AtTremie;0
27056;M3Translation.State.AtTremie;0
27156;M3Translation.State.AtTremie;0
27257;M3Translation.State.AtTremie;0
27357;M3Translation.State.AtTremie;0
27459;M3Translation.State.AtTremie;0
27560;M3Translation.State.AtTremie;0
27661;M3Translation.State.AtTremie;0
27761;M3Translation.State.AtTremie;0
27862;M3Translation.State.AtTremie;0
27963;M3Translation.State.AtTremie;0
28063;M3Translation.State.AtTremie;0
28164;M3Translation.State.AtTremie;0
28264;M3Translation.State.AtTremie;0
28363;M3Translation.State.AtTremie;0
28464;M3Translation.State.AtTremie;0
28566;M3Translation.State.AtTremie;0
28668;M3Translation.State.AtTremie;0
28768;M3Translation.State.AtTremie;0
28870;M3Translation.State.AtTremie;0
28969;M3Translation.State.AtTremie;0
29069;M3Translation.State.AtTremie;0
29171;M3Translation.State.AtTremie;0
29272;M3Translation.State.AtTremie;0
29371;M3Translation.State.AtTremie;0
29473;M3Translation.State.AtTremie;0
29572;M3Translation.State.AtTremie;0
29672;M3Translation.State.AtTremie;0
29773;M3Translation.State.AtTremie;0
29872;M3Translation.State.AtTremie;0
29972;M3Translation.State.AtTremie;0
30072;M3Translation.State.AtTremie;0
30173;M3Translation.State.AtTremie;0
30275;M3Translation.State.AtTremie;0
30377;M3Translation.State.AtTremie;0
30476;M3Translation.State.AtTremie;0
30576;M3Translation.State.AtTremie;0
30676;M3Translation.State.AtTremie;0
30776;M3Translation.State.AtTremie;0
30877;M3Translation.State.AtTremie;0
30978;M3Translation.State.AtTremie;0
31078;M3Translation.State.AtTremie;0
31179;M3Translation.State.AtTremie;0
31280;M3Translation.State.AtTremie;0
31380;M3Translation.State.AtTremie;0
31480;M3Translation.State.AtTremie;0
31581;M3Translation.State.AtTremie;0
31681;M3Translation.State.AtTremie;0
3;M3Translation.State.EstimatedPosM3_M;30
104;M3Translation.State.EstimatedPosM3_M;30
204;M3Translation.State.EstimatedPosM3_M;30
305;M3Translation.State.EstimatedPosM3_M;30
406;M3Translation.State.EstimatedPosM3_M;30
507;M3Translation.State.EstimatedPosM3_M;30
607;M3Translation.State.EstimatedPosM3_M;30
708;M3Translation.State.EstimatedPosM3_M;30
809;M3Translation.State.EstimatedPosM3_M;30
909;M3Translation.State.EstimatedPosM3_M;30
1009;M3Translation.State.EstimatedPosM3_M;30
1110;M3Translation.State.EstimatedPosM3_M;30
1210;M3Translation.State.EstimatedPosM3_M;30
1310;M3Translation.State.EstimatedPosM3_M;30
1411;M3Translation.State.EstimatedPosM3_M;30
1513;M3Translation.State.EstimatedPosM3_M;30
1613;M3Translation.State.EstimatedPosM3_M;30
1713;M3Translation.State.EstimatedPosM3_M;30
1814;M3Translation.State.EstimatedPosM3_M;30
1914;M3Translation.State.EstimatedPosM3_M;30
2015;M3Translation.State.EstimatedPosM3_M;30
2115;M3Translation.State.EstimatedPosM3_M;30
2216;M3Translation.State.EstimatedPosM3_M;30
2318;M3Translation.State.EstimatedPosM3_M;30
2419;M3Translation.State.EstimatedPosM3_M;30
2519;M3Translation.State.EstimatedPosM3_M;30
2620;M3Translation.State.EstimatedPosM3_M;30
2722;M3Translation.State.EstimatedPosM3_M;30
2821;M3Translation.State.EstimatedPosM3_M;30
2921;M3Translation.State.EstimatedPosM3_M;30
3022;M3Translation.State.EstimatedPosM3_M;30
3123;M3Translation.State.EstimatedPosM3_M;30
3224;M3Translation.State.EstimatedPosM3_M;30
3326;M3Translation.State.EstimatedPosM3_M;30
3426;M3Translation.State.EstimatedPosM3_M;30
3527;M3Translation.State.EstimatedPosM3_M;30
3626;M3Translation.State.EstimatedPosM3_M;30
3726;M3Translation.State.EstimatedPosM3_M;30
3827;M3Translation.State.EstimatedPosM3_M;30
3929;M3Translation.State.EstimatedPosM3_M;30
4028;M3Translation.State.EstimatedPosM3_M;30
4129;M3Translation.State.EstimatedPosM3_M;30
4229;M3Translation.State.EstimatedPosM3_M;30
4329;M3Translation.State.EstimatedPosM3_M;30
4431;M3Translation.State.EstimatedPosM3_M;30
4530;M3Translation.State.EstimatedPosM3_M;30
4630;M3Translation.State.EstimatedPosM3_M;30
4732;M3Translation.State.EstimatedPosM3_M;30
4832;M3Translation.State.EstimatedPosM3_M;30
4933;M3Translation.State.EstimatedPosM3_M;30
5034;M3Translation.State.EstimatedPosM3_M;30
5135;M3Translation.State.EstimatedPosM3_M;30
5236;M3Translation.State.EstimatedPosM3_M;30
5336;M3Translation.State.EstimatedPosM3_M;30
5436;M3Translation.State.EstimatedPosM3_M;30
5536;M3Translation.State.EstimatedPosM3_M;30
5637;M3Translation.State.EstimatedPosM3_M;30
5737;M3Translation.State.EstimatedPosM3_M;30
5837;M3Translation.State.EstimatedPosM3_M;30
5937;M3Translation.State.EstimatedPosM3_M;30
6039;M3Translation.State.EstimatedPosM3_M;30
6139;M3Translation.State.EstimatedPosM3_M;30
6240;M3Translation.State.EstimatedPosM3_M;30
6342;M3Translation.State.EstimatedPosM3_M;30
6442;M3Translation.State.EstimatedPosM3_M;30
6543;M3Translation.State.EstimatedPosM3_M;30
6645;M3Translation.State.EstimatedPosM3_M;30
6746;M3Translation.State.EstimatedPosM3_M;30
6846;M3Translation.State.EstimatedPosM3_M;30
6946;M3Translation.State.EstimatedPosM3_M;30
7047;M3Translation.State.EstimatedPosM3_M;30
7148;M3Translation.State.EstimatedPosM3_M;30
7250;M3Translation.State.EstimatedPosM3_M;30
7349;M3Translation.State.EstimatedPosM3_M;30
7450;M3Translation.State.EstimatedPosM3_M;30
7550;M3Translation.State.EstimatedPosM3_M;30
7650;M3Translation.State.EstimatedPosM3_M;30
7751;M3Translation.State.EstimatedPosM3_M;30
7851;M3Translation.State.EstimatedPosM3_M;30
7953;M3Translation.State.EstimatedPosM3_M;30
8054;M3Translation.State.EstimatedPosM3_M;30
8154;M3Translation.State.EstimatedPosM3_M;30
8254;M3Translation.State.EstimatedPosM3_M;30
8355;M3Translation.State.EstimatedPosM3_M;30
8454;M3Translation.State.EstimatedPosM3_M;30
8554;M3Translation.State.EstimatedPosM3_M;30
8654;M3Translation.State.EstimatedPosM3_M;30
8754;M3Translation.State.EstimatedPosM3_M;30
8854;M3Translation.State.EstimatedPosM3_M;30
8954;M3Translation.State.EstimatedPosM3_M;30
9055;M3Translation.State.EstimatedPosM3_M;30
9155;M3Translation.State.EstimatedPosM3_M;30
9256;M3Translation.State.EstimatedPosM3_M;30
9357;M3Translation.State.EstimatedPosM3_M;30
9457;M3Translation.State.EstimatedPosM3_M;30
9557;M3Translation.State.EstimatedPosM3_M;30
9658;M3Translation.State.EstimatedPosM3_M;30
9758;M3Translation.State.EstimatedPosM3_M;30
9858;M3Translation.State.EstimatedPosM3_M;30
9958;M3Translation.State.EstimatedPosM3_M;30
10059;M3Translation.State.EstimatedPosM3_M;30
10160;M3Translation.State.EstimatedPosM3_M;30
10259;M3Translation.State.EstimatedPosM3_M;30
10360;M3Translation.State.EstimatedPosM3_M;30
10461;M3Translation.State.EstimatedPosM3_M;30
10562;M3Translation.State.EstimatedPosM3_M;30
10661;M3Translation.State.EstimatedPosM3_M;30
10761;M3Translation.State.EstimatedPosM3_M;30
10863;M3Translation.State.EstimatedPosM3_M;30
10964;M3Translation.State.EstimatedPosM3_M;30
11065;M3Translation.State.EstimatedPosM3_M;30
11165;M3Translation.State.EstimatedPosM3_M;30
11266;M3Translation.State.EstimatedPosM3_M;30
11365;M3Translation.State.EstimatedPosM3_M;30
11465;M3Translation.State.EstimatedPosM3_M;30
11566;M3Translation.State.EstimatedPosM3_M;30
11666;M3Translation.State.EstimatedPosM3_M;30
11765;M3Translation.State.EstimatedPosM3_M;30
11866;M3Translation.State.EstimatedPosM3_M;30
11966;M3Translation.State.EstimatedPosM3_M;30
12067;M3Translation.State.EstimatedPosM3_M;30
12167;M3Translation.State.EstimatedPosM3_M;30
12267;M3Translation.State.EstimatedPosM3_M;30
12368;M3Translation.State.EstimatedPosM3_M;30
12467;M3Translation.State.EstimatedPosM3_M;30
12570;M3Translation.State.EstimatedPosM3_M;30
12669;M3Translation.State.EstimatedPosM3_M;30
12770;M3Translation.State.EstimatedPosM3_M;30
12872;M3Translation.State.EstimatedPosM3_M;30
12972;M3Translation.State.EstimatedPosM3_M;30
13073;M3Translation.State.EstimatedPosM3_M;30
13175;M3Translation.State.EstimatedPosM3_M;30
13275;M3Translation.State.EstimatedPosM3_M;30
13378;M3Translation.State.EstimatedPosM3_M;30
13478;M3Translation.State.EstimatedPosM3_M;30
13577;M3Translation.State.EstimatedPosM3_M;30
13676;M3Translation.State.EstimatedPosM3_M;30
13778;M3Translation.State.EstimatedPosM3_M;30
13878;M3Translation.State.EstimatedPosM3_M;30
13979;M3Translation.State.EstimatedPosM3_M;30
14079;M3Translation.State.EstimatedPosM3_M;30
14180;M3Translation.State.EstimatedPosM3_M;30
14280;M3Translation.State.EstimatedPosM3_M;30
14382;M3Translation.State.EstimatedPosM3_M;30
14483;M3Translation.State.EstimatedPosM3_M;30
14584;M3Translation.State.EstimatedPosM3_M;30
14685;M3Translation.State.EstimatedPosM3_M;30
14787;M3Translation.State.EstimatedPosM3_M;30
14887;M3Translation.State.EstimatedPosM3_M;30
14987;M3Translation.State.EstimatedPosM3_M;30
15086;M3Translation.State.EstimatedPosM3_M;30
15188;M3Translation.State.EstimatedPosM3_M;30
15288;M3Translation.State.EstimatedPosM3_M;30
15388;M3Translation.State.EstimatedPosM3_M;30
15487;M3Translation.State.EstimatedPosM3_M;30
15588;M3Translation.State.EstimatedPosM3_M;30
15687;M3Translation.State.EstimatedPosM3_M;30
15789;M3Translation.State.EstimatedPosM3_M;30
15890;M3Translation.State.EstimatedPosM3_M;30
15992;M3Translation.State.EstimatedPosM3_M;30
16092;M3Translation.State.EstimatedPosM3_M;30
16194;M3Translation.State.EstimatedPosM3_M;30
16293;M3Translation.State.EstimatedPosM3_M;30
16393;M3Translation.State.EstimatedPosM3_M;30
16493;M3Translation.State.EstimatedPosM3_M;30
16593;M3Translation.State.EstimatedPosM3_M;30
16693;M3Translation.State.EstimatedPosM3_M;30
16795;M3Translation.State.EstimatedPosM3_M;30
16894;M3Translation.State.EstimatedPosM3_M;30
16994;M3Translation.State.EstimatedPosM3_M;30
17094;M3Translation.State.EstimatedPosM3_M;30
17195;M3Translation.State.EstimatedPosM3_M;30
17295;M3Translation.State.EstimatedPosM3_M;30
17396;M3Translation.State.EstimatedPosM3_M;30
17498;M3Translation.State.EstimatedPosM3_M;30
17598;M3Translation.State.EstimatedPosM3_M;30
17698;M3Translation.State.EstimatedPosM3_M;30
17801;M3Translation.State.EstimatedPosM3_M;30
17900;M3Translation.State.EstimatedPosM3_M;30
18001;M3Translation.State.EstimatedPosM3_M;30
18100;M3Translation.State.EstimatedPosM3_M;30
18202;M3Translation.State.EstimatedPosM3_M;30
18304;M3Translation.State.EstimatedPosM3_M;30
18404;M3Translation.State.EstimatedPosM3_M;30
18505;M3Translation.State.EstimatedPosM3_M;30
18605;M3Translation.State.EstimatedPosM3_M;30
18706;M3Translation.State.EstimatedPosM3_M;30
18805;M3Translation.State.EstimatedPosM3_M;30
18905;M3Translation.State.EstimatedPosM3_M;30
19007;M3Translation.State.EstimatedPosM3_M;30
19106;M3Translation.State.EstimatedPosM3_M;30
19207;M3Translation.State.EstimatedPosM3_M;30
19306;M3Translation.State.EstimatedPosM3_M;30
19407;M3Translation.State.EstimatedPosM3_M;30
19508;M3Translation.State.EstimatedPosM3_M;30
19607;M3Translation.State.EstimatedPosM3_M;30
19707;M3Translation.State.EstimatedPosM3_M;30
19810;M3Translation.State.EstimatedPosM3_M;30
19911;M3Translation.State.EstimatedPosM3_M;30
20012;M3Translation.State.EstimatedPosM3_M;30
20113;M3Translation.State.EstimatedPosM3_M;30
20212;M3Translation.State.EstimatedPosM3_M;30
20313;M3Translation.State.EstimatedPosM3_M;30
20415;M3Translation.State.EstimatedPosM3_M;30
20516;M3Translation.State.EstimatedPosM3_M;30
20616;M3Translation.State.EstimatedPosM3_M;30
20718;M3Translation.State.EstimatedPosM3_M;30
20818;M3Translation.State.EstimatedPosM3_M;30
20920;M3Translation.State.EstimatedPosM3_M;30
21020;M3Translation.State.EstimatedPosM3_M;30
21121;M3Translation.State.EstimatedPosM3_M;30
21221;M3Translation.State.EstimatedPosM3_M;30
21323;M3Translation.State.EstimatedPosM3_M;30
21424;M3Translation.State.EstimatedPosM3_M;30
21524;M3Translation.State.EstimatedPosM3_M;30
21625;M3Translation.State.EstimatedPosM3_M;30
21724;M3Translation.State.EstimatedPosM3_M;30
21825;M3Translation.State.EstimatedPosM3_M;30
21924;M3Translation.State.EstimatedPosM3_M;30
22026;M3Translation.State.EstimatedPosM3_M;30
22126;M3Translation.State.EstimatedPosM3_M;30
22226;M3Translation.State.EstimatedPosM3_M;30
22327;M3Translation.State.EstimatedPosM3_M;30
22426;M3Translation.State.EstimatedPosM3_M;30
22528;M3Translation.State.EstimatedPosM3_M;30
22628;M3Translation.State.EstimatedPosM3_M;30
22727;M3Translation.State.EstimatedPosM3_M;30
22827;M3Translation.State.EstimatedPosM3_M;30
22930;M3Translation.State.EstimatedPosM3_M;30
23030;M3Translation.State.EstimatedPosM3_M;30
23130;M3Translation.State.EstimatedPosM3_M;30
23231;M3Translation.State.EstimatedPosM3_M;30
23333;M3Translation.State.EstimatedPosM3_M;30
23433;M3Translation.State.EstimatedPosM3_M;30
23534;M3Translation.State.EstimatedPosM3_M;30
23635;M3Translation.State.EstimatedPosM3_M;30
23735;M3Translation.State.EstimatedPosM3_M;30
23836;M3Translation.State.EstimatedPosM3_M;30
23936;M3Translation.State.EstimatedPosM3_M;30
24037;M3Translation.State.EstimatedPosM3_M;30
24137;M3Translation.State.EstimatedPosM3_M;30
24236;M3Translation.State.EstimatedPosM3_M;30
24337;M3Translation.State.EstimatedPosM3_M;30
24437;M3Translation.State.EstimatedPosM3_M;30
24538;M3Translation.State.EstimatedPosM3_M;30
24639;M3Translation.State.EstimatedPosM3_M;30
24740;M3Translation.State.EstimatedPosM3_M;30
24839;M3Translation.State.EstimatedPosM3_M;30
24942;M3Translation.State.EstimatedPosM3_M;30
25042;M3Translation.State.EstimatedPosM3_M;30
25143;M3Translation.State.EstimatedPosM3_M;30
25243;M3Translation.State.EstimatedPosM3_M;30
25345;M3Translation.State.EstimatedPosM3_M;30
25446;M3Translation.State.EstimatedPosM3_M;30
25546;M3Translation.State.EstimatedPosM3_M;30
25646;M3Translation.State.EstimatedPosM3_M;30
25748;M3Translation.State.EstimatedPosM3_M;30
25848;M3Translation.State.EstimatedPosM3_M;30
25949;M3Translation.State.EstimatedPosM3_M;30
26050;M3Translation.State.EstimatedPosM3_M;30
26151;M3Translation.State.EstimatedPosM3_M;30
26252;M3Translation.State.EstimatedPosM3_M;30
26351;M3Translation.State.EstimatedPosM3_M;30
26453;M3Translation.State.EstimatedPosM3_M;30
26552;M3Translation.State.EstimatedPosM3_M;30
26653;M3Translation.State.EstimatedPosM3_M;30
26756;M3Translation.State.EstimatedPosM3_M;30
26856;M3Translation.State.EstimatedPosM3_M;30
26955;M3Translation.State.EstimatedPosM3_M;30
27056;M3Translation.State.EstimatedPosM3_M;30
27156;M3Translation.State.EstimatedPosM3_M;30
27257;M3Translation.State.EstimatedPosM3_M;30
27357;M3Translation.State.EstimatedPosM3_M;30
27459;M3Translation.State.EstimatedPosM3_M;30
27560;M3Translation.State.EstimatedPosM3_M;30
27661;M3Translation.State.EstimatedPosM3_M;30
27761;M3Translation.State.EstimatedPosM3_M;30
27862;M3Translation.State.EstimatedPosM3_M;30
27963;M3Translation.State.EstimatedPosM3_M;30
28063;M3Translation.State.EstimatedPosM3_M;30
28164;M3Translation.State.EstimatedPosM3_M;30
28264;M3Translation.State.EstimatedPosM3_M;30
28363;M3Translation.State.EstimatedPosM3_M;30
28464;M3Translation.State.EstimatedPosM3_M;30
28566;M3Translation.State.EstimatedPosM3_M;30
28668;M3Translation.State.EstimatedPosM3_M;30
28768;M3Translation.State.EstimatedPosM3_M;30
28870;M3Translation.State.EstimatedPosM3_M;30
28969;M3Translation.State.EstimatedPosM3_M;30
29069;M3Translation.State.EstimatedPosM3_M;30
29171;M3Translation.State.EstimatedPosM3_M;30
29272;M3Translation.State.EstimatedPosM3_M;30
29371;M3Translation.State.EstimatedPosM3_M;30
29473;M3Translation.State.EstimatedPosM3_M;30
29572;M3Translation.State.EstimatedPosM3_M;30
29672;M3Translation.State.EstimatedPosM3_M;30
29773;M3Translation.State.EstimatedPosM3_M;30
29872;M3Translation.State.EstimatedPosM3_M;30
29972;M3Translation.State.EstimatedPosM3_M;30
30072;M3Translation.State.EstimatedPosM3_M;30
30173;M3Translation.State.EstimatedPosM3_M;30
30275;M3Translation.State.EstimatedPosM3_M;30
30377;M3Translation.State.EstimatedPosM3_M;30
30476;M3Translation.State.EstimatedPosM3_M;30
30576;M3Translation.State.EstimatedPosM3_M;30
30676;M3Translation.State.EstimatedPosM3_M;30
30776;M3Translation.State.EstimatedPosM3_M;30
30877;M3Translation.State.EstimatedPosM3_M;30
30978;M3Translation.State.EstimatedPosM3_M;30
31078;M3Translation.State.EstimatedPosM3_M;30
31179;M3Translation.State.EstimatedPosM3_M;30
31280;M3Translation.State.EstimatedPosM3_M;30
31380;M3Translation.State.EstimatedPosM3_M;30
31480;M3Translation.State.EstimatedPosM3_M;30
31581;M3Translation.State.EstimatedPosM3_M;30
31681;M3Translation.State.EstimatedPosM3_M;30
3;PRG_04_Treuils_Benne.instWinchStateProjection.InterlockM2.MotorRequest;0
104;PRG_04_Treuils_Benne.instWinchStateProjection.InterlockM2.MotorRequest;0
204;PRG_04_Treuils_Benne.instWinchStateProjection.InterlockM2.MotorRequest;0
305;PRG_04_Treuils_Benne.instWinchStateProjection.InterlockM2.MotorRequest;0
406;PRG_04_Treuils_Benne.instWinchStateProjection.InterlockM2.MotorRequest;0
507;PRG_04_Treuils_Benne.instWinchStateProjection.InterlockM2.MotorRequest;0
607;PRG_04_Treuils_Benne.instWinchStateProjection.InterlockM2.MotorRequest;0
708;PRG_04_Treuils_Benne.instWinchStateProjection.InterlockM2.MotorRequest;0
809;PRG_04_Treuils_Benne.instWinchStateProjection.InterlockM2.MotorRequest;0
909;PRG_04_Treuils_Benne.instWinchStateProjection.InterlockM2.MotorRequest;0
1009;PRG_04_Treuils_Benne.instWinchStateProjection.InterlockM2.MotorRequest;0
1110;PRG_04_Treuils_Benne.instWinchStateProjection.InterlockM2.MotorRequest;0
1210;PRG_04_Treuils_Benne.instWinchStateProjection.InterlockM2.MotorRequest;0
1310;PRG_04_Treuils_Benne.instWinchStateProjection.InterlockM2.MotorRequest;0
1411;PRG_04_Treuils_Benne.instWinchStateProjection.InterlockM2.MotorRequest;0
1513;PRG_04_Treuils_Benne.instWinchStateProjection.InterlockM2.MotorRequest;0
1613;PRG_04_Treuils_Benne.instWinchStateProjection.InterlockM2.MotorRequest;0
1713;PRG_04_Treuils_Benne.instWinchStateProjection.InterlockM2.MotorRequest;0
1814;PRG_04_Treuils_Benne.instWinchStateProjection.InterlockM2.MotorRequest;0
1914;PRG_04_Treuils_Benne.instWinchStateProjection.InterlockM2.MotorRequest;0
2015;PRG_04_Treuils_Benne.instWinchStateProjection.InterlockM2.MotorRequest;0
2115;PRG_04_Treuils_Benne.instWinchStateProjection.InterlockM2.MotorRequest;0
2216;PRG_04_Treuils_Benne.instWinchStateProjection.InterlockM2.MotorRequest;0
2318;PRG_04_Treuils_Benne.instWinchStateProjection.InterlockM2.MotorRequest;0
2419;PRG_04_Treuils_Benne.instWinchStateProjection.InterlockM2.MotorRequest;0
2519;PRG_04_Treuils_Benne.instWinchStateProjection.InterlockM2.MotorRequest;0
2620;PRG_04_Treuils_Benne.instWinchStateProjection.InterlockM2.MotorRequest;0
2722;PRG_04_Treuils_Benne.instWinchStateProjection.InterlockM2.MotorRequest;0
2821;PRG_04_Treuils_Benne.instWinchStateProjection.InterlockM2.MotorRequest;0
2921;PRG_04_Treuils_Benne.instWinchStateProjection.InterlockM2.MotorRequest;0
3022;PRG_04_Treuils_Benne.instWinchStateProjection.InterlockM2.MotorRequest;0
3123;PRG_04_Treuils_Benne.instWinchStateProjection.InterlockM2.MotorRequest;0
3224;PRG_04_Treuils_Benne.instWinchStateProjection.InterlockM2.MotorRequest;0
3326;PRG_04_Treuils_Benne.instWinchStateProjection.InterlockM2.MotorRequest;0
3426;PRG_04_Treuils_Benne.instWinchStateProjection.InterlockM2.MotorRequest;0
3527;PRG_04_Treuils_Benne.instWinchStateProjection.InterlockM2.MotorRequest;0
3626;PRG_04_Treuils_Benne.instWinchStateProjection.InterlockM2.MotorRequest;0
3726;PRG_04_Treuils_Benne.instWinchStateProjection.InterlockM2.MotorRequest;0
3827;PRG_04_Treuils_Benne.instWinchStateProjection.InterlockM2.MotorRequest;0
3929;PRG_04_Treuils_Benne.instWinchStateProjection.InterlockM2.MotorRequest;0
4028;PRG_04_Treuils_Benne.instWinchStateProjection.InterlockM2.MotorRequest;0
4129;PRG_04_Treuils_Benne.instWinchStateProjection.InterlockM2.MotorRequest;0
4229;PRG_04_Treuils_Benne.instWinchStateProjection.InterlockM2.MotorRequest;0
4329;PRG_04_Treuils_Benne.instWinchStateProjection.InterlockM2.MotorRequest;0
4431;PRG_04_Treuils_Benne.instWinchStateProjection.InterlockM2.MotorRequest;0
4530;PRG_04_Treuils_Benne.instWinchStateProjection.InterlockM2.MotorRequest;0
4630;PRG_04_Treuils_Benne.instWinchStateProjection.InterlockM2.MotorRequest;0
4732;PRG_04_Treuils_Benne.instWinchStateProjection.InterlockM2.MotorRequest;0
4832;PRG_04_Treuils_Benne.instWinchStateProjection.InterlockM2.MotorRequest;0
4933;PRG_04_Treuils_Benne.instWinchStateProjection.InterlockM2.MotorRequest;0
5034;PRG_04_Treuils_Benne.instWinchStateProjection.InterlockM2.MotorRequest;0
5135;PRG_04_Treuils_Benne.instWinchStateProjection.InterlockM2.MotorRequest;0
5236;PRG_04_Treuils_Benne.instWinchStateProjection.InterlockM2.MotorRequest;0
5336;PRG_04_Treuils_Benne.instWinchStateProjection.InterlockM2.MotorRequest;0
5436;PRG_04_Treuils_Benne.instWinchStateProjection.InterlockM2.MotorRequest;0
5536;PRG_04_Treuils_Benne.instWinchStateProjection.InterlockM2.MotorRequest;0
5637;PRG_04_Treuils_Benne.instWinchStateProjection.InterlockM2.MotorRequest;0
5737;PRG_04_Treuils_Benne.instWinchStateProjection.InterlockM2.MotorRequest;0
5837;PRG_04_Treuils_Benne.instWinchStateProjection.InterlockM2.MotorRequest;0
5937;PRG_04_Treuils_Benne.instWinchStateProjection.InterlockM2.MotorRequest;0
6039;PRG_04_Treuils_Benne.instWinchStateProjection.InterlockM2.MotorRequest;0
6139;PRG_04_Treuils_Benne.instWinchStateProjection.InterlockM2.MotorRequest;0
6240;PRG_04_Treuils_Benne.instWinchStateProjection.InterlockM2.MotorRequest;0
6342;PRG_04_Treuils_Benne.instWinchStateProjection.InterlockM2.MotorRequest;0
6442;PRG_04_Treuils_Benne.instWinchStateProjection.InterlockM2.MotorRequest;0
6543;PRG_04_Treuils_Benne.instWinchStateProjection.InterlockM2.MotorRequest;0
6645;PRG_04_Treuils_Benne.instWinchStateProjection.InterlockM2.MotorRequest;0
6746;PRG_04_Treuils_Benne.instWinchStateProjection.InterlockM2.MotorRequest;0
6846;PRG_04_Treuils_Benne.instWinchStateProjection.InterlockM2.MotorRequest;0
6946;PRG_04_Treuils_Benne.instWinchStateProjection.InterlockM2.MotorRequest;0
7047;PRG_04_Treuils_Benne.instWinchStateProjection.InterlockM2.MotorRequest;0
7148;PRG_04_Treuils_Benne.instWinchStateProjection.InterlockM2.MotorRequest;0
7250;PRG_04_Treuils_Benne.instWinchStateProjection.InterlockM2.MotorRequest;0
7349;PRG_04_Treuils_Benne.instWinchStateProjection.InterlockM2.MotorRequest;0
7450;PRG_04_Treuils_Benne.instWinchStateProjection.InterlockM2.MotorRequest;0
7550;PRG_04_Treuils_Benne.instWinchStateProjection.InterlockM2.MotorRequest;0
7650;PRG_04_Treuils_Benne.instWinchStateProjection.InterlockM2.MotorRequest;0
7751;PRG_04_Treuils_Benne.instWinchStateProjection.InterlockM2.MotorRequest;0
7851;PRG_04_Treuils_Benne.instWinchStateProjection.InterlockM2.MotorRequest;0
7953;PRG_04_Treuils_Benne.instWinchStateProjection.InterlockM2.MotorRequest;0
8054;PRG_04_Treuils_Benne.instWinchStateProjection.InterlockM2.MotorRequest;0
8154;PRG_04_Treuils_Benne.instWinchStateProjection.InterlockM2.MotorRequest;0
8254;PRG_04_Treuils_Benne.instWinchStateProjection.InterlockM2.MotorRequest;0
8355;PRG_04_Treuils_Benne.instWinchStateProjection.InterlockM2.MotorRequest;0
8454;PRG_04_Treuils_Benne.instWinchStateProjection.InterlockM2.MotorRequest;0
8554;PRG_04_Treuils_Benne.instWinchStateProjection.InterlockM2.MotorRequest;0
8654;PRG_04_Treuils_Benne.instWinchStateProjection.InterlockM2.MotorRequest;0
8754;PRG_04_Treuils_Benne.instWinchStateProjection.InterlockM2.MotorRequest;0
8854;PRG_04_Treuils_Benne.instWinchStateProjection.InterlockM2.MotorRequest;0
8954;PRG_04_Treuils_Benne.instWinchStateProjection.InterlockM2.MotorRequest;0
9055;PRG_04_Treuils_Benne.instWinchStateProjection.InterlockM2.MotorRequest;0
9155;PRG_04_Treuils_Benne.instWinchStateProjection.InterlockM2.MotorRequest;0
9256;PRG_04_Treuils_Benne.instWinchStateProjection.InterlockM2.MotorRequest;1
9357;PRG_04_Treuils_Benne.instWinchStateProjection.InterlockM2.MotorRequest;1
9457;PRG_04_Treuils_Benne.instWinchStateProjection.InterlockM2.MotorRequest;1
9557;PRG_04_Treuils_Benne.instWinchStateProjection.InterlockM2.MotorRequest;1
9658;PRG_04_Treuils_Benne.instWinchStateProjection.InterlockM2.MotorRequest;1
9758;PRG_04_Treuils_Benne.instWinchStateProjection.InterlockM2.MotorRequest;1
9858;PRG_04_Treuils_Benne.instWinchStateProjection.InterlockM2.MotorRequest;1
9958;PRG_04_Treuils_Benne.instWinchStateProjection.InterlockM2.MotorRequest;1
10059;PRG_04_Treuils_Benne.instWinchStateProjection.InterlockM2.MotorRequest;1
10160;PRG_04_Treuils_Benne.instWinchStateProjection.InterlockM2.MotorRequest;1
10259;PRG_04_Treuils_Benne.instWinchStateProjection.InterlockM2.MotorRequest;1
10360;PRG_04_Treuils_Benne.instWinchStateProjection.InterlockM2.MotorRequest;1
10461;PRG_04_Treuils_Benne.instWinchStateProjection.InterlockM2.MotorRequest;1
10562;PRG_04_Treuils_Benne.instWinchStateProjection.InterlockM2.MotorRequest;1
10661;PRG_04_Treuils_Benne.instWinchStateProjection.InterlockM2.MotorRequest;1
10761;PRG_04_Treuils_Benne.instWinchStateProjection.InterlockM2.MotorRequest;1
10863;PRG_04_Treuils_Benne.instWinchStateProjection.InterlockM2.MotorRequest;1
10964;PRG_04_Treuils_Benne.instWinchStateProjection.InterlockM2.MotorRequest;1
11065;PRG_04_Treuils_Benne.instWinchStateProjection.InterlockM2.MotorRequest;1
11165;PRG_04_Treuils_Benne.instWinchStateProjection.InterlockM2.MotorRequest;1
11266;PRG_04_Treuils_Benne.instWinchStateProjection.InterlockM2.MotorRequest;1
11365;PRG_04_Treuils_Benne.instWinchStateProjection.InterlockM2.MotorRequest;1
11465;PRG_04_Treuils_Benne.instWinchStateProjection.InterlockM2.MotorRequest;1
11566;PRG_04_Treuils_Benne.instWinchStateProjection.InterlockM2.MotorRequest;1
11666;PRG_04_Treuils_Benne.instWinchStateProjection.InterlockM2.MotorRequest;1
11765;PRG_04_Treuils_Benne.instWinchStateProjection.InterlockM2.MotorRequest;1
11866;PRG_04_Treuils_Benne.instWinchStateProjection.InterlockM2.MotorRequest;1
11966;PRG_04_Treuils_Benne.instWinchStateProjection.InterlockM2.MotorRequest;1
12067;PRG_04_Treuils_Benne.instWinchStateProjection.InterlockM2.MotorRequest;1
12167;PRG_04_Treuils_Benne.instWinchStateProjection.InterlockM2.MotorRequest;1
12267;PRG_04_Treuils_Benne.instWinchStateProjection.InterlockM2.MotorRequest;1
12368;PRG_04_Treuils_Benne.instWinchStateProjection.InterlockM2.MotorRequest;1
12467;PRG_04_Treuils_Benne.instWinchStateProjection.InterlockM2.MotorRequest;1
12570;PRG_04_Treuils_Benne.instWinchStateProjection.InterlockM2.MotorRequest;1
12669;PRG_04_Treuils_Benne.instWinchStateProjection.InterlockM2.MotorRequest;1
12770;PRG_04_Treuils_Benne.instWinchStateProjection.InterlockM2.MotorRequest;1
12872;PRG_04_Treuils_Benne.instWinchStateProjection.InterlockM2.MotorRequest;1
12972;PRG_04_Treuils_Benne.instWinchStateProjection.InterlockM2.MotorRequest;1
13073;PRG_04_Treuils_Benne.instWinchStateProjection.InterlockM2.MotorRequest;1
13175;PRG_04_Treuils_Benne.instWinchStateProjection.InterlockM2.MotorRequest;1
13275;PRG_04_Treuils_Benne.instWinchStateProjection.InterlockM2.MotorRequest;1
13378;PRG_04_Treuils_Benne.instWinchStateProjection.InterlockM2.MotorRequest;1
13478;PRG_04_Treuils_Benne.instWinchStateProjection.InterlockM2.MotorRequest;1
13577;PRG_04_Treuils_Benne.instWinchStateProjection.InterlockM2.MotorRequest;1
13676;PRG_04_Treuils_Benne.instWinchStateProjection.InterlockM2.MotorRequest;1
13778;PRG_04_Treuils_Benne.instWinchStateProjection.InterlockM2.MotorRequest;1
13878;PRG_04_Treuils_Benne.instWinchStateProjection.InterlockM2.MotorRequest;1
13979;PRG_04_Treuils_Benne.instWinchStateProjection.InterlockM2.MotorRequest;1
14079;PRG_04_Treuils_Benne.instWinchStateProjection.InterlockM2.MotorRequest;1
14180;PRG_04_Treuils_Benne.instWinchStateProjection.InterlockM2.MotorRequest;1
14280;PRG_04_Treuils_Benne.instWinchStateProjection.InterlockM2.MotorRequest;1
14382;PRG_04_Treuils_Benne.instWinchStateProjection.InterlockM2.MotorRequest;1
14483;PRG_04_Treuils_Benne.instWinchStateProjection.InterlockM2.MotorRequest;1
14584;PRG_04_Treuils_Benne.instWinchStateProjection.InterlockM2.MotorRequest;1
14685;PRG_04_Treuils_Benne.instWinchStateProjection.InterlockM2.MotorRequest;1
14787;PRG_04_Treuils_Benne.instWinchStateProjection.InterlockM2.MotorRequest;1
14887;PRG_04_Treuils_Benne.instWinchStateProjection.InterlockM2.MotorRequest;1
14987;PRG_04_Treuils_Benne.instWinchStateProjection.InterlockM2.MotorRequest;1
15086;PRG_04_Treuils_Benne.instWinchStateProjection.InterlockM2.MotorRequest;1
15188;PRG_04_Treuils_Benne.instWinchStateProjection.InterlockM2.MotorRequest;1
15288;PRG_04_Treuils_Benne.instWinchStateProjection.InterlockM2.MotorRequest;1
15388;PRG_04_Treuils_Benne.instWinchStateProjection.InterlockM2.MotorRequest;1
15487;PRG_04_Treuils_Benne.instWinchStateProjection.InterlockM2.MotorRequest;1
15588;PRG_04_Treuils_Benne.instWinchStateProjection.InterlockM2.MotorRequest;1
15687;PRG_04_Treuils_Benne.instWinchStateProjection.InterlockM2.MotorRequest;1
15789;PRG_04_Treuils_Benne.instWinchStateProjection.InterlockM2.MotorRequest;1
15890;PRG_04_Treuils_Benne.instWinchStateProjection.InterlockM2.MotorRequest;1
15992;PRG_04_Treuils_Benne.instWinchStateProjection.InterlockM2.MotorRequest;1
16092;PRG_04_Treuils_Benne.instWinchStateProjection.InterlockM2.MotorRequest;1
16194;PRG_04_Treuils_Benne.instWinchStateProjection.InterlockM2.MotorRequest;1
16293;PRG_04_Treuils_Benne.instWinchStateProjection.InterlockM2.MotorRequest;1
16393;PRG_04_Treuils_Benne.instWinchStateProjection.InterlockM2.MotorRequest;1
16493;PRG_04_Treuils_Benne.instWinchStateProjection.InterlockM2.MotorRequest;1
16593;PRG_04_Treuils_Benne.instWinchStateProjection.InterlockM2.MotorRequest;1
16693;PRG_04_Treuils_Benne.instWinchStateProjection.InterlockM2.MotorRequest;1
16795;PRG_04_Treuils_Benne.instWinchStateProjection.InterlockM2.MotorRequest;1
16894;PRG_04_Treuils_Benne.instWinchStateProjection.InterlockM2.MotorRequest;1
16994;PRG_04_Treuils_Benne.instWinchStateProjection.InterlockM2.MotorRequest;1
17094;PRG_04_Treuils_Benne.instWinchStateProjection.InterlockM2.MotorRequest;1
17195;PRG_04_Treuils_Benne.instWinchStateProjection.InterlockM2.MotorRequest;1
17295;PRG_04_Treuils_Benne.instWinchStateProjection.InterlockM2.MotorRequest;1
17396;PRG_04_Treuils_Benne.instWinchStateProjection.InterlockM2.MotorRequest;1
17498;PRG_04_Treuils_Benne.instWinchStateProjection.InterlockM2.MotorRequest;1
17598;PRG_04_Treuils_Benne.instWinchStateProjection.InterlockM2.MotorRequest;1
17698;PRG_04_Treuils_Benne.instWinchStateProjection.InterlockM2.MotorRequest;1
17801;PRG_04_Treuils_Benne.instWinchStateProjection.InterlockM2.MotorRequest;1
17900;PRG_04_Treuils_Benne.instWinchStateProjection.InterlockM2.MotorRequest;1
18001;PRG_04_Treuils_Benne.instWinchStateProjection.InterlockM2.MotorRequest;0
18100;PRG_04_Treuils_Benne.instWinchStateProjection.InterlockM2.MotorRequest;0
18202;PRG_04_Treuils_Benne.instWinchStateProjection.InterlockM2.MotorRequest;0
18304;PRG_04_Treuils_Benne.instWinchStateProjection.InterlockM2.MotorRequest;0
18404;PRG_04_Treuils_Benne.instWinchStateProjection.InterlockM2.MotorRequest;0
18505;PRG_04_Treuils_Benne.instWinchStateProjection.InterlockM2.MotorRequest;0
18605;PRG_04_Treuils_Benne.instWinchStateProjection.InterlockM2.MotorRequest;1
18706;PRG_04_Treuils_Benne.instWinchStateProjection.InterlockM2.MotorRequest;1
18805;PRG_04_Treuils_Benne.instWinchStateProjection.InterlockM2.MotorRequest;1
18905;PRG_04_Treuils_Benne.instWinchStateProjection.InterlockM2.MotorRequest;1
19007;PRG_04_Treuils_Benne.instWinchStateProjection.InterlockM2.MotorRequest;1
19106;PRG_04_Treuils_Benne.instWinchStateProjection.InterlockM2.MotorRequest;1
19207;PRG_04_Treuils_Benne.instWinchStateProjection.InterlockM2.MotorRequest;1
19306;PRG_04_Treuils_Benne.instWinchStateProjection.InterlockM2.MotorRequest;1
19407;PRG_04_Treuils_Benne.instWinchStateProjection.InterlockM2.MotorRequest;1
19508;PRG_04_Treuils_Benne.instWinchStateProjection.InterlockM2.MotorRequest;1
19607;PRG_04_Treuils_Benne.instWinchStateProjection.InterlockM2.MotorRequest;1
19707;PRG_04_Treuils_Benne.instWinchStateProjection.InterlockM2.MotorRequest;1
19810;PRG_04_Treuils_Benne.instWinchStateProjection.InterlockM2.MotorRequest;1
19911;PRG_04_Treuils_Benne.instWinchStateProjection.InterlockM2.MotorRequest;1
20012;PRG_04_Treuils_Benne.instWinchStateProjection.InterlockM2.MotorRequest;1
20113;PRG_04_Treuils_Benne.instWinchStateProjection.InterlockM2.MotorRequest;1
20212;PRG_04_Treuils_Benne.instWinchStateProjection.InterlockM2.MotorRequest;1
20313;PRG_04_Treuils_Benne.instWinchStateProjection.InterlockM2.MotorRequest;1
20415;PRG_04_Treuils_Benne.instWinchStateProjection.InterlockM2.MotorRequest;1
20516;PRG_04_Treuils_Benne.instWinchStateProjection.InterlockM2.MotorRequest;1
20616;PRG_04_Treuils_Benne.instWinchStateProjection.InterlockM2.MotorRequest;1
20718;PRG_04_Treuils_Benne.instWinchStateProjection.InterlockM2.MotorRequest;1
20818;PRG_04_Treuils_Benne.instWinchStateProjection.InterlockM2.MotorRequest;1
20920;PRG_04_Treuils_Benne.instWinchStateProjection.InterlockM2.MotorRequest;1
21020;PRG_04_Treuils_Benne.instWinchStateProjection.InterlockM2.MotorRequest;1
21121;PRG_04_Treuils_Benne.instWinchStateProjection.InterlockM2.MotorRequest;1
21221;PRG_04_Treuils_Benne.instWinchStateProjection.InterlockM2.MotorRequest;1
21323;PRG_04_Treuils_Benne.instWinchStateProjection.InterlockM2.MotorRequest;1
21424;PRG_04_Treuils_Benne.instWinchStateProjection.InterlockM2.MotorRequest;1
21524;PRG_04_Treuils_Benne.instWinchStateProjection.InterlockM2.MotorRequest;1
21625;PRG_04_Treuils_Benne.instWinchStateProjection.InterlockM2.MotorRequest;1
21724;PRG_04_Treuils_Benne.instWinchStateProjection.InterlockM2.MotorRequest;1
21825;PRG_04_Treuils_Benne.instWinchStateProjection.InterlockM2.MotorRequest;0
21924;PRG_04_Treuils_Benne.instWinchStateProjection.InterlockM2.MotorRequest;0
22026;PRG_04_Treuils_Benne.instWinchStateProjection.InterlockM2.MotorRequest;0
22126;PRG_04_Treuils_Benne.instWinchStateProjection.InterlockM2.MotorRequest;0
22226;PRG_04_Treuils_Benne.instWinchStateProjection.InterlockM2.MotorRequest;0
22327;PRG_04_Treuils_Benne.instWinchStateProjection.InterlockM2.MotorRequest;0
22426;PRG_04_Treuils_Benne.instWinchStateProjection.InterlockM2.MotorRequest;0
22528;PRG_04_Treuils_Benne.instWinchStateProjection.InterlockM2.MotorRequest;0
22628;PRG_04_Treuils_Benne.instWinchStateProjection.InterlockM2.MotorRequest;0
22727;PRG_04_Treuils_Benne.instWinchStateProjection.InterlockM2.MotorRequest;0
22827;PRG_04_Treuils_Benne.instWinchStateProjection.InterlockM2.MotorRequest;0
22930;PRG_04_Treuils_Benne.instWinchStateProjection.InterlockM2.MotorRequest;0
23030;PRG_04_Treuils_Benne.instWinchStateProjection.InterlockM2.MotorRequest;0
23130;PRG_04_Treuils_Benne.instWinchStateProjection.InterlockM2.MotorRequest;0
23231;PRG_04_Treuils_Benne.instWinchStateProjection.InterlockM2.MotorRequest;0
23333;PRG_04_Treuils_Benne.instWinchStateProjection.InterlockM2.MotorRequest;0
23433;PRG_04_Treuils_Benne.instWinchStateProjection.InterlockM2.MotorRequest;0
23534;PRG_04_Treuils_Benne.instWinchStateProjection.InterlockM2.MotorRequest;0
23635;PRG_04_Treuils_Benne.instWinchStateProjection.InterlockM2.MotorRequest;0
23735;PRG_04_Treuils_Benne.instWinchStateProjection.InterlockM2.MotorRequest;0
23836;PRG_04_Treuils_Benne.instWinchStateProjection.InterlockM2.MotorRequest;0
23936;PRG_04_Treuils_Benne.instWinchStateProjection.InterlockM2.MotorRequest;0
24037;PRG_04_Treuils_Benne.instWinchStateProjection.InterlockM2.MotorRequest;0
24137;PRG_04_Treuils_Benne.instWinchStateProjection.InterlockM2.MotorRequest;0
24236;PRG_04_Treuils_Benne.instWinchStateProjection.InterlockM2.MotorRequest;0
24337;PRG_04_Treuils_Benne.instWinchStateProjection.InterlockM2.MotorRequest;0
24437;PRG_04_Treuils_Benne.instWinchStateProjection.InterlockM2.MotorRequest;0
24538;PRG_04_Treuils_Benne.instWinchStateProjection.InterlockM2.MotorRequest;0
24639;PRG_04_Treuils_Benne.instWinchStateProjection.InterlockM2.MotorRequest;0
24740;PRG_04_Treuils_Benne.instWinchStateProjection.InterlockM2.MotorRequest;0
24839;PRG_04_Treuils_Benne.instWinchStateProjection.InterlockM2.MotorRequest;0
24942;PRG_04_Treuils_Benne.instWinchStateProjection.InterlockM2.MotorRequest;0
25042;PRG_04_Treuils_Benne.instWinchStateProjection.InterlockM2.MotorRequest;0
25143;PRG_04_Treuils_Benne.instWinchStateProjection.InterlockM2.MotorRequest;0
25243;PRG_04_Treuils_Benne.instWinchStateProjection.InterlockM2.MotorRequest;0
25345;PRG_04_Treuils_Benne.instWinchStateProjection.InterlockM2.MotorRequest;0
25446;PRG_04_Treuils_Benne.instWinchStateProjection.InterlockM2.MotorRequest;0
25546;PRG_04_Treuils_Benne.instWinchStateProjection.InterlockM2.MotorRequest;0
25646;PRG_04_Treuils_Benne.instWinchStateProjection.InterlockM2.MotorRequest;0
25748;PRG_04_Treuils_Benne.instWinchStateProjection.InterlockM2.MotorRequest;0
25848;PRG_04_Treuils_Benne.instWinchStateProjection.InterlockM2.MotorRequest;0
25949;PRG_04_Treuils_Benne.instWinchStateProjection.InterlockM2.MotorRequest;0
26050;PRG_04_Treuils_Benne.instWinchStateProjection.InterlockM2.MotorRequest;0
26151;PRG_04_Treuils_Benne.instWinchStateProjection.InterlockM2.MotorRequest;0
26252;PRG_04_Treuils_Benne.instWinchStateProjection.InterlockM2.MotorRequest;0
26351;PRG_04_Treuils_Benne.instWinchStateProjection.InterlockM2.MotorRequest;0
26453;PRG_04_Treuils_Benne.instWinchStateProjection.InterlockM2.MotorRequest;0
26552;PRG_04_Treuils_Benne.instWinchStateProjection.InterlockM2.MotorRequest;0
26653;PRG_04_Treuils_Benne.instWinchStateProjection.InterlockM2.MotorRequest;0
26756;PRG_04_Treuils_Benne.instWinchStateProjection.InterlockM2.MotorRequest;0
26856;PRG_04_Treuils_Benne.instWinchStateProjection.InterlockM2.MotorRequest;0
26955;PRG_04_Treuils_Benne.instWinchStateProjection.InterlockM2.MotorRequest;0
27056;PRG_04_Treuils_Benne.instWinchStateProjection.InterlockM2.MotorRequest;0
27156;PRG_04_Treuils_Benne.instWinchStateProjection.InterlockM2.MotorRequest;0
27257;PRG_04_Treuils_Benne.instWinchStateProjection.InterlockM2.MotorRequest;0
27357;PRG_04_Treuils_Benne.instWinchStateProjection.InterlockM2.MotorRequest;0
27459;PRG_04_Treuils_Benne.instWinchStateProjection.InterlockM2.MotorRequest;0
27560;PRG_04_Treuils_Benne.instWinchStateProjection.InterlockM2.MotorRequest;0
27661;PRG_04_Treuils_Benne.instWinchStateProjection.InterlockM2.MotorRequest;0
27761;PRG_04_Treuils_Benne.instWinchStateProjection.InterlockM2.MotorRequest;0
27862;PRG_04_Treuils_Benne.instWinchStateProjection.InterlockM2.MotorRequest;0
27963;PRG_04_Treuils_Benne.instWinchStateProjection.InterlockM2.MotorRequest;0
28063;PRG_04_Treuils_Benne.instWinchStateProjection.InterlockM2.MotorRequest;0
28164;PRG_04_Treuils_Benne.instWinchStateProjection.InterlockM2.MotorRequest;0
28264;PRG_04_Treuils_Benne.instWinchStateProjection.InterlockM2.MotorRequest;0
28363;PRG_04_Treuils_Benne.instWinchStateProjection.InterlockM2.MotorRequest;0
28464;PRG_04_Treuils_Benne.instWinchStateProjection.InterlockM2.MotorRequest;0
28566;PRG_04_Treuils_Benne.instWinchStateProjection.InterlockM2.MotorRequest;0
28668;PRG_04_Treuils_Benne.instWinchStateProjection.InterlockM2.MotorRequest;0
28768;PRG_04_Treuils_Benne.instWinchStateProjection.InterlockM2.MotorRequest;0
28870;PRG_04_Treuils_Benne.instWinchStateProjection.InterlockM2.MotorRequest;0
28969;PRG_04_Treuils_Benne.instWinchStateProjection.InterlockM2.MotorRequest;0
29069;PRG_04_Treuils_Benne.instWinchStateProjection.InterlockM2.MotorRequest;0
29171;PRG_04_Treuils_Benne.instWinchStateProjection.InterlockM2.MotorRequest;0
29272;PRG_04_Treuils_Benne.instWinchStateProjection.InterlockM2.MotorRequest;0
29371;PRG_04_Treuils_Benne.instWinchStateProjection.InterlockM2.MotorRequest;0
29473;PRG_04_Treuils_Benne.instWinchStateProjection.InterlockM2.MotorRequest;0
29572;PRG_04_Treuils_Benne.instWinchStateProjection.InterlockM2.MotorRequest;0
29672;PRG_04_Treuils_Benne.instWinchStateProjection.InterlockM2.MotorRequest;0
29773;PRG_04_Treuils_Benne.instWinchStateProjection.InterlockM2.MotorRequest;0
29872;PRG_04_Treuils_Benne.instWinchStateProjection.InterlockM2.MotorRequest;0
29972;PRG_04_Treuils_Benne.instWinchStateProjection.InterlockM2.MotorRequest;0
30072;PRG_04_Treuils_Benne.instWinchStateProjection.InterlockM2.MotorRequest;0
30173;PRG_04_Treuils_Benne.instWinchStateProjection.InterlockM2.MotorRequest;0
30275;PRG_04_Treuils_Benne.instWinchStateProjection.InterlockM2.MotorRequest;0
30377;PRG_04_Treuils_Benne.instWinchStateProjection.InterlockM2.MotorRequest;0
30476;PRG_04_Treuils_Benne.instWinchStateProjection.InterlockM2.MotorRequest;0
30576;PRG_04_Treuils_Benne.instWinchStateProjection.InterlockM2.MotorRequest;0
30676;PRG_04_Treuils_Benne.instWinchStateProjection.InterlockM2.MotorRequest;0
30776;PRG_04_Treuils_Benne.instWinchStateProjection.InterlockM2.MotorRequest;0
30877;PRG_04_Treuils_Benne.instWinchStateProjection.InterlockM2.MotorRequest;0
30978;PRG_04_Treuils_Benne.instWinchStateProjection.InterlockM2.MotorRequest;0
31078;PRG_04_Treuils_Benne.instWinchStateProjection.InterlockM2.MotorRequest;0
31179;PRG_04_Treuils_Benne.instWinchStateProjection.InterlockM2.MotorRequest;0
31280;PRG_04_Treuils_Benne.instWinchStateProjection.InterlockM2.MotorRequest;0
31380;PRG_04_Treuils_Benne.instWinchStateProjection.InterlockM2.MotorRequest;0
31480;PRG_04_Treuils_Benne.instWinchStateProjection.InterlockM2.MotorRequest;0
31581;PRG_04_Treuils_Benne.instWinchStateProjection.InterlockM2.MotorRequest;0
31681;PRG_04_Treuils_Benne.instWinchStateProjection.InterlockM2.MotorRequest;0
3;PRG_06_Outputs.instWinchOutputInterlockM2.MotorRequest;0
104;PRG_06_Outputs.instWinchOutputInterlockM2.MotorRequest;0
204;PRG_06_Outputs.instWinchOutputInterlockM2.MotorRequest;0
305;PRG_06_Outputs.instWinchOutputInterlockM2.MotorRequest;0
406;PRG_06_Outputs.instWinchOutputInterlockM2.MotorRequest;0
507;PRG_06_Outputs.instWinchOutputInterlockM2.MotorRequest;0
607;PRG_06_Outputs.instWinchOutputInterlockM2.MotorRequest;0
708;PRG_06_Outputs.instWinchOutputInterlockM2.MotorRequest;0
809;PRG_06_Outputs.instWinchOutputInterlockM2.MotorRequest;0
909;PRG_06_Outputs.instWinchOutputInterlockM2.MotorRequest;0
1009;PRG_06_Outputs.instWinchOutputInterlockM2.MotorRequest;0
1110;PRG_06_Outputs.instWinchOutputInterlockM2.MotorRequest;0
1210;PRG_06_Outputs.instWinchOutputInterlockM2.MotorRequest;0
1310;PRG_06_Outputs.instWinchOutputInterlockM2.MotorRequest;0
1411;PRG_06_Outputs.instWinchOutputInterlockM2.MotorRequest;0
1513;PRG_06_Outputs.instWinchOutputInterlockM2.MotorRequest;0
1613;PRG_06_Outputs.instWinchOutputInterlockM2.MotorRequest;0
1713;PRG_06_Outputs.instWinchOutputInterlockM2.MotorRequest;0
1814;PRG_06_Outputs.instWinchOutputInterlockM2.MotorRequest;0
1914;PRG_06_Outputs.instWinchOutputInterlockM2.MotorRequest;0
2015;PRG_06_Outputs.instWinchOutputInterlockM2.MotorRequest;0
2115;PRG_06_Outputs.instWinchOutputInterlockM2.MotorRequest;0
2216;PRG_06_Outputs.instWinchOutputInterlockM2.MotorRequest;0
2318;PRG_06_Outputs.instWinchOutputInterlockM2.MotorRequest;0
2419;PRG_06_Outputs.instWinchOutputInterlockM2.MotorRequest;0
2519;PRG_06_Outputs.instWinchOutputInterlockM2.MotorRequest;0
2620;PRG_06_Outputs.instWinchOutputInterlockM2.MotorRequest;0
2722;PRG_06_Outputs.instWinchOutputInterlockM2.MotorRequest;0
2821;PRG_06_Outputs.instWinchOutputInterlockM2.MotorRequest;0
2921;PRG_06_Outputs.instWinchOutputInterlockM2.MotorRequest;0
3022;PRG_06_Outputs.instWinchOutputInterlockM2.MotorRequest;0
3123;PRG_06_Outputs.instWinchOutputInterlockM2.MotorRequest;0
3224;PRG_06_Outputs.instWinchOutputInterlockM2.MotorRequest;0
3326;PRG_06_Outputs.instWinchOutputInterlockM2.MotorRequest;0
3426;PRG_06_Outputs.instWinchOutputInterlockM2.MotorRequest;0
3527;PRG_06_Outputs.instWinchOutputInterlockM2.MotorRequest;0
3626;PRG_06_Outputs.instWinchOutputInterlockM2.MotorRequest;0
3726;PRG_06_Outputs.instWinchOutputInterlockM2.MotorRequest;0
3827;PRG_06_Outputs.instWinchOutputInterlockM2.MotorRequest;0
3929;PRG_06_Outputs.instWinchOutputInterlockM2.MotorRequest;0
4028;PRG_06_Outputs.instWinchOutputInterlockM2.MotorRequest;0
4129;PRG_06_Outputs.instWinchOutputInterlockM2.MotorRequest;0
4229;PRG_06_Outputs.instWinchOutputInterlockM2.MotorRequest;0
4329;PRG_06_Outputs.instWinchOutputInterlockM2.MotorRequest;0
4431;PRG_06_Outputs.instWinchOutputInterlockM2.MotorRequest;0
4530;PRG_06_Outputs.instWinchOutputInterlockM2.MotorRequest;0
4630;PRG_06_Outputs.instWinchOutputInterlockM2.MotorRequest;0
4732;PRG_06_Outputs.instWinchOutputInterlockM2.MotorRequest;0
4832;PRG_06_Outputs.instWinchOutputInterlockM2.MotorRequest;0
4933;PRG_06_Outputs.instWinchOutputInterlockM2.MotorRequest;0
5034;PRG_06_Outputs.instWinchOutputInterlockM2.MotorRequest;0
5135;PRG_06_Outputs.instWinchOutputInterlockM2.MotorRequest;0
5236;PRG_06_Outputs.instWinchOutputInterlockM2.MotorRequest;0
5336;PRG_06_Outputs.instWinchOutputInterlockM2.MotorRequest;0
5436;PRG_06_Outputs.instWinchOutputInterlockM2.MotorRequest;0
5536;PRG_06_Outputs.instWinchOutputInterlockM2.MotorRequest;0
5637;PRG_06_Outputs.instWinchOutputInterlockM2.MotorRequest;0
5737;PRG_06_Outputs.instWinchOutputInterlockM2.MotorRequest;0
5837;PRG_06_Outputs.instWinchOutputInterlockM2.MotorRequest;0
5937;PRG_06_Outputs.instWinchOutputInterlockM2.MotorRequest;0
6039;PRG_06_Outputs.instWinchOutputInterlockM2.MotorRequest;0
6139;PRG_06_Outputs.instWinchOutputInterlockM2.MotorRequest;0
6240;PRG_06_Outputs.instWinchOutputInterlockM2.MotorRequest;0
6342;PRG_06_Outputs.instWinchOutputInterlockM2.MotorRequest;0
6442;PRG_06_Outputs.instWinchOutputInterlockM2.MotorRequest;0
6543;PRG_06_Outputs.instWinchOutputInterlockM2.MotorRequest;0
6645;PRG_06_Outputs.instWinchOutputInterlockM2.MotorRequest;0
6746;PRG_06_Outputs.instWinchOutputInterlockM2.MotorRequest;0
6846;PRG_06_Outputs.instWinchOutputInterlockM2.MotorRequest;0
6946;PRG_06_Outputs.instWinchOutputInterlockM2.MotorRequest;0
7047;PRG_06_Outputs.instWinchOutputInterlockM2.MotorRequest;0
7148;PRG_06_Outputs.instWinchOutputInterlockM2.MotorRequest;0
7250;PRG_06_Outputs.instWinchOutputInterlockM2.MotorRequest;0
7349;PRG_06_Outputs.instWinchOutputInterlockM2.MotorRequest;0
7450;PRG_06_Outputs.instWinchOutputInterlockM2.MotorRequest;0
7550;PRG_06_Outputs.instWinchOutputInterlockM2.MotorRequest;0
7650;PRG_06_Outputs.instWinchOutputInterlockM2.MotorRequest;0
7751;PRG_06_Outputs.instWinchOutputInterlockM2.MotorRequest;0
7851;PRG_06_Outputs.instWinchOutputInterlockM2.MotorRequest;0
7953;PRG_06_Outputs.instWinchOutputInterlockM2.MotorRequest;0
8054;PRG_06_Outputs.instWinchOutputInterlockM2.MotorRequest;0
8154;PRG_06_Outputs.instWinchOutputInterlockM2.MotorRequest;0
8254;PRG_06_Outputs.instWinchOutputInterlockM2.MotorRequest;0
8355;PRG_06_Outputs.instWinchOutputInterlockM2.MotorRequest;0
8454;PRG_06_Outputs.instWinchOutputInterlockM2.MotorRequest;0
8554;PRG_06_Outputs.instWinchOutputInterlockM2.MotorRequest;0
8654;PRG_06_Outputs.instWinchOutputInterlockM2.MotorRequest;0
8754;PRG_06_Outputs.instWinchOutputInterlockM2.MotorRequest;0
8854;PRG_06_Outputs.instWinchOutputInterlockM2.MotorRequest;0
8954;PRG_06_Outputs.instWinchOutputInterlockM2.MotorRequest;0
9055;PRG_06_Outputs.instWinchOutputInterlockM2.MotorRequest;0
9155;PRG_06_Outputs.instWinchOutputInterlockM2.MotorRequest;0
9256;PRG_06_Outputs.instWinchOutputInterlockM2.MotorRequest;1
9357;PRG_06_Outputs.instWinchOutputInterlockM2.MotorRequest;1
9457;PRG_06_Outputs.instWinchOutputInterlockM2.MotorRequest;1
9557;PRG_06_Outputs.instWinchOutputInterlockM2.MotorRequest;1
9658;PRG_06_Outputs.instWinchOutputInterlockM2.MotorRequest;1
9758;PRG_06_Outputs.instWinchOutputInterlockM2.MotorRequest;1
9858;PRG_06_Outputs.instWinchOutputInterlockM2.MotorRequest;1
9958;PRG_06_Outputs.instWinchOutputInterlockM2.MotorRequest;1
10059;PRG_06_Outputs.instWinchOutputInterlockM2.MotorRequest;1
10160;PRG_06_Outputs.instWinchOutputInterlockM2.MotorRequest;1
10259;PRG_06_Outputs.instWinchOutputInterlockM2.MotorRequest;1
10360;PRG_06_Outputs.instWinchOutputInterlockM2.MotorRequest;1
10461;PRG_06_Outputs.instWinchOutputInterlockM2.MotorRequest;1
10562;PRG_06_Outputs.instWinchOutputInterlockM2.MotorRequest;1
10661;PRG_06_Outputs.instWinchOutputInterlockM2.MotorRequest;1
10761;PRG_06_Outputs.instWinchOutputInterlockM2.MotorRequest;1
10863;PRG_06_Outputs.instWinchOutputInterlockM2.MotorRequest;1
10964;PRG_06_Outputs.instWinchOutputInterlockM2.MotorRequest;1
11065;PRG_06_Outputs.instWinchOutputInterlockM2.MotorRequest;1
11165;PRG_06_Outputs.instWinchOutputInterlockM2.MotorRequest;1
11266;PRG_06_Outputs.instWinchOutputInterlockM2.MotorRequest;1
11365;PRG_06_Outputs.instWinchOutputInterlockM2.MotorRequest;1
11465;PRG_06_Outputs.instWinchOutputInterlockM2.MotorRequest;1
11566;PRG_06_Outputs.instWinchOutputInterlockM2.MotorRequest;1
11666;PRG_06_Outputs.instWinchOutputInterlockM2.MotorRequest;1
11765;PRG_06_Outputs.instWinchOutputInterlockM2.MotorRequest;1
11866;PRG_06_Outputs.instWinchOutputInterlockM2.MotorRequest;1
11966;PRG_06_Outputs.instWinchOutputInterlockM2.MotorRequest;1
12067;PRG_06_Outputs.instWinchOutputInterlockM2.MotorRequest;1
12167;PRG_06_Outputs.instWinchOutputInterlockM2.MotorRequest;1
12267;PRG_06_Outputs.instWinchOutputInterlockM2.MotorRequest;1
12368;PRG_06_Outputs.instWinchOutputInterlockM2.MotorRequest;1
12467;PRG_06_Outputs.instWinchOutputInterlockM2.MotorRequest;1
12570;PRG_06_Outputs.instWinchOutputInterlockM2.MotorRequest;1
12669;PRG_06_Outputs.instWinchOutputInterlockM2.MotorRequest;1
12770;PRG_06_Outputs.instWinchOutputInterlockM2.MotorRequest;1
12872;PRG_06_Outputs.instWinchOutputInterlockM2.MotorRequest;1
12972;PRG_06_Outputs.instWinchOutputInterlockM2.MotorRequest;1
13073;PRG_06_Outputs.instWinchOutputInterlockM2.MotorRequest;1
13175;PRG_06_Outputs.instWinchOutputInterlockM2.MotorRequest;1
13275;PRG_06_Outputs.instWinchOutputInterlockM2.MotorRequest;1
13378;PRG_06_Outputs.instWinchOutputInterlockM2.MotorRequest;1
13478;PRG_06_Outputs.instWinchOutputInterlockM2.MotorRequest;1
13577;PRG_06_Outputs.instWinchOutputInterlockM2.MotorRequest;1
13676;PRG_06_Outputs.instWinchOutputInterlockM2.MotorRequest;1
13778;PRG_06_Outputs.instWinchOutputInterlockM2.MotorRequest;1
13878;PRG_06_Outputs.instWinchOutputInterlockM2.MotorRequest;1
13979;PRG_06_Outputs.instWinchOutputInterlockM2.MotorRequest;1
14079;PRG_06_Outputs.instWinchOutputInterlockM2.MotorRequest;1
14180;PRG_06_Outputs.instWinchOutputInterlockM2.MotorRequest;1
14280;PRG_06_Outputs.instWinchOutputInterlockM2.MotorRequest;1
14382;PRG_06_Outputs.instWinchOutputInterlockM2.MotorRequest;1
14483;PRG_06_Outputs.instWinchOutputInterlockM2.MotorRequest;1
14584;PRG_06_Outputs.instWinchOutputInterlockM2.MotorRequest;1
14685;PRG_06_Outputs.instWinchOutputInterlockM2.MotorRequest;1
14787;PRG_06_Outputs.instWinchOutputInterlockM2.MotorRequest;1
14887;PRG_06_Outputs.instWinchOutputInterlockM2.MotorRequest;1
14987;PRG_06_Outputs.instWinchOutputInterlockM2.MotorRequest;1
15086;PRG_06_Outputs.instWinchOutputInterlockM2.MotorRequest;1
15188;PRG_06_Outputs.instWinchOutputInterlockM2.MotorRequest;1
15288;PRG_06_Outputs.instWinchOutputInterlockM2.MotorRequest;1
15388;PRG_06_Outputs.instWinchOutputInterlockM2.MotorRequest;1
15487;PRG_06_Outputs.instWinchOutputInterlockM2.MotorRequest;1
15588;PRG_06_Outputs.instWinchOutputInterlockM2.MotorRequest;1
15687;PRG_06_Outputs.instWinchOutputInterlockM2.MotorRequest;1
15789;PRG_06_Outputs.instWinchOutputInterlockM2.MotorRequest;1
15890;PRG_06_Outputs.instWinchOutputInterlockM2.MotorRequest;1
15992;PRG_06_Outputs.instWinchOutputInterlockM2.MotorRequest;1
16092;PRG_06_Outputs.instWinchOutputInterlockM2.MotorRequest;1
16194;PRG_06_Outputs.instWinchOutputInterlockM2.MotorRequest;1
16293;PRG_06_Outputs.instWinchOutputInterlockM2.MotorRequest;1
16393;PRG_06_Outputs.instWinchOutputInterlockM2.MotorRequest;1
16493;PRG_06_Outputs.instWinchOutputInterlockM2.MotorRequest;1
16593;PRG_06_Outputs.instWinchOutputInterlockM2.MotorRequest;1
16693;PRG_06_Outputs.instWinchOutputInterlockM2.MotorRequest;1
16795;PRG_06_Outputs.instWinchOutputInterlockM2.MotorRequest;1
16894;PRG_06_Outputs.instWinchOutputInterlockM2.MotorRequest;1
16994;PRG_06_Outputs.instWinchOutputInterlockM2.MotorRequest;1
17094;PRG_06_Outputs.instWinchOutputInterlockM2.MotorRequest;1
17195;PRG_06_Outputs.instWinchOutputInterlockM2.MotorRequest;1
17295;PRG_06_Outputs.instWinchOutputInterlockM2.MotorRequest;1
17396;PRG_06_Outputs.instWinchOutputInterlockM2.MotorRequest;1
17498;PRG_06_Outputs.instWinchOutputInterlockM2.MotorRequest;1
17598;PRG_06_Outputs.instWinchOutputInterlockM2.MotorRequest;1
17698;PRG_06_Outputs.instWinchOutputInterlockM2.MotorRequest;1
17801;PRG_06_Outputs.instWinchOutputInterlockM2.MotorRequest;1
17900;PRG_06_Outputs.instWinchOutputInterlockM2.MotorRequest;1
18001;PRG_06_Outputs.instWinchOutputInterlockM2.MotorRequest;0
18100;PRG_06_Outputs.instWinchOutputInterlockM2.MotorRequest;0
18202;PRG_06_Outputs.instWinchOutputInterlockM2.MotorRequest;0
18304;PRG_06_Outputs.instWinchOutputInterlockM2.MotorRequest;0
18404;PRG_06_Outputs.instWinchOutputInterlockM2.MotorRequest;0
18505;PRG_06_Outputs.instWinchOutputInterlockM2.MotorRequest;0
18605;PRG_06_Outputs.instWinchOutputInterlockM2.MotorRequest;1
18706;PRG_06_Outputs.instWinchOutputInterlockM2.MotorRequest;1
18805;PRG_06_Outputs.instWinchOutputInterlockM2.MotorRequest;1
18905;PRG_06_Outputs.instWinchOutputInterlockM2.MotorRequest;1
19007;PRG_06_Outputs.instWinchOutputInterlockM2.MotorRequest;1
19106;PRG_06_Outputs.instWinchOutputInterlockM2.MotorRequest;1
19207;PRG_06_Outputs.instWinchOutputInterlockM2.MotorRequest;1
19306;PRG_06_Outputs.instWinchOutputInterlockM2.MotorRequest;1
19407;PRG_06_Outputs.instWinchOutputInterlockM2.MotorRequest;1
19508;PRG_06_Outputs.instWinchOutputInterlockM2.MotorRequest;1
19607;PRG_06_Outputs.instWinchOutputInterlockM2.MotorRequest;1
19707;PRG_06_Outputs.instWinchOutputInterlockM2.MotorRequest;1
19810;PRG_06_Outputs.instWinchOutputInterlockM2.MotorRequest;1
19911;PRG_06_Outputs.instWinchOutputInterlockM2.MotorRequest;1
20012;PRG_06_Outputs.instWinchOutputInterlockM2.MotorRequest;1
20113;PRG_06_Outputs.instWinchOutputInterlockM2.MotorRequest;1
20212;PRG_06_Outputs.instWinchOutputInterlockM2.MotorRequest;1
20313;PRG_06_Outputs.instWinchOutputInterlockM2.MotorRequest;1
20415;PRG_06_Outputs.instWinchOutputInterlockM2.MotorRequest;1
20516;PRG_06_Outputs.instWinchOutputInterlockM2.MotorRequest;1
20616;PRG_06_Outputs.instWinchOutputInterlockM2.MotorRequest;1
20718;PRG_06_Outputs.instWinchOutputInterlockM2.MotorRequest;1
20818;PRG_06_Outputs.instWinchOutputInterlockM2.MotorRequest;1
20920;PRG_06_Outputs.instWinchOutputInterlockM2.MotorRequest;1
21020;PRG_06_Outputs.instWinchOutputInterlockM2.MotorRequest;1
21121;PRG_06_Outputs.instWinchOutputInterlockM2.MotorRequest;1
21221;PRG_06_Outputs.instWinchOutputInterlockM2.MotorRequest;1
21323;PRG_06_Outputs.instWinchOutputInterlockM2.MotorRequest;1
21424;PRG_06_Outputs.instWinchOutputInterlockM2.MotorRequest;1
21524;PRG_06_Outputs.instWinchOutputInterlockM2.MotorRequest;1
21625;PRG_06_Outputs.instWinchOutputInterlockM2.MotorRequest;1
21724;PRG_06_Outputs.instWinchOutputInterlockM2.MotorRequest;1
21825;PRG_06_Outputs.instWinchOutputInterlockM2.MotorRequest;0
21924;PRG_06_Outputs.instWinchOutputInterlockM2.MotorRequest;0
22026;PRG_06_Outputs.instWinchOutputInterlockM2.MotorRequest;0
22126;PRG_06_Outputs.instWinchOutputInterlockM2.MotorRequest;0
22226;PRG_06_Outputs.instWinchOutputInterlockM2.MotorRequest;0
22327;PRG_06_Outputs.instWinchOutputInterlockM2.MotorRequest;0
22426;PRG_06_Outputs.instWinchOutputInterlockM2.MotorRequest;0
22528;PRG_06_Outputs.instWinchOutputInterlockM2.MotorRequest;0
22628;PRG_06_Outputs.instWinchOutputInterlockM2.MotorRequest;0
22727;PRG_06_Outputs.instWinchOutputInterlockM2.MotorRequest;0
22827;PRG_06_Outputs.instWinchOutputInterlockM2.MotorRequest;0
22930;PRG_06_Outputs.instWinchOutputInterlockM2.MotorRequest;0
23030;PRG_06_Outputs.instWinchOutputInterlockM2.MotorRequest;0
23130;PRG_06_Outputs.instWinchOutputInterlockM2.MotorRequest;0
23231;PRG_06_Outputs.instWinchOutputInterlockM2.MotorRequest;0
23333;PRG_06_Outputs.instWinchOutputInterlockM2.MotorRequest;0
23433;PRG_06_Outputs.instWinchOutputInterlockM2.MotorRequest;0
23534;PRG_06_Outputs.instWinchOutputInterlockM2.MotorRequest;0
23635;PRG_06_Outputs.instWinchOutputInterlockM2.MotorRequest;0
23735;PRG_06_Outputs.instWinchOutputInterlockM2.MotorRequest;0
23836;PRG_06_Outputs.instWinchOutputInterlockM2.MotorRequest;0
23936;PRG_06_Outputs.instWinchOutputInterlockM2.MotorRequest;0
24037;PRG_06_Outputs.instWinchOutputInterlockM2.MotorRequest;0
24137;PRG_06_Outputs.instWinchOutputInterlockM2.MotorRequest;0
24236;PRG_06_Outputs.instWinchOutputInterlockM2.MotorRequest;0
24337;PRG_06_Outputs.instWinchOutputInterlockM2.MotorRequest;0
24437;PRG_06_Outputs.instWinchOutputInterlockM2.MotorRequest;0
24538;PRG_06_Outputs.instWinchOutputInterlockM2.MotorRequest;0
24639;PRG_06_Outputs.instWinchOutputInterlockM2.MotorRequest;0
24740;PRG_06_Outputs.instWinchOutputInterlockM2.MotorRequest;0
24839;PRG_06_Outputs.instWinchOutputInterlockM2.MotorRequest;0
24942;PRG_06_Outputs.instWinchOutputInterlockM2.MotorRequest;0
25042;PRG_06_Outputs.instWinchOutputInterlockM2.MotorRequest;0
25143;PRG_06_Outputs.instWinchOutputInterlockM2.MotorRequest;0
25243;PRG_06_Outputs.instWinchOutputInterlockM2.MotorRequest;0
25345;PRG_06_Outputs.instWinchOutputInterlockM2.MotorRequest;0
25446;PRG_06_Outputs.instWinchOutputInterlockM2.MotorRequest;0
25546;PRG_06_Outputs.instWinchOutputInterlockM2.MotorRequest;0
25646;PRG_06_Outputs.instWinchOutputInterlockM2.MotorRequest;0
25748;PRG_06_Outputs.instWinchOutputInterlockM2.MotorRequest;0
25848;PRG_06_Outputs.instWinchOutputInterlockM2.MotorRequest;0
25949;PRG_06_Outputs.instWinchOutputInterlockM2.MotorRequest;0
26050;PRG_06_Outputs.instWinchOutputInterlockM2.MotorRequest;0
26151;PRG_06_Outputs.instWinchOutputInterlockM2.MotorRequest;0
26252;PRG_06_Outputs.instWinchOutputInterlockM2.MotorRequest;0
26351;PRG_06_Outputs.instWinchOutputInterlockM2.MotorRequest;0
26453;PRG_06_Outputs.instWinchOutputInterlockM2.MotorRequest;0
26552;PRG_06_Outputs.instWinchOutputInterlockM2.MotorRequest;0
26653;PRG_06_Outputs.instWinchOutputInterlockM2.MotorRequest;0
26756;PRG_06_Outputs.instWinchOutputInterlockM2.MotorRequest;0
26856;PRG_06_Outputs.instWinchOutputInterlockM2.MotorRequest;0
26955;PRG_06_Outputs.instWinchOutputInterlockM2.MotorRequest;0
27056;PRG_06_Outputs.instWinchOutputInterlockM2.MotorRequest;0
27156;PRG_06_Outputs.instWinchOutputInterlockM2.MotorRequest;0
27257;PRG_06_Outputs.instWinchOutputInterlockM2.MotorRequest;0
27357;PRG_06_Outputs.instWinchOutputInterlockM2.MotorRequest;0
27459;PRG_06_Outputs.instWinchOutputInterlockM2.MotorRequest;0
27560;PRG_06_Outputs.instWinchOutputInterlockM2.MotorRequest;0
27661;PRG_06_Outputs.instWinchOutputInterlockM2.MotorRequest;0
27761;PRG_06_Outputs.instWinchOutputInterlockM2.MotorRequest;0
27862;PRG_06_Outputs.instWinchOutputInterlockM2.MotorRequest;0
27963;PRG_06_Outputs.instWinchOutputInterlockM2.MotorRequest;0
28063;PRG_06_Outputs.instWinchOutputInterlockM2.MotorRequest;0
28164;PRG_06_Outputs.instWinchOutputInterlockM2.MotorRequest;0
28264;PRG_06_Outputs.instWinchOutputInterlockM2.MotorRequest;0
28363;PRG_06_Outputs.instWinchOutputInterlockM2.MotorRequest;0
28464;PRG_06_Outputs.instWinchOutputInterlockM2.MotorRequest;0
28566;PRG_06_Outputs.instWinchOutputInterlockM2.MotorRequest;0
28668;PRG_06_Outputs.instWinchOutputInterlockM2.MotorRequest;0
28768;PRG_06_Outputs.instWinchOutputInterlockM2.MotorRequest;0
28870;PRG_06_Outputs.instWinchOutputInterlockM2.MotorRequest;0
28969;PRG_06_Outputs.instWinchOutputInterlockM2.MotorRequest;0
29069;PRG_06_Outputs.instWinchOutputInterlockM2.MotorRequest;0
29171;PRG_06_Outputs.instWinchOutputInterlockM2.MotorRequest;0
29272;PRG_06_Outputs.instWinchOutputInterlockM2.MotorRequest;0
29371;PRG_06_Outputs.instWinchOutputInterlockM2.MotorRequest;0
29473;PRG_06_Outputs.instWinchOutputInterlockM2.MotorRequest;0
29572;PRG_06_Outputs.instWinchOutputInterlockM2.MotorRequest;0
29672;PRG_06_Outputs.instWinchOutputInterlockM2.MotorRequest;0
29773;PRG_06_Outputs.instWinchOutputInterlockM2.MotorRequest;0
29872;PRG_06_Outputs.instWinchOutputInterlockM2.MotorRequest;0
29972;PRG_06_Outputs.instWinchOutputInterlockM2.MotorRequest;0
30072;PRG_06_Outputs.instWinchOutputInterlockM2.MotorRequest;0
30173;PRG_06_Outputs.instWinchOutputInterlockM2.MotorRequest;0
30275;PRG_06_Outputs.instWinchOutputInterlockM2.MotorRequest;0
30377;PRG_06_Outputs.instWinchOutputInterlockM2.MotorRequest;0
30476;PRG_06_Outputs.instWinchOutputInterlockM2.MotorRequest;0
30576;PRG_06_Outputs.instWinchOutputInterlockM2.MotorRequest;0
30676;PRG_06_Outputs.instWinchOutputInterlockM2.MotorRequest;0
30776;PRG_06_Outputs.instWinchOutputInterlockM2.MotorRequest;0
30877;PRG_06_Outputs.instWinchOutputInterlockM2.MotorRequest;0
30978;PRG_06_Outputs.instWinchOutputInterlockM2.MotorRequest;0
31078;PRG_06_Outputs.instWinchOutputInterlockM2.MotorRequest;0
31179;PRG_06_Outputs.instWinchOutputInterlockM2.MotorRequest;0
31280;PRG_06_Outputs.instWinchOutputInterlockM2.MotorRequest;0
31380;PRG_06_Outputs.instWinchOutputInterlockM2.MotorRequest;0
31480;PRG_06_Outputs.instWinchOutputInterlockM2.MotorRequest;0
31581;PRG_06_Outputs.instWinchOutputInterlockM2.MotorRequest;0
31681;PRG_06_Outputs.instWinchOutputInterlockM2.MotorRequest;0
3;M1_SpeedContactor_3_DQ;0
104;M1_SpeedContactor_3_DQ;0
204;M1_SpeedContactor_3_DQ;0
305;M1_SpeedContactor_3_DQ;0
406;M1_SpeedContactor_3_DQ;0
507;M1_SpeedContactor_3_DQ;0
607;M1_SpeedContactor_3_DQ;0
708;M1_SpeedContactor_3_DQ;0
809;M1_SpeedContactor_3_DQ;0
909;M1_SpeedContactor_3_DQ;0
1009;M1_SpeedContactor_3_DQ;0
1110;M1_SpeedContactor_3_DQ;0
1210;M1_SpeedContactor_3_DQ;0
1310;M1_SpeedContactor_3_DQ;0
1411;M1_SpeedContactor_3_DQ;0
1513;M1_SpeedContactor_3_DQ;0
1613;M1_SpeedContactor_3_DQ;0
1713;M1_SpeedContactor_3_DQ;0
1814;M1_SpeedContactor_3_DQ;0
1914;M1_SpeedContactor_3_DQ;0
2015;M1_SpeedContactor_3_DQ;0
2115;M1_SpeedContactor_3_DQ;0
2216;M1_SpeedContactor_3_DQ;0
2318;M1_SpeedContactor_3_DQ;0
2419;M1_SpeedContactor_3_DQ;0
2519;M1_SpeedContactor_3_DQ;0
2620;M1_SpeedContactor_3_DQ;0
2722;M1_SpeedContactor_3_DQ;0
2821;M1_SpeedContactor_3_DQ;0
2921;M1_SpeedContactor_3_DQ;0
3022;M1_SpeedContactor_3_DQ;0
3123;M1_SpeedContactor_3_DQ;0
3224;M1_SpeedContactor_3_DQ;0
3326;M1_SpeedContactor_3_DQ;0
3426;M1_SpeedContactor_3_DQ;0
3527;M1_SpeedContactor_3_DQ;0
3626;M1_SpeedContactor_3_DQ;0
3726;M1_SpeedContactor_3_DQ;0
3827;M1_SpeedContactor_3_DQ;0
3929;M1_SpeedContactor_3_DQ;0
4028;M1_SpeedContactor_3_DQ;0
4129;M1_SpeedContactor_3_DQ;0
4229;M1_SpeedContactor_3_DQ;0
4329;M1_SpeedContactor_3_DQ;0
4431;M1_SpeedContactor_3_DQ;0
4530;M1_SpeedContactor_3_DQ;0
4630;M1_SpeedContactor_3_DQ;0
4732;M1_SpeedContactor_3_DQ;0
4832;M1_SpeedContactor_3_DQ;0
4933;M1_SpeedContactor_3_DQ;0
5034;M1_SpeedContactor_3_DQ;0
5135;M1_SpeedContactor_3_DQ;0
5236;M1_SpeedContactor_3_DQ;0
5336;M1_SpeedContactor_3_DQ;0
5436;M1_SpeedContactor_3_DQ;0
5536;M1_SpeedContactor_3_DQ;0
5637;M1_SpeedContactor_3_DQ;0
5737;M1_SpeedContactor_3_DQ;0
5837;M1_SpeedContactor_3_DQ;0
5937;M1_SpeedContactor_3_DQ;0
6039;M1_SpeedContactor_3_DQ;0
6139;M1_SpeedContactor_3_DQ;0
6240;M1_SpeedContactor_3_DQ;0
6342;M1_SpeedContactor_3_DQ;0
6442;M1_SpeedContactor_3_DQ;0
6543;M1_SpeedContactor_3_DQ;0
6645;M1_SpeedContactor_3_DQ;0
6746;M1_SpeedContactor_3_DQ;0
6846;M1_SpeedContactor_3_DQ;0
6946;M1_SpeedContactor_3_DQ;0
7047;M1_SpeedContactor_3_DQ;0
7148;M1_SpeedContactor_3_DQ;0
7250;M1_SpeedContactor_3_DQ;0
7349;M1_SpeedContactor_3_DQ;0
7450;M1_SpeedContactor_3_DQ;0
7550;M1_SpeedContactor_3_DQ;0
7650;M1_SpeedContactor_3_DQ;0
7751;M1_SpeedContactor_3_DQ;0
7851;M1_SpeedContactor_3_DQ;0
7953;M1_SpeedContactor_3_DQ;0
8054;M1_SpeedContactor_3_DQ;0
8154;M1_SpeedContactor_3_DQ;0
8254;M1_SpeedContactor_3_DQ;0
8355;M1_SpeedContactor_3_DQ;0
8454;M1_SpeedContactor_3_DQ;0
8554;M1_SpeedContactor_3_DQ;0
8654;M1_SpeedContactor_3_DQ;0
8754;M1_SpeedContactor_3_DQ;0
8854;M1_SpeedContactor_3_DQ;0
8954;M1_SpeedContactor_3_DQ;0
9055;M1_SpeedContactor_3_DQ;0
9155;M1_SpeedContactor_3_DQ;0
9256;M1_SpeedContactor_3_DQ;0
9357;M1_SpeedContactor_3_DQ;0
9457;M1_SpeedContactor_3_DQ;0
9557;M1_SpeedContactor_3_DQ;0
9658;M1_SpeedContactor_3_DQ;0
9758;M1_SpeedContactor_3_DQ;0
9858;M1_SpeedContactor_3_DQ;0
9958;M1_SpeedContactor_3_DQ;0
10059;M1_SpeedContactor_3_DQ;0
10160;M1_SpeedContactor_3_DQ;0
10259;M1_SpeedContactor_3_DQ;0
10360;M1_SpeedContactor_3_DQ;0
10461;M1_SpeedContactor_3_DQ;0
10562;M1_SpeedContactor_3_DQ;0
10661;M1_SpeedContactor_3_DQ;0
10761;M1_SpeedContactor_3_DQ;0
10863;M1_SpeedContactor_3_DQ;0
10964;M1_SpeedContactor_3_DQ;0
11065;M1_SpeedContactor_3_DQ;0
11165;M1_SpeedContactor_3_DQ;0
11266;M1_SpeedContactor_3_DQ;0
11365;M1_SpeedContactor_3_DQ;0
11465;M1_SpeedContactor_3_DQ;0
11566;M1_SpeedContactor_3_DQ;0
11666;M1_SpeedContactor_3_DQ;0
11765;M1_SpeedContactor_3_DQ;0
11866;M1_SpeedContactor_3_DQ;0
11966;M1_SpeedContactor_3_DQ;0
12067;M1_SpeedContactor_3_DQ;0
12167;M1_SpeedContactor_3_DQ;0
12267;M1_SpeedContactor_3_DQ;0
12368;M1_SpeedContactor_3_DQ;0
12467;M1_SpeedContactor_3_DQ;0
12570;M1_SpeedContactor_3_DQ;0
12669;M1_SpeedContactor_3_DQ;0
12770;M1_SpeedContactor_3_DQ;0
12872;M1_SpeedContactor_3_DQ;0
12972;M1_SpeedContactor_3_DQ;0
13073;M1_SpeedContactor_3_DQ;0
13175;M1_SpeedContactor_3_DQ;0
13275;M1_SpeedContactor_3_DQ;0
13378;M1_SpeedContactor_3_DQ;0
13478;M1_SpeedContactor_3_DQ;0
13577;M1_SpeedContactor_3_DQ;0
13676;M1_SpeedContactor_3_DQ;0
13778;M1_SpeedContactor_3_DQ;0
13878;M1_SpeedContactor_3_DQ;0
13979;M1_SpeedContactor_3_DQ;0
14079;M1_SpeedContactor_3_DQ;0
14180;M1_SpeedContactor_3_DQ;0
14280;M1_SpeedContactor_3_DQ;0
14382;M1_SpeedContactor_3_DQ;0
14483;M1_SpeedContactor_3_DQ;0
14584;M1_SpeedContactor_3_DQ;0
14685;M1_SpeedContactor_3_DQ;0
14787;M1_SpeedContactor_3_DQ;0
14887;M1_SpeedContactor_3_DQ;0
14987;M1_SpeedContactor_3_DQ;0
15086;M1_SpeedContactor_3_DQ;0
15188;M1_SpeedContactor_3_DQ;0
15288;M1_SpeedContactor_3_DQ;0
15388;M1_SpeedContactor_3_DQ;0
15487;M1_SpeedContactor_3_DQ;0
15588;M1_SpeedContactor_3_DQ;0
15687;M1_SpeedContactor_3_DQ;0
15789;M1_SpeedContactor_3_DQ;0
15890;M1_SpeedContactor_3_DQ;0
15992;M1_SpeedContactor_3_DQ;0
16092;M1_SpeedContactor_3_DQ;0
16194;M1_SpeedContactor_3_DQ;0
16293;M1_SpeedContactor_3_DQ;0
16393;M1_SpeedContactor_3_DQ;0
16493;M1_SpeedContactor_3_DQ;0
16593;M1_SpeedContactor_3_DQ;0
16693;M1_SpeedContactor_3_DQ;0
16795;M1_SpeedContactor_3_DQ;0
16894;M1_SpeedContactor_3_DQ;0
16994;M1_SpeedContactor_3_DQ;0
17094;M1_SpeedContactor_3_DQ;0
17195;M1_SpeedContactor_3_DQ;0
17295;M1_SpeedContactor_3_DQ;0
17396;M1_SpeedContactor_3_DQ;0
17498;M1_SpeedContactor_3_DQ;0
17598;M1_SpeedContactor_3_DQ;0
17698;M1_SpeedContactor_3_DQ;0
17801;M1_SpeedContactor_3_DQ;0
17900;M1_SpeedContactor_3_DQ;0
18001;M1_SpeedContactor_3_DQ;0
18100;M1_SpeedContactor_3_DQ;0
18202;M1_SpeedContactor_3_DQ;0
18304;M1_SpeedContactor_3_DQ;0
18404;M1_SpeedContactor_3_DQ;0
18505;M1_SpeedContactor_3_DQ;0
18605;M1_SpeedContactor_3_DQ;0
18706;M1_SpeedContactor_3_DQ;0
18805;M1_SpeedContactor_3_DQ;0
18905;M1_SpeedContactor_3_DQ;0
19007;M1_SpeedContactor_3_DQ;0
19106;M1_SpeedContactor_3_DQ;0
19207;M1_SpeedContactor_3_DQ;0
19306;M1_SpeedContactor_3_DQ;0
19407;M1_SpeedContactor_3_DQ;0
19508;M1_SpeedContactor_3_DQ;0
19607;M1_SpeedContactor_3_DQ;0
19707;M1_SpeedContactor_3_DQ;0
19810;M1_SpeedContactor_3_DQ;0
19911;M1_SpeedContactor_3_DQ;0
20012;M1_SpeedContactor_3_DQ;0
20113;M1_SpeedContactor_3_DQ;0
20212;M1_SpeedContactor_3_DQ;0
20313;M1_SpeedContactor_3_DQ;0
20415;M1_SpeedContactor_3_DQ;0
20516;M1_SpeedContactor_3_DQ;0
20616;M1_SpeedContactor_3_DQ;1
20718;M1_SpeedContactor_3_DQ;1
20818;M1_SpeedContactor_3_DQ;1
20920;M1_SpeedContactor_3_DQ;1
21020;M1_SpeedContactor_3_DQ;1
21121;M1_SpeedContactor_3_DQ;1
21221;M1_SpeedContactor_3_DQ;1
21323;M1_SpeedContactor_3_DQ;1
21424;M1_SpeedContactor_3_DQ;1
21524;M1_SpeedContactor_3_DQ;1
21625;M1_SpeedContactor_3_DQ;1
21724;M1_SpeedContactor_3_DQ;1
21825;M1_SpeedContactor_3_DQ;0
21924;M1_SpeedContactor_3_DQ;0
22026;M1_SpeedContactor_3_DQ;0
22126;M1_SpeedContactor_3_DQ;0
22226;M1_SpeedContactor_3_DQ;0
22327;M1_SpeedContactor_3_DQ;0
22426;M1_SpeedContactor_3_DQ;0
22528;M1_SpeedContactor_3_DQ;0
22628;M1_SpeedContactor_3_DQ;0
22727;M1_SpeedContactor_3_DQ;0
22827;M1_SpeedContactor_3_DQ;0
22930;M1_SpeedContactor_3_DQ;0
23030;M1_SpeedContactor_3_DQ;0
23130;M1_SpeedContactor_3_DQ;0
23231;M1_SpeedContactor_3_DQ;0
23333;M1_SpeedContactor_3_DQ;0
23433;M1_SpeedContactor_3_DQ;0
23534;M1_SpeedContactor_3_DQ;0
23635;M1_SpeedContactor_3_DQ;0
23735;M1_SpeedContactor_3_DQ;0
23836;M1_SpeedContactor_3_DQ;0
23936;M1_SpeedContactor_3_DQ;0
24037;M1_SpeedContactor_3_DQ;0
24137;M1_SpeedContactor_3_DQ;0
24236;M1_SpeedContactor_3_DQ;0
24337;M1_SpeedContactor_3_DQ;0
24437;M1_SpeedContactor_3_DQ;0
24538;M1_SpeedContactor_3_DQ;0
24639;M1_SpeedContactor_3_DQ;0
24740;M1_SpeedContactor_3_DQ;0
24839;M1_SpeedContactor_3_DQ;0
24942;M1_SpeedContactor_3_DQ;0
25042;M1_SpeedContactor_3_DQ;0
25143;M1_SpeedContactor_3_DQ;0
25243;M1_SpeedContactor_3_DQ;0
25345;M1_SpeedContactor_3_DQ;0
25446;M1_SpeedContactor_3_DQ;0
25546;M1_SpeedContactor_3_DQ;0
25646;M1_SpeedContactor_3_DQ;0
25748;M1_SpeedContactor_3_DQ;0
25848;M1_SpeedContactor_3_DQ;0
25949;M1_SpeedContactor_3_DQ;0
26050;M1_SpeedContactor_3_DQ;0
26151;M1_SpeedContactor_3_DQ;0
26252;M1_SpeedContactor_3_DQ;0
26351;M1_SpeedContactor_3_DQ;0
26453;M1_SpeedContactor_3_DQ;0
26552;M1_SpeedContactor_3_DQ;0
26653;M1_SpeedContactor_3_DQ;0
26756;M1_SpeedContactor_3_DQ;0
26856;M1_SpeedContactor_3_DQ;0
26955;M1_SpeedContactor_3_DQ;0
27056;M1_SpeedContactor_3_DQ;0
27156;M1_SpeedContactor_3_DQ;0
27257;M1_SpeedContactor_3_DQ;0
27357;M1_SpeedContactor_3_DQ;0
27459;M1_SpeedContactor_3_DQ;0
27560;M1_SpeedContactor_3_DQ;0
27661;M1_SpeedContactor_3_DQ;0
27761;M1_SpeedContactor_3_DQ;0
27862;M1_SpeedContactor_3_DQ;0
27963;M1_SpeedContactor_3_DQ;0
28063;M1_SpeedContactor_3_DQ;0
28164;M1_SpeedContactor_3_DQ;0
28264;M1_SpeedContactor_3_DQ;0
28363;M1_SpeedContactor_3_DQ;0
28464;M1_SpeedContactor_3_DQ;0
28566;M1_SpeedContactor_3_DQ;0
28668;M1_SpeedContactor_3_DQ;0
28768;M1_SpeedContactor_3_DQ;0
28870;M1_SpeedContactor_3_DQ;0
28969;M1_SpeedContactor_3_DQ;0
29069;M1_SpeedContactor_3_DQ;0
29171;M1_SpeedContactor_3_DQ;0
29272;M1_SpeedContactor_3_DQ;0
29371;M1_SpeedContactor_3_DQ;0
29473;M1_SpeedContactor_3_DQ;0
29572;M1_SpeedContactor_3_DQ;0
29672;M1_SpeedContactor_3_DQ;0
29773;M1_SpeedContactor_3_DQ;0
29872;M1_SpeedContactor_3_DQ;0
29972;M1_SpeedContactor_3_DQ;0
30072;M1_SpeedContactor_3_DQ;0
30173;M1_SpeedContactor_3_DQ;0
30275;M1_SpeedContactor_3_DQ;0
30377;M1_SpeedContactor_3_DQ;0
30476;M1_SpeedContactor_3_DQ;0
30576;M1_SpeedContactor_3_DQ;0
30676;M1_SpeedContactor_3_DQ;0
30776;M1_SpeedContactor_3_DQ;0
30877;M1_SpeedContactor_3_DQ;0
30978;M1_SpeedContactor_3_DQ;0
31078;M1_SpeedContactor_3_DQ;0
31179;M1_SpeedContactor_3_DQ;0
31280;M1_SpeedContactor_3_DQ;0
31380;M1_SpeedContactor_3_DQ;0
31480;M1_SpeedContactor_3_DQ;0
31581;M1_SpeedContactor_3_DQ;0
31681;M1_SpeedContactor_3_DQ;0
3;M2TreuilBenne.Bucket.State.BucketOpening_Pct;0
104;M2TreuilBenne.Bucket.State.BucketOpening_Pct;0
204;M2TreuilBenne.Bucket.State.BucketOpening_Pct;0
305;M2TreuilBenne.Bucket.State.BucketOpening_Pct;0
406;M2TreuilBenne.Bucket.State.BucketOpening_Pct;0
507;M2TreuilBenne.Bucket.State.BucketOpening_Pct;0
607;M2TreuilBenne.Bucket.State.BucketOpening_Pct;0
708;M2TreuilBenne.Bucket.State.BucketOpening_Pct;0
809;M2TreuilBenne.Bucket.State.BucketOpening_Pct;0
909;M2TreuilBenne.Bucket.State.BucketOpening_Pct;0
1009;M2TreuilBenne.Bucket.State.BucketOpening_Pct;0
1110;M2TreuilBenne.Bucket.State.BucketOpening_Pct;0
1210;M2TreuilBenne.Bucket.State.BucketOpening_Pct;0
1310;M2TreuilBenne.Bucket.State.BucketOpening_Pct;0
1411;M2TreuilBenne.Bucket.State.BucketOpening_Pct;0
1513;M2TreuilBenne.Bucket.State.BucketOpening_Pct;0
1613;M2TreuilBenne.Bucket.State.BucketOpening_Pct;0
1713;M2TreuilBenne.Bucket.State.BucketOpening_Pct;0
1814;M2TreuilBenne.Bucket.State.BucketOpening_Pct;0
1914;M2TreuilBenne.Bucket.State.BucketOpening_Pct;0
2015;M2TreuilBenne.Bucket.State.BucketOpening_Pct;0
2115;M2TreuilBenne.Bucket.State.BucketOpening_Pct;0
2216;M2TreuilBenne.Bucket.State.BucketOpening_Pct;0
2318;M2TreuilBenne.Bucket.State.BucketOpening_Pct;0
2419;M2TreuilBenne.Bucket.State.BucketOpening_Pct;0
2519;M2TreuilBenne.Bucket.State.BucketOpening_Pct;0
2620;M2TreuilBenne.Bucket.State.BucketOpening_Pct;0
2722;M2TreuilBenne.Bucket.State.BucketOpening_Pct;0
2821;M2TreuilBenne.Bucket.State.BucketOpening_Pct;0
2921;M2TreuilBenne.Bucket.State.BucketOpening_Pct;0
3022;M2TreuilBenne.Bucket.State.BucketOpening_Pct;0
3123;M2TreuilBenne.Bucket.State.BucketOpening_Pct;0
3224;M2TreuilBenne.Bucket.State.BucketOpening_Pct;0
3326;M2TreuilBenne.Bucket.State.BucketOpening_Pct;0
3426;M2TreuilBenne.Bucket.State.BucketOpening_Pct;0
3527;M2TreuilBenne.Bucket.State.BucketOpening_Pct;0
3626;M2TreuilBenne.Bucket.State.BucketOpening_Pct;0
3726;M2TreuilBenne.Bucket.State.BucketOpening_Pct;0
3827;M2TreuilBenne.Bucket.State.BucketOpening_Pct;0
3929;M2TreuilBenne.Bucket.State.BucketOpening_Pct;0
4028;M2TreuilBenne.Bucket.State.BucketOpening_Pct;0
4129;M2TreuilBenne.Bucket.State.BucketOpening_Pct;0
4229;M2TreuilBenne.Bucket.State.BucketOpening_Pct;0
4329;M2TreuilBenne.Bucket.State.BucketOpening_Pct;0
4431;M2TreuilBenne.Bucket.State.BucketOpening_Pct;0
4530;M2TreuilBenne.Bucket.State.BucketOpening_Pct;0
4630;M2TreuilBenne.Bucket.State.BucketOpening_Pct;0
4732;M2TreuilBenne.Bucket.State.BucketOpening_Pct;0
4832;M2TreuilBenne.Bucket.State.BucketOpening_Pct;0
4933;M2TreuilBenne.Bucket.State.BucketOpening_Pct;0
5034;M2TreuilBenne.Bucket.State.BucketOpening_Pct;0
5135;M2TreuilBenne.Bucket.State.BucketOpening_Pct;0
5236;M2TreuilBenne.Bucket.State.BucketOpening_Pct;0
5336;M2TreuilBenne.Bucket.State.BucketOpening_Pct;0
5436;M2TreuilBenne.Bucket.State.BucketOpening_Pct;0
5536;M2TreuilBenne.Bucket.State.BucketOpening_Pct;0
5637;M2TreuilBenne.Bucket.State.BucketOpening_Pct;0
5737;M2TreuilBenne.Bucket.State.BucketOpening_Pct;0
5837;M2TreuilBenne.Bucket.State.BucketOpening_Pct;0
5937;M2TreuilBenne.Bucket.State.BucketOpening_Pct;0
6039;M2TreuilBenne.Bucket.State.BucketOpening_Pct;0
6139;M2TreuilBenne.Bucket.State.BucketOpening_Pct;0
6240;M2TreuilBenne.Bucket.State.BucketOpening_Pct;0
6342;M2TreuilBenne.Bucket.State.BucketOpening_Pct;0
6442;M2TreuilBenne.Bucket.State.BucketOpening_Pct;0
6543;M2TreuilBenne.Bucket.State.BucketOpening_Pct;0
6645;M2TreuilBenne.Bucket.State.BucketOpening_Pct;0
6746;M2TreuilBenne.Bucket.State.BucketOpening_Pct;0
6846;M2TreuilBenne.Bucket.State.BucketOpening_Pct;0
6946;M2TreuilBenne.Bucket.State.BucketOpening_Pct;0
7047;M2TreuilBenne.Bucket.State.BucketOpening_Pct;0
7148;M2TreuilBenne.Bucket.State.BucketOpening_Pct;0
7250;M2TreuilBenne.Bucket.State.BucketOpening_Pct;0
7349;M2TreuilBenne.Bucket.State.BucketOpening_Pct;0
7450;M2TreuilBenne.Bucket.State.BucketOpening_Pct;0
7550;M2TreuilBenne.Bucket.State.BucketOpening_Pct;0
7650;M2TreuilBenne.Bucket.State.BucketOpening_Pct;0
7751;M2TreuilBenne.Bucket.State.BucketOpening_Pct;0
7851;M2TreuilBenne.Bucket.State.BucketOpening_Pct;0
7953;M2TreuilBenne.Bucket.State.BucketOpening_Pct;0
8054;M2TreuilBenne.Bucket.State.BucketOpening_Pct;0
8154;M2TreuilBenne.Bucket.State.BucketOpening_Pct;0
8254;M2TreuilBenne.Bucket.State.BucketOpening_Pct;0
8355;M2TreuilBenne.Bucket.State.BucketOpening_Pct;0
8454;M2TreuilBenne.Bucket.State.BucketOpening_Pct;0
8554;M2TreuilBenne.Bucket.State.BucketOpening_Pct;0
8654;M2TreuilBenne.Bucket.State.BucketOpening_Pct;0
8754;M2TreuilBenne.Bucket.State.BucketOpening_Pct;0
8854;M2TreuilBenne.Bucket.State.BucketOpening_Pct;0
8954;M2TreuilBenne.Bucket.State.BucketOpening_Pct;0
9055;M2TreuilBenne.Bucket.State.BucketOpening_Pct;0
9155;M2TreuilBenne.Bucket.State.BucketOpening_Pct;0
9256;M2TreuilBenne.Bucket.State.BucketOpening_Pct;0.53385418653488159
9357;M2TreuilBenne.Bucket.State.BucketOpening_Pct;1.201171875
9457;M2TreuilBenne.Bucket.State.BucketOpening_Pct;1.8017578125
9557;M2TreuilBenne.Bucket.State.BucketOpening_Pct;2.4690754413604736
9658;M2TreuilBenne.Bucket.State.BucketOpening_Pct;3.0696613788604736
9758;M2TreuilBenne.Bucket.State.BucketOpening_Pct;3.7369792461395264
9858;M2TreuilBenne.Bucket.State.BucketOpening_Pct;4.4677734375
9958;M2TreuilBenne.Bucket.State.BucketOpening_Pct;5.2978515625
10059;M2TreuilBenne.Bucket.State.BucketOpening_Pct;6.044921875
10160;M2TreuilBenne.Bucket.State.BucketOpening_Pct;6.875
10259;M2TreuilBenne.Bucket.State.BucketOpening_Pct;7.6220703125
10360;M2TreuilBenne.Bucket.State.BucketOpening_Pct;8.5498046875
10461;M2TreuilBenne.Bucket.State.BucketOpening_Pct;9.443359375
10562;M2TreuilBenne.Bucket.State.BucketOpening_Pct;10.436198234558105
10661;M2TreuilBenne.Bucket.State.BucketOpening_Pct;11.329752922058105
10761;M2TreuilBenne.Bucket.State.BucketOpening_Pct;12.322590827941895
10863;M2TreuilBenne.Bucket.State.BucketOpening_Pct;13.387043952941895
10964;M2TreuilBenne.Bucket.State.BucketOpening_Pct;14.441731452941895
11065;M2TreuilBenne.Bucket.State.BucketOpening_Pct;15.496418952941895
11165;M2TreuilBenne.Bucket.State.BucketOpening_Pct;16.551107406616211
11266;M2TreuilBenne.Bucket.State.BucketOpening_Pct;17.722982406616211
11365;M2TreuilBenne.Bucket.State.BucketOpening_Pct;18.777669906616211
11465;M2TreuilBenne.Bucket.State.BucketOpening_Pct;19.949544906616211
11566;M2TreuilBenne.Bucket.State.BucketOpening_Pct;21.004232406616211
11666;M2TreuilBenne.Bucket.State.BucketOpening_Pct;22.176107406616211
11765;M2TreuilBenne.Bucket.State.BucketOpening_Pct;23.230794906616211
11866;M2TreuilBenne.Bucket.State.BucketOpening_Pct;24.402669906616211
11966;M2TreuilBenne.Bucket.State.BucketOpening_Pct;25.574544906616211
12067;M2TreuilBenne.Bucket.State.BucketOpening_Pct;26.629232406616211
12167;M2TreuilBenne.Bucket.State.BucketOpening_Pct;27.801107406616211
12267;M2TreuilBenne.Bucket.State.BucketOpening_Pct;28.855794906616211
12368;M2TreuilBenne.Bucket.State.BucketOpening_Pct;30.027669906616211
12467;M2TreuilBenne.Bucket.State.BucketOpening_Pct;31.082357406616211
12570;M2TreuilBenne.Bucket.State.BucketOpening_Pct;32.254230499267578
12669;M2TreuilBenne.Bucket.State.BucketOpening_Pct;33.308917999267578
12770;M2TreuilBenne.Bucket.State.BucketOpening_Pct;34.480792999267578
12872;M2TreuilBenne.Bucket.State.BucketOpening_Pct;35.652667999267578
12972;M2TreuilBenne.Bucket.State.BucketOpening_Pct;36.707355499267578
13073;M2TreuilBenne.Bucket.State.BucketOpening_Pct;37.762042999267578
13175;M2TreuilBenne.Bucket.State.BucketOpening_Pct;38.933917999267578
13275;M2TreuilBenne.Bucket.State.BucketOpening_Pct;40.105792999267578
13378;M2TreuilBenne.Bucket.State.BucketOpening_Pct;41.160480499267578
13478;M2TreuilBenne.Bucket.State.BucketOpening_Pct;42.332355499267578
13577;M2TreuilBenne.Bucket.State.BucketOpening_Pct;43.387042999267578
13676;M2TreuilBenne.Bucket.State.BucketOpening_Pct;44.441730499267578
13778;M2TreuilBenne.Bucket.State.BucketOpening_Pct;45.613605499267578
13878;M2TreuilBenne.Bucket.State.BucketOpening_Pct;46.668292999267578
13979;M2TreuilBenne.Bucket.State.BucketOpening_Pct;47.840167999267578
14079;M2TreuilBenne.Bucket.State.BucketOpening_Pct;48.894855499267578
14180;M2TreuilBenne.Bucket.State.BucketOpening_Pct;50.066730499267578
14280;M2TreuilBenne.Bucket.State.BucketOpening_Pct;51.121417999267578
14382;M2TreuilBenne.Bucket.State.BucketOpening_Pct;52.293292999267578
14483;M2TreuilBenne.Bucket.State.BucketOpening_Pct;53.347980499267578
14584;M2TreuilBenne.Bucket.State.BucketOpening_Pct;54.402667999267578
14685;M2TreuilBenne.Bucket.State.BucketOpening_Pct;55.574542999267578
14787;M2TreuilBenne.Bucket.State.BucketOpening_Pct;56.746417999267578
14887;M2TreuilBenne.Bucket.State.BucketOpening_Pct;57.801105499267578
14987;M2TreuilBenne.Bucket.State.BucketOpening_Pct;58.972980499267578
15086;M2TreuilBenne.Bucket.State.BucketOpening_Pct;60.027667999267578
15188;M2TreuilBenne.Bucket.State.BucketOpening_Pct;61.199542999267578
15288;M2TreuilBenne.Bucket.State.BucketOpening_Pct;62.254230499267578
15388;M2TreuilBenne.Bucket.State.BucketOpening_Pct;63.308917999267578
15487;M2TreuilBenne.Bucket.State.BucketOpening_Pct;64.480796813964844
15588;M2TreuilBenne.Bucket.State.BucketOpening_Pct;65.535484313964844
15687;M2TreuilBenne.Bucket.State.BucketOpening_Pct;66.590171813964844
15789;M2TreuilBenne.Bucket.State.BucketOpening_Pct;67.762046813964844
15890;M2TreuilBenne.Bucket.State.BucketOpening_Pct;68.816734313964844
15992;M2TreuilBenne.Bucket.State.BucketOpening_Pct;69.988609313964844
16092;M2TreuilBenne.Bucket.State.BucketOpening_Pct;71.043296813964844
16194;M2TreuilBenne.Bucket.State.BucketOpening_Pct;72.215171813964844
16293;M2TreuilBenne.Bucket.State.BucketOpening_Pct;73.269859313964844
16393;M2TreuilBenne.Bucket.State.BucketOpening_Pct;74.441734313964844
16493;M2TreuilBenne.Bucket.State.BucketOpening_Pct;75.496421813964844
16593;M2TreuilBenne.Bucket.State.BucketOpening_Pct;76.668296813964844
16693;M2TreuilBenne.Bucket.State.BucketOpening_Pct;77.722984313964844
16795;M2TreuilBenne.Bucket.State.BucketOpening_Pct;78.777671813964844
16894;M2TreuilBenne.Bucket.State.BucketOpening_Pct;79.949546813964844
16994;M2TreuilBenne.Bucket.State.BucketOpening_Pct;81.004234313964844
17094;M2TreuilBenne.Bucket.State.BucketOpening_Pct;82.058921813964844
17195;M2TreuilBenne.Bucket.State.BucketOpening_Pct;83.230796813964844
17295;M2TreuilBenne.Bucket.State.BucketOpening_Pct;84.402671813964844
17396;M2TreuilBenne.Bucket.State.BucketOpening_Pct;85.457359313964844
17498;M2TreuilBenne.Bucket.State.BucketOpening_Pct;86.629234313964844
17598;M2TreuilBenne.Bucket.State.BucketOpening_Pct;87.683921813964844
17698;M2TreuilBenne.Bucket.State.BucketOpening_Pct;88.855796813964844
17801;M2TreuilBenne.Bucket.State.BucketOpening_Pct;89.910484313964844
17900;M2TreuilBenne.Bucket.State.BucketOpening_Pct;91.082359313964844
18001;M2TreuilBenne.Bucket.State.BucketOpening_Pct;91.834312438964844
18100;M2TreuilBenne.Bucket.State.BucketOpening_Pct;92.501625061035156
18202;M2TreuilBenne.Bucket.State.BucketOpening_Pct;93.102210998535156
18304;M2TreuilBenne.Bucket.State.BucketOpening_Pct;93.302406311035156
18404;M2TreuilBenne.Bucket.State.BucketOpening_Pct;93.302406311035156
18505;M2TreuilBenne.Bucket.State.BucketOpening_Pct;93.302406311035156
18605;M2TreuilBenne.Bucket.State.BucketOpening_Pct;93.302406311035156
18706;M2TreuilBenne.Bucket.State.BucketOpening_Pct;93.302406311035156
18805;M2TreuilBenne.Bucket.State.BucketOpening_Pct;93.302406311035156
18905;M2TreuilBenne.Bucket.State.BucketOpening_Pct;93.302406311035156
19007;M2TreuilBenne.Bucket.State.BucketOpening_Pct;93.302406311035156
19106;M2TreuilBenne.Bucket.State.BucketOpening_Pct;93.302406311035156
19207;M2TreuilBenne.Bucket.State.BucketOpening_Pct;93.302406311035156
19306;M2TreuilBenne.Bucket.State.BucketOpening_Pct;93.302406311035156
19407;M2TreuilBenne.Bucket.State.BucketOpening_Pct;93.302406311035156
19508;M2TreuilBenne.Bucket.State.BucketOpening_Pct;93.302406311035156
19607;M2TreuilBenne.Bucket.State.BucketOpening_Pct;93.302406311035156
19707;M2TreuilBenne.Bucket.State.BucketOpening_Pct;93.302406311035156
19810;M2TreuilBenne.Bucket.State.BucketOpening_Pct;93.302406311035156
19911;M2TreuilBenne.Bucket.State.BucketOpening_Pct;93.302406311035156
20012;M2TreuilBenne.Bucket.State.BucketOpening_Pct;93.302406311035156
20113;M2TreuilBenne.Bucket.State.BucketOpening_Pct;93.302406311035156
20212;M2TreuilBenne.Bucket.State.BucketOpening_Pct;93.302406311035156
20313;M2TreuilBenne.Bucket.State.BucketOpening_Pct;93.302406311035156
20415;M2TreuilBenne.Bucket.State.BucketOpening_Pct;93.302406311035156
20516;M2TreuilBenne.Bucket.State.BucketOpening_Pct;93.302406311035156
20616;M2TreuilBenne.Bucket.State.BucketOpening_Pct;93.302406311035156
20718;M2TreuilBenne.Bucket.State.BucketOpening_Pct;93.302406311035156
20818;M2TreuilBenne.Bucket.State.BucketOpening_Pct;93.302406311035156
20920;M2TreuilBenne.Bucket.State.BucketOpening_Pct;93.302406311035156
21020;M2TreuilBenne.Bucket.State.BucketOpening_Pct;93.302406311035156
21121;M2TreuilBenne.Bucket.State.BucketOpening_Pct;93.302406311035156
21221;M2TreuilBenne.Bucket.State.BucketOpening_Pct;93.302406311035156
21323;M2TreuilBenne.Bucket.State.BucketOpening_Pct;93.302406311035156
21424;M2TreuilBenne.Bucket.State.BucketOpening_Pct;93.302406311035156
21524;M2TreuilBenne.Bucket.State.BucketOpening_Pct;93.302406311035156
21625;M2TreuilBenne.Bucket.State.BucketOpening_Pct;93.302406311035156
21724;M2TreuilBenne.Bucket.State.BucketOpening_Pct;93.302406311035156
21825;M2TreuilBenne.Bucket.State.BucketOpening_Pct;93.302406311035156
21924;M2TreuilBenne.Bucket.State.BucketOpening_Pct;93.302406311035156
22026;M2TreuilBenne.Bucket.State.BucketOpening_Pct;93.302406311035156
22126;M2TreuilBenne.Bucket.State.BucketOpening_Pct;93.302406311035156
22226;M2TreuilBenne.Bucket.State.BucketOpening_Pct;93.636070251464844
22327;M2TreuilBenne.Bucket.State.BucketOpening_Pct;93.702796936035156
22426;M2TreuilBenne.Bucket.State.BucketOpening_Pct;93.702796936035156
22528;M2TreuilBenne.Bucket.State.BucketOpening_Pct;93.702796936035156
22628;M2TreuilBenne.Bucket.State.BucketOpening_Pct;93.702796936035156
22727;M2TreuilBenne.Bucket.State.BucketOpening_Pct;93.702796936035156
22827;M2TreuilBenne.Bucket.State.BucketOpening_Pct;93.702796936035156
22930;M2TreuilBenne.Bucket.State.BucketOpening_Pct;93.702796936035156
23030;M2TreuilBenne.Bucket.State.BucketOpening_Pct;93.702796936035156
23130;M2TreuilBenne.Bucket.State.BucketOpening_Pct;93.702796936035156
23231;M2TreuilBenne.Bucket.State.BucketOpening_Pct;93.702796936035156
23333;M2TreuilBenne.Bucket.State.BucketOpening_Pct;93.702796936035156
23433;M2TreuilBenne.Bucket.State.BucketOpening_Pct;93.702796936035156
23534;M2TreuilBenne.Bucket.State.BucketOpening_Pct;93.702796936035156
23635;M2TreuilBenne.Bucket.State.BucketOpening_Pct;93.702796936035156
23735;M2TreuilBenne.Bucket.State.BucketOpening_Pct;93.702796936035156
23836;M2TreuilBenne.Bucket.State.BucketOpening_Pct;93.702796936035156
23936;M2TreuilBenne.Bucket.State.BucketOpening_Pct;93.702796936035156
24037;M2TreuilBenne.Bucket.State.BucketOpening_Pct;93.702796936035156
24137;M2TreuilBenne.Bucket.State.BucketOpening_Pct;93.702796936035156
24236;M2TreuilBenne.Bucket.State.BucketOpening_Pct;93.702796936035156
24337;M2TreuilBenne.Bucket.State.BucketOpening_Pct;93.702796936035156
24437;M2TreuilBenne.Bucket.State.BucketOpening_Pct;93.702796936035156
24538;M2TreuilBenne.Bucket.State.BucketOpening_Pct;93.702796936035156
24639;M2TreuilBenne.Bucket.State.BucketOpening_Pct;93.702796936035156
24740;M2TreuilBenne.Bucket.State.BucketOpening_Pct;93.702796936035156
24839;M2TreuilBenne.Bucket.State.BucketOpening_Pct;93.702796936035156
24942;M2TreuilBenne.Bucket.State.BucketOpening_Pct;93.702796936035156
25042;M2TreuilBenne.Bucket.State.BucketOpening_Pct;93.702796936035156
25143;M2TreuilBenne.Bucket.State.BucketOpening_Pct;93.702796936035156
25243;M2TreuilBenne.Bucket.State.BucketOpening_Pct;93.702796936035156
25345;M2TreuilBenne.Bucket.State.BucketOpening_Pct;93.702796936035156
25446;M2TreuilBenne.Bucket.State.BucketOpening_Pct;93.702796936035156
25546;M2TreuilBenne.Bucket.State.BucketOpening_Pct;93.702796936035156
25646;M2TreuilBenne.Bucket.State.BucketOpening_Pct;93.702796936035156
25748;M2TreuilBenne.Bucket.State.BucketOpening_Pct;93.702796936035156
25848;M2TreuilBenne.Bucket.State.BucketOpening_Pct;93.702796936035156
25949;M2TreuilBenne.Bucket.State.BucketOpening_Pct;93.702796936035156
26050;M2TreuilBenne.Bucket.State.BucketOpening_Pct;93.702796936035156
26151;M2TreuilBenne.Bucket.State.BucketOpening_Pct;93.702796936035156
26252;M2TreuilBenne.Bucket.State.BucketOpening_Pct;93.702796936035156
26351;M2TreuilBenne.Bucket.State.BucketOpening_Pct;93.702796936035156
26453;M2TreuilBenne.Bucket.State.BucketOpening_Pct;93.702796936035156
26552;M2TreuilBenne.Bucket.State.BucketOpening_Pct;93.702796936035156
26653;M2TreuilBenne.Bucket.State.BucketOpening_Pct;93.702796936035156
26756;M2TreuilBenne.Bucket.State.BucketOpening_Pct;93.702796936035156
26856;M2TreuilBenne.Bucket.State.BucketOpening_Pct;93.702796936035156
26955;M2TreuilBenne.Bucket.State.BucketOpening_Pct;93.702796936035156
27056;M2TreuilBenne.Bucket.State.BucketOpening_Pct;93.702796936035156
27156;M2TreuilBenne.Bucket.State.BucketOpening_Pct;93.702796936035156
27257;M2TreuilBenne.Bucket.State.BucketOpening_Pct;93.702796936035156
27357;M2TreuilBenne.Bucket.State.BucketOpening_Pct;93.702796936035156
27459;M2TreuilBenne.Bucket.State.BucketOpening_Pct;93.702796936035156
27560;M2TreuilBenne.Bucket.State.BucketOpening_Pct;93.702796936035156
27661;M2TreuilBenne.Bucket.State.BucketOpening_Pct;93.702796936035156
27761;M2TreuilBenne.Bucket.State.BucketOpening_Pct;93.702796936035156
27862;M2TreuilBenne.Bucket.State.BucketOpening_Pct;93.702796936035156
27963;M2TreuilBenne.Bucket.State.BucketOpening_Pct;93.702796936035156
28063;M2TreuilBenne.Bucket.State.BucketOpening_Pct;93.702796936035156
28164;M2TreuilBenne.Bucket.State.BucketOpening_Pct;93.702796936035156
28264;M2TreuilBenne.Bucket.State.BucketOpening_Pct;93.702796936035156
28363;M2TreuilBenne.Bucket.State.BucketOpening_Pct;93.702796936035156
28464;M2TreuilBenne.Bucket.State.BucketOpening_Pct;93.702796936035156
28566;M2TreuilBenne.Bucket.State.BucketOpening_Pct;93.702796936035156
28668;M2TreuilBenne.Bucket.State.BucketOpening_Pct;93.702796936035156
28768;M2TreuilBenne.Bucket.State.BucketOpening_Pct;93.702796936035156
28870;M2TreuilBenne.Bucket.State.BucketOpening_Pct;93.702796936035156
28969;M2TreuilBenne.Bucket.State.BucketOpening_Pct;93.702796936035156
29069;M2TreuilBenne.Bucket.State.BucketOpening_Pct;93.702796936035156
29171;M2TreuilBenne.Bucket.State.BucketOpening_Pct;93.702796936035156
29272;M2TreuilBenne.Bucket.State.BucketOpening_Pct;93.702796936035156
29371;M2TreuilBenne.Bucket.State.BucketOpening_Pct;93.702796936035156
29473;M2TreuilBenne.Bucket.State.BucketOpening_Pct;93.702796936035156
29572;M2TreuilBenne.Bucket.State.BucketOpening_Pct;93.702796936035156
29672;M2TreuilBenne.Bucket.State.BucketOpening_Pct;93.702796936035156
29773;M2TreuilBenne.Bucket.State.BucketOpening_Pct;93.702796936035156
29872;M2TreuilBenne.Bucket.State.BucketOpening_Pct;93.702796936035156
29972;M2TreuilBenne.Bucket.State.BucketOpening_Pct;93.702796936035156
30072;M2TreuilBenne.Bucket.State.BucketOpening_Pct;93.702796936035156
30173;M2TreuilBenne.Bucket.State.BucketOpening_Pct;93.702796936035156
30275;M2TreuilBenne.Bucket.State.BucketOpening_Pct;93.702796936035156
30377;M2TreuilBenne.Bucket.State.BucketOpening_Pct;93.702796936035156
30476;M2TreuilBenne.Bucket.State.BucketOpening_Pct;93.702796936035156
30576;M2TreuilBenne.Bucket.State.BucketOpening_Pct;93.702796936035156
30676;M2TreuilBenne.Bucket.State.BucketOpening_Pct;93.702796936035156
30776;M2TreuilBenne.Bucket.State.BucketOpening_Pct;93.702796936035156
30877;M2TreuilBenne.Bucket.State.BucketOpening_Pct;93.702796936035156
30978;M2TreuilBenne.Bucket.State.BucketOpening_Pct;93.702796936035156
31078;M2TreuilBenne.Bucket.State.BucketOpening_Pct;93.702796936035156
31179;M2TreuilBenne.Bucket.State.BucketOpening_Pct;93.702796936035156
31280;M2TreuilBenne.Bucket.State.BucketOpening_Pct;93.702796936035156
31380;M2TreuilBenne.Bucket.State.BucketOpening_Pct;93.702796936035156
31480;M2TreuilBenne.Bucket.State.BucketOpening_Pct;93.702796936035156
31581;M2TreuilBenne.Bucket.State.BucketOpening_Pct;93.702796936035156
31681;M2TreuilBenne.Bucket.State.BucketOpening_Pct;93.702796936035156
3;PRG_04_Treuils_Benne.Data.ArmingPermit;1
104;PRG_04_Treuils_Benne.Data.ArmingPermit;1
204;PRG_04_Treuils_Benne.Data.ArmingPermit;1
305;PRG_04_Treuils_Benne.Data.ArmingPermit;1
406;PRG_04_Treuils_Benne.Data.ArmingPermit;1
507;PRG_04_Treuils_Benne.Data.ArmingPermit;1
607;PRG_04_Treuils_Benne.Data.ArmingPermit;1
708;PRG_04_Treuils_Benne.Data.ArmingPermit;1
809;PRG_04_Treuils_Benne.Data.ArmingPermit;1
909;PRG_04_Treuils_Benne.Data.ArmingPermit;1
1009;PRG_04_Treuils_Benne.Data.ArmingPermit;1
1110;PRG_04_Treuils_Benne.Data.ArmingPermit;1
1210;PRG_04_Treuils_Benne.Data.ArmingPermit;1
1310;PRG_04_Treuils_Benne.Data.ArmingPermit;1
1411;PRG_04_Treuils_Benne.Data.ArmingPermit;1
1513;PRG_04_Treuils_Benne.Data.ArmingPermit;1
1613;PRG_04_Treuils_Benne.Data.ArmingPermit;1
1713;PRG_04_Treuils_Benne.Data.ArmingPermit;1
1814;PRG_04_Treuils_Benne.Data.ArmingPermit;1
1914;PRG_04_Treuils_Benne.Data.ArmingPermit;1
2015;PRG_04_Treuils_Benne.Data.ArmingPermit;1
2115;PRG_04_Treuils_Benne.Data.ArmingPermit;1
2216;PRG_04_Treuils_Benne.Data.ArmingPermit;1
2318;PRG_04_Treuils_Benne.Data.ArmingPermit;1
2419;PRG_04_Treuils_Benne.Data.ArmingPermit;1
2519;PRG_04_Treuils_Benne.Data.ArmingPermit;1
2620;PRG_04_Treuils_Benne.Data.ArmingPermit;1
2722;PRG_04_Treuils_Benne.Data.ArmingPermit;1
2821;PRG_04_Treuils_Benne.Data.ArmingPermit;1
2921;PRG_04_Treuils_Benne.Data.ArmingPermit;1
3022;PRG_04_Treuils_Benne.Data.ArmingPermit;1
3123;PRG_04_Treuils_Benne.Data.ArmingPermit;1
3224;PRG_04_Treuils_Benne.Data.ArmingPermit;1
3326;PRG_04_Treuils_Benne.Data.ArmingPermit;1
3426;PRG_04_Treuils_Benne.Data.ArmingPermit;1
3527;PRG_04_Treuils_Benne.Data.ArmingPermit;1
3626;PRG_04_Treuils_Benne.Data.ArmingPermit;1
3726;PRG_04_Treuils_Benne.Data.ArmingPermit;1
3827;PRG_04_Treuils_Benne.Data.ArmingPermit;1
3929;PRG_04_Treuils_Benne.Data.ArmingPermit;1
4028;PRG_04_Treuils_Benne.Data.ArmingPermit;1
4129;PRG_04_Treuils_Benne.Data.ArmingPermit;1
4229;PRG_04_Treuils_Benne.Data.ArmingPermit;1
4329;PRG_04_Treuils_Benne.Data.ArmingPermit;1
4431;PRG_04_Treuils_Benne.Data.ArmingPermit;1
4530;PRG_04_Treuils_Benne.Data.ArmingPermit;1
4630;PRG_04_Treuils_Benne.Data.ArmingPermit;1
4732;PRG_04_Treuils_Benne.Data.ArmingPermit;1
4832;PRG_04_Treuils_Benne.Data.ArmingPermit;1
4933;PRG_04_Treuils_Benne.Data.ArmingPermit;1
5034;PRG_04_Treuils_Benne.Data.ArmingPermit;1
5135;PRG_04_Treuils_Benne.Data.ArmingPermit;1
5236;PRG_04_Treuils_Benne.Data.ArmingPermit;1
5336;PRG_04_Treuils_Benne.Data.ArmingPermit;1
5436;PRG_04_Treuils_Benne.Data.ArmingPermit;1
5536;PRG_04_Treuils_Benne.Data.ArmingPermit;1
5637;PRG_04_Treuils_Benne.Data.ArmingPermit;1
5737;PRG_04_Treuils_Benne.Data.ArmingPermit;1
5837;PRG_04_Treuils_Benne.Data.ArmingPermit;1
5937;PRG_04_Treuils_Benne.Data.ArmingPermit;1
6039;PRG_04_Treuils_Benne.Data.ArmingPermit;1
6139;PRG_04_Treuils_Benne.Data.ArmingPermit;1
6240;PRG_04_Treuils_Benne.Data.ArmingPermit;1
6342;PRG_04_Treuils_Benne.Data.ArmingPermit;1
6442;PRG_04_Treuils_Benne.Data.ArmingPermit;1
6543;PRG_04_Treuils_Benne.Data.ArmingPermit;1
6645;PRG_04_Treuils_Benne.Data.ArmingPermit;1
6746;PRG_04_Treuils_Benne.Data.ArmingPermit;1
6846;PRG_04_Treuils_Benne.Data.ArmingPermit;1
6946;PRG_04_Treuils_Benne.Data.ArmingPermit;1
7047;PRG_04_Treuils_Benne.Data.ArmingPermit;1
7148;PRG_04_Treuils_Benne.Data.ArmingPermit;1
7250;PRG_04_Treuils_Benne.Data.ArmingPermit;1
7349;PRG_04_Treuils_Benne.Data.ArmingPermit;1
7450;PRG_04_Treuils_Benne.Data.ArmingPermit;1
7550;PRG_04_Treuils_Benne.Data.ArmingPermit;1
7650;PRG_04_Treuils_Benne.Data.ArmingPermit;1
7751;PRG_04_Treuils_Benne.Data.ArmingPermit;1
7851;PRG_04_Treuils_Benne.Data.ArmingPermit;1
7953;PRG_04_Treuils_Benne.Data.ArmingPermit;1
8054;PRG_04_Treuils_Benne.Data.ArmingPermit;1
8154;PRG_04_Treuils_Benne.Data.ArmingPermit;1
8254;PRG_04_Treuils_Benne.Data.ArmingPermit;1
8355;PRG_04_Treuils_Benne.Data.ArmingPermit;1
8454;PRG_04_Treuils_Benne.Data.ArmingPermit;1
8554;PRG_04_Treuils_Benne.Data.ArmingPermit;1
8654;PRG_04_Treuils_Benne.Data.ArmingPermit;1
8754;PRG_04_Treuils_Benne.Data.ArmingPermit;1
8854;PRG_04_Treuils_Benne.Data.ArmingPermit;1
8954;PRG_04_Treuils_Benne.Data.ArmingPermit;1
9055;PRG_04_Treuils_Benne.Data.ArmingPermit;1
9155;PRG_04_Treuils_Benne.Data.ArmingPermit;1
9256;PRG_04_Treuils_Benne.Data.ArmingPermit;1
9357;PRG_04_Treuils_Benne.Data.ArmingPermit;1
9457;PRG_04_Treuils_Benne.Data.ArmingPermit;1
9557;PRG_04_Treuils_Benne.Data.ArmingPermit;1
9658;PRG_04_Treuils_Benne.Data.ArmingPermit;1
9758;PRG_04_Treuils_Benne.Data.ArmingPermit;1
9858;PRG_04_Treuils_Benne.Data.ArmingPermit;1
9958;PRG_04_Treuils_Benne.Data.ArmingPermit;1
10059;PRG_04_Treuils_Benne.Data.ArmingPermit;1
10160;PRG_04_Treuils_Benne.Data.ArmingPermit;1
10259;PRG_04_Treuils_Benne.Data.ArmingPermit;1
10360;PRG_04_Treuils_Benne.Data.ArmingPermit;1
10461;PRG_04_Treuils_Benne.Data.ArmingPermit;1
10562;PRG_04_Treuils_Benne.Data.ArmingPermit;1
10661;PRG_04_Treuils_Benne.Data.ArmingPermit;1
10761;PRG_04_Treuils_Benne.Data.ArmingPermit;1
10863;PRG_04_Treuils_Benne.Data.ArmingPermit;1
10964;PRG_04_Treuils_Benne.Data.ArmingPermit;1
11065;PRG_04_Treuils_Benne.Data.ArmingPermit;1
11165;PRG_04_Treuils_Benne.Data.ArmingPermit;1
11266;PRG_04_Treuils_Benne.Data.ArmingPermit;1
11365;PRG_04_Treuils_Benne.Data.ArmingPermit;1
11465;PRG_04_Treuils_Benne.Data.ArmingPermit;1
11566;PRG_04_Treuils_Benne.Data.ArmingPermit;1
11666;PRG_04_Treuils_Benne.Data.ArmingPermit;1
11765;PRG_04_Treuils_Benne.Data.ArmingPermit;1
11866;PRG_04_Treuils_Benne.Data.ArmingPermit;1
11966;PRG_04_Treuils_Benne.Data.ArmingPermit;1
12067;PRG_04_Treuils_Benne.Data.ArmingPermit;1
12167;PRG_04_Treuils_Benne.Data.ArmingPermit;1
12267;PRG_04_Treuils_Benne.Data.ArmingPermit;1
12368;PRG_04_Treuils_Benne.Data.ArmingPermit;1
12467;PRG_04_Treuils_Benne.Data.ArmingPermit;1
12570;PRG_04_Treuils_Benne.Data.ArmingPermit;1
12669;PRG_04_Treuils_Benne.Data.ArmingPermit;1
12770;PRG_04_Treuils_Benne.Data.ArmingPermit;1
12872;PRG_04_Treuils_Benne.Data.ArmingPermit;1
12972;PRG_04_Treuils_Benne.Data.ArmingPermit;1
13073;PRG_04_Treuils_Benne.Data.ArmingPermit;1
13175;PRG_04_Treuils_Benne.Data.ArmingPermit;1
13275;PRG_04_Treuils_Benne.Data.ArmingPermit;1
13378;PRG_04_Treuils_Benne.Data.ArmingPermit;1
13478;PRG_04_Treuils_Benne.Data.ArmingPermit;1
13577;PRG_04_Treuils_Benne.Data.ArmingPermit;1
13676;PRG_04_Treuils_Benne.Data.ArmingPermit;1
13778;PRG_04_Treuils_Benne.Data.ArmingPermit;1
13878;PRG_04_Treuils_Benne.Data.ArmingPermit;1
13979;PRG_04_Treuils_Benne.Data.ArmingPermit;1
14079;PRG_04_Treuils_Benne.Data.ArmingPermit;1
14180;PRG_04_Treuils_Benne.Data.ArmingPermit;1
14280;PRG_04_Treuils_Benne.Data.ArmingPermit;1
14382;PRG_04_Treuils_Benne.Data.ArmingPermit;1
14483;PRG_04_Treuils_Benne.Data.ArmingPermit;1
14584;PRG_04_Treuils_Benne.Data.ArmingPermit;1
14685;PRG_04_Treuils_Benne.Data.ArmingPermit;1
14787;PRG_04_Treuils_Benne.Data.ArmingPermit;1
14887;PRG_04_Treuils_Benne.Data.ArmingPermit;1
14987;PRG_04_Treuils_Benne.Data.ArmingPermit;1
15086;PRG_04_Treuils_Benne.Data.ArmingPermit;1
15188;PRG_04_Treuils_Benne.Data.ArmingPermit;1
15288;PRG_04_Treuils_Benne.Data.ArmingPermit;1
15388;PRG_04_Treuils_Benne.Data.ArmingPermit;1
15487;PRG_04_Treuils_Benne.Data.ArmingPermit;1
15588;PRG_04_Treuils_Benne.Data.ArmingPermit;1
15687;PRG_04_Treuils_Benne.Data.ArmingPermit;1
15789;PRG_04_Treuils_Benne.Data.ArmingPermit;1
15890;PRG_04_Treuils_Benne.Data.ArmingPermit;1
15992;PRG_04_Treuils_Benne.Data.ArmingPermit;1
16092;PRG_04_Treuils_Benne.Data.ArmingPermit;1
16194;PRG_04_Treuils_Benne.Data.ArmingPermit;1
16293;PRG_04_Treuils_Benne.Data.ArmingPermit;1
16393;PRG_04_Treuils_Benne.Data.ArmingPermit;1
16493;PRG_04_Treuils_Benne.Data.ArmingPermit;1
16593;PRG_04_Treuils_Benne.Data.ArmingPermit;1
16693;PRG_04_Treuils_Benne.Data.ArmingPermit;1
16795;PRG_04_Treuils_Benne.Data.ArmingPermit;1
16894;PRG_04_Treuils_Benne.Data.ArmingPermit;1
16994;PRG_04_Treuils_Benne.Data.ArmingPermit;1
17094;PRG_04_Treuils_Benne.Data.ArmingPermit;1
17195;PRG_04_Treuils_Benne.Data.ArmingPermit;1
17295;PRG_04_Treuils_Benne.Data.ArmingPermit;1
17396;PRG_04_Treuils_Benne.Data.ArmingPermit;1
17498;PRG_04_Treuils_Benne.Data.ArmingPermit;1
17598;PRG_04_Treuils_Benne.Data.ArmingPermit;1
17698;PRG_04_Treuils_Benne.Data.ArmingPermit;1
17801;PRG_04_Treuils_Benne.Data.ArmingPermit;1
17900;PRG_04_Treuils_Benne.Data.ArmingPermit;1
18001;PRG_04_Treuils_Benne.Data.ArmingPermit;1
18100;PRG_04_Treuils_Benne.Data.ArmingPermit;1
18202;PRG_04_Treuils_Benne.Data.ArmingPermit;1
18304;PRG_04_Treuils_Benne.Data.ArmingPermit;1
18404;PRG_04_Treuils_Benne.Data.ArmingPermit;1
18505;PRG_04_Treuils_Benne.Data.ArmingPermit;1
18605;PRG_04_Treuils_Benne.Data.ArmingPermit;1
18706;PRG_04_Treuils_Benne.Data.ArmingPermit;1
18805;PRG_04_Treuils_Benne.Data.ArmingPermit;1
18905;PRG_04_Treuils_Benne.Data.ArmingPermit;1
19007;PRG_04_Treuils_Benne.Data.ArmingPermit;1
19106;PRG_04_Treuils_Benne.Data.ArmingPermit;1
19207;PRG_04_Treuils_Benne.Data.ArmingPermit;1
19306;PRG_04_Treuils_Benne.Data.ArmingPermit;1
19407;PRG_04_Treuils_Benne.Data.ArmingPermit;1
19508;PRG_04_Treuils_Benne.Data.ArmingPermit;1
19607;PRG_04_Treuils_Benne.Data.ArmingPermit;1
19707;PRG_04_Treuils_Benne.Data.ArmingPermit;1
19810;PRG_04_Treuils_Benne.Data.ArmingPermit;1
19911;PRG_04_Treuils_Benne.Data.ArmingPermit;1
20012;PRG_04_Treuils_Benne.Data.ArmingPermit;1
20113;PRG_04_Treuils_Benne.Data.ArmingPermit;1
20212;PRG_04_Treuils_Benne.Data.ArmingPermit;1
20313;PRG_04_Treuils_Benne.Data.ArmingPermit;1
20415;PRG_04_Treuils_Benne.Data.ArmingPermit;1
20516;PRG_04_Treuils_Benne.Data.ArmingPermit;1
20616;PRG_04_Treuils_Benne.Data.ArmingPermit;1
20718;PRG_04_Treuils_Benne.Data.ArmingPermit;1
20818;PRG_04_Treuils_Benne.Data.ArmingPermit;1
20920;PRG_04_Treuils_Benne.Data.ArmingPermit;1
21020;PRG_04_Treuils_Benne.Data.ArmingPermit;1
21121;PRG_04_Treuils_Benne.Data.ArmingPermit;1
21221;PRG_04_Treuils_Benne.Data.ArmingPermit;1
21323;PRG_04_Treuils_Benne.Data.ArmingPermit;1
21424;PRG_04_Treuils_Benne.Data.ArmingPermit;1
21524;PRG_04_Treuils_Benne.Data.ArmingPermit;1
21625;PRG_04_Treuils_Benne.Data.ArmingPermit;1
21724;PRG_04_Treuils_Benne.Data.ArmingPermit;1
21825;PRG_04_Treuils_Benne.Data.ArmingPermit;1
21924;PRG_04_Treuils_Benne.Data.ArmingPermit;1
22026;PRG_04_Treuils_Benne.Data.ArmingPermit;1
22126;PRG_04_Treuils_Benne.Data.ArmingPermit;1
22226;PRG_04_Treuils_Benne.Data.ArmingPermit;1
22327;PRG_04_Treuils_Benne.Data.ArmingPermit;1
22426;PRG_04_Treuils_Benne.Data.ArmingPermit;1
22528;PRG_04_Treuils_Benne.Data.ArmingPermit;1
22628;PRG_04_Treuils_Benne.Data.ArmingPermit;1
22727;PRG_04_Treuils_Benne.Data.ArmingPermit;1
22827;PRG_04_Treuils_Benne.Data.ArmingPermit;1
22930;PRG_04_Treuils_Benne.Data.ArmingPermit;1
23030;PRG_04_Treuils_Benne.Data.ArmingPermit;1
23130;PRG_04_Treuils_Benne.Data.ArmingPermit;1
23231;PRG_04_Treuils_Benne.Data.ArmingPermit;1
23333;PRG_04_Treuils_Benne.Data.ArmingPermit;1
23433;PRG_04_Treuils_Benne.Data.ArmingPermit;1
23534;PRG_04_Treuils_Benne.Data.ArmingPermit;1
23635;PRG_04_Treuils_Benne.Data.ArmingPermit;1
23735;PRG_04_Treuils_Benne.Data.ArmingPermit;1
23836;PRG_04_Treuils_Benne.Data.ArmingPermit;1
23936;PRG_04_Treuils_Benne.Data.ArmingPermit;1
24037;PRG_04_Treuils_Benne.Data.ArmingPermit;1
24137;PRG_04_Treuils_Benne.Data.ArmingPermit;1
24236;PRG_04_Treuils_Benne.Data.ArmingPermit;1
24337;PRG_04_Treuils_Benne.Data.ArmingPermit;1
24437;PRG_04_Treuils_Benne.Data.ArmingPermit;1
24538;PRG_04_Treuils_Benne.Data.ArmingPermit;1
24639;PRG_04_Treuils_Benne.Data.ArmingPermit;1
24740;PRG_04_Treuils_Benne.Data.ArmingPermit;1
24839;PRG_04_Treuils_Benne.Data.ArmingPermit;1
24942;PRG_04_Treuils_Benne.Data.ArmingPermit;1
25042;PRG_04_Treuils_Benne.Data.ArmingPermit;1
25143;PRG_04_Treuils_Benne.Data.ArmingPermit;1
25243;PRG_04_Treuils_Benne.Data.ArmingPermit;1
25345;PRG_04_Treuils_Benne.Data.ArmingPermit;1
25446;PRG_04_Treuils_Benne.Data.ArmingPermit;1
25546;PRG_04_Treuils_Benne.Data.ArmingPermit;1
25646;PRG_04_Treuils_Benne.Data.ArmingPermit;1
25748;PRG_04_Treuils_Benne.Data.ArmingPermit;1
25848;PRG_04_Treuils_Benne.Data.ArmingPermit;1
25949;PRG_04_Treuils_Benne.Data.ArmingPermit;1
26050;PRG_04_Treuils_Benne.Data.ArmingPermit;1
26151;PRG_04_Treuils_Benne.Data.ArmingPermit;1
26252;PRG_04_Treuils_Benne.Data.ArmingPermit;1
26351;PRG_04_Treuils_Benne.Data.ArmingPermit;1
26453;PRG_04_Treuils_Benne.Data.ArmingPermit;1
26552;PRG_04_Treuils_Benne.Data.ArmingPermit;1
26653;PRG_04_Treuils_Benne.Data.ArmingPermit;1
26756;PRG_04_Treuils_Benne.Data.ArmingPermit;1
26856;PRG_04_Treuils_Benne.Data.ArmingPermit;1
26955;PRG_04_Treuils_Benne.Data.ArmingPermit;1
27056;PRG_04_Treuils_Benne.Data.ArmingPermit;1
27156;PRG_04_Treuils_Benne.Data.ArmingPermit;1
27257;PRG_04_Treuils_Benne.Data.ArmingPermit;1
27357;PRG_04_Treuils_Benne.Data.ArmingPermit;1
27459;PRG_04_Treuils_Benne.Data.ArmingPermit;1
27560;PRG_04_Treuils_Benne.Data.ArmingPermit;1
27661;PRG_04_Treuils_Benne.Data.ArmingPermit;1
27761;PRG_04_Treuils_Benne.Data.ArmingPermit;1
27862;PRG_04_Treuils_Benne.Data.ArmingPermit;1
27963;PRG_04_Treuils_Benne.Data.ArmingPermit;1
28063;PRG_04_Treuils_Benne.Data.ArmingPermit;1
28164;PRG_04_Treuils_Benne.Data.ArmingPermit;1
28264;PRG_04_Treuils_Benne.Data.ArmingPermit;1
28363;PRG_04_Treuils_Benne.Data.ArmingPermit;1
28464;PRG_04_Treuils_Benne.Data.ArmingPermit;1
28566;PRG_04_Treuils_Benne.Data.ArmingPermit;1
28668;PRG_04_Treuils_Benne.Data.ArmingPermit;1
28768;PRG_04_Treuils_Benne.Data.ArmingPermit;1
28870;PRG_04_Treuils_Benne.Data.ArmingPermit;1
28969;PRG_04_Treuils_Benne.Data.ArmingPermit;1
29069;PRG_04_Treuils_Benne.Data.ArmingPermit;1
29171;PRG_04_Treuils_Benne.Data.ArmingPermit;1
29272;PRG_04_Treuils_Benne.Data.ArmingPermit;1
29371;PRG_04_Treuils_Benne.Data.ArmingPermit;1
29473;PRG_04_Treuils_Benne.Data.ArmingPermit;1
29572;PRG_04_Treuils_Benne.Data.ArmingPermit;1
29672;PRG_04_Treuils_Benne.Data.ArmingPermit;1
29773;PRG_04_Treuils_Benne.Data.ArmingPermit;1
29872;PRG_04_Treuils_Benne.Data.ArmingPermit;1
29972;PRG_04_Treuils_Benne.Data.ArmingPermit;1
30072;PRG_04_Treuils_Benne.Data.ArmingPermit;1
30173;PRG_04_Treuils_Benne.Data.ArmingPermit;1
30275;PRG_04_Treuils_Benne.Data.ArmingPermit;1
30377;PRG_04_Treuils_Benne.Data.ArmingPermit;1
30476;PRG_04_Treuils_Benne.Data.ArmingPermit;1
30576;PRG_04_Treuils_Benne.Data.ArmingPermit;1
30676;PRG_04_Treuils_Benne.Data.ArmingPermit;1
30776;PRG_04_Treuils_Benne.Data.ArmingPermit;1
30877;PRG_04_Treuils_Benne.Data.ArmingPermit;1
30978;PRG_04_Treuils_Benne.Data.ArmingPermit;1
31078;PRG_04_Treuils_Benne.Data.ArmingPermit;1
31179;PRG_04_Treuils_Benne.Data.ArmingPermit;1
31280;PRG_04_Treuils_Benne.Data.ArmingPermit;1
31380;PRG_04_Treuils_Benne.Data.ArmingPermit;1
31480;PRG_04_Treuils_Benne.Data.ArmingPermit;1
31581;PRG_04_Treuils_Benne.Data.ArmingPermit;1
31681;PRG_04_Treuils_Benne.Data.ArmingPermit;1
3;PRG_05_Translation.TranslationFinalInterlockRequest.ReqTremieSemantic;0
104;PRG_05_Translation.TranslationFinalInterlockRequest.ReqTremieSemantic;0
204;PRG_05_Translation.TranslationFinalInterlockRequest.ReqTremieSemantic;0
305;PRG_05_Translation.TranslationFinalInterlockRequest.ReqTremieSemantic;0
406;PRG_05_Translation.TranslationFinalInterlockRequest.ReqTremieSemantic;0
507;PRG_05_Translation.TranslationFinalInterlockRequest.ReqTremieSemantic;0
607;PRG_05_Translation.TranslationFinalInterlockRequest.ReqTremieSemantic;0
708;PRG_05_Translation.TranslationFinalInterlockRequest.ReqTremieSemantic;0
809;PRG_05_Translation.TranslationFinalInterlockRequest.ReqTremieSemantic;0
909;PRG_05_Translation.TranslationFinalInterlockRequest.ReqTremieSemantic;0
1009;PRG_05_Translation.TranslationFinalInterlockRequest.ReqTremieSemantic;0
1110;PRG_05_Translation.TranslationFinalInterlockRequest.ReqTremieSemantic;0
1210;PRG_05_Translation.TranslationFinalInterlockRequest.ReqTremieSemantic;0
1310;PRG_05_Translation.TranslationFinalInterlockRequest.ReqTremieSemantic;0
1411;PRG_05_Translation.TranslationFinalInterlockRequest.ReqTremieSemantic;0
1513;PRG_05_Translation.TranslationFinalInterlockRequest.ReqTremieSemantic;0
1613;PRG_05_Translation.TranslationFinalInterlockRequest.ReqTremieSemantic;0
1713;PRG_05_Translation.TranslationFinalInterlockRequest.ReqTremieSemantic;0
1814;PRG_05_Translation.TranslationFinalInterlockRequest.ReqTremieSemantic;0
1914;PRG_05_Translation.TranslationFinalInterlockRequest.ReqTremieSemantic;0
2015;PRG_05_Translation.TranslationFinalInterlockRequest.ReqTremieSemantic;0
2115;PRG_05_Translation.TranslationFinalInterlockRequest.ReqTremieSemantic;0
2216;PRG_05_Translation.TranslationFinalInterlockRequest.ReqTremieSemantic;0
2318;PRG_05_Translation.TranslationFinalInterlockRequest.ReqTremieSemantic;0
2419;PRG_05_Translation.TranslationFinalInterlockRequest.ReqTremieSemantic;0
2519;PRG_05_Translation.TranslationFinalInterlockRequest.ReqTremieSemantic;0
2620;PRG_05_Translation.TranslationFinalInterlockRequest.ReqTremieSemantic;0
2722;PRG_05_Translation.TranslationFinalInterlockRequest.ReqTremieSemantic;0
2821;PRG_05_Translation.TranslationFinalInterlockRequest.ReqTremieSemantic;0
2921;PRG_05_Translation.TranslationFinalInterlockRequest.ReqTremieSemantic;0
3022;PRG_05_Translation.TranslationFinalInterlockRequest.ReqTremieSemantic;0
3123;PRG_05_Translation.TranslationFinalInterlockRequest.ReqTremieSemantic;0
3224;PRG_05_Translation.TranslationFinalInterlockRequest.ReqTremieSemantic;0
3326;PRG_05_Translation.TranslationFinalInterlockRequest.ReqTremieSemantic;0
3426;PRG_05_Translation.TranslationFinalInterlockRequest.ReqTremieSemantic;0
3527;PRG_05_Translation.TranslationFinalInterlockRequest.ReqTremieSemantic;0
3626;PRG_05_Translation.TranslationFinalInterlockRequest.ReqTremieSemantic;0
3726;PRG_05_Translation.TranslationFinalInterlockRequest.ReqTremieSemantic;0
3827;PRG_05_Translation.TranslationFinalInterlockRequest.ReqTremieSemantic;0
3929;PRG_05_Translation.TranslationFinalInterlockRequest.ReqTremieSemantic;0
4028;PRG_05_Translation.TranslationFinalInterlockRequest.ReqTremieSemantic;0
4129;PRG_05_Translation.TranslationFinalInterlockRequest.ReqTremieSemantic;0
4229;PRG_05_Translation.TranslationFinalInterlockRequest.ReqTremieSemantic;0
4329;PRG_05_Translation.TranslationFinalInterlockRequest.ReqTremieSemantic;0
4431;PRG_05_Translation.TranslationFinalInterlockRequest.ReqTremieSemantic;0
4530;PRG_05_Translation.TranslationFinalInterlockRequest.ReqTremieSemantic;0
4630;PRG_05_Translation.TranslationFinalInterlockRequest.ReqTremieSemantic;0
4732;PRG_05_Translation.TranslationFinalInterlockRequest.ReqTremieSemantic;0
4832;PRG_05_Translation.TranslationFinalInterlockRequest.ReqTremieSemantic;0
4933;PRG_05_Translation.TranslationFinalInterlockRequest.ReqTremieSemantic;0
5034;PRG_05_Translation.TranslationFinalInterlockRequest.ReqTremieSemantic;0
5135;PRG_05_Translation.TranslationFinalInterlockRequest.ReqTremieSemantic;0
5236;PRG_05_Translation.TranslationFinalInterlockRequest.ReqTremieSemantic;0
5336;PRG_05_Translation.TranslationFinalInterlockRequest.ReqTremieSemantic;0
5436;PRG_05_Translation.TranslationFinalInterlockRequest.ReqTremieSemantic;0
5536;PRG_05_Translation.TranslationFinalInterlockRequest.ReqTremieSemantic;0
5637;PRG_05_Translation.TranslationFinalInterlockRequest.ReqTremieSemantic;0
5737;PRG_05_Translation.TranslationFinalInterlockRequest.ReqTremieSemantic;0
5837;PRG_05_Translation.TranslationFinalInterlockRequest.ReqTremieSemantic;0
5937;PRG_05_Translation.TranslationFinalInterlockRequest.ReqTremieSemantic;0
6039;PRG_05_Translation.TranslationFinalInterlockRequest.ReqTremieSemantic;0
6139;PRG_05_Translation.TranslationFinalInterlockRequest.ReqTremieSemantic;0
6240;PRG_05_Translation.TranslationFinalInterlockRequest.ReqTremieSemantic;0
6342;PRG_05_Translation.TranslationFinalInterlockRequest.ReqTremieSemantic;0
6442;PRG_05_Translation.TranslationFinalInterlockRequest.ReqTremieSemantic;0
6543;PRG_05_Translation.TranslationFinalInterlockRequest.ReqTremieSemantic;0
6645;PRG_05_Translation.TranslationFinalInterlockRequest.ReqTremieSemantic;0
6746;PRG_05_Translation.TranslationFinalInterlockRequest.ReqTremieSemantic;0
6846;PRG_05_Translation.TranslationFinalInterlockRequest.ReqTremieSemantic;0
6946;PRG_05_Translation.TranslationFinalInterlockRequest.ReqTremieSemantic;0
7047;PRG_05_Translation.TranslationFinalInterlockRequest.ReqTremieSemantic;0
7148;PRG_05_Translation.TranslationFinalInterlockRequest.ReqTremieSemantic;0
7250;PRG_05_Translation.TranslationFinalInterlockRequest.ReqTremieSemantic;0
7349;PRG_05_Translation.TranslationFinalInterlockRequest.ReqTremieSemantic;0
7450;PRG_05_Translation.TranslationFinalInterlockRequest.ReqTremieSemantic;0
7550;PRG_05_Translation.TranslationFinalInterlockRequest.ReqTremieSemantic;0
7650;PRG_05_Translation.TranslationFinalInterlockRequest.ReqTremieSemantic;0
7751;PRG_05_Translation.TranslationFinalInterlockRequest.ReqTremieSemantic;0
7851;PRG_05_Translation.TranslationFinalInterlockRequest.ReqTremieSemantic;0
7953;PRG_05_Translation.TranslationFinalInterlockRequest.ReqTremieSemantic;0
8054;PRG_05_Translation.TranslationFinalInterlockRequest.ReqTremieSemantic;0
8154;PRG_05_Translation.TranslationFinalInterlockRequest.ReqTremieSemantic;0
8254;PRG_05_Translation.TranslationFinalInterlockRequest.ReqTremieSemantic;0
8355;PRG_05_Translation.TranslationFinalInterlockRequest.ReqTremieSemantic;0
8454;PRG_05_Translation.TranslationFinalInterlockRequest.ReqTremieSemantic;0
8554;PRG_05_Translation.TranslationFinalInterlockRequest.ReqTremieSemantic;0
8654;PRG_05_Translation.TranslationFinalInterlockRequest.ReqTremieSemantic;0
8754;PRG_05_Translation.TranslationFinalInterlockRequest.ReqTremieSemantic;0
8854;PRG_05_Translation.TranslationFinalInterlockRequest.ReqTremieSemantic;0
8954;PRG_05_Translation.TranslationFinalInterlockRequest.ReqTremieSemantic;0
9055;PRG_05_Translation.TranslationFinalInterlockRequest.ReqTremieSemantic;0
9155;PRG_05_Translation.TranslationFinalInterlockRequest.ReqTremieSemantic;0
9256;PRG_05_Translation.TranslationFinalInterlockRequest.ReqTremieSemantic;0
9357;PRG_05_Translation.TranslationFinalInterlockRequest.ReqTremieSemantic;0
9457;PRG_05_Translation.TranslationFinalInterlockRequest.ReqTremieSemantic;0
9557;PRG_05_Translation.TranslationFinalInterlockRequest.ReqTremieSemantic;0
9658;PRG_05_Translation.TranslationFinalInterlockRequest.ReqTremieSemantic;0
9758;PRG_05_Translation.TranslationFinalInterlockRequest.ReqTremieSemantic;0
9858;PRG_05_Translation.TranslationFinalInterlockRequest.ReqTremieSemantic;0
9958;PRG_05_Translation.TranslationFinalInterlockRequest.ReqTremieSemantic;0
10059;PRG_05_Translation.TranslationFinalInterlockRequest.ReqTremieSemantic;0
10160;PRG_05_Translation.TranslationFinalInterlockRequest.ReqTremieSemantic;0
10259;PRG_05_Translation.TranslationFinalInterlockRequest.ReqTremieSemantic;0
10360;PRG_05_Translation.TranslationFinalInterlockRequest.ReqTremieSemantic;0
10461;PRG_05_Translation.TranslationFinalInterlockRequest.ReqTremieSemantic;0
10562;PRG_05_Translation.TranslationFinalInterlockRequest.ReqTremieSemantic;0
10661;PRG_05_Translation.TranslationFinalInterlockRequest.ReqTremieSemantic;0
10761;PRG_05_Translation.TranslationFinalInterlockRequest.ReqTremieSemantic;0
10863;PRG_05_Translation.TranslationFinalInterlockRequest.ReqTremieSemantic;0
10964;PRG_05_Translation.TranslationFinalInterlockRequest.ReqTremieSemantic;0
11065;PRG_05_Translation.TranslationFinalInterlockRequest.ReqTremieSemantic;0
11165;PRG_05_Translation.TranslationFinalInterlockRequest.ReqTremieSemantic;0
11266;PRG_05_Translation.TranslationFinalInterlockRequest.ReqTremieSemantic;0
11365;PRG_05_Translation.TranslationFinalInterlockRequest.ReqTremieSemantic;0
11465;PRG_05_Translation.TranslationFinalInterlockRequest.ReqTremieSemantic;0
11566;PRG_05_Translation.TranslationFinalInterlockRequest.ReqTremieSemantic;0
11666;PRG_05_Translation.TranslationFinalInterlockRequest.ReqTremieSemantic;0
11765;PRG_05_Translation.TranslationFinalInterlockRequest.ReqTremieSemantic;0
11866;PRG_05_Translation.TranslationFinalInterlockRequest.ReqTremieSemantic;0
11966;PRG_05_Translation.TranslationFinalInterlockRequest.ReqTremieSemantic;0
12067;PRG_05_Translation.TranslationFinalInterlockRequest.ReqTremieSemantic;0
12167;PRG_05_Translation.TranslationFinalInterlockRequest.ReqTremieSemantic;0
12267;PRG_05_Translation.TranslationFinalInterlockRequest.ReqTremieSemantic;0
12368;PRG_05_Translation.TranslationFinalInterlockRequest.ReqTremieSemantic;0
12467;PRG_05_Translation.TranslationFinalInterlockRequest.ReqTremieSemantic;0
12570;PRG_05_Translation.TranslationFinalInterlockRequest.ReqTremieSemantic;0
12669;PRG_05_Translation.TranslationFinalInterlockRequest.ReqTremieSemantic;0
12770;PRG_05_Translation.TranslationFinalInterlockRequest.ReqTremieSemantic;0
12872;PRG_05_Translation.TranslationFinalInterlockRequest.ReqTremieSemantic;0
12972;PRG_05_Translation.TranslationFinalInterlockRequest.ReqTremieSemantic;0
13073;PRG_05_Translation.TranslationFinalInterlockRequest.ReqTremieSemantic;0
13175;PRG_05_Translation.TranslationFinalInterlockRequest.ReqTremieSemantic;0
13275;PRG_05_Translation.TranslationFinalInterlockRequest.ReqTremieSemantic;0
13378;PRG_05_Translation.TranslationFinalInterlockRequest.ReqTremieSemantic;0
13478;PRG_05_Translation.TranslationFinalInterlockRequest.ReqTremieSemantic;0
13577;PRG_05_Translation.TranslationFinalInterlockRequest.ReqTremieSemantic;0
13676;PRG_05_Translation.TranslationFinalInterlockRequest.ReqTremieSemantic;0
13778;PRG_05_Translation.TranslationFinalInterlockRequest.ReqTremieSemantic;0
13878;PRG_05_Translation.TranslationFinalInterlockRequest.ReqTremieSemantic;0
13979;PRG_05_Translation.TranslationFinalInterlockRequest.ReqTremieSemantic;0
14079;PRG_05_Translation.TranslationFinalInterlockRequest.ReqTremieSemantic;0
14180;PRG_05_Translation.TranslationFinalInterlockRequest.ReqTremieSemantic;0
14280;PRG_05_Translation.TranslationFinalInterlockRequest.ReqTremieSemantic;0
14382;PRG_05_Translation.TranslationFinalInterlockRequest.ReqTremieSemantic;0
14483;PRG_05_Translation.TranslationFinalInterlockRequest.ReqTremieSemantic;0
14584;PRG_05_Translation.TranslationFinalInterlockRequest.ReqTremieSemantic;0
14685;PRG_05_Translation.TranslationFinalInterlockRequest.ReqTremieSemantic;0
14787;PRG_05_Translation.TranslationFinalInterlockRequest.ReqTremieSemantic;0
14887;PRG_05_Translation.TranslationFinalInterlockRequest.ReqTremieSemantic;0
14987;PRG_05_Translation.TranslationFinalInterlockRequest.ReqTremieSemantic;0
15086;PRG_05_Translation.TranslationFinalInterlockRequest.ReqTremieSemantic;0
15188;PRG_05_Translation.TranslationFinalInterlockRequest.ReqTremieSemantic;0
15288;PRG_05_Translation.TranslationFinalInterlockRequest.ReqTremieSemantic;0
15388;PRG_05_Translation.TranslationFinalInterlockRequest.ReqTremieSemantic;0
15487;PRG_05_Translation.TranslationFinalInterlockRequest.ReqTremieSemantic;0
15588;PRG_05_Translation.TranslationFinalInterlockRequest.ReqTremieSemantic;0
15687;PRG_05_Translation.TranslationFinalInterlockRequest.ReqTremieSemantic;0
15789;PRG_05_Translation.TranslationFinalInterlockRequest.ReqTremieSemantic;0
15890;PRG_05_Translation.TranslationFinalInterlockRequest.ReqTremieSemantic;0
15992;PRG_05_Translation.TranslationFinalInterlockRequest.ReqTremieSemantic;0
16092;PRG_05_Translation.TranslationFinalInterlockRequest.ReqTremieSemantic;0
16194;PRG_05_Translation.TranslationFinalInterlockRequest.ReqTremieSemantic;0
16293;PRG_05_Translation.TranslationFinalInterlockRequest.ReqTremieSemantic;0
16393;PRG_05_Translation.TranslationFinalInterlockRequest.ReqTremieSemantic;0
16493;PRG_05_Translation.TranslationFinalInterlockRequest.ReqTremieSemantic;0
16593;PRG_05_Translation.TranslationFinalInterlockRequest.ReqTremieSemantic;0
16693;PRG_05_Translation.TranslationFinalInterlockRequest.ReqTremieSemantic;0
16795;PRG_05_Translation.TranslationFinalInterlockRequest.ReqTremieSemantic;0
16894;PRG_05_Translation.TranslationFinalInterlockRequest.ReqTremieSemantic;0
16994;PRG_05_Translation.TranslationFinalInterlockRequest.ReqTremieSemantic;0
17094;PRG_05_Translation.TranslationFinalInterlockRequest.ReqTremieSemantic;0
17195;PRG_05_Translation.TranslationFinalInterlockRequest.ReqTremieSemantic;0
17295;PRG_05_Translation.TranslationFinalInterlockRequest.ReqTremieSemantic;0
17396;PRG_05_Translation.TranslationFinalInterlockRequest.ReqTremieSemantic;0
17498;PRG_05_Translation.TranslationFinalInterlockRequest.ReqTremieSemantic;0
17598;PRG_05_Translation.TranslationFinalInterlockRequest.ReqTremieSemantic;0
17698;PRG_05_Translation.TranslationFinalInterlockRequest.ReqTremieSemantic;0
17801;PRG_05_Translation.TranslationFinalInterlockRequest.ReqTremieSemantic;0
17900;PRG_05_Translation.TranslationFinalInterlockRequest.ReqTremieSemantic;0
18001;PRG_05_Translation.TranslationFinalInterlockRequest.ReqTremieSemantic;0
18100;PRG_05_Translation.TranslationFinalInterlockRequest.ReqTremieSemantic;0
18202;PRG_05_Translation.TranslationFinalInterlockRequest.ReqTremieSemantic;0
18304;PRG_05_Translation.TranslationFinalInterlockRequest.ReqTremieSemantic;0
18404;PRG_05_Translation.TranslationFinalInterlockRequest.ReqTremieSemantic;0
18505;PRG_05_Translation.TranslationFinalInterlockRequest.ReqTremieSemantic;0
18605;PRG_05_Translation.TranslationFinalInterlockRequest.ReqTremieSemantic;0
18706;PRG_05_Translation.TranslationFinalInterlockRequest.ReqTremieSemantic;0
18805;PRG_05_Translation.TranslationFinalInterlockRequest.ReqTremieSemantic;0
18905;PRG_05_Translation.TranslationFinalInterlockRequest.ReqTremieSemantic;0
19007;PRG_05_Translation.TranslationFinalInterlockRequest.ReqTremieSemantic;0
19106;PRG_05_Translation.TranslationFinalInterlockRequest.ReqTremieSemantic;0
19207;PRG_05_Translation.TranslationFinalInterlockRequest.ReqTremieSemantic;0
19306;PRG_05_Translation.TranslationFinalInterlockRequest.ReqTremieSemantic;0
19407;PRG_05_Translation.TranslationFinalInterlockRequest.ReqTremieSemantic;0
19508;PRG_05_Translation.TranslationFinalInterlockRequest.ReqTremieSemantic;0
19607;PRG_05_Translation.TranslationFinalInterlockRequest.ReqTremieSemantic;0
19707;PRG_05_Translation.TranslationFinalInterlockRequest.ReqTremieSemantic;0
19810;PRG_05_Translation.TranslationFinalInterlockRequest.ReqTremieSemantic;0
19911;PRG_05_Translation.TranslationFinalInterlockRequest.ReqTremieSemantic;0
20012;PRG_05_Translation.TranslationFinalInterlockRequest.ReqTremieSemantic;0
20113;PRG_05_Translation.TranslationFinalInterlockRequest.ReqTremieSemantic;0
20212;PRG_05_Translation.TranslationFinalInterlockRequest.ReqTremieSemantic;0
20313;PRG_05_Translation.TranslationFinalInterlockRequest.ReqTremieSemantic;0
20415;PRG_05_Translation.TranslationFinalInterlockRequest.ReqTremieSemantic;0
20516;PRG_05_Translation.TranslationFinalInterlockRequest.ReqTremieSemantic;0
20616;PRG_05_Translation.TranslationFinalInterlockRequest.ReqTremieSemantic;0
20718;PRG_05_Translation.TranslationFinalInterlockRequest.ReqTremieSemantic;0
20818;PRG_05_Translation.TranslationFinalInterlockRequest.ReqTremieSemantic;0
20920;PRG_05_Translation.TranslationFinalInterlockRequest.ReqTremieSemantic;0
21020;PRG_05_Translation.TranslationFinalInterlockRequest.ReqTremieSemantic;0
21121;PRG_05_Translation.TranslationFinalInterlockRequest.ReqTremieSemantic;0
21221;PRG_05_Translation.TranslationFinalInterlockRequest.ReqTremieSemantic;0
21323;PRG_05_Translation.TranslationFinalInterlockRequest.ReqTremieSemantic;0
21424;PRG_05_Translation.TranslationFinalInterlockRequest.ReqTremieSemantic;0
21524;PRG_05_Translation.TranslationFinalInterlockRequest.ReqTremieSemantic;0
21625;PRG_05_Translation.TranslationFinalInterlockRequest.ReqTremieSemantic;0
21724;PRG_05_Translation.TranslationFinalInterlockRequest.ReqTremieSemantic;0
21825;PRG_05_Translation.TranslationFinalInterlockRequest.ReqTremieSemantic;0
21924;PRG_05_Translation.TranslationFinalInterlockRequest.ReqTremieSemantic;0
22026;PRG_05_Translation.TranslationFinalInterlockRequest.ReqTremieSemantic;0
22126;PRG_05_Translation.TranslationFinalInterlockRequest.ReqTremieSemantic;0
22226;PRG_05_Translation.TranslationFinalInterlockRequest.ReqTremieSemantic;0
22327;PRG_05_Translation.TranslationFinalInterlockRequest.ReqTremieSemantic;0
22426;PRG_05_Translation.TranslationFinalInterlockRequest.ReqTremieSemantic;0
22528;PRG_05_Translation.TranslationFinalInterlockRequest.ReqTremieSemantic;0
22628;PRG_05_Translation.TranslationFinalInterlockRequest.ReqTremieSemantic;0
22727;PRG_05_Translation.TranslationFinalInterlockRequest.ReqTremieSemantic;0
22827;PRG_05_Translation.TranslationFinalInterlockRequest.ReqTremieSemantic;0
22930;PRG_05_Translation.TranslationFinalInterlockRequest.ReqTremieSemantic;0
23030;PRG_05_Translation.TranslationFinalInterlockRequest.ReqTremieSemantic;0
23130;PRG_05_Translation.TranslationFinalInterlockRequest.ReqTremieSemantic;0
23231;PRG_05_Translation.TranslationFinalInterlockRequest.ReqTremieSemantic;0
23333;PRG_05_Translation.TranslationFinalInterlockRequest.ReqTremieSemantic;0
23433;PRG_05_Translation.TranslationFinalInterlockRequest.ReqTremieSemantic;0
23534;PRG_05_Translation.TranslationFinalInterlockRequest.ReqTremieSemantic;0
23635;PRG_05_Translation.TranslationFinalInterlockRequest.ReqTremieSemantic;0
23735;PRG_05_Translation.TranslationFinalInterlockRequest.ReqTremieSemantic;0
23836;PRG_05_Translation.TranslationFinalInterlockRequest.ReqTremieSemantic;0
23936;PRG_05_Translation.TranslationFinalInterlockRequest.ReqTremieSemantic;0
24037;PRG_05_Translation.TranslationFinalInterlockRequest.ReqTremieSemantic;0
24137;PRG_05_Translation.TranslationFinalInterlockRequest.ReqTremieSemantic;0
24236;PRG_05_Translation.TranslationFinalInterlockRequest.ReqTremieSemantic;0
24337;PRG_05_Translation.TranslationFinalInterlockRequest.ReqTremieSemantic;0
24437;PRG_05_Translation.TranslationFinalInterlockRequest.ReqTremieSemantic;0
24538;PRG_05_Translation.TranslationFinalInterlockRequest.ReqTremieSemantic;0
24639;PRG_05_Translation.TranslationFinalInterlockRequest.ReqTremieSemantic;0
24740;PRG_05_Translation.TranslationFinalInterlockRequest.ReqTremieSemantic;0
24839;PRG_05_Translation.TranslationFinalInterlockRequest.ReqTremieSemantic;0
24942;PRG_05_Translation.TranslationFinalInterlockRequest.ReqTremieSemantic;0
25042;PRG_05_Translation.TranslationFinalInterlockRequest.ReqTremieSemantic;0
25143;PRG_05_Translation.TranslationFinalInterlockRequest.ReqTremieSemantic;0
25243;PRG_05_Translation.TranslationFinalInterlockRequest.ReqTremieSemantic;0
25345;PRG_05_Translation.TranslationFinalInterlockRequest.ReqTremieSemantic;0
25446;PRG_05_Translation.TranslationFinalInterlockRequest.ReqTremieSemantic;0
25546;PRG_05_Translation.TranslationFinalInterlockRequest.ReqTremieSemantic;0
25646;PRG_05_Translation.TranslationFinalInterlockRequest.ReqTremieSemantic;0
25748;PRG_05_Translation.TranslationFinalInterlockRequest.ReqTremieSemantic;0
25848;PRG_05_Translation.TranslationFinalInterlockRequest.ReqTremieSemantic;0
25949;PRG_05_Translation.TranslationFinalInterlockRequest.ReqTremieSemantic;0
26050;PRG_05_Translation.TranslationFinalInterlockRequest.ReqTremieSemantic;0
26151;PRG_05_Translation.TranslationFinalInterlockRequest.ReqTremieSemantic;0
26252;PRG_05_Translation.TranslationFinalInterlockRequest.ReqTremieSemantic;0
26351;PRG_05_Translation.TranslationFinalInterlockRequest.ReqTremieSemantic;0
26453;PRG_05_Translation.TranslationFinalInterlockRequest.ReqTremieSemantic;0
26552;PRG_05_Translation.TranslationFinalInterlockRequest.ReqTremieSemantic;0
26653;PRG_05_Translation.TranslationFinalInterlockRequest.ReqTremieSemantic;0
26756;PRG_05_Translation.TranslationFinalInterlockRequest.ReqTremieSemantic;0
26856;PRG_05_Translation.TranslationFinalInterlockRequest.ReqTremieSemantic;0
26955;PRG_05_Translation.TranslationFinalInterlockRequest.ReqTremieSemantic;0
27056;PRG_05_Translation.TranslationFinalInterlockRequest.ReqTremieSemantic;0
27156;PRG_05_Translation.TranslationFinalInterlockRequest.ReqTremieSemantic;0
27257;PRG_05_Translation.TranslationFinalInterlockRequest.ReqTremieSemantic;0
27357;PRG_05_Translation.TranslationFinalInterlockRequest.ReqTremieSemantic;0
27459;PRG_05_Translation.TranslationFinalInterlockRequest.ReqTremieSemantic;0
27560;PRG_05_Translation.TranslationFinalInterlockRequest.ReqTremieSemantic;0
27661;PRG_05_Translation.TranslationFinalInterlockRequest.ReqTremieSemantic;0
27761;PRG_05_Translation.TranslationFinalInterlockRequest.ReqTremieSemantic;0
27862;PRG_05_Translation.TranslationFinalInterlockRequest.ReqTremieSemantic;0
27963;PRG_05_Translation.TranslationFinalInterlockRequest.ReqTremieSemantic;0
28063;PRG_05_Translation.TranslationFinalInterlockRequest.ReqTremieSemantic;0
28164;PRG_05_Translation.TranslationFinalInterlockRequest.ReqTremieSemantic;0
28264;PRG_05_Translation.TranslationFinalInterlockRequest.ReqTremieSemantic;0
28363;PRG_05_Translation.TranslationFinalInterlockRequest.ReqTremieSemantic;0
28464;PRG_05_Translation.TranslationFinalInterlockRequest.ReqTremieSemantic;0
28566;PRG_05_Translation.TranslationFinalInterlockRequest.ReqTremieSemantic;0
28668;PRG_05_Translation.TranslationFinalInterlockRequest.ReqTremieSemantic;0
28768;PRG_05_Translation.TranslationFinalInterlockRequest.ReqTremieSemantic;0
28870;PRG_05_Translation.TranslationFinalInterlockRequest.ReqTremieSemantic;0
28969;PRG_05_Translation.TranslationFinalInterlockRequest.ReqTremieSemantic;0
29069;PRG_05_Translation.TranslationFinalInterlockRequest.ReqTremieSemantic;0
29171;PRG_05_Translation.TranslationFinalInterlockRequest.ReqTremieSemantic;0
29272;PRG_05_Translation.TranslationFinalInterlockRequest.ReqTremieSemantic;0
29371;PRG_05_Translation.TranslationFinalInterlockRequest.ReqTremieSemantic;0
29473;PRG_05_Translation.TranslationFinalInterlockRequest.ReqTremieSemantic;0
29572;PRG_05_Translation.TranslationFinalInterlockRequest.ReqTremieSemantic;0
29672;PRG_05_Translation.TranslationFinalInterlockRequest.ReqTremieSemantic;0
29773;PRG_05_Translation.TranslationFinalInterlockRequest.ReqTremieSemantic;0
29872;PRG_05_Translation.TranslationFinalInterlockRequest.ReqTremieSemantic;0
29972;PRG_05_Translation.TranslationFinalInterlockRequest.ReqTremieSemantic;0
30072;PRG_05_Translation.TranslationFinalInterlockRequest.ReqTremieSemantic;0
30173;PRG_05_Translation.TranslationFinalInterlockRequest.ReqTremieSemantic;0
30275;PRG_05_Translation.TranslationFinalInterlockRequest.ReqTremieSemantic;0
30377;PRG_05_Translation.TranslationFinalInterlockRequest.ReqTremieSemantic;0
30476;PRG_05_Translation.TranslationFinalInterlockRequest.ReqTremieSemantic;0
30576;PRG_05_Translation.TranslationFinalInterlockRequest.ReqTremieSemantic;0
30676;PRG_05_Translation.TranslationFinalInterlockRequest.ReqTremieSemantic;0
30776;PRG_05_Translation.TranslationFinalInterlockRequest.ReqTremieSemantic;0
30877;PRG_05_Translation.TranslationFinalInterlockRequest.ReqTremieSemantic;0
30978;PRG_05_Translation.TranslationFinalInterlockRequest.ReqTremieSemantic;0
31078;PRG_05_Translation.TranslationFinalInterlockRequest.ReqTremieSemantic;0
31179;PRG_05_Translation.TranslationFinalInterlockRequest.ReqTremieSemantic;0
31280;PRG_05_Translation.TranslationFinalInterlockRequest.ReqTremieSemantic;0
31380;PRG_05_Translation.TranslationFinalInterlockRequest.ReqTremieSemantic;0
31480;PRG_05_Translation.TranslationFinalInterlockRequest.ReqTremieSemantic;0
31581;PRG_05_Translation.TranslationFinalInterlockRequest.ReqTremieSemantic;0
31681;PRG_05_Translation.TranslationFinalInterlockRequest.ReqTremieSemantic;0
3;M3_CommandWord;0
104;M3_CommandWord;0
204;M3_CommandWord;0
305;M3_CommandWord;0
406;M3_CommandWord;0
507;M3_CommandWord;0
607;M3_CommandWord;0
708;M3_CommandWord;0
809;M3_CommandWord;0
909;M3_CommandWord;0
1009;M3_CommandWord;0
1110;M3_CommandWord;0
1210;M3_CommandWord;0
1310;M3_CommandWord;0
1411;M3_CommandWord;0
1513;M3_CommandWord;0
1613;M3_CommandWord;0
1713;M3_CommandWord;0
1814;M3_CommandWord;0
1914;M3_CommandWord;0
2015;M3_CommandWord;0
2115;M3_CommandWord;0
2216;M3_CommandWord;0
2318;M3_CommandWord;0
2419;M3_CommandWord;0
2519;M3_CommandWord;0
2620;M3_CommandWord;0
2722;M3_CommandWord;0
2821;M3_CommandWord;0
2921;M3_CommandWord;0
3022;M3_CommandWord;0
3123;M3_CommandWord;0
3224;M3_CommandWord;0
3326;M3_CommandWord;0
3426;M3_CommandWord;0
3527;M3_CommandWord;0
3626;M3_CommandWord;0
3726;M3_CommandWord;0
3827;M3_CommandWord;0
3929;M3_CommandWord;0
4028;M3_CommandWord;0
4129;M3_CommandWord;0
4229;M3_CommandWord;0
4329;M3_CommandWord;0
4431;M3_CommandWord;0
4530;M3_CommandWord;0
4630;M3_CommandWord;0
4732;M3_CommandWord;0
4832;M3_CommandWord;0
4933;M3_CommandWord;0
5034;M3_CommandWord;0
5135;M3_CommandWord;0
5236;M3_CommandWord;0
5336;M3_CommandWord;0
5436;M3_CommandWord;0
5536;M3_CommandWord;0
5637;M3_CommandWord;0
5737;M3_CommandWord;0
5837;M3_CommandWord;0
5937;M3_CommandWord;0
6039;M3_CommandWord;0
6139;M3_CommandWord;0
6240;M3_CommandWord;0
6342;M3_CommandWord;0
6442;M3_CommandWord;0
6543;M3_CommandWord;0
6645;M3_CommandWord;0
6746;M3_CommandWord;0
6846;M3_CommandWord;0
6946;M3_CommandWord;0
7047;M3_CommandWord;0
7148;M3_CommandWord;0
7250;M3_CommandWord;0
7349;M3_CommandWord;0
7450;M3_CommandWord;0
7550;M3_CommandWord;0
7650;M3_CommandWord;0
7751;M3_CommandWord;0
7851;M3_CommandWord;0
7953;M3_CommandWord;0
8054;M3_CommandWord;0
8154;M3_CommandWord;0
8254;M3_CommandWord;0
8355;M3_CommandWord;0
8454;M3_CommandWord;0
8554;M3_CommandWord;0
8654;M3_CommandWord;0
8754;M3_CommandWord;0
8854;M3_CommandWord;0
8954;M3_CommandWord;0
9055;M3_CommandWord;0
9155;M3_CommandWord;0
9256;M3_CommandWord;0
9357;M3_CommandWord;0
9457;M3_CommandWord;0
9557;M3_CommandWord;0
9658;M3_CommandWord;0
9758;M3_CommandWord;0
9858;M3_CommandWord;0
9958;M3_CommandWord;0
10059;M3_CommandWord;0
10160;M3_CommandWord;0
10259;M3_CommandWord;0
10360;M3_CommandWord;0
10461;M3_CommandWord;0
10562;M3_CommandWord;0
10661;M3_CommandWord;0
10761;M3_CommandWord;0
10863;M3_CommandWord;0
10964;M3_CommandWord;0
11065;M3_CommandWord;0
11165;M3_CommandWord;0
11266;M3_CommandWord;0
11365;M3_CommandWord;0
11465;M3_CommandWord;0
11566;M3_CommandWord;0
11666;M3_CommandWord;0
11765;M3_CommandWord;0
11866;M3_CommandWord;0
11966;M3_CommandWord;0
12067;M3_CommandWord;0
12167;M3_CommandWord;0
12267;M3_CommandWord;0
12368;M3_CommandWord;0
12467;M3_CommandWord;0
12570;M3_CommandWord;0
12669;M3_CommandWord;0
12770;M3_CommandWord;0
12872;M3_CommandWord;0
12972;M3_CommandWord;0
13073;M3_CommandWord;0
13175;M3_CommandWord;0
13275;M3_CommandWord;0
13378;M3_CommandWord;0
13478;M3_CommandWord;0
13577;M3_CommandWord;0
13676;M3_CommandWord;0
13778;M3_CommandWord;0
13878;M3_CommandWord;0
13979;M3_CommandWord;0
14079;M3_CommandWord;0
14180;M3_CommandWord;0
14280;M3_CommandWord;0
14382;M3_CommandWord;0
14483;M3_CommandWord;0
14584;M3_CommandWord;0
14685;M3_CommandWord;0
14787;M3_CommandWord;0
14887;M3_CommandWord;0
14987;M3_CommandWord;0
15086;M3_CommandWord;0
15188;M3_CommandWord;0
15288;M3_CommandWord;0
15388;M3_CommandWord;0
15487;M3_CommandWord;0
15588;M3_CommandWord;0
15687;M3_CommandWord;0
15789;M3_CommandWord;0
15890;M3_CommandWord;0
15992;M3_CommandWord;0
16092;M3_CommandWord;0
16194;M3_CommandWord;0
16293;M3_CommandWord;0
16393;M3_CommandWord;0
16493;M3_CommandWord;0
16593;M3_CommandWord;0
16693;M3_CommandWord;0
16795;M3_CommandWord;0
16894;M3_CommandWord;0
16994;M3_CommandWord;0
17094;M3_CommandWord;0
17195;M3_CommandWord;0
17295;M3_CommandWord;0
17396;M3_CommandWord;0
17498;M3_CommandWord;0
17598;M3_CommandWord;0
17698;M3_CommandWord;0
17801;M3_CommandWord;0
17900;M3_CommandWord;0
18001;M3_CommandWord;0
18100;M3_CommandWord;0
18202;M3_CommandWord;0
18304;M3_CommandWord;0
18404;M3_CommandWord;0
18505;M3_CommandWord;0
18605;M3_CommandWord;0
18706;M3_CommandWord;0
18805;M3_CommandWord;0
18905;M3_CommandWord;0
19007;M3_CommandWord;0
19106;M3_CommandWord;0
19207;M3_CommandWord;0
19306;M3_CommandWord;0
19407;M3_CommandWord;0
19508;M3_CommandWord;0
19607;M3_CommandWord;0
19707;M3_CommandWord;0
19810;M3_CommandWord;0
19911;M3_CommandWord;0
20012;M3_CommandWord;0
20113;M3_CommandWord;0
20212;M3_CommandWord;0
20313;M3_CommandWord;0
20415;M3_CommandWord;0
20516;M3_CommandWord;0
20616;M3_CommandWord;0
20718;M3_CommandWord;0
20818;M3_CommandWord;0
20920;M3_CommandWord;0
21020;M3_CommandWord;0
21121;M3_CommandWord;0
21221;M3_CommandWord;0
21323;M3_CommandWord;0
21424;M3_CommandWord;0
21524;M3_CommandWord;0
21625;M3_CommandWord;0
21724;M3_CommandWord;0
21825;M3_CommandWord;0
21924;M3_CommandWord;0
22026;M3_CommandWord;0
22126;M3_CommandWord;0
22226;M3_CommandWord;0
22327;M3_CommandWord;0
22426;M3_CommandWord;0
22528;M3_CommandWord;0
22628;M3_CommandWord;0
22727;M3_CommandWord;0
22827;M3_CommandWord;0
22930;M3_CommandWord;0
23030;M3_CommandWord;0
23130;M3_CommandWord;0
23231;M3_CommandWord;0
23333;M3_CommandWord;0
23433;M3_CommandWord;0
23534;M3_CommandWord;0
23635;M3_CommandWord;0
23735;M3_CommandWord;0
23836;M3_CommandWord;0
23936;M3_CommandWord;0
24037;M3_CommandWord;0
24137;M3_CommandWord;0
24236;M3_CommandWord;0
24337;M3_CommandWord;0
24437;M3_CommandWord;0
24538;M3_CommandWord;0
24639;M3_CommandWord;0
24740;M3_CommandWord;0
24839;M3_CommandWord;0
24942;M3_CommandWord;0
25042;M3_CommandWord;0
25143;M3_CommandWord;0
25243;M3_CommandWord;0
25345;M3_CommandWord;0
25446;M3_CommandWord;0
25546;M3_CommandWord;0
25646;M3_CommandWord;0
25748;M3_CommandWord;0
25848;M3_CommandWord;0
25949;M3_CommandWord;0
26050;M3_CommandWord;0
26151;M3_CommandWord;0
26252;M3_CommandWord;0
26351;M3_CommandWord;0
26453;M3_CommandWord;0
26552;M3_CommandWord;0
26653;M3_CommandWord;0
26756;M3_CommandWord;0
26856;M3_CommandWord;0
26955;M3_CommandWord;0
27056;M3_CommandWord;0
27156;M3_CommandWord;0
27257;M3_CommandWord;0
27357;M3_CommandWord;0
27459;M3_CommandWord;0
27560;M3_CommandWord;0
27661;M3_CommandWord;0
27761;M3_CommandWord;0
27862;M3_CommandWord;0
27963;M3_CommandWord;0
28063;M3_CommandWord;0
28164;M3_CommandWord;0
28264;M3_CommandWord;0
28363;M3_CommandWord;0
28464;M3_CommandWord;0
28566;M3_CommandWord;0
28668;M3_CommandWord;0
28768;M3_CommandWord;0
28870;M3_CommandWord;0
28969;M3_CommandWord;0
29069;M3_CommandWord;0
29171;M3_CommandWord;0
29272;M3_CommandWord;0
29371;M3_CommandWord;0
29473;M3_CommandWord;0
29572;M3_CommandWord;0
29672;M3_CommandWord;0
29773;M3_CommandWord;0
29872;M3_CommandWord;0
29972;M3_CommandWord;0
30072;M3_CommandWord;0
30173;M3_CommandWord;0
30275;M3_CommandWord;0
30377;M3_CommandWord;0
30476;M3_CommandWord;0
30576;M3_CommandWord;0
30676;M3_CommandWord;0
30776;M3_CommandWord;0
30877;M3_CommandWord;0
30978;M3_CommandWord;0
31078;M3_CommandWord;0
31179;M3_CommandWord;0
31280;M3_CommandWord;0
31380;M3_CommandWord;0
31480;M3_CommandWord;0
31581;M3_CommandWord;0
31681;M3_CommandWord;0
3;M3_SetpointFrequencyHz;0
104;M3_SetpointFrequencyHz;0
204;M3_SetpointFrequencyHz;0
305;M3_SetpointFrequencyHz;0
406;M3_SetpointFrequencyHz;0
507;M3_SetpointFrequencyHz;0
607;M3_SetpointFrequencyHz;0
708;M3_SetpointFrequencyHz;0
809;M3_SetpointFrequencyHz;0
909;M3_SetpointFrequencyHz;0
1009;M3_SetpointFrequencyHz;0
1110;M3_SetpointFrequencyHz;0
1210;M3_SetpointFrequencyHz;0
1310;M3_SetpointFrequencyHz;0
1411;M3_SetpointFrequencyHz;0
1513;M3_SetpointFrequencyHz;0
1613;M3_SetpointFrequencyHz;0
1713;M3_SetpointFrequencyHz;0
1814;M3_SetpointFrequencyHz;0
1914;M3_SetpointFrequencyHz;0
2015;M3_SetpointFrequencyHz;0
2115;M3_SetpointFrequencyHz;0
2216;M3_SetpointFrequencyHz;0
2318;M3_SetpointFrequencyHz;0
2419;M3_SetpointFrequencyHz;0
2519;M3_SetpointFrequencyHz;0
2620;M3_SetpointFrequencyHz;0
2722;M3_SetpointFrequencyHz;0
2821;M3_SetpointFrequencyHz;0
2921;M3_SetpointFrequencyHz;0
3022;M3_SetpointFrequencyHz;0
3123;M3_SetpointFrequencyHz;0
3224;M3_SetpointFrequencyHz;0
3326;M3_SetpointFrequencyHz;0
3426;M3_SetpointFrequencyHz;0
3527;M3_SetpointFrequencyHz;0
3626;M3_SetpointFrequencyHz;0
3726;M3_SetpointFrequencyHz;0
3827;M3_SetpointFrequencyHz;0
3929;M3_SetpointFrequencyHz;0
4028;M3_SetpointFrequencyHz;0
4129;M3_SetpointFrequencyHz;0
4229;M3_SetpointFrequencyHz;0
4329;M3_SetpointFrequencyHz;0
4431;M3_SetpointFrequencyHz;0
4530;M3_SetpointFrequencyHz;0
4630;M3_SetpointFrequencyHz;0
4732;M3_SetpointFrequencyHz;0
4832;M3_SetpointFrequencyHz;0
4933;M3_SetpointFrequencyHz;0
5034;M3_SetpointFrequencyHz;0
5135;M3_SetpointFrequencyHz;0
5236;M3_SetpointFrequencyHz;0
5336;M3_SetpointFrequencyHz;0
5436;M3_SetpointFrequencyHz;0
5536;M3_SetpointFrequencyHz;0
5637;M3_SetpointFrequencyHz;0
5737;M3_SetpointFrequencyHz;0
5837;M3_SetpointFrequencyHz;0
5937;M3_SetpointFrequencyHz;0
6039;M3_SetpointFrequencyHz;0
6139;M3_SetpointFrequencyHz;0
6240;M3_SetpointFrequencyHz;0
6342;M3_SetpointFrequencyHz;0
6442;M3_SetpointFrequencyHz;0
6543;M3_SetpointFrequencyHz;0
6645;M3_SetpointFrequencyHz;0
6746;M3_SetpointFrequencyHz;0
6846;M3_SetpointFrequencyHz;0
6946;M3_SetpointFrequencyHz;0
7047;M3_SetpointFrequencyHz;0
7148;M3_SetpointFrequencyHz;0
7250;M3_SetpointFrequencyHz;0
7349;M3_SetpointFrequencyHz;0
7450;M3_SetpointFrequencyHz;0
7550;M3_SetpointFrequencyHz;0
7650;M3_SetpointFrequencyHz;0
7751;M3_SetpointFrequencyHz;0
7851;M3_SetpointFrequencyHz;0
7953;M3_SetpointFrequencyHz;0
8054;M3_SetpointFrequencyHz;0
8154;M3_SetpointFrequencyHz;0
8254;M3_SetpointFrequencyHz;0
8355;M3_SetpointFrequencyHz;0
8454;M3_SetpointFrequencyHz;0
8554;M3_SetpointFrequencyHz;0
8654;M3_SetpointFrequencyHz;0
8754;M3_SetpointFrequencyHz;0
8854;M3_SetpointFrequencyHz;0
8954;M3_SetpointFrequencyHz;0
9055;M3_SetpointFrequencyHz;0
9155;M3_SetpointFrequencyHz;0
9256;M3_SetpointFrequencyHz;0
9357;M3_SetpointFrequencyHz;0
9457;M3_SetpointFrequencyHz;0
9557;M3_SetpointFrequencyHz;0
9658;M3_SetpointFrequencyHz;0
9758;M3_SetpointFrequencyHz;0
9858;M3_SetpointFrequencyHz;0
9958;M3_SetpointFrequencyHz;0
10059;M3_SetpointFrequencyHz;0
10160;M3_SetpointFrequencyHz;0
10259;M3_SetpointFrequencyHz;0
10360;M3_SetpointFrequencyHz;0
10461;M3_SetpointFrequencyHz;0
10562;M3_SetpointFrequencyHz;0
10661;M3_SetpointFrequencyHz;0
10761;M3_SetpointFrequencyHz;0
10863;M3_SetpointFrequencyHz;0
10964;M3_SetpointFrequencyHz;0
11065;M3_SetpointFrequencyHz;0
11165;M3_SetpointFrequencyHz;0
11266;M3_SetpointFrequencyHz;0
11365;M3_SetpointFrequencyHz;0
11465;M3_SetpointFrequencyHz;0
11566;M3_SetpointFrequencyHz;0
11666;M3_SetpointFrequencyHz;0
11765;M3_SetpointFrequencyHz;0
11866;M3_SetpointFrequencyHz;0
11966;M3_SetpointFrequencyHz;0
12067;M3_SetpointFrequencyHz;0
12167;M3_SetpointFrequencyHz;0
12267;M3_SetpointFrequencyHz;0
12368;M3_SetpointFrequencyHz;0
12467;M3_SetpointFrequencyHz;0
12570;M3_SetpointFrequencyHz;0
12669;M3_SetpointFrequencyHz;0
12770;M3_SetpointFrequencyHz;0
12872;M3_SetpointFrequencyHz;0
12972;M3_SetpointFrequencyHz;0
13073;M3_SetpointFrequencyHz;0
13175;M3_SetpointFrequencyHz;0
13275;M3_SetpointFrequencyHz;0
13378;M3_SetpointFrequencyHz;0
13478;M3_SetpointFrequencyHz;0
13577;M3_SetpointFrequencyHz;0
13676;M3_SetpointFrequencyHz;0
13778;M3_SetpointFrequencyHz;0
13878;M3_SetpointFrequencyHz;0
13979;M3_SetpointFrequencyHz;0
14079;M3_SetpointFrequencyHz;0
14180;M3_SetpointFrequencyHz;0
14280;M3_SetpointFrequencyHz;0
14382;M3_SetpointFrequencyHz;0
14483;M3_SetpointFrequencyHz;0
14584;M3_SetpointFrequencyHz;0
14685;M3_SetpointFrequencyHz;0
14787;M3_SetpointFrequencyHz;0
14887;M3_SetpointFrequencyHz;0
14987;M3_SetpointFrequencyHz;0
15086;M3_SetpointFrequencyHz;0
15188;M3_SetpointFrequencyHz;0
15288;M3_SetpointFrequencyHz;0
15388;M3_SetpointFrequencyHz;0
15487;M3_SetpointFrequencyHz;0
15588;M3_SetpointFrequencyHz;0
15687;M3_SetpointFrequencyHz;0
15789;M3_SetpointFrequencyHz;0
15890;M3_SetpointFrequencyHz;0
15992;M3_SetpointFrequencyHz;0
16092;M3_SetpointFrequencyHz;0
16194;M3_SetpointFrequencyHz;0
16293;M3_SetpointFrequencyHz;0
16393;M3_SetpointFrequencyHz;0
16493;M3_SetpointFrequencyHz;0
16593;M3_SetpointFrequencyHz;0
16693;M3_SetpointFrequencyHz;0
16795;M3_SetpointFrequencyHz;0
16894;M3_SetpointFrequencyHz;0
16994;M3_SetpointFrequencyHz;0
17094;M3_SetpointFrequencyHz;0
17195;M3_SetpointFrequencyHz;0
17295;M3_SetpointFrequencyHz;0
17396;M3_SetpointFrequencyHz;0
17498;M3_SetpointFrequencyHz;0
17598;M3_SetpointFrequencyHz;0
17698;M3_SetpointFrequencyHz;0
17801;M3_SetpointFrequencyHz;0
17900;M3_SetpointFrequencyHz;0
18001;M3_SetpointFrequencyHz;0
18100;M3_SetpointFrequencyHz;0
18202;M3_SetpointFrequencyHz;0
18304;M3_SetpointFrequencyHz;0
18404;M3_SetpointFrequencyHz;0
18505;M3_SetpointFrequencyHz;0
18605;M3_SetpointFrequencyHz;0
18706;M3_SetpointFrequencyHz;0
18805;M3_SetpointFrequencyHz;0
18905;M3_SetpointFrequencyHz;0
19007;M3_SetpointFrequencyHz;0
19106;M3_SetpointFrequencyHz;0
19207;M3_SetpointFrequencyHz;0
19306;M3_SetpointFrequencyHz;0
19407;M3_SetpointFrequencyHz;0
19508;M3_SetpointFrequencyHz;0
19607;M3_SetpointFrequencyHz;0
19707;M3_SetpointFrequencyHz;0
19810;M3_SetpointFrequencyHz;0
19911;M3_SetpointFrequencyHz;0
20012;M3_SetpointFrequencyHz;0
20113;M3_SetpointFrequencyHz;0
20212;M3_SetpointFrequencyHz;0
20313;M3_SetpointFrequencyHz;0
20415;M3_SetpointFrequencyHz;0
20516;M3_SetpointFrequencyHz;0
20616;M3_SetpointFrequencyHz;0
20718;M3_SetpointFrequencyHz;0
20818;M3_SetpointFrequencyHz;0
20920;M3_SetpointFrequencyHz;0
21020;M3_SetpointFrequencyHz;0
21121;M3_SetpointFrequencyHz;0
21221;M3_SetpointFrequencyHz;0
21323;M3_SetpointFrequencyHz;0
21424;M3_SetpointFrequencyHz;0
21524;M3_SetpointFrequencyHz;0
21625;M3_SetpointFrequencyHz;0
21724;M3_SetpointFrequencyHz;0
21825;M3_SetpointFrequencyHz;0
21924;M3_SetpointFrequencyHz;0
22026;M3_SetpointFrequencyHz;0
22126;M3_SetpointFrequencyHz;0
22226;M3_SetpointFrequencyHz;0
22327;M3_SetpointFrequencyHz;0
22426;M3_SetpointFrequencyHz;0
22528;M3_SetpointFrequencyHz;0
22628;M3_SetpointFrequencyHz;0
22727;M3_SetpointFrequencyHz;0
22827;M3_SetpointFrequencyHz;0
22930;M3_SetpointFrequencyHz;0
23030;M3_SetpointFrequencyHz;0
23130;M3_SetpointFrequencyHz;0
23231;M3_SetpointFrequencyHz;0
23333;M3_SetpointFrequencyHz;0
23433;M3_SetpointFrequencyHz;0
23534;M3_SetpointFrequencyHz;0
23635;M3_SetpointFrequencyHz;0
23735;M3_SetpointFrequencyHz;0
23836;M3_SetpointFrequencyHz;0
23936;M3_SetpointFrequencyHz;0
24037;M3_SetpointFrequencyHz;0
24137;M3_SetpointFrequencyHz;0
24236;M3_SetpointFrequencyHz;0
24337;M3_SetpointFrequencyHz;0
24437;M3_SetpointFrequencyHz;0
24538;M3_SetpointFrequencyHz;0
24639;M3_SetpointFrequencyHz;0
24740;M3_SetpointFrequencyHz;0
24839;M3_SetpointFrequencyHz;0
24942;M3_SetpointFrequencyHz;0
25042;M3_SetpointFrequencyHz;0
25143;M3_SetpointFrequencyHz;0
25243;M3_SetpointFrequencyHz;0
25345;M3_SetpointFrequencyHz;0
25446;M3_SetpointFrequencyHz;0
25546;M3_SetpointFrequencyHz;0
25646;M3_SetpointFrequencyHz;0
25748;M3_SetpointFrequencyHz;0
25848;M3_SetpointFrequencyHz;0
25949;M3_SetpointFrequencyHz;0
26050;M3_SetpointFrequencyHz;0
26151;M3_SetpointFrequencyHz;0
26252;M3_SetpointFrequencyHz;0
26351;M3_SetpointFrequencyHz;0
26453;M3_SetpointFrequencyHz;0
26552;M3_SetpointFrequencyHz;0
26653;M3_SetpointFrequencyHz;0
26756;M3_SetpointFrequencyHz;0
26856;M3_SetpointFrequencyHz;0
26955;M3_SetpointFrequencyHz;0
27056;M3_SetpointFrequencyHz;0
27156;M3_SetpointFrequencyHz;0
27257;M3_SetpointFrequencyHz;0
27357;M3_SetpointFrequencyHz;0
27459;M3_SetpointFrequencyHz;0
27560;M3_SetpointFrequencyHz;0
27661;M3_SetpointFrequencyHz;0
27761;M3_SetpointFrequencyHz;0
27862;M3_SetpointFrequencyHz;0
27963;M3_SetpointFrequencyHz;0
28063;M3_SetpointFrequencyHz;0
28164;M3_SetpointFrequencyHz;0
28264;M3_SetpointFrequencyHz;0
28363;M3_SetpointFrequencyHz;0
28464;M3_SetpointFrequencyHz;0
28566;M3_SetpointFrequencyHz;0
28668;M3_SetpointFrequencyHz;0
28768;M3_SetpointFrequencyHz;0
28870;M3_SetpointFrequencyHz;0
28969;M3_SetpointFrequencyHz;0
29069;M3_SetpointFrequencyHz;0
29171;M3_SetpointFrequencyHz;0
29272;M3_SetpointFrequencyHz;0
29371;M3_SetpointFrequencyHz;0
29473;M3_SetpointFrequencyHz;0
29572;M3_SetpointFrequencyHz;0
29672;M3_SetpointFrequencyHz;0
29773;M3_SetpointFrequencyHz;0
29872;M3_SetpointFrequencyHz;0
29972;M3_SetpointFrequencyHz;0
30072;M3_SetpointFrequencyHz;0
30173;M3_SetpointFrequencyHz;0
30275;M3_SetpointFrequencyHz;0
30377;M3_SetpointFrequencyHz;0
30476;M3_SetpointFrequencyHz;0
30576;M3_SetpointFrequencyHz;0
30676;M3_SetpointFrequencyHz;0
30776;M3_SetpointFrequencyHz;0
30877;M3_SetpointFrequencyHz;0
30978;M3_SetpointFrequencyHz;0
31078;M3_SetpointFrequencyHz;0
31179;M3_SetpointFrequencyHz;0
31280;M3_SetpointFrequencyHz;0
31380;M3_SetpointFrequencyHz;0
31480;M3_SetpointFrequencyHz;0
31581;M3_SetpointFrequencyHz;0
31681;M3_SetpointFrequencyHz;0
3;M3_BrakeRelease_RQ;0
104;M3_BrakeRelease_RQ;0
204;M3_BrakeRelease_RQ;0
305;M3_BrakeRelease_RQ;0
406;M3_BrakeRelease_RQ;0
507;M3_BrakeRelease_RQ;0
607;M3_BrakeRelease_RQ;0
708;M3_BrakeRelease_RQ;0
809;M3_BrakeRelease_RQ;0
909;M3_BrakeRelease_RQ;0
1009;M3_BrakeRelease_RQ;0
1110;M3_BrakeRelease_RQ;0
1210;M3_BrakeRelease_RQ;0
1310;M3_BrakeRelease_RQ;0
1411;M3_BrakeRelease_RQ;0
1513;M3_BrakeRelease_RQ;0
1613;M3_BrakeRelease_RQ;0
1713;M3_BrakeRelease_RQ;0
1814;M3_BrakeRelease_RQ;0
1914;M3_BrakeRelease_RQ;0
2015;M3_BrakeRelease_RQ;0
2115;M3_BrakeRelease_RQ;0
2216;M3_BrakeRelease_RQ;0
2318;M3_BrakeRelease_RQ;0
2419;M3_BrakeRelease_RQ;0
2519;M3_BrakeRelease_RQ;0
2620;M3_BrakeRelease_RQ;0
2722;M3_BrakeRelease_RQ;0
2821;M3_BrakeRelease_RQ;0
2921;M3_BrakeRelease_RQ;0
3022;M3_BrakeRelease_RQ;0
3123;M3_BrakeRelease_RQ;0
3224;M3_BrakeRelease_RQ;0
3326;M3_BrakeRelease_RQ;0
3426;M3_BrakeRelease_RQ;0
3527;M3_BrakeRelease_RQ;0
3626;M3_BrakeRelease_RQ;0
3726;M3_BrakeRelease_RQ;0
3827;M3_BrakeRelease_RQ;0
3929;M3_BrakeRelease_RQ;0
4028;M3_BrakeRelease_RQ;0
4129;M3_BrakeRelease_RQ;0
4229;M3_BrakeRelease_RQ;0
4329;M3_BrakeRelease_RQ;0
4431;M3_BrakeRelease_RQ;0
4530;M3_BrakeRelease_RQ;0
4630;M3_BrakeRelease_RQ;0
4732;M3_BrakeRelease_RQ;0
4832;M3_BrakeRelease_RQ;0
4933;M3_BrakeRelease_RQ;0
5034;M3_BrakeRelease_RQ;0
5135;M3_BrakeRelease_RQ;0
5236;M3_BrakeRelease_RQ;0
5336;M3_BrakeRelease_RQ;0
5436;M3_BrakeRelease_RQ;0
5536;M3_BrakeRelease_RQ;0
5637;M3_BrakeRelease_RQ;0
5737;M3_BrakeRelease_RQ;0
5837;M3_BrakeRelease_RQ;0
5937;M3_BrakeRelease_RQ;0
6039;M3_BrakeRelease_RQ;0
6139;M3_BrakeRelease_RQ;0
6240;M3_BrakeRelease_RQ;0
6342;M3_BrakeRelease_RQ;0
6442;M3_BrakeRelease_RQ;0
6543;M3_BrakeRelease_RQ;0
6645;M3_BrakeRelease_RQ;0
6746;M3_BrakeRelease_RQ;0
6846;M3_BrakeRelease_RQ;0
6946;M3_BrakeRelease_RQ;0
7047;M3_BrakeRelease_RQ;0
7148;M3_BrakeRelease_RQ;0
7250;M3_BrakeRelease_RQ;0
7349;M3_BrakeRelease_RQ;0
7450;M3_BrakeRelease_RQ;0
7550;M3_BrakeRelease_RQ;0
7650;M3_BrakeRelease_RQ;0
7751;M3_BrakeRelease_RQ;0
7851;M3_BrakeRelease_RQ;0
7953;M3_BrakeRelease_RQ;0
8054;M3_BrakeRelease_RQ;0
8154;M3_BrakeRelease_RQ;0
8254;M3_BrakeRelease_RQ;0
8355;M3_BrakeRelease_RQ;0
8454;M3_BrakeRelease_RQ;0
8554;M3_BrakeRelease_RQ;0
8654;M3_BrakeRelease_RQ;0
8754;M3_BrakeRelease_RQ;0
8854;M3_BrakeRelease_RQ;0
8954;M3_BrakeRelease_RQ;0
9055;M3_BrakeRelease_RQ;0
9155;M3_BrakeRelease_RQ;0
9256;M3_BrakeRelease_RQ;0
9357;M3_BrakeRelease_RQ;0
9457;M3_BrakeRelease_RQ;0
9557;M3_BrakeRelease_RQ;0
9658;M3_BrakeRelease_RQ;0
9758;M3_BrakeRelease_RQ;0
9858;M3_BrakeRelease_RQ;0
9958;M3_BrakeRelease_RQ;0
10059;M3_BrakeRelease_RQ;0
10160;M3_BrakeRelease_RQ;0
10259;M3_BrakeRelease_RQ;0
10360;M3_BrakeRelease_RQ;0
10461;M3_BrakeRelease_RQ;0
10562;M3_BrakeRelease_RQ;0
10661;M3_BrakeRelease_RQ;0
10761;M3_BrakeRelease_RQ;0
10863;M3_BrakeRelease_RQ;0
10964;M3_BrakeRelease_RQ;0
11065;M3_BrakeRelease_RQ;0
11165;M3_BrakeRelease_RQ;0
11266;M3_BrakeRelease_RQ;0
11365;M3_BrakeRelease_RQ;0
11465;M3_BrakeRelease_RQ;0
11566;M3_BrakeRelease_RQ;0
11666;M3_BrakeRelease_RQ;0
11765;M3_BrakeRelease_RQ;0
11866;M3_BrakeRelease_RQ;0
11966;M3_BrakeRelease_RQ;0
12067;M3_BrakeRelease_RQ;0
12167;M3_BrakeRelease_RQ;0
12267;M3_BrakeRelease_RQ;0
12368;M3_BrakeRelease_RQ;0
12467;M3_BrakeRelease_RQ;0
12570;M3_BrakeRelease_RQ;0
12669;M3_BrakeRelease_RQ;0
12770;M3_BrakeRelease_RQ;0
12872;M3_BrakeRelease_RQ;0
12972;M3_BrakeRelease_RQ;0
13073;M3_BrakeRelease_RQ;0
13175;M3_BrakeRelease_RQ;0
13275;M3_BrakeRelease_RQ;0
13378;M3_BrakeRelease_RQ;0
13478;M3_BrakeRelease_RQ;0
13577;M3_BrakeRelease_RQ;0
13676;M3_BrakeRelease_RQ;0
13778;M3_BrakeRelease_RQ;0
13878;M3_BrakeRelease_RQ;0
13979;M3_BrakeRelease_RQ;0
14079;M3_BrakeRelease_RQ;0
14180;M3_BrakeRelease_RQ;0
14280;M3_BrakeRelease_RQ;0
14382;M3_BrakeRelease_RQ;0
14483;M3_BrakeRelease_RQ;0
14584;M3_BrakeRelease_RQ;0
14685;M3_BrakeRelease_RQ;0
14787;M3_BrakeRelease_RQ;0
14887;M3_BrakeRelease_RQ;0
14987;M3_BrakeRelease_RQ;0
15086;M3_BrakeRelease_RQ;0
15188;M3_BrakeRelease_RQ;0
15288;M3_BrakeRelease_RQ;0
15388;M3_BrakeRelease_RQ;0
15487;M3_BrakeRelease_RQ;0
15588;M3_BrakeRelease_RQ;0
15687;M3_BrakeRelease_RQ;0
15789;M3_BrakeRelease_RQ;0
15890;M3_BrakeRelease_RQ;0
15992;M3_BrakeRelease_RQ;0
16092;M3_BrakeRelease_RQ;0
16194;M3_BrakeRelease_RQ;0
16293;M3_BrakeRelease_RQ;0
16393;M3_BrakeRelease_RQ;0
16493;M3_BrakeRelease_RQ;0
16593;M3_BrakeRelease_RQ;0
16693;M3_BrakeRelease_RQ;0
16795;M3_BrakeRelease_RQ;0
16894;M3_BrakeRelease_RQ;0
16994;M3_BrakeRelease_RQ;0
17094;M3_BrakeRelease_RQ;0
17195;M3_BrakeRelease_RQ;0
17295;M3_BrakeRelease_RQ;0
17396;M3_BrakeRelease_RQ;0
17498;M3_BrakeRelease_RQ;0
17598;M3_BrakeRelease_RQ;0
17698;M3_BrakeRelease_RQ;0
17801;M3_BrakeRelease_RQ;0
17900;M3_BrakeRelease_RQ;0
18001;M3_BrakeRelease_RQ;0
18100;M3_BrakeRelease_RQ;0
18202;M3_BrakeRelease_RQ;0
18304;M3_BrakeRelease_RQ;0
18404;M3_BrakeRelease_RQ;0
18505;M3_BrakeRelease_RQ;0
18605;M3_BrakeRelease_RQ;0
18706;M3_BrakeRelease_RQ;0
18805;M3_BrakeRelease_RQ;0
18905;M3_BrakeRelease_RQ;0
19007;M3_BrakeRelease_RQ;0
19106;M3_BrakeRelease_RQ;0
19207;M3_BrakeRelease_RQ;0
19306;M3_BrakeRelease_RQ;0
19407;M3_BrakeRelease_RQ;0
19508;M3_BrakeRelease_RQ;0
19607;M3_BrakeRelease_RQ;0
19707;M3_BrakeRelease_RQ;0
19810;M3_BrakeRelease_RQ;0
19911;M3_BrakeRelease_RQ;0
20012;M3_BrakeRelease_RQ;0
20113;M3_BrakeRelease_RQ;0
20212;M3_BrakeRelease_RQ;0
20313;M3_BrakeRelease_RQ;0
20415;M3_BrakeRelease_RQ;0
20516;M3_BrakeRelease_RQ;0
20616;M3_BrakeRelease_RQ;0
20718;M3_BrakeRelease_RQ;0
20818;M3_BrakeRelease_RQ;0
20920;M3_BrakeRelease_RQ;0
21020;M3_BrakeRelease_RQ;0
21121;M3_BrakeRelease_RQ;0
21221;M3_BrakeRelease_RQ;0
21323;M3_BrakeRelease_RQ;0
21424;M3_BrakeRelease_RQ;0
21524;M3_BrakeRelease_RQ;0
21625;M3_BrakeRelease_RQ;0
21724;M3_BrakeRelease_RQ;0
21825;M3_BrakeRelease_RQ;0
21924;M3_BrakeRelease_RQ;0
22026;M3_BrakeRelease_RQ;0
22126;M3_BrakeRelease_RQ;0
22226;M3_BrakeRelease_RQ;0
22327;M3_BrakeRelease_RQ;0
22426;M3_BrakeRelease_RQ;0
22528;M3_BrakeRelease_RQ;0
22628;M3_BrakeRelease_RQ;0
22727;M3_BrakeRelease_RQ;0
22827;M3_BrakeRelease_RQ;0
22930;M3_BrakeRelease_RQ;0
23030;M3_BrakeRelease_RQ;0
23130;M3_BrakeRelease_RQ;0
23231;M3_BrakeRelease_RQ;0
23333;M3_BrakeRelease_RQ;0
23433;M3_BrakeRelease_RQ;0
23534;M3_BrakeRelease_RQ;0
23635;M3_BrakeRelease_RQ;0
23735;M3_BrakeRelease_RQ;0
23836;M3_BrakeRelease_RQ;0
23936;M3_BrakeRelease_RQ;0
24037;M3_BrakeRelease_RQ;0
24137;M3_BrakeRelease_RQ;0
24236;M3_BrakeRelease_RQ;0
24337;M3_BrakeRelease_RQ;0
24437;M3_BrakeRelease_RQ;0
24538;M3_BrakeRelease_RQ;0
24639;M3_BrakeRelease_RQ;0
24740;M3_BrakeRelease_RQ;0
24839;M3_BrakeRelease_RQ;0
24942;M3_BrakeRelease_RQ;0
25042;M3_BrakeRelease_RQ;0
25143;M3_BrakeRelease_RQ;0
25243;M3_BrakeRelease_RQ;0
25345;M3_BrakeRelease_RQ;0
25446;M3_BrakeRelease_RQ;0
25546;M3_BrakeRelease_RQ;0
25646;M3_BrakeRelease_RQ;0
25748;M3_BrakeRelease_RQ;0
25848;M3_BrakeRelease_RQ;0
25949;M3_BrakeRelease_RQ;0
26050;M3_BrakeRelease_RQ;0
26151;M3_BrakeRelease_RQ;0
26252;M3_BrakeRelease_RQ;0
26351;M3_BrakeRelease_RQ;0
26453;M3_BrakeRelease_RQ;0
26552;M3_BrakeRelease_RQ;0
26653;M3_BrakeRelease_RQ;0
26756;M3_BrakeRelease_RQ;0
26856;M3_BrakeRelease_RQ;0
26955;M3_BrakeRelease_RQ;0
27056;M3_BrakeRelease_RQ;0
27156;M3_BrakeRelease_RQ;0
27257;M3_BrakeRelease_RQ;0
27357;M3_BrakeRelease_RQ;0
27459;M3_BrakeRelease_RQ;0
27560;M3_BrakeRelease_RQ;0
27661;M3_BrakeRelease_RQ;0
27761;M3_BrakeRelease_RQ;0
27862;M3_BrakeRelease_RQ;0
27963;M3_BrakeRelease_RQ;0
28063;M3_BrakeRelease_RQ;0
28164;M3_BrakeRelease_RQ;0
28264;M3_BrakeRelease_RQ;0
28363;M3_BrakeRelease_RQ;0
28464;M3_BrakeRelease_RQ;0
28566;M3_BrakeRelease_RQ;0
28668;M3_BrakeRelease_RQ;0
28768;M3_BrakeRelease_RQ;0
28870;M3_BrakeRelease_RQ;0
28969;M3_BrakeRelease_RQ;0
29069;M3_BrakeRelease_RQ;0
29171;M3_BrakeRelease_RQ;0
29272;M3_BrakeRelease_RQ;0
29371;M3_BrakeRelease_RQ;0
29473;M3_BrakeRelease_RQ;0
29572;M3_BrakeRelease_RQ;0
29672;M3_BrakeRelease_RQ;0
29773;M3_BrakeRelease_RQ;0
29872;M3_BrakeRelease_RQ;0
29972;M3_BrakeRelease_RQ;0
30072;M3_BrakeRelease_RQ;0
30173;M3_BrakeRelease_RQ;0
30275;M3_BrakeRelease_RQ;0
30377;M3_BrakeRelease_RQ;0
30476;M3_BrakeRelease_RQ;0
30576;M3_BrakeRelease_RQ;0
30676;M3_BrakeRelease_RQ;0
30776;M3_BrakeRelease_RQ;0
30877;M3_BrakeRelease_RQ;0
30978;M3_BrakeRelease_RQ;0
31078;M3_BrakeRelease_RQ;0
31179;M3_BrakeRelease_RQ;0
31280;M3_BrakeRelease_RQ;0
31380;M3_BrakeRelease_RQ;0
31480;M3_BrakeRelease_RQ;0
31581;M3_BrakeRelease_RQ;0
31681;M3_BrakeRelease_RQ;0
3;IoHw.In.Hardware.Operator.JoyXRaw_ANA1;5000
104;IoHw.In.Hardware.Operator.JoyXRaw_ANA1;5000
204;IoHw.In.Hardware.Operator.JoyXRaw_ANA1;5000
305;IoHw.In.Hardware.Operator.JoyXRaw_ANA1;5000
406;IoHw.In.Hardware.Operator.JoyXRaw_ANA1;5000
507;IoHw.In.Hardware.Operator.JoyXRaw_ANA1;5000
607;IoHw.In.Hardware.Operator.JoyXRaw_ANA1;5000
708;IoHw.In.Hardware.Operator.JoyXRaw_ANA1;5000
809;IoHw.In.Hardware.Operator.JoyXRaw_ANA1;5000
909;IoHw.In.Hardware.Operator.JoyXRaw_ANA1;5000
1009;IoHw.In.Hardware.Operator.JoyXRaw_ANA1;5000
1110;IoHw.In.Hardware.Operator.JoyXRaw_ANA1;5000
1210;IoHw.In.Hardware.Operator.JoyXRaw_ANA1;5000
1310;IoHw.In.Hardware.Operator.JoyXRaw_ANA1;5000
1411;IoHw.In.Hardware.Operator.JoyXRaw_ANA1;5000
1513;IoHw.In.Hardware.Operator.JoyXRaw_ANA1;5000
1613;IoHw.In.Hardware.Operator.JoyXRaw_ANA1;5000
1713;IoHw.In.Hardware.Operator.JoyXRaw_ANA1;5000
1814;IoHw.In.Hardware.Operator.JoyXRaw_ANA1;5000
1914;IoHw.In.Hardware.Operator.JoyXRaw_ANA1;5000
2015;IoHw.In.Hardware.Operator.JoyXRaw_ANA1;5000
2115;IoHw.In.Hardware.Operator.JoyXRaw_ANA1;5000
2216;IoHw.In.Hardware.Operator.JoyXRaw_ANA1;5000
2318;IoHw.In.Hardware.Operator.JoyXRaw_ANA1;5000
2419;IoHw.In.Hardware.Operator.JoyXRaw_ANA1;5000
2519;IoHw.In.Hardware.Operator.JoyXRaw_ANA1;5000
2620;IoHw.In.Hardware.Operator.JoyXRaw_ANA1;5000
2722;IoHw.In.Hardware.Operator.JoyXRaw_ANA1;5000
2821;IoHw.In.Hardware.Operator.JoyXRaw_ANA1;5000
2921;IoHw.In.Hardware.Operator.JoyXRaw_ANA1;5000
3022;IoHw.In.Hardware.Operator.JoyXRaw_ANA1;5000
3123;IoHw.In.Hardware.Operator.JoyXRaw_ANA1;5000
3224;IoHw.In.Hardware.Operator.JoyXRaw_ANA1;5000
3326;IoHw.In.Hardware.Operator.JoyXRaw_ANA1;5000
3426;IoHw.In.Hardware.Operator.JoyXRaw_ANA1;5000
3527;IoHw.In.Hardware.Operator.JoyXRaw_ANA1;5000
3626;IoHw.In.Hardware.Operator.JoyXRaw_ANA1;5000
3726;IoHw.In.Hardware.Operator.JoyXRaw_ANA1;5000
3827;IoHw.In.Hardware.Operator.JoyXRaw_ANA1;5000
3929;IoHw.In.Hardware.Operator.JoyXRaw_ANA1;5000
4028;IoHw.In.Hardware.Operator.JoyXRaw_ANA1;5000
4129;IoHw.In.Hardware.Operator.JoyXRaw_ANA1;5000
4229;IoHw.In.Hardware.Operator.JoyXRaw_ANA1;5000
4329;IoHw.In.Hardware.Operator.JoyXRaw_ANA1;5000
4431;IoHw.In.Hardware.Operator.JoyXRaw_ANA1;5000
4530;IoHw.In.Hardware.Operator.JoyXRaw_ANA1;5000
4630;IoHw.In.Hardware.Operator.JoyXRaw_ANA1;5000
4732;IoHw.In.Hardware.Operator.JoyXRaw_ANA1;5000
4832;IoHw.In.Hardware.Operator.JoyXRaw_ANA1;5000
4933;IoHw.In.Hardware.Operator.JoyXRaw_ANA1;5000
5034;IoHw.In.Hardware.Operator.JoyXRaw_ANA1;5000
5135;IoHw.In.Hardware.Operator.JoyXRaw_ANA1;5000
5236;IoHw.In.Hardware.Operator.JoyXRaw_ANA1;5000
5336;IoHw.In.Hardware.Operator.JoyXRaw_ANA1;5000
5436;IoHw.In.Hardware.Operator.JoyXRaw_ANA1;5000
5536;IoHw.In.Hardware.Operator.JoyXRaw_ANA1;5000
5637;IoHw.In.Hardware.Operator.JoyXRaw_ANA1;5000
5737;IoHw.In.Hardware.Operator.JoyXRaw_ANA1;5000
5837;IoHw.In.Hardware.Operator.JoyXRaw_ANA1;5000
5937;IoHw.In.Hardware.Operator.JoyXRaw_ANA1;5000
6039;IoHw.In.Hardware.Operator.JoyXRaw_ANA1;5000
6139;IoHw.In.Hardware.Operator.JoyXRaw_ANA1;5000
6240;IoHw.In.Hardware.Operator.JoyXRaw_ANA1;5000
6342;IoHw.In.Hardware.Operator.JoyXRaw_ANA1;5000
6442;IoHw.In.Hardware.Operator.JoyXRaw_ANA1;5000
6543;IoHw.In.Hardware.Operator.JoyXRaw_ANA1;5000
6645;IoHw.In.Hardware.Operator.JoyXRaw_ANA1;5000
6746;IoHw.In.Hardware.Operator.JoyXRaw_ANA1;5000
6846;IoHw.In.Hardware.Operator.JoyXRaw_ANA1;5000
6946;IoHw.In.Hardware.Operator.JoyXRaw_ANA1;5000
7047;IoHw.In.Hardware.Operator.JoyXRaw_ANA1;5000
7148;IoHw.In.Hardware.Operator.JoyXRaw_ANA1;5000
7250;IoHw.In.Hardware.Operator.JoyXRaw_ANA1;5000
7349;IoHw.In.Hardware.Operator.JoyXRaw_ANA1;5000
7450;IoHw.In.Hardware.Operator.JoyXRaw_ANA1;5000
7550;IoHw.In.Hardware.Operator.JoyXRaw_ANA1;5000
7650;IoHw.In.Hardware.Operator.JoyXRaw_ANA1;5000
7751;IoHw.In.Hardware.Operator.JoyXRaw_ANA1;5000
7851;IoHw.In.Hardware.Operator.JoyXRaw_ANA1;5000
7953;IoHw.In.Hardware.Operator.JoyXRaw_ANA1;5000
8054;IoHw.In.Hardware.Operator.JoyXRaw_ANA1;5000
8154;IoHw.In.Hardware.Operator.JoyXRaw_ANA1;5000
8254;IoHw.In.Hardware.Operator.JoyXRaw_ANA1;5000
8355;IoHw.In.Hardware.Operator.JoyXRaw_ANA1;5000
8454;IoHw.In.Hardware.Operator.JoyXRaw_ANA1;5000
8554;IoHw.In.Hardware.Operator.JoyXRaw_ANA1;5000
8654;IoHw.In.Hardware.Operator.JoyXRaw_ANA1;5000
8754;IoHw.In.Hardware.Operator.JoyXRaw_ANA1;5000
8854;IoHw.In.Hardware.Operator.JoyXRaw_ANA1;5000
8954;IoHw.In.Hardware.Operator.JoyXRaw_ANA1;5000
9055;IoHw.In.Hardware.Operator.JoyXRaw_ANA1;5000
9155;IoHw.In.Hardware.Operator.JoyXRaw_ANA1;5000
9256;IoHw.In.Hardware.Operator.JoyXRaw_ANA1;5000
9357;IoHw.In.Hardware.Operator.JoyXRaw_ANA1;5000
9457;IoHw.In.Hardware.Operator.JoyXRaw_ANA1;5000
9557;IoHw.In.Hardware.Operator.JoyXRaw_ANA1;5000
9658;IoHw.In.Hardware.Operator.JoyXRaw_ANA1;5000
9758;IoHw.In.Hardware.Operator.JoyXRaw_ANA1;5000
9858;IoHw.In.Hardware.Operator.JoyXRaw_ANA1;5000
9958;IoHw.In.Hardware.Operator.JoyXRaw_ANA1;5000
10059;IoHw.In.Hardware.Operator.JoyXRaw_ANA1;5000
10160;IoHw.In.Hardware.Operator.JoyXRaw_ANA1;5000
10259;IoHw.In.Hardware.Operator.JoyXRaw_ANA1;5000
10360;IoHw.In.Hardware.Operator.JoyXRaw_ANA1;5000
10461;IoHw.In.Hardware.Operator.JoyXRaw_ANA1;5000
10562;IoHw.In.Hardware.Operator.JoyXRaw_ANA1;5000
10661;IoHw.In.Hardware.Operator.JoyXRaw_ANA1;5000
10761;IoHw.In.Hardware.Operator.JoyXRaw_ANA1;5000
10863;IoHw.In.Hardware.Operator.JoyXRaw_ANA1;5000
10964;IoHw.In.Hardware.Operator.JoyXRaw_ANA1;5000
11065;IoHw.In.Hardware.Operator.JoyXRaw_ANA1;5000
11165;IoHw.In.Hardware.Operator.JoyXRaw_ANA1;5000
11266;IoHw.In.Hardware.Operator.JoyXRaw_ANA1;5000
11365;IoHw.In.Hardware.Operator.JoyXRaw_ANA1;5000
11465;IoHw.In.Hardware.Operator.JoyXRaw_ANA1;5000
11566;IoHw.In.Hardware.Operator.JoyXRaw_ANA1;5000
11666;IoHw.In.Hardware.Operator.JoyXRaw_ANA1;5000
11765;IoHw.In.Hardware.Operator.JoyXRaw_ANA1;5000
11866;IoHw.In.Hardware.Operator.JoyXRaw_ANA1;5000
11966;IoHw.In.Hardware.Operator.JoyXRaw_ANA1;5000
12067;IoHw.In.Hardware.Operator.JoyXRaw_ANA1;5000
12167;IoHw.In.Hardware.Operator.JoyXRaw_ANA1;5000
12267;IoHw.In.Hardware.Operator.JoyXRaw_ANA1;5000
12368;IoHw.In.Hardware.Operator.JoyXRaw_ANA1;5000
12467;IoHw.In.Hardware.Operator.JoyXRaw_ANA1;5000
12570;IoHw.In.Hardware.Operator.JoyXRaw_ANA1;5000
12669;IoHw.In.Hardware.Operator.JoyXRaw_ANA1;5000
12770;IoHw.In.Hardware.Operator.JoyXRaw_ANA1;5000
12872;IoHw.In.Hardware.Operator.JoyXRaw_ANA1;5000
12972;IoHw.In.Hardware.Operator.JoyXRaw_ANA1;5000
13073;IoHw.In.Hardware.Operator.JoyXRaw_ANA1;5000
13175;IoHw.In.Hardware.Operator.JoyXRaw_ANA1;5000
13275;IoHw.In.Hardware.Operator.JoyXRaw_ANA1;5000
13378;IoHw.In.Hardware.Operator.JoyXRaw_ANA1;5000
13478;IoHw.In.Hardware.Operator.JoyXRaw_ANA1;5000
13577;IoHw.In.Hardware.Operator.JoyXRaw_ANA1;5000
13676;IoHw.In.Hardware.Operator.JoyXRaw_ANA1;5000
13778;IoHw.In.Hardware.Operator.JoyXRaw_ANA1;5000
13878;IoHw.In.Hardware.Operator.JoyXRaw_ANA1;5000
13979;IoHw.In.Hardware.Operator.JoyXRaw_ANA1;5000
14079;IoHw.In.Hardware.Operator.JoyXRaw_ANA1;5000
14180;IoHw.In.Hardware.Operator.JoyXRaw_ANA1;5000
14280;IoHw.In.Hardware.Operator.JoyXRaw_ANA1;5000
14382;IoHw.In.Hardware.Operator.JoyXRaw_ANA1;5000
14483;IoHw.In.Hardware.Operator.JoyXRaw_ANA1;5000
14584;IoHw.In.Hardware.Operator.JoyXRaw_ANA1;5000
14685;IoHw.In.Hardware.Operator.JoyXRaw_ANA1;5000
14787;IoHw.In.Hardware.Operator.JoyXRaw_ANA1;5000
14887;IoHw.In.Hardware.Operator.JoyXRaw_ANA1;5000
14987;IoHw.In.Hardware.Operator.JoyXRaw_ANA1;5000
15086;IoHw.In.Hardware.Operator.JoyXRaw_ANA1;5000
15188;IoHw.In.Hardware.Operator.JoyXRaw_ANA1;5000
15288;IoHw.In.Hardware.Operator.JoyXRaw_ANA1;5000
15388;IoHw.In.Hardware.Operator.JoyXRaw_ANA1;5000
15487;IoHw.In.Hardware.Operator.JoyXRaw_ANA1;5000
15588;IoHw.In.Hardware.Operator.JoyXRaw_ANA1;5000
15687;IoHw.In.Hardware.Operator.JoyXRaw_ANA1;5000
15789;IoHw.In.Hardware.Operator.JoyXRaw_ANA1;5000
15890;IoHw.In.Hardware.Operator.JoyXRaw_ANA1;5000
15992;IoHw.In.Hardware.Operator.JoyXRaw_ANA1;5000
16092;IoHw.In.Hardware.Operator.JoyXRaw_ANA1;5000
16194;IoHw.In.Hardware.Operator.JoyXRaw_ANA1;5000
16293;IoHw.In.Hardware.Operator.JoyXRaw_ANA1;5000
16393;IoHw.In.Hardware.Operator.JoyXRaw_ANA1;5000
16493;IoHw.In.Hardware.Operator.JoyXRaw_ANA1;5000
16593;IoHw.In.Hardware.Operator.JoyXRaw_ANA1;5000
16693;IoHw.In.Hardware.Operator.JoyXRaw_ANA1;5000
16795;IoHw.In.Hardware.Operator.JoyXRaw_ANA1;5000
16894;IoHw.In.Hardware.Operator.JoyXRaw_ANA1;5000
16994;IoHw.In.Hardware.Operator.JoyXRaw_ANA1;5000
17094;IoHw.In.Hardware.Operator.JoyXRaw_ANA1;5000
17195;IoHw.In.Hardware.Operator.JoyXRaw_ANA1;5000
17295;IoHw.In.Hardware.Operator.JoyXRaw_ANA1;5000
17396;IoHw.In.Hardware.Operator.JoyXRaw_ANA1;5000
17498;IoHw.In.Hardware.Operator.JoyXRaw_ANA1;5000
17598;IoHw.In.Hardware.Operator.JoyXRaw_ANA1;5000
17698;IoHw.In.Hardware.Operator.JoyXRaw_ANA1;5000
17801;IoHw.In.Hardware.Operator.JoyXRaw_ANA1;5000
17900;IoHw.In.Hardware.Operator.JoyXRaw_ANA1;5000
18001;IoHw.In.Hardware.Operator.JoyXRaw_ANA1;5000
18100;IoHw.In.Hardware.Operator.JoyXRaw_ANA1;5000
18202;IoHw.In.Hardware.Operator.JoyXRaw_ANA1;5000
18304;IoHw.In.Hardware.Operator.JoyXRaw_ANA1;5000
18404;IoHw.In.Hardware.Operator.JoyXRaw_ANA1;5000
18505;IoHw.In.Hardware.Operator.JoyXRaw_ANA1;5000
18605;IoHw.In.Hardware.Operator.JoyXRaw_ANA1;5000
18706;IoHw.In.Hardware.Operator.JoyXRaw_ANA1;5000
18805;IoHw.In.Hardware.Operator.JoyXRaw_ANA1;5000
18905;IoHw.In.Hardware.Operator.JoyXRaw_ANA1;5000
19007;IoHw.In.Hardware.Operator.JoyXRaw_ANA1;5000
19106;IoHw.In.Hardware.Operator.JoyXRaw_ANA1;5000
19207;IoHw.In.Hardware.Operator.JoyXRaw_ANA1;5000
19306;IoHw.In.Hardware.Operator.JoyXRaw_ANA1;5000
19407;IoHw.In.Hardware.Operator.JoyXRaw_ANA1;5000
19508;IoHw.In.Hardware.Operator.JoyXRaw_ANA1;5000
19607;IoHw.In.Hardware.Operator.JoyXRaw_ANA1;5000
19707;IoHw.In.Hardware.Operator.JoyXRaw_ANA1;5000
19810;IoHw.In.Hardware.Operator.JoyXRaw_ANA1;5000
19911;IoHw.In.Hardware.Operator.JoyXRaw_ANA1;5000
20012;IoHw.In.Hardware.Operator.JoyXRaw_ANA1;5000
20113;IoHw.In.Hardware.Operator.JoyXRaw_ANA1;5000
20212;IoHw.In.Hardware.Operator.JoyXRaw_ANA1;5000
20313;IoHw.In.Hardware.Operator.JoyXRaw_ANA1;5000
20415;IoHw.In.Hardware.Operator.JoyXRaw_ANA1;5000
20516;IoHw.In.Hardware.Operator.JoyXRaw_ANA1;5000
20616;IoHw.In.Hardware.Operator.JoyXRaw_ANA1;5000
20718;IoHw.In.Hardware.Operator.JoyXRaw_ANA1;5000
20818;IoHw.In.Hardware.Operator.JoyXRaw_ANA1;5000
20920;IoHw.In.Hardware.Operator.JoyXRaw_ANA1;5000
21020;IoHw.In.Hardware.Operator.JoyXRaw_ANA1;5000
21121;IoHw.In.Hardware.Operator.JoyXRaw_ANA1;5000
21221;IoHw.In.Hardware.Operator.JoyXRaw_ANA1;5000
21323;IoHw.In.Hardware.Operator.JoyXRaw_ANA1;5000
21424;IoHw.In.Hardware.Operator.JoyXRaw_ANA1;5000
21524;IoHw.In.Hardware.Operator.JoyXRaw_ANA1;5000
21625;IoHw.In.Hardware.Operator.JoyXRaw_ANA1;5000
21724;IoHw.In.Hardware.Operator.JoyXRaw_ANA1;5000
21825;IoHw.In.Hardware.Operator.JoyXRaw_ANA1;5000
21924;IoHw.In.Hardware.Operator.JoyXRaw_ANA1;5000
22026;IoHw.In.Hardware.Operator.JoyXRaw_ANA1;5000
22126;IoHw.In.Hardware.Operator.JoyXRaw_ANA1;5000
22226;IoHw.In.Hardware.Operator.JoyXRaw_ANA1;5000
22327;IoHw.In.Hardware.Operator.JoyXRaw_ANA1;5000
22426;IoHw.In.Hardware.Operator.JoyXRaw_ANA1;5000
22528;IoHw.In.Hardware.Operator.JoyXRaw_ANA1;5000
22628;IoHw.In.Hardware.Operator.JoyXRaw_ANA1;5000
22727;IoHw.In.Hardware.Operator.JoyXRaw_ANA1;5000
22827;IoHw.In.Hardware.Operator.JoyXRaw_ANA1;5000
22930;IoHw.In.Hardware.Operator.JoyXRaw_ANA1;5000
23030;IoHw.In.Hardware.Operator.JoyXRaw_ANA1;5000
23130;IoHw.In.Hardware.Operator.JoyXRaw_ANA1;5000
23231;IoHw.In.Hardware.Operator.JoyXRaw_ANA1;5000
23333;IoHw.In.Hardware.Operator.JoyXRaw_ANA1;5000
23433;IoHw.In.Hardware.Operator.JoyXRaw_ANA1;5000
23534;IoHw.In.Hardware.Operator.JoyXRaw_ANA1;5000
23635;IoHw.In.Hardware.Operator.JoyXRaw_ANA1;5000
23735;IoHw.In.Hardware.Operator.JoyXRaw_ANA1;5000
23836;IoHw.In.Hardware.Operator.JoyXRaw_ANA1;5000
23936;IoHw.In.Hardware.Operator.JoyXRaw_ANA1;5000
24037;IoHw.In.Hardware.Operator.JoyXRaw_ANA1;5000
24137;IoHw.In.Hardware.Operator.JoyXRaw_ANA1;5000
24236;IoHw.In.Hardware.Operator.JoyXRaw_ANA1;5000
24337;IoHw.In.Hardware.Operator.JoyXRaw_ANA1;5000
24437;IoHw.In.Hardware.Operator.JoyXRaw_ANA1;5000
24538;IoHw.In.Hardware.Operator.JoyXRaw_ANA1;5000
24639;IoHw.In.Hardware.Operator.JoyXRaw_ANA1;5000
24740;IoHw.In.Hardware.Operator.JoyXRaw_ANA1;5000
24839;IoHw.In.Hardware.Operator.JoyXRaw_ANA1;5000
24942;IoHw.In.Hardware.Operator.JoyXRaw_ANA1;5000
25042;IoHw.In.Hardware.Operator.JoyXRaw_ANA1;5000
25143;IoHw.In.Hardware.Operator.JoyXRaw_ANA1;5000
25243;IoHw.In.Hardware.Operator.JoyXRaw_ANA1;5000
25345;IoHw.In.Hardware.Operator.JoyXRaw_ANA1;5000
25446;IoHw.In.Hardware.Operator.JoyXRaw_ANA1;5000
25546;IoHw.In.Hardware.Operator.JoyXRaw_ANA1;5000
25646;IoHw.In.Hardware.Operator.JoyXRaw_ANA1;5000
25748;IoHw.In.Hardware.Operator.JoyXRaw_ANA1;5000
25848;IoHw.In.Hardware.Operator.JoyXRaw_ANA1;5000
25949;IoHw.In.Hardware.Operator.JoyXRaw_ANA1;5000
26050;IoHw.In.Hardware.Operator.JoyXRaw_ANA1;5000
26151;IoHw.In.Hardware.Operator.JoyXRaw_ANA1;5000
26252;IoHw.In.Hardware.Operator.JoyXRaw_ANA1;5000
26351;IoHw.In.Hardware.Operator.JoyXRaw_ANA1;5000
26453;IoHw.In.Hardware.Operator.JoyXRaw_ANA1;5000
26552;IoHw.In.Hardware.Operator.JoyXRaw_ANA1;5000
26653;IoHw.In.Hardware.Operator.JoyXRaw_ANA1;5000
26756;IoHw.In.Hardware.Operator.JoyXRaw_ANA1;5000
26856;IoHw.In.Hardware.Operator.JoyXRaw_ANA1;5000
26955;IoHw.In.Hardware.Operator.JoyXRaw_ANA1;5000
27056;IoHw.In.Hardware.Operator.JoyXRaw_ANA1;5000
27156;IoHw.In.Hardware.Operator.JoyXRaw_ANA1;5000
27257;IoHw.In.Hardware.Operator.JoyXRaw_ANA1;5000
27357;IoHw.In.Hardware.Operator.JoyXRaw_ANA1;5000
27459;IoHw.In.Hardware.Operator.JoyXRaw_ANA1;5000
27560;IoHw.In.Hardware.Operator.JoyXRaw_ANA1;5000
27661;IoHw.In.Hardware.Operator.JoyXRaw_ANA1;5000
27761;IoHw.In.Hardware.Operator.JoyXRaw_ANA1;5000
27862;IoHw.In.Hardware.Operator.JoyXRaw_ANA1;5000
27963;IoHw.In.Hardware.Operator.JoyXRaw_ANA1;5000
28063;IoHw.In.Hardware.Operator.JoyXRaw_ANA1;5000
28164;IoHw.In.Hardware.Operator.JoyXRaw_ANA1;5000
28264;IoHw.In.Hardware.Operator.JoyXRaw_ANA1;5000
28363;IoHw.In.Hardware.Operator.JoyXRaw_ANA1;5000
28464;IoHw.In.Hardware.Operator.JoyXRaw_ANA1;5000
28566;IoHw.In.Hardware.Operator.JoyXRaw_ANA1;5000
28668;IoHw.In.Hardware.Operator.JoyXRaw_ANA1;5000
28768;IoHw.In.Hardware.Operator.JoyXRaw_ANA1;5000
28870;IoHw.In.Hardware.Operator.JoyXRaw_ANA1;5000
28969;IoHw.In.Hardware.Operator.JoyXRaw_ANA1;5000
29069;IoHw.In.Hardware.Operator.JoyXRaw_ANA1;5000
29171;IoHw.In.Hardware.Operator.JoyXRaw_ANA1;5000
29272;IoHw.In.Hardware.Operator.JoyXRaw_ANA1;5000
29371;IoHw.In.Hardware.Operator.JoyXRaw_ANA1;5000
29473;IoHw.In.Hardware.Operator.JoyXRaw_ANA1;5000
29572;IoHw.In.Hardware.Operator.JoyXRaw_ANA1;5000
29672;IoHw.In.Hardware.Operator.JoyXRaw_ANA1;5000
29773;IoHw.In.Hardware.Operator.JoyXRaw_ANA1;5000
29872;IoHw.In.Hardware.Operator.JoyXRaw_ANA1;5000
29972;IoHw.In.Hardware.Operator.JoyXRaw_ANA1;5000
30072;IoHw.In.Hardware.Operator.JoyXRaw_ANA1;5000
30173;IoHw.In.Hardware.Operator.JoyXRaw_ANA1;5000
30275;IoHw.In.Hardware.Operator.JoyXRaw_ANA1;5000
30377;IoHw.In.Hardware.Operator.JoyXRaw_ANA1;5000
30476;IoHw.In.Hardware.Operator.JoyXRaw_ANA1;5000
30576;IoHw.In.Hardware.Operator.JoyXRaw_ANA1;5000
30676;IoHw.In.Hardware.Operator.JoyXRaw_ANA1;5000
30776;IoHw.In.Hardware.Operator.JoyXRaw_ANA1;5000
30877;IoHw.In.Hardware.Operator.JoyXRaw_ANA1;5000
30978;IoHw.In.Hardware.Operator.JoyXRaw_ANA1;5000
31078;IoHw.In.Hardware.Operator.JoyXRaw_ANA1;5000
31179;IoHw.In.Hardware.Operator.JoyXRaw_ANA1;5000
31280;IoHw.In.Hardware.Operator.JoyXRaw_ANA1;5000
31380;IoHw.In.Hardware.Operator.JoyXRaw_ANA1;5000
31480;IoHw.In.Hardware.Operator.JoyXRaw_ANA1;5000
31581;IoHw.In.Hardware.Operator.JoyXRaw_ANA1;5000
31681;IoHw.In.Hardware.Operator.JoyXRaw_ANA1;5000
3;IoHw.In.Hardware.Operator.JoyYRaw_ANA2;5000
104;IoHw.In.Hardware.Operator.JoyYRaw_ANA2;5000
204;IoHw.In.Hardware.Operator.JoyYRaw_ANA2;5000
305;IoHw.In.Hardware.Operator.JoyYRaw_ANA2;5000
406;IoHw.In.Hardware.Operator.JoyYRaw_ANA2;5000
507;IoHw.In.Hardware.Operator.JoyYRaw_ANA2;5000
607;IoHw.In.Hardware.Operator.JoyYRaw_ANA2;5000
708;IoHw.In.Hardware.Operator.JoyYRaw_ANA2;5000
809;IoHw.In.Hardware.Operator.JoyYRaw_ANA2;5000
909;IoHw.In.Hardware.Operator.JoyYRaw_ANA2;5000
1009;IoHw.In.Hardware.Operator.JoyYRaw_ANA2;5000
1110;IoHw.In.Hardware.Operator.JoyYRaw_ANA2;5000
1210;IoHw.In.Hardware.Operator.JoyYRaw_ANA2;5000
1310;IoHw.In.Hardware.Operator.JoyYRaw_ANA2;5000
1411;IoHw.In.Hardware.Operator.JoyYRaw_ANA2;5000
1513;IoHw.In.Hardware.Operator.JoyYRaw_ANA2;5000
1613;IoHw.In.Hardware.Operator.JoyYRaw_ANA2;5000
1713;IoHw.In.Hardware.Operator.JoyYRaw_ANA2;5000
1814;IoHw.In.Hardware.Operator.JoyYRaw_ANA2;5000
1914;IoHw.In.Hardware.Operator.JoyYRaw_ANA2;5000
2015;IoHw.In.Hardware.Operator.JoyYRaw_ANA2;5000
2115;IoHw.In.Hardware.Operator.JoyYRaw_ANA2;5000
2216;IoHw.In.Hardware.Operator.JoyYRaw_ANA2;5000
2318;IoHw.In.Hardware.Operator.JoyYRaw_ANA2;5000
2419;IoHw.In.Hardware.Operator.JoyYRaw_ANA2;5000
2519;IoHw.In.Hardware.Operator.JoyYRaw_ANA2;5000
2620;IoHw.In.Hardware.Operator.JoyYRaw_ANA2;5000
2722;IoHw.In.Hardware.Operator.JoyYRaw_ANA2;5000
2821;IoHw.In.Hardware.Operator.JoyYRaw_ANA2;5000
2921;IoHw.In.Hardware.Operator.JoyYRaw_ANA2;5000
3022;IoHw.In.Hardware.Operator.JoyYRaw_ANA2;5000
3123;IoHw.In.Hardware.Operator.JoyYRaw_ANA2;5000
3224;IoHw.In.Hardware.Operator.JoyYRaw_ANA2;5000
3326;IoHw.In.Hardware.Operator.JoyYRaw_ANA2;5000
3426;IoHw.In.Hardware.Operator.JoyYRaw_ANA2;5000
3527;IoHw.In.Hardware.Operator.JoyYRaw_ANA2;4605
3626;IoHw.In.Hardware.Operator.JoyYRaw_ANA2;4460
3726;IoHw.In.Hardware.Operator.JoyYRaw_ANA2;4244
3827;IoHw.In.Hardware.Operator.JoyYRaw_ANA2;3909
3929;IoHw.In.Hardware.Operator.JoyYRaw_ANA2;3522
4028;IoHw.In.Hardware.Operator.JoyYRaw_ANA2;2997
4129;IoHw.In.Hardware.Operator.JoyYRaw_ANA2;2889
4229;IoHw.In.Hardware.Operator.JoyYRaw_ANA2;2674
4329;IoHw.In.Hardware.Operator.JoyYRaw_ANA2;2395
4431;IoHw.In.Hardware.Operator.JoyYRaw_ANA2;1990
4530;IoHw.In.Hardware.Operator.JoyYRaw_ANA2;1540
4630;IoHw.In.Hardware.Operator.JoyYRaw_ANA2;1309
4732;IoHw.In.Hardware.Operator.JoyYRaw_ANA2;1124
4832;IoHw.In.Hardware.Operator.JoyYRaw_ANA2;839
4933;IoHw.In.Hardware.Operator.JoyYRaw_ANA2;454
5034;IoHw.In.Hardware.Operator.JoyYRaw_ANA2;22
5135;IoHw.In.Hardware.Operator.JoyYRaw_ANA2;0
5236;IoHw.In.Hardware.Operator.JoyYRaw_ANA2;0
5336;IoHw.In.Hardware.Operator.JoyYRaw_ANA2;0
5436;IoHw.In.Hardware.Operator.JoyYRaw_ANA2;0
5536;IoHw.In.Hardware.Operator.JoyYRaw_ANA2;0
5637;IoHw.In.Hardware.Operator.JoyYRaw_ANA2;0
5737;IoHw.In.Hardware.Operator.JoyYRaw_ANA2;0
5837;IoHw.In.Hardware.Operator.JoyYRaw_ANA2;0
5937;IoHw.In.Hardware.Operator.JoyYRaw_ANA2;0
6039;IoHw.In.Hardware.Operator.JoyYRaw_ANA2;0
6139;IoHw.In.Hardware.Operator.JoyYRaw_ANA2;0
6240;IoHw.In.Hardware.Operator.JoyYRaw_ANA2;0
6342;IoHw.In.Hardware.Operator.JoyYRaw_ANA2;0
6442;IoHw.In.Hardware.Operator.JoyYRaw_ANA2;0
6543;IoHw.In.Hardware.Operator.JoyYRaw_ANA2;0
6645;IoHw.In.Hardware.Operator.JoyYRaw_ANA2;0
6746;IoHw.In.Hardware.Operator.JoyYRaw_ANA2;0
6846;IoHw.In.Hardware.Operator.JoyYRaw_ANA2;0
6946;IoHw.In.Hardware.Operator.JoyYRaw_ANA2;0
7047;IoHw.In.Hardware.Operator.JoyYRaw_ANA2;0
7148;IoHw.In.Hardware.Operator.JoyYRaw_ANA2;0
7250;IoHw.In.Hardware.Operator.JoyYRaw_ANA2;0
7349;IoHw.In.Hardware.Operator.JoyYRaw_ANA2;0
7450;IoHw.In.Hardware.Operator.JoyYRaw_ANA2;0
7550;IoHw.In.Hardware.Operator.JoyYRaw_ANA2;0
7650;IoHw.In.Hardware.Operator.JoyYRaw_ANA2;0
7751;IoHw.In.Hardware.Operator.JoyYRaw_ANA2;0
7851;IoHw.In.Hardware.Operator.JoyYRaw_ANA2;0
7953;IoHw.In.Hardware.Operator.JoyYRaw_ANA2;0
8054;IoHw.In.Hardware.Operator.JoyYRaw_ANA2;0
8154;IoHw.In.Hardware.Operator.JoyYRaw_ANA2;0
8254;IoHw.In.Hardware.Operator.JoyYRaw_ANA2;0
8355;IoHw.In.Hardware.Operator.JoyYRaw_ANA2;0
8454;IoHw.In.Hardware.Operator.JoyYRaw_ANA2;0
8554;IoHw.In.Hardware.Operator.JoyYRaw_ANA2;0
8654;IoHw.In.Hardware.Operator.JoyYRaw_ANA2;0
8754;IoHw.In.Hardware.Operator.JoyYRaw_ANA2;0
8854;IoHw.In.Hardware.Operator.JoyYRaw_ANA2;2500
8954;IoHw.In.Hardware.Operator.JoyYRaw_ANA2;5000
9055;IoHw.In.Hardware.Operator.JoyYRaw_ANA2;4730
9155;IoHw.In.Hardware.Operator.JoyYRaw_ANA2;4335
9256;IoHw.In.Hardware.Operator.JoyYRaw_ANA2;3894
9357;IoHw.In.Hardware.Operator.JoyYRaw_ANA2;3609
9457;IoHw.In.Hardware.Operator.JoyYRaw_ANA2;3447
9557;IoHw.In.Hardware.Operator.JoyYRaw_ANA2;3172
9658;IoHw.In.Hardware.Operator.JoyYRaw_ANA2;2839
9758;IoHw.In.Hardware.Operator.JoyYRaw_ANA2;2374
9858;IoHw.In.Hardware.Operator.JoyYRaw_ANA2;2020
9958;IoHw.In.Hardware.Operator.JoyYRaw_ANA2;1865
10059;IoHw.In.Hardware.Operator.JoyYRaw_ANA2;1640
10160;IoHw.In.Hardware.Operator.JoyYRaw_ANA2;1295
10259;IoHw.In.Hardware.Operator.JoyYRaw_ANA2;899
10360;IoHw.In.Hardware.Operator.JoyYRaw_ANA2;414
10461;IoHw.In.Hardware.Operator.JoyYRaw_ANA2;297
10562;IoHw.In.Hardware.Operator.JoyYRaw_ANA2;72
10661;IoHw.In.Hardware.Operator.JoyYRaw_ANA2;0
10761;IoHw.In.Hardware.Operator.JoyYRaw_ANA2;0
10863;IoHw.In.Hardware.Operator.JoyYRaw_ANA2;0
10964;IoHw.In.Hardware.Operator.JoyYRaw_ANA2;0
11065;IoHw.In.Hardware.Operator.JoyYRaw_ANA2;0
11165;IoHw.In.Hardware.Operator.JoyYRaw_ANA2;0
11266;IoHw.In.Hardware.Operator.JoyYRaw_ANA2;0
11365;IoHw.In.Hardware.Operator.JoyYRaw_ANA2;0
11465;IoHw.In.Hardware.Operator.JoyYRaw_ANA2;0
11566;IoHw.In.Hardware.Operator.JoyYRaw_ANA2;0
11666;IoHw.In.Hardware.Operator.JoyYRaw_ANA2;0
11765;IoHw.In.Hardware.Operator.JoyYRaw_ANA2;0
11866;IoHw.In.Hardware.Operator.JoyYRaw_ANA2;0
11966;IoHw.In.Hardware.Operator.JoyYRaw_ANA2;0
12067;IoHw.In.Hardware.Operator.JoyYRaw_ANA2;0
12167;IoHw.In.Hardware.Operator.JoyYRaw_ANA2;0
12267;IoHw.In.Hardware.Operator.JoyYRaw_ANA2;0
12368;IoHw.In.Hardware.Operator.JoyYRaw_ANA2;0
12467;IoHw.In.Hardware.Operator.JoyYRaw_ANA2;0
12570;IoHw.In.Hardware.Operator.JoyYRaw_ANA2;0
12669;IoHw.In.Hardware.Operator.JoyYRaw_ANA2;0
12770;IoHw.In.Hardware.Operator.JoyYRaw_ANA2;0
12872;IoHw.In.Hardware.Operator.JoyYRaw_ANA2;0
12972;IoHw.In.Hardware.Operator.JoyYRaw_ANA2;0
13073;IoHw.In.Hardware.Operator.JoyYRaw_ANA2;0
13175;IoHw.In.Hardware.Operator.JoyYRaw_ANA2;0
13275;IoHw.In.Hardware.Operator.JoyYRaw_ANA2;0
13378;IoHw.In.Hardware.Operator.JoyYRaw_ANA2;0
13478;IoHw.In.Hardware.Operator.JoyYRaw_ANA2;0
13577;IoHw.In.Hardware.Operator.JoyYRaw_ANA2;0
13676;IoHw.In.Hardware.Operator.JoyYRaw_ANA2;0
13778;IoHw.In.Hardware.Operator.JoyYRaw_ANA2;0
13878;IoHw.In.Hardware.Operator.JoyYRaw_ANA2;0
13979;IoHw.In.Hardware.Operator.JoyYRaw_ANA2;0
14079;IoHw.In.Hardware.Operator.JoyYRaw_ANA2;0
14180;IoHw.In.Hardware.Operator.JoyYRaw_ANA2;0
14280;IoHw.In.Hardware.Operator.JoyYRaw_ANA2;0
14382;IoHw.In.Hardware.Operator.JoyYRaw_ANA2;0
14483;IoHw.In.Hardware.Operator.JoyYRaw_ANA2;0
14584;IoHw.In.Hardware.Operator.JoyYRaw_ANA2;0
14685;IoHw.In.Hardware.Operator.JoyYRaw_ANA2;0
14787;IoHw.In.Hardware.Operator.JoyYRaw_ANA2;0
14887;IoHw.In.Hardware.Operator.JoyYRaw_ANA2;0
14987;IoHw.In.Hardware.Operator.JoyYRaw_ANA2;0
15086;IoHw.In.Hardware.Operator.JoyYRaw_ANA2;0
15188;IoHw.In.Hardware.Operator.JoyYRaw_ANA2;0
15288;IoHw.In.Hardware.Operator.JoyYRaw_ANA2;0
15388;IoHw.In.Hardware.Operator.JoyYRaw_ANA2;0
15487;IoHw.In.Hardware.Operator.JoyYRaw_ANA2;0
15588;IoHw.In.Hardware.Operator.JoyYRaw_ANA2;0
15687;IoHw.In.Hardware.Operator.JoyYRaw_ANA2;0
15789;IoHw.In.Hardware.Operator.JoyYRaw_ANA2;0
15890;IoHw.In.Hardware.Operator.JoyYRaw_ANA2;0
15992;IoHw.In.Hardware.Operator.JoyYRaw_ANA2;0
16092;IoHw.In.Hardware.Operator.JoyYRaw_ANA2;0
16194;IoHw.In.Hardware.Operator.JoyYRaw_ANA2;0
16293;IoHw.In.Hardware.Operator.JoyYRaw_ANA2;0
16393;IoHw.In.Hardware.Operator.JoyYRaw_ANA2;0
16493;IoHw.In.Hardware.Operator.JoyYRaw_ANA2;0
16593;IoHw.In.Hardware.Operator.JoyYRaw_ANA2;0
16693;IoHw.In.Hardware.Operator.JoyYRaw_ANA2;0
16795;IoHw.In.Hardware.Operator.JoyYRaw_ANA2;0
16894;IoHw.In.Hardware.Operator.JoyYRaw_ANA2;0
16994;IoHw.In.Hardware.Operator.JoyYRaw_ANA2;0
17094;IoHw.In.Hardware.Operator.JoyYRaw_ANA2;0
17195;IoHw.In.Hardware.Operator.JoyYRaw_ANA2;0
17295;IoHw.In.Hardware.Operator.JoyYRaw_ANA2;0
17396;IoHw.In.Hardware.Operator.JoyYRaw_ANA2;0
17498;IoHw.In.Hardware.Operator.JoyYRaw_ANA2;0
17598;IoHw.In.Hardware.Operator.JoyYRaw_ANA2;0
17698;IoHw.In.Hardware.Operator.JoyYRaw_ANA2;0
17801;IoHw.In.Hardware.Operator.JoyYRaw_ANA2;0
17900;IoHw.In.Hardware.Operator.JoyYRaw_ANA2;0
18001;IoHw.In.Hardware.Operator.JoyYRaw_ANA2;0
18100;IoHw.In.Hardware.Operator.JoyYRaw_ANA2;0
18202;IoHw.In.Hardware.Operator.JoyYRaw_ANA2;0
18304;IoHw.In.Hardware.Operator.JoyYRaw_ANA2;0
18404;IoHw.In.Hardware.Operator.JoyYRaw_ANA2;0
18505;IoHw.In.Hardware.Operator.JoyYRaw_ANA2;0
18605;IoHw.In.Hardware.Operator.JoyYRaw_ANA2;0
18706;IoHw.In.Hardware.Operator.JoyYRaw_ANA2;0
18805;IoHw.In.Hardware.Operator.JoyYRaw_ANA2;0
18905;IoHw.In.Hardware.Operator.JoyYRaw_ANA2;0
19007;IoHw.In.Hardware.Operator.JoyYRaw_ANA2;0
19106;IoHw.In.Hardware.Operator.JoyYRaw_ANA2;0
19207;IoHw.In.Hardware.Operator.JoyYRaw_ANA2;0
19306;IoHw.In.Hardware.Operator.JoyYRaw_ANA2;0
19407;IoHw.In.Hardware.Operator.JoyYRaw_ANA2;0
19508;IoHw.In.Hardware.Operator.JoyYRaw_ANA2;0
19607;IoHw.In.Hardware.Operator.JoyYRaw_ANA2;0
19707;IoHw.In.Hardware.Operator.JoyYRaw_ANA2;0
19810;IoHw.In.Hardware.Operator.JoyYRaw_ANA2;0
19911;IoHw.In.Hardware.Operator.JoyYRaw_ANA2;0
20012;IoHw.In.Hardware.Operator.JoyYRaw_ANA2;0
20113;IoHw.In.Hardware.Operator.JoyYRaw_ANA2;0
20212;IoHw.In.Hardware.Operator.JoyYRaw_ANA2;0
20313;IoHw.In.Hardware.Operator.JoyYRaw_ANA2;0
20415;IoHw.In.Hardware.Operator.JoyYRaw_ANA2;0
20516;IoHw.In.Hardware.Operator.JoyYRaw_ANA2;0
20616;IoHw.In.Hardware.Operator.JoyYRaw_ANA2;0
20718;IoHw.In.Hardware.Operator.JoyYRaw_ANA2;0
20818;IoHw.In.Hardware.Operator.JoyYRaw_ANA2;0
20920;IoHw.In.Hardware.Operator.JoyYRaw_ANA2;0
21020;IoHw.In.Hardware.Operator.JoyYRaw_ANA2;0
21121;IoHw.In.Hardware.Operator.JoyYRaw_ANA2;0
21221;IoHw.In.Hardware.Operator.JoyYRaw_ANA2;0
21323;IoHw.In.Hardware.Operator.JoyYRaw_ANA2;0
21424;IoHw.In.Hardware.Operator.JoyYRaw_ANA2;0
21524;IoHw.In.Hardware.Operator.JoyYRaw_ANA2;0
21625;IoHw.In.Hardware.Operator.JoyYRaw_ANA2;0
21724;IoHw.In.Hardware.Operator.JoyYRaw_ANA2;0
21825;IoHw.In.Hardware.Operator.JoyYRaw_ANA2;0
21924;IoHw.In.Hardware.Operator.JoyYRaw_ANA2;0
22026;IoHw.In.Hardware.Operator.JoyYRaw_ANA2;0
22126;IoHw.In.Hardware.Operator.JoyYRaw_ANA2;0
22226;IoHw.In.Hardware.Operator.JoyYRaw_ANA2;0
22327;IoHw.In.Hardware.Operator.JoyYRaw_ANA2;0
22426;IoHw.In.Hardware.Operator.JoyYRaw_ANA2;0
22528;IoHw.In.Hardware.Operator.JoyYRaw_ANA2;0
22628;IoHw.In.Hardware.Operator.JoyYRaw_ANA2;0
22727;IoHw.In.Hardware.Operator.JoyYRaw_ANA2;0
22827;IoHw.In.Hardware.Operator.JoyYRaw_ANA2;0
22930;IoHw.In.Hardware.Operator.JoyYRaw_ANA2;0
23030;IoHw.In.Hardware.Operator.JoyYRaw_ANA2;0
23130;IoHw.In.Hardware.Operator.JoyYRaw_ANA2;0
23231;IoHw.In.Hardware.Operator.JoyYRaw_ANA2;0
23333;IoHw.In.Hardware.Operator.JoyYRaw_ANA2;0
23433;IoHw.In.Hardware.Operator.JoyYRaw_ANA2;0
23534;IoHw.In.Hardware.Operator.JoyYRaw_ANA2;0
23635;IoHw.In.Hardware.Operator.JoyYRaw_ANA2;0
23735;IoHw.In.Hardware.Operator.JoyYRaw_ANA2;0
23836;IoHw.In.Hardware.Operator.JoyYRaw_ANA2;0
23936;IoHw.In.Hardware.Operator.JoyYRaw_ANA2;0
24037;IoHw.In.Hardware.Operator.JoyYRaw_ANA2;0
24137;IoHw.In.Hardware.Operator.JoyYRaw_ANA2;0
24236;IoHw.In.Hardware.Operator.JoyYRaw_ANA2;0
24337;IoHw.In.Hardware.Operator.JoyYRaw_ANA2;0
24437;IoHw.In.Hardware.Operator.JoyYRaw_ANA2;0
24538;IoHw.In.Hardware.Operator.JoyYRaw_ANA2;0
24639;IoHw.In.Hardware.Operator.JoyYRaw_ANA2;0
24740;IoHw.In.Hardware.Operator.JoyYRaw_ANA2;0
24839;IoHw.In.Hardware.Operator.JoyYRaw_ANA2;0
24942;IoHw.In.Hardware.Operator.JoyYRaw_ANA2;0
25042;IoHw.In.Hardware.Operator.JoyYRaw_ANA2;0
25143;IoHw.In.Hardware.Operator.JoyYRaw_ANA2;0
25243;IoHw.In.Hardware.Operator.JoyYRaw_ANA2;0
25345;IoHw.In.Hardware.Operator.JoyYRaw_ANA2;0
25446;IoHw.In.Hardware.Operator.JoyYRaw_ANA2;0
25546;IoHw.In.Hardware.Operator.JoyYRaw_ANA2;0
25646;IoHw.In.Hardware.Operator.JoyYRaw_ANA2;0
25748;IoHw.In.Hardware.Operator.JoyYRaw_ANA2;0
25848;IoHw.In.Hardware.Operator.JoyYRaw_ANA2;0
25949;IoHw.In.Hardware.Operator.JoyYRaw_ANA2;0
26050;IoHw.In.Hardware.Operator.JoyYRaw_ANA2;0
26151;IoHw.In.Hardware.Operator.JoyYRaw_ANA2;0
26252;IoHw.In.Hardware.Operator.JoyYRaw_ANA2;0
26351;IoHw.In.Hardware.Operator.JoyYRaw_ANA2;0
26453;IoHw.In.Hardware.Operator.JoyYRaw_ANA2;0
26552;IoHw.In.Hardware.Operator.JoyYRaw_ANA2;0
26653;IoHw.In.Hardware.Operator.JoyYRaw_ANA2;0
26756;IoHw.In.Hardware.Operator.JoyYRaw_ANA2;0
26856;IoHw.In.Hardware.Operator.JoyYRaw_ANA2;0
26955;IoHw.In.Hardware.Operator.JoyYRaw_ANA2;0
27056;IoHw.In.Hardware.Operator.JoyYRaw_ANA2;0
27156;IoHw.In.Hardware.Operator.JoyYRaw_ANA2;0
27257;IoHw.In.Hardware.Operator.JoyYRaw_ANA2;0
27357;IoHw.In.Hardware.Operator.JoyYRaw_ANA2;0
27459;IoHw.In.Hardware.Operator.JoyYRaw_ANA2;0
27560;IoHw.In.Hardware.Operator.JoyYRaw_ANA2;0
27661;IoHw.In.Hardware.Operator.JoyYRaw_ANA2;0
27761;IoHw.In.Hardware.Operator.JoyYRaw_ANA2;0
27862;IoHw.In.Hardware.Operator.JoyYRaw_ANA2;0
27963;IoHw.In.Hardware.Operator.JoyYRaw_ANA2;0
28063;IoHw.In.Hardware.Operator.JoyYRaw_ANA2;0
28164;IoHw.In.Hardware.Operator.JoyYRaw_ANA2;0
28264;IoHw.In.Hardware.Operator.JoyYRaw_ANA2;0
28363;IoHw.In.Hardware.Operator.JoyYRaw_ANA2;0
28464;IoHw.In.Hardware.Operator.JoyYRaw_ANA2;0
28566;IoHw.In.Hardware.Operator.JoyYRaw_ANA2;0
28668;IoHw.In.Hardware.Operator.JoyYRaw_ANA2;0
28768;IoHw.In.Hardware.Operator.JoyYRaw_ANA2;0
28870;IoHw.In.Hardware.Operator.JoyYRaw_ANA2;0
28969;IoHw.In.Hardware.Operator.JoyYRaw_ANA2;0
29069;IoHw.In.Hardware.Operator.JoyYRaw_ANA2;0
29171;IoHw.In.Hardware.Operator.JoyYRaw_ANA2;0
29272;IoHw.In.Hardware.Operator.JoyYRaw_ANA2;0
29371;IoHw.In.Hardware.Operator.JoyYRaw_ANA2;0
29473;IoHw.In.Hardware.Operator.JoyYRaw_ANA2;0
29572;IoHw.In.Hardware.Operator.JoyYRaw_ANA2;0
29672;IoHw.In.Hardware.Operator.JoyYRaw_ANA2;0
29773;IoHw.In.Hardware.Operator.JoyYRaw_ANA2;0
29872;IoHw.In.Hardware.Operator.JoyYRaw_ANA2;0
29972;IoHw.In.Hardware.Operator.JoyYRaw_ANA2;0
30072;IoHw.In.Hardware.Operator.JoyYRaw_ANA2;0
30173;IoHw.In.Hardware.Operator.JoyYRaw_ANA2;0
30275;IoHw.In.Hardware.Operator.JoyYRaw_ANA2;0
30377;IoHw.In.Hardware.Operator.JoyYRaw_ANA2;0
30476;IoHw.In.Hardware.Operator.JoyYRaw_ANA2;0
30576;IoHw.In.Hardware.Operator.JoyYRaw_ANA2;0
30676;IoHw.In.Hardware.Operator.JoyYRaw_ANA2;0
30776;IoHw.In.Hardware.Operator.JoyYRaw_ANA2;0
30877;IoHw.In.Hardware.Operator.JoyYRaw_ANA2;0
30978;IoHw.In.Hardware.Operator.JoyYRaw_ANA2;0
31078;IoHw.In.Hardware.Operator.JoyYRaw_ANA2;0
31179;IoHw.In.Hardware.Operator.JoyYRaw_ANA2;0
31280;IoHw.In.Hardware.Operator.JoyYRaw_ANA2;0
31380;IoHw.In.Hardware.Operator.JoyYRaw_ANA2;0
31480;IoHw.In.Hardware.Operator.JoyYRaw_ANA2;0
31581;IoHw.In.Hardware.Operator.JoyYRaw_ANA2;0
31681;IoHw.In.Hardware.Operator.JoyYRaw_ANA2;0
3;M1TreuilRetenue.Safety.ErrorMecaB;0
104;M1TreuilRetenue.Safety.ErrorMecaB;0
204;M1TreuilRetenue.Safety.ErrorMecaB;0
305;M1TreuilRetenue.Safety.ErrorMecaB;0
406;M1TreuilRetenue.Safety.ErrorMecaB;0
507;M1TreuilRetenue.Safety.ErrorMecaB;0
607;M1TreuilRetenue.Safety.ErrorMecaB;0
708;M1TreuilRetenue.Safety.ErrorMecaB;0
809;M1TreuilRetenue.Safety.ErrorMecaB;0
909;M1TreuilRetenue.Safety.ErrorMecaB;0
1009;M1TreuilRetenue.Safety.ErrorMecaB;0
1110;M1TreuilRetenue.Safety.ErrorMecaB;0
1210;M1TreuilRetenue.Safety.ErrorMecaB;0
1310;M1TreuilRetenue.Safety.ErrorMecaB;0
1411;M1TreuilRetenue.Safety.ErrorMecaB;0
1513;M1TreuilRetenue.Safety.ErrorMecaB;0
1613;M1TreuilRetenue.Safety.ErrorMecaB;0
1713;M1TreuilRetenue.Safety.ErrorMecaB;0
1814;M1TreuilRetenue.Safety.ErrorMecaB;0
1914;M1TreuilRetenue.Safety.ErrorMecaB;0
2015;M1TreuilRetenue.Safety.ErrorMecaB;0
2115;M1TreuilRetenue.Safety.ErrorMecaB;0
2216;M1TreuilRetenue.Safety.ErrorMecaB;0
2318;M1TreuilRetenue.Safety.ErrorMecaB;0
2419;M1TreuilRetenue.Safety.ErrorMecaB;0
2519;M1TreuilRetenue.Safety.ErrorMecaB;0
2620;M1TreuilRetenue.Safety.ErrorMecaB;0
2722;M1TreuilRetenue.Safety.ErrorMecaB;0
2821;M1TreuilRetenue.Safety.ErrorMecaB;0
2921;M1TreuilRetenue.Safety.ErrorMecaB;0
3022;M1TreuilRetenue.Safety.ErrorMecaB;0
3123;M1TreuilRetenue.Safety.ErrorMecaB;0
3224;M1TreuilRetenue.Safety.ErrorMecaB;0
3326;M1TreuilRetenue.Safety.ErrorMecaB;0
3426;M1TreuilRetenue.Safety.ErrorMecaB;0
3527;M1TreuilRetenue.Safety.ErrorMecaB;0
3626;M1TreuilRetenue.Safety.ErrorMecaB;0
3726;M1TreuilRetenue.Safety.ErrorMecaB;0
3827;M1TreuilRetenue.Safety.ErrorMecaB;0
3929;M1TreuilRetenue.Safety.ErrorMecaB;0
4028;M1TreuilRetenue.Safety.ErrorMecaB;0
4129;M1TreuilRetenue.Safety.ErrorMecaB;0
4229;M1TreuilRetenue.Safety.ErrorMecaB;0
4329;M1TreuilRetenue.Safety.ErrorMecaB;0
4431;M1TreuilRetenue.Safety.ErrorMecaB;0
4530;M1TreuilRetenue.Safety.ErrorMecaB;0
4630;M1TreuilRetenue.Safety.ErrorMecaB;0
4732;M1TreuilRetenue.Safety.ErrorMecaB;0
4832;M1TreuilRetenue.Safety.ErrorMecaB;0
4933;M1TreuilRetenue.Safety.ErrorMecaB;0
5034;M1TreuilRetenue.Safety.ErrorMecaB;0
5135;M1TreuilRetenue.Safety.ErrorMecaB;0
5236;M1TreuilRetenue.Safety.ErrorMecaB;0
5336;M1TreuilRetenue.Safety.ErrorMecaB;0
5436;M1TreuilRetenue.Safety.ErrorMecaB;0
5536;M1TreuilRetenue.Safety.ErrorMecaB;0
5637;M1TreuilRetenue.Safety.ErrorMecaB;0
5737;M1TreuilRetenue.Safety.ErrorMecaB;0
5837;M1TreuilRetenue.Safety.ErrorMecaB;0
5937;M1TreuilRetenue.Safety.ErrorMecaB;0
6039;M1TreuilRetenue.Safety.ErrorMecaB;0
6139;M1TreuilRetenue.Safety.ErrorMecaB;0
6240;M1TreuilRetenue.Safety.ErrorMecaB;0
6342;M1TreuilRetenue.Safety.ErrorMecaB;0
6442;M1TreuilRetenue.Safety.ErrorMecaB;0
6543;M1TreuilRetenue.Safety.ErrorMecaB;0
6645;M1TreuilRetenue.Safety.ErrorMecaB;0
6746;M1TreuilRetenue.Safety.ErrorMecaB;0
6846;M1TreuilRetenue.Safety.ErrorMecaB;0
6946;M1TreuilRetenue.Safety.ErrorMecaB;0
7047;M1TreuilRetenue.Safety.ErrorMecaB;0
7148;M1TreuilRetenue.Safety.ErrorMecaB;0
7250;M1TreuilRetenue.Safety.ErrorMecaB;0
7349;M1TreuilRetenue.Safety.ErrorMecaB;0
7450;M1TreuilRetenue.Safety.ErrorMecaB;0
7550;M1TreuilRetenue.Safety.ErrorMecaB;0
7650;M1TreuilRetenue.Safety.ErrorMecaB;0
7751;M1TreuilRetenue.Safety.ErrorMecaB;0
7851;M1TreuilRetenue.Safety.ErrorMecaB;0
7953;M1TreuilRetenue.Safety.ErrorMecaB;0
8054;M1TreuilRetenue.Safety.ErrorMecaB;0
8154;M1TreuilRetenue.Safety.ErrorMecaB;0
8254;M1TreuilRetenue.Safety.ErrorMecaB;0
8355;M1TreuilRetenue.Safety.ErrorMecaB;0
8454;M1TreuilRetenue.Safety.ErrorMecaB;0
8554;M1TreuilRetenue.Safety.ErrorMecaB;0
8654;M1TreuilRetenue.Safety.ErrorMecaB;0
8754;M1TreuilRetenue.Safety.ErrorMecaB;0
8854;M1TreuilRetenue.Safety.ErrorMecaB;0
8954;M1TreuilRetenue.Safety.ErrorMecaB;0
9055;M1TreuilRetenue.Safety.ErrorMecaB;0
9155;M1TreuilRetenue.Safety.ErrorMecaB;0
9256;M1TreuilRetenue.Safety.ErrorMecaB;0
9357;M1TreuilRetenue.Safety.ErrorMecaB;0
9457;M1TreuilRetenue.Safety.ErrorMecaB;0
9557;M1TreuilRetenue.Safety.ErrorMecaB;0
9658;M1TreuilRetenue.Safety.ErrorMecaB;0
9758;M1TreuilRetenue.Safety.ErrorMecaB;0
9858;M1TreuilRetenue.Safety.ErrorMecaB;0
9958;M1TreuilRetenue.Safety.ErrorMecaB;0
10059;M1TreuilRetenue.Safety.ErrorMecaB;0
10160;M1TreuilRetenue.Safety.ErrorMecaB;0
10259;M1TreuilRetenue.Safety.ErrorMecaB;0
10360;M1TreuilRetenue.Safety.ErrorMecaB;0
10461;M1TreuilRetenue.Safety.ErrorMecaB;0
10562;M1TreuilRetenue.Safety.ErrorMecaB;0
10661;M1TreuilRetenue.Safety.ErrorMecaB;0
10761;M1TreuilRetenue.Safety.ErrorMecaB;0
10863;M1TreuilRetenue.Safety.ErrorMecaB;0
10964;M1TreuilRetenue.Safety.ErrorMecaB;0
11065;M1TreuilRetenue.Safety.ErrorMecaB;0
11165;M1TreuilRetenue.Safety.ErrorMecaB;0
11266;M1TreuilRetenue.Safety.ErrorMecaB;0
11365;M1TreuilRetenue.Safety.ErrorMecaB;0
11465;M1TreuilRetenue.Safety.ErrorMecaB;0
11566;M1TreuilRetenue.Safety.ErrorMecaB;0
11666;M1TreuilRetenue.Safety.ErrorMecaB;0
11765;M1TreuilRetenue.Safety.ErrorMecaB;0
11866;M1TreuilRetenue.Safety.ErrorMecaB;0
11966;M1TreuilRetenue.Safety.ErrorMecaB;0
12067;M1TreuilRetenue.Safety.ErrorMecaB;0
12167;M1TreuilRetenue.Safety.ErrorMecaB;0
12267;M1TreuilRetenue.Safety.ErrorMecaB;0
12368;M1TreuilRetenue.Safety.ErrorMecaB;0
12467;M1TreuilRetenue.Safety.ErrorMecaB;0
12570;M1TreuilRetenue.Safety.ErrorMecaB;0
12669;M1TreuilRetenue.Safety.ErrorMecaB;0
12770;M1TreuilRetenue.Safety.ErrorMecaB;0
12872;M1TreuilRetenue.Safety.ErrorMecaB;0
12972;M1TreuilRetenue.Safety.ErrorMecaB;0
13073;M1TreuilRetenue.Safety.ErrorMecaB;0
13175;M1TreuilRetenue.Safety.ErrorMecaB;0
13275;M1TreuilRetenue.Safety.ErrorMecaB;0
13378;M1TreuilRetenue.Safety.ErrorMecaB;0
13478;M1TreuilRetenue.Safety.ErrorMecaB;0
13577;M1TreuilRetenue.Safety.ErrorMecaB;0
13676;M1TreuilRetenue.Safety.ErrorMecaB;0
13778;M1TreuilRetenue.Safety.ErrorMecaB;0
13878;M1TreuilRetenue.Safety.ErrorMecaB;0
13979;M1TreuilRetenue.Safety.ErrorMecaB;0
14079;M1TreuilRetenue.Safety.ErrorMecaB;0
14180;M1TreuilRetenue.Safety.ErrorMecaB;0
14280;M1TreuilRetenue.Safety.ErrorMecaB;0
14382;M1TreuilRetenue.Safety.ErrorMecaB;0
14483;M1TreuilRetenue.Safety.ErrorMecaB;0
14584;M1TreuilRetenue.Safety.ErrorMecaB;0
14685;M1TreuilRetenue.Safety.ErrorMecaB;0
14787;M1TreuilRetenue.Safety.ErrorMecaB;0
14887;M1TreuilRetenue.Safety.ErrorMecaB;0
14987;M1TreuilRetenue.Safety.ErrorMecaB;0
15086;M1TreuilRetenue.Safety.ErrorMecaB;0
15188;M1TreuilRetenue.Safety.ErrorMecaB;0
15288;M1TreuilRetenue.Safety.ErrorMecaB;0
15388;M1TreuilRetenue.Safety.ErrorMecaB;0
15487;M1TreuilRetenue.Safety.ErrorMecaB;0
15588;M1TreuilRetenue.Safety.ErrorMecaB;0
15687;M1TreuilRetenue.Safety.ErrorMecaB;0
15789;M1TreuilRetenue.Safety.ErrorMecaB;0
15890;M1TreuilRetenue.Safety.ErrorMecaB;0
15992;M1TreuilRetenue.Safety.ErrorMecaB;0
16092;M1TreuilRetenue.Safety.ErrorMecaB;0
16194;M1TreuilRetenue.Safety.ErrorMecaB;0
16293;M1TreuilRetenue.Safety.ErrorMecaB;0
16393;M1TreuilRetenue.Safety.ErrorMecaB;0
16493;M1TreuilRetenue.Safety.ErrorMecaB;0
16593;M1TreuilRetenue.Safety.ErrorMecaB;0
16693;M1TreuilRetenue.Safety.ErrorMecaB;0
16795;M1TreuilRetenue.Safety.ErrorMecaB;0
16894;M1TreuilRetenue.Safety.ErrorMecaB;0
16994;M1TreuilRetenue.Safety.ErrorMecaB;0
17094;M1TreuilRetenue.Safety.ErrorMecaB;0
17195;M1TreuilRetenue.Safety.ErrorMecaB;0
17295;M1TreuilRetenue.Safety.ErrorMecaB;0
17396;M1TreuilRetenue.Safety.ErrorMecaB;0
17498;M1TreuilRetenue.Safety.ErrorMecaB;0
17598;M1TreuilRetenue.Safety.ErrorMecaB;0
17698;M1TreuilRetenue.Safety.ErrorMecaB;0
17801;M1TreuilRetenue.Safety.ErrorMecaB;0
17900;M1TreuilRetenue.Safety.ErrorMecaB;0
18001;M1TreuilRetenue.Safety.ErrorMecaB;0
18100;M1TreuilRetenue.Safety.ErrorMecaB;0
18202;M1TreuilRetenue.Safety.ErrorMecaB;0
18304;M1TreuilRetenue.Safety.ErrorMecaB;0
18404;M1TreuilRetenue.Safety.ErrorMecaB;0
18505;M1TreuilRetenue.Safety.ErrorMecaB;0
18605;M1TreuilRetenue.Safety.ErrorMecaB;0
18706;M1TreuilRetenue.Safety.ErrorMecaB;0
18805;M1TreuilRetenue.Safety.ErrorMecaB;0
18905;M1TreuilRetenue.Safety.ErrorMecaB;0
19007;M1TreuilRetenue.Safety.ErrorMecaB;0
19106;M1TreuilRetenue.Safety.ErrorMecaB;0
19207;M1TreuilRetenue.Safety.ErrorMecaB;0
19306;M1TreuilRetenue.Safety.ErrorMecaB;0
19407;M1TreuilRetenue.Safety.ErrorMecaB;0
19508;M1TreuilRetenue.Safety.ErrorMecaB;0
19607;M1TreuilRetenue.Safety.ErrorMecaB;0
19707;M1TreuilRetenue.Safety.ErrorMecaB;0
19810;M1TreuilRetenue.Safety.ErrorMecaB;0
19911;M1TreuilRetenue.Safety.ErrorMecaB;0
20012;M1TreuilRetenue.Safety.ErrorMecaB;0
20113;M1TreuilRetenue.Safety.ErrorMecaB;0
20212;M1TreuilRetenue.Safety.ErrorMecaB;0
20313;M1TreuilRetenue.Safety.ErrorMecaB;0
20415;M1TreuilRetenue.Safety.ErrorMecaB;0
20516;M1TreuilRetenue.Safety.ErrorMecaB;0
20616;M1TreuilRetenue.Safety.ErrorMecaB;0
20718;M1TreuilRetenue.Safety.ErrorMecaB;0
20818;M1TreuilRetenue.Safety.ErrorMecaB;0
20920;M1TreuilRetenue.Safety.ErrorMecaB;0
21020;M1TreuilRetenue.Safety.ErrorMecaB;0
21121;M1TreuilRetenue.Safety.ErrorMecaB;0
21221;M1TreuilRetenue.Safety.ErrorMecaB;0
21323;M1TreuilRetenue.Safety.ErrorMecaB;0
21424;M1TreuilRetenue.Safety.ErrorMecaB;0
21524;M1TreuilRetenue.Safety.ErrorMecaB;0
21625;M1TreuilRetenue.Safety.ErrorMecaB;0
21724;M1TreuilRetenue.Safety.ErrorMecaB;0
21825;M1TreuilRetenue.Safety.ErrorMecaB;0
21924;M1TreuilRetenue.Safety.ErrorMecaB;0
22026;M1TreuilRetenue.Safety.ErrorMecaB;0
22126;M1TreuilRetenue.Safety.ErrorMecaB;0
22226;M1TreuilRetenue.Safety.ErrorMecaB;0
22327;M1TreuilRetenue.Safety.ErrorMecaB;0
22426;M1TreuilRetenue.Safety.ErrorMecaB;0
22528;M1TreuilRetenue.Safety.ErrorMecaB;0
22628;M1TreuilRetenue.Safety.ErrorMecaB;0
22727;M1TreuilRetenue.Safety.ErrorMecaB;0
22827;M1TreuilRetenue.Safety.ErrorMecaB;0
22930;M1TreuilRetenue.Safety.ErrorMecaB;0
23030;M1TreuilRetenue.Safety.ErrorMecaB;0
23130;M1TreuilRetenue.Safety.ErrorMecaB;0
23231;M1TreuilRetenue.Safety.ErrorMecaB;0
23333;M1TreuilRetenue.Safety.ErrorMecaB;0
23433;M1TreuilRetenue.Safety.ErrorMecaB;0
23534;M1TreuilRetenue.Safety.ErrorMecaB;0
23635;M1TreuilRetenue.Safety.ErrorMecaB;0
23735;M1TreuilRetenue.Safety.ErrorMecaB;0
23836;M1TreuilRetenue.Safety.ErrorMecaB;0
23936;M1TreuilRetenue.Safety.ErrorMecaB;0
24037;M1TreuilRetenue.Safety.ErrorMecaB;0
24137;M1TreuilRetenue.Safety.ErrorMecaB;0
24236;M1TreuilRetenue.Safety.ErrorMecaB;0
24337;M1TreuilRetenue.Safety.ErrorMecaB;0
24437;M1TreuilRetenue.Safety.ErrorMecaB;0
24538;M1TreuilRetenue.Safety.ErrorMecaB;0
24639;M1TreuilRetenue.Safety.ErrorMecaB;0
24740;M1TreuilRetenue.Safety.ErrorMecaB;0
24839;M1TreuilRetenue.Safety.ErrorMecaB;0
24942;M1TreuilRetenue.Safety.ErrorMecaB;0
25042;M1TreuilRetenue.Safety.ErrorMecaB;0
25143;M1TreuilRetenue.Safety.ErrorMecaB;0
25243;M1TreuilRetenue.Safety.ErrorMecaB;0
25345;M1TreuilRetenue.Safety.ErrorMecaB;0
25446;M1TreuilRetenue.Safety.ErrorMecaB;0
25546;M1TreuilRetenue.Safety.ErrorMecaB;0
25646;M1TreuilRetenue.Safety.ErrorMecaB;0
25748;M1TreuilRetenue.Safety.ErrorMecaB;0
25848;M1TreuilRetenue.Safety.ErrorMecaB;0
25949;M1TreuilRetenue.Safety.ErrorMecaB;0
26050;M1TreuilRetenue.Safety.ErrorMecaB;0
26151;M1TreuilRetenue.Safety.ErrorMecaB;0
26252;M1TreuilRetenue.Safety.ErrorMecaB;0
26351;M1TreuilRetenue.Safety.ErrorMecaB;0
26453;M1TreuilRetenue.Safety.ErrorMecaB;0
26552;M1TreuilRetenue.Safety.ErrorMecaB;0
26653;M1TreuilRetenue.Safety.ErrorMecaB;0
26756;M1TreuilRetenue.Safety.ErrorMecaB;0
26856;M1TreuilRetenue.Safety.ErrorMecaB;0
26955;M1TreuilRetenue.Safety.ErrorMecaB;0
27056;M1TreuilRetenue.Safety.ErrorMecaB;0
27156;M1TreuilRetenue.Safety.ErrorMecaB;0
27257;M1TreuilRetenue.Safety.ErrorMecaB;0
27357;M1TreuilRetenue.Safety.ErrorMecaB;0
27459;M1TreuilRetenue.Safety.ErrorMecaB;0
27560;M1TreuilRetenue.Safety.ErrorMecaB;0
27661;M1TreuilRetenue.Safety.ErrorMecaB;0
27761;M1TreuilRetenue.Safety.ErrorMecaB;0
27862;M1TreuilRetenue.Safety.ErrorMecaB;0
27963;M1TreuilRetenue.Safety.ErrorMecaB;0
28063;M1TreuilRetenue.Safety.ErrorMecaB;0
28164;M1TreuilRetenue.Safety.ErrorMecaB;0
28264;M1TreuilRetenue.Safety.ErrorMecaB;0
28363;M1TreuilRetenue.Safety.ErrorMecaB;0
28464;M1TreuilRetenue.Safety.ErrorMecaB;0
28566;M1TreuilRetenue.Safety.ErrorMecaB;0
28668;M1TreuilRetenue.Safety.ErrorMecaB;0
28768;M1TreuilRetenue.Safety.ErrorMecaB;0
28870;M1TreuilRetenue.Safety.ErrorMecaB;0
28969;M1TreuilRetenue.Safety.ErrorMecaB;0
29069;M1TreuilRetenue.Safety.ErrorMecaB;0
29171;M1TreuilRetenue.Safety.ErrorMecaB;0
29272;M1TreuilRetenue.Safety.ErrorMecaB;0
29371;M1TreuilRetenue.Safety.ErrorMecaB;0
29473;M1TreuilRetenue.Safety.ErrorMecaB;0
29572;M1TreuilRetenue.Safety.ErrorMecaB;0
29672;M1TreuilRetenue.Safety.ErrorMecaB;0
29773;M1TreuilRetenue.Safety.ErrorMecaB;0
29872;M1TreuilRetenue.Safety.ErrorMecaB;0
29972;M1TreuilRetenue.Safety.ErrorMecaB;0
30072;M1TreuilRetenue.Safety.ErrorMecaB;0
30173;M1TreuilRetenue.Safety.ErrorMecaB;0
30275;M1TreuilRetenue.Safety.ErrorMecaB;0
30377;M1TreuilRetenue.Safety.ErrorMecaB;0
30476;M1TreuilRetenue.Safety.ErrorMecaB;0
30576;M1TreuilRetenue.Safety.ErrorMecaB;0
30676;M1TreuilRetenue.Safety.ErrorMecaB;0
30776;M1TreuilRetenue.Safety.ErrorMecaB;0
30877;M1TreuilRetenue.Safety.ErrorMecaB;0
30978;M1TreuilRetenue.Safety.ErrorMecaB;0
31078;M1TreuilRetenue.Safety.ErrorMecaB;0
31179;M1TreuilRetenue.Safety.ErrorMecaB;0
31280;M1TreuilRetenue.Safety.ErrorMecaB;0
31380;M1TreuilRetenue.Safety.ErrorMecaB;0
31480;M1TreuilRetenue.Safety.ErrorMecaB;0
31581;M1TreuilRetenue.Safety.ErrorMecaB;0
31681;M1TreuilRetenue.Safety.ErrorMecaB;0
3;M1TreuilRetenue.Safety.ErrorId;0
104;M1TreuilRetenue.Safety.ErrorId;0
204;M1TreuilRetenue.Safety.ErrorId;0
305;M1TreuilRetenue.Safety.ErrorId;0
406;M1TreuilRetenue.Safety.ErrorId;0
507;M1TreuilRetenue.Safety.ErrorId;0
607;M1TreuilRetenue.Safety.ErrorId;0
708;M1TreuilRetenue.Safety.ErrorId;0
809;M1TreuilRetenue.Safety.ErrorId;0
909;M1TreuilRetenue.Safety.ErrorId;0
1009;M1TreuilRetenue.Safety.ErrorId;0
1110;M1TreuilRetenue.Safety.ErrorId;0
1210;M1TreuilRetenue.Safety.ErrorId;0
1310;M1TreuilRetenue.Safety.ErrorId;0
1411;M1TreuilRetenue.Safety.ErrorId;0
1513;M1TreuilRetenue.Safety.ErrorId;0
1613;M1TreuilRetenue.Safety.ErrorId;0
1713;M1TreuilRetenue.Safety.ErrorId;0
1814;M1TreuilRetenue.Safety.ErrorId;0
1914;M1TreuilRetenue.Safety.ErrorId;0
2015;M1TreuilRetenue.Safety.ErrorId;0
2115;M1TreuilRetenue.Safety.ErrorId;0
2216;M1TreuilRetenue.Safety.ErrorId;0
2318;M1TreuilRetenue.Safety.ErrorId;0
2419;M1TreuilRetenue.Safety.ErrorId;0
2519;M1TreuilRetenue.Safety.ErrorId;0
2620;M1TreuilRetenue.Safety.ErrorId;0
2722;M1TreuilRetenue.Safety.ErrorId;0
2821;M1TreuilRetenue.Safety.ErrorId;0
2921;M1TreuilRetenue.Safety.ErrorId;0
3022;M1TreuilRetenue.Safety.ErrorId;0
3123;M1TreuilRetenue.Safety.ErrorId;0
3224;M1TreuilRetenue.Safety.ErrorId;0
3326;M1TreuilRetenue.Safety.ErrorId;0
3426;M1TreuilRetenue.Safety.ErrorId;0
3527;M1TreuilRetenue.Safety.ErrorId;0
3626;M1TreuilRetenue.Safety.ErrorId;0
3726;M1TreuilRetenue.Safety.ErrorId;0
3827;M1TreuilRetenue.Safety.ErrorId;0
3929;M1TreuilRetenue.Safety.ErrorId;0
4028;M1TreuilRetenue.Safety.ErrorId;0
4129;M1TreuilRetenue.Safety.ErrorId;0
4229;M1TreuilRetenue.Safety.ErrorId;0
4329;M1TreuilRetenue.Safety.ErrorId;0
4431;M1TreuilRetenue.Safety.ErrorId;0
4530;M1TreuilRetenue.Safety.ErrorId;0
4630;M1TreuilRetenue.Safety.ErrorId;0
4732;M1TreuilRetenue.Safety.ErrorId;0
4832;M1TreuilRetenue.Safety.ErrorId;0
4933;M1TreuilRetenue.Safety.ErrorId;0
5034;M1TreuilRetenue.Safety.ErrorId;0
5135;M1TreuilRetenue.Safety.ErrorId;0
5236;M1TreuilRetenue.Safety.ErrorId;0
5336;M1TreuilRetenue.Safety.ErrorId;0
5436;M1TreuilRetenue.Safety.ErrorId;0
5536;M1TreuilRetenue.Safety.ErrorId;0
5637;M1TreuilRetenue.Safety.ErrorId;0
5737;M1TreuilRetenue.Safety.ErrorId;0
5837;M1TreuilRetenue.Safety.ErrorId;0
5937;M1TreuilRetenue.Safety.ErrorId;0
6039;M1TreuilRetenue.Safety.ErrorId;0
6139;M1TreuilRetenue.Safety.ErrorId;0
6240;M1TreuilRetenue.Safety.ErrorId;0
6342;M1TreuilRetenue.Safety.ErrorId;0
6442;M1TreuilRetenue.Safety.ErrorId;0
6543;M1TreuilRetenue.Safety.ErrorId;0
6645;M1TreuilRetenue.Safety.ErrorId;0
6746;M1TreuilRetenue.Safety.ErrorId;0
6846;M1TreuilRetenue.Safety.ErrorId;0
6946;M1TreuilRetenue.Safety.ErrorId;0
7047;M1TreuilRetenue.Safety.ErrorId;0
7148;M1TreuilRetenue.Safety.ErrorId;0
7250;M1TreuilRetenue.Safety.ErrorId;0
7349;M1TreuilRetenue.Safety.ErrorId;0
7450;M1TreuilRetenue.Safety.ErrorId;0
7550;M1TreuilRetenue.Safety.ErrorId;0
7650;M1TreuilRetenue.Safety.ErrorId;0
7751;M1TreuilRetenue.Safety.ErrorId;0
7851;M1TreuilRetenue.Safety.ErrorId;0
7953;M1TreuilRetenue.Safety.ErrorId;0
8054;M1TreuilRetenue.Safety.ErrorId;0
8154;M1TreuilRetenue.Safety.ErrorId;0
8254;M1TreuilRetenue.Safety.ErrorId;0
8355;M1TreuilRetenue.Safety.ErrorId;0
8454;M1TreuilRetenue.Safety.ErrorId;0
8554;M1TreuilRetenue.Safety.ErrorId;0
8654;M1TreuilRetenue.Safety.ErrorId;0
8754;M1TreuilRetenue.Safety.ErrorId;0
8854;M1TreuilRetenue.Safety.ErrorId;0
8954;M1TreuilRetenue.Safety.ErrorId;0
9055;M1TreuilRetenue.Safety.ErrorId;0
9155;M1TreuilRetenue.Safety.ErrorId;0
9256;M1TreuilRetenue.Safety.ErrorId;0
9357;M1TreuilRetenue.Safety.ErrorId;0
9457;M1TreuilRetenue.Safety.ErrorId;0
9557;M1TreuilRetenue.Safety.ErrorId;0
9658;M1TreuilRetenue.Safety.ErrorId;0
9758;M1TreuilRetenue.Safety.ErrorId;0
9858;M1TreuilRetenue.Safety.ErrorId;0
9958;M1TreuilRetenue.Safety.ErrorId;0
10059;M1TreuilRetenue.Safety.ErrorId;0
10160;M1TreuilRetenue.Safety.ErrorId;0
10259;M1TreuilRetenue.Safety.ErrorId;0
10360;M1TreuilRetenue.Safety.ErrorId;0
10461;M1TreuilRetenue.Safety.ErrorId;0
10562;M1TreuilRetenue.Safety.ErrorId;0
10661;M1TreuilRetenue.Safety.ErrorId;0
10761;M1TreuilRetenue.Safety.ErrorId;0
10863;M1TreuilRetenue.Safety.ErrorId;0
10964;M1TreuilRetenue.Safety.ErrorId;0
11065;M1TreuilRetenue.Safety.ErrorId;0
11165;M1TreuilRetenue.Safety.ErrorId;0
11266;M1TreuilRetenue.Safety.ErrorId;0
11365;M1TreuilRetenue.Safety.ErrorId;0
11465;M1TreuilRetenue.Safety.ErrorId;0
11566;M1TreuilRetenue.Safety.ErrorId;0
11666;M1TreuilRetenue.Safety.ErrorId;0
11765;M1TreuilRetenue.Safety.ErrorId;0
11866;M1TreuilRetenue.Safety.ErrorId;0
11966;M1TreuilRetenue.Safety.ErrorId;0
12067;M1TreuilRetenue.Safety.ErrorId;0
12167;M1TreuilRetenue.Safety.ErrorId;0
12267;M1TreuilRetenue.Safety.ErrorId;0
12368;M1TreuilRetenue.Safety.ErrorId;0
12467;M1TreuilRetenue.Safety.ErrorId;0
12570;M1TreuilRetenue.Safety.ErrorId;0
12669;M1TreuilRetenue.Safety.ErrorId;0
12770;M1TreuilRetenue.Safety.ErrorId;0
12872;M1TreuilRetenue.Safety.ErrorId;0
12972;M1TreuilRetenue.Safety.ErrorId;0
13073;M1TreuilRetenue.Safety.ErrorId;0
13175;M1TreuilRetenue.Safety.ErrorId;0
13275;M1TreuilRetenue.Safety.ErrorId;0
13378;M1TreuilRetenue.Safety.ErrorId;0
13478;M1TreuilRetenue.Safety.ErrorId;0
13577;M1TreuilRetenue.Safety.ErrorId;0
13676;M1TreuilRetenue.Safety.ErrorId;0
13778;M1TreuilRetenue.Safety.ErrorId;0
13878;M1TreuilRetenue.Safety.ErrorId;0
13979;M1TreuilRetenue.Safety.ErrorId;0
14079;M1TreuilRetenue.Safety.ErrorId;0
14180;M1TreuilRetenue.Safety.ErrorId;0
14280;M1TreuilRetenue.Safety.ErrorId;0
14382;M1TreuilRetenue.Safety.ErrorId;0
14483;M1TreuilRetenue.Safety.ErrorId;0
14584;M1TreuilRetenue.Safety.ErrorId;0
14685;M1TreuilRetenue.Safety.ErrorId;0
14787;M1TreuilRetenue.Safety.ErrorId;0
14887;M1TreuilRetenue.Safety.ErrorId;0
14987;M1TreuilRetenue.Safety.ErrorId;0
15086;M1TreuilRetenue.Safety.ErrorId;0
15188;M1TreuilRetenue.Safety.ErrorId;0
15288;M1TreuilRetenue.Safety.ErrorId;0
15388;M1TreuilRetenue.Safety.ErrorId;0
15487;M1TreuilRetenue.Safety.ErrorId;0
15588;M1TreuilRetenue.Safety.ErrorId;0
15687;M1TreuilRetenue.Safety.ErrorId;0
15789;M1TreuilRetenue.Safety.ErrorId;0
15890;M1TreuilRetenue.Safety.ErrorId;0
15992;M1TreuilRetenue.Safety.ErrorId;0
16092;M1TreuilRetenue.Safety.ErrorId;0
16194;M1TreuilRetenue.Safety.ErrorId;0
16293;M1TreuilRetenue.Safety.ErrorId;0
16393;M1TreuilRetenue.Safety.ErrorId;0
16493;M1TreuilRetenue.Safety.ErrorId;0
16593;M1TreuilRetenue.Safety.ErrorId;0
16693;M1TreuilRetenue.Safety.ErrorId;0
16795;M1TreuilRetenue.Safety.ErrorId;0
16894;M1TreuilRetenue.Safety.ErrorId;0
16994;M1TreuilRetenue.Safety.ErrorId;0
17094;M1TreuilRetenue.Safety.ErrorId;0
17195;M1TreuilRetenue.Safety.ErrorId;0
17295;M1TreuilRetenue.Safety.ErrorId;0
17396;M1TreuilRetenue.Safety.ErrorId;0
17498;M1TreuilRetenue.Safety.ErrorId;0
17598;M1TreuilRetenue.Safety.ErrorId;0
17698;M1TreuilRetenue.Safety.ErrorId;0
17801;M1TreuilRetenue.Safety.ErrorId;0
17900;M1TreuilRetenue.Safety.ErrorId;0
18001;M1TreuilRetenue.Safety.ErrorId;0
18100;M1TreuilRetenue.Safety.ErrorId;0
18202;M1TreuilRetenue.Safety.ErrorId;0
18304;M1TreuilRetenue.Safety.ErrorId;0
18404;M1TreuilRetenue.Safety.ErrorId;0
18505;M1TreuilRetenue.Safety.ErrorId;0
18605;M1TreuilRetenue.Safety.ErrorId;0
18706;M1TreuilRetenue.Safety.ErrorId;0
18805;M1TreuilRetenue.Safety.ErrorId;0
18905;M1TreuilRetenue.Safety.ErrorId;0
19007;M1TreuilRetenue.Safety.ErrorId;0
19106;M1TreuilRetenue.Safety.ErrorId;0
19207;M1TreuilRetenue.Safety.ErrorId;0
19306;M1TreuilRetenue.Safety.ErrorId;0
19407;M1TreuilRetenue.Safety.ErrorId;0
19508;M1TreuilRetenue.Safety.ErrorId;0
19607;M1TreuilRetenue.Safety.ErrorId;0
19707;M1TreuilRetenue.Safety.ErrorId;0
19810;M1TreuilRetenue.Safety.ErrorId;0
19911;M1TreuilRetenue.Safety.ErrorId;0
20012;M1TreuilRetenue.Safety.ErrorId;0
20113;M1TreuilRetenue.Safety.ErrorId;0
20212;M1TreuilRetenue.Safety.ErrorId;0
20313;M1TreuilRetenue.Safety.ErrorId;0
20415;M1TreuilRetenue.Safety.ErrorId;0
20516;M1TreuilRetenue.Safety.ErrorId;0
20616;M1TreuilRetenue.Safety.ErrorId;0
20718;M1TreuilRetenue.Safety.ErrorId;0
20818;M1TreuilRetenue.Safety.ErrorId;0
20920;M1TreuilRetenue.Safety.ErrorId;0
21020;M1TreuilRetenue.Safety.ErrorId;0
21121;M1TreuilRetenue.Safety.ErrorId;0
21221;M1TreuilRetenue.Safety.ErrorId;0
21323;M1TreuilRetenue.Safety.ErrorId;0
21424;M1TreuilRetenue.Safety.ErrorId;0
21524;M1TreuilRetenue.Safety.ErrorId;0
21625;M1TreuilRetenue.Safety.ErrorId;0
21724;M1TreuilRetenue.Safety.ErrorId;0
21825;M1TreuilRetenue.Safety.ErrorId;8
21924;M1TreuilRetenue.Safety.ErrorId;8
22026;M1TreuilRetenue.Safety.ErrorId;8
22126;M1TreuilRetenue.Safety.ErrorId;8
22226;M1TreuilRetenue.Safety.ErrorId;8
22327;M1TreuilRetenue.Safety.ErrorId;8
22426;M1TreuilRetenue.Safety.ErrorId;8
22528;M1TreuilRetenue.Safety.ErrorId;8
22628;M1TreuilRetenue.Safety.ErrorId;8
22727;M1TreuilRetenue.Safety.ErrorId;8
22827;M1TreuilRetenue.Safety.ErrorId;8
22930;M1TreuilRetenue.Safety.ErrorId;8
23030;M1TreuilRetenue.Safety.ErrorId;8
23130;M1TreuilRetenue.Safety.ErrorId;8
23231;M1TreuilRetenue.Safety.ErrorId;8
23333;M1TreuilRetenue.Safety.ErrorId;8
23433;M1TreuilRetenue.Safety.ErrorId;8
23534;M1TreuilRetenue.Safety.ErrorId;8
23635;M1TreuilRetenue.Safety.ErrorId;8
23735;M1TreuilRetenue.Safety.ErrorId;8
23836;M1TreuilRetenue.Safety.ErrorId;8
23936;M1TreuilRetenue.Safety.ErrorId;8
24037;M1TreuilRetenue.Safety.ErrorId;8
24137;M1TreuilRetenue.Safety.ErrorId;8
24236;M1TreuilRetenue.Safety.ErrorId;8
24337;M1TreuilRetenue.Safety.ErrorId;0
24437;M1TreuilRetenue.Safety.ErrorId;0
24538;M1TreuilRetenue.Safety.ErrorId;0
24639;M1TreuilRetenue.Safety.ErrorId;0
24740;M1TreuilRetenue.Safety.ErrorId;0
24839;M1TreuilRetenue.Safety.ErrorId;0
24942;M1TreuilRetenue.Safety.ErrorId;0
25042;M1TreuilRetenue.Safety.ErrorId;0
25143;M1TreuilRetenue.Safety.ErrorId;0
25243;M1TreuilRetenue.Safety.ErrorId;0
25345;M1TreuilRetenue.Safety.ErrorId;0
25446;M1TreuilRetenue.Safety.ErrorId;0
25546;M1TreuilRetenue.Safety.ErrorId;0
25646;M1TreuilRetenue.Safety.ErrorId;0
25748;M1TreuilRetenue.Safety.ErrorId;0
25848;M1TreuilRetenue.Safety.ErrorId;0
25949;M1TreuilRetenue.Safety.ErrorId;0
26050;M1TreuilRetenue.Safety.ErrorId;0
26151;M1TreuilRetenue.Safety.ErrorId;0
26252;M1TreuilRetenue.Safety.ErrorId;0
26351;M1TreuilRetenue.Safety.ErrorId;0
26453;M1TreuilRetenue.Safety.ErrorId;0
26552;M1TreuilRetenue.Safety.ErrorId;0
26653;M1TreuilRetenue.Safety.ErrorId;0
26756;M1TreuilRetenue.Safety.ErrorId;0
26856;M1TreuilRetenue.Safety.ErrorId;0
26955;M1TreuilRetenue.Safety.ErrorId;0
27056;M1TreuilRetenue.Safety.ErrorId;0
27156;M1TreuilRetenue.Safety.ErrorId;0
27257;M1TreuilRetenue.Safety.ErrorId;0
27357;M1TreuilRetenue.Safety.ErrorId;0
27459;M1TreuilRetenue.Safety.ErrorId;0
27560;M1TreuilRetenue.Safety.ErrorId;0
27661;M1TreuilRetenue.Safety.ErrorId;0
27761;M1TreuilRetenue.Safety.ErrorId;0
27862;M1TreuilRetenue.Safety.ErrorId;0
27963;M1TreuilRetenue.Safety.ErrorId;0
28063;M1TreuilRetenue.Safety.ErrorId;0
28164;M1TreuilRetenue.Safety.ErrorId;0
28264;M1TreuilRetenue.Safety.ErrorId;0
28363;M1TreuilRetenue.Safety.ErrorId;0
28464;M1TreuilRetenue.Safety.ErrorId;0
28566;M1TreuilRetenue.Safety.ErrorId;0
28668;M1TreuilRetenue.Safety.ErrorId;0
28768;M1TreuilRetenue.Safety.ErrorId;0
28870;M1TreuilRetenue.Safety.ErrorId;0
28969;M1TreuilRetenue.Safety.ErrorId;0
29069;M1TreuilRetenue.Safety.ErrorId;0
29171;M1TreuilRetenue.Safety.ErrorId;0
29272;M1TreuilRetenue.Safety.ErrorId;0
29371;M1TreuilRetenue.Safety.ErrorId;0
29473;M1TreuilRetenue.Safety.ErrorId;0
29572;M1TreuilRetenue.Safety.ErrorId;0
29672;M1TreuilRetenue.Safety.ErrorId;0
29773;M1TreuilRetenue.Safety.ErrorId;0
29872;M1TreuilRetenue.Safety.ErrorId;0
29972;M1TreuilRetenue.Safety.ErrorId;0
30072;M1TreuilRetenue.Safety.ErrorId;0
30173;M1TreuilRetenue.Safety.ErrorId;0
30275;M1TreuilRetenue.Safety.ErrorId;0
30377;M1TreuilRetenue.Safety.ErrorId;0
30476;M1TreuilRetenue.Safety.ErrorId;0
30576;M1TreuilRetenue.Safety.ErrorId;0
30676;M1TreuilRetenue.Safety.ErrorId;0
30776;M1TreuilRetenue.Safety.ErrorId;0
30877;M1TreuilRetenue.Safety.ErrorId;0
30978;M1TreuilRetenue.Safety.ErrorId;0
31078;M1TreuilRetenue.Safety.ErrorId;0
31179;M1TreuilRetenue.Safety.ErrorId;0
31280;M1TreuilRetenue.Safety.ErrorId;0
31380;M1TreuilRetenue.Safety.ErrorId;0
31480;M1TreuilRetenue.Safety.ErrorId;0
31581;M1TreuilRetenue.Safety.ErrorId;0
31681;M1TreuilRetenue.Safety.ErrorId;0
3;IoHw.In.Hardware.Winch.M1_ContactorsReleased_DI;1
104;IoHw.In.Hardware.Winch.M1_ContactorsReleased_DI;1
204;IoHw.In.Hardware.Winch.M1_ContactorsReleased_DI;1
305;IoHw.In.Hardware.Winch.M1_ContactorsReleased_DI;1
406;IoHw.In.Hardware.Winch.M1_ContactorsReleased_DI;1
507;IoHw.In.Hardware.Winch.M1_ContactorsReleased_DI;1
607;IoHw.In.Hardware.Winch.M1_ContactorsReleased_DI;1
708;IoHw.In.Hardware.Winch.M1_ContactorsReleased_DI;1
809;IoHw.In.Hardware.Winch.M1_ContactorsReleased_DI;1
909;IoHw.In.Hardware.Winch.M1_ContactorsReleased_DI;1
1009;IoHw.In.Hardware.Winch.M1_ContactorsReleased_DI;1
1110;IoHw.In.Hardware.Winch.M1_ContactorsReleased_DI;1
1210;IoHw.In.Hardware.Winch.M1_ContactorsReleased_DI;1
1310;IoHw.In.Hardware.Winch.M1_ContactorsReleased_DI;1
1411;IoHw.In.Hardware.Winch.M1_ContactorsReleased_DI;1
1513;IoHw.In.Hardware.Winch.M1_ContactorsReleased_DI;1
1613;IoHw.In.Hardware.Winch.M1_ContactorsReleased_DI;1
1713;IoHw.In.Hardware.Winch.M1_ContactorsReleased_DI;1
1814;IoHw.In.Hardware.Winch.M1_ContactorsReleased_DI;1
1914;IoHw.In.Hardware.Winch.M1_ContactorsReleased_DI;1
2015;IoHw.In.Hardware.Winch.M1_ContactorsReleased_DI;1
2115;IoHw.In.Hardware.Winch.M1_ContactorsReleased_DI;1
2216;IoHw.In.Hardware.Winch.M1_ContactorsReleased_DI;1
2318;IoHw.In.Hardware.Winch.M1_ContactorsReleased_DI;1
2419;IoHw.In.Hardware.Winch.M1_ContactorsReleased_DI;1
2519;IoHw.In.Hardware.Winch.M1_ContactorsReleased_DI;1
2620;IoHw.In.Hardware.Winch.M1_ContactorsReleased_DI;1
2722;IoHw.In.Hardware.Winch.M1_ContactorsReleased_DI;1
2821;IoHw.In.Hardware.Winch.M1_ContactorsReleased_DI;1
2921;IoHw.In.Hardware.Winch.M1_ContactorsReleased_DI;1
3022;IoHw.In.Hardware.Winch.M1_ContactorsReleased_DI;1
3123;IoHw.In.Hardware.Winch.M1_ContactorsReleased_DI;1
3224;IoHw.In.Hardware.Winch.M1_ContactorsReleased_DI;1
3326;IoHw.In.Hardware.Winch.M1_ContactorsReleased_DI;1
3426;IoHw.In.Hardware.Winch.M1_ContactorsReleased_DI;1
3527;IoHw.In.Hardware.Winch.M1_ContactorsReleased_DI;1
3626;IoHw.In.Hardware.Winch.M1_ContactorsReleased_DI;1
3726;IoHw.In.Hardware.Winch.M1_ContactorsReleased_DI;1
3827;IoHw.In.Hardware.Winch.M1_ContactorsReleased_DI;1
3929;IoHw.In.Hardware.Winch.M1_ContactorsReleased_DI;1
4028;IoHw.In.Hardware.Winch.M1_ContactorsReleased_DI;1
4129;IoHw.In.Hardware.Winch.M1_ContactorsReleased_DI;1
4229;IoHw.In.Hardware.Winch.M1_ContactorsReleased_DI;1
4329;IoHw.In.Hardware.Winch.M1_ContactorsReleased_DI;1
4431;IoHw.In.Hardware.Winch.M1_ContactorsReleased_DI;1
4530;IoHw.In.Hardware.Winch.M1_ContactorsReleased_DI;1
4630;IoHw.In.Hardware.Winch.M1_ContactorsReleased_DI;1
4732;IoHw.In.Hardware.Winch.M1_ContactorsReleased_DI;1
4832;IoHw.In.Hardware.Winch.M1_ContactorsReleased_DI;1
4933;IoHw.In.Hardware.Winch.M1_ContactorsReleased_DI;1
5034;IoHw.In.Hardware.Winch.M1_ContactorsReleased_DI;1
5135;IoHw.In.Hardware.Winch.M1_ContactorsReleased_DI;1
5236;IoHw.In.Hardware.Winch.M1_ContactorsReleased_DI;1
5336;IoHw.In.Hardware.Winch.M1_ContactorsReleased_DI;1
5436;IoHw.In.Hardware.Winch.M1_ContactorsReleased_DI;1
5536;IoHw.In.Hardware.Winch.M1_ContactorsReleased_DI;1
5637;IoHw.In.Hardware.Winch.M1_ContactorsReleased_DI;1
5737;IoHw.In.Hardware.Winch.M1_ContactorsReleased_DI;1
5837;IoHw.In.Hardware.Winch.M1_ContactorsReleased_DI;1
5937;IoHw.In.Hardware.Winch.M1_ContactorsReleased_DI;1
6039;IoHw.In.Hardware.Winch.M1_ContactorsReleased_DI;1
6139;IoHw.In.Hardware.Winch.M1_ContactorsReleased_DI;1
6240;IoHw.In.Hardware.Winch.M1_ContactorsReleased_DI;1
6342;IoHw.In.Hardware.Winch.M1_ContactorsReleased_DI;1
6442;IoHw.In.Hardware.Winch.M1_ContactorsReleased_DI;1
6543;IoHw.In.Hardware.Winch.M1_ContactorsReleased_DI;1
6645;IoHw.In.Hardware.Winch.M1_ContactorsReleased_DI;1
6746;IoHw.In.Hardware.Winch.M1_ContactorsReleased_DI;1
6846;IoHw.In.Hardware.Winch.M1_ContactorsReleased_DI;1
6946;IoHw.In.Hardware.Winch.M1_ContactorsReleased_DI;1
7047;IoHw.In.Hardware.Winch.M1_ContactorsReleased_DI;1
7148;IoHw.In.Hardware.Winch.M1_ContactorsReleased_DI;1
7250;IoHw.In.Hardware.Winch.M1_ContactorsReleased_DI;1
7349;IoHw.In.Hardware.Winch.M1_ContactorsReleased_DI;1
7450;IoHw.In.Hardware.Winch.M1_ContactorsReleased_DI;1
7550;IoHw.In.Hardware.Winch.M1_ContactorsReleased_DI;1
7650;IoHw.In.Hardware.Winch.M1_ContactorsReleased_DI;1
7751;IoHw.In.Hardware.Winch.M1_ContactorsReleased_DI;1
7851;IoHw.In.Hardware.Winch.M1_ContactorsReleased_DI;1
7953;IoHw.In.Hardware.Winch.M1_ContactorsReleased_DI;1
8054;IoHw.In.Hardware.Winch.M1_ContactorsReleased_DI;1
8154;IoHw.In.Hardware.Winch.M1_ContactorsReleased_DI;1
8254;IoHw.In.Hardware.Winch.M1_ContactorsReleased_DI;1
8355;IoHw.In.Hardware.Winch.M1_ContactorsReleased_DI;1
8454;IoHw.In.Hardware.Winch.M1_ContactorsReleased_DI;1
8554;IoHw.In.Hardware.Winch.M1_ContactorsReleased_DI;1
8654;IoHw.In.Hardware.Winch.M1_ContactorsReleased_DI;1
8754;IoHw.In.Hardware.Winch.M1_ContactorsReleased_DI;1
8854;IoHw.In.Hardware.Winch.M1_ContactorsReleased_DI;1
8954;IoHw.In.Hardware.Winch.M1_ContactorsReleased_DI;1
9055;IoHw.In.Hardware.Winch.M1_ContactorsReleased_DI;1
9155;IoHw.In.Hardware.Winch.M1_ContactorsReleased_DI;1
9256;IoHw.In.Hardware.Winch.M1_ContactorsReleased_DI;1
9357;IoHw.In.Hardware.Winch.M1_ContactorsReleased_DI;1
9457;IoHw.In.Hardware.Winch.M1_ContactorsReleased_DI;1
9557;IoHw.In.Hardware.Winch.M1_ContactorsReleased_DI;1
9658;IoHw.In.Hardware.Winch.M1_ContactorsReleased_DI;1
9758;IoHw.In.Hardware.Winch.M1_ContactorsReleased_DI;1
9858;IoHw.In.Hardware.Winch.M1_ContactorsReleased_DI;1
9958;IoHw.In.Hardware.Winch.M1_ContactorsReleased_DI;1
10059;IoHw.In.Hardware.Winch.M1_ContactorsReleased_DI;1
10160;IoHw.In.Hardware.Winch.M1_ContactorsReleased_DI;1
10259;IoHw.In.Hardware.Winch.M1_ContactorsReleased_DI;1
10360;IoHw.In.Hardware.Winch.M1_ContactorsReleased_DI;1
10461;IoHw.In.Hardware.Winch.M1_ContactorsReleased_DI;1
10562;IoHw.In.Hardware.Winch.M1_ContactorsReleased_DI;1
10661;IoHw.In.Hardware.Winch.M1_ContactorsReleased_DI;1
10761;IoHw.In.Hardware.Winch.M1_ContactorsReleased_DI;1
10863;IoHw.In.Hardware.Winch.M1_ContactorsReleased_DI;1
10964;IoHw.In.Hardware.Winch.M1_ContactorsReleased_DI;1
11065;IoHw.In.Hardware.Winch.M1_ContactorsReleased_DI;1
11165;IoHw.In.Hardware.Winch.M1_ContactorsReleased_DI;1
11266;IoHw.In.Hardware.Winch.M1_ContactorsReleased_DI;1
11365;IoHw.In.Hardware.Winch.M1_ContactorsReleased_DI;1
11465;IoHw.In.Hardware.Winch.M1_ContactorsReleased_DI;1
11566;IoHw.In.Hardware.Winch.M1_ContactorsReleased_DI;1
11666;IoHw.In.Hardware.Winch.M1_ContactorsReleased_DI;1
11765;IoHw.In.Hardware.Winch.M1_ContactorsReleased_DI;1
11866;IoHw.In.Hardware.Winch.M1_ContactorsReleased_DI;1
11966;IoHw.In.Hardware.Winch.M1_ContactorsReleased_DI;1
12067;IoHw.In.Hardware.Winch.M1_ContactorsReleased_DI;1
12167;IoHw.In.Hardware.Winch.M1_ContactorsReleased_DI;1
12267;IoHw.In.Hardware.Winch.M1_ContactorsReleased_DI;1
12368;IoHw.In.Hardware.Winch.M1_ContactorsReleased_DI;1
12467;IoHw.In.Hardware.Winch.M1_ContactorsReleased_DI;1
12570;IoHw.In.Hardware.Winch.M1_ContactorsReleased_DI;1
12669;IoHw.In.Hardware.Winch.M1_ContactorsReleased_DI;1
12770;IoHw.In.Hardware.Winch.M1_ContactorsReleased_DI;1
12872;IoHw.In.Hardware.Winch.M1_ContactorsReleased_DI;1
12972;IoHw.In.Hardware.Winch.M1_ContactorsReleased_DI;1
13073;IoHw.In.Hardware.Winch.M1_ContactorsReleased_DI;1
13175;IoHw.In.Hardware.Winch.M1_ContactorsReleased_DI;1
13275;IoHw.In.Hardware.Winch.M1_ContactorsReleased_DI;1
13378;IoHw.In.Hardware.Winch.M1_ContactorsReleased_DI;1
13478;IoHw.In.Hardware.Winch.M1_ContactorsReleased_DI;1
13577;IoHw.In.Hardware.Winch.M1_ContactorsReleased_DI;1
13676;IoHw.In.Hardware.Winch.M1_ContactorsReleased_DI;1
13778;IoHw.In.Hardware.Winch.M1_ContactorsReleased_DI;1
13878;IoHw.In.Hardware.Winch.M1_ContactorsReleased_DI;1
13979;IoHw.In.Hardware.Winch.M1_ContactorsReleased_DI;1
14079;IoHw.In.Hardware.Winch.M1_ContactorsReleased_DI;1
14180;IoHw.In.Hardware.Winch.M1_ContactorsReleased_DI;1
14280;IoHw.In.Hardware.Winch.M1_ContactorsReleased_DI;1
14382;IoHw.In.Hardware.Winch.M1_ContactorsReleased_DI;1
14483;IoHw.In.Hardware.Winch.M1_ContactorsReleased_DI;1
14584;IoHw.In.Hardware.Winch.M1_ContactorsReleased_DI;1
14685;IoHw.In.Hardware.Winch.M1_ContactorsReleased_DI;1
14787;IoHw.In.Hardware.Winch.M1_ContactorsReleased_DI;1
14887;IoHw.In.Hardware.Winch.M1_ContactorsReleased_DI;1
14987;IoHw.In.Hardware.Winch.M1_ContactorsReleased_DI;1
15086;IoHw.In.Hardware.Winch.M1_ContactorsReleased_DI;1
15188;IoHw.In.Hardware.Winch.M1_ContactorsReleased_DI;1
15288;IoHw.In.Hardware.Winch.M1_ContactorsReleased_DI;1
15388;IoHw.In.Hardware.Winch.M1_ContactorsReleased_DI;1
15487;IoHw.In.Hardware.Winch.M1_ContactorsReleased_DI;1
15588;IoHw.In.Hardware.Winch.M1_ContactorsReleased_DI;1
15687;IoHw.In.Hardware.Winch.M1_ContactorsReleased_DI;1
15789;IoHw.In.Hardware.Winch.M1_ContactorsReleased_DI;1
15890;IoHw.In.Hardware.Winch.M1_ContactorsReleased_DI;1
15992;IoHw.In.Hardware.Winch.M1_ContactorsReleased_DI;1
16092;IoHw.In.Hardware.Winch.M1_ContactorsReleased_DI;1
16194;IoHw.In.Hardware.Winch.M1_ContactorsReleased_DI;1
16293;IoHw.In.Hardware.Winch.M1_ContactorsReleased_DI;1
16393;IoHw.In.Hardware.Winch.M1_ContactorsReleased_DI;1
16493;IoHw.In.Hardware.Winch.M1_ContactorsReleased_DI;1
16593;IoHw.In.Hardware.Winch.M1_ContactorsReleased_DI;1
16693;IoHw.In.Hardware.Winch.M1_ContactorsReleased_DI;1
16795;IoHw.In.Hardware.Winch.M1_ContactorsReleased_DI;1
16894;IoHw.In.Hardware.Winch.M1_ContactorsReleased_DI;1
16994;IoHw.In.Hardware.Winch.M1_ContactorsReleased_DI;1
17094;IoHw.In.Hardware.Winch.M1_ContactorsReleased_DI;1
17195;IoHw.In.Hardware.Winch.M1_ContactorsReleased_DI;1
17295;IoHw.In.Hardware.Winch.M1_ContactorsReleased_DI;1
17396;IoHw.In.Hardware.Winch.M1_ContactorsReleased_DI;1
17498;IoHw.In.Hardware.Winch.M1_ContactorsReleased_DI;1
17598;IoHw.In.Hardware.Winch.M1_ContactorsReleased_DI;1
17698;IoHw.In.Hardware.Winch.M1_ContactorsReleased_DI;1
17801;IoHw.In.Hardware.Winch.M1_ContactorsReleased_DI;1
17900;IoHw.In.Hardware.Winch.M1_ContactorsReleased_DI;1
18001;IoHw.In.Hardware.Winch.M1_ContactorsReleased_DI;1
18100;IoHw.In.Hardware.Winch.M1_ContactorsReleased_DI;1
18202;IoHw.In.Hardware.Winch.M1_ContactorsReleased_DI;1
18304;IoHw.In.Hardware.Winch.M1_ContactorsReleased_DI;1
18404;IoHw.In.Hardware.Winch.M1_ContactorsReleased_DI;1
18505;IoHw.In.Hardware.Winch.M1_ContactorsReleased_DI;1
18605;IoHw.In.Hardware.Winch.M1_ContactorsReleased_DI;0
18706;IoHw.In.Hardware.Winch.M1_ContactorsReleased_DI;0
18805;IoHw.In.Hardware.Winch.M1_ContactorsReleased_DI;0
18905;IoHw.In.Hardware.Winch.M1_ContactorsReleased_DI;0
19007;IoHw.In.Hardware.Winch.M1_ContactorsReleased_DI;0
19106;IoHw.In.Hardware.Winch.M1_ContactorsReleased_DI;0
19207;IoHw.In.Hardware.Winch.M1_ContactorsReleased_DI;0
19306;IoHw.In.Hardware.Winch.M1_ContactorsReleased_DI;0
19407;IoHw.In.Hardware.Winch.M1_ContactorsReleased_DI;0
19508;IoHw.In.Hardware.Winch.M1_ContactorsReleased_DI;0
19607;IoHw.In.Hardware.Winch.M1_ContactorsReleased_DI;0
19707;IoHw.In.Hardware.Winch.M1_ContactorsReleased_DI;0
19810;IoHw.In.Hardware.Winch.M1_ContactorsReleased_DI;0
19911;IoHw.In.Hardware.Winch.M1_ContactorsReleased_DI;0
20012;IoHw.In.Hardware.Winch.M1_ContactorsReleased_DI;0
20113;IoHw.In.Hardware.Winch.M1_ContactorsReleased_DI;0
20212;IoHw.In.Hardware.Winch.M1_ContactorsReleased_DI;0
20313;IoHw.In.Hardware.Winch.M1_ContactorsReleased_DI;0
20415;IoHw.In.Hardware.Winch.M1_ContactorsReleased_DI;0
20516;IoHw.In.Hardware.Winch.M1_ContactorsReleased_DI;0
20616;IoHw.In.Hardware.Winch.M1_ContactorsReleased_DI;0
20718;IoHw.In.Hardware.Winch.M1_ContactorsReleased_DI;0
20818;IoHw.In.Hardware.Winch.M1_ContactorsReleased_DI;0
20920;IoHw.In.Hardware.Winch.M1_ContactorsReleased_DI;0
21020;IoHw.In.Hardware.Winch.M1_ContactorsReleased_DI;0
21121;IoHw.In.Hardware.Winch.M1_ContactorsReleased_DI;0
21221;IoHw.In.Hardware.Winch.M1_ContactorsReleased_DI;0
21323;IoHw.In.Hardware.Winch.M1_ContactorsReleased_DI;0
21424;IoHw.In.Hardware.Winch.M1_ContactorsReleased_DI;0
21524;IoHw.In.Hardware.Winch.M1_ContactorsReleased_DI;0
21625;IoHw.In.Hardware.Winch.M1_ContactorsReleased_DI;0
21724;IoHw.In.Hardware.Winch.M1_ContactorsReleased_DI;0
21825;IoHw.In.Hardware.Winch.M1_ContactorsReleased_DI;1
21924;IoHw.In.Hardware.Winch.M1_ContactorsReleased_DI;1
22026;IoHw.In.Hardware.Winch.M1_ContactorsReleased_DI;1
22126;IoHw.In.Hardware.Winch.M1_ContactorsReleased_DI;1
22226;IoHw.In.Hardware.Winch.M1_ContactorsReleased_DI;1
22327;IoHw.In.Hardware.Winch.M1_ContactorsReleased_DI;1
22426;IoHw.In.Hardware.Winch.M1_ContactorsReleased_DI;1
22528;IoHw.In.Hardware.Winch.M1_ContactorsReleased_DI;1
22628;IoHw.In.Hardware.Winch.M1_ContactorsReleased_DI;1
22727;IoHw.In.Hardware.Winch.M1_ContactorsReleased_DI;1
22827;IoHw.In.Hardware.Winch.M1_ContactorsReleased_DI;1
22930;IoHw.In.Hardware.Winch.M1_ContactorsReleased_DI;1
23030;IoHw.In.Hardware.Winch.M1_ContactorsReleased_DI;1
23130;IoHw.In.Hardware.Winch.M1_ContactorsReleased_DI;1
23231;IoHw.In.Hardware.Winch.M1_ContactorsReleased_DI;1
23333;IoHw.In.Hardware.Winch.M1_ContactorsReleased_DI;1
23433;IoHw.In.Hardware.Winch.M1_ContactorsReleased_DI;1
23534;IoHw.In.Hardware.Winch.M1_ContactorsReleased_DI;1
23635;IoHw.In.Hardware.Winch.M1_ContactorsReleased_DI;1
23735;IoHw.In.Hardware.Winch.M1_ContactorsReleased_DI;1
23836;IoHw.In.Hardware.Winch.M1_ContactorsReleased_DI;1
23936;IoHw.In.Hardware.Winch.M1_ContactorsReleased_DI;1
24037;IoHw.In.Hardware.Winch.M1_ContactorsReleased_DI;1
24137;IoHw.In.Hardware.Winch.M1_ContactorsReleased_DI;1
24236;IoHw.In.Hardware.Winch.M1_ContactorsReleased_DI;1
24337;IoHw.In.Hardware.Winch.M1_ContactorsReleased_DI;1
24437;IoHw.In.Hardware.Winch.M1_ContactorsReleased_DI;1
24538;IoHw.In.Hardware.Winch.M1_ContactorsReleased_DI;1
24639;IoHw.In.Hardware.Winch.M1_ContactorsReleased_DI;1
24740;IoHw.In.Hardware.Winch.M1_ContactorsReleased_DI;1
24839;IoHw.In.Hardware.Winch.M1_ContactorsReleased_DI;1
24942;IoHw.In.Hardware.Winch.M1_ContactorsReleased_DI;1
25042;IoHw.In.Hardware.Winch.M1_ContactorsReleased_DI;1
25143;IoHw.In.Hardware.Winch.M1_ContactorsReleased_DI;1
25243;IoHw.In.Hardware.Winch.M1_ContactorsReleased_DI;1
25345;IoHw.In.Hardware.Winch.M1_ContactorsReleased_DI;1
25446;IoHw.In.Hardware.Winch.M1_ContactorsReleased_DI;1
25546;IoHw.In.Hardware.Winch.M1_ContactorsReleased_DI;1
25646;IoHw.In.Hardware.Winch.M1_ContactorsReleased_DI;1
25748;IoHw.In.Hardware.Winch.M1_ContactorsReleased_DI;1
25848;IoHw.In.Hardware.Winch.M1_ContactorsReleased_DI;1
25949;IoHw.In.Hardware.Winch.M1_ContactorsReleased_DI;1
26050;IoHw.In.Hardware.Winch.M1_ContactorsReleased_DI;1
26151;IoHw.In.Hardware.Winch.M1_ContactorsReleased_DI;1
26252;IoHw.In.Hardware.Winch.M1_ContactorsReleased_DI;1
26351;IoHw.In.Hardware.Winch.M1_ContactorsReleased_DI;1
26453;IoHw.In.Hardware.Winch.M1_ContactorsReleased_DI;1
26552;IoHw.In.Hardware.Winch.M1_ContactorsReleased_DI;1
26653;IoHw.In.Hardware.Winch.M1_ContactorsReleased_DI;1
26756;IoHw.In.Hardware.Winch.M1_ContactorsReleased_DI;1
26856;IoHw.In.Hardware.Winch.M1_ContactorsReleased_DI;1
26955;IoHw.In.Hardware.Winch.M1_ContactorsReleased_DI;1
27056;IoHw.In.Hardware.Winch.M1_ContactorsReleased_DI;1
27156;IoHw.In.Hardware.Winch.M1_ContactorsReleased_DI;1
27257;IoHw.In.Hardware.Winch.M1_ContactorsReleased_DI;1
27357;IoHw.In.Hardware.Winch.M1_ContactorsReleased_DI;1
27459;IoHw.In.Hardware.Winch.M1_ContactorsReleased_DI;1
27560;IoHw.In.Hardware.Winch.M1_ContactorsReleased_DI;1
27661;IoHw.In.Hardware.Winch.M1_ContactorsReleased_DI;1
27761;IoHw.In.Hardware.Winch.M1_ContactorsReleased_DI;1
27862;IoHw.In.Hardware.Winch.M1_ContactorsReleased_DI;1
27963;IoHw.In.Hardware.Winch.M1_ContactorsReleased_DI;1
28063;IoHw.In.Hardware.Winch.M1_ContactorsReleased_DI;1
28164;IoHw.In.Hardware.Winch.M1_ContactorsReleased_DI;1
28264;IoHw.In.Hardware.Winch.M1_ContactorsReleased_DI;1
28363;IoHw.In.Hardware.Winch.M1_ContactorsReleased_DI;1
28464;IoHw.In.Hardware.Winch.M1_ContactorsReleased_DI;1
28566;IoHw.In.Hardware.Winch.M1_ContactorsReleased_DI;1
28668;IoHw.In.Hardware.Winch.M1_ContactorsReleased_DI;1
28768;IoHw.In.Hardware.Winch.M1_ContactorsReleased_DI;1
28870;IoHw.In.Hardware.Winch.M1_ContactorsReleased_DI;1
28969;IoHw.In.Hardware.Winch.M1_ContactorsReleased_DI;1
29069;IoHw.In.Hardware.Winch.M1_ContactorsReleased_DI;1
29171;IoHw.In.Hardware.Winch.M1_ContactorsReleased_DI;1
29272;IoHw.In.Hardware.Winch.M1_ContactorsReleased_DI;1
29371;IoHw.In.Hardware.Winch.M1_ContactorsReleased_DI;1
29473;IoHw.In.Hardware.Winch.M1_ContactorsReleased_DI;1
29572;IoHw.In.Hardware.Winch.M1_ContactorsReleased_DI;1
29672;IoHw.In.Hardware.Winch.M1_ContactorsReleased_DI;1
29773;IoHw.In.Hardware.Winch.M1_ContactorsReleased_DI;1
29872;IoHw.In.Hardware.Winch.M1_ContactorsReleased_DI;1
29972;IoHw.In.Hardware.Winch.M1_ContactorsReleased_DI;1
30072;IoHw.In.Hardware.Winch.M1_ContactorsReleased_DI;1
30173;IoHw.In.Hardware.Winch.M1_ContactorsReleased_DI;1
30275;IoHw.In.Hardware.Winch.M1_ContactorsReleased_DI;1
30377;IoHw.In.Hardware.Winch.M1_ContactorsReleased_DI;1
30476;IoHw.In.Hardware.Winch.M1_ContactorsReleased_DI;1
30576;IoHw.In.Hardware.Winch.M1_ContactorsReleased_DI;1
30676;IoHw.In.Hardware.Winch.M1_ContactorsReleased_DI;1
30776;IoHw.In.Hardware.Winch.M1_ContactorsReleased_DI;1
30877;IoHw.In.Hardware.Winch.M1_ContactorsReleased_DI;1
30978;IoHw.In.Hardware.Winch.M1_ContactorsReleased_DI;1
31078;IoHw.In.Hardware.Winch.M1_ContactorsReleased_DI;1
31179;IoHw.In.Hardware.Winch.M1_ContactorsReleased_DI;1
31280;IoHw.In.Hardware.Winch.M1_ContactorsReleased_DI;1
31380;IoHw.In.Hardware.Winch.M1_ContactorsReleased_DI;1
31480;IoHw.In.Hardware.Winch.M1_ContactorsReleased_DI;1
31581;IoHw.In.Hardware.Winch.M1_ContactorsReleased_DI;1
31681;IoHw.In.Hardware.Winch.M1_ContactorsReleased_DI;1
3;IoHw.In.Hardware.Winch.M2_ContactorsReleased_DI;1
104;IoHw.In.Hardware.Winch.M2_ContactorsReleased_DI;1
204;IoHw.In.Hardware.Winch.M2_ContactorsReleased_DI;1
305;IoHw.In.Hardware.Winch.M2_ContactorsReleased_DI;1
406;IoHw.In.Hardware.Winch.M2_ContactorsReleased_DI;1
507;IoHw.In.Hardware.Winch.M2_ContactorsReleased_DI;1
607;IoHw.In.Hardware.Winch.M2_ContactorsReleased_DI;1
708;IoHw.In.Hardware.Winch.M2_ContactorsReleased_DI;1
809;IoHw.In.Hardware.Winch.M2_ContactorsReleased_DI;1
909;IoHw.In.Hardware.Winch.M2_ContactorsReleased_DI;1
1009;IoHw.In.Hardware.Winch.M2_ContactorsReleased_DI;1
1110;IoHw.In.Hardware.Winch.M2_ContactorsReleased_DI;1
1210;IoHw.In.Hardware.Winch.M2_ContactorsReleased_DI;1
1310;IoHw.In.Hardware.Winch.M2_ContactorsReleased_DI;1
1411;IoHw.In.Hardware.Winch.M2_ContactorsReleased_DI;1
1513;IoHw.In.Hardware.Winch.M2_ContactorsReleased_DI;1
1613;IoHw.In.Hardware.Winch.M2_ContactorsReleased_DI;1
1713;IoHw.In.Hardware.Winch.M2_ContactorsReleased_DI;1
1814;IoHw.In.Hardware.Winch.M2_ContactorsReleased_DI;1
1914;IoHw.In.Hardware.Winch.M2_ContactorsReleased_DI;1
2015;IoHw.In.Hardware.Winch.M2_ContactorsReleased_DI;1
2115;IoHw.In.Hardware.Winch.M2_ContactorsReleased_DI;1
2216;IoHw.In.Hardware.Winch.M2_ContactorsReleased_DI;1
2318;IoHw.In.Hardware.Winch.M2_ContactorsReleased_DI;1
2419;IoHw.In.Hardware.Winch.M2_ContactorsReleased_DI;1
2519;IoHw.In.Hardware.Winch.M2_ContactorsReleased_DI;1
2620;IoHw.In.Hardware.Winch.M2_ContactorsReleased_DI;1
2722;IoHw.In.Hardware.Winch.M2_ContactorsReleased_DI;1
2821;IoHw.In.Hardware.Winch.M2_ContactorsReleased_DI;1
2921;IoHw.In.Hardware.Winch.M2_ContactorsReleased_DI;1
3022;IoHw.In.Hardware.Winch.M2_ContactorsReleased_DI;1
3123;IoHw.In.Hardware.Winch.M2_ContactorsReleased_DI;1
3224;IoHw.In.Hardware.Winch.M2_ContactorsReleased_DI;1
3326;IoHw.In.Hardware.Winch.M2_ContactorsReleased_DI;1
3426;IoHw.In.Hardware.Winch.M2_ContactorsReleased_DI;1
3527;IoHw.In.Hardware.Winch.M2_ContactorsReleased_DI;1
3626;IoHw.In.Hardware.Winch.M2_ContactorsReleased_DI;1
3726;IoHw.In.Hardware.Winch.M2_ContactorsReleased_DI;1
3827;IoHw.In.Hardware.Winch.M2_ContactorsReleased_DI;1
3929;IoHw.In.Hardware.Winch.M2_ContactorsReleased_DI;1
4028;IoHw.In.Hardware.Winch.M2_ContactorsReleased_DI;1
4129;IoHw.In.Hardware.Winch.M2_ContactorsReleased_DI;1
4229;IoHw.In.Hardware.Winch.M2_ContactorsReleased_DI;1
4329;IoHw.In.Hardware.Winch.M2_ContactorsReleased_DI;1
4431;IoHw.In.Hardware.Winch.M2_ContactorsReleased_DI;1
4530;IoHw.In.Hardware.Winch.M2_ContactorsReleased_DI;1
4630;IoHw.In.Hardware.Winch.M2_ContactorsReleased_DI;1
4732;IoHw.In.Hardware.Winch.M2_ContactorsReleased_DI;1
4832;IoHw.In.Hardware.Winch.M2_ContactorsReleased_DI;1
4933;IoHw.In.Hardware.Winch.M2_ContactorsReleased_DI;1
5034;IoHw.In.Hardware.Winch.M2_ContactorsReleased_DI;1
5135;IoHw.In.Hardware.Winch.M2_ContactorsReleased_DI;1
5236;IoHw.In.Hardware.Winch.M2_ContactorsReleased_DI;1
5336;IoHw.In.Hardware.Winch.M2_ContactorsReleased_DI;1
5436;IoHw.In.Hardware.Winch.M2_ContactorsReleased_DI;1
5536;IoHw.In.Hardware.Winch.M2_ContactorsReleased_DI;1
5637;IoHw.In.Hardware.Winch.M2_ContactorsReleased_DI;1
5737;IoHw.In.Hardware.Winch.M2_ContactorsReleased_DI;1
5837;IoHw.In.Hardware.Winch.M2_ContactorsReleased_DI;1
5937;IoHw.In.Hardware.Winch.M2_ContactorsReleased_DI;1
6039;IoHw.In.Hardware.Winch.M2_ContactorsReleased_DI;1
6139;IoHw.In.Hardware.Winch.M2_ContactorsReleased_DI;1
6240;IoHw.In.Hardware.Winch.M2_ContactorsReleased_DI;1
6342;IoHw.In.Hardware.Winch.M2_ContactorsReleased_DI;1
6442;IoHw.In.Hardware.Winch.M2_ContactorsReleased_DI;1
6543;IoHw.In.Hardware.Winch.M2_ContactorsReleased_DI;1
6645;IoHw.In.Hardware.Winch.M2_ContactorsReleased_DI;1
6746;IoHw.In.Hardware.Winch.M2_ContactorsReleased_DI;1
6846;IoHw.In.Hardware.Winch.M2_ContactorsReleased_DI;1
6946;IoHw.In.Hardware.Winch.M2_ContactorsReleased_DI;1
7047;IoHw.In.Hardware.Winch.M2_ContactorsReleased_DI;1
7148;IoHw.In.Hardware.Winch.M2_ContactorsReleased_DI;1
7250;IoHw.In.Hardware.Winch.M2_ContactorsReleased_DI;1
7349;IoHw.In.Hardware.Winch.M2_ContactorsReleased_DI;1
7450;IoHw.In.Hardware.Winch.M2_ContactorsReleased_DI;1
7550;IoHw.In.Hardware.Winch.M2_ContactorsReleased_DI;1
7650;IoHw.In.Hardware.Winch.M2_ContactorsReleased_DI;1
7751;IoHw.In.Hardware.Winch.M2_ContactorsReleased_DI;1
7851;IoHw.In.Hardware.Winch.M2_ContactorsReleased_DI;1
7953;IoHw.In.Hardware.Winch.M2_ContactorsReleased_DI;1
8054;IoHw.In.Hardware.Winch.M2_ContactorsReleased_DI;1
8154;IoHw.In.Hardware.Winch.M2_ContactorsReleased_DI;1
8254;IoHw.In.Hardware.Winch.M2_ContactorsReleased_DI;1
8355;IoHw.In.Hardware.Winch.M2_ContactorsReleased_DI;1
8454;IoHw.In.Hardware.Winch.M2_ContactorsReleased_DI;1
8554;IoHw.In.Hardware.Winch.M2_ContactorsReleased_DI;1
8654;IoHw.In.Hardware.Winch.M2_ContactorsReleased_DI;1
8754;IoHw.In.Hardware.Winch.M2_ContactorsReleased_DI;1
8854;IoHw.In.Hardware.Winch.M2_ContactorsReleased_DI;1
8954;IoHw.In.Hardware.Winch.M2_ContactorsReleased_DI;1
9055;IoHw.In.Hardware.Winch.M2_ContactorsReleased_DI;1
9155;IoHw.In.Hardware.Winch.M2_ContactorsReleased_DI;1
9256;IoHw.In.Hardware.Winch.M2_ContactorsReleased_DI;0
9357;IoHw.In.Hardware.Winch.M2_ContactorsReleased_DI;0
9457;IoHw.In.Hardware.Winch.M2_ContactorsReleased_DI;0
9557;IoHw.In.Hardware.Winch.M2_ContactorsReleased_DI;0
9658;IoHw.In.Hardware.Winch.M2_ContactorsReleased_DI;0
9758;IoHw.In.Hardware.Winch.M2_ContactorsReleased_DI;0
9858;IoHw.In.Hardware.Winch.M2_ContactorsReleased_DI;0
9958;IoHw.In.Hardware.Winch.M2_ContactorsReleased_DI;0
10059;IoHw.In.Hardware.Winch.M2_ContactorsReleased_DI;0
10160;IoHw.In.Hardware.Winch.M2_ContactorsReleased_DI;0
10259;IoHw.In.Hardware.Winch.M2_ContactorsReleased_DI;0
10360;IoHw.In.Hardware.Winch.M2_ContactorsReleased_DI;0
10461;IoHw.In.Hardware.Winch.M2_ContactorsReleased_DI;0
10562;IoHw.In.Hardware.Winch.M2_ContactorsReleased_DI;0
10661;IoHw.In.Hardware.Winch.M2_ContactorsReleased_DI;0
10761;IoHw.In.Hardware.Winch.M2_ContactorsReleased_DI;0
10863;IoHw.In.Hardware.Winch.M2_ContactorsReleased_DI;0
10964;IoHw.In.Hardware.Winch.M2_ContactorsReleased_DI;0
11065;IoHw.In.Hardware.Winch.M2_ContactorsReleased_DI;0
11165;IoHw.In.Hardware.Winch.M2_ContactorsReleased_DI;0
11266;IoHw.In.Hardware.Winch.M2_ContactorsReleased_DI;0
11365;IoHw.In.Hardware.Winch.M2_ContactorsReleased_DI;0
11465;IoHw.In.Hardware.Winch.M2_ContactorsReleased_DI;0
11566;IoHw.In.Hardware.Winch.M2_ContactorsReleased_DI;0
11666;IoHw.In.Hardware.Winch.M2_ContactorsReleased_DI;0
11765;IoHw.In.Hardware.Winch.M2_ContactorsReleased_DI;0
11866;IoHw.In.Hardware.Winch.M2_ContactorsReleased_DI;0
11966;IoHw.In.Hardware.Winch.M2_ContactorsReleased_DI;0
12067;IoHw.In.Hardware.Winch.M2_ContactorsReleased_DI;0
12167;IoHw.In.Hardware.Winch.M2_ContactorsReleased_DI;0
12267;IoHw.In.Hardware.Winch.M2_ContactorsReleased_DI;0
12368;IoHw.In.Hardware.Winch.M2_ContactorsReleased_DI;0
12467;IoHw.In.Hardware.Winch.M2_ContactorsReleased_DI;0
12570;IoHw.In.Hardware.Winch.M2_ContactorsReleased_DI;0
12669;IoHw.In.Hardware.Winch.M2_ContactorsReleased_DI;0
12770;IoHw.In.Hardware.Winch.M2_ContactorsReleased_DI;0
12872;IoHw.In.Hardware.Winch.M2_ContactorsReleased_DI;0
12972;IoHw.In.Hardware.Winch.M2_ContactorsReleased_DI;0
13073;IoHw.In.Hardware.Winch.M2_ContactorsReleased_DI;0
13175;IoHw.In.Hardware.Winch.M2_ContactorsReleased_DI;0
13275;IoHw.In.Hardware.Winch.M2_ContactorsReleased_DI;0
13378;IoHw.In.Hardware.Winch.M2_ContactorsReleased_DI;0
13478;IoHw.In.Hardware.Winch.M2_ContactorsReleased_DI;0
13577;IoHw.In.Hardware.Winch.M2_ContactorsReleased_DI;0
13676;IoHw.In.Hardware.Winch.M2_ContactorsReleased_DI;0
13778;IoHw.In.Hardware.Winch.M2_ContactorsReleased_DI;0
13878;IoHw.In.Hardware.Winch.M2_ContactorsReleased_DI;0
13979;IoHw.In.Hardware.Winch.M2_ContactorsReleased_DI;0
14079;IoHw.In.Hardware.Winch.M2_ContactorsReleased_DI;0
14180;IoHw.In.Hardware.Winch.M2_ContactorsReleased_DI;0
14280;IoHw.In.Hardware.Winch.M2_ContactorsReleased_DI;0
14382;IoHw.In.Hardware.Winch.M2_ContactorsReleased_DI;0
14483;IoHw.In.Hardware.Winch.M2_ContactorsReleased_DI;0
14584;IoHw.In.Hardware.Winch.M2_ContactorsReleased_DI;0
14685;IoHw.In.Hardware.Winch.M2_ContactorsReleased_DI;0
14787;IoHw.In.Hardware.Winch.M2_ContactorsReleased_DI;0
14887;IoHw.In.Hardware.Winch.M2_ContactorsReleased_DI;0
14987;IoHw.In.Hardware.Winch.M2_ContactorsReleased_DI;0
15086;IoHw.In.Hardware.Winch.M2_ContactorsReleased_DI;0
15188;IoHw.In.Hardware.Winch.M2_ContactorsReleased_DI;0
15288;IoHw.In.Hardware.Winch.M2_ContactorsReleased_DI;0
15388;IoHw.In.Hardware.Winch.M2_ContactorsReleased_DI;0
15487;IoHw.In.Hardware.Winch.M2_ContactorsReleased_DI;0
15588;IoHw.In.Hardware.Winch.M2_ContactorsReleased_DI;0
15687;IoHw.In.Hardware.Winch.M2_ContactorsReleased_DI;0
15789;IoHw.In.Hardware.Winch.M2_ContactorsReleased_DI;0
15890;IoHw.In.Hardware.Winch.M2_ContactorsReleased_DI;0
15992;IoHw.In.Hardware.Winch.M2_ContactorsReleased_DI;0
16092;IoHw.In.Hardware.Winch.M2_ContactorsReleased_DI;0
16194;IoHw.In.Hardware.Winch.M2_ContactorsReleased_DI;0
16293;IoHw.In.Hardware.Winch.M2_ContactorsReleased_DI;0
16393;IoHw.In.Hardware.Winch.M2_ContactorsReleased_DI;0
16493;IoHw.In.Hardware.Winch.M2_ContactorsReleased_DI;0
16593;IoHw.In.Hardware.Winch.M2_ContactorsReleased_DI;0
16693;IoHw.In.Hardware.Winch.M2_ContactorsReleased_DI;0
16795;IoHw.In.Hardware.Winch.M2_ContactorsReleased_DI;0
16894;IoHw.In.Hardware.Winch.M2_ContactorsReleased_DI;0
16994;IoHw.In.Hardware.Winch.M2_ContactorsReleased_DI;0
17094;IoHw.In.Hardware.Winch.M2_ContactorsReleased_DI;0
17195;IoHw.In.Hardware.Winch.M2_ContactorsReleased_DI;0
17295;IoHw.In.Hardware.Winch.M2_ContactorsReleased_DI;0
17396;IoHw.In.Hardware.Winch.M2_ContactorsReleased_DI;0
17498;IoHw.In.Hardware.Winch.M2_ContactorsReleased_DI;0
17598;IoHw.In.Hardware.Winch.M2_ContactorsReleased_DI;0
17698;IoHw.In.Hardware.Winch.M2_ContactorsReleased_DI;0
17801;IoHw.In.Hardware.Winch.M2_ContactorsReleased_DI;0
17900;IoHw.In.Hardware.Winch.M2_ContactorsReleased_DI;0
18001;IoHw.In.Hardware.Winch.M2_ContactorsReleased_DI;1
18100;IoHw.In.Hardware.Winch.M2_ContactorsReleased_DI;1
18202;IoHw.In.Hardware.Winch.M2_ContactorsReleased_DI;1
18304;IoHw.In.Hardware.Winch.M2_ContactorsReleased_DI;1
18404;IoHw.In.Hardware.Winch.M2_ContactorsReleased_DI;1
18505;IoHw.In.Hardware.Winch.M2_ContactorsReleased_DI;1
18605;IoHw.In.Hardware.Winch.M2_ContactorsReleased_DI;0
18706;IoHw.In.Hardware.Winch.M2_ContactorsReleased_DI;0
18805;IoHw.In.Hardware.Winch.M2_ContactorsReleased_DI;0
18905;IoHw.In.Hardware.Winch.M2_ContactorsReleased_DI;0
19007;IoHw.In.Hardware.Winch.M2_ContactorsReleased_DI;0
19106;IoHw.In.Hardware.Winch.M2_ContactorsReleased_DI;0
19207;IoHw.In.Hardware.Winch.M2_ContactorsReleased_DI;0
19306;IoHw.In.Hardware.Winch.M2_ContactorsReleased_DI;0
19407;IoHw.In.Hardware.Winch.M2_ContactorsReleased_DI;0
19508;IoHw.In.Hardware.Winch.M2_ContactorsReleased_DI;0
19607;IoHw.In.Hardware.Winch.M2_ContactorsReleased_DI;0
19707;IoHw.In.Hardware.Winch.M2_ContactorsReleased_DI;0
19810;IoHw.In.Hardware.Winch.M2_ContactorsReleased_DI;0
19911;IoHw.In.Hardware.Winch.M2_ContactorsReleased_DI;0
20012;IoHw.In.Hardware.Winch.M2_ContactorsReleased_DI;0
20113;IoHw.In.Hardware.Winch.M2_ContactorsReleased_DI;0
20212;IoHw.In.Hardware.Winch.M2_ContactorsReleased_DI;0
20313;IoHw.In.Hardware.Winch.M2_ContactorsReleased_DI;0
20415;IoHw.In.Hardware.Winch.M2_ContactorsReleased_DI;0
20516;IoHw.In.Hardware.Winch.M2_ContactorsReleased_DI;0
20616;IoHw.In.Hardware.Winch.M2_ContactorsReleased_DI;0
20718;IoHw.In.Hardware.Winch.M2_ContactorsReleased_DI;0
20818;IoHw.In.Hardware.Winch.M2_ContactorsReleased_DI;0
20920;IoHw.In.Hardware.Winch.M2_ContactorsReleased_DI;0
21020;IoHw.In.Hardware.Winch.M2_ContactorsReleased_DI;0
21121;IoHw.In.Hardware.Winch.M2_ContactorsReleased_DI;0
21221;IoHw.In.Hardware.Winch.M2_ContactorsReleased_DI;0
21323;IoHw.In.Hardware.Winch.M2_ContactorsReleased_DI;0
21424;IoHw.In.Hardware.Winch.M2_ContactorsReleased_DI;0
21524;IoHw.In.Hardware.Winch.M2_ContactorsReleased_DI;0
21625;IoHw.In.Hardware.Winch.M2_ContactorsReleased_DI;0
21724;IoHw.In.Hardware.Winch.M2_ContactorsReleased_DI;0
21825;IoHw.In.Hardware.Winch.M2_ContactorsReleased_DI;1
21924;IoHw.In.Hardware.Winch.M2_ContactorsReleased_DI;1
22026;IoHw.In.Hardware.Winch.M2_ContactorsReleased_DI;1
22126;IoHw.In.Hardware.Winch.M2_ContactorsReleased_DI;1
22226;IoHw.In.Hardware.Winch.M2_ContactorsReleased_DI;1
22327;IoHw.In.Hardware.Winch.M2_ContactorsReleased_DI;1
22426;IoHw.In.Hardware.Winch.M2_ContactorsReleased_DI;1
22528;IoHw.In.Hardware.Winch.M2_ContactorsReleased_DI;1
22628;IoHw.In.Hardware.Winch.M2_ContactorsReleased_DI;1
22727;IoHw.In.Hardware.Winch.M2_ContactorsReleased_DI;1
22827;IoHw.In.Hardware.Winch.M2_ContactorsReleased_DI;1
22930;IoHw.In.Hardware.Winch.M2_ContactorsReleased_DI;1
23030;IoHw.In.Hardware.Winch.M2_ContactorsReleased_DI;1
23130;IoHw.In.Hardware.Winch.M2_ContactorsReleased_DI;1
23231;IoHw.In.Hardware.Winch.M2_ContactorsReleased_DI;1
23333;IoHw.In.Hardware.Winch.M2_ContactorsReleased_DI;1
23433;IoHw.In.Hardware.Winch.M2_ContactorsReleased_DI;1
23534;IoHw.In.Hardware.Winch.M2_ContactorsReleased_DI;1
23635;IoHw.In.Hardware.Winch.M2_ContactorsReleased_DI;1
23735;IoHw.In.Hardware.Winch.M2_ContactorsReleased_DI;1
23836;IoHw.In.Hardware.Winch.M2_ContactorsReleased_DI;1
23936;IoHw.In.Hardware.Winch.M2_ContactorsReleased_DI;1
24037;IoHw.In.Hardware.Winch.M2_ContactorsReleased_DI;1
24137;IoHw.In.Hardware.Winch.M2_ContactorsReleased_DI;1
24236;IoHw.In.Hardware.Winch.M2_ContactorsReleased_DI;1
24337;IoHw.In.Hardware.Winch.M2_ContactorsReleased_DI;1
24437;IoHw.In.Hardware.Winch.M2_ContactorsReleased_DI;1
24538;IoHw.In.Hardware.Winch.M2_ContactorsReleased_DI;1
24639;IoHw.In.Hardware.Winch.M2_ContactorsReleased_DI;1
24740;IoHw.In.Hardware.Winch.M2_ContactorsReleased_DI;1
24839;IoHw.In.Hardware.Winch.M2_ContactorsReleased_DI;1
24942;IoHw.In.Hardware.Winch.M2_ContactorsReleased_DI;1
25042;IoHw.In.Hardware.Winch.M2_ContactorsReleased_DI;1
25143;IoHw.In.Hardware.Winch.M2_ContactorsReleased_DI;1
25243;IoHw.In.Hardware.Winch.M2_ContactorsReleased_DI;1
25345;IoHw.In.Hardware.Winch.M2_ContactorsReleased_DI;1
25446;IoHw.In.Hardware.Winch.M2_ContactorsReleased_DI;1
25546;IoHw.In.Hardware.Winch.M2_ContactorsReleased_DI;1
25646;IoHw.In.Hardware.Winch.M2_ContactorsReleased_DI;1
25748;IoHw.In.Hardware.Winch.M2_ContactorsReleased_DI;1
25848;IoHw.In.Hardware.Winch.M2_ContactorsReleased_DI;1
25949;IoHw.In.Hardware.Winch.M2_ContactorsReleased_DI;1
26050;IoHw.In.Hardware.Winch.M2_ContactorsReleased_DI;1
26151;IoHw.In.Hardware.Winch.M2_ContactorsReleased_DI;1
26252;IoHw.In.Hardware.Winch.M2_ContactorsReleased_DI;1
26351;IoHw.In.Hardware.Winch.M2_ContactorsReleased_DI;1
26453;IoHw.In.Hardware.Winch.M2_ContactorsReleased_DI;1
26552;IoHw.In.Hardware.Winch.M2_ContactorsReleased_DI;1
26653;IoHw.In.Hardware.Winch.M2_ContactorsReleased_DI;1
26756;IoHw.In.Hardware.Winch.M2_ContactorsReleased_DI;1
26856;IoHw.In.Hardware.Winch.M2_ContactorsReleased_DI;1
26955;IoHw.In.Hardware.Winch.M2_ContactorsReleased_DI;1
27056;IoHw.In.Hardware.Winch.M2_ContactorsReleased_DI;1
27156;IoHw.In.Hardware.Winch.M2_ContactorsReleased_DI;1
27257;IoHw.In.Hardware.Winch.M2_ContactorsReleased_DI;1
27357;IoHw.In.Hardware.Winch.M2_ContactorsReleased_DI;1
27459;IoHw.In.Hardware.Winch.M2_ContactorsReleased_DI;1
27560;IoHw.In.Hardware.Winch.M2_ContactorsReleased_DI;1
27661;IoHw.In.Hardware.Winch.M2_ContactorsReleased_DI;1
27761;IoHw.In.Hardware.Winch.M2_ContactorsReleased_DI;1
27862;IoHw.In.Hardware.Winch.M2_ContactorsReleased_DI;1
27963;IoHw.In.Hardware.Winch.M2_ContactorsReleased_DI;1
28063;IoHw.In.Hardware.Winch.M2_ContactorsReleased_DI;1
28164;IoHw.In.Hardware.Winch.M2_ContactorsReleased_DI;1
28264;IoHw.In.Hardware.Winch.M2_ContactorsReleased_DI;1
28363;IoHw.In.Hardware.Winch.M2_ContactorsReleased_DI;1
28464;IoHw.In.Hardware.Winch.M2_ContactorsReleased_DI;1
28566;IoHw.In.Hardware.Winch.M2_ContactorsReleased_DI;1
28668;IoHw.In.Hardware.Winch.M2_ContactorsReleased_DI;1
28768;IoHw.In.Hardware.Winch.M2_ContactorsReleased_DI;1
28870;IoHw.In.Hardware.Winch.M2_ContactorsReleased_DI;1
28969;IoHw.In.Hardware.Winch.M2_ContactorsReleased_DI;1
29069;IoHw.In.Hardware.Winch.M2_ContactorsReleased_DI;1
29171;IoHw.In.Hardware.Winch.M2_ContactorsReleased_DI;1
29272;IoHw.In.Hardware.Winch.M2_ContactorsReleased_DI;1
29371;IoHw.In.Hardware.Winch.M2_ContactorsReleased_DI;1
29473;IoHw.In.Hardware.Winch.M2_ContactorsReleased_DI;1
29572;IoHw.In.Hardware.Winch.M2_ContactorsReleased_DI;1
29672;IoHw.In.Hardware.Winch.M2_ContactorsReleased_DI;1
29773;IoHw.In.Hardware.Winch.M2_ContactorsReleased_DI;1
29872;IoHw.In.Hardware.Winch.M2_ContactorsReleased_DI;1
29972;IoHw.In.Hardware.Winch.M2_ContactorsReleased_DI;1
30072;IoHw.In.Hardware.Winch.M2_ContactorsReleased_DI;1
30173;IoHw.In.Hardware.Winch.M2_ContactorsReleased_DI;1
30275;IoHw.In.Hardware.Winch.M2_ContactorsReleased_DI;1
30377;IoHw.In.Hardware.Winch.M2_ContactorsReleased_DI;1
30476;IoHw.In.Hardware.Winch.M2_ContactorsReleased_DI;1
30576;IoHw.In.Hardware.Winch.M2_ContactorsReleased_DI;1
30676;IoHw.In.Hardware.Winch.M2_ContactorsReleased_DI;1
30776;IoHw.In.Hardware.Winch.M2_ContactorsReleased_DI;1
30877;IoHw.In.Hardware.Winch.M2_ContactorsReleased_DI;1
30978;IoHw.In.Hardware.Winch.M2_ContactorsReleased_DI;1
31078;IoHw.In.Hardware.Winch.M2_ContactorsReleased_DI;1
31179;IoHw.In.Hardware.Winch.M2_ContactorsReleased_DI;1
31280;IoHw.In.Hardware.Winch.M2_ContactorsReleased_DI;1
31380;IoHw.In.Hardware.Winch.M2_ContactorsReleased_DI;1
31480;IoHw.In.Hardware.Winch.M2_ContactorsReleased_DI;1
31581;IoHw.In.Hardware.Winch.M2_ContactorsReleased_DI;1
31681;IoHw.In.Hardware.Winch.M2_ContactorsReleased_DI;1
3;GVL_Troubleshooting.I_LevageUnitaireM1.Inputs_100.Idx104_BrakeApplied;1
104;GVL_Troubleshooting.I_LevageUnitaireM1.Inputs_100.Idx104_BrakeApplied;1
204;GVL_Troubleshooting.I_LevageUnitaireM1.Inputs_100.Idx104_BrakeApplied;1
305;GVL_Troubleshooting.I_LevageUnitaireM1.Inputs_100.Idx104_BrakeApplied;1
406;GVL_Troubleshooting.I_LevageUnitaireM1.Inputs_100.Idx104_BrakeApplied;1
507;GVL_Troubleshooting.I_LevageUnitaireM1.Inputs_100.Idx104_BrakeApplied;1
607;GVL_Troubleshooting.I_LevageUnitaireM1.Inputs_100.Idx104_BrakeApplied;1
708;GVL_Troubleshooting.I_LevageUnitaireM1.Inputs_100.Idx104_BrakeApplied;1
809;GVL_Troubleshooting.I_LevageUnitaireM1.Inputs_100.Idx104_BrakeApplied;1
909;GVL_Troubleshooting.I_LevageUnitaireM1.Inputs_100.Idx104_BrakeApplied;1
1009;GVL_Troubleshooting.I_LevageUnitaireM1.Inputs_100.Idx104_BrakeApplied;1
1110;GVL_Troubleshooting.I_LevageUnitaireM1.Inputs_100.Idx104_BrakeApplied;1
1210;GVL_Troubleshooting.I_LevageUnitaireM1.Inputs_100.Idx104_BrakeApplied;1
1310;GVL_Troubleshooting.I_LevageUnitaireM1.Inputs_100.Idx104_BrakeApplied;1
1411;GVL_Troubleshooting.I_LevageUnitaireM1.Inputs_100.Idx104_BrakeApplied;1
1513;GVL_Troubleshooting.I_LevageUnitaireM1.Inputs_100.Idx104_BrakeApplied;1
1613;GVL_Troubleshooting.I_LevageUnitaireM1.Inputs_100.Idx104_BrakeApplied;1
1713;GVL_Troubleshooting.I_LevageUnitaireM1.Inputs_100.Idx104_BrakeApplied;1
1814;GVL_Troubleshooting.I_LevageUnitaireM1.Inputs_100.Idx104_BrakeApplied;1
1914;GVL_Troubleshooting.I_LevageUnitaireM1.Inputs_100.Idx104_BrakeApplied;1
2015;GVL_Troubleshooting.I_LevageUnitaireM1.Inputs_100.Idx104_BrakeApplied;1
2115;GVL_Troubleshooting.I_LevageUnitaireM1.Inputs_100.Idx104_BrakeApplied;1
2216;GVL_Troubleshooting.I_LevageUnitaireM1.Inputs_100.Idx104_BrakeApplied;1
2318;GVL_Troubleshooting.I_LevageUnitaireM1.Inputs_100.Idx104_BrakeApplied;1
2419;GVL_Troubleshooting.I_LevageUnitaireM1.Inputs_100.Idx104_BrakeApplied;1
2519;GVL_Troubleshooting.I_LevageUnitaireM1.Inputs_100.Idx104_BrakeApplied;1
2620;GVL_Troubleshooting.I_LevageUnitaireM1.Inputs_100.Idx104_BrakeApplied;1
2722;GVL_Troubleshooting.I_LevageUnitaireM1.Inputs_100.Idx104_BrakeApplied;1
2821;GVL_Troubleshooting.I_LevageUnitaireM1.Inputs_100.Idx104_BrakeApplied;1
2921;GVL_Troubleshooting.I_LevageUnitaireM1.Inputs_100.Idx104_BrakeApplied;1
3022;GVL_Troubleshooting.I_LevageUnitaireM1.Inputs_100.Idx104_BrakeApplied;1
3123;GVL_Troubleshooting.I_LevageUnitaireM1.Inputs_100.Idx104_BrakeApplied;1
3224;GVL_Troubleshooting.I_LevageUnitaireM1.Inputs_100.Idx104_BrakeApplied;1
3326;GVL_Troubleshooting.I_LevageUnitaireM1.Inputs_100.Idx104_BrakeApplied;1
3426;GVL_Troubleshooting.I_LevageUnitaireM1.Inputs_100.Idx104_BrakeApplied;1
3527;GVL_Troubleshooting.I_LevageUnitaireM1.Inputs_100.Idx104_BrakeApplied;1
3626;GVL_Troubleshooting.I_LevageUnitaireM1.Inputs_100.Idx104_BrakeApplied;1
3726;GVL_Troubleshooting.I_LevageUnitaireM1.Inputs_100.Idx104_BrakeApplied;1
3827;GVL_Troubleshooting.I_LevageUnitaireM1.Inputs_100.Idx104_BrakeApplied;1
3929;GVL_Troubleshooting.I_LevageUnitaireM1.Inputs_100.Idx104_BrakeApplied;1
4028;GVL_Troubleshooting.I_LevageUnitaireM1.Inputs_100.Idx104_BrakeApplied;1
4129;GVL_Troubleshooting.I_LevageUnitaireM1.Inputs_100.Idx104_BrakeApplied;1
4229;GVL_Troubleshooting.I_LevageUnitaireM1.Inputs_100.Idx104_BrakeApplied;1
4329;GVL_Troubleshooting.I_LevageUnitaireM1.Inputs_100.Idx104_BrakeApplied;1
4431;GVL_Troubleshooting.I_LevageUnitaireM1.Inputs_100.Idx104_BrakeApplied;1
4530;GVL_Troubleshooting.I_LevageUnitaireM1.Inputs_100.Idx104_BrakeApplied;1
4630;GVL_Troubleshooting.I_LevageUnitaireM1.Inputs_100.Idx104_BrakeApplied;1
4732;GVL_Troubleshooting.I_LevageUnitaireM1.Inputs_100.Idx104_BrakeApplied;1
4832;GVL_Troubleshooting.I_LevageUnitaireM1.Inputs_100.Idx104_BrakeApplied;1
4933;GVL_Troubleshooting.I_LevageUnitaireM1.Inputs_100.Idx104_BrakeApplied;1
5034;GVL_Troubleshooting.I_LevageUnitaireM1.Inputs_100.Idx104_BrakeApplied;1
5135;GVL_Troubleshooting.I_LevageUnitaireM1.Inputs_100.Idx104_BrakeApplied;1
5236;GVL_Troubleshooting.I_LevageUnitaireM1.Inputs_100.Idx104_BrakeApplied;1
5336;GVL_Troubleshooting.I_LevageUnitaireM1.Inputs_100.Idx104_BrakeApplied;1
5436;GVL_Troubleshooting.I_LevageUnitaireM1.Inputs_100.Idx104_BrakeApplied;1
5536;GVL_Troubleshooting.I_LevageUnitaireM1.Inputs_100.Idx104_BrakeApplied;1
5637;GVL_Troubleshooting.I_LevageUnitaireM1.Inputs_100.Idx104_BrakeApplied;1
5737;GVL_Troubleshooting.I_LevageUnitaireM1.Inputs_100.Idx104_BrakeApplied;1
5837;GVL_Troubleshooting.I_LevageUnitaireM1.Inputs_100.Idx104_BrakeApplied;1
5937;GVL_Troubleshooting.I_LevageUnitaireM1.Inputs_100.Idx104_BrakeApplied;1
6039;GVL_Troubleshooting.I_LevageUnitaireM1.Inputs_100.Idx104_BrakeApplied;1
6139;GVL_Troubleshooting.I_LevageUnitaireM1.Inputs_100.Idx104_BrakeApplied;1
6240;GVL_Troubleshooting.I_LevageUnitaireM1.Inputs_100.Idx104_BrakeApplied;1
6342;GVL_Troubleshooting.I_LevageUnitaireM1.Inputs_100.Idx104_BrakeApplied;1
6442;GVL_Troubleshooting.I_LevageUnitaireM1.Inputs_100.Idx104_BrakeApplied;1
6543;GVL_Troubleshooting.I_LevageUnitaireM1.Inputs_100.Idx104_BrakeApplied;1
6645;GVL_Troubleshooting.I_LevageUnitaireM1.Inputs_100.Idx104_BrakeApplied;1
6746;GVL_Troubleshooting.I_LevageUnitaireM1.Inputs_100.Idx104_BrakeApplied;1
6846;GVL_Troubleshooting.I_LevageUnitaireM1.Inputs_100.Idx104_BrakeApplied;1
6946;GVL_Troubleshooting.I_LevageUnitaireM1.Inputs_100.Idx104_BrakeApplied;1
7047;GVL_Troubleshooting.I_LevageUnitaireM1.Inputs_100.Idx104_BrakeApplied;1
7148;GVL_Troubleshooting.I_LevageUnitaireM1.Inputs_100.Idx104_BrakeApplied;1
7250;GVL_Troubleshooting.I_LevageUnitaireM1.Inputs_100.Idx104_BrakeApplied;1
7349;GVL_Troubleshooting.I_LevageUnitaireM1.Inputs_100.Idx104_BrakeApplied;1
7450;GVL_Troubleshooting.I_LevageUnitaireM1.Inputs_100.Idx104_BrakeApplied;1
7550;GVL_Troubleshooting.I_LevageUnitaireM1.Inputs_100.Idx104_BrakeApplied;1
7650;GVL_Troubleshooting.I_LevageUnitaireM1.Inputs_100.Idx104_BrakeApplied;1
7751;GVL_Troubleshooting.I_LevageUnitaireM1.Inputs_100.Idx104_BrakeApplied;1
7851;GVL_Troubleshooting.I_LevageUnitaireM1.Inputs_100.Idx104_BrakeApplied;1
7953;GVL_Troubleshooting.I_LevageUnitaireM1.Inputs_100.Idx104_BrakeApplied;1
8054;GVL_Troubleshooting.I_LevageUnitaireM1.Inputs_100.Idx104_BrakeApplied;1
8154;GVL_Troubleshooting.I_LevageUnitaireM1.Inputs_100.Idx104_BrakeApplied;1
8254;GVL_Troubleshooting.I_LevageUnitaireM1.Inputs_100.Idx104_BrakeApplied;1
8355;GVL_Troubleshooting.I_LevageUnitaireM1.Inputs_100.Idx104_BrakeApplied;1
8454;GVL_Troubleshooting.I_LevageUnitaireM1.Inputs_100.Idx104_BrakeApplied;1
8554;GVL_Troubleshooting.I_LevageUnitaireM1.Inputs_100.Idx104_BrakeApplied;1
8654;GVL_Troubleshooting.I_LevageUnitaireM1.Inputs_100.Idx104_BrakeApplied;1
8754;GVL_Troubleshooting.I_LevageUnitaireM1.Inputs_100.Idx104_BrakeApplied;1
8854;GVL_Troubleshooting.I_LevageUnitaireM1.Inputs_100.Idx104_BrakeApplied;1
8954;GVL_Troubleshooting.I_LevageUnitaireM1.Inputs_100.Idx104_BrakeApplied;1
9055;GVL_Troubleshooting.I_LevageUnitaireM1.Inputs_100.Idx104_BrakeApplied;1
9155;GVL_Troubleshooting.I_LevageUnitaireM1.Inputs_100.Idx104_BrakeApplied;1
9256;GVL_Troubleshooting.I_LevageUnitaireM1.Inputs_100.Idx104_BrakeApplied;1
9357;GVL_Troubleshooting.I_LevageUnitaireM1.Inputs_100.Idx104_BrakeApplied;1
9457;GVL_Troubleshooting.I_LevageUnitaireM1.Inputs_100.Idx104_BrakeApplied;1
9557;GVL_Troubleshooting.I_LevageUnitaireM1.Inputs_100.Idx104_BrakeApplied;1
9658;GVL_Troubleshooting.I_LevageUnitaireM1.Inputs_100.Idx104_BrakeApplied;1
9758;GVL_Troubleshooting.I_LevageUnitaireM1.Inputs_100.Idx104_BrakeApplied;1
9858;GVL_Troubleshooting.I_LevageUnitaireM1.Inputs_100.Idx104_BrakeApplied;1
9958;GVL_Troubleshooting.I_LevageUnitaireM1.Inputs_100.Idx104_BrakeApplied;1
10059;GVL_Troubleshooting.I_LevageUnitaireM1.Inputs_100.Idx104_BrakeApplied;1
10160;GVL_Troubleshooting.I_LevageUnitaireM1.Inputs_100.Idx104_BrakeApplied;1
10259;GVL_Troubleshooting.I_LevageUnitaireM1.Inputs_100.Idx104_BrakeApplied;1
10360;GVL_Troubleshooting.I_LevageUnitaireM1.Inputs_100.Idx104_BrakeApplied;1
10461;GVL_Troubleshooting.I_LevageUnitaireM1.Inputs_100.Idx104_BrakeApplied;1
10562;GVL_Troubleshooting.I_LevageUnitaireM1.Inputs_100.Idx104_BrakeApplied;1
10661;GVL_Troubleshooting.I_LevageUnitaireM1.Inputs_100.Idx104_BrakeApplied;1
10761;GVL_Troubleshooting.I_LevageUnitaireM1.Inputs_100.Idx104_BrakeApplied;1
10863;GVL_Troubleshooting.I_LevageUnitaireM1.Inputs_100.Idx104_BrakeApplied;1
10964;GVL_Troubleshooting.I_LevageUnitaireM1.Inputs_100.Idx104_BrakeApplied;1
11065;GVL_Troubleshooting.I_LevageUnitaireM1.Inputs_100.Idx104_BrakeApplied;1
11165;GVL_Troubleshooting.I_LevageUnitaireM1.Inputs_100.Idx104_BrakeApplied;1
11266;GVL_Troubleshooting.I_LevageUnitaireM1.Inputs_100.Idx104_BrakeApplied;1
11365;GVL_Troubleshooting.I_LevageUnitaireM1.Inputs_100.Idx104_BrakeApplied;1
11465;GVL_Troubleshooting.I_LevageUnitaireM1.Inputs_100.Idx104_BrakeApplied;1
11566;GVL_Troubleshooting.I_LevageUnitaireM1.Inputs_100.Idx104_BrakeApplied;1
11666;GVL_Troubleshooting.I_LevageUnitaireM1.Inputs_100.Idx104_BrakeApplied;1
11765;GVL_Troubleshooting.I_LevageUnitaireM1.Inputs_100.Idx104_BrakeApplied;1
11866;GVL_Troubleshooting.I_LevageUnitaireM1.Inputs_100.Idx104_BrakeApplied;1
11966;GVL_Troubleshooting.I_LevageUnitaireM1.Inputs_100.Idx104_BrakeApplied;1
12067;GVL_Troubleshooting.I_LevageUnitaireM1.Inputs_100.Idx104_BrakeApplied;1
12167;GVL_Troubleshooting.I_LevageUnitaireM1.Inputs_100.Idx104_BrakeApplied;1
12267;GVL_Troubleshooting.I_LevageUnitaireM1.Inputs_100.Idx104_BrakeApplied;1
12368;GVL_Troubleshooting.I_LevageUnitaireM1.Inputs_100.Idx104_BrakeApplied;1
12467;GVL_Troubleshooting.I_LevageUnitaireM1.Inputs_100.Idx104_BrakeApplied;1
12570;GVL_Troubleshooting.I_LevageUnitaireM1.Inputs_100.Idx104_BrakeApplied;1
12669;GVL_Troubleshooting.I_LevageUnitaireM1.Inputs_100.Idx104_BrakeApplied;1
12770;GVL_Troubleshooting.I_LevageUnitaireM1.Inputs_100.Idx104_BrakeApplied;1
12872;GVL_Troubleshooting.I_LevageUnitaireM1.Inputs_100.Idx104_BrakeApplied;1
12972;GVL_Troubleshooting.I_LevageUnitaireM1.Inputs_100.Idx104_BrakeApplied;1
13073;GVL_Troubleshooting.I_LevageUnitaireM1.Inputs_100.Idx104_BrakeApplied;1
13175;GVL_Troubleshooting.I_LevageUnitaireM1.Inputs_100.Idx104_BrakeApplied;1
13275;GVL_Troubleshooting.I_LevageUnitaireM1.Inputs_100.Idx104_BrakeApplied;1
13378;GVL_Troubleshooting.I_LevageUnitaireM1.Inputs_100.Idx104_BrakeApplied;1
13478;GVL_Troubleshooting.I_LevageUnitaireM1.Inputs_100.Idx104_BrakeApplied;1
13577;GVL_Troubleshooting.I_LevageUnitaireM1.Inputs_100.Idx104_BrakeApplied;1
13676;GVL_Troubleshooting.I_LevageUnitaireM1.Inputs_100.Idx104_BrakeApplied;1
13778;GVL_Troubleshooting.I_LevageUnitaireM1.Inputs_100.Idx104_BrakeApplied;1
13878;GVL_Troubleshooting.I_LevageUnitaireM1.Inputs_100.Idx104_BrakeApplied;1
13979;GVL_Troubleshooting.I_LevageUnitaireM1.Inputs_100.Idx104_BrakeApplied;1
14079;GVL_Troubleshooting.I_LevageUnitaireM1.Inputs_100.Idx104_BrakeApplied;1
14180;GVL_Troubleshooting.I_LevageUnitaireM1.Inputs_100.Idx104_BrakeApplied;1
14280;GVL_Troubleshooting.I_LevageUnitaireM1.Inputs_100.Idx104_BrakeApplied;1
14382;GVL_Troubleshooting.I_LevageUnitaireM1.Inputs_100.Idx104_BrakeApplied;1
14483;GVL_Troubleshooting.I_LevageUnitaireM1.Inputs_100.Idx104_BrakeApplied;1
14584;GVL_Troubleshooting.I_LevageUnitaireM1.Inputs_100.Idx104_BrakeApplied;1
14685;GVL_Troubleshooting.I_LevageUnitaireM1.Inputs_100.Idx104_BrakeApplied;1
14787;GVL_Troubleshooting.I_LevageUnitaireM1.Inputs_100.Idx104_BrakeApplied;1
14887;GVL_Troubleshooting.I_LevageUnitaireM1.Inputs_100.Idx104_BrakeApplied;1
14987;GVL_Troubleshooting.I_LevageUnitaireM1.Inputs_100.Idx104_BrakeApplied;1
15086;GVL_Troubleshooting.I_LevageUnitaireM1.Inputs_100.Idx104_BrakeApplied;1
15188;GVL_Troubleshooting.I_LevageUnitaireM1.Inputs_100.Idx104_BrakeApplied;1
15288;GVL_Troubleshooting.I_LevageUnitaireM1.Inputs_100.Idx104_BrakeApplied;1
15388;GVL_Troubleshooting.I_LevageUnitaireM1.Inputs_100.Idx104_BrakeApplied;1
15487;GVL_Troubleshooting.I_LevageUnitaireM1.Inputs_100.Idx104_BrakeApplied;1
15588;GVL_Troubleshooting.I_LevageUnitaireM1.Inputs_100.Idx104_BrakeApplied;1
15687;GVL_Troubleshooting.I_LevageUnitaireM1.Inputs_100.Idx104_BrakeApplied;1
15789;GVL_Troubleshooting.I_LevageUnitaireM1.Inputs_100.Idx104_BrakeApplied;1
15890;GVL_Troubleshooting.I_LevageUnitaireM1.Inputs_100.Idx104_BrakeApplied;1
15992;GVL_Troubleshooting.I_LevageUnitaireM1.Inputs_100.Idx104_BrakeApplied;1
16092;GVL_Troubleshooting.I_LevageUnitaireM1.Inputs_100.Idx104_BrakeApplied;1
16194;GVL_Troubleshooting.I_LevageUnitaireM1.Inputs_100.Idx104_BrakeApplied;1
16293;GVL_Troubleshooting.I_LevageUnitaireM1.Inputs_100.Idx104_BrakeApplied;1
16393;GVL_Troubleshooting.I_LevageUnitaireM1.Inputs_100.Idx104_BrakeApplied;1
16493;GVL_Troubleshooting.I_LevageUnitaireM1.Inputs_100.Idx104_BrakeApplied;1
16593;GVL_Troubleshooting.I_LevageUnitaireM1.Inputs_100.Idx104_BrakeApplied;1
16693;GVL_Troubleshooting.I_LevageUnitaireM1.Inputs_100.Idx104_BrakeApplied;1
16795;GVL_Troubleshooting.I_LevageUnitaireM1.Inputs_100.Idx104_BrakeApplied;1
16894;GVL_Troubleshooting.I_LevageUnitaireM1.Inputs_100.Idx104_BrakeApplied;1
16994;GVL_Troubleshooting.I_LevageUnitaireM1.Inputs_100.Idx104_BrakeApplied;1
17094;GVL_Troubleshooting.I_LevageUnitaireM1.Inputs_100.Idx104_BrakeApplied;1
17195;GVL_Troubleshooting.I_LevageUnitaireM1.Inputs_100.Idx104_BrakeApplied;1
17295;GVL_Troubleshooting.I_LevageUnitaireM1.Inputs_100.Idx104_BrakeApplied;1
17396;GVL_Troubleshooting.I_LevageUnitaireM1.Inputs_100.Idx104_BrakeApplied;1
17498;GVL_Troubleshooting.I_LevageUnitaireM1.Inputs_100.Idx104_BrakeApplied;1
17598;GVL_Troubleshooting.I_LevageUnitaireM1.Inputs_100.Idx104_BrakeApplied;1
17698;GVL_Troubleshooting.I_LevageUnitaireM1.Inputs_100.Idx104_BrakeApplied;1
17801;GVL_Troubleshooting.I_LevageUnitaireM1.Inputs_100.Idx104_BrakeApplied;1
17900;GVL_Troubleshooting.I_LevageUnitaireM1.Inputs_100.Idx104_BrakeApplied;1
18001;GVL_Troubleshooting.I_LevageUnitaireM1.Inputs_100.Idx104_BrakeApplied;1
18100;GVL_Troubleshooting.I_LevageUnitaireM1.Inputs_100.Idx104_BrakeApplied;1
18202;GVL_Troubleshooting.I_LevageUnitaireM1.Inputs_100.Idx104_BrakeApplied;1
18304;GVL_Troubleshooting.I_LevageUnitaireM1.Inputs_100.Idx104_BrakeApplied;1
18404;GVL_Troubleshooting.I_LevageUnitaireM1.Inputs_100.Idx104_BrakeApplied;1
18505;GVL_Troubleshooting.I_LevageUnitaireM1.Inputs_100.Idx104_BrakeApplied;1
18605;GVL_Troubleshooting.I_LevageUnitaireM1.Inputs_100.Idx104_BrakeApplied;0
18706;GVL_Troubleshooting.I_LevageUnitaireM1.Inputs_100.Idx104_BrakeApplied;0
18805;GVL_Troubleshooting.I_LevageUnitaireM1.Inputs_100.Idx104_BrakeApplied;0
18905;GVL_Troubleshooting.I_LevageUnitaireM1.Inputs_100.Idx104_BrakeApplied;0
19007;GVL_Troubleshooting.I_LevageUnitaireM1.Inputs_100.Idx104_BrakeApplied;0
19106;GVL_Troubleshooting.I_LevageUnitaireM1.Inputs_100.Idx104_BrakeApplied;0
19207;GVL_Troubleshooting.I_LevageUnitaireM1.Inputs_100.Idx104_BrakeApplied;0
19306;GVL_Troubleshooting.I_LevageUnitaireM1.Inputs_100.Idx104_BrakeApplied;0
19407;GVL_Troubleshooting.I_LevageUnitaireM1.Inputs_100.Idx104_BrakeApplied;0
19508;GVL_Troubleshooting.I_LevageUnitaireM1.Inputs_100.Idx104_BrakeApplied;0
19607;GVL_Troubleshooting.I_LevageUnitaireM1.Inputs_100.Idx104_BrakeApplied;0
19707;GVL_Troubleshooting.I_LevageUnitaireM1.Inputs_100.Idx104_BrakeApplied;0
19810;GVL_Troubleshooting.I_LevageUnitaireM1.Inputs_100.Idx104_BrakeApplied;0
19911;GVL_Troubleshooting.I_LevageUnitaireM1.Inputs_100.Idx104_BrakeApplied;0
20012;GVL_Troubleshooting.I_LevageUnitaireM1.Inputs_100.Idx104_BrakeApplied;0
20113;GVL_Troubleshooting.I_LevageUnitaireM1.Inputs_100.Idx104_BrakeApplied;0
20212;GVL_Troubleshooting.I_LevageUnitaireM1.Inputs_100.Idx104_BrakeApplied;0
20313;GVL_Troubleshooting.I_LevageUnitaireM1.Inputs_100.Idx104_BrakeApplied;0
20415;GVL_Troubleshooting.I_LevageUnitaireM1.Inputs_100.Idx104_BrakeApplied;0
20516;GVL_Troubleshooting.I_LevageUnitaireM1.Inputs_100.Idx104_BrakeApplied;0
20616;GVL_Troubleshooting.I_LevageUnitaireM1.Inputs_100.Idx104_BrakeApplied;0
20718;GVL_Troubleshooting.I_LevageUnitaireM1.Inputs_100.Idx104_BrakeApplied;0
20818;GVL_Troubleshooting.I_LevageUnitaireM1.Inputs_100.Idx104_BrakeApplied;0
20920;GVL_Troubleshooting.I_LevageUnitaireM1.Inputs_100.Idx104_BrakeApplied;0
21020;GVL_Troubleshooting.I_LevageUnitaireM1.Inputs_100.Idx104_BrakeApplied;0
21121;GVL_Troubleshooting.I_LevageUnitaireM1.Inputs_100.Idx104_BrakeApplied;0
21221;GVL_Troubleshooting.I_LevageUnitaireM1.Inputs_100.Idx104_BrakeApplied;0
21323;GVL_Troubleshooting.I_LevageUnitaireM1.Inputs_100.Idx104_BrakeApplied;0
21424;GVL_Troubleshooting.I_LevageUnitaireM1.Inputs_100.Idx104_BrakeApplied;0
21524;GVL_Troubleshooting.I_LevageUnitaireM1.Inputs_100.Idx104_BrakeApplied;0
21625;GVL_Troubleshooting.I_LevageUnitaireM1.Inputs_100.Idx104_BrakeApplied;0
21724;GVL_Troubleshooting.I_LevageUnitaireM1.Inputs_100.Idx104_BrakeApplied;0
21825;GVL_Troubleshooting.I_LevageUnitaireM1.Inputs_100.Idx104_BrakeApplied;1
21924;GVL_Troubleshooting.I_LevageUnitaireM1.Inputs_100.Idx104_BrakeApplied;1
22026;GVL_Troubleshooting.I_LevageUnitaireM1.Inputs_100.Idx104_BrakeApplied;1
22126;GVL_Troubleshooting.I_LevageUnitaireM1.Inputs_100.Idx104_BrakeApplied;1
22226;GVL_Troubleshooting.I_LevageUnitaireM1.Inputs_100.Idx104_BrakeApplied;1
22327;GVL_Troubleshooting.I_LevageUnitaireM1.Inputs_100.Idx104_BrakeApplied;1
22426;GVL_Troubleshooting.I_LevageUnitaireM1.Inputs_100.Idx104_BrakeApplied;1
22528;GVL_Troubleshooting.I_LevageUnitaireM1.Inputs_100.Idx104_BrakeApplied;1
22628;GVL_Troubleshooting.I_LevageUnitaireM1.Inputs_100.Idx104_BrakeApplied;1
22727;GVL_Troubleshooting.I_LevageUnitaireM1.Inputs_100.Idx104_BrakeApplied;1
22827;GVL_Troubleshooting.I_LevageUnitaireM1.Inputs_100.Idx104_BrakeApplied;1
22930;GVL_Troubleshooting.I_LevageUnitaireM1.Inputs_100.Idx104_BrakeApplied;1
23030;GVL_Troubleshooting.I_LevageUnitaireM1.Inputs_100.Idx104_BrakeApplied;1
23130;GVL_Troubleshooting.I_LevageUnitaireM1.Inputs_100.Idx104_BrakeApplied;1
23231;GVL_Troubleshooting.I_LevageUnitaireM1.Inputs_100.Idx104_BrakeApplied;1
23333;GVL_Troubleshooting.I_LevageUnitaireM1.Inputs_100.Idx104_BrakeApplied;1
23433;GVL_Troubleshooting.I_LevageUnitaireM1.Inputs_100.Idx104_BrakeApplied;1
23534;GVL_Troubleshooting.I_LevageUnitaireM1.Inputs_100.Idx104_BrakeApplied;1
23635;GVL_Troubleshooting.I_LevageUnitaireM1.Inputs_100.Idx104_BrakeApplied;1
23735;GVL_Troubleshooting.I_LevageUnitaireM1.Inputs_100.Idx104_BrakeApplied;1
23836;GVL_Troubleshooting.I_LevageUnitaireM1.Inputs_100.Idx104_BrakeApplied;1
23936;GVL_Troubleshooting.I_LevageUnitaireM1.Inputs_100.Idx104_BrakeApplied;1
24037;GVL_Troubleshooting.I_LevageUnitaireM1.Inputs_100.Idx104_BrakeApplied;1
24137;GVL_Troubleshooting.I_LevageUnitaireM1.Inputs_100.Idx104_BrakeApplied;1
24236;GVL_Troubleshooting.I_LevageUnitaireM1.Inputs_100.Idx104_BrakeApplied;1
24337;GVL_Troubleshooting.I_LevageUnitaireM1.Inputs_100.Idx104_BrakeApplied;1
24437;GVL_Troubleshooting.I_LevageUnitaireM1.Inputs_100.Idx104_BrakeApplied;1
24538;GVL_Troubleshooting.I_LevageUnitaireM1.Inputs_100.Idx104_BrakeApplied;1
24639;GVL_Troubleshooting.I_LevageUnitaireM1.Inputs_100.Idx104_BrakeApplied;1
24740;GVL_Troubleshooting.I_LevageUnitaireM1.Inputs_100.Idx104_BrakeApplied;1
24839;GVL_Troubleshooting.I_LevageUnitaireM1.Inputs_100.Idx104_BrakeApplied;1
24942;GVL_Troubleshooting.I_LevageUnitaireM1.Inputs_100.Idx104_BrakeApplied;1
25042;GVL_Troubleshooting.I_LevageUnitaireM1.Inputs_100.Idx104_BrakeApplied;1
25143;GVL_Troubleshooting.I_LevageUnitaireM1.Inputs_100.Idx104_BrakeApplied;1
25243;GVL_Troubleshooting.I_LevageUnitaireM1.Inputs_100.Idx104_BrakeApplied;1
25345;GVL_Troubleshooting.I_LevageUnitaireM1.Inputs_100.Idx104_BrakeApplied;1
25446;GVL_Troubleshooting.I_LevageUnitaireM1.Inputs_100.Idx104_BrakeApplied;1
25546;GVL_Troubleshooting.I_LevageUnitaireM1.Inputs_100.Idx104_BrakeApplied;1
25646;GVL_Troubleshooting.I_LevageUnitaireM1.Inputs_100.Idx104_BrakeApplied;1
25748;GVL_Troubleshooting.I_LevageUnitaireM1.Inputs_100.Idx104_BrakeApplied;1
25848;GVL_Troubleshooting.I_LevageUnitaireM1.Inputs_100.Idx104_BrakeApplied;1
25949;GVL_Troubleshooting.I_LevageUnitaireM1.Inputs_100.Idx104_BrakeApplied;1
26050;GVL_Troubleshooting.I_LevageUnitaireM1.Inputs_100.Idx104_BrakeApplied;1
26151;GVL_Troubleshooting.I_LevageUnitaireM1.Inputs_100.Idx104_BrakeApplied;1
26252;GVL_Troubleshooting.I_LevageUnitaireM1.Inputs_100.Idx104_BrakeApplied;1
26351;GVL_Troubleshooting.I_LevageUnitaireM1.Inputs_100.Idx104_BrakeApplied;1
26453;GVL_Troubleshooting.I_LevageUnitaireM1.Inputs_100.Idx104_BrakeApplied;1
26552;GVL_Troubleshooting.I_LevageUnitaireM1.Inputs_100.Idx104_BrakeApplied;1
26653;GVL_Troubleshooting.I_LevageUnitaireM1.Inputs_100.Idx104_BrakeApplied;1
26756;GVL_Troubleshooting.I_LevageUnitaireM1.Inputs_100.Idx104_BrakeApplied;1
26856;GVL_Troubleshooting.I_LevageUnitaireM1.Inputs_100.Idx104_BrakeApplied;1
26955;GVL_Troubleshooting.I_LevageUnitaireM1.Inputs_100.Idx104_BrakeApplied;1
27056;GVL_Troubleshooting.I_LevageUnitaireM1.Inputs_100.Idx104_BrakeApplied;1
27156;GVL_Troubleshooting.I_LevageUnitaireM1.Inputs_100.Idx104_BrakeApplied;1
27257;GVL_Troubleshooting.I_LevageUnitaireM1.Inputs_100.Idx104_BrakeApplied;1
27357;GVL_Troubleshooting.I_LevageUnitaireM1.Inputs_100.Idx104_BrakeApplied;1
27459;GVL_Troubleshooting.I_LevageUnitaireM1.Inputs_100.Idx104_BrakeApplied;1
27560;GVL_Troubleshooting.I_LevageUnitaireM1.Inputs_100.Idx104_BrakeApplied;1
27661;GVL_Troubleshooting.I_LevageUnitaireM1.Inputs_100.Idx104_BrakeApplied;1
27761;GVL_Troubleshooting.I_LevageUnitaireM1.Inputs_100.Idx104_BrakeApplied;1
27862;GVL_Troubleshooting.I_LevageUnitaireM1.Inputs_100.Idx104_BrakeApplied;1
27963;GVL_Troubleshooting.I_LevageUnitaireM1.Inputs_100.Idx104_BrakeApplied;1
28063;GVL_Troubleshooting.I_LevageUnitaireM1.Inputs_100.Idx104_BrakeApplied;1
28164;GVL_Troubleshooting.I_LevageUnitaireM1.Inputs_100.Idx104_BrakeApplied;1
28264;GVL_Troubleshooting.I_LevageUnitaireM1.Inputs_100.Idx104_BrakeApplied;1
28363;GVL_Troubleshooting.I_LevageUnitaireM1.Inputs_100.Idx104_BrakeApplied;1
28464;GVL_Troubleshooting.I_LevageUnitaireM1.Inputs_100.Idx104_BrakeApplied;1
28566;GVL_Troubleshooting.I_LevageUnitaireM1.Inputs_100.Idx104_BrakeApplied;1
28668;GVL_Troubleshooting.I_LevageUnitaireM1.Inputs_100.Idx104_BrakeApplied;1
28768;GVL_Troubleshooting.I_LevageUnitaireM1.Inputs_100.Idx104_BrakeApplied;1
28870;GVL_Troubleshooting.I_LevageUnitaireM1.Inputs_100.Idx104_BrakeApplied;1
28969;GVL_Troubleshooting.I_LevageUnitaireM1.Inputs_100.Idx104_BrakeApplied;1
29069;GVL_Troubleshooting.I_LevageUnitaireM1.Inputs_100.Idx104_BrakeApplied;1
29171;GVL_Troubleshooting.I_LevageUnitaireM1.Inputs_100.Idx104_BrakeApplied;1
29272;GVL_Troubleshooting.I_LevageUnitaireM1.Inputs_100.Idx104_BrakeApplied;1
29371;GVL_Troubleshooting.I_LevageUnitaireM1.Inputs_100.Idx104_BrakeApplied;1
29473;GVL_Troubleshooting.I_LevageUnitaireM1.Inputs_100.Idx104_BrakeApplied;1
29572;GVL_Troubleshooting.I_LevageUnitaireM1.Inputs_100.Idx104_BrakeApplied;1
29672;GVL_Troubleshooting.I_LevageUnitaireM1.Inputs_100.Idx104_BrakeApplied;1
29773;GVL_Troubleshooting.I_LevageUnitaireM1.Inputs_100.Idx104_BrakeApplied;1
29872;GVL_Troubleshooting.I_LevageUnitaireM1.Inputs_100.Idx104_BrakeApplied;1
29972;GVL_Troubleshooting.I_LevageUnitaireM1.Inputs_100.Idx104_BrakeApplied;1
30072;GVL_Troubleshooting.I_LevageUnitaireM1.Inputs_100.Idx104_BrakeApplied;1
30173;GVL_Troubleshooting.I_LevageUnitaireM1.Inputs_100.Idx104_BrakeApplied;1
30275;GVL_Troubleshooting.I_LevageUnitaireM1.Inputs_100.Idx104_BrakeApplied;1
30377;GVL_Troubleshooting.I_LevageUnitaireM1.Inputs_100.Idx104_BrakeApplied;1
30476;GVL_Troubleshooting.I_LevageUnitaireM1.Inputs_100.Idx104_BrakeApplied;1
30576;GVL_Troubleshooting.I_LevageUnitaireM1.Inputs_100.Idx104_BrakeApplied;1
30676;GVL_Troubleshooting.I_LevageUnitaireM1.Inputs_100.Idx104_BrakeApplied;1
30776;GVL_Troubleshooting.I_LevageUnitaireM1.Inputs_100.Idx104_BrakeApplied;1
30877;GVL_Troubleshooting.I_LevageUnitaireM1.Inputs_100.Idx104_BrakeApplied;1
30978;GVL_Troubleshooting.I_LevageUnitaireM1.Inputs_100.Idx104_BrakeApplied;1
31078;GVL_Troubleshooting.I_LevageUnitaireM1.Inputs_100.Idx104_BrakeApplied;1
31179;GVL_Troubleshooting.I_LevageUnitaireM1.Inputs_100.Idx104_BrakeApplied;1
31280;GVL_Troubleshooting.I_LevageUnitaireM1.Inputs_100.Idx104_BrakeApplied;1
31380;GVL_Troubleshooting.I_LevageUnitaireM1.Inputs_100.Idx104_BrakeApplied;1
31480;GVL_Troubleshooting.I_LevageUnitaireM1.Inputs_100.Idx104_BrakeApplied;1
31581;GVL_Troubleshooting.I_LevageUnitaireM1.Inputs_100.Idx104_BrakeApplied;1
31681;GVL_Troubleshooting.I_LevageUnitaireM1.Inputs_100.Idx104_BrakeApplied;1
