Timestamp_ms;M1TreuilRetenue.State.Position_M;M2TreuilBenne.Bucket.State.M2PositionCorrected;M2TreuilBenne.State.Position_M;Modes.Cmd.SelJoystickWinch;M2TreuilBenne.Bucket.State.DeltaPosition_M;M1_BrakeIsOpen_DI;M1_BrakeRelease_RQ;M1_RelayAscent_RQ;M1_RelayDescent_RQ;M1_SpeedContactor_1_DQ;M1_SpeedContactor_2_DQ;M1_SpeedContactor_3_DQ;M1_SpeedContactor_4_DQ;M2_BrakeIsOpen_DI;M2_BrakeRelease_RQ;M2_RelayAscent_Close_RQ;M2_RelayDescent_Open_RQ;M2_SpeedContactor_1_DQ;M2_SpeedContactor_2_DQ;M2_SpeedContactor_3_DQ;M2_SpeedContactor_4_DQ;M1_M2_KoboldMeasureEnable_RQ;PRG_02_Acquisition.HwIn.Machine.M1_M2_KoboldBottomTouch_DI;JOY1Joystick.State.RawY;PRG_02_Acquisition.instJoystick.AxisCmdY.SpeedTgt;COD1_PresettTrigCmd;COD1_PresetValue;COD1_PosValue;PRG_02_Acquisition.instJoystick.ArmingPermit;PRG_02_Acquisition.instJoystick.ArmingPermitDenied;PRG_02_Acquisition.Data.Joystick.DeadmanArmed;PRG_06_Outputs.Data.SyncContactorDiag.RelayFwdMismatch;M1M2Sync.State.Error;M1M2Sync.State.ErrorId;M1TreuilRetenue.State.Error;M1TreuilRetenue.State.ErrorId;M1TreuilRetenue.Safety.Error;M1TreuilRetenue.Safety.ErrorId;M2TreuilBenne.State.Error;M2TreuilBenne.State.ErrorId;M2TreuilBenne.Safety.Error;M2TreuilBenne.Safety.ErrorId;M2_TensionedCable_DI;M1M2_TopPositionFree_DI;M1TreuilRetenue.State.MeasuredSpeed_Mps;M2TreuilBenne.State.MeasuredSpeed_Mps;M1M2Sync.State.DeltaPos_M;COD1_SpdValue;COD2_SpdValue;PRG_02_Acquisition.Data.EncoderM1.Measurement.SignedSpeed_Mps;PRG_02_Acquisition.Data.EncoderM2.Measurement.SignedSpeed_Mps;M2TreuilBenne.Bucket.State.BucketOpening_Pct;PRG_04_Treuils_Benne.Data.ArmingPermit
65;8.5;8.5;23.5;0;15;0;0;0;0;0;0;0;0;0;0;0;0;0;0;0;0;0;0;5000;0;0;1000000;0;1;0;0;0;0;0;0;0;0;0;0;0;0;0;0;0;0;0;0;0;0;0;0;0;1
165;8.5;8.5;23.5;0;15;0;0;0;0;0;0;0;0;0;0;0;0;0;0;0;0;0;0;5000;0;0;1000000;0;1;0;0;0;0;0;0;0;0;0;0;0;0;0;0;0;0;0;0;0;0;0;0;0;1
266;8.5;8.5;23.5;0;15;0;0;0;0;0;0;0;0;0;0;0;0;0;0;0;0;0;0;5000;0;0;1000000;0;1;0;0;0;0;0;0;0;0;0;0;0;0;0;0;0;0;0;0;0;0;0;0;0;1
366;8.5;8.5;23.5;0;15;0;0;0;0;0;0;0;0;0;0;0;0;0;0;0;0;0;0;5000;0;0;1000000;0;1;0;0;0;0;0;0;0;0;0;0;0;0;0;0;0;0;0;0;0;0;0;0;0;1
466;8.5;8.5;23.5;0;15;0;0;0;0;0;0;0;0;0;0;0;0;0;0;0;0;0;0;5000;0;0;1000000;0;1;0;0;0;0;0;0;0;0;0;0;0;0;0;0;0;0;0;0;0;0;0;0;0;1
566;8.5;8.5;23.5;0;15;0;0;0;0;0;0;0;0;0;0;0;0;0;0;0;0;0;0;5000;0;0;1000000;0;1;0;0;0;0;0;0;0;0;0;0;0;0;0;0;0;0;0;0;0;0;0;0;0;1
666;8.5;8.5;23.5;0;15;0;0;0;0;0;0;0;0;0;0;0;0;0;0;0;0;0;0;5000;0;0;1000000;0;1;0;0;0;0;0;0;0;0;0;0;0;0;0;0;0;0;0;0;0;0;0;0;0;1
766;8.5;8.5;23.5;0;15;0;0;0;0;0;0;0;0;0;0;0;0;0;0;0;0;0;0;5000;0;0;1000000;0;1;0;0;0;0;0;0;0;0;0;0;0;0;0;0;0;0;0;0;0;0;0;0;0;1
867;8.5;8.5;23.5;0;15;0;0;0;0;0;0;0;0;0;0;0;0;0;0;0;0;0;0;5000;0;0;1000000;0;1;0;0;0;0;0;0;0;0;0;0;0;0;0;0;0;0;0;0;0;0;0;0;0;1
969;8.5;8.5;23.5;0;15;0;0;0;0;0;0;0;0;0;0;0;0;0;0;0;0;0;0;5000;0;0;1000000;0;1;0;0;0;0;0;0;0;0;0;0;0;0;0;0;0;0;0;0;0;0;0;0;0;1
1069;8.5;8.5;23.5;0;15;0;0;0;0;0;0;0;0;0;0;0;0;0;0;0;0;0;0;5000;0;0;1000000;0;1;0;0;0;0;0;0;0;0;0;0;0;0;0;0;0;0;0;0;0;0;0;0;0;1
1170;8.5;8.5;23.5;0;15;0;0;0;0;0;0;0;0;0;0;0;0;0;0;0;0;0;0;5000;0;0;1000000;0;1;0;0;0;0;0;0;0;0;0;0;0;0;0;0;0;0;0;0;0;0;0;0;0;1
1271;8.5;8.5;23.5;0;15;0;0;0;0;0;0;0;0;0;0;0;0;0;0;0;0;0;0;5000;0;0;1000000;0;1;0;0;0;0;0;0;0;0;0;0;0;0;0;0;0;0;0;0;0;0;0;0;0;1
1373;8.5;8.5;23.5;0;15;0;0;0;0;0;0;0;0;0;0;0;0;0;0;0;0;0;0;5000;0;0;1000000;0;1;0;0;0;0;0;0;0;0;0;0;0;0;0;0;0;0;0;0;0;0;0;0;0;1
1473;8.5;8.5;23.5;0;15;0;0;0;0;0;0;0;0;0;0;0;0;0;0;0;0;0;0;5000;0;0;1000000;0;1;0;0;0;0;0;0;0;0;0;0;0;0;0;0;0;0;0;0;0;0;0;0;0;1
1573;8.5;8.5;23.5;0;15;0;0;0;0;0;0;0;0;0;0;0;0;0;0;0;0;0;0;5000;0;0;1000000;0;1;0;0;0;0;0;0;0;0;0;0;0;0;0;0;0;0;0;0;0;0;0;0;0;1
1673;8.5;8.5;23.5;0;15;0;0;0;0;0;0;0;0;0;0;0;0;0;0;0;0;0;0;5000;0;0;1000000;0;1;0;0;0;0;0;0;0;0;0;0;0;0;0;0;0;0;0;0;0;0;0;0;0;1
1773;8.5;8.5;23.5;0;15;0;0;0;0;0;0;0;0;0;0;0;0;0;0;0;0;0;0;5000;0;0;1000000;0;1;0;0;0;0;0;0;0;0;0;0;0;0;0;0;0;0;0;0;0;0;0;0;0;1
1874;8.5;8.5;23.5;0;15;0;0;0;0;0;0;0;0;0;0;0;0;0;0;0;0;0;0;5000;0;0;1000000;0;1;0;0;0;0;0;0;0;0;0;0;0;0;0;0;0;0;0;0;0;0;0;0;0;1
1974;8.5;8.5;23.5;0;15;0;0;0;0;0;0;0;0;0;0;0;0;0;0;0;0;0;0;5000;0;0;1000000;0;1;0;0;0;0;0;0;0;0;0;0;0;0;0;0;0;0;0;0;0;0;0;0;0;1
2075;8.5;8.5;23.5;0;15;0;0;0;0;0;0;0;0;0;0;0;0;0;0;0;0;0;0;5000;0;0;1000000;0;1;0;0;0;0;0;0;0;0;0;0;0;0;0;0;0;0;0;0;0;0;0;0;0;1
2176;8.5;8.5;23.5;0;15;0;0;0;0;0;0;0;0;0;0;0;0;0;0;0;0;0;0;5000;0;0;1000000;0;1;0;0;0;0;0;0;0;0;0;0;0;0;0;0;0;0;0;0;0;0;0;0;0;1
2277;8.5;8.5;23.5;0;15;0;0;0;0;0;0;0;0;0;0;0;0;0;0;0;0;0;0;5000;0;0;1000000;0;1;0;0;0;0;0;0;0;0;0;0;0;0;0;0;0;0;0;0;0;0;0;0;0;1
2378;8.5;8.5;23.5;0;15;0;0;0;0;0;0;0;0;0;0;0;0;0;0;0;0;0;0;5000;0;0;1000000;0;1;0;0;0;0;0;0;0;0;0;0;0;0;0;0;0;0;0;0;0;0;0;0;0;1
2479;8.5;8.5;23.5;0;15;0;0;0;0;0;0;0;0;0;0;0;0;0;0;0;0;0;0;5000;0;0;1000000;0;1;0;0;0;0;0;0;0;0;0;0;0;0;0;0;0;0;0;0;0;0;0;0;0;1
2582;8.5;8.5;23.5;0;15;0;0;0;0;0;0;0;0;0;0;0;0;0;0;0;0;0;0;5000;0;0;1000000;0;1;0;0;0;0;0;0;0;0;0;0;0;0;0;0;0;0;0;0;0;0;0;0;0;1
2681;8.5;8.5;23.5;0;15;0;0;0;0;0;0;0;0;0;0;0;0;0;0;0;0;0;0;5000;0;0;1000000;0;1;0;0;0;0;0;0;0;0;0;0;0;0;0;0;0;0;0;0;0;0;0;0;0;1
2782;8.5;8.5;23.5;0;15;0;0;0;0;0;0;0;0;0;0;0;0;0;0;0;0;0;0;5000;0;0;1000000;0;1;0;0;0;0;0;0;0;0;0;0;0;0;0;0;0;0;0;0;0;0;0;0;0;1
2881;8.5;8.5;23.5;0;15;0;0;0;0;0;0;0;0;0;0;0;0;0;0;0;0;0;0;5000;0;0;1000000;0;1;0;0;0;0;0;0;0;0;0;0;0;0;0;0;0;0;0;0;0;0;0;0;0;1
2981;8.5;8.5;23.5;0;15;0;0;0;0;0;0;0;0;0;0;0;0;0;0;0;0;0;0;5000;0;0;1000000;0;1;0;0;0;0;0;0;0;0;0;0;0;0;0;0;0;0;0;0;0;0;0;0;0;1
3082;8.5;8.5;23.5;0;15;0;0;0;0;0;0;0;0;0;0;0;0;0;0;0;0;0;0;5000;0;0;1000000;0;1;0;0;0;0;0;0;0;0;0;0;0;0;0;0;0;0;0;0;0;0;0;0;0;1
3182;8.5;8.5;23.5;0;15;0;0;0;0;0;0;0;0;0;0;0;0;0;0;0;0;0;0;5000;0;0;1000000;0;1;0;0;0;0;0;0;0;0;0;0;0;0;0;0;0;0;0;0;0;0;0;0;0;1
3283;8.5;8.5;23.5;0;15;0;0;0;0;0;0;0;0;0;0;0;0;0;0;0;0;0;0;5000;0;0;1000000;0;1;0;0;0;0;0;0;0;0;0;0;0;0;0;0;0;0;0;0;0;0;0;0;0;1
3384;8.5;8.5;23.5;0;15;0;0;0;0;0;0;0;0;0;0;0;0;0;0;0;0;0;0;5000;0;0;1000000;0;1;0;0;0;0;0;0;0;0;0;0;0;0;0;0;0;0;0;0;0;0;0;0;0;1
3483;8.5;8.5;23.5;0;15;0;0;0;0;0;0;0;0;0;0;0;0;0;0;0;0;0;0;5000;0;0;1000000;0;1;0;0;0;0;0;0;0;0;0;0;0;0;0;0;0;0;0;0;0;0;0;0;0;1
3583;8.5;8.5;23.5;0;15;0;0;0;0;0;0;0;0;0;0;0;0;0;0;0;0;0;0;5000;0;0;1000000;0;1;0;0;0;0;0;0;0;0;0;0;0;0;0;0;0;0;0;0;0;0;0;0;0;1
3683;8.5;8.5;23.5;0;15;0;0;0;0;0;0;0;0;0;0;0;0;0;0;0;0;0;0;5000;0;0;1000000;0;1;0;0;0;0;0;0;0;0;0;0;0;0;0;0;0;0;0;0;0;0;0;0;0;1
3785;8.5;8.5;23.5;0;15;0;0;0;0;0;0;0;0;0;0;0;0;0;0;0;0;0;0;5000;0;0;1000000;0;1;0;0;0;0;0;0;0;0;0;0;0;0;0;0;0;0;0;0;0;0;0;0;0;1
3886;8.5;8.5;23.5;0;15;0;0;0;0;0;0;0;0;0;0;0;0;0;0;0;0;0;0;5000;0;0;1000000;0;1;0;0;0;0;0;0;0;0;0;0;0;0;0;0;0;0;0;0;0;0;0;0;0;1
3986;8.5;8.5;23.5;0;15;0;0;0;0;0;0;0;0;0;0;0;0;0;0;0;0;0;0;4665;0;0;1000000;0;1;0;0;0;0;0;0;0;0;0;0;0;0;0;0;0;0;0;0;0;0;0;0;0;1
4086;8.5;8.5;23.5;0;15;0;0;0;0;0;0;0;0;0;0;0;0;0;0;0;0;0;0;4278;14.440000534057617;0;1000000;0;1;0;1;0;0;0;0;0;0;0;0;0;0;0;0;0;0;0;0;0;0;0;0;0;1
4187;8.5;8.5;23.5;0;15;0;0;0;0;0;0;0;0;0;0;0;0;0;0;0;0;0;0;3810;23.80000114440918;0;1000000;0;1;0;1;0;0;0;0;0;0;0;0;0;0;0;0;0;0;0;0;0;0;0;0;0;1
4287;8.5;8.5;23.5;0;15;0;0;0;0;0;0;0;0;0;0;0;0;0;0;0;0;0;0;3645;27.100000381469727;0;1000000;0;1;0;1;0;0;0;0;0;0;0;0;0;0;0;0;0;0;0;0;0;0;0;0;0;1
4387;8.5;8.5;23.5;0;15;0;0;0;0;0;0;0;0;0;0;0;0;0;0;0;0;0;0;3456;30.880001068115234;0;1000000;0;1;0;1;0;0;0;0;0;0;0;0;0;0;0;0;0;0;0;0;0;0;0;0;0;1
4488;8.5;8.5;23.5;0;15;0;0;0;0;0;0;0;0;0;0;0;0;0;0;0;0;0;0;3151;36.979999542236328;0;1000000;0;1;0;1;0;0;0;0;0;0;0;0;0;0;0;0;0;0;0;0;0;0;0;0;0;1
4589;8.5;8.5;23.5;0;15;0;0;0;0;0;0;0;0;0;0;0;0;0;0;0;0;0;0;2791;44.180000305175781;0;1000000;0;1;0;1;0;0;0;0;0;0;0;0;0;0;0;0;0;0;0;0;0;0;0;0;0;1
4690;8.5;8.5;23.5;0;15;0;0;0;0;0;0;0;0;0;0;0;0;0;0;0;0;0;0;2296;54.079998016357422;0;1000000;0;1;0;1;0;0;0;0;0;0;0;0;0;0;0;0;0;0;0;0;0;0;0;0;0;1
4788;8.5;8.5;23.5;0;15;0;0;0;0;0;0;0;0;0;0;0;0;0;0;0;0;0;0;2065;58.700000762939453;0;1000000;0;1;0;1;0;0;0;0;0;0;0;0;0;0;0;0;0;0;0;0;0;0;0;0;0;1
4888;8.5;8.5;23.5;0;15;0;0;0;0;0;0;0;0;0;0;0;0;0;0;0;0;0;0;1880;62.400001525878906;0;1000000;0;1;0;1;0;0;0;0;0;0;0;0;0;0;0;0;0;0;0;0;0;0;0;0;0;1
4988;8.5;8.5;23.5;0;15;0;0;0;0;0;0;0;0;0;0;0;0;0;0;0;0;0;0;1628;67.439994812011719;0;1000000;0;1;0;1;0;0;0;0;0;0;0;0;0;0;0;0;0;0;0;0;0;0;0;0;0;1
5089;8.5;8.5;23.5;0;15;0;0;0;0;0;0;0;0;0;0;0;0;0;0;0;0;0;0;1295;74.0999984741211;0;1000000;0;1;0;1;0;0;0;0;0;0;0;0;0;0;0;0;0;0;0;0;0;0;0;0;0;1
5190;8.5;8.5;23.5;0;15;0;0;0;0;0;0;0;0;0;0;0;0;0;0;0;0;0;0;830;83.4000015258789;0;1000000;0;1;0;1;0;0;0;0;0;0;0;0;0;0;0;0;0;0;0;0;0;0;0;0;0;1
5290;8.5;8.429931640625;23.429931640625;0;14.929931640625;0;0;0;0;0;0;0;0;0;1;0;1;0;0;0;0;0;0;476;90.4800033569336;0;1000000;0;1;0;1;0;0;0;0;0;0;0;0;0;0;0;0;0;0;1;0;0;0;0;-1;0.4671224057674408;1
5391;8.5;8.329833984375;23.329833984375;0;14.829833984375;0;0;0;0;0;0;0;0;0;1;0;1;0;0;0;0;0;0;321;93.580001831054688;0;1000000;0;1;0;1;0;0;0;0;0;0;0;0;0;0;0;0;0;0;1;0;0;0;0;-1;1.1344400644302368;1
5491;8.5;8.23974609375;23.23974609375;0;14.73974609375;0;0;0;0;0;0;0;0;0;1;0;1;0;0;0;0;0;0;96;98.079994201660156;0;1000000;0;1;0;1;0;0;0;0;0;0;0;0;0;0;0;0;0;0;1;0;0;0;0;-1;1.7350260019302368;1
5593;8.5;8.1396484375;23.1396484375;0;14.6396484375;0;0;0;0;0;0;0;0;0;1;0;1;0;0;0;0;0;0;0;100;0;1000000;0;1;0;1;0;0;0;0;0;0;0;0;0;0;0;0;0;0;1;0;0;0;0;-1;2.40234375;1
5694;8.5;8.03955078125;23.03955078125;0;14.53955078125;0;0;0;0;0;0;0;0;0;1;0;1;0;0;0;0;0;0;0;100;0;1000000;0;1;0;1;0;0;0;0;0;0;0;0;0;0;0;0;0;0;1;0;0;0;0;-1;3.0696613788604736;1
5793;8.5;7.934814453125;22.934814453125;0;14.434814453125;0;0;0;0;0;0;0;0;0;1;0;1;0;0;0;0;0;0;0;100;0;1000000;0;1;0;1;0;0;0;0;0;0;0;0;0;0;0;0;0;0;1.25;0;0;0;0;-1.25;3.7679035663604736;1
5894;8.5;7.810302734375;22.810302734375;0;14.310302734375;0;0;0;0;0;0;0;0;0;1;0;1;0;0;0;0;0;0;0;100;0;1000000;0;1;0;1;0;0;0;0;0;0;0;0;0;0;0;0;0;0;1.25;0;0;0;0;-1.25;4.5979819297790527;1
5995;8.5;7.685791015625;22.685791015625;0;14.185791015625;0;0;0;0;0;0;0;0;0;1;0;1;0;0;0;0;0;0;0;100;0;1000000;0;1;0;1;0;0;0;0;0;0;0;0;0;0;0;0;0;0;1.25;0;0;0;0;-1.25;5.4280600547790527;1
6096;8.5;7.57373046875;22.57373046875;0;14.07373046875;0;0;0;0;0;0;0;0;0;1;0;1;0;0;0;0;0;0;0;100;0;1000000;0;1;0;1;0;0;0;0;0;0;0;0;0;0;0;0;0;0;1.25;0;0;0;0;-1.25;6.1751303672790527;1
6196;8.5;7.44921875;22.44921875;0;13.94921875;0;0;0;0;0;0;0;0;0;1;0;1;1;0;0;0;0;0;0;100;0;1000000;0;1;0;1;0;0;0;0;0;0;0;0;0;0;0;0;0;0;1.25;0;0;0;0;-1.25;7.0052084922790527;1
6297;8.5;7.327392578125;22.327392578125;0;13.827392578125;0;0;0;0;0;0;0;0;0;1;0;1;1;0;0;0;0;0;0;100;0;1000000;0;1;0;1;0;0;0;0;0;0;0;0;0;0;0;0;0;0;1.5;0;0;0;0;-1.5;7.8173828125;1
6397;8.5;7.178466796875;22.178466796875;0;13.678466796875;0;0;0;0;0;0;0;0;0;1;0;1;1;0;0;0;0;0;0;100;0;1000000;0;1;0;1;0;0;0;0;0;0;0;0;0;0;0;0;0;0;1.5;0;0;0;0;-1.5;8.8102216720581055;1
6497;8.5;7.04443359375;22.04443359375;0;13.54443359375;0;0;0;0;0;0;0;0;0;1;0;1;1;0;0;0;0;0;0;100;0;1000000;0;1;0;1;0;0;0;0;0;0;0;0;0;0;0;0;0;0;1.5;0;0;0;0;-1.5;9.7037763595581055;1
6598;8.5;6.8955078125;21.8955078125;0;13.3955078125;0;0;0;0;0;0;0;0;0;1;0;1;1;0;0;0;0;0;0;100;0;1000000;0;1;0;1;0;0;0;0;0;0;0;0;0;0;0;0;0;0;1.5;0;0;0;0;-1.5;10.696614265441895;1
6698;8.5;6.761474609375;21.761474609375;0;13.261474609375;0;0;0;0;0;0;0;0;0;1;0;1;1;1;0;0;0;0;0;100;0;1000000;0;1;0;1;0;0;0;0;0;0;0;0;0;0;0;0;0;0;1.5;0;0;0;0;-1.5;11.590168952941895;1
6797;8.5;6.624755859375;21.624755859375;0;13.124755859375;0;0;0;0;0;0;0;0;0;1;0;1;1;1;0;0;0;0;0;100;0;1000000;0;1;0;1;0;0;0;0;0;0;0;0;0;0;0;0;0;0;1.75;0;0;0;0;-1.75;12.501627922058105;1
6900;8.5;6.448974609375;21.448974609375;0;12.948974609375;0;0;0;0;0;0;0;0;0;1;0;1;1;1;0;0;0;0;0;100;0;1000000;0;1;0;1;0;0;0;0;0;0;0;0;0;0;0;0;0;0;1.75;0;0;0;0;-1.75;13.673502922058105;1
7000;8.5;6.290771484375;21.290771484375;0;12.790771484375;0;0;0;0;0;0;0;0;0;1;0;1;1;1;0;0;0;0;0;100;0;1000000;0;1;0;1;0;0;0;0;0;0;0;0;0;0;0;0;0;0;1.75;0;0;0;0;-1.75;14.845377922058105;1
7101;8.5;6.114990234375;21.114990234375;0;12.614990234375;0;0;0;0;0;0;0;0;0;1;0;1;1;1;0;0;0;0;0;100;0;1000000;0;1;0;1;0;0;0;0;0;0;0;0;0;0;0;0;0;0;1.75;0;0;0;0;-1.75;15.900065422058105;1
7200;8.5;5.956787109375;20.956787109375;0;12.456787109375;0;0;0;0;0;0;0;0;0;1;0;1;1;1;1;0;0;0;0;100;0;1000000;0;1;0;1;0;0;0;0;0;0;0;0;0;0;0;0;0;0;1.75;0;0;0;0;-1.75;16.954751968383789;1
7300;8.5;5.781005859375;20.781005859375;0;12.281005859375;0;0;0;0;0;0;0;0;0;1;0;1;1;1;1;0;0;0;0;100;0;1000000;0;1;0;1;0;0;0;0;0;0;0;0;0;0;0;0;0;0;1.75;0;0;0;0;-1.75;18.126626968383789;1
7402;8.5;5.622802734375;20.622802734375;0;12.122802734375;0;0;0;0;0;0;0;0;0;1;0;1;1;1;1;0;0;0;0;100;0;1000000;0;1;0;1;0;0;0;0;0;0;0;0;0;0;0;0;0;0;1.75;0;0;0;0;-1.75;19.181314468383789;1
7501;8.5;5.447021484375;20.447021484375;0;11.947021484375;0;0;0;0;0;0;0;0;0;1;0;1;1;1;1;0;0;0;0;100;0;1000000;0;1;0;1;0;0;0;0;0;0;0;0;0;0;0;0;0;0;1.75;0;0;0;0;-1.75;20.353189468383789;1
7601;8.5;5.288818359375;20.288818359375;0;11.788818359375;0;0;0;0;0;0;0;0;0;1;0;1;1;1;1;0;0;0;0;100;0;1000000;0;1;0;1;0;0;0;0;0;0;0;0;0;0;0;0;0;0;1.75;0;0;0;0;-1.75;21.407876968383789;1
7703;8.5;5.113037109375;20.113037109375;0;11.613037109375;0;0;0;0;0;0;0;0;0;1;0;1;1;1;1;0;0;0;0;100;0;1000000;0;1;0;1;0;0;0;0;0;0;0;0;0;0;0;0;0;0;1.75;0;0;0;0;-1.75;22.579751968383789;1
7802;8.5;4.954833984375;19.954833984375;0;11.454833984375;0;0;0;0;0;0;0;0;0;1;0;1;1;1;1;0;0;0;0;100;0;1000000;0;1;0;1;0;0;0;0;0;0;0;0;0;0;0;0;0;0;1.75;0;0;0;0;-1.75;23.634439468383789;1
7903;8.5;4.779052734375;19.779052734375;0;11.279052734375;0;0;0;0;0;0;0;0;0;1;0;1;1;1;1;0;0;0;0;100;0;1000000;0;1;0;1;0;0;0;0;0;0;0;0;0;0;0;0;0;0;1.75;0;0;0;0;-1.75;24.806314468383789;1
8002;8.5;4.620849609375;19.620849609375;0;11.120849609375;0;0;0;0;0;0;0;0;0;1;0;1;1;1;1;0;0;0;0;100;0;1000000;0;1;0;1;0;0;0;0;0;0;0;0;0;0;0;0;0;0;1.75;0;0;0;0;-1.75;25.861001968383789;1
8103;8.5;4.445068359375;19.445068359375;0;10.945068359375;0;0;0;0;0;0;0;0;0;1;0;1;1;1;1;0;0;0;0;100;0;1000000;0;1;0;1;0;0;0;0;0;0;0;0;0;0;0;0;0;0;1.75;0;0;0;0;-1.75;27.032876968383789;1
8203;8.5;4.286865234375;19.286865234375;0;10.786865234375;0;0;0;0;0;0;0;0;0;1;0;1;1;1;1;0;0;0;0;100;0;1000000;0;1;0;1;0;0;0;0;0;0;0;0;0;0;0;0;0;0;1.75;0;0;0;0;-1.75;28.087564468383789;1
8303;8.5;4.111083984375;19.111083984375;0;10.611083984375;0;0;0;0;0;0;0;0;0;1;0;1;1;1;1;0;0;0;0;100;0;1000000;0;1;0;1;0;0;0;0;0;0;0;0;0;0;0;0;0;0;1.75;0;0;0;0;-1.75;29.259439468383789;1
8405;8.5;3.935302734375;18.935302734375;0;10.435302734375;0;0;0;0;0;0;0;0;0;1;0;1;1;1;1;0;0;0;0;100;0;1000000;0;1;0;1;0;0;0;0;0;0;0;0;0;0;0;0;0;0;1.75;0;0;0;0;-1.75;30.431314468383789;1
8506;8.5;3.777099609375;18.777099609375;0;10.277099609375;0;0;0;0;0;0;0;0;0;1;0;1;1;1;1;0;0;0;0;100;0;1000000;0;1;0;1;0;0;0;0;0;0;0;0;0;0;0;0;0;0;1.75;0;0;0;0;-1.75;31.486001968383789;1
8606;8.5;3.618896484375;18.618896484375;0;10.118896484375;0;0;0;0;0;0;0;0;0;1;0;1;1;1;1;0;0;0;0;100;0;1000000;0;1;0;1;0;0;0;0;0;0;0;0;0;0;0;0;0;0;1.75;0;0;0;0;-1.75;32.657878875732422;1
8707;8.5;3.443115234375;18.443115234375;0;9.943115234375;0;0;0;0;0;0;0;0;0;1;0;1;1;1;1;0;0;0;0;100;0;1000000;0;1;0;1;0;0;0;0;0;0;0;0;0;0;0;0;0;0;1.75;0;0;0;0;-1.75;33.712566375732422;1
8807;8.5;3.284912109375;18.284912109375;0;9.784912109375;0;0;0;0;0;0;0;0;0;1;0;1;1;1;1;0;0;0;0;100;0;1000000;0;1;0;1;0;0;0;0;0;0;0;0;0;0;0;0;0;0;1.75;0;0;0;0;-1.75;34.767253875732422;1
8907;8.5;3.109130859375;18.109130859375;0;9.609130859375;0;0;0;0;0;0;0;0;0;1;0;1;1;1;1;0;0;0;0;100;0;1000000;0;1;0;1;0;0;0;0;0;0;0;0;0;0;0;0;0;0;1.75;0;0;0;0;-1.75;35.939128875732422;1
9009;8.5;2.950927734375;17.950927734375;0;9.450927734375;0;0;0;0;0;0;0;0;0;1;0;1;1;1;1;0;0;0;0;100;0;1000000;0;1;0;1;0;0;0;0;0;0;0;0;0;0;0;0;0;0;1.75;0;0;0;0;-1.75;36.993816375732422;1
9109;8.5;2.775146484375;17.775146484375;0;9.275146484375;0;0;0;0;0;0;0;0;0;1;0;1;1;1;1;0;0;0;0;100;0;1000000;0;1;0;1;0;0;0;0;0;0;0;0;0;0;0;0;0;0;1.75;0;0;0;0;-1.75;38.165691375732422;1
9209;8.5;2.599365234375;17.599365234375;0;9.099365234375;0;0;0;0;0;0;0;0;0;1;0;1;1;1;1;0;0;0;0;100;0;1000000;0;1;0;1;0;0;0;0;0;0;0;0;0;0;0;0;0;0;1.75;0;0;0;0;-1.75;39.337566375732422;1
9311;8.5;2.441162109375;17.441162109375;0;8.941162109375;0;0;0;0;0;0;0;0;0;1;0;1;1;1;1;0;0;0;0;100;0;1000000;0;1;0;1;0;0;0;0;0;0;0;0;0;0;0;0;0;0;1.75;0;0;0;0;-1.75;40.392253875732422;1
9410;8.5;2.282958984375;17.282958984375;0;8.782958984375;0;0;0;0;0;0;0;0;0;1;0;1;1;1;1;0;0;0;0;100;0;1000000;0;1;0;1;0;0;0;0;0;0;0;0;0;0;0;0;0;0;1.75;0;0;0;0;-1.75;41.446941375732422;1
9512;8.5;2.107177734375;17.107177734375;0;8.607177734375;0;0;0;0;0;0;0;0;0;1;0;1;1;1;1;0;0;0;0;100;0;1000000;0;1;0;1;0;0;0;0;0;0;0;0;0;0;0;0;0;0;1.75;0;0;0;0;-1.75;42.618816375732422;1
9611;8.5;1.948974609375;16.948974609375;0;8.448974609375;0;0;0;0;0;0;0;0;0;1;0;1;1;1;1;0;0;0;0;100;0;1000000;0;1;0;1;0;0;0;0;0;0;0;0;0;0;0;0;0;0;1.75;0;0;0;0;-1.75;43.673503875732422;1
9711;8.5;1.773193359375;16.773193359375;0;8.273193359375;0;0;0;0;0;0;0;0;0;1;0;1;1;1;1;0;0;0;0;100;0;1000000;0;1;0;1;0;0;0;0;0;0;0;0;0;0;0;0;0;0;1.75;0;0;0;0;-1.75;44.845378875732422;1
9812;8.5;1.614990234375;16.614990234375;0;8.114990234375;0;0;0;0;0;0;0;0;0;1;0;1;1;1;1;0;0;0;0;100;0;1000000;0;1;0;1;0;0;0;0;0;0;0;0;0;0;0;0;0;0;1.75;0;0;0;0;-1.75;45.900066375732422;1
9911;8.5;1.439208984375;16.439208984375;0;7.939208984375;0;0;0;0;0;0;0;0;0;1;0;1;1;1;1;0;0;0;0;100;0;1000000;0;1;0;1;0;0;0;0;0;0;0;0;0;0;0;0;0;0;1.75;0;0;0;0;-1.75;47.071941375732422;1
10012;8.5;1.281005859375;16.281005859375;0;7.781005859375;0;0;0;0;0;0;0;0;0;1;0;1;1;1;1;0;0;0;0;100;0;1000000;0;1;0;1;0;0;0;0;0;0;0;0;0;0;0;0;0;0;1.75;0;0;0;0;-1.75;48.126628875732422;1
10112;8.5;1.105224609375;16.105224609375;0;7.605224609375;0;0;0;0;0;0;0;0;0;1;0;1;1;1;1;0;0;0;0;100;0;1000000;0;1;0;1;0;0;0;0;0;0;0;0;0;0;0;0;0;0;1.75;0;0;0;0;-1.75;49.298503875732422;1
10213;8.5;0.929443359375;15.929443359375;0;7.429443359375;0;0;0;0;0;0;0;0;0;1;0;1;1;1;1;0;0;0;0;100;0;1000000;0;1;0;1;0;0;0;0;0;0;0;0;0;0;0;0;0;0;1.75;0;0;0;0;-1.75;50.470378875732422;1
10313;8.5;0.771240234375;15.771240234375;0;7.271240234375;0;0;0;0;0;0;0;0;0;1;0;1;1;1;1;0;0;0;0;100;0;1000000;0;1;0;1;0;0;0;0;0;0;0;0;0;0;0;0;0;0;1.75;0;0;0;0;-1.75;51.525066375732422;1
10414;8.5;0.613037109375;15.613037109375;0;7.113037109375;0;0;0;0;0;0;0;0;0;1;0;1;1;1;1;0;0;0;0;100;0;1000000;0;1;0;1;0;0;0;0;0;0;0;0;0;0;0;0;0;0;1.75;0;0;0;0;-1.75;52.579753875732422;1
10514;8.5;0.437255859375;15.437255859375;0;6.937255859375;0;0;0;0;0;0;0;0;0;1;0;1;1;1;1;0;0;0;0;100;0;1000000;0;1;0;1;0;0;0;0;0;0;0;0;0;0;0;0;0;0;1.75;0;0;0;0;-1.75;53.751628875732422;1
10615;8.5;0.261474609375;15.261474609375;0;6.761474609375;0;0;0;0;0;0;0;0;0;1;0;1;1;1;1;0;0;0;0;100;0;1000000;0;1;0;1;0;0;0;0;0;0;0;0;0;0;0;0;0;0;1.75;0;0;0;0;-1.75;54.923503875732422;1
10714;8.5;0.103271484375;15.103271484375;0;6.603271484375;0;0;0;0;0;0;0;0;0;1;0;1;1;1;1;0;0;0;0;100;0;1000000;0;1;0;1;0;0;0;0;0;0;0;0;0;0;0;0;0;0;1.75;0;0;0;0;-1.75;55.978191375732422;1
10816;8.5;-0.072509765625;14.927490234375;0;6.427490234375;0;0;0;0;0;0;0;0;0;1;0;1;1;1;1;0;0;0;0;100;0;1000000;0;1;0;1;0;0;0;0;0;0;0;0;0;0;0;0;0;0;1.75;0;0;0;0;-1.75;57.150066375732422;1
10916;8.5;-0.230712890625;14.769287109375;0;6.269287109375;0;0;0;0;0;0;0;0;0;1;0;1;1;1;1;0;0;0;0;100;0;1000000;0;1;0;1;0;0;0;0;0;0;0;0;0;0;0;0;0;0;1.75;0;0;0;0;-1.75;58.204753875732422;1
11018;8.5;-0.406494140625;14.593505859375;0;6.093505859375;0;0;0;0;0;0;0;0;0;1;0;1;1;1;1;0;0;0;0;100;0;1000000;0;1;0;1;0;0;0;0;0;0;0;0;0;0;0;0;0;0;1.75;0;0;0;0;-1.75;59.376628875732422;1
11117;8.5;-0.564697265625;14.435302734375;0;5.935302734375;0;0;0;0;0;0;0;0;0;1;0;1;1;1;1;0;0;0;0;100;0;1000000;0;1;0;1;0;0;0;0;0;0;0;0;0;0;0;0;0;0;1.75;0;0;0;0;-1.75;60.431316375732422;1
11217;8.5;-0.740478515625;14.259521484375;0;5.759521484375;0;0;0;0;0;0;0;0;0;1;0;1;1;1;1;0;0;0;0;100;0;1000000;0;1;0;1;0;0;0;0;0;0;0;0;0;0;0;0;0;0;1.75;0;0;0;0;-1.75;61.603191375732422;1
11317;8.5;-0.898681640625;14.101318359375;0;5.601318359375;0;0;0;0;0;0;0;0;0;1;0;1;1;1;1;0;0;0;0;100;0;1000000;0;1;0;1;0;0;0;0;0;0;0;0;0;0;0;0;0;0;1.75;0;0;0;0;-1.75;62.657878875732422;1
11417;8.5;-1.056884765625;13.943115234375;0;5.443115234375;0;0;0;0;0;0;0;0;0;1;0;1;1;1;1;0;0;0;0;100;0;1000000;0;1;0;1;0;0;0;0;0;0;0;0;0;0;0;0;0;0;1.75;0;0;0;0;-1.75;63.712566375732422;1
11517;8.5;-1.232666015625;13.767333984375;0;5.267333984375;0;0;0;0;0;0;0;0;0;1;0;1;1;1;1;0;0;0;0;100;0;1000000;0;1;0;1;0;0;0;0;0;0;0;0;0;0;0;0;0;0;1.75;0;0;0;0;-1.75;64.884437561035156;1
11619;8.5;-1.408447265625;13.591552734375;0;5.091552734375;0;0;0;0;0;0;0;0;0;1;0;1;1;1;1;0;0;0;0;100;0;1000000;0;1;0;1;0;0;0;0;0;0;0;0;0;0;0;0;0;0;1.75;0;0;0;0;-1.75;66.056312561035156;1
11720;8.5;-1.566650390625;13.433349609375;0;4.933349609375;0;0;0;0;0;0;0;0;0;1;0;1;1;1;1;0;0;0;0;100;0;1000000;0;1;0;1;0;0;0;0;0;0;0;0;0;0;0;0;0;0;1.75;0;0;0;0;-1.75;67.111000061035156;1
11822;8.5;-1.724853515625;13.275146484375;0;4.775146484375;0;0;0;0;0;0;0;0;0;1;0;1;1;1;1;0;0;0;0;100;0;1000000;0;1;0;1;0;0;0;0;0;0;0;0;0;0;0;0;0;0;1.75;0;0;0;0;-1.75;68.165687561035156;1
11922;8.5;-1.900634765625;13.099365234375;0;4.599365234375;0;0;0;0;0;0;0;0;0;1;0;1;1;1;1;0;0;0;0;100;0;1000000;0;1;0;1;0;0;0;0;0;0;0;0;0;0;0;0;0;0;1.75;0;0;0;0;-1.75;69.337562561035156;1
12023;8.5;-2.076416015625;12.923583984375;0;4.423583984375;0;0;0;0;0;0;0;0;0;1;0;1;1;1;1;0;0;0;0;100;0;1000000;0;1;0;1;0;0;0;0;0;0;0;0;0;0;0;0;0;0;1.75;0;0;0;0;-1.75;70.509437561035156;1
12124;8.5;-2.234619140625;12.765380859375;0;4.265380859375;0;0;0;0;0;0;0;0;0;1;0;1;1;1;1;0;0;0;0;100;0;1000000;0;1;0;1;0;0;0;0;0;0;0;0;0;0;0;0;0;0;1.75;0;0;0;0;-1.75;71.564125061035156;1
12226;8.5;-2.410400390625;12.589599609375;0;4.089599609375;0;0;0;0;0;0;0;0;0;1;0;1;1;1;1;0;0;0;0;100;0;1000000;0;1;0;1;0;0;0;0;0;0;0;0;0;0;0;0;0;0;1.75;0;0;0;0;-1.75;72.736000061035156;1
12326;8.5;-2.568603515625;12.431396484375;0;3.931396484375;0;0;0;0;0;0;0;0;0;1;0;1;1;1;1;0;0;0;0;100;0;1000000;0;1;0;1;0;0;0;0;0;0;0;0;0;0;0;0;0;0;1.75;0;0;0;0;-1.75;73.790687561035156;1
12426;8.5;-2.726806640625;12.273193359375;0;3.773193359375;0;0;0;0;0;0;0;0;0;1;0;1;1;1;1;0;0;0;0;100;0;1000000;0;1;0;1;0;0;0;0;0;0;0;0;0;0;0;0;0;0;1.75;0;0;0;0;-1.75;74.845375061035156;1
12528;8.5;-2.902587890625;12.097412109375;0;3.597412109375;0;0;0;0;0;0;0;0;0;1;0;1;1;1;1;0;0;0;0;100;0;1000000;0;1;0;1;0;0;0;0;0;0;0;0;0;0;0;0;0;0;1.75;0;0;0;0;-1.75;76.017250061035156;1
12627;8.5;-3.060791015625;11.939208984375;0;3.439208984375;0;0;0;0;0;0;0;0;0;1;0;1;1;1;1;0;0;0;0;100;0;1000000;0;1;0;1;0;0;0;0;0;0;0;0;0;0;0;0;0;0;1.75;0;0;0;0;-1.75;77.071937561035156;1
12729;8.5;-3.218994140625;11.781005859375;0;3.281005859375;0;0;0;0;0;0;0;0;0;1;0;1;1;1;1;0;0;0;0;100;0;1000000;0;1;0;1;0;0;0;0;0;0;0;0;0;0;0;0;0;0;1.75;0;0;0;0;-1.75;78.126625061035156;1
12829;8.5;-3.394775390625;11.605224609375;0;3.105224609375;0;0;0;0;0;0;0;0;0;1;0;1;1;1;1;0;0;0;0;100;0;1000000;0;1;0;1;0;0;0;0;0;0;0;0;0;0;0;0;0;0;1.75;0;0;0;0;-1.75;79.298500061035156;1
12929;8.5;-3.552978515625;11.447021484375;0;2.947021484375;0;0;0;0;0;0;0;0;0;1;0;1;1;1;1;0;0;0;0;100;0;1000000;0;1;0;1;0;0;0;0;0;0;0;0;0;0;0;0;0;0;1.75;0;0;0;0;-1.75;80.353187561035156;1
13028;8.5;-3.728759765625;11.271240234375;0;2.771240234375;0;0;0;0;0;0;0;0;0;1;0;1;1;1;1;0;0;0;0;100;0;1000000;0;1;0;1;0;0;0;0;0;0;0;0;0;0;0;0;0;0;1.75;0;0;0;0;-1.75;81.525062561035156;1
13130;8.5;-3.886962890625;11.113037109375;0;2.613037109375;0;0;0;0;0;0;0;0;0;1;0;1;1;1;1;0;0;0;0;100;0;1000000;0;1;0;1;0;0;0;0;0;0;0;0;0;0;0;0;0;0;1.75;0;0;0;0;-1.75;82.579750061035156;1
13230;8.5;-4.045166015625;10.954833984375;0;2.454833984375;0;0;0;0;0;0;0;0;0;1;0;1;1;1;1;0;0;0;0;100;0;1000000;0;1;0;1;0;0;0;0;0;0;0;0;0;0;0;0;0;0;1.75;0;0;0;0;-1.75;83.634437561035156;1
13330;8.5;-4.21337890625;10.78662109375;0;2.28662109375;0;0;0;0;0;0;0;0;0;1;0;1;0;0;0;0;0;0;0;100;0;1000000;0;1;0;1;0;0;0;0;0;0;0;0;0;0;0;0;0;0;1;0;0;0;0;-1;84.755859375;1
13431;8.5;-4.3134765625;10.6865234375;0;2.1865234375;0;0;0;0;0;0;0;0;0;1;0;1;0;0;0;0;0;0;0;100;0;1000000;0;1;0;1;0;0;0;0;0;0;0;0;0;0;0;0;0;0;1;0;0;0;0;-1;85.423179626464844;1
13531;8.5;-4.403564453125;10.596435546875;0;2.096435546875;0;0;0;0;0;0;0;0;0;1;0;1;0;0;0;0;0;0;0;100;0;1000000;0;1;0;1;0;0;0;0;0;0;0;0;0;0;0;0;0;0;1;0;0;0;0;-1;86.023765563964844;1
13632;8.5;-4.503662109375;10.496337890625;0;1.996337890625;0;0;0;0;0;0;0;0;0;1;0;1;0;0;0;0;0;0;0;100;0;1000000;0;1;0;1;0;0;0;0;0;0;0;0;0;0;0;0;0;0;1;0;0;0;0;-1;86.691078186035156;1
13732;8.5;-4.59375;10.40625;0;1.90625;0;0;0;0;0;0;0;0;0;1;0;1;0;0;0;0;0;0;0;100;0;1000000;0;1;0;1;0;0;0;0;0;0;0;0;0;0;0;0;0;0;1;0;0;0;0;-1;87.291664123535156;1
13833;8.5;-4.69384765625;10.30615234375;0;1.80615234375;0;0;0;0;0;0;0;0;0;1;0;1;0;0;0;0;0;0;0;100;0;1000000;0;1;0;1;0;0;0;0;0;0;0;0;0;0;0;0;0;0;1;0;0;0;0;-1;87.958984375;1
13933;8.5;-4.783935546875;10.216064453125;0;1.716064453125;0;0;0;0;0;0;0;0;0;1;0;1;0;0;0;0;0;0;0;100;0;1000000;0;1;0;1;0;0;0;0;0;0;0;0;0;0;0;0;0;0;1;0;0;0;0;-1;88.626304626464844;1
14034;8.5;-4.884033203125;10.115966796875;0;1.615966796875;0;0;0;0;0;0;0;0;0;1;0;1;0;0;0;0;0;0;0;100;0;1000000;0;1;0;1;0;0;0;0;0;0;0;0;0;0;0;0;0;0;1;0;0;0;0;-1;89.226890563964844;1
14133;8.5;-4.97412109375;10.02587890625;0;1.52587890625;0;0;0;0;0;0;0;0;0;1;0;1;0;0;0;0;0;0;0;100;0;1000000;0;1;0;1;0;0;0;0;0;0;0;0;0;0;0;0;0;0;1;0;0;0;0;-1;89.894203186035156;1
14234;8.5;-5.07421875;9.92578125;0;1.42578125;0;0;0;0;0;0;0;0;0;1;0;1;0;0;0;0;0;0;0;100;0;1000000;0;1;0;1;0;0;0;0;0;0;0;0;0;0;0;0;0;0;1;0;0;0;0;-1;90.494789123535156;1
14335;8.5;-5.17431640625;9.82568359375;0;1.32568359375;0;0;0;0;0;0;0;0;0;1;0;1;0;0;0;0;0;0;0;100;0;1000000;0;1;0;1;0;0;0;0;0;0;0;0;0;0;0;0;0;0;1;0;0;0;0;-1;91.162109375;1
14436;8.5;-5.2744140625;9.7255859375;0;1.2255859375;0;0;0;0;0;0;0;0;0;0;0;0;0;0;0;0;0;0;0;100;0;1000000;0;1;0;1;0;0;0;0;0;0;0;0;0;0;0;0;0;0;1;0;0;0;0;-1;91.829429626464844;1
14537;8.5;-5.364501953125;9.635498046875;0;1.135498046875;0;0;0;0;0;0;0;0;0;0;0;0;0;0;0;0;0;0;0;100;0;1000000;0;1;0;1;0;0;0;0;0;0;0;0;0;0;0;0;0;0;1;0;0;0;0;-1;92.430015563964844;1
14638;8.5;-5.45458984375;9.54541015625;0;1.04541015625;0;0;0;0;0;0;0;0;0;0;0;0;0;0;0;0;0;0;0;100;0;1000000;0;1;0;1;0;0;0;0;0;0;0;0;0;0;0;0;0;0;1;0;0;0;0;-1;93.030601501464844;1
14737;8.5;9.4453125;9.4453125;0;0.9453125;0;0;0;0;0;0;0;0;0;0;0;0;0;0;0;0;0;0;0;100;0;1000000;0;1;0;1;0;0;0;0;0;0;0;0;0;0;0;0;0;0;1;0;0;0;0;-1;93.697914123535156;1
14839;8.5;9.4453125;9.4453125;0;0.9453125;0;0;0;0;0;0;0;0;0;0;0;0;0;0;0;0;0;0;0;100;0;1000000;0;1;0;1;0;0;0;0;0;0;0;0;0;0;0;0;0;0;0;0;0;0;0;0;93.697914123535156;1
14938;8.5;9.4453125;9.4453125;0;0.9453125;0;0;0;0;0;0;0;0;0;0;0;0;0;0;0;0;0;0;0;100;0;1000000;0;1;0;1;0;0;0;0;0;0;0;0;0;0;0;0;0;0;0;0;0;0;0;0;93.697914123535156;1
15040;8.5;9.4453125;9.4453125;0;0.9453125;0;0;0;0;0;0;0;0;0;0;0;0;0;0;0;0;0;0;0;100;0;1000000;0;1;0;1;0;0;0;0;0;0;0;0;0;0;0;0;0;0;0;0;0;0;0;0;93.697914123535156;1
15140;8.5;9.4453125;9.4453125;0;0.9453125;0;0;0;0;0;0;0;0;0;0;0;0;0;0;0;0;0;0;0;100;0;1000000;0;1;0;1;0;0;0;0;0;0;0;0;0;0;0;0;0;0;0;0;0;0;0;0;93.697914123535156;1
15242;8.5;9.4453125;9.4453125;0;0.9453125;0;0;0;0;0;0;0;0;0;0;0;0;0;0;0;0;0;0;0;100;0;1000000;0;1;0;1;0;0;0;0;0;0;0;0;0;0;0;0;0;0;0;0;0;0;0;0;93.697914123535156;1
15341;8.5;9.4453125;9.4453125;0;0.9453125;0;0;0;0;0;0;0;0;0;0;0;0;0;0;0;0;0;0;0;100;0;1000000;0;1;0;1;0;0;0;0;0;0;0;0;0;0;0;0;0;0;0;0;0;0;0;0;93.697914123535156;1
15441;8.5;9.4453125;9.4453125;0;0.9453125;0;0;0;0;0;0;0;0;0;0;0;0;0;0;0;0;0;0;0;100;0;1000000;0;1;0;1;0;0;0;0;0;0;0;0;0;0;0;0;0;0;0;0;0;0;0;0;93.697914123535156;1
15541;8.5;9.4453125;9.4453125;0;0.9453125;0;0;0;0;0;0;0;0;0;0;0;0;0;0;0;0;0;0;0;100;0;1000000;0;1;0;1;0;0;0;0;0;0;0;0;0;0;0;0;0;0;0;0;0;0;0;0;93.697914123535156;1
15642;8.5;9.4453125;9.4453125;0;0.9453125;0;0;0;0;0;0;0;0;0;0;0;0;0;0;0;0;0;0;0;100;0;1000000;0;1;0;1;0;0;0;0;0;0;0;0;0;0;0;0;0;0;0;0;0;0;0;0;93.697914123535156;1
15743;8.5;9.4453125;9.4453125;0;0.9453125;0;0;0;0;0;0;0;0;0;0;0;0;0;0;0;0;0;0;0;100;0;1000000;0;1;0;1;0;0;0;0;0;0;0;0;0;0;0;0;0;0;0;0;0;0;0;0;93.697914123535156;1
15845;8.5;9.4453125;9.4453125;0;0.9453125;0;0;0;0;0;0;0;0;0;0;0;0;0;0;0;0;0;0;0;100;0;1000000;0;1;0;1;0;0;0;0;0;0;0;0;0;0;0;0;0;0;0;0;0;0;0;0;93.697914123535156;1
15945;8.469970703125;9.41748046875;9.41748046875;0;0.947509765625;0;1;0;1;0;0;0;0;0;1;0;1;0;0;0;0;0;0;0;100;0;1000000;0;1;0;1;0;0;0;0;0;0;0;0;0;0;0;0;0;1;0.93333333730697632;0;0;0;-1;-0.93333333730697632;93.683265686035156;1
16045;8.369873046875;9.32470703125;9.32470703125;0;0.954833984375;0;1;0;1;0;0;0;0;0;1;0;1;0;0;0;0;0;0;0;100;0;1000000;0;1;0;1;0;0;0;0;0;0;0;0;0;0;0;0;0;1;0.93333333730697632;0;0;0;-1;-0.93333333730697632;93.634437561035156;1
16147;8.269775390625;9.23193359375;9.23193359375;0;0.962158203125;0;1;0;1;0;0;0;0;0;1;0;1;0;0;0;0;0;0;0;100;0;1000000;0;1;0;1;0;0;0;0;0;0;0;0;0;0;0;0;0;1;0.93333333730697632;0;0;0;-1;-0.93333333730697632;93.585609436035156;1
16247;8.1796875;9.1484375;9.1484375;0;0.96875;0;1;0;1;0;0;0;0;0;1;0;1;0;0;0;0;0;0;0;100;0;1000000;0;1;0;1;0;0;0;0;0;0;0;0;0;0;0;0;0;1;0.93333333730697632;0;0;0;-1;-0.93333333730697632;93.541664123535156;1
16348;8.089599609375;9.06494140625;9.06494140625;0;0.975341796875;0;1;0;1;0;0;0;0;0;1;0;1;0;0;0;0;0;0;0;100;0;1000000;0;1;0;1;0;0;0;0;0;0;0;0;0;0;0;0;0;1;0.93333333730697632;0;0;0;-1;-0.93333333730697632;93.497718811035156;1
16447;7.984619140625;8.96728515625;8.96728515625;0;0.982666015625;0;1;0;1;0;0;0;0;0;1;0;1;0;0;0;0;0;0;0;100;0;1000000;0;1;0;1;0;0;0;0;0;0;0;0;0;0;0;0;0;1.25;1.1666666269302368;0;0;0;-1.25;-1.1666666269302368;93.448890686035156;1
16550;7.860107421875;8.85009765625;8.85009765625;0;0.989990234375;0;1;0;1;0;0;0;0;0;1;0;1;0;0;0;0;0;0;0;100;0;1000000;0;1;0;1;0;0;0;0;0;0;0;0;0;0;0;0;0;1.25;1.1666666269302368;0;0;0;-1.25;-1.1666666269302368;93.400062561035156;1
16649;7.748046875;8.74462890625;8.74462890625;0;0.99658203125;0;1;0;1;0;0;0;0;0;1;0;1;0;0;0;0;0;0;0;100;0;1000000;0;1;0;1;0;0;0;0;0;0;0;0;0;0;0;0;0;1.25;1.1666666269302368;0;0;0;-1.25;-1.1666666269302368;93.356117248535156;1
16750;7.62353515625;8.62744140625;8.62744140625;0;1.00390625;0;1;0;1;0;0;0;0;0;1;0;1;0;0;0;0;0;0;0;100;0;1000000;0;1;0;1;0;0;0;0;0;0;0;0;0;0;0;0;0;1.25;1.1666666269302368;0;0;0;-1.25;-1.1666666269302368;93.307289123535156;1
16849;7.511474609375;8.52197265625;8.52197265625;0;1.010498046875;0;1;0;1;1;0;0;0;0;1;0;1;1;0;0;0;0;0;0;100;0;1000000;0;1;0;1;0;0;0;0;0;0;0;0;0;0;0;0;0;1.25;1.1666666269302368;0;0;0;-1.25;-1.1666666269302368;93.263343811035156;1
16950;7.386962890625;8.40478515625;8.40478515625;0;1.017822265625;0;1;0;1;1;0;0;0;0;1;0;1;1;0;0;0;0;0;0;100;0;1000000;0;1;0;1;0;0;0;0;0;0;0;0;0;0;0;0;0;1.25;1.1666666269302368;0;0;0;-1.25;-1.1666666269302368;93.214515686035156;1
17052;7.2529296875;8.279541015625;8.279541015625;0;1.026611328125;0;1;0;1;1;0;0;0;0;1;0;1;1;0;0;0;0;0;0;100;0;1000000;0;1;0;1;0;0;0;0;0;0;0;0;0;0;0;0;0;1.5;1.3999999761581421;0;0;0;-1.5;-1.3999999761581421;93.155921936035156;1
17155;7.10400390625;8.140380859375;8.140380859375;0;1.036376953125;0;1;0;1;1;0;0;0;0;1;0;1;1;0;0;0;0;0;0;100;0;1000000;0;1;0;1;0;0;0;0;0;0;0;0;0;0;0;0;0;1.5;1.3999999761581421;0;0;0;-1.5;-1.3999999761581421;93.0908203125;1
17256;6.955078125;8.001220703125;8.001220703125;0;1.046142578125;0;1;0;1;1;0;0;0;0;1;0;1;1;0;0;0;0;0;0;100;0;1000000;0;1;0;1;0;0;0;0;0;0;0;0;0;0;0;0;0;1.5;1.3999999761581421;0;0;0;-1.5;-1.3999999761581421;93.025718688964844;1
17356;6.821044921875;7.8759765625;7.8759765625;0;1.054931640625;0;1;0;1;1;1;0;0;0;1;0;1;1;1;0;0;0;0;0;100;0;1000000;0;1;0;1;0;0;0;0;0;0;0;0;0;0;0;0;0;1.5;1.3999999761581421;0;0;0;-1.5;-1.3999999761581421;92.967124938964844;1
17458;6.672119140625;7.73681640625;7.73681640625;0;1.064697265625;0;1;0;1;1;1;0;0;0;1;0;1;1;1;0;0;0;0;0;100;0;1000000;0;1;0;1;0;0;0;0;0;0;0;0;0;0;0;0;0;1.5;1.3999999761581421;0;0;0;-1.5;-1.3999999761581421;92.902015686035156;1
17557;6.501708984375;7.578125;7.578125;0;1.076416015625;0;1;0;1;1;1;0;0;0;1;0;1;1;1;0;0;0;0;0;100;0;1000000;0;1;0;1;0;0;0;0;0;0;0;0;0;0;0;0;0;1.75;1.6333333253860474;0;0;0;-1.75;-1.6333333253860474;92.823890686035156;1
17659;6.343505859375;7.430908203125;7.430908203125;0;1.08740234375;0;1;0;1;1;1;0;0;0;1;0;1;1;1;0;0;0;0;0;100;0;1000000;0;1;0;1;0;0;0;0;0;0;0;0;0;0;0;0;0;1.75;1.6333333253860474;0;0;0;-1.75;-1.6333333253860474;92.750648498535156;1
17757;6.167724609375;7.267333984375;7.267333984375;0;1.099609375;0;1;0;1;1;1;0;0;0;1;0;1;1;1;0;0;0;0;0;100;0;1000000;0;1;0;1;0;0;0;0;0;0;0;0;0;0;0;0;0;1.75;1.6333333253860474;0;0;0;-1.75;-1.6333333253860474;92.669273376464844;1
17860;5.991943359375;7.103759765625;7.103759765625;0;1.11181640625;0;1;0;1;1;1;0;0;0;1;0;1;1;1;0;0;0;0;0;100;0;1000000;0;1;0;1;0;0;0;0;0;0;0;0;0;0;0;0;0;1.75;1.6333333253860474;0;0;0;-1.75;-1.6333333253860474;92.587890625;1
17960;5.833740234375;6.95654296875;6.95654296875;0;1.122802734375;0;1;0;1;1;1;1;0;0;1;0;1;1;1;1;0;0;0;0;100;0;1000000;0;1;0;1;0;0;0;0;0;0;0;0;0;0;0;0;0;1.75;1.6333333253860474;0;0;0;-1.75;-1.6333333253860474;92.5146484375;1
18062;5.657958984375;6.79296875;6.79296875;0;1.135009765625;0;1;0;1;1;1;1;0;0;1;0;1;1;1;1;0;0;0;0;100;0;1000000;0;1;0;1;0;0;0;0;0;0;0;0;0;0;0;0;0;1.75;1.6333333253860474;0;0;0;-1.75;-1.6333333253860474;92.433265686035156;1
18162;5.499755859375;6.645751953125;6.645751953125;0;1.14599609375;0;1;0;1;1;1;1;0;0;1;0;1;1;1;1;0;0;0;0;100;0;1000000;0;1;0;1;0;0;0;0;0;0;0;0;0;0;0;0;0;1.75;1.6333333253860474;0;0;0;-1.75;-1.6333333253860474;92.360023498535156;1
18263;5.323974609375;6.482177734375;6.482177734375;0;1.158203125;0;1;0;1;1;1;1;0;0;1;0;1;1;1;1;0;0;0;0;100;0;1000000;0;1;0;1;0;0;0;0;0;0;0;0;0;0;0;0;0;1.75;1.6333333253860474;0;0;0;-1.75;-1.6333333253860474;92.278648376464844;1
18363;5.165771484375;6.3349609375;6.3349609375;0;1.169189453125;0;1;0;1;1;1;1;0;0;1;0;1;1;1;1;0;0;0;0;100;0;1000000;0;1;0;1;0;0;0;0;0;0;0;0;0;0;0;0;0;1.75;1.6333333253860474;0;0;0;-1.75;-1.6333333253860474;92.205406188964844;1
18463;4.989990234375;6.17138671875;6.17138671875;0;1.181396484375;0;1;0;1;1;1;1;0;0;1;0;1;1;1;1;0;0;0;0;100;0;1000000;0;1;0;1;0;0;0;0;0;0;0;0;0;0;0;0;0;1.75;1.6333333253860474;0;0;0;-1.75;-1.6333333253860474;92.1240234375;1
18565;4.814208984375;6.0078125;6.0078125;0;1.193603515625;0;1;0;1;1;1;1;0;0;1;0;1;1;1;1;0;0;0;0;100;0;1000000;0;1;0;1;0;0;0;0;0;0;0;0;0;0;0;0;0;1.75;1.6333333253860474;0;0;0;-1.75;-1.6333333253860474;92.042640686035156;1
18664;4.656005859375;5.860595703125;5.860595703125;0;1.20458984375;0;1;0;1;1;1;1;0;0;1;0;1;1;1;1;0;0;0;0;100;0;1000000;0;1;0;1;0;0;0;0;0;0;0;0;0;0;0;0;0;1.75;1.6333333253860474;0;0;0;-1.75;-1.6333333253860474;91.969398498535156;1
18765;4.497802734375;5.71337890625;5.71337890625;0;1.215576171875;0;1;0;1;1;1;1;0;0;1;0;1;1;1;1;0;0;0;0;100;0;1000000;0;1;0;1;0;0;0;0;0;0;0;0;0;0;0;0;0;1.75;1.6333333253860474;-1.215576171875;0;0;-1.75;-1.6333333253860474;91.896156311035156;1
18867;4.322021484375;5.5498046875;5.5498046875;0;1.227783203125;0;1;0;1;1;1;1;0;0;1;0;1;1;1;1;0;0;0;0;100;0;1000000;0;1;0;1;0;0;0;0;0;0;0;0;0;0;0;0;0;1.75;1.6333333253860474;-1.227783203125;0;0;-1.75;-1.6333333253860474;91.814781188964844;1
18967;4.146240234375;5.38623046875;5.38623046875;0;1.239990234375;0;1;0;1;1;1;1;0;0;1;0;1;1;1;1;0;0;0;0;100;0;1000000;0;1;0;1;0;0;0;0;0;0;0;0;0;0;0;0;0;1.75;1.6333333253860474;-1.239990234375;0;0;-1.75;-1.6333333253860474;91.7333984375;1
19068;3.988037109375;5.239013671875;5.239013671875;0;1.2509765625;0;1;0;1;1;1;1;0;0;1;0;1;1;1;1;0;0;0;0;100;0;1000000;0;1;0;1;0;0;0;0;0;0;0;0;0;0;0;0;0;1.75;1.6333333253860474;-1.2509765625;0;0;-1.75;-1.6333333253860474;91.66015625;1
19167;3.812255859375;5.075439453125;5.075439453125;0;1.26318359375;0;1;0;1;1;1;1;0;0;1;0;1;1;1;1;0;0;0;0;100;0;1000000;0;1;0;1;0;0;0;0;0;0;0;0;0;0;0;0;0;1.75;1.6333333253860474;-1.26318359375;0;0;-1.75;-1.6333333253860474;91.578773498535156;1
19270;3.654052734375;4.92822265625;4.92822265625;0;1.274169921875;0;1;0;1;1;1;1;0;0;1;0;1;1;1;1;0;0;0;0;100;0;1000000;0;1;0;1;0;0;0;0;0;0;0;0;0;0;0;0;0;1.75;1.6333333253860474;-1.274169921875;0;0;-1.75;-1.6333333253860474;91.505531311035156;1
19370;3.478271484375;4.7646484375;4.7646484375;0;1.286376953125;0;1;0;1;1;1;1;0;0;1;0;1;1;1;1;0;0;0;0;100;0;1000000;0;1;0;1;0;0;0;0;0;0;0;0;0;0;0;0;0;1.75;1.6333333253860474;-1.286376953125;0;0;-1.75;-1.6333333253860474;91.424156188964844;1
19470;3.320068359375;4.617431640625;4.617431640625;0;1.29736328125;0;1;0;1;1;1;1;0;0;1;0;1;1;1;1;0;0;0;0;100;0;1000000;0;1;0;1;0;0;0;0;0;0;0;0;0;0;0;0;0;1.75;1.6333333253860474;-1.29736328125;0;0;-1.75;-1.6333333253860474;91.350914001464844;1
19571;3.161865234375;4.47021484375;4.47021484375;0;1.308349609375;0;1;0;1;1;1;1;0;0;1;0;1;1;1;1;0;0;0;0;100;0;1000000;0;1;0;1;0;0;0;0;0;0;0;0;0;0;0;0;0;1.75;1.6333333253860474;-1.308349609375;0;0;-1.75;-1.6333333253860474;91.277671813964844;1
19671;2.986083984375;4.306640625;4.306640625;0;1.320556640625;0;1;0;1;1;1;1;0;0;1;0;1;1;1;1;0;0;0;0;100;0;1000000;0;1;0;1;0;0;0;0;0;0;0;0;0;0;0;0;0;1.75;1.6333333253860474;-1.320556640625;0;0;-1.75;-1.6333333253860474;91.1962890625;1
19772;2.827880859375;4.159423828125;4.159423828125;0;1.33154296875;0;1;0;1;1;1;1;0;0;1;0;1;1;1;1;0;0;0;0;100;0;1000000;0;1;0;1;0;0;0;0;0;0;0;0;0;0;0;0;0;1.75;1.6333333253860474;-1.33154296875;0;0;-1.75;-1.6333333253860474;91.123046875;1
19872;2.652099609375;3.995849609375;3.995849609375;0;1.34375;0;1;0;1;1;1;1;0;0;1;0;1;1;1;1;0;0;0;0;100;0;1000000;0;1;0;1;0;0;0;0;0;0;0;0;0;0;0;0;0;1.75;1.6333333253860474;-1.34375;0;0;-1.75;-1.6333333253860474;91.041664123535156;1
19972;2.493896484375;3.8486328125;3.8486328125;0;1.354736328125;0;1;0;1;1;1;1;0;0;1;0;1;1;1;1;0;0;0;0;100;0;1000000;0;1;0;1;0;0;0;0;0;0;0;0;0;0;0;0;0;1.75;1.6333333253860474;-1.354736328125;0;0;-1.75;-1.6333333253860474;90.968421936035156;1
20073;2.318115234375;3.68505859375;3.68505859375;0;1.366943359375;0;1;0;1;1;1;1;0;0;1;0;1;1;1;1;0;0;0;0;100;0;1000000;0;1;0;1;0;0;0;0;0;0;0;0;0;0;0;0;0;1.75;1.6333333253860474;-1.366943359375;0;0;-1.75;-1.6333333253860474;90.887046813964844;1
20174;2.142333984375;3.521484375;3.521484375;0;1.379150390625;0;1;0;1;1;1;1;0;0;1;0;1;1;1;1;0;0;0;0;100;0;1000000;0;1;0;1;0;0;0;0;0;0;0;0;0;0;0;0;0;1.75;1.6333333253860474;-1.379150390625;0;0;-1.75;-1.6333333253860474;90.8056640625;1
20274;1.984130859375;3.374267578125;3.374267578125;0;1.39013671875;0;1;0;1;1;1;1;0;0;1;0;1;1;1;1;0;0;0;0;100;0;1000000;0;1;0;1;0;0;0;0;0;0;0;0;0;0;0;0;0;1.75;1.6333333253860474;-1.39013671875;0;0;-1.75;-1.6333333253860474;90.732421875;1
20376;1.808349609375;3.210693359375;3.210693359375;0;1.40234375;0;1;0;1;1;1;1;0;0;1;0;1;1;1;1;0;0;0;0;100;0;1000000;0;1;0;1;0;0;0;0;0;0;0;0;0;0;0;0;0;1.75;1.6333333253860474;-1.40234375;0;0;-1.75;-1.6333333253860474;90.651039123535156;1
20474;1.650146484375;3.0634765625;3.0634765625;0;1.413330078125;0;1;0;1;1;1;1;0;0;1;0;1;1;1;1;0;0;0;0;100;0;1000000;0;1;0;1;0;0;0;0;0;0;0;0;0;0;0;0;0;1.75;1.6333333253860474;-1.413330078125;0;0;-1.75;-1.6333333253860474;90.577796936035156;1
20577;1.474365234375;2.89990234375;2.89990234375;0;1.425537109375;0;1;0;1;1;1;1;0;0;1;0;1;1;1;1;0;0;0;0;100;0;1000000;0;1;0;1;0;0;0;0;0;0;0;0;0;0;0;0;0;1.75;1.6333333253860474;-1.425537109375;0;0;-1.75;-1.6333333253860474;90.496421813964844;1
20677;1.316162109375;2.752685546875;2.752685546875;0;1.4365234375;0;1;0;1;1;1;1;0;0;1;0;1;1;1;1;0;0;0;0;100;0;1000000;0;1;0;1;0;0;0;0;0;0;0;0;0;0;0;0;0;1.75;1.6333333253860474;-1.4365234375;0;0;-1.75;-1.6333333253860474;90.423179626464844;1
20776;1.140380859375;2.589111328125;2.589111328125;0;1.44873046875;0;1;0;1;1;1;1;0;0;1;0;1;1;1;1;0;0;0;0;100;0;1000000;0;1;0;1;0;0;0;0;0;0;0;0;0;0;0;0;0;1.75;1.6333333253860474;-1.44873046875;0;0;-1.75;-1.6333333253860474;90.341796875;1
20876;0.982177734375;2.44189453125;2.44189453125;0;1.459716796875;0;1;0;1;1;1;1;0;0;1;0;1;1;1;1;0;0;0;0;100;0;1000000;0;1;0;1;0;0;0;0;0;0;0;0;0;0;0;0;0;1.75;1.6333333253860474;-1.459716796875;0;0;-1.75;-1.6333333253860474;90.2685546875;1
20977;0.806396484375;2.2783203125;2.2783203125;0;1.471923828125;0;1;0;1;1;1;1;0;0;1;0;1;1;1;1;0;0;0;0;100;0;1000000;0;1;0;1;0;0;0;0;0;0;0;0;0;0;0;0;0;1.75;1.6333333253860474;-1.471923828125;0;0;-1.75;-1.6333333253860474;90.187171936035156;1
21079;0.648193359375;2.131103515625;2.131103515625;0;1.48291015625;0;1;0;1;1;1;1;0;0;1;0;1;1;1;1;0;0;0;0;100;0;1000000;0;1;0;1;0;0;0;0;0;0;0;0;0;0;0;0;0;1.75;1.6333333253860474;-1.48291015625;0;0;-1.75;-1.6333333253860474;90.113929748535156;1
21179;0.489990234375;1.98388671875;1.98388671875;0;1.493896484375;0;1;0;1;1;1;1;0;0;1;0;1;1;1;1;0;0;0;0;100;0;1000000;0;1;0;1;0;0;0;0;0;0;0;0;0;0;0;0;0;1.75;1.6333333253860474;-1.4951171875;0;0;-1.75;-1.6333333253860474;90.032554626464844;1
21280;0.314208984375;1.8203125;1.8203125;0;1.506103515625;0;1;0;1;1;1;1;0;0;1;0;1;1;1;1;0;0;0;0;100;0;1000000;0;1;0;1;0;0;0;0;0;0;0;0;0;0;0;0;0;1.75;1.6333333253860474;-1.506103515625;0;0;-1.75;-1.6333333253860474;89.959312438964844;1
21380;0.138427734375;1.65673828125;1.65673828125;0;1.518310546875;0;1;0;1;1;1;1;0;0;1;0;1;1;1;1;0;0;0;0;100;0;1000000;0;1;0;1;0;0;0;0;0;0;0;0;0;0;0;0;0;1.75;1.6333333253860474;-1.518310546875;0;0;-1.75;-1.6333333253860474;89.8779296875;1
21480;-0.019775390625;1.509521484375;1.509521484375;0;1.529296875;0;1;0;1;1;1;1;0;0;1;0;1;1;1;1;0;0;0;0;100;0;1000000;0;1;0;1;0;0;0;0;0;0;0;0;0;0;0;0;0;1.75;1.6333333253860474;-1.529296875;0;0;-1.75;-1.6333333253860474;89.8046875;1
21580;-0.177978515625;1.3623046875;1.3623046875;0;1.540283203125;0;1;0;1;1;1;1;0;0;1;0;1;1;1;1;0;0;0;0;100;0;1000000;0;1;0;1;0;0;0;0;0;0;0;0;0;0;0;0;0;1.75;1.6333333253860474;-1.540283203125;0;0;-1.75;-1.6333333253860474;89.7314453125;1
21681;-0.353759765625;1.19873046875;1.19873046875;0;1.552490234375;0;1;0;1;1;1;1;0;0;1;0;1;1;1;1;0;0;0;0;100;0;1000000;0;1;0;1;0;0;0;0;0;0;0;0;0;0;0;0;0;1.75;1.6333333253860474;-1.552490234375;0;0;-1.75;-1.6333333253860474;89.650062561035156;1
21781;-0.529541015625;1.03515625;1.03515625;0;1.564697265625;0;1;0;1;1;1;1;0;0;1;0;1;1;1;1;0;0;0;0;100;0;1000000;0;1;0;1;0;0;0;0;0;0;0;0;0;0;0;0;0;1.75;1.6333333253860474;-1.564697265625;0;0;-1.75;-1.6333333253860474;89.568687438964844;1
21883;-0.687744140625;0.887939453125;0.887939453125;0;1.57568359375;0;1;0;1;1;1;1;0;0;1;0;1;1;1;1;0;0;0;0;100;0;1000000;0;1;0;1;0;0;0;0;0;0;0;0;0;0;0;0;0;1.75;1.6333333253860474;-1.57568359375;0;0;-1.75;-1.6333333253860474;89.495445251464844;1
21982;-0.863525390625;0.724365234375;0.724365234375;0;1.587890625;0;1;0;1;1;1;1;0;0;1;0;1;1;1;1;0;0;0;0;100;0;1000000;0;1;0;1;0;0;0;0;0;0;0;0;0;0;0;0;0;1.75;1.6333333253860474;-1.587890625;0;0;-1.75;-1.6333333253860474;89.4140625;1
22085;-1.039306640625;0.560791015625;0.560791015625;0;1.60009765625;0;1;0;1;1;1;1;0;0;1;0;1;1;1;1;0;0;0;0;100;0;1000000;0;1;0;1;0;0;0;0;0;0;0;0;0;0;0;0;0;1.75;1.6333333253860474;-1.60009765625;0;0;-1.75;-1.6333333253860474;89.332679748535156;1
22185;-1.197509765625;0.41357421875;0.41357421875;0;1.611083984375;0;1;0;1;1;1;1;0;0;1;0;1;1;1;1;0;0;0;0;100;0;1000000;0;1;0;1;0;0;0;0;0;0;0;0;0;0;0;0;0;1.75;1.6333333253860474;-1.611083984375;0;0;-1.75;-1.6333333253860474;89.259437561035156;1
22288;-1.373291015625;0.25;0.25;0;1.623291015625;0;1;0;1;1;1;1;0;0;1;0;1;1;1;1;0;0;0;0;100;0;1000000;0;1;0;1;0;0;0;0;0;0;0;0;0;0;0;0;0;1.75;1.6333333253860474;-1.623291015625;0;0;-1.75;-1.6333333253860474;89.178062438964844;1
22386;-1.531494140625;0.102783203125;0.102783203125;0;1.63427734375;0;1;0;1;1;1;1;0;0;1;0;1;1;1;1;0;0;0;0;100;0;1000000;0;1;0;1;0;0;0;0;0;0;0;0;0;0;0;0;0;1.75;1.6333333253860474;-1.63427734375;0;0;-1.75;-1.6333333253860474;89.104820251464844;1
22490;-1.707275390625;-0.060791015625;-0.060791015625;0;1.646484375;0;1;0;1;1;1;1;0;0;1;0;1;1;1;1;0;0;0;0;100;0;1000000;0;1;0;1;0;0;0;0;0;0;0;0;0;0;0;0;0;1.75;1.6333333253860474;-1.646484375;0;0;-1.75;-1.6333333253860474;89.0234375;1
22588;-1.865478515625;-0.2080078125;-0.2080078125;0;1.657470703125;0;1;0;1;1;1;1;0;0;1;0;1;1;1;1;0;0;0;0;100;0;1000000;0;1;0;1;0;0;0;0;0;0;0;0;0;0;0;0;0;1.75;1.6333333253860474;-1.657470703125;0;0;-1.75;-1.6333333253860474;88.9501953125;1
22689;-2.041259765625;-0.37158203125;-0.37158203125;0;1.669677734375;0;1;0;1;1;1;1;0;0;1;0;1;1;1;1;0;0;0;0;100;0;1000000;0;1;0;1;0;0;0;0;0;0;0;0;0;0;0;0;0;1.75;1.6333333253860474;-1.669677734375;0;0;-1.75;-1.6333333253860474;88.868812561035156;1
22790;-2.217041015625;-0.53515625;-0.53515625;0;1.681884765625;0;1;0;1;1;1;1;0;0;1;0;1;1;1;1;0;0;0;0;100;0;1000000;0;1;0;1;0;0;0;0;0;0;0;0;0;0;0;0;0;1.75;1.6333333253860474;-1.681884765625;0;0;-1.75;-1.6333333253860474;88.787437438964844;1
22889;-2.375244140625;-0.682373046875;-0.682373046875;0;1.69287109375;0;1;0;1;1;1;1;0;0;1;0;1;1;1;1;0;0;0;0;100;0;1000000;0;1;0;1;0;0;0;0;0;0;0;0;0;0;0;0;0;1.75;1.6333333253860474;-1.69287109375;0;0;-1.75;-1.6333333253860474;88.714195251464844;1
22988;-2.533447265625;-0.82958984375;-0.82958984375;0;1.703857421875;0;1;0;1;1;1;1;0;0;1;0;1;1;1;1;0;0;0;0;100;0;1000000;0;1;0;1;0;0;0;0;0;0;0;0;0;0;0;0;0;1.75;1.6333333253860474;-1.703857421875;0;0;-1.75;-1.6333333253860474;88.640953063964844;1
23090;-2.709228515625;-0.9931640625;-0.9931640625;0;1.716064453125;0;1;0;1;1;1;1;0;0;1;0;1;1;1;1;0;0;0;0;100;0;1000000;0;1;0;1;0;0;0;0;0;0;0;0;0;0;0;0;0;1.75;1.6333333253860474;-1.716064453125;0;0;-1.75;-1.6333333253860474;88.5595703125;1
23190;-2.885009765625;-1.15673828125;-1.15673828125;0;1.728271484375;0;1;0;1;1;1;1;0;0;1;0;1;1;1;1;0;0;0;0;100;0;1000000;0;1;0;1;0;0;0;0;0;0;0;0;0;0;0;0;0;1.75;1.6333333253860474;-1.728271484375;0;0;-1.75;-1.6333333253860474;88.478187561035156;1
23289;-3.043212890625;-1.303955078125;-1.303955078125;0;1.7392578125;0;1;0;1;1;1;1;0;0;1;0;1;1;1;1;0;0;0;0;100;0;1000000;0;1;0;1;0;0;0;0;0;0;0;0;0;0;0;0;0;1.75;1.6333333253860474;-1.7392578125;0;0;-1.75;-1.6333333253860474;88.404945373535156;1
23390;-3.201416015625;-1.451171875;-1.451171875;0;1.750244140625;0;1;0;1;1;1;1;0;0;1;0;1;1;1;1;0;0;0;0;100;0;1000000;0;1;0;1;0;0;0;0;0;0;0;0;0;0;0;0;0;1.75;1.6333333253860474;-1.750244140625;0;0;-1.75;-1.6333333253860474;88.331703186035156;1
23492;-3.377197265625;-1.61474609375;-1.61474609375;0;1.762451171875;0;1;0;1;1;1;1;0;0;1;0;1;1;1;1;0;0;0;0;100;0;1000000;0;1;0;1;0;0;0;0;0;0;0;0;0;0;0;0;0;1.75;1.6333333253860474;-1.762451171875;0;0;-1.75;-1.6333333253860474;88.250328063964844;1
23593;-3.535400390625;-1.761962890625;-1.761962890625;0;1.7734375;0;1;0;1;1;1;1;0;0;1;0;1;1;1;1;0;0;0;0;100;0;1000000;0;1;0;1;0;0;0;0;0;0;0;0;0;0;0;0;0;1.75;1.6333333253860474;-1.7734375;0;0;-1.75;-1.6333333253860474;88.177085876464844;1
23694;-3.693603515625;-1.9091796875;-1.9091796875;0;1.784423828125;0;1;0;1;1;1;1;0;0;1;0;1;1;1;1;0;0;0;0;100;0;1000000;0;1;0;1;0;0;0;0;0;0;0;0;0;0;0;0;0;1.75;1.6333333253860474;-1.784423828125;0;0;-1.75;-1.6333333253860474;88.103843688964844;1
23793;-3.851806640625;-2.056396484375;-2.056396484375;0;1.79541015625;0;1;0;1;1;1;1;0;0;1;0;1;1;1;1;0;0;0;0;100;0;1000000;0;1;0;1;0;0;0;0;0;0;0;0;0;0;0;0;0;1.75;1.6333333253860474;-1.79541015625;0;0;-1.75;-1.6333333253860474;88.030601501464844;1
23893;-4.027587890625;-2.219970703125;-2.219970703125;0;1.8076171875;0;1;0;1;1;1;1;0;0;1;0;1;1;1;1;0;0;0;0;100;0;1000000;0;1;0;1;0;0;0;0;0;0;0;0;0;0;0;0;0;1.75;1.6333333253860474;-1.8076171875;0;0;-1.75;-1.6333333253860474;87.94921875;1
23993;-4.203369140625;-2.383544921875;-2.383544921875;0;1.81982421875;0;1;0;1;1;1;1;0;0;1;0;1;1;1;1;0;0;0;0;100;0;1000000;0;1;0;1;0;0;0;0;0;0;0;0;0;0;0;0;0;1.75;1.6333333253860474;-1.81982421875;0;0;-1.75;-1.6333333253860474;87.867835998535156;1
24095;-4.361572265625;-2.53076171875;-2.53076171875;0;1.830810546875;0;1;0;1;1;1;1;0;0;1;0;1;1;1;1;0;0;0;0;100;0;1000000;0;1;0;1;0;0;0;0;0;0;0;0;0;0;0;0;0;1.75;1.6333333253860474;-1.830810546875;0;0;-1.75;-1.6333333253860474;87.794593811035156;1
24196;-4.537353515625;-2.6943359375;-2.6943359375;0;1.843017578125;0;1;0;1;1;1;1;0;0;1;0;1;1;1;1;0;0;0;0;100;0;1000000;0;1;0;1;0;0;0;0;0;0;0;0;0;0;0;0;0;1.75;1.6333333253860474;-1.843017578125;0;0;-1.75;-1.6333333253860474;87.713218688964844;1
24294;-4.695556640625;-2.841552734375;-2.841552734375;0;1.85400390625;0;1;0;1;1;1;1;0;0;1;0;1;1;1;1;0;0;0;0;100;0;1000000;0;1;0;1;0;0;0;0;0;0;0;0;0;0;0;0;0;1.75;1.6333333253860474;-1.85400390625;0;0;-1.75;-1.6333333253860474;87.639976501464844;1
24396;-4.853759765625;-2.98876953125;-2.98876953125;0;1.864990234375;0;1;0;1;1;1;1;0;0;1;0;1;1;1;1;0;0;0;0;100;0;1000000;0;1;0;1;0;0;0;0;0;0;0;0;0;0;0;0;0;1.75;1.6333333253860474;-1.864990234375;0;0;-1.75;-1.6333333253860474;87.566734313964844;1
24496;-5.029541015625;-3.15234375;-3.15234375;0;1.877197265625;0;1;0;1;1;1;1;0;0;1;0;1;1;1;1;0;0;0;0;100;0;1000000;0;1;0;1;0;0;0;0;0;0;0;0;0;0;0;0;0;1.75;1.6333333253860474;-1.877197265625;0;0;-1.75;-1.6333333253860474;87.4853515625;1
24598;-5.205322265625;-3.31591796875;-3.31591796875;0;1.889404296875;0;1;0;1;1;1;1;0;0;1;0;1;1;1;1;0;0;0;0;100;0;1000000;0;1;0;1;0;0;0;0;0;0;0;0;0;0;0;0;0;1.75;1.6333333253860474;-1.889404296875;0;0;-1.75;-1.6333333253860474;87.403968811035156;1
24698;-5.363525390625;-3.463134765625;-3.463134765625;0;1.900390625;0;1;0;1;1;1;1;0;0;1;0;1;1;1;1;0;0;0;0;100;0;1000000;0;1;0;1;0;0;0;0;0;0;0;0;0;0;0;0;0;1.75;1.6333333253860474;-1.900390625;0;0;-1.75;-1.6333333253860474;87.330726623535156;1
24798;-5.521728515625;-3.6103515625;-3.6103515625;0;1.911376953125;0;1;0;1;1;1;1;0;0;1;0;1;1;1;1;0;0;0;0;100;0;1000000;0;1;0;1;0;0;0;0;0;0;0;0;0;0;0;0;0;1.75;1.6333333253860474;-1.911376953125;0;0;-1.75;-1.6333333253860474;87.257484436035156;1
24897;-5.679931640625;-3.757568359375;-3.757568359375;0;1.92236328125;0;1;0;1;1;1;1;0;0;1;0;1;1;1;1;0;0;0;0;100;0;1000000;0;1;0;1;0;0;0;0;0;0;0;0;0;0;0;0;0;1.75;1.6333333253860474;-1.92236328125;0;0;-1.75;-1.6333333253860474;87.184242248535156;1
24997;-5.855712890625;-3.921142578125;-3.921142578125;0;1.9345703125;0;1;0;1;1;1;1;0;0;1;0;1;1;1;1;0;0;0;0;100;0;1000000;0;1;0;1;0;0;0;0;0;0;0;0;0;0;0;0;0;1.75;1.6333333253860474;-1.9345703125;0;0;-1.75;-1.6333333253860474;87.102867126464844;1
25097;-6.013916015625;-4.068359375;-4.068359375;0;1.945556640625;0;1;0;1;1;1;1;0;0;1;0;1;1;1;1;0;0;0;0;100;0;1000000;0;1;0;1;0;0;0;0;0;0;0;0;0;0;0;0;0;1.75;1.6333333253860474;-1.945556640625;0;0;-1.75;-1.6333333253860474;87.029624938964844;1
25199;-6.189697265625;-4.23193359375;-4.23193359375;0;1.957763671875;0;1;0;1;1;1;1;0;0;1;0;1;1;1;1;0;0;0;0;100;0;1000000;0;1;0;1;0;0;0;0;0;0;0;0;0;0;0;0;0;1.75;1.6333333253860474;-1.957763671875;0;0;-1.75;-1.6333333253860474;86.9482421875;1
25299;-6.365478515625;-4.3955078125;-4.3955078125;0;1.969970703125;0;1;0;1;1;1;1;0;0;1;0;1;1;1;1;0;0;0;0;100;0;1000000;0;1;0;1;0;0;0;0;0;0;0;0;0;0;0;0;0;1.75;1.6333333253860474;-1.969970703125;0;0;-1.75;-1.6333333253860474;86.866859436035156;1
25399;-6.523681640625;-4.542724609375;-4.542724609375;0;1.98095703125;0;1;0;1;1;1;1;0;0;1;0;1;1;1;1;0;0;0;0;100;0;1000000;0;1;0;1;0;0;0;0;0;0;0;0;0;0;0;0;0;1.75;1.6333333253860474;-1.98095703125;0;0;-1.75;-1.6333333253860474;86.793617248535156;1
25498;-6.699462890625;-4.706298828125;-4.706298828125;0;1.9931640625;0;1;0;1;1;1;1;0;0;1;0;1;1;1;1;0;0;0;0;100;0;1000000;0;1;0;1;0;0;0;0;0;0;0;0;0;0;0;0;0;1.75;1.6333333253860474;-1.9931640625;0;0;-1.75;-1.6333333253860474;86.712242126464844;1
25600;-6.857666015625;-4.853515625;-4.853515625;0;2.004150390625;0;1;0;1;1;1;1;0;0;1;0;1;1;1;1;0;0;0;0;100;0;1000000;0;1;0;1;0;0;0;0;0;0;0;0;0;0;0;0;0;1.75;1.6333333253860474;-2.004150390625;0;0;-1.75;-1.6333333253860474;86.638999938964844;1
25700;-7.03076171875;-5.0146484375;-5.0146484375;0;2.01611328125;0;1;0;1;1;1;0;0;0;1;0;1;1;1;0;0;0;0;2500;50;0;1000000;0;1;0;1;0;0;0;0;0;0;0;0;0;0;0;0;0;1.5;1.3999999761581421;-2.01611328125;0;0;-1.5;-1.3999999761581421;86.559242248535156;1
25801;-7.145263671875;-5.121826171875;-5.121826171875;0;2.0234375;0;0;0;0;0;0;0;0;0;0;0;0;0;0;0;0;0;0;4750;0;0;1000000;0;1;0;1;0;0;0;0;0;0;0;0;0;0;0;0;0;1;0.93333333730697632;-2.0234375;0;0;-1;-0.93333333730697632;86.510414123535156;1
25901;-7.245361328125;-5.221923828125;-5.221923828125;0;2.0234375;0;0;0;0;0;0;0;0;0;0;0;0;0;0;0;0;0;0;5000;0;0;1000000;0;1;0;0;0;0;0;0;0;0;0;0;0;0;0;0;0;1;1;-2.0234375;0;0;-1;-1;86.510414123535156;1
26003;-7.33544921875;-5.31201171875;-5.31201171875;0;2.0234375;0;0;0;0;0;0;0;0;0;0;0;0;0;0;0;0;0;0;5000;0;0;1000000;0;1;0;0;0;0;0;0;0;0;0;0;0;0;0;0;0;1;1;-2.0234375;0;0;-1;-1;86.510414123535156;1
26103;-7.435546875;-5.412109375;-5.412109375;0;2.0234375;0;0;0;0;0;0;0;0;0;0;0;0;0;0;0;0;0;0;5000;0;0;1000000;0;1;0;0;0;0;0;0;0;0;0;0;0;0;0;0;0;1;1;-2.0234375;0;0;-1;-1;86.510414123535156;1
26202;-7.49560546875;-5.4521484375;-5.4521484375;0;2.04345703125;0;0;0;0;0;0;0;0;0;0;0;0;0;0;0;0;0;0;5000;0;0;1000000;0;1;0;0;0;0;0;0;0;0;0;0;0;0;0;0;0;0;0;-2.04345703125;0;0;0;0;86.376953125;1
26304;-7.49560546875;-5.4521484375;-5.4521484375;0;2.04345703125;0;0;0;0;0;0;0;0;0;0;0;0;0;0;0;0;0;0;5000;0;0;1000000;0;1;0;0;0;0;0;0;0;0;0;0;0;0;0;0;0;0;0;-2.04345703125;0;0;0;0;86.376953125;1
26404;-7.49560546875;-5.4521484375;-5.4521484375;0;2.04345703125;0;0;0;0;0;0;0;0;0;0;0;0;0;0;0;0;0;0;5000;0;0;1000000;0;1;0;0;0;0;0;0;0;0;0;0;0;0;0;0;0;0;0;-2.04345703125;0;0;0;0;86.376953125;1
26506;-7.49560546875;-5.4521484375;-5.4521484375;0;2.04345703125;0;0;0;0;0;0;0;0;0;0;0;0;0;0;0;0;0;0;5000;0;0;1000000;0;1;0;0;0;0;0;0;0;0;0;0;0;0;0;0;0;0;0;-2.04345703125;0;0;0;0;86.376953125;1
26606;-7.49560546875;-5.4521484375;-5.4521484375;0;2.04345703125;0;0;0;0;0;0;0;0;0;0;0;0;0;0;0;0;0;0;5000;0;0;1000000;0;1;0;0;0;0;0;0;0;0;0;0;0;0;0;0;0;0;0;-2.04345703125;0;0;0;0;86.376953125;1
26708;-7.49560546875;-5.4521484375;-5.4521484375;0;2.04345703125;0;0;0;0;0;0;0;0;0;0;0;0;0;0;0;0;0;0;5000;0;0;1000000;0;1;0;0;0;0;0;0;0;0;0;0;0;0;0;0;0;0;0;-2.04345703125;0;0;0;0;86.376953125;1
26809;-7.49560546875;-5.4521484375;-5.4521484375;0;2.04345703125;0;0;0;0;0;0;0;0;0;0;0;0;0;0;0;0;0;0;5000;0;0;1000000;0;1;0;0;0;0;0;0;0;0;0;0;0;0;0;0;0;0;0;-2.04345703125;0;0;0;0;86.376953125;1
26907;-7.49560546875;-5.4521484375;-5.4521484375;0;2.04345703125;0;0;0;0;0;0;0;0;0;0;0;0;0;0;0;0;0;0;5000;0;0;1000000;0;1;0;0;0;0;0;0;0;0;0;0;0;0;0;0;0;0;0;-2.04345703125;0;0;0;0;86.376953125;1
27007;-7.49560546875;-5.4521484375;-5.4521484375;0;2.04345703125;0;0;0;0;0;0;0;0;0;0;0;0;0;0;0;0;0;0;5000;0;0;1000000;0;1;0;0;0;0;0;0;0;0;0;0;0;0;0;0;0;0;0;-2.04345703125;0;0;0;0;86.376953125;1
27108;-7.49560546875;-5.4521484375;-5.4521484375;0;2.04345703125;0;0;0;0;0;0;0;0;0;0;0;0;0;0;0;0;0;0;5000;0;0;1000000;0;1;0;0;0;0;0;0;0;0;0;0;0;0;0;0;0;0;0;-2.04345703125;0;0;0;0;86.376953125;1
27209;-7.49560546875;-5.4521484375;-5.4521484375;0;2.04345703125;0;0;0;0;0;0;0;0;0;0;0;0;0;0;0;0;0;0;5000;0;0;1000000;0;1;0;0;0;0;0;0;0;0;0;0;0;0;0;0;0;0;0;-2.04345703125;0;0;0;0;86.376953125;1
27308;-7.49560546875;-5.4521484375;-5.4521484375;0;2.04345703125;0;0;0;0;0;0;0;0;0;0;0;0;0;0;0;0;0;0;5000;0;0;1000000;0;1;0;0;0;0;0;0;0;0;0;0;0;0;0;0;0;0;0;-2.04345703125;0;0;0;0;86.376953125;1
27411;-7.49560546875;-5.4521484375;-5.4521484375;0;2.04345703125;0;0;0;0;0;0;0;0;0;0;0;0;0;0;0;0;0;0;5000;0;0;1000000;0;1;0;0;0;0;0;0;0;0;0;0;0;0;0;0;0;0;0;-2.04345703125;0;0;0;0;86.376953125;1
27511;-7.49560546875;-5.4521484375;-5.4521484375;0;2.04345703125;0;0;0;0;0;0;0;0;0;0;0;0;0;0;0;0;0;0;5000;0;0;1000000;0;1;0;0;0;0;0;0;0;0;0;0;0;0;0;0;0;0;0;-2.04345703125;0;0;0;0;86.376953125;1
27613;-7.49560546875;-5.4521484375;-5.4521484375;0;2.04345703125;0;0;0;0;0;0;0;0;0;0;0;0;0;0;0;0;0;0;5000;0;0;1000000;0;1;0;0;0;0;0;0;0;0;0;0;0;0;0;0;0;0;0;-2.04345703125;0;0;0;0;86.376953125;1
27714;-7.49560546875;-5.4521484375;-5.4521484375;0;2.04345703125;0;0;0;0;0;0;0;0;0;0;0;0;0;0;0;0;0;0;5000;0;0;1000000;0;1;0;0;0;0;0;0;0;0;0;0;0;0;0;0;0;0;0;-2.04345703125;0;0;0;0;86.376953125;1
27814;-7.49560546875;-5.4521484375;-5.4521484375;0;2.04345703125;0;0;0;0;0;0;0;0;0;0;0;0;0;0;0;0;0;0;5000;0;0;1000000;0;1;0;0;0;0;0;0;0;0;0;0;0;0;0;0;0;0;0;-2.04345703125;0;0;0;0;86.376953125;1
27914;-7.49560546875;-5.4521484375;-5.4521484375;0;2.04345703125;0;0;0;0;0;0;0;0;0;0;0;0;0;0;0;0;0;0;5000;0;0;1000000;0;1;0;0;0;0;0;0;0;0;0;0;0;0;0;0;0;0;0;-2.04345703125;0;0;0;0;86.376953125;1
28015;-7.49560546875;-5.4521484375;-5.4521484375;0;2.04345703125;0;0;0;0;0;0;0;0;0;0;0;0;0;0;0;0;0;0;5000;0;0;1000000;0;1;0;0;0;0;0;0;0;0;0;0;0;0;0;0;0;0;0;-2.04345703125;0;0;0;0;86.376953125;1
28115;-7.49560546875;-5.4521484375;-5.4521484375;0;2.04345703125;0;0;0;0;0;0;0;0;0;0;0;0;0;0;0;0;0;0;5000;0;0;1000000;0;1;0;0;0;0;0;0;0;0;0;0;0;0;0;0;0;0;0;-2.04345703125;0;0;0;0;86.376953125;1
28216;-7.49560546875;-5.4521484375;-5.4521484375;0;2.04345703125;0;0;0;0;0;0;0;0;0;0;0;0;0;0;0;0;0;0;5000;0;0;1000000;0;1;0;0;0;0;0;0;0;0;0;0;0;0;0;0;0;0;0;-2.04345703125;0;0;0;0;86.376953125;1
28316;-7.49560546875;-5.4521484375;-5.4521484375;0;2.04345703125;0;0;0;0;0;0;0;0;0;0;0;0;0;0;0;0;0;0;5000;0;0;1000000;0;1;0;0;0;0;0;0;0;0;0;0;0;0;0;0;0;0;0;-2.04345703125;0;0;0;0;86.376953125;1
28416;-7.49560546875;-5.4521484375;-5.4521484375;0;2.04345703125;0;0;0;0;0;0;0;0;0;0;0;0;0;0;0;0;0;0;5000;0;0;1000000;0;1;0;0;0;0;0;0;0;0;0;0;0;0;0;0;0;0;0;-2.04345703125;0;0;0;0;86.376953125;1
28516;-7.49560546875;-5.4521484375;-5.4521484375;0;2.04345703125;0;0;0;0;0;0;0;0;0;0;0;0;0;0;0;0;0;0;5000;0;0;1000000;0;1;0;0;0;0;0;0;0;0;0;0;0;0;0;0;0;0;0;-2.04345703125;0;0;0;0;86.376953125;1
28616;-7.49560546875;-5.4521484375;-5.4521484375;0;2.04345703125;0;0;0;0;0;0;0;0;0;0;0;0;0;0;0;0;0;0;5000;0;0;1000000;0;1;0;0;0;0;0;0;0;0;0;0;0;0;0;0;0;0;0;-2.04345703125;0;0;0;0;86.376953125;1
28717;-7.49560546875;-5.4521484375;-5.4521484375;0;2.04345703125;0;0;0;0;0;0;0;0;0;0;0;0;0;0;0;0;0;0;5000;0;0;1000000;0;1;0;0;0;0;0;0;0;0;0;0;0;0;0;0;0;0;0;-2.04345703125;0;0;0;0;86.376953125;1
28817;-7.49560546875;-5.4521484375;-5.4521484375;0;2.04345703125;0;0;0;0;0;0;0;0;0;0;0;0;0;0;0;0;0;0;5000;0;0;1000000;0;1;0;0;0;0;0;0;0;0;0;0;0;0;0;0;0;0;0;-2.04345703125;0;0;0;0;86.376953125;1
28918;-7.49560546875;-5.4521484375;-5.4521484375;0;2.04345703125;0;0;0;0;0;0;0;0;0;0;0;0;0;0;0;0;0;0;5000;0;0;1000000;0;1;0;0;0;0;0;0;0;0;0;0;0;0;0;0;0;0;0;-2.04345703125;0;0;0;0;86.376953125;1
29020;-7.49560546875;-5.4521484375;-5.4521484375;0;2.04345703125;0;0;0;0;0;0;0;0;0;0;0;0;0;0;0;0;0;0;5000;0;0;1000000;0;1;0;0;0;0;0;0;0;0;0;0;0;0;0;0;0;0;0;-2.04345703125;0;0;0;0;86.376953125;1
29120;-7.49560546875;-5.4521484375;-5.4521484375;0;2.04345703125;0;0;0;0;0;0;0;0;0;0;0;0;0;0;0;0;0;0;5000;0;0;1000000;0;1;0;0;0;0;0;0;0;0;0;0;0;0;0;0;0;0;0;-2.04345703125;0;0;0;0;86.376953125;1
29221;-7.49560546875;-5.4521484375;-5.4521484375;0;2.04345703125;0;0;0;0;0;0;0;0;0;0;0;0;0;0;0;0;0;0;5000;0;0;1000000;0;1;0;0;0;0;0;0;0;0;0;0;0;0;0;0;0;0;0;-2.04345703125;0;0;0;0;86.376953125;1
29322;-7.49560546875;-5.4521484375;-5.4521484375;0;2.04345703125;0;0;0;0;0;0;0;0;0;0;0;0;0;0;0;0;0;0;5000;0;0;1000000;0;1;0;0;0;0;0;0;0;0;0;0;0;0;0;0;0;0;0;-2.04345703125;0;0;0;0;86.376953125;1
29423;-7.49560546875;-5.4521484375;-5.4521484375;0;2.04345703125;0;0;0;0;0;0;0;0;0;0;0;0;0;0;0;0;0;0;5000;0;0;1000000;0;1;0;0;0;0;0;0;0;0;0;0;0;0;0;0;0;0;0;-2.04345703125;0;0;0;0;86.376953125;1
29524;-7.49560546875;-5.4521484375;-5.4521484375;0;2.04345703125;0;0;0;0;0;0;0;0;0;0;0;0;0;0;0;0;0;0;5000;0;0;1000000;0;1;0;0;0;0;0;0;0;0;0;0;0;0;0;0;0;0;0;-2.04345703125;0;0;0;0;86.376953125;1
29625;-7.49560546875;-5.4521484375;-5.4521484375;0;2.04345703125;0;0;0;0;0;0;0;0;0;0;0;0;0;0;0;0;0;0;5000;0;0;1000000;0;1;0;0;0;0;0;0;0;0;0;0;0;0;0;0;0;0;0;-2.04345703125;0;0;0;0;86.376953125;1
29725;-7.49560546875;-5.4521484375;-5.4521484375;0;2.04345703125;0;0;0;0;0;0;0;0;0;0;0;0;0;0;0;0;0;0;5000;0;0;1000000;0;1;0;0;0;0;0;0;0;0;0;0;0;0;0;0;0;0;0;-2.04345703125;0;0;0;0;86.376953125;1
29826;-7.49560546875;-5.4521484375;-5.4521484375;0;2.04345703125;0;0;0;0;0;0;0;0;0;0;0;0;0;0;0;0;0;0;5000;0;0;1000000;0;1;0;0;0;0;0;0;0;0;0;0;0;0;0;0;0;0;0;-2.04345703125;0;0;0;0;86.376953125;1
29927;-7.49560546875;-5.4521484375;-5.4521484375;0;2.04345703125;0;0;0;0;0;0;0;0;0;0;0;0;0;0;0;0;0;0;5000;0;0;1000000;0;1;0;0;0;0;0;0;0;0;0;0;0;0;0;0;0;0;0;-2.04345703125;0;0;0;0;86.376953125;1
30027;-7.49560546875;-5.4521484375;-5.4521484375;0;2.04345703125;0;0;0;0;0;0;0;0;0;0;0;0;0;0;0;0;0;0;5000;0;0;1000000;0;1;0;0;0;0;0;0;0;0;0;0;0;0;0;0;0;0;0;-2.04345703125;0;0;0;0;86.376953125;1
30127;-7.49560546875;-5.4521484375;-5.4521484375;0;2.04345703125;0;0;0;0;0;0;0;0;0;0;0;0;0;0;0;0;0;0;5000;0;0;1000000;0;1;0;0;0;0;0;0;0;0;0;0;0;0;0;0;0;0;0;-2.04345703125;0;0;0;0;86.376953125;1
30227;-7.49560546875;-5.4521484375;-5.4521484375;0;2.04345703125;0;0;0;0;0;0;0;0;0;0;0;0;0;0;0;0;0;0;5000;0;0;1000000;0;1;0;0;0;0;0;0;0;0;0;0;0;0;0;0;0;0;0;-2.04345703125;0;0;0;0;86.376953125;1
30327;-7.49560546875;-5.4521484375;-5.4521484375;0;2.04345703125;0;0;0;0;0;0;0;0;0;0;0;0;0;0;0;0;0;0;5000;0;0;1000000;0;1;0;0;0;0;0;0;0;0;0;0;0;0;0;0;0;0;0;-2.04345703125;0;0;0;0;86.376953125;1
30428;-7.49560546875;-5.4521484375;-5.4521484375;0;2.04345703125;0;0;0;0;0;0;0;0;0;0;0;0;0;0;0;0;0;0;5000;0;0;1000000;0;1;0;0;0;0;0;0;0;0;0;0;0;0;0;0;0;0;0;-2.04345703125;0;0;0;0;86.376953125;1
30529;-7.49560546875;-5.4521484375;-5.4521484375;0;2.04345703125;0;0;0;0;0;0;0;0;0;0;0;0;0;0;0;0;0;0;5000;0;0;1000000;0;1;0;0;0;0;0;0;0;0;0;0;0;0;0;0;0;0;0;-2.04345703125;0;0;0;0;86.376953125;1
30632;-7.49560546875;-5.4521484375;-5.4521484375;0;2.04345703125;0;0;0;0;0;0;0;0;0;0;0;0;0;0;0;0;0;0;5000;0;0;1000000;0;1;0;0;0;0;0;0;0;0;0;0;0;0;0;0;0;0;0;-2.04345703125;0;0;0;0;86.376953125;1
30733;-7.49560546875;-5.4521484375;-5.4521484375;0;2.04345703125;0;0;0;0;0;0;0;0;0;0;0;0;0;0;0;0;0;0;5000;0;0;1000000;0;1;0;0;0;0;0;0;0;0;0;0;0;0;0;0;0;0;0;-2.04345703125;0;0;0;0;86.376953125;1
30833;-7.49560546875;-5.4521484375;-5.4521484375;0;2.04345703125;0;0;0;0;0;0;0;0;0;0;0;0;0;0;0;0;0;0;5000;0;0;1000000;0;1;0;0;0;0;0;0;0;0;0;0;0;0;0;0;0;0;0;-2.04345703125;0;0;0;0;86.376953125;1
30934;-7.49560546875;-5.4521484375;-5.4521484375;0;2.04345703125;0;0;0;0;0;0;0;0;0;0;0;0;0;0;0;0;0;0;5000;0;0;1000000;0;1;0;0;0;0;0;0;0;0;0;0;0;0;0;0;0;0;0;-2.04345703125;0;0;0;0;86.376953125;1
31035;-7.49560546875;-5.4521484375;-5.4521484375;0;2.04345703125;0;0;0;0;0;0;0;0;0;0;0;0;0;0;0;0;0;0;5000;0;0;1000000;0;1;0;0;0;0;0;0;0;0;0;0;0;0;0;0;0;0;0;-2.04345703125;0;0;0;0;86.376953125;1
31136;-7.49560546875;-5.4521484375;-5.4521484375;0;2.04345703125;0;0;0;0;0;0;0;0;0;0;0;0;0;0;0;0;0;0;5000;0;0;1000000;0;1;0;0;0;0;0;0;0;0;0;0;0;0;0;0;0;0;0;-2.04345703125;0;0;0;0;86.376953125;1
31237;-7.49560546875;-5.4521484375;-5.4521484375;0;2.04345703125;0;0;0;0;0;0;0;0;0;0;0;0;0;0;0;0;0;0;5000;0;0;1000000;0;1;0;0;0;0;0;0;0;0;0;0;0;0;0;0;0;0;0;-2.04345703125;0;0;0;0;86.376953125;1
31336;-7.49560546875;-5.4521484375;-5.4521484375;0;2.04345703125;0;0;0;0;0;0;0;0;0;0;0;0;0;0;0;0;0;0;5000;0;0;1000000;0;1;0;0;0;0;0;0;0;0;0;0;0;0;0;0;0;0;0;-2.04345703125;0;0;0;0;86.376953125;1
31438;-7.49560546875;-5.4521484375;-5.4521484375;0;2.04345703125;0;0;0;0;0;0;0;0;0;0;0;0;0;0;0;0;0;0;5000;0;0;1000000;0;1;0;0;0;0;0;0;0;0;0;0;0;0;0;0;0;0;0;-2.04345703125;0;0;0;0;86.376953125;1
31538;-7.49560546875;-5.4521484375;-5.4521484375;0;2.04345703125;0;0;0;0;0;0;0;0;0;0;0;0;0;0;0;0;0;0;5000;0;0;1000000;0;1;0;0;0;0;0;0;0;0;0;0;0;0;0;0;0;0;0;-2.04345703125;0;0;0;0;86.376953125;1
31639;-7.49560546875;-5.4521484375;-5.4521484375;0;2.04345703125;0;0;0;0;0;0;0;0;0;0;0;0;0;0;0;0;0;0;5000;0;0;1000000;0;1;0;0;0;0;0;0;0;0;0;0;0;0;0;0;0;0;0;-2.04345703125;0;0;0;0;86.376953125;1
31739;-7.49560546875;-5.4521484375;-5.4521484375;0;2.04345703125;0;0;0;0;0;0;0;0;0;0;0;0;0;0;0;0;0;0;5000;0;0;1000000;0;1;0;0;0;0;0;0;0;0;0;0;0;0;0;0;0;0;0;-2.04345703125;0;0;0;0;86.376953125;1
31839;-7.49560546875;-5.4521484375;-5.4521484375;0;2.04345703125;0;0;0;0;0;0;0;0;0;0;0;0;0;0;0;0;0;0;5000;0;0;1000000;0;1;0;0;0;0;0;0;0;0;0;0;0;0;0;0;0;0;0;-2.04345703125;0;0;0;0;86.376953125;1
31939;-7.49560546875;-5.4521484375;-5.4521484375;0;2.04345703125;0;0;0;0;0;0;0;0;0;0;0;0;0;0;0;0;0;0;5000;0;0;1000000;0;1;0;0;0;0;0;0;0;0;0;0;0;0;0;0;0;0;0;-2.04345703125;0;0;0;0;86.376953125;1
32039;-7.49560546875;-5.4521484375;-5.4521484375;0;2.04345703125;0;0;0;0;0;0;0;0;0;0;0;0;0;0;0;0;0;0;4649;0;0;1000000;0;1;0;0;0;0;0;0;0;0;0;0;0;0;0;0;0;0;0;-2.04345703125;0;0;0;0;86.376953125;1
32140;-7.49560546875;-5.4521484375;-5.4521484375;0;2.04345703125;0;0;0;0;0;0;0;0;0;0;0;0;0;0;0;0;0;0;4164;16.719999313354492;0;1000000;0;1;0;1;0;0;0;0;0;0;0;0;0;0;0;0;0;0;0;0;0;0;0;0;86.376953125;1
32243;-7.49560546875;-5.4521484375;-5.4521484375;0;2.04345703125;0;0;0;0;0;0;0;0;0;0;0;0;0;0;0;0;0;0;3879;22.420000076293945;0;1000000;0;1;0;1;0;0;0;0;0;0;0;0;0;0;0;0;0;0;0;0;0;0;0;0;86.376953125;1
32342;-7.49560546875;-5.4521484375;-5.4521484375;0;2.04345703125;0;0;0;0;0;0;0;0;0;0;0;0;0;0;0;0;0;0;3717;25.659999847412109;0;1000000;0;1;0;1;0;0;0;0;0;0;0;0;0;0;0;0;0;0;0;0;0;0;0;0;86.376953125;1
32443;-7.49560546875;-5.4521484375;-5.4521484375;0;2.04345703125;0;0;0;0;0;0;0;0;0;0;0;0;0;0;0;0;0;0;3474;30.520000457763672;0;1000000;0;1;0;1;0;0;0;0;0;0;0;0;0;0;0;0;0;0;0;0;0;0;0;0;86.376953125;1
32544;-7.49560546875;-5.4521484375;-5.4521484375;0;2.04345703125;0;0;0;0;0;0;0;0;0;0;0;0;0;0;0;0;0;0;3109;37.819999694824219;0;1000000;0;1;0;1;0;0;0;0;0;0;0;0;0;0;0;0;0;0;0;0;0;0;0;0;86.376953125;1
32644;-7.49560546875;-5.4521484375;-5.4521484375;0;2.04345703125;0;0;0;0;0;0;0;0;0;0;0;0;0;0;0;0;0;0;2695;46.099998474121094;0;1000000;0;1;0;1;0;0;0;0;0;0;0;0;0;0;0;0;0;0;0;0;0;0;0;0;86.376953125;1
32744;-7.49560546875;-5.4521484375;-5.4521484375;0;2.04345703125;0;0;0;0;0;0;0;0;0;0;0;0;0;0;0;0;0;0;2290;54.200000762939453;0;1000000;0;1;0;1;0;0;0;0;0;0;0;0;0;0;0;0;0;0;0;0;0;0;0;0;86.376953125;1
32846;-7.49560546875;-5.4521484375;-5.4521484375;0;2.04345703125;0;0;0;0;0;0;0;0;0;0;0;0;0;0;0;0;0;0;2155;56.900001525878906;0;1000000;0;1;0;1;0;0;0;0;0;0;0;0;0;0;0;0;0;0;0;0;0;0;0;0;86.376953125;1
32947;-7.49560546875;-5.4521484375;-5.4521484375;0;2.04345703125;0;0;0;0;0;0;0;0;0;0;0;0;0;0;0;0;0;0;1910;61.799995422363281;0;1000000;0;1;0;1;0;0;0;0;0;0;0;0;0;0;0;0;0;0;0;0;0;0;0;0;86.376953125;1
33047;-7.49560546875;-5.4521484375;-5.4521484375;0;2.04345703125;0;0;0;0;0;0;0;0;0;0;0;0;0;0;0;0;0;0;1604;67.919998168945313;0;1000000;0;1;0;1;0;0;0;0;0;0;0;0;0;0;0;0;0;0;0;0;0;0;0;0;86.376953125;1
33148;-7.49560546875;-5.4521484375;-5.4521484375;0;2.04345703125;0;0;0;0;0;0;0;0;0;0;0;0;0;0;0;0;0;0;1169;76.620002746582031;0;1000000;0;1;0;1;0;0;0;0;0;0;0;0;0;0;0;0;0;0;0;0;0;0;0;0;86.376953125;1
33247;-7.49560546875;-5.4521484375;-5.4521484375;0;2.04345703125;0;0;0;0;0;0;0;0;0;0;0;0;0;0;0;0;0;0;692;86.159996032714844;0;1000000;0;1;0;1;0;0;0;0;0;0;0;0;0;0;0;0;0;0;0;0;0;0;0;0;86.376953125;1
33349;-7.49560546875;-5.5322265625;-5.5322265625;0;1.96337890625;0;0;0;0;0;0;0;0;0;1;0;1;0;0;0;0;0;0;567;88.660003662109375;0;1000000;0;1;0;1;0;0;0;0;0;0;0;0;0;0;0;0;0;0;1;0;0;0;0;-1;86.910804748535156;1
33449;-7.49560546875;-5.622314453125;-5.622314453125;0;1.873291015625;0;0;0;0;0;0;0;0;0;1;0;1;0;0;0;0;0;0;369;92.6199951171875;0;1000000;0;1;0;1;0;0;0;0;0;0;0;0;0;0;0;0;0;0;1;0;0;0;0;-1;87.511390686035156;1
33549;-7.49560546875;-5.71240234375;-5.71240234375;0;1.783203125;0;0;0;0;0;0;0;0;0;1;0;1;0;0;0;0;0;0;90;98.199996948242188;0;1000000;0;1;0;1;0;0;0;0;0;0;0;0;0;0;0;0;0;0;1;0;0;0;0;-1;88.111976623535156;1
33649;-7.49560546875;-5.8125;-5.8125;0;1.68310546875;0;0;0;0;0;0;0;0;0;1;0;1;0;0;0;0;0;0;0;100;0;1000000;0;1;0;1;0;0;0;0;0;0;0;0;0;0;0;0;0;0;1;0;0;0;0;-1;88.779296875;1
33750;-7.49560546875;-5.91259765625;-5.91259765625;0;1.5830078125;0;0;0;0;0;0;0;0;0;1;0;1;0;0;0;0;0;0;0;100;0;1000000;0;1;0;1;0;0;0;0;0;0;0;0;0;0;0;0;0;0;1;0;0;0;0;-1;89.446617126464844;1
33851;-7.49560546875;-6.002685546875;-6.002685546875;0;1.492919921875;0;0;0;0;0;0;0;0;0;1;0;1;0;0;0;0;0;0;0;100;0;1000000;0;1;0;1;0;0;0;0;0;0;0;0;0;0;0;0;0;0;1;0;0;0;0;-1;90.047203063964844;1
33952;-7.49560546875;-6.0927734375;-6.0927734375;0;1.40283203125;0;0;0;0;0;0;0;0;0;1;0;1;0;0;0;0;0;0;0;100;0;1000000;0;1;0;1;0;0;0;0;0;0;0;0;0;0;0;0;0;0;1;0;0;0;0;-1;90.647789001464844;1
34052;-7.49560546875;-6.182861328125;-6.182861328125;0;1.312744140625;0;0;0;0;0;0;0;0;0;1;0;1;0;0;0;0;0;0;0;100;0;1000000;0;1;0;1;0;0;0;0;0;0;0;0;0;0;0;0;0;0;1;0;0;0;0;-1;91.248374938964844;1
34153;-7.49560546875;-6.282958984375;-6.282958984375;0;1.212646484375;0;0;0;0;0;0;0;0;0;0;0;0;0;0;0;0;0;0;0;100;0;1000000;0;1;0;1;0;0;0;0;0;0;0;0;0;0;0;0;0;0;1;0;0;0;0;-1;91.915687561035156;1
34253;-7.49560546875;-6.383056640625;-6.383056640625;0;1.112548828125;0;0;0;0;0;0;0;0;0;0;0;0;0;0;0;0;0;0;0;100;0;1000000;0;1;0;1;0;0;0;0;0;0;0;0;0;0;0;0;0;0;1;0;0;0;0;-1;92.5830078125;1
34354;-7.49560546875;-6.47314453125;-6.47314453125;0;1.0224609375;0;0;0;0;0;0;0;0;0;0;0;0;0;0;0;0;0;0;0;100;0;1000000;0;1;0;1;0;0;0;0;0;0;0;0;0;0;0;0;0;0;1;0;0;0;0;-1;93.18359375;1
34453;-7.49560546875;-6.4931640625;-6.4931640625;0;1.00244140625;0;0;0;0;0;0;0;0;0;0;0;0;0;0;0;0;0;0;0;100;0;1000000;0;1;0;1;0;0;0;0;0;0;0;0;0;0;0;0;0;0;0;0;0;0;0;0;93.317054748535156;1
34554;-7.49560546875;-6.4931640625;-6.4931640625;0;1.00244140625;0;0;0;0;0;0;0;0;0;0;0;0;0;0;0;0;0;0;0;100;0;1000000;0;1;0;1;0;0;0;0;0;0;0;0;0;0;0;0;0;0;0;0;0;0;0;0;93.317054748535156;1
34653;-7.49560546875;-6.4931640625;-6.4931640625;0;1.00244140625;0;0;0;0;0;0;0;0;0;0;0;0;0;0;0;0;0;0;0;100;0;1000000;0;1;0;1;0;0;0;0;0;0;0;0;0;0;0;0;0;0;0;0;0;0;0;0;93.317054748535156;1
34756;-7.49560546875;-6.4931640625;-6.4931640625;0;1.00244140625;0;0;0;0;0;0;0;0;0;0;0;0;0;0;0;0;0;0;0;100;0;1000000;0;1;0;1;0;0;0;0;0;0;0;0;0;0;0;0;0;0;0;0;0;0;0;0;93.317054748535156;1
34856;-7.49560546875;-6.4931640625;-6.4931640625;0;1.00244140625;0;0;0;0;0;0;0;0;0;0;0;0;0;0;0;0;0;0;0;100;0;1000000;0;1;0;1;0;0;0;0;0;0;0;0;0;0;0;0;0;0;0;0;0;0;0;0;93.317054748535156;1
34956;-7.49560546875;-6.4931640625;-6.4931640625;0;1.00244140625;0;0;0;0;0;0;0;0;0;0;0;0;0;0;0;0;0;0;0;100;0;1000000;0;1;0;1;0;0;0;0;0;0;0;0;0;0;0;0;0;0;0;0;0;0;0;0;93.317054748535156;1
35057;-7.49560546875;-6.4931640625;-6.4931640625;0;1.00244140625;0;0;0;0;0;0;0;0;0;0;0;0;0;0;0;0;0;0;0;100;0;1000000;0;1;0;1;0;0;0;0;0;0;0;0;0;0;0;0;0;0;0;0;0;0;0;0;93.317054748535156;1
35158;-7.49560546875;-6.4931640625;-6.4931640625;0;1.00244140625;0;0;0;0;0;0;0;0;0;0;0;0;0;0;0;0;0;0;0;100;0;1000000;0;1;0;1;0;0;0;0;0;0;0;0;0;0;0;0;0;0;0;0;0;0;0;0;93.317054748535156;1
35259;-7.49560546875;-6.4931640625;-6.4931640625;0;1.00244140625;0;0;0;0;0;0;0;0;0;0;0;0;0;0;0;0;0;0;0;100;0;1000000;0;1;0;1;0;0;0;0;0;0;0;0;0;0;0;0;0;0;0;0;0;0;0;0;93.317054748535156;1
35359;-7.49560546875;-6.4931640625;-6.4931640625;0;1.00244140625;0;0;0;0;0;0;0;0;0;0;0;0;0;0;0;0;0;0;0;100;0;1000000;0;1;0;1;0;0;0;0;0;0;0;0;0;0;0;0;0;0;0;0;0;0;0;0;93.317054748535156;1
35459;-7.49560546875;-6.4931640625;-6.4931640625;0;1.00244140625;0;0;0;0;0;0;0;0;0;0;0;0;0;0;0;0;0;0;0;100;0;1000000;0;1;0;1;0;0;0;0;0;0;0;0;0;0;0;0;0;0;0;0;0;0;0;0;93.317054748535156;1
35559;-7.49560546875;-6.4931640625;-6.4931640625;0;1.00244140625;0;0;0;0;0;0;0;0;0;0;0;0;0;0;0;0;0;0;0;100;0;1000000;0;1;0;1;0;0;0;0;0;0;0;0;0;0;0;0;0;0;0;0;0;0;0;0;93.317054748535156;1
35661;-7.49560546875;-6.4931640625;-6.4931640625;0;1.00244140625;0;0;0;0;0;0;0;0;0;0;0;0;0;0;0;0;0;0;0;100;0;1000000;0;1;0;1;0;0;0;0;0;0;0;0;0;0;0;0;0;0;0;0;0;0;0;0;93.317054748535156;1
35762;-7.49560546875;-6.4931640625;-6.4931640625;0;1.00244140625;0;0;0;0;0;0;0;0;0;0;0;0;0;0;0;0;0;0;0;100;0;1000000;0;1;0;1;0;0;0;0;0;0;0;0;0;0;0;0;0;0;0;0;0;0;0;0;93.317054748535156;1
35863;-7.49560546875;-6.4931640625;-6.4931640625;0;1.00244140625;0;0;0;0;0;0;0;0;0;0;0;0;0;0;0;0;0;0;0;100;0;1000000;0;1;0;1;0;0;0;0;0;0;0;0;0;0;0;0;0;0;0;0;0;0;0;0;93.317054748535156;1
35962;-7.49560546875;-6.4931640625;-6.4931640625;0;1.00244140625;0;0;0;0;0;0;0;0;0;0;0;0;0;0;0;0;0;0;0;100;0;1000000;0;1;0;1;0;0;0;0;0;0;0;0;0;0;0;0;0;0;0;0;0;0;0;0;93.317054748535156;1
36063;-7.49560546875;-6.4931640625;-6.4931640625;0;1.00244140625;0;0;0;0;0;0;0;0;0;0;0;0;0;0;0;0;0;0;0;100;0;1000000;0;1;0;1;0;0;0;0;0;0;0;0;0;0;0;0;0;0;0;0;0;0;0;0;93.317054748535156;1
36166;-7.49560546875;-6.4931640625;-6.4931640625;0;1.00244140625;0;0;0;0;0;0;0;0;0;0;0;0;0;0;0;0;0;0;0;100;0;1000000;0;1;0;1;0;0;0;0;0;0;0;0;0;0;0;0;0;0;0;0;0;0;0;0;93.317054748535156;1
36267;-7.49560546875;-6.4931640625;-6.4931640625;0;1.00244140625;0;0;0;0;0;0;0;0;0;0;0;0;0;0;0;0;0;0;2500;50;0;1000000;0;1;0;1;0;0;0;0;0;0;0;0;0;0;0;0;0;0;0;0;0;0;0;0;93.317054748535156;1
36367;-7.49560546875;-6.4931640625;-6.4931640625;0;1.00244140625;0;0;0;0;0;0;0;0;0;0;0;0;0;0;0;0;0;0;4750;0;0;1000000;0;1;0;1;0;0;0;0;0;0;0;0;0;0;0;0;0;0;0;0;0;0;0;0;93.317054748535156;1
36468;-7.49560546875;-6.4931640625;-6.4931640625;0;1.00244140625;0;0;0;0;0;0;0;0;0;0;0;0;0;0;0;0;0;0;5000;0;0;1000000;0;1;0;0;0;0;0;0;0;0;0;0;0;0;0;0;0;0;0;0;0;0;0;0;93.317054748535156;1
36569;-7.49560546875;-6.4931640625;-6.4931640625;0;1.00244140625;0;0;0;0;0;0;0;0;0;0;0;0;0;0;0;0;0;0;5000;0;0;1000000;0;1;0;0;0;0;0;0;0;0;0;0;0;0;0;0;0;0;0;0;0;0;0;0;93.317054748535156;1
36669;-7.49560546875;-6.4931640625;-6.4931640625;0;1.00244140625;0;0;0;0;0;0;0;0;0;0;0;0;0;0;0;0;0;0;5000;0;0;1000000;0;1;0;0;0;0;0;0;0;0;0;0;0;0;0;0;0;0;0;0;0;0;0;0;93.317054748535156;1
36770;-7.49560546875;-6.4931640625;-6.4931640625;0;1.00244140625;0;0;0;0;0;0;0;0;0;0;0;0;0;0;0;0;0;0;5000;0;0;1000000;0;1;0;0;0;0;0;0;0;0;0;0;0;0;0;0;0;0;0;0;0;0;0;0;93.317054748535156;1
36870;-7.49560546875;-6.4931640625;-6.4931640625;0;1.00244140625;0;0;0;0;0;0;0;0;0;0;0;0;0;0;0;0;0;0;5000;0;0;1000000;0;1;0;0;0;0;0;0;0;0;0;0;0;0;0;0;0;0;0;0;0;0;0;0;93.317054748535156;1
36973;-7.49560546875;-6.4931640625;-6.4931640625;0;1.00244140625;0;0;0;0;0;0;0;0;0;0;0;0;0;0;0;0;0;0;5000;0;0;1000000;0;1;0;0;0;0;0;0;0;0;0;0;0;0;0;0;0;0;0;0;0;0;0;0;93.317054748535156;1
37072;-7.49560546875;-6.4931640625;-6.4931640625;0;1.00244140625;0;0;0;0;0;0;0;0;0;0;0;0;0;0;0;0;0;0;5000;0;0;1000000;0;1;0;0;0;0;0;0;0;0;0;0;0;0;0;0;0;0;0;0;0;0;0;0;93.317054748535156;1
37173;-7.49560546875;-6.4931640625;-6.4931640625;0;1.00244140625;0;0;0;0;0;0;0;0;0;0;0;0;0;0;0;0;0;0;5000;0;0;1000000;0;1;0;0;0;0;0;0;0;0;0;0;0;0;0;0;0;0;0;0;0;0;0;0;93.317054748535156;1
37273;-7.49560546875;-6.4931640625;-6.4931640625;0;1.00244140625;0;0;0;0;0;0;0;0;0;0;0;0;0;0;0;0;0;0;5000;0;0;1000000;0;1;0;0;0;0;0;0;0;0;0;0;0;0;0;0;0;0;0;0;0;0;0;0;93.317054748535156;1
37375;-7.49560546875;-6.4931640625;-6.4931640625;0;1.00244140625;0;0;0;0;0;0;0;0;0;0;0;0;0;0;0;0;0;0;5000;0;0;1000000;0;1;0;0;0;0;0;0;0;0;0;0;0;0;0;0;0;0;0;0;0;0;0;0;93.317054748535156;1
37475;-7.49560546875;-6.4931640625;-6.4931640625;0;1.00244140625;0;0;0;0;0;0;0;0;0;0;0;0;0;0;0;0;0;0;5000;0;0;1000000;0;1;0;0;0;0;0;0;0;0;0;0;0;0;0;0;0;0;0;0;0;0;0;0;93.317054748535156;1
37576;-7.49560546875;-6.4931640625;-6.4931640625;0;1.00244140625;0;0;0;0;0;0;0;0;0;0;0;0;0;0;0;0;0;0;5000;0;0;1000000;0;1;0;0;0;0;0;0;0;0;0;0;0;0;0;0;0;0;0;0;0;0;0;0;93.317054748535156;1
37676;-7.49560546875;-6.4931640625;-6.4931640625;0;1.00244140625;0;0;0;0;0;0;0;0;0;0;0;0;0;0;0;0;0;0;5000;0;0;1000000;0;1;0;0;0;0;0;0;0;0;0;0;0;0;0;0;0;0;0;0;0;0;0;0;93.317054748535156;1
37779;-7.49560546875;-6.4931640625;-6.4931640625;0;1.00244140625;0;0;0;0;0;0;0;0;0;0;0;0;0;0;0;0;0;0;5000;0;0;1000000;0;1;0;0;0;0;0;0;0;0;0;0;0;0;0;0;0;0;0;0;0;0;0;0;93.317054748535156;1
37880;-7.49560546875;-6.4931640625;-6.4931640625;0;1.00244140625;0;0;0;0;0;0;0;0;0;0;0;0;0;0;0;0;0;0;5000;0;0;1000000;0;1;0;0;0;0;0;0;0;0;0;0;0;0;0;0;0;0;0;0;0;0;0;0;93.317054748535156;1
37980;-7.49560546875;-6.4931640625;-6.4931640625;0;1.00244140625;0;0;0;0;0;0;0;0;0;0;0;0;0;0;0;0;0;0;5000;0;0;1000000;0;1;0;0;0;0;0;0;0;0;0;0;0;0;0;0;0;0;0;0;0;0;0;0;93.317054748535156;1
38082;-7.49560546875;-6.4931640625;-6.4931640625;0;1.00244140625;0;0;0;0;0;0;0;0;0;0;0;0;0;0;0;0;0;0;5000;0;0;1000000;0;1;0;0;0;0;0;0;0;0;0;0;0;0;0;0;0;0;0;0;0;0;0;0;93.317054748535156;1
38182;-7.49560546875;-6.4931640625;-6.4931640625;0;1.00244140625;0;0;0;0;0;0;0;0;0;0;0;0;0;0;0;0;0;0;5000;0;0;1000000;0;1;0;0;0;0;0;0;0;0;0;0;0;0;0;0;0;0;0;0;0;0;0;0;93.317054748535156;1
38283;-7.49560546875;-6.4931640625;-6.4931640625;0;1.00244140625;0;0;0;0;0;0;0;0;0;0;0;0;0;0;0;0;0;0;5000;0;0;1000000;0;1;0;0;0;0;0;0;0;0;0;0;0;0;0;0;0;0;0;0;0;0;0;0;93.317054748535156;1
38383;-7.49560546875;-6.4931640625;-6.4931640625;0;1.00244140625;0;0;0;0;0;0;0;0;0;0;0;0;0;0;0;0;0;0;5000;0;0;1000000;0;1;0;0;0;0;0;0;0;0;0;0;0;0;0;0;0;0;0;0;0;0;0;0;93.317054748535156;1
38483;-7.49560546875;-6.4931640625;-6.4931640625;0;1.00244140625;0;0;0;0;0;0;0;0;0;0;0;0;0;0;0;0;0;0;5000;0;0;1000000;0;1;0;0;0;0;0;0;0;0;0;0;0;0;0;0;0;0;0;0;0;0;0;0;93.317054748535156;1
38584;-7.49560546875;-6.4931640625;-6.4931640625;0;1.00244140625;0;0;0;0;0;0;0;0;0;0;0;0;0;0;0;0;0;0;5000;0;0;1000000;0;1;0;0;0;0;0;0;0;0;0;0;0;0;0;0;0;0;0;0;0;0;0;0;93.317054748535156;1
38685;-7.49560546875;-6.4931640625;-6.4931640625;0;1.00244140625;0;0;0;0;0;0;0;0;0;0;0;0;0;0;0;0;0;0;4825;0;0;1000000;0;1;0;0;0;0;0;0;0;0;0;0;0;0;0;0;0;0;0;0;0;0;0;0;93.317054748535156;1
38787;-7.49560546875;-6.4931640625;-6.4931640625;0;1.00244140625;0;0;0;0;0;0;0;0;0;0;0;0;0;0;0;0;0;0;4550;9;0;1000000;0;1;0;1;0;0;0;0;0;0;0;0;0;0;0;0;0;0;0;0;0;0;0;0;93.317054748535156;1
38888;-7.49560546875;-6.4931640625;-6.4931640625;0;1.00244140625;0;0;0;0;0;0;0;0;0;0;0;0;0;0;0;0;0;0;4217;15.659999847412109;0;1000000;0;1;0;1;0;0;0;0;0;0;0;0;0;0;0;0;0;0;0;0;0;0;0;0;93.317054748535156;1
38989;-7.49560546875;-6.4931640625;-6.4931640625;0;1.00244140625;0;0;0;0;0;0;0;0;0;0;0;0;0;0;0;0;0;0;3803;23.940000534057617;0;1000000;0;1;0;1;0;0;0;0;0;0;0;0;0;0;0;0;0;0;0;0;0;0;0;0;93.317054748535156;1
39089;-7.49560546875;-6.4931640625;-6.4931640625;0;1.00244140625;0;0;0;0;0;0;0;0;0;0;0;0;0;0;0;0;0;0;3398;32.040000915527344;0;1000000;0;1;0;1;0;0;0;0;0;0;0;0;0;0;0;0;0;0;0;0;0;0;0;0;93.317054748535156;1
39192;-7.49560546875;-6.4931640625;-6.4931640625;0;1.00244140625;0;0;0;0;0;0;0;0;0;0;0;0;0;0;0;0;0;0;3243;35.139999389648438;0;1000000;0;1;0;1;0;0;0;0;0;0;0;0;0;0;0;0;0;0;0;0;0;0;0;0;93.317054748535156;1
39291;-7.49560546875;-6.4931640625;-6.4931640625;0;1.00244140625;0;0;0;0;0;0;0;0;0;0;0;0;0;0;0;0;0;0;3018;39.639999389648438;0;1000000;0;1;0;1;0;0;0;0;0;0;0;0;0;0;0;0;0;0;0;0;0;0;0;0;93.317054748535156;1
39392;-7.49560546875;-6.4931640625;-6.4931640625;0;1.00244140625;0;0;0;0;0;0;0;0;0;0;0;0;0;0;0;0;0;0;2673;46.540000915527344;0;1000000;0;1;0;1;0;0;0;0;0;0;0;0;0;0;0;0;0;0;0;0;0;0;0;0;93.317054748535156;1
39491;-7.49560546875;-6.4931640625;-6.4931640625;0;1.00244140625;0;0;0;0;0;0;0;0;0;0;0;0;0;0;0;0;0;0;2277;54.459999084472656;0;1000000;0;1;0;1;0;0;0;0;0;0;0;0;0;0;0;0;0;0;0;0;0;0;0;0;93.317054748535156;1
39592;-7.49560546875;-6.4931640625;-6.4931640625;0;1.00244140625;0;0;0;0;0;0;0;0;0;0;0;0;0;0;0;0;0;0;1792;64.160003662109375;0;1000000;0;1;0;1;0;0;0;0;0;0;0;0;0;0;0;0;0;0;0;0;0;0;0;0;93.317054748535156;1
39692;-7.49560546875;-6.4931640625;-6.4931640625;0;1.00244140625;0;0;0;0;0;0;0;0;0;0;0;0;0;0;0;0;0;0;1675;66.5;0;1000000;0;1;0;1;0;0;0;0;0;0;0;0;0;0;0;0;0;0;0;0;0;0;0;0;93.317054748535156;1
39793;-7.49560546875;-6.4931640625;-6.4931640625;0;1.00244140625;0;0;0;0;0;0;0;0;0;0;0;0;0;0;0;0;0;0;1450;71;0;1000000;0;1;0;1;0;0;0;0;0;0;0;0;0;0;0;0;0;0;0;0;0;0;0;0;93.317054748535156;1
39892;-7.49560546875;-6.4931640625;-6.4931640625;0;1.00244140625;0;0;0;0;0;0;0;0;0;0;0;0;0;0;0;0;0;0;1162;76.760002136230469;0;1000000;0;1;0;1;0;0;0;0;0;0;0;0;0;0;0;0;0;0;0;0;0;0;0;0;93.317054748535156;1
39994;-7.49560546875;-6.4931640625;-6.4931640625;0;1.00244140625;0;0;0;0;0;0;0;0;0;0;0;0;0;0;0;0;0;0;747;85.05999755859375;0;1000000;0;1;0;1;0;0;0;0;0;0;0;0;0;0;0;0;0;0;0;0;0;0;0;0;93.317054748535156;1
40093;-7.49560546875;-6.4931640625;-6.4931640625;0;1.00244140625;0;0;0;0;0;0;0;0;0;0;0;0;0;0;0;0;0;0;288;94.239997863769531;0;1000000;0;1;0;1;0;0;0;0;0;0;0;0;0;0;0;0;0;0;0;0;0;0;0;0;93.317054748535156;1
40195;-7.49560546875;-6.4931640625;-6.4931640625;0;1.00244140625;0;0;0;0;0;0;0;0;0;0;0;0;0;0;0;0;0;0;83;98.339996337890625;0;1000000;0;1;0;1;0;0;0;0;0;0;0;0;0;0;0;0;0;0;0;0;0;0;0;0;93.317054748535156;1
40295;-7.49560546875;-6.4931640625;-6.4931640625;0;1.00244140625;0;0;0;0;0;0;0;0;0;0;0;0;0;0;0;0;0;0;0;100;0;1000000;0;1;0;1;0;0;0;0;0;0;0;0;0;0;0;0;0;0;0;0;0;0;0;0;93.317054748535156;1
40396;-7.49560546875;-6.4931640625;-6.4931640625;0;1.00244140625;0;0;0;0;0;0;0;0;0;0;0;0;0;0;0;0;0;0;0;100;0;1000000;0;1;0;1;0;0;0;0;0;0;0;0;0;0;0;0;0;0;0;0;0;0;0;0;93.317054748535156;1
40497;-7.49560546875;-6.4931640625;-6.4931640625;0;1.00244140625;0;0;0;0;0;0;0;0;0;0;0;0;0;0;0;0;0;0;0;100;0;1000000;0;1;0;1;0;0;0;0;0;0;0;0;0;0;0;0;0;0;0;0;0;0;0;0;93.317054748535156;1
40597;-7.49560546875;-6.4931640625;-6.4931640625;0;1.00244140625;0;0;0;0;0;0;0;0;0;0;0;0;0;0;0;0;0;0;0;100;0;1000000;0;1;0;1;0;0;0;0;0;0;0;0;0;0;0;0;0;0;0;0;0;0;0;0;93.317054748535156;1
40697;-7.49560546875;-6.4931640625;-6.4931640625;0;1.00244140625;0;0;0;0;0;0;0;0;0;0;0;0;0;0;0;0;0;0;0;100;0;1000000;0;1;0;1;0;0;0;0;0;0;0;0;0;0;0;0;0;0;0;0;0;0;0;0;93.317054748535156;1
40799;-7.49560546875;-6.4931640625;-6.4931640625;0;1.00244140625;0;0;0;0;0;0;0;0;0;0;0;0;0;0;0;0;0;0;0;100;0;1000000;0;1;0;1;0;0;0;0;0;0;0;0;0;0;0;0;0;0;0;0;0;0;0;0;93.317054748535156;1
40898;-7.49560546875;-6.4931640625;-6.4931640625;0;1.00244140625;0;0;0;0;0;0;0;0;0;0;0;0;0;0;0;0;0;0;0;100;0;1000000;0;1;0;1;0;0;0;0;0;0;0;0;0;0;0;0;0;0;0;0;0;0;0;0;93.317054748535156;1
40999;-7.49560546875;-6.4931640625;-6.4931640625;0;1.00244140625;0;0;0;0;0;0;0;0;0;0;0;0;0;0;0;0;0;0;0;100;0;1000000;0;1;0;1;0;0;0;0;0;0;0;0;0;0;0;0;0;0;0;0;0;0;0;0;93.317054748535156;1
41098;-7.49560546875;-6.4931640625;-6.4931640625;0;1.00244140625;0;0;0;0;0;0;0;0;0;0;0;0;0;0;0;0;0;0;0;100;0;1000000;0;1;0;1;0;0;0;0;0;0;0;0;0;0;0;0;0;0;0;0;0;0;0;0;93.317054748535156;1
41200;-7.49560546875;-6.4931640625;-6.4931640625;0;1.00244140625;0;0;0;0;0;0;0;0;0;0;0;0;0;0;0;0;0;0;0;100;0;1000000;0;1;0;1;0;0;0;0;0;0;0;0;0;0;0;0;0;0;0;0;0;0;0;0;93.317054748535156;1
41300;-7.49560546875;-6.4931640625;-6.4931640625;0;1.00244140625;0;0;0;0;0;0;0;0;0;0;0;0;0;0;0;0;0;0;0;100;0;1000000;0;1;0;1;0;0;0;0;0;0;0;0;0;0;0;0;0;0;0;0;0;0;0;0;93.317054748535156;1
41401;-7.49560546875;-6.4931640625;-6.4931640625;0;1.00244140625;0;0;0;0;0;0;0;0;0;0;0;0;0;0;0;0;0;0;0;100;0;1000000;0;1;0;1;0;0;0;0;0;0;0;0;0;0;0;0;0;0;0;0;0;0;0;0;93.317054748535156;1
41500;-7.49560546875;-6.4931640625;-6.4931640625;0;1.00244140625;0;0;0;0;0;0;0;0;0;0;0;0;0;0;0;0;0;0;0;100;0;1000000;0;1;0;1;0;0;0;0;0;0;0;0;0;0;0;0;0;0;0;0;0;0;0;0;93.317054748535156;1
41600;-7.49560546875;-6.4931640625;-6.4931640625;0;1.00244140625;0;0;0;0;0;0;0;0;0;0;0;0;0;0;0;0;0;0;0;100;0;1000000;0;1;0;1;0;0;0;0;0;0;0;0;0;0;0;0;0;0;0;0;0;0;0;0;93.317054748535156;1
41701;-7.49560546875;-6.4931640625;-6.4931640625;0;1.00244140625;0;0;0;0;0;0;0;0;0;0;0;0;0;0;0;0;0;0;0;100;0;1000000;0;1;0;1;0;0;0;0;0;0;0;0;0;0;0;0;0;0;0;0;0;0;0;0;93.317054748535156;1
41802;-7.49560546875;-6.4931640625;-6.4931640625;0;1.00244140625;0;0;0;0;0;0;0;0;0;0;0;0;0;0;0;0;0;0;0;100;0;1000000;0;1;0;1;0;0;0;0;0;0;0;0;0;0;0;0;0;0;0;0;0;0;0;0;93.317054748535156;1
41902;-7.49560546875;-6.4931640625;-6.4931640625;0;1.00244140625;0;0;0;0;0;0;0;0;0;0;0;0;0;0;0;0;0;0;0;100;0;1000000;0;1;0;1;0;0;0;0;0;0;0;0;0;0;0;0;0;0;0;0;0;0;0;0;93.317054748535156;1
42004;-7.49560546875;-6.4931640625;-6.4931640625;0;1.00244140625;0;0;0;0;0;0;0;0;0;0;0;0;0;0;0;0;0;0;0;100;0;1000000;0;1;0;1;0;0;0;0;0;0;0;0;0;0;0;0;0;0;0;0;0;0;0;0;93.317054748535156;1
42102;-7.49560546875;-6.4931640625;-6.4931640625;0;1.00244140625;0;0;0;0;0;0;0;0;0;0;0;0;0;0;0;0;0;0;0;100;0;1000000;0;1;0;1;0;0;0;0;0;0;0;0;0;0;0;0;0;0;0;0;0;0;0;0;93.317054748535156;1
42204;-7.49560546875;-6.4931640625;-6.4931640625;0;1.00244140625;0;0;0;0;0;0;0;0;0;0;0;0;0;0;0;0;0;0;0;100;0;1000000;0;1;0;1;0;0;0;0;0;0;0;0;0;0;0;0;0;0;0;0;0;0;0;0;93.317054748535156;1
42305;-7.49560546875;-6.4931640625;-6.4931640625;0;1.00244140625;0;0;0;0;0;0;0;0;0;0;0;0;0;0;0;0;0;0;0;100;0;1000000;0;1;0;1;0;0;0;0;0;0;0;0;0;0;0;0;0;0;0;0;0;0;0;0;93.317054748535156;1
42406;-7.49560546875;-6.4931640625;-6.4931640625;0;1.00244140625;0;0;0;0;0;0;0;0;0;0;0;0;0;0;0;0;0;0;0;100;0;1000000;0;1;0;1;0;0;0;0;0;0;0;0;0;0;0;0;0;0;0;0;0;0;0;0;93.317054748535156;1
42505;-7.49560546875;-6.4931640625;-6.4931640625;0;1.00244140625;0;0;0;0;0;0;0;0;0;0;0;0;0;0;0;0;0;0;0;100;0;1000000;0;1;0;1;0;0;0;0;0;0;0;0;0;0;0;0;0;0;0;0;0;0;0;0;93.317054748535156;1
42606;-7.49560546875;-6.4931640625;-6.4931640625;0;1.00244140625;0;0;0;0;0;0;0;0;0;0;0;0;0;0;0;0;0;0;0;100;0;1000000;0;1;0;1;0;0;0;0;0;0;0;0;0;0;0;0;0;0;0;0;0;0;0;0;93.317054748535156;1
42704;-7.49560546875;-6.4931640625;-6.4931640625;0;1.00244140625;0;0;0;0;0;0;0;0;0;0;0;0;0;0;0;0;0;0;0;100;0;1000000;0;1;0;1;0;0;0;0;0;0;0;0;0;0;0;0;0;0;0;0;0;0;0;0;93.317054748535156;1
42806;-7.49560546875;-6.4931640625;-6.4931640625;0;1.00244140625;0;0;0;0;0;0;0;0;0;0;0;0;0;0;0;0;0;0;0;100;0;1000000;0;1;0;1;0;0;0;0;0;0;0;0;0;0;0;0;0;0;0;0;0;0;0;0;93.317054748535156;1
42906;-7.49560546875;-6.4931640625;-6.4931640625;0;1.00244140625;0;0;0;0;0;0;0;0;0;0;0;0;0;0;0;0;0;0;0;100;0;1000000;0;1;0;1;0;0;0;0;0;0;0;0;0;0;0;0;0;0;0;0;0;0;0;0;93.317054748535156;1
43007;-7.49560546875;-6.4931640625;-6.4931640625;0;1.00244140625;0;0;0;0;0;0;0;0;0;0;0;0;0;0;0;0;0;0;0;100;0;1000000;0;1;0;1;0;0;0;0;0;0;0;0;0;0;0;0;0;0;0;0;0;0;0;0;93.317054748535156;1
43107;-7.49560546875;-6.4931640625;-6.4931640625;0;1.00244140625;0;0;0;0;0;0;0;0;0;0;0;0;0;0;0;0;0;0;0;100;0;1000000;0;1;0;1;0;0;0;0;0;0;0;0;0;0;0;0;0;0;0;0;0;0;0;0;93.317054748535156;1
43208;-7.49560546875;-6.4931640625;-6.4931640625;0;1.00244140625;0;0;0;0;0;0;0;0;0;0;0;0;0;0;0;0;0;0;0;100;0;1000000;0;1;0;1;0;0;0;0;0;0;0;0;0;0;0;0;0;0;0;0;0;0;0;0;93.317054748535156;1
43308;-7.49560546875;-6.4931640625;-6.4931640625;0;1.00244140625;0;0;0;0;0;0;0;0;0;0;0;0;0;0;0;0;0;0;0;100;0;1000000;0;1;0;1;0;0;0;0;0;0;0;0;0;0;0;0;0;0;0;0;0;0;0;0;93.317054748535156;1
43408;-7.49560546875;-6.4931640625;-6.4931640625;0;1.00244140625;0;0;0;0;0;0;0;0;0;0;0;0;0;0;0;0;0;0;0;100;0;1000000;0;1;0;1;0;0;0;0;0;0;0;0;0;0;0;0;0;0;0;0;0;0;0;0;93.317054748535156;1
43509;-7.49560546875;-6.4931640625;-6.4931640625;0;1.00244140625;0;0;0;0;0;0;0;0;0;0;0;0;0;0;0;0;0;0;0;100;0;1000000;0;1;0;1;0;0;0;0;0;0;0;0;0;0;0;0;0;0;0;0;0;0;0;0;93.317054748535156;1
43609;-7.49560546875;-6.4931640625;-6.4931640625;0;1.00244140625;0;0;0;0;0;0;0;0;0;0;0;0;0;0;0;0;0;0;0;100;0;1000000;0;1;0;1;0;0;0;0;0;0;0;0;0;0;0;0;0;0;0;0;0;0;0;0;93.317054748535156;1
43711;-7.49560546875;-6.4931640625;-6.4931640625;0;1.00244140625;0;0;0;0;0;0;0;0;0;0;0;0;0;0;0;0;0;0;0;100;0;1000000;0;1;0;1;0;0;0;0;0;0;0;0;0;0;0;0;0;0;0;0;0;0;0;0;93.317054748535156;1
43811;-7.49560546875;-6.4931640625;-6.4931640625;0;1.00244140625;0;0;0;0;0;0;0;0;0;0;0;0;0;0;0;0;0;0;0;100;0;1000000;0;1;0;1;0;0;0;0;0;0;0;0;0;0;0;0;0;0;0;0;0;0;0;0;93.317054748535156;1
43912;-7.49560546875;-6.4931640625;-6.4931640625;0;1.00244140625;0;0;0;0;0;0;0;0;0;0;0;0;0;0;0;0;0;0;0;100;0;1000000;0;1;0;1;0;0;0;0;0;0;0;0;0;0;0;0;0;0;0;0;0;0;0;0;93.317054748535156;1
44013;-7.49560546875;-6.4931640625;-6.4931640625;0;1.00244140625;0;0;0;0;0;0;0;0;0;0;0;0;0;0;0;0;0;0;0;100;0;1000000;0;1;0;1;0;0;0;0;0;0;0;0;0;0;0;0;0;0;0;0;0;0;0;0;93.317054748535156;1
44114;-7.49560546875;-6.4931640625;-6.4931640625;0;1.00244140625;0;0;0;0;0;0;0;0;0;0;0;0;0;0;0;0;0;0;0;100;0;1000000;0;1;0;1;0;0;0;0;0;0;0;0;0;0;0;0;0;0;0;0;0;0;0;0;93.317054748535156;1
44214;-7.49560546875;-6.4931640625;-6.4931640625;0;1.00244140625;0;0;0;0;0;0;0;0;0;0;0;0;0;0;0;0;0;0;0;100;0;1000000;0;1;0;1;0;0;0;0;0;0;0;0;0;0;0;0;0;0;0;0;0;0;0;0;93.317054748535156;1
44315;-7.49560546875;-6.4931640625;-6.4931640625;0;1.00244140625;0;0;0;0;0;0;0;0;0;0;0;0;0;0;0;0;0;0;0;100;0;1000000;0;1;0;1;0;0;0;0;0;0;0;0;0;0;0;0;0;0;0;0;0;0;0;0;93.317054748535156;1
44416;-7.49560546875;-6.4931640625;-6.4931640625;0;1.00244140625;0;0;0;0;0;0;0;0;0;0;0;0;0;0;0;0;0;0;0;100;0;1000000;0;1;0;1;0;0;0;0;0;0;0;0;0;0;0;0;0;0;0;0;0;0;0;0;93.317054748535156;1
44516;-7.49560546875;-6.4931640625;-6.4931640625;0;1.00244140625;0;0;0;0;0;0;0;0;0;0;0;0;0;0;0;0;0;0;0;100;0;1000000;0;1;0;1;0;0;0;0;0;0;0;0;0;0;0;0;0;0;0;0;0;0;0;0;93.317054748535156;1
44618;-7.49560546875;-6.4931640625;-6.4931640625;0;1.00244140625;0;0;0;0;0;0;0;0;0;0;0;0;0;0;0;0;0;0;0;100;0;1000000;0;1;0;1;0;0;0;0;0;0;0;0;0;0;0;0;0;0;0;0;0;0;0;0;93.317054748535156;1
44717;-7.49560546875;-6.4931640625;-6.4931640625;0;1.00244140625;0;0;0;0;0;0;0;0;0;0;0;0;0;0;0;0;0;0;0;100;0;1000000;0;1;0;1;0;0;0;0;0;0;0;0;0;0;0;0;0;0;0;0;0;0;0;0;93.317054748535156;1
44819;-7.49560546875;-6.4931640625;-6.4931640625;0;1.00244140625;0;0;0;0;0;0;0;0;0;0;0;0;0;0;0;0;0;0;0;100;0;1000000;0;1;0;1;0;0;0;0;0;0;0;0;0;0;0;0;0;0;0;0;0;0;0;0;93.317054748535156;1
44920;-7.49560546875;-6.4931640625;-6.4931640625;0;1.00244140625;0;0;0;0;0;0;0;0;0;0;0;0;0;0;0;0;0;0;0;100;0;1000000;0;1;0;1;0;0;0;0;0;0;0;0;0;0;0;0;0;0;0;0;0;0;0;0;93.317054748535156;1
45020;-7.49560546875;-6.4931640625;-6.4931640625;0;1.00244140625;0;0;0;0;0;0;0;0;0;0;0;0;0;0;0;0;0;0;0;100;0;1000000;0;1;0;1;0;0;0;0;0;0;0;0;0;0;0;0;0;0;0;0;0;0;0;0;93.317054748535156;1
45119;-7.49560546875;-6.4931640625;-6.4931640625;0;1.00244140625;0;0;0;0;0;0;0;0;0;0;0;0;0;0;0;0;0;0;2250;55;0;1000000;0;1;0;1;0;0;0;0;0;0;0;0;0;0;0;0;0;0;0;0;0;0;0;0;93.317054748535156;1
45221;-7.49560546875;-6.4931640625;-6.4931640625;0;1.00244140625;0;0;0;0;0;0;0;0;0;0;0;0;0;0;0;0;0;0;4750;0;0;1000000;0;1;0;1;0;0;0;0;0;0;0;0;0;0;0;0;0;0;0;0;0;0;0;0;93.317054748535156;1
45320;-7.49560546875;-6.4931640625;-6.4931640625;0;1.00244140625;0;0;0;0;0;0;0;0;0;0;0;0;0;0;0;0;0;0;5000;0;0;1000000;0;1;0;1;0;0;0;0;0;0;0;0;0;0;0;0;0;0;0;0;0;0;0;0;93.317054748535156;1
45422;-7.49560546875;-6.4931640625;-6.4931640625;0;1.00244140625;0;0;0;0;0;0;0;0;0;0;0;0;0;0;0;0;0;0;5000;0;0;1000000;0;1;0;0;0;0;0;0;0;0;0;0;0;0;0;0;0;0;0;0;0;0;0;0;93.317054748535156;1
45524;-7.49560546875;-6.4931640625;-6.4931640625;0;1.00244140625;0;0;0;0;0;0;0;0;0;0;0;0;0;0;0;0;0;0;5000;0;0;1000000;0;1;0;0;0;0;0;0;0;0;0;0;0;0;0;0;0;0;0;0;0;0;0;0;93.317054748535156;1
45623;-7.49560546875;-6.4931640625;-6.4931640625;0;1.00244140625;0;0;0;0;0;0;0;0;0;0;0;0;0;0;0;0;0;0;5000;0;0;1000000;0;1;0;0;0;0;0;0;0;0;0;0;0;0;0;0;0;0;0;0;0;0;0;0;93.317054748535156;1
45723;-7.49560546875;-6.4931640625;-6.4931640625;0;1.00244140625;0;0;0;0;0;0;0;0;0;0;0;0;0;0;0;0;0;0;5000;0;0;1000000;0;1;0;0;0;0;0;0;0;0;0;0;0;0;0;0;0;0;0;0;0;0;0;0;93.317054748535156;1
45824;-7.49560546875;-6.4931640625;-6.4931640625;0;1.00244140625;0;0;0;0;0;0;0;0;0;0;0;0;0;0;0;0;0;0;5000;0;0;1000000;0;1;0;0;0;0;0;0;0;0;0;0;0;0;0;0;0;0;0;0;0;0;0;0;93.317054748535156;1
45924;-7.49560546875;-6.4931640625;-6.4931640625;0;1.00244140625;0;0;0;0;0;0;0;0;0;0;0;0;0;0;0;0;0;0;5000;0;0;1000000;0;1;0;0;0;0;0;0;0;0;0;0;0;0;0;0;0;0;0;0;0;0;0;0;93.317054748535156;1
46025;-7.49560546875;-6.4931640625;-6.4931640625;0;1.00244140625;0;0;0;0;0;0;0;0;0;0;0;0;0;0;0;0;0;0;5000;0;0;1000000;0;1;0;0;0;0;0;0;0;0;0;0;0;0;0;0;0;0;0;0;0;0;0;0;93.317054748535156;1
46123;-7.49560546875;-6.4931640625;-6.4931640625;0;1.00244140625;0;0;0;0;0;0;0;0;0;0;0;0;0;0;0;0;0;0;5000;0;0;1000000;0;1;0;0;0;0;0;0;0;0;0;0;0;0;0;0;0;0;0;0;0;0;0;0;93.317054748535156;1
46225;-7.49560546875;-6.4931640625;-6.4931640625;0;1.00244140625;0;0;0;0;0;0;0;0;0;0;0;0;0;0;0;0;0;0;5000;0;0;1000000;0;1;0;0;0;0;0;0;0;0;0;0;0;0;0;0;0;0;0;0;0;0;0;0;93.317054748535156;1
46325;-7.49560546875;-6.4931640625;-6.4931640625;0;1.00244140625;0;0;0;0;0;0;0;0;0;0;0;0;0;0;0;0;0;0;5000;0;0;1000000;0;1;0;0;0;0;0;0;0;0;0;0;0;0;0;0;0;0;0;0;0;0;0;0;93.317054748535156;1
46425;-7.49560546875;-6.4931640625;-6.4931640625;0;1.00244140625;0;0;0;0;0;0;0;0;0;0;0;0;0;0;0;0;0;0;5000;0;0;1000000;0;1;0;0;0;0;0;0;0;0;0;0;0;0;0;0;0;0;0;0;0;0;0;0;93.317054748535156;1
46527;-7.49560546875;-6.4931640625;-6.4931640625;0;1.00244140625;0;0;0;0;0;0;0;0;0;0;0;0;0;0;0;0;0;0;5000;0;0;1000000;0;1;0;0;0;0;0;0;0;0;0;0;0;0;0;0;0;0;0;0;0;0;0;0;93.317054748535156;1
46629;-7.49560546875;-6.4931640625;-6.4931640625;0;1.00244140625;0;0;0;0;0;0;0;0;0;0;0;0;0;0;0;0;0;0;5000;0;0;1000000;0;1;0;0;0;0;0;0;0;0;0;0;0;0;0;0;0;0;0;0;0;0;0;0;93.317054748535156;1
46730;-7.49560546875;-6.4931640625;-6.4931640625;0;1.00244140625;0;0;0;0;0;0;0;0;0;0;0;0;0;0;0;0;0;0;5000;0;0;1000000;0;1;0;0;0;0;0;0;0;0;0;0;0;0;0;0;0;0;0;0;0;0;0;0;93.317054748535156;1
46831;-7.49560546875;-6.4931640625;-6.4931640625;0;1.00244140625;0;0;0;0;0;0;0;0;0;0;0;0;0;0;0;0;0;0;5000;0;0;1000000;0;1;0;0;0;0;0;0;0;0;0;0;0;0;0;0;0;0;0;0;0;0;0;0;93.317054748535156;1
46929;-7.49560546875;-6.4931640625;-6.4931640625;0;1.00244140625;0;0;0;0;0;0;0;0;0;0;0;0;0;0;0;0;0;0;5000;0;0;1000000;0;1;0;0;0;0;0;0;0;0;0;0;0;0;0;0;0;0;0;0;0;0;0;0;93.317054748535156;1
47030;-7.49560546875;-6.4931640625;-6.4931640625;0;1.00244140625;0;0;0;0;0;0;0;0;0;0;0;0;0;0;0;0;0;0;5000;0;0;1000000;0;1;0;0;0;0;0;0;0;0;0;0;0;0;0;0;0;0;0;0;0;0;0;0;93.317054748535156;1
47132;-7.49560546875;-6.4931640625;-6.4931640625;0;1.00244140625;0;0;0;0;0;0;0;0;0;0;0;0;0;0;0;0;0;0;5000;0;0;1000000;0;1;0;0;0;0;0;0;0;0;0;0;0;0;0;0;0;0;0;0;0;0;0;0;93.317054748535156;1
47232;-7.49560546875;-6.4931640625;-6.4931640625;0;1.00244140625;0;0;0;0;0;0;0;0;0;0;0;0;0;0;0;0;0;0;5000;0;0;1000000;0;1;0;0;0;0;0;0;0;0;0;0;0;0;0;0;0;0;0;0;0;0;0;0;93.317054748535156;1
47332;-7.49560546875;-6.4931640625;-6.4931640625;0;1.00244140625;0;0;0;0;0;0;0;0;0;0;0;0;0;0;0;0;0;0;5000;0;0;1000000;0;1;0;0;0;0;0;0;0;0;0;0;0;0;0;0;0;0;0;0;0;0;0;0;93.317054748535156;1
47431;-7.49560546875;-6.4931640625;-6.4931640625;0;1.00244140625;0;0;0;0;0;0;0;0;0;0;0;0;0;0;0;0;0;0;5000;0;0;1000000;0;1;0;0;0;0;0;0;0;0;0;0;0;0;0;0;0;0;0;0;0;0;0;0;93.317054748535156;1
47534;-7.49560546875;-6.4931640625;-6.4931640625;0;1.00244140625;0;0;0;0;0;0;0;0;0;0;0;0;0;0;0;0;0;0;5000;0;0;1000000;0;1;0;0;0;0;0;0;0;0;0;0;0;0;0;0;0;0;0;0;0;0;0;0;93.317054748535156;1
47633;-7.49560546875;-6.4931640625;-6.4931640625;0;1.00244140625;0;0;0;0;0;0;0;0;0;0;0;0;0;0;0;0;0;0;5000;0;0;1000000;0;1;0;0;0;0;0;0;0;0;0;0;0;0;0;0;0;0;0;0;0;0;0;0;93.317054748535156;1
47735;-7.49560546875;-6.4931640625;-6.4931640625;0;1.00244140625;0;0;0;0;0;0;0;0;0;0;0;0;0;0;0;0;0;0;5000;0;0;1000000;0;1;0;0;0;0;0;0;0;0;0;0;0;0;0;0;0;0;0;0;0;0;0;0;93.317054748535156;1
47835;-7.49560546875;-6.4931640625;-6.4931640625;0;1.00244140625;0;0;0;0;0;0;0;0;0;0;0;0;0;0;0;0;0;0;5000;0;0;1000000;0;1;0;0;0;0;0;0;0;0;0;0;0;0;0;0;0;0;0;0;0;0;0;0;93.317054748535156;1
47935;-7.49560546875;-6.4931640625;-6.4931640625;0;1.00244140625;0;0;0;0;0;0;0;0;0;0;0;0;0;0;0;0;0;0;5000;0;0;1000000;0;1;0;0;0;0;0;0;0;0;0;0;0;0;0;0;0;0;0;0;0;0;0;0;93.317054748535156;1
48035;-7.49560546875;-6.4931640625;-6.4931640625;0;1.00244140625;0;0;0;0;0;0;0;0;0;0;0;0;0;0;0;0;0;0;5000;0;0;1000000;0;1;0;0;0;0;0;0;0;0;0;0;0;0;0;0;0;0;0;0;0;0;0;0;93.317054748535156;1
48136;-7.49560546875;-6.4931640625;-6.4931640625;0;1.00244140625;0;0;0;0;0;0;0;0;0;0;0;0;0;0;0;0;0;0;5000;0;0;1000000;0;1;0;0;0;0;0;0;0;0;0;0;0;0;0;0;0;0;0;0;0;0;0;0;93.317054748535156;1
48236;-7.49560546875;-6.4931640625;-6.4931640625;0;1.00244140625;0;0;0;0;0;0;0;0;0;0;0;0;0;0;0;0;0;0;5000;0;0;1000000;0;1;0;0;0;0;0;0;0;0;0;0;0;0;0;0;0;0;0;0;0;0;0;0;93.317054748535156;1
48336;-7.49560546875;-6.4931640625;-6.4931640625;0;1.00244140625;0;0;0;0;0;0;0;0;0;0;0;0;0;0;0;0;0;0;5000;0;0;1000000;0;1;0;0;0;0;0;0;0;0;0;0;0;0;0;0;0;0;0;0;0;0;0;0;93.317054748535156;1
48436;-7.49560546875;-6.4931640625;-6.4931640625;0;1.00244140625;0;0;0;0;0;0;0;0;0;0;0;0;0;0;0;0;0;0;5000;0;0;1000000;0;1;0;0;0;0;0;0;0;0;0;0;0;0;0;0;0;0;0;0;0;0;0;0;93.317054748535156;1
48538;-7.49560546875;-6.4931640625;-6.4931640625;0;1.00244140625;0;0;0;0;0;0;0;0;0;0;0;0;0;0;0;0;0;0;5000;0;0;1000000;0;1;0;0;0;0;0;0;0;0;0;0;0;0;0;0;0;0;0;0;0;0;0;0;93.317054748535156;1
48640;-7.49560546875;-6.4931640625;-6.4931640625;0;1.00244140625;0;0;0;0;0;0;0;0;0;0;0;0;0;0;0;0;0;0;5000;0;0;1000000;0;1;0;0;0;0;0;0;0;0;0;0;0;0;0;0;0;0;0;0;0;0;0;0;93.317054748535156;1
48741;-7.49560546875;-6.4931640625;-6.4931640625;0;1.00244140625;0;0;0;0;0;0;0;0;0;0;0;0;0;0;0;0;0;0;5000;0;0;1000000;0;1;0;0;0;0;0;0;0;0;0;0;0;0;0;0;0;0;0;0;0;0;0;0;93.317054748535156;1
48841;-7.49560546875;-6.4931640625;-6.4931640625;0;1.00244140625;0;0;0;0;0;0;0;0;0;0;0;0;0;0;0;0;0;0;5000;0;0;1000000;0;1;0;0;0;0;0;0;0;0;0;0;0;0;0;0;0;0;0;0;0;0;0;0;93.317054748535156;1
48941;-7.49560546875;-6.4931640625;-6.4931640625;0;1.00244140625;0;0;0;0;0;0;0;0;0;0;0;0;0;0;0;0;0;0;5000;0;0;1000000;0;1;0;0;0;0;0;0;0;0;0;0;0;0;0;0;0;0;0;0;0;0;0;0;93.317054748535156;1
49041;-7.49560546875;-6.4931640625;-6.4931640625;0;1.00244140625;0;0;0;0;0;0;0;0;0;0;0;0;0;0;0;0;0;0;5000;0;0;1000000;0;1;0;0;0;0;0;0;0;0;0;0;0;0;0;0;0;0;0;0;0;0;0;0;93.317054748535156;1
49142;-7.49560546875;-6.4931640625;-6.4931640625;0;1.00244140625;0;0;0;0;0;0;0;0;0;0;0;0;0;0;0;0;0;0;5000;0;0;1000000;0;1;0;0;0;0;0;0;0;0;0;0;0;0;0;0;0;0;0;0;0;0;0;0;93.317054748535156;1
49243;-7.49560546875;-6.4931640625;-6.4931640625;0;1.00244140625;0;0;0;0;0;0;0;0;0;0;0;0;0;0;0;0;0;0;5000;0;0;1000000;0;1;0;0;0;0;0;0;0;0;0;0;0;0;0;0;0;0;0;0;0;0;0;0;93.317054748535156;1
49341;-7.49560546875;-6.4931640625;-6.4931640625;0;1.00244140625;0;0;0;0;0;0;0;0;0;0;0;0;0;0;0;0;0;0;5000;0;0;1000000;0;1;0;0;0;0;0;0;0;0;0;0;0;0;0;0;0;0;0;0;0;0;0;0;93.317054748535156;1
49443;-7.49560546875;-6.4931640625;-6.4931640625;0;1.00244140625;0;0;0;0;0;0;0;0;0;0;0;0;0;0;0;0;0;0;5000;0;0;1000000;0;1;0;0;0;0;0;0;0;0;0;0;0;0;0;0;0;0;0;0;0;0;0;0;93.317054748535156;1
49543;-7.49560546875;-6.4931640625;-6.4931640625;0;1.00244140625;0;0;0;0;0;0;0;0;0;0;0;0;0;0;0;0;0;0;5000;0;0;1000000;0;1;0;0;0;0;0;0;0;0;0;0;0;0;0;0;0;0;0;0;0;0;0;0;93.317054748535156;1
49644;-7.49560546875;-6.4931640625;-6.4931640625;0;1.00244140625;0;0;0;0;0;0;0;0;0;0;0;0;0;0;0;0;0;0;5000;0;0;1000000;0;1;0;0;0;0;0;0;0;0;0;0;0;0;0;0;0;0;0;0;0;0;0;0;93.317054748535156;1
49744;-7.49560546875;-6.4931640625;-6.4931640625;0;1.00244140625;0;0;0;0;0;0;0;0;0;0;0;0;0;0;0;0;0;0;5000;0;0;1000000;0;1;0;0;0;0;0;0;0;0;0;0;0;0;0;0;0;0;0;0;0;0;0;0;93.317054748535156;1
49843;-7.49560546875;-6.4931640625;-6.4931640625;0;1.00244140625;0;0;0;0;0;0;0;0;0;0;0;0;0;0;0;0;0;0;5000;0;0;1000000;0;1;0;0;0;0;0;0;0;0;0;0;0;0;0;0;0;0;0;0;0;0;0;0;93.317054748535156;1
49943;-7.49560546875;-6.4931640625;-6.4931640625;0;1.00244140625;0;0;0;0;0;0;0;0;0;0;0;0;0;0;0;0;0;0;5000;0;0;1000000;0;1;0;0;0;0;0;0;0;0;0;0;0;0;0;0;0;0;0;0;0;0;0;0;93.317054748535156;1
50043;-7.49560546875;-6.4931640625;-6.4931640625;0;1.00244140625;0;0;0;0;0;0;0;0;0;0;0;0;0;0;0;0;0;0;5000;0;0;1000000;0;1;0;0;0;0;0;0;0;0;0;0;0;0;0;0;0;0;0;0;0;0;0;0;93.317054748535156;1
50145;-7.49560546875;-6.4931640625;-6.4931640625;0;1.00244140625;0;0;0;0;0;0;0;0;0;0;0;0;0;0;0;0;0;0;5000;0;0;1000000;0;1;0;0;0;0;0;0;0;0;0;0;0;0;0;0;0;0;0;0;0;0;0;0;93.317054748535156;1
50245;-7.49560546875;-6.4931640625;-6.4931640625;0;1.00244140625;0;0;0;0;0;0;0;0;0;0;0;0;0;0;0;0;0;0;5000;0;0;1000000;0;1;0;0;0;0;0;0;0;0;0;0;0;0;0;0;0;0;0;0;0;0;0;0;93.317054748535156;1
50345;-7.49560546875;-6.4931640625;-6.4931640625;0;1.00244140625;0;0;0;0;0;0;0;0;0;0;0;0;0;0;0;0;0;0;5000;0;0;1000000;0;1;0;0;0;0;0;0;0;0;0;0;0;0;0;0;0;0;0;0;0;0;0;0;93.317054748535156;1
50445;-7.49560546875;-6.4931640625;-6.4931640625;0;1.00244140625;0;0;0;0;0;0;0;0;0;0;0;0;0;0;0;0;0;0;4695;0;0;1000000;0;1;0;0;0;0;0;0;0;0;0;0;0;0;0;0;0;0;0;0;0;0;0;0;93.317054748535156;1
50546;-7.49560546875;-6.4931640625;-6.4931640625;0;1.00244140625;0;0;0;0;0;0;0;0;0;0;0;0;0;0;0;0;0;0;4290;14.200000762939453;0;1000000;0;1;0;1;0;0;0;0;0;0;0;0;0;0;0;0;0;0;0;0;0;0;0;0;93.317054748535156;1
50646;-7.49560546875;-6.4931640625;-6.4931640625;0;1.00244140625;0;0;0;0;0;0;0;0;0;0;0;0;0;0;0;0;0;0;3840;23.19999885559082;0;1000000;0;1;0;1;0;0;0;0;0;0;0;0;0;0;0;0;0;0;0;0;0;0;0;0;93.317054748535156;1
50745;-7.49560546875;-6.4931640625;-6.4931640625;0;1.00244140625;0;0;0;0;0;0;0;0;0;0;0;0;0;0;0;0;0;0;3595;28.099998474121094;0;1000000;0;1;0;1;0;0;0;0;0;0;0;0;0;0;0;0;0;0;0;0;0;0;0;0;93.317054748535156;1
50845;-7.49560546875;-6.4931640625;-6.4931640625;0;1.00244140625;0;0;0;0;0;0;0;0;0;0;0;0;0;0;0;0;0;0;3424;31.520000457763672;0;1000000;0;1;0;1;0;0;0;0;0;0;0;0;0;0;0;0;0;0;0;0;0;0;0;0;93.317054748535156;1
50947;-7.49560546875;-6.4931640625;-6.4931640625;0;1.00244140625;0;0;0;0;0;0;0;0;0;0;0;0;0;0;0;0;0;0;3139;37.220001220703125;0;1000000;0;1;0;1;0;0;0;0;0;0;0;0;0;0;0;0;0;0;0;0;0;0;0;0;93.317054748535156;1
51047;-7.49560546875;-6.4931640625;-6.4931640625;0;1.00244140625;0;0;0;0;0;0;0;0;0;0;0;0;0;0;0;0;0;0;2797;44.060001373291016;0;1000000;0;1;0;1;0;0;0;0;0;0;0;0;0;0;0;0;0;0;0;0;0;0;0;0;93.317054748535156;1
51146;-7.49560546875;-6.4931640625;-6.4931640625;0;1.00244140625;0;0;0;0;0;0;0;0;0;0;0;0;0;0;0;0;0;0;2322;53.560001373291016;0;1000000;0;1;0;1;0;0;0;0;0;0;0;0;0;0;0;0;0;0;0;0;0;0;0;0;93.317054748535156;1
51247;-7.49560546875;-6.4931640625;-6.4931640625;0;1.00244140625;0;0;0;0;0;0;0;0;0;0;0;0;0;0;0;0;0;0;2009;59.820003509521484;0;1000000;0;1;0;1;0;0;0;0;0;0;0;0;0;0;0;0;0;0;0;0;0;0;0;0;93.317054748535156;1
51349;-7.49560546875;-6.4931640625;-6.4931640625;0;1.00244140625;0;0;0;0;0;0;0;0;0;0;0;0;0;0;0;0;0;0;1844;63.120002746582031;0;1000000;0;1;0;1;0;0;0;0;0;0;0;0;0;0;0;0;0;0;0;0;0;0;0;0;93.317054748535156;1
51449;-7.49560546875;-6.4931640625;-6.4931640625;0;1.00244140625;0;0;0;0;0;0;0;0;0;0;0;0;0;0;0;0;0;0;1610;67.799995422363281;0;1000000;0;1;0;1;0;0;0;0;0;0;0;0;0;0;0;0;0;0;0;0;0;0;0;0;93.317054748535156;1
51551;-7.49560546875;-6.4931640625;-6.4931640625;0;1.00244140625;0;0;0;0;0;0;0;0;0;0;0;0;0;0;0;0;0;0;1255;74.9000015258789;0;1000000;0;1;0;1;0;0;0;0;0;0;0;0;0;0;0;0;0;0;0;0;0;0;0;0;93.317054748535156;1
51651;-7.49560546875;-6.4931640625;-6.4931640625;0;1.00244140625;0;0;0;0;0;0;0;0;0;0;0;0;0;0;0;0;0;0;850;83;0;1000000;0;1;0;1;0;0;0;0;0;0;0;0;0;0;0;0;0;0;0;0;0;0;0;0;93.317054748535156;1
51751;-7.49560546875;-6.4931640625;-6.4931640625;0;1.00244140625;0;0;0;0;0;0;0;0;0;0;0;0;0;0;0;0;0;0;405;91.9000015258789;0;1000000;0;1;0;1;0;0;0;0;0;0;0;0;0;0;0;0;0;0;0;0;0;0;0;0;93.317054748535156;1
51852;-7.49560546875;-6.4931640625;-6.4931640625;0;1.00244140625;0;0;0;0;0;0;0;0;0;0;0;0;0;0;0;0;0;0;260;94.800003051757813;0;1000000;0;1;0;1;0;0;0;0;0;0;0;0;0;0;0;0;0;0;0;0;0;0;0;0;93.317054748535156;1
51953;-7.49560546875;-6.4931640625;-6.4931640625;0;1.00244140625;0;0;0;0;0;0;0;0;0;0;0;0;0;0;0;0;0;0;44;99.1199951171875;0;1000000;0;1;0;1;0;0;0;0;0;0;0;0;0;0;0;0;0;0;0;0;0;0;0;0;93.317054748535156;1
52052;-7.49560546875;-6.4931640625;-6.4931640625;0;1.00244140625;0;0;0;0;0;0;0;0;0;0;0;0;0;0;0;0;0;0;0;100;0;1000000;0;1;0;1;0;0;0;0;0;0;0;0;0;0;0;0;0;0;0;0;0;0;0;0;93.317054748535156;1
52154;-7.49560546875;-6.4931640625;-6.4931640625;0;1.00244140625;0;0;0;0;0;0;0;0;0;0;0;0;0;0;0;0;0;0;0;100;0;1000000;0;1;0;1;0;0;0;0;0;0;0;0;0;0;0;0;0;0;0;0;0;0;0;0;93.317054748535156;1
52255;-7.49560546875;-6.4931640625;-6.4931640625;0;1.00244140625;0;0;0;0;0;0;0;0;0;0;0;0;0;0;0;0;0;0;0;100;0;1000000;0;1;0;1;0;0;0;0;0;0;0;0;0;0;0;0;0;0;0;0;0;0;0;0;93.317054748535156;1
52355;-7.49560546875;-6.4931640625;-6.4931640625;0;1.00244140625;0;0;0;0;0;0;0;0;0;0;0;0;0;0;0;0;0;0;0;100;0;1000000;0;1;0;1;0;0;0;0;0;0;0;0;0;0;0;0;0;0;0;0;0;0;0;0;93.317054748535156;1
52455;-7.49560546875;-6.4931640625;-6.4931640625;0;1.00244140625;0;0;0;0;0;0;0;0;0;0;0;0;0;0;0;0;0;0;0;100;0;1000000;0;1;0;1;0;0;0;0;0;0;0;0;0;0;0;0;0;0;0;0;0;0;0;0;93.317054748535156;1
52555;-7.49560546875;-6.4931640625;-6.4931640625;0;1.00244140625;0;0;0;0;0;0;0;0;0;0;0;0;0;0;0;0;0;0;0;100;0;1000000;0;1;0;1;0;0;0;0;0;0;0;0;0;0;0;0;0;0;0;0;0;0;0;0;93.317054748535156;1
52656;-7.49560546875;-6.4931640625;-6.4931640625;0;1.00244140625;0;0;0;0;0;0;0;0;0;0;0;0;0;0;0;0;0;0;0;100;0;1000000;0;1;0;1;0;0;0;0;0;0;0;0;0;0;0;0;0;0;0;0;0;0;0;0;93.317054748535156;1
52755;-7.49560546875;-6.4931640625;-6.4931640625;0;1.00244140625;0;0;0;0;0;0;0;0;0;0;0;0;0;0;0;0;0;0;0;100;0;1000000;0;1;0;1;0;0;0;0;0;0;0;0;0;0;0;0;0;0;0;0;0;0;0;0;93.317054748535156;1
52855;-7.49560546875;-6.4931640625;-6.4931640625;0;1.00244140625;0;0;0;0;0;0;0;0;0;0;0;0;0;0;0;0;0;0;0;100;0;1000000;0;1;0;1;0;0;0;0;0;0;0;0;0;0;0;0;0;0;0;0;0;0;0;0;93.317054748535156;1
52956;-7.49560546875;-6.4931640625;-6.4931640625;0;1.00244140625;0;0;0;0;0;0;0;0;0;0;0;0;0;0;0;0;0;0;0;100;0;1000000;0;1;0;1;0;0;0;0;0;0;0;0;0;0;0;0;0;0;0;0;0;0;0;0;93.317054748535156;1
53059;-7.49560546875;-6.4931640625;-6.4931640625;0;1.00244140625;0;0;0;0;0;0;0;0;0;0;0;0;0;0;0;0;0;0;0;100;0;1000000;0;1;0;1;0;0;0;0;0;0;0;0;0;0;0;0;0;0;0;0;0;0;0;0;93.317054748535156;1
53160;-7.49560546875;-6.4931640625;-6.4931640625;0;1.00244140625;0;0;0;0;0;0;0;0;0;0;0;0;0;0;0;0;0;0;0;100;0;1000000;0;1;0;1;0;0;0;0;0;0;0;0;0;0;0;0;0;0;0;0;0;0;0;0;93.317054748535156;1
53261;-7.49560546875;-6.4931640625;-6.4931640625;0;1.00244140625;0;0;0;0;0;0;0;0;0;0;0;0;0;0;0;0;0;0;0;100;0;1000000;0;1;0;1;0;0;0;0;0;0;0;0;0;0;0;0;0;0;0;0;0;0;0;0;93.317054748535156;1
53360;-7.49560546875;-6.4931640625;-6.4931640625;0;1.00244140625;0;0;0;0;0;0;0;0;0;0;0;0;0;0;0;0;0;0;0;100;0;1000000;0;1;0;1;0;0;0;0;0;0;0;0;0;0;0;0;0;0;0;0;0;0;0;0;93.317054748535156;1
53462;-7.49560546875;-6.4931640625;-6.4931640625;0;1.00244140625;0;0;0;0;0;0;0;0;0;0;0;0;0;0;0;0;0;0;0;100;0;1000000;0;1;0;1;0;0;0;0;0;0;0;0;0;0;0;0;0;0;0;0;0;0;0;0;93.317054748535156;1
53563;-7.49560546875;-6.4931640625;-6.4931640625;0;1.00244140625;0;0;0;0;0;0;0;0;0;0;0;0;0;0;0;0;0;0;0;100;0;1000000;0;1;0;1;0;0;0;0;0;0;0;0;0;0;0;0;0;0;0;0;0;0;0;0;93.317054748535156;1
53663;-7.49560546875;-6.4931640625;-6.4931640625;0;1.00244140625;0;0;0;0;0;0;0;0;0;0;0;0;0;0;0;0;0;0;0;100;0;1000000;0;1;0;1;0;0;0;0;0;0;0;0;0;0;0;0;0;0;0;0;0;0;0;0;93.317054748535156;1
53766;-7.49560546875;-6.4931640625;-6.4931640625;0;1.00244140625;0;0;0;0;0;0;0;0;0;0;0;0;0;0;0;0;0;0;0;100;0;1000000;0;1;0;1;0;0;0;0;0;0;0;0;0;0;0;0;0;0;0;0;0;0;0;0;93.317054748535156;1
53865;-7.49560546875;-6.4931640625;-6.4931640625;0;1.00244140625;0;0;0;0;0;0;0;0;0;0;0;0;0;0;0;0;0;0;0;100;0;1000000;0;1;0;1;0;0;0;0;0;0;0;0;0;0;0;0;0;0;0;0;0;0;0;0;93.317054748535156;1
53966;-7.49560546875;-6.4931640625;-6.4931640625;0;1.00244140625;0;0;0;0;0;0;0;0;0;0;0;0;0;0;0;0;0;0;0;100;0;1000000;0;1;0;1;0;0;0;0;0;0;0;0;0;0;0;0;0;0;0;0;0;0;0;0;93.317054748535156;1
54068;-7.49560546875;-6.4931640625;-6.4931640625;0;1.00244140625;0;0;0;0;0;0;0;0;0;0;0;0;0;0;0;0;0;0;0;100;0;1000000;0;1;0;1;0;0;0;0;0;0;0;0;0;0;0;0;0;0;0;0;0;0;0;0;93.317054748535156;1
54168;-7.49560546875;-6.4931640625;-6.4931640625;0;1.00244140625;0;0;0;0;0;0;0;0;0;0;0;0;0;0;0;0;0;0;0;100;0;1000000;0;1;0;1;0;0;0;0;0;0;0;0;0;0;0;0;0;0;0;0;0;0;0;0;93.317054748535156;1
54270;-7.49560546875;-6.4931640625;-6.4931640625;0;1.00244140625;0;0;0;0;0;0;0;0;0;0;0;0;0;0;0;0;0;0;0;100;0;1000000;0;1;0;1;0;0;0;0;0;0;0;0;0;0;0;0;0;0;0;0;0;0;0;0;93.317054748535156;1
54369;-7.49560546875;-6.4931640625;-6.4931640625;0;1.00244140625;0;0;0;0;0;0;0;0;0;0;0;0;0;0;0;0;0;0;0;100;0;1000000;0;1;0;1;0;0;0;0;0;0;0;0;0;0;0;0;0;0;0;0;0;0;0;0;93.317054748535156;1
54470;-7.49560546875;-6.4931640625;-6.4931640625;0;1.00244140625;0;0;0;0;0;0;0;0;0;0;0;0;0;0;0;0;0;0;0;100;0;1000000;0;1;0;1;0;0;0;0;0;0;0;0;0;0;0;0;0;0;0;0;0;0;0;0;93.317054748535156;1
54573;-7.49560546875;-6.4931640625;-6.4931640625;0;1.00244140625;0;0;0;0;0;0;0;0;0;0;0;0;0;0;0;0;0;0;0;100;0;1000000;0;1;0;1;0;0;0;0;0;0;0;0;0;0;0;0;0;0;0;0;0;0;0;0;93.317054748535156;1
54674;-7.49560546875;-6.4931640625;-6.4931640625;0;1.00244140625;0;0;0;0;0;0;0;0;0;0;0;0;0;0;0;0;0;0;0;100;0;1000000;0;1;0;1;0;0;0;0;0;0;0;0;0;0;0;0;0;0;0;0;0;0;0;0;93.317054748535156;1
54774;-7.49560546875;-6.4931640625;-6.4931640625;0;1.00244140625;0;0;0;0;0;0;0;0;0;0;0;0;0;0;0;0;0;0;0;100;0;1000000;0;1;0;1;0;0;0;0;0;0;0;0;0;0;0;0;0;0;0;0;0;0;0;0;93.317054748535156;1
54873;-7.49560546875;-6.4931640625;-6.4931640625;0;1.00244140625;0;0;0;0;0;0;0;0;0;0;0;0;0;0;0;0;0;0;2250;55;0;1000000;0;1;0;1;0;0;0;0;0;0;0;0;0;0;0;0;0;0;0;0;0;0;0;0;93.317054748535156;1
54977;-7.49560546875;-6.4931640625;-6.4931640625;0;1.00244140625;0;0;0;0;0;0;0;0;0;0;0;0;0;0;0;0;0;0;4750;0;0;1000000;0;1;0;1;0;0;0;0;0;0;0;0;0;0;0;0;0;0;0;0;0;0;0;0;93.317054748535156;1
55076;-7.49560546875;-6.4931640625;-6.4931640625;0;1.00244140625;0;0;0;0;0;0;0;0;0;0;0;0;0;0;0;0;0;0;5000;0;0;1000000;0;1;0;1;0;0;0;0;0;0;0;0;0;0;0;0;0;0;0;0;0;0;0;0;93.317054748535156;1
55176;-7.49560546875;-6.4931640625;-6.4931640625;0;1.00244140625;0;0;0;0;0;0;0;0;0;0;0;0;0;0;0;0;0;0;5000;0;0;1000000;0;1;0;0;0;0;0;0;0;0;0;0;0;0;0;0;0;0;0;0;0;0;0;0;93.317054748535156;1
55277;-7.49560546875;-6.4931640625;-6.4931640625;0;1.00244140625;0;0;0;0;0;0;0;0;0;0;0;0;0;0;0;0;0;0;5000;0;0;1000000;0;1;0;0;0;0;0;0;0;0;0;0;0;0;0;0;0;0;0;0;0;0;0;0;93.317054748535156;1
55379;-7.49560546875;-6.4931640625;-6.4931640625;0;1.00244140625;0;0;0;0;0;0;0;0;0;0;0;0;0;0;0;0;0;0;5000;0;0;1000000;0;1;0;0;0;0;0;0;0;0;0;0;0;0;0;0;0;0;0;0;0;0;0;0;93.317054748535156;1
55478;-7.49560546875;-6.4931640625;-6.4931640625;0;1.00244140625;0;0;0;0;0;0;0;0;0;0;0;0;0;0;0;0;0;0;5000;0;0;1000000;0;1;0;0;0;0;0;0;0;0;0;0;0;0;0;0;0;0;0;0;0;0;0;0;93.317054748535156;1
55579;-7.49560546875;-6.4931640625;-6.4931640625;0;1.00244140625;0;0;0;0;0;0;0;0;0;0;0;0;0;0;0;0;0;0;5000;0;0;1000000;0;1;0;0;0;0;0;0;0;0;0;0;0;0;0;0;0;0;0;0;0;0;0;0;93.317054748535156;1
55681;-7.49560546875;-6.4931640625;-6.4931640625;0;1.00244140625;0;0;0;0;0;0;0;0;0;0;0;0;0;0;0;0;0;0;5000;0;0;1000000;0;1;0;0;0;0;0;0;0;0;0;0;0;0;0;0;0;0;0;0;0;0;0;0;93.317054748535156;1
55780;-7.49560546875;-6.4931640625;-6.4931640625;0;1.00244140625;0;0;0;0;0;0;0;0;0;0;0;0;0;0;0;0;0;0;5000;0;0;1000000;0;1;0;0;0;0;0;0;0;0;0;0;0;0;0;0;0;0;0;0;0;0;0;0;93.317054748535156;1
55881;-7.49560546875;-6.4931640625;-6.4931640625;0;1.00244140625;0;0;0;0;0;0;0;0;0;0;0;0;0;0;0;0;0;0;5000;0;0;1000000;0;1;0;0;0;0;0;0;0;0;0;0;0;0;0;0;0;0;0;0;0;0;0;0;93.317054748535156;1
55982;-7.49560546875;-6.4931640625;-6.4931640625;0;1.00244140625;0;0;0;0;0;0;0;0;0;0;0;0;0;0;0;0;0;0;5000;0;0;1000000;0;1;0;0;0;0;0;0;0;0;0;0;0;0;0;0;0;0;0;0;0;0;0;0;93.317054748535156;1
56084;-7.49560546875;-6.4931640625;-6.4931640625;0;1.00244140625;0;0;0;0;0;0;0;0;0;0;0;0;0;0;0;0;0;0;5000;0;0;1000000;0;1;0;0;0;0;0;0;0;0;0;0;0;0;0;0;0;0;0;0;0;0;0;0;93.317054748535156;1
56184;-7.49560546875;-6.4931640625;-6.4931640625;0;1.00244140625;0;0;0;0;0;0;0;0;0;0;0;0;0;0;0;0;0;0;5000;0;0;1000000;0;1;0;0;0;0;0;0;0;0;0;0;0;0;0;0;0;0;0;0;0;0;0;0;93.317054748535156;1
56284;-7.49560546875;-6.4931640625;-6.4931640625;0;1.00244140625;0;0;0;0;0;0;0;0;0;0;0;0;0;0;0;0;0;0;5000;0;0;1000000;0;1;0;0;0;0;0;0;0;0;0;0;0;0;0;0;0;0;0;0;0;0;0;0;93.317054748535156;1
56385;-7.49560546875;-6.4931640625;-6.4931640625;0;1.00244140625;0;0;0;0;0;0;0;0;0;0;0;0;0;0;0;0;0;0;5000;0;0;1000000;0;1;0;0;0;0;0;0;0;0;0;0;0;0;0;0;0;0;0;0;0;0;0;0;93.317054748535156;1
56485;-7.49560546875;-6.4931640625;-6.4931640625;0;1.00244140625;0;0;0;0;0;0;0;0;0;0;0;0;0;0;0;0;0;0;5000;0;0;1000000;0;1;0;0;0;0;0;0;0;0;0;0;0;0;0;0;0;0;0;0;0;0;0;0;93.317054748535156;1
56587;-7.49560546875;-6.4931640625;-6.4931640625;0;1.00244140625;0;0;0;0;0;0;0;0;0;0;0;0;0;0;0;0;0;0;5000;0;0;1000000;0;1;0;0;0;0;0;0;0;0;0;0;0;0;0;0;0;0;0;0;0;0;0;0;93.317054748535156;1
56687;-7.49560546875;-6.4931640625;-6.4931640625;0;1.00244140625;0;0;0;0;0;0;0;0;0;0;0;0;0;0;0;0;0;0;5000;0;0;1000000;0;1;0;0;0;0;0;0;0;0;0;0;0;0;0;0;0;0;0;0;0;0;0;0;93.317054748535156;1
56789;-7.49560546875;-6.4931640625;-6.4931640625;0;1.00244140625;0;0;0;0;0;0;0;0;0;0;0;0;0;0;0;0;0;0;5325;0;0;1000000;0;1;0;0;0;0;0;0;0;0;0;0;0;0;0;0;0;0;0;0;0;0;0;0;93.317054748535156;1
56889;-7.49560546875;-6.4931640625;-6.4931640625;0;1.00244140625;0;0;0;0;0;0;0;0;0;0;0;0;0;0;0;0;0;0;5750;15.000000953674316;0;1000000;0;1;0;1;0;0;0;0;0;0;0;0;0;0;0;0;0;0;0;0;0;0;0;0;93.317054748535156;1
56990;-7.49560546875;-6.4931640625;-6.4931640625;0;1.00244140625;0;0;0;0;0;0;0;0;0;0;0;0;0;0;0;0;0;0;6218;24.35999870300293;0;1000000;0;1;0;1;0;0;0;0;0;0;0;0;0;0;0;0;0;0;0;0;0;0;0;0;93.317054748535156;1
57089;-7.49560546875;-6.4931640625;-6.4931640625;0;1.00244140625;0;0;0;0;0;0;0;0;0;0;0;0;0;0;0;0;0;0;6383;27.659999847412109;0;1000000;0;1;0;1;0;0;0;0;0;0;0;0;0;0;0;0;0;0;0;0;0;0;0;0;93.317054748535156;1
57190;-7.49560546875;-6.4931640625;-6.4931640625;0;1.00244140625;0;0;0;0;0;0;0;0;0;0;0;0;0;0;0;0;0;0;6572;31.439998626708984;0;1000000;0;1;0;1;0;0;0;0;0;0;0;0;0;0;0;0;0;0;0;0;0;0;0;0;93.317054748535156;1
57291;-7.49560546875;-6.4931640625;-6.4931640625;0;1.00244140625;0;0;0;0;0;0;0;0;0;0;0;0;0;0;0;0;0;0;6877;37.540000915527344;0;1000000;0;1;0;1;0;0;0;0;0;0;0;0;0;0;0;0;0;0;0;0;0;0;0;0;93.317054748535156;1
57392;-7.49560546875;-6.4931640625;-6.4931640625;0;1.00244140625;0;0;0;0;0;0;0;0;0;0;0;0;0;0;0;0;0;0;7237;44.7400016784668;0;1000000;0;1;0;1;0;0;0;0;0;0;0;0;0;0;0;0;0;0;0;0;0;0;0;0;93.317054748535156;1
57493;-7.49560546875;-6.4931640625;-6.4931640625;0;1.00244140625;0;0;0;0;0;0;0;0;0;0;0;0;0;0;0;0;0;0;7732;54.639999389648438;0;1000000;0;1;0;1;0;0;0;0;0;0;0;0;0;0;0;0;0;0;0;0;0;0;0;0;93.317054748535156;1
57593;-7.49560546875;-6.4931640625;-6.4931640625;0;1.00244140625;0;0;0;0;0;0;0;0;0;0;0;0;0;0;0;0;0;0;7963;59.2599983215332;0;1000000;0;1;0;1;0;0;0;0;0;0;0;0;0;0;0;0;0;0;0;0;0;0;0;0;93.317054748535156;1
57693;-7.49560546875;-6.4931640625;-6.4931640625;0;1.00244140625;0;0;0;0;0;0;0;0;0;0;0;0;0;0;0;0;0;0;8125;62.5;0;1000000;0;1;0;1;0;0;0;0;0;0;0;0;0;0;0;0;0;0;0;0;0;0;0;0;93.317054748535156;1
57797;-7.49560546875;-6.4931640625;-6.4931640625;0;1.00244140625;0;0;0;0;0;0;0;0;0;0;0;0;0;0;0;0;0;0;8400;68;0;1000000;0;1;0;1;0;0;0;0;0;0;0;0;0;0;0;0;0;0;0;0;0;0;0;0;93.317054748535156;1
57896;-7.49560546875;-6.4931640625;-6.4931640625;0;1.00244140625;0;0;0;0;0;0;0;0;0;0;0;0;0;0;0;0;0;0;8733;74.659996032714844;0;1000000;0;1;0;1;0;0;0;0;0;0;0;0;0;0;0;0;0;0;0;0;0;0;0;0;93.317054748535156;1
57997;-7.49560546875;-6.4931640625;-6.4931640625;0;1.00244140625;0;0;0;0;0;0;0;0;0;0;0;0;0;0;0;0;0;0;9198;83.959999084472656;0;1000000;0;1;0;1;0;0;0;0;0;0;0;0;0;0;0;0;0;0;0;0;0;0;0;0;93.317054748535156;1
58097;-7.49560546875;-6.4130859375;-6.4130859375;0;1.08251953125;0;0;0;0;0;0;0;0;0;1;1;0;0;0;0;0;0;0;9552;91.040000915527344;0;1000000;0;1;0;1;0;0;0;0;0;0;0;0;0;0;0;0;0;0;1;0;0;0;0;1;92.783203125;1
58199;-7.49560546875;-6.31298828125;-6.31298828125;0;1.1826171875;0;0;0;0;0;0;0;0;0;1;1;0;0;0;0;0;0;0;9707;94.139999389648438;0;1000000;0;1;0;1;0;0;0;0;0;0;0;0;0;0;0;0;0;0;1;0;0;0;0;1;92.115882873535156;1
58299;-7.49560546875;-6.222900390625;-6.222900390625;0;1.272705078125;0;0;0;0;0;0;0;0;0;1;1;0;0;0;0;0;0;0;9932;98.639999389648438;0;1000000;0;1;0;1;0;0;0;0;0;0;0;0;0;0;0;0;0;0;1;0;0;0;0;1;91.515296936035156;1
58400;-7.49560546875;-6.122802734375;-6.122802734375;0;1.372802734375;0;0;0;0;0;0;0;0;0;1;1;0;0;0;0;0;0;0;10000;100;0;1000000;0;1;0;1;0;0;0;0;0;0;0;0;0;0;0;0;0;0;1;0;0;0;0;1;90.847984313964844;1
58500;-7.49560546875;-6.022705078125;-6.022705078125;0;1.472900390625;0;0;0;0;0;0;0;0;0;1;1;0;0;0;0;0;0;0;10000;100;0;1000000;0;1;0;1;0;0;0;0;0;0;0;0;0;0;0;0;0;0;1;0;0;0;0;1;90.1806640625;1
58599;-7.49560546875;-5.9326171875;-5.9326171875;0;1.56298828125;0;0;0;0;0;0;0;0;0;1;1;0;0;0;0;0;0;0;10000;100;0;1000000;0;1;0;1;0;0;0;0;0;0;0;0;0;0;0;0;0;0;1;0;0;0;0;1;89.580078125;1
58699;-7.49560546875;-5.842529296875;-5.842529296875;0;1.653076171875;0;0;0;0;0;0;0;0;0;1;1;0;0;0;0;0;0;0;10000;100;0;1000000;0;1;0;1;0;0;0;0;0;0;0;0;0;0;0;0;0;0;1;0;0;0;0;1;88.9794921875;1
58800;-7.49560546875;-5.725341796875;-5.725341796875;0;1.770263671875;0;0;0;0;0;0;0;0;0;1;1;0;0;0;0;0;0;0;10000;100;0;1000000;0;1;0;1;0;0;0;0;0;0;0;0;0;0;0;0;0;0;1.25;0;0;0;0;1.25;88.1982421875;1
58899;-7.49560546875;-5.61328125;-5.61328125;0;1.88232421875;0;0;0;0;0;0;0;0;0;1;1;0;0;0;0;0;0;0;10000;100;0;1000000;0;1;0;1;0;0;0;0;0;0;0;0;0;0;0;0;0;0;1.25;0;0;0;0;1.25;87.451171875;1
59000;-7.49560546875;-5.48876953125;-5.48876953125;0;2.0068359375;0;0;0;0;0;0;0;0;0;1;1;0;0;0;0;0;0;0;10000;100;0;1000000;0;1;0;1;0;0;0;0;0;0;0;0;0;0;0;0;0;0;1.25;0;0;0;0;1.25;86.62109375;1
59101;-7.49560546875;-5.376708984375;-5.376708984375;0;2.118896484375;0;0;0;0;0;0;0;0;0;1;1;0;0;0;0;0;0;0;10000;100;0;1000000;0;1;0;1;0;0;0;0;0;0;0;0;0;0;0;0;0;0;1.25;0;0;0;0;1.25;85.8740234375;1
59201;-7.49560546875;-5.252197265625;-5.252197265625;0;2.243408203125;0;0;0;0;0;0;0;0;0;1;1;0;1;0;0;0;0;0;10000;100;0;1000000;0;1;0;1;0;0;0;0;0;0;0;0;0;0;0;0;0;0;1.25;0;0;0;0;1.25;85.0439453125;1
59303;-7.49560546875;-5.14013671875;-5.14013671875;0;2.35546875;0;0;0;0;0;0;0;0;0;1;1;0;1;0;0;0;0;0;10000;100;0;1000000;0;1;0;1;0;0;0;0;0;0;0;0;0;0;0;0;0;0;1.25;0;0;0;0;1.25;84.296875;1
59403;-7.49560546875;-5.015625;-5.015625;0;2.47998046875;0;0;0;0;0;0;0;0;0;1;1;0;1;0;0;0;0;0;10000;100;0;1000000;0;1;0;1;0;0;0;0;0;0;0;0;0;0;0;0;0;0;1.25;0;0;0;0;1.25;83.466796875;1
59503;-7.49560546875;-4.903564453125;-4.903564453125;0;2.592041015625;0;0;0;0;0;0;0;0;0;1;1;0;1;0;0;0;0;0;10000;100;0;1000000;0;1;0;1;0;0;0;0;0;0;0;0;0;0;0;0;0;0;1.25;0;0;0;0;1.25;82.7197265625;1
59603;-7.49560546875;-4.779052734375;-4.779052734375;0;2.716552734375;0;0;0;0;0;0;0;0;0;1;1;0;1;0;0;0;0;0;10000;100;0;1000000;0;1;0;1;0;0;0;0;0;0;0;0;0;0;0;0;0;0;1.25;0;0;0;0;1.25;81.8896484375;1
59705;-7.49560546875;-4.6669921875;-4.6669921875;0;2.82861328125;0;0;0;0;0;0;0;0;0;1;1;0;1;0;0;0;0;0;10000;100;0;1000000;0;1;0;1;0;0;0;0;0;0;0;0;0;0;0;0;0;0;1.25;0;0;0;0;1.25;81.142578125;1
59805;-7.49560546875;-4.54248046875;-4.54248046875;0;2.953125;0;0;0;0;0;0;0;0;0;1;1;0;1;0;0;0;0;0;10000;100;0;1000000;0;1;0;1;0;0;0;0;0;0;0;0;0;0;0;0;0;0;1.25;0;0;0;0;1.25;80.3125;1
59905;-7.49560546875;-4.41796875;-4.41796875;0;3.07763671875;0;0;0;0;0;0;0;0;0;1;1;0;1;0;0;0;0;0;10000;100;0;1000000;0;1;0;1;0;0;0;0;0;0;0;0;0;0;0;0;0;0;1.25;0;0;0;0;1.25;79.482421875;1
60006;-7.49560546875;-4.305908203125;-4.305908203125;0;3.189697265625;0;0;0;0;0;0;0;0;0;1;1;0;1;0;0;0;0;0;10000;100;0;1000000;0;1;0;1;0;0;0;0;0;0;0;0;0;0;0;0;0;0;1.25;0;0;0;0;1.25;78.65234375;1
60107;-7.49560546875;-4.181396484375;-4.181396484375;0;3.314208984375;0;0;0;0;0;0;0;0;0;1;1;0;1;0;0;0;0;0;10000;100;0;1000000;0;1;0;1;0;0;0;0;0;0;0;0;0;0;0;0;0;0;1.25;0;0;0;0;1.25;77.9052734375;1
60207;-7.49560546875;-4.0693359375;-4.0693359375;0;3.42626953125;0;0;0;0;0;0;0;0;0;1;1;0;1;0;0;0;0;0;10000;100;0;1000000;0;1;0;1;0;0;0;0;0;0;0;0;0;0;0;0;0;0;1.25;0;0;0;0;1.25;77.0751953125;1
60309;-7.49560546875;-3.94482421875;-3.94482421875;0;3.55078125;0;0;0;0;0;0;0;0;0;1;1;0;1;0;0;0;0;0;10000;100;0;1000000;0;1;0;1;0;0;0;0;0;0;0;0;0;0;0;0;0;0;1.25;0;0;0;0;1.25;76.328125;1
60408;-7.49560546875;-3.832763671875;-3.832763671875;0;3.662841796875;0;0;0;0;0;0;0;0;0;1;1;0;1;0;0;0;0;0;10000;100;0;1000000;0;1;0;1;0;0;0;0;0;0;0;0;0;0;0;0;0;0;1.25;0;0;0;0;1.25;75.498046875;1
60511;-7.49560546875;-3.708251953125;-3.708251953125;0;3.787353515625;0;0;0;0;0;0;0;0;0;1;1;0;1;0;0;0;0;0;10000;100;0;1000000;0;1;0;1;0;0;0;0;0;0;0;0;0;0;0;0;0;0;1.25;0;0;0;0;1.25;74.7509765625;1
60611;-7.49560546875;-3.583740234375;-3.583740234375;0;3.911865234375;0;0;0;0;0;0;0;0;0;1;1;0;1;0;0;0;0;0;10000;100;0;1000000;0;1;0;1;0;0;0;0;0;0;0;0;0;0;0;0;0;0;1.25;0;0;0;0;1.25;73.9208984375;1
60713;-7.49560546875;-3.459228515625;-3.459228515625;0;4.036376953125;0;0;0;0;0;0;0;0;0;1;1;0;1;0;0;0;0;0;10000;100;0;1000000;0;1;0;1;0;0;0;0;0;0;0;0;0;0;0;0;0;0;1.25;0;0;0;0;1.25;73.0908203125;1
60813;-7.49560546875;-3.34716796875;-3.34716796875;0;4.1484375;0;0;0;0;0;0;0;0;0;1;1;0;1;0;0;0;0;0;10000;100;0;1000000;0;1;0;1;0;0;0;0;0;0;0;0;0;0;0;0;0;0;1.25;0;0;0;0;1.25;72.34375;1
60914;-7.49560546875;-3.235107421875;-3.235107421875;0;4.260498046875;0;0;0;0;0;0;0;0;0;1;1;0;1;0;0;0;0;0;10000;100;0;1000000;0;1;0;1;0;0;0;0;0;0;0;0;0;0;0;0;0;0;1.25;0;0;0;0;1.25;71.5966796875;1
61013;-7.49560546875;-3.110595703125;-3.110595703125;0;4.385009765625;0;0;0;0;0;0;0;0;0;1;1;0;1;0;0;0;0;0;10000;100;0;1000000;0;1;0;1;0;0;0;0;0;0;0;0;0;0;0;0;0;0;1.25;0;0;0;0;1.25;70.7666015625;1
61114;-7.49560546875;-2.986083984375;-2.986083984375;0;4.509521484375;0;0;0;0;0;0;0;0;0;1;1;0;1;0;0;0;0;0;10000;100;0;1000000;0;1;0;1;0;0;0;0;0;0;0;0;0;0;0;0;0;0;1.25;0;0;0;0;1.25;69.9365234375;1
61214;-7.49560546875;-2.8740234375;-2.8740234375;0;4.62158203125;0;0;0;0;0;0;0;0;0;1;1;0;1;0;0;0;0;0;10000;100;0;1000000;0;1;0;1;0;0;0;0;0;0;0;0;0;0;0;0;0;0;1.25;0;0;0;0;1.25;69.189453125;1
61314;-7.49560546875;-2.74951171875;-2.74951171875;0;4.74609375;0;0;0;0;0;0;0;0;0;1;1;0;1;0;0;0;0;0;10000;100;0;1000000;0;1;0;1;0;0;0;0;0;0;0;0;0;0;0;0;0;0;1.25;0;0;0;0;1.25;68.359375;1
61415;-7.49560546875;-2.637451171875;-2.637451171875;0;4.858154296875;0;0;0;0;0;0;0;0;0;1;1;0;1;0;0;0;0;0;10000;100;0;1000000;0;1;0;1;0;0;0;0;0;0;0;0;0;0;0;0;0;0;1.25;0;0;0;0;1.25;67.6123046875;1
61517;-7.49560546875;-2.512939453125;-2.512939453125;0;4.982666015625;0;0;0;0;0;0;0;0;0;1;1;0;1;0;0;0;0;0;10000;100;0;1000000;0;1;0;1;0;0;0;0;0;0;0;0;0;0;0;0;0;0;1.25;0;0;0;0;1.25;66.7822265625;1
61618;-7.49560546875;-2.40087890625;-2.40087890625;0;5.0947265625;0;0;0;0;0;0;0;0;0;1;1;0;1;0;0;0;0;0;10000;100;0;1000000;0;1;0;1;0;0;0;0;0;0;0;0;0;0;0;0;0;0;1.25;0;0;0;0;1.25;66.03515625;1
61718;-7.49560546875;-2.2763671875;-2.2763671875;0;5.21923828125;0;0;0;0;0;0;0;0;0;1;1;0;1;0;0;0;0;0;10000;100;0;1000000;0;1;0;1;0;0;0;0;0;0;0;0;0;0;0;0;0;0;1.25;0;0;0;0;1.25;65.205078125;1
61819;-7.49560546875;-2.164306640625;-2.164306640625;0;5.331298828125;0;0;0;0;0;0;0;0;0;1;1;0;1;0;0;0;0;0;10000;100;0;1000000;0;1;0;1;0;0;0;0;0;0;0;0;0;0;0;0;0;0;1.25;0;0;0;0;1.25;64.4580078125;1
61920;-7.49560546875;-2.039794921875;-2.039794921875;0;5.455810546875;0;0;0;0;0;0;0;0;0;1;1;0;1;0;0;0;0;0;10000;100;0;1000000;0;1;0;1;0;0;0;0;0;0;0;0;0;0;0;0;0;0;1.25;0;0;0;0;1.25;63.6279296875;1
62021;-7.49560546875;-1.927734375;-1.927734375;0;5.56787109375;0;0;0;0;0;0;0;0;0;1;1;0;1;0;0;0;0;0;10000;100;0;1000000;0;1;0;1;0;0;0;0;0;0;0;0;0;0;0;0;0;0;1.25;0;0;0;0;1.25;62.880859375;1
62120;-7.49560546875;-1.80322265625;-1.80322265625;0;5.6923828125;0;0;0;0;0;0;0;0;0;1;1;0;1;0;0;0;0;0;10000;100;0;1000000;0;1;0;1;0;0;0;0;0;0;0;0;0;0;0;0;0;0;1.25;0;0;0;0;1.25;62.05078125;1
62223;-7.49560546875;-1.6787109375;-1.6787109375;0;5.81689453125;0;0;0;0;0;0;0;0;0;1;1;0;1;0;0;0;0;0;10000;100;0;1000000;0;1;0;1;0;0;0;0;0;0;0;0;0;0;0;0;0;0;1.25;0;0;0;0;1.25;61.220703125;1
62322;-7.49560546875;-1.55419921875;-1.55419921875;0;5.94140625;0;0;0;0;0;0;0;0;0;1;1;0;1;0;0;0;0;0;10000;100;0;1000000;0;1;0;1;0;0;0;0;0;0;0;0;0;0;0;0;0;0;1.25;0;0;0;0;1.25;60.390625;1
62422;-7.49560546875;-1.442138671875;-1.442138671875;0;6.053466796875;0;0;0;0;0;0;0;0;0;1;1;0;1;0;0;0;0;0;10000;100;0;1000000;0;1;0;1;0;0;0;0;0;0;0;0;0;0;0;0;0;0;1.25;0;0;0;0;1.25;59.6435546875;1
62523;-7.49560546875;-1.330078125;-1.330078125;0;6.16552734375;0;0;0;0;0;0;0;0;0;1;1;0;1;0;0;0;0;0;10000;100;0;1000000;0;1;0;1;0;0;0;0;0;0;0;0;0;0;0;0;0;0;1.25;0;0;0;0;1.25;58.896484375;1
62624;-7.49560546875;-1.20556640625;-1.20556640625;0;6.2900390625;0;0;0;0;0;0;0;0;0;1;1;0;1;0;0;0;0;0;10000;100;0;1000000;0;1;0;1;0;0;0;0;0;0;0;0;0;0;0;0;0;0;1.25;0;0;0;0;1.25;58.06640625;1
62725;-7.49560546875;-1.0810546875;-1.0810546875;0;6.41455078125;0;0;0;0;0;0;0;0;0;1;1;0;1;0;0;0;0;0;10000;100;0;1000000;0;1;0;1;0;0;0;0;0;0;0;0;0;0;0;0;0;0;1.25;0;0;0;0;1.25;57.236328125;1
62827;-7.49560546875;-0.968994140625;-0.968994140625;0;6.526611328125;0;0;0;0;0;0;0;0;0;1;1;0;1;0;0;0;0;0;10000;100;0;1000000;0;1;0;1;0;0;0;0;0;0;0;0;0;0;0;0;0;0;1.25;0;0;0;0;1.25;56.4892578125;1
62927;-7.49560546875;-0.844482421875;-0.844482421875;0;6.651123046875;0;0;0;0;0;0;0;0;0;1;1;0;1;0;0;0;0;0;10000;100;0;1000000;0;1;0;1;0;0;0;0;0;0;0;0;0;0;0;0;0;0;1.25;0;0;0;0;1.25;55.6591796875;1
63027;-7.49560546875;-0.732421875;-0.732421875;0;6.76318359375;0;0;0;0;0;0;0;0;0;1;1;0;1;0;0;0;0;0;10000;100;0;1000000;0;1;0;1;0;0;0;0;0;0;0;0;0;0;0;0;0;0;1.25;0;0;0;0;1.25;54.912109375;1
63128;-7.49560546875;-0.60791015625;-0.60791015625;0;6.8876953125;0;0;0;0;0;0;0;0;0;1;1;0;1;0;0;0;0;0;10000;100;0;1000000;0;1;0;1;0;0;0;0;0;0;0;0;0;0;0;0;0;0;1.25;0;0;0;0;1.25;54.08203125;1
63228;-7.49560546875;-0.4833984375;-0.4833984375;0;7.01220703125;0;0;0;0;0;0;0;0;0;1;1;0;1;0;0;0;0;0;10000;100;0;1000000;0;1;0;1;0;0;0;0;0;0;0;0;0;0;0;0;0;0;1.25;0;0;0;0;1.25;53.251953125;1
63326;-7.49560546875;-0.371337890625;-0.371337890625;0;7.124267578125;0;0;0;0;0;0;0;0;0;1;1;0;1;0;0;0;0;0;10000;100;0;1000000;0;1;0;1;0;0;0;0;0;0;0;0;0;0;0;0;0;0;1.25;0;0;0;0;1.25;52.5048828125;1
63428;-7.49560546875;-0.246826171875;-0.246826171875;0;7.248779296875;0;0;0;0;0;0;0;0;0;1;1;0;1;0;0;0;0;0;10000;100;0;1000000;0;1;0;1;0;0;0;0;0;0;0;0;0;0;0;0;0;0;1.25;0;0;0;0;1.25;51.6748046875;1
63529;-7.49560546875;-0.134765625;-0.134765625;0;7.36083984375;0;0;0;0;0;0;0;0;0;1;1;0;1;0;0;0;0;0;10000;100;0;1000000;0;1;0;1;0;0;0;0;0;0;0;0;0;0;0;0;0;0;1.25;0;0;0;0;1.25;50.927734375;1
63630;-7.49560546875;-0.01025390625;-0.01025390625;0;7.4853515625;0;0;0;0;0;0;0;0;0;1;1;0;1;0;0;0;0;0;10000;100;0;1000000;0;1;0;1;0;0;0;0;0;0;0;0;0;0;0;0;0;0;1.25;0;0;0;0;1.25;50.09765625;1
63731;-7.49560546875;0.101806640625;0.101806640625;0;7.597412109375;0;0;0;0;0;0;0;0;0;1;1;0;1;0;0;0;0;0;10000;100;0;1000000;0;1;0;1;0;0;0;0;0;0;0;0;0;0;0;0;0;0;1.25;0;0;0;0;1.25;49.3505859375;1
63831;-7.49560546875;0.226318359375;0.226318359375;0;7.721923828125;0;0;0;0;0;0;0;0;0;1;1;0;1;0;0;0;0;0;10000;100;0;1000000;0;1;0;1;0;0;0;0;0;0;0;0;0;0;0;0;0;0;1.25;0;0;0;0;1.25;48.5205078125;1
63931;-7.49560546875;0.33837890625;0.33837890625;0;7.833984375;0;0;0;0;0;0;0;0;0;1;1;0;1;0;0;0;0;0;10000;100;0;1000000;0;1;0;1;0;0;0;0;0;0;0;0;0;0;0;0;0;0;1.25;0;0;0;0;1.25;47.7734375;1
64031;-7.49560546875;0.450439453125;0.450439453125;0;7.946044921875;0;0;0;0;0;0;0;0;0;1;1;0;1;0;0;0;0;0;10000;100;0;1000000;0;1;0;1;0;0;0;0;0;0;0;0;0;0;0;0;0;0;1.25;0;0;0;0;1.25;47.0263671875;1
64131;-7.49560546875;0.574951171875;0.574951171875;0;8.070556640625;0;0;0;0;0;0;0;0;0;1;1;0;1;0;0;0;0;0;10000;100;0;1000000;0;1;0;1;0;0;0;0;0;0;0;0;0;0;0;0;0;0;1.25;0;0;0;0;1.25;46.1962890625;1
64231;-7.49560546875;0.68701171875;0.68701171875;0;8.1826171875;0;0;0;0;0;0;0;0;0;1;1;0;1;0;0;0;0;0;10000;100;0;1000000;0;1;0;1;0;0;0;0;0;0;0;0;0;0;0;0;0;0;1.25;0;0;0;0;1.25;45.44921875;1
64332;-7.49560546875;0.8115234375;0.8115234375;0;8.30712890625;0;0;0;0;0;0;0;0;0;1;1;0;1;0;0;0;0;0;10000;100;0;1000000;0;1;0;1;0;0;0;0;0;0;0;0;0;0;0;0;0;0;1.25;0;0;0;0;1.25;44.619140625;1
64432;-7.49560546875;0.93603515625;0.93603515625;0;8.431640625;0;0;0;0;0;0;0;0;0;1;1;0;1;0;0;0;0;0;10000;100;0;1000000;0;1;0;1;0;0;0;0;0;0;0;0;0;0;0;0;0;0;1.25;0;0;0;0;1.25;43.7890625;1
64535;-7.49560546875;1.048095703125;1.048095703125;0;8.543701171875;0;0;0;0;0;0;0;0;0;1;1;0;1;0;0;0;0;0;10000;100;0;1000000;0;1;0;1;0;0;0;0;0;0;0;0;0;0;0;0;0;0;1.25;0;0;0;0;1.25;43.0419921875;1
64635;-7.49560546875;1.172607421875;1.172607421875;0;8.668212890625;0;0;0;0;0;0;0;0;0;1;1;0;1;0;0;0;0;0;10000;100;0;1000000;0;1;0;1;0;0;0;0;0;0;0;0;0;0;0;0;0;0;1.25;0;0;0;0;1.25;42.2119140625;1
64735;-7.49560546875;1.28466796875;1.28466796875;0;8.7802734375;0;0;0;0;0;0;0;0;0;1;1;0;1;0;0;0;0;0;10000;100;0;1000000;0;1;0;1;0;0;0;0;0;0;0;0;0;0;0;0;0;0;1.25;0;0;0;0;1.25;41.46484375;1
64835;-7.49560546875;1.4091796875;1.4091796875;0;8.90478515625;0;0;0;0;0;0;0;0;0;1;1;0;1;0;0;0;0;0;10000;100;0;1000000;0;1;0;1;0;0;0;0;0;0;0;0;0;0;0;0;0;0;1.25;0;0;0;0;1.25;40.634765625;1
64935;-7.49560546875;1.521240234375;1.521240234375;0;9.016845703125;0;0;0;0;0;0;0;0;0;1;1;0;1;0;0;0;0;0;10000;100;0;1000000;0;1;0;1;0;0;0;0;0;0;0;0;0;0;0;0;0;0;1.25;0;0;0;0;1.25;39.8876953125;1
65035;-7.49560546875;1.63330078125;1.63330078125;0;9.12890625;0;0;0;0;0;0;0;0;0;1;1;0;1;0;0;0;0;0;10000;100;0;1000000;0;1;0;1;0;0;0;0;0;0;0;0;0;0;0;0;0;0;1.25;0;0;0;0;1.25;39.140625;1
65135;-7.49560546875;1.7578125;1.7578125;0;9.25341796875;0;0;0;0;0;0;0;0;0;1;1;0;1;0;0;0;0;0;10000;100;0;1000000;0;1;0;1;0;0;0;0;0;0;0;0;0;0;0;0;0;0;1.25;0;0;0;0;1.25;38.310546875;1
65235;-7.49560546875;1.869873046875;1.869873046875;0;9.365478515625;0;0;0;0;0;0;0;0;0;1;1;0;1;0;0;0;0;0;10000;100;0;1000000;0;1;0;1;0;0;0;0;0;0;0;0;0;0;0;0;0;0;1.25;0;0;0;0;1.25;37.5634765625;1
65335;-7.49560546875;1.994384765625;1.994384765625;0;9.489990234375;0;0;0;0;0;0;0;0;0;1;1;0;1;0;0;0;0;0;10000;100;0;1000000;0;1;0;1;0;0;0;0;0;0;0;0;0;0;0;0;0;0;1.25;0;0;0;0;1.25;36.7333984375;1
65436;-7.49560546875;2.1064453125;2.1064453125;0;9.60205078125;0;0;0;0;0;0;0;0;0;1;1;0;1;0;0;0;0;0;10000;100;0;1000000;0;1;0;1;0;0;0;0;0;0;0;0;0;0;0;0;0;0;1.25;0;0;0;0;1.25;35.986328125;1
65537;-7.49560546875;2.23095703125;2.23095703125;0;9.7265625;0;0;0;0;0;0;0;0;0;1;1;0;1;0;0;0;0;0;10000;100;0;1000000;0;1;0;1;0;0;0;0;0;0;0;0;0;0;0;0;0;0;1.25;0;0;0;0;1.25;35.15625;1
65638;-7.49560546875;2.35546875;2.35546875;0;9.85107421875;0;0;0;0;0;0;0;0;0;1;1;0;1;0;0;0;0;0;10000;100;0;1000000;0;1;0;1;0;0;0;0;0;0;0;0;0;0;0;0;0;0;1.25;0;0;0;0;1.25;34.326171875;1
65738;-7.49560546875;2.467529296875;2.467529296875;0;9.963134765625;0;0;0;0;0;0;0;0;0;1;1;0;1;0;0;0;0;0;10000;100;0;1000000;0;1;0;1;0;0;0;0;0;0;0;0;0;0;0;0;0;0;1.25;0;0;0;0;1.25;33.5791015625;1
65839;-7.49560546875;2.592041015625;2.592041015625;0;10.087646484375;0;0;0;0;0;0;0;0;0;1;1;0;1;0;0;0;0;0;10000;100;0;1000000;0;1;0;1;0;0;0;0;0;0;0;0;0;0;0;0;0;0;1.25;0;0;0;0;1.25;32.7490234375;1
65941;-7.49560546875;2.7041015625;2.7041015625;0;10.19970703125;0;0;0;0;0;0;0;0;0;1;1;0;1;0;0;0;0;0;10000;100;0;1000000;0;1;0;1;0;0;0;0;0;0;0;0;0;0;0;0;0;0;1.25;0;0;0;0;1.25;32.001953125;1
66041;-7.49560546875;2.82861328125;2.82861328125;0;10.32421875;0;0;0;0;0;0;0;0;0;1;1;0;1;0;0;0;0;0;10000;100;0;1000000;0;1;0;1;0;0;0;0;0;0;0;0;0;0;0;0;0;0;1.25;0;0;0;0;1.25;31.171875;1
66142;-7.49560546875;2.940673828125;2.940673828125;0;10.436279296875;0;0;0;0;0;0;0;0;0;1;1;0;1;0;0;0;0;0;10000;100;0;1000000;0;1;0;1;0;0;0;0;0;0;0;0;0;0;0;0;0;0;1.25;0;0;0;0;1.25;30.4248046875;1
66241;-7.49560546875;3.052734375;3.052734375;0;10.54833984375;0;0;0;0;0;0;0;0;0;1;1;0;1;0;0;0;0;0;10000;100;0;1000000;0;1;0;1;0;0;0;0;0;0;0;0;0;0;0;0;0;0;1.25;0;0;0;0;1.25;29.677734375;1
66342;-7.49560546875;3.17724609375;3.17724609375;0;10.6728515625;0;0;0;0;0;0;0;0;0;1;1;0;1;0;0;0;0;0;10000;100;0;1000000;0;1;0;1;0;0;0;0;0;0;0;0;0;0;0;0;0;0;1.25;0;0;0;0;1.25;28.84765625;1
66443;-7.49560546875;3.289306640625;3.289306640625;0;10.784912109375;0;0;0;0;0;0;0;0;0;1;1;0;1;0;0;0;0;0;10000;100;0;1000000;0;1;0;1;0;0;0;0;0;0;0;0;0;0;0;0;0;0;1.25;0;0;0;0;1.25;28.1005859375;1
66544;-7.49560546875;3.413818359375;3.413818359375;0;10.909423828125;0;0;0;0;0;0;0;0;0;1;1;0;1;0;0;0;0;0;10000;100;0;1000000;0;1;0;1;0;0;0;0;0;0;0;0;0;0;0;0;0;0;1.25;0;0;0;0;1.25;27.2705078125;1
66644;-7.49560546875;3.52587890625;3.52587890625;0;11.021484375;0;0;0;0;0;0;0;0;0;1;1;0;1;0;0;0;0;0;10000;100;0;1000000;0;1;0;1;0;0;0;0;0;0;0;0;0;0;0;0;0;0;1.25;0;0;0;0;1.25;26.5234375;1
66745;-7.49560546875;3.650390625;3.650390625;0;11.14599609375;0;0;0;0;0;0;0;0;0;1;1;0;1;0;0;0;0;0;10000;100;0;1000000;0;1;0;1;0;0;0;0;0;0;0;0;0;0;0;0;0;0;1.25;0;0;0;0;1.25;25.693359375;1
66846;-7.49560546875;3.77490234375;3.77490234375;0;11.2705078125;0;0;0;0;0;0;0;0;0;1;1;0;1;0;0;0;0;0;10000;100;0;1000000;0;1;0;1;0;0;0;0;0;0;0;0;0;0;0;0;0;0;1.25;0;0;0;0;1.25;24.86328125;1
66947;-7.49560546875;3.886962890625;3.886962890625;0;11.382568359375;0;0;0;0;0;0;0;0;0;1;1;0;1;0;0;0;0;0;10000;100;0;1000000;0;1;0;1;0;0;0;0;0;0;0;0;0;0;0;0;0;0;1.25;0;0;0;0;1.25;24.1162109375;1
67048;-7.49560546875;4.011474609375;4.011474609375;0;11.507080078125;0;0;0;0;0;0;0;0;0;1;1;0;1;0;0;0;0;0;10000;100;0;1000000;0;1;0;1;0;0;0;0;0;0;0;0;0;0;0;0;0;0;1.25;0;0;0;0;1.25;23.2861328125;1
67148;-7.49560546875;4.135986328125;4.135986328125;0;11.631591796875;0;0;0;0;0;0;0;0;0;1;1;0;1;0;0;0;0;0;10000;100;0;1000000;0;1;0;1;0;0;0;0;0;0;0;0;0;0;0;0;0;0;1.25;0;0;0;0;1.25;22.4560546875;1
67250;-7.49560546875;4.248046875;4.248046875;0;11.74365234375;0;0;0;0;0;0;0;0;0;1;1;0;1;0;0;0;0;0;10000;100;0;1000000;0;1;0;1;0;0;0;0;0;0;0;0;0;0;0;0;0;0;1.25;0;0;0;0;1.25;21.708984375;1
67351;-7.49560546875;4.37255859375;4.37255859375;0;11.8681640625;0;0;0;0;0;0;0;0;0;1;1;0;1;0;0;0;0;0;10000;100;0;1000000;0;1;0;1;0;0;0;0;0;0;0;0;0;0;0;0;0;0;1.25;0;0;0;0;1.25;20.87890625;1
67453;-7.49560546875;4.484619140625;4.484619140625;0;11.980224609375;0;0;0;0;0;0;0;0;0;1;1;0;1;0;0;0;0;0;10000;100;0;1000000;0;1;0;1;0;0;0;0;0;0;0;0;0;0;0;0;0;0;1.25;0;0;0;0;1.25;20.048828125;1
67552;-7.49560546875;4.609130859375;4.609130859375;0;12.104736328125;0;0;0;0;0;0;0;0;0;1;1;0;1;0;0;0;0;0;10000;100;0;1000000;0;1;0;1;0;0;0;0;0;0;0;0;0;0;0;0;0;0;1.25;0;0;0;0;1.25;19.3017578125;1
67651;-7.49560546875;4.72119140625;4.72119140625;0;12.216796875;0;0;0;0;0;0;0;0;0;1;1;0;1;0;0;0;0;0;10000;100;0;1000000;0;1;0;1;0;0;0;0;0;0;0;0;0;0;0;0;0;0;1.25;0;0;0;0;1.25;18.5546875;1
67751;-7.49560546875;4.845703125;4.845703125;0;12.34130859375;0;0;0;0;0;0;0;0;0;1;1;0;1;0;0;0;0;0;10000;100;0;1000000;0;1;0;1;0;0;0;0;0;0;0;0;0;0;0;0;0;0;1.25;0;0;0;0;1.25;17.724609375;1
67852;-7.49560546875;4.97021484375;4.97021484375;0;12.4658203125;0;0;0;0;0;0;0;0;0;1;1;0;1;0;0;0;0;0;10000;100;0;1000000;0;1;0;1;0;0;0;0;0;0;0;0;0;0;0;0;0;0;1.25;0;0;0;0;1.25;16.89453125;1
67953;-7.49560546875;5.082275390625;5.082275390625;0;12.577880859375;0;0;0;0;0;0;0;0;0;1;1;0;1;0;0;0;0;0;10000;100;0;1000000;0;1;0;1;0;0;0;0;0;0;0;0;0;0;0;0;0;0;1.25;0;0;0;0;1.25;16.1474609375;1
68055;-7.49560546875;5.206787109375;5.206787109375;0;12.702392578125;0;0;0;0;0;0;0;0;0;1;1;0;1;0;0;0;0;0;10000;100;0;1000000;0;1;0;1;0;0;0;0;0;0;0;0;0;0;0;0;0;0;1.25;0;0;0;0;1.25;15.3173828125;1
68153;-7.49560546875;5.31640625;5.31640625;0;12.81201171875;0;0;0;0;0;0;0;0;0;1;1;0;0;0;0;0;0;0;10000;100;0;1000000;0;1;0;1;0;0;0;0;0;0;0;0;0;0;0;0;0;0;1;0;0;0;0;1;14.586588859558105;1
68254;-7.49560546875;5.41650390625;5.41650390625;0;12.912109375;0;0;0;0;0;0;0;0;0;1;1;0;0;0;0;0;0;0;10000;100;0;1000000;0;1;0;1;0;0;0;0;0;0;0;0;0;0;0;0;0;0;1;0;0;0;0;1;13.919270515441895;1
68353;-7.49560546875;5.506591796875;5.506591796875;0;13.002197265625;0;0;0;0;0;0;0;0;0;1;1;0;0;0;0;0;0;0;10000;100;0;1000000;0;1;0;1;0;0;0;0;0;0;0;0;0;0;0;0;0;0;1;0;0;0;0;1;13.318684577941895;1
68456;-7.49560546875;5.606689453125;5.606689453125;0;13.102294921875;0;0;0;0;0;0;0;0;0;1;1;0;0;0;0;0;0;0;10000;100;0;1000000;0;1;0;1;0;0;0;0;0;0;0;0;0;0;0;0;0;0;1;0;0;0;0;1;12.6513671875;1
68556;-7.49560546875;5.706787109375;5.706787109375;0;13.202392578125;0;0;0;0;0;0;0;0;0;1;1;0;0;0;0;0;0;0;10000;100;0;1000000;0;1;0;1;0;0;0;0;0;0;0;0;0;0;0;0;0;0;1;0;0;0;0;1;11.984049797058105;1
68658;-7.49560546875;5.796875;5.796875;0;13.29248046875;0;0;0;0;0;0;0;0;0;1;1;0;0;0;0;0;0;0;10000;100;0;1000000;0;1;0;1;0;0;0;0;0;0;0;0;0;0;0;0;0;0;1;0;0;0;0;1;11.383463859558105;1
68759;-7.49560546875;5.89697265625;5.89697265625;0;13.392578125;0;0;0;0;0;0;0;0;0;1;1;0;0;0;0;0;0;0;10000;100;0;1000000;0;1;0;1;0;0;0;0;0;0;0;0;0;0;0;0;0;0;1;0;0;0;0;1;10.716145515441895;1
68859;-7.49560546875;5.987060546875;5.987060546875;0;13.482666015625;0;0;0;0;0;0;0;0;0;1;1;0;0;0;0;0;0;0;10000;100;0;1000000;0;1;0;1;0;0;0;0;0;0;0;0;0;0;0;0;0;0;1;0;0;0;0;1;10.115559577941895;1
68959;-7.49560546875;6.087158203125;6.087158203125;0;13.582763671875;0;0;0;0;0;0;0;0;0;1;1;0;0;0;0;0;0;0;10000;100;0;1000000;0;1;0;1;0;0;0;0;0;0;0;0;0;0;0;0;0;0;1;0;0;0;0;1;9.4482421875;1
69060;-7.49560546875;6.187255859375;6.187255859375;0;13.682861328125;0;0;0;0;0;0;0;0;0;1;1;0;0;0;0;0;0;0;10000;100;0;1000000;0;1;0;1;0;0;0;0;0;0;0;0;0;0;0;0;0;0;1;0;0;0;0;1;8.7809247970581055;1
69161;-7.49560546875;6.287353515625;6.287353515625;0;13.782958984375;0;0;0;0;0;0;0;0;0;1;1;0;0;0;0;0;0;0;10000;100;0;1000000;0;1;0;1;0;0;0;0;0;0;0;0;0;0;0;0;0;0;1;0;0;0;0;1;8.1136064529418945;1
69262;-7.49560546875;6.37744140625;6.37744140625;0;13.873046875;0;0;0;0;0;0;0;0;0;0;0;0;0;0;0;0;0;0;10000;100;0;1000000;0;1;0;1;0;0;0;0;0;0;0;0;0;0;0;0;0;0;1;0;0;0;0;1;7.5130209922790527;1
69363;-7.49560546875;6.4775390625;6.4775390625;0;13.97314453125;0;0;0;0;0;0;0;0;0;0;0;0;0;0;0;0;0;0;10000;100;0;1000000;0;1;0;1;0;0;0;0;0;0;0;0;0;0;0;0;0;0;1;0;0;0;0;1;6.845703125;1
69463;-7.49560546875;-8.432373046875;6.567626953125;0;14.063232421875;0;0;0;0;0;0;0;0;0;0;0;0;0;0;0;0;0;0;10000;100;0;1000000;0;1;0;1;0;0;0;0;0;0;0;0;0;0;0;0;0;0;1;0;0;0;0;1;6.2451171875;1
69563;-7.49560546875;-8.332275390625;6.667724609375;0;14.163330078125;0;0;0;0;0;0;0;0;0;0;0;0;0;0;0;0;0;0;10000;100;0;1000000;0;1;0;1;0;0;0;0;0;0;0;0;0;0;0;0;0;0;1;0;0;0;0;1;5.5777993202209473;1
69665;-7.49560546875;-8.292236328125;6.707763671875;0;14.203369140625;0;0;0;0;0;0;0;0;0;0;0;0;0;0;0;0;0;0;10000;100;0;1000000;0;1;0;1;0;0;0;0;0;0;0;0;0;0;0;0;0;0;0;0;0;0;0;0;5.3108725547790527;1
69765;-7.49560546875;-8.292236328125;6.707763671875;0;14.203369140625;0;0;0;0;0;0;0;0;0;0;0;0;0;0;0;0;0;0;10000;100;0;1000000;0;1;0;1;0;0;0;0;0;0;0;0;0;0;0;0;0;0;0;0;0;0;0;0;5.3108725547790527;1
69864;-7.49560546875;-8.292236328125;6.707763671875;0;14.203369140625;0;0;0;0;0;0;0;0;0;0;0;0;0;0;0;0;0;0;10000;100;0;1000000;0;1;0;1;0;0;0;0;0;0;0;0;0;0;0;0;0;0;0;0;0;0;0;0;5.3108725547790527;1
69966;-7.49560546875;-8.292236328125;6.707763671875;0;14.203369140625;0;0;0;0;0;0;0;0;0;0;0;0;0;0;0;0;0;0;10000;100;0;1000000;0;1;0;1;0;0;0;0;0;0;0;0;0;0;0;0;0;0;0;0;0;0;0;0;5.3108725547790527;1
70067;-7.49560546875;-8.292236328125;6.707763671875;0;14.203369140625;0;0;0;0;0;0;0;0;0;0;0;0;0;0;0;0;0;0;10000;100;0;1000000;0;1;0;1;0;0;0;0;0;0;0;0;0;0;0;0;0;0;0;0;0;0;0;0;5.3108725547790527;1
70167;-7.49560546875;-8.292236328125;6.707763671875;0;14.203369140625;0;0;0;0;0;0;0;0;0;0;0;0;0;0;0;0;0;0;10000;100;0;1000000;0;1;0;1;0;0;0;0;0;0;0;0;0;0;0;0;0;0;0;0;0;0;0;0;5.3108725547790527;1
70266;-7.49560546875;-8.292236328125;6.707763671875;0;14.203369140625;0;0;0;0;0;0;0;0;0;0;0;0;0;0;0;0;0;0;10000;100;0;1000000;0;1;0;1;0;0;0;0;0;0;0;0;0;0;0;0;0;0;0;0;0;0;0;0;5.3108725547790527;1
70366;-7.49560546875;-8.292236328125;6.707763671875;0;14.203369140625;0;0;0;0;0;0;0;0;0;0;0;0;0;0;0;0;0;0;10000;100;0;1000000;0;1;0;1;0;0;0;0;0;0;0;0;0;0;0;0;0;0;0;0;0;0;0;0;5.3108725547790527;1
70469;-7.49560546875;-8.292236328125;6.707763671875;0;14.203369140625;0;0;0;0;0;0;0;0;0;0;0;0;0;0;0;0;0;0;10000;100;0;1000000;0;1;0;1;0;0;0;0;0;0;0;0;0;0;0;0;0;0;0;0;0;0;0;0;5.3108725547790527;1
70568;-7.49560546875;-8.292236328125;6.707763671875;0;14.203369140625;0;0;0;0;0;0;0;0;0;0;0;0;0;0;0;0;0;0;10000;100;0;1000000;0;1;0;1;0;0;0;0;0;0;0;0;0;0;0;0;0;0;0;0;0;0;0;0;5.3108725547790527;1
70669;-7.45556640625;-8.252197265625;6.747802734375;0;14.203369140625;0;1;1;0;0;0;0;0;0;1;1;0;0;0;0;0;0;0;10000;100;0;1000000;0;1;0;1;0;0;0;0;0;0;0;0;0;0;0;0;0;1;1;0;0;0;1;1;5.3108725547790527;1
70770;-7.35546875;-8.152099609375;6.847900390625;0;14.203369140625;0;1;1;0;0;0;0;0;0;1;1;0;0;0;0;0;0;0;10000;100;0;1000000;0;1;0;1;0;0;0;0;0;0;0;0;0;0;0;0;0;1;1;0;0;0;1;1;5.3108725547790527;1
70872;-7.265380859375;-8.06201171875;6.93798828125;0;14.203369140625;0;1;1;0;0;0;0;0;0;1;1;0;0;0;0;0;0;0;10000;100;0;1000000;0;1;0;1;0;0;0;0;0;0;0;0;0;0;0;0;0;1;1;0;0;0;1;1;5.3108725547790527;1
70971;-7.165283203125;-7.9619140625;7.0380859375;0;14.203369140625;0;1;1;0;0;0;0;0;0;1;1;0;0;0;0;0;0;0;10000;100;0;1000000;0;1;0;1;0;0;0;0;0;0;0;0;0;0;0;0;0;1;1;0;0;0;1;1;5.3108725547790527;1
71070;-7.0751953125;-7.871826171875;7.128173828125;0;14.203369140625;0;1;1;0;0;0;0;0;0;1;1;0;0;0;0;0;0;0;10000;100;0;1000000;0;1;0;1;0;0;0;0;0;0;0;0;0;0;0;0;0;1;1;0;0;0;1;1;5.3108725547790527;1
71173;-6.985107421875;-7.78173828125;7.21826171875;0;14.203369140625;0;1;1;0;0;0;0;0;0;1;1;0;0;0;0;0;0;0;10000;100;0;1000000;0;1;0;1;0;0;0;0;0;0;0;0;0;0;0;0;0;1;1;0;0;0;1;1;5.3108725547790527;1
71271;-6.885009765625;-7.681640625;7.318359375;0;14.203369140625;0;1;1;0;0;0;0;0;0;1;1;0;0;0;0;0;0;0;10000;100;0;1000000;0;1;0;1;0;0;0;0;0;0;0;0;0;0;0;0;0;1;1;0;0;0;1;1;5.3108725547790527;1
71373;-6.777587890625;-7.57421875;7.42578125;0;14.203369140625;0;1;1;0;0;0;0;0;0;1;1;0;0;0;0;0;0;0;10000;100;0;1000000;0;1;0;1;0;0;0;0;0;0;0;0;0;0;0;0;0;1.25;1.25;0;0;0;1.25;1.25;5.3108725547790527;1
71473;-6.66552734375;-7.462158203125;7.537841796875;0;14.203369140625;0;1;1;0;0;0;0;0;0;1;1;0;0;0;0;0;0;0;10000;100;0;1000000;0;1;0;1;0;0;0;0;0;0;0;0;0;0;0;0;0;1.25;1.25;0;0;0;1.25;1.25;5.3108725547790527;1
71574;-6.541015625;-7.337646484375;7.662353515625;0;14.203369140625;0;1;1;0;0;0;0;0;0;1;1;0;0;0;0;0;0;0;10000;100;0;1000000;0;1;0;1;0;0;0;0;0;0;0;0;0;0;0;0;0;1.25;1.25;0;0;0;1.25;1.25;5.3108725547790527;1
71674;-6.428955078125;-7.2255859375;7.7744140625;0;14.203369140625;0;1;1;0;0;0;0;0;0;1;1;0;0;0;0;0;0;0;10000;100;0;1000000;0;1;0;1;0;0;0;0;0;0;0;0;0;0;0;0;0;1.25;1.25;0;0;0;1.25;1.25;5.3108725547790527;1
71774;-6.31689453125;-7.113525390625;7.886474609375;0;14.203369140625;0;1;1;0;1;0;0;0;0;1;1;0;1;0;0;0;0;0;10000;100;0;1000000;0;1;0;1;0;0;0;0;0;0;0;0;0;0;0;0;0;1.25;1.25;0;0;0;1.25;1.25;5.3108725547790527;1
71875;-6.1923828125;-6.989013671875;8.010986328125;0;14.203369140625;0;1;1;0;1;0;0;0;0;1;1;0;1;0;0;0;0;0;10000;100;0;1000000;0;1;0;1;0;0;0;0;0;0;0;0;0;0;0;0;0;1.25;1.25;0;0;0;1.25;1.25;5.3108725547790527;1
71976;-6.080322265625;-6.876953125;8.123046875;0;14.203369140625;0;1;1;0;1;0;0;0;0;1;1;0;1;0;0;0;0;0;10000;100;0;1000000;0;1;0;1;0;0;0;0;0;0;0;0;0;0;0;0;0;1.25;1.25;0;0;0;1.25;1.25;5.3108725547790527;1
72075;-5.953369140625;-6.75;8.25;0;14.203369140625;0;1;1;0;1;0;0;0;0;1;1;0;1;0;0;0;0;0;10000;100;0;1000000;0;1;0;1;0;0;0;0;0;0;0;0;0;0;0;0;0;1.5;1.5;0;0;0;1.5;1.5;5.3108725547790527;1
72176;-5.8193359375;-6.615966796875;8.384033203125;0;14.203369140625;0;1;1;0;1;0;0;0;0;1;1;0;1;0;0;0;0;0;7750;55;0;1000000;0;1;0;1;0;0;0;0;0;0;0;0;0;0;0;0;0;1.5;1.5;0;0;0;1.5;1.5;5.3108725547790527;1
72278;-5.699951171875;-6.49658203125;8.50341796875;0;14.203369140625;0;1;1;0;0;0;0;0;0;1;1;0;0;0;0;0;0;0;5500;10;0;1000000;0;1;0;1;0;0;0;0;0;0;0;0;0;0;0;0;0;1;1;0;0;0;1;1;5.3108725547790527;1
72377;-5.599853515625;-6.396484375;8.603515625;0;14.203369140625;0;0;0;0;0;0;0;0;0;0;0;0;0;0;0;0;0;0;5000;0;0;1000000;0;1;0;1;0;0;0;0;0;0;0;0;0;0;0;0;0;1;1;0;0;0;1;1;5.3108725547790527;1
72477;-5.509765625;-6.306396484375;8.693603515625;0;14.203369140625;0;0;0;0;0;0;0;0;0;0;0;0;0;0;0;0;0;0;5000;0;0;1000000;0;1;0;0;0;0;0;0;0;0;0;0;0;0;0;0;0;1;1;0;0;0;1;1;5.3108725547790527;1
72578;-5.40966796875;-6.206298828125;8.793701171875;0;14.203369140625;0;0;0;0;0;0;0;0;0;0;0;0;0;0;0;0;0;0;5000;0;0;1000000;0;1;0;0;0;0;0;0;0;0;0;0;0;0;0;0;0;1;1;0;0;0;1;1;5.3108725547790527;1
72679;-5.339599609375;-6.17626953125;8.82373046875;0;14.163330078125;0;0;0;0;0;0;0;0;0;0;0;0;0;0;0;0;0;0;5000;0;0;1000000;0;1;0;0;0;0;0;0;0;0;0;0;0;0;0;0;0;0;0;0;0;0;0;0;5.5777993202209473;1
72778;-5.339599609375;-6.17626953125;8.82373046875;0;14.163330078125;0;0;0;0;0;0;0;0;0;0;0;0;0;0;0;0;0;0;5000;0;0;1000000;0;1;0;0;0;0;0;0;0;0;0;0;0;0;0;0;0;0;0;0;0;0;0;0;5.5777993202209473;1
72880;-5.339599609375;-6.17626953125;8.82373046875;0;14.163330078125;0;0;0;0;0;0;0;0;0;0;0;0;0;0;0;0;0;0;5000;0;0;1000000;0;1;0;0;0;0;0;0;0;0;0;0;0;0;0;0;0;0;0;0;0;0;0;0;5.5777993202209473;1
72980;-5.339599609375;-6.17626953125;8.82373046875;0;14.163330078125;0;0;0;0;0;0;0;0;0;0;0;0;0;0;0;0;0;0;5000;0;0;1000000;0;1;0;0;0;0;0;0;0;0;0;0;0;0;0;0;0;0;0;0;0;0;0;0;5.5777993202209473;1
73080;-5.339599609375;-6.17626953125;8.82373046875;0;14.163330078125;0;0;0;0;0;0;0;0;0;0;0;0;0;0;0;0;0;0;5000;0;0;1000000;0;1;0;0;0;0;0;0;0;0;0;0;0;0;0;0;0;0;0;0;0;0;0;0;5.5777993202209473;1
73182;-5.339599609375;-6.17626953125;8.82373046875;0;14.163330078125;0;0;0;0;0;0;0;0;0;0;0;0;0;0;0;0;0;0;5000;0;0;1000000;0;1;0;0;0;0;0;0;0;0;0;0;0;0;0;0;0;0;0;0;0;0;0;0;5.5777993202209473;1
73281;-5.339599609375;-6.17626953125;8.82373046875;0;14.163330078125;0;0;0;0;0;0;0;0;0;0;0;0;0;0;0;0;0;0;5000;0;0;1000000;0;1;0;0;0;0;0;0;0;0;0;0;0;0;0;0;0;0;0;0;0;0;0;0;5.5777993202209473;1
73384;-5.339599609375;-6.17626953125;8.82373046875;0;14.163330078125;0;0;0;0;0;0;0;0;0;0;0;0;0;0;0;0;0;0;5000;0;0;1000000;0;1;0;0;0;0;0;0;0;0;0;0;0;0;0;0;0;0;0;0;0;0;0;0;5.5777993202209473;1
73483;-5.339599609375;-6.17626953125;8.82373046875;0;14.163330078125;0;0;0;0;0;0;0;0;0;0;0;0;0;0;0;0;0;0;5000;0;0;1000000;0;1;0;0;0;0;0;0;0;0;0;0;0;0;0;0;0;0;0;0.836669921875;0;0;0;0;5.5777993202209473;1
73585;-5.339599609375;-6.17626953125;8.82373046875;0;14.163330078125;0;0;0;0;0;0;0;0;0;0;0;0;0;0;0;0;0;0;5000;0;0;1000000;0;1;0;0;0;0;0;0;0;0;0;0;0;0;0;0;0;0;0;0.836669921875;0;0;0;0;5.5777993202209473;1
73685;-5.339599609375;-6.17626953125;8.82373046875;0;14.163330078125;0;0;0;0;0;0;0;0;0;0;0;0;0;0;0;0;0;0;5355;0;0;1000000;0;1;0;0;0;0;0;0;0;0;0;0;0;0;0;0;0;0;0;0.836669921875;0;0;0;0;5.5777993202209473;1
73786;-5.24951171875;-6.086181640625;8.913818359375;0;14.163330078125;0;1;1;0;0;0;0;0;0;1;1;0;0;0;0;0;0;0;5810;16.200000762939453;0;1000000;0;1;0;1;0;0;0;0;0;0;0;0;0;0;0;0;0;1;1;0.836669921875;0;0;1;1;5.5777993202209473;1
73887;-5.159423828125;-5.99609375;9.00390625;0;14.163330078125;0;1;1;0;0;0;0;0;0;1;1;0;0;0;0;0;0;0;6205;24.100000381469727;0;1000000;0;1;0;1;0;0;0;0;0;0;0;0;0;0;0;0;0;1;1;0.836669921875;0;0;1;1;5.5777993202209473;1
73988;-5.0693359375;-5.906005859375;9.093994140625;0;14.163330078125;0;1;1;0;0;0;0;0;0;1;1;0;0;0;0;0;0;0;6331;26.6200008392334;0;1000000;0;1;0;1;0;0;0;0;0;0;0;0;0;0;0;0;0;1;1;0.836669921875;0;0;1;1;5.5777993202209473;1
74088;-4.96923828125;-5.805908203125;9.194091796875;0;14.163330078125;0;1;1;0;0;0;0;0;0;1;1;0;0;0;0;0;0;0;6566;31.319999694824219;0;1000000;0;1;0;1;0;0;0;0;0;0;0;0;0;0;0;0;0;1;1;0.836669921875;0;0;1;1;5.5777993202209473;1
74188;-4.879150390625;-5.7158203125;9.2841796875;0;14.163330078125;0;1;1;0;0;0;0;0;0;1;1;0;0;0;0;0;0;0;6863;37.2599983215332;0;1000000;0;1;0;1;0;0;0;0;0;0;0;0;0;0;0;0;0;1;1;0.836669921875;0;0;1;1;5.5777993202209473;1
74289;-4.779052734375;-5.61572265625;9.38427734375;0;14.163330078125;0;1;1;0;0;0;0;0;0;1;1;0;0;0;0;0;0;0;7288;45.7599983215332;0;1000000;0;1;0;1;0;0;0;0;0;0;0;0;0;0;0;0;0;1;1;0.836669921875;0;0;1;1;5.5777993202209473;1
74388;-4.678955078125;-5.515625;9.484375;0;14.163330078125;0;1;1;0;0;0;0;0;0;1;1;0;0;0;0;0;0;0;7813;56.260002136230469;0;1000000;0;1;0;1;0;0;0;0;0;0;0;0;0;0;0;0;0;1;1;0.836669921875;0;0;1;1;5.5777993202209473;1
74489;-4.5888671875;-5.425537109375;9.574462890625;0;14.163330078125;0;1;1;0;0;0;0;0;0;1;1;0;0;0;0;0;0;0;7921;58.420001983642578;0;1000000;0;1;0;1;0;0;0;0;0;0;0;0;0;0;0;0;0;1;1;0.836669921875;0;0;1;1;5.5777993202209473;1
74589;-4.4814453125;-5.318115234375;9.681884765625;0;14.163330078125;0;1;1;0;0;0;0;0;0;1;1;0;0;0;0;0;0;0;8136;62.720001220703125;0;1000000;0;1;0;1;0;0;0;0;0;0;0;0;0;0;0;0;0;1.25;1.25;0.836669921875;0;0;1.25;1.25;5.5777993202209473;1
74691;-4.35693359375;-5.193603515625;9.806396484375;0;14.163330078125;0;1;1;0;0;0;0;0;0;1;1;0;0;0;0;0;0;0;8451;69.0199966430664;0;1000000;0;1;0;1;0;0;0;0;0;0;0;0;0;0;0;0;0;1.25;1.25;0.836669921875;0;0;1.25;1.25;5.5777993202209473;1
74791;-4.244873046875;-5.08154296875;9.91845703125;0;14.163330078125;0;1;1;0;0;0;0;0;0;1;1;0;0;0;0;0;0;0;8820;76.4000015258789;0;1000000;0;1;0;1;0;0;0;0;0;0;0;0;0;0;0;0;0;1.25;1.25;0.836669921875;0;0;1.25;1.25;5.5777993202209473;1
74891;-4.1328125;-4.969482421875;10.030517578125;0;14.163330078125;0;1;1;0;0;0;0;0;0;1;1;0;0;0;0;0;0;0;9270;85.399993896484375;0;1000000;0;1;0;1;0;0;0;0;0;0;0;0;0;0;0;0;0;1.25;1.25;0.836669921875;0;0;1.25;1.25;5.5777993202209473;1
74992;-4.00830078125;-4.844970703125;10.155029296875;0;14.163330078125;0;1;1;0;1;0;0;0;0;1;1;0;1;0;0;0;0;0;9515;90.300003051757813;0;1000000;0;1;0;1;0;0;0;0;0;0;0;0;0;0;0;0;0;1.25;1.25;0.836669921875;0;0;1.25;1.25;5.5777993202209473;1
75094;-3.8837890625;-4.720458984375;10.279541015625;0;14.163330078125;0;1;1;0;1;0;0;0;0;1;1;0;1;0;0;0;0;0;9710;94.199996948242188;0;1000000;0;1;0;1;0;0;0;0;0;0;0;0;0;0;0;0;0;1.25;1.25;0.836669921875;0;0;1.25;1.25;5.5777993202209473;1
75194;-3.771728515625;-4.6083984375;10.3916015625;0;14.163330078125;0;1;1;0;1;0;0;0;0;1;1;0;1;0;0;0;0;0;9971;99.419998168945313;0;1000000;0;1;0;1;0;0;0;0;0;0;0;0;0;0;0;0;0;1.25;1.25;0.836669921875;0;0;1.25;1.25;5.5777993202209473;1
75295;-3.644775390625;-4.4814453125;10.5185546875;0;14.163330078125;0;1;1;0;1;0;0;0;0;1;1;0;1;0;0;0;0;0;10000;100;0;1000000;0;1;0;1;0;0;0;0;0;0;0;0;0;0;0;0;0;1.5;1.5;0.836669921875;0;0;1.5;1.5;5.5777993202209473;1
75395;-3.5107421875;-4.347412109375;10.652587890625;0;14.163330078125;0;1;1;0;1;0;0;0;0;1;1;0;1;0;0;0;0;0;10000;100;0;1000000;0;1;0;1;0;0;0;0;0;0;0;0;0;0;0;0;0;1.5;1.5;0.836669921875;0;0;1.5;1.5;5.5777993202209473;1
75496;-3.36181640625;-4.198486328125;10.801513671875;0;14.163330078125;0;1;1;0;1;0;0;0;0;1;1;0;1;0;0;0;0;0;10000;100;0;1000000;0;1;0;1;0;0;0;0;0;0;0;0;0;0;0;0;0;1.5;1.5;0.836669921875;0;0;1.5;1.5;5.5777993202209473;1
75596;-3.212890625;-4.049560546875;10.950439453125;0;14.163330078125;0;1;1;0;1;0;0;0;0;1;1;0;1;0;0;0;0;0;10000;100;0;1000000;0;1;0;1;0;0;0;0;0;0;0;0;0;0;0;0;0;1.5;1.5;0.836669921875;0;0;1.5;1.5;5.5777993202209473;1
75696;-3.078857421875;-3.91552734375;11.08447265625;0;14.163330078125;0;1;1;0;1;1;0;0;0;1;1;0;1;1;0;0;0;0;10000;100;0;1000000;0;1;0;1;0;0;0;0;0;0;0;0;0;0;0;0;0;1.5;1.5;0.836669921875;0;0;1.5;1.5;5.5777993202209473;1
75796;-2.929931640625;-3.7666015625;11.2333984375;0;14.163330078125;0;1;1;0;1;1;0;0;0;1;1;0;1;1;0;0;0;0;10000;100;0;1000000;0;1;0;1;0;0;0;0;0;0;0;0;0;0;0;0;0;1.5;1.5;0.836669921875;0;0;1.5;1.5;5.5777993202209473;1
75897;-2.7958984375;-3.632568359375;11.367431640625;0;14.163330078125;0;1;1;0;1;1;0;0;0;1;1;0;1;1;0;0;0;0;7750;55;0;1000000;0;1;0;1;0;0;0;0;0;0;0;0;0;0;0;0;0;1.5;1.5;0.836669921875;0;0;1.5;1.5;5.5777993202209473;1
75999;-2.66650390625;-3.503173828125;11.496826171875;0;14.163330078125;0;0;0;0;0;0;0;0;0;0;0;0;0;0;0;0;0;0;5250;0;0;1000000;0;1;0;1;0;0;0;0;0;0;0;0;0;0;0;0;0;1;1;0.836669921875;0;0;1;1;5.5777993202209473;1
76099;-2.56640625;-3.403076171875;11.596923828125;0;14.163330078125;0;0;0;0;0;0;0;0;0;0;0;0;0;0;0;0;0;0;5000;0;0;1000000;0;1;0;1;0;0;0;0;0;0;0;0;0;0;0;0;0;1;1;0.836669921875;0;0;1;1;5.5777993202209473;1
76198;-2.476318359375;-3.31298828125;11.68701171875;0;14.163330078125;0;0;0;0;0;0;0;0;0;0;0;0;0;0;0;0;0;0;5000;0;0;1000000;0;1;0;1;0;0;0;0;0;0;0;0;0;0;0;0;0;1;1;0.836669921875;0;0;1;1;5.5777993202209473;1
76298;-2.376220703125;-3.212890625;11.787109375;0;14.163330078125;0;0;0;0;0;0;0;0;0;0;0;0;0;0;0;0;0;0;5000;0;0;1000000;0;1;0;1;0;0;0;0;0;0;0;0;0;0;0;0;0;1;1;0.836669921875;0;0;1;1;5.5777993202209473;1
76398;-2.316162109375;-3.1328125;11.8671875;0;14.183349609375;0;0;0;0;0;0;0;0;0;0;0;0;0;0;0;0;0;0;5000;0;0;1000000;0;1;0;1;0;0;0;0;0;0;0;0;0;0;0;0;0;0;0;0.816650390625;0;0;0;0;5.4443359375;1
76499;-2.316162109375;-3.1328125;11.8671875;0;14.183349609375;0;0;0;0;0;0;0;0;0;0;0;0;0;0;0;0;0;0;5000;0;0;1000000;0;1;0;1;0;0;0;0;0;0;0;0;0;0;0;0;0;0;0;0.816650390625;0;0;0;0;5.4443359375;1
76599;-2.316162109375;-3.1328125;11.8671875;0;14.183349609375;0;0;0;0;0;0;0;0;0;0;0;0;0;0;0;0;0;0;5000;0;0;1000000;0;1;0;1;0;0;0;0;0;0;0;0;0;0;0;0;0;0;0;0.816650390625;0;0;0;0;5.4443359375;1
76700;-2.316162109375;-3.1328125;11.8671875;0;14.183349609375;0;0;0;0;0;0;0;0;0;0;0;0;0;0;0;0;0;0;5000;0;0;1000000;0;1;0;1;0;0;0;0;0;0;0;0;0;0;0;0;0;0;0;0.816650390625;0;0;0;0;5.4443359375;1
76800;-2.316162109375;-3.1328125;11.8671875;0;14.183349609375;0;0;0;0;0;0;0;0;0;0;0;0;0;0;0;0;0;0;5000;0;0;1000000;0;1;0;0;0;0;0;0;0;0;0;0;0;0;0;0;0;0;0;0.816650390625;0;0;0;0;5.4443359375;1
76901;-2.316162109375;-3.1328125;11.8671875;0;14.183349609375;0;0;0;0;0;0;0;0;0;0;0;0;0;0;0;0;0;0;5000;0;0;1000000;0;1;0;0;0;0;0;0;0;0;0;0;0;0;0;0;0;0;0;0.816650390625;0;0;0;0;5.4443359375;1
77000;-2.316162109375;-3.1328125;11.8671875;0;14.183349609375;0;0;0;0;0;0;0;0;0;0;0;0;0;0;0;0;0;0;5000;0;0;1000000;0;1;0;0;0;0;0;0;0;0;0;0;0;0;0;0;0;0;0;0.816650390625;0;0;0;0;5.4443359375;1
77101;-2.316162109375;-3.1328125;11.8671875;0;14.183349609375;0;0;0;0;0;0;0;0;0;0;0;0;0;0;0;0;0;0;5000;0;0;1000000;0;1;0;0;0;0;0;0;0;0;0;0;0;0;0;0;0;0;0;0.816650390625;0;0;0;0;5.4443359375;1
77201;-2.316162109375;-3.1328125;11.8671875;0;14.183349609375;0;0;0;0;0;0;0;0;0;0;0;0;0;0;0;0;0;0;5000;0;0;1000000;0;1;0;0;0;0;0;0;0;0;0;0;0;0;0;0;0;0;0;0.816650390625;0;0;0;0;5.4443359375;1
77301;-2.316162109375;-3.1328125;11.8671875;0;14.183349609375;0;0;0;0;0;0;0;0;0;0;0;0;0;0;0;0;0;0;5000;0;0;1000000;0;1;0;0;0;0;0;0;0;0;0;0;0;0;0;0;0;0;0;0.816650390625;0;0;0;0;5.4443359375;1
77402;-2.316162109375;-3.1328125;11.8671875;0;14.183349609375;0;0;0;0;0;0;0;0;0;0;0;0;0;0;0;0;0;0;5000;0;0;1000000;0;1;0;0;0;0;0;0;0;0;0;0;0;0;0;0;0;0;0;0.816650390625;0;0;0;0;5.4443359375;1
77502;-2.316162109375;-3.1328125;11.8671875;0;14.183349609375;0;0;0;0;0;0;0;0;0;0;0;0;0;0;0;0;0;0;5000;0;0;1000000;0;1;0;0;0;0;0;0;0;0;0;0;0;0;0;0;0;0;0;0.816650390625;0;0;0;0;5.4443359375;1
77603;-2.316162109375;-3.1328125;11.8671875;0;14.183349609375;0;0;0;0;0;0;0;0;0;0;0;0;0;0;0;0;0;0;5000;0;0;1000000;0;1;0;0;0;0;0;0;0;0;0;0;0;0;0;0;0;0;0;0.816650390625;0;0;0;0;5.4443359375;1
77703;-2.316162109375;-3.1328125;11.8671875;0;14.183349609375;0;0;0;0;0;0;0;0;0;0;0;0;0;0;0;0;0;0;5000;0;0;1000000;0;1;0;0;0;0;0;0;0;0;0;0;0;0;0;0;0;0;0;0.816650390625;0;0;0;0;5.4443359375;1
77803;-2.316162109375;-3.1328125;11.8671875;0;14.183349609375;0;0;0;0;0;0;0;0;0;0;0;0;0;0;0;0;0;0;5000;0;0;1000000;0;1;0;0;0;0;0;0;0;0;0;0;0;0;0;0;0;0;0;0.816650390625;0;0;0;0;5.4443359375;1
77904;-2.316162109375;-3.1328125;11.8671875;0;14.183349609375;0;0;0;0;0;0;0;0;0;0;0;0;0;0;0;0;0;0;5000;0;0;1000000;0;1;0;0;0;0;0;0;0;0;0;0;0;0;0;0;0;0;0;0.816650390625;0;0;0;0;5.4443359375;1
78003;-2.316162109375;-3.1328125;11.8671875;0;14.183349609375;0;0;0;0;0;0;0;0;0;0;0;0;0;0;0;0;0;0;5000;0;0;1000000;0;1;0;0;0;0;0;0;0;0;0;0;0;0;0;0;0;0;0;0.816650390625;0;0;0;0;5.4443359375;1
78103;-2.316162109375;-3.1328125;11.8671875;0;14.183349609375;0;0;0;0;0;0;0;0;0;0;0;0;0;0;0;0;0;0;5000;0;0;1000000;0;1;0;0;0;0;0;0;0;0;0;0;0;0;0;0;0;0;0;0.816650390625;0;0;0;0;5.4443359375;1
78204;-2.316162109375;-3.1328125;11.8671875;0;14.183349609375;0;0;0;0;0;0;0;0;0;0;0;0;0;0;0;0;0;0;5000;0;0;1000000;0;1;0;0;0;0;0;0;0;0;0;0;0;0;0;0;0;0;0;0.816650390625;0;0;0;0;5.4443359375;1
78306;-2.316162109375;-3.1328125;11.8671875;0;14.183349609375;0;0;0;0;0;0;0;0;0;0;0;0;0;0;0;0;0;0;5000;0;0;1000000;0;1;0;0;0;0;0;0;0;0;0;0;0;0;0;0;0;0;0;0.816650390625;0;0;0;0;5.4443359375;1
78405;-2.316162109375;-3.1328125;11.8671875;0;14.183349609375;0;0;0;0;0;0;0;0;0;0;0;0;0;0;0;0;0;0;5000;0;0;1000000;0;1;0;0;0;0;0;0;0;0;0;0;0;0;0;0;0;0;0;0.816650390625;0;0;0;0;5.4443359375;1
78506;-2.316162109375;-3.1328125;11.8671875;0;14.183349609375;0;0;0;0;0;0;0;0;0;0;0;0;0;0;0;0;0;0;5000;0;0;1000000;0;1;0;0;0;0;0;0;0;0;0;0;0;0;0;0;0;0;0;0.816650390625;0;0;0;0;5.4443359375;1
78607;-2.316162109375;-3.1328125;11.8671875;0;14.183349609375;0;0;0;0;0;0;0;0;0;0;0;0;0;0;0;0;0;0;5000;0;0;1000000;0;1;0;0;0;0;0;0;0;0;0;0;0;0;0;0;0;0;0;0.816650390625;0;0;0;0;5.4443359375;1
78710;-2.316162109375;-3.1328125;11.8671875;0;14.183349609375;0;0;0;0;0;0;0;0;0;0;0;0;0;0;0;0;0;0;4865;0;0;1000000;0;1;0;0;0;0;0;0;0;0;0;0;0;0;0;0;0;0;0;0.816650390625;0;0;0;0;5.4443359375;1
78809;-2.316162109375;-3.1328125;11.8671875;0;14.183349609375;0;0;0;0;0;0;0;0;0;0;0;0;0;0;0;0;0;0;4658;6.8400001525878906;0;1000000;0;1;0;1;0;0;0;0;0;0;0;0;0;0;0;0;0;0;0;0.816650390625;0;0;0;0;5.4443359375;1
78910;-2.316162109375;-3.1328125;11.8671875;0;14.183349609375;0;0;0;0;0;0;0;0;0;0;0;0;0;0;0;0;0;0;4333;13.339999198913574;0;1000000;0;1;0;1;0;0;0;0;0;0;0;0;0;0;0;0;0;0;0;0.816650390625;0;0;0;0;5.4443359375;1
79011;-2.316162109375;-3.1328125;11.8671875;0;14.183349609375;0;0;0;0;0;0;0;0;0;0;0;0;0;0;0;0;0;0;3955;20.900001525878906;0;1000000;0;1;0;1;0;0;0;0;0;0;0;0;0;0;0;0;0;0;0;0.816650390625;0;0;0;0;5.4443359375;1
79112;-2.316162109375;-3.1328125;11.8671875;0;14.183349609375;0;0;0;0;0;0;0;0;0;0;0;0;0;0;0;0;0;0;3440;31.200000762939453;0;1000000;0;1;0;1;0;0;0;0;0;0;0;0;0;0;0;0;0;0;0;0.816650390625;0;0;0;0;5.4443359375;1
79213;-2.316162109375;-3.1328125;11.8671875;0;14.183349609375;0;0;0;0;0;0;0;0;0;0;0;0;0;0;0;0;0;0;3291;34.180000305175781;0;1000000;0;1;0;1;0;0;0;0;0;0;0;0;0;0;0;0;0;0;0;0.816650390625;0;0;0;0;5.4443359375;1
79312;-2.316162109375;-3.1328125;11.8671875;0;14.183349609375;0;0;0;0;0;0;0;0;0;0;0;0;0;0;0;0;0;0;3086;38.280002593994141;0;1000000;0;1;0;1;0;0;0;0;0;0;0;0;0;0;0;0;0;0;0;0.816650390625;0;0;0;0;5.4443359375;1
79413;-2.316162109375;-3.1328125;11.8671875;0;14.183349609375;0;0;0;0;0;0;0;0;0;0;0;0;0;0;0;0;0;0;2816;43.680000305175781;0;1000000;0;1;0;1;0;0;0;0;0;0;0;0;0;0;0;0;0;0;0;0.816650390625;0;0;0;0;5.4443359375;1
79513;-2.316162109375;-3.1328125;11.8671875;0;14.183349609375;0;0;0;0;0;0;0;0;0;0;0;0;0;0;0;0;0;0;2421;51.580001831054688;0;1000000;0;1;0;1;0;0;0;0;0;0;0;0;0;0;0;0;0;0;0;0.816650390625;0;0;0;0;5.4443359375;1
79614;-2.316162109375;-3.1328125;11.8671875;0;14.183349609375;0;0;0;0;0;0;0;0;0;0;0;0;0;0;0;0;0;0;1980;60.399997711181641;0;1000000;0;1;0;1;0;0;0;0;0;0;0;0;0;0;0;0;0;0;0;0.816650390625;0;0;0;0;5.4443359375;1
79714;-2.316162109375;-3.1328125;11.8671875;0;14.183349609375;0;0;0;0;0;0;0;0;0;0;0;0;0;0;0;0;0;0;1695;66.0999984741211;0;1000000;0;1;0;1;0;0;0;0;0;0;0;0;0;0;0;0;0;0;0;0.816650390625;0;0;0;0;5.4443359375;1
79816;-2.316162109375;-3.1328125;11.8671875;0;14.183349609375;0;0;0;0;0;0;0;0;0;0;0;0;0;0;0;0;0;0;1510;69.800003051757813;0;1000000;0;1;0;1;0;0;0;0;0;0;0;0;0;0;0;0;0;0;0;0.816650390625;0;0;0;0;5.4443359375;1
79916;-2.316162109375;-3.1328125;11.8671875;0;14.183349609375;0;0;0;0;0;0;0;0;0;0;0;0;0;0;0;0;0;0;1258;74.839996337890625;0;1000000;0;1;0;1;0;0;0;0;0;0;0;0;0;0;0;0;0;0;0;0.816650390625;0;0;0;0;5.4443359375;1
80017;-2.316162109375;-3.1328125;11.8671875;0;14.183349609375;0;0;0;0;0;0;0;0;0;0;0;0;0;0;0;0;0;0;883;82.340003967285156;0;1000000;0;1;0;1;0;0;0;0;0;0;0;0;0;0;0;0;0;0;0;0.816650390625;0;0;0;0;5.4443359375;1
80117;-2.316162109375;-3.1328125;11.8671875;0;14.183349609375;0;0;0;0;0;0;0;0;0;0;0;0;0;0;0;0;0;0;408;91.839996337890625;0;1000000;0;1;0;1;0;0;0;0;0;0;0;0;0;0;0;0;0;0;0;0.816650390625;0;0;0;0;5.4443359375;1
80219;-2.316162109375;-3.1328125;11.8671875;0;14.183349609375;0;0;0;0;0;0;0;0;0;0;0;0;0;0;0;0;0;0;83;98.339996337890625;0;1000000;0;1;0;1;0;0;0;0;0;0;0;0;0;0;0;0;0;0;0;0.816650390625;0;0;0;0;5.4443359375;1
80318;-2.316162109375;-3.1328125;11.8671875;0;14.183349609375;0;0;0;0;0;0;0;0;0;0;0;0;0;0;0;0;0;0;0;100;0;1000000;0;1;0;1;0;0;0;0;0;0;0;0;0;0;0;0;0;0;0;0.816650390625;0;0;0;0;5.4443359375;1
80418;-2.316162109375;-3.1328125;11.8671875;0;14.183349609375;0;0;0;0;0;0;0;0;0;0;0;0;0;0;0;0;0;0;0;100;0;1000000;0;1;0;1;0;0;0;0;0;0;0;0;0;0;0;0;0;0;0;0.816650390625;0;0;0;0;5.4443359375;1
80520;-2.316162109375;-3.1328125;11.8671875;0;14.183349609375;0;0;0;0;0;0;0;0;0;0;0;0;0;0;0;0;0;0;0;100;0;1000000;0;1;0;1;0;0;0;0;0;0;0;0;0;0;0;0;0;0;0;0.816650390625;0;0;0;0;5.4443359375;1
80622;-2.316162109375;-3.1328125;11.8671875;0;14.183349609375;0;0;0;0;0;0;0;0;0;0;0;0;0;0;0;0;0;0;0;100;0;1000000;0;1;0;1;0;0;0;0;0;0;0;0;0;0;0;0;0;0;0;0.816650390625;0;0;0;0;5.4443359375;1
80722;-2.316162109375;-3.1328125;11.8671875;0;14.183349609375;0;0;0;0;0;0;0;0;0;0;0;0;0;0;0;0;0;0;0;100;0;1000000;0;1;0;1;0;0;0;0;0;0;0;0;0;0;0;0;0;0;0;0.816650390625;0;0;0;0;5.4443359375;1
80824;-2.316162109375;-3.1328125;11.8671875;0;14.183349609375;0;0;0;0;0;0;0;0;0;0;0;0;0;0;0;0;0;0;0;100;0;1000000;0;1;0;1;0;0;0;0;0;0;0;0;0;0;0;0;0;0;0;0.816650390625;0;0;0;0;5.4443359375;1
80924;-2.316162109375;-3.1328125;11.8671875;0;14.183349609375;0;0;0;0;0;0;0;0;0;0;0;0;0;0;0;0;0;0;0;100;0;1000000;0;1;0;1;0;0;0;0;0;0;0;0;0;0;0;0;0;0;0;0.816650390625;0;0;0;0;5.4443359375;1
81024;-2.316162109375;-3.1328125;11.8671875;0;14.183349609375;0;0;0;0;0;0;0;0;0;0;0;0;0;0;0;0;0;0;0;100;0;1000000;0;1;0;1;0;0;0;0;0;0;0;0;0;0;0;0;0;0;0;0.816650390625;0;0;0;0;5.4443359375;1
81124;-2.316162109375;-3.1328125;11.8671875;0;14.183349609375;0;0;0;0;0;0;0;0;0;0;0;0;0;0;0;0;0;0;0;100;0;1000000;0;1;0;1;0;0;0;0;0;0;0;0;0;0;0;0;0;0;0;0.816650390625;0;0;0;0;5.4443359375;1
81225;-2.316162109375;-3.1328125;11.8671875;0;14.183349609375;0;0;0;0;0;0;0;0;0;0;0;0;0;0;0;0;0;0;0;100;0;1000000;0;1;0;1;0;0;0;0;0;0;0;0;0;0;0;0;0;0;0;0.816650390625;0;0;0;0;5.4443359375;1
81324;-2.316162109375;-3.1328125;11.8671875;0;14.183349609375;0;0;0;0;0;0;0;0;0;0;0;0;0;0;0;0;0;0;0;100;0;1000000;0;1;0;1;0;0;0;0;0;0;0;0;0;0;0;0;0;0;0;0.816650390625;0;0;0;0;5.4443359375;1
81425;-2.316162109375;-3.1328125;11.8671875;0;14.183349609375;0;0;0;0;0;0;0;0;0;0;0;0;0;0;0;0;0;0;0;100;0;1000000;0;1;0;1;0;0;0;0;0;0;0;0;0;0;0;0;0;0;0;0.816650390625;0;0;0;0;5.4443359375;1
81525;-2.316162109375;-3.1328125;11.8671875;0;14.183349609375;0;0;0;0;0;0;0;0;0;0;0;0;0;0;0;0;0;0;0;100;0;1000000;0;1;0;1;0;0;0;0;0;0;0;0;0;0;0;0;0;0;0;0.816650390625;0;0;0;0;5.4443359375;1
81626;-2.316162109375;-3.1328125;11.8671875;0;14.183349609375;0;0;0;0;0;0;0;0;0;0;0;0;0;0;0;0;0;0;0;100;0;1000000;0;1;0;1;0;0;0;0;0;0;0;0;0;0;0;0;0;0;0;0.816650390625;0;0;0;0;5.4443359375;1
81727;-2.316162109375;-3.1328125;11.8671875;0;14.183349609375;0;0;0;0;0;0;0;0;0;0;0;0;0;0;0;0;0;0;0;100;0;1000000;0;1;0;1;0;0;0;0;0;0;0;0;0;0;0;0;0;0;0;0.816650390625;0;0;0;0;5.4443359375;1
81828;-2.316162109375;-3.1328125;11.8671875;0;14.183349609375;0;0;0;0;0;0;0;0;0;0;0;0;0;0;0;0;0;0;0;100;0;1000000;0;1;0;1;0;0;0;0;0;0;0;0;0;0;0;0;0;0;0;0.816650390625;0;0;0;0;5.4443359375;1
81928;-2.316162109375;-3.1328125;11.8671875;0;14.183349609375;0;0;0;0;0;0;0;0;0;0;0;0;0;0;0;0;0;0;0;100;0;1000000;0;1;0;1;0;0;0;0;0;0;0;0;0;0;0;0;0;0;0;0.816650390625;0;0;0;0;5.4443359375;1
82028;-2.316162109375;-3.1328125;11.8671875;0;14.183349609375;0;0;0;0;0;0;0;0;0;0;0;0;0;0;0;0;0;0;0;100;0;1000000;0;1;0;1;0;0;0;0;0;0;0;0;0;0;0;0;0;0;0;0.816650390625;0;0;0;0;5.4443359375;1
82129;-2.316162109375;-3.1328125;11.8671875;0;14.183349609375;0;0;0;0;0;0;0;0;0;0;0;0;0;0;0;0;0;0;0;100;0;1000000;0;1;0;1;0;0;0;0;0;0;0;0;0;0;0;0;0;0;0;0.816650390625;0;0;0;0;5.4443359375;1
82229;-2.316162109375;-3.1328125;11.8671875;0;14.183349609375;0;0;0;0;0;0;0;0;0;0;0;0;0;0;0;0;0;0;0;100;0;1000000;0;1;0;1;0;0;0;0;0;0;0;0;0;0;0;0;0;0;0;0.816650390625;0;0;0;0;5.4443359375;1
82330;-2.316162109375;-3.1328125;11.8671875;0;14.183349609375;0;0;0;0;0;0;0;0;0;0;0;0;0;0;0;0;0;0;0;100;0;1000000;0;1;0;1;0;0;0;0;0;0;0;0;0;0;0;0;0;0;0;0.816650390625;0;0;0;0;5.4443359375;1
82428;-2.316162109375;-3.1328125;11.8671875;0;14.183349609375;0;0;0;0;0;0;0;0;0;0;0;0;0;0;0;0;0;0;0;100;0;1000000;0;1;0;1;0;0;0;0;0;0;0;0;0;0;0;0;0;0;0;0.816650390625;0;0;0;0;5.4443359375;1
82530;-2.316162109375;-3.1328125;11.8671875;0;14.183349609375;0;0;0;0;0;0;0;0;0;0;0;0;0;0;0;0;0;0;0;100;0;1000000;0;1;0;1;0;0;0;0;0;0;0;0;0;0;0;0;0;0;0;0.816650390625;0;0;0;0;5.4443359375;1
82630;-2.316162109375;-3.1328125;11.8671875;0;14.183349609375;0;0;0;0;0;0;0;0;0;0;0;0;0;0;0;0;0;0;0;100;0;1000000;0;1;0;1;0;0;0;0;0;0;0;0;0;0;0;0;0;0;0;0.816650390625;0;0;0;0;5.4443359375;1
82731;-2.316162109375;-3.1328125;11.8671875;0;14.183349609375;0;0;0;0;0;0;0;0;0;0;0;0;0;0;0;0;0;0;0;100;0;1000000;0;1;0;1;0;0;0;0;0;0;0;0;0;0;0;0;0;0;0;0.816650390625;0;0;0;0;5.4443359375;1
82830;-2.316162109375;-3.1328125;11.8671875;0;14.183349609375;0;0;0;0;0;0;0;0;0;0;0;0;0;0;0;0;0;0;0;100;0;1000000;0;1;0;1;0;0;0;0;0;0;0;0;0;0;0;0;0;0;0;0.816650390625;0;0;0;0;5.4443359375;1
82931;-2.316162109375;-3.1328125;11.8671875;0;14.183349609375;0;0;0;0;0;0;0;0;0;0;0;0;0;0;0;0;0;0;0;100;0;1000000;0;1;0;1;0;0;0;0;0;0;0;0;0;0;0;0;0;0;0;0.816650390625;0;0;0;0;5.4443359375;1
83031;-2.316162109375;-3.1328125;11.8671875;0;14.183349609375;0;0;0;0;0;0;0;0;0;0;0;0;0;0;0;0;0;0;0;100;0;1000000;0;1;0;1;0;0;0;0;0;0;0;0;0;0;0;0;0;0;0;0.816650390625;0;0;0;0;5.4443359375;1
83131;-2.316162109375;-3.1328125;11.8671875;0;14.183349609375;0;0;0;0;0;0;0;0;0;0;0;0;0;0;0;0;0;0;0;100;0;1000000;0;1;0;1;0;0;0;0;0;0;0;0;0;0;0;0;0;0;0;0.816650390625;0;0;0;0;5.4443359375;1
83233;-2.316162109375;-3.1328125;11.8671875;0;14.183349609375;0;0;0;0;0;0;0;0;0;0;0;0;0;0;0;0;0;0;0;100;0;1000000;0;1;0;1;0;0;0;0;0;0;0;0;0;0;0;0;0;0;0;0.816650390625;0;0;0;0;5.4443359375;1
83332;-2.316162109375;-3.1328125;11.8671875;0;14.183349609375;0;0;0;0;0;0;0;0;0;0;0;0;0;0;0;0;0;0;0;100;0;1000000;0;1;0;1;0;0;0;0;0;0;0;0;0;0;0;0;0;0;0;0.816650390625;0;0;0;0;5.4443359375;1
83434;-2.316162109375;-3.1328125;11.8671875;0;14.183349609375;0;0;0;0;0;0;0;0;0;0;0;0;0;0;0;0;0;0;0;100;0;1000000;0;1;0;1;0;0;0;0;0;0;0;0;0;0;0;0;0;0;0;0.816650390625;0;0;0;0;5.4443359375;1
83535;-2.316162109375;-3.1328125;11.8671875;0;14.183349609375;0;0;0;0;0;0;0;0;0;0;0;0;0;0;0;0;0;0;0;100;0;1000000;0;1;0;1;0;0;0;0;0;0;0;0;0;0;0;0;0;0;0;0.816650390625;0;0;0;0;5.4443359375;1
83635;-2.316162109375;-3.1328125;11.8671875;0;14.183349609375;0;0;0;0;0;0;0;0;0;0;0;0;0;0;0;0;0;0;0;100;0;1000000;0;1;0;1;0;0;0;0;0;0;0;0;0;0;0;0;0;0;0;0.816650390625;0;0;0;0;5.4443359375;1
83735;-2.316162109375;-3.1328125;11.8671875;0;14.183349609375;0;0;0;0;0;0;0;0;0;0;0;0;0;0;0;0;0;0;2500;50;0;1000000;0;1;0;1;0;0;0;0;0;0;0;0;0;0;0;0;0;0;0;0.816650390625;0;0;0;0;5.4443359375;1
83834;-2.316162109375;-3.1328125;11.8671875;0;14.183349609375;0;0;0;0;0;0;0;0;0;0;0;0;0;0;0;0;0;0;4750;0;0;1000000;0;1;0;1;0;0;0;0;0;0;0;0;0;0;0;0;0;0;0;0.816650390625;0;0;0;0;5.4443359375;1
83935;-2.316162109375;-3.1328125;11.8671875;0;14.183349609375;0;0;0;0;0;0;0;0;0;0;0;0;0;0;0;0;0;0;5000;0;0;1000000;0;1;0;0;0;0;0;0;0;0;0;0;0;0;0;0;0;0;0;0.816650390625;0;0;0;0;5.4443359375;1
84036;-2.316162109375;-3.1328125;11.8671875;0;14.183349609375;0;0;0;0;0;0;0;0;0;0;0;0;0;0;0;0;0;0;5000;0;0;1000000;0;1;0;0;0;0;0;0;0;0;0;0;0;0;0;0;0;0;0;0.816650390625;0;0;0;0;5.4443359375;1
84136;-2.316162109375;-3.1328125;11.8671875;0;14.183349609375;0;0;0;0;0;0;0;0;0;0;0;0;0;0;0;0;0;0;5000;0;0;1000000;0;1;0;0;0;0;0;0;0;0;0;0;0;0;0;0;0;0;0;0.816650390625;0;0;0;0;5.4443359375;1
84235;-2.316162109375;-3.1328125;11.8671875;0;14.183349609375;0;0;0;0;0;0;0;0;0;0;0;0;0;0;0;0;0;0;5000;0;0;1000000;0;1;0;0;0;0;0;0;0;0;0;0;0;0;0;0;0;0;0;0.816650390625;0;0;0;0;5.4443359375;1
84336;-2.316162109375;-3.1328125;11.8671875;0;14.183349609375;0;0;0;0;0;0;0;0;0;0;0;0;0;0;0;0;0;0;5000;0;0;1000000;0;1;0;0;0;0;0;0;0;0;0;0;0;0;0;0;0;0;0;0.816650390625;0;0;0;0;5.4443359375;1
84436;-2.316162109375;-3.1328125;11.8671875;0;14.183349609375;0;0;0;0;0;0;0;0;0;0;0;0;0;0;0;0;0;0;5000;0;0;1000000;0;1;0;0;0;0;0;0;0;0;0;0;0;0;0;0;0;0;0;0.816650390625;0;0;0;0;5.4443359375;1
84536;-2.316162109375;-3.1328125;11.8671875;0;14.183349609375;0;0;0;0;0;0;0;0;0;0;0;0;0;0;0;0;0;0;5000;0;0;1000000;0;1;0;0;0;0;0;0;0;0;0;0;0;0;0;0;0;0;0;0.816650390625;0;0;0;0;5.4443359375;1
84641;-2.316162109375;-3.1328125;11.8671875;0;14.183349609375;0;0;0;0;0;0;0;0;0;0;0;0;0;0;0;0;0;0;5000;0;0;1000000;0;1;0;0;0;0;0;0;0;0;0;0;0;0;0;0;0;0;0;0.816650390625;0;0;0;0;5.4443359375;1
84739;-2.316162109375;-3.1328125;11.8671875;0;14.183349609375;0;0;0;0;0;0;0;0;0;0;0;0;0;0;0;0;0;0;5000;0;0;1000000;0;1;0;0;0;0;0;0;0;0;0;0;0;0;0;0;0;0;0;0.816650390625;0;0;0;0;5.4443359375;1
84839;-2.316162109375;-3.1328125;11.8671875;0;14.183349609375;0;0;0;0;0;0;0;0;0;0;0;0;0;0;0;0;0;0;5000;0;0;1000000;0;1;0;0;0;0;0;0;0;0;0;0;0;0;0;0;0;0;0;0.816650390625;0;0;0;0;5.4443359375;1
84939;-2.316162109375;-3.1328125;11.8671875;0;14.183349609375;0;0;0;0;0;0;0;0;0;0;0;0;0;0;0;0;0;0;5000;0;0;1000000;0;1;0;0;0;0;0;0;0;0;0;0;0;0;0;0;0;0;0;0.816650390625;0;0;0;0;5.4443359375;1
85039;-2.316162109375;-3.1328125;11.8671875;0;14.183349609375;0;0;0;0;0;0;0;0;0;0;0;0;0;0;0;0;0;0;5000;0;0;1000000;0;1;0;0;0;0;0;0;0;0;0;0;0;0;0;0;0;0;0;0.816650390625;0;0;0;0;5.4443359375;1
85141;-2.316162109375;-3.1328125;11.8671875;0;14.183349609375;0;0;0;0;0;0;0;0;0;0;0;0;0;0;0;0;0;0;5000;0;0;1000000;0;1;0;0;0;0;0;0;0;0;0;0;0;0;0;0;0;0;0;0.816650390625;0;0;0;0;5.4443359375;1
85241;-2.316162109375;-3.1328125;11.8671875;0;14.183349609375;0;0;0;0;0;0;0;0;0;0;0;0;0;0;0;0;0;0;5000;0;0;1000000;0;1;0;0;0;0;0;0;0;0;0;0;0;0;0;0;0;0;0;0.816650390625;0;0;0;0;5.4443359375;1
85340;-2.316162109375;-3.1328125;11.8671875;0;14.183349609375;0;0;0;0;0;0;0;0;0;0;0;0;0;0;0;0;0;0;5000;0;0;1000000;0;1;0;0;0;0;0;0;0;0;0;0;0;0;0;0;0;0;0;0.816650390625;0;0;0;0;5.4443359375;1
85441;-2.316162109375;-3.1328125;11.8671875;0;14.183349609375;0;0;0;0;0;0;0;0;0;0;0;0;0;0;0;0;0;0;5000;0;0;1000000;0;1;0;0;0;0;0;0;0;0;0;0;0;0;0;0;0;0;0;0.816650390625;0;0;0;0;5.4443359375;1
85542;-2.316162109375;-3.1328125;11.8671875;0;14.183349609375;0;0;0;0;0;0;0;0;0;0;0;0;0;0;0;0;0;0;5000;0;0;1000000;0;1;0;0;0;0;0;0;0;0;0;0;0;0;0;0;0;0;0;0.816650390625;0;0;0;0;5.4443359375;1
85641;-2.316162109375;-3.1328125;11.8671875;0;14.183349609375;0;0;0;0;0;0;0;0;0;0;0;0;0;0;0;0;0;0;5000;0;0;1000000;0;1;0;0;0;0;0;0;0;0;0;0;0;0;0;0;0;0;0;0.816650390625;0;0;0;0;5.4443359375;1
85740;-2.316162109375;-3.1328125;11.8671875;0;14.183349609375;0;0;0;0;0;0;0;0;0;0;0;0;0;0;0;0;0;0;4685;0;0;1000000;0;1;0;0;0;0;0;0;0;0;0;0;0;0;0;0;0;0;0;0.816650390625;0;0;0;0;5.4443359375;1
85841;-2.316162109375;-3.1328125;11.8671875;0;14.183349609375;0;0;0;0;0;0;0;0;0;0;0;0;0;0;0;0;0;0;4270;14.59999942779541;0;1000000;0;1;0;1;0;0;0;0;0;0;0;0;0;0;0;0;0;0;0;0.816650390625;0;0;0;0;5.4443359375;1
85941;-2.316162109375;-3.1328125;11.8671875;0;14.183349609375;0;0;0;0;0;0;0;0;0;0;0;0;0;0;0;0;0;0;3811;23.780000686645508;0;1000000;0;1;0;1;0;0;0;0;0;0;0;0;0;0;0;0;0;0;0;0.816650390625;0;0;0;0;5.4443359375;1
86043;-2.316162109375;-3.1328125;11.8671875;0;14.183349609375;0;0;0;0;0;0;0;0;0;0;0;0;0;0;0;0;0;0;3606;27.880001068115234;0;1000000;0;1;0;1;0;0;0;0;0;0;0;0;0;0;0;0;0;0;0;0.816650390625;0;0;0;0;5.4443359375;1
86143;-2.316162109375;-3.1328125;11.8671875;0;14.183349609375;0;0;0;0;0;0;0;0;0;0;0;0;0;0;0;0;0;0;3426;31.479999542236328;0;1000000;0;1;0;1;0;0;0;0;0;0;0;0;0;0;0;0;0;0;0;0.816650390625;0;0;0;0;5.4443359375;1
86242;-2.316162109375;-3.1328125;11.8671875;0;14.183349609375;0;0;0;0;0;0;0;0;0;0;0;0;0;0;0;0;0;0;3131;37.380001068115234;0;1000000;0;1;0;1;0;0;0;0;0;0;0;0;0;0;0;0;0;0;0;0.816650390625;0;0;0;0;5.4443359375;1
86342;-2.316162109375;-3.1328125;11.8671875;0;14.183349609375;0;0;0;0;0;0;0;0;0;0;0;0;0;0;0;0;0;0;2780;44.400001525878906;0;1000000;0;1;0;1;0;0;0;0;0;0;0;0;0;0;0;0;0;0;0;0.816650390625;0;0;0;0;5.4443359375;1
86443;-2.316162109375;-3.1328125;11.8671875;0;14.183349609375;0;0;0;0;0;0;0;0;0;0;0;0;0;0;0;0;0;0;2348;53.039997100830078;0;1000000;0;1;0;1;0;0;0;0;0;0;0;0;0;0;0;0;0;0;0;0.816650390625;0;0;0;0;5.4443359375;1
86545;-2.316162109375;-3.1328125;11.8671875;0;14.183349609375;0;0;0;0;0;0;0;0;0;0;0;0;0;0;0;0;0;0;2023;59.539997100830078;0;1000000;0;1;0;1;0;0;0;0;0;0;0;0;0;0;0;0;0;0;0;0.816650390625;0;0;0;0;5.4443359375;1
86643;-2.316162109375;-3.1328125;11.8671875;0;14.183349609375;0;0;0;0;0;0;0;0;0;0;0;0;0;0;0;0;0;0;1848;63.040000915527344;0;1000000;0;1;0;1;0;0;0;0;0;0;0;0;0;0;0;0;0;0;0;0.816650390625;0;0;0;0;5.4443359375;1
86745;-2.316162109375;-3.1328125;11.8671875;0;14.183349609375;0;0;0;0;0;0;0;0;0;0;0;0;0;0;0;0;0;0;1605;67.9000015258789;0;1000000;0;1;0;1;0;0;0;0;0;0;0;0;0;0;0;0;0;0;0;0.816650390625;0;0;0;0;5.4443359375;1
86844;-2.316162109375;-3.1328125;11.8671875;0;14.183349609375;0;0;0;0;0;0;0;0;0;0;0;0;0;0;0;0;0;0;1240;75.199996948242188;0;1000000;0;1;0;1;0;0;0;0;0;0;0;0;0;0;0;0;0;0;0;0.816650390625;0;0;0;0;5.4443359375;1
86945;-2.316162109375;-3.1328125;11.8671875;0;14.183349609375;0;0;0;0;0;0;0;0;0;0;0;0;0;0;0;0;0;0;826;83.4800033569336;0;1000000;0;1;0;1;0;0;0;0;0;0;0;0;0;0;0;0;0;0;0;0.816650390625;0;0;0;0;5.4443359375;1
87047;-2.316162109375;-3.1328125;11.8671875;0;14.183349609375;0;0;0;0;0;0;0;0;0;0;0;0;0;0;0;0;0;0;421;91.579994201660156;0;1000000;0;1;0;1;0;0;0;0;0;0;0;0;0;0;0;0;0;0;0;0.816650390625;0;0;0;0;5.4443359375;1
87146;-2.316162109375;-3.1328125;11.8671875;0;14.183349609375;0;0;0;0;0;0;0;0;0;0;0;0;0;0;0;0;0;0;286;94.279998779296875;0;1000000;0;1;0;1;0;0;0;0;0;0;0;0;0;0;0;0;0;0;0;0.816650390625;0;0;0;0;5.4443359375;1
87247;-2.316162109375;-3.1328125;11.8671875;0;14.183349609375;0;0;0;0;0;0;0;0;0;0;0;0;0;0;0;0;0;0;41;99.180000305175781;0;1000000;0;1;0;1;0;0;0;0;0;0;0;0;0;0;0;0;0;0;0;0.816650390625;0;0;0;0;5.4443359375;1
87347;-2.316162109375;-3.1328125;11.8671875;0;14.183349609375;0;0;0;0;0;0;0;0;0;0;0;0;0;0;0;0;0;0;0;100;0;1000000;0;1;0;1;0;0;0;0;0;0;0;0;0;0;0;0;0;0;0;0.816650390625;0;0;0;0;5.4443359375;1
87447;-2.316162109375;-3.1328125;11.8671875;0;14.183349609375;0;0;0;0;0;0;0;0;0;0;0;0;0;0;0;0;0;0;0;100;0;1000000;0;1;0;1;0;0;0;0;0;0;0;0;0;0;0;0;0;0;0;0.816650390625;0;0;0;0;5.4443359375;1
87548;-2.316162109375;-3.1328125;11.8671875;0;14.183349609375;0;0;0;0;0;0;0;0;0;0;0;0;0;0;0;0;0;0;0;100;0;1000000;0;1;0;1;0;0;0;0;0;0;0;0;0;0;0;0;0;0;0;0.816650390625;0;0;0;0;5.4443359375;1
87649;-2.316162109375;-3.1328125;11.8671875;0;14.183349609375;0;0;0;0;0;0;0;0;0;0;0;0;0;0;0;0;0;0;0;100;0;1000000;0;1;0;1;0;0;0;0;0;0;0;0;0;0;0;0;0;0;0;0.816650390625;0;0;0;0;5.4443359375;1
87749;-2.316162109375;-3.1328125;11.8671875;0;14.183349609375;0;0;0;0;0;0;0;0;0;0;0;0;0;0;0;0;0;0;0;100;0;1000000;0;1;0;1;0;0;0;0;0;0;0;0;0;0;0;0;0;0;0;0.816650390625;0;0;0;0;5.4443359375;1
87850;-2.316162109375;-3.1328125;11.8671875;0;14.183349609375;0;0;0;0;0;0;0;0;0;0;0;0;0;0;0;0;0;0;0;100;0;1000000;0;1;0;1;0;0;0;0;0;0;0;0;0;0;0;0;0;0;0;0.816650390625;0;0;0;0;5.4443359375;1
87950;-2.316162109375;-3.1328125;11.8671875;0;14.183349609375;0;0;0;0;0;0;0;0;0;0;0;0;0;0;0;0;0;0;0;100;0;1000000;0;1;0;1;0;0;0;0;0;0;0;0;0;0;0;0;0;0;0;0.816650390625;0;0;0;0;5.4443359375;1
88050;-2.316162109375;-3.1328125;11.8671875;0;14.183349609375;0;0;0;0;0;0;0;0;0;0;0;0;0;0;0;0;0;0;0;100;0;1000000;0;1;0;1;0;0;0;0;0;0;0;0;0;0;0;0;0;0;0;0.816650390625;0;0;0;0;5.4443359375;1
88150;-2.316162109375;-3.1328125;11.8671875;0;14.183349609375;0;0;0;0;0;0;0;0;0;0;0;0;0;0;0;0;0;0;0;100;0;1000000;0;1;0;1;0;0;0;0;0;0;0;0;0;0;0;0;0;0;0;0.816650390625;0;0;0;0;5.4443359375;1
88251;-2.316162109375;-3.1328125;11.8671875;0;14.183349609375;0;0;0;0;0;0;0;0;0;0;0;0;0;0;0;0;0;0;0;100;0;1000000;0;1;0;1;0;0;0;0;0;0;0;0;0;0;0;0;0;0;0;0.816650390625;0;0;0;0;5.4443359375;1
88351;-2.316162109375;-3.1328125;11.8671875;0;14.183349609375;0;0;0;0;0;0;0;0;0;0;0;0;0;0;0;0;0;0;0;100;0;1000000;0;1;0;1;0;0;0;0;0;0;0;0;0;0;0;0;0;0;0;0.816650390625;0;0;0;0;5.4443359375;1
88453;-2.316162109375;-3.1328125;11.8671875;0;14.183349609375;0;0;0;0;0;0;0;0;0;0;0;0;0;0;0;0;0;0;0;100;0;1000000;0;1;0;1;0;0;0;0;0;0;0;0;0;0;0;0;0;0;0;0.816650390625;0;0;0;0;5.4443359375;1
88553;-2.316162109375;-3.1328125;11.8671875;0;14.183349609375;0;0;0;0;0;0;0;0;0;0;0;0;0;0;0;0;0;0;0;100;0;1000000;0;1;0;1;0;0;0;0;0;0;0;0;0;0;0;0;0;0;0;0.816650390625;0;0;0;0;5.4443359375;1
88653;-2.316162109375;-3.1328125;11.8671875;0;14.183349609375;0;0;0;0;0;0;0;0;0;0;0;0;0;0;0;0;0;0;0;100;0;1000000;0;1;0;1;0;0;0;0;0;0;0;0;0;0;0;0;0;0;0;0.816650390625;0;0;0;0;5.4443359375;1
88754;-2.316162109375;-3.1328125;11.8671875;0;14.183349609375;0;0;0;0;0;0;0;0;0;0;0;0;0;0;0;0;0;0;0;100;0;1000000;0;1;0;1;0;0;0;0;0;0;0;0;0;0;0;0;0;0;0;0.816650390625;0;0;0;0;5.4443359375;1
88855;-2.316162109375;-3.1328125;11.8671875;0;14.183349609375;0;0;0;0;0;0;0;0;0;0;0;0;0;0;0;0;0;0;0;100;0;1000000;0;1;0;1;0;0;0;0;0;0;0;0;0;0;0;0;0;0;0;0.816650390625;0;0;0;0;5.4443359375;1
88956;-2.316162109375;-3.1328125;11.8671875;0;14.183349609375;0;0;0;0;0;0;0;0;0;0;0;0;0;0;0;0;0;0;2250;55;0;1000000;0;1;0;1;0;0;0;0;0;0;0;0;0;0;0;0;0;0;0;0.816650390625;0;0;0;0;5.4443359375;1
89056;-2.316162109375;-3.1328125;11.8671875;0;14.183349609375;0;0;0;0;0;0;0;0;0;0;0;0;0;0;0;0;0;0;4750;0;0;1000000;0;1;0;1;0;0;0;0;0;0;0;0;0;0;0;0;0;0;0;0.816650390625;0;0;0;0;5.4443359375;1
89157;-2.316162109375;-3.1328125;11.8671875;0;14.183349609375;0;0;0;0;0;0;0;0;0;0;0;0;0;0;0;0;0;0;5000;0;0;1000000;0;1;0;1;0;0;0;0;0;0;0;0;0;0;0;0;0;0;0;0.816650390625;0;0;0;0;5.4443359375;1
89257;-2.316162109375;-3.1328125;11.8671875;0;14.183349609375;0;0;0;0;0;0;0;0;0;0;0;0;0;0;0;0;0;0;5000;0;0;1000000;0;1;0;0;0;0;0;0;0;0;0;0;0;0;0;0;0;0;0;0.816650390625;0;0;0;0;5.4443359375;1
89357;-2.316162109375;-3.1328125;11.8671875;0;14.183349609375;0;0;0;0;0;0;0;0;0;0;0;0;0;0;0;0;0;0;5000;0;0;1000000;0;1;0;0;0;0;0;0;0;0;0;0;0;0;0;0;0;0;0;0.816650390625;0;0;0;0;5.4443359375;1
89457;-2.316162109375;-3.1328125;11.8671875;0;14.183349609375;0;0;0;0;0;0;0;0;0;0;0;0;0;0;0;0;0;0;5000;0;0;1000000;0;1;0;0;0;0;0;0;0;0;0;0;0;0;0;0;0;0;0;0.816650390625;0;0;0;0;5.4443359375;1
89558;-2.316162109375;-3.1328125;11.8671875;0;14.183349609375;0;0;0;0;0;0;0;0;0;0;0;0;0;0;0;0;0;0;5000;0;0;1000000;0;1;0;0;0;0;0;0;0;0;0;0;0;0;0;0;0;0;0;0.816650390625;0;0;0;0;5.4443359375;1
89658;-2.316162109375;-3.1328125;11.8671875;0;14.183349609375;0;0;0;0;0;0;0;0;0;0;0;0;0;0;0;0;0;0;5000;0;0;1000000;0;1;0;0;0;0;0;0;0;0;0;0;0;0;0;0;0;0;0;0.816650390625;0;0;0;0;5.4443359375;1
89758;-2.316162109375;-3.1328125;11.8671875;0;14.183349609375;0;0;0;0;0;0;0;0;0;0;0;0;0;0;0;0;0;0;5000;0;0;1000000;0;1;0;0;0;0;0;0;0;0;0;0;0;0;0;0;0;0;0;0.816650390625;0;0;0;0;5.4443359375;1
89859;-2.316162109375;-3.1328125;11.8671875;0;14.183349609375;0;0;0;0;0;0;0;0;0;0;0;0;0;0;0;0;0;0;5000;0;0;1000000;0;1;0;0;0;0;0;0;0;0;0;0;0;0;0;0;0;0;0;0.816650390625;0;0;0;0;5.4443359375;1
89961;-2.316162109375;-3.1328125;11.8671875;0;14.183349609375;0;0;0;0;0;0;0;0;0;0;0;0;0;0;0;0;0;0;5000;0;0;1000000;0;1;0;0;0;0;0;0;0;0;0;0;0;0;0;0;0;0;0;0.816650390625;0;0;0;0;5.4443359375;1
90060;-2.316162109375;-3.1328125;11.8671875;0;14.183349609375;0;0;0;0;0;0;0;0;0;0;0;0;0;0;0;0;0;0;5000;0;0;1000000;0;1;0;0;0;0;0;0;0;0;0;0;0;0;0;0;0;0;0;0.816650390625;0;0;0;0;5.4443359375;1
90161;-2.316162109375;-3.1328125;11.8671875;0;14.183349609375;0;0;0;0;0;0;0;0;0;0;0;0;0;0;0;0;0;0;5000;0;0;1000000;0;1;0;0;0;0;0;0;0;0;0;0;0;0;0;0;0;0;0;0.816650390625;0;0;0;0;5.4443359375;1
90263;-2.316162109375;-3.1328125;11.8671875;0;14.183349609375;0;0;0;0;0;0;0;0;0;0;0;0;0;0;0;0;0;0;5000;0;0;1000000;0;1;0;0;0;0;0;0;0;0;0;0;0;0;0;0;0;0;0;0.816650390625;0;0;0;0;5.4443359375;1
90365;-2.316162109375;-3.1328125;11.8671875;0;14.183349609375;0;0;0;0;0;0;0;0;0;0;0;0;0;0;0;0;0;0;5000;0;0;1000000;0;1;0;0;0;0;0;0;0;0;0;0;0;0;0;0;0;0;0;0.816650390625;0;0;0;0;5.4443359375;1
90465;-2.316162109375;-3.1328125;11.8671875;0;14.183349609375;0;0;0;0;0;0;0;0;0;0;0;0;0;0;0;0;0;0;5000;0;0;1000000;0;1;0;0;0;0;0;0;0;0;0;0;0;0;0;0;0;0;0;0.816650390625;0;0;0;0;5.4443359375;1
90565;-2.316162109375;-3.1328125;11.8671875;0;14.183349609375;0;0;0;0;0;0;0;0;0;0;0;0;0;0;0;0;0;0;5000;0;0;1000000;0;1;0;0;0;0;0;0;0;0;0;0;0;0;0;0;0;0;0;0.816650390625;0;0;0;0;5.4443359375;1
90666;-2.316162109375;-3.1328125;11.8671875;0;14.183349609375;0;0;0;0;0;0;0;0;0;0;0;0;0;0;0;0;0;0;5000;0;0;1000000;0;1;0;0;0;0;0;0;0;0;0;0;0;0;0;0;0;0;0;0.816650390625;0;0;0;0;5.4443359375;1
90766;-2.316162109375;-3.1328125;11.8671875;0;14.183349609375;0;0;0;0;0;0;0;0;0;0;0;0;0;0;0;0;0;0;5000;0;0;1000000;0;1;0;0;0;0;0;0;0;0;0;0;0;0;0;0;0;0;0;0.816650390625;0;0;0;0;5.4443359375;1
90868;-2.316162109375;-3.1328125;11.8671875;0;14.183349609375;0;0;0;0;0;0;0;0;0;0;0;0;0;0;0;0;0;0;5000;0;0;1000000;0;1;0;0;0;0;0;0;0;0;0;0;0;0;0;0;0;0;0;0.816650390625;0;0;0;0;5.4443359375;1
90969;-2.316162109375;-3.1328125;11.8671875;0;14.183349609375;0;0;0;0;0;0;0;0;0;0;0;0;0;0;0;0;0;0;5000;0;0;1000000;0;1;0;0;0;0;0;0;0;0;0;0;0;0;0;0;0;0;0;0.816650390625;0;0;0;0;5.4443359375;1
91069;-2.316162109375;-3.1328125;11.8671875;0;14.183349609375;0;0;0;0;0;0;0;0;0;0;0;0;0;0;0;0;0;0;5000;0;0;1000000;0;1;0;0;0;0;0;0;0;0;0;0;0;0;0;0;0;0;0;0.816650390625;0;0;0;0;5.4443359375;1
91170;-2.316162109375;-3.1328125;11.8671875;0;14.183349609375;0;0;0;0;0;0;0;0;0;0;0;0;0;0;0;0;0;0;5000;0;0;1000000;0;1;0;0;0;0;0;0;0;0;0;0;0;0;0;0;0;0;0;0.816650390625;0;0;0;0;5.4443359375;1
91271;-2.316162109375;-3.1328125;11.8671875;0;14.183349609375;0;0;0;0;0;0;0;0;0;0;0;0;0;0;0;0;0;0;5000;0;0;1000000;0;1;0;0;0;0;0;0;0;0;0;0;0;0;0;0;0;0;0;0.816650390625;0;0;0;0;5.4443359375;1
91371;-2.316162109375;-3.1328125;11.8671875;0;14.183349609375;0;0;0;0;0;0;0;0;0;0;0;0;0;0;0;0;0;0;5000;0;0;1000000;0;1;0;0;0;0;0;0;0;0;0;0;0;0;0;0;0;0;0;0.816650390625;0;0;0;0;5.4443359375;1
91473;-2.316162109375;-3.1328125;11.8671875;0;14.183349609375;0;0;0;0;0;0;0;0;0;0;0;0;0;0;0;0;0;0;5000;0;0;1000000;0;1;0;0;0;0;0;0;0;0;0;0;0;0;0;0;0;0;0;0.816650390625;0;0;0;0;5.4443359375;1
91574;-2.316162109375;-3.1328125;11.8671875;0;14.183349609375;0;0;0;0;0;0;0;0;0;0;0;0;0;0;0;0;0;0;5000;0;0;1000000;0;1;0;0;0;0;0;0;0;0;0;0;0;0;0;0;0;0;0;0.816650390625;0;0;0;0;5.4443359375;1
91674;-2.316162109375;-3.1328125;11.8671875;0;14.183349609375;0;0;0;0;0;0;0;0;0;0;0;0;0;0;0;0;0;0;5000;0;0;1000000;0;1;0;0;0;0;0;0;0;0;0;0;0;0;0;0;0;0;0;0.816650390625;0;0;0;0;5.4443359375;1
91774;-2.316162109375;-3.1328125;11.8671875;0;14.183349609375;0;0;0;0;0;0;0;0;0;0;0;0;0;0;0;0;0;0;5000;0;0;1000000;0;1;0;0;0;0;0;0;0;0;0;0;0;0;0;0;0;0;0;0.816650390625;0;0;0;0;5.4443359375;1
91873;-2.316162109375;-3.1328125;11.8671875;0;14.183349609375;0;0;0;0;0;0;0;0;0;0;0;0;0;0;0;0;0;0;5000;0;0;1000000;0;1;0;0;0;0;0;0;0;0;0;0;0;0;0;0;0;0;0;0.816650390625;0;0;0;0;5.4443359375;1
91974;-2.316162109375;-3.1328125;11.8671875;0;14.183349609375;0;0;0;0;0;0;0;0;0;0;0;0;0;0;0;0;0;0;5000;0;0;1000000;0;1;0;0;0;0;0;0;0;0;0;0;0;0;0;0;0;0;0;0.816650390625;0;0;0;0;5.4443359375;1
92074;-2.316162109375;-3.1328125;11.8671875;0;14.183349609375;0;0;0;0;0;0;0;0;0;0;0;0;0;0;0;0;0;0;5000;0;0;1000000;0;1;0;0;0;0;0;0;0;0;0;0;0;0;0;0;0;0;0;0.816650390625;0;0;0;0;5.4443359375;1
92174;-2.316162109375;-3.1328125;11.8671875;0;14.183349609375;0;0;0;0;0;0;0;0;0;0;0;0;0;0;0;0;0;0;5000;0;0;1000000;0;1;0;0;0;0;0;0;0;0;0;0;0;0;0;0;0;0;0;0.816650390625;0;0;0;0;5.4443359375;1
92274;-2.316162109375;-3.1328125;11.8671875;0;14.183349609375;0;0;0;0;0;0;0;0;0;0;0;0;0;0;0;0;0;0;5000;0;0;1000000;0;1;0;0;0;0;0;0;0;0;0;0;0;0;0;0;0;0;0;0.816650390625;0;0;0;0;5.4443359375;1
92376;-2.316162109375;-3.1328125;11.8671875;0;14.183349609375;0;0;0;0;0;0;0;0;0;0;0;0;0;0;0;0;0;0;5000;0;0;1000000;0;1;0;0;0;0;0;0;0;0;0;0;0;0;0;0;0;0;0;0.816650390625;0;0;0;0;5.4443359375;1
92476;-2.316162109375;-3.1328125;11.8671875;0;14.183349609375;0;0;0;0;0;0;0;0;0;0;0;0;0;0;0;0;0;0;5000;0;0;1000000;0;1;0;0;0;0;0;0;0;0;0;0;0;0;0;0;0;0;0;0.816650390625;0;0;0;0;5.4443359375;1
92578;-2.316162109375;-3.1328125;11.8671875;0;14.183349609375;0;0;0;0;0;0;0;0;0;0;0;0;0;0;0;0;0;0;5000;0;0;1000000;0;1;0;0;0;0;0;0;0;0;0;0;0;0;0;0;0;0;0;0.816650390625;0;0;0;0;5.4443359375;1
92679;-2.316162109375;-3.1328125;11.8671875;0;14.183349609375;0;0;0;0;0;0;0;0;0;0;0;0;0;0;0;0;0;0;5000;0;0;1000000;0;1;0;0;0;0;0;0;0;0;0;0;0;0;0;0;0;0;0;0.816650390625;0;0;0;0;5.4443359375;1
92781;-2.316162109375;-3.1328125;11.8671875;0;14.183349609375;0;0;0;0;0;0;0;0;0;0;0;0;0;0;0;0;0;0;5000;0;0;1000000;0;1;0;0;0;0;0;0;0;0;0;0;0;0;0;0;0;0;0;0.816650390625;0;0;0;0;5.4443359375;1
92880;-2.316162109375;-3.1328125;11.8671875;0;14.183349609375;0;0;0;0;0;0;0;0;0;0;0;0;0;0;0;0;0;0;4835;0;0;1000000;0;1;0;0;0;0;0;0;0;0;0;0;0;0;0;0;0;0;0;0.816650390625;0;0;0;0;5.4443359375;1
92982;-2.316162109375;-3.1328125;11.8671875;0;14.183349609375;0;0;0;0;0;0;0;0;0;0;0;0;0;0;0;0;0;0;4620;7.5999999046325684;0;1000000;0;1;0;1;0;0;0;0;0;0;0;0;0;0;0;0;0;0;0;0.816650390625;0;0;0;0;5.4443359375;1
93083;-2.316162109375;-3.1328125;11.8671875;0;14.183349609375;0;0;0;0;0;0;0;0;0;0;0;0;0;0;0;0;0;0;4341;13.179999351501465;0;1000000;0;1;0;1;0;0;0;0;0;0;0;0;0;0;0;0;0;0;0;0.816650390625;0;0;0;0;5.4443359375;1
93184;-2.316162109375;-3.1328125;11.8671875;0;14.183349609375;0;0;0;0;0;0;0;0;0;0;0;0;0;0;0;0;0;0;3936;21.279998779296875;0;1000000;0;1;0;1;0;0;0;0;0;0;0;0;0;0;0;0;0;0;0;0.816650390625;0;0;0;0;5.4443359375;1
93284;-2.316162109375;-3.1328125;11.8671875;0;14.183349609375;0;0;0;0;0;0;0;0;0;0;0;0;0;0;0;0;0;0;3486;30.280000686645508;0;1000000;0;1;0;1;0;0;0;0;0;0;0;0;0;0;0;0;0;0;0;0.816650390625;0;0;0;0;5.4443359375;1
93383;-2.316162109375;-3.1328125;11.8671875;0;14.183349609375;0;0;0;0;0;0;0;0;0;0;0;0;0;0;0;0;0;0;3241;35.180000305175781;0;1000000;0;1;0;1;0;0;0;0;0;0;0;0;0;0;0;0;0;0;0;0.816650390625;0;0;0;0;5.4443359375;1
93485;-2.316162109375;-3.1328125;11.8671875;0;14.183349609375;0;0;0;0;0;0;0;0;0;0;0;0;0;0;0;0;0;0;3070;38.600002288818359;0;1000000;0;1;0;1;0;0;0;0;0;0;0;0;0;0;0;0;0;0;0;0.816650390625;0;0;0;0;5.4443359375;1
93584;-2.316162109375;-3.1328125;11.8671875;0;14.183349609375;0;0;0;0;0;0;0;0;0;0;0;0;0;0;0;0;0;0;2785;44.299999237060547;0;1000000;0;1;0;1;0;0;0;0;0;0;0;0;0;0;0;0;0;0;0;0.816650390625;0;0;0;0;5.4443359375;1
93686;-2.316162109375;-3.1328125;11.8671875;0;14.183349609375;0;0;0;0;0;0;0;0;0;0;0;0;0;0;0;0;0;0;2443;51.139999389648438;0;1000000;0;1;0;1;0;0;0;0;0;0;0;0;0;0;0;0;0;0;0;0.816650390625;0;0;0;0;5.4443359375;1
93784;-2.316162109375;-3.1328125;11.8671875;0;14.183349609375;0;0;0;0;0;0;0;0;0;0;0;0;0;0;0;0;0;0;2020;60.639999389648438;0;1000000;0;1;0;1;0;0;0;0;0;0;0;0;0;0;0;0;0;0;0;0.816650390625;0;0;0;0;5.4443359375;1
93884;-2.316162109375;-3.1328125;11.8671875;0;14.183349609375;0;0;0;0;0;0;0;0;0;0;0;0;0;0;0;0;0;0;1655;66.9000015258789;0;1000000;0;1;0;1;0;0;0;0;0;0;0;0;0;0;0;0;0;0;0;0.816650390625;0;0;0;0;5.4443359375;1
93985;-2.316162109375;-3.1328125;11.8671875;0;14.183349609375;0;0;0;0;0;0;0;0;0;0;0;0;0;0;0;0;0;0;1490;70.200004577636719;0;1000000;0;1;0;1;0;0;0;0;0;0;0;0;0;0;0;0;0;0;0;0.816650390625;0;0;0;0;5.4443359375;1
94085;-2.316162109375;-3.1328125;11.8671875;0;14.183349609375;0;0;0;0;0;0;0;0;0;0;0;0;0;0;0;0;0;0;1256;74.879997253417969;0;1000000;0;1;0;1;0;0;0;0;0;0;0;0;0;0;0;0;0;0;0;0.816650390625;0;0;0;0;5.4443359375;1
94186;-2.316162109375;-3.1328125;11.8671875;0;14.183349609375;0;0;0;0;0;0;0;0;0;0;0;0;0;0;0;0;0;0;901;81.9800033569336;0;1000000;0;1;0;1;0;0;0;0;0;0;0;0;0;0;0;0;0;0;0;0.816650390625;0;0;0;0;5.4443359375;1
94287;-2.316162109375;-3.1328125;11.8671875;0;14.183349609375;0;0;0;0;0;0;0;0;0;0;0;0;0;0;0;0;0;0;446;91.080001831054688;0;1000000;0;1;0;1;0;0;0;0;0;0;0;0;0;0;0;0;0;0;0;0.816650390625;0;0;0;0;5.4443359375;1
94386;-2.316162109375;-3.1328125;11.8671875;0;14.183349609375;0;0;0;0;0;0;0;0;0;0;0;0;0;0;0;0;0;0;51;98.979995727539063;0;1000000;0;1;0;1;0;0;0;0;0;0;0;0;0;0;0;0;0;0;0;0.816650390625;0;0;0;0;5.4443359375;1
94488;-2.316162109375;-3.1328125;11.8671875;0;14.183349609375;0;0;0;0;0;0;0;0;0;0;0;0;0;0;0;0;0;0;0;100;0;1000000;0;1;0;1;0;0;0;0;0;0;0;0;0;0;0;0;0;0;0;0.816650390625;0;0;0;0;5.4443359375;1
94589;-2.316162109375;-3.1328125;11.8671875;0;14.183349609375;0;0;0;0;0;0;0;0;0;0;0;0;0;0;0;0;0;0;0;100;0;1000000;0;1;0;1;0;0;0;0;0;0;0;0;0;0;0;0;0;0;0;0.816650390625;0;0;0;0;5.4443359375;1
94689;-2.316162109375;-3.1328125;11.8671875;0;14.183349609375;0;0;0;0;0;0;0;0;0;0;0;0;0;0;0;0;0;0;0;100;0;1000000;0;1;0;1;0;0;0;0;0;0;0;0;0;0;0;0;0;0;0;0.816650390625;0;0;0;0;5.4443359375;1
94790;-2.316162109375;-3.1328125;11.8671875;0;14.183349609375;0;0;0;0;0;0;0;0;0;0;0;0;0;0;0;0;0;0;0;100;0;1000000;0;1;0;1;0;0;0;0;0;0;0;0;0;0;0;0;0;0;0;0.816650390625;0;0;0;0;5.4443359375;1
94891;-2.316162109375;-3.1328125;11.8671875;0;14.183349609375;0;0;0;0;0;0;0;0;0;0;0;0;0;0;0;0;0;0;0;100;0;1000000;0;1;0;1;0;0;0;0;0;0;0;0;0;0;0;0;0;0;0;0.816650390625;0;0;0;0;5.4443359375;1
94993;-2.316162109375;-3.1328125;11.8671875;0;14.183349609375;0;0;0;0;0;0;0;0;0;0;0;0;0;0;0;0;0;0;0;100;0;1000000;0;1;0;1;0;0;0;0;0;0;0;0;0;0;0;0;0;0;0;0.816650390625;0;0;0;0;5.4443359375;1
95092;-2.316162109375;-3.1328125;11.8671875;0;14.183349609375;0;0;0;0;0;0;0;0;0;0;0;0;0;0;0;0;0;0;0;100;0;1000000;0;1;0;1;0;0;0;0;0;0;0;0;0;0;0;0;0;0;0;0.816650390625;0;0;0;0;5.4443359375;1
95193;-2.316162109375;-3.1328125;11.8671875;0;14.183349609375;0;0;0;0;0;0;0;0;0;0;0;0;0;0;0;0;0;0;0;100;0;1000000;0;1;0;1;0;0;0;0;0;0;0;0;0;0;0;0;0;0;0;0.816650390625;0;0;0;0;5.4443359375;1
95293;-2.316162109375;-3.1328125;11.8671875;0;14.183349609375;0;0;0;0;0;0;0;0;0;0;0;0;0;0;0;0;0;0;0;100;0;1000000;0;1;0;1;0;0;0;0;0;0;0;0;0;0;0;0;0;0;0;0.816650390625;0;0;0;0;5.4443359375;1
95394;-2.316162109375;-3.1328125;11.8671875;0;14.183349609375;0;0;0;0;0;0;0;0;0;0;0;0;0;0;0;0;0;0;0;100;0;1000000;0;1;0;1;0;0;0;0;0;0;0;0;0;0;0;0;0;0;0;0.816650390625;0;0;0;0;5.4443359375;1
95494;-2.316162109375;-3.1328125;11.8671875;0;14.183349609375;0;0;0;0;0;0;0;0;0;0;0;0;0;0;0;0;0;0;0;100;0;1000000;0;1;0;1;0;0;0;0;0;0;0;0;0;0;0;0;0;0;0;0.816650390625;0;0;0;0;5.4443359375;1
95596;-2.316162109375;-3.1328125;11.8671875;0;14.183349609375;0;0;0;0;0;0;0;0;0;0;0;0;0;0;0;0;0;0;0;100;0;1000000;0;1;0;1;0;0;0;0;0;0;0;0;0;0;0;0;0;0;0;0.816650390625;0;0;0;0;5.4443359375;1
95695;-2.316162109375;-3.1328125;11.8671875;0;14.183349609375;0;0;0;0;0;0;0;0;0;0;0;0;0;0;0;0;0;0;0;100;0;1000000;0;1;0;1;0;0;0;0;0;0;0;0;0;0;0;0;0;0;0;0.816650390625;0;0;0;0;5.4443359375;1
95796;-2.316162109375;-3.1328125;11.8671875;0;14.183349609375;0;0;0;0;0;0;0;0;0;0;0;0;0;0;0;0;0;0;0;100;0;1000000;0;1;0;1;0;0;0;0;0;0;0;0;0;0;0;0;0;0;0;0.816650390625;0;0;0;0;5.4443359375;1
95897;-2.316162109375;-3.1328125;11.8671875;0;14.183349609375;0;0;0;0;0;0;0;0;0;0;0;0;0;0;0;0;0;0;0;100;0;1000000;0;1;0;1;0;0;0;0;0;0;0;0;0;0;0;0;0;0;0;0.816650390625;0;0;0;0;5.4443359375;1
95999;-2.316162109375;-3.1328125;11.8671875;0;14.183349609375;0;0;0;0;0;0;0;0;0;0;0;0;0;0;0;0;0;0;0;100;0;1000000;0;1;0;1;0;0;0;0;0;0;0;0;0;0;0;0;0;0;0;0.816650390625;0;0;0;0;5.4443359375;1
96098;-2.316162109375;-3.1328125;11.8671875;0;14.183349609375;0;0;0;0;0;0;0;0;0;0;0;0;0;0;0;0;0;0;0;100;0;1000000;0;1;0;1;0;0;0;0;0;0;0;0;0;0;0;0;0;0;0;0.816650390625;0;0;0;0;5.4443359375;1
96200;-2.316162109375;-3.1328125;11.8671875;0;14.183349609375;0;0;0;0;0;0;0;0;0;0;0;0;0;0;0;0;0;0;0;100;0;1000000;0;1;0;1;0;0;0;0;0;0;0;0;0;0;0;0;0;0;0;0.816650390625;0;0;0;0;5.4443359375;1
96299;-2.316162109375;-3.1328125;11.8671875;0;14.183349609375;0;0;0;0;0;0;0;0;0;0;0;0;0;0;0;0;0;0;0;100;0;1000000;0;1;0;1;0;0;0;0;0;0;0;0;0;0;0;0;0;0;0;0.816650390625;0;0;0;0;5.4443359375;1
96400;-2.316162109375;-3.1328125;11.8671875;0;14.183349609375;0;0;0;0;0;0;0;0;0;0;0;0;0;0;0;0;0;0;0;100;0;1000000;0;1;0;1;0;0;0;0;0;0;0;0;0;0;0;0;0;0;0;0.816650390625;0;0;0;0;5.4443359375;1
96501;-2.316162109375;-3.1328125;11.8671875;0;14.183349609375;0;0;0;0;0;0;0;0;0;0;0;0;0;0;0;0;0;0;0;100;0;1000000;0;1;0;1;0;0;0;0;0;0;0;0;0;0;0;0;0;0;0;0.816650390625;0;0;0;0;5.4443359375;1
96601;-2.316162109375;-3.1328125;11.8671875;0;14.183349609375;0;0;0;0;0;0;0;0;0;0;0;0;0;0;0;0;0;0;0;100;0;1000000;0;1;0;1;0;0;0;0;0;0;0;0;0;0;0;0;0;0;0;0.816650390625;0;0;0;0;5.4443359375;1
96702;-2.316162109375;-3.1328125;11.8671875;0;14.183349609375;0;0;0;0;0;0;0;0;0;0;0;0;0;0;0;0;0;0;0;100;0;1000000;0;1;0;1;0;0;0;0;0;0;0;0;0;0;0;0;0;0;0;0.816650390625;0;0;0;0;5.4443359375;1
96803;-2.316162109375;-3.1328125;11.8671875;0;14.183349609375;0;0;0;0;0;0;0;0;0;0;0;0;0;0;0;0;0;0;0;100;0;1000000;0;1;0;1;0;0;0;0;0;0;0;0;0;0;0;0;0;0;0;0.816650390625;0;0;0;0;5.4443359375;1
96903;-2.316162109375;-3.1328125;11.8671875;0;14.183349609375;0;0;0;0;0;0;0;0;0;0;0;0;0;0;0;0;0;0;2500;50;0;1000000;0;1;0;1;0;0;0;0;0;0;0;0;0;0;0;0;0;0;0;0.816650390625;0;0;0;0;5.4443359375;1
97003;-2.316162109375;-3.1328125;11.8671875;0;14.183349609375;0;0;0;0;0;0;0;0;0;0;0;0;0;0;0;0;0;0;4750;0;0;1000000;0;1;0;1;0;0;0;0;0;0;0;0;0;0;0;0;0;0;0;0.816650390625;0;0;0;0;5.4443359375;1
97103;-2.316162109375;-3.1328125;11.8671875;0;14.183349609375;0;0;0;0;0;0;0;0;0;0;0;0;0;0;0;0;0;0;5000;0;0;1000000;0;1;0;1;0;0;0;0;0;0;0;0;0;0;0;0;0;0;0;0.816650390625;0;0;0;0;5.4443359375;1
97203;-2.316162109375;-3.1328125;11.8671875;0;14.183349609375;0;0;0;0;0;0;0;0;0;0;0;0;0;0;0;0;0;0;5000;0;0;1000000;0;1;0;0;0;0;0;0;0;0;0;0;0;0;0;0;0;0;0;0.816650390625;0;0;0;0;5.4443359375;1
97303;-2.316162109375;-3.1328125;11.8671875;0;14.183349609375;0;0;0;0;0;0;0;0;0;0;0;0;0;0;0;0;0;0;5000;0;0;1000000;0;1;0;0;0;0;0;0;0;0;0;0;0;0;0;0;0;0;0;0.816650390625;0;0;0;0;5.4443359375;1
97405;-2.316162109375;-3.1328125;11.8671875;0;14.183349609375;0;0;0;0;0;0;0;0;0;0;0;0;0;0;0;0;0;0;5000;0;0;1000000;0;1;0;0;0;0;0;0;0;0;0;0;0;0;0;0;0;0;0;0.816650390625;0;0;0;0;5.4443359375;1
97507;-2.316162109375;-3.1328125;11.8671875;0;14.183349609375;0;0;0;0;0;0;0;0;0;0;0;0;0;0;0;0;0;0;5000;0;0;1000000;0;1;0;0;0;0;0;0;0;0;0;0;0;0;0;0;0;0;0;0.816650390625;0;0;0;0;5.4443359375;1
97604;-2.316162109375;-3.1328125;11.8671875;0;14.183349609375;0;0;0;0;0;0;0;0;0;0;0;0;0;0;0;0;0;0;5000;0;0;1000000;0;1;0;0;0;0;0;0;0;0;0;0;0;0;0;0;0;0;0;0.816650390625;0;0;0;0;5.4443359375;1
97705;-2.316162109375;-3.1328125;11.8671875;0;14.183349609375;0;0;0;0;0;0;0;0;0;0;0;0;0;0;0;0;0;0;5000;0;0;1000000;0;1;0;0;0;0;0;0;0;0;0;0;0;0;0;0;0;0;0;0.816650390625;0;0;0;0;5.4443359375;1
97807;-2.316162109375;-3.1328125;11.8671875;0;14.183349609375;0;0;0;0;0;0;0;0;0;0;0;0;0;0;0;0;0;0;5000;0;0;1000000;0;1;0;0;0;0;0;0;0;0;0;0;0;0;0;0;0;0;0;0.816650390625;0;0;0;0;5.4443359375;1
97909;-2.316162109375;-3.1328125;11.8671875;0;14.183349609375;0;0;0;0;0;0;0;0;0;0;0;0;0;0;0;0;0;0;5000;0;0;1000000;0;1;0;0;0;0;0;0;0;0;0;0;0;0;0;0;0;0;0;0.816650390625;0;0;0;0;5.4443359375;1
98010;-2.316162109375;-3.1328125;11.8671875;0;14.183349609375;0;0;0;0;0;0;0;0;0;0;0;0;0;0;0;0;0;0;5000;0;0;1000000;0;1;0;0;0;0;0;0;0;0;0;0;0;0;0;0;0;0;0;0.816650390625;0;0;0;0;5.4443359375;1
98108;-2.316162109375;-3.1328125;11.8671875;0;14.183349609375;0;0;0;0;0;0;0;0;0;0;0;0;0;0;0;0;0;0;5000;0;0;1000000;0;1;0;0;0;0;0;0;0;0;0;0;0;0;0;0;0;0;0;0.816650390625;0;0;0;0;5.4443359375;1
98211;-2.316162109375;-3.1328125;11.8671875;0;14.183349609375;0;0;0;0;0;0;0;0;0;0;0;0;0;0;0;0;0;0;5000;0;0;1000000;0;1;0;0;0;0;0;0;0;0;0;0;0;0;0;0;0;0;0;0.816650390625;0;0;0;0;5.4443359375;1
98311;-2.316162109375;-3.1328125;11.8671875;0;14.183349609375;0;0;0;0;0;0;0;0;0;0;0;0;0;0;0;0;0;0;5000;0;0;1000000;0;1;0;0;0;0;0;0;0;0;0;0;0;0;0;0;0;0;0;0.816650390625;0;0;0;0;5.4443359375;1
98413;-2.316162109375;-3.1328125;11.8671875;0;14.183349609375;0;0;0;0;0;0;0;0;0;0;0;0;0;0;0;0;0;0;5000;0;0;1000000;0;1;0;0;0;0;0;0;0;0;0;0;0;0;0;0;0;0;0;0.816650390625;0;0;0;0;5.4443359375;1
98512;-2.316162109375;-3.1328125;11.8671875;0;14.183349609375;0;0;0;0;0;0;0;0;0;0;0;0;0;0;0;0;0;0;5000;0;0;1000000;0;1;0;0;0;0;0;0;0;0;0;0;0;0;0;0;0;0;0;0.816650390625;0;0;0;0;5.4443359375;1
98614;-2.316162109375;-3.1328125;11.8671875;0;14.183349609375;0;0;0;0;0;0;0;0;0;0;0;0;0;0;0;0;0;0;5000;0;0;1000000;0;1;0;0;0;0;0;0;0;0;0;0;0;0;0;0;0;0;0;0.816650390625;0;0;0;0;5.4443359375;1
98715;-2.316162109375;-3.1328125;11.8671875;0;14.183349609375;0;0;0;0;0;0;0;0;0;0;0;0;0;0;0;0;0;0;5000;0;0;1000000;0;1;0;0;0;0;0;0;0;0;0;0;0;0;0;0;0;0;0;0.816650390625;0;0;0;0;5.4443359375;1
98817;-2.316162109375;-3.1328125;11.8671875;0;14.183349609375;0;0;0;0;0;0;0;0;0;0;0;0;0;0;0;0;0;0;5000;0;0;1000000;0;1;0;0;0;0;0;0;0;0;0;0;0;0;0;0;0;0;0;0.816650390625;0;0;0;0;5.4443359375;1
98916;-2.316162109375;-3.1328125;11.8671875;0;14.183349609375;0;0;0;0;0;0;0;0;0;0;0;0;0;0;0;0;0;0;5000;0;0;1000000;0;1;0;0;0;0;0;0;0;0;0;0;0;0;0;0;0;0;0;0.816650390625;0;0;0;0;5.4443359375;1
99015;-2.316162109375;-3.1328125;11.8671875;0;14.183349609375;0;0;0;0;0;0;0;0;0;0;0;0;0;0;0;0;0;0;5000;0;0;1000000;0;1;0;0;0;0;0;0;0;0;0;0;0;0;0;0;0;0;0;0.816650390625;0;0;0;0;5.4443359375;1
99117;-2.316162109375;-3.1328125;11.8671875;0;14.183349609375;0;0;0;0;0;0;0;0;0;0;0;0;0;0;0;0;0;0;5000;0;0;1000000;0;1;0;0;0;0;0;0;0;0;0;0;0;0;0;0;0;0;0;0.816650390625;0;0;0;0;5.4443359375;1
99217;-2.316162109375;-3.1328125;11.8671875;0;14.183349609375;0;0;0;0;0;0;0;0;0;0;0;0;0;0;0;0;0;0;5000;0;0;1000000;0;1;0;0;0;0;0;0;0;0;0;0;0;0;0;0;0;0;0;0.816650390625;0;0;0;0;5.4443359375;1
99318;-2.316162109375;-3.1328125;11.8671875;0;14.183349609375;0;0;0;0;0;0;0;0;0;0;0;0;0;0;0;0;0;0;5000;0;0;1000000;0;1;0;0;0;0;0;0;0;0;0;0;0;0;0;0;0;0;0;0.816650390625;0;0;0;0;5.4443359375;1
99418;-2.316162109375;-3.1328125;11.8671875;0;14.183349609375;0;0;0;0;0;0;0;0;0;0;0;0;0;0;0;0;0;0;5000;0;0;1000000;0;1;0;0;0;0;0;0;0;0;0;0;0;0;0;0;0;0;0;0.816650390625;0;0;0;0;5.4443359375;1
99519;-2.316162109375;-3.1328125;11.8671875;0;14.183349609375;0;0;0;0;0;0;0;0;0;0;0;0;0;0;0;0;0;0;5000;0;0;1000000;0;1;0;0;0;0;0;0;0;0;0;0;0;0;0;0;0;0;0;0.816650390625;0;0;0;0;5.4443359375;1
99619;-2.316162109375;-3.1328125;11.8671875;0;14.183349609375;0;0;0;0;0;0;0;0;0;0;0;0;0;0;0;0;0;0;5000;0;0;1000000;0;1;0;0;0;0;0;0;0;0;0;0;0;0;0;0;0;0;0;0.816650390625;0;0;0;0;5.4443359375;1
99719;-2.316162109375;-3.1328125;11.8671875;0;14.183349609375;0;0;0;0;0;0;0;0;0;0;0;0;0;0;0;0;0;0;5000;0;0;1000000;0;1;0;0;0;0;0;0;0;0;0;0;0;0;0;0;0;0;0;0.816650390625;0;0;0;0;5.4443359375;1
99821;-2.316162109375;-3.1328125;11.8671875;0;14.183349609375;0;0;0;0;0;0;0;0;0;0;0;0;0;0;0;0;0;0;5000;0;0;1000000;0;1;0;0;0;0;0;0;0;0;0;0;0;0;0;0;0;0;0;0.816650390625;0;0;0;0;5.4443359375;1
99923;-2.316162109375;-3.1328125;11.8671875;0;14.183349609375;0;0;0;0;0;0;0;0;0;0;0;0;0;0;0;0;0;0;5000;0;0;1000000;0;1;0;0;0;0;0;0;0;0;0;0;0;0;0;0;0;0;0;0.816650390625;0;0;0;0;5.4443359375;1
100022;-2.316162109375;-3.1328125;11.8671875;0;14.183349609375;0;0;0;0;0;0;0;0;0;0;0;0;0;0;0;0;0;0;5000;0;0;1000000;0;1;0;0;0;0;0;0;0;0;0;0;0;0;0;0;0;0;0;0.816650390625;0;0;0;0;5.4443359375;1
100123;-2.316162109375;-3.1328125;11.8671875;0;14.183349609375;0;0;0;0;0;0;0;0;0;0;0;0;0;0;0;0;0;0;5000;0;0;1000000;0;1;0;0;0;0;0;0;0;0;0;0;0;0;0;0;0;0;0;0.816650390625;0;0;0;0;5.4443359375;1
100223;-2.316162109375;-3.1328125;11.8671875;0;14.183349609375;0;0;0;0;0;0;0;0;0;0;0;0;0;0;0;0;0;0;5000;0;0;1000000;0;1;0;0;0;0;0;0;0;0;0;0;0;0;0;0;0;0;0;0.816650390625;0;0;0;0;5.4443359375;1
100324;-2.316162109375;-3.1328125;11.8671875;0;14.183349609375;0;0;0;0;0;0;0;0;0;0;0;0;0;0;0;0;0;0;5000;0;0;1000000;0;1;0;0;0;0;0;0;0;0;0;0;0;0;0;0;0;0;0;0.816650390625;0;0;0;0;5.4443359375;1
100423;-2.316162109375;-3.1328125;11.8671875;0;14.183349609375;0;0;0;0;0;0;0;0;0;0;0;0;0;0;0;0;0;0;5000;0;0;1000000;0;1;0;0;0;0;0;0;0;0;0;0;0;0;0;0;0;0;0;0.816650390625;0;0;0;0;5.4443359375;1
100524;-2.316162109375;-3.1328125;11.8671875;0;14.183349609375;0;0;0;0;0;0;0;0;0;0;0;0;0;0;0;0;0;0;5000;0;0;1000000;0;1;0;0;0;0;0;0;0;0;0;0;0;0;0;0;0;0;0;0.816650390625;0;0;0;0;5.4443359375;1
100624;-2.316162109375;-3.1328125;11.8671875;0;14.183349609375;0;0;0;0;0;0;0;0;0;0;0;0;0;0;0;0;0;0;5000;0;0;1000000;0;1;0;0;0;0;0;0;0;0;0;0;0;0;0;0;0;0;0;0.816650390625;0;0;0;0;5.4443359375;1
100724;-2.316162109375;-3.1328125;11.8671875;0;14.183349609375;0;0;0;0;0;0;0;0;0;0;0;0;0;0;0;0;0;0;5000;0;0;1000000;0;1;0;0;0;0;0;0;0;0;0;0;0;0;0;0;0;0;0;0.816650390625;0;0;0;0;5.4443359375;1
100826;-2.316162109375;-3.1328125;11.8671875;0;14.183349609375;0;0;0;0;0;0;0;0;0;0;0;0;0;0;0;0;0;0;5000;0;0;1000000;0;1;0;0;0;0;0;0;0;0;0;0;0;0;0;0;0;0;0;0.816650390625;0;0;0;0;5.4443359375;1
100926;-2.316162109375;-3.1328125;11.8671875;0;14.183349609375;0;0;0;0;0;0;0;0;0;0;0;0;0;0;0;0;0;0;5000;0;0;1000000;0;1;0;0;0;0;0;0;0;0;0;0;0;0;0;0;0;0;0;0.816650390625;0;0;0;0;5.4443359375;1
101027;-2.316162109375;-3.1328125;11.8671875;0;14.183349609375;0;0;0;0;0;0;0;0;0;0;0;0;0;0;0;0;0;0;5000;0;0;1000000;0;1;0;0;0;0;0;0;0;0;0;0;0;0;0;0;0;0;0;0.816650390625;0;0;0;0;5.4443359375;1
101127;-2.316162109375;-3.1328125;11.8671875;0;14.183349609375;0;0;0;0;0;0;0;0;0;0;0;0;0;0;0;0;0;0;5000;0;0;1000000;0;1;0;0;0;0;0;0;0;0;0;0;0;0;0;0;0;0;0;0.816650390625;0;0;0;0;5.4443359375;1
101227;-2.316162109375;-3.1328125;11.8671875;0;14.183349609375;0;0;0;0;0;0;0;0;0;0;0;0;0;0;0;0;0;0;5000;0;0;1000000;0;1;0;0;0;0;0;0;0;0;0;0;0;0;0;0;0;0;0;0.816650390625;0;0;0;0;5.4443359375;1
101328;-2.316162109375;-3.1328125;11.8671875;0;14.183349609375;0;0;0;0;0;0;0;0;0;0;0;0;0;0;0;0;0;0;5145;0;0;1000000;0;1;0;0;0;0;0;0;0;0;0;0;0;0;0;0;0;0;0;0.816650390625;0;0;0;0;5.4443359375;1
101429;-2.296142578125;-3.11279296875;11.88720703125;0;14.183349609375;0;1;1;0;0;0;0;0;0;1;1;0;0;0;0;0;0;0;5361;7.2200002670288086;0;1000000;0;1;0;1;0;0;0;0;0;0;0;0;0;0;0;0;0;1;1;0.816650390625;0;0;1;1;5.4443359375;1
101529;-2.196044921875;-3.0126953125;11.9873046875;0;14.183349609375;0;1;1;0;0;0;0;0;0;1;1;0;0;0;0;0;0;0;5696;13.920000076293945;0;1000000;0;1;0;1;0;0;0;0;0;0;0;0;0;0;0;0;0;1;1;0.816650390625;0;0;1;1;5.4443359375;1
101629;-2.10595703125;-2.922607421875;12.077392578125;0;14.183349609375;0;1;1;0;0;0;0;0;0;1;1;0;0;0;0;0;0;0;6083;21.659999847412109;0;1000000;0;1;0;1;0;0;0;0;0;0;0;0;0;0;0;0;0;1;1;0.816650390625;0;0;1;1;5.4443359375;1
101730;-2.005859375;-2.822509765625;12.177490234375;0;14.183349609375;0;1;1;0;0;0;0;0;0;1;1;0;0;0;0;0;0;0;6608;32.159999847412109;0;1000000;0;1;0;1;0;0;0;0;0;0;0;0;0;0;0;0;0;1;1;0.816650390625;0;0;1;1;5.4443359375;1
101830;-1.915771484375;-2.732421875;12.267578125;0;14.183349609375;0;1;1;0;0;0;0;0;0;1;1;0;0;0;0;0;0;0;6716;34.319999694824219;0;1000000;0;1;0;1;0;0;0;0;0;0;0;0;0;0;0;0;0;1;1;0.816650390625;0;0;1;1;5.4443359375;1
101931;-1.815673828125;-2.63232421875;12.36767578125;0;14.183349609375;0;1;1;0;0;0;0;0;0;1;1;0;0;0;0;0;0;0;6931;38.620002746582031;0;1000000;0;1;0;1;0;0;0;0;0;0;0;0;0;0;0;0;0;1;1;0.816650390625;0;0;1;1;5.4443359375;1
102031;-1.7255859375;-2.542236328125;12.457763671875;0;14.183349609375;0;1;1;0;0;0;0;0;0;1;1;0;0;0;0;0;0;0;7210;44.200000762939453;0;1000000;0;1;0;1;0;0;0;0;0;0;0;0;0;0;0;0;0;1;1;0.816650390625;0;0;1;1;5.4443359375;1
102131;-1.62548828125;-2.442138671875;12.557861328125;0;14.183349609375;0;1;1;0;0;0;0;0;0;1;1;0;0;0;0;0;0;0;7615;52.299999237060547;0;1000000;0;1;0;1;0;0;0;0;0;0;0;0;0;0;0;0;0;1;1;0.816650390625;0;0;1;1;5.4443359375;1
102232;-1.535400390625;-2.35205078125;12.64794921875;0;14.183349609375;0;1;1;0;0;0;0;0;0;1;1;0;0;0;0;0;0;0;8065;61.299999237060547;0;1000000;0;1;0;1;0;0;0;0;0;0;0;0;0;0;0;0;0;1;1;0.816650390625;0;0;1;1;5.4443359375;1
102333;-1.435302734375;-2.251953125;12.748046875;0;14.183349609375;0;1;1;0;0;0;0;0;0;1;1;0;0;0;0;0;0;0;8310;66.199996948242188;0;1000000;0;1;0;1;0;0;0;0;0;0;0;0;0;0;0;0;0;1;1;0.816650390625;0;0;1;1;5.4443359375;1
102434;-1.313232421875;-2.1298828125;12.8701171875;0;14.183349609375;0;1;1;0;0;0;0;0;0;1;1;0;0;0;0;0;0;0;8505;70.0999984741211;0;1000000;0;1;0;1;0;0;0;0;0;0;0;0;0;0;0;0;0;1.25;1.25;0.816650390625;0;0;1.25;1.25;5.4443359375;1
102535;-1.201171875;-2.017822265625;12.982177734375;0;14.183349609375;0;1;1;0;0;0;0;0;0;1;1;0;0;0;0;0;0;0;8766;75.319999694824219;0;1000000;0;1;0;1;0;0;0;0;0;0;0;0;0;0;0;0;0;1.25;1.25;0.816650390625;0;0;1.25;1.25;5.4443359375;1
102636;-1.07666015625;-1.893310546875;13.106689453125;0;14.183349609375;0;1;1;0;0;0;0;0;0;1;1;0;0;0;0;0;0;0;6266;25.319999694824219;0;1000000;0;1;0;1;0;0;0;0;0;0;0;0;0;0;0;0;0;1.25;1.25;0.816650390625;0;0;1.25;1.25;5.4443359375;1
102735;-0.981689453125;-1.79833984375;13.20166015625;0;14.183349609375;0;0;0;0;0;0;0;0;0;0;0;0;0;0;0;0;0;0;5000;0;0;1000000;0;1;0;1;0;0;0;0;0;0;0;0;0;0;0;0;0;1;1;0.816650390625;0;0;1;1;5.4443359375;1
102836;-0.881591796875;-1.6982421875;13.3017578125;0;14.183349609375;0;0;0;0;0;0;0;0;0;0;0;0;0;0;0;0;0;0;5000;0;0;1000000;0;1;0;1;0;0;0;0;0;0;0;0;0;0;0;0;0;1;1;0.816650390625;0;0;1;1;5.4443359375;1
102937;-0.79150390625;-1.608154296875;13.391845703125;0;14.183349609375;0;0;0;0;0;0;0;0;0;0;0;0;0;0;0;0;0;0;5000;0;0;1000000;0;1;0;1;0;0;0;0;0;0;0;0;0;0;0;0;0;1;1;0.816650390625;0;0;1;1;5.4443359375;1
103037;-0.69140625;-1.55810546875;13.44189453125;0;14.13330078125;0;0;0;0;0;0;0;0;0;0;0;0;0;0;0;0;0;0;5000;0;0;1000000;0;1;0;1;0;0;0;0;0;0;0;0;0;0;0;0;0;1;0;0.86669921875;0;0;1;0;5.7779946327209473;1
103138;-0.681396484375;-1.55810546875;13.44189453125;0;14.123291015625;0;0;0;0;0;0;0;0;0;0;0;0;0;0;0;0;0;0;5000;0;0;1000000;0;1;0;1;0;0;0;0;0;0;0;0;0;0;0;0;0;0;0;0.876708984375;0;0;0;0;5.8447265625;1
103238;-0.681396484375;-1.55810546875;13.44189453125;0;14.123291015625;0;0;0;0;0;0;0;0;0;0;0;0;0;0;0;0;0;0;5000;0;0;1000000;0;1;0;1;0;0;0;0;0;0;0;0;0;0;0;0;0;0;0;0.876708984375;0;0;0;0;5.8447265625;1
103341;-0.681396484375;-1.55810546875;13.44189453125;0;14.123291015625;0;0;0;0;0;0;0;0;0;0;0;0;0;0;0;0;0;0;5000;0;0;1000000;0;1;0;1;0;0;0;0;0;0;0;0;0;0;0;0;0;0;0;0.876708984375;0;0;0;0;5.8447265625;1
103440;-0.681396484375;-1.55810546875;13.44189453125;0;14.123291015625;0;0;0;0;0;0;0;0;0;0;0;0;0;0;0;0;0;0;5000;0;0;1000000;0;1;0;1;0;0;0;0;0;0;0;0;0;0;0;0;0;0;0;0.876708984375;0;0;0;0;5.8447265625;1
103541;-0.681396484375;-1.55810546875;13.44189453125;0;14.123291015625;0;0;0;0;0;0;0;0;0;0;0;0;0;0;0;0;0;0;5000;0;0;1000000;0;1;0;1;0;0;0;0;0;0;0;0;0;0;0;0;0;0;0;0.876708984375;0;0;0;0;5.8447265625;1
103643;-0.681396484375;-1.55810546875;13.44189453125;0;14.123291015625;0;0;0;0;0;0;0;0;0;0;0;0;0;0;0;0;0;0;5000;0;0;1000000;0;1;0;1;0;0;0;0;0;0;0;0;0;0;0;0;0;0;0;0.876708984375;0;0;0;0;5.8447265625;1
103743;-0.681396484375;-1.55810546875;13.44189453125;0;14.123291015625;0;0;0;0;0;0;0;0;0;0;0;0;0;0;0;0;0;0;5000;0;0;1000000;0;1;0;1;0;0;0;0;0;0;0;0;0;0;0;0;0;0;0;0.876708984375;0;0;0;0;5.8447265625;1
103845;-0.681396484375;-1.55810546875;13.44189453125;0;14.123291015625;0;0;0;0;0;0;0;0;0;0;0;0;0;0;0;0;0;0;5000;0;0;1000000;0;1;0;1;0;0;0;0;0;0;0;0;0;0;0;0;0;0;0;0.876708984375;0;0;0;0;5.8447265625;1
103944;-0.681396484375;-1.55810546875;13.44189453125;0;14.123291015625;0;0;0;0;0;0;0;0;0;0;0;0;0;0;0;0;0;0;5000;0;0;1000000;0;1;0;1;0;0;0;0;0;0;0;0;0;0;0;0;0;0;0;0.876708984375;0;0;0;0;5.8447265625;1
104045;-0.681396484375;-1.55810546875;13.44189453125;0;14.123291015625;0;0;0;0;0;0;0;0;0;0;0;0;0;0;0;0;0;0;5000;0;0;1000000;0;1;0;1;0;0;0;0;0;0;0;0;0;0;0;0;0;0;0;0.876708984375;0;0;0;0;5.8447265625;1
104145;-0.681396484375;-1.55810546875;13.44189453125;0;14.123291015625;0;0;0;0;0;0;0;0;0;0;0;0;0;0;0;0;0;0;5000;0;0;1000000;0;1;0;1;0;0;0;0;0;0;0;0;0;0;0;0;0;0;0;0.876708984375;0;0;0;0;5.8447265625;1
104244;-0.681396484375;-1.55810546875;13.44189453125;0;14.123291015625;0;0;0;0;0;0;0;0;0;0;0;0;0;0;0;0;0;0;5000;0;0;1000000;0;1;0;1;0;0;0;0;0;0;0;0;0;0;0;0;0;0;0;0.876708984375;0;0;0;0;5.8447265625;1
104345;-0.681396484375;-1.55810546875;13.44189453125;0;14.123291015625;0;0;0;0;0;0;0;0;0;0;0;0;0;0;0;0;0;0;5000;0;0;1000000;0;1;0;1;0;0;0;0;0;0;0;0;0;0;0;0;0;0;0;0.876708984375;0;0;0;0;5.8447265625;1
104445;-0.681396484375;-1.55810546875;13.44189453125;0;14.123291015625;0;0;0;0;0;0;0;0;0;0;0;0;0;0;0;0;0;0;5000;0;0;1000000;0;1;0;0;0;0;0;0;0;0;0;0;0;0;0;0;0;0;0;0.876708984375;0;0;0;0;5.8447265625;1
104545;-0.681396484375;-1.55810546875;13.44189453125;0;14.123291015625;0;0;0;0;0;0;0;0;0;0;0;0;0;0;0;0;0;0;5000;0;0;1000000;0;1;0;0;0;0;0;0;0;0;0;0;0;0;0;0;0;0;0;0.876708984375;0;0;0;0;5.8447265625;1
104647;-0.681396484375;-1.55810546875;13.44189453125;0;14.123291015625;0;0;0;0;0;0;0;0;0;0;0;0;0;0;0;0;0;0;5000;0;0;1000000;0;1;0;0;0;0;0;0;0;0;0;0;0;0;0;0;0;0;0;0.876708984375;0;0;0;0;5.8447265625;1
104748;-0.681396484375;-1.55810546875;13.44189453125;0;14.123291015625;0;0;0;0;0;0;0;0;0;0;0;0;0;0;0;0;0;0;4605;0;0;1000000;0;1;0;0;0;0;0;0;0;0;0;0;0;0;0;0;0;0;0;0.876708984375;0;0;0;0;5.8447265625;1
104848;-0.681396484375;-1.55810546875;13.44189453125;0;14.123291015625;0;0;0;0;0;0;0;0;0;0;0;0;0;0;0;0;0;0;4164;16.719999313354492;0;1000000;0;1;0;1;0;0;0;0;0;0;0;0;0;0;0;0;0;0;0;0.876708984375;0;0;0;0;5.8447265625;1
104950;-0.681396484375;-1.55810546875;13.44189453125;0;14.123291015625;0;0;0;0;0;0;0;0;0;0;0;0;0;0;0;0;0;0;3879;22.420000076293945;0;1000000;0;1;0;1;0;0;0;0;0;0;0;0;0;0;0;0;0;0;0;0.876708984375;0;0;0;0;5.8447265625;1
105051;-0.681396484375;-1.55810546875;13.44189453125;0;14.123291015625;0;0;0;0;0;0;0;0;0;0;0;0;0;0;0;0;0;0;3717;25.659999847412109;0;1000000;0;1;0;1;0;0;0;0;0;0;0;0;0;0;0;0;0;0;0;0.876708984375;0;0;0;0;5.8447265625;1
105153;-0.681396484375;-1.55810546875;13.44189453125;0;14.123291015625;0;0;0;0;0;0;0;0;0;0;0;0;0;0;0;0;0;0;3442;31.159999847412109;0;1000000;0;1;0;1;0;0;0;0;0;0;0;0;0;0;0;0;0;0;0;0.876708984375;0;0;0;0;5.8447265625;1
105252;-0.681396484375;-1.55810546875;13.44189453125;0;14.123291015625;0;0;0;0;0;0;0;0;0;0;0;0;0;0;0;0;0;0;3109;37.819999694824219;0;1000000;0;1;0;1;0;0;0;0;0;0;0;0;0;0;0;0;0;0;0;0.876708984375;0;0;0;0;5.8447265625;1
105353;-0.681396484375;-1.55810546875;13.44189453125;0;14.123291015625;0;0;0;0;0;0;0;0;0;0;0;0;0;0;0;0;0;0;2644;47.119998931884766;0;1000000;0;1;0;1;0;0;0;0;0;0;0;0;0;0;0;0;0;0;0;0.876708984375;0;0;0;0;5.8447265625;1
105452;-0.681396484375;-1.55810546875;13.44189453125;0;14.123291015625;0;0;0;0;0;0;0;0;0;0;0;0;0;0;0;0;0;0;2290;54.200000762939453;0;1000000;0;1;0;1;0;0;0;0;0;0;0;0;0;0;0;0;0;0;0;0.876708984375;0;0;0;0;5.8447265625;1
105554;-0.681396484375;-1.55810546875;13.44189453125;0;14.123291015625;0;0;0;0;0;0;0;0;0;0;0;0;0;0;0;0;0;0;2135;57.300003051757813;0;1000000;0;1;0;1;0;0;0;0;0;0;0;0;0;0;0;0;0;0;0;0.876708984375;0;0;0;0;5.8447265625;1
105654;-0.681396484375;-1.55810546875;13.44189453125;0;14.123291015625;0;0;0;0;0;0;0;0;0;0;0;0;0;0;0;0;0;0;1910;61.799995422363281;0;1000000;0;1;0;1;0;0;0;0;0;0;0;0;0;0;0;0;0;0;0;0.876708984375;0;0;0;0;5.8447265625;1
105755;-0.681396484375;-1.55810546875;13.44189453125;0;14.123291015625;0;0;0;0;0;0;0;0;0;0;0;0;0;0;0;0;0;0;1565;68.699996948242188;0;1000000;0;1;0;1;0;0;0;0;0;0;0;0;0;0;0;0;0;0;0;0.876708984375;0;0;0;0;5.8447265625;1
105856;-0.681396484375;-1.55810546875;13.44189453125;0;14.123291015625;0;0;0;0;0;0;0;0;0;0;0;0;0;0;0;0;0;0;1169;76.620002746582031;0;1000000;0;1;0;1;0;0;0;0;0;0;0;0;0;0;0;0;0;0;0;0.876708984375;0;0;0;0;5.8447265625;1
105956;-0.681396484375;-1.55810546875;13.44189453125;0;14.123291015625;0;0;0;0;0;0;0;0;0;0;0;0;0;0;0;0;0;0;684;86.319999694824219;0;1000000;0;1;0;1;0;0;0;0;0;0;0;0;0;0;0;0;0;0;0;0.876708984375;0;0;0;0;5.8447265625;1
106057;-0.681396484375;-1.55810546875;13.44189453125;0;14.123291015625;0;0;0;0;0;0;0;0;0;0;0;0;0;0;0;0;0;0;549;89.020004272460938;0;1000000;0;1;0;1;0;0;0;0;0;0;0;0;0;0;0;0;0;0;0;0.876708984375;0;0;0;0;5.8447265625;1
106158;-0.681396484375;-1.55810546875;13.44189453125;0;14.123291015625;0;0;0;0;0;0;0;0;0;0;0;0;0;0;0;0;0;0;342;93.159996032714844;0;1000000;0;1;0;1;0;0;0;0;0;0;0;0;0;0;0;0;0;0;0;0.876708984375;0;0;0;0;5.8447265625;1
106258;-0.681396484375;-1.55810546875;13.44189453125;0;14.123291015625;0;0;0;0;0;0;0;0;0;0;0;0;0;0;0;0;0;0;17;99.659996032714844;0;1000000;0;1;0;1;0;0;0;0;0;0;0;0;0;0;0;0;0;0;0;0.876708984375;0;0;0;0;5.8447265625;1
106360;-0.681396484375;-1.55810546875;13.44189453125;0;14.123291015625;0;0;0;0;0;0;0;0;0;0;0;0;0;0;0;0;0;0;0;100;0;1000000;0;1;0;1;0;0;0;0;0;0;0;0;0;0;0;0;0;0;0;0.876708984375;0;0;0;0;5.8447265625;1
106460;-0.681396484375;-1.55810546875;13.44189453125;0;14.123291015625;0;0;0;0;0;0;0;0;0;0;0;0;0;0;0;0;0;0;0;100;0;1000000;0;1;0;1;0;0;0;0;0;0;0;0;0;0;0;0;0;0;0;0.876708984375;0;0;0;0;5.8447265625;1
106561;-0.681396484375;-1.55810546875;13.44189453125;0;14.123291015625;0;0;0;0;0;0;0;0;0;0;0;0;0;0;0;0;0;0;0;100;0;1000000;0;1;0;1;0;0;0;0;0;0;0;0;0;0;0;0;0;0;0;0.876708984375;0;0;0;0;5.8447265625;1
106661;-0.681396484375;-1.55810546875;13.44189453125;0;14.123291015625;0;0;0;0;0;0;0;0;0;0;0;0;0;0;0;0;0;0;0;100;0;1000000;0;1;0;1;0;0;0;0;0;0;0;0;0;0;0;0;0;0;0;0.876708984375;0;0;0;0;5.8447265625;1
106761;-0.681396484375;-1.55810546875;13.44189453125;0;14.123291015625;0;0;0;0;0;0;0;0;0;0;0;0;0;0;0;0;0;0;0;100;0;1000000;0;1;0;1;0;0;0;0;0;0;0;0;0;0;0;0;0;0;0;0.876708984375;0;0;0;0;5.8447265625;1
106862;-0.681396484375;-1.55810546875;13.44189453125;0;14.123291015625;0;0;0;0;0;0;0;0;0;0;0;0;0;0;0;0;0;0;0;100;0;1000000;0;1;0;1;0;0;0;0;0;0;0;0;0;0;0;0;0;0;0;0.876708984375;0;0;0;0;5.8447265625;1
106964;-0.681396484375;-1.55810546875;13.44189453125;0;14.123291015625;0;0;0;0;0;0;0;0;0;0;0;0;0;0;0;0;0;0;0;100;0;1000000;0;1;0;1;0;0;0;0;0;0;0;0;0;0;0;0;0;0;0;0.876708984375;0;0;0;0;5.8447265625;1
107065;-0.681396484375;-1.55810546875;13.44189453125;0;14.123291015625;0;0;0;0;0;0;0;0;0;0;0;0;0;0;0;0;0;0;0;100;0;1000000;0;1;0;1;0;0;0;0;0;0;0;0;0;0;0;0;0;0;0;0.876708984375;0;0;0;0;5.8447265625;1
107165;-0.681396484375;-1.55810546875;13.44189453125;0;14.123291015625;0;0;0;0;0;0;0;0;0;0;0;0;0;0;0;0;0;0;0;100;0;1000000;0;1;0;1;0;0;0;0;0;0;0;0;0;0;0;0;0;0;0;0.876708984375;0;0;0;0;5.8447265625;1
107265;-0.681396484375;-1.55810546875;13.44189453125;0;14.123291015625;0;0;0;0;0;0;0;0;0;0;0;0;0;0;0;0;0;0;0;100;0;1000000;0;1;0;1;0;0;0;0;0;0;0;0;0;0;0;0;0;0;0;0.876708984375;0;0;0;0;5.8447265625;1
107366;-0.681396484375;-1.55810546875;13.44189453125;0;14.123291015625;0;0;0;0;0;0;0;0;0;0;0;0;0;0;0;0;0;0;0;100;0;1000000;0;1;0;1;0;0;0;0;0;0;0;0;0;0;0;0;0;0;0;0.876708984375;0;0;0;0;5.8447265625;1
107467;-0.681396484375;-1.55810546875;13.44189453125;0;14.123291015625;0;0;0;0;0;0;0;0;0;0;0;0;0;0;0;0;0;0;0;100;0;1000000;0;1;0;1;0;0;0;0;0;0;0;0;0;0;0;0;0;0;0;0.876708984375;0;0;0;0;5.8447265625;1
107567;-0.681396484375;-1.55810546875;13.44189453125;0;14.123291015625;0;0;0;0;0;0;0;0;0;0;0;0;0;0;0;0;0;0;0;100;0;1000000;0;1;0;1;0;0;0;0;0;0;0;0;0;0;0;0;0;0;0;0.876708984375;0;0;0;0;5.8447265625;1
107668;-0.681396484375;-1.55810546875;13.44189453125;0;14.123291015625;0;0;0;0;0;0;0;0;0;0;0;0;0;0;0;0;0;0;0;100;0;1000000;0;1;0;1;0;0;0;0;0;0;0;0;0;0;0;0;0;0;0;0.876708984375;0;0;0;0;5.8447265625;1
107768;-0.681396484375;-1.55810546875;13.44189453125;0;14.123291015625;0;0;0;0;0;0;0;0;0;0;0;0;0;0;0;0;0;0;0;100;0;1000000;0;1;0;1;0;0;0;0;0;0;0;0;0;0;0;0;0;0;0;0.876708984375;0;0;0;0;5.8447265625;1
107869;-0.681396484375;-1.55810546875;13.44189453125;0;14.123291015625;0;0;0;0;0;0;0;0;0;0;0;0;0;0;0;0;0;0;0;100;0;1000000;0;1;0;1;0;0;0;0;0;0;0;0;0;0;0;0;0;0;0;0.876708984375;0;0;0;0;5.8447265625;1
107970;-0.681396484375;-1.55810546875;13.44189453125;0;14.123291015625;0;0;0;0;0;0;0;0;0;0;0;0;0;0;0;0;0;0;0;100;0;1000000;0;1;0;1;0;0;0;0;0;0;0;0;0;0;0;0;0;0;0;0.876708984375;0;0;0;0;5.8447265625;1
108069;-0.681396484375;-1.55810546875;13.44189453125;0;14.123291015625;0;0;0;0;0;0;0;0;0;0;0;0;0;0;0;0;0;0;0;100;0;1000000;0;1;0;1;0;0;0;0;0;0;0;0;0;0;0;0;0;0;0;0.876708984375;0;0;0;0;5.8447265625;1
108169;-0.681396484375;-1.55810546875;13.44189453125;0;14.123291015625;0;0;0;0;0;0;0;0;0;0;0;0;0;0;0;0;0;0;0;100;0;1000000;0;1;0;1;0;0;0;0;0;0;0;0;0;0;0;0;0;0;0;0.876708984375;0;0;0;0;5.8447265625;1
108270;-0.681396484375;-1.55810546875;13.44189453125;0;14.123291015625;0;0;0;0;0;0;0;0;0;0;0;0;0;0;0;0;0;0;0;100;0;1000000;0;1;0;1;0;0;0;0;0;0;0;0;0;0;0;0;0;0;0;0.876708984375;0;0;0;0;5.8447265625;1
108371;-0.681396484375;-1.55810546875;13.44189453125;0;14.123291015625;0;0;0;0;0;0;0;0;0;0;0;0;0;0;0;0;0;0;0;100;0;1000000;0;1;0;1;0;0;0;0;0;0;0;0;0;0;0;0;0;0;0;0.876708984375;0;0;0;0;5.8447265625;1
108471;-0.681396484375;-1.55810546875;13.44189453125;0;14.123291015625;0;0;0;0;0;0;0;0;0;0;0;0;0;0;0;0;0;0;0;100;0;1000000;0;1;0;1;0;0;0;0;0;0;0;0;0;0;0;0;0;0;0;0.876708984375;0;0;0;0;5.8447265625;1
108571;-0.681396484375;-1.55810546875;13.44189453125;0;14.123291015625;0;0;0;0;0;0;0;0;0;0;0;0;0;0;0;0;0;0;2250;55;0;1000000;0;1;0;1;0;0;0;0;0;0;0;0;0;0;0;0;0;0;0;0.876708984375;0;0;0;0;5.8447265625;1
108672;-0.681396484375;-1.55810546875;13.44189453125;0;14.123291015625;0;0;0;0;0;0;0;0;0;0;0;0;0;0;0;0;0;0;4750;0;0;1000000;0;1;0;1;0;0;0;0;0;0;0;0;0;0;0;0;0;0;0;0.876708984375;0;0;0;0;5.8447265625;1
108771;-0.681396484375;-1.55810546875;13.44189453125;0;14.123291015625;0;0;0;0;0;0;0;0;0;0;0;0;0;0;0;0;0;0;5000;0;0;1000000;0;1;0;0;0;0;0;0;0;0;0;0;0;0;0;0;0;0;0;0.876708984375;0;0;0;0;5.8447265625;1
108872;-0.681396484375;-1.55810546875;13.44189453125;0;14.123291015625;0;0;0;0;0;0;0;0;0;0;0;0;0;0;0;0;0;0;5000;0;0;1000000;0;1;0;0;0;0;0;0;0;0;0;0;0;0;0;0;0;0;0;0.876708984375;0;0;0;0;5.8447265625;1
108973;-0.681396484375;-1.55810546875;13.44189453125;0;14.123291015625;0;0;0;0;0;0;0;0;0;0;0;0;0;0;0;0;0;0;5000;0;0;1000000;0;1;0;0;0;0;0;0;0;0;0;0;0;0;0;0;0;0;0;0.876708984375;0;0;0;0;5.8447265625;1
109073;-0.681396484375;-1.55810546875;13.44189453125;0;14.123291015625;0;0;0;0;0;0;0;0;0;0;0;0;0;0;0;0;0;0;5000;0;0;1000000;0;1;0;0;0;0;0;0;0;0;0;0;0;0;0;0;0;0;0;0.876708984375;0;0;0;0;5.8447265625;1
109173;-0.681396484375;-1.55810546875;13.44189453125;0;14.123291015625;0;0;0;0;0;0;0;0;0;0;0;0;0;0;0;0;0;0;5000;0;0;1000000;0;1;0;0;0;0;0;0;0;0;0;0;0;0;0;0;0;0;0;0.876708984375;0;0;0;0;5.8447265625;1
109271;-0.681396484375;-1.55810546875;13.44189453125;0;14.123291015625;0;0;0;0;0;0;0;0;0;0;0;0;0;0;0;0;0;0;5000;0;0;1000000;0;1;0;0;0;0;0;0;0;0;0;0;0;0;0;0;0;0;0;0.876708984375;0;0;0;0;5.8447265625;1
109373;-0.681396484375;-1.55810546875;13.44189453125;0;14.123291015625;0;0;0;0;0;0;0;0;0;0;0;0;0;0;0;0;0;0;5000;0;0;1000000;0;1;0;0;0;0;0;0;0;0;0;0;0;0;0;0;0;0;0;0.876708984375;0;0;0;0;5.8447265625;1
109473;-0.681396484375;-1.55810546875;13.44189453125;0;14.123291015625;0;0;0;0;0;0;0;0;0;0;0;0;0;0;0;0;0;0;5000;0;0;1000000;0;1;0;0;0;0;0;0;0;0;0;0;0;0;0;0;0;0;0;0.876708984375;0;0;0;0;5.8447265625;1
109574;-0.681396484375;-1.55810546875;13.44189453125;0;14.123291015625;0;0;0;0;0;0;0;0;0;0;0;0;0;0;0;0;0;0;5000;0;0;1000000;0;1;0;0;0;0;0;0;0;0;0;0;0;0;0;0;0;0;0;0.876708984375;0;0;0;0;5.8447265625;1
109674;-0.681396484375;-1.55810546875;13.44189453125;0;14.123291015625;0;0;0;0;0;0;0;0;0;0;0;0;0;0;0;0;0;0;5000;0;0;1000000;0;1;0;0;0;0;0;0;0;0;0;0;0;0;0;0;0;0;0;0.876708984375;0;0;0;0;5.8447265625;1
109776;-0.681396484375;-1.55810546875;13.44189453125;0;14.123291015625;0;0;0;0;0;0;0;0;0;0;0;0;0;0;0;0;0;0;5000;0;0;1000000;0;1;0;0;0;0;0;0;0;0;0;0;0;0;0;0;0;0;0;0.876708984375;0;0;0;0;5.8447265625;1
109876;-0.681396484375;-1.55810546875;13.44189453125;0;14.123291015625;0;0;0;0;0;0;0;0;0;0;0;0;0;0;0;0;0;0;5000;0;0;1000000;0;1;0;0;0;0;0;0;0;0;0;0;0;0;0;0;0;0;0;0.876708984375;0;0;0;0;5.8447265625;1
109976;-0.681396484375;-1.55810546875;13.44189453125;0;14.123291015625;0;0;0;0;0;0;0;0;0;0;0;0;0;0;0;0;0;0;4625;0;0;1000000;0;1;0;0;0;0;0;0;0;0;0;0;0;0;0;0;0;0;0;0.876708984375;0;0;0;0;5.8447265625;1
110076;-0.681396484375;-1.55810546875;13.44189453125;0;14.123291015625;0;0;0;0;0;0;0;0;0;0;0;0;0;0;0;0;0;0;4150;17;0;1000000;0;1;0;1;0;0;0;0;0;0;0;0;0;0;0;0;0;0;0;0;0;0;0;0;5.8447265625;1
110178;-0.681396484375;-1.55810546875;13.44189453125;0;14.123291015625;0;0;0;0;0;0;0;0;0;0;0;0;0;0;0;0;0;0;3837;23.260000228881836;0;1000000;0;1;0;1;0;0;0;0;0;0;0;0;0;0;0;0;0;0;0;0;0;0;0;0;5.8447265625;1
110278;-0.681396484375;-1.55810546875;13.44189453125;0;14.123291015625;0;0;0;0;0;0;0;0;0;0;0;0;0;0;0;0;0;0;3672;26.559999465942383;0;1000000;0;1;0;1;0;0;0;0;0;0;0;0;0;0;0;0;0;0;0;0;0;0;0;0;5.8447265625;1
110379;-0.681396484375;-1.55810546875;13.44189453125;0;14.123291015625;0;0;0;0;0;0;0;0;0;0;0;0;0;0;0;0;0;0;3438;31.240001678466797;0;1000000;0;1;0;1;0;0;0;0;0;0;0;0;0;0;0;0;0;0;0;0;0;0;0;0;5.8447265625;1
110478;-0.681396484375;-1.55810546875;13.44189453125;0;14.123291015625;0;0;0;0;0;0;0;0;0;0;0;0;0;0;0;0;0;0;3083;38.340000152587891;0;1000000;0;1;0;1;0;0;0;0;0;0;0;0;0;0;0;0;0;0;0;0;0;0;0;0;5.8447265625;1
110579;-0.681396484375;-1.55810546875;13.44189453125;0;14.123291015625;0;0;0;0;0;0;0;0;0;0;0;0;0;0;0;0;0;0;2628;47.44000244140625;0;1000000;0;1;0;1;0;0;0;0;0;0;0;0;0;0;0;0;0;0;0;0;0;0;0;0;5.8447265625;1
110679;-0.681396484375;-1.55810546875;13.44189453125;0;14.123291015625;0;0;0;0;0;0;0;0;0;0;0;0;0;0;0;0;0;0;2233;55.339996337890625;0;1000000;0;1;0;1;0;0;0;0;0;0;0;0;0;0;0;0;0;0;0;0;0;0;0;0;5.8447265625;1
110780;-0.681396484375;-1.55810546875;13.44189453125;0;14.123291015625;0;0;0;0;0;0;0;0;0;0;0;0;0;0;0;0;0;0;2088;58.2400016784668;0;1000000;0;1;0;1;0;0;0;0;0;0;0;0;0;0;0;0;0;0;0;0;0;0;0;0;5.8447265625;1
110880;-0.681396484375;-1.55810546875;13.44189453125;0;14.123291015625;0;0;0;0;0;0;0;0;0;0;0;0;0;0;0;0;0;0;1843;63.139999389648438;0;1000000;0;1;0;1;0;0;0;0;0;0;0;0;0;0;0;0;0;0;0;0;0;0;0;0;5.8447265625;1
110982;-0.681396484375;-1.55810546875;13.44189453125;0;14.123291015625;0;0;0;0;0;0;0;0;0;0;0;0;0;0;0;0;0;0;1537;69.260002136230469;0;1000000;0;1;0;1;0;0;0;0;0;0;0;0;0;0;0;0;0;0;0;0;0;0;0;0;5.8447265625;1
111082;-0.681396484375;-1.55810546875;13.44189453125;0;14.123291015625;0;0;0;0;0;0;0;0;0;0;0;0;0;0;0;0;0;0;1102;77.959999084472656;0;1000000;0;1;0;1;0;0;0;0;0;0;0;0;0;0;0;0;0;0;0;0;0;0;0;0;5.8447265625;1
111183;-0.681396484375;-1.55810546875;13.44189453125;0;14.123291015625;0;0;0;0;0;0;0;0;0;0;0;0;0;0;0;0;0;0;617;87.660003662109375;0;1000000;0;1;0;1;0;0;0;0;0;0;0;0;0;0;0;0;0;0;0;0;0;0;0;0;5.8447265625;1
111282;-0.681396484375;-1.55810546875;13.44189453125;0;14.123291015625;0;0;0;0;0;0;0;0;0;0;0;0;0;0;0;0;0;0;500;90;0;1000000;0;1;0;1;0;0;0;0;0;0;0;0;0;0;0;0;0;0;0;0;0;0;0;0;5.8447265625;1
111382;-0.681396484375;-1.55810546875;13.44189453125;0;14.123291015625;0;0;0;0;0;0;0;0;0;0;0;0;0;0;0;0;0;0;275;94.5;0;1000000;0;1;0;1;0;0;0;0;0;0;0;0;0;0;0;0;0;0;0;0;0;0;0;0;5.8447265625;1
111482;-0.681396484375;-1.55810546875;13.44189453125;0;14.123291015625;0;0;0;0;0;0;0;0;0;0;0;0;0;0;0;0;0;0;0;100;0;1000000;0;1;0;1;0;0;0;0;0;0;0;0;0;0;0;0;0;0;0;0;0;0;0;0;5.8447265625;1
111584;-0.681396484375;-1.55810546875;13.44189453125;0;14.123291015625;0;0;0;0;0;0;0;0;0;0;0;0;0;0;0;0;0;0;0;100;0;1000000;0;1;0;1;0;0;0;0;0;0;0;0;0;0;0;0;0;0;0;0;0;0;0;0;5.8447265625;1
111683;-0.681396484375;-1.55810546875;13.44189453125;0;14.123291015625;0;0;0;0;0;0;0;0;0;0;0;0;0;0;0;0;0;0;0;100;0;1000000;0;1;0;1;0;0;0;0;0;0;0;0;0;0;0;0;0;0;0;0;0;0;0;0;5.8447265625;1
111784;-0.681396484375;-1.55810546875;13.44189453125;0;14.123291015625;0;0;0;0;0;0;0;0;0;0;0;0;0;0;0;0;0;0;0;100;0;1000000;0;1;0;1;0;0;0;0;0;0;0;0;0;0;0;0;0;0;0;0;0;0;0;0;5.8447265625;1
111883;-0.681396484375;-1.55810546875;13.44189453125;0;14.123291015625;0;0;0;0;0;0;0;0;0;0;0;0;0;0;0;0;0;0;0;100;0;1000000;0;1;0;1;0;0;0;0;0;0;0;0;0;0;0;0;0;0;0;0;0;0;0;0;5.8447265625;1
111984;-0.681396484375;-1.55810546875;13.44189453125;0;14.123291015625;0;0;0;0;0;0;0;0;0;0;0;0;0;0;0;0;0;0;0;100;0;1000000;0;1;0;1;0;0;0;0;0;0;0;0;0;0;0;0;0;0;0;0;0;0;0;0;5.8447265625;1
112084;-0.681396484375;-1.55810546875;13.44189453125;0;14.123291015625;0;0;0;0;0;0;0;0;0;0;0;0;0;0;0;0;0;0;0;100;0;1000000;0;1;0;1;0;0;0;0;0;0;0;0;0;0;0;0;0;0;0;0;0;0;0;0;5.8447265625;1
112185;-0.681396484375;-1.55810546875;13.44189453125;0;14.123291015625;0;0;0;0;0;0;0;0;0;0;0;0;0;0;0;0;0;0;0;100;0;1000000;0;1;0;1;0;0;0;0;0;0;0;0;0;0;0;0;0;0;0;0;0;0;0;0;5.8447265625;1
112284;-0.681396484375;-1.55810546875;13.44189453125;0;14.123291015625;0;0;0;0;0;0;0;0;0;0;0;0;0;0;0;0;0;0;0;100;0;1000000;0;1;0;1;0;0;0;0;0;0;0;0;0;0;0;0;0;0;0;0;0;0;0;0;5.8447265625;1
112385;-0.681396484375;-1.55810546875;13.44189453125;0;14.123291015625;0;0;0;0;0;0;0;0;0;0;0;0;0;0;0;0;0;0;0;100;0;1000000;0;1;0;1;0;0;0;0;0;0;0;0;0;0;0;0;0;0;0;0;0;0;0;0;5.8447265625;1
112486;-0.681396484375;-1.55810546875;13.44189453125;0;14.123291015625;0;0;0;0;0;0;0;0;0;0;0;0;0;0;0;0;0;0;0;100;0;1000000;0;1;0;1;0;0;0;0;0;0;0;0;0;0;0;0;0;0;0;0;0;0;0;0;5.8447265625;1
112587;-0.681396484375;-1.55810546875;13.44189453125;0;14.123291015625;0;0;0;0;0;0;0;0;0;0;0;0;0;0;0;0;0;0;0;100;0;1000000;0;1;0;1;0;0;0;0;0;0;0;0;0;0;0;0;0;0;0;0;0;0;0;0;5.8447265625;1
112689;-0.681396484375;-1.55810546875;13.44189453125;0;14.123291015625;0;0;0;0;0;0;0;0;0;0;0;0;0;0;0;0;0;0;0;100;0;1000000;0;1;0;1;0;0;0;0;0;0;0;0;0;0;0;0;0;0;0;0;0;0;0;0;5.8447265625;1
112788;-0.681396484375;-1.55810546875;13.44189453125;0;14.123291015625;0;0;0;0;0;0;0;0;0;0;0;0;0;0;0;0;0;0;0;100;0;1000000;0;1;0;1;0;0;0;0;0;0;0;0;0;0;0;0;0;0;0;0;0;0;0;0;5.8447265625;1
112888;-0.681396484375;-1.55810546875;13.44189453125;0;14.123291015625;0;0;0;0;0;0;0;0;0;0;0;0;0;0;0;0;0;0;0;100;0;1000000;0;1;0;1;0;0;0;0;0;0;0;0;0;0;0;0;0;0;0;0;0;0;0;0;5.8447265625;1
112989;-0.681396484375;-1.55810546875;13.44189453125;0;14.123291015625;0;0;0;0;0;0;0;0;0;0;0;0;0;0;0;0;0;0;0;100;0;1000000;0;1;0;1;0;0;0;0;0;0;0;0;0;0;0;0;0;0;0;0;0;0;0;0;5.8447265625;1
113089;-0.681396484375;-1.55810546875;13.44189453125;0;14.123291015625;0;0;0;0;0;0;0;0;0;0;0;0;0;0;0;0;0;0;0;100;0;1000000;0;1;0;1;0;0;0;0;0;0;0;0;0;0;0;0;0;0;0;0;0;0;0;0;5.8447265625;1
113189;-0.681396484375;-1.55810546875;13.44189453125;0;14.123291015625;0;0;0;0;0;0;0;0;0;0;0;0;0;0;0;0;0;0;0;100;0;1000000;0;1;0;1;0;0;0;0;0;0;0;0;0;0;0;0;0;0;0;0;0;0;0;0;5.8447265625;1
113289;-0.681396484375;-1.55810546875;13.44189453125;0;14.123291015625;0;0;0;0;0;0;0;0;0;0;0;0;0;0;0;0;0;0;0;100;0;1000000;0;1;0;1;0;0;0;0;0;0;0;0;0;0;0;0;0;0;0;0;0;0;0;0;5.8447265625;1
113390;-0.681396484375;-1.55810546875;13.44189453125;0;14.123291015625;0;0;0;0;0;0;0;0;0;0;0;0;0;0;0;0;0;0;0;100;0;1000000;0;1;0;1;0;0;0;0;0;0;0;0;0;0;0;0;0;0;0;0;0;0;0;0;5.8447265625;1
113491;-0.681396484375;-1.55810546875;13.44189453125;0;14.123291015625;0;0;0;0;0;0;0;0;0;0;0;0;0;0;0;0;0;0;0;100;0;1000000;0;1;0;1;0;0;0;0;0;0;0;0;0;0;0;0;0;0;0;0;0;0;0;0;5.8447265625;1
113591;-0.681396484375;-1.55810546875;13.44189453125;0;14.123291015625;0;0;0;0;0;0;0;0;0;0;0;0;0;0;0;0;0;0;0;100;0;1000000;0;1;0;1;0;0;0;0;0;0;0;0;0;0;0;0;0;0;0;0;0;0;0;0;5.8447265625;1
113691;-0.681396484375;-1.55810546875;13.44189453125;0;14.123291015625;0;0;0;0;0;0;0;0;0;0;0;0;0;0;0;0;0;0;2250;55;0;1000000;0;1;0;1;0;0;0;0;0;0;0;0;0;0;0;0;0;0;0;0;0;0;0;0;5.8447265625;1
113793;-0.681396484375;-1.55810546875;13.44189453125;0;14.123291015625;0;0;0;0;0;0;0;0;0;0;0;0;0;0;0;0;0;0;4750;0;0;1000000;0;1;0;1;0;0;0;0;0;0;0;0;0;0;0;0;0;0;0;0;0;0;0;0;5.8447265625;1
113891;-0.681396484375;-1.55810546875;13.44189453125;0;14.123291015625;0;0;0;0;0;0;0;0;0;0;0;0;0;0;0;0;0;0;5000;0;0;1000000;0;1;0;1;0;0;0;0;0;0;0;0;0;0;0;0;0;0;0;0;0;0;0;0;5.8447265625;1
113993;-0.681396484375;-1.55810546875;13.44189453125;0;14.123291015625;0;0;0;0;0;0;0;0;0;0;0;0;0;0;0;0;0;0;5000;0;0;1000000;0;1;0;0;0;0;0;0;0;0;0;0;0;0;0;0;0;0;0;0;0;0;0;0;5.8447265625;1
114093;-0.681396484375;-1.55810546875;13.44189453125;0;14.123291015625;0;0;0;0;0;0;0;0;0;0;0;0;0;0;0;0;0;0;5000;0;0;1000000;0;1;0;0;0;0;0;0;0;0;0;0;0;0;0;0;0;0;0;0;0;0;0;0;5.8447265625;1
114192;-0.681396484375;-1.55810546875;13.44189453125;0;14.123291015625;0;0;0;0;0;0;0;0;0;0;0;0;0;0;0;0;0;0;5000;0;0;1000000;0;1;0;0;0;0;0;0;0;0;0;0;0;0;0;0;0;0;0;0;0;0;0;0;5.8447265625;1
114293;-0.681396484375;-1.55810546875;13.44189453125;0;14.123291015625;0;0;0;0;0;0;0;0;0;0;0;0;0;0;0;0;0;0;5000;0;0;1000000;0;1;0;0;0;0;0;0;0;0;0;0;0;0;0;0;0;0;0;0;0;0;0;0;5.8447265625;1
114393;-0.681396484375;-1.55810546875;13.44189453125;0;14.123291015625;0;0;0;0;0;0;0;0;0;0;0;0;0;0;0;0;0;0;5000;0;0;1000000;0;1;0;0;0;0;0;0;0;0;0;0;0;0;0;0;0;0;0;0;0;0;0;0;5.8447265625;1
114496;-0.681396484375;-1.55810546875;13.44189453125;0;14.123291015625;0;0;0;0;0;0;0;0;0;0;0;0;0;0;0;0;0;0;5000;0;0;1000000;0;1;0;0;0;0;0;0;0;0;0;0;0;0;0;0;0;0;0;0;0;0;0;0;5.8447265625;1
114595;-0.681396484375;-1.55810546875;13.44189453125;0;14.123291015625;0;0;0;0;0;0;0;0;0;0;0;0;0;0;0;0;0;0;5000;0;0;1000000;0;1;0;0;0;0;0;0;0;0;0;0;0;0;0;0;0;0;0;0;0;0;0;0;5.8447265625;1
114696;-0.681396484375;-1.55810546875;13.44189453125;0;14.123291015625;0;0;0;0;0;0;0;0;0;0;0;0;0;0;0;0;0;0;5000;0;0;1000000;0;1;0;0;0;0;0;0;0;0;0;0;0;0;0;0;0;0;0;0;0;0;0;0;5.8447265625;1
114795;-0.681396484375;-1.55810546875;13.44189453125;0;14.123291015625;0;0;0;0;0;0;0;0;0;0;0;0;0;0;0;0;0;0;5000;0;0;1000000;0;1;0;0;0;0;0;0;0;0;0;0;0;0;0;0;0;0;0;0;0;0;0;0;5.8447265625;1
114896;-0.681396484375;-1.55810546875;13.44189453125;0;14.123291015625;0;0;0;0;0;0;0;0;0;0;0;0;0;0;0;0;0;0;5000;0;0;1000000;0;1;0;0;0;0;0;0;0;0;0;0;0;0;0;0;0;0;0;0;0;0;0;0;5.8447265625;1
114996;-0.681396484375;-1.55810546875;13.44189453125;0;14.123291015625;0;0;0;0;0;0;0;0;0;0;0;0;0;0;0;0;0;0;5000;0;0;1000000;0;1;0;0;0;0;0;0;0;0;0;0;0;0;0;0;0;0;0;0;0;0;0;0;5.8447265625;1
115097;-0.681396484375;-1.55810546875;13.44189453125;0;14.123291015625;0;0;0;0;0;0;0;0;0;0;0;0;0;0;0;0;0;0;5000;0;0;1000000;0;1;0;0;0;0;0;0;0;0;0;0;0;0;0;0;0;0;0;0;0;0;0;0;5.8447265625;1
115198;-0.681396484375;-1.55810546875;13.44189453125;0;14.123291015625;0;0;0;0;0;0;0;0;0;0;0;0;0;0;0;0;0;0;5000;0;0;1000000;0;1;0;0;0;0;0;0;0;0;0;0;0;0;0;0;0;0;0;0;0;0;0;0;5.8447265625;1
115298;-0.681396484375;-1.55810546875;13.44189453125;0;14.123291015625;0;0;0;0;0;0;0;0;0;0;0;0;0;0;0;0;0;0;5000;0;0;1000000;0;1;0;0;0;0;0;0;0;0;0;0;0;0;0;0;0;0;0;0;0;0;0;0;5.8447265625;1
115399;-0.681396484375;-1.55810546875;13.44189453125;0;14.123291015625;0;0;0;0;0;0;0;0;0;0;0;0;0;0;0;0;0;0;5000;0;0;1000000;0;1;0;0;0;0;0;0;0;0;0;0;0;0;0;0;0;0;0;0;0;0;0;0;5.8447265625;1
115499;-0.681396484375;-1.55810546875;13.44189453125;0;14.123291015625;0;0;0;0;0;0;0;0;0;0;0;0;0;0;0;0;0;0;5000;0;0;1000000;0;1;0;0;0;0;0;0;0;0;0;0;0;0;0;0;0;0;0;0;0;0;0;0;5.8447265625;1
115601;-0.681396484375;-1.55810546875;13.44189453125;0;14.123291015625;0;0;0;0;0;0;0;0;0;0;0;0;0;0;0;0;0;0;5000;0;0;1000000;0;1;0;0;0;0;0;0;0;0;0;0;0;0;0;0;0;0;0;0;0;0;0;0;5.8447265625;1
115701;-0.681396484375;-1.55810546875;13.44189453125;0;14.123291015625;0;0;0;0;0;0;0;0;0;0;0;0;0;0;0;0;0;0;5000;0;0;1000000;0;1;0;0;0;0;0;0;0;0;0;0;0;0;0;0;0;0;0;0;0;0;0;0;5.8447265625;1
115803;-0.681396484375;-1.55810546875;13.44189453125;0;14.123291015625;0;0;0;0;0;0;0;0;0;0;0;0;0;0;0;0;0;0;4622;0;0;1000000;0;1;0;0;0;0;0;0;0;0;0;0;0;0;0;0;0;0;0;0;0;0;0;0;5.8447265625;1
115905;-0.681396484375;-1.55810546875;13.44189453125;0;14.123291015625;0;0;0;0;0;0;0;0;0;0;0;0;0;0;0;0;0;0;4107;17.860000610351563;0;1000000;0;1;0;1;0;0;0;0;0;0;0;0;0;0;0;0;0;0;0;0;0;0;0;0;5.8447265625;1
116006;-0.681396484375;-1.55810546875;13.44189453125;0;14.123291015625;0;0;0;0;0;0;0;0;0;0;0;0;0;0;0;0;0;0;3958;20.840000152587891;0;1000000;0;1;0;1;0;0;0;0;0;0;0;0;0;0;0;0;0;0;0;0;0;0;0;0;5.8447265625;1
116106;-0.681396484375;-1.55810546875;13.44189453125;0;14.123291015625;0;0;0;0;0;0;0;0;0;0;0;0;0;0;0;0;0;0;3753;24.940000534057617;0;1000000;0;1;0;1;0;0;0;0;0;0;0;0;0;0;0;0;0;0;0;0;0;0;0;0;5.8447265625;1
116205;-0.681396484375;-1.55810546875;13.44189453125;0;14.123291015625;0;0;0;0;0;0;0;0;0;0;0;0;0;0;0;0;0;0;3483;30.340000152587891;0;1000000;0;1;0;1;0;0;0;0;0;0;0;0;0;0;0;0;0;0;0;0;0;0;0;0;5.8447265625;1
116305;-0.681396484375;-1.55810546875;13.44189453125;0;14.123291015625;0;0;0;0;0;0;0;0;0;0;0;0;0;0;0;0;0;0;3088;38.2400016784668;0;1000000;0;1;0;1;0;0;0;0;0;0;0;0;0;0;0;0;0;0;0;0;0;0;0;0;5.8447265625;1
116406;-0.681396484375;-1.55810546875;13.44189453125;0;14.123291015625;0;0;0;0;0;0;0;0;0;0;0;0;0;0;0;0;0;0;2647;47.060001373291016;0;1000000;0;1;0;1;0;0;0;0;0;0;0;0;0;0;0;0;0;0;0;0;0;0;0;0;5.8447265625;1
116505;-0.681396484375;-1.55810546875;13.44189453125;0;14.123291015625;0;0;0;0;0;0;0;0;0;0;0;0;0;0;0;0;0;0;2362;52.7599983215332;0;1000000;0;1;0;1;0;0;0;0;0;0;0;0;0;0;0;0;0;0;0;0;0;0;0;0;5.8447265625;1
116605;-0.681396484375;-1.55810546875;13.44189453125;0;14.123291015625;0;0;0;0;0;0;0;0;0;0;0;0;0;0;0;0;0;0;2177;56.459999084472656;0;1000000;0;1;0;1;0;0;0;0;0;0;0;0;0;0;0;0;0;0;0;0;0;0;0;0;5.8447265625;1
116706;-0.681396484375;-1.55810546875;13.44189453125;0;14.123291015625;0;0;0;0;0;0;0;0;0;0;0;0;0;0;0;0;0;0;1925;61.5;0;1000000;0;1;0;1;0;0;0;0;0;0;0;0;0;0;0;0;0;0;0;0;0;0;0;0;5.8447265625;1
116805;-0.681396484375;-1.55810546875;13.44189453125;0;14.123291015625;0;0;0;0;0;0;0;0;0;0;0;0;0;0;0;0;0;0;1592;68.159996032714844;0;1000000;0;1;0;1;0;0;0;0;0;0;0;0;0;0;0;0;0;0;0;0;0;0;0;0;5.8447265625;1
116907;-0.681396484375;-1.55810546875;13.44189453125;0;14.123291015625;0;0;0;0;0;0;0;0;0;0;0;0;0;0;0;0;0;0;1127;77.460006713867188;0;1000000;0;1;0;1;0;0;0;0;0;0;0;0;0;0;0;0;0;0;0;0;0;0;0;0;5.8447265625;1
117006;-0.681396484375;-1.55810546875;13.44189453125;0;14.123291015625;0;0;0;0;0;0;0;0;0;0;0;0;0;0;0;0;0;0;762;84.759994506835938;0;1000000;0;1;0;1;0;0;0;0;0;0;0;0;0;0;0;0;0;0;0;0;0;0;0;0;5.8447265625;1
117109;-0.681396484375;-1.55810546875;13.44189453125;0;14.123291015625;0;0;0;0;0;0;0;0;0;0;0;0;0;0;0;0;0;0;618;87.639999389648438;0;1000000;0;1;0;1;0;0;0;0;0;0;0;0;0;0;0;0;0;0;0;0;0;0;0;0;5.8447265625;1
117209;-0.681396484375;-1.55810546875;13.44189453125;0;14.123291015625;0;0;0;0;0;0;0;0;0;0;0;0;0;0;0;0;0;0;393;92.139999389648438;0;1000000;0;1;0;1;0;0;0;0;0;0;0;0;0;0;0;0;0;0;0;0;0;0;0;0;5.8447265625;1
117309;-0.681396484375;-1.55810546875;13.44189453125;0;14.123291015625;0;0;0;0;0;0;0;0;0;0;0;0;0;0;0;0;0;0;48;99.040000915527344;0;1000000;0;1;0;1;0;0;0;0;0;0;0;0;0;0;0;0;0;0;0;0;0;0;0;0;5.8447265625;1
117410;-0.681396484375;-1.55810546875;13.44189453125;0;14.123291015625;0;0;0;0;0;0;0;0;0;0;0;0;0;0;0;0;0;0;0;100;0;1000000;0;1;0;1;0;0;0;0;0;0;0;0;0;0;0;0;0;0;0;0;0;0;0;0;5.8447265625;1
117510;-0.681396484375;-1.55810546875;13.44189453125;0;14.123291015625;0;0;0;0;0;0;0;0;0;0;0;0;0;0;0;0;0;0;0;100;0;1000000;0;1;0;1;0;0;0;0;0;0;0;0;0;0;0;0;0;0;0;0;0;0;0;0;5.8447265625;1
117610;-0.681396484375;-1.55810546875;13.44189453125;0;14.123291015625;0;0;0;0;0;0;0;0;0;0;0;0;0;0;0;0;0;0;0;100;0;1000000;0;1;0;1;0;0;0;0;0;0;0;0;0;0;0;0;0;0;0;0;0;0;0;0;5.8447265625;1
117711;-0.681396484375;-1.55810546875;13.44189453125;0;14.123291015625;0;0;0;0;0;0;0;0;0;0;0;0;0;0;0;0;0;0;0;100;0;1000000;0;1;0;1;0;0;0;0;0;0;0;0;0;0;0;0;0;0;0;0;0;0;0;0;5.8447265625;1
117812;-0.681396484375;-1.55810546875;13.44189453125;0;14.123291015625;0;0;0;0;0;0;0;0;0;0;0;0;0;0;0;0;0;0;0;100;0;1000000;0;1;0;1;0;0;0;0;0;0;0;0;0;0;0;0;0;0;0;0;0;0;0;0;5.8447265625;1
117912;-0.681396484375;-1.55810546875;13.44189453125;0;14.123291015625;0;0;0;0;0;0;0;0;0;0;0;0;0;0;0;0;0;0;0;100;0;1000000;0;1;0;1;0;0;0;0;0;0;0;0;0;0;0;0;0;0;0;0;0;0;0;0;5.8447265625;1
118013;-0.681396484375;-1.55810546875;13.44189453125;0;14.123291015625;0;0;0;0;0;0;0;0;0;0;0;0;0;0;0;0;0;0;0;100;0;1000000;0;1;0;1;0;0;0;0;0;0;0;0;0;0;0;0;0;0;0;0;0;0;0;0;5.8447265625;1
118112;-0.681396484375;-1.55810546875;13.44189453125;0;14.123291015625;0;0;0;0;0;0;0;0;0;0;0;0;0;0;0;0;0;0;0;100;0;1000000;0;1;0;1;0;0;0;0;0;0;0;0;0;0;0;0;0;0;0;0;0;0;0;0;5.8447265625;1
118213;-0.681396484375;-1.55810546875;13.44189453125;0;14.123291015625;0;0;0;0;0;0;0;0;0;0;0;0;0;0;0;0;0;0;0;100;0;1000000;0;1;0;1;0;0;0;0;0;0;0;0;0;0;0;0;0;0;0;0;0;0;0;0;5.8447265625;1
118314;-0.681396484375;-1.55810546875;13.44189453125;0;14.123291015625;0;0;0;0;0;0;0;0;0;0;0;0;0;0;0;0;0;0;0;100;0;1000000;0;1;0;1;0;0;0;0;0;0;0;0;0;0;0;0;0;0;0;0;0;0;0;0;5.8447265625;1
118414;-0.681396484375;-1.55810546875;13.44189453125;0;14.123291015625;0;0;0;0;0;0;0;0;0;0;0;0;0;0;0;0;0;0;0;100;0;1000000;0;1;0;1;0;0;0;0;0;0;0;0;0;0;0;0;0;0;0;0;0;0;0;0;5.8447265625;1
118515;-0.681396484375;-1.55810546875;13.44189453125;0;14.123291015625;0;0;0;0;0;0;0;0;0;0;0;0;0;0;0;0;0;0;0;100;0;1000000;0;1;0;1;0;0;0;0;0;0;0;0;0;0;0;0;0;0;0;0;0;0;0;0;5.8447265625;1
118615;-0.681396484375;-1.55810546875;13.44189453125;0;14.123291015625;0;0;0;0;0;0;0;0;0;0;0;0;0;0;0;0;0;0;0;100;0;1000000;0;1;0;1;0;0;0;0;0;0;0;0;0;0;0;0;0;0;0;0;0;0;0;0;5.8447265625;1
118715;-0.681396484375;-1.55810546875;13.44189453125;0;14.123291015625;0;0;0;0;0;0;0;0;0;0;0;0;0;0;0;0;0;0;0;100;0;1000000;0;1;0;1;0;0;0;0;0;0;0;0;0;0;0;0;0;0;0;0;0;0;0;0;5.8447265625;1
118816;-0.681396484375;-1.55810546875;13.44189453125;0;14.123291015625;0;0;0;0;0;0;0;0;0;0;0;0;0;0;0;0;0;0;0;100;0;1000000;0;1;0;1;0;0;0;0;0;0;0;0;0;0;0;0;0;0;0;0;0;0;0;0;5.8447265625;1
118918;-0.681396484375;-1.55810546875;13.44189453125;0;14.123291015625;0;0;0;0;0;0;0;0;0;0;0;0;0;0;0;0;0;0;0;100;0;1000000;0;1;0;1;0;0;0;0;0;0;0;0;0;0;0;0;0;0;0;0;0;0;0;0;5.8447265625;1
119018;-0.681396484375;-1.55810546875;13.44189453125;0;14.123291015625;0;0;0;0;0;0;0;0;0;0;0;0;0;0;0;0;0;0;0;100;0;1000000;0;1;0;1;0;0;0;0;0;0;0;0;0;0;0;0;0;0;0;0;0;0;0;0;5.8447265625;1
119119;-0.681396484375;-1.55810546875;13.44189453125;0;14.123291015625;0;0;0;0;0;0;0;0;0;0;0;0;0;0;0;0;0;0;0;100;0;1000000;0;1;0;1;0;0;0;0;0;0;0;0;0;0;0;0;0;0;0;0;0;0;0;0;5.8447265625;1
119220;-0.681396484375;-1.55810546875;13.44189453125;0;14.123291015625;0;0;0;0;0;0;0;0;0;0;0;0;0;0;0;0;0;0;0;100;0;1000000;0;1;0;1;0;0;0;0;0;0;0;0;0;0;0;0;0;0;0;0;0;0;0;0;5.8447265625;1
119321;-0.681396484375;-1.55810546875;13.44189453125;0;14.123291015625;0;0;0;0;0;0;0;0;0;0;0;0;0;0;0;0;0;0;2250;55;0;1000000;0;1;0;1;0;0;0;0;0;0;0;0;0;0;0;0;0;0;0;0;0;0;0;0;5.8447265625;1
119420;-0.681396484375;-1.55810546875;13.44189453125;0;14.123291015625;0;0;0;0;0;0;0;0;0;0;0;0;0;0;0;0;0;0;4750;0;0;1000000;0;1;0;1;0;0;0;0;0;0;0;0;0;0;0;0;0;0;0;0;0;0;0;0;5.8447265625;1
119522;-0.681396484375;-1.55810546875;13.44189453125;0;14.123291015625;0;0;0;0;0;0;0;0;0;0;0;0;0;0;0;0;0;0;5000;0;0;1000000;0;1;0;0;0;0;0;0;0;0;0;0;0;0;0;0;0;0;0;0;0;0;0;0;5.8447265625;1
119622;-0.681396484375;-1.55810546875;13.44189453125;0;14.123291015625;0;0;0;0;0;0;0;0;0;0;0;0;0;0;0;0;0;0;5000;0;0;1000000;0;1;0;0;0;0;0;0;0;0;0;0;0;0;0;0;0;0;0;0;0;0;0;0;5.8447265625;1
119722;-0.681396484375;-1.55810546875;13.44189453125;0;14.123291015625;0;0;0;0;0;0;0;0;0;0;0;0;0;0;0;0;0;0;5125;0;0;1000000;0;1;0;0;0;0;0;0;0;0;0;0;0;0;0;0;0;0;0;0;0;0;0;0;5.8447265625;1
119824;-0.681396484375;-1.55810546875;13.44189453125;0;14.123291015625;0;0;0;0;0;0;0;0;0;0;0;0;0;0;0;0;0;0;5350;7;0;1000000;0;1;0;1;0;0;0;0;0;0;0;0;0;0;0;0;0;0;0;0;0;0;0;0;5.8447265625;1
119924;-0.681396484375;-1.55810546875;13.44189453125;0;14.123291015625;0;0;0;0;0;0;0;0;0;0;0;0;0;0;0;0;0;0;5638;12.760000228881836;0;1000000;0;1;0;1;0;0;0;0;0;0;0;0;0;0;0;0;0;0;0;0;0;0;0;0;5.8447265625;1
120025;-0.681396484375;-1.55810546875;13.44189453125;0;14.123291015625;0;0;0;0;0;0;0;0;0;0;0;0;0;0;0;0;0;0;6053;21.059999465942383;0;1000000;0;1;0;1;0;0;0;0;0;0;0;0;0;0;0;0;0;0;0;0;0;0;0;0;5.8447265625;1
120125;-0.681396484375;-1.55810546875;13.44189453125;0;14.123291015625;0;0;0;0;0;0;0;0;0;0;0;0;0;0;0;0;0;0;6512;30.239999771118164;0;1000000;0;1;0;1;0;0;0;0;0;0;0;0;0;0;0;0;0;0;0;0;0;0;0;0;5.8447265625;1
120225;-0.681396484375;-1.55810546875;13.44189453125;0;14.123291015625;0;0;0;0;0;0;0;0;0;0;0;0;0;0;0;0;0;0;6717;34.340000152587891;0;1000000;0;1;0;1;0;0;0;0;0;0;0;0;0;0;0;0;0;0;0;0;0;0;0;0;5.8447265625;1
120326;-0.681396484375;-1.55810546875;13.44189453125;0;14.123291015625;0;0;0;0;0;0;0;0;0;0;0;0;0;0;0;0;0;0;6922;38.44000244140625;0;1000000;0;1;0;1;0;0;0;0;0;0;0;0;0;0;0;0;0;0;0;0;0;0;0;0;5.8447265625;1
120427;-0.681396484375;-1.55810546875;13.44189453125;0;14.123291015625;0;0;0;0;0;0;0;0;0;0;0;0;0;0;0;0;0;0;7192;43.840000152587891;0;1000000;0;1;0;1;0;0;0;0;0;0;0;0;0;0;0;0;0;0;0;0;0;0;0;0;5.8447265625;1
120527;-0.681396484375;-1.55810546875;13.44189453125;0;14.123291015625;0;0;0;0;0;0;0;0;0;0;0;0;0;0;0;0;0;0;7543;50.860000610351563;0;1000000;0;1;0;1;0;0;0;0;0;0;0;0;0;0;0;0;0;0;0;0;0;0;0;0;5.8447265625;1
120628;-0.681396484375;-1.55810546875;13.44189453125;0;14.123291015625;0;0;0;0;0;0;0;0;0;0;0;0;0;0;0;0;0;0;8028;60.560001373291016;0;1000000;0;1;0;1;0;0;0;0;0;0;0;0;0;0;0;0;0;0;0;0;0;0;0;0;5.8447265625;1
120728;-0.601318359375;-1.47802734375;13.52197265625;0;14.123291015625;0;1;1;0;0;0;0;0;0;1;1;0;0;0;0;0;0;0;8300;66;0;1000000;0;1;0;1;0;0;0;0;0;0;0;0;0;0;0;0;0;1;1;0;0;0;1;1;5.8447265625;1
120828;-0.501220703125;-1.3779296875;13.6220703125;0;14.123291015625;0;1;1;0;0;0;0;0;0;1;1;0;0;0;0;0;0;0;8475;69.5;0;1000000;0;1;0;1;0;0;0;0;0;0;0;0;0;0;0;0;0;1;1;0;0;0;1;1;5.8447265625;1
120930;-0.4111328125;-1.287841796875;13.712158203125;0;14.123291015625;0;1;1;0;0;0;0;0;0;1;1;0;0;0;0;0;0;0;8718;74.360000610351563;0;1000000;0;1;0;1;0;0;0;0;0;0;0;0;0;0;0;0;0;1;1;0;0;0;1;1;5.8447265625;1
121029;-0.31103515625;-1.187744140625;13.812255859375;0;14.123291015625;0;1;1;0;0;0;0;0;0;1;1;0;0;0;0;0;0;0;9083;81.660003662109375;0;1000000;0;1;0;1;0;0;0;0;0;0;0;0;0;0;0;0;0;1;1;0;0;0;1;1;5.8447265625;1
121131;-0.220947265625;-1.09765625;13.90234375;0;14.123291015625;0;1;1;0;0;0;0;0;0;1;1;0;0;0;0;0;0;0;9497;89.94000244140625;0;1000000;0;1;0;1;0;0;0;0;0;0;0;0;0;0;0;0;0;1;1;0;0;0;1;1;5.8447265625;1
121229;-0.130859375;-1.007568359375;13.992431640625;0;14.123291015625;0;1;1;0;0;0;0;0;0;1;1;0;0;0;0;0;0;0;9892;97.839996337890625;0;1000000;0;1;0;1;0;0;0;0;0;0;0;0;0;0;0;0;0;1;1;0;0;0;1;1;5.8447265625;1
121331;-0.03076171875;-0.907470703125;14.092529296875;0;14.123291015625;0;1;1;0;0;0;0;0;0;1;1;0;0;0;0;0;0;0;10000;100;0;1000000;0;1;0;1;0;0;0;0;0;0;0;0;0;0;0;0;0;1;1;0;0;0;1;1;5.8447265625;1
121431;0.076416015625;-0.80029296875;14.19970703125;0;14.123291015625;0;1;1;0;0;0;0;0;0;1;1;0;0;0;0;0;0;0;10000;100;0;1000000;0;1;0;1;0;0;0;0;0;0;0;0;0;0;0;0;0;1.25;1.25;0;0;0;1.25;1.25;5.8447265625;1
121532;0.200927734375;-0.67578125;14.32421875;0;14.123291015625;0;1;1;0;0;0;0;0;0;1;1;0;0;0;0;0;0;0;10000;100;0;1000000;0;1;0;1;0;0;0;0;0;0;0;0;0;0;0;0;0;1.25;1.25;0;0;0;1.25;1.25;5.8447265625;1
121632;0.31298828125;-0.563720703125;14.436279296875;0;14.123291015625;0;1;1;0;0;0;0;0;0;1;1;0;0;0;0;0;0;0;10000;100;0;1000000;0;1;0;1;0;0;0;0;0;0;0;0;0;0;0;0;0;1.25;1.25;0;0;0;1.25;1.25;5.8447265625;1
121733;0.4375;-0.439208984375;14.560791015625;0;14.123291015625;0;1;1;0;0;0;0;0;0;1;1;0;0;0;0;0;0;0;10000;100;0;1000000;0;1;0;1;0;0;0;0;0;0;0;0;0;0;0;0;0;1.25;1.25;0;0;0;1.25;1.25;5.8447265625;1
121832;0.549560546875;-0.3271484375;14.6728515625;0;14.123291015625;0;1;1;0;1;0;0;0;0;1;1;0;1;0;0;0;0;0;10000;100;0;1000000;0;1;0;1;0;0;0;0;0;0;0;0;0;0;0;0;0;1.25;1.25;0;0;0;1.25;1.25;5.8447265625;1
121935;0.674072265625;-0.20263671875;14.79736328125;0;14.123291015625;0;1;1;0;1;0;0;0;0;1;1;0;1;0;0;0;0;0;10000;100;0;1000000;0;1;0;1;0;0;0;0;0;0;0;0;0;0;0;0;0;1.25;1.25;0;0;0;1.25;1.25;5.8447265625;1
122035;0.7861328125;-0.090576171875;14.909423828125;0;14.123291015625;0;1;1;0;1;0;0;0;0;1;1;0;1;0;0;0;0;0;10000;100;0;1000000;0;1;0;1;0;0;0;0;0;0;0;0;0;0;0;0;0;1.25;1.25;0;0;0;1.25;1.25;5.8447265625;1
122137;0.92529296875;0.048583984375;15.048583984375;0;14.123291015625;0;1;1;0;1;0;0;0;0;1;1;0;1;0;0;0;0;0;10000;100;0;1000000;0;1;0;1;0;0;0;0;0;0;0;0;0;0;0;0;0;1.5;1.5;0;0;0;1.5;1.5;5.8447265625;1
122237;1.059326171875;0.1826171875;15.1826171875;0;14.123291015625;0;1;1;0;1;0;0;0;0;1;1;0;1;0;0;0;0;0;10000;100;0;1000000;0;1;0;1;0;0;0;0;0;0;0;0;0;0;0;0;0;1.5;1.5;0;0;0;1.5;1.5;5.8447265625;1
122339;1.208251953125;0.33154296875;15.33154296875;0;14.123291015625;0;1;1;0;1;0;0;0;0;1;1;0;1;0;0;0;0;0;10000;100;0;1000000;0;1;0;1;0;0;0;0;0;0;0;0;0;0;0;0;0;1.5;1.5;0;0;0;1.5;1.5;5.8447265625;1
122440;1.34228515625;0.465576171875;15.465576171875;0;14.123291015625;0;1;1;0;1;0;0;0;0;1;1;0;1;0;0;0;0;0;10000;100;0;1000000;0;1;0;1;0;0;0;0;0;0;0;0;0;0;0;0;0;1.5;1.5;0;0;0;1.5;1.5;5.8447265625;1
122539;1.4912109375;0.614501953125;15.614501953125;0;14.123291015625;0;1;1;0;1;1;0;0;0;1;1;0;1;1;0;0;0;0;10000;100;0;1000000;0;1;0;1;0;0;0;0;0;0;0;0;0;0;0;0;0;1.5;1.5;0;0;0;1.5;1.5;5.8447265625;1
122639;1.64013671875;0.763427734375;15.763427734375;0;14.123291015625;0;1;1;0;1;1;0;0;0;1;1;0;1;1;0;0;0;0;10000;100;0;1000000;0;1;0;1;0;0;0;0;0;0;0;0;0;0;0;0;0;1.5;1.5;0;0;0;1.5;1.5;5.8447265625;1
122739;1.774169921875;0.8974609375;15.8974609375;0;14.123291015625;0;1;1;0;1;1;0;0;0;1;1;0;1;1;0;0;0;0;10000;100;0;1000000;0;1;0;1;0;0;0;0;0;0;0;0;0;0;0;0;0;1.5;1.5;0;0;0;1.5;1.5;5.8447265625;1
122842;1.916259765625;1.03955078125;16.03955078125;0;14.123291015625;0;1;1;0;1;1;0;0;0;1;1;0;1;1;0;0;0;0;10000;100;0;1000000;0;1;0;1;0;0;0;0;0;0;0;0;0;0;0;0;0;1.75;1.75;0;0;0;1.75;1.75;5.8447265625;1
122942;2.092041015625;1.21533203125;16.21533203125;0;14.123291015625;0;1;1;0;1;1;0;0;0;1;1;0;1;1;0;0;0;0;10000;100;0;1000000;0;1;0;1;0;0;0;0;0;0;0;0;0;0;0;0;0;1.75;1.75;0;0;0;1.75;1.75;5.8447265625;1
123043;2.250244140625;1.37353515625;16.37353515625;0;14.123291015625;0;1;1;0;1;1;0;0;0;1;1;0;1;1;0;0;0;0;10000;100;0;1000000;0;1;0;1;0;0;0;0;0;0;0;0;0;0;0;0;0;1.75;1.75;0;0;0;1.75;1.75;5.8447265625;1
123144;2.426025390625;1.54931640625;16.54931640625;0;14.123291015625;0;1;1;0;1;1;0;0;0;1;1;0;1;1;0;0;0;0;10000;100;0;1000000;0;1;0;1;0;0;0;0;0;0;0;0;0;0;0;0;0;1.75;1.75;0;0;0;1.75;1.75;5.8447265625;1
123244;2.601806640625;1.72509765625;16.72509765625;0;14.123291015625;0;1;1;0;1;1;1;0;0;1;1;0;1;1;1;0;0;0;10000;100;0;1000000;0;1;0;1;0;0;0;0;0;0;0;0;0;0;0;0;0;1.75;1.75;0;0;0;1.75;1.75;5.8447265625;1
123344;2.760009765625;1.88330078125;16.88330078125;0;14.123291015625;0;1;1;0;1;1;1;0;0;1;1;0;1;1;1;0;0;0;10000;100;0;1000000;0;1;0;1;0;0;0;0;0;0;0;0;0;0;0;0;0;1.75;1.75;0;0;0;1.75;1.75;5.8447265625;1
123444;2.935791015625;2.05908203125;17.05908203125;0;14.123291015625;0;1;1;0;1;1;1;0;0;1;1;0;1;1;1;0;0;0;10000;100;0;1000000;0;1;0;1;0;0;0;0;0;0;0;0;0;0;0;0;0;1.75;1.75;0.876708984375;0;0;1.75;1.75;5.8447265625;1
123544;3.096435546875;2.2197265625;17.2197265625;0;14.123291015625;0;1;1;0;1;1;1;0;0;1;1;0;1;1;1;0;0;0;10000;100;0;1000000;0;1;0;1;0;0;0;0;0;0;0;0;0;0;0;0;0;2;2;0.876708984375;0;0;2;2;5.8447265625;1
123643;3.296630859375;2.419921875;17.419921875;0;14.123291015625;0;1;1;0;1;1;1;0;0;1;1;0;1;1;1;0;0;0;10000;100;0;1000000;0;1;0;1;0;0;0;0;0;0;0;0;0;0;0;0;0;2;2;0.876708984375;0;0;2;2;5.8447265625;1
123745;3.496826171875;2.6201171875;17.6201171875;0;14.123291015625;0;1;1;0;1;1;1;0;0;1;1;0;1;1;1;0;0;0;10000;100;0;1000000;0;1;0;1;0;0;0;0;0;0;0;0;0;0;0;0;0;2;2;0.876708984375;0;0;2;2;5.8447265625;1
123847;3.677001953125;2.80029296875;17.80029296875;0;14.123291015625;0;1;1;0;1;1;1;0;0;1;1;0;1;1;1;0;0;0;10000;100;0;1000000;0;1;0;1;0;0;0;0;0;0;0;0;0;0;0;0;0;2;2;0.876708984375;0;0;2;2;5.8447265625;1
123947;3.877197265625;3.00048828125;18.00048828125;0;14.123291015625;0;1;1;0;1;1;1;1;0;1;1;0;1;1;1;1;0;0;10000;100;0;1000000;0;1;0;1;0;0;0;0;0;0;0;0;0;0;0;0;0;2;2;0.876708984375;0;0;2;2;5.8447265625;1
124048;4.077392578125;3.20068359375;18.20068359375;0;14.123291015625;0;1;1;0;1;1;1;1;0;1;1;0;1;1;1;1;0;0;10000;100;0;1000000;0;1;0;1;0;0;0;0;0;0;0;0;0;0;0;0;0;2;2;0.876708984375;0;0;2;2;5.8447265625;1
124149;4.257568359375;3.380859375;18.380859375;0;14.123291015625;0;1;1;0;1;1;1;1;0;1;1;0;1;1;1;1;0;0;10000;100;0;1000000;0;1;0;1;0;0;0;0;0;0;0;0;0;0;0;0;0;2;2;0.876708984375;0;0;2;2;5.8447265625;1
124250;4.457763671875;3.5810546875;18.5810546875;0;14.123291015625;0;1;1;0;1;1;1;1;0;1;1;0;1;1;1;1;0;0;10000;100;0;1000000;0;1;0;1;0;0;0;0;0;0;0;0;0;0;0;0;0;2;2;0.876708984375;0;0;2;2;5.8447265625;1
124349;4.657958984375;3.78125;18.78125;0;14.123291015625;0;1;1;0;1;1;1;1;0;1;1;0;1;1;1;1;0;0;10000;100;0;1000000;0;1;0;1;0;0;0;0;0;0;0;0;0;0;0;0;0;2;2;0.876708984375;0;0;2;2;5.8447265625;1
124450;4.838134765625;3.96142578125;18.96142578125;0;14.123291015625;0;1;1;0;1;1;1;1;0;1;1;0;1;1;1;1;0;0;10000;100;0;1000000;0;1;0;1;0;0;0;0;0;0;0;0;0;0;0;0;0;2;2;0.876708984375;0;0;2;2;5.8447265625;1
124551;5.038330078125;4.16162109375;19.16162109375;0;14.123291015625;0;1;1;0;1;1;1;1;0;1;1;0;1;1;1;1;0;0;10000;100;0;1000000;0;1;0;1;0;0;0;0;0;0;0;0;0;0;0;0;0;2;2;0.876708984375;0;0;2;2;5.8447265625;1
124652;5.218505859375;4.341796875;19.341796875;0;14.123291015625;0;1;1;0;1;1;1;1;0;1;1;0;1;1;1;1;0;0;10000;100;0;1000000;0;1;0;1;0;0;0;0;0;0;0;0;0;0;0;0;0;2;2;0.876708984375;0;0;2;2;5.8447265625;1
124752;5.418701171875;4.5419921875;19.5419921875;0;14.123291015625;0;1;1;0;1;1;1;1;0;1;1;0;1;1;1;1;0;0;10000;100;0;1000000;0;1;0;1;0;0;0;0;0;0;0;0;0;0;0;0;0;2;2;0.876708984375;0;0;2;2;5.8447265625;1
124853;5.598876953125;4.72216796875;19.72216796875;0;14.123291015625;0;1;1;0;1;1;1;1;0;1;1;0;1;1;1;1;0;0;10000;100;0;1000000;0;1;0;1;0;0;0;0;0;0;0;0;0;0;0;0;0;2;2;0.876708984375;0;0;2;2;5.8447265625;1
124953;5.799072265625;4.92236328125;19.92236328125;0;14.123291015625;0;1;1;0;1;1;1;1;0;1;1;0;1;1;1;1;0;0;10000;100;0;1000000;0;1;0;1;0;0;0;0;0;0;0;0;0;0;0;0;0;2;2;0.876708984375;0;0;2;2;5.8447265625;1
125056;5.999267578125;5.12255859375;20.12255859375;0;14.123291015625;0;1;1;0;1;1;1;1;0;1;1;0;1;1;1;1;0;0;10000;100;0;1000000;0;1;0;1;0;0;0;0;0;0;0;0;0;0;0;0;0;2;2;0.876708984375;0;0;2;2;5.8447265625;1
125156;6.179443359375;5.302734375;20.302734375;0;14.123291015625;0;1;1;0;1;1;1;1;0;1;1;0;1;1;1;1;0;0;10000;100;0;1000000;0;1;0;1;0;0;0;0;0;0;0;0;0;0;0;0;0;2;2;0.876708984375;0;0;2;2;5.8447265625;1
125255;6.379638671875;5.5029296875;20.5029296875;0;14.123291015625;0;1;1;0;1;1;1;1;0;1;1;0;1;1;1;1;0;0;10000;100;0;1000000;0;1;0;1;0;0;0;0;0;0;0;0;0;0;0;0;0;2;2;0.876708984375;0;0;2;2;5.8447265625;1
125355;6.559814453125;5.68310546875;20.68310546875;0;14.123291015625;0;1;1;0;1;1;1;1;0;1;1;0;1;1;1;1;0;0;10000;100;0;1000000;0;1;0;1;0;0;0;0;0;0;0;0;0;0;0;0;0;2;2;0.876708984375;0;0;2;2;5.8447265625;1
125456;6.739990234375;5.86328125;20.86328125;0;14.123291015625;0;1;1;0;1;1;1;1;0;1;1;0;1;1;1;1;0;0;10000;100;0;1000000;0;1;0;1;0;0;0;0;0;0;0;0;0;0;0;0;0;2;2;0.876708984375;0;0;2;2;5.8447265625;1
125557;6.940185546875;6.0634765625;21.0634765625;0;14.123291015625;0;1;1;0;1;1;1;1;0;1;1;0;1;1;1;1;0;0;10000;100;0;1000000;0;1;0;1;0;0;0;0;0;0;0;0;0;0;0;0;0;2;2;0.876708984375;0;0;2;2;5.8447265625;1
125658;7.0703125;6.263671875;21.263671875;0;14.193359375;0;1;1;0;0;0;0;0;0;1;1;0;1;1;1;1;0;0;10000;100;0;1000000;0;1;0;1;0;0;0;0;0;0;0;0;0;0;0;0;0;1;2;0.806640625;0;0;1;2;5.3776040077209473;1
125758;7.160400390625;6.44384765625;21.44384765625;0;14.283447265625;0;1;1;0;0;0;0;0;0;1;1;0;1;1;1;1;0;0;10000;100;0;1000000;0;1;0;1;0;0;0;0;0;0;0;0;0;0;0;0;0;1;2;0.716552734375;0;0;1;2;4.7770180702209473;1
125858;7.260498046875;6.64404296875;21.64404296875;0;14.383544921875;0;1;1;0;0;0;0;0;0;1;1;0;1;1;1;1;0;0;10000;100;0;1000000;0;1;0;1;0;0;0;0;0;0;0;0;0;0;0;0;0;1;2;0.616455078125;0;0;1;2;4.1097006797790527;1
125958;7.3505859375;6.82421875;21.82421875;0;14.4736328125;0;1;1;0;0;0;0;0;0;1;1;0;1;1;1;1;0;0;10000;100;0;1000000;0;1;0;1;0;0;0;0;0;0;0;0;0;0;0;0;0;1;2;0.5263671875;0;0;1;2;3.5091145038604736;1
126060;7.45068359375;7.014404296875;22.014404296875;0;14.563720703125;0;1;1;0;0;0;0;0;0;1;1;0;0;0;0;0;0;0;10000;100;0;1000000;0;1;0;1;0;0;0;0;0;0;0;0;0;0;0;0;0;1;1;0.436279296875;0;0;1;1;2.9085285663604736;1
126161;7.55078125;7.114501953125;22.114501953125;0;14.563720703125;0;0;0;0;0;0;0;0;0;0;0;0;0;0;0;0;0;0;10000;100;0;1000000;0;1;0;1;0;0;0;0;0;0;0;0;0;0;0;0;0;1;1;0.436279296875;0;0;1;1;2.9085285663604736;1
126261;7.640869140625;7.20458984375;22.20458984375;0;14.563720703125;0;0;0;0;0;0;0;0;0;0;0;0;0;0;0;0;0;0;10000;100;0;1000000;0;1;0;1;0;0;0;0;0;0;0;0;0;0;0;0;0;1;1;0.436279296875;0;0;1;1;2.9085285663604736;1
126360;7.73095703125;7.294677734375;22.294677734375;0;14.563720703125;0;0;0;0;0;0;0;0;0;0;0;0;0;0;0;0;0;0;10000;100;0;1000000;0;1;0;1;0;0;0;0;0;0;0;0;0;0;0;0;0;1;1;0.436279296875;0;0;1;1;2.9085285663604736;1
126462;7.8310546875;7.394775390625;22.394775390625;0;14.563720703125;0;0;0;0;0;0;0;0;0;0;0;0;0;0;0;0;0;0;10000;100;0;1000000;0;1;0;1;0;0;0;0;0;0;0;0;0;0;0;0;0;1;1;0.436279296875;0;0;1;1;2.9085285663604736;1
126563;7.85107421875;7.46484375;22.46484375;0;14.61376953125;0;0;0;0;0;0;0;0;0;0;0;0;0;0;0;0;0;0;10000;100;0;1000000;0;1;0;1;0;0;0;0;0;0;0;0;0;0;0;0;0;0;0;0.38623046875;0;0;0;0;2.5748698711395264;1
126664;7.85107421875;7.46484375;22.46484375;0;14.61376953125;0;0;0;0;0;0;0;0;0;0;0;0;0;0;0;0;0;0;10000;100;0;1000000;0;1;0;1;0;0;0;0;0;0;0;0;0;0;0;0;0;0;0;0.38623046875;0;0;0;0;2.5748698711395264;1
126763;7.85107421875;7.46484375;22.46484375;0;14.61376953125;0;0;0;0;0;0;0;0;0;0;0;0;0;0;0;0;0;0;10000;100;0;1000000;0;1;0;1;0;0;0;0;0;0;0;0;0;0;0;0;0;0;0;0.38623046875;0;0;0;0;2.5748698711395264;1
126863;7.85107421875;7.46484375;22.46484375;0;14.61376953125;0;0;0;0;0;0;0;0;0;0;0;0;0;0;0;0;0;0;10000;100;0;1000000;0;1;0;1;0;0;0;0;0;0;0;0;0;0;0;0;0;0;0;0.38623046875;0;0;0;0;2.5748698711395264;1
126964;7.85107421875;7.46484375;22.46484375;0;14.61376953125;0;0;0;0;0;0;0;0;0;0;0;0;0;0;0;0;0;0;10000;100;0;1000000;0;1;0;1;0;0;0;0;0;0;0;0;0;0;0;0;0;0;0;0.38623046875;0;0;0;0;2.5748698711395264;1
127065;7.85107421875;7.46484375;22.46484375;0;14.61376953125;0;0;0;0;0;0;0;0;0;0;0;0;0;0;0;0;0;0;10000;100;0;1000000;0;1;0;1;0;0;0;0;0;0;0;0;0;0;0;0;0;0;0;0.38623046875;0;0;0;0;2.5748698711395264;1
127167;7.85107421875;7.46484375;22.46484375;0;14.61376953125;0;0;0;0;0;0;0;0;0;0;0;0;0;0;0;0;0;0;10000;100;0;1000000;0;1;0;1;0;0;0;0;0;0;0;0;0;0;0;0;0;0;0;0.38623046875;0;0;0;0;2.5748698711395264;1
127267;7.85107421875;7.46484375;22.46484375;0;14.61376953125;0;0;0;0;0;0;0;0;0;0;0;0;0;0;0;0;0;0;10000;100;0;1000000;0;1;0;1;0;0;0;0;0;0;0;0;0;0;0;0;0;0;0;0.38623046875;0;0;0;0;2.5748698711395264;1
127369;7.85107421875;7.46484375;22.46484375;0;14.61376953125;0;0;0;0;0;0;0;0;0;0;0;0;0;0;0;0;0;0;10000;100;0;1000000;0;1;0;1;0;0;0;0;0;0;0;0;0;0;0;0;0;0;0;0.38623046875;0;0;0;0;2.5748698711395264;1
127469;7.85107421875;7.46484375;22.46484375;0;14.61376953125;0;0;0;0;0;0;0;0;0;0;0;0;0;0;0;0;0;0;10000;100;0;1000000;0;1;0;1;0;0;0;0;0;0;0;0;0;0;0;0;0;0;0;0.38623046875;0;0;0;0;2.5748698711395264;1
127570;7.85107421875;7.46484375;22.46484375;0;14.61376953125;0;0;0;0;0;0;0;0;0;0;0;0;0;0;0;0;0;0;10000;100;0;1000000;0;1;0;1;0;0;0;0;0;0;0;0;0;0;0;0;0;0;0;0.38623046875;0;0;0;0;2.5748698711395264;1
127670;7.85107421875;7.46484375;22.46484375;0;14.61376953125;0;0;0;0;0;0;0;0;0;0;0;0;0;0;0;0;0;0;10000;100;0;1000000;0;1;0;1;0;0;0;0;0;0;0;0;0;0;0;0;0;0;0;0.38623046875;0;0;0;0;2.5748698711395264;1
127772;7.85107421875;7.46484375;22.46484375;0;14.61376953125;0;0;0;0;0;0;0;0;0;0;0;0;0;0;0;0;0;0;10000;100;0;1000000;0;1;0;1;0;0;0;0;0;0;0;0;0;0;0;0;0;0;0;0.38623046875;0;0;0;0;2.5748698711395264;1
127871;7.85107421875;7.46484375;22.46484375;0;14.61376953125;0;0;0;0;0;0;0;0;0;0;0;0;0;0;0;0;0;0;10000;100;0;1000000;0;1;0;1;0;0;0;0;0;0;0;0;0;0;0;0;0;0;0;0.38623046875;0;0;0;0;2.5748698711395264;1
127973;7.85107421875;7.46484375;22.46484375;0;14.61376953125;0;0;0;0;0;0;0;0;0;0;0;0;0;0;0;0;0;0;10000;100;0;1000000;0;1;0;1;0;0;0;0;0;0;0;0;0;0;0;0;0;0;0;0.38623046875;0;0;0;0;2.5748698711395264;1
128074;7.85107421875;7.46484375;22.46484375;0;14.61376953125;0;0;0;0;0;0;0;0;0;0;0;0;0;0;0;0;0;0;10000;100;0;1000000;0;1;0;1;0;0;0;0;0;0;0;0;0;0;0;0;0;0;0;0.38623046875;0;0;0;0;2.5748698711395264;1
128174;7.85107421875;7.46484375;22.46484375;0;14.61376953125;0;0;0;0;0;0;0;0;0;0;0;0;0;0;0;0;0;0;10000;100;0;1000000;0;1;0;1;0;0;0;0;0;0;0;0;0;0;0;0;0;0;0;0.38623046875;0;0;0;0;2.5748698711395264;1
128275;7.85107421875;7.46484375;22.46484375;0;14.61376953125;0;0;0;0;0;0;0;0;0;0;0;0;0;0;0;0;0;0;10000;100;0;1000000;0;1;0;1;0;0;0;0;0;0;0;0;0;0;0;0;0;0;0;0.38623046875;0;0;0;0;2.5748698711395264;1
128375;7.85107421875;7.46484375;22.46484375;0;14.61376953125;0;0;0;0;0;0;0;0;0;0;0;0;0;0;0;0;0;0;10000;100;0;1000000;0;1;0;1;0;0;0;0;0;0;0;0;0;0;0;0;0;0;0;0.38623046875;0;0;0;0;2.5748698711395264;1
128474;7.85107421875;7.46484375;22.46484375;0;14.61376953125;0;0;0;0;0;0;0;0;0;0;0;0;0;0;0;0;0;0;10000;100;0;1000000;0;1;0;1;0;0;0;0;0;0;0;0;0;0;0;0;0;0;0;0.38623046875;0;0;0;0;2.5748698711395264;1
128574;7.85107421875;7.46484375;22.46484375;0;14.61376953125;0;0;0;0;0;0;0;0;0;0;0;0;0;0;0;0;0;0;10000;100;0;1000000;0;1;0;1;0;0;0;0;0;0;0;0;0;0;0;0;0;0;0;0.38623046875;0;0;0;0;2.5748698711395264;1
128675;7.85107421875;7.46484375;22.46484375;0;14.61376953125;0;0;0;0;0;0;0;0;0;0;0;0;0;0;0;0;0;0;10000;100;0;1000000;0;1;0;1;0;0;0;0;0;0;0;0;0;0;0;0;0;0;0;0.38623046875;0;0;0;0;2.5748698711395264;1
128776;7.85107421875;7.46484375;22.46484375;0;14.61376953125;0;0;0;0;0;0;0;0;0;0;0;0;0;0;0;0;0;0;10000;100;0;1000000;0;1;0;1;0;0;0;0;0;0;0;0;0;0;0;0;0;0;0;0.38623046875;0;0;0;0;2.5748698711395264;1
128877;7.85107421875;7.46484375;22.46484375;0;14.61376953125;0;0;0;0;0;0;0;0;0;0;0;0;0;0;0;0;0;0;10000;100;0;1000000;0;1;0;1;0;0;0;0;0;0;0;0;0;0;0;0;0;0;0;0.38623046875;0;0;0;0;2.5748698711395264;1
128978;7.85107421875;7.46484375;22.46484375;0;14.61376953125;0;0;0;0;0;0;0;0;0;0;0;0;0;0;0;0;0;0;7500;50;0;1000000;0;1;0;1;0;0;0;0;0;0;0;0;0;0;0;0;0;0;0;0.38623046875;0;0;0;0;2.5748698711395264;1
129078;7.85107421875;7.46484375;22.46484375;0;14.61376953125;0;0;0;0;0;0;0;0;0;0;0;0;0;0;0;0;0;0;5250;0;0;1000000;0;1;0;1;0;0;0;0;0;0;0;0;0;0;0;0;0;0;0;0.38623046875;0;0;0;0;2.5748698711395264;1
129178;7.85107421875;7.46484375;22.46484375;0;14.61376953125;0;0;0;0;0;0;0;0;0;0;0;0;0;0;0;0;0;0;5000;0;0;1000000;0;1;0;0;0;0;0;0;0;0;0;0;0;0;0;0;0;0;0;0.38623046875;0;0;0;0;2.5748698711395264;1
129279;7.85107421875;7.46484375;22.46484375;0;14.61376953125;0;0;0;0;0;0;0;0;0;0;0;0;0;0;0;0;0;0;5000;0;0;1000000;0;1;0;0;0;0;0;0;0;0;0;0;0;0;0;0;0;0;0;0.38623046875;0;0;0;0;2.5748698711395264;1
129380;7.85107421875;7.46484375;22.46484375;0;14.61376953125;0;0;0;0;0;0;0;0;0;0;0;0;0;0;0;0;0;0;4715;0;0;1000000;0;1;0;0;0;0;0;0;0;0;0;0;0;0;0;0;0;0;0;0.38623046875;0;0;0;0;2.5748698711395264;1
129481;7.85107421875;7.46484375;22.46484375;0;14.61376953125;0;0;0;0;0;0;0;0;0;0;0;0;0;0;0;0;0;0;4373;0;0;1000000;0;1;0;0;0;0;0;0;0;0;0;0;0;0;0;0;0;0;0;0.38623046875;0;0;0;0;2.5748698711395264;1
129580;7.85107421875;7.46484375;22.46484375;0;14.61376953125;0;0;0;0;0;0;0;0;0;0;0;0;0;0;0;0;0;0;3898;0;0;1000000;0;1;0;0;0;0;0;0;0;0;0;0;0;0;0;0;0;0;0;0.38623046875;0;0;0;0;2.5748698711395264;1
129682;7.85107421875;7.46484375;22.46484375;0;14.61376953125;0;0;0;0;0;0;0;0;0;0;0;0;0;0;0;0;0;0;3573;0;0;1000000;0;1;0;0;0;0;0;0;0;0;0;0;0;0;0;0;0;0;0;0.38623046875;0;0;0;0;2.5748698711395264;1
129783;7.85107421875;7.46484375;22.46484375;0;14.61376953125;0;0;0;0;0;0;0;0;0;0;0;0;0;0;0;0;0;0;3420;0;0;1000000;0;1;0;0;0;0;0;0;0;0;0;0;0;0;0;0;0;0;0;0.38623046875;0;0;0;0;2.5748698711395264;1
129883;7.85107421875;7.46484375;22.46484375;0;14.61376953125;0;0;0;0;0;0;0;0;0;0;0;0;0;0;0;0;0;0;3155;0;0;1000000;0;1;0;0;0;0;0;0;0;0;0;0;0;0;0;0;0;0;0;0.38623046875;0;0;0;0;2.5748698711395264;1
129985;7.85107421875;7.46484375;22.46484375;0;14.61376953125;0;0;0;0;0;0;0;0;0;0;0;0;0;0;0;0;0;0;2831;0;0;1000000;0;1;0;0;0;0;0;0;0;0;0;0;0;0;0;0;0;0;0;0.38623046875;0;0;0;0;2.5748698711395264;1
130084;7.85107421875;7.46484375;22.46484375;0;14.61376953125;0;0;0;0;0;0;0;0;0;0;0;0;0;0;0;0;0;0;2376;0;0;1000000;0;1;0;0;0;0;0;0;0;0;0;0;0;0;0;0;0;0;0;0.38623046875;0;0;0;0;2.5748698711395264;1
130185;7.85107421875;7.46484375;22.46484375;0;14.61376953125;0;0;0;0;0;0;0;0;0;0;0;0;0;0;0;0;0;0;1981;0;0;1000000;0;1;0;0;0;0;0;0;0;0;0;0;0;0;0;0;0;0;0;0.38623046875;0;0;0;0;2.5748698711395264;1
130287;7.85107421875;7.46484375;22.46484375;0;14.61376953125;0;0;0;0;0;0;0;0;0;0;0;0;0;0;0;0;0;0;1836;0;0;1000000;0;1;0;0;0;0;0;0;0;0;0;0;0;0;0;0;0;0;0;0.38623046875;0;0;0;0;2.5748698711395264;1
130387;7.85107421875;7.46484375;22.46484375;0;14.61376953125;0;0;0;0;0;0;0;0;0;0;0;0;0;0;0;0;0;0;1620;0;0;1000000;0;1;0;0;0;0;0;0;0;0;0;0;0;0;0;0;0;0;0;0.38623046875;0;0;0;0;2.5748698711395264;1
130488;7.85107421875;7.46484375;22.46484375;0;14.61376953125;0;0;0;0;0;0;0;0;0;0;0;0;0;0;0;0;0;0;1285;0;0;1000000;0;1;0;0;0;0;0;0;0;0;0;0;0;0;0;0;0;0;0;0.38623046875;0;0;0;0;2.5748698711395264;1
130588;7.85107421875;7.46484375;22.46484375;0;14.61376953125;0;0;0;0;0;0;0;0;0;0;0;0;0;0;0;0;0;0;898;0;0;1000000;0;1;0;0;0;0;0;0;0;0;0;0;0;0;0;0;0;0;0;0.38623046875;0;0;0;0;2.5748698711395264;1
130690;7.85107421875;7.46484375;22.46484375;0;14.61376953125;0;0;0;0;0;0;0;0;0;0;0;0;0;0;0;0;0;0;373;0;0;1000000;0;1;0;0;0;0;0;0;0;0;0;0;0;0;0;0;0;0;0;0.38623046875;0;0;0;0;2.5748698711395264;1
130792;7.85107421875;7.46484375;22.46484375;0;14.61376953125;0;0;0;0;0;0;0;0;0;0;0;0;0;0;0;0;0;0;248;0;0;1000000;0;1;0;0;0;0;0;0;0;0;0;0;0;0;0;0;0;0;0;0.38623046875;0;0;0;0;2.5748698711395264;1
130891;7.85107421875;7.46484375;22.46484375;0;14.61376953125;0;0;0;0;0;0;0;0;0;0;0;0;0;0;0;0;0;0;50;0;0;1000000;0;1;0;0;0;0;0;0;0;0;0;0;0;0;0;0;0;0;0;0.38623046875;0;0;0;0;2.5748698711395264;1
130991;7.85107421875;7.46484375;22.46484375;0;14.61376953125;0;0;0;0;0;0;0;0;0;0;0;0;0;0;0;0;0;0;0;0;0;1000000;0;1;0;0;0;0;0;0;0;0;0;0;0;0;0;0;0;0;0;0.38623046875;0;0;0;0;2.5748698711395264;1
131091;7.85107421875;7.46484375;22.46484375;0;14.61376953125;0;0;0;0;0;0;0;0;0;0;0;0;0;0;0;0;0;0;0;0;0;1000000;0;1;0;0;0;0;0;0;0;0;0;0;0;0;0;0;0;0;0;0.38623046875;0;0;0;0;2.5748698711395264;1
131193;7.85107421875;7.46484375;22.46484375;0;14.61376953125;0;0;0;0;0;0;0;0;0;0;0;0;0;0;0;0;0;0;0;0;0;1000000;0;1;0;0;0;0;0;0;0;0;0;0;0;0;0;0;0;0;0;0.38623046875;0;0;0;0;2.5748698711395264;1
131294;7.85107421875;7.46484375;22.46484375;0;14.61376953125;0;0;0;0;0;0;0;0;0;0;0;0;0;0;0;0;0;0;0;0;0;1000000;0;1;0;0;0;0;0;0;0;0;0;0;0;0;0;0;0;0;0;0.38623046875;0;0;0;0;2.5748698711395264;1
131394;7.85107421875;7.46484375;22.46484375;0;14.61376953125;0;0;0;0;0;0;0;0;0;0;0;0;0;0;0;0;0;0;0;0;0;1000000;0;1;0;0;0;0;0;0;0;0;0;0;0;0;0;0;0;0;0;0.38623046875;0;0;0;0;2.5748698711395264;1
131494;7.85107421875;7.46484375;22.46484375;0;14.61376953125;0;0;0;0;0;0;0;0;0;0;0;0;0;0;0;0;0;0;0;0;0;1000000;0;1;0;0;0;0;0;0;0;0;0;0;0;0;0;0;0;0;0;0.38623046875;0;0;0;0;2.5748698711395264;1
131594;7.85107421875;7.46484375;22.46484375;0;14.61376953125;0;0;0;0;0;0;0;0;0;0;0;0;0;0;0;0;0;0;0;0;0;1000000;0;1;0;0;0;0;0;0;0;0;0;0;0;0;0;0;0;0;0;0.38623046875;0;0;0;0;2.5748698711395264;1
131695;7.85107421875;7.46484375;22.46484375;0;14.61376953125;0;0;0;0;0;0;0;0;0;0;0;0;0;0;0;0;0;0;2500;0;0;1000000;0;1;0;0;0;0;0;0;0;0;0;0;0;0;0;0;0;0;0;0.38623046875;0;0;0;0;2.5748698711395264;1
131796;7.85107421875;7.46484375;22.46484375;0;14.61376953125;0;0;0;0;0;0;0;0;0;0;0;0;0;0;0;0;0;0;4750;0;0;1000000;0;1;0;0;0;0;0;0;0;0;0;0;0;0;0;0;0;0;0;0.38623046875;0;0;0;0;2.5748698711395264;1
131896;7.85107421875;7.46484375;22.46484375;0;14.61376953125;0;0;0;0;0;0;0;0;0;0;0;0;0;0;0;0;0;0;5000;0;0;1000000;0;1;0;0;0;0;0;0;0;0;0;0;0;0;0;0;0;0;0;0.38623046875;0;0;0;0;2.5748698711395264;1
131995;7.85107421875;7.46484375;22.46484375;0;14.61376953125;0;0;0;0;0;0;0;0;0;0;0;0;0;0;0;0;0;0;5000;0;0;1000000;0;1;0;0;0;0;0;0;0;0;0;0;0;0;0;0;0;0;0;0.38623046875;0;0;0;0;2.5748698711395264;1
132096;7.85107421875;7.46484375;22.46484375;0;14.61376953125;0;0;0;0;0;0;0;0;0;0;0;0;0;0;0;0;0;0;5000;0;0;1000000;0;1;0;0;0;0;0;0;0;0;0;0;0;0;0;0;0;0;0;0.38623046875;0;0;0;0;2.5748698711395264;1
132196;7.85107421875;7.46484375;22.46484375;0;14.61376953125;0;0;0;0;0;0;0;0;0;0;0;0;0;0;0;0;0;0;5000;0;0;1000000;0;1;0;0;0;0;0;0;0;0;0;0;0;0;0;0;0;0;0;0.38623046875;0;0;0;0;2.5748698711395264;1
132297;7.85107421875;7.46484375;22.46484375;0;14.61376953125;0;0;0;0;0;0;0;0;0;0;0;0;0;0;0;0;0;0;5000;0;0;1000000;0;1;0;0;0;0;0;0;0;0;0;0;0;0;0;0;0;0;0;0.38623046875;0;0;0;0;2.5748698711395264;1
132397;7.85107421875;7.46484375;22.46484375;0;14.61376953125;0;0;0;0;0;0;0;0;0;0;0;0;0;0;0;0;0;0;5000;0;0;1000000;0;1;0;0;0;0;0;0;0;0;0;0;0;0;0;0;0;0;0;0.38623046875;0;0;0;0;2.5748698711395264;1
132500;7.85107421875;7.46484375;22.46484375;0;14.61376953125;0;0;0;0;0;0;0;0;0;0;0;0;0;0;0;0;0;0;5000;0;0;1000000;0;1;0;0;0;0;0;0;0;0;0;0;0;0;0;0;0;0;0;0.38623046875;0;0;0;0;2.5748698711395264;1
132600;7.85107421875;7.46484375;22.46484375;0;14.61376953125;0;0;0;0;0;0;0;0;0;0;0;0;0;0;0;0;0;0;5000;0;0;1000000;0;1;0;0;0;0;0;0;0;0;0;0;0;0;0;0;0;0;0;0.38623046875;0;0;0;0;2.5748698711395264;1
132701;7.85107421875;7.46484375;22.46484375;0;14.61376953125;0;0;0;0;0;0;0;0;0;0;0;0;0;0;0;0;0;0;5000;0;0;1000000;0;1;0;0;0;0;0;0;0;0;0;0;0;0;0;0;0;0;0;0.38623046875;0;0;0;0;2.5748698711395264;1
132803;7.85107421875;7.46484375;22.46484375;0;14.61376953125;0;0;0;0;0;0;0;0;0;0;0;0;0;0;0;0;0;0;5000;0;0;1000000;0;1;0;0;0;0;0;0;0;0;0;0;0;0;0;0;0;0;0;0.38623046875;0;0;0;0;2.5748698711395264;1
132902;7.85107421875;7.46484375;22.46484375;0;14.61376953125;0;0;0;0;0;0;0;0;0;0;0;0;0;0;0;0;0;0;4875;0;0;1000000;0;1;0;0;0;0;0;0;0;0;0;0;0;0;0;0;0;0;0;0.38623046875;0;0;0;0;2.5748698711395264;1
133003;7.85107421875;7.46484375;22.46484375;0;14.61376953125;0;0;0;0;0;0;0;0;0;0;0;0;0;0;0;0;0;0;4677;6.4600000381469727;0;1000000;0;1;0;1;0;0;0;0;0;0;0;0;0;0;0;0;0;0;0;0.38623046875;0;0;0;0;2.5748698711395264;1
133103;7.85107421875;7.46484375;22.46484375;0;14.61376953125;0;0;0;0;0;0;0;0;0;0;0;0;0;0;0;0;0;0;4362;12.760000228881836;0;1000000;0;1;0;1;0;0;0;0;0;0;0;0;0;0;0;0;0;0;0;0.38623046875;0;0;0;0;2.5748698711395264;1
133203;7.85107421875;7.46484375;22.46484375;0;14.61376953125;0;0;0;0;0;0;0;0;0;0;0;0;0;0;0;0;0;0;3993;20.139999389648438;0;1000000;0;1;0;1;0;0;0;0;0;0;0;0;0;0;0;0;0;0;0;0.38623046875;0;0;0;0;2.5748698711395264;1
133303;7.85107421875;7.46484375;22.46484375;0;14.61376953125;0;0;0;0;0;0;0;0;0;0;0;0;0;0;0;0;0;0;3543;29.139999389648438;0;1000000;0;1;0;1;0;0;0;0;0;0;0;0;0;0;0;0;0;0;0;0.38623046875;0;0;0;0;2.5748698711395264;1
133403;7.85107421875;7.46484375;22.46484375;0;14.61376953125;0;0;0;0;0;0;0;0;0;0;0;0;0;0;0;0;0;0;3298;34.040000915527344;0;1000000;0;1;0;1;0;0;0;0;0;0;0;0;0;0;0;0;0;0;0;0.38623046875;0;0;0;0;2.5748698711395264;1
133503;7.85107421875;7.46484375;22.46484375;0;14.61376953125;0;0;0;0;0;0;0;0;0;0;0;0;0;0;0;0;0;0;3127;37.459999084472656;0;1000000;0;1;0;1;0;0;0;0;0;0;0;0;0;0;0;0;0;0;0;0.38623046875;0;0;0;0;2.5748698711395264;1
133603;7.85107421875;7.46484375;22.46484375;0;14.61376953125;0;0;0;0;0;0;0;0;0;0;0;0;0;0;0;0;0;0;2842;43.159999847412109;0;1000000;0;1;0;1;0;0;0;0;0;0;0;0;0;0;0;0;0;0;0;0.38623046875;0;0;0;0;2.5748698711395264;1
133704;7.85107421875;7.46484375;22.46484375;0;14.61376953125;0;0;0;0;0;0;0;0;0;0;0;0;0;0;0;0;0;0;2500;50;0;1000000;0;1;0;1;0;0;0;0;0;0;0;0;0;0;0;0;0;0;0;0.38623046875;0;0;0;0;2.5748698711395264;1
133805;7.85107421875;7.46484375;22.46484375;0;14.61376953125;0;0;0;0;0;0;0;0;0;0;0;0;0;0;0;0;0;0;2025;59.500003814697266;0;1000000;0;1;0;1;0;0;0;0;0;0;0;0;0;0;0;0;0;0;0;0.38623046875;0;0;0;0;2.5748698711395264;1
133904;7.85107421875;7.46484375;22.46484375;0;14.61376953125;0;0;0;0;0;0;0;0;0;0;0;0;0;0;0;0;0;0;1712;65.760002136230469;0;1000000;0;1;0;1;0;0;0;0;0;0;0;0;0;0;0;0;0;0;0;0.38623046875;0;0;0;0;2.5748698711395264;1
134005;7.85107421875;7.46484375;22.46484375;0;14.61376953125;0;0;0;0;0;0;0;0;0;0;0;0;0;0;0;0;0;0;1568;68.639999389648438;0;1000000;0;1;0;1;0;0;0;0;0;0;0;0;0;0;0;0;0;0;0;0.38623046875;0;0;0;0;2.5748698711395264;1
134105;7.85107421875;7.46484375;22.46484375;0;14.61376953125;0;0;0;0;0;0;0;0;0;0;0;0;0;0;0;0;0;0;1313;73.739997863769531;0;1000000;0;1;0;1;0;0;0;0;0;0;0;0;0;0;0;0;0;0;0;0.38623046875;0;0;0;0;2.5748698711395264;1
134204;7.85107421875;7.46484375;22.46484375;0;14.61376953125;0;0;0;0;0;0;0;0;0;0;0;0;0;0;0;0;0;0;998;80.040000915527344;0;1000000;0;1;0;1;0;0;0;0;0;0;0;0;0;0;0;0;0;0;0;0.38623046875;0;0;0;0;2.5748698711395264;1
134305;7.85107421875;7.46484375;22.46484375;0;14.61376953125;0;0;0;0;0;0;0;0;0;0;0;0;0;0;0;0;0;0;602;87.959999084472656;0;1000000;0;1;0;1;0;0;0;0;0;0;0;0;0;0;0;0;0;0;0;0.38623046875;0;0;0;0;2.5748698711395264;1
134405;7.85107421875;7.46484375;22.46484375;0;14.61376953125;0;0;0;0;0;0;0;0;0;0;0;0;0;0;0;0;0;0;117;97.659996032714844;0;1000000;0;1;0;1;0;0;0;0;0;0;0;0;0;0;0;0;0;0;0;0.38623046875;0;0;0;0;2.5748698711395264;1
134506;7.85107421875;7.46484375;22.46484375;0;14.61376953125;0;0;0;0;0;0;0;0;0;0;0;0;0;0;0;0;0;0;0;100;0;1000000;0;1;0;1;0;0;0;0;0;0;0;0;0;0;0;0;0;0;0;0.38623046875;0;0;0;0;2.5748698711395264;1
134605;7.85107421875;7.46484375;22.46484375;0;14.61376953125;0;0;0;0;0;0;0;0;0;0;0;0;0;0;0;0;0;0;0;100;0;1000000;0;1;0;1;0;0;0;0;0;0;0;0;0;0;0;0;0;0;0;0.38623046875;0;0;0;0;2.5748698711395264;1
134707;7.85107421875;7.46484375;22.46484375;0;14.61376953125;0;0;0;0;0;0;0;0;0;0;0;0;0;0;0;0;0;0;0;100;0;1000000;0;1;0;1;0;0;0;0;0;0;0;0;0;0;0;0;0;0;0;0.38623046875;0;0;0;0;2.5748698711395264;1
134807;7.85107421875;7.46484375;22.46484375;0;14.61376953125;0;0;0;0;0;0;0;0;0;0;0;0;0;0;0;0;0;0;0;100;0;1000000;0;1;0;1;0;0;0;0;0;0;0;0;0;0;0;0;0;0;0;0.38623046875;0;0;0;0;2.5748698711395264;1
134908;7.85107421875;7.46484375;22.46484375;0;14.61376953125;0;0;0;0;0;0;0;0;0;0;0;0;0;0;0;0;0;0;0;100;0;1000000;0;1;0;1;0;0;0;0;0;0;0;0;0;0;0;0;0;0;0;0.38623046875;0;0;0;0;2.5748698711395264;1
135007;7.85107421875;7.46484375;22.46484375;0;14.61376953125;0;0;0;0;0;0;0;0;0;0;0;0;0;0;0;0;0;0;0;100;0;1000000;0;1;0;1;0;0;0;0;0;0;0;0;0;0;0;0;0;0;0;0.38623046875;0;0;0;0;2.5748698711395264;1
135108;7.85107421875;7.46484375;22.46484375;0;14.61376953125;0;0;0;0;0;0;0;0;0;0;0;0;0;0;0;0;0;0;0;100;0;1000000;0;1;0;1;0;0;0;0;0;0;0;0;0;0;0;0;0;0;0;0.38623046875;0;0;0;0;2.5748698711395264;1
135207;7.85107421875;7.46484375;22.46484375;0;14.61376953125;0;0;0;0;0;0;0;0;0;0;0;0;0;0;0;0;0;0;0;100;0;1000000;0;1;0;1;0;0;0;0;0;0;0;0;0;0;0;0;0;0;0;0.38623046875;0;0;0;0;2.5748698711395264;1
135309;7.85107421875;7.46484375;22.46484375;0;14.61376953125;0;0;0;0;0;0;0;0;0;0;0;0;0;0;0;0;0;0;0;100;0;1000000;0;1;0;1;0;0;0;0;0;0;0;0;0;0;0;0;0;0;0;0.38623046875;0;0;0;0;2.5748698711395264;1
135409;7.85107421875;7.46484375;22.46484375;0;14.61376953125;0;0;0;0;0;0;0;0;0;0;0;0;0;0;0;0;0;0;0;100;0;1000000;0;1;0;1;0;0;0;0;0;0;0;0;0;0;0;0;0;0;0;0.38623046875;0;0;0;0;2.5748698711395264;1
135508;7.85107421875;7.46484375;22.46484375;0;14.61376953125;0;0;0;0;0;0;0;0;0;0;0;0;0;0;0;0;0;0;0;100;0;1000000;0;1;0;1;0;0;0;0;0;0;0;0;0;0;0;0;0;0;0;0.38623046875;0;0;0;0;2.5748698711395264;1
135609;7.85107421875;7.46484375;22.46484375;0;14.61376953125;0;0;0;0;0;0;0;0;0;0;0;0;0;0;0;0;0;0;0;100;0;1000000;0;1;0;1;0;0;0;0;0;0;0;0;0;0;0;0;0;0;0;0.38623046875;0;0;0;0;2.5748698711395264;1
135710;7.85107421875;7.46484375;22.46484375;0;14.61376953125;0;0;0;0;0;0;0;0;0;0;0;0;0;0;0;0;0;0;0;100;0;1000000;0;1;0;1;0;0;0;0;0;0;0;0;0;0;0;0;0;0;0;0.38623046875;0;0;0;0;2.5748698711395264;1
135810;7.85107421875;7.46484375;22.46484375;0;14.61376953125;0;0;0;0;0;0;0;0;0;0;0;0;0;0;0;0;0;0;0;100;0;1000000;0;1;0;1;0;0;0;0;0;0;0;0;0;0;0;0;0;0;0;0.38623046875;0;0;0;0;2.5748698711395264;1
135911;7.85107421875;7.46484375;22.46484375;0;14.61376953125;0;0;0;0;0;0;0;0;0;0;0;0;0;0;0;0;0;0;0;100;0;1000000;0;1;0;1;0;0;0;0;0;0;0;0;0;0;0;0;0;0;0;0.38623046875;0;0;0;0;2.5748698711395264;1
136011;7.85107421875;7.46484375;22.46484375;0;14.61376953125;0;0;0;0;0;0;0;0;0;0;0;0;0;0;0;0;0;0;0;100;0;1000000;0;1;0;1;0;0;0;0;0;0;0;0;0;0;0;0;0;0;0;0.38623046875;0;0;0;0;2.5748698711395264;1
136113;7.85107421875;7.46484375;22.46484375;0;14.61376953125;0;0;0;0;0;0;0;0;0;0;0;0;0;0;0;0;0;0;0;100;0;1000000;0;1;0;1;0;0;0;0;0;0;0;0;0;0;0;0;0;0;0;0.38623046875;0;0;0;0;2.5748698711395264;1
136212;7.85107421875;7.46484375;22.46484375;0;14.61376953125;0;0;0;0;0;0;0;0;0;0;0;0;0;0;0;0;0;0;0;100;0;1000000;0;1;0;1;0;0;0;0;0;0;0;0;0;0;0;0;0;0;0;0.38623046875;0;0;0;0;2.5748698711395264;1
136314;7.85107421875;7.46484375;22.46484375;0;14.61376953125;0;0;0;0;0;0;0;0;0;0;0;0;0;0;0;0;0;0;0;100;0;1000000;0;1;0;1;0;0;0;0;0;0;0;0;0;0;0;0;0;0;0;0.38623046875;0;0;0;0;2.5748698711395264;1
136414;7.85107421875;7.46484375;22.46484375;0;14.61376953125;0;0;0;0;0;0;0;0;0;0;0;0;0;0;0;0;0;0;0;100;0;1000000;0;1;0;1;0;0;0;0;0;0;0;0;0;0;0;0;0;0;0;0.38623046875;0;0;0;0;2.5748698711395264;1
136514;7.85107421875;7.46484375;22.46484375;0;14.61376953125;0;0;0;0;0;0;0;0;0;0;0;0;0;0;0;0;0;0;0;100;0;1000000;0;1;0;1;0;0;0;0;0;0;0;0;0;0;0;0;0;0;0;0.38623046875;0;0;0;0;2.5748698711395264;1
136614;7.85107421875;7.46484375;22.46484375;0;14.61376953125;0;0;0;0;0;0;0;0;0;0;0;0;0;0;0;0;0;0;0;100;0;1000000;0;1;0;1;0;0;0;0;0;0;0;0;0;0;0;0;0;0;0;0.38623046875;0;0;0;0;2.5748698711395264;1
136714;7.85107421875;7.46484375;22.46484375;0;14.61376953125;0;0;0;0;0;0;0;0;0;0;0;0;0;0;0;0;0;0;0;100;0;1000000;0;1;0;1;0;0;0;0;0;0;0;0;0;0;0;0;0;0;0;0.38623046875;0;0;0;0;2.5748698711395264;1
136814;7.85107421875;7.46484375;22.46484375;0;14.61376953125;0;0;0;0;0;0;0;0;0;0;0;0;0;0;0;0;0;0;0;100;0;1000000;0;1;0;1;0;0;0;0;0;0;0;0;0;0;0;0;0;0;0;0.38623046875;0;0;0;0;2.5748698711395264;1
136915;7.85107421875;7.46484375;22.46484375;0;14.61376953125;0;0;0;0;0;0;0;0;0;0;0;0;0;0;0;0;0;0;0;100;0;1000000;0;1;0;1;0;0;0;0;0;0;0;0;0;0;0;0;0;0;0;0.38623046875;0;0;0;0;2.5748698711395264;1
137016;7.85107421875;7.46484375;22.46484375;0;14.61376953125;0;0;0;0;0;0;0;0;0;0;0;0;0;0;0;0;0;0;0;100;0;1000000;0;1;0;1;0;0;0;0;0;0;0;0;0;0;0;0;0;0;0;0.38623046875;0;0;0;0;2.5748698711395264;1
137116;7.85107421875;7.46484375;22.46484375;0;14.61376953125;0;0;0;0;0;0;0;0;0;0;0;0;0;0;0;0;0;0;0;100;0;1000000;0;1;0;1;0;0;0;0;0;0;0;0;0;0;0;0;0;0;0;0.38623046875;0;0;0;0;2.5748698711395264;1
137217;7.85107421875;7.46484375;22.46484375;0;14.61376953125;0;0;0;0;0;0;0;0;0;0;0;0;0;0;0;0;0;0;0;100;0;1000000;0;1;0;1;0;0;0;0;0;0;0;0;0;0;0;0;0;0;0;0.38623046875;0;0;0;0;2.5748698711395264;1
137317;7.85107421875;7.46484375;22.46484375;0;14.61376953125;0;0;0;0;0;0;0;0;0;0;0;0;0;0;0;0;0;0;0;100;0;1000000;0;1;0;1;0;0;0;0;0;0;0;0;0;0;0;0;0;0;0;0.38623046875;0;0;0;0;2.5748698711395264;1
137417;7.85107421875;7.46484375;22.46484375;0;14.61376953125;0;0;0;0;0;0;0;0;0;0;0;0;0;0;0;0;0;0;0;100;0;1000000;0;1;0;1;0;0;0;0;0;0;0;0;0;0;0;0;0;0;0;0.38623046875;0;0;0;0;2.5748698711395264;1
137518;7.85107421875;7.46484375;22.46484375;0;14.61376953125;0;0;0;0;0;0;0;0;0;0;0;0;0;0;0;0;0;0;0;100;0;1000000;0;1;0;1;0;0;0;0;0;0;0;0;0;0;0;0;0;0;0;0.38623046875;0;0;0;0;2.5748698711395264;1
137619;7.85107421875;7.46484375;22.46484375;0;14.61376953125;0;0;0;0;0;0;0;0;0;0;0;0;0;0;0;0;0;0;0;100;0;1000000;0;1;0;1;0;0;0;0;0;0;0;0;0;0;0;0;0;0;0;0;0;0;0;0;2.5748698711395264;1
137719;7.85107421875;7.46484375;22.46484375;0;14.61376953125;0;0;0;0;0;0;0;0;0;0;0;0;0;0;0;0;0;0;0;100;0;1000000;0;1;0;1;0;0;0;0;0;0;0;0;0;0;0;0;0;0;0;0;0;0;0;0;2.5748698711395264;1
137820;7.85107421875;7.46484375;22.46484375;0;14.61376953125;0;0;0;0;0;0;0;0;0;0;0;0;0;0;0;0;0;0;0;100;0;1000000;0;1;0;1;0;0;0;0;0;0;0;0;0;0;0;0;0;0;0;0;0;0;0;0;2.5748698711395264;1
137920;7.85107421875;7.46484375;22.46484375;0;14.61376953125;0;0;0;0;0;0;0;0;0;0;0;0;0;0;0;0;0;0;0;100;0;1000000;0;1;0;1;0;0;0;0;0;0;0;0;0;0;0;0;0;0;0;0;0;0;0;0;2.5748698711395264;1
138022;7.85107421875;7.46484375;22.46484375;0;14.61376953125;0;0;0;0;0;0;0;0;0;0;0;0;0;0;0;0;0;0;0;100;0;1000000;0;1;0;1;0;0;0;0;0;0;0;0;0;0;0;0;0;0;0;0;0;0;0;0;2.5748698711395264;1
138122;7.85107421875;7.46484375;22.46484375;0;14.61376953125;0;0;0;0;0;0;0;0;0;0;0;0;0;0;0;0;0;0;2500;50;0;1000000;0;1;0;1;0;0;0;0;0;0;0;0;0;0;0;0;0;0;0;0;0;0;0;0;2.5748698711395264;1
138222;7.85107421875;7.46484375;22.46484375;0;14.61376953125;0;0;0;0;0;0;0;0;0;0;0;0;0;0;0;0;0;0;4750;0;0;1000000;0;1;0;1;0;0;0;0;0;0;0;0;0;0;0;0;0;0;0;0;0;0;0;0;2.5748698711395264;1
138322;7.85107421875;7.46484375;22.46484375;0;14.61376953125;0;0;0;0;0;0;0;0;0;0;0;0;0;0;0;0;0;0;5000;0;0;1000000;0;1;0;0;0;0;0;0;0;0;0;0;0;0;0;0;0;0;0;0;0;0;0;0;2.5748698711395264;1
138423;7.85107421875;7.46484375;22.46484375;0;14.61376953125;0;0;0;0;0;0;0;0;0;0;0;0;0;0;0;0;0;0;5000;0;0;1000000;0;1;0;0;0;0;0;0;0;0;0;0;0;0;0;0;0;0;0;0;0;0;0;0;2.5748698711395264;1
138523;7.85107421875;7.46484375;22.46484375;0;14.61376953125;0;0;0;0;0;0;0;0;0;0;0;0;0;0;0;0;0;0;5000;0;0;1000000;0;1;0;0;0;0;0;0;0;0;0;0;0;0;0;0;0;0;0;0;0;0;0;0;2.5748698711395264;1
138625;7.85107421875;7.46484375;22.46484375;0;14.61376953125;0;0;0;0;0;0;0;0;0;0;0;0;0;0;0;0;0;0;5000;0;0;1000000;0;1;0;0;0;0;0;0;0;0;0;0;0;0;0;0;0;0;0;0;0;0;0;0;2.5748698711395264;1
138726;7.85107421875;7.46484375;22.46484375;0;14.61376953125;0;0;0;0;0;0;0;0;0;0;0;0;0;0;0;0;0;0;5000;0;0;1000000;0;1;0;0;0;0;0;0;0;0;0;0;0;0;0;0;0;0;0;0;0;0;0;0;2.5748698711395264;1
138827;7.85107421875;7.46484375;22.46484375;0;14.61376953125;0;0;0;0;0;0;0;0;0;0;0;0;0;0;0;0;0;0;5000;0;0;1000000;0;1;0;0;0;0;0;0;0;0;0;0;0;0;0;0;0;0;0;0;0;0;0;0;2.5748698711395264;1
138927;7.85107421875;7.46484375;22.46484375;0;14.61376953125;0;0;0;0;0;0;0;0;0;0;0;0;0;0;0;0;0;0;5000;0;0;1000000;0;1;0;0;0;0;0;0;0;0;0;0;0;0;0;0;0;0;0;0;0;0;0;0;2.5748698711395264;1
139027;7.85107421875;7.46484375;22.46484375;0;14.61376953125;0;0;0;0;0;0;0;0;0;0;0;0;0;0;0;0;0;0;5000;0;0;1000000;0;1;0;0;0;0;0;0;0;0;0;0;0;0;0;0;0;0;0;0;0;0;0;0;2.5748698711395264;1
139127;7.85107421875;7.46484375;22.46484375;0;14.61376953125;0;0;0;0;0;0;0;0;0;0;0;0;0;0;0;0;0;0;5000;0;0;1000000;0;1;0;0;0;0;0;0;0;0;0;0;0;0;0;0;0;0;0;0;0;0;0;0;2.5748698711395264;1
139228;7.85107421875;7.46484375;22.46484375;0;14.61376953125;0;0;0;0;0;0;0;0;0;0;0;0;0;0;0;0;0;0;5000;0;0;1000000;0;1;0;0;0;0;0;0;0;0;0;0;0;0;0;0;0;0;0;0;0;0;0;0;2.5748698711395264;1
139328;7.85107421875;7.46484375;22.46484375;0;14.61376953125;0;0;0;0;0;0;0;0;0;0;0;0;0;0;0;0;0;0;5000;0;0;1000000;0;1;0;0;0;0;0;0;0;0;0;0;0;0;0;0;0;0;0;0;0;0;0;0;2.5748698711395264;1
139429;7.85107421875;7.46484375;22.46484375;0;14.61376953125;0;0;0;0;0;0;0;0;0;0;0;0;0;0;0;0;0;0;5000;0;0;1000000;0;1;0;0;0;0;0;0;0;0;0;0;0;0;0;0;0;0;0;0;0;0;0;0;2.5748698711395264;1
139531;7.85107421875;7.46484375;22.46484375;0;14.61376953125;0;0;0;0;0;0;0;0;0;0;0;0;0;0;0;0;0;0;5000;0;0;1000000;0;1;0;0;0;0;0;0;0;0;0;0;0;0;0;0;0;0;0;0;0;0;0;0;2.5748698711395264;1
139632;7.85107421875;7.46484375;22.46484375;0;14.61376953125;0;0;0;0;0;0;0;0;0;0;0;0;0;0;0;0;0;0;4515;0;0;1000000;0;1;0;0;0;0;0;0;0;0;0;0;0;0;0;0;0;0;0;0;0;0;0;0;2.5748698711395264;1
139732;7.85107421875;7.46484375;22.46484375;0;14.61376953125;0;0;0;0;0;0;0;0;0;0;0;0;0;0;0;0;0;0;4243;15.140000343322754;0;1000000;0;1;0;1;0;0;0;0;0;0;0;0;0;0;0;0;0;0;0;0;0;0;0;0;2.5748698711395264;1
139832;7.85107421875;7.46484375;22.46484375;0;14.61376953125;0;0;0;0;0;0;0;0;0;0;0;0;0;0;0;0;0;0;4068;18.639999389648438;0;1000000;0;1;0;1;0;0;0;0;0;0;0;0;0;0;0;0;0;0;0;0;0;0;0;0;2.5748698711395264;1
139933;7.85107421875;7.46484375;22.46484375;0;14.61376953125;0;0;0;0;0;0;0;0;0;0;0;0;0;0;0;0;0;0;3825;23.5;0;1000000;0;1;0;1;0;0;0;0;0;0;0;0;0;0;0;0;0;0;0;0;0;0;0;0;2.5748698711395264;1
140034;7.85107421875;7.46484375;22.46484375;0;14.61376953125;0;0;0;0;0;0;0;0;0;0;0;0;0;0;0;0;0;0;3460;30.799999237060547;0;1000000;0;1;0;1;0;0;0;0;0;0;0;0;0;0;0;0;0;0;0;0;0;0;0;0;2.5748698711395264;1
140135;7.85107421875;7.46484375;22.46484375;0;14.61376953125;0;0;0;0;0;0;0;0;0;0;0;0;0;0;0;0;0;0;3046;39.080001831054688;0;1000000;0;1;0;1;0;0;0;0;0;0;0;0;0;0;0;0;0;0;0;0;0;0;0;0;2.5748698711395264;1
140235;7.85107421875;7.46484375;22.46484375;0;14.61376953125;0;0;0;0;0;0;0;0;0;0;0;0;0;0;0;0;0;0;2651;46.979999542236328;0;1000000;0;1;0;1;0;0;0;0;0;0;0;0;0;0;0;0;0;0;0;0;0;0;0;0;2.5748698711395264;1
140337;7.85107421875;7.46484375;22.46484375;0;14.61376953125;0;0;0;0;0;0;0;0;0;0;0;0;0;0;0;0;0;0;2506;49.880001068115234;0;1000000;0;1;0;1;0;0;0;0;0;0;0;0;0;0;0;0;0;0;0;0;0;0;0;0;2.5748698711395264;1
140438;7.85107421875;7.46484375;22.46484375;0;14.61376953125;0;0;0;0;0;0;0;0;0;0;0;0;0;0;0;0;0;0;2290;54.200000762939453;0;1000000;0;1;0;1;0;0;0;0;0;0;0;0;0;0;0;0;0;0;0;0;0;0;0;0;2.5748698711395264;1
140538;7.85107421875;7.46484375;22.46484375;0;14.61376953125;0;0;0;0;0;0;0;0;0;0;0;0;0;0;0;0;0;0;1955;60.900001525878906;0;1000000;0;1;0;1;0;0;0;0;0;0;0;0;0;0;0;0;0;0;0;0;0;0;0;0;2.5748698711395264;1
140638;7.85107421875;7.46484375;22.46484375;0;14.61376953125;0;0;0;0;0;0;0;0;0;0;0;0;0;0;0;0;0;0;1568;68.639999389648438;0;1000000;0;1;0;1;0;0;0;0;0;0;0;0;0;0;0;0;0;0;0;0;0;0;0;0;2.5748698711395264;1
140738;7.85107421875;7.46484375;22.46484375;0;14.61376953125;0;0;0;0;0;0;0;0;0;0;0;0;0;0;0;0;0;0;1043;79.139999389648438;0;1000000;0;1;0;1;0;0;0;0;0;0;0;0;0;0;0;0;0;0;0;0;0;0;0;0;2.5748698711395264;1
140839;7.85107421875;7.46484375;22.46484375;0;14.61376953125;0;0;0;0;0;0;0;0;0;0;0;0;0;0;0;0;0;0;935;81.300003051757813;0;1000000;0;1;0;1;0;0;0;0;0;0;0;0;0;0;0;0;0;0;0;0;0;0;0;0;2.5748698711395264;1
140938;7.85107421875;7.46484375;22.46484375;0;14.61376953125;0;0;0;0;0;0;0;0;0;0;0;0;0;0;0;0;0;0;720;85.5999984741211;0;1000000;0;1;0;1;0;0;0;0;0;0;0;0;0;0;0;0;0;0;0;0;0;0;0;0;2.5748698711395264;1
141039;7.85107421875;7.46484375;22.46484375;0;14.61376953125;0;0;0;0;0;0;0;0;0;0;0;0;0;0;0;0;0;0;441;91.180000305175781;0;1000000;0;1;0;1;0;0;0;0;0;0;0;0;0;0;0;0;0;0;0;0;0;0;0;0;2.5748698711395264;1
141139;7.85107421875;7.46484375;22.46484375;0;14.61376953125;0;0;0;0;0;0;0;0;0;0;0;0;0;0;0;0;0;0;81;98.379997253417969;0;1000000;0;1;0;1;0;0;0;0;0;0;0;0;0;0;0;0;0;0;0;0;0;0;0;0;2.5748698711395264;1
141240;7.85107421875;7.46484375;22.46484375;0;14.61376953125;0;0;0;0;0;0;0;0;0;0;0;0;0;0;0;0;0;0;0;100;0;1000000;0;1;0;1;0;0;0;0;0;0;0;0;0;0;0;0;0;0;0;0;0;0;0;0;2.5748698711395264;1
141339;7.85107421875;7.46484375;22.46484375;0;14.61376953125;0;0;0;0;0;0;0;0;0;0;0;0;0;0;0;0;0;0;0;100;0;1000000;0;1;0;1;0;0;0;0;0;0;0;0;0;0;0;0;0;0;0;0;0;0;0;0;2.5748698711395264;1
141439;7.85107421875;7.46484375;22.46484375;0;14.61376953125;0;0;0;0;0;0;0;0;0;0;0;0;0;0;0;0;0;0;0;100;0;1000000;0;1;0;1;0;0;0;0;0;0;0;0;0;0;0;0;0;0;0;0;0;0;0;0;2.5748698711395264;1
141541;7.85107421875;7.46484375;22.46484375;0;14.61376953125;0;0;0;0;0;0;0;0;0;0;0;0;0;0;0;0;0;0;0;100;0;1000000;0;1;0;1;0;0;0;0;0;0;0;0;0;0;0;0;0;0;0;0;0;0;0;0;2.5748698711395264;1
141642;7.85107421875;7.46484375;22.46484375;0;14.61376953125;0;0;0;0;0;0;0;0;0;0;0;0;0;0;0;0;0;0;0;100;0;1000000;0;1;0;1;0;0;0;0;0;0;0;0;0;0;0;0;0;0;0;0;0;0;0;0;2.5748698711395264;1
141742;7.85107421875;7.46484375;22.46484375;0;14.61376953125;0;0;0;0;0;0;0;0;0;0;0;0;0;0;0;0;0;0;0;100;0;1000000;0;1;0;1;0;0;0;0;0;0;0;0;0;0;0;0;0;0;0;0;0;0;0;0;2.5748698711395264;1
141843;7.85107421875;7.46484375;22.46484375;0;14.61376953125;0;0;0;0;0;0;0;0;0;0;0;0;0;0;0;0;0;0;0;100;0;1000000;0;1;0;1;0;0;0;0;0;0;0;0;0;0;0;0;0;0;0;0;0;0;0;0;2.5748698711395264;1
141942;7.85107421875;7.46484375;22.46484375;0;14.61376953125;0;0;0;0;0;0;0;0;0;0;0;0;0;0;0;0;0;0;0;100;0;1000000;0;1;0;1;0;0;0;0;0;0;0;0;0;0;0;0;0;0;0;0;0;0;0;0;2.5748698711395264;1
142044;7.85107421875;7.46484375;22.46484375;0;14.61376953125;0;0;0;0;0;0;0;0;0;0;0;0;0;0;0;0;0;0;0;100;0;1000000;0;1;0;1;0;0;0;0;0;0;0;0;0;0;0;0;0;0;0;0;0;0;0;0;2.5748698711395264;1
142144;7.85107421875;7.46484375;22.46484375;0;14.61376953125;0;0;0;0;0;0;0;0;0;0;0;0;0;0;0;0;0;0;0;100;0;1000000;0;1;0;1;0;0;0;0;0;0;0;0;0;0;0;0;0;0;0;0;0;0;0;0;2.5748698711395264;1
142245;7.85107421875;7.46484375;22.46484375;0;14.61376953125;0;0;0;0;0;0;0;0;0;0;0;0;0;0;0;0;0;0;0;100;0;1000000;0;1;0;1;0;0;0;0;0;0;0;0;0;0;0;0;0;0;0;0;0;0;0;0;2.5748698711395264;1
142345;7.85107421875;7.46484375;22.46484375;0;14.61376953125;0;0;0;0;0;0;0;0;0;0;0;0;0;0;0;0;0;0;0;100;0;1000000;0;1;0;1;0;0;0;0;0;0;0;0;0;0;0;0;0;0;0;0;0;0;0;0;2.5748698711395264;1
142446;7.85107421875;7.46484375;22.46484375;0;14.61376953125;0;0;0;0;0;0;0;0;0;0;0;0;0;0;0;0;0;0;0;100;0;1000000;0;1;0;1;0;0;0;0;0;0;0;0;0;0;0;0;0;0;0;0;0;0;0;0;2.5748698711395264;1
142548;7.85107421875;7.46484375;22.46484375;0;14.61376953125;0;0;0;0;0;0;0;0;0;0;0;0;0;0;0;0;0;0;0;100;0;1000000;0;1;0;1;0;0;0;0;0;0;0;0;0;0;0;0;0;0;0;0;0;0;0;0;2.5748698711395264;1
142648;7.85107421875;7.46484375;22.46484375;0;14.61376953125;0;0;0;0;0;0;0;0;0;0;0;0;0;0;0;0;0;0;0;100;0;1000000;0;1;0;1;0;0;0;0;0;0;0;0;0;0;0;0;0;0;0;0;0;0;0;0;2.5748698711395264;1
142748;7.85107421875;7.46484375;22.46484375;0;14.61376953125;0;0;0;0;0;0;0;0;0;0;0;0;0;0;0;0;0;0;0;100;0;1000000;0;1;0;1;0;0;0;0;0;0;0;0;0;0;0;0;0;0;0;0;0;0;0;0;2.5748698711395264;1
142849;7.85107421875;7.46484375;22.46484375;0;14.61376953125;0;0;0;0;0;0;0;0;0;0;0;0;0;0;0;0;0;0;0;100;0;1000000;0;1;0;1;0;0;0;0;0;0;0;0;0;0;0;0;0;0;0;0;0;0;0;0;2.5748698711395264;1
142951;7.85107421875;7.46484375;22.46484375;0;14.61376953125;0;0;0;0;0;0;0;0;0;0;0;0;0;0;0;0;0;0;0;100;0;1000000;0;1;0;1;0;0;0;0;0;0;0;0;0;0;0;0;0;0;0;0;0;0;0;0;2.5748698711395264;1
143052;7.85107421875;7.46484375;22.46484375;0;14.61376953125;0;0;0;0;0;0;0;0;0;0;0;0;0;0;0;0;0;0;0;100;0;1000000;0;1;0;1;0;0;0;0;0;0;0;0;0;0;0;0;0;0;0;0;0;0;0;0;2.5748698711395264;1
143153;7.85107421875;7.46484375;22.46484375;0;14.61376953125;0;0;0;0;0;0;0;0;0;0;0;0;0;0;0;0;0;0;0;100;0;1000000;0;1;0;1;0;0;0;0;0;0;0;0;0;0;0;0;0;0;0;0;0;0;0;0;2.5748698711395264;1
143253;7.85107421875;7.46484375;22.46484375;0;14.61376953125;0;0;0;0;0;0;0;0;0;0;0;0;0;0;0;0;0;0;0;100;0;1000000;0;1;0;1;0;0;0;0;0;0;0;0;0;0;0;0;0;0;0;0;0;0;0;0;2.5748698711395264;1
143354;7.85107421875;7.46484375;22.46484375;0;14.61376953125;0;0;0;0;0;0;0;0;0;0;0;0;0;0;0;0;0;0;0;100;0;1000000;0;1;0;1;0;0;0;0;0;0;0;0;0;0;0;0;0;0;0;0;0;0;0;0;2.5748698711395264;1
143455;7.85107421875;7.46484375;22.46484375;0;14.61376953125;0;0;0;0;0;0;0;0;0;0;0;0;0;0;0;0;0;0;0;100;0;1000000;0;1;0;1;0;0;0;0;0;0;0;0;0;0;0;0;0;0;0;0;0;0;0;0;2.5748698711395264;1
143555;7.85107421875;7.46484375;22.46484375;0;14.61376953125;0;0;0;0;0;0;0;0;0;0;0;0;0;0;0;0;0;0;0;100;0;1000000;0;1;0;1;0;0;0;0;0;0;0;0;0;0;0;0;0;0;0;0;0;0;0;0;2.5748698711395264;1
143655;7.85107421875;7.46484375;22.46484375;0;14.61376953125;0;0;0;0;0;0;0;0;0;0;0;0;0;0;0;0;0;0;2500;50;0;1000000;0;1;0;1;0;0;0;0;0;0;0;0;0;0;0;0;0;0;0;0;0;0;0;0;2.5748698711395264;1
143755;7.85107421875;7.46484375;22.46484375;0;14.61376953125;0;0;0;0;0;0;0;0;0;0;0;0;0;0;0;0;0;0;5000;0;0;1000000;0;1;0;1;0;0;0;0;0;0;0;0;0;0;0;0;0;0;0;0;0;0;0;0;2.5748698711395264;1
143857;7.85107421875;7.46484375;22.46484375;0;14.61376953125;0;0;0;0;0;0;0;0;0;0;0;0;0;0;0;0;0;0;5000;0;0;1000000;0;1;0;0;0;0;0;0;0;0;0;0;0;0;0;0;0;0;0;0;0;0;0;0;2.5748698711395264;1
143958;7.85107421875;7.46484375;22.46484375;0;14.61376953125;0;0;0;0;0;0;0;0;0;0;0;0;0;0;0;0;0;0;5000;0;0;1000000;0;1;0;0;0;0;0;0;0;0;0;0;0;0;0;0;0;0;0;0;0;0;0;0;2.5748698711395264;1
144058;7.85107421875;7.46484375;22.46484375;0;14.61376953125;0;0;0;0;0;0;0;0;0;0;0;0;0;0;0;0;0;0;5000;0;0;1000000;0;1;0;0;0;0;0;0;0;0;0;0;0;0;0;0;0;0;0;0;0;0;0;0;2.5748698711395264;1
144159;7.85107421875;7.46484375;22.46484375;0;14.61376953125;0;0;0;0;0;0;0;0;0;0;0;0;0;0;0;0;0;0;5000;0;0;1000000;0;1;0;0;0;0;0;0;0;0;0;0;0;0;0;0;0;0;0;0;0;0;0;0;2.5748698711395264;1
144260;7.85107421875;7.46484375;22.46484375;0;14.61376953125;0;0;0;0;0;0;0;0;0;0;0;0;0;0;0;0;0;0;5000;0;0;1000000;0;1;0;0;0;0;0;0;0;0;0;0;0;0;0;0;0;0;0;0;0;0;0;0;2.5748698711395264;1
144360;7.85107421875;7.46484375;22.46484375;0;14.61376953125;0;0;0;0;0;0;0;0;0;0;0;0;0;0;0;0;0;0;5000;0;0;1000000;0;1;0;0;0;0;0;0;0;0;0;0;0;0;0;0;0;0;0;0;0;0;0;0;2.5748698711395264;1
144461;7.85107421875;7.46484375;22.46484375;0;14.61376953125;0;0;0;0;0;0;0;0;0;0;0;0;0;0;0;0;0;0;5000;0;0;1000000;0;1;0;0;0;0;0;0;0;0;0;0;0;0;0;0;0;0;0;0;0;0;0;0;2.5748698711395264;1
144562;7.85107421875;7.46484375;22.46484375;0;14.61376953125;0;0;0;0;0;0;0;0;0;0;0;0;0;0;0;0;0;0;5000;0;0;1000000;0;1;0;0;0;0;0;0;0;0;0;0;0;0;0;0;0;0;0;0;0;0;0;0;2.5748698711395264;1
144661;7.85107421875;7.46484375;22.46484375;0;14.61376953125;0;0;0;0;0;0;0;0;0;0;0;0;0;0;0;0;0;0;5000;0;0;1000000;0;1;0;0;0;0;0;0;0;0;0;0;0;0;0;0;0;0;0;0;0;0;0;0;2.5748698711395264;1
144764;7.85107421875;7.46484375;22.46484375;0;14.61376953125;0;0;0;0;0;0;0;0;0;0;0;0;0;0;0;0;0;0;4960;0;0;1000000;0;1;0;0;0;0;0;0;0;0;0;0;0;0;0;0;0;0;0;0;0;0;0;0;2.5748698711395264;1
144863;7.85107421875;7.46484375;22.46484375;0;14.61376953125;0;0;0;0;0;0;0;0;0;0;0;0;0;0;0;0;0;0;4555;0;0;1000000;0;1;0;0;0;0;0;0;0;0;0;0;0;0;0;0;0;0;0;0;0;0;0;0;2.5748698711395264;1
144965;7.85107421875;7.46484375;22.46484375;0;14.61376953125;0;0;0;0;0;0;0;0;0;0;0;0;0;0;0;0;0;0;4110;17.80000114440918;0;1000000;0;1;0;1;0;0;0;0;0;0;0;0;0;0;0;0;0;0;0;0;0;0;0;0;2.5748698711395264;1
145065;7.85107421875;7.46484375;22.46484375;0;14.61376953125;0;0;0;0;0;0;0;0;0;0;0;0;0;0;0;0;0;0;3984;20.319999694824219;0;1000000;0;1;0;1;0;0;0;0;0;0;0;0;0;0;0;0;0;0;0;0;0;0;0;0;2.5748698711395264;1
145167;7.85107421875;7.46484375;22.46484375;0;14.61376953125;0;0;0;0;0;0;0;0;0;0;0;0;0;0;0;0;0;0;3749;25.020000457763672;0;1000000;0;1;0;1;0;0;0;0;0;0;0;0;0;0;0;0;0;0;0;0;0;0;0;0;2.5748698711395264;1
145267;7.85107421875;7.46484375;22.46484375;0;14.61376953125;0;0;0;0;0;0;0;0;0;0;0;0;0;0;0;0;0;0;3452;30.959999084472656;0;1000000;0;1;0;1;0;0;0;0;0;0;0;0;0;0;0;0;0;0;0;0;0;0;0;0;2.5748698711395264;1
145368;7.85107421875;7.46484375;22.46484375;0;14.61376953125;0;0;0;0;0;0;0;0;0;0;0;0;0;0;0;0;0;0;3027;39.459999084472656;0;1000000;0;1;0;1;0;0;0;0;0;0;0;0;0;0;0;0;0;0;0;0;0;0;0;0;2.5748698711395264;1
145468;7.85107421875;7.46484375;22.46484375;0;14.61376953125;0;0;0;0;0;0;0;0;0;0;0;0;0;0;0;0;0;0;2559;48.819999694824219;0;1000000;0;1;0;1;0;0;0;0;0;0;0;0;0;0;0;0;0;0;0;0;0;0;0;0;2.5748698711395264;1
145569;7.85107421875;7.46484375;22.46484375;0;14.61376953125;0;0;0;0;0;0;0;0;0;0;0;0;0;0;0;0;0;0;2394;52.119998931884766;0;1000000;0;1;0;1;0;0;0;0;0;0;0;0;0;0;0;0;0;0;0;0;0;0;0;0;2.5748698711395264;1
145669;7.85107421875;7.46484375;22.46484375;0;14.61376953125;0;0;0;0;0;0;0;0;0;0;0;0;0;0;0;0;0;0;2205;55.900001525878906;0;1000000;0;1;0;1;0;0;0;0;0;0;0;0;0;0;0;0;0;0;0;0;0;0;0;0;2.5748698711395264;1
145769;7.85107421875;7.46484375;22.46484375;0;14.61376953125;0;0;0;0;0;0;0;0;0;0;0;0;0;0;0;0;0;0;1900;62;0;1000000;0;1;0;1;0;0;0;0;0;0;0;0;0;0;0;0;0;0;0;0;0;0;0;0;2.5748698711395264;1
145869;7.85107421875;7.46484375;22.46484375;0;14.61376953125;0;0;0;0;0;0;0;0;0;0;0;0;0;0;0;0;0;0;1495;70.0999984741211;0;1000000;0;1;0;1;0;0;0;0;0;0;0;0;0;0;0;0;0;0;0;0;0;0;0;0;2.5748698711395264;1
145970;7.85107421875;7.46484375;22.46484375;0;14.61376953125;0;0;0;0;0;0;0;0;0;0;0;0;0;0;0;0;0;0;1045;79.0999984741211;0;1000000;0;1;0;1;0;0;0;0;0;0;0;0;0;0;0;0;0;0;0;0;0;0;0;0;2.5748698711395264;1
146071;7.85107421875;7.46484375;22.46484375;0;14.61376953125;0;0;0;0;0;0;0;0;0;0;0;0;0;0;0;0;0;0;814;83.720001220703125;0;1000000;0;1;0;1;0;0;0;0;0;0;0;0;0;0;0;0;0;0;0;0;0;0;0;0;2.5748698711395264;1
146172;7.85107421875;7.46484375;22.46484375;0;14.61376953125;0;0;0;0;0;0;0;0;0;0;0;0;0;0;0;0;0;0;629;87.419998168945313;0;1000000;0;1;0;1;0;0;0;0;0;0;0;0;0;0;0;0;0;0;0;0;0;0;0;0;2.5748698711395264;1
146272;7.85107421875;7.46484375;22.46484375;0;14.61376953125;0;0;0;0;0;0;0;0;0;0;0;0;0;0;0;0;0;0;377;92.459999084472656;0;1000000;0;1;0;1;0;0;0;0;0;0;0;0;0;0;0;0;0;0;0;0;0;0;0;0;2.5748698711395264;1
146375;7.85107421875;7.46484375;22.46484375;0;14.61376953125;0;0;0;0;0;0;0;0;0;0;0;0;0;0;0;0;0;0;2;99.959999084472656;0;1000000;0;1;0;1;0;0;0;0;0;0;0;0;0;0;0;0;0;0;0;0;0;0;0;0;2.5748698711395264;1
146475;7.85107421875;7.46484375;22.46484375;0;14.61376953125;0;0;0;0;0;0;0;0;0;0;0;0;0;0;0;0;0;0;0;100;0;1000000;0;1;0;1;0;0;0;0;0;0;0;0;0;0;0;0;0;0;0;0;0;0;0;0;2.5748698711395264;1
146576;7.85107421875;7.46484375;22.46484375;0;14.61376953125;0;0;0;0;0;0;0;0;0;0;0;0;0;0;0;0;0;0;2500;50;0;1000000;0;1;0;1;0;0;0;0;0;0;0;0;0;0;0;0;0;0;0;0;0;0;0;0;2.5748698711395264;1
146676;7.85107421875;7.46484375;22.46484375;0;14.61376953125;0;0;0;0;0;0;0;0;0;0;0;0;0;0;0;0;0;0;4750;0;0;1000000;0;1;0;1;0;0;0;0;0;0;0;0;0;0;0;0;0;0;0;0;0;0;0;0;2.5748698711395264;1
146775;7.85107421875;7.46484375;22.46484375;0;14.61376953125;0;0;0;0;0;0;0;0;0;0;0;0;0;0;0;0;0;0;5000;0;0;1000000;0;1;0;1;0;0;0;0;0;0;0;0;0;0;0;0;0;0;0;0;0;0;0;0;2.5748698711395264;1
146876;7.85107421875;7.46484375;22.46484375;0;14.61376953125;0;0;0;0;0;0;0;0;0;0;0;0;0;0;0;0;0;0;5000;0;0;1000000;0;1;0;1;0;0;0;0;0;0;0;0;0;0;0;0;0;0;0;0;0;0;0;0;2.5748698711395264;1
146977;7.85107421875;7.46484375;22.46484375;0;14.61376953125;0;0;0;0;0;0;0;0;0;0;0;0;0;0;0;0;0;0;5000;0;0;1000000;0;1;0;1;0;0;0;0;0;0;0;0;0;0;0;0;0;0;0;0;0;0;0;0;2.5748698711395264;1
147078;7.85107421875;7.46484375;22.46484375;0;14.61376953125;0;0;0;0;0;0;0;0;0;0;0;0;0;0;0;0;0;0;5000;0;0;1000000;0;1;0;1;0;0;0;0;0;0;0;0;0;0;0;0;0;0;0;0;0;0;0;0;2.5748698711395264;1
147177;7.85107421875;7.46484375;22.46484375;0;14.61376953125;0;0;0;0;0;0;0;0;0;0;0;0;0;0;0;0;0;0;5000;0;0;1000000;0;1;0;1;0;0;0;0;0;0;0;0;0;0;0;0;0;0;0;0;0;0;0;0;2.5748698711395264;1
147280;7.85107421875;7.46484375;22.46484375;0;14.61376953125;0;0;0;0;0;0;0;0;0;0;0;0;0;0;0;0;0;0;5000;0;0;1000000;0;1;0;1;0;0;0;0;0;0;0;0;0;0;0;0;0;0;0;0;0;0;0;0;2.5748698711395264;1
147381;7.85107421875;7.46484375;22.46484375;0;14.61376953125;0;0;0;0;0;0;0;0;0;0;0;0;0;0;0;0;0;0;5000;0;0;1000000;0;1;0;1;0;0;0;0;0;0;0;0;0;0;0;0;0;0;0;0;0;0;0;0;2.5748698711395264;1
147482;7.85107421875;7.46484375;22.46484375;0;14.61376953125;0;0;0;0;0;0;0;0;0;0;0;0;0;0;0;0;0;0;5000;0;0;1000000;0;1;0;1;0;0;0;0;0;0;0;0;0;0;0;0;0;0;0;0;0;0;0;0;2.5748698711395264;1
147582;7.85107421875;7.46484375;22.46484375;0;14.61376953125;0;0;0;0;0;0;0;0;0;0;0;0;0;0;0;0;0;0;5000;0;0;1000000;0;1;0;1;0;0;0;0;0;0;0;0;0;0;0;0;0;0;0;0;0;0;0;0;2.5748698711395264;1
147682;7.85107421875;7.46484375;22.46484375;0;14.61376953125;0;0;0;0;0;0;0;0;0;0;0;0;0;0;0;0;0;0;5000;0;0;1000000;0;1;0;1;0;0;0;0;0;0;0;0;0;0;0;0;0;0;0;0;0;0;0;0;2.5748698711395264;1
147781;7.85107421875;7.46484375;22.46484375;0;14.61376953125;0;0;0;0;0;0;0;0;0;0;0;0;0;0;0;0;0;0;5000;0;0;1000000;0;1;0;1;0;0;0;0;0;0;0;0;0;0;0;0;0;0;0;0;0;0;0;0;2.5748698711395264;1
147881;7.85107421875;7.46484375;22.46484375;0;14.61376953125;0;0;0;0;0;0;0;0;0;0;0;0;0;0;0;0;0;0;5000;0;0;1000000;0;1;0;1;0;0;0;0;0;0;0;0;0;0;0;0;0;0;0;0;0;0;0;0;2.5748698711395264;1
147982;7.85107421875;7.46484375;22.46484375;0;14.61376953125;0;0;0;0;0;0;0;0;0;0;0;0;0;0;0;0;0;0;5000;0;0;1000000;0;1;0;0;0;0;0;0;0;0;0;0;0;0;0;0;0;0;0;0;0;0;0;0;2.5748698711395264;1
148082;7.85107421875;7.46484375;22.46484375;0;14.61376953125;0;0;0;0;0;0;0;0;0;0;0;0;0;0;0;0;0;0;5000;0;0;1000000;0;1;0;0;0;0;0;0;0;0;0;0;0;0;0;0;0;0;0;0;0;0;0;0;2.5748698711395264;1
148184;7.85107421875;7.46484375;22.46484375;0;14.61376953125;0;0;0;0;0;0;0;0;0;0;0;0;0;0;0;0;0;0;5000;0;0;1000000;0;1;0;0;0;0;0;0;0;0;0;0;0;0;0;0;0;0;0;0;0;0;0;0;2.5748698711395264;1
148284;7.85107421875;7.46484375;22.46484375;0;14.61376953125;0;0;0;0;0;0;0;0;0;0;0;0;0;0;0;0;0;0;5000;0;0;1000000;0;1;0;0;0;0;0;0;0;0;0;0;0;0;0;0;0;0;0;0;0;0;0;0;2.5748698711395264;1
148385;7.85107421875;7.46484375;22.46484375;0;14.61376953125;0;0;0;0;0;0;0;0;0;0;0;0;0;0;0;0;0;0;5000;0;0;1000000;0;1;0;0;0;0;0;0;0;0;0;0;0;0;0;0;0;0;0;0;0;0;0;0;2.5748698711395264;1
148485;7.85107421875;7.46484375;22.46484375;0;14.61376953125;0;0;0;0;0;0;0;0;0;0;0;0;0;0;0;0;0;0;5000;0;0;1000000;0;1;0;0;0;0;0;0;0;0;0;0;0;0;0;0;0;0;0;0;0;0;0;0;2.5748698711395264;1
148586;7.85107421875;7.46484375;22.46484375;0;14.61376953125;0;0;0;0;0;0;0;0;0;0;0;0;0;0;0;0;0;0;5000;0;0;1000000;0;1;0;0;0;0;0;0;0;0;0;0;0;0;0;0;0;0;0;0;0;0;0;0;2.5748698711395264;1
148686;7.85107421875;7.46484375;22.46484375;0;14.61376953125;0;0;0;0;0;0;0;0;0;0;0;0;0;0;0;0;0;0;5000;0;0;1000000;0;1;0;0;0;0;0;0;0;0;0;0;0;0;0;0;0;0;0;0;0;0;0;0;2.5748698711395264;1
148788;7.85107421875;7.46484375;22.46484375;0;14.61376953125;0;0;0;0;0;0;0;0;0;0;0;0;0;0;0;0;0;0;5000;0;0;1000000;0;1;0;0;0;0;0;0;0;0;0;0;0;0;0;0;0;0;0;0;0;0;0;0;2.5748698711395264;1
148888;7.85107421875;7.46484375;22.46484375;0;14.61376953125;0;0;0;0;0;0;0;0;0;0;0;0;0;0;0;0;0;0;5000;0;0;1000000;0;1;0;0;0;0;0;0;0;0;0;0;0;0;0;0;0;0;0;0;0;0;0;0;2.5748698711395264;1
148988;7.85107421875;7.46484375;22.46484375;0;14.61376953125;0;0;0;0;0;0;0;0;0;0;0;0;0;0;0;0;0;0;5000;0;0;1000000;0;1;0;0;0;0;0;0;0;0;0;0;0;0;0;0;0;0;0;0;0;0;0;0;2.5748698711395264;1
149088;7.85107421875;7.46484375;22.46484375;0;14.61376953125;0;0;0;0;0;0;0;0;0;0;0;0;0;0;0;0;0;0;5000;0;0;1000000;0;1;0;0;0;0;0;0;0;0;0;0;0;0;0;0;0;0;0;0;0;0;0;0;2.5748698711395264;1
149190;7.85107421875;7.46484375;22.46484375;0;14.61376953125;0;0;0;0;0;0;0;0;0;0;0;0;0;0;0;0;0;0;5000;0;0;1000000;0;1;0;0;0;0;0;0;0;0;0;0;0;0;0;0;0;0;0;0;0;0;0;0;2.5748698711395264;1
149290;7.85107421875;7.46484375;22.46484375;0;14.61376953125;0;0;0;0;0;0;0;0;0;0;0;0;0;0;0;0;0;0;5000;0;0;1000000;0;1;0;0;0;0;0;0;0;0;0;0;0;0;0;0;0;0;0;0;0;0;0;0;2.5748698711395264;1
149391;7.85107421875;7.46484375;22.46484375;0;14.61376953125;0;0;0;0;0;0;0;0;0;0;0;0;0;0;0;0;0;0;5000;0;0;1000000;0;1;0;0;0;0;0;0;0;0;0;0;0;0;0;0;0;0;0;0;0;0;0;0;2.5748698711395264;1
149492;7.85107421875;7.46484375;22.46484375;0;14.61376953125;0;0;0;0;0;0;0;0;0;0;0;0;0;0;0;0;0;0;5000;0;0;1000000;0;1;0;0;0;0;0;0;0;0;0;0;0;0;0;0;0;0;0;0;0;0;0;0;2.5748698711395264;1
149592;7.85107421875;7.46484375;22.46484375;0;14.61376953125;0;0;0;0;0;0;0;0;0;0;0;0;0;0;0;0;0;0;5000;0;0;1000000;0;1;0;0;0;0;0;0;0;0;0;0;0;0;0;0;0;0;0;0;0;0;0;0;2.5748698711395264;1
149693;7.85107421875;7.46484375;22.46484375;0;14.61376953125;0;0;0;0;0;0;0;0;0;0;0;0;0;0;0;0;0;0;5000;0;0;1000000;0;1;0;0;0;0;0;0;0;0;0;0;0;0;0;0;0;0;0;0;0;0;0;0;2.5748698711395264;1
149795;7.85107421875;7.46484375;22.46484375;0;14.61376953125;0;0;0;0;0;0;0;0;0;0;0;0;0;0;0;0;0;0;5000;0;0;1000000;0;1;0;0;0;0;0;0;0;0;0;0;0;0;0;0;0;0;0;0;0;0;0;0;2.5748698711395264;1
149895;7.85107421875;7.46484375;22.46484375;0;14.61376953125;0;0;0;0;0;0;0;0;0;0;0;0;0;0;0;0;0;0;5000;0;0;1000000;0;1;0;0;0;0;0;0;0;0;0;0;0;0;0;0;0;0;0;0;0;0;0;0;2.5748698711395264;1
149995;7.85107421875;7.46484375;22.46484375;0;14.61376953125;0;0;0;0;0;0;0;0;0;0;0;0;0;0;0;0;0;0;5000;0;0;1000000;0;1;0;0;0;0;0;0;0;0;0;0;0;0;0;0;0;0;0;0;0;0;0;0;2.5748698711395264;1
150096;7.85107421875;7.46484375;22.46484375;0;14.61376953125;0;0;0;0;0;0;0;0;0;0;0;0;0;0;0;0;0;0;5000;0;0;1000000;0;1;0;0;0;0;0;0;0;0;0;0;0;0;0;0;0;0;0;0;0;0;0;0;2.5748698711395264;1
150196;7.85107421875;7.46484375;22.46484375;0;14.61376953125;0;0;0;0;0;0;0;0;0;0;0;0;0;0;0;0;0;0;5000;0;0;1000000;0;1;0;0;0;0;0;0;0;0;0;0;0;0;0;0;0;0;0;0;0;0;0;0;2.5748698711395264;1
150296;7.85107421875;7.46484375;22.46484375;0;14.61376953125;0;0;0;0;0;0;0;0;0;0;0;0;0;0;0;0;0;0;5000;0;0;1000000;0;1;0;0;0;0;0;0;0;0;0;0;0;0;0;0;0;0;0;0;0;0;0;0;2.5748698711395264;1
150396;7.85107421875;7.46484375;22.46484375;0;14.61376953125;0;0;0;0;0;0;0;0;0;0;0;0;0;0;0;0;0;0;5000;0;0;1000000;0;1;0;0;0;0;0;0;0;0;0;0;0;0;0;0;0;0;0;0;0;0;0;0;2.5748698711395264;1
150497;7.85107421875;7.46484375;22.46484375;0;14.61376953125;0;0;0;0;0;0;0;0;0;0;0;0;0;0;0;0;0;0;5000;0;0;1000000;0;1;0;0;0;0;0;0;0;0;0;0;0;0;0;0;0;0;0;0;0;0;0;0;2.5748698711395264;1
150596;7.85107421875;7.46484375;22.46484375;0;14.61376953125;0;0;0;0;0;0;0;0;0;0;0;0;0;0;0;0;0;0;5000;0;0;1000000;0;1;0;0;0;0;0;0;0;0;0;0;0;0;0;0;0;0;0;0;0;0;0;0;2.5748698711395264;1
150696;7.85107421875;7.46484375;22.46484375;0;14.61376953125;0;0;0;0;0;0;0;0;0;0;0;0;0;0;0;0;0;0;5000;0;0;1000000;0;1;0;0;0;0;0;0;0;0;0;0;0;0;0;0;0;0;0;0.38623046875;0;0;0;0;2.5748698711395264;1
150796;7.85107421875;7.46484375;22.46484375;0;14.61376953125;0;0;0;0;0;0;0;0;0;0;0;0;0;0;0;0;0;0;5000;0;0;1000000;0;1;0;0;0;0;0;0;0;0;0;0;0;0;0;0;0;0;0;0.38623046875;0;0;0;0;2.5748698711395264;1
150898;7.85107421875;7.46484375;22.46484375;0;14.61376953125;0;0;0;0;0;0;0;0;0;0;0;0;0;0;0;0;0;0;5000;0;0;1000000;0;1;0;0;0;0;0;0;0;0;0;0;0;0;0;0;0;0;0;0.38623046875;0;0;0;0;2.5748698711395264;1
150998;7.85107421875;7.46484375;22.46484375;0;14.61376953125;0;0;0;0;0;0;0;0;0;0;0;0;0;0;0;0;0;0;5000;0;0;1000000;0;1;0;0;0;0;0;0;0;0;0;0;0;0;0;0;0;0;0;0.38623046875;0;0;0;0;2.5748698711395264;1
151099;7.85107421875;7.46484375;22.46484375;0;14.61376953125;0;0;0;0;0;0;0;0;0;0;0;0;0;0;0;0;0;0;5000;0;0;1000000;0;1;0;0;0;0;0;0;0;0;0;0;0;0;0;0;0;0;0;0.38623046875;0;0;0;0;2.5748698711395264;1
151201;7.85107421875;7.46484375;22.46484375;0;14.61376953125;0;0;0;0;0;0;0;0;0;0;0;0;0;0;0;0;0;0;5000;0;0;1000000;0;1;0;0;0;0;0;0;0;0;0;0;0;0;0;0;0;0;0;0.38623046875;0;0;0;0;2.5748698711395264;1
151301;7.85107421875;7.46484375;22.46484375;0;14.61376953125;0;0;0;0;0;0;0;0;0;0;0;0;0;0;0;0;0;0;5000;0;0;1000000;0;1;0;0;0;0;0;0;0;0;0;0;0;0;0;0;0;0;0;0.38623046875;0;0;0;0;2.5748698711395264;1
151402;7.85107421875;7.46484375;22.46484375;0;14.61376953125;0;0;0;0;0;0;0;0;0;0;0;0;0;0;0;0;0;0;5000;0;0;1000000;0;1;0;0;0;0;0;0;0;0;0;0;0;0;0;0;0;0;0;0.38623046875;0;0;0;0;2.5748698711395264;1
151503;7.85107421875;7.46484375;22.46484375;0;14.61376953125;0;0;0;0;0;0;0;0;0;0;0;0;0;0;0;0;0;0;5000;0;0;1000000;0;1;0;0;0;0;0;0;0;0;0;0;0;0;0;0;0;0;0;0.38623046875;0;0;0;0;2.5748698711395264;1
151604;7.85107421875;7.46484375;22.46484375;0;14.61376953125;0;0;0;0;0;0;0;0;0;0;0;0;0;0;0;0;0;0;5000;0;0;1000000;0;1;0;0;0;0;0;0;0;0;0;0;0;0;0;0;0;0;0;0.38623046875;0;0;0;0;2.5748698711395264;1
151705;7.85107421875;7.46484375;22.46484375;0;14.61376953125;0;0;0;0;0;0;0;0;0;0;0;0;0;0;0;0;0;0;5000;0;0;1000000;0;1;0;0;0;0;0;0;0;0;0;0;0;0;0;0;0;0;0;0.38623046875;0;0;0;0;2.5748698711395264;1
151805;7.85107421875;7.46484375;22.46484375;0;14.61376953125;0;0;0;0;0;0;0;0;0;0;0;0;0;0;0;0;0;0;5000;0;0;1000000;0;1;0;0;0;0;0;0;0;0;0;0;0;0;0;0;0;0;0;0.38623046875;0;0;0;0;2.5748698711395264;1
