nom,tier,nature,type,bloc,fichier,ligne,pou,nb_references,lignes_ecriture,premier_ecrit_true,reference_dans_bandeau,reference_dans_PRG_07,nom_cite_dans_agregation_anyfault,nom_cite_dans_gardes_bandeau,texte_cause_associe,trace_mecanique
Error,T1(brief),BOOL_INTERNE,BOOL,STRUCT,CODE/A_COMMUN/_TYPES/ST_Fault.st,19,,139,CODE/A_COMMUN/FB_FaultCore.st:57 ; CODE/B_AU_SECURITE/FB_Safety_EmergencyManagement.st:575 ; CODE/C_DIAG_RESEAUX/FB_Diag_CanOpen.st:52 ; CODE/C_DIAG_RESEAUX/FB_Diag_CanOpen.st:57 ; CODE/C_DIAG_RESEAUX/FB_Diag_CanOpen.st:128 ; CODE/C_DIAG_RESEAUX/FB_Diag_CanOpen.st:132,,,CODE/M_MAIN/PRG_07_Supervision.st:587 ; CODE/M_MAIN/PRG_07_Supervision.st:589 ; CODE/M_MAIN/PRG_07_Supervision.st:591 ; CODE/M_MAIN/PRG_07_Supervision.st:592,oui,oui,non,ecrit (jamais TRUE litteral) en CODE/A_COMMUN/FB_FaultCore.st:57
ErrorId,T1(brief),BITFIELD_OU_INDEX,WORD,STRUCT,CODE/A_COMMUN/_TYPES/ST_Fault.st,20,,165,CODE/A_COMMUN/FB_FaultCore.st:49 ; CODE/A_COMMUN/FB_FaultCore.st:53 ; CODE/B_AU_SECURITE/FB_Safety_EmergencyManagement.st:576 ; CODE/C_DIAG_RESEAUX/FB_Diag_CanOpen.st:53 ; CODE/C_DIAG_RESEAUX/FB_Diag_CanOpen.st:58 ; CODE/C_DIAG_RESEAUX/FB_Diag_CanOpen.st:81,,CODE/J_SUPERVISION/FB_Hmi_BannerFormatter.st:766 ; CODE/J_SUPERVISION/FB_Hmi_BannerFormatter.st:766 ; CODE/J_SUPERVISION/FB_Hmi_BannerFormatter.st:778 ; CODE/J_SUPERVISION/FB_Hmi_BannerFormatter.st:778,CODE/M_MAIN/PRG_07_Supervision.st:628 ; CODE/M_MAIN/PRG_07_Supervision.st:628 ; CODE/M_MAIN/PRG_07_Supervision.st:633 ; CODE/M_MAIN/PRG_07_Supervision.st:633,non,oui,non,ecrit (jamais TRUE litteral) en CODE/A_COMMUN/FB_FaultCore.st:49
Latched,T2(elargi),BOOL_INTERNE,BOOL,STRUCT,CODE/A_COMMUN/_TYPES/ST_Fault.st,21,,46,CODE/A_COMMUN/FB_FaultCore.st:80 ; CODE/M_MAIN/PRG_03_Modes_Cycle.st:445 ; CODE/M_MAIN/PRG_03_Modes_Cycle.st:519,,,CODE/M_MAIN/PRG_07_Supervision.st:590 ; CODE/M_MAIN/PRG_07_Supervision.st:659 ; CODE/M_MAIN/PRG_07_Supervision.st:660 ; CODE/M_MAIN/PRG_07_Supervision.st:882,oui,non,non,ecrit (jamais TRUE litteral) en CODE/A_COMMUN/FB_FaultCore.st:80
LatchedId,T2(elargi),BITFIELD_OU_INDEX,WORD,STRUCT,CODE/A_COMMUN/_TYPES/ST_Fault.st,22,,23,CODE/A_COMMUN/FB_FaultCore.st:74 ; CODE/A_COMMUN/FB_FaultCore.st:77 ; CODE/H_TREUILS_BENNE/FB_WinchStateProjection.st:238 ; CODE/H_TREUILS_BENNE/FB_WinchStateProjection.st:266 ; CODE/M_MAIN/PRG_05_Translation.st:741,,CODE/J_SUPERVISION/FB_Hmi_BannerFormatter.st:568 ; CODE/J_SUPERVISION/FB_Hmi_BannerFormatter.st:570 ; CODE/J_SUPERVISION/FB_Hmi_BannerFormatter.st:571 ; CODE/J_SUPERVISION/FB_Hmi_BannerFormatter.st:573,CODE/M_MAIN/PRG_07_Supervision.st:662 ; CODE/M_MAIN/PRG_07_Supervision.st:883,non,non,non,ecrit (jamais TRUE litteral) en CODE/A_COMMUN/FB_FaultCore.st:74
Error,T1(brief),BOOL_INTERNE,BOOL,STRUCT,CODE/A_COMMUN/_TYPES/ST_Status.st,21,,139,CODE/A_COMMUN/FB_FaultCore.st:57 ; CODE/B_AU_SECURITE/FB_Safety_EmergencyManagement.st:575 ; CODE/C_DIAG_RESEAUX/FB_Diag_CanOpen.st:52 ; CODE/C_DIAG_RESEAUX/FB_Diag_CanOpen.st:57 ; CODE/C_DIAG_RESEAUX/FB_Diag_CanOpen.st:128 ; CODE/C_DIAG_RESEAUX/FB_Diag_CanOpen.st:132,,,CODE/M_MAIN/PRG_07_Supervision.st:587 ; CODE/M_MAIN/PRG_07_Supervision.st:589 ; CODE/M_MAIN/PRG_07_Supervision.st:591 ; CODE/M_MAIN/PRG_07_Supervision.st:592,oui,oui,non,ecrit (jamais TRUE litteral) en CODE/A_COMMUN/FB_FaultCore.st:57
ErrorId,T1(brief),BITFIELD_OU_INDEX,WORD,STRUCT,CODE/A_COMMUN/_TYPES/ST_Status.st,22,,165,CODE/A_COMMUN/FB_FaultCore.st:49 ; CODE/A_COMMUN/FB_FaultCore.st:53 ; CODE/B_AU_SECURITE/FB_Safety_EmergencyManagement.st:576 ; CODE/C_DIAG_RESEAUX/FB_Diag_CanOpen.st:53 ; CODE/C_DIAG_RESEAUX/FB_Diag_CanOpen.st:58 ; CODE/C_DIAG_RESEAUX/FB_Diag_CanOpen.st:81,,CODE/J_SUPERVISION/FB_Hmi_BannerFormatter.st:766 ; CODE/J_SUPERVISION/FB_Hmi_BannerFormatter.st:766 ; CODE/J_SUPERVISION/FB_Hmi_BannerFormatter.st:778 ; CODE/J_SUPERVISION/FB_Hmi_BannerFormatter.st:778,CODE/M_MAIN/PRG_07_Supervision.st:628 ; CODE/M_MAIN/PRG_07_Supervision.st:628 ; CODE/M_MAIN/PRG_07_Supervision.st:633 ; CODE/M_MAIN/PRG_07_Supervision.st:633,non,oui,non,ecrit (jamais TRUE litteral) en CODE/A_COMMUN/FB_FaultCore.st:49
StateAtError,T1(brief),AUTRE,E_State,STRUCT,CODE/A_COMMUN/_TYPES/ST_Status.st,24,,10,CODE/C_DIAG_RESEAUX/FB_Diag_CanOpen.st:88 ; CODE/C_DIAG_RESEAUX/FB_Diag_CanOpen.st:137 ; CODE/C_DIAG_RESEAUX/FB_Diag_CanOpen.st:138 ; CODE/C_DIAG_RESEAUX/FB_Diag_Ethercat.st:116 ; CODE/C_DIAG_RESEAUX/FB_Diag_Ethercat.st:117 ; CODE/C_DIAG_RESEAUX/FB_Diag_Ethercat.st:118,,,,non,non,non,ecrit (jamais TRUE litteral) en CODE/C_DIAG_RESEAUX/FB_Diag_CanOpen.st:88
Warning,T1(brief),BOOL_INTERNE,BOOL,STRUCT,CODE/A_COMMUN/_TYPES/ST_Status.st,26,,1,,,,,non,non,non,seulement lu (CODE/A_COMMUN/_TYPES/ST_Status.st:26)
WarningId,T1(brief),BITFIELD_OU_INDEX,WORD,STRUCT,CODE/A_COMMUN/_TYPES/ST_Status.st,27,,1,,,,,non,non,non,seulement lu (CODE/A_COMMUN/_TYPES/ST_Status.st:27)
WarningIdTxt,T1(brief),TEXTE_LIBELLE,STRING,STRUCT,CODE/A_COMMUN/_TYPES/ST_Status.st,28,,1,,,,,non,non,non,seulement lu (CODE/A_COMMUN/_TYPES/ST_Status.st:28)
ErrorIdTxt,T1(brief),TEXTE_LIBELLE,STRING,STRUCT,CODE/A_COMMUN/_TYPES/ST_Status.st,29,,1,,,,,non,non,non,seulement lu (CODE/A_COMMUN/_TYPES/ST_Status.st:29)
PreflightErrorId,T1(brief),BITFIELD_OU_INDEX,WORD,VAR_OUTPUT,CODE/A_COMMUN/FB_Acquisition_Preflight.st,46,FB_Acquisition_Preflight,38,CODE/A_COMMUN/FB_Acquisition_Preflight.st:63 ; CODE/A_COMMUN/FB_Acquisition_Preflight.st:68 ; CODE/A_COMMUN/FB_Acquisition_Preflight.st:69 ; CODE/A_COMMUN/FB_Acquisition_Preflight.st:70 ; CODE/A_COMMUN/FB_Acquisition_Preflight.st:71 ; CODE/A_COMMUN/FB_Acquisition_Preflight.st:72,,,CODE/M_MAIN/PRG_07_Supervision.st:444 ; CODE/M_MAIN/PRG_07_Supervision.st:444,non,non,non,ecrit (jamais TRUE litteral) en CODE/A_COMMUN/FB_Acquisition_Preflight.st:63
PreflightErrorId,T1(brief),AUTRE,= 0,?,CODE/A_COMMUN/FB_Acquisition_Preflight.st,63,FB_Acquisition_Preflight,38,CODE/A_COMMUN/FB_Acquisition_Preflight.st:63 ; CODE/A_COMMUN/FB_Acquisition_Preflight.st:68 ; CODE/A_COMMUN/FB_Acquisition_Preflight.st:69 ; CODE/A_COMMUN/FB_Acquisition_Preflight.st:70 ; CODE/A_COMMUN/FB_Acquisition_Preflight.st:71 ; CODE/A_COMMUN/FB_Acquisition_Preflight.st:72,,,CODE/M_MAIN/PRG_07_Supervision.st:444 ; CODE/M_MAIN/PRG_07_Supervision.st:444,non,non,non,ecrit (jamais TRUE litteral) en CODE/A_COMMUN/FB_Acquisition_Preflight.st:63
Fault,T1(brief),BRIQUE_ST_FAULT,ST_Fault,VAR_OUTPUT,CODE/A_COMMUN/FB_Brake.st,30,FB_Brake,254,CODE/A_COMMUN/FB_Brake.st:85 ; CODE/A_COMMUN/FB_Brake.st:131 ; CODE/B_AU_SECURITE/FB_Safety_EmergencyManagement.st:502 ; CODE/D_JOYSTICK/FB_Joystick.st:148 ; CODE/E_CODEURS/FB_Encoder.st:110 ; CODE/E_CODEURS/FB_Encoder.st:235,,,CODE/M_MAIN/PRG_07_Supervision.st:583 ; CODE/M_MAIN/PRG_07_Supervision.st:588 ; CODE/M_MAIN/PRG_07_Supervision.st:627 ; CODE/M_MAIN/PRG_07_Supervision.st:628,oui,non,non,"brique ST_Fault : porteuse d'un bitfield, voir lignes de causes"
ContactorIncoherentError,T1(brief),BOOL_INTERNE,BOOL,VAR,CODE/A_COMMUN/FB_Brake.st,48,FB_Brake,3,CODE/A_COMMUN/FB_Brake.st:62 ; CODE/A_COMMUN/FB_Brake.st:119,CODE/A_COMMUN/FB_Brake.st:119,,,non,non,non,ecrit TRUE en CODE/A_COMMUN/FB_Brake.st:119
instFault,T1(brief),AUTRE,FB_FaultCore,VAR,CODE/A_COMMUN/FB_Brake.st,49,FB_Brake,63,,,,,non,non,non,seulement lu (CODE/A_COMMUN/FB_Brake.st:49)
ContactorIncoherentError,T1(brief),AUTRE,= FALSE,?,CODE/A_COMMUN/FB_Brake.st,62,FB_Brake,3,CODE/A_COMMUN/FB_Brake.st:62 ; CODE/A_COMMUN/FB_Brake.st:119,CODE/A_COMMUN/FB_Brake.st:119,,,non,non,non,ecrit TRUE en CODE/A_COMMUN/FB_Brake.st:119
Fault,T1(brief),AUTRE,= instFault.Fault,?,CODE/A_COMMUN/FB_Brake.st,85,FB_Brake,254,CODE/A_COMMUN/FB_Brake.st:85 ; CODE/A_COMMUN/FB_Brake.st:131 ; CODE/B_AU_SECURITE/FB_Safety_EmergencyManagement.st:502 ; CODE/D_JOYSTICK/FB_Joystick.st:148 ; CODE/E_CODEURS/FB_Encoder.st:110 ; CODE/E_CODEURS/FB_Encoder.st:235,,,CODE/M_MAIN/PRG_07_Supervision.st:583 ; CODE/M_MAIN/PRG_07_Supervision.st:588 ; CODE/M_MAIN/PRG_07_Supervision.st:627 ; CODE/M_MAIN/PRG_07_Supervision.st:628,oui,non,non,ecrit (jamais TRUE litteral) en CODE/A_COMMUN/FB_Brake.st:85
ContactorIncoherentError,T1(brief),AUTRE,= TRUE,?,CODE/A_COMMUN/FB_Brake.st,119,FB_Brake,3,CODE/A_COMMUN/FB_Brake.st:62 ; CODE/A_COMMUN/FB_Brake.st:119,CODE/A_COMMUN/FB_Brake.st:119,,,non,non,non,ecrit TRUE en CODE/A_COMMUN/FB_Brake.st:119
Fault,T1(brief),AUTRE,= instFault.Fault,?,CODE/A_COMMUN/FB_Brake.st,131,FB_Brake,254,CODE/A_COMMUN/FB_Brake.st:85 ; CODE/A_COMMUN/FB_Brake.st:131 ; CODE/B_AU_SECURITE/FB_Safety_EmergencyManagement.st:502 ; CODE/D_JOYSTICK/FB_Joystick.st:148 ; CODE/E_CODEURS/FB_Encoder.st:110 ; CODE/E_CODEURS/FB_Encoder.st:235,,,CODE/M_MAIN/PRG_07_Supervision.st:583 ; CODE/M_MAIN/PRG_07_Supervision.st:588 ; CODE/M_MAIN/PRG_07_Supervision.st:627 ; CODE/M_MAIN/PRG_07_Supervision.st:628,oui,non,non,ecrit (jamais TRUE litteral) en CODE/A_COMMUN/FB_Brake.st:85
ActivationLatched,T2(elargi),BOOL_INTERNE,BOOL,VAR,CODE/A_COMMUN/FB_ContactorProtector.st,26,FB_ContactorProtector,5,CODE/A_COMMUN/FB_ContactorProtector.st:34 ; CODE/A_COMMUN/FB_ContactorProtector.st:53 ; CODE/A_COMMUN/FB_ContactorProtector.st:56,CODE/A_COMMUN/FB_ContactorProtector.st:53,,,non,non,non,ecrit TRUE en CODE/A_COMMUN/FB_ContactorProtector.st:53
ActivationLatched,T2(elargi),AUTRE,= FALSE,?,CODE/A_COMMUN/FB_ContactorProtector.st,34,FB_ContactorProtector,5,CODE/A_COMMUN/FB_ContactorProtector.st:34 ; CODE/A_COMMUN/FB_ContactorProtector.st:53 ; CODE/A_COMMUN/FB_ContactorProtector.st:56,CODE/A_COMMUN/FB_ContactorProtector.st:53,,,non,non,non,ecrit TRUE en CODE/A_COMMUN/FB_ContactorProtector.st:53
ActivationLatched,T2(elargi),AUTRE,= TRUE,?,CODE/A_COMMUN/FB_ContactorProtector.st,53,FB_ContactorProtector,5,CODE/A_COMMUN/FB_ContactorProtector.st:34 ; CODE/A_COMMUN/FB_ContactorProtector.st:53 ; CODE/A_COMMUN/FB_ContactorProtector.st:56,CODE/A_COMMUN/FB_ContactorProtector.st:53,,,non,non,non,ecrit TRUE en CODE/A_COMMUN/FB_ContactorProtector.st:53
ActivationLatched,T2(elargi),AUTRE,= FALSE,?,CODE/A_COMMUN/FB_ContactorProtector.st,56,FB_ContactorProtector,5,CODE/A_COMMUN/FB_ContactorProtector.st:34 ; CODE/A_COMMUN/FB_ContactorProtector.st:53 ; CODE/A_COMMUN/FB_ContactorProtector.st:56,CODE/A_COMMUN/FB_ContactorProtector.st:53,,,non,non,non,ecrit TRUE en CODE/A_COMMUN/FB_ContactorProtector.st:53
DefaultValueS,T1(brief),AUTRE,REAL := 0.004,VAR_INPUT,CODE/A_COMMUN/FB_CycleTime.st,13,FB_CycleTime,6,CODE/H_TREUILS_BENNE/FB_Winch_Symmetry.st:75 ; CODE/I_TRANSLATION/FB_Translation_PositionEstimator.st:84 ; CODE/L_SIMULATION/FB_Sim_Translation.st:132,,,,non,non,non,ecrit (jamais TRUE litteral) en CODE/H_TREUILS_BENNE/FB_Winch_Symmetry.st:75
Fault,T1(brief),BRIQUE_ST_FAULT,ST_Fault,VAR_OUTPUT,CODE/A_COMMUN/FB_FaultCore.st,29,FB_FaultCore,254,CODE/A_COMMUN/FB_Brake.st:85 ; CODE/A_COMMUN/FB_Brake.st:131 ; CODE/B_AU_SECURITE/FB_Safety_EmergencyManagement.st:502 ; CODE/D_JOYSTICK/FB_Joystick.st:148 ; CODE/E_CODEURS/FB_Encoder.st:110 ; CODE/E_CODEURS/FB_Encoder.st:235,,,CODE/M_MAIN/PRG_07_Supervision.st:583 ; CODE/M_MAIN/PRG_07_Supervision.st:588 ; CODE/M_MAIN/PRG_07_Supervision.st:627 ; CODE/M_MAIN/PRG_07_Supervision.st:628,oui,non,non,"brique ST_Fault : porteuse d'un bitfield, voir lignes de causes"
Error,T1(brief),BOOL_INTERNE,BOOL,STRUCT,CODE/B_AU_SECURITE/_TYPES/ST_Safety_Emergency_Diag.st,11,,139,CODE/A_COMMUN/FB_FaultCore.st:57 ; CODE/B_AU_SECURITE/FB_Safety_EmergencyManagement.st:575 ; CODE/C_DIAG_RESEAUX/FB_Diag_CanOpen.st:52 ; CODE/C_DIAG_RESEAUX/FB_Diag_CanOpen.st:57 ; CODE/C_DIAG_RESEAUX/FB_Diag_CanOpen.st:128 ; CODE/C_DIAG_RESEAUX/FB_Diag_CanOpen.st:132,,,CODE/M_MAIN/PRG_07_Supervision.st:587 ; CODE/M_MAIN/PRG_07_Supervision.st:589 ; CODE/M_MAIN/PRG_07_Supervision.st:591 ; CODE/M_MAIN/PRG_07_Supervision.st:592,oui,oui,non,ecrit (jamais TRUE litteral) en CODE/A_COMMUN/FB_FaultCore.st:57
ErrorId,T1(brief),BITFIELD_OU_INDEX,WORD,STRUCT,CODE/B_AU_SECURITE/_TYPES/ST_Safety_Emergency_Diag.st,12,,165,CODE/A_COMMUN/FB_FaultCore.st:49 ; CODE/A_COMMUN/FB_FaultCore.st:53 ; CODE/B_AU_SECURITE/FB_Safety_EmergencyManagement.st:576 ; CODE/C_DIAG_RESEAUX/FB_Diag_CanOpen.st:53 ; CODE/C_DIAG_RESEAUX/FB_Diag_CanOpen.st:58 ; CODE/C_DIAG_RESEAUX/FB_Diag_CanOpen.st:81,,CODE/J_SUPERVISION/FB_Hmi_BannerFormatter.st:766 ; CODE/J_SUPERVISION/FB_Hmi_BannerFormatter.st:766 ; CODE/J_SUPERVISION/FB_Hmi_BannerFormatter.st:778 ; CODE/J_SUPERVISION/FB_Hmi_BannerFormatter.st:778,CODE/M_MAIN/PRG_07_Supervision.st:628 ; CODE/M_MAIN/PRG_07_Supervision.st:628 ; CODE/M_MAIN/PRG_07_Supervision.st:633 ; CODE/M_MAIN/PRG_07_Supervision.st:633,non,oui,non,ecrit (jamais TRUE litteral) en CODE/A_COMMUN/FB_FaultCore.st:49
Diag,T1(brief),BRIQUE_ST_FAULT,ST_Safety_Emergency_Diag,STRUCT,CODE/B_AU_SECURITE/_TYPES/ST_Safety_Emergency_Status.st,23,,40,CODE/M_MAIN/PRG_07_Supervision.st:578,,,CODE/M_MAIN/PRG_07_Supervision.st:578,oui,oui,non,"brique ST_Fault : porteuse d'un bitfield, voir lignes de causes"
Fault,T1(brief),BRIQUE_ST_FAULT,ST_Fault,STRUCT,CODE/B_AU_SECURITE/_TYPES/ST_Safety_Emergency_Status.st,26,,254,CODE/A_COMMUN/FB_Brake.st:85 ; CODE/A_COMMUN/FB_Brake.st:131 ; CODE/B_AU_SECURITE/FB_Safety_EmergencyManagement.st:502 ; CODE/D_JOYSTICK/FB_Joystick.st:148 ; CODE/E_CODEURS/FB_Encoder.st:110 ; CODE/E_CODEURS/FB_Encoder.st:235,,,CODE/M_MAIN/PRG_07_Supervision.st:583 ; CODE/M_MAIN/PRG_07_Supervision.st:588 ; CODE/M_MAIN/PRG_07_Supervision.st:627 ; CODE/M_MAIN/PRG_07_Supervision.st:628,oui,non,non,"brique ST_Fault : porteuse d'un bitfield, voir lignes de causes"
MaintainA_NoFault,T1(brief),BOOL_INTERNE,BOOL,VAR,CODE/B_AU_SECURITE/FB_Safety_EmergencyManagement.st,82,FB_Safety_EmergencyManagement,3,CODE/B_AU_SECURITE/FB_Safety_EmergencyManagement.st:532,,,,non,non,non,ecrit (jamais TRUE litteral) en CODE/B_AU_SECURITE/FB_Safety_EmergencyManagement.st:532
MaintainB_NoFault,T1(brief),BOOL_INTERNE,BOOL,VAR,CODE/B_AU_SECURITE/FB_Safety_EmergencyManagement.st,83,FB_Safety_EmergencyManagement,3,CODE/B_AU_SECURITE/FB_Safety_EmergencyManagement.st:533,,,,non,non,non,ecrit (jamais TRUE litteral) en CODE/B_AU_SECURITE/FB_Safety_EmergencyManagement.st:533
instFault,T1(brief),AUTRE,FB_FaultCore,VAR,CODE/B_AU_SECURITE/FB_Safety_EmergencyManagement.st,105,FB_Safety_EmergencyManagement,63,,,,,non,non,non,seulement lu (CODE/A_COMMUN/FB_Brake.st:49)
CST_FaultDisplayDebounce,T1(brief),AUTRE,TIME := T#200ms,VAR CONSTANT,CODE/B_AU_SECURITE/FB_Safety_EmergencyManagement.st,117,FB_Safety_EmergencyManagement,3,,,,,non,non,non,seulement lu (CODE/B_AU_SECURITE/FB_Safety_EmergencyManagement.st:117)
MaintainA_NoFault,T1(brief),AUTRE,= NOT ForceTestA AND NOT RedundancyTestFailedCause,?,CODE/B_AU_SECURITE/FB_Safety_EmergencyManagement.st,532,FB_Safety_EmergencyManagement,3,CODE/B_AU_SECURITE/FB_Safety_EmergencyManagement.st:532,,,,non,non,non,ecrit (jamais TRUE litteral) en CODE/B_AU_SECURITE/FB_Safety_EmergencyManagement.st:532
MaintainB_NoFault,T1(brief),AUTRE,= NOT ForceTestB AND NOT RedundancyTestFailedCause,?,CODE/B_AU_SECURITE/FB_Safety_EmergencyManagement.st,533,FB_Safety_EmergencyManagement,3,CODE/B_AU_SECURITE/FB_Safety_EmergencyManagement.st:533,,,,non,non,non,ecrit (jamais TRUE litteral) en CODE/B_AU_SECURITE/FB_Safety_EmergencyManagement.st:533
CST_ABORT_INVALID_STEP,T2(elargi),AUTRE,INT := 256,VAR_GLOBAL,CODE/B_AU_SECURITE/GVL_Safety_Emergency.st,38,,3,,,,,non,non,non,seulement lu (CODE/B_AU_SECURITE/FB_Safety_EmergencyManagement.st:435)
DiagnosticsStable,T1(brief),ENTREE_BOOL_CONSOMMATEUR,BOOL,VAR_INPUT,CODE/C_DIAG_RESEAUX/FB_AutoResetTransientDiag.st,20,FB_AutoResetTransientDiag,3,CODE/M_MAIN/PRG_02_Acquisition.st:239,,,,non,non,non,ecrit (jamais TRUE litteral) en CODE/M_MAIN/PRG_02_Acquisition.st:239
Error,T1(brief),BOOL_INTERNE,BOOL,STRUCT,CODE/C_DIAG_RESEAUX/ST_Diag_Device.st,11,,139,CODE/A_COMMUN/FB_FaultCore.st:57 ; CODE/B_AU_SECURITE/FB_Safety_EmergencyManagement.st:575 ; CODE/C_DIAG_RESEAUX/FB_Diag_CanOpen.st:52 ; CODE/C_DIAG_RESEAUX/FB_Diag_CanOpen.st:57 ; CODE/C_DIAG_RESEAUX/FB_Diag_CanOpen.st:128 ; CODE/C_DIAG_RESEAUX/FB_Diag_CanOpen.st:132,,,CODE/M_MAIN/PRG_07_Supervision.st:587 ; CODE/M_MAIN/PRG_07_Supervision.st:589 ; CODE/M_MAIN/PRG_07_Supervision.st:591 ; CODE/M_MAIN/PRG_07_Supervision.st:592,oui,oui,non,ecrit (jamais TRUE litteral) en CODE/A_COMMUN/FB_FaultCore.st:57
ErrorId,T1(brief),BITFIELD_OU_INDEX,WORD,STRUCT,CODE/C_DIAG_RESEAUX/ST_Diag_Device.st,12,,165,CODE/A_COMMUN/FB_FaultCore.st:49 ; CODE/A_COMMUN/FB_FaultCore.st:53 ; CODE/B_AU_SECURITE/FB_Safety_EmergencyManagement.st:576 ; CODE/C_DIAG_RESEAUX/FB_Diag_CanOpen.st:53 ; CODE/C_DIAG_RESEAUX/FB_Diag_CanOpen.st:58 ; CODE/C_DIAG_RESEAUX/FB_Diag_CanOpen.st:81,,CODE/J_SUPERVISION/FB_Hmi_BannerFormatter.st:766 ; CODE/J_SUPERVISION/FB_Hmi_BannerFormatter.st:766 ; CODE/J_SUPERVISION/FB_Hmi_BannerFormatter.st:778 ; CODE/J_SUPERVISION/FB_Hmi_BannerFormatter.st:778,CODE/M_MAIN/PRG_07_Supervision.st:628 ; CODE/M_MAIN/PRG_07_Supervision.st:628 ; CODE/M_MAIN/PRG_07_Supervision.st:633 ; CODE/M_MAIN/PRG_07_Supervision.st:633,non,oui,non,ecrit (jamais TRUE litteral) en CODE/A_COMMUN/FB_FaultCore.st:49
StateAtError,T1(brief),AUTRE,E_Diag_State,STRUCT,CODE/C_DIAG_RESEAUX/ST_Diag_Device.st,14,,10,CODE/C_DIAG_RESEAUX/FB_Diag_CanOpen.st:88 ; CODE/C_DIAG_RESEAUX/FB_Diag_CanOpen.st:137 ; CODE/C_DIAG_RESEAUX/FB_Diag_CanOpen.st:138 ; CODE/C_DIAG_RESEAUX/FB_Diag_Ethercat.st:116 ; CODE/C_DIAG_RESEAUX/FB_Diag_Ethercat.st:117 ; CODE/C_DIAG_RESEAUX/FB_Diag_Ethercat.st:118,,,,non,non,non,ecrit (jamais TRUE litteral) en CODE/C_DIAG_RESEAUX/FB_Diag_CanOpen.st:88
Fault,T1(brief),BRIQUE_ST_FAULT,ST_Fault,VAR_OUTPUT,CODE/D_JOYSTICK/FB_Joystick.st,46,FB_Joystick,254,CODE/A_COMMUN/FB_Brake.st:85 ; CODE/A_COMMUN/FB_Brake.st:131 ; CODE/B_AU_SECURITE/FB_Safety_EmergencyManagement.st:502 ; CODE/D_JOYSTICK/FB_Joystick.st:148 ; CODE/E_CODEURS/FB_Encoder.st:110 ; CODE/E_CODEURS/FB_Encoder.st:235,,,CODE/M_MAIN/PRG_07_Supervision.st:583 ; CODE/M_MAIN/PRG_07_Supervision.st:588 ; CODE/M_MAIN/PRG_07_Supervision.st:627 ; CODE/M_MAIN/PRG_07_Supervision.st:628,oui,non,non,"brique ST_Fault : porteuse d'un bitfield, voir lignes de causes"
instFault,T1(brief),AUTRE,FB_FaultCore,VAR,CODE/D_JOYSTICK/FB_Joystick.st,83,FB_Joystick,63,,,,,non,non,non,seulement lu (CODE/A_COMMUN/FB_Brake.st:49)
RawOutOfRange,T2(elargi),BOOL_INTERNE,BOOL,VAR,CODE/D_JOYSTICK/FB_Joystick.st,101,FB_Joystick,8,CODE/D_JOYSTICK/FB_Joystick.st:112,,,,non,non,non,ecrit (jamais TRUE litteral) en CODE/D_JOYSTICK/FB_Joystick.st:112
Fault,T1(brief),AUTRE,= instFault.Fault,?,CODE/D_JOYSTICK/FB_Joystick.st,148,FB_Joystick,254,CODE/A_COMMUN/FB_Brake.st:85 ; CODE/A_COMMUN/FB_Brake.st:131 ; CODE/B_AU_SECURITE/FB_Safety_EmergencyManagement.st:502 ; CODE/D_JOYSTICK/FB_Joystick.st:148 ; CODE/E_CODEURS/FB_Encoder.st:110 ; CODE/E_CODEURS/FB_Encoder.st:235,,,CODE/M_MAIN/PRG_07_Supervision.st:583 ; CODE/M_MAIN/PRG_07_Supervision.st:588 ; CODE/M_MAIN/PRG_07_Supervision.st:627 ; CODE/M_MAIN/PRG_07_Supervision.st:628,oui,non,non,ecrit (jamais TRUE litteral) en CODE/A_COMMUN/FB_Brake.st:85
RawOutOfRangeMargin,T2(elargi),AUTRE,INT  := 500,STRUCT,CODE/D_JOYSTICK/ST_fbJoystick_Cfg.st,18,,5,,,,,non,non,non,seulement lu (CODE/D_JOYSTICK/FB_Joystick.st:112)
AlarmsIn,T1(brief),AUTRE,UINT,STRUCT,CODE/E_CODEURS/_TYPES/ST_EncoderHw.st,13,,8,CODE/E_CODEURS/FB_Encoder.st:121 ; CODE/M_MAIN/PRG_02_Acquisition.st:598 ; CODE/M_MAIN/PRG_02_Acquisition.st:653,,,,non,non,non,ecrit (jamais TRUE litteral) en CODE/E_CODEURS/FB_Encoder.st:121
WarningsIn,T1(brief),AUTRE,UINT,STRUCT,CODE/E_CODEURS/_TYPES/ST_EncoderHw.st,14,,7,CODE/E_CODEURS/FB_Encoder.st:122 ; CODE/M_MAIN/PRG_02_Acquisition.st:599 ; CODE/M_MAIN/PRG_02_Acquisition.st:654,,,,non,non,non,ecrit (jamais TRUE litteral) en CODE/E_CODEURS/FB_Encoder.st:122
AlarmsIn,T1(brief),AUTRE,UINT,STRUCT,CODE/E_CODEURS/_TYPES/ST_fbEncoder_HwIn.st,18,,8,CODE/E_CODEURS/FB_Encoder.st:121 ; CODE/M_MAIN/PRG_02_Acquisition.st:598 ; CODE/M_MAIN/PRG_02_Acquisition.st:653,,,,non,non,non,ecrit (jamais TRUE litteral) en CODE/E_CODEURS/FB_Encoder.st:121
WarningsIn,T1(brief),AUTRE,UINT,STRUCT,CODE/E_CODEURS/_TYPES/ST_fbEncoder_HwIn.st,19,,7,CODE/E_CODEURS/FB_Encoder.st:122 ; CODE/M_MAIN/PRG_02_Acquisition.st:599 ; CODE/M_MAIN/PRG_02_Acquisition.st:654,,,,non,non,non,ecrit (jamais TRUE litteral) en CODE/E_CODEURS/FB_Encoder.st:122
HomingFault,T1(brief),BRIQUE_ST_FAULT,ST_Fault,STRUCT,CODE/E_CODEURS/_TYPES/ST_fbEncoder_Measurement.st,26,,10,CODE/E_CODEURS/FB_Encoder.st:202,,,,non,non,non,"brique ST_Fault : porteuse d'un bitfield, voir lignes de causes"
AbsFault,T1(brief),BRIQUE_ST_FAULT,ST_Fault,STRUCT,CODE/E_CODEURS/_TYPES/ST_fbEncoder_Measurement.st,28,,8,CODE/E_CODEURS/FB_Encoder.st:204,,,,non,non,non,"brique ST_Fault : porteuse d'un bitfield, voir lignes de causes"
Fault,T1(brief),BRIQUE_ST_FAULT,ST_Fault,VAR_OUTPUT,CODE/E_CODEURS/FB_Encoder.st,54,FB_Encoder,254,CODE/A_COMMUN/FB_Brake.st:85 ; CODE/A_COMMUN/FB_Brake.st:131 ; CODE/B_AU_SECURITE/FB_Safety_EmergencyManagement.st:502 ; CODE/D_JOYSTICK/FB_Joystick.st:148 ; CODE/E_CODEURS/FB_Encoder.st:110 ; CODE/E_CODEURS/FB_Encoder.st:235,,,CODE/M_MAIN/PRG_07_Supervision.st:583 ; CODE/M_MAIN/PRG_07_Supervision.st:588 ; CODE/M_MAIN/PRG_07_Supervision.st:627 ; CODE/M_MAIN/PRG_07_Supervision.st:628,oui,non,non,"brique ST_Fault : porteuse d'un bitfield, voir lignes de causes"
EncoderFault,T1(brief),SORTIE_BOOL_PRODUCTEUR,BOOL,VAR_OUTPUT,CODE/E_CODEURS/FB_Encoder.st,65,FB_Encoder,16,CODE/E_CODEURS/FB_Encoder.st:94 ; CODE/E_CODEURS/FB_Encoder.st:215 ; CODE/E_CODEURS/FB_EncoderReliability.st:30 ; CODE/M_MAIN/PRG_02_Acquisition.st:639 ; CODE/M_MAIN/PRG_02_Acquisition.st:694,CODE/E_CODEURS/FB_Encoder.st:94,,,non,non,non,ecrit TRUE en CODE/E_CODEURS/FB_Encoder.st:94
instFault,T1(brief),AUTRE,FB_FaultCore,VAR,CODE/E_CODEURS/FB_Encoder.st,77,FB_Encoder,63,,,,,non,non,non,seulement lu (CODE/A_COMMUN/FB_Brake.st:49)
EncoderFault,T1(brief),AUTRE,= TRUE,?,CODE/E_CODEURS/FB_Encoder.st,94,FB_Encoder,16,CODE/E_CODEURS/FB_Encoder.st:94 ; CODE/E_CODEURS/FB_Encoder.st:215 ; CODE/E_CODEURS/FB_EncoderReliability.st:30 ; CODE/M_MAIN/PRG_02_Acquisition.st:639 ; CODE/M_MAIN/PRG_02_Acquisition.st:694,CODE/E_CODEURS/FB_Encoder.st:94,,,non,non,non,ecrit TRUE en CODE/E_CODEURS/FB_Encoder.st:94
Fault,T1(brief),AUTRE,= instFault.Fault,?,CODE/E_CODEURS/FB_Encoder.st,110,FB_Encoder,254,CODE/A_COMMUN/FB_Brake.st:85 ; CODE/A_COMMUN/FB_Brake.st:131 ; CODE/B_AU_SECURITE/FB_Safety_EmergencyManagement.st:502 ; CODE/D_JOYSTICK/FB_Joystick.st:148 ; CODE/E_CODEURS/FB_Encoder.st:110 ; CODE/E_CODEURS/FB_Encoder.st:235,,,CODE/M_MAIN/PRG_07_Supervision.st:583 ; CODE/M_MAIN/PRG_07_Supervision.st:588 ; CODE/M_MAIN/PRG_07_Supervision.st:627 ; CODE/M_MAIN/PRG_07_Supervision.st:628,oui,non,non,ecrit (jamais TRUE litteral) en CODE/A_COMMUN/FB_Brake.st:85
EncoderFault,T1(brief),AUTRE,= instRel.EncoderFault,?,CODE/E_CODEURS/FB_Encoder.st,215,FB_Encoder,16,CODE/E_CODEURS/FB_Encoder.st:94 ; CODE/E_CODEURS/FB_Encoder.st:215 ; CODE/E_CODEURS/FB_EncoderReliability.st:30 ; CODE/M_MAIN/PRG_02_Acquisition.st:639 ; CODE/M_MAIN/PRG_02_Acquisition.st:694,CODE/E_CODEURS/FB_Encoder.st:94,,,non,non,non,ecrit TRUE en CODE/E_CODEURS/FB_Encoder.st:94
Fault,T1(brief),AUTRE,= instFault.Fault,?,CODE/E_CODEURS/FB_Encoder.st,235,FB_Encoder,254,CODE/A_COMMUN/FB_Brake.st:85 ; CODE/A_COMMUN/FB_Brake.st:131 ; CODE/B_AU_SECURITE/FB_Safety_EmergencyManagement.st:502 ; CODE/D_JOYSTICK/FB_Joystick.st:148 ; CODE/E_CODEURS/FB_Encoder.st:110 ; CODE/E_CODEURS/FB_Encoder.st:235,,,CODE/M_MAIN/PRG_07_Supervision.st:583 ; CODE/M_MAIN/PRG_07_Supervision.st:588 ; CODE/M_MAIN/PRG_07_Supervision.st:627 ; CODE/M_MAIN/PRG_07_Supervision.st:628,oui,non,non,ecrit (jamais TRUE litteral) en CODE/A_COMMUN/FB_Brake.st:85
AlarmsIn,T1(brief),AUTRE,UINT,VAR_INPUT,CODE/E_CODEURS/FB_Encoder_Abs.st,21,FB_Encoder_Abs,8,CODE/E_CODEURS/FB_Encoder.st:121 ; CODE/M_MAIN/PRG_02_Acquisition.st:598 ; CODE/M_MAIN/PRG_02_Acquisition.st:653,,,,non,non,non,ecrit (jamais TRUE litteral) en CODE/E_CODEURS/FB_Encoder.st:121
WarningsIn,T1(brief),AUTRE,UINT,VAR_INPUT,CODE/E_CODEURS/FB_Encoder_Abs.st,22,FB_Encoder_Abs,7,CODE/E_CODEURS/FB_Encoder.st:122 ; CODE/M_MAIN/PRG_02_Acquisition.st:599 ; CODE/M_MAIN/PRG_02_Acquisition.st:654,,,,non,non,non,ecrit (jamais TRUE litteral) en CODE/E_CODEURS/FB_Encoder.st:122
Fault,T1(brief),BRIQUE_ST_FAULT,ST_Fault,VAR_OUTPUT,CODE/E_CODEURS/FB_Encoder_Abs.st,35,FB_Encoder_Abs,254,CODE/A_COMMUN/FB_Brake.st:85 ; CODE/A_COMMUN/FB_Brake.st:131 ; CODE/B_AU_SECURITE/FB_Safety_EmergencyManagement.st:502 ; CODE/D_JOYSTICK/FB_Joystick.st:148 ; CODE/E_CODEURS/FB_Encoder.st:110 ; CODE/E_CODEURS/FB_Encoder.st:235,,,CODE/M_MAIN/PRG_07_Supervision.st:583 ; CODE/M_MAIN/PRG_07_Supervision.st:588 ; CODE/M_MAIN/PRG_07_Supervision.st:627 ; CODE/M_MAIN/PRG_07_Supervision.st:628,oui,non,non,"brique ST_Fault : porteuse d'un bitfield, voir lignes de causes"
PresetTimeoutError,T1(brief),BOOL_INTERNE,BOOL,VAR,CODE/E_CODEURS/FB_Encoder_Abs.st,61,FB_Encoder_Abs,4,CODE/E_CODEURS/FB_Encoder_Abs.st:81 ; CODE/E_CODEURS/FB_Encoder_Abs.st:153,CODE/E_CODEURS/FB_Encoder_Abs.st:153,,,non,non,non,ecrit TRUE en CODE/E_CODEURS/FB_Encoder_Abs.st:153
instFault,T1(brief),AUTRE,FB_FaultCore,VAR,CODE/E_CODEURS/FB_Encoder_Abs.st,64,FB_Encoder_Abs,63,,,,,non,non,non,seulement lu (CODE/A_COMMUN/FB_Brake.st:49)
PresetTimeoutError,T1(brief),AUTRE,= FALSE,?,CODE/E_CODEURS/FB_Encoder_Abs.st,81,FB_Encoder_Abs,4,CODE/E_CODEURS/FB_Encoder_Abs.st:81 ; CODE/E_CODEURS/FB_Encoder_Abs.st:153,CODE/E_CODEURS/FB_Encoder_Abs.st:153,,,non,non,non,ecrit TRUE en CODE/E_CODEURS/FB_Encoder_Abs.st:153
Fault,T1(brief),AUTRE,= instFault.Fault,?,CODE/E_CODEURS/FB_Encoder_Abs.st,89,FB_Encoder_Abs,254,CODE/A_COMMUN/FB_Brake.st:85 ; CODE/A_COMMUN/FB_Brake.st:131 ; CODE/B_AU_SECURITE/FB_Safety_EmergencyManagement.st:502 ; CODE/D_JOYSTICK/FB_Joystick.st:148 ; CODE/E_CODEURS/FB_Encoder.st:110 ; CODE/E_CODEURS/FB_Encoder.st:235,,,CODE/M_MAIN/PRG_07_Supervision.st:583 ; CODE/M_MAIN/PRG_07_Supervision.st:588 ; CODE/M_MAIN/PRG_07_Supervision.st:627 ; CODE/M_MAIN/PRG_07_Supervision.st:628,oui,non,non,ecrit (jamais TRUE litteral) en CODE/A_COMMUN/FB_Brake.st:85
PresetTimeoutError,T1(brief),AUTRE,= TRUE,?,CODE/E_CODEURS/FB_Encoder_Abs.st,153,FB_Encoder_Abs,4,CODE/E_CODEURS/FB_Encoder_Abs.st:81 ; CODE/E_CODEURS/FB_Encoder_Abs.st:153,CODE/E_CODEURS/FB_Encoder_Abs.st:153,,,non,non,non,ecrit TRUE en CODE/E_CODEURS/FB_Encoder_Abs.st:153
Fault,T1(brief),BRIQUE_ST_FAULT,ST_Fault,VAR_OUTPUT,CODE/E_CODEURS/FB_Encoder_Homing.st,49,FB_Encoder_Homing,254,CODE/A_COMMUN/FB_Brake.st:85 ; CODE/A_COMMUN/FB_Brake.st:131 ; CODE/B_AU_SECURITE/FB_Safety_EmergencyManagement.st:502 ; CODE/D_JOYSTICK/FB_Joystick.st:148 ; CODE/E_CODEURS/FB_Encoder.st:110 ; CODE/E_CODEURS/FB_Encoder.st:235,,,CODE/M_MAIN/PRG_07_Supervision.st:583 ; CODE/M_MAIN/PRG_07_Supervision.st:588 ; CODE/M_MAIN/PRG_07_Supervision.st:627 ; CODE/M_MAIN/PRG_07_Supervision.st:628,oui,non,non,"brique ST_Fault : porteuse d'un bitfield, voir lignes de causes"
HomingModeError,T1(brief),BOOL_INTERNE,BOOL,VAR,CODE/E_CODEURS/FB_Encoder_Homing.st,86,FB_Encoder_Homing,4,CODE/E_CODEURS/FB_Encoder_Homing.st:124 ; CODE/E_CODEURS/FB_Encoder_Homing.st:203,CODE/E_CODEURS/FB_Encoder_Homing.st:203,,,non,non,non,ecrit TRUE en CODE/E_CODEURS/FB_Encoder_Homing.st:203
TargetOutOfRangeError,T1(brief),BOOL_INTERNE,BOOL,VAR,CODE/E_CODEURS/FB_Encoder_Homing.st,87,FB_Encoder_Homing,4,CODE/E_CODEURS/FB_Encoder_Homing.st:125 ; CODE/E_CODEURS/FB_Encoder_Homing.st:227,CODE/E_CODEURS/FB_Encoder_Homing.st:227,,,non,non,non,ecrit TRUE en CODE/E_CODEURS/FB_Encoder_Homing.st:227
PresetFailError,T1(brief),BOOL_INTERNE,BOOL,VAR,CODE/E_CODEURS/FB_Encoder_Homing.st,88,FB_Encoder_Homing,5,CODE/E_CODEURS/FB_Encoder_Homing.st:126 ; CODE/E_CODEURS/FB_Encoder_Homing.st:269 ; CODE/E_CODEURS/FB_Encoder_Homing.st:274,CODE/E_CODEURS/FB_Encoder_Homing.st:274,,,non,non,non,ecrit TRUE en CODE/E_CODEURS/FB_Encoder_Homing.st:274
BootIncoherentError,T1(brief),BOOL_INTERNE,BOOL,VAR,CODE/E_CODEURS/FB_Encoder_Homing.st,89,FB_Encoder_Homing,4,CODE/E_CODEURS/FB_Encoder_Homing.st:132 ; CODE/E_CODEURS/FB_Encoder_Homing.st:186,CODE/E_CODEURS/FB_Encoder_Homing.st:186,,,non,non,non,ecrit TRUE en CODE/E_CODEURS/FB_Encoder_Homing.st:186
instFault,T1(brief),AUTRE,FB_FaultCore,VAR,CODE/E_CODEURS/FB_Encoder_Homing.st,103,FB_Encoder_Homing,63,,,,,non,non,non,seulement lu (CODE/A_COMMUN/FB_Brake.st:49)
HomingModeError,T1(brief),AUTRE,= FALSE,?,CODE/E_CODEURS/FB_Encoder_Homing.st,124,FB_Encoder_Homing,4,CODE/E_CODEURS/FB_Encoder_Homing.st:124 ; CODE/E_CODEURS/FB_Encoder_Homing.st:203,CODE/E_CODEURS/FB_Encoder_Homing.st:203,,,non,non,non,ecrit TRUE en CODE/E_CODEURS/FB_Encoder_Homing.st:203
TargetOutOfRangeError,T1(brief),AUTRE,= FALSE,?,CODE/E_CODEURS/FB_Encoder_Homing.st,125,FB_Encoder_Homing,4,CODE/E_CODEURS/FB_Encoder_Homing.st:125 ; CODE/E_CODEURS/FB_Encoder_Homing.st:227,CODE/E_CODEURS/FB_Encoder_Homing.st:227,,,non,non,non,ecrit TRUE en CODE/E_CODEURS/FB_Encoder_Homing.st:227
PresetFailError,T1(brief),AUTRE,= FALSE,?,CODE/E_CODEURS/FB_Encoder_Homing.st,126,FB_Encoder_Homing,5,CODE/E_CODEURS/FB_Encoder_Homing.st:126 ; CODE/E_CODEURS/FB_Encoder_Homing.st:269 ; CODE/E_CODEURS/FB_Encoder_Homing.st:274,CODE/E_CODEURS/FB_Encoder_Homing.st:274,,,non,non,non,ecrit TRUE en CODE/E_CODEURS/FB_Encoder_Homing.st:274
BootIncoherentError,T1(brief),AUTRE,= FALSE,?,CODE/E_CODEURS/FB_Encoder_Homing.st,132,FB_Encoder_Homing,4,CODE/E_CODEURS/FB_Encoder_Homing.st:132 ; CODE/E_CODEURS/FB_Encoder_Homing.st:186,CODE/E_CODEURS/FB_Encoder_Homing.st:186,,,non,non,non,ecrit TRUE en CODE/E_CODEURS/FB_Encoder_Homing.st:186
Fault,T1(brief),AUTRE,= instFault.Fault,?,CODE/E_CODEURS/FB_Encoder_Homing.st,154,FB_Encoder_Homing,254,CODE/A_COMMUN/FB_Brake.st:85 ; CODE/A_COMMUN/FB_Brake.st:131 ; CODE/B_AU_SECURITE/FB_Safety_EmergencyManagement.st:502 ; CODE/D_JOYSTICK/FB_Joystick.st:148 ; CODE/E_CODEURS/FB_Encoder.st:110 ; CODE/E_CODEURS/FB_Encoder.st:235,,,CODE/M_MAIN/PRG_07_Supervision.st:583 ; CODE/M_MAIN/PRG_07_Supervision.st:588 ; CODE/M_MAIN/PRG_07_Supervision.st:627 ; CODE/M_MAIN/PRG_07_Supervision.st:628,oui,non,non,ecrit (jamais TRUE litteral) en CODE/A_COMMUN/FB_Brake.st:85
BootIncoherentError,T1(brief),AUTRE,= TRUE,?,CODE/E_CODEURS/FB_Encoder_Homing.st,186,FB_Encoder_Homing,4,CODE/E_CODEURS/FB_Encoder_Homing.st:132 ; CODE/E_CODEURS/FB_Encoder_Homing.st:186,CODE/E_CODEURS/FB_Encoder_Homing.st:186,,,non,non,non,ecrit TRUE en CODE/E_CODEURS/FB_Encoder_Homing.st:186
HomingModeError,T1(brief),AUTRE,= TRUE,?,CODE/E_CODEURS/FB_Encoder_Homing.st,203,FB_Encoder_Homing,4,CODE/E_CODEURS/FB_Encoder_Homing.st:124 ; CODE/E_CODEURS/FB_Encoder_Homing.st:203,CODE/E_CODEURS/FB_Encoder_Homing.st:203,,,non,non,non,ecrit TRUE en CODE/E_CODEURS/FB_Encoder_Homing.st:203
TargetOutOfRangeError,T1(brief),AUTRE,= TRUE,?,CODE/E_CODEURS/FB_Encoder_Homing.st,227,FB_Encoder_Homing,4,CODE/E_CODEURS/FB_Encoder_Homing.st:125 ; CODE/E_CODEURS/FB_Encoder_Homing.st:227,CODE/E_CODEURS/FB_Encoder_Homing.st:227,,,non,non,non,ecrit TRUE en CODE/E_CODEURS/FB_Encoder_Homing.st:227
PresetFailError,T1(brief),AUTRE,= FALSE,?,CODE/E_CODEURS/FB_Encoder_Homing.st,269,FB_Encoder_Homing,5,CODE/E_CODEURS/FB_Encoder_Homing.st:126 ; CODE/E_CODEURS/FB_Encoder_Homing.st:269 ; CODE/E_CODEURS/FB_Encoder_Homing.st:274,CODE/E_CODEURS/FB_Encoder_Homing.st:274,,,non,non,non,ecrit TRUE en CODE/E_CODEURS/FB_Encoder_Homing.st:274
PresetFailError,T1(brief),AUTRE,= TRUE,?,CODE/E_CODEURS/FB_Encoder_Homing.st,274,FB_Encoder_Homing,5,CODE/E_CODEURS/FB_Encoder_Homing.st:126 ; CODE/E_CODEURS/FB_Encoder_Homing.st:269 ; CODE/E_CODEURS/FB_Encoder_Homing.st:274,CODE/E_CODEURS/FB_Encoder_Homing.st:274,,,non,non,non,ecrit TRUE en CODE/E_CODEURS/FB_Encoder_Homing.st:274
Fault,T1(brief),BRIQUE_ST_FAULT,ST_Fault,VAR_OUTPUT,CODE/E_CODEURS/FB_Encoder_Safety.st,31,FB_Encoder_Safety,254,CODE/A_COMMUN/FB_Brake.st:85 ; CODE/A_COMMUN/FB_Brake.st:131 ; CODE/B_AU_SECURITE/FB_Safety_EmergencyManagement.st:502 ; CODE/D_JOYSTICK/FB_Joystick.st:148 ; CODE/E_CODEURS/FB_Encoder.st:110 ; CODE/E_CODEURS/FB_Encoder.st:235,,,CODE/M_MAIN/PRG_07_Supervision.st:583 ; CODE/M_MAIN/PRG_07_Supervision.st:588 ; CODE/M_MAIN/PRG_07_Supervision.st:627 ; CODE/M_MAIN/PRG_07_Supervision.st:628,oui,non,non,"brique ST_Fault : porteuse d'un bitfield, voir lignes de causes"
instFault,T1(brief),AUTRE,FB_FaultCore,VAR,CODE/E_CODEURS/FB_Encoder_Safety.st,42,FB_Encoder_Safety,63,,,,,non,non,non,seulement lu (CODE/A_COMMUN/FB_Brake.st:49)
Fault,T1(brief),AUTRE,= instFault.Fault,?,CODE/E_CODEURS/FB_Encoder_Safety.st,63,FB_Encoder_Safety,254,CODE/A_COMMUN/FB_Brake.st:85 ; CODE/A_COMMUN/FB_Brake.st:131 ; CODE/B_AU_SECURITE/FB_Safety_EmergencyManagement.st:502 ; CODE/D_JOYSTICK/FB_Joystick.st:148 ; CODE/E_CODEURS/FB_Encoder.st:110 ; CODE/E_CODEURS/FB_Encoder.st:235,,,CODE/M_MAIN/PRG_07_Supervision.st:583 ; CODE/M_MAIN/PRG_07_Supervision.st:588 ; CODE/M_MAIN/PRG_07_Supervision.st:627 ; CODE/M_MAIN/PRG_07_Supervision.st:628,oui,non,non,ecrit (jamais TRUE litteral) en CODE/A_COMMUN/FB_Brake.st:85
EncoderFault,T1(brief),SORTIE_BOOL_PRODUCTEUR,BOOL,VAR_OUTPUT,CODE/E_CODEURS/FB_EncoderReliability.st,24,FB_EncoderReliability,16,CODE/E_CODEURS/FB_Encoder.st:94 ; CODE/E_CODEURS/FB_Encoder.st:215 ; CODE/E_CODEURS/FB_EncoderReliability.st:30 ; CODE/M_MAIN/PRG_02_Acquisition.st:639 ; CODE/M_MAIN/PRG_02_Acquisition.st:694,CODE/E_CODEURS/FB_Encoder.st:94,,,non,non,non,ecrit TRUE en CODE/E_CODEURS/FB_Encoder.st:94
EncoderFaultPresent,T1(brief),ENTREE_BOOL_CONSOMMATEUR,BOOL,VAR_INPUT,CODE/F_MODES/FB_Modes.st,46,FB_Modes,8,CODE/M_MAIN/PRG_03_Modes_Cycle.st:95 ; CODE/M_MAIN/PRG_03_Modes_Cycle.st:194,,,,non,non,non,ecrit (jamais TRUE litteral) en CODE/M_MAIN/PRG_03_Modes_Cycle.st:95
Fault,T1(brief),BRIQUE_ST_FAULT,ST_Fault,VAR_OUTPUT,CODE/F_MODES/FB_Modes.st,78,FB_Modes,254,CODE/A_COMMUN/FB_Brake.st:85 ; CODE/A_COMMUN/FB_Brake.st:131 ; CODE/B_AU_SECURITE/FB_Safety_EmergencyManagement.st:502 ; CODE/D_JOYSTICK/FB_Joystick.st:148 ; CODE/E_CODEURS/FB_Encoder.st:110 ; CODE/E_CODEURS/FB_Encoder.st:235,,,CODE/M_MAIN/PRG_07_Supervision.st:583 ; CODE/M_MAIN/PRG_07_Supervision.st:588 ; CODE/M_MAIN/PRG_07_Supervision.st:627 ; CODE/M_MAIN/PRG_07_Supervision.st:628,oui,non,non,"brique ST_Fault : porteuse d'un bitfield, voir lignes de causes"
instFault,T1(brief),AUTRE,FB_FaultCore,VAR,CODE/F_MODES/FB_Modes.st,87,FB_Modes,63,,,,,non,non,non,seulement lu (CODE/A_COMMUN/FB_Brake.st:49)
SemiAutoCycleNotReadyFault,T1(brief),BOOL_INTERNE,BOOL,VAR,CODE/F_MODES/FB_Modes.st,100,FB_Modes,3,CODE/F_MODES/FB_Modes.st:159,,,,non,non,non,ecrit (jamais TRUE litteral) en CODE/F_MODES/FB_Modes.st:159
Fault,T1(brief),AUTRE,= instFault.Fault,?,CODE/F_MODES/FB_Modes.st,185,FB_Modes,254,CODE/A_COMMUN/FB_Brake.st:85 ; CODE/A_COMMUN/FB_Brake.st:131 ; CODE/B_AU_SECURITE/FB_Safety_EmergencyManagement.st:502 ; CODE/D_JOYSTICK/FB_Joystick.st:148 ; CODE/E_CODEURS/FB_Encoder.st:110 ; CODE/E_CODEURS/FB_Encoder.st:235,,,CODE/M_MAIN/PRG_07_Supervision.st:583 ; CODE/M_MAIN/PRG_07_Supervision.st:588 ; CODE/M_MAIN/PRG_07_Supervision.st:627 ; CODE/M_MAIN/PRG_07_Supervision.st:628,oui,non,non,ecrit (jamais TRUE litteral) en CODE/A_COMMUN/FB_Brake.st:85
ModeChangeBlockReason,T2(elargi),AUTRE,= 'Chgt mode refuse : contacteur M1',?,CODE/F_MODES/FB_Modes.st,272,FB_Modes,23,CODE/F_MODES/FB_Modes.st:207 ; CODE/F_MODES/FB_Modes.st:258 ; CODE/F_MODES/FB_Modes.st:260 ; CODE/F_MODES/FB_Modes.st:272 ; CODE/F_MODES/FB_Modes.st:274 ; CODE/F_MODES/FB_Modes.st:276,,CODE/J_SUPERVISION/FB_Hmi_BannerFormatter.st:38 ; CODE/J_SUPERVISION/FB_Hmi_BannerFormatter.st:368 ; CODE/J_SUPERVISION/FB_Hmi_BannerFormatter.st:370,CODE/M_MAIN/PRG_07_Supervision.st:600 ; CODE/M_MAIN/PRG_07_Supervision.st:600 ; CODE/M_MAIN/PRG_07_Supervision.st:742 ; CODE/M_MAIN/PRG_07_Supervision.st:742,non,non,non,ecrit (jamais TRUE litteral) en CODE/F_MODES/FB_Modes.st:207
ModeChangeBlockReason,T2(elargi),AUTRE,= 'Chgt mode refuse : frein M1',?,CODE/F_MODES/FB_Modes.st,274,FB_Modes,23,CODE/F_MODES/FB_Modes.st:207 ; CODE/F_MODES/FB_Modes.st:258 ; CODE/F_MODES/FB_Modes.st:260 ; CODE/F_MODES/FB_Modes.st:272 ; CODE/F_MODES/FB_Modes.st:274 ; CODE/F_MODES/FB_Modes.st:276,,CODE/J_SUPERVISION/FB_Hmi_BannerFormatter.st:38 ; CODE/J_SUPERVISION/FB_Hmi_BannerFormatter.st:368 ; CODE/J_SUPERVISION/FB_Hmi_BannerFormatter.st:370,CODE/M_MAIN/PRG_07_Supervision.st:600 ; CODE/M_MAIN/PRG_07_Supervision.st:600 ; CODE/M_MAIN/PRG_07_Supervision.st:742 ; CODE/M_MAIN/PRG_07_Supervision.st:742,non,non,non,ecrit (jamais TRUE litteral) en CODE/F_MODES/FB_Modes.st:207
ModeChangeBlockReason,T2(elargi),AUTRE,= 'Chgt mode refuse : M1 en mvt',?,CODE/F_MODES/FB_Modes.st,276,FB_Modes,23,CODE/F_MODES/FB_Modes.st:207 ; CODE/F_MODES/FB_Modes.st:258 ; CODE/F_MODES/FB_Modes.st:260 ; CODE/F_MODES/FB_Modes.st:272 ; CODE/F_MODES/FB_Modes.st:274 ; CODE/F_MODES/FB_Modes.st:276,,CODE/J_SUPERVISION/FB_Hmi_BannerFormatter.st:38 ; CODE/J_SUPERVISION/FB_Hmi_BannerFormatter.st:368 ; CODE/J_SUPERVISION/FB_Hmi_BannerFormatter.st:370,CODE/M_MAIN/PRG_07_Supervision.st:600 ; CODE/M_MAIN/PRG_07_Supervision.st:600 ; CODE/M_MAIN/PRG_07_Supervision.st:742 ; CODE/M_MAIN/PRG_07_Supervision.st:742,non,non,non,ecrit (jamais TRUE litteral) en CODE/F_MODES/FB_Modes.st:207
ModeChangeBlockReason,T2(elargi),AUTRE,= 'Chgt mode refuse : contacteur M2',?,CODE/F_MODES/FB_Modes.st,278,FB_Modes,23,CODE/F_MODES/FB_Modes.st:207 ; CODE/F_MODES/FB_Modes.st:258 ; CODE/F_MODES/FB_Modes.st:260 ; CODE/F_MODES/FB_Modes.st:272 ; CODE/F_MODES/FB_Modes.st:274 ; CODE/F_MODES/FB_Modes.st:276,,CODE/J_SUPERVISION/FB_Hmi_BannerFormatter.st:38 ; CODE/J_SUPERVISION/FB_Hmi_BannerFormatter.st:368 ; CODE/J_SUPERVISION/FB_Hmi_BannerFormatter.st:370,CODE/M_MAIN/PRG_07_Supervision.st:600 ; CODE/M_MAIN/PRG_07_Supervision.st:600 ; CODE/M_MAIN/PRG_07_Supervision.st:742 ; CODE/M_MAIN/PRG_07_Supervision.st:742,non,non,non,ecrit (jamais TRUE litteral) en CODE/F_MODES/FB_Modes.st:207
ModeChangeBlockReason,T2(elargi),AUTRE,= 'Chgt mode refuse : frein M2',?,CODE/F_MODES/FB_Modes.st,280,FB_Modes,23,CODE/F_MODES/FB_Modes.st:207 ; CODE/F_MODES/FB_Modes.st:258 ; CODE/F_MODES/FB_Modes.st:260 ; CODE/F_MODES/FB_Modes.st:272 ; CODE/F_MODES/FB_Modes.st:274 ; CODE/F_MODES/FB_Modes.st:276,,CODE/J_SUPERVISION/FB_Hmi_BannerFormatter.st:38 ; CODE/J_SUPERVISION/FB_Hmi_BannerFormatter.st:368 ; CODE/J_SUPERVISION/FB_Hmi_BannerFormatter.st:370,CODE/M_MAIN/PRG_07_Supervision.st:600 ; CODE/M_MAIN/PRG_07_Supervision.st:600 ; CODE/M_MAIN/PRG_07_Supervision.st:742 ; CODE/M_MAIN/PRG_07_Supervision.st:742,non,non,non,ecrit (jamais TRUE litteral) en CODE/F_MODES/FB_Modes.st:207
ModeChangeBlockReason,T2(elargi),AUTRE,= 'Chgt mode refuse : M2 en mvt',?,CODE/F_MODES/FB_Modes.st,282,FB_Modes,23,CODE/F_MODES/FB_Modes.st:207 ; CODE/F_MODES/FB_Modes.st:258 ; CODE/F_MODES/FB_Modes.st:260 ; CODE/F_MODES/FB_Modes.st:272 ; CODE/F_MODES/FB_Modes.st:274 ; CODE/F_MODES/FB_Modes.st:276,,CODE/J_SUPERVISION/FB_Hmi_BannerFormatter.st:38 ; CODE/J_SUPERVISION/FB_Hmi_BannerFormatter.st:368 ; CODE/J_SUPERVISION/FB_Hmi_BannerFormatter.st:370,CODE/M_MAIN/PRG_07_Supervision.st:600 ; CODE/M_MAIN/PRG_07_Supervision.st:600 ; CODE/M_MAIN/PRG_07_Supervision.st:742 ; CODE/M_MAIN/PRG_07_Supervision.st:742,non,non,non,ecrit (jamais TRUE litteral) en CODE/F_MODES/FB_Modes.st:207
ModeChangeBlockReason,T2(elargi),AUTRE,= '',?,CODE/F_MODES/FB_Modes.st,284,FB_Modes,23,CODE/F_MODES/FB_Modes.st:207 ; CODE/F_MODES/FB_Modes.st:258 ; CODE/F_MODES/FB_Modes.st:260 ; CODE/F_MODES/FB_Modes.st:272 ; CODE/F_MODES/FB_Modes.st:274 ; CODE/F_MODES/FB_Modes.st:276,,CODE/J_SUPERVISION/FB_Hmi_BannerFormatter.st:38 ; CODE/J_SUPERVISION/FB_Hmi_BannerFormatter.st:368 ; CODE/J_SUPERVISION/FB_Hmi_BannerFormatter.st:370,CODE/M_MAIN/PRG_07_Supervision.st:600 ; CODE/M_MAIN/PRG_07_Supervision.st:600 ; CODE/M_MAIN/PRG_07_Supervision.st:742 ; CODE/M_MAIN/PRG_07_Supervision.st:742,non,non,non,ecrit (jamais TRUE litteral) en CODE/F_MODES/FB_Modes.st:207
HomingError,T1(brief),BOOL_INTERNE,BOOL,STRUCT,CODE/G_CYCLE/_TYPES/ST_fbMachineHomingCycle_AxisHomingStatus.st,13,,10,CODE/H_TREUILS_BENNE/FB_WinchStateProjection.st:134 ; CODE/H_TREUILS_BENNE/FB_WinchStateProjection.st:201 ; CODE/M_MAIN/PRG_02_Acquisition.st:514 ; CODE/M_MAIN/PRG_02_Acquisition.st:518,,,,non,non,non,ecrit (jamais TRUE litteral) en CODE/H_TREUILS_BENNE/FB_WinchStateProjection.st:134
Fault,T1(brief),BRIQUE_ST_FAULT,ST_Fault,VAR_OUTPUT,CODE/G_CYCLE/FB_CycleMachineHoming.st,57,FB_CycleMachineHoming,254,CODE/A_COMMUN/FB_Brake.st:85 ; CODE/A_COMMUN/FB_Brake.st:131 ; CODE/B_AU_SECURITE/FB_Safety_EmergencyManagement.st:502 ; CODE/D_JOYSTICK/FB_Joystick.st:148 ; CODE/E_CODEURS/FB_Encoder.st:110 ; CODE/E_CODEURS/FB_Encoder.st:235,,,CODE/M_MAIN/PRG_07_Supervision.st:583 ; CODE/M_MAIN/PRG_07_Supervision.st:588 ; CODE/M_MAIN/PRG_07_Supervision.st:627 ; CODE/M_MAIN/PRG_07_Supervision.st:628,oui,non,non,"brique ST_Fault : porteuse d'un bitfield, voir lignes de causes"
MachineHomingStepAtError,T1(brief),AUTRE,E_MachineHomingStep := E_MachineHomingStep.IDLE,VAR_OUTPUT,CODE/G_CYCLE/FB_CycleMachineHoming.st,63,FB_CycleMachineHoming,2,CODE/G_CYCLE/FB_CycleMachineHoming.st:867,,,,non,non,non,ecrit (jamais TRUE litteral) en CODE/G_CYCLE/FB_CycleMachineHoming.st:867
instFault,T1(brief),AUTRE,FB_FaultCore,VAR,CODE/G_CYCLE/FB_CycleMachineHoming.st,90,FB_CycleMachineHoming,63,,,,,non,non,non,seulement lu (CODE/A_COMMUN/FB_Brake.st:49)
LatchedEdge,T2(elargi),TIMER_ANTI_REBOND,R_TRIG,VAR,CODE/G_CYCLE/FB_CycleMachineHoming.st,92,FB_CycleMachineHoming,3,,,,,non,non,non,seulement lu (CODE/G_CYCLE/FB_CycleMachineHoming.st:92)
AxisHomingError,T1(brief),BOOL_INTERNE,BOOL,VAR,CODE/G_CYCLE/FB_CycleMachineHoming.st,133,FB_CycleMachineHoming,6,CODE/G_CYCLE/FB_CycleMachineHoming.st:253,,,,non,non,non,ecrit (jamais TRUE litteral) en CODE/G_CYCLE/FB_CycleMachineHoming.st:253
HomingLossLatched,T2(elargi),BOOL_INTERNE,BOOL,VAR,CODE/G_CYCLE/FB_CycleMachineHoming.st,142,FB_CycleMachineHoming,9,CODE/G_CYCLE/FB_CycleMachineHoming.st:347 ; CODE/G_CYCLE/FB_CycleMachineHoming.st:353 ; CODE/G_CYCLE/FB_CycleMachineHoming.st:378,CODE/G_CYCLE/FB_CycleMachineHoming.st:347,,,non,non,non,ecrit TRUE en CODE/G_CYCLE/FB_CycleMachineHoming.st:347
BucketCloseConfirmedLatched,T2(elargi),BOOL_INTERNE,BOOL,VAR,CODE/G_CYCLE/FB_CycleMachineHoming.st,160,FB_CycleMachineHoming,8,CODE/G_CYCLE/FB_CycleMachineHoming.st:381 ; CODE/G_CYCLE/FB_CycleMachineHoming.st:425 ; CODE/G_CYCLE/FB_CycleMachineHoming.st:428 ; CODE/G_CYCLE/FB_CycleMachineHoming.st:566 ; CODE/G_CYCLE/FB_CycleMachineHoming.st:574,CODE/G_CYCLE/FB_CycleMachineHoming.st:425,,,non,non,non,ecrit TRUE en CODE/G_CYCLE/FB_CycleMachineHoming.st:425
CST_CauseHomingErrorM1,T1(brief),AUTRE,INT := 3,VAR CONSTANT,CODE/G_CYCLE/FB_CycleMachineHoming.st,167,FB_CycleMachineHoming,4,,,,,non,non,non,seulement lu (CODE/G_CYCLE/FB_CycleMachineHoming.st:167)
CST_CauseHomingErrorM2,T1(brief),AUTRE,INT := 4,VAR CONSTANT,CODE/G_CYCLE/FB_CycleMachineHoming.st,168,FB_CycleMachineHoming,4,,,,,non,non,non,seulement lu (CODE/G_CYCLE/FB_CycleMachineHoming.st:168)
AxisHomingError,T1(brief),AUTRE,= M1Status.HomingError OR M2Status.HomingError,?,CODE/G_CYCLE/FB_CycleMachineHoming.st,253,FB_CycleMachineHoming,6,CODE/G_CYCLE/FB_CycleMachineHoming.st:253,,,,non,non,non,ecrit (jamais TRUE litteral) en CODE/G_CYCLE/FB_CycleMachineHoming.st:253
HomingLossLatched,T2(elargi),AUTRE,= TRUE,?,CODE/G_CYCLE/FB_CycleMachineHoming.st,347,FB_CycleMachineHoming,9,CODE/G_CYCLE/FB_CycleMachineHoming.st:347 ; CODE/G_CYCLE/FB_CycleMachineHoming.st:353 ; CODE/G_CYCLE/FB_CycleMachineHoming.st:378,CODE/G_CYCLE/FB_CycleMachineHoming.st:347,,,non,non,non,ecrit TRUE en CODE/G_CYCLE/FB_CycleMachineHoming.st:347
HomingLossLatched,T2(elargi),AUTRE,= FALSE,?,CODE/G_CYCLE/FB_CycleMachineHoming.st,353,FB_CycleMachineHoming,9,CODE/G_CYCLE/FB_CycleMachineHoming.st:347 ; CODE/G_CYCLE/FB_CycleMachineHoming.st:353 ; CODE/G_CYCLE/FB_CycleMachineHoming.st:378,CODE/G_CYCLE/FB_CycleMachineHoming.st:347,,,non,non,non,ecrit TRUE en CODE/G_CYCLE/FB_CycleMachineHoming.st:347
HomingLossLatched,T2(elargi),AUTRE,= FALSE,?,CODE/G_CYCLE/FB_CycleMachineHoming.st,378,FB_CycleMachineHoming,9,CODE/G_CYCLE/FB_CycleMachineHoming.st:347 ; CODE/G_CYCLE/FB_CycleMachineHoming.st:353 ; CODE/G_CYCLE/FB_CycleMachineHoming.st:378,CODE/G_CYCLE/FB_CycleMachineHoming.st:347,,,non,non,non,ecrit TRUE en CODE/G_CYCLE/FB_CycleMachineHoming.st:347
BucketCloseConfirmedLatched,T2(elargi),AUTRE,= FALSE,?,CODE/G_CYCLE/FB_CycleMachineHoming.st,381,FB_CycleMachineHoming,8,CODE/G_CYCLE/FB_CycleMachineHoming.st:381 ; CODE/G_CYCLE/FB_CycleMachineHoming.st:425 ; CODE/G_CYCLE/FB_CycleMachineHoming.st:428 ; CODE/G_CYCLE/FB_CycleMachineHoming.st:566 ; CODE/G_CYCLE/FB_CycleMachineHoming.st:574,CODE/G_CYCLE/FB_CycleMachineHoming.st:425,,,non,non,non,ecrit TRUE en CODE/G_CYCLE/FB_CycleMachineHoming.st:425
BucketCloseConfirmedLatched,T2(elargi),AUTRE,= TRUE,?,CODE/G_CYCLE/FB_CycleMachineHoming.st,425,FB_CycleMachineHoming,8,CODE/G_CYCLE/FB_CycleMachineHoming.st:381 ; CODE/G_CYCLE/FB_CycleMachineHoming.st:425 ; CODE/G_CYCLE/FB_CycleMachineHoming.st:428 ; CODE/G_CYCLE/FB_CycleMachineHoming.st:566 ; CODE/G_CYCLE/FB_CycleMachineHoming.st:574,CODE/G_CYCLE/FB_CycleMachineHoming.st:425,,,non,non,non,ecrit TRUE en CODE/G_CYCLE/FB_CycleMachineHoming.st:425
BucketCloseConfirmedLatched,T2(elargi),AUTRE,= FALSE,?,CODE/G_CYCLE/FB_CycleMachineHoming.st,428,FB_CycleMachineHoming,8,CODE/G_CYCLE/FB_CycleMachineHoming.st:381 ; CODE/G_CYCLE/FB_CycleMachineHoming.st:425 ; CODE/G_CYCLE/FB_CycleMachineHoming.st:428 ; CODE/G_CYCLE/FB_CycleMachineHoming.st:566 ; CODE/G_CYCLE/FB_CycleMachineHoming.st:574,CODE/G_CYCLE/FB_CycleMachineHoming.st:425,,,non,non,non,ecrit TRUE en CODE/G_CYCLE/FB_CycleMachineHoming.st:425
Fault,T1(brief),AUTRE,= instFault.Fault,?,CODE/G_CYCLE/FB_CycleMachineHoming.st,464,FB_CycleMachineHoming,254,CODE/A_COMMUN/FB_Brake.st:85 ; CODE/A_COMMUN/FB_Brake.st:131 ; CODE/B_AU_SECURITE/FB_Safety_EmergencyManagement.st:502 ; CODE/D_JOYSTICK/FB_Joystick.st:148 ; CODE/E_CODEURS/FB_Encoder.st:110 ; CODE/E_CODEURS/FB_Encoder.st:235,,,CODE/M_MAIN/PRG_07_Supervision.st:583 ; CODE/M_MAIN/PRG_07_Supervision.st:588 ; CODE/M_MAIN/PRG_07_Supervision.st:627 ; CODE/M_MAIN/PRG_07_Supervision.st:628,oui,non,non,ecrit (jamais TRUE litteral) en CODE/A_COMMUN/FB_Brake.st:85
BucketCloseConfirmedLatched,T2(elargi),AUTRE,= FALSE,?,CODE/G_CYCLE/FB_CycleMachineHoming.st,566,FB_CycleMachineHoming,8,CODE/G_CYCLE/FB_CycleMachineHoming.st:381 ; CODE/G_CYCLE/FB_CycleMachineHoming.st:425 ; CODE/G_CYCLE/FB_CycleMachineHoming.st:428 ; CODE/G_CYCLE/FB_CycleMachineHoming.st:566 ; CODE/G_CYCLE/FB_CycleMachineHoming.st:574,CODE/G_CYCLE/FB_CycleMachineHoming.st:425,,,non,non,non,ecrit TRUE en CODE/G_CYCLE/FB_CycleMachineHoming.st:425
BucketCloseConfirmedLatched,T2(elargi),AUTRE,= FALSE,?,CODE/G_CYCLE/FB_CycleMachineHoming.st,574,FB_CycleMachineHoming,8,CODE/G_CYCLE/FB_CycleMachineHoming.st:381 ; CODE/G_CYCLE/FB_CycleMachineHoming.st:425 ; CODE/G_CYCLE/FB_CycleMachineHoming.st:428 ; CODE/G_CYCLE/FB_CycleMachineHoming.st:566 ; CODE/G_CYCLE/FB_CycleMachineHoming.st:574,CODE/G_CYCLE/FB_CycleMachineHoming.st:425,,,non,non,non,ecrit TRUE en CODE/G_CYCLE/FB_CycleMachineHoming.st:425
MachineHomingStepAtError,T1(brief),AUTRE,= MachineHomingStep,?,CODE/G_CYCLE/FB_CycleMachineHoming.st,867,FB_CycleMachineHoming,2,CODE/G_CYCLE/FB_CycleMachineHoming.st:867,,,,non,non,non,ecrit (jamais TRUE litteral) en CODE/G_CYCLE/FB_CycleMachineHoming.st:867
EncoderFaultPresent,T1(brief),ENTREE_BOOL_CONSOMMATEUR,BOOL,VAR_INPUT,CODE/G_CYCLE/FB_CycleSemiAuto.st,16,FB_CycleSemiAuto,8,CODE/M_MAIN/PRG_03_Modes_Cycle.st:95 ; CODE/M_MAIN/PRG_03_Modes_Cycle.st:194,,,,non,non,non,ecrit (jamais TRUE litteral) en CODE/M_MAIN/PRG_03_Modes_Cycle.st:95
ResumeAfterFault,T1(brief),ENTREE_BOOL_CONSOMMATEUR,BOOL,VAR_INPUT,CODE/G_CYCLE/FB_CycleSemiAuto.st,29,FB_CycleSemiAuto,3,CODE/M_MAIN/PRG_03_Modes_Cycle.st:208,,,,non,non,non,ecrit (jamais TRUE litteral) en CODE/M_MAIN/PRG_03_Modes_Cycle.st:208
WinchSyncError,T1(brief),ENTREE_BOOL_CONSOMMATEUR,BOOL,VAR_INPUT,CODE/G_CYCLE/FB_CycleSemiAuto.st,40,FB_CycleSemiAuto,11,CODE/M_MAIN/PRG_03_Modes_Cycle.st:215 ; CODE/M_MAIN/PRG_04_Treuils_Benne.st:1949 ; CODE/M_MAIN/PRG_07_Supervision.st:684,,,CODE/M_MAIN/PRG_07_Supervision.st:684 ; CODE/M_MAIN/PRG_07_Supervision.st:684 ; CODE/M_MAIN/PRG_07_Supervision.st:908,non,non,non,ecrit (jamais TRUE litteral) en CODE/M_MAIN/PRG_03_Modes_Cycle.st:215
Fault,T1(brief),BRIQUE_ST_FAULT,ST_Fault,VAR_OUTPUT,CODE/G_CYCLE/FB_CycleSemiAuto.st,109,FB_CycleSemiAuto,254,CODE/A_COMMUN/FB_Brake.st:85 ; CODE/A_COMMUN/FB_Brake.st:131 ; CODE/B_AU_SECURITE/FB_Safety_EmergencyManagement.st:502 ; CODE/D_JOYSTICK/FB_Joystick.st:148 ; CODE/E_CODEURS/FB_Encoder.st:110 ; CODE/E_CODEURS/FB_Encoder.st:235,,,CODE/M_MAIN/PRG_07_Supervision.st:583 ; CODE/M_MAIN/PRG_07_Supervision.st:588 ; CODE/M_MAIN/PRG_07_Supervision.st:627 ; CODE/M_MAIN/PRG_07_Supervision.st:628,oui,non,non,"brique ST_Fault : porteuse d'un bitfield, voir lignes de causes"
ForceStepRejected,T2(elargi),SORTIE_BOOL_PRODUCTEUR,BOOL,VAR_OUTPUT,CODE/G_CYCLE/FB_CycleSemiAuto.st,122,FB_CycleSemiAuto,13,CODE/G_CYCLE/FB_CycleSemiAuto.st:299 ; CODE/G_CYCLE/FB_CycleSemiAuto.st:654 ; CODE/G_CYCLE/FB_CycleSemiAuto.st:657 ; CODE/G_CYCLE/FB_CycleSemiAuto.st:668 ; CODE/M_MAIN/PRG_03_Modes_Cycle.st:368 ; CODE/M_MAIN/PRG_03_Modes_Cycle.st:469,CODE/G_CYCLE/FB_CycleSemiAuto.st:654,,CODE/M_MAIN/PRG_07_Supervision.st:693 ; CODE/M_MAIN/PRG_07_Supervision.st:693,non,non,non,ecrit TRUE en CODE/G_CYCLE/FB_CycleSemiAuto.st:654
CycleStepAtError,T1(brief),AUTRE,E_AutoCycleStep,VAR_OUTPUT,CODE/G_CYCLE/FB_CycleSemiAuto.st,137,FB_CycleSemiAuto,14,CODE/G_CYCLE/FB_CycleSemiAuto.st:824 ; CODE/M_MAIN/PRG_07_Supervision.st:665 ; CODE/M_MAIN/PRG_07_Supervision.st:729 ; CODE/M_MAIN/PRG_07_Supervision.st:895,,CODE/J_SUPERVISION/FB_Hmi_BannerFormatter.st:23 ; CODE/J_SUPERVISION/FB_Hmi_BannerFormatter.st:266,CODE/M_MAIN/PRG_07_Supervision.st:665 ; CODE/M_MAIN/PRG_07_Supervision.st:729 ; CODE/M_MAIN/PRG_07_Supervision.st:895,non,non,non,ecrit (jamais TRUE litteral) en CODE/G_CYCLE/FB_CycleSemiAuto.st:824
M1SpeedStepAtFault,T1(brief),BITFIELD_OU_INDEX,INT,VAR_OUTPUT,CODE/G_CYCLE/FB_CycleSemiAuto.st,138,FB_CycleSemiAuto,8,CODE/G_CYCLE/FB_CycleSemiAuto.st:825 ; CODE/M_MAIN/PRG_03_Modes_Cycle.st:346 ; CODE/M_MAIN/PRG_03_Modes_Cycle.st:449 ; CODE/M_MAIN/PRG_03_Modes_Cycle.st:523,,,CODE/M_MAIN/PRG_07_Supervision.st:887,non,non,non,ecrit (jamais TRUE litteral) en CODE/G_CYCLE/FB_CycleSemiAuto.st:825
M2SpeedStepAtFault,T1(brief),BITFIELD_OU_INDEX,INT,VAR_OUTPUT,CODE/G_CYCLE/FB_CycleSemiAuto.st,139,FB_CycleSemiAuto,8,CODE/G_CYCLE/FB_CycleSemiAuto.st:826 ; CODE/M_MAIN/PRG_03_Modes_Cycle.st:347 ; CODE/M_MAIN/PRG_03_Modes_Cycle.st:450 ; CODE/M_MAIN/PRG_03_Modes_Cycle.st:524,,,CODE/M_MAIN/PRG_07_Supervision.st:888,non,non,non,ecrit (jamais TRUE litteral) en CODE/G_CYCLE/FB_CycleSemiAuto.st:826
ResumeAfterFaultAvailable,T1(brief),SORTIE_BOOL_PRODUCTEUR,BOOL,VAR_OUTPUT,CODE/G_CYCLE/FB_CycleSemiAuto.st,140,FB_CycleSemiAuto,13,CODE/G_CYCLE/FB_CycleSemiAuto.st:539 ; CODE/M_MAIN/PRG_03_Modes_Cycle.st:348 ; CODE/M_MAIN/PRG_03_Modes_Cycle.st:451 ; CODE/M_MAIN/PRG_03_Modes_Cycle.st:525 ; CODE/M_MAIN/PRG_07_Supervision.st:666,,,CODE/M_MAIN/PRG_07_Supervision.st:666 ; CODE/M_MAIN/PRG_07_Supervision.st:666,non,non,non,ecrit (jamais TRUE litteral) en CODE/G_CYCLE/FB_CycleSemiAuto.st:539
ResumeAfterFaultEdge,T1(brief),TIMER_ANTI_REBOND,R_TRIG,VAR,CODE/G_CYCLE/FB_CycleSemiAuto.st,166,FB_CycleSemiAuto,4,,,,,non,non,non,seulement lu (CODE/G_CYCLE/FB_CycleSemiAuto.st:166)
ErrorEdge,T1(brief),TIMER_ANTI_REBOND,R_TRIG,VAR,CODE/G_CYCLE/FB_CycleSemiAuto.st,167,FB_CycleSemiAuto,6,,,,,non,non,non,seulement lu (CODE/G_CYCLE/FB_CycleSemiAuto.st:167)
AutoDiveM2Step5TrialLatched,T2(elargi),AUTRE,BOOL := FALSE,VAR,CODE/G_CYCLE/FB_CycleSemiAuto.st,179,FB_CycleSemiAuto,8,CODE/G_CYCLE/FB_CycleSemiAuto.st:693 ; CODE/G_CYCLE/FB_CycleSemiAuto.st:834 ; CODE/G_CYCLE/FB_CycleSemiAuto.st:878 ; CODE/G_CYCLE/FB_CycleSemiAuto.st:1034 ; CODE/G_CYCLE/FB_CycleSemiAuto.st:1175,,,,non,non,non,ecrit (jamais TRUE litteral) en CODE/G_CYCLE/FB_CycleSemiAuto.st:693
instFault,T1(brief),AUTRE,FB_FaultCore,VAR,CODE/G_CYCLE/FB_CycleSemiAuto.st,264,FB_CycleSemiAuto,63,,,,,non,non,non,seulement lu (CODE/A_COMMUN/FB_Brake.st:49)
ForceStepRejected,T2(elargi),AUTRE,= FALSE,?,CODE/G_CYCLE/FB_CycleSemiAuto.st,299,FB_CycleSemiAuto,13,CODE/G_CYCLE/FB_CycleSemiAuto.st:299 ; CODE/G_CYCLE/FB_CycleSemiAuto.st:654 ; CODE/G_CYCLE/FB_CycleSemiAuto.st:657 ; CODE/G_CYCLE/FB_CycleSemiAuto.st:668 ; CODE/M_MAIN/PRG_03_Modes_Cycle.st:368 ; CODE/M_MAIN/PRG_03_Modes_Cycle.st:469,CODE/G_CYCLE/FB_CycleSemiAuto.st:654,,CODE/M_MAIN/PRG_07_Supervision.st:693 ; CODE/M_MAIN/PRG_07_Supervision.st:693,non,non,non,ecrit TRUE en CODE/G_CYCLE/FB_CycleSemiAuto.st:654
Fault,T1(brief),AUTRE,= instFault.Fault,?,CODE/G_CYCLE/FB_CycleSemiAuto.st,551,FB_CycleSemiAuto,254,CODE/A_COMMUN/FB_Brake.st:85 ; CODE/A_COMMUN/FB_Brake.st:131 ; CODE/B_AU_SECURITE/FB_Safety_EmergencyManagement.st:502 ; CODE/D_JOYSTICK/FB_Joystick.st:148 ; CODE/E_CODEURS/FB_Encoder.st:110 ; CODE/E_CODEURS/FB_Encoder.st:235,,,CODE/M_MAIN/PRG_07_Supervision.st:583 ; CODE/M_MAIN/PRG_07_Supervision.st:588 ; CODE/M_MAIN/PRG_07_Supervision.st:627 ; CODE/M_MAIN/PRG_07_Supervision.st:628,oui,non,non,ecrit (jamais TRUE litteral) en CODE/A_COMMUN/FB_Brake.st:85
ForceStepRejected,T2(elargi),AUTRE,= TRUE,?,CODE/G_CYCLE/FB_CycleSemiAuto.st,654,FB_CycleSemiAuto,13,CODE/G_CYCLE/FB_CycleSemiAuto.st:299 ; CODE/G_CYCLE/FB_CycleSemiAuto.st:654 ; CODE/G_CYCLE/FB_CycleSemiAuto.st:657 ; CODE/G_CYCLE/FB_CycleSemiAuto.st:668 ; CODE/M_MAIN/PRG_03_Modes_Cycle.st:368 ; CODE/M_MAIN/PRG_03_Modes_Cycle.st:469,CODE/G_CYCLE/FB_CycleSemiAuto.st:654,,CODE/M_MAIN/PRG_07_Supervision.st:693 ; CODE/M_MAIN/PRG_07_Supervision.st:693,non,non,non,ecrit TRUE en CODE/G_CYCLE/FB_CycleSemiAuto.st:654
ForceStepRejected,T2(elargi),AUTRE,= TRUE,?,CODE/G_CYCLE/FB_CycleSemiAuto.st,657,FB_CycleSemiAuto,13,CODE/G_CYCLE/FB_CycleSemiAuto.st:299 ; CODE/G_CYCLE/FB_CycleSemiAuto.st:654 ; CODE/G_CYCLE/FB_CycleSemiAuto.st:657 ; CODE/G_CYCLE/FB_CycleSemiAuto.st:668 ; CODE/M_MAIN/PRG_03_Modes_Cycle.st:368 ; CODE/M_MAIN/PRG_03_Modes_Cycle.st:469,CODE/G_CYCLE/FB_CycleSemiAuto.st:654,,CODE/M_MAIN/PRG_07_Supervision.st:693 ; CODE/M_MAIN/PRG_07_Supervision.st:693,non,non,non,ecrit TRUE en CODE/G_CYCLE/FB_CycleSemiAuto.st:654
ForceStepRejected,T2(elargi),AUTRE,= TRUE,?,CODE/G_CYCLE/FB_CycleSemiAuto.st,668,FB_CycleSemiAuto,13,CODE/G_CYCLE/FB_CycleSemiAuto.st:299 ; CODE/G_CYCLE/FB_CycleSemiAuto.st:654 ; CODE/G_CYCLE/FB_CycleSemiAuto.st:657 ; CODE/G_CYCLE/FB_CycleSemiAuto.st:668 ; CODE/M_MAIN/PRG_03_Modes_Cycle.st:368 ; CODE/M_MAIN/PRG_03_Modes_Cycle.st:469,CODE/G_CYCLE/FB_CycleSemiAuto.st:654,,CODE/M_MAIN/PRG_07_Supervision.st:693 ; CODE/M_MAIN/PRG_07_Supervision.st:693,non,non,non,ecrit TRUE en CODE/G_CYCLE/FB_CycleSemiAuto.st:654
AutoDiveM2Step5TrialLatched,T2(elargi),AUTRE,= FALSE,?,CODE/G_CYCLE/FB_CycleSemiAuto.st,693,FB_CycleSemiAuto,8,CODE/G_CYCLE/FB_CycleSemiAuto.st:693 ; CODE/G_CYCLE/FB_CycleSemiAuto.st:834 ; CODE/G_CYCLE/FB_CycleSemiAuto.st:878 ; CODE/G_CYCLE/FB_CycleSemiAuto.st:1034 ; CODE/G_CYCLE/FB_CycleSemiAuto.st:1175,,,,non,non,non,ecrit (jamais TRUE litteral) en CODE/G_CYCLE/FB_CycleSemiAuto.st:693
CycleStepAtError,T1(brief),AUTRE,= State,?,CODE/G_CYCLE/FB_CycleSemiAuto.st,824,FB_CycleSemiAuto,14,CODE/G_CYCLE/FB_CycleSemiAuto.st:824 ; CODE/M_MAIN/PRG_07_Supervision.st:665 ; CODE/M_MAIN/PRG_07_Supervision.st:729 ; CODE/M_MAIN/PRG_07_Supervision.st:895,,CODE/J_SUPERVISION/FB_Hmi_BannerFormatter.st:23 ; CODE/J_SUPERVISION/FB_Hmi_BannerFormatter.st:266,CODE/M_MAIN/PRG_07_Supervision.st:665 ; CODE/M_MAIN/PRG_07_Supervision.st:729 ; CODE/M_MAIN/PRG_07_Supervision.st:895,non,non,non,ecrit (jamais TRUE litteral) en CODE/G_CYCLE/FB_CycleSemiAuto.st:824
M1SpeedStepAtFault,T1(brief),AUTRE,= M1_SpeedStepApplied,?,CODE/G_CYCLE/FB_CycleSemiAuto.st,825,FB_CycleSemiAuto,8,CODE/G_CYCLE/FB_CycleSemiAuto.st:825 ; CODE/M_MAIN/PRG_03_Modes_Cycle.st:346 ; CODE/M_MAIN/PRG_03_Modes_Cycle.st:449 ; CODE/M_MAIN/PRG_03_Modes_Cycle.st:523,,,CODE/M_MAIN/PRG_07_Supervision.st:887,non,non,non,ecrit (jamais TRUE litteral) en CODE/G_CYCLE/FB_CycleSemiAuto.st:825
M2SpeedStepAtFault,T1(brief),AUTRE,= M2_SpeedStepApplied,?,CODE/G_CYCLE/FB_CycleSemiAuto.st,826,FB_CycleSemiAuto,8,CODE/G_CYCLE/FB_CycleSemiAuto.st:826 ; CODE/M_MAIN/PRG_03_Modes_Cycle.st:347 ; CODE/M_MAIN/PRG_03_Modes_Cycle.st:450 ; CODE/M_MAIN/PRG_03_Modes_Cycle.st:524,,,CODE/M_MAIN/PRG_07_Supervision.st:888,non,non,non,ecrit (jamais TRUE litteral) en CODE/G_CYCLE/FB_CycleSemiAuto.st:826
AutoDiveM2Step5TrialLatched,T2(elargi),AUTRE,= FALSE,?,CODE/G_CYCLE/FB_CycleSemiAuto.st,834,FB_CycleSemiAuto,8,CODE/G_CYCLE/FB_CycleSemiAuto.st:693 ; CODE/G_CYCLE/FB_CycleSemiAuto.st:834 ; CODE/G_CYCLE/FB_CycleSemiAuto.st:878 ; CODE/G_CYCLE/FB_CycleSemiAuto.st:1034 ; CODE/G_CYCLE/FB_CycleSemiAuto.st:1175,,,,non,non,non,ecrit (jamais TRUE litteral) en CODE/G_CYCLE/FB_CycleSemiAuto.st:693
AutoDiveM2Step5TrialLatched,T2(elargi),AUTRE,= FALSE,?,CODE/G_CYCLE/FB_CycleSemiAuto.st,878,FB_CycleSemiAuto,8,CODE/G_CYCLE/FB_CycleSemiAuto.st:693 ; CODE/G_CYCLE/FB_CycleSemiAuto.st:834 ; CODE/G_CYCLE/FB_CycleSemiAuto.st:878 ; CODE/G_CYCLE/FB_CycleSemiAuto.st:1034 ; CODE/G_CYCLE/FB_CycleSemiAuto.st:1175,,,,non,non,non,ecrit (jamais TRUE litteral) en CODE/G_CYCLE/FB_CycleSemiAuto.st:693
AutoDiveM2Step5TrialLatched,T2(elargi),AUTRE,= CfgAutoDiveM2Step5Trial,?,CODE/G_CYCLE/FB_CycleSemiAuto.st,1034,FB_CycleSemiAuto,8,CODE/G_CYCLE/FB_CycleSemiAuto.st:693 ; CODE/G_CYCLE/FB_CycleSemiAuto.st:834 ; CODE/G_CYCLE/FB_CycleSemiAuto.st:878 ; CODE/G_CYCLE/FB_CycleSemiAuto.st:1034 ; CODE/G_CYCLE/FB_CycleSemiAuto.st:1175,,,,non,non,non,ecrit (jamais TRUE litteral) en CODE/G_CYCLE/FB_CycleSemiAuto.st:693
AutoDiveM2Step5TrialLatched,T2(elargi),AUTRE,= FALSE,?,CODE/G_CYCLE/FB_CycleSemiAuto.st,1175,FB_CycleSemiAuto,8,CODE/G_CYCLE/FB_CycleSemiAuto.st:693 ; CODE/G_CYCLE/FB_CycleSemiAuto.st:834 ; CODE/G_CYCLE/FB_CycleSemiAuto.st:878 ; CODE/G_CYCLE/FB_CycleSemiAuto.st:1034 ; CODE/G_CYCLE/FB_CycleSemiAuto.st:1175,,,,non,non,non,ecrit (jamais TRUE litteral) en CODE/G_CYCLE/FB_CycleSemiAuto.st:693
Fault,T1(brief),BRIQUE_ST_FAULT,ST_Fault,VAR_OUTPUT,CODE/H_TREUILS_BENNE/BENNE/FB_Bucket.st,67,FB_Bucket,254,CODE/A_COMMUN/FB_Brake.st:85 ; CODE/A_COMMUN/FB_Brake.st:131 ; CODE/B_AU_SECURITE/FB_Safety_EmergencyManagement.st:502 ; CODE/D_JOYSTICK/FB_Joystick.st:148 ; CODE/E_CODEURS/FB_Encoder.st:110 ; CODE/E_CODEURS/FB_Encoder.st:235,,,CODE/M_MAIN/PRG_07_Supervision.st:583 ; CODE/M_MAIN/PRG_07_Supervision.st:588 ; CODE/M_MAIN/PRG_07_Supervision.st:627 ; CODE/M_MAIN/PRG_07_Supervision.st:628,oui,non,non,"brique ST_Fault : porteuse d'un bitfield, voir lignes de causes"
SevereError,T1(brief),BOOL_INTERNE,BOOL,VAR,CODE/H_TREUILS_BENNE/BENNE/FB_Bucket.st,130,FB_Bucket,5,CODE/H_TREUILS_BENNE/BENNE/FB_Bucket.st:423,,,,non,non,non,ecrit (jamais TRUE litteral) en CODE/H_TREUILS_BENNE/BENNE/FB_Bucket.st:423
CfgFaultLatched,T1(brief),BOOL_INTERNE,BOOL,VAR,CODE/H_TREUILS_BENNE/BENNE/FB_Bucket.st,139,FB_Bucket,5,CODE/H_TREUILS_BENNE/BENNE/FB_Bucket.st:175 ; CODE/H_TREUILS_BENNE/BENNE/FB_Bucket.st:187,CODE/H_TREUILS_BENNE/BENNE/FB_Bucket.st:187,,,non,non,non,ecrit TRUE en CODE/H_TREUILS_BENNE/BENNE/FB_Bucket.st:187
OffsetMaxFaultLatched,T1(brief),BOOL_INTERNE,BOOL,VAR,CODE/H_TREUILS_BENNE/BENNE/FB_Bucket.st,140,FB_Bucket,4,CODE/H_TREUILS_BENNE/BENNE/FB_Bucket.st:176 ; CODE/H_TREUILS_BENNE/BENNE/FB_Bucket.st:213,CODE/H_TREUILS_BENNE/BENNE/FB_Bucket.st:213,,,non,non,non,ecrit TRUE en CODE/H_TREUILS_BENNE/BENNE/FB_Bucket.st:213
TimeoutFaultLatched,T1(brief),BOOL_INTERNE,BOOL,VAR,CODE/H_TREUILS_BENNE/BENNE/FB_Bucket.st,141,FB_Bucket,4,CODE/H_TREUILS_BENNE/BENNE/FB_Bucket.st:177 ; CODE/H_TREUILS_BENNE/BENNE/FB_Bucket.st:261,CODE/H_TREUILS_BENNE/BENNE/FB_Bucket.st:261,,,non,non,non,ecrit TRUE en CODE/H_TREUILS_BENNE/BENNE/FB_Bucket.st:261
M1SlipFaultLatched,T1(brief),BOOL_INTERNE,BOOL,VAR,CODE/H_TREUILS_BENNE/BENNE/FB_Bucket.st,142,FB_Bucket,4,CODE/H_TREUILS_BENNE/BENNE/FB_Bucket.st:178 ; CODE/H_TREUILS_BENNE/BENNE/FB_Bucket.st:276,CODE/H_TREUILS_BENNE/BENNE/FB_Bucket.st:276,,,non,non,non,ecrit TRUE en CODE/H_TREUILS_BENNE/BENNE/FB_Bucket.st:276
instFault,T1(brief),AUTRE,FB_FaultCore,VAR,CODE/H_TREUILS_BENNE/BENNE/FB_Bucket.st,145,FB_Bucket,63,,,,,non,non,non,seulement lu (CODE/A_COMMUN/FB_Brake.st:49)
CfgFaultLatched,T1(brief),AUTRE,= FALSE,?,CODE/H_TREUILS_BENNE/BENNE/FB_Bucket.st,175,FB_Bucket,5,CODE/H_TREUILS_BENNE/BENNE/FB_Bucket.st:175 ; CODE/H_TREUILS_BENNE/BENNE/FB_Bucket.st:187,CODE/H_TREUILS_BENNE/BENNE/FB_Bucket.st:187,,,non,non,non,ecrit TRUE en CODE/H_TREUILS_BENNE/BENNE/FB_Bucket.st:187
OffsetMaxFaultLatched,T1(brief),AUTRE,= FALSE,?,CODE/H_TREUILS_BENNE/BENNE/FB_Bucket.st,176,FB_Bucket,4,CODE/H_TREUILS_BENNE/BENNE/FB_Bucket.st:176 ; CODE/H_TREUILS_BENNE/BENNE/FB_Bucket.st:213,CODE/H_TREUILS_BENNE/BENNE/FB_Bucket.st:213,,,non,non,non,ecrit TRUE en CODE/H_TREUILS_BENNE/BENNE/FB_Bucket.st:213
TimeoutFaultLatched,T1(brief),AUTRE,= FALSE,?,CODE/H_TREUILS_BENNE/BENNE/FB_Bucket.st,177,FB_Bucket,4,CODE/H_TREUILS_BENNE/BENNE/FB_Bucket.st:177 ; CODE/H_TREUILS_BENNE/BENNE/FB_Bucket.st:261,CODE/H_TREUILS_BENNE/BENNE/FB_Bucket.st:261,,,non,non,non,ecrit TRUE en CODE/H_TREUILS_BENNE/BENNE/FB_Bucket.st:261
M1SlipFaultLatched,T1(brief),AUTRE,= FALSE,?,CODE/H_TREUILS_BENNE/BENNE/FB_Bucket.st,178,FB_Bucket,4,CODE/H_TREUILS_BENNE/BENNE/FB_Bucket.st:178 ; CODE/H_TREUILS_BENNE/BENNE/FB_Bucket.st:276,CODE/H_TREUILS_BENNE/BENNE/FB_Bucket.st:276,,,non,non,non,ecrit TRUE en CODE/H_TREUILS_BENNE/BENNE/FB_Bucket.st:276
CfgFaultLatched,T1(brief),AUTRE,= TRUE,?,CODE/H_TREUILS_BENNE/BENNE/FB_Bucket.st,187,FB_Bucket,5,CODE/H_TREUILS_BENNE/BENNE/FB_Bucket.st:175 ; CODE/H_TREUILS_BENNE/BENNE/FB_Bucket.st:187,CODE/H_TREUILS_BENNE/BENNE/FB_Bucket.st:187,,,non,non,non,ecrit TRUE en CODE/H_TREUILS_BENNE/BENNE/FB_Bucket.st:187
OffsetMaxFaultLatched,T1(brief),AUTRE,= TRUE,?,CODE/H_TREUILS_BENNE/BENNE/FB_Bucket.st,213,FB_Bucket,4,CODE/H_TREUILS_BENNE/BENNE/FB_Bucket.st:176 ; CODE/H_TREUILS_BENNE/BENNE/FB_Bucket.st:213,CODE/H_TREUILS_BENNE/BENNE/FB_Bucket.st:213,,,non,non,non,ecrit TRUE en CODE/H_TREUILS_BENNE/BENNE/FB_Bucket.st:213
TimeoutFaultLatched,T1(brief),AUTRE,= TRUE,?,CODE/H_TREUILS_BENNE/BENNE/FB_Bucket.st,261,FB_Bucket,4,CODE/H_TREUILS_BENNE/BENNE/FB_Bucket.st:177 ; CODE/H_TREUILS_BENNE/BENNE/FB_Bucket.st:261,CODE/H_TREUILS_BENNE/BENNE/FB_Bucket.st:261,,,non,non,non,ecrit TRUE en CODE/H_TREUILS_BENNE/BENNE/FB_Bucket.st:261
M1SlipFaultLatched,T1(brief),AUTRE,= TRUE,?,CODE/H_TREUILS_BENNE/BENNE/FB_Bucket.st,276,FB_Bucket,4,CODE/H_TREUILS_BENNE/BENNE/FB_Bucket.st:178 ; CODE/H_TREUILS_BENNE/BENNE/FB_Bucket.st:276,CODE/H_TREUILS_BENNE/BENNE/FB_Bucket.st:276,,,non,non,non,ecrit TRUE en CODE/H_TREUILS_BENNE/BENNE/FB_Bucket.st:276
Fault,T1(brief),AUTRE,= instFault.Fault,?,CODE/H_TREUILS_BENNE/BENNE/FB_Bucket.st,304,FB_Bucket,254,CODE/A_COMMUN/FB_Brake.st:85 ; CODE/A_COMMUN/FB_Brake.st:131 ; CODE/B_AU_SECURITE/FB_Safety_EmergencyManagement.st:502 ; CODE/D_JOYSTICK/FB_Joystick.st:148 ; CODE/E_CODEURS/FB_Encoder.st:110 ; CODE/E_CODEURS/FB_Encoder.st:235,,,CODE/M_MAIN/PRG_07_Supervision.st:583 ; CODE/M_MAIN/PRG_07_Supervision.st:588 ; CODE/M_MAIN/PRG_07_Supervision.st:627 ; CODE/M_MAIN/PRG_07_Supervision.st:628,oui,non,non,ecrit (jamais TRUE litteral) en CODE/A_COMMUN/FB_Brake.st:85
SevereError,T1(brief),AUTRE,= Fault.Error,?,CODE/H_TREUILS_BENNE/BENNE/FB_Bucket.st,423,FB_Bucket,5,CODE/H_TREUILS_BENNE/BENNE/FB_Bucket.st:423,,,,non,non,non,ecrit (jamais TRUE litteral) en CODE/H_TREUILS_BENNE/BENNE/FB_Bucket.st:423
Violation,T2(elargi),SORTIE_BOOL_PRODUCTEUR,BOOL,VAR_OUTPUT,CODE/H_TREUILS_BENNE/FB_DriftGuard.st,21,FB_DriftGuard,5,CODE/H_TREUILS_BENNE/FB_DriftGuard.st:36 ; CODE/H_TREUILS_BENNE/FB_DriftGuard.st:40,,,,non,non,non,ecrit (jamais TRUE litteral) en CODE/H_TREUILS_BENNE/FB_DriftGuard.st:36
Violation,T2(elargi),AUTRE,= DriftM > ToleranceM,?,CODE/H_TREUILS_BENNE/FB_DriftGuard.st,36,FB_DriftGuard,5,CODE/H_TREUILS_BENNE/FB_DriftGuard.st:36 ; CODE/H_TREUILS_BENNE/FB_DriftGuard.st:40,,,,non,non,non,ecrit (jamais TRUE litteral) en CODE/H_TREUILS_BENNE/FB_DriftGuard.st:36
Violation,T2(elargi),AUTRE,= FALSE,?,CODE/H_TREUILS_BENNE/FB_DriftGuard.st,40,FB_DriftGuard,5,CODE/H_TREUILS_BENNE/FB_DriftGuard.st:36 ; CODE/H_TREUILS_BENNE/FB_DriftGuard.st:40,,,,non,non,non,ecrit (jamais TRUE litteral) en CODE/H_TREUILS_BENNE/FB_DriftGuard.st:36
EncoderFaultBypass,T1(brief),ENTREE_BOOL_CONSOMMATEUR,BOOL,VAR_INPUT,CODE/H_TREUILS_BENNE/FB_Safety_Winch.st,65,FB_Safety_Winch,4,CODE/M_MAIN/PRG_04_Treuils_Benne.st:941 ; CODE/M_MAIN/PRG_04_Treuils_Benne.st:1011,,,,non,non,non,ecrit (jamais TRUE litteral) en CODE/M_MAIN/PRG_04_Treuils_Benne.st:941
Fault,T1(brief),BRIQUE_ST_FAULT,ST_Fault,VAR_OUTPUT,CODE/H_TREUILS_BENNE/FB_Safety_Winch.st,87,FB_Safety_Winch,254,CODE/A_COMMUN/FB_Brake.st:85 ; CODE/A_COMMUN/FB_Brake.st:131 ; CODE/B_AU_SECURITE/FB_Safety_EmergencyManagement.st:502 ; CODE/D_JOYSTICK/FB_Joystick.st:148 ; CODE/E_CODEURS/FB_Encoder.st:110 ; CODE/E_CODEURS/FB_Encoder.st:235,,,CODE/M_MAIN/PRG_07_Supervision.st:583 ; CODE/M_MAIN/PRG_07_Supervision.st:588 ; CODE/M_MAIN/PRG_07_Supervision.st:627 ; CODE/M_MAIN/PRG_07_Supervision.st:628,oui,non,non,"brique ST_Fault : porteuse d'un bitfield, voir lignes de causes"
OverspeedFault,T1(brief),SORTIE_BOOL_PRODUCTEUR,BOOL,VAR_OUTPUT,CODE/H_TREUILS_BENNE/FB_Safety_Winch.st,100,FB_Safety_Winch,4,CODE/H_TREUILS_BENNE/FB_Safety_Winch.st:485,,,,non,non,non,ecrit (jamais TRUE litteral) en CODE/H_TREUILS_BENNE/FB_Safety_Winch.st:485
EncoderFaultLatched,T1(brief),BOOL_INTERNE,BOOL,VAR,CODE/H_TREUILS_BENNE/FB_Safety_Winch.st,153,FB_Safety_Winch,5,CODE/H_TREUILS_BENNE/FB_Safety_Winch.st:184 ; CODE/H_TREUILS_BENNE/FB_Safety_Winch.st:203 ; CODE/H_TREUILS_BENNE/FB_Safety_Winch.st:278,CODE/H_TREUILS_BENNE/FB_Safety_Winch.st:278,,,non,non,non,ecrit TRUE en CODE/H_TREUILS_BENNE/FB_Safety_Winch.st:278
MotorThermalFaultLatched,T1(brief),BOOL_INTERNE,BOOL,VAR,CODE/H_TREUILS_BENNE/FB_Safety_Winch.st,154,FB_Safety_Winch,5,CODE/H_TREUILS_BENNE/FB_Safety_Winch.st:185 ; CODE/H_TREUILS_BENNE/FB_Safety_Winch.st:204 ; CODE/H_TREUILS_BENNE/FB_Safety_Winch.st:286,CODE/H_TREUILS_BENNE/FB_Safety_Winch.st:286,,,non,non,non,ecrit TRUE en CODE/H_TREUILS_BENNE/FB_Safety_Winch.st:286
PhaseRotationFaultLatched,T1(brief),BOOL_INTERNE,BOOL,VAR,CODE/H_TREUILS_BENNE/FB_Safety_Winch.st,155,FB_Safety_Winch,5,CODE/H_TREUILS_BENNE/FB_Safety_Winch.st:186 ; CODE/H_TREUILS_BENNE/FB_Safety_Winch.st:205 ; CODE/H_TREUILS_BENNE/FB_Safety_Winch.st:303,CODE/H_TREUILS_BENNE/FB_Safety_Winch.st:303,,,non,non,non,ecrit TRUE en CODE/H_TREUILS_BENNE/FB_Safety_Winch.st:303
MecaAFaultLatched,T1(brief),BOOL_INTERNE,BOOL,VAR,CODE/H_TREUILS_BENNE/FB_Safety_Winch.st,156,FB_Safety_Winch,6,CODE/H_TREUILS_BENNE/FB_Safety_Winch.st:187 ; CODE/H_TREUILS_BENNE/FB_Safety_Winch.st:206 ; CODE/H_TREUILS_BENNE/FB_Safety_Winch.st:251 ; CODE/H_TREUILS_BENNE/FB_Safety_Winch.st:334,CODE/H_TREUILS_BENNE/FB_Safety_Winch.st:334,,,non,non,non,ecrit TRUE en CODE/H_TREUILS_BENNE/FB_Safety_Winch.st:334
MecaBFaultLatched,T1(brief),BOOL_INTERNE,BOOL,VAR,CODE/H_TREUILS_BENNE/FB_Safety_Winch.st,157,FB_Safety_Winch,6,CODE/H_TREUILS_BENNE/FB_Safety_Winch.st:188 ; CODE/H_TREUILS_BENNE/FB_Safety_Winch.st:207 ; CODE/H_TREUILS_BENNE/FB_Safety_Winch.st:343,CODE/H_TREUILS_BENNE/FB_Safety_Winch.st:343,,,non,non,non,ecrit TRUE en CODE/H_TREUILS_BENNE/FB_Safety_Winch.st:343
MecaCFaultLatched,T1(brief),BOOL_INTERNE,BOOL,VAR,CODE/H_TREUILS_BENNE/FB_Safety_Winch.st,158,FB_Safety_Winch,5,CODE/H_TREUILS_BENNE/FB_Safety_Winch.st:189 ; CODE/H_TREUILS_BENNE/FB_Safety_Winch.st:208 ; CODE/H_TREUILS_BENNE/FB_Safety_Winch.st:359,CODE/H_TREUILS_BENNE/FB_Safety_Winch.st:359,,,non,non,non,ecrit TRUE en CODE/H_TREUILS_BENNE/FB_Safety_Winch.st:359
BrakeThermalFaultLatched,T1(brief),BOOL_INTERNE,BOOL,VAR,CODE/H_TREUILS_BENNE/FB_Safety_Winch.st,159,FB_Safety_Winch,5,CODE/H_TREUILS_BENNE/FB_Safety_Winch.st:190 ; CODE/H_TREUILS_BENNE/FB_Safety_Winch.st:209 ; CODE/H_TREUILS_BENNE/FB_Safety_Winch.st:366,CODE/H_TREUILS_BENNE/FB_Safety_Winch.st:366,,,non,non,non,ecrit TRUE en CODE/H_TREUILS_BENNE/FB_Safety_Winch.st:366
MecaDFaultLatched,T1(brief),BOOL_INTERNE,BOOL,VAR,CODE/H_TREUILS_BENNE/FB_Safety_Winch.st,160,FB_Safety_Winch,5,CODE/H_TREUILS_BENNE/FB_Safety_Winch.st:191 ; CODE/H_TREUILS_BENNE/FB_Safety_Winch.st:210 ; CODE/H_TREUILS_BENNE/FB_Safety_Winch.st:381,CODE/H_TREUILS_BENNE/FB_Safety_Winch.st:381,,,non,non,non,ecrit TRUE en CODE/H_TREUILS_BENNE/FB_Safety_Winch.st:381
MecaEFaultLatched,T1(brief),BOOL_INTERNE,BOOL,VAR,CODE/H_TREUILS_BENNE/FB_Safety_Winch.st,161,FB_Safety_Winch,7,CODE/H_TREUILS_BENNE/FB_Safety_Winch.st:192 ; CODE/H_TREUILS_BENNE/FB_Safety_Winch.st:211 ; CODE/H_TREUILS_BENNE/FB_Safety_Winch.st:252 ; CODE/H_TREUILS_BENNE/FB_Safety_Winch.st:397,CODE/H_TREUILS_BENNE/FB_Safety_Winch.st:397,,,non,non,non,ecrit TRUE en CODE/H_TREUILS_BENNE/FB_Safety_Winch.st:397
MecaEEscaladeFaultLatched,T1(brief),BOOL_INTERNE,BOOL,VAR,CODE/H_TREUILS_BENNE/FB_Safety_Winch.st,162,FB_Safety_Winch,7,CODE/H_TREUILS_BENNE/FB_Safety_Winch.st:193 ; CODE/H_TREUILS_BENNE/FB_Safety_Winch.st:212 ; CODE/H_TREUILS_BENNE/FB_Safety_Winch.st:253 ; CODE/H_TREUILS_BENNE/FB_Safety_Winch.st:407 ; CODE/H_TREUILS_BENNE/FB_Safety_Winch.st:412,CODE/H_TREUILS_BENNE/FB_Safety_Winch.st:407,,,non,non,non,ecrit TRUE en CODE/H_TREUILS_BENNE/FB_Safety_Winch.st:407
OppositeDirectionFaultLatched,T1(brief),BOOL_INTERNE,BOOL,VAR,CODE/H_TREUILS_BENNE/FB_Safety_Winch.st,163,FB_Safety_Winch,5,CODE/H_TREUILS_BENNE/FB_Safety_Winch.st:194 ; CODE/H_TREUILS_BENNE/FB_Safety_Winch.st:213 ; CODE/H_TREUILS_BENNE/FB_Safety_Winch.st:426,CODE/H_TREUILS_BENNE/FB_Safety_Winch.st:426,,,non,non,non,ecrit TRUE en CODE/H_TREUILS_BENNE/FB_Safety_Winch.st:426
NoMovementFaultLatched,T1(brief),BOOL_INTERNE,BOOL,VAR,CODE/H_TREUILS_BENNE/FB_Safety_Winch.st,164,FB_Safety_Winch,5,CODE/H_TREUILS_BENNE/FB_Safety_Winch.st:195 ; CODE/H_TREUILS_BENNE/FB_Safety_Winch.st:214 ; CODE/H_TREUILS_BENNE/FB_Safety_Winch.st:444,CODE/H_TREUILS_BENNE/FB_Safety_Winch.st:444,,,non,non,non,ecrit TRUE en CODE/H_TREUILS_BENNE/FB_Safety_Winch.st:444
OverspeedFaultLatched,T1(brief),BOOL_INTERNE,BOOL,VAR,CODE/H_TREUILS_BENNE/FB_Safety_Winch.st,165,FB_Safety_Winch,6,CODE/H_TREUILS_BENNE/FB_Safety_Winch.st:196 ; CODE/H_TREUILS_BENNE/FB_Safety_Winch.st:215 ; CODE/H_TREUILS_BENNE/FB_Safety_Winch.st:454,CODE/H_TREUILS_BENNE/FB_Safety_Winch.st:454,,,non,non,non,ecrit TRUE en CODE/H_TREUILS_BENNE/FB_Safety_Winch.st:454
instFault,T1(brief),AUTRE,FB_FaultCore,VAR,CODE/H_TREUILS_BENNE/FB_Safety_Winch.st,168,FB_Safety_Winch,63,,,,,non,non,non,seulement lu (CODE/A_COMMUN/FB_Brake.st:49)
EncoderFaultLatched,T1(brief),AUTRE,= FALSE,?,CODE/H_TREUILS_BENNE/FB_Safety_Winch.st,184,FB_Safety_Winch,5,CODE/H_TREUILS_BENNE/FB_Safety_Winch.st:184 ; CODE/H_TREUILS_BENNE/FB_Safety_Winch.st:203 ; CODE/H_TREUILS_BENNE/FB_Safety_Winch.st:278,CODE/H_TREUILS_BENNE/FB_Safety_Winch.st:278,,,non,non,non,ecrit TRUE en CODE/H_TREUILS_BENNE/FB_Safety_Winch.st:278
MotorThermalFaultLatched,T1(brief),AUTRE,= FALSE,?,CODE/H_TREUILS_BENNE/FB_Safety_Winch.st,185,FB_Safety_Winch,5,CODE/H_TREUILS_BENNE/FB_Safety_Winch.st:185 ; CODE/H_TREUILS_BENNE/FB_Safety_Winch.st:204 ; CODE/H_TREUILS_BENNE/FB_Safety_Winch.st:286,CODE/H_TREUILS_BENNE/FB_Safety_Winch.st:286,,,non,non,non,ecrit TRUE en CODE/H_TREUILS_BENNE/FB_Safety_Winch.st:286
PhaseRotationFaultLatched,T1(brief),AUTRE,= FALSE,?,CODE/H_TREUILS_BENNE/FB_Safety_Winch.st,186,FB_Safety_Winch,5,CODE/H_TREUILS_BENNE/FB_Safety_Winch.st:186 ; CODE/H_TREUILS_BENNE/FB_Safety_Winch.st:205 ; CODE/H_TREUILS_BENNE/FB_Safety_Winch.st:303,CODE/H_TREUILS_BENNE/FB_Safety_Winch.st:303,,,non,non,non,ecrit TRUE en CODE/H_TREUILS_BENNE/FB_Safety_Winch.st:303
MecaAFaultLatched,T1(brief),AUTRE,= FALSE,?,CODE/H_TREUILS_BENNE/FB_Safety_Winch.st,187,FB_Safety_Winch,6,CODE/H_TREUILS_BENNE/FB_Safety_Winch.st:187 ; CODE/H_TREUILS_BENNE/FB_Safety_Winch.st:206 ; CODE/H_TREUILS_BENNE/FB_Safety_Winch.st:251 ; CODE/H_TREUILS_BENNE/FB_Safety_Winch.st:334,CODE/H_TREUILS_BENNE/FB_Safety_Winch.st:334,,,non,non,non,ecrit TRUE en CODE/H_TREUILS_BENNE/FB_Safety_Winch.st:334
MecaBFaultLatched,T1(brief),AUTRE,= FALSE,?,CODE/H_TREUILS_BENNE/FB_Safety_Winch.st,188,FB_Safety_Winch,6,CODE/H_TREUILS_BENNE/FB_Safety_Winch.st:188 ; CODE/H_TREUILS_BENNE/FB_Safety_Winch.st:207 ; CODE/H_TREUILS_BENNE/FB_Safety_Winch.st:343,CODE/H_TREUILS_BENNE/FB_Safety_Winch.st:343,,,non,non,non,ecrit TRUE en CODE/H_TREUILS_BENNE/FB_Safety_Winch.st:343
MecaCFaultLatched,T1(brief),AUTRE,= FALSE,?,CODE/H_TREUILS_BENNE/FB_Safety_Winch.st,189,FB_Safety_Winch,5,CODE/H_TREUILS_BENNE/FB_Safety_Winch.st:189 ; CODE/H_TREUILS_BENNE/FB_Safety_Winch.st:208 ; CODE/H_TREUILS_BENNE/FB_Safety_Winch.st:359,CODE/H_TREUILS_BENNE/FB_Safety_Winch.st:359,,,non,non,non,ecrit TRUE en CODE/H_TREUILS_BENNE/FB_Safety_Winch.st:359
BrakeThermalFaultLatched,T1(brief),AUTRE,= FALSE,?,CODE/H_TREUILS_BENNE/FB_Safety_Winch.st,190,FB_Safety_Winch,5,CODE/H_TREUILS_BENNE/FB_Safety_Winch.st:190 ; CODE/H_TREUILS_BENNE/FB_Safety_Winch.st:209 ; CODE/H_TREUILS_BENNE/FB_Safety_Winch.st:366,CODE/H_TREUILS_BENNE/FB_Safety_Winch.st:366,,,non,non,non,ecrit TRUE en CODE/H_TREUILS_BENNE/FB_Safety_Winch.st:366
MecaDFaultLatched,T1(brief),AUTRE,= FALSE,?,CODE/H_TREUILS_BENNE/FB_Safety_Winch.st,191,FB_Safety_Winch,5,CODE/H_TREUILS_BENNE/FB_Safety_Winch.st:191 ; CODE/H_TREUILS_BENNE/FB_Safety_Winch.st:210 ; CODE/H_TREUILS_BENNE/FB_Safety_Winch.st:381,CODE/H_TREUILS_BENNE/FB_Safety_Winch.st:381,,,non,non,non,ecrit TRUE en CODE/H_TREUILS_BENNE/FB_Safety_Winch.st:381
MecaEFaultLatched,T1(brief),AUTRE,= FALSE,?,CODE/H_TREUILS_BENNE/FB_Safety_Winch.st,192,FB_Safety_Winch,7,CODE/H_TREUILS_BENNE/FB_Safety_Winch.st:192 ; CODE/H_TREUILS_BENNE/FB_Safety_Winch.st:211 ; CODE/H_TREUILS_BENNE/FB_Safety_Winch.st:252 ; CODE/H_TREUILS_BENNE/FB_Safety_Winch.st:397,CODE/H_TREUILS_BENNE/FB_Safety_Winch.st:397,,,non,non,non,ecrit TRUE en CODE/H_TREUILS_BENNE/FB_Safety_Winch.st:397
MecaEEscaladeFaultLatched,T1(brief),AUTRE,= FALSE,?,CODE/H_TREUILS_BENNE/FB_Safety_Winch.st,193,FB_Safety_Winch,7,CODE/H_TREUILS_BENNE/FB_Safety_Winch.st:193 ; CODE/H_TREUILS_BENNE/FB_Safety_Winch.st:212 ; CODE/H_TREUILS_BENNE/FB_Safety_Winch.st:253 ; CODE/H_TREUILS_BENNE/FB_Safety_Winch.st:407 ; CODE/H_TREUILS_BENNE/FB_Safety_Winch.st:412,CODE/H_TREUILS_BENNE/FB_Safety_Winch.st:407,,,non,non,non,ecrit TRUE en CODE/H_TREUILS_BENNE/FB_Safety_Winch.st:407
OppositeDirectionFaultLatched,T1(brief),AUTRE,= FALSE,?,CODE/H_TREUILS_BENNE/FB_Safety_Winch.st,194,FB_Safety_Winch,5,CODE/H_TREUILS_BENNE/FB_Safety_Winch.st:194 ; CODE/H_TREUILS_BENNE/FB_Safety_Winch.st:213 ; CODE/H_TREUILS_BENNE/FB_Safety_Winch.st:426,CODE/H_TREUILS_BENNE/FB_Safety_Winch.st:426,,,non,non,non,ecrit TRUE en CODE/H_TREUILS_BENNE/FB_Safety_Winch.st:426
NoMovementFaultLatched,T1(brief),AUTRE,= FALSE,?,CODE/H_TREUILS_BENNE/FB_Safety_Winch.st,195,FB_Safety_Winch,5,CODE/H_TREUILS_BENNE/FB_Safety_Winch.st:195 ; CODE/H_TREUILS_BENNE/FB_Safety_Winch.st:214 ; CODE/H_TREUILS_BENNE/FB_Safety_Winch.st:444,CODE/H_TREUILS_BENNE/FB_Safety_Winch.st:444,,,non,non,non,ecrit TRUE en CODE/H_TREUILS_BENNE/FB_Safety_Winch.st:444
OverspeedFaultLatched,T1(brief),AUTRE,= FALSE,?,CODE/H_TREUILS_BENNE/FB_Safety_Winch.st,196,FB_Safety_Winch,6,CODE/H_TREUILS_BENNE/FB_Safety_Winch.st:196 ; CODE/H_TREUILS_BENNE/FB_Safety_Winch.st:215 ; CODE/H_TREUILS_BENNE/FB_Safety_Winch.st:454,CODE/H_TREUILS_BENNE/FB_Safety_Winch.st:454,,,non,non,non,ecrit TRUE en CODE/H_TREUILS_BENNE/FB_Safety_Winch.st:454
EncoderFaultLatched,T1(brief),AUTRE,= FALSE,?,CODE/H_TREUILS_BENNE/FB_Safety_Winch.st,203,FB_Safety_Winch,5,CODE/H_TREUILS_BENNE/FB_Safety_Winch.st:184 ; CODE/H_TREUILS_BENNE/FB_Safety_Winch.st:203 ; CODE/H_TREUILS_BENNE/FB_Safety_Winch.st:278,CODE/H_TREUILS_BENNE/FB_Safety_Winch.st:278,,,non,non,non,ecrit TRUE en CODE/H_TREUILS_BENNE/FB_Safety_Winch.st:278
MotorThermalFaultLatched,T1(brief),AUTRE,= FALSE,?,CODE/H_TREUILS_BENNE/FB_Safety_Winch.st,204,FB_Safety_Winch,5,CODE/H_TREUILS_BENNE/FB_Safety_Winch.st:185 ; CODE/H_TREUILS_BENNE/FB_Safety_Winch.st:204 ; CODE/H_TREUILS_BENNE/FB_Safety_Winch.st:286,CODE/H_TREUILS_BENNE/FB_Safety_Winch.st:286,,,non,non,non,ecrit TRUE en CODE/H_TREUILS_BENNE/FB_Safety_Winch.st:286
PhaseRotationFaultLatched,T1(brief),AUTRE,= FALSE,?,CODE/H_TREUILS_BENNE/FB_Safety_Winch.st,205,FB_Safety_Winch,5,CODE/H_TREUILS_BENNE/FB_Safety_Winch.st:186 ; CODE/H_TREUILS_BENNE/FB_Safety_Winch.st:205 ; CODE/H_TREUILS_BENNE/FB_Safety_Winch.st:303,CODE/H_TREUILS_BENNE/FB_Safety_Winch.st:303,,,non,non,non,ecrit TRUE en CODE/H_TREUILS_BENNE/FB_Safety_Winch.st:303
MecaAFaultLatched,T1(brief),AUTRE,= FALSE,?,CODE/H_TREUILS_BENNE/FB_Safety_Winch.st,206,FB_Safety_Winch,6,CODE/H_TREUILS_BENNE/FB_Safety_Winch.st:187 ; CODE/H_TREUILS_BENNE/FB_Safety_Winch.st:206 ; CODE/H_TREUILS_BENNE/FB_Safety_Winch.st:251 ; CODE/H_TREUILS_BENNE/FB_Safety_Winch.st:334,CODE/H_TREUILS_BENNE/FB_Safety_Winch.st:334,,,non,non,non,ecrit TRUE en CODE/H_TREUILS_BENNE/FB_Safety_Winch.st:334
MecaBFaultLatched,T1(brief),AUTRE,= FALSE,?,CODE/H_TREUILS_BENNE/FB_Safety_Winch.st,207,FB_Safety_Winch,6,CODE/H_TREUILS_BENNE/FB_Safety_Winch.st:188 ; CODE/H_TREUILS_BENNE/FB_Safety_Winch.st:207 ; CODE/H_TREUILS_BENNE/FB_Safety_Winch.st:343,CODE/H_TREUILS_BENNE/FB_Safety_Winch.st:343,,,non,non,non,ecrit TRUE en CODE/H_TREUILS_BENNE/FB_Safety_Winch.st:343
MecaCFaultLatched,T1(brief),AUTRE,= FALSE,?,CODE/H_TREUILS_BENNE/FB_Safety_Winch.st,208,FB_Safety_Winch,5,CODE/H_TREUILS_BENNE/FB_Safety_Winch.st:189 ; CODE/H_TREUILS_BENNE/FB_Safety_Winch.st:208 ; CODE/H_TREUILS_BENNE/FB_Safety_Winch.st:359,CODE/H_TREUILS_BENNE/FB_Safety_Winch.st:359,,,non,non,non,ecrit TRUE en CODE/H_TREUILS_BENNE/FB_Safety_Winch.st:359
BrakeThermalFaultLatched,T1(brief),AUTRE,= FALSE,?,CODE/H_TREUILS_BENNE/FB_Safety_Winch.st,209,FB_Safety_Winch,5,CODE/H_TREUILS_BENNE/FB_Safety_Winch.st:190 ; CODE/H_TREUILS_BENNE/FB_Safety_Winch.st:209 ; CODE/H_TREUILS_BENNE/FB_Safety_Winch.st:366,CODE/H_TREUILS_BENNE/FB_Safety_Winch.st:366,,,non,non,non,ecrit TRUE en CODE/H_TREUILS_BENNE/FB_Safety_Winch.st:366
MecaDFaultLatched,T1(brief),AUTRE,= FALSE,?,CODE/H_TREUILS_BENNE/FB_Safety_Winch.st,210,FB_Safety_Winch,5,CODE/H_TREUILS_BENNE/FB_Safety_Winch.st:191 ; CODE/H_TREUILS_BENNE/FB_Safety_Winch.st:210 ; CODE/H_TREUILS_BENNE/FB_Safety_Winch.st:381,CODE/H_TREUILS_BENNE/FB_Safety_Winch.st:381,,,non,non,non,ecrit TRUE en CODE/H_TREUILS_BENNE/FB_Safety_Winch.st:381
MecaEFaultLatched,T1(brief),AUTRE,= FALSE,?,CODE/H_TREUILS_BENNE/FB_Safety_Winch.st,211,FB_Safety_Winch,7,CODE/H_TREUILS_BENNE/FB_Safety_Winch.st:192 ; CODE/H_TREUILS_BENNE/FB_Safety_Winch.st:211 ; CODE/H_TREUILS_BENNE/FB_Safety_Winch.st:252 ; CODE/H_TREUILS_BENNE/FB_Safety_Winch.st:397,CODE/H_TREUILS_BENNE/FB_Safety_Winch.st:397,,,non,non,non,ecrit TRUE en CODE/H_TREUILS_BENNE/FB_Safety_Winch.st:397
MecaEEscaladeFaultLatched,T1(brief),AUTRE,= FALSE,?,CODE/H_TREUILS_BENNE/FB_Safety_Winch.st,212,FB_Safety_Winch,7,CODE/H_TREUILS_BENNE/FB_Safety_Winch.st:193 ; CODE/H_TREUILS_BENNE/FB_Safety_Winch.st:212 ; CODE/H_TREUILS_BENNE/FB_Safety_Winch.st:253 ; CODE/H_TREUILS_BENNE/FB_Safety_Winch.st:407 ; CODE/H_TREUILS_BENNE/FB_Safety_Winch.st:412,CODE/H_TREUILS_BENNE/FB_Safety_Winch.st:407,,,non,non,non,ecrit TRUE en CODE/H_TREUILS_BENNE/FB_Safety_Winch.st:407
OppositeDirectionFaultLatched,T1(brief),AUTRE,= FALSE,?,CODE/H_TREUILS_BENNE/FB_Safety_Winch.st,213,FB_Safety_Winch,5,CODE/H_TREUILS_BENNE/FB_Safety_Winch.st:194 ; CODE/H_TREUILS_BENNE/FB_Safety_Winch.st:213 ; CODE/H_TREUILS_BENNE/FB_Safety_Winch.st:426,CODE/H_TREUILS_BENNE/FB_Safety_Winch.st:426,,,non,non,non,ecrit TRUE en CODE/H_TREUILS_BENNE/FB_Safety_Winch.st:426
NoMovementFaultLatched,T1(brief),AUTRE,= FALSE,?,CODE/H_TREUILS_BENNE/FB_Safety_Winch.st,214,FB_Safety_Winch,5,CODE/H_TREUILS_BENNE/FB_Safety_Winch.st:195 ; CODE/H_TREUILS_BENNE/FB_Safety_Winch.st:214 ; CODE/H_TREUILS_BENNE/FB_Safety_Winch.st:444,CODE/H_TREUILS_BENNE/FB_Safety_Winch.st:444,,,non,non,non,ecrit TRUE en CODE/H_TREUILS_BENNE/FB_Safety_Winch.st:444
OverspeedFaultLatched,T1(brief),AUTRE,= FALSE,?,CODE/H_TREUILS_BENNE/FB_Safety_Winch.st,215,FB_Safety_Winch,6,CODE/H_TREUILS_BENNE/FB_Safety_Winch.st:196 ; CODE/H_TREUILS_BENNE/FB_Safety_Winch.st:215 ; CODE/H_TREUILS_BENNE/FB_Safety_Winch.st:454,CODE/H_TREUILS_BENNE/FB_Safety_Winch.st:454,,,non,non,non,ecrit TRUE en CODE/H_TREUILS_BENNE/FB_Safety_Winch.st:454
MecaAFaultLatched,T1(brief),AUTRE,= FALSE,?,CODE/H_TREUILS_BENNE/FB_Safety_Winch.st,251,FB_Safety_Winch,6,CODE/H_TREUILS_BENNE/FB_Safety_Winch.st:187 ; CODE/H_TREUILS_BENNE/FB_Safety_Winch.st:206 ; CODE/H_TREUILS_BENNE/FB_Safety_Winch.st:251 ; CODE/H_TREUILS_BENNE/FB_Safety_Winch.st:334,CODE/H_TREUILS_BENNE/FB_Safety_Winch.st:334,,,non,non,non,ecrit TRUE en CODE/H_TREUILS_BENNE/FB_Safety_Winch.st:334
MecaEFaultLatched,T1(brief),AUTRE,= FALSE,?,CODE/H_TREUILS_BENNE/FB_Safety_Winch.st,252,FB_Safety_Winch,7,CODE/H_TREUILS_BENNE/FB_Safety_Winch.st:192 ; CODE/H_TREUILS_BENNE/FB_Safety_Winch.st:211 ; CODE/H_TREUILS_BENNE/FB_Safety_Winch.st:252 ; CODE/H_TREUILS_BENNE/FB_Safety_Winch.st:397,CODE/H_TREUILS_BENNE/FB_Safety_Winch.st:397,,,non,non,non,ecrit TRUE en CODE/H_TREUILS_BENNE/FB_Safety_Winch.st:397
MecaEEscaladeFaultLatched,T1(brief),AUTRE,= FALSE,?,CODE/H_TREUILS_BENNE/FB_Safety_Winch.st,253,FB_Safety_Winch,7,CODE/H_TREUILS_BENNE/FB_Safety_Winch.st:193 ; CODE/H_TREUILS_BENNE/FB_Safety_Winch.st:212 ; CODE/H_TREUILS_BENNE/FB_Safety_Winch.st:253 ; CODE/H_TREUILS_BENNE/FB_Safety_Winch.st:407 ; CODE/H_TREUILS_BENNE/FB_Safety_Winch.st:412,CODE/H_TREUILS_BENNE/FB_Safety_Winch.st:407,,,non,non,non,ecrit TRUE en CODE/H_TREUILS_BENNE/FB_Safety_Winch.st:407
EncoderFaultLatched,T1(brief),AUTRE,= TRUE,?,CODE/H_TREUILS_BENNE/FB_Safety_Winch.st,278,FB_Safety_Winch,5,CODE/H_TREUILS_BENNE/FB_Safety_Winch.st:184 ; CODE/H_TREUILS_BENNE/FB_Safety_Winch.st:203 ; CODE/H_TREUILS_BENNE/FB_Safety_Winch.st:278,CODE/H_TREUILS_BENNE/FB_Safety_Winch.st:278,,,non,non,non,ecrit TRUE en CODE/H_TREUILS_BENNE/FB_Safety_Winch.st:278
MotorThermalFaultLatched,T1(brief),AUTRE,= TRUE,?,CODE/H_TREUILS_BENNE/FB_Safety_Winch.st,286,FB_Safety_Winch,5,CODE/H_TREUILS_BENNE/FB_Safety_Winch.st:185 ; CODE/H_TREUILS_BENNE/FB_Safety_Winch.st:204 ; CODE/H_TREUILS_BENNE/FB_Safety_Winch.st:286,CODE/H_TREUILS_BENNE/FB_Safety_Winch.st:286,,,non,non,non,ecrit TRUE en CODE/H_TREUILS_BENNE/FB_Safety_Winch.st:286
PhaseRotationFaultLatched,T1(brief),AUTRE,= TRUE,?,CODE/H_TREUILS_BENNE/FB_Safety_Winch.st,303,FB_Safety_Winch,5,CODE/H_TREUILS_BENNE/FB_Safety_Winch.st:186 ; CODE/H_TREUILS_BENNE/FB_Safety_Winch.st:205 ; CODE/H_TREUILS_BENNE/FB_Safety_Winch.st:303,CODE/H_TREUILS_BENNE/FB_Safety_Winch.st:303,,,non,non,non,ecrit TRUE en CODE/H_TREUILS_BENNE/FB_Safety_Winch.st:303
BrakeThermalFaultLatched,T1(brief),AUTRE,= TRUE,?,CODE/H_TREUILS_BENNE/FB_Safety_Winch.st,366,FB_Safety_Winch,5,CODE/H_TREUILS_BENNE/FB_Safety_Winch.st:190 ; CODE/H_TREUILS_BENNE/FB_Safety_Winch.st:209 ; CODE/H_TREUILS_BENNE/FB_Safety_Winch.st:366,CODE/H_TREUILS_BENNE/FB_Safety_Winch.st:366,,,non,non,non,ecrit TRUE en CODE/H_TREUILS_BENNE/FB_Safety_Winch.st:366
MecaEFaultLatched,T1(brief),AUTRE,= TRUE,?,CODE/H_TREUILS_BENNE/FB_Safety_Winch.st,397,FB_Safety_Winch,7,CODE/H_TREUILS_BENNE/FB_Safety_Winch.st:192 ; CODE/H_TREUILS_BENNE/FB_Safety_Winch.st:211 ; CODE/H_TREUILS_BENNE/FB_Safety_Winch.st:252 ; CODE/H_TREUILS_BENNE/FB_Safety_Winch.st:397,CODE/H_TREUILS_BENNE/FB_Safety_Winch.st:397,,,non,non,non,ecrit TRUE en CODE/H_TREUILS_BENNE/FB_Safety_Winch.st:397
MecaEEscaladeFaultLatched,T1(brief),AUTRE,= TRUE,?,CODE/H_TREUILS_BENNE/FB_Safety_Winch.st,412,FB_Safety_Winch,7,CODE/H_TREUILS_BENNE/FB_Safety_Winch.st:193 ; CODE/H_TREUILS_BENNE/FB_Safety_Winch.st:212 ; CODE/H_TREUILS_BENNE/FB_Safety_Winch.st:253 ; CODE/H_TREUILS_BENNE/FB_Safety_Winch.st:407 ; CODE/H_TREUILS_BENNE/FB_Safety_Winch.st:412,CODE/H_TREUILS_BENNE/FB_Safety_Winch.st:407,,,non,non,non,ecrit TRUE en CODE/H_TREUILS_BENNE/FB_Safety_Winch.st:407
OverspeedFaultLatched,T1(brief),AUTRE,= TRUE,?,CODE/H_TREUILS_BENNE/FB_Safety_Winch.st,454,FB_Safety_Winch,6,CODE/H_TREUILS_BENNE/FB_Safety_Winch.st:196 ; CODE/H_TREUILS_BENNE/FB_Safety_Winch.st:215 ; CODE/H_TREUILS_BENNE/FB_Safety_Winch.st:454,CODE/H_TREUILS_BENNE/FB_Safety_Winch.st:454,,,non,non,non,ecrit TRUE en CODE/H_TREUILS_BENNE/FB_Safety_Winch.st:454
OverspeedFault,T1(brief),AUTRE,= OverspeedFaultLatched,?,CODE/H_TREUILS_BENNE/FB_Safety_Winch.st,485,FB_Safety_Winch,4,CODE/H_TREUILS_BENNE/FB_Safety_Winch.st:485,,,,non,non,non,ecrit (jamais TRUE litteral) en CODE/H_TREUILS_BENNE/FB_Safety_Winch.st:485
Fault,T1(brief),AUTRE,= instFault.Fault,?,CODE/H_TREUILS_BENNE/FB_Safety_Winch.st,489,FB_Safety_Winch,254,CODE/A_COMMUN/FB_Brake.st:85 ; CODE/A_COMMUN/FB_Brake.st:131 ; CODE/B_AU_SECURITE/FB_Safety_EmergencyManagement.st:502 ; CODE/D_JOYSTICK/FB_Joystick.st:148 ; CODE/E_CODEURS/FB_Encoder.st:110 ; CODE/E_CODEURS/FB_Encoder.st:235,,,CODE/M_MAIN/PRG_07_Supervision.st:583 ; CODE/M_MAIN/PRG_07_Supervision.st:588 ; CODE/M_MAIN/PRG_07_Supervision.st:627 ; CODE/M_MAIN/PRG_07_Supervision.st:628,oui,non,non,ecrit (jamais TRUE litteral) en CODE/A_COMMUN/FB_Brake.st:85
ConfigError,T1(brief),SORTIE_BOOL_PRODUCTEUR,BOOL,VAR_OUTPUT,CODE/H_TREUILS_BENNE/FB_SpeedStep.st,24,FB_SpeedStep,3,CODE/H_TREUILS_BENNE/FB_SpeedStep.st:56,,,,non,non,non,ecrit (jamais TRUE litteral) en CODE/H_TREUILS_BENNE/FB_SpeedStep.st:56
ConfigErrorId,T1(brief),BITFIELD_OU_INDEX,WORD,VAR_OUTPUT,CODE/H_TREUILS_BENNE/FB_SpeedStep.st,25,FB_SpeedStep,3,CODE/H_TREUILS_BENNE/FB_SpeedStep.st:55,,,,non,non,non,ecrit (jamais TRUE litteral) en CODE/H_TREUILS_BENNE/FB_SpeedStep.st:55
_ConfigErrorIdInt,T1(brief),BITFIELD_OU_INDEX,WORD,VAR,CODE/H_TREUILS_BENNE/FB_SpeedStep.st,29,FB_SpeedStep,7,CODE/H_TREUILS_BENNE/FB_SpeedStep.st:43 ; CODE/H_TREUILS_BENNE/FB_SpeedStep.st:49 ; CODE/H_TREUILS_BENNE/FB_SpeedStep.st:53,,,,non,non,non,ecrit (jamais TRUE litteral) en CODE/H_TREUILS_BENNE/FB_SpeedStep.st:43
_ConfigErrorIdInt,T1(brief),AUTRE,= 16#0000,?,CODE/H_TREUILS_BENNE/FB_SpeedStep.st,43,FB_SpeedStep,7,CODE/H_TREUILS_BENNE/FB_SpeedStep.st:43 ; CODE/H_TREUILS_BENNE/FB_SpeedStep.st:49 ; CODE/H_TREUILS_BENNE/FB_SpeedStep.st:53,,,,non,non,non,ecrit (jamais TRUE litteral) en CODE/H_TREUILS_BENNE/FB_SpeedStep.st:43
_ConfigErrorIdInt,T1(brief),AUTRE,= _ConfigErrorIdInt OR 16#0001,?,CODE/H_TREUILS_BENNE/FB_SpeedStep.st,49,FB_SpeedStep,7,CODE/H_TREUILS_BENNE/FB_SpeedStep.st:43 ; CODE/H_TREUILS_BENNE/FB_SpeedStep.st:49 ; CODE/H_TREUILS_BENNE/FB_SpeedStep.st:53,,,,non,non,non,ecrit (jamais TRUE litteral) en CODE/H_TREUILS_BENNE/FB_SpeedStep.st:43
_ConfigErrorIdInt,T1(brief),AUTRE,= _ConfigErrorIdInt OR 16#0001,?,CODE/H_TREUILS_BENNE/FB_SpeedStep.st,53,FB_SpeedStep,7,CODE/H_TREUILS_BENNE/FB_SpeedStep.st:43 ; CODE/H_TREUILS_BENNE/FB_SpeedStep.st:49 ; CODE/H_TREUILS_BENNE/FB_SpeedStep.st:53,,,,non,non,non,ecrit (jamais TRUE litteral) en CODE/H_TREUILS_BENNE/FB_SpeedStep.st:43
ConfigErrorId,T1(brief),AUTRE,= _ConfigErrorIdInt,?,CODE/H_TREUILS_BENNE/FB_SpeedStep.st,55,FB_SpeedStep,3,CODE/H_TREUILS_BENNE/FB_SpeedStep.st:55,,,,non,non,non,ecrit (jamais TRUE litteral) en CODE/H_TREUILS_BENNE/FB_SpeedStep.st:55
Diag,T1(brief),BRIQUE_ST_FAULT,ST_SyncContactorDiag,VAR_OUTPUT,CODE/H_TREUILS_BENNE/FB_SyncContactor.st,51,FB_SyncContactor,40,CODE/M_MAIN/PRG_07_Supervision.st:578,,,CODE/M_MAIN/PRG_07_Supervision.st:578,oui,oui,non,"brique ST_Fault : porteuse d'un bitfield, voir lignes de causes"
SyncDeviationFault,T1(brief),SORTIE_BOOL_PRODUCTEUR,BOOL,VAR_OUTPUT,CODE/H_TREUILS_BENNE/FB_SyncDeviation.st,40,FB_SyncDeviation,10,CODE/H_TREUILS_BENNE/FB_SyncDeviation.st:57 ; CODE/H_TREUILS_BENNE/FB_SyncDeviation.st:96 ; CODE/H_TREUILS_BENNE/FB_SyncDeviation.st:99 ; CODE/H_TREUILS_BENNE/FB_WinchSync.st:98 ; CODE/H_TREUILS_BENNE/FB_WinchSync.st:145,,,,non,non,non,ecrit (jamais TRUE litteral) en CODE/H_TREUILS_BENNE/FB_SyncDeviation.st:57
DeviationFaultTimer,T1(brief),TIMER_ANTI_REBOND,TON,VAR,CODE/H_TREUILS_BENNE/FB_SyncDeviation.st,45,FB_SyncDeviation,3,,,,,non,non,non,seulement lu (CODE/H_TREUILS_BENNE/FB_SyncDeviation.st:45)
FaultActive,T1(brief),BOOL_INTERNE,BOOL,VAR,CODE/H_TREUILS_BENNE/FB_SyncDeviation.st,49,FB_SyncDeviation,3,CODE/H_TREUILS_BENNE/FB_SyncDeviation.st:82,,,,non,non,non,ecrit (jamais TRUE litteral) en CODE/H_TREUILS_BENNE/FB_SyncDeviation.st:82
WarnLatched,T2(elargi),BOOL_INTERNE,BOOL,VAR,CODE/H_TREUILS_BENNE/FB_SyncDeviation.st,50,FB_SyncDeviation,7,CODE/H_TREUILS_BENNE/FB_SyncDeviation.st:58 ; CODE/H_TREUILS_BENNE/FB_SyncDeviation.st:87 ; CODE/H_TREUILS_BENNE/FB_SyncDeviation.st:89 ; CODE/H_TREUILS_BENNE/FB_SyncDeviation.st:91 ; CODE/H_TREUILS_BENNE/FB_SyncDeviation.st:100,CODE/H_TREUILS_BENNE/FB_SyncDeviation.st:89,,,non,non,non,ecrit TRUE en CODE/H_TREUILS_BENNE/FB_SyncDeviation.st:89
WarnLatched,T2(elargi),AUTRE,= FALSE,?,CODE/H_TREUILS_BENNE/FB_SyncDeviation.st,58,FB_SyncDeviation,7,CODE/H_TREUILS_BENNE/FB_SyncDeviation.st:58 ; CODE/H_TREUILS_BENNE/FB_SyncDeviation.st:87 ; CODE/H_TREUILS_BENNE/FB_SyncDeviation.st:89 ; CODE/H_TREUILS_BENNE/FB_SyncDeviation.st:91 ; CODE/H_TREUILS_BENNE/FB_SyncDeviation.st:100,CODE/H_TREUILS_BENNE/FB_SyncDeviation.st:89,,,non,non,non,ecrit TRUE en CODE/H_TREUILS_BENNE/FB_SyncDeviation.st:89
WarnLatched,T2(elargi),AUTRE,= FALSE,?,CODE/H_TREUILS_BENNE/FB_SyncDeviation.st,87,FB_SyncDeviation,7,CODE/H_TREUILS_BENNE/FB_SyncDeviation.st:58 ; CODE/H_TREUILS_BENNE/FB_SyncDeviation.st:87 ; CODE/H_TREUILS_BENNE/FB_SyncDeviation.st:89 ; CODE/H_TREUILS_BENNE/FB_SyncDeviation.st:91 ; CODE/H_TREUILS_BENNE/FB_SyncDeviation.st:100,CODE/H_TREUILS_BENNE/FB_SyncDeviation.st:89,,,non,non,non,ecrit TRUE en CODE/H_TREUILS_BENNE/FB_SyncDeviation.st:89
WarnLatched,T2(elargi),AUTRE,= TRUE,?,CODE/H_TREUILS_BENNE/FB_SyncDeviation.st,89,FB_SyncDeviation,7,CODE/H_TREUILS_BENNE/FB_SyncDeviation.st:58 ; CODE/H_TREUILS_BENNE/FB_SyncDeviation.st:87 ; CODE/H_TREUILS_BENNE/FB_SyncDeviation.st:89 ; CODE/H_TREUILS_BENNE/FB_SyncDeviation.st:91 ; CODE/H_TREUILS_BENNE/FB_SyncDeviation.st:100,CODE/H_TREUILS_BENNE/FB_SyncDeviation.st:89,,,non,non,non,ecrit TRUE en CODE/H_TREUILS_BENNE/FB_SyncDeviation.st:89
WarnLatched,T2(elargi),AUTRE,= FALSE,?,CODE/H_TREUILS_BENNE/FB_SyncDeviation.st,91,FB_SyncDeviation,7,CODE/H_TREUILS_BENNE/FB_SyncDeviation.st:58 ; CODE/H_TREUILS_BENNE/FB_SyncDeviation.st:87 ; CODE/H_TREUILS_BENNE/FB_SyncDeviation.st:89 ; CODE/H_TREUILS_BENNE/FB_SyncDeviation.st:91 ; CODE/H_TREUILS_BENNE/FB_SyncDeviation.st:100,CODE/H_TREUILS_BENNE/FB_SyncDeviation.st:89,,,non,non,non,ecrit TRUE en CODE/H_TREUILS_BENNE/FB_SyncDeviation.st:89
SyncDeviationFault,T1(brief),AUTRE,= DeviationFaultTimer.Q,?,CODE/H_TREUILS_BENNE/FB_SyncDeviation.st,96,FB_SyncDeviation,10,CODE/H_TREUILS_BENNE/FB_SyncDeviation.st:57 ; CODE/H_TREUILS_BENNE/FB_SyncDeviation.st:96 ; CODE/H_TREUILS_BENNE/FB_SyncDeviation.st:99 ; CODE/H_TREUILS_BENNE/FB_WinchSync.st:98 ; CODE/H_TREUILS_BENNE/FB_WinchSync.st:145,,,,non,non,non,ecrit (jamais TRUE litteral) en CODE/H_TREUILS_BENNE/FB_SyncDeviation.st:57
SyncDeviationFault,T1(brief),AUTRE,= FALSE,?,CODE/H_TREUILS_BENNE/FB_SyncDeviation.st,99,FB_SyncDeviation,10,CODE/H_TREUILS_BENNE/FB_SyncDeviation.st:57 ; CODE/H_TREUILS_BENNE/FB_SyncDeviation.st:96 ; CODE/H_TREUILS_BENNE/FB_SyncDeviation.st:99 ; CODE/H_TREUILS_BENNE/FB_WinchSync.st:98 ; CODE/H_TREUILS_BENNE/FB_WinchSync.st:145,,,,non,non,non,ecrit (jamais TRUE litteral) en CODE/H_TREUILS_BENNE/FB_SyncDeviation.st:57
WarnLatched,T2(elargi),AUTRE,= FALSE,?,CODE/H_TREUILS_BENNE/FB_SyncDeviation.st,100,FB_SyncDeviation,7,CODE/H_TREUILS_BENNE/FB_SyncDeviation.st:58 ; CODE/H_TREUILS_BENNE/FB_SyncDeviation.st:87 ; CODE/H_TREUILS_BENNE/FB_SyncDeviation.st:89 ; CODE/H_TREUILS_BENNE/FB_SyncDeviation.st:91 ; CODE/H_TREUILS_BENNE/FB_SyncDeviation.st:100,CODE/H_TREUILS_BENNE/FB_SyncDeviation.st:89,,,non,non,non,ecrit TRUE en CODE/H_TREUILS_BENNE/FB_SyncDeviation.st:89
Fault,T1(brief),BRIQUE_ST_FAULT,ST_Fault,VAR_OUTPUT,CODE/H_TREUILS_BENNE/FB_Winch.st,41,FB_Winch,254,CODE/A_COMMUN/FB_Brake.st:85 ; CODE/A_COMMUN/FB_Brake.st:131 ; CODE/B_AU_SECURITE/FB_Safety_EmergencyManagement.st:502 ; CODE/D_JOYSTICK/FB_Joystick.st:148 ; CODE/E_CODEURS/FB_Encoder.st:110 ; CODE/E_CODEURS/FB_Encoder.st:235,,,CODE/M_MAIN/PRG_07_Supervision.st:583 ; CODE/M_MAIN/PRG_07_Supervision.st:588 ; CODE/M_MAIN/PRG_07_Supervision.st:627 ; CODE/M_MAIN/PRG_07_Supervision.st:628,oui,non,non,"brique ST_Fault : porteuse d'un bitfield, voir lignes de causes"
SpeedStepConfigFaultLatched,T1(brief),BOOL_INTERNE,BOOL,VAR,CODE/H_TREUILS_BENNE/FB_Winch.st,94,FB_Winch,4,CODE/H_TREUILS_BENNE/FB_Winch.st:109 ; CODE/H_TREUILS_BENNE/FB_Winch.st:114,CODE/H_TREUILS_BENNE/FB_Winch.st:114,,,non,non,non,ecrit TRUE en CODE/H_TREUILS_BENNE/FB_Winch.st:114
instFault,T1(brief),AUTRE,FB_FaultCore,VAR,CODE/H_TREUILS_BENNE/FB_Winch.st,97,FB_Winch,63,,,,,non,non,non,seulement lu (CODE/A_COMMUN/FB_Brake.st:49)
SpeedStepConfigFaultLatched,T1(brief),AUTRE,= FALSE,?,CODE/H_TREUILS_BENNE/FB_Winch.st,109,FB_Winch,4,CODE/H_TREUILS_BENNE/FB_Winch.st:109 ; CODE/H_TREUILS_BENNE/FB_Winch.st:114,CODE/H_TREUILS_BENNE/FB_Winch.st:114,,,non,non,non,ecrit TRUE en CODE/H_TREUILS_BENNE/FB_Winch.st:114
SpeedStepConfigFaultLatched,T1(brief),AUTRE,= TRUE,?,CODE/H_TREUILS_BENNE/FB_Winch.st,114,FB_Winch,4,CODE/H_TREUILS_BENNE/FB_Winch.st:109 ; CODE/H_TREUILS_BENNE/FB_Winch.st:114,CODE/H_TREUILS_BENNE/FB_Winch.st:114,,,non,non,non,ecrit TRUE en CODE/H_TREUILS_BENNE/FB_Winch.st:114
Fault,T1(brief),AUTRE,= instFault.Fault,?,CODE/H_TREUILS_BENNE/FB_Winch.st,130,FB_Winch,254,CODE/A_COMMUN/FB_Brake.st:85 ; CODE/A_COMMUN/FB_Brake.st:131 ; CODE/B_AU_SECURITE/FB_Safety_EmergencyManagement.st:502 ; CODE/D_JOYSTICK/FB_Joystick.st:148 ; CODE/E_CODEURS/FB_Encoder.st:110 ; CODE/E_CODEURS/FB_Encoder.st:235,,,CODE/M_MAIN/PRG_07_Supervision.st:583 ; CODE/M_MAIN/PRG_07_Supervision.st:588 ; CODE/M_MAIN/PRG_07_Supervision.st:627 ; CODE/M_MAIN/PRG_07_Supervision.st:628,oui,non,non,ecrit (jamais TRUE litteral) en CODE/A_COMMUN/FB_Brake.st:85
Fault,T1(brief),BRIQUE_ST_FAULT,ST_Fault,VAR_OUTPUT,CODE/H_TREUILS_BENNE/FB_WinchLoadEstimator.st,32,FB_WinchLoadEstimator,254,CODE/A_COMMUN/FB_Brake.st:85 ; CODE/A_COMMUN/FB_Brake.st:131 ; CODE/B_AU_SECURITE/FB_Safety_EmergencyManagement.st:502 ; CODE/D_JOYSTICK/FB_Joystick.st:148 ; CODE/E_CODEURS/FB_Encoder.st:110 ; CODE/E_CODEURS/FB_Encoder.st:235,,,CODE/M_MAIN/PRG_07_Supervision.st:583 ; CODE/M_MAIN/PRG_07_Supervision.st:588 ; CODE/M_MAIN/PRG_07_Supervision.st:627 ; CODE/M_MAIN/PRG_07_Supervision.st:628,oui,non,non,"brique ST_Fault : porteuse d'un bitfield, voir lignes de causes"
ConfigOrSpeedFault,T1(brief),BOOL_INTERNE,BOOL,VAR,CODE/H_TREUILS_BENNE/FB_WinchLoadEstimator.st,48,FB_WinchLoadEstimator,6,CODE/H_TREUILS_BENNE/FB_WinchLoadEstimator.st:62 ; CODE/H_TREUILS_BENNE/FB_WinchLoadEstimator.st:94 ; CODE/H_TREUILS_BENNE/FB_WinchLoadEstimator.st:113 ; CODE/H_TREUILS_BENNE/FB_WinchLoadEstimator.st:143,CODE/H_TREUILS_BENNE/FB_WinchLoadEstimator.st:94,,,non,non,non,ecrit TRUE en CODE/H_TREUILS_BENNE/FB_WinchLoadEstimator.st:94
instFault,T1(brief),AUTRE,FB_FaultCore,VAR,CODE/H_TREUILS_BENNE/FB_WinchLoadEstimator.st,51,FB_WinchLoadEstimator,63,,,,,non,non,non,seulement lu (CODE/A_COMMUN/FB_Brake.st:49)
ConfigOrSpeedFault,T1(brief),AUTRE,= FALSE,?,CODE/H_TREUILS_BENNE/FB_WinchLoadEstimator.st,62,FB_WinchLoadEstimator,6,CODE/H_TREUILS_BENNE/FB_WinchLoadEstimator.st:62 ; CODE/H_TREUILS_BENNE/FB_WinchLoadEstimator.st:94 ; CODE/H_TREUILS_BENNE/FB_WinchLoadEstimator.st:113 ; CODE/H_TREUILS_BENNE/FB_WinchLoadEstimator.st:143,CODE/H_TREUILS_BENNE/FB_WinchLoadEstimator.st:94,,,non,non,non,ecrit TRUE en CODE/H_TREUILS_BENNE/FB_WinchLoadEstimator.st:94
Fault,T1(brief),AUTRE,= instFault.Fault,?,CODE/H_TREUILS_BENNE/FB_WinchLoadEstimator.st,71,FB_WinchLoadEstimator,254,CODE/A_COMMUN/FB_Brake.st:85 ; CODE/A_COMMUN/FB_Brake.st:131 ; CODE/B_AU_SECURITE/FB_Safety_EmergencyManagement.st:502 ; CODE/D_JOYSTICK/FB_Joystick.st:148 ; CODE/E_CODEURS/FB_Encoder.st:110 ; CODE/E_CODEURS/FB_Encoder.st:235,,,CODE/M_MAIN/PRG_07_Supervision.st:583 ; CODE/M_MAIN/PRG_07_Supervision.st:588 ; CODE/M_MAIN/PRG_07_Supervision.st:627 ; CODE/M_MAIN/PRG_07_Supervision.st:628,oui,non,non,ecrit (jamais TRUE litteral) en CODE/A_COMMUN/FB_Brake.st:85
ConfigOrSpeedFault,T1(brief),AUTRE,= TRUE,?,CODE/H_TREUILS_BENNE/FB_WinchLoadEstimator.st,94,FB_WinchLoadEstimator,6,CODE/H_TREUILS_BENNE/FB_WinchLoadEstimator.st:62 ; CODE/H_TREUILS_BENNE/FB_WinchLoadEstimator.st:94 ; CODE/H_TREUILS_BENNE/FB_WinchLoadEstimator.st:113 ; CODE/H_TREUILS_BENNE/FB_WinchLoadEstimator.st:143,CODE/H_TREUILS_BENNE/FB_WinchLoadEstimator.st:94,,,non,non,non,ecrit TRUE en CODE/H_TREUILS_BENNE/FB_WinchLoadEstimator.st:94
ConfigOrSpeedFault,T1(brief),AUTRE,= TRUE,?,CODE/H_TREUILS_BENNE/FB_WinchLoadEstimator.st,113,FB_WinchLoadEstimator,6,CODE/H_TREUILS_BENNE/FB_WinchLoadEstimator.st:62 ; CODE/H_TREUILS_BENNE/FB_WinchLoadEstimator.st:94 ; CODE/H_TREUILS_BENNE/FB_WinchLoadEstimator.st:113 ; CODE/H_TREUILS_BENNE/FB_WinchLoadEstimator.st:143,CODE/H_TREUILS_BENNE/FB_WinchLoadEstimator.st:94,,,non,non,non,ecrit TRUE en CODE/H_TREUILS_BENNE/FB_WinchLoadEstimator.st:94
ConfigOrSpeedFault,T1(brief),AUTRE,= TRUE,?,CODE/H_TREUILS_BENNE/FB_WinchLoadEstimator.st,143,FB_WinchLoadEstimator,6,CODE/H_TREUILS_BENNE/FB_WinchLoadEstimator.st:62 ; CODE/H_TREUILS_BENNE/FB_WinchLoadEstimator.st:94 ; CODE/H_TREUILS_BENNE/FB_WinchLoadEstimator.st:113 ; CODE/H_TREUILS_BENNE/FB_WinchLoadEstimator.st:143,CODE/H_TREUILS_BENNE/FB_WinchLoadEstimator.st:94,,,non,non,non,ecrit TRUE en CODE/H_TREUILS_BENNE/FB_WinchLoadEstimator.st:94
Fault,T1(brief),BRIQUE_ST_FAULT,ST_Fault,VAR_OUTPUT,CODE/H_TREUILS_BENNE/FB_WinchOutputInterlock.st,53,FB_WinchOutputInterlock,254,CODE/A_COMMUN/FB_Brake.st:85 ; CODE/A_COMMUN/FB_Brake.st:131 ; CODE/B_AU_SECURITE/FB_Safety_EmergencyManagement.st:502 ; CODE/D_JOYSTICK/FB_Joystick.st:148 ; CODE/E_CODEURS/FB_Encoder.st:110 ; CODE/E_CODEURS/FB_Encoder.st:235,,,CODE/M_MAIN/PRG_07_Supervision.st:583 ; CODE/M_MAIN/PRG_07_Supervision.st:588 ; CODE/M_MAIN/PRG_07_Supervision.st:627 ; CODE/M_MAIN/PRG_07_Supervision.st:628,oui,non,non,"brique ST_Fault : porteuse d'un bitfield, voir lignes de causes"
StateAtError,T1(brief),AUTRE,E_WinchFinalInterlockState,VAR_OUTPUT,CODE/H_TREUILS_BENNE/FB_WinchOutputInterlock.st,55,FB_WinchOutputInterlock,10,CODE/C_DIAG_RESEAUX/FB_Diag_CanOpen.st:88 ; CODE/C_DIAG_RESEAUX/FB_Diag_CanOpen.st:137 ; CODE/C_DIAG_RESEAUX/FB_Diag_CanOpen.st:138 ; CODE/C_DIAG_RESEAUX/FB_Diag_Ethercat.st:116 ; CODE/C_DIAG_RESEAUX/FB_Diag_Ethercat.st:117 ; CODE/C_DIAG_RESEAUX/FB_Diag_Ethercat.st:118,,,,non,non,non,ecrit (jamais TRUE litteral) en CODE/C_DIAG_RESEAUX/FB_Diag_CanOpen.st:88
ErrorEdge,T1(brief),TIMER_ANTI_REBOND,R_TRIG,VAR,CODE/H_TREUILS_BENNE/FB_WinchOutputInterlock.st,90,FB_WinchOutputInterlock,6,,,,,non,non,non,seulement lu (CODE/G_CYCLE/FB_CycleSemiAuto.st:167)
ContactorStuckLatched,T2(elargi),BOOL_INTERNE,BOOL,VAR,CODE/H_TREUILS_BENNE/FB_WinchOutputInterlock.st,115,FB_WinchOutputInterlock,8,CODE/H_TREUILS_BENNE/FB_WinchOutputInterlock.st:317 ; CODE/H_TREUILS_BENNE/FB_WinchOutputInterlock.st:513,CODE/H_TREUILS_BENNE/FB_WinchOutputInterlock.st:317,,,non,non,non,ecrit TRUE en CODE/H_TREUILS_BENNE/FB_WinchOutputInterlock.st:317
Error,T1(brief),BOOL_INTERNE,BOOL,VAR,CODE/H_TREUILS_BENNE/FB_WinchOutputInterlock.st,121,FB_WinchOutputInterlock,139,CODE/A_COMMUN/FB_FaultCore.st:57 ; CODE/B_AU_SECURITE/FB_Safety_EmergencyManagement.st:575 ; CODE/C_DIAG_RESEAUX/FB_Diag_CanOpen.st:52 ; CODE/C_DIAG_RESEAUX/FB_Diag_CanOpen.st:57 ; CODE/C_DIAG_RESEAUX/FB_Diag_CanOpen.st:128 ; CODE/C_DIAG_RESEAUX/FB_Diag_CanOpen.st:132,,,CODE/M_MAIN/PRG_07_Supervision.st:587 ; CODE/M_MAIN/PRG_07_Supervision.st:589 ; CODE/M_MAIN/PRG_07_Supervision.st:591 ; CODE/M_MAIN/PRG_07_Supervision.st:592,oui,oui,non,ecrit (jamais TRUE litteral) en CODE/A_COMMUN/FB_FaultCore.st:57
ErrorId,T1(brief),BITFIELD_OU_INDEX,WORD,VAR,CODE/H_TREUILS_BENNE/FB_WinchOutputInterlock.st,122,FB_WinchOutputInterlock,165,CODE/A_COMMUN/FB_FaultCore.st:49 ; CODE/A_COMMUN/FB_FaultCore.st:53 ; CODE/B_AU_SECURITE/FB_Safety_EmergencyManagement.st:576 ; CODE/C_DIAG_RESEAUX/FB_Diag_CanOpen.st:53 ; CODE/C_DIAG_RESEAUX/FB_Diag_CanOpen.st:58 ; CODE/C_DIAG_RESEAUX/FB_Diag_CanOpen.st:81,,CODE/J_SUPERVISION/FB_Hmi_BannerFormatter.st:766 ; CODE/J_SUPERVISION/FB_Hmi_BannerFormatter.st:766 ; CODE/J_SUPERVISION/FB_Hmi_BannerFormatter.st:778 ; CODE/J_SUPERVISION/FB_Hmi_BannerFormatter.st:778,CODE/M_MAIN/PRG_07_Supervision.st:628 ; CODE/M_MAIN/PRG_07_Supervision.st:628 ; CODE/M_MAIN/PRG_07_Supervision.st:633 ; CODE/M_MAIN/PRG_07_Supervision.st:633,non,oui,non,ecrit (jamais TRUE litteral) en CODE/A_COMMUN/FB_FaultCore.st:49
instFault,T1(brief),AUTRE,FB_FaultCore,VAR,CODE/H_TREUILS_BENNE/FB_WinchOutputInterlock.st,125,FB_WinchOutputInterlock,63,,,,,non,non,non,seulement lu (CODE/A_COMMUN/FB_Brake.st:49)
StateAtError,T1(brief),AUTRE,= State,?,CODE/H_TREUILS_BENNE/FB_WinchOutputInterlock.st,196,FB_WinchOutputInterlock,10,CODE/C_DIAG_RESEAUX/FB_Diag_CanOpen.st:88 ; CODE/C_DIAG_RESEAUX/FB_Diag_CanOpen.st:137 ; CODE/C_DIAG_RESEAUX/FB_Diag_CanOpen.st:138 ; CODE/C_DIAG_RESEAUX/FB_Diag_Ethercat.st:116 ; CODE/C_DIAG_RESEAUX/FB_Diag_Ethercat.st:117 ; CODE/C_DIAG_RESEAUX/FB_Diag_Ethercat.st:118,,,,non,non,non,ecrit (jamais TRUE litteral) en CODE/C_DIAG_RESEAUX/FB_Diag_CanOpen.st:88
ContactorStuckLatched,T2(elargi),AUTRE,= TRUE,?,CODE/H_TREUILS_BENNE/FB_WinchOutputInterlock.st,317,FB_WinchOutputInterlock,8,CODE/H_TREUILS_BENNE/FB_WinchOutputInterlock.st:317 ; CODE/H_TREUILS_BENNE/FB_WinchOutputInterlock.st:513,CODE/H_TREUILS_BENNE/FB_WinchOutputInterlock.st:317,,,non,non,non,ecrit TRUE en CODE/H_TREUILS_BENNE/FB_WinchOutputInterlock.st:317
ContactorStuckLatched,T2(elargi),AUTRE,= FALSE,?,CODE/H_TREUILS_BENNE/FB_WinchOutputInterlock.st,513,FB_WinchOutputInterlock,8,CODE/H_TREUILS_BENNE/FB_WinchOutputInterlock.st:317 ; CODE/H_TREUILS_BENNE/FB_WinchOutputInterlock.st:513,CODE/H_TREUILS_BENNE/FB_WinchOutputInterlock.st:317,,,non,non,non,ecrit TRUE en CODE/H_TREUILS_BENNE/FB_WinchOutputInterlock.st:317
ErrorId,T1(brief),AUTRE,= ErrorId OR 16#0001,?,CODE/H_TREUILS_BENNE/FB_WinchOutputInterlock.st,516,FB_WinchOutputInterlock,165,CODE/A_COMMUN/FB_FaultCore.st:49 ; CODE/A_COMMUN/FB_FaultCore.st:53 ; CODE/B_AU_SECURITE/FB_Safety_EmergencyManagement.st:576 ; CODE/C_DIAG_RESEAUX/FB_Diag_CanOpen.st:53 ; CODE/C_DIAG_RESEAUX/FB_Diag_CanOpen.st:58 ; CODE/C_DIAG_RESEAUX/FB_Diag_CanOpen.st:81,,CODE/J_SUPERVISION/FB_Hmi_BannerFormatter.st:766 ; CODE/J_SUPERVISION/FB_Hmi_BannerFormatter.st:766 ; CODE/J_SUPERVISION/FB_Hmi_BannerFormatter.st:778 ; CODE/J_SUPERVISION/FB_Hmi_BannerFormatter.st:778,CODE/M_MAIN/PRG_07_Supervision.st:628 ; CODE/M_MAIN/PRG_07_Supervision.st:628 ; CODE/M_MAIN/PRG_07_Supervision.st:633 ; CODE/M_MAIN/PRG_07_Supervision.st:633,non,oui,non,ecrit (jamais TRUE litteral) en CODE/A_COMMUN/FB_FaultCore.st:49
ErrorId,T1(brief),AUTRE,= ErrorId AND 16#FFFE,?,CODE/H_TREUILS_BENNE/FB_WinchOutputInterlock.st,518,FB_WinchOutputInterlock,165,CODE/A_COMMUN/FB_FaultCore.st:49 ; CODE/A_COMMUN/FB_FaultCore.st:53 ; CODE/B_AU_SECURITE/FB_Safety_EmergencyManagement.st:576 ; CODE/C_DIAG_RESEAUX/FB_Diag_CanOpen.st:53 ; CODE/C_DIAG_RESEAUX/FB_Diag_CanOpen.st:58 ; CODE/C_DIAG_RESEAUX/FB_Diag_CanOpen.st:81,,CODE/J_SUPERVISION/FB_Hmi_BannerFormatter.st:766 ; CODE/J_SUPERVISION/FB_Hmi_BannerFormatter.st:766 ; CODE/J_SUPERVISION/FB_Hmi_BannerFormatter.st:778 ; CODE/J_SUPERVISION/FB_Hmi_BannerFormatter.st:778,CODE/M_MAIN/PRG_07_Supervision.st:628 ; CODE/M_MAIN/PRG_07_Supervision.st:628 ; CODE/M_MAIN/PRG_07_Supervision.st:633 ; CODE/M_MAIN/PRG_07_Supervision.st:633,non,oui,non,ecrit (jamais TRUE litteral) en CODE/A_COMMUN/FB_FaultCore.st:49
Fault,T1(brief),AUTRE,= instFault.Fault,?,CODE/H_TREUILS_BENNE/FB_WinchOutputInterlock.st,532,FB_WinchOutputInterlock,254,CODE/A_COMMUN/FB_Brake.st:85 ; CODE/A_COMMUN/FB_Brake.st:131 ; CODE/B_AU_SECURITE/FB_Safety_EmergencyManagement.st:502 ; CODE/D_JOYSTICK/FB_Joystick.st:148 ; CODE/E_CODEURS/FB_Encoder.st:110 ; CODE/E_CODEURS/FB_Encoder.st:235,,,CODE/M_MAIN/PRG_07_Supervision.st:583 ; CODE/M_MAIN/PRG_07_Supervision.st:588 ; CODE/M_MAIN/PRG_07_Supervision.st:627 ; CODE/M_MAIN/PRG_07_Supervision.st:628,oui,non,non,ecrit (jamais TRUE litteral) en CODE/A_COMMUN/FB_Brake.st:85
Fault,T1(brief),BRIQUE_ST_FAULT,ST_Fault,VAR_OUTPUT,CODE/H_TREUILS_BENNE/FB_WinchSync.st,55,FB_WinchSync,254,CODE/A_COMMUN/FB_Brake.st:85 ; CODE/A_COMMUN/FB_Brake.st:131 ; CODE/B_AU_SECURITE/FB_Safety_EmergencyManagement.st:502 ; CODE/D_JOYSTICK/FB_Joystick.st:148 ; CODE/E_CODEURS/FB_Encoder.st:110 ; CODE/E_CODEURS/FB_Encoder.st:235,,,CODE/M_MAIN/PRG_07_Supervision.st:583 ; CODE/M_MAIN/PRG_07_Supervision.st:588 ; CODE/M_MAIN/PRG_07_Supervision.st:627 ; CODE/M_MAIN/PRG_07_Supervision.st:628,oui,non,non,"brique ST_Fault : porteuse d'un bitfield, voir lignes de causes"
SyncDeviationFault,T1(brief),SORTIE_BOOL_PRODUCTEUR,BOOL,VAR_OUTPUT,CODE/H_TREUILS_BENNE/FB_WinchSync.st,63,FB_WinchSync,10,CODE/H_TREUILS_BENNE/FB_SyncDeviation.st:57 ; CODE/H_TREUILS_BENNE/FB_SyncDeviation.st:96 ; CODE/H_TREUILS_BENNE/FB_SyncDeviation.st:99 ; CODE/H_TREUILS_BENNE/FB_WinchSync.st:98 ; CODE/H_TREUILS_BENNE/FB_WinchSync.st:145,,,,non,non,non,ecrit (jamais TRUE litteral) en CODE/H_TREUILS_BENNE/FB_SyncDeviation.st:57
instFault,T1(brief),AUTRE,FB_FaultCore,VAR,CODE/H_TREUILS_BENNE/FB_WinchSync.st,76,FB_WinchSync,63,,,,,non,non,non,seulement lu (CODE/A_COMMUN/FB_Brake.st:49)
Fault,T1(brief),AUTRE,= instFault.Fault,?,CODE/H_TREUILS_BENNE/FB_WinchSync.st,105,FB_WinchSync,254,CODE/A_COMMUN/FB_Brake.st:85 ; CODE/A_COMMUN/FB_Brake.st:131 ; CODE/B_AU_SECURITE/FB_Safety_EmergencyManagement.st:502 ; CODE/D_JOYSTICK/FB_Joystick.st:148 ; CODE/E_CODEURS/FB_Encoder.st:110 ; CODE/E_CODEURS/FB_Encoder.st:235,,,CODE/M_MAIN/PRG_07_Supervision.st:583 ; CODE/M_MAIN/PRG_07_Supervision.st:588 ; CODE/M_MAIN/PRG_07_Supervision.st:627 ; CODE/M_MAIN/PRG_07_Supervision.st:628,oui,non,non,ecrit (jamais TRUE litteral) en CODE/A_COMMUN/FB_Brake.st:85
SyncDeviationFault,T1(brief),AUTRE,= instDeviation.SyncDeviationFault,?,CODE/H_TREUILS_BENNE/FB_WinchSync.st,145,FB_WinchSync,10,CODE/H_TREUILS_BENNE/FB_SyncDeviation.st:57 ; CODE/H_TREUILS_BENNE/FB_SyncDeviation.st:96 ; CODE/H_TREUILS_BENNE/FB_SyncDeviation.st:99 ; CODE/H_TREUILS_BENNE/FB_WinchSync.st:98 ; CODE/H_TREUILS_BENNE/FB_WinchSync.st:145,,,,non,non,non,ecrit (jamais TRUE litteral) en CODE/H_TREUILS_BENNE/FB_SyncDeviation.st:57
Fault,T1(brief),AUTRE,= instFault.Fault,?,CODE/H_TREUILS_BENNE/FB_WinchSync.st,190,FB_WinchSync,254,CODE/A_COMMUN/FB_Brake.st:85 ; CODE/A_COMMUN/FB_Brake.st:131 ; CODE/B_AU_SECURITE/FB_Safety_EmergencyManagement.st:502 ; CODE/D_JOYSTICK/FB_Joystick.st:148 ; CODE/E_CODEURS/FB_Encoder.st:110 ; CODE/E_CODEURS/FB_Encoder.st:235,,,CODE/M_MAIN/PRG_07_Supervision.st:583 ; CODE/M_MAIN/PRG_07_Supervision.st:588 ; CODE/M_MAIN/PRG_07_Supervision.st:627 ; CODE/M_MAIN/PRG_07_Supervision.st:628,oui,non,non,ecrit (jamais TRUE litteral) en CODE/A_COMMUN/FB_Brake.st:85
Fault,T1(brief),BRIQUE_ST_FAULT,ST_Fault,VAR_OUTPUT,CODE/I_TRANSLATION/FB_Safety_Translation.st,55,FB_Safety_Translation,254,CODE/A_COMMUN/FB_Brake.st:85 ; CODE/A_COMMUN/FB_Brake.st:131 ; CODE/B_AU_SECURITE/FB_Safety_EmergencyManagement.st:502 ; CODE/D_JOYSTICK/FB_Joystick.st:148 ; CODE/E_CODEURS/FB_Encoder.st:110 ; CODE/E_CODEURS/FB_Encoder.st:235,,,CODE/M_MAIN/PRG_07_Supervision.st:583 ; CODE/M_MAIN/PRG_07_Supervision.st:588 ; CODE/M_MAIN/PRG_07_Supervision.st:627 ; CODE/M_MAIN/PRG_07_Supervision.st:628,oui,non,non,"brique ST_Fault : porteuse d'un bitfield, voir lignes de causes"
ErrorOperatorComm,T1(brief),SORTIE_BOOL_PRODUCTEUR,BOOL,VAR_OUTPUT,CODE/I_TRANSLATION/FB_Safety_Translation.st,58,FB_Safety_Translation,18,CODE/H_TREUILS_BENNE/FB_WinchStateProjection.st:239 ; CODE/H_TREUILS_BENNE/FB_WinchStateProjection.st:267 ; CODE/I_TRANSLATION/FB_Safety_Translation.st:242 ; CODE/I_TRANSLATION/FB_Safety_Translation.st:270 ; CODE/M_MAIN/PRG_05_Translation.st:742,,CODE/J_SUPERVISION/FB_Hmi_BannerFormatter.st:851 ; CODE/J_SUPERVISION/FB_Hmi_BannerFormatter.st:899 ; CODE/J_SUPERVISION/FB_Hmi_BannerFormatter.st:938,,non,oui,non,ecrit (jamais TRUE litteral) en CODE/H_TREUILS_BENNE/FB_WinchStateProjection.st:239
ErrorDriveComm,T1(brief),SORTIE_BOOL_PRODUCTEUR,BOOL,VAR_OUTPUT,CODE/I_TRANSLATION/FB_Safety_Translation.st,59,FB_Safety_Translation,9,CODE/I_TRANSLATION/FB_Safety_Translation.st:243 ; CODE/I_TRANSLATION/FB_Safety_Translation.st:271 ; CODE/M_MAIN/PRG_05_Translation.st:743,,CODE/J_SUPERVISION/FB_Hmi_BannerFormatter.st:941,,non,oui,non,ecrit (jamais TRUE litteral) en CODE/I_TRANSLATION/FB_Safety_Translation.st:243
ErrorPhaseRotation,T1(brief),SORTIE_BOOL_PRODUCTEUR,BOOL,VAR_OUTPUT,CODE/I_TRANSLATION/FB_Safety_Translation.st,60,FB_Safety_Translation,18,CODE/H_TREUILS_BENNE/FB_WinchStateProjection.st:241 ; CODE/H_TREUILS_BENNE/FB_WinchStateProjection.st:269 ; CODE/I_TRANSLATION/FB_Safety_Translation.st:244 ; CODE/I_TRANSLATION/FB_Safety_Translation.st:272 ; CODE/M_MAIN/PRG_05_Translation.st:744,,CODE/J_SUPERVISION/FB_Hmi_BannerFormatter.st:857 ; CODE/J_SUPERVISION/FB_Hmi_BannerFormatter.st:905 ; CODE/J_SUPERVISION/FB_Hmi_BannerFormatter.st:944,,non,oui,non,ecrit (jamais TRUE litteral) en CODE/H_TREUILS_BENNE/FB_WinchStateProjection.st:241
ErrorBrakeThermal,T1(brief),SORTIE_BOOL_PRODUCTEUR,BOOL,VAR_OUTPUT,CODE/I_TRANSLATION/FB_Safety_Translation.st,61,FB_Safety_Translation,16,CODE/H_TREUILS_BENNE/FB_WinchStateProjection.st:242 ; CODE/H_TREUILS_BENNE/FB_WinchStateProjection.st:270 ; CODE/I_TRANSLATION/FB_Safety_Translation.st:245 ; CODE/I_TRANSLATION/FB_Safety_Translation.st:273 ; CODE/M_MAIN/PRG_05_Translation.st:745,,CODE/J_SUPERVISION/FB_Hmi_BannerFormatter.st:488 ; CODE/J_SUPERVISION/FB_Hmi_BannerFormatter.st:496 ; CODE/J_SUPERVISION/FB_Hmi_BannerFormatter.st:504,,non,non,non,ecrit (jamais TRUE litteral) en CODE/H_TREUILS_BENNE/FB_WinchStateProjection.st:242
ErrorMecaB,T1(brief),SORTIE_BOOL_PRODUCTEUR,BOOL,VAR_OUTPUT,CODE/I_TRANSLATION/FB_Safety_Translation.st,62,FB_Safety_Translation,21,CODE/H_TREUILS_BENNE/FB_WinchStateProjection.st:244 ; CODE/H_TREUILS_BENNE/FB_WinchStateProjection.st:272 ; CODE/I_TRANSLATION/FB_Safety_Translation.st:246 ; CODE/I_TRANSLATION/FB_Safety_Translation.st:274 ; CODE/M_MAIN/PRG_05_Translation.st:746,,CODE/J_SUPERVISION/FB_Hmi_BannerFormatter.st:486 ; CODE/J_SUPERVISION/FB_Hmi_BannerFormatter.st:492 ; CODE/J_SUPERVISION/FB_Hmi_BannerFormatter.st:500 ; CODE/J_SUPERVISION/FB_Hmi_BannerFormatter.st:863,,non,oui,non,ecrit (jamais TRUE litteral) en CODE/H_TREUILS_BENNE/FB_WinchStateProjection.st:244
ErrorMecaA,T1(brief),SORTIE_BOOL_PRODUCTEUR,BOOL,VAR_OUTPUT,CODE/I_TRANSLATION/FB_Safety_Translation.st,63,FB_Safety_Translation,21,CODE/H_TREUILS_BENNE/FB_WinchStateProjection.st:243 ; CODE/H_TREUILS_BENNE/FB_WinchStateProjection.st:271 ; CODE/I_TRANSLATION/FB_Safety_Translation.st:247 ; CODE/I_TRANSLATION/FB_Safety_Translation.st:275 ; CODE/M_MAIN/PRG_05_Translation.st:747,,CODE/J_SUPERVISION/FB_Hmi_BannerFormatter.st:484 ; CODE/J_SUPERVISION/FB_Hmi_BannerFormatter.st:490 ; CODE/J_SUPERVISION/FB_Hmi_BannerFormatter.st:498 ; CODE/J_SUPERVISION/FB_Hmi_BannerFormatter.st:860,,non,oui,non,ecrit (jamais TRUE litteral) en CODE/H_TREUILS_BENNE/FB_WinchStateProjection.st:243
ErrorLimitSwitch,T1(brief),SORTIE_BOOL_PRODUCTEUR,BOOL,VAR_OUTPUT,CODE/I_TRANSLATION/FB_Safety_Translation.st,64,FB_Safety_Translation,9,CODE/I_TRANSLATION/FB_Safety_Translation.st:248 ; CODE/I_TRANSLATION/FB_Safety_Translation.st:276 ; CODE/M_MAIN/PRG_05_Translation.st:748,,CODE/J_SUPERVISION/FB_Hmi_BannerFormatter.st:953,,non,oui,non,ecrit (jamais TRUE litteral) en CODE/I_TRANSLATION/FB_Safety_Translation.st:248
ErrorSensorIncoherent,T1(brief),SORTIE_BOOL_PRODUCTEUR,BOOL,VAR_OUTPUT,CODE/I_TRANSLATION/FB_Safety_Translation.st,65,FB_Safety_Translation,9,CODE/I_TRANSLATION/FB_Safety_Translation.st:249 ; CODE/I_TRANSLATION/FB_Safety_Translation.st:277 ; CODE/M_MAIN/PRG_05_Translation.st:749,,CODE/J_SUPERVISION/FB_Hmi_BannerFormatter.st:956,,non,oui,non,ecrit (jamais TRUE litteral) en CODE/I_TRANSLATION/FB_Safety_Translation.st:249
PhaseRotationFault,T1(brief),BOOL_INTERNE,BOOL,VAR,CODE/I_TRANSLATION/FB_Safety_Translation.st,83,FB_Safety_Translation,7,CODE/I_TRANSLATION/FB_Safety_Translation.st:102 ; CODE/I_TRANSLATION/FB_Safety_Translation.st:111 ; CODE/I_TRANSLATION/FB_Safety_Translation.st:141 ; CODE/M_MAIN/PRG_07_Supervision.st:407,CODE/I_TRANSLATION/FB_Safety_Translation.st:141,,CODE/M_MAIN/PRG_07_Supervision.st:407,non,non,non,ecrit TRUE en CODE/I_TRANSLATION/FB_Safety_Translation.st:141
BrakeThermalFault,T1(brief),BOOL_INTERNE,BOOL,VAR,CODE/I_TRANSLATION/FB_Safety_Translation.st,84,FB_Safety_Translation,7,CODE/I_TRANSLATION/FB_Safety_Translation.st:103 ; CODE/I_TRANSLATION/FB_Safety_Translation.st:112 ; CODE/I_TRANSLATION/FB_Safety_Translation.st:149 ; CODE/M_MAIN/PRG_07_Supervision.st:406,CODE/I_TRANSLATION/FB_Safety_Translation.st:149,,CODE/M_MAIN/PRG_07_Supervision.st:406,non,non,non,ecrit TRUE en CODE/I_TRANSLATION/FB_Safety_Translation.st:149
MecaBFault,T1(brief),BOOL_INTERNE,BOOL,VAR,CODE/I_TRANSLATION/FB_Safety_Translation.st,85,FB_Safety_Translation,5,CODE/I_TRANSLATION/FB_Safety_Translation.st:104 ; CODE/I_TRANSLATION/FB_Safety_Translation.st:113 ; CODE/I_TRANSLATION/FB_Safety_Translation.st:171,CODE/I_TRANSLATION/FB_Safety_Translation.st:171,,,non,non,non,ecrit TRUE en CODE/I_TRANSLATION/FB_Safety_Translation.st:171
MecaAFault,T1(brief),BOOL_INTERNE,BOOL,VAR,CODE/I_TRANSLATION/FB_Safety_Translation.st,86,FB_Safety_Translation,5,CODE/I_TRANSLATION/FB_Safety_Translation.st:105 ; CODE/I_TRANSLATION/FB_Safety_Translation.st:114 ; CODE/I_TRANSLATION/FB_Safety_Translation.st:187,CODE/I_TRANSLATION/FB_Safety_Translation.st:187,,,non,non,non,ecrit TRUE en CODE/I_TRANSLATION/FB_Safety_Translation.st:187
SensorIncoherentFault,T1(brief),BOOL_INTERNE,BOOL,VAR,CODE/I_TRANSLATION/FB_Safety_Translation.st,87,FB_Safety_Translation,5,CODE/I_TRANSLATION/FB_Safety_Translation.st:106 ; CODE/I_TRANSLATION/FB_Safety_Translation.st:115 ; CODE/I_TRANSLATION/FB_Safety_Translation.st:213,CODE/I_TRANSLATION/FB_Safety_Translation.st:213,,,non,non,non,ecrit TRUE en CODE/I_TRANSLATION/FB_Safety_Translation.st:213
instFault,T1(brief),AUTRE,FB_FaultCore,VAR,CODE/I_TRANSLATION/FB_Safety_Translation.st,90,FB_Safety_Translation,63,,,,,non,non,non,seulement lu (CODE/A_COMMUN/FB_Brake.st:49)
PhaseRotationFault,T1(brief),AUTRE,= FALSE,?,CODE/I_TRANSLATION/FB_Safety_Translation.st,102,FB_Safety_Translation,7,CODE/I_TRANSLATION/FB_Safety_Translation.st:102 ; CODE/I_TRANSLATION/FB_Safety_Translation.st:111 ; CODE/I_TRANSLATION/FB_Safety_Translation.st:141 ; CODE/M_MAIN/PRG_07_Supervision.st:407,CODE/I_TRANSLATION/FB_Safety_Translation.st:141,,CODE/M_MAIN/PRG_07_Supervision.st:407,non,non,non,ecrit TRUE en CODE/I_TRANSLATION/FB_Safety_Translation.st:141
BrakeThermalFault,T1(brief),AUTRE,= FALSE,?,CODE/I_TRANSLATION/FB_Safety_Translation.st,103,FB_Safety_Translation,7,CODE/I_TRANSLATION/FB_Safety_Translation.st:103 ; CODE/I_TRANSLATION/FB_Safety_Translation.st:112 ; CODE/I_TRANSLATION/FB_Safety_Translation.st:149 ; CODE/M_MAIN/PRG_07_Supervision.st:406,CODE/I_TRANSLATION/FB_Safety_Translation.st:149,,CODE/M_MAIN/PRG_07_Supervision.st:406,non,non,non,ecrit TRUE en CODE/I_TRANSLATION/FB_Safety_Translation.st:149
MecaBFault,T1(brief),AUTRE,= FALSE,?,CODE/I_TRANSLATION/FB_Safety_Translation.st,104,FB_Safety_Translation,5,CODE/I_TRANSLATION/FB_Safety_Translation.st:104 ; CODE/I_TRANSLATION/FB_Safety_Translation.st:113 ; CODE/I_TRANSLATION/FB_Safety_Translation.st:171,CODE/I_TRANSLATION/FB_Safety_Translation.st:171,,,non,non,non,ecrit TRUE en CODE/I_TRANSLATION/FB_Safety_Translation.st:171
MecaAFault,T1(brief),AUTRE,= FALSE,?,CODE/I_TRANSLATION/FB_Safety_Translation.st,105,FB_Safety_Translation,5,CODE/I_TRANSLATION/FB_Safety_Translation.st:105 ; CODE/I_TRANSLATION/FB_Safety_Translation.st:114 ; CODE/I_TRANSLATION/FB_Safety_Translation.st:187,CODE/I_TRANSLATION/FB_Safety_Translation.st:187,,,non,non,non,ecrit TRUE en CODE/I_TRANSLATION/FB_Safety_Translation.st:187
SensorIncoherentFault,T1(brief),AUTRE,= FALSE,?,CODE/I_TRANSLATION/FB_Safety_Translation.st,106,FB_Safety_Translation,5,CODE/I_TRANSLATION/FB_Safety_Translation.st:106 ; CODE/I_TRANSLATION/FB_Safety_Translation.st:115 ; CODE/I_TRANSLATION/FB_Safety_Translation.st:213,CODE/I_TRANSLATION/FB_Safety_Translation.st:213,,,non,non,non,ecrit TRUE en CODE/I_TRANSLATION/FB_Safety_Translation.st:213
PhaseRotationFault,T1(brief),AUTRE,= FALSE,?,CODE/I_TRANSLATION/FB_Safety_Translation.st,111,FB_Safety_Translation,7,CODE/I_TRANSLATION/FB_Safety_Translation.st:102 ; CODE/I_TRANSLATION/FB_Safety_Translation.st:111 ; CODE/I_TRANSLATION/FB_Safety_Translation.st:141 ; CODE/M_MAIN/PRG_07_Supervision.st:407,CODE/I_TRANSLATION/FB_Safety_Translation.st:141,,CODE/M_MAIN/PRG_07_Supervision.st:407,non,non,non,ecrit TRUE en CODE/I_TRANSLATION/FB_Safety_Translation.st:141
BrakeThermalFault,T1(brief),AUTRE,= FALSE,?,CODE/I_TRANSLATION/FB_Safety_Translation.st,112,FB_Safety_Translation,7,CODE/I_TRANSLATION/FB_Safety_Translation.st:103 ; CODE/I_TRANSLATION/FB_Safety_Translation.st:112 ; CODE/I_TRANSLATION/FB_Safety_Translation.st:149 ; CODE/M_MAIN/PRG_07_Supervision.st:406,CODE/I_TRANSLATION/FB_Safety_Translation.st:149,,CODE/M_MAIN/PRG_07_Supervision.st:406,non,non,non,ecrit TRUE en CODE/I_TRANSLATION/FB_Safety_Translation.st:149
MecaBFault,T1(brief),AUTRE,= FALSE,?,CODE/I_TRANSLATION/FB_Safety_Translation.st,113,FB_Safety_Translation,5,CODE/I_TRANSLATION/FB_Safety_Translation.st:104 ; CODE/I_TRANSLATION/FB_Safety_Translation.st:113 ; CODE/I_TRANSLATION/FB_Safety_Translation.st:171,CODE/I_TRANSLATION/FB_Safety_Translation.st:171,,,non,non,non,ecrit TRUE en CODE/I_TRANSLATION/FB_Safety_Translation.st:171
MecaAFault,T1(brief),AUTRE,= FALSE,?,CODE/I_TRANSLATION/FB_Safety_Translation.st,114,FB_Safety_Translation,5,CODE/I_TRANSLATION/FB_Safety_Translation.st:105 ; CODE/I_TRANSLATION/FB_Safety_Translation.st:114 ; CODE/I_TRANSLATION/FB_Safety_Translation.st:187,CODE/I_TRANSLATION/FB_Safety_Translation.st:187,,,non,non,non,ecrit TRUE en CODE/I_TRANSLATION/FB_Safety_Translation.st:187
SensorIncoherentFault,T1(brief),AUTRE,= FALSE,?,CODE/I_TRANSLATION/FB_Safety_Translation.st,115,FB_Safety_Translation,5,CODE/I_TRANSLATION/FB_Safety_Translation.st:106 ; CODE/I_TRANSLATION/FB_Safety_Translation.st:115 ; CODE/I_TRANSLATION/FB_Safety_Translation.st:213,CODE/I_TRANSLATION/FB_Safety_Translation.st:213,,,non,non,non,ecrit TRUE en CODE/I_TRANSLATION/FB_Safety_Translation.st:213
PhaseRotationFault,T1(brief),AUTRE,= TRUE,?,CODE/I_TRANSLATION/FB_Safety_Translation.st,141,FB_Safety_Translation,7,CODE/I_TRANSLATION/FB_Safety_Translation.st:102 ; CODE/I_TRANSLATION/FB_Safety_Translation.st:111 ; CODE/I_TRANSLATION/FB_Safety_Translation.st:141 ; CODE/M_MAIN/PRG_07_Supervision.st:407,CODE/I_TRANSLATION/FB_Safety_Translation.st:141,,CODE/M_MAIN/PRG_07_Supervision.st:407,non,non,non,ecrit TRUE en CODE/I_TRANSLATION/FB_Safety_Translation.st:141
BrakeThermalFault,T1(brief),AUTRE,= TRUE,?,CODE/I_TRANSLATION/FB_Safety_Translation.st,149,FB_Safety_Translation,7,CODE/I_TRANSLATION/FB_Safety_Translation.st:103 ; CODE/I_TRANSLATION/FB_Safety_Translation.st:112 ; CODE/I_TRANSLATION/FB_Safety_Translation.st:149 ; CODE/M_MAIN/PRG_07_Supervision.st:406,CODE/I_TRANSLATION/FB_Safety_Translation.st:149,,CODE/M_MAIN/PRG_07_Supervision.st:406,non,non,non,ecrit TRUE en CODE/I_TRANSLATION/FB_Safety_Translation.st:149
SensorIncoherentFault,T1(brief),AUTRE,= TRUE,?,CODE/I_TRANSLATION/FB_Safety_Translation.st,213,FB_Safety_Translation,5,CODE/I_TRANSLATION/FB_Safety_Translation.st:106 ; CODE/I_TRANSLATION/FB_Safety_Translation.st:115 ; CODE/I_TRANSLATION/FB_Safety_Translation.st:213,CODE/I_TRANSLATION/FB_Safety_Translation.st:213,,,non,non,non,ecrit TRUE en CODE/I_TRANSLATION/FB_Safety_Translation.st:213
Fault,T1(brief),AUTRE,= instFault.Fault,?,CODE/I_TRANSLATION/FB_Safety_Translation.st,234,FB_Safety_Translation,254,CODE/A_COMMUN/FB_Brake.st:85 ; CODE/A_COMMUN/FB_Brake.st:131 ; CODE/B_AU_SECURITE/FB_Safety_EmergencyManagement.st:502 ; CODE/D_JOYSTICK/FB_Joystick.st:148 ; CODE/E_CODEURS/FB_Encoder.st:110 ; CODE/E_CODEURS/FB_Encoder.st:235,,,CODE/M_MAIN/PRG_07_Supervision.st:583 ; CODE/M_MAIN/PRG_07_Supervision.st:588 ; CODE/M_MAIN/PRG_07_Supervision.st:627 ; CODE/M_MAIN/PRG_07_Supervision.st:628,oui,non,non,ecrit (jamais TRUE litteral) en CODE/A_COMMUN/FB_Brake.st:85
ErrorOperatorComm,T1(brief),AUTRE,= FALSE,?,CODE/I_TRANSLATION/FB_Safety_Translation.st,242,FB_Safety_Translation,18,CODE/H_TREUILS_BENNE/FB_WinchStateProjection.st:239 ; CODE/H_TREUILS_BENNE/FB_WinchStateProjection.st:267 ; CODE/I_TRANSLATION/FB_Safety_Translation.st:242 ; CODE/I_TRANSLATION/FB_Safety_Translation.st:270 ; CODE/M_MAIN/PRG_05_Translation.st:742,,CODE/J_SUPERVISION/FB_Hmi_BannerFormatter.st:851 ; CODE/J_SUPERVISION/FB_Hmi_BannerFormatter.st:899 ; CODE/J_SUPERVISION/FB_Hmi_BannerFormatter.st:938,,non,oui,non,ecrit (jamais TRUE litteral) en CODE/H_TREUILS_BENNE/FB_WinchStateProjection.st:239
ErrorDriveComm,T1(brief),AUTRE,= FALSE,?,CODE/I_TRANSLATION/FB_Safety_Translation.st,243,FB_Safety_Translation,9,CODE/I_TRANSLATION/FB_Safety_Translation.st:243 ; CODE/I_TRANSLATION/FB_Safety_Translation.st:271 ; CODE/M_MAIN/PRG_05_Translation.st:743,,CODE/J_SUPERVISION/FB_Hmi_BannerFormatter.st:941,,non,oui,non,ecrit (jamais TRUE litteral) en CODE/I_TRANSLATION/FB_Safety_Translation.st:243
ErrorPhaseRotation,T1(brief),AUTRE,= FALSE,?,CODE/I_TRANSLATION/FB_Safety_Translation.st,244,FB_Safety_Translation,18,CODE/H_TREUILS_BENNE/FB_WinchStateProjection.st:241 ; CODE/H_TREUILS_BENNE/FB_WinchStateProjection.st:269 ; CODE/I_TRANSLATION/FB_Safety_Translation.st:244 ; CODE/I_TRANSLATION/FB_Safety_Translation.st:272 ; CODE/M_MAIN/PRG_05_Translation.st:744,,CODE/J_SUPERVISION/FB_Hmi_BannerFormatter.st:857 ; CODE/J_SUPERVISION/FB_Hmi_BannerFormatter.st:905 ; CODE/J_SUPERVISION/FB_Hmi_BannerFormatter.st:944,,non,oui,non,ecrit (jamais TRUE litteral) en CODE/H_TREUILS_BENNE/FB_WinchStateProjection.st:241
ErrorBrakeThermal,T1(brief),AUTRE,= FALSE,?,CODE/I_TRANSLATION/FB_Safety_Translation.st,245,FB_Safety_Translation,16,CODE/H_TREUILS_BENNE/FB_WinchStateProjection.st:242 ; CODE/H_TREUILS_BENNE/FB_WinchStateProjection.st:270 ; CODE/I_TRANSLATION/FB_Safety_Translation.st:245 ; CODE/I_TRANSLATION/FB_Safety_Translation.st:273 ; CODE/M_MAIN/PRG_05_Translation.st:745,,CODE/J_SUPERVISION/FB_Hmi_BannerFormatter.st:488 ; CODE/J_SUPERVISION/FB_Hmi_BannerFormatter.st:496 ; CODE/J_SUPERVISION/FB_Hmi_BannerFormatter.st:504,,non,non,non,ecrit (jamais TRUE litteral) en CODE/H_TREUILS_BENNE/FB_WinchStateProjection.st:242
ErrorMecaB,T1(brief),AUTRE,= FALSE,?,CODE/I_TRANSLATION/FB_Safety_Translation.st,246,FB_Safety_Translation,21,CODE/H_TREUILS_BENNE/FB_WinchStateProjection.st:244 ; CODE/H_TREUILS_BENNE/FB_WinchStateProjection.st:272 ; CODE/I_TRANSLATION/FB_Safety_Translation.st:246 ; CODE/I_TRANSLATION/FB_Safety_Translation.st:274 ; CODE/M_MAIN/PRG_05_Translation.st:746,,CODE/J_SUPERVISION/FB_Hmi_BannerFormatter.st:486 ; CODE/J_SUPERVISION/FB_Hmi_BannerFormatter.st:492 ; CODE/J_SUPERVISION/FB_Hmi_BannerFormatter.st:500 ; CODE/J_SUPERVISION/FB_Hmi_BannerFormatter.st:863,,non,oui,non,ecrit (jamais TRUE litteral) en CODE/H_TREUILS_BENNE/FB_WinchStateProjection.st:244
ErrorMecaA,T1(brief),AUTRE,= FALSE,?,CODE/I_TRANSLATION/FB_Safety_Translation.st,247,FB_Safety_Translation,21,CODE/H_TREUILS_BENNE/FB_WinchStateProjection.st:243 ; CODE/H_TREUILS_BENNE/FB_WinchStateProjection.st:271 ; CODE/I_TRANSLATION/FB_Safety_Translation.st:247 ; CODE/I_TRANSLATION/FB_Safety_Translation.st:275 ; CODE/M_MAIN/PRG_05_Translation.st:747,,CODE/J_SUPERVISION/FB_Hmi_BannerFormatter.st:484 ; CODE/J_SUPERVISION/FB_Hmi_BannerFormatter.st:490 ; CODE/J_SUPERVISION/FB_Hmi_BannerFormatter.st:498 ; CODE/J_SUPERVISION/FB_Hmi_BannerFormatter.st:860,,non,oui,non,ecrit (jamais TRUE litteral) en CODE/H_TREUILS_BENNE/FB_WinchStateProjection.st:243
ErrorLimitSwitch,T1(brief),AUTRE,= FALSE,?,CODE/I_TRANSLATION/FB_Safety_Translation.st,248,FB_Safety_Translation,9,CODE/I_TRANSLATION/FB_Safety_Translation.st:248 ; CODE/I_TRANSLATION/FB_Safety_Translation.st:276 ; CODE/M_MAIN/PRG_05_Translation.st:748,,CODE/J_SUPERVISION/FB_Hmi_BannerFormatter.st:953,,non,oui,non,ecrit (jamais TRUE litteral) en CODE/I_TRANSLATION/FB_Safety_Translation.st:248
ErrorSensorIncoherent,T1(brief),AUTRE,= FALSE,?,CODE/I_TRANSLATION/FB_Safety_Translation.st,249,FB_Safety_Translation,9,CODE/I_TRANSLATION/FB_Safety_Translation.st:249 ; CODE/I_TRANSLATION/FB_Safety_Translation.st:277 ; CODE/M_MAIN/PRG_05_Translation.st:749,,CODE/J_SUPERVISION/FB_Hmi_BannerFormatter.st:956,,non,oui,non,ecrit (jamais TRUE litteral) en CODE/I_TRANSLATION/FB_Safety_Translation.st:249
ErrorOperatorComm,T1(brief),AUTRE,= instCauses[0].Active,?,CODE/I_TRANSLATION/FB_Safety_Translation.st,270,FB_Safety_Translation,18,CODE/H_TREUILS_BENNE/FB_WinchStateProjection.st:239 ; CODE/H_TREUILS_BENNE/FB_WinchStateProjection.st:267 ; CODE/I_TRANSLATION/FB_Safety_Translation.st:242 ; CODE/I_TRANSLATION/FB_Safety_Translation.st:270 ; CODE/M_MAIN/PRG_05_Translation.st:742,,CODE/J_SUPERVISION/FB_Hmi_BannerFormatter.st:851 ; CODE/J_SUPERVISION/FB_Hmi_BannerFormatter.st:899 ; CODE/J_SUPERVISION/FB_Hmi_BannerFormatter.st:938,,non,oui,non,ecrit (jamais TRUE litteral) en CODE/H_TREUILS_BENNE/FB_WinchStateProjection.st:239
ErrorDriveComm,T1(brief),AUTRE,= instCauses[1].Active,?,CODE/I_TRANSLATION/FB_Safety_Translation.st,271,FB_Safety_Translation,9,CODE/I_TRANSLATION/FB_Safety_Translation.st:243 ; CODE/I_TRANSLATION/FB_Safety_Translation.st:271 ; CODE/M_MAIN/PRG_05_Translation.st:743,,CODE/J_SUPERVISION/FB_Hmi_BannerFormatter.st:941,,non,oui,non,ecrit (jamais TRUE litteral) en CODE/I_TRANSLATION/FB_Safety_Translation.st:243
ErrorPhaseRotation,T1(brief),AUTRE,= instCauses[2].Active,?,CODE/I_TRANSLATION/FB_Safety_Translation.st,272,FB_Safety_Translation,18,CODE/H_TREUILS_BENNE/FB_WinchStateProjection.st:241 ; CODE/H_TREUILS_BENNE/FB_WinchStateProjection.st:269 ; CODE/I_TRANSLATION/FB_Safety_Translation.st:244 ; CODE/I_TRANSLATION/FB_Safety_Translation.st:272 ; CODE/M_MAIN/PRG_05_Translation.st:744,,CODE/J_SUPERVISION/FB_Hmi_BannerFormatter.st:857 ; CODE/J_SUPERVISION/FB_Hmi_BannerFormatter.st:905 ; CODE/J_SUPERVISION/FB_Hmi_BannerFormatter.st:944,,non,oui,non,ecrit (jamais TRUE litteral) en CODE/H_TREUILS_BENNE/FB_WinchStateProjection.st:241
ErrorBrakeThermal,T1(brief),AUTRE,= instCauses[3].Active,?,CODE/I_TRANSLATION/FB_Safety_Translation.st,273,FB_Safety_Translation,16,CODE/H_TREUILS_BENNE/FB_WinchStateProjection.st:242 ; CODE/H_TREUILS_BENNE/FB_WinchStateProjection.st:270 ; CODE/I_TRANSLATION/FB_Safety_Translation.st:245 ; CODE/I_TRANSLATION/FB_Safety_Translation.st:273 ; CODE/M_MAIN/PRG_05_Translation.st:745,,CODE/J_SUPERVISION/FB_Hmi_BannerFormatter.st:488 ; CODE/J_SUPERVISION/FB_Hmi_BannerFormatter.st:496 ; CODE/J_SUPERVISION/FB_Hmi_BannerFormatter.st:504,,non,non,non,ecrit (jamais TRUE litteral) en CODE/H_TREUILS_BENNE/FB_WinchStateProjection.st:242
ErrorMecaB,T1(brief),AUTRE,= instCauses[4].Active,?,CODE/I_TRANSLATION/FB_Safety_Translation.st,274,FB_Safety_Translation,21,CODE/H_TREUILS_BENNE/FB_WinchStateProjection.st:244 ; CODE/H_TREUILS_BENNE/FB_WinchStateProjection.st:272 ; CODE/I_TRANSLATION/FB_Safety_Translation.st:246 ; CODE/I_TRANSLATION/FB_Safety_Translation.st:274 ; CODE/M_MAIN/PRG_05_Translation.st:746,,CODE/J_SUPERVISION/FB_Hmi_BannerFormatter.st:486 ; CODE/J_SUPERVISION/FB_Hmi_BannerFormatter.st:492 ; CODE/J_SUPERVISION/FB_Hmi_BannerFormatter.st:500 ; CODE/J_SUPERVISION/FB_Hmi_BannerFormatter.st:863,,non,oui,non,ecrit (jamais TRUE litteral) en CODE/H_TREUILS_BENNE/FB_WinchStateProjection.st:244
ErrorMecaA,T1(brief),AUTRE,= instCauses[5].Active,?,CODE/I_TRANSLATION/FB_Safety_Translation.st,275,FB_Safety_Translation,21,CODE/H_TREUILS_BENNE/FB_WinchStateProjection.st:243 ; CODE/H_TREUILS_BENNE/FB_WinchStateProjection.st:271 ; CODE/I_TRANSLATION/FB_Safety_Translation.st:247 ; CODE/I_TRANSLATION/FB_Safety_Translation.st:275 ; CODE/M_MAIN/PRG_05_Translation.st:747,,CODE/J_SUPERVISION/FB_Hmi_BannerFormatter.st:484 ; CODE/J_SUPERVISION/FB_Hmi_BannerFormatter.st:490 ; CODE/J_SUPERVISION/FB_Hmi_BannerFormatter.st:498 ; CODE/J_SUPERVISION/FB_Hmi_BannerFormatter.st:860,,non,oui,non,ecrit (jamais TRUE litteral) en CODE/H_TREUILS_BENNE/FB_WinchStateProjection.st:243
ErrorLimitSwitch,T1(brief),AUTRE,= instCauses[6].Active,?,CODE/I_TRANSLATION/FB_Safety_Translation.st,276,FB_Safety_Translation,9,CODE/I_TRANSLATION/FB_Safety_Translation.st:248 ; CODE/I_TRANSLATION/FB_Safety_Translation.st:276 ; CODE/M_MAIN/PRG_05_Translation.st:748,,CODE/J_SUPERVISION/FB_Hmi_BannerFormatter.st:953,,non,oui,non,ecrit (jamais TRUE litteral) en CODE/I_TRANSLATION/FB_Safety_Translation.st:248
ErrorSensorIncoherent,T1(brief),AUTRE,= instCauses[7].Active,?,CODE/I_TRANSLATION/FB_Safety_Translation.st,277,FB_Safety_Translation,9,CODE/I_TRANSLATION/FB_Safety_Translation.st:249 ; CODE/I_TRANSLATION/FB_Safety_Translation.st:277 ; CODE/M_MAIN/PRG_05_Translation.st:749,,CODE/J_SUPERVISION/FB_Hmi_BannerFormatter.st:956,,non,oui,non,ecrit (jamais TRUE litteral) en CODE/I_TRANSLATION/FB_Safety_Translation.st:249
Fault,T1(brief),BRIQUE_ST_FAULT,ST_Fault,VAR_OUTPUT,CODE/I_TRANSLATION/FB_Translation.st,54,FB_Translation,254,CODE/A_COMMUN/FB_Brake.st:85 ; CODE/A_COMMUN/FB_Brake.st:131 ; CODE/B_AU_SECURITE/FB_Safety_EmergencyManagement.st:502 ; CODE/D_JOYSTICK/FB_Joystick.st:148 ; CODE/E_CODEURS/FB_Encoder.st:110 ; CODE/E_CODEURS/FB_Encoder.st:235,,,CODE/M_MAIN/PRG_07_Supervision.st:583 ; CODE/M_MAIN/PRG_07_Supervision.st:588 ; CODE/M_MAIN/PRG_07_Supervision.st:627 ; CODE/M_MAIN/PRG_07_Supervision.st:628,oui,non,non,"brique ST_Fault : porteuse d'un bitfield, voir lignes de causes"
DriveFaultLatching,T1(brief),BOOL_INTERNE,BOOL,VAR,CODE/I_TRANSLATION/FB_Translation.st,87,FB_Translation,4,CODE/I_TRANSLATION/FB_Translation.st:99 ; CODE/I_TRANSLATION/FB_Translation.st:103,CODE/I_TRANSLATION/FB_Translation.st:103,,,non,non,non,ecrit TRUE en CODE/I_TRANSLATION/FB_Translation.st:103
instFault,T1(brief),AUTRE,FB_FaultCore,VAR,CODE/I_TRANSLATION/FB_Translation.st,88,FB_Translation,63,,,,,non,non,non,seulement lu (CODE/A_COMMUN/FB_Brake.st:49)
DriveFaultLatching,T1(brief),AUTRE,= FALSE,?,CODE/I_TRANSLATION/FB_Translation.st,99,FB_Translation,4,CODE/I_TRANSLATION/FB_Translation.st:99 ; CODE/I_TRANSLATION/FB_Translation.st:103,CODE/I_TRANSLATION/FB_Translation.st:103,,,non,non,non,ecrit TRUE en CODE/I_TRANSLATION/FB_Translation.st:103
DriveFaultLatching,T1(brief),AUTRE,= TRUE,?,CODE/I_TRANSLATION/FB_Translation.st,103,FB_Translation,4,CODE/I_TRANSLATION/FB_Translation.st:99 ; CODE/I_TRANSLATION/FB_Translation.st:103,CODE/I_TRANSLATION/FB_Translation.st:103,,,non,non,non,ecrit TRUE en CODE/I_TRANSLATION/FB_Translation.st:103
Fault,T1(brief),AUTRE,= instFault.Fault,?,CODE/I_TRANSLATION/FB_Translation.st,133,FB_Translation,254,CODE/A_COMMUN/FB_Brake.st:85 ; CODE/A_COMMUN/FB_Brake.st:131 ; CODE/B_AU_SECURITE/FB_Safety_EmergencyManagement.st:502 ; CODE/D_JOYSTICK/FB_Joystick.st:148 ; CODE/E_CODEURS/FB_Encoder.st:110 ; CODE/E_CODEURS/FB_Encoder.st:235,,,CODE/M_MAIN/PRG_07_Supervision.st:583 ; CODE/M_MAIN/PRG_07_Supervision.st:588 ; CODE/M_MAIN/PRG_07_Supervision.st:627 ; CODE/M_MAIN/PRG_07_Supervision.st:628,oui,non,non,ecrit (jamais TRUE litteral) en CODE/A_COMMUN/FB_Brake.st:85
Fault,T1(brief),BRIQUE_ST_FAULT,ST_Fault,VAR_OUTPUT,CODE/I_TRANSLATION/FB_TranslationOutputInterlock.st,30,FB_TranslationOutputInterlock,254,CODE/A_COMMUN/FB_Brake.st:85 ; CODE/A_COMMUN/FB_Brake.st:131 ; CODE/B_AU_SECURITE/FB_Safety_EmergencyManagement.st:502 ; CODE/D_JOYSTICK/FB_Joystick.st:148 ; CODE/E_CODEURS/FB_Encoder.st:110 ; CODE/E_CODEURS/FB_Encoder.st:235,,,CODE/M_MAIN/PRG_07_Supervision.st:583 ; CODE/M_MAIN/PRG_07_Supervision.st:588 ; CODE/M_MAIN/PRG_07_Supervision.st:627 ; CODE/M_MAIN/PRG_07_Supervision.st:628,oui,non,non,"brique ST_Fault : porteuse d'un bitfield, voir lignes de causes"
instFault,T1(brief),AUTRE,FB_FaultCore,VAR,CODE/I_TRANSLATION/FB_TranslationOutputInterlock.st,60,FB_TranslationOutputInterlock,63,,,,,non,non,non,seulement lu (CODE/A_COMMUN/FB_Brake.st:49)
Fault,T1(brief),AUTRE,= instFault.Fault,?,CODE/I_TRANSLATION/FB_TranslationOutputInterlock.st,120,FB_TranslationOutputInterlock,254,CODE/A_COMMUN/FB_Brake.st:85 ; CODE/A_COMMUN/FB_Brake.st:131 ; CODE/B_AU_SECURITE/FB_Safety_EmergencyManagement.st:502 ; CODE/D_JOYSTICK/FB_Joystick.st:148 ; CODE/E_CODEURS/FB_Encoder.st:110 ; CODE/E_CODEURS/FB_Encoder.st:235,,,CODE/M_MAIN/PRG_07_Supervision.st:583 ; CODE/M_MAIN/PRG_07_Supervision.st:588 ; CODE/M_MAIN/PRG_07_Supervision.st:627 ; CODE/M_MAIN/PRG_07_Supervision.st:628,oui,non,non,ecrit (jamais TRUE litteral) en CODE/A_COMMUN/FB_Brake.st:85
Error,T1(brief),BOOL_INTERNE,BOOL,STRUCT,CODE/J_SUPERVISION/_TYPES/1_TREUILS_BENNE/ST_BucketHMIState.st,18,,139,CODE/A_COMMUN/FB_FaultCore.st:57 ; CODE/B_AU_SECURITE/FB_Safety_EmergencyManagement.st:575 ; CODE/C_DIAG_RESEAUX/FB_Diag_CanOpen.st:52 ; CODE/C_DIAG_RESEAUX/FB_Diag_CanOpen.st:57 ; CODE/C_DIAG_RESEAUX/FB_Diag_CanOpen.st:128 ; CODE/C_DIAG_RESEAUX/FB_Diag_CanOpen.st:132,,,CODE/M_MAIN/PRG_07_Supervision.st:587 ; CODE/M_MAIN/PRG_07_Supervision.st:589 ; CODE/M_MAIN/PRG_07_Supervision.st:591 ; CODE/M_MAIN/PRG_07_Supervision.st:592,oui,oui,non,ecrit (jamais TRUE litteral) en CODE/A_COMMUN/FB_FaultCore.st:57
ErrorId,T1(brief),BITFIELD_OU_INDEX,WORD,STRUCT,CODE/J_SUPERVISION/_TYPES/1_TREUILS_BENNE/ST_BucketHMIState.st,19,,165,CODE/A_COMMUN/FB_FaultCore.st:49 ; CODE/A_COMMUN/FB_FaultCore.st:53 ; CODE/B_AU_SECURITE/FB_Safety_EmergencyManagement.st:576 ; CODE/C_DIAG_RESEAUX/FB_Diag_CanOpen.st:53 ; CODE/C_DIAG_RESEAUX/FB_Diag_CanOpen.st:58 ; CODE/C_DIAG_RESEAUX/FB_Diag_CanOpen.st:81,,CODE/J_SUPERVISION/FB_Hmi_BannerFormatter.st:766 ; CODE/J_SUPERVISION/FB_Hmi_BannerFormatter.st:766 ; CODE/J_SUPERVISION/FB_Hmi_BannerFormatter.st:778 ; CODE/J_SUPERVISION/FB_Hmi_BannerFormatter.st:778,CODE/M_MAIN/PRG_07_Supervision.st:628 ; CODE/M_MAIN/PRG_07_Supervision.st:628 ; CODE/M_MAIN/PRG_07_Supervision.st:633 ; CODE/M_MAIN/PRG_07_Supervision.st:633,non,oui,non,ecrit (jamais TRUE litteral) en CODE/A_COMMUN/FB_FaultCore.st:49
EncoderFault,T1(brief),BOOL_INTERNE,BOOL,STRUCT,CODE/J_SUPERVISION/_TYPES/1_TREUILS_BENNE/ST_BypassWinch.st,16,,16,CODE/E_CODEURS/FB_Encoder.st:94 ; CODE/E_CODEURS/FB_Encoder.st:215 ; CODE/E_CODEURS/FB_EncoderReliability.st:30 ; CODE/M_MAIN/PRG_02_Acquisition.st:639 ; CODE/M_MAIN/PRG_02_Acquisition.st:694,CODE/E_CODEURS/FB_Encoder.st:94,,,non,non,non,ecrit TRUE en CODE/E_CODEURS/FB_Encoder.st:94
Idx310_ErrorOperatorComm,T1(brief),BOOL_INTERNE,BOOL,STRUCT,CODE/J_SUPERVISION/_TYPES/1_TREUILS_BENNE/ST_Chain_Winch_Safety.st,13,,3,CODE/J_SUPERVISION/FB_TroubleshootingView.st:196 ; CODE/J_SUPERVISION/FB_TroubleshootingView.st:275,,,,non,non,non,ecrit (jamais TRUE litteral) en CODE/J_SUPERVISION/FB_TroubleshootingView.st:196
Idx311_ErrorEncoder,T1(brief),BOOL_INTERNE,BOOL,STRUCT,CODE/J_SUPERVISION/_TYPES/1_TREUILS_BENNE/ST_Chain_Winch_Safety.st,14,,3,CODE/J_SUPERVISION/FB_TroubleshootingView.st:197 ; CODE/J_SUPERVISION/FB_TroubleshootingView.st:276,,,,non,non,non,ecrit (jamais TRUE litteral) en CODE/J_SUPERVISION/FB_TroubleshootingView.st:197
Idx312_ErrorPhaseRotation,T1(brief),BOOL_INTERNE,BOOL,STRUCT,CODE/J_SUPERVISION/_TYPES/1_TREUILS_BENNE/ST_Chain_Winch_Safety.st,15,,3,CODE/J_SUPERVISION/FB_TroubleshootingView.st:198 ; CODE/J_SUPERVISION/FB_TroubleshootingView.st:277,,,,non,non,non,ecrit (jamais TRUE litteral) en CODE/J_SUPERVISION/FB_TroubleshootingView.st:198
Idx313_ErrorMecaA,T1(brief),BOOL_INTERNE,BOOL,STRUCT,CODE/J_SUPERVISION/_TYPES/1_TREUILS_BENNE/ST_Chain_Winch_Safety.st,16,,3,CODE/J_SUPERVISION/FB_TroubleshootingView.st:199 ; CODE/J_SUPERVISION/FB_TroubleshootingView.st:278,,,,non,non,non,ecrit (jamais TRUE litteral) en CODE/J_SUPERVISION/FB_TroubleshootingView.st:199
Idx314_ErrorMecaB,T1(brief),BOOL_INTERNE,BOOL,STRUCT,CODE/J_SUPERVISION/_TYPES/1_TREUILS_BENNE/ST_Chain_Winch_Safety.st,17,,3,CODE/J_SUPERVISION/FB_TroubleshootingView.st:200 ; CODE/J_SUPERVISION/FB_TroubleshootingView.st:279,,,,non,non,non,ecrit (jamais TRUE litteral) en CODE/J_SUPERVISION/FB_TroubleshootingView.st:200
Idx315_ErrorMecaC,T1(brief),BOOL_INTERNE,BOOL,STRUCT,CODE/J_SUPERVISION/_TYPES/1_TREUILS_BENNE/ST_Chain_Winch_Safety.st,18,,3,CODE/J_SUPERVISION/FB_TroubleshootingView.st:201 ; CODE/J_SUPERVISION/FB_TroubleshootingView.st:280,,,,non,non,non,ecrit (jamais TRUE litteral) en CODE/J_SUPERVISION/FB_TroubleshootingView.st:201
Idx316_ErrorMecaD,T1(brief),BOOL_INTERNE,BOOL,STRUCT,CODE/J_SUPERVISION/_TYPES/1_TREUILS_BENNE/ST_Chain_Winch_Safety.st,19,,3,CODE/J_SUPERVISION/FB_TroubleshootingView.st:202 ; CODE/J_SUPERVISION/FB_TroubleshootingView.st:281,,,,non,non,non,ecrit (jamais TRUE litteral) en CODE/J_SUPERVISION/FB_TroubleshootingView.st:202
Idx317_ErrorMecaE,T1(brief),BOOL_INTERNE,BOOL,STRUCT,CODE/J_SUPERVISION/_TYPES/1_TREUILS_BENNE/ST_Chain_Winch_Safety.st,20,,3,CODE/J_SUPERVISION/FB_TroubleshootingView.st:203 ; CODE/J_SUPERVISION/FB_TroubleshootingView.st:282,,,,non,non,non,ecrit (jamais TRUE litteral) en CODE/J_SUPERVISION/FB_TroubleshootingView.st:203
Idx318_ErrorBrakeThermal,T1(brief),BOOL_INTERNE,BOOL,STRUCT,CODE/J_SUPERVISION/_TYPES/1_TREUILS_BENNE/ST_Chain_Winch_Safety.st,21,,3,CODE/J_SUPERVISION/FB_TroubleshootingView.st:204 ; CODE/J_SUPERVISION/FB_TroubleshootingView.st:283,,,,non,non,non,ecrit (jamais TRUE litteral) en CODE/J_SUPERVISION/FB_TroubleshootingView.st:204
Idx319_ErrorOppositeDir,T1(brief),BOOL_INTERNE,BOOL,STRUCT,CODE/J_SUPERVISION/_TYPES/1_TREUILS_BENNE/ST_Chain_Winch_Safety.st,22,,3,CODE/J_SUPERVISION/FB_TroubleshootingView.st:205 ; CODE/J_SUPERVISION/FB_TroubleshootingView.st:284,,,,non,non,non,ecrit (jamais TRUE litteral) en CODE/J_SUPERVISION/FB_TroubleshootingView.st:205
Idx320_ErrorNoMovement,T1(brief),BOOL_INTERNE,BOOL,STRUCT,CODE/J_SUPERVISION/_TYPES/1_TREUILS_BENNE/ST_Chain_Winch_Safety.st,23,,3,CODE/J_SUPERVISION/FB_TroubleshootingView.st:206 ; CODE/J_SUPERVISION/FB_TroubleshootingView.st:285,,,,non,non,non,ecrit (jamais TRUE litteral) en CODE/J_SUPERVISION/FB_TroubleshootingView.st:206
Idx302_BucketFaultActive,T1(brief),BOOL_INTERNE,BOOL,STRUCT,CODE/J_SUPERVISION/_TYPES/1_TREUILS_BENNE/ST_ChainBucket.st,35,,2,CODE/J_SUPERVISION/FB_TroubleshootingView.st:356,,,,non,non,non,ecrit (jamais TRUE litteral) en CODE/J_SUPERVISION/FB_TroubleshootingView.st:356
Idx305_KoboldBottomTouchLatched,T2(elargi),BOOL_INTERNE,BOOL,STRUCT,CODE/J_SUPERVISION/_TYPES/1_TREUILS_BENNE/ST_ChainBucket.st,38,,2,CODE/J_SUPERVISION/FB_TroubleshootingView.st:359,,,,non,non,non,ecrit (jamais TRUE litteral) en CODE/J_SUPERVISION/FB_TroubleshootingView.st:359
Idx306_ErrorIdRaw,T1(brief),BITFIELD_OU_INDEX,WORD,STRUCT,CODE/J_SUPERVISION/_TYPES/1_TREUILS_BENNE/ST_ChainBucket.st,39,,2,CODE/J_SUPERVISION/FB_TroubleshootingView.st:360,,,,non,non,non,ecrit (jamais TRUE litteral) en CODE/J_SUPERVISION/FB_TroubleshootingView.st:360
Idx302_SyncFaultActive,T1(brief),BOOL_INTERNE,BOOL,STRUCT,CODE/J_SUPERVISION/_TYPES/1_TREUILS_BENNE/ST_ChainWinchSync.st,12,,2,CODE/J_SUPERVISION/FB_TroubleshootingView.st:155,,,,non,non,non,ecrit (jamais TRUE litteral) en CODE/J_SUPERVISION/FB_TroubleshootingView.st:155
COD1_Alarms,T1(brief),AUTRE,UINT,STRUCT,CODE/J_SUPERVISION/_TYPES/1_TREUILS_BENNE/ST_HwWinch.st,21,,6,CODE/L_SIMULATION/FB_SimBench.st:482 ; CODE/M_MAIN/PRG_02_Acquisition.st:158,,,,non,non,non,ecrit (jamais TRUE litteral) en CODE/L_SIMULATION/FB_SimBench.st:482
COD1_Warnings,T1(brief),AUTRE,UINT,STRUCT,CODE/J_SUPERVISION/_TYPES/1_TREUILS_BENNE/ST_HwWinch.st,22,,6,CODE/L_SIMULATION/FB_SimBench.st:483 ; CODE/M_MAIN/PRG_02_Acquisition.st:159,,,,non,non,non,ecrit (jamais TRUE litteral) en CODE/L_SIMULATION/FB_SimBench.st:483
COD2_Alarms,T1(brief),AUTRE,UINT,STRUCT,CODE/J_SUPERVISION/_TYPES/1_TREUILS_BENNE/ST_HwWinch.st,27,,6,CODE/L_SIMULATION/FB_SimBench.st:488 ; CODE/M_MAIN/PRG_02_Acquisition.st:164,,,,non,non,non,ecrit (jamais TRUE litteral) en CODE/L_SIMULATION/FB_SimBench.st:488
COD2_Warnings,T1(brief),AUTRE,UINT,STRUCT,CODE/J_SUPERVISION/_TYPES/1_TREUILS_BENNE/ST_HwWinch.st,28,,6,CODE/L_SIMULATION/FB_SimBench.st:489 ; CODE/M_MAIN/PRG_02_Acquisition.st:165,,,,non,non,non,ecrit (jamais TRUE litteral) en CODE/L_SIMULATION/FB_SimBench.st:489
SyncContactorDiag,T1(brief),AUTRE,ST_SyncContactorDiag,STRUCT,CODE/J_SUPERVISION/_TYPES/1_TREUILS_BENNE/ST_OutputsInterPrg.st,37,,14,CODE/M_MAIN/PRG_06_Outputs.st:365 ; CODE/M_MAIN/PRG_07_Supervision.st:771,,CODE/J_SUPERVISION/FB_Hmi_BannerFormatter.st:71 ; CODE/J_SUPERVISION/FB_Hmi_BannerFormatter.st:652 ; CODE/J_SUPERVISION/FB_Hmi_BannerFormatter.st:1003 ; CODE/J_SUPERVISION/FB_Hmi_BannerFormatter.st:1004,CODE/M_MAIN/PRG_07_Supervision.st:771 ; CODE/M_MAIN/PRG_07_Supervision.st:771,non,oui,non,ecrit (jamais TRUE litteral) en CODE/M_MAIN/PRG_06_Outputs.st:365
Error,T1(brief),BOOL_INTERNE,BOOL,STRUCT,CODE/J_SUPERVISION/_TYPES/1_TREUILS_BENNE/ST_SafetyWinch.st,8,,139,CODE/A_COMMUN/FB_FaultCore.st:57 ; CODE/B_AU_SECURITE/FB_Safety_EmergencyManagement.st:575 ; CODE/C_DIAG_RESEAUX/FB_Diag_CanOpen.st:52 ; CODE/C_DIAG_RESEAUX/FB_Diag_CanOpen.st:57 ; CODE/C_DIAG_RESEAUX/FB_Diag_CanOpen.st:128 ; CODE/C_DIAG_RESEAUX/FB_Diag_CanOpen.st:132,,,CODE/M_MAIN/PRG_07_Supervision.st:587 ; CODE/M_MAIN/PRG_07_Supervision.st:589 ; CODE/M_MAIN/PRG_07_Supervision.st:591 ; CODE/M_MAIN/PRG_07_Supervision.st:592,oui,oui,non,ecrit (jamais TRUE litteral) en CODE/A_COMMUN/FB_FaultCore.st:57
ErrorId,T1(brief),BITFIELD_OU_INDEX,WORD,STRUCT,CODE/J_SUPERVISION/_TYPES/1_TREUILS_BENNE/ST_SafetyWinch.st,9,,165,CODE/A_COMMUN/FB_FaultCore.st:49 ; CODE/A_COMMUN/FB_FaultCore.st:53 ; CODE/B_AU_SECURITE/FB_Safety_EmergencyManagement.st:576 ; CODE/C_DIAG_RESEAUX/FB_Diag_CanOpen.st:53 ; CODE/C_DIAG_RESEAUX/FB_Diag_CanOpen.st:58 ; CODE/C_DIAG_RESEAUX/FB_Diag_CanOpen.st:81,,CODE/J_SUPERVISION/FB_Hmi_BannerFormatter.st:766 ; CODE/J_SUPERVISION/FB_Hmi_BannerFormatter.st:766 ; CODE/J_SUPERVISION/FB_Hmi_BannerFormatter.st:778 ; CODE/J_SUPERVISION/FB_Hmi_BannerFormatter.st:778,CODE/M_MAIN/PRG_07_Supervision.st:628 ; CODE/M_MAIN/PRG_07_Supervision.st:628 ; CODE/M_MAIN/PRG_07_Supervision.st:633 ; CODE/M_MAIN/PRG_07_Supervision.st:633,non,oui,non,ecrit (jamais TRUE litteral) en CODE/A_COMMUN/FB_FaultCore.st:49
LatchedId,T2(elargi),BITFIELD_OU_INDEX,WORD,STRUCT,CODE/J_SUPERVISION/_TYPES/1_TREUILS_BENNE/ST_SafetyWinch.st,10,,23,CODE/A_COMMUN/FB_FaultCore.st:74 ; CODE/A_COMMUN/FB_FaultCore.st:77 ; CODE/H_TREUILS_BENNE/FB_WinchStateProjection.st:238 ; CODE/H_TREUILS_BENNE/FB_WinchStateProjection.st:266 ; CODE/M_MAIN/PRG_05_Translation.st:741,,CODE/J_SUPERVISION/FB_Hmi_BannerFormatter.st:568 ; CODE/J_SUPERVISION/FB_Hmi_BannerFormatter.st:570 ; CODE/J_SUPERVISION/FB_Hmi_BannerFormatter.st:571 ; CODE/J_SUPERVISION/FB_Hmi_BannerFormatter.st:573,CODE/M_MAIN/PRG_07_Supervision.st:662 ; CODE/M_MAIN/PRG_07_Supervision.st:883,non,non,non,ecrit (jamais TRUE litteral) en CODE/A_COMMUN/FB_FaultCore.st:74
ThermalFault,T1(brief),BOOL_INTERNE,BOOL,STRUCT,CODE/J_SUPERVISION/_TYPES/1_TREUILS_BENNE/ST_SafetyWinch.st,15,,9,CODE/H_TREUILS_BENNE/FB_WinchStateProjection.st:234 ; CODE/H_TREUILS_BENNE/FB_WinchStateProjection.st:262,,CODE/J_SUPERVISION/FB_Hmi_BannerFormatter.st:494 ; CODE/J_SUPERVISION/FB_Hmi_BannerFormatter.st:502,,non,non,non,ecrit (jamais TRUE litteral) en CODE/H_TREUILS_BENNE/FB_WinchStateProjection.st:234
EncoderFault,T1(brief),BOOL_INTERNE,BOOL,STRUCT,CODE/J_SUPERVISION/_TYPES/1_TREUILS_BENNE/ST_SafetyWinch.st,16,,16,CODE/E_CODEURS/FB_Encoder.st:94 ; CODE/E_CODEURS/FB_Encoder.st:215 ; CODE/E_CODEURS/FB_EncoderReliability.st:30 ; CODE/M_MAIN/PRG_02_Acquisition.st:639 ; CODE/M_MAIN/PRG_02_Acquisition.st:694,CODE/E_CODEURS/FB_Encoder.st:94,,,non,non,non,ecrit TRUE en CODE/E_CODEURS/FB_Encoder.st:94
ErrorOperatorComm,T1(brief),BOOL_INTERNE,BOOL,STRUCT,CODE/J_SUPERVISION/_TYPES/1_TREUILS_BENNE/ST_SafetyWinch.st,28,,18,CODE/H_TREUILS_BENNE/FB_WinchStateProjection.st:239 ; CODE/H_TREUILS_BENNE/FB_WinchStateProjection.st:267 ; CODE/I_TRANSLATION/FB_Safety_Translation.st:242 ; CODE/I_TRANSLATION/FB_Safety_Translation.st:270 ; CODE/M_MAIN/PRG_05_Translation.st:742,,CODE/J_SUPERVISION/FB_Hmi_BannerFormatter.st:851 ; CODE/J_SUPERVISION/FB_Hmi_BannerFormatter.st:899 ; CODE/J_SUPERVISION/FB_Hmi_BannerFormatter.st:938,,non,oui,non,ecrit (jamais TRUE litteral) en CODE/H_TREUILS_BENNE/FB_WinchStateProjection.st:239
ErrorEncoder,T1(brief),BOOL_INTERNE,BOOL,STRUCT,CODE/J_SUPERVISION/_TYPES/1_TREUILS_BENNE/ST_SafetyWinch.st,29,,9,CODE/H_TREUILS_BENNE/FB_WinchStateProjection.st:240 ; CODE/H_TREUILS_BENNE/FB_WinchStateProjection.st:268,,CODE/J_SUPERVISION/FB_Hmi_BannerFormatter.st:854 ; CODE/J_SUPERVISION/FB_Hmi_BannerFormatter.st:902,,non,oui,non,ecrit (jamais TRUE litteral) en CODE/H_TREUILS_BENNE/FB_WinchStateProjection.st:240
ErrorPhaseRotation,T1(brief),BOOL_INTERNE,BOOL,STRUCT,CODE/J_SUPERVISION/_TYPES/1_TREUILS_BENNE/ST_SafetyWinch.st,30,,18,CODE/H_TREUILS_BENNE/FB_WinchStateProjection.st:241 ; CODE/H_TREUILS_BENNE/FB_WinchStateProjection.st:269 ; CODE/I_TRANSLATION/FB_Safety_Translation.st:244 ; CODE/I_TRANSLATION/FB_Safety_Translation.st:272 ; CODE/M_MAIN/PRG_05_Translation.st:744,,CODE/J_SUPERVISION/FB_Hmi_BannerFormatter.st:857 ; CODE/J_SUPERVISION/FB_Hmi_BannerFormatter.st:905 ; CODE/J_SUPERVISION/FB_Hmi_BannerFormatter.st:944,,non,oui,non,ecrit (jamais TRUE litteral) en CODE/H_TREUILS_BENNE/FB_WinchStateProjection.st:241
ErrorBrakeThermal,T1(brief),BOOL_INTERNE,BOOL,STRUCT,CODE/J_SUPERVISION/_TYPES/1_TREUILS_BENNE/ST_SafetyWinch.st,31,,16,CODE/H_TREUILS_BENNE/FB_WinchStateProjection.st:242 ; CODE/H_TREUILS_BENNE/FB_WinchStateProjection.st:270 ; CODE/I_TRANSLATION/FB_Safety_Translation.st:245 ; CODE/I_TRANSLATION/FB_Safety_Translation.st:273 ; CODE/M_MAIN/PRG_05_Translation.st:745,,CODE/J_SUPERVISION/FB_Hmi_BannerFormatter.st:488 ; CODE/J_SUPERVISION/FB_Hmi_BannerFormatter.st:496 ; CODE/J_SUPERVISION/FB_Hmi_BannerFormatter.st:504,,non,non,non,ecrit (jamais TRUE litteral) en CODE/H_TREUILS_BENNE/FB_WinchStateProjection.st:242
ErrorMecaA,T1(brief),BOOL_INTERNE,BOOL,STRUCT,CODE/J_SUPERVISION/_TYPES/1_TREUILS_BENNE/ST_SafetyWinch.st,32,,21,CODE/H_TREUILS_BENNE/FB_WinchStateProjection.st:243 ; CODE/H_TREUILS_BENNE/FB_WinchStateProjection.st:271 ; CODE/I_TRANSLATION/FB_Safety_Translation.st:247 ; CODE/I_TRANSLATION/FB_Safety_Translation.st:275 ; CODE/M_MAIN/PRG_05_Translation.st:747,,CODE/J_SUPERVISION/FB_Hmi_BannerFormatter.st:484 ; CODE/J_SUPERVISION/FB_Hmi_BannerFormatter.st:490 ; CODE/J_SUPERVISION/FB_Hmi_BannerFormatter.st:498 ; CODE/J_SUPERVISION/FB_Hmi_BannerFormatter.st:860,,non,oui,non,ecrit (jamais TRUE litteral) en CODE/H_TREUILS_BENNE/FB_WinchStateProjection.st:243
ErrorMecaB,T1(brief),BOOL_INTERNE,BOOL,STRUCT,CODE/J_SUPERVISION/_TYPES/1_TREUILS_BENNE/ST_SafetyWinch.st,33,,21,CODE/H_TREUILS_BENNE/FB_WinchStateProjection.st:244 ; CODE/H_TREUILS_BENNE/FB_WinchStateProjection.st:272 ; CODE/I_TRANSLATION/FB_Safety_Translation.st:246 ; CODE/I_TRANSLATION/FB_Safety_Translation.st:274 ; CODE/M_MAIN/PRG_05_Translation.st:746,,CODE/J_SUPERVISION/FB_Hmi_BannerFormatter.st:486 ; CODE/J_SUPERVISION/FB_Hmi_BannerFormatter.st:492 ; CODE/J_SUPERVISION/FB_Hmi_BannerFormatter.st:500 ; CODE/J_SUPERVISION/FB_Hmi_BannerFormatter.st:863,,non,oui,non,ecrit (jamais TRUE litteral) en CODE/H_TREUILS_BENNE/FB_WinchStateProjection.st:244
ErrorMecaC,T1(brief),BOOL_INTERNE,BOOL,STRUCT,CODE/J_SUPERVISION/_TYPES/1_TREUILS_BENNE/ST_SafetyWinch.st,34,,9,CODE/H_TREUILS_BENNE/FB_WinchStateProjection.st:245 ; CODE/H_TREUILS_BENNE/FB_WinchStateProjection.st:273,,CODE/J_SUPERVISION/FB_Hmi_BannerFormatter.st:866 ; CODE/J_SUPERVISION/FB_Hmi_BannerFormatter.st:914,,non,oui,non,ecrit (jamais TRUE litteral) en CODE/H_TREUILS_BENNE/FB_WinchStateProjection.st:245
ErrorMecaD,T1(brief),BOOL_INTERNE,BOOL,STRUCT,CODE/J_SUPERVISION/_TYPES/1_TREUILS_BENNE/ST_SafetyWinch.st,35,,11,CODE/H_TREUILS_BENNE/FB_WinchStateProjection.st:246 ; CODE/H_TREUILS_BENNE/FB_WinchStateProjection.st:274,,CODE/J_SUPERVISION/FB_Hmi_BannerFormatter.st:683 ; CODE/J_SUPERVISION/FB_Hmi_BannerFormatter.st:683 ; CODE/J_SUPERVISION/FB_Hmi_BannerFormatter.st:869 ; CODE/J_SUPERVISION/FB_Hmi_BannerFormatter.st:917,,non,oui,non,ecrit (jamais TRUE litteral) en CODE/H_TREUILS_BENNE/FB_WinchStateProjection.st:246
ErrorMecaE,T1(brief),BOOL_INTERNE,BOOL,STRUCT,CODE/J_SUPERVISION/_TYPES/1_TREUILS_BENNE/ST_SafetyWinch.st,36,,11,CODE/H_TREUILS_BENNE/FB_WinchStateProjection.st:247 ; CODE/H_TREUILS_BENNE/FB_WinchStateProjection.st:275,,CODE/J_SUPERVISION/FB_Hmi_BannerFormatter.st:872 ; CODE/J_SUPERVISION/FB_Hmi_BannerFormatter.st:920,,non,oui,non,ecrit (jamais TRUE litteral) en CODE/H_TREUILS_BENNE/FB_WinchStateProjection.st:247
ErrorOppositeDir,T1(brief),BOOL_INTERNE,BOOL,STRUCT,CODE/J_SUPERVISION/_TYPES/1_TREUILS_BENNE/ST_SafetyWinch.st,37,,9,CODE/H_TREUILS_BENNE/FB_WinchStateProjection.st:248 ; CODE/H_TREUILS_BENNE/FB_WinchStateProjection.st:276,,CODE/J_SUPERVISION/FB_Hmi_BannerFormatter.st:875 ; CODE/J_SUPERVISION/FB_Hmi_BannerFormatter.st:923,,non,oui,non,ecrit (jamais TRUE litteral) en CODE/H_TREUILS_BENNE/FB_WinchStateProjection.st:248
ErrorNoMovement,T1(brief),BOOL_INTERNE,BOOL,STRUCT,CODE/J_SUPERVISION/_TYPES/1_TREUILS_BENNE/ST_SafetyWinch.st,38,,9,CODE/H_TREUILS_BENNE/FB_WinchStateProjection.st:249 ; CODE/H_TREUILS_BENNE/FB_WinchStateProjection.st:277,,CODE/J_SUPERVISION/FB_Hmi_BannerFormatter.st:878 ; CODE/J_SUPERVISION/FB_Hmi_BannerFormatter.st:926,,non,oui,non,ecrit (jamais TRUE litteral) en CODE/H_TREUILS_BENNE/FB_WinchStateProjection.st:249
ErrorOverspeed,T1(brief),BOOL_INTERNE,BOOL,STRUCT,CODE/J_SUPERVISION/_TYPES/1_TREUILS_BENNE/ST_SafetyWinch.st,39,,5,CODE/H_TREUILS_BENNE/FB_WinchStateProjection.st:250 ; CODE/H_TREUILS_BENNE/FB_WinchStateProjection.st:278,,CODE/J_SUPERVISION/FB_Hmi_BannerFormatter.st:881 ; CODE/J_SUPERVISION/FB_Hmi_BannerFormatter.st:929,,non,oui,non,ecrit (jamais TRUE litteral) en CODE/H_TREUILS_BENNE/FB_WinchStateProjection.st:250
FinalInterlockError,T1(brief),BOOL_INTERNE,BOOL,STRUCT,CODE/J_SUPERVISION/_TYPES/1_TREUILS_BENNE/ST_TraceWinch.st,33,,20,CODE/H_TREUILS_BENNE/FB_WinchStateProjection.st:114 ; CODE/H_TREUILS_BENNE/FB_WinchStateProjection.st:181 ; CODE/M_MAIN/PRG_04_Treuils_Benne.st:1852 ; CODE/M_MAIN/PRG_04_Treuils_Benne.st:1898 ; CODE/M_MAIN/PRG_05_Translation.st:725 ; CODE/M_MAIN/PRG_05_Translation.st:770,,,,non,oui,non,ecrit (jamais TRUE litteral) en CODE/H_TREUILS_BENNE/FB_WinchStateProjection.st:114
BlockReason,T2(elargi),AUTRE,E_WinchTraceBlockReason,STRUCT,CODE/J_SUPERVISION/_TYPES/1_TREUILS_BENNE/ST_TraceWinch.st,37,,39,CODE/M_MAIN/PRG_04_Treuils_Benne.st:1857 ; CODE/M_MAIN/PRG_04_Treuils_Benne.st:1859 ; CODE/M_MAIN/PRG_04_Treuils_Benne.st:1861 ; CODE/M_MAIN/PRG_04_Treuils_Benne.st:1863 ; CODE/M_MAIN/PRG_04_Treuils_Benne.st:1865 ; CODE/M_MAIN/PRG_04_Treuils_Benne.st:1867,,,,non,non,non,ecrit (jamais TRUE litteral) en CODE/M_MAIN/PRG_04_Treuils_Benne.st:1857
BlockReasonTimestamp,T2(elargi),AUTRE,UDINT,STRUCT,CODE/J_SUPERVISION/_TYPES/1_TREUILS_BENNE/ST_TraceWinch.st,38,,5,CODE/M_MAIN/PRG_04_Treuils_Benne.st:1878 ; CODE/M_MAIN/PRG_04_Treuils_Benne.st:1924 ; CODE/M_MAIN/PRG_05_Translation.st:802,,,,non,non,non,ecrit (jamais TRUE litteral) en CODE/M_MAIN/PRG_04_Treuils_Benne.st:1878
WinchSyncError,T1(brief),BOOL_INTERNE,BOOL,STRUCT,CODE/J_SUPERVISION/_TYPES/1_TREUILS_BENNE/ST_WinchInterPrg.st,32,,11,CODE/M_MAIN/PRG_03_Modes_Cycle.st:215 ; CODE/M_MAIN/PRG_04_Treuils_Benne.st:1949 ; CODE/M_MAIN/PRG_07_Supervision.st:684,,,CODE/M_MAIN/PRG_07_Supervision.st:684 ; CODE/M_MAIN/PRG_07_Supervision.st:684 ; CODE/M_MAIN/PRG_07_Supervision.st:908,non,non,non,ecrit (jamais TRUE litteral) en CODE/M_MAIN/PRG_03_Modes_Cycle.st:215
BucketError,T1(brief),BOOL_INTERNE,BOOL,STRUCT,CODE/J_SUPERVISION/_TYPES/1_TREUILS_BENNE/ST_WinchInterPrg.st,41,,2,CODE/M_MAIN/PRG_04_Treuils_Benne.st:1959,,,,non,oui,non,ecrit (jamais TRUE litteral) en CODE/M_MAIN/PRG_04_Treuils_Benne.st:1959
BothBlockReason,T2(elargi),AUTRE,E_WinchTraceBlockReason,STRUCT,CODE/J_SUPERVISION/_TYPES/1_TREUILS_BENNE/ST_WinchInterPrg.st,75,,10,CODE/M_MAIN/PRG_04_Treuils_Benne.st:1147 ; CODE/M_MAIN/PRG_04_Treuils_Benne.st:1151 ; CODE/M_MAIN/PRG_04_Treuils_Benne.st:1154 ; CODE/M_MAIN/PRG_04_Treuils_Benne.st:1979 ; CODE/M_MAIN/PRG_07_Supervision.st:826,,,CODE/M_MAIN/PRG_07_Supervision.st:826 ; CODE/M_MAIN/PRG_07_Supervision.st:826,non,non,non,ecrit (jamais TRUE litteral) en CODE/M_MAIN/PRG_04_Treuils_Benne.st:1147
SpeedMonitorError,T1(brief),BOOL_INTERNE,BOOL,STRUCT,CODE/J_SUPERVISION/_TYPES/1_TREUILS_BENNE/ST_WinchState.st,15,,1,,,,,non,non,non,seulement lu (CODE/J_SUPERVISION/_TYPES/1_TREUILS_BENNE/ST_WinchState.st:15)
SpeedMonitorErrorId,T1(brief),BITFIELD_OU_INDEX,WORD,STRUCT,CODE/J_SUPERVISION/_TYPES/1_TREUILS_BENNE/ST_WinchState.st,16,,1,,,,,non,non,non,seulement lu (CODE/J_SUPERVISION/_TYPES/1_TREUILS_BENNE/ST_WinchState.st:16)
AxisBlockReason,T2(elargi),AUTRE,E_WinchTraceBlockReason,STRUCT,CODE/J_SUPERVISION/_TYPES/1_TREUILS_BENNE/ST_WinchState.st,23,,5,CODE/M_MAIN/PRG_04_Treuils_Benne.st:1931 ; CODE/M_MAIN/PRG_04_Treuils_Benne.st:1932 ; CODE/M_MAIN/PRG_05_Translation.st:808,,,,non,non,non,ecrit (jamais TRUE litteral) en CODE/M_MAIN/PRG_04_Treuils_Benne.st:1931
Error,T1(brief),BOOL_INTERNE,BOOL,STRUCT,CODE/J_SUPERVISION/_TYPES/1_TREUILS_BENNE/ST_WinchState.st,27,,139,CODE/A_COMMUN/FB_FaultCore.st:57 ; CODE/B_AU_SECURITE/FB_Safety_EmergencyManagement.st:575 ; CODE/C_DIAG_RESEAUX/FB_Diag_CanOpen.st:52 ; CODE/C_DIAG_RESEAUX/FB_Diag_CanOpen.st:57 ; CODE/C_DIAG_RESEAUX/FB_Diag_CanOpen.st:128 ; CODE/C_DIAG_RESEAUX/FB_Diag_CanOpen.st:132,,,CODE/M_MAIN/PRG_07_Supervision.st:587 ; CODE/M_MAIN/PRG_07_Supervision.st:589 ; CODE/M_MAIN/PRG_07_Supervision.st:591 ; CODE/M_MAIN/PRG_07_Supervision.st:592,oui,oui,non,ecrit (jamais TRUE litteral) en CODE/A_COMMUN/FB_FaultCore.st:57
ErrorId,T1(brief),BITFIELD_OU_INDEX,WORD,STRUCT,CODE/J_SUPERVISION/_TYPES/1_TREUILS_BENNE/ST_WinchState.st,28,,165,CODE/A_COMMUN/FB_FaultCore.st:49 ; CODE/A_COMMUN/FB_FaultCore.st:53 ; CODE/B_AU_SECURITE/FB_Safety_EmergencyManagement.st:576 ; CODE/C_DIAG_RESEAUX/FB_Diag_CanOpen.st:53 ; CODE/C_DIAG_RESEAUX/FB_Diag_CanOpen.st:58 ; CODE/C_DIAG_RESEAUX/FB_Diag_CanOpen.st:81,,CODE/J_SUPERVISION/FB_Hmi_BannerFormatter.st:766 ; CODE/J_SUPERVISION/FB_Hmi_BannerFormatter.st:766 ; CODE/J_SUPERVISION/FB_Hmi_BannerFormatter.st:778 ; CODE/J_SUPERVISION/FB_Hmi_BannerFormatter.st:778,CODE/M_MAIN/PRG_07_Supervision.st:628 ; CODE/M_MAIN/PRG_07_Supervision.st:628 ; CODE/M_MAIN/PRG_07_Supervision.st:633 ; CODE/M_MAIN/PRG_07_Supervision.st:633,non,oui,non,ecrit (jamais TRUE litteral) en CODE/A_COMMUN/FB_FaultCore.st:49
FinalInterlockError,T1(brief),BOOL_INTERNE,BOOL,STRUCT,CODE/J_SUPERVISION/_TYPES/1_TREUILS_BENNE/ST_WinchState.st,40,,20,CODE/H_TREUILS_BENNE/FB_WinchStateProjection.st:114 ; CODE/H_TREUILS_BENNE/FB_WinchStateProjection.st:181 ; CODE/M_MAIN/PRG_04_Treuils_Benne.st:1852 ; CODE/M_MAIN/PRG_04_Treuils_Benne.st:1898 ; CODE/M_MAIN/PRG_05_Translation.st:725 ; CODE/M_MAIN/PRG_05_Translation.st:770,,,,non,oui,non,ecrit (jamais TRUE litteral) en CODE/H_TREUILS_BENNE/FB_WinchStateProjection.st:114
FinalInterlockErrorId,T1(brief),BITFIELD_OU_INDEX,WORD,STRUCT,CODE/J_SUPERVISION/_TYPES/1_TREUILS_BENNE/ST_WinchState.st,41,,6,CODE/H_TREUILS_BENNE/FB_WinchStateProjection.st:115 ; CODE/H_TREUILS_BENNE/FB_WinchStateProjection.st:182 ; CODE/M_MAIN/PRG_05_Translation.st:726,,,CODE/M_MAIN/PRG_07_Supervision.st:763,non,oui,non,ecrit (jamais TRUE litteral) en CODE/H_TREUILS_BENNE/FB_WinchStateProjection.st:115
Idx309_ErrorOperatorComm,T1(brief),BOOL_INTERNE,BOOL,STRUCT,CODE/J_SUPERVISION/_TYPES/2_TRANSLATION/ST_Chain_Translation_Safety.st,12,,2,CODE/J_SUPERVISION/FB_TroubleshootingView.st:403,,,,non,non,non,ecrit (jamais TRUE litteral) en CODE/J_SUPERVISION/FB_TroubleshootingView.st:403
Idx310_ErrorDriveComm,T1(brief),BOOL_INTERNE,BOOL,STRUCT,CODE/J_SUPERVISION/_TYPES/2_TRANSLATION/ST_Chain_Translation_Safety.st,13,,2,CODE/J_SUPERVISION/FB_TroubleshootingView.st:404,,,,non,non,non,ecrit (jamais TRUE litteral) en CODE/J_SUPERVISION/FB_TroubleshootingView.st:404
Idx311_ErrorPhaseRotation,T1(brief),BOOL_INTERNE,BOOL,STRUCT,CODE/J_SUPERVISION/_TYPES/2_TRANSLATION/ST_Chain_Translation_Safety.st,14,,2,CODE/J_SUPERVISION/FB_TroubleshootingView.st:405,,,,non,non,non,ecrit (jamais TRUE litteral) en CODE/J_SUPERVISION/FB_TroubleshootingView.st:405
Idx312_ErrorBrakeThermal,T1(brief),BOOL_INTERNE,BOOL,STRUCT,CODE/J_SUPERVISION/_TYPES/2_TRANSLATION/ST_Chain_Translation_Safety.st,15,,2,CODE/J_SUPERVISION/FB_TroubleshootingView.st:406,,,,non,non,non,ecrit (jamais TRUE litteral) en CODE/J_SUPERVISION/FB_TroubleshootingView.st:406
Idx313_ErrorMecaB,T1(brief),BOOL_INTERNE,BOOL,STRUCT,CODE/J_SUPERVISION/_TYPES/2_TRANSLATION/ST_Chain_Translation_Safety.st,16,,2,CODE/J_SUPERVISION/FB_TroubleshootingView.st:407,,,,non,non,non,ecrit (jamais TRUE litteral) en CODE/J_SUPERVISION/FB_TroubleshootingView.st:407
Idx314_ErrorMecaA,T1(brief),BOOL_INTERNE,BOOL,STRUCT,CODE/J_SUPERVISION/_TYPES/2_TRANSLATION/ST_Chain_Translation_Safety.st,17,,2,CODE/J_SUPERVISION/FB_TroubleshootingView.st:408,,,,non,non,non,ecrit (jamais TRUE litteral) en CODE/J_SUPERVISION/FB_TroubleshootingView.st:408
Idx315_ErrorLimitSwitch,T1(brief),BOOL_INTERNE,BOOL,STRUCT,CODE/J_SUPERVISION/_TYPES/2_TRANSLATION/ST_Chain_Translation_Safety.st,18,,2,CODE/J_SUPERVISION/FB_TroubleshootingView.st:409,,,,non,non,non,ecrit (jamais TRUE litteral) en CODE/J_SUPERVISION/FB_TroubleshootingView.st:409
Idx316_ErrorSensorIncoherent,T1(brief),BOOL_INTERNE,BOOL,STRUCT,CODE/J_SUPERVISION/_TYPES/2_TRANSLATION/ST_Chain_Translation_Safety.st,19,,2,CODE/J_SUPERVISION/FB_TroubleshootingView.st:410,,,,non,non,non,ecrit (jamais TRUE litteral) en CODE/J_SUPERVISION/FB_TroubleshootingView.st:410
Idx317_ErrorId,T1(brief),BITFIELD_OU_INDEX,WORD,STRUCT,CODE/J_SUPERVISION/_TYPES/2_TRANSLATION/ST_Chain_Translation_Safety.st,20,,2,CODE/J_SUPERVISION/FB_TroubleshootingView.st:411,,,,non,non,non,ecrit (jamais TRUE litteral) en CODE/J_SUPERVISION/FB_TroubleshootingView.st:411
Error,T1(brief),BOOL_INTERNE,BOOL,STRUCT,CODE/J_SUPERVISION/_TYPES/2_TRANSLATION/ST_SafetyTranslation.st,8,,139,CODE/A_COMMUN/FB_FaultCore.st:57 ; CODE/B_AU_SECURITE/FB_Safety_EmergencyManagement.st:575 ; CODE/C_DIAG_RESEAUX/FB_Diag_CanOpen.st:52 ; CODE/C_DIAG_RESEAUX/FB_Diag_CanOpen.st:57 ; CODE/C_DIAG_RESEAUX/FB_Diag_CanOpen.st:128 ; CODE/C_DIAG_RESEAUX/FB_Diag_CanOpen.st:132,,,CODE/M_MAIN/PRG_07_Supervision.st:587 ; CODE/M_MAIN/PRG_07_Supervision.st:589 ; CODE/M_MAIN/PRG_07_Supervision.st:591 ; CODE/M_MAIN/PRG_07_Supervision.st:592,oui,oui,non,ecrit (jamais TRUE litteral) en CODE/A_COMMUN/FB_FaultCore.st:57
ErrorId,T1(brief),BITFIELD_OU_INDEX,WORD,STRUCT,CODE/J_SUPERVISION/_TYPES/2_TRANSLATION/ST_SafetyTranslation.st,9,,165,CODE/A_COMMUN/FB_FaultCore.st:49 ; CODE/A_COMMUN/FB_FaultCore.st:53 ; CODE/B_AU_SECURITE/FB_Safety_EmergencyManagement.st:576 ; CODE/C_DIAG_RESEAUX/FB_Diag_CanOpen.st:53 ; CODE/C_DIAG_RESEAUX/FB_Diag_CanOpen.st:58 ; CODE/C_DIAG_RESEAUX/FB_Diag_CanOpen.st:81,,CODE/J_SUPERVISION/FB_Hmi_BannerFormatter.st:766 ; CODE/J_SUPERVISION/FB_Hmi_BannerFormatter.st:766 ; CODE/J_SUPERVISION/FB_Hmi_BannerFormatter.st:778 ; CODE/J_SUPERVISION/FB_Hmi_BannerFormatter.st:778,CODE/M_MAIN/PRG_07_Supervision.st:628 ; CODE/M_MAIN/PRG_07_Supervision.st:628 ; CODE/M_MAIN/PRG_07_Supervision.st:633 ; CODE/M_MAIN/PRG_07_Supervision.st:633,non,oui,non,ecrit (jamais TRUE litteral) en CODE/A_COMMUN/FB_FaultCore.st:49
LatchedId,T2(elargi),BITFIELD_OU_INDEX,WORD,STRUCT,CODE/J_SUPERVISION/_TYPES/2_TRANSLATION/ST_SafetyTranslation.st,10,,23,CODE/A_COMMUN/FB_FaultCore.st:74 ; CODE/A_COMMUN/FB_FaultCore.st:77 ; CODE/H_TREUILS_BENNE/FB_WinchStateProjection.st:238 ; CODE/H_TREUILS_BENNE/FB_WinchStateProjection.st:266 ; CODE/M_MAIN/PRG_05_Translation.st:741,,CODE/J_SUPERVISION/FB_Hmi_BannerFormatter.st:568 ; CODE/J_SUPERVISION/FB_Hmi_BannerFormatter.st:570 ; CODE/J_SUPERVISION/FB_Hmi_BannerFormatter.st:571 ; CODE/J_SUPERVISION/FB_Hmi_BannerFormatter.st:573,CODE/M_MAIN/PRG_07_Supervision.st:662 ; CODE/M_MAIN/PRG_07_Supervision.st:883,non,non,non,ecrit (jamais TRUE litteral) en CODE/A_COMMUN/FB_FaultCore.st:74
ErrorOperatorComm,T1(brief),BOOL_INTERNE,BOOL,STRUCT,CODE/J_SUPERVISION/_TYPES/2_TRANSLATION/ST_SafetyTranslation.st,11,,18,CODE/H_TREUILS_BENNE/FB_WinchStateProjection.st:239 ; CODE/H_TREUILS_BENNE/FB_WinchStateProjection.st:267 ; CODE/I_TRANSLATION/FB_Safety_Translation.st:242 ; CODE/I_TRANSLATION/FB_Safety_Translation.st:270 ; CODE/M_MAIN/PRG_05_Translation.st:742,,CODE/J_SUPERVISION/FB_Hmi_BannerFormatter.st:851 ; CODE/J_SUPERVISION/FB_Hmi_BannerFormatter.st:899 ; CODE/J_SUPERVISION/FB_Hmi_BannerFormatter.st:938,,non,oui,non,ecrit (jamais TRUE litteral) en CODE/H_TREUILS_BENNE/FB_WinchStateProjection.st:239
ErrorDriveComm,T1(brief),BOOL_INTERNE,BOOL,STRUCT,CODE/J_SUPERVISION/_TYPES/2_TRANSLATION/ST_SafetyTranslation.st,12,,9,CODE/I_TRANSLATION/FB_Safety_Translation.st:243 ; CODE/I_TRANSLATION/FB_Safety_Translation.st:271 ; CODE/M_MAIN/PRG_05_Translation.st:743,,CODE/J_SUPERVISION/FB_Hmi_BannerFormatter.st:941,,non,oui,non,ecrit (jamais TRUE litteral) en CODE/I_TRANSLATION/FB_Safety_Translation.st:243
ErrorPhaseRotation,T1(brief),BOOL_INTERNE,BOOL,STRUCT,CODE/J_SUPERVISION/_TYPES/2_TRANSLATION/ST_SafetyTranslation.st,13,,18,CODE/H_TREUILS_BENNE/FB_WinchStateProjection.st:241 ; CODE/H_TREUILS_BENNE/FB_WinchStateProjection.st:269 ; CODE/I_TRANSLATION/FB_Safety_Translation.st:244 ; CODE/I_TRANSLATION/FB_Safety_Translation.st:272 ; CODE/M_MAIN/PRG_05_Translation.st:744,,CODE/J_SUPERVISION/FB_Hmi_BannerFormatter.st:857 ; CODE/J_SUPERVISION/FB_Hmi_BannerFormatter.st:905 ; CODE/J_SUPERVISION/FB_Hmi_BannerFormatter.st:944,,non,oui,non,ecrit (jamais TRUE litteral) en CODE/H_TREUILS_BENNE/FB_WinchStateProjection.st:241
ErrorBrakeThermal,T1(brief),BOOL_INTERNE,BOOL,STRUCT,CODE/J_SUPERVISION/_TYPES/2_TRANSLATION/ST_SafetyTranslation.st,14,,16,CODE/H_TREUILS_BENNE/FB_WinchStateProjection.st:242 ; CODE/H_TREUILS_BENNE/FB_WinchStateProjection.st:270 ; CODE/I_TRANSLATION/FB_Safety_Translation.st:245 ; CODE/I_TRANSLATION/FB_Safety_Translation.st:273 ; CODE/M_MAIN/PRG_05_Translation.st:745,,CODE/J_SUPERVISION/FB_Hmi_BannerFormatter.st:488 ; CODE/J_SUPERVISION/FB_Hmi_BannerFormatter.st:496 ; CODE/J_SUPERVISION/FB_Hmi_BannerFormatter.st:504,,non,non,non,ecrit (jamais TRUE litteral) en CODE/H_TREUILS_BENNE/FB_WinchStateProjection.st:242
ErrorMecaB,T1(brief),BOOL_INTERNE,BOOL,STRUCT,CODE/J_SUPERVISION/_TYPES/2_TRANSLATION/ST_SafetyTranslation.st,15,,21,CODE/H_TREUILS_BENNE/FB_WinchStateProjection.st:244 ; CODE/H_TREUILS_BENNE/FB_WinchStateProjection.st:272 ; CODE/I_TRANSLATION/FB_Safety_Translation.st:246 ; CODE/I_TRANSLATION/FB_Safety_Translation.st:274 ; CODE/M_MAIN/PRG_05_Translation.st:746,,CODE/J_SUPERVISION/FB_Hmi_BannerFormatter.st:486 ; CODE/J_SUPERVISION/FB_Hmi_BannerFormatter.st:492 ; CODE/J_SUPERVISION/FB_Hmi_BannerFormatter.st:500 ; CODE/J_SUPERVISION/FB_Hmi_BannerFormatter.st:863,,non,oui,non,ecrit (jamais TRUE litteral) en CODE/H_TREUILS_BENNE/FB_WinchStateProjection.st:244
ErrorMecaA,T1(brief),BOOL_INTERNE,BOOL,STRUCT,CODE/J_SUPERVISION/_TYPES/2_TRANSLATION/ST_SafetyTranslation.st,16,,21,CODE/H_TREUILS_BENNE/FB_WinchStateProjection.st:243 ; CODE/H_TREUILS_BENNE/FB_WinchStateProjection.st:271 ; CODE/I_TRANSLATION/FB_Safety_Translation.st:247 ; CODE/I_TRANSLATION/FB_Safety_Translation.st:275 ; CODE/M_MAIN/PRG_05_Translation.st:747,,CODE/J_SUPERVISION/FB_Hmi_BannerFormatter.st:484 ; CODE/J_SUPERVISION/FB_Hmi_BannerFormatter.st:490 ; CODE/J_SUPERVISION/FB_Hmi_BannerFormatter.st:498 ; CODE/J_SUPERVISION/FB_Hmi_BannerFormatter.st:860,,non,oui,non,ecrit (jamais TRUE litteral) en CODE/H_TREUILS_BENNE/FB_WinchStateProjection.st:243
ErrorLimitSwitch,T1(brief),BOOL_INTERNE,BOOL,STRUCT,CODE/J_SUPERVISION/_TYPES/2_TRANSLATION/ST_SafetyTranslation.st,17,,9,CODE/I_TRANSLATION/FB_Safety_Translation.st:248 ; CODE/I_TRANSLATION/FB_Safety_Translation.st:276 ; CODE/M_MAIN/PRG_05_Translation.st:748,,CODE/J_SUPERVISION/FB_Hmi_BannerFormatter.st:953,,non,oui,non,ecrit (jamais TRUE litteral) en CODE/I_TRANSLATION/FB_Safety_Translation.st:248
ErrorSensorIncoherent,T1(brief),BOOL_INTERNE,BOOL,STRUCT,CODE/J_SUPERVISION/_TYPES/2_TRANSLATION/ST_SafetyTranslation.st,18,,9,CODE/I_TRANSLATION/FB_Safety_Translation.st:249 ; CODE/I_TRANSLATION/FB_Safety_Translation.st:277 ; CODE/M_MAIN/PRG_05_Translation.st:749,,CODE/J_SUPERVISION/FB_Hmi_BannerFormatter.st:956,,non,oui,non,ecrit (jamais TRUE litteral) en CODE/I_TRANSLATION/FB_Safety_Translation.st:249
FinalInterlockError,T1(brief),BOOL_INTERNE,BOOL,STRUCT,CODE/J_SUPERVISION/_TYPES/2_TRANSLATION/ST_TraceTranslation.st,32,,20,CODE/H_TREUILS_BENNE/FB_WinchStateProjection.st:114 ; CODE/H_TREUILS_BENNE/FB_WinchStateProjection.st:181 ; CODE/M_MAIN/PRG_04_Treuils_Benne.st:1852 ; CODE/M_MAIN/PRG_04_Treuils_Benne.st:1898 ; CODE/M_MAIN/PRG_05_Translation.st:725 ; CODE/M_MAIN/PRG_05_Translation.st:770,,,,non,oui,non,ecrit (jamais TRUE litteral) en CODE/H_TREUILS_BENNE/FB_WinchStateProjection.st:114
BlockReason,T2(elargi),AUTRE,E_TranslationTraceBlockReason,STRUCT,CODE/J_SUPERVISION/_TYPES/2_TRANSLATION/ST_TraceTranslation.st,35,,39,CODE/M_MAIN/PRG_04_Treuils_Benne.st:1857 ; CODE/M_MAIN/PRG_04_Treuils_Benne.st:1859 ; CODE/M_MAIN/PRG_04_Treuils_Benne.st:1861 ; CODE/M_MAIN/PRG_04_Treuils_Benne.st:1863 ; CODE/M_MAIN/PRG_04_Treuils_Benne.st:1865 ; CODE/M_MAIN/PRG_04_Treuils_Benne.st:1867,,,,non,non,non,ecrit (jamais TRUE litteral) en CODE/M_MAIN/PRG_04_Treuils_Benne.st:1857
BlockReasonTimestamp,T2(elargi),AUTRE,UDINT,STRUCT,CODE/J_SUPERVISION/_TYPES/2_TRANSLATION/ST_TraceTranslation.st,36,,5,CODE/M_MAIN/PRG_04_Treuils_Benne.st:1878 ; CODE/M_MAIN/PRG_04_Treuils_Benne.st:1924 ; CODE/M_MAIN/PRG_05_Translation.st:802,,,,non,non,non,ecrit (jamais TRUE litteral) en CODE/M_MAIN/PRG_04_Treuils_Benne.st:1878
AxisBlockReason,T2(elargi),AUTRE,E_TranslationTraceBlockReason,STRUCT,CODE/J_SUPERVISION/_TYPES/2_TRANSLATION/ST_TranslationState.st,10,,5,CODE/M_MAIN/PRG_04_Treuils_Benne.st:1931 ; CODE/M_MAIN/PRG_04_Treuils_Benne.st:1932 ; CODE/M_MAIN/PRG_05_Translation.st:808,,,,non,non,non,ecrit (jamais TRUE litteral) en CODE/M_MAIN/PRG_04_Treuils_Benne.st:1931
Error,T1(brief),BOOL_INTERNE,BOOL,STRUCT,CODE/J_SUPERVISION/_TYPES/2_TRANSLATION/ST_TranslationState.st,14,,139,CODE/A_COMMUN/FB_FaultCore.st:57 ; CODE/B_AU_SECURITE/FB_Safety_EmergencyManagement.st:575 ; CODE/C_DIAG_RESEAUX/FB_Diag_CanOpen.st:52 ; CODE/C_DIAG_RESEAUX/FB_Diag_CanOpen.st:57 ; CODE/C_DIAG_RESEAUX/FB_Diag_CanOpen.st:128 ; CODE/C_DIAG_RESEAUX/FB_Diag_CanOpen.st:132,,,CODE/M_MAIN/PRG_07_Supervision.st:587 ; CODE/M_MAIN/PRG_07_Supervision.st:589 ; CODE/M_MAIN/PRG_07_Supervision.st:591 ; CODE/M_MAIN/PRG_07_Supervision.st:592,oui,oui,non,ecrit (jamais TRUE litteral) en CODE/A_COMMUN/FB_FaultCore.st:57
ErrorId,T1(brief),BITFIELD_OU_INDEX,WORD,STRUCT,CODE/J_SUPERVISION/_TYPES/2_TRANSLATION/ST_TranslationState.st,15,,165,CODE/A_COMMUN/FB_FaultCore.st:49 ; CODE/A_COMMUN/FB_FaultCore.st:53 ; CODE/B_AU_SECURITE/FB_Safety_EmergencyManagement.st:576 ; CODE/C_DIAG_RESEAUX/FB_Diag_CanOpen.st:53 ; CODE/C_DIAG_RESEAUX/FB_Diag_CanOpen.st:58 ; CODE/C_DIAG_RESEAUX/FB_Diag_CanOpen.st:81,,CODE/J_SUPERVISION/FB_Hmi_BannerFormatter.st:766 ; CODE/J_SUPERVISION/FB_Hmi_BannerFormatter.st:766 ; CODE/J_SUPERVISION/FB_Hmi_BannerFormatter.st:778 ; CODE/J_SUPERVISION/FB_Hmi_BannerFormatter.st:778,CODE/M_MAIN/PRG_07_Supervision.st:628 ; CODE/M_MAIN/PRG_07_Supervision.st:628 ; CODE/M_MAIN/PRG_07_Supervision.st:633 ; CODE/M_MAIN/PRG_07_Supervision.st:633,non,oui,non,ecrit (jamais TRUE litteral) en CODE/A_COMMUN/FB_FaultCore.st:49
FinalInterlockError,T1(brief),BOOL_INTERNE,BOOL,STRUCT,CODE/J_SUPERVISION/_TYPES/2_TRANSLATION/ST_TranslationState.st,28,,20,CODE/H_TREUILS_BENNE/FB_WinchStateProjection.st:114 ; CODE/H_TREUILS_BENNE/FB_WinchStateProjection.st:181 ; CODE/M_MAIN/PRG_04_Treuils_Benne.st:1852 ; CODE/M_MAIN/PRG_04_Treuils_Benne.st:1898 ; CODE/M_MAIN/PRG_05_Translation.st:725 ; CODE/M_MAIN/PRG_05_Translation.st:770,,,,non,oui,non,ecrit (jamais TRUE litteral) en CODE/H_TREUILS_BENNE/FB_WinchStateProjection.st:114
FinalInterlockErrorId,T1(brief),BITFIELD_OU_INDEX,WORD,STRUCT,CODE/J_SUPERVISION/_TYPES/2_TRANSLATION/ST_TranslationState.st,29,,6,CODE/H_TREUILS_BENNE/FB_WinchStateProjection.st:115 ; CODE/H_TREUILS_BENNE/FB_WinchStateProjection.st:182 ; CODE/M_MAIN/PRG_05_Translation.st:726,,,CODE/M_MAIN/PRG_07_Supervision.st:763,non,oui,non,ecrit (jamais TRUE litteral) en CODE/H_TREUILS_BENNE/FB_WinchStateProjection.st:115
Idx204_Error,T1(brief),BOOL_INTERNE,BOOL,STRUCT,CODE/J_SUPERVISION/_TYPES/3_CYCLE_ET_MODES/ST_ChainCycleSemiAuto.st,25,,2,CODE/J_SUPERVISION/FB_TroubleshootingView.st:683,,,,non,non,non,ecrit (jamais TRUE litteral) en CODE/J_SUPERVISION/FB_TroubleshootingView.st:683
Idx205_ErrorId,T1(brief),BITFIELD_OU_INDEX,WORD,STRUCT,CODE/J_SUPERVISION/_TYPES/3_CYCLE_ET_MODES/ST_ChainCycleSemiAuto.st,26,,2,CODE/J_SUPERVISION/FB_TroubleshootingView.st:684,,,,non,non,non,ecrit (jamais TRUE litteral) en CODE/J_SUPERVISION/FB_TroubleshootingView.st:684
Idx217_FaultLatched,T1(brief),BOOL_INTERNE,BOOL,STRUCT,CODE/J_SUPERVISION/_TYPES/3_CYCLE_ET_MODES/ST_ChainCycleSemiAuto.st,27,,2,CODE/J_SUPERVISION/FB_TroubleshootingView.st:685,,,,non,non,non,ecrit (jamais TRUE litteral) en CODE/J_SUPERVISION/FB_TroubleshootingView.st:685
Idx218_FaultLatchedId,T1(brief),BITFIELD_OU_INDEX,WORD,STRUCT,CODE/J_SUPERVISION/_TYPES/3_CYCLE_ET_MODES/ST_ChainCycleSemiAuto.st,28,,2,CODE/J_SUPERVISION/FB_TroubleshootingView.st:686,,,,non,non,non,ecrit (jamais TRUE litteral) en CODE/J_SUPERVISION/FB_TroubleshootingView.st:686
Idx208_StepAtError,T1(brief),AUTRE,E_AutoCycleStep,STRUCT,CODE/J_SUPERVISION/_TYPES/3_CYCLE_ET_MODES/ST_ChainCycleSemiAuto.st,35,,2,CODE/J_SUPERVISION/FB_TroubleshootingView.st:693,,,,non,non,non,ecrit (jamais TRUE litteral) en CODE/J_SUPERVISION/FB_TroubleshootingView.st:693
Idx306_WinchSyncError,T1(brief),BOOL_INTERNE,BOOL,STRUCT,CODE/J_SUPERVISION/_TYPES/3_CYCLE_ET_MODES/ST_ChainCycleSemiAuto.st,51,,2,CODE/J_SUPERVISION/FB_TroubleshootingView.st:708,,,,non,non,non,ecrit (jamais TRUE litteral) en CODE/J_SUPERVISION/FB_TroubleshootingView.st:708
Idx310_M1SpeedStepAtFault,T1(brief),BITFIELD_OU_INDEX,INT,STRUCT,CODE/J_SUPERVISION/_TYPES/3_CYCLE_ET_MODES/ST_ChainCycleSemiAuto.st,55,,2,CODE/J_SUPERVISION/FB_TroubleshootingView.st:712,,,,non,non,non,ecrit (jamais TRUE litteral) en CODE/J_SUPERVISION/FB_TroubleshootingView.st:712
Idx311_M2SpeedStepAtFault,T1(brief),BITFIELD_OU_INDEX,INT,STRUCT,CODE/J_SUPERVISION/_TYPES/3_CYCLE_ET_MODES/ST_ChainCycleSemiAuto.st,56,,2,CODE/J_SUPERVISION/FB_TroubleshootingView.st:713,,,,non,non,non,ecrit (jamais TRUE litteral) en CODE/J_SUPERVISION/FB_TroubleshootingView.st:713
BtnResumeAfterFault,T1(brief),BOOL_INTERNE,BOOL,STRUCT,CODE/J_SUPERVISION/_TYPES/3_CYCLE_ET_MODES/ST_CycleCmd.st,9,,2,,,,,non,non,non,seulement lu (CODE/J_SUPERVISION/_TYPES/3_CYCLE_ET_MODES/ST_CycleCmd.st:9)
Error,T1(brief),BOOL_INTERNE,BOOL,STRUCT,CODE/J_SUPERVISION/_TYPES/3_CYCLE_ET_MODES/ST_CycleState.st,9,,139,CODE/A_COMMUN/FB_FaultCore.st:57 ; CODE/B_AU_SECURITE/FB_Safety_EmergencyManagement.st:575 ; CODE/C_DIAG_RESEAUX/FB_Diag_CanOpen.st:52 ; CODE/C_DIAG_RESEAUX/FB_Diag_CanOpen.st:57 ; CODE/C_DIAG_RESEAUX/FB_Diag_CanOpen.st:128 ; CODE/C_DIAG_RESEAUX/FB_Diag_CanOpen.st:132,,,CODE/M_MAIN/PRG_07_Supervision.st:587 ; CODE/M_MAIN/PRG_07_Supervision.st:589 ; CODE/M_MAIN/PRG_07_Supervision.st:591 ; CODE/M_MAIN/PRG_07_Supervision.st:592,oui,oui,non,ecrit (jamais TRUE litteral) en CODE/A_COMMUN/FB_FaultCore.st:57
ErrorId,T1(brief),BITFIELD_OU_INDEX,WORD,STRUCT,CODE/J_SUPERVISION/_TYPES/3_CYCLE_ET_MODES/ST_CycleState.st,10,,165,CODE/A_COMMUN/FB_FaultCore.st:49 ; CODE/A_COMMUN/FB_FaultCore.st:53 ; CODE/B_AU_SECURITE/FB_Safety_EmergencyManagement.st:576 ; CODE/C_DIAG_RESEAUX/FB_Diag_CanOpen.st:53 ; CODE/C_DIAG_RESEAUX/FB_Diag_CanOpen.st:58 ; CODE/C_DIAG_RESEAUX/FB_Diag_CanOpen.st:81,,CODE/J_SUPERVISION/FB_Hmi_BannerFormatter.st:766 ; CODE/J_SUPERVISION/FB_Hmi_BannerFormatter.st:766 ; CODE/J_SUPERVISION/FB_Hmi_BannerFormatter.st:778 ; CODE/J_SUPERVISION/FB_Hmi_BannerFormatter.st:778,CODE/M_MAIN/PRG_07_Supervision.st:628 ; CODE/M_MAIN/PRG_07_Supervision.st:628 ; CODE/M_MAIN/PRG_07_Supervision.st:633 ; CODE/M_MAIN/PRG_07_Supervision.st:633,non,oui,non,ecrit (jamais TRUE litteral) en CODE/A_COMMUN/FB_FaultCore.st:49
WinchSyncError,T1(brief),BOOL_INTERNE,BOOL,STRUCT,CODE/J_SUPERVISION/_TYPES/3_CYCLE_ET_MODES/ST_CycleState.st,19,,11,CODE/M_MAIN/PRG_03_Modes_Cycle.st:215 ; CODE/M_MAIN/PRG_04_Treuils_Benne.st:1949 ; CODE/M_MAIN/PRG_07_Supervision.st:684,,,CODE/M_MAIN/PRG_07_Supervision.st:684 ; CODE/M_MAIN/PRG_07_Supervision.st:684 ; CODE/M_MAIN/PRG_07_Supervision.st:908,non,non,non,ecrit (jamais TRUE litteral) en CODE/M_MAIN/PRG_03_Modes_Cycle.st:215
CycleStepAtError,T1(brief),AUTRE,E_AutoCycleStep,STRUCT,CODE/J_SUPERVISION/_TYPES/3_CYCLE_ET_MODES/ST_CycleState.st,28,,14,CODE/G_CYCLE/FB_CycleSemiAuto.st:824 ; CODE/M_MAIN/PRG_07_Supervision.st:665 ; CODE/M_MAIN/PRG_07_Supervision.st:729 ; CODE/M_MAIN/PRG_07_Supervision.st:895,,CODE/J_SUPERVISION/FB_Hmi_BannerFormatter.st:23 ; CODE/J_SUPERVISION/FB_Hmi_BannerFormatter.st:266,CODE/M_MAIN/PRG_07_Supervision.st:665 ; CODE/M_MAIN/PRG_07_Supervision.st:729 ; CODE/M_MAIN/PRG_07_Supervision.st:895,non,non,non,ecrit (jamais TRUE litteral) en CODE/G_CYCLE/FB_CycleSemiAuto.st:824
ForceStepRejected,T2(elargi),BOOL_INTERNE,BOOL,STRUCT,CODE/J_SUPERVISION/_TYPES/3_CYCLE_ET_MODES/ST_CycleState.st,46,,13,CODE/G_CYCLE/FB_CycleSemiAuto.st:299 ; CODE/G_CYCLE/FB_CycleSemiAuto.st:654 ; CODE/G_CYCLE/FB_CycleSemiAuto.st:657 ; CODE/G_CYCLE/FB_CycleSemiAuto.st:668 ; CODE/M_MAIN/PRG_03_Modes_Cycle.st:368 ; CODE/M_MAIN/PRG_03_Modes_Cycle.st:469,CODE/G_CYCLE/FB_CycleSemiAuto.st:654,,CODE/M_MAIN/PRG_07_Supervision.st:693 ; CODE/M_MAIN/PRG_07_Supervision.st:693,non,non,non,ecrit TRUE en CODE/G_CYCLE/FB_CycleSemiAuto.st:654
ResumeAfterFaultAvailable,T1(brief),BOOL_INTERNE,BOOL,STRUCT,CODE/J_SUPERVISION/_TYPES/3_CYCLE_ET_MODES/ST_CycleState.st,48,,13,CODE/G_CYCLE/FB_CycleSemiAuto.st:539 ; CODE/M_MAIN/PRG_03_Modes_Cycle.st:348 ; CODE/M_MAIN/PRG_03_Modes_Cycle.st:451 ; CODE/M_MAIN/PRG_03_Modes_Cycle.st:525 ; CODE/M_MAIN/PRG_07_Supervision.st:666,,,CODE/M_MAIN/PRG_07_Supervision.st:666 ; CODE/M_MAIN/PRG_07_Supervision.st:666,non,non,non,ecrit (jamais TRUE litteral) en CODE/G_CYCLE/FB_CycleSemiAuto.st:539
BtnFaultReset,T1(brief),BOOL_INTERNE,BOOL,STRUCT,CODE/J_SUPERVISION/_TYPES/3_CYCLE_ET_MODES/ST_ModesCmd.st,7,,2,,,,CODE/M_MAIN/PRG_07_Supervision.st:123,non,non,non,seulement lu (CODE/J_SUPERVISION/_TYPES/3_CYCLE_ET_MODES/ST_ModesCmd.st:7)
ModesFault,T1(brief),BRIQUE_ST_FAULT,ST_Fault,STRUCT,CODE/J_SUPERVISION/_TYPES/3_CYCLE_ET_MODES/ST_ModesCycleInterPrg.st,21,,4,CODE/M_MAIN/PRG_03_Modes_Cycle.st:294,,,CODE/M_MAIN/PRG_07_Supervision.st:589 ; CODE/M_MAIN/PRG_07_Supervision.st:590,oui,non,non,"brique ST_Fault : porteuse d'un bitfield, voir lignes de causes"
AnyFaultActive,T1(brief),BOOL_INTERNE,BOOL,STRUCT,CODE/J_SUPERVISION/_TYPES/3_CYCLE_ET_MODES/ST_ModesState.st,7,,2,CODE/M_MAIN/PRG_07_Supervision.st:587,,,CODE/M_MAIN/PRG_07_Supervision.st:587,non,non,non,ecrit (jamais TRUE litteral) en CODE/M_MAIN/PRG_07_Supervision.st:587
Fault,T1(brief),BRIQUE_ST_FAULT,ST_Fault,STRUCT,CODE/J_SUPERVISION/_TYPES/3_CYCLE_ET_MODES/ST_SequencePublicState.st,11,,254,CODE/A_COMMUN/FB_Brake.st:85 ; CODE/A_COMMUN/FB_Brake.st:131 ; CODE/B_AU_SECURITE/FB_Safety_EmergencyManagement.st:502 ; CODE/D_JOYSTICK/FB_Joystick.st:148 ; CODE/E_CODEURS/FB_Encoder.st:110 ; CODE/E_CODEURS/FB_Encoder.st:235,,,CODE/M_MAIN/PRG_07_Supervision.st:583 ; CODE/M_MAIN/PRG_07_Supervision.st:588 ; CODE/M_MAIN/PRG_07_Supervision.st:627 ; CODE/M_MAIN/PRG_07_Supervision.st:628,oui,non,non,"brique ST_Fault : porteuse d'un bitfield, voir lignes de causes"
StepAtFault,T1(brief),AUTRE,E_AutoCycleStep,STRUCT,CODE/J_SUPERVISION/_TYPES/3_CYCLE_ET_MODES/ST_SequencePublicState.st,14,,7,CODE/M_MAIN/PRG_03_Modes_Cycle.st:345 ; CODE/M_MAIN/PRG_03_Modes_Cycle.st:448 ; CODE/M_MAIN/PRG_03_Modes_Cycle.st:522,,,CODE/M_MAIN/PRG_07_Supervision.st:665 ; CODE/M_MAIN/PRG_07_Supervision.st:729 ; CODE/M_MAIN/PRG_07_Supervision.st:895,non,non,non,ecrit (jamais TRUE litteral) en CODE/M_MAIN/PRG_03_Modes_Cycle.st:345
ForceStepRejected,T2(elargi),BOOL_INTERNE,BOOL,STRUCT,CODE/J_SUPERVISION/_TYPES/3_CYCLE_ET_MODES/ST_SequencePublicState.st,35,,13,CODE/G_CYCLE/FB_CycleSemiAuto.st:299 ; CODE/G_CYCLE/FB_CycleSemiAuto.st:654 ; CODE/G_CYCLE/FB_CycleSemiAuto.st:657 ; CODE/G_CYCLE/FB_CycleSemiAuto.st:668 ; CODE/M_MAIN/PRG_03_Modes_Cycle.st:368 ; CODE/M_MAIN/PRG_03_Modes_Cycle.st:469,CODE/G_CYCLE/FB_CycleSemiAuto.st:654,,CODE/M_MAIN/PRG_07_Supervision.st:693 ; CODE/M_MAIN/PRG_07_Supervision.st:693,non,non,non,ecrit TRUE en CODE/G_CYCLE/FB_CycleSemiAuto.st:654
ResumeAfterFaultAvailable,T1(brief),BOOL_INTERNE,BOOL,STRUCT,CODE/J_SUPERVISION/_TYPES/3_CYCLE_ET_MODES/ST_SequencePublicState.st,41,,13,CODE/G_CYCLE/FB_CycleSemiAuto.st:539 ; CODE/M_MAIN/PRG_03_Modes_Cycle.st:348 ; CODE/M_MAIN/PRG_03_Modes_Cycle.st:451 ; CODE/M_MAIN/PRG_03_Modes_Cycle.st:525 ; CODE/M_MAIN/PRG_07_Supervision.st:666,,,CODE/M_MAIN/PRG_07_Supervision.st:666 ; CODE/M_MAIN/PRG_07_Supervision.st:666,non,non,non,ecrit (jamais TRUE litteral) en CODE/G_CYCLE/FB_CycleSemiAuto.st:539
M1SpeedStepAtFault,T1(brief),BITFIELD_OU_INDEX,INT,STRUCT,CODE/J_SUPERVISION/_TYPES/3_CYCLE_ET_MODES/ST_SequencePublicState.st,42,,8,CODE/G_CYCLE/FB_CycleSemiAuto.st:825 ; CODE/M_MAIN/PRG_03_Modes_Cycle.st:346 ; CODE/M_MAIN/PRG_03_Modes_Cycle.st:449 ; CODE/M_MAIN/PRG_03_Modes_Cycle.st:523,,,CODE/M_MAIN/PRG_07_Supervision.st:887,non,non,non,ecrit (jamais TRUE litteral) en CODE/G_CYCLE/FB_CycleSemiAuto.st:825
M2SpeedStepAtFault,T1(brief),BITFIELD_OU_INDEX,INT,STRUCT,CODE/J_SUPERVISION/_TYPES/3_CYCLE_ET_MODES/ST_SequencePublicState.st,43,,8,CODE/G_CYCLE/FB_CycleSemiAuto.st:826 ; CODE/M_MAIN/PRG_03_Modes_Cycle.st:347 ; CODE/M_MAIN/PRG_03_Modes_Cycle.st:450 ; CODE/M_MAIN/PRG_03_Modes_Cycle.st:524,,,CODE/M_MAIN/PRG_07_Supervision.st:888,non,non,non,ecrit (jamais TRUE litteral) en CODE/G_CYCLE/FB_CycleSemiAuto.st:826
Fault,T1(brief),BRIQUE_ST_FAULT,ST_Fault,STRUCT,CODE/J_SUPERVISION/_TYPES/4_JOYSTICK_ACQUISITION/ST_AcquisitionEncoderQualified.st,14,,254,CODE/A_COMMUN/FB_Brake.st:85 ; CODE/A_COMMUN/FB_Brake.st:131 ; CODE/B_AU_SECURITE/FB_Safety_EmergencyManagement.st:502 ; CODE/D_JOYSTICK/FB_Joystick.st:148 ; CODE/E_CODEURS/FB_Encoder.st:110 ; CODE/E_CODEURS/FB_Encoder.st:235,,,CODE/M_MAIN/PRG_07_Supervision.st:583 ; CODE/M_MAIN/PRG_07_Supervision.st:588 ; CODE/M_MAIN/PRG_07_Supervision.st:627 ; CODE/M_MAIN/PRG_07_Supervision.st:628,oui,non,non,"brique ST_Fault : porteuse d'un bitfield, voir lignes de causes"
EncoderFault,T1(brief),BOOL_INTERNE,BOOL,STRUCT,CODE/J_SUPERVISION/_TYPES/4_JOYSTICK_ACQUISITION/ST_AcquisitionEncoderQualified.st,17,,16,CODE/E_CODEURS/FB_Encoder.st:94 ; CODE/E_CODEURS/FB_Encoder.st:215 ; CODE/E_CODEURS/FB_EncoderReliability.st:30 ; CODE/M_MAIN/PRG_02_Acquisition.st:639 ; CODE/M_MAIN/PRG_02_Acquisition.st:694,CODE/E_CODEURS/FB_Encoder.st:94,,,non,non,non,ecrit TRUE en CODE/E_CODEURS/FB_Encoder.st:94
Fault,T1(brief),BRIQUE_ST_FAULT,ST_Fault,STRUCT,CODE/J_SUPERVISION/_TYPES/4_JOYSTICK_ACQUISITION/ST_AcquisitionJoystickQualified.st,18,,254,CODE/A_COMMUN/FB_Brake.st:85 ; CODE/A_COMMUN/FB_Brake.st:131 ; CODE/B_AU_SECURITE/FB_Safety_EmergencyManagement.st:502 ; CODE/D_JOYSTICK/FB_Joystick.st:148 ; CODE/E_CODEURS/FB_Encoder.st:110 ; CODE/E_CODEURS/FB_Encoder.st:235,,,CODE/M_MAIN/PRG_07_Supervision.st:583 ; CODE/M_MAIN/PRG_07_Supervision.st:588 ; CODE/M_MAIN/PRG_07_Supervision.st:627 ; CODE/M_MAIN/PRG_07_Supervision.st:628,oui,non,non,"brique ST_Fault : porteuse d'un bitfield, voir lignes de causes"
Alarms,T1(brief),AUTRE,UINT,STRUCT,CODE/J_SUPERVISION/_TYPES/4_JOYSTICK_ACQUISITION/ST_EncoderHMI.st,9,,3,CODE/H_TREUILS_BENNE/FB_WinchStateProjection.st:124 ; CODE/H_TREUILS_BENNE/FB_WinchStateProjection.st:191,,,,non,non,non,ecrit (jamais TRUE litteral) en CODE/H_TREUILS_BENNE/FB_WinchStateProjection.st:124
Warnings,T1(brief),AUTRE,UINT,STRUCT,CODE/J_SUPERVISION/_TYPES/4_JOYSTICK_ACQUISITION/ST_EncoderHMI.st,10,,3,CODE/H_TREUILS_BENNE/FB_WinchStateProjection.st:125 ; CODE/H_TREUILS_BENNE/FB_WinchStateProjection.st:192,,,,non,non,non,ecrit (jamais TRUE litteral) en CODE/H_TREUILS_BENNE/FB_WinchStateProjection.st:125
Error,T1(brief),BOOL_INTERNE,BOOL,STRUCT,CODE/J_SUPERVISION/_TYPES/4_JOYSTICK_ACQUISITION/ST_EncoderHMI.st,14,,139,CODE/A_COMMUN/FB_FaultCore.st:57 ; CODE/B_AU_SECURITE/FB_Safety_EmergencyManagement.st:575 ; CODE/C_DIAG_RESEAUX/FB_Diag_CanOpen.st:52 ; CODE/C_DIAG_RESEAUX/FB_Diag_CanOpen.st:57 ; CODE/C_DIAG_RESEAUX/FB_Diag_CanOpen.st:128 ; CODE/C_DIAG_RESEAUX/FB_Diag_CanOpen.st:132,,,CODE/M_MAIN/PRG_07_Supervision.st:587 ; CODE/M_MAIN/PRG_07_Supervision.st:589 ; CODE/M_MAIN/PRG_07_Supervision.st:591 ; CODE/M_MAIN/PRG_07_Supervision.st:592,oui,oui,non,ecrit (jamais TRUE litteral) en CODE/A_COMMUN/FB_FaultCore.st:57
ErrorId,T1(brief),BITFIELD_OU_INDEX,WORD,STRUCT,CODE/J_SUPERVISION/_TYPES/4_JOYSTICK_ACQUISITION/ST_EncoderHMI.st,15,,165,CODE/A_COMMUN/FB_FaultCore.st:49 ; CODE/A_COMMUN/FB_FaultCore.st:53 ; CODE/B_AU_SECURITE/FB_Safety_EmergencyManagement.st:576 ; CODE/C_DIAG_RESEAUX/FB_Diag_CanOpen.st:53 ; CODE/C_DIAG_RESEAUX/FB_Diag_CanOpen.st:58 ; CODE/C_DIAG_RESEAUX/FB_Diag_CanOpen.st:81,,CODE/J_SUPERVISION/FB_Hmi_BannerFormatter.st:766 ; CODE/J_SUPERVISION/FB_Hmi_BannerFormatter.st:766 ; CODE/J_SUPERVISION/FB_Hmi_BannerFormatter.st:778 ; CODE/J_SUPERVISION/FB_Hmi_BannerFormatter.st:778,CODE/M_MAIN/PRG_07_Supervision.st:628 ; CODE/M_MAIN/PRG_07_Supervision.st:628 ; CODE/M_MAIN/PRG_07_Supervision.st:633 ; CODE/M_MAIN/PRG_07_Supervision.st:633,non,oui,non,ecrit (jamais TRUE litteral) en CODE/A_COMMUN/FB_FaultCore.st:49
HomingError,T1(brief),BOOL_INTERNE,BOOL,STRUCT,CODE/J_SUPERVISION/_TYPES/4_JOYSTICK_ACQUISITION/ST_EncoderHMI.st,21,,10,CODE/H_TREUILS_BENNE/FB_WinchStateProjection.st:134 ; CODE/H_TREUILS_BENNE/FB_WinchStateProjection.st:201 ; CODE/M_MAIN/PRG_02_Acquisition.st:514 ; CODE/M_MAIN/PRG_02_Acquisition.st:518,,,,non,non,non,ecrit (jamais TRUE litteral) en CODE/H_TREUILS_BENNE/FB_WinchStateProjection.st:134
HomingErrorId,T1(brief),BITFIELD_OU_INDEX,WORD,STRUCT,CODE/J_SUPERVISION/_TYPES/4_JOYSTICK_ACQUISITION/ST_EncoderHMI.st,22,,5,CODE/H_TREUILS_BENNE/FB_WinchStateProjection.st:135 ; CODE/H_TREUILS_BENNE/FB_WinchStateProjection.st:202,,,,non,non,non,ecrit (jamais TRUE litteral) en CODE/H_TREUILS_BENNE/FB_WinchStateProjection.st:135
HomingStateAtError,T1(brief),AUTRE,E_State,STRUCT,CODE/J_SUPERVISION/_TYPES/4_JOYSTICK_ACQUISITION/ST_EncoderHMI.st,24,,3,CODE/H_TREUILS_BENNE/FB_WinchStateProjection.st:137 ; CODE/H_TREUILS_BENNE/FB_WinchStateProjection.st:204,,,,non,non,non,ecrit (jamais TRUE litteral) en CODE/H_TREUILS_BENNE/FB_WinchStateProjection.st:137
Error,T1(brief),BOOL_INTERNE,BOOL,STRUCT,CODE/J_SUPERVISION/_TYPES/4_JOYSTICK_ACQUISITION/ST_JoystickState.st,17,,139,CODE/A_COMMUN/FB_FaultCore.st:57 ; CODE/B_AU_SECURITE/FB_Safety_EmergencyManagement.st:575 ; CODE/C_DIAG_RESEAUX/FB_Diag_CanOpen.st:52 ; CODE/C_DIAG_RESEAUX/FB_Diag_CanOpen.st:57 ; CODE/C_DIAG_RESEAUX/FB_Diag_CanOpen.st:128 ; CODE/C_DIAG_RESEAUX/FB_Diag_CanOpen.st:132,,,CODE/M_MAIN/PRG_07_Supervision.st:587 ; CODE/M_MAIN/PRG_07_Supervision.st:589 ; CODE/M_MAIN/PRG_07_Supervision.st:591 ; CODE/M_MAIN/PRG_07_Supervision.st:592,oui,oui,non,ecrit (jamais TRUE litteral) en CODE/A_COMMUN/FB_FaultCore.st:57
ErrorId,T1(brief),BITFIELD_OU_INDEX,WORD,STRUCT,CODE/J_SUPERVISION/_TYPES/4_JOYSTICK_ACQUISITION/ST_JoystickState.st,18,,165,CODE/A_COMMUN/FB_FaultCore.st:49 ; CODE/A_COMMUN/FB_FaultCore.st:53 ; CODE/B_AU_SECURITE/FB_Safety_EmergencyManagement.st:576 ; CODE/C_DIAG_RESEAUX/FB_Diag_CanOpen.st:53 ; CODE/C_DIAG_RESEAUX/FB_Diag_CanOpen.st:58 ; CODE/C_DIAG_RESEAUX/FB_Diag_CanOpen.st:81,,CODE/J_SUPERVISION/FB_Hmi_BannerFormatter.st:766 ; CODE/J_SUPERVISION/FB_Hmi_BannerFormatter.st:766 ; CODE/J_SUPERVISION/FB_Hmi_BannerFormatter.st:778 ; CODE/J_SUPERVISION/FB_Hmi_BannerFormatter.st:778,CODE/M_MAIN/PRG_07_Supervision.st:628 ; CODE/M_MAIN/PRG_07_Supervision.st:628 ; CODE/M_MAIN/PRG_07_Supervision.st:633 ; CODE/M_MAIN/PRG_07_Supervision.st:633,non,oui,non,ecrit (jamais TRUE litteral) en CODE/A_COMMUN/FB_FaultCore.st:49
Fault,T1(brief),BRIQUE_ST_FAULT,ST_Fault,STRUCT,CODE/J_SUPERVISION/_TYPES/6_DIAG_ET_CHAINES/ST_EmergencyState.st,29,,254,CODE/A_COMMUN/FB_Brake.st:85 ; CODE/A_COMMUN/FB_Brake.st:131 ; CODE/B_AU_SECURITE/FB_Safety_EmergencyManagement.st:502 ; CODE/D_JOYSTICK/FB_Joystick.st:148 ; CODE/E_CODEURS/FB_Encoder.st:110 ; CODE/E_CODEURS/FB_Encoder.st:235,,,CODE/M_MAIN/PRG_07_Supervision.st:583 ; CODE/M_MAIN/PRG_07_Supervision.st:588 ; CODE/M_MAIN/PRG_07_Supervision.st:627 ; CODE/M_MAIN/PRG_07_Supervision.st:628,oui,non,non,"brique ST_Fault : porteuse d'un bitfield, voir lignes de causes"
Diag,T1(brief),BRIQUE_ST_FAULT,ST_Safety_Emergency_Diag,STRUCT,CODE/J_SUPERVISION/_TYPES/6_DIAG_ET_CHAINES/ST_EmergencyState.st,38,,40,CODE/M_MAIN/PRG_07_Supervision.st:578,,,CODE/M_MAIN/PRG_07_Supervision.st:578,oui,oui,non,"brique ST_Fault : porteuse d'un bitfield, voir lignes de causes"
RejectErrorMask,T1(brief),BITFIELD_OU_INDEX,WORD,STRUCT,CODE/J_SUPERVISION/_TYPES/6_DIAG_ET_CHAINES/ST_HomingChecklist.st,34,,3,CODE/J_SUPERVISION/FB_TroubleshootingView.st:455 ; CODE/J_SUPERVISION/FB_TroubleshootingView.st:481,,,,non,non,non,ecrit (jamais TRUE litteral) en CODE/J_SUPERVISION/FB_TroubleshootingView.st:455
Fault,T1(brief),BOOL_INTERNE,BOOL,STRUCT,CODE/J_SUPERVISION/_TYPES/6_DIAG_ET_CHAINES/ST_InputModuleDiagHMI.st,17,,254,CODE/A_COMMUN/FB_Brake.st:85 ; CODE/A_COMMUN/FB_Brake.st:131 ; CODE/B_AU_SECURITE/FB_Safety_EmergencyManagement.st:502 ; CODE/D_JOYSTICK/FB_Joystick.st:148 ; CODE/E_CODEURS/FB_Encoder.st:110 ; CODE/E_CODEURS/FB_Encoder.st:235,,,CODE/M_MAIN/PRG_07_Supervision.st:583 ; CODE/M_MAIN/PRG_07_Supervision.st:588 ; CODE/M_MAIN/PRG_07_Supervision.st:627 ; CODE/M_MAIN/PRG_07_Supervision.st:628,oui,non,non,ecrit (jamais TRUE litteral) en CODE/A_COMMUN/FB_Brake.st:85
Fault,T1(brief),BOOL_INTERNE,BOOL,STRUCT,CODE/J_SUPERVISION/_TYPES/6_DIAG_ET_CHAINES/ST_IOModuleDiag.st,19,,254,CODE/A_COMMUN/FB_Brake.st:85 ; CODE/A_COMMUN/FB_Brake.st:131 ; CODE/B_AU_SECURITE/FB_Safety_EmergencyManagement.st:502 ; CODE/D_JOYSTICK/FB_Joystick.st:148 ; CODE/E_CODEURS/FB_Encoder.st:110 ; CODE/E_CODEURS/FB_Encoder.st:235,,,CODE/M_MAIN/PRG_07_Supervision.st:583 ; CODE/M_MAIN/PRG_07_Supervision.st:588 ; CODE/M_MAIN/PRG_07_Supervision.st:627 ; CODE/M_MAIN/PRG_07_Supervision.st:628,oui,non,non,ecrit (jamais TRUE litteral) en CODE/A_COMMUN/FB_Brake.st:85
Step5_NoSafetyFault,T1(brief),BOOL_INTERNE,BOOL,STRUCT,CODE/J_SUPERVISION/_TYPES/6_DIAG_ET_CHAINES/ST_MotionChecklist.st,24,,7,CODE/J_SUPERVISION/FB_TroubleshootingView.st:575 ; CODE/J_SUPERVISION/FB_TroubleshootingView.st:607 ; CODE/J_SUPERVISION/FB_TroubleshootingView.st:642,,,,non,non,non,ecrit (jamais TRUE litteral) en CODE/J_SUPERVISION/FB_TroubleshootingView.st:575
CanError,T1(brief),BOOL_INTERNE,BOOL,STRUCT,CODE/J_SUPERVISION/_TYPES/6_DIAG_ET_CHAINES/ST_NetworkDiagHMI.st,10,,2,CODE/M_MAIN/PRG_07_Supervision.st:632,,,CODE/M_MAIN/PRG_07_Supervision.st:632,non,non,non,ecrit (jamais TRUE litteral) en CODE/M_MAIN/PRG_07_Supervision.st:632
CanErrorId,T1(brief),BITFIELD_OU_INDEX,WORD,STRUCT,CODE/J_SUPERVISION/_TYPES/6_DIAG_ET_CHAINES/ST_NetworkDiagHMI.st,11,,2,CODE/M_MAIN/PRG_07_Supervision.st:633,,,CODE/M_MAIN/PRG_07_Supervision.st:633,non,non,non,ecrit (jamais TRUE litteral) en CODE/M_MAIN/PRG_07_Supervision.st:633
EcatError,T1(brief),BOOL_INTERNE,BOOL,STRUCT,CODE/J_SUPERVISION/_TYPES/6_DIAG_ET_CHAINES/ST_NetworkDiagHMI.st,17,,2,CODE/M_MAIN/PRG_07_Supervision.st:639,,,CODE/M_MAIN/PRG_07_Supervision.st:639,non,non,non,ecrit (jamais TRUE litteral) en CODE/M_MAIN/PRG_07_Supervision.st:639
EcatErrorId,T1(brief),BITFIELD_OU_INDEX,WORD,STRUCT,CODE/J_SUPERVISION/_TYPES/6_DIAG_ET_CHAINES/ST_NetworkDiagHMI.st,18,,2,CODE/M_MAIN/PRG_07_Supervision.st:640,,,CODE/M_MAIN/PRG_07_Supervision.st:640,non,non,non,ecrit (jamais TRUE litteral) en CODE/M_MAIN/PRG_07_Supervision.st:640
SafetyError,T1(brief),BOOL_INTERNE,BOOL,STRUCT,CODE/J_SUPERVISION/_TYPES/6_DIAG_ET_CHAINES/ST_SafetyChecklist.st,41,,2,CODE/J_SUPERVISION/FB_TroubleshootingView.st:513,,,,non,non,non,ecrit (jamais TRUE litteral) en CODE/J_SUPERVISION/FB_TroubleshootingView.st:513
ArmingErrorId,T1(brief),BITFIELD_OU_INDEX,WORD,STRUCT,CODE/J_SUPERVISION/_TYPES/6_DIAG_ET_CHAINES/ST_SafetyChecklist.st,42,,2,CODE/J_SUPERVISION/FB_TroubleshootingView.st:514,,,,non,non,non,ecrit (jamais TRUE litteral) en CODE/J_SUPERVISION/FB_TroubleshootingView.st:514
BrakeThermalFault,T1(brief),BOOL_INTERNE,BOOL,STRUCT,CODE/J_SUPERVISION/_TYPES/7_COMMUN_CONFIG/ST_CommunHMI.st,17,,7,CODE/I_TRANSLATION/FB_Safety_Translation.st:103 ; CODE/I_TRANSLATION/FB_Safety_Translation.st:112 ; CODE/I_TRANSLATION/FB_Safety_Translation.st:149 ; CODE/M_MAIN/PRG_07_Supervision.st:406,CODE/I_TRANSLATION/FB_Safety_Translation.st:149,,CODE/M_MAIN/PRG_07_Supervision.st:406,non,non,non,ecrit TRUE en CODE/I_TRANSLATION/FB_Safety_Translation.st:149
PhaseRotationFault,T1(brief),BOOL_INTERNE,BOOL,STRUCT,CODE/J_SUPERVISION/_TYPES/7_COMMUN_CONFIG/ST_CommunHMI.st,18,,7,CODE/I_TRANSLATION/FB_Safety_Translation.st:102 ; CODE/I_TRANSLATION/FB_Safety_Translation.st:111 ; CODE/I_TRANSLATION/FB_Safety_Translation.st:141 ; CODE/M_MAIN/PRG_07_Supervision.st:407,CODE/I_TRANSLATION/FB_Safety_Translation.st:141,,CODE/M_MAIN/PRG_07_Supervision.st:407,non,non,non,ecrit TRUE en CODE/I_TRANSLATION/FB_Safety_Translation.st:141
HydraulicThermalFault,T1(brief),BOOL_INTERNE,BOOL,STRUCT,CODE/J_SUPERVISION/_TYPES/7_COMMUN_CONFIG/ST_CommunHMI.st,21,,2,CODE/M_MAIN/PRG_07_Supervision.st:405,,,CODE/M_MAIN/PRG_07_Supervision.st:405,non,non,non,ecrit (jamais TRUE litteral) en CODE/M_MAIN/PRG_07_Supervision.st:405
KoboldBottomTouchLatched,T2(elargi),BOOL_INTERNE,BOOL,STRUCT,CODE/J_SUPERVISION/_TYPES/7_COMMUN_CONFIG/ST_CommunHMI.st,51,,9,CODE/M_MAIN/PRG_04_Treuils_Benne.st:726 ; CODE/M_MAIN/PRG_04_Treuils_Benne.st:748 ; CODE/M_MAIN/PRG_04_Treuils_Benne.st:1798,CODE/M_MAIN/PRG_04_Treuils_Benne.st:748,,,non,non,non,ecrit TRUE en CODE/M_MAIN/PRG_04_Treuils_Benne.st:748
Vh0800EndBit05Reserved,T2(elargi),BOOL_INTERNE,BOOL,STRUCT,CODE/J_SUPERVISION/_TYPES/7_COMMUN_CONFIG/ST_IoHw_In.st,21,,2,CODE/M_MAIN/PRG_07_Supervision.st:548,,,CODE/M_MAIN/PRG_07_Supervision.st:548,non,non,non,ecrit (jamais TRUE litteral) en CODE/M_MAIN/PRG_07_Supervision.st:548
Error,T1(brief),BOOL_INTERNE,BOOL,STRUCT,CODE/J_SUPERVISION/_TYPES/7_COMMUN_CONFIG/ST_SyncState.st,11,,139,CODE/A_COMMUN/FB_FaultCore.st:57 ; CODE/B_AU_SECURITE/FB_Safety_EmergencyManagement.st:575 ; CODE/C_DIAG_RESEAUX/FB_Diag_CanOpen.st:52 ; CODE/C_DIAG_RESEAUX/FB_Diag_CanOpen.st:57 ; CODE/C_DIAG_RESEAUX/FB_Diag_CanOpen.st:128 ; CODE/C_DIAG_RESEAUX/FB_Diag_CanOpen.st:132,,,CODE/M_MAIN/PRG_07_Supervision.st:587 ; CODE/M_MAIN/PRG_07_Supervision.st:589 ; CODE/M_MAIN/PRG_07_Supervision.st:591 ; CODE/M_MAIN/PRG_07_Supervision.st:592,oui,oui,non,ecrit (jamais TRUE litteral) en CODE/A_COMMUN/FB_FaultCore.st:57
ErrorId,T1(brief),BITFIELD_OU_INDEX,WORD,STRUCT,CODE/J_SUPERVISION/_TYPES/7_COMMUN_CONFIG/ST_SyncState.st,12,,165,CODE/A_COMMUN/FB_FaultCore.st:49 ; CODE/A_COMMUN/FB_FaultCore.st:53 ; CODE/B_AU_SECURITE/FB_Safety_EmergencyManagement.st:576 ; CODE/C_DIAG_RESEAUX/FB_Diag_CanOpen.st:53 ; CODE/C_DIAG_RESEAUX/FB_Diag_CanOpen.st:58 ; CODE/C_DIAG_RESEAUX/FB_Diag_CanOpen.st:81,,CODE/J_SUPERVISION/FB_Hmi_BannerFormatter.st:766 ; CODE/J_SUPERVISION/FB_Hmi_BannerFormatter.st:766 ; CODE/J_SUPERVISION/FB_Hmi_BannerFormatter.st:778 ; CODE/J_SUPERVISION/FB_Hmi_BannerFormatter.st:778,CODE/M_MAIN/PRG_07_Supervision.st:628 ; CODE/M_MAIN/PRG_07_Supervision.st:628 ; CODE/M_MAIN/PRG_07_Supervision.st:633 ; CODE/M_MAIN/PRG_07_Supervision.st:633,non,oui,non,ecrit (jamais TRUE litteral) en CODE/A_COMMUN/FB_FaultCore.st:49
HasAlarm,T1(brief),BOOL_INTERNE,BOOL,STRUCT,CODE/J_SUPERVISION/_TYPES/8_BANDEAU_ET_IHM/ST_AlarmBanner.st,10,,4,CODE/J_SUPERVISION/FB_Hmi_BannerFormatter.st:170 ; CODE/J_SUPERVISION/FB_Hmi_BannerFormatter.st:1228 ; CODE/J_SUPERVISION/FB_Hmi_BannerFormatter.st:1238,CODE/J_SUPERVISION/FB_Hmi_BannerFormatter.st:1238,CODE/J_SUPERVISION/FB_Hmi_BannerFormatter.st:170 ; CODE/J_SUPERVISION/FB_Hmi_BannerFormatter.st:1228 ; CODE/J_SUPERVISION/FB_Hmi_BannerFormatter.st:1238,,non,non,non,ecrit TRUE en CODE/J_SUPERVISION/FB_Hmi_BannerFormatter.st:1238
AlarmBanner,T1(brief),AUTRE,ST_AlarmBanner,STRUCT,CODE/J_SUPERVISION/_TYPES/8_BANDEAU_ET_IHM/ST_HmiBanner.st,15,,15,,,CODE/J_SUPERVISION/FB_Hmi_BannerFormatter.st:170 ; CODE/J_SUPERVISION/FB_Hmi_BannerFormatter.st:171 ; CODE/J_SUPERVISION/FB_Hmi_BannerFormatter.st:172 ; CODE/J_SUPERVISION/FB_Hmi_BannerFormatter.st:173,,non,non,non,seulement lu (CODE/J_SUPERVISION/_TYPES/8_BANDEAU_ET_IHM/ST_HmiBanner.st:15)
BothBlockReason,T2(elargi),AUTRE,E_WinchTraceBlockReason,STRUCT,CODE/J_SUPERVISION/_TYPES/8_BANDEAU_ET_IHM/ST_PermitVisibilityHMI.st,25,,10,CODE/M_MAIN/PRG_04_Treuils_Benne.st:1147 ; CODE/M_MAIN/PRG_04_Treuils_Benne.st:1151 ; CODE/M_MAIN/PRG_04_Treuils_Benne.st:1154 ; CODE/M_MAIN/PRG_04_Treuils_Benne.st:1979 ; CODE/M_MAIN/PRG_07_Supervision.st:826,,,CODE/M_MAIN/PRG_07_Supervision.st:826 ; CODE/M_MAIN/PRG_07_Supervision.st:826,non,non,non,ecrit (jamais TRUE litteral) en CODE/M_MAIN/PRG_04_Treuils_Benne.st:1147
PreflightErrorId,T1(brief),BITFIELD_OU_INDEX,WORD,STRUCT,CODE/J_SUPERVISION/_TYPES/8_BANDEAU_ET_IHM/ST_PreflightHMI.st,7,,38,CODE/A_COMMUN/FB_Acquisition_Preflight.st:63 ; CODE/A_COMMUN/FB_Acquisition_Preflight.st:68 ; CODE/A_COMMUN/FB_Acquisition_Preflight.st:69 ; CODE/A_COMMUN/FB_Acquisition_Preflight.st:70 ; CODE/A_COMMUN/FB_Acquisition_Preflight.st:71 ; CODE/A_COMMUN/FB_Acquisition_Preflight.st:72,,,CODE/M_MAIN/PRG_07_Supervision.st:444 ; CODE/M_MAIN/PRG_07_Supervision.st:444,non,non,non,ecrit (jamais TRUE litteral) en CODE/A_COMMUN/FB_Acquisition_Preflight.st:63
CST_T330ReserveMinMargin_M,T2(elargi),AUTRE,REAL := 1.00,VAR CONSTANT,CODE/J_SUPERVISION/FB_CfgT330Normalizer.st,51,FB_CfgT330Normalizer,4,,,,,non,non,non,seulement lu (CODE/J_SUPERVISION/FB_CfgT330Normalizer.st:51)
CycleErrorId,T1(brief),BITFIELD_OU_INDEX,WORD,VAR_INPUT,CODE/J_SUPERVISION/FB_Hmi_BannerFormatter.st,22,FB_Hmi_BannerFormatter,29,CODE/M_MAIN/PRG_07_Supervision.st:728 ; CODE/M_MAIN/PRG_07_Supervision.st:881,,CODE/J_SUPERVISION/FB_Hmi_BannerFormatter.st:22 ; CODE/J_SUPERVISION/FB_Hmi_BannerFormatter.st:263 ; CODE/J_SUPERVISION/FB_Hmi_BannerFormatter.st:534 ; CODE/J_SUPERVISION/FB_Hmi_BannerFormatter.st:536,CODE/M_MAIN/PRG_07_Supervision.st:728 ; CODE/M_MAIN/PRG_07_Supervision.st:881,non,oui,non,ecrit (jamais TRUE litteral) en CODE/M_MAIN/PRG_07_Supervision.st:728
CycleStepAtError,T1(brief),AUTRE,E_AutoCycleStep,VAR_INPUT,CODE/J_SUPERVISION/FB_Hmi_BannerFormatter.st,23,FB_Hmi_BannerFormatter,14,CODE/G_CYCLE/FB_CycleSemiAuto.st:824 ; CODE/M_MAIN/PRG_07_Supervision.st:665 ; CODE/M_MAIN/PRG_07_Supervision.st:729 ; CODE/M_MAIN/PRG_07_Supervision.st:895,,CODE/J_SUPERVISION/FB_Hmi_BannerFormatter.st:23 ; CODE/J_SUPERVISION/FB_Hmi_BannerFormatter.st:266,CODE/M_MAIN/PRG_07_Supervision.st:665 ; CODE/M_MAIN/PRG_07_Supervision.st:729 ; CODE/M_MAIN/PRG_07_Supervision.st:895,non,non,non,ecrit (jamais TRUE litteral) en CODE/G_CYCLE/FB_CycleSemiAuto.st:824
TranslationMotionErrorId,T1(brief),BITFIELD_OU_INDEX,WORD,VAR_INPUT,CODE/J_SUPERVISION/FB_Hmi_BannerFormatter.st,60,FB_Hmi_BannerFormatter,5,CODE/M_MAIN/PRG_07_Supervision.st:762,,CODE/J_SUPERVISION/FB_Hmi_BannerFormatter.st:60 ; CODE/J_SUPERVISION/FB_Hmi_BannerFormatter.st:963 ; CODE/J_SUPERVISION/FB_Hmi_BannerFormatter.st:966 ; CODE/J_SUPERVISION/FB_Hmi_BannerFormatter.st:969,CODE/M_MAIN/PRG_07_Supervision.st:762,non,oui,non,ecrit (jamais TRUE litteral) en CODE/M_MAIN/PRG_07_Supervision.st:762
TranslationFinalInterlockErrorId,T1(brief),BITFIELD_OU_INDEX,WORD,VAR_INPUT,CODE/J_SUPERVISION/FB_Hmi_BannerFormatter.st,61,FB_Hmi_BannerFormatter,3,CODE/M_MAIN/PRG_07_Supervision.st:763,,CODE/J_SUPERVISION/FB_Hmi_BannerFormatter.st:61 ; CODE/J_SUPERVISION/FB_Hmi_BannerFormatter.st:972,CODE/M_MAIN/PRG_07_Supervision.st:763,non,oui,non,ecrit (jamais TRUE litteral) en CODE/M_MAIN/PRG_07_Supervision.st:763
BucketErrorId,T1(brief),BITFIELD_OU_INDEX,WORD,VAR_INPUT,CODE/J_SUPERVISION/FB_Hmi_BannerFormatter.st,69,FB_Hmi_BannerFormatter,7,CODE/M_MAIN/PRG_07_Supervision.st:769,,CODE/J_SUPERVISION/FB_Hmi_BannerFormatter.st:69 ; CODE/J_SUPERVISION/FB_Hmi_BannerFormatter.st:979 ; CODE/J_SUPERVISION/FB_Hmi_BannerFormatter.st:982 ; CODE/J_SUPERVISION/FB_Hmi_BannerFormatter.st:985,CODE/M_MAIN/PRG_07_Supervision.st:769,non,oui,non,ecrit (jamais TRUE litteral) en CODE/M_MAIN/PRG_07_Supervision.st:769
SyncErrorId,T1(brief),BITFIELD_OU_INDEX,WORD,VAR_INPUT,CODE/J_SUPERVISION/FB_Hmi_BannerFormatter.st,70,FB_Hmi_BannerFormatter,4,CODE/M_MAIN/PRG_07_Supervision.st:770,,CODE/J_SUPERVISION/FB_Hmi_BannerFormatter.st:70 ; CODE/J_SUPERVISION/FB_Hmi_BannerFormatter.st:996 ; CODE/J_SUPERVISION/FB_Hmi_BannerFormatter.st:999,CODE/M_MAIN/PRG_07_Supervision.st:770,non,oui,non,ecrit (jamais TRUE litteral) en CODE/M_MAIN/PRG_07_Supervision.st:770
SyncContactorDiag,T1(brief),AUTRE,ST_SyncContactorDiag,VAR_INPUT,CODE/J_SUPERVISION/FB_Hmi_BannerFormatter.st,71,FB_Hmi_BannerFormatter,14,CODE/M_MAIN/PRG_06_Outputs.st:365 ; CODE/M_MAIN/PRG_07_Supervision.st:771,,CODE/J_SUPERVISION/FB_Hmi_BannerFormatter.st:71 ; CODE/J_SUPERVISION/FB_Hmi_BannerFormatter.st:652 ; CODE/J_SUPERVISION/FB_Hmi_BannerFormatter.st:1003 ; CODE/J_SUPERVISION/FB_Hmi_BannerFormatter.st:1004,CODE/M_MAIN/PRG_07_Supervision.st:771 ; CODE/M_MAIN/PRG_07_Supervision.st:771,non,oui,non,ecrit (jamais TRUE litteral) en CODE/M_MAIN/PRG_06_Outputs.st:365
DiveErrorId,T1(brief),BITFIELD_OU_INDEX,WORD,VAR_INPUT,CODE/J_SUPERVISION/FB_Hmi_BannerFormatter.st,72,FB_Hmi_BannerFormatter,9,CODE/M_MAIN/PRG_07_Supervision.st:772,,CODE/J_SUPERVISION/FB_Hmi_BannerFormatter.st:72 ; CODE/J_SUPERVISION/FB_Hmi_BannerFormatter.st:1021 ; CODE/J_SUPERVISION/FB_Hmi_BannerFormatter.st:1024 ; CODE/J_SUPERVISION/FB_Hmi_BannerFormatter.st:1027,CODE/M_MAIN/PRG_07_Supervision.st:772,non,oui,non,ecrit (jamais TRUE litteral) en CODE/M_MAIN/PRG_07_Supervision.st:772
ExtractionErrorId,T1(brief),BITFIELD_OU_INDEX,WORD,VAR_INPUT,CODE/J_SUPERVISION/FB_Hmi_BannerFormatter.st,73,FB_Hmi_BannerFormatter,6,CODE/M_MAIN/PRG_07_Supervision.st:773,,CODE/J_SUPERVISION/FB_Hmi_BannerFormatter.st:73 ; CODE/J_SUPERVISION/FB_Hmi_BannerFormatter.st:1042 ; CODE/J_SUPERVISION/FB_Hmi_BannerFormatter.st:1045 ; CODE/J_SUPERVISION/FB_Hmi_BannerFormatter.st:1048,CODE/M_MAIN/PRG_07_Supervision.st:773,non,oui,non,ecrit (jamais TRUE litteral) en CODE/M_MAIN/PRG_07_Supervision.st:773
EmergencyErrorId,T1(brief),BITFIELD_OU_INDEX,WORD,VAR_INPUT,CODE/J_SUPERVISION/FB_Hmi_BannerFormatter.st,74,FB_Hmi_BannerFormatter,5,CODE/M_MAIN/PRG_07_Supervision.st:774,,CODE/J_SUPERVISION/FB_Hmi_BannerFormatter.st:74 ; CODE/J_SUPERVISION/FB_Hmi_BannerFormatter.st:1056 ; CODE/J_SUPERVISION/FB_Hmi_BannerFormatter.st:1059 ; CODE/J_SUPERVISION/FB_Hmi_BannerFormatter.st:1062,CODE/M_MAIN/PRG_07_Supervision.st:774,non,oui,non,ecrit (jamais TRUE litteral) en CODE/M_MAIN/PRG_07_Supervision.st:774
AlarmHoldTime,T1(brief),AUTRE,TIME := T#1s,VAR_INPUT,CODE/J_SUPERVISION/FB_Hmi_BannerFormatter.st,80,FB_Hmi_BannerFormatter,3,CODE/M_MAIN/PRG_07_Supervision.st:780,,CODE/J_SUPERVISION/FB_Hmi_BannerFormatter.st:80 ; CODE/J_SUPERVISION/FB_Hmi_BannerFormatter.st:1239,CODE/M_MAIN/PRG_07_Supervision.st:780,non,non,non,ecrit (jamais TRUE litteral) en CODE/M_MAIN/PRG_07_Supervision.st:780
PowerOrChainFault,T1(brief),BOOL_INTERNE,BOOL,VAR,CODE/J_SUPERVISION/FB_Hmi_BannerFormatter.st,93,FB_Hmi_BannerFormatter,3,CODE/J_SUPERVISION/FB_Hmi_BannerFormatter.st:793,,CODE/J_SUPERVISION/FB_Hmi_BannerFormatter.st:93 ; CODE/J_SUPERVISION/FB_Hmi_BannerFormatter.st:793 ; CODE/J_SUPERVISION/FB_Hmi_BannerFormatter.st:795,,non,non,non,ecrit (jamais TRUE litteral) en CODE/J_SUPERVISION/FB_Hmi_BannerFormatter.st:793
HardwareModuleOrBusFault,T1(brief),BOOL_INTERNE,BOOL,VAR,CODE/J_SUPERVISION/FB_Hmi_BannerFormatter.st,94,FB_Hmi_BannerFormatter,3,CODE/J_SUPERVISION/FB_Hmi_BannerFormatter.st:794,,CODE/J_SUPERVISION/FB_Hmi_BannerFormatter.st:94 ; CODE/J_SUPERVISION/FB_Hmi_BannerFormatter.st:794 ; CODE/J_SUPERVISION/FB_Hmi_BannerFormatter.st:795,,non,non,non,ecrit (jamais TRUE litteral) en CODE/J_SUPERVISION/FB_Hmi_BannerFormatter.st:794
CycleFaultActive,T1(brief),BOOL_INTERNE,BOOL,VAR,CODE/J_SUPERVISION/FB_Hmi_BannerFormatter.st,104,FB_Hmi_BannerFormatter,6,CODE/J_SUPERVISION/FB_Hmi_BannerFormatter.st:263,,CODE/J_SUPERVISION/FB_Hmi_BannerFormatter.st:104 ; CODE/J_SUPERVISION/FB_Hmi_BannerFormatter.st:263 ; CODE/J_SUPERVISION/FB_Hmi_BannerFormatter.st:265 ; CODE/J_SUPERVISION/FB_Hmi_BannerFormatter.st:307,,non,non,non,ecrit (jamais TRUE litteral) en CODE/J_SUPERVISION/FB_Hmi_BannerFormatter.st:263
AbortMsgLatched,T2(elargi),BOOL_INTERNE,BOOL,VAR,CODE/J_SUPERVISION/FB_Hmi_BannerFormatter.st,114,FB_Hmi_BannerFormatter,4,CODE/J_SUPERVISION/FB_Hmi_BannerFormatter.st:446 ; CODE/J_SUPERVISION/FB_Hmi_BannerFormatter.st:453,,CODE/J_SUPERVISION/FB_Hmi_BannerFormatter.st:114 ; CODE/J_SUPERVISION/FB_Hmi_BannerFormatter.st:446 ; CODE/J_SUPERVISION/FB_Hmi_BannerFormatter.st:453 ; CODE/J_SUPERVISION/FB_Hmi_BannerFormatter.st:464,,non,non,non,ecrit (jamais TRUE litteral) en CODE/J_SUPERVISION/FB_Hmi_BannerFormatter.st:446
TonAlarmBanner,T1(brief),TIMER_ANTI_REBOND,TON,VAR,CODE/J_SUPERVISION/FB_Hmi_BannerFormatter.st,117,FB_Hmi_BannerFormatter,6,,,CODE/J_SUPERVISION/FB_Hmi_BannerFormatter.st:117 ; CODE/J_SUPERVISION/FB_Hmi_BannerFormatter.st:177 ; CODE/J_SUPERVISION/FB_Hmi_BannerFormatter.st:1232 ; CODE/J_SUPERVISION/FB_Hmi_BannerFormatter.st:1239,,non,non,non,seulement lu (CODE/J_SUPERVISION/FB_Hmi_BannerFormatter.st:117)
AlarmCount,T1(brief),BITFIELD_OU_INDEX,INT,VAR,CODE/J_SUPERVISION/FB_Hmi_BannerFormatter.st,119,FB_Hmi_BannerFormatter,461,CODE/J_SUPERVISION/FB_Hmi_BannerFormatter.st:809 ; CODE/J_SUPERVISION/FB_Hmi_BannerFormatter.st:813 ; CODE/J_SUPERVISION/FB_Hmi_BannerFormatter.st:816 ; CODE/J_SUPERVISION/FB_Hmi_BannerFormatter.st:819 ; CODE/J_SUPERVISION/FB_Hmi_BannerFormatter.st:822 ; CODE/J_SUPERVISION/FB_Hmi_BannerFormatter.st:825,,CODE/J_SUPERVISION/FB_Hmi_BannerFormatter.st:119 ; CODE/J_SUPERVISION/FB_Hmi_BannerFormatter.st:809 ; CODE/J_SUPERVISION/FB_Hmi_BannerFormatter.st:812 ; CODE/J_SUPERVISION/FB_Hmi_BannerFormatter.st:813,,non,oui,non,ecrit (jamais TRUE litteral) en CODE/J_SUPERVISION/FB_Hmi_BannerFormatter.st:809
AlarmIndex,T1(brief),BITFIELD_OU_INDEX,INT,VAR,CODE/J_SUPERVISION/FB_Hmi_BannerFormatter.st,121,FB_Hmi_BannerFormatter,9,CODE/J_SUPERVISION/FB_Hmi_BannerFormatter.st:1227 ; CODE/J_SUPERVISION/FB_Hmi_BannerFormatter.st:1236 ; CODE/J_SUPERVISION/FB_Hmi_BannerFormatter.st:1241,,CODE/J_SUPERVISION/FB_Hmi_BannerFormatter.st:121 ; CODE/J_SUPERVISION/FB_Hmi_BannerFormatter.st:1227 ; CODE/J_SUPERVISION/FB_Hmi_BannerFormatter.st:1235 ; CODE/J_SUPERVISION/FB_Hmi_BannerFormatter.st:1236,,non,non,non,ecrit (jamais TRUE litteral) en CODE/J_SUPERVISION/FB_Hmi_BannerFormatter.st:1227
TofFaultLocalIo,T1(brief),TIMER_ANTI_REBOND,TOF,VAR,CODE/J_SUPERVISION/FB_Hmi_BannerFormatter.st,124,FB_Hmi_BannerFormatter,4,,,CODE/J_SUPERVISION/FB_Hmi_BannerFormatter.st:124 ; CODE/J_SUPERVISION/FB_Hmi_BannerFormatter.st:179 ; CODE/J_SUPERVISION/FB_Hmi_BannerFormatter.st:197 ; CODE/J_SUPERVISION/FB_Hmi_BannerFormatter.st:209,,non,non,non,seulement lu (CODE/J_SUPERVISION/FB_Hmi_BannerFormatter.st:124)
TofFaultVh0800,T1(brief),TIMER_ANTI_REBOND,TOF,VAR,CODE/J_SUPERVISION/FB_Hmi_BannerFormatter.st,125,FB_Hmi_BannerFormatter,4,,,CODE/J_SUPERVISION/FB_Hmi_BannerFormatter.st:125 ; CODE/J_SUPERVISION/FB_Hmi_BannerFormatter.st:180 ; CODE/J_SUPERVISION/FB_Hmi_BannerFormatter.st:198 ; CODE/J_SUPERVISION/FB_Hmi_BannerFormatter.st:210,,non,non,non,seulement lu (CODE/J_SUPERVISION/FB_Hmi_BannerFormatter.st:125)
TofFaultVh0808,T1(brief),TIMER_ANTI_REBOND,TOF,VAR,CODE/J_SUPERVISION/FB_Hmi_BannerFormatter.st,126,FB_Hmi_BannerFormatter,4,,,CODE/J_SUPERVISION/FB_Hmi_BannerFormatter.st:126 ; CODE/J_SUPERVISION/FB_Hmi_BannerFormatter.st:181 ; CODE/J_SUPERVISION/FB_Hmi_BannerFormatter.st:199 ; CODE/J_SUPERVISION/FB_Hmi_BannerFormatter.st:211,,non,non,non,seulement lu (CODE/J_SUPERVISION/FB_Hmi_BannerFormatter.st:126)
TofFaultVh0008Er,T1(brief),TIMER_ANTI_REBOND,TOF,VAR,CODE/J_SUPERVISION/FB_Hmi_BannerFormatter.st,127,FB_Hmi_BannerFormatter,4,,,CODE/J_SUPERVISION/FB_Hmi_BannerFormatter.st:127 ; CODE/J_SUPERVISION/FB_Hmi_BannerFormatter.st:182 ; CODE/J_SUPERVISION/FB_Hmi_BannerFormatter.st:200 ; CODE/J_SUPERVISION/FB_Hmi_BannerFormatter.st:212,,non,non,non,seulement lu (CODE/J_SUPERVISION/FB_Hmi_BannerFormatter.st:127)
TofFaultVh0008Er1,T1(brief),TIMER_ANTI_REBOND,TOF,VAR,CODE/J_SUPERVISION/FB_Hmi_BannerFormatter.st,128,FB_Hmi_BannerFormatter,4,,,CODE/J_SUPERVISION/FB_Hmi_BannerFormatter.st:128 ; CODE/J_SUPERVISION/FB_Hmi_BannerFormatter.st:183 ; CODE/J_SUPERVISION/FB_Hmi_BannerFormatter.st:201 ; CODE/J_SUPERVISION/FB_Hmi_BannerFormatter.st:213,,non,non,non,seulement lu (CODE/J_SUPERVISION/FB_Hmi_BannerFormatter.st:128)
TofFaultCanBus,T1(brief),TIMER_ANTI_REBOND,TOF,VAR,CODE/J_SUPERVISION/FB_Hmi_BannerFormatter.st,129,FB_Hmi_BannerFormatter,4,,,CODE/J_SUPERVISION/FB_Hmi_BannerFormatter.st:129 ; CODE/J_SUPERVISION/FB_Hmi_BannerFormatter.st:184 ; CODE/J_SUPERVISION/FB_Hmi_BannerFormatter.st:202 ; CODE/J_SUPERVISION/FB_Hmi_BannerFormatter.st:214,,non,non,non,seulement lu (CODE/J_SUPERVISION/FB_Hmi_BannerFormatter.st:129)
TofFaultJoy1,T1(brief),TIMER_ANTI_REBOND,TOF,VAR,CODE/J_SUPERVISION/FB_Hmi_BannerFormatter.st,130,FB_Hmi_BannerFormatter,4,,,CODE/J_SUPERVISION/FB_Hmi_BannerFormatter.st:130 ; CODE/J_SUPERVISION/FB_Hmi_BannerFormatter.st:185 ; CODE/J_SUPERVISION/FB_Hmi_BannerFormatter.st:203 ; CODE/J_SUPERVISION/FB_Hmi_BannerFormatter.st:215,,non,non,non,seulement lu (CODE/J_SUPERVISION/FB_Hmi_BannerFormatter.st:130)
TofFaultEcatBus,T1(brief),TIMER_ANTI_REBOND,TOF,VAR,CODE/J_SUPERVISION/FB_Hmi_BannerFormatter.st,131,FB_Hmi_BannerFormatter,4,,,CODE/J_SUPERVISION/FB_Hmi_BannerFormatter.st:131 ; CODE/J_SUPERVISION/FB_Hmi_BannerFormatter.st:186 ; CODE/J_SUPERVISION/FB_Hmi_BannerFormatter.st:204 ; CODE/J_SUPERVISION/FB_Hmi_BannerFormatter.st:216,,non,non,non,seulement lu (CODE/J_SUPERVISION/FB_Hmi_BannerFormatter.st:131)
TofFaultEncM1,T1(brief),TIMER_ANTI_REBOND,TOF,VAR,CODE/J_SUPERVISION/FB_Hmi_BannerFormatter.st,132,FB_Hmi_BannerFormatter,4,,,CODE/J_SUPERVISION/FB_Hmi_BannerFormatter.st:132 ; CODE/J_SUPERVISION/FB_Hmi_BannerFormatter.st:187 ; CODE/J_SUPERVISION/FB_Hmi_BannerFormatter.st:205 ; CODE/J_SUPERVISION/FB_Hmi_BannerFormatter.st:217,,non,non,non,seulement lu (CODE/J_SUPERVISION/FB_Hmi_BannerFormatter.st:132)
TofFaultEncM2,T1(brief),TIMER_ANTI_REBOND,TOF,VAR,CODE/J_SUPERVISION/FB_Hmi_BannerFormatter.st,133,FB_Hmi_BannerFormatter,4,,,CODE/J_SUPERVISION/FB_Hmi_BannerFormatter.st:133 ; CODE/J_SUPERVISION/FB_Hmi_BannerFormatter.st:188 ; CODE/J_SUPERVISION/FB_Hmi_BannerFormatter.st:206 ; CODE/J_SUPERVISION/FB_Hmi_BannerFormatter.st:218,,non,non,non,seulement lu (CODE/J_SUPERVISION/FB_Hmi_BannerFormatter.st:133)
TofFaultVarM3,T1(brief),TIMER_ANTI_REBOND,TOF,VAR,CODE/J_SUPERVISION/FB_Hmi_BannerFormatter.st,134,FB_Hmi_BannerFormatter,4,,,CODE/J_SUPERVISION/FB_Hmi_BannerFormatter.st:134 ; CODE/J_SUPERVISION/FB_Hmi_BannerFormatter.st:189 ; CODE/J_SUPERVISION/FB_Hmi_BannerFormatter.st:207 ; CODE/J_SUPERVISION/FB_Hmi_BannerFormatter.st:219,,non,non,non,seulement lu (CODE/J_SUPERVISION/FB_Hmi_BannerFormatter.st:134)
CST_NbMaxAlarmes,T1(brief),AUTRE,INT := 50,VAR CONSTANT,CODE/J_SUPERVISION/FB_Hmi_BannerFormatter.st,153,FB_Hmi_BannerFormatter,115,,,CODE/J_SUPERVISION/FB_Hmi_BannerFormatter.st:153 ; CODE/J_SUPERVISION/FB_Hmi_BannerFormatter.st:812 ; CODE/J_SUPERVISION/FB_Hmi_BannerFormatter.st:815 ; CODE/J_SUPERVISION/FB_Hmi_BannerFormatter.st:818,,non,oui,non,seulement lu (CODE/J_SUPERVISION/FB_Hmi_BannerFormatter.st:153)
CST_WinchErrorIdCableLimitDescent,T1(brief),AUTRE,WORD := 16#0040,VAR CONSTANT,CODE/J_SUPERVISION/FB_Hmi_BannerFormatter.st,161,FB_Hmi_BannerFormatter,6,,,CODE/J_SUPERVISION/FB_Hmi_BannerFormatter.st:161 ; CODE/J_SUPERVISION/FB_Hmi_BannerFormatter.st:766 ; CODE/J_SUPERVISION/FB_Hmi_BannerFormatter.st:778 ; CODE/J_SUPERVISION/FB_Hmi_BannerFormatter.st:780,,non,oui,non,seulement lu (CODE/J_SUPERVISION/FB_Hmi_BannerFormatter.st:161)
StepAtErrorStr,T1(brief),AUTRE,= '',?,CODE/J_SUPERVISION/FB_Hmi_BannerFormatter.st,264,FB_Hmi_BannerFormatter,27,CODE/J_SUPERVISION/FB_Hmi_BannerFormatter.st:264 ; CODE/J_SUPERVISION/FB_Hmi_BannerFormatter.st:267 ; CODE/J_SUPERVISION/FB_Hmi_BannerFormatter.st:268 ; CODE/J_SUPERVISION/FB_Hmi_BannerFormatter.st:269 ; CODE/J_SUPERVISION/FB_Hmi_BannerFormatter.st:270 ; CODE/J_SUPERVISION/FB_Hmi_BannerFormatter.st:271,,CODE/J_SUPERVISION/FB_Hmi_BannerFormatter.st:98 ; CODE/J_SUPERVISION/FB_Hmi_BannerFormatter.st:264 ; CODE/J_SUPERVISION/FB_Hmi_BannerFormatter.st:267 ; CODE/J_SUPERVISION/FB_Hmi_BannerFormatter.st:268,,non,non,non,ecrit (jamais TRUE litteral) en CODE/J_SUPERVISION/FB_Hmi_BannerFormatter.st:264
StepAtErrorStr,T1(brief),AUTRE,= '?',?,CODE/J_SUPERVISION/FB_Hmi_BannerFormatter.st,290,FB_Hmi_BannerFormatter,27,CODE/J_SUPERVISION/FB_Hmi_BannerFormatter.st:264 ; CODE/J_SUPERVISION/FB_Hmi_BannerFormatter.st:267 ; CODE/J_SUPERVISION/FB_Hmi_BannerFormatter.st:268 ; CODE/J_SUPERVISION/FB_Hmi_BannerFormatter.st:269 ; CODE/J_SUPERVISION/FB_Hmi_BannerFormatter.st:270 ; CODE/J_SUPERVISION/FB_Hmi_BannerFormatter.st:271,,CODE/J_SUPERVISION/FB_Hmi_BannerFormatter.st:98 ; CODE/J_SUPERVISION/FB_Hmi_BannerFormatter.st:264 ; CODE/J_SUPERVISION/FB_Hmi_BannerFormatter.st:267 ; CODE/J_SUPERVISION/FB_Hmi_BannerFormatter.st:268,,non,non,non,ecrit (jamais TRUE litteral) en CODE/J_SUPERVISION/FB_Hmi_BannerFormatter.st:264
AbortMsgLatched,T2(elargi),AUTRE,= FALSE,?,CODE/J_SUPERVISION/FB_Hmi_BannerFormatter.st,453,FB_Hmi_BannerFormatter,4,CODE/J_SUPERVISION/FB_Hmi_BannerFormatter.st:446 ; CODE/J_SUPERVISION/FB_Hmi_BannerFormatter.st:453,,CODE/J_SUPERVISION/FB_Hmi_BannerFormatter.st:114 ; CODE/J_SUPERVISION/FB_Hmi_BannerFormatter.st:446 ; CODE/J_SUPERVISION/FB_Hmi_BannerFormatter.st:453 ; CODE/J_SUPERVISION/FB_Hmi_BannerFormatter.st:464,,non,non,non,ecrit (jamais TRUE litteral) en CODE/J_SUPERVISION/FB_Hmi_BannerFormatter.st:446
CycleFaultMsgStr,T1(brief),AUTRE,= '',?,CODE/J_SUPERVISION/FB_Hmi_BannerFormatter.st,529,FB_Hmi_BannerFormatter,5,CODE/J_SUPERVISION/FB_Hmi_BannerFormatter.st:529 ; CODE/J_SUPERVISION/FB_Hmi_BannerFormatter.st:609,,CODE/J_SUPERVISION/FB_Hmi_BannerFormatter.st:105 ; CODE/J_SUPERVISION/FB_Hmi_BannerFormatter.st:529 ; CODE/J_SUPERVISION/FB_Hmi_BannerFormatter.st:609 ; CODE/J_SUPERVISION/FB_Hmi_BannerFormatter.st:642,,non,non,non,ecrit (jamais TRUE litteral) en CODE/J_SUPERVISION/FB_Hmi_BannerFormatter.st:529
CycleFaultCauseStr,T1(brief),AUTRE,= 'limite profondeur',?,CODE/J_SUPERVISION/FB_Hmi_BannerFormatter.st,535,FB_Hmi_BannerFormatter,14,CODE/J_SUPERVISION/FB_Hmi_BannerFormatter.st:535 ; CODE/J_SUPERVISION/FB_Hmi_BannerFormatter.st:537 ; CODE/J_SUPERVISION/FB_Hmi_BannerFormatter.st:539 ; CODE/J_SUPERVISION/FB_Hmi_BannerFormatter.st:541 ; CODE/J_SUPERVISION/FB_Hmi_BannerFormatter.st:543 ; CODE/J_SUPERVISION/FB_Hmi_BannerFormatter.st:545,,CODE/J_SUPERVISION/FB_Hmi_BannerFormatter.st:99 ; CODE/J_SUPERVISION/FB_Hmi_BannerFormatter.st:535 ; CODE/J_SUPERVISION/FB_Hmi_BannerFormatter.st:537 ; CODE/J_SUPERVISION/FB_Hmi_BannerFormatter.st:539,,non,non,non,ecrit (jamais TRUE litteral) en CODE/J_SUPERVISION/FB_Hmi_BannerFormatter.st:535
CycleFaultCauseStr,T1(brief),AUTRE,= 'synchro M1/M2',?,CODE/J_SUPERVISION/FB_Hmi_BannerFormatter.st,537,FB_Hmi_BannerFormatter,14,CODE/J_SUPERVISION/FB_Hmi_BannerFormatter.st:535 ; CODE/J_SUPERVISION/FB_Hmi_BannerFormatter.st:537 ; CODE/J_SUPERVISION/FB_Hmi_BannerFormatter.st:539 ; CODE/J_SUPERVISION/FB_Hmi_BannerFormatter.st:541 ; CODE/J_SUPERVISION/FB_Hmi_BannerFormatter.st:543 ; CODE/J_SUPERVISION/FB_Hmi_BannerFormatter.st:545,,CODE/J_SUPERVISION/FB_Hmi_BannerFormatter.st:99 ; CODE/J_SUPERVISION/FB_Hmi_BannerFormatter.st:535 ; CODE/J_SUPERVISION/FB_Hmi_BannerFormatter.st:537 ; CODE/J_SUPERVISION/FB_Hmi_BannerFormatter.st:539,,non,non,non,ecrit (jamais TRUE litteral) en CODE/J_SUPERVISION/FB_Hmi_BannerFormatter.st:535
CycleFaultCauseStr,T1(brief),AUTRE,= 'ecart vitesse M1/M2',?,CODE/J_SUPERVISION/FB_Hmi_BannerFormatter.st,539,FB_Hmi_BannerFormatter,14,CODE/J_SUPERVISION/FB_Hmi_BannerFormatter.st:535 ; CODE/J_SUPERVISION/FB_Hmi_BannerFormatter.st:537 ; CODE/J_SUPERVISION/FB_Hmi_BannerFormatter.st:539 ; CODE/J_SUPERVISION/FB_Hmi_BannerFormatter.st:541 ; CODE/J_SUPERVISION/FB_Hmi_BannerFormatter.st:543 ; CODE/J_SUPERVISION/FB_Hmi_BannerFormatter.st:545,,CODE/J_SUPERVISION/FB_Hmi_BannerFormatter.st:99 ; CODE/J_SUPERVISION/FB_Hmi_BannerFormatter.st:535 ; CODE/J_SUPERVISION/FB_Hmi_BannerFormatter.st:537 ; CODE/J_SUPERVISION/FB_Hmi_BannerFormatter.st:539,,non,non,non,ecrit (jamais TRUE litteral) en CODE/J_SUPERVISION/FB_Hmi_BannerFormatter.st:535
CycleFaultCauseStr,T1(brief),AUTRE,= 'com IHM perdue',?,CODE/J_SUPERVISION/FB_Hmi_BannerFormatter.st,541,FB_Hmi_BannerFormatter,14,CODE/J_SUPERVISION/FB_Hmi_BannerFormatter.st:535 ; CODE/J_SUPERVISION/FB_Hmi_BannerFormatter.st:537 ; CODE/J_SUPERVISION/FB_Hmi_BannerFormatter.st:539 ; CODE/J_SUPERVISION/FB_Hmi_BannerFormatter.st:541 ; CODE/J_SUPERVISION/FB_Hmi_BannerFormatter.st:543 ; CODE/J_SUPERVISION/FB_Hmi_BannerFormatter.st:545,,CODE/J_SUPERVISION/FB_Hmi_BannerFormatter.st:99 ; CODE/J_SUPERVISION/FB_Hmi_BannerFormatter.st:535 ; CODE/J_SUPERVISION/FB_Hmi_BannerFormatter.st:537 ; CODE/J_SUPERVISION/FB_Hmi_BannerFormatter.st:539,,non,non,non,ecrit (jamais TRUE litteral) en CODE/J_SUPERVISION/FB_Hmi_BannerFormatter.st:535
CycleFaultCauseStr,T1(brief),AUTRE,= 'tempo etape',?,CODE/J_SUPERVISION/FB_Hmi_BannerFormatter.st,543,FB_Hmi_BannerFormatter,14,CODE/J_SUPERVISION/FB_Hmi_BannerFormatter.st:535 ; CODE/J_SUPERVISION/FB_Hmi_BannerFormatter.st:537 ; CODE/J_SUPERVISION/FB_Hmi_BannerFormatter.st:539 ; CODE/J_SUPERVISION/FB_Hmi_BannerFormatter.st:541 ; CODE/J_SUPERVISION/FB_Hmi_BannerFormatter.st:543 ; CODE/J_SUPERVISION/FB_Hmi_BannerFormatter.st:545,,CODE/J_SUPERVISION/FB_Hmi_BannerFormatter.st:99 ; CODE/J_SUPERVISION/FB_Hmi_BannerFormatter.st:535 ; CODE/J_SUPERVISION/FB_Hmi_BannerFormatter.st:537 ; CODE/J_SUPERVISION/FB_Hmi_BannerFormatter.st:539,,non,non,non,ecrit (jamais TRUE litteral) en CODE/J_SUPERVISION/FB_Hmi_BannerFormatter.st:535
CycleFaultCauseStr,T1(brief),AUTRE,= 'stabilisation',?,CODE/J_SUPERVISION/FB_Hmi_BannerFormatter.st,545,FB_Hmi_BannerFormatter,14,CODE/J_SUPERVISION/FB_Hmi_BannerFormatter.st:535 ; CODE/J_SUPERVISION/FB_Hmi_BannerFormatter.st:537 ; CODE/J_SUPERVISION/FB_Hmi_BannerFormatter.st:539 ; CODE/J_SUPERVISION/FB_Hmi_BannerFormatter.st:541 ; CODE/J_SUPERVISION/FB_Hmi_BannerFormatter.st:543 ; CODE/J_SUPERVISION/FB_Hmi_BannerFormatter.st:545,,CODE/J_SUPERVISION/FB_Hmi_BannerFormatter.st:99 ; CODE/J_SUPERVISION/FB_Hmi_BannerFormatter.st:535 ; CODE/J_SUPERVISION/FB_Hmi_BannerFormatter.st:537 ; CODE/J_SUPERVISION/FB_Hmi_BannerFormatter.st:539,,non,non,non,ecrit (jamais TRUE litteral) en CODE/J_SUPERVISION/FB_Hmi_BannerFormatter.st:535
CycleFaultCauseStr,T1(brief),AUTRE,= 'ecart position M1/M2',?,CODE/J_SUPERVISION/FB_Hmi_BannerFormatter.st,547,FB_Hmi_BannerFormatter,14,CODE/J_SUPERVISION/FB_Hmi_BannerFormatter.st:535 ; CODE/J_SUPERVISION/FB_Hmi_BannerFormatter.st:537 ; CODE/J_SUPERVISION/FB_Hmi_BannerFormatter.st:539 ; CODE/J_SUPERVISION/FB_Hmi_BannerFormatter.st:541 ; CODE/J_SUPERVISION/FB_Hmi_BannerFormatter.st:543 ; CODE/J_SUPERVISION/FB_Hmi_BannerFormatter.st:545,,CODE/J_SUPERVISION/FB_Hmi_BannerFormatter.st:99 ; CODE/J_SUPERVISION/FB_Hmi_BannerFormatter.st:535 ; CODE/J_SUPERVISION/FB_Hmi_BannerFormatter.st:537 ; CODE/J_SUPERVISION/FB_Hmi_BannerFormatter.st:539,,non,non,non,ecrit (jamais TRUE litteral) en CODE/J_SUPERVISION/FB_Hmi_BannerFormatter.st:535
CycleFaultCauseStr,T1(brief),AUTRE,= 'hors FDC haut',?,CODE/J_SUPERVISION/FB_Hmi_BannerFormatter.st,549,FB_Hmi_BannerFormatter,14,CODE/J_SUPERVISION/FB_Hmi_BannerFormatter.st:535 ; CODE/J_SUPERVISION/FB_Hmi_BannerFormatter.st:537 ; CODE/J_SUPERVISION/FB_Hmi_BannerFormatter.st:539 ; CODE/J_SUPERVISION/FB_Hmi_BannerFormatter.st:541 ; CODE/J_SUPERVISION/FB_Hmi_BannerFormatter.st:543 ; CODE/J_SUPERVISION/FB_Hmi_BannerFormatter.st:545,,CODE/J_SUPERVISION/FB_Hmi_BannerFormatter.st:99 ; CODE/J_SUPERVISION/FB_Hmi_BannerFormatter.st:535 ; CODE/J_SUPERVISION/FB_Hmi_BannerFormatter.st:537 ; CODE/J_SUPERVISION/FB_Hmi_BannerFormatter.st:539,,non,non,non,ecrit (jamais TRUE litteral) en CODE/J_SUPERVISION/FB_Hmi_BannerFormatter.st:535
CycleFaultCauseStr,T1(brief),AUTRE,= 'palier 5 interdit',?,CODE/J_SUPERVISION/FB_Hmi_BannerFormatter.st,551,FB_Hmi_BannerFormatter,14,CODE/J_SUPERVISION/FB_Hmi_BannerFormatter.st:535 ; CODE/J_SUPERVISION/FB_Hmi_BannerFormatter.st:537 ; CODE/J_SUPERVISION/FB_Hmi_BannerFormatter.st:539 ; CODE/J_SUPERVISION/FB_Hmi_BannerFormatter.st:541 ; CODE/J_SUPERVISION/FB_Hmi_BannerFormatter.st:543 ; CODE/J_SUPERVISION/FB_Hmi_BannerFormatter.st:545,,CODE/J_SUPERVISION/FB_Hmi_BannerFormatter.st:99 ; CODE/J_SUPERVISION/FB_Hmi_BannerFormatter.st:535 ; CODE/J_SUPERVISION/FB_Hmi_BannerFormatter.st:537 ; CODE/J_SUPERVISION/FB_Hmi_BannerFormatter.st:539,,non,non,non,ecrit (jamais TRUE litteral) en CODE/J_SUPERVISION/FB_Hmi_BannerFormatter.st:535
CycleFaultCauseStr,T1(brief),AUTRE,= 'palier 4 non confirme',?,CODE/J_SUPERVISION/FB_Hmi_BannerFormatter.st,553,FB_Hmi_BannerFormatter,14,CODE/J_SUPERVISION/FB_Hmi_BannerFormatter.st:535 ; CODE/J_SUPERVISION/FB_Hmi_BannerFormatter.st:537 ; CODE/J_SUPERVISION/FB_Hmi_BannerFormatter.st:539 ; CODE/J_SUPERVISION/FB_Hmi_BannerFormatter.st:541 ; CODE/J_SUPERVISION/FB_Hmi_BannerFormatter.st:543 ; CODE/J_SUPERVISION/FB_Hmi_BannerFormatter.st:545,,CODE/J_SUPERVISION/FB_Hmi_BannerFormatter.st:99 ; CODE/J_SUPERVISION/FB_Hmi_BannerFormatter.st:535 ; CODE/J_SUPERVISION/FB_Hmi_BannerFormatter.st:537 ; CODE/J_SUPERVISION/FB_Hmi_BannerFormatter.st:539,,non,non,non,ecrit (jamais TRUE litteral) en CODE/J_SUPERVISION/FB_Hmi_BannerFormatter.st:535
CycleFaultCauseStr,T1(brief),AUTRE,= 'arret meca non confirme',?,CODE/J_SUPERVISION/FB_Hmi_BannerFormatter.st,555,FB_Hmi_BannerFormatter,14,CODE/J_SUPERVISION/FB_Hmi_BannerFormatter.st:535 ; CODE/J_SUPERVISION/FB_Hmi_BannerFormatter.st:537 ; CODE/J_SUPERVISION/FB_Hmi_BannerFormatter.st:539 ; CODE/J_SUPERVISION/FB_Hmi_BannerFormatter.st:541 ; CODE/J_SUPERVISION/FB_Hmi_BannerFormatter.st:543 ; CODE/J_SUPERVISION/FB_Hmi_BannerFormatter.st:545,,CODE/J_SUPERVISION/FB_Hmi_BannerFormatter.st:99 ; CODE/J_SUPERVISION/FB_Hmi_BannerFormatter.st:535 ; CODE/J_SUPERVISION/FB_Hmi_BannerFormatter.st:537 ; CODE/J_SUPERVISION/FB_Hmi_BannerFormatter.st:539,,non,non,non,ecrit (jamais TRUE litteral) en CODE/J_SUPERVISION/FB_Hmi_BannerFormatter.st:535
AlarmCount,T1(brief),AUTRE,= 0,?,CODE/J_SUPERVISION/FB_Hmi_BannerFormatter.st,809,FB_Hmi_BannerFormatter,461,CODE/J_SUPERVISION/FB_Hmi_BannerFormatter.st:809 ; CODE/J_SUPERVISION/FB_Hmi_BannerFormatter.st:813 ; CODE/J_SUPERVISION/FB_Hmi_BannerFormatter.st:816 ; CODE/J_SUPERVISION/FB_Hmi_BannerFormatter.st:819 ; CODE/J_SUPERVISION/FB_Hmi_BannerFormatter.st:822 ; CODE/J_SUPERVISION/FB_Hmi_BannerFormatter.st:825,,CODE/J_SUPERVISION/FB_Hmi_BannerFormatter.st:119 ; CODE/J_SUPERVISION/FB_Hmi_BannerFormatter.st:809 ; CODE/J_SUPERVISION/FB_Hmi_BannerFormatter.st:812 ; CODE/J_SUPERVISION/FB_Hmi_BannerFormatter.st:813,,non,oui,non,ecrit (jamais TRUE litteral) en CODE/J_SUPERVISION/FB_Hmi_BannerFormatter.st:809
AlarmCount,T1(brief),AUTRE,= AlarmCount + 1,?,CODE/J_SUPERVISION/FB_Hmi_BannerFormatter.st,1017,FB_Hmi_BannerFormatter,461,CODE/J_SUPERVISION/FB_Hmi_BannerFormatter.st:809 ; CODE/J_SUPERVISION/FB_Hmi_BannerFormatter.st:813 ; CODE/J_SUPERVISION/FB_Hmi_BannerFormatter.st:816 ; CODE/J_SUPERVISION/FB_Hmi_BannerFormatter.st:819 ; CODE/J_SUPERVISION/FB_Hmi_BannerFormatter.st:822 ; CODE/J_SUPERVISION/FB_Hmi_BannerFormatter.st:825,,CODE/J_SUPERVISION/FB_Hmi_BannerFormatter.st:119 ; CODE/J_SUPERVISION/FB_Hmi_BannerFormatter.st:809 ; CODE/J_SUPERVISION/FB_Hmi_BannerFormatter.st:812 ; CODE/J_SUPERVISION/FB_Hmi_BannerFormatter.st:813,,non,oui,non,ecrit (jamais TRUE litteral) en CODE/J_SUPERVISION/FB_Hmi_BannerFormatter.st:809
AlarmIndex,T1(brief),AUTRE,= 0,?,CODE/J_SUPERVISION/FB_Hmi_BannerFormatter.st,1227,FB_Hmi_BannerFormatter,9,CODE/J_SUPERVISION/FB_Hmi_BannerFormatter.st:1227 ; CODE/J_SUPERVISION/FB_Hmi_BannerFormatter.st:1236 ; CODE/J_SUPERVISION/FB_Hmi_BannerFormatter.st:1241,,CODE/J_SUPERVISION/FB_Hmi_BannerFormatter.st:121 ; CODE/J_SUPERVISION/FB_Hmi_BannerFormatter.st:1227 ; CODE/J_SUPERVISION/FB_Hmi_BannerFormatter.st:1235 ; CODE/J_SUPERVISION/FB_Hmi_BannerFormatter.st:1236,,non,non,non,ecrit (jamais TRUE litteral) en CODE/J_SUPERVISION/FB_Hmi_BannerFormatter.st:1227
AlarmIndex,T1(brief),AUTRE,= 0,?,CODE/J_SUPERVISION/FB_Hmi_BannerFormatter.st,1236,FB_Hmi_BannerFormatter,9,CODE/J_SUPERVISION/FB_Hmi_BannerFormatter.st:1227 ; CODE/J_SUPERVISION/FB_Hmi_BannerFormatter.st:1236 ; CODE/J_SUPERVISION/FB_Hmi_BannerFormatter.st:1241,,CODE/J_SUPERVISION/FB_Hmi_BannerFormatter.st:121 ; CODE/J_SUPERVISION/FB_Hmi_BannerFormatter.st:1227 ; CODE/J_SUPERVISION/FB_Hmi_BannerFormatter.st:1235 ; CODE/J_SUPERVISION/FB_Hmi_BannerFormatter.st:1236,,non,non,non,ecrit (jamais TRUE litteral) en CODE/J_SUPERVISION/FB_Hmi_BannerFormatter.st:1227
InputModuleFault,T1(brief),ENTREE_BOOL_CONSOMMATEUR,BOOL,VAR_INPUT,CODE/J_SUPERVISION/FB_TroubleshootingView.st,27,FB_TroubleshootingView,5,CODE/M_MAIN/PRG_07_Supervision.st:843,,,CODE/M_MAIN/PRG_07_Supervision.st:843,non,non,non,ecrit (jamais TRUE litteral) en CODE/M_MAIN/PRG_07_Supervision.st:843
EmergencyDiag,T1(brief),AUTRE,ST_Safety_Emergency_Diag,VAR_INPUT,CODE/J_SUPERVISION/FB_TroubleshootingView.st,67,FB_TroubleshootingView,19,CODE/M_MAIN/PRG_06_Outputs.st:542 ; CODE/M_MAIN/PRG_07_Supervision.st:873,,,CODE/M_MAIN/PRG_07_Supervision.st:578 ; CODE/M_MAIN/PRG_07_Supervision.st:587 ; CODE/M_MAIN/PRG_07_Supervision.st:774 ; CODE/M_MAIN/PRG_07_Supervision.st:775,oui,non,non,ecrit (jamais TRUE litteral) en CODE/M_MAIN/PRG_06_Outputs.st:542
CycleError,T1(brief),ENTREE_BOOL_CONSOMMATEUR,BOOL,VAR_INPUT,CODE/J_SUPERVISION/FB_TroubleshootingView.st,76,FB_TroubleshootingView,3,CODE/M_MAIN/PRG_07_Supervision.st:880,,,CODE/M_MAIN/PRG_07_Supervision.st:880,non,oui,non,ecrit (jamais TRUE litteral) en CODE/M_MAIN/PRG_07_Supervision.st:880
CycleErrorId,T1(brief),BITFIELD_OU_INDEX,WORD,VAR_INPUT,CODE/J_SUPERVISION/FB_TroubleshootingView.st,77,FB_TroubleshootingView,29,CODE/M_MAIN/PRG_07_Supervision.st:728 ; CODE/M_MAIN/PRG_07_Supervision.st:881,,CODE/J_SUPERVISION/FB_Hmi_BannerFormatter.st:22 ; CODE/J_SUPERVISION/FB_Hmi_BannerFormatter.st:263 ; CODE/J_SUPERVISION/FB_Hmi_BannerFormatter.st:534 ; CODE/J_SUPERVISION/FB_Hmi_BannerFormatter.st:536,CODE/M_MAIN/PRG_07_Supervision.st:728 ; CODE/M_MAIN/PRG_07_Supervision.st:881,non,oui,non,ecrit (jamais TRUE litteral) en CODE/M_MAIN/PRG_07_Supervision.st:728
CycleFaultLatched,T1(brief),ENTREE_BOOL_CONSOMMATEUR,BOOL,VAR_INPUT,CODE/J_SUPERVISION/FB_TroubleshootingView.st,78,FB_TroubleshootingView,3,CODE/M_MAIN/PRG_07_Supervision.st:882,,,CODE/M_MAIN/PRG_07_Supervision.st:882,non,non,non,ecrit (jamais TRUE litteral) en CODE/M_MAIN/PRG_07_Supervision.st:882
CycleFaultLatchedId,T1(brief),BITFIELD_OU_INDEX,WORD,VAR_INPUT,CODE/J_SUPERVISION/FB_TroubleshootingView.st,79,FB_TroubleshootingView,3,CODE/M_MAIN/PRG_07_Supervision.st:883,,,CODE/M_MAIN/PRG_07_Supervision.st:883,non,non,non,ecrit (jamais TRUE litteral) en CODE/M_MAIN/PRG_07_Supervision.st:883
CycleStepAtError,T1(brief),AUTRE,E_AutoCycleStep,VAR_INPUT,CODE/J_SUPERVISION/FB_TroubleshootingView.st,86,FB_TroubleshootingView,14,CODE/G_CYCLE/FB_CycleSemiAuto.st:824 ; CODE/M_MAIN/PRG_07_Supervision.st:665 ; CODE/M_MAIN/PRG_07_Supervision.st:729 ; CODE/M_MAIN/PRG_07_Supervision.st:895,,CODE/J_SUPERVISION/FB_Hmi_BannerFormatter.st:23 ; CODE/J_SUPERVISION/FB_Hmi_BannerFormatter.st:266,CODE/M_MAIN/PRG_07_Supervision.st:665 ; CODE/M_MAIN/PRG_07_Supervision.st:729 ; CODE/M_MAIN/PRG_07_Supervision.st:895,non,non,non,ecrit (jamais TRUE litteral) en CODE/G_CYCLE/FB_CycleSemiAuto.st:824
CycleWinchSyncError,T1(brief),ENTREE_BOOL_CONSOMMATEUR,BOOL,VAR_INPUT,CODE/J_SUPERVISION/FB_TroubleshootingView.st,99,FB_TroubleshootingView,3,CODE/M_MAIN/PRG_07_Supervision.st:908,,,CODE/M_MAIN/PRG_07_Supervision.st:908,non,non,non,ecrit (jamais TRUE litteral) en CODE/M_MAIN/PRG_07_Supervision.st:908
CycleM1SpeedStepAtFault,T1(brief),BITFIELD_OU_INDEX,INT,VAR_INPUT,CODE/J_SUPERVISION/FB_TroubleshootingView.st,103,FB_TroubleshootingView,3,CODE/M_MAIN/PRG_07_Supervision.st:887,,,CODE/M_MAIN/PRG_07_Supervision.st:887,non,non,non,ecrit (jamais TRUE litteral) en CODE/M_MAIN/PRG_07_Supervision.st:887
CycleM2SpeedStepAtFault,T1(brief),BITFIELD_OU_INDEX,INT,VAR_INPUT,CODE/J_SUPERVISION/FB_TroubleshootingView.st,104,FB_TroubleshootingView,3,CODE/M_MAIN/PRG_07_Supervision.st:888,,,CODE/M_MAIN/PRG_07_Supervision.st:888,non,non,non,ecrit (jamais TRUE litteral) en CODE/M_MAIN/PRG_07_Supervision.st:888
CountSaturated,T2(elargi),BANC_SIMULATION,BOOL,VAR_OUTPUT,CODE/L_SIMULATION/FB_Sim_Encoder.st,61,FB_Sim_Encoder,6,CODE/L_SIMULATION/FB_Sim_Encoder.st:94 ; CODE/L_SIMULATION/FB_Sim_Encoder.st:178 ; CODE/L_SIMULATION/FB_Sim_Encoder.st:181 ; CODE/L_SIMULATION/FB_Sim_Encoder.st:184,CODE/L_SIMULATION/FB_Sim_Encoder.st:181,,,non,non,non,ecrit TRUE en CODE/L_SIMULATION/FB_Sim_Encoder.st:181
CountSaturated,T2(elargi),BANC_SIMULATION,= FALSE,?,CODE/L_SIMULATION/FB_Sim_Encoder.st,94,FB_Sim_Encoder,6,CODE/L_SIMULATION/FB_Sim_Encoder.st:94 ; CODE/L_SIMULATION/FB_Sim_Encoder.st:178 ; CODE/L_SIMULATION/FB_Sim_Encoder.st:181 ; CODE/L_SIMULATION/FB_Sim_Encoder.st:184,CODE/L_SIMULATION/FB_Sim_Encoder.st:181,,,non,non,non,ecrit TRUE en CODE/L_SIMULATION/FB_Sim_Encoder.st:181
CountSaturated,T2(elargi),BANC_SIMULATION,= FALSE,?,CODE/L_SIMULATION/FB_Sim_Encoder.st,178,FB_Sim_Encoder,6,CODE/L_SIMULATION/FB_Sim_Encoder.st:94 ; CODE/L_SIMULATION/FB_Sim_Encoder.st:178 ; CODE/L_SIMULATION/FB_Sim_Encoder.st:181 ; CODE/L_SIMULATION/FB_Sim_Encoder.st:184,CODE/L_SIMULATION/FB_Sim_Encoder.st:181,,,non,non,non,ecrit TRUE en CODE/L_SIMULATION/FB_Sim_Encoder.st:181
CountSaturated,T2(elargi),BANC_SIMULATION,= TRUE,?,CODE/L_SIMULATION/FB_Sim_Encoder.st,181,FB_Sim_Encoder,6,CODE/L_SIMULATION/FB_Sim_Encoder.st:94 ; CODE/L_SIMULATION/FB_Sim_Encoder.st:178 ; CODE/L_SIMULATION/FB_Sim_Encoder.st:181 ; CODE/L_SIMULATION/FB_Sim_Encoder.st:184,CODE/L_SIMULATION/FB_Sim_Encoder.st:181,,,non,non,non,ecrit TRUE en CODE/L_SIMULATION/FB_Sim_Encoder.st:181
CountSaturated,T2(elargi),BANC_SIMULATION,= TRUE,?,CODE/L_SIMULATION/FB_Sim_Encoder.st,184,FB_Sim_Encoder,6,CODE/L_SIMULATION/FB_Sim_Encoder.st:94 ; CODE/L_SIMULATION/FB_Sim_Encoder.st:178 ; CODE/L_SIMULATION/FB_Sim_Encoder.st:181 ; CODE/L_SIMULATION/FB_Sim_Encoder.st:184,CODE/L_SIMULATION/FB_Sim_Encoder.st:181,,,non,non,non,ecrit TRUE en CODE/L_SIMULATION/FB_Sim_Encoder.st:181
BrakeFaultCloseWhileRunning,T1(brief),BANC_SIMULATION,BOOL := FALSE,VAR_INPUT,CODE/L_SIMULATION/FB_Sim_Translation.st,20,FB_Sim_Translation,3,CODE/L_SIMULATION/FB_SimBench.st:578,,,,non,non,non,ecrit (jamais TRUE litteral) en CODE/L_SIMULATION/FB_SimBench.st:578
BrakeFaultCloseDelay_S,T1(brief),BANC_SIMULATION,REAL := 0.0,VAR_INPUT,CODE/L_SIMULATION/FB_Sim_Translation.st,21,FB_Sim_Translation,3,CODE/L_SIMULATION/FB_SimBench.st:579,,,,non,non,non,ecrit (jamais TRUE litteral) en CODE/L_SIMULATION/FB_SimBench.st:579
BrakeFaultCloseActive,T1(brief),BANC_SIMULATION,BOOL,VAR_OUTPUT,CODE/L_SIMULATION/FB_Sim_Translation.st,66,FB_Sim_Translation,4,CODE/L_SIMULATION/FB_Sim_Translation.st:152 ; CODE/L_SIMULATION/FB_Sim_Translation.st:209,,,,non,non,non,ecrit (jamais TRUE litteral) en CODE/L_SIMULATION/FB_Sim_Translation.st:152
BrakeFaultCloseActive,T1(brief),BANC_SIMULATION,= FALSE,?,CODE/L_SIMULATION/FB_Sim_Translation.st,152,FB_Sim_Translation,4,CODE/L_SIMULATION/FB_Sim_Translation.st:152 ; CODE/L_SIMULATION/FB_Sim_Translation.st:209,,,,non,non,non,ecrit (jamais TRUE litteral) en CODE/L_SIMULATION/FB_Sim_Translation.st:152
BrakeFaultCloseActive,T1(brief),BANC_SIMULATION,= instBrake.FaultCloseActive,?,CODE/L_SIMULATION/FB_Sim_Translation.st,209,FB_Sim_Translation,4,CODE/L_SIMULATION/FB_Sim_Translation.st:152 ; CODE/L_SIMULATION/FB_Sim_Translation.st:209,,,,non,non,non,ecrit (jamais TRUE litteral) en CODE/L_SIMULATION/FB_Sim_Translation.st:152
FaultCloseWhileRunning,T1(brief),BANC_SIMULATION,BOOL := FALSE,VAR_INPUT,CODE/L_SIMULATION/FB_Sim_TranslationBrake.st,17,FB_Sim_TranslationBrake,4,CODE/L_SIMULATION/FB_Sim_Translation.st:204,,,,non,non,non,ecrit (jamais TRUE litteral) en CODE/L_SIMULATION/FB_Sim_Translation.st:204
FaultCloseDelay_S,T1(brief),BANC_SIMULATION,REAL := 0.0,VAR_INPUT,CODE/L_SIMULATION/FB_Sim_TranslationBrake.st,18,FB_Sim_TranslationBrake,3,CODE/L_SIMULATION/FB_Sim_Translation.st:205,,,,non,non,non,ecrit (jamais TRUE litteral) en CODE/L_SIMULATION/FB_Sim_Translation.st:205
FaultCloseActive,T1(brief),BANC_SIMULATION,BOOL,VAR_OUTPUT,CODE/L_SIMULATION/FB_Sim_TranslationBrake.st,25,FB_Sim_TranslationBrake,6,CODE/L_SIMULATION/FB_Sim_TranslationBrake.st:41 ; CODE/L_SIMULATION/FB_Sim_TranslationBrake.st:54,,,,non,non,non,ecrit (jamais TRUE litteral) en CODE/L_SIMULATION/FB_Sim_TranslationBrake.st:41
FaultTimer_S,T1(brief),BANC_SIMULATION,REAL,VAR,CODE/L_SIMULATION/FB_Sim_TranslationBrake.st,30,FB_Sim_TranslationBrake,6,CODE/L_SIMULATION/FB_Sim_TranslationBrake.st:44 ; CODE/L_SIMULATION/FB_Sim_TranslationBrake.st:50 ; CODE/L_SIMULATION/FB_Sim_TranslationBrake.st:52,,,,non,non,non,ecrit (jamais TRUE litteral) en CODE/L_SIMULATION/FB_Sim_TranslationBrake.st:44
FaultCloseActive,T1(brief),BANC_SIMULATION,= FALSE,?,CODE/L_SIMULATION/FB_Sim_TranslationBrake.st,41,FB_Sim_TranslationBrake,6,CODE/L_SIMULATION/FB_Sim_TranslationBrake.st:41 ; CODE/L_SIMULATION/FB_Sim_TranslationBrake.st:54,,,,non,non,non,ecrit (jamais TRUE litteral) en CODE/L_SIMULATION/FB_Sim_TranslationBrake.st:41
FaultTimer_S,T1(brief),BANC_SIMULATION,= 0.0,?,CODE/L_SIMULATION/FB_Sim_TranslationBrake.st,44,FB_Sim_TranslationBrake,6,CODE/L_SIMULATION/FB_Sim_TranslationBrake.st:44 ; CODE/L_SIMULATION/FB_Sim_TranslationBrake.st:50 ; CODE/L_SIMULATION/FB_Sim_TranslationBrake.st:52,,,,non,non,non,ecrit (jamais TRUE litteral) en CODE/L_SIMULATION/FB_Sim_TranslationBrake.st:44
FaultTimer_S,T1(brief),BANC_SIMULATION,= FaultTimer_S + CycleTime_S,?,CODE/L_SIMULATION/FB_Sim_TranslationBrake.st,50,FB_Sim_TranslationBrake,6,CODE/L_SIMULATION/FB_Sim_TranslationBrake.st:44 ; CODE/L_SIMULATION/FB_Sim_TranslationBrake.st:50 ; CODE/L_SIMULATION/FB_Sim_TranslationBrake.st:52,,,,non,non,non,ecrit (jamais TRUE litteral) en CODE/L_SIMULATION/FB_Sim_TranslationBrake.st:44
FaultTimer_S,T1(brief),BANC_SIMULATION,= 0.0,?,CODE/L_SIMULATION/FB_Sim_TranslationBrake.st,52,FB_Sim_TranslationBrake,6,CODE/L_SIMULATION/FB_Sim_TranslationBrake.st:44 ; CODE/L_SIMULATION/FB_Sim_TranslationBrake.st:50 ; CODE/L_SIMULATION/FB_Sim_TranslationBrake.st:52,,,,non,non,non,ecrit (jamais TRUE litteral) en CODE/L_SIMULATION/FB_Sim_TranslationBrake.st:44
SimWinchElectricalDiagnosticsActive,T1(brief),BANC_SIMULATION,BOOL := FALSE,VAR_INPUT,CODE/L_SIMULATION/FB_SimBench.st,84,FB_SimBench,8,CODE/M_MAIN/PRG_02_Acquisition.st:350,,,,non,non,non,ecrit (jamais TRUE litteral) en CODE/M_MAIN/PRG_02_Acquisition.st:350
SimM2TensionedCableFaultInject,T1(brief),BANC_SIMULATION,BOOL := FALSE,VAR_INPUT,CODE/L_SIMULATION/FB_SimBench.st,85,FB_SimBench,5,CODE/M_MAIN/PRG_02_Acquisition.st:357,,,,non,non,non,ecrit (jamais TRUE litteral) en CODE/M_MAIN/PRG_02_Acquisition.st:357
SimM3BrakeFaultCloseWhileRunning,T1(brief),BANC_SIMULATION,BOOL := FALSE,VAR_INPUT,CODE/L_SIMULATION/FB_SimBench.st,100,FB_SimBench,5,CODE/M_MAIN/PRG_02_Acquisition.st:371,,,,non,non,non,ecrit (jamais TRUE litteral) en CODE/M_MAIN/PRG_02_Acquisition.st:371
SimM3BrakeFaultCloseDelayS,T1(brief),BANC_SIMULATION,REAL := 0.0,VAR_INPUT,CODE/L_SIMULATION/FB_SimBench.st,101,FB_SimBench,5,CODE/M_MAIN/PRG_02_Acquisition.st:372,,,,non,non,non,ecrit (jamais TRUE litteral) en CODE/M_MAIN/PRG_02_Acquisition.st:372
M3BrakeFaultCloseActive,T1(brief),BANC_SIMULATION,BOOL,VAR_OUTPUT,CODE/L_SIMULATION/FB_SimBench.st,164,FB_SimBench,2,CODE/L_SIMULATION/FB_SimBench.st:583,,,,non,non,non,ecrit (jamais TRUE litteral) en CODE/L_SIMULATION/FB_SimBench.st:583
M3BrakeFaultCloseActive,T1(brief),BANC_SIMULATION,= instSimTranslation.BrakeFaultCloseActive,?,CODE/L_SIMULATION/FB_SimBench.st,583,FB_SimBench,2,CODE/L_SIMULATION/FB_SimBench.st:583,,,,non,non,non,ecrit (jamais TRUE litteral) en CODE/L_SIMULATION/FB_SimBench.st:583
SimM3BrakeFaultCloseWhileRunning,T1(brief),BANC_SIMULATION,BOOL := FALSE,VAR_GLOBAL,CODE/L_SIMULATION/GVL_Simulation.st,67,,5,CODE/M_MAIN/PRG_02_Acquisition.st:371,,,,non,non,non,ecrit (jamais TRUE litteral) en CODE/M_MAIN/PRG_02_Acquisition.st:371
SimM3BrakeFaultCloseDelayS,T1(brief),BANC_SIMULATION,REAL := 0.0,VAR_GLOBAL,CODE/L_SIMULATION/GVL_Simulation.st,68,,5,CODE/M_MAIN/PRG_02_Acquisition.st:372,,,,non,non,non,ecrit (jamais TRUE litteral) en CODE/M_MAIN/PRG_02_Acquisition.st:372
SimWinchElectricalDiagnosticsActive,T1(brief),BANC_SIMULATION,BOOL := TRUE,VAR_GLOBAL,CODE/L_SIMULATION/GVL_Simulation.st,101,,8,CODE/M_MAIN/PRG_02_Acquisition.st:350,,,,non,non,non,ecrit (jamais TRUE litteral) en CODE/M_MAIN/PRG_02_Acquisition.st:350
SimM2TensionedCableFaultInject,T1(brief),BANC_SIMULATION,BOOL := FALSE,VAR_GLOBAL,CODE/L_SIMULATION/GVL_Simulation.st,109,,5,CODE/M_MAIN/PRG_02_Acquisition.st:357,,,,non,non,non,ecrit (jamais TRUE litteral) en CODE/M_MAIN/PRG_02_Acquisition.st:357
instDiagCanOpen,T1(brief),AUTRE,FB_Diag_CanOpen,VAR,CODE/M_MAIN/PRG_02_Acquisition.st,31,PRG_02_Acquisition,8,,,,,non,non,non,seulement lu (CODE/M_MAIN/PRG_02_Acquisition.st:31)
instDiagEthercat,T1(brief),AUTRE,FB_Diag_Ethercat,VAR,CODE/M_MAIN/PRG_02_Acquisition.st,32,PRG_02_Acquisition,10,,,,,non,non,non,seulement lu (CODE/M_MAIN/PRG_02_Acquisition.st:32)
instAutoResetTransientDiag,T1(brief),AUTRE,FB_AutoResetTransientDiag,VAR,CODE/M_MAIN/PRG_02_Acquisition.st,33,PRG_02_Acquisition,4,,,,,non,non,non,seulement lu (CODE/M_MAIN/PRG_02_Acquisition.st:33)
BothBlockReason,T2(elargi),AUTRE,E_WinchTraceBlockReason,VAR,CODE/M_MAIN/PRG_04_Treuils_Benne.st,188,PRG_04_Treuils_Benne,10,CODE/M_MAIN/PRG_04_Treuils_Benne.st:1147 ; CODE/M_MAIN/PRG_04_Treuils_Benne.st:1151 ; CODE/M_MAIN/PRG_04_Treuils_Benne.st:1154 ; CODE/M_MAIN/PRG_04_Treuils_Benne.st:1979 ; CODE/M_MAIN/PRG_07_Supervision.st:826,,,CODE/M_MAIN/PRG_07_Supervision.st:826 ; CODE/M_MAIN/PRG_07_Supervision.st:826,non,non,non,ecrit (jamais TRUE litteral) en CODE/M_MAIN/PRG_04_Treuils_Benne.st:1147
KoboldBottomTouchLatched,T2(elargi),BOOL_INTERNE,BOOL,VAR,CODE/M_MAIN/PRG_04_Treuils_Benne.st,196,PRG_04_Treuils_Benne,9,CODE/M_MAIN/PRG_04_Treuils_Benne.st:726 ; CODE/M_MAIN/PRG_04_Treuils_Benne.st:748 ; CODE/M_MAIN/PRG_04_Treuils_Benne.st:1798,CODE/M_MAIN/PRG_04_Treuils_Benne.st:748,,,non,non,non,ecrit TRUE en CODE/M_MAIN/PRG_04_Treuils_Benne.st:748
KoboldBottomTouchLatched,T2(elargi),AUTRE,= FALSE,?,CODE/M_MAIN/PRG_04_Treuils_Benne.st,726,PRG_04_Treuils_Benne,9,CODE/M_MAIN/PRG_04_Treuils_Benne.st:726 ; CODE/M_MAIN/PRG_04_Treuils_Benne.st:748 ; CODE/M_MAIN/PRG_04_Treuils_Benne.st:1798,CODE/M_MAIN/PRG_04_Treuils_Benne.st:748,,,non,non,non,ecrit TRUE en CODE/M_MAIN/PRG_04_Treuils_Benne.st:748
KoboldBottomTouchLatched,T2(elargi),AUTRE,= TRUE,?,CODE/M_MAIN/PRG_04_Treuils_Benne.st,748,PRG_04_Treuils_Benne,9,CODE/M_MAIN/PRG_04_Treuils_Benne.st:726 ; CODE/M_MAIN/PRG_04_Treuils_Benne.st:748 ; CODE/M_MAIN/PRG_04_Treuils_Benne.st:1798,CODE/M_MAIN/PRG_04_Treuils_Benne.st:748,,,non,non,non,ecrit TRUE en CODE/M_MAIN/PRG_04_Treuils_Benne.st:748
BothBlockReason,T2(elargi),AUTRE,= E_WinchTraceBlockReason.NONE,?,CODE/M_MAIN/PRG_04_Treuils_Benne.st,1147,PRG_04_Treuils_Benne,10,CODE/M_MAIN/PRG_04_Treuils_Benne.st:1147 ; CODE/M_MAIN/PRG_04_Treuils_Benne.st:1151 ; CODE/M_MAIN/PRG_04_Treuils_Benne.st:1154 ; CODE/M_MAIN/PRG_04_Treuils_Benne.st:1979 ; CODE/M_MAIN/PRG_07_Supervision.st:826,,,CODE/M_MAIN/PRG_07_Supervision.st:826 ; CODE/M_MAIN/PRG_07_Supervision.st:826,non,non,non,ecrit (jamais TRUE litteral) en CODE/M_MAIN/PRG_04_Treuils_Benne.st:1147
BothBlockReason,T2(elargi),AUTRE,= E_WinchTraceBlockReason.COUPLING_BLOCKED,?,CODE/M_MAIN/PRG_04_Treuils_Benne.st,1151,PRG_04_Treuils_Benne,10,CODE/M_MAIN/PRG_04_Treuils_Benne.st:1147 ; CODE/M_MAIN/PRG_04_Treuils_Benne.st:1151 ; CODE/M_MAIN/PRG_04_Treuils_Benne.st:1154 ; CODE/M_MAIN/PRG_04_Treuils_Benne.st:1979 ; CODE/M_MAIN/PRG_07_Supervision.st:826,,,CODE/M_MAIN/PRG_07_Supervision.st:826 ; CODE/M_MAIN/PRG_07_Supervision.st:826,non,non,non,ecrit (jamais TRUE litteral) en CODE/M_MAIN/PRG_04_Treuils_Benne.st:1147
BothBlockReason,T2(elargi),AUTRE,= E_WinchTraceBlockReason.NONE,?,CODE/M_MAIN/PRG_04_Treuils_Benne.st,1154,PRG_04_Treuils_Benne,10,CODE/M_MAIN/PRG_04_Treuils_Benne.st:1147 ; CODE/M_MAIN/PRG_04_Treuils_Benne.st:1151 ; CODE/M_MAIN/PRG_04_Treuils_Benne.st:1154 ; CODE/M_MAIN/PRG_04_Treuils_Benne.st:1979 ; CODE/M_MAIN/PRG_07_Supervision.st:826,,,CODE/M_MAIN/PRG_07_Supervision.st:826 ; CODE/M_MAIN/PRG_07_Supervision.st:826,non,non,non,ecrit (jamais TRUE litteral) en CODE/M_MAIN/PRG_04_Treuils_Benne.st:1147
EmergencyDiag,T1(brief),AUTRE,ST_Safety_Emergency_Diag,VAR_OUTPUT,CODE/M_MAIN/PRG_06_Outputs.st,25,PRG_06_Outputs,19,CODE/M_MAIN/PRG_06_Outputs.st:542 ; CODE/M_MAIN/PRG_07_Supervision.st:873,,,CODE/M_MAIN/PRG_07_Supervision.st:578 ; CODE/M_MAIN/PRG_07_Supervision.st:587 ; CODE/M_MAIN/PRG_07_Supervision.st:774 ; CODE/M_MAIN/PRG_07_Supervision.st:775,oui,non,non,ecrit (jamais TRUE litteral) en CODE/M_MAIN/PRG_06_Outputs.st:542
EmergencyFault,T1(brief),BRIQUE_ST_FAULT,ST_Fault,VAR_OUTPUT,CODE/M_MAIN/PRG_06_Outputs.st,28,PRG_06_Outputs,3,CODE/M_MAIN/PRG_06_Outputs.st:545,,,CODE/M_MAIN/PRG_07_Supervision.st:583,non,non,non,"brique ST_Fault : porteuse d'un bitfield, voir lignes de causes"
EmergencyDiag,T1(brief),AUTRE,= instSafetyEmergencyManagement.Status.Diag,?,CODE/M_MAIN/PRG_06_Outputs.st,542,PRG_06_Outputs,19,CODE/M_MAIN/PRG_06_Outputs.st:542 ; CODE/M_MAIN/PRG_07_Supervision.st:873,,,CODE/M_MAIN/PRG_07_Supervision.st:578 ; CODE/M_MAIN/PRG_07_Supervision.st:587 ; CODE/M_MAIN/PRG_07_Supervision.st:774 ; CODE/M_MAIN/PRG_07_Supervision.st:775,oui,non,non,ecrit (jamais TRUE litteral) en CODE/M_MAIN/PRG_06_Outputs.st:542
EmergencyFault,T1(brief),AUTRE,= instSafetyEmergencyManagement.Status.Fault,?,CODE/M_MAIN/PRG_06_Outputs.st,545,PRG_06_Outputs,3,CODE/M_MAIN/PRG_06_Outputs.st:545,,,CODE/M_MAIN/PRG_07_Supervision.st:583,non,non,non,ecrit (jamais TRUE litteral) en CODE/M_MAIN/PRG_06_Outputs.st:545
FaultMachineReset_IHM,T1(brief),SORTIE_BOOL_PRODUCTEUR,BOOL,VAR_OUTPUT,CODE/M_MAIN/PRG_07_Supervision.st,18,PRG_07_Supervision,29,CODE/M_MAIN/PRG_07_Supervision.st:123,,,CODE/M_MAIN/PRG_07_Supervision.st:18 ; CODE/M_MAIN/PRG_07_Supervision.st:123 ; CODE/M_MAIN/PRG_07_Supervision.st:779,non,non,non,ecrit (jamais TRUE litteral) en CODE/M_MAIN/PRG_07_Supervision.st:123
instDiagIhmHeartbeat,T1(brief),AUTRE,FB_Diag_IhmHeartbeat,VAR,CODE/M_MAIN/PRG_07_Supervision.st,36,PRG_07_Supervision,6,,,,CODE/M_MAIN/PRG_07_Supervision.st:36 ; CODE/M_MAIN/PRG_07_Supervision.st:113 ; CODE/M_MAIN/PRG_07_Supervision.st:410 ; CODE/M_MAIN/PRG_07_Supervision.st:411,non,non,non,seulement lu (CODE/M_MAIN/PRG_07_Supervision.st:36)
