nom,fichier,ligne,role,contexte
Error,CODE/A_COMMUN/_TYPES/ST_Fault.st,19,LECTURE,Error     : BOOL;
ErrorId,CODE/A_COMMUN/_TYPES/ST_Fault.st,20,LECTURE,ErrorId   : WORD;
Latched,CODE/A_COMMUN/_TYPES/ST_Fault.st,21,LECTURE,Latched   : BOOL;
LatchedId,CODE/A_COMMUN/_TYPES/ST_Fault.st,22,LECTURE,LatchedId : WORD;
Error,CODE/A_COMMUN/_TYPES/ST_Status.st,21,LECTURE,Error        : BOOL;
ErrorId,CODE/A_COMMUN/_TYPES/ST_Status.st,22,LECTURE,ErrorId      : WORD;
StateAtError,CODE/A_COMMUN/_TYPES/ST_Status.st,24,LECTURE,StateAtError : E_State;
Warning,CODE/A_COMMUN/_TYPES/ST_Status.st,26,LECTURE,Warning        : BOOL;
WarningId,CODE/A_COMMUN/_TYPES/ST_Status.st,27,LECTURE,WarningId      : WORD;
WarningIdTxt,CODE/A_COMMUN/_TYPES/ST_Status.st,28,LECTURE,WarningIdTxt   : STRING;
ErrorIdTxt,CODE/A_COMMUN/_TYPES/ST_Status.st,29,LECTURE,ErrorIdTxt     : STRING;
PreflightErrorId,CODE/A_COMMUN/FB_Acquisition_Preflight.st,46,LECTURE,PreflightErrorId        : WORD;
PreflightErrorId,CODE/A_COMMUN/FB_Acquisition_Preflight.st,63,ECRITURE,PreflightErrorId := 0;
PreflightErrorId,CODE/A_COMMUN/FB_Acquisition_Preflight.st,68,ECRITURE,IF NOT M1BrakeApplied THEN PreflightErrorId := PreflightErrorId OR 16#0001; END_IF;
PreflightErrorId,CODE/A_COMMUN/FB_Acquisition_Preflight.st,68,LECTURE,IF NOT M1BrakeApplied THEN PreflightErrorId := PreflightErrorId OR 16#0001; END_IF;
PreflightErrorId,CODE/A_COMMUN/FB_Acquisition_Preflight.st,69,ECRITURE,IF NOT M2BrakeApplied THEN PreflightErrorId := PreflightErrorId OR 16#0002; END_IF;
PreflightErrorId,CODE/A_COMMUN/FB_Acquisition_Preflight.st,69,LECTURE,IF NOT M2BrakeApplied THEN PreflightErrorId := PreflightErrorId OR 16#0002; END_IF;
PreflightErrorId,CODE/A_COMMUN/FB_Acquisition_Preflight.st,70,ECRITURE,IF NOT M3BrakeApplied THEN PreflightErrorId := PreflightErrorId OR 16#0004; END_IF;
PreflightErrorId,CODE/A_COMMUN/FB_Acquisition_Preflight.st,70,LECTURE,IF NOT M3BrakeApplied THEN PreflightErrorId := PreflightErrorId OR 16#0004; END_IF;
PreflightErrorId,CODE/A_COMMUN/FB_Acquisition_Preflight.st,71,ECRITURE,IF NOT M1ContactorsReleased THEN PreflightErrorId := PreflightErrorId OR 16#0008; END_IF;
PreflightErrorId,CODE/A_COMMUN/FB_Acquisition_Preflight.st,71,LECTURE,IF NOT M1ContactorsReleased THEN PreflightErrorId := PreflightErrorId OR 16#0008; END_IF;
PreflightErrorId,CODE/A_COMMUN/FB_Acquisition_Preflight.st,72,ECRITURE,IF NOT M2ContactorsReleased THEN PreflightErrorId := PreflightErrorId OR 16#0010; END_IF;
PreflightErrorId,CODE/A_COMMUN/FB_Acquisition_Preflight.st,72,LECTURE,IF NOT M2ContactorsReleased THEN PreflightErrorId := PreflightErrorId OR 16#0010; END_IF;
PreflightErrorId,CODE/A_COMMUN/FB_Acquisition_Preflight.st,73,ECRITURE,IF NOT M1ThermalOk THEN PreflightErrorId := PreflightErrorId OR 16#0020; END_IF;
PreflightErrorId,CODE/A_COMMUN/FB_Acquisition_Preflight.st,73,LECTURE,IF NOT M1ThermalOk THEN PreflightErrorId := PreflightErrorId OR 16#0020; END_IF;
PreflightErrorId,CODE/A_COMMUN/FB_Acquisition_Preflight.st,74,ECRITURE,IF NOT M2ThermalOk THEN PreflightErrorId := PreflightErrorId OR 16#0040; END_IF;
PreflightErrorId,CODE/A_COMMUN/FB_Acquisition_Preflight.st,74,LECTURE,IF NOT M2ThermalOk THEN PreflightErrorId := PreflightErrorId OR 16#0040; END_IF;
PreflightErrorId,CODE/A_COMMUN/FB_Acquisition_Preflight.st,75,ECRITURE,IF NOT BrakeThermalOk THEN PreflightErrorId := PreflightErrorId OR 16#0080; END_IF;
PreflightErrorId,CODE/A_COMMUN/FB_Acquisition_Preflight.st,75,LECTURE,IF NOT BrakeThermalOk THEN PreflightErrorId := PreflightErrorId OR 16#0080; END_IF;
PreflightErrorId,CODE/A_COMMUN/FB_Acquisition_Preflight.st,76,ECRITURE,IF NOT PhaseRotationOk THEN PreflightErrorId := PreflightErrorId OR 16#0100; END_IF;
PreflightErrorId,CODE/A_COMMUN/FB_Acquisition_Preflight.st,76,LECTURE,IF NOT PhaseRotationOk THEN PreflightErrorId := PreflightErrorId OR 16#0100; END_IF;
PreflightErrorId,CODE/A_COMMUN/FB_Acquisition_Preflight.st,77,ECRITURE,IF NOT SlackCableTensioned THEN PreflightErrorId := PreflightErrorId OR 16#0200; END_IF;
PreflightErrorId,CODE/A_COMMUN/FB_Acquisition_Preflight.st,77,LECTURE,IF NOT SlackCableTensioned THEN PreflightErrorId := PreflightErrorId OR 16#0200; END_IF;
PreflightErrorId,CODE/A_COMMUN/FB_Acquisition_Preflight.st,78,ECRITURE,IF M3SensorWordIncoherent THEN PreflightErrorId := PreflightErrorId OR 16#0400; END_IF;
PreflightErrorId,CODE/A_COMMUN/FB_Acquisition_Preflight.st,78,LECTURE,IF M3SensorWordIncoherent THEN PreflightErrorId := PreflightErrorId OR 16#0400; END_IF;
PreflightErrorId,CODE/A_COMMUN/FB_Acquisition_Preflight.st,79,ECRITURE,IF PowerContactorEngaged AND NOT EmergencyChainClosed THEN PreflightErrorId := PreflightErrorId OR 16#0800; END_IF;
PreflightErrorId,CODE/A_COMMUN/FB_Acquisition_Preflight.st,79,LECTURE,IF PowerContactorEngaged AND NOT EmergencyChainClosed THEN PreflightErrorId := PreflightErrorId OR 16#0800; END_IF;
PreflightErrorId,CODE/A_COMMUN/FB_Acquisition_Preflight.st,80,ECRITURE,IF NOT EncoderM1Operational THEN PreflightErrorId := PreflightErrorId OR 16#1000; END_IF;
PreflightErrorId,CODE/A_COMMUN/FB_Acquisition_Preflight.st,80,LECTURE,IF NOT EncoderM1Operational THEN PreflightErrorId := PreflightErrorId OR 16#1000; END_IF;
PreflightErrorId,CODE/A_COMMUN/FB_Acquisition_Preflight.st,81,ECRITURE,IF NOT EncoderM2Operational THEN PreflightErrorId := PreflightErrorId OR 16#2000; END_IF;
PreflightErrorId,CODE/A_COMMUN/FB_Acquisition_Preflight.st,81,LECTURE,IF NOT EncoderM2Operational THEN PreflightErrorId := PreflightErrorId OR 16#2000; END_IF;
PreflightErrorId,CODE/A_COMMUN/FB_Acquisition_Preflight.st,82,ECRITURE,IF NOT HomedM1 OR NOT M1PositionInBounds THEN PreflightErrorId := PreflightErrorId OR 16#4000; END_IF;
PreflightErrorId,CODE/A_COMMUN/FB_Acquisition_Preflight.st,82,LECTURE,IF NOT HomedM1 OR NOT M1PositionInBounds THEN PreflightErrorId := PreflightErrorId OR 16#4000; END_IF;
PreflightErrorId,CODE/A_COMMUN/FB_Acquisition_Preflight.st,83,ECRITURE,IF NOT HomedM2 OR NOT M2PositionInBounds THEN PreflightErrorId := PreflightErrorId OR 16#8000; END_IF;
PreflightErrorId,CODE/A_COMMUN/FB_Acquisition_Preflight.st,83,LECTURE,IF NOT HomedM2 OR NOT M2PositionInBounds THEN PreflightErrorId := PreflightErrorId OR 16#8000; END_IF;
PreflightErrorId,CODE/A_COMMUN/FB_Acquisition_Preflight.st,87,ECRITURE,PreflightOk := (PreflightErrorId = 0); PreflightDone := TRUE; RequestPending := FALSE;
Fault,CODE/A_COMMUN/FB_Brake.st,30,LECTURE,Fault                   : ST_Fault;
ContactorIncoherentError,CODE/A_COMMUN/FB_Brake.st,48,LECTURE,ContactorIncoherentError: BOOL;
instFault,CODE/A_COMMUN/FB_Brake.st,49,LECTURE,instFault               : FB_FaultCore;
ContactorIncoherentError,CODE/A_COMMUN/FB_Brake.st,62,ECRITURE_FALSE,ContactorIncoherentError := FALSE;
instFault,CODE/A_COMMUN/FB_Brake.st,84,LECTURE,"instFault(Enable := FALSE, Reset := Reset, Causes := instCauses);"
Fault,CODE/A_COMMUN/FB_Brake.st,85,ECRITURE,Fault := instFault.Fault;
instFault,CODE/A_COMMUN/FB_Brake.st,85,LECTURE,Fault := instFault.Fault;
Fault,CODE/A_COMMUN/FB_Brake.st,85,LECTURE,Fault := instFault.Fault;
ContactorIncoherentError,CODE/A_COMMUN/FB_Brake.st,119,ECRITURE_TRUE,ContactorIncoherentError   := TRUE;
instFault,CODE/A_COMMUN/FB_Brake.st,130,LECTURE,"instFault(Enable := Enable, Reset := Reset, Causes := instCauses);"
Fault,CODE/A_COMMUN/FB_Brake.st,131,ECRITURE,Fault := instFault.Fault;
instFault,CODE/A_COMMUN/FB_Brake.st,131,LECTURE,Fault := instFault.Fault;
Fault,CODE/A_COMMUN/FB_Brake.st,131,LECTURE,Fault := instFault.Fault;
Fault,CODE/A_COMMUN/FB_Brake.st,133,LECTURE,Ready := Enable AND NOT Fault.Latched;
Latched,CODE/A_COMMUN/FB_Brake.st,133,LECTURE,Ready := Enable AND NOT Fault.Latched;
Fault,CODE/A_COMMUN/FB_Brake.st,136,LECTURE,IF Fault.Error OR Fault.Latched THEN
Error,CODE/A_COMMUN/FB_Brake.st,136,LECTURE,IF Fault.Error OR Fault.Latched THEN
Fault,CODE/A_COMMUN/FB_Brake.st,136,LECTURE,IF Fault.Error OR Fault.Latched THEN
Latched,CODE/A_COMMUN/FB_Brake.st,136,LECTURE,IF Fault.Error OR Fault.Latched THEN
Fault,CODE/A_COMMUN/FB_Brake.st,146,LECTURE,BrakeCommandOpenConfirmed := ContactorFeedback AND NOT Fault.Latched;
Latched,CODE/A_COMMUN/FB_Brake.st,146,LECTURE,BrakeCommandOpenConfirmed := ContactorFeedback AND NOT Fault.Latched;
ActivationLatched,CODE/A_COMMUN/FB_ContactorProtector.st,26,LECTURE,ActivationLatched : BOOL;
ActivationLatched,CODE/A_COMMUN/FB_ContactorProtector.st,34,ECRITURE_FALSE,ActivationLatched := FALSE;
ActivationLatched,CODE/A_COMMUN/FB_ContactorProtector.st,53,ECRITURE_TRUE,ActivationLatched := TRUE;
ActivationLatched,CODE/A_COMMUN/FB_ContactorProtector.st,56,ECRITURE_FALSE,ActivationLatched := FALSE;
ActivationLatched,CODE/A_COMMUN/FB_ContactorProtector.st,60,LECTURE,Cmd := ActivationLatched;
DefaultValueS,CODE/A_COMMUN/FB_CycleTime.st,13,LECTURE,DefaultValueS           : REAL := 0.004;
DefaultValueS,CODE/A_COMMUN/FB_CycleTime.st,41,LECTURE,CycleTimeS := DefaultValueS;
DefaultValueS,CODE/A_COMMUN/FB_CycleTime.st,74,LECTURE,CycleTimeS := DefaultValueS;
Fault,CODE/A_COMMUN/FB_FaultCore.st,29,LECTURE,Fault   : ST_Fault;
Error,CODE/A_COMMUN/FB_FaultCore.st,46,LECTURE,"{region ""§2 Vue LIVE — Error / ErrorId""}"
ErrorId,CODE/A_COMMUN/FB_FaultCore.st,46,LECTURE,"{region ""§2 Vue LIVE — Error / ErrorId""}"
Fault,CODE/A_COMMUN/FB_FaultCore.st,49,LECTURE,Fault.ErrorId := 0;
ErrorId,CODE/A_COMMUN/FB_FaultCore.st,49,ECRITURE,Fault.ErrorId := 0;
Fault,CODE/A_COMMUN/FB_FaultCore.st,53,LECTURE,"Fault.ErrorId := Fault.ErrorId OR SHL(WORD#1, INT_TO_DWORD(i));"
ErrorId,CODE/A_COMMUN/FB_FaultCore.st,53,ECRITURE,"Fault.ErrorId := Fault.ErrorId OR SHL(WORD#1, INT_TO_DWORD(i));"
Fault,CODE/A_COMMUN/FB_FaultCore.st,53,LECTURE,"Fault.ErrorId := Fault.ErrorId OR SHL(WORD#1, INT_TO_DWORD(i));"
ErrorId,CODE/A_COMMUN/FB_FaultCore.st,53,LECTURE,"Fault.ErrorId := Fault.ErrorId OR SHL(WORD#1, INT_TO_DWORD(i));"
Fault,CODE/A_COMMUN/FB_FaultCore.st,57,LECTURE,Fault.Error := (Fault.ErrorId <> 0);
Error,CODE/A_COMMUN/FB_FaultCore.st,57,ECRITURE,Fault.Error := (Fault.ErrorId <> 0);
Fault,CODE/A_COMMUN/FB_FaultCore.st,57,LECTURE,Fault.Error := (Fault.ErrorId <> 0);
ErrorId,CODE/A_COMMUN/FB_FaultCore.st,57,LECTURE,Fault.Error := (Fault.ErrorId <> 0);
Latched,CODE/A_COMMUN/FB_FaultCore.st,72,LECTURE,"{region ""§4 Vue LATCHÉE — Latched / LatchedId""}"
LatchedId,CODE/A_COMMUN/FB_FaultCore.st,72,LECTURE,"{region ""§4 Vue LATCHÉE — Latched / LatchedId""}"
Fault,CODE/A_COMMUN/FB_FaultCore.st,74,LECTURE,Fault.LatchedId := 0;
LatchedId,CODE/A_COMMUN/FB_FaultCore.st,74,ECRITURE,Fault.LatchedId := 0;
Fault,CODE/A_COMMUN/FB_FaultCore.st,77,LECTURE,"Fault.LatchedId := Fault.LatchedId OR SHL(WORD#1, INT_TO_DWORD(i));"
LatchedId,CODE/A_COMMUN/FB_FaultCore.st,77,ECRITURE,"Fault.LatchedId := Fault.LatchedId OR SHL(WORD#1, INT_TO_DWORD(i));"
Fault,CODE/A_COMMUN/FB_FaultCore.st,77,LECTURE,"Fault.LatchedId := Fault.LatchedId OR SHL(WORD#1, INT_TO_DWORD(i));"
LatchedId,CODE/A_COMMUN/FB_FaultCore.st,77,LECTURE,"Fault.LatchedId := Fault.LatchedId OR SHL(WORD#1, INT_TO_DWORD(i));"
Fault,CODE/A_COMMUN/FB_FaultCore.st,80,LECTURE,Fault.Latched := (Fault.LatchedId <> 0);
Latched,CODE/A_COMMUN/FB_FaultCore.st,80,ECRITURE,Fault.Latched := (Fault.LatchedId <> 0);
Fault,CODE/A_COMMUN/FB_FaultCore.st,80,LECTURE,Fault.Latched := (Fault.LatchedId <> 0);
LatchedId,CODE/A_COMMUN/FB_FaultCore.st,80,LECTURE,Fault.Latched := (Fault.LatchedId <> 0);
Error,CODE/B_AU_SECURITE/_TYPES/ST_Safety_Emergency_Diag.st,11,LECTURE,Error                : BOOL;
ErrorId,CODE/B_AU_SECURITE/_TYPES/ST_Safety_Emergency_Diag.st,12,LECTURE,ErrorId              : WORD;
Diag,CODE/B_AU_SECURITE/_TYPES/ST_Safety_Emergency_Status.st,23,LECTURE,Diag            : ST_Safety_Emergency_Diag;
Fault,CODE/B_AU_SECURITE/_TYPES/ST_Safety_Emergency_Status.st,26,LECTURE,Fault           : ST_Fault;
MaintainA_NoFault,CODE/B_AU_SECURITE/FB_Safety_EmergencyManagement.st,82,LECTURE,MaintainA_NoFault         : BOOL;
MaintainB_NoFault,CODE/B_AU_SECURITE/FB_Safety_EmergencyManagement.st,83,LECTURE,MaintainB_NoFault         : BOOL;
instFault,CODE/B_AU_SECURITE/FB_Safety_EmergencyManagement.st,105,LECTURE,instFault               : FB_FaultCore;
CST_FaultDisplayDebounce,CODE/B_AU_SECURITE/FB_Safety_EmergencyManagement.st,117,LECTURE,CST_FaultDisplayDebounce : TIME := T#200ms;
CST_ABORT_INVALID_STEP,CODE/B_AU_SECURITE/FB_Safety_EmergencyManagement.st,435,LECTURE,LastAbortCause := INT_TO_WORD(CST_ABORT_INVALID_STEP);
CST_FaultDisplayDebounce,CODE/B_AU_SECURITE/FB_Safety_EmergencyManagement.st,476,LECTURE,"TonRedundancyDisplay(IN := RedundancyTestFailedCause, PT := CST_FaultDisplayDebounce);"
CST_FaultDisplayDebounce,CODE/B_AU_SECURITE/FB_Safety_EmergencyManagement.st,479,LECTURE,"TonArmingFailedDisplay(IN := EmergencyArmingFailedCause, PT := CST_FaultDisplayDebounce);"
instFault,CODE/B_AU_SECURITE/FB_Safety_EmergencyManagement.st,501,LECTURE,"instFault(Enable := Enable, Reset := Reset, Causes := instCauses);"
Fault,CODE/B_AU_SECURITE/FB_Safety_EmergencyManagement.st,502,ECRITURE,Status.Fault := instFault.Fault;
instFault,CODE/B_AU_SECURITE/FB_Safety_EmergencyManagement.st,502,LECTURE,Status.Fault := instFault.Fault;
Fault,CODE/B_AU_SECURITE/FB_Safety_EmergencyManagement.st,502,LECTURE,Status.Fault := instFault.Fault;
MaintainA_NoFault,CODE/B_AU_SECURITE/FB_Safety_EmergencyManagement.st,532,ECRITURE,MaintainA_NoFault := NOT ForceTestA AND NOT RedundancyTestFailedCause;
MaintainB_NoFault,CODE/B_AU_SECURITE/FB_Safety_EmergencyManagement.st,533,ECRITURE,MaintainB_NoFault := NOT ForceTestB AND NOT RedundancyTestFailedCause;
MaintainA_NoFault,CODE/B_AU_SECURITE/FB_Safety_EmergencyManagement.st,534,LECTURE,MaintainA_NoBlock := Maintain_NoCutOff AND MaintainA_NoFault;
MaintainB_NoFault,CODE/B_AU_SECURITE/FB_Safety_EmergencyManagement.st,535,LECTURE,MaintainB_NoBlock := Maintain_NoCutOff AND MaintainB_NoFault;
Diag,CODE/B_AU_SECURITE/FB_Safety_EmergencyManagement.st,575,LECTURE,Status.Diag.Error                := Status.Fault.Error;
Error,CODE/B_AU_SECURITE/FB_Safety_EmergencyManagement.st,575,ECRITURE,Status.Diag.Error                := Status.Fault.Error;
Fault,CODE/B_AU_SECURITE/FB_Safety_EmergencyManagement.st,575,LECTURE,Status.Diag.Error                := Status.Fault.Error;
Error,CODE/B_AU_SECURITE/FB_Safety_EmergencyManagement.st,575,LECTURE,Status.Diag.Error                := Status.Fault.Error;
Diag,CODE/B_AU_SECURITE/FB_Safety_EmergencyManagement.st,576,LECTURE,Status.Diag.ErrorId              := Status.Fault.ErrorId;
ErrorId,CODE/B_AU_SECURITE/FB_Safety_EmergencyManagement.st,576,ECRITURE,Status.Diag.ErrorId              := Status.Fault.ErrorId;
Fault,CODE/B_AU_SECURITE/FB_Safety_EmergencyManagement.st,576,LECTURE,Status.Diag.ErrorId              := Status.Fault.ErrorId;
ErrorId,CODE/B_AU_SECURITE/FB_Safety_EmergencyManagement.st,576,LECTURE,Status.Diag.ErrorId              := Status.Fault.ErrorId;
Diag,CODE/B_AU_SECURITE/FB_Safety_EmergencyManagement.st,577,LECTURE,Status.Diag.RedundancyTestFailed := RedundancyTestFailed;
Diag,CODE/B_AU_SECURITE/FB_Safety_EmergencyManagement.st,578,LECTURE,Status.Diag.ArmFailed            := EmergencyArmingFailed;
Diag,CODE/B_AU_SECURITE/FB_Safety_EmergencyManagement.st,579,LECTURE,Status.Diag.WasArmed             := WasArmed;
Diag,CODE/B_AU_SECURITE/FB_Safety_EmergencyManagement.st,580,LECTURE,Status.Diag.LockoutActive        := EmergencyArmingLockoutActive;
Diag,CODE/B_AU_SECURITE/FB_Safety_EmergencyManagement.st,581,LECTURE,Status.Diag.LastAbortStep        := LastAbortStep;
Diag,CODE/B_AU_SECURITE/FB_Safety_EmergencyManagement.st,582,LECTURE,Status.Diag.LastAbortCause       := LastAbortCause;
CST_ABORT_INVALID_STEP,CODE/B_AU_SECURITE/FB_Safety_EmergencyManagement.st,620,LECTURE,ELSIF LastAbortCause = INT_TO_WORD(CST_ABORT_INVALID_STEP) THEN
CST_ABORT_INVALID_STEP,CODE/B_AU_SECURITE/GVL_Safety_Emergency.st,38,LECTURE,CST_ABORT_INVALID_STEP       : INT := 256;
DiagnosticsStable,CODE/C_DIAG_RESEAUX/FB_AutoResetTransientDiag.st,20,LECTURE,DiagnosticsStable        : BOOL;
DiagnosticsStable,CODE/C_DIAG_RESEAUX/FB_AutoResetTransientDiag.st,131,LECTURE,"IN := (State = 1 OR State = 2) AND SafeCommon AND DiagnosticsStable,"
Error,CODE/C_DIAG_RESEAUX/FB_Diag_CanOpen.st,52,ECRITURE_FALSE,DeviceJoystick.Error := FALSE;
ErrorId,CODE/C_DIAG_RESEAUX/FB_Diag_CanOpen.st,53,ECRITURE,DeviceJoystick.ErrorId := 16#0000;
Error,CODE/C_DIAG_RESEAUX/FB_Diag_CanOpen.st,57,ECRITURE_FALSE,DeviceCanOpenMaster.Error := FALSE;
ErrorId,CODE/C_DIAG_RESEAUX/FB_Diag_CanOpen.st,58,ECRITURE,DeviceCanOpenMaster.ErrorId := 16#0000;
ErrorId,CODE/C_DIAG_RESEAUX/FB_Diag_CanOpen.st,81,ECRITURE,DeviceJoystick.ErrorId := DeviceJoystick.ErrorId AND 16#FFFC;
ErrorId,CODE/C_DIAG_RESEAUX/FB_Diag_CanOpen.st,81,LECTURE,DeviceJoystick.ErrorId := DeviceJoystick.ErrorId AND 16#FFFC;
ErrorId,CODE/C_DIAG_RESEAUX/FB_Diag_CanOpen.st,87,ECRITURE,DeviceJoystick.ErrorId := 16#0000;
StateAtError,CODE/C_DIAG_RESEAUX/FB_Diag_CanOpen.st,88,ECRITURE,DeviceJoystick.StateAtError := E_Diag_State.DISABLED;
ErrorId,CODE/C_DIAG_RESEAUX/FB_Diag_CanOpen.st,97,ECRITURE,DeviceJoystick.ErrorId := DeviceJoystick.ErrorId OR 16#0001;
ErrorId,CODE/C_DIAG_RESEAUX/FB_Diag_CanOpen.st,97,LECTURE,DeviceJoystick.ErrorId := DeviceJoystick.ErrorId OR 16#0001;
ErrorId,CODE/C_DIAG_RESEAUX/FB_Diag_CanOpen.st,100,ECRITURE,DeviceJoystick.ErrorId := DeviceJoystick.ErrorId AND 16#FFFE;
ErrorId,CODE/C_DIAG_RESEAUX/FB_Diag_CanOpen.st,100,LECTURE,DeviceJoystick.ErrorId := DeviceJoystick.ErrorId AND 16#FFFE;
ErrorId,CODE/C_DIAG_RESEAUX/FB_Diag_CanOpen.st,105,ECRITURE,DeviceJoystick.ErrorId := DeviceJoystick.ErrorId OR 16#0002;
ErrorId,CODE/C_DIAG_RESEAUX/FB_Diag_CanOpen.st,105,LECTURE,DeviceJoystick.ErrorId := DeviceJoystick.ErrorId OR 16#0002;
ErrorId,CODE/C_DIAG_RESEAUX/FB_Diag_CanOpen.st,109,ECRITURE,DeviceJoystick.ErrorId := DeviceJoystick.ErrorId AND 16#FFFD;
ErrorId,CODE/C_DIAG_RESEAUX/FB_Diag_CanOpen.st,109,LECTURE,DeviceJoystick.ErrorId := DeviceJoystick.ErrorId AND 16#FFFD;
ErrorId,CODE/C_DIAG_RESEAUX/FB_Diag_CanOpen.st,115,LECTURE,IF DeviceJoystick.ErrorId <> 0 THEN
Error,CODE/C_DIAG_RESEAUX/FB_Diag_CanOpen.st,128,ECRITURE,DeviceJoystick.Error := (DeviceJoystick.ErrorId <> 0);
ErrorId,CODE/C_DIAG_RESEAUX/FB_Diag_CanOpen.st,128,LECTURE,DeviceJoystick.Error := (DeviceJoystick.ErrorId <> 0);
Error,CODE/C_DIAG_RESEAUX/FB_Diag_CanOpen.st,132,ECRITURE,DeviceCanOpenMaster.Error := NOT CANbusOnlineEff;
ErrorId,CODE/C_DIAG_RESEAUX/FB_Diag_CanOpen.st,135,ECRITURE,DeviceCanOpenMaster.ErrorId := 16#0001;
StateAtError,CODE/C_DIAG_RESEAUX/FB_Diag_CanOpen.st,137,ECRITURE,IF DeviceCanOpenMaster.StateAtError = E_Diag_State.DISABLED THEN
StateAtError,CODE/C_DIAG_RESEAUX/FB_Diag_CanOpen.st,138,ECRITURE,DeviceCanOpenMaster.StateAtError := E_Diag_State.INIT;
ErrorId,CODE/C_DIAG_RESEAUX/FB_Diag_CanOpen.st,141,ECRITURE,DeviceCanOpenMaster.ErrorId := 16#0000;
ErrorId,CODE/C_DIAG_RESEAUX/FB_Diag_CanOpen.st,144,ECRITURE,DeviceCanOpenMaster.ErrorId := 16#0000;
Error,CODE/C_DIAG_RESEAUX/FB_Diag_Ethercat.st,74,ECRITURE_FALSE,DeviceVariateur.Error := FALSE;
Error,CODE/C_DIAG_RESEAUX/FB_Diag_Ethercat.st,75,ECRITURE_FALSE,DeviceEncoderM1.Error := FALSE;
Error,CODE/C_DIAG_RESEAUX/FB_Diag_Ethercat.st,76,ECRITURE_FALSE,DeviceEncoderM2.Error := FALSE;
Error,CODE/C_DIAG_RESEAUX/FB_Diag_Ethercat.st,80,ECRITURE_FALSE,DeviceEthercatMaster.Error := FALSE;
ErrorId,CODE/C_DIAG_RESEAUX/FB_Diag_Ethercat.st,81,ECRITURE,DeviceEthercatMaster.ErrorId := 16#0000;
ErrorId,CODE/C_DIAG_RESEAUX/FB_Diag_Ethercat.st,109,ECRITURE,IF VariateurOnlineEff THEN DeviceVariateur.ErrorId := DeviceVariateur.ErrorId AND 16#FFEF; END_IF;
ErrorId,CODE/C_DIAG_RESEAUX/FB_Diag_Ethercat.st,109,LECTURE,IF VariateurOnlineEff THEN DeviceVariateur.ErrorId := DeviceVariateur.ErrorId AND 16#FFEF; END_IF;
ErrorId,CODE/C_DIAG_RESEAUX/FB_Diag_Ethercat.st,110,ECRITURE,IF EncoderM1OnlineEff THEN DeviceEncoderM1.ErrorId := DeviceEncoderM1.ErrorId AND 16#FFDF; END_IF;
ErrorId,CODE/C_DIAG_RESEAUX/FB_Diag_Ethercat.st,110,LECTURE,IF EncoderM1OnlineEff THEN DeviceEncoderM1.ErrorId := DeviceEncoderM1.ErrorId AND 16#FFDF; END_IF;
ErrorId,CODE/C_DIAG_RESEAUX/FB_Diag_Ethercat.st,111,ECRITURE,IF EncoderM2OnlineEff THEN DeviceEncoderM2.ErrorId := DeviceEncoderM2.ErrorId AND 16#FFCF; END_IF;
ErrorId,CODE/C_DIAG_RESEAUX/FB_Diag_Ethercat.st,111,LECTURE,IF EncoderM2OnlineEff THEN DeviceEncoderM2.ErrorId := DeviceEncoderM2.ErrorId AND 16#FFCF; END_IF;
ErrorId,CODE/C_DIAG_RESEAUX/FB_Diag_Ethercat.st,116,ECRITURE,IF VariateurOnlineEff THEN DeviceVariateur.ErrorId := 16#0000; DeviceVariateur.StateAtError := E_Diag_State.DISABLED; END_IF;
StateAtError,CODE/C_DIAG_RESEAUX/FB_Diag_Ethercat.st,116,ECRITURE,IF VariateurOnlineEff THEN DeviceVariateur.ErrorId := 16#0000; DeviceVariateur.StateAtError := E_Diag_State.DISABLED; END_IF;
ErrorId,CODE/C_DIAG_RESEAUX/FB_Diag_Ethercat.st,117,ECRITURE,IF EncoderM1OnlineEff THEN DeviceEncoderM1.ErrorId := 16#0000; DeviceEncoderM1.StateAtError := E_Diag_State.DISABLED; END_IF;
StateAtError,CODE/C_DIAG_RESEAUX/FB_Diag_Ethercat.st,117,ECRITURE,IF EncoderM1OnlineEff THEN DeviceEncoderM1.ErrorId := 16#0000; DeviceEncoderM1.StateAtError := E_Diag_State.DISABLED; END_IF;
ErrorId,CODE/C_DIAG_RESEAUX/FB_Diag_Ethercat.st,118,ECRITURE,IF EncoderM2OnlineEff THEN DeviceEncoderM2.ErrorId := 16#0000; DeviceEncoderM2.StateAtError := E_Diag_State.DISABLED; END_IF;
StateAtError,CODE/C_DIAG_RESEAUX/FB_Diag_Ethercat.st,118,ECRITURE,IF EncoderM2OnlineEff THEN DeviceEncoderM2.ErrorId := 16#0000; DeviceEncoderM2.StateAtError := E_Diag_State.DISABLED; END_IF;
ErrorId,CODE/C_DIAG_RESEAUX/FB_Diag_Ethercat.st,129,ECRITURE,DeviceVariateur.ErrorId := DeviceVariateur.ErrorId OR 16#0010;
ErrorId,CODE/C_DIAG_RESEAUX/FB_Diag_Ethercat.st,129,LECTURE,DeviceVariateur.ErrorId := DeviceVariateur.ErrorId OR 16#0010;
ErrorId,CODE/C_DIAG_RESEAUX/FB_Diag_Ethercat.st,131,ECRITURE,DeviceVariateur.ErrorId := DeviceVariateur.ErrorId AND 16#FFEF;
ErrorId,CODE/C_DIAG_RESEAUX/FB_Diag_Ethercat.st,131,LECTURE,DeviceVariateur.ErrorId := DeviceVariateur.ErrorId AND 16#FFEF;
ErrorId,CODE/C_DIAG_RESEAUX/FB_Diag_Ethercat.st,139,ECRITURE,DeviceEncoderM1.ErrorId := DeviceEncoderM1.ErrorId OR 16#0020;
ErrorId,CODE/C_DIAG_RESEAUX/FB_Diag_Ethercat.st,139,LECTURE,DeviceEncoderM1.ErrorId := DeviceEncoderM1.ErrorId OR 16#0020;
ErrorId,CODE/C_DIAG_RESEAUX/FB_Diag_Ethercat.st,141,ECRITURE,DeviceEncoderM1.ErrorId := DeviceEncoderM1.ErrorId AND 16#FFDF;
ErrorId,CODE/C_DIAG_RESEAUX/FB_Diag_Ethercat.st,141,LECTURE,DeviceEncoderM1.ErrorId := DeviceEncoderM1.ErrorId AND 16#FFDF;
ErrorId,CODE/C_DIAG_RESEAUX/FB_Diag_Ethercat.st,149,ECRITURE,DeviceEncoderM2.ErrorId := DeviceEncoderM2.ErrorId OR 16#0030;
ErrorId,CODE/C_DIAG_RESEAUX/FB_Diag_Ethercat.st,149,LECTURE,DeviceEncoderM2.ErrorId := DeviceEncoderM2.ErrorId OR 16#0030;
ErrorId,CODE/C_DIAG_RESEAUX/FB_Diag_Ethercat.st,151,ECRITURE,DeviceEncoderM2.ErrorId := DeviceEncoderM2.ErrorId AND 16#FFCF;
ErrorId,CODE/C_DIAG_RESEAUX/FB_Diag_Ethercat.st,151,LECTURE,DeviceEncoderM2.ErrorId := DeviceEncoderM2.ErrorId AND 16#FFCF;
ErrorId,CODE/C_DIAG_RESEAUX/FB_Diag_Ethercat.st,158,LECTURE,IF DeviceVariateur.ErrorId <> 0 THEN
ErrorId,CODE/C_DIAG_RESEAUX/FB_Diag_Ethercat.st,168,LECTURE,IF DeviceEncoderM1.ErrorId <> 0 THEN
ErrorId,CODE/C_DIAG_RESEAUX/FB_Diag_Ethercat.st,178,LECTURE,IF DeviceEncoderM2.ErrorId <> 0 THEN
Error,CODE/C_DIAG_RESEAUX/FB_Diag_Ethercat.st,192,ECRITURE,DeviceVariateur.Error := (DeviceVariateur.ErrorId <> 0);
ErrorId,CODE/C_DIAG_RESEAUX/FB_Diag_Ethercat.st,192,LECTURE,DeviceVariateur.Error := (DeviceVariateur.ErrorId <> 0);
Error,CODE/C_DIAG_RESEAUX/FB_Diag_Ethercat.st,193,ECRITURE,DeviceEncoderM1.Error := (DeviceEncoderM1.ErrorId <> 0);
ErrorId,CODE/C_DIAG_RESEAUX/FB_Diag_Ethercat.st,193,LECTURE,DeviceEncoderM1.Error := (DeviceEncoderM1.ErrorId <> 0);
Error,CODE/C_DIAG_RESEAUX/FB_Diag_Ethercat.st,194,ECRITURE,DeviceEncoderM2.Error := (DeviceEncoderM2.ErrorId <> 0);
ErrorId,CODE/C_DIAG_RESEAUX/FB_Diag_Ethercat.st,194,LECTURE,DeviceEncoderM2.Error := (DeviceEncoderM2.ErrorId <> 0);
Error,CODE/C_DIAG_RESEAUX/FB_Diag_Ethercat.st,198,ECRITURE,DeviceEthercatMaster.Error := NOT DeviceEthercatMaster.Operational;
Error,CODE/C_DIAG_RESEAUX/FB_Diag_Ethercat.st,200,LECTURE,IF DeviceEthercatMaster.Error THEN
ErrorId,CODE/C_DIAG_RESEAUX/FB_Diag_Ethercat.st,201,ECRITURE,DeviceEthercatMaster.ErrorId := 16#0001;
ErrorId,CODE/C_DIAG_RESEAUX/FB_Diag_Ethercat.st,204,ECRITURE,DeviceEthercatMaster.ErrorId := 16#0000;
ErrorId,CODE/C_DIAG_RESEAUX/FB_Diag_Ethercat.st,207,ECRITURE,DeviceEthercatMaster.ErrorId := 16#0000;
Error,CODE/C_DIAG_RESEAUX/ST_Diag_Device.st,11,LECTURE,Error          : BOOL;
ErrorId,CODE/C_DIAG_RESEAUX/ST_Diag_Device.st,12,LECTURE,ErrorId        : WORD;
StateAtError,CODE/C_DIAG_RESEAUX/ST_Diag_Device.st,14,LECTURE,StateAtError   : E_Diag_State;
Fault,CODE/D_JOYSTICK/FB_Joystick.st,46,LECTURE,Fault                     : ST_Fault;
instFault,CODE/D_JOYSTICK/FB_Joystick.st,83,LECTURE,instFault                 : FB_FaultCore;
RawOutOfRange,CODE/D_JOYSTICK/FB_Joystick.st,101,LECTURE,RawOutOfRange             : BOOL;
RawOutOfRange,CODE/D_JOYSTICK/FB_Joystick.st,112,ECRITURE,RawOutOfRange := (RawX < (0 - Cfg.RawOutOfRangeMargin))
RawOutOfRangeMargin,CODE/D_JOYSTICK/FB_Joystick.st,112,LECTURE,RawOutOfRange := (RawX < (0 - Cfg.RawOutOfRangeMargin))
RawOutOfRangeMargin,CODE/D_JOYSTICK/FB_Joystick.st,113,LECTURE,OR (RawX > (10000 + Cfg.RawOutOfRangeMargin))
RawOutOfRangeMargin,CODE/D_JOYSTICK/FB_Joystick.st,114,LECTURE,OR (RawY < (0 - Cfg.RawOutOfRangeMargin))
RawOutOfRangeMargin,CODE/D_JOYSTICK/FB_Joystick.st,115,LECTURE,OR (RawY > (10000 + Cfg.RawOutOfRangeMargin));
RawOutOfRange,CODE/D_JOYSTICK/FB_Joystick.st,141,LECTURE,instCauses[1].Active := RawOutOfRange; instCauses[1].Latching := FALSE;
instFault,CODE/D_JOYSTICK/FB_Joystick.st,147,LECTURE,"instFault(Enable := Enable, Reset := Reset, Causes := instCauses);"
Fault,CODE/D_JOYSTICK/FB_Joystick.st,148,ECRITURE,Fault := instFault.Fault;
instFault,CODE/D_JOYSTICK/FB_Joystick.st,148,LECTURE,Fault := instFault.Fault;
Fault,CODE/D_JOYSTICK/FB_Joystick.st,148,LECTURE,Fault := instFault.Fault;
Fault,CODE/D_JOYSTICK/FB_Joystick.st,152,LECTURE,Ready := Enable AND BusCanOpenOP.Operational AND JoystickOP.Operational AND NOT Fault.Latched;
Latched,CODE/D_JOYSTICK/FB_Joystick.st,152,LECTURE,Ready := Enable AND BusCanOpenOP.Operational AND JoystickOP.Operational AND NOT Fault.Latched;
RawOutOfRange,CODE/D_JOYSTICK/FB_Joystick.st,196,LECTURE,IF NOT RawOutOfRange THEN
RawOutOfRange,CODE/D_JOYSTICK/FB_Joystick.st,253,LECTURE,"CmdXVal := SEL(DeadmanArmed AND NOT RawOutOfRange, 0.0, ScaleX.OutPct);"
RawOutOfRange,CODE/D_JOYSTICK/FB_Joystick.st,255,LECTURE,AxisCmdX.Enable := NOT RawOutOfRange AND ArmingPermit;
RawOutOfRange,CODE/D_JOYSTICK/FB_Joystick.st,272,LECTURE,"CmdYVal := SEL(DeadmanArmed AND NOT RawOutOfRange, 0.0, ScaleY.OutPct);"
RawOutOfRange,CODE/D_JOYSTICK/FB_Joystick.st,274,LECTURE,AxisCmdY.Enable := NOT RawOutOfRange AND ArmingPermit;
RawOutOfRangeMargin,CODE/D_JOYSTICK/ST_fbJoystick_Cfg.st,18,LECTURE,RawOutOfRangeMargin  : INT  := 500;
AlarmsIn,CODE/E_CODEURS/_TYPES/ST_EncoderHw.st,13,LECTURE,AlarmsIn            : UINT;
WarningsIn,CODE/E_CODEURS/_TYPES/ST_EncoderHw.st,14,LECTURE,WarningsIn          : UINT;
AlarmsIn,CODE/E_CODEURS/_TYPES/ST_fbEncoder_HwIn.st,18,LECTURE,AlarmsIn           : UINT;
WarningsIn,CODE/E_CODEURS/_TYPES/ST_fbEncoder_HwIn.st,19,LECTURE,WarningsIn         : UINT;
HomingFault,CODE/E_CODEURS/_TYPES/ST_fbEncoder_Measurement.st,26,LECTURE,HomingFault       : ST_Fault;
AbsFault,CODE/E_CODEURS/_TYPES/ST_fbEncoder_Measurement.st,28,LECTURE,AbsFault          : ST_Fault;
Fault,CODE/E_CODEURS/FB_Encoder.st,54,LECTURE,Fault                 : ST_Fault;
EncoderFault,CODE/E_CODEURS/FB_Encoder.st,65,LECTURE,EncoderFault          : BOOL;
instFault,CODE/E_CODEURS/FB_Encoder.st,77,LECTURE,instFault      : FB_FaultCore;
HomingFault,CODE/E_CODEURS/FB_Encoder.st,91,LECTURE,Measurement.HomingFault.Error := FALSE; Measurement.HomingFault.ErrorId := 0;
Error,CODE/E_CODEURS/FB_Encoder.st,91,ECRITURE_FALSE,Measurement.HomingFault.Error := FALSE; Measurement.HomingFault.ErrorId := 0;
HomingFault,CODE/E_CODEURS/FB_Encoder.st,91,LECTURE,Measurement.HomingFault.Error := FALSE; Measurement.HomingFault.ErrorId := 0;
ErrorId,CODE/E_CODEURS/FB_Encoder.st,91,ECRITURE,Measurement.HomingFault.Error := FALSE; Measurement.HomingFault.ErrorId := 0;
AbsFault,CODE/E_CODEURS/FB_Encoder.st,93,LECTURE,Measurement.AbsFault.Error := FALSE;    Measurement.AbsFault.ErrorId := 0;
Error,CODE/E_CODEURS/FB_Encoder.st,93,ECRITURE_FALSE,Measurement.AbsFault.Error := FALSE;    Measurement.AbsFault.ErrorId := 0;
AbsFault,CODE/E_CODEURS/FB_Encoder.st,93,LECTURE,Measurement.AbsFault.Error := FALSE;    Measurement.AbsFault.ErrorId := 0;
ErrorId,CODE/E_CODEURS/FB_Encoder.st,93,ECRITURE,Measurement.AbsFault.Error := FALSE;    Measurement.AbsFault.ErrorId := 0;
EncoderFault,CODE/E_CODEURS/FB_Encoder.st,94,ECRITURE_TRUE,EncoderFault := TRUE;
instFault,CODE/E_CODEURS/FB_Encoder.st,109,LECTURE,"instFault(Enable := FALSE, Reset := Reset, Causes := instCauses);"
Fault,CODE/E_CODEURS/FB_Encoder.st,110,ECRITURE,Fault := instFault.Fault;
instFault,CODE/E_CODEURS/FB_Encoder.st,110,LECTURE,Fault := instFault.Fault;
Fault,CODE/E_CODEURS/FB_Encoder.st,110,LECTURE,Fault := instFault.Fault;
AlarmsIn,CODE/E_CODEURS/FB_Encoder.st,121,ECRITURE,"AlarmsIn            := HwIn.AlarmsIn,"
AlarmsIn,CODE/E_CODEURS/FB_Encoder.st,121,LECTURE,"AlarmsIn            := HwIn.AlarmsIn,"
WarningsIn,CODE/E_CODEURS/FB_Encoder.st,122,ECRITURE,"WarningsIn          := HwIn.WarningsIn,"
WarningsIn,CODE/E_CODEURS/FB_Encoder.st,122,LECTURE,"WarningsIn          := HwIn.WarningsIn,"
EncoderFault,CODE/E_CODEURS/FB_Encoder.st,188,LECTURE,"PositionValid := NOT instRel.EncoderFault,"
HomingFault,CODE/E_CODEURS/FB_Encoder.st,202,ECRITURE,Measurement.HomingFault        := instHoming.Fault;
Fault,CODE/E_CODEURS/FB_Encoder.st,202,LECTURE,Measurement.HomingFault        := instHoming.Fault;
AbsFault,CODE/E_CODEURS/FB_Encoder.st,204,ECRITURE,Measurement.AbsFault           := instAbs.Fault;
Fault,CODE/E_CODEURS/FB_Encoder.st,204,LECTURE,Measurement.AbsFault           := instAbs.Fault;
EncoderFault,CODE/E_CODEURS/FB_Encoder.st,215,ECRITURE,EncoderFault     := instRel.EncoderFault;
EncoderFault,CODE/E_CODEURS/FB_Encoder.st,215,LECTURE,EncoderFault     := instRel.EncoderFault;
instFault,CODE/E_CODEURS/FB_Encoder.st,234,LECTURE,"instFault(Enable := Enable, Reset := Reset, Causes := instCauses);"
Fault,CODE/E_CODEURS/FB_Encoder.st,235,ECRITURE,Fault := instFault.Fault;
instFault,CODE/E_CODEURS/FB_Encoder.st,235,LECTURE,Fault := instFault.Fault;
Fault,CODE/E_CODEURS/FB_Encoder.st,235,LECTURE,Fault := instFault.Fault;
Fault,CODE/E_CODEURS/FB_Encoder.st,236,LECTURE,Ready := Enable AND NOT Fault.Latched;
Latched,CODE/E_CODEURS/FB_Encoder.st,236,LECTURE,Ready := Enable AND NOT Fault.Latched;
AlarmsIn,CODE/E_CODEURS/FB_Encoder_Abs.st,21,LECTURE,AlarmsIn            : UINT;
WarningsIn,CODE/E_CODEURS/FB_Encoder_Abs.st,22,LECTURE,WarningsIn          : UINT;
Fault,CODE/E_CODEURS/FB_Encoder_Abs.st,35,LECTURE,Fault               : ST_Fault;
PresetTimeoutError,CODE/E_CODEURS/FB_Encoder_Abs.st,61,LECTURE,PresetTimeoutError  : BOOL;
instFault,CODE/E_CODEURS/FB_Encoder_Abs.st,64,LECTURE,instFault           : FB_FaultCore;
AlarmsIn,CODE/E_CODEURS/FB_Encoder_Abs.st,75,LECTURE,instCauses[0].Active   := (AlarmsIn <> 0) OR NOT SlaveOperational;
PresetTimeoutError,CODE/E_CODEURS/FB_Encoder_Abs.st,81,ECRITURE_FALSE,PresetTimeoutError := FALSE;
PresetTimeoutError,CODE/E_CODEURS/FB_Encoder_Abs.st,83,LECTURE,instCauses[1].Active   := PresetTimeoutError;
instFault,CODE/E_CODEURS/FB_Encoder_Abs.st,88,LECTURE,"instFault(Enable := Enable, Reset := Reset, Causes := instCauses);"
Fault,CODE/E_CODEURS/FB_Encoder_Abs.st,89,ECRITURE,Fault := instFault.Fault;
instFault,CODE/E_CODEURS/FB_Encoder_Abs.st,89,LECTURE,Fault := instFault.Fault;
Fault,CODE/E_CODEURS/FB_Encoder_Abs.st,89,LECTURE,Fault := instFault.Fault;
Fault,CODE/E_CODEURS/FB_Encoder_Abs.st,109,LECTURE,Ready := Enable AND NOT Fault.Latched;
Latched,CODE/E_CODEURS/FB_Encoder_Abs.st,109,LECTURE,Ready := Enable AND NOT Fault.Latched;
PresetTimeoutError,CODE/E_CODEURS/FB_Encoder_Abs.st,153,ECRITURE_TRUE,PresetTimeoutError := TRUE;
Fault,CODE/E_CODEURS/FB_Encoder_Homing.st,49,LECTURE,Fault                  : ST_Fault;
HomingModeError,CODE/E_CODEURS/FB_Encoder_Homing.st,86,LECTURE,HomingModeError        : BOOL;
TargetOutOfRangeError,CODE/E_CODEURS/FB_Encoder_Homing.st,87,LECTURE,TargetOutOfRangeError  : BOOL;
PresetFailError,CODE/E_CODEURS/FB_Encoder_Homing.st,88,LECTURE,PresetFailError        : BOOL;
BootIncoherentError,CODE/E_CODEURS/FB_Encoder_Homing.st,89,LECTURE,BootIncoherentError    : BOOL;
instFault,CODE/E_CODEURS/FB_Encoder_Homing.st,103,LECTURE,instFault              : FB_FaultCore;
HomingModeError,CODE/E_CODEURS/FB_Encoder_Homing.st,124,ECRITURE_FALSE,HomingModeError := FALSE;
TargetOutOfRangeError,CODE/E_CODEURS/FB_Encoder_Homing.st,125,ECRITURE_FALSE,TargetOutOfRangeError := FALSE;
PresetFailError,CODE/E_CODEURS/FB_Encoder_Homing.st,126,ECRITURE_FALSE,PresetFailError := FALSE;
BootIncoherentError,CODE/E_CODEURS/FB_Encoder_Homing.st,132,ECRITURE_FALSE,BootIncoherentError := FALSE;
HomingModeError,CODE/E_CODEURS/FB_Encoder_Homing.st,136,LECTURE,instCauses[0].Active   := HomingModeError;
TargetOutOfRangeError,CODE/E_CODEURS/FB_Encoder_Homing.st,140,LECTURE,instCauses[1].Active   := TargetOutOfRangeError;
PresetFailError,CODE/E_CODEURS/FB_Encoder_Homing.st,144,LECTURE,instCauses[2].Active   := PresetFailError;
BootIncoherentError,CODE/E_CODEURS/FB_Encoder_Homing.st,148,LECTURE,instCauses[3].Active   := BootIncoherentError;
instFault,CODE/E_CODEURS/FB_Encoder_Homing.st,153,LECTURE,"instFault(Enable := Enable, Reset := Reset, Causes := instCauses);"
Fault,CODE/E_CODEURS/FB_Encoder_Homing.st,154,ECRITURE,Fault := instFault.Fault;
instFault,CODE/E_CODEURS/FB_Encoder_Homing.st,154,LECTURE,Fault := instFault.Fault;
Fault,CODE/E_CODEURS/FB_Encoder_Homing.st,154,LECTURE,Fault := instFault.Fault;
Fault,CODE/E_CODEURS/FB_Encoder_Homing.st,176,LECTURE,Ready := Enable AND NOT Fault.Latched;
Latched,CODE/E_CODEURS/FB_Encoder_Homing.st,176,LECTURE,Ready := Enable AND NOT Fault.Latched;
BootIncoherentError,CODE/E_CODEURS/FB_Encoder_Homing.st,186,ECRITURE_TRUE,BootIncoherentError := TRUE;
HomingModeError,CODE/E_CODEURS/FB_Encoder_Homing.st,203,ECRITURE_TRUE,HomingModeError := TRUE;
TargetOutOfRangeError,CODE/E_CODEURS/FB_Encoder_Homing.st,227,ECRITURE_TRUE,TargetOutOfRangeError := TRUE;
PresetFailError,CODE/E_CODEURS/FB_Encoder_Homing.st,269,ECRITURE_FALSE,PresetFailError := FALSE;
PresetFailError,CODE/E_CODEURS/FB_Encoder_Homing.st,274,ECRITURE_TRUE,PresetFailError := TRUE;
Fault,CODE/E_CODEURS/FB_Encoder_Safety.st,31,LECTURE,Fault                 : ST_Fault;
instFault,CODE/E_CODEURS/FB_Encoder_Safety.st,42,LECTURE,instFault             : FB_FaultCore;
instFault,CODE/E_CODEURS/FB_Encoder_Safety.st,62,LECTURE,"instFault(Enable := Enable, Reset := Reset, Causes := instCauses);"
Fault,CODE/E_CODEURS/FB_Encoder_Safety.st,63,ECRITURE,Fault := instFault.Fault;
instFault,CODE/E_CODEURS/FB_Encoder_Safety.st,63,LECTURE,Fault := instFault.Fault;
Fault,CODE/E_CODEURS/FB_Encoder_Safety.st,63,LECTURE,Fault := instFault.Fault;
Fault,CODE/E_CODEURS/FB_Encoder_Safety.st,75,LECTURE,Ready := Enable AND NOT Fault.Latched;
Latched,CODE/E_CODEURS/FB_Encoder_Safety.st,75,LECTURE,Ready := Enable AND NOT Fault.Latched;
Fault,CODE/E_CODEURS/FB_Encoder_Safety.st,81,LECTURE,EncoderIncoherent := Fault.Error;
Error,CODE/E_CODEURS/FB_Encoder_Safety.st,81,LECTURE,EncoderIncoherent := Fault.Error;
EncoderFault,CODE/E_CODEURS/FB_EncoderReliability.st,24,LECTURE,EncoderFault      : BOOL;
EncoderFault,CODE/E_CODEURS/FB_EncoderReliability.st,30,ECRITURE,EncoderFault := (NOT EncoderAvailable) OR EncoderIncoherent;
EncoderFaultPresent,CODE/F_MODES/FB_Modes.st,46,LECTURE,EncoderFaultPresent     : BOOL;
Fault,CODE/F_MODES/FB_Modes.st,78,LECTURE,Fault                   : ST_Fault;
instFault,CODE/F_MODES/FB_Modes.st,87,LECTURE,instFault               : FB_FaultCore;
ModeChangeBlockReason,CODE/F_MODES/FB_Modes.st,97,LECTURE,ModeChangeBlockReason   : STRING(40);
SemiAutoCycleNotReadyFault,CODE/F_MODES/FB_Modes.st,100,LECTURE,SemiAutoCycleNotReadyFault        : BOOL;
SemiAutoCycleNotReadyFault,CODE/F_MODES/FB_Modes.st,159,ECRITURE,SemiAutoCycleNotReadyFault         := (SelMode = E_Mode.SEMI_AUTO) AND EncoderFaultPresent;
EncoderFaultPresent,CODE/F_MODES/FB_Modes.st,159,LECTURE,SemiAutoCycleNotReadyFault         := (SelMode = E_Mode.SEMI_AUTO) AND EncoderFaultPresent;
SemiAutoCycleNotReadyFault,CODE/F_MODES/FB_Modes.st,163,LECTURE,instCauses[0].Active   := SemiAutoCycleNotReadyFault;
instFault,CODE/F_MODES/FB_Modes.st,184,LECTURE,"instFault(Enable := Enable, Reset := Reset, Causes := instCauses);"
Fault,CODE/F_MODES/FB_Modes.st,185,ECRITURE,Fault := instFault.Fault;
instFault,CODE/F_MODES/FB_Modes.st,185,LECTURE,Fault := instFault.Fault;
Fault,CODE/F_MODES/FB_Modes.st,185,LECTURE,Fault := instFault.Fault;
ModeChangeBlockReason,CODE/F_MODES/FB_Modes.st,207,ECRITURE,Auth.ModeChangeBlockReason := '';
Fault,CODE/F_MODES/FB_Modes.st,217,LECTURE,Ready := Enable AND NOT Fault.Latched;
Latched,CODE/F_MODES/FB_Modes.st,217,LECTURE,Ready := Enable AND NOT Fault.Latched;
ModeChangeBlockReason,CODE/F_MODES/FB_Modes.st,258,ECRITURE,Auth.ModeChangeBlockReason := 'Datum machine perdu : arret controle';
ModeChangeBlockReason,CODE/F_MODES/FB_Modes.st,260,ECRITURE,Auth.ModeChangeBlockReason := 'SEMI_AUTO refuse : datum machine absent';
ModeChangeBlockReason,CODE/F_MODES/FB_Modes.st,272,ECRITURE,ModeChangeBlockReason := 'Chgt mode refuse : contacteur M1';
ModeChangeBlockReason,CODE/F_MODES/FB_Modes.st,274,ECRITURE,ModeChangeBlockReason := 'Chgt mode refuse : frein M1';
ModeChangeBlockReason,CODE/F_MODES/FB_Modes.st,276,ECRITURE,ModeChangeBlockReason := 'Chgt mode refuse : M1 en mvt';
ModeChangeBlockReason,CODE/F_MODES/FB_Modes.st,278,ECRITURE,ModeChangeBlockReason := 'Chgt mode refuse : contacteur M2';
ModeChangeBlockReason,CODE/F_MODES/FB_Modes.st,280,ECRITURE,ModeChangeBlockReason := 'Chgt mode refuse : frein M2';
ModeChangeBlockReason,CODE/F_MODES/FB_Modes.st,282,ECRITURE,ModeChangeBlockReason := 'Chgt mode refuse : M2 en mvt';
ModeChangeBlockReason,CODE/F_MODES/FB_Modes.st,284,ECRITURE,ModeChangeBlockReason := '';
ModeChangeBlockReason,CODE/F_MODES/FB_Modes.st,286,ECRITURE,Auth.ModeChangeBlockReason := ModeChangeBlockReason;
ModeChangeBlockReason,CODE/F_MODES/FB_Modes.st,286,LECTURE,Auth.ModeChangeBlockReason := ModeChangeBlockReason;
ModeChangeBlockReason,CODE/F_MODES/FB_Modes.st,290,ECRITURE,Auth.ModeChangeBlockReason := '';
HomingError,CODE/G_CYCLE/_TYPES/ST_fbMachineHomingCycle_AxisHomingStatus.st,13,LECTURE,HomingError      : BOOL;
Fault,CODE/G_CYCLE/FB_CycleMachineHoming.st,57,LECTURE,Fault                       : ST_Fault;
MachineHomingStepAtError,CODE/G_CYCLE/FB_CycleMachineHoming.st,63,LECTURE,MachineHomingStepAtError    : E_MachineHomingStep := E_MachineHomingStep.IDLE;
instFault,CODE/G_CYCLE/FB_CycleMachineHoming.st,90,LECTURE,instFault                   : FB_FaultCore;
LatchedEdge,CODE/G_CYCLE/FB_CycleMachineHoming.st,92,LECTURE,LatchedEdge                 : R_TRIG;
AxisHomingError,CODE/G_CYCLE/FB_CycleMachineHoming.st,133,LECTURE,AxisHomingError             : BOOL;
HomingLossLatched,CODE/G_CYCLE/FB_CycleMachineHoming.st,142,LECTURE,HomingLossLatched           : BOOL;
BucketCloseConfirmedLatched,CODE/G_CYCLE/FB_CycleMachineHoming.st,160,LECTURE,BucketCloseConfirmedLatched : BOOL;
CST_CauseHomingErrorM1,CODE/G_CYCLE/FB_CycleMachineHoming.st,167,LECTURE,CST_CauseHomingErrorM1      : INT := 3;
CST_CauseHomingErrorM2,CODE/G_CYCLE/FB_CycleMachineHoming.st,168,LECTURE,CST_CauseHomingErrorM2      : INT := 4;
LatchedEdge,CODE/G_CYCLE/FB_CycleMachineHoming.st,200,LECTURE,LatchedEdge(CLK := Fault.Latched);
Fault,CODE/G_CYCLE/FB_CycleMachineHoming.st,200,LECTURE,LatchedEdge(CLK := Fault.Latched);
Latched,CODE/G_CYCLE/FB_CycleMachineHoming.st,200,LECTURE,LatchedEdge(CLK := Fault.Latched);
AxisHomingError,CODE/G_CYCLE/FB_CycleMachineHoming.st,253,ECRITURE,AxisHomingError  := M1Status.HomingError OR M2Status.HomingError;
HomingError,CODE/G_CYCLE/FB_CycleMachineHoming.st,253,LECTURE,AxisHomingError  := M1Status.HomingError OR M2Status.HomingError;
HomingError,CODE/G_CYCLE/FB_CycleMachineHoming.st,253,LECTURE,AxisHomingError  := M1Status.HomingError OR M2Status.HomingError;
AxisHomingError,CODE/G_CYCLE/FB_CycleMachineHoming.st,268,LECTURE,AND (AxisHomingError OR MotionOutOfPhase OR ClimbTimedOut
HomingLossLatched,CODE/G_CYCLE/FB_CycleMachineHoming.st,293,LECTURE,AND NOT ReHomingAckRequired AND NOT HomingLossLatched
Fault,CODE/G_CYCLE/FB_CycleMachineHoming.st,331,LECTURE,"{region ""§3 Detection de perte de datum (independante de Fault)""}"
HomingLossLatched,CODE/G_CYCLE/FB_CycleMachineHoming.st,347,ECRITURE_TRUE,HomingLossLatched := TRUE;
HomingLossLatched,CODE/G_CYCLE/FB_CycleMachineHoming.st,352,LECTURE,IF HomingLossLatched AND WinchesMechanicallyStopped THEN
HomingLossLatched,CODE/G_CYCLE/FB_CycleMachineHoming.st,353,ECRITURE_FALSE,HomingLossLatched := FALSE;
HomingLossLatched,CODE/G_CYCLE/FB_CycleMachineHoming.st,358,LECTURE,IF HomingLossLatched AND NOT ReHomingAckRequired THEN
HomingLossLatched,CODE/G_CYCLE/FB_CycleMachineHoming.st,362,LECTURE,MachineHomingLossSafeStop := HomingLossLatched;
HomingLossLatched,CODE/G_CYCLE/FB_CycleMachineHoming.st,378,ECRITURE_FALSE,HomingLossLatched   := FALSE;
BucketCloseConfirmedLatched,CODE/G_CYCLE/FB_CycleMachineHoming.st,381,ECRITURE_FALSE,BucketCloseConfirmedLatched := FALSE;
BucketCloseConfirmedLatched,CODE/G_CYCLE/FB_CycleMachineHoming.st,425,ECRITURE_TRUE,BucketCloseConfirmedLatched := TRUE;
BucketCloseConfirmedLatched,CODE/G_CYCLE/FB_CycleMachineHoming.st,428,ECRITURE_FALSE,BucketCloseConfirmedLatched := FALSE;
HomingLossLatched,CODE/G_CYCLE/FB_CycleMachineHoming.st,434,LECTURE,instCauses[CST_CauseHomingLostInMotion].Active   := HomingLossLatched OR ReHomingAckRequired;
CST_CauseHomingErrorM1,CODE/G_CYCLE/FB_CycleMachineHoming.st,446,LECTURE,instCauses[CST_CauseHomingErrorM1].Active   := CycleRunning AND M1Status.HomingError;
HomingError,CODE/G_CYCLE/FB_CycleMachineHoming.st,446,LECTURE,instCauses[CST_CauseHomingErrorM1].Active   := CycleRunning AND M1Status.HomingError;
CST_CauseHomingErrorM1,CODE/G_CYCLE/FB_CycleMachineHoming.st,447,LECTURE,instCauses[CST_CauseHomingErrorM1].Latching := TRUE;
CST_CauseHomingErrorM1,CODE/G_CYCLE/FB_CycleMachineHoming.st,448,LECTURE,instCauses[CST_CauseHomingErrorM1].Texte    := 'Erreur de homing codeur M1 pendant le referencement conjoint';
CST_CauseHomingErrorM2,CODE/G_CYCLE/FB_CycleMachineHoming.st,450,LECTURE,instCauses[CST_CauseHomingErrorM2].Active   := CycleRunning AND M2Status.HomingError;
HomingError,CODE/G_CYCLE/FB_CycleMachineHoming.st,450,LECTURE,instCauses[CST_CauseHomingErrorM2].Active   := CycleRunning AND M2Status.HomingError;
CST_CauseHomingErrorM2,CODE/G_CYCLE/FB_CycleMachineHoming.st,451,LECTURE,instCauses[CST_CauseHomingErrorM2].Latching := TRUE;
CST_CauseHomingErrorM2,CODE/G_CYCLE/FB_CycleMachineHoming.st,452,LECTURE,instCauses[CST_CauseHomingErrorM2].Texte    := 'Erreur de homing codeur M2 pendant le referencement conjoint';
instFault,CODE/G_CYCLE/FB_CycleMachineHoming.st,463,LECTURE,"instFault(Enable := Enable, Reset := Reset, Causes := instCauses);"
Fault,CODE/G_CYCLE/FB_CycleMachineHoming.st,464,ECRITURE,Fault := instFault.Fault;
instFault,CODE/G_CYCLE/FB_CycleMachineHoming.st,464,LECTURE,Fault := instFault.Fault;
Fault,CODE/G_CYCLE/FB_CycleMachineHoming.st,464,LECTURE,Fault := instFault.Fault;
BucketCloseConfirmedLatched,CODE/G_CYCLE/FB_CycleMachineHoming.st,560,LECTURE,IF BucketCloseConfirmedLatched AND NOT TopPositionSensor THEN
BucketCloseConfirmedLatched,CODE/G_CYCLE/FB_CycleMachineHoming.st,566,ECRITURE_FALSE,BucketCloseConfirmedLatched := FALSE;
BucketCloseConfirmedLatched,CODE/G_CYCLE/FB_CycleMachineHoming.st,570,LECTURE,ELSIF BucketCloseConfirmedLatched THEN
BucketCloseConfirmedLatched,CODE/G_CYCLE/FB_CycleMachineHoming.st,574,ECRITURE_FALSE,BucketCloseConfirmedLatched := FALSE;
AxisHomingError,CODE/G_CYCLE/FB_CycleMachineHoming.st,654,LECTURE,IF AxisHomingError OR MotionOutOfPhase OR ModeLostDuringCycle THEN
AxisHomingError,CODE/G_CYCLE/FB_CycleMachineHoming.st,665,LECTURE,IF AxisHomingError OR NOT BothAxesHomed OR MotionOutOfPhase OR ModeLostDuringCycle THEN
AxisHomingError,CODE/G_CYCLE/FB_CycleMachineHoming.st,704,LECTURE,ELSIF AxisHomingError THEN
Fault,CODE/G_CYCLE/FB_CycleMachineHoming.st,773,LECTURE,AND NOT Fault.Latched;
Latched,CODE/G_CYCLE/FB_CycleMachineHoming.st,773,LECTURE,AND NOT Fault.Latched;
Fault,CODE/G_CYCLE/FB_CycleMachineHoming.st,781,LECTURE,IF Fault.Latched THEN
Latched,CODE/G_CYCLE/FB_CycleMachineHoming.st,781,LECTURE,IF Fault.Latched THEN
LatchedEdge,CODE/G_CYCLE/FB_CycleMachineHoming.st,866,LECTURE,IF LatchedEdge.Q THEN
MachineHomingStepAtError,CODE/G_CYCLE/FB_CycleMachineHoming.st,867,ECRITURE,MachineHomingStepAtError := MachineHomingStep;
Fault,CODE/G_CYCLE/FB_CycleMachineHoming.st,870,LECTURE,Ready := Enable AND NOT Fault.Latched;
Latched,CODE/G_CYCLE/FB_CycleMachineHoming.st,870,LECTURE,Ready := Enable AND NOT Fault.Latched;
EncoderFaultPresent,CODE/G_CYCLE/FB_CycleSemiAuto.st,16,LECTURE,EncoderFaultPresent     : BOOL;
ResumeAfterFault,CODE/G_CYCLE/FB_CycleSemiAuto.st,29,LECTURE,ResumeAfterFault        : BOOL;
WinchSyncError,CODE/G_CYCLE/FB_CycleSemiAuto.st,40,LECTURE,WinchSyncError          : BOOL;
Fault,CODE/G_CYCLE/FB_CycleSemiAuto.st,109,LECTURE,Fault                   : ST_Fault;
ForceStepRejected,CODE/G_CYCLE/FB_CycleSemiAuto.st,122,LECTURE,ForceStepRejected       : BOOL;
CycleStepAtError,CODE/G_CYCLE/FB_CycleSemiAuto.st,137,LECTURE,CycleStepAtError        : E_AutoCycleStep;
M1SpeedStepAtFault,CODE/G_CYCLE/FB_CycleSemiAuto.st,138,LECTURE,M1SpeedStepAtFault      : INT;
M2SpeedStepAtFault,CODE/G_CYCLE/FB_CycleSemiAuto.st,139,LECTURE,M2SpeedStepAtFault      : INT;
ResumeAfterFaultAvailable,CODE/G_CYCLE/FB_CycleSemiAuto.st,140,LECTURE,ResumeAfterFaultAvailable : BOOL;
ResumeAfterFaultEdge,CODE/G_CYCLE/FB_CycleSemiAuto.st,166,LECTURE,ResumeAfterFaultEdge    : R_TRIG;
ErrorEdge,CODE/G_CYCLE/FB_CycleSemiAuto.st,167,LECTURE,ErrorEdge               : R_TRIG;
AutoDiveM2Step5TrialLatched,CODE/G_CYCLE/FB_CycleSemiAuto.st,179,LECTURE,AutoDiveM2Step5TrialLatched : BOOL := FALSE;
instFault,CODE/G_CYCLE/FB_CycleSemiAuto.st,264,LECTURE,instFault               : FB_FaultCore;
ResumeAfterFaultEdge,CODE/G_CYCLE/FB_CycleSemiAuto.st,290,LECTURE,ResumeAfterFaultEdge(CLK := ResumeAfterFault);
ResumeAfterFault,CODE/G_CYCLE/FB_CycleSemiAuto.st,290,LECTURE,ResumeAfterFaultEdge(CLK := ResumeAfterFault);
ForceStepRejected,CODE/G_CYCLE/FB_CycleSemiAuto.st,299,ECRITURE_FALSE,ForceStepRejected := FALSE;
AutoDiveM2Step5TrialLatched,CODE/G_CYCLE/FB_CycleSemiAuto.st,409,LECTURE,"DiveM2StepTgt := SEL(AutoDiveM2Step5TrialLatched, CST_StepDive, CST_StepDiveM2Trial);"
AutoDiveM2Step5TrialLatched,CODE/G_CYCLE/FB_CycleSemiAuto.st,411,LECTURE,AutoDiveM2Step5TrialLatched
WinchSyncError,CODE/G_CYCLE/FB_CycleSemiAuto.st,458,LECTURE,instCauses[1].Active   := WinchSyncError
ResumeAfterFaultAvailable,CODE/G_CYCLE/FB_CycleSemiAuto.st,539,ECRITURE,ResumeAfterFaultAvailable := (State = E_AutoCycleStep.AX_STAB)
Fault,CODE/G_CYCLE/FB_CycleSemiAuto.st,540,LECTURE,AND Fault.Latched
Latched,CODE/G_CYCLE/FB_CycleSemiAuto.st,540,LECTURE,AND Fault.Latched
Fault,CODE/G_CYCLE/FB_CycleSemiAuto.st,541,LECTURE,AND NOT Fault.Error
Error,CODE/G_CYCLE/FB_CycleSemiAuto.st,541,LECTURE,AND NOT Fault.Error
CycleStepAtError,CODE/G_CYCLE/FB_CycleSemiAuto.st,545,LECTURE,AND (CycleStepAtError <> E_AutoCycleStep.AX_STAB);
instFault,CODE/G_CYCLE/FB_CycleSemiAuto.st,548,LECTURE,"instFault(Enable := Enable,"
ResumeAfterFaultEdge,CODE/G_CYCLE/FB_CycleSemiAuto.st,549,LECTURE,"Reset := Reset OR (ResumeAfterFaultEdge.Q AND ResumeAfterFaultAvailable),"
ResumeAfterFaultAvailable,CODE/G_CYCLE/FB_CycleSemiAuto.st,549,LECTURE,"Reset := Reset OR (ResumeAfterFaultEdge.Q AND ResumeAfterFaultAvailable),"
Fault,CODE/G_CYCLE/FB_CycleSemiAuto.st,551,ECRITURE,Fault := instFault.Fault;
instFault,CODE/G_CYCLE/FB_CycleSemiAuto.st,551,LECTURE,Fault := instFault.Fault;
Fault,CODE/G_CYCLE/FB_CycleSemiAuto.st,551,LECTURE,Fault := instFault.Fault;
ErrorEdge,CODE/G_CYCLE/FB_CycleSemiAuto.st,552,LECTURE,ErrorEdge(CLK := Fault.Error);
Fault,CODE/G_CYCLE/FB_CycleSemiAuto.st,552,LECTURE,ErrorEdge(CLK := Fault.Error);
Error,CODE/G_CYCLE/FB_CycleSemiAuto.st,552,LECTURE,ErrorEdge(CLK := Fault.Error);
EncoderFaultPresent,CODE/G_CYCLE/FB_CycleSemiAuto.st,573,LECTURE,IF Enable AND PowerContactorEngaged AND NOT EncoderFaultPresent AND NOT Fault.Latched
Fault,CODE/G_CYCLE/FB_CycleSemiAuto.st,573,LECTURE,IF Enable AND PowerContactorEngaged AND NOT EncoderFaultPresent AND NOT Fault.Latched
Latched,CODE/G_CYCLE/FB_CycleSemiAuto.st,573,LECTURE,IF Enable AND PowerContactorEngaged AND NOT EncoderFaultPresent AND NOT Fault.Latched
Fault,CODE/G_CYCLE/FB_CycleSemiAuto.st,625,LECTURE,IF (Mode = E_Mode.SEMI_AUTO) AND NOT Fault.Latched
Latched,CODE/G_CYCLE/FB_CycleSemiAuto.st,625,LECTURE,IF (Mode = E_Mode.SEMI_AUTO) AND NOT Fault.Latched
ForceStepRejected,CODE/G_CYCLE/FB_CycleSemiAuto.st,654,ECRITURE_TRUE,ForceStepRejected := TRUE;
ForceStepRejected,CODE/G_CYCLE/FB_CycleSemiAuto.st,657,ECRITURE_TRUE,ForceStepRejected := TRUE;
ForceStepRejected,CODE/G_CYCLE/FB_CycleSemiAuto.st,668,ECRITURE_TRUE,ForceStepRejected := TRUE;
AutoDiveM2Step5TrialLatched,CODE/G_CYCLE/FB_CycleSemiAuto.st,693,ECRITURE_FALSE,AutoDiveM2Step5TrialLatched := FALSE;
ResumeAfterFaultEdge,CODE/G_CYCLE/FB_CycleSemiAuto.st,706,LECTURE,IF ResumeAfterFaultEdge.Q AND ResumeAfterFaultAvailable AND NOT ResetEdge.Q THEN
ResumeAfterFaultAvailable,CODE/G_CYCLE/FB_CycleSemiAuto.st,706,LECTURE,IF ResumeAfterFaultEdge.Q AND ResumeAfterFaultAvailable AND NOT ResetEdge.Q THEN
CycleStepAtError,CODE/G_CYCLE/FB_CycleSemiAuto.st,707,LECTURE,PausedState := CycleStepAtError;
CycleStepAtError,CODE/G_CYCLE/FB_CycleSemiAuto.st,708,LECTURE,State := CycleStepAtError;
EncoderFaultPresent,CODE/G_CYCLE/FB_CycleSemiAuto.st,714,LECTURE,IF NOT Enable OR NOT PowerContactorEngaged OR EncoderFaultPresent THEN
EncoderFaultPresent,CODE/G_CYCLE/FB_CycleSemiAuto.st,760,LECTURE,IF EncoderFaultPresent THEN
Fault,CODE/G_CYCLE/FB_CycleSemiAuto.st,774,LECTURE,Ready := Enable AND NOT Fault.Latched;
Latched,CODE/G_CYCLE/FB_CycleSemiAuto.st,774,LECTURE,Ready := Enable AND NOT Fault.Latched;
ErrorEdge,CODE/G_CYCLE/FB_CycleSemiAuto.st,823,LECTURE,IF ErrorEdge.Q THEN
CycleStepAtError,CODE/G_CYCLE/FB_CycleSemiAuto.st,824,ECRITURE,CycleStepAtError := State;
M1SpeedStepAtFault,CODE/G_CYCLE/FB_CycleSemiAuto.st,825,ECRITURE,M1SpeedStepAtFault := M1_SpeedStepApplied;
M2SpeedStepAtFault,CODE/G_CYCLE/FB_CycleSemiAuto.st,826,ECRITURE,M2SpeedStepAtFault := M2_SpeedStepApplied;
AutoDiveM2Step5TrialLatched,CODE/G_CYCLE/FB_CycleSemiAuto.st,834,ECRITURE_FALSE,AutoDiveM2Step5TrialLatched := FALSE;
AutoDiveM2Step5TrialLatched,CODE/G_CYCLE/FB_CycleSemiAuto.st,878,ECRITURE_FALSE,AutoDiveM2Step5TrialLatched := FALSE;
Fault,CODE/G_CYCLE/FB_CycleSemiAuto.st,883,LECTURE,IF (StartEdge.Q OR DeadmanArmedEdge.Q) AND NOT Fault.Latched THEN
Latched,CODE/G_CYCLE/FB_CycleSemiAuto.st,883,LECTURE,IF (StartEdge.Q OR DeadmanArmedEdge.Q) AND NOT Fault.Latched THEN
Fault,CODE/G_CYCLE/FB_CycleSemiAuto.st,899,LECTURE,InitConditionsOk := HomedM1 AND HomedM2 AND NOT Fault.Latched AND InitPositionOk;
Latched,CODE/G_CYCLE/FB_CycleSemiAuto.st,899,LECTURE,InitConditionsOk := HomedM1 AND HomedM2 AND NOT Fault.Latched AND InitPositionOk;
Fault,CODE/G_CYCLE/FB_CycleSemiAuto.st,915,LECTURE,ELSIF Fault.Latched THEN
Latched,CODE/G_CYCLE/FB_CycleSemiAuto.st,915,LECTURE,ELSIF Fault.Latched THEN
AutoDiveM2Step5TrialLatched,CODE/G_CYCLE/FB_CycleSemiAuto.st,1034,ECRITURE,AutoDiveM2Step5TrialLatched := CfgAutoDiveM2Step5Trial;
AutoDiveM2Step5TrialLatched,CODE/G_CYCLE/FB_CycleSemiAuto.st,1175,ECRITURE_FALSE,AutoDiveM2Step5TrialLatched := FALSE;
WinchSyncError,CODE/G_CYCLE/FB_CycleSemiAuto.st,1376,LECTURE,AND NOT WinchSyncError THEN
ResumeAfterFaultAvailable,CODE/G_CYCLE/FB_CycleSemiAuto.st,1614,LECTURE,IF ResumeAfterFaultAvailable THEN
Fault,CODE/H_TREUILS_BENNE/BENNE/FB_Bucket.st,67,LECTURE,Fault                           : ST_Fault;
SevereError,CODE/H_TREUILS_BENNE/BENNE/FB_Bucket.st,130,LECTURE,SevereError                     : BOOL;
CfgFaultLatched,CODE/H_TREUILS_BENNE/BENNE/FB_Bucket.st,139,LECTURE,CfgFaultLatched                 : BOOL;
OffsetMaxFaultLatched,CODE/H_TREUILS_BENNE/BENNE/FB_Bucket.st,140,LECTURE,OffsetMaxFaultLatched           : BOOL;
TimeoutFaultLatched,CODE/H_TREUILS_BENNE/BENNE/FB_Bucket.st,141,LECTURE,TimeoutFaultLatched             : BOOL;
M1SlipFaultLatched,CODE/H_TREUILS_BENNE/BENNE/FB_Bucket.st,142,LECTURE,M1SlipFaultLatched              : BOOL;
instFault,CODE/H_TREUILS_BENNE/BENNE/FB_Bucket.st,145,LECTURE,instFault                       : FB_FaultCore;
CfgFaultLatched,CODE/H_TREUILS_BENNE/BENNE/FB_Bucket.st,175,ECRITURE_FALSE,CfgFaultLatched       := FALSE;
OffsetMaxFaultLatched,CODE/H_TREUILS_BENNE/BENNE/FB_Bucket.st,176,ECRITURE_FALSE,OffsetMaxFaultLatched := FALSE;
TimeoutFaultLatched,CODE/H_TREUILS_BENNE/BENNE/FB_Bucket.st,177,ECRITURE_FALSE,TimeoutFaultLatched   := FALSE;
M1SlipFaultLatched,CODE/H_TREUILS_BENNE/BENNE/FB_Bucket.st,178,ECRITURE_FALSE,M1SlipFaultLatched    := FALSE;
CfgFaultLatched,CODE/H_TREUILS_BENNE/BENNE/FB_Bucket.st,187,ECRITURE_TRUE,CfgFaultLatched := TRUE;
CfgFaultLatched,CODE/H_TREUILS_BENNE/BENNE/FB_Bucket.st,189,LECTURE,instCauses[0].Active   := CfgFaultLatched;
OffsetMaxFaultLatched,CODE/H_TREUILS_BENNE/BENNE/FB_Bucket.st,213,ECRITURE_TRUE,OffsetMaxFaultLatched := TRUE;
OffsetMaxFaultLatched,CODE/H_TREUILS_BENNE/BENNE/FB_Bucket.st,215,LECTURE,instCauses[1].Active   := OffsetMaxFaultLatched;
TimeoutFaultLatched,CODE/H_TREUILS_BENNE/BENNE/FB_Bucket.st,261,ECRITURE_TRUE,TimeoutFaultLatched := TRUE;
TimeoutFaultLatched,CODE/H_TREUILS_BENNE/BENNE/FB_Bucket.st,269,LECTURE,instCauses[2].Active   := TimeoutFaultLatched;
M1SlipFaultLatched,CODE/H_TREUILS_BENNE/BENNE/FB_Bucket.st,276,ECRITURE_TRUE,M1SlipFaultLatched := TRUE;
M1SlipFaultLatched,CODE/H_TREUILS_BENNE/BENNE/FB_Bucket.st,278,LECTURE,instCauses[3].Active   := M1SlipFaultLatched;
instFault,CODE/H_TREUILS_BENNE/BENNE/FB_Bucket.st,303,LECTURE,"instFault(Enable := Enable, Reset := Reset, Causes := instCauses);"
Fault,CODE/H_TREUILS_BENNE/BENNE/FB_Bucket.st,304,ECRITURE,Fault := instFault.Fault;
instFault,CODE/H_TREUILS_BENNE/BENNE/FB_Bucket.st,304,LECTURE,Fault := instFault.Fault;
Fault,CODE/H_TREUILS_BENNE/BENNE/FB_Bucket.st,304,LECTURE,Fault := instFault.Fault;
Fault,CODE/H_TREUILS_BENNE/BENNE/FB_Bucket.st,335,LECTURE,Ready := Enable AND NOT Fault.Latched;
Latched,CODE/H_TREUILS_BENNE/BENNE/FB_Bucket.st,335,LECTURE,Ready := Enable AND NOT Fault.Latched;
CfgFaultLatched,CODE/H_TREUILS_BENNE/BENNE/FB_Bucket.st,403,LECTURE,IF BucketRefRequest AND NOT CfgFaultLatched
SevereError,CODE/H_TREUILS_BENNE/BENNE/FB_Bucket.st,423,ECRITURE,SevereError := Fault.Error;
Fault,CODE/H_TREUILS_BENNE/BENNE/FB_Bucket.st,423,LECTURE,SevereError := Fault.Error;
Error,CODE/H_TREUILS_BENNE/BENNE/FB_Bucket.st,423,LECTURE,SevereError := Fault.Error;
SevereError,CODE/H_TREUILS_BENNE/BENNE/FB_Bucket.st,431,LECTURE,AND NOT SevereError;
SevereError,CODE/H_TREUILS_BENNE/BENNE/FB_Bucket.st,462,LECTURE,IF SevereError THEN
Fault,CODE/H_TREUILS_BENNE/BENNE/FB_Bucket.st,614,LECTURE,AND NOT Fault.Error;
Error,CODE/H_TREUILS_BENNE/BENNE/FB_Bucket.st,614,LECTURE,AND NOT Fault.Error;
SevereError,CODE/H_TREUILS_BENNE/BENNE/FB_Bucket.st,681,LECTURE,IF NOT Lifecycle.Busy AND NOT SevereError THEN
Fault,CODE/H_TREUILS_BENNE/BENNE/FB_Bucket.st,807,LECTURE,AND (Fault.ErrorId = 0);
ErrorId,CODE/H_TREUILS_BENNE/BENNE/FB_Bucket.st,807,ECRITURE,AND (Fault.ErrorId = 0);
Violation,CODE/H_TREUILS_BENNE/FB_DriftGuard.st,21,LECTURE,Violation                       : BOOL;
Violation,CODE/H_TREUILS_BENNE/FB_DriftGuard.st,36,ECRITURE,Violation := DriftM > ToleranceM;
Violation,CODE/H_TREUILS_BENNE/FB_DriftGuard.st,40,ECRITURE_FALSE,Violation := FALSE;
EncoderFaultBypass,CODE/H_TREUILS_BENNE/FB_Safety_Winch.st,65,LECTURE,EncoderFaultBypass              : BOOL;
Fault,CODE/H_TREUILS_BENNE/FB_Safety_Winch.st,87,LECTURE,Fault                           : ST_Fault;
OverspeedFault,CODE/H_TREUILS_BENNE/FB_Safety_Winch.st,100,LECTURE,OverspeedFault                  : BOOL;
EncoderFaultLatched,CODE/H_TREUILS_BENNE/FB_Safety_Winch.st,153,LECTURE,EncoderFaultLatched             : BOOL;
MotorThermalFaultLatched,CODE/H_TREUILS_BENNE/FB_Safety_Winch.st,154,LECTURE,MotorThermalFaultLatched        : BOOL;
PhaseRotationFaultLatched,CODE/H_TREUILS_BENNE/FB_Safety_Winch.st,155,LECTURE,PhaseRotationFaultLatched       : BOOL;
MecaAFaultLatched,CODE/H_TREUILS_BENNE/FB_Safety_Winch.st,156,LECTURE,MecaAFaultLatched               : BOOL;
MecaBFaultLatched,CODE/H_TREUILS_BENNE/FB_Safety_Winch.st,157,LECTURE,MecaBFaultLatched               : BOOL;
MecaCFaultLatched,CODE/H_TREUILS_BENNE/FB_Safety_Winch.st,158,LECTURE,MecaCFaultLatched               : BOOL;
BrakeThermalFaultLatched,CODE/H_TREUILS_BENNE/FB_Safety_Winch.st,159,LECTURE,BrakeThermalFaultLatched        : BOOL;
MecaDFaultLatched,CODE/H_TREUILS_BENNE/FB_Safety_Winch.st,160,LECTURE,MecaDFaultLatched               : BOOL;
MecaEFaultLatched,CODE/H_TREUILS_BENNE/FB_Safety_Winch.st,161,LECTURE,MecaEFaultLatched               : BOOL;
MecaEEscaladeFaultLatched,CODE/H_TREUILS_BENNE/FB_Safety_Winch.st,162,LECTURE,MecaEEscaladeFaultLatched       : BOOL;
OppositeDirectionFaultLatched,CODE/H_TREUILS_BENNE/FB_Safety_Winch.st,163,LECTURE,OppositeDirectionFaultLatched   : BOOL;
NoMovementFaultLatched,CODE/H_TREUILS_BENNE/FB_Safety_Winch.st,164,LECTURE,NoMovementFaultLatched          : BOOL;
OverspeedFaultLatched,CODE/H_TREUILS_BENNE/FB_Safety_Winch.st,165,LECTURE,OverspeedFaultLatched           : BOOL;
instFault,CODE/H_TREUILS_BENNE/FB_Safety_Winch.st,168,LECTURE,instFault                       : FB_FaultCore;
EncoderFaultLatched,CODE/H_TREUILS_BENNE/FB_Safety_Winch.st,184,ECRITURE_FALSE,EncoderFaultLatched           := FALSE;
MotorThermalFaultLatched,CODE/H_TREUILS_BENNE/FB_Safety_Winch.st,185,ECRITURE_FALSE,MotorThermalFaultLatched      := FALSE;
PhaseRotationFaultLatched,CODE/H_TREUILS_BENNE/FB_Safety_Winch.st,186,ECRITURE_FALSE,PhaseRotationFaultLatched     := FALSE;
MecaAFaultLatched,CODE/H_TREUILS_BENNE/FB_Safety_Winch.st,187,ECRITURE_FALSE,MecaAFaultLatched             := FALSE;
MecaBFaultLatched,CODE/H_TREUILS_BENNE/FB_Safety_Winch.st,188,ECRITURE_FALSE,MecaBFaultLatched             := FALSE;
MecaCFaultLatched,CODE/H_TREUILS_BENNE/FB_Safety_Winch.st,189,ECRITURE_FALSE,MecaCFaultLatched             := FALSE;
BrakeThermalFaultLatched,CODE/H_TREUILS_BENNE/FB_Safety_Winch.st,190,ECRITURE_FALSE,BrakeThermalFaultLatched      := FALSE;
MecaDFaultLatched,CODE/H_TREUILS_BENNE/FB_Safety_Winch.st,191,ECRITURE_FALSE,MecaDFaultLatched             := FALSE;
MecaEFaultLatched,CODE/H_TREUILS_BENNE/FB_Safety_Winch.st,192,ECRITURE_FALSE,MecaEFaultLatched             := FALSE;
MecaEEscaladeFaultLatched,CODE/H_TREUILS_BENNE/FB_Safety_Winch.st,193,ECRITURE_FALSE,MecaEEscaladeFaultLatched     := FALSE;
OppositeDirectionFaultLatched,CODE/H_TREUILS_BENNE/FB_Safety_Winch.st,194,ECRITURE_FALSE,OppositeDirectionFaultLatched := FALSE;
NoMovementFaultLatched,CODE/H_TREUILS_BENNE/FB_Safety_Winch.st,195,ECRITURE_FALSE,NoMovementFaultLatched        := FALSE;
OverspeedFaultLatched,CODE/H_TREUILS_BENNE/FB_Safety_Winch.st,196,ECRITURE_FALSE,OverspeedFaultLatched         := FALSE;
EncoderFaultLatched,CODE/H_TREUILS_BENNE/FB_Safety_Winch.st,203,ECRITURE_FALSE,EncoderFaultLatched           := FALSE;
MotorThermalFaultLatched,CODE/H_TREUILS_BENNE/FB_Safety_Winch.st,204,ECRITURE_FALSE,MotorThermalFaultLatched      := FALSE;
PhaseRotationFaultLatched,CODE/H_TREUILS_BENNE/FB_Safety_Winch.st,205,ECRITURE_FALSE,PhaseRotationFaultLatched     := FALSE;
MecaAFaultLatched,CODE/H_TREUILS_BENNE/FB_Safety_Winch.st,206,ECRITURE_FALSE,MecaAFaultLatched             := FALSE;
MecaBFaultLatched,CODE/H_TREUILS_BENNE/FB_Safety_Winch.st,207,ECRITURE_FALSE,MecaBFaultLatched             := FALSE;
MecaCFaultLatched,CODE/H_TREUILS_BENNE/FB_Safety_Winch.st,208,ECRITURE_FALSE,MecaCFaultLatched             := FALSE;
BrakeThermalFaultLatched,CODE/H_TREUILS_BENNE/FB_Safety_Winch.st,209,ECRITURE_FALSE,BrakeThermalFaultLatched      := FALSE;
MecaDFaultLatched,CODE/H_TREUILS_BENNE/FB_Safety_Winch.st,210,ECRITURE_FALSE,MecaDFaultLatched             := FALSE;
MecaEFaultLatched,CODE/H_TREUILS_BENNE/FB_Safety_Winch.st,211,ECRITURE_FALSE,MecaEFaultLatched             := FALSE;
MecaEEscaladeFaultLatched,CODE/H_TREUILS_BENNE/FB_Safety_Winch.st,212,ECRITURE_FALSE,MecaEEscaladeFaultLatched     := FALSE;
OppositeDirectionFaultLatched,CODE/H_TREUILS_BENNE/FB_Safety_Winch.st,213,ECRITURE_FALSE,OppositeDirectionFaultLatched := FALSE;
NoMovementFaultLatched,CODE/H_TREUILS_BENNE/FB_Safety_Winch.st,214,ECRITURE_FALSE,NoMovementFaultLatched        := FALSE;
OverspeedFaultLatched,CODE/H_TREUILS_BENNE/FB_Safety_Winch.st,215,ECRITURE_FALSE,OverspeedFaultLatched         := FALSE;
MecaAFaultLatched,CODE/H_TREUILS_BENNE/FB_Safety_Winch.st,251,ECRITURE_FALSE,MecaAFaultLatched         := FALSE;
MecaEFaultLatched,CODE/H_TREUILS_BENNE/FB_Safety_Winch.st,252,ECRITURE_FALSE,MecaEFaultLatched         := FALSE;
MecaEEscaladeFaultLatched,CODE/H_TREUILS_BENNE/FB_Safety_Winch.st,253,ECRITURE_FALSE,MecaEEscaladeFaultLatched := FALSE;
EncoderFaultBypass,CODE/H_TREUILS_BENNE/FB_Safety_Winch.st,277,LECTURE,IF NOT (BypassProcess OR EncoderFaultBypass) AND NOT EncoderAvailable THEN
EncoderFaultLatched,CODE/H_TREUILS_BENNE/FB_Safety_Winch.st,278,ECRITURE_TRUE,EncoderFaultLatched := TRUE;
EncoderFaultLatched,CODE/H_TREUILS_BENNE/FB_Safety_Winch.st,280,LECTURE,instCauses[1].Active   := EncoderFaultLatched;
MotorThermalFaultLatched,CODE/H_TREUILS_BENNE/FB_Safety_Winch.st,286,ECRITURE_TRUE,MotorThermalFaultLatched := TRUE;
MotorThermalFaultLatched,CODE/H_TREUILS_BENNE/FB_Safety_Winch.st,288,LECTURE,instCauses[2].Active   := MotorThermalFaultLatched;
PhaseRotationFaultLatched,CODE/H_TREUILS_BENNE/FB_Safety_Winch.st,303,ECRITURE_TRUE,PhaseRotationFaultLatched := TRUE;
PhaseRotationFaultLatched,CODE/H_TREUILS_BENNE/FB_Safety_Winch.st,305,LECTURE,instCauses[4].Active   := PhaseRotationFaultLatched;
Violation,CODE/H_TREUILS_BENNE/FB_Safety_Winch.st,334,LECTURE,IF DriftGuardA.Violation THEN MecaAFaultLatched := TRUE; END_IF;
MecaAFaultLatched,CODE/H_TREUILS_BENNE/FB_Safety_Winch.st,334,ECRITURE_TRUE,IF DriftGuardA.Violation THEN MecaAFaultLatched := TRUE; END_IF;
MecaAFaultLatched,CODE/H_TREUILS_BENNE/FB_Safety_Winch.st,335,LECTURE,instCauses[7].Active   := MecaAFaultLatched;
MecaBFaultLatched,CODE/H_TREUILS_BENNE/FB_Safety_Winch.st,343,ECRITURE_TRUE,IF TonMecaB.Q THEN MecaBFaultLatched := TRUE; END_IF;
MecaBFaultLatched,CODE/H_TREUILS_BENNE/FB_Safety_Winch.st,348,LECTURE,instCauses[8].Active   := MecaBFaultLatched;
Violation,CODE/H_TREUILS_BENNE/FB_Safety_Winch.st,359,LECTURE,IF DriftGuardC.Violation THEN MecaCFaultLatched := TRUE; END_IF;
MecaCFaultLatched,CODE/H_TREUILS_BENNE/FB_Safety_Winch.st,359,ECRITURE_TRUE,IF DriftGuardC.Violation THEN MecaCFaultLatched := TRUE; END_IF;
MecaCFaultLatched,CODE/H_TREUILS_BENNE/FB_Safety_Winch.st,360,LECTURE,instCauses[9].Active   := MecaCFaultLatched;
BrakeThermalFaultLatched,CODE/H_TREUILS_BENNE/FB_Safety_Winch.st,366,ECRITURE_TRUE,BrakeThermalFaultLatched := TRUE;
BrakeThermalFaultLatched,CODE/H_TREUILS_BENNE/FB_Safety_Winch.st,368,LECTURE,instCauses[10].Active   := BrakeThermalFaultLatched;
MecaDFaultLatched,CODE/H_TREUILS_BENNE/FB_Safety_Winch.st,381,ECRITURE_TRUE,IF TonMecaD.Q THEN MecaDFaultLatched := TRUE; END_IF;
MecaDFaultLatched,CODE/H_TREUILS_BENNE/FB_Safety_Winch.st,385,LECTURE,instCauses[11].Active   := MecaDFaultLatched;
MecaEFaultLatched,CODE/H_TREUILS_BENNE/FB_Safety_Winch.st,397,ECRITURE_TRUE,MecaEFaultLatched := TRUE;
MecaEFaultLatched,CODE/H_TREUILS_BENNE/FB_Safety_Winch.st,399,LECTURE,instCauses[12].Active   := MecaEFaultLatched;
MecaEFaultLatched,CODE/H_TREUILS_BENNE/FB_Safety_Winch.st,404,LECTURE,"IN := NOT (BypassSafety OR BypassMecaE) AND NOT RefWindowActive AND MecaEFaultLatched AND NOT (FwdRevSpeedFeedbackOff AND NOT BrakeFeedback),"
MecaEEscaladeFaultLatched,CODE/H_TREUILS_BENNE/FB_Safety_Winch.st,407,ECRITURE_TRUE,IF TonMecaE.Q THEN MecaEEscaladeFaultLatched := TRUE; END_IF;
MecaEEscaladeFaultLatched,CODE/H_TREUILS_BENNE/FB_Safety_Winch.st,412,ECRITURE_TRUE,MecaEEscaladeFaultLatched := TRUE;
MecaEEscaladeFaultLatched,CODE/H_TREUILS_BENNE/FB_Safety_Winch.st,414,LECTURE,instCauses[13].Active   := MecaEEscaladeFaultLatched;
OppositeDirectionFaultLatched,CODE/H_TREUILS_BENNE/FB_Safety_Winch.st,426,ECRITURE_TRUE,IF TonOppositeDirection.Q THEN OppositeDirectionFaultLatched := TRUE; END_IF;
OppositeDirectionFaultLatched,CODE/H_TREUILS_BENNE/FB_Safety_Winch.st,427,LECTURE,instCauses[14].Active   := OppositeDirectionFaultLatched;
NoMovementFaultLatched,CODE/H_TREUILS_BENNE/FB_Safety_Winch.st,444,ECRITURE_TRUE,IF TonNoMovement.Q THEN NoMovementFaultLatched := TRUE; END_IF;
NoMovementFaultLatched,CODE/H_TREUILS_BENNE/FB_Safety_Winch.st,445,LECTURE,instCauses[15].Active   := NoMovementFaultLatched;
OverspeedFaultLatched,CODE/H_TREUILS_BENNE/FB_Safety_Winch.st,454,ECRITURE_TRUE,OverspeedFaultLatched := TRUE;
MecaBFaultLatched,CODE/H_TREUILS_BENNE/FB_Safety_Winch.st,484,LECTURE,ContactorStuck := MecaBFaultLatched;
OverspeedFault,CODE/H_TREUILS_BENNE/FB_Safety_Winch.st,485,ECRITURE,OverspeedFault := OverspeedFaultLatched;
OverspeedFaultLatched,CODE/H_TREUILS_BENNE/FB_Safety_Winch.st,485,LECTURE,OverspeedFault := OverspeedFaultLatched;
instFault,CODE/H_TREUILS_BENNE/FB_Safety_Winch.st,488,LECTURE,"instFault(Enable := Enable, Reset := Reset, Causes := instCauses);"
Fault,CODE/H_TREUILS_BENNE/FB_Safety_Winch.st,489,ECRITURE,Fault := instFault.Fault;
instFault,CODE/H_TREUILS_BENNE/FB_Safety_Winch.st,489,LECTURE,Fault := instFault.Fault;
Fault,CODE/H_TREUILS_BENNE/FB_Safety_Winch.st,489,LECTURE,Fault := instFault.Fault;
Fault,CODE/H_TREUILS_BENNE/FB_Safety_Winch.st,546,LECTURE,Ready := Enable AND NOT Fault.Latched;
Latched,CODE/H_TREUILS_BENNE/FB_Safety_Winch.st,546,LECTURE,Ready := Enable AND NOT Fault.Latched;
OverspeedFaultLatched,CODE/H_TREUILS_BENNE/FB_Safety_Winch.st,560,LECTURE,OR OverspeedFaultLatched;
ConfigError,CODE/H_TREUILS_BENNE/FB_SpeedStep.st,24,LECTURE,ConfigError                     : BOOL;
ConfigErrorId,CODE/H_TREUILS_BENNE/FB_SpeedStep.st,25,LECTURE,ConfigErrorId                   : WORD;
_ConfigErrorIdInt,CODE/H_TREUILS_BENNE/FB_SpeedStep.st,29,LECTURE,_ConfigErrorIdInt               : WORD;
_ConfigErrorIdInt,CODE/H_TREUILS_BENNE/FB_SpeedStep.st,43,ECRITURE,_ConfigErrorIdInt := 16#0000;
_ConfigErrorIdInt,CODE/H_TREUILS_BENNE/FB_SpeedStep.st,49,ECRITURE,_ConfigErrorIdInt := _ConfigErrorIdInt OR 16#0001;
_ConfigErrorIdInt,CODE/H_TREUILS_BENNE/FB_SpeedStep.st,49,LECTURE,_ConfigErrorIdInt := _ConfigErrorIdInt OR 16#0001;
_ConfigErrorIdInt,CODE/H_TREUILS_BENNE/FB_SpeedStep.st,53,ECRITURE,_ConfigErrorIdInt := _ConfigErrorIdInt OR 16#0001;
_ConfigErrorIdInt,CODE/H_TREUILS_BENNE/FB_SpeedStep.st,53,LECTURE,_ConfigErrorIdInt := _ConfigErrorIdInt OR 16#0001;
ConfigErrorId,CODE/H_TREUILS_BENNE/FB_SpeedStep.st,55,ECRITURE,ConfigErrorId := _ConfigErrorIdInt;
_ConfigErrorIdInt,CODE/H_TREUILS_BENNE/FB_SpeedStep.st,55,LECTURE,ConfigErrorId := _ConfigErrorIdInt;
ConfigError,CODE/H_TREUILS_BENNE/FB_SpeedStep.st,56,ECRITURE,ConfigError := (ConfigErrorId <> 16#0000);
ConfigErrorId,CODE/H_TREUILS_BENNE/FB_SpeedStep.st,56,LECTURE,ConfigError := (ConfigErrorId <> 16#0000);
Diag,CODE/H_TREUILS_BENNE/FB_SyncContactor.st,51,LECTURE,Diag                            : ST_SyncContactorDiag;
Diag,CODE/H_TREUILS_BENNE/FB_SyncContactor.st,82,LECTURE,Diag.RelayFwdMismatch := FALSE;
Diag,CODE/H_TREUILS_BENNE/FB_SyncContactor.st,83,LECTURE,Diag.RelayRevMismatch := FALSE;
Diag,CODE/H_TREUILS_BENNE/FB_SyncContactor.st,84,LECTURE,Diag.Step1Mismatch := FALSE;
Diag,CODE/H_TREUILS_BENNE/FB_SyncContactor.st,85,LECTURE,Diag.Step2Mismatch := FALSE;
Diag,CODE/H_TREUILS_BENNE/FB_SyncContactor.st,86,LECTURE,Diag.Step3Mismatch := FALSE;
Diag,CODE/H_TREUILS_BENNE/FB_SyncContactor.st,87,LECTURE,Diag.Step4Mismatch := FALSE;
Diag,CODE/H_TREUILS_BENNE/FB_SyncContactor.st,88,LECTURE,Diag.MismatchLevel := 0;
Diag,CODE/H_TREUILS_BENNE/FB_SyncContactor.st,104,LECTURE,Diag.RelayFwdMismatch := (BothCommanded OR SyncEnable) AND (RelayFwdM1 <> RelayFwdM2);
Diag,CODE/H_TREUILS_BENNE/FB_SyncContactor.st,105,LECTURE,Diag.RelayRevMismatch := (BothCommanded OR SyncEnable) AND (RelayRevM1 <> RelayRevM2);
Diag,CODE/H_TREUILS_BENNE/FB_SyncContactor.st,106,LECTURE,Diag.Step1Mismatch    := (BothCommanded OR SyncEnable) AND (Contactor1_M1 <> Contactor1_M2);
Diag,CODE/H_TREUILS_BENNE/FB_SyncContactor.st,107,LECTURE,Diag.Step2Mismatch    := (BothCommanded OR SyncEnable) AND (Contactor2_M1 <> Contactor2_M2);
Diag,CODE/H_TREUILS_BENNE/FB_SyncContactor.st,108,LECTURE,Diag.Step3Mismatch    := (BothCommanded OR SyncEnable) AND (Contactor3_M1 <> Contactor3_M2);
Diag,CODE/H_TREUILS_BENNE/FB_SyncContactor.st,109,LECTURE,Diag.Step4Mismatch    := (BothCommanded OR SyncEnable) AND (Contactor4_M1 <> Contactor4_M2);
Diag,CODE/H_TREUILS_BENNE/FB_SyncContactor.st,128,LECTURE,Diag.Step1Mismatch := FALSE;
Diag,CODE/H_TREUILS_BENNE/FB_SyncContactor.st,129,LECTURE,Diag.Step2Mismatch := FALSE;
Diag,CODE/H_TREUILS_BENNE/FB_SyncContactor.st,130,LECTURE,Diag.Step3Mismatch := FALSE;
Diag,CODE/H_TREUILS_BENNE/FB_SyncContactor.st,131,LECTURE,Diag.Step4Mismatch := FALSE;
Diag,CODE/H_TREUILS_BENNE/FB_SyncContactor.st,134,LECTURE,MismatchActive := Diag.RelayFwdMismatch OR Diag.RelayRevMismatch
Diag,CODE/H_TREUILS_BENNE/FB_SyncContactor.st,134,LECTURE,MismatchActive := Diag.RelayFwdMismatch OR Diag.RelayRevMismatch
Diag,CODE/H_TREUILS_BENNE/FB_SyncContactor.st,135,LECTURE,OR Diag.Step1Mismatch OR Diag.Step2Mismatch
Diag,CODE/H_TREUILS_BENNE/FB_SyncContactor.st,135,LECTURE,OR Diag.Step1Mismatch OR Diag.Step2Mismatch
Diag,CODE/H_TREUILS_BENNE/FB_SyncContactor.st,136,LECTURE,OR Diag.Step3Mismatch OR Diag.Step4Mismatch;
Diag,CODE/H_TREUILS_BENNE/FB_SyncContactor.st,136,LECTURE,OR Diag.Step3Mismatch OR Diag.Step4Mismatch;
Diag,CODE/H_TREUILS_BENNE/FB_SyncContactor.st,149,LECTURE,Diag.MismatchLevel := 2;
Diag,CODE/H_TREUILS_BENNE/FB_SyncContactor.st,151,LECTURE,Diag.MismatchLevel := 1;
Diag,CODE/H_TREUILS_BENNE/FB_SyncContactor.st,153,LECTURE,Diag.MismatchLevel := 0;
SyncDeviationFault,CODE/H_TREUILS_BENNE/FB_SyncDeviation.st,40,LECTURE,SyncDeviationFault              : BOOL;
DeviationFaultTimer,CODE/H_TREUILS_BENNE/FB_SyncDeviation.st,45,LECTURE,DeviationFaultTimer            : TON;
FaultActive,CODE/H_TREUILS_BENNE/FB_SyncDeviation.st,49,LECTURE,FaultActive                     : BOOL;
WarnLatched,CODE/H_TREUILS_BENNE/FB_SyncDeviation.st,50,LECTURE,WarnLatched                     : BOOL;
SyncDeviationFault,CODE/H_TREUILS_BENNE/FB_SyncDeviation.st,57,ECRITURE_FALSE,SyncDeviationWarn := FALSE; SyncDeviationFault := FALSE;
WarnLatched,CODE/H_TREUILS_BENNE/FB_SyncDeviation.st,58,ECRITURE_FALSE,WarnLatched := FALSE;
FaultActive,CODE/H_TREUILS_BENNE/FB_SyncDeviation.st,82,ECRITURE,FaultActive := SyncEnable AND HomedAndReliableM1 AND HomedAndReliableM2 AND (DeltaPosM > CfgSyncCriticalToleranceM);
WarnLatched,CODE/H_TREUILS_BENNE/FB_SyncDeviation.st,87,ECRITURE_FALSE,WarnLatched := FALSE;
WarnLatched,CODE/H_TREUILS_BENNE/FB_SyncDeviation.st,89,ECRITURE_TRUE,WarnLatched := TRUE;
WarnLatched,CODE/H_TREUILS_BENNE/FB_SyncDeviation.st,91,ECRITURE_FALSE,WarnLatched := FALSE;
WarnLatched,CODE/H_TREUILS_BENNE/FB_SyncDeviation.st,93,LECTURE,SyncDeviationWarn := WarnActive OR WarnLatched;
DeviationFaultTimer,CODE/H_TREUILS_BENNE/FB_SyncDeviation.st,95,LECTURE,"DeviationFaultTimer(IN := FaultActive, PT := T#800ms);"
FaultActive,CODE/H_TREUILS_BENNE/FB_SyncDeviation.st,95,LECTURE,"DeviationFaultTimer(IN := FaultActive, PT := T#800ms);"
SyncDeviationFault,CODE/H_TREUILS_BENNE/FB_SyncDeviation.st,96,ECRITURE,SyncDeviationFault := DeviationFaultTimer.Q;
DeviationFaultTimer,CODE/H_TREUILS_BENNE/FB_SyncDeviation.st,96,LECTURE,SyncDeviationFault := DeviationFaultTimer.Q;
SyncDeviationFault,CODE/H_TREUILS_BENNE/FB_SyncDeviation.st,99,ECRITURE_FALSE,SyncDeviationFault := FALSE;
WarnLatched,CODE/H_TREUILS_BENNE/FB_SyncDeviation.st,100,ECRITURE_FALSE,WarnLatched := FALSE;
Fault,CODE/H_TREUILS_BENNE/FB_Winch.st,41,LECTURE,Fault                           : ST_Fault;
SpeedStepConfigFaultLatched,CODE/H_TREUILS_BENNE/FB_Winch.st,94,LECTURE,SpeedStepConfigFaultLatched     : BOOL;
instFault,CODE/H_TREUILS_BENNE/FB_Winch.st,97,LECTURE,instFault                       : FB_FaultCore;
SpeedStepConfigFaultLatched,CODE/H_TREUILS_BENNE/FB_Winch.st,109,ECRITURE_FALSE,SpeedStepConfigFaultLatched := FALSE;
ConfigError,CODE/H_TREUILS_BENNE/FB_Winch.st,113,LECTURE,IF Enable AND SpeedStep.ConfigError THEN
SpeedStepConfigFaultLatched,CODE/H_TREUILS_BENNE/FB_Winch.st,114,ECRITURE_TRUE,SpeedStepConfigFaultLatched := TRUE;
SpeedStepConfigFaultLatched,CODE/H_TREUILS_BENNE/FB_Winch.st,124,LECTURE,instCauses[2].Active   := SpeedStepConfigFaultLatched;
instFault,CODE/H_TREUILS_BENNE/FB_Winch.st,129,LECTURE,"instFault(Enable := Enable, Reset := Reset, Causes := instCauses);"
Fault,CODE/H_TREUILS_BENNE/FB_Winch.st,130,ECRITURE,Fault := instFault.Fault;
instFault,CODE/H_TREUILS_BENNE/FB_Winch.st,130,LECTURE,Fault := instFault.Fault;
Fault,CODE/H_TREUILS_BENNE/FB_Winch.st,130,LECTURE,Fault := instFault.Fault;
Fault,CODE/H_TREUILS_BENNE/FB_Winch.st,164,LECTURE,Ready := Enable AND NOT Fault.Latched;
Latched,CODE/H_TREUILS_BENNE/FB_Winch.st,164,LECTURE,Ready := Enable AND NOT Fault.Latched;
Fault,CODE/H_TREUILS_BENNE/FB_Winch.st,320,LECTURE,IF Fault.Error THEN
Error,CODE/H_TREUILS_BENNE/FB_Winch.st,320,LECTURE,IF Fault.Error THEN
Fault,CODE/H_TREUILS_BENNE/FB_Winch.st,334,LECTURE,SenseHoldHardCut := (NOT PowerContactorEngaged) OR EffectiveSafeStop OR Fault.Error;
Error,CODE/H_TREUILS_BENNE/FB_Winch.st,334,LECTURE,SenseHoldHardCut := (NOT PowerContactorEngaged) OR EffectiveSafeStop OR Fault.Error;
DefaultValueS,CODE/H_TREUILS_BENNE/FB_Winch_Symmetry.st,75,ECRITURE,CycleTime(DefaultValueS := 0.010); ResetEdge(CLK := Reset);
Fault,CODE/H_TREUILS_BENNE/FB_WinchLoadEstimator.st,32,LECTURE,Fault                           : ST_Fault;
ConfigOrSpeedFault,CODE/H_TREUILS_BENNE/FB_WinchLoadEstimator.st,48,LECTURE,ConfigOrSpeedFault              : BOOL;
instFault,CODE/H_TREUILS_BENNE/FB_WinchLoadEstimator.st,51,LECTURE,instFault                       : FB_FaultCore;
ConfigOrSpeedFault,CODE/H_TREUILS_BENNE/FB_WinchLoadEstimator.st,62,ECRITURE_FALSE,ConfigOrSpeedFault := FALSE;
ConfigOrSpeedFault,CODE/H_TREUILS_BENNE/FB_WinchLoadEstimator.st,65,LECTURE,instCauses[0].Active   := ConfigOrSpeedFault;
instFault,CODE/H_TREUILS_BENNE/FB_WinchLoadEstimator.st,70,LECTURE,"instFault(Enable := Enable, Reset := Reset, Causes := instCauses);"
Fault,CODE/H_TREUILS_BENNE/FB_WinchLoadEstimator.st,71,ECRITURE,Fault := instFault.Fault;
instFault,CODE/H_TREUILS_BENNE/FB_WinchLoadEstimator.st,71,LECTURE,Fault := instFault.Fault;
Fault,CODE/H_TREUILS_BENNE/FB_WinchLoadEstimator.st,71,LECTURE,Fault := instFault.Fault;
Fault,CODE/H_TREUILS_BENNE/FB_WinchLoadEstimator.st,86,LECTURE,Ready := Enable AND NOT Fault.Latched;
Latched,CODE/H_TREUILS_BENNE/FB_WinchLoadEstimator.st,86,LECTURE,Ready := Enable AND NOT Fault.Latched;
ConfigOrSpeedFault,CODE/H_TREUILS_BENNE/FB_WinchLoadEstimator.st,94,ECRITURE_TRUE,ConfigOrSpeedFault := TRUE;
ConfigOrSpeedFault,CODE/H_TREUILS_BENNE/FB_WinchLoadEstimator.st,113,ECRITURE_TRUE,ConfigOrSpeedFault := TRUE;
ConfigOrSpeedFault,CODE/H_TREUILS_BENNE/FB_WinchLoadEstimator.st,143,ECRITURE_TRUE,ConfigOrSpeedFault := TRUE;
Fault,CODE/H_TREUILS_BENNE/FB_WinchOutputInterlock.st,53,LECTURE,Fault                           : ST_Fault;
StateAtError,CODE/H_TREUILS_BENNE/FB_WinchOutputInterlock.st,55,LECTURE,StateAtError                    : E_WinchFinalInterlockState;
ErrorEdge,CODE/H_TREUILS_BENNE/FB_WinchOutputInterlock.st,90,LECTURE,ErrorEdge                       : R_TRIG;
ContactorStuckLatched,CODE/H_TREUILS_BENNE/FB_WinchOutputInterlock.st,115,LECTURE,ContactorStuckLatched           : BOOL;
Error,CODE/H_TREUILS_BENNE/FB_WinchOutputInterlock.st,121,LECTURE,Error                           : BOOL;
ErrorId,CODE/H_TREUILS_BENNE/FB_WinchOutputInterlock.st,122,LECTURE,ErrorId                         : WORD;
instFault,CODE/H_TREUILS_BENNE/FB_WinchOutputInterlock.st,125,LECTURE,instFault                       : FB_FaultCore;
ContactorStuckLatched,CODE/H_TREUILS_BENNE/FB_WinchOutputInterlock.st,159,LECTURE,ContactorStuck := ContactorStuckLatched;
Error,CODE/H_TREUILS_BENNE/FB_WinchOutputInterlock.st,168,ECRITURE,Error := (ErrorId <> 16#0000);
ErrorId,CODE/H_TREUILS_BENNE/FB_WinchOutputInterlock.st,168,LECTURE,Error := (ErrorId <> 16#0000);
Error,CODE/H_TREUILS_BENNE/FB_WinchOutputInterlock.st,193,ECRITURE,Error := (ErrorId <> 16#0000);
ErrorId,CODE/H_TREUILS_BENNE/FB_WinchOutputInterlock.st,193,LECTURE,Error := (ErrorId <> 16#0000);
ErrorEdge,CODE/H_TREUILS_BENNE/FB_WinchOutputInterlock.st,194,LECTURE,ErrorEdge(CLK := Error);
Error,CODE/H_TREUILS_BENNE/FB_WinchOutputInterlock.st,194,LECTURE,ErrorEdge(CLK := Error);
ErrorEdge,CODE/H_TREUILS_BENNE/FB_WinchOutputInterlock.st,195,LECTURE,IF ErrorEdge.Q THEN
StateAtError,CODE/H_TREUILS_BENNE/FB_WinchOutputInterlock.st,196,ECRITURE,StateAtError := State;
Error,CODE/H_TREUILS_BENNE/FB_WinchOutputInterlock.st,202,LECTURE,IF RestartInhibit AND NOT Error AND NOT ResetRequired AND NOT ResetEdge.Q THEN
Error,CODE/H_TREUILS_BENNE/FB_WinchOutputInterlock.st,284,LECTURE,AND NOT Error AND NOT RestartInhibit AND NOT ContactorStuckLatched;
ContactorStuckLatched,CODE/H_TREUILS_BENNE/FB_WinchOutputInterlock.st,284,LECTURE,AND NOT Error AND NOT RestartInhibit AND NOT ContactorStuckLatched;
Error,CODE/H_TREUILS_BENNE/FB_WinchOutputInterlock.st,291,LECTURE,ELSIF Error OR RestartInhibit THEN
ContactorStuckLatched,CODE/H_TREUILS_BENNE/FB_WinchOutputInterlock.st,317,ECRITURE_TRUE,ContactorStuckLatched := TRUE;
ContactorStuckLatched,CODE/H_TREUILS_BENNE/FB_WinchOutputInterlock.st,324,LECTURE,ContactorStuck := ContactorStuckLatched;
Error,CODE/H_TREUILS_BENNE/FB_WinchOutputInterlock.st,349,LECTURE,Busy := FALSE; Done := FALSE; Ready := NOT Error AND NOT ContactorStuckLatched;
ContactorStuckLatched,CODE/H_TREUILS_BENNE/FB_WinchOutputInterlock.st,349,LECTURE,Busy := FALSE; Done := FALSE; Ready := NOT Error AND NOT ContactorStuckLatched;
Error,CODE/H_TREUILS_BENNE/FB_WinchOutputInterlock.st,351,LECTURE,IF Error THEN
ContactorStuckLatched,CODE/H_TREUILS_BENNE/FB_WinchOutputInterlock.st,364,LECTURE,ELSIF ContactorStuckLatched THEN
ContactorStuckLatched,CODE/H_TREUILS_BENNE/FB_WinchOutputInterlock.st,513,ECRITURE_FALSE,ContactorStuckLatched := FALSE;
ErrorId,CODE/H_TREUILS_BENNE/FB_WinchOutputInterlock.st,516,ECRITURE,ErrorId := ErrorId OR 16#0001;
ErrorId,CODE/H_TREUILS_BENNE/FB_WinchOutputInterlock.st,516,LECTURE,ErrorId := ErrorId OR 16#0001;
ErrorId,CODE/H_TREUILS_BENNE/FB_WinchOutputInterlock.st,518,ECRITURE,ErrorId := ErrorId AND 16#FFFE;
ErrorId,CODE/H_TREUILS_BENNE/FB_WinchOutputInterlock.st,518,LECTURE,ErrorId := ErrorId AND 16#FFFE;
ErrorId,CODE/H_TREUILS_BENNE/FB_WinchOutputInterlock.st,528,LECTURE,instCauses[0].Active   := ((ErrorId AND 16#0001) <> 16#0000);
instFault,CODE/H_TREUILS_BENNE/FB_WinchOutputInterlock.st,531,LECTURE,"instFault(Enable := Enable, Reset := Reset, Causes := instCauses);"
Fault,CODE/H_TREUILS_BENNE/FB_WinchOutputInterlock.st,532,ECRITURE,Fault := instFault.Fault;
instFault,CODE/H_TREUILS_BENNE/FB_WinchOutputInterlock.st,532,LECTURE,Fault := instFault.Fault;
Fault,CODE/H_TREUILS_BENNE/FB_WinchOutputInterlock.st,532,LECTURE,Fault := instFault.Fault;
Error,CODE/H_TREUILS_BENNE/FB_WinchOutputInterlock.st,540,ECRITURE,Error := (ErrorId <> 16#0000);
ErrorId,CODE/H_TREUILS_BENNE/FB_WinchOutputInterlock.st,540,LECTURE,Error := (ErrorId <> 16#0000);
Error,CODE/H_TREUILS_BENNE/FB_WinchOutputInterlock.st,541,LECTURE,IF Error THEN
Fault,CODE/H_TREUILS_BENNE/FB_WinchStateProjection.st,90,LECTURE,IF WinchM1Ref.Fault.Error THEN
Error,CODE/H_TREUILS_BENNE/FB_WinchStateProjection.st,90,LECTURE,IF WinchM1Ref.Fault.Error THEN
Error,CODE/H_TREUILS_BENNE/FB_WinchStateProjection.st,100,ECRITURE,WinchM1State.Error := WinchM1Ref.Fault.Error;
Fault,CODE/H_TREUILS_BENNE/FB_WinchStateProjection.st,100,LECTURE,WinchM1State.Error := WinchM1Ref.Fault.Error;
Error,CODE/H_TREUILS_BENNE/FB_WinchStateProjection.st,100,LECTURE,WinchM1State.Error := WinchM1Ref.Fault.Error;
ErrorId,CODE/H_TREUILS_BENNE/FB_WinchStateProjection.st,101,ECRITURE,WinchM1State.ErrorId := WinchM1Ref.Fault.ErrorId;
Fault,CODE/H_TREUILS_BENNE/FB_WinchStateProjection.st,101,LECTURE,WinchM1State.ErrorId := WinchM1Ref.Fault.ErrorId;
ErrorId,CODE/H_TREUILS_BENNE/FB_WinchStateProjection.st,101,LECTURE,WinchM1State.ErrorId := WinchM1Ref.Fault.ErrorId;
FinalInterlockError,CODE/H_TREUILS_BENNE/FB_WinchStateProjection.st,114,ECRITURE,WinchM1State.FinalInterlockError := InterlockM1.Fault.Error;
Fault,CODE/H_TREUILS_BENNE/FB_WinchStateProjection.st,114,LECTURE,WinchM1State.FinalInterlockError := InterlockM1.Fault.Error;
Error,CODE/H_TREUILS_BENNE/FB_WinchStateProjection.st,114,LECTURE,WinchM1State.FinalInterlockError := InterlockM1.Fault.Error;
FinalInterlockErrorId,CODE/H_TREUILS_BENNE/FB_WinchStateProjection.st,115,ECRITURE,WinchM1State.FinalInterlockErrorId := InterlockM1.Fault.ErrorId;
Fault,CODE/H_TREUILS_BENNE/FB_WinchStateProjection.st,115,LECTURE,WinchM1State.FinalInterlockErrorId := InterlockM1.Fault.ErrorId;
ErrorId,CODE/H_TREUILS_BENNE/FB_WinchStateProjection.st,115,LECTURE,WinchM1State.FinalInterlockErrorId := InterlockM1.Fault.ErrorId;
Alarms,CODE/H_TREUILS_BENNE/FB_WinchStateProjection.st,124,ECRITURE,WinchM1State.Encoder.Alarms := HwRealWinch.COD1_Alarms;
COD1_Alarms,CODE/H_TREUILS_BENNE/FB_WinchStateProjection.st,124,LECTURE,WinchM1State.Encoder.Alarms := HwRealWinch.COD1_Alarms;
Warnings,CODE/H_TREUILS_BENNE/FB_WinchStateProjection.st,125,ECRITURE,WinchM1State.Encoder.Warnings := HwRealWinch.COD1_Warnings;
COD1_Warnings,CODE/H_TREUILS_BENNE/FB_WinchStateProjection.st,125,LECTURE,WinchM1State.Encoder.Warnings := HwRealWinch.COD1_Warnings;
Error,CODE/H_TREUILS_BENNE/FB_WinchStateProjection.st,129,ECRITURE,WinchM1State.Encoder.Error := EncoderM1.Measurement.AbsFault.Error;
AbsFault,CODE/H_TREUILS_BENNE/FB_WinchStateProjection.st,129,LECTURE,WinchM1State.Encoder.Error := EncoderM1.Measurement.AbsFault.Error;
Error,CODE/H_TREUILS_BENNE/FB_WinchStateProjection.st,129,LECTURE,WinchM1State.Encoder.Error := EncoderM1.Measurement.AbsFault.Error;
ErrorId,CODE/H_TREUILS_BENNE/FB_WinchStateProjection.st,130,ECRITURE,WinchM1State.Encoder.ErrorId := EncoderM1.Measurement.AbsFault.ErrorId;
AbsFault,CODE/H_TREUILS_BENNE/FB_WinchStateProjection.st,130,LECTURE,WinchM1State.Encoder.ErrorId := EncoderM1.Measurement.AbsFault.ErrorId;
ErrorId,CODE/H_TREUILS_BENNE/FB_WinchStateProjection.st,130,LECTURE,WinchM1State.Encoder.ErrorId := EncoderM1.Measurement.AbsFault.ErrorId;
HomingError,CODE/H_TREUILS_BENNE/FB_WinchStateProjection.st,134,ECRITURE,WinchM1State.Encoder.HomingError := EncoderM1.Measurement.HomingFault.Error;
HomingFault,CODE/H_TREUILS_BENNE/FB_WinchStateProjection.st,134,LECTURE,WinchM1State.Encoder.HomingError := EncoderM1.Measurement.HomingFault.Error;
Error,CODE/H_TREUILS_BENNE/FB_WinchStateProjection.st,134,LECTURE,WinchM1State.Encoder.HomingError := EncoderM1.Measurement.HomingFault.Error;
HomingErrorId,CODE/H_TREUILS_BENNE/FB_WinchStateProjection.st,135,ECRITURE,WinchM1State.Encoder.HomingErrorId := EncoderM1.Measurement.HomingFault.ErrorId;
HomingFault,CODE/H_TREUILS_BENNE/FB_WinchStateProjection.st,135,LECTURE,WinchM1State.Encoder.HomingErrorId := EncoderM1.Measurement.HomingFault.ErrorId;
ErrorId,CODE/H_TREUILS_BENNE/FB_WinchStateProjection.st,135,LECTURE,WinchM1State.Encoder.HomingErrorId := EncoderM1.Measurement.HomingFault.ErrorId;
HomingStateAtError,CODE/H_TREUILS_BENNE/FB_WinchStateProjection.st,137,ECRITURE,WinchM1State.Encoder.HomingStateAtError := E_State.DISABLED;
Fault,CODE/H_TREUILS_BENNE/FB_WinchStateProjection.st,157,LECTURE,IF WinchM2Ref.Fault.Error THEN
Error,CODE/H_TREUILS_BENNE/FB_WinchStateProjection.st,157,LECTURE,IF WinchM2Ref.Fault.Error THEN
Error,CODE/H_TREUILS_BENNE/FB_WinchStateProjection.st,167,ECRITURE,WinchM2State.Error := WinchM2Ref.Fault.Error;
Fault,CODE/H_TREUILS_BENNE/FB_WinchStateProjection.st,167,LECTURE,WinchM2State.Error := WinchM2Ref.Fault.Error;
Error,CODE/H_TREUILS_BENNE/FB_WinchStateProjection.st,167,LECTURE,WinchM2State.Error := WinchM2Ref.Fault.Error;
ErrorId,CODE/H_TREUILS_BENNE/FB_WinchStateProjection.st,168,ECRITURE,WinchM2State.ErrorId := WinchM2Ref.Fault.ErrorId;
Fault,CODE/H_TREUILS_BENNE/FB_WinchStateProjection.st,168,LECTURE,WinchM2State.ErrorId := WinchM2Ref.Fault.ErrorId;
ErrorId,CODE/H_TREUILS_BENNE/FB_WinchStateProjection.st,168,LECTURE,WinchM2State.ErrorId := WinchM2Ref.Fault.ErrorId;
FinalInterlockError,CODE/H_TREUILS_BENNE/FB_WinchStateProjection.st,181,ECRITURE,WinchM2State.FinalInterlockError := InterlockM2.Fault.Error;
Fault,CODE/H_TREUILS_BENNE/FB_WinchStateProjection.st,181,LECTURE,WinchM2State.FinalInterlockError := InterlockM2.Fault.Error;
Error,CODE/H_TREUILS_BENNE/FB_WinchStateProjection.st,181,LECTURE,WinchM2State.FinalInterlockError := InterlockM2.Fault.Error;
FinalInterlockErrorId,CODE/H_TREUILS_BENNE/FB_WinchStateProjection.st,182,ECRITURE,WinchM2State.FinalInterlockErrorId := InterlockM2.Fault.ErrorId;
Fault,CODE/H_TREUILS_BENNE/FB_WinchStateProjection.st,182,LECTURE,WinchM2State.FinalInterlockErrorId := InterlockM2.Fault.ErrorId;
ErrorId,CODE/H_TREUILS_BENNE/FB_WinchStateProjection.st,182,LECTURE,WinchM2State.FinalInterlockErrorId := InterlockM2.Fault.ErrorId;
Alarms,CODE/H_TREUILS_BENNE/FB_WinchStateProjection.st,191,ECRITURE,WinchM2State.Encoder.Alarms := HwRealWinch.COD2_Alarms;
COD2_Alarms,CODE/H_TREUILS_BENNE/FB_WinchStateProjection.st,191,LECTURE,WinchM2State.Encoder.Alarms := HwRealWinch.COD2_Alarms;
Warnings,CODE/H_TREUILS_BENNE/FB_WinchStateProjection.st,192,ECRITURE,WinchM2State.Encoder.Warnings := HwRealWinch.COD2_Warnings;
COD2_Warnings,CODE/H_TREUILS_BENNE/FB_WinchStateProjection.st,192,LECTURE,WinchM2State.Encoder.Warnings := HwRealWinch.COD2_Warnings;
Error,CODE/H_TREUILS_BENNE/FB_WinchStateProjection.st,196,ECRITURE,WinchM2State.Encoder.Error := EncoderM2.Measurement.AbsFault.Error;
AbsFault,CODE/H_TREUILS_BENNE/FB_WinchStateProjection.st,196,LECTURE,WinchM2State.Encoder.Error := EncoderM2.Measurement.AbsFault.Error;
Error,CODE/H_TREUILS_BENNE/FB_WinchStateProjection.st,196,LECTURE,WinchM2State.Encoder.Error := EncoderM2.Measurement.AbsFault.Error;
ErrorId,CODE/H_TREUILS_BENNE/FB_WinchStateProjection.st,197,ECRITURE,WinchM2State.Encoder.ErrorId := EncoderM2.Measurement.AbsFault.ErrorId;
AbsFault,CODE/H_TREUILS_BENNE/FB_WinchStateProjection.st,197,LECTURE,WinchM2State.Encoder.ErrorId := EncoderM2.Measurement.AbsFault.ErrorId;
ErrorId,CODE/H_TREUILS_BENNE/FB_WinchStateProjection.st,197,LECTURE,WinchM2State.Encoder.ErrorId := EncoderM2.Measurement.AbsFault.ErrorId;
HomingError,CODE/H_TREUILS_BENNE/FB_WinchStateProjection.st,201,ECRITURE,WinchM2State.Encoder.HomingError := EncoderM2.Measurement.HomingFault.Error;
HomingFault,CODE/H_TREUILS_BENNE/FB_WinchStateProjection.st,201,LECTURE,WinchM2State.Encoder.HomingError := EncoderM2.Measurement.HomingFault.Error;
Error,CODE/H_TREUILS_BENNE/FB_WinchStateProjection.st,201,LECTURE,WinchM2State.Encoder.HomingError := EncoderM2.Measurement.HomingFault.Error;
HomingErrorId,CODE/H_TREUILS_BENNE/FB_WinchStateProjection.st,202,ECRITURE,WinchM2State.Encoder.HomingErrorId := EncoderM2.Measurement.HomingFault.ErrorId;
HomingFault,CODE/H_TREUILS_BENNE/FB_WinchStateProjection.st,202,LECTURE,WinchM2State.Encoder.HomingErrorId := EncoderM2.Measurement.HomingFault.ErrorId;
ErrorId,CODE/H_TREUILS_BENNE/FB_WinchStateProjection.st,202,LECTURE,WinchM2State.Encoder.HomingErrorId := EncoderM2.Measurement.HomingFault.ErrorId;
HomingStateAtError,CODE/H_TREUILS_BENNE/FB_WinchStateProjection.st,204,ECRITURE,WinchM2State.Encoder.HomingStateAtError := E_State.DISABLED;
ThermalFault,CODE/H_TREUILS_BENNE/FB_WinchStateProjection.st,234,ECRITURE,WinchM1Safety.ThermalFault := NOT HwInWinch.M1_ThermalOk_DI;
Error,CODE/H_TREUILS_BENNE/FB_WinchStateProjection.st,236,ECRITURE,WinchM1Safety.Error := WinchM1Ref.Fault.Error OR SafetyM1.Fault.Error;
Fault,CODE/H_TREUILS_BENNE/FB_WinchStateProjection.st,236,LECTURE,WinchM1Safety.Error := WinchM1Ref.Fault.Error OR SafetyM1.Fault.Error;
Error,CODE/H_TREUILS_BENNE/FB_WinchStateProjection.st,236,LECTURE,WinchM1Safety.Error := WinchM1Ref.Fault.Error OR SafetyM1.Fault.Error;
Fault,CODE/H_TREUILS_BENNE/FB_WinchStateProjection.st,236,LECTURE,WinchM1Safety.Error := WinchM1Ref.Fault.Error OR SafetyM1.Fault.Error;
Error,CODE/H_TREUILS_BENNE/FB_WinchStateProjection.st,236,LECTURE,WinchM1Safety.Error := WinchM1Ref.Fault.Error OR SafetyM1.Fault.Error;
ErrorId,CODE/H_TREUILS_BENNE/FB_WinchStateProjection.st,237,ECRITURE,WinchM1Safety.ErrorId := SafetyM1.Fault.ErrorId;
Fault,CODE/H_TREUILS_BENNE/FB_WinchStateProjection.st,237,LECTURE,WinchM1Safety.ErrorId := SafetyM1.Fault.ErrorId;
ErrorId,CODE/H_TREUILS_BENNE/FB_WinchStateProjection.st,237,LECTURE,WinchM1Safety.ErrorId := SafetyM1.Fault.ErrorId;
LatchedId,CODE/H_TREUILS_BENNE/FB_WinchStateProjection.st,238,ECRITURE,WinchM1Safety.LatchedId := SafetyM1.Fault.LatchedId;
Fault,CODE/H_TREUILS_BENNE/FB_WinchStateProjection.st,238,LECTURE,WinchM1Safety.LatchedId := SafetyM1.Fault.LatchedId;
LatchedId,CODE/H_TREUILS_BENNE/FB_WinchStateProjection.st,238,LECTURE,WinchM1Safety.LatchedId := SafetyM1.Fault.LatchedId;
ErrorOperatorComm,CODE/H_TREUILS_BENNE/FB_WinchStateProjection.st,239,ECRITURE,WinchM1Safety.ErrorOperatorComm  := (SafetyM1.Fault.ErrorId AND 16#0001) <> 0;
Fault,CODE/H_TREUILS_BENNE/FB_WinchStateProjection.st,239,LECTURE,WinchM1Safety.ErrorOperatorComm  := (SafetyM1.Fault.ErrorId AND 16#0001) <> 0;
ErrorId,CODE/H_TREUILS_BENNE/FB_WinchStateProjection.st,239,LECTURE,WinchM1Safety.ErrorOperatorComm  := (SafetyM1.Fault.ErrorId AND 16#0001) <> 0;
ErrorEncoder,CODE/H_TREUILS_BENNE/FB_WinchStateProjection.st,240,ECRITURE,WinchM1Safety.ErrorEncoder       := (SafetyM1.Fault.ErrorId AND 16#0002) <> 0;
Fault,CODE/H_TREUILS_BENNE/FB_WinchStateProjection.st,240,LECTURE,WinchM1Safety.ErrorEncoder       := (SafetyM1.Fault.ErrorId AND 16#0002) <> 0;
ErrorId,CODE/H_TREUILS_BENNE/FB_WinchStateProjection.st,240,LECTURE,WinchM1Safety.ErrorEncoder       := (SafetyM1.Fault.ErrorId AND 16#0002) <> 0;
ErrorPhaseRotation,CODE/H_TREUILS_BENNE/FB_WinchStateProjection.st,241,ECRITURE,WinchM1Safety.ErrorPhaseRotation := (SafetyM1.Fault.ErrorId AND 16#0010) <> 0;
Fault,CODE/H_TREUILS_BENNE/FB_WinchStateProjection.st,241,LECTURE,WinchM1Safety.ErrorPhaseRotation := (SafetyM1.Fault.ErrorId AND 16#0010) <> 0;
ErrorId,CODE/H_TREUILS_BENNE/FB_WinchStateProjection.st,241,LECTURE,WinchM1Safety.ErrorPhaseRotation := (SafetyM1.Fault.ErrorId AND 16#0010) <> 0;
ErrorBrakeThermal,CODE/H_TREUILS_BENNE/FB_WinchStateProjection.st,242,ECRITURE,WinchM1Safety.ErrorBrakeThermal  := (SafetyM1.Fault.ErrorId AND 16#0400) <> 0;
Fault,CODE/H_TREUILS_BENNE/FB_WinchStateProjection.st,242,LECTURE,WinchM1Safety.ErrorBrakeThermal  := (SafetyM1.Fault.ErrorId AND 16#0400) <> 0;
ErrorId,CODE/H_TREUILS_BENNE/FB_WinchStateProjection.st,242,LECTURE,WinchM1Safety.ErrorBrakeThermal  := (SafetyM1.Fault.ErrorId AND 16#0400) <> 0;
ErrorMecaA,CODE/H_TREUILS_BENNE/FB_WinchStateProjection.st,243,ECRITURE,WinchM1Safety.ErrorMecaA         := (SafetyM1.Fault.ErrorId AND 16#0080) <> 0;
Fault,CODE/H_TREUILS_BENNE/FB_WinchStateProjection.st,243,LECTURE,WinchM1Safety.ErrorMecaA         := (SafetyM1.Fault.ErrorId AND 16#0080) <> 0;
ErrorId,CODE/H_TREUILS_BENNE/FB_WinchStateProjection.st,243,LECTURE,WinchM1Safety.ErrorMecaA         := (SafetyM1.Fault.ErrorId AND 16#0080) <> 0;
ErrorMecaB,CODE/H_TREUILS_BENNE/FB_WinchStateProjection.st,244,ECRITURE,WinchM1Safety.ErrorMecaB         := (SafetyM1.Fault.ErrorId AND 16#0100) <> 0;
Fault,CODE/H_TREUILS_BENNE/FB_WinchStateProjection.st,244,LECTURE,WinchM1Safety.ErrorMecaB         := (SafetyM1.Fault.ErrorId AND 16#0100) <> 0;
ErrorId,CODE/H_TREUILS_BENNE/FB_WinchStateProjection.st,244,LECTURE,WinchM1Safety.ErrorMecaB         := (SafetyM1.Fault.ErrorId AND 16#0100) <> 0;
ErrorMecaC,CODE/H_TREUILS_BENNE/FB_WinchStateProjection.st,245,ECRITURE,WinchM1Safety.ErrorMecaC         := (SafetyM1.Fault.ErrorId AND 16#0200) <> 0;
Fault,CODE/H_TREUILS_BENNE/FB_WinchStateProjection.st,245,LECTURE,WinchM1Safety.ErrorMecaC         := (SafetyM1.Fault.ErrorId AND 16#0200) <> 0;
ErrorId,CODE/H_TREUILS_BENNE/FB_WinchStateProjection.st,245,LECTURE,WinchM1Safety.ErrorMecaC         := (SafetyM1.Fault.ErrorId AND 16#0200) <> 0;
ErrorMecaD,CODE/H_TREUILS_BENNE/FB_WinchStateProjection.st,246,ECRITURE,WinchM1Safety.ErrorMecaD         := (SafetyM1.Fault.ErrorId AND 16#0800) <> 0;
Fault,CODE/H_TREUILS_BENNE/FB_WinchStateProjection.st,246,LECTURE,WinchM1Safety.ErrorMecaD         := (SafetyM1.Fault.ErrorId AND 16#0800) <> 0;
ErrorId,CODE/H_TREUILS_BENNE/FB_WinchStateProjection.st,246,LECTURE,WinchM1Safety.ErrorMecaD         := (SafetyM1.Fault.ErrorId AND 16#0800) <> 0;
ErrorMecaE,CODE/H_TREUILS_BENNE/FB_WinchStateProjection.st,247,ECRITURE,WinchM1Safety.ErrorMecaE         := (SafetyM1.Fault.ErrorId AND 16#3000) <> 0;
Fault,CODE/H_TREUILS_BENNE/FB_WinchStateProjection.st,247,LECTURE,WinchM1Safety.ErrorMecaE         := (SafetyM1.Fault.ErrorId AND 16#3000) <> 0;
ErrorId,CODE/H_TREUILS_BENNE/FB_WinchStateProjection.st,247,LECTURE,WinchM1Safety.ErrorMecaE         := (SafetyM1.Fault.ErrorId AND 16#3000) <> 0;
ErrorOppositeDir,CODE/H_TREUILS_BENNE/FB_WinchStateProjection.st,248,ECRITURE,WinchM1Safety.ErrorOppositeDir   := (SafetyM1.Fault.ErrorId AND 16#4000) <> 0;
Fault,CODE/H_TREUILS_BENNE/FB_WinchStateProjection.st,248,LECTURE,WinchM1Safety.ErrorOppositeDir   := (SafetyM1.Fault.ErrorId AND 16#4000) <> 0;
ErrorId,CODE/H_TREUILS_BENNE/FB_WinchStateProjection.st,248,LECTURE,WinchM1Safety.ErrorOppositeDir   := (SafetyM1.Fault.ErrorId AND 16#4000) <> 0;
ErrorNoMovement,CODE/H_TREUILS_BENNE/FB_WinchStateProjection.st,249,ECRITURE,WinchM1Safety.ErrorNoMovement    := (SafetyM1.Fault.ErrorId AND 16#8000) <> 0;
Fault,CODE/H_TREUILS_BENNE/FB_WinchStateProjection.st,249,LECTURE,WinchM1Safety.ErrorNoMovement    := (SafetyM1.Fault.ErrorId AND 16#8000) <> 0;
ErrorId,CODE/H_TREUILS_BENNE/FB_WinchStateProjection.st,249,LECTURE,WinchM1Safety.ErrorNoMovement    := (SafetyM1.Fault.ErrorId AND 16#8000) <> 0;
ErrorOverspeed,CODE/H_TREUILS_BENNE/FB_WinchStateProjection.st,250,ECRITURE,WinchM1Safety.ErrorOverspeed     := SafetyM1.OverspeedFault;
OverspeedFault,CODE/H_TREUILS_BENNE/FB_WinchStateProjection.st,250,LECTURE,WinchM1Safety.ErrorOverspeed     := SafetyM1.OverspeedFault;
ThermalFault,CODE/H_TREUILS_BENNE/FB_WinchStateProjection.st,262,ECRITURE,WinchM2Safety.ThermalFault := NOT HwInWinch.M2_ThermalOk_DI;
Error,CODE/H_TREUILS_BENNE/FB_WinchStateProjection.st,264,ECRITURE,WinchM2Safety.Error := WinchM2Ref.Fault.Error OR SafetyM2.Fault.Error;
Fault,CODE/H_TREUILS_BENNE/FB_WinchStateProjection.st,264,LECTURE,WinchM2Safety.Error := WinchM2Ref.Fault.Error OR SafetyM2.Fault.Error;
Error,CODE/H_TREUILS_BENNE/FB_WinchStateProjection.st,264,LECTURE,WinchM2Safety.Error := WinchM2Ref.Fault.Error OR SafetyM2.Fault.Error;
Fault,CODE/H_TREUILS_BENNE/FB_WinchStateProjection.st,264,LECTURE,WinchM2Safety.Error := WinchM2Ref.Fault.Error OR SafetyM2.Fault.Error;
Error,CODE/H_TREUILS_BENNE/FB_WinchStateProjection.st,264,LECTURE,WinchM2Safety.Error := WinchM2Ref.Fault.Error OR SafetyM2.Fault.Error;
ErrorId,CODE/H_TREUILS_BENNE/FB_WinchStateProjection.st,265,ECRITURE,WinchM2Safety.ErrorId := SafetyM2.Fault.ErrorId;
Fault,CODE/H_TREUILS_BENNE/FB_WinchStateProjection.st,265,LECTURE,WinchM2Safety.ErrorId := SafetyM2.Fault.ErrorId;
ErrorId,CODE/H_TREUILS_BENNE/FB_WinchStateProjection.st,265,LECTURE,WinchM2Safety.ErrorId := SafetyM2.Fault.ErrorId;
LatchedId,CODE/H_TREUILS_BENNE/FB_WinchStateProjection.st,266,ECRITURE,WinchM2Safety.LatchedId := SafetyM2.Fault.LatchedId;
Fault,CODE/H_TREUILS_BENNE/FB_WinchStateProjection.st,266,LECTURE,WinchM2Safety.LatchedId := SafetyM2.Fault.LatchedId;
LatchedId,CODE/H_TREUILS_BENNE/FB_WinchStateProjection.st,266,LECTURE,WinchM2Safety.LatchedId := SafetyM2.Fault.LatchedId;
ErrorOperatorComm,CODE/H_TREUILS_BENNE/FB_WinchStateProjection.st,267,ECRITURE,WinchM2Safety.ErrorOperatorComm  := (SafetyM2.Fault.ErrorId AND 16#0001) <> 0;
Fault,CODE/H_TREUILS_BENNE/FB_WinchStateProjection.st,267,LECTURE,WinchM2Safety.ErrorOperatorComm  := (SafetyM2.Fault.ErrorId AND 16#0001) <> 0;
ErrorId,CODE/H_TREUILS_BENNE/FB_WinchStateProjection.st,267,LECTURE,WinchM2Safety.ErrorOperatorComm  := (SafetyM2.Fault.ErrorId AND 16#0001) <> 0;
ErrorEncoder,CODE/H_TREUILS_BENNE/FB_WinchStateProjection.st,268,ECRITURE,WinchM2Safety.ErrorEncoder       := (SafetyM2.Fault.ErrorId AND 16#0002) <> 0;
Fault,CODE/H_TREUILS_BENNE/FB_WinchStateProjection.st,268,LECTURE,WinchM2Safety.ErrorEncoder       := (SafetyM2.Fault.ErrorId AND 16#0002) <> 0;
ErrorId,CODE/H_TREUILS_BENNE/FB_WinchStateProjection.st,268,LECTURE,WinchM2Safety.ErrorEncoder       := (SafetyM2.Fault.ErrorId AND 16#0002) <> 0;
ErrorPhaseRotation,CODE/H_TREUILS_BENNE/FB_WinchStateProjection.st,269,ECRITURE,WinchM2Safety.ErrorPhaseRotation := (SafetyM2.Fault.ErrorId AND 16#0010) <> 0;
Fault,CODE/H_TREUILS_BENNE/FB_WinchStateProjection.st,269,LECTURE,WinchM2Safety.ErrorPhaseRotation := (SafetyM2.Fault.ErrorId AND 16#0010) <> 0;
ErrorId,CODE/H_TREUILS_BENNE/FB_WinchStateProjection.st,269,LECTURE,WinchM2Safety.ErrorPhaseRotation := (SafetyM2.Fault.ErrorId AND 16#0010) <> 0;
ErrorBrakeThermal,CODE/H_TREUILS_BENNE/FB_WinchStateProjection.st,270,ECRITURE,WinchM2Safety.ErrorBrakeThermal  := (SafetyM2.Fault.ErrorId AND 16#0400) <> 0;
Fault,CODE/H_TREUILS_BENNE/FB_WinchStateProjection.st,270,LECTURE,WinchM2Safety.ErrorBrakeThermal  := (SafetyM2.Fault.ErrorId AND 16#0400) <> 0;
ErrorId,CODE/H_TREUILS_BENNE/FB_WinchStateProjection.st,270,LECTURE,WinchM2Safety.ErrorBrakeThermal  := (SafetyM2.Fault.ErrorId AND 16#0400) <> 0;
ErrorMecaA,CODE/H_TREUILS_BENNE/FB_WinchStateProjection.st,271,ECRITURE,WinchM2Safety.ErrorMecaA         := (SafetyM2.Fault.ErrorId AND 16#0080) <> 0;
Fault,CODE/H_TREUILS_BENNE/FB_WinchStateProjection.st,271,LECTURE,WinchM2Safety.ErrorMecaA         := (SafetyM2.Fault.ErrorId AND 16#0080) <> 0;
ErrorId,CODE/H_TREUILS_BENNE/FB_WinchStateProjection.st,271,LECTURE,WinchM2Safety.ErrorMecaA         := (SafetyM2.Fault.ErrorId AND 16#0080) <> 0;
ErrorMecaB,CODE/H_TREUILS_BENNE/FB_WinchStateProjection.st,272,ECRITURE,WinchM2Safety.ErrorMecaB         := (SafetyM2.Fault.ErrorId AND 16#0100) <> 0;
Fault,CODE/H_TREUILS_BENNE/FB_WinchStateProjection.st,272,LECTURE,WinchM2Safety.ErrorMecaB         := (SafetyM2.Fault.ErrorId AND 16#0100) <> 0;
ErrorId,CODE/H_TREUILS_BENNE/FB_WinchStateProjection.st,272,LECTURE,WinchM2Safety.ErrorMecaB         := (SafetyM2.Fault.ErrorId AND 16#0100) <> 0;
ErrorMecaC,CODE/H_TREUILS_BENNE/FB_WinchStateProjection.st,273,ECRITURE,WinchM2Safety.ErrorMecaC         := (SafetyM2.Fault.ErrorId AND 16#0200) <> 0;
Fault,CODE/H_TREUILS_BENNE/FB_WinchStateProjection.st,273,LECTURE,WinchM2Safety.ErrorMecaC         := (SafetyM2.Fault.ErrorId AND 16#0200) <> 0;
ErrorId,CODE/H_TREUILS_BENNE/FB_WinchStateProjection.st,273,LECTURE,WinchM2Safety.ErrorMecaC         := (SafetyM2.Fault.ErrorId AND 16#0200) <> 0;
ErrorMecaD,CODE/H_TREUILS_BENNE/FB_WinchStateProjection.st,274,ECRITURE,WinchM2Safety.ErrorMecaD         := (SafetyM2.Fault.ErrorId AND 16#0800) <> 0;
Fault,CODE/H_TREUILS_BENNE/FB_WinchStateProjection.st,274,LECTURE,WinchM2Safety.ErrorMecaD         := (SafetyM2.Fault.ErrorId AND 16#0800) <> 0;
ErrorId,CODE/H_TREUILS_BENNE/FB_WinchStateProjection.st,274,LECTURE,WinchM2Safety.ErrorMecaD         := (SafetyM2.Fault.ErrorId AND 16#0800) <> 0;
ErrorMecaE,CODE/H_TREUILS_BENNE/FB_WinchStateProjection.st,275,ECRITURE,WinchM2Safety.ErrorMecaE         := (SafetyM2.Fault.ErrorId AND 16#3000) <> 0;
Fault,CODE/H_TREUILS_BENNE/FB_WinchStateProjection.st,275,LECTURE,WinchM2Safety.ErrorMecaE         := (SafetyM2.Fault.ErrorId AND 16#3000) <> 0;
ErrorId,CODE/H_TREUILS_BENNE/FB_WinchStateProjection.st,275,LECTURE,WinchM2Safety.ErrorMecaE         := (SafetyM2.Fault.ErrorId AND 16#3000) <> 0;
ErrorOppositeDir,CODE/H_TREUILS_BENNE/FB_WinchStateProjection.st,276,ECRITURE,WinchM2Safety.ErrorOppositeDir   := (SafetyM2.Fault.ErrorId AND 16#4000) <> 0;
Fault,CODE/H_TREUILS_BENNE/FB_WinchStateProjection.st,276,LECTURE,WinchM2Safety.ErrorOppositeDir   := (SafetyM2.Fault.ErrorId AND 16#4000) <> 0;
ErrorId,CODE/H_TREUILS_BENNE/FB_WinchStateProjection.st,276,LECTURE,WinchM2Safety.ErrorOppositeDir   := (SafetyM2.Fault.ErrorId AND 16#4000) <> 0;
ErrorNoMovement,CODE/H_TREUILS_BENNE/FB_WinchStateProjection.st,277,ECRITURE,WinchM2Safety.ErrorNoMovement    := (SafetyM2.Fault.ErrorId AND 16#8000) <> 0;
Fault,CODE/H_TREUILS_BENNE/FB_WinchStateProjection.st,277,LECTURE,WinchM2Safety.ErrorNoMovement    := (SafetyM2.Fault.ErrorId AND 16#8000) <> 0;
ErrorId,CODE/H_TREUILS_BENNE/FB_WinchStateProjection.st,277,LECTURE,WinchM2Safety.ErrorNoMovement    := (SafetyM2.Fault.ErrorId AND 16#8000) <> 0;
ErrorOverspeed,CODE/H_TREUILS_BENNE/FB_WinchStateProjection.st,278,ECRITURE,WinchM2Safety.ErrorOverspeed     := SafetyM2.OverspeedFault;
OverspeedFault,CODE/H_TREUILS_BENNE/FB_WinchStateProjection.st,278,LECTURE,WinchM2Safety.ErrorOverspeed     := SafetyM2.OverspeedFault;
Fault,CODE/H_TREUILS_BENNE/FB_WinchSync.st,55,LECTURE,Fault                           : ST_Fault;
SyncDeviationFault,CODE/H_TREUILS_BENNE/FB_WinchSync.st,63,LECTURE,SyncDeviationFault              : BOOL;
instFault,CODE/H_TREUILS_BENNE/FB_WinchSync.st,76,LECTURE,instFault                       : FB_FaultCore;
SyncDeviationFault,CODE/H_TREUILS_BENNE/FB_WinchSync.st,98,ECRITURE_FALSE,SyncWarn := FALSE; SyncDeviationWarn := FALSE; SyncDeviationFault := FALSE;
instFault,CODE/H_TREUILS_BENNE/FB_WinchSync.st,104,LECTURE,"instFault(Enable := FALSE, Reset := TRUE, Causes := instCauses);"
Fault,CODE/H_TREUILS_BENNE/FB_WinchSync.st,105,ECRITURE,Fault := instFault.Fault;
instFault,CODE/H_TREUILS_BENNE/FB_WinchSync.st,105,LECTURE,Fault := instFault.Fault;
Fault,CODE/H_TREUILS_BENNE/FB_WinchSync.st,105,LECTURE,Fault := instFault.Fault;
SyncDeviationFault,CODE/H_TREUILS_BENNE/FB_WinchSync.st,145,ECRITURE,SyncDeviationFault := instDeviation.SyncDeviationFault;
SyncDeviationFault,CODE/H_TREUILS_BENNE/FB_WinchSync.st,145,LECTURE,SyncDeviationFault := instDeviation.SyncDeviationFault;
SyncDeviationFault,CODE/H_TREUILS_BENNE/FB_WinchSync.st,179,LECTURE,instCauses[2].Active   := instDeviation.SyncDeviationFault;
instFault,CODE/H_TREUILS_BENNE/FB_WinchSync.st,189,LECTURE,"instFault(Enable := Enable, Reset := Reset, Causes := instCauses);"
Fault,CODE/H_TREUILS_BENNE/FB_WinchSync.st,190,ECRITURE,Fault := instFault.Fault;
instFault,CODE/H_TREUILS_BENNE/FB_WinchSync.st,190,LECTURE,Fault := instFault.Fault;
Fault,CODE/H_TREUILS_BENNE/FB_WinchSync.st,190,LECTURE,Fault := instFault.Fault;
Fault,CODE/H_TREUILS_BENNE/FB_WinchSync.st,192,LECTURE,SyncWarn := Fault.Error;
Error,CODE/H_TREUILS_BENNE/FB_WinchSync.st,192,LECTURE,SyncWarn := Fault.Error;
Fault,CODE/H_TREUILS_BENNE/FB_WinchSync.st,193,LECTURE,Ready := Enable AND NOT Fault.Latched;
Latched,CODE/H_TREUILS_BENNE/FB_WinchSync.st,193,LECTURE,Ready := Enable AND NOT Fault.Latched;
Fault,CODE/I_TRANSLATION/FB_Safety_Translation.st,55,LECTURE,Fault               : ST_Fault;
ErrorOperatorComm,CODE/I_TRANSLATION/FB_Safety_Translation.st,58,LECTURE,ErrorOperatorComm   : BOOL;
ErrorDriveComm,CODE/I_TRANSLATION/FB_Safety_Translation.st,59,LECTURE,ErrorDriveComm      : BOOL;
ErrorPhaseRotation,CODE/I_TRANSLATION/FB_Safety_Translation.st,60,LECTURE,ErrorPhaseRotation  : BOOL;
ErrorBrakeThermal,CODE/I_TRANSLATION/FB_Safety_Translation.st,61,LECTURE,ErrorBrakeThermal   : BOOL;
ErrorMecaB,CODE/I_TRANSLATION/FB_Safety_Translation.st,62,LECTURE,ErrorMecaB          : BOOL;
ErrorMecaA,CODE/I_TRANSLATION/FB_Safety_Translation.st,63,LECTURE,ErrorMecaA          : BOOL;
ErrorLimitSwitch,CODE/I_TRANSLATION/FB_Safety_Translation.st,64,LECTURE,ErrorLimitSwitch    : BOOL;
ErrorSensorIncoherent,CODE/I_TRANSLATION/FB_Safety_Translation.st,65,LECTURE,ErrorSensorIncoherent: BOOL;
PhaseRotationFault,CODE/I_TRANSLATION/FB_Safety_Translation.st,83,LECTURE,PhaseRotationFault  : BOOL;
BrakeThermalFault,CODE/I_TRANSLATION/FB_Safety_Translation.st,84,LECTURE,BrakeThermalFault   : BOOL;
MecaBFault,CODE/I_TRANSLATION/FB_Safety_Translation.st,85,LECTURE,MecaBFault          : BOOL;
MecaAFault,CODE/I_TRANSLATION/FB_Safety_Translation.st,86,LECTURE,MecaAFault          : BOOL;
SensorIncoherentFault,CODE/I_TRANSLATION/FB_Safety_Translation.st,87,LECTURE,SensorIncoherentFault: BOOL;
instFault,CODE/I_TRANSLATION/FB_Safety_Translation.st,90,LECTURE,instFault           : FB_FaultCore;
PhaseRotationFault,CODE/I_TRANSLATION/FB_Safety_Translation.st,102,ECRITURE_FALSE,PhaseRotationFault    := FALSE;
BrakeThermalFault,CODE/I_TRANSLATION/FB_Safety_Translation.st,103,ECRITURE_FALSE,BrakeThermalFault     := FALSE;
MecaBFault,CODE/I_TRANSLATION/FB_Safety_Translation.st,104,ECRITURE_FALSE,MecaBFault            := FALSE;
MecaAFault,CODE/I_TRANSLATION/FB_Safety_Translation.st,105,ECRITURE_FALSE,MecaAFault            := FALSE;
SensorIncoherentFault,CODE/I_TRANSLATION/FB_Safety_Translation.st,106,ECRITURE_FALSE,SensorIncoherentFault := FALSE;
PhaseRotationFault,CODE/I_TRANSLATION/FB_Safety_Translation.st,111,ECRITURE_FALSE,PhaseRotationFault    := FALSE;
BrakeThermalFault,CODE/I_TRANSLATION/FB_Safety_Translation.st,112,ECRITURE_FALSE,BrakeThermalFault     := FALSE;
MecaBFault,CODE/I_TRANSLATION/FB_Safety_Translation.st,113,ECRITURE_FALSE,MecaBFault            := FALSE;
MecaAFault,CODE/I_TRANSLATION/FB_Safety_Translation.st,114,ECRITURE_FALSE,MecaAFault            := FALSE;
SensorIncoherentFault,CODE/I_TRANSLATION/FB_Safety_Translation.st,115,ECRITURE_FALSE,SensorIncoherentFault := FALSE;
PhaseRotationFault,CODE/I_TRANSLATION/FB_Safety_Translation.st,141,ECRITURE_TRUE,PhaseRotationFault := TRUE;
PhaseRotationFault,CODE/I_TRANSLATION/FB_Safety_Translation.st,143,LECTURE,instCauses[2].Active   := PhaseRotationFault;
BrakeThermalFault,CODE/I_TRANSLATION/FB_Safety_Translation.st,149,ECRITURE_TRUE,BrakeThermalFault := TRUE;
BrakeThermalFault,CODE/I_TRANSLATION/FB_Safety_Translation.st,151,LECTURE,instCauses[3].Active   := BrakeThermalFault;
MecaBFault,CODE/I_TRANSLATION/FB_Safety_Translation.st,171,ECRITURE_TRUE,IF TonMecaB.Q THEN MecaBFault := TRUE; END_IF;
MecaBFault,CODE/I_TRANSLATION/FB_Safety_Translation.st,175,LECTURE,instCauses[4].Active   := MecaBFault;
MecaAFault,CODE/I_TRANSLATION/FB_Safety_Translation.st,187,ECRITURE_TRUE,IF TonMecaA.Q THEN MecaAFault := TRUE; END_IF;
MecaAFault,CODE/I_TRANSLATION/FB_Safety_Translation.st,191,LECTURE,instCauses[5].Active   := MecaAFault;
SensorIncoherentFault,CODE/I_TRANSLATION/FB_Safety_Translation.st,213,ECRITURE_TRUE,SensorIncoherentFault := TRUE;
SensorIncoherentFault,CODE/I_TRANSLATION/FB_Safety_Translation.st,215,LECTURE,instCauses[7].Active   := SensorIncoherentFault;
instFault,CODE/I_TRANSLATION/FB_Safety_Translation.st,233,LECTURE,"instFault(Enable := Enable, Reset := Reset, Causes := instCauses);"
Fault,CODE/I_TRANSLATION/FB_Safety_Translation.st,234,ECRITURE,Fault := instFault.Fault;
instFault,CODE/I_TRANSLATION/FB_Safety_Translation.st,234,LECTURE,Fault := instFault.Fault;
Fault,CODE/I_TRANSLATION/FB_Safety_Translation.st,234,LECTURE,Fault := instFault.Fault;
ErrorOperatorComm,CODE/I_TRANSLATION/FB_Safety_Translation.st,242,ECRITURE_FALSE,ErrorOperatorComm := FALSE;
ErrorDriveComm,CODE/I_TRANSLATION/FB_Safety_Translation.st,243,ECRITURE_FALSE,ErrorDriveComm := FALSE;
ErrorPhaseRotation,CODE/I_TRANSLATION/FB_Safety_Translation.st,244,ECRITURE_FALSE,ErrorPhaseRotation := FALSE;
ErrorBrakeThermal,CODE/I_TRANSLATION/FB_Safety_Translation.st,245,ECRITURE_FALSE,ErrorBrakeThermal := FALSE;
ErrorMecaB,CODE/I_TRANSLATION/FB_Safety_Translation.st,246,ECRITURE_FALSE,ErrorMecaB := FALSE;
ErrorMecaA,CODE/I_TRANSLATION/FB_Safety_Translation.st,247,ECRITURE_FALSE,ErrorMecaA := FALSE;
ErrorLimitSwitch,CODE/I_TRANSLATION/FB_Safety_Translation.st,248,ECRITURE_FALSE,ErrorLimitSwitch := FALSE;
ErrorSensorIncoherent,CODE/I_TRANSLATION/FB_Safety_Translation.st,249,ECRITURE_FALSE,ErrorSensorIncoherent := FALSE;
Fault,CODE/I_TRANSLATION/FB_Safety_Translation.st,260,LECTURE,Ready := Enable AND NOT Fault.Latched;
Latched,CODE/I_TRANSLATION/FB_Safety_Translation.st,260,LECTURE,Ready := Enable AND NOT Fault.Latched;
Fault,CODE/I_TRANSLATION/FB_Safety_Translation.st,265,LECTURE,SafeStop := Fault.Error OR NOT PowerContactorEngaged;
Error,CODE/I_TRANSLATION/FB_Safety_Translation.st,265,LECTURE,SafeStop := Fault.Error OR NOT PowerContactorEngaged;
Fault,CODE/I_TRANSLATION/FB_Safety_Translation.st,268,LECTURE,PowerCutOff := (Fault.ErrorId AND 16#00F8) <> 16#0000;
ErrorId,CODE/I_TRANSLATION/FB_Safety_Translation.st,268,LECTURE,PowerCutOff := (Fault.ErrorId AND 16#00F8) <> 16#0000;
ErrorOperatorComm,CODE/I_TRANSLATION/FB_Safety_Translation.st,270,ECRITURE,ErrorOperatorComm     := instCauses[0].Active;
ErrorDriveComm,CODE/I_TRANSLATION/FB_Safety_Translation.st,271,ECRITURE,ErrorDriveComm        := instCauses[1].Active;
ErrorPhaseRotation,CODE/I_TRANSLATION/FB_Safety_Translation.st,272,ECRITURE,ErrorPhaseRotation    := instCauses[2].Active;
ErrorBrakeThermal,CODE/I_TRANSLATION/FB_Safety_Translation.st,273,ECRITURE,ErrorBrakeThermal     := instCauses[3].Active;
ErrorMecaB,CODE/I_TRANSLATION/FB_Safety_Translation.st,274,ECRITURE,ErrorMecaB            := instCauses[4].Active;
ErrorMecaA,CODE/I_TRANSLATION/FB_Safety_Translation.st,275,ECRITURE,ErrorMecaA            := instCauses[5].Active;
ErrorLimitSwitch,CODE/I_TRANSLATION/FB_Safety_Translation.st,276,ECRITURE,ErrorLimitSwitch      := instCauses[6].Active;
ErrorSensorIncoherent,CODE/I_TRANSLATION/FB_Safety_Translation.st,277,ECRITURE,ErrorSensorIncoherent := instCauses[7].Active;
Fault,CODE/I_TRANSLATION/FB_Translation.st,54,LECTURE,Fault                       : ST_Fault;
DriveFaultLatching,CODE/I_TRANSLATION/FB_Translation.st,87,LECTURE,DriveFaultLatching          : BOOL;
instFault,CODE/I_TRANSLATION/FB_Translation.st,88,LECTURE,instFault                   : FB_FaultCore;
DriveFaultLatching,CODE/I_TRANSLATION/FB_Translation.st,99,ECRITURE_FALSE,DriveFaultLatching := FALSE;
DriveFaultLatching,CODE/I_TRANSLATION/FB_Translation.st,103,ECRITURE_TRUE,DriveFaultLatching := TRUE;
Fault,CODE/I_TRANSLATION/FB_Translation.st,106,LECTURE,instCauses[0].Active   := Brake.Fault.Error;
Error,CODE/I_TRANSLATION/FB_Translation.st,106,LECTURE,instCauses[0].Active   := Brake.Fault.Error;
DriveFaultLatching,CODE/I_TRANSLATION/FB_Translation.st,110,LECTURE,instCauses[3].Active   := DriveFaultLatching;
instFault,CODE/I_TRANSLATION/FB_Translation.st,132,LECTURE,"instFault(Enable := Enable, Reset := Reset, Causes := instCauses);"
Fault,CODE/I_TRANSLATION/FB_Translation.st,133,ECRITURE,Fault := instFault.Fault;
instFault,CODE/I_TRANSLATION/FB_Translation.st,133,LECTURE,Fault := instFault.Fault;
Fault,CODE/I_TRANSLATION/FB_Translation.st,133,LECTURE,Fault := instFault.Fault;
Fault,CODE/I_TRANSLATION/FB_Translation.st,161,LECTURE,Ready := Enable AND NOT Fault.Latched;
Latched,CODE/I_TRANSLATION/FB_Translation.st,161,LECTURE,Ready := Enable AND NOT Fault.Latched;
Fault,CODE/I_TRANSLATION/FB_Translation.st,316,LECTURE,IF Fault.Error THEN
Error,CODE/I_TRANSLATION/FB_Translation.st,316,LECTURE,IF Fault.Error THEN
DefaultValueS,CODE/I_TRANSLATION/FB_Translation_PositionEstimator.st,84,ECRITURE,CycleTimeCalc(DefaultValueS := 0.010);
Fault,CODE/I_TRANSLATION/FB_TranslationOutputInterlock.st,30,LECTURE,Fault                        : ST_Fault;
instFault,CODE/I_TRANSLATION/FB_TranslationOutputInterlock.st,60,LECTURE,instFault                    : FB_FaultCore;
instFault,CODE/I_TRANSLATION/FB_TranslationOutputInterlock.st,119,LECTURE,"instFault(Enable := Enable, Reset := Reset, Causes := instCauses);"
Fault,CODE/I_TRANSLATION/FB_TranslationOutputInterlock.st,120,ECRITURE,Fault := instFault.Fault;
instFault,CODE/I_TRANSLATION/FB_TranslationOutputInterlock.st,120,LECTURE,Fault := instFault.Fault;
Fault,CODE/I_TRANSLATION/FB_TranslationOutputInterlock.st,120,LECTURE,Fault := instFault.Fault;
Fault,CODE/I_TRANSLATION/FB_TranslationOutputInterlock.st,123,LECTURE,IF RestartInhibit AND NOT Fault.Error AND NOT ResetRequired AND NOT ResetEdge.Q THEN
Error,CODE/I_TRANSLATION/FB_TranslationOutputInterlock.st,123,LECTURE,IF RestartInhibit AND NOT Fault.Error AND NOT ResetRequired AND NOT ResetEdge.Q THEN
Fault,CODE/I_TRANSLATION/FB_TranslationOutputInterlock.st,137,LECTURE,BrakeCmd := BrakeReleaseRequest AND NOT Fault.Error AND NOT RestartInhibit;
Error,CODE/I_TRANSLATION/FB_TranslationOutputInterlock.st,137,LECTURE,BrakeCmd := BrakeReleaseRequest AND NOT Fault.Error AND NOT RestartInhibit;
Fault,CODE/I_TRANSLATION/FB_TranslationOutputInterlock.st,138,LECTURE,Ready := NOT Fault.Error AND NOT RestartInhibit;
Error,CODE/I_TRANSLATION/FB_TranslationOutputInterlock.st,138,LECTURE,Ready := NOT Fault.Error AND NOT RestartInhibit;
Fault,CODE/I_TRANSLATION/FB_TranslationOutputInterlock.st,140,LECTURE,IF Fault.Error THEN
Error,CODE/I_TRANSLATION/FB_TranslationOutputInterlock.st,140,LECTURE,IF Fault.Error THEN
Error,CODE/J_SUPERVISION/_TYPES/1_TREUILS_BENNE/ST_BucketHMIState.st,18,LECTURE,Error               : BOOL;
ErrorId,CODE/J_SUPERVISION/_TYPES/1_TREUILS_BENNE/ST_BucketHMIState.st,19,LECTURE,ErrorId             : WORD;
EncoderFault,CODE/J_SUPERVISION/_TYPES/1_TREUILS_BENNE/ST_BypassWinch.st,16,LECTURE,EncoderFault      : BOOL;
Idx310_ErrorOperatorComm,CODE/J_SUPERVISION/_TYPES/1_TREUILS_BENNE/ST_Chain_Winch_Safety.st,13,LECTURE,Idx310_ErrorOperatorComm : BOOL;
Idx311_ErrorEncoder,CODE/J_SUPERVISION/_TYPES/1_TREUILS_BENNE/ST_Chain_Winch_Safety.st,14,LECTURE,Idx311_ErrorEncoder      : BOOL;
Idx312_ErrorPhaseRotation,CODE/J_SUPERVISION/_TYPES/1_TREUILS_BENNE/ST_Chain_Winch_Safety.st,15,LECTURE,Idx312_ErrorPhaseRotation: BOOL;
Idx313_ErrorMecaA,CODE/J_SUPERVISION/_TYPES/1_TREUILS_BENNE/ST_Chain_Winch_Safety.st,16,LECTURE,Idx313_ErrorMecaA        : BOOL;
Idx314_ErrorMecaB,CODE/J_SUPERVISION/_TYPES/1_TREUILS_BENNE/ST_Chain_Winch_Safety.st,17,LECTURE,Idx314_ErrorMecaB        : BOOL;
Idx315_ErrorMecaC,CODE/J_SUPERVISION/_TYPES/1_TREUILS_BENNE/ST_Chain_Winch_Safety.st,18,LECTURE,Idx315_ErrorMecaC        : BOOL;
Idx316_ErrorMecaD,CODE/J_SUPERVISION/_TYPES/1_TREUILS_BENNE/ST_Chain_Winch_Safety.st,19,LECTURE,Idx316_ErrorMecaD        : BOOL;
Idx317_ErrorMecaE,CODE/J_SUPERVISION/_TYPES/1_TREUILS_BENNE/ST_Chain_Winch_Safety.st,20,LECTURE,Idx317_ErrorMecaE        : BOOL;
Idx318_ErrorBrakeThermal,CODE/J_SUPERVISION/_TYPES/1_TREUILS_BENNE/ST_Chain_Winch_Safety.st,21,LECTURE,Idx318_ErrorBrakeThermal : BOOL;
Idx319_ErrorOppositeDir,CODE/J_SUPERVISION/_TYPES/1_TREUILS_BENNE/ST_Chain_Winch_Safety.st,22,LECTURE,Idx319_ErrorOppositeDir  : BOOL;
Idx320_ErrorNoMovement,CODE/J_SUPERVISION/_TYPES/1_TREUILS_BENNE/ST_Chain_Winch_Safety.st,23,LECTURE,Idx320_ErrorNoMovement   : BOOL;
Idx302_BucketFaultActive,CODE/J_SUPERVISION/_TYPES/1_TREUILS_BENNE/ST_ChainBucket.st,35,LECTURE,Idx302_BucketFaultActive     : BOOL;
Idx305_KoboldBottomTouchLatched,CODE/J_SUPERVISION/_TYPES/1_TREUILS_BENNE/ST_ChainBucket.st,38,LECTURE,Idx305_KoboldBottomTouchLatched    : BOOL;
Idx306_ErrorIdRaw,CODE/J_SUPERVISION/_TYPES/1_TREUILS_BENNE/ST_ChainBucket.st,39,LECTURE,Idx306_ErrorIdRaw             : WORD;
Idx302_SyncFaultActive,CODE/J_SUPERVISION/_TYPES/1_TREUILS_BENNE/ST_ChainWinchSync.st,12,LECTURE,Idx302_SyncFaultActive       : BOOL;
COD1_Alarms,CODE/J_SUPERVISION/_TYPES/1_TREUILS_BENNE/ST_HwWinch.st,21,LECTURE,COD1_Alarms              : UINT;
COD1_Warnings,CODE/J_SUPERVISION/_TYPES/1_TREUILS_BENNE/ST_HwWinch.st,22,LECTURE,COD1_Warnings            : UINT;
COD2_Alarms,CODE/J_SUPERVISION/_TYPES/1_TREUILS_BENNE/ST_HwWinch.st,27,LECTURE,COD2_Alarms              : UINT;
COD2_Warnings,CODE/J_SUPERVISION/_TYPES/1_TREUILS_BENNE/ST_HwWinch.st,28,LECTURE,COD2_Warnings            : UINT;
SyncContactorDiag,CODE/J_SUPERVISION/_TYPES/1_TREUILS_BENNE/ST_OutputsInterPrg.st,37,LECTURE,SyncContactorDiag          : ST_SyncContactorDiag;
Error,CODE/J_SUPERVISION/_TYPES/1_TREUILS_BENNE/ST_SafetyWinch.st,8,LECTURE,Error             : BOOL;
ErrorId,CODE/J_SUPERVISION/_TYPES/1_TREUILS_BENNE/ST_SafetyWinch.st,9,LECTURE,ErrorId           : WORD;
LatchedId,CODE/J_SUPERVISION/_TYPES/1_TREUILS_BENNE/ST_SafetyWinch.st,10,LECTURE,LatchedId         : WORD;
ThermalFault,CODE/J_SUPERVISION/_TYPES/1_TREUILS_BENNE/ST_SafetyWinch.st,15,LECTURE,ThermalFault      : BOOL;
EncoderFault,CODE/J_SUPERVISION/_TYPES/1_TREUILS_BENNE/ST_SafetyWinch.st,16,LECTURE,EncoderFault      : BOOL;
ErrorOperatorComm,CODE/J_SUPERVISION/_TYPES/1_TREUILS_BENNE/ST_SafetyWinch.st,28,LECTURE,ErrorOperatorComm : BOOL;
ErrorEncoder,CODE/J_SUPERVISION/_TYPES/1_TREUILS_BENNE/ST_SafetyWinch.st,29,LECTURE,ErrorEncoder      : BOOL;
ErrorPhaseRotation,CODE/J_SUPERVISION/_TYPES/1_TREUILS_BENNE/ST_SafetyWinch.st,30,LECTURE,ErrorPhaseRotation: BOOL;
ErrorBrakeThermal,CODE/J_SUPERVISION/_TYPES/1_TREUILS_BENNE/ST_SafetyWinch.st,31,LECTURE,ErrorBrakeThermal : BOOL;
ErrorMecaA,CODE/J_SUPERVISION/_TYPES/1_TREUILS_BENNE/ST_SafetyWinch.st,32,LECTURE,ErrorMecaA        : BOOL;
ErrorMecaB,CODE/J_SUPERVISION/_TYPES/1_TREUILS_BENNE/ST_SafetyWinch.st,33,LECTURE,ErrorMecaB        : BOOL;
ErrorMecaC,CODE/J_SUPERVISION/_TYPES/1_TREUILS_BENNE/ST_SafetyWinch.st,34,LECTURE,ErrorMecaC        : BOOL;
ErrorMecaD,CODE/J_SUPERVISION/_TYPES/1_TREUILS_BENNE/ST_SafetyWinch.st,35,LECTURE,ErrorMecaD        : BOOL;
ErrorMecaE,CODE/J_SUPERVISION/_TYPES/1_TREUILS_BENNE/ST_SafetyWinch.st,36,LECTURE,ErrorMecaE        : BOOL;
ErrorOppositeDir,CODE/J_SUPERVISION/_TYPES/1_TREUILS_BENNE/ST_SafetyWinch.st,37,LECTURE,ErrorOppositeDir  : BOOL;
ErrorNoMovement,CODE/J_SUPERVISION/_TYPES/1_TREUILS_BENNE/ST_SafetyWinch.st,38,LECTURE,ErrorNoMovement   : BOOL;
ErrorOverspeed,CODE/J_SUPERVISION/_TYPES/1_TREUILS_BENNE/ST_SafetyWinch.st,39,LECTURE,ErrorOverspeed    : BOOL;
FinalInterlockError,CODE/J_SUPERVISION/_TYPES/1_TREUILS_BENNE/ST_TraceWinch.st,33,LECTURE,FinalInterlockError     : BOOL;
BlockReason,CODE/J_SUPERVISION/_TYPES/1_TREUILS_BENNE/ST_TraceWinch.st,37,LECTURE,BlockReason             : E_WinchTraceBlockReason;
BlockReasonTimestamp,CODE/J_SUPERVISION/_TYPES/1_TREUILS_BENNE/ST_TraceWinch.st,38,LECTURE,BlockReasonTimestamp    : UDINT;
WinchSyncError,CODE/J_SUPERVISION/_TYPES/1_TREUILS_BENNE/ST_WinchInterPrg.st,32,LECTURE,WinchSyncError               : BOOL;
BucketError,CODE/J_SUPERVISION/_TYPES/1_TREUILS_BENNE/ST_WinchInterPrg.st,41,LECTURE,BucketError                  : BOOL;
BothBlockReason,CODE/J_SUPERVISION/_TYPES/1_TREUILS_BENNE/ST_WinchInterPrg.st,75,LECTURE,BothBlockReason              : E_WinchTraceBlockReason;
SpeedMonitorError,CODE/J_SUPERVISION/_TYPES/1_TREUILS_BENNE/ST_WinchState.st,15,LECTURE,SpeedMonitorError       : BOOL;
SpeedMonitorErrorId,CODE/J_SUPERVISION/_TYPES/1_TREUILS_BENNE/ST_WinchState.st,16,LECTURE,SpeedMonitorErrorId     : WORD;
AxisBlockReason,CODE/J_SUPERVISION/_TYPES/1_TREUILS_BENNE/ST_WinchState.st,23,LECTURE,AxisBlockReason         : E_WinchTraceBlockReason;
Error,CODE/J_SUPERVISION/_TYPES/1_TREUILS_BENNE/ST_WinchState.st,27,LECTURE,Error                   : BOOL;
ErrorId,CODE/J_SUPERVISION/_TYPES/1_TREUILS_BENNE/ST_WinchState.st,28,LECTURE,ErrorId                 : WORD;
FinalInterlockError,CODE/J_SUPERVISION/_TYPES/1_TREUILS_BENNE/ST_WinchState.st,40,LECTURE,FinalInterlockError     : BOOL;
FinalInterlockErrorId,CODE/J_SUPERVISION/_TYPES/1_TREUILS_BENNE/ST_WinchState.st,41,LECTURE,FinalInterlockErrorId   : WORD;
Idx309_ErrorOperatorComm,CODE/J_SUPERVISION/_TYPES/2_TRANSLATION/ST_Chain_Translation_Safety.st,12,LECTURE,Idx309_ErrorOperatorComm : BOOL;
Idx310_ErrorDriveComm,CODE/J_SUPERVISION/_TYPES/2_TRANSLATION/ST_Chain_Translation_Safety.st,13,LECTURE,Idx310_ErrorDriveComm    : BOOL;
Idx311_ErrorPhaseRotation,CODE/J_SUPERVISION/_TYPES/2_TRANSLATION/ST_Chain_Translation_Safety.st,14,LECTURE,Idx311_ErrorPhaseRotation: BOOL;
Idx312_ErrorBrakeThermal,CODE/J_SUPERVISION/_TYPES/2_TRANSLATION/ST_Chain_Translation_Safety.st,15,LECTURE,Idx312_ErrorBrakeThermal : BOOL;
Idx313_ErrorMecaB,CODE/J_SUPERVISION/_TYPES/2_TRANSLATION/ST_Chain_Translation_Safety.st,16,LECTURE,Idx313_ErrorMecaB        : BOOL;
Idx314_ErrorMecaA,CODE/J_SUPERVISION/_TYPES/2_TRANSLATION/ST_Chain_Translation_Safety.st,17,LECTURE,Idx314_ErrorMecaA        : BOOL;
Idx315_ErrorLimitSwitch,CODE/J_SUPERVISION/_TYPES/2_TRANSLATION/ST_Chain_Translation_Safety.st,18,LECTURE,Idx315_ErrorLimitSwitch  : BOOL;
Idx316_ErrorSensorIncoherent,CODE/J_SUPERVISION/_TYPES/2_TRANSLATION/ST_Chain_Translation_Safety.st,19,LECTURE,Idx316_ErrorSensorIncoherent: BOOL;
Idx317_ErrorId,CODE/J_SUPERVISION/_TYPES/2_TRANSLATION/ST_Chain_Translation_Safety.st,20,LECTURE,Idx317_ErrorId           : WORD;
Error,CODE/J_SUPERVISION/_TYPES/2_TRANSLATION/ST_SafetyTranslation.st,8,LECTURE,Error             : BOOL;
ErrorId,CODE/J_SUPERVISION/_TYPES/2_TRANSLATION/ST_SafetyTranslation.st,9,LECTURE,ErrorId           : WORD;
LatchedId,CODE/J_SUPERVISION/_TYPES/2_TRANSLATION/ST_SafetyTranslation.st,10,LECTURE,LatchedId         : WORD;
ErrorOperatorComm,CODE/J_SUPERVISION/_TYPES/2_TRANSLATION/ST_SafetyTranslation.st,11,LECTURE,ErrorOperatorComm : BOOL;
ErrorDriveComm,CODE/J_SUPERVISION/_TYPES/2_TRANSLATION/ST_SafetyTranslation.st,12,LECTURE,ErrorDriveComm    : BOOL;
ErrorPhaseRotation,CODE/J_SUPERVISION/_TYPES/2_TRANSLATION/ST_SafetyTranslation.st,13,LECTURE,ErrorPhaseRotation: BOOL;
ErrorBrakeThermal,CODE/J_SUPERVISION/_TYPES/2_TRANSLATION/ST_SafetyTranslation.st,14,LECTURE,ErrorBrakeThermal : BOOL;
ErrorMecaB,CODE/J_SUPERVISION/_TYPES/2_TRANSLATION/ST_SafetyTranslation.st,15,LECTURE,ErrorMecaB        : BOOL;
ErrorMecaA,CODE/J_SUPERVISION/_TYPES/2_TRANSLATION/ST_SafetyTranslation.st,16,LECTURE,ErrorMecaA        : BOOL;
ErrorLimitSwitch,CODE/J_SUPERVISION/_TYPES/2_TRANSLATION/ST_SafetyTranslation.st,17,LECTURE,ErrorLimitSwitch  : BOOL;
ErrorSensorIncoherent,CODE/J_SUPERVISION/_TYPES/2_TRANSLATION/ST_SafetyTranslation.st,18,LECTURE,ErrorSensorIncoherent : BOOL;
FinalInterlockError,CODE/J_SUPERVISION/_TYPES/2_TRANSLATION/ST_TraceTranslation.st,32,LECTURE,FinalInterlockError      : BOOL;
BlockReason,CODE/J_SUPERVISION/_TYPES/2_TRANSLATION/ST_TraceTranslation.st,35,LECTURE,BlockReason              : E_TranslationTraceBlockReason;
BlockReasonTimestamp,CODE/J_SUPERVISION/_TYPES/2_TRANSLATION/ST_TraceTranslation.st,36,LECTURE,BlockReasonTimestamp     : UDINT;
AxisBlockReason,CODE/J_SUPERVISION/_TYPES/2_TRANSLATION/ST_TranslationState.st,10,LECTURE,AxisBlockReason         : E_TranslationTraceBlockReason;
Error,CODE/J_SUPERVISION/_TYPES/2_TRANSLATION/ST_TranslationState.st,14,LECTURE,Error                   : BOOL;
ErrorId,CODE/J_SUPERVISION/_TYPES/2_TRANSLATION/ST_TranslationState.st,15,LECTURE,ErrorId                 : WORD;
FinalInterlockError,CODE/J_SUPERVISION/_TYPES/2_TRANSLATION/ST_TranslationState.st,28,LECTURE,FinalInterlockError     : BOOL;
FinalInterlockErrorId,CODE/J_SUPERVISION/_TYPES/2_TRANSLATION/ST_TranslationState.st,29,LECTURE,FinalInterlockErrorId   : WORD;
Idx204_Error,CODE/J_SUPERVISION/_TYPES/3_CYCLE_ET_MODES/ST_ChainCycleSemiAuto.st,25,LECTURE,Idx204_Error                     : BOOL;
Idx205_ErrorId,CODE/J_SUPERVISION/_TYPES/3_CYCLE_ET_MODES/ST_ChainCycleSemiAuto.st,26,LECTURE,Idx205_ErrorId                   : WORD;
Idx217_FaultLatched,CODE/J_SUPERVISION/_TYPES/3_CYCLE_ET_MODES/ST_ChainCycleSemiAuto.st,27,LECTURE,Idx217_FaultLatched              : BOOL;
Idx218_FaultLatchedId,CODE/J_SUPERVISION/_TYPES/3_CYCLE_ET_MODES/ST_ChainCycleSemiAuto.st,28,LECTURE,Idx218_FaultLatchedId            : WORD;
Idx208_StepAtError,CODE/J_SUPERVISION/_TYPES/3_CYCLE_ET_MODES/ST_ChainCycleSemiAuto.st,35,LECTURE,Idx208_StepAtError               : E_AutoCycleStep;
Idx306_WinchSyncError,CODE/J_SUPERVISION/_TYPES/3_CYCLE_ET_MODES/ST_ChainCycleSemiAuto.st,51,LECTURE,Idx306_WinchSyncError            : BOOL;
Idx310_M1SpeedStepAtFault,CODE/J_SUPERVISION/_TYPES/3_CYCLE_ET_MODES/ST_ChainCycleSemiAuto.st,55,LECTURE,Idx310_M1SpeedStepAtFault        : INT;
Idx311_M2SpeedStepAtFault,CODE/J_SUPERVISION/_TYPES/3_CYCLE_ET_MODES/ST_ChainCycleSemiAuto.st,56,LECTURE,Idx311_M2SpeedStepAtFault        : INT;
BtnResumeAfterFault,CODE/J_SUPERVISION/_TYPES/3_CYCLE_ET_MODES/ST_CycleCmd.st,9,LECTURE,BtnResumeAfterFault : BOOL;
Error,CODE/J_SUPERVISION/_TYPES/3_CYCLE_ET_MODES/ST_CycleState.st,9,LECTURE,Error                  : BOOL;
ErrorId,CODE/J_SUPERVISION/_TYPES/3_CYCLE_ET_MODES/ST_CycleState.st,10,LECTURE,ErrorId                : WORD;
WinchSyncError,CODE/J_SUPERVISION/_TYPES/3_CYCLE_ET_MODES/ST_CycleState.st,19,LECTURE,WinchSyncError         : BOOL;
CycleStepAtError,CODE/J_SUPERVISION/_TYPES/3_CYCLE_ET_MODES/ST_CycleState.st,28,LECTURE,CycleStepAtError       : E_AutoCycleStep;
ForceStepRejected,CODE/J_SUPERVISION/_TYPES/3_CYCLE_ET_MODES/ST_CycleState.st,46,LECTURE,ForceStepRejected      : BOOL;
ResumeAfterFaultAvailable,CODE/J_SUPERVISION/_TYPES/3_CYCLE_ET_MODES/ST_CycleState.st,48,LECTURE,ResumeAfterFaultAvailable : BOOL;
ModeChangeBlockReason,CODE/J_SUPERVISION/_TYPES/3_CYCLE_ET_MODES/ST_Modes_Autorisations.st,33,LECTURE,ModeChangeBlockReason       : STRING(40);
BtnFaultReset,CODE/J_SUPERVISION/_TYPES/3_CYCLE_ET_MODES/ST_ModesCmd.st,7,LECTURE,BtnFaultReset      : BOOL;
ModesFault,CODE/J_SUPERVISION/_TYPES/3_CYCLE_ET_MODES/ST_ModesCycleInterPrg.st,21,LECTURE,ModesFault    : ST_Fault;
AnyFaultActive,CODE/J_SUPERVISION/_TYPES/3_CYCLE_ET_MODES/ST_ModesState.st,7,LECTURE,AnyFaultActive        : BOOL;
ModeChangeBlockReason,CODE/J_SUPERVISION/_TYPES/3_CYCLE_ET_MODES/ST_ModesState.st,14,LECTURE,ModeChangeBlockReason    : STRING(40);
Fault,CODE/J_SUPERVISION/_TYPES/3_CYCLE_ET_MODES/ST_SequencePublicState.st,11,LECTURE,Fault               : ST_Fault;
StepAtFault,CODE/J_SUPERVISION/_TYPES/3_CYCLE_ET_MODES/ST_SequencePublicState.st,14,LECTURE,StepAtFault         : E_AutoCycleStep;
ForceStepRejected,CODE/J_SUPERVISION/_TYPES/3_CYCLE_ET_MODES/ST_SequencePublicState.st,35,LECTURE,ForceStepRejected   : BOOL;
ResumeAfterFaultAvailable,CODE/J_SUPERVISION/_TYPES/3_CYCLE_ET_MODES/ST_SequencePublicState.st,41,LECTURE,ResumeAfterFaultAvailable : BOOL;
M1SpeedStepAtFault,CODE/J_SUPERVISION/_TYPES/3_CYCLE_ET_MODES/ST_SequencePublicState.st,42,LECTURE,M1SpeedStepAtFault  : INT;
M2SpeedStepAtFault,CODE/J_SUPERVISION/_TYPES/3_CYCLE_ET_MODES/ST_SequencePublicState.st,43,LECTURE,M2SpeedStepAtFault  : INT;
Fault,CODE/J_SUPERVISION/_TYPES/4_JOYSTICK_ACQUISITION/ST_AcquisitionEncoderQualified.st,14,LECTURE,Fault                    : ST_Fault;
EncoderFault,CODE/J_SUPERVISION/_TYPES/4_JOYSTICK_ACQUISITION/ST_AcquisitionEncoderQualified.st,17,LECTURE,EncoderFault             : BOOL;
Fault,CODE/J_SUPERVISION/_TYPES/4_JOYSTICK_ACQUISITION/ST_AcquisitionJoystickQualified.st,18,LECTURE,Fault               : ST_Fault;
Alarms,CODE/J_SUPERVISION/_TYPES/4_JOYSTICK_ACQUISITION/ST_EncoderHMI.st,9,LECTURE,Alarms           : UINT;
Warnings,CODE/J_SUPERVISION/_TYPES/4_JOYSTICK_ACQUISITION/ST_EncoderHMI.st,10,LECTURE,Warnings         : UINT;
Error,CODE/J_SUPERVISION/_TYPES/4_JOYSTICK_ACQUISITION/ST_EncoderHMI.st,14,LECTURE,Error            : BOOL;
ErrorId,CODE/J_SUPERVISION/_TYPES/4_JOYSTICK_ACQUISITION/ST_EncoderHMI.st,15,LECTURE,ErrorId          : WORD;
HomingError,CODE/J_SUPERVISION/_TYPES/4_JOYSTICK_ACQUISITION/ST_EncoderHMI.st,21,LECTURE,HomingError             : BOOL;
HomingErrorId,CODE/J_SUPERVISION/_TYPES/4_JOYSTICK_ACQUISITION/ST_EncoderHMI.st,22,LECTURE,HomingErrorId           : WORD;
HomingStateAtError,CODE/J_SUPERVISION/_TYPES/4_JOYSTICK_ACQUISITION/ST_EncoderHMI.st,24,LECTURE,HomingStateAtError      : E_State;
Error,CODE/J_SUPERVISION/_TYPES/4_JOYSTICK_ACQUISITION/ST_JoystickState.st,17,LECTURE,Error        : BOOL;
ErrorId,CODE/J_SUPERVISION/_TYPES/4_JOYSTICK_ACQUISITION/ST_JoystickState.st,18,LECTURE,ErrorId      : WORD;
Fault,CODE/J_SUPERVISION/_TYPES/6_DIAG_ET_CHAINES/ST_EmergencyState.st,29,LECTURE,Fault           : ST_Fault;
Diag,CODE/J_SUPERVISION/_TYPES/6_DIAG_ET_CHAINES/ST_EmergencyState.st,38,LECTURE,Diag : ST_Safety_Emergency_Diag;
RejectErrorMask,CODE/J_SUPERVISION/_TYPES/6_DIAG_ET_CHAINES/ST_HomingChecklist.st,34,LECTURE,RejectErrorMask              : WORD;
Fault,CODE/J_SUPERVISION/_TYPES/6_DIAG_ET_CHAINES/ST_InputModuleDiagHMI.st,17,LECTURE,Fault            : BOOL;
Fault,CODE/J_SUPERVISION/_TYPES/6_DIAG_ET_CHAINES/ST_IOModuleDiag.st,19,LECTURE,Fault            : BOOL;
Step5_NoSafetyFault,CODE/J_SUPERVISION/_TYPES/6_DIAG_ET_CHAINES/ST_MotionChecklist.st,24,LECTURE,Step5_NoSafetyFault          : BOOL;
CanError,CODE/J_SUPERVISION/_TYPES/6_DIAG_ET_CHAINES/ST_NetworkDiagHMI.st,10,LECTURE,CanError            : BOOL;
CanErrorId,CODE/J_SUPERVISION/_TYPES/6_DIAG_ET_CHAINES/ST_NetworkDiagHMI.st,11,LECTURE,CanErrorId          : WORD;
EcatError,CODE/J_SUPERVISION/_TYPES/6_DIAG_ET_CHAINES/ST_NetworkDiagHMI.st,17,LECTURE,EcatError           : BOOL;
EcatErrorId,CODE/J_SUPERVISION/_TYPES/6_DIAG_ET_CHAINES/ST_NetworkDiagHMI.st,18,LECTURE,EcatErrorId         : WORD;
SafetyError,CODE/J_SUPERVISION/_TYPES/6_DIAG_ET_CHAINES/ST_SafetyChecklist.st,41,LECTURE,SafetyError                  : BOOL;
ArmingErrorId,CODE/J_SUPERVISION/_TYPES/6_DIAG_ET_CHAINES/ST_SafetyChecklist.st,42,LECTURE,ArmingErrorId               : WORD;
BrakeThermalFault,CODE/J_SUPERVISION/_TYPES/7_COMMUN_CONFIG/ST_CommunHMI.st,17,LECTURE,BrakeThermalFault         : BOOL;
PhaseRotationFault,CODE/J_SUPERVISION/_TYPES/7_COMMUN_CONFIG/ST_CommunHMI.st,18,LECTURE,PhaseRotationFault        : BOOL;
HydraulicThermalFault,CODE/J_SUPERVISION/_TYPES/7_COMMUN_CONFIG/ST_CommunHMI.st,21,LECTURE,HydraulicThermalFault     : BOOL;
KoboldBottomTouchLatched,CODE/J_SUPERVISION/_TYPES/7_COMMUN_CONFIG/ST_CommunHMI.st,51,LECTURE,KoboldBottomTouchLatched : BOOL;
Vh0800EndBit05Reserved,CODE/J_SUPERVISION/_TYPES/7_COMMUN_CONFIG/ST_IoHw_In.st,21,LECTURE,Vh0800EndBit05Reserved : BOOL;
Error,CODE/J_SUPERVISION/_TYPES/7_COMMUN_CONFIG/ST_SyncState.st,11,LECTURE,Error      : BOOL;
ErrorId,CODE/J_SUPERVISION/_TYPES/7_COMMUN_CONFIG/ST_SyncState.st,12,LECTURE,ErrorId    : WORD;
HasAlarm,CODE/J_SUPERVISION/_TYPES/8_BANDEAU_ET_IHM/ST_AlarmBanner.st,10,LECTURE,HasAlarm    : BOOL;
AlarmBanner,CODE/J_SUPERVISION/_TYPES/8_BANDEAU_ET_IHM/ST_HmiBanner.st,15,LECTURE,AlarmBanner          : ST_AlarmBanner;
BothBlockReason,CODE/J_SUPERVISION/_TYPES/8_BANDEAU_ET_IHM/ST_PermitVisibilityHMI.st,25,LECTURE,BothBlockReason : E_WinchTraceBlockReason;
PreflightErrorId,CODE/J_SUPERVISION/_TYPES/8_BANDEAU_ET_IHM/ST_PreflightHMI.st,7,LECTURE,PreflightErrorId : WORD;
CST_T330ReserveMinMargin_M,CODE/J_SUPERVISION/FB_CfgT330Normalizer.st,51,LECTURE,CST_T330ReserveMinMargin_M : REAL := 1.00;
CST_T330ReserveMinMargin_M,CODE/J_SUPERVISION/FB_CfgT330Normalizer.st,138,LECTURE,- CommunCfg.CfgCableLimitAscent_M) < CST_T330ReserveMinMargin_M THEN
CST_T330ReserveMinMargin_M,CODE/J_SUPERVISION/FB_CfgT330Normalizer.st,147,LECTURE,CommunCfg.CfgCableLimitAscent_M + CST_T330ReserveMinMargin_M;
CST_T330ReserveMinMargin_M,CODE/J_SUPERVISION/FB_CfgT330Normalizer.st,154,LECTURE,WinchCfgM1.CfgTopSensorPos_M - CST_T330ReserveMinMargin_M;
CycleErrorId,CODE/J_SUPERVISION/FB_Hmi_BannerFormatter.st,22,LECTURE,CycleErrorId         : WORD;
CycleStepAtError,CODE/J_SUPERVISION/FB_Hmi_BannerFormatter.st,23,LECTURE,CycleStepAtError     : E_AutoCycleStep;
ModeChangeBlockReason,CODE/J_SUPERVISION/FB_Hmi_BannerFormatter.st,38,LECTURE,ModeChangeBlockReason    : STRING(40);
TranslationMotionErrorId,CODE/J_SUPERVISION/FB_Hmi_BannerFormatter.st,60,LECTURE,TranslationMotionErrorId       : WORD;
TranslationFinalInterlockErrorId,CODE/J_SUPERVISION/FB_Hmi_BannerFormatter.st,61,LECTURE,TranslationFinalInterlockErrorId : WORD;
BucketErrorId,CODE/J_SUPERVISION/FB_Hmi_BannerFormatter.st,69,LECTURE,BucketErrorId        : WORD;
SyncErrorId,CODE/J_SUPERVISION/FB_Hmi_BannerFormatter.st,70,LECTURE,SyncErrorId          : WORD;
SyncContactorDiag,CODE/J_SUPERVISION/FB_Hmi_BannerFormatter.st,71,LECTURE,SyncContactorDiag    : ST_SyncContactorDiag;
DiveErrorId,CODE/J_SUPERVISION/FB_Hmi_BannerFormatter.st,72,LECTURE,DiveErrorId          : WORD;
ExtractionErrorId,CODE/J_SUPERVISION/FB_Hmi_BannerFormatter.st,73,LECTURE,ExtractionErrorId    : WORD;
EmergencyErrorId,CODE/J_SUPERVISION/FB_Hmi_BannerFormatter.st,74,LECTURE,EmergencyErrorId     : WORD;
AlarmHoldTime,CODE/J_SUPERVISION/FB_Hmi_BannerFormatter.st,80,LECTURE,AlarmHoldTime        : TIME := T#1s;
PowerOrChainFault,CODE/J_SUPERVISION/FB_Hmi_BannerFormatter.st,93,LECTURE,PowerOrChainFault    : BOOL;
HardwareModuleOrBusFault,CODE/J_SUPERVISION/FB_Hmi_BannerFormatter.st,94,LECTURE,HardwareModuleOrBusFault : BOOL;
StepAtErrorStr,CODE/J_SUPERVISION/FB_Hmi_BannerFormatter.st,98,LECTURE,StepAtErrorStr            : STRING(40);
CycleFaultCauseStr,CODE/J_SUPERVISION/FB_Hmi_BannerFormatter.st,99,LECTURE,CycleFaultCauseStr        : STRING(120);
CycleFaultActive,CODE/J_SUPERVISION/FB_Hmi_BannerFormatter.st,104,LECTURE,CycleFaultActive          : BOOL;
CycleFaultMsgStr,CODE/J_SUPERVISION/FB_Hmi_BannerFormatter.st,105,LECTURE,CycleFaultMsgStr          : STRING(120);
AbortMsgLatched,CODE/J_SUPERVISION/FB_Hmi_BannerFormatter.st,114,LECTURE,AbortMsgLatched      : BOOL;
TonAlarmBanner,CODE/J_SUPERVISION/FB_Hmi_BannerFormatter.st,117,LECTURE,TonAlarmBanner       : TON;
AlarmCount,CODE/J_SUPERVISION/FB_Hmi_BannerFormatter.st,119,LECTURE,AlarmCount           : INT;
AlarmIndex,CODE/J_SUPERVISION/FB_Hmi_BannerFormatter.st,121,LECTURE,AlarmIndex           : INT;
TofFaultLocalIo,CODE/J_SUPERVISION/FB_Hmi_BannerFormatter.st,124,LECTURE,TofFaultLocalIo      : TOF;
TofFaultVh0800,CODE/J_SUPERVISION/FB_Hmi_BannerFormatter.st,125,LECTURE,TofFaultVh0800       : TOF;
TofFaultVh0808,CODE/J_SUPERVISION/FB_Hmi_BannerFormatter.st,126,LECTURE,TofFaultVh0808       : TOF;
TofFaultVh0008Er,CODE/J_SUPERVISION/FB_Hmi_BannerFormatter.st,127,LECTURE,TofFaultVh0008Er     : TOF;
TofFaultVh0008Er1,CODE/J_SUPERVISION/FB_Hmi_BannerFormatter.st,128,LECTURE,TofFaultVh0008Er1    : TOF;
TofFaultCanBus,CODE/J_SUPERVISION/FB_Hmi_BannerFormatter.st,129,LECTURE,TofFaultCanBus       : TOF;
TofFaultJoy1,CODE/J_SUPERVISION/FB_Hmi_BannerFormatter.st,130,LECTURE,TofFaultJoy1         : TOF;
TofFaultEcatBus,CODE/J_SUPERVISION/FB_Hmi_BannerFormatter.st,131,LECTURE,TofFaultEcatBus      : TOF;
TofFaultEncM1,CODE/J_SUPERVISION/FB_Hmi_BannerFormatter.st,132,LECTURE,TofFaultEncM1        : TOF;
TofFaultEncM2,CODE/J_SUPERVISION/FB_Hmi_BannerFormatter.st,133,LECTURE,TofFaultEncM2        : TOF;
TofFaultVarM3,CODE/J_SUPERVISION/FB_Hmi_BannerFormatter.st,134,LECTURE,TofFaultVarM3        : TOF;
CST_NbMaxAlarmes,CODE/J_SUPERVISION/FB_Hmi_BannerFormatter.st,153,LECTURE,CST_NbMaxAlarmes     : INT := 50;
CST_WinchErrorIdCableLimitDescent,CODE/J_SUPERVISION/FB_Hmi_BannerFormatter.st,161,LECTURE,CST_WinchErrorIdCableLimitDescent : WORD := 16#0040;
AlarmBanner,CODE/J_SUPERVISION/FB_Hmi_BannerFormatter.st,170,LECTURE,Banner.AlarmBanner.HasAlarm  := FALSE;
HasAlarm,CODE/J_SUPERVISION/FB_Hmi_BannerFormatter.st,170,ECRITURE_FALSE,Banner.AlarmBanner.HasAlarm  := FALSE;
AlarmBanner,CODE/J_SUPERVISION/FB_Hmi_BannerFormatter.st,171,LECTURE,Banner.AlarmBanner.Text      := '';
AlarmBanner,CODE/J_SUPERVISION/FB_Hmi_BannerFormatter.st,172,LECTURE,Banner.AlarmBanner.Index     := 0;
AlarmBanner,CODE/J_SUPERVISION/FB_Hmi_BannerFormatter.st,173,LECTURE,Banner.AlarmBanner.Count     := 0;
AlarmBanner,CODE/J_SUPERVISION/FB_Hmi_BannerFormatter.st,175,LECTURE,Banner.AlarmBanner.AlarmArray[i] := '';
TonAlarmBanner,CODE/J_SUPERVISION/FB_Hmi_BannerFormatter.st,177,LECTURE,TonAlarmBanner(IN := FALSE);
TofFaultLocalIo,CODE/J_SUPERVISION/FB_Hmi_BannerFormatter.st,179,LECTURE,TofFaultLocalIo(IN := FALSE);
TofFaultVh0800,CODE/J_SUPERVISION/FB_Hmi_BannerFormatter.st,180,LECTURE,TofFaultVh0800(IN := FALSE);
TofFaultVh0808,CODE/J_SUPERVISION/FB_Hmi_BannerFormatter.st,181,LECTURE,TofFaultVh0808(IN := FALSE);
TofFaultVh0008Er,CODE/J_SUPERVISION/FB_Hmi_BannerFormatter.st,182,LECTURE,TofFaultVh0008Er(IN := FALSE);
TofFaultVh0008Er1,CODE/J_SUPERVISION/FB_Hmi_BannerFormatter.st,183,LECTURE,TofFaultVh0008Er1(IN := FALSE);
TofFaultCanBus,CODE/J_SUPERVISION/FB_Hmi_BannerFormatter.st,184,LECTURE,TofFaultCanBus(IN := FALSE);
TofFaultJoy1,CODE/J_SUPERVISION/FB_Hmi_BannerFormatter.st,185,LECTURE,TofFaultJoy1(IN := FALSE);
TofFaultEcatBus,CODE/J_SUPERVISION/FB_Hmi_BannerFormatter.st,186,LECTURE,TofFaultEcatBus(IN := FALSE);
TofFaultEncM1,CODE/J_SUPERVISION/FB_Hmi_BannerFormatter.st,187,LECTURE,TofFaultEncM1(IN := FALSE);
TofFaultEncM2,CODE/J_SUPERVISION/FB_Hmi_BannerFormatter.st,188,LECTURE,TofFaultEncM2(IN := FALSE);
TofFaultVarM3,CODE/J_SUPERVISION/FB_Hmi_BannerFormatter.st,189,LECTURE,TofFaultVarM3(IN := FALSE);
TofFaultLocalIo,CODE/J_SUPERVISION/FB_Hmi_BannerFormatter.st,197,LECTURE,"TofFaultLocalIo(IN := (NOT Network.InputModules.LocalDigitalIoOk) AND TonBootInhibit.Q, PT := T#1.5s);"
TofFaultVh0800,CODE/J_SUPERVISION/FB_Hmi_BannerFormatter.st,198,LECTURE,"TofFaultVh0800(IN := (NOT Network.InputModules.Vh0800EndOk) AND TonBootInhibit.Q, PT := T#1.5s);"
TofFaultVh0808,CODE/J_SUPERVISION/FB_Hmi_BannerFormatter.st,199,LECTURE,"TofFaultVh0808(IN := (NOT Network.InputModules.Vh0808EtpOk) AND TonBootInhibit.Q, PT := T#1.5s);"
TofFaultVh0008Er,CODE/J_SUPERVISION/FB_Hmi_BannerFormatter.st,200,LECTURE,"TofFaultVh0008Er(IN := (NOT Network.InputModules.Vh0008ErOk) AND TonBootInhibit.Q, PT := T#1.5s);"
TofFaultVh0008Er1,CODE/J_SUPERVISION/FB_Hmi_BannerFormatter.st,201,LECTURE,"TofFaultVh0008Er1(IN := (NOT Network.InputModules.Vh0008Er1Ok) AND TonBootInhibit.Q, PT := T#1.5s);"
TofFaultCanBus,CODE/J_SUPERVISION/FB_Hmi_BannerFormatter.st,202,LECTURE,"TofFaultCanBus(IN := (NOT Network.BusCanOpen.Operational) AND TonBootInhibit.Q, PT := T#1.5s);"
TofFaultJoy1,CODE/J_SUPERVISION/FB_Hmi_BannerFormatter.st,203,LECTURE,"TofFaultJoy1(IN := (NOT Network.Joystick.Operational) AND TonBootInhibit.Q, PT := T#1.5s);"
TofFaultEcatBus,CODE/J_SUPERVISION/FB_Hmi_BannerFormatter.st,204,LECTURE,"TofFaultEcatBus(IN := (NOT Network.BusEthercat.Operational) AND TonBootInhibit.Q, PT := T#1.5s);"
TofFaultEncM1,CODE/J_SUPERVISION/FB_Hmi_BannerFormatter.st,205,LECTURE,"TofFaultEncM1(IN := (NOT Network.EncoderM1.Operational) AND TonBootInhibit.Q, PT := T#1.5s);"
TofFaultEncM2,CODE/J_SUPERVISION/FB_Hmi_BannerFormatter.st,206,LECTURE,"TofFaultEncM2(IN := (NOT Network.EncoderM2.Operational) AND TonBootInhibit.Q, PT := T#1.5s);"
TofFaultVarM3,CODE/J_SUPERVISION/FB_Hmi_BannerFormatter.st,207,LECTURE,"TofFaultVarM3(IN := (NOT Network.VariateurM3.Operational) AND TonBootInhibit.Q, PT := T#1.5s);"
TofFaultLocalIo,CODE/J_SUPERVISION/FB_Hmi_BannerFormatter.st,209,LECTURE,LocalIoValid   := NOT TofFaultLocalIo.Q;
TofFaultVh0800,CODE/J_SUPERVISION/FB_Hmi_BannerFormatter.st,210,LECTURE,Vh0800Valid    := NOT TofFaultVh0800.Q;
TofFaultVh0808,CODE/J_SUPERVISION/FB_Hmi_BannerFormatter.st,211,LECTURE,Vh0808Valid    := NOT TofFaultVh0808.Q;
TofFaultVh0008Er,CODE/J_SUPERVISION/FB_Hmi_BannerFormatter.st,212,LECTURE,Vh0008ErValid  := NOT TofFaultVh0008Er.Q;
TofFaultVh0008Er1,CODE/J_SUPERVISION/FB_Hmi_BannerFormatter.st,213,LECTURE,Vh0008Er1Valid := NOT TofFaultVh0008Er1.Q;
TofFaultCanBus,CODE/J_SUPERVISION/FB_Hmi_BannerFormatter.st,214,LECTURE,CanBusValid    := NOT TofFaultCanBus.Q;
TofFaultJoy1,CODE/J_SUPERVISION/FB_Hmi_BannerFormatter.st,215,LECTURE,Joy1Valid      := NOT TofFaultJoy1.Q;
TofFaultEcatBus,CODE/J_SUPERVISION/FB_Hmi_BannerFormatter.st,216,LECTURE,EcatBusValid   := NOT TofFaultEcatBus.Q;
TofFaultEncM1,CODE/J_SUPERVISION/FB_Hmi_BannerFormatter.st,217,LECTURE,EncM1Valid     := NOT TofFaultEncM1.Q;
TofFaultEncM2,CODE/J_SUPERVISION/FB_Hmi_BannerFormatter.st,218,LECTURE,EncM2Valid     := NOT TofFaultEncM2.Q;
TofFaultVarM3,CODE/J_SUPERVISION/FB_Hmi_BannerFormatter.st,219,LECTURE,VarM3Valid     := NOT TofFaultVarM3.Q;
CycleFaultActive,CODE/J_SUPERVISION/FB_Hmi_BannerFormatter.st,263,ECRITURE,CycleFaultActive := (CycleStep = E_AutoCycleStep.AX_STAB) AND (CycleErrorId <> 0);
CycleErrorId,CODE/J_SUPERVISION/FB_Hmi_BannerFormatter.st,263,LECTURE,CycleFaultActive := (CycleStep = E_AutoCycleStep.AX_STAB) AND (CycleErrorId <> 0);
StepAtErrorStr,CODE/J_SUPERVISION/FB_Hmi_BannerFormatter.st,264,ECRITURE,StepAtErrorStr   := '';
CycleFaultActive,CODE/J_SUPERVISION/FB_Hmi_BannerFormatter.st,265,LECTURE,IF CycleFaultActive THEN
CycleStepAtError,CODE/J_SUPERVISION/FB_Hmi_BannerFormatter.st,266,LECTURE,CASE CycleStepAtError OF
StepAtErrorStr,CODE/J_SUPERVISION/FB_Hmi_BannerFormatter.st,267,ECRITURE,E_AutoCycleStep.AX0_REPOS: StepAtErrorStr := 'X0';
StepAtErrorStr,CODE/J_SUPERVISION/FB_Hmi_BannerFormatter.st,268,ECRITURE,E_AutoCycleStep.AX1_INIT: StepAtErrorStr := 'X1';
StepAtErrorStr,CODE/J_SUPERVISION/FB_Hmi_BannerFormatter.st,269,ECRITURE,E_AutoCycleStep.AX2_TRANSLATE_P1: StepAtErrorStr := 'X2';
StepAtErrorStr,CODE/J_SUPERVISION/FB_Hmi_BannerFormatter.st,270,ECRITURE,E_AutoCycleStep.AX3_OPEN_BUCKET: StepAtErrorStr := 'X3';
StepAtErrorStr,CODE/J_SUPERVISION/FB_Hmi_BannerFormatter.st,271,ECRITURE,E_AutoCycleStep.AX4_DESCEND_DIVING: StepAtErrorStr := 'AX4';
StepAtErrorStr,CODE/J_SUPERVISION/FB_Hmi_BannerFormatter.st,272,ECRITURE,E_AutoCycleStep.AX5_KOBOLD_INIT: StepAtErrorStr := 'AX5';
StepAtErrorStr,CODE/J_SUPERVISION/FB_Hmi_BannerFormatter.st,273,ECRITURE,E_AutoCycleStep.AX6_SEARCH_IMMERSION: StepAtErrorStr := 'AX6';
StepAtErrorStr,CODE/J_SUPERVISION/FB_Hmi_BannerFormatter.st,274,ECRITURE,E_AutoCycleStep.AX7_SEARCH_BOTTOM: StepAtErrorStr := 'AX7';
StepAtErrorStr,CODE/J_SUPERVISION/FB_Hmi_BannerFormatter.st,275,ECRITURE,E_AutoCycleStep.AX8_BOTTOM_CONFIRMED: StepAtErrorStr := 'AX8';
StepAtErrorStr,CODE/J_SUPERVISION/FB_Hmi_BannerFormatter.st,276,ECRITURE,E_AutoCycleStep.AX_DIVING_RETRY: StepAtErrorStr := 'RETRY';
StepAtErrorStr,CODE/J_SUPERVISION/FB_Hmi_BannerFormatter.st,277,ECRITURE,E_AutoCycleStep.AX9_RAISE_OFF_BOTTOM: StepAtErrorStr := 'AX9';
StepAtErrorStr,CODE/J_SUPERVISION/FB_Hmi_BannerFormatter.st,278,ECRITURE,E_AutoCycleStep.AX10_CLOSE_BUCKET: StepAtErrorStr := 'AX10';
StepAtErrorStr,CODE/J_SUPERVISION/FB_Hmi_BannerFormatter.st,279,ECRITURE,E_AutoCycleStep.AX10B_RACCORDEMENT_P1: StepAtErrorStr := 'AX10b';
StepAtErrorStr,CODE/J_SUPERVISION/FB_Hmi_BannerFormatter.st,280,ECRITURE,E_AutoCycleStep.AX11_CTRL_ASCENT: StepAtErrorStr := 'AX11';
StepAtErrorStr,CODE/J_SUPERVISION/FB_Hmi_BannerFormatter.st,281,ECRITURE,E_AutoCycleStep.AX12_LOADED_ASCENT: StepAtErrorStr := 'AX12';
StepAtErrorStr,CODE/J_SUPERVISION/FB_Hmi_BannerFormatter.st,282,ECRITURE,E_AutoCycleStep.AX13_DRAIN_PAUSE: StepAtErrorStr := 'AX13';
StepAtErrorStr,CODE/J_SUPERVISION/FB_Hmi_BannerFormatter.st,283,ECRITURE,E_AutoCycleStep.AX14_TRANSLATE_DUMP: StepAtErrorStr := 'AX14';
StepAtErrorStr,CODE/J_SUPERVISION/FB_Hmi_BannerFormatter.st,284,ECRITURE,E_AutoCycleStep.AX15A_DUMP_ARRIVE: StepAtErrorStr := 'AX15a';
StepAtErrorStr,CODE/J_SUPERVISION/FB_Hmi_BannerFormatter.st,285,ECRITURE,E_AutoCycleStep.AX15B_DUMP_OPEN: StepAtErrorStr := 'AX15b';
StepAtErrorStr,CODE/J_SUPERVISION/FB_Hmi_BannerFormatter.st,286,ECRITURE,E_AutoCycleStep.AX15C_DUMP_REPOSITION: StepAtErrorStr := 'AX15c';
StepAtErrorStr,CODE/J_SUPERVISION/FB_Hmi_BannerFormatter.st,287,ECRITURE,E_AutoCycleStep.AX18_DONE_SYNC: StepAtErrorStr := 'AX18';
StepAtErrorStr,CODE/J_SUPERVISION/FB_Hmi_BannerFormatter.st,288,ECRITURE,E_AutoCycleStep.AX_STAB: StepAtErrorStr := 'STAB';
StepAtErrorStr,CODE/J_SUPERVISION/FB_Hmi_BannerFormatter.st,290,ECRITURE,StepAtErrorStr := '?';
CycleFaultActive,CODE/J_SUPERVISION/FB_Hmi_BannerFormatter.st,307,LECTURE,IF CycleFaultActive THEN
StepAtErrorStr,CODE/J_SUPERVISION/FB_Hmi_BannerFormatter.st,309,LECTURE,"CONCAT(StepAtErrorStr, ')'));"
ModeChangeBlockReason,CODE/J_SUPERVISION/FB_Hmi_BannerFormatter.st,368,LECTURE,IF ModeChangePendingBlocked AND ModeChangeBlockReason <> '' THEN
ModeChangeBlockReason,CODE/J_SUPERVISION/FB_Hmi_BannerFormatter.st,370,LECTURE,SpecialConditionCandidate := ModeChangeBlockReason;
AbortMsgLatched,CODE/J_SUPERVISION/FB_Hmi_BannerFormatter.st,446,ECRITURE,AbortMsgLatched := (LastAbortCause = INT_TO_WORD(CST_ABORT_POWER_CUTOFF)) OR (LastAbortCause = INT_TO_WORD(CST_ABORT_TIMEOUT_RESTORE_A)) OR (LastAbortCause = INT_TO_WORD(CST_ABORT_TIMEOUT_RESTORE_B));
AbortMsgLatched,CODE/J_SUPERVISION/FB_Hmi_BannerFormatter.st,453,ECRITURE_FALSE,AbortMsgLatched := FALSE;
AbortMsgLatched,CODE/J_SUPERVISION/FB_Hmi_BannerFormatter.st,464,LECTURE,IF AbortMsgActive AND NOT AbortMsgLatched THEN
ErrorMecaA,CODE/J_SUPERVISION/FB_Hmi_BannerFormatter.st,484,LECTURE,IF TranslationSafety.ErrorMecaA THEN
ErrorMecaB,CODE/J_SUPERVISION/FB_Hmi_BannerFormatter.st,486,LECTURE,ELSIF TranslationSafety.ErrorMecaB THEN
ErrorBrakeThermal,CODE/J_SUPERVISION/FB_Hmi_BannerFormatter.st,488,LECTURE,ELSIF TranslationSafety.ErrorBrakeThermal THEN
ErrorMecaA,CODE/J_SUPERVISION/FB_Hmi_BannerFormatter.st,490,LECTURE,ELSIF WinchM1Safety.ErrorMecaA THEN
ErrorMecaB,CODE/J_SUPERVISION/FB_Hmi_BannerFormatter.st,492,LECTURE,ELSIF WinchM1Safety.ErrorMecaB THEN
ThermalFault,CODE/J_SUPERVISION/FB_Hmi_BannerFormatter.st,494,LECTURE,ELSIF WinchM1Safety.ThermalFault THEN
ErrorBrakeThermal,CODE/J_SUPERVISION/FB_Hmi_BannerFormatter.st,496,LECTURE,ELSIF WinchM1Safety.ErrorBrakeThermal THEN
ErrorMecaA,CODE/J_SUPERVISION/FB_Hmi_BannerFormatter.st,498,LECTURE,ELSIF WinchM2Safety.ErrorMecaA THEN
ErrorMecaB,CODE/J_SUPERVISION/FB_Hmi_BannerFormatter.st,500,LECTURE,ELSIF WinchM2Safety.ErrorMecaB THEN
ThermalFault,CODE/J_SUPERVISION/FB_Hmi_BannerFormatter.st,502,LECTURE,ELSIF WinchM2Safety.ThermalFault THEN
ErrorBrakeThermal,CODE/J_SUPERVISION/FB_Hmi_BannerFormatter.st,504,LECTURE,ELSIF WinchM2Safety.ErrorBrakeThermal THEN
CycleFaultMsgStr,CODE/J_SUPERVISION/FB_Hmi_BannerFormatter.st,529,ECRITURE,CycleFaultMsgStr := '';
CycleFaultActive,CODE/J_SUPERVISION/FB_Hmi_BannerFormatter.st,530,LECTURE,IF CycleFaultActive THEN
CycleErrorId,CODE/J_SUPERVISION/FB_Hmi_BannerFormatter.st,534,LECTURE,IF (CycleErrorId AND 16#0001) <> 0 THEN
CycleFaultCauseStr,CODE/J_SUPERVISION/FB_Hmi_BannerFormatter.st,535,ECRITURE,CycleFaultCauseStr := 'limite profondeur';
CycleErrorId,CODE/J_SUPERVISION/FB_Hmi_BannerFormatter.st,536,LECTURE,ELSIF (CycleErrorId AND 16#0002) <> 0 THEN
CycleFaultCauseStr,CODE/J_SUPERVISION/FB_Hmi_BannerFormatter.st,537,ECRITURE,CycleFaultCauseStr := 'synchro M1/M2';
CycleErrorId,CODE/J_SUPERVISION/FB_Hmi_BannerFormatter.st,538,LECTURE,ELSIF (CycleErrorId AND 16#0004) <> 0 THEN
CycleFaultCauseStr,CODE/J_SUPERVISION/FB_Hmi_BannerFormatter.st,539,ECRITURE,CycleFaultCauseStr := 'ecart vitesse M1/M2';
CycleErrorId,CODE/J_SUPERVISION/FB_Hmi_BannerFormatter.st,540,LECTURE,ELSIF (CycleErrorId AND 16#0008) <> 0 THEN
CycleFaultCauseStr,CODE/J_SUPERVISION/FB_Hmi_BannerFormatter.st,541,ECRITURE,CycleFaultCauseStr := 'com IHM perdue';
CycleErrorId,CODE/J_SUPERVISION/FB_Hmi_BannerFormatter.st,542,LECTURE,ELSIF (CycleErrorId AND 16#0010) <> 0 THEN
CycleFaultCauseStr,CODE/J_SUPERVISION/FB_Hmi_BannerFormatter.st,543,ECRITURE,CycleFaultCauseStr := 'tempo etape';
CycleErrorId,CODE/J_SUPERVISION/FB_Hmi_BannerFormatter.st,544,LECTURE,ELSIF (CycleErrorId AND 16#0020) <> 0 THEN
CycleFaultCauseStr,CODE/J_SUPERVISION/FB_Hmi_BannerFormatter.st,545,ECRITURE,CycleFaultCauseStr := 'stabilisation';
CycleErrorId,CODE/J_SUPERVISION/FB_Hmi_BannerFormatter.st,546,LECTURE,ELSIF (CycleErrorId AND 16#0040) <> 0 THEN
CycleFaultCauseStr,CODE/J_SUPERVISION/FB_Hmi_BannerFormatter.st,547,ECRITURE,CycleFaultCauseStr := 'ecart position M1/M2';
CycleErrorId,CODE/J_SUPERVISION/FB_Hmi_BannerFormatter.st,548,LECTURE,ELSIF (CycleErrorId AND 16#0080) <> 0 THEN
CycleFaultCauseStr,CODE/J_SUPERVISION/FB_Hmi_BannerFormatter.st,549,ECRITURE,CycleFaultCauseStr := 'hors FDC haut';
CycleErrorId,CODE/J_SUPERVISION/FB_Hmi_BannerFormatter.st,550,LECTURE,ELSIF (CycleErrorId AND 16#0100) <> 0 THEN
CycleFaultCauseStr,CODE/J_SUPERVISION/FB_Hmi_BannerFormatter.st,551,ECRITURE,CycleFaultCauseStr := 'palier 5 interdit';
CycleErrorId,CODE/J_SUPERVISION/FB_Hmi_BannerFormatter.st,552,LECTURE,ELSIF (CycleErrorId AND 16#0200) <> 0 THEN
CycleFaultCauseStr,CODE/J_SUPERVISION/FB_Hmi_BannerFormatter.st,553,ECRITURE,CycleFaultCauseStr := 'palier 4 non confirme';
CycleErrorId,CODE/J_SUPERVISION/FB_Hmi_BannerFormatter.st,554,LECTURE,ELSIF (CycleErrorId AND 16#0400) <> 0 THEN
CycleFaultCauseStr,CODE/J_SUPERVISION/FB_Hmi_BannerFormatter.st,555,ECRITURE,CycleFaultCauseStr := 'arret meca non confirme';
CycleFaultCauseStr,CODE/J_SUPERVISION/FB_Hmi_BannerFormatter.st,557,ECRITURE,"CycleFaultCauseStr := CONCAT('cause inconnue #', WORD_TO_STRING(CycleErrorId));"
CycleErrorId,CODE/J_SUPERVISION/FB_Hmi_BannerFormatter.st,557,LECTURE,"CycleFaultCauseStr := CONCAT('cause inconnue #', WORD_TO_STRING(CycleErrorId));"
LatchedId,CODE/J_SUPERVISION/FB_Hmi_BannerFormatter.st,568,LECTURE,IF WinchM1Safety.LatchedId <> 0 THEN
LatchedId,CODE/J_SUPERVISION/FB_Hmi_BannerFormatter.st,570,LECTURE,WinchRootMaskId := WinchM1Safety.LatchedId;
LatchedId,CODE/J_SUPERVISION/FB_Hmi_BannerFormatter.st,571,LECTURE,ELSIF WinchM2Safety.LatchedId <> 0 THEN
LatchedId,CODE/J_SUPERVISION/FB_Hmi_BannerFormatter.st,573,LECTURE,WinchRootMaskId := WinchM2Safety.LatchedId;
CycleFaultMsgStr,CODE/J_SUPERVISION/FB_Hmi_BannerFormatter.st,609,ECRITURE,"CycleFaultMsgStr := CONCAT('[CYCLE]', CONCAT(StepAtErrorStr,"
StepAtErrorStr,CODE/J_SUPERVISION/FB_Hmi_BannerFormatter.st,609,LECTURE,"CycleFaultMsgStr := CONCAT('[CYCLE]', CONCAT(StepAtErrorStr,"
CycleFaultCauseStr,CODE/J_SUPERVISION/FB_Hmi_BannerFormatter.st,610,LECTURE,"CONCAT(':', CONCAT(CycleFaultCauseStr,"
CycleFaultActive,CODE/J_SUPERVISION/FB_Hmi_BannerFormatter.st,637,LECTURE,ELSIF CycleFaultActive THEN
CycleFaultMsgStr,CODE/J_SUPERVISION/FB_Hmi_BannerFormatter.st,642,LECTURE,OperatorActionCandidate := CycleFaultMsgStr;
SyncContactorDiag,CODE/J_SUPERVISION/FB_Hmi_BannerFormatter.st,652,LECTURE,IF SyncContactorDiag.MismatchLevel >= 1 THEN
ErrorMecaD,CODE/J_SUPERVISION/FB_Hmi_BannerFormatter.st,683,LECTURE,ELSIF WinchM1Safety.ErrorMecaD OR WinchM2Safety.ErrorMecaD THEN
ErrorMecaD,CODE/J_SUPERVISION/FB_Hmi_BannerFormatter.st,683,LECTURE,ELSIF WinchM1Safety.ErrorMecaD OR WinchM2Safety.ErrorMecaD THEN
CycleFaultMsgStr,CODE/J_SUPERVISION/FB_Hmi_BannerFormatter.st,748,LECTURE,OperatorActionCandidate := CycleFaultMsgStr;
ErrorId,CODE/J_SUPERVISION/FB_Hmi_BannerFormatter.st,766,LECTURE,ELSIF ((WinchM1Safety.ErrorId OR WinchM2Safety.ErrorId) AND CST_WinchErrorIdCableLimitDescent) <> 16#0000 THEN
ErrorId,CODE/J_SUPERVISION/FB_Hmi_BannerFormatter.st,766,LECTURE,ELSIF ((WinchM1Safety.ErrorId OR WinchM2Safety.ErrorId) AND CST_WinchErrorIdCableLimitDescent) <> 16#0000 THEN
CST_WinchErrorIdCableLimitDescent,CODE/J_SUPERVISION/FB_Hmi_BannerFormatter.st,766,LECTURE,ELSIF ((WinchM1Safety.ErrorId OR WinchM2Safety.ErrorId) AND CST_WinchErrorIdCableLimitDescent) <> 16#0000 THEN
ErrorId,CODE/J_SUPERVISION/FB_Hmi_BannerFormatter.st,778,LECTURE,IF ((WinchM1Safety.ErrorId AND WinchM2Safety.ErrorId) AND CST_WinchErrorIdCableLimitDescent) <> 16#0000 THEN
ErrorId,CODE/J_SUPERVISION/FB_Hmi_BannerFormatter.st,778,LECTURE,IF ((WinchM1Safety.ErrorId AND WinchM2Safety.ErrorId) AND CST_WinchErrorIdCableLimitDescent) <> 16#0000 THEN
CST_WinchErrorIdCableLimitDescent,CODE/J_SUPERVISION/FB_Hmi_BannerFormatter.st,778,LECTURE,IF ((WinchM1Safety.ErrorId AND WinchM2Safety.ErrorId) AND CST_WinchErrorIdCableLimitDescent) <> 16#0000 THEN
ErrorId,CODE/J_SUPERVISION/FB_Hmi_BannerFormatter.st,780,LECTURE,ELSIF (WinchM1Safety.ErrorId AND CST_WinchErrorIdCableLimitDescent) <> 16#0000 THEN
CST_WinchErrorIdCableLimitDescent,CODE/J_SUPERVISION/FB_Hmi_BannerFormatter.st,780,LECTURE,ELSIF (WinchM1Safety.ErrorId AND CST_WinchErrorIdCableLimitDescent) <> 16#0000 THEN
PowerOrChainFault,CODE/J_SUPERVISION/FB_Hmi_BannerFormatter.st,793,ECRITURE,PowerOrChainFault := (NOT EmergencyChainClosed OR NOT PowerContactorEngaged OR PowerCutOffActiveAny);
HardwareModuleOrBusFault,CODE/J_SUPERVISION/FB_Hmi_BannerFormatter.st,794,ECRITURE,HardwareModuleOrBusFault := (NOT LocalIoValid OR NOT Vh0800Valid OR NOT Vh0808Valid OR NOT Vh0008ErValid OR NOT Vh0008Er1Valid OR NOT CanBusValid OR NOT Joy1Valid OR NOT EcatBusValid OR NOT EncM1Valid
PowerOrChainFault,CODE/J_SUPERVISION/FB_Hmi_BannerFormatter.st,795,LECTURE,CriticalActionActive := (PowerOrChainFault OR HardwareModuleOrBusFault OR SafeStopActive OR DirectionBlocked);
HardwareModuleOrBusFault,CODE/J_SUPERVISION/FB_Hmi_BannerFormatter.st,795,LECTURE,CriticalActionActive := (PowerOrChainFault OR HardwareModuleOrBusFault OR SafeStopActive OR DirectionBlocked);
AlarmCount,CODE/J_SUPERVISION/FB_Hmi_BannerFormatter.st,809,ECRITURE,AlarmCount := 0;
AlarmCount,CODE/J_SUPERVISION/FB_Hmi_BannerFormatter.st,812,LECTURE,IF NOT LocalIoValid AND (AlarmCount < CST_NbMaxAlarmes) THEN
CST_NbMaxAlarmes,CODE/J_SUPERVISION/FB_Hmi_BannerFormatter.st,812,LECTURE,IF NOT LocalIoValid AND (AlarmCount < CST_NbMaxAlarmes) THEN
AlarmCount,CODE/J_SUPERVISION/FB_Hmi_BannerFormatter.st,813,LECTURE,AlarmArray[AlarmCount] := '[IO] Defaut module Local IO (DI8/DO8)'; AlarmCount := AlarmCount + 1;
AlarmCount,CODE/J_SUPERVISION/FB_Hmi_BannerFormatter.st,813,ECRITURE,AlarmArray[AlarmCount] := '[IO] Defaut module Local IO (DI8/DO8)'; AlarmCount := AlarmCount + 1;
AlarmCount,CODE/J_SUPERVISION/FB_Hmi_BannerFormatter.st,813,LECTURE,AlarmArray[AlarmCount] := '[IO] Defaut module Local IO (DI8/DO8)'; AlarmCount := AlarmCount + 1;
AlarmCount,CODE/J_SUPERVISION/FB_Hmi_BannerFormatter.st,815,LECTURE,IF NOT Vh0800Valid AND (AlarmCount < CST_NbMaxAlarmes) THEN
CST_NbMaxAlarmes,CODE/J_SUPERVISION/FB_Hmi_BannerFormatter.st,815,LECTURE,IF NOT Vh0800Valid AND (AlarmCount < CST_NbMaxAlarmes) THEN
AlarmCount,CODE/J_SUPERVISION/FB_Hmi_BannerFormatter.st,816,LECTURE,AlarmArray[AlarmCount] := '[IO] Defaut module VH0800END (DI8)'; AlarmCount := AlarmCount + 1;
AlarmCount,CODE/J_SUPERVISION/FB_Hmi_BannerFormatter.st,816,ECRITURE,AlarmArray[AlarmCount] := '[IO] Defaut module VH0800END (DI8)'; AlarmCount := AlarmCount + 1;
AlarmCount,CODE/J_SUPERVISION/FB_Hmi_BannerFormatter.st,816,LECTURE,AlarmArray[AlarmCount] := '[IO] Defaut module VH0800END (DI8)'; AlarmCount := AlarmCount + 1;
AlarmCount,CODE/J_SUPERVISION/FB_Hmi_BannerFormatter.st,818,LECTURE,IF NOT Vh0808Valid AND (AlarmCount < CST_NbMaxAlarmes) THEN
CST_NbMaxAlarmes,CODE/J_SUPERVISION/FB_Hmi_BannerFormatter.st,818,LECTURE,IF NOT Vh0808Valid AND (AlarmCount < CST_NbMaxAlarmes) THEN
AlarmCount,CODE/J_SUPERVISION/FB_Hmi_BannerFormatter.st,819,LECTURE,AlarmArray[AlarmCount] := '[IO] Defaut module VH0808ETP (DI8/DO8)'; AlarmCount := AlarmCount + 1;
AlarmCount,CODE/J_SUPERVISION/FB_Hmi_BannerFormatter.st,819,ECRITURE,AlarmArray[AlarmCount] := '[IO] Defaut module VH0808ETP (DI8/DO8)'; AlarmCount := AlarmCount + 1;
AlarmCount,CODE/J_SUPERVISION/FB_Hmi_BannerFormatter.st,819,LECTURE,AlarmArray[AlarmCount] := '[IO] Defaut module VH0808ETP (DI8/DO8)'; AlarmCount := AlarmCount + 1;
AlarmCount,CODE/J_SUPERVISION/FB_Hmi_BannerFormatter.st,821,LECTURE,IF NOT Vh0008ErValid AND (AlarmCount < CST_NbMaxAlarmes) THEN
CST_NbMaxAlarmes,CODE/J_SUPERVISION/FB_Hmi_BannerFormatter.st,821,LECTURE,IF NOT Vh0008ErValid AND (AlarmCount < CST_NbMaxAlarmes) THEN
AlarmCount,CODE/J_SUPERVISION/FB_Hmi_BannerFormatter.st,822,LECTURE,AlarmArray[AlarmCount] := '[IO] Defaut module VH0008ER (DO8 Relais)'; AlarmCount := AlarmCount + 1;
AlarmCount,CODE/J_SUPERVISION/FB_Hmi_BannerFormatter.st,822,ECRITURE,AlarmArray[AlarmCount] := '[IO] Defaut module VH0008ER (DO8 Relais)'; AlarmCount := AlarmCount + 1;
AlarmCount,CODE/J_SUPERVISION/FB_Hmi_BannerFormatter.st,822,LECTURE,AlarmArray[AlarmCount] := '[IO] Defaut module VH0008ER (DO8 Relais)'; AlarmCount := AlarmCount + 1;
AlarmCount,CODE/J_SUPERVISION/FB_Hmi_BannerFormatter.st,824,LECTURE,IF NOT Vh0008Er1Valid AND (AlarmCount < CST_NbMaxAlarmes) THEN
CST_NbMaxAlarmes,CODE/J_SUPERVISION/FB_Hmi_BannerFormatter.st,824,LECTURE,IF NOT Vh0008Er1Valid AND (AlarmCount < CST_NbMaxAlarmes) THEN
AlarmCount,CODE/J_SUPERVISION/FB_Hmi_BannerFormatter.st,825,LECTURE,AlarmArray[AlarmCount] := '[IO] Defaut module VH0008ER_1 (DO8 Relais)'; AlarmCount := AlarmCount + 1;
AlarmCount,CODE/J_SUPERVISION/FB_Hmi_BannerFormatter.st,825,ECRITURE,AlarmArray[AlarmCount] := '[IO] Defaut module VH0008ER_1 (DO8 Relais)'; AlarmCount := AlarmCount + 1;
AlarmCount,CODE/J_SUPERVISION/FB_Hmi_BannerFormatter.st,825,LECTURE,AlarmArray[AlarmCount] := '[IO] Defaut module VH0008ER_1 (DO8 Relais)'; AlarmCount := AlarmCount + 1;
AlarmCount,CODE/J_SUPERVISION/FB_Hmi_BannerFormatter.st,827,LECTURE,IF NOT CanBusValid AND (AlarmCount < CST_NbMaxAlarmes) THEN
CST_NbMaxAlarmes,CODE/J_SUPERVISION/FB_Hmi_BannerFormatter.st,827,LECTURE,IF NOT CanBusValid AND (AlarmCount < CST_NbMaxAlarmes) THEN
AlarmCount,CODE/J_SUPERVISION/FB_Hmi_BannerFormatter.st,828,LECTURE,AlarmArray[AlarmCount] := '[CAN] Defaut bus CANopen'; AlarmCount := AlarmCount + 1;
AlarmCount,CODE/J_SUPERVISION/FB_Hmi_BannerFormatter.st,828,ECRITURE,AlarmArray[AlarmCount] := '[CAN] Defaut bus CANopen'; AlarmCount := AlarmCount + 1;
AlarmCount,CODE/J_SUPERVISION/FB_Hmi_BannerFormatter.st,828,LECTURE,AlarmArray[AlarmCount] := '[CAN] Defaut bus CANopen'; AlarmCount := AlarmCount + 1;
AlarmCount,CODE/J_SUPERVISION/FB_Hmi_BannerFormatter.st,830,LECTURE,IF CanBusValid AND NOT Joy1Valid AND (AlarmCount < CST_NbMaxAlarmes) THEN
CST_NbMaxAlarmes,CODE/J_SUPERVISION/FB_Hmi_BannerFormatter.st,830,LECTURE,IF CanBusValid AND NOT Joy1Valid AND (AlarmCount < CST_NbMaxAlarmes) THEN
AlarmCount,CODE/J_SUPERVISION/FB_Hmi_BannerFormatter.st,831,LECTURE,AlarmArray[AlarmCount] := '[CAN] Joystick JOY1 non detecte'; AlarmCount := AlarmCount + 1;
AlarmCount,CODE/J_SUPERVISION/FB_Hmi_BannerFormatter.st,831,ECRITURE,AlarmArray[AlarmCount] := '[CAN] Joystick JOY1 non detecte'; AlarmCount := AlarmCount + 1;
AlarmCount,CODE/J_SUPERVISION/FB_Hmi_BannerFormatter.st,831,LECTURE,AlarmArray[AlarmCount] := '[CAN] Joystick JOY1 non detecte'; AlarmCount := AlarmCount + 1;
AlarmCount,CODE/J_SUPERVISION/FB_Hmi_BannerFormatter.st,833,LECTURE,IF NOT EcatBusValid AND (AlarmCount < CST_NbMaxAlarmes) THEN
CST_NbMaxAlarmes,CODE/J_SUPERVISION/FB_Hmi_BannerFormatter.st,833,LECTURE,IF NOT EcatBusValid AND (AlarmCount < CST_NbMaxAlarmes) THEN
AlarmCount,CODE/J_SUPERVISION/FB_Hmi_BannerFormatter.st,834,LECTURE,AlarmArray[AlarmCount] := '[ECAT] Defaut bus EtherCAT'; AlarmCount := AlarmCount + 1;
AlarmCount,CODE/J_SUPERVISION/FB_Hmi_BannerFormatter.st,834,ECRITURE,AlarmArray[AlarmCount] := '[ECAT] Defaut bus EtherCAT'; AlarmCount := AlarmCount + 1;
AlarmCount,CODE/J_SUPERVISION/FB_Hmi_BannerFormatter.st,834,LECTURE,AlarmArray[AlarmCount] := '[ECAT] Defaut bus EtherCAT'; AlarmCount := AlarmCount + 1;
AlarmCount,CODE/J_SUPERVISION/FB_Hmi_BannerFormatter.st,836,LECTURE,IF EcatBusValid AND NOT EncM1Valid AND (AlarmCount < CST_NbMaxAlarmes) THEN
CST_NbMaxAlarmes,CODE/J_SUPERVISION/FB_Hmi_BannerFormatter.st,836,LECTURE,IF EcatBusValid AND NOT EncM1Valid AND (AlarmCount < CST_NbMaxAlarmes) THEN
AlarmCount,CODE/J_SUPERVISION/FB_Hmi_BannerFormatter.st,837,LECTURE,AlarmArray[AlarmCount] := '[M1] Codeur absolu COD1 non detecte (ECAT)'; AlarmCount := AlarmCount + 1;
AlarmCount,CODE/J_SUPERVISION/FB_Hmi_BannerFormatter.st,837,ECRITURE,AlarmArray[AlarmCount] := '[M1] Codeur absolu COD1 non detecte (ECAT)'; AlarmCount := AlarmCount + 1;
AlarmCount,CODE/J_SUPERVISION/FB_Hmi_BannerFormatter.st,837,LECTURE,AlarmArray[AlarmCount] := '[M1] Codeur absolu COD1 non detecte (ECAT)'; AlarmCount := AlarmCount + 1;
AlarmCount,CODE/J_SUPERVISION/FB_Hmi_BannerFormatter.st,839,LECTURE,IF EcatBusValid AND NOT EncM2Valid AND (AlarmCount < CST_NbMaxAlarmes) THEN
CST_NbMaxAlarmes,CODE/J_SUPERVISION/FB_Hmi_BannerFormatter.st,839,LECTURE,IF EcatBusValid AND NOT EncM2Valid AND (AlarmCount < CST_NbMaxAlarmes) THEN
AlarmCount,CODE/J_SUPERVISION/FB_Hmi_BannerFormatter.st,840,LECTURE,AlarmArray[AlarmCount] := '[M2] Codeur absolu COD2 non detecte (ECAT)'; AlarmCount := AlarmCount + 1;
AlarmCount,CODE/J_SUPERVISION/FB_Hmi_BannerFormatter.st,840,ECRITURE,AlarmArray[AlarmCount] := '[M2] Codeur absolu COD2 non detecte (ECAT)'; AlarmCount := AlarmCount + 1;
AlarmCount,CODE/J_SUPERVISION/FB_Hmi_BannerFormatter.st,840,LECTURE,AlarmArray[AlarmCount] := '[M2] Codeur absolu COD2 non detecte (ECAT)'; AlarmCount := AlarmCount + 1;
AlarmCount,CODE/J_SUPERVISION/FB_Hmi_BannerFormatter.st,842,LECTURE,IF EcatBusValid AND NOT VarM3Valid AND (AlarmCount < CST_NbMaxAlarmes) THEN
CST_NbMaxAlarmes,CODE/J_SUPERVISION/FB_Hmi_BannerFormatter.st,842,LECTURE,IF EcatBusValid AND NOT VarM3Valid AND (AlarmCount < CST_NbMaxAlarmes) THEN
AlarmCount,CODE/J_SUPERVISION/FB_Hmi_BannerFormatter.st,843,LECTURE,AlarmArray[AlarmCount] := '[M3] Variateur AC600 non detecte (ECAT)'; AlarmCount := AlarmCount + 1;
AlarmCount,CODE/J_SUPERVISION/FB_Hmi_BannerFormatter.st,843,ECRITURE,AlarmArray[AlarmCount] := '[M3] Variateur AC600 non detecte (ECAT)'; AlarmCount := AlarmCount + 1;
AlarmCount,CODE/J_SUPERVISION/FB_Hmi_BannerFormatter.st,843,LECTURE,AlarmArray[AlarmCount] := '[M3] Variateur AC600 non detecte (ECAT)'; AlarmCount := AlarmCount + 1;
ErrorOperatorComm,CODE/J_SUPERVISION/FB_Hmi_BannerFormatter.st,851,LECTURE,IF WinchM1Safety.ErrorOperatorComm AND Joy1Valid AND (AlarmCount < CST_NbMaxAlarmes) THEN
AlarmCount,CODE/J_SUPERVISION/FB_Hmi_BannerFormatter.st,851,LECTURE,IF WinchM1Safety.ErrorOperatorComm AND Joy1Valid AND (AlarmCount < CST_NbMaxAlarmes) THEN
CST_NbMaxAlarmes,CODE/J_SUPERVISION/FB_Hmi_BannerFormatter.st,851,LECTURE,IF WinchM1Safety.ErrorOperatorComm AND Joy1Valid AND (AlarmCount < CST_NbMaxAlarmes) THEN
AlarmCount,CODE/J_SUPERVISION/FB_Hmi_BannerFormatter.st,852,LECTURE,AlarmArray[AlarmCount] := '[M1] ErrorID:01 - perte com operateur'; AlarmCount := AlarmCount + 1;
AlarmCount,CODE/J_SUPERVISION/FB_Hmi_BannerFormatter.st,852,ECRITURE,AlarmArray[AlarmCount] := '[M1] ErrorID:01 - perte com operateur'; AlarmCount := AlarmCount + 1;
AlarmCount,CODE/J_SUPERVISION/FB_Hmi_BannerFormatter.st,852,LECTURE,AlarmArray[AlarmCount] := '[M1] ErrorID:01 - perte com operateur'; AlarmCount := AlarmCount + 1;
ErrorEncoder,CODE/J_SUPERVISION/FB_Hmi_BannerFormatter.st,854,LECTURE,IF WinchM1Safety.ErrorEncoder AND EncM1Valid AND (AlarmCount < CST_NbMaxAlarmes) THEN
AlarmCount,CODE/J_SUPERVISION/FB_Hmi_BannerFormatter.st,854,LECTURE,IF WinchM1Safety.ErrorEncoder AND EncM1Valid AND (AlarmCount < CST_NbMaxAlarmes) THEN
CST_NbMaxAlarmes,CODE/J_SUPERVISION/FB_Hmi_BannerFormatter.st,854,LECTURE,IF WinchM1Safety.ErrorEncoder AND EncM1Valid AND (AlarmCount < CST_NbMaxAlarmes) THEN
AlarmCount,CODE/J_SUPERVISION/FB_Hmi_BannerFormatter.st,855,LECTURE,AlarmArray[AlarmCount] := '[M1] ErrorID:02 - perte codeur'; AlarmCount := AlarmCount + 1;
AlarmCount,CODE/J_SUPERVISION/FB_Hmi_BannerFormatter.st,855,ECRITURE,AlarmArray[AlarmCount] := '[M1] ErrorID:02 - perte codeur'; AlarmCount := AlarmCount + 1;
AlarmCount,CODE/J_SUPERVISION/FB_Hmi_BannerFormatter.st,855,LECTURE,AlarmArray[AlarmCount] := '[M1] ErrorID:02 - perte codeur'; AlarmCount := AlarmCount + 1;
ErrorPhaseRotation,CODE/J_SUPERVISION/FB_Hmi_BannerFormatter.st,857,LECTURE,IF WinchM1Safety.ErrorPhaseRotation AND Vh0800Valid AND (AlarmCount < CST_NbMaxAlarmes) THEN
AlarmCount,CODE/J_SUPERVISION/FB_Hmi_BannerFormatter.st,857,LECTURE,IF WinchM1Safety.ErrorPhaseRotation AND Vh0800Valid AND (AlarmCount < CST_NbMaxAlarmes) THEN
CST_NbMaxAlarmes,CODE/J_SUPERVISION/FB_Hmi_BannerFormatter.st,857,LECTURE,IF WinchM1Safety.ErrorPhaseRotation AND Vh0800Valid AND (AlarmCount < CST_NbMaxAlarmes) THEN
AlarmCount,CODE/J_SUPERVISION/FB_Hmi_BannerFormatter.st,858,LECTURE,AlarmArray[AlarmCount] := '[M1] ErrorID:05 - rotation phases'; AlarmCount := AlarmCount + 1;
AlarmCount,CODE/J_SUPERVISION/FB_Hmi_BannerFormatter.st,858,ECRITURE,AlarmArray[AlarmCount] := '[M1] ErrorID:05 - rotation phases'; AlarmCount := AlarmCount + 1;
AlarmCount,CODE/J_SUPERVISION/FB_Hmi_BannerFormatter.st,858,LECTURE,AlarmArray[AlarmCount] := '[M1] ErrorID:05 - rotation phases'; AlarmCount := AlarmCount + 1;
ErrorMecaA,CODE/J_SUPERVISION/FB_Hmi_BannerFormatter.st,860,LECTURE,IF WinchM1Safety.ErrorMecaA AND EncM1Valid AND (AlarmCount < CST_NbMaxAlarmes) THEN
AlarmCount,CODE/J_SUPERVISION/FB_Hmi_BannerFormatter.st,860,LECTURE,IF WinchM1Safety.ErrorMecaA AND EncM1Valid AND (AlarmCount < CST_NbMaxAlarmes) THEN
CST_NbMaxAlarmes,CODE/J_SUPERVISION/FB_Hmi_BannerFormatter.st,860,LECTURE,IF WinchM1Safety.ErrorMecaA AND EncM1Valid AND (AlarmCount < CST_NbMaxAlarmes) THEN
AlarmCount,CODE/J_SUPERVISION/FB_Hmi_BannerFormatter.st,861,LECTURE,AlarmArray[AlarmCount] := '[M1] ErrorID:08 - MecaA - deplacement sans commande'; AlarmCount := AlarmCount + 1;
AlarmCount,CODE/J_SUPERVISION/FB_Hmi_BannerFormatter.st,861,ECRITURE,AlarmArray[AlarmCount] := '[M1] ErrorID:08 - MecaA - deplacement sans commande'; AlarmCount := AlarmCount + 1;
AlarmCount,CODE/J_SUPERVISION/FB_Hmi_BannerFormatter.st,861,LECTURE,AlarmArray[AlarmCount] := '[M1] ErrorID:08 - MecaA - deplacement sans commande'; AlarmCount := AlarmCount + 1;
ErrorMecaB,CODE/J_SUPERVISION/FB_Hmi_BannerFormatter.st,863,LECTURE,IF WinchM1Safety.ErrorMecaB AND EncM1Valid AND (AlarmCount < CST_NbMaxAlarmes) THEN
AlarmCount,CODE/J_SUPERVISION/FB_Hmi_BannerFormatter.st,863,LECTURE,IF WinchM1Safety.ErrorMecaB AND EncM1Valid AND (AlarmCount < CST_NbMaxAlarmes) THEN
CST_NbMaxAlarmes,CODE/J_SUPERVISION/FB_Hmi_BannerFormatter.st,863,LECTURE,IF WinchM1Safety.ErrorMecaB AND EncM1Valid AND (AlarmCount < CST_NbMaxAlarmes) THEN
AlarmCount,CODE/J_SUPERVISION/FB_Hmi_BannerFormatter.st,864,LECTURE,AlarmArray[AlarmCount] := '[M1] ErrorID:09 - MecaB - arret non confirme apres stop'; AlarmCount := AlarmCount + 1;
AlarmCount,CODE/J_SUPERVISION/FB_Hmi_BannerFormatter.st,864,ECRITURE,AlarmArray[AlarmCount] := '[M1] ErrorID:09 - MecaB - arret non confirme apres stop'; AlarmCount := AlarmCount + 1;
AlarmCount,CODE/J_SUPERVISION/FB_Hmi_BannerFormatter.st,864,LECTURE,AlarmArray[AlarmCount] := '[M1] ErrorID:09 - MecaB - arret non confirme apres stop'; AlarmCount := AlarmCount + 1;
ErrorMecaC,CODE/J_SUPERVISION/FB_Hmi_BannerFormatter.st,866,LECTURE,IF WinchM1Safety.ErrorMecaC AND EncM1Valid AND EncM2Valid AND (AlarmCount < CST_NbMaxAlarmes) THEN
AlarmCount,CODE/J_SUPERVISION/FB_Hmi_BannerFormatter.st,866,LECTURE,IF WinchM1Safety.ErrorMecaC AND EncM1Valid AND EncM2Valid AND (AlarmCount < CST_NbMaxAlarmes) THEN
CST_NbMaxAlarmes,CODE/J_SUPERVISION/FB_Hmi_BannerFormatter.st,866,LECTURE,IF WinchM1Safety.ErrorMecaC AND EncM1Valid AND EncM2Valid AND (AlarmCount < CST_NbMaxAlarmes) THEN
AlarmCount,CODE/J_SUPERVISION/FB_Hmi_BannerFormatter.st,867,LECTURE,AlarmArray[AlarmCount] := '[M1] ErrorID:10 - MecaC - glissement pendant benne figee'; AlarmCount := AlarmCount + 1;
AlarmCount,CODE/J_SUPERVISION/FB_Hmi_BannerFormatter.st,867,ECRITURE,AlarmArray[AlarmCount] := '[M1] ErrorID:10 - MecaC - glissement pendant benne figee'; AlarmCount := AlarmCount + 1;
AlarmCount,CODE/J_SUPERVISION/FB_Hmi_BannerFormatter.st,867,LECTURE,AlarmArray[AlarmCount] := '[M1] ErrorID:10 - MecaC - glissement pendant benne figee'; AlarmCount := AlarmCount + 1;
ErrorMecaD,CODE/J_SUPERVISION/FB_Hmi_BannerFormatter.st,869,LECTURE,IF WinchM1Safety.ErrorMecaD AND LocalIoValid AND EncM1Valid AND (AlarmCount < CST_NbMaxAlarmes) THEN
AlarmCount,CODE/J_SUPERVISION/FB_Hmi_BannerFormatter.st,869,LECTURE,IF WinchM1Safety.ErrorMecaD AND LocalIoValid AND EncM1Valid AND (AlarmCount < CST_NbMaxAlarmes) THEN
CST_NbMaxAlarmes,CODE/J_SUPERVISION/FB_Hmi_BannerFormatter.st,869,LECTURE,IF WinchM1Safety.ErrorMecaD AND LocalIoValid AND EncM1Valid AND (AlarmCount < CST_NbMaxAlarmes) THEN
AlarmCount,CODE/J_SUPERVISION/FB_Hmi_BannerFormatter.st,870,LECTURE,AlarmArray[AlarmCount] := '[M1] ErrorID:12 - MecaD - non-arret au capteur haut'; AlarmCount := AlarmCount + 1;
AlarmCount,CODE/J_SUPERVISION/FB_Hmi_BannerFormatter.st,870,ECRITURE,AlarmArray[AlarmCount] := '[M1] ErrorID:12 - MecaD - non-arret au capteur haut'; AlarmCount := AlarmCount + 1;
AlarmCount,CODE/J_SUPERVISION/FB_Hmi_BannerFormatter.st,870,LECTURE,AlarmArray[AlarmCount] := '[M1] ErrorID:12 - MecaD - non-arret au capteur haut'; AlarmCount := AlarmCount + 1;
ErrorMecaE,CODE/J_SUPERVISION/FB_Hmi_BannerFormatter.st,872,LECTURE,IF WinchM1Safety.ErrorMecaE AND EncM1Valid AND EncM2Valid AND (AlarmCount < CST_NbMaxAlarmes) THEN
AlarmCount,CODE/J_SUPERVISION/FB_Hmi_BannerFormatter.st,872,LECTURE,IF WinchM1Safety.ErrorMecaE AND EncM1Valid AND EncM2Valid AND (AlarmCount < CST_NbMaxAlarmes) THEN
CST_NbMaxAlarmes,CODE/J_SUPERVISION/FB_Hmi_BannerFormatter.st,872,LECTURE,IF WinchM1Safety.ErrorMecaE AND EncM1Valid AND EncM2Valid AND (AlarmCount < CST_NbMaxAlarmes) THEN
AlarmCount,CODE/J_SUPERVISION/FB_Hmi_BannerFormatter.st,873,LECTURE,AlarmArray[AlarmCount] := '[M1] ErrorID:13 - MecaE - ecart synchro M1/M2 critique'; AlarmCount := AlarmCount + 1;
AlarmCount,CODE/J_SUPERVISION/FB_Hmi_BannerFormatter.st,873,ECRITURE,AlarmArray[AlarmCount] := '[M1] ErrorID:13 - MecaE - ecart synchro M1/M2 critique'; AlarmCount := AlarmCount + 1;
AlarmCount,CODE/J_SUPERVISION/FB_Hmi_BannerFormatter.st,873,LECTURE,AlarmArray[AlarmCount] := '[M1] ErrorID:13 - MecaE - ecart synchro M1/M2 critique'; AlarmCount := AlarmCount + 1;
ErrorOppositeDir,CODE/J_SUPERVISION/FB_Hmi_BannerFormatter.st,875,LECTURE,IF WinchM1Safety.ErrorOppositeDir AND EncM1Valid AND (AlarmCount < CST_NbMaxAlarmes) THEN
AlarmCount,CODE/J_SUPERVISION/FB_Hmi_BannerFormatter.st,875,LECTURE,IF WinchM1Safety.ErrorOppositeDir AND EncM1Valid AND (AlarmCount < CST_NbMaxAlarmes) THEN
CST_NbMaxAlarmes,CODE/J_SUPERVISION/FB_Hmi_BannerFormatter.st,875,LECTURE,IF WinchM1Safety.ErrorOppositeDir AND EncM1Valid AND (AlarmCount < CST_NbMaxAlarmes) THEN
AlarmCount,CODE/J_SUPERVISION/FB_Hmi_BannerFormatter.st,876,LECTURE,AlarmArray[AlarmCount] := '[M1] ErrorID:15 - sens oppose'; AlarmCount := AlarmCount + 1;
AlarmCount,CODE/J_SUPERVISION/FB_Hmi_BannerFormatter.st,876,ECRITURE,AlarmArray[AlarmCount] := '[M1] ErrorID:15 - sens oppose'; AlarmCount := AlarmCount + 1;
AlarmCount,CODE/J_SUPERVISION/FB_Hmi_BannerFormatter.st,876,LECTURE,AlarmArray[AlarmCount] := '[M1] ErrorID:15 - sens oppose'; AlarmCount := AlarmCount + 1;
ErrorNoMovement,CODE/J_SUPERVISION/FB_Hmi_BannerFormatter.st,878,LECTURE,IF WinchM1Safety.ErrorNoMovement AND EncM1Valid AND (AlarmCount < CST_NbMaxAlarmes) THEN
AlarmCount,CODE/J_SUPERVISION/FB_Hmi_BannerFormatter.st,878,LECTURE,IF WinchM1Safety.ErrorNoMovement AND EncM1Valid AND (AlarmCount < CST_NbMaxAlarmes) THEN
CST_NbMaxAlarmes,CODE/J_SUPERVISION/FB_Hmi_BannerFormatter.st,878,LECTURE,IF WinchM1Safety.ErrorNoMovement AND EncM1Valid AND (AlarmCount < CST_NbMaxAlarmes) THEN
AlarmCount,CODE/J_SUPERVISION/FB_Hmi_BannerFormatter.st,879,LECTURE,AlarmArray[AlarmCount] := '[M1] ErrorID:16 - discordance commande/retour/mouvement'; AlarmCount := AlarmCount + 1;
AlarmCount,CODE/J_SUPERVISION/FB_Hmi_BannerFormatter.st,879,ECRITURE,AlarmArray[AlarmCount] := '[M1] ErrorID:16 - discordance commande/retour/mouvement'; AlarmCount := AlarmCount + 1;
AlarmCount,CODE/J_SUPERVISION/FB_Hmi_BannerFormatter.st,879,LECTURE,AlarmArray[AlarmCount] := '[M1] ErrorID:16 - discordance commande/retour/mouvement'; AlarmCount := AlarmCount + 1;
ErrorOverspeed,CODE/J_SUPERVISION/FB_Hmi_BannerFormatter.st,881,LECTURE,IF WinchM1Safety.ErrorOverspeed AND EncM1Valid AND (AlarmCount < CST_NbMaxAlarmes) THEN
AlarmCount,CODE/J_SUPERVISION/FB_Hmi_BannerFormatter.st,881,LECTURE,IF WinchM1Safety.ErrorOverspeed AND EncM1Valid AND (AlarmCount < CST_NbMaxAlarmes) THEN
CST_NbMaxAlarmes,CODE/J_SUPERVISION/FB_Hmi_BannerFormatter.st,881,LECTURE,IF WinchM1Safety.ErrorOverspeed AND EncM1Valid AND (AlarmCount < CST_NbMaxAlarmes) THEN
AlarmCount,CODE/J_SUPERVISION/FB_Hmi_BannerFormatter.st,882,LECTURE,AlarmArray[AlarmCount] := '[M1] Survitesse treuil detectee (SafeStop)'; AlarmCount := AlarmCount + 1;
AlarmCount,CODE/J_SUPERVISION/FB_Hmi_BannerFormatter.st,882,ECRITURE,AlarmArray[AlarmCount] := '[M1] Survitesse treuil detectee (SafeStop)'; AlarmCount := AlarmCount + 1;
AlarmCount,CODE/J_SUPERVISION/FB_Hmi_BannerFormatter.st,882,LECTURE,AlarmArray[AlarmCount] := '[M1] Survitesse treuil detectee (SafeStop)'; AlarmCount := AlarmCount + 1;
ErrorId,CODE/J_SUPERVISION/FB_Hmi_BannerFormatter.st,894,LECTURE,IF (WinchM1Safety.ErrorId AND CST_WinchErrorIdCableLimitDescent) <> 16#0000 AND EncM1Valid AND (AlarmCount < CST_NbMaxAlarmes) THEN
CST_WinchErrorIdCableLimitDescent,CODE/J_SUPERVISION/FB_Hmi_BannerFormatter.st,894,LECTURE,IF (WinchM1Safety.ErrorId AND CST_WinchErrorIdCableLimitDescent) <> 16#0000 AND EncM1Valid AND (AlarmCount < CST_NbMaxAlarmes) THEN
AlarmCount,CODE/J_SUPERVISION/FB_Hmi_BannerFormatter.st,894,LECTURE,IF (WinchM1Safety.ErrorId AND CST_WinchErrorIdCableLimitDescent) <> 16#0000 AND EncM1Valid AND (AlarmCount < CST_NbMaxAlarmes) THEN
CST_NbMaxAlarmes,CODE/J_SUPERVISION/FB_Hmi_BannerFormatter.st,894,LECTURE,IF (WinchM1Safety.ErrorId AND CST_WinchErrorIdCableLimitDescent) <> 16#0000 AND EncM1Valid AND (AlarmCount < CST_NbMaxAlarmes) THEN
AlarmCount,CODE/J_SUPERVISION/FB_Hmi_BannerFormatter.st,895,LECTURE,AlarmArray[AlarmCount] := '[M1] Limite basse cable atteinte'; AlarmCount := AlarmCount + 1;
AlarmCount,CODE/J_SUPERVISION/FB_Hmi_BannerFormatter.st,895,ECRITURE,AlarmArray[AlarmCount] := '[M1] Limite basse cable atteinte'; AlarmCount := AlarmCount + 1;
AlarmCount,CODE/J_SUPERVISION/FB_Hmi_BannerFormatter.st,895,LECTURE,AlarmArray[AlarmCount] := '[M1] Limite basse cable atteinte'; AlarmCount := AlarmCount + 1;
ErrorOperatorComm,CODE/J_SUPERVISION/FB_Hmi_BannerFormatter.st,899,LECTURE,IF WinchM2Safety.ErrorOperatorComm AND Joy1Valid AND (AlarmCount < CST_NbMaxAlarmes) THEN
AlarmCount,CODE/J_SUPERVISION/FB_Hmi_BannerFormatter.st,899,LECTURE,IF WinchM2Safety.ErrorOperatorComm AND Joy1Valid AND (AlarmCount < CST_NbMaxAlarmes) THEN
CST_NbMaxAlarmes,CODE/J_SUPERVISION/FB_Hmi_BannerFormatter.st,899,LECTURE,IF WinchM2Safety.ErrorOperatorComm AND Joy1Valid AND (AlarmCount < CST_NbMaxAlarmes) THEN
AlarmCount,CODE/J_SUPERVISION/FB_Hmi_BannerFormatter.st,900,LECTURE,AlarmArray[AlarmCount] := '[M2] ErrorID:01 - perte com operateur'; AlarmCount := AlarmCount + 1;
AlarmCount,CODE/J_SUPERVISION/FB_Hmi_BannerFormatter.st,900,ECRITURE,AlarmArray[AlarmCount] := '[M2] ErrorID:01 - perte com operateur'; AlarmCount := AlarmCount + 1;
AlarmCount,CODE/J_SUPERVISION/FB_Hmi_BannerFormatter.st,900,LECTURE,AlarmArray[AlarmCount] := '[M2] ErrorID:01 - perte com operateur'; AlarmCount := AlarmCount + 1;
ErrorEncoder,CODE/J_SUPERVISION/FB_Hmi_BannerFormatter.st,902,LECTURE,IF WinchM2Safety.ErrorEncoder AND EncM2Valid AND (AlarmCount < CST_NbMaxAlarmes) THEN
AlarmCount,CODE/J_SUPERVISION/FB_Hmi_BannerFormatter.st,902,LECTURE,IF WinchM2Safety.ErrorEncoder AND EncM2Valid AND (AlarmCount < CST_NbMaxAlarmes) THEN
CST_NbMaxAlarmes,CODE/J_SUPERVISION/FB_Hmi_BannerFormatter.st,902,LECTURE,IF WinchM2Safety.ErrorEncoder AND EncM2Valid AND (AlarmCount < CST_NbMaxAlarmes) THEN
AlarmCount,CODE/J_SUPERVISION/FB_Hmi_BannerFormatter.st,903,LECTURE,AlarmArray[AlarmCount] := '[M2] ErrorID:02 - perte codeur'; AlarmCount := AlarmCount + 1;
AlarmCount,CODE/J_SUPERVISION/FB_Hmi_BannerFormatter.st,903,ECRITURE,AlarmArray[AlarmCount] := '[M2] ErrorID:02 - perte codeur'; AlarmCount := AlarmCount + 1;
AlarmCount,CODE/J_SUPERVISION/FB_Hmi_BannerFormatter.st,903,LECTURE,AlarmArray[AlarmCount] := '[M2] ErrorID:02 - perte codeur'; AlarmCount := AlarmCount + 1;
ErrorPhaseRotation,CODE/J_SUPERVISION/FB_Hmi_BannerFormatter.st,905,LECTURE,IF WinchM2Safety.ErrorPhaseRotation AND Vh0800Valid AND (AlarmCount < CST_NbMaxAlarmes) THEN
AlarmCount,CODE/J_SUPERVISION/FB_Hmi_BannerFormatter.st,905,LECTURE,IF WinchM2Safety.ErrorPhaseRotation AND Vh0800Valid AND (AlarmCount < CST_NbMaxAlarmes) THEN
CST_NbMaxAlarmes,CODE/J_SUPERVISION/FB_Hmi_BannerFormatter.st,905,LECTURE,IF WinchM2Safety.ErrorPhaseRotation AND Vh0800Valid AND (AlarmCount < CST_NbMaxAlarmes) THEN
AlarmCount,CODE/J_SUPERVISION/FB_Hmi_BannerFormatter.st,906,LECTURE,AlarmArray[AlarmCount] := '[M2] ErrorID:05 - rotation phases'; AlarmCount := AlarmCount + 1;
AlarmCount,CODE/J_SUPERVISION/FB_Hmi_BannerFormatter.st,906,ECRITURE,AlarmArray[AlarmCount] := '[M2] ErrorID:05 - rotation phases'; AlarmCount := AlarmCount + 1;
AlarmCount,CODE/J_SUPERVISION/FB_Hmi_BannerFormatter.st,906,LECTURE,AlarmArray[AlarmCount] := '[M2] ErrorID:05 - rotation phases'; AlarmCount := AlarmCount + 1;
ErrorMecaA,CODE/J_SUPERVISION/FB_Hmi_BannerFormatter.st,908,LECTURE,IF WinchM2Safety.ErrorMecaA AND EncM2Valid AND (AlarmCount < CST_NbMaxAlarmes) THEN
AlarmCount,CODE/J_SUPERVISION/FB_Hmi_BannerFormatter.st,908,LECTURE,IF WinchM2Safety.ErrorMecaA AND EncM2Valid AND (AlarmCount < CST_NbMaxAlarmes) THEN
CST_NbMaxAlarmes,CODE/J_SUPERVISION/FB_Hmi_BannerFormatter.st,908,LECTURE,IF WinchM2Safety.ErrorMecaA AND EncM2Valid AND (AlarmCount < CST_NbMaxAlarmes) THEN
AlarmCount,CODE/J_SUPERVISION/FB_Hmi_BannerFormatter.st,909,LECTURE,AlarmArray[AlarmCount] := '[M2] ErrorID:08 - MecaA - deplacement sans commande'; AlarmCount := AlarmCount + 1;
AlarmCount,CODE/J_SUPERVISION/FB_Hmi_BannerFormatter.st,909,ECRITURE,AlarmArray[AlarmCount] := '[M2] ErrorID:08 - MecaA - deplacement sans commande'; AlarmCount := AlarmCount + 1;
AlarmCount,CODE/J_SUPERVISION/FB_Hmi_BannerFormatter.st,909,LECTURE,AlarmArray[AlarmCount] := '[M2] ErrorID:08 - MecaA - deplacement sans commande'; AlarmCount := AlarmCount + 1;
ErrorMecaB,CODE/J_SUPERVISION/FB_Hmi_BannerFormatter.st,911,LECTURE,IF WinchM2Safety.ErrorMecaB AND EncM2Valid AND (AlarmCount < CST_NbMaxAlarmes) THEN
AlarmCount,CODE/J_SUPERVISION/FB_Hmi_BannerFormatter.st,911,LECTURE,IF WinchM2Safety.ErrorMecaB AND EncM2Valid AND (AlarmCount < CST_NbMaxAlarmes) THEN
CST_NbMaxAlarmes,CODE/J_SUPERVISION/FB_Hmi_BannerFormatter.st,911,LECTURE,IF WinchM2Safety.ErrorMecaB AND EncM2Valid AND (AlarmCount < CST_NbMaxAlarmes) THEN
AlarmCount,CODE/J_SUPERVISION/FB_Hmi_BannerFormatter.st,912,LECTURE,AlarmArray[AlarmCount] := '[M2] ErrorID:09 - MecaB - arret non confirme apres stop'; AlarmCount := AlarmCount + 1;
AlarmCount,CODE/J_SUPERVISION/FB_Hmi_BannerFormatter.st,912,ECRITURE,AlarmArray[AlarmCount] := '[M2] ErrorID:09 - MecaB - arret non confirme apres stop'; AlarmCount := AlarmCount + 1;
AlarmCount,CODE/J_SUPERVISION/FB_Hmi_BannerFormatter.st,912,LECTURE,AlarmArray[AlarmCount] := '[M2] ErrorID:09 - MecaB - arret non confirme apres stop'; AlarmCount := AlarmCount + 1;
ErrorMecaC,CODE/J_SUPERVISION/FB_Hmi_BannerFormatter.st,914,LECTURE,IF WinchM2Safety.ErrorMecaC AND EncM1Valid AND EncM2Valid AND (AlarmCount < CST_NbMaxAlarmes) THEN
AlarmCount,CODE/J_SUPERVISION/FB_Hmi_BannerFormatter.st,914,LECTURE,IF WinchM2Safety.ErrorMecaC AND EncM1Valid AND EncM2Valid AND (AlarmCount < CST_NbMaxAlarmes) THEN
CST_NbMaxAlarmes,CODE/J_SUPERVISION/FB_Hmi_BannerFormatter.st,914,LECTURE,IF WinchM2Safety.ErrorMecaC AND EncM1Valid AND EncM2Valid AND (AlarmCount < CST_NbMaxAlarmes) THEN
AlarmCount,CODE/J_SUPERVISION/FB_Hmi_BannerFormatter.st,915,LECTURE,AlarmArray[AlarmCount] := '[M2] ErrorID:10 - MecaC - glissement pendant benne figee'; AlarmCount := AlarmCount + 1;
AlarmCount,CODE/J_SUPERVISION/FB_Hmi_BannerFormatter.st,915,ECRITURE,AlarmArray[AlarmCount] := '[M2] ErrorID:10 - MecaC - glissement pendant benne figee'; AlarmCount := AlarmCount + 1;
AlarmCount,CODE/J_SUPERVISION/FB_Hmi_BannerFormatter.st,915,LECTURE,AlarmArray[AlarmCount] := '[M2] ErrorID:10 - MecaC - glissement pendant benne figee'; AlarmCount := AlarmCount + 1;
ErrorMecaD,CODE/J_SUPERVISION/FB_Hmi_BannerFormatter.st,917,LECTURE,IF WinchM2Safety.ErrorMecaD AND LocalIoValid AND EncM2Valid AND (AlarmCount < CST_NbMaxAlarmes) THEN
AlarmCount,CODE/J_SUPERVISION/FB_Hmi_BannerFormatter.st,917,LECTURE,IF WinchM2Safety.ErrorMecaD AND LocalIoValid AND EncM2Valid AND (AlarmCount < CST_NbMaxAlarmes) THEN
CST_NbMaxAlarmes,CODE/J_SUPERVISION/FB_Hmi_BannerFormatter.st,917,LECTURE,IF WinchM2Safety.ErrorMecaD AND LocalIoValid AND EncM2Valid AND (AlarmCount < CST_NbMaxAlarmes) THEN
AlarmCount,CODE/J_SUPERVISION/FB_Hmi_BannerFormatter.st,918,LECTURE,AlarmArray[AlarmCount] := '[M2] ErrorID:12 - MecaD - non-arret au capteur haut'; AlarmCount := AlarmCount + 1;
AlarmCount,CODE/J_SUPERVISION/FB_Hmi_BannerFormatter.st,918,ECRITURE,AlarmArray[AlarmCount] := '[M2] ErrorID:12 - MecaD - non-arret au capteur haut'; AlarmCount := AlarmCount + 1;
AlarmCount,CODE/J_SUPERVISION/FB_Hmi_BannerFormatter.st,918,LECTURE,AlarmArray[AlarmCount] := '[M2] ErrorID:12 - MecaD - non-arret au capteur haut'; AlarmCount := AlarmCount + 1;
ErrorMecaE,CODE/J_SUPERVISION/FB_Hmi_BannerFormatter.st,920,LECTURE,IF WinchM2Safety.ErrorMecaE AND EncM1Valid AND EncM2Valid AND (AlarmCount < CST_NbMaxAlarmes) THEN
AlarmCount,CODE/J_SUPERVISION/FB_Hmi_BannerFormatter.st,920,LECTURE,IF WinchM2Safety.ErrorMecaE AND EncM1Valid AND EncM2Valid AND (AlarmCount < CST_NbMaxAlarmes) THEN
CST_NbMaxAlarmes,CODE/J_SUPERVISION/FB_Hmi_BannerFormatter.st,920,LECTURE,IF WinchM2Safety.ErrorMecaE AND EncM1Valid AND EncM2Valid AND (AlarmCount < CST_NbMaxAlarmes) THEN
AlarmCount,CODE/J_SUPERVISION/FB_Hmi_BannerFormatter.st,921,LECTURE,AlarmArray[AlarmCount] := '[M2] ErrorID:13 - MecaE - ecart synchro M1/M2 critique'; AlarmCount := AlarmCount + 1;
AlarmCount,CODE/J_SUPERVISION/FB_Hmi_BannerFormatter.st,921,ECRITURE,AlarmArray[AlarmCount] := '[M2] ErrorID:13 - MecaE - ecart synchro M1/M2 critique'; AlarmCount := AlarmCount + 1;
AlarmCount,CODE/J_SUPERVISION/FB_Hmi_BannerFormatter.st,921,LECTURE,AlarmArray[AlarmCount] := '[M2] ErrorID:13 - MecaE - ecart synchro M1/M2 critique'; AlarmCount := AlarmCount + 1;
ErrorOppositeDir,CODE/J_SUPERVISION/FB_Hmi_BannerFormatter.st,923,LECTURE,IF WinchM2Safety.ErrorOppositeDir AND EncM2Valid AND (AlarmCount < CST_NbMaxAlarmes) THEN
AlarmCount,CODE/J_SUPERVISION/FB_Hmi_BannerFormatter.st,923,LECTURE,IF WinchM2Safety.ErrorOppositeDir AND EncM2Valid AND (AlarmCount < CST_NbMaxAlarmes) THEN
CST_NbMaxAlarmes,CODE/J_SUPERVISION/FB_Hmi_BannerFormatter.st,923,LECTURE,IF WinchM2Safety.ErrorOppositeDir AND EncM2Valid AND (AlarmCount < CST_NbMaxAlarmes) THEN
AlarmCount,CODE/J_SUPERVISION/FB_Hmi_BannerFormatter.st,924,LECTURE,AlarmArray[AlarmCount] := '[M2] ErrorID:15 - sens oppose'; AlarmCount := AlarmCount + 1;
AlarmCount,CODE/J_SUPERVISION/FB_Hmi_BannerFormatter.st,924,ECRITURE,AlarmArray[AlarmCount] := '[M2] ErrorID:15 - sens oppose'; AlarmCount := AlarmCount + 1;
AlarmCount,CODE/J_SUPERVISION/FB_Hmi_BannerFormatter.st,924,LECTURE,AlarmArray[AlarmCount] := '[M2] ErrorID:15 - sens oppose'; AlarmCount := AlarmCount + 1;
ErrorNoMovement,CODE/J_SUPERVISION/FB_Hmi_BannerFormatter.st,926,LECTURE,IF WinchM2Safety.ErrorNoMovement AND EncM2Valid AND (AlarmCount < CST_NbMaxAlarmes) THEN
AlarmCount,CODE/J_SUPERVISION/FB_Hmi_BannerFormatter.st,926,LECTURE,IF WinchM2Safety.ErrorNoMovement AND EncM2Valid AND (AlarmCount < CST_NbMaxAlarmes) THEN
CST_NbMaxAlarmes,CODE/J_SUPERVISION/FB_Hmi_BannerFormatter.st,926,LECTURE,IF WinchM2Safety.ErrorNoMovement AND EncM2Valid AND (AlarmCount < CST_NbMaxAlarmes) THEN
AlarmCount,CODE/J_SUPERVISION/FB_Hmi_BannerFormatter.st,927,LECTURE,AlarmArray[AlarmCount] := '[M2] ErrorID:16 - discordance commande/retour/mouvement'; AlarmCount := AlarmCount + 1;
AlarmCount,CODE/J_SUPERVISION/FB_Hmi_BannerFormatter.st,927,ECRITURE,AlarmArray[AlarmCount] := '[M2] ErrorID:16 - discordance commande/retour/mouvement'; AlarmCount := AlarmCount + 1;
AlarmCount,CODE/J_SUPERVISION/FB_Hmi_BannerFormatter.st,927,LECTURE,AlarmArray[AlarmCount] := '[M2] ErrorID:16 - discordance commande/retour/mouvement'; AlarmCount := AlarmCount + 1;
ErrorOverspeed,CODE/J_SUPERVISION/FB_Hmi_BannerFormatter.st,929,LECTURE,IF WinchM2Safety.ErrorOverspeed AND EncM2Valid AND (AlarmCount < CST_NbMaxAlarmes) THEN
AlarmCount,CODE/J_SUPERVISION/FB_Hmi_BannerFormatter.st,929,LECTURE,IF WinchM2Safety.ErrorOverspeed AND EncM2Valid AND (AlarmCount < CST_NbMaxAlarmes) THEN
CST_NbMaxAlarmes,CODE/J_SUPERVISION/FB_Hmi_BannerFormatter.st,929,LECTURE,IF WinchM2Safety.ErrorOverspeed AND EncM2Valid AND (AlarmCount < CST_NbMaxAlarmes) THEN
AlarmCount,CODE/J_SUPERVISION/FB_Hmi_BannerFormatter.st,930,LECTURE,AlarmArray[AlarmCount] := '[M2] Survitesse treuil detectee (SafeStop)'; AlarmCount := AlarmCount + 1;
AlarmCount,CODE/J_SUPERVISION/FB_Hmi_BannerFormatter.st,930,ECRITURE,AlarmArray[AlarmCount] := '[M2] Survitesse treuil detectee (SafeStop)'; AlarmCount := AlarmCount + 1;
AlarmCount,CODE/J_SUPERVISION/FB_Hmi_BannerFormatter.st,930,LECTURE,AlarmArray[AlarmCount] := '[M2] Survitesse treuil detectee (SafeStop)'; AlarmCount := AlarmCount + 1;
ErrorId,CODE/J_SUPERVISION/FB_Hmi_BannerFormatter.st,933,LECTURE,IF (WinchM2Safety.ErrorId AND CST_WinchErrorIdCableLimitDescent) <> 16#0000 AND EncM2Valid AND (AlarmCount < CST_NbMaxAlarmes) THEN
CST_WinchErrorIdCableLimitDescent,CODE/J_SUPERVISION/FB_Hmi_BannerFormatter.st,933,LECTURE,IF (WinchM2Safety.ErrorId AND CST_WinchErrorIdCableLimitDescent) <> 16#0000 AND EncM2Valid AND (AlarmCount < CST_NbMaxAlarmes) THEN
AlarmCount,CODE/J_SUPERVISION/FB_Hmi_BannerFormatter.st,933,LECTURE,IF (WinchM2Safety.ErrorId AND CST_WinchErrorIdCableLimitDescent) <> 16#0000 AND EncM2Valid AND (AlarmCount < CST_NbMaxAlarmes) THEN
CST_NbMaxAlarmes,CODE/J_SUPERVISION/FB_Hmi_BannerFormatter.st,933,LECTURE,IF (WinchM2Safety.ErrorId AND CST_WinchErrorIdCableLimitDescent) <> 16#0000 AND EncM2Valid AND (AlarmCount < CST_NbMaxAlarmes) THEN
AlarmCount,CODE/J_SUPERVISION/FB_Hmi_BannerFormatter.st,934,LECTURE,AlarmArray[AlarmCount] := '[M2] Limite basse cable atteinte'; AlarmCount := AlarmCount + 1;
AlarmCount,CODE/J_SUPERVISION/FB_Hmi_BannerFormatter.st,934,ECRITURE,AlarmArray[AlarmCount] := '[M2] Limite basse cable atteinte'; AlarmCount := AlarmCount + 1;
AlarmCount,CODE/J_SUPERVISION/FB_Hmi_BannerFormatter.st,934,LECTURE,AlarmArray[AlarmCount] := '[M2] Limite basse cable atteinte'; AlarmCount := AlarmCount + 1;
ErrorOperatorComm,CODE/J_SUPERVISION/FB_Hmi_BannerFormatter.st,938,LECTURE,IF TranslationSafety.ErrorOperatorComm AND Joy1Valid AND (AlarmCount < CST_NbMaxAlarmes) THEN
AlarmCount,CODE/J_SUPERVISION/FB_Hmi_BannerFormatter.st,938,LECTURE,IF TranslationSafety.ErrorOperatorComm AND Joy1Valid AND (AlarmCount < CST_NbMaxAlarmes) THEN
CST_NbMaxAlarmes,CODE/J_SUPERVISION/FB_Hmi_BannerFormatter.st,938,LECTURE,IF TranslationSafety.ErrorOperatorComm AND Joy1Valid AND (AlarmCount < CST_NbMaxAlarmes) THEN
AlarmCount,CODE/J_SUPERVISION/FB_Hmi_BannerFormatter.st,939,LECTURE,AlarmArray[AlarmCount] := '[M3] ErrorID:01 - perte com operateur'; AlarmCount := AlarmCount + 1;
AlarmCount,CODE/J_SUPERVISION/FB_Hmi_BannerFormatter.st,939,ECRITURE,AlarmArray[AlarmCount] := '[M3] ErrorID:01 - perte com operateur'; AlarmCount := AlarmCount + 1;
AlarmCount,CODE/J_SUPERVISION/FB_Hmi_BannerFormatter.st,939,LECTURE,AlarmArray[AlarmCount] := '[M3] ErrorID:01 - perte com operateur'; AlarmCount := AlarmCount + 1;
ErrorDriveComm,CODE/J_SUPERVISION/FB_Hmi_BannerFormatter.st,941,LECTURE,IF TranslationSafety.ErrorDriveComm AND VarM3Valid AND (AlarmCount < CST_NbMaxAlarmes) THEN
AlarmCount,CODE/J_SUPERVISION/FB_Hmi_BannerFormatter.st,941,LECTURE,IF TranslationSafety.ErrorDriveComm AND VarM3Valid AND (AlarmCount < CST_NbMaxAlarmes) THEN
CST_NbMaxAlarmes,CODE/J_SUPERVISION/FB_Hmi_BannerFormatter.st,941,LECTURE,IF TranslationSafety.ErrorDriveComm AND VarM3Valid AND (AlarmCount < CST_NbMaxAlarmes) THEN
AlarmCount,CODE/J_SUPERVISION/FB_Hmi_BannerFormatter.st,942,LECTURE,AlarmArray[AlarmCount] := '[M3] ErrorID:02 - perte EtherCAT'; AlarmCount := AlarmCount + 1;
AlarmCount,CODE/J_SUPERVISION/FB_Hmi_BannerFormatter.st,942,ECRITURE,AlarmArray[AlarmCount] := '[M3] ErrorID:02 - perte EtherCAT'; AlarmCount := AlarmCount + 1;
AlarmCount,CODE/J_SUPERVISION/FB_Hmi_BannerFormatter.st,942,LECTURE,AlarmArray[AlarmCount] := '[M3] ErrorID:02 - perte EtherCAT'; AlarmCount := AlarmCount + 1;
ErrorPhaseRotation,CODE/J_SUPERVISION/FB_Hmi_BannerFormatter.st,944,LECTURE,IF TranslationSafety.ErrorPhaseRotation AND Vh0800Valid AND (AlarmCount < CST_NbMaxAlarmes) THEN
AlarmCount,CODE/J_SUPERVISION/FB_Hmi_BannerFormatter.st,944,LECTURE,IF TranslationSafety.ErrorPhaseRotation AND Vh0800Valid AND (AlarmCount < CST_NbMaxAlarmes) THEN
CST_NbMaxAlarmes,CODE/J_SUPERVISION/FB_Hmi_BannerFormatter.st,944,LECTURE,IF TranslationSafety.ErrorPhaseRotation AND Vh0800Valid AND (AlarmCount < CST_NbMaxAlarmes) THEN
AlarmCount,CODE/J_SUPERVISION/FB_Hmi_BannerFormatter.st,945,LECTURE,AlarmArray[AlarmCount] := '[M3] ErrorID:03 - rotation phases'; AlarmCount := AlarmCount + 1;
AlarmCount,CODE/J_SUPERVISION/FB_Hmi_BannerFormatter.st,945,ECRITURE,AlarmArray[AlarmCount] := '[M3] ErrorID:03 - rotation phases'; AlarmCount := AlarmCount + 1;
AlarmCount,CODE/J_SUPERVISION/FB_Hmi_BannerFormatter.st,945,LECTURE,AlarmArray[AlarmCount] := '[M3] ErrorID:03 - rotation phases'; AlarmCount := AlarmCount + 1;
ErrorMecaB,CODE/J_SUPERVISION/FB_Hmi_BannerFormatter.st,947,LECTURE,IF TranslationSafety.ErrorMecaB AND VarM3Valid AND (AlarmCount < CST_NbMaxAlarmes) THEN
AlarmCount,CODE/J_SUPERVISION/FB_Hmi_BannerFormatter.st,947,LECTURE,IF TranslationSafety.ErrorMecaB AND VarM3Valid AND (AlarmCount < CST_NbMaxAlarmes) THEN
CST_NbMaxAlarmes,CODE/J_SUPERVISION/FB_Hmi_BannerFormatter.st,947,LECTURE,IF TranslationSafety.ErrorMecaB AND VarM3Valid AND (AlarmCount < CST_NbMaxAlarmes) THEN
AlarmCount,CODE/J_SUPERVISION/FB_Hmi_BannerFormatter.st,948,LECTURE,AlarmArray[AlarmCount] := '[M3] ErrorID:05 - MecaB - arret non confirme apres stop'; AlarmCount := AlarmCount + 1;
AlarmCount,CODE/J_SUPERVISION/FB_Hmi_BannerFormatter.st,948,ECRITURE,AlarmArray[AlarmCount] := '[M3] ErrorID:05 - MecaB - arret non confirme apres stop'; AlarmCount := AlarmCount + 1;
AlarmCount,CODE/J_SUPERVISION/FB_Hmi_BannerFormatter.st,948,LECTURE,AlarmArray[AlarmCount] := '[M3] ErrorID:05 - MecaB - arret non confirme apres stop'; AlarmCount := AlarmCount + 1;
ErrorMecaA,CODE/J_SUPERVISION/FB_Hmi_BannerFormatter.st,950,LECTURE,IF TranslationSafety.ErrorMecaA AND VarM3Valid AND (AlarmCount < CST_NbMaxAlarmes) THEN
AlarmCount,CODE/J_SUPERVISION/FB_Hmi_BannerFormatter.st,950,LECTURE,IF TranslationSafety.ErrorMecaA AND VarM3Valid AND (AlarmCount < CST_NbMaxAlarmes) THEN
CST_NbMaxAlarmes,CODE/J_SUPERVISION/FB_Hmi_BannerFormatter.st,950,LECTURE,IF TranslationSafety.ErrorMecaA AND VarM3Valid AND (AlarmCount < CST_NbMaxAlarmes) THEN
AlarmCount,CODE/J_SUPERVISION/FB_Hmi_BannerFormatter.st,951,LECTURE,AlarmArray[AlarmCount] := '[M3] ErrorID:06 - MecaA - deplacement sans commande'; AlarmCount := AlarmCount + 1;
AlarmCount,CODE/J_SUPERVISION/FB_Hmi_BannerFormatter.st,951,ECRITURE,AlarmArray[AlarmCount] := '[M3] ErrorID:06 - MecaA - deplacement sans commande'; AlarmCount := AlarmCount + 1;
AlarmCount,CODE/J_SUPERVISION/FB_Hmi_BannerFormatter.st,951,LECTURE,AlarmArray[AlarmCount] := '[M3] ErrorID:06 - MecaA - deplacement sans commande'; AlarmCount := AlarmCount + 1;
ErrorLimitSwitch,CODE/J_SUPERVISION/FB_Hmi_BannerFormatter.st,953,LECTURE,IF TranslationSafety.ErrorLimitSwitch AND Vh0808Valid AND (AlarmCount < CST_NbMaxAlarmes) THEN
AlarmCount,CODE/J_SUPERVISION/FB_Hmi_BannerFormatter.st,953,LECTURE,IF TranslationSafety.ErrorLimitSwitch AND Vh0808Valid AND (AlarmCount < CST_NbMaxAlarmes) THEN
CST_NbMaxAlarmes,CODE/J_SUPERVISION/FB_Hmi_BannerFormatter.st,953,LECTURE,IF TranslationSafety.ErrorLimitSwitch AND Vh0808Valid AND (AlarmCount < CST_NbMaxAlarmes) THEN
AlarmCount,CODE/J_SUPERVISION/FB_Hmi_BannerFormatter.st,954,LECTURE,AlarmArray[AlarmCount] := '[M3] ErrorID:07 - butee extreme'; AlarmCount := AlarmCount + 1;
AlarmCount,CODE/J_SUPERVISION/FB_Hmi_BannerFormatter.st,954,ECRITURE,AlarmArray[AlarmCount] := '[M3] ErrorID:07 - butee extreme'; AlarmCount := AlarmCount + 1;
AlarmCount,CODE/J_SUPERVISION/FB_Hmi_BannerFormatter.st,954,LECTURE,AlarmArray[AlarmCount] := '[M3] ErrorID:07 - butee extreme'; AlarmCount := AlarmCount + 1;
ErrorSensorIncoherent,CODE/J_SUPERVISION/FB_Hmi_BannerFormatter.st,956,LECTURE,IF TranslationSafety.ErrorSensorIncoherent AND Vh0808Valid AND (AlarmCount < CST_NbMaxAlarmes) THEN
AlarmCount,CODE/J_SUPERVISION/FB_Hmi_BannerFormatter.st,956,LECTURE,IF TranslationSafety.ErrorSensorIncoherent AND Vh0808Valid AND (AlarmCount < CST_NbMaxAlarmes) THEN
CST_NbMaxAlarmes,CODE/J_SUPERVISION/FB_Hmi_BannerFormatter.st,956,LECTURE,IF TranslationSafety.ErrorSensorIncoherent AND Vh0808Valid AND (AlarmCount < CST_NbMaxAlarmes) THEN
AlarmCount,CODE/J_SUPERVISION/FB_Hmi_BannerFormatter.st,957,LECTURE,AlarmArray[AlarmCount] := '[M3] ErrorID:08 - capteurs incoherents'; AlarmCount := AlarmCount + 1;
AlarmCount,CODE/J_SUPERVISION/FB_Hmi_BannerFormatter.st,957,ECRITURE,AlarmArray[AlarmCount] := '[M3] ErrorID:08 - capteurs incoherents'; AlarmCount := AlarmCount + 1;
AlarmCount,CODE/J_SUPERVISION/FB_Hmi_BannerFormatter.st,957,LECTURE,AlarmArray[AlarmCount] := '[M3] ErrorID:08 - capteurs incoherents'; AlarmCount := AlarmCount + 1;
TranslationMotionErrorId,CODE/J_SUPERVISION/FB_Hmi_BannerFormatter.st,963,LECTURE,IF ((TranslationMotionErrorId AND 16#0001) <> 16#0000) AND (AlarmCount < CST_NbMaxAlarmes) THEN
AlarmCount,CODE/J_SUPERVISION/FB_Hmi_BannerFormatter.st,963,LECTURE,IF ((TranslationMotionErrorId AND 16#0001) <> 16#0000) AND (AlarmCount < CST_NbMaxAlarmes) THEN
CST_NbMaxAlarmes,CODE/J_SUPERVISION/FB_Hmi_BannerFormatter.st,963,LECTURE,IF ((TranslationMotionErrorId AND 16#0001) <> 16#0000) AND (AlarmCount < CST_NbMaxAlarmes) THEN
AlarmCount,CODE/J_SUPERVISION/FB_Hmi_BannerFormatter.st,964,LECTURE,AlarmArray[AlarmCount] := '[M3] Defaut sequence / retour frein translation'; AlarmCount := AlarmCount + 1;
AlarmCount,CODE/J_SUPERVISION/FB_Hmi_BannerFormatter.st,964,ECRITURE,AlarmArray[AlarmCount] := '[M3] Defaut sequence / retour frein translation'; AlarmCount := AlarmCount + 1;
AlarmCount,CODE/J_SUPERVISION/FB_Hmi_BannerFormatter.st,964,LECTURE,AlarmArray[AlarmCount] := '[M3] Defaut sequence / retour frein translation'; AlarmCount := AlarmCount + 1;
TranslationMotionErrorId,CODE/J_SUPERVISION/FB_Hmi_BannerFormatter.st,966,LECTURE,IF ((TranslationMotionErrorId AND 16#0008) <> 16#0000) AND VarM3Valid AND (AlarmCount < CST_NbMaxAlarmes) THEN
AlarmCount,CODE/J_SUPERVISION/FB_Hmi_BannerFormatter.st,966,LECTURE,IF ((TranslationMotionErrorId AND 16#0008) <> 16#0000) AND VarM3Valid AND (AlarmCount < CST_NbMaxAlarmes) THEN
CST_NbMaxAlarmes,CODE/J_SUPERVISION/FB_Hmi_BannerFormatter.st,966,LECTURE,IF ((TranslationMotionErrorId AND 16#0008) <> 16#0000) AND VarM3Valid AND (AlarmCount < CST_NbMaxAlarmes) THEN
AlarmCount,CODE/J_SUPERVISION/FB_Hmi_BannerFormatter.st,967,LECTURE,AlarmArray[AlarmCount] := '[M3] Defaut variateur translation AC600'; AlarmCount := AlarmCount + 1;
AlarmCount,CODE/J_SUPERVISION/FB_Hmi_BannerFormatter.st,967,ECRITURE,AlarmArray[AlarmCount] := '[M3] Defaut variateur translation AC600'; AlarmCount := AlarmCount + 1;
AlarmCount,CODE/J_SUPERVISION/FB_Hmi_BannerFormatter.st,967,LECTURE,AlarmArray[AlarmCount] := '[M3] Defaut variateur translation AC600'; AlarmCount := AlarmCount + 1;
TranslationMotionErrorId,CODE/J_SUPERVISION/FB_Hmi_BannerFormatter.st,969,LECTURE,IF ((TranslationMotionErrorId AND 16#0040) <> 16#0000) AND (AlarmCount < CST_NbMaxAlarmes) THEN
AlarmCount,CODE/J_SUPERVISION/FB_Hmi_BannerFormatter.st,969,LECTURE,IF ((TranslationMotionErrorId AND 16#0040) <> 16#0000) AND (AlarmCount < CST_NbMaxAlarmes) THEN
CST_NbMaxAlarmes,CODE/J_SUPERVISION/FB_Hmi_BannerFormatter.st,969,LECTURE,IF ((TranslationMotionErrorId AND 16#0040) <> 16#0000) AND (AlarmCount < CST_NbMaxAlarmes) THEN
AlarmCount,CODE/J_SUPERVISION/FB_Hmi_BannerFormatter.st,970,LECTURE,AlarmArray[AlarmCount] := '[M3] Limite extreme translation atteinte'; AlarmCount := AlarmCount + 1;
AlarmCount,CODE/J_SUPERVISION/FB_Hmi_BannerFormatter.st,970,ECRITURE,AlarmArray[AlarmCount] := '[M3] Limite extreme translation atteinte'; AlarmCount := AlarmCount + 1;
AlarmCount,CODE/J_SUPERVISION/FB_Hmi_BannerFormatter.st,970,LECTURE,AlarmArray[AlarmCount] := '[M3] Limite extreme translation atteinte'; AlarmCount := AlarmCount + 1;
TranslationFinalInterlockErrorId,CODE/J_SUPERVISION/FB_Hmi_BannerFormatter.st,972,LECTURE,IF (TranslationFinalInterlockErrorId <> 16#0000) AND (AlarmCount < CST_NbMaxAlarmes) THEN
AlarmCount,CODE/J_SUPERVISION/FB_Hmi_BannerFormatter.st,972,LECTURE,IF (TranslationFinalInterlockErrorId <> 16#0000) AND (AlarmCount < CST_NbMaxAlarmes) THEN
CST_NbMaxAlarmes,CODE/J_SUPERVISION/FB_Hmi_BannerFormatter.st,972,LECTURE,IF (TranslationFinalInterlockErrorId <> 16#0000) AND (AlarmCount < CST_NbMaxAlarmes) THEN
AlarmCount,CODE/J_SUPERVISION/FB_Hmi_BannerFormatter.st,973,LECTURE,AlarmArray[AlarmCount] := '[M3] Barriere finale translation (frein / redemarrage) - Reset'; AlarmCount := AlarmCount + 1;
AlarmCount,CODE/J_SUPERVISION/FB_Hmi_BannerFormatter.st,973,ECRITURE,AlarmArray[AlarmCount] := '[M3] Barriere finale translation (frein / redemarrage) - Reset'; AlarmCount := AlarmCount + 1;
AlarmCount,CODE/J_SUPERVISION/FB_Hmi_BannerFormatter.st,973,LECTURE,AlarmArray[AlarmCount] := '[M3] Barriere finale translation (frein / redemarrage) - Reset'; AlarmCount := AlarmCount + 1;
BucketErrorId,CODE/J_SUPERVISION/FB_Hmi_BannerFormatter.st,979,LECTURE,IF ((BucketErrorId AND 16#0001) <> 16#0000) AND (AlarmCount < CST_NbMaxAlarmes) THEN
AlarmCount,CODE/J_SUPERVISION/FB_Hmi_BannerFormatter.st,979,LECTURE,IF ((BucketErrorId AND 16#0001) <> 16#0000) AND (AlarmCount < CST_NbMaxAlarmes) THEN
CST_NbMaxAlarmes,CODE/J_SUPERVISION/FB_Hmi_BannerFormatter.st,979,LECTURE,IF ((BucketErrorId AND 16#0001) <> 16#0000) AND (AlarmCount < CST_NbMaxAlarmes) THEN
AlarmCount,CODE/J_SUPERVISION/FB_Hmi_BannerFormatter.st,980,LECTURE,AlarmArray[AlarmCount] := '[BENNE] ErrorID:01 - configuration geometrie invalide'; AlarmCount := AlarmCount + 1;
AlarmCount,CODE/J_SUPERVISION/FB_Hmi_BannerFormatter.st,980,ECRITURE,AlarmArray[AlarmCount] := '[BENNE] ErrorID:01 - configuration geometrie invalide'; AlarmCount := AlarmCount + 1;
AlarmCount,CODE/J_SUPERVISION/FB_Hmi_BannerFormatter.st,980,LECTURE,AlarmArray[AlarmCount] := '[BENNE] ErrorID:01 - configuration geometrie invalide'; AlarmCount := AlarmCount + 1;
BucketErrorId,CODE/J_SUPERVISION/FB_Hmi_BannerFormatter.st,982,LECTURE,IF ((BucketErrorId AND 16#0002) <> 16#0000) AND (AlarmCount < CST_NbMaxAlarmes) THEN
AlarmCount,CODE/J_SUPERVISION/FB_Hmi_BannerFormatter.st,982,LECTURE,IF ((BucketErrorId AND 16#0002) <> 16#0000) AND (AlarmCount < CST_NbMaxAlarmes) THEN
CST_NbMaxAlarmes,CODE/J_SUPERVISION/FB_Hmi_BannerFormatter.st,982,LECTURE,IF ((BucketErrorId AND 16#0002) <> 16#0000) AND (AlarmCount < CST_NbMaxAlarmes) THEN
AlarmCount,CODE/J_SUPERVISION/FB_Hmi_BannerFormatter.st,983,LECTURE,AlarmArray[AlarmCount] := '[BENNE] ErrorID:02 - depassement ecart max autorise'; AlarmCount := AlarmCount + 1;
AlarmCount,CODE/J_SUPERVISION/FB_Hmi_BannerFormatter.st,983,ECRITURE,AlarmArray[AlarmCount] := '[BENNE] ErrorID:02 - depassement ecart max autorise'; AlarmCount := AlarmCount + 1;
AlarmCount,CODE/J_SUPERVISION/FB_Hmi_BannerFormatter.st,983,LECTURE,AlarmArray[AlarmCount] := '[BENNE] ErrorID:02 - depassement ecart max autorise'; AlarmCount := AlarmCount + 1;
BucketErrorId,CODE/J_SUPERVISION/FB_Hmi_BannerFormatter.st,985,LECTURE,IF ((BucketErrorId AND 16#0004) <> 16#0000) AND EncM1Valid AND EncM2Valid AND (AlarmCount < CST_NbMaxAlarmes) THEN
AlarmCount,CODE/J_SUPERVISION/FB_Hmi_BannerFormatter.st,985,LECTURE,IF ((BucketErrorId AND 16#0004) <> 16#0000) AND EncM1Valid AND EncM2Valid AND (AlarmCount < CST_NbMaxAlarmes) THEN
CST_NbMaxAlarmes,CODE/J_SUPERVISION/FB_Hmi_BannerFormatter.st,985,LECTURE,IF ((BucketErrorId AND 16#0004) <> 16#0000) AND EncM1Valid AND EncM2Valid AND (AlarmCount < CST_NbMaxAlarmes) THEN
AlarmCount,CODE/J_SUPERVISION/FB_Hmi_BannerFormatter.st,986,LECTURE,AlarmArray[AlarmCount] := '[BENNE] ErrorID:03 - timeout commande deplacement'; AlarmCount := AlarmCount + 1;
AlarmCount,CODE/J_SUPERVISION/FB_Hmi_BannerFormatter.st,986,ECRITURE,AlarmArray[AlarmCount] := '[BENNE] ErrorID:03 - timeout commande deplacement'; AlarmCount := AlarmCount + 1;
AlarmCount,CODE/J_SUPERVISION/FB_Hmi_BannerFormatter.st,986,LECTURE,AlarmArray[AlarmCount] := '[BENNE] ErrorID:03 - timeout commande deplacement'; AlarmCount := AlarmCount + 1;
BucketErrorId,CODE/J_SUPERVISION/FB_Hmi_BannerFormatter.st,988,LECTURE,IF ((BucketErrorId AND 16#0008) <> 16#0000) AND (AlarmCount < CST_NbMaxAlarmes) THEN
AlarmCount,CODE/J_SUPERVISION/FB_Hmi_BannerFormatter.st,988,LECTURE,IF ((BucketErrorId AND 16#0008) <> 16#0000) AND (AlarmCount < CST_NbMaxAlarmes) THEN
CST_NbMaxAlarmes,CODE/J_SUPERVISION/FB_Hmi_BannerFormatter.st,988,LECTURE,IF ((BucketErrorId AND 16#0008) <> 16#0000) AND (AlarmCount < CST_NbMaxAlarmes) THEN
AlarmCount,CODE/J_SUPERVISION/FB_Hmi_BannerFormatter.st,989,LECTURE,AlarmArray[AlarmCount] := '[BENNE] ErrorID:04 - glissement treuil M1'; AlarmCount := AlarmCount + 1;
AlarmCount,CODE/J_SUPERVISION/FB_Hmi_BannerFormatter.st,989,ECRITURE,AlarmArray[AlarmCount] := '[BENNE] ErrorID:04 - glissement treuil M1'; AlarmCount := AlarmCount + 1;
AlarmCount,CODE/J_SUPERVISION/FB_Hmi_BannerFormatter.st,989,LECTURE,AlarmArray[AlarmCount] := '[BENNE] ErrorID:04 - glissement treuil M1'; AlarmCount := AlarmCount + 1;
BucketErrorId,CODE/J_SUPERVISION/FB_Hmi_BannerFormatter.st,991,LECTURE,IF ((BucketErrorId AND 16#0010) <> 16#0000) AND (AlarmCount < CST_NbMaxAlarmes) THEN
AlarmCount,CODE/J_SUPERVISION/FB_Hmi_BannerFormatter.st,991,LECTURE,IF ((BucketErrorId AND 16#0010) <> 16#0000) AND (AlarmCount < CST_NbMaxAlarmes) THEN
CST_NbMaxAlarmes,CODE/J_SUPERVISION/FB_Hmi_BannerFormatter.st,991,LECTURE,IF ((BucketErrorId AND 16#0010) <> 16#0000) AND (AlarmCount < CST_NbMaxAlarmes) THEN
AlarmCount,CODE/J_SUPERVISION/FB_Hmi_BannerFormatter.st,992,LECTURE,AlarmArray[AlarmCount] := '[BENNE] ErrorID:05 - codeurs treuils non references'; AlarmCount := AlarmCount + 1;
AlarmCount,CODE/J_SUPERVISION/FB_Hmi_BannerFormatter.st,992,ECRITURE,AlarmArray[AlarmCount] := '[BENNE] ErrorID:05 - codeurs treuils non references'; AlarmCount := AlarmCount + 1;
AlarmCount,CODE/J_SUPERVISION/FB_Hmi_BannerFormatter.st,992,LECTURE,AlarmArray[AlarmCount] := '[BENNE] ErrorID:05 - codeurs treuils non references'; AlarmCount := AlarmCount + 1;
SyncErrorId,CODE/J_SUPERVISION/FB_Hmi_BannerFormatter.st,996,LECTURE,IF ((SyncErrorId AND 16#0001) <> 16#0000) AND EncM1Valid AND EncM2Valid AND (AlarmCount < CST_NbMaxAlarmes) THEN
AlarmCount,CODE/J_SUPERVISION/FB_Hmi_BannerFormatter.st,996,LECTURE,IF ((SyncErrorId AND 16#0001) <> 16#0000) AND EncM1Valid AND EncM2Valid AND (AlarmCount < CST_NbMaxAlarmes) THEN
CST_NbMaxAlarmes,CODE/J_SUPERVISION/FB_Hmi_BannerFormatter.st,996,LECTURE,IF ((SyncErrorId AND 16#0001) <> 16#0000) AND EncM1Valid AND EncM2Valid AND (AlarmCount < CST_NbMaxAlarmes) THEN
AlarmCount,CODE/J_SUPERVISION/FB_Hmi_BannerFormatter.st,997,LECTURE,AlarmArray[AlarmCount] := '[SYNC] ErrorID:01 - ecart M1/M2'; AlarmCount := AlarmCount + 1;
AlarmCount,CODE/J_SUPERVISION/FB_Hmi_BannerFormatter.st,997,ECRITURE,AlarmArray[AlarmCount] := '[SYNC] ErrorID:01 - ecart M1/M2'; AlarmCount := AlarmCount + 1;
AlarmCount,CODE/J_SUPERVISION/FB_Hmi_BannerFormatter.st,997,LECTURE,AlarmArray[AlarmCount] := '[SYNC] ErrorID:01 - ecart M1/M2'; AlarmCount := AlarmCount + 1;
SyncErrorId,CODE/J_SUPERVISION/FB_Hmi_BannerFormatter.st,999,LECTURE,IF ((SyncErrorId AND 16#0002) <> 16#0000) AND (AlarmCount < CST_NbMaxAlarmes) THEN
AlarmCount,CODE/J_SUPERVISION/FB_Hmi_BannerFormatter.st,999,LECTURE,IF ((SyncErrorId AND 16#0002) <> 16#0000) AND (AlarmCount < CST_NbMaxAlarmes) THEN
CST_NbMaxAlarmes,CODE/J_SUPERVISION/FB_Hmi_BannerFormatter.st,999,LECTURE,IF ((SyncErrorId AND 16#0002) <> 16#0000) AND (AlarmCount < CST_NbMaxAlarmes) THEN
AlarmCount,CODE/J_SUPERVISION/FB_Hmi_BannerFormatter.st,1000,LECTURE,AlarmArray[AlarmCount] := '[SYNC] ErrorID:02 - incoherence commande'; AlarmCount := AlarmCount + 1;
AlarmCount,CODE/J_SUPERVISION/FB_Hmi_BannerFormatter.st,1000,ECRITURE,AlarmArray[AlarmCount] := '[SYNC] ErrorID:02 - incoherence commande'; AlarmCount := AlarmCount + 1;
AlarmCount,CODE/J_SUPERVISION/FB_Hmi_BannerFormatter.st,1000,LECTURE,AlarmArray[AlarmCount] := '[SYNC] ErrorID:02 - incoherence commande'; AlarmCount := AlarmCount + 1;
SyncContactorDiag,CODE/J_SUPERVISION/FB_Hmi_BannerFormatter.st,1003,LECTURE,IF (SyncContactorDiag.MismatchLevel >= 1) AND (AlarmCount < CST_NbMaxAlarmes) THEN
AlarmCount,CODE/J_SUPERVISION/FB_Hmi_BannerFormatter.st,1003,LECTURE,IF (SyncContactorDiag.MismatchLevel >= 1) AND (AlarmCount < CST_NbMaxAlarmes) THEN
CST_NbMaxAlarmes,CODE/J_SUPERVISION/FB_Hmi_BannerFormatter.st,1003,LECTURE,IF (SyncContactorDiag.MismatchLevel >= 1) AND (AlarmCount < CST_NbMaxAlarmes) THEN
SyncContactorDiag,CODE/J_SUPERVISION/FB_Hmi_BannerFormatter.st,1004,LECTURE,IF    SyncContactorDiag.RelayFwdMismatch THEN BannerSyncContactorWhich := 'relais montee';
SyncContactorDiag,CODE/J_SUPERVISION/FB_Hmi_BannerFormatter.st,1005,LECTURE,ELSIF SyncContactorDiag.RelayRevMismatch THEN BannerSyncContactorWhich := 'relais descente';
SyncContactorDiag,CODE/J_SUPERVISION/FB_Hmi_BannerFormatter.st,1006,LECTURE,ELSIF SyncContactorDiag.Step1Mismatch   THEN BannerSyncContactorWhich := 'palier 1';
SyncContactorDiag,CODE/J_SUPERVISION/FB_Hmi_BannerFormatter.st,1007,LECTURE,ELSIF SyncContactorDiag.Step2Mismatch   THEN BannerSyncContactorWhich := 'palier 2';
SyncContactorDiag,CODE/J_SUPERVISION/FB_Hmi_BannerFormatter.st,1008,LECTURE,ELSIF SyncContactorDiag.Step3Mismatch   THEN BannerSyncContactorWhich := 'palier 3';
SyncContactorDiag,CODE/J_SUPERVISION/FB_Hmi_BannerFormatter.st,1009,LECTURE,ELSIF SyncContactorDiag.Step4Mismatch   THEN BannerSyncContactorWhich := 'palier 4';
SyncContactorDiag,CODE/J_SUPERVISION/FB_Hmi_BannerFormatter.st,1012,LECTURE,IF SyncContactorDiag.MismatchLevel >= 2 THEN
AlarmCount,CODE/J_SUPERVISION/FB_Hmi_BannerFormatter.st,1013,LECTURE,"AlarmArray[AlarmCount] := CONCAT('[SYNC] discordance M1/M2 persistante -> coupure : ', BannerSyncContactorWhich);"
AlarmCount,CODE/J_SUPERVISION/FB_Hmi_BannerFormatter.st,1015,LECTURE,"AlarmArray[AlarmCount] := CONCAT('[SYNC] discordance contacteurs M1/M2 -> arret : ', BannerSyncContactorWhich);"
AlarmCount,CODE/J_SUPERVISION/FB_Hmi_BannerFormatter.st,1017,ECRITURE,AlarmCount := AlarmCount + 1;
AlarmCount,CODE/J_SUPERVISION/FB_Hmi_BannerFormatter.st,1017,LECTURE,AlarmCount := AlarmCount + 1;
DiveErrorId,CODE/J_SUPERVISION/FB_Hmi_BannerFormatter.st,1021,LECTURE,IF ((DiveErrorId AND 16#0001) <> 16#0000) AND (AlarmCount < CST_NbMaxAlarmes) THEN
AlarmCount,CODE/J_SUPERVISION/FB_Hmi_BannerFormatter.st,1021,LECTURE,IF ((DiveErrorId AND 16#0001) <> 16#0000) AND (AlarmCount < CST_NbMaxAlarmes) THEN
CST_NbMaxAlarmes,CODE/J_SUPERVISION/FB_Hmi_BannerFormatter.st,1021,LECTURE,IF ((DiveErrorId AND 16#0001) <> 16#0000) AND (AlarmCount < CST_NbMaxAlarmes) THEN
AlarmCount,CODE/J_SUPERVISION/FB_Hmi_BannerFormatter.st,1022,LECTURE,AlarmArray[AlarmCount] := '[DIVE] ErrorID:01 - timeout immersion'; AlarmCount := AlarmCount + 1;
AlarmCount,CODE/J_SUPERVISION/FB_Hmi_BannerFormatter.st,1022,ECRITURE,AlarmArray[AlarmCount] := '[DIVE] ErrorID:01 - timeout immersion'; AlarmCount := AlarmCount + 1;
AlarmCount,CODE/J_SUPERVISION/FB_Hmi_BannerFormatter.st,1022,LECTURE,AlarmArray[AlarmCount] := '[DIVE] ErrorID:01 - timeout immersion'; AlarmCount := AlarmCount + 1;
DiveErrorId,CODE/J_SUPERVISION/FB_Hmi_BannerFormatter.st,1024,LECTURE,IF ((DiveErrorId AND 16#0002) <> 16#0000) AND (AlarmCount < CST_NbMaxAlarmes) THEN
AlarmCount,CODE/J_SUPERVISION/FB_Hmi_BannerFormatter.st,1024,LECTURE,IF ((DiveErrorId AND 16#0002) <> 16#0000) AND (AlarmCount < CST_NbMaxAlarmes) THEN
CST_NbMaxAlarmes,CODE/J_SUPERVISION/FB_Hmi_BannerFormatter.st,1024,LECTURE,IF ((DiveErrorId AND 16#0002) <> 16#0000) AND (AlarmCount < CST_NbMaxAlarmes) THEN
AlarmCount,CODE/J_SUPERVISION/FB_Hmi_BannerFormatter.st,1025,LECTURE,AlarmArray[AlarmCount] := '[DIVE] ErrorID:02 - timeout fond'; AlarmCount := AlarmCount + 1;
AlarmCount,CODE/J_SUPERVISION/FB_Hmi_BannerFormatter.st,1025,ECRITURE,AlarmArray[AlarmCount] := '[DIVE] ErrorID:02 - timeout fond'; AlarmCount := AlarmCount + 1;
AlarmCount,CODE/J_SUPERVISION/FB_Hmi_BannerFormatter.st,1025,LECTURE,AlarmArray[AlarmCount] := '[DIVE] ErrorID:02 - timeout fond'; AlarmCount := AlarmCount + 1;
DiveErrorId,CODE/J_SUPERVISION/FB_Hmi_BannerFormatter.st,1027,LECTURE,IF ((DiveErrorId AND 16#0004) <> 16#0000) AND EncM1Valid AND (AlarmCount < CST_NbMaxAlarmes) THEN
AlarmCount,CODE/J_SUPERVISION/FB_Hmi_BannerFormatter.st,1027,LECTURE,IF ((DiveErrorId AND 16#0004) <> 16#0000) AND EncM1Valid AND (AlarmCount < CST_NbMaxAlarmes) THEN
CST_NbMaxAlarmes,CODE/J_SUPERVISION/FB_Hmi_BannerFormatter.st,1027,LECTURE,IF ((DiveErrorId AND 16#0004) <> 16#0000) AND EncM1Valid AND (AlarmCount < CST_NbMaxAlarmes) THEN
AlarmCount,CODE/J_SUPERVISION/FB_Hmi_BannerFormatter.st,1028,LECTURE,AlarmArray[AlarmCount] := '[DIVE] ErrorID:03 - limite basse atteinte'; AlarmCount := AlarmCount + 1;
AlarmCount,CODE/J_SUPERVISION/FB_Hmi_BannerFormatter.st,1028,ECRITURE,AlarmArray[AlarmCount] := '[DIVE] ErrorID:03 - limite basse atteinte'; AlarmCount := AlarmCount + 1;
AlarmCount,CODE/J_SUPERVISION/FB_Hmi_BannerFormatter.st,1028,LECTURE,AlarmArray[AlarmCount] := '[DIVE] ErrorID:03 - limite basse atteinte'; AlarmCount := AlarmCount + 1;
DiveErrorId,CODE/J_SUPERVISION/FB_Hmi_BannerFormatter.st,1030,LECTURE,IF ((DiveErrorId AND 16#0008) <> 16#0000) AND (AlarmCount < CST_NbMaxAlarmes) THEN
AlarmCount,CODE/J_SUPERVISION/FB_Hmi_BannerFormatter.st,1030,LECTURE,IF ((DiveErrorId AND 16#0008) <> 16#0000) AND (AlarmCount < CST_NbMaxAlarmes) THEN
CST_NbMaxAlarmes,CODE/J_SUPERVISION/FB_Hmi_BannerFormatter.st,1030,LECTURE,IF ((DiveErrorId AND 16#0008) <> 16#0000) AND (AlarmCount < CST_NbMaxAlarmes) THEN
AlarmCount,CODE/J_SUPERVISION/FB_Hmi_BannerFormatter.st,1031,LECTURE,AlarmArray[AlarmCount] := '[DIVE] ErrorID:04 - contact fond perdu'; AlarmCount := AlarmCount + 1;
AlarmCount,CODE/J_SUPERVISION/FB_Hmi_BannerFormatter.st,1031,ECRITURE,AlarmArray[AlarmCount] := '[DIVE] ErrorID:04 - contact fond perdu'; AlarmCount := AlarmCount + 1;
AlarmCount,CODE/J_SUPERVISION/FB_Hmi_BannerFormatter.st,1031,LECTURE,AlarmArray[AlarmCount] := '[DIVE] ErrorID:04 - contact fond perdu'; AlarmCount := AlarmCount + 1;
DiveErrorId,CODE/J_SUPERVISION/FB_Hmi_BannerFormatter.st,1033,LECTURE,IF ((DiveErrorId AND 16#0010) <> 16#0000) AND (AlarmCount < CST_NbMaxAlarmes) THEN
AlarmCount,CODE/J_SUPERVISION/FB_Hmi_BannerFormatter.st,1033,LECTURE,IF ((DiveErrorId AND 16#0010) <> 16#0000) AND (AlarmCount < CST_NbMaxAlarmes) THEN
CST_NbMaxAlarmes,CODE/J_SUPERVISION/FB_Hmi_BannerFormatter.st,1033,LECTURE,IF ((DiveErrorId AND 16#0010) <> 16#0000) AND (AlarmCount < CST_NbMaxAlarmes) THEN
AlarmCount,CODE/J_SUPERVISION/FB_Hmi_BannerFormatter.st,1034,LECTURE,AlarmArray[AlarmCount] := '[DIVE] ErrorID:05 - perte tension cable'; AlarmCount := AlarmCount + 1;
AlarmCount,CODE/J_SUPERVISION/FB_Hmi_BannerFormatter.st,1034,ECRITURE,AlarmArray[AlarmCount] := '[DIVE] ErrorID:05 - perte tension cable'; AlarmCount := AlarmCount + 1;
AlarmCount,CODE/J_SUPERVISION/FB_Hmi_BannerFormatter.st,1034,LECTURE,AlarmArray[AlarmCount] := '[DIVE] ErrorID:05 - perte tension cable'; AlarmCount := AlarmCount + 1;
DiveErrorId,CODE/J_SUPERVISION/FB_Hmi_BannerFormatter.st,1036,LECTURE,IF ((DiveErrorId AND 16#0020) <> 16#0000) AND (AlarmCount < CST_NbMaxAlarmes) THEN
AlarmCount,CODE/J_SUPERVISION/FB_Hmi_BannerFormatter.st,1036,LECTURE,IF ((DiveErrorId AND 16#0020) <> 16#0000) AND (AlarmCount < CST_NbMaxAlarmes) THEN
CST_NbMaxAlarmes,CODE/J_SUPERVISION/FB_Hmi_BannerFormatter.st,1036,LECTURE,IF ((DiveErrorId AND 16#0020) <> 16#0000) AND (AlarmCount < CST_NbMaxAlarmes) THEN
AlarmCount,CODE/J_SUPERVISION/FB_Hmi_BannerFormatter.st,1037,LECTURE,AlarmArray[AlarmCount] := '[DIVE] ErrorID:06 - anomalie vitesse'; AlarmCount := AlarmCount + 1;
AlarmCount,CODE/J_SUPERVISION/FB_Hmi_BannerFormatter.st,1037,ECRITURE,AlarmArray[AlarmCount] := '[DIVE] ErrorID:06 - anomalie vitesse'; AlarmCount := AlarmCount + 1;
AlarmCount,CODE/J_SUPERVISION/FB_Hmi_BannerFormatter.st,1037,LECTURE,AlarmArray[AlarmCount] := '[DIVE] ErrorID:06 - anomalie vitesse'; AlarmCount := AlarmCount + 1;
DiveErrorId,CODE/J_SUPERVISION/FB_Hmi_BannerFormatter.st,1039,LECTURE,IF ((DiveErrorId AND 16#0040) <> 16#0000) AND (AlarmCount < CST_NbMaxAlarmes) THEN
AlarmCount,CODE/J_SUPERVISION/FB_Hmi_BannerFormatter.st,1039,LECTURE,IF ((DiveErrorId AND 16#0040) <> 16#0000) AND (AlarmCount < CST_NbMaxAlarmes) THEN
CST_NbMaxAlarmes,CODE/J_SUPERVISION/FB_Hmi_BannerFormatter.st,1039,LECTURE,IF ((DiveErrorId AND 16#0040) <> 16#0000) AND (AlarmCount < CST_NbMaxAlarmes) THEN
AlarmCount,CODE/J_SUPERVISION/FB_Hmi_BannerFormatter.st,1040,LECTURE,AlarmArray[AlarmCount] := '[DIVE] ErrorID:07 - config invalide'; AlarmCount := AlarmCount + 1;
AlarmCount,CODE/J_SUPERVISION/FB_Hmi_BannerFormatter.st,1040,ECRITURE,AlarmArray[AlarmCount] := '[DIVE] ErrorID:07 - config invalide'; AlarmCount := AlarmCount + 1;
AlarmCount,CODE/J_SUPERVISION/FB_Hmi_BannerFormatter.st,1040,LECTURE,AlarmArray[AlarmCount] := '[DIVE] ErrorID:07 - config invalide'; AlarmCount := AlarmCount + 1;
ExtractionErrorId,CODE/J_SUPERVISION/FB_Hmi_BannerFormatter.st,1042,LECTURE,IF ((ExtractionErrorId AND 16#0001) <> 16#0000) AND LocalIoValid AND (AlarmCount < CST_NbMaxAlarmes) THEN
AlarmCount,CODE/J_SUPERVISION/FB_Hmi_BannerFormatter.st,1042,LECTURE,IF ((ExtractionErrorId AND 16#0001) <> 16#0000) AND LocalIoValid AND (AlarmCount < CST_NbMaxAlarmes) THEN
CST_NbMaxAlarmes,CODE/J_SUPERVISION/FB_Hmi_BannerFormatter.st,1042,LECTURE,IF ((ExtractionErrorId AND 16#0001) <> 16#0000) AND LocalIoValid AND (AlarmCount < CST_NbMaxAlarmes) THEN
AlarmCount,CODE/J_SUPERVISION/FB_Hmi_BannerFormatter.st,1043,LECTURE,AlarmArray[AlarmCount] := '[EXTRACTION] ErrorID:01 - fond'; AlarmCount := AlarmCount + 1;
AlarmCount,CODE/J_SUPERVISION/FB_Hmi_BannerFormatter.st,1043,ECRITURE,AlarmArray[AlarmCount] := '[EXTRACTION] ErrorID:01 - fond'; AlarmCount := AlarmCount + 1;
AlarmCount,CODE/J_SUPERVISION/FB_Hmi_BannerFormatter.st,1043,LECTURE,AlarmArray[AlarmCount] := '[EXTRACTION] ErrorID:01 - fond'; AlarmCount := AlarmCount + 1;
ExtractionErrorId,CODE/J_SUPERVISION/FB_Hmi_BannerFormatter.st,1045,LECTURE,IF ((ExtractionErrorId AND 16#0002) <> 16#0000) AND (AlarmCount < CST_NbMaxAlarmes) THEN
AlarmCount,CODE/J_SUPERVISION/FB_Hmi_BannerFormatter.st,1045,LECTURE,IF ((ExtractionErrorId AND 16#0002) <> 16#0000) AND (AlarmCount < CST_NbMaxAlarmes) THEN
CST_NbMaxAlarmes,CODE/J_SUPERVISION/FB_Hmi_BannerFormatter.st,1045,LECTURE,IF ((ExtractionErrorId AND 16#0002) <> 16#0000) AND (AlarmCount < CST_NbMaxAlarmes) THEN
AlarmCount,CODE/J_SUPERVISION/FB_Hmi_BannerFormatter.st,1046,LECTURE,AlarmArray[AlarmCount] := '[EXTRACTION] ErrorID:02 - fermeture'; AlarmCount := AlarmCount + 1;
AlarmCount,CODE/J_SUPERVISION/FB_Hmi_BannerFormatter.st,1046,ECRITURE,AlarmArray[AlarmCount] := '[EXTRACTION] ErrorID:02 - fermeture'; AlarmCount := AlarmCount + 1;
AlarmCount,CODE/J_SUPERVISION/FB_Hmi_BannerFormatter.st,1046,LECTURE,AlarmArray[AlarmCount] := '[EXTRACTION] ErrorID:02 - fermeture'; AlarmCount := AlarmCount + 1;
ExtractionErrorId,CODE/J_SUPERVISION/FB_Hmi_BannerFormatter.st,1048,LECTURE,IF ((ExtractionErrorId AND 16#0004) <> 16#0000) AND (AlarmCount < CST_NbMaxAlarmes) THEN
AlarmCount,CODE/J_SUPERVISION/FB_Hmi_BannerFormatter.st,1048,LECTURE,IF ((ExtractionErrorId AND 16#0004) <> 16#0000) AND (AlarmCount < CST_NbMaxAlarmes) THEN
CST_NbMaxAlarmes,CODE/J_SUPERVISION/FB_Hmi_BannerFormatter.st,1048,LECTURE,IF ((ExtractionErrorId AND 16#0004) <> 16#0000) AND (AlarmCount < CST_NbMaxAlarmes) THEN
AlarmCount,CODE/J_SUPERVISION/FB_Hmi_BannerFormatter.st,1049,LECTURE,AlarmArray[AlarmCount] := '[EXTRACTION] ErrorID:03 - controle'; AlarmCount := AlarmCount + 1;
AlarmCount,CODE/J_SUPERVISION/FB_Hmi_BannerFormatter.st,1049,ECRITURE,AlarmArray[AlarmCount] := '[EXTRACTION] ErrorID:03 - controle'; AlarmCount := AlarmCount + 1;
AlarmCount,CODE/J_SUPERVISION/FB_Hmi_BannerFormatter.st,1049,LECTURE,AlarmArray[AlarmCount] := '[EXTRACTION] ErrorID:03 - controle'; AlarmCount := AlarmCount + 1;
ExtractionErrorId,CODE/J_SUPERVISION/FB_Hmi_BannerFormatter.st,1051,LECTURE,IF ((ExtractionErrorId AND 16#0008) <> 16#0000) AND (AlarmCount < CST_NbMaxAlarmes) THEN
AlarmCount,CODE/J_SUPERVISION/FB_Hmi_BannerFormatter.st,1051,LECTURE,IF ((ExtractionErrorId AND 16#0008) <> 16#0000) AND (AlarmCount < CST_NbMaxAlarmes) THEN
CST_NbMaxAlarmes,CODE/J_SUPERVISION/FB_Hmi_BannerFormatter.st,1051,LECTURE,IF ((ExtractionErrorId AND 16#0008) <> 16#0000) AND (AlarmCount < CST_NbMaxAlarmes) THEN
AlarmCount,CODE/J_SUPERVISION/FB_Hmi_BannerFormatter.st,1052,LECTURE,AlarmArray[AlarmCount] := '[EXTRACTION] ErrorID:04 - config'; AlarmCount := AlarmCount + 1;
AlarmCount,CODE/J_SUPERVISION/FB_Hmi_BannerFormatter.st,1052,ECRITURE,AlarmArray[AlarmCount] := '[EXTRACTION] ErrorID:04 - config'; AlarmCount := AlarmCount + 1;
AlarmCount,CODE/J_SUPERVISION/FB_Hmi_BannerFormatter.st,1052,LECTURE,AlarmArray[AlarmCount] := '[EXTRACTION] ErrorID:04 - config'; AlarmCount := AlarmCount + 1;
EmergencyErrorId,CODE/J_SUPERVISION/FB_Hmi_BannerFormatter.st,1056,LECTURE,IF ((EmergencyErrorId AND 16#0001) <> 16#0000) AND (AlarmCount < CST_NbMaxAlarmes) THEN
AlarmCount,CODE/J_SUPERVISION/FB_Hmi_BannerFormatter.st,1056,LECTURE,IF ((EmergencyErrorId AND 16#0001) <> 16#0000) AND (AlarmCount < CST_NbMaxAlarmes) THEN
CST_NbMaxAlarmes,CODE/J_SUPERVISION/FB_Hmi_BannerFormatter.st,1056,LECTURE,IF ((EmergencyErrorId AND 16#0001) <> 16#0000) AND (AlarmCount < CST_NbMaxAlarmes) THEN
AlarmCount,CODE/J_SUPERVISION/FB_Hmi_BannerFormatter.st,1057,LECTURE,AlarmArray[AlarmCount] := '[AU] ErrorID:01 - redondance contacteurs'; AlarmCount := AlarmCount + 1;
AlarmCount,CODE/J_SUPERVISION/FB_Hmi_BannerFormatter.st,1057,ECRITURE,AlarmArray[AlarmCount] := '[AU] ErrorID:01 - redondance contacteurs'; AlarmCount := AlarmCount + 1;
AlarmCount,CODE/J_SUPERVISION/FB_Hmi_BannerFormatter.st,1057,LECTURE,AlarmArray[AlarmCount] := '[AU] ErrorID:01 - redondance contacteurs'; AlarmCount := AlarmCount + 1;
EmergencyErrorId,CODE/J_SUPERVISION/FB_Hmi_BannerFormatter.st,1059,LECTURE,IF ((EmergencyErrorId AND 16#0002) <> 16#0000) AND (AlarmCount < CST_NbMaxAlarmes) THEN
AlarmCount,CODE/J_SUPERVISION/FB_Hmi_BannerFormatter.st,1059,LECTURE,IF ((EmergencyErrorId AND 16#0002) <> 16#0000) AND (AlarmCount < CST_NbMaxAlarmes) THEN
CST_NbMaxAlarmes,CODE/J_SUPERVISION/FB_Hmi_BannerFormatter.st,1059,LECTURE,IF ((EmergencyErrorId AND 16#0002) <> 16#0000) AND (AlarmCount < CST_NbMaxAlarmes) THEN
AlarmCount,CODE/J_SUPERVISION/FB_Hmi_BannerFormatter.st,1060,LECTURE,AlarmArray[AlarmCount] := '[AU] ErrorID:02 - echec confirmation armement'; AlarmCount := AlarmCount + 1;
AlarmCount,CODE/J_SUPERVISION/FB_Hmi_BannerFormatter.st,1060,ECRITURE,AlarmArray[AlarmCount] := '[AU] ErrorID:02 - echec confirmation armement'; AlarmCount := AlarmCount + 1;
AlarmCount,CODE/J_SUPERVISION/FB_Hmi_BannerFormatter.st,1060,LECTURE,AlarmArray[AlarmCount] := '[AU] ErrorID:02 - echec confirmation armement'; AlarmCount := AlarmCount + 1;
EmergencyErrorId,CODE/J_SUPERVISION/FB_Hmi_BannerFormatter.st,1062,LECTURE,IF ((EmergencyErrorId AND 16#0008) <> 16#0000) AND (AlarmCount < CST_NbMaxAlarmes) THEN
AlarmCount,CODE/J_SUPERVISION/FB_Hmi_BannerFormatter.st,1062,LECTURE,IF ((EmergencyErrorId AND 16#0008) <> 16#0000) AND (AlarmCount < CST_NbMaxAlarmes) THEN
CST_NbMaxAlarmes,CODE/J_SUPERVISION/FB_Hmi_BannerFormatter.st,1062,LECTURE,IF ((EmergencyErrorId AND 16#0008) <> 16#0000) AND (AlarmCount < CST_NbMaxAlarmes) THEN
AlarmCount,CODE/J_SUPERVISION/FB_Hmi_BannerFormatter.st,1063,LECTURE,AlarmArray[AlarmCount] := '[AU] ErrorID:04 - echec autotest demarrage'; AlarmCount := AlarmCount + 1;
AlarmCount,CODE/J_SUPERVISION/FB_Hmi_BannerFormatter.st,1063,ECRITURE,AlarmArray[AlarmCount] := '[AU] ErrorID:04 - echec autotest demarrage'; AlarmCount := AlarmCount + 1;
AlarmCount,CODE/J_SUPERVISION/FB_Hmi_BannerFormatter.st,1063,LECTURE,AlarmArray[AlarmCount] := '[AU] ErrorID:04 - echec autotest demarrage'; AlarmCount := AlarmCount + 1;
CycleErrorId,CODE/J_SUPERVISION/FB_Hmi_BannerFormatter.st,1067,LECTURE,IF ((CycleErrorId AND 16#0001) <> 16#0000) AND EncM1Valid AND (AlarmCount < CST_NbMaxAlarmes) THEN
AlarmCount,CODE/J_SUPERVISION/FB_Hmi_BannerFormatter.st,1067,LECTURE,IF ((CycleErrorId AND 16#0001) <> 16#0000) AND EncM1Valid AND (AlarmCount < CST_NbMaxAlarmes) THEN
CST_NbMaxAlarmes,CODE/J_SUPERVISION/FB_Hmi_BannerFormatter.st,1067,LECTURE,IF ((CycleErrorId AND 16#0001) <> 16#0000) AND EncM1Valid AND (AlarmCount < CST_NbMaxAlarmes) THEN
AlarmCount,CODE/J_SUPERVISION/FB_Hmi_BannerFormatter.st,1068,LECTURE,AlarmArray[AlarmCount] := '[CYCLE] ErrorID:01 - limite legale atteinte'; AlarmCount := AlarmCount + 1;
AlarmCount,CODE/J_SUPERVISION/FB_Hmi_BannerFormatter.st,1068,ECRITURE,AlarmArray[AlarmCount] := '[CYCLE] ErrorID:01 - limite legale atteinte'; AlarmCount := AlarmCount + 1;
AlarmCount,CODE/J_SUPERVISION/FB_Hmi_BannerFormatter.st,1068,LECTURE,AlarmArray[AlarmCount] := '[CYCLE] ErrorID:01 - limite legale atteinte'; AlarmCount := AlarmCount + 1;
CycleErrorId,CODE/J_SUPERVISION/FB_Hmi_BannerFormatter.st,1070,LECTURE,IF ((CycleErrorId AND 16#0002) <> 16#0000) AND EncM1Valid AND EncM2Valid AND (AlarmCount < CST_NbMaxAlarmes) THEN
AlarmCount,CODE/J_SUPERVISION/FB_Hmi_BannerFormatter.st,1070,LECTURE,IF ((CycleErrorId AND 16#0002) <> 16#0000) AND EncM1Valid AND EncM2Valid AND (AlarmCount < CST_NbMaxAlarmes) THEN
CST_NbMaxAlarmes,CODE/J_SUPERVISION/FB_Hmi_BannerFormatter.st,1070,LECTURE,IF ((CycleErrorId AND 16#0002) <> 16#0000) AND EncM1Valid AND EncM2Valid AND (AlarmCount < CST_NbMaxAlarmes) THEN
AlarmCount,CODE/J_SUPERVISION/FB_Hmi_BannerFormatter.st,1071,LECTURE,AlarmArray[AlarmCount] := '[CYCLE] ErrorID:02 - defaut synchro treuils'; AlarmCount := AlarmCount + 1;
AlarmCount,CODE/J_SUPERVISION/FB_Hmi_BannerFormatter.st,1071,ECRITURE,AlarmArray[AlarmCount] := '[CYCLE] ErrorID:02 - defaut synchro treuils'; AlarmCount := AlarmCount + 1;
AlarmCount,CODE/J_SUPERVISION/FB_Hmi_BannerFormatter.st,1071,LECTURE,AlarmArray[AlarmCount] := '[CYCLE] ErrorID:02 - defaut synchro treuils'; AlarmCount := AlarmCount + 1;
CycleErrorId,CODE/J_SUPERVISION/FB_Hmi_BannerFormatter.st,1073,LECTURE,IF ((CycleErrorId AND 16#0008) <> 16#0000) AND EncM1Valid AND EncM2Valid AND (AlarmCount < CST_NbMaxAlarmes) THEN
AlarmCount,CODE/J_SUPERVISION/FB_Hmi_BannerFormatter.st,1073,LECTURE,IF ((CycleErrorId AND 16#0008) <> 16#0000) AND EncM1Valid AND EncM2Valid AND (AlarmCount < CST_NbMaxAlarmes) THEN
CST_NbMaxAlarmes,CODE/J_SUPERVISION/FB_Hmi_BannerFormatter.st,1073,LECTURE,IF ((CycleErrorId AND 16#0008) <> 16#0000) AND EncM1Valid AND EncM2Valid AND (AlarmCount < CST_NbMaxAlarmes) THEN
AlarmCount,CODE/J_SUPERVISION/FB_Hmi_BannerFormatter.st,1074,LECTURE,AlarmArray[AlarmCount] := '[CYCLE] ErrorID:04 - ecart codeurs remontee'; AlarmCount := AlarmCount + 1;
AlarmCount,CODE/J_SUPERVISION/FB_Hmi_BannerFormatter.st,1074,ECRITURE,AlarmArray[AlarmCount] := '[CYCLE] ErrorID:04 - ecart codeurs remontee'; AlarmCount := AlarmCount + 1;
AlarmCount,CODE/J_SUPERVISION/FB_Hmi_BannerFormatter.st,1074,LECTURE,AlarmArray[AlarmCount] := '[CYCLE] ErrorID:04 - ecart codeurs remontee'; AlarmCount := AlarmCount + 1;
CycleErrorId,CODE/J_SUPERVISION/FB_Hmi_BannerFormatter.st,1076,LECTURE,IF ((CycleErrorId AND 16#0010) <> 16#0000) AND EncM1Valid AND EncM2Valid AND (AlarmCount < CST_NbMaxAlarmes) THEN
AlarmCount,CODE/J_SUPERVISION/FB_Hmi_BannerFormatter.st,1076,LECTURE,IF ((CycleErrorId AND 16#0010) <> 16#0000) AND EncM1Valid AND EncM2Valid AND (AlarmCount < CST_NbMaxAlarmes) THEN
CST_NbMaxAlarmes,CODE/J_SUPERVISION/FB_Hmi_BannerFormatter.st,1076,LECTURE,IF ((CycleErrorId AND 16#0010) <> 16#0000) AND EncM1Valid AND EncM2Valid AND (AlarmCount < CST_NbMaxAlarmes) THEN
AlarmCount,CODE/J_SUPERVISION/FB_Hmi_BannerFormatter.st,1077,LECTURE,AlarmArray[AlarmCount] := '[CYCLE] ErrorID:05 - ecart vitesse confirme'; AlarmCount := AlarmCount + 1;
AlarmCount,CODE/J_SUPERVISION/FB_Hmi_BannerFormatter.st,1077,ECRITURE,AlarmArray[AlarmCount] := '[CYCLE] ErrorID:05 - ecart vitesse confirme'; AlarmCount := AlarmCount + 1;
AlarmCount,CODE/J_SUPERVISION/FB_Hmi_BannerFormatter.st,1077,LECTURE,AlarmArray[AlarmCount] := '[CYCLE] ErrorID:05 - ecart vitesse confirme'; AlarmCount := AlarmCount + 1;
CycleErrorId,CODE/J_SUPERVISION/FB_Hmi_BannerFormatter.st,1079,LECTURE,IF ((CycleErrorId AND 16#0020) <> 16#0000) AND (AlarmCount < CST_NbMaxAlarmes) THEN
AlarmCount,CODE/J_SUPERVISION/FB_Hmi_BannerFormatter.st,1079,LECTURE,IF ((CycleErrorId AND 16#0020) <> 16#0000) AND (AlarmCount < CST_NbMaxAlarmes) THEN
CST_NbMaxAlarmes,CODE/J_SUPERVISION/FB_Hmi_BannerFormatter.st,1079,LECTURE,IF ((CycleErrorId AND 16#0020) <> 16#0000) AND (AlarmCount < CST_NbMaxAlarmes) THEN
AlarmCount,CODE/J_SUPERVISION/FB_Hmi_BannerFormatter.st,1080,LECTURE,AlarmArray[AlarmCount] := '[CYCLE] ErrorID:06 - perte communication IHM'; AlarmCount := AlarmCount + 1;
AlarmCount,CODE/J_SUPERVISION/FB_Hmi_BannerFormatter.st,1080,ECRITURE,AlarmArray[AlarmCount] := '[CYCLE] ErrorID:06 - perte communication IHM'; AlarmCount := AlarmCount + 1;
AlarmCount,CODE/J_SUPERVISION/FB_Hmi_BannerFormatter.st,1080,LECTURE,AlarmArray[AlarmCount] := '[CYCLE] ErrorID:06 - perte communication IHM'; AlarmCount := AlarmCount + 1;
CycleErrorId,CODE/J_SUPERVISION/FB_Hmi_BannerFormatter.st,1082,LECTURE,IF ((CycleErrorId AND 16#0040) <> 16#0000) AND (AlarmCount < CST_NbMaxAlarmes) THEN
AlarmCount,CODE/J_SUPERVISION/FB_Hmi_BannerFormatter.st,1082,LECTURE,IF ((CycleErrorId AND 16#0040) <> 16#0000) AND (AlarmCount < CST_NbMaxAlarmes) THEN
CST_NbMaxAlarmes,CODE/J_SUPERVISION/FB_Hmi_BannerFormatter.st,1082,LECTURE,IF ((CycleErrorId AND 16#0040) <> 16#0000) AND (AlarmCount < CST_NbMaxAlarmes) THEN
AlarmCount,CODE/J_SUPERVISION/FB_Hmi_BannerFormatter.st,1083,LECTURE,AlarmArray[AlarmCount] := '[CYCLE] ErrorID:07 - timeout etape'; AlarmCount := AlarmCount + 1;
AlarmCount,CODE/J_SUPERVISION/FB_Hmi_BannerFormatter.st,1083,ECRITURE,AlarmArray[AlarmCount] := '[CYCLE] ErrorID:07 - timeout etape'; AlarmCount := AlarmCount + 1;
AlarmCount,CODE/J_SUPERVISION/FB_Hmi_BannerFormatter.st,1083,LECTURE,AlarmArray[AlarmCount] := '[CYCLE] ErrorID:07 - timeout etape'; AlarmCount := AlarmCount + 1;
CycleErrorId,CODE/J_SUPERVISION/FB_Hmi_BannerFormatter.st,1085,LECTURE,IF ((CycleErrorId AND 16#0004) <> 16#0000) AND EncM1Valid AND EncM2Valid AND (AlarmCount < CST_NbMaxAlarmes) THEN
AlarmCount,CODE/J_SUPERVISION/FB_Hmi_BannerFormatter.st,1085,LECTURE,IF ((CycleErrorId AND 16#0004) <> 16#0000) AND EncM1Valid AND EncM2Valid AND (AlarmCount < CST_NbMaxAlarmes) THEN
CST_NbMaxAlarmes,CODE/J_SUPERVISION/FB_Hmi_BannerFormatter.st,1085,LECTURE,IF ((CycleErrorId AND 16#0004) <> 16#0000) AND EncM1Valid AND EncM2Valid AND (AlarmCount < CST_NbMaxAlarmes) THEN
AlarmCount,CODE/J_SUPERVISION/FB_Hmi_BannerFormatter.st,1086,LECTURE,AlarmArray[AlarmCount] := '[CYCLE] ErrorID:03 - ecart vitesse montee'; AlarmCount := AlarmCount + 1;
AlarmCount,CODE/J_SUPERVISION/FB_Hmi_BannerFormatter.st,1086,ECRITURE,AlarmArray[AlarmCount] := '[CYCLE] ErrorID:03 - ecart vitesse montee'; AlarmCount := AlarmCount + 1;
AlarmCount,CODE/J_SUPERVISION/FB_Hmi_BannerFormatter.st,1086,LECTURE,AlarmArray[AlarmCount] := '[CYCLE] ErrorID:03 - ecart vitesse montee'; AlarmCount := AlarmCount + 1;
CycleErrorId,CODE/J_SUPERVISION/FB_Hmi_BannerFormatter.st,1088,LECTURE,IF ((CycleErrorId AND 16#0080) <> 16#0000) AND (AlarmCount < CST_NbMaxAlarmes) THEN
AlarmCount,CODE/J_SUPERVISION/FB_Hmi_BannerFormatter.st,1088,LECTURE,IF ((CycleErrorId AND 16#0080) <> 16#0000) AND (AlarmCount < CST_NbMaxAlarmes) THEN
CST_NbMaxAlarmes,CODE/J_SUPERVISION/FB_Hmi_BannerFormatter.st,1088,LECTURE,IF ((CycleErrorId AND 16#0080) <> 16#0000) AND (AlarmCount < CST_NbMaxAlarmes) THEN
AlarmCount,CODE/J_SUPERVISION/FB_Hmi_BannerFormatter.st,1089,LECTURE,AlarmArray[AlarmCount] := '[CYCLE] ErrorID:08 - hors FDC haut translation P1'; AlarmCount := AlarmCount + 1;
AlarmCount,CODE/J_SUPERVISION/FB_Hmi_BannerFormatter.st,1089,ECRITURE,AlarmArray[AlarmCount] := '[CYCLE] ErrorID:08 - hors FDC haut translation P1'; AlarmCount := AlarmCount + 1;
AlarmCount,CODE/J_SUPERVISION/FB_Hmi_BannerFormatter.st,1089,LECTURE,AlarmArray[AlarmCount] := '[CYCLE] ErrorID:08 - hors FDC haut translation P1'; AlarmCount := AlarmCount + 1;
CycleErrorId,CODE/J_SUPERVISION/FB_Hmi_BannerFormatter.st,1091,LECTURE,IF ((CycleErrorId AND 16#0100) <> 16#0000) AND (AlarmCount < CST_NbMaxAlarmes) THEN
AlarmCount,CODE/J_SUPERVISION/FB_Hmi_BannerFormatter.st,1091,LECTURE,IF ((CycleErrorId AND 16#0100) <> 16#0000) AND (AlarmCount < CST_NbMaxAlarmes) THEN
CST_NbMaxAlarmes,CODE/J_SUPERVISION/FB_Hmi_BannerFormatter.st,1091,LECTURE,IF ((CycleErrorId AND 16#0100) <> 16#0000) AND (AlarmCount < CST_NbMaxAlarmes) THEN
AlarmCount,CODE/J_SUPERVISION/FB_Hmi_BannerFormatter.st,1092,LECTURE,AlarmArray[AlarmCount] := '[CYCLE] ErrorID:09 - palier 5 interdit en plongee'; AlarmCount := AlarmCount + 1;
AlarmCount,CODE/J_SUPERVISION/FB_Hmi_BannerFormatter.st,1092,ECRITURE,AlarmArray[AlarmCount] := '[CYCLE] ErrorID:09 - palier 5 interdit en plongee'; AlarmCount := AlarmCount + 1;
AlarmCount,CODE/J_SUPERVISION/FB_Hmi_BannerFormatter.st,1092,LECTURE,AlarmArray[AlarmCount] := '[CYCLE] ErrorID:09 - palier 5 interdit en plongee'; AlarmCount := AlarmCount + 1;
CycleErrorId,CODE/J_SUPERVISION/FB_Hmi_BannerFormatter.st,1094,LECTURE,IF ((CycleErrorId AND 16#0200) <> 16#0000) AND (AlarmCount < CST_NbMaxAlarmes) THEN
AlarmCount,CODE/J_SUPERVISION/FB_Hmi_BannerFormatter.st,1094,LECTURE,IF ((CycleErrorId AND 16#0200) <> 16#0000) AND (AlarmCount < CST_NbMaxAlarmes) THEN
CST_NbMaxAlarmes,CODE/J_SUPERVISION/FB_Hmi_BannerFormatter.st,1094,LECTURE,IF ((CycleErrorId AND 16#0200) <> 16#0000) AND (AlarmCount < CST_NbMaxAlarmes) THEN
AlarmCount,CODE/J_SUPERVISION/FB_Hmi_BannerFormatter.st,1095,LECTURE,AlarmArray[AlarmCount] := '[CYCLE] ErrorID:10 - palier 4 non confirme Kobold'; AlarmCount := AlarmCount + 1;
AlarmCount,CODE/J_SUPERVISION/FB_Hmi_BannerFormatter.st,1095,ECRITURE,AlarmArray[AlarmCount] := '[CYCLE] ErrorID:10 - palier 4 non confirme Kobold'; AlarmCount := AlarmCount + 1;
AlarmCount,CODE/J_SUPERVISION/FB_Hmi_BannerFormatter.st,1095,LECTURE,AlarmArray[AlarmCount] := '[CYCLE] ErrorID:10 - palier 4 non confirme Kobold'; AlarmCount := AlarmCount + 1;
CycleErrorId,CODE/J_SUPERVISION/FB_Hmi_BannerFormatter.st,1097,LECTURE,IF ((CycleErrorId AND 16#0800) <> 16#0000) AND (AlarmCount < CST_NbMaxAlarmes) THEN
AlarmCount,CODE/J_SUPERVISION/FB_Hmi_BannerFormatter.st,1097,LECTURE,IF ((CycleErrorId AND 16#0800) <> 16#0000) AND (AlarmCount < CST_NbMaxAlarmes) THEN
CST_NbMaxAlarmes,CODE/J_SUPERVISION/FB_Hmi_BannerFormatter.st,1097,LECTURE,IF ((CycleErrorId AND 16#0800) <> 16#0000) AND (AlarmCount < CST_NbMaxAlarmes) THEN
AlarmCount,CODE/J_SUPERVISION/FB_Hmi_BannerFormatter.st,1098,LECTURE,AlarmArray[AlarmCount] := '[CYCLE] ErrorID:12 - consigne profondeur invalide'; AlarmCount := AlarmCount + 1;
AlarmCount,CODE/J_SUPERVISION/FB_Hmi_BannerFormatter.st,1098,ECRITURE,AlarmArray[AlarmCount] := '[CYCLE] ErrorID:12 - consigne profondeur invalide'; AlarmCount := AlarmCount + 1;
AlarmCount,CODE/J_SUPERVISION/FB_Hmi_BannerFormatter.st,1098,LECTURE,AlarmArray[AlarmCount] := '[CYCLE] ErrorID:12 - consigne profondeur invalide'; AlarmCount := AlarmCount + 1;
LatchedId,CODE/J_SUPERVISION/FB_Hmi_BannerFormatter.st,1107,LECTURE,HistoM1 := WinchM1Safety.LatchedId AND (NOT WinchM1Safety.ErrorId);
ErrorId,CODE/J_SUPERVISION/FB_Hmi_BannerFormatter.st,1107,LECTURE,HistoM1 := WinchM1Safety.LatchedId AND (NOT WinchM1Safety.ErrorId);
LatchedId,CODE/J_SUPERVISION/FB_Hmi_BannerFormatter.st,1108,LECTURE,HistoM2 := WinchM2Safety.LatchedId AND (NOT WinchM2Safety.ErrorId);
ErrorId,CODE/J_SUPERVISION/FB_Hmi_BannerFormatter.st,1108,LECTURE,HistoM2 := WinchM2Safety.LatchedId AND (NOT WinchM2Safety.ErrorId);
LatchedId,CODE/J_SUPERVISION/FB_Hmi_BannerFormatter.st,1109,LECTURE,HistoM3 := TranslationSafety.LatchedId AND (NOT TranslationSafety.ErrorId);
ErrorId,CODE/J_SUPERVISION/FB_Hmi_BannerFormatter.st,1109,LECTURE,HistoM3 := TranslationSafety.LatchedId AND (NOT TranslationSafety.ErrorId);
AlarmCount,CODE/J_SUPERVISION/FB_Hmi_BannerFormatter.st,1112,LECTURE,IF (HistoM1 AND 16#0001) <> 16#0000 AND (AlarmCount < CST_NbMaxAlarmes) THEN
CST_NbMaxAlarmes,CODE/J_SUPERVISION/FB_Hmi_BannerFormatter.st,1112,LECTURE,IF (HistoM1 AND 16#0001) <> 16#0000 AND (AlarmCount < CST_NbMaxAlarmes) THEN
AlarmCount,CODE/J_SUPERVISION/FB_Hmi_BannerFormatter.st,1113,LECTURE,AlarmArray[AlarmCount] := '[HISTO] [M1] ErrorID:01 - perte com operateur'; AlarmCount := AlarmCount + 1;
AlarmCount,CODE/J_SUPERVISION/FB_Hmi_BannerFormatter.st,1113,ECRITURE,AlarmArray[AlarmCount] := '[HISTO] [M1] ErrorID:01 - perte com operateur'; AlarmCount := AlarmCount + 1;
AlarmCount,CODE/J_SUPERVISION/FB_Hmi_BannerFormatter.st,1113,LECTURE,AlarmArray[AlarmCount] := '[HISTO] [M1] ErrorID:01 - perte com operateur'; AlarmCount := AlarmCount + 1;
AlarmCount,CODE/J_SUPERVISION/FB_Hmi_BannerFormatter.st,1115,LECTURE,IF (HistoM1 AND 16#0002) <> 16#0000 AND (AlarmCount < CST_NbMaxAlarmes) THEN
CST_NbMaxAlarmes,CODE/J_SUPERVISION/FB_Hmi_BannerFormatter.st,1115,LECTURE,IF (HistoM1 AND 16#0002) <> 16#0000 AND (AlarmCount < CST_NbMaxAlarmes) THEN
AlarmCount,CODE/J_SUPERVISION/FB_Hmi_BannerFormatter.st,1116,LECTURE,AlarmArray[AlarmCount] := '[HISTO] [M1] ErrorID:02 - perte codeur'; AlarmCount := AlarmCount + 1;
AlarmCount,CODE/J_SUPERVISION/FB_Hmi_BannerFormatter.st,1116,ECRITURE,AlarmArray[AlarmCount] := '[HISTO] [M1] ErrorID:02 - perte codeur'; AlarmCount := AlarmCount + 1;
AlarmCount,CODE/J_SUPERVISION/FB_Hmi_BannerFormatter.st,1116,LECTURE,AlarmArray[AlarmCount] := '[HISTO] [M1] ErrorID:02 - perte codeur'; AlarmCount := AlarmCount + 1;
AlarmCount,CODE/J_SUPERVISION/FB_Hmi_BannerFormatter.st,1118,LECTURE,IF (HistoM1 AND 16#0004) <> 16#0000 AND (AlarmCount < CST_NbMaxAlarmes) THEN
CST_NbMaxAlarmes,CODE/J_SUPERVISION/FB_Hmi_BannerFormatter.st,1118,LECTURE,IF (HistoM1 AND 16#0004) <> 16#0000 AND (AlarmCount < CST_NbMaxAlarmes) THEN
AlarmCount,CODE/J_SUPERVISION/FB_Hmi_BannerFormatter.st,1119,LECTURE,AlarmArray[AlarmCount] := '[HISTO] [M1] ErrorID:03 - surchauffe moteur'; AlarmCount := AlarmCount + 1;
AlarmCount,CODE/J_SUPERVISION/FB_Hmi_BannerFormatter.st,1119,ECRITURE,AlarmArray[AlarmCount] := '[HISTO] [M1] ErrorID:03 - surchauffe moteur'; AlarmCount := AlarmCount + 1;
AlarmCount,CODE/J_SUPERVISION/FB_Hmi_BannerFormatter.st,1119,LECTURE,AlarmArray[AlarmCount] := '[HISTO] [M1] ErrorID:03 - surchauffe moteur'; AlarmCount := AlarmCount + 1;
AlarmCount,CODE/J_SUPERVISION/FB_Hmi_BannerFormatter.st,1121,LECTURE,IF (HistoM1 AND 16#0008) <> 16#0000 AND (AlarmCount < CST_NbMaxAlarmes) THEN
CST_NbMaxAlarmes,CODE/J_SUPERVISION/FB_Hmi_BannerFormatter.st,1121,LECTURE,IF (HistoM1 AND 16#0008) <> 16#0000 AND (AlarmCount < CST_NbMaxAlarmes) THEN
AlarmCount,CODE/J_SUPERVISION/FB_Hmi_BannerFormatter.st,1122,LECTURE,AlarmArray[AlarmCount] := '[HISTO] [M1] ErrorID:04 - mou de cable'; AlarmCount := AlarmCount + 1;
AlarmCount,CODE/J_SUPERVISION/FB_Hmi_BannerFormatter.st,1122,ECRITURE,AlarmArray[AlarmCount] := '[HISTO] [M1] ErrorID:04 - mou de cable'; AlarmCount := AlarmCount + 1;
AlarmCount,CODE/J_SUPERVISION/FB_Hmi_BannerFormatter.st,1122,LECTURE,AlarmArray[AlarmCount] := '[HISTO] [M1] ErrorID:04 - mou de cable'; AlarmCount := AlarmCount + 1;
AlarmCount,CODE/J_SUPERVISION/FB_Hmi_BannerFormatter.st,1124,LECTURE,IF (HistoM1 AND 16#0010) <> 16#0000 AND (AlarmCount < CST_NbMaxAlarmes) THEN
CST_NbMaxAlarmes,CODE/J_SUPERVISION/FB_Hmi_BannerFormatter.st,1124,LECTURE,IF (HistoM1 AND 16#0010) <> 16#0000 AND (AlarmCount < CST_NbMaxAlarmes) THEN
AlarmCount,CODE/J_SUPERVISION/FB_Hmi_BannerFormatter.st,1125,LECTURE,AlarmArray[AlarmCount] := '[HISTO] [M1] ErrorID:05 - rotation phases'; AlarmCount := AlarmCount + 1;
AlarmCount,CODE/J_SUPERVISION/FB_Hmi_BannerFormatter.st,1125,ECRITURE,AlarmArray[AlarmCount] := '[HISTO] [M1] ErrorID:05 - rotation phases'; AlarmCount := AlarmCount + 1;
AlarmCount,CODE/J_SUPERVISION/FB_Hmi_BannerFormatter.st,1125,LECTURE,AlarmArray[AlarmCount] := '[HISTO] [M1] ErrorID:05 - rotation phases'; AlarmCount := AlarmCount + 1;
AlarmCount,CODE/J_SUPERVISION/FB_Hmi_BannerFormatter.st,1127,LECTURE,IF (HistoM1 AND 16#0080) <> 16#0000 AND (AlarmCount < CST_NbMaxAlarmes) THEN
CST_NbMaxAlarmes,CODE/J_SUPERVISION/FB_Hmi_BannerFormatter.st,1127,LECTURE,IF (HistoM1 AND 16#0080) <> 16#0000 AND (AlarmCount < CST_NbMaxAlarmes) THEN
AlarmCount,CODE/J_SUPERVISION/FB_Hmi_BannerFormatter.st,1128,LECTURE,AlarmArray[AlarmCount] := '[HISTO] [M1] ErrorID:08 - MecaA - deplacement sans commande'; AlarmCount := AlarmCount + 1;
AlarmCount,CODE/J_SUPERVISION/FB_Hmi_BannerFormatter.st,1128,ECRITURE,AlarmArray[AlarmCount] := '[HISTO] [M1] ErrorID:08 - MecaA - deplacement sans commande'; AlarmCount := AlarmCount + 1;
AlarmCount,CODE/J_SUPERVISION/FB_Hmi_BannerFormatter.st,1128,LECTURE,AlarmArray[AlarmCount] := '[HISTO] [M1] ErrorID:08 - MecaA - deplacement sans commande'; AlarmCount := AlarmCount + 1;
AlarmCount,CODE/J_SUPERVISION/FB_Hmi_BannerFormatter.st,1130,LECTURE,IF (HistoM1 AND 16#0100) <> 16#0000 AND (AlarmCount < CST_NbMaxAlarmes) THEN
CST_NbMaxAlarmes,CODE/J_SUPERVISION/FB_Hmi_BannerFormatter.st,1130,LECTURE,IF (HistoM1 AND 16#0100) <> 16#0000 AND (AlarmCount < CST_NbMaxAlarmes) THEN
AlarmCount,CODE/J_SUPERVISION/FB_Hmi_BannerFormatter.st,1131,LECTURE,AlarmArray[AlarmCount] := '[HISTO] [M1] ErrorID:09 - MecaB - arret non confirme apres stop'; AlarmCount := AlarmCount + 1;
AlarmCount,CODE/J_SUPERVISION/FB_Hmi_BannerFormatter.st,1131,ECRITURE,AlarmArray[AlarmCount] := '[HISTO] [M1] ErrorID:09 - MecaB - arret non confirme apres stop'; AlarmCount := AlarmCount + 1;
AlarmCount,CODE/J_SUPERVISION/FB_Hmi_BannerFormatter.st,1131,LECTURE,AlarmArray[AlarmCount] := '[HISTO] [M1] ErrorID:09 - MecaB - arret non confirme apres stop'; AlarmCount := AlarmCount + 1;
AlarmCount,CODE/J_SUPERVISION/FB_Hmi_BannerFormatter.st,1133,LECTURE,IF (HistoM1 AND 16#0200) <> 16#0000 AND (AlarmCount < CST_NbMaxAlarmes) THEN
CST_NbMaxAlarmes,CODE/J_SUPERVISION/FB_Hmi_BannerFormatter.st,1133,LECTURE,IF (HistoM1 AND 16#0200) <> 16#0000 AND (AlarmCount < CST_NbMaxAlarmes) THEN
AlarmCount,CODE/J_SUPERVISION/FB_Hmi_BannerFormatter.st,1134,LECTURE,AlarmArray[AlarmCount] := '[HISTO] [M1] ErrorID:10 - MecaC - glissement pendant benne figee'; AlarmCount := AlarmCount + 1;
AlarmCount,CODE/J_SUPERVISION/FB_Hmi_BannerFormatter.st,1134,ECRITURE,AlarmArray[AlarmCount] := '[HISTO] [M1] ErrorID:10 - MecaC - glissement pendant benne figee'; AlarmCount := AlarmCount + 1;
AlarmCount,CODE/J_SUPERVISION/FB_Hmi_BannerFormatter.st,1134,LECTURE,AlarmArray[AlarmCount] := '[HISTO] [M1] ErrorID:10 - MecaC - glissement pendant benne figee'; AlarmCount := AlarmCount + 1;
AlarmCount,CODE/J_SUPERVISION/FB_Hmi_BannerFormatter.st,1136,LECTURE,IF (HistoM1 AND 16#0400) <> 16#0000 AND (AlarmCount < CST_NbMaxAlarmes) THEN
CST_NbMaxAlarmes,CODE/J_SUPERVISION/FB_Hmi_BannerFormatter.st,1136,LECTURE,IF (HistoM1 AND 16#0400) <> 16#0000 AND (AlarmCount < CST_NbMaxAlarmes) THEN
AlarmCount,CODE/J_SUPERVISION/FB_Hmi_BannerFormatter.st,1137,LECTURE,AlarmArray[AlarmCount] := '[HISTO] [M1] ErrorID:11 - surchauffe frein'; AlarmCount := AlarmCount + 1;
AlarmCount,CODE/J_SUPERVISION/FB_Hmi_BannerFormatter.st,1137,ECRITURE,AlarmArray[AlarmCount] := '[HISTO] [M1] ErrorID:11 - surchauffe frein'; AlarmCount := AlarmCount + 1;
AlarmCount,CODE/J_SUPERVISION/FB_Hmi_BannerFormatter.st,1137,LECTURE,AlarmArray[AlarmCount] := '[HISTO] [M1] ErrorID:11 - surchauffe frein'; AlarmCount := AlarmCount + 1;
AlarmCount,CODE/J_SUPERVISION/FB_Hmi_BannerFormatter.st,1139,LECTURE,IF (HistoM1 AND 16#0800) <> 16#0000 AND (AlarmCount < CST_NbMaxAlarmes) THEN
CST_NbMaxAlarmes,CODE/J_SUPERVISION/FB_Hmi_BannerFormatter.st,1139,LECTURE,IF (HistoM1 AND 16#0800) <> 16#0000 AND (AlarmCount < CST_NbMaxAlarmes) THEN
AlarmCount,CODE/J_SUPERVISION/FB_Hmi_BannerFormatter.st,1140,LECTURE,AlarmArray[AlarmCount] := '[HISTO] [M1] ErrorID:12 - MecaD - non-arret au capteur haut'; AlarmCount := AlarmCount + 1;
AlarmCount,CODE/J_SUPERVISION/FB_Hmi_BannerFormatter.st,1140,ECRITURE,AlarmArray[AlarmCount] := '[HISTO] [M1] ErrorID:12 - MecaD - non-arret au capteur haut'; AlarmCount := AlarmCount + 1;
AlarmCount,CODE/J_SUPERVISION/FB_Hmi_BannerFormatter.st,1140,LECTURE,AlarmArray[AlarmCount] := '[HISTO] [M1] ErrorID:12 - MecaD - non-arret au capteur haut'; AlarmCount := AlarmCount + 1;
AlarmCount,CODE/J_SUPERVISION/FB_Hmi_BannerFormatter.st,1142,LECTURE,IF (HistoM1 AND 16#1000) <> 16#0000 AND (AlarmCount < CST_NbMaxAlarmes) THEN
CST_NbMaxAlarmes,CODE/J_SUPERVISION/FB_Hmi_BannerFormatter.st,1142,LECTURE,IF (HistoM1 AND 16#1000) <> 16#0000 AND (AlarmCount < CST_NbMaxAlarmes) THEN
AlarmCount,CODE/J_SUPERVISION/FB_Hmi_BannerFormatter.st,1143,LECTURE,AlarmArray[AlarmCount] := '[HISTO] [M1] ErrorID:13 - MecaE - ecart synchro M1/M2 critique'; AlarmCount := AlarmCount + 1;
AlarmCount,CODE/J_SUPERVISION/FB_Hmi_BannerFormatter.st,1143,ECRITURE,AlarmArray[AlarmCount] := '[HISTO] [M1] ErrorID:13 - MecaE - ecart synchro M1/M2 critique'; AlarmCount := AlarmCount + 1;
AlarmCount,CODE/J_SUPERVISION/FB_Hmi_BannerFormatter.st,1143,LECTURE,AlarmArray[AlarmCount] := '[HISTO] [M1] ErrorID:13 - MecaE - ecart synchro M1/M2 critique'; AlarmCount := AlarmCount + 1;
AlarmCount,CODE/J_SUPERVISION/FB_Hmi_BannerFormatter.st,1145,LECTURE,IF (HistoM1 AND 16#4000) <> 16#0000 AND (AlarmCount < CST_NbMaxAlarmes) THEN
CST_NbMaxAlarmes,CODE/J_SUPERVISION/FB_Hmi_BannerFormatter.st,1145,LECTURE,IF (HistoM1 AND 16#4000) <> 16#0000 AND (AlarmCount < CST_NbMaxAlarmes) THEN
AlarmCount,CODE/J_SUPERVISION/FB_Hmi_BannerFormatter.st,1146,LECTURE,AlarmArray[AlarmCount] := '[HISTO] [M1] ErrorID:15 - sens oppose'; AlarmCount := AlarmCount + 1;
AlarmCount,CODE/J_SUPERVISION/FB_Hmi_BannerFormatter.st,1146,ECRITURE,AlarmArray[AlarmCount] := '[HISTO] [M1] ErrorID:15 - sens oppose'; AlarmCount := AlarmCount + 1;
AlarmCount,CODE/J_SUPERVISION/FB_Hmi_BannerFormatter.st,1146,LECTURE,AlarmArray[AlarmCount] := '[HISTO] [M1] ErrorID:15 - sens oppose'; AlarmCount := AlarmCount + 1;
AlarmCount,CODE/J_SUPERVISION/FB_Hmi_BannerFormatter.st,1148,LECTURE,IF (HistoM1 AND 16#8000) <> 16#0000 AND (AlarmCount < CST_NbMaxAlarmes) THEN
CST_NbMaxAlarmes,CODE/J_SUPERVISION/FB_Hmi_BannerFormatter.st,1148,LECTURE,IF (HistoM1 AND 16#8000) <> 16#0000 AND (AlarmCount < CST_NbMaxAlarmes) THEN
AlarmCount,CODE/J_SUPERVISION/FB_Hmi_BannerFormatter.st,1149,LECTURE,AlarmArray[AlarmCount] := '[HISTO] [M1] ErrorID:16 - absence mouvement'; AlarmCount := AlarmCount + 1;
AlarmCount,CODE/J_SUPERVISION/FB_Hmi_BannerFormatter.st,1149,ECRITURE,AlarmArray[AlarmCount] := '[HISTO] [M1] ErrorID:16 - absence mouvement'; AlarmCount := AlarmCount + 1;
AlarmCount,CODE/J_SUPERVISION/FB_Hmi_BannerFormatter.st,1149,LECTURE,AlarmArray[AlarmCount] := '[HISTO] [M1] ErrorID:16 - absence mouvement'; AlarmCount := AlarmCount + 1;
AlarmCount,CODE/J_SUPERVISION/FB_Hmi_BannerFormatter.st,1153,LECTURE,IF (HistoM2 AND 16#0001) <> 16#0000 AND (AlarmCount < CST_NbMaxAlarmes) THEN
CST_NbMaxAlarmes,CODE/J_SUPERVISION/FB_Hmi_BannerFormatter.st,1153,LECTURE,IF (HistoM2 AND 16#0001) <> 16#0000 AND (AlarmCount < CST_NbMaxAlarmes) THEN
AlarmCount,CODE/J_SUPERVISION/FB_Hmi_BannerFormatter.st,1154,LECTURE,AlarmArray[AlarmCount] := '[HISTO] [M2] ErrorID:01 - perte com operateur'; AlarmCount := AlarmCount + 1;
AlarmCount,CODE/J_SUPERVISION/FB_Hmi_BannerFormatter.st,1154,ECRITURE,AlarmArray[AlarmCount] := '[HISTO] [M2] ErrorID:01 - perte com operateur'; AlarmCount := AlarmCount + 1;
AlarmCount,CODE/J_SUPERVISION/FB_Hmi_BannerFormatter.st,1154,LECTURE,AlarmArray[AlarmCount] := '[HISTO] [M2] ErrorID:01 - perte com operateur'; AlarmCount := AlarmCount + 1;
AlarmCount,CODE/J_SUPERVISION/FB_Hmi_BannerFormatter.st,1156,LECTURE,IF (HistoM2 AND 16#0002) <> 16#0000 AND (AlarmCount < CST_NbMaxAlarmes) THEN
CST_NbMaxAlarmes,CODE/J_SUPERVISION/FB_Hmi_BannerFormatter.st,1156,LECTURE,IF (HistoM2 AND 16#0002) <> 16#0000 AND (AlarmCount < CST_NbMaxAlarmes) THEN
AlarmCount,CODE/J_SUPERVISION/FB_Hmi_BannerFormatter.st,1157,LECTURE,AlarmArray[AlarmCount] := '[HISTO] [M2] ErrorID:02 - perte codeur'; AlarmCount := AlarmCount + 1;
AlarmCount,CODE/J_SUPERVISION/FB_Hmi_BannerFormatter.st,1157,ECRITURE,AlarmArray[AlarmCount] := '[HISTO] [M2] ErrorID:02 - perte codeur'; AlarmCount := AlarmCount + 1;
AlarmCount,CODE/J_SUPERVISION/FB_Hmi_BannerFormatter.st,1157,LECTURE,AlarmArray[AlarmCount] := '[HISTO] [M2] ErrorID:02 - perte codeur'; AlarmCount := AlarmCount + 1;
AlarmCount,CODE/J_SUPERVISION/FB_Hmi_BannerFormatter.st,1159,LECTURE,IF (HistoM2 AND 16#0004) <> 16#0000 AND (AlarmCount < CST_NbMaxAlarmes) THEN
CST_NbMaxAlarmes,CODE/J_SUPERVISION/FB_Hmi_BannerFormatter.st,1159,LECTURE,IF (HistoM2 AND 16#0004) <> 16#0000 AND (AlarmCount < CST_NbMaxAlarmes) THEN
AlarmCount,CODE/J_SUPERVISION/FB_Hmi_BannerFormatter.st,1160,LECTURE,AlarmArray[AlarmCount] := '[HISTO] [M2] ErrorID:03 - surchauffe moteur'; AlarmCount := AlarmCount + 1;
AlarmCount,CODE/J_SUPERVISION/FB_Hmi_BannerFormatter.st,1160,ECRITURE,AlarmArray[AlarmCount] := '[HISTO] [M2] ErrorID:03 - surchauffe moteur'; AlarmCount := AlarmCount + 1;
AlarmCount,CODE/J_SUPERVISION/FB_Hmi_BannerFormatter.st,1160,LECTURE,AlarmArray[AlarmCount] := '[HISTO] [M2] ErrorID:03 - surchauffe moteur'; AlarmCount := AlarmCount + 1;
AlarmCount,CODE/J_SUPERVISION/FB_Hmi_BannerFormatter.st,1162,LECTURE,IF (HistoM2 AND 16#0008) <> 16#0000 AND (AlarmCount < CST_NbMaxAlarmes) THEN
CST_NbMaxAlarmes,CODE/J_SUPERVISION/FB_Hmi_BannerFormatter.st,1162,LECTURE,IF (HistoM2 AND 16#0008) <> 16#0000 AND (AlarmCount < CST_NbMaxAlarmes) THEN
AlarmCount,CODE/J_SUPERVISION/FB_Hmi_BannerFormatter.st,1163,LECTURE,AlarmArray[AlarmCount] := '[HISTO] [M2] ErrorID:04 - mou de cable'; AlarmCount := AlarmCount + 1;
AlarmCount,CODE/J_SUPERVISION/FB_Hmi_BannerFormatter.st,1163,ECRITURE,AlarmArray[AlarmCount] := '[HISTO] [M2] ErrorID:04 - mou de cable'; AlarmCount := AlarmCount + 1;
AlarmCount,CODE/J_SUPERVISION/FB_Hmi_BannerFormatter.st,1163,LECTURE,AlarmArray[AlarmCount] := '[HISTO] [M2] ErrorID:04 - mou de cable'; AlarmCount := AlarmCount + 1;
AlarmCount,CODE/J_SUPERVISION/FB_Hmi_BannerFormatter.st,1165,LECTURE,IF (HistoM2 AND 16#0010) <> 16#0000 AND (AlarmCount < CST_NbMaxAlarmes) THEN
CST_NbMaxAlarmes,CODE/J_SUPERVISION/FB_Hmi_BannerFormatter.st,1165,LECTURE,IF (HistoM2 AND 16#0010) <> 16#0000 AND (AlarmCount < CST_NbMaxAlarmes) THEN
AlarmCount,CODE/J_SUPERVISION/FB_Hmi_BannerFormatter.st,1166,LECTURE,AlarmArray[AlarmCount] := '[HISTO] [M2] ErrorID:05 - rotation phases'; AlarmCount := AlarmCount + 1;
AlarmCount,CODE/J_SUPERVISION/FB_Hmi_BannerFormatter.st,1166,ECRITURE,AlarmArray[AlarmCount] := '[HISTO] [M2] ErrorID:05 - rotation phases'; AlarmCount := AlarmCount + 1;
AlarmCount,CODE/J_SUPERVISION/FB_Hmi_BannerFormatter.st,1166,LECTURE,AlarmArray[AlarmCount] := '[HISTO] [M2] ErrorID:05 - rotation phases'; AlarmCount := AlarmCount + 1;
AlarmCount,CODE/J_SUPERVISION/FB_Hmi_BannerFormatter.st,1168,LECTURE,IF (HistoM2 AND 16#0080) <> 16#0000 AND (AlarmCount < CST_NbMaxAlarmes) THEN
CST_NbMaxAlarmes,CODE/J_SUPERVISION/FB_Hmi_BannerFormatter.st,1168,LECTURE,IF (HistoM2 AND 16#0080) <> 16#0000 AND (AlarmCount < CST_NbMaxAlarmes) THEN
AlarmCount,CODE/J_SUPERVISION/FB_Hmi_BannerFormatter.st,1169,LECTURE,AlarmArray[AlarmCount] := '[HISTO] [M2] ErrorID:08 - MecaA - deplacement sans commande'; AlarmCount := AlarmCount + 1;
AlarmCount,CODE/J_SUPERVISION/FB_Hmi_BannerFormatter.st,1169,ECRITURE,AlarmArray[AlarmCount] := '[HISTO] [M2] ErrorID:08 - MecaA - deplacement sans commande'; AlarmCount := AlarmCount + 1;
AlarmCount,CODE/J_SUPERVISION/FB_Hmi_BannerFormatter.st,1169,LECTURE,AlarmArray[AlarmCount] := '[HISTO] [M2] ErrorID:08 - MecaA - deplacement sans commande'; AlarmCount := AlarmCount + 1;
AlarmCount,CODE/J_SUPERVISION/FB_Hmi_BannerFormatter.st,1171,LECTURE,IF (HistoM2 AND 16#0100) <> 16#0000 AND (AlarmCount < CST_NbMaxAlarmes) THEN
CST_NbMaxAlarmes,CODE/J_SUPERVISION/FB_Hmi_BannerFormatter.st,1171,LECTURE,IF (HistoM2 AND 16#0100) <> 16#0000 AND (AlarmCount < CST_NbMaxAlarmes) THEN
AlarmCount,CODE/J_SUPERVISION/FB_Hmi_BannerFormatter.st,1172,LECTURE,AlarmArray[AlarmCount] := '[HISTO] [M2] ErrorID:09 - MecaB - arret non confirme apres stop'; AlarmCount := AlarmCount + 1;
AlarmCount,CODE/J_SUPERVISION/FB_Hmi_BannerFormatter.st,1172,ECRITURE,AlarmArray[AlarmCount] := '[HISTO] [M2] ErrorID:09 - MecaB - arret non confirme apres stop'; AlarmCount := AlarmCount + 1;
AlarmCount,CODE/J_SUPERVISION/FB_Hmi_BannerFormatter.st,1172,LECTURE,AlarmArray[AlarmCount] := '[HISTO] [M2] ErrorID:09 - MecaB - arret non confirme apres stop'; AlarmCount := AlarmCount + 1;
AlarmCount,CODE/J_SUPERVISION/FB_Hmi_BannerFormatter.st,1174,LECTURE,IF (HistoM2 AND 16#0200) <> 16#0000 AND (AlarmCount < CST_NbMaxAlarmes) THEN
CST_NbMaxAlarmes,CODE/J_SUPERVISION/FB_Hmi_BannerFormatter.st,1174,LECTURE,IF (HistoM2 AND 16#0200) <> 16#0000 AND (AlarmCount < CST_NbMaxAlarmes) THEN
AlarmCount,CODE/J_SUPERVISION/FB_Hmi_BannerFormatter.st,1175,LECTURE,AlarmArray[AlarmCount] := '[HISTO] [M2] ErrorID:10 - MecaC - glissement pendant benne figee'; AlarmCount := AlarmCount + 1;
AlarmCount,CODE/J_SUPERVISION/FB_Hmi_BannerFormatter.st,1175,ECRITURE,AlarmArray[AlarmCount] := '[HISTO] [M2] ErrorID:10 - MecaC - glissement pendant benne figee'; AlarmCount := AlarmCount + 1;
AlarmCount,CODE/J_SUPERVISION/FB_Hmi_BannerFormatter.st,1175,LECTURE,AlarmArray[AlarmCount] := '[HISTO] [M2] ErrorID:10 - MecaC - glissement pendant benne figee'; AlarmCount := AlarmCount + 1;
AlarmCount,CODE/J_SUPERVISION/FB_Hmi_BannerFormatter.st,1177,LECTURE,IF (HistoM2 AND 16#0400) <> 16#0000 AND (AlarmCount < CST_NbMaxAlarmes) THEN
CST_NbMaxAlarmes,CODE/J_SUPERVISION/FB_Hmi_BannerFormatter.st,1177,LECTURE,IF (HistoM2 AND 16#0400) <> 16#0000 AND (AlarmCount < CST_NbMaxAlarmes) THEN
AlarmCount,CODE/J_SUPERVISION/FB_Hmi_BannerFormatter.st,1178,LECTURE,AlarmArray[AlarmCount] := '[HISTO] [M2] ErrorID:11 - surchauffe frein'; AlarmCount := AlarmCount + 1;
AlarmCount,CODE/J_SUPERVISION/FB_Hmi_BannerFormatter.st,1178,ECRITURE,AlarmArray[AlarmCount] := '[HISTO] [M2] ErrorID:11 - surchauffe frein'; AlarmCount := AlarmCount + 1;
AlarmCount,CODE/J_SUPERVISION/FB_Hmi_BannerFormatter.st,1178,LECTURE,AlarmArray[AlarmCount] := '[HISTO] [M2] ErrorID:11 - surchauffe frein'; AlarmCount := AlarmCount + 1;
AlarmCount,CODE/J_SUPERVISION/FB_Hmi_BannerFormatter.st,1180,LECTURE,IF (HistoM2 AND 16#0800) <> 16#0000 AND (AlarmCount < CST_NbMaxAlarmes) THEN
CST_NbMaxAlarmes,CODE/J_SUPERVISION/FB_Hmi_BannerFormatter.st,1180,LECTURE,IF (HistoM2 AND 16#0800) <> 16#0000 AND (AlarmCount < CST_NbMaxAlarmes) THEN
AlarmCount,CODE/J_SUPERVISION/FB_Hmi_BannerFormatter.st,1181,LECTURE,AlarmArray[AlarmCount] := '[HISTO] [M2] ErrorID:12 - MecaD - non-arret au capteur haut'; AlarmCount := AlarmCount + 1;
AlarmCount,CODE/J_SUPERVISION/FB_Hmi_BannerFormatter.st,1181,ECRITURE,AlarmArray[AlarmCount] := '[HISTO] [M2] ErrorID:12 - MecaD - non-arret au capteur haut'; AlarmCount := AlarmCount + 1;
AlarmCount,CODE/J_SUPERVISION/FB_Hmi_BannerFormatter.st,1181,LECTURE,AlarmArray[AlarmCount] := '[HISTO] [M2] ErrorID:12 - MecaD - non-arret au capteur haut'; AlarmCount := AlarmCount + 1;
AlarmCount,CODE/J_SUPERVISION/FB_Hmi_BannerFormatter.st,1183,LECTURE,IF (HistoM2 AND 16#1000) <> 16#0000 AND (AlarmCount < CST_NbMaxAlarmes) THEN
CST_NbMaxAlarmes,CODE/J_SUPERVISION/FB_Hmi_BannerFormatter.st,1183,LECTURE,IF (HistoM2 AND 16#1000) <> 16#0000 AND (AlarmCount < CST_NbMaxAlarmes) THEN
AlarmCount,CODE/J_SUPERVISION/FB_Hmi_BannerFormatter.st,1184,LECTURE,AlarmArray[AlarmCount] := '[HISTO] [M2] ErrorID:13 - MecaE - ecart synchro M1/M2 critique'; AlarmCount := AlarmCount + 1;
AlarmCount,CODE/J_SUPERVISION/FB_Hmi_BannerFormatter.st,1184,ECRITURE,AlarmArray[AlarmCount] := '[HISTO] [M2] ErrorID:13 - MecaE - ecart synchro M1/M2 critique'; AlarmCount := AlarmCount + 1;
AlarmCount,CODE/J_SUPERVISION/FB_Hmi_BannerFormatter.st,1184,LECTURE,AlarmArray[AlarmCount] := '[HISTO] [M2] ErrorID:13 - MecaE - ecart synchro M1/M2 critique'; AlarmCount := AlarmCount + 1;
AlarmCount,CODE/J_SUPERVISION/FB_Hmi_BannerFormatter.st,1186,LECTURE,IF (HistoM2 AND 16#4000) <> 16#0000 AND (AlarmCount < CST_NbMaxAlarmes) THEN
CST_NbMaxAlarmes,CODE/J_SUPERVISION/FB_Hmi_BannerFormatter.st,1186,LECTURE,IF (HistoM2 AND 16#4000) <> 16#0000 AND (AlarmCount < CST_NbMaxAlarmes) THEN
AlarmCount,CODE/J_SUPERVISION/FB_Hmi_BannerFormatter.st,1187,LECTURE,AlarmArray[AlarmCount] := '[HISTO] [M2] ErrorID:15 - sens oppose'; AlarmCount := AlarmCount + 1;
AlarmCount,CODE/J_SUPERVISION/FB_Hmi_BannerFormatter.st,1187,ECRITURE,AlarmArray[AlarmCount] := '[HISTO] [M2] ErrorID:15 - sens oppose'; AlarmCount := AlarmCount + 1;
AlarmCount,CODE/J_SUPERVISION/FB_Hmi_BannerFormatter.st,1187,LECTURE,AlarmArray[AlarmCount] := '[HISTO] [M2] ErrorID:15 - sens oppose'; AlarmCount := AlarmCount + 1;
AlarmCount,CODE/J_SUPERVISION/FB_Hmi_BannerFormatter.st,1189,LECTURE,IF (HistoM2 AND 16#8000) <> 16#0000 AND (AlarmCount < CST_NbMaxAlarmes) THEN
CST_NbMaxAlarmes,CODE/J_SUPERVISION/FB_Hmi_BannerFormatter.st,1189,LECTURE,IF (HistoM2 AND 16#8000) <> 16#0000 AND (AlarmCount < CST_NbMaxAlarmes) THEN
AlarmCount,CODE/J_SUPERVISION/FB_Hmi_BannerFormatter.st,1190,LECTURE,AlarmArray[AlarmCount] := '[HISTO] [M2] ErrorID:16 - absence mouvement'; AlarmCount := AlarmCount + 1;
AlarmCount,CODE/J_SUPERVISION/FB_Hmi_BannerFormatter.st,1190,ECRITURE,AlarmArray[AlarmCount] := '[HISTO] [M2] ErrorID:16 - absence mouvement'; AlarmCount := AlarmCount + 1;
AlarmCount,CODE/J_SUPERVISION/FB_Hmi_BannerFormatter.st,1190,LECTURE,AlarmArray[AlarmCount] := '[HISTO] [M2] ErrorID:16 - absence mouvement'; AlarmCount := AlarmCount + 1;
AlarmCount,CODE/J_SUPERVISION/FB_Hmi_BannerFormatter.st,1194,LECTURE,IF (HistoM3 AND 16#0001) <> 16#0000 AND (AlarmCount < CST_NbMaxAlarmes) THEN
CST_NbMaxAlarmes,CODE/J_SUPERVISION/FB_Hmi_BannerFormatter.st,1194,LECTURE,IF (HistoM3 AND 16#0001) <> 16#0000 AND (AlarmCount < CST_NbMaxAlarmes) THEN
AlarmCount,CODE/J_SUPERVISION/FB_Hmi_BannerFormatter.st,1195,LECTURE,AlarmArray[AlarmCount] := '[HISTO] [M3] ErrorID:01 - perte com operateur'; AlarmCount := AlarmCount + 1;
AlarmCount,CODE/J_SUPERVISION/FB_Hmi_BannerFormatter.st,1195,ECRITURE,AlarmArray[AlarmCount] := '[HISTO] [M3] ErrorID:01 - perte com operateur'; AlarmCount := AlarmCount + 1;
AlarmCount,CODE/J_SUPERVISION/FB_Hmi_BannerFormatter.st,1195,LECTURE,AlarmArray[AlarmCount] := '[HISTO] [M3] ErrorID:01 - perte com operateur'; AlarmCount := AlarmCount + 1;
AlarmCount,CODE/J_SUPERVISION/FB_Hmi_BannerFormatter.st,1197,LECTURE,IF (HistoM3 AND 16#0002) <> 16#0000 AND (AlarmCount < CST_NbMaxAlarmes) THEN
CST_NbMaxAlarmes,CODE/J_SUPERVISION/FB_Hmi_BannerFormatter.st,1197,LECTURE,IF (HistoM3 AND 16#0002) <> 16#0000 AND (AlarmCount < CST_NbMaxAlarmes) THEN
AlarmCount,CODE/J_SUPERVISION/FB_Hmi_BannerFormatter.st,1198,LECTURE,AlarmArray[AlarmCount] := '[HISTO] [M3] ErrorID:02 - perte EtherCAT'; AlarmCount := AlarmCount + 1;
AlarmCount,CODE/J_SUPERVISION/FB_Hmi_BannerFormatter.st,1198,ECRITURE,AlarmArray[AlarmCount] := '[HISTO] [M3] ErrorID:02 - perte EtherCAT'; AlarmCount := AlarmCount + 1;
AlarmCount,CODE/J_SUPERVISION/FB_Hmi_BannerFormatter.st,1198,LECTURE,AlarmArray[AlarmCount] := '[HISTO] [M3] ErrorID:02 - perte EtherCAT'; AlarmCount := AlarmCount + 1;
AlarmCount,CODE/J_SUPERVISION/FB_Hmi_BannerFormatter.st,1200,LECTURE,IF (HistoM3 AND 16#0004) <> 16#0000 AND (AlarmCount < CST_NbMaxAlarmes) THEN
CST_NbMaxAlarmes,CODE/J_SUPERVISION/FB_Hmi_BannerFormatter.st,1200,LECTURE,IF (HistoM3 AND 16#0004) <> 16#0000 AND (AlarmCount < CST_NbMaxAlarmes) THEN
AlarmCount,CODE/J_SUPERVISION/FB_Hmi_BannerFormatter.st,1201,LECTURE,AlarmArray[AlarmCount] := '[HISTO] [M3] ErrorID:03 - rotation phases'; AlarmCount := AlarmCount + 1;
AlarmCount,CODE/J_SUPERVISION/FB_Hmi_BannerFormatter.st,1201,ECRITURE,AlarmArray[AlarmCount] := '[HISTO] [M3] ErrorID:03 - rotation phases'; AlarmCount := AlarmCount + 1;
AlarmCount,CODE/J_SUPERVISION/FB_Hmi_BannerFormatter.st,1201,LECTURE,AlarmArray[AlarmCount] := '[HISTO] [M3] ErrorID:03 - rotation phases'; AlarmCount := AlarmCount + 1;
AlarmCount,CODE/J_SUPERVISION/FB_Hmi_BannerFormatter.st,1203,LECTURE,IF (HistoM3 AND 16#0008) <> 16#0000 AND (AlarmCount < CST_NbMaxAlarmes) THEN
CST_NbMaxAlarmes,CODE/J_SUPERVISION/FB_Hmi_BannerFormatter.st,1203,LECTURE,IF (HistoM3 AND 16#0008) <> 16#0000 AND (AlarmCount < CST_NbMaxAlarmes) THEN
AlarmCount,CODE/J_SUPERVISION/FB_Hmi_BannerFormatter.st,1204,LECTURE,AlarmArray[AlarmCount] := '[HISTO] [M3] ErrorID:04 - surchauffe frein'; AlarmCount := AlarmCount + 1;
AlarmCount,CODE/J_SUPERVISION/FB_Hmi_BannerFormatter.st,1204,ECRITURE,AlarmArray[AlarmCount] := '[HISTO] [M3] ErrorID:04 - surchauffe frein'; AlarmCount := AlarmCount + 1;
AlarmCount,CODE/J_SUPERVISION/FB_Hmi_BannerFormatter.st,1204,LECTURE,AlarmArray[AlarmCount] := '[HISTO] [M3] ErrorID:04 - surchauffe frein'; AlarmCount := AlarmCount + 1;
AlarmCount,CODE/J_SUPERVISION/FB_Hmi_BannerFormatter.st,1206,LECTURE,IF (HistoM3 AND 16#0010) <> 16#0000 AND (AlarmCount < CST_NbMaxAlarmes) THEN
CST_NbMaxAlarmes,CODE/J_SUPERVISION/FB_Hmi_BannerFormatter.st,1206,LECTURE,IF (HistoM3 AND 16#0010) <> 16#0000 AND (AlarmCount < CST_NbMaxAlarmes) THEN
AlarmCount,CODE/J_SUPERVISION/FB_Hmi_BannerFormatter.st,1207,LECTURE,AlarmArray[AlarmCount] := '[HISTO] [M3] ErrorID:05 - MecaB - arret non confirme apres stop'; AlarmCount := AlarmCount + 1;
AlarmCount,CODE/J_SUPERVISION/FB_Hmi_BannerFormatter.st,1207,ECRITURE,AlarmArray[AlarmCount] := '[HISTO] [M3] ErrorID:05 - MecaB - arret non confirme apres stop'; AlarmCount := AlarmCount + 1;
AlarmCount,CODE/J_SUPERVISION/FB_Hmi_BannerFormatter.st,1207,LECTURE,AlarmArray[AlarmCount] := '[HISTO] [M3] ErrorID:05 - MecaB - arret non confirme apres stop'; AlarmCount := AlarmCount + 1;
AlarmCount,CODE/J_SUPERVISION/FB_Hmi_BannerFormatter.st,1209,LECTURE,IF (HistoM3 AND 16#0020) <> 16#0000 AND (AlarmCount < CST_NbMaxAlarmes) THEN
CST_NbMaxAlarmes,CODE/J_SUPERVISION/FB_Hmi_BannerFormatter.st,1209,LECTURE,IF (HistoM3 AND 16#0020) <> 16#0000 AND (AlarmCount < CST_NbMaxAlarmes) THEN
AlarmCount,CODE/J_SUPERVISION/FB_Hmi_BannerFormatter.st,1210,LECTURE,AlarmArray[AlarmCount] := '[HISTO] [M3] ErrorID:06 - MecaA - deplacement sans commande'; AlarmCount := AlarmCount + 1;
AlarmCount,CODE/J_SUPERVISION/FB_Hmi_BannerFormatter.st,1210,ECRITURE,AlarmArray[AlarmCount] := '[HISTO] [M3] ErrorID:06 - MecaA - deplacement sans commande'; AlarmCount := AlarmCount + 1;
AlarmCount,CODE/J_SUPERVISION/FB_Hmi_BannerFormatter.st,1210,LECTURE,AlarmArray[AlarmCount] := '[HISTO] [M3] ErrorID:06 - MecaA - deplacement sans commande'; AlarmCount := AlarmCount + 1;
AlarmCount,CODE/J_SUPERVISION/FB_Hmi_BannerFormatter.st,1212,LECTURE,IF (HistoM3 AND 16#0040) <> 16#0000 AND (AlarmCount < CST_NbMaxAlarmes) THEN
CST_NbMaxAlarmes,CODE/J_SUPERVISION/FB_Hmi_BannerFormatter.st,1212,LECTURE,IF (HistoM3 AND 16#0040) <> 16#0000 AND (AlarmCount < CST_NbMaxAlarmes) THEN
AlarmCount,CODE/J_SUPERVISION/FB_Hmi_BannerFormatter.st,1213,LECTURE,AlarmArray[AlarmCount] := '[HISTO] [M3] ErrorID:07 - butee extreme'; AlarmCount := AlarmCount + 1;
AlarmCount,CODE/J_SUPERVISION/FB_Hmi_BannerFormatter.st,1213,ECRITURE,AlarmArray[AlarmCount] := '[HISTO] [M3] ErrorID:07 - butee extreme'; AlarmCount := AlarmCount + 1;
AlarmCount,CODE/J_SUPERVISION/FB_Hmi_BannerFormatter.st,1213,LECTURE,AlarmArray[AlarmCount] := '[HISTO] [M3] ErrorID:07 - butee extreme'; AlarmCount := AlarmCount + 1;
AlarmCount,CODE/J_SUPERVISION/FB_Hmi_BannerFormatter.st,1215,LECTURE,IF (HistoM3 AND 16#0080) <> 16#0000 AND (AlarmCount < CST_NbMaxAlarmes) THEN
CST_NbMaxAlarmes,CODE/J_SUPERVISION/FB_Hmi_BannerFormatter.st,1215,LECTURE,IF (HistoM3 AND 16#0080) <> 16#0000 AND (AlarmCount < CST_NbMaxAlarmes) THEN
AlarmCount,CODE/J_SUPERVISION/FB_Hmi_BannerFormatter.st,1216,LECTURE,AlarmArray[AlarmCount] := '[HISTO] [M3] ErrorID:08 - capteurs incoherents'; AlarmCount := AlarmCount + 1;
AlarmCount,CODE/J_SUPERVISION/FB_Hmi_BannerFormatter.st,1216,ECRITURE,AlarmArray[AlarmCount] := '[HISTO] [M3] ErrorID:08 - capteurs incoherents'; AlarmCount := AlarmCount + 1;
AlarmCount,CODE/J_SUPERVISION/FB_Hmi_BannerFormatter.st,1216,LECTURE,AlarmArray[AlarmCount] := '[HISTO] [M3] ErrorID:08 - capteurs incoherents'; AlarmCount := AlarmCount + 1;
AlarmCount,CODE/J_SUPERVISION/FB_Hmi_BannerFormatter.st,1221,LECTURE,FOR i := AlarmCount TO (CST_NbMaxAlarmes - 1) DO
CST_NbMaxAlarmes,CODE/J_SUPERVISION/FB_Hmi_BannerFormatter.st,1221,LECTURE,FOR i := AlarmCount TO (CST_NbMaxAlarmes - 1) DO
AlarmBanner,CODE/J_SUPERVISION/FB_Hmi_BannerFormatter.st,1224,LECTURE,Banner.AlarmBanner.AlarmArray := AlarmArray;
AlarmCount,CODE/J_SUPERVISION/FB_Hmi_BannerFormatter.st,1226,ECRITURE,IF AlarmCount = 0 THEN
AlarmIndex,CODE/J_SUPERVISION/FB_Hmi_BannerFormatter.st,1227,ECRITURE,AlarmIndex := 0;
AlarmBanner,CODE/J_SUPERVISION/FB_Hmi_BannerFormatter.st,1228,LECTURE,Banner.AlarmBanner.HasAlarm := FALSE;
HasAlarm,CODE/J_SUPERVISION/FB_Hmi_BannerFormatter.st,1228,ECRITURE_FALSE,Banner.AlarmBanner.HasAlarm := FALSE;
AlarmBanner,CODE/J_SUPERVISION/FB_Hmi_BannerFormatter.st,1229,LECTURE,Banner.AlarmBanner.Text  := '';
AlarmBanner,CODE/J_SUPERVISION/FB_Hmi_BannerFormatter.st,1230,LECTURE,Banner.AlarmBanner.Index := 0;
AlarmBanner,CODE/J_SUPERVISION/FB_Hmi_BannerFormatter.st,1231,LECTURE,Banner.AlarmBanner.Count := 0;
TonAlarmBanner,CODE/J_SUPERVISION/FB_Hmi_BannerFormatter.st,1232,LECTURE,TonAlarmBanner(IN := FALSE);
AlarmIndex,CODE/J_SUPERVISION/FB_Hmi_BannerFormatter.st,1235,LECTURE,IF AlarmIndex >= AlarmCount THEN
AlarmCount,CODE/J_SUPERVISION/FB_Hmi_BannerFormatter.st,1235,LECTURE,IF AlarmIndex >= AlarmCount THEN
AlarmIndex,CODE/J_SUPERVISION/FB_Hmi_BannerFormatter.st,1236,ECRITURE,AlarmIndex := 0;
AlarmBanner,CODE/J_SUPERVISION/FB_Hmi_BannerFormatter.st,1238,LECTURE,Banner.AlarmBanner.HasAlarm := TRUE;
HasAlarm,CODE/J_SUPERVISION/FB_Hmi_BannerFormatter.st,1238,ECRITURE_TRUE,Banner.AlarmBanner.HasAlarm := TRUE;
TonAlarmBanner,CODE/J_SUPERVISION/FB_Hmi_BannerFormatter.st,1239,LECTURE,"TonAlarmBanner(IN := TRUE, PT := AlarmHoldTime);"
AlarmHoldTime,CODE/J_SUPERVISION/FB_Hmi_BannerFormatter.st,1239,LECTURE,"TonAlarmBanner(IN := TRUE, PT := AlarmHoldTime);"
TonAlarmBanner,CODE/J_SUPERVISION/FB_Hmi_BannerFormatter.st,1240,LECTURE,IF TonAlarmBanner.Q THEN
AlarmIndex,CODE/J_SUPERVISION/FB_Hmi_BannerFormatter.st,1241,ECRITURE,AlarmIndex := (AlarmIndex + 1) MOD AlarmCount;
AlarmIndex,CODE/J_SUPERVISION/FB_Hmi_BannerFormatter.st,1241,LECTURE,AlarmIndex := (AlarmIndex + 1) MOD AlarmCount;
AlarmCount,CODE/J_SUPERVISION/FB_Hmi_BannerFormatter.st,1241,LECTURE,AlarmIndex := (AlarmIndex + 1) MOD AlarmCount;
TonAlarmBanner,CODE/J_SUPERVISION/FB_Hmi_BannerFormatter.st,1242,LECTURE,TonAlarmBanner(IN := FALSE);
AlarmBanner,CODE/J_SUPERVISION/FB_Hmi_BannerFormatter.st,1246,LECTURE,"Banner.AlarmBanner.Text := CONCAT(INT_TO_STRING(AlarmIndex + 1),"
AlarmIndex,CODE/J_SUPERVISION/FB_Hmi_BannerFormatter.st,1246,LECTURE,"Banner.AlarmBanner.Text := CONCAT(INT_TO_STRING(AlarmIndex + 1),"
AlarmCount,CODE/J_SUPERVISION/FB_Hmi_BannerFormatter.st,1248,LECTURE,"CONCAT(INT_TO_STRING(AlarmCount),"
AlarmIndex,CODE/J_SUPERVISION/FB_Hmi_BannerFormatter.st,1249,LECTURE,"CONCAT(' ', AlarmArray[AlarmIndex]))));"
AlarmBanner,CODE/J_SUPERVISION/FB_Hmi_BannerFormatter.st,1250,LECTURE,Banner.AlarmBanner.Index := AlarmIndex + 1;
AlarmIndex,CODE/J_SUPERVISION/FB_Hmi_BannerFormatter.st,1250,LECTURE,Banner.AlarmBanner.Index := AlarmIndex + 1;
AlarmBanner,CODE/J_SUPERVISION/FB_Hmi_BannerFormatter.st,1251,LECTURE,Banner.AlarmBanner.Count := AlarmCount;
AlarmCount,CODE/J_SUPERVISION/FB_Hmi_BannerFormatter.st,1251,LECTURE,Banner.AlarmBanner.Count := AlarmCount;
InputModuleFault,CODE/J_SUPERVISION/FB_TroubleshootingView.st,27,LECTURE,InputModuleFault         : BOOL;
EmergencyDiag,CODE/J_SUPERVISION/FB_TroubleshootingView.st,67,LECTURE,EmergencyDiag            : ST_Safety_Emergency_Diag;
CycleError,CODE/J_SUPERVISION/FB_TroubleshootingView.st,76,LECTURE,CycleError               : BOOL;
CycleErrorId,CODE/J_SUPERVISION/FB_TroubleshootingView.st,77,LECTURE,CycleErrorId             : WORD;
CycleFaultLatched,CODE/J_SUPERVISION/FB_TroubleshootingView.st,78,LECTURE,CycleFaultLatched        : BOOL;
CycleFaultLatchedId,CODE/J_SUPERVISION/FB_TroubleshootingView.st,79,LECTURE,CycleFaultLatchedId      : WORD;
CycleStepAtError,CODE/J_SUPERVISION/FB_TroubleshootingView.st,86,LECTURE,CycleStepAtError         : E_AutoCycleStep;
CycleWinchSyncError,CODE/J_SUPERVISION/FB_TroubleshootingView.st,99,LECTURE,CycleWinchSyncError      : BOOL;
CycleM1SpeedStepAtFault,CODE/J_SUPERVISION/FB_TroubleshootingView.st,103,LECTURE,CycleM1SpeedStepAtFault  : INT;
CycleM2SpeedStepAtFault,CODE/J_SUPERVISION/FB_TroubleshootingView.st,104,LECTURE,CycleM2SpeedStepAtFault  : INT;
Idx302_SyncFaultActive,CODE/J_SUPERVISION/FB_TroubleshootingView.st,155,ECRITURE,GVL_Troubleshooting.H_LevageSynchroniseM1M2.Idx302_SyncFaultActive := Sync.State.Error;
Error,CODE/J_SUPERVISION/FB_TroubleshootingView.st,155,LECTURE,GVL_Troubleshooting.H_LevageSynchroniseM1M2.Idx302_SyncFaultActive := Sync.State.Error;
Idx310_ErrorOperatorComm,CODE/J_SUPERVISION/FB_TroubleshootingView.st,196,ECRITURE,GVL_Troubleshooting.I_LevageUnitaireM1.Safety_300.Idx310_ErrorOperatorComm := WinchM1.Safety.ErrorOperatorComm;
ErrorOperatorComm,CODE/J_SUPERVISION/FB_TroubleshootingView.st,196,LECTURE,GVL_Troubleshooting.I_LevageUnitaireM1.Safety_300.Idx310_ErrorOperatorComm := WinchM1.Safety.ErrorOperatorComm;
Idx311_ErrorEncoder,CODE/J_SUPERVISION/FB_TroubleshootingView.st,197,ECRITURE,GVL_Troubleshooting.I_LevageUnitaireM1.Safety_300.Idx311_ErrorEncoder      := WinchM1.Safety.ErrorEncoder;
ErrorEncoder,CODE/J_SUPERVISION/FB_TroubleshootingView.st,197,LECTURE,GVL_Troubleshooting.I_LevageUnitaireM1.Safety_300.Idx311_ErrorEncoder      := WinchM1.Safety.ErrorEncoder;
Idx312_ErrorPhaseRotation,CODE/J_SUPERVISION/FB_TroubleshootingView.st,198,ECRITURE,GVL_Troubleshooting.I_LevageUnitaireM1.Safety_300.Idx312_ErrorPhaseRotation:= WinchM1.Safety.ErrorPhaseRotation;
ErrorPhaseRotation,CODE/J_SUPERVISION/FB_TroubleshootingView.st,198,LECTURE,GVL_Troubleshooting.I_LevageUnitaireM1.Safety_300.Idx312_ErrorPhaseRotation:= WinchM1.Safety.ErrorPhaseRotation;
Idx313_ErrorMecaA,CODE/J_SUPERVISION/FB_TroubleshootingView.st,199,ECRITURE,GVL_Troubleshooting.I_LevageUnitaireM1.Safety_300.Idx313_ErrorMecaA        := WinchM1.Safety.ErrorMecaA;
ErrorMecaA,CODE/J_SUPERVISION/FB_TroubleshootingView.st,199,LECTURE,GVL_Troubleshooting.I_LevageUnitaireM1.Safety_300.Idx313_ErrorMecaA        := WinchM1.Safety.ErrorMecaA;
Idx314_ErrorMecaB,CODE/J_SUPERVISION/FB_TroubleshootingView.st,200,ECRITURE,GVL_Troubleshooting.I_LevageUnitaireM1.Safety_300.Idx314_ErrorMecaB        := WinchM1.Safety.ErrorMecaB;
ErrorMecaB,CODE/J_SUPERVISION/FB_TroubleshootingView.st,200,LECTURE,GVL_Troubleshooting.I_LevageUnitaireM1.Safety_300.Idx314_ErrorMecaB        := WinchM1.Safety.ErrorMecaB;
Idx315_ErrorMecaC,CODE/J_SUPERVISION/FB_TroubleshootingView.st,201,ECRITURE,GVL_Troubleshooting.I_LevageUnitaireM1.Safety_300.Idx315_ErrorMecaC        := WinchM1.Safety.ErrorMecaC;
ErrorMecaC,CODE/J_SUPERVISION/FB_TroubleshootingView.st,201,LECTURE,GVL_Troubleshooting.I_LevageUnitaireM1.Safety_300.Idx315_ErrorMecaC        := WinchM1.Safety.ErrorMecaC;
Idx316_ErrorMecaD,CODE/J_SUPERVISION/FB_TroubleshootingView.st,202,ECRITURE,GVL_Troubleshooting.I_LevageUnitaireM1.Safety_300.Idx316_ErrorMecaD        := WinchM1.Safety.ErrorMecaD;
ErrorMecaD,CODE/J_SUPERVISION/FB_TroubleshootingView.st,202,LECTURE,GVL_Troubleshooting.I_LevageUnitaireM1.Safety_300.Idx316_ErrorMecaD        := WinchM1.Safety.ErrorMecaD;
Idx317_ErrorMecaE,CODE/J_SUPERVISION/FB_TroubleshootingView.st,203,ECRITURE,GVL_Troubleshooting.I_LevageUnitaireM1.Safety_300.Idx317_ErrorMecaE        := WinchM1.Safety.ErrorMecaE;
ErrorMecaE,CODE/J_SUPERVISION/FB_TroubleshootingView.st,203,LECTURE,GVL_Troubleshooting.I_LevageUnitaireM1.Safety_300.Idx317_ErrorMecaE        := WinchM1.Safety.ErrorMecaE;
Idx318_ErrorBrakeThermal,CODE/J_SUPERVISION/FB_TroubleshootingView.st,204,ECRITURE,GVL_Troubleshooting.I_LevageUnitaireM1.Safety_300.Idx318_ErrorBrakeThermal := WinchM1.Safety.ErrorBrakeThermal;
ErrorBrakeThermal,CODE/J_SUPERVISION/FB_TroubleshootingView.st,204,LECTURE,GVL_Troubleshooting.I_LevageUnitaireM1.Safety_300.Idx318_ErrorBrakeThermal := WinchM1.Safety.ErrorBrakeThermal;
Idx319_ErrorOppositeDir,CODE/J_SUPERVISION/FB_TroubleshootingView.st,205,ECRITURE,GVL_Troubleshooting.I_LevageUnitaireM1.Safety_300.Idx319_ErrorOppositeDir  := WinchM1.Safety.ErrorOppositeDir;
ErrorOppositeDir,CODE/J_SUPERVISION/FB_TroubleshootingView.st,205,LECTURE,GVL_Troubleshooting.I_LevageUnitaireM1.Safety_300.Idx319_ErrorOppositeDir  := WinchM1.Safety.ErrorOppositeDir;
Idx320_ErrorNoMovement,CODE/J_SUPERVISION/FB_TroubleshootingView.st,206,ECRITURE,GVL_Troubleshooting.I_LevageUnitaireM1.Safety_300.Idx320_ErrorNoMovement   := WinchM1.Safety.ErrorNoMovement;
ErrorNoMovement,CODE/J_SUPERVISION/FB_TroubleshootingView.st,206,LECTURE,GVL_Troubleshooting.I_LevageUnitaireM1.Safety_300.Idx320_ErrorNoMovement   := WinchM1.Safety.ErrorNoMovement;
Idx310_ErrorOperatorComm,CODE/J_SUPERVISION/FB_TroubleshootingView.st,275,ECRITURE,GVL_Troubleshooting.J_LevageUnitaireM2.Safety_300.Idx310_ErrorOperatorComm := WinchM2.Safety.ErrorOperatorComm;
ErrorOperatorComm,CODE/J_SUPERVISION/FB_TroubleshootingView.st,275,LECTURE,GVL_Troubleshooting.J_LevageUnitaireM2.Safety_300.Idx310_ErrorOperatorComm := WinchM2.Safety.ErrorOperatorComm;
Idx311_ErrorEncoder,CODE/J_SUPERVISION/FB_TroubleshootingView.st,276,ECRITURE,GVL_Troubleshooting.J_LevageUnitaireM2.Safety_300.Idx311_ErrorEncoder      := WinchM2.Safety.ErrorEncoder;
ErrorEncoder,CODE/J_SUPERVISION/FB_TroubleshootingView.st,276,LECTURE,GVL_Troubleshooting.J_LevageUnitaireM2.Safety_300.Idx311_ErrorEncoder      := WinchM2.Safety.ErrorEncoder;
Idx312_ErrorPhaseRotation,CODE/J_SUPERVISION/FB_TroubleshootingView.st,277,ECRITURE,GVL_Troubleshooting.J_LevageUnitaireM2.Safety_300.Idx312_ErrorPhaseRotation:= WinchM2.Safety.ErrorPhaseRotation;
ErrorPhaseRotation,CODE/J_SUPERVISION/FB_TroubleshootingView.st,277,LECTURE,GVL_Troubleshooting.J_LevageUnitaireM2.Safety_300.Idx312_ErrorPhaseRotation:= WinchM2.Safety.ErrorPhaseRotation;
Idx313_ErrorMecaA,CODE/J_SUPERVISION/FB_TroubleshootingView.st,278,ECRITURE,GVL_Troubleshooting.J_LevageUnitaireM2.Safety_300.Idx313_ErrorMecaA        := WinchM2.Safety.ErrorMecaA;
ErrorMecaA,CODE/J_SUPERVISION/FB_TroubleshootingView.st,278,LECTURE,GVL_Troubleshooting.J_LevageUnitaireM2.Safety_300.Idx313_ErrorMecaA        := WinchM2.Safety.ErrorMecaA;
Idx314_ErrorMecaB,CODE/J_SUPERVISION/FB_TroubleshootingView.st,279,ECRITURE,GVL_Troubleshooting.J_LevageUnitaireM2.Safety_300.Idx314_ErrorMecaB        := WinchM2.Safety.ErrorMecaB;
ErrorMecaB,CODE/J_SUPERVISION/FB_TroubleshootingView.st,279,LECTURE,GVL_Troubleshooting.J_LevageUnitaireM2.Safety_300.Idx314_ErrorMecaB        := WinchM2.Safety.ErrorMecaB;
Idx315_ErrorMecaC,CODE/J_SUPERVISION/FB_TroubleshootingView.st,280,ECRITURE,GVL_Troubleshooting.J_LevageUnitaireM2.Safety_300.Idx315_ErrorMecaC        := WinchM2.Safety.ErrorMecaC;
ErrorMecaC,CODE/J_SUPERVISION/FB_TroubleshootingView.st,280,LECTURE,GVL_Troubleshooting.J_LevageUnitaireM2.Safety_300.Idx315_ErrorMecaC        := WinchM2.Safety.ErrorMecaC;
Idx316_ErrorMecaD,CODE/J_SUPERVISION/FB_TroubleshootingView.st,281,ECRITURE,GVL_Troubleshooting.J_LevageUnitaireM2.Safety_300.Idx316_ErrorMecaD        := WinchM2.Safety.ErrorMecaD;
ErrorMecaD,CODE/J_SUPERVISION/FB_TroubleshootingView.st,281,LECTURE,GVL_Troubleshooting.J_LevageUnitaireM2.Safety_300.Idx316_ErrorMecaD        := WinchM2.Safety.ErrorMecaD;
Idx317_ErrorMecaE,CODE/J_SUPERVISION/FB_TroubleshootingView.st,282,ECRITURE,GVL_Troubleshooting.J_LevageUnitaireM2.Safety_300.Idx317_ErrorMecaE        := WinchM2.Safety.ErrorMecaE;
ErrorMecaE,CODE/J_SUPERVISION/FB_TroubleshootingView.st,282,LECTURE,GVL_Troubleshooting.J_LevageUnitaireM2.Safety_300.Idx317_ErrorMecaE        := WinchM2.Safety.ErrorMecaE;
Idx318_ErrorBrakeThermal,CODE/J_SUPERVISION/FB_TroubleshootingView.st,283,ECRITURE,GVL_Troubleshooting.J_LevageUnitaireM2.Safety_300.Idx318_ErrorBrakeThermal := WinchM2.Safety.ErrorBrakeThermal;
ErrorBrakeThermal,CODE/J_SUPERVISION/FB_TroubleshootingView.st,283,LECTURE,GVL_Troubleshooting.J_LevageUnitaireM2.Safety_300.Idx318_ErrorBrakeThermal := WinchM2.Safety.ErrorBrakeThermal;
Idx319_ErrorOppositeDir,CODE/J_SUPERVISION/FB_TroubleshootingView.st,284,ECRITURE,GVL_Troubleshooting.J_LevageUnitaireM2.Safety_300.Idx319_ErrorOppositeDir  := WinchM2.Safety.ErrorOppositeDir;
ErrorOppositeDir,CODE/J_SUPERVISION/FB_TroubleshootingView.st,284,LECTURE,GVL_Troubleshooting.J_LevageUnitaireM2.Safety_300.Idx319_ErrorOppositeDir  := WinchM2.Safety.ErrorOppositeDir;
Idx320_ErrorNoMovement,CODE/J_SUPERVISION/FB_TroubleshootingView.st,285,ECRITURE,GVL_Troubleshooting.J_LevageUnitaireM2.Safety_300.Idx320_ErrorNoMovement   := WinchM2.Safety.ErrorNoMovement;
ErrorNoMovement,CODE/J_SUPERVISION/FB_TroubleshootingView.st,285,LECTURE,GVL_Troubleshooting.J_LevageUnitaireM2.Safety_300.Idx320_ErrorNoMovement   := WinchM2.Safety.ErrorNoMovement;
Idx302_BucketFaultActive,CODE/J_SUPERVISION/FB_TroubleshootingView.st,356,ECRITURE,GVL_Troubleshooting.K_BenneOuvertureFermeture.Idx302_BucketFaultActive := WinchM2.Bucket.State.Error;
Error,CODE/J_SUPERVISION/FB_TroubleshootingView.st,356,LECTURE,GVL_Troubleshooting.K_BenneOuvertureFermeture.Idx302_BucketFaultActive := WinchM2.Bucket.State.Error;
Idx305_KoboldBottomTouchLatched,CODE/J_SUPERVISION/FB_TroubleshootingView.st,359,ECRITURE,GVL_Troubleshooting.K_BenneOuvertureFermeture.Idx305_KoboldBottomTouchLatched := Commun.KoboldBottomTouchLatched;
KoboldBottomTouchLatched,CODE/J_SUPERVISION/FB_TroubleshootingView.st,359,LECTURE,GVL_Troubleshooting.K_BenneOuvertureFermeture.Idx305_KoboldBottomTouchLatched := Commun.KoboldBottomTouchLatched;
Idx306_ErrorIdRaw,CODE/J_SUPERVISION/FB_TroubleshootingView.st,360,ECRITURE,GVL_Troubleshooting.K_BenneOuvertureFermeture.Idx306_ErrorIdRaw := WinchM2.Bucket.State.ErrorId;
ErrorId,CODE/J_SUPERVISION/FB_TroubleshootingView.st,360,LECTURE,GVL_Troubleshooting.K_BenneOuvertureFermeture.Idx306_ErrorIdRaw := WinchM2.Bucket.State.ErrorId;
Idx309_ErrorOperatorComm,CODE/J_SUPERVISION/FB_TroubleshootingView.st,403,ECRITURE,GVL_Troubleshooting.L_TranslationPontM3.Safety_300.Idx309_ErrorOperatorComm := Translation.Safety.ErrorOperatorComm;
ErrorOperatorComm,CODE/J_SUPERVISION/FB_TroubleshootingView.st,403,LECTURE,GVL_Troubleshooting.L_TranslationPontM3.Safety_300.Idx309_ErrorOperatorComm := Translation.Safety.ErrorOperatorComm;
Idx310_ErrorDriveComm,CODE/J_SUPERVISION/FB_TroubleshootingView.st,404,ECRITURE,GVL_Troubleshooting.L_TranslationPontM3.Safety_300.Idx310_ErrorDriveComm    := Translation.Safety.ErrorDriveComm;
ErrorDriveComm,CODE/J_SUPERVISION/FB_TroubleshootingView.st,404,LECTURE,GVL_Troubleshooting.L_TranslationPontM3.Safety_300.Idx310_ErrorDriveComm    := Translation.Safety.ErrorDriveComm;
Idx311_ErrorPhaseRotation,CODE/J_SUPERVISION/FB_TroubleshootingView.st,405,ECRITURE,GVL_Troubleshooting.L_TranslationPontM3.Safety_300.Idx311_ErrorPhaseRotation:= Translation.Safety.ErrorPhaseRotation;
ErrorPhaseRotation,CODE/J_SUPERVISION/FB_TroubleshootingView.st,405,LECTURE,GVL_Troubleshooting.L_TranslationPontM3.Safety_300.Idx311_ErrorPhaseRotation:= Translation.Safety.ErrorPhaseRotation;
Idx312_ErrorBrakeThermal,CODE/J_SUPERVISION/FB_TroubleshootingView.st,406,ECRITURE,GVL_Troubleshooting.L_TranslationPontM3.Safety_300.Idx312_ErrorBrakeThermal := Translation.Safety.ErrorBrakeThermal;
ErrorBrakeThermal,CODE/J_SUPERVISION/FB_TroubleshootingView.st,406,LECTURE,GVL_Troubleshooting.L_TranslationPontM3.Safety_300.Idx312_ErrorBrakeThermal := Translation.Safety.ErrorBrakeThermal;
Idx313_ErrorMecaB,CODE/J_SUPERVISION/FB_TroubleshootingView.st,407,ECRITURE,GVL_Troubleshooting.L_TranslationPontM3.Safety_300.Idx313_ErrorMecaB        := Translation.Safety.ErrorMecaB;
ErrorMecaB,CODE/J_SUPERVISION/FB_TroubleshootingView.st,407,LECTURE,GVL_Troubleshooting.L_TranslationPontM3.Safety_300.Idx313_ErrorMecaB        := Translation.Safety.ErrorMecaB;
Idx314_ErrorMecaA,CODE/J_SUPERVISION/FB_TroubleshootingView.st,408,ECRITURE,GVL_Troubleshooting.L_TranslationPontM3.Safety_300.Idx314_ErrorMecaA        := Translation.Safety.ErrorMecaA;
ErrorMecaA,CODE/J_SUPERVISION/FB_TroubleshootingView.st,408,LECTURE,GVL_Troubleshooting.L_TranslationPontM3.Safety_300.Idx314_ErrorMecaA        := Translation.Safety.ErrorMecaA;
Idx315_ErrorLimitSwitch,CODE/J_SUPERVISION/FB_TroubleshootingView.st,409,ECRITURE,GVL_Troubleshooting.L_TranslationPontM3.Safety_300.Idx315_ErrorLimitSwitch  := Translation.Safety.ErrorLimitSwitch;
ErrorLimitSwitch,CODE/J_SUPERVISION/FB_TroubleshootingView.st,409,LECTURE,GVL_Troubleshooting.L_TranslationPontM3.Safety_300.Idx315_ErrorLimitSwitch  := Translation.Safety.ErrorLimitSwitch;
Idx316_ErrorSensorIncoherent,CODE/J_SUPERVISION/FB_TroubleshootingView.st,410,ECRITURE,GVL_Troubleshooting.L_TranslationPontM3.Safety_300.Idx316_ErrorSensorIncoherent := Translation.Safety.ErrorSensorIncoherent;
ErrorSensorIncoherent,CODE/J_SUPERVISION/FB_TroubleshootingView.st,410,LECTURE,GVL_Troubleshooting.L_TranslationPontM3.Safety_300.Idx316_ErrorSensorIncoherent := Translation.Safety.ErrorSensorIncoherent;
Idx317_ErrorId,CODE/J_SUPERVISION/FB_TroubleshootingView.st,411,ECRITURE,GVL_Troubleshooting.L_TranslationPontM3.Safety_300.Idx317_ErrorId := Translation.Safety.ErrorId;
ErrorId,CODE/J_SUPERVISION/FB_TroubleshootingView.st,411,LECTURE,GVL_Troubleshooting.L_TranslationPontM3.Safety_300.Idx317_ErrorId := Translation.Safety.ErrorId;
InputModuleFault,CODE/J_SUPERVISION/FB_TroubleshootingView.st,434,LECTURE,GVL_Troubleshooting.E_HomingM1.Step3_EncoderAvailable   := Network.EncoderM1.Operational AND NOT InputModuleFault;
RejectErrorMask,CODE/J_SUPERVISION/FB_TroubleshootingView.st,455,ECRITURE,GVL_Troubleshooting.E_HomingM1.RejectErrorMask := WinchM1.State.Encoder.HomingErrorId;
HomingErrorId,CODE/J_SUPERVISION/FB_TroubleshootingView.st,455,LECTURE,GVL_Troubleshooting.E_HomingM1.RejectErrorMask := WinchM1.State.Encoder.HomingErrorId;
InputModuleFault,CODE/J_SUPERVISION/FB_TroubleshootingView.st,460,LECTURE,GVL_Troubleshooting.F_HomingM2.Step3_EncoderAvailable   := Network.EncoderM2.Operational AND NOT InputModuleFault;
RejectErrorMask,CODE/J_SUPERVISION/FB_TroubleshootingView.st,481,ECRITURE,GVL_Troubleshooting.F_HomingM2.RejectErrorMask := WinchM2.State.Encoder.HomingErrorId;
HomingErrorId,CODE/J_SUPERVISION/FB_TroubleshootingView.st,481,LECTURE,GVL_Troubleshooting.F_HomingM2.RejectErrorMask := WinchM2.State.Encoder.HomingErrorId;
InputModuleFault,CODE/J_SUPERVISION/FB_TroubleshootingView.st,494,LECTURE,GVL_Troubleshooting.C_Safety.Step1_InputModulesOk       := NOT InputModuleFault;
EmergencyDiag,CODE/J_SUPERVISION/FB_TroubleshootingView.st,503,LECTURE,GVL_Troubleshooting.C_Safety.LockoutActive        := EmergencyDiag.LockoutActive;
SafetyError,CODE/J_SUPERVISION/FB_TroubleshootingView.st,513,ECRITURE,GVL_Troubleshooting.C_Safety.SafetyError          := EmergencyDiag.Error;
EmergencyDiag,CODE/J_SUPERVISION/FB_TroubleshootingView.st,513,LECTURE,GVL_Troubleshooting.C_Safety.SafetyError          := EmergencyDiag.Error;
Error,CODE/J_SUPERVISION/FB_TroubleshootingView.st,513,LECTURE,GVL_Troubleshooting.C_Safety.SafetyError          := EmergencyDiag.Error;
ArmingErrorId,CODE/J_SUPERVISION/FB_TroubleshootingView.st,514,ECRITURE,GVL_Troubleshooting.C_Safety.ArmingErrorId       := EmergencyDiag.ErrorId;
EmergencyDiag,CODE/J_SUPERVISION/FB_TroubleshootingView.st,514,LECTURE,GVL_Troubleshooting.C_Safety.ArmingErrorId       := EmergencyDiag.ErrorId;
ErrorId,CODE/J_SUPERVISION/FB_TroubleshootingView.st,514,LECTURE,GVL_Troubleshooting.C_Safety.ArmingErrorId       := EmergencyDiag.ErrorId;
EmergencyDiag,CODE/J_SUPERVISION/FB_TroubleshootingView.st,515,LECTURE,GVL_Troubleshooting.C_Safety.RedundancyTestFailed := EmergencyDiag.RedundancyTestFailed;
EmergencyDiag,CODE/J_SUPERVISION/FB_TroubleshootingView.st,516,LECTURE,GVL_Troubleshooting.C_Safety.ArmingFailed         := EmergencyDiag.ArmFailed;
EmergencyDiag,CODE/J_SUPERVISION/FB_TroubleshootingView.st,517,LECTURE,GVL_Troubleshooting.C_Safety.WasArmed             := EmergencyDiag.WasArmed;
EmergencyDiag,CODE/J_SUPERVISION/FB_TroubleshootingView.st,518,LECTURE,GVL_Troubleshooting.C_Safety.LastAbortStep        := EmergencyDiag.LastAbortStep;
EmergencyDiag,CODE/J_SUPERVISION/FB_TroubleshootingView.st,519,LECTURE,GVL_Troubleshooting.C_Safety.LastAbortCause       := EmergencyDiag.LastAbortCause;
Step5_NoSafetyFault,CODE/J_SUPERVISION/FB_TroubleshootingView.st,575,ECRITURE,GVL_Troubleshooting.N_MotionM1.Step5_NoSafetyFault      := NOT WinchM1.Safety.SafeStop AND NOT WinchM1.Safety.ThermalFault;
ThermalFault,CODE/J_SUPERVISION/FB_TroubleshootingView.st,575,LECTURE,GVL_Troubleshooting.N_MotionM1.Step5_NoSafetyFault      := NOT WinchM1.Safety.SafeStop AND NOT WinchM1.Safety.ThermalFault;
FinalInterlockError,CODE/J_SUPERVISION/FB_TroubleshootingView.st,578,LECTURE,GVL_Troubleshooting.N_MotionM1.Step8_OutputInterlockOk  := NOT WinchM1.State.FinalInterlockError;
Step5_NoSafetyFault,CODE/J_SUPERVISION/FB_TroubleshootingView.st,584,LECTURE,AND GVL_Troubleshooting.N_MotionM1.Step5_NoSafetyFault
Step5_NoSafetyFault,CODE/J_SUPERVISION/FB_TroubleshootingView.st,607,ECRITURE,GVL_Troubleshooting.O_MotionM2.Step5_NoSafetyFault      := NOT WinchM2.Safety.SafeStop AND NOT WinchM2.Safety.ThermalFault AND NOT WinchM2.Safety.SlackCable;
ThermalFault,CODE/J_SUPERVISION/FB_TroubleshootingView.st,607,LECTURE,GVL_Troubleshooting.O_MotionM2.Step5_NoSafetyFault      := NOT WinchM2.Safety.SafeStop AND NOT WinchM2.Safety.ThermalFault AND NOT WinchM2.Safety.SlackCable;
FinalInterlockError,CODE/J_SUPERVISION/FB_TroubleshootingView.st,610,LECTURE,GVL_Troubleshooting.O_MotionM2.Step8_OutputInterlockOk  := NOT WinchM2.State.FinalInterlockError;
Step5_NoSafetyFault,CODE/J_SUPERVISION/FB_TroubleshootingView.st,616,LECTURE,AND GVL_Troubleshooting.O_MotionM2.Step5_NoSafetyFault
Step5_NoSafetyFault,CODE/J_SUPERVISION/FB_TroubleshootingView.st,642,ECRITURE,GVL_Troubleshooting.P_MotionM3.Step5_NoSafetyFault      := NOT Translation.Safety.SafeStop AND NOT Translation.State.Error;
Error,CODE/J_SUPERVISION/FB_TroubleshootingView.st,642,LECTURE,GVL_Troubleshooting.P_MotionM3.Step5_NoSafetyFault      := NOT Translation.Safety.SafeStop AND NOT Translation.State.Error;
FinalInterlockError,CODE/J_SUPERVISION/FB_TroubleshootingView.st,645,LECTURE,GVL_Troubleshooting.P_MotionM3.Step8_OutputInterlockOk  := NOT Translation.State.FinalInterlockError;
Step5_NoSafetyFault,CODE/J_SUPERVISION/FB_TroubleshootingView.st,651,LECTURE,AND GVL_Troubleshooting.P_MotionM3.Step5_NoSafetyFault
Idx204_Error,CODE/J_SUPERVISION/FB_TroubleshootingView.st,683,ECRITURE,GVL_Troubleshooting.G_CycleSemiAuto.Idx204_Error                     := CycleError;
CycleError,CODE/J_SUPERVISION/FB_TroubleshootingView.st,683,LECTURE,GVL_Troubleshooting.G_CycleSemiAuto.Idx204_Error                     := CycleError;
Idx205_ErrorId,CODE/J_SUPERVISION/FB_TroubleshootingView.st,684,ECRITURE,GVL_Troubleshooting.G_CycleSemiAuto.Idx205_ErrorId                   := CycleErrorId;
CycleErrorId,CODE/J_SUPERVISION/FB_TroubleshootingView.st,684,LECTURE,GVL_Troubleshooting.G_CycleSemiAuto.Idx205_ErrorId                   := CycleErrorId;
Idx217_FaultLatched,CODE/J_SUPERVISION/FB_TroubleshootingView.st,685,ECRITURE,GVL_Troubleshooting.G_CycleSemiAuto.Idx217_FaultLatched               := CycleFaultLatched;
CycleFaultLatched,CODE/J_SUPERVISION/FB_TroubleshootingView.st,685,LECTURE,GVL_Troubleshooting.G_CycleSemiAuto.Idx217_FaultLatched               := CycleFaultLatched;
Idx218_FaultLatchedId,CODE/J_SUPERVISION/FB_TroubleshootingView.st,686,ECRITURE,GVL_Troubleshooting.G_CycleSemiAuto.Idx218_FaultLatchedId             := CycleFaultLatchedId;
CycleFaultLatchedId,CODE/J_SUPERVISION/FB_TroubleshootingView.st,686,LECTURE,GVL_Troubleshooting.G_CycleSemiAuto.Idx218_FaultLatchedId             := CycleFaultLatchedId;
Idx208_StepAtError,CODE/J_SUPERVISION/FB_TroubleshootingView.st,693,ECRITURE,GVL_Troubleshooting.G_CycleSemiAuto.Idx208_StepAtError               := CycleStepAtError;
CycleStepAtError,CODE/J_SUPERVISION/FB_TroubleshootingView.st,693,LECTURE,GVL_Troubleshooting.G_CycleSemiAuto.Idx208_StepAtError               := CycleStepAtError;
Idx306_WinchSyncError,CODE/J_SUPERVISION/FB_TroubleshootingView.st,708,ECRITURE,GVL_Troubleshooting.G_CycleSemiAuto.Idx306_WinchSyncError            := CycleWinchSyncError;
CycleWinchSyncError,CODE/J_SUPERVISION/FB_TroubleshootingView.st,708,LECTURE,GVL_Troubleshooting.G_CycleSemiAuto.Idx306_WinchSyncError            := CycleWinchSyncError;
Idx310_M1SpeedStepAtFault,CODE/J_SUPERVISION/FB_TroubleshootingView.st,712,ECRITURE,GVL_Troubleshooting.G_CycleSemiAuto.Idx310_M1SpeedStepAtFault        := CycleM1SpeedStepAtFault;
CycleM1SpeedStepAtFault,CODE/J_SUPERVISION/FB_TroubleshootingView.st,712,LECTURE,GVL_Troubleshooting.G_CycleSemiAuto.Idx310_M1SpeedStepAtFault        := CycleM1SpeedStepAtFault;
Idx311_M2SpeedStepAtFault,CODE/J_SUPERVISION/FB_TroubleshootingView.st,713,ECRITURE,GVL_Troubleshooting.G_CycleSemiAuto.Idx311_M2SpeedStepAtFault        := CycleM2SpeedStepAtFault;
CycleM2SpeedStepAtFault,CODE/J_SUPERVISION/FB_TroubleshootingView.st,713,LECTURE,GVL_Troubleshooting.G_CycleSemiAuto.Idx311_M2SpeedStepAtFault        := CycleM2SpeedStepAtFault;
CountSaturated,CODE/L_SIMULATION/FB_Sim_Encoder.st,61,LECTURE,CountSaturated : BOOL;
CountSaturated,CODE/L_SIMULATION/FB_Sim_Encoder.st,94,ECRITURE_FALSE,CountSaturated := FALSE;
CountSaturated,CODE/L_SIMULATION/FB_Sim_Encoder.st,178,ECRITURE_FALSE,CountSaturated := FALSE;
CountSaturated,CODE/L_SIMULATION/FB_Sim_Encoder.st,181,ECRITURE_TRUE,CountSaturated := TRUE;
CountSaturated,CODE/L_SIMULATION/FB_Sim_Encoder.st,184,ECRITURE_TRUE,CountSaturated := TRUE;
CountSaturated,CODE/L_SIMULATION/FB_Sim_Encoder.st,186,LECTURE,IF CountSaturated THEN
BrakeFaultCloseWhileRunning,CODE/L_SIMULATION/FB_Sim_Translation.st,20,LECTURE,BrakeFaultCloseWhileRunning : BOOL := FALSE;
BrakeFaultCloseDelay_S,CODE/L_SIMULATION/FB_Sim_Translation.st,21,LECTURE,BrakeFaultCloseDelay_S : REAL := 0.0;
BrakeFaultCloseActive,CODE/L_SIMULATION/FB_Sim_Translation.st,66,LECTURE,BrakeFaultCloseActive : BOOL;
DefaultValueS,CODE/L_SIMULATION/FB_Sim_Translation.st,132,ECRITURE,instCycleTime(DefaultValueS := 0.010);
BrakeFaultCloseActive,CODE/L_SIMULATION/FB_Sim_Translation.st,152,ECRITURE_FALSE,BrakeFaultCloseActive := FALSE;
FaultCloseWhileRunning,CODE/L_SIMULATION/FB_Sim_Translation.st,204,ECRITURE,"FaultCloseWhileRunning := BrakeFaultCloseWhileRunning,"
BrakeFaultCloseWhileRunning,CODE/L_SIMULATION/FB_Sim_Translation.st,204,LECTURE,"FaultCloseWhileRunning := BrakeFaultCloseWhileRunning,"
FaultCloseDelay_S,CODE/L_SIMULATION/FB_Sim_Translation.st,205,ECRITURE,FaultCloseDelay_S := BrakeFaultCloseDelay_S);
BrakeFaultCloseDelay_S,CODE/L_SIMULATION/FB_Sim_Translation.st,205,LECTURE,FaultCloseDelay_S := BrakeFaultCloseDelay_S);
BrakeFaultCloseActive,CODE/L_SIMULATION/FB_Sim_Translation.st,209,ECRITURE,BrakeFaultCloseActive := instBrake.FaultCloseActive;
FaultCloseActive,CODE/L_SIMULATION/FB_Sim_Translation.st,209,LECTURE,BrakeFaultCloseActive := instBrake.FaultCloseActive;
FaultCloseWhileRunning,CODE/L_SIMULATION/FB_Sim_TranslationBrake.st,17,LECTURE,FaultCloseWhileRunning : BOOL := FALSE;
FaultCloseDelay_S,CODE/L_SIMULATION/FB_Sim_TranslationBrake.st,18,LECTURE,FaultCloseDelay_S : REAL := 0.0;
FaultCloseActive,CODE/L_SIMULATION/FB_Sim_TranslationBrake.st,25,LECTURE,FaultCloseActive : BOOL;
FaultTimer_S,CODE/L_SIMULATION/FB_Sim_TranslationBrake.st,30,LECTURE,FaultTimer_S : REAL;
FaultCloseActive,CODE/L_SIMULATION/FB_Sim_TranslationBrake.st,41,ECRITURE_FALSE,FaultCloseActive := FALSE;
FaultTimer_S,CODE/L_SIMULATION/FB_Sim_TranslationBrake.st,44,ECRITURE,FaultTimer_S := 0.0;
FaultCloseWhileRunning,CODE/L_SIMULATION/FB_Sim_TranslationBrake.st,49,LECTURE,IF FaultCloseWhileRunning THEN
FaultTimer_S,CODE/L_SIMULATION/FB_Sim_TranslationBrake.st,50,ECRITURE,FaultTimer_S := FaultTimer_S + CycleTime_S;
FaultTimer_S,CODE/L_SIMULATION/FB_Sim_TranslationBrake.st,50,LECTURE,FaultTimer_S := FaultTimer_S + CycleTime_S;
FaultTimer_S,CODE/L_SIMULATION/FB_Sim_TranslationBrake.st,52,ECRITURE,FaultTimer_S := 0.0;
FaultCloseActive,CODE/L_SIMULATION/FB_Sim_TranslationBrake.st,54,ECRITURE,"FaultCloseActive := FaultCloseWhileRunning AND (FaultTimer_S >= MAX(0.0, FaultCloseDelay_S));"
FaultCloseWhileRunning,CODE/L_SIMULATION/FB_Sim_TranslationBrake.st,54,LECTURE,"FaultCloseActive := FaultCloseWhileRunning AND (FaultTimer_S >= MAX(0.0, FaultCloseDelay_S));"
FaultTimer_S,CODE/L_SIMULATION/FB_Sim_TranslationBrake.st,54,LECTURE,"FaultCloseActive := FaultCloseWhileRunning AND (FaultTimer_S >= MAX(0.0, FaultCloseDelay_S));"
FaultCloseDelay_S,CODE/L_SIMULATION/FB_Sim_TranslationBrake.st,54,LECTURE,"FaultCloseActive := FaultCloseWhileRunning AND (FaultTimer_S >= MAX(0.0, FaultCloseDelay_S));"
FaultCloseActive,CODE/L_SIMULATION/FB_Sim_TranslationBrake.st,58,LECTURE,CoilEnergized := ReleaseCmd AND NOT FaultCloseActive;
FaultCloseActive,CODE/L_SIMULATION/FB_Sim_TranslationBrake.st,69,LECTURE,ELSIF FaultCloseActive OR (ActualFrequency_Hz <= CST_StopFrequency_Hz) THEN
SimWinchElectricalDiagnosticsActive,CODE/L_SIMULATION/FB_SimBench.st,84,LECTURE,SimWinchElectricalDiagnosticsActive : BOOL := FALSE;
SimM2TensionedCableFaultInject,CODE/L_SIMULATION/FB_SimBench.st,85,LECTURE,SimM2TensionedCableFaultInject : BOOL := FALSE;
SimM3BrakeFaultCloseWhileRunning,CODE/L_SIMULATION/FB_SimBench.st,100,LECTURE,SimM3BrakeFaultCloseWhileRunning : BOOL := FALSE;
SimM3BrakeFaultCloseDelayS,CODE/L_SIMULATION/FB_SimBench.st,101,LECTURE,SimM3BrakeFaultCloseDelayS       : REAL := 0.0;
M3BrakeFaultCloseActive,CODE/L_SIMULATION/FB_SimBench.st,164,LECTURE,M3BrakeFaultCloseActive    : BOOL;
SimWinchElectricalDiagnosticsActive,CODE/L_SIMULATION/FB_SimBench.st,327,LECTURE,"Enable                := Enable AND SimWinchElectricalDiagnosticsActive,"
SimWinchElectricalDiagnosticsActive,CODE/L_SIMULATION/FB_SimBench.st,337,LECTURE,IF SimWinchElectricalDiagnosticsActive THEN
SimWinchElectricalDiagnosticsActive,CODE/L_SIMULATION/FB_SimBench.st,350,LECTURE,"Enable                := Enable AND SimWinchElectricalDiagnosticsActive,"
SimWinchElectricalDiagnosticsActive,CODE/L_SIMULATION/FB_SimBench.st,360,LECTURE,IF SimWinchElectricalDiagnosticsActive THEN
SimM2TensionedCableFaultInject,CODE/L_SIMULATION/FB_SimBench.st,478,LECTURE,Winch.M2_TensionedCable_DI     := NOT SimM2TensionedCableFaultInject;
COD1_Alarms,CODE/L_SIMULATION/FB_SimBench.st,482,ECRITURE,Winch.COD1_Alarms              := 0;
COD1_Warnings,CODE/L_SIMULATION/FB_SimBench.st,483,ECRITURE,Winch.COD1_Warnings            := 0;
COD2_Alarms,CODE/L_SIMULATION/FB_SimBench.st,488,ECRITURE,Winch.COD2_Alarms              := 0;
COD2_Warnings,CODE/L_SIMULATION/FB_SimBench.st,489,ECRITURE,Winch.COD2_Warnings            := 0;
BrakeFaultCloseWhileRunning,CODE/L_SIMULATION/FB_SimBench.st,578,ECRITURE,"BrakeFaultCloseWhileRunning := SimM3BrakeFaultCloseWhileRunning,"
SimM3BrakeFaultCloseWhileRunning,CODE/L_SIMULATION/FB_SimBench.st,578,LECTURE,"BrakeFaultCloseWhileRunning := SimM3BrakeFaultCloseWhileRunning,"
BrakeFaultCloseDelay_S,CODE/L_SIMULATION/FB_SimBench.st,579,ECRITURE,"BrakeFaultCloseDelay_S := SimM3BrakeFaultCloseDelayS,"
SimM3BrakeFaultCloseDelayS,CODE/L_SIMULATION/FB_SimBench.st,579,LECTURE,"BrakeFaultCloseDelay_S := SimM3BrakeFaultCloseDelayS,"
M3BrakeFaultCloseActive,CODE/L_SIMULATION/FB_SimBench.st,583,ECRITURE,M3BrakeFaultCloseActive := instSimTranslation.BrakeFaultCloseActive;
BrakeFaultCloseActive,CODE/L_SIMULATION/FB_SimBench.st,583,LECTURE,M3BrakeFaultCloseActive := instSimTranslation.BrakeFaultCloseActive;
SimM3BrakeFaultCloseWhileRunning,CODE/L_SIMULATION/GVL_Simulation.st,67,LECTURE,SimM3BrakeFaultCloseWhileRunning : BOOL := FALSE;
SimM3BrakeFaultCloseDelayS,CODE/L_SIMULATION/GVL_Simulation.st,68,LECTURE,SimM3BrakeFaultCloseDelayS       : REAL := 0.0;
SimWinchElectricalDiagnosticsActive,CODE/L_SIMULATION/GVL_Simulation.st,101,LECTURE,SimWinchElectricalDiagnosticsActive : BOOL := TRUE;
SimM2TensionedCableFaultInject,CODE/L_SIMULATION/GVL_Simulation.st,109,LECTURE,SimM2TensionedCableFaultInject      : BOOL := FALSE;
instDiagCanOpen,CODE/M_MAIN/PRG_02_Acquisition.st,31,LECTURE,instDiagCanOpen          : FB_Diag_CanOpen;
instDiagEthercat,CODE/M_MAIN/PRG_02_Acquisition.st,32,LECTURE,instDiagEthercat         : FB_Diag_Ethercat;
instAutoResetTransientDiag,CODE/M_MAIN/PRG_02_Acquisition.st,33,LECTURE,instAutoResetTransientDiag : FB_AutoResetTransientDiag;
COD1_Alarms,CODE/M_MAIN/PRG_02_Acquisition.st,158,ECRITURE,HwReal.Winch.COD1_Alarms              := COD1_Alarms;
COD1_Alarms,CODE/M_MAIN/PRG_02_Acquisition.st,158,LECTURE,HwReal.Winch.COD1_Alarms              := COD1_Alarms;
COD1_Warnings,CODE/M_MAIN/PRG_02_Acquisition.st,159,ECRITURE,HwReal.Winch.COD1_Warnings            := COD1_Warnings;
COD1_Warnings,CODE/M_MAIN/PRG_02_Acquisition.st,159,LECTURE,HwReal.Winch.COD1_Warnings            := COD1_Warnings;
COD2_Alarms,CODE/M_MAIN/PRG_02_Acquisition.st,164,ECRITURE,HwReal.Winch.COD2_Alarms              := COD2_Alarms;
COD2_Alarms,CODE/M_MAIN/PRG_02_Acquisition.st,164,LECTURE,HwReal.Winch.COD2_Alarms              := COD2_Alarms;
COD2_Warnings,CODE/M_MAIN/PRG_02_Acquisition.st,165,ECRITURE,HwReal.Winch.COD2_Warnings            := COD2_Warnings;
COD2_Warnings,CODE/M_MAIN/PRG_02_Acquisition.st,165,LECTURE,HwReal.Winch.COD2_Warnings            := COD2_Warnings;
Fault,CODE/M_MAIN/PRG_02_Acquisition.st,216,ECRITURE,Data.InputModules.Fault := NOT (Data.InputModules.LocalDigitalIoOk AND Data.InputModules.Vh0800EndOk AND Data.InputModules.Vh0808EtpOk AND Data.InputModules.Vh0008ErOk AND Data.InputModules.Vh0008Er1O
instAutoResetTransientDiag,CODE/M_MAIN/PRG_02_Acquisition.st,228,LECTURE,instAutoResetTransientDiag(
DiagnosticsStable,CODE/M_MAIN/PRG_02_Acquisition.st,239,ECRITURE,DiagnosticsStable        := instDiagEthercat.DeviceEthercatMaster.Operational
instDiagEthercat,CODE/M_MAIN/PRG_02_Acquisition.st,239,LECTURE,DiagnosticsStable        := instDiagEthercat.DeviceEthercatMaster.Operational
instDiagCanOpen,CODE/M_MAIN/PRG_02_Acquisition.st,240,LECTURE,AND instDiagCanOpen.DeviceCanOpenMaster.Operational
instDiagCanOpen,CODE/M_MAIN/PRG_02_Acquisition.st,246,LECTURE,instDiagCanOpen(
FaultMachineReset_IHM,CODE/M_MAIN/PRG_02_Acquisition.st,248,LECTURE,"Reset                  := PRG_07_Supervision.FaultMachineReset_IHM,"
instAutoResetTransientDiag,CODE/M_MAIN/PRG_02_Acquisition.st,249,LECTURE,"ResetTransient         := instAutoResetTransientDiag.ResetPulse,"
instDiagEthercat,CODE/M_MAIN/PRG_02_Acquisition.st,257,LECTURE,instDiagEthercat(
FaultMachineReset_IHM,CODE/M_MAIN/PRG_02_Acquisition.st,259,LECTURE,"Reset                    := PRG_07_Supervision.FaultMachineReset_IHM,"
instAutoResetTransientDiag,CODE/M_MAIN/PRG_02_Acquisition.st,260,LECTURE,"ResetTransient           := instAutoResetTransientDiag.ResetPulse,"
instDiagCanOpen,CODE/M_MAIN/PRG_02_Acquisition.st,277,LECTURE,Data.Network.CanOpenMaster   := instDiagCanOpen.DeviceCanOpenMaster;
instDiagCanOpen,CODE/M_MAIN/PRG_02_Acquisition.st,278,LECTURE,Data.Network.Joystick        := instDiagCanOpen.DeviceJoystick;
instDiagEthercat,CODE/M_MAIN/PRG_02_Acquisition.st,279,LECTURE,Data.Network.EthercatMaster  := instDiagEthercat.DeviceEthercatMaster;
instDiagEthercat,CODE/M_MAIN/PRG_02_Acquisition.st,280,LECTURE,Data.Network.EncoderM1       := instDiagEthercat.DeviceEncoderM1;
instDiagEthercat,CODE/M_MAIN/PRG_02_Acquisition.st,281,LECTURE,Data.Network.EncoderM2       := instDiagEthercat.DeviceEncoderM2;
instDiagEthercat,CODE/M_MAIN/PRG_02_Acquisition.st,282,LECTURE,Data.Network.DriveM3         := instDiagEthercat.DeviceVariateur;
SimWinchElectricalDiagnosticsActive,CODE/M_MAIN/PRG_02_Acquisition.st,350,ECRITURE,"SimWinchElectricalDiagnosticsActive := GVL_Simulation.SimWinchElectricalDiagnosticsActive,"
SimWinchElectricalDiagnosticsActive,CODE/M_MAIN/PRG_02_Acquisition.st,350,LECTURE,"SimWinchElectricalDiagnosticsActive := GVL_Simulation.SimWinchElectricalDiagnosticsActive,"
SimM2TensionedCableFaultInject,CODE/M_MAIN/PRG_02_Acquisition.st,357,ECRITURE,"SimM2TensionedCableFaultInject := GVL_Simulation.SimM2TensionedCableFaultInject,"
SimM2TensionedCableFaultInject,CODE/M_MAIN/PRG_02_Acquisition.st,357,LECTURE,"SimM2TensionedCableFaultInject := GVL_Simulation.SimM2TensionedCableFaultInject,"
SimM3BrakeFaultCloseWhileRunning,CODE/M_MAIN/PRG_02_Acquisition.st,371,ECRITURE,"SimM3BrakeFaultCloseWhileRunning := GVL_Simulation.SimM3BrakeFaultCloseWhileRunning,"
SimM3BrakeFaultCloseWhileRunning,CODE/M_MAIN/PRG_02_Acquisition.st,371,LECTURE,"SimM3BrakeFaultCloseWhileRunning := GVL_Simulation.SimM3BrakeFaultCloseWhileRunning,"
SimM3BrakeFaultCloseDelayS,CODE/M_MAIN/PRG_02_Acquisition.st,372,ECRITURE,"SimM3BrakeFaultCloseDelayS       := GVL_Simulation.SimM3BrakeFaultCloseDelayS,"
SimM3BrakeFaultCloseDelayS,CODE/M_MAIN/PRG_02_Acquisition.st,372,LECTURE,"SimM3BrakeFaultCloseDelayS       := GVL_Simulation.SimM3BrakeFaultCloseDelayS,"
FaultMachineReset_IHM,CODE/M_MAIN/PRG_02_Acquisition.st,460,LECTURE,"Reset                     := PRG_07_Supervision.FaultMachineReset_IHM,"
instDiagCanOpen,CODE/M_MAIN/PRG_02_Acquisition.st,479,LECTURE,"BusCanOpenOP              := instDiagCanOpen.DeviceCanOpenMaster,"
instDiagCanOpen,CODE/M_MAIN/PRG_02_Acquisition.st,480,LECTURE,"JoystickOP                := instDiagCanOpen.DeviceJoystick,"
Fault,CODE/M_MAIN/PRG_02_Acquisition.st,497,ECRITURE,Data.Joystick.Fault              := instJoystick.Fault;
Fault,CODE/M_MAIN/PRG_02_Acquisition.st,497,LECTURE,Data.Joystick.Fault              := instJoystick.Fault;
HomingError,CODE/M_MAIN/PRG_02_Acquisition.st,514,ECRITURE,MachineHomingM1Status.HomingError      := Data.EncoderM1.Measurement.HomingFault.Error;
HomingFault,CODE/M_MAIN/PRG_02_Acquisition.st,514,LECTURE,MachineHomingM1Status.HomingError      := Data.EncoderM1.Measurement.HomingFault.Error;
Error,CODE/M_MAIN/PRG_02_Acquisition.st,514,LECTURE,MachineHomingM1Status.HomingError      := Data.EncoderM1.Measurement.HomingFault.Error;
HomingError,CODE/M_MAIN/PRG_02_Acquisition.st,518,ECRITURE,MachineHomingM2Status.HomingError      := Data.EncoderM2.Measurement.HomingFault.Error;
HomingFault,CODE/M_MAIN/PRG_02_Acquisition.st,518,LECTURE,MachineHomingM2Status.HomingError      := Data.EncoderM2.Measurement.HomingFault.Error;
Error,CODE/M_MAIN/PRG_02_Acquisition.st,518,LECTURE,MachineHomingM2Status.HomingError      := Data.EncoderM2.Measurement.HomingFault.Error;
FaultMachineReset_IHM,CODE/M_MAIN/PRG_02_Acquisition.st,551,LECTURE,"Reset                      := PRG_07_Supervision.FaultMachineReset_IHM OR GVL_IHM.CycleMachineHoming.Cmd.BtnAbort,"
AlarmsIn,CODE/M_MAIN/PRG_02_Acquisition.st,598,ECRITURE,HwInM1.AlarmsIn          := HwIn.Winch.COD1_Alarms;
COD1_Alarms,CODE/M_MAIN/PRG_02_Acquisition.st,598,LECTURE,HwInM1.AlarmsIn          := HwIn.Winch.COD1_Alarms;
WarningsIn,CODE/M_MAIN/PRG_02_Acquisition.st,599,ECRITURE,HwInM1.WarningsIn        := HwIn.Winch.COD1_Warnings;
COD1_Warnings,CODE/M_MAIN/PRG_02_Acquisition.st,599,LECTURE,HwInM1.WarningsIn        := HwIn.Winch.COD1_Warnings;
instDiagEthercat,CODE/M_MAIN/PRG_02_Acquisition.st,600,LECTURE,HwInM1.SlaveOperational  := instDiagEthercat.DeviceEncoderM1.Operational;
FaultMachineReset_IHM,CODE/M_MAIN/PRG_02_Acquisition.st,604,LECTURE,"Reset                 := PRG_07_Supervision.FaultMachineReset_IHM,"
Fault,CODE/M_MAIN/PRG_02_Acquisition.st,636,ECRITURE,Data.EncoderM1.Fault                    := instEncoderM1.Fault;
Fault,CODE/M_MAIN/PRG_02_Acquisition.st,636,LECTURE,Data.EncoderM1.Fault                    := instEncoderM1.Fault;
EncoderFault,CODE/M_MAIN/PRG_02_Acquisition.st,639,ECRITURE,Data.EncoderM1.EncoderFault             := instEncoderM1.EncoderFault;
EncoderFault,CODE/M_MAIN/PRG_02_Acquisition.st,639,LECTURE,Data.EncoderM1.EncoderFault             := instEncoderM1.EncoderFault;
AlarmsIn,CODE/M_MAIN/PRG_02_Acquisition.st,653,ECRITURE,HwInM2.AlarmsIn          := HwIn.Winch.COD2_Alarms;
COD2_Alarms,CODE/M_MAIN/PRG_02_Acquisition.st,653,LECTURE,HwInM2.AlarmsIn          := HwIn.Winch.COD2_Alarms;
WarningsIn,CODE/M_MAIN/PRG_02_Acquisition.st,654,ECRITURE,HwInM2.WarningsIn        := HwIn.Winch.COD2_Warnings;
COD2_Warnings,CODE/M_MAIN/PRG_02_Acquisition.st,654,LECTURE,HwInM2.WarningsIn        := HwIn.Winch.COD2_Warnings;
instDiagEthercat,CODE/M_MAIN/PRG_02_Acquisition.st,655,LECTURE,HwInM2.SlaveOperational  := instDiagEthercat.DeviceEncoderM2.Operational;
FaultMachineReset_IHM,CODE/M_MAIN/PRG_02_Acquisition.st,659,LECTURE,"Reset                 := PRG_07_Supervision.FaultMachineReset_IHM,"
Fault,CODE/M_MAIN/PRG_02_Acquisition.st,691,ECRITURE,Data.EncoderM2.Fault                    := instEncoderM2.Fault;
Fault,CODE/M_MAIN/PRG_02_Acquisition.st,691,LECTURE,Data.EncoderM2.Fault                    := instEncoderM2.Fault;
EncoderFault,CODE/M_MAIN/PRG_02_Acquisition.st,694,ECRITURE,Data.EncoderM2.EncoderFault             := instEncoderM2.EncoderFault;
EncoderFault,CODE/M_MAIN/PRG_02_Acquisition.st,694,LECTURE,Data.EncoderM2.EncoderFault             := instEncoderM2.EncoderFault;
Fault,CODE/M_MAIN/PRG_02_Acquisition.st,714,LECTURE,Data.DataValid := NOT Data.InputModules.Fault
instDiagCanOpen,CODE/M_MAIN/PRG_02_Acquisition.st,715,LECTURE,AND instDiagCanOpen.Ready
instDiagEthercat,CODE/M_MAIN/PRG_02_Acquisition.st,716,LECTURE,AND instDiagEthercat.Ready;
EncoderFaultPresent,CODE/M_MAIN/PRG_03_Modes_Cycle.st,95,ECRITURE,"EncoderFaultPresent     := (PRG_02_Acquisition.HwIn.Winch.COD1_DeviceState <> DEVICE_STATE.RUNNING) OR (PRG_02_Acquisition.HwIn.Winch.COD2_DeviceState <> DEVICE_STATE.RUNNING),"
FaultMachineReset_IHM,CODE/M_MAIN/PRG_03_Modes_Cycle.st,192,LECTURE,"Reset                   := GVL_IHM.CycleSemiAuto.Cmd.BtnReset OR PRG_07_Supervision.FaultMachineReset_IHM,"
EncoderFaultPresent,CODE/M_MAIN/PRG_03_Modes_Cycle.st,194,ECRITURE,"EncoderFaultPresent     := (PRG_02_Acquisition.HwIn.Winch.COD1_DeviceState <> DEVICE_STATE.RUNNING) OR (PRG_02_Acquisition.HwIn.Winch.COD2_DeviceState <> DEVICE_STATE.RUNNING),"
ResumeAfterFault,CODE/M_MAIN/PRG_03_Modes_Cycle.st,208,ECRITURE,"ResumeAfterFault        := GVL_IHM.CycleSemiAuto.Cmd.BtnResumeAfterFault,"
BtnResumeAfterFault,CODE/M_MAIN/PRG_03_Modes_Cycle.st,208,LECTURE,"ResumeAfterFault        := GVL_IHM.CycleSemiAuto.Cmd.BtnResumeAfterFault,"
WinchSyncError,CODE/M_MAIN/PRG_03_Modes_Cycle.st,215,ECRITURE,"WinchSyncError          := PRG_04_Treuils_Benne.Data.WinchSyncError,"
WinchSyncError,CODE/M_MAIN/PRG_03_Modes_Cycle.st,215,LECTURE,"WinchSyncError          := PRG_04_Treuils_Benne.Data.WinchSyncError,"
ModesFault,CODE/M_MAIN/PRG_03_Modes_Cycle.st,294,ECRITURE,Data.ModesFault := instModes.Fault;
Fault,CODE/M_MAIN/PRG_03_Modes_Cycle.st,294,LECTURE,Data.ModesFault := instModes.Fault;
Fault,CODE/M_MAIN/PRG_03_Modes_Cycle.st,342,ECRITURE,Data.SequenceState.Fault                  := instCycleSemiAuto.Fault;
Fault,CODE/M_MAIN/PRG_03_Modes_Cycle.st,342,LECTURE,Data.SequenceState.Fault                  := instCycleSemiAuto.Fault;
StepAtFault,CODE/M_MAIN/PRG_03_Modes_Cycle.st,345,ECRITURE,Data.SequenceState.StepAtFault            := instCycleSemiAuto.CycleStepAtError;
CycleStepAtError,CODE/M_MAIN/PRG_03_Modes_Cycle.st,345,LECTURE,Data.SequenceState.StepAtFault            := instCycleSemiAuto.CycleStepAtError;
M1SpeedStepAtFault,CODE/M_MAIN/PRG_03_Modes_Cycle.st,346,ECRITURE,Data.SequenceState.M1SpeedStepAtFault     := instCycleSemiAuto.M1SpeedStepAtFault;
M1SpeedStepAtFault,CODE/M_MAIN/PRG_03_Modes_Cycle.st,346,LECTURE,Data.SequenceState.M1SpeedStepAtFault     := instCycleSemiAuto.M1SpeedStepAtFault;
M2SpeedStepAtFault,CODE/M_MAIN/PRG_03_Modes_Cycle.st,347,ECRITURE,Data.SequenceState.M2SpeedStepAtFault     := instCycleSemiAuto.M2SpeedStepAtFault;
M2SpeedStepAtFault,CODE/M_MAIN/PRG_03_Modes_Cycle.st,347,LECTURE,Data.SequenceState.M2SpeedStepAtFault     := instCycleSemiAuto.M2SpeedStepAtFault;
ResumeAfterFaultAvailable,CODE/M_MAIN/PRG_03_Modes_Cycle.st,348,ECRITURE,Data.SequenceState.ResumeAfterFaultAvailable := instCycleSemiAuto.ResumeAfterFaultAvailable;
ResumeAfterFaultAvailable,CODE/M_MAIN/PRG_03_Modes_Cycle.st,348,LECTURE,Data.SequenceState.ResumeAfterFaultAvailable := instCycleSemiAuto.ResumeAfterFaultAvailable;
ForceStepRejected,CODE/M_MAIN/PRG_03_Modes_Cycle.st,368,ECRITURE,Data.SequenceState.ForceStepRejected      := instCycleSemiAuto.ForceStepRejected;
ForceStepRejected,CODE/M_MAIN/PRG_03_Modes_Cycle.st,368,LECTURE,Data.SequenceState.ForceStepRejected      := instCycleSemiAuto.ForceStepRejected;
Fault,CODE/M_MAIN/PRG_03_Modes_Cycle.st,443,LECTURE,Data.SequenceState.Fault.Error            := FALSE;
Error,CODE/M_MAIN/PRG_03_Modes_Cycle.st,443,ECRITURE_FALSE,Data.SequenceState.Fault.Error            := FALSE;
Fault,CODE/M_MAIN/PRG_03_Modes_Cycle.st,444,LECTURE,Data.SequenceState.Fault.ErrorId          := 0;
ErrorId,CODE/M_MAIN/PRG_03_Modes_Cycle.st,444,ECRITURE,Data.SequenceState.Fault.ErrorId          := 0;
Fault,CODE/M_MAIN/PRG_03_Modes_Cycle.st,445,LECTURE,Data.SequenceState.Fault.Latched          := FALSE;
Latched,CODE/M_MAIN/PRG_03_Modes_Cycle.st,445,ECRITURE_FALSE,Data.SequenceState.Fault.Latched          := FALSE;
StepAtFault,CODE/M_MAIN/PRG_03_Modes_Cycle.st,448,ECRITURE,Data.SequenceState.StepAtFault            := E_AutoCycleStep.AX0_REPOS;
M1SpeedStepAtFault,CODE/M_MAIN/PRG_03_Modes_Cycle.st,449,ECRITURE,Data.SequenceState.M1SpeedStepAtFault     := 0;
M2SpeedStepAtFault,CODE/M_MAIN/PRG_03_Modes_Cycle.st,450,ECRITURE,Data.SequenceState.M2SpeedStepAtFault     := 0;
ResumeAfterFaultAvailable,CODE/M_MAIN/PRG_03_Modes_Cycle.st,451,ECRITURE_FALSE,Data.SequenceState.ResumeAfterFaultAvailable := FALSE;
ForceStepRejected,CODE/M_MAIN/PRG_03_Modes_Cycle.st,469,ECRITURE_FALSE,Data.SequenceState.ForceStepRejected      := FALSE;
Fault,CODE/M_MAIN/PRG_03_Modes_Cycle.st,517,LECTURE,Data.SequenceState.Fault.Error             := FALSE;
Error,CODE/M_MAIN/PRG_03_Modes_Cycle.st,517,ECRITURE_FALSE,Data.SequenceState.Fault.Error             := FALSE;
Fault,CODE/M_MAIN/PRG_03_Modes_Cycle.st,518,LECTURE,Data.SequenceState.Fault.ErrorId           := 0;
ErrorId,CODE/M_MAIN/PRG_03_Modes_Cycle.st,518,ECRITURE,Data.SequenceState.Fault.ErrorId           := 0;
Fault,CODE/M_MAIN/PRG_03_Modes_Cycle.st,519,LECTURE,Data.SequenceState.Fault.Latched           := FALSE;
Latched,CODE/M_MAIN/PRG_03_Modes_Cycle.st,519,ECRITURE_FALSE,Data.SequenceState.Fault.Latched           := FALSE;
StepAtFault,CODE/M_MAIN/PRG_03_Modes_Cycle.st,522,ECRITURE,Data.SequenceState.StepAtFault             := E_AutoCycleStep.AX0_REPOS;
M1SpeedStepAtFault,CODE/M_MAIN/PRG_03_Modes_Cycle.st,523,ECRITURE,Data.SequenceState.M1SpeedStepAtFault      := 0;
M2SpeedStepAtFault,CODE/M_MAIN/PRG_03_Modes_Cycle.st,524,ECRITURE,Data.SequenceState.M2SpeedStepAtFault      := 0;
ResumeAfterFaultAvailable,CODE/M_MAIN/PRG_03_Modes_Cycle.st,525,ECRITURE_FALSE,Data.SequenceState.ResumeAfterFaultAvailable := FALSE;
ForceStepRejected,CODE/M_MAIN/PRG_03_Modes_Cycle.st,545,ECRITURE_FALSE,Data.SequenceState.ForceStepRejected       := FALSE;
BothBlockReason,CODE/M_MAIN/PRG_04_Treuils_Benne.st,188,LECTURE,BothBlockReason         : E_WinchTraceBlockReason;
KoboldBottomTouchLatched,CODE/M_MAIN/PRG_04_Treuils_Benne.st,196,LECTURE,KoboldBottomTouchLatched: BOOL;
FaultMachineReset_IHM,CODE/M_MAIN/PRG_04_Treuils_Benne.st,342,LECTURE,"Reset               := PRG_07_Supervision.FaultMachineReset_IHM,"
Fault,CODE/M_MAIN/PRG_04_Treuils_Benne.st,454,LECTURE,((instSafetyWinchM1.Fault.ErrorId AND 16#0008) <> 16#0000) OR
ErrorId,CODE/M_MAIN/PRG_04_Treuils_Benne.st,454,LECTURE,((instSafetyWinchM1.Fault.ErrorId AND 16#0008) <> 16#0000) OR
Fault,CODE/M_MAIN/PRG_04_Treuils_Benne.st,455,LECTURE,((instSafetyWinchM2.Fault.ErrorId AND 16#0008) <> 16#0000) OR
ErrorId,CODE/M_MAIN/PRG_04_Treuils_Benne.st,455,LECTURE,((instSafetyWinchM2.Fault.ErrorId AND 16#0008) <> 16#0000) OR
Fault,CODE/M_MAIN/PRG_04_Treuils_Benne.st,459,LECTURE,SyncMinorDeviation := (instWinchSync.Fault.ErrorId AND 16#0001) <> 16#0000;
ErrorId,CODE/M_MAIN/PRG_04_Treuils_Benne.st,459,LECTURE,SyncMinorDeviation := (instWinchSync.Fault.ErrorId AND 16#0001) <> 16#0000;
FaultMachineReset_IHM,CODE/M_MAIN/PRG_04_Treuils_Benne.st,638,LECTURE,"Reset           := PRG_07_Supervision.FaultMachineReset_IHM,"
Fault,CODE/M_MAIN/PRG_04_Treuils_Benne.st,713,LECTURE,SafeStopM1_Raw      := WinchContactorMismatchLvl1 OR instBucket.M1SlipDetected OR PRG_02_Acquisition.Data.InputModules.Fault
Fault,CODE/M_MAIN/PRG_04_Treuils_Benne.st,715,LECTURE,SafeStopM2_Raw      := WinchContactorMismatchLvl1 OR PRG_02_Acquisition.Data.InputModules.Fault
KoboldBottomTouchLatched,CODE/M_MAIN/PRG_04_Treuils_Benne.st,726,ECRITURE_FALSE,KoboldBottomTouchLatched := FALSE;
KoboldBottomTouchLatched,CODE/M_MAIN/PRG_04_Treuils_Benne.st,748,ECRITURE_TRUE,KoboldBottomTouchLatched := TRUE;
KoboldBottomTouchLatched,CODE/M_MAIN/PRG_04_Treuils_Benne.st,771,LECTURE,ProcessPermitM1_Descend := NOT (KoboldBottomTouchLatched OR BypassKoboldBottomTouched) AND DescendPermitDiveBucketOpen;
KoboldBottomTouchLatched,CODE/M_MAIN/PRG_04_Treuils_Benne.st,785,LECTURE,ProcessPermitM2_Descend := NOT (KoboldBottomTouchLatched OR BypassKoboldBottomTouched)
FaultMachineReset_IHM,CODE/M_MAIN/PRG_04_Treuils_Benne.st,928,LECTURE,"Reset                  := PRG_07_Supervision.FaultMachineReset_IHM,"
EncoderFaultBypass,CODE/M_MAIN/PRG_04_Treuils_Benne.st,941,ECRITURE,"EncoderFaultBypass     := GVL_IHM.M1TreuilRetenue.Bypass.EncoderFault,"
EncoderFault,CODE/M_MAIN/PRG_04_Treuils_Benne.st,941,LECTURE,"EncoderFaultBypass     := GVL_IHM.M1TreuilRetenue.Bypass.EncoderFault,"
FaultMachineReset_IHM,CODE/M_MAIN/PRG_04_Treuils_Benne.st,998,LECTURE,"Reset                  := PRG_07_Supervision.FaultMachineReset_IHM,"
EncoderFaultBypass,CODE/M_MAIN/PRG_04_Treuils_Benne.st,1011,ECRITURE,"EncoderFaultBypass     := GVL_IHM.M2TreuilBenne.Bypass.EncoderFault,"
EncoderFault,CODE/M_MAIN/PRG_04_Treuils_Benne.st,1011,LECTURE,"EncoderFaultBypass     := GVL_IHM.M2TreuilBenne.Bypass.EncoderFault,"
Fault,CODE/M_MAIN/PRG_04_Treuils_Benne.st,1122,LECTURE,AND NOT instBucket.Fault.Error;
Error,CODE/M_MAIN/PRG_04_Treuils_Benne.st,1122,LECTURE,AND NOT instBucket.Fault.Error;
Fault,CODE/M_MAIN/PRG_04_Treuils_Benne.st,1127,LECTURE,AND NOT instBucket.Fault.Error;
Error,CODE/M_MAIN/PRG_04_Treuils_Benne.st,1127,LECTURE,AND NOT instBucket.Fault.Error;
BothBlockReason,CODE/M_MAIN/PRG_04_Treuils_Benne.st,1147,ECRITURE,BothBlockReason         := E_WinchTraceBlockReason.NONE;
BothBlockReason,CODE/M_MAIN/PRG_04_Treuils_Benne.st,1151,ECRITURE,BothBlockReason         := E_WinchTraceBlockReason.COUPLING_BLOCKED;
BothBlockReason,CODE/M_MAIN/PRG_04_Treuils_Benne.st,1154,ECRITURE,BothBlockReason         := E_WinchTraceBlockReason.NONE;
Fault,CODE/M_MAIN/PRG_04_Treuils_Benne.st,1164,LECTURE,ArmM1AscentAvail  := EffectivePermitM1_Ascent  AND NOT instSafetyWinchM1.Fault.Latched;
Latched,CODE/M_MAIN/PRG_04_Treuils_Benne.st,1164,LECTURE,ArmM1AscentAvail  := EffectivePermitM1_Ascent  AND NOT instSafetyWinchM1.Fault.Latched;
Fault,CODE/M_MAIN/PRG_04_Treuils_Benne.st,1165,LECTURE,ArmM1DescendAvail := EffectivePermitM1_Descend AND NOT instSafetyWinchM1.Fault.Latched;
Latched,CODE/M_MAIN/PRG_04_Treuils_Benne.st,1165,LECTURE,ArmM1DescendAvail := EffectivePermitM1_Descend AND NOT instSafetyWinchM1.Fault.Latched;
Fault,CODE/M_MAIN/PRG_04_Treuils_Benne.st,1166,LECTURE,ArmM2AscentAvail  := EffectivePermitM2_Ascent  AND NOT instSafetyWinchM2.Fault.Latched;
Latched,CODE/M_MAIN/PRG_04_Treuils_Benne.st,1166,LECTURE,ArmM2AscentAvail  := EffectivePermitM2_Ascent  AND NOT instSafetyWinchM2.Fault.Latched;
Fault,CODE/M_MAIN/PRG_04_Treuils_Benne.st,1167,LECTURE,ArmM2DescendAvail := EffectivePermitM2_Descend AND NOT instSafetyWinchM2.Fault.Latched;
Latched,CODE/M_MAIN/PRG_04_Treuils_Benne.st,1167,LECTURE,ArmM2DescendAvail := EffectivePermitM2_Descend AND NOT instSafetyWinchM2.Fault.Latched;
FaultMachineReset_IHM,CODE/M_MAIN/PRG_04_Treuils_Benne.st,1358,LECTURE,"Reset                   := PRG_07_Supervision.FaultMachineReset_IHM,"
FaultMachineReset_IHM,CODE/M_MAIN/PRG_04_Treuils_Benne.st,1370,LECTURE,"Reset                   := PRG_07_Supervision.FaultMachineReset_IHM,"
Fault,CODE/M_MAIN/PRG_04_Treuils_Benne.st,1406,LECTURE,AND NOT instWinchM1.Fault.Latched AND NOT instWinchM2.Fault.Latched;
Latched,CODE/M_MAIN/PRG_04_Treuils_Benne.st,1406,LECTURE,AND NOT instWinchM1.Fault.Latched AND NOT instWinchM2.Fault.Latched;
Fault,CODE/M_MAIN/PRG_04_Treuils_Benne.st,1406,LECTURE,AND NOT instWinchM1.Fault.Latched AND NOT instWinchM2.Fault.Latched;
Latched,CODE/M_MAIN/PRG_04_Treuils_Benne.st,1406,LECTURE,AND NOT instWinchM1.Fault.Latched AND NOT instWinchM2.Fault.Latched;
Fault,CODE/M_MAIN/PRG_04_Treuils_Benne.st,1407,LECTURE,IF WinchBothMotionActive AND (instWinchM2.DirectionChangePending OR instWinchM2.Fault.Latched) THEN
Latched,CODE/M_MAIN/PRG_04_Treuils_Benne.st,1407,LECTURE,IF WinchBothMotionActive AND (instWinchM2.DirectionChangePending OR instWinchM2.Fault.Latched) THEN
Fault,CODE/M_MAIN/PRG_04_Treuils_Benne.st,1442,LECTURE,M1WinchSensors.SpeedGuardReady    := NOT instWinchSync.Fault.Error;
Error,CODE/M_MAIN/PRG_04_Treuils_Benne.st,1442,LECTURE,M1WinchSensors.SpeedGuardReady    := NOT instWinchSync.Fault.Error;
FaultMachineReset_IHM,CODE/M_MAIN/PRG_04_Treuils_Benne.st,1459,LECTURE,"Reset                   := PRG_07_Supervision.FaultMachineReset_IHM,"
Fault,CODE/M_MAIN/PRG_04_Treuils_Benne.st,1499,LECTURE,IF WinchBothMotionActive AND (instWinchM1.DirectionChangePending OR instWinchM1.Fault.Latched) THEN
Latched,CODE/M_MAIN/PRG_04_Treuils_Benne.st,1499,LECTURE,IF WinchBothMotionActive AND (instWinchM1.DirectionChangePending OR instWinchM1.Fault.Latched) THEN
Fault,CODE/M_MAIN/PRG_04_Treuils_Benne.st,1510,LECTURE,M2WinchSensors.SpeedGuardReady    := NOT instWinchSync.Fault.Error;
Error,CODE/M_MAIN/PRG_04_Treuils_Benne.st,1510,LECTURE,M2WinchSensors.SpeedGuardReady    := NOT instWinchSync.Fault.Error;
FaultMachineReset_IHM,CODE/M_MAIN/PRG_04_Treuils_Benne.st,1525,LECTURE,"Reset                   := PRG_07_Supervision.FaultMachineReset_IHM,"
Fault,CODE/M_MAIN/PRG_04_Treuils_Benne.st,1542,LECTURE,AND NOT instWinchM1.Fault.Latched AND NOT instWinchM2.Fault.Latched;
Latched,CODE/M_MAIN/PRG_04_Treuils_Benne.st,1542,LECTURE,AND NOT instWinchM1.Fault.Latched AND NOT instWinchM2.Fault.Latched;
Fault,CODE/M_MAIN/PRG_04_Treuils_Benne.st,1542,LECTURE,AND NOT instWinchM1.Fault.Latched AND NOT instWinchM2.Fault.Latched;
Latched,CODE/M_MAIN/PRG_04_Treuils_Benne.st,1542,LECTURE,AND NOT instWinchM1.Fault.Latched AND NOT instWinchM2.Fault.Latched;
Fault,CODE/M_MAIN/PRG_04_Treuils_Benne.st,1554,LECTURE,StableForLearnM1 := (instWinchM1.StepNumber > 0) AND NOT instWinchM1.Fault.Error;
Error,CODE/M_MAIN/PRG_04_Treuils_Benne.st,1554,LECTURE,StableForLearnM1 := (instWinchM1.StepNumber > 0) AND NOT instWinchM1.Fault.Error;
Fault,CODE/M_MAIN/PRG_04_Treuils_Benne.st,1555,LECTURE,StableForLearnM2 := (instWinchM2.StepNumber > 0) AND NOT instWinchM2.Fault.Error;
Error,CODE/M_MAIN/PRG_04_Treuils_Benne.st,1555,LECTURE,StableForLearnM2 := (instWinchM2.StepNumber > 0) AND NOT instWinchM2.Fault.Error;
FaultMachineReset_IHM,CODE/M_MAIN/PRG_04_Treuils_Benne.st,1594,LECTURE,WinchM1FinalInterlockRequest.Reset := PRG_07_Supervision.FaultMachineReset_IHM;
FaultMachineReset_IHM,CODE/M_MAIN/PRG_04_Treuils_Benne.st,1615,LECTURE,WinchM2FinalInterlockRequest.Reset := PRG_07_Supervision.FaultMachineReset_IHM;
Error,CODE/M_MAIN/PRG_04_Treuils_Benne.st,1737,ECRITURE,SyncState.Error := instWinchSync.Fault.Error;
Fault,CODE/M_MAIN/PRG_04_Treuils_Benne.st,1737,LECTURE,SyncState.Error := instWinchSync.Fault.Error;
Error,CODE/M_MAIN/PRG_04_Treuils_Benne.st,1737,LECTURE,SyncState.Error := instWinchSync.Fault.Error;
ErrorId,CODE/M_MAIN/PRG_04_Treuils_Benne.st,1738,ECRITURE,SyncState.ErrorId := instWinchSync.Fault.ErrorId;
Fault,CODE/M_MAIN/PRG_04_Treuils_Benne.st,1738,LECTURE,SyncState.ErrorId := instWinchSync.Fault.ErrorId;
ErrorId,CODE/M_MAIN/PRG_04_Treuils_Benne.st,1738,LECTURE,SyncState.ErrorId := instWinchSync.Fault.ErrorId;
Fault,CODE/M_MAIN/PRG_04_Treuils_Benne.st,1739,LECTURE,IF instWinchSync.Fault.Error THEN
Error,CODE/M_MAIN/PRG_04_Treuils_Benne.st,1739,LECTURE,IF instWinchSync.Fault.Error THEN
Fault,CODE/M_MAIN/PRG_04_Treuils_Benne.st,1749,LECTURE,IF instBucket.Fault.Error THEN
Error,CODE/M_MAIN/PRG_04_Treuils_Benne.st,1749,LECTURE,IF instBucket.Fault.Error THEN
Error,CODE/M_MAIN/PRG_04_Treuils_Benne.st,1776,ECRITURE,BucketState.Error := instBucket.Fault.Error;
Fault,CODE/M_MAIN/PRG_04_Treuils_Benne.st,1776,LECTURE,BucketState.Error := instBucket.Fault.Error;
Error,CODE/M_MAIN/PRG_04_Treuils_Benne.st,1776,LECTURE,BucketState.Error := instBucket.Fault.Error;
ErrorId,CODE/M_MAIN/PRG_04_Treuils_Benne.st,1777,ECRITURE,BucketState.ErrorId := instBucket.Fault.ErrorId;
Fault,CODE/M_MAIN/PRG_04_Treuils_Benne.st,1777,LECTURE,BucketState.ErrorId := instBucket.Fault.ErrorId;
ErrorId,CODE/M_MAIN/PRG_04_Treuils_Benne.st,1777,LECTURE,BucketState.ErrorId := instBucket.Fault.ErrorId;
KoboldBottomTouchLatched,CODE/M_MAIN/PRG_04_Treuils_Benne.st,1798,ECRITURE,GVL_IHM.Commun.KoboldBottomTouchLatched := KoboldBottomTouchLatched;
KoboldBottomTouchLatched,CODE/M_MAIN/PRG_04_Treuils_Benne.st,1798,LECTURE,GVL_IHM.Commun.KoboldBottomTouchLatched := KoboldBottomTouchLatched;
Fault,CODE/M_MAIN/PRG_04_Treuils_Benne.st,1813,LECTURE,AND NOT instBucket.Fault.Error
Error,CODE/M_MAIN/PRG_04_Treuils_Benne.st,1813,LECTURE,AND NOT instBucket.Fault.Error
Fault,CODE/M_MAIN/PRG_04_Treuils_Benne.st,1844,LECTURE,TraceM1.SafeStopSourceInput    := PRG_02_Acquisition.Data.InputModules.Fault
Fault,CODE/M_MAIN/PRG_04_Treuils_Benne.st,1847,LECTURE,TraceM1.SafeStopSourceSync     := ((instWinchSync.Fault.ErrorId AND 16#0002) <> 16#0000)
ErrorId,CODE/M_MAIN/PRG_04_Treuils_Benne.st,1847,LECTURE,TraceM1.SafeStopSourceSync     := ((instWinchSync.Fault.ErrorId AND 16#0002) <> 16#0000)
FinalInterlockError,CODE/M_MAIN/PRG_04_Treuils_Benne.st,1852,ECRITURE,TraceM1.FinalInterlockError    := WinchM1State.FinalInterlockError;
FinalInterlockError,CODE/M_MAIN/PRG_04_Treuils_Benne.st,1852,LECTURE,TraceM1.FinalInterlockError    := WinchM1State.FinalInterlockError;
BlockReason,CODE/M_MAIN/PRG_04_Treuils_Benne.st,1857,ECRITURE,TraceM1.BlockReason := E_WinchTraceBlockReason.POWER_CUTOFF;
BlockReason,CODE/M_MAIN/PRG_04_Treuils_Benne.st,1859,ECRITURE,TraceM1.BlockReason := E_WinchTraceBlockReason.AXIS_DISABLED;
BlockReason,CODE/M_MAIN/PRG_04_Treuils_Benne.st,1861,ECRITURE,TraceM1.BlockReason := E_WinchTraceBlockReason.SAFESTOP;
Fault,CODE/M_MAIN/PRG_04_Treuils_Benne.st,1862,LECTURE,ELSIF instSafetyWinchM1.Fault.Error THEN
Error,CODE/M_MAIN/PRG_04_Treuils_Benne.st,1862,LECTURE,ELSIF instSafetyWinchM1.Fault.Error THEN
BlockReason,CODE/M_MAIN/PRG_04_Treuils_Benne.st,1863,ECRITURE,TraceM1.BlockReason := E_WinchTraceBlockReason.SAFETY_FAULT;
BlockReason,CODE/M_MAIN/PRG_04_Treuils_Benne.st,1865,ECRITURE,TraceM1.BlockReason := E_WinchTraceBlockReason.SAFETY_PERMIT_MISSING;
BlockReason,CODE/M_MAIN/PRG_04_Treuils_Benne.st,1867,ECRITURE,TraceM1.BlockReason := E_WinchTraceBlockReason.PROCESS_PERMIT_MISSING;
BlockReason,CODE/M_MAIN/PRG_04_Treuils_Benne.st,1869,ECRITURE,TraceM1.BlockReason := E_WinchTraceBlockReason.COUPLING_BLOCKED;
Fault,CODE/M_MAIN/PRG_04_Treuils_Benne.st,1870,LECTURE,ELSIF instWinchM1.Fault.Error THEN
Error,CODE/M_MAIN/PRG_04_Treuils_Benne.st,1870,LECTURE,ELSIF instWinchM1.Fault.Error THEN
BlockReason,CODE/M_MAIN/PRG_04_Treuils_Benne.st,1871,ECRITURE,TraceM1.BlockReason := E_WinchTraceBlockReason.WINCH_FAULT;
FinalInterlockError,CODE/M_MAIN/PRG_04_Treuils_Benne.st,1872,LECTURE,ELSIF WinchM1State.FinalInterlockError THEN
BlockReason,CODE/M_MAIN/PRG_04_Treuils_Benne.st,1873,ECRITURE,TraceM1.BlockReason := E_WinchTraceBlockReason.FINAL_INTERLOCK_BLOCKED;
BlockReason,CODE/M_MAIN/PRG_04_Treuils_Benne.st,1875,ECRITURE,TraceM1.BlockReason := E_WinchTraceBlockReason.NONE;
BlockReason,CODE/M_MAIN/PRG_04_Treuils_Benne.st,1877,LECTURE,IF TraceM1.BlockReason <> TraceM1_PrevReason THEN
BlockReasonTimestamp,CODE/M_MAIN/PRG_04_Treuils_Benne.st,1878,ECRITURE,TraceM1.BlockReasonTimestamp := TIME_TO_UDINT(TIME());
BlockReason,CODE/M_MAIN/PRG_04_Treuils_Benne.st,1880,LECTURE,TraceM1_PrevReason := TraceM1.BlockReason;
Fault,CODE/M_MAIN/PRG_04_Treuils_Benne.st,1891,LECTURE,TraceM2.SafeStopSourceInput    := PRG_02_Acquisition.Data.InputModules.Fault
Fault,CODE/M_MAIN/PRG_04_Treuils_Benne.st,1893,LECTURE,TraceM2.SafeStopSourceSync     := ((instWinchSync.Fault.ErrorId AND 16#0002) <> 16#0000)
ErrorId,CODE/M_MAIN/PRG_04_Treuils_Benne.st,1893,LECTURE,TraceM2.SafeStopSourceSync     := ((instWinchSync.Fault.ErrorId AND 16#0002) <> 16#0000)
FinalInterlockError,CODE/M_MAIN/PRG_04_Treuils_Benne.st,1898,ECRITURE,TraceM2.FinalInterlockError    := WinchM2State.FinalInterlockError;
FinalInterlockError,CODE/M_MAIN/PRG_04_Treuils_Benne.st,1898,LECTURE,TraceM2.FinalInterlockError    := WinchM2State.FinalInterlockError;
BlockReason,CODE/M_MAIN/PRG_04_Treuils_Benne.st,1903,ECRITURE,TraceM2.BlockReason := E_WinchTraceBlockReason.POWER_CUTOFF;
BlockReason,CODE/M_MAIN/PRG_04_Treuils_Benne.st,1905,ECRITURE,TraceM2.BlockReason := E_WinchTraceBlockReason.AXIS_DISABLED;
BlockReason,CODE/M_MAIN/PRG_04_Treuils_Benne.st,1907,ECRITURE,TraceM2.BlockReason := E_WinchTraceBlockReason.SAFESTOP;
Fault,CODE/M_MAIN/PRG_04_Treuils_Benne.st,1908,LECTURE,ELSIF instSafetyWinchM2.Fault.Error THEN
Error,CODE/M_MAIN/PRG_04_Treuils_Benne.st,1908,LECTURE,ELSIF instSafetyWinchM2.Fault.Error THEN
BlockReason,CODE/M_MAIN/PRG_04_Treuils_Benne.st,1909,ECRITURE,TraceM2.BlockReason := E_WinchTraceBlockReason.SAFETY_FAULT;
BlockReason,CODE/M_MAIN/PRG_04_Treuils_Benne.st,1911,ECRITURE,TraceM2.BlockReason := E_WinchTraceBlockReason.SAFETY_PERMIT_MISSING;
BlockReason,CODE/M_MAIN/PRG_04_Treuils_Benne.st,1913,ECRITURE,TraceM2.BlockReason := E_WinchTraceBlockReason.PROCESS_PERMIT_MISSING;
BlockReason,CODE/M_MAIN/PRG_04_Treuils_Benne.st,1915,ECRITURE,TraceM2.BlockReason := E_WinchTraceBlockReason.COUPLING_BLOCKED;
Fault,CODE/M_MAIN/PRG_04_Treuils_Benne.st,1916,LECTURE,ELSIF instWinchM2.Fault.Error THEN
Error,CODE/M_MAIN/PRG_04_Treuils_Benne.st,1916,LECTURE,ELSIF instWinchM2.Fault.Error THEN
BlockReason,CODE/M_MAIN/PRG_04_Treuils_Benne.st,1917,ECRITURE,TraceM2.BlockReason := E_WinchTraceBlockReason.WINCH_FAULT;
FinalInterlockError,CODE/M_MAIN/PRG_04_Treuils_Benne.st,1918,LECTURE,ELSIF WinchM2State.FinalInterlockError THEN
BlockReason,CODE/M_MAIN/PRG_04_Treuils_Benne.st,1919,ECRITURE,TraceM2.BlockReason := E_WinchTraceBlockReason.FINAL_INTERLOCK_BLOCKED;
BlockReason,CODE/M_MAIN/PRG_04_Treuils_Benne.st,1921,ECRITURE,TraceM2.BlockReason := E_WinchTraceBlockReason.NONE;
BlockReason,CODE/M_MAIN/PRG_04_Treuils_Benne.st,1923,LECTURE,IF TraceM2.BlockReason <> TraceM2_PrevReason THEN
BlockReasonTimestamp,CODE/M_MAIN/PRG_04_Treuils_Benne.st,1924,ECRITURE,TraceM2.BlockReasonTimestamp := TIME_TO_UDINT(TIME());
BlockReason,CODE/M_MAIN/PRG_04_Treuils_Benne.st,1926,LECTURE,TraceM2_PrevReason := TraceM2.BlockReason;
AxisBlockReason,CODE/M_MAIN/PRG_04_Treuils_Benne.st,1931,ECRITURE,WinchM1State.AxisBlockReason := TraceM1.BlockReason;
BlockReason,CODE/M_MAIN/PRG_04_Treuils_Benne.st,1931,LECTURE,WinchM1State.AxisBlockReason := TraceM1.BlockReason;
AxisBlockReason,CODE/M_MAIN/PRG_04_Treuils_Benne.st,1932,ECRITURE,WinchM2State.AxisBlockReason := TraceM2.BlockReason;
BlockReason,CODE/M_MAIN/PRG_04_Treuils_Benne.st,1932,LECTURE,WinchM2State.AxisBlockReason := TraceM2.BlockReason;
WinchSyncError,CODE/M_MAIN/PRG_04_Treuils_Benne.st,1949,ECRITURE,Data.WinchSyncError               := instWinchSync.SyncDeviationFault
SyncDeviationFault,CODE/M_MAIN/PRG_04_Treuils_Benne.st,1949,LECTURE,Data.WinchSyncError               := instWinchSync.SyncDeviationFault
ErrorMecaE,CODE/M_MAIN/PRG_04_Treuils_Benne.st,1951,LECTURE,OR WinchM1Safety.ErrorMecaE
ErrorMecaE,CODE/M_MAIN/PRG_04_Treuils_Benne.st,1952,LECTURE,OR WinchM2Safety.ErrorMecaE;
BucketError,CODE/M_MAIN/PRG_04_Treuils_Benne.st,1959,ECRITURE,Data.BucketError                  := instBucket.Fault.Error;
Fault,CODE/M_MAIN/PRG_04_Treuils_Benne.st,1959,LECTURE,Data.BucketError                  := instBucket.Fault.Error;
Error,CODE/M_MAIN/PRG_04_Treuils_Benne.st,1959,LECTURE,Data.BucketError                  := instBucket.Fault.Error;
BothBlockReason,CODE/M_MAIN/PRG_04_Treuils_Benne.st,1979,ECRITURE,Data.BothBlockReason              := BothBlockReason;
BothBlockReason,CODE/M_MAIN/PRG_04_Treuils_Benne.st,1979,LECTURE,Data.BothBlockReason              := BothBlockReason;
Fault,CODE/M_MAIN/PRG_05_Translation.st,402,LECTURE,M3_SafeStop_Active := PRG_02_Acquisition.Data.InputModules.Fault;
FaultMachineReset_IHM,CODE/M_MAIN/PRG_05_Translation.st,441,LECTURE,"Reset                   := PRG_07_Supervision.FaultMachineReset_IHM,"
FaultMachineReset_IHM,CODE/M_MAIN/PRG_05_Translation.st,539,LECTURE,"Reset                   := PRG_07_Supervision.FaultMachineReset_IHM,"
FaultMachineReset_IHM,CODE/M_MAIN/PRG_05_Translation.st,577,LECTURE,"Reset                := PRG_07_Supervision.FaultMachineReset_IHM,"
FaultMachineReset_IHM,CODE/M_MAIN/PRG_05_Translation.st,640,LECTURE,TranslationFinalInterlockRequest.Reset := PRG_07_Supervision.FaultMachineReset_IHM;
Fault,CODE/M_MAIN/PRG_05_Translation.st,668,LECTURE,IF instTranslationM3.Fault.Error THEN
Error,CODE/M_MAIN/PRG_05_Translation.st,668,LECTURE,IF instTranslationM3.Fault.Error THEN
Error,CODE/M_MAIN/PRG_05_Translation.st,678,ECRITURE,TranslationState.Error := instTranslationM3.Fault.Error;
Fault,CODE/M_MAIN/PRG_05_Translation.st,678,LECTURE,TranslationState.Error := instTranslationM3.Fault.Error;
Error,CODE/M_MAIN/PRG_05_Translation.st,678,LECTURE,TranslationState.Error := instTranslationM3.Fault.Error;
ErrorId,CODE/M_MAIN/PRG_05_Translation.st,679,ECRITURE,TranslationState.ErrorId := instTranslationM3.Fault.ErrorId;
Fault,CODE/M_MAIN/PRG_05_Translation.st,679,LECTURE,TranslationState.ErrorId := instTranslationM3.Fault.ErrorId;
ErrorId,CODE/M_MAIN/PRG_05_Translation.st,679,LECTURE,TranslationState.ErrorId := instTranslationM3.Fault.ErrorId;
Fault,CODE/M_MAIN/PRG_05_Translation.st,719,LECTURE,IF PRG_06_Outputs.instTranslationOutputInterlockM3.Fault.Error THEN
Error,CODE/M_MAIN/PRG_05_Translation.st,719,LECTURE,IF PRG_06_Outputs.instTranslationOutputInterlockM3.Fault.Error THEN
FinalInterlockError,CODE/M_MAIN/PRG_05_Translation.st,725,ECRITURE,TranslationState.FinalInterlockError := PRG_06_Outputs.instTranslationOutputInterlockM3.Fault.Error;
Fault,CODE/M_MAIN/PRG_05_Translation.st,725,LECTURE,TranslationState.FinalInterlockError := PRG_06_Outputs.instTranslationOutputInterlockM3.Fault.Error;
Error,CODE/M_MAIN/PRG_05_Translation.st,725,LECTURE,TranslationState.FinalInterlockError := PRG_06_Outputs.instTranslationOutputInterlockM3.Fault.Error;
FinalInterlockErrorId,CODE/M_MAIN/PRG_05_Translation.st,726,ECRITURE,TranslationState.FinalInterlockErrorId := PRG_06_Outputs.instTranslationOutputInterlockM3.Fault.ErrorId;
Fault,CODE/M_MAIN/PRG_05_Translation.st,726,LECTURE,TranslationState.FinalInterlockErrorId := PRG_06_Outputs.instTranslationOutputInterlockM3.Fault.ErrorId;
ErrorId,CODE/M_MAIN/PRG_05_Translation.st,726,LECTURE,TranslationState.FinalInterlockErrorId := PRG_06_Outputs.instTranslationOutputInterlockM3.Fault.ErrorId;
Error,CODE/M_MAIN/PRG_05_Translation.st,739,ECRITURE,TranslationSafety.Error := instSafetyTranslationM3.Fault.Error;
Fault,CODE/M_MAIN/PRG_05_Translation.st,739,LECTURE,TranslationSafety.Error := instSafetyTranslationM3.Fault.Error;
Error,CODE/M_MAIN/PRG_05_Translation.st,739,LECTURE,TranslationSafety.Error := instSafetyTranslationM3.Fault.Error;
ErrorId,CODE/M_MAIN/PRG_05_Translation.st,740,ECRITURE,TranslationSafety.ErrorId := instSafetyTranslationM3.Fault.ErrorId;
Fault,CODE/M_MAIN/PRG_05_Translation.st,740,LECTURE,TranslationSafety.ErrorId := instSafetyTranslationM3.Fault.ErrorId;
ErrorId,CODE/M_MAIN/PRG_05_Translation.st,740,LECTURE,TranslationSafety.ErrorId := instSafetyTranslationM3.Fault.ErrorId;
LatchedId,CODE/M_MAIN/PRG_05_Translation.st,741,ECRITURE,TranslationSafety.LatchedId := instSafetyTranslationM3.Fault.LatchedId;
Fault,CODE/M_MAIN/PRG_05_Translation.st,741,LECTURE,TranslationSafety.LatchedId := instSafetyTranslationM3.Fault.LatchedId;
LatchedId,CODE/M_MAIN/PRG_05_Translation.st,741,LECTURE,TranslationSafety.LatchedId := instSafetyTranslationM3.Fault.LatchedId;
ErrorOperatorComm,CODE/M_MAIN/PRG_05_Translation.st,742,ECRITURE,TranslationSafety.ErrorOperatorComm := instSafetyTranslationM3.ErrorOperatorComm;
ErrorOperatorComm,CODE/M_MAIN/PRG_05_Translation.st,742,LECTURE,TranslationSafety.ErrorOperatorComm := instSafetyTranslationM3.ErrorOperatorComm;
ErrorDriveComm,CODE/M_MAIN/PRG_05_Translation.st,743,ECRITURE,TranslationSafety.ErrorDriveComm := instSafetyTranslationM3.ErrorDriveComm;
ErrorDriveComm,CODE/M_MAIN/PRG_05_Translation.st,743,LECTURE,TranslationSafety.ErrorDriveComm := instSafetyTranslationM3.ErrorDriveComm;
ErrorPhaseRotation,CODE/M_MAIN/PRG_05_Translation.st,744,ECRITURE,TranslationSafety.ErrorPhaseRotation := instSafetyTranslationM3.ErrorPhaseRotation;
ErrorPhaseRotation,CODE/M_MAIN/PRG_05_Translation.st,744,LECTURE,TranslationSafety.ErrorPhaseRotation := instSafetyTranslationM3.ErrorPhaseRotation;
ErrorBrakeThermal,CODE/M_MAIN/PRG_05_Translation.st,745,ECRITURE,TranslationSafety.ErrorBrakeThermal := instSafetyTranslationM3.ErrorBrakeThermal;
ErrorBrakeThermal,CODE/M_MAIN/PRG_05_Translation.st,745,LECTURE,TranslationSafety.ErrorBrakeThermal := instSafetyTranslationM3.ErrorBrakeThermal;
ErrorMecaB,CODE/M_MAIN/PRG_05_Translation.st,746,ECRITURE,TranslationSafety.ErrorMecaB := instSafetyTranslationM3.ErrorMecaB;
ErrorMecaB,CODE/M_MAIN/PRG_05_Translation.st,746,LECTURE,TranslationSafety.ErrorMecaB := instSafetyTranslationM3.ErrorMecaB;
ErrorMecaA,CODE/M_MAIN/PRG_05_Translation.st,747,ECRITURE,TranslationSafety.ErrorMecaA := instSafetyTranslationM3.ErrorMecaA;
ErrorMecaA,CODE/M_MAIN/PRG_05_Translation.st,747,LECTURE,TranslationSafety.ErrorMecaA := instSafetyTranslationM3.ErrorMecaA;
ErrorLimitSwitch,CODE/M_MAIN/PRG_05_Translation.st,748,ECRITURE,TranslationSafety.ErrorLimitSwitch := instSafetyTranslationM3.ErrorLimitSwitch;
ErrorLimitSwitch,CODE/M_MAIN/PRG_05_Translation.st,748,LECTURE,TranslationSafety.ErrorLimitSwitch := instSafetyTranslationM3.ErrorLimitSwitch;
ErrorSensorIncoherent,CODE/M_MAIN/PRG_05_Translation.st,749,ECRITURE,TranslationSafety.ErrorSensorIncoherent := instSafetyTranslationM3.ErrorSensorIncoherent;
ErrorSensorIncoherent,CODE/M_MAIN/PRG_05_Translation.st,749,LECTURE,TranslationSafety.ErrorSensorIncoherent := instSafetyTranslationM3.ErrorSensorIncoherent;
FinalInterlockError,CODE/M_MAIN/PRG_05_Translation.st,770,ECRITURE,TranslationTrace.FinalInterlockError      := TranslationState.FinalInterlockError;
FinalInterlockError,CODE/M_MAIN/PRG_05_Translation.st,770,LECTURE,TranslationTrace.FinalInterlockError      := TranslationState.FinalInterlockError;
FinalInterlockError,CODE/M_MAIN/PRG_05_Translation.st,781,LECTURE,AND NOT TranslationState.FinalInterlockError
Fault,CODE/M_MAIN/PRG_05_Translation.st,782,LECTURE,AND NOT instTranslationM3.Fault.Error;
Error,CODE/M_MAIN/PRG_05_Translation.st,782,LECTURE,AND NOT instTranslationM3.Fault.Error;
BlockReason,CODE/M_MAIN/PRG_05_Translation.st,785,ECRITURE,TranslationTrace.BlockReason := E_TranslationTraceBlockReason.POWER_CUTOFF;
BlockReason,CODE/M_MAIN/PRG_05_Translation.st,787,ECRITURE,TranslationTrace.BlockReason := E_TranslationTraceBlockReason.SAFESTOP;
Fault,CODE/M_MAIN/PRG_05_Translation.st,788,LECTURE,ELSIF instSafetyTranslationM3.Fault.Error THEN
Error,CODE/M_MAIN/PRG_05_Translation.st,788,LECTURE,ELSIF instSafetyTranslationM3.Fault.Error THEN
BlockReason,CODE/M_MAIN/PRG_05_Translation.st,789,ECRITURE,TranslationTrace.BlockReason := E_TranslationTraceBlockReason.SAFETY_FAULT;
BlockReason,CODE/M_MAIN/PRG_05_Translation.st,791,ECRITURE,TranslationTrace.BlockReason := E_TranslationTraceBlockReason.HEIGHT_INTERLOCK;
BlockReason,CODE/M_MAIN/PRG_05_Translation.st,793,ECRITURE,TranslationTrace.BlockReason := E_TranslationTraceBlockReason.DRIVE_UNAVAILABLE;
FinalInterlockError,CODE/M_MAIN/PRG_05_Translation.st,794,LECTURE,ELSIF TranslationState.FinalInterlockError THEN
BlockReason,CODE/M_MAIN/PRG_05_Translation.st,795,ECRITURE,TranslationTrace.BlockReason := E_TranslationTraceBlockReason.FINAL_INTERLOCK;
Fault,CODE/M_MAIN/PRG_05_Translation.st,796,LECTURE,ELSIF instTranslationM3.Fault.Error THEN
Error,CODE/M_MAIN/PRG_05_Translation.st,796,LECTURE,ELSIF instTranslationM3.Fault.Error THEN
BlockReason,CODE/M_MAIN/PRG_05_Translation.st,797,ECRITURE,TranslationTrace.BlockReason := E_TranslationTraceBlockReason.FAULT;
BlockReason,CODE/M_MAIN/PRG_05_Translation.st,799,ECRITURE,TranslationTrace.BlockReason := E_TranslationTraceBlockReason.NONE;
BlockReason,CODE/M_MAIN/PRG_05_Translation.st,801,LECTURE,IF TranslationTrace.BlockReason <> TraceTranslation_PrevReason THEN
BlockReasonTimestamp,CODE/M_MAIN/PRG_05_Translation.st,802,ECRITURE,TranslationTrace.BlockReasonTimestamp := TIME_TO_UDINT(TIME());
BlockReason,CODE/M_MAIN/PRG_05_Translation.st,804,LECTURE,TraceTranslation_PrevReason := TranslationTrace.BlockReason;
AxisBlockReason,CODE/M_MAIN/PRG_05_Translation.st,808,ECRITURE,TranslationState.AxisBlockReason := TranslationTrace.BlockReason;
BlockReason,CODE/M_MAIN/PRG_05_Translation.st,808,LECTURE,TranslationState.AxisBlockReason := TranslationTrace.BlockReason;
EmergencyDiag,CODE/M_MAIN/PRG_06_Outputs.st,25,LECTURE,EmergencyDiag                : ST_Safety_Emergency_Diag;
EmergencyFault,CODE/M_MAIN/PRG_06_Outputs.st,28,LECTURE,EmergencyFault               : ST_Fault;
ErrorMecaA,CODE/M_MAIN/PRG_06_Outputs.st,132,LECTURE,OR PRG_04_Treuils_Benne.Data.WinchM1Safety.ErrorMecaA
ErrorMecaB,CODE/M_MAIN/PRG_06_Outputs.st,133,LECTURE,OR PRG_04_Treuils_Benne.Data.WinchM1Safety.ErrorMecaB
ErrorMecaC,CODE/M_MAIN/PRG_06_Outputs.st,134,LECTURE,OR PRG_04_Treuils_Benne.Data.WinchM1Safety.ErrorMecaC
ErrorMecaD,CODE/M_MAIN/PRG_06_Outputs.st,135,LECTURE,OR PRG_04_Treuils_Benne.Data.WinchM1Safety.ErrorMecaD
ErrorMecaE,CODE/M_MAIN/PRG_06_Outputs.st,136,LECTURE,OR PRG_04_Treuils_Benne.Data.WinchM1Safety.ErrorMecaE
ThermalFault,CODE/M_MAIN/PRG_06_Outputs.st,137,LECTURE,OR PRG_04_Treuils_Benne.Data.WinchM1Safety.ThermalFault;
Error,CODE/M_MAIN/PRG_06_Outputs.st,140,LECTURE,OR PRG_04_Treuils_Benne.Data.WinchM1Safety.Error
ErrorOperatorComm,CODE/M_MAIN/PRG_06_Outputs.st,141,LECTURE,OR PRG_04_Treuils_Benne.Data.WinchM1Safety.ErrorOperatorComm
ErrorEncoder,CODE/M_MAIN/PRG_06_Outputs.st,142,LECTURE,OR PRG_04_Treuils_Benne.Data.WinchM1Safety.ErrorEncoder
ErrorPhaseRotation,CODE/M_MAIN/PRG_06_Outputs.st,143,LECTURE,OR PRG_04_Treuils_Benne.Data.WinchM1Safety.ErrorPhaseRotation
ErrorOppositeDir,CODE/M_MAIN/PRG_06_Outputs.st,144,LECTURE,OR PRG_04_Treuils_Benne.Data.WinchM1Safety.ErrorOppositeDir
ErrorNoMovement,CODE/M_MAIN/PRG_06_Outputs.st,145,LECTURE,OR PRG_04_Treuils_Benne.Data.WinchM1Safety.ErrorNoMovement;
FaultMachineReset_IHM,CODE/M_MAIN/PRG_06_Outputs.st,151,LECTURE,"Reset                      := PRG_07_Supervision.FaultMachineReset_IHM,"
ErrorMecaA,CODE/M_MAIN/PRG_06_Outputs.st,195,LECTURE,OR PRG_04_Treuils_Benne.Data.WinchM2Safety.ErrorMecaA
ErrorMecaB,CODE/M_MAIN/PRG_06_Outputs.st,196,LECTURE,OR PRG_04_Treuils_Benne.Data.WinchM2Safety.ErrorMecaB
ErrorMecaC,CODE/M_MAIN/PRG_06_Outputs.st,197,LECTURE,OR PRG_04_Treuils_Benne.Data.WinchM2Safety.ErrorMecaC
ErrorMecaD,CODE/M_MAIN/PRG_06_Outputs.st,198,LECTURE,OR PRG_04_Treuils_Benne.Data.WinchM2Safety.ErrorMecaD
ErrorMecaE,CODE/M_MAIN/PRG_06_Outputs.st,199,LECTURE,OR PRG_04_Treuils_Benne.Data.WinchM2Safety.ErrorMecaE
ThermalFault,CODE/M_MAIN/PRG_06_Outputs.st,200,LECTURE,OR PRG_04_Treuils_Benne.Data.WinchM2Safety.ThermalFault;
Error,CODE/M_MAIN/PRG_06_Outputs.st,203,LECTURE,OR PRG_04_Treuils_Benne.Data.WinchM2Safety.Error
ErrorOperatorComm,CODE/M_MAIN/PRG_06_Outputs.st,204,LECTURE,OR PRG_04_Treuils_Benne.Data.WinchM2Safety.ErrorOperatorComm
ErrorEncoder,CODE/M_MAIN/PRG_06_Outputs.st,205,LECTURE,OR PRG_04_Treuils_Benne.Data.WinchM2Safety.ErrorEncoder
ErrorPhaseRotation,CODE/M_MAIN/PRG_06_Outputs.st,206,LECTURE,OR PRG_04_Treuils_Benne.Data.WinchM2Safety.ErrorPhaseRotation
ErrorOppositeDir,CODE/M_MAIN/PRG_06_Outputs.st,207,LECTURE,OR PRG_04_Treuils_Benne.Data.WinchM2Safety.ErrorOppositeDir
ErrorNoMovement,CODE/M_MAIN/PRG_06_Outputs.st,208,LECTURE,OR PRG_04_Treuils_Benne.Data.WinchM2Safety.ErrorNoMovement
Error,CODE/M_MAIN/PRG_06_Outputs.st,210,LECTURE,OR PRG_04_Treuils_Benne.Data.BucketState.Error
FaultMachineReset_IHM,CODE/M_MAIN/PRG_06_Outputs.st,217,LECTURE,"Reset                      := PRG_07_Supervision.FaultMachineReset_IHM,"
FaultMachineReset_IHM,CODE/M_MAIN/PRG_06_Outputs.st,343,LECTURE,"Reset         := PRG_07_Supervision.FaultMachineReset_IHM,"
SyncContactorDiag,CODE/M_MAIN/PRG_06_Outputs.st,365,ECRITURE,Data.SyncContactorDiag          := instSyncContactorFinal.Diag;
Diag,CODE/M_MAIN/PRG_06_Outputs.st,365,LECTURE,Data.SyncContactorDiag          := instSyncContactorFinal.Diag;
ErrorMecaA,CODE/M_MAIN/PRG_06_Outputs.st,414,LECTURE,OR PRG_05_Translation.Data.TranslationSafety.ErrorMecaA
ErrorMecaB,CODE/M_MAIN/PRG_06_Outputs.st,415,LECTURE,OR PRG_05_Translation.Data.TranslationSafety.ErrorMecaB
ErrorBrakeThermal,CODE/M_MAIN/PRG_06_Outputs.st,416,LECTURE,OR PRG_05_Translation.Data.TranslationSafety.ErrorBrakeThermal;
Error,CODE/M_MAIN/PRG_06_Outputs.st,419,LECTURE,OR PRG_05_Translation.Data.TranslationSafety.Error
ErrorOperatorComm,CODE/M_MAIN/PRG_06_Outputs.st,420,LECTURE,OR PRG_05_Translation.Data.TranslationSafety.ErrorOperatorComm
ErrorDriveComm,CODE/M_MAIN/PRG_06_Outputs.st,421,LECTURE,OR PRG_05_Translation.Data.TranslationSafety.ErrorDriveComm
ErrorPhaseRotation,CODE/M_MAIN/PRG_06_Outputs.st,422,LECTURE,OR PRG_05_Translation.Data.TranslationSafety.ErrorPhaseRotation
ErrorLimitSwitch,CODE/M_MAIN/PRG_06_Outputs.st,423,LECTURE,OR PRG_05_Translation.Data.TranslationSafety.ErrorLimitSwitch
ErrorSensorIncoherent,CODE/M_MAIN/PRG_06_Outputs.st,424,LECTURE,OR PRG_05_Translation.Data.TranslationSafety.ErrorSensorIncoherent;
FaultMachineReset_IHM,CODE/M_MAIN/PRG_06_Outputs.st,436,LECTURE,"Reset                      := PRG_07_Supervision.FaultMachineReset_IHM,"
FaultMachineReset_IHM,CODE/M_MAIN/PRG_06_Outputs.st,486,LECTURE,"Reset := PRG_07_Supervision.FaultMachineReset_IHM,"
EmergencyDiag,CODE/M_MAIN/PRG_06_Outputs.st,542,ECRITURE,EmergencyDiag := instSafetyEmergencyManagement.Status.Diag;
Diag,CODE/M_MAIN/PRG_06_Outputs.st,542,LECTURE,EmergencyDiag := instSafetyEmergencyManagement.Status.Diag;
EmergencyFault,CODE/M_MAIN/PRG_06_Outputs.st,545,ECRITURE,EmergencyFault := instSafetyEmergencyManagement.Status.Fault;
Fault,CODE/M_MAIN/PRG_06_Outputs.st,545,LECTURE,EmergencyFault := instSafetyEmergencyManagement.Status.Fault;
FaultMachineReset_IHM,CODE/M_MAIN/PRG_07_Supervision.st,18,LECTURE,FaultMachineReset_IHM : BOOL;
instDiagIhmHeartbeat,CODE/M_MAIN/PRG_07_Supervision.st,36,LECTURE,instDiagIhmHeartbeat   : FB_Diag_IhmHeartbeat;
instDiagIhmHeartbeat,CODE/M_MAIN/PRG_07_Supervision.st,113,LECTURE,instDiagIhmHeartbeat(
FaultMachineReset_IHM,CODE/M_MAIN/PRG_07_Supervision.st,123,ECRITURE,FaultMachineReset_IHM := GVL_IHM.Modes.Cmd.BtnFaultReset
BtnFaultReset,CODE/M_MAIN/PRG_07_Supervision.st,123,LECTURE,FaultMachineReset_IHM := GVL_IHM.Modes.Cmd.BtnFaultReset
HydraulicThermalFault,CODE/M_MAIN/PRG_07_Supervision.st,405,ECRITURE,GVL_IHM.Commun.HydraulicThermalFault     := NOT PRG_02_Acquisition.HwIn.Machine.HydraulicThermalOk_DI;
BrakeThermalFault,CODE/M_MAIN/PRG_07_Supervision.st,406,ECRITURE,GVL_IHM.Commun.BrakeThermalFault         := NOT PRG_02_Acquisition.HwIn.Machine.M1_M2_M3_BrakeThermalOk_DI;
PhaseRotationFault,CODE/M_MAIN/PRG_07_Supervision.st,407,ECRITURE,GVL_IHM.Commun.PhaseRotationFault        := NOT PRG_02_Acquisition.HwIn.Machine.PhaseRotationOk_DI;
instDiagIhmHeartbeat,CODE/M_MAIN/PRG_07_Supervision.st,410,LECTURE,GVL_IHM.Commun.HeartbeatIhmOk            := instDiagIhmHeartbeat.HeartbeatIhmOk;
instDiagIhmHeartbeat,CODE/M_MAIN/PRG_07_Supervision.st,411,LECTURE,GVL_IHM.Commun.HeartbeatIhmTimeout       := instDiagIhmHeartbeat.HeartbeatIhmTimeout;
instDiagIhmHeartbeat,CODE/M_MAIN/PRG_07_Supervision.st,412,LECTURE,GVL_IHM.Commun.HeartbeatIhmElapsed       := instDiagIhmHeartbeat.TimeSinceIhmEdge;
instDiagIhmHeartbeat,CODE/M_MAIN/PRG_07_Supervision.st,413,LECTURE,GVL_IHM.Commun.TglHeartbeatPlc           := instDiagIhmHeartbeat.TglHeartbeatPlc;
PreflightErrorId,CODE/M_MAIN/PRG_07_Supervision.st,444,ECRITURE,GVL_IHM.Commun.Preflight.PreflightErrorId := instPreflight.PreflightErrorId;
PreflightErrorId,CODE/M_MAIN/PRG_07_Supervision.st,444,LECTURE,GVL_IHM.Commun.Preflight.PreflightErrorId := instPreflight.PreflightErrorId;
Vh0800EndBit05Reserved,CODE/M_MAIN/PRG_07_Supervision.st,548,ECRITURE_FALSE,GVL_IHM.IoHw.In.Vh0800EndBit05Reserved := FALSE;
Diag,CODE/M_MAIN/PRG_07_Supervision.st,578,ECRITURE,GVL_IHM.Emergency.State.Diag := PRG_06_Outputs.EmergencyDiag;
EmergencyDiag,CODE/M_MAIN/PRG_07_Supervision.st,578,LECTURE,GVL_IHM.Emergency.State.Diag := PRG_06_Outputs.EmergencyDiag;
Fault,CODE/M_MAIN/PRG_07_Supervision.st,583,ECRITURE,GVL_IHM.Emergency.State.Fault := PRG_06_Outputs.EmergencyFault;
EmergencyFault,CODE/M_MAIN/PRG_07_Supervision.st,583,LECTURE,GVL_IHM.Emergency.State.Fault := PRG_06_Outputs.EmergencyFault;
AnyFaultActive,CODE/M_MAIN/PRG_07_Supervision.st,587,ECRITURE,GVL_IHM.Modes.State.AnyFaultActive := PRG_06_Outputs.EmergencyDiag.Error
EmergencyDiag,CODE/M_MAIN/PRG_07_Supervision.st,587,LECTURE,GVL_IHM.Modes.State.AnyFaultActive := PRG_06_Outputs.EmergencyDiag.Error
Error,CODE/M_MAIN/PRG_07_Supervision.st,587,LECTURE,GVL_IHM.Modes.State.AnyFaultActive := PRG_06_Outputs.EmergencyDiag.Error
Fault,CODE/M_MAIN/PRG_07_Supervision.st,588,LECTURE,OR PRG_02_Acquisition.Data.InputModules.Fault
ModesFault,CODE/M_MAIN/PRG_07_Supervision.st,589,LECTURE,OR PRG_03_Modes_Cycle.Data.ModesFault.Error
Error,CODE/M_MAIN/PRG_07_Supervision.st,589,LECTURE,OR PRG_03_Modes_Cycle.Data.ModesFault.Error
ModesFault,CODE/M_MAIN/PRG_07_Supervision.st,590,LECTURE,OR PRG_03_Modes_Cycle.Data.ModesFault.Latched
Latched,CODE/M_MAIN/PRG_07_Supervision.st,590,LECTURE,OR PRG_03_Modes_Cycle.Data.ModesFault.Latched
Error,CODE/M_MAIN/PRG_07_Supervision.st,591,LECTURE,OR GVL_IHM.M1TreuilRetenue.Safety.Error
Error,CODE/M_MAIN/PRG_07_Supervision.st,592,LECTURE,OR GVL_IHM.M2TreuilBenne.Safety.Error
Error,CODE/M_MAIN/PRG_07_Supervision.st,593,LECTURE,OR GVL_IHM.M3Translation.Safety.Error
Error,CODE/M_MAIN/PRG_07_Supervision.st,594,LECTURE,OR GVL_IHM.M1M2Sync.State.Error
Error,CODE/M_MAIN/PRG_07_Supervision.st,595,LECTURE,OR GVL_IHM.M2TreuilBenne.Bucket.State.Error
Error,CODE/M_MAIN/PRG_07_Supervision.st,596,LECTURE,OR GVL_IHM.CycleSemiAuto.State.Error
Error,CODE/M_MAIN/PRG_07_Supervision.st,597,LECTURE,OR GVL_IHM.JOY1Joystick.State.Error;
ModeChangeBlockReason,CODE/M_MAIN/PRG_07_Supervision.st,600,ECRITURE,GVL_IHM.Modes.State.ModeChangeBlockReason := PRG_03_Modes_Cycle.Data.Auth.ModeChangeBlockReason;
ModeChangeBlockReason,CODE/M_MAIN/PRG_07_Supervision.st,600,LECTURE,GVL_IHM.Modes.State.ModeChangeBlockReason := PRG_03_Modes_Cycle.Data.Auth.ModeChangeBlockReason;
Error,CODE/M_MAIN/PRG_07_Supervision.st,627,ECRITURE,GVL_IHM.JOY1Joystick.State.Error := PRG_02_Acquisition.Data.Joystick.Fault.Error;
Fault,CODE/M_MAIN/PRG_07_Supervision.st,627,LECTURE,GVL_IHM.JOY1Joystick.State.Error := PRG_02_Acquisition.Data.Joystick.Fault.Error;
Error,CODE/M_MAIN/PRG_07_Supervision.st,627,LECTURE,GVL_IHM.JOY1Joystick.State.Error := PRG_02_Acquisition.Data.Joystick.Fault.Error;
ErrorId,CODE/M_MAIN/PRG_07_Supervision.st,628,ECRITURE,GVL_IHM.JOY1Joystick.State.ErrorId := PRG_02_Acquisition.Data.Joystick.Fault.ErrorId;
Fault,CODE/M_MAIN/PRG_07_Supervision.st,628,LECTURE,GVL_IHM.JOY1Joystick.State.ErrorId := PRG_02_Acquisition.Data.Joystick.Fault.ErrorId;
ErrorId,CODE/M_MAIN/PRG_07_Supervision.st,628,LECTURE,GVL_IHM.JOY1Joystick.State.ErrorId := PRG_02_Acquisition.Data.Joystick.Fault.ErrorId;
CanError,CODE/M_MAIN/PRG_07_Supervision.st,632,ECRITURE,GVL_IHM.Network.CanError    := GVL_IHM.Network.BusCanOpen.Error OR GVL_IHM.Network.Joystick.Error;
Error,CODE/M_MAIN/PRG_07_Supervision.st,632,LECTURE,GVL_IHM.Network.CanError    := GVL_IHM.Network.BusCanOpen.Error OR GVL_IHM.Network.Joystick.Error;
Error,CODE/M_MAIN/PRG_07_Supervision.st,632,LECTURE,GVL_IHM.Network.CanError    := GVL_IHM.Network.BusCanOpen.Error OR GVL_IHM.Network.Joystick.Error;
CanErrorId,CODE/M_MAIN/PRG_07_Supervision.st,633,ECRITURE,GVL_IHM.Network.CanErrorId  := GVL_IHM.Network.BusCanOpen.ErrorId OR GVL_IHM.Network.Joystick.ErrorId;
ErrorId,CODE/M_MAIN/PRG_07_Supervision.st,633,LECTURE,GVL_IHM.Network.CanErrorId  := GVL_IHM.Network.BusCanOpen.ErrorId OR GVL_IHM.Network.Joystick.ErrorId;
ErrorId,CODE/M_MAIN/PRG_07_Supervision.st,633,LECTURE,GVL_IHM.Network.CanErrorId  := GVL_IHM.Network.BusCanOpen.ErrorId OR GVL_IHM.Network.Joystick.ErrorId;
EcatError,CODE/M_MAIN/PRG_07_Supervision.st,639,ECRITURE,GVL_IHM.Network.EcatError   := GVL_IHM.Network.BusEthercat.Error OR GVL_IHM.Network.EncoderM1.Error OR GVL_IHM.Network.EncoderM2.Error OR GVL_IHM.Network.VariateurM3.Error;
Error,CODE/M_MAIN/PRG_07_Supervision.st,639,LECTURE,GVL_IHM.Network.EcatError   := GVL_IHM.Network.BusEthercat.Error OR GVL_IHM.Network.EncoderM1.Error OR GVL_IHM.Network.EncoderM2.Error OR GVL_IHM.Network.VariateurM3.Error;
Error,CODE/M_MAIN/PRG_07_Supervision.st,639,LECTURE,GVL_IHM.Network.EcatError   := GVL_IHM.Network.BusEthercat.Error OR GVL_IHM.Network.EncoderM1.Error OR GVL_IHM.Network.EncoderM2.Error OR GVL_IHM.Network.VariateurM3.Error;
Error,CODE/M_MAIN/PRG_07_Supervision.st,639,LECTURE,GVL_IHM.Network.EcatError   := GVL_IHM.Network.BusEthercat.Error OR GVL_IHM.Network.EncoderM1.Error OR GVL_IHM.Network.EncoderM2.Error OR GVL_IHM.Network.VariateurM3.Error;
Error,CODE/M_MAIN/PRG_07_Supervision.st,639,LECTURE,GVL_IHM.Network.EcatError   := GVL_IHM.Network.BusEthercat.Error OR GVL_IHM.Network.EncoderM1.Error OR GVL_IHM.Network.EncoderM2.Error OR GVL_IHM.Network.VariateurM3.Error;
EcatErrorId,CODE/M_MAIN/PRG_07_Supervision.st,640,ECRITURE,GVL_IHM.Network.EcatErrorId := GVL_IHM.Network.BusEthercat.ErrorId OR GVL_IHM.Network.EncoderM1.ErrorId OR GVL_IHM.Network.EncoderM2.ErrorId OR GVL_IHM.Network.VariateurM3.ErrorId;
ErrorId,CODE/M_MAIN/PRG_07_Supervision.st,640,LECTURE,GVL_IHM.Network.EcatErrorId := GVL_IHM.Network.BusEthercat.ErrorId OR GVL_IHM.Network.EncoderM1.ErrorId OR GVL_IHM.Network.EncoderM2.ErrorId OR GVL_IHM.Network.VariateurM3.ErrorId;
ErrorId,CODE/M_MAIN/PRG_07_Supervision.st,640,LECTURE,GVL_IHM.Network.EcatErrorId := GVL_IHM.Network.BusEthercat.ErrorId OR GVL_IHM.Network.EncoderM1.ErrorId OR GVL_IHM.Network.EncoderM2.ErrorId OR GVL_IHM.Network.VariateurM3.ErrorId;
ErrorId,CODE/M_MAIN/PRG_07_Supervision.st,640,LECTURE,GVL_IHM.Network.EcatErrorId := GVL_IHM.Network.BusEthercat.ErrorId OR GVL_IHM.Network.EncoderM1.ErrorId OR GVL_IHM.Network.EncoderM2.ErrorId OR GVL_IHM.Network.VariateurM3.ErrorId;
ErrorId,CODE/M_MAIN/PRG_07_Supervision.st,640,LECTURE,GVL_IHM.Network.EcatErrorId := GVL_IHM.Network.BusEthercat.ErrorId OR GVL_IHM.Network.EncoderM1.ErrorId OR GVL_IHM.Network.EncoderM2.ErrorId OR GVL_IHM.Network.VariateurM3.ErrorId;
Fault,CODE/M_MAIN/PRG_07_Supervision.st,649,ECRITURE,GVL_IHM.Network.InputModules.Fault            := PRG_02_Acquisition.Data.InputModules.Fault;
Fault,CODE/M_MAIN/PRG_07_Supervision.st,649,LECTURE,GVL_IHM.Network.InputModules.Fault            := PRG_02_Acquisition.Data.InputModules.Fault;
Error,CODE/M_MAIN/PRG_07_Supervision.st,658,ECRITURE,GVL_IHM.CycleSemiAuto.State.Error                  := PRG_03_Modes_Cycle.Data.SequenceState.Fault.Error
Fault,CODE/M_MAIN/PRG_07_Supervision.st,658,LECTURE,GVL_IHM.CycleSemiAuto.State.Error                  := PRG_03_Modes_Cycle.Data.SequenceState.Fault.Error
Error,CODE/M_MAIN/PRG_07_Supervision.st,658,LECTURE,GVL_IHM.CycleSemiAuto.State.Error                  := PRG_03_Modes_Cycle.Data.SequenceState.Fault.Error
Fault,CODE/M_MAIN/PRG_07_Supervision.st,659,LECTURE,OR PRG_03_Modes_Cycle.Data.SequenceState.Fault.Latched;
Latched,CODE/M_MAIN/PRG_07_Supervision.st,659,LECTURE,OR PRG_03_Modes_Cycle.Data.SequenceState.Fault.Latched;
ErrorId,CODE/M_MAIN/PRG_07_Supervision.st,660,ECRITURE,"GVL_IHM.CycleSemiAuto.State.ErrorId                := SEL(PRG_03_Modes_Cycle.Data.SequenceState.Fault.Latched,"
Fault,CODE/M_MAIN/PRG_07_Supervision.st,660,LECTURE,"GVL_IHM.CycleSemiAuto.State.ErrorId                := SEL(PRG_03_Modes_Cycle.Data.SequenceState.Fault.Latched,"
Latched,CODE/M_MAIN/PRG_07_Supervision.st,660,LECTURE,"GVL_IHM.CycleSemiAuto.State.ErrorId                := SEL(PRG_03_Modes_Cycle.Data.SequenceState.Fault.Latched,"
Fault,CODE/M_MAIN/PRG_07_Supervision.st,661,LECTURE,"PRG_03_Modes_Cycle.Data.SequenceState.Fault.ErrorId,"
ErrorId,CODE/M_MAIN/PRG_07_Supervision.st,661,LECTURE,"PRG_03_Modes_Cycle.Data.SequenceState.Fault.ErrorId,"
Fault,CODE/M_MAIN/PRG_07_Supervision.st,662,LECTURE,PRG_03_Modes_Cycle.Data.SequenceState.Fault.LatchedId);
LatchedId,CODE/M_MAIN/PRG_07_Supervision.st,662,LECTURE,PRG_03_Modes_Cycle.Data.SequenceState.Fault.LatchedId);
CycleStepAtError,CODE/M_MAIN/PRG_07_Supervision.st,665,ECRITURE,GVL_IHM.CycleSemiAuto.State.CycleStepAtError       := PRG_03_Modes_Cycle.Data.SequenceState.StepAtFault;
StepAtFault,CODE/M_MAIN/PRG_07_Supervision.st,665,LECTURE,GVL_IHM.CycleSemiAuto.State.CycleStepAtError       := PRG_03_Modes_Cycle.Data.SequenceState.StepAtFault;
ResumeAfterFaultAvailable,CODE/M_MAIN/PRG_07_Supervision.st,666,ECRITURE,GVL_IHM.CycleSemiAuto.State.ResumeAfterFaultAvailable := PRG_03_Modes_Cycle.Data.SequenceState.ResumeAfterFaultAvailable;
ResumeAfterFaultAvailable,CODE/M_MAIN/PRG_07_Supervision.st,666,LECTURE,GVL_IHM.CycleSemiAuto.State.ResumeAfterFaultAvailable := PRG_03_Modes_Cycle.Data.SequenceState.ResumeAfterFaultAvailable;
WinchSyncError,CODE/M_MAIN/PRG_07_Supervision.st,684,ECRITURE,GVL_IHM.CycleSemiAuto.State.WinchSyncError         := PRG_04_Treuils_Benne.Data.WinchSyncError;
WinchSyncError,CODE/M_MAIN/PRG_07_Supervision.st,684,LECTURE,GVL_IHM.CycleSemiAuto.State.WinchSyncError         := PRG_04_Treuils_Benne.Data.WinchSyncError;
ForceStepRejected,CODE/M_MAIN/PRG_07_Supervision.st,693,ECRITURE,GVL_IHM.CycleSemiAuto.State.ForceStepRejected      := PRG_03_Modes_Cycle.Data.SequenceState.ForceStepRejected;
ForceStepRejected,CODE/M_MAIN/PRG_07_Supervision.st,693,LECTURE,GVL_IHM.CycleSemiAuto.State.ForceStepRejected      := PRG_03_Modes_Cycle.Data.SequenceState.ForceStepRejected;
CycleErrorId,CODE/M_MAIN/PRG_07_Supervision.st,728,ECRITURE,"CycleErrorId          := GVL_IHM.CycleSemiAuto.State.ErrorId,"
ErrorId,CODE/M_MAIN/PRG_07_Supervision.st,728,LECTURE,"CycleErrorId          := GVL_IHM.CycleSemiAuto.State.ErrorId,"
CycleStepAtError,CODE/M_MAIN/PRG_07_Supervision.st,729,ECRITURE,"CycleStepAtError      := PRG_03_Modes_Cycle.Data.SequenceState.StepAtFault,"
StepAtFault,CODE/M_MAIN/PRG_07_Supervision.st,729,LECTURE,"CycleStepAtError      := PRG_03_Modes_Cycle.Data.SequenceState.StepAtFault,"
ModeChangeBlockReason,CODE/M_MAIN/PRG_07_Supervision.st,742,ECRITURE,"ModeChangeBlockReason    := PRG_03_Modes_Cycle.Data.Auth.ModeChangeBlockReason,"
ModeChangeBlockReason,CODE/M_MAIN/PRG_07_Supervision.st,742,LECTURE,"ModeChangeBlockReason    := PRG_03_Modes_Cycle.Data.Auth.ModeChangeBlockReason,"
TranslationMotionErrorId,CODE/M_MAIN/PRG_07_Supervision.st,762,ECRITURE,"TranslationMotionErrorId    := GVL_IHM.M3Translation.State.ErrorId,"
ErrorId,CODE/M_MAIN/PRG_07_Supervision.st,762,LECTURE,"TranslationMotionErrorId    := GVL_IHM.M3Translation.State.ErrorId,"
TranslationFinalInterlockErrorId,CODE/M_MAIN/PRG_07_Supervision.st,763,ECRITURE,"TranslationFinalInterlockErrorId := GVL_IHM.M3Translation.State.FinalInterlockErrorId,"
FinalInterlockErrorId,CODE/M_MAIN/PRG_07_Supervision.st,763,LECTURE,"TranslationFinalInterlockErrorId := GVL_IHM.M3Translation.State.FinalInterlockErrorId,"
BucketErrorId,CODE/M_MAIN/PRG_07_Supervision.st,769,ECRITURE,"BucketErrorId               := GVL_IHM.M2TreuilBenne.Bucket.State.ErrorId,"
ErrorId,CODE/M_MAIN/PRG_07_Supervision.st,769,LECTURE,"BucketErrorId               := GVL_IHM.M2TreuilBenne.Bucket.State.ErrorId,"
SyncErrorId,CODE/M_MAIN/PRG_07_Supervision.st,770,ECRITURE,"SyncErrorId                 := GVL_IHM.M1M2Sync.State.ErrorId,"
ErrorId,CODE/M_MAIN/PRG_07_Supervision.st,770,LECTURE,"SyncErrorId                 := GVL_IHM.M1M2Sync.State.ErrorId,"
SyncContactorDiag,CODE/M_MAIN/PRG_07_Supervision.st,771,ECRITURE,"SyncContactorDiag           := PRG_06_Outputs.Data.SyncContactorDiag,"
SyncContactorDiag,CODE/M_MAIN/PRG_07_Supervision.st,771,LECTURE,"SyncContactorDiag           := PRG_06_Outputs.Data.SyncContactorDiag,"
DiveErrorId,CODE/M_MAIN/PRG_07_Supervision.st,772,ECRITURE,"DiveErrorId                 := 0,"
ExtractionErrorId,CODE/M_MAIN/PRG_07_Supervision.st,773,ECRITURE,"ExtractionErrorId           := 0,"
EmergencyErrorId,CODE/M_MAIN/PRG_07_Supervision.st,774,ECRITURE,"EmergencyErrorId            := PRG_06_Outputs.EmergencyDiag.ErrorId,"
EmergencyDiag,CODE/M_MAIN/PRG_07_Supervision.st,774,LECTURE,"EmergencyErrorId            := PRG_06_Outputs.EmergencyDiag.ErrorId,"
ErrorId,CODE/M_MAIN/PRG_07_Supervision.st,774,LECTURE,"EmergencyErrorId            := PRG_06_Outputs.EmergencyDiag.ErrorId,"
EmergencyDiag,CODE/M_MAIN/PRG_07_Supervision.st,775,LECTURE,"RedundancyTestFailed         := PRG_06_Outputs.EmergencyDiag.RedundancyTestFailed,"
EmergencyDiag,CODE/M_MAIN/PRG_07_Supervision.st,776,LECTURE,"EmergencyArmingFailed        := PRG_06_Outputs.EmergencyDiag.ArmFailed,"
EmergencyDiag,CODE/M_MAIN/PRG_07_Supervision.st,778,LECTURE,"LastAbortCause               := PRG_06_Outputs.EmergencyDiag.LastAbortCause,"
FaultMachineReset_IHM,CODE/M_MAIN/PRG_07_Supervision.st,779,LECTURE,"Reset                        := FaultMachineReset_IHM,"
AlarmHoldTime,CODE/M_MAIN/PRG_07_Supervision.st,780,ECRITURE,"AlarmHoldTime               := T#1s,"
BothBlockReason,CODE/M_MAIN/PRG_07_Supervision.st,826,ECRITURE,GVL_IHM.Permits.BothBlockReason := PRG_04_Treuils_Benne.Data.BothBlockReason;
BothBlockReason,CODE/M_MAIN/PRG_07_Supervision.st,826,LECTURE,GVL_IHM.Permits.BothBlockReason := PRG_04_Treuils_Benne.Data.BothBlockReason;
InputModuleFault,CODE/M_MAIN/PRG_07_Supervision.st,843,ECRITURE,"InputModuleFault     := PRG_02_Acquisition.Data.InputModules.Fault,"
Fault,CODE/M_MAIN/PRG_07_Supervision.st,843,LECTURE,"InputModuleFault     := PRG_02_Acquisition.Data.InputModules.Fault,"
EmergencyDiag,CODE/M_MAIN/PRG_07_Supervision.st,873,ECRITURE,"EmergencyDiag        := PRG_06_Outputs.EmergencyDiag,"
EmergencyDiag,CODE/M_MAIN/PRG_07_Supervision.st,873,LECTURE,"EmergencyDiag        := PRG_06_Outputs.EmergencyDiag,"
CycleError,CODE/M_MAIN/PRG_07_Supervision.st,880,ECRITURE,"CycleError           := PRG_03_Modes_Cycle.Data.SequenceState.Fault.Error,"
Fault,CODE/M_MAIN/PRG_07_Supervision.st,880,LECTURE,"CycleError           := PRG_03_Modes_Cycle.Data.SequenceState.Fault.Error,"
Error,CODE/M_MAIN/PRG_07_Supervision.st,880,LECTURE,"CycleError           := PRG_03_Modes_Cycle.Data.SequenceState.Fault.Error,"
CycleErrorId,CODE/M_MAIN/PRG_07_Supervision.st,881,ECRITURE,"CycleErrorId         := PRG_03_Modes_Cycle.Data.SequenceState.Fault.ErrorId,"
Fault,CODE/M_MAIN/PRG_07_Supervision.st,881,LECTURE,"CycleErrorId         := PRG_03_Modes_Cycle.Data.SequenceState.Fault.ErrorId,"
ErrorId,CODE/M_MAIN/PRG_07_Supervision.st,881,LECTURE,"CycleErrorId         := PRG_03_Modes_Cycle.Data.SequenceState.Fault.ErrorId,"
CycleFaultLatched,CODE/M_MAIN/PRG_07_Supervision.st,882,ECRITURE,"CycleFaultLatched    := PRG_03_Modes_Cycle.Data.SequenceState.Fault.Latched,"
Fault,CODE/M_MAIN/PRG_07_Supervision.st,882,LECTURE,"CycleFaultLatched    := PRG_03_Modes_Cycle.Data.SequenceState.Fault.Latched,"
Latched,CODE/M_MAIN/PRG_07_Supervision.st,882,LECTURE,"CycleFaultLatched    := PRG_03_Modes_Cycle.Data.SequenceState.Fault.Latched,"
CycleFaultLatchedId,CODE/M_MAIN/PRG_07_Supervision.st,883,ECRITURE,"CycleFaultLatchedId  := PRG_03_Modes_Cycle.Data.SequenceState.Fault.LatchedId,"
Fault,CODE/M_MAIN/PRG_07_Supervision.st,883,LECTURE,"CycleFaultLatchedId  := PRG_03_Modes_Cycle.Data.SequenceState.Fault.LatchedId,"
LatchedId,CODE/M_MAIN/PRG_07_Supervision.st,883,LECTURE,"CycleFaultLatchedId  := PRG_03_Modes_Cycle.Data.SequenceState.Fault.LatchedId,"
CycleM1SpeedStepAtFault,CODE/M_MAIN/PRG_07_Supervision.st,887,ECRITURE,"CycleM1SpeedStepAtFault := PRG_03_Modes_Cycle.Data.SequenceState.M1SpeedStepAtFault,"
M1SpeedStepAtFault,CODE/M_MAIN/PRG_07_Supervision.st,887,LECTURE,"CycleM1SpeedStepAtFault := PRG_03_Modes_Cycle.Data.SequenceState.M1SpeedStepAtFault,"
CycleM2SpeedStepAtFault,CODE/M_MAIN/PRG_07_Supervision.st,888,ECRITURE,"CycleM2SpeedStepAtFault := PRG_03_Modes_Cycle.Data.SequenceState.M2SpeedStepAtFault,"
M2SpeedStepAtFault,CODE/M_MAIN/PRG_07_Supervision.st,888,LECTURE,"CycleM2SpeedStepAtFault := PRG_03_Modes_Cycle.Data.SequenceState.M2SpeedStepAtFault,"
CycleStepAtError,CODE/M_MAIN/PRG_07_Supervision.st,895,ECRITURE,"CycleStepAtError     := PRG_03_Modes_Cycle.Data.SequenceState.StepAtFault,"
StepAtFault,CODE/M_MAIN/PRG_07_Supervision.st,895,LECTURE,"CycleStepAtError     := PRG_03_Modes_Cycle.Data.SequenceState.StepAtFault,"
CycleWinchSyncError,CODE/M_MAIN/PRG_07_Supervision.st,908,ECRITURE,"CycleWinchSyncError  := PRG_04_Treuils_Benne.Data.WinchSyncError,"
WinchSyncError,CODE/M_MAIN/PRG_07_Supervision.st,908,LECTURE,"CycleWinchSyncError  := PRG_04_Treuils_Benne.Data.WinchSyncError,"
