Timestamp_ms;M3Translation.State.AtTremie;M3Translation.State.AtP2;M3Translation.State.AtPV;M3Translation.State.AtP1;M3Translation.State.AtMaintenance;IoHw.In.Hardware.Translation.M3_PosTremie_DI;IoHw.In.Hardware.Translation.M3_PosPV_DI;IoHw.In.Hardware.Translation.M3_PosPVP2_DI;IoHw.In.Hardware.Translation.M3_PosP1_DI;M3_BrakeIsOpen_DI;PRG_02_Acquisition.HwIn.Translation.M3_ActualFrequencyHz;M3_StatusWord;M3_SetpointFrequencyHz;M3_CommandWord;M3_ThermalOK_DI;M3Translation.Safety.Error;M3Translation.Safety.ErrorId;M3Translation.State.Error;M3Translation.State.ErrorId;M3Translation.State.EstimatedPosM3_M;JOY1Joystick.State.AxisCmdX.Deflection;JOY1Joystick.State.AxisCmdY.Deflection
3;0;0;0;1;0;0;0;0;0;0;0;0;0;0;0;0;0;0;0;20.02250862121582;0;0
14;0;0;0;1;0;0;0;0;0;0;0;0;0;0;0;0;0;0;0;20.02250862121582;0;0
25;0;0;0;1;0;0;0;0;0;0;0;0;0;0;0;0;0;0;0;20.02250862121582;0;0
35;0;0;0;1;0;0;0;0;0;0;0;0;0;0;0;0;0;0;0;20.02250862121582;0;0
46;0;0;0;1;0;0;0;0;0;0;0;0;0;0;0;0;0;0;0;20.02250862121582;0;0
57;0;0;0;1;0;0;0;0;0;0;0;0;0;0;0;0;0;0;0;20.02250862121582;0;0
68;0;0;0;1;0;0;0;0;0;0;0;0;0;0;0;0;0;0;0;20.02250862121582;0;0
79;0;0;0;1;0;0;0;0;0;0;0;0;0;0;0;0;0;0;0;20.02250862121582;0;0
89;0;0;0;1;0;0;0;0;0;0;0;0;0;0;0;0;0;0;0;20.02250862121582;0;0
99;0;0;0;1;0;0;0;0;0;0;0;0;0;0;0;0;0;0;0;20.02250862121582;0;0
110;0;0;0;1;0;0;0;0;0;0;0;0;0;0;0;0;0;0;0;20.02250862121582;0;0
120;0;0;0;1;0;0;0;0;0;0;0;0;0;0;0;0;0;0;0;20.02250862121582;0;0
131;0;0;0;1;0;0;0;0;0;0;0;0;0;0;0;0;0;0;0;20.02250862121582;0;0
141;0;0;0;1;0;0;0;0;0;0;0;0;0;0;0;0;0;0;0;20.02250862121582;0;0
152;0;0;0;1;0;0;0;0;0;0;0;0;0;0;0;0;0;0;0;20.02250862121582;0;0
163;0;0;0;1;0;0;0;0;0;0;0;0;0;0;0;0;0;0;0;20.02250862121582;0;0
173;0;0;0;1;0;0;0;0;0;0;0;0;0;0;0;0;0;0;0;20.02250862121582;0;0
185;0;0;0;1;0;0;0;0;0;0;0;0;0;0;0;0;0;0;0;20.02250862121582;0;0
196;0;0;0;1;0;0;0;0;0;0;0;0;0;0;0;0;0;0;0;20.02250862121582;0;0
207;0;0;0;1;0;0;0;0;0;0;0;0;0;0;0;0;0;0;0;20.02250862121582;0;0
217;0;0;0;1;0;0;0;0;0;0;0;0;0;0;0;0;0;0;0;20.02250862121582;0;0
228;0;0;0;1;0;0;0;0;0;0;0;0;0;0;0;0;0;0;0;20.02250862121582;0;0
239;0;0;0;1;0;0;0;0;0;0;0;0;0;0;0;0;0;0;0;20.02250862121582;0;0
248;0;0;0;1;0;0;0;0;0;0;0;0;0;0;0;0;0;0;0;20.02250862121582;0;0
260;0;0;0;1;0;0;0;0;0;0;0;0;0;0;0;0;0;0;0;20.02250862121582;0;0
270;0;0;0;1;0;0;0;0;0;0;0;0;0;0;0;0;0;0;0;20.02250862121582;0;0
281;0;0;0;1;0;0;0;0;0;0;0;0;0;0;0;0;0;0;0;20.02250862121582;0;0
293;0;0;0;1;0;0;0;0;0;0;0;0;0;0;0;0;0;0;0;20.02250862121582;0;0
303;0;0;0;1;0;0;0;0;0;0;0;0;0;0;0;0;0;0;0;20.02250862121582;0;0
315;0;0;0;1;0;0;0;0;0;0;0;0;0;0;0;0;0;0;0;20.02250862121582;0;0
325;0;0;0;1;0;0;0;0;0;0;0;0;0;0;0;0;0;0;0;20.02250862121582;0;0
335;0;0;0;1;0;0;0;0;0;0;0;0;0;0;0;0;0;0;0;20.02250862121582;0;0
347;0;0;0;1;0;0;0;0;0;0;0;0;0;0;0;0;0;0;0;20.02250862121582;0;0
357;0;0;0;1;0;0;0;0;0;0;0;0;0;0;0;0;0;0;0;20.02250862121582;0;0
368;0;0;0;1;0;0;0;0;0;0;0;0;0;0;0;0;0;0;0;20.02250862121582;0;0
378;0;0;0;1;0;0;0;0;0;0;0;0;0;0;0;0;0;0;0;20.02250862121582;0;0
388;0;0;0;1;0;0;0;0;0;0;0;0;0;0;0;0;0;0;0;20.02250862121582;0;0
399;0;0;0;1;0;0;0;0;0;0;0;0;0;0;0;0;0;0;0;20.02250862121582;0;0
410;0;0;0;1;0;0;0;0;0;0;0;0;0;0;0;0;0;0;0;20.02250862121582;0;0
420;0;0;0;1;0;0;0;0;0;0;0;0;0;0;0;0;0;0;0;20.02250862121582;0;0
430;0;0;0;1;0;0;0;0;0;0;0;0;0;0;0;0;0;0;0;20.02250862121582;0;0
441;0;0;0;1;0;0;0;0;0;0;0;0;0;0;0;0;0;0;0;20.02250862121582;0;0
451;0;0;0;1;0;0;0;0;0;0;0;0;0;0;0;0;0;0;0;20.02250862121582;0;0
461;0;0;0;1;0;0;0;0;0;0;0;0;0;0;0;0;0;0;0;20.02250862121582;0;0
471;0;0;0;1;0;0;0;0;0;0;0;0;0;0;0;0;0;0;0;20.02250862121582;0;0
482;0;0;0;1;0;0;0;0;0;0;0;0;0;0;0;0;0;0;0;20.02250862121582;0;0
492;0;0;0;1;0;0;0;0;0;0;0;0;0;0;0;0;0;0;0;20.02250862121582;0;0
502;0;0;0;1;0;0;0;0;0;0;0;0;0;0;0;0;0;0;0;20.02250862121582;0;0
514;0;0;0;1;0;0;0;0;0;0;0;0;0;0;0;0;0;0;0;20.02250862121582;0;0
524;0;0;0;1;0;0;0;0;0;0;0;0;0;0;0;0;0;0;0;20.02250862121582;0;0
535;0;0;0;1;0;0;0;0;0;0;0;0;0;0;0;0;0;0;0;20.02250862121582;0;0
547;0;0;0;1;0;0;0;0;0;0;0;0;0;0;0;0;0;0;0;20.02250862121582;0;0
557;0;0;0;1;0;0;0;0;0;0;0;0;0;0;0;0;0;0;0;20.02250862121582;0;0
567;0;0;0;1;0;0;0;0;0;0;0;0;0;0;0;0;0;0;0;20.02250862121582;0;0
579;0;0;0;1;0;0;0;0;0;0;0;0;0;0;0;0;0;0;0;20.02250862121582;0;0
589;0;0;0;1;0;0;0;0;0;0;0;0;0;0;0;0;0;0;0;20.02250862121582;0;0
599;0;0;0;1;0;0;0;0;0;0;0;0;0;0;0;0;0;0;0;20.02250862121582;0;0
609;0;0;0;1;0;0;0;0;0;0;0;0;0;0;0;0;0;0;0;20.02250862121582;0;0
619;0;0;0;1;0;0;0;0;0;0;0;0;0;0;0;0;0;0;0;20.02250862121582;0;0
629;0;0;0;1;0;0;0;0;0;0;0;0;0;0;0;0;0;0;0;20.02250862121582;0;0
641;0;0;0;1;0;0;0;0;0;0;0;0;0;0;0;0;0;0;0;20.02250862121582;0;0
653;0;0;0;1;0;0;0;0;0;0;0;0;0;0;0;0;0;0;0;20.02250862121582;0;0
664;0;0;0;1;0;0;0;0;0;0;0;0;0;0;0;0;0;0;0;20.02250862121582;0;0
675;0;0;0;1;0;0;0;0;0;0;0;0;0;0;0;0;0;0;0;20.02250862121582;0;0
686;0;0;0;1;0;0;0;0;0;0;0;0;0;0;0;0;0;0;0;20.02250862121582;0;0
697;0;0;0;1;0;0;0;0;0;0;0;0;0;0;0;0;0;0;0;20.02250862121582;0;0
707;0;0;0;1;0;0;0;0;0;0;0;0;0;0;0;0;0;0;0;20.02250862121582;0;0
718;0;0;0;1;0;0;0;0;0;0;0;0;0;0;0;0;0;0;0;20.02250862121582;0;0
728;0;0;0;1;0;0;0;0;0;0;0;0;0;0;0;0;0;0;0;20.02250862121582;0;0
738;0;0;0;1;0;0;0;0;0;0;0;0;0;0;0;0;0;0;0;20.02250862121582;0;0
748;0;0;0;1;0;0;0;0;0;0;0;0;0;0;0;0;0;0;0;20.02250862121582;0;0
758;0;0;0;1;0;0;0;0;0;0;0;0;0;0;0;0;0;0;0;20.02250862121582;0;0
769;0;0;0;1;0;0;0;0;0;0;0;0;0;0;0;0;0;0;0;20.02250862121582;0;0
779;0;0;0;1;0;0;0;0;0;0;0;0;0;0;0;0;0;0;0;20.02250862121582;0;0
791;0;0;0;1;0;0;0;0;0;0;0;0;0;0;0;0;0;0;0;20.02250862121582;0;0
800;0;0;0;1;0;0;0;0;0;0;0;0;0;0;0;0;0;0;0;20.02250862121582;0;0
811;0;0;0;1;0;0;0;0;0;0;0;0;0;0;0;0;0;0;0;20.02250862121582;0;0
821;0;0;0;1;0;0;0;0;0;0;0;0;0;0;0;0;0;0;0;20.02250862121582;0;0
833;0;0;0;1;0;0;0;0;0;0;0;0;0;0;0;0;0;0;0;20.02250862121582;0;0
844;0;0;0;1;0;0;0;0;0;0;0;0;0;0;0;0;0;0;0;20.02250862121582;0;0
854;0;0;0;1;0;0;0;0;0;0;0;0;0;0;0;0;0;0;0;20.02250862121582;0;0
865;0;0;0;1;0;0;0;0;0;0;0;0;0;0;0;0;0;0;0;20.02250862121582;0;0
876;0;0;0;1;0;0;0;0;0;0;0;0;0;0;0;0;0;0;0;20.02250862121582;0;0
887;0;0;0;1;0;0;0;0;0;0;0;0;0;0;0;0;0;0;0;20.02250862121582;0;0
897;0;0;0;1;0;0;0;0;0;0;0;0;0;0;0;0;0;0;0;20.02250862121582;0;0
909;0;0;0;1;0;0;0;0;0;0;0;0;0;0;0;0;0;0;0;20.02250862121582;0;0
919;0;0;0;1;0;0;0;0;0;0;0;0;0;0;0;0;0;0;0;20.02250862121582;0;0
931;0;0;0;1;0;0;0;0;0;0;0;0;0;0;0;0;0;0;0;20.02250862121582;0;0
942;0;0;0;1;0;0;0;0;0;0;0;0;0;0;0;0;0;0;0;20.02250862121582;0;0
953;0;0;0;1;0;0;0;0;0;0;0;0;0;0;0;0;0;0;0;20.02250862121582;0;0
964;0;0;0;1;0;0;0;0;0;0;0;0;0;0;0;0;0;0;0;20.02250862121582;0;0
975;0;0;0;1;0;0;0;0;0;0;0;0;0;0;0;0;0;0;0;20.02250862121582;0;0
986;0;0;0;1;0;0;0;0;0;0;0;0;0;0;0;0;0;0;0;20.02250862121582;0;0
997;0;0;0;1;0;0;0;0;0;0;0;0;0;0;0;0;0;0;0;20.02250862121582;0;0
1007;0;0;0;1;0;0;0;0;0;0;0;0;0;0;0;0;0;0;0;20.02250862121582;0;0
1018;0;0;0;1;0;0;0;0;0;0;0;0;0;0;0;0;0;0;0;20.02250862121582;0;0
1029;0;0;0;1;0;0;0;0;0;0;0;0;0;0;0;0;0;0;0;20.02250862121582;0;0
1041;0;0;0;1;0;0;0;0;0;0;0;0;0;0;0;0;0;0;0;20.02250862121582;0;0
1051;0;0;0;1;0;0;0;0;0;0;0;0;0;0;0;0;0;0;0;20.02250862121582;0;0
1062;0;0;0;1;0;0;0;0;0;0;0;0;0;0;0;0;0;0;0;20.02250862121582;0;0
1072;0;0;0;1;0;0;0;0;0;0;0;0;0;0;0;0;0;0;0;20.02250862121582;0;0
1084;0;0;0;1;0;0;0;0;0;0;0;0;0;0;0;0;0;0;0;20.02250862121582;0;0
1095;0;0;0;1;0;0;0;0;0;0;0;0;0;0;0;0;0;0;0;20.02250862121582;0;0
1106;0;0;0;1;0;0;0;0;0;0;0;0;0;0;0;0;0;0;0;20.02250862121582;0;0
1116;0;0;0;1;0;0;0;0;0;0;0;0;0;0;0;0;0;0;0;20.02250862121582;0;0
1126;0;0;0;1;0;0;0;0;0;0;0;0;0;0;0;0;0;0;0;20.02250862121582;0;0
1136;0;0;0;1;0;0;0;0;0;0;0;0;0;0;0;0;0;0;0;20.02250862121582;0;0
1147;0;0;0;1;0;0;0;0;0;0;0;0;0;0;0;0;0;0;0;20.02250862121582;0;0
1159;0;0;0;1;0;0;0;0;0;0;0;0;0;0;0;0;0;0;0;20.02250862121582;0;0
1169;0;0;0;1;0;0;0;0;0;0;0;0;0;0;0;0;0;0;0;20.02250862121582;0;0
1180;0;0;0;1;0;0;0;0;0;0;0;0;0;0;0;0;0;0;0;20.02250862121582;0;0
1191;0;0;0;1;0;0;0;0;0;0;0;0;0;0;0;0;0;0;0;20.02250862121582;0;0
1202;0;0;0;1;0;0;0;0;0;0;0;0;0;0;0;0;0;0;0;20.02250862121582;0;0
1213;0;0;0;1;0;0;0;0;0;0;0;0;0;0;0;0;0;0;0;20.02250862121582;0;0
1223;0;0;0;1;0;0;0;0;0;0;0;0;0;0;0;0;0;0;0;20.02250862121582;0;0
1234;0;0;0;1;0;0;0;0;0;0;0;0;0;0;0;0;0;0;0;20.02250862121582;0;0
1245;0;0;0;1;0;0;0;0;0;0;0;0;0;0;0;0;0;0;0;20.02250862121582;0;0
1256;0;0;0;1;0;0;0;0;0;0;0;0;0;0;0;0;0;0;0;20.02250862121582;0;0
1266;0;0;0;1;0;0;0;0;0;0;0;0;0;0;0;0;0;0;0;20.02250862121582;0;0
1276;0;0;0;1;0;0;0;0;0;0;0;0;0;0;0;0;0;0;0;20.02250862121582;0;0
1286;0;0;0;1;0;0;0;0;0;0;0;0;0;0;0;0;0;0;0;20.02250862121582;0;0
1297;0;0;0;1;0;0;0;0;0;0;0;0;0;0;0;0;0;0;0;20.02250862121582;0;0
1307;0;0;0;1;0;0;0;0;0;0;0;0;0;0;0;0;0;0;0;20.02250862121582;0;0
1317;0;0;0;1;0;0;0;0;0;0;0;0;0;0;0;0;0;0;0;20.02250862121582;0;0
1328;0;0;0;1;0;0;0;0;0;0;0;0;0;0;0;0;0;0;0;20.02250862121582;0;0
1339;0;0;0;1;0;0;0;0;0;0;0;0;0;0;0;0;0;0;0;20.02250862121582;0;0
1349;0;0;0;1;0;0;0;0;0;0;0;0;0;0;0;0;0;0;0;20.02250862121582;0;0
1359;0;0;0;1;0;0;0;0;0;0;0;0;0;0;0;0;0;0;0;20.02250862121582;0;0
1369;0;0;0;1;0;0;0;0;0;0;0;0;0;0;0;0;0;0;0;20.02250862121582;0;0
1380;0;0;0;1;0;0;0;0;0;0;0;0;0;0;0;0;0;0;0;20.02250862121582;0;0
1391;0;0;0;1;0;0;0;0;0;0;0;0;0;0;0;0;0;0;0;20.02250862121582;0;0
1402;0;0;0;1;0;0;0;0;0;0;0;0;0;0;0;0;0;0;0;20.02250862121582;0;0
1412;0;0;0;1;0;0;0;0;0;0;0;0;0;0;0;0;0;0;0;20.02250862121582;0;0
1423;0;0;0;1;0;0;0;0;0;0;0;0;0;0;0;0;0;0;0;20.02250862121582;0;0
1434;0;0;0;1;0;0;0;0;0;0;0;0;0;0;0;0;0;0;0;20.02250862121582;0;0
1444;0;0;0;1;0;0;0;0;0;0;0;0;0;0;0;0;0;0;0;20.02250862121582;0;0
1455;0;0;0;1;0;0;0;0;0;0;0;0;0;0;0;0;0;0;0;20.02250862121582;0;0
1466;0;0;0;1;0;0;0;0;0;0;0;0;0;0;0;0;0;0;0;20.02250862121582;0;0
1477;0;0;0;1;0;0;0;0;0;0;0;0;0;0;0;0;0;0;0;20.02250862121582;0;0
1489;0;0;0;1;0;0;0;0;0;0;0;0;0;0;0;0;0;0;0;20.02250862121582;0;0
1501;0;0;0;1;0;0;0;0;0;0;0;0;0;0;0;0;0;0;0;20.02250862121582;0;0
1511;0;0;0;1;0;0;0;0;0;0;0;0;0;0;0;0;0;0;0;20.02250862121582;0;0
1523;0;0;0;1;0;0;0;0;0;0;0;0;0;0;0;0;0;0;0;20.02250862121582;0;0
1533;0;0;0;1;0;0;0;0;0;0;0;0;0;0;0;0;0;0;0;20.02250862121582;0;0
1544;0;0;0;1;0;0;0;0;0;0;0;0;0;0;0;0;0;0;0;20.02250862121582;0;0
1555;0;0;0;1;0;0;0;0;0;0;0;0;0;0;0;0;0;0;0;20.02250862121582;0;0
1565;0;0;0;1;0;0;0;0;0;0;0;0;0;0;0;0;0;0;0;20.02250862121582;0;0
1575;0;0;0;1;0;0;0;0;0;0;0;0;0;0;0;0;0;0;0;20.02250862121582;0;0
1585;0;0;0;1;0;0;0;0;0;0;0;0;0;0;0;0;0;0;0;20.02250862121582;0;0
1596;0;0;0;1;0;0;0;0;0;0;0;0;0;0;0;0;0;0;0;20.02250862121582;0;0
1606;0;0;0;1;0;0;0;0;0;0;0;0;0;0;0;0;0;0;0;20.02250862121582;0;0
1617;0;0;0;1;0;0;0;0;0;0;0;0;0;0;0;0;0;0;0;20.02250862121582;0;0
1627;0;0;0;1;0;0;0;0;0;0;0;0;0;0;0;0;0;0;0;20.02250862121582;0;0
1638;0;0;0;1;0;0;0;0;0;0;0;0;0;0;0;0;0;0;0;20.02250862121582;0;0
1649;0;0;0;1;0;0;0;0;0;0;0;0;0;0;0;0;0;0;0;20.02250862121582;0;0
1659;0;0;0;1;0;0;0;0;0;0;0;0;0;0;0;0;0;0;0;20.02250862121582;0;0
1669;0;0;0;1;0;0;0;0;0;0;0;0;0;0;0;0;0;0;0;20.02250862121582;0;0
1680;0;0;0;1;0;0;0;0;0;0;0;0;0;0;0;0;0;0;0;20.02250862121582;0;0
1690;0;0;0;1;0;0;0;0;0;0;0;0;0;0;0;0;0;0;0;20.02250862121582;0;0
1699;0;0;0;1;0;0;0;0;0;0;0;0;0;0;0;0;0;0;0;20.02250862121582;0;0
1709;0;0;0;1;0;0;0;0;0;0;0;0;0;0;0;0;0;0;0;20.02250862121582;0;0
1720;0;0;0;1;0;0;0;0;0;0;0;0;0;0;0;0;0;0;0;20.02250862121582;0;0
1730;0;0;0;1;0;0;0;0;0;0;0;0;0;0;0;0;0;0;0;20.02250862121582;0;0
1741;0;0;0;1;0;0;0;0;0;0;0;0;0;0;0;0;0;0;0;20.02250862121582;0;0
1751;0;0;0;1;0;0;0;0;0;0;0;0;0;0;0;0;0;0;0;20.02250862121582;0;0
1761;0;0;0;1;0;0;0;0;0;0;0;0;0;0;0;0;0;0;0;20.02250862121582;0;0
1772;0;0;0;1;0;0;0;0;0;0;0;0;0;0;0;0;0;0;0;20.02250862121582;0;0
1782;0;0;0;1;0;0;0;0;0;0;0;0;0;0;0;0;0;0;0;20.02250862121582;0;0
1792;0;0;0;1;0;0;0;0;0;0;0;0;0;0;0;0;0;0;0;20.02250862121582;0;0
1802;0;0;0;1;0;0;0;0;0;0;0;0;0;0;0;0;0;0;0;20.02250862121582;0;0
1812;0;0;0;1;0;0;0;0;0;0;0;0;0;0;0;0;0;0;0;20.02250862121582;0;0
1823;0;0;0;1;0;0;0;0;0;0;0;0;0;0;0;0;0;0;0;20.02250862121582;0;0
1833;0;0;0;1;0;0;0;0;0;0;0;0;0;0;0;0;0;0;0;20.02250862121582;0;0
1843;0;0;0;1;0;0;0;0;0;0;0;0;0;0;0;0;0;0;0;20.02250862121582;0;0
1854;0;0;0;1;0;0;0;0;0;0;0;0;0;0;0;0;0;0;0;20.02250862121582;0;0
1865;0;0;0;1;0;0;0;0;0;0;0;0;0;0;0;0;0;0;0;20.02250862121582;0;0
1877;0;0;0;1;0;0;0;0;0;0;0;0;0;0;0;0;0;0;0;20.02250862121582;0;0
1887;0;0;0;1;0;0;0;0;0;0;0;0;0;0;0;0;0;0;0;20.02250862121582;0;0
1898;0;0;0;1;0;0;0;0;0;0;0;0;0;0;0;0;0;0;0;20.02250862121582;0;0
1909;0;0;0;1;0;0;0;0;0;0;0;0;0;0;0;0;0;0;0;20.02250862121582;0;0
1919;0;0;0;1;0;0;0;0;0;0;0;0;0;0;0;0;0;0;0;20.02250862121582;0;0
1929;0;0;0;1;0;0;0;0;0;0;0;0;0;0;0;0;0;0;0;20.02250862121582;0;0
1939;0;0;0;1;0;0;0;0;0;0;0;0;0;0;0;0;0;0;0;20.02250862121582;0;0
1949;0;0;0;1;0;0;0;0;0;0;0;0;0;0;0;0;0;0;0;20.02250862121582;0;0
1960;0;0;0;1;0;0;0;0;0;0;0;0;0;0;0;0;0;0;0;20.02250862121582;0;0
1971;0;0;0;1;0;0;0;0;0;0;0;0;0;0;0;0;0;0;0;20.02250862121582;0;0
1983;0;0;0;1;0;0;0;0;0;0;0;0;0;0;0;0;0;0;0;20.02250862121582;0;0
1993;0;0;0;1;0;0;0;0;0;0;0;0;0;0;0;0;0;0;0;20.02250862121582;0;0
2003;0;0;0;1;0;0;0;0;0;0;0;0;0;0;0;0;0;0;0;20.02250862121582;0;0
2014;0;0;0;1;0;0;0;0;0;0;0;0;0;0;0;0;0;0;0;20.02250862121582;0;0
2024;0;0;0;1;0;0;0;0;0;0;0;0;0;0;0;0;0;0;0;20.02250862121582;0;0
2036;0;0;0;1;0;0;0;0;0;0;0;0;0;0;0;0;0;0;0;20.02250862121582;0;0
2046;0;0;0;1;0;0;0;0;0;0;0;0;0;0;0;0;0;0;0;20.02250862121582;0;0
2057;0;0;0;1;0;0;0;0;0;0;0;0;0;0;0;0;0;0;0;20.02250862121582;0;0
2067;0;0;0;1;0;0;0;0;0;0;0;0;0;0;0;0;0;0;0;20.02250862121582;0;0
2078;0;0;0;1;0;0;0;0;0;0;0;0;0;0;0;0;0;0;0;20.02250862121582;0;0
2088;0;0;0;1;0;0;0;0;0;0;0;0;0;0;0;0;0;0;0;20.02250862121582;0;0
2099;0;0;0;1;0;0;0;0;0;0;0;0;0;0;0;0;0;0;0;20.02250862121582;0;0
2110;0;0;0;1;0;0;0;0;0;0;0;0;0;0;0;0;0;0;0;20.02250862121582;0;0
2121;0;0;0;1;0;0;0;0;0;0;0;0;0;0;0;0;0;0;0;20.02250862121582;0;0
2132;0;0;0;1;0;0;0;0;0;0;0;0;0;0;0;0;0;0;0;20.02250862121582;0;0
2143;0;0;0;1;0;0;0;0;0;0;0;0;0;0;0;0;0;0;0;20.02250862121582;0;0
2154;0;0;0;1;0;0;0;0;0;0;0;0;0;0;0;0;0;0;0;20.02250862121582;0;0
2164;0;0;0;1;0;0;0;0;0;0;0;0;0;0;0;0;0;0;0;20.02250862121582;0;0
2174;0;0;0;1;0;0;0;0;0;0;0;0;0;0;0;0;0;0;0;20.02250862121582;0;0
2185;0;0;0;1;0;0;0;0;0;0;0;0;0;0;0;0;0;0;0;20.02250862121582;0;0
2195;0;0;0;1;0;0;0;0;0;0;0;0;0;0;0;0;0;0;0;20.02250862121582;0;0
2205;0;0;0;1;0;0;0;0;0;0;0;0;0;0;0;0;0;0;0;20.02250862121582;0;0
2216;0;0;0;1;0;0;0;0;0;0;0;0;0;0;0;0;0;0;0;20.02250862121582;0;0
2226;0;0;0;1;0;0;0;0;0;0;0;0;0;0;0;0;0;0;0;20.02250862121582;0;0
2237;0;0;0;1;0;0;0;0;0;0;0;0;0;0;0;0;0;0;0;20.02250862121582;0;0
2248;0;0;0;1;0;0;0;0;0;0;0;0;0;0;0;0;0;0;0;20.02250862121582;0;0
2258;0;0;0;1;0;0;0;0;0;0;0;0;0;0;0;0;0;0;0;20.02250862121582;0;0
2269;0;0;0;1;0;0;0;0;0;0;0;0;0;0;0;0;0;0;0;20.02250862121582;0;0
2279;0;0;0;1;0;0;0;0;0;0;0;0;0;0;0;0;0;0;0;20.02250862121582;0;0
2289;0;0;0;1;0;0;0;0;0;0;0;0;0;0;0;0;0;0;0;20.02250862121582;0;0
2300;0;0;0;1;0;0;0;0;0;0;0;0;0;0;0;0;0;0;0;20.02250862121582;0;0
2310;0;0;0;1;0;0;0;0;0;0;0;0;0;0;0;0;0;0;0;20.02250862121582;0;0
2321;0;0;0;1;0;0;0;0;0;0;0;0;0;0;0;0;0;0;0;20.02250862121582;0;0
2331;0;0;0;1;0;0;0;0;0;0;0;0;0;0;0;0;0;0;0;20.02250862121582;0;0
2341;0;0;0;1;0;0;0;0;0;0;0;0;0;0;0;0;0;0;0;20.02250862121582;0;0
2352;0;0;0;1;0;0;0;0;0;0;0;0;0;0;0;0;0;0;0;20.02250862121582;0;0
2363;0;0;0;1;0;0;0;0;0;0;0;0;0;0;0;0;0;0;0;20.02250862121582;0;0
2373;0;0;0;1;0;0;0;0;0;0;0;0;0;0;0;0;0;0;0;20.02250862121582;0;0
2383;0;0;0;1;0;0;0;0;0;0;0;0;0;0;0;0;0;0;0;20.02250862121582;0;0
2394;0;0;0;1;0;0;0;0;0;0;0;0;0;0;0;0;0;0;0;20.02250862121582;0;0
2404;0;0;0;1;0;0;0;0;0;0;0;0;0;0;0;0;0;0;0;20.02250862121582;0;0
2414;0;0;0;1;0;0;0;0;0;0;0;0;0;0;0;0;0;0;0;20.02250862121582;0;0
2425;0;0;0;1;0;0;0;0;0;0;0;0;0;0;0;0;0;0;0;20.02250862121582;0;0
2435;0;0;0;1;0;0;0;0;0;0;0;0;0;0;0;0;0;0;0;20.02250862121582;0;0
2445;0;0;0;1;0;0;0;0;0;0;0;0;0;0;0;0;0;0;0;20.02250862121582;0;0
2456;0;0;0;1;0;0;0;0;0;0;0;0;0;0;0;0;0;0;0;20.02250862121582;0;0
2466;0;0;0;1;0;0;0;0;0;0;0;0;0;0;0;0;0;0;0;20.02250862121582;0;0
2476;0;0;0;1;0;0;0;0;0;0;0;0;0;0;0;0;0;0;0;20.02250862121582;0;0
2487;0;0;0;1;0;0;0;0;0;0;0;0;0;0;0;0;0;0;0;20.02250862121582;0;0
2497;0;0;0;1;0;0;0;0;0;0;0;0;0;0;0;0;0;0;0;20.02250862121582;0;0
2507;0;0;0;1;0;0;0;0;0;0;0;0;0;0;0;0;0;0;0;20.02250862121582;0;0
2518;0;0;0;1;0;0;0;0;0;0;0;0;0;0;0;0;0;0;0;20.02250862121582;0;0
2528;0;0;0;1;0;0;0;0;0;0;0;0;0;0;0;0;0;0;0;20.02250862121582;0;0
2539;0;0;0;1;0;0;0;0;0;0;0;0;0;0;0;0;0;0;0;20.02250862121582;0;0
2549;0;0;0;1;0;0;0;0;0;0;0;0;0;0;0;0;0;0;0;20.02250862121582;0;0
2559;0;0;0;1;0;0;0;0;0;0;0;0;0;0;0;0;0;0;0;20.02250862121582;0;0
2570;0;0;0;1;0;0;0;0;0;0;0;0;0;0;0;0;0;0;0;20.02250862121582;0;0
2579;0;0;0;1;0;0;0;0;0;0;0;0;0;0;0;0;0;0;0;20.02250862121582;0;0
2590;0;0;0;1;0;0;0;0;0;0;0;0;0;0;0;0;0;0;0;20.02250862121582;0;0
2601;0;0;0;1;0;0;0;0;0;0;0;0;0;0;0;0;0;0;0;20.02250862121582;0;0
2611;0;0;0;1;0;0;0;0;0;0;0;0;0;0;0;0;0;0;0;20.02250862121582;0;0
2623;0;0;0;1;0;0;0;0;0;0;0;0;0;0;0;0;0;0;0;20.02250862121582;0;0
2633;0;0;0;1;0;0;0;0;0;0;0;0;0;0;0;0;0;0;0;20.02250862121582;0;0
2643;0;0;0;1;0;0;0;0;0;0;0;0;0;0;0;0;0;0;0;20.02250862121582;0;0
2654;0;0;0;1;0;0;0;0;0;0;0;0;0;0;0;0;0;0;0;20.02250862121582;0;0
2664;0;0;0;1;0;0;0;0;0;0;0;0;0;0;0;0;0;0;0;20.02250862121582;0;0
2676;0;0;0;1;0;0;0;0;0;0;0;0;0;0;0;0;0;0;0;20.02250862121582;0;0
2687;0;0;0;1;0;0;0;0;0;0;0;0;0;0;0;0;0;0;0;20.02250862121582;0;0
2696;0;0;0;1;0;0;0;0;0;0;0;0;0;0;0;0;0;0;0;20.02250862121582;0;0
2707;0;0;0;1;0;0;0;0;0;0;0;0;0;0;0;0;0;0;0;20.02250862121582;0;0
2718;0;0;0;1;0;0;0;0;0;0;0;0;0;0;0;0;0;0;0;20.02250862121582;0;0
2729;0;0;0;1;0;0;0;0;0;0;0;0;0;0;0;0;0;0;0;20.02250862121582;0;0
2739;0;0;0;1;0;0;0;0;0;0;0;0;0;0;0;0;0;0;0;20.02250862121582;0;0
2749;0;0;0;1;0;0;0;0;0;0;0;0;0;0;0;0;0;0;0;20.02250862121582;0;0
2759;0;0;0;1;0;0;0;0;0;0;0;0;0;0;0;0;0;0;0;20.02250862121582;0;0
2770;0;0;0;1;0;0;0;0;0;0;0;0;0;0;0;0;0;0;0;20.02250862121582;0;0
2780;0;0;0;1;0;0;0;0;0;0;0;0;0;0;0;0;0;0;0;20.02250862121582;0;0
2791;0;0;0;1;0;0;0;0;0;0;0;0;0;0;0;0;0;0;0;20.02250862121582;0;0
2801;0;0;0;1;0;0;0;0;0;0;0;0;0;0;0;0;0;0;0;20.02250862121582;0;0
2812;0;0;0;1;0;0;0;0;0;0;0;0;0;0;0;0;0;0;0;20.02250862121582;0;0
2824;0;0;0;1;0;0;0;0;0;0;0;0;0;0;0;0;0;0;0;20.02250862121582;0;0
2835;0;0;0;1;0;0;0;0;0;0;0;0;0;0;0;0;0;0;0;20.02250862121582;0;0
2847;0;0;0;1;0;0;0;0;0;0;0;0;0;0;0;0;0;0;0;20.02250862121582;0;0
2857;0;0;0;1;0;0;0;0;0;0;0;0;0;0;0;0;0;0;0;20.02250862121582;0;0
2867;0;0;0;1;0;0;0;0;0;0;0;0;0;0;0;0;0;0;0;20.02250862121582;0;0
2877;0;0;0;1;0;0;0;0;0;0;0;0;0;0;0;0;0;0;0;20.02250862121582;0;0
2887;0;0;0;1;0;0;0;0;0;0;0;0;0;0;0;0;0;0;0;20.02250862121582;0;0
2898;0;0;0;1;0;0;0;0;0;0;0;0;0;0;0;0;0;0;0;20.02250862121582;0;0
2909;0;0;0;1;0;0;0;0;0;0;0;0;0;0;0;0;0;0;0;20.02250862121582;0;0
2919;0;0;0;1;0;0;0;0;0;0;0;0;0;0;0;0;0;0;0;20.02250862121582;0;0
2929;0;0;0;1;0;0;0;0;0;0;0;0;0;0;0;0;0;0;0;20.02250862121582;0;0
2939;0;0;0;1;0;0;0;0;0;0;0;0;0;0;0;0;0;0;0;20.02250862121582;0;0
2950;0;0;0;1;0;0;0;0;0;0;0;0;0;0;0;0;0;0;0;20.02250862121582;0;0
2961;0;0;0;1;0;0;0;0;0;0;0;0;0;0;0;0;0;0;0;20.02250862121582;0;0
2971;0;0;0;1;0;0;0;0;0;0;0;0;0;0;0;0;0;0;0;20.02250862121582;0;0
2982;0;0;0;1;0;0;0;0;0;0;0;0;0;0;0;0;0;0;0;20.02250862121582;0;0
2993;0;0;0;1;0;0;0;0;0;0;0;0;0;0;0;0;0;0;0;20.02250862121582;0;0
3003;0;0;0;1;0;0;0;0;0;0;0;0;0;0;0;0;0;0;0;20.02250862121582;0;0
3013;0;0;0;1;0;0;0;0;0;0;0;0;0;0;0;0;0;0;0;20.02250862121582;0;0
3024;0;0;0;1;0;0;0;0;0;0;0;0;0;0;0;0;0;0;0;20.02250862121582;0;0
3034;0;0;0;1;0;0;0;0;0;0;0;0;0;0;0;0;0;0;0;20.02250862121582;0;0
3044;0;0;0;1;0;0;0;0;0;0;0;0;0;0;0;0;0;0;0;20.02250862121582;0;0
3055;0;0;0;1;0;0;0;0;0;0;0;0;0;0;0;0;0;0;0;20.02250862121582;0;0
3065;0;0;0;1;0;0;0;0;0;0;0;0;0;0;0;0;0;0;0;20.02250862121582;0;0
3075;0;0;0;1;0;0;0;0;0;0;0;0;0;0;0;0;0;0;0;20.02250862121582;0;0
3085;0;0;0;1;0;0;0;0;0;0;0;0;0;0;0;0;0;0;0;20.02250862121582;0;0
3096;0;0;0;1;0;0;0;0;0;0;0;0;0;0;0;0;0;0;0;20.02250862121582;0;0
3107;0;0;0;1;0;0;0;0;0;0;0;0;0;0;0;0;0;0;0;20.02250862121582;0;0
3117;0;0;0;1;0;0;0;0;0;0;0;0;0;0;0;0;0;0;0;20.02250862121582;0;0
3128;0;0;0;1;0;0;0;0;0;0;0;0;0;0;0;0;0;0;0;20.02250862121582;0;0
3139;0;0;0;1;0;0;0;0;0;0;0;0;0;0;0;0;0;0;0;20.02250862121582;0;0
3149;0;0;0;1;0;0;0;0;0;0;0;0;0;0;0;0;0;0;0;20.02250862121582;0;0
3159;0;0;0;1;0;0;0;0;0;0;0;0;0;0;0;0;0;0;0;20.02250862121582;0;0
3170;0;0;0;1;0;0;0;0;0;0;0;0;0;0;0;0;0;0;0;20.02250862121582;0;0
3180;0;0;0;1;0;0;0;0;0;0;0;0;0;0;0;0;0;0;0;20.02250862121582;0;0
3192;0;0;0;1;0;0;0;0;0;0;0;0;0;0;0;0;0;0;0;20.02250862121582;0;0
3203;0;0;0;1;0;0;0;0;0;0;0;0;0;0;0;0;0;0;0;20.02250862121582;0;0
3215;0;0;0;1;0;0;0;0;0;0;0;0;0;0;0;0;0;0;0;20.02250862121582;0;0
3225;0;0;0;1;0;0;0;0;0;0;0;0;0;0;0;0;0;0;0;20.02250862121582;0;0
3237;0;0;0;1;0;0;0;0;0;0;0;0;0;0;0;0;0;0;0;20.02250862121582;0;0
3247;0;0;0;1;0;0;0;0;0;0;0;0;0;0;0;0;0;0;0;20.02250862121582;0;0
3258;0;0;0;1;0;0;0;0;0;0;0;0;0;0;0;0;0;0;0;20.02250862121582;0;0
3269;0;0;0;1;0;0;0;0;0;0;0;0;0;0;0;0;0;0;0;20.02250862121582;0;0
3279;0;0;0;1;0;0;0;0;0;0;0;0;0;0;0;0;0;0;0;20.02250862121582;0;0
3289;0;0;0;1;0;0;0;0;0;0;0;0;0;0;0;0;0;0;0;20.02250862121582;0;0
3299;0;0;0;1;0;0;0;0;0;0;0;0;0;0;0;0;0;0;0;20.02250862121582;0;0
3309;0;0;0;1;0;0;0;0;0;0;0;0;0;0;0;0;0;0;0;20.02250862121582;0;0
3320;0;0;0;1;0;0;0;0;0;0;0;0;0;0;0;0;0;0;0;20.02250862121582;0;0
3331;0;0;0;1;0;0;0;0;0;0;0;0;0;0;0;0;0;0;0;20.02250862121582;0;0
3342;0;0;0;1;0;0;0;0;0;0;0;0;0;0;0;0;0;0;0;20.02250862121582;0;0
3352;0;0;0;1;0;0;0;0;0;0;0;0;0;0;0;0;0;0;0;20.02250862121582;0;0
3362;0;0;0;1;0;0;0;0;0;0;0;0;0;0;0;0;0;0;0;20.02250862121582;0;0
3373;0;0;0;1;0;0;0;0;0;0;0;0;0;0;0;0;0;0;0;20.02250862121582;0;0
3383;0;0;0;1;0;0;0;0;0;0;0;0;0;0;0;0;0;0;0;20.02250862121582;0;0
3394;0;0;0;1;0;0;0;0;0;0;0;0;0;0;0;0;0;0;0;20.02250862121582;0;0
3404;0;0;0;1;0;0;0;0;0;0;0;0;0;0;0;0;0;0;0;20.02250862121582;0;0
3415;0;0;0;1;0;0;0;0;0;0;0;0;0;0;0;0;0;0;0;20.02250862121582;0;0
3425;0;0;0;1;0;0;0;0;0;0;0;0;0;0;0;0;0;0;0;20.02250862121582;0;0
3435;0;0;0;1;0;0;0;0;0;0;0;0;0;0;0;0;0;0;0;20.02250862121582;0;0
3446;0;0;0;1;0;0;0;0;0;0;0;0;0;0;0;0;0;0;0;20.02250862121582;0;0
3456;0;0;0;1;0;0;0;0;0;0;0;0;0;0;0;0;0;0;0;20.02250862121582;0;0
3467;0;0;0;1;0;0;0;0;0;0;0;0;0;0;0;0;0;0;0;20.02250862121582;0;0
3477;0;0;0;1;0;0;0;0;0;0;0;0;0;0;0;0;0;0;0;20.02250862121582;0;0
3487;0;0;0;1;0;0;0;0;0;0;0;0;0;0;0;0;0;0;0;20.02250862121582;0;0
3499;0;0;0;1;0;0;0;0;0;0;0;0;0;0;0;0;0;0;0;20.02250862121582;0;0
3510;0;0;0;1;0;0;0;0;0;0;0;0;0;0;0;0;0;0;0;20.02250862121582;0;0
3521;0;0;0;1;0;0;0;0;0;0;0;0;0;0;0;0;0;0;0;20.02250862121582;0;0
3531;0;0;0;1;0;0;0;0;0;0;0;0;0;0;0;0;0;0;0;20.02250862121582;0;0
3542;0;0;0;1;0;0;0;0;0;0;0;0;0;0;0;0;0;0;0;20.02250862121582;0;0
3553;0;0;0;1;0;0;0;0;0;0;0;0;0;0;0;0;0;0;0;20.02250862121582;0;0
3564;0;0;0;1;0;0;0;0;0;0;0;0;0;0;0;0;0;0;0;20.02250862121582;0;0
3575;0;0;0;1;0;0;0;0;0;0;0;0;0;0;0;0;0;0;0;20.02250862121582;0;0
3585;0;0;0;1;0;0;0;0;0;0;0;0;0;0;0;0;0;0;0;20.02250862121582;0;0
3596;0;0;0;1;0;0;0;0;0;0;0;0;0;0;0;0;0;0;0;20.02250862121582;0;0
3607;0;0;0;1;0;0;0;0;0;0;0;0;0;0;0;0;0;0;0;20.02250862121582;0;0
3617;0;0;0;1;0;0;0;0;0;0;0;0;0;0;0;0;0;0;0;20.02250862121582;0;0
3628;0;0;0;1;0;0;0;0;0;0;0;0;0;0;0;0;0;0;0;20.02250862121582;0;0
3638;0;0;0;1;0;0;0;0;0;0;0;0;0;0;0;0;0;0;0;20.02250862121582;0;0
3649;0;0;0;1;0;0;0;0;0;0;0;0;0;0;0;0;0;0;0;20.02250862121582;0;0
3660;0;0;0;1;0;0;0;0;0;0;0;0;0;0;0;0;0;0;0;20.02250862121582;0;0
3670;0;0;0;1;0;0;0;0;0;0;0;0;0;0;0;0;0;0;0;20.02250862121582;0;0
3681;0;0;0;1;0;0;0;0;0;0;0;0;0;0;0;0;0;0;0;20.02250862121582;0;0
3691;0;0;0;1;0;0;0;0;0;0;0;0;0;0;0;0;0;0;0;20.02250862121582;0;0
3702;0;0;0;1;0;0;0;0;0;0;0;0;0;0;0;0;0;0;0;20.02250862121582;0;0
3713;0;0;0;1;0;0;0;0;0;0;0;0;0;0;0;0;0;0;0;20.02250862121582;0;0
3723;0;0;0;1;0;0;0;0;0;0;0;0;0;0;0;0;0;0;0;20.02250862121582;0;0
3733;0;0;0;1;0;0;0;0;0;0;0;0;0;0;0;0;0;0;0;20.02250862121582;0;0
3743;0;0;0;1;0;0;0;0;0;0;0;0;0;0;0;0;0;0;0;20.02250862121582;0;0
3753;0;0;0;1;0;0;0;0;0;0;0;0;0;0;0;0;0;0;0;20.02250862121582;0;0
3764;0;0;0;1;0;0;0;0;0;0;0;0;0;0;0;0;0;0;0;20.02250862121582;0;0
3774;0;0;0;1;0;0;0;0;0;0;0;0;0;0;0;0;0;0;0;20.02250862121582;0;0
3784;0;0;0;1;0;0;0;0;0;0;0;0;0;0;0;0;0;0;0;20.02250862121582;0;0
3794;0;0;0;1;0;0;0;0;0;0;0;0;0;0;0;0;0;0;0;20.02250862121582;0;0
3805;0;0;0;1;0;0;0;0;0;0;0;0;0;0;0;0;0;0;0;20.02250862121582;0;0
3815;0;0;0;1;0;0;0;0;0;0;0;0;0;0;0;0;0;0;0;20.02250862121582;0;0
3825;0;0;0;1;0;0;0;0;0;0;0;0;0;0;0;0;0;0;0;20.02250862121582;0;0
3835;0;0;0;1;0;0;0;0;0;0;0;0;0;0;0;0;0;0;0;20.02250862121582;0;0
3846;0;0;0;1;0;0;0;0;0;0;0;0;0;0;0;0;0;0;0;20.02250862121582;0;0
3857;0;0;0;1;0;0;0;0;0;0;0;0;0;0;0;0;0;0;0;20.02250862121582;0;0
3868;0;0;0;1;0;0;0;0;0;0;0;0;0;0;0;0;0;0;0;20.02250862121582;0;0
3877;0;0;0;1;0;0;0;0;0;0;0;0;0;0;0;0;0;0;0;20.02250862121582;0;0
3888;0;0;0;1;0;0;0;0;0;0;0;0;0;0;0;0;0;0;0;20.02250862121582;0;0
3898;0;0;0;1;0;0;0;0;0;0;0;0;0;0;0;0;0;0;0;20.02250862121582;0;0
3908;0;0;0;1;0;0;0;0;0;0;0;0;0;0;0;0;0;0;0;20.02250862121582;0;0
3919;0;0;0;1;0;0;0;0;0;0;0;0;0;0;0;0;0;0;0;20.02250862121582;0;0
3929;0;0;0;1;0;0;0;0;0;0;0;0;0;0;0;0;0;0;0;20.02250862121582;0;0
3941;0;0;0;1;0;0;0;0;0;0;0;0;0;0;0;0;0;0;0;20.02250862121582;0;0
3951;0;0;0;1;0;0;0;0;0;0;0;0;0;0;0;0;0;0;0;20.02250862121582;0;0
3963;0;0;0;1;0;0;0;0;0;0;0;0;0;0;0;0;0;0;0;20.02250862121582;0;0
3974;0;0;0;1;0;0;0;0;0;0;0;0;0;0;0;0;0;0;0;20.02250862121582;0;0
3986;0;0;0;1;0;0;0;0;0;0;0;0;0;0;0;0;0;0;0;20.02250862121582;0;0
3996;0;0;0;1;0;0;0;0;0;0;0;0;0;0;0;0;0;0;0;20.02250862121582;0;0
4007;0;0;0;1;0;0;0;0;0;0;0;0;0;0;0;0;0;0;0;20.02250862121582;0;0
4018;0;0;0;1;0;0;0;0;0;0;0;0;0;0;0;0;0;0;0;20.02250862121582;0;0
4029;0;0;0;1;0;0;0;0;0;0;0;0;0;0;0;0;0;0;0;20.02250862121582;0;0
4040;0;0;0;1;0;0;0;0;0;0;0;0;0;0;0;0;0;0;0;20.02250862121582;0;0
4051;0;0;0;1;0;0;0;0;0;0;0;0;0;0;0;0;0;0;0;20.02250862121582;0;0
4061;0;0;0;1;0;0;0;0;0;0;0;0;0;0;0;0;0;0;0;20.02250862121582;0;0
4071;0;0;0;1;0;0;0;0;0;0;0;0;0;0;0;0;0;0;0;20.02250862121582;0;0
4082;0;0;0;1;0;0;0;0;0;0;0;0;0;0;0;0;0;0;0;20.02250862121582;0;0
4092;0;0;0;1;0;0;0;0;0;0;0;0;0;0;0;0;0;0;0;20.02250862121582;0;0
4102;0;0;0;1;0;0;0;0;0;0;0;0;0;0;0;0;0;0;0;20.02250862121582;0;0
4112;0;0;0;1;0;0;0;0;0;0;0;0;0;0;0;0;0;0;0;20.02250862121582;0;0
4122;0;0;0;1;0;0;0;0;0;0;0;0;0;0;0;0;0;0;0;20.02250862121582;0;0
4133;0;0;0;1;0;0;0;0;0;0;0;0;0;0;0;0;0;0;0;20.02250862121582;0;0
4143;0;0;0;1;0;0;0;0;0;0;0;0;0;0;0;0;0;0;0;20.02250862121582;0;0
4153;0;0;0;1;0;0;0;0;0;0;0;0;0;0;0;0;0;0;0;20.02250862121582;0;0
4163;0;0;0;1;0;0;0;0;0;0;0;0;0;0;0;0;0;0;0;20.02250862121582;0;0
4174;0;0;0;1;0;0;0;0;0;0;0;0;0;0;0;0;0;0;0;20.02250862121582;0;0
4184;0;0;0;1;0;0;0;0;0;0;0;0;0;0;0;0;0;0;0;20.02250862121582;0;0
4195;0;0;0;1;0;0;0;0;0;0;0;0;0;0;0;0;0;0;0;20.02250862121582;0;0
4205;0;0;0;1;0;0;0;0;0;0;0;0;0;0;0;0;0;0;0;20.02250862121582;0;0
4216;0;0;0;1;0;0;0;0;0;0;0;0;0;0;0;0;0;0;0;20.02250862121582;0;0
4227;0;0;0;1;0;0;0;0;0;0;0;0;0;0;0;0;0;0;0;20.02250862121582;0;0
4237;0;0;0;1;0;0;0;0;0;0;0;0;0;0;0;0;0;0;0;20.02250862121582;0;0
4248;0;0;0;1;0;0;0;0;0;0;0;0;0;0;0;0;0;0;0;20.02250862121582;0;0
4259;0;0;0;1;0;0;0;0;0;0;0;0;0;0;0;0;0;0;0;20.02250862121582;0;0
4269;0;0;0;1;0;0;0;0;0;0;0;0;0;0;0;0;0;0;0;20.02250862121582;0;0
4280;0;0;0;1;0;0;0;0;0;0;0;0;0;0;0;0;0;0;0;20.02250862121582;0;0
4290;0;0;0;1;0;0;0;0;0;0;0;0;0;0;0;0;0;0;0;20.02250862121582;0;0
4300;0;0;0;1;0;0;0;0;0;0;0;0;0;0;0;0;0;0;0;20.02250862121582;0;0
4311;0;0;0;1;0;0;0;0;0;0;0;0;0;0;0;0;0;0;0;20.02250862121582;0;0
4320;0;0;0;1;0;0;0;0;0;0;0;0;0;0;0;0;0;0;0;20.02250862121582;0;0
4331;0;0;0;1;0;0;0;0;0;0;0;0;0;0;0;0;0;0;0;20.02250862121582;0;0
4341;0;0;0;1;0;0;0;0;0;0;0;0;0;0;0;0;0;0;0;20.02250862121582;0;0
4351;0;0;0;1;0;0;0;0;0;0;0;0;0;0;0;0;0;0;0;20.02250862121582;0;0
4365;0;0;0;1;0;0;0;0;0;0;0;0;0;0;0;0;0;0;0;20.02250862121582;0;0
4375;0;0;0;1;0;0;0;0;0;0;0;0;0;0;0;0;0;0;0;20.02250862121582;0;0
4385;0;0;0;1;0;0;0;0;0;0;0;0;0;0;0;0;0;0;0;20.02250862121582;0;0
4397;0;0;0;1;0;0;0;0;0;0;0;0;0;0;0;0;0;0;0;20.02250862121582;0;0
4407;0;0;0;1;0;0;0;0;0;0;0;0;0;0;0;0;0;0;0;20.02250862121582;0;0
4417;0;0;0;1;0;0;0;0;0;0;0;0;0;0;0;0;0;0;0;20.02250862121582;0;0
4428;0;0;0;1;0;0;0;0;0;0;0;0;0;0;0;0;0;0;0;20.02250862121582;0;0
4440;0;0;0;1;0;0;0;0;0;0;0;0;0;0;0;0;0;0;0;20.02250862121582;0;0
4450;0;0;0;1;0;0;0;0;0;0;0;0;0;0;0;0;0;0;0;20.02250862121582;0;0
4460;0;0;0;1;0;0;0;0;0;0;0;0;0;0;0;0;0;0;0;20.02250862121582;0;0
4471;0;0;0;1;0;0;0;0;0;0;0;0;0;0;0;0;0;0;0;20.02250862121582;0;0
4481;0;0;0;1;0;0;0;0;0;0;0;0;0;0;0;0;0;0;0;20.02250862121582;0;0
4492;0;0;0;1;0;0;0;0;0;0;0;0;0;0;0;0;0;0;0;20.02250862121582;0;0
4502;0;0;0;1;0;0;0;0;0;0;0;0;0;0;0;0;0;0;0;20.02250862121582;0;0
4513;0;0;0;1;0;0;0;0;0;0;0;0;0;0;0;0;0;0;0;20.02250862121582;0;0
4523;0;0;0;1;0;0;0;0;0;0;0;0;0;0;0;0;0;0;0;20.02250862121582;0;0
4534;0;0;0;1;0;0;0;0;0;0;0;0;0;0;0;0;0;0;0;20.02250862121582;0;0
4545;0;0;0;1;0;0;0;0;0;0;0;0;0;0;0;0;0;0;0;20.02250862121582;0;0
4555;0;0;0;1;0;0;0;0;0;0;0;0;0;0;0;0;0;0;0;20.02250862121582;0;0
4565;0;0;0;1;0;0;0;0;0;0;0;0;0;0;0;0;0;0;0;20.02250862121582;0;0
4576;0;0;0;1;0;0;0;0;0;0;0;0;0;0;0;0;0;0;0;20.02250862121582;0;0
4587;0;0;0;1;0;0;0;0;0;0;0;0;0;0;0;0;0;0;0;20.02250862121582;0;0
4597;0;0;0;1;0;0;0;0;0;0;0;0;0;0;0;0;0;0;0;20.02250862121582;0;0
4607;0;0;0;1;0;0;0;0;0;0;0;0;0;0;0;0;0;0;0;20.02250862121582;0;0
4617;0;0;0;1;0;0;0;0;0;0;0;0;0;0;0;0;0;0;0;20.02250862121582;0;0
4628;0;0;0;1;0;0;0;0;0;0;0;0;0;0;0;0;0;0;0;20.02250862121582;0;0
4640;0;0;0;1;0;0;0;0;0;0;0;0;0;0;0;0;0;0;0;20.02250862121582;0;0
4650;0;0;0;1;0;0;0;0;0;0;0;0;0;0;0;0;0;0;0;20.02250862121582;0;0
4661;0;0;0;1;0;0;0;0;0;0;0;0;0;0;0;0;0;0;0;20.02250862121582;0;0
4671;0;0;0;1;0;0;0;0;0;0;0;0;0;0;0;0;0;0;0;20.02250862121582;0;0
4682;0;0;0;1;0;0;0;0;0;0;0;0;0;0;0;0;0;0;0;20.02250862121582;0;0
4692;0;0;0;1;0;0;0;0;0;0;0;0;0;0;0;0;0;0;0;20.02250862121582;0;0
4703;0;0;0;1;0;0;0;0;0;0;0;0;0;0;0;0;0;0;0;20.02250862121582;0;0
4713;0;0;0;1;0;0;0;0;0;0;0;0;0;0;0;0;0;0;0;20.02250862121582;0;0
4725;0;0;0;1;0;0;0;0;0;0;0;0;0;0;0;0;0;0;0;20.02250862121582;0;0
4736;0;0;0;1;0;0;0;0;0;0;0;0;0;0;0;0;0;0;0;20.02250862121582;0;0
4746;0;0;0;1;0;0;0;0;0;0;0;0;0;0;0;0;0;0;0;20.02250862121582;0;0
4757;0;0;0;1;0;0;0;0;0;0;0;0;0;0;0;0;0;0;0;20.02250862121582;0;0
4768;0;0;0;1;0;0;0;0;0;0;0;0;0;0;0;0;0;0;0;20.02250862121582;0;0
4778;0;0;0;1;0;0;0;0;0;0;0;0;0;0;0;0;0;0;0;20.02250862121582;0;0
4789;0;0;0;1;0;0;0;0;0;0;0;0;0;0;0;0;0;0;0;20.02250862121582;0;0
4799;0;0;0;1;0;0;0;0;0;0;0;0;0;0;0;0;0;0;0;20.02250862121582;0;0
4810;0;0;0;1;0;0;0;0;0;0;0;0;0;0;0;0;0;0;0;20.02250862121582;0;0
4823;0;0;0;1;0;0;0;0;0;0;0;0;0;0;0;0;0;0;0;20.02250862121582;0;0
4834;0;0;0;1;0;0;0;0;0;0;0;0;0;0;0;0;0;0;0;20.02250862121582;0;0
4844;0;0;0;1;0;0;0;0;0;0;0;0;0;0;0;0;0;0;0;20.02250862121582;0;0
4855;0;0;0;1;0;0;0;0;0;0;0;0;0;0;0;0;0;0;0;20.02250862121582;0;0
4866;0;0;0;1;0;0;0;0;0;0;0;0;0;0;0;0;0;0;0;20.02250862121582;0;0
4876;0;0;0;1;0;0;0;0;0;0;0;0;0;0;0;0;0;0;0;20.02250862121582;0;0
4887;0;0;0;1;0;0;0;0;0;0;0;0;0;0;0;0;0;0;0;20.02250862121582;0;0
4898;0;0;0;1;0;0;0;0;0;0;0;0;0;0;0;0;0;0;0;20.02250862121582;0;0
4908;0;0;0;1;0;0;0;0;0;0;0;0;0;0;0;0;0;0;0;20.02250862121582;0;0
4919;0;0;0;1;0;0;0;0;0;0;0;0;0;0;0;0;0;0;0;20.02250862121582;0;0
4929;0;0;0;1;0;0;0;0;0;0;0;0;0;0;0;0;0;0;0;20.02250862121582;0;0
4940;0;0;0;1;0;0;0;0;0;0;0;0;0;0;0;0;0;0;0;20.02250862121582;0;0
4951;0;0;0;1;0;0;0;0;0;0;0;0;0;0;0;0;0;0;0;20.02250862121582;0;0
4961;0;0;0;1;0;0;0;0;0;0;0;0;0;0;0;0;0;0;0;20.02250862121582;0;0
4972;0;0;0;1;0;0;0;0;0;0;0;0;0;0;0;0;0;0;0;20.02250862121582;0;0
4982;0;0;0;1;0;0;0;0;0;0;0;0;0;0;0;0;0;0;0;20.02250862121582;0;0
4993;0;0;0;1;0;0;0;0;0;0;0;0;0;0;0;0;0;0;0;20.02250862121582;0;0
5004;0;0;0;1;0;0;0;0;0;0;0;0;0;0;0;0;0;0;0;20.02250862121582;0;0
5014;0;0;0;1;0;0;0;0;0;0;0;0;0;0;0;0;0;0;0;20.02250862121582;0;0
5025;0;0;0;1;0;0;0;0;0;0;0;0;0;0;0;0;0;0;0;20.02250862121582;0;0
5036;0;0;0;1;0;0;0;0;0;0;0;0;0;0;0;0;0;0;0;20.02250862121582;0;0
5046;0;0;0;1;0;0;0;0;0;0;0;0;0;0;0;0;0;0;0;20.02250862121582;0;0
5057;0;0;0;1;0;0;0;0;0;0;0;0;0;0;0;0;0;0;0;20.02250862121582;0;0
5067;0;0;0;1;0;0;0;0;0;0;0;0;0;0;0;0;0;0;0;20.02250862121582;0;0
5079;0;0;0;1;0;0;0;0;0;0;0;0;0;0;0;0;0;0;0;20.02250862121582;0;0
5089;0;0;0;1;0;0;0;0;0;0;0;0;0;0;0;0;0;0;0;20.02250862121582;0;0
5099;0;0;0;1;0;0;0;0;0;0;0;0;0;0;0;0;0;0;0;20.02250862121582;0;0
5109;0;0;0;1;0;0;0;0;0;0;0;0;0;0;0;0;0;0;0;20.02250862121582;0;0
5120;0;0;0;1;0;0;0;0;0;0;0;0;0;0;0;0;0;0;0;20.02250862121582;0;0
5130;0;0;0;1;0;0;0;0;0;0;0;0;0;0;0;0;0;0;0;20.02250862121582;0;0
5141;0;0;0;1;0;0;0;0;0;0;0;0;0;0;0;0;0;0;0;20.02250862121582;0;0
5151;0;0;0;1;0;0;0;0;0;0;0;0;0;0;0;0;0;0;0;20.02250862121582;0;0
5161;0;0;0;1;0;0;0;0;0;0;0;0;0;0;0;0;0;0;0;20.02250862121582;0;0
5172;0;0;0;1;0;0;0;0;0;0;0;0;0;0;0;0;0;0;0;20.02250862121582;0;0
5182;0;0;0;1;0;0;0;0;0;0;0;0;0;0;0;0;0;0;0;20.02250862121582;0;0
5192;0;0;0;1;0;0;0;0;0;0;0;0;0;0;0;0;0;0;0;20.02250862121582;0;0
5203;0;0;0;1;0;0;0;0;0;0;0;0;0;0;0;0;0;0;0;20.02250862121582;0;0
5215;0;0;0;1;0;0;0;0;0;0;0;0;0;0;0;0;0;0;0;20.02250862121582;0;0
5226;0;0;0;1;0;0;0;0;0;0;0;0;0;0;0;0;0;0;0;20.02250862121582;0;0
5237;0;0;0;1;0;0;0;0;0;0;0;0;0;0;0;0;0;0;0;20.02250862121582;0;0
5247;0;0;0;1;0;0;0;0;0;0;0;0;0;0;0;0;0;0;0;20.02250862121582;0;0
5257;0;0;0;1;0;0;0;0;0;0;0;0;0;0;0;0;0;0;0;20.02250862121582;0;0
5267;0;0;0;1;0;0;0;0;0;0;0;0;0;0;0;0;0;0;0;20.02250862121582;0;0
5279;0;0;0;1;0;0;0;0;0;0;0;0;0;0;0;0;0;0;0;20.02250862121582;0;0
5289;0;0;0;1;0;0;0;0;0;0;0;0;0;0;0;0;0;0;0;20.02250862121582;0;0
5299;0;0;0;1;0;0;0;0;0;0;0;0;0;0;0;0;0;0;0;20.02250862121582;0;0
5310;0;0;0;1;0;0;0;0;0;0;0;0;0;0;0;0;0;0;0;20.02250862121582;0;0
5321;0;0;0;1;0;0;0;0;0;0;0;0;0;0;0;0;0;0;0;20.02250862121582;0;0
5332;0;0;0;1;0;0;0;0;0;0;0;0;0;0;0;0;0;0;0;20.02250862121582;0;0
5343;0;0;0;1;0;0;0;0;0;0;0;0;0;0;0;0;0;0;0;20.02250862121582;0;0
5353;0;0;0;1;0;0;0;0;0;0;0;0;0;0;0;0;0;0;0;20.02250862121582;9;0
5363;0;0;0;1;0;0;0;0;0;0;0;0;0;0;0;0;0;0;0;20.02250862121582;10;0
5374;0;0;0;1;0;0;0;0;0;0;0;0;0;0;0;0;0;0;0;20.02250862121582;11;0
5384;0;0;0;1;0;0;0;0;0;0;0;0;0;0;0;0;0;0;0;20.02250862121582;14;0
5395;0;0;0;1;0;0;0;0;0;0;0;0;0;0;0;0;0;0;0;20.02250862121582;14;0
5405;0;0;0;1;0;0;0;0;0;0;0;0;0;0;0;0;0;0;0;20.02250862121582;15;0
5415;0;0;0;1;0;0;0;0;0;0;0;0;0;0;0;0;0;0;0;20.02250862121582;16;0
5427;0;0;0;1;0;0;0;0;0;0;0;0;0;0;0;0;0;0;0;20.02250862121582;17;0
5438;0;0;0;1;0;0;0;0;0;0;0;0;0;0;0;0;0;0;0;20.02250862121582;18;0
5449;0;0;0;1;0;0;0;0;0;0;0;0;0;0;0;0;0;0;0;20.02250862121582;19;0
5459;0;0;0;1;0;0;0;0;0;0;0;0;0;0;0;0;0;0;0;20.02250862121582;19;0
5469;0;0;0;1;0;0;0;0;0;0;0;0;0;0;0;0;0;0;0;20.02250862121582;19;0
5480;0;0;0;1;0;0;0;0;0;0;0;0;0;0;0;0;0;0;0;20.02250862121582;20;0
5490;0;0;0;1;0;0;0;0;0;0;0;0;0;0;0;0;0;0;0;20.02250862121582;20;0
5501;0;0;0;1;0;0;0;0;0;0;0;0;0;0;0;0;0;0;0;20.02250862121582;20;0
5511;0;0;0;1;0;0;0;0;0;0;0;0;0;0;0;0;0;0;0;20.02250862121582;20;0
5522;0;0;0;1;0;0;0;0;0;0;0;0;0;0;0;0;0;0;0;20.02250862121582;21;0
5532;0;0;0;1;0;0;0;0;0;0;0;0;0;0;0;0;0;0;0;20.02250862121582;21;0
5542;0;0;0;1;0;0;0;0;0;0;0;0;0;0;0;0;0;0;0;20.02250862121582;21;0
5552;0;0;0;1;0;0;0;0;0;0;0;0;0;0;0;0;0;0;0;20.02250862121582;22;0
5563;0;0;0;1;0;0;0;0;0;0;2;0;440;1;0;0;0;0;0;20.02250862121582;22;0
5573;0;0;0;1;0;0;0;0;0;0;4;0;462;1;0;0;0;0;0;20.02250862121582;22;0
5583;0;0;0;1;0;0;0;0;0;0;8;0;482;1;0;0;0;0;0;20.02250862121582;23;0
5594;0;0;0;1;0;0;0;0;0;0;13;0;502;1;0;0;0;0;0;20.02250862121582;23;0
5604;0;0;0;1;0;0;0;0;0;0;13;0;524;1;0;0;0;0;0;20.022497177124023;24;0
5614;0;0;0;1;0;0;0;0;0;0;25;0;544;1;0;0;0;0;0;20.022481918334961;24;0
5624;0;0;0;1;0;0;0;0;0;0;33;0;564;1;0;0;0;0;0;20.0224609375;24;0
5635;0;0;0;1;0;0;0;0;0;0;42;0;606;1;0;0;0;0;0;20.022396087646484;25;0
5646;0;0;0;1;0;0;0;0;0;0;52;0;606;1;0;0;0;0;0;20.022396087646484;25;0
5656;0;0;0;1;0;0;0;0;0;0;61;0;628;1;0;0;0;0;0;20.022348403930664;26;0
5667;0;0;0;1;0;0;0;0;0;0;73;0;648;1;0;0;0;0;0;20.022296905517578;27;0
5677;0;0;0;1;0;0;0;0;0;0;84;0;670;1;0;0;0;0;0;20.02223014831543;27;0
5687;0;0;0;1;0;0;0;0;0;0;95;0;690;1;0;0;0;0;0;20.022159576416016;28;0
5697;0;0;0;1;0;0;0;0;0;0;107;0;710;1;0;0;0;0;0;20.022079467773438;28;0
5708;0;0;0;1;0;0;0;0;0;0;121;0;730;1;0;0;0;0;0;20.021989822387695;29;0
5719;0;0;0;1;0;0;0;0;0;0;135;0;752;1;0;0;0;0;0;20.021879196166992;30;0
5729;0;0;0;1;0;0;0;0;0;0;149;0;774;1;0;0;0;0;0;20.021755218505859;30;0
5739;0;0;0;1;0;0;0;0;0;0;149;0;794;1;0;0;0;0;0;20.021631240844727;31;0
5750;0;0;0;1;0;0;0;0;0;0;163;0;814;1;0;0;0;0;0;20.021495819091797;32;0
5760;0;0;0;1;0;0;0;0;0;0;193;0;836;1;0;0;0;0;0;20.021331787109375;33;0
5772;0;0;0;1;0;0;0;0;0;0;211;0;856;1;0;0;0;0;0;20.021171569824219;33;0
5782;0;0;0;1;0;0;0;0;0;0;211;0;880;1;0;0;0;0;0;20.020959854125977;34;0
5792;0;0;0;1;0;0;0;0;0;0;241;0;900;1;0;0;0;0;0;20.020771026611328;35;0
5803;0;0;0;1;0;0;0;0;0;0;259;0;920;1;0;0;0;0;0;20.020570755004883;36;0
5813;0;0;0;1;0;0;0;0;0;0;275;0;942;1;0;0;0;0;0;20.020334243774414;37;0
5824;0;0;0;1;0;0;0;0;0;0;292;0;962;1;0;0;0;0;0;20.020105361938477;37;0
5834;0;0;0;1;0;0;0;0;0;0;309;0;984;1;0;0;0;0;0;20.019838333129883;38;0
5845;0;0;0;1;0;0;0;0;0;0;327;0;1004;1;0;0;0;0;0;20.019580841064453;39;0
5856;0;0;0;1;0;0;0;0;0;0;346;0;1026;1;0;0;0;0;0;20.0192813873291;40;0
5866;0;0;0;1;0;0;0;0;0;0;363;0;1048;1;0;0;0;0;0;20.018964767456055;41;0
5877;0;0;0;1;0;0;0;0;0;0;382;0;1068;1;0;0;0;0;0;20.018661499023438;42;0
5889;0;0;0;1;0;0;0;0;0;0;403;0;1114;1;0;0;0;0;0;20.017908096313477;44;0
5899;0;0;0;1;0;0;0;0;0;0;420;0;1114;1;0;0;0;0;0;20.017908096313477;44;0
5911;0;0;0;1;0;0;0;0;0;0;441;0;1134;1;0;0;0;0;0;20.017559051513672;45;0
5921;0;0;0;1;0;0;0;0;0;0;459;0;1158;1;0;0;0;0;0;20.017118453979492;46;0
5931;0;0;0;1;0;0;0;0;0;0;477;0;1178;1;0;0;0;0;0;20.016735076904297;47;0
5943;0;0;0;1;0;0;0;0;0;0;499;0;1198;1;0;0;0;0;0;20.016338348388672;48;0
5953;0;0;0;1;0;0;0;0;0;0;517;0;1242;1;0;0;0;0;0;20.015407562255859;50;0
5964;0;0;0;1;0;0;0;0;0;0;537;0;1242;1;0;0;0;0;0;20.015407562255859;50;0
5976;0;0;0;1;0;0;0;0;0;0;559;0;1264;1;0;0;0;0;0;20.014915466308594;52;0
5986;0;0;0;1;0;0;0;0;0;0;577;0;1288;1;0;0;0;0;0;20.01435661315918;52;0
5998;0;0;0;1;0;0;0;0;0;0;599;0;1308;1;0;0;0;0;0;20.013875961303711;52;0
6007;0;0;0;1;0;0;0;0;0;0;599;0;1332;1;0;0;0;0;0;20.013277053833008;52;0
6017;0;0;0;1;0;0;0;0;0;0;635;0;1350;1;0;0;0;0;0;20.012815475463867;52;0
6029;0;0;0;1;0;0;0;0;0;0;635;0;1370;1;0;0;0;0;0;20.012287139892578;52;0
6038;0;0;0;1;0;0;0;0;0;0;674;0;1394;1;0;0;0;0;0;20.011631011962891;53;0
6049;0;0;0;1;0;0;0;0;0;0;674;0;1412;1;0;0;0;0;0;20.011125564575195;53;0
6060;0;0;0;1;0;0;0;0;0;0;716;0;1456;1;0;0;0;0;0;20.009832382202148;54;0
6070;0;0;0;1;0;0;0;0;0;0;735;0;1456;1;0;0;0;0;0;20.009832382202148;54;0
6082;0;0;0;1;0;0;0;0;0;0;757;0;1476;1;0;0;0;0;0;20.009220123291016;54;0
6093;0;0;0;1;0;0;0;0;0;0;778;0;1500;1;0;0;0;0;0;20.008462905883789;54;0
6103;0;0;0;1;0;0;0;0;0;0;797;0;1522;1;0;0;0;0;0;20.007749557495117;55;0
6113;0;0;0;1;0;0;0;0;0;0;817;0;1562;1;0;0;0;0;0;20.006404876708984;56;0
6123;0;0;0;1;0;0;0;0;0;0;836;0;1562;1;0;0;0;0;0;20.006404876708984;56;0
6135;0;0;0;1;0;0;0;0;0;0;859;0;1582;1;0;0;0;0;0;20.005708694458008;56;0
6145;0;0;0;1;0;0;0;0;0;0;878;0;1606;1;0;0;0;0;0;20.004850387573242;56;0
6156;0;0;0;1;0;0;0;0;0;0;899;0;1626;1;0;0;0;0;0;20.004117965698242;57;0
6167;0;0;0;1;0;0;0;0;0;0;921;0;1648;1;0;0;0;0;0;20.003293991088867;57;0
6178;0;0;0;1;0;0;0;0;0;0;942;0;1670;1;0;0;0;0;0;20.002449035644531;58;0
6188;0;0;0;1;0;0;0;0;0;0;961;0;1692;1;0;0;0;0;0;20.001585006713867;58;0
6198;0;0;0;1;0;0;0;0;0;0;981;0;1712;1;0;0;0;0;0;20.000783920288086;59;0
6208;0;0;0;1;0;0;0;0;0;0;1000;0;1732;1;0;0;0;0;0;19.999965667724609;60;0
6220;0;0;0;1;0;0;0;0;0;0;1024;0;1752;1;0;0;0;0;0;19.99913215637207;60;0
6230;0;0;0;1;0;0;0;0;0;0;1043;0;1776;1;0;0;0;0;0;19.99810791015625;61;0
6241;0;0;0;1;0;0;0;0;0;0;1065;0;1796;1;0;0;0;0;0;19.997238159179688;62;0
6251;0;0;0;1;0;0;0;0;0;0;1065;0;1818;1;0;0;0;0;0;19.996261596679688;62;0
6261;0;0;0;1;0;0;0;0;0;0;1104;0;1838;1;0;0;0;0;0;19.995357513427734;63;0
6272;0;0;0;1;0;0;0;0;0;0;1125;0;1858;1;0;0;0;0;0;19.994438171386719;64;0
6282;0;0;0;1;0;0;0;0;0;0;1145;0;1880;1;0;0;0;0;0;19.993406295776367;64;0
6293;0;0;0;1;0;0;0;0;0;0;1165;0;1920;1;0;0;0;0;0;19.991481781005859;66;0
6303;0;0;0;1;0;0;0;0;0;0;1165;0;1920;1;0;0;0;0;0;19.991481781005859;66;0
6314;0;0;0;1;0;0;0;0;0;0;1208;0;1942;1;0;0;0;0;0;19.990394592285156;67;0
6325;0;0;0;1;0;0;0;0;0;0;1230;0;1964;1;0;0;0;0;0;19.989286422729492;67;0
6335;0;0;0;1;0;0;0;0;0;0;1249;0;1986;1;0;0;0;0;0;19.9881591796875;68;0
6345;0;0;0;1;0;0;0;0;0;0;1269;0;2006;1;0;0;0;0;0;19.987117767333984;69;0
6356;0;0;0;1;0;0;0;0;0;0;1269;0;2026;1;0;0;0;0;0;19.986061096191406;70;0
6366;0;0;0;1;0;0;0;0;0;0;1311;0;2048;1;0;0;0;0;0;19.984878540039063;71;0
6376;0;0;0;1;0;0;0;0;0;0;1311;0;2068;1;0;0;0;0;0;19.983785629272461;72;0
6386;0;0;0;1;0;0;0;0;0;0;1350;0;2088;1;0;0;0;0;0;19.982677459716797;73;0
6396;0;0;0;1;0;0;0;0;0;0;1370;0;2108;1;0;0;0;0;0;19.981552124023438;74;0
6408;0;0;0;1;0;0;0;0;0;0;1370;0;2128;1;0;0;0;0;0;19.980409622192383;74;0
6418;0;0;0;1;0;0;0;0;0;0;1413;0;2152;1;0;0;0;0;0;19.97901725769043;75;0
6429;0;0;0;1;0;0;0;0;0;0;1433;0;2172;1;0;0;0;0;0;19.977840423583984;76;0
6439;0;0;0;1;0;0;0;0;0;0;1452;0;2194;1;0;0;0;0;0;19.976526260375977;77;0
6450;0;0;0;1;0;0;0;0;0;0;1452;0;2214;1;0;0;0;0;0;19.975317001342773;79;0
6460;0;0;0;1;0;0;0;0;0;0;1491;0;2256;1;0;0;0;0;0;19.972724914550781;81;0
6471;0;0;0;1;0;0;0;0;0;0;1491;0;2256;1;0;0;0;0;0;19.972724914550781;81;0
6481;0;0;0;1;0;0;0;0;1;0;1530;0;2278;1;0;0;0;0;0;19.998613357543945;82;0
6492;0;0;0;1;0;0;0;0;1;0;1550;0;2298;1;0;0;0;0;0;19.997339248657227;83;0
6502;0;0;0;1;0;0;0;0;1;0;1568;0;2320;1;0;0;0;0;0;19.995918273925781;84;0
6514;0;0;0;1;0;0;0;0;1;0;1589;0;2340;1;0;0;0;0;0;19.994611740112305;84;0
6524;0;0;0;1;0;0;0;0;1;0;1607;0;2364;1;0;0;0;0;0;19.993022918701172;84;0
6535;0;0;0;1;0;0;0;0;1;0;1626;0;2384;1;0;0;0;0;0;19.991683959960938;85;0
6546;0;0;0;1;0;0;0;0;1;0;1646;0;2406;1;0;0;0;0;0;19.990194320678711;85;0
6556;0;0;0;1;0;0;0;0;1;0;1663;0;2428;1;0;0;0;0;0;19.988685607910156;85;0
6566;0;0;0;1;0;0;0;0;1;0;1663;0;2448;1;0;0;0;0;0;19.9872989654541;85;0
6578;0;0;0;1;0;0;0;0;1;0;1701;0;2468;1;0;0;0;0;0;19.985898971557617;86;0
6590;0;0;0;1;0;0;0;0;1;0;1722;0;2492;1;0;0;0;0;0;19.984197616577148;86;0
6600;0;0;0;1;0;0;0;0;1;0;1739;0;2536;1;0;0;0;0;0;19.981025695800781;87;0
6611;0;0;0;1;0;0;0;0;1;0;1758;0;2536;1;0;0;0;0;0;19.981025695800781;87;0
6622;0;0;0;1;0;0;0;0;1;0;1777;0;2558;1;0;0;0;0;0;19.979413986206055;87;0
6632;0;0;0;1;0;0;0;0;1;0;1794;0;2580;1;0;0;0;0;0;19.977785110473633;87;0
6642;0;0;0;1;0;0;0;0;1;0;1811;0;2600;1;0;0;0;0;0;19.976289749145508;88;0
6652;0;0;0;1;0;0;0;0;1;0;1828;0;2620;1;0;0;0;0;0;19.974781036376953;88;0
6662;0;0;0;1;0;0;0;0;1;0;1845;0;2640;1;0;0;0;0;0;19.973257064819336;89;0
6674;0;0;0;1;0;0;0;0;1;0;1865;0;2660;1;0;0;0;0;0;19.971719741821289;89;0
6684;0;0;0;1;0;0;0;0;1;0;1882;0;2684;1;0;0;0;0;0;19.9698543548584;89;0
6695;0;0;0;1;0;0;0;0;1;0;1901;0;2704;1;0;0;0;0;0;19.968286514282227;90;0
6706;0;0;0;1;0;0;0;0;1;0;1919;0;2726;1;0;0;0;0;0;19.966543197631836;90;0
6716;0;0;0;1;0;0;0;0;1;0;1936;0;2748;1;0;0;0;0;0;19.964784622192383;91;0
6726;0;0;0;1;0;0;0;0;1;0;1953;0;2768;1;0;0;0;0;0;19.963171005249023;92;0
6738;0;0;0;1;0;0;0;0;1;0;1973;0;2788;1;0;0;0;0;0;19.961544036865234;92;0
6749;0;0;0;1;0;0;0;0;1;0;1991;0;2812;1;0;0;0;0;0;19.959571838378906;93;0
6760;0;0;0;1;0;0;0;0;1;0;2010;0;2834;1;0;0;0;0;0;19.957746505737305;93;0
6771;0;0;0;1;0;0;0;0;1;0;2028;0;2856;1;0;0;0;0;0;19.955904006958008;94;0
6781;0;0;0;1;0;0;0;0;1;0;2045;0;2878;1;0;0;0;0;0;19.954044342041016;95;0
6791;0;0;0;1;0;0;0;0;1;0;2062;0;2898;1;0;0;0;0;0;19.952341079711914;95;0
6802;0;0;0;1;0;0;0;0;1;0;2080;0;2918;1;0;0;0;0;0;19.95062255859375;96;0
6812;0;0;0;1;0;0;0;0;1;0;2080;0;2940;1;0;0;0;0;0;19.948715209960938;97;0
6822;0;0;0;1;0;0;0;0;1;0;2097;0;2960;1;0;0;0;0;0;19.946968078613281;98;0
6832;0;0;0;1;0;0;0;0;1;0;2130;0;2980;1;0;0;0;0;0;19.945207595825195;98;0
6842;0;0;0;1;0;0;0;0;1;0;2147;0;3000;1;0;0;0;0;0;19.943431854248047;99;0
6853;0;0;0;1;0;0;0;0;1;0;2165;0;3020;1;0;0;0;0;0;19.941642761230469;100;0
6863;0;0;0;1;0;0;0;0;1;0;2182;0;3042;1;0;0;0;0;0;19.939659118652344;100;0
6873;0;0;0;1;0;0;0;0;1;0;2199;0;3062;1;0;0;0;0;0;19.937841415405273;100;0
6885;0;0;0;1;0;0;0;0;1;0;2199;0;3082;1;0;0;0;0;0;19.936008453369141;100;0
6895;0;0;0;1;0;0;0;0;1;0;2218;0;3106;1;0;0;0;0;0;19.93379020690918;100;0
6907;0;0;0;1;0;0;0;0;1;0;2255;0;3126;1;0;0;0;0;0;19.931928634643555;100;0
6918;0;0;0;1;0;0;0;0;1;0;2273;0;3150;1;0;0;0;0;0;19.92967414855957;100;0
6928;0;0;0;1;0;0;0;0;1;0;2290;0;3172;1;0;0;0;0;0;19.927591323852539;100;0
6939;0;0;0;1;0;0;0;0;1;0;2290;0;3192;1;0;0;0;0;0;19.925683975219727;100;0
6949;0;0;0;1;0;0;0;0;1;0;2324;0;3214;1;0;0;0;0;0;19.923568725585938;100;0
6959;0;0;0;1;0;0;0;0;1;0;2341;0;3234;1;0;0;0;0;0;19.921632766723633;100;0
6969;0;0;0;1;0;0;0;0;1;0;2358;0;3254;1;0;0;0;0;0;19.919681549072266;100;0
6980;0;0;0;1;0;0;0;0;1;0;2376;0;3274;1;0;0;0;0;0;19.917716979980469;100;0
6990;0;0;0;1;0;0;0;0;1;0;2376;0;3296;1;0;0;0;0;0;19.915538787841797;100;0
7000;0;0;0;1;0;0;0;0;1;0;2409;0;3316;1;0;0;0;0;0;19.913545608520508;100;0
7011;0;0;0;1;0;0;0;0;1;0;2427;0;3336;1;0;0;0;0;0;19.911539077758789;100;0
7022;0;0;0;1;0;0;0;0;1;0;2445;0;3380;1;0;0;0;0;0;19.907073974609375;100;0
7032;0;0;0;1;0;0;0;0;1;0;2462;0;3380;1;0;0;0;0;0;19.907073974609375;100;0
7043;0;0;0;1;0;0;0;0;1;0;2462;0;3400;1;0;0;0;0;0;19.905021667480469;100;0
7054;0;0;0;1;0;0;0;0;1;0;2497;0;3422;1;0;0;0;0;0;19.902748107910156;100;0
7065;0;0;0;1;0;0;0;0;1;0;2514;0;3444;1;0;0;0;0;0;19.900459289550781;100;0
7077;0;0;0;1;0;0;0;0;1;0;2532;0;3466;1;0;0;0;0;0;19.898155212402344;100;0
7087;0;0;0;1;0;0;0;0;1;0;2548;0;3490;1;0;0;0;0;0;19.8956241607666;100;0
7097;0;0;0;1;0;0;0;0;1;0;2563;0;3530;1;0;0;0;0;0;19.891365051269531;100;0
7108;0;0;0;1;0;0;0;0;1;0;2563;0;3530;1;0;0;0;0;0;19.891365051269531;100;0
7119;0;0;0;1;0;0;0;0;1;0;2598;0;3552;1;0;0;0;0;0;19.888999938964844;100;0
7131;0;0;0;1;0;0;0;0;1;0;2616;0;3574;1;0;0;0;0;0;19.886617660522461;100;0
7141;0;0;0;1;0;0;0;0;1;0;2632;0;3598;1;0;0;0;0;0;19.884002685546875;100;0
7151;0;0;0;1;0;0;0;0;1;0;2647;0;3618;1;0;0;0;0;0;19.881809234619141;100;0
7161;0;0;0;1;0;0;0;0;1;0;2663;0;3658;1;0;0;0;0;0;19.877386093139648;100;0
7172;0;0;0;1;0;0;0;0;1;0;2680;0;3658;1;0;0;0;0;0;19.877386093139648;100;0
7183;0;0;0;1;0;0;0;0;1;0;2697;0;3680;1;0;0;0;0;0;19.874929428100586;100;0
7194;0;0;0;1;0;0;0;0;1;0;2714;0;3702;1;0;0;0;0;0;19.872457504272461;100;0
7206;0;0;0;1;0;0;0;0;1;0;2733;0;3724;1;0;0;0;0;0;19.869970321655273;100;0
7216;0;0;0;1;0;0;0;0;1;0;2749;0;3748;1;0;0;0;0;0;19.867237091064453;100;0
7226;0;0;0;1;0;0;0;0;1;0;2764;0;3768;1;0;0;0;0;0;19.864946365356445;100;0
7237;0;0;0;1;0;0;0;0;1;0;2782;0;3788;1;0;0;0;0;0;19.862642288208008;100;0
7248;0;0;0;1;0;0;0;0;1;0;2799;0;3810;1;0;0;0;0;0;19.860092163085938;100;0
7259;0;0;0;1;0;0;0;0;1;0;2816;0;3832;1;0;0;0;0;0;19.857526779174805;100;0
7270;0;0;0;1;0;0;0;0;1;0;2833;0;3854;1;0;0;0;0;0;19.854946136474609;100;0
7281;0;0;0;1;0;0;0;0;1;0;2833;0;3876;1;0;0;0;0;0;19.852350234985352;100;0
7291;0;0;0;1;0;0;0;0;1;0;2866;0;3898;1;0;0;0;0;0;19.8497371673584;100;0
7301;0;0;0;1;0;0;0;0;1;0;2866;0;3918;1;0;0;0;0;0;19.847349166870117;100;0
7310;0;0;0;1;0;0;0;0;1;0;2896;0;3938;1;0;0;0;0;0;19.844947814941406;100;0
7320;0;0;0;1;0;0;0;0;1;0;2912;0;3956;1;0;0;0;0;0;19.842775344848633;100;0
7331;0;0;0;1;0;0;0;0;1;0;2929;0;3976;1;0;0;0;0;0;19.840349197387695;100;0
7341;0;0;0;1;0;0;0;0;1;0;2945;0;4000;1;0;0;0;0;0;19.835208892822266;100;0
7352;0;0;0;1;0;0;0;0;1;0;2961;0;4000;1;0;0;0;0;0;19.835208892822266;100;0
7363;0;0;0;1;0;0;0;0;1;0;2976;0;4000;1;0;0;0;0;0;19.832494735717773;100;0
7374;0;0;0;1;0;0;0;0;1;0;2990;0;4000;1;0;0;0;0;0;19.829767227172852;100;0
7385;0;0;0;1;0;0;0;0;1;0;3003;0;4000;1;0;0;0;0;0;19.8270263671875;100;0
7395;0;0;0;1;0;0;0;0;1;0;3014;0;4000;1;0;0;0;0;0;19.824274063110352;100;0
7405;0;0;0;1;0;0;0;0;1;0;3025;0;4000;1;0;0;0;0;0;19.821762084960938;100;0
7415;0;0;0;1;0;0;0;0;1;0;3034;0;4000;1;0;0;0;0;0;19.819240570068359;100;0
7426;0;0;0;1;0;0;0;0;1;0;3044;0;4000;1;0;0;0;0;0;19.81671142578125;100;0
7437;0;0;0;1;0;0;0;0;1;0;3054;0;4000;1;0;0;0;0;0;19.813920974731445;100;0
7448;0;0;0;1;0;0;0;0;1;0;3062;0;4000;1;0;0;0;0;0;19.811120986938477;100;0
7458;0;0;0;1;0;0;0;0;1;0;3069;0;4000;1;0;0;0;0;0;19.808313369750977;100;0
7468;0;0;0;1;0;0;0;0;1;0;3076;0;4000;1;0;0;0;0;0;19.805755615234375;100;0
7478;0;0;0;1;0;0;0;0;1;0;3083;0;4000;1;0;0;0;0;0;19.803192138671875;100;0
7489;0;0;0;1;0;0;0;0;1;0;3089;0;4000;1;0;0;0;0;0;19.800622940063477;100;0
7498;0;0;0;1;0;0;0;0;1;0;3094;0;4000;1;0;0;0;0;0;19.79779052734375;100;0
7509;0;0;0;1;0;0;0;0;1;0;3100;0;4000;1;0;0;0;0;0;19.795469284057617;100;0
7520;0;0;0;1;0;0;0;0;1;0;3105;0;4000;1;0;0;0;0;0;19.78978157043457;100;0
7531;0;0;0;1;0;0;0;0;1;0;3110;0;4000;1;0;0;0;0;0;19.78978157043457;100;0
7542;0;0;0;1;0;0;0;0;1;0;3115;0;4000;1;0;0;0;0;0;19.786930084228516;100;0
7553;0;0;0;1;0;0;0;0;1;0;3119;0;4000;1;0;0;0;0;0;19.784074783325195;100;0
7564;0;0;0;1;0;0;0;0;1;0;3123;0;4000;1;0;0;0;0;0;19.781215667724609;100;0
7575;0;0;0;1;0;0;0;0;1;0;3127;0;4000;1;0;0;0;0;0;19.778352737426758;100;0
7584;0;0;0;1;0;0;0;0;1;0;3129;0;4000;1;0;0;0;0;0;19.775485992431641;100;0
7595;0;0;0;1;0;0;0;0;1;0;3133;0;4000;1;0;0;0;0;0;19.773139953613281;100;0
7605;0;0;0;1;0;0;0;0;1;0;3135;0;4000;1;0;0;0;0;0;19.770267486572266;100;0
7614;0;0;0;1;0;0;0;0;1;0;3138;0;4000;1;0;0;0;0;0;19.765300750732422;100;0
7625;0;0;0;1;0;0;0;0;1;0;3140;0;4000;1;0;0;0;0;0;19.765300750732422;100;0
7636;0;0;0;1;0;0;0;0;1;0;3140;0;4000;1;0;0;0;0;0;19.762422561645508;100;0
7646;0;0;0;1;0;0;0;0;1;0;3145;0;4000;1;0;0;0;0;0;19.756921768188477;100;0
7656;0;0;0;1;0;0;0;0;1;0;3146;0;4000;1;0;0;0;0;0;19.756921768188477;100;0
7667;0;0;0;1;0;0;0;0;1;0;3148;0;4000;1;0;0;0;0;0;19.754301071166992;100;0
7677;0;0;0;1;0;0;0;0;1;0;3150;0;4000;1;0;0;0;0;0;19.751415252685547;100;0
7689;0;0;0;1;0;0;0;0;1;0;3152;0;4000;1;0;0;0;0;0;19.748790740966797;100;0
7700;0;0;0;1;0;0;0;0;1;0;3153;0;4000;1;0;0;0;0;0;19.745639801025391;100;0
7711;0;0;0;1;0;0;0;0;1;0;3155;0;4000;1;0;0;0;0;0;19.74275016784668;100;0
7722;0;0;0;1;0;0;0;0;1;0;3156;0;4000;1;0;0;0;0;0;19.736965179443359;100;0
7732;0;0;0;1;0;0;0;0;1;0;3157;0;4000;1;0;0;0;0;0;19.736965179443359;100;0
7744;0;0;0;1;0;0;0;0;1;0;3157;0;4000;1;0;0;0;0;0;19.734334945678711;100;0
7754;0;0;0;1;0;0;0;0;1;0;3159;0;4000;1;0;0;0;0;0;19.731176376342773;100;0
7764;0;0;0;1;0;0;0;0;1;0;3160;0;4000;1;0;0;0;0;0;19.728544235229492;100;0
7776;0;0;0;1;0;0;0;0;1;0;3160;0;4000;1;0;0;0;0;0;19.725910186767578;100;0
7787;0;0;0;1;0;0;0;0;1;0;3162;0;4000;1;0;0;0;0;0;19.719850540161133;100;0
7797;0;0;0;1;0;0;0;0;1;0;3163;0;4000;1;0;0;0;0;0;19.719850540161133;100;0
7807;0;0;0;1;0;0;0;0;1;0;3164;0;4000;1;0;0;0;0;0;19.717214584350586;100;0
7818;0;0;0;1;0;0;0;0;1;0;3164;0;4000;1;0;0;0;0;0;19.714578628540039;100;0
7828;0;0;0;1;0;0;0;0;1;0;3165;0;4000;1;0;0;0;0;0;19.711677551269531;100;0
7839;0;0;0;1;0;0;0;0;1;0;3165;0;4000;1;0;0;0;0;0;19.709039688110352;100;0
7850;0;0;0;1;0;0;0;0;1;0;3166;0;4000;1;0;0;0;0;0;19.706136703491211;100;0
7861;0;0;0;1;0;0;0;0;1;0;3167;0;4000;1;0;0;0;0;0;19.70323371887207;100;0
7872;0;0;0;1;0;0;0;0;1;0;3167;0;4000;1;0;0;0;0;0;19.70033073425293;100;0
7882;0;0;0;1;0;0;0;0;1;0;3168;0;4000;1;0;0;0;0;0;19.697427749633789;100;0
7893;0;0;0;1;0;0;0;0;1;0;3168;0;4000;1;0;0;0;0;0;19.694787979125977;100;0
7903;0;0;0;1;0;0;0;0;1;0;3169;0;4000;1;0;0;0;0;0;19.691884994506836;100;0
7914;0;0;0;1;0;0;0;0;1;0;3169;0;4000;1;0;0;0;0;0;19.689243316650391;100;0
7924;0;0;0;1;0;0;0;0;1;0;3169;0;4000;1;0;0;0;0;0;19.686338424682617;100;0
7934;0;0;0;1;0;0;0;0;1;0;3170;0;4000;1;0;0;0;0;0;19.683433532714844;100;0
7945;0;0;0;1;0;0;0;0;1;0;3170;0;4000;1;0;0;0;0;0;19.681056976318359;100;0
7955;0;0;0;1;0;0;0;0;1;0;3171;0;4000;1;0;0;0;0;0;19.675510406494141;100;0
7965;0;0;0;1;0;0;0;0;1;0;3171;0;4000;1;0;0;0;0;0;19.675510406494141;100;0
7975;0;0;0;1;0;0;0;0;1;0;3172;0;4000;1;0;0;0;0;0;19.672868728637695;100;0
7987;0;0;0;1;0;0;0;0;1;0;3172;0;4000;1;0;0;0;0;0;19.66705322265625;100;0
7998;0;0;0;1;0;0;0;0;1;0;3172;0;4000;1;0;0;0;0;0;19.66705322265625;100;0
8008;0;0;0;1;0;0;0;0;1;0;3173;0;4000;1;0;0;0;0;0;19.664146423339844;100;0
8018;0;0;0;1;0;0;0;0;1;0;3173;0;4000;1;0;0;0;0;0;19.661502838134766;100;0
8028;0;0;0;1;0;0;0;0;1;0;3174;0;4000;1;0;0;0;0;0;19.658859252929688;100;0
8039;0;0;0;1;0;0;0;0;1;0;3174;0;4000;1;0;0;0;0;0;19.656213760375977;100;0
8051;0;0;0;1;0;0;0;0;1;0;3174;0;4000;1;0;0;0;0;0;19.653305053710938;100;0
8062;0;0;0;1;0;0;0;0;1;0;3175;0;4000;1;0;0;0;0;0;19.650131225585938;100;0
8072;0;0;0;1;0;0;0;0;1;0;3175;0;4000;1;0;0;0;0;0;19.644575119018555;100;0
8083;0;0;0;1;0;0;0;0;1;0;3176;0;4000;1;0;0;0;0;0;19.641664505004883;100;0
8093;0;0;0;1;0;0;0;0;1;0;3176;0;4000;1;0;0;0;0;0;19.641664505004883;100;0
8103;0;0;0;1;0;0;0;0;1;0;3176;0;4000;1;0;0;0;0;0;19.639017105102539;100;0
8114;0;0;0;1;0;0;0;0;1;0;3177;0;4000;1;0;0;0;0;0;19.636369705200195;100;0
8126;0;0;0;1;0;0;0;0;1;0;3177;0;4000;1;0;0;0;0;0;19.633457183837891;100;0
8137;0;0;0;1;0;0;0;0;1;0;3177;0;4000;1;0;0;0;0;0;19.630279541015625;100;0
8147;0;0;0;1;0;0;0;0;1;0;3178;0;4000;1;0;0;0;0;0;19.62736701965332;100;0
8158;0;0;0;1;0;0;0;0;1;0;3178;0;4000;1;0;0;0;0;0;19.624719619750977;100;0
8169;0;0;0;1;0;0;0;0;1;0;3179;0;4000;1;0;0;0;0;0;19.621805191040039;100;0
8179;0;0;0;1;0;0;0;0;1;0;3180;0;4000;1;0;0;0;0;0;19.6188907623291;100;0
8191;0;0;0;1;0;0;0;0;1;0;3180;0;4000;1;0;0;0;0;0;19.616241455078125;100;0
8201;0;0;0;1;0;0;0;0;1;0;3180;0;4000;1;0;0;0;0;0;19.613061904907227;100;0
8212;0;0;0;1;0;0;0;0;1;0;3181;0;4000;1;0;0;0;0;0;19.610410690307617;100;0
8222;0;0;0;1;0;0;0;0;1;0;3181;0;4000;1;0;0;0;0;0;19.607494354248047;100;0
8232;0;0;0;1;0;0;0;0;1;0;3182;0;4000;1;0;0;0;0;0;19.604843139648438;100;0
8242;0;0;0;1;0;0;0;0;1;0;3182;0;4000;1;0;0;0;0;0;19.602191925048828;100;0
8254;0;0;0;1;0;0;0;0;1;0;3183;0;4000;1;0;0;0;0;0;19.599540710449219;100;0
8264;0;0;0;1;0;0;0;0;1;0;3183;0;4000;1;0;0;0;0;0;19.596357345581055;100;0
8274;0;0;0;1;0;0;0;0;1;0;3183;0;4000;1;0;0;0;0;0;19.593704223632813;100;0
8286;0;0;0;1;0;0;0;0;1;0;3184;0;4000;1;0;0;0;0;0;19.59105110168457;100;0
8297;0;0;0;1;0;0;0;0;1;0;3185;0;4000;1;0;0;0;0;0;19.587867736816406;100;0
8307;0;0;0;1;0;0;0;0;1;0;3186;0;4000;1;0;0;0;0;0;19.58494758605957;100;0
8318;0;0;0;1;0;0;0;0;1;0;3186;0;4000;1;0;0;0;0;0;19.582292556762695;100;0
8330;0;0;0;1;0;0;0;0;1;0;3187;0;4000;1;0;0;0;0;0;19.579372406005859;100;0
8342;0;0;0;1;0;0;0;0;1;0;3187;0;4000;1;0;0;0;0;0;19.57618522644043;100;0
8352;0;0;0;1;0;0;0;0;1;0;3188;0;4000;1;0;0;0;0;0;19.572998046875;100;0
8363;0;0;0;1;0;0;0;0;1;0;3189;0;4000;1;0;0;0;0;0;19.570341110229492;100;0
8374;0;0;0;1;0;0;0;0;1;0;3189;0;4000;1;0;0;0;0;0;19.567417144775391;100;0
8384;0;0;0;1;0;0;0;0;1;0;3190;0;4000;1;0;0;0;0;0;19.564493179321289;100;0
8396;0;0;0;1;0;0;0;0;1;0;3190;0;4000;1;0;0;0;0;0;19.561834335327148;100;0
8406;0;0;0;1;0;0;0;0;1;0;3191;0;4000;1;0;0;0;0;0;19.555986404418945;100;0
8418;0;0;0;1;0;0;0;0;1;0;3191;0;4000;1;0;0;0;0;0;19.555986404418945;100;0
8427;0;0;0;1;0;0;0;0;1;0;3191;0;4000;1;0;0;0;0;0;19.55279541015625;100;0
8438;0;0;0;1;0;0;0;0;1;0;3193;0;4000;1;0;0;0;0;0;19.55040168762207;100;0
8448;0;0;0;1;0;0;0;0;1;0;3193;0;4000;1;0;0;0;0;0;19.547475814819336;100;0
8458;0;0;0;1;0;0;0;0;1;0;3194;0;4000;1;0;0;0;0;0;19.544815063476563;100;0
8469;0;0;0;1;0;0;0;0;1;0;3194;0;4000;1;0;0;0;0;0;19.542154312133789;100;0
8479;0;0;0;1;0;0;0;0;1;0;3195;0;4000;1;0;0;0;0;0;19.539226531982422;100;0
8489;0;0;0;1;0;0;0;0;1;0;3196;0;4000;1;0;0;0;0;0;19.536563873291016;100;0
8500;0;0;0;1;0;0;0;0;1;0;3196;0;4000;1;0;0;0;0;0;19.533901214599609;100;0
8510;0;0;0;1;0;0;0;0;1;0;3197;0;4000;1;0;0;0;0;0;19.530971527099609;100;0
8521;0;0;0;1;0;0;0;0;1;0;3197;0;4000;1;0;0;0;0;0;19.52830696105957;100;0
8532;0;1;0;0;0;0;0;1;1;0;3198;0;4000;1;0;0;0;0;0;14.997069358825684;100;0
8542;0;1;0;0;0;0;0;1;1;0;3198;0;4000;1;0;0;0;0;0;14.994137763977051;100;0
8553;0;1;0;0;0;0;0;1;1;0;3199;0;4000;1;0;0;0;0;0;14.991472244262695;100;0
8563;0;1;0;0;0;0;0;1;1;0;3200;0;4000;1;0;0;0;0;0;14.988539695739746;100;0
8575;0;1;0;0;0;0;0;1;1;0;3200;0;4000;1;0;0;0;0;0;14.985873222351074;100;0
8585;0;1;0;0;0;0;0;1;1;0;3199;0;4000;1;0;0;0;0;0;14.982673645019531;100;0
8596;0;1;0;0;0;0;0;1;1;0;3198;0;4000;1;0;0;0;0;0;14.980008125305176;100;0
8606;0;1;0;0;0;0;0;1;1;0;3198;0;4000;1;0;0;0;0;0;14.977076530456543;100;0
8617;0;1;0;0;0;0;0;1;1;0;3197;0;4000;1;0;0;0;0;0;14.974411964416504;100;0
8627;0;1;0;0;0;0;0;1;1;0;3197;0;4000;1;0;0;0;0;0;14.971481323242188;100;0
8637;0;1;0;0;0;0;0;1;1;0;3196;0;4000;1;0;0;0;0;0;14.968817710876465;100;0
8647;0;1;0;0;0;0;0;1;1;0;3196;0;4000;1;0;0;0;0;0;14.966154098510742;100;0
8657;0;1;0;0;0;0;0;1;1;0;3196;0;4000;1;0;0;0;0;0;14.96349048614502;100;0
8667;0;1;0;0;0;0;0;1;1;0;3195;0;4000;1;0;0;0;0;0;14.960827827453613;100;0
8677;0;1;0;0;0;0;0;1;1;0;3194;0;4000;1;0;0;0;0;0;14.958165168762207;100;0
8687;0;1;0;0;0;0;0;1;1;0;3194;0;4000;1;0;0;0;0;0;14.955503463745117;100;0
8698;0;1;0;0;0;0;0;1;1;0;3194;0;4000;1;0;0;0;0;0;14.952841758728027;100;0
8708;0;1;0;0;0;0;0;1;1;0;3193;0;4000;1;0;0;0;0;0;14.949914932250977;100;0
8719;0;1;0;0;0;0;0;1;1;0;3192;0;4000;1;0;0;0;0;0;14.947254180908203;100;0
8729;0;1;0;0;0;0;0;1;1;0;3192;0;4000;1;0;0;0;0;0;14.944328308105469;100;0
8739;0;1;0;0;0;0;0;1;1;0;3191;0;4000;1;0;0;0;0;0;14.941668510437012;100;0
8749;0;1;0;0;0;0;0;1;1;0;3191;0;4000;1;0;0;0;0;0;14.939009666442871;100;0
8759;0;1;0;0;0;0;0;1;1;0;3190;0;4000;1;0;0;0;0;0;14.93635082244873;100;0
8770;0;1;0;0;0;0;0;1;1;0;3190;0;4000;1;0;0;0;0;0;14.933692932128906;100;0
8780;0;1;0;0;0;0;0;1;1;0;3190;0;4000;1;0;0;0;0;0;14.92811107635498;100;0
8790;0;1;0;0;0;0;0;1;1;0;3189;0;4000;1;0;0;0;0;0;14.92811107635498;100;0
8801;0;1;0;0;0;0;0;1;1;0;3189;0;4000;1;0;0;0;0;0;14.925454139709473;100;0
8811;0;1;0;0;0;0;0;1;1;0;3188;0;4000;1;0;0;0;0;0;14.922531127929688;100;0
8822;0;1;0;0;0;0;0;1;1;0;3188;0;4000;1;0;0;0;0;0;14.91987419128418;100;0
8832;0;1;0;0;0;0;0;1;1;0;3188;0;4000;1;0;0;0;0;0;14.916952133178711;100;0
8842;0;1;0;0;0;0;0;1;1;0;3187;0;4000;1;0;0;0;0;0;14.914295196533203;100;0
8852;0;1;0;0;0;0;0;1;1;0;3187;0;4000;1;0;0;0;0;0;14.911639213562012;100;0
8863;0;1;0;0;0;0;0;1;1;0;3187;0;4000;1;0;0;0;0;0;14.90898323059082;100;0
8874;0;1;0;0;0;0;0;1;1;0;3187;0;4000;1;0;0;0;0;0;14.906062126159668;100;0
8885;0;1;0;0;0;0;0;1;1;0;3186;0;4000;1;0;0;0;0;0;14.903141975402832;100;0
8895;0;1;0;0;0;0;0;1;1;0;3186;0;4000;1;0;0;0;0;0;14.900221824645996;100;0
8905;0;1;0;0;0;0;0;1;1;0;3185;0;4000;1;0;0;0;0;0;14.897567749023438;100;0
8915;0;1;0;0;0;0;0;1;1;0;3185;0;4000;1;0;0;0;0;0;14.894913673400879;100;0
8926;0;1;0;0;0;0;0;1;1;0;3185;0;4000;1;0;0;0;0;0;14.89225959777832;100;0
8937;0;1;0;0;0;0;0;1;1;0;3184;0;4000;1;0;0;0;0;0;14.8893404006958;100;0
8947;0;1;0;0;0;0;0;1;1;0;3184;0;4000;1;0;0;0;0;0;14.886422157287598;100;0
8957;0;1;0;0;0;0;0;1;1;0;3184;0;4000;1;0;0;0;0;0;14.883769035339355;100;0
8968;0;1;0;0;0;0;0;1;1;0;3184;0;4000;1;0;0;0;0;0;14.881115913391113;100;0
8978;0;1;0;0;0;0;0;1;1;0;3184;0;4000;1;0;0;0;0;0;14.87819766998291;100;0
8988;0;1;0;0;0;0;0;1;1;0;3183;0;4000;1;0;0;0;0;0;14.875545501708984;100;0
9000;0;1;0;0;0;0;0;1;1;0;3183;0;4000;1;0;0;0;0;0;14.872893333435059;100;0
9011;0;1;0;0;0;0;0;1;1;0;3183;0;4000;1;0;0;0;0;0;14.869710922241211;100;0
9021;0;1;0;0;0;0;0;1;1;0;3183;0;4000;1;0;0;0;0;0;14.866793632507324;100;0
9032;0;1;0;0;0;0;0;1;1;0;3182;0;4000;1;0;0;0;0;0;14.864141464233398;100;0
9042;0;1;0;0;0;0;0;1;1;0;3182;0;4000;1;0;0;0;0;0;14.861225128173828;100;0
9052;0;1;0;0;0;0;0;1;1;0;3182;0;4000;1;0;0;0;0;0;14.858573913574219;100;0
9063;0;1;0;0;0;0;0;1;1;0;3182;0;4000;1;0;0;0;0;0;14.855922698974609;100;0
9073;0;1;0;0;0;0;0;1;1;0;3182;0;4000;1;0;0;0;0;0;14.853006362915039;100;0
9084;0;1;0;0;0;0;0;1;1;0;3182;0;4000;1;0;0;0;0;0;14.85035514831543;100;0
9095;0;1;0;0;0;0;0;1;1;0;3182;0;4000;1;0;0;0;0;0;14.847438812255859;100;0
9105;0;1;0;0;0;0;0;1;1;0;3182;0;4000;1;0;0;0;0;0;14.844522476196289;100;0
9116;0;1;0;0;0;0;0;1;1;0;3182;0;4000;1;0;0;0;0;0;14.84187126159668;100;0
9127;0;1;0;0;0;0;0;1;1;0;3182;0;4000;1;0;0;0;0;0;14.838954925537109;100;0
9137;0;1;0;0;0;0;0;1;1;0;3182;0;4000;1;0;0;0;0;0;14.836038589477539;100;0
9147;0;1;0;0;0;0;0;1;1;0;3181;0;4000;1;0;0;0;0;0;14.83338737487793;100;0
9157;0;1;0;0;0;0;0;1;1;0;3181;0;4000;1;0;0;0;0;0;14.830737113952637;100;0
9167;0;1;0;0;0;0;0;1;1;0;3181;0;4000;1;0;0;0;0;0;14.828086853027344;100;0
9178;0;1;0;0;0;0;0;1;1;0;3182;0;4000;1;0;0;0;0;0;14.825436592102051;100;0
9188;0;1;0;0;0;0;0;1;1;0;3182;0;4000;1;0;0;0;0;0;14.82252025604248;100;0
9198;0;1;0;0;0;0;0;1;1;0;3182;0;4000;1;0;0;0;0;0;14.819869041442871;100;0
9208;0;1;0;0;0;0;0;1;1;0;3182;0;4000;1;0;0;0;0;0;14.817217826843262;100;0
9220;0;1;0;0;0;0;0;1;1;0;3182;0;4000;1;0;0;0;0;0;14.814566612243652;100;0
9231;0;1;0;0;0;0;0;1;1;0;3182;0;4000;1;0;0;0;0;0;14.811385154724121;100;0
9242;0;1;0;0;0;0;0;1;1;0;3182;0;4000;1;0;0;0;0;0;14.808468818664551;100;0
9252;0;1;0;0;0;0;0;1;1;0;3182;0;4000;1;0;0;0;0;0;14.80555248260498;100;0
9263;0;1;0;0;0;0;0;1;1;0;3182;0;4000;1;0;0;0;0;0;14.802901268005371;100;0
9274;0;1;0;0;0;0;0;1;1;0;3182;0;4000;1;0;0;0;0;0;14.7999849319458;100;0
9284;0;1;0;0;0;0;0;1;1;0;3182;0;4000;1;0;0;0;0;0;14.79706859588623;100;0
9294;0;1;0;0;0;0;0;1;1;0;3183;0;4000;1;0;0;0;0;0;14.794417381286621;100;0
9305;0;1;0;0;0;0;0;1;1;0;3183;0;4000;1;0;0;0;0;0;14.791765213012695;100;0
9315;0;1;0;0;0;0;0;1;1;0;3183;0;4000;1;0;0;0;0;0;14.788847923278809;100;0
9325;0;1;0;0;0;0;0;1;1;0;3183;0;4000;1;0;0;0;0;0;14.786195755004883;100;0
9335;0;1;0;0;0;0;0;1;1;0;3183;0;4000;1;0;0;0;0;0;14.783543586730957;100;0
9347;0;1;0;0;0;0;0;1;1;0;3183;0;4000;1;0;0;0;0;0;14.780891418457031;100;0
9359;0;1;0;0;0;0;0;1;1;0;3184;0;4000;1;0;0;0;0;0;14.777709007263184;100;0
9369;0;1;0;0;0;0;0;1;1;0;3184;0;4000;1;0;0;0;0;0;14.774524688720703;100;0
9379;0;1;0;0;0;0;0;1;1;0;3184;0;4000;1;0;0;0;0;0;14.771871566772461;100;0
9389;0;1;0;0;0;0;0;1;1;0;3184;0;4000;1;0;0;0;0;0;14.769218444824219;100;0
9400;0;1;0;0;0;0;0;1;1;0;3185;0;4000;1;0;0;0;0;0;14.766565322875977;100;0
9410;0;1;0;0;0;0;0;1;1;0;3185;0;4000;1;0;0;0;0;0;14.763646125793457;100;0
9421;0;1;0;0;0;0;0;1;1;0;3185;0;4000;1;0;0;0;0;0;14.760992050170898;100;0
9432;0;1;0;0;0;0;0;1;1;0;3186;0;4000;1;0;0;0;0;0;14.758072853088379;100;0
9442;0;1;0;0;0;0;0;1;1;0;3186;0;4000;1;0;0;0;0;0;14.755152702331543;100;0
9452;0;1;0;0;0;0;0;1;1;0;3186;0;4000;1;0;0;0;0;0;14.752497673034668;100;0
9463;0;1;0;0;0;0;0;1;1;0;3186;0;4000;1;0;0;0;0;0;14.749842643737793;100;0
9474;0;1;0;0;0;0;0;1;1;0;3187;0;4000;1;0;0;0;0;0;14.746922492980957;100;0
9486;0;1;0;0;0;0;0;1;1;0;3187;0;4000;1;0;0;0;0;0;14.744001388549805;100;0
9496;0;1;0;0;0;0;0;1;1;0;3187;0;4000;1;0;0;0;0;0;14.740814208984375;100;0
9507;0;1;0;0;0;0;0;1;1;0;3188;0;4000;1;0;0;0;0;0;14.738158226013184;100;0
9518;0;1;0;0;0;0;0;1;1;0;3188;0;4000;1;0;0;0;0;0;14.735236167907715;100;0
9528;0;1;0;0;0;0;0;1;1;0;3189;0;4000;1;0;0;0;0;0;14.732314109802246;100;0
9539;0;1;0;0;0;0;0;1;1;0;3189;0;4000;1;0;0;0;0;0;14.729657173156738;100;0
9549;0;1;0;0;0;0;0;1;1;0;3189;0;4000;1;0;0;0;0;0;14.726734161376953;100;0
9559;0;1;0;0;0;0;0;1;1;0;3190;0;4000;1;0;0;0;0;0;14.724077224731445;100;0
9568;0;1;0;0;0;0;0;1;1;0;3190;0;4000;1;0;0;0;0;0;14.721419334411621;100;0
9579;0;1;0;0;0;0;0;1;1;0;3190;0;4000;1;0;0;0;0;0;14.719026565551758;100;0
9589;0;1;0;0;0;0;0;1;1;0;3191;0;4000;1;0;0;0;0;0;14.716102600097656;100;0
9601;0;1;0;0;0;0;0;1;1;0;3191;0;4000;1;0;0;0;0;0;14.713443756103516;100;0
9611;0;1;0;0;0;0;0;1;1;0;3192;0;4000;1;0;0;0;0;0;14.71025276184082;100;0
9623;0;1;0;0;0;0;0;1;1;0;3192;0;4000;1;0;0;0;0;0;14.704401016235352;100;0
9633;0;1;0;0;0;0;0;1;1;0;3192;0;4000;1;0;0;0;0;0;14.704401016235352;100;0
9644;0;1;0;0;0;0;0;1;1;0;3193;0;4000;1;0;0;0;0;0;14.701741218566895;100;0
9655;0;1;0;0;0;0;0;1;1;0;3193;0;4000;1;0;0;0;0;0;14.698814392089844;100;0
9665;0;1;0;0;0;0;0;1;1;0;3194;0;4000;1;0;0;0;0;0;14.695887565612793;100;0
9675;0;1;0;0;0;0;0;1;1;0;3194;0;4000;1;0;0;0;0;0;14.693225860595703;100;0
9685;0;1;0;0;0;0;0;1;1;0;3195;0;4000;1;0;0;0;0;0;14.690564155578613;100;0
9695;0;1;0;0;0;0;0;1;1;0;3195;0;4000;1;0;0;0;0;0;14.687901496887207;100;0
9707;0;1;0;0;0;0;0;1;1;0;3195;0;4000;1;0;0;0;0;0;14.6852388381958;100;0
9718;0;1;0;0;0;0;0;1;1;0;3195;0;4000;1;0;0;0;0;0;14.68204402923584;100;0
9729;0;1;0;0;0;0;0;1;1;0;3196;0;4000;1;0;0;0;0;0;14.67911434173584;100;0
9740;0;1;0;0;0;0;0;1;1;0;3197;0;4000;1;0;0;0;0;0;14.67618465423584;100;0
9750;0;1;0;0;0;0;0;1;1;0;3197;0;4000;1;0;0;0;0;0;14.673254013061523;100;0
9761;0;1;0;0;0;0;0;1;1;0;3198;0;4000;1;0;0;0;0;0;14.6705904006958;100;0
9772;0;1;0;0;0;0;0;1;1;0;3198;0;4000;1;0;0;0;0;0;14.667658805847168;100;0
9782;0;1;0;0;0;0;0;1;1;0;3199;0;4000;1;0;0;0;0;0;14.664727210998535;100;0
9793;0;1;0;0;0;0;0;1;1;0;3199;0;4000;1;0;0;0;0;0;14.66206169128418;100;0
9804;0;1;0;0;0;0;0;1;1;0;3199;0;4000;1;0;0;0;0;0;14.65912914276123;100;0
9814;0;1;0;0;0;0;0;1;1;0;3200;0;4000;1;0;0;0;0;0;14.656196594238281;100;0
9825;0;1;0;0;0;0;0;1;1;0;3200;0;4000;1;0;0;0;0;0;14.653530120849609;100;0
9835;0;1;0;0;0;0;0;1;1;0;3199;0;4000;1;0;0;0;0;0;14.650596618652344;100;0
9845;0;1;0;0;0;0;0;1;1;0;3199;0;4000;1;0;0;0;0;0;14.647931098937988;100;0
9855;0;1;0;0;0;0;0;1;1;0;3198;0;4000;1;0;0;0;0;0;14.645265579223633;100;0
9866;0;1;0;0;0;0;0;1;1;0;3198;0;4000;1;0;0;0;0;0;14.642601013183594;100;0
9877;0;1;0;0;0;0;0;1;1;0;3198;0;4000;1;0;0;0;0;0;14.639669418334961;100;0
9888;0;1;0;0;0;0;0;1;1;0;3197;0;4000;1;0;0;0;0;0;14.636737823486328;100;0
9899;0;1;0;0;0;0;0;1;1;0;3197;0;4000;1;0;0;0;0;0;14.633807182312012;100;0
9909;0;1;0;0;0;0;0;1;1;0;3196;0;4000;1;0;0;0;0;0;14.630876541137695;100;0
9919;0;1;0;0;0;0;0;1;1;0;3196;0;4000;1;0;0;0;0;0;14.628212928771973;100;0
9929;0;1;0;0;0;0;0;1;1;0;3196;0;4000;1;0;0;0;0;0;14.62554931640625;100;0
9941;0;1;0;0;0;0;0;1;1;0;3195;0;4000;1;0;0;0;0;0;14.622885704040527;100;0
9951;0;1;0;0;0;0;0;1;1;0;3195;0;4000;1;0;0;0;0;0;14.619690895080566;100;0
9961;0;1;0;0;0;0;0;1;1;0;3194;0;4000;1;0;0;0;0;0;14.61702823638916;100;0
9971;0;1;0;0;0;0;0;1;1;0;3194;0;4000;1;0;0;0;0;0;14.61436653137207;100;0
9981;0;1;0;0;0;0;0;1;1;0;3194;0;4000;1;0;0;0;0;0;14.61170482635498;100;0
9991;0;1;0;0;0;0;0;1;1;0;3193;0;4000;1;0;0;0;0;0;14.609043121337891;100;0
10002;0;1;0;0;0;0;0;1;1;0;3193;0;4000;1;0;0;0;0;0;14.606382369995117;100;0
10013;0;1;0;0;0;0;0;1;1;0;3192;0;4000;1;0;0;0;0;0;14.603455543518066;100;0
10024;0;1;0;0;0;0;0;1;1;0;3192;0;4000;1;0;0;0;0;0;14.600529670715332;100;0
10034;0;1;0;0;0;0;0;1;1;0;3192;0;4000;1;0;0;0;0;0;14.597603797912598;100;0
10044;0;1;0;0;0;0;0;1;1;0;3191;0;4000;1;0;0;0;0;0;14.594944000244141;100;0
10055;0;1;0;0;0;0;0;1;1;0;3191;0;4000;1;0;0;0;0;0;14.59228515625;100;0
10066;0;1;0;0;0;0;0;1;1;0;3191;0;4000;1;0;0;0;0;0;14.589360237121582;100;0
10077;0;1;0;0;0;0;0;1;1;0;3190;0;4000;1;0;0;0;0;0;14.586435317993164;100;0
10088;0;1;0;0;0;0;0;1;1;0;3190;0;4000;1;0;0;0;0;0;14.583511352539063;100;0
10099;0;1;0;0;0;0;0;1;1;0;3190;0;4000;1;0;0;0;0;0;14.580587387084961;100;0
10110;0;1;0;0;0;0;0;1;1;0;3189;0;4000;1;0;0;0;0;0;14.577663421630859;100;0
10120;0;1;0;0;0;0;0;1;1;0;3189;0;4000;1;0;0;0;0;0;14.574740409851074;100;0
10131;0;1;0;0;0;0;0;1;1;0;3189;0;4000;1;0;0;0;0;0;14.572083473205566;100;0
10141;0;1;0;0;0;0;0;1;1;0;3189;0;4000;1;0;0;0;0;0;14.569160461425781;100;0
10151;0;1;0;0;0;0;0;1;1;0;3188;0;4000;1;0;0;0;0;0;14.566503524780273;100;0
10161;0;1;0;0;0;0;0;1;1;0;3188;0;4000;1;0;0;0;0;0;14.563846588134766;100;0
10173;0;1;0;0;0;0;0;1;1;0;3188;0;4000;1;0;0;0;0;0;14.561189651489258;100;0
10182;0;1;0;0;0;0;0;1;1;0;3188;0;4000;1;0;0;0;0;0;14.558001518249512;100;0
10193;0;1;0;0;0;0;0;1;1;0;3187;0;4000;1;0;0;0;0;0;14.555610656738281;100;0
10204;0;1;0;0;0;0;0;1;1;0;3187;0;4000;1;0;0;0;0;0;14.552689552307129;100;0
10215;0;1;0;0;0;0;0;1;1;0;3187;0;4000;1;0;0;0;0;0;14.549768447875977;100;0
10227;0;1;0;0;0;0;0;1;1;0;3187;0;4000;1;0;0;0;0;0;14.546847343444824;100;0
10238;0;1;0;0;0;0;0;1;1;0;3186;0;4000;1;0;0;0;0;0;14.543660163879395;100;0
10248;0;1;0;0;0;0;0;1;1;0;3186;0;4000;1;0;0;0;0;0;14.540740013122559;100;0
10258;0;1;0;0;0;0;0;1;1;0;3186;0;4000;1;0;0;0;0;0;14.538084983825684;100;0
10270;0;1;0;0;0;0;0;1;1;0;3186;0;4000;1;0;0;0;0;0;14.535429954528809;100;0
10281;0;1;0;0;0;0;0;1;1;0;3186;0;4000;1;0;0;0;0;0;14.529323577880859;100;0
10292;0;1;0;0;0;0;0;1;1;0;3186;0;4000;1;0;0;0;0;0;14.529323577880859;100;0
10303;0;1;0;0;0;0;0;1;1;0;3186;0;4000;1;0;0;0;0;0;14.526403427124023;100;0
10313;0;1;0;0;0;0;0;1;1;0;3185;0;4000;1;0;0;0;0;0;14.523483276367188;100;0
10324;0;1;0;0;0;0;0;1;1;0;3185;0;4000;1;0;0;0;0;0;14.520829200744629;100;0
10335;0;1;0;0;0;0;0;1;1;0;3185;0;4000;1;0;0;0;0;0;14.517910003662109;100;0
10346;0;1;0;0;0;0;0;1;1;0;3185;0;4000;1;0;0;0;0;0;14.51499080657959;100;0
10355;0;1;0;0;0;0;0;1;1;0;3185;0;4000;1;0;0;0;0;0;14.51207160949707;100;0
10367;0;1;0;0;0;0;0;1;1;0;3185;0;4000;1;0;0;0;0;0;14.509682655334473;100;0
10377;0;1;0;0;0;0;0;1;1;0;3185;0;4000;1;0;0;0;0;0;14.506497383117676;100;0
10387;0;1;0;0;0;0;0;1;1;0;3185;0;4000;1;0;0;0;0;0;14.503843307495117;100;0
10398;0;1;0;0;0;0;0;1;1;0;3185;0;4000;1;0;0;0;0;0;14.501189231872559;100;0
10408;0;1;0;0;0;0;0;1;1;0;3185;0;4000;1;0;0;0;0;0;14.498270034790039;100;0
10419;0;1;0;0;0;0;0;1;1;0;3185;0;4000;1;0;0;0;0;0;14.49561595916748;100;0
10431;0;1;0;0;0;0;0;1;1;0;3185;0;4000;1;0;0;0;0;0;14.492696762084961;100;0
10442;0;1;0;0;0;0;0;1;1;0;3185;0;4000;1;0;0;0;0;0;14.489511489868164;100;0
10454;0;1;0;0;0;0;0;1;1;0;3185;0;4000;1;0;0;0;0;0;14.486592292785645;100;0
10463;0;1;0;0;0;0;0;1;1;0;3185;0;4000;1;0;0;0;0;0;14.483407020568848;100;0
10474;0;1;0;0;0;0;0;1;1;0;3185;0;4000;1;0;0;0;0;0;14.48101806640625;100;0
10485;0;1;0;0;0;0;0;1;1;0;3185;0;4000;1;0;0;0;0;0;14.47809886932373;100;0
10495;0;1;0;0;0;0;0;1;1;0;3185;0;4000;1;0;0;0;0;0;14.475179672241211;100;0
10507;0;1;0;0;0;0;0;1;1;0;3185;0;4000;1;0;0;0;0;0;14.472525596618652;100;0
10517;0;1;0;0;0;0;0;1;1;0;3186;0;4000;1;0;0;0;0;0;14.469340324401855;100;0
10529;0;1;0;0;0;0;0;1;1;0;3186;0;4000;1;0;0;0;0;0;14.46668529510498;100;0
10541;0;1;0;0;0;0;0;1;1;0;3186;0;4000;1;0;0;0;0;0;14.463499069213867;100;0
10552;0;1;0;0;0;0;0;1;1;0;3186;0;4000;1;0;0;0;0;0;14.457392692565918;100;0
10562;0;1;0;0;0;0;0;1;1;0;3186;0;4000;1;0;0;0;0;0;14.457392692565918;100;0
10573;0;1;0;0;0;0;0;1;1;0;3186;0;4000;1;0;0;0;0;0;14.454737663269043;100;0
10584;0;1;0;0;0;0;0;1;1;0;3186;0;4000;1;0;0;0;0;0;14.451817512512207;100;0
10594;0;1;0;0;0;0;0;1;1;0;3186;0;4000;1;0;0;0;0;0;14.448897361755371;100;0
10605;0;1;0;0;0;0;0;1;1;0;3187;0;4000;1;0;0;0;0;0;14.44624137878418;100;0
10616;0;1;0;0;0;0;0;1;1;0;3187;0;4000;1;0;0;0;0;0;14.443320274353027;100;0
10626;0;1;0;0;0;0;0;1;1;0;3187;0;4000;1;0;0;0;0;0;14.440399169921875;100;0
10637;0;1;0;0;0;0;0;1;1;0;3187;0;4000;1;0;0;0;0;0;14.437743186950684;100;0
10647;0;1;0;0;0;0;0;1;1;0;3188;0;4000;1;0;0;0;0;0;14.434822082519531;100;0
10657;0;1;0;0;0;0;0;1;1;0;3188;0;4000;1;0;0;0;0;0;14.429508209228516;100;0
10669;0;1;0;0;0;0;0;1;1;0;3188;0;4000;1;0;0;0;0;0;14.429508209228516;100;0
10680;0;1;0;0;0;0;0;1;1;0;3188;0;4000;1;0;0;0;0;0;14.42632007598877;100;0
10691;0;1;0;0;0;0;0;1;1;0;3189;0;4000;1;0;0;0;0;0;14.4233980178833;100;0
10703;0;1;0;0;0;0;0;1;1;0;3189;0;4000;1;0;0;0;0;0;14.420475006103516;100;0
10713;0;1;0;0;0;0;0;1;1;0;3189;0;4000;1;0;0;0;0;0;14.417285919189453;100;0
10725;0;1;0;0;0;0;0;1;1;0;3189;0;4000;1;0;0;0;0;0;14.414628982543945;100;0
10736;0;1;0;0;0;0;0;1;1;0;3189;0;4000;1;0;0;0;0;0;14.411439895629883;100;0
10746;0;1;0;0;0;0;0;1;1;0;3190;0;4000;1;0;0;0;0;0;14.408515930175781;100;0
10755;0;1;0;0;0;0;0;1;1;0;3190;0;4000;1;0;0;0;0;0;14.405858039855957;100;0
10766;0;1;0;0;0;0;0;1;1;0;3190;0;4000;1;0;0;0;0;0;14.403465270996094;100;0
10777;0;1;0;0;0;0;0;1;1;0;3191;0;4000;1;0;0;0;0;0;14.400540351867676;100;0
10787;0;1;0;0;0;0;0;1;1;0;3191;0;4000;1;0;0;0;0;0;14.397615432739258;100;0
10797;0;1;0;0;0;0;0;1;1;0;3191;0;4000;1;0;0;0;0;0;14.394956588745117;100;0
10808;0;1;0;0;0;0;0;1;1;0;3192;0;4000;1;0;0;0;0;0;14.389371871948242;100;0
10819;0;1;0;0;0;0;0;1;1;0;3192;0;4000;1;0;0;0;0;0;14.389371871948242;100;0
10831;0;1;0;0;0;0;0;1;1;0;3192;0;4000;1;0;0;0;0;0;14.386445999145508;100;0
10841;0;1;0;0;0;0;0;1;1;0;3193;0;4000;1;0;0;0;0;0;14.383254051208496;100;0
10852;0;1;0;0;0;0;0;1;1;0;3193;0;4000;1;0;0;0;0;0;14.380593299865723;100;0
10863;0;1;0;0;0;0;0;1;1;0;3194;0;4000;1;0;0;0;0;0;14.377666473388672;100;0
10874;0;1;0;0;0;0;0;1;1;0;3194;0;4000;1;0;0;0;0;0;14.374738693237305;100;0
10887;0;1;0;0;0;0;0;1;1;0;3194;0;4000;1;0;0;0;0;0;14.371810913085938;100;0
10898;0;1;0;0;0;0;0;1;1;0;3195;0;4000;1;0;0;0;0;0;14.368350982666016;100;0
10908;0;1;0;0;0;0;0;1;1;0;3195;0;4000;1;0;0;0;0;0;14.365422248840332;100;0
10919;0;1;0;0;0;0;0;1;1;0;3195;0;4000;1;0;0;0;0;0;14.362759590148926;100;0
10929;0;1;0;0;0;0;0;1;1;0;3196;0;4000;1;0;0;0;0;0;14.359830856323242;100;0
10940;0;1;0;0;0;0;0;1;1;0;3196;0;4000;1;0;0;0;0;0;14.35716724395752;100;0
10950;0;1;0;0;0;0;0;1;1;0;3197;0;4000;1;0;0;0;0;0;14.35423755645752;100;0
10960;0;1;0;0;0;0;0;1;1;0;3197;0;4000;1;0;0;0;0;0;14.351573944091797;100;0
10970;0;1;0;0;0;0;0;1;1;0;3197;0;4000;1;0;0;0;0;0;14.348910331726074;100;0
10980;0;1;0;0;0;0;0;1;1;0;3198;0;4000;1;0;0;0;0;0;14.346246719360352;100;0
10992;0;1;0;0;0;0;0;1;1;0;3198;0;4000;1;0;0;0;0;0;14.343582153320313;100;0
11003;0;1;0;0;0;0;0;1;1;0;3198;0;4000;1;0;0;0;0;0;14.340384483337402;100;0
11013;0;1;0;0;0;0;0;1;1;0;3199;0;4000;1;0;0;0;0;0;14.33745288848877;100;0
11024;0;1;0;0;0;0;0;1;1;0;3199;0;4000;1;0;0;0;0;0;14.334787368774414;100;0
11034;0;1;0;0;0;0;0;1;1;0;3199;0;4000;1;0;0;0;0;0;14.331854820251465;100;0
11046;0;1;0;0;0;0;0;1;1;0;3200;0;4000;1;0;0;0;0;0;14.329189300537109;100;0
11055;0;1;0;0;0;0;0;1;1;0;3200;0;4000;1;0;0;0;0;0;14.325989723205566;100;0
11066;0;1;0;0;0;0;0;1;1;0;3200;0;4000;1;0;0;0;0;0;14.323590278625488;100;0
11076;0;1;0;0;0;0;0;1;1;0;3199;0;4000;1;0;0;0;0;0;14.320657730102539;100;0
11087;0;1;0;0;0;0;0;1;1;0;3199;0;4000;1;0;0;0;0;0;14.317992210388184;100;0
11097;0;1;0;0;0;0;0;1;1;0;3198;0;4000;1;0;0;0;0;0;14.315059661865234;100;0
11108;0;1;0;0;0;0;0;1;1;0;3198;0;4000;1;0;0;0;0;0;14.309463500976563;100;0
11120;0;1;0;0;0;0;0;1;1;0;3198;0;4000;1;0;0;0;0;0;14.309463500976563;100;0
11130;0;1;0;0;0;0;0;1;1;0;3197;0;4000;1;0;0;0;0;0;14.306265830993652;100;0
11140;0;1;0;0;0;0;0;1;1;0;3197;0;4000;1;0;0;0;0;0;14.30360221862793;100;0
11151;0;1;0;0;0;0;0;1;1;0;3197;0;4000;1;0;0;0;0;0;14.298007965087891;100;0
11161;0;1;0;0;0;0;0;1;1;0;3196;0;4000;1;0;0;0;0;0;14.298007965087891;100;0
11172;0;1;0;0;0;0;0;1;1;0;3196;0;4000;1;0;0;0;0;0;14.295344352722168;100;0
11182;0;1;0;0;0;0;0;1;1;0;3196;0;4000;1;0;0;0;0;0;14.292414665222168;100;0
11192;0;1;0;0;0;0;0;1;1;0;3195;0;4000;1;0;0;0;0;0;14.289751052856445;100;0
11204;0;1;0;0;0;0;0;1;1;0;3195;0;4000;1;0;0;0;0;0;14.287088394165039;100;0
11214;0;1;0;0;0;0;0;1;1;0;3195;0;4000;1;0;0;0;0;0;14.283893585205078;100;0
11224;0;1;0;0;0;0;0;1;1;0;3194;0;4000;1;0;0;0;0;0;14.281230926513672;100;0
11235;0;1;0;0;0;0;0;1;1;0;3194;0;4000;1;0;0;0;0;0;14.278569221496582;100;0
11246;0;1;0;0;0;0;0;1;1;0;3194;0;4000;1;0;0;0;0;0;14.275641441345215;100;0
11256;0;1;0;0;0;0;0;1;1;0;3194;0;4000;1;0;0;0;0;0;14.272713661193848;100;0
11266;0;1;0;0;0;0;0;1;1;0;3193;0;4000;1;0;0;0;0;0;14.270051956176758;100;0
11277;0;1;0;0;0;0;0;1;1;0;3193;0;4000;1;0;0;0;0;0;14.267391204833984;100;0
11288;0;1;0;0;0;0;0;1;1;0;3193;0;4000;1;0;0;0;0;0;14.264464378356934;100;0
11299;0;1;0;0;0;0;0;1;1;0;3193;0;4000;1;0;0;0;0;0;14.261537551879883;100;0
11309;0;1;0;0;0;0;0;1;1;0;3192;0;4000;1;0;0;0;0;0;14.258610725402832;100;0
11319;0;1;0;0;0;0;0;1;1;0;3192;0;4000;1;0;0;0;0;0;14.255950927734375;100;0
11329;0;1;0;0;0;0;0;1;1;0;3192;0;4000;1;0;0;0;0;0;14.253291130065918;100;0
11340;0;1;0;0;0;0;0;1;1;0;3192;0;4000;1;0;0;0;0;0;14.250631332397461;100;0
11351;0;1;0;0;0;0;0;1;1;0;3191;0;4000;1;0;0;0;0;0;14.247705459594727;100;0
11361;0;1;0;0;0;0;0;1;1;0;3191;0;4000;1;0;0;0;0;0;14.244780540466309;100;0
11371;0;1;0;0;0;0;0;1;1;0;3191;0;4000;1;0;0;0;0;0;14.242121696472168;100;0
11381;0;1;0;0;0;0;0;1;1;0;3191;0;4000;1;0;0;0;0;0;14.239462852478027;100;0
11391;0;1;0;0;0;0;0;1;1;0;3191;0;4000;1;0;0;0;0;0;14.236804008483887;100;0
11402;0;1;0;0;0;0;0;1;1;0;3190;0;4000;1;0;0;0;0;0;14.234145164489746;100;0
11413;0;1;0;0;0;0;0;1;1;0;3190;0;4000;1;0;0;0;0;0;14.231221199035645;100;0
11423;0;1;0;0;0;0;0;1;1;0;3190;0;4000;1;0;0;0;0;0;14.228297233581543;100;0
11434;0;1;0;0;0;0;0;1;1;0;3190;0;4000;1;0;0;0;0;0;14.222715377807617;100;0
11445;0;1;0;0;0;0;0;1;1;0;3190;0;4000;1;0;0;0;0;0;14.222715377807617;100;0
11455;0;1;0;0;0;0;0;1;1;0;3190;0;4000;1;0;0;0;0;0;14.217133522033691;100;0
11466;0;1;0;0;0;0;0;1;1;0;3189;0;4000;1;0;0;0;0;0;14.217133522033691;100;0
11477;0;1;0;0;0;0;0;1;1;0;3189;0;4000;1;0;0;0;0;0;14.214210510253906;100;0
11487;0;1;0;0;0;0;0;1;1;0;3189;0;4000;1;0;0;0;0;0;14.211287498474121;100;0
11497;0;1;0;0;0;0;0;1;1;0;3189;0;4000;1;0;0;0;0;0;14.208630561828613;100;0
11508;0;1;0;0;0;0;0;1;1;0;3189;0;4000;1;0;0;0;0;0;14.205973625183105;100;0
11519;0;1;0;0;0;0;0;1;1;0;3189;0;4000;1;0;0;0;0;0;14.20305061340332;100;0
11530;0;1;0;0;0;0;0;1;1;0;3189;0;4000;1;0;0;0;0;0;14.200127601623535;100;0
11540;0;1;0;0;0;0;0;1;1;0;3189;0;4000;1;0;0;0;0;0;14.19720458984375;100;0
11551;0;1;0;0;0;0;0;1;1;0;3189;0;4000;1;0;0;0;0;0;14.194547653198242;100;0
11562;0;1;0;0;0;0;0;1;1;0;3189;0;4000;1;0;0;0;0;0;14.188701629638672;100;0
11572;0;1;0;0;0;0;0;1;1;0;3188;0;4000;1;0;0;0;0;0;14.186044692993164;100;0
11584;0;1;0;0;0;0;0;1;1;0;3188;0;4000;1;0;0;0;0;0;14.186044692993164;100;0
11594;0;1;0;0;0;0;0;1;1;0;3188;0;4000;1;0;0;0;0;0;14.182856559753418;100;0
11605;0;1;0;0;0;0;0;1;1;0;3188;0;4000;1;0;0;0;0;0;14.177277565002441;100;0
11616;0;1;0;0;0;0;0;1;1;0;3188;0;4000;1;0;0;0;0;0;14.174355506896973;100;0
11627;0;1;0;0;0;0;0;1;1;0;3188;0;4000;1;0;0;0;0;0;14.171433448791504;100;0
11637;0;1;0;0;0;0;0;1;1;0;3188;0;4000;1;0;0;0;0;0;14.171433448791504;100;0
11647;0;1;0;0;0;0;0;1;1;0;3188;0;4000;1;0;0;0;0;0;14.168776512145996;100;0
11657;0;1;0;0;0;0;0;1;1;0;3188;0;4000;1;0;0;0;0;0;14.166119575500488;100;0
11668;0;1;0;0;0;0;0;1;1;0;3188;0;4000;1;0;0;0;0;0;14.16346263885498;100;0
11678;0;1;0;0;0;0;0;1;1;0;3188;0;4000;1;0;0;0;0;0;14.160540580749512;100;0
11689;0;1;0;0;0;0;0;1;1;0;3188;0;4000;1;0;0;0;0;0;14.157883644104004;100;0
11701;0;1;0;0;0;0;0;1;1;0;3188;0;4000;1;0;0;0;0;0;14.154961585998535;100;0
11712;0;1;0;0;0;0;0;1;1;0;3188;0;4000;1;0;0;0;0;0;14.151773452758789;100;0
11723;0;1;0;0;0;0;0;1;1;0;3189;0;4000;1;0;0;0;0;0;14.14885139465332;100;0
11733;0;1;0;0;0;0;0;1;1;0;3189;0;4000;1;0;0;0;0;0;14.145928382873535;100;0
11744;0;1;0;0;0;0;0;1;1;0;3189;0;4000;1;0;0;0;0;0;14.143271446228027;100;0
11754;0;1;0;0;0;0;0;1;1;0;3189;0;4000;1;0;0;0;0;0;14.140348434448242;100;0
11764;0;1;0;0;0;0;0;1;1;0;3189;0;4000;1;0;0;0;0;0;14.137691497802734;100;0
11774;0;1;0;0;0;0;0;1;1;0;3189;0;4000;1;0;0;0;0;0;14.135034561157227;100;0
11785;0;1;0;0;0;0;0;1;1;0;3189;0;4000;1;0;0;0;0;0;14.132377624511719;100;0
11795;0;1;0;0;0;0;0;1;1;0;3189;0;4000;1;0;0;0;0;0;14.129454612731934;100;0
11804;0;1;0;0;0;0;0;1;1;0;3189;0;4000;1;0;0;0;0;0;14.126797676086426;100;0
11815;0;1;0;0;0;0;0;1;1;0;3189;0;4000;1;0;0;0;0;0;14.124405860900879;100;0
11826;0;1;0;0;0;0;0;1;1;0;3189;0;4000;1;0;0;0;0;0;14.121482849121094;100;0
11837;0;1;0;0;0;0;0;1;1;0;3190;0;4000;1;0;0;0;0;0;14.118559837341309;100;0
11848;0;1;0;0;0;0;0;1;1;0;3190;0;4000;1;0;0;0;0;0;14.115635871887207;100;0
11858;0;1;0;0;0;0;0;1;1;0;3190;0;4000;1;0;0;0;0;0;14.112711906433105;100;0
11868;0;0;1;0;0;0;1;1;1;0;3189;0;1000;1;0;0;0;0;0;4.9973416328430176;100;0
11879;0;0;1;0;0;0;1;1;1;0;3186;0;1000;1;0;0;0;0;0;4.9946842193603516;100;0
11890;0;0;1;0;0;0;1;1;1;0;3182;0;1000;1;0;0;0;0;0;4.9917640686035156;100;0
11900;0;0;1;0;0;0;1;1;1;0;3178;0;1000;1;0;0;0;0;0;4.9888472557067871;100;0
11911;0;0;1;0;0;0;1;1;1;0;3172;0;1000;1;0;0;0;0;0;4.986198902130127;100;0
11922;0;0;1;0;0;0;1;1;1;0;3164;0;1000;1;0;0;0;0;0;4.9832911491394043;100;0
11933;0;0;1;0;0;0;1;1;1;0;3156;0;1000;1;0;0;0;0;0;4.9803910255432129;100;0
11944;0;0;1;0;0;0;1;1;1;0;3156;0;1000;1;0;0;0;0;0;4.9774980545043945;100;0
11955;0;0;1;0;0;0;1;1;1;0;3137;0;1000;1;0;0;0;0;0;4.9746131896972656;100;0
11967;0;0;1;0;0;0;1;1;1;0;3125;0;1000;1;0;0;0;0;0;4.9717378616333008;100;0
11977;0;0;1;0;0;0;1;1;1;0;3115;0;1000;1;0;0;0;0;0;4.9660172462463379;100;0
11987;0;0;1;0;0;0;1;1;1;0;3104;0;1000;1;0;0;0;0;0;4.9660172462463379;100;0
11998;0;0;1;0;0;0;1;1;1;0;3091;0;1000;1;0;0;0;0;0;4.9634308815002441;100;0
12009;0;0;1;0;0;0;1;1;1;0;3078;0;1000;1;0;0;0;0;0;4.9605975151062012;100;0
12019;0;0;1;0;0;0;1;1;1;0;3066;0;1000;1;0;0;0;0;0;4.9577760696411133;100;0
12029;0;0;1;0;0;0;1;1;1;0;3053;0;1000;1;0;0;0;0;0;4.9552211761474609;100;0
12040;0;0;1;0;0;0;1;1;1;0;3038;0;1000;1;0;0;0;0;0;4.9526772499084473;100;0
12051;0;0;1;0;0;0;1;1;1;0;3023;0;1000;1;0;0;0;0;0;4.949892520904541;100;0
12061;0;0;1;0;0;0;1;1;1;0;3009;0;1000;1;0;0;0;0;0;4.9471216201782227;100;0
12071;0;0;1;0;0;0;1;1;1;0;2994;0;1000;1;0;0;0;0;0;4.9446144104003906;100;0
12082;0;0;1;0;0;0;1;1;1;0;2994;0;1000;1;0;0;0;0;0;4.9421195983886719;100;0
12092;0;0;1;0;0;0;1;1;1;0;2963;0;1000;1;0;0;0;0;0;4.939389705657959;100;0
12103;0;0;1;0;0;0;1;1;1;0;2946;0;1000;1;0;0;0;0;0;4.9369206428527832;100;0
12113;0;0;1;0;0;0;1;1;1;0;2930;0;1000;1;0;0;0;0;0;4.9342203140258789;100;0
12123;0;0;1;0;0;0;1;1;1;0;2914;0;1000;1;0;0;0;0;0;4.9317789077758789;100;0
12133;0;0;1;0;0;0;1;1;1;0;2898;0;1000;1;0;0;0;0;0;4.9293508529663086;100;0
12144;0;0;1;0;0;0;1;1;1;0;2880;0;1000;1;0;0;0;0;0;4.926936149597168;100;0
12155;0;0;1;0;0;0;1;1;1;0;2861;0;1000;1;0;0;0;0;0;4.9242963790893555;100;0
12166;0;0;1;0;0;0;1;1;1;0;2842;0;1000;1;0;0;0;0;0;4.9216737747192383;100;0
12177;0;0;1;0;0;0;1;1;1;0;2842;0;1000;1;0;0;0;0;0;4.9190688133239746;100;0
12187;0;0;1;0;0;0;1;1;1;0;2822;0;1000;1;0;0;0;0;0;4.9164819717407227;100;0
12198;0;0;1;0;0;0;1;1;1;0;2783;0;1000;1;0;0;0;0;0;4.9141464233398438;100;0
12208;0;0;1;0;0;0;1;1;1;0;2783;0;1000;1;0;0;0;0;0;4.911595344543457;100;0
12219;0;0;1;0;0;0;1;1;1;0;2744;0;1000;1;0;0;0;0;0;4.9092912673950195;100;0
12229;0;0;1;0;0;0;1;1;1;0;2725;0;1000;1;0;0;0;0;0;4.906775951385498;100;0
12240;0;0;1;0;0;0;1;1;1;0;2725;0;1000;1;0;0;0;0;0;4.9045052528381348;100;0
12250;0;0;1;0;0;0;1;1;1;0;2686;0;1000;1;0;0;0;0;0;4.9020256996154785;100;0
12260;0;0;1;0;0;0;1;1;1;0;2666;0;1000;1;0;0;0;0;0;4.899787425994873;100;0
12271;0;0;1;0;0;0;1;1;1;0;2645;0;1000;1;0;0;0;0;0;4.8975658416748047;100;0
12281;0;0;1;0;0;0;1;1;1;0;2645;0;1000;1;0;0;0;0;0;4.8951411247253418;100;0
12291;0;0;1;0;0;0;1;1;1;0;2607;0;1000;1;0;0;0;0;0;4.8929529190063477;100;0
12302;0;0;1;0;0;0;1;1;1;0;2585;0;1000;1;0;0;0;0;0;4.8907804489135742;100;0
12312;0;0;1;0;0;0;1;1;1;0;2566;0;1000;1;0;0;0;0;0;4.8884110450744629;100;0
12323;0;0;1;0;0;0;1;1;1;0;2544;0;1000;1;0;0;0;0;0;4.8839411735534668;100;0
12334;0;0;1;0;0;0;1;1;1;0;2522;0;1000;1;0;0;0;0;0;4.8839411735534668;100;0
12344;0;0;1;0;0;0;1;1;1;0;2522;0;1000;1;0;0;0;0;0;4.881629467010498;100;0
12355;0;0;1;0;0;0;1;1;1;0;2481;0;1000;1;0;0;0;0;0;4.8795437812805176;100;0
12366;0;0;1;0;0;0;1;1;1;0;2459;0;1000;1;0;0;0;0;0;4.8772697448730469;100;0
12378;0;0;1;0;0;0;1;1;1;0;2435;0;1000;1;0;0;0;0;0;4.8750157356262207;100;0
12389;0;0;1;0;0;0;1;1;1;0;2413;0;1000;1;0;0;0;0;0;4.8725810050964355;100;0
12399;0;0;1;0;0;0;1;1;1;0;2393;0;1000;1;0;0;0;0;0;4.8703689575195313;100;0
12410;0;0;1;0;0;0;1;1;1;0;2371;0;1000;1;0;0;0;0;0;4.8683748245239258;100;0
12420;0;0;1;0;0;0;1;1;1;0;2351;0;1000;1;0;0;0;0;0;4.8662014007568359;100;0
12431;0;0;1;0;0;0;1;1;1;0;2329;0;1000;1;0;0;0;0;0;4.8642420768737793;100;0
12442;0;0;1;0;0;0;1;1;1;0;2307;0;1000;1;0;0;0;0;0;4.859992504119873;100;0
12452;0;0;1;0;0;0;1;1;1;0;2287;0;1000;1;0;0;0;0;0;4.859992504119873;100;0
12463;0;0;1;0;0;0;1;1;1;0;2265;0;1000;1;0;0;0;0;0;4.8580865859985352;100;0
12473;0;0;1;0;0;0;1;1;1;0;2244;0;1000;1;0;0;0;0;0;4.8560104370117188;100;0
12483;0;0;1;0;0;0;1;1;1;0;2224;0;1000;1;0;0;0;0;0;4.8541402816772461;100;0
12495;0;0;1;0;0;0;1;1;1;0;2200;0;1000;1;0;0;0;0;0;4.8522868156433105;100;0
12506;0;0;1;0;0;0;1;1;1;0;2178;0;1000;1;0;0;0;0;0;4.8500866889953613;100;0
12516;0;0;1;0;0;0;1;1;1;0;2158;0;1000;1;0;0;0;0;0;4.8480901718139648;100;0
12526;0;0;1;0;0;0;1;1;1;0;2138;0;1000;1;0;0;0;0;0;4.8462920188903809;100;0
12536;0;0;1;0;0;0;1;1;1;0;2117;0;1000;1;0;0;0;0;0;4.844510555267334;100;0
12548;0;0;1;0;0;0;1;1;1;0;2117;0;1000;1;0;0;0;0;0;4.8427462577819824;100;0
12559;0;0;1;0;0;0;1;1;1;0;2071;0;1000;1;0;0;0;0;0;4.8406534194946289;100;0
12570;0;0;1;0;0;0;1;1;1;0;2049;0;1000;1;0;0;0;0;0;4.8387551307678223;100;0
12581;0;0;1;0;0;0;1;1;1;0;2027;0;1000;1;0;0;0;0;0;4.83687686920166;100;0
12592;0;0;1;0;0;0;1;1;1;0;2004;0;1000;1;0;0;0;0;0;4.8350186347961426;100;0
12602;0;0;1;0;0;0;1;1;1;0;1984;0;1000;1;0;0;0;0;0;4.8331818580627441;100;0
12613;0;0;1;0;0;0;1;1;1;0;1984;0;1000;1;0;0;0;0;0;4.8315286636352539;100;0
12624;0;0;1;0;0;0;1;1;1;0;1962;0;1000;1;0;0;0;0;0;4.8297300338745117;100;0
12634;0;0;1;0;0;0;1;1;1;0;1920;0;1000;1;0;0;0;0;0;4.8279519081115723;100;0
12646;0;0;1;0;0;0;1;1;1;0;1895;0;1000;1;0;0;0;0;0;4.8263521194458008;100;0
12656;0;0;1;0;0;0;1;1;1;0;1875;0;1000;1;0;0;0;0;0;4.8244571685791016;100;0
12667;0;0;1;0;0;0;1;1;1;0;1853;0;1000;1;0;0;0;0;0;4.82289457321167;100;0
12678;0;0;1;0;0;0;1;1;1;0;1831;0;1000;1;0;0;0;0;0;4.82119607925415;100;0
12688;0;0;1;0;0;0;1;1;1;0;1811;0;1000;1;0;0;0;0;0;4.8195176124572754;100;0
12699;0;0;1;0;0;0;1;1;1;0;1789;0;1000;1;0;0;0;0;0;4.8180084228515625;100;0
12708;0;0;1;0;0;0;1;1;1;0;1789;0;1000;1;0;0;0;0;0;4.816368579864502;100;0
12719;0;0;1;0;0;0;1;1;1;0;1749;0;1000;1;0;0;0;0;0;4.8150405883789063;100;0
12729;0;0;1;0;0;0;1;1;1;0;1729;0;1000;1;0;0;0;0;0;4.8134374618530273;100;0
12740;0;0;1;0;0;0;1;1;1;0;1707;0;1000;1;0;0;0;0;0;4.8119964599609375;100;0
12751;0;0;1;0;0;0;1;1;1;0;1684;0;1000;1;0;0;0;0;0;4.810431957244873;100;0
12762;0;0;1;0;0;0;1;1;1;0;1662;0;1000;1;0;0;0;0;0;4.8088884353637695;100;0
12771;0;0;1;0;0;0;1;1;1;0;1644;0;1000;1;0;0;0;0;0;4.8073649406433105;100;0
12782;0;0;1;0;0;0;1;1;1;0;1623;0;1000;1;0;0;0;0;0;4.8061318397521973;100;0
12793;0;0;1;0;0;0;1;1;1;0;1601;0;1000;1;0;0;0;0;0;4.8046441078186035;100;0
12803;0;0;1;0;0;0;1;1;1;0;1581;0;1000;1;0;0;0;0;0;4.8031764030456543;100;0
12814;0;0;1;0;0;0;1;1;1;0;1559;0;1000;1;0;0;0;0;0;4.8018589019775391;100;0
12825;0;0;1;0;0;0;1;1;1;0;1537;0;1000;1;0;0;0;0;0;4.8004298210144043;100;0
12835;0;0;1;0;0;0;1;1;1;0;1517;0;1000;1;0;0;0;0;0;4.7990207672119141;100;0
12847;0;0;1;0;0;0;1;1;1;0;1493;0;1000;1;0;0;0;0;0;4.7977566719055176;100;0
12858;0;0;1;0;0;0;1;1;1;0;1493;0;1000;1;0;0;0;0;0;4.7962636947631836;100;0
12869;0;0;1;0;0;0;1;1;1;0;1449;0;1000;1;0;0;0;0;0;4.7949151992797852;100;0
12881;0;0;1;0;0;0;1;1;1;0;1426;0;1000;1;0;0;0;0;0;4.7935872077941895;100;0
12892;0;0;1;0;0;0;1;1;1;0;1404;0;1000;1;0;0;0;0;0;4.7921614646911621;100;0
12901;0;0;1;0;0;0;1;1;1;0;1386;0;1000;1;0;0;0;0;0;4.7908744812011719;100;0
12911;0;0;1;0;0;0;1;1;1;0;1366;0;1000;1;0;0;0;0;0;4.7898349761962891;100;0
12922;0;0;1;0;0;0;1;1;1;0;1344;0;1000;1;0;0;0;0;0;4.7886967658996582;100;0
12933;0;0;1;0;0;0;1;1;1;0;1323;0;1000;1;0;0;0;0;0;4.7874646186828613;100;0
12943;0;0;1;0;0;0;1;1;1;0;1303;0;1000;1;0;0;0;0;0;4.7862520217895508;100;0
12954;0;0;1;0;0;0;1;1;1;0;1281;0;1000;1;0;0;0;0;0;4.7851662635803223;100;0
12964;0;0;1;0;0;0;1;1;1;0;1262;0;1000;1;0;0;0;0;0;4.7839922904968262;100;0
12974;0;0;1;0;0;0;1;1;1;0;1242;0;1000;1;0;0;0;0;0;4.7819061279296875;100;0
12985;0;0;1;0;0;0;1;1;1;0;1220;0;1000;1;0;0;0;0;0;4.7819061279296875;100;0
12995;0;0;1;0;0;0;1;1;1;0;1201;0;1000;1;0;0;0;0;0;4.7807879447937012;100;0
13005;0;0;1;0;0;0;1;1;1;0;1181;0;1000;1;0;0;0;0;0;4.7788028717041016;100;0
13016;0;0;1;0;0;0;1;1;1;0;1159;0;1000;1;0;0;0;0;0;4.7788028717041016;100;0
13026;0;0;1;0;0;0;1;1;1;0;1140;0;1000;1;0;0;0;0;0;4.777740478515625;100;0
13037;0;0;1;0;0;0;1;1;1;0;1118;0;1000;1;0;0;0;0;0;4.7767906188964844;100;0
13048;0;0;1;0;0;0;1;1;1;0;1097;0;1000;1;0;0;0;0;0;4.7757658958435059;100;0
13058;0;0;1;0;0;0;1;1;1;0;1077;0;1000;1;0;0;0;0;0;4.7747602462768555;100;0
13067;0;0;1;0;0;0;1;1;1;0;1061;0;1000;1;0;0;0;0;0;4.7738628387451172;100;0
13078;0;0;1;0;0;0;1;1;1;0;1042;0;1000;1;0;0;0;0;0;4.7730669975280762;100;0
13089;0;0;1;0;0;0;1;1;1;0;1024;0;1000;1;0;0;0;0;0;4.7721118927001953;100;0
13099;0;0;1;0;0;0;1;1;1;0;1010;0;1000;1;0;0;0;0;0;4.7711734771728516;100;0
13109;0;0;1;0;0;0;1;1;1;0;996;0;1000;1;0;0;0;0;0;4.770331859588623;100;0
13120;0;0;1;0;0;0;1;1;1;0;981;0;1000;1;0;0;0;0;0;4.7695016860961914;100;0
13131;0;0;1;0;0;0;1;1;1;0;968;0;1000;1;0;0;0;0;0;4.76860237121582;100;0
13142;0;0;1;0;0;0;1;1;1;0;956;0;1000;1;0;0;0;0;0;4.7677149772644043;100;0
13151;0;0;1;0;0;0;1;1;1;0;956;0;1000;1;0;0;0;0;0;4.766838550567627;100;0
13162;0;0;1;0;0;0;1;1;1;0;936;0;1000;1;0;0;0;0;0;4.7661285400390625;100;0
13173;0;0;1;0;0;0;1;1;1;0;927;0;1000;1;0;0;0;0;0;4.7652707099914551;100;0
13184;0;0;1;0;0;0;1;1;1;0;927;0;1000;1;0;0;0;0;0;4.7644209861755371;100;0
13194;0;0;1;0;0;0;1;1;1;0;910;0;1000;1;0;0;0;0;0;4.7628211975097656;100;0
13204;0;0;1;0;0;0;1;1;1;0;903;0;1000;1;0;0;0;0;0;4.7628211975097656;100;0
13215;0;0;1;0;0;0;1;1;1;0;896;0;1000;1;0;0;0;0;0;4.7620687484741211;100;0
13226;0;0;1;0;0;0;1;1;1;0;889;0;1000;1;0;0;0;0;0;4.7612476348876953;100;0
13236;0;0;1;0;0;0;1;1;1;0;884;0;1000;1;0;0;0;0;0;4.7604327201843262;100;0
13246;0;0;1;0;0;0;1;1;1;0;878;0;1000;1;0;0;0;0;0;4.7596960067749023;100;0
13256;0;0;1;0;0;0;1;1;1;0;878;0;1000;1;0;0;0;0;0;4.7589645385742188;100;0
13266;0;0;1;0;0;0;1;1;1;0;874;0;1000;1;0;0;0;0;0;4.7582364082336426;100;0
13277;0;0;1;0;0;0;1;1;1;0;865;0;1000;1;0;0;0;0;0;4.757512092590332;100;0
13286;0;0;1;0;0;0;1;1;1;0;862;0;1000;1;0;0;0;0;0;4.75671911239624;100;0
13297;0;0;1;0;0;0;1;1;1;0;858;0;1000;1;0;0;0;0;0;4.7560725212097168;100;0
13307;0;0;1;0;0;0;1;1;1;0;855;0;1000;1;0;0;0;0;0;4.75528621673584;100;0
13318;0;0;1;0;0;0;1;1;1;0;852;0;1000;1;0;0;0;0;0;4.7545738220214844;100;0
13328;0;0;1;0;0;0;1;1;1;0;849;0;1000;1;0;0;0;0;0;4.7537927627563477;100;0
13338;0;0;1;0;0;0;1;1;1;0;847;0;1000;1;0;0;0;0;0;4.7530851364135742;100;0
13349;0;0;1;0;0;0;1;1;1;0;844;0;1000;1;0;0;0;0;0;4.7523794174194336;100;0
13361;0;0;1;0;0;0;1;1;1;0;842;0;1000;1;0;0;0;0;0;4.7516059875488281;100;0
13372;0;0;1;0;0;0;1;1;1;0;839;0;1000;1;0;0;0;0;0;4.7507638931274414;100;0
13384;0;0;1;0;0;0;1;1;1;0;835;0;1000;1;0;0;0;0;0;4.74999475479126;100;0
13395;0;0;1;0;0;0;1;1;1;0;835;0;1000;1;0;0;0;0;0;4.7491598129272461;100;0
13407;0;0;1;0;0;0;1;1;1;0;828;0;1000;1;0;0;0;0;0;4.7483983039855957;100;0
13418;0;0;1;0;0;0;1;1;1;0;824;0;1000;1;0;0;0;0;0;4.7475705146789551;100;0
13429;0;0;1;0;0;0;1;1;1;0;821;0;1000;1;0;0;0;0;0;4.7468152046203613;100;0
13439;0;0;1;0;0;0;1;1;1;0;818;0;1000;1;0;0;0;0;0;4.7460627555847168;100;0
13450;0;0;1;0;0;0;1;1;1;0;816;0;1000;1;0;0;0;0;0;4.7453808784484863;100;0
13460;0;0;1;0;0;0;1;1;1;0;813;0;1000;1;0;0;0;0;0;4.7446327209472656;100;0
13471;0;0;1;0;0;0;1;1;1;0;810;0;1000;1;0;0;0;0;0;4.743955135345459;100;0
13482;0;0;1;0;0;0;1;1;1;0;808;0;1000;1;0;0;0;0;0;4.7432126998901367;100;0
13492;0;0;1;0;0;0;1;1;1;0;808;0;1000;1;0;0;0;0;0;4.7424721717834473;100;0
13502;0;0;1;0;0;0;1;1;1;0;803;0;1000;1;0;0;0;0;0;4.7418003082275391;100;0
13513;0;0;1;0;0;0;1;1;1;0;801;0;1000;1;0;0;0;0;0;4.74113130569458;100;0
13525;0;0;1;0;0;0;1;1;1;0;799;0;1000;1;0;0;0;0;0;4.7403969764709473;100;0
13535;0;0;1;0;0;0;1;1;1;0;797;0;1000;1;0;0;0;0;0;4.7395977973937988;100;0
13545;0;0;1;0;0;0;1;1;1;0;795;0;1000;1;0;0;0;0;0;4.7389335632324219;100;0
13556;0;0;1;0;0;0;1;1;1;0;793;0;1000;1;0;0;0;0;0;4.7382712364196777;100;0
13566;0;0;1;0;0;0;1;1;1;0;793;0;1000;1;0;0;0;0;0;4.7375445365905762;100;0
13576;0;0;1;0;0;0;1;1;1;0;790;0;1000;1;0;0;0;0;0;4.736884593963623;100;0
13587;0;0;1;0;0;0;1;1;1;0;788;0;1000;1;0;0;0;0;0;4.7362260818481445;100;0
13597;0;0;1;0;0;0;1;1;1;0;788;0;1000;1;0;0;0;0;0;4.7355036735534668;100;0
13607;0;0;1;0;0;0;1;1;1;0;785;0;1000;1;0;0;0;0;0;4.7348480224609375;100;0
13617;0;0;1;0;0;0;1;1;1;0;784;0;1000;1;0;0;0;0;0;4.7341938018798828;100;0
13628;0;0;1;0;0;0;1;1;1;0;783;0;1000;1;0;0;0;0;0;4.7335405349731445;100;0
13638;0;0;1;0;0;0;1;1;1;0;781;0;1000;1;0;0;0;0;0;4.7328228950500488;100;0
13649;0;0;1;0;0;0;1;1;1;0;780;0;1000;1;0;0;0;0;0;4.7321720123291016;100;0
13659;0;0;1;0;0;0;1;1;1;0;779;0;1000;1;0;0;0;0;0;4.7314572334289551;100;0
13669;0;0;1;0;0;0;1;1;1;0;778;0;1000;1;0;0;0;0;0;4.7308082580566406;100;0
13680;0;0;1;0;0;0;1;1;1;0;776;0;1000;1;0;0;0;0;0;4.7301597595214844;100;0
13692;0;0;1;0;0;0;1;1;1;0;775;0;1000;1;0;0;0;0;0;4.7294483184814453;100;0
13702;0;0;1;0;0;0;1;1;1;0;774;0;1000;1;0;0;0;0;0;4.7286734580993652;100;0
13714;0;0;1;0;0;0;1;1;1;0;773;0;1000;1;0;0;0;0;0;4.7280282974243164;100;0
13725;0;0;1;0;0;0;1;1;1;0;772;0;1000;1;0;0;0;0;0;4.7272553443908691;100;0
13735;0;0;1;0;0;0;1;1;1;0;771;0;1000;1;0;0;0;0;0;4.7265477180480957;100;0
13746;0;0;1;0;0;0;1;1;1;0;770;0;1000;1;0;0;0;0;0;4.7259054183959961;100;0
13756;0;0;1;0;0;0;1;1;1;0;769;0;1000;1;0;0;0;0;0;4.7251996994018555;100;0
13767;0;0;1;0;0;0;1;1;1;0;768;0;1000;1;0;0;0;0;0;4.7245588302612305;100;0
13778;0;0;1;0;0;0;1;1;1;0;768;0;1000;1;0;0;0;0;0;4.7238550186157227;100;0
13789;0;0;1;0;0;0;1;1;1;0;767;0;1000;1;0;0;0;0;0;4.7231512069702148;100;0
13799;0;0;1;0;0;0;1;1;1;0;766;0;1000;1;0;0;0;0;0;4.7224483489990234;100;0
13809;0;0;1;0;0;0;1;1;1;0;766;0;1000;1;0;0;0;0;0;4.7218098640441895;100;0
13819;0;0;1;0;0;0;1;1;1;0;765;0;1000;1;0;0;0;0;0;4.7211713790893555;100;0
13829;0;0;1;0;0;0;1;1;1;0;764;0;1000;1;0;0;0;0;0;4.7205338478088379;100;0
13840;0;0;1;0;0;0;1;1;1;0;764;0;1000;1;0;0;0;0;0;4.7198972702026367;100;0
13850;0;0;1;0;0;0;1;1;1;0;763;0;1000;1;0;0;0;0;0;4.7191967964172363;100;0
13861;0;0;1;0;0;0;1;1;1;0;763;0;1000;1;0;0;0;0;0;4.7185611724853516;100;0
13871;0;0;1;0;0;0;1;1;1;0;762;0;1000;1;0;0;0;0;0;4.7178616523742676;100;0
13881;0;0;1;0;0;0;1;1;1;0;762;0;1000;1;0;0;0;0;0;4.717226505279541;100;0
13892;0;0;1;0;0;0;1;1;1;0;762;0;1000;1;0;0;0;0;0;4.7165913581848145;100;0
13903;0;0;1;0;0;0;1;1;1;0;762;0;1000;1;0;0;0;0;0;4.7158927917480469;100;0
13914;0;0;1;0;0;0;1;1;1;0;761;0;1000;1;0;0;0;0;0;4.7151951789855957;100;0
13924;0;0;1;0;0;0;1;1;1;0;761;0;1000;1;0;0;0;0;0;4.7144975662231445;100;0
13935;0;0;1;0;0;0;1;1;1;0;760;0;1000;1;0;0;0;0;0;4.7138633728027344;100;0
13946;0;0;1;0;0;0;1;1;1;0;760;0;1000;1;0;0;0;0;0;4.7131667137146;100;0
13956;0;0;1;0;0;0;1;1;1;0;760;0;1000;1;0;0;0;0;0;4.7124700546264648;100;0
13966;0;0;1;0;0;0;1;1;1;0;760;0;1000;1;0;0;0;0;0;4.7118368148803711;100;0
13976;0;0;1;0;0;0;1;1;1;0;760;0;1000;1;0;0;0;0;0;4.7112035751342773;100;0
13987;0;0;1;0;0;0;1;1;1;0;760;0;1000;1;0;0;0;0;0;4.7105703353881836;100;0
13997;0;0;1;0;0;0;1;1;1;0;760;0;1000;1;0;0;0;0;0;4.7098736763000488;100;0
14008;0;0;1;0;0;0;1;1;1;0;760;0;1000;1;0;0;0;0;0;4.7092404365539551;100;0
14019;0;0;1;0;0;0;1;1;1;0;760;0;1000;1;0;0;0;0;0;4.70854377746582;100;0
14029;0;0;1;0;0;0;1;1;1;0;760;0;1000;1;0;0;0;0;0;4.7078471183776855;100;0
14040;0;0;1;0;0;0;1;1;1;0;760;0;1000;1;0;0;0;0;0;4.7072138786315918;100;0
14051;0;0;1;0;0;0;1;1;1;0;760;0;1000;1;0;0;0;0;0;4.706517219543457;100;0
14062;0;0;1;0;0;0;1;1;1;0;760;0;1000;1;0;0;0;0;0;4.7058205604553223;100;0
14072;0;0;1;0;0;0;1;1;1;0;760;0;1000;1;0;0;0;0;0;4.7051239013671875;100;0
14083;0;0;1;0;0;0;1;1;1;0;760;0;1000;1;0;0;0;0;0;4.7044906616210938;100;0
14093;0;0;1;0;0;0;1;1;1;0;760;0;1000;1;0;0;0;0;0;4.703794002532959;100;0
14103;0;0;1;0;0;0;1;1;1;0;761;0;1000;1;0;0;0;0;0;4.7031598091125488;100;0
14114;0;0;1;0;0;0;1;1;1;0;761;0;1000;1;0;0;0;0;0;4.7025256156921387;100;0
14124;0;0;1;0;0;0;1;1;1;0;761;0;1000;1;0;0;0;0;0;4.7018280029296875;100;0
14135;0;0;1;0;0;0;1;1;1;0;762;0;1000;1;0;0;0;0;0;4.7011938095092773;100;0
14146;0;0;1;0;0;0;1;1;1;0;762;0;1000;1;0;0;0;0;0;4.70049524307251;100;0
14156;0;0;1;0;0;0;1;1;1;0;763;0;1000;1;0;0;0;0;0;4.6997966766357422;100;0
14168;0;0;1;0;0;0;1;1;1;0;763;0;1000;1;0;0;0;0;0;4.6991610527038574;100;0
14178;0;0;1;0;0;0;1;1;1;0;763;0;1000;1;0;0;0;0;0;4.6983981132507324;100;0
14188;0;0;1;0;0;0;1;1;1;0;764;0;1000;1;0;0;0;0;0;4.6977624893188477;100;0
14199;0;0;1;0;0;0;1;1;1;0;764;0;1000;1;0;0;0;0;0;4.6971259117126465;100;0
14210;0;0;1;0;0;0;1;1;1;0;765;0;1000;1;0;0;0;0;0;4.6964254379272461;100;0
14220;0;0;1;0;0;0;1;1;1;0;765;0;1000;1;0;0;0;0;0;4.6957240104675293;100;0
14231;0;0;1;0;0;0;1;1;1;0;766;0;1000;1;0;0;0;0;0;4.6950864791870117;100;0
14241;0;0;1;0;0;0;1;1;1;0;766;0;1000;1;0;0;0;0;0;4.6943845748901367;100;0
14251;0;0;1;0;0;0;1;1;1;0;767;0;1000;1;0;0;0;0;0;4.6937460899353027;100;0
14262;0;0;1;0;0;0;1;1;1;0;767;0;1000;1;0;0;0;0;0;4.6931071281433105;100;0
14272;0;0;1;0;0;0;1;1;1;0;768;0;1000;1;0;0;0;0;0;4.6924033164978027;100;0
14282;0;0;1;0;0;0;1;1;1;0;769;0;1000;1;0;0;0;0;0;4.6917634010314941;100;0
14293;0;0;1;0;0;0;1;1;1;0;770;0;1000;1;0;0;0;0;0;4.6911225318908691;100;0
14303;0;0;1;0;0;0;1;1;1;0;770;0;1000;1;0;0;0;0;0;4.6904168128967285;100;0
14314;0;0;1;0;0;0;1;1;1;0;771;0;1000;1;0;0;0;0;0;4.6897749900817871;100;0
14323;0;0;1;0;0;0;1;1;1;0;772;0;1000;1;0;0;0;0;0;4.68906831741333;100;0
14334;0;0;1;0;0;0;1;1;1;0;772;0;1000;1;0;0;0;0;0;4.6884894371032715;100;0
14344;0;0;1;0;0;0;1;1;1;0;773;0;1000;1;0;0;0;0;0;4.687781810760498;100;0
14355;0;0;1;0;0;0;1;1;1;0;773;0;1000;1;0;0;0;0;0;4.6871376037597656;100;0
14366;0;0;1;0;0;0;1;1;1;0;775;0;1000;1;0;0;0;0;0;4.6864280700683594;100;0
14377;0;0;1;0;0;0;1;1;1;0;776;0;1000;1;0;0;0;0;0;4.6857175827026367;100;0
14387;0;0;1;0;0;0;1;1;1;0;776;0;1000;1;0;0;0;0;0;4.6850061416625977;100;0
14398;0;0;1;0;0;0;1;1;1;0;777;0;1000;1;0;0;0;0;0;4.6843595504760742;100;0
14409;0;0;1;0;0;0;1;1;1;0;778;0;1000;1;0;0;0;0;0;4.6836471557617188;100;0
14419;0;0;1;0;0;0;1;1;1;0;779;0;1000;1;0;0;0;0;0;4.6829338073730469;100;0
14429;0;0;1;0;0;0;1;1;1;0;780;0;1000;1;0;0;0;0;0;4.6822848320007324;100;0
14440;0;0;1;0;0;0;1;1;1;0;781;0;1000;1;0;0;0;0;0;4.6816349029541016;100;0
14451;0;0;1;0;0;0;1;1;1;0;782;0;1000;1;0;0;0;0;0;4.6809191703796387;100;0
14462;0;0;1;0;0;0;1;1;1;0;783;0;1000;1;0;0;0;0;0;4.6802024841308594;100;0
14472;0;0;1;0;0;0;1;1;1;0;783;0;1000;1;0;0;0;0;0;4.6794848442077637;100;0
14482;0;0;1;0;0;0;1;1;1;0;783;0;1000;1;0;0;0;0;0;4.6788325309753418;100;0
14493;0;0;1;0;0;0;1;1;1;0;785;0;1000;1;0;0;0;0;0;4.677459716796875;100;0
14504;0;0;1;0;0;0;1;1;1;0;786;0;1000;1;0;0;0;0;0;4.677459716796875;100;0
14514;0;0;1;0;0;0;1;1;1;0;787;0;1000;1;0;0;0;0;0;4.67673921585083;100;0
14524;0;0;1;0;0;0;1;1;1;0;788;0;1000;1;0;0;0;0;0;4.6760835647583008;100;0
14535;0;0;1;0;0;0;1;1;1;0;789;0;1000;1;0;0;0;0;0;4.6754269599914551;100;0
14546;0;0;1;0;0;0;1;1;1;0;789;0;1000;1;0;0;0;0;0;4.6747035980224609;100;0
14556;0;0;1;0;0;0;1;1;1;0;790;0;1000;1;0;0;0;0;0;4.67397928237915;100;0
14566;0;0;1;0;0;0;1;1;1;0;792;0;1000;1;0;0;0;0;0;4.6733202934265137;100;0
14576;0;0;1;0;0;0;1;1;1;0;793;0;1000;1;0;0;0;0;0;4.671999454498291;100;0
14587;0;0;1;0;0;0;1;1;1;0;794;0;1000;1;0;0;0;0;0;4.671999454498291;100;0
14598;0;0;1;0;0;0;1;1;1;0;795;0;1000;1;0;0;0;0;0;4.671271800994873;100;0
14608;0;0;1;0;0;0;1;1;1;0;796;0;1000;1;0;0;0;0;0;4.6705431938171387;100;0
14620;0;0;1;0;0;0;1;1;1;0;797;0;1000;1;0;0;0;0;0;4.6698799133300781;100;0
14630;0;0;1;0;0;0;1;1;1;0;797;0;1000;1;0;0;0;0;0;4.6690831184387207;100;0
14641;0;0;1;0;0;0;1;1;1;0;799;0;1000;1;0;0;0;0;0;4.6684179306030273;100;0
14652;0;0;1;0;0;0;1;1;1;0;800;0;1000;1;0;0;0;0;0;4.6676855087280273;100;0
14663;0;0;1;0;0;0;1;1;1;0;799;0;1000;1;0;0;0;0;0;4.6669521331787109;100;0
14674;0;0;1;0;0;0;1;1;1;0;798;0;1000;1;0;0;0;0;0;4.6662197113037109;100;0
14685;0;0;1;0;0;0;1;1;1;0;797;0;1000;1;0;0;0;0;0;4.6654882431030273;100;0
14696;0;0;1;0;0;0;1;1;1;0;797;0;1000;1;0;0;0;0;0;4.66475772857666;100;0
14707;0;0;1;0;0;0;1;1;1;0;796;0;1000;1;0;0;0;0;0;4.664027214050293;100;0
14717;0;0;1;0;0;0;1;1;1;0;795;0;1000;1;0;0;0;0;0;4.6632976531982422;100;0
14728;0;0;1;0;0;0;1;1;1;0;794;0;1000;1;0;0;0;0;0;4.662635326385498;100;0
14738;0;0;1;0;0;0;1;1;1;0;794;0;1000;1;0;0;0;0;0;4.66190767288208;100;0
14749;0;0;1;0;0;0;1;1;1;0;792;0;1000;1;0;0;0;0;0;4.6612467765808105;100;0
14761;0;0;1;0;0;0;1;1;1;0;791;0;1000;1;0;0;0;0;0;4.6605210304260254;100;0
14772;0;0;1;0;0;0;1;1;1;0;791;0;1000;1;0;0;0;0;0;4.6597299575805664;100;0
14781;0;0;1;0;0;0;1;1;1;0;789;0;1000;1;0;0;0;0;0;4.6590056419372559;100;0
14792;0;0;1;0;0;0;1;1;1;0;788;0;1000;1;0;0;0;0;0;4.6584138870239258;100;0
14804;0;0;1;0;0;0;1;1;1;0;787;0;1000;1;0;0;0;0;0;4.657691478729248;100;0
14813;0;0;1;0;0;0;1;1;1;0;786;0;1000;1;0;0;0;0;0;4.6569046974182129;100;0
14824;0;0;1;0;0;0;1;1;1;0;786;0;1000;1;0;0;0;0;0;4.6563153266906738;100;0
14835;0;0;1;0;0;0;1;1;1;0;785;0;1000;1;0;0;0;0;0;4.6555948257446289;100;0
14845;0;0;1;0;0;0;1;1;1;0;784;0;1000;1;0;0;0;0;0;4.6548752784729;100;0
14856;0;0;1;0;0;0;1;1;1;0;783;0;1000;1;0;0;0;0;0;4.6542220115661621;100;0
14866;0;0;1;0;0;0;1;1;1;0;782;0;1000;1;0;0;0;0;0;4.6535043716430664;100;0
14877;0;0;1;0;0;0;1;1;1;0;781;0;1000;1;0;0;0;0;0;4.6528525352478027;100;0
14887;0;0;1;0;0;0;1;1;1;0;781;0;1000;1;0;0;0;0;0;4.65213680267334;100;0
14898;0;0;1;0;0;0;1;1;1;0;781;0;1000;1;0;0;0;0;0;4.6514859199523926;100;0
14908;0;0;1;0;0;0;1;1;1;0;780;0;1000;1;0;0;0;0;0;4.6507711410522461;100;0
14918;0;0;1;0;0;0;1;1;1;0;778;0;1000;1;0;0;0;0;0;4.6501221656799316;100;0
14929;0;0;1;0;0;0;1;1;1;0;778;0;1000;1;0;0;0;0;0;4.6494736671447754;100;0
14939;0;0;1;0;0;0;1;1;1;0;777;0;1000;1;0;0;0;0;0;4.6487603187561035;100;0
14949;0;0;1;0;0;0;1;1;1;0;776;0;1000;1;0;0;0;0;0;4.6481127738952637;100;0
14960;0;0;1;0;0;0;1;1;1;0;776;0;1000;1;0;0;0;0;0;4.64746618270874;100;0
14971;0;0;1;0;0;0;1;1;1;0;775;0;1000;1;0;0;0;0;0;4.6467547416687012;100;0
14981;0;0;1;0;0;0;1;1;1;0;775;0;1000;1;0;0;0;0;0;4.6460442543029785;100;0
14991;0;0;1;0;0;0;1;1;1;0;775;0;1000;1;0;0;0;0;0;4.6453986167907715;100;0
15002;0;0;1;0;0;0;1;1;1;0;774;0;1000;1;0;0;0;0;0;4.6447534561157227;100;0
15012;0;0;1;0;0;0;1;1;1;0;773;0;1000;1;0;0;0;0;0;4.6440439224243164;100;0
15023;0;0;1;0;0;0;1;1;1;0;772;0;1000;1;0;0;0;0;0;4.643399715423584;100;0
15033;0;0;1;0;0;0;1;1;1;0;772;0;1000;1;0;0;0;0;0;4.6426920890808105;100;0
15043;0;0;1;0;0;0;1;1;1;0;771;0;1000;1;0;0;0;0;0;4.6420488357543945;100;0
15053;0;0;1;0;0;0;1;1;1;0;771;0;1000;1;0;0;0;0;0;4.6414065361022949;100;0
15064;0;0;1;0;0;0;1;1;1;0;771;0;1000;1;0;0;0;0;0;4.6407642364501953;100;0
15075;0;0;1;0;0;0;1;1;1;0;770;0;1000;1;0;0;0;0;0;4.6400575637817383;100;0
15085;0;0;1;0;0;0;1;1;1;0;770;0;1000;1;0;0;0;0;0;4.6393518447875977;100;0
15096;0;0;1;0;0;0;1;1;1;0;770;0;1000;1;0;0;0;0;0;4.6387100219726563;100;0
15106;0;0;1;0;0;0;1;1;1;0;769;0;1000;1;0;0;0;0;0;4.638005256652832;100;0
15116;0;0;1;0;0;0;1;1;1;0;769;0;1000;1;0;0;0;0;0;4.637364387512207;100;0
15127;0;0;1;0;0;0;1;1;1;0;768;0;1000;1;0;0;0;0;0;4.636723518371582;100;0
15137;0;0;1;0;0;0;1;1;1;0;768;0;1000;1;0;0;0;0;0;4.6360197067260742;100;0
15148;0;0;1;0;0;0;1;1;1;0;768;0;1000;1;0;0;0;0;0;4.6353797912597656;100;0
15159;0;0;1;0;0;0;1;1;1;0;768;0;1000;1;0;0;0;0;0;4.6346759796142578;100;0
15169;0;0;1;0;0;0;1;1;1;0;768;0;1000;1;0;0;0;0;0;4.63397216796875;100;0
15179;0;0;1;0;0;0;1;1;1;0;767;0;1000;1;0;0;0;0;0;4.6333322525024414;100;0
15189;0;0;1;0;0;0;1;1;1;0;767;0;1000;1;0;0;0;0;0;4.6326932907104492;100;0
15200;0;0;1;0;0;0;1;1;1;0;767;0;1000;1;0;0;0;0;0;4.632054328918457;100;0
15210;0;0;1;0;0;0;1;1;1;0;767;0;1000;1;0;0;0;0;0;4.6313514709472656;100;0
15220;0;0;1;0;0;0;1;1;1;0;767;0;1000;1;0;0;0;0;0;4.6307125091552734;100;0
15231;0;0;1;0;0;0;1;1;1;0;767;0;1000;1;0;0;0;0;0;4.6300735473632813;100;0
15243;0;0;1;0;0;0;1;1;1;0;767;0;1000;1;0;0;0;0;0;4.62937068939209;100;0
15254;0;0;1;0;0;0;1;1;1;0;767;0;1000;1;0;0;0;0;0;4.6286039352416992;100;0
15265;0;0;1;0;0;0;1;1;1;0;767;0;1000;1;0;0;0;0;0;4.6279010772705078;100;0
15276;0;0;1;0;0;0;1;1;1;0;767;0;1000;1;0;0;0;0;0;4.6271982192993164;100;0
15287;0;0;1;0;0;0;1;1;1;0;767;0;1000;1;0;0;0;0;0;4.626495361328125;100;0
15299;0;0;1;0;0;0;1;1;1;0;767;0;1000;1;0;0;0;0;0;4.6257925033569336;100;0
15310;0;0;1;0;0;0;1;1;1;0;767;0;1000;1;0;0;0;0;0;4.625025749206543;100;0
15320;0;0;1;0;0;0;1;1;1;0;767;0;1000;1;0;0;0;0;0;4.6243228912353516;100;0
15331;0;0;1;0;0;0;1;1;1;0;768;0;1000;1;0;0;0;0;0;4.6236839294433594;100;0
15342;0;0;1;0;0;0;1;1;1;0;768;0;1000;1;0;0;0;0;0;4.6229801177978516;100;0
15352;0;0;1;0;0;0;1;1;1;0;768;0;1000;1;0;0;0;0;0;4.6222763061523438;100;0
15363;0;0;1;0;0;0;1;1;1;0;768;0;1000;1;0;0;0;0;0;4.6216363906860352;100;0
15373;0;0;1;0;0;0;1;1;1;0;768;0;1000;1;0;0;0;0;0;4.6209325790405273;100;0
15384;0;0;1;0;0;0;1;1;1;0;769;0;1000;1;0;0;0;0;0;4.6202926635742188;100;0
15394;0;0;1;0;0;0;1;1;1;0;769;0;1000;1;0;0;0;0;0;4.6189470291137695;100;0
15404;0;0;1;0;0;0;1;1;1;0;769;0;1000;1;0;0;0;0;0;4.6189470291137695;100;0
15416;0;0;1;0;0;0;1;1;1;0;770;0;1000;1;0;0;0;0;0;4.6183061599731445;100;0
15426;0;0;1;0;0;0;1;1;1;0;770;0;1000;1;0;0;0;0;0;4.6175360679626465;100;0
15437;0;0;1;0;0;0;1;1;1;0;771;0;1000;1;0;0;0;0;0;4.6168942451477051;100;0
15448;0;0;1;0;0;0;1;1;1;0;771;0;1000;1;0;0;0;0;0;4.616187572479248;100;0
15459;0;0;1;0;0;0;1;1;1;0;771;0;1000;1;0;0;0;0;0;4.615480899810791;100;0
15469;0;0;1;0;0;0;1;1;1;0;772;0;1000;1;0;0;0;0;0;4.614774227142334;100;0
15479;0;0;1;0;0;0;1;1;1;0;772;0;1000;1;0;0;0;0;0;4.614130973815918;100;0
15490;0;0;1;0;0;0;1;1;1;0;773;0;1000;1;0;0;0;0;0;4.613487720489502;100;0
15500;0;0;1;0;0;0;1;1;1;0;773;0;1000;1;0;0;0;0;0;4.6127791404724121;100;0
15511;0;0;1;0;0;0;1;1;1;0;774;0;1000;1;0;0;0;0;0;4.61213493347168;100;0
15522;0;0;1;0;0;0;1;1;1;0;774;0;1000;1;0;0;0;0;0;4.6114253997802734;100;0
15532;0;0;1;0;0;0;1;1;1;0;775;0;1000;1;0;0;0;0;0;4.6107158660888672;100;0
15543;0;0;1;0;0;0;1;1;1;0;776;0;1000;1;0;0;0;0;0;4.61007022857666;100;0
15552;0;0;1;0;0;0;1;1;1;0;776;0;1000;1;0;0;0;0;0;4.6093587875366211;100;0
15563;0;0;1;0;0;0;1;1;1;0;777;0;1000;1;0;0;0;0;0;4.6087770462036133;100;0
15573;0;0;1;0;0;0;1;1;1;0;777;0;1000;1;0;0;0;0;0;4.6080646514892578;100;0
15584;0;0;1;0;0;0;1;1;1;0;778;0;1000;1;0;0;0;0;0;4.607417106628418;100;0
15594;0;0;1;0;0;0;1;1;1;0;778;0;1000;1;0;0;0;0;0;4.6067037582397461;100;0
15605;0;0;1;0;0;0;1;1;1;0;779;0;1000;1;0;0;0;0;0;4.6060547828674316;100;0
15617;0;0;1;0;0;0;1;1;1;0;780;0;1000;1;0;0;0;0;0;4.6053409576416016;100;0
15626;0;0;1;0;0;0;1;1;1;0;781;0;1000;1;0;0;0;0;0;4.6045608520507813;100;0
15636;0;0;1;0;0;0;1;1;1;0;781;0;1000;1;0;0;0;0;0;4.6039752960205078;100;0
15647;0;0;1;0;0;0;1;1;1;0;782;0;1000;1;0;0;0;0;0;4.6033244132995605;100;0
15658;0;0;1;0;0;0;1;1;1;0;783;0;1000;1;0;0;0;0;0;4.6026077270507813;100;0
15668;0;0;1;0;0;0;1;1;1;0;783;0;1000;1;0;0;0;0;0;4.6018900871276855;100;0
15678;0;0;1;0;0;0;1;1;1;0;783;0;1000;1;0;0;0;0;0;4.6012377738952637;100;0
15689;0;0;1;0;0;0;1;1;1;0;785;0;1000;1;0;0;0;0;0;4.6005845069885254;100;0
15700;0;0;1;0;0;0;1;1;1;0;786;0;1000;1;0;0;0;0;0;4.5998649597167969;100;0
15711;0;0;1;0;0;0;1;1;1;0;786;0;1000;1;0;0;0;0;0;4.599144458770752;100;0
15722;0;0;1;0;0;0;1;1;1;0;786;0;1000;1;0;0;0;0;0;4.598423957824707;100;0
15733;0;0;1;0;0;0;1;1;1;0;788;0;1000;1;0;0;0;0;0;4.5977025032043457;100;0
15743;0;0;1;0;0;0;1;1;1;0;789;0;1000;1;0;0;0;0;0;4.596980094909668;100;0
15754;0;0;1;0;0;0;1;1;1;0;789;0;1000;1;0;0;0;0;0;4.5963225364685059;100;0
15765;0;0;1;0;0;0;1;1;1;0;791;0;1000;1;0;0;0;0;0;4.5955982208251953;100;0
15775;0;0;1;0;0;0;1;1;1;0;791;0;1000;1;0;0;0;0;0;4.5948729515075684;100;0
15785;0;0;1;0;0;0;1;1;1;0;792;0;1000;1;0;0;0;0;0;4.5942139625549316;100;0
15795;0;0;1;0;0;0;1;1;1;0;793;0;1000;1;0;0;0;0;0;4.5935540199279785;100;0
15806;0;0;1;0;0;0;1;1;1;0;794;0;1000;1;0;0;0;0;0;4.592893123626709;100;0
15817;0;0;1;0;0;0;1;1;1;0;794;0;1000;1;0;0;0;0;0;4.592165470123291;100;0
15827;0;0;1;0;0;0;1;1;1;0;795;0;1000;1;0;0;0;0;0;4.591437816619873;100;0
15838;0;0;1;0;0;0;1;1;1;0;796;0;1000;1;0;0;0;0;0;4.5907754898071289;100;0
15849;0;0;1;0;0;0;1;1;1;0;797;0;1000;1;0;0;0;0;0;4.5900459289550781;100;0
15860;1;0;0;0;0;1;1;1;1;0;796;0;0;0;0;0;0;0;0;-0.00073055416578426957;100;0
15870;1;0;0;0;0;1;1;1;1;0;795;0;0;0;0;0;0;0;0;-0.0014601917937397957;100;0
15880;1;0;0;0;0;1;1;1;1;0;792;0;0;0;0;0;0;0;0;-0.0021226652897894382;100;0
15891;1;0;0;0;0;1;1;1;1;0;762;0;0;0;0;0;0;0;0;-0.0027826388832181692;100;0
15901;1;0;0;0;0;1;1;1;1;0;758;0;0;0;0;0;0;0;0;-0.0034811110235750675;100;0
15912;1;0;0;0;0;1;1;1;1;0;751;0;0;0;0;0;0;0;0;-0.0041127526201307774;100;0
15923;1;0;0;0;0;1;1;1;1;0;744;0;0;0;0;0;0;0;0;-0.0048011415638029575;100;0
15933;1;0;0;0;0;1;1;1;1;0;736;0;0;0;0;0;0;0;0;-0.0054831141605973244;100;0
15944;1;0;0;0;0;1;1;1;1;0;727;0;0;0;0;0;0;0;0;-0.0060964231379330158;100;0
15954;1;0;0;0;0;1;1;1;1;0;718;0;0;0;0;0;0;0;0;-0.0067628133110702038;100;0
15965;1;0;0;0;0;1;1;1;1;0;708;0;0;0;0;0;0;0;0;-0.0073611228726804256;100;0
15974;1;0;0;0;0;1;1;1;1;0;699;0;0;0;0;0;0;0;0;-0.0080100968480110168;100;0
15985;1;0;0;0;0;1;1;1;1;0;687;0;0;0;0;0;0;0;0;-0.0085343262180686;100;0
15995;1;0;0;0;0;1;1;1;1;0;676;0;0;0;0;0;0;0;0;-0.0091640511527657509;100;0
16006;1;0;0;0;0;1;1;1;1;0;663;0;0;0;0;0;0;0;0;-0.0097273616120219231;100;0
16016;1;0;0;0;0;1;1;1;1;0;651;0;0;0;0;0;0;0;0;-0.010335087776184082;100;0
16026;1;0;0;0;0;1;1;1;1;0;638;0;0;0;0;0;0;0;0;-0.010877566412091255;100;0
16037;1;0;0;0;0;1;1;1;1;0;623;0;0;0;0;0;0;0;0;-0.011409211903810501;100;0
16048;1;0;0;0;0;1;1;1;1;0;609;0;0;0;0;0;0;0;0;-0.011980272829532623;100;0
16058;1;0;0;0;0;1;1;1;1;0;609;0;0;0;0;0;0;0;0;-0.012538500130176544;100;0
16068;1;0;0;0;0;1;1;1;1;0;595;0;0;0;0;0;0;0;0;-0.013034313917160034;100;0
16078;1;0;0;0;0;1;1;1;1;0;566;0;0;0;0;0;0;0;0;-0.013518461026251316;100;0
16088;1;0;0;0;0;1;1;1;1;0;552;0;0;0;0;0;0;0;0;-0.013990108855068684;100;0
16099;1;0;0;0;0;1;1;1;1;0;535;0;0;0;0;0;0;0;0;-0.014450090005993843;100;0
16110;1;0;0;0;0;1;1;1;1;0;518;0;0;0;0;0;0;0;0;-0.014940487220883369;100;0
16120;1;0;0;0;0;1;1;1;1;0;503;0;0;0;0;0;0;0;0;-0.01541530154645443;100;0
16131;1;0;0;0;0;1;1;1;1;0;503;0;0;0;0;0;0;0;0;-0.015834450721740723;100;0
16141;1;0;0;0;0;1;1;1;1;0;469;0;0;0;0;0;0;0;0;-0.016279015690088272;100;0
16152;1;0;0;0;0;1;1;1;1;0;451;0;0;0;0;0;0;0;0;-0.016669834032654762;100;0
16162;1;0;0;0;0;1;1;1;1;0;433;0;0;0;0;0;0;0;0;-0.017083235085010529;100;0
16173;1;0;0;0;0;1;1;1;1;0;433;0;0;0;0;0;0;0;0;-0.017444053664803505;100;0
16184;1;0;0;0;0;1;1;1;1;0;392;0;0;0;0;0;0;0;0;-0.017822621390223503;100;0
16194;1;0;0;0;0;1;1;1;1;0;373;0;0;0;0;0;0;0;0;-0.018181940540671349;100;0
16205;1;0;0;0;0;1;1;1;1;0;353;0;0;0;0;0;0;0;0;-0.018492761999368668;100;0
16216;1;0;0;0;0;1;1;1;1;0;332;0;0;0;0;0;0;0;0;-0.018816333264112473;100;0
16227;1;0;0;0;0;1;1;1;1;0;310;0;0;0;0;0;0;0;0;-0.019120654091238976;100;0
16237;1;0;0;0;0;1;1;1;1;0;291;0;0;0;0;0;0;0;0;-0.019404809921979904;100;0
16248;1;0;0;0;0;1;1;1;1;0;270;0;0;0;0;0;0;0;0;-0.019647300243377686;100;0
16258;1;0;0;0;0;1;1;1;1;0;251;0;0;0;0;0;0;0;0;-0.019894789904356003;100;0
16269;1;0;0;0;0;1;1;1;1;0;233;0;0;0;0;0;0;0;0;-0.020103948190808296;100;0
16279;1;0;0;0;0;1;1;1;1;0;233;0;0;0;0;0;0;0;0;-0.020317522808909416;100;0
16289;1;0;0;0;0;1;1;1;1;0;216;0;0;0;0;0;0;0;0;-0.020497515797615051;100;0
16299;1;0;0;0;0;1;1;1;1;0;187;0;0;0;0;0;0;0;0;-0.020665008574724197;100;0
16309;1;0;0;0;0;1;1;1;1;0;187;0;0;0;0;0;0;0;0;-0.02082083560526371;100;0
16320;1;0;0;0;0;1;1;1;1;0;160;0;0;0;0;0;0;0;0;-0.020965829491615295;100;0
16331;1;0;0;0;0;1;1;1;1;0;160;0;0;0;0;0;0;0;0;-0.021112490445375443;100;0
16342;1;0;0;0;0;1;1;1;1;0;135;0;0;0;0;0;0;0;0;-0.02124723419547081;100;0
16352;1;0;0;0;0;1;1;1;1;0;125;0;0;0;0;0;0;0;0;-0.021370979025959969;100;0
16363;1;0;0;0;0;1;1;1;1;0;114;0;0;0;0;0;0;0;0;-0.021475141867995262;100;0
16373;1;0;0;0;0;1;1;1;1;0;105;0;0;0;0;0;0;0;0;-0.021579638123512268;100;0
16384;1;0;0;0;0;1;1;1;1;0;96;0;0;0;0;0;0;0;0;-0.021667134016752243;100;0
16394;1;0;0;0;0;1;1;1;1;0;87;0;0;0;0;0;0;0;0;-0.021755130961537361;100;0
16406;1;0;0;0;0;1;1;1;1;0;79;0;0;0;0;0;0;0;0;-0.021827628836035728;100;0
16416;1;0;0;0;0;1;1;1;1;0;72;0;0;0;0;0;0;0;0;-0.021906625479459763;100;0
16427;1;0;0;0;0;1;1;1;1;0;64;0;0;0;0;0;0;0;0;-0.021966623142361641;100;0
16437;1;0;0;0;0;1;1;1;1;0;58;0;0;0;0;0;0;0;0;-0.02202528715133667;100;0
16448;1;0;0;0;0;1;1;1;1;0;52;0;0;0;0;0;0;0;0;-0.022073619067668915;100;0
16459;1;0;0;0;0;1;1;1;1;0;46;0;0;0;0;0;0;0;0;-0.022121284157037735;100;0
16470;1;0;0;0;0;1;1;1;1;0;40;0;0;0;0;0;0;0;0;-0.022163448855280876;100;0
16481;1;0;0;0;0;1;1;1;1;0;35;0;0;0;0;0;0;0;0;-0.022200113162398338;100;0
16491;1;0;0;0;0;1;1;1;1;0;31;0;0;0;0;0;0;0;0;-0.022232195362448692;100;0
16502;1;0;0;0;0;1;1;1;1;0;26;0;0;0;0;0;0;0;0;-0.022258028388023376;100;0
16513;1;0;0;0;0;1;1;1;1;0;22;0;0;0;0;0;0;0;0;-0.022281860932707787;100;0
16523;1;0;0;0;0;1;1;1;1;0;18;0;0;0;0;0;0;0;0;-0.022302025929093361;100;0
16534;1;0;0;0;0;1;1;1;1;0;15;0;0;0;0;0;0;0;0;-0.022317025810480118;100;0
16544;1;0;0;0;0;1;1;1;1;0;11;0;0;0;0;0;0;0;0;-0.022330775856971741;100;0
16554;1;0;0;0;0;1;1;1;1;0;8;0;0;0;0;0;0;0;0;-0.022339941933751106;100;0
16565;1;0;0;0;0;1;1;1;1;0;5;0;0;0;0;0;0;0;0;-0.022339941933751106;100;0
16575;1;0;0;0;0;1;1;1;1;0;3;0;0;0;0;0;0;0;0;-0.022339941933751106;100;0
16585;1;0;0;0;0;1;1;1;1;0;3;0;0;0;0;0;0;0;0;-0.022339941933751106;100;0
16595;1;0;0;0;0;1;1;1;1;0;0;0;0;0;0;0;0;0;0;-0.022339941933751106;100;0
16606;1;0;0;0;0;1;1;1;1;0;0;0;0;0;0;0;0;0;0;-0.022339941933751106;100;0
16615;1;0;0;0;0;1;1;1;1;0;0;0;0;0;0;0;0;0;0;-0.022339941933751106;100;0
16626;1;0;0;0;0;1;1;1;1;0;0;0;0;0;0;0;0;0;0;-0.022339941933751106;100;0
16637;1;0;0;0;0;1;1;1;1;0;0;0;0;0;0;0;0;0;0;-0.022339941933751106;100;0
16647;1;0;0;0;0;1;1;1;1;0;0;0;0;0;0;0;0;0;0;-0.022339941933751106;100;0
16658;1;0;0;0;0;1;1;1;1;0;0;0;0;0;0;0;0;0;0;-0.022339941933751106;100;0
16668;1;0;0;0;0;1;1;1;1;0;0;0;0;0;0;0;0;0;0;-0.022339941933751106;100;0
16679;1;0;0;0;0;1;1;1;1;0;0;0;0;0;0;0;0;0;0;-0.022339941933751106;100;0
16689;1;0;0;0;0;1;1;1;1;0;0;0;0;0;0;0;0;0;0;-0.022339941933751106;100;0
16700;1;0;0;0;0;1;1;1;1;0;0;0;0;0;0;0;0;0;0;-0.022339941933751106;100;0
16711;1;0;0;0;0;1;1;1;1;0;0;0;0;0;0;0;0;0;0;-0.022339941933751106;100;0
16722;1;0;0;0;0;1;1;1;1;0;0;0;0;0;0;0;0;0;0;-0.022339941933751106;100;0
16732;1;0;0;0;0;1;1;1;1;0;0;0;0;0;0;0;0;0;0;-0.022339941933751106;100;0
16743;1;0;0;0;0;1;1;1;1;0;0;0;0;0;0;0;0;0;0;-0.022339941933751106;100;0
16753;1;0;0;0;0;1;1;1;1;0;0;0;0;0;0;0;0;0;0;-0.022339941933751106;100;0
16763;1;0;0;0;0;1;1;1;1;0;0;0;0;0;0;0;0;0;0;-0.022339941933751106;100;0
16773;1;0;0;0;0;1;1;1;1;0;0;0;0;0;0;0;0;0;0;-0.022339941933751106;100;0
16784;1;0;0;0;0;1;1;1;1;0;0;0;0;0;0;0;0;0;0;-0.022339941933751106;100;0
16794;1;0;0;0;0;1;1;1;1;0;0;0;0;0;0;0;0;0;0;-0.022339941933751106;100;0
16805;1;0;0;0;0;1;1;1;1;0;0;0;0;0;0;0;0;0;0;-0.022339941933751106;100;0
16815;1;0;0;0;0;1;1;1;1;0;0;0;0;0;0;0;0;0;0;-0.022339941933751106;100;0
16825;1;0;0;0;0;1;1;1;1;0;0;0;0;0;0;0;0;0;0;-0.022339941933751106;100;0
16837;1;0;0;0;0;1;1;1;1;0;0;0;0;0;0;0;0;0;0;-0.022339941933751106;100;0
16847;1;0;0;0;0;1;1;1;1;0;0;0;0;0;0;0;0;0;0;-0.022339941933751106;100;0
16858;1;0;0;0;0;1;1;1;1;0;0;0;0;0;0;0;0;0;0;-0.022339941933751106;100;0
16869;1;0;0;0;0;1;1;1;1;0;0;0;0;0;0;0;0;0;0;-0.022339941933751106;100;0
16879;1;0;0;0;0;1;1;1;1;0;0;0;0;0;0;0;0;0;0;-0.022339941933751106;100;0
16891;1;0;0;0;0;1;1;1;1;0;0;0;0;0;0;0;0;0;0;-0.022339941933751106;100;0
16902;1;0;0;0;0;1;1;1;1;0;0;0;0;0;0;0;0;0;0;-0.022339941933751106;100;0
16913;1;0;0;0;0;1;1;1;1;0;0;0;0;0;0;0;0;0;0;-0.022339941933751106;100;0
16924;1;0;0;0;0;1;1;1;1;0;0;0;0;0;0;0;0;0;0;-0.022339941933751106;100;0
16934;1;0;0;0;0;1;1;1;1;0;0;0;0;0;0;0;0;0;0;-0.022339941933751106;100;0
16944;1;0;0;0;0;1;1;1;1;0;0;0;0;0;0;0;0;0;0;-0.022339941933751106;100;0
16955;1;0;0;0;0;1;1;1;1;0;0;0;0;0;0;0;0;0;0;-0.022339941933751106;100;0
16965;1;0;0;0;0;1;1;1;1;0;0;0;0;0;0;0;0;0;0;-0.022339941933751106;100;0
16975;1;0;0;0;0;1;1;1;1;0;0;0;0;0;0;0;0;0;0;-0.022339941933751106;100;0
16987;1;0;0;0;0;1;1;1;1;0;0;0;0;0;0;0;0;0;0;-0.022339941933751106;100;0
16997;1;0;0;0;0;1;1;1;1;0;0;0;0;0;0;0;0;0;0;-0.022339941933751106;100;0
17008;1;0;0;0;0;1;1;1;1;0;0;0;0;0;0;0;0;0;0;-0.022339941933751106;100;0
17018;1;0;0;0;0;1;1;1;1;0;0;0;0;0;0;0;0;0;0;-0.022339941933751106;100;0
17029;1;0;0;0;0;1;1;1;1;0;0;0;0;0;0;0;0;0;0;-0.022339941933751106;100;0
17039;1;0;0;0;0;1;1;1;1;0;0;0;0;0;0;0;0;0;0;-0.022339941933751106;100;0
17050;1;0;0;0;0;1;1;1;1;0;0;0;0;0;0;0;0;0;0;-0.022339941933751106;100;0
17062;1;0;0;0;0;1;1;1;1;0;0;0;0;0;0;0;0;0;0;-0.022339941933751106;100;0
17072;1;0;0;0;0;1;1;1;1;0;0;0;0;0;0;0;0;0;0;-0.022339941933751106;100;0
17083;1;0;0;0;0;1;1;1;1;0;0;0;0;0;0;0;0;0;0;-0.022339941933751106;100;0
17093;1;0;0;0;0;1;1;1;1;0;0;0;0;0;0;0;0;0;0;-0.022339941933751106;100;0
17104;1;0;0;0;0;1;1;1;1;0;0;0;0;0;0;0;0;0;0;-0.022339941933751106;100;0
17114;1;0;0;0;0;1;1;1;1;0;0;0;0;0;0;0;0;0;0;-0.022339941933751106;100;0
17125;1;0;0;0;0;1;1;1;1;0;0;0;0;0;0;0;0;0;0;-0.022339941933751106;100;0
17136;1;0;0;0;0;1;1;1;1;0;0;0;0;0;0;0;0;0;0;-0.022339941933751106;100;0
17147;1;0;0;0;0;1;1;1;1;0;0;0;0;0;0;0;0;0;0;-0.022339941933751106;100;0
17157;1;0;0;0;0;1;1;1;1;0;0;0;0;0;0;0;0;0;0;-0.022339941933751106;100;0
17167;1;0;0;0;0;1;1;1;1;0;0;0;0;0;0;0;0;0;0;-0.022339941933751106;100;0
17177;1;0;0;0;0;1;1;1;1;0;0;0;0;0;0;0;0;0;0;-0.022339941933751106;100;0
17188;1;0;0;0;0;1;1;1;1;0;0;0;0;0;0;0;0;0;0;-0.022339941933751106;100;0
17199;1;0;0;0;0;1;1;1;1;0;0;0;0;0;0;0;0;0;0;-0.022339941933751106;100;0
17209;1;0;0;0;0;1;1;1;1;0;0;0;0;0;0;0;0;0;0;-0.022339941933751106;100;0
17220;1;0;0;0;0;1;1;1;1;0;0;0;0;0;0;0;0;0;0;-0.022339941933751106;100;0
17230;1;0;0;0;0;1;1;1;1;0;0;0;0;0;0;0;0;0;0;-0.022339941933751106;100;0
17245;1;0;0;0;0;1;1;1;1;0;0;0;0;0;0;0;0;0;0;-0.022339941933751106;100;0
17253;1;0;0;0;0;1;1;1;1;0;0;0;0;0;0;0;0;0;0;-0.022339941933751106;100;0
17264;1;0;0;0;0;1;1;1;1;0;0;0;0;0;0;0;0;0;0;-0.022339941933751106;100;0
17276;1;0;0;0;0;1;1;1;1;0;0;0;0;0;0;0;0;0;0;-0.022339941933751106;100;0
17286;1;0;0;0;0;1;1;1;1;0;0;0;0;0;0;0;0;0;0;-0.022339941933751106;100;0
17297;1;0;0;0;0;1;1;1;1;0;0;0;0;0;0;0;0;0;0;-0.022339941933751106;100;0
17307;1;0;0;0;0;1;1;1;1;0;0;0;0;0;0;0;0;0;0;-0.022339941933751106;100;0
17318;1;0;0;0;0;1;1;1;1;0;0;0;0;0;0;0;0;0;0;-0.022339941933751106;100;0
17329;1;0;0;0;0;1;1;1;1;0;0;0;0;0;0;0;0;0;0;-0.022339941933751106;100;0
17340;1;0;0;0;0;1;1;1;1;0;0;0;0;0;0;0;0;0;0;-0.022339941933751106;100;0
17351;1;0;0;0;0;1;1;1;1;0;0;0;0;0;0;0;0;0;0;-0.022339941933751106;100;0
17361;1;0;0;0;0;1;1;1;1;0;0;0;0;0;0;0;0;0;0;-0.022339941933751106;100;0
17372;1;0;0;0;0;1;1;1;1;0;0;0;0;0;0;0;0;0;0;-0.022339941933751106;100;0
17383;1;0;0;0;0;1;1;1;1;0;0;0;0;0;0;0;0;0;0;-0.022339941933751106;100;0
17392;1;0;0;0;0;1;1;1;1;0;0;0;0;0;0;0;0;0;0;-0.022339941933751106;100;0
17403;1;0;0;0;0;1;1;1;1;0;0;0;0;0;0;0;0;0;0;-0.022339941933751106;100;0
17414;1;0;0;0;0;1;1;1;1;0;0;0;0;0;0;0;0;0;0;-0.022339941933751106;100;0
17424;1;0;0;0;0;1;1;1;1;0;0;0;0;0;0;0;0;0;0;-0.022339941933751106;100;0
17436;1;0;0;0;0;1;1;1;1;0;0;0;0;0;0;0;0;0;0;-0.022339941933751106;100;0
17446;1;0;0;0;0;1;1;1;1;0;0;0;0;0;0;0;0;0;0;-0.022339941933751106;100;0
17457;1;0;0;0;0;1;1;1;1;0;0;0;0;0;0;0;0;0;0;-0.022339941933751106;100;0
17469;1;0;0;0;0;1;1;1;1;0;0;0;0;0;0;0;0;0;0;-0.022339941933751106;100;0
17479;1;0;0;0;0;1;1;1;1;0;0;0;0;0;0;0;0;0;0;-0.022339941933751106;100;0
17491;1;0;0;0;0;1;1;1;1;0;0;0;0;0;0;0;0;0;0;-0.022339941933751106;100;0
17500;1;0;0;0;0;1;1;1;1;0;0;0;0;0;0;0;0;0;0;-0.022339941933751106;100;0
17510;1;0;0;0;0;1;1;1;1;0;0;0;0;0;0;0;0;0;0;-0.022339941933751106;100;0
17520;1;0;0;0;0;1;1;1;1;0;0;0;0;0;0;0;0;0;0;-0.022339941933751106;100;0
17530;1;0;0;0;0;1;1;1;1;0;0;0;0;0;0;0;0;0;0;-0.022339941933751106;100;0
17540;1;0;0;0;0;1;1;1;1;0;0;0;0;0;0;0;0;0;0;-0.022339941933751106;100;0
17551;1;0;0;0;0;1;1;1;1;0;0;0;0;0;0;0;0;0;0;-0.022339941933751106;100;0
17561;1;0;0;0;0;1;1;1;1;0;0;0;0;0;0;0;0;0;0;-0.022339941933751106;100;0
17571;1;0;0;0;0;1;1;1;1;0;0;0;0;0;0;0;0;0;0;-0.022339941933751106;100;0
17581;1;0;0;0;0;1;1;1;1;0;0;0;0;0;0;0;0;0;0;-0.022339941933751106;100;0
17591;1;0;0;0;0;1;1;1;1;0;0;0;0;0;0;0;0;0;0;-0.022339941933751106;100;0
17601;1;0;0;0;0;1;1;1;1;0;0;0;0;0;0;0;0;0;0;-0.022339941933751106;100;0
17612;1;0;0;0;0;1;1;1;1;0;0;0;0;0;0;0;0;0;0;-0.022339941933751106;100;0
17622;1;0;0;0;0;1;1;1;1;0;0;0;0;0;0;0;0;0;0;-0.022339941933751106;100;0
17632;1;0;0;0;0;1;1;1;1;0;0;0;0;0;0;0;0;0;0;-0.022339941933751106;100;0
17644;1;0;0;0;0;1;1;1;1;0;0;0;0;0;0;0;0;0;0;-0.022339941933751106;100;0
17655;1;0;0;0;0;1;1;1;1;0;0;0;0;0;0;0;0;0;0;-0.022339941933751106;100;0
17665;1;0;0;0;0;1;1;1;1;0;0;0;0;0;0;0;0;0;0;-0.022339941933751106;100;0
17675;1;0;0;0;0;1;1;1;1;0;0;0;0;0;0;0;0;0;0;-0.022339941933751106;100;0
17686;1;0;0;0;0;1;1;1;1;0;0;0;0;0;0;0;0;0;0;-0.022339941933751106;100;0
17697;1;0;0;0;0;1;1;1;1;0;0;0;0;0;0;0;0;0;0;-0.022339941933751106;100;0
17707;1;0;0;0;0;1;1;1;1;0;0;0;0;0;0;0;0;0;0;-0.022339941933751106;100;0
17718;1;0;0;0;0;1;1;1;1;0;0;0;0;0;0;0;0;0;0;-0.022339941933751106;100;0
17728;1;0;0;0;0;1;1;1;1;0;0;0;0;0;0;0;0;0;0;-0.022339941933751106;100;0
17739;1;0;0;0;0;1;1;1;1;0;0;0;0;0;0;0;0;0;0;-0.022339941933751106;100;0
17749;1;0;0;0;0;1;1;1;1;0;0;0;0;0;0;0;0;0;0;-0.022339941933751106;100;0
17759;1;0;0;0;0;1;1;1;1;0;0;0;0;0;0;0;0;0;0;-0.022339941933751106;100;0
17770;1;0;0;0;0;1;1;1;1;0;0;0;0;0;0;0;0;0;0;-0.022339941933751106;100;0
17781;1;0;0;0;0;1;1;1;1;0;0;0;0;0;0;0;0;0;0;-0.022339941933751106;100;0
17791;1;0;0;0;0;1;1;1;1;0;0;0;0;0;0;0;0;0;0;-0.022339941933751106;100;0
17802;1;0;0;0;0;1;1;1;1;0;0;0;0;0;0;0;0;0;0;-0.022339941933751106;100;0
17812;1;0;0;0;0;1;1;1;1;0;0;0;0;0;0;0;0;0;0;-0.022339941933751106;100;0
17823;1;0;0;0;0;1;1;1;1;0;0;0;0;0;0;0;0;0;0;-0.022339941933751106;100;0
17834;1;0;0;0;0;1;1;1;1;0;0;0;0;0;0;0;0;0;0;-0.022339941933751106;100;0
17844;1;0;0;0;0;1;1;1;1;0;0;0;0;0;0;0;0;0;0;-0.022339941933751106;100;0
17854;1;0;0;0;0;1;1;1;1;0;0;0;0;0;0;0;0;0;0;-0.022339941933751106;100;0
17865;1;0;0;0;0;1;1;1;1;0;0;0;0;0;0;0;0;0;0;-0.022339941933751106;100;0
17875;1;0;0;0;0;1;1;1;1;0;0;0;0;0;0;0;0;0;0;-0.022339941933751106;100;0
17885;1;0;0;0;0;1;1;1;1;0;0;0;0;0;0;0;0;0;0;-0.022339941933751106;100;0
17895;1;0;0;0;0;1;1;1;1;0;0;0;0;0;0;0;0;0;0;-0.022339941933751106;100;0
17907;1;0;0;0;0;1;1;1;1;0;0;0;0;0;0;0;0;0;0;-0.022339941933751106;100;0
17917;1;0;0;0;0;1;1;1;1;0;0;0;0;0;0;0;0;0;0;-0.022339941933751106;100;0
17929;1;0;0;0;0;1;1;1;1;0;0;0;0;0;0;0;0;0;0;-0.022339941933751106;100;0
17940;1;0;0;0;0;1;1;1;1;0;0;0;0;0;0;0;0;0;0;-0.022339941933751106;100;0
17951;1;0;0;0;0;1;1;1;1;0;0;0;0;0;0;0;0;0;0;-0.022339941933751106;100;0
17961;1;0;0;0;0;1;1;1;1;0;0;0;0;0;0;0;0;0;0;-0.022339941933751106;100;0
17971;1;0;0;0;0;1;1;1;1;0;0;0;0;0;0;0;0;0;0;-0.022339941933751106;100;0
17982;1;0;0;0;0;1;1;1;1;0;0;0;0;0;0;0;0;0;0;-0.022339941933751106;100;0
17992;1;0;0;0;0;1;1;1;1;0;0;0;0;0;0;0;0;0;0;-0.022339941933751106;100;0
18004;1;0;0;0;0;1;1;1;1;0;0;0;0;0;0;0;0;0;0;-0.022339941933751106;100;0
18014;1;0;0;0;0;1;1;1;1;0;0;0;0;0;0;0;0;0;0;-0.022339941933751106;100;0
18025;1;0;0;0;0;1;1;1;1;0;0;0;0;0;0;0;0;0;0;-0.022339941933751106;100;0
18037;1;0;0;0;0;1;1;1;1;0;0;0;0;0;0;0;0;0;0;-0.022339941933751106;100;0
18047;1;0;0;0;0;1;1;1;1;0;0;0;0;0;0;0;0;0;0;-0.022339941933751106;100;0
18057;1;0;0;0;0;1;1;1;1;0;0;0;0;0;0;0;0;0;0;-0.022339941933751106;100;0
18067;1;0;0;0;0;1;1;1;1;0;0;0;0;0;0;0;0;0;0;-0.022339941933751106;100;0
18078;1;0;0;0;0;1;1;1;1;0;0;0;0;0;0;0;0;0;0;-0.022339941933751106;100;0
18089;1;0;0;0;0;1;1;1;1;0;0;0;0;0;0;0;0;0;0;-0.022339941933751106;100;0
18100;1;0;0;0;0;1;1;1;1;0;0;0;0;0;0;0;0;0;0;-0.022339941933751106;100;0
18111;1;0;0;0;0;1;1;1;1;0;0;0;0;0;0;0;0;0;0;-0.022339941933751106;100;0
18122;1;0;0;0;0;1;1;1;1;0;0;0;0;0;0;0;0;0;0;-0.022339941933751106;100;0
18133;1;0;0;0;0;1;1;1;1;0;0;0;0;0;0;0;0;0;0;-0.022339941933751106;100;0
18144;1;0;0;0;0;1;1;1;1;0;0;0;0;0;0;0;0;0;0;-0.022339941933751106;100;0
18154;1;0;0;0;0;1;1;1;1;0;0;0;0;0;0;0;0;0;0;-0.022339941933751106;100;0
18165;1;0;0;0;0;1;1;1;1;0;0;0;0;0;0;0;0;0;0;-0.022339941933751106;100;0
18176;1;0;0;0;0;1;1;1;1;0;0;0;0;0;0;0;0;0;0;-0.022339941933751106;100;0
18186;1;0;0;0;0;1;1;1;1;0;0;0;0;0;0;0;0;0;0;-0.022339941933751106;100;0
18197;1;0;0;0;0;1;1;1;1;0;0;0;0;0;0;0;0;0;0;-0.022339941933751106;100;0
18207;1;0;0;0;0;1;1;1;1;0;0;0;0;0;0;0;0;0;0;-0.022339941933751106;100;0
18217;1;0;0;0;0;1;1;1;1;0;0;0;0;0;0;0;0;0;0;-0.022339941933751106;100;0
18227;1;0;0;0;0;1;1;1;1;0;0;0;0;0;0;0;0;0;0;-0.022339941933751106;100;0
18237;1;0;0;0;0;1;1;1;1;0;0;0;0;0;0;0;0;0;0;-0.022339941933751106;100;0
18249;1;0;0;0;0;1;1;1;1;0;0;0;0;0;0;0;0;0;0;-0.022339941933751106;100;0
18259;1;0;0;0;0;1;1;1;1;0;0;0;0;0;0;0;0;0;0;-0.022339941933751106;100;0
18270;1;0;0;0;0;1;1;1;1;0;0;0;0;0;0;0;0;0;0;-0.022339941933751106;100;0
18280;1;0;0;0;0;1;1;1;1;0;0;0;0;0;0;0;0;0;0;-0.022339941933751106;100;0
18291;1;0;0;0;0;1;1;1;1;0;0;0;0;0;0;0;0;0;0;-0.022339941933751106;100;0
18302;1;0;0;0;0;1;1;1;1;0;0;0;0;0;0;0;0;0;0;-0.022339941933751106;100;0
18312;1;0;0;0;0;1;1;1;1;0;0;0;0;0;0;0;0;0;0;-0.022339941933751106;100;0
18322;1;0;0;0;0;1;1;1;1;0;0;0;0;0;0;0;0;0;0;-0.022339941933751106;100;0
18333;1;0;0;0;0;1;1;1;1;0;0;0;0;0;0;0;0;0;0;-0.022339941933751106;100;0
18344;1;0;0;0;0;1;1;1;1;0;0;0;0;0;0;0;0;0;0;-0.022339941933751106;100;0
18355;1;0;0;0;0;1;1;1;1;0;0;0;0;0;0;0;0;0;0;-0.022339941933751106;100;0
18366;1;0;0;0;0;1;1;1;1;0;0;0;0;0;0;0;0;0;0;-0.022339941933751106;100;0
18376;1;0;0;0;0;1;1;1;1;0;0;0;0;0;0;0;0;0;0;-0.022339941933751106;100;0
18387;1;0;0;0;0;1;1;1;1;0;0;0;0;0;0;0;0;0;0;-0.022339941933751106;100;0
18398;1;0;0;0;0;1;1;1;1;0;0;0;0;0;0;0;0;0;0;-0.022339941933751106;100;0
18409;1;0;0;0;0;1;1;1;1;0;0;0;0;0;0;0;0;0;0;-0.022339941933751106;100;0
18419;1;0;0;0;0;1;1;1;1;0;0;0;0;0;0;0;0;0;0;-0.022339941933751106;100;0
18429;1;0;0;0;0;1;1;1;1;0;0;0;0;0;0;0;0;0;0;-0.022339941933751106;100;0
18440;1;0;0;0;0;1;1;1;1;0;0;0;0;0;0;0;0;0;0;-0.022339941933751106;100;0
18450;1;0;0;0;0;1;1;1;1;0;0;0;0;0;0;0;0;0;0;-0.022339941933751106;100;0
18460;1;0;0;0;0;1;1;1;1;0;0;0;0;0;0;0;0;0;0;-0.022339941933751106;100;0
18470;1;0;0;0;0;1;1;1;1;0;0;0;0;0;0;0;0;0;0;-0.022339941933751106;100;0
18481;1;0;0;0;0;1;1;1;1;0;0;0;0;0;0;0;0;0;0;-0.022339941933751106;100;0
18492;1;0;0;0;0;1;1;1;1;0;0;0;0;0;0;0;0;0;0;-0.022339941933751106;100;0
18502;1;0;0;0;0;1;1;1;1;0;0;0;0;0;0;0;0;0;0;-0.022339941933751106;100;0
18513;1;0;0;0;0;1;1;1;1;0;0;0;0;0;0;0;0;0;0;-0.022339941933751106;100;0
18523;1;0;0;0;0;1;1;1;1;0;0;0;0;0;0;0;0;0;0;-0.022339941933751106;100;0
18534;1;0;0;0;0;1;1;1;1;0;0;0;0;0;0;0;0;0;0;-0.022339941933751106;100;0
18545;1;0;0;0;0;1;1;1;1;0;0;0;0;0;0;0;0;0;0;-0.022339941933751106;100;0
18556;1;0;0;0;0;1;1;1;1;0;0;0;0;0;0;0;0;0;0;-0.022339941933751106;100;0
18566;1;0;0;0;0;1;1;1;1;0;0;0;0;0;0;0;0;0;0;-0.022339941933751106;100;0
18576;1;0;0;0;0;1;1;1;1;0;0;0;0;0;0;0;0;0;0;-0.022339941933751106;100;0
18587;1;0;0;0;0;1;1;1;1;0;0;0;0;0;0;0;0;0;0;-0.022339941933751106;100;0
18598;1;0;0;0;0;1;1;1;1;0;0;0;0;0;0;0;0;0;0;-0.022339941933751106;100;0
18609;1;0;0;0;0;1;1;1;1;0;0;0;0;0;0;0;0;0;0;-0.022339941933751106;100;0
18618;1;0;0;0;0;1;1;1;1;0;0;0;0;0;0;0;0;0;0;-0.022339941933751106;100;0
18629;1;0;0;0;0;1;1;1;1;0;0;0;0;0;0;0;0;0;0;-0.022339941933751106;100;0
18640;1;0;0;0;0;1;1;1;1;0;0;0;0;0;0;0;0;0;0;-0.022339941933751106;100;0
18651;1;0;0;0;0;1;1;1;1;0;0;0;0;0;0;0;0;0;0;-0.022339941933751106;100;0
18661;1;0;0;0;0;1;1;1;1;0;0;0;0;0;0;0;0;0;0;-0.022339941933751106;100;0
18671;1;0;0;0;0;1;1;1;1;0;0;0;0;0;0;0;0;0;0;-0.022339941933751106;100;0
18682;1;0;0;0;0;1;1;1;1;0;0;0;0;0;0;0;0;0;0;-0.022339941933751106;100;0
18692;1;0;0;0;0;1;1;1;1;0;0;0;0;0;0;0;0;0;0;-0.022339941933751106;100;0
18703;1;0;0;0;0;1;1;1;1;0;0;0;0;0;0;0;0;0;0;-0.022339941933751106;100;0
18713;1;0;0;0;0;1;1;1;1;0;0;0;0;0;0;0;0;0;0;-0.022339941933751106;100;0
18725;1;0;0;0;0;1;1;1;1;0;0;0;0;0;0;0;0;0;0;-0.022339941933751106;100;0
18735;1;0;0;0;0;1;1;1;1;0;0;0;0;0;0;0;0;0;0;-0.022339941933751106;100;0
18747;1;0;0;0;0;1;1;1;1;0;0;0;0;0;0;0;0;0;0;-0.022339941933751106;100;0
18758;1;0;0;0;0;1;1;1;1;0;0;0;0;0;0;0;0;0;0;-0.022339941933751106;100;0
18769;1;0;0;0;0;1;1;1;1;0;0;0;0;0;0;0;0;0;0;-0.022339941933751106;100;0
18780;1;0;0;0;0;1;1;1;1;0;0;0;0;0;0;0;0;0;0;-0.022339941933751106;100;0
18790;1;0;0;0;0;1;1;1;1;0;0;0;0;0;0;0;0;0;0;-0.022339941933751106;100;0
18800;1;0;0;0;0;1;1;1;1;0;0;0;0;0;0;0;0;0;0;-0.022339941933751106;100;0
18811;1;0;0;0;0;1;1;1;1;0;0;0;0;0;0;0;0;0;0;-0.022339941933751106;100;0
18822;1;0;0;0;0;1;1;1;1;0;0;0;0;0;0;0;0;0;0;-0.022339941933751106;100;0
18832;1;0;0;0;0;1;1;1;1;0;0;0;0;0;0;0;0;0;0;-0.022339941933751106;100;0
18843;1;0;0;0;0;1;1;1;1;0;0;0;0;0;0;0;0;0;0;-0.022339941933751106;100;0
18854;1;0;0;0;0;1;1;1;1;0;0;0;0;0;0;0;0;0;0;-0.022339941933751106;100;0
18864;1;0;0;0;0;1;1;1;1;0;0;0;0;0;0;0;0;0;0;-0.022339941933751106;100;0
18875;1;0;0;0;0;1;1;1;1;0;0;0;0;0;0;0;0;0;0;-0.022339941933751106;100;0
18885;1;0;0;0;0;1;1;1;1;0;0;0;0;0;0;0;0;0;0;-0.022339941933751106;100;0
18895;1;0;0;0;0;1;1;1;1;0;0;0;0;0;0;0;0;0;0;-0.022339941933751106;100;0
18905;1;0;0;0;0;1;1;1;1;0;0;0;0;0;0;0;0;0;0;-0.022339941933751106;100;0
18916;1;0;0;0;0;1;1;1;1;0;0;0;0;0;0;0;0;0;0;-0.022339941933751106;100;0
18926;1;0;0;0;0;1;1;1;1;0;0;0;0;0;0;0;0;0;0;-0.022339941933751106;100;0
18937;1;0;0;0;0;1;1;1;1;0;0;0;0;0;0;0;0;0;0;-0.022339941933751106;100;0
18947;1;0;0;0;0;1;1;1;1;0;0;0;0;0;0;0;0;0;0;-0.022339941933751106;100;0
18957;1;0;0;0;0;1;1;1;1;0;0;0;0;0;0;0;0;0;0;-0.022339941933751106;100;0
18967;1;0;0;0;0;1;1;1;1;0;0;0;0;0;0;0;0;0;0;-0.022339941933751106;100;0
18978;1;0;0;0;0;1;1;1;1;0;0;0;0;0;0;0;0;0;0;-0.022339941933751106;100;0
18988;1;0;0;0;0;1;1;1;1;0;0;0;0;0;0;0;0;0;0;-0.022339941933751106;100;0
18999;1;0;0;0;0;1;1;1;1;0;0;0;0;0;0;0;0;0;0;-0.022339941933751106;100;0
19010;1;0;0;0;0;1;1;1;1;0;0;0;0;0;0;0;0;0;0;-0.022339941933751106;100;0
19021;1;0;0;0;0;1;1;1;1;0;0;0;0;0;0;0;0;0;0;-0.022339941933751106;100;0
19031;1;0;0;0;0;1;1;1;1;0;0;0;0;0;0;0;0;0;0;-0.022339941933751106;100;0
19042;1;0;0;0;0;1;1;1;1;0;0;0;0;0;0;0;0;0;0;-0.022339941933751106;100;0
19052;1;0;0;0;0;1;1;1;1;0;0;0;0;0;0;0;0;0;0;-0.022339941933751106;100;0
19063;1;0;0;0;0;1;1;1;1;0;0;0;0;0;0;0;0;0;0;-0.022339941933751106;100;0
19074;1;0;0;0;0;1;1;1;1;0;0;0;0;0;0;0;0;0;0;-0.022339941933751106;100;0
19084;1;0;0;0;0;1;1;1;1;0;0;0;0;0;0;0;0;0;0;-0.022339941933751106;100;0
19097;1;0;0;0;0;1;1;1;1;0;0;0;0;0;0;0;0;0;0;-0.022339941933751106;100;0
19107;1;0;0;0;0;1;1;1;1;0;0;0;0;0;0;0;0;0;0;-0.022339941933751106;100;0
19118;1;0;0;0;0;1;1;1;1;0;0;0;0;0;0;0;0;0;0;-0.022339941933751106;100;0
19129;1;0;0;0;0;1;1;1;1;0;0;0;0;0;0;0;0;0;0;-0.022339941933751106;100;0
19140;1;0;0;0;0;1;1;1;1;0;0;0;0;0;0;0;0;0;0;-0.022339941933751106;100;0
19152;1;0;0;0;0;1;1;1;1;0;0;0;0;0;0;0;0;0;0;-0.022339941933751106;100;0
19162;1;0;0;0;0;1;1;1;1;0;0;0;0;0;0;0;0;0;0;-0.022339941933751106;100;0
19172;1;0;0;0;0;1;1;1;1;0;0;0;0;0;0;0;0;0;0;-0.022339941933751106;100;0
19183;1;0;0;0;0;1;1;1;1;0;0;0;0;0;0;0;0;0;0;-0.022339941933751106;100;0
19194;1;0;0;0;0;1;1;1;1;0;0;0;0;0;0;0;0;0;0;-0.022339941933751106;100;0
19204;1;0;0;0;0;1;1;1;1;0;0;0;0;0;0;0;0;0;0;-0.022339941933751106;100;0
19214;1;0;0;0;0;1;1;1;1;0;0;0;0;0;0;0;0;0;0;-0.022339941933751106;100;0
19226;1;0;0;0;0;1;1;1;1;0;0;0;0;0;0;0;0;0;0;-0.022339941933751106;100;0
19237;1;0;0;0;0;1;1;1;1;0;0;0;0;0;0;0;0;0;0;-0.022339941933751106;100;0
19246;1;0;0;0;0;1;1;1;1;0;0;0;0;0;0;0;0;0;0;-0.022339941933751106;100;0
19258;1;0;0;0;0;1;1;1;1;0;0;0;0;0;0;0;0;0;0;-0.022339941933751106;100;0
19269;1;0;0;0;0;1;1;1;1;0;0;0;0;0;0;0;0;0;0;-0.022339941933751106;100;0
19279;1;0;0;0;0;1;1;1;1;0;0;0;0;0;0;0;0;0;0;-0.022339941933751106;100;0
19290;1;0;0;0;0;1;1;1;1;0;0;0;0;0;0;0;0;0;0;-0.022339941933751106;100;0
19300;1;0;0;0;0;1;1;1;1;0;0;0;0;0;0;0;0;0;0;-0.022339941933751106;100;0
19310;1;0;0;0;0;1;1;1;1;0;0;0;0;0;0;0;0;0;0;-0.022339941933751106;100;0
19321;1;0;0;0;0;1;1;1;1;0;0;0;0;0;0;0;0;0;0;-0.022339941933751106;100;0
19332;1;0;0;0;0;1;1;1;1;0;0;0;0;0;0;0;0;0;0;-0.022339941933751106;100;0
19343;1;0;0;0;0;1;1;1;1;0;0;0;0;0;0;0;0;0;0;-0.022339941933751106;100;0
19353;1;0;0;0;0;1;1;1;1;0;0;0;0;0;0;0;0;0;0;-0.022339941933751106;100;0
19364;1;0;0;0;0;1;1;1;1;0;0;0;0;0;0;0;0;0;0;-0.022339941933751106;100;0
19374;1;0;0;0;0;1;1;1;1;0;0;0;0;0;0;0;0;0;0;-0.022339941933751106;100;0
19384;1;0;0;0;0;1;1;1;1;0;0;0;0;0;0;0;0;0;0;-0.022339941933751106;100;0
19395;1;0;0;0;0;1;1;1;1;0;0;0;0;0;0;0;0;0;0;-0.022339941933751106;100;0
19406;1;0;0;0;0;1;1;1;1;0;0;0;0;0;0;0;0;0;0;-0.022339941933751106;100;0
19418;1;0;0;0;0;1;1;1;1;0;0;0;0;0;0;0;0;0;0;-0.022339941933751106;100;0
19428;1;0;0;0;0;1;1;1;1;0;0;0;0;0;0;0;0;0;0;-0.022339941933751106;100;0
19439;1;0;0;0;0;1;1;1;1;0;0;0;0;0;0;0;0;0;0;-0.022339941933751106;100;0
19449;1;0;0;0;0;1;1;1;1;0;0;0;0;0;0;0;0;0;0;-0.022339941933751106;100;0
19459;1;0;0;0;0;1;1;1;1;0;0;0;0;0;0;0;0;0;0;-0.022339941933751106;100;0
19468;1;0;0;0;0;1;1;1;1;0;0;0;0;0;0;0;0;0;0;-0.022339941933751106;100;0
19479;1;0;0;0;0;1;1;1;1;0;0;0;0;0;0;0;0;0;0;-0.022339941933751106;100;0
19489;1;0;0;0;0;1;1;1;1;0;0;0;0;0;0;0;0;0;0;-0.022339941933751106;100;0
19501;1;0;0;0;0;1;1;1;1;0;0;0;0;0;0;0;0;0;0;-0.022339941933751106;100;0
19512;1;0;0;0;0;1;1;1;1;0;0;0;0;0;0;0;0;0;0;-0.022339941933751106;100;0
19523;1;0;0;0;0;1;1;1;1;0;0;0;0;0;0;0;0;0;0;-0.022339941933751106;100;0
19534;1;0;0;0;0;1;1;1;1;0;0;0;0;0;0;0;0;0;0;-0.022339941933751106;100;0
19545;1;0;0;0;0;1;1;1;1;0;0;0;0;0;0;0;0;0;0;-0.022339941933751106;100;0
19555;1;0;0;0;0;1;1;1;1;0;0;0;0;0;0;0;0;0;0;-0.022339941933751106;100;0
19566;1;0;0;0;0;1;1;1;1;0;0;0;0;0;0;0;0;0;0;-0.022339941933751106;100;0
19578;1;0;0;0;0;1;1;1;1;0;0;0;0;0;0;0;0;0;0;-0.022339941933751106;100;0
19589;1;0;0;0;0;1;1;1;1;0;0;0;0;0;0;0;0;0;0;-0.022339941933751106;100;0
19601;1;0;0;0;0;1;1;1;1;0;0;0;0;0;0;0;0;0;0;-0.022339941933751106;100;0
19610;1;0;0;0;0;1;1;1;1;0;0;0;0;0;0;0;0;0;0;-0.022339941933751106;100;0
19621;1;0;0;0;0;1;1;1;1;0;0;0;0;0;0;0;0;0;0;-0.022339941933751106;100;0
19632;1;0;0;0;0;1;1;1;1;0;0;0;0;0;0;0;0;0;0;-0.022339941933751106;100;0
19642;1;0;0;0;0;1;1;1;1;0;0;0;0;0;0;0;0;0;0;-0.022339941933751106;100;0
19653;1;0;0;0;0;1;1;1;1;0;0;0;0;0;0;0;0;0;0;-0.022339941933751106;100;0
19664;1;0;0;0;0;1;1;1;1;0;0;0;0;0;0;0;0;0;0;-0.022339941933751106;100;0
19674;1;0;0;0;0;1;1;1;1;0;0;0;0;0;0;0;0;0;0;-0.022339941933751106;100;0
19684;1;0;0;0;0;1;1;1;1;0;0;0;0;0;0;0;0;0;0;-0.022339941933751106;100;0
19695;1;0;0;0;0;1;1;1;1;0;0;0;0;0;0;0;0;0;0;-0.022339941933751106;100;0
19707;1;0;0;0;0;1;1;1;1;0;0;0;0;0;0;0;0;0;0;-0.022339941933751106;100;0
19718;1;0;0;0;0;1;1;1;1;0;0;0;0;0;0;0;0;0;0;-0.022339941933751106;100;0
19729;1;0;0;0;0;1;1;1;1;0;0;0;0;0;0;0;0;0;0;-0.022339941933751106;100;0
19739;1;0;0;0;0;1;1;1;1;0;0;0;0;0;0;0;0;0;0;-0.022339941933751106;100;0
19750;1;0;0;0;0;1;1;1;1;0;0;0;0;0;0;0;0;0;0;-0.022339941933751106;100;0
19762;1;0;0;0;0;1;1;1;1;0;0;0;0;0;0;0;0;0;0;-0.022339941933751106;100;0
19772;1;0;0;0;0;1;1;1;1;0;0;0;0;0;0;0;0;0;0;-0.022339941933751106;100;0
19782;1;0;0;0;0;1;1;1;1;0;0;0;0;0;0;0;0;0;0;-0.022339941933751106;100;0
19793;1;0;0;0;0;1;1;1;1;0;0;0;0;0;0;0;0;0;0;-0.022339941933751106;100;0
19804;1;0;0;0;0;1;1;1;1;0;0;0;0;0;0;0;0;0;0;-0.022339941933751106;100;0
19814;1;0;0;0;0;1;1;1;1;0;0;0;0;0;0;0;0;0;0;-0.022339941933751106;100;0
19825;1;0;0;0;0;1;1;1;1;0;0;0;0;0;0;0;0;0;0;-0.022339941933751106;100;0
19835;1;0;0;0;0;1;1;1;1;0;0;0;0;0;0;0;0;0;0;-0.022339941933751106;100;0
19846;1;0;0;0;0;1;1;1;1;0;0;0;0;0;0;0;0;0;0;-0.022339941933751106;100;0
19856;1;0;0;0;0;1;1;1;1;0;0;0;0;0;0;0;0;0;0;-0.022339941933751106;100;0
19867;1;0;0;0;0;1;1;1;1;0;0;0;0;0;0;0;0;0;0;-0.022339941933751106;100;0
19877;1;0;0;0;0;1;1;1;1;0;0;0;0;0;0;0;0;0;0;-0.022339941933751106;100;0
19888;1;0;0;0;0;1;1;1;1;0;0;0;0;0;0;0;0;0;0;-0.022339941933751106;100;0
19898;1;0;0;0;0;1;1;1;1;0;0;0;0;0;0;0;0;0;0;-0.022339941933751106;100;0
19908;1;0;0;0;0;1;1;1;1;0;0;0;0;0;0;0;0;0;0;-0.022339941933751106;100;0
19919;1;0;0;0;0;1;1;1;1;0;0;0;0;0;0;0;0;0;0;-0.022339941933751106;100;0
19930;1;0;0;0;0;1;1;1;1;0;0;0;0;0;0;0;0;0;0;-0.022339941933751106;100;0
19940;1;0;0;0;0;1;1;1;1;0;0;0;0;0;0;0;0;0;0;-0.022339941933751106;100;0
19951;1;0;0;0;0;1;1;1;1;0;0;0;0;0;0;0;0;0;0;-0.022339941933751106;100;0
19961;1;0;0;0;0;1;1;1;1;0;0;0;0;0;0;0;0;0;0;-0.022339941933751106;100;0
19971;1;0;0;0;0;1;1;1;1;0;0;0;0;0;0;0;0;0;0;-0.022339941933751106;100;0
19982;1;0;0;0;0;1;1;1;1;0;0;0;0;0;0;0;0;0;0;-0.022339941933751106;100;0
19992;1;0;0;0;0;1;1;1;1;0;0;0;0;0;0;0;0;0;0;-0.022339941933751106;100;0
20002;1;0;0;0;0;1;1;1;1;0;0;0;0;0;0;0;0;0;0;-0.022339941933751106;100;0
20013;1;0;0;0;0;1;1;1;1;0;0;0;0;0;0;0;0;0;0;-0.022339941933751106;100;0
20023;1;0;0;0;0;1;1;1;1;0;0;0;0;0;0;0;0;0;0;-0.022339941933751106;100;0
20033;1;0;0;0;0;1;1;1;1;0;0;0;0;0;0;0;0;0;0;-0.022339941933751106;100;0
20044;1;0;0;0;0;1;1;1;1;0;0;0;0;0;0;0;0;0;0;-0.022339941933751106;100;0
20054;1;0;0;0;0;1;1;1;1;0;0;0;0;0;0;0;0;0;0;-0.022339941933751106;100;0
20064;1;0;0;0;0;1;1;1;1;0;0;0;0;0;0;0;0;0;0;-0.022339941933751106;100;0
20074;1;0;0;0;0;1;1;1;1;0;0;0;0;0;0;0;0;0;0;-0.022339941933751106;100;0
20085;1;0;0;0;0;1;1;1;1;0;0;0;0;0;0;0;0;0;0;-0.022339941933751106;100;0
20095;1;0;0;0;0;1;1;1;1;0;0;0;0;0;0;0;0;0;0;-0.022339941933751106;100;0
20105;1;0;0;0;0;1;1;1;1;0;0;0;0;0;0;0;0;0;0;-0.022339941933751106;100;0
20116;1;0;0;0;0;1;1;1;1;0;0;0;0;0;0;0;0;0;0;-0.022339941933751106;100;0
20127;1;0;0;0;0;1;1;1;1;0;0;0;0;0;0;0;0;0;0;-0.022339941933751106;100;0
20137;1;0;0;0;0;1;1;1;1;0;0;0;0;0;0;0;0;0;0;-0.022339941933751106;100;0
20146;1;0;0;0;0;1;1;1;1;0;0;0;0;0;0;0;0;0;0;-0.022339941933751106;100;0
20158;1;0;0;0;0;1;1;1;1;0;0;0;0;0;0;0;0;0;0;-0.022339941933751106;100;0
20168;1;0;0;0;0;1;1;1;1;0;0;0;0;0;0;0;0;0;0;-0.022339941933751106;100;0
20178;1;0;0;0;0;1;1;1;1;0;0;0;0;0;0;0;0;0;0;-0.022339941933751106;100;0
20188;1;0;0;0;0;1;1;1;1;0;0;0;0;0;0;0;0;0;0;-0.022339941933751106;100;0
20200;1;0;0;0;0;1;1;1;1;0;0;0;0;0;0;0;0;0;0;-0.022339941933751106;100;0
20210;1;0;0;0;0;1;1;1;1;0;0;0;0;0;0;0;0;0;0;-0.022339941933751106;100;0
20220;1;0;0;0;0;1;1;1;1;0;0;0;0;0;0;0;0;0;0;-0.022339941933751106;100;0
20231;1;0;0;0;0;1;1;1;1;0;0;0;0;0;0;0;0;0;0;-0.022339941933751106;100;0
20243;1;0;0;0;0;1;1;1;1;0;0;0;0;0;0;0;0;0;0;-0.022339941933751106;100;0
20253;1;0;0;0;0;1;1;1;1;0;0;0;0;0;0;0;0;0;0;-0.022339941933751106;100;0
20265;1;0;0;0;0;1;1;1;1;0;0;0;0;0;0;0;0;0;0;-0.022339941933751106;100;0
20275;1;0;0;0;0;1;1;1;1;0;0;0;0;0;0;0;0;0;0;-0.022339941933751106;100;0
20287;1;0;0;0;0;1;1;1;1;0;0;0;0;0;0;0;0;0;0;-0.022339941933751106;100;0
20298;1;0;0;0;0;1;1;1;1;0;0;0;0;0;0;0;0;0;0;-0.022339941933751106;100;0
20308;1;0;0;0;0;1;1;1;1;0;0;0;0;0;0;0;0;0;0;-0.022339941933751106;100;0
20318;1;0;0;0;0;1;1;1;1;0;0;0;0;0;0;0;0;0;0;-0.022339941933751106;100;0
20329;1;0;0;0;0;1;1;1;1;0;0;0;0;0;0;0;0;0;0;-0.022339941933751106;100;0
20340;1;0;0;0;0;1;1;1;1;0;0;0;0;0;0;0;0;0;0;-0.022339941933751106;100;0
20350;1;0;0;0;0;1;1;1;1;0;0;0;0;0;0;0;0;0;0;-0.022339941933751106;100;0
20362;1;0;0;0;0;1;1;1;1;0;0;0;0;0;0;0;0;0;0;-0.022339941933751106;100;0
20373;1;0;0;0;0;1;1;1;1;0;0;0;0;0;0;0;0;0;0;-0.022339941933751106;100;0
20383;1;0;0;0;0;1;1;1;1;0;0;0;0;0;0;0;0;0;0;-0.022339941933751106;100;0
20392;1;0;0;0;0;1;1;1;1;0;0;0;0;0;0;0;0;0;0;-0.022339941933751106;100;0
20403;1;0;0;0;0;1;1;1;1;0;0;0;0;0;0;0;0;0;0;-0.022339941933751106;100;0
20415;1;0;0;0;0;1;1;1;1;0;0;0;0;0;0;0;0;0;0;-0.022339941933751106;100;0
20427;1;0;0;0;0;1;1;1;1;0;0;0;0;0;0;0;0;0;0;-0.022339941933751106;100;0
20437;1;0;0;0;0;1;1;1;1;0;0;0;0;0;0;0;0;0;0;-0.022339941933751106;100;0
20447;1;0;0;0;0;1;1;1;1;0;0;0;0;0;0;0;0;0;0;-0.022339941933751106;100;0
20458;1;0;0;0;0;1;1;1;1;0;0;0;0;0;0;0;0;0;0;-0.022339941933751106;100;0
20468;1;0;0;0;0;1;1;1;1;0;0;0;0;0;0;0;0;0;0;-0.022339941933751106;100;0
20478;1;0;0;0;0;1;1;1;1;0;0;0;0;0;0;0;0;0;0;-0.022339941933751106;100;0
20488;1;0;0;0;0;1;1;1;1;0;0;0;0;0;0;0;0;0;0;-0.022339941933751106;100;0
20499;1;0;0;0;0;1;1;1;1;0;0;0;0;0;0;0;0;0;0;-0.022339941933751106;100;0
20509;1;0;0;0;0;1;1;1;1;0;0;0;0;0;0;0;0;0;0;-0.022339941933751106;100;0
20520;1;0;0;0;0;1;1;1;1;0;0;0;0;0;0;0;0;0;0;-0.022339941933751106;100;0
20532;1;0;0;0;0;1;1;1;1;0;0;0;0;0;0;0;0;0;0;-0.022339941933751106;100;0
20542;1;0;0;0;0;1;1;1;1;0;0;0;0;0;0;0;0;0;0;-0.022339941933751106;100;0
20553;1;0;0;0;0;1;1;1;1;0;0;0;0;0;0;0;0;0;0;-0.022339941933751106;100;0
20564;1;0;0;0;0;1;1;1;1;0;0;0;0;0;0;0;0;0;0;-0.022339941933751106;100;0
20575;1;0;0;0;0;1;1;1;1;0;0;0;0;0;0;0;0;0;0;-0.022339941933751106;100;0
20585;1;0;0;0;0;1;1;1;1;0;0;0;0;0;0;0;0;0;0;-0.022339941933751106;100;0
20595;1;0;0;0;0;1;1;1;1;0;0;0;0;0;0;0;0;0;0;-0.022339941933751106;100;0
20605;1;0;0;0;0;1;1;1;1;0;0;0;0;0;0;0;0;0;0;-0.022339941933751106;100;0
20616;1;0;0;0;0;1;1;1;1;0;0;0;0;0;0;0;0;0;0;-0.022339941933751106;100;0
20627;1;0;0;0;0;1;1;1;1;0;0;0;0;0;0;0;0;0;0;-0.022339941933751106;100;0
20637;1;0;0;0;0;1;1;1;1;0;0;0;0;0;0;0;0;0;0;-0.022339941933751106;100;0
20648;1;0;0;0;0;1;1;1;1;0;0;0;0;0;0;0;0;0;0;-0.022339941933751106;100;0
20658;1;0;0;0;0;1;1;1;1;0;0;0;0;0;0;0;0;0;0;-0.022339941933751106;100;0
20669;1;0;0;0;0;1;1;1;1;0;0;0;0;0;0;0;0;0;0;-0.022339941933751106;100;0
20680;1;0;0;0;0;1;1;1;1;0;0;0;0;0;0;0;0;0;0;-0.022339941933751106;100;0
20690;1;0;0;0;0;1;1;1;1;0;0;0;0;0;0;0;0;0;0;-0.022339941933751106;100;0
20701;1;0;0;0;0;1;1;1;1;0;0;0;0;0;0;0;0;0;0;-0.022339941933751106;100;0
20712;1;0;0;0;0;1;1;1;1;0;0;0;0;0;0;0;0;0;0;-0.022339941933751106;100;0
20722;1;0;0;0;0;1;1;1;1;0;0;0;0;0;0;0;0;0;0;-0.022339941933751106;100;0
20733;1;0;0;0;0;1;1;1;1;0;0;0;0;0;0;0;0;0;0;-0.022339941933751106;100;0
20744;1;0;0;0;0;1;1;1;1;0;0;0;0;0;0;0;0;0;0;-0.022339941933751106;100;0
20755;1;0;0;0;0;1;1;1;1;0;0;0;0;0;0;0;0;0;0;-0.022339941933751106;100;0
20765;1;0;0;0;0;1;1;1;1;0;0;0;0;0;0;0;0;0;0;-0.022339941933751106;100;0
20777;1;0;0;0;0;1;1;1;1;0;0;0;0;0;0;0;0;0;0;-0.022339941933751106;100;0
20787;1;0;0;0;0;1;1;1;1;0;0;0;0;0;0;0;0;0;0;-0.022339941933751106;100;0
20798;1;0;0;0;0;1;1;1;1;0;0;0;0;0;0;0;0;0;0;-0.022339941933751106;100;0
20808;1;0;0;0;0;1;1;1;1;0;0;0;0;0;0;0;0;0;0;-0.022339941933751106;100;0
20819;1;0;0;0;0;1;1;1;1;0;0;0;0;0;0;0;0;0;0;-0.022339941933751106;100;0
20830;1;0;0;0;0;1;1;1;1;0;0;0;0;0;0;0;0;0;0;-0.022339941933751106;100;0
20840;1;0;0;0;0;1;1;1;1;0;0;0;0;0;0;0;0;0;0;-0.022339941933751106;100;0
20850;1;0;0;0;0;1;1;1;1;0;0;0;0;0;0;0;0;0;0;-0.022339941933751106;100;0
20862;1;0;0;0;0;1;1;1;1;0;0;0;0;0;0;0;0;0;0;-0.022339941933751106;100;0
20873;1;0;0;0;0;1;1;1;1;0;0;0;0;0;0;0;0;0;0;-0.022339941933751106;100;0
20884;1;0;0;0;0;1;1;1;1;0;0;0;0;0;0;0;0;0;0;-0.022339941933751106;100;0
20895;1;0;0;0;0;1;1;1;1;0;0;0;0;0;0;0;0;0;0;-0.022339941933751106;100;0
20905;1;0;0;0;0;1;1;1;1;0;0;0;0;0;0;0;0;0;0;-0.022339941933751106;100;0
20917;1;0;0;0;0;1;1;1;1;0;0;0;0;0;0;0;0;0;0;-0.022339941933751106;100;0
20928;1;0;0;0;0;1;1;1;1;0;0;0;0;0;0;0;0;0;0;-0.022339941933751106;100;0
20938;1;0;0;0;0;1;1;1;1;0;0;0;0;0;0;0;0;0;0;-0.022339941933751106;100;0
20949;1;0;0;0;0;1;1;1;1;0;0;0;0;0;0;0;0;0;0;-0.022339941933751106;100;0
20959;1;0;0;0;0;1;1;1;1;0;0;0;0;0;0;0;0;0;0;-0.022339941933751106;100;0
20969;1;0;0;0;0;1;1;1;1;0;0;0;0;0;0;0;0;0;0;-0.022339941933751106;100;0
20980;1;0;0;0;0;1;1;1;1;0;0;0;0;0;0;0;0;0;0;-0.022339941933751106;100;0
20991;1;0;0;0;0;1;1;1;1;0;0;0;0;0;0;0;0;0;0;-0.022339941933751106;100;0
21001;1;0;0;0;0;1;1;1;1;0;0;0;0;0;0;0;0;0;0;-0.022339941933751106;100;0
21012;1;0;0;0;0;1;1;1;1;0;0;0;0;0;0;0;0;0;0;-0.022339941933751106;100;0
21022;1;0;0;0;0;1;1;1;1;0;0;0;0;0;0;0;0;0;0;-0.022339941933751106;100;0
21033;1;0;0;0;0;1;1;1;1;0;0;0;0;0;0;0;0;0;0;-0.022339941933751106;100;0
21043;1;0;0;0;0;1;1;1;1;0;0;0;0;0;0;0;0;0;0;-0.022339941933751106;100;0
21055;1;0;0;0;0;1;1;1;1;0;0;0;0;0;0;0;0;0;0;-0.022339941933751106;100;0
21065;1;0;0;0;0;1;1;1;1;0;0;0;0;0;0;0;0;0;0;-0.022339941933751106;100;0
21075;1;0;0;0;0;1;1;1;1;0;0;0;0;0;0;0;0;0;0;-0.022339941933751106;100;0
21086;1;0;0;0;0;1;1;1;1;0;0;0;0;0;0;0;0;0;0;-0.022339941933751106;100;0
21097;1;0;0;0;0;1;1;1;1;0;0;0;0;0;0;0;0;0;0;-0.022339941933751106;100;0
21108;1;0;0;0;0;1;1;1;1;0;0;0;0;0;0;0;0;0;0;-0.022339941933751106;100;0
21118;1;0;0;0;0;1;1;1;1;0;0;0;0;0;0;0;0;0;0;-0.022339941933751106;100;0
21129;1;0;0;0;0;1;1;1;1;0;0;0;0;0;0;0;0;0;0;-0.022339941933751106;100;0
21138;1;0;0;0;0;1;1;1;1;0;0;0;0;0;0;0;0;0;0;-0.022339941933751106;100;0
21149;1;0;0;0;0;1;1;1;1;0;0;0;0;0;0;0;0;0;0;-0.022339941933751106;100;0
21159;1;0;0;0;0;1;1;1;1;0;0;0;0;0;0;0;0;0;0;-0.022339941933751106;100;0
21170;1;0;0;0;0;1;1;1;1;0;0;0;0;0;0;0;0;0;0;-0.022339941933751106;100;0
21181;1;0;0;0;0;1;1;1;1;0;0;0;0;0;0;0;0;0;0;-0.022339941933751106;100;0
21192;1;0;0;0;0;1;1;1;1;0;0;0;0;0;0;0;0;0;0;-0.022339941933751106;100;0
21203;1;0;0;0;0;1;1;1;1;0;0;0;0;0;0;0;0;0;0;-0.022339941933751106;100;0
21213;1;0;0;0;0;1;1;1;1;0;0;0;0;0;0;0;0;0;0;-0.022339941933751106;100;0
21224;1;0;0;0;0;1;1;1;1;0;0;0;0;0;0;0;0;0;0;-0.022339941933751106;100;0
21234;1;0;0;0;0;1;1;1;1;0;0;0;0;0;0;0;0;0;0;-0.022339941933751106;100;0
21245;1;0;0;0;0;1;1;1;1;0;0;0;0;0;0;0;0;0;0;-0.022339941933751106;100;0
21255;1;0;0;0;0;1;1;1;1;0;0;0;0;0;0;0;0;0;0;-0.022339941933751106;100;0
21265;1;0;0;0;0;1;1;1;1;0;0;0;0;0;0;0;0;0;0;-0.022339941933751106;100;0
21276;1;0;0;0;0;1;1;1;1;0;0;0;0;0;0;0;0;0;0;-0.022339941933751106;100;0
21287;1;0;0;0;0;1;1;1;1;0;0;0;0;0;0;0;0;0;0;-0.022339941933751106;100;0
21297;1;0;0;0;0;1;1;1;1;0;0;0;0;0;0;0;0;0;0;-0.022339941933751106;100;0
21307;1;0;0;0;0;1;1;1;1;0;0;0;0;0;0;0;0;0;0;-0.022339941933751106;100;0
21318;1;0;0;0;0;1;1;1;1;0;0;0;0;0;0;0;0;0;0;-0.022339941933751106;100;0
21328;1;0;0;0;0;1;1;1;1;0;0;0;0;0;0;0;0;0;0;-0.022339941933751106;100;0
21339;1;0;0;0;0;1;1;1;1;0;0;0;0;0;0;0;0;0;0;-0.022339941933751106;100;0
21349;1;0;0;0;0;1;1;1;1;0;0;0;0;0;0;0;0;0;0;-0.022339941933751106;100;0
21359;1;0;0;0;0;1;1;1;1;0;0;0;0;0;0;0;0;0;0;-0.022339941933751106;100;0
21370;1;0;0;0;0;1;1;1;1;0;0;0;0;0;0;0;0;0;0;-0.022339941933751106;100;0
21380;1;0;0;0;0;1;1;1;1;0;0;0;0;0;0;0;0;0;0;-0.022339941933751106;100;0
21390;1;0;0;0;0;1;1;1;1;0;0;0;0;0;0;0;0;0;0;-0.022339941933751106;100;0
21402;1;0;0;0;0;1;1;1;1;0;0;0;0;0;0;0;0;0;0;-0.022339941933751106;100;0
21412;1;0;0;0;0;1;1;1;1;0;0;0;0;0;0;0;0;0;0;-0.022339941933751106;100;0
21422;1;0;0;0;0;1;1;1;1;0;0;0;0;0;0;0;0;0;0;-0.022339941933751106;100;0
21433;1;0;0;0;0;1;1;1;1;0;0;0;0;0;0;0;0;0;0;-0.022339941933751106;100;0
21444;1;0;0;0;0;1;1;1;1;0;0;0;0;0;0;0;0;0;0;-0.022339941933751106;100;0
21456;1;0;0;0;0;1;1;1;1;0;0;0;0;0;0;0;0;0;0;-0.022339941933751106;100;0
21467;1;0;0;0;0;1;1;1;1;0;0;0;0;0;0;0;0;0;0;-0.022339941933751106;100;0
21478;1;0;0;0;0;1;1;1;1;0;0;0;0;0;0;0;0;0;0;-0.022339941933751106;100;0
21488;1;0;0;0;0;1;1;1;1;0;0;0;0;0;0;0;0;0;0;-0.022339941933751106;100;0
21500;1;0;0;0;0;1;1;1;1;0;0;0;0;0;0;0;0;0;0;-0.022339941933751106;100;0
21511;1;0;0;0;0;1;1;1;1;0;0;0;0;0;0;0;0;0;0;-0.022339941933751106;100;0
21522;1;0;0;0;0;1;1;1;1;0;0;0;0;0;0;0;0;0;0;-0.022339941933751106;100;0
21532;1;0;0;0;0;1;1;1;1;0;0;0;0;0;0;0;0;0;0;-0.022339941933751106;100;0
21544;1;0;0;0;0;1;1;1;1;0;0;0;0;0;0;0;0;0;0;-0.022339941933751106;100;0
21556;1;0;0;0;0;1;1;1;1;0;0;0;0;0;0;0;0;0;0;-0.022339941933751106;100;0
21566;1;0;0;0;0;1;1;1;1;0;0;0;0;0;0;0;0;0;0;-0.022339941933751106;100;0
21576;1;0;0;0;0;1;1;1;1;0;0;0;0;0;0;0;0;0;0;-0.022339941933751106;100;0
21587;1;0;0;0;0;1;1;1;1;0;0;0;0;0;0;0;0;0;0;-0.022339941933751106;100;0
21598;1;0;0;0;0;1;1;1;1;0;0;0;0;0;0;0;0;0;0;-0.022339941933751106;100;0
21609;1;0;0;0;0;1;1;1;1;0;0;0;0;0;0;0;0;0;0;-0.022339941933751106;100;0
21620;1;0;0;0;0;1;1;1;1;0;0;0;0;0;0;0;0;0;0;-0.022339941933751106;100;0
21630;1;0;0;0;0;1;1;1;1;0;0;0;0;0;0;0;0;0;0;-0.022339941933751106;100;0
21640;1;0;0;0;0;1;1;1;1;0;0;0;0;0;0;0;0;0;0;-0.022339941933751106;100;0
21651;1;0;0;0;0;1;1;1;1;0;0;0;0;0;0;0;0;0;0;-0.022339941933751106;100;0
21660;1;0;0;0;0;1;1;1;1;0;0;0;0;0;0;0;0;0;0;-0.022339941933751106;100;0
21671;1;0;0;0;0;1;1;1;1;0;0;0;0;0;0;0;0;0;0;-0.022339941933751106;100;0
21682;1;0;0;0;0;1;1;1;1;0;0;0;0;0;0;0;0;0;0;-0.022339941933751106;100;0
21692;1;0;0;0;0;1;1;1;1;0;0;0;0;0;0;0;0;0;0;-0.022339941933751106;100;0
21703;1;0;0;0;0;1;1;1;1;0;0;0;0;0;0;0;0;0;0;-0.022339941933751106;100;0
21713;1;0;0;0;0;1;1;1;1;0;0;0;0;0;0;0;0;0;0;-0.022339941933751106;100;0
21723;1;0;0;0;0;1;1;1;1;0;0;0;0;0;0;0;0;0;0;-0.022339941933751106;100;0
21735;1;0;0;0;0;1;1;1;1;0;0;0;0;0;0;0;0;0;0;-0.022339941933751106;100;0
21745;1;0;0;0;0;1;1;1;1;0;0;0;0;0;0;0;0;0;0;-0.022339941933751106;100;0
21755;1;0;0;0;0;1;1;1;1;0;0;0;0;0;0;0;0;0;0;-0.022339941933751106;100;0
21767;1;0;0;0;0;1;1;1;1;0;0;0;0;0;0;0;0;0;0;-0.022339941933751106;100;0
21778;1;0;0;0;0;1;1;1;1;0;0;0;0;0;0;0;0;0;0;-0.022339941933751106;100;0
21788;1;0;0;0;0;1;1;1;1;0;0;0;0;0;0;0;0;0;0;-0.022339941933751106;100;0
21799;1;0;0;0;0;1;1;1;1;0;0;0;0;0;0;0;0;0;0;-0.022339941933751106;100;0
21810;1;0;0;0;0;1;1;1;1;0;0;0;0;0;0;0;0;0;0;-0.022339941933751106;100;0
21821;1;0;0;0;0;1;1;1;1;0;0;0;0;0;0;0;0;0;0;-0.022339941933751106;100;0
21831;1;0;0;0;0;1;1;1;1;0;0;0;0;0;0;0;0;0;0;-0.022339941933751106;100;0
21841;1;0;0;0;0;1;1;1;1;0;0;0;0;0;0;0;0;0;0;-0.022339941933751106;100;0
21852;1;0;0;0;0;1;1;1;1;0;0;0;0;0;0;0;0;0;0;-0.022339941933751106;100;0
21861;1;0;0;0;0;1;1;1;1;0;0;0;0;0;0;0;0;0;0;-0.022339941933751106;100;0
21872;1;0;0;0;0;1;1;1;1;0;0;0;0;0;0;0;0;0;0;-0.022339941933751106;100;0
21882;1;0;0;0;0;1;1;1;1;0;0;0;0;0;0;0;0;0;0;-0.022339941933751106;100;0
21892;1;0;0;0;0;1;1;1;1;0;0;0;0;0;0;0;0;0;0;-0.022339941933751106;100;0
21902;1;0;0;0;0;1;1;1;1;0;0;0;0;0;0;0;0;0;0;-0.022339941933751106;100;0
21913;1;0;0;0;0;1;1;1;1;0;0;0;0;0;0;0;0;0;0;-0.022339941933751106;100;0
21923;1;0;0;0;0;1;1;1;1;0;0;0;0;0;0;0;0;0;0;-0.022339941933751106;100;0
21934;1;0;0;0;0;1;1;1;1;0;0;0;0;0;0;0;0;0;0;-0.022339941933751106;100;0
21944;1;0;0;0;0;1;1;1;1;0;0;0;0;0;0;0;0;0;0;-0.022339941933751106;100;0
21955;1;0;0;0;0;1;1;1;1;0;0;0;0;0;0;0;0;0;0;-0.022339941933751106;100;0
21966;1;0;0;0;0;1;1;1;1;0;0;0;0;0;0;0;0;0;0;-0.022339941933751106;100;0
21976;1;0;0;0;0;1;1;1;1;0;0;0;0;0;0;0;0;0;0;-0.022339941933751106;100;0
21987;1;0;0;0;0;1;1;1;1;0;0;0;0;0;0;0;0;0;0;-0.022339941933751106;100;0
21997;1;0;0;0;0;1;1;1;1;0;0;0;0;0;0;0;0;0;0;-0.022339941933751106;100;0
22008;1;0;0;0;0;1;1;1;1;0;0;0;0;0;0;0;0;0;0;-0.022339941933751106;100;0
22018;1;0;0;0;0;1;1;1;1;0;0;0;0;0;0;0;0;0;0;-0.022339941933751106;100;0
22028;1;0;0;0;0;1;1;1;1;0;0;0;0;0;0;0;0;0;0;-0.022339941933751106;100;0
22040;1;0;0;0;0;1;1;1;1;0;0;0;0;0;0;0;0;0;0;-0.022339941933751106;100;0
22051;1;0;0;0;0;1;1;1;1;0;0;0;0;0;0;0;0;0;0;-0.022339941933751106;100;0
22063;1;0;0;0;0;1;1;1;1;0;0;0;0;0;0;0;0;0;0;-0.022339941933751106;100;0
22073;1;0;0;0;0;1;1;1;1;0;0;0;0;0;0;0;0;0;0;-0.022339941933751106;100;0
22083;1;0;0;0;0;1;1;1;1;0;0;0;0;0;0;0;0;0;0;-0.022339941933751106;100;0
22094;1;0;0;0;0;1;1;1;1;0;0;0;0;0;0;0;0;0;0;-0.022339941933751106;100;0
22105;1;0;0;0;0;1;1;1;1;0;0;0;0;0;0;0;0;0;0;-0.022339941933751106;100;0
22115;1;0;0;0;0;1;1;1;1;0;0;0;0;0;0;0;0;0;0;-0.022339941933751106;100;0
22125;1;0;0;0;0;1;1;1;1;0;0;0;0;0;0;0;0;0;0;-0.022339941933751106;100;0
22135;1;0;0;0;0;1;1;1;1;0;0;0;0;0;0;0;0;0;0;-0.022339941933751106;100;0
22146;1;0;0;0;0;1;1;1;1;0;0;0;0;0;0;0;0;0;0;-0.022339941933751106;100;0
22157;1;0;0;0;0;1;1;1;1;0;0;0;0;0;0;0;0;0;0;-0.022339941933751106;100;0
22168;1;0;0;0;0;1;1;1;1;0;0;0;0;0;0;0;0;0;0;-0.022339941933751106;100;0
22178;1;0;0;0;0;1;1;1;1;0;0;0;0;0;0;0;0;0;0;-0.022339941933751106;100;0
22188;1;0;0;0;0;1;1;1;1;0;0;0;0;0;0;0;0;0;0;-0.022339941933751106;100;0
22199;1;0;0;0;0;1;1;1;1;0;0;0;0;0;0;0;0;0;0;-0.022339941933751106;100;0
22210;1;0;0;0;0;1;1;1;1;0;0;0;0;0;0;0;0;0;0;-0.022339941933751106;100;0
22220;1;0;0;0;0;1;1;1;1;0;0;0;0;0;0;0;0;0;0;-0.022339941933751106;100;0
22230;1;0;0;0;0;1;1;1;1;0;0;0;0;0;0;0;0;0;0;-0.022339941933751106;100;0
22240;1;0;0;0;0;1;1;1;1;0;0;0;0;0;0;0;0;0;0;-0.022339941933751106;95;0
22250;1;0;0;0;0;1;1;1;1;0;0;0;0;0;0;0;0;0;0;-0.022339941933751106;90;0
22260;1;0;0;0;0;1;1;1;1;0;0;0;0;0;0;0;0;0;0;-0.022339941933751106;85;0
22271;1;0;0;0;0;1;1;1;1;0;0;0;0;0;0;0;0;0;0;-0.022339941933751106;80;0
22281;1;0;0;0;0;1;1;1;1;0;0;0;0;0;0;0;0;0;0;-0.022339941933751106;75;0
22291;1;0;0;0;0;1;1;1;1;0;0;0;0;0;0;0;0;0;0;-0.022339941933751106;70;0
22302;1;0;0;0;0;1;1;1;1;0;0;0;0;0;0;0;0;0;0;-0.022339941933751106;65;0
22312;1;0;0;0;0;1;1;1;1;0;0;0;0;0;0;0;0;0;0;-0.022339941933751106;60;0
22322;1;0;0;0;0;1;1;1;1;0;0;0;0;0;0;0;0;0;0;-0.022339941933751106;55;0
22333;1;0;0;0;0;1;1;1;1;0;0;0;0;0;0;0;0;0;0;-0.022339941933751106;50;0
22344;1;0;0;0;0;1;1;1;1;0;0;0;0;0;0;0;0;0;0;-0.022339941933751106;45;0
22355;1;0;0;0;0;1;1;1;1;0;0;0;0;0;0;0;0;0;0;-0.022339941933751106;40;0
22365;1;0;0;0;0;1;1;1;1;0;0;0;0;0;0;0;0;0;0;-0.022339941933751106;35;0
22375;1;0;0;0;0;1;1;1;1;0;0;0;0;0;0;0;0;0;0;-0.022339941933751106;30;0
22385;1;0;0;0;0;1;1;1;1;0;0;0;0;0;0;0;0;0;0;-0.022339941933751106;25;0
22395;1;0;0;0;0;1;1;1;1;0;0;0;0;0;0;0;0;0;0;-0.022339941933751106;20;0
22406;1;0;0;0;0;1;1;1;1;0;0;0;0;0;0;0;0;0;0;-0.022339941933751106;15;0
22416;1;0;0;0;0;1;1;1;1;0;0;0;0;0;0;0;0;0;0;-0.022339941933751106;10;0
22427;1;0;0;0;0;1;1;1;1;0;0;0;0;0;0;0;0;0;0;-0.022339941933751106;0;0
22437;1;0;0;0;0;1;1;1;1;0;0;0;0;0;0;0;0;0;0;-0.022339941933751106;0;0
22448;1;0;0;0;0;1;1;1;1;0;0;0;0;0;0;0;0;0;0;-0.022339941933751106;0;0
22459;1;0;0;0;0;1;1;1;1;0;0;0;0;0;0;0;0;0;0;-0.022339941933751106;0;0
22470;1;0;0;0;0;1;1;1;1;0;0;0;0;0;0;0;0;0;0;-0.022339941933751106;0;0
22480;1;0;0;0;0;1;1;1;1;0;0;0;0;0;0;0;0;0;0;-0.022339941933751106;0;0
22491;1;0;0;0;0;1;1;1;1;0;0;0;0;0;0;0;0;0;0;-0.022339941933751106;0;0
22502;1;0;0;0;0;1;1;1;1;0;0;0;0;0;0;0;0;0;0;-0.022339941933751106;0;0
22512;1;0;0;0;0;1;1;1;1;0;0;0;0;0;0;0;0;0;0;-0.022339941933751106;0;0
22523;1;0;0;0;0;1;1;1;1;0;0;0;0;0;0;0;0;0;0;-0.022339941933751106;0;0
22534;1;0;0;0;0;1;1;1;1;0;0;0;0;0;0;0;0;0;0;-0.022339941933751106;0;0
22544;1;0;0;0;0;1;1;1;1;0;0;0;0;0;0;0;0;0;0;-0.022339941933751106;0;0
22556;1;0;0;0;0;1;1;1;1;0;0;0;0;0;0;0;0;0;0;-0.022339941933751106;0;0
22567;1;0;0;0;0;1;1;1;1;0;0;0;0;0;0;0;0;0;0;-0.022339941933751106;0;0
22577;1;0;0;0;0;1;1;1;1;0;0;0;0;0;0;0;0;0;0;-0.022339941933751106;0;0
22588;1;0;0;0;0;1;1;1;1;0;0;0;0;0;0;0;0;0;0;-0.022339941933751106;0;0
22599;1;0;0;0;0;1;1;1;1;0;0;0;0;0;0;0;0;0;0;-0.022339941933751106;0;0
22610;1;0;0;0;0;1;1;1;1;0;0;0;0;0;0;0;0;0;0;-0.022339941933751106;0;0
22620;1;0;0;0;0;1;1;1;1;0;0;0;0;0;0;0;0;0;0;-0.022339941933751106;0;0
22630;1;0;0;0;0;1;1;1;1;0;0;0;0;0;0;0;0;0;0;-0.022339941933751106;0;0
22641;1;0;0;0;0;1;1;1;1;0;0;0;0;0;0;0;0;0;0;-0.022339941933751106;0;0
22653;1;0;0;0;0;1;1;1;1;0;0;0;0;0;0;0;0;0;0;-0.022339941933751106;0;0
22663;1;0;0;0;0;1;1;1;1;0;0;0;0;0;0;0;0;0;0;-0.022339941933751106;0;0
22674;1;0;0;0;0;1;1;1;1;0;0;0;0;0;0;0;0;0;0;-0.022339941933751106;0;0
22685;1;0;0;0;0;1;1;1;1;0;0;0;0;0;0;0;0;0;0;-0.022339941933751106;0;0
22695;1;0;0;0;0;1;1;1;1;0;0;0;0;0;0;0;0;0;0;-0.022339941933751106;0;0
22706;1;0;0;0;0;1;1;1;1;0;0;0;0;0;0;0;0;0;0;-0.022339941933751106;0;0
22715;1;0;0;0;0;1;1;1;1;0;0;0;0;0;0;0;0;0;0;-0.022339941933751106;0;0
22726;1;0;0;0;0;1;1;1;1;0;0;0;0;0;0;0;0;0;0;-0.022339941933751106;0;0
22736;1;0;0;0;0;1;1;1;1;0;0;0;0;0;0;0;0;0;0;-0.022339941933751106;0;0
22746;1;0;0;0;0;1;1;1;1;0;0;0;0;0;0;0;0;0;0;-0.022339941933751106;0;0
22757;1;0;0;0;0;1;1;1;1;0;0;0;0;0;0;0;0;0;0;-0.022339941933751106;0;0
22767;1;0;0;0;0;1;1;1;1;0;0;0;0;0;0;0;0;0;0;-0.022339941933751106;0;0
22778;1;0;0;0;0;1;1;1;1;0;0;0;0;0;0;0;0;0;0;-0.022339941933751106;0;0
22788;1;0;0;0;0;1;1;1;1;0;0;0;0;0;0;0;0;0;0;-0.022339941933751106;0;0
22798;1;0;0;0;0;1;1;1;1;0;0;0;0;0;0;0;0;0;0;-0.022339941933751106;0;0
22809;1;0;0;0;0;1;1;1;1;0;0;0;0;0;0;0;0;0;0;-0.022339941933751106;0;0
22820;1;0;0;0;0;1;1;1;1;0;0;0;0;0;0;0;0;0;0;-0.022339941933751106;0;0
22830;1;0;0;0;0;1;1;1;1;0;0;0;0;0;0;0;0;0;0;-0.022339941933751106;0;0
22840;1;0;0;0;0;1;1;1;1;0;0;0;0;0;0;0;0;0;0;-0.022339941933751106;0;0
22851;1;0;0;0;0;1;1;1;1;0;0;0;0;0;0;0;0;0;0;-0.022339941933751106;0;0
22861;1;0;0;0;0;1;1;1;1;0;0;0;0;0;0;0;0;0;0;-0.022339941933751106;0;0
22872;1;0;0;0;0;1;1;1;1;0;0;0;0;0;0;0;0;0;0;-0.022339941933751106;0;0
22883;1;0;0;0;0;1;1;1;1;0;0;0;0;0;0;0;0;0;0;-0.022339941933751106;0;0
22893;1;0;0;0;0;1;1;1;1;0;0;0;0;0;0;0;0;0;0;-0.022339941933751106;0;0
22903;1;0;0;0;0;1;1;1;1;0;0;0;0;0;0;0;0;0;0;-0.022339941933751106;0;0
22914;1;0;0;0;0;1;1;1;1;0;0;0;0;0;0;0;0;0;0;-0.022339941933751106;0;0
22924;1;0;0;0;0;1;1;1;1;0;0;0;0;0;0;0;0;0;0;-0.022339941933751106;0;0
22935;1;0;0;0;0;1;1;1;1;0;0;0;0;0;0;0;0;0;0;-0.022339941933751106;0;0
22946;1;0;0;0;0;1;1;1;1;0;0;0;0;0;0;0;0;0;0;-0.022339941933751106;-10;0
22957;1;0;0;0;0;1;1;1;1;0;0;0;0;0;0;0;0;0;0;-0.022339941933751106;-10;0
22968;1;0;0;0;0;1;1;1;1;0;0;0;0;0;0;0;0;0;0;-0.022339941933751106;-10;0
22979;1;0;0;0;0;1;1;1;1;0;0;0;0;0;0;0;0;0;0;-0.022339941933751106;-11;0
22990;1;0;0;0;0;1;1;1;1;0;0;0;0;0;0;0;0;0;0;-0.022339941933751106;-11;0
23001;1;0;0;0;0;1;1;1;1;0;0;0;0;0;0;0;0;0;0;-0.022339941933751106;-11;0
23011;1;0;0;0;0;1;1;1;1;0;0;0;0;0;0;0;0;0;0;-0.022339941933751106;-11;0
23023;1;0;0;0;0;1;1;1;1;0;0;0;0;0;0;0;0;0;0;-0.022339941933751106;-12;0
23033;1;0;0;0;0;1;1;1;1;0;0;0;0;0;0;0;0;0;0;-0.022339941933751106;-12;0
23044;1;0;0;0;0;1;1;1;1;0;0;0;0;0;0;0;0;0;0;-0.022339941933751106;-12;0
23055;1;0;0;0;0;1;1;1;1;0;0;0;0;0;0;0;0;0;0;-0.022339941933751106;-13;0
23065;1;0;0;0;0;1;1;1;1;0;0;0;0;0;0;0;0;0;0;-0.022339941933751106;-13;0
23076;1;0;0;0;0;1;1;1;1;0;0;0;0;0;0;0;0;0;0;-0.022339941933751106;-14;0
23086;1;0;0;0;0;1;1;1;1;0;0;0;0;0;0;0;0;0;0;-0.022339941933751106;-14;0
23097;1;0;0;0;0;1;1;1;1;0;0;0;0;0;0;0;0;0;0;-0.022339941933751106;-15;0
23109;1;0;0;0;0;1;1;1;1;0;0;0;0;0;0;0;0;0;0;-0.022339941933751106;-15;0
23119;1;0;0;0;0;1;1;1;1;0;0;0;0;0;0;0;0;0;0;-0.022339941933751106;-15;0
23130;1;0;0;0;0;1;1;1;1;0;0;0;0;0;0;0;0;0;0;-0.022339941933751106;-16;0
23142;1;0;0;0;0;1;1;1;1;0;0;0;0;0;0;0;0;0;0;-0.022339941933751106;-17;0
23152;1;0;0;0;0;1;1;1;1;0;0;0;436;2;0;0;0;0;0;-0.022339941933751106;-17;0
23163;1;0;0;0;0;1;1;1;1;0;0;0;456;2;0;0;0;0;0;-0.022339941933751106;-18;0
23173;1;0;0;0;0;1;1;1;1;0;0;0;478;2;0;0;0;0;0;-0.022339941933751106;-18;0
23183;1;0;0;0;0;1;1;1;1;0;4;0;498;2;0;0;0;0;0;-0.022339941933751106;-19;0
23194;1;0;0;0;0;1;1;1;1;0;10;0;520;2;0;0;0;0;0;-0.022339941933751106;-20;0
23206;1;0;0;0;0;1;1;1;1;0;18;0;562;2;0;0;0;0;0;-0.022323442623019218;-21;0
23214;1;0;0;0;0;1;1;1;1;0;25;0;580;2;0;0;0;0;0;-0.02230469323694706;-22;0
23225;1;0;0;0;0;1;1;1;1;0;34;0;580;2;0;0;0;0;0;-0.02230469323694706;-22;0
23235;1;0;0;0;0;1;1;1;1;0;43;0;602;2;0;0;0;0;0;-0.022273527458310127;-22;0
23246;1;0;0;0;0;1;1;1;1;0;54;0;622;2;0;0;0;0;0;-0.022237695753574371;-23;0
23257;1;0;0;0;0;1;1;1;1;0;66;0;666;2;0;0;0;0;0;-0.022127700969576836;-25;0
23267;1;0;0;0;0;1;1;1;1;0;77;0;666;2;0;0;0;0;0;-0.022127700969576836;-25;0
23277;1;0;0;0;0;1;1;1;1;0;89;0;686;2;0;0;0;0;0;-0.022063536569476128;-25;0
23287;1;0;0;0;0;1;1;1;1;0;101;0;706;2;0;0;0;0;0;-0.021989373490214348;-26;0
23298;1;0;0;0;0;1;1;1;1;0;115;0;726;2;0;0;0;0;0;-0.021905209869146347;-27;0
23309;1;0;0;0;0;1;1;1;1;0;129;0;748;2;0;0;0;0;0;-0.021799797192215919;-28;0
23320;1;0;0;0;0;1;1;1;1;0;129;0;770;2;0;0;0;0;0;-0.02168155275285244;-29;0
23330;1;0;0;0;0;1;1;1;1;0;145;0;792;2;0;0;0;0;0;-0.021548641845583916;-30;0
23341;1;0;0;0;0;1;1;1;1;0;175;0;812;2;0;0;0;0;0;-0.02141614630818367;-31;0
23352;1;0;0;0;0;1;1;1;1;0;191;0;834;2;0;0;0;0;0;-0.0212557353079319;-32;0
23362;1;0;0;0;0;1;1;1;1;0;206;0;856;2;0;0;0;0;0;-0.021080659702420235;-33;0
23372;1;0;0;0;0;1;1;1;1;0;222;0;876;2;0;0;0;0;0;-0.020909000188112259;-33;0
23382;1;0;0;0;0;1;1;1;1;0;222;0;896;2;0;0;0;0;0;-0.020724007859826088;-34;0
23393;1;0;0;0;0;1;1;1;1;0;255;0;916;2;0;0;0;0;0;-0.020526515319943428;-36;0
23403;1;0;0;0;0;1;1;1;1;0;271;0;938;2;0;0;0;0;0;-0.020292773842811584;-37;0
23414;1;0;0;0;0;1;1;1;1;0;271;0;958;2;0;0;0;0;0;-0.020066950470209122;-38;0
23424;1;0;0;0;0;1;1;1;1;0;306;0;980;2;0;0;0;0;0;-0.019802045077085495;-39;0
23435;1;0;0;0;0;1;1;1;1;0;325;0;1000;2;0;0;0;0;0;-0.019547054544091225;-40;0
23446;1;0;0;0;0;1;1;1;1;0;343;0;1022;2;0;0;0;0;0;-0.019249150529503822;-41;0
23457;1;0;0;0;0;1;1;1;1;0;363;0;1044;2;0;0;0;0;0;-0.018934747204184532;-42;0
23467;1;0;0;0;0;1;1;1;1;0;380;0;1066;2;0;0;0;0;0;-0.018602009862661362;-42;0
23478;1;0;0;0;0;1;1;1;1;0;380;0;1086;2;0;0;0;0;0;-0.0182853564620018;-42;0
23489;1;0;0;0;0;1;1;1;1;0;419;0;1108;2;0;0;0;0;0;-0.017919620499014854;-43;0
23500;1;0;0;0;0;1;1;1;1;0;439;0;1130;2;0;0;0;0;0;-0.017535552382469177;-43;0
23510;1;0;0;0;0;1;1;1;1;0;457;0;1152;2;0;0;0;0;0;-0.017133152112364769;-43;0
23521;1;0;0;0;0;1;1;1;1;0;477;0;1172;2;0;0;0;0;0;-0.0167523343116045;-43;0
23532;1;0;0;0;0;1;1;1;1;0;497;0;1194;2;0;0;0;0;0;-0.016315102577209473;-44;0
23542;1;0;0;0;0;1;1;1;1;0;515;0;1216;2;0;0;0;0;0;-0.015859536826610565;-44;0
23552;1;0;0;0;0;1;1;1;1;0;534;0;1236;2;0;0;0;0;0;-0.015430387109518051;-44;0
23563;1;0;0;0;0;1;1;1;1;0;554;0;1256;2;0;0;0;0;0;-0.014985404908657074;-45;0
23573;1;0;0;0;0;1;1;1;1;0;573;0;1278;2;0;0;0;0;0;-0.014477591961622238;-45;0
23583;1;0;0;0;0;1;1;1;1;0;591;0;1298;2;0;0;0;0;0;-0.014000111259520054;-45;0
23594;1;0;0;0;0;1;1;1;1;0;612;0;1318;2;0;0;0;0;0;-0.013507630676031113;-46;0
23604;1;0;0;0;0;1;1;1;1;0;631;0;1340;2;0;0;0;0;0;-0.012946653179824352;-46;0
23614;1;0;0;0;0;1;1;1;1;0;650;0;1360;2;0;0;0;0;0;-0.012420840561389923;-47;0
23625;1;0;0;0;0;1;1;1;1;0;650;0;1380;2;0;0;0;0;0;-0.011879195459187031;-47;0
23636;1;0;0;0;0;1;1;1;1;0;692;0;1402;2;0;0;0;0;0;-0.011264136992394924;-47;0
23646;1;0;0;0;0;1;1;1;1;0;711;0;1424;2;0;0;0;0;0;-0.01062982901930809;-48;0
23656;0;0;0;0;0;0;1;1;1;0;730;0;1444;2;0;0;0;0;0;0.00059247633907943964;-49;0
23667;0;0;0;0;0;0;1;1;1;0;751;0;1464;2;0;0;0;0;0;0.0012007853947579861;-49;0
23678;0;0;0;0;0;0;1;1;1;0;772;0;1486;2;0;0;0;0;0;0.00188917457126081;-50;0
23688;0;0;0;0;0;0;1;1;1;0;792;0;1508;2;0;0;0;0;0;0.0025968130212277174;-50;0
23699;0;0;0;0;0;0;1;1;1;0;813;0;1550;2;0;0;0;0;0;0.0040020067244768143;-51;0
23709;0;0;0;0;0;0;1;1;1;0;832;0;1550;2;0;0;0;0;0;0.0040020067244768143;-51;0
23720;0;0;0;0;0;0;1;1;1;0;854;0;1570;2;0;0;0;0;0;0.0046953121200203896;-52;0
23731;0;0;0;0;0;0;1;1;1;0;875;0;1592;2;0;0;0;0;0;0.0054781143553555012;-53;0
23742;0;0;0;0;0;0;1;1;1;0;875;0;1614;2;0;0;0;0;0;0.0062801656313240528;-53;0
23753;0;0;0;0;0;0;1;1;1;0;918;0;1636;2;0;0;0;0;0;0.0071023828350007534;-54;0
23763;0;0;0;0;0;0;1;1;1;0;938;0;1658;2;0;0;0;0;0;0.007943849079310894;-55;0
23775;0;0;0;0;0;0;1;1;1;0;938;0;1678;2;0;0;0;0;0;0.0087254848331213;-56;0
23786;0;0;0;0;0;0;1;1;1;0;983;0;1702;2;0;0;0;0;0;0.0096864467486739159;-56;0
23796;0;0;0;0;0;0;1;1;1;0;1002;0;1724;2;0;0;0;0;0;0.010587493889033794;-57;0
23806;0;0;0;0;0;0;1;1;1;0;1022;0;1744;2;0;0;0;0;0;0.011422460898756981;-58;0
23816;0;0;0;0;0;0;1;1;1;0;1022;0;1764;2;0;0;0;0;0;0.012274093925952911;-59;0
23827;0;0;0;0;0;0;1;1;1;0;1063;0;1784;2;0;0;0;0;0;0.013142392970621586;-60;0
23837;0;0;0;0;0;0;1;1;1;0;1083;0;1806;2;0;0;0;0;0;0.014116770587861538;-60;0
23847;0;0;0;0;0;0;1;1;1;0;1083;0;1826;2;0;0;0;0;0;0.015019234269857407;-61;0
23859;0;0;0;0;0;0;1;1;1;0;1103;0;1846;2;0;0;0;0;0;0.015938363969326019;-62;0
23870;0;0;0;0;0;0;1;1;1;0;1148;0;1870;2;0;0;0;0;0;0.017064318060874939;-63;0
23881;0;0;0;0;0;0;1;1;1;0;1170;0;1892;2;0;0;0;0;0;0.018116610124707222;-64;0
23891;0;0;0;0;0;0;1;1;1;0;1190;0;1914;2;0;0;0;0;0;0.019189067184925079;-65;0
23902;0;0;0;0;0;0;1;1;1;0;1212;0;1934;2;0;0;0;0;0;0.020180694758892059;-66;0
23912;0;0;0;0;0;0;1;1;1;0;1231;0;1956;2;0;0;0;0;0;0.021291650831699371;-67;0
23922;0;0;0;0;0;0;1;1;1;0;1251;0;1976;2;0;0;0;0;0;0.022317443042993546;-68;0
23932;0;0;0;0;0;0;1;1;1;0;1271;0;1996;2;0;0;0;0;0;0.023359902203083038;-69;0
23943;0;0;0;0;0;0;1;1;1;0;1271;0;2016;2;0;0;0;0;0;0.0244190264493227;-70;0
23954;0;0;0;0;0;0;1;1;1;0;1315;0;2038;2;0;0;0;0;0;0.025604229420423508;-71;0
23965;0;0;0;0;0;0;1;1;1;0;1315;0;2060;2;0;0;0;0;0;0.026809597387909889;-72;0
23977;0;0;0;0;0;0;1;1;1;0;1360;0;2082;2;0;0;0;0;0;0.028035132214426994;-73;0
23988;0;0;0;0;0;0;1;1;1;0;1360;0;2106;2;0;0;0;0;0;0.029395077377557755;-75;0
23998;0;0;0;0;0;0;1;1;1;0;1401;0;2128;2;0;0;0;0;0;0.030661860480904579;-75;0
24009;0;0;0;0;0;0;1;1;1;0;1422;0;2148;2;0;0;0;0;0;0.031829312443733215;-75;0
24019;0;0;0;0;0;0;1;1;1;0;1422;0;2170;2;0;0;0;0;0;0.033132761716842651;-75;0
24030;0;0;0;0;0;0;1;1;1;0;1462;0;2190;2;0;0;0;0;0;0.034333545714616776;-75;0
24041;0;0;0;0;0;0;1;1;1;0;1482;0;2234;2;0;0;0;0;0;0.0370321050286293;-76;0
24051;0;0;0;0;0;0;1;1;1;0;1501;0;2234;2;0;0;0;0;0;0.0370321050286293;-76;0
24063;0;0;0;0;0;0;1;1;1;0;1523;0;2254;2;0;0;0;0;0;0.038282889872789383;-76;0
24074;0;0;0;0;0;0;1;1;1;0;1523;0;2278;2;0;0;0;0;0;0.039805829524993896;-76;0
24085;0;0;0;0;0;0;1;1;1;0;1562;0;2300;2;0;0;0;0;0;0.041219271719455719;-77;0
24095;0;0;0;0;0;0;1;1;1;0;1580;0;2322;2;0;0;0;0;0;0.042651046067476273;-77;0
24105;0;0;0;0;0;0;1;1;1;0;1598;0;2342;2;0;0;0;0;0;0.043967660516500473;-77;0
24116;0;0;0;0;0;0;1;1;1;0;1598;0;2362;2;0;0;0;0;0;0.045299272984266281;-78;0
24126;0;0;0;0;0;0;1;1;1;0;1635;0;2384;2;0;0;0;0;0;0.046781465411186218;-78;0
24137;0;0;0;0;0;0;1;1;1;0;1654;0;2404;2;0;0;0;0;0;0.048143912106752396;-79;0
24146;0;0;0;0;0;0;1;1;1;0;1670;0;2426;2;0;0;0;0;0;0.04966001957654953;-79;0
24157;0;0;0;0;0;0;1;1;1;0;1689;0;2444;2;0;0;0;0;0;0.050912469625473022;-80;0
24167;0;0;0;0;0;0;1;1;1;0;1706;0;2466;2;0;0;0;0;0;0.052460659295320511;-80;0
24177;0;0;0;0;0;0;1;1;1;0;1724;0;2486;2;0;0;0;0;0;0.053882267326116562;-80;0
24188;0;0;0;0;0;0;1;1;1;0;1743;0;2506;2;0;0;0;0;0;0.055318877100944519;-81;0
24199;0;0;0;0;0;0;1;1;1;0;1761;0;2528;2;0;0;0;0;0;0.056916564702987671;-82;0
24210;0;0;0;0;0;0;1;1;1;0;1780;0;2550;2;0;0;0;0;0;0.058530751615762711;-82;0
24220;0;0;0;0;0;0;1;1;1;0;1797;0;2572;2;0;0;0;0;0;0.06016235426068306;-83;0
24231;0;0;0;0;0;0;1;1;1;0;1797;0;2592;2;0;0;0;0;0;0.0616597943007946;-83;0
24241;0;0;0;0;0;0;1;1;1;0;1833;0;2614;2;0;0;0;0;0;0.063324391841888428;-84;0
24253;0;0;0;0;0;0;1;1;1;0;1853;0;2634;2;0;0;0;0;0;0.064851827919483185;-85;0
24263;0;0;0;0;0;0;1;1;1;0;1853;0;2658;2;0;0;0;0;0;0.066704757511615753;-85;0
24274;0;0;0;0;0;0;1;1;1;0;1888;0;2700;2;0;0;0;0;0;0.069993630051612854;-87;0
24284;0;0;0;0;0;0;1;1;1;0;1905;0;2700;2;0;0;0;0;0;0.069993630051612854;-87;0
24296;0;0;0;0;0;0;1;1;1;0;1925;0;2720;2;0;0;0;0;0;0.071581065654754639;-87;0
24308;0;0;0;0;0;0;1;1;1;0;1945;0;2744;2;0;0;0;0;0;0.073505990207195282;-88;0
24319;0;0;0;0;0;0;1;1;1;0;1963;0;2768;2;0;0;0;0;0;0.075450912117958069;-89;0
24330;0;0;0;0;0;0;1;1;1;0;1963;0;2790;2;0;0;0;0;0;0.077250257134437561;-90;0
24340;0;0;0;0;0;0;1;1;1;0;1998;0;2812;2;0;0;0;0;0;0.079066097736358643;-90;0
24351;0;0;0;0;0;0;1;1;1;0;2016;0;2832;2;0;0;0;0;0;0.080731034278869629;-91;0
24361;0;0;0;0;0;0;1;1;1;0;2033;0;2854;2;0;0;0;0;0;0.082578957080841064;-92;0
24371;0;0;0;0;0;0;1;1;1;0;2050;0;2874;2;0;0;0;0;0;0.084273055195808411;-93;0
24382;0;0;0;0;0;0;1;1;1;0;2068;0;2894;2;0;0;0;0;0;0.085981316864490509;-94;0
24393;0;0;0;0;0;0;1;1;1;0;2086;0;2916;2;0;0;0;0;0;0.087876908481121063;-95;0
24403;0;0;0;0;0;0;1;1;1;0;2086;0;2938;2;0;0;0;0;0;0.0897889956831932;-96;0
24413;0;0;0;0;0;0;1;1;1;0;2119;0;2958;2;0;0;0;0;0;0.09154142439365387;-97;0
24424;0;0;0;0;0;0;1;1;1;0;2137;0;2978;2;0;0;0;0;0;0.093307189643383026;-98;0
24434;0;0;0;0;0;0;1;1;1;0;2154;0;3000;2;0;0;0;0;0;0.095266029238700867;-98;0
24444;0;0;0;0;0;0;1;1;1;0;2170;0;3020;2;0;0;0;0;0;0.097060956060886383;-99;0
24455;0;0;0;0;0;0;1;1;1;0;2188;0;3040;2;0;0;0;0;0;0.098869219422340393;-100;0
24465;0;0;0;0;0;0;1;1;1;0;2205;0;3062;2;0;0;0;0;0;0.10087480396032333;-100;0
24475;0;0;0;0;0;0;1;1;1;0;2221;0;3082;2;0;0;0;0;0;0.1027122288942337;-100;0
24484;0;0;0;0;0;0;1;1;1;0;2236;0;3102;2;0;0;0;0;0;0.10456299036741257;-100;0
24494;0;0;0;0;0;0;1;1;1;0;2236;0;3120;2;0;0;0;0;0;0.1062399223446846;-100;0
24505;0;0;0;0;0;0;1;1;1;0;2271;0;3140;2;0;0;0;0;0;0.10811734944581985;-100;0
24516;0;0;0;0;0;0;1;1;1;0;2288;0;3162;2;0;0;0;0;0;0.11019901931285858;-100;0
24526;0;0;0;0;0;0;1;1;1;0;2304;0;3184;2;0;0;0;0;0;0.11229626834392548;-100;0
24536;0;0;0;0;0;0;1;1;1;0;2320;0;3204;2;0;0;0;0;0;0.11421619355678558;-100;0
24546;0;0;0;0;0;0;1;1;1;0;2336;0;3224;2;0;0;0;0;0;0.11614944785833359;-100;0
24557;0;0;0;0;0;0;1;1;1;0;2353;0;3244;2;0;0;0;0;0;0.11809603869915009;-100;0
24568;0;0;0;0;0;0;1;1;1;0;2371;0;3266;2;0;0;0;0;0;0.12025287002325058;-100;0
24578;0;0;0;0;0;0;1;1;1;0;2386;0;3288;2;0;0;0;0;0;0.12242619693279266;-100;0
24589;0;0;0;0;0;0;1;1;1;0;2386;0;3308;2;0;0;0;0;0;0.12441445142030716;-100;0
24599;0;0;0;0;0;0;1;1;1;0;2420;0;3330;2;0;0;0;0;0;0.12661802768707275;-100;0
24609;0;0;0;0;0;0;1;1;1;0;2435;0;3350;2;0;0;0;0;0;0.12863461673259735;-100;0
24619;0;0;0;0;0;0;1;1;1;0;2451;0;3370;2;0;0;0;0;0;0.13066370785236359;-100;0
24629;0;0;0;0;0;0;1;1;1;0;2467;0;3390;2;0;0;0;0;0;0.13270612061023712;-100;0
24639;0;0;0;0;0;0;1;1;1;0;2483;0;3410;2;0;0;0;0;0;0.13476186990737915;-100;0
24651;0;0;0;0;0;0;1;1;1;0;2483;0;3430;2;0;0;0;0;0;0.13683095574378967;-100;0
24661;0;0;0;0;0;0;1;1;1;0;2502;0;3454;2;0;0;0;0;0;0.13933286070823669;-100;0
24671;0;0;0;0;0;0;1;1;1;0;2533;0;3474;2;0;0;0;0;0;0.14143027365207672;-100;0
24681;0;0;0;0;0;0;1;1;1;0;2549;0;3494;2;0;0;0;0;0;0.14354102313518524;-100;0
24692;0;0;0;0;0;0;1;1;1;0;2566;0;3514;2;0;0;0;0;0;0.14566510915756226;-100;0
24702;0;0;0;0;0;0;1;1;1;0;2582;0;3536;2;0;0;0;0;0;0.14801718294620514;-100;0
24712;0;0;0;0;0;0;1;1;1;0;2598;0;3556;2;0;0;0;0;0;0.1501687616109848;-100;0
24722;0;0;0;0;0;0;1;1;1;0;2614;0;3576;2;0;0;0;0;0;0.15233367681503296;-100;0
24733;0;0;0;0;0;0;1;1;1;0;2614;0;3596;2;0;0;0;0;0;0.15451192855834961;-100;0
24743;0;0;0;0;0;0;1;1;1;0;2647;0;3618;2;0;0;0;0;0;0.1569235771894455;-100;0
24753;0;0;0;0;0;0;1;1;1;0;2663;0;3638;2;0;0;0;0;0;0.15912932157516479;-100;0
24763;0;0;0;0;0;0;1;1;1;0;2679;0;3658;2;0;0;0;0;0;0.16134840250015259;-100;0
24775;0;0;0;0;0;0;1;1;1;0;2697;0;3678;2;0;0;0;0;0;0.16358081996440887;-100;0
24785;0;0;0;0;0;0;1;1;1;0;2713;0;3702;2;0;0;0;0;0;0.16627770662307739;-100;0
24795;0;0;0;0;0;0;1;1;1;0;2729;0;3722;2;0;0;0;0;0;0.16853845119476318;-100;0
24805;0;0;0;0;0;0;1;1;1;0;2745;0;3742;2;0;0;0;0;0;0.17081253230571747;-100;0
24815;0;0;0;0;0;0;1;1;1;0;2761;0;3762;2;0;0;0;0;0;0.17540067434310913;-100;0
24825;0;0;0;0;0;0;1;1;1;0;2777;0;3782;2;0;0;0;0;0;0.17540067434310913;-100;0
24837;0;0;0;0;0;0;1;1;1;0;2777;0;3802;2;0;0;0;0;0;0.1777147501707077;-100;0
24848;0;0;0;0;0;0;1;1;1;0;2795;0;3826;2;0;0;0;0;0;0.18050964176654816;-100;0
24860;0;0;0;0;0;0;1;1;1;0;2831;0;3848;2;0;0;0;0;0;0.18308812379837036;-100;0
24870;0;0;0;0;0;0;1;1;1;0;2847;0;3872;2;0;0;0;0;0;0.18591901659965515;-100;0
24880;0;0;0;0;0;0;1;1;1;0;2863;0;3892;2;0;0;0;0;0;0.18829141557216644;-100;0
24892;0;0;0;0;0;0;1;1;1;0;2882;0;3912;2;0;0;0;0;0;0.19067715108394623;-100;0
24902;0;0;0;0;0;0;1;1;1;0;2898;0;3936;2;0;0;0;0;0;0.19355903565883636;-100;0
24913;0;0;0;0;0;0;1;1;1;0;2915;0;3956;2;0;0;0;0;0;0.19597393274307251;-100;0
24923;0;0;0;0;0;0;1;1;1;0;2931;0;3978;2;0;0;0;0;0;0.19864590466022491;-100;0
24934;0;0;0;0;0;0;1;1;1;0;2949;0;3998;2;0;0;0;0;0;0.2010883092880249;-100;0
24945;0;0;0;0;0;0;1;1;1;0;2949;0;4000;2;0;0;0;0;0;0.20379145443439484;-100;0
24955;0;0;0;0;0;0;1;1;1;0;2979;0;4000;2;0;0;0;0;0;0.20650926232337952;-100;0
24966;0;0;0;0;0;0;1;1;1;0;2979;0;4000;2;0;0;0;0;0;0.20899166166782379;-100;0
24976;0;0;0;0;0;0;1;1;1;0;3005;0;4000;2;0;0;0;0;0;0.21173512935638428;-100;0
24988;0;0;0;0;0;0;1;1;1;0;3005;0;4000;2;0;0;0;0;0;0.21423919498920441;-100;0
24999;0;0;0;0;0;0;1;1;1;0;3030;0;4000;2;0;0;0;0;0;0.21725808084011078;-100;0
25009;0;0;0;0;0;0;1;1;1;0;3040;0;4000;2;0;0;0;0;0;0.22003546357154846;-100;0
25019;0;0;0;0;0;0;1;1;1;0;3049;0;4000;2;0;0;0;0;0;0.22256869077682495;-100;0
25029;0;0;0;0;0;0;1;1;1;0;3058;0;4000;2;0;0;0;0;0;0.22510942816734314;-100;0
25039;0;0;0;0;0;0;1;1;1;0;3066;0;4000;2;0;0;0;0;0;0.22765766084194183;-100;0
25049;0;0;0;0;0;0;1;1;1;0;3074;0;4000;2;0;0;0;0;0;0.23021255433559418;-100;0
25060;0;0;0;0;0;0;1;1;1;0;3081;0;4000;2;0;0;0;0;0;0.23277412354946136;-100;0
25071;0;0;0;0;0;0;1;1;1;0;3088;0;4000;2;0;0;0;0;0;0.23559826612472534;-100;0
25082;0;0;0;0;0;0;1;1;1;0;3095;0;4000;2;0;0;0;0;0;0.23842881619930267;-100;0
25093;0;0;0;0;0;0;1;1;1;0;3101;0;4000;2;0;0;0;0;0;0.24126578867435455;-100;0
25104;0;0;0;0;0;0;1;1;1;0;3101;0;4000;2;0;0;0;0;0;0.24410825967788696;-100;0
25115;0;0;0;0;0;0;1;1;1;0;3112;0;4000;2;0;0;0;0;0;0.2469562292098999;-100;0
25125;0;0;0;0;0;0;1;1;1;0;3117;0;4000;2;0;0;0;0;0;0.24980878829956055;-100;0
25136;0;0;0;0;0;0;1;1;1;0;3122;0;4000;2;0;0;0;0;0;0.25240617990493774;-100;0
25147;0;0;0;0;0;0;1;1;1;0;3122;0;4000;2;0;0;0;0;0;0.25526788830757141;-100;0
25159;0;0;0;0;0;0;1;1;1;0;3130;0;4000;2;0;0;0;0;0;0.25813326239585876;-100;0
25169;0;0;0;0;0;0;1;1;1;0;3134;0;4000;2;0;0;0;0;0;0.26126313209533691;-100;0
25180;0;0;0;0;0;0;1;1;1;0;3137;0;4000;2;0;0;0;0;0;0.26387467980384827;-100;0
25191;0;0;0;0;0;0;1;1;1;0;3140;0;4000;2;0;0;0;0;0;0.26675015687942505;-100;0
25203;0;0;0;0;0;0;1;1;1;0;3140;0;4000;2;0;0;0;0;0;0.2696283757686615;-100;0
25214;0;0;0;0;0;0;1;1;1;0;3146;0;4000;2;0;0;0;0;0;0.27277123928070068;-100;0
25225;0;0;0;0;0;0;1;1;1;0;3146;0;4000;2;0;0;0;0;0;0.27565497159957886;-100;0
25236;0;0;0;0;0;0;1;1;1;0;3151;0;4000;2;0;0;0;0;0;0.2785414457321167;-100;0
25246;0;0;0;0;0;0;1;1;1;0;3153;0;4000;2;0;0;0;0;0;0.28142973780632019;-100;0
25256;0;0;0;0;0;0;1;1;1;0;3153;0;4000;2;0;0;0;0;0;0.2840571403503418;-100;0
25266;0;0;0;0;0;0;1;1;1;0;3155;0;4000;2;0;0;0;0;0;0.28668621182441711;-100;0
25277;0;0;0;0;0;0;1;1;1;0;3158;0;4000;2;0;0;0;0;0;0.28931695222854614;-100;0
25287;0;0;0;0;0;0;1;1;1;0;3160;0;4000;2;0;0;0;0;0;0.29221168160438538;-100;0
25297;0;0;0;0;0;0;1;1;1;0;3161;0;4000;2;0;0;0;0;0;0.29484489560127258;-100;0
25307;0;0;0;0;0;0;1;1;1;0;3163;0;4000;2;0;0;0;0;0;0.29747894406318665;-100;0
25317;0;0;0;0;0;0;1;1;1;0;3164;0;4000;2;0;0;0;0;0;0.30011466145515442;-100;0
25327;0;0;0;0;0;0;1;1;1;0;3165;0;4000;2;0;0;0;0;0;0.30275121331214905;-100;0
25337;0;0;0;0;0;0;1;1;1;0;3166;0;4000;2;0;0;0;0;0;0.30538859963417053;-100;0
25347;0;0;0;0;0;0;1;1;1;0;3166;0;4000;2;0;0;0;0;0;0.30802682042121887;-100;0
25358;0;0;0;0;0;0;1;1;1;0;3168;0;4000;2;0;0;0;0;0;0.31066587567329407;-100;0
25369;0;0;0;0;0;0;1;1;1;0;3169;0;4000;2;0;0;0;0;0;0.31356975436210632;-100;0
25379;0;0;0;0;0;0;1;1;1;0;3170;0;4000;2;0;0;0;0;0;0.3164745569229126;-100;0
25389;0;0;0;0;0;0;1;1;1;0;3170;0;4000;2;0;0;0;0;0;0.31911611557006836;-100;0
25400;0;0;0;0;0;0;1;1;1;0;3171;0;4000;2;0;0;0;0;0;0.32175767421722412;-100;0
25410;0;0;0;0;0;0;1;1;1;0;3172;0;4000;2;0;0;0;0;0;0.32466429471969604;-100;0
25420;0;0;0;0;0;0;1;1;1;0;3172;0;4000;2;0;0;0;0;0;0.32730752229690552;-100;0
25429;0;0;0;0;0;0;1;1;1;0;3173;0;4000;2;0;0;0;0;0;0.329950749874115;-100;0
25441;0;0;0;0;0;0;1;1;1;0;3174;0;4000;2;0;0;0;0;0;0.33233040571212769;-100;0
25451;0;0;0;0;0;0;1;1;1;0;3174;0;4000;2;0;0;0;0;0;0.33550429344177246;-100;0
25463;0;0;0;0;0;0;1;1;1;0;3175;0;4000;2;0;0;0;0;0;0.33814918994903564;-100;0
25474;0;0;0;0;0;0;1;1;1;0;3175;0;4000;2;0;0;0;0;0;0.34132406115531921;-100;0
25484;0;0;0;0;0;0;1;1;1;0;3176;0;4000;2;0;0;0;0;0;0.34423434734344482;-100;0
25495;0;0;0;0;0;0;1;1;1;0;3176;0;4000;2;0;0;0;0;0;0.34688091278076172;-100;0
25506;0;0;0;0;0;0;1;1;1;0;3176;0;4000;2;0;0;0;0;0;0.34979212284088135;-100;0
25517;0;0;0;0;0;0;1;1;1;0;3177;0;4000;2;0;0;0;0;0;0.352703332901001;-100;0
25527;0;0;0;0;0;0;1;1;1;0;3177;0;4000;2;0;0;0;0;0;0.35561546683311462;-100;0
25537;0;0;0;0;0;0;1;1;1;0;3177;0;4000;2;0;0;0;0;0;0.36091026663780212;-100;0
25547;0;0;0;0;0;0;1;1;1;0;3178;0;4000;2;0;0;0;0;0;0.36091026663780212;-100;0
25558;0;0;0;0;0;0;1;1;1;0;3178;0;4000;2;0;0;0;0;0;0.36355850100517273;-100;0
25569;0;0;0;0;0;0;1;1;1;0;3178;0;4000;2;0;0;0;0;0;0.3664715588092804;-100;0
25580;0;0;0;0;0;0;1;1;1;0;3179;0;4000;2;0;0;0;0;0;0.36938461661338806;-100;0
25590;0;0;0;0;0;0;1;1;1;0;3179;0;4000;2;0;0;0;0;0;0.37229859828948975;-100;0
25601;0;0;0;0;0;0;1;1;1;0;3179;0;4000;2;0;0;0;0;0;0.37494766712188721;-100;0
25611;0;0;0;0;0;0;1;1;1;0;3179;0;4000;2;0;0;0;0;0;0.3778616189956665;-100;0
25621;0;0;0;0;0;0;1;1;1;0;3180;0;4000;2;0;0;0;0;0;0.38051152229309082;-100;0
25631;0;0;0;0;0;0;1;1;1;0;3180;0;4000;2;0;0;0;0;0;0.38316142559051514;-100;0
25641;0;0;0;0;0;0;1;1;1;0;3180;0;4000;2;0;0;0;0;0;0.38581132888793945;-100;0
25651;0;0;0;0;0;0;1;1;1;0;3181;0;4000;2;0;0;0;0;0;0.38846123218536377;-100;0
25662;0;0;0;0;0;0;1;1;1;0;3181;0;4000;2;0;0;0;0;0;0.39111196994781494;-100;0
25674;0;0;0;0;0;0;1;1;1;0;3181;0;4000;2;0;0;0;0;0;0.39402776956558228;-100;0
25686;0;0;0;0;0;0;1;1;1;0;3181;0;4000;2;0;0;0;0;0;0.39720863103866577;-100;0
25696;0;0;0;0;0;0;1;1;1;0;3182;0;4000;2;0;0;0;0;0;0.40039050579071045;-100;0
25706;0;0;0;0;0;0;1;1;1;0;3182;0;4000;2;0;0;0;0;0;0.40304207801818848;-100;0
25717;0;0;0;0;0;0;1;1;1;0;3182;0;4000;2;0;0;0;0;0;0.4056936502456665;-100;0
25727;0;0;0;0;0;0;1;1;1;0;3183;0;4000;2;0;0;0;0;0;0.40861037373542786;-100;0
25737;0;0;0;0;0;0;1;1;1;0;3183;0;4000;2;0;0;0;0;0;0.41126278042793274;-100;0
25747;0;0;0;0;0;0;1;1;1;0;3183;0;4000;2;0;0;0;0;0;0.41391518712043762;-100;0
25758;0;0;0;0;0;0;1;1;1;0;3183;0;4000;2;0;0;0;0;0;0.4165675938129425;-100;0
25768;0;0;0;0;0;0;1;1;1;0;3184;0;4000;2;0;0;0;0;0;0.41948524117469788;-100;0
25778;0;0;0;0;0;0;1;1;1;0;3184;0;4000;2;0;0;0;0;0;0.42213848233222961;-100;0
25789;0;0;0;0;0;0;1;1;1;0;3184;0;4000;2;0;0;0;0;0;0.42479172348976135;-100;0
25799;0;0;0;0;0;0;1;1;1;0;3185;0;4000;2;0;0;0;0;0;0.42771026492118835;-100;0
25811;0;0;0;0;0;0;1;1;1;0;3185;0;4000;2;0;0;0;0;0;0.43036431074142456;-100;0
25822;0;0;0;0;0;0;1;1;1;0;3185;0;4000;2;0;0;0;0;0;0.4335491955280304;-100;0
25833;0;0;0;0;0;0;1;1;1;0;3186;0;4000;2;0;0;0;0;0;0.43646866083145142;-100;0
25843;0;0;0;0;0;0;1;1;1;0;3186;0;4000;2;0;0;0;0;0;0.43938905000686646;-100;0
25853;0;0;0;0;0;0;1;1;1;0;3186;0;4000;2;0;0;0;0;0;0.44204393029212952;-100;0
25864;0;0;0;0;0;0;1;1;1;0;3186;0;4000;2;0;0;0;0;0;0.44469881057739258;-100;0
25874;0;0;0;0;0;0;1;1;1;0;3187;0;4000;2;0;0;0;0;0;0.44762012362480164;-100;0
25885;0;0;0;0;0;0;1;1;1;0;3187;0;4000;2;0;0;0;0;0;0.45027583837509155;-100;0
25895;0;0;0;0;0;0;1;1;1;0;3188;0;4000;2;0;0;0;0;0;0.45319715142250061;-100;0
25906;0;0;0;0;0;0;1;1;1;0;3188;0;4000;2;0;0;0;0;0;0.45585370063781738;-100;0
25917;0;0;0;0;0;0;1;1;1;0;3188;0;4000;2;0;0;0;0;0;0.45877590775489807;-100;0
25927;0;0;0;0;0;0;1;1;1;0;3189;0;4000;2;0;0;0;0;0;0.46169811487197876;-100;0
25937;0;0;0;0;0;0;1;1;1;0;3189;0;4000;2;0;0;0;0;0;0.46435549855232239;-100;0
25946;0;0;0;0;0;0;1;1;1;0;3190;0;4000;2;0;0;0;0;0;0.46940529346466064;-100;0
25956;0;0;0;0;0;0;1;1;1;0;3190;0;4000;2;0;0;0;0;0;0.46940529346466064;-100;0
25967;0;0;0;0;0;0;1;1;1;0;3190;0;4000;2;0;0;0;0;0;0.47206351161003113;-100;0
25978;0;0;0;0;0;0;1;1;1;0;3191;0;4000;2;0;0;0;0;0;0.47498756647109985;-100;0
25988;0;0;1;0;0;0;0;1;1;0;3191;0;4000;2;0;0;0;0;0;5.002924919128418;-100;0
25999;0;0;1;0;0;0;0;1;1;0;3191;0;4000;2;0;0;0;0;0;5.0055837631225586;-100;0
26009;0;0;1;0;0;0;0;1;1;0;3191;0;4000;2;0;0;0;0;0;5.0085086822509766;-100;0
26020;0;0;1;0;0;0;0;1;1;0;3192;0;4000;2;0;0;0;0;0;5.0111684799194336;-100;0
26030;0;0;1;0;0;0;0;1;1;0;3192;0;4000;2;0;0;0;0;0;5.014094352722168;-100;0
26039;0;0;1;0;0;0;0;1;1;0;3193;0;4000;2;0;0;0;0;0;5.0167551040649414;-100;0
26050;0;0;1;0;0;0;0;1;1;0;3193;0;4000;2;0;0;0;0;0;5.0191497802734375;-100;0
26061;0;0;1;0;0;0;0;1;1;0;3194;0;4000;2;0;0;0;0;0;5.0220766067504883;-100;0
26071;0;0;1;0;0;0;0;1;1;0;3194;0;4000;2;0;0;0;0;0;5.0250043869018555;-100;0
26081;0;0;1;0;0;0;0;1;1;0;3195;0;4000;2;0;0;0;0;0;5.0276660919189453;-100;0
26092;0;0;1;0;0;0;0;1;1;0;3195;0;4000;2;0;0;0;0;0;5.0303282737731934;-100;0
26102;0;0;1;0;0;0;0;1;1;0;3195;0;4000;2;0;0;0;0;0;5.033257007598877;-100;0
26112;0;0;1;0;0;0;0;1;1;0;3196;0;4000;2;0;0;0;0;0;5.0385823249816895;-100;0
26123;0;0;1;0;0;0;0;1;1;0;3196;0;4000;2;0;0;0;0;0;5.0385823249816895;-100;0
26134;0;0;1;0;0;0;0;1;1;0;3197;0;4000;2;0;0;0;0;0;5.0415120124816895;-100;0
26143;0;0;1;0;0;0;0;1;1;0;3197;0;4000;2;0;0;0;0;0;5.0444426536560059;-100;0
26154;0;0;1;0;0;0;0;1;1;0;3197;0;4000;2;0;0;0;0;0;5.0468401908874512;-100;0
26165;0;0;1;0;0;0;0;1;1;0;3198;0;4000;2;0;0;0;0;0;5.0497708320617676;-100;0
26175;0;0;1;0;0;0;0;1;1;0;3198;0;4000;2;0;0;0;0;0;5.0527024269104;-100;0
26186;0;0;1;0;0;0;0;1;1;0;3199;0;4000;2;0;0;0;0;0;5.0553674697875977;-100;0
26196;0;0;1;0;0;0;0;1;1;0;3199;0;4000;2;0;0;0;0;0;5.0582995414733887;-100;0
26206;0;0;1;0;0;0;0;1;1;0;3200;0;4000;2;0;0;0;0;0;5.0609650611877441;-100;0
26217;0;0;1;0;0;0;0;1;1;0;3200;0;4000;2;0;0;0;0;0;5.063631534576416;-100;0
26229;0;0;1;0;0;0;0;1;1;0;3200;0;4000;2;0;0;0;0;0;5.0665645599365234;-100;0
26239;0;0;1;0;0;0;0;1;1;0;3199;0;4000;2;0;0;0;0;0;5.0697646141052246;-100;0
26248;0;0;1;0;0;0;0;1;1;0;3199;0;4000;2;0;0;0;0;0;5.07243013381958;-100;0
26260;0;0;1;0;0;0;0;1;1;0;3198;0;4000;2;0;0;0;0;0;5.0748291015625;-100;0
26269;0;0;1;0;0;0;0;1;1;0;3198;0;4000;2;0;0;0;0;0;5.07802677154541;-100;0
26281;0;0;1;0;0;0;0;1;1;0;3198;0;4000;2;0;0;0;0;0;5.0804252624511719;-100;0
26291;0;0;1;0;0;0;0;1;1;0;3197;0;4000;2;0;0;0;0;0;5.083622932434082;-100;0
26301;0;0;1;0;0;0;0;1;1;0;3197;0;4000;2;0;0;0;0;0;5.0862870216369629;-100;0
26312;0;0;1;0;0;0;0;1;1;0;3197;0;4000;2;0;0;0;0;0;5.0889511108398438;-100;0
26323;0;0;1;0;0;0;0;1;1;0;3196;0;4000;2;0;0;0;0;0;5.0918807983398438;-100;0
26335;0;0;1;0;0;0;0;1;1;0;3196;0;4000;2;0;0;0;0;0;5.0948104858398438;-100;0
26345;0;0;1;0;0;0;0;1;1;0;3195;0;4000;2;0;0;0;0;0;5.0980062484741211;-100;0
26355;0;0;1;0;0;0;0;1;1;0;3195;0;4000;2;0;0;0;0;0;5.1006684303283691;-100;0
26366;0;0;1;0;0;0;0;1;1;0;3195;0;4000;2;0;0;0;0;0;5.1033306121826172;-100;0
26376;0;0;1;0;0;0;0;1;1;0;3194;0;4000;2;0;0;0;0;0;5.1062593460083008;-100;0
26387;0;0;1;0;0;0;0;1;1;0;3194;0;4000;2;0;0;0;0;0;5.1089210510253906;-100;0
26398;0;0;1;0;0;0;0;1;1;0;3194;0;4000;2;0;0;0;0;0;5.1118488311767578;-100;0
26409;0;0;1;0;0;0;0;1;1;0;3193;0;4000;2;0;0;0;0;0;5.114776611328125;-100;0
26419;0;0;1;0;0;0;0;1;1;0;3193;0;4000;2;0;0;0;0;0;5.1177034378051758;-100;0
26431;0;0;1;0;0;0;0;1;1;0;3193;0;4000;2;0;0;0;0;0;5.1203641891479492;-100;0
26440;0;0;1;0;0;0;0;1;1;0;3192;0;4000;2;0;0;0;0;0;5.1235570907592773;-100;0
26451;0;0;1;0;0;0;0;1;1;0;3192;0;4000;2;0;0;0;0;0;5.125950813293457;-100;0
26462;0;0;1;0;0;0;0;1;1;0;3192;0;4000;2;0;0;0;0;0;5.1288766860961914;-100;0
26474;0;0;1;0;0;0;0;1;1;0;3191;0;4000;2;0;0;0;0;0;5.1318025588989258;-100;0
26484;0;0;1;0;0;0;0;1;1;0;3191;0;4000;2;0;0;0;0;0;5.1349935531616211;-100;0
26495;0;0;1;0;0;0;0;1;1;0;3191;0;4000;2;0;0;0;0;0;5.1376523971557617;-100;0
26505;0;0;1;0;0;0;0;1;1;0;3191;0;4000;2;0;0;0;0;0;5.14057731628418;-100;0
26515;0;0;1;0;0;0;0;1;1;0;3190;0;4000;2;0;0;0;0;0;5.14323616027832;-100;0
26526;0;0;1;0;0;0;0;1;1;0;3190;0;4000;2;0;0;0;0;0;5.1458945274353027;-100;0
26537;0;0;1;0;0;0;0;1;1;0;3190;0;4000;2;0;0;0;0;0;5.1488184928894043;-100;0
26548;0;0;1;0;0;0;0;1;1;0;3190;0;4000;2;0;0;0;0;0;5.1517424583435059;-100;0
26559;0;0;1;0;0;0;0;1;1;0;3189;0;4000;2;0;0;0;0;0;5.1546664237976074;-100;0
26570;0;0;1;0;0;0;0;1;1;0;3189;0;4000;2;0;0;0;0;0;5.1575894355773926;-100;0
26582;0;0;1;0;0;0;0;1;1;0;3189;0;4000;2;0;0;0;0;0;5.1605124473571777;-100;0
26592;0;0;1;0;0;0;0;1;1;0;3189;0;4000;2;0;0;0;0;0;5.16370153427124;-100;0
26602;0;0;1;0;0;0;0;1;1;0;3189;0;4000;2;0;0;0;0;0;5.1663589477539063;-100;0
26613;0;0;1;0;0;0;0;1;1;0;3188;0;4000;2;0;0;0;0;0;5.1690163612365723;-100;0
26623;0;0;1;0;0;0;0;1;1;0;3188;0;4000;2;0;0;0;0;0;5.171938419342041;-100;0
26633;0;0;1;0;0;0;0;1;1;0;3188;0;4000;2;0;0;0;0;0;5.1745948791503906;-100;0
26644;0;0;1;0;0;0;0;1;1;0;3188;0;4000;2;0;0;0;0;0;5.180173397064209;-100;0
26655;0;0;1;0;0;0;0;1;1;0;3188;0;4000;2;0;0;0;0;0;5.180173397064209;-100;0
26665;0;0;1;0;0;0;0;1;1;0;3188;0;4000;2;0;0;0;0;0;5.1830954551696777;-100;0
26675;0;0;1;0;0;0;0;1;1;0;3188;0;4000;2;0;0;0;0;0;5.1857519149780273;-100;0
26686;0;0;1;0;0;0;0;1;1;0;3187;0;4000;2;0;0;0;0;0;5.188408374786377;-100;0
26696;0;0;1;0;0;0;0;1;1;0;3187;0;4000;2;0;0;0;0;0;5.1913294792175293;-100;0
26706;0;0;1;0;0;0;0;1;1;0;3187;0;4000;2;0;0;0;0;0;5.1939849853515625;-100;0
26717;0;0;1;0;0;0;0;1;1;0;3187;0;4000;2;0;0;0;0;0;5.1966404914855957;-100;0
26728;0;0;1;0;0;0;0;1;1;0;3187;0;4000;2;0;0;0;0;0;5.199561595916748;-100;0
26738;0;0;1;0;0;0;0;1;1;0;3187;0;4000;2;0;0;0;0;0;5.2024827003479;-100;0
26749;0;0;1;0;0;0;0;1;1;0;3187;0;4000;2;0;0;0;0;0;5.2051382064819336;-100;0
26759;0;0;1;0;0;0;0;1;1;0;3187;0;4000;2;0;0;0;0;0;5.2080593109130859;-100;0
26770;0;0;1;0;0;0;0;1;1;0;3187;0;4000;2;0;0;0;0;0;5.2107148170471191;-100;0
26781;0;0;1;0;0;0;0;1;1;0;3187;0;4000;2;0;0;0;0;0;5.2136359214782715;-100;0
26791;0;0;1;0;0;0;0;1;1;0;3187;0;4000;2;0;0;0;0;0;5.2165570259094238;-100;0
26802;0;0;1;0;0;0;0;1;1;0;3187;0;4000;2;0;0;0;0;0;5.219212532043457;-100;0
26813;0;0;1;0;0;0;0;1;1;0;3187;0;4000;2;0;0;0;0;0;5.2221336364746094;-100;0
26824;0;0;1;0;0;0;0;1;1;0;3187;0;4000;2;0;0;0;0;0;5.2250547409057617;-100;0
26834;0;0;1;0;0;0;0;1;1;0;3187;0;4000;2;0;0;0;0;0;5.2279758453369141;-100;0
26845;0;0;1;0;0;0;0;1;1;0;3187;0;4000;2;0;0;0;0;0;5.2306313514709473;-100;0
26856;0;0;1;0;0;0;0;1;1;0;3187;0;4000;2;0;0;0;0;0;5.2335524559021;-100;0
26867;0;0;1;0;0;0;0;1;1;0;3187;0;4000;2;0;0;0;0;0;5.236473560333252;-100;0
26877;0;0;1;0;0;0;0;1;1;0;3187;0;4000;2;0;0;0;0;0;5.2393946647644043;-100;0
26887;0;0;1;0;0;0;0;1;1;0;3187;0;4000;2;0;0;0;0;0;5.2420501708984375;-100;0
26898;0;0;1;0;0;0;0;1;1;0;3187;0;4000;2;0;0;0;0;0;5.2447056770324707;-100;0
26908;0;0;1;0;0;0;0;1;1;0;3187;0;4000;2;0;0;0;0;0;5.247626781463623;-100;0
26918;0;0;1;0;0;0;0;1;1;0;3187;0;4000;2;0;0;0;0;0;5.2502822875976563;-100;0
26930;0;0;1;0;0;0;0;1;1;0;3187;0;4000;2;0;0;0;0;0;5.2529377937316895;-100;0
26940;0;0;1;0;0;0;0;1;1;0;3188;0;4000;2;0;0;0;0;0;5.2561244964599609;-100;0
26950;0;0;1;0;0;0;0;1;1;0;3188;0;4000;2;0;0;0;0;0;5.2587809562683105;-100;0
26961;0;0;1;0;0;0;0;1;1;0;3188;0;4000;2;0;0;0;0;0;5.26143741607666;-100;0
26971;0;0;1;0;0;0;0;1;1;0;3188;0;4000;2;0;0;0;0;0;5.2643594741821289;-100;0
26981;0;0;1;0;0;0;0;1;1;0;3188;0;4000;2;0;0;0;0;0;5.2670159339904785;-100;0
26991;0;0;1;0;0;0;0;1;1;0;3188;0;4000;2;0;0;0;0;0;5.2696723937988281;-100;0
27002;0;0;1;0;0;0;0;1;1;0;3188;0;4000;2;0;0;0;0;0;5.2723288536071777;-100;0
27012;0;0;1;0;0;0;0;1;1;0;3189;0;4000;2;0;0;0;0;0;5.2752509117126465;-100;0
27023;0;0;1;0;0;0;0;1;1;0;3189;0;4000;2;0;0;0;0;0;5.2779083251953125;-100;0
27033;0;0;1;0;0;0;0;1;1;0;3189;0;4000;2;0;0;0;0;0;5.2808313369750977;-100;0
27043;0;0;1;0;0;0;0;1;1;0;3189;0;4000;2;0;0;0;0;0;5.2834887504577637;-100;0
27053;0;0;1;0;0;0;0;1;1;0;3189;0;4000;2;0;0;0;0;0;5.28614616394043;-100;0
27064;0;0;1;0;0;0;0;1;1;0;3189;0;4000;2;0;0;0;0;0;5.2888035774230957;-100;0
27074;0;0;1;0;0;0;0;1;1;0;3190;0;4000;2;0;0;0;0;0;5.2917265892028809;-100;0
27084;0;0;1;0;0;0;0;1;1;0;3190;0;4000;2;0;0;0;0;0;5.2943849563598633;-100;0
27094;0;0;1;0;0;0;0;1;1;0;3190;0;4000;2;0;0;0;0;0;5.2970433235168457;-100;0
27104;0;0;1;0;0;0;0;1;1;0;3190;0;4000;2;0;0;0;0;0;5.2997016906738281;-100;0
27116;0;0;1;0;0;0;0;1;1;0;3190;0;4000;2;0;0;0;0;0;5.3023600578308105;-100;0
27127;0;0;1;0;0;0;0;1;1;0;3191;0;4000;2;0;0;0;0;0;5.3055500984191895;-100;0
27138;0;0;1;0;0;0;0;1;1;0;3191;0;4000;2;0;0;0;0;0;5.3084750175476074;-100;0
27148;0;0;1;0;0;0;0;1;1;0;3191;0;4000;2;0;0;0;0;0;5.3113999366760254;-100;0
27158;0;0;1;0;0;0;0;1;1;0;3191;0;4000;2;0;0;0;0;0;5.314058780670166;-100;0
27169;0;0;1;0;0;0;0;1;1;0;3192;0;4000;2;0;0;0;0;0;5.3167176246643066;-100;0
27180;0;0;1;0;0;0;0;1;1;0;3192;0;4000;2;0;0;0;0;0;5.319643497467041;-100;0
27190;0;0;1;0;0;0;0;1;1;0;3192;0;4000;2;0;0;0;0;0;5.3225693702697754;-100;0
27200;0;0;1;0;0;0;0;1;1;0;3192;0;4000;2;0;0;0;0;0;5.3252291679382324;-100;0
27210;0;0;1;0;0;0;0;1;1;0;3193;0;4000;2;0;0;0;0;0;5.3278889656066895;-100;0
27220;0;0;1;0;0;0;0;1;1;0;3193;0;4000;2;0;0;0;0;0;5.3305497169494629;-100;0
27231;0;0;1;0;0;0;0;1;1;0;3193;0;4000;2;0;0;0;0;0;5.3332104682922363;-100;0
27241;0;0;1;0;0;0;0;1;1;0;3194;0;4000;2;0;0;0;0;0;5.3361372947692871;-100;0
27252;0;0;1;0;0;0;0;1;1;0;3194;0;4000;2;0;0;0;0;0;5.338798999786377;-100;0
27262;0;0;1;0;0;0;0;1;1;0;3194;0;4000;2;0;0;0;0;0;5.3417267799377441;-100;0
27273;0;0;1;0;0;0;0;1;1;0;3194;0;4000;2;0;0;0;0;0;5.344388484954834;-100;0
27283;0;0;1;0;0;0;0;1;1;0;3195;0;4000;2;0;0;0;0;0;5.3473162651062012;-100;0
27293;0;0;1;0;0;0;0;1;1;0;3195;0;4000;2;0;0;0;0;0;5.3499784469604492;-100;0
27303;0;0;1;0;0;0;0;1;1;0;3195;0;4000;2;0;0;0;0;0;5.3526406288146973;-100;0
27314;0;0;1;0;0;0;0;1;1;0;3196;0;4000;2;0;0;0;0;0;5.3553028106689453;-100;0
27324;0;0;1;0;0;0;0;1;1;0;3196;0;4000;2;0;0;0;0;0;5.3582324981689453;-100;0
27337;0;0;1;0;0;0;0;1;1;0;3196;0;4000;2;0;0;0;0;0;5.36089563369751;-100;0
27347;0;0;1;0;0;0;0;1;1;0;3197;0;4000;2;0;0;0;0;0;5.3643579483032227;-100;0
27357;0;0;1;0;0;0;0;1;1;0;3197;0;4000;2;0;0;0;0;0;5.3670220375061035;-100;0
27368;0;0;1;0;0;0;0;1;1;0;3197;0;4000;2;0;0;0;0;0;5.3696861267089844;-100;0
27379;0;0;1;0;0;0;0;1;1;0;3197;0;4000;2;0;0;0;0;0;5.3726167678833008;-100;0
27390;0;0;1;0;0;0;0;1;1;0;3198;0;4000;2;0;0;0;0;0;5.3755474090576172;-100;0
27399;0;0;1;0;0;0;0;1;1;0;3198;0;4000;2;0;0;0;0;0;5.37847900390625;-100;0
27410;0;0;1;0;0;0;0;1;1;0;3198;0;4000;2;0;0;0;0;0;5.3808774948120117;-100;0
27420;0;0;1;0;0;0;0;1;1;0;3198;0;4000;2;0;0;0;0;0;5.3838090896606445;-100;0
27431;0;0;1;0;0;0;0;1;1;0;3199;0;4000;2;0;0;0;0;0;5.386474609375;-100;0
27441;0;0;1;0;0;0;0;1;1;0;3199;0;4000;2;0;0;0;0;0;5.389406681060791;-100;0
27451;0;0;1;0;0;0;0;1;1;0;3200;0;4000;2;0;0;0;0;0;5.3920722007751465;-100;0
27461;0;0;1;0;0;0;0;1;1;0;3200;0;4000;2;0;0;0;0;0;5.3947386741638184;-100;0
27472;0;0;1;0;0;0;0;1;1;0;3200;0;4000;2;0;0;0;0;0;5.39740514755249;-100;0
27484;0;0;1;0;0;0;0;1;1;0;3200;0;4000;2;0;0;0;0;0;5.4003381729125977;-100;0
27493;0;0;1;0;0;0;0;1;1;0;3199;0;4000;2;0;0;0;0;0;5.4035382270812988;-100;0
27505;0;0;1;0;0;0;0;1;1;0;3199;0;4000;2;0;0;0;0;0;5.4059371948242188;-100;0
27518;0;0;1;0;0;0;0;1;1;0;3199;0;4000;2;0;0;0;0;0;5.4091362953186035;-100;0
27529;0;0;1;0;0;0;0;1;1;0;3198;0;4000;2;0;0;0;0;0;5.4126019477844238;-100;0
27539;0;0;1;0;0;0;0;1;1;0;3198;0;4000;2;0;0;0;0;0;5.4155335426330566;-100;0
27550;0;0;1;0;0;0;0;1;1;0;3198;0;4000;2;0;0;0;0;0;5.4181985855102539;-100;0
27562;0;0;1;0;0;0;0;1;1;0;3198;0;4000;2;0;0;0;0;0;5.4211301803588867;-100;0
27572;0;0;1;0;0;0;0;1;1;0;3197;0;4000;2;0;0;0;0;0;5.4243268966674805;-100;0
27582;0;0;1;0;0;0;0;1;1;0;3197;0;4000;2;0;0;0;0;0;5.4269909858703613;-100;0
27592;0;0;1;0;0;0;0;1;1;0;3196;0;4000;2;0;0;0;0;0;5.4296550750732422;-100;0
27603;0;0;1;0;0;0;0;1;1;0;3196;0;4000;2;0;0;0;0;0;5.4323182106018066;-100;0
27615;0;0;1;0;0;0;0;1;1;0;3196;0;4000;2;0;0;0;0;0;5.4352478981018066;-100;0
27626;0;0;1;0;0;0;0;1;1;0;3196;0;4000;2;0;0;0;0;0;5.438443660736084;-100;0
27637;0;0;1;0;0;0;0;1;1;0;3196;0;4000;2;0;0;0;0;0;5.441373348236084;-100;0
27648;0;0;1;0;0;0;0;1;1;0;3195;0;4000;2;0;0;0;0;0;5.4443020820617676;-100;0
27659;0;0;1;0;0;0;0;1;1;0;3195;0;4000;2;0;0;0;0;0;5.4472308158874512;-100;0
27669;0;0;1;0;0;0;0;1;1;0;3194;0;4000;2;0;0;0;0;0;5.4501595497131348;-100;0
27679;0;0;1;0;0;0;0;1;1;0;3194;0;4000;2;0;0;0;0;0;5.4528212547302246;-100;0
27689;0;0;1;0;0;0;0;1;1;0;3194;0;4000;2;0;0;0;0;0;5.4554829597473145;-100;0
27700;0;0;1;0;0;0;0;1;1;0;3194;0;4000;2;0;0;0;0;0;5.4581446647644043;-100;0
27710;0;0;1;0;0;0;0;1;1;0;3194;0;4000;2;0;0;0;0;0;5.4610724449157715;-100;0
27720;0;0;1;0;0;0;0;1;1;0;3193;0;4000;2;0;0;0;0;0;5.4637341499328613;-100;0
27731;0;0;1;0;0;0;0;1;1;0;3193;0;4000;2;0;0;0;0;0;5.4663949012756348;-100;0
27741;0;0;1;0;0;0;0;1;1;0;3193;0;4000;2;0;0;0;0;0;5.4693217277526855;-100;0
27752;0;0;1;0;0;0;0;1;1;0;3193;0;4000;2;0;0;0;0;0;5.471982479095459;-100;0
27762;0;0;1;0;0;0;0;1;1;0;3192;0;4000;2;0;0;0;0;0;5.47490930557251;-100;0
27773;0;0;1;0;0;0;0;1;1;0;3192;0;4000;2;0;0;0;0;0;5.4775691032409668;-100;0
27783;0;0;1;0;0;0;0;1;1;0;3192;0;4000;2;0;0;0;0;0;5.4804949760437012;-100;0
27793;0;0;1;0;0;0;0;1;1;0;3192;0;4000;2;0;0;0;0;0;5.4831547737121582;-100;0
27803;0;0;1;0;0;0;0;1;1;0;3192;0;4000;2;0;0;0;0;0;5.4858145713806152;-100;0
27814;0;0;1;0;0;0;0;1;1;0;3191;0;4000;2;0;0;0;0;0;5.4884743690490723;-100;0
27824;0;0;1;0;0;0;0;1;1;0;3191;0;4000;2;0;0;0;0;0;5.49139928817749;-100;0
27835;0;0;1;0;0;0;0;1;1;0;3191;0;4000;2;0;0;0;0;0;5.4940581321716309;-100;0
27846;0;0;1;0;0;0;0;1;1;0;3191;0;4000;2;0;0;0;0;0;5.4969830513000488;-100;0
27856;0;0;1;0;0;0;0;1;1;0;3191;0;4000;2;0;0;0;0;0;5.4999079704284668;-100;0
27866;0;0;1;0;0;0;0;1;1;0;3191;0;4000;2;0;0;0;0;0;5.5025668144226074;-100;0
27876;0;0;1;0;0;0;0;1;1;0;3191;0;4000;2;0;0;0;0;0;5.505225658416748;-100;0
27887;0;0;1;0;0;0;0;1;1;0;3190;0;4000;2;0;0;0;0;0;5.51080846786499;-100;0
27898;0;0;1;0;0;0;0;1;1;0;3190;0;4000;2;0;0;0;0;0;5.51080846786499;-100;0
27908;0;0;1;0;0;0;0;1;1;0;3190;0;4000;2;0;0;0;0;0;5.5137324333190918;-100;0
27920;0;0;1;0;0;0;0;1;1;0;3190;0;4000;2;0;0;0;0;0;5.5195808410644531;-100;0
27931;0;0;1;0;0;0;0;1;1;0;3190;0;4000;2;0;0;0;0;0;5.5195808410644531;-100;0
27941;0;0;1;0;0;0;0;1;1;0;3190;0;4000;2;0;0;0;0;0;5.5225048065185547;-100;0
27951;0;0;1;0;0;0;0;1;1;0;3190;0;4000;2;0;0;0;0;0;5.5251631736755371;-100;0
27962;0;0;1;0;0;0;0;1;1;0;3190;0;4000;2;0;0;0;0;0;5.5278215408325195;-100;0
27973;0;0;1;0;0;0;0;1;1;0;3190;0;4000;2;0;0;0;0;0;5.5307455062866211;-100;0
27984;0;0;1;0;0;0;0;1;1;0;3190;0;4000;2;0;0;0;0;0;5.5336694717407227;-100;0
27995;0;0;1;0;0;0;0;1;1;0;3190;0;4000;2;0;0;0;0;0;5.5365934371948242;-100;0
28006;0;0;1;0;0;0;0;1;1;0;3190;0;4000;2;0;0;0;0;0;5.5395174026489258;-100;0
28017;0;0;1;0;0;0;0;1;1;0;3189;0;4000;2;0;0;0;0;0;5.5424404144287109;-100;0
28028;0;0;1;0;0;0;0;1;1;0;3189;0;4000;2;0;0;0;0;0;5.5453634262084961;-100;0
28038;0;0;1;0;0;0;0;1;1;0;3189;0;4000;2;0;0;0;0;0;5.5482864379882813;-100;0
28049;0;0;1;0;0;0;0;1;1;0;3189;0;4000;2;0;0;0;0;0;5.5509438514709473;-100;0
28059;0;0;1;0;0;0;0;1;1;0;3189;0;4000;2;0;0;0;0;0;5.5538668632507324;-100;0
28070;0;0;1;0;0;0;0;1;1;0;3189;0;4000;2;0;0;0;0;0;5.5565242767333984;-100;0
28081;0;0;1;0;0;0;0;1;1;0;3189;0;4000;2;0;0;0;0;0;5.5594472885131836;-100;0
28090;0;0;1;0;0;0;0;1;1;0;3189;0;4000;2;0;0;0;0;0;5.5623703002929688;-100;0
28102;0;0;1;0;0;0;0;1;1;0;3189;0;4000;2;0;0;0;0;0;5.5647621154785156;-100;0
28112;0;0;1;0;0;0;0;1;1;0;3189;0;4000;2;0;0;0;0;0;5.5679512023925781;-100;0
28122;0;0;1;0;0;0;0;1;1;0;3189;0;4000;2;0;0;0;0;0;5.5706086158752441;-100;0
28133;0;0;1;0;0;0;0;1;1;0;3190;0;4000;2;0;0;0;0;0;5.57326602935791;-100;0
28143;0;0;1;0;0;0;0;1;1;0;3190;0;4000;2;0;0;0;0;0;5.5761899948120117;-100;0
28154;0;0;1;0;0;0;0;1;1;0;3190;0;4000;2;0;0;0;0;0;5.5788483619689941;-100;0
28163;0;0;1;0;0;0;0;1;1;0;3190;0;4000;2;0;0;0;0;0;5.5817723274230957;-100;0
28175;0;0;1;0;0;0;0;1;1;0;3190;0;4000;2;0;0;0;0;0;5.5841646194458008;-100;0
28185;0;0;1;0;0;0;0;1;1;0;3190;0;4000;2;0;0;0;0;0;5.58735466003418;-100;0
28194;0;0;1;0;0;0;0;1;1;0;3190;0;4000;2;0;0;0;0;0;5.5900130271911621;-100;0
28205;0;0;1;0;0;0;0;1;1;0;3190;0;4000;2;0;0;0;0;0;5.5924053192138672;-100;0
28216;0;0;1;0;0;0;0;1;1;0;3190;0;4000;2;0;0;0;0;0;5.5953292846679688;-100;0
28227;0;0;1;0;0;0;0;1;1;0;3190;0;4000;2;0;0;0;0;0;5.59825325012207;-100;0
28237;0;0;1;0;0;0;0;1;1;0;3190;0;4000;2;0;0;0;0;0;5.6011772155761719;-100;0
28248;0;0;1;0;0;0;0;1;1;0;3190;0;4000;2;0;0;0;0;0;5.6038355827331543;-100;0
28258;0;0;1;0;0;0;0;1;1;0;3191;0;4000;2;0;0;0;0;0;5.6067605018615723;-100;0
28269;0;0;1;0;0;0;0;1;1;0;3191;0;4000;2;0;0;0;0;0;5.6094193458557129;-100;0
28279;0;0;1;0;0;0;0;1;1;0;3191;0;4000;2;0;0;0;0;0;5.6123442649841309;-100;0
28288;0;0;1;0;0;0;0;1;1;0;3191;0;4000;2;0;0;0;0;0;5.6150031089782715;-100;0
28299;0;0;1;0;0;0;0;1;1;0;3191;0;4000;2;0;0;0;0;0;5.617396354675293;-100;0
28310;0;0;1;0;0;0;0;1;1;0;3191;0;4000;2;0;0;0;0;0;5.6203212738037109;-100;0
28320;0;0;1;0;0;0;0;1;1;0;3191;0;4000;2;0;0;0;0;0;5.6232461929321289;-100;0
28331;0;0;1;0;0;0;0;1;1;0;3192;0;4000;2;0;0;0;0;0;5.6259059906005859;-100;0
28341;0;0;1;0;0;0;0;1;1;0;3192;0;4000;2;0;0;0;0;0;5.62883186340332;-100;0
28351;0;0;1;0;0;0;0;1;1;0;3192;0;4000;2;0;0;0;0;0;5.6314916610717773;-100;0
28362;0;0;1;0;0;0;0;1;1;0;3192;0;4000;2;0;0;0;0;0;5.6341514587402344;-100;0
28372;0;0;1;0;0;0;0;1;1;0;3193;0;4000;2;0;0;0;0;0;5.6370773315429688;-100;0
28383;0;0;1;0;0;0;0;1;1;0;3193;0;4000;2;0;0;0;0;0;5.6397380828857422;-100;0
28395;0;0;1;0;0;0;0;1;1;0;3193;0;4000;2;0;0;0;0;0;5.642664909362793;-100;0
28405;0;0;1;0;0;0;0;1;1;0;3193;0;4000;2;0;0;0;0;0;5.6458578109741211;-100;0
28416;0;0;1;0;0;0;0;1;1;0;3193;0;4000;2;0;0;0;0;0;5.6485185623168945;-100;0
28427;0;0;1;0;0;0;0;1;1;0;3194;0;4000;2;0;0;0;0;0;5.6514453887939453;-100;0
28438;0;0;1;0;0;0;0;1;1;0;3194;0;4000;2;0;0;0;0;0;5.6543731689453125;-100;0
28448;0;0;1;0;0;0;0;1;1;0;3194;0;4000;2;0;0;0;0;0;5.65730094909668;-100;0
28459;0;0;1;0;0;0;0;1;1;0;3194;0;4000;2;0;0;0;0;0;5.6599626541137695;-100;0
28470;0;0;1;0;0;0;0;1;1;0;3194;0;4000;2;0;0;0;0;0;5.6628904342651367;-100;0
28480;0;0;1;0;0;0;0;1;1;0;3194;0;4000;2;0;0;0;0;0;5.6658182144165039;-100;0
28491;0;0;1;0;0;0;0;1;1;0;3195;0;4000;2;0;0;0;0;0;5.668480396270752;-100;0
28501;0;0;1;0;0;0;0;1;1;0;3195;0;4000;2;0;0;0;0;0;5.6714091300964355;-100;0
28512;0;0;1;0;0;0;0;1;1;0;3195;0;4000;2;0;0;0;0;0;5.6740713119506836;-100;0
28523;0;0;1;0;0;0;0;1;1;0;3196;0;4000;2;0;0;0;0;0;5.6772661209106445;-100;0
28534;0;0;1;0;0;0;0;1;1;0;3196;0;4000;2;0;0;0;0;0;5.679929256439209;-100;0
28545;0;0;1;0;0;0;0;1;1;0;3196;0;4000;2;0;0;0;0;0;5.682858943939209;-100;0
28555;0;0;1;0;0;0;0;1;1;0;3196;0;4000;2;0;0;0;0;0;5.685788631439209;-100;0
28565;0;0;1;0;0;0;0;1;1;0;3197;0;4000;2;0;0;0;0;0;5.6884517669677734;-100;0
28575;0;0;1;0;0;0;0;1;1;0;3197;0;4000;2;0;0;0;0;0;5.6911158561706543;-100;0
28585;0;0;1;0;0;0;0;1;1;0;3197;0;4000;2;0;0;0;0;0;5.696444034576416;-100;0
28596;0;0;1;0;0;0;0;1;1;0;3197;0;4000;2;0;0;0;0;0;5.696444034576416;-100;0
28607;0;0;1;0;0;0;0;1;1;0;3198;0;4000;2;0;0;0;0;0;5.6993746757507324;-100;0
28617;0;0;1;0;0;0;0;1;1;0;3198;0;4000;2;0;0;0;0;0;5.7023062705993652;-100;0
28628;0;0;1;0;0;0;0;1;1;0;3198;0;4000;2;0;0;0;0;0;5.7049713134765625;-100;0
28637;0;0;1;0;0;0;0;1;1;0;3198;0;4000;2;0;0;0;0;0;5.7079029083251953;-100;0
28649;0;0;1;0;0;0;0;1;1;0;3199;0;4000;2;0;0;0;0;0;5.7103018760681152;-100;0
28659;0;0;1;0;0;0;0;1;1;0;3199;0;4000;2;0;0;0;0;0;5.7135009765625;-100;0
28670;0;0;1;0;0;0;0;1;1;0;3199;0;4000;2;0;0;0;0;0;5.7161664962768555;-100;0
28681;0;0;1;0;0;0;0;1;1;0;3200;0;4000;2;0;0;0;0;0;5.7190985679626465;-100;0
28691;0;0;1;0;0;0;0;1;1;0;3200;0;4000;2;0;0;0;0;0;5.7220315933227539;-100;0
28702;0;0;1;0;0;0;0;1;1;0;3200;0;4000;2;0;0;0;0;0;5.7246980667114258;-100;0
28712;0;0;1;0;0;0;0;1;1;0;3200;0;4000;2;0;0;0;0;0;5.7276310920715332;-100;0
28722;0;0;1;0;0;0;0;1;1;0;3199;0;4000;2;0;0;0;0;0;5.7302975654602051;-100;0
28732;0;0;1;0;0;0;0;1;1;0;3199;0;4000;2;0;0;0;0;0;5.7329630851745605;-100;0
28742;0;0;1;0;0;0;0;1;1;0;3199;0;4000;2;0;0;0;0;0;5.735628604888916;-100;0
28753;0;0;1;0;0;0;0;1;1;0;3199;0;4000;2;0;0;0;0;0;5.7382941246032715;-100;0
28763;0;0;1;0;0;0;0;1;1;0;3198;0;4000;2;0;0;0;0;0;5.74389123916626;-100;0
28774;0;0;1;0;0;0;0;1;1;0;3198;0;4000;2;0;0;0;0;0;5.74389123916626;-100;0
28784;0;0;1;0;0;0;0;1;1;0;3198;0;4000;2;0;0;0;0;0;5.7468228340148926;-100;0
28794;0;0;1;0;0;0;0;1;1;0;3198;0;4000;2;0;0;0;0;0;5.74948787689209;-100;0
28805;0;0;1;0;0;0;0;1;1;0;3198;0;4000;2;0;0;0;0;0;5.7521529197692871;-100;0
28816;0;0;1;0;0;0;0;1;1;0;3197;0;4000;2;0;0;0;0;0;5.75508451461792;-100;0
28827;0;0;1;0;0;0;0;1;1;0;3197;0;4000;2;0;0;0;0;0;5.7580151557922363;-100;0
28837;0;0;1;0;0;0;0;1;1;0;3197;0;4000;2;0;0;0;0;0;5.7609457969665527;-100;0
28848;0;0;1;0;0;0;0;1;1;0;3197;0;4000;2;0;0;0;0;0;5.7636098861694336;-100;0
28860;0;0;1;0;0;0;0;1;1;0;3196;0;4000;2;0;0;0;0;0;5.76654052734375;-100;0
28870;0;0;1;0;0;0;0;1;1;0;3196;0;4000;2;0;0;0;0;0;5.7697362899780273;-100;0
28881;0;0;1;0;0;0;0;1;1;0;3196;0;4000;2;0;0;0;0;0;5.7753291130065918;-100;0
28892;0;0;1;0;0;0;0;1;1;0;3196;0;4000;2;0;0;0;0;0;5.7753291130065918;-100;0
28903;0;0;1;0;0;0;0;1;1;0;3196;0;4000;2;0;0;0;0;0;5.7782588005065918;-100;0
28913;0;0;1;0;0;0;0;1;1;0;3195;0;4000;2;0;0;0;0;0;5.78385066986084;-100;0
28925;0;0;1;0;0;0;0;1;1;0;3195;0;4000;2;0;0;0;0;0;5.78385066986084;-100;0
28934;0;0;1;0;0;0;0;1;1;0;3195;0;4000;2;0;0;0;0;0;5.7870454788208008;-100;0
28945;0;0;1;0;0;0;0;1;1;0;3195;0;4000;2;0;0;0;0;0;5.7894415855407715;-100;0
28955;0;0;1;0;0;0;0;1;1;0;3195;0;4000;2;0;0;0;0;0;5.7923703193664551;-100;0
28966;0;0;1;0;0;0;0;1;1;0;3194;0;4000;2;0;0;0;0;0;5.7950325012207031;-100;0
28977;0;0;1;0;0;0;0;1;1;0;3194;0;4000;2;0;0;0;0;0;5.79796028137207;-100;0
28988;0;0;1;0;0;0;0;1;1;0;3194;0;4000;2;0;0;0;0;0;5.8008880615234375;-100;0
28999;0;0;1;0;0;0;0;1;1;0;3194;0;4000;2;0;0;0;0;0;5.8038158416748047;-100;0
29009;0;0;1;0;0;0;0;1;1;0;3194;0;4000;2;0;0;0;0;0;5.8067436218261719;-100;0
29020;0;0;1;0;0;0;0;1;1;0;3194;0;4000;2;0;0;0;0;0;5.8094053268432617;-100;0
29030;0;0;1;0;0;0;0;1;1;0;3194;0;4000;2;0;0;0;0;0;5.8123331069946289;-100;0
29039;0;0;1;0;0;0;0;1;1;0;3193;0;4000;2;0;0;0;0;0;5.8149938583374023;-100;0
29050;0;0;1;0;0;0;0;1;1;0;3193;0;4000;2;0;0;0;0;0;5.8203153610229492;-100;0
29060;0;0;1;0;0;0;0;1;1;0;3193;0;4000;2;0;0;0;0;0;5.8203153610229492;-100;0
29072;0;0;1;0;0;0;0;1;1;0;3193;0;4000;2;0;0;0;0;0;5.8229761123657227;-100;0
29084;0;0;1;0;0;0;0;1;1;0;3193;0;4000;2;0;0;0;0;0;5.8293619155883789;-100;0
29095;0;0;1;0;0;0;0;1;1;0;3193;0;4000;2;0;0;0;0;0;5.8293619155883789;-100;0
29107;0;0;1;0;0;0;0;1;1;0;3193;0;4000;2;0;0;0;0;0;5.83228874206543;-100;0
29116;0;0;1;0;0;0;0;1;1;0;3192;0;4000;2;0;0;0;0;0;5.8354816436767578;-100;0
29127;0;0;1;0;0;0;0;1;1;0;3192;0;4000;2;0;0;0;0;0;5.8378753662109375;-100;0
29137;0;0;1;0;0;0;0;1;1;0;3192;0;4000;2;0;0;0;0;0;5.8408012390136719;-100;0
29147;0;0;1;0;0;0;0;1;1;0;3192;0;4000;2;0;0;0;0;0;5.8434610366821289;-100;0
29158;0;0;1;0;0;0;0;1;1;0;3192;0;4000;2;0;0;0;0;0;5.8461208343505859;-100;0
29168;0;0;1;0;0;0;0;1;1;0;3192;0;4000;2;0;0;0;0;0;5.84904670715332;-100;0
29178;0;0;1;0;0;0;0;1;1;0;3192;0;4000;2;0;0;0;0;0;5.8517065048217773;-100;0
29188;0;0;1;0;0;0;0;1;1;0;3192;0;4000;2;0;0;0;0;0;5.8543663024902344;-100;0
29199;0;0;1;0;0;0;0;1;1;0;3192;0;4000;2;0;0;0;0;0;5.8570261001586914;-100;0
29209;0;0;1;0;0;0;0;1;1;0;3192;0;4000;2;0;0;0;0;0;5.8626117706298828;-100;0
29221;0;0;1;0;0;0;0;1;1;0;3192;0;4000;2;0;0;0;0;0;5.8626117706298828;-100;0
29231;0;0;1;0;0;0;0;1;1;0;3192;0;4000;2;0;0;0;0;0;5.8658037185668945;-100;0
29242;0;0;1;0;0;0;0;1;1;0;3192;0;4000;2;0;0;0;0;0;5.8684635162353516;-100;0
29252;0;0;1;0;0;0;0;1;1;0;3192;0;4000;2;0;0;0;0;0;5.8713893890380859;-100;0
29263;0;0;1;0;0;0;0;1;1;0;3192;0;4000;2;0;0;0;0;0;5.874049186706543;-100;0
29273;0;0;1;0;0;0;0;1;1;0;3192;0;4000;2;0;0;0;0;0;5.8769750595092773;-100;0
29283;0;0;1;0;0;0;0;1;1;0;3192;0;4000;2;0;0;0;0;0;5.8796348571777344;-100;0
29293;0;0;1;0;0;0;0;1;1;0;3192;0;4000;2;0;0;0;0;0;5.8822946548461914;-100;0
29303;0;0;1;0;0;0;0;1;1;0;3192;0;4000;2;0;0;0;0;0;5.8849544525146484;-100;0
29314;0;0;1;0;0;0;0;1;1;0;3192;0;4000;2;0;0;0;0;0;5.8876142501831055;-100;0
29325;0;1;0;0;0;0;0;0;1;0;3192;0;1000;2;0;0;0;0;0;15.002925872802734;-100;0
29335;0;1;0;0;0;0;0;0;1;0;3188;0;1000;2;0;0;0;0;0;15.005849838256836;-100;0
29345;0;1;0;0;0;0;0;0;1;0;3188;0;1000;2;0;0;0;0;0;15.008506774902344;-100;0
29357;0;1;0;0;0;0;0;0;1;0;3184;0;1000;2;0;0;0;0;0;15.011159896850586;-100;0
29367;0;1;0;0;0;0;0;0;1;0;3173;0;1000;2;0;0;0;0;0;15.014337539672852;-100;0
29378;0;1;0;0;0;0;0;0;1;0;3165;0;1000;2;0;0;0;0;0;15.017246246337891;-100;0
29388;0;1;0;0;0;0;0;0;1;0;3158;0;1000;2;0;0;0;0;0;15.01988410949707;-100;0
29399;0;1;0;0;0;0;0;0;1;0;3149;0;1000;2;0;0;0;0;0;15.022515296936035;-100;0
29410;0;1;0;0;0;0;0;0;1;0;3139;0;1000;2;0;0;0;0;0;15.025402069091797;-100;0
29421;0;1;0;0;0;0;0;0;1;0;3128;0;1000;2;0;0;0;0;0;15.028279304504395;-100;0
29433;0;1;0;0;0;0;0;0;1;0;3115;0;1000;2;0;0;0;0;0;15.031146049499512;-100;0
29444;0;1;0;0;0;0;0;0;1;0;3103;0;1000;2;0;0;0;0;0;15.034260749816895;-100;0
29454;0;1;0;0;0;0;0;0;1;0;3091;0;1000;2;0;0;0;0;0;15.037104606628418;-100;0
29465;0;1;0;0;0;0;0;0;1;0;3091;0;1000;2;0;0;0;0;0;15.039680480957031;-100;0
29476;0;1;0;0;0;0;0;0;1;0;3064;0;1000;2;0;0;0;0;0;15.042501449584961;-100;0
29487;0;1;0;0;0;0;0;0;1;0;3049;0;1000;2;0;0;0;0;0;15.045310020446777;-100;0
29497;0;1;0;0;0;0;0;0;1;0;3036;0;1000;2;0;0;0;0;0;15.048105239868164;-100;0
29508;0;1;0;0;0;0;0;0;1;0;3021;0;1000;2;0;0;0;0;0;15.05063533782959;-100;0
29518;0;1;0;0;0;0;0;0;1;0;3006;0;1000;2;0;0;0;0;0;15.053404808044434;-100;0
29529;0;1;0;0;0;0;0;0;1;0;2990;0;1000;2;0;0;0;0;0;15.055910110473633;-100;0
29540;0;1;0;0;0;0;0;0;1;0;2974;0;1000;2;0;0;0;0;0;15.058650970458984;-100;0
29550;0;1;0;0;0;0;0;0;1;0;2958;0;1000;2;0;0;0;0;0;15.061376571655273;-100;0
29560;0;1;0;0;0;0;0;0;1;0;2943;0;1000;2;0;0;0;0;0;15.063841819763184;-100;0
29571;0;1;0;0;0;0;0;0;1;0;2925;0;1000;2;0;0;0;0;0;15.06629467010498;-100;0
29582;0;1;0;0;0;0;0;0;1;0;2908;0;1000;2;0;0;0;0;0;15.068975448608398;-100;0
29592;0;1;0;0;0;0;0;0;1;0;2892;0;1000;2;0;0;0;0;0;15.071640968322754;-100;0
29602;0;1;0;0;0;0;0;0;1;0;2875;0;1000;2;0;0;0;0;0;15.074050903320313;-100;0
29613;0;1;0;0;0;0;0;0;1;0;2857;0;1000;2;0;0;0;0;0;15.076446533203125;-100;0
29625;0;1;0;0;0;0;0;0;1;0;2837;0;1000;2;0;0;0;0;0;15.079065322875977;-100;0
29637;0;1;0;0;0;0;0;0;1;0;2837;0;1000;2;0;0;0;0;0;15.081902503967285;-100;0
29647;0;1;0;0;0;0;0;0;1;0;2816;0;1000;2;0;0;0;0;0;15.084718704223633;-100;0
29657;0;1;0;0;0;0;0;0;1;0;2799;0;1000;2;0;0;0;0;0;15.087051391601563;-100;0
29668;0;1;0;0;0;0;0;0;1;0;2760;0;1000;2;0;0;0;0;0;15.089367866516113;-100;0
29678;0;1;0;0;0;0;0;0;1;0;2741;0;1000;2;0;0;0;0;0;15.091897964477539;-100;0
29688;0;1;0;0;0;0;0;0;1;0;2723;0;1000;2;0;0;0;0;0;15.094182014465332;-100;0
29699;0;1;0;0;0;0;0;0;1;0;2723;0;1000;2;0;0;0;0;0;15.096450805664063;-100;0
29709;0;1;0;0;0;0;0;0;1;0;2702;0;1000;2;0;0;0;0;0;15.09892749786377;-100;0
29719;0;1;0;0;0;0;0;0;1;0;2664;0;1000;2;0;0;0;0;0;15.101162910461426;-100;0
29730;0;1;0;0;0;0;0;0;1;0;2643;0;1000;2;0;0;0;0;0;15.10338306427002;-100;0
29741;0;1;0;0;0;0;0;0;1;0;2622;0;1000;2;0;0;0;0;0;15.105805397033691;-100;0
29752;0;1;0;0;0;0;0;0;1;0;2600;0;1000;2;0;0;0;0;0;15.108208656311035;-100;0
29762;0;1;0;0;0;0;0;0;1;0;2581;0;1000;2;0;0;0;0;0;15.110591888427734;-100;0
29773;0;1;0;0;0;0;0;0;1;0;2560;0;1000;2;0;0;0;0;0;15.11274242401123;-100;0
29783;0;1;0;0;0;0;0;0;1;0;2560;0;1000;2;0;0;0;0;0;15.115089416503906;-100;0
29794;0;1;0;0;0;0;0;0;1;0;2518;0;1000;2;0;0;0;0;0;15.117205619812012;-100;0
29804;0;1;0;0;0;0;0;0;1;0;2499;0;1000;2;0;0;0;0;0;15.119513511657715;-100;0
29815;0;1;0;0;0;0;0;0;1;0;2477;0;1000;2;0;0;0;0;0;15.121596336364746;-100;0
29825;0;1;0;0;0;0;0;0;1;0;2457;0;1000;2;0;0;0;0;0;15.123867034912109;-100;0
29835;0;1;0;0;0;0;0;0;1;0;2437;0;1000;2;0;0;0;0;0;15.125914573669434;-100;0
29846;0;1;0;0;0;0;0;0;1;0;2415;0;1000;2;0;0;0;0;0;15.127944946289063;-100;0
29856;0;1;0;0;0;0;0;0;1;0;2395;0;1000;2;0;0;0;0;0;15.130158424377441;-100;0
29867;0;1;0;0;0;0;0;0;1;0;2374;0;1000;2;0;0;0;0;0;15.13215446472168;-100;0
29877;0;1;0;0;0;0;0;0;1;0;2354;0;1000;2;0;0;0;0;0;15.134330749511719;-100;0
29887;0;1;0;0;0;0;0;0;1;0;2334;0;1000;2;0;0;0;0;0;15.136292457580566;-100;0
29898;0;1;0;0;0;0;0;0;1;0;2334;0;1000;2;0;0;0;0;0;15.138236999511719;-100;0
29910;0;1;0;0;0;0;0;0;1;0;2287;0;1000;2;0;0;0;0;0;15.140356063842773;-100;0
29920;0;1;0;0;0;0;0;0;1;0;2267;0;1000;2;0;0;0;0;0;15.142642974853516;-100;0
29931;0;1;0;0;0;0;0;0;1;0;2245;0;1000;2;0;0;0;0;0;15.144532203674316;-100;0
29941;0;1;0;0;0;0;0;0;1;0;2225;0;1000;2;0;0;0;0;0;15.146590232849121;-100;0
29951;0;1;0;0;0;0;0;0;1;0;2205;0;1000;2;0;0;0;0;0;15.148444175720215;-100;0
29961;0;1;0;0;0;0;0;0;1;0;2185;0;1000;2;0;0;0;0;0;15.15028190612793;-100;0
29971;0;1;0;0;0;0;0;0;1;0;2165;0;1000;2;0;0;0;0;0;15.152102470397949;-100;0
29982;0;1;0;0;0;0;0;0;1;0;2142;0;1000;2;0;0;0;0;0;15.15390682220459;-100;0
29993;0;1;0;0;0;0;0;0;1;0;2120;0;1000;2;0;0;0;0;0;15.15587043762207;-100;0
30003;0;1;0;0;0;0;0;0;1;0;2100;0;1000;2;0;0;0;0;0;15.157814025878906;-100;0
30015;0;1;0;0;0;0;0;0;1;0;2076;0;1000;2;0;0;0;0;0;15.159564018249512;-100;0
30026;0;1;0;0;0;0;0;0;1;0;2076;0;1000;2;0;0;0;0;0;15.161640167236328;-100;0
30036;0;1;0;0;0;0;0;0;1;0;2054;0;1000;2;0;0;0;0;0;15.163522720336914;-100;0
30046;0;1;0;0;0;0;0;0;1;0;2013;0;1000;2;0;0;0;0;0;15.165216445922852;-100;0
30057;0;1;0;0;0;0;0;0;1;0;2013;0;1000;2;0;0;0;0;0;15.16689395904541;-100;0
30068;0;1;0;0;0;0;0;0;1;0;1991;0;1000;2;0;0;0;0;0;15.168719291687012;-100;0
30078;0;1;0;0;0;0;0;0;1;0;1949;0;1000;2;0;0;0;0;0;15.170524597167969;-100;0
30088;0;1;0;0;0;0;0;0;1;0;1928;0;1000;2;0;0;0;0;0;15.172148704528809;-100;0
30098;0;1;0;0;0;0;0;0;1;0;1928;0;1000;2;0;0;0;0;0;15.173755645751953;-100;0
30109;0;1;0;0;0;0;0;0;1;0;1886;0;1000;2;0;0;0;0;0;15.175345420837402;-100;0
30119;0;1;0;0;0;0;0;0;1;0;1866;0;1000;2;0;0;0;0;0;15.177074432373047;-100;0
30130;0;1;0;0;0;0;0;0;1;0;1844;0;1000;2;0;0;0;0;0;15.178628921508789;-100;0
30140;0;1;0;0;0;0;0;0;1;0;1824;0;1000;2;0;0;0;0;0;15.180318832397461;-100;0
30150;0;1;0;0;0;0;0;0;1;0;1804;0;1000;2;0;0;0;0;0;15.181838989257813;-100;0
30160;0;1;0;0;0;0;0;0;1;0;1783;0;1000;2;0;0;0;0;0;15.183341979980469;-100;0
30171;0;1;0;0;0;0;0;0;1;0;1761;0;1000;2;0;0;0;0;0;15.186442375183105;-100;0
30181;0;1;0;0;0;0;0;0;1;0;1741;0;1000;2;0;0;0;0;0;15.186442375183105;-100;0
30193;0;1;0;0;0;0;0;0;1;0;1717;0;1000;2;0;0;0;0;0;15.187892913818359;-100;0
30205;0;1;0;0;0;0;0;0;1;0;1693;0;1000;2;0;0;0;0;0;15.189609527587891;-100;0
30215;0;1;0;0;0;0;0;0;1;0;1673;0;1000;2;0;0;0;0;0;15.192696571350098;-100;0
30225;0;1;0;0;0;0;0;0;1;0;1653;0;1000;2;0;0;0;0;0;15.192696571350098;-100;0
30236;0;1;0;0;0;0;0;0;1;0;1631;0;1000;2;0;0;0;0;0;15.194073677062988;-100;0
30246;0;1;0;0;0;0;0;0;1;0;1611;0;1000;2;0;0;0;0;0;15.195569038391113;-100;0
30257;0;1;0;0;0;0;0;0;1;0;1589;0;1000;2;0;0;0;0;0;15.196911811828613;-100;0
30268;0;1;0;0;0;0;0;0;1;0;1567;0;1000;2;0;0;0;0;0;15.198368072509766;-100;0
30278;0;1;0;0;0;0;0;0;1;0;1567;0;1000;2;0;0;0;0;0;15.199804306030273;-100;0
30289;0;1;0;0;0;0;0;0;1;0;1525;0;1000;2;0;0;0;0;0;15.201093673706055;-100;0
30299;0;1;0;0;0;0;0;0;1;0;1505;0;1000;2;0;0;0;0;0;15.202491760253906;-100;0
30309;0;1;0;0;0;0;0;0;1;0;1485;0;1000;2;0;0;0;0;0;15.20374584197998;-100;0
30320;0;1;0;0;0;0;0;0;1;0;1485;0;1000;2;0;0;0;0;0;15.204983711242676;-100;0
30330;0;1;0;0;0;0;0;0;1;0;1463;0;1000;2;0;0;0;0;0;15.206324577331543;-100;0
30342;0;1;0;0;0;0;0;0;1;0;1419;0;1000;2;0;0;0;0;0;15.207527160644531;-100;0
30352;0;1;0;0;0;0;0;0;1;0;1399;0;1000;2;0;0;0;0;0;15.208946228027344;-100;0
30363;0;1;0;0;0;0;0;0;1;0;1378;0;1000;2;0;0;0;0;0;15.210111618041992;-100;0
30373;0;1;0;0;0;0;0;0;1;0;1358;0;1000;2;0;0;0;0;0;15.211374282836914;-100;0
30384;0;1;0;0;0;0;0;0;1;0;1336;0;1000;2;0;0;0;0;0;15.212506294250488;-100;0
30394;0;1;0;0;0;0;0;0;1;0;1316;0;1000;2;0;0;0;0;0;15.213730812072754;-100;0
30405;0;1;0;0;0;0;0;0;1;0;1316;0;1000;2;0;0;0;0;0;15.214827537536621;-100;0
30415;0;1;0;0;0;0;0;0;1;0;1274;0;1000;2;0;0;0;0;0;15.21601390838623;-100;0
30427;0;1;0;0;0;0;0;0;1;0;1251;0;1000;2;0;0;0;0;0;15.217075347900391;-100;0
30438;0;1;0;0;0;0;0;0;1;0;1251;0;1000;2;0;0;0;0;0;15.218326568603516;-100;0
30450;0;1;0;0;0;0;0;0;1;0;1205;0;1000;2;0;0;0;0;0;15.219452857971191;-100;0
30462;0;1;0;0;0;0;0;0;1;0;1182;0;1000;2;0;0;0;0;0;15.220657348632813;-100;0
30473;0;1;0;0;0;0;0;0;1;0;1160;0;1000;2;0;0;0;0;0;15.22183895111084;-100;0
30483;0;1;0;0;0;0;0;0;1;0;1140;0;1000;2;0;0;0;0;0;15.222902297973633;-100;0
30493;0;1;0;0;0;0;0;0;1;0;1120;0;1000;2;0;0;0;0;0;15.223852157592773;-100;0
30503;0;1;0;0;0;0;0;0;1;0;1101;0;1000;2;0;0;0;0;0;15.225703239440918;-100;0
30513;0;1;0;0;0;0;0;0;1;0;1081;0;1000;2;0;0;0;0;0;15.225703239440918;-100;0
30523;0;1;0;0;0;0;0;0;1;0;1063;0;1000;2;0;0;0;0;0;15.226604461669922;-100;0
30533;0;1;0;0;0;0;0;0;1;0;1063;0;1000;2;0;0;0;0;0;15.227490425109863;-100;0
30544;0;1;0;0;0;0;0;0;1;0;1045;0;1000;2;0;0;0;0;0;15.228361129760742;-100;0
30555;0;1;0;0;0;0;0;0;1;0;1011;0;1000;2;0;0;0;0;0;15.229302406311035;-100;0
30566;0;1;0;0;0;0;0;0;1;0;1011;0;1000;2;0;0;0;0;0;15.230229377746582;-100;0
30576;0;1;0;0;0;0;0;0;1;0;983;0;1000;2;0;0;0;0;0;15.231142044067383;-100;0
30587;0;1;0;0;0;0;0;0;1;0;969;0;1000;2;0;0;0;0;0;15.231961250305176;-100;0
30597;0;1;0;0;0;0;0;0;1;0;958;0;1000;2;0;0;0;0;0;15.23284912109375;-100;0
30608;0;1;0;0;0;0;0;0;1;0;947;0;1000;2;0;0;0;0;0;15.233647346496582;-100;0
30619;0;1;0;0;0;0;0;0;1;0;936;0;1000;2;0;0;0;0;0;15.234515190124512;-100;0
30629;0;1;0;0;0;0;0;0;1;0;927;0;1000;2;0;0;0;0;0;15.235373497009277;-100;0
30639;0;1;0;0;0;0;0;0;1;0;919;0;1000;2;0;0;0;0;0;15.236145973205566;-100;0
30649;0;1;0;0;0;0;0;0;1;0;911;0;1000;2;0;0;0;0;0;15.236911773681641;-100;0
30659;0;1;0;0;0;0;0;0;1;0;904;0;1000;2;0;0;0;0;0;15.2376708984375;-100;0
30670;0;1;0;0;0;0;0;0;1;0;896;0;1000;2;0;0;0;0;0;15.238424301147461;-100;0
30680;0;1;0;0;0;0;0;0;1;0;890;0;1000;2;0;0;0;0;0;15.239245414733887;-100;0
30692;0;1;0;0;0;0;0;0;1;0;890;0;1000;2;0;0;0;0;0;15.239987373352051;-100;0
30702;0;1;0;0;0;0;0;0;1;0;878;0;1000;2;0;0;0;0;0;15.240870475769043;-100;0
30712;0;1;0;0;0;0;0;0;1;0;878;0;1000;2;0;0;0;0;0;15.241601943969727;-100;0
30722;0;1;0;0;0;0;0;0;1;0;869;0;1000;2;0;0;0;0;0;15.242329597473145;-100;0
30733;0;1;0;0;0;0;0;0;1;0;864;0;1000;2;0;0;0;0;0;15.243844985961914;-100;0
30744;0;1;0;0;0;0;0;0;1;0;860;0;1000;2;0;0;0;0;0;15.244633674621582;-100;0
30755;0;1;0;0;0;0;0;0;1;0;856;0;1000;2;0;0;0;0;0;15.245418548583984;-100;0
30766;0;1;0;0;0;0;0;0;1;0;853;0;1000;2;0;0;0;0;0;15.245418548583984;-100;0
30776;0;1;0;0;0;0;0;0;1;0;850;0;1000;2;0;0;0;0;0;15.246200561523438;-100;0
30787;0;1;0;0;0;0;0;0;1;0;847;0;1000;2;0;0;0;0;0;15.246909141540527;-100;0
30797;0;1;0;0;0;0;0;0;1;0;845;0;1000;2;0;0;0;0;0;15.247685432434082;-100;0
30808;0;1;0;0;0;0;0;0;1;0;842;0;1000;2;0;0;0;0;0;15.24838924407959;-100;0
30818;0;1;0;0;0;0;0;0;1;0;841;0;1000;2;0;0;0;0;0;15.249861717224121;-100;0
30829;0;1;0;0;0;0;0;0;1;0;839;0;1000;2;0;0;0;0;0;15.249861717224121;-100;0
30839;0;1;0;0;0;0;0;0;1;0;837;0;1000;2;0;0;0;0;0;15.250630378723145;-100;0
30850;0;1;0;0;0;0;0;0;1;0;833;0;1000;2;0;0;0;0;0;15.251327514648438;-100;0
30860;0;1;0;0;0;0;0;0;1;0;833;0;1000;2;0;0;0;0;0;15.252091407775879;-100;0
30871;0;1;0;0;0;0;0;0;1;0;827;0;1000;2;0;0;0;0;0;15.252782821655273;-100;0
30882;0;1;0;0;0;0;0;0;1;0;824;0;1000;2;0;0;0;0;0;15.253540992736816;-100;0
30893;0;1;0;0;0;0;0;0;1;0;821;0;1000;2;0;0;0;0;0;15.25429630279541;-100;0
30903;0;1;0;0;0;0;0;0;1;0;818;0;1000;2;0;0;0;0;0;15.255048751831055;-100;0
30914;0;1;0;0;0;0;0;0;1;0;816;0;1000;2;0;0;0;0;0;15.255730628967285;-100;0
30924;0;1;0;0;0;0;0;0;1;0;816;0;1000;2;0;0;0;0;0;15.256478309631348;-100;0
30934;0;1;0;0;0;0;0;0;1;0;811;0;1000;2;0;0;0;0;0;15.257155418395996;-100;0
30946;0;1;0;0;0;0;0;0;1;0;809;0;1000;2;0;0;0;0;0;15.257831573486328;-100;0
30957;0;1;0;0;0;0;0;0;1;0;806;0;1000;2;0;0;0;0;0;15.258640289306641;-100;0
30967;0;1;0;0;0;0;0;0;1;0;804;0;1000;2;0;0;0;0;0;15.259379386901855;-100;0
30977;0;1;0;0;0;0;0;0;1;0;802;0;1000;2;0;0;0;0;0;15.260049819946289;-100;0
30987;0;1;0;0;0;0;0;0;1;0;802;0;1000;2;0;0;0;0;0;15.26071834564209;-100;0
30997;0;1;0;0;0;0;0;0;1;0;801;0;1000;2;0;0;0;0;0;15.261385917663574;-100;0
31009;0;1;0;0;0;0;0;0;1;0;797;0;1000;2;0;0;0;0;0;15.262051582336426;-100;0
31020;0;1;0;0;0;0;0;0;1;0;795;0;1000;2;0;0;0;0;0;15.262848854064941;-100;0
31031;0;1;0;0;0;0;0;0;1;0;793;0;1000;2;0;0;0;0;0;15.263577461242676;-100;0
31042;0;1;0;0;0;0;0;0;1;0;792;0;1000;2;0;0;0;0;0;15.264304161071777;-100;0
31054;0;1;0;0;0;0;0;0;1;0;790;0;1000;2;0;0;0;0;0;15.265029907226563;-100;0
31064;0;1;0;0;0;0;0;0;1;0;789;0;1000;2;0;0;0;0;0;15.265819549560547;-100;0
31074;0;1;0;0;0;0;0;0;1;0;787;0;1000;2;0;0;0;0;0;15.266476631164551;-100;0
31084;0;1;0;0;0;0;0;0;1;0;787;0;1000;2;0;0;0;0;0;15.267132759094238;-100;0
31094;0;1;0;0;0;0;0;0;1;0;786;0;1000;2;0;0;0;0;0;15.267787933349609;-100;0
31105;0;1;0;0;0;0;0;0;1;0;783;0;1000;2;0;0;0;0;0;15.268442153930664;-100;0
31115;0;1;0;0;0;0;0;0;1;0;782;0;1000;2;0;0;0;0;0;15.269160270690918;-100;0
31126;0;1;0;0;0;0;0;0;1;0;781;0;1000;2;0;0;0;0;0;15.269811630249023;-100;0
31136;0;1;0;0;0;0;0;0;1;0;781;0;1000;2;0;0;0;0;0;15.270527839660645;-100;0
31148;0;1;0;0;0;0;0;0;1;0;780;0;1000;2;0;0;0;0;0;15.271178245544434;-100;0
31159;0;1;0;0;0;0;0;0;1;0;778;0;1000;2;0;0;0;0;0;15.271957397460938;-100;0
31170;0;1;0;0;0;0;0;0;1;0;777;0;1000;2;0;0;0;0;0;15.272670745849609;-100;0
31180;0;1;0;0;0;0;0;0;1;0;777;0;1000;2;0;0;0;0;0;15.273383140563965;-100;0
31191;0;1;0;0;0;0;0;0;1;0;775;0;1000;2;0;0;0;0;0;15.274029731750488;-100;0
31201;0;1;0;0;0;0;0;0;1;0;774;0;1000;2;0;0;0;0;0;15.274740219116211;-100;0
31211;0;1;0;0;0;0;0;0;1;0;774;0;1000;2;0;0;0;0;0;15.275384902954102;-100;0
31222;0;1;0;0;0;0;0;0;1;0;772;0;1000;2;0;0;0;0;0;15.276028633117676;-100;0
31232;0;1;0;0;0;0;0;0;1;0;772;0;1000;2;0;0;0;0;0;15.276736259460449;-100;0
31242;0;1;0;0;0;0;0;0;1;0;771;0;1000;2;0;0;0;0;0;15.277379989624023;-100;0
31253;0;1;0;0;0;0;0;0;1;0;770;0;1000;2;0;0;0;0;0;15.278022766113281;-100;0
31263;0;1;0;0;0;0;0;0;1;0;770;0;1000;2;0;0;0;0;0;15.278728485107422;-100;0
31274;0;1;0;0;0;0;0;0;1;0;769;0;1000;2;0;0;0;0;0;15.279370307922363;-100;0
31285;0;1;0;0;0;0;0;0;1;0;768;0;1000;2;0;0;0;0;0;15.280714988708496;-100;0
31295;0;1;0;0;0;0;0;0;1;0;768;0;1000;2;0;0;0;0;0;15.280714988708496;-100;0
31305;0;1;0;0;0;0;0;0;1;0;767;0;1000;2;0;0;0;0;0;15.282057762145996;-100;0
31316;0;1;0;0;0;0;0;0;1;0;767;0;1000;2;0;0;0;0;0;15.282057762145996;-100;0
31327;0;1;0;0;0;0;0;0;1;0;767;0;1000;2;0;0;0;0;0;15.282760620117188;-100;0
31338;0;1;0;0;0;0;0;0;1;0;766;0;1000;2;0;0;0;0;0;15.283462524414063;-100;0
31348;0;1;0;0;0;0;0;0;1;0;765;0;1000;2;0;0;0;0;0;15.284164428710938;-100;0
31360;0;1;0;0;0;0;0;0;1;0;765;0;1000;2;0;0;0;0;0;15.284801483154297;-100;0
31370;0;1;0;0;0;0;0;0;1;0;765;0;1000;2;0;0;0;0;0;15.285566329956055;-100;0
31381;0;1;0;0;0;0;0;0;1;0;764;0;1000;2;0;0;0;0;0;15.286203384399414;-100;0
31392;0;1;0;0;0;0;0;0;1;0;764;0;1000;2;0;0;0;0;0;15.286903381347656;-100;0
31404;0;1;0;0;0;0;0;0;1;0;764;0;1000;2;0;0;0;0;0;15.288303375244141;-100;0
31413;0;1;0;0;0;0;0;0;1;0;764;0;1000;2;0;0;0;0;0;15.288303375244141;-100;0
31424;0;1;0;0;0;0;0;0;1;0;763;0;1000;2;0;0;0;0;0;15.2889404296875;-100;0
31434;0;1;0;0;0;0;0;0;1;0;763;0;1000;2;0;0;0;0;0;15.289639472961426;-100;0
31445;0;1;0;0;0;0;0;0;1;0;763;0;1000;2;0;0;0;0;0;15.290275573730469;-100;0
31455;0;1;0;0;0;0;0;0;1;0;763;0;1000;2;0;0;0;0;0;15.290974617004395;-100;0
31465;0;1;0;0;0;0;0;0;1;0;763;0;1000;2;0;0;0;0;0;15.291610717773438;-100;0
31476;0;1;0;0;0;0;0;0;1;0;763;0;1000;2;0;0;0;0;0;15.29224681854248;-100;0
31487;0;1;0;0;0;0;0;0;1;0;763;0;1000;2;0;0;0;0;0;15.292945861816406;-100;0
31497;0;1;0;0;0;0;0;0;1;0;763;0;1000;2;0;0;0;0;0;15.293644905090332;-100;0
31507;0;1;0;0;0;0;0;0;1;0;763;0;1000;2;0;0;0;0;0;15.294281005859375;-100;0
31517;0;1;0;0;0;0;0;0;1;0;763;0;1000;2;0;0;0;0;0;15.294917106628418;-100;0
31528;0;1;0;0;0;0;0;0;1;0;763;0;1000;2;0;0;0;0;0;15.295553207397461;-100;0
31538;0;1;0;0;0;0;0;0;1;0;763;0;1000;2;0;0;0;0;0;15.296252250671387;-100;0
31548;0;1;0;0;0;0;0;0;1;0;764;0;1000;2;0;0;0;0;0;15.29688835144043;-100;0
31559;0;1;0;0;0;0;0;0;1;0;764;0;1000;2;0;0;0;0;0;15.297525405883789;-100;0
31569;0;1;0;0;0;0;0;0;1;0;764;0;1000;2;0;0;0;0;0;15.298225402832031;-100;0
31579;0;1;0;0;0;0;0;0;1;0;764;0;1000;2;0;0;0;0;0;15.298862457275391;-100;0
31590;0;1;0;0;0;0;0;0;1;0;764;0;1000;2;0;0;0;0;0;15.29949951171875;-100;0
31601;0;1;0;0;0;0;0;0;1;0;765;0;1000;2;0;0;0;0;0;15.300199508666992;-100;0
31610;0;1;0;0;0;0;0;0;1;0;765;0;1000;2;0;0;0;0;0;15.300900459289551;-100;0
31621;0;1;0;0;0;0;0;0;1;0;765;0;1000;2;0;0;0;0;0;15.301474571228027;-100;0
31632;0;1;0;0;0;0;0;0;1;0;766;0;1000;2;0;0;0;0;0;15.302175521850586;-100;0
31641;0;1;0;0;0;0;0;0;1;0;766;0;1000;2;0;0;0;0;0;15.302877426147461;-100;0
31651;0;1;0;0;0;0;0;0;1;0;766;0;1000;2;0;0;0;0;0;15.303451538085938;-100;0
31662;0;1;0;0;0;0;0;0;1;0;767;0;1000;2;0;0;0;0;0;15.304089546203613;-100;0
31674;0;1;0;0;0;0;0;0;1;0;767;0;1000;2;0;0;0;0;0;15.305559158325195;-100;0
31684;0;1;0;0;0;0;0;0;1;0;768;0;1000;2;0;0;0;0;0;15.305559158325195;-100;0
31695;0;1;0;0;0;0;0;0;1;0;768;0;1000;2;0;0;0;0;0;15.306199073791504;-100;0
31705;0;1;0;0;0;0;0;0;1;0;769;0;1000;2;0;0;0;0;0;15.307543754577637;-100;0
31715;0;1;0;0;0;0;0;0;1;0;769;0;1000;2;0;0;0;0;0;15.307543754577637;-100;0
31725;0;1;0;0;0;0;0;0;1;0;770;0;1000;2;0;0;0;0;0;15.308184623718262;-100;0
31736;0;1;0;0;0;0;0;0;1;0;770;0;1000;2;0;0;0;0;0;15.308826446533203;-100;0
31746;0;1;0;0;0;0;0;0;1;0;771;0;1000;2;0;0;0;0;0;15.309532165527344;-100;0
31757;0;1;0;0;0;0;0;0;1;0;772;0;1000;2;0;0;0;0;0;15.310174942016602;-100;0
31767;0;1;0;0;0;0;0;0;1;0;772;0;1000;2;0;0;0;0;0;15.310882568359375;-100;0
31778;0;1;0;0;0;0;0;0;1;0;773;0;1000;2;0;0;0;0;0;15.311526298522949;-100;0
31788;0;1;0;0;0;0;0;0;1;0;773;0;1000;2;0;0;0;0;0;15.312234878540039;-100;0
31800;0;1;0;0;0;0;0;0;1;0;774;0;1000;2;0;0;0;0;0;15.312878608703613;-100;0
31809;0;1;0;0;0;0;0;0;1;0;774;0;1000;2;0;0;0;0;0;15.313652992248535;-100;0
31820;0;1;0;0;0;0;0;0;1;0;776;0;1000;2;0;0;0;0;0;15.314233779907227;-100;0
31830;0;1;0;0;0;0;0;0;1;0;776;0;1000;2;0;0;0;0;0;15.314945220947266;-100;0
31842;0;1;0;0;0;0;0;0;1;0;777;0;1000;2;0;0;0;0;0;15.315591812133789;-100;0
31852;0;1;0;0;0;0;0;0;1;0;778;0;1000;2;0;0;0;0;0;15.31636905670166;-100;0
31863;0;1;0;0;0;0;0;0;1;0;779;0;1000;2;0;0;0;0;0;15.317017555236816;-100;0
31873;0;1;0;0;0;0;0;0;1;0;779;0;1000;2;0;0;0;0;0;15.317731857299805;-100;0
31884;0;1;0;0;0;0;0;0;1;0;780;0;1000;2;0;0;0;0;0;15.318381309509277;-100;0
31894;0;1;0;0;0;0;0;0;1;0;781;0;1000;2;0;0;0;0;0;15.319096565246582;-100;0
31904;0;1;0;0;0;0;0;0;1;0;782;0;1000;2;0;0;0;0;0;15.319746971130371;-100;0
31914;0;1;0;0;0;0;0;0;1;0;782;0;1000;2;0;0;0;0;0;15.320398330688477;-100;0
31924;0;1;0;0;0;0;0;0;1;0;783;0;1000;2;0;0;0;0;0;15.321702003479004;-100;0
31935;0;1;0;0;0;0;0;0;1;0;784;0;1000;2;0;0;0;0;0;15.321702003479004;-100;0
31946;0;1;0;0;0;0;0;0;1;0;785;0;1000;2;0;0;0;0;0;15.322421073913574;-100;0
31956;0;1;0;0;0;0;0;0;1;0;786;0;1000;2;0;0;0;0;0;15.323796272277832;-100;0
31967;0;1;0;0;0;0;0;0;1;0;787;0;1000;2;0;0;0;0;0;15.323796272277832;-100;0
31977;0;1;0;0;0;0;0;0;1;0;787;0;1000;2;0;0;0;0;0;15.324517250061035;-100;0
31987;0;1;0;0;0;0;0;0;1;0;788;0;1000;2;0;0;0;0;0;15.325173377990723;-100;0
31998;0;1;0;0;0;0;0;0;1;0;789;0;1000;2;0;0;0;0;0;15.325830459594727;-100;0
32008;0;1;0;0;0;0;0;0;1;0;790;0;1000;2;0;0;0;0;0;15.326553344726563;-100;0
32021;0;1;0;0;0;0;0;0;1;0;791;0;1000;2;0;0;0;0;0;15.32787036895752;-100;0
32029;0;1;0;0;0;0;0;0;1;0;791;0;1000;2;0;0;0;0;0;15.32787036895752;-100;0
32040;0;1;0;0;0;0;0;0;1;0;792;0;1000;2;0;0;0;0;0;15.328596115112305;-100;0
32051;0;1;0;0;0;0;0;0;1;0;793;0;1000;2;0;0;0;0;0;15.329322814941406;-100;0
32062;0;1;0;0;0;0;0;0;1;0;794;0;1000;2;0;0;0;0;0;15.330049514770508;-100;0
32072;0;1;0;0;0;0;0;0;1;0;794;0;1000;2;0;0;0;0;0;15.330777168273926;-100;0
32083;0;1;0;0;0;0;0;0;1;0;795;0;1000;2;0;0;0;0;0;15.331439971923828;-100;0
32093;0;1;0;0;0;0;0;0;1;0;797;0;1000;2;0;0;0;0;0;15.332169532775879;-100;0
32104;0;1;0;0;0;0;0;0;1;0;798;0;1000;2;0;0;0;0;0;15.332833290100098;-100;0
32114;0;1;0;0;0;0;0;0;1;0;798;0;1000;2;0;0;0;0;0;15.333564758300781;-100;0
32124;0;1;0;0;0;0;0;0;1;0;800;0;1000;2;0;0;0;0;0;15.334230422973633;-100;0
32136;0;1;0;0;0;0;0;0;1;0;800;0;1000;2;0;0;0;0;0;15.3348970413208;-100;0
32146;0;1;0;0;0;0;0;0;1;0;799;0;1000;2;0;0;0;0;0;15.335697174072266;-100;0
32156;0;1;0;0;0;0;0;0;1;0;798;0;1000;2;0;0;0;0;0;15.336362838745117;-100;0
32166;0;1;0;0;0;0;0;0;1;0;798;0;1000;2;0;0;0;0;0;15.337027549743652;-100;0
32177;0;1;0;0;0;0;0;0;1;0;796;0;1000;2;0;0;0;0;0;15.337691307067871;-100;0
32187;0;1;0;0;0;0;0;0;1;0;795;0;1000;2;0;0;0;0;0;15.338420867919922;-100;0
32197;0;1;0;0;0;0;0;0;1;0;794;0;1000;2;0;0;0;0;0;15.339083671569824;-100;0
32209;0;1;0;0;0;0;0;0;1;0;794;0;1000;2;0;0;0;0;0;15.33974552154541;-100;0
32220;0;1;0;0;0;0;0;0;1;0;793;0;1000;2;0;0;0;0;0;15.340539932250977;-100;0
32231;0;1;0;0;0;0;0;0;1;0;792;0;1000;2;0;0;0;0;0;15.341266632080078;-100;0
32241;0;1;0;0;0;0;0;0;1;0;791;0;1000;2;0;0;0;0;0;15.341992378234863;-100;0
32251;0;1;0;0;0;0;0;0;1;0;790;0;1000;2;0;0;0;0;0;15.3426513671875;-100;0
32262;0;1;0;0;0;0;0;0;1;0;789;0;1000;2;0;0;0;0;0;15.34330940246582;-100;0
32274;0;1;0;0;0;0;0;0;1;0;789;0;1000;2;0;0;0;0;0;15.344032287597656;-100;0
32283;0;1;0;0;0;0;0;0;1;0;788;0;1000;2;0;0;0;0;0;15.344820976257324;-100;0
32294;0;1;0;0;0;0;0;0;1;0;787;0;1000;2;0;0;0;0;0;15.345412254333496;-100;0
32305;0;1;0;0;0;0;0;0;1;0;786;0;1000;2;0;0;0;0;0;15.3461332321167;-100;0
32315;0;1;0;0;0;0;0;0;1;0;785;0;1000;2;0;0;0;0;0;15.347507476806641;-100;0
32326;0;1;0;0;0;0;0;0;1;0;785;0;1000;2;0;0;0;0;0;15.347507476806641;-100;0
32336;0;1;0;0;0;0;0;0;1;0;784;0;1000;2;0;0;0;0;0;15.348227500915527;-100;0
32347;0;1;0;0;0;0;0;0;1;0;783;0;1000;2;0;0;0;0;0;15.348880767822266;-100;0
32357;0;1;0;0;0;0;0;0;1;0;782;0;1000;2;0;0;0;0;0;15.34959888458252;-100;0
32368;0;1;0;0;0;0;0;0;1;0;782;0;1000;2;0;0;0;0;0;15.350250244140625;-100;0
32379;0;1;0;0;0;0;0;0;1;0;781;0;1000;2;0;0;0;0;0;15.350967407226563;-100;0
32389;0;1;0;0;0;0;0;0;1;0;780;0;1000;2;0;0;0;0;0;15.351683616638184;-100;0
32399;0;1;0;0;0;0;0;0;1;0;780;0;1000;2;0;0;0;0;0;15.352334022521973;-100;0
32410;0;1;0;0;0;0;0;0;1;0;780;0;1000;2;0;0;0;0;0;15.352984428405762;-100;0
32420;0;1;0;0;0;0;0;0;1;0;779;0;1000;2;0;0;0;0;0;15.35369873046875;-100;0
32431;0;1;0;0;0;0;0;0;1;0;778;0;1000;2;0;0;0;0;0;15.354348182678223;-100;0
32441;0;1;0;0;0;0;0;0;1;0;777;0;1000;2;0;0;0;0;0;15.355061531066895;-100;0
32451;0;1;0;0;0;0;0;0;1;0;777;0;1000;2;0;0;0;0;0;15.355709075927734;-100;0
32462;0;1;0;0;0;0;0;0;1;0;776;0;1000;2;0;0;0;0;0;15.356356620788574;-100;0
32472;0;1;0;0;0;0;0;0;1;0;776;0;1000;2;0;0;0;0;0;15.357068061828613;-100;0
32481;0;1;0;0;0;0;0;0;1;0;776;0;1000;2;0;0;0;0;0;15.357714653015137;-100;0
32492;0;1;0;0;0;0;0;0;1;0;775;0;1000;2;0;0;0;0;0;15.358295440673828;-100;0
32503;0;1;0;0;0;0;0;0;1;0;774;0;1000;2;0;0;0;0;0;15.359005928039551;-100;0
32513;0;1;0;0;0;0;0;0;1;0;774;0;1000;2;0;0;0;0;0;15.359715461730957;-100;0
32524;0;1;0;0;0;0;0;0;1;0;774;0;1000;2;0;0;0;0;0;15.360360145568848;-100;0
32533;0;1;0;0;0;0;0;0;1;0;773;0;1000;2;0;0;0;0;0;15.361069679260254;-100;0
32545;0;1;0;0;0;0;0;0;1;0;773;0;1000;2;0;0;0;0;0;15.361649513244629;-100;0
32555;0;1;0;0;0;0;0;0;1;0;773;0;1000;2;0;0;0;0;0;15.362422943115234;-100;0
32567;0;1;0;0;0;0;0;0;1;0;772;0;1000;2;0;0;0;0;0;15.363066673278809;-100;0
32577;0;1;0;0;0;0;0;0;1;0;772;0;1000;2;0;0;0;0;0;15.364481925964355;-100;0
32588;0;1;0;0;0;0;0;0;1;0;771;0;1000;2;0;0;0;0;0;15.364481925964355;-100;0
32598;0;1;0;0;0;0;0;0;1;0;771;0;1000;2;0;0;0;0;0;15.365188598632813;-100;0
32609;0;1;0;0;0;0;0;0;1;0;771;0;1000;2;0;0;0;0;0;15.36583137512207;-100;0
32620;0;1;0;0;0;0;0;0;1;0;771;0;1000;2;0;0;0;0;0;15.366538047790527;-100;0
32632;0;1;0;0;0;0;0;0;1;0;770;0;1000;2;0;0;0;0;0;15.367244720458984;-100;0
32643;0;1;0;0;0;0;0;0;1;0;770;0;1000;2;0;0;0;0;0;15.368014335632324;-100;0
32653;0;1;0;0;0;0;0;0;1;0;770;0;1000;2;0;0;0;0;0;15.368720054626465;-100;0
32665;0;1;0;0;0;0;0;0;1;0;770;0;1000;2;0;0;0;0;0;15.369361877441406;-100;0
32676;0;1;0;0;0;0;0;0;1;0;770;0;1000;2;0;0;0;0;0;15.370131492614746;-100;0
32687;0;1;0;0;0;0;0;0;1;0;770;0;1000;2;0;0;0;0;0;15.371542930603027;-100;0
32697;0;1;0;0;0;0;0;0;1;0;770;0;1000;2;0;0;0;0;0;15.371542930603027;-100;0
32707;0;1;0;0;0;0;0;0;1;0;770;0;1000;2;0;0;0;0;0;15.372184753417969;-100;0
32719;0;1;0;0;0;0;0;0;1;0;770;0;1000;2;0;0;0;0;0;15.37282657623291;-100;0
32730;0;1;0;0;0;0;0;0;1;0;770;0;1000;2;0;0;0;0;0;15.37359619140625;-100;0
32741;0;1;0;0;0;0;0;0;1;0;770;0;1000;2;0;0;0;0;0;15.374301910400391;-100;0
32753;0;1;0;0;0;0;0;0;1;0;770;0;1000;2;0;0;0;0;0;15.375007629394531;-100;0
32764;0;1;0;0;0;0;0;0;1;0;770;0;1000;2;0;0;0;0;0;15.375777244567871;-100;0
32776;0;1;0;0;0;0;0;0;1;0;770;0;1000;2;0;0;0;0;0;15.376482963562012;-100;0
32786;0;1;0;0;0;0;0;0;1;0;770;0;1000;2;0;0;0;0;0;15.377252578735352;-100;0
32797;0;1;0;0;0;0;0;0;1;0;770;0;1000;2;0;0;0;0;0;15.377894401550293;-100;0
32807;0;1;0;0;0;0;0;0;1;0;770;0;1000;2;0;0;0;0;0;15.378600120544434;-100;0
32817;0;1;0;0;0;0;0;0;1;0;770;0;1000;2;0;0;0;0;0;15.379241943359375;-100;0
32828;0;1;0;0;0;0;0;0;1;0;771;0;1000;2;0;0;0;0;0;15.379883766174316;-100;0
32839;0;1;0;0;0;0;0;0;1;0;771;0;1000;2;0;0;0;0;0;15.380590438842773;-100;0
32850;0;1;0;0;0;0;0;0;1;0;771;0;1000;2;0;0;0;0;0;15.38129711151123;-100;0
32862;0;1;0;0;0;0;0;0;1;0;771;0;1000;2;0;0;0;0;0;15.382774353027344;-100;0
32872;0;1;0;0;0;0;0;0;1;0;772;0;1000;2;0;0;0;0;0;15.382774353027344;-100;0
32883;0;1;0;0;0;0;0;0;1;0;772;0;1000;2;0;0;0;0;0;15.383418083190918;-100;0
32894;0;1;0;0;0;0;0;0;1;0;772;0;1000;2;0;0;0;0;0;15.384125709533691;-100;0
32905;0;1;0;0;0;0;0;0;1;0;773;0;1000;2;0;0;0;0;0;15.384833335876465;-100;0
32915;0;1;0;0;0;0;0;0;1;0;773;0;1000;2;0;0;0;0;0;15.385541915893555;-100;0
32926;0;1;0;0;0;0;0;0;1;0;773;0;1000;2;0;0;0;0;0;15.386185646057129;-100;0
32936;0;1;0;0;0;0;0;0;1;0;774;0;1000;2;0;0;0;0;0;15.386895179748535;-100;0
32947;0;1;0;0;0;0;0;0;1;0;774;0;1000;2;0;0;0;0;0;15.387539863586426;-100;0
32958;0;1;0;0;0;0;0;0;1;0;775;0;1000;2;0;0;0;0;0;15.388249397277832;-100;0
32968;0;1;0;0;0;0;0;0;1;0;775;0;1000;2;0;0;0;0;0;15.388959884643555;-100;0
32979;0;1;0;0;0;0;0;0;1;0;776;0;1000;2;0;0;0;0;0;15.389605522155762;-100;0
32990;0;1;0;0;0;0;0;0;1;0;776;0;1000;2;0;0;0;0;0;15.39102840423584;-100;0
33000;0;1;0;0;0;0;0;0;1;0;777;0;1000;2;0;0;0;0;0;15.39102840423584;-100;0
33011;0;1;0;0;0;0;0;0;1;0;777;0;1000;2;0;0;0;0;0;15.39167594909668;-100;0
33021;0;1;0;0;0;0;0;0;1;0;778;0;1000;2;0;0;0;0;0;15.392388343811035;-100;0
33032;0;1;0;0;0;0;0;0;1;0;778;0;1000;2;0;0;0;0;0;15.393036842346191;-100;0
33042;0;1;0;0;0;0;0;0;1;0;779;0;1000;2;0;0;0;0;0;15.393750190734863;-100;0
33052;0;1;0;0;0;0;0;0;1;0;779;0;1000;2;0;0;0;0;0;15.394399642944336;-100;0
33063;0;1;0;0;0;0;0;0;1;0;780;0;1000;2;0;0;0;0;0;15.395050048828125;-100;0
33074;0;1;0;0;0;0;0;0;1;0;781;0;1000;2;0;0;0;0;0;15.39576530456543;-100;0
33084;0;1;0;0;0;0;0;0;1;0;781;0;1000;2;0;0;0;0;0;15.396481513977051;-100;0
33094;0;1;0;0;0;0;0;0;1;0;782;0;1000;2;0;0;0;0;0;15.39713191986084;-100;0
33105;0;1;0;0;0;0;0;0;1;0;783;0;1000;2;0;0;0;0;0;15.397783279418945;-100;0
33115;0;1;0;0;0;0;0;0;1;0;783;0;1000;2;0;0;0;0;0;15.3985013961792;-100;0
33125;0;1;0;0;0;0;0;0;1;0;784;0;1000;2;0;0;0;0;0;15.399153709411621;-100;0
33135;0;1;0;0;0;0;0;0;1;0;784;0;1000;2;0;0;0;0;0;15.399806976318359;-100;0
33145;0;1;0;0;0;0;0;0;1;0;785;0;1000;2;0;0;0;0;0;15.400460243225098;-100;0
33157;0;1;0;0;0;0;0;0;1;0;786;0;1000;2;0;0;0;0;0;15.401900291442871;-100;0
33167;0;1;0;0;0;0;0;0;1;0;787;0;1000;2;0;0;0;0;0;15.401900291442871;-100;0
33177;0;1;0;0;0;0;0;0;1;0;787;0;1000;2;0;0;0;0;0;15.402556419372559;-100;0
33188;0;1;0;0;0;0;0;0;1;0;788;0;1000;2;0;0;0;0;0;15.403212547302246;-100;0
33198;0;1;0;0;0;0;0;0;1;0;789;0;1000;2;0;0;0;0;0;15.403934478759766;-100;0
33209;0;1;0;0;0;0;0;0;1;0;789;0;1000;2;0;0;0;0;0;15.40459156036377;-100;0
33219;0;1;0;0;0;0;0;0;1;0;790;0;1000;2;0;0;0;0;0;15.405314445495605;-100;0
33230;0;1;0;0;0;0;0;0;1;0;791;0;1000;2;0;0;0;0;0;15.405972480773926;-100;0
33241;0;1;0;0;0;0;0;0;1;0;791;0;1000;2;0;0;0;0;0;15.406697273254395;-100;0
33252;0;1;0;0;0;0;0;0;1;0;792;0;1000;2;0;0;0;0;0;15.407422065734863;-100;0
33264;0;1;0;0;0;0;0;0;1;0;792;0;1000;2;0;0;0;0;0;15.408147811889648;-100;0
33274;0;1;0;0;0;0;0;0;1;0;794;0;1000;2;0;0;0;0;0;15.408940315246582;-100;0
33286;0;1;0;0;0;0;0;0;1;0;795;0;1000;2;0;0;0;0;0;15.409602165222168;-100;0
33297;0;1;0;0;0;0;0;0;1;0;795;0;1000;2;0;0;0;0;0;15.410397529602051;-100;0
33307;0;1;0;0;0;0;0;0;1;0;796;0;1000;2;0;0;0;0;0;15.411126136779785;-100;0
33318;0;1;0;0;0;0;0;0;1;0;797;0;1000;2;0;0;0;0;0;15.411789894104004;-100;0
33328;0;1;0;0;0;0;0;0;1;0;798;0;1000;2;0;0;0;0;0;15.412520408630371;-100;0
33338;0;1;0;0;0;0;0;0;1;0;798;0;1000;2;0;0;0;0;0;15.413185119628906;-100;0
33350;0;1;0;0;0;0;0;0;1;0;799;0;1000;2;0;0;0;0;0;15.413849830627441;-100;0
33360;0;1;0;0;0;0;0;0;1;0;800;0;1000;2;0;0;0;0;0;15.41464900970459;-100;0
33370;0;0;0;1;0;0;0;0;0;0;800;0;0;0;0;0;0;0;0;20.000667572021484;-100;0
33381;0;0;0;1;0;0;0;0;0;0;795;0;0;0;0;0;0;0;0;20.001333236694336;-100;0
33392;0;0;0;1;0;0;0;0;0;0;790;0;0;0;0;0;0;0;0;20.00206184387207;-100;0
33403;0;0;0;1;0;0;0;0;0;0;790;0;0;0;0;0;0;0;0;20.002786636352539;-100;0
33413;0;0;0;1;0;0;0;0;0;0;777;0;0;0;0;0;0;0;0;20.003505706787109;-100;0
33424;0;0;0;1;0;0;0;0;0;0;769;0;0;0;0;0;0;0;0;20.004152297973633;-100;0
33434;0;0;0;1;0;0;0;0;0;0;761;0;0;0;0;0;0;0;0;20.004858016967773;-100;0
33444;0;0;0;1;0;0;0;0;0;0;752;0;0;0;0;0;0;0;0;20.005491256713867;-100;0
33455;0;0;0;1;0;0;0;0;0;0;741;0;0;0;0;0;0;0;0;20.006118774414063;-100;0
33466;0;0;0;1;0;0;0;0;0;0;730;0;0;0;0;0;0;0;0;20.006797790527344;-100;0
33476;0;0;0;1;0;0;0;0;0;0;719;0;0;0;0;0;0;0;0;20.007467269897461;-100;0
33488;0;0;0;1;0;0;0;0;0;0;705;0;0;0;0;0;0;0;0;20.008066177368164;-100;0
33498;0;0;0;1;0;0;0;0;0;0;692;0;0;0;0;0;0;0;0;20.008771896362305;-100;0
33509;0;0;0;1;0;0;0;0;0;0;678;0;0;0;0;0;0;0;0;20.009347915649414;-100;0
33520;0;0;0;1;0;0;0;0;0;0;664;0;0;0;0;0;0;0;0;20.009969711303711;-100;0
33530;0;0;0;1;0;0;0;0;0;0;650;0;0;0;0;0;0;0;0;20.010578155517578;-100;0
33541;0;0;0;1;0;0;0;0;0;0;634;0;0;0;0;0;0;0;0;20.011119842529297;-100;0
33551;0;0;0;1;0;0;0;0;0;0;620;0;0;0;0;0;0;0;0;20.011701583862305;-100;0
33561;0;0;0;1;0;0;0;0;0;0;605;0;0;0;0;0;0;0;0;20.012218475341797;-100;0
33571;0;0;0;1;0;0;0;0;0;0;590;0;0;0;0;0;0;0;0;20.012722015380859;-100;0
33582;0;0;0;1;0;0;0;0;0;0;573;0;0;0;0;0;0;0;0;20.013214111328125;-100;0
33592;0;0;0;1;0;0;0;0;0;0;573;0;0;0;0;0;0;0;0;20.013738632202148;-100;0
33603;0;0;0;1;0;0;0;0;0;0;539;0;0;0;0;0;0;0;0;20.014202117919922;-100;0
33613;0;0;0;1;0;0;0;0;0;0;539;0;0;0;0;0;0;0;0;20.01469612121582;-100;0
33624;0;0;0;1;0;0;0;0;0;0;505;0;0;0;0;0;0;0;0;20.0151309967041;-100;0
33634;0;0;0;1;0;0;0;0;0;0;488;0;0;0;0;0;0;0;0;20.015594482421875;-100;0
33644;0;0;0;1;0;0;0;0;0;0;471;0;0;0;0;0;0;0;0;20.016000747680664;-100;0
33654;0;0;0;1;0;0;0;0;0;0;471;0;0;0;0;0;0;0;0;20.016393661499023;-100;0
33664;0;0;0;1;0;0;0;0;0;0;437;0;0;0;0;0;0;0;0;20.01677131652832;-100;0
33675;0;0;0;1;0;0;0;0;0;0;418;0;0;0;0;0;0;0;0;20.017135620117188;-100;0
33686;0;0;0;1;0;0;0;0;0;0;398;0;0;0;0;0;0;0;0;20.017518997192383;-100;0
33697;0;0;0;1;0;0;0;0;0;0;379;0;0;0;0;0;0;0;0;20.01788330078125;-100;0
33708;0;0;0;1;0;0;0;0;0;0;379;0;0;0;0;0;0;0;0;20.018230438232422;-100;0
33718;0;0;0;1;0;0;0;0;0;0;341;0;0;0;0;0;0;0;0;20.0185604095459;-100;0
33730;0;0;0;1;0;0;0;0;0;0;341;0;0;0;0;0;0;0;0;20.018844604492188;-100;0
33740;0;0;0;1;0;0;0;0;0;0;301;0;0;0;0;0;0;0;0;20.019163131713867;-100;0
33751;0;0;0;1;0;0;0;0;0;0;281;0;0;0;0;0;0;0;0;20.0194149017334;-100;0
33761;0;0;0;1;0;0;0;0;0;0;262;0;0;0;0;0;0;0;0;20.019672393798828;-100;0
33771;0;0;0;1;0;0;0;0;0;0;245;0;0;0;0;0;0;0;0;20.019889831542969;-100;0
33780;0;0;0;1;0;0;0;0;0;0;231;0;0;0;0;0;0;0;0;20.02009391784668;-100;0
33791;0;0;0;1;0;0;0;0;0;0;214;0;0;0;0;0;0;0;0;20.020267486572266;-100;0
33801;0;0;0;1;0;0;0;0;0;0;200;0;0;0;0;0;0;0;0;20.020463943481445;-100;0
33812;0;0;0;1;0;0;0;0;0;0;186;0;0;0;0;0;0;0;0;20.0206298828125;-100;0
33821;0;0;0;1;0;0;0;0;0;0;186;0;0;0;0;0;0;0;0;20.02079963684082;-100;0
33832;0;0;0;1;0;0;0;0;0;0;162;0;0;0;0;0;0;0;0;20.020931243896484;-100;0
33842;0;0;0;1;0;0;0;0;0;0;162;0;0;0;0;0;0;0;0;20.021080017089844;-100;0
33852;0;0;0;1;0;0;0;0;0;0;151;0;0;0;0;0;0;0;0;20.021205902099609;-100;0
33862;0;0;0;1;0;0;0;0;0;0;132;0;0;0;0;0;0;0;0;20.021324157714844;-100;0
33873;0;0;0;1;0;0;0;0;0;0;122;0;0;0;0;0;0;0;0;20.021434783935547;-100;0
33883;0;0;0;1;0;0;0;0;0;0;114;0;0;0;0;0;0;0;0;20.021547317504883;-100;0
33894;0;0;0;1;0;0;0;0;0;0;105;0;0;0;0;0;0;0;0;20.021642684936523;-100;0
33905;0;0;0;1;0;0;0;0;0;0;97;0;0;0;0;0;0;0;0;20.021738052368164;-100;0
33916;0;0;0;1;0;0;0;0;0;0;97;0;0;0;0;0;0;0;0;20.021827697753906;-100;0
33927;0;0;0;1;0;0;0;0;0;0;83;0;0;0;0;0;0;0;0;20.021909713745117;-100;0
33937;0;0;0;1;0;0;0;0;0;0;77;0;0;0;0;0;0;0;0;20.02198600769043;-100;0
33947;0;0;0;1;0;0;0;0;0;0;72;0;0;0;0;0;0;0;0;20.022050857543945;-100;0
33958;0;0;0;1;0;0;0;0;0;0;66;0;0;0;0;0;0;0;0;20.022109985351563;-100;0
33968;0;0;0;1;0;0;0;0;0;0;62;0;0;0;0;0;0;0;0;20.022171020507813;-100;0
33979;0;0;0;1;0;0;0;0;0;0;57;0;0;0;0;0;0;0;0;20.0222225189209;-100;0
33990;0;0;0;1;0;0;0;0;0;0;52;0;0;0;0;0;0;0;0;20.022274017333984;-100;0
34000;0;0;0;1;0;0;0;0;0;0;48;0;0;0;0;0;0;0;0;20.022321701049805;-100;0
34011;0;0;0;1;0;0;0;0;0;0;45;0;0;0;0;0;0;0;0;20.022361755371094;-100;0
34022;0;0;0;1;0;0;0;0;0;0;41;0;0;0;0;0;0;0;0;20.022403717041016;-100;0
34034;0;0;0;1;0;0;0;0;0;0;37;0;0;0;0;0;0;0;0;20.022441864013672;-100;0
34044;0;0;0;1;0;0;0;0;0;0;34;0;0;0;0;0;0;0;0;20.022478103637695;-100;0
34055;0;0;0;1;0;0;0;0;0;0;31;0;0;0;0;0;0;0;0;20.022506713867188;-100;0
34064;0;0;0;1;0;0;0;0;0;0;29;0;0;0;0;0;0;0;0;20.02253532409668;-100;0
34076;0;0;0;1;0;0;0;0;0;0;26;0;0;0;0;0;0;0;0;20.022556304931641;-100;0
34086;0;0;0;1;0;0;0;0;0;0;24;0;0;0;0;0;0;0;0;20.0225830078125;-100;0
34098;0;0;0;1;0;0;0;0;0;0;22;0;0;0;0;0;0;0;0;20.022602081298828;-100;0
34108;0;0;0;1;0;0;0;0;0;0;20;0;0;0;0;0;0;0;0;20.022624969482422;-100;0
34118;0;0;0;1;0;0;0;0;0;0;18;0;0;0;0;0;0;0;0;20.022642135620117;-100;0
34129;0;0;0;1;0;0;0;0;0;0;16;0;0;0;0;0;0;0;0;20.02265739440918;-100;0
34139;0;0;0;1;0;0;0;0;0;0;15;0;0;0;0;0;0;0;0;20.022672653198242;-100;0
34150;0;0;0;1;0;0;0;0;0;0;13;0;0;0;0;0;0;0;0;20.022686004638672;-100;0
34160;0;0;0;1;0;0;0;0;0;0;12;0;0;0;0;0;0;0;0;20.022697448730469;-100;0
34171;0;0;0;1;0;0;0;0;0;0;12;0;0;0;0;0;0;0;0;20.022706985473633;-100;0
34181;0;0;0;1;0;0;0;0;0;0;9;0;0;0;0;0;0;0;0;20.022706985473633;-100;0
34192;0;0;0;1;0;0;0;0;0;0;9;0;0;0;0;0;0;0;0;20.022706985473633;-100;0
34202;0;0;0;1;0;0;0;0;0;0;7;0;0;0;0;0;0;0;0;20.022706985473633;-100;0
34213;0;0;0;1;0;0;0;0;0;0;6;0;0;0;0;0;0;0;0;20.022706985473633;-100;0
34223;0;0;0;1;0;0;0;0;0;0;5;0;0;0;0;0;0;0;0;20.022706985473633;-100;0
34235;0;0;0;1;0;0;0;0;0;0;4;0;0;0;0;0;0;0;0;20.022706985473633;-100;0
34245;0;0;0;1;0;0;0;0;0;0;3;0;0;0;0;0;0;0;0;20.022706985473633;-100;0
34256;0;0;0;1;0;0;0;0;0;0;3;0;0;0;0;0;0;0;0;20.022706985473633;-100;0
34266;0;0;0;1;0;0;0;0;0;0;2;0;0;0;0;0;0;0;0;20.022706985473633;-100;0
34277;0;0;0;1;0;0;0;0;0;0;2;0;0;0;0;0;0;0;0;20.022706985473633;-100;0
34287;0;0;0;1;0;0;0;0;0;0;1;0;0;0;0;0;0;0;0;20.022706985473633;-100;0
34297;0;0;0;1;0;0;0;0;0;0;1;0;0;0;0;0;0;0;0;20.022706985473633;-100;0
34307;0;0;0;1;0;0;0;0;0;0;0;0;0;0;0;0;0;0;0;20.022706985473633;-100;0
34317;0;0;0;1;0;0;0;0;0;0;0;0;0;0;0;0;0;0;0;20.022706985473633;-100;0
34328;0;0;0;1;0;0;0;0;0;0;0;0;0;0;0;0;0;0;0;20.022706985473633;-100;0
34338;0;0;0;1;0;0;0;0;0;0;0;0;0;0;0;0;0;0;0;20.022706985473633;-100;0
34348;0;0;0;1;0;0;0;0;0;0;0;0;0;0;0;0;0;0;0;20.022706985473633;-100;0
34359;0;0;0;1;0;0;0;0;0;0;0;0;0;0;0;0;0;0;0;20.022706985473633;-100;0
34369;0;0;0;1;0;0;0;0;0;0;0;0;0;0;0;0;0;0;0;20.022706985473633;-100;0
34379;0;0;0;1;0;0;0;0;0;0;0;0;0;0;0;0;0;0;0;20.022706985473633;-100;0
34389;0;0;0;1;0;0;0;0;0;0;0;0;0;0;0;0;0;0;0;20.022706985473633;-100;0
34400;0;0;0;1;0;0;0;0;0;0;0;0;0;0;0;0;0;0;0;20.022706985473633;-100;0
34411;0;0;0;1;0;0;0;0;0;0;0;0;0;0;0;0;0;0;0;20.022706985473633;-100;0
34421;0;0;0;1;0;0;0;0;0;0;0;0;0;0;0;0;0;0;0;20.022706985473633;-100;0
34432;0;0;0;1;0;0;0;0;0;0;0;0;0;0;0;0;0;0;0;20.022706985473633;-100;0
34442;0;0;0;1;0;0;0;0;0;0;0;0;0;0;0;0;0;0;0;20.022706985473633;-100;0
34453;0;0;0;1;0;0;0;0;0;0;0;0;0;0;0;0;0;0;0;20.022706985473633;-100;0
34463;0;0;0;1;0;0;0;0;0;0;0;0;0;0;0;0;0;0;0;20.022706985473633;-100;0
34473;0;0;0;1;0;0;0;0;0;0;0;0;0;0;0;0;0;0;0;20.022706985473633;-100;0
34484;0;0;0;1;0;0;0;0;0;0;0;0;0;0;0;0;0;0;0;20.022706985473633;-100;0
34494;0;0;0;1;0;0;0;0;0;0;0;0;0;0;0;0;0;0;0;20.022706985473633;-100;0
34506;0;0;0;1;0;0;0;0;0;0;0;0;0;0;0;0;0;0;0;20.022706985473633;-100;0
34516;0;0;0;1;0;0;0;0;0;0;0;0;0;0;0;0;0;0;0;20.022706985473633;-100;0
34526;0;0;0;1;0;0;0;0;0;0;0;0;0;0;0;0;0;0;0;20.022706985473633;-100;0
34538;0;0;0;1;0;0;0;0;0;0;0;0;0;0;0;0;0;0;0;20.022706985473633;-100;0
34550;0;0;0;1;0;0;0;0;0;0;0;0;0;0;0;0;0;0;0;20.022706985473633;-100;0
34560;0;0;0;1;0;0;0;0;0;0;0;0;0;0;0;0;0;0;0;20.022706985473633;-100;0
34570;0;0;0;1;0;0;0;0;0;0;0;0;0;0;0;0;0;0;0;20.022706985473633;-100;0
34581;0;0;0;1;0;0;0;0;0;0;0;0;0;0;0;0;0;0;0;20.022706985473633;-100;0
34591;0;0;0;1;0;0;0;0;0;0;0;0;0;0;0;0;0;0;0;20.022706985473633;-100;0
34601;0;0;0;1;0;0;0;0;0;0;0;0;0;0;0;0;0;0;0;20.022706985473633;-100;0
34612;0;0;0;1;0;0;0;0;0;0;0;0;0;0;0;0;0;0;0;20.022706985473633;-100;0
34622;0;0;0;1;0;0;0;0;0;0;0;0;0;0;0;0;0;0;0;20.022706985473633;-100;0
34633;0;0;0;1;0;0;0;0;0;0;0;0;0;0;0;0;0;0;0;20.022706985473633;-100;0
34642;0;0;0;1;0;0;0;0;0;0;0;0;0;0;0;0;0;0;0;20.022706985473633;-100;0
34653;0;0;0;1;0;0;0;0;0;0;0;0;0;0;0;0;0;0;0;20.022706985473633;-100;0
34664;0;0;0;1;0;0;0;0;0;0;0;0;0;0;0;0;0;0;0;20.022706985473633;-100;0
34674;0;0;0;1;0;0;0;0;0;0;0;0;0;0;0;0;0;0;0;20.022706985473633;-100;0
34686;0;0;0;1;0;0;0;0;0;0;0;0;0;0;0;0;0;0;0;20.022706985473633;-100;0
34697;0;0;0;1;0;0;0;0;0;0;0;0;0;0;0;0;0;0;0;20.022706985473633;-100;0
34708;0;0;0;1;0;0;0;0;0;0;0;0;0;0;0;0;0;0;0;20.022706985473633;-100;0
34719;0;0;0;1;0;0;0;0;0;0;0;0;0;0;0;0;0;0;0;20.022706985473633;-100;0
34730;0;0;0;1;0;0;0;0;0;0;0;0;0;0;0;0;0;0;0;20.022706985473633;-100;0
34741;0;0;0;1;0;0;0;0;0;0;0;0;0;0;0;0;0;0;0;20.022706985473633;-100;0
34751;0;0;0;1;0;0;0;0;0;0;0;0;0;0;0;0;0;0;0;20.022706985473633;-100;0
34762;0;0;0;1;0;0;0;0;0;0;0;0;0;0;0;0;0;0;0;20.022706985473633;-100;0
34772;0;0;0;1;0;0;0;0;0;0;0;0;0;0;0;0;0;0;0;20.022706985473633;-100;0
34783;0;0;0;1;0;0;0;0;0;0;0;0;0;0;0;0;0;0;0;20.022706985473633;-100;0
34794;0;0;0;1;0;0;0;0;0;0;0;0;0;0;0;0;0;0;0;20.022706985473633;-100;0
34804;0;0;0;1;0;0;0;0;0;0;0;0;0;0;0;0;0;0;0;20.022706985473633;-100;0
34814;0;0;0;1;0;0;0;0;0;0;0;0;0;0;0;0;0;0;0;20.022706985473633;-100;0
34824;0;0;0;1;0;0;0;0;0;0;0;0;0;0;0;0;0;0;0;20.022706985473633;-100;0
34836;0;0;0;1;0;0;0;0;0;0;0;0;0;0;0;0;0;0;0;20.022706985473633;-100;0
34847;0;0;0;1;0;0;0;0;0;0;0;0;0;0;0;0;0;0;0;20.022706985473633;-100;0
34858;0;0;0;1;0;0;0;0;0;0;0;0;0;0;0;0;0;0;0;20.022706985473633;-100;0
34868;0;0;0;1;0;0;0;0;0;0;0;0;0;0;0;0;0;0;0;20.022706985473633;-100;0
34880;0;0;0;1;0;0;0;0;0;0;0;0;0;0;0;0;0;0;0;20.022706985473633;-100;0
34891;0;0;0;1;0;0;0;0;0;0;0;0;0;0;0;0;0;0;0;20.022706985473633;-100;0
34902;0;0;0;1;0;0;0;0;0;0;0;0;0;0;0;0;0;0;0;20.022706985473633;-100;0
34912;0;0;0;1;0;0;0;0;0;0;0;0;0;0;0;0;0;0;0;20.022706985473633;-100;0
34921;0;0;0;1;0;0;0;0;0;0;0;0;0;0;0;0;0;0;0;20.022706985473633;-100;0
34933;0;0;0;1;0;0;0;0;0;0;0;0;0;0;0;0;0;0;0;20.022706985473633;-100;0
34943;0;0;0;1;0;0;0;0;0;0;0;0;0;0;0;0;0;0;0;20.022706985473633;-100;0
34953;0;0;0;1;0;0;0;0;0;0;0;0;0;0;0;0;0;0;0;20.022706985473633;-100;0
34964;0;0;0;1;0;0;0;0;0;0;0;0;0;0;0;0;0;0;0;20.022706985473633;-100;0
34974;0;0;0;1;0;0;0;0;0;0;0;0;0;0;0;0;0;0;0;20.022706985473633;-100;0
34984;0;0;0;1;0;0;0;0;0;0;0;0;0;0;0;0;0;0;0;20.022706985473633;-100;0
34994;0;0;0;1;0;0;0;0;0;0;0;0;0;0;0;0;0;0;0;20.022706985473633;-100;0
35005;0;0;0;1;0;0;0;0;0;0;0;0;0;0;0;0;0;0;0;20.022706985473633;-100;0
35016;0;0;0;1;0;0;0;0;0;0;0;0;0;0;0;0;0;0;0;20.022706985473633;-100;0
35027;0;0;0;1;0;0;0;0;0;0;0;0;0;0;0;0;0;0;0;20.022706985473633;-100;0
35038;0;0;0;1;0;0;0;0;0;0;0;0;0;0;0;0;0;0;0;20.022706985473633;-100;0
35048;0;0;0;1;0;0;0;0;0;0;0;0;0;0;0;0;0;0;0;20.022706985473633;-100;0
35058;0;0;0;1;0;0;0;0;0;0;0;0;0;0;0;0;0;0;0;20.022706985473633;-100;0
35068;0;0;0;1;0;0;0;0;0;0;0;0;0;0;0;0;0;0;0;20.022706985473633;-100;0
35079;0;0;0;1;0;0;0;0;0;0;0;0;0;0;0;0;0;0;0;20.022706985473633;-100;0
35090;0;0;0;1;0;0;0;0;0;0;0;0;0;0;0;0;0;0;0;20.022706985473633;-100;0
35100;0;0;0;1;0;0;0;0;0;0;0;0;0;0;0;0;0;0;0;20.022706985473633;-100;0
35111;0;0;0;1;0;0;0;0;0;0;0;0;0;0;0;0;0;0;0;20.022706985473633;-100;0
35122;0;0;0;1;0;0;0;0;0;0;0;0;0;0;0;0;0;0;0;20.022706985473633;-100;0
35133;0;0;0;1;0;0;0;0;0;0;0;0;0;0;0;0;0;0;0;20.022706985473633;-100;0
35144;0;0;0;1;0;0;0;0;0;0;0;0;0;0;0;0;0;0;0;20.022706985473633;-100;0
35155;0;0;0;1;0;0;0;0;0;0;0;0;0;0;0;0;0;0;0;20.022706985473633;-100;0
35165;0;0;0;1;0;0;0;0;0;0;0;0;0;0;0;0;0;0;0;20.022706985473633;-100;0
35176;0;0;0;1;0;0;0;0;0;0;0;0;0;0;0;0;0;0;0;20.022706985473633;-100;0
35188;0;0;0;1;0;0;0;0;0;0;0;0;0;0;0;0;0;0;0;20.022706985473633;-100;0
35198;0;0;0;1;0;0;0;0;0;0;0;0;0;0;0;0;0;0;0;20.022706985473633;-100;0
35210;0;0;0;1;0;0;0;0;0;0;0;0;0;0;0;0;0;0;0;20.022706985473633;-100;0
35220;0;0;0;1;0;0;0;0;0;0;0;0;0;0;0;0;0;0;0;20.022706985473633;-100;0
35231;0;0;0;1;0;0;0;0;0;0;0;0;0;0;0;0;0;0;0;20.022706985473633;-100;0
35241;0;0;0;1;0;0;0;0;0;0;0;0;0;0;0;0;0;0;0;20.022706985473633;-100;0
35252;0;0;0;1;0;0;0;0;0;0;0;0;0;0;0;0;0;0;0;20.022706985473633;-100;0
35263;0;0;0;1;0;0;0;0;0;0;0;0;0;0;0;0;0;0;0;20.022706985473633;-100;0
35273;0;0;0;1;0;0;0;0;0;0;0;0;0;0;0;0;0;0;0;20.022706985473633;-100;0
35283;0;0;0;1;0;0;0;0;0;0;0;0;0;0;0;0;0;0;0;20.022706985473633;-100;0
35294;0;0;0;1;0;0;0;0;0;0;0;0;0;0;0;0;0;0;0;20.022706985473633;-100;0
35304;0;0;0;1;0;0;0;0;0;0;0;0;0;0;0;0;0;0;0;20.022706985473633;-100;0
35315;0;0;0;1;0;0;0;0;0;0;0;0;0;0;0;0;0;0;0;20.022706985473633;-100;0
35325;0;0;0;1;0;0;0;0;0;0;0;0;0;0;0;0;0;0;0;20.022706985473633;-100;0
35335;0;0;0;1;0;0;0;0;0;0;0;0;0;0;0;0;0;0;0;20.022706985473633;-100;0
35346;0;0;0;1;0;0;0;0;0;0;0;0;0;0;0;0;0;0;0;20.022706985473633;-100;0
35357;0;0;0;1;0;0;0;0;0;0;0;0;0;0;0;0;0;0;0;20.022706985473633;-100;0
35367;0;0;0;1;0;0;0;0;0;0;0;0;0;0;0;0;0;0;0;20.022706985473633;-100;0
35377;0;0;0;1;0;0;0;0;0;0;0;0;0;0;0;0;0;0;0;20.022706985473633;-100;0
35387;0;0;0;1;0;0;0;0;0;0;0;0;0;0;0;0;0;0;0;20.022706985473633;-100;0
35398;0;0;0;1;0;0;0;0;0;0;0;0;0;0;0;0;0;0;0;20.022706985473633;-100;0
35408;0;0;0;1;0;0;0;0;0;0;0;0;0;0;0;0;0;0;0;20.022706985473633;-100;0
35419;0;0;0;1;0;0;0;0;0;0;0;0;0;0;0;0;0;0;0;20.022706985473633;-100;0
35430;0;0;0;1;0;0;0;0;0;0;0;0;0;0;0;0;0;0;0;20.022706985473633;-100;0
35440;0;0;0;1;0;0;0;0;0;0;0;0;0;0;0;0;0;0;0;20.022706985473633;-100;0
35450;0;0;0;1;0;0;0;0;0;0;0;0;0;0;0;0;0;0;0;20.022706985473633;-100;0
35461;0;0;0;1;0;0;0;0;0;0;0;0;0;0;0;0;0;0;0;20.022706985473633;-100;0
35471;0;0;0;1;0;0;0;0;0;0;0;0;0;0;0;0;0;0;0;20.022706985473633;-100;0
35481;0;0;0;1;0;0;0;0;0;0;0;0;0;0;0;0;0;0;0;20.022706985473633;-100;0
35491;0;0;0;1;0;0;0;0;0;0;0;0;0;0;0;0;0;0;0;20.022706985473633;-100;0
35502;0;0;0;1;0;0;0;0;0;0;0;0;0;0;0;0;0;0;0;20.022706985473633;-100;0
35512;0;0;0;1;0;0;0;0;0;0;0;0;0;0;0;0;0;0;0;20.022706985473633;-100;0
35524;0;0;0;1;0;0;0;0;0;0;0;0;0;0;0;0;0;0;0;20.022706985473633;-100;0
35535;0;0;0;1;0;0;0;0;0;0;0;0;0;0;0;0;0;0;0;20.022706985473633;-100;0
35546;0;0;0;1;0;0;0;0;0;0;0;0;0;0;0;0;0;0;0;20.022706985473633;-100;0
35557;0;0;0;1;0;0;0;0;0;0;0;0;0;0;0;0;0;0;0;20.022706985473633;-100;0
35567;0;0;0;1;0;0;0;0;0;0;0;0;0;0;0;0;0;0;0;20.022706985473633;-100;0
35577;0;0;0;1;0;0;0;0;0;0;0;0;0;0;0;0;0;0;0;20.022706985473633;-100;0
35587;0;0;0;1;0;0;0;0;0;0;0;0;0;0;0;0;0;0;0;20.022706985473633;-100;0
35597;0;0;0;1;0;0;0;0;0;0;0;0;0;0;0;0;0;0;0;20.022706985473633;-100;0
35608;0;0;0;1;0;0;0;0;0;0;0;0;0;0;0;0;0;0;0;20.022706985473633;-100;0
35619;0;0;0;1;0;0;0;0;0;0;0;0;0;0;0;0;0;0;0;20.022706985473633;-100;0
35629;0;0;0;1;0;0;0;0;0;0;0;0;0;0;0;0;0;0;0;20.022706985473633;-100;0
35640;0;0;0;1;0;0;0;0;0;0;0;0;0;0;0;0;0;0;0;20.022706985473633;-100;0
35651;0;0;0;1;0;0;0;0;0;0;0;0;0;0;0;0;0;0;0;20.022706985473633;-100;0
35662;0;0;0;1;0;0;0;0;0;0;0;0;0;0;0;0;0;0;0;20.022706985473633;-100;0
35672;0;0;0;1;0;0;0;0;0;0;0;0;0;0;0;0;0;0;0;20.022706985473633;-100;0
35684;0;0;0;1;0;0;0;0;0;0;0;0;0;0;0;0;0;0;0;20.022706985473633;-100;0
35694;0;0;0;1;0;0;0;0;0;0;0;0;0;0;0;0;0;0;0;20.022706985473633;-100;0
35705;0;0;0;1;0;0;0;0;0;0;0;0;0;0;0;0;0;0;0;20.022706985473633;-100;0
35714;0;0;0;1;0;0;0;0;0;0;0;0;0;0;0;0;0;0;0;20.022706985473633;-100;0
35726;0;0;0;1;0;0;0;0;0;0;0;0;0;0;0;0;0;0;0;20.022706985473633;-100;0
35737;0;0;0;1;0;0;0;0;0;0;0;0;0;0;0;0;0;0;0;20.022706985473633;-100;0
35748;0;0;0;1;0;0;0;0;0;0;0;0;0;0;0;0;0;0;0;20.022706985473633;-100;0
35758;0;0;0;1;0;0;0;0;0;0;0;0;0;0;0;0;0;0;0;20.022706985473633;-100;0
35769;0;0;0;1;0;0;0;0;0;0;0;0;0;0;0;0;0;0;0;20.022706985473633;-100;0
35781;0;0;0;1;0;0;0;0;0;0;0;0;0;0;0;0;0;0;0;20.022706985473633;-100;0
35790;0;0;0;1;0;0;0;0;0;0;0;0;0;0;0;0;0;0;0;20.022706985473633;-100;0
35801;0;0;0;1;0;0;0;0;0;0;0;0;0;0;0;0;0;0;0;20.022706985473633;-100;0
35811;0;0;0;1;0;0;0;0;0;0;0;0;0;0;0;0;0;0;0;20.022706985473633;-100;0
35822;0;0;0;1;0;0;0;0;0;0;0;0;0;0;0;0;0;0;0;20.022706985473633;-100;0
35831;0;0;0;1;0;0;0;0;0;0;0;0;0;0;0;0;0;0;0;20.022706985473633;-100;0
35844;0;0;0;1;0;0;0;0;0;0;0;0;0;0;0;0;0;0;0;20.022706985473633;-100;0
35854;0;0;0;1;0;0;0;0;0;0;0;0;0;0;0;0;0;0;0;20.022706985473633;-100;0
35864;0;0;0;1;0;0;0;0;0;0;0;0;0;0;0;0;0;0;0;20.022706985473633;-100;0
35876;0;0;0;1;0;0;0;0;0;0;0;0;0;0;0;0;0;0;0;20.022706985473633;-100;0
35887;0;0;0;1;0;0;0;0;0;0;0;0;0;0;0;0;0;0;0;20.022706985473633;-100;0
35897;0;0;0;1;0;0;0;0;0;0;0;0;0;0;0;0;0;0;0;20.022706985473633;-100;0
35907;0;0;0;1;0;0;0;0;0;0;0;0;0;0;0;0;0;0;0;20.022706985473633;-100;0
35917;0;0;0;1;0;0;0;0;0;0;0;0;0;0;0;0;0;0;0;20.022706985473633;-100;0
35928;0;0;0;1;0;0;0;0;0;0;0;0;0;0;0;0;0;0;0;20.022706985473633;-100;0
35938;0;0;0;1;0;0;0;0;0;0;0;0;0;0;0;0;0;0;0;20.022706985473633;-100;0
35948;0;0;0;1;0;0;0;0;0;0;0;0;0;0;0;0;0;0;0;20.022706985473633;-100;0
35958;0;0;0;1;0;0;0;0;0;0;0;0;0;0;0;0;0;0;0;20.022706985473633;-100;0
35969;0;0;0;1;0;0;0;0;0;0;0;0;0;0;0;0;0;0;0;20.022706985473633;-100;0
35979;0;0;0;1;0;0;0;0;0;0;0;0;0;0;0;0;0;0;0;20.022706985473633;-100;0
35989;0;0;0;1;0;0;0;0;0;0;0;0;0;0;0;0;0;0;0;20.022706985473633;-100;0
36000;0;0;0;1;0;0;0;0;0;0;0;0;0;0;0;0;0;0;0;20.022706985473633;-100;0
36010;0;0;0;1;0;0;0;0;0;0;0;0;0;0;0;0;0;0;0;20.022706985473633;-100;0
36020;0;0;0;1;0;0;0;0;0;0;0;0;0;0;0;0;0;0;0;20.022706985473633;-100;0
36031;0;0;0;1;0;0;0;0;0;0;0;0;0;0;0;0;0;0;0;20.022706985473633;-100;0
36041;0;0;0;1;0;0;0;0;0;0;0;0;0;0;0;0;0;0;0;20.022706985473633;-100;0
36051;0;0;0;1;0;0;0;0;0;0;0;0;0;0;0;0;0;0;0;20.022706985473633;-100;0
36062;0;0;0;1;0;0;0;0;0;0;0;0;0;0;0;0;0;0;0;20.022706985473633;-100;0
36072;0;0;0;1;0;0;0;0;0;0;0;0;0;0;0;0;0;0;0;20.022706985473633;-100;0
36083;0;0;0;1;0;0;0;0;0;0;0;0;0;0;0;0;0;0;0;20.022706985473633;-100;0
36093;0;0;0;1;0;0;0;0;0;0;0;0;0;0;0;0;0;0;0;20.022706985473633;-100;0
36103;0;0;0;1;0;0;0;0;0;0;0;0;0;0;0;0;0;0;0;20.022706985473633;-100;0
36114;0;0;0;1;0;0;0;0;0;0;0;0;0;0;0;0;0;0;0;20.022706985473633;-100;0
36124;0;0;0;1;0;0;0;0;0;0;0;0;0;0;0;0;0;0;0;20.022706985473633;-100;0
36135;0;0;0;1;0;0;0;0;0;0;0;0;0;0;0;0;0;0;0;20.022706985473633;-100;0
36145;0;0;0;1;0;0;0;0;0;0;0;0;0;0;0;0;0;0;0;20.022706985473633;-100;0
36155;0;0;0;1;0;0;0;0;0;0;0;0;0;0;0;0;0;0;0;20.022706985473633;-100;0
36166;0;0;0;1;0;0;0;0;0;0;0;0;0;0;0;0;0;0;0;20.022706985473633;-100;0
36177;0;0;0;1;0;0;0;0;0;0;0;0;0;0;0;0;0;0;0;20.022706985473633;-100;0
36188;0;0;0;1;0;0;0;0;0;0;0;0;0;0;0;0;0;0;0;20.022706985473633;-100;0
36200;0;0;0;1;0;0;0;0;0;0;0;0;0;0;0;0;0;0;0;20.022706985473633;-100;0
36212;0;0;0;1;0;0;0;0;0;0;0;0;0;0;0;0;0;0;0;20.022706985473633;-100;0
36223;0;0;0;1;0;0;0;0;0;0;0;0;0;0;0;0;0;0;0;20.022706985473633;-100;0
36233;0;0;0;1;0;0;0;0;0;0;0;0;0;0;0;0;0;0;0;20.022706985473633;-100;0
36244;0;0;0;1;0;0;0;0;0;0;0;0;0;0;0;0;0;0;0;20.022706985473633;-100;0
36255;0;0;0;1;0;0;0;0;0;0;0;0;0;0;0;0;0;0;0;20.022706985473633;-100;0
36266;0;0;0;1;0;0;0;0;0;0;0;0;0;0;0;0;0;0;0;20.022706985473633;-100;0
36276;0;0;0;1;0;0;0;0;0;0;0;0;0;0;0;0;0;0;0;20.022706985473633;-100;0
36287;0;0;0;1;0;0;0;0;0;0;0;0;0;0;0;0;0;0;0;20.022706985473633;-100;0
36299;0;0;0;1;0;0;0;0;0;0;0;0;0;0;0;0;0;0;0;20.022706985473633;-100;0
36310;0;0;0;1;0;0;0;0;0;0;0;0;0;0;0;0;0;0;0;20.022706985473633;-100;0
36320;0;0;0;1;0;0;0;0;0;0;0;0;0;0;0;0;0;0;0;20.022706985473633;-100;0
36330;0;0;0;1;0;0;0;0;0;0;0;0;0;0;0;0;0;0;0;20.022706985473633;-100;0
36341;0;0;0;1;0;0;0;0;0;0;0;0;0;0;0;0;0;0;0;20.022706985473633;-100;0
36351;0;0;0;1;0;0;0;0;0;0;0;0;0;0;0;0;0;0;0;20.022706985473633;-100;0
36361;0;0;0;1;0;0;0;0;0;0;0;0;0;0;0;0;0;0;0;20.022706985473633;-100;0
36372;0;0;0;1;0;0;0;0;0;0;0;0;0;0;0;0;0;0;0;20.022706985473633;-100;0
36382;0;0;0;1;0;0;0;0;0;0;0;0;0;0;0;0;0;0;0;20.022706985473633;-100;0
36392;0;0;0;1;0;0;0;0;0;0;0;0;0;0;0;0;0;0;0;20.022706985473633;-100;0
36404;0;0;0;1;0;0;0;0;0;0;0;0;0;0;0;0;0;0;0;20.022706985473633;-100;0
36414;0;0;0;1;0;0;0;0;0;0;0;0;0;0;0;0;0;0;0;20.022706985473633;-100;0
36424;0;0;0;1;0;0;0;0;0;0;0;0;0;0;0;0;0;0;0;20.022706985473633;-100;0
36434;0;0;0;1;0;0;0;0;0;0;0;0;0;0;0;0;0;0;0;20.022706985473633;-100;0
36445;0;0;0;1;0;0;0;0;0;0;0;0;0;0;0;0;0;0;0;20.022706985473633;-100;0
36455;0;0;0;1;0;0;0;0;0;0;0;0;0;0;0;0;0;0;0;20.022706985473633;-100;0
36466;0;0;0;1;0;0;0;0;0;0;0;0;0;0;0;0;0;0;0;20.022706985473633;-100;0
36476;0;0;0;1;0;0;0;0;0;0;0;0;0;0;0;0;0;0;0;20.022706985473633;-100;0
36487;0;0;0;1;0;0;0;0;0;0;0;0;0;0;0;0;0;0;0;20.022706985473633;-100;0
36497;0;0;0;1;0;0;0;0;0;0;0;0;0;0;0;0;0;0;0;20.022706985473633;-100;0
36507;0;0;0;1;0;0;0;0;0;0;0;0;0;0;0;0;0;0;0;20.022706985473633;-100;0
36518;0;0;0;1;0;0;0;0;0;0;0;0;0;0;0;0;0;0;0;20.022706985473633;-100;0
36528;0;0;0;1;0;0;0;0;0;0;0;0;0;0;0;0;0;0;0;20.022706985473633;-100;0
36539;0;0;0;1;0;0;0;0;0;0;0;0;0;0;0;0;0;0;0;20.022706985473633;-100;0
36550;0;0;0;1;0;0;0;0;0;0;0;0;0;0;0;0;0;0;0;20.022706985473633;-100;0
36560;0;0;0;1;0;0;0;0;0;0;0;0;0;0;0;0;0;0;0;20.022706985473633;-100;0
36572;0;0;0;1;0;0;0;0;0;0;0;0;0;0;0;0;0;0;0;20.022706985473633;-100;0
36583;0;0;0;1;0;0;0;0;0;0;0;0;0;0;0;0;0;0;0;20.022706985473633;-100;0
36594;0;0;0;1;0;0;0;0;0;0;0;0;0;0;0;0;0;0;0;20.022706985473633;-100;0
36605;0;0;0;1;0;0;0;0;0;0;0;0;0;0;0;0;0;0;0;20.022706985473633;-100;0
36614;0;0;0;1;0;0;0;0;0;0;0;0;0;0;0;0;0;0;0;20.022706985473633;-100;0
36625;0;0;0;1;0;0;0;0;0;0;0;0;0;0;0;0;0;0;0;20.022706985473633;-100;0
36636;0;0;0;1;0;0;0;0;0;0;0;0;0;0;0;0;0;0;0;20.022706985473633;-100;0
36646;0;0;0;1;0;0;0;0;0;0;0;0;0;0;0;0;0;0;0;20.022706985473633;-100;0
36656;0;0;0;1;0;0;0;0;0;0;0;0;0;0;0;0;0;0;0;20.022706985473633;-100;0
36666;0;0;0;1;0;0;0;0;0;0;0;0;0;0;0;0;0;0;0;20.022706985473633;-100;0
36677;0;0;0;1;0;0;0;0;0;0;0;0;0;0;0;0;0;0;0;20.022706985473633;-100;0
36688;0;0;0;1;0;0;0;0;0;0;0;0;0;0;0;0;0;0;0;20.022706985473633;-100;0
36699;0;0;0;1;0;0;0;0;0;0;0;0;0;0;0;0;0;0;0;20.022706985473633;-100;0
36710;0;0;0;1;0;0;0;0;0;0;0;0;0;0;0;0;0;0;0;20.022706985473633;-100;0
36721;0;0;0;1;0;0;0;0;0;0;0;0;0;0;0;0;0;0;0;20.022706985473633;-100;0
36731;0;0;0;1;0;0;0;0;0;0;0;0;0;0;0;0;0;0;0;20.022706985473633;-100;0
36741;0;0;0;1;0;0;0;0;0;0;0;0;0;0;0;0;0;0;0;20.022706985473633;-100;0
36752;0;0;0;1;0;0;0;0;0;0;0;0;0;0;0;0;0;0;0;20.022706985473633;-100;0
36763;0;0;0;1;0;0;0;0;0;0;0;0;0;0;0;0;0;0;0;20.022706985473633;-100;0
36774;0;0;0;1;0;0;0;0;0;0;0;0;0;0;0;0;0;0;0;20.022706985473633;-100;0
36784;0;0;0;1;0;0;0;0;0;0;0;0;0;0;0;0;0;0;0;20.022706985473633;-100;0
36794;0;0;0;1;0;0;0;0;0;0;0;0;0;0;0;0;0;0;0;20.022706985473633;-100;0
36805;0;0;0;1;0;0;0;0;0;0;0;0;0;0;0;0;0;0;0;20.022706985473633;-100;0
36816;0;0;0;1;0;0;0;0;0;0;0;0;0;0;0;0;0;0;0;20.022706985473633;-100;0
36826;0;0;0;1;0;0;0;0;0;0;0;0;0;0;0;0;0;0;0;20.022706985473633;-100;0
36837;0;0;0;1;0;0;0;0;0;0;0;0;0;0;0;0;0;0;0;20.022706985473633;-100;0
36847;0;0;0;1;0;0;0;0;0;0;0;0;0;0;0;0;0;0;0;20.022706985473633;-100;0
36857;0;0;0;1;0;0;0;0;0;0;0;0;0;0;0;0;0;0;0;20.022706985473633;-100;0
36868;0;0;0;1;0;0;0;0;0;0;0;0;0;0;0;0;0;0;0;20.022706985473633;-100;0
36878;0;0;0;1;0;0;0;0;0;0;0;0;0;0;0;0;0;0;0;20.022706985473633;-100;0
36890;0;0;0;1;0;0;0;0;0;0;0;0;0;0;0;0;0;0;0;20.022706985473633;-100;0
36901;0;0;0;1;0;0;0;0;0;0;0;0;0;0;0;0;0;0;0;20.022706985473633;-100;0
36911;0;0;0;1;0;0;0;0;0;0;0;0;0;0;0;0;0;0;0;20.022706985473633;-100;0
36922;0;0;0;1;0;0;0;0;0;0;0;0;0;0;0;0;0;0;0;20.022706985473633;-100;0
36932;0;0;0;1;0;0;0;0;0;0;0;0;0;0;0;0;0;0;0;20.022706985473633;-100;0
36942;0;0;0;1;0;0;0;0;0;0;0;0;0;0;0;0;0;0;0;20.022706985473633;-100;0
36952;0;0;0;1;0;0;0;0;0;0;0;0;0;0;0;0;0;0;0;20.022706985473633;-100;0
36963;0;0;0;1;0;0;0;0;0;0;0;0;0;0;0;0;0;0;0;20.022706985473633;-100;0
36973;0;0;0;1;0;0;0;0;0;0;0;0;0;0;0;0;0;0;0;20.022706985473633;-100;0
36984;0;0;0;1;0;0;0;0;0;0;0;0;0;0;0;0;0;0;0;20.022706985473633;-100;0
36995;0;0;0;1;0;0;0;0;0;0;0;0;0;0;0;0;0;0;0;20.022706985473633;-100;0
37006;0;0;0;1;0;0;0;0;0;0;0;0;0;0;0;0;0;0;0;20.022706985473633;-100;0
37019;0;0;0;1;0;0;0;0;0;0;0;0;0;0;0;0;0;0;0;20.022706985473633;-100;0
37028;0;0;0;1;0;0;0;0;0;0;0;0;0;0;0;0;0;0;0;20.022706985473633;-100;0
37039;0;0;0;1;0;0;0;0;0;0;0;0;0;0;0;0;0;0;0;20.022706985473633;-100;0
37051;0;0;0;1;0;0;0;0;0;0;0;0;0;0;0;0;0;0;0;20.022706985473633;-100;0
37060;0;0;0;1;0;0;0;0;0;0;0;0;0;0;0;0;0;0;0;20.022706985473633;-100;0
37071;0;0;0;1;0;0;0;0;0;0;0;0;0;0;0;0;0;0;0;20.022706985473633;-100;0
37081;0;0;0;1;0;0;0;0;0;0;0;0;0;0;0;0;0;0;0;20.022706985473633;-100;0
37092;0;0;0;1;0;0;0;0;0;0;0;0;0;0;0;0;0;0;0;20.022706985473633;-100;0
37102;0;0;0;1;0;0;0;0;0;0;0;0;0;0;0;0;0;0;0;20.022706985473633;-100;0
37113;0;0;0;1;0;0;0;0;0;0;0;0;0;0;0;0;0;0;0;20.022706985473633;-100;0
37123;0;0;0;1;0;0;0;0;0;0;0;0;0;0;0;0;0;0;0;20.022706985473633;-100;0
37133;0;0;0;1;0;0;0;0;0;0;0;0;0;0;0;0;0;0;0;20.022706985473633;-100;0
37144;0;0;0;1;0;0;0;0;0;0;0;0;0;0;0;0;0;0;0;20.022706985473633;-100;0
37155;0;0;0;1;0;0;0;0;0;0;0;0;0;0;0;0;0;0;0;20.022706985473633;-100;0
37167;0;0;0;1;0;0;0;0;0;0;0;0;0;0;0;0;0;0;0;20.022706985473633;-100;0
37178;0;0;0;1;0;0;0;0;0;0;0;0;0;0;0;0;0;0;0;20.022706985473633;-100;0
37189;0;0;0;1;0;0;0;0;0;0;0;0;0;0;0;0;0;0;0;20.022706985473633;-100;0
37200;0;0;0;1;0;0;0;0;0;0;0;0;0;0;0;0;0;0;0;20.022706985473633;-100;0
37211;0;0;0;1;0;0;0;0;0;0;0;0;0;0;0;0;0;0;0;20.022706985473633;-100;0
37222;0;0;0;1;0;0;0;0;0;0;0;0;0;0;0;0;0;0;0;20.022706985473633;-100;0
37232;0;0;0;1;0;0;0;0;0;0;0;0;0;0;0;0;0;0;0;20.022706985473633;-100;0
37242;0;0;0;1;0;0;0;0;0;0;0;0;0;0;0;0;0;0;0;20.022706985473633;-100;0
37252;0;0;0;1;0;0;0;0;0;0;0;0;0;0;0;0;0;0;0;20.022706985473633;-100;0
37263;0;0;0;1;0;0;0;0;0;0;0;0;0;0;0;0;0;0;0;20.022706985473633;-100;0
37273;0;0;0;1;0;0;0;0;0;0;0;0;0;0;0;0;0;0;0;20.022706985473633;-100;0
37283;0;0;0;1;0;0;0;0;0;0;0;0;0;0;0;0;0;0;0;20.022706985473633;-100;0
37294;0;0;0;1;0;0;0;0;0;0;0;0;0;0;0;0;0;0;0;20.022706985473633;-100;0
37305;0;0;0;1;0;0;0;0;0;0;0;0;0;0;0;0;0;0;0;20.022706985473633;-100;0
37315;0;0;0;1;0;0;0;0;0;0;0;0;0;0;0;0;0;0;0;20.022706985473633;-100;0
37325;0;0;0;1;0;0;0;0;0;0;0;0;0;0;0;0;0;0;0;20.022706985473633;-100;0
37336;0;0;0;1;0;0;0;0;0;0;0;0;0;0;0;0;0;0;0;20.022706985473633;-100;0
37346;0;0;0;1;0;0;0;0;0;0;0;0;0;0;0;0;0;0;0;20.022706985473633;-100;0
37356;0;0;0;1;0;0;0;0;0;0;0;0;0;0;0;0;0;0;0;20.022706985473633;-100;0
37367;0;0;0;1;0;0;0;0;0;0;0;0;0;0;0;0;0;0;0;20.022706985473633;-100;0
37378;0;0;0;1;0;0;0;0;0;0;0;0;0;0;0;0;0;0;0;20.022706985473633;-100;0
37388;0;0;0;1;0;0;0;0;0;0;0;0;0;0;0;0;0;0;0;20.022706985473633;-100;0
37398;0;0;0;1;0;0;0;0;0;0;0;0;0;0;0;0;0;0;0;20.022706985473633;-100;0
37408;0;0;0;1;0;0;0;0;0;0;0;0;0;0;0;0;0;0;0;20.022706985473633;-100;0
37419;0;0;0;1;0;0;0;0;0;0;0;0;0;0;0;0;0;0;0;20.022706985473633;-100;0
37430;0;0;0;1;0;0;0;0;0;0;0;0;0;0;0;0;0;0;0;20.022706985473633;-100;0
37440;0;0;0;1;0;0;0;0;0;0;0;0;0;0;0;0;0;0;0;20.022706985473633;-100;0
37451;0;0;0;1;0;0;0;0;0;0;0;0;0;0;0;0;0;0;0;20.022706985473633;-100;0
37461;0;0;0;1;0;0;0;0;0;0;0;0;0;0;0;0;0;0;0;20.022706985473633;-100;0
37472;0;0;0;1;0;0;0;0;0;0;0;0;0;0;0;0;0;0;0;20.022706985473633;-100;0
37482;0;0;0;1;0;0;0;0;0;0;0;0;0;0;0;0;0;0;0;20.022706985473633;-100;0
37493;0;0;0;1;0;0;0;0;0;0;0;0;0;0;0;0;0;0;0;20.022706985473633;-100;0
37503;0;0;0;1;0;0;0;0;0;0;0;0;0;0;0;0;0;0;0;20.022706985473633;-100;0
37513;0;0;0;1;0;0;0;0;0;0;0;0;0;0;0;0;0;0;0;20.022706985473633;-100;0
37523;0;0;0;1;0;0;0;0;0;0;0;0;0;0;0;0;0;0;0;20.022706985473633;-100;0
37534;0;0;0;1;0;0;0;0;0;0;0;0;0;0;0;0;0;0;0;20.022706985473633;-100;0
37544;0;0;0;1;0;0;0;0;0;0;0;0;0;0;0;0;0;0;0;20.022706985473633;-100;0
37554;0;0;0;1;0;0;0;0;0;0;0;0;0;0;0;0;0;0;0;20.022706985473633;-100;0
37564;0;0;0;1;0;0;0;0;0;0;0;0;0;0;0;0;0;0;0;20.022706985473633;-100;0
37575;0;0;0;1;0;0;0;0;0;0;0;0;0;0;0;0;0;0;0;20.022706985473633;-100;0
37586;0;0;0;1;0;0;0;0;0;0;0;0;0;0;0;0;0;0;0;20.022706985473633;-100;0
37597;0;0;0;1;0;0;0;0;0;0;0;0;0;0;0;0;0;0;0;20.022706985473633;-100;0
37608;0;0;0;1;0;0;0;0;0;0;0;0;0;0;0;0;0;0;0;20.022706985473633;-100;0
37618;0;0;0;1;0;0;0;0;0;0;0;0;0;0;0;0;0;0;0;20.022706985473633;-100;0
37629;0;0;0;1;0;0;0;0;0;0;0;0;0;0;0;0;0;0;0;20.022706985473633;-100;0
37639;0;0;0;1;0;0;0;0;0;0;0;0;0;0;0;0;0;0;0;20.022706985473633;-100;0
37651;0;0;0;1;0;0;0;0;0;0;0;0;0;0;0;0;0;0;0;20.022706985473633;-100;0
37661;0;0;0;1;0;0;0;0;0;0;0;0;0;0;0;0;0;0;0;20.022706985473633;-100;0
37672;0;0;0;1;0;0;0;0;0;0;0;0;0;0;0;0;0;0;0;20.022706985473633;-100;0
37681;0;0;0;1;0;0;0;0;0;0;0;0;0;0;0;0;0;0;0;20.022706985473633;-100;0
37692;0;0;0;1;0;0;0;0;0;0;0;0;0;0;0;0;0;0;0;20.022706985473633;-100;0
37702;0;0;0;1;0;0;0;0;0;0;0;0;0;0;0;0;0;0;0;20.022706985473633;-100;0
37712;0;0;0;1;0;0;0;0;0;0;0;0;0;0;0;0;0;0;0;20.022706985473633;-100;0
37722;0;0;0;1;0;0;0;0;0;0;0;0;0;0;0;0;0;0;0;20.022706985473633;-100;0
37733;0;0;0;1;0;0;0;0;0;0;0;0;0;0;0;0;0;0;0;20.022706985473633;-100;0
37744;0;0;0;1;0;0;0;0;0;0;0;0;0;0;0;0;0;0;0;20.022706985473633;-100;0
37755;0;0;0;1;0;0;0;0;0;0;0;0;0;0;0;0;0;0;0;20.022706985473633;-100;0
37766;0;0;0;1;0;0;0;0;0;0;0;0;0;0;0;0;0;0;0;20.022706985473633;-100;0
37776;0;0;0;1;0;0;0;0;0;0;0;0;0;0;0;0;0;0;0;20.022706985473633;-100;0
37787;0;0;0;1;0;0;0;0;0;0;0;0;0;0;0;0;0;0;0;20.022706985473633;-100;0
37797;0;0;0;1;0;0;0;0;0;0;0;0;0;0;0;0;0;0;0;20.022706985473633;-100;0
37807;0;0;0;1;0;0;0;0;0;0;0;0;0;0;0;0;0;0;0;20.022706985473633;-100;0
37818;0;0;0;1;0;0;0;0;0;0;0;0;0;0;0;0;0;0;0;20.022706985473633;-100;0
37828;0;0;0;1;0;0;0;0;0;0;0;0;0;0;0;0;0;0;0;20.022706985473633;-100;0
37838;0;0;0;1;0;0;0;0;0;0;0;0;0;0;0;0;0;0;0;20.022706985473633;-100;0
37848;0;0;0;1;0;0;0;0;0;0;0;0;0;0;0;0;0;0;0;20.022706985473633;-100;0
37859;0;0;0;1;0;0;0;0;0;0;0;0;0;0;0;0;0;0;0;20.022706985473633;-100;0
37870;0;0;0;1;0;0;0;0;0;0;0;0;0;0;0;0;0;0;0;20.022706985473633;-100;0
37880;0;0;0;1;0;0;0;0;0;0;0;0;0;0;0;0;0;0;0;20.022706985473633;-100;0
37890;0;0;0;1;0;0;0;0;0;0;0;0;0;0;0;0;0;0;0;20.022706985473633;-100;0
37902;0;0;0;1;0;0;0;0;0;0;0;0;0;0;0;0;0;0;0;20.022706985473633;-100;0
37912;0;0;0;1;0;0;0;0;0;0;0;0;0;0;0;0;0;0;0;20.022706985473633;-100;0
37922;0;0;0;1;0;0;0;0;0;0;0;0;0;0;0;0;0;0;0;20.022706985473633;-100;0
37933;0;0;0;1;0;0;0;0;0;0;0;0;0;0;0;0;0;0;0;20.022706985473633;-100;0
37944;0;0;0;1;0;0;0;0;0;0;0;0;0;0;0;0;0;0;0;20.022706985473633;-100;0
37956;0;0;0;1;0;0;0;0;0;0;0;0;0;0;0;0;0;0;0;20.022706985473633;-100;0
37966;0;0;0;1;0;0;0;0;0;0;0;0;0;0;0;0;0;0;0;20.022706985473633;-100;0
37977;0;0;0;1;0;0;0;0;0;0;0;0;0;0;0;0;0;0;0;20.022706985473633;-100;0
37988;0;0;0;1;0;0;0;0;0;0;0;0;0;0;0;0;0;0;0;20.022706985473633;-100;0
37999;0;0;0;1;0;0;0;0;0;0;0;0;0;0;0;0;0;0;0;20.022706985473633;-100;0
38010;0;0;0;1;0;0;0;0;0;0;0;0;0;0;0;0;0;0;0;20.022706985473633;-100;0
38020;0;0;0;1;0;0;0;0;0;0;0;0;0;0;0;0;0;0;0;20.022706985473633;-100;0
38032;0;0;0;1;0;0;0;0;0;0;0;0;0;0;0;0;0;0;0;20.022706985473633;-100;0
38042;0;0;0;1;0;0;0;0;0;0;0;0;0;0;0;0;0;0;0;20.022706985473633;-100;0
38052;0;0;0;1;0;0;0;0;0;0;0;0;0;0;0;0;0;0;0;20.022706985473633;-100;0
38063;0;0;0;1;0;0;0;0;0;0;0;0;0;0;0;0;0;0;0;20.022706985473633;-100;0
38073;0;0;0;1;0;0;0;0;0;0;0;0;0;0;0;0;0;0;0;20.022706985473633;-100;0
38084;0;0;0;1;0;0;0;0;0;0;0;0;0;0;0;0;0;0;0;20.022706985473633;-100;0
38094;0;0;0;1;0;0;0;0;0;0;0;0;0;0;0;0;0;0;0;20.022706985473633;-100;0
38104;0;0;0;1;0;0;0;0;0;0;0;0;0;0;0;0;0;0;0;20.022706985473633;-100;0
38115;0;0;0;1;0;0;0;0;0;0;0;0;0;0;0;0;0;0;0;20.022706985473633;-100;0
38125;0;0;0;1;0;0;0;0;0;0;0;0;0;0;0;0;0;0;0;20.022706985473633;-100;0
38135;0;0;0;1;0;0;0;0;0;0;0;0;0;0;0;0;0;0;0;20.022706985473633;-100;0
38146;0;0;0;1;0;0;0;0;0;0;0;0;0;0;0;0;0;0;0;20.022706985473633;-100;0
38156;0;0;0;1;0;0;0;0;0;0;0;0;0;0;0;0;0;0;0;20.022706985473633;-100;0
38167;0;0;0;1;0;0;0;0;0;0;0;0;0;0;0;0;0;0;0;20.022706985473633;-100;0
38177;0;0;0;1;0;0;0;0;0;0;0;0;0;0;0;0;0;0;0;20.022706985473633;-100;0
38188;0;0;0;1;0;0;0;0;0;0;0;0;0;0;0;0;0;0;0;20.022706985473633;-100;0
38199;0;0;0;1;0;0;0;0;0;0;0;0;0;0;0;0;0;0;0;20.022706985473633;-100;0
38209;0;0;0;1;0;0;0;0;0;0;0;0;0;0;0;0;0;0;0;20.022706985473633;-100;0
38220;0;0;0;1;0;0;0;0;0;0;0;0;0;0;0;0;0;0;0;20.022706985473633;-100;0
38232;0;0;0;1;0;0;0;0;0;0;0;0;0;0;0;0;0;0;0;20.022706985473633;-100;0
38243;0;0;0;1;0;0;0;0;0;0;0;0;0;0;0;0;0;0;0;20.022706985473633;-100;0
38254;0;0;0;1;0;0;0;0;0;0;0;0;0;0;0;0;0;0;0;20.022706985473633;-100;0
38265;0;0;0;1;0;0;0;0;0;0;0;0;0;0;0;0;0;0;0;20.022706985473633;-100;0
38275;0;0;0;1;0;0;0;0;0;0;0;0;0;0;0;0;0;0;0;20.022706985473633;-100;0
38286;0;0;0;1;0;0;0;0;0;0;0;0;0;0;0;0;0;0;0;20.022706985473633;-100;0
38297;0;0;0;1;0;0;0;0;0;0;0;0;0;0;0;0;0;0;0;20.022706985473633;-100;0
38307;0;0;0;1;0;0;0;0;0;0;0;0;0;0;0;0;0;0;0;20.022706985473633;-100;0
38319;0;0;0;1;0;0;0;0;0;0;0;0;0;0;0;0;0;0;0;20.022706985473633;-100;0
38329;0;0;0;1;0;0;0;0;0;0;0;0;0;0;0;0;0;0;0;20.022706985473633;-100;0
38339;0;0;0;1;0;0;0;0;0;0;0;0;0;0;0;0;0;0;0;20.022706985473633;-100;0
38350;0;0;0;1;0;0;0;0;0;0;0;0;0;0;0;0;0;0;0;20.022706985473633;-100;0
38361;0;0;0;1;0;0;0;0;0;0;0;0;0;0;0;0;0;0;0;20.022706985473633;-100;0
38371;0;0;0;1;0;0;0;0;0;0;0;0;0;0;0;0;0;0;0;20.022706985473633;-100;0
38382;0;0;0;1;0;0;0;0;0;0;0;0;0;0;0;0;0;0;0;20.022706985473633;-100;0
38392;0;0;0;1;0;0;0;0;0;0;0;0;0;0;0;0;0;0;0;20.022706985473633;-100;0
38403;0;0;0;1;0;0;0;0;0;0;0;0;0;0;0;0;0;0;0;20.022706985473633;-100;0
38414;0;0;0;1;0;0;0;0;0;0;0;0;0;0;0;0;0;0;0;20.022706985473633;-100;0
38424;0;0;0;1;0;0;0;0;0;0;0;0;0;0;0;0;0;0;0;20.022706985473633;-100;0
38434;0;0;0;1;0;0;0;0;0;0;0;0;0;0;0;0;0;0;0;20.022706985473633;-100;0
38444;0;0;0;1;0;0;0;0;0;0;0;0;0;0;0;0;0;0;0;20.022706985473633;-100;0
38455;0;0;0;1;0;0;0;0;0;0;0;0;0;0;0;0;0;0;0;20.022706985473633;-100;0
38465;0;0;0;1;0;0;0;0;0;0;0;0;0;0;0;0;0;0;0;20.022706985473633;-100;0
38477;0;0;0;1;0;0;0;0;0;0;0;0;0;0;0;0;0;0;0;20.022706985473633;-100;0
38488;0;0;0;1;0;0;0;0;0;0;0;0;0;0;0;0;0;0;0;20.022706985473633;-100;0
38500;0;0;0;1;0;0;0;0;0;0;0;0;0;0;0;0;0;0;0;20.022706985473633;-100;0
38510;0;0;0;1;0;0;0;0;0;0;0;0;0;0;0;0;0;0;0;20.022706985473633;-100;0
38521;0;0;0;1;0;0;0;0;0;0;0;0;0;0;0;0;0;0;0;20.022706985473633;-100;0
38531;0;0;0;1;0;0;0;0;0;0;0;0;0;0;0;0;0;0;0;20.022706985473633;-100;0
38542;0;0;0;1;0;0;0;0;0;0;0;0;0;0;0;0;0;0;0;20.022706985473633;-100;0
38554;0;0;0;1;0;0;0;0;0;0;0;0;0;0;0;0;0;0;0;20.022706985473633;-100;0
38564;0;0;0;1;0;0;0;0;0;0;0;0;0;0;0;0;0;0;0;20.022706985473633;-100;0
38575;0;0;0;1;0;0;0;0;0;0;0;0;0;0;0;0;0;0;0;20.022706985473633;-100;0
38585;0;0;0;1;0;0;0;0;0;0;0;0;0;0;0;0;0;0;0;20.022706985473633;-100;0
38596;0;0;0;1;0;0;0;0;0;0;0;0;0;0;0;0;0;0;0;20.022706985473633;-100;0
38608;0;0;0;1;0;0;0;0;0;0;0;0;0;0;0;0;0;0;0;20.022706985473633;-100;0
38618;0;0;0;1;0;0;0;0;0;0;0;0;0;0;0;0;0;0;0;20.022706985473633;-100;0
38630;0;0;0;1;0;0;0;0;0;0;0;0;0;0;0;0;0;0;0;20.022706985473633;-100;0
38640;0;0;0;1;0;0;0;0;0;0;0;0;0;0;0;0;0;0;0;20.022706985473633;-100;0
38651;0;0;0;1;0;0;0;0;0;0;0;0;0;0;0;0;0;0;0;20.022706985473633;-100;0
38661;0;0;0;1;0;0;0;0;0;0;0;0;0;0;0;0;0;0;0;20.022706985473633;-100;0
38672;0;0;0;1;0;0;0;0;0;0;0;0;0;0;0;0;0;0;0;20.022706985473633;-100;0
38683;0;0;0;1;0;0;0;0;0;0;0;0;0;0;0;0;0;0;0;20.022706985473633;-100;0
38693;0;0;0;1;0;0;0;0;0;0;0;0;0;0;0;0;0;0;0;20.022706985473633;-100;0
38705;0;0;0;1;0;0;0;0;0;0;0;0;0;0;0;0;0;0;0;20.022706985473633;-100;0
38715;0;0;0;1;0;0;0;0;0;0;0;0;0;0;0;0;0;0;0;20.022706985473633;-100;0
38726;0;0;0;1;0;0;0;0;0;0;0;0;0;0;0;0;0;0;0;20.022706985473633;-100;0
38737;0;0;0;1;0;0;0;0;0;0;0;0;0;0;0;0;0;0;0;20.022706985473633;-100;0
38748;0;0;0;1;0;0;0;0;0;0;0;0;0;0;0;0;0;0;0;20.022706985473633;-100;0
38758;0;0;0;1;0;0;0;0;0;0;0;0;0;0;0;0;0;0;0;20.022706985473633;-100;0
38768;0;0;0;1;0;0;0;0;0;0;0;0;0;0;0;0;0;0;0;20.022706985473633;-100;0
38780;0;0;0;1;0;0;0;0;0;0;0;0;0;0;0;0;0;0;0;20.022706985473633;-100;0
38790;0;0;0;1;0;0;0;0;0;0;0;0;0;0;0;0;0;0;0;20.022706985473633;-100;0
38799;0;0;0;1;0;0;0;0;0;0;0;0;0;0;0;0;0;0;0;20.022706985473633;-100;0
38811;0;0;0;1;0;0;0;0;0;0;0;0;0;0;0;0;0;0;0;20.022706985473633;-100;0
38822;0;0;0;1;0;0;0;0;0;0;0;0;0;0;0;0;0;0;0;20.022706985473633;-100;0
38833;0;0;0;1;0;0;0;0;0;0;0;0;0;0;0;0;0;0;0;20.022706985473633;-100;0
38843;0;0;0;1;0;0;0;0;0;0;0;0;0;0;0;0;0;0;0;20.022706985473633;-100;0
38854;0;0;0;1;0;0;0;0;0;0;0;0;0;0;0;0;0;0;0;20.022706985473633;-100;0
38865;0;0;0;1;0;0;0;0;0;0;0;0;0;0;0;0;0;0;0;20.022706985473633;-100;0
38876;0;0;0;1;0;0;0;0;0;0;0;0;0;0;0;0;0;0;0;20.022706985473633;-100;0
38886;0;0;0;1;0;0;0;0;0;0;0;0;0;0;0;0;0;0;0;20.022706985473633;-100;0
38897;0;0;0;1;0;0;0;0;0;0;0;0;0;0;0;0;0;0;0;20.022706985473633;-100;0
38907;0;0;0;1;0;0;0;0;0;0;0;0;0;0;0;0;0;0;0;20.022706985473633;-100;0
38918;0;0;0;1;0;0;0;0;0;0;0;0;0;0;0;0;0;0;0;20.022706985473633;-100;0
38928;0;0;0;1;0;0;0;0;0;0;0;0;0;0;0;0;0;0;0;20.022706985473633;-100;0
38939;0;0;0;1;0;0;0;0;0;0;0;0;0;0;0;0;0;0;0;20.022706985473633;-100;0
38949;0;0;0;1;0;0;0;0;0;0;0;0;0;0;0;0;0;0;0;20.022706985473633;-100;0
38959;0;0;0;1;0;0;0;0;0;0;0;0;0;0;0;0;0;0;0;20.022706985473633;-100;0
38970;0;0;0;1;0;0;0;0;0;0;0;0;0;0;0;0;0;0;0;20.022706985473633;-100;0
38980;0;0;0;1;0;0;0;0;0;0;0;0;0;0;0;0;0;0;0;20.022706985473633;-100;0
38991;0;0;0;1;0;0;0;0;0;0;0;0;0;0;0;0;0;0;0;20.022706985473633;-100;0
39001;0;0;0;1;0;0;0;0;0;0;0;0;0;0;0;0;0;0;0;20.022706985473633;-100;0
39011;0;0;0;1;0;0;0;0;0;0;0;0;0;0;0;0;0;0;0;20.022706985473633;-100;0
39022;0;0;0;1;0;0;0;0;0;0;0;0;0;0;0;0;0;0;0;20.022706985473633;-100;0
39033;0;0;0;1;0;0;0;0;0;0;0;0;0;0;0;0;0;0;0;20.022706985473633;-100;0
39043;0;0;0;1;0;0;0;0;0;0;0;0;0;0;0;0;0;0;0;20.022706985473633;-100;0
39053;0;0;0;1;0;0;0;0;0;0;0;0;0;0;0;0;0;0;0;20.022706985473633;-100;0
39064;0;0;0;1;0;0;0;0;0;0;0;0;0;0;0;0;0;0;0;20.022706985473633;-100;0
39075;0;0;0;1;0;0;0;0;0;0;0;0;0;0;0;0;0;0;0;20.022706985473633;-100;0
39086;0;0;0;1;0;0;0;0;0;0;0;0;0;0;0;0;0;0;0;20.022706985473633;-100;0
39096;0;0;0;1;0;0;0;0;0;0;0;0;0;0;0;0;0;0;0;20.022706985473633;-100;0
39106;0;0;0;1;0;0;0;0;0;0;0;0;0;0;0;0;0;0;0;20.022706985473633;-100;0
39116;0;0;0;1;0;0;0;0;0;0;0;0;0;0;0;0;0;0;0;20.022706985473633;-100;0
39126;0;0;0;1;0;0;0;0;0;0;0;0;0;0;0;0;0;0;0;20.022706985473633;-100;0
39137;0;0;0;1;0;0;0;0;0;0;0;0;0;0;0;0;0;0;0;20.022706985473633;-100;0
39148;0;0;0;1;0;0;0;0;0;0;0;0;0;0;0;0;0;0;0;20.022706985473633;-100;0
39158;0;0;0;1;0;0;0;0;0;0;0;0;0;0;0;0;0;0;0;20.022706985473633;-100;0
39168;0;0;0;1;0;0;0;0;0;0;0;0;0;0;0;0;0;0;0;20.022706985473633;-100;0
39179;0;0;0;1;0;0;0;0;0;0;0;0;0;0;0;0;0;0;0;20.022706985473633;-100;0
39190;0;0;0;1;0;0;0;0;0;0;0;0;0;0;0;0;0;0;0;20.022706985473633;-100;0
39201;0;0;0;1;0;0;0;0;0;0;0;0;0;0;0;0;0;0;0;20.022706985473633;-100;0
39212;0;0;0;1;0;0;0;0;0;0;0;0;0;0;0;0;0;0;0;20.022706985473633;-100;0
39222;0;0;0;1;0;0;0;0;0;0;0;0;0;0;0;0;0;0;0;20.022706985473633;-100;0
39233;0;0;0;1;0;0;0;0;0;0;0;0;0;0;0;0;0;0;0;20.022706985473633;-100;0
39244;0;0;0;1;0;0;0;0;0;0;0;0;0;0;0;0;0;0;0;20.022706985473633;-100;0
39255;0;0;0;1;0;0;0;0;0;0;0;0;0;0;0;0;0;0;0;20.022706985473633;-100;0
39265;0;0;0;1;0;0;0;0;0;0;0;0;0;0;0;0;0;0;0;20.022706985473633;-100;0
39275;0;0;0;1;0;0;0;0;0;0;0;0;0;0;0;0;0;0;0;20.022706985473633;-100;0
39287;0;0;0;1;0;0;0;0;0;0;0;0;0;0;0;0;0;0;0;20.022706985473633;-100;0
39297;0;0;0;1;0;0;0;0;0;0;0;0;0;0;0;0;0;0;0;20.022706985473633;-100;0
39307;0;0;0;1;0;0;0;0;0;0;0;0;0;0;0;0;0;0;0;20.022706985473633;-100;0
39317;0;0;0;1;0;0;0;0;0;0;0;0;0;0;0;0;0;0;0;20.022706985473633;-100;0
39328;0;0;0;1;0;0;0;0;0;0;0;0;0;0;0;0;0;0;0;20.022706985473633;-100;0
39338;0;0;0;1;0;0;0;0;0;0;0;0;0;0;0;0;0;0;0;20.022706985473633;-100;0
39348;0;0;0;1;0;0;0;0;0;0;0;0;0;0;0;0;0;0;0;20.022706985473633;-100;0
39360;0;0;0;1;0;0;0;0;0;0;0;0;0;0;0;0;0;0;0;20.022706985473633;-100;0
39370;0;0;0;1;0;0;0;0;0;0;0;0;0;0;0;0;0;0;0;20.022706985473633;-100;0
39382;0;0;0;1;0;0;0;0;0;0;0;0;0;0;0;0;0;0;0;20.022706985473633;-100;0
39392;0;0;0;1;0;0;0;0;0;0;0;0;0;0;0;0;0;0;0;20.022706985473633;-100;0
39402;0;0;0;1;0;0;0;0;0;0;0;0;0;0;0;0;0;0;0;20.022706985473633;-100;0
39413;0;0;0;1;0;0;0;0;0;0;0;0;0;0;0;0;0;0;0;20.022706985473633;-100;0
39424;0;0;0;1;0;0;0;0;0;0;0;0;0;0;0;0;0;0;0;20.022706985473633;-100;0
39435;0;0;0;1;0;0;0;0;0;0;0;0;0;0;0;0;0;0;0;20.022706985473633;-100;0
39445;0;0;0;1;0;0;0;0;0;0;0;0;0;0;0;0;0;0;0;20.022706985473633;-100;0
39458;0;0;0;1;0;0;0;0;0;0;0;0;0;0;0;0;0;0;0;20.022706985473633;-100;0
39468;0;0;0;1;0;0;0;0;0;0;0;0;0;0;0;0;0;0;0;20.022706985473633;-100;0
39479;0;0;0;1;0;0;0;0;0;0;0;0;0;0;0;0;0;0;0;20.022706985473633;-100;0
39490;0;0;0;1;0;0;0;0;0;0;0;0;0;0;0;0;0;0;0;20.022706985473633;-100;0
39500;0;0;0;1;0;0;0;0;0;0;0;0;0;0;0;0;0;0;0;20.022706985473633;-100;0
39510;0;0;0;1;0;0;0;0;0;0;0;0;0;0;0;0;0;0;0;20.022706985473633;-100;0
39521;0;0;0;1;0;0;0;0;0;0;0;0;0;0;0;0;0;0;0;20.022706985473633;-100;0
39531;0;0;0;1;0;0;0;0;0;0;0;0;0;0;0;0;0;0;0;20.022706985473633;-100;0
39541;0;0;0;1;0;0;0;0;0;0;0;0;0;0;0;0;0;0;0;20.022706985473633;-100;0
39552;0;0;0;1;0;0;0;0;0;0;0;0;0;0;0;0;0;0;0;20.022706985473633;-100;0
39562;0;0;0;1;0;0;0;0;0;0;0;0;0;0;0;0;0;0;0;20.022706985473633;-100;0
39573;0;0;0;1;0;0;0;0;0;0;0;0;0;0;0;0;0;0;0;20.022706985473633;-100;0
39584;0;0;0;1;0;0;0;0;0;0;0;0;0;0;0;0;0;0;0;20.022706985473633;-100;0
39595;0;0;0;1;0;0;0;0;0;0;0;0;0;0;0;0;0;0;0;20.022706985473633;-100;0
39606;0;0;0;1;0;0;0;0;0;0;0;0;0;0;0;0;0;0;0;20.022706985473633;-100;0
39616;0;0;0;1;0;0;0;0;0;0;0;0;0;0;0;0;0;0;0;20.022706985473633;-100;0
39627;0;0;0;1;0;0;0;0;0;0;0;0;0;0;0;0;0;0;0;20.022706985473633;-100;0
39637;0;0;0;1;0;0;0;0;0;0;0;0;0;0;0;0;0;0;0;20.022706985473633;-100;0
39647;0;0;0;1;0;0;0;0;0;0;0;0;0;0;0;0;0;0;0;20.022706985473633;-100;0
39657;0;0;0;1;0;0;0;0;0;0;0;0;0;0;0;0;0;0;0;20.022706985473633;-100;0
39669;0;0;0;1;0;0;0;0;0;0;0;0;0;0;0;0;0;0;0;20.022706985473633;-100;0
39680;0;0;0;1;0;0;0;0;0;0;0;0;0;0;0;0;0;0;0;20.022706985473633;-100;0
39692;0;0;0;1;0;0;0;0;0;0;0;0;0;0;0;0;0;0;0;20.022706985473633;-100;0
39702;0;0;0;1;0;0;0;0;0;0;0;0;0;0;0;0;0;0;0;20.022706985473633;-100;0
39713;0;0;0;1;0;0;0;0;0;0;0;0;0;0;0;0;0;0;0;20.022706985473633;-100;0
39724;0;0;0;1;0;0;0;0;0;0;0;0;0;0;0;0;0;0;0;20.022706985473633;-100;0
39735;0;0;0;1;0;0;0;0;0;0;0;0;0;0;0;0;0;0;0;20.022706985473633;-100;0
39745;0;0;0;1;0;0;0;0;0;0;0;0;0;0;0;0;0;0;0;20.022706985473633;-100;0
39756;0;0;0;1;0;0;0;0;0;0;0;0;0;0;0;0;0;0;0;20.022706985473633;-100;0
39768;0;0;0;1;0;0;0;0;0;0;0;0;0;0;0;0;0;0;0;20.022706985473633;-100;0
39778;0;0;0;1;0;0;0;0;0;0;0;0;0;0;0;0;0;0;0;20.022706985473633;-100;0
39788;0;0;0;1;0;0;0;0;0;0;0;0;0;0;0;0;0;0;0;20.022706985473633;-100;0
39799;0;0;0;1;0;0;0;0;0;0;0;0;0;0;0;0;0;0;0;20.022706985473633;-100;0
39809;0;0;0;1;0;0;0;0;0;0;0;0;0;0;0;0;0;0;0;20.022706985473633;-100;0
39819;0;0;0;1;0;0;0;0;0;0;0;0;0;0;0;0;0;0;0;20.022706985473633;-100;0
39830;0;0;0;1;0;0;0;0;0;0;0;0;0;0;0;0;0;0;0;20.022706985473633;-100;0
39841;0;0;0;1;0;0;0;0;0;0;0;0;0;0;0;0;0;0;0;20.022706985473633;-100;0
39851;0;0;0;1;0;0;0;0;0;0;0;0;0;0;0;0;0;0;0;20.022706985473633;-100;0
39861;0;0;0;1;0;0;0;0;0;0;0;0;0;0;0;0;0;0;0;20.022706985473633;-100;0
39872;0;0;0;1;0;0;0;0;0;0;0;0;0;0;0;0;0;0;0;20.022706985473633;-100;0
39883;0;0;0;1;0;0;0;0;0;0;0;0;0;0;0;0;0;0;0;20.022706985473633;-100;0
39893;0;0;0;1;0;0;0;0;0;0;0;0;0;0;0;0;0;0;0;20.022706985473633;-100;0
39904;0;0;0;1;0;0;0;0;0;0;0;0;0;0;0;0;0;0;0;20.022706985473633;-100;0
39913;0;0;0;1;0;0;0;0;0;0;0;0;0;0;0;0;0;0;0;20.022706985473633;-100;0
39924;0;0;0;1;0;0;0;0;0;0;0;0;0;0;0;0;0;0;0;20.022706985473633;-100;0
39935;0;0;0;1;0;0;0;0;0;0;0;0;0;0;0;0;0;0;0;20.022706985473633;-100;0
39945;0;0;0;1;0;0;0;0;0;0;0;0;0;0;0;0;0;0;0;20.022706985473633;-100;0
39956;0;0;0;1;0;0;0;0;0;0;0;0;0;0;0;0;0;0;0;20.022706985473633;-100;0
39968;0;0;0;1;0;0;0;0;0;0;0;0;0;0;0;0;0;0;0;20.022706985473633;-100;0
39978;0;0;0;1;0;0;0;0;0;0;0;0;0;0;0;0;0;0;0;20.022706985473633;-100;0
39989;0;0;0;1;0;0;0;0;0;0;0;0;0;0;0;0;0;0;0;20.022706985473633;-100;0
39999;0;0;0;1;0;0;0;0;0;0;0;0;0;0;0;0;0;0;0;20.022706985473633;-100;0
40010;0;0;0;1;0;0;0;0;0;0;0;0;0;0;0;0;0;0;0;20.022706985473633;-100;0
40020;0;0;0;1;0;0;0;0;0;0;0;0;0;0;0;0;0;0;0;20.022706985473633;-100;0
40031;0;0;0;1;0;0;0;0;0;0;0;0;0;0;0;0;0;0;0;20.022706985473633;-100;0
40041;0;0;0;1;0;0;0;0;0;0;0;0;0;0;0;0;0;0;0;20.022706985473633;-100;0
40051;0;0;0;1;0;0;0;0;0;0;0;0;0;0;0;0;0;0;0;20.022706985473633;-100;0
40061;0;0;0;1;0;0;0;0;0;0;0;0;0;0;0;0;0;0;0;20.022706985473633;-100;0
40072;0;0;0;1;0;0;0;0;0;0;0;0;0;0;0;0;0;0;0;20.022706985473633;-100;0
40082;0;0;0;1;0;0;0;0;0;0;0;0;0;0;0;0;0;0;0;20.022706985473633;-100;0
40092;0;0;0;1;0;0;0;0;0;0;0;0;0;0;0;0;0;0;0;20.022706985473633;-100;0
40103;0;0;0;1;0;0;0;0;0;0;0;0;0;0;0;0;0;0;0;20.022706985473633;-100;0
40113;0;0;0;1;0;0;0;0;0;0;0;0;0;0;0;0;0;0;0;20.022706985473633;-100;0
40124;0;0;0;1;0;0;0;0;0;0;0;0;0;0;0;0;0;0;0;20.022706985473633;-100;0
40134;0;0;0;1;0;0;0;0;0;0;0;0;0;0;0;0;0;0;0;20.022706985473633;-100;0
40144;0;0;0;1;0;0;0;0;0;0;0;0;0;0;0;0;0;0;0;20.022706985473633;-100;0
40155;0;0;0;1;0;0;0;0;0;0;0;0;0;0;0;0;0;0;0;20.022706985473633;-100;0
40166;0;0;0;1;0;0;0;0;0;0;0;0;0;0;0;0;0;0;0;20.022706985473633;-100;0
40177;0;0;0;1;0;0;0;0;0;0;0;0;0;0;0;0;0;0;0;20.022706985473633;-100;0
40189;0;0;0;1;0;0;0;0;0;0;0;0;0;0;0;0;0;0;0;20.022706985473633;-100;0
40199;0;0;0;1;0;0;0;0;0;0;0;0;0;0;0;0;0;0;0;20.022706985473633;-100;0
40210;0;0;0;1;0;0;0;0;0;0;0;0;0;0;0;0;0;0;0;20.022706985473633;-100;0
40220;0;0;0;1;0;0;0;0;0;0;0;0;0;0;0;0;0;0;0;20.022706985473633;-100;0
40231;0;0;0;1;0;0;0;0;0;0;0;0;0;0;0;0;0;0;0;20.022706985473633;-100;0
40242;0;0;0;1;0;0;0;0;0;0;0;0;0;0;0;0;0;0;0;20.022706985473633;-100;0
40252;0;0;0;1;0;0;0;0;0;0;0;0;0;0;0;0;0;0;0;20.022706985473633;-100;0
40263;0;0;0;1;0;0;0;0;0;0;0;0;0;0;0;0;0;0;0;20.022706985473633;-100;0
40273;0;0;0;1;0;0;0;0;0;0;0;0;0;0;0;0;0;0;0;20.022706985473633;-100;0
40284;0;0;0;1;0;0;0;0;0;0;0;0;0;0;0;0;0;0;0;20.022706985473633;-100;0
40295;0;0;0;1;0;0;0;0;0;0;0;0;0;0;0;0;0;0;0;20.022706985473633;-100;0
40305;0;0;0;1;0;0;0;0;0;0;0;0;0;0;0;0;0;0;0;20.022706985473633;-100;0
40316;0;0;0;1;0;0;0;0;0;0;0;0;0;0;0;0;0;0;0;20.022706985473633;-100;0
40326;0;0;0;1;0;0;0;0;0;0;0;0;0;0;0;0;0;0;0;20.022706985473633;-100;0
40337;0;0;0;1;0;0;0;0;0;0;0;0;0;0;0;0;0;0;0;20.022706985473633;-100;0
40349;0;0;0;1;0;0;0;0;0;0;0;0;0;0;0;0;0;0;0;20.022706985473633;-100;0
40359;0;0;0;1;0;0;0;0;0;0;0;0;0;0;0;0;0;0;0;20.022706985473633;-100;0
40369;0;0;0;1;0;0;0;0;0;0;0;0;0;0;0;0;0;0;0;20.022706985473633;-100;0
40379;0;0;0;1;0;0;0;0;0;0;0;0;0;0;0;0;0;0;0;20.022706985473633;-100;0
40390;0;0;0;1;0;0;0;0;0;0;0;0;0;0;0;0;0;0;0;20.022706985473633;-100;0
40401;0;0;0;1;0;0;0;0;0;0;0;0;0;0;0;0;0;0;0;20.022706985473633;-100;0
40412;0;0;0;1;0;0;0;0;0;0;0;0;0;0;0;0;0;0;0;20.022706985473633;-100;0
40423;0;0;0;1;0;0;0;0;0;0;0;0;0;0;0;0;0;0;0;20.022706985473633;-100;0
40433;0;0;0;1;0;0;0;0;0;0;0;0;0;0;0;0;0;0;0;20.022706985473633;-100;0
40443;0;0;0;1;0;0;0;0;0;0;0;0;0;0;0;0;0;0;0;20.022706985473633;-100;0
40453;0;0;0;1;0;0;0;0;0;0;0;0;0;0;0;0;0;0;0;20.022706985473633;-100;0
40463;0;0;0;1;0;0;0;0;0;0;0;0;0;0;0;0;0;0;0;20.022706985473633;-100;0
40474;0;0;0;1;0;0;0;0;0;0;0;0;0;0;0;0;0;0;0;20.022706985473633;-100;0
40486;0;0;0;1;0;0;0;0;0;0;0;0;0;0;0;0;0;0;0;20.022706985473633;-100;0
40497;0;0;0;1;0;0;0;0;0;0;0;0;0;0;0;0;0;0;0;20.022706985473633;-100;0
40507;0;0;0;1;0;0;0;0;0;0;0;0;0;0;0;0;0;0;0;20.022706985473633;-100;0
40518;0;0;0;1;0;0;0;0;0;0;0;0;0;0;0;0;0;0;0;20.022706985473633;-100;0
40528;0;0;0;1;0;0;0;0;0;0;0;0;0;0;0;0;0;0;0;20.022706985473633;-100;0
40538;0;0;0;1;0;0;0;0;0;0;0;0;0;0;0;0;0;0;0;20.022706985473633;-100;0
40549;0;0;0;1;0;0;0;0;0;0;0;0;0;0;0;0;0;0;0;20.022706985473633;-100;0
40560;0;0;0;1;0;0;0;0;0;0;0;0;0;0;0;0;0;0;0;20.022706985473633;-100;0
40570;0;0;0;1;0;0;0;0;0;0;0;0;0;0;0;0;0;0;0;20.022706985473633;-100;0
40580;0;0;0;1;0;0;0;0;0;0;0;0;0;0;0;0;0;0;0;20.022706985473633;-100;0
40590;0;0;0;1;0;0;0;0;0;0;0;0;0;0;0;0;0;0;0;20.022706985473633;-100;0
40600;0;0;0;1;0;0;0;0;0;0;0;0;0;0;0;0;0;0;0;20.022706985473633;-100;0
40611;0;0;0;1;0;0;0;0;0;0;0;0;0;0;0;0;0;0;0;20.022706985473633;-100;0
40621;0;0;0;1;0;0;0;0;0;0;0;0;0;0;0;0;0;0;0;20.022706985473633;-100;0
40631;0;0;0;1;0;0;0;0;0;0;0;0;0;0;0;0;0;0;0;20.022706985473633;-100;0
40642;0;0;0;1;0;0;0;0;0;0;0;0;0;0;0;0;0;0;0;20.022706985473633;-100;0
40653;0;0;0;1;0;0;0;0;0;0;0;0;0;0;0;0;0;0;0;20.022706985473633;-100;0
40664;0;0;0;1;0;0;0;0;0;0;0;0;0;0;0;0;0;0;0;20.022706985473633;-100;0
40675;0;0;0;1;0;0;0;0;0;0;0;0;0;0;0;0;0;0;0;20.022706985473633;-100;0
40686;0;0;0;1;0;0;0;0;0;0;0;0;0;0;0;0;0;0;0;20.022706985473633;-100;0
40696;0;0;0;1;0;0;0;0;0;0;0;0;0;0;0;0;0;0;0;20.022706985473633;-100;0
40708;0;0;0;1;0;0;0;0;0;0;0;0;0;0;0;0;0;0;0;20.022706985473633;-100;0
40718;0;0;0;1;0;0;0;0;0;0;0;0;0;0;0;0;0;0;0;20.022706985473633;-100;0
40728;0;0;0;1;0;0;0;0;0;0;0;0;0;0;0;0;0;0;0;20.022706985473633;-100;0
40738;0;0;0;1;0;0;0;0;0;0;0;0;0;0;0;0;0;0;0;20.022706985473633;-100;0
40749;0;0;0;1;0;0;0;0;0;0;0;0;0;0;0;0;0;0;0;20.022706985473633;-100;0
40759;0;0;0;1;0;0;0;0;0;0;0;0;0;0;0;0;0;0;0;20.022706985473633;-100;0
40771;0;0;0;1;0;0;0;0;0;0;0;0;0;0;0;0;0;0;0;20.022706985473633;-100;0
40782;0;0;0;1;0;0;0;0;0;0;0;0;0;0;0;0;0;0;0;20.022706985473633;-100;0
40792;0;0;0;1;0;0;0;0;0;0;0;0;0;0;0;0;0;0;0;20.022706985473633;-100;0
40802;0;0;0;1;0;0;0;0;0;0;0;0;0;0;0;0;0;0;0;20.022706985473633;-100;0
40813;0;0;0;1;0;0;0;0;0;0;0;0;0;0;0;0;0;0;0;20.022706985473633;-100;0
40822;0;0;0;1;0;0;0;0;0;0;0;0;0;0;0;0;0;0;0;20.022706985473633;-100;0
40834;0;0;0;1;0;0;0;0;0;0;0;0;0;0;0;0;0;0;0;20.022706985473633;-100;0
40845;0;0;0;1;0;0;0;0;0;0;0;0;0;0;0;0;0;0;0;20.022706985473633;-100;0
40855;0;0;0;1;0;0;0;0;0;0;0;0;0;0;0;0;0;0;0;20.022706985473633;-100;0
40866;0;0;0;1;0;0;0;0;0;0;0;0;0;0;0;0;0;0;0;20.022706985473633;-100;0
40877;0;0;0;1;0;0;0;0;0;0;0;0;0;0;0;0;0;0;0;20.022706985473633;-100;0
40888;0;0;0;1;0;0;0;0;0;0;0;0;0;0;0;0;0;0;0;20.022706985473633;-100;0
40898;0;0;0;1;0;0;0;0;0;0;0;0;0;0;0;0;0;0;0;20.022706985473633;-100;0
40908;0;0;0;1;0;0;0;0;0;0;0;0;0;0;0;0;0;0;0;20.022706985473633;-100;0
40919;0;0;0;1;0;0;0;0;0;0;0;0;0;0;0;0;0;0;0;20.022706985473633;-100;0
40930;0;0;0;1;0;0;0;0;0;0;0;0;0;0;0;0;0;0;0;20.022706985473633;-100;0
40940;0;0;0;1;0;0;0;0;0;0;0;0;0;0;0;0;0;0;0;20.022706985473633;-100;0
40950;0;0;0;1;0;0;0;0;0;0;0;0;0;0;0;0;0;0;0;20.022706985473633;-100;0
40961;0;0;0;1;0;0;0;0;0;0;0;0;0;0;0;0;0;0;0;20.022706985473633;-100;0
40972;0;0;0;1;0;0;0;0;0;0;0;0;0;0;0;0;0;0;0;20.022706985473633;-100;0
40983;0;0;0;1;0;0;0;0;0;0;0;0;0;0;0;0;0;0;0;20.022706985473633;-100;0
40994;0;0;0;1;0;0;0;0;0;0;0;0;0;0;0;0;0;0;0;20.022706985473633;-100;0
41005;0;0;0;1;0;0;0;0;0;0;0;0;0;0;0;0;0;0;0;20.022706985473633;-100;0
41015;0;0;0;1;0;0;0;0;0;0;0;0;0;0;0;0;0;0;0;20.022706985473633;-100;0
41025;0;0;0;1;0;0;0;0;0;0;0;0;0;0;0;0;0;0;0;20.022706985473633;-100;0
41036;0;0;0;1;0;0;0;0;0;0;0;0;0;0;0;0;0;0;0;20.022706985473633;-100;0
41047;0;0;0;1;0;0;0;0;0;0;0;0;0;0;0;0;0;0;0;20.022706985473633;-100;0
41059;0;0;0;1;0;0;0;0;0;0;0;0;0;0;0;0;0;0;0;20.022706985473633;-100;0
41069;0;0;0;1;0;0;0;0;0;0;0;0;0;0;0;0;0;0;0;20.022706985473633;-100;0
41079;0;0;0;1;0;0;0;0;0;0;0;0;0;0;0;0;0;0;0;20.022706985473633;-100;0
41091;0;0;0;1;0;0;0;0;0;0;0;0;0;0;0;0;0;0;0;20.022706985473633;-100;0
41101;0;0;0;1;0;0;0;0;0;0;0;0;0;0;0;0;0;0;0;20.022706985473633;-100;0
41111;0;0;0;1;0;0;0;0;0;0;0;0;0;0;0;0;0;0;0;20.022706985473633;-100;0
41122;0;0;0;1;0;0;0;0;0;0;0;0;0;0;0;0;0;0;0;20.022706985473633;-100;0
41132;0;0;0;1;0;0;0;0;0;0;0;0;0;0;0;0;0;0;0;20.022706985473633;-100;0
41143;0;0;0;1;0;0;0;0;0;0;0;0;0;0;0;0;0;0;0;20.022706985473633;-100;0
41154;0;0;0;1;0;0;0;0;0;0;0;0;0;0;0;0;0;0;0;20.022706985473633;-100;0
41164;0;0;0;1;0;0;0;0;0;0;0;0;0;0;0;0;0;0;0;20.022706985473633;-100;0
41174;0;0;0;1;0;0;0;0;0;0;0;0;0;0;0;0;0;0;0;20.022706985473633;-100;0
41186;0;0;0;1;0;0;0;0;0;0;0;0;0;0;0;0;0;0;0;20.022706985473633;-100;0
41197;0;0;0;1;0;0;0;0;0;0;0;0;0;0;0;0;0;0;0;20.022706985473633;-100;0
41209;0;0;0;1;0;0;0;0;0;0;0;0;0;0;0;0;0;0;0;20.022706985473633;-100;0
41220;0;0;0;1;0;0;0;0;0;0;0;0;0;0;0;0;0;0;0;20.022706985473633;-100;0
41231;0;0;0;1;0;0;0;0;0;0;0;0;0;0;0;0;0;0;0;20.022706985473633;-100;0
41241;0;0;0;1;0;0;0;0;0;0;0;0;0;0;0;0;0;0;0;20.022706985473633;-100;0
41251;0;0;0;1;0;0;0;0;0;0;0;0;0;0;0;0;0;0;0;20.022706985473633;-100;0
41262;0;0;0;1;0;0;0;0;0;0;0;0;0;0;0;0;0;0;0;20.022706985473633;-100;0
41273;0;0;0;1;0;0;0;0;0;0;0;0;0;0;0;0;0;0;0;20.022706985473633;-100;0
41283;0;0;0;1;0;0;0;0;0;0;0;0;0;0;0;0;0;0;0;20.022706985473633;-100;0
41294;0;0;0;1;0;0;0;0;0;0;0;0;0;0;0;0;0;0;0;20.022706985473633;-100;0
41304;0;0;0;1;0;0;0;0;0;0;0;0;0;0;0;0;0;0;0;20.022706985473633;-100;0
41315;0;0;0;1;0;0;0;0;0;0;0;0;0;0;0;0;0;0;0;20.022706985473633;-100;0
41326;0;0;0;1;0;0;0;0;0;0;0;0;0;0;0;0;0;0;0;20.022706985473633;-100;0
41337;0;0;0;1;0;0;0;0;0;0;0;0;0;0;0;0;0;0;0;20.022706985473633;-100;0
41347;0;0;0;1;0;0;0;0;0;0;0;0;0;0;0;0;0;0;0;20.022706985473633;-100;0
41358;0;0;0;1;0;0;0;0;0;0;0;0;0;0;0;0;0;0;0;20.022706985473633;-100;0
41368;0;0;0;1;0;0;0;0;0;0;0;0;0;0;0;0;0;0;0;20.022706985473633;-100;0
41379;0;0;0;1;0;0;0;0;0;0;0;0;0;0;0;0;0;0;0;20.022706985473633;-100;0
41390;0;0;0;1;0;0;0;0;0;0;0;0;0;0;0;0;0;0;0;20.022706985473633;-100;0
41400;0;0;0;1;0;0;0;0;0;0;0;0;0;0;0;0;0;0;0;20.022706985473633;-100;0
41410;0;0;0;1;0;0;0;0;0;0;0;0;0;0;0;0;0;0;0;20.022706985473633;-100;0
41420;0;0;0;1;0;0;0;0;0;0;0;0;0;0;0;0;0;0;0;20.022706985473633;-100;0
41431;0;0;0;1;0;0;0;0;0;0;0;0;0;0;0;0;0;0;0;20.022706985473633;-100;0
41441;0;0;0;1;0;0;0;0;0;0;0;0;0;0;0;0;0;0;0;20.022706985473633;-100;0
41452;0;0;0;1;0;0;0;0;0;0;0;0;0;0;0;0;0;0;0;20.022706985473633;-100;0
41462;0;0;0;1;0;0;0;0;0;0;0;0;0;0;0;0;0;0;0;20.022706985473633;-100;0
41473;0;0;0;1;0;0;0;0;0;0;0;0;0;0;0;0;0;0;0;20.022706985473633;-100;0
41484;0;0;0;1;0;0;0;0;0;0;0;0;0;0;0;0;0;0;0;20.022706985473633;-100;0
41495;0;0;0;1;0;0;0;0;0;0;0;0;0;0;0;0;0;0;0;20.022706985473633;-100;0
41505;0;0;0;1;0;0;0;0;0;0;0;0;0;0;0;0;0;0;0;20.022706985473633;-100;0
41516;0;0;0;1;0;0;0;0;0;0;0;0;0;0;0;0;0;0;0;20.022706985473633;-100;0
41526;0;0;0;1;0;0;0;0;0;0;0;0;0;0;0;0;0;0;0;20.022706985473633;-100;0
41537;0;0;0;1;0;0;0;0;0;0;0;0;0;0;0;0;0;0;0;20.022706985473633;-100;0
41547;0;0;0;1;0;0;0;0;0;0;0;0;0;0;0;0;0;0;0;20.022706985473633;-100;0
41557;0;0;0;1;0;0;0;0;0;0;0;0;0;0;0;0;0;0;0;20.022706985473633;-100;0
41569;0;0;0;1;0;0;0;0;0;0;0;0;0;0;0;0;0;0;0;20.022706985473633;-100;0
41579;0;0;0;1;0;0;0;0;0;0;0;0;0;0;0;0;0;0;0;20.022706985473633;-100;0
41591;0;0;0;1;0;0;0;0;0;0;0;0;0;0;0;0;0;0;0;20.022706985473633;-100;0
41601;0;0;0;1;0;0;0;0;0;0;0;0;0;0;0;0;0;0;0;20.022706985473633;-100;0
41611;0;0;0;1;0;0;0;0;0;0;0;0;0;0;0;0;0;0;0;20.022706985473633;-100;0
41621;0;0;0;1;0;0;0;0;0;0;0;0;0;0;0;0;0;0;0;20.022706985473633;-100;0
41632;0;0;0;1;0;0;0;0;0;0;0;0;0;0;0;0;0;0;0;20.022706985473633;-100;0
41643;0;0;0;1;0;0;0;0;0;0;0;0;0;0;0;0;0;0;0;20.022706985473633;-100;0
41654;0;0;0;1;0;0;0;0;0;0;0;0;0;0;0;0;0;0;0;20.022706985473633;-100;0
41664;0;0;0;1;0;0;0;0;0;0;0;0;0;0;0;0;0;0;0;20.022706985473633;-100;0
41675;0;0;0;1;0;0;0;0;0;0;0;0;0;0;0;0;0;0;0;20.022706985473633;-100;0
41686;0;0;0;1;0;0;0;0;0;0;0;0;0;0;0;0;0;0;0;20.022706985473633;-100;0
41696;0;0;0;1;0;0;0;0;0;0;0;0;0;0;0;0;0;0;0;20.022706985473633;-100;0
41706;0;0;0;1;0;0;0;0;0;0;0;0;0;0;0;0;0;0;0;20.022706985473633;-100;0
41717;0;0;0;1;0;0;0;0;0;0;0;0;0;0;0;0;0;0;0;20.022706985473633;-100;0
41727;0;0;0;1;0;0;0;0;0;0;0;0;0;0;0;0;0;0;0;20.022706985473633;-100;0
41737;0;0;0;1;0;0;0;0;0;0;0;0;0;0;0;0;0;0;0;20.022706985473633;-100;0
41748;0;0;0;1;0;0;0;0;0;0;0;0;0;0;0;0;0;0;0;20.022706985473633;-100;0
41758;0;0;0;1;0;0;0;0;0;0;0;0;0;0;0;0;0;0;0;20.022706985473633;-100;0
41769;0;0;0;1;0;0;0;0;0;0;0;0;0;0;0;0;0;0;0;20.022706985473633;-100;0
41780;0;0;0;1;0;0;0;0;0;0;0;0;0;0;0;0;0;0;0;20.022706985473633;-100;0
41790;0;0;0;1;0;0;0;0;0;0;0;0;0;0;0;0;0;0;0;20.022706985473633;-100;0
41800;0;0;0;1;0;0;0;0;0;0;0;0;0;0;0;0;0;0;0;20.022706985473633;-100;0
41812;0;0;0;1;0;0;0;0;0;0;0;0;0;0;0;0;0;0;0;20.022706985473633;-100;0
41821;0;0;0;1;0;0;0;0;0;0;0;0;0;0;0;0;0;0;0;20.022706985473633;-100;0
41832;0;0;0;1;0;0;0;0;0;0;0;0;0;0;0;0;0;0;0;20.022706985473633;-100;0
41843;0;0;0;1;0;0;0;0;0;0;0;0;0;0;0;0;0;0;0;20.022706985473633;-100;0
41853;0;0;0;1;0;0;0;0;0;0;0;0;0;0;0;0;0;0;0;20.022706985473633;-100;0
41864;0;0;0;1;0;0;0;0;0;0;0;0;0;0;0;0;0;0;0;20.022706985473633;-100;0
41874;0;0;0;1;0;0;0;0;0;0;0;0;0;0;0;0;0;0;0;20.022706985473633;-100;0
41884;0;0;0;1;0;0;0;0;0;0;0;0;0;0;0;0;0;0;0;20.022706985473633;-100;0
41895;0;0;0;1;0;0;0;0;0;0;0;0;0;0;0;0;0;0;0;20.022706985473633;-100;0
41905;0;0;0;1;0;0;0;0;0;0;0;0;0;0;0;0;0;0;0;20.022706985473633;-100;0
41916;0;0;0;1;0;0;0;0;0;0;0;0;0;0;0;0;0;0;0;20.022706985473633;-100;0
41927;0;0;0;1;0;0;0;0;0;0;0;0;0;0;0;0;0;0;0;20.022706985473633;-100;0
41938;0;0;0;1;0;0;0;0;0;0;0;0;0;0;0;0;0;0;0;20.022706985473633;-100;0
41948;0;0;0;1;0;0;0;0;0;0;0;0;0;0;0;0;0;0;0;20.022706985473633;-100;0
41959;0;0;0;1;0;0;0;0;0;0;0;0;0;0;0;0;0;0;0;20.022706985473633;-100;0
41969;0;0;0;1;0;0;0;0;0;0;0;0;0;0;0;0;0;0;0;20.022706985473633;-100;0
41981;0;0;0;1;0;0;0;0;0;0;0;0;0;0;0;0;0;0;0;20.022706985473633;-100;0
41991;0;0;0;1;0;0;0;0;0;0;0;0;0;0;0;0;0;0;0;20.022706985473633;-100;0
42003;0;0;0;1;0;0;0;0;0;0;0;0;0;0;0;0;0;0;0;20.022706985473633;-100;0
42013;0;0;0;1;0;0;0;0;0;0;0;0;0;0;0;0;0;0;0;20.022706985473633;-100;0
42023;0;0;0;1;0;0;0;0;0;0;0;0;0;0;0;0;0;0;0;20.022706985473633;-100;0
42033;0;0;0;1;0;0;0;0;0;0;0;0;0;0;0;0;0;0;0;20.022706985473633;-100;0
42044;0;0;0;1;0;0;0;0;0;0;0;0;0;0;0;0;0;0;0;20.022706985473633;-100;0
42056;0;0;0;1;0;0;0;0;0;0;0;0;0;0;0;0;0;0;0;20.022706985473633;-100;0
42067;0;0;0;1;0;0;0;0;0;0;0;0;0;0;0;0;0;0;0;20.022706985473633;-100;0
42078;0;0;0;1;0;0;0;0;0;0;0;0;0;0;0;0;0;0;0;20.022706985473633;-100;0
42088;0;0;0;1;0;0;0;0;0;0;0;0;0;0;0;0;0;0;0;20.022706985473633;-100;0
42099;0;0;0;1;0;0;0;0;0;0;0;0;0;0;0;0;0;0;0;20.022706985473633;-100;0
42109;0;0;0;1;0;0;0;0;0;0;0;0;0;0;0;0;0;0;0;20.022706985473633;-100;0
42120;0;0;0;1;0;0;0;0;0;0;0;0;0;0;0;0;0;0;0;20.022706985473633;-100;0
42130;0;0;0;1;0;0;0;0;0;0;0;0;0;0;0;0;0;0;0;20.022706985473633;-100;0
42141;0;0;0;1;0;0;0;0;0;0;0;0;0;0;0;0;0;0;0;20.022706985473633;-100;0
42150;0;0;0;1;0;0;0;0;0;0;0;0;0;0;0;0;0;0;0;20.022706985473633;-100;0
42161;0;0;0;1;0;0;0;0;0;0;0;0;0;0;0;0;0;0;0;20.022706985473633;-100;0
42171;0;0;0;1;0;0;0;0;0;0;0;0;0;0;0;0;0;0;0;20.022706985473633;-100;0
42181;0;0;0;1;0;0;0;0;0;0;0;0;0;0;0;0;0;0;0;20.022706985473633;-100;0
42192;0;0;0;1;0;0;0;0;0;0;0;0;0;0;0;0;0;0;0;20.022706985473633;-100;0
42203;0;0;0;1;0;0;0;0;0;0;0;0;0;0;0;0;0;0;0;20.022706985473633;-100;0
42214;0;0;0;1;0;0;0;0;0;0;0;0;0;0;0;0;0;0;0;20.022706985473633;-100;0
42225;0;0;0;1;0;0;0;0;0;0;0;0;0;0;0;0;0;0;0;20.022706985473633;-100;0
42237;0;0;0;1;0;0;0;0;0;0;0;0;0;0;0;0;0;0;0;20.022706985473633;-100;0
42246;0;0;0;1;0;0;0;0;0;0;0;0;0;0;0;0;0;0;0;20.022706985473633;-100;0
42257;0;0;0;1;0;0;0;0;0;0;0;0;0;0;0;0;0;0;0;20.022706985473633;-100;0
42267;0;0;0;1;0;0;0;0;0;0;0;0;0;0;0;0;0;0;0;20.022706985473633;-100;0
42278;0;0;0;1;0;0;0;0;0;0;0;0;0;0;0;0;0;0;0;20.022706985473633;-100;0
42288;0;0;0;1;0;0;0;0;0;0;0;0;0;0;0;0;0;0;0;20.022706985473633;-100;0
42298;0;0;0;1;0;0;0;0;0;0;0;0;0;0;0;0;0;0;0;20.022706985473633;-100;0
42308;0;0;0;1;0;0;0;0;0;0;0;0;0;0;0;0;0;0;0;20.022706985473633;-100;0
42318;0;0;0;1;0;0;0;0;0;0;0;0;0;0;0;0;0;0;0;20.022706985473633;-100;0
42329;0;0;0;1;0;0;0;0;0;0;0;0;0;0;0;0;0;0;0;20.022706985473633;-100;0
42340;0;0;0;1;0;0;0;0;0;0;0;0;0;0;0;0;0;0;0;20.022706985473633;-100;0
42350;0;0;0;1;0;0;0;0;0;0;0;0;0;0;0;0;0;0;0;20.022706985473633;-100;0
42361;0;0;0;1;0;0;0;0;0;0;0;0;0;0;0;0;0;0;0;20.022706985473633;-100;0
42372;0;0;0;1;0;0;0;0;0;0;0;0;0;0;0;0;0;0;0;20.022706985473633;-100;0
42383;0;0;0;1;0;0;0;0;0;0;0;0;0;0;0;0;0;0;0;20.022706985473633;-100;0
42394;0;0;0;1;0;0;0;0;0;0;0;0;0;0;0;0;0;0;0;20.022706985473633;-100;0
42404;0;0;0;1;0;0;0;0;0;0;0;0;0;0;0;0;0;0;0;20.022706985473633;-100;0
42415;0;0;0;1;0;0;0;0;0;0;0;0;0;0;0;0;0;0;0;20.022706985473633;-100;0
42426;0;0;0;1;0;0;0;0;0;0;0;0;0;0;0;0;0;0;0;20.022706985473633;-100;0
42437;0;0;0;1;0;0;0;0;0;0;0;0;0;0;0;0;0;0;0;20.022706985473633;-100;0
42448;0;0;0;1;0;0;0;0;0;0;0;0;0;0;0;0;0;0;0;20.022706985473633;-100;0
42459;0;0;0;1;0;0;0;0;0;0;0;0;0;0;0;0;0;0;0;20.022706985473633;-100;0
42469;0;0;0;1;0;0;0;0;0;0;0;0;0;0;0;0;0;0;0;20.022706985473633;-100;0
42479;0;0;0;1;0;0;0;0;0;0;0;0;0;0;0;0;0;0;0;20.022706985473633;-100;0
42490;0;0;0;1;0;0;0;0;0;0;0;0;0;0;0;0;0;0;0;20.022706985473633;-100;0
42500;0;0;0;1;0;0;0;0;0;0;0;0;0;0;0;0;0;0;0;20.022706985473633;-100;0
42511;0;0;0;1;0;0;0;0;0;0;0;0;0;0;0;0;0;0;0;20.022706985473633;-100;0
42521;0;0;0;1;0;0;0;0;0;0;0;0;0;0;0;0;0;0;0;20.022706985473633;-100;0
42532;0;0;0;1;0;0;0;0;0;0;0;0;0;0;0;0;0;0;0;20.022706985473633;-100;0
42542;0;0;0;1;0;0;0;0;0;0;0;0;0;0;0;0;0;0;0;20.022706985473633;-100;0
42553;0;0;0;1;0;0;0;0;0;0;0;0;0;0;0;0;0;0;0;20.022706985473633;-100;0
42564;0;0;0;1;0;0;0;0;0;0;0;0;0;0;0;0;0;0;0;20.022706985473633;-100;0
42574;0;0;0;1;0;0;0;0;0;0;0;0;0;0;0;0;0;0;0;20.022706985473633;-100;0
42585;0;0;0;1;0;0;0;0;0;0;0;0;0;0;0;0;0;0;0;20.022706985473633;-100;0
42595;0;0;0;1;0;0;0;0;0;0;0;0;0;0;0;0;0;0;0;20.022706985473633;-100;0
42605;0;0;0;1;0;0;0;0;0;0;0;0;0;0;0;0;0;0;0;20.022706985473633;-100;0
42615;0;0;0;1;0;0;0;0;0;0;0;0;0;0;0;0;0;0;0;20.022706985473633;-100;0
42625;0;0;0;1;0;0;0;0;0;0;0;0;0;0;0;0;0;0;0;20.022706985473633;-100;0
42636;0;0;0;1;0;0;0;0;0;0;0;0;0;0;0;0;0;0;0;20.022706985473633;-100;0
42646;0;0;0;1;0;0;0;0;0;0;0;0;0;0;0;0;0;0;0;20.022706985473633;-100;0
42657;0;0;0;1;0;0;0;0;0;0;0;0;0;0;0;0;0;0;0;20.022706985473633;-100;0
42668;0;0;0;1;0;0;0;0;0;0;0;0;0;0;0;0;0;0;0;20.022706985473633;-100;0
42678;0;0;0;1;0;0;0;0;0;0;0;0;0;0;0;0;0;0;0;20.022706985473633;-100;0
42689;0;0;0;1;0;0;0;0;0;0;0;0;0;0;0;0;0;0;0;20.022706985473633;-100;0
42699;0;0;0;1;0;0;0;0;0;0;0;0;0;0;0;0;0;0;0;20.022706985473633;-100;0
42710;0;0;0;1;0;0;0;0;0;0;0;0;0;0;0;0;0;0;0;20.022706985473633;-100;0
42719;0;0;0;1;0;0;0;0;0;0;0;0;0;0;0;0;0;0;0;20.022706985473633;-100;0
42729;0;0;0;1;0;0;0;0;0;0;0;0;0;0;0;0;0;0;0;20.022706985473633;-100;0
42740;0;0;0;1;0;0;0;0;0;0;0;0;0;0;0;0;0;0;0;20.022706985473633;-100;0
42751;0;0;0;1;0;0;0;0;0;0;0;0;0;0;0;0;0;0;0;20.022706985473633;-100;0
42762;0;0;0;1;0;0;0;0;0;0;0;0;0;0;0;0;0;0;0;20.022706985473633;-100;0
42772;0;0;0;1;0;0;0;0;0;0;0;0;0;0;0;0;0;0;0;20.022706985473633;-100;0
42783;0;0;0;1;0;0;0;0;0;0;0;0;0;0;0;0;0;0;0;20.022706985473633;-100;0
42793;0;0;0;1;0;0;0;0;0;0;0;0;0;0;0;0;0;0;0;20.022706985473633;-100;0
42804;0;0;0;1;0;0;0;0;0;0;0;0;0;0;0;0;0;0;0;20.022706985473633;-100;0
42814;0;0;0;1;0;0;0;0;0;0;0;0;0;0;0;0;0;0;0;20.022706985473633;-100;0
42824;0;0;0;1;0;0;0;0;0;0;0;0;0;0;0;0;0;0;0;20.022706985473633;-100;0
42834;0;0;0;1;0;0;0;0;0;0;0;0;0;0;0;0;0;0;0;20.022706985473633;-100;0
42846;0;0;0;1;0;0;0;0;0;0;0;0;0;0;0;0;0;0;0;20.022706985473633;-100;0
42856;0;0;0;1;0;0;0;0;0;0;0;0;0;0;0;0;0;0;0;20.022706985473633;-100;0
42867;0;0;0;1;0;0;0;0;0;0;0;0;0;0;0;0;0;0;0;20.022706985473633;-100;0
42878;0;0;0;1;0;0;0;0;0;0;0;0;0;0;0;0;0;0;0;20.022706985473633;-100;0
42889;0;0;0;1;0;0;0;0;0;0;0;0;0;0;0;0;0;0;0;20.022706985473633;-100;0
42901;0;0;0;1;0;0;0;0;0;0;0;0;0;0;0;0;0;0;0;20.022706985473633;-100;0
42911;0;0;0;1;0;0;0;0;0;0;0;0;0;0;0;0;0;0;0;20.022706985473633;-100;0
42921;0;0;0;1;0;0;0;0;0;0;0;0;0;0;0;0;0;0;0;20.022706985473633;-100;0
42933;0;0;0;1;0;0;0;0;0;0;0;0;0;0;0;0;0;0;0;20.022706985473633;-100;0
42942;0;0;0;1;0;0;0;0;0;0;0;0;0;0;0;0;0;0;0;20.022706985473633;-100;0
42954;0;0;0;1;0;0;0;0;0;0;0;0;0;0;0;0;0;0;0;20.022706985473633;-100;0
42964;0;0;0;1;0;0;0;0;0;0;0;0;0;0;0;0;0;0;0;20.022706985473633;-100;0
42975;0;0;0;1;0;0;0;0;0;0;0;0;0;0;0;0;0;0;0;20.022706985473633;-100;0
42985;0;0;0;1;0;0;0;0;0;0;0;0;0;0;0;0;0;0;0;20.022706985473633;-100;0
42996;0;0;0;1;0;0;0;0;0;0;0;0;0;0;0;0;0;0;0;20.022706985473633;-100;0
43007;0;0;0;1;0;0;0;0;0;0;0;0;0;0;0;0;0;0;0;20.022706985473633;-100;0
43017;0;0;0;1;0;0;0;0;0;0;0;0;0;0;0;0;0;0;0;20.022706985473633;-100;0
43027;0;0;0;1;0;0;0;0;0;0;0;0;0;0;0;0;0;0;0;20.022706985473633;-100;0
43038;0;0;0;1;0;0;0;0;0;0;0;0;0;0;0;0;0;0;0;20.022706985473633;-100;0
43048;0;0;0;1;0;0;0;0;0;0;0;0;0;0;0;0;0;0;0;20.022706985473633;-100;0
43058;0;0;0;1;0;0;0;0;0;0;0;0;0;0;0;0;0;0;0;20.022706985473633;-100;0
43068;0;0;0;1;0;0;0;0;0;0;0;0;0;0;0;0;0;0;0;20.022706985473633;-100;0
43078;0;0;0;1;0;0;0;0;0;0;0;0;0;0;0;0;0;0;0;20.022706985473633;-100;0
43089;0;0;0;1;0;0;0;0;0;0;0;0;0;0;0;0;0;0;0;20.022706985473633;-100;0
43100;0;0;0;1;0;0;0;0;0;0;0;0;0;0;0;0;0;0;0;20.022706985473633;-100;0
43110;0;0;0;1;0;0;0;0;0;0;0;0;0;0;0;0;0;0;0;20.022706985473633;-100;0
43121;0;0;0;1;0;0;0;0;0;0;0;0;0;0;0;0;0;0;0;20.022706985473633;-100;0
43131;0;0;0;1;0;0;0;0;0;0;0;0;0;0;0;0;0;0;0;20.022706985473633;-100;0
43142;0;0;0;1;0;0;0;0;0;0;0;0;0;0;0;0;0;0;0;20.022706985473633;-100;0
43153;0;0;0;1;0;0;0;0;0;0;0;0;0;0;0;0;0;0;0;20.022706985473633;-100;0
43164;0;0;0;1;0;0;0;0;0;0;0;0;0;0;0;0;0;0;0;20.022706985473633;-100;0
43175;0;0;0;1;0;0;0;0;0;0;0;0;0;0;0;0;0;0;0;20.022706985473633;-100;0
43186;0;0;0;1;0;0;0;0;0;0;0;0;0;0;0;0;0;0;0;20.022706985473633;-100;0
43195;0;0;0;1;0;0;0;0;0;0;0;0;0;0;0;0;0;0;0;20.022706985473633;-100;0
43206;0;0;0;1;0;0;0;0;0;0;0;0;0;0;0;0;0;0;0;20.022706985473633;-100;0
43216;0;0;0;1;0;0;0;0;0;0;0;0;0;0;0;0;0;0;0;20.022706985473633;-100;0
43227;0;0;0;1;0;0;0;0;0;0;0;0;0;0;0;0;0;0;0;20.022706985473633;-100;0
43238;0;0;0;1;0;0;0;0;0;0;0;0;0;0;0;0;0;0;0;20.022706985473633;-100;0
43249;0;0;0;1;0;0;0;0;0;0;0;0;0;0;0;0;0;0;0;20.022706985473633;-100;0
43259;0;0;0;1;0;0;0;0;0;0;0;0;0;0;0;0;0;0;0;20.022706985473633;-100;0
43269;0;0;0;1;0;0;0;0;0;0;0;0;0;0;0;0;0;0;0;20.022706985473633;-100;0
43279;0;0;0;1;0;0;0;0;0;0;0;0;0;0;0;0;0;0;0;20.022706985473633;-100;0
43289;0;0;0;1;0;0;0;0;0;0;0;0;0;0;0;0;0;0;0;20.022706985473633;-100;0
43300;0;0;0;1;0;0;0;0;0;0;0;0;0;0;0;0;0;0;0;20.022706985473633;-100;0
43310;0;0;0;1;0;0;0;0;0;0;0;0;0;0;0;0;0;0;0;20.022706985473633;-100;0
43320;0;0;0;1;0;0;0;0;0;0;0;0;0;0;0;0;0;0;0;20.022706985473633;-100;0
43332;0;0;0;1;0;0;0;0;0;0;0;0;0;0;0;0;0;0;0;20.022706985473633;-100;0
43342;0;0;0;1;0;0;0;0;0;0;0;0;0;0;0;0;0;0;0;20.022706985473633;-100;0
43352;0;0;0;1;0;0;0;0;0;0;0;0;0;0;0;0;0;0;0;20.022706985473633;-100;0
43363;0;0;0;1;0;0;0;0;0;0;0;0;0;0;0;0;0;0;0;20.022706985473633;-100;0
43374;0;0;0;1;0;0;0;0;0;0;0;0;0;0;0;0;0;0;0;20.022706985473633;-100;0
43384;0;0;0;1;0;0;0;0;0;0;0;0;0;0;0;0;0;0;0;20.022706985473633;-100;0
43395;0;0;0;1;0;0;0;0;0;0;0;0;0;0;0;0;0;0;0;20.022706985473633;-100;0
43406;0;0;0;1;0;0;0;0;0;0;0;0;0;0;0;0;0;0;0;20.022706985473633;-100;0
43416;0;0;0;1;0;0;0;0;0;0;0;0;0;0;0;0;0;0;0;20.022706985473633;-100;0
43427;0;0;0;1;0;0;0;0;0;0;0;0;0;0;0;0;0;0;0;20.022706985473633;-100;0
43437;0;0;0;1;0;0;0;0;0;0;0;0;0;0;0;0;0;0;0;20.022706985473633;-100;0
43448;0;0;0;1;0;0;0;0;0;0;0;0;0;0;0;0;0;0;0;20.022706985473633;-100;0
43459;0;0;0;1;0;0;0;0;0;0;0;0;0;0;0;0;0;0;0;20.022706985473633;-100;0
43469;0;0;0;1;0;0;0;0;0;0;0;0;0;0;0;0;0;0;0;20.022706985473633;-100;0
43480;0;0;0;1;0;0;0;0;0;0;0;0;0;0;0;0;0;0;0;20.022706985473633;-100;0
43492;0;0;0;1;0;0;0;0;0;0;0;0;0;0;0;0;0;0;0;20.022706985473633;-100;0
43502;0;0;0;1;0;0;0;0;0;0;0;0;0;0;0;0;0;0;0;20.022706985473633;-100;0
43513;0;0;0;1;0;0;0;0;0;0;0;0;0;0;0;0;0;0;0;20.022706985473633;-100;0
43523;0;0;0;1;0;0;0;0;0;0;0;0;0;0;0;0;0;0;0;20.022706985473633;-100;0
43533;0;0;0;1;0;0;0;0;0;0;0;0;0;0;0;0;0;0;0;20.022706985473633;-100;0
43544;0;0;0;1;0;0;0;0;0;0;0;0;0;0;0;0;0;0;0;20.022706985473633;-100;0
43555;0;0;0;1;0;0;0;0;0;0;0;0;0;0;0;0;0;0;0;20.022706985473633;-100;0
43565;0;0;0;1;0;0;0;0;0;0;0;0;0;0;0;0;0;0;0;20.022706985473633;-100;0
43576;0;0;0;1;0;0;0;0;0;0;0;0;0;0;0;0;0;0;0;20.022706985473633;-100;0
43586;0;0;0;1;0;0;0;0;0;0;0;0;0;0;0;0;0;0;0;20.022706985473633;-100;0
43596;0;0;0;1;0;0;0;0;0;0;0;0;0;0;0;0;0;0;0;20.022706985473633;-100;0
43607;0;0;0;1;0;0;0;0;0;0;0;0;0;0;0;0;0;0;0;20.022706985473633;-100;0
43618;0;0;0;1;0;0;0;0;0;0;0;0;0;0;0;0;0;0;0;20.022706985473633;-100;0
43628;0;0;0;1;0;0;0;0;0;0;0;0;0;0;0;0;0;0;0;20.022706985473633;-100;0
43640;0;0;0;1;0;0;0;0;0;0;0;0;0;0;0;0;0;0;0;20.022706985473633;-100;0
43650;0;0;0;1;0;0;0;0;0;0;0;0;0;0;0;0;0;0;0;20.022706985473633;-100;0
43661;0;0;0;1;0;0;0;0;0;0;0;0;0;0;0;0;0;0;0;20.022706985473633;-100;0
43672;0;0;0;1;0;0;0;0;0;0;0;0;0;0;0;0;0;0;0;20.022706985473633;-100;0
43682;0;0;0;1;0;0;0;0;0;0;0;0;0;0;0;0;0;0;0;20.022706985473633;-100;0
43692;0;0;0;1;0;0;0;0;0;0;0;0;0;0;0;0;0;0;0;20.022706985473633;-100;0
43702;0;0;0;1;0;0;0;0;0;0;0;0;0;0;0;0;0;0;0;20.022706985473633;-100;0
43714;0;0;0;1;0;0;0;0;0;0;0;0;0;0;0;0;0;0;0;20.022706985473633;-100;0
43724;0;0;0;1;0;0;0;0;0;0;0;0;0;0;0;0;0;0;0;20.022706985473633;-100;0
43735;0;0;0;1;0;0;0;0;0;0;0;0;0;0;0;0;0;0;0;20.022706985473633;-100;0
43744;0;0;0;1;0;0;0;0;0;0;0;0;0;0;0;0;0;0;0;20.022706985473633;-100;0
43755;0;0;0;1;0;0;0;0;0;0;0;0;0;0;0;0;0;0;0;20.022706985473633;-100;0
43765;0;0;0;1;0;0;0;0;0;0;0;0;0;0;0;0;0;0;0;20.022706985473633;-100;0
43776;0;0;0;1;0;0;0;0;0;0;0;0;0;0;0;0;0;0;0;20.022706985473633;-100;0
43787;0;0;0;1;0;0;0;0;0;0;0;0;0;0;0;0;0;0;0;20.022706985473633;-100;0
43797;0;0;0;1;0;0;0;0;0;0;0;0;0;0;0;0;0;0;0;20.022706985473633;-100;0
43808;0;0;0;1;0;0;0;0;0;0;0;0;0;0;0;0;0;0;0;20.022706985473633;-100;0
43820;0;0;0;1;0;0;0;0;0;0;0;0;0;0;0;0;0;0;0;20.022706985473633;-100;0
43830;0;0;0;1;0;0;0;0;0;0;0;0;0;0;0;0;0;0;0;20.022706985473633;-100;0
43840;0;0;0;1;0;0;0;0;0;0;0;0;0;0;0;0;0;0;0;20.022706985473633;-100;0
43851;0;0;0;1;0;0;0;0;0;0;0;0;0;0;0;0;0;0;0;20.022706985473633;-100;0
43862;0;0;0;1;0;0;0;0;0;0;0;0;0;0;0;0;0;0;0;20.022706985473633;-100;0
43874;0;0;0;1;0;0;0;0;0;0;0;0;0;0;0;0;0;0;0;20.022706985473633;-100;0
43885;0;0;0;1;0;0;0;0;0;0;0;0;0;0;0;0;0;0;0;20.022706985473633;-100;0
43896;0;0;0;1;0;0;0;0;0;0;0;0;0;0;0;0;0;0;0;20.022706985473633;-100;0
43906;0;0;0;1;0;0;0;0;0;0;0;0;0;0;0;0;0;0;0;20.022706985473633;-100;0
43917;0;0;0;1;0;0;0;0;0;0;0;0;0;0;0;0;0;0;0;20.022706985473633;-100;0
43927;0;0;0;1;0;0;0;0;0;0;0;0;0;0;0;0;0;0;0;20.022706985473633;-100;0
43938;0;0;0;1;0;0;0;0;0;0;0;0;0;0;0;0;0;0;0;20.022706985473633;-100;0
43949;0;0;0;1;0;0;0;0;0;0;0;0;0;0;0;0;0;0;0;20.022706985473633;-100;0
43960;0;0;0;1;0;0;0;0;0;0;0;0;0;0;0;0;0;0;0;20.022706985473633;-100;0
43970;0;0;0;1;0;0;0;0;0;0;0;0;0;0;0;0;0;0;0;20.022706985473633;-100;0
43980;0;0;0;1;0;0;0;0;0;0;0;0;0;0;0;0;0;0;0;20.022706985473633;-100;0
43990;0;0;0;1;0;0;0;0;0;0;0;0;0;0;0;0;0;0;0;20.022706985473633;-100;0
44002;0;0;0;1;0;0;0;0;0;0;0;0;0;0;0;0;0;0;0;20.022706985473633;-100;0
44012;0;0;0;1;0;0;0;0;0;0;0;0;0;0;0;0;0;0;0;20.022706985473633;-100;0
44023;0;0;0;1;0;0;0;0;0;0;0;0;0;0;0;0;0;0;0;20.022706985473633;-100;0
44033;0;0;0;1;0;0;0;0;0;0;0;0;0;0;0;0;0;0;0;20.022706985473633;-100;0
44044;0;0;0;1;0;0;0;0;0;0;0;0;0;0;0;0;0;0;0;20.022706985473633;-100;0
44054;0;0;0;1;0;0;0;0;0;0;0;0;0;0;0;0;0;0;0;20.022706985473633;-100;0
44065;0;0;0;1;0;0;0;0;0;0;0;0;0;0;0;0;0;0;0;20.022706985473633;-100;0
44076;0;0;0;1;0;0;0;0;0;0;0;0;0;0;0;0;0;0;0;20.022706985473633;-100;0
44087;0;0;0;1;0;0;0;0;0;0;0;0;0;0;0;0;0;0;0;20.022706985473633;-100;0
44097;0;0;0;1;0;0;0;0;0;0;0;0;0;0;0;0;0;0;0;20.022706985473633;-100;0
44107;0;0;0;1;0;0;0;0;0;0;0;0;0;0;0;0;0;0;0;20.022706985473633;-100;0
44117;0;0;0;1;0;0;0;0;0;0;0;0;0;0;0;0;0;0;0;20.022706985473633;-100;0
44129;0;0;0;1;0;0;0;0;0;0;0;0;0;0;0;0;0;0;0;20.022706985473633;-100;0
44139;0;0;0;1;0;0;0;0;0;0;0;0;0;0;0;0;0;0;0;20.022706985473633;-100;0
44150;0;0;0;1;0;0;0;0;0;0;0;0;0;0;0;0;0;0;0;20.022706985473633;-100;0
44160;0;0;0;1;0;0;0;0;0;0;0;0;0;0;0;0;0;0;0;20.022706985473633;-100;0
44170;0;0;0;1;0;0;0;0;0;0;0;0;0;0;0;0;0;0;0;20.022706985473633;-100;0
44180;0;0;0;1;0;0;0;0;0;0;0;0;0;0;0;0;0;0;0;20.022706985473633;-100;0
44191;0;0;0;1;0;0;0;0;0;0;0;0;0;0;0;0;0;0;0;20.022706985473633;-100;0
44202;0;0;0;1;0;0;0;0;0;0;0;0;0;0;0;0;0;0;0;20.022706985473633;-100;0
44213;0;0;0;1;0;0;0;0;0;0;0;0;0;0;0;0;0;0;0;20.022706985473633;-100;0
44223;0;0;0;1;0;0;0;0;0;0;0;0;0;0;0;0;0;0;0;20.022706985473633;-100;0
44234;0;0;0;1;0;0;0;0;0;0;0;0;0;0;0;0;0;0;0;20.022706985473633;-100;0
44244;0;0;0;1;0;0;0;0;0;0;0;0;0;0;0;0;0;0;0;20.022706985473633;-100;0
44254;0;0;0;1;0;0;0;0;0;0;0;0;0;0;0;0;0;0;0;20.022706985473633;-100;0
44264;0;0;0;1;0;0;0;0;0;0;0;0;0;0;0;0;0;0;0;20.022706985473633;-100;0
44275;0;0;0;1;0;0;0;0;0;0;0;0;0;0;0;0;0;0;0;20.022706985473633;-100;0
44286;0;0;0;1;0;0;0;0;0;0;0;0;0;0;0;0;0;0;0;20.022706985473633;-100;0
44298;0;0;0;1;0;0;0;0;0;0;0;0;0;0;0;0;0;0;0;20.022706985473633;-100;0
44309;0;0;0;1;0;0;0;0;0;0;0;0;0;0;0;0;0;0;0;20.022706985473633;-100;0
44319;0;0;0;1;0;0;0;0;0;0;0;0;0;0;0;0;0;0;0;20.022706985473633;-100;0
44329;0;0;0;1;0;0;0;0;0;0;0;0;0;0;0;0;0;0;0;20.022706985473633;-100;0
44338;0;0;0;1;0;0;0;0;0;0;0;0;0;0;0;0;0;0;0;20.022706985473633;-100;0
44348;0;0;0;1;0;0;0;0;0;0;0;0;0;0;0;0;0;0;0;20.022706985473633;-100;0
44359;0;0;0;1;0;0;0;0;0;0;0;0;0;0;0;0;0;0;0;20.022706985473633;-100;0
44369;0;0;0;1;0;0;0;0;0;0;0;0;0;0;0;0;0;0;0;20.022706985473633;-100;0
44380;0;0;0;1;0;0;0;0;0;0;0;0;0;0;0;0;0;0;0;20.022706985473633;-100;0
44390;0;0;0;1;0;0;0;0;0;0;0;0;0;0;0;0;0;0;0;20.022706985473633;-100;0
44400;0;0;0;1;0;0;0;0;0;0;0;0;0;0;0;0;0;0;0;20.022706985473633;-100;0
44411;0;0;0;1;0;0;0;0;0;0;0;0;0;0;0;0;0;0;0;20.022706985473633;-100;0
44422;0;0;0;1;0;0;0;0;0;0;0;0;0;0;0;0;0;0;0;20.022706985473633;-100;0
44432;0;0;0;1;0;0;0;0;0;0;0;0;0;0;0;0;0;0;0;20.022706985473633;-100;0
44441;0;0;0;1;0;0;0;0;0;0;0;0;0;0;0;0;0;0;0;20.022706985473633;-100;0
44451;0;0;0;1;0;0;0;0;0;0;0;0;0;0;0;0;0;0;0;20.022706985473633;-100;0
44461;0;0;0;1;0;0;0;0;0;0;0;0;0;0;0;0;0;0;0;20.022706985473633;-100;0
44472;0;0;0;1;0;0;0;0;0;0;0;0;0;0;0;0;0;0;0;20.022706985473633;-100;0
44482;0;0;0;1;0;0;0;0;0;0;0;0;0;0;0;0;0;0;0;20.022706985473633;-100;0
44492;0;0;0;1;0;0;0;0;0;0;0;0;0;0;0;0;0;0;0;20.022706985473633;-100;0
44503;0;0;0;1;0;0;0;0;0;0;0;0;0;0;0;0;0;0;0;20.022706985473633;-100;0
44514;0;0;0;1;0;0;0;0;0;0;0;0;0;0;0;0;0;0;0;20.022706985473633;-100;0
44524;0;0;0;1;0;0;0;0;0;0;0;0;0;0;0;0;0;0;0;20.022706985473633;-100;0
44535;0;0;0;1;0;0;0;0;0;0;0;0;0;0;0;0;0;0;0;20.022706985473633;-100;0
44545;0;0;0;1;0;0;0;0;0;0;0;0;0;0;0;0;0;0;0;20.022706985473633;-100;0
44555;0;0;0;1;0;0;0;0;0;0;0;0;0;0;0;0;0;0;0;20.022706985473633;-100;0
44566;0;0;0;1;0;0;0;0;0;0;0;0;0;0;0;0;0;0;0;20.022706985473633;-100;0
44577;0;0;0;1;0;0;0;0;0;0;0;0;0;0;0;0;0;0;0;20.022706985473633;-100;0
44587;0;0;0;1;0;0;0;0;0;0;0;0;0;0;0;0;0;0;0;20.022706985473633;-100;0
44598;0;0;0;1;0;0;0;0;0;0;0;0;0;0;0;0;0;0;0;20.022706985473633;-100;0
44608;0;0;0;1;0;0;0;0;0;0;0;0;0;0;0;0;0;0;0;20.022706985473633;-100;0
44619;0;0;0;1;0;0;0;0;0;0;0;0;0;0;0;0;0;0;0;20.022706985473633;-100;0
44630;0;0;0;1;0;0;0;0;0;0;0;0;0;0;0;0;0;0;0;20.022706985473633;-100;0
44640;0;0;0;1;0;0;0;0;0;0;0;0;0;0;0;0;0;0;0;20.022706985473633;-100;0
44651;0;0;0;1;0;0;0;0;0;0;0;0;0;0;0;0;0;0;0;20.022706985473633;-100;0
44661;0;0;0;1;0;0;0;0;0;0;0;0;0;0;0;0;0;0;0;20.022706985473633;-100;0
44671;0;0;0;1;0;0;0;0;0;0;0;0;0;0;0;0;0;0;0;20.022706985473633;-100;0
44681;0;0;0;1;0;0;0;0;0;0;0;0;0;0;0;0;0;0;0;20.022706985473633;-100;0
44693;0;0;0;1;0;0;0;0;0;0;0;0;0;0;0;0;0;0;0;20.022706985473633;-100;0
44704;0;0;0;1;0;0;0;0;0;0;0;0;0;0;0;0;0;0;0;20.022706985473633;-100;0
44714;0;0;0;1;0;0;0;0;0;0;0;0;0;0;0;0;0;0;0;20.022706985473633;-100;0
44724;0;0;0;1;0;0;0;0;0;0;0;0;0;0;0;0;0;0;0;20.022706985473633;-100;0
44735;0;0;0;1;0;0;0;0;0;0;0;0;0;0;0;0;0;0;0;20.022706985473633;-100;0
44746;0;0;0;1;0;0;0;0;0;0;0;0;0;0;0;0;0;0;0;20.022706985473633;-100;0
44757;0;0;0;1;0;0;0;0;0;0;0;0;0;0;0;0;0;0;0;20.022706985473633;-100;0
44767;0;0;0;1;0;0;0;0;0;0;0;0;0;0;0;0;0;0;0;20.022706985473633;-100;0
44778;0;0;0;1;0;0;0;0;0;0;0;0;0;0;0;0;0;0;0;20.022706985473633;-100;0
44789;0;0;0;1;0;0;0;0;0;0;0;0;0;0;0;0;0;0;0;20.022706985473633;-100;0
44799;0;0;0;1;0;0;0;0;0;0;0;0;0;0;0;0;0;0;0;20.022706985473633;-100;0
44809;0;0;0;1;0;0;0;0;0;0;0;0;0;0;0;0;0;0;0;20.022706985473633;-100;0
44820;0;0;0;1;0;0;0;0;0;0;0;0;0;0;0;0;0;0;0;20.022706985473633;-100;0
44831;0;0;0;1;0;0;0;0;0;0;0;0;0;0;0;0;0;0;0;20.022706985473633;-100;0
44842;0;0;0;1;0;0;0;0;0;0;0;0;0;0;0;0;0;0;0;20.022706985473633;-100;0
44853;0;0;0;1;0;0;0;0;0;0;0;0;0;0;0;0;0;0;0;20.022706985473633;-100;0
44863;0;0;0;1;0;0;0;0;0;0;0;0;0;0;0;0;0;0;0;20.022706985473633;-100;0
44875;0;0;0;1;0;0;0;0;0;0;0;0;0;0;0;0;0;0;0;20.022706985473633;-100;0
44887;0;0;0;1;0;0;0;0;0;0;0;0;0;0;0;0;0;0;0;20.022706985473633;-100;0
44898;0;0;0;1;0;0;0;0;0;0;0;0;0;0;0;0;0;0;0;20.022706985473633;-100;0
44908;0;0;0;1;0;0;0;0;0;0;0;0;0;0;0;0;0;0;0;20.022706985473633;-100;0
44918;0;0;0;1;0;0;0;0;0;0;0;0;0;0;0;0;0;0;0;20.022706985473633;-100;0
44929;0;0;0;1;0;0;0;0;0;0;0;0;0;0;0;0;0;0;0;20.022706985473633;-100;0
44940;0;0;0;1;0;0;0;0;0;0;0;0;0;0;0;0;0;0;0;20.022706985473633;-100;0
44950;0;0;0;1;0;0;0;0;0;0;0;0;0;0;0;0;0;0;0;20.022706985473633;-100;0
44959;0;0;0;1;0;0;0;0;0;0;0;0;0;0;0;0;0;0;0;20.022706985473633;-100;0
44970;0;0;0;1;0;0;0;0;0;0;0;0;0;0;0;0;0;0;0;20.022706985473633;-100;0
44981;0;0;0;1;0;0;0;0;0;0;0;0;0;0;0;0;0;0;0;20.022706985473633;-100;0
44991;0;0;0;1;0;0;0;0;0;0;0;0;0;0;0;0;0;0;0;20.022706985473633;-100;0
45002;0;0;0;1;0;0;0;0;0;0;0;0;0;0;0;0;0;0;0;20.022706985473633;-100;0
45012;0;0;0;1;0;0;0;0;0;0;0;0;0;0;0;0;0;0;0;20.022706985473633;-100;0
45022;0;0;0;1;0;0;0;0;0;0;0;0;0;0;0;0;0;0;0;20.022706985473633;-100;0
45032;0;0;0;1;0;0;0;0;0;0;0;0;0;0;0;0;0;0;0;20.022706985473633;-100;0
45042;0;0;0;1;0;0;0;0;0;0;0;0;0;0;0;0;0;0;0;20.022706985473633;-100;0
45053;0;0;0;1;0;0;0;0;0;0;0;0;0;0;0;0;0;0;0;20.022706985473633;-100;0
45064;0;0;0;1;0;0;0;0;0;0;0;0;0;0;0;0;0;0;0;20.022706985473633;-100;0
45074;0;0;0;1;0;0;0;0;0;0;0;0;0;0;0;0;0;0;0;20.022706985473633;-100;0
45085;0;0;0;1;0;0;0;0;0;0;0;0;0;0;0;0;0;0;0;20.022706985473633;-100;0
45096;0;0;0;1;0;0;0;0;0;0;0;0;0;0;0;0;0;0;0;20.022706985473633;-100;0
45106;0;0;0;1;0;0;0;0;0;0;0;0;0;0;0;0;0;0;0;20.022706985473633;-100;0
45117;0;0;0;1;0;0;0;0;0;0;0;0;0;0;0;0;0;0;0;20.022706985473633;-100;0
45128;0;0;0;1;0;0;0;0;0;0;0;0;0;0;0;0;0;0;0;20.022706985473633;-100;0
45138;0;0;0;1;0;0;0;0;0;0;0;0;0;0;0;0;0;0;0;20.022706985473633;-100;0
45148;0;0;0;1;0;0;0;0;0;0;0;0;0;0;0;0;0;0;0;20.022706985473633;-100;0
45158;0;0;0;1;0;0;0;0;0;0;0;0;0;0;0;0;0;0;0;20.022706985473633;-100;0
45170;0;0;0;1;0;0;0;0;0;0;0;0;0;0;0;0;0;0;0;20.022706985473633;-100;0
45181;0;0;0;1;0;0;0;0;0;0;0;0;0;0;0;0;0;0;0;20.022706985473633;-100;0
45191;0;0;0;1;0;0;0;0;0;0;0;0;0;0;0;0;0;0;0;20.022706985473633;-100;0
45201;0;0;0;1;0;0;0;0;0;0;0;0;0;0;0;0;0;0;0;20.022706985473633;-100;0
45212;0;0;0;1;0;0;0;0;0;0;0;0;0;0;0;0;0;0;0;20.022706985473633;-100;0
45222;0;0;0;1;0;0;0;0;0;0;0;0;0;0;0;0;0;0;0;20.022706985473633;-100;0
45233;0;0;0;1;0;0;0;0;0;0;0;0;0;0;0;0;0;0;0;20.022706985473633;-100;0
45243;0;0;0;1;0;0;0;0;0;0;0;0;0;0;0;0;0;0;0;20.022706985473633;-100;0
45254;0;0;0;1;0;0;0;0;0;0;0;0;0;0;0;0;0;0;0;20.022706985473633;-100;0
45264;0;0;0;1;0;0;0;0;0;0;0;0;0;0;0;0;0;0;0;20.022706985473633;-100;0
45276;0;0;0;1;0;0;0;0;0;0;0;0;0;0;0;0;0;0;0;20.022706985473633;-100;0
45287;0;0;0;1;0;0;0;0;0;0;0;0;0;0;0;0;0;0;0;20.022706985473633;-100;0
45298;0;0;0;1;0;0;0;0;0;0;0;0;0;0;0;0;0;0;0;20.022706985473633;-100;0
45308;0;0;0;1;0;0;0;0;0;0;0;0;0;0;0;0;0;0;0;20.022706985473633;-100;0
45318;0;0;0;1;0;0;0;0;0;0;0;0;0;0;0;0;0;0;0;20.022706985473633;-100;0
45331;0;0;0;1;0;0;0;0;0;0;0;0;0;0;0;0;0;0;0;20.022706985473633;-100;0
45342;0;0;0;1;0;0;0;0;0;0;0;0;0;0;0;0;0;0;0;20.022706985473633;-100;0
45352;0;0;0;1;0;0;0;0;0;0;0;0;0;0;0;0;0;0;0;20.022706985473633;-100;0
45362;0;0;0;1;0;0;0;0;0;0;0;0;0;0;0;0;0;0;0;20.022706985473633;-100;0
45373;0;0;0;1;0;0;0;0;0;0;0;0;0;0;0;0;0;0;0;20.022706985473633;-100;0
45383;0;0;0;1;0;0;0;0;0;0;0;0;0;0;0;0;0;0;0;20.022706985473633;-100;0
45394;0;0;0;1;0;0;0;0;0;0;0;0;0;0;0;0;0;0;0;20.022706985473633;-100;0
45404;0;0;0;1;0;0;0;0;0;0;0;0;0;0;0;0;0;0;0;20.022706985473633;-100;0
45415;0;0;0;1;0;0;0;0;0;0;0;0;0;0;0;0;0;0;0;20.022706985473633;-100;0
45425;0;0;0;1;0;0;0;0;0;0;0;0;0;0;0;0;0;0;0;20.022706985473633;-100;0
45436;0;0;0;1;0;0;0;0;0;0;0;0;0;0;0;0;0;0;0;20.022706985473633;-100;0
45446;0;0;0;1;0;0;0;0;0;0;0;0;0;0;0;0;0;0;0;20.022706985473633;-100;0
45456;0;0;0;1;0;0;0;0;0;0;0;0;0;0;0;0;0;0;0;20.022706985473633;-100;0
45466;0;0;0;1;0;0;0;0;0;0;0;0;0;0;0;0;0;0;0;20.022706985473633;-100;0
45477;0;0;0;1;0;0;0;0;0;0;0;0;0;0;0;0;0;0;0;20.022706985473633;-100;0
45487;0;0;0;1;0;0;0;0;0;0;0;0;0;0;0;0;0;0;0;20.022706985473633;-100;0
45497;0;0;0;1;0;0;0;0;0;0;0;0;0;0;0;0;0;0;0;20.022706985473633;-100;0
45508;0;0;0;1;0;0;0;0;0;0;0;0;0;0;0;0;0;0;0;20.022706985473633;-100;0
45520;0;0;0;1;0;0;0;0;0;0;0;0;0;0;0;0;0;0;0;20.022706985473633;-100;0
45531;0;0;0;1;0;0;0;0;0;0;0;0;0;0;0;0;0;0;0;20.022706985473633;-100;0
45541;0;0;0;1;0;0;0;0;0;0;0;0;0;0;0;0;0;0;0;20.022706985473633;-100;0
45554;0;0;0;1;0;0;0;0;0;0;0;0;0;0;0;0;0;0;0;20.022706985473633;-100;0
45564;0;0;0;1;0;0;0;0;0;0;0;0;0;0;0;0;0;0;0;20.022706985473633;-100;0
45574;0;0;0;1;0;0;0;0;0;0;0;0;0;0;0;0;0;0;0;20.022706985473633;-100;0
45585;0;0;0;1;0;0;0;0;0;0;0;0;0;0;0;0;0;0;0;20.022706985473633;-100;0
45595;0;0;0;1;0;0;0;0;0;0;0;0;0;0;0;0;0;0;0;20.022706985473633;-100;0
45606;0;0;0;1;0;0;0;0;0;0;0;0;0;0;0;0;0;0;0;20.022706985473633;-100;0
45617;0;0;0;1;0;0;0;0;0;0;0;0;0;0;0;0;0;0;0;20.022706985473633;-100;0
45628;0;0;0;1;0;0;0;0;0;0;0;0;0;0;0;0;0;0;0;20.022706985473633;-100;0
45638;0;0;0;1;0;0;0;0;0;0;0;0;0;0;0;0;0;0;0;20.022706985473633;-100;0
45649;0;0;0;1;0;0;0;0;0;0;0;0;0;0;0;0;0;0;0;20.022706985473633;-100;0
45659;0;0;0;1;0;0;0;0;0;0;0;0;0;0;0;0;0;0;0;20.022706985473633;-100;0
45670;0;0;0;1;0;0;0;0;0;0;0;0;0;0;0;0;0;0;0;20.022706985473633;-100;0
45681;0;0;0;1;0;0;0;0;0;0;0;0;0;0;0;0;0;0;0;20.022706985473633;-100;0
45690;0;0;0;1;0;0;0;0;0;0;0;0;0;0;0;0;0;0;0;20.022706985473633;-100;0
45702;0;0;0;1;0;0;0;0;0;0;0;0;0;0;0;0;0;0;0;20.022706985473633;-100;0
45713;0;0;0;1;0;0;0;0;0;0;0;0;0;0;0;0;0;0;0;20.022706985473633;-100;0
45725;0;0;0;1;0;0;0;0;0;0;0;0;0;0;0;0;0;0;0;20.022706985473633;-100;0
45735;0;0;0;1;0;0;0;0;0;0;0;0;0;0;0;0;0;0;0;20.022706985473633;-100;0
45746;0;0;0;1;0;0;0;0;0;0;0;0;0;0;0;0;0;0;0;20.022706985473633;-100;0
45756;0;0;0;1;0;0;0;0;0;0;0;0;0;0;0;0;0;0;0;20.022706985473633;-100;0
45766;0;0;0;1;0;0;0;0;0;0;0;0;0;0;0;0;0;0;0;20.022706985473633;-100;0
45777;0;0;0;1;0;0;0;0;0;0;0;0;0;0;0;0;0;0;0;20.022706985473633;-100;0
45787;0;0;0;1;0;0;0;0;0;0;0;0;0;0;0;0;0;0;0;20.022706985473633;-100;0
45798;0;0;0;1;0;0;0;0;0;0;0;0;0;0;0;0;0;0;0;20.022706985473633;-100;0
45808;0;0;0;1;0;0;0;0;0;0;0;0;0;0;0;0;0;0;0;20.022706985473633;-100;0
45818;0;0;0;1;0;0;0;0;0;0;0;0;0;0;0;0;0;0;0;20.022706985473633;-100;0
45828;0;0;0;1;0;0;0;0;0;0;0;0;0;0;0;0;0;0;0;20.022706985473633;-100;0
45839;0;0;0;1;0;0;0;0;0;0;0;0;0;0;0;0;0;0;0;20.022706985473633;-100;0
45850;0;0;0;1;0;0;0;0;0;0;0;0;0;0;0;0;0;0;0;20.022706985473633;-100;0
45862;0;0;0;1;0;0;0;0;0;0;0;0;0;0;0;0;0;0;0;20.022706985473633;-100;0
45872;0;0;0;1;0;0;0;0;0;0;0;0;0;0;0;0;0;0;0;20.022706985473633;-100;0
45883;0;0;0;1;0;0;0;0;0;0;0;0;0;0;0;0;0;0;0;20.022706985473633;-100;0
45893;0;0;0;1;0;0;0;0;0;0;0;0;0;0;0;0;0;0;0;20.022706985473633;-100;0
45904;0;0;0;1;0;0;0;0;0;0;0;0;0;0;0;0;0;0;0;20.022706985473633;-100;0
45914;0;0;0;1;0;0;0;0;0;0;0;0;0;0;0;0;0;0;0;20.022706985473633;-100;0
45925;0;0;0;1;0;0;0;0;0;0;0;0;0;0;0;0;0;0;0;20.022706985473633;-100;0
45937;0;0;0;1;0;0;0;0;0;0;0;0;0;0;0;0;0;0;0;20.022706985473633;-100;0
45947;0;0;0;1;0;0;0;0;0;0;0;0;0;0;0;0;0;0;0;20.022706985473633;-100;0
45957;0;0;0;1;0;0;0;0;0;0;0;0;0;0;0;0;0;0;0;20.022706985473633;-100;0
45968;0;0;0;1;0;0;0;0;0;0;0;0;0;0;0;0;0;0;0;20.022706985473633;-100;0
45980;0;0;0;1;0;0;0;0;0;0;0;0;0;0;0;0;0;0;0;20.022706985473633;-100;0
45991;0;0;0;1;0;0;0;0;0;0;0;0;0;0;0;0;0;0;0;20.022706985473633;-100;0
46002;0;0;0;1;0;0;0;0;0;0;0;0;0;0;0;0;0;0;0;20.022706985473633;-100;0
46014;0;0;0;1;0;0;0;0;0;0;0;0;0;0;0;0;0;0;0;20.022706985473633;-100;0
46025;0;0;0;1;0;0;0;0;0;0;0;0;0;0;0;0;0;0;0;20.022706985473633;-100;0
46035;0;0;0;1;0;0;0;0;0;0;0;0;0;0;0;0;0;0;0;20.022706985473633;-100;0
46045;0;0;0;1;0;0;0;0;0;0;0;0;0;0;0;0;0;0;0;20.022706985473633;-100;0
46056;0;0;0;1;0;0;0;0;0;0;0;0;0;0;0;0;0;0;0;20.022706985473633;-100;0
46066;0;0;0;1;0;0;0;0;0;0;0;0;0;0;0;0;0;0;0;20.022706985473633;-100;0
46076;0;0;0;1;0;0;0;0;0;0;0;0;0;0;0;0;0;0;0;20.022706985473633;-100;0
46088;0;0;0;1;0;0;0;0;0;0;0;0;0;0;0;0;0;0;0;20.022706985473633;-100;0
46099;0;0;0;1;0;0;0;0;0;0;0;0;0;0;0;0;0;0;0;20.022706985473633;-100;0
46111;0;0;0;1;0;0;0;0;0;0;0;0;0;0;0;0;0;0;0;20.022706985473633;-100;0
46121;0;0;0;1;0;0;0;0;0;0;0;0;0;0;0;0;0;0;0;20.022706985473633;-100;0
46133;0;0;0;1;0;0;0;0;0;0;0;0;0;0;0;0;0;0;0;20.022706985473633;-100;0
46143;0;0;0;1;0;0;0;0;0;0;0;0;0;0;0;0;0;0;0;20.022706985473633;-100;0
46154;0;0;0;1;0;0;0;0;0;0;0;0;0;0;0;0;0;0;0;20.022706985473633;-100;0
46164;0;0;0;1;0;0;0;0;0;0;0;0;0;0;0;0;0;0;0;20.022706985473633;-100;0
46175;0;0;0;1;0;0;0;0;0;0;0;0;0;0;0;0;0;0;0;20.022706985473633;-100;0
46185;0;0;0;1;0;0;0;0;0;0;0;0;0;0;0;0;0;0;0;20.022706985473633;-100;0
46197;0;0;0;1;0;0;0;0;0;0;0;0;0;0;0;0;0;0;0;20.022706985473633;-100;0
46207;0;0;0;1;0;0;0;0;0;0;0;0;0;0;0;0;0;0;0;20.022706985473633;-100;0
46217;0;0;0;1;0;0;0;0;0;0;0;0;0;0;0;0;0;0;0;20.022706985473633;-100;0
46228;0;0;0;1;0;0;0;0;0;0;0;0;0;0;0;0;0;0;0;20.022706985473633;-100;0
46238;0;0;0;1;0;0;0;0;0;0;0;0;0;0;0;0;0;0;0;20.022706985473633;-100;0
46249;0;0;0;1;0;0;0;0;0;0;0;0;0;0;0;0;0;0;0;20.022706985473633;-100;0
46261;0;0;0;1;0;0;0;0;0;0;0;0;0;0;0;0;0;0;0;20.022706985473633;-100;0
46272;0;0;0;1;0;0;0;0;0;0;0;0;0;0;0;0;0;0;0;20.022706985473633;-100;0
46283;0;0;0;1;0;0;0;0;0;0;0;0;0;0;0;0;0;0;0;20.022706985473633;-100;0
46294;0;0;0;1;0;0;0;0;0;0;0;0;0;0;0;0;0;0;0;20.022706985473633;-100;0
46306;0;0;0;1;0;0;0;0;0;0;0;0;0;0;0;0;0;0;0;20.022706985473633;-100;0
46316;0;0;0;1;0;0;0;0;0;0;0;0;0;0;0;0;0;0;0;20.022706985473633;-100;0
46327;0;0;0;1;0;0;0;0;0;0;0;0;0;0;0;0;0;0;0;20.022706985473633;-100;0
46337;0;0;0;1;0;0;0;0;0;0;0;0;0;0;0;0;0;0;0;20.022706985473633;-100;0
46347;0;0;0;1;0;0;0;0;0;0;0;0;0;0;0;0;0;0;0;20.022706985473633;-100;0
46357;0;0;0;1;0;0;0;0;0;0;0;0;0;0;0;0;0;0;0;20.022706985473633;-100;0
46367;0;0;0;1;0;0;0;0;0;0;0;0;0;0;0;0;0;0;0;20.022706985473633;-100;0
46378;0;0;0;1;0;0;0;0;0;0;0;0;0;0;0;0;0;0;0;20.022706985473633;-100;0
46388;0;0;0;1;0;0;0;0;0;0;0;0;0;0;0;0;0;0;0;20.022706985473633;-100;0
46399;0;0;0;1;0;0;0;0;0;0;0;0;0;0;0;0;0;0;0;20.022706985473633;-100;0
46409;0;0;0;1;0;0;0;0;0;0;0;0;0;0;0;0;0;0;0;20.022706985473633;-100;0
46420;0;0;0;1;0;0;0;0;0;0;0;0;0;0;0;0;0;0;0;20.022706985473633;-100;0
46431;0;0;0;1;0;0;0;0;0;0;0;0;0;0;0;0;0;0;0;20.022706985473633;-100;0
46442;0;0;0;1;0;0;0;0;0;0;0;0;0;0;0;0;0;0;0;20.022706985473633;-100;0
46452;0;0;0;1;0;0;0;0;0;0;0;0;0;0;0;0;0;0;0;20.022706985473633;-100;0
46463;0;0;0;1;0;0;0;0;0;0;0;0;0;0;0;0;0;0;0;20.022706985473633;-100;0
46473;0;0;0;1;0;0;0;0;0;0;0;0;0;0;0;0;0;0;0;20.022706985473633;-100;0
46484;0;0;0;1;0;0;0;0;0;0;0;0;0;0;0;0;0;0;0;20.022706985473633;-100;0
46496;0;0;0;1;0;0;0;0;0;0;0;0;0;0;0;0;0;0;0;20.022706985473633;-100;0
46506;0;0;0;1;0;0;0;0;0;0;0;0;0;0;0;0;0;0;0;20.022706985473633;-100;0
46516;0;0;0;1;0;0;0;0;0;0;0;0;0;0;0;0;0;0;0;20.022706985473633;-100;0
46527;0;0;0;1;0;0;0;0;0;0;0;0;0;0;0;0;0;0;0;20.022706985473633;-100;0
46537;0;0;0;1;0;0;0;0;0;0;0;0;0;0;0;0;0;0;0;20.022706985473633;-100;0
46549;0;0;0;1;0;0;0;0;0;0;0;0;0;0;0;0;0;0;0;20.022706985473633;-100;0
46559;0;0;0;1;0;0;0;0;0;0;0;0;0;0;0;0;0;0;0;20.022706985473633;-100;0
46569;0;0;0;1;0;0;0;0;0;0;0;0;0;0;0;0;0;0;0;20.022706985473633;-100;0
46579;0;0;0;1;0;0;0;0;0;0;0;0;0;0;0;0;0;0;0;20.022706985473633;-100;0
46590;0;0;0;1;0;0;0;0;0;0;0;0;0;0;0;0;0;0;0;20.022706985473633;-100;0
46601;0;0;0;1;0;0;0;0;0;0;0;0;0;0;0;0;0;0;0;20.022706985473633;-100;0
46611;0;0;0;1;0;0;0;0;0;0;0;0;0;0;0;0;0;0;0;20.022706985473633;-100;0
46622;0;0;0;1;0;0;0;0;0;0;0;0;0;0;0;0;0;0;0;20.022706985473633;-100;0
46632;0;0;0;1;0;0;0;0;0;0;0;0;0;0;0;0;0;0;0;20.022706985473633;-100;0
46643;0;0;0;1;0;0;0;0;0;0;0;0;0;0;0;0;0;0;0;20.022706985473633;-100;0
46653;0;0;0;1;0;0;0;0;0;0;0;0;0;0;0;0;0;0;0;20.022706985473633;-100;0
46663;0;0;0;1;0;0;0;0;0;0;0;0;0;0;0;0;0;0;0;20.022706985473633;-100;0
46674;0;0;0;1;0;0;0;0;0;0;0;0;0;0;0;0;0;0;0;20.022706985473633;-100;0
46684;0;0;0;1;0;0;0;0;0;0;0;0;0;0;0;0;0;0;0;20.022706985473633;-100;0
46694;0;0;0;1;0;0;0;0;0;0;0;0;0;0;0;0;0;0;0;20.022706985473633;-100;0
46705;0;0;0;1;0;0;0;0;0;0;0;0;0;0;0;0;0;0;0;20.022706985473633;-100;0
46716;0;0;0;1;0;0;0;0;0;0;0;0;0;0;0;0;0;0;0;20.022706985473633;-100;0
46726;0;0;0;1;0;0;0;0;0;0;0;0;0;0;0;0;0;0;0;20.022706985473633;-100;0
46736;0;0;0;1;0;0;0;0;0;0;0;0;0;0;0;0;0;0;0;20.022706985473633;-100;0
46746;0;0;0;1;0;0;0;0;0;0;0;0;0;0;0;0;0;0;0;20.022706985473633;-100;0
46756;0;0;0;1;0;0;0;0;0;0;0;0;0;0;0;0;0;0;0;20.022706985473633;-100;0
46767;0;0;0;1;0;0;0;0;0;0;0;0;0;0;0;0;0;0;0;20.022706985473633;-100;0
46778;0;0;0;1;0;0;0;0;0;0;0;0;0;0;0;0;0;0;0;20.022706985473633;-100;0
46788;0;0;0;1;0;0;0;0;0;0;0;0;0;0;0;0;0;0;0;20.022706985473633;-100;0
46798;0;0;0;1;0;0;0;0;0;0;0;0;0;0;0;0;0;0;0;20.022706985473633;-100;0
46808;0;0;0;1;0;0;0;0;0;0;0;0;0;0;0;0;0;0;0;20.022706985473633;-100;0
46820;0;0;0;1;0;0;0;0;0;0;0;0;0;0;0;0;0;0;0;20.022706985473633;-100;0
46830;0;0;0;1;0;0;0;0;0;0;0;0;0;0;0;0;0;0;0;20.022706985473633;-100;0
46840;0;0;0;1;0;0;0;0;0;0;0;0;0;0;0;0;0;0;0;20.022706985473633;-100;0
46850;0;0;0;1;0;0;0;0;0;0;0;0;0;0;0;0;0;0;0;20.022706985473633;-100;0
46862;0;0;0;1;0;0;0;0;0;0;0;0;0;0;0;0;0;0;0;20.022706985473633;-100;0
46873;0;0;0;1;0;0;0;0;0;0;0;0;0;0;0;0;0;0;0;20.022706985473633;-100;0
46883;0;0;0;1;0;0;0;0;0;0;0;0;0;0;0;0;0;0;0;20.022706985473633;-100;0
46893;0;0;0;1;0;0;0;0;0;0;0;0;0;0;0;0;0;0;0;20.022706985473633;-100;0
46903;0;0;0;1;0;0;0;0;0;0;0;0;0;0;0;0;0;0;0;20.022706985473633;-100;0
46914;0;0;0;1;0;0;0;0;0;0;0;0;0;0;0;0;0;0;0;20.022706985473633;-100;0
46926;0;0;0;1;0;0;0;0;0;0;0;0;0;0;0;0;0;0;0;20.022706985473633;-100;0
46937;0;0;0;1;0;0;0;0;0;0;0;0;0;0;0;0;0;0;0;20.022706985473633;-100;0
46947;0;0;0;1;0;0;0;0;0;0;0;0;0;0;0;0;0;0;0;20.022706985473633;-100;0
46957;0;0;0;1;0;0;0;0;0;0;0;0;0;0;0;0;0;0;0;20.022706985473633;-100;0
46967;0;0;0;1;0;0;0;0;0;0;0;0;0;0;0;0;0;0;0;20.022706985473633;-100;0
46977;0;0;0;1;0;0;0;0;0;0;0;0;0;0;0;0;0;0;0;20.022706985473633;-100;0
46989;0;0;0;1;0;0;0;0;0;0;0;0;0;0;0;0;0;0;0;20.022706985473633;-100;0
46999;0;0;0;1;0;0;0;0;0;0;0;0;0;0;0;0;0;0;0;20.022706985473633;-100;0
47010;0;0;0;1;0;0;0;0;0;0;0;0;0;0;0;0;0;0;0;20.022706985473633;-100;0
47020;0;0;0;1;0;0;0;0;0;0;0;0;0;0;0;0;0;0;0;20.022706985473633;-100;0
47031;0;0;0;1;0;0;0;0;0;0;0;0;0;0;0;0;0;0;0;20.022706985473633;-100;0
47042;0;0;0;1;0;0;0;0;0;0;0;0;0;0;0;0;0;0;0;20.022706985473633;-100;0
47052;0;0;0;1;0;0;0;0;0;0;0;0;0;0;0;0;0;0;0;20.022706985473633;-100;0
47064;0;0;0;1;0;0;0;0;0;0;0;0;0;0;0;0;0;0;0;20.022706985473633;-100;0
47074;0;0;0;1;0;0;0;0;0;0;0;0;0;0;0;0;0;0;0;20.022706985473633;-100;0
47085;0;0;0;1;0;0;0;0;0;0;0;0;0;0;0;0;0;0;0;20.022706985473633;-100;0
47096;0;0;0;1;0;0;0;0;0;0;0;0;0;0;0;0;0;0;0;20.022706985473633;-100;0
47107;0;0;0;1;0;0;0;0;0;0;0;0;0;0;0;0;0;0;0;20.022706985473633;-100;0
47118;0;0;0;1;0;0;0;0;0;0;0;0;0;0;0;0;0;0;0;20.022706985473633;-100;0
47128;0;0;0;1;0;0;0;0;0;0;0;0;0;0;0;0;0;0;0;20.022706985473633;-100;0
47140;0;0;0;1;0;0;0;0;0;0;0;0;0;0;0;0;0;0;0;20.022706985473633;-100;0
47151;0;0;0;1;0;0;0;0;0;0;0;0;0;0;0;0;0;0;0;20.022706985473633;-100;0
47162;0;0;0;1;0;0;0;0;0;0;0;0;0;0;0;0;0;0;0;20.022706985473633;-100;0
47172;0;0;0;1;0;0;0;0;0;0;0;0;0;0;0;0;0;0;0;20.022706985473633;-100;0
47183;0;0;0;1;0;0;0;0;0;0;0;0;0;0;0;0;0;0;0;20.022706985473633;-100;0
47194;0;0;0;1;0;0;0;0;0;0;0;0;0;0;0;0;0;0;0;20.022706985473633;-100;0
47203;0;0;0;1;0;0;0;0;0;0;0;0;0;0;0;0;0;0;0;20.022706985473633;-100;0
47213;0;0;0;1;0;0;0;0;0;0;0;0;0;0;0;0;0;0;0;20.022706985473633;-100;0
47224;0;0;0;1;0;0;0;0;0;0;0;0;0;0;0;0;0;0;0;20.022706985473633;-100;0
47234;0;0;0;1;0;0;0;0;0;0;0;0;0;0;0;0;0;0;0;20.022706985473633;-100;0
47246;0;0;0;1;0;0;0;0;0;0;0;0;0;0;0;0;0;0;0;20.022706985473633;-100;0
47256;0;0;0;1;0;0;0;0;0;0;0;0;0;0;0;0;0;0;0;20.022706985473633;-100;0
47267;0;0;0;1;0;0;0;0;0;0;0;0;0;0;0;0;0;0;0;20.022706985473633;-100;0
47277;0;0;0;1;0;0;0;0;0;0;0;0;0;0;0;0;0;0;0;20.022706985473633;-100;0
47288;0;0;0;1;0;0;0;0;0;0;0;0;0;0;0;0;0;0;0;20.022706985473633;-100;0
47298;0;0;0;1;0;0;0;0;0;0;0;0;0;0;0;0;0;0;0;20.022706985473633;-100;0
47309;0;0;0;1;0;0;0;0;0;0;0;0;0;0;0;0;0;0;0;20.022706985473633;-100;0
47319;0;0;0;1;0;0;0;0;0;0;0;0;0;0;0;0;0;0;0;20.022706985473633;-100;0
47329;0;0;0;1;0;0;0;0;0;0;0;0;0;0;0;0;0;0;0;20.022706985473633;-100;0
47340;0;0;0;1;0;0;0;0;0;0;0;0;0;0;0;0;0;0;0;20.022706985473633;-100;0
47350;0;0;0;1;0;0;0;0;0;0;0;0;0;0;0;0;0;0;0;20.022706985473633;-100;0
47360;0;0;0;1;0;0;0;0;0;0;0;0;0;0;0;0;0;0;0;20.022706985473633;-100;0
47370;0;0;0;1;0;0;0;0;0;0;0;0;0;0;0;0;0;0;0;20.022706985473633;-100;0
47380;0;0;0;1;0;0;0;0;0;0;0;0;0;0;0;0;0;0;0;20.022706985473633;-100;0
47390;0;0;0;1;0;0;0;0;0;0;0;0;0;0;0;0;0;0;0;20.022706985473633;-100;0
47400;0;0;0;1;0;0;0;0;0;0;0;0;0;0;0;0;0;0;0;20.022706985473633;-100;0
47410;0;0;0;1;0;0;0;0;0;0;0;0;0;0;0;0;0;0;0;20.022706985473633;-100;0
47420;0;0;0;1;0;0;0;0;0;0;0;0;0;0;0;0;0;0;0;20.022706985473633;-100;0
47432;0;0;0;1;0;0;0;0;0;0;0;0;0;0;0;0;0;0;0;20.022706985473633;-100;0
47442;0;0;0;1;0;0;0;0;0;0;0;0;0;0;0;0;0;0;0;20.022706985473633;-100;0
47452;0;0;0;1;0;0;0;0;0;0;0;0;0;0;0;0;0;0;0;20.022706985473633;-100;0
47462;0;0;0;1;0;0;0;0;0;0;0;0;0;0;0;0;0;0;0;20.022706985473633;-100;0
47473;0;0;0;1;0;0;0;0;0;0;0;0;0;0;0;0;0;0;0;20.022706985473633;-100;0
47483;0;0;0;1;0;0;0;0;0;0;0;0;0;0;0;0;0;0;0;20.022706985473633;-100;0
47494;0;0;0;1;0;0;0;0;0;0;0;0;0;0;0;0;0;0;0;20.022706985473633;-100;0
47505;0;0;0;1;0;0;0;0;0;0;0;0;0;0;0;0;0;0;0;20.022706985473633;-100;0
47515;0;0;0;1;0;0;0;0;0;0;0;0;0;0;0;0;0;0;0;20.022706985473633;-100;0
47526;0;0;0;1;0;0;0;0;0;0;0;0;0;0;0;0;0;0;0;20.022706985473633;-100;0
47538;0;0;0;1;0;0;0;0;0;0;0;0;0;0;0;0;0;0;0;20.022706985473633;-100;0
47548;0;0;0;1;0;0;0;0;0;0;0;0;0;0;0;0;0;0;0;20.022706985473633;-100;0
47557;0;0;0;1;0;0;0;0;0;0;0;0;0;0;0;0;0;0;0;20.022706985473633;-100;0
47569;0;0;0;1;0;0;0;0;0;0;0;0;0;0;0;0;0;0;0;20.022706985473633;-100;0
47579;0;0;0;1;0;0;0;0;0;0;0;0;0;0;0;0;0;0;0;20.022706985473633;-100;0
47590;0;0;0;1;0;0;0;0;0;0;0;0;0;0;0;0;0;0;0;20.022706985473633;-100;0
47600;0;0;0;1;0;0;0;0;0;0;0;0;0;0;0;0;0;0;0;20.022706985473633;-100;0
47610;0;0;0;1;0;0;0;0;0;0;0;0;0;0;0;0;0;0;0;20.022706985473633;-100;0
47621;0;0;0;1;0;0;0;0;0;0;0;0;0;0;0;0;0;0;0;20.022706985473633;-100;0
47631;0;0;0;1;0;0;0;0;0;0;0;0;0;0;0;0;0;0;0;20.022706985473633;-100;0
47641;0;0;0;1;0;0;0;0;0;0;0;0;0;0;0;0;0;0;0;20.022706985473633;-100;0
47651;0;0;0;1;0;0;0;0;0;0;0;0;0;0;0;0;0;0;0;20.022706985473633;-100;0
47662;0;0;0;1;0;0;0;0;0;0;0;0;0;0;0;0;0;0;0;20.022706985473633;-100;0
47673;0;0;0;1;0;0;0;0;0;0;0;0;0;0;0;0;0;0;0;20.022706985473633;-100;0
47683;0;0;0;1;0;0;0;0;0;0;0;0;0;0;0;0;0;0;0;20.022706985473633;-100;0
47694;0;0;0;1;0;0;0;0;0;0;0;0;0;0;0;0;0;0;0;20.022706985473633;-100;0
47706;0;0;0;1;0;0;0;0;0;0;0;0;0;0;0;0;0;0;0;20.022706985473633;-100;0
47717;0;0;0;1;0;0;0;0;0;0;0;0;0;0;0;0;0;0;0;20.022706985473633;-100;0
47728;0;0;0;1;0;0;0;0;0;0;0;0;0;0;0;0;0;0;0;20.022706985473633;-100;0
47738;0;0;0;1;0;0;0;0;0;0;0;0;0;0;0;0;0;0;0;20.022706985473633;-100;0
47748;0;0;0;1;0;0;0;0;0;0;0;0;0;0;0;0;0;0;0;20.022706985473633;-100;0
47759;0;0;0;1;0;0;0;0;0;0;0;0;0;0;0;0;0;0;0;20.022706985473633;-100;0
47769;0;0;0;1;0;0;0;0;0;0;0;0;0;0;0;0;0;0;0;20.022706985473633;-100;0
47779;0;0;0;1;0;0;0;0;0;0;0;0;0;0;0;0;0;0;0;20.022706985473633;-100;0
47790;0;0;0;1;0;0;0;0;0;0;0;0;0;0;0;0;0;0;0;20.022706985473633;-100;0
47800;0;0;0;1;0;0;0;0;0;0;0;0;0;0;0;0;0;0;0;20.022706985473633;-100;0
47810;0;0;0;1;0;0;0;0;0;0;0;0;0;0;0;0;0;0;0;20.022706985473633;-100;0
47821;0;0;0;1;0;0;0;0;0;0;0;0;0;0;0;0;0;0;0;20.022706985473633;-100;0
47832;0;0;0;1;0;0;0;0;0;0;0;0;0;0;0;0;0;0;0;20.022706985473633;-100;0
47842;0;0;0;1;0;0;0;0;0;0;0;0;0;0;0;0;0;0;0;20.022706985473633;-100;0
47853;0;0;0;1;0;0;0;0;0;0;0;0;0;0;0;0;0;0;0;20.022706985473633;-100;0
47864;0;0;0;1;0;0;0;0;0;0;0;0;0;0;0;0;0;0;0;20.022706985473633;-100;0
47874;0;0;0;1;0;0;0;0;0;0;0;0;0;0;0;0;0;0;0;20.022706985473633;-100;0
47884;0;0;0;1;0;0;0;0;0;0;0;0;0;0;0;0;0;0;0;20.022706985473633;-100;0
47895;0;0;0;1;0;0;0;0;0;0;0;0;0;0;0;0;0;0;0;20.022706985473633;-100;0
47906;0;0;0;1;0;0;0;0;0;0;0;0;0;0;0;0;0;0;0;20.022706985473633;-100;0
47917;0;0;0;1;0;0;0;0;0;0;0;0;0;0;0;0;0;0;0;20.022706985473633;-100;0
47927;0;0;0;1;0;0;0;0;0;0;0;0;0;0;0;0;0;0;0;20.022706985473633;-100;0
47938;0;0;0;1;0;0;0;0;0;0;0;0;0;0;0;0;0;0;0;20.022706985473633;-100;0
47948;0;0;0;1;0;0;0;0;0;0;0;0;0;0;0;0;0;0;0;20.022706985473633;-100;0
47959;0;0;0;1;0;0;0;0;0;0;0;0;0;0;0;0;0;0;0;20.022706985473633;-100;0
47969;0;0;0;1;0;0;0;0;0;0;0;0;0;0;0;0;0;0;0;20.022706985473633;-100;0
47979;0;0;0;1;0;0;0;0;0;0;0;0;0;0;0;0;0;0;0;20.022706985473633;-100;0
47989;0;0;0;1;0;0;0;0;0;0;0;0;0;0;0;0;0;0;0;20.022706985473633;-100;0
47999;0;0;0;1;0;0;0;0;0;0;0;0;0;0;0;0;0;0;0;20.022706985473633;-100;0
48009;0;0;0;1;0;0;0;0;0;0;0;0;0;0;0;0;0;0;0;20.022706985473633;-100;0
48020;0;0;0;1;0;0;0;0;0;0;0;0;0;0;0;0;0;0;0;20.022706985473633;-100;0
48030;0;0;0;1;0;0;0;0;0;0;0;0;0;0;0;0;0;0;0;20.022706985473633;-100;0
48043;0;0;0;1;0;0;0;0;0;0;0;0;0;0;0;0;0;0;0;20.022706985473633;-100;0
48053;0;0;0;1;0;0;0;0;0;0;0;0;0;0;0;0;0;0;0;20.022706985473633;-100;0
48063;0;0;0;1;0;0;0;0;0;0;0;0;0;0;0;0;0;0;0;20.022706985473633;-100;0
48074;0;0;0;1;0;0;0;0;0;0;0;0;0;0;0;0;0;0;0;20.022706985473633;-100;0
48085;0;0;0;1;0;0;0;0;0;0;0;0;0;0;0;0;0;0;0;20.022706985473633;-100;0
48096;0;0;0;1;0;0;0;0;0;0;0;0;0;0;0;0;0;0;0;20.022706985473633;-100;0
48106;0;0;0;1;0;0;0;0;0;0;0;0;0;0;0;0;0;0;0;20.022706985473633;-100;0
48117;0;0;0;1;0;0;0;0;0;0;0;0;0;0;0;0;0;0;0;20.022706985473633;-100;0
48128;0;0;0;1;0;0;0;0;0;0;0;0;0;0;0;0;0;0;0;20.022706985473633;-100;0
48139;0;0;0;1;0;0;0;0;0;0;0;0;0;0;0;0;0;0;0;20.022706985473633;-100;0
48149;0;0;0;1;0;0;0;0;0;0;0;0;0;0;0;0;0;0;0;20.022706985473633;-100;0
48160;0;0;0;1;0;0;0;0;0;0;0;0;0;0;0;0;0;0;0;20.022706985473633;-100;0
48170;0;0;0;1;0;0;0;0;0;0;0;0;0;0;0;0;0;0;0;20.022706985473633;-100;0
48180;0;0;0;1;0;0;0;0;0;0;0;0;0;0;0;0;0;0;0;20.022706985473633;-100;0
48191;0;0;0;1;0;0;0;0;0;0;0;0;0;0;0;0;0;0;0;20.022706985473633;-100;0
48201;0;0;0;1;0;0;0;0;0;0;0;0;0;0;0;0;0;0;0;20.022706985473633;-100;0
48212;0;0;0;1;0;0;0;0;0;0;0;0;0;0;0;0;0;0;0;20.022706985473633;-100;0
48222;0;0;0;1;0;0;0;0;0;0;0;0;0;0;0;0;0;0;0;20.022706985473633;-100;0
48233;0;0;0;1;0;0;0;0;0;0;0;0;0;0;0;0;0;0;0;20.022706985473633;-100;0
48243;0;0;0;1;0;0;0;0;0;0;0;0;0;0;0;0;0;0;0;20.022706985473633;-100;0
48255;0;0;0;1;0;0;0;0;0;0;0;0;0;0;0;0;0;0;0;20.022706985473633;-100;0
48266;0;0;0;1;0;0;0;0;0;0;0;0;0;0;0;0;0;0;0;20.022706985473633;-100;0
48276;0;0;0;1;0;0;0;0;0;0;0;0;0;0;0;0;0;0;0;20.022706985473633;-100;0
48287;0;0;0;1;0;0;0;0;0;0;0;0;0;0;0;0;0;0;0;20.022706985473633;-100;0
48299;0;0;0;1;0;0;0;0;0;0;0;0;0;0;0;0;0;0;0;20.022706985473633;-100;0
48310;0;0;0;1;0;0;0;0;0;0;0;0;0;0;0;0;0;0;0;20.022706985473633;-100;0
48320;0;0;0;1;0;0;0;0;0;0;0;0;0;0;0;0;0;0;0;20.022706985473633;-100;0
48331;0;0;0;1;0;0;0;0;0;0;0;0;0;0;0;0;0;0;0;20.022706985473633;-100;0
48343;0;0;0;1;0;0;0;0;0;0;0;0;0;0;0;0;0;0;0;20.022706985473633;-100;0
48354;0;0;0;1;0;0;0;0;0;0;0;0;0;0;0;0;0;0;0;20.022706985473633;-100;0
48365;0;0;0;1;0;0;0;0;0;0;0;0;0;0;0;0;0;0;0;20.022706985473633;-100;0
48375;0;0;0;1;0;0;0;0;0;0;0;0;0;0;0;0;0;0;0;20.022706985473633;-100;0
48386;0;0;0;1;0;0;0;0;0;0;0;0;0;0;0;0;0;0;0;20.022706985473633;-100;0
48397;0;0;0;1;0;0;0;0;0;0;0;0;0;0;0;0;0;0;0;20.022706985473633;-100;0
48407;0;0;0;1;0;0;0;0;0;0;0;0;0;0;0;0;0;0;0;20.022706985473633;-100;0
48417;0;0;0;1;0;0;0;0;0;0;0;0;0;0;0;0;0;0;0;20.022706985473633;-100;0
48427;0;0;0;1;0;0;0;0;0;0;0;0;0;0;0;0;0;0;0;20.022706985473633;-100;0
48438;0;0;0;1;0;0;0;0;0;0;0;0;0;0;0;0;0;0;0;20.022706985473633;-100;0
48448;0;0;0;1;0;0;0;0;0;0;0;0;0;0;0;0;0;0;0;20.022706985473633;-100;0
48458;0;0;0;1;0;0;0;0;0;0;0;0;0;0;0;0;0;0;0;20.022706985473633;-100;0
48468;0;0;0;1;0;0;0;0;0;0;0;0;0;0;0;0;0;0;0;20.022706985473633;-100;0
48479;0;0;0;1;0;0;0;0;0;0;0;0;0;0;0;0;0;0;0;20.022706985473633;-100;0
48490;0;0;0;1;0;0;0;0;0;0;0;0;0;0;0;0;0;0;0;20.022706985473633;-100;0
48500;0;0;0;1;0;0;0;0;0;0;0;0;0;0;0;0;0;0;0;20.022706985473633;-100;0
48510;0;0;0;1;0;0;0;0;0;0;0;0;0;0;0;0;0;0;0;20.022706985473633;-100;0
48522;0;0;0;1;0;0;0;0;0;0;0;0;0;0;0;0;0;0;0;20.022706985473633;-100;0
48532;0;0;0;1;0;0;0;0;0;0;0;0;0;0;0;0;0;0;0;20.022706985473633;-100;0
48542;0;0;0;1;0;0;0;0;0;0;0;0;0;0;0;0;0;0;0;20.022706985473633;-100;0
48553;0;0;0;1;0;0;0;0;0;0;0;0;0;0;0;0;0;0;0;20.022706985473633;-100;0
48564;0;0;0;1;0;0;0;0;0;0;0;0;0;0;0;0;0;0;0;20.022706985473633;-100;0
48575;0;0;0;1;0;0;0;0;0;0;0;0;0;0;0;0;0;0;0;20.022706985473633;-100;0
48584;0;0;0;1;0;0;0;0;0;0;0;0;0;0;0;0;0;0;0;20.022706985473633;-100;0
48595;0;0;0;1;0;0;0;0;0;0;0;0;0;0;0;0;0;0;0;20.022706985473633;-100;0
48605;0;0;0;1;0;0;0;0;0;0;0;0;0;0;0;0;0;0;0;20.022706985473633;-100;0
48615;0;0;0;1;0;0;0;0;0;0;0;0;0;0;0;0;0;0;0;20.022706985473633;-100;0
48625;0;0;0;1;0;0;0;0;0;0;0;0;0;0;0;0;0;0;0;20.022706985473633;-100;0
48635;0;0;0;1;0;0;0;0;0;0;0;0;0;0;0;0;0;0;0;20.022706985473633;-100;0
48646;0;0;0;1;0;0;0;0;0;0;0;0;0;0;0;0;0;0;0;20.022706985473633;-100;0
48656;0;0;0;1;0;0;0;0;0;0;0;0;0;0;0;0;0;0;0;20.022706985473633;-100;0
48668;0;0;0;1;0;0;0;0;0;0;0;0;0;0;0;0;0;0;0;20.022706985473633;-100;0
48678;0;0;0;1;0;0;0;0;0;0;0;0;0;0;0;0;0;0;0;20.022706985473633;-100;0
48688;0;0;0;1;0;0;0;0;0;0;0;0;0;0;0;0;0;0;0;20.022706985473633;-100;0
48699;0;0;0;1;0;0;0;0;0;0;0;0;0;0;0;0;0;0;0;20.022706985473633;-100;0
48709;0;0;0;1;0;0;0;0;0;0;0;0;0;0;0;0;0;0;0;20.022706985473633;-100;0
48720;0;0;0;1;0;0;0;0;0;0;0;0;0;0;0;0;0;0;0;20.022706985473633;-100;0
48731;0;0;0;1;0;0;0;0;0;0;0;0;0;0;0;0;0;0;0;20.022706985473633;-100;0
48742;0;0;0;1;0;0;0;0;0;0;0;0;0;0;0;0;0;0;0;20.022706985473633;-100;0
48753;0;0;0;1;0;0;0;0;0;0;0;0;0;0;0;0;0;0;0;20.022706985473633;-100;0
48763;0;0;0;1;0;0;0;0;0;0;0;0;0;0;0;0;0;0;0;20.022706985473633;-100;0
48773;0;0;0;1;0;0;0;0;0;0;0;0;0;0;0;0;0;0;0;20.022706985473633;-100;0
48784;0;0;0;1;0;0;0;0;0;0;0;0;0;0;0;0;0;0;0;20.022706985473633;-100;0
48796;0;0;0;1;0;0;0;0;0;0;0;0;0;0;0;0;0;0;0;20.022706985473633;-100;0
48807;0;0;0;1;0;0;0;0;0;0;0;0;0;0;0;0;0;0;0;20.022706985473633;-100;0
48818;;;;;;;;;;;0;0;0;0;;;0;;0;20.022706985473633;-100;0
