Timestamp_ms;M1TreuilRetenue.State.Position_M;M2TreuilBenne.Bucket.State.M2PositionCorrected;M2TreuilBenne.State.Position_M;Modes.Cmd.SelJoystickWinch;M2TreuilBenne.Bucket.State.DeltaPosition_M;M1_BrakeIsOpen_DI;M1_BrakeRelease_RQ;M1_RelayAscent_RQ;M1_RelayDescent_RQ;M1_SpeedContactor_1_DQ;M1_SpeedContactor_2_DQ;M1_SpeedContactor_3_DQ;M1_SpeedContactor_4_DQ;M2_BrakeIsOpen_DI;M2_BrakeRelease_RQ;M2_RelayAscent_Close_RQ;M2_RelayDescent_Open_RQ;M2_SpeedContactor_1_DQ;M2_SpeedContactor_2_DQ;M2_SpeedContactor_3_DQ;M2_SpeedContactor_4_DQ;M1_M2_KoboldMeasureEnable_RQ;PRG_02_Acquisition.HwIn.Machine.M1_M2_KoboldBottomTouch_DI;JOY1Joystick.State.RawY;PRG_02_Acquisition.instJoystick.AxisCmdY.SpeedTgt;COD1_PresettTrigCmd;COD1_PresetValue;COD1_PosValue;PRG_02_Acquisition.instJoystick.ArmingPermit;PRG_02_Acquisition.instJoystick.ArmingPermitDenied;PRG_02_Acquisition.Data.Joystick.DeadmanArmed;PRG_06_Outputs.Data.SyncContactorDiag.RelayFwdMismatch;M1M2Sync.State.Error;M1M2Sync.State.ErrorId;M1TreuilRetenue.State.Error;M1TreuilRetenue.State.ErrorId;M1TreuilRetenue.Safety.Error;M1TreuilRetenue.Safety.ErrorId;M2TreuilBenne.State.Error;M2TreuilBenne.State.ErrorId;M2TreuilBenne.Safety.Error;M2TreuilBenne.Safety.ErrorId;M2_TensionedCable_DI;M1M2_TopPositionFree_DI;M1TreuilRetenue.State.MeasuredSpeed_Mps;M2TreuilBenne.State.MeasuredSpeed_Mps;M1M2Sync.State.DeltaPos_M;PRG_02_Acquisition.Data.EncoderM1.Measurement.SignedSpeed_Mps;PRG_02_Acquisition.Data.EncoderM2.Measurement.SignedSpeed_Mps;M2TreuilBenne.Bucket.State.BucketOpening_Pct;PRG_04_Treuils_Benne.Data.ArmingPermit;PRG_04_Treuils_Benne.Data.WinchM1State.CommandedAscent;PRG_04_Treuils_Benne.Data.WinchM1State.DirectionChangePending;PRG_04_Treuils_Benne.Data.WinchM1State.DirectionChangeDelayElapsed
14;6.41357421875;-1.05419921875;13.94580078125;0;7.5322265625;0;0;0;0;0;0;0;0;0;0;0;0;0;0;0;0;0;0;5000;0;0;896079;0;1;0;0;0;0;0;0;0;0;0;0;0;0;0;0;0;0;0;0;0;0;49.78515625;1;0;0;0
114;6.41357421875;-1.05419921875;13.94580078125;0;7.5322265625;0;0;0;0;0;0;0;0;0;0;0;0;0;0;0;0;0;0;5000;0;0;896079;0;1;0;0;0;0;0;0;0;0;0;0;0;0;0;0;0;0;0;0;0;0;49.78515625;1;0;0;0
214;6.41357421875;-1.05419921875;13.94580078125;0;7.5322265625;0;0;0;0;0;0;0;0;0;0;0;0;0;0;0;0;0;0;5000;0;0;896079;0;1;0;0;0;0;0;0;0;0;0;0;0;0;0;0;0;0;0;0;0;0;49.78515625;1;0;0;0
315;6.41357421875;-1.05419921875;13.94580078125;0;7.5322265625;0;0;0;0;0;0;0;0;0;0;0;0;0;0;0;0;0;0;5000;0;0;896079;0;1;0;0;0;0;0;0;0;0;0;0;0;0;0;0;0;0;0;0;0;0;49.78515625;1;0;0;0
416;6.41357421875;-1.05419921875;13.94580078125;0;7.5322265625;0;0;0;0;0;0;0;0;0;0;0;0;0;0;0;0;0;0;5000;0;0;896079;0;1;0;0;0;0;0;0;0;0;0;0;0;0;0;0;0;0;0;0;0;0;49.78515625;1;0;0;0
516;6.41357421875;-1.05419921875;13.94580078125;0;7.5322265625;0;0;0;0;0;0;0;0;0;0;0;0;0;0;0;0;0;0;5000;0;0;896079;0;1;0;0;0;0;0;0;0;0;0;0;0;0;0;0;0;0;0;0;0;0;49.78515625;1;0;0;0
617;6.41357421875;-1.05419921875;13.94580078125;0;7.5322265625;0;0;0;0;0;0;0;0;0;0;0;0;0;0;0;0;0;0;5000;0;0;896079;0;1;0;0;0;0;0;0;0;0;0;0;0;0;0;0;0;0;0;0;0;0;49.78515625;1;0;0;0
718;6.41357421875;-1.05419921875;13.94580078125;0;7.5322265625;0;0;0;0;0;0;0;0;0;0;0;0;0;0;0;0;0;0;5000;0;0;896079;0;1;0;0;0;0;0;0;0;0;0;0;0;0;0;0;0;0;0;0;0;0;49.78515625;1;0;0;0
820;6.41357421875;-1.05419921875;13.94580078125;0;7.5322265625;0;0;0;0;0;0;0;0;0;0;0;0;0;0;0;0;0;0;5000;0;0;896079;0;1;0;0;0;0;0;0;0;0;0;0;0;0;0;0;0;0;0;0;0;0;49.78515625;1;0;0;0
922;6.41357421875;-1.05419921875;13.94580078125;0;7.5322265625;0;0;0;0;0;0;0;0;0;0;0;0;0;0;0;0;0;0;5000;0;0;896079;0;1;0;0;0;0;0;0;0;0;0;0;0;0;0;0;0;0;0;0;0;0;49.78515625;1;0;0;0
1022;6.41357421875;-1.05419921875;13.94580078125;0;7.5322265625;0;0;0;0;0;0;0;0;0;0;0;0;0;0;0;0;0;0;5000;0;0;896079;0;1;0;0;0;0;0;0;0;0;0;0;0;0;0;0;0;0;0;0;0;0;49.78515625;1;0;0;0
1123;6.41357421875;-1.05419921875;13.94580078125;0;7.5322265625;0;0;0;0;0;0;0;0;0;0;0;0;0;0;0;0;0;0;5000;0;0;896079;0;1;0;0;0;0;0;0;0;0;0;0;0;0;0;0;0;0;0;0;0;0;49.78515625;1;0;0;0
1224;6.41357421875;-1.05419921875;13.94580078125;0;7.5322265625;0;0;0;0;0;0;0;0;0;0;0;0;0;0;0;0;0;0;5000;0;0;896079;0;1;0;0;0;0;0;0;0;0;0;0;0;0;0;0;0;0;0;0;0;0;49.78515625;1;0;0;0
1324;6.41357421875;-1.05419921875;13.94580078125;0;7.5322265625;0;0;0;0;0;0;0;0;0;0;0;0;0;0;0;0;0;0;5000;0;0;896079;0;1;0;0;0;0;0;0;0;0;0;0;0;0;0;0;0;0;0;0;0;0;49.78515625;1;0;0;0
1425;6.41357421875;-1.05419921875;13.94580078125;0;7.5322265625;0;0;0;0;0;0;0;0;0;0;0;0;0;0;0;0;0;0;5000;0;0;896079;0;1;0;0;0;0;0;0;0;0;0;0;0;0;0;0;0;0;0;0;0;0;49.78515625;1;0;0;0
1526;6.41357421875;-1.05419921875;13.94580078125;0;7.5322265625;0;0;0;0;0;0;0;0;0;0;0;0;0;0;0;0;0;0;5000;0;0;896079;0;1;0;0;0;0;0;0;0;0;0;0;0;0;0;0;0;0;0;0;0;0;49.78515625;1;0;0;0
1628;6.41357421875;-1.05419921875;13.94580078125;0;7.5322265625;0;0;0;0;0;0;0;0;0;0;0;0;0;0;0;0;0;0;5000;0;0;896079;0;1;0;0;0;0;0;0;0;0;0;0;0;0;0;0;0;0;0;0;0;0;49.78515625;1;0;0;0
1729;6.41357421875;-1.05419921875;13.94580078125;0;7.5322265625;0;0;0;0;0;0;0;0;0;0;0;0;0;0;0;0;0;0;5000;0;0;896079;0;1;0;0;0;0;0;0;0;0;0;0;0;0;0;0;0;0;0;0;0;0;49.78515625;1;0;0;0
1829;6.41357421875;-1.05419921875;13.94580078125;0;7.5322265625;0;0;0;0;0;0;0;0;0;0;0;0;0;0;0;0;0;0;5000;0;0;896079;0;1;0;0;0;0;0;0;0;0;0;0;0;0;0;0;0;0;0;0;0;0;49.78515625;1;0;0;0
1930;6.41357421875;-1.05419921875;13.94580078125;0;7.5322265625;0;0;0;0;0;0;0;0;0;0;0;0;0;0;0;0;0;0;5000;0;0;896079;0;1;0;0;0;0;0;0;0;0;0;0;0;0;0;0;0;0;0;0;0;0;49.78515625;1;0;0;0
2031;6.41357421875;-1.05419921875;13.94580078125;0;7.5322265625;0;0;0;0;0;0;0;0;0;0;0;0;0;0;0;0;0;0;5000;0;0;896079;0;1;0;0;0;0;0;0;0;0;0;0;0;0;0;0;0;0;0;0;0;0;49.78515625;1;0;0;0
2131;6.41357421875;-1.05419921875;13.94580078125;0;7.5322265625;0;0;0;0;0;0;0;0;0;0;0;0;0;0;0;0;0;0;5000;0;0;896079;0;1;0;0;0;0;0;0;0;0;0;0;0;0;0;0;0;0;0;0;0;0;49.78515625;1;0;0;0
2232;6.41357421875;-1.05419921875;13.94580078125;0;7.5322265625;0;0;0;0;0;0;0;0;0;0;0;0;0;0;0;0;0;0;5000;0;0;896079;0;1;0;0;0;0;0;0;0;0;0;0;0;0;0;0;0;0;0;0;0;0;49.78515625;1;0;0;0
2334;6.41357421875;-1.05419921875;13.94580078125;0;7.5322265625;0;0;0;0;0;0;0;0;0;0;0;0;0;0;0;0;0;0;5000;0;0;896079;0;1;0;0;0;0;0;0;0;0;0;0;0;0;0;0;0;0;0;0;0;0;49.78515625;1;0;0;0
2434;6.41357421875;-1.05419921875;13.94580078125;0;7.5322265625;0;0;0;0;0;0;0;0;0;0;0;0;0;0;0;0;0;0;5000;0;0;896079;0;1;0;0;0;0;0;0;0;0;0;0;0;0;0;0;0;0;0;0;0;0;49.78515625;1;0;0;0
2534;6.41357421875;-1.05419921875;13.94580078125;0;7.5322265625;0;0;0;0;0;0;0;0;0;0;0;0;0;0;0;0;0;0;5000;0;0;896079;0;1;0;0;0;0;0;0;0;0;0;0;0;0;0;0;0;0;0;0;0;0;49.78515625;1;0;0;0
2636;6.41357421875;-1.05419921875;13.94580078125;0;7.5322265625;0;0;0;0;0;0;0;0;0;0;0;0;0;0;0;0;0;0;5000;0;0;896079;0;1;0;0;0;0;0;0;0;0;0;0;0;0;0;0;0;0;0;0;0;0;49.78515625;1;0;0;0
2735;6.41357421875;-1.05419921875;13.94580078125;0;7.5322265625;0;0;0;0;0;0;0;0;0;0;0;0;0;0;0;0;0;0;5000;0;0;896079;0;1;0;0;0;0;0;0;0;0;0;0;0;0;0;0;0;0;0;0;0;0;49.78515625;1;0;0;0
2834;6.41357421875;-1.05419921875;13.94580078125;0;7.5322265625;0;0;0;0;0;0;0;0;0;0;0;0;0;0;0;0;0;0;5000;0;0;896079;0;1;0;0;0;0;0;0;0;0;0;0;0;0;0;0;0;0;0;0;0;0;49.78515625;1;0;0;0
2934;6.41357421875;-1.05419921875;13.94580078125;0;7.5322265625;0;0;0;0;0;0;0;0;0;0;0;0;0;0;0;0;0;0;5000;0;0;896079;0;1;0;0;0;0;0;0;0;0;0;0;0;0;0;0;0;0;0;0;0;0;49.78515625;1;0;0;0
3035;6.41357421875;-1.05419921875;13.94580078125;0;7.5322265625;0;0;0;0;0;0;0;0;0;0;0;0;0;0;0;0;0;0;5000;0;0;896079;0;1;0;0;0;0;0;0;0;0;0;0;0;0;0;0;0;0;0;0;0;0;49.78515625;1;0;0;0
3135;6.41357421875;-1.05419921875;13.94580078125;0;7.5322265625;0;0;0;0;0;0;0;0;0;0;0;0;0;0;0;0;0;0;5000;0;0;896079;0;1;0;0;0;0;0;0;0;0;0;0;0;0;0;0;0;0;0;0;0;0;49.78515625;1;0;0;0
3236;6.41357421875;-1.05419921875;13.94580078125;0;7.5322265625;0;0;0;0;0;0;0;0;0;0;0;0;0;0;0;0;0;0;5000;0;0;896079;0;1;0;0;0;0;0;0;0;0;0;0;0;0;0;0;0;0;0;0;0;0;49.78515625;1;0;0;0
3337;6.41357421875;-1.05419921875;13.94580078125;0;7.5322265625;0;0;0;0;0;0;0;0;0;0;0;0;0;0;0;0;0;0;5000;0;0;896079;0;1;0;0;0;0;0;0;0;0;0;0;0;0;0;0;0;0;0;0;0;0;49.78515625;1;0;0;0
3438;6.41357421875;-1.05419921875;13.94580078125;0;7.5322265625;0;0;0;0;0;0;0;0;0;0;0;0;0;0;0;0;0;0;5000;0;0;896079;0;1;0;0;0;0;0;0;0;0;0;0;0;0;0;0;0;0;0;0;0;0;49.78515625;1;0;0;0
3541;6.41357421875;-1.05419921875;13.94580078125;0;7.5322265625;0;0;0;0;0;0;0;0;0;0;0;0;0;0;0;0;0;0;5000;0;0;896079;0;1;0;0;0;0;0;0;0;0;0;0;0;0;0;0;0;0;0;0;0;0;49.78515625;1;0;0;0
3640;6.41357421875;-1.05419921875;13.94580078125;0;7.5322265625;0;0;0;0;0;0;0;0;0;0;0;0;0;0;0;0;0;0;5000;0;0;896079;0;1;0;0;0;0;0;0;0;0;0;0;0;0;0;0;0;0;0;0;0;0;49.78515625;1;0;0;0
3741;6.41357421875;-1.05419921875;13.94580078125;0;7.5322265625;0;0;0;0;0;0;0;0;0;0;0;0;0;0;0;0;0;0;5000;0;0;896079;0;1;0;0;0;0;0;0;0;0;0;0;0;0;0;0;0;0;0;0;0;0;49.78515625;1;0;0;0
3840;6.41357421875;-1.05419921875;13.94580078125;0;7.5322265625;0;0;0;0;0;0;0;0;0;0;0;0;0;0;0;0;0;0;5000;0;0;896079;0;1;0;0;0;0;0;0;0;0;0;0;0;0;0;0;0;0;0;0;0;0;49.78515625;1;0;0;0
3940;6.41357421875;-1.05419921875;13.94580078125;0;7.5322265625;0;0;0;0;0;0;0;0;0;0;0;0;0;0;0;0;0;0;5000;0;0;896079;0;1;0;0;0;0;0;0;0;0;0;0;0;0;0;0;0;0;0;0;0;0;49.78515625;1;0;0;0
4041;6.41357421875;-1.05419921875;13.94580078125;0;7.5322265625;0;0;0;0;0;0;0;0;0;0;0;0;0;0;0;0;0;0;5000;0;0;896079;0;1;0;0;0;0;0;0;0;0;0;0;0;0;0;0;0;0;0;0;0;0;49.78515625;1;0;0;0
4142;6.41357421875;-1.05419921875;13.94580078125;0;7.5322265625;0;0;0;0;0;0;0;0;0;0;0;0;0;0;0;0;0;0;5000;0;0;896079;0;1;0;0;0;0;0;0;0;0;0;0;0;0;0;0;0;0;0;0;0;0;49.78515625;1;0;0;0
4242;6.41357421875;-1.05419921875;13.94580078125;0;7.5322265625;0;0;0;0;0;0;0;0;0;0;0;0;0;0;0;0;0;0;5000;0;0;896079;0;1;0;0;0;0;0;0;0;0;0;0;0;0;0;0;0;0;0;0;0;0;49.78515625;1;0;0;0
4345;6.41357421875;-1.05419921875;13.94580078125;0;7.5322265625;0;0;0;0;0;0;0;0;0;0;0;0;0;0;0;0;0;0;5000;0;0;896079;0;1;0;0;0;0;0;0;0;0;0;0;0;0;0;0;0;0;0;0;0;0;49.78515625;1;0;0;0
4444;6.41357421875;-1.05419921875;13.94580078125;0;7.5322265625;0;0;0;0;0;0;0;0;0;0;0;0;0;0;0;0;0;0;5000;0;0;896079;0;1;0;0;0;0;0;0;0;0;0;0;0;0;0;0;0;0;0;0;0;0;49.78515625;1;0;0;0
4544;6.41357421875;-1.05419921875;13.94580078125;0;7.5322265625;0;0;0;0;0;0;0;0;0;0;0;0;0;0;0;0;0;0;4847;0;0;896079;0;1;0;0;0;0;0;0;0;0;0;0;0;0;0;0;0;0;0;0;0;0;49.78515625;1;0;0;0
4644;6.41357421875;-1.05419921875;13.94580078125;0;7.5322265625;0;0;0;0;0;0;0;0;0;0;0;0;0;0;0;0;0;0;4582;8.3599996566772461;0;896079;0;1;0;1;0;0;0;0;0;0;0;0;0;0;0;0;0;0;0;0;0;0;49.78515625;1;0;0;0
4745;6.41357421875;-1.05419921875;13.94580078125;0;7.5322265625;0;0;0;0;0;0;0;0;0;0;0;0;0;0;0;0;0;0;4217;15.659999847412109;0;896079;0;1;0;1;0;0;0;0;0;0;0;0;0;0;0;0;0;0;0;0;0;0;49.78515625;1;0;0;0
4846;6.41357421875;-1.05419921875;13.94580078125;0;7.5322265625;0;0;0;0;0;0;0;0;0;0;0;0;0;0;0;0;0;0;3803;23.940000534057617;0;896079;0;1;0;1;0;0;0;0;0;0;0;0;0;0;0;0;0;0;0;0;0;0;49.78515625;1;0;0;0
4946;6.41357421875;-1.05419921875;13.94580078125;0;7.5322265625;0;0;0;0;0;0;0;0;0;0;0;0;0;0;0;0;0;0;3408;31.840000152587891;0;896079;0;1;0;1;0;0;0;0;0;0;0;0;0;0;0;0;0;0;0;0;0;0;49.78515625;1;0;0;0
5046;6.41357421875;-1.05419921875;13.94580078125;0;7.5322265625;0;0;0;0;0;0;0;0;0;0;0;0;0;0;0;0;0;0;3263;34.7400016784668;0;896079;0;1;0;1;0;0;0;0;0;0;0;0;0;0;0;0;0;0;0;0;0;0;49.78515625;1;0;0;0
5147;6.41357421875;-1.05419921875;13.94580078125;0;7.5322265625;0;0;0;0;0;0;0;0;0;0;0;0;0;0;0;0;0;0;3047;39.060001373291016;0;896079;0;1;0;1;0;0;0;0;0;0;0;0;0;0;0;0;0;0;0;0;0;0;49.78515625;1;0;0;0
5248;6.41357421875;-1.05419921875;13.94580078125;0;7.5322265625;0;0;0;0;0;0;0;0;0;0;0;0;0;0;0;0;0;0;2712;45.7599983215332;0;896079;0;1;0;1;0;0;0;0;0;0;0;0;0;0;0;0;0;0;0;0;0;0;49.78515625;1;0;0;0
5348;6.41357421875;-1.05419921875;13.94580078125;0;7.5322265625;0;0;0;0;0;0;0;0;0;0;0;0;0;0;0;0;0;0;2325;53.500003814697266;0;896079;0;1;0;1;0;0;0;0;0;0;0;0;0;0;0;0;0;0;0;0;0;0;49.78515625;1;0;0;0
5448;6.41357421875;-1.05419921875;13.94580078125;0;7.5322265625;0;0;0;0;0;0;0;0;0;0;0;0;0;0;0;0;0;0;1800;64;0;896079;0;1;0;1;0;0;0;0;0;0;0;0;0;0;0;0;0;0;0;0;0;0;49.78515625;1;0;0;0
5550;6.41357421875;-1.05419921875;13.94580078125;0;7.5322265625;0;0;0;0;0;0;0;0;0;0;0;0;0;0;0;0;0;0;1692;66.159996032714844;0;896079;0;1;0;1;0;0;0;0;0;0;0;0;0;0;0;0;0;0;0;0;0;0;49.78515625;1;0;0;0
5650;6.41357421875;-1.05419921875;13.94580078125;0;7.5322265625;0;0;0;0;0;0;0;0;0;0;0;0;0;0;0;0;0;0;1477;70.459999084472656;0;896079;0;1;0;1;0;0;0;0;0;0;0;0;0;0;0;0;0;0;0;0;0;0;49.78515625;1;0;0;0
5750;6.41357421875;-1.05419921875;13.94580078125;0;7.5322265625;0;0;0;0;0;0;0;0;0;0;0;0;0;0;0;0;0;0;1162;76.760002136230469;0;896079;0;1;0;1;0;0;0;0;0;0;0;0;0;0;0;0;0;0;0;0;0;0;49.78515625;1;0;0;0
5852;6.41357421875;-1.05419921875;13.94580078125;0;7.5322265625;0;0;0;0;0;0;0;0;0;0;0;0;0;0;0;0;0;0;793;84.139999389648438;0;896079;0;1;0;1;0;0;0;0;0;0;0;0;0;0;0;0;0;0;0;0;0;0;49.78515625;1;0;0;0
5952;6.41357421875;-1.05419921875;13.94580078125;0;7.5322265625;0;0;0;0;0;0;0;0;0;0;0;0;0;0;0;0;0;0;288;94.239997863769531;0;896079;0;1;0;1;0;0;0;0;0;0;0;0;0;0;0;0;0;0;0;0;0;0;49.78515625;1;0;0;0
6055;6.41357421875;-1.05419921875;13.94580078125;0;7.5322265625;0;0;0;0;0;0;0;0;0;0;0;0;0;0;0;0;0;0;98;98.040000915527344;0;896079;0;1;0;1;0;0;0;0;0;0;0;0;0;0;0;0;0;0;0;0;0;0;49.78515625;1;0;0;0
6154;6.41357421875;-1.05419921875;13.94580078125;0;7.5322265625;0;0;0;0;0;0;0;0;0;0;0;0;0;0;0;0;0;0;0;100;0;896079;0;1;0;1;0;0;0;0;0;0;0;0;0;0;0;0;0;0;0;0;0;0;49.78515625;1;0;0;0
6257;6.41357421875;-1.05419921875;13.94580078125;0;7.5322265625;0;0;0;0;0;0;0;0;0;0;0;0;0;0;0;0;0;0;0;100;0;896079;0;1;0;1;0;0;0;0;0;0;0;0;0;0;0;0;0;0;0;0;0;0;49.78515625;1;0;0;0
6358;6.41357421875;-1.05419921875;13.94580078125;0;7.5322265625;0;0;0;0;0;0;0;0;0;0;0;0;0;0;0;0;0;0;0;100;0;896079;0;1;0;1;0;0;0;0;0;0;0;0;0;0;0;0;0;0;0;0;0;0;49.78515625;1;0;0;0
6459;6.41357421875;-1.05419921875;13.94580078125;0;7.5322265625;0;0;0;0;0;0;0;0;0;0;0;0;0;0;0;0;0;0;0;100;0;896079;0;1;0;1;0;0;0;0;0;0;0;0;0;0;0;0;0;0;0;0;0;0;49.78515625;1;0;0;0
6558;6.41357421875;-1.05419921875;13.94580078125;0;7.5322265625;0;0;0;0;0;0;0;0;0;0;0;0;0;0;0;0;0;0;0;100;0;896079;0;1;0;1;0;0;0;0;0;0;0;0;0;0;0;0;0;0;0;0;0;0;49.78515625;1;0;0;0
6659;6.41357421875;-1.05419921875;13.94580078125;0;7.5322265625;0;0;0;0;0;0;0;0;0;0;0;0;0;0;0;0;0;0;0;100;0;896079;0;1;0;1;0;0;0;0;0;0;0;0;0;0;0;0;0;0;0;0;0;0;49.78515625;1;0;0;0
6758;6.41357421875;-1.05419921875;13.94580078125;0;7.5322265625;0;0;0;0;0;0;0;0;0;0;0;0;0;0;0;0;0;0;0;100;0;896079;0;1;0;1;0;0;0;0;0;0;0;0;0;0;0;0;0;0;0;0;0;0;49.78515625;1;0;0;0
6860;6.41357421875;-1.05419921875;13.94580078125;0;7.5322265625;0;0;0;0;0;0;0;0;0;0;0;0;0;0;0;0;0;0;0;100;0;896079;0;1;0;1;0;0;0;0;0;0;0;0;0;0;0;0;0;0;0;0;0;0;49.78515625;1;0;0;0
6960;6.41357421875;-1.05419921875;13.94580078125;0;7.5322265625;0;0;0;0;0;0;0;0;0;0;0;0;0;0;0;0;0;0;0;100;0;896079;0;1;0;1;0;0;0;0;0;0;0;0;0;0;0;0;0;0;0;0;0;0;49.78515625;1;0;0;0
7062;6.41357421875;-1.05419921875;13.94580078125;0;7.5322265625;0;0;0;0;0;0;0;0;0;0;0;0;0;0;0;0;0;0;0;100;0;896079;0;1;0;1;0;0;0;0;0;0;0;0;0;0;0;0;0;0;0;0;0;0;49.78515625;1;0;0;0
7162;6.41357421875;-1.05419921875;13.94580078125;0;7.5322265625;0;0;0;0;0;0;0;0;0;0;0;0;0;0;0;0;0;0;0;100;0;896079;0;1;0;1;0;0;0;0;0;0;0;0;0;0;0;0;0;0;0;0;0;0;49.78515625;1;0;0;0
7262;6.41357421875;-1.05419921875;13.94580078125;0;7.5322265625;0;0;0;0;0;0;0;0;0;0;0;0;0;0;0;0;0;0;0;100;0;896079;0;1;0;1;0;0;0;0;0;0;0;0;0;0;0;0;0;0;0;0;0;0;49.78515625;1;0;0;0
7363;6.41357421875;-1.05419921875;13.94580078125;0;7.5322265625;0;0;0;0;0;0;0;0;0;0;0;0;0;0;0;0;0;0;0;100;0;896079;0;1;0;1;0;0;0;0;0;0;0;0;0;0;0;0;0;0;0;0;0;0;49.78515625;1;0;0;0
7464;6.41357421875;-1.05419921875;13.94580078125;0;7.5322265625;0;0;0;0;0;0;0;0;0;0;0;0;0;0;0;0;0;0;0;100;0;896079;0;1;0;1;0;0;0;0;0;0;0;0;0;0;0;0;0;0;0;0;0;0;49.78515625;1;0;0;0
7564;6.41357421875;-1.05419921875;13.94580078125;0;7.5322265625;0;0;0;0;0;0;0;0;0;0;0;0;0;0;0;0;0;0;0;100;0;896079;0;1;0;1;0;0;0;0;0;0;0;0;0;0;0;0;0;0;0;0;0;0;49.78515625;1;0;0;0
7665;6.41357421875;-1.05419921875;13.94580078125;0;7.5322265625;0;0;0;0;0;0;0;0;0;0;0;0;0;0;0;0;0;0;0;100;0;896079;0;1;0;1;0;0;0;0;0;0;0;0;0;0;0;0;0;0;0;0;0;0;49.78515625;1;0;0;0
7765;6.41357421875;-1.05419921875;13.94580078125;0;7.5322265625;0;0;0;0;0;0;0;0;0;0;0;0;0;0;0;0;0;0;0;100;0;896079;0;1;0;1;0;0;0;0;0;0;0;0;0;0;0;0;0;0;0;0;0;0;49.78515625;1;0;0;0
7865;6.41357421875;-1.05419921875;13.94580078125;0;7.5322265625;0;0;0;0;0;0;0;0;0;0;0;0;0;0;0;0;0;0;0;100;0;896079;0;1;0;1;0;0;0;0;0;0;0;0;0;0;0;0;0;0;0;0;0;0;49.78515625;1;0;0;0
7966;6.41357421875;-1.05419921875;13.94580078125;0;7.5322265625;0;0;0;0;0;0;0;0;0;0;0;0;0;0;0;0;0;0;0;100;0;896079;0;1;0;1;0;0;0;0;0;0;0;0;0;0;0;0;0;0;0;0;0;0;49.78515625;1;0;0;0
8067;6.41357421875;-1.05419921875;13.94580078125;0;7.5322265625;0;0;0;0;0;0;0;0;0;0;0;0;0;0;0;0;0;0;0;100;0;896079;0;1;0;1;0;0;0;0;0;0;0;0;0;0;0;0;0;0;0;0;0;0;49.78515625;1;0;0;0
8167;6.41357421875;-1.05419921875;13.94580078125;0;7.5322265625;0;0;0;0;0;0;0;0;0;0;0;0;0;0;0;0;0;0;0;100;0;896079;0;1;0;1;0;0;0;0;0;0;0;0;0;0;0;0;0;0;0;0;0;0;49.78515625;1;0;0;0
8266;6.41357421875;-1.05419921875;13.94580078125;0;7.5322265625;0;0;0;0;0;0;0;0;0;0;0;0;0;0;0;0;0;0;0;100;0;896079;0;1;0;1;0;0;0;0;0;0;0;0;0;0;0;0;0;0;0;0;0;0;49.78515625;1;0;0;0
8366;6.41357421875;-1.05419921875;13.94580078125;0;7.5322265625;0;0;0;0;0;0;0;0;0;0;0;0;0;0;0;0;0;0;0;100;0;896079;0;1;0;1;0;0;0;0;0;0;0;0;0;0;0;0;0;0;0;0;0;0;49.78515625;1;0;0;0
8467;6.41357421875;-1.05419921875;13.94580078125;0;7.5322265625;0;0;0;0;0;0;0;0;0;0;0;0;0;0;0;0;0;0;0;100;0;896079;0;1;0;1;0;0;0;0;0;0;0;0;0;0;0;0;0;0;0;0;0;0;49.78515625;1;0;0;0
8568;6.41357421875;-1.05419921875;13.94580078125;0;7.5322265625;0;0;0;0;0;0;0;0;0;0;0;0;0;0;0;0;0;0;0;100;0;896079;0;1;0;1;0;0;0;0;0;0;0;0;0;0;0;0;0;0;0;0;0;0;49.78515625;1;0;0;0
8670;6.41357421875;-1.05419921875;13.94580078125;0;7.5322265625;0;0;0;0;0;0;0;0;0;0;0;0;0;0;0;0;0;0;0;100;0;896079;0;1;0;1;0;0;0;0;0;0;0;0;0;0;0;0;0;0;0;0;0;0;49.78515625;1;0;0;0
8769;6.41357421875;-1.05419921875;13.94580078125;0;7.5322265625;0;0;0;0;0;0;0;0;0;0;0;0;0;0;0;0;0;0;0;100;0;896079;0;1;0;1;0;0;0;0;0;0;0;0;0;0;0;0;0;0;0;0;0;0;49.78515625;1;0;0;0
8871;6.41357421875;-1.05419921875;13.94580078125;0;7.5322265625;0;0;0;0;0;0;0;0;0;0;0;0;0;0;0;0;0;0;0;100;0;896079;0;1;0;1;0;0;0;0;0;0;0;0;0;0;0;0;0;0;0;0;0;0;49.78515625;1;0;0;0
8970;6.41357421875;-1.05419921875;13.94580078125;0;7.5322265625;0;0;0;0;0;0;0;0;0;0;0;0;0;0;0;0;0;0;0;100;0;896079;0;1;0;1;0;0;0;0;0;0;0;0;0;0;0;0;0;0;0;0;0;0;49.78515625;1;0;0;0
9071;6.41357421875;-1.05419921875;13.94580078125;0;7.5322265625;0;0;0;0;0;0;0;0;0;0;0;0;0;0;0;0;0;0;0;100;0;896079;0;1;0;1;0;0;0;0;0;0;0;0;0;0;0;0;0;0;0;0;0;0;49.78515625;1;0;0;0
9172;6.41357421875;-1.05419921875;13.94580078125;0;7.5322265625;0;0;0;0;0;0;0;0;0;0;0;0;0;0;0;0;0;0;0;100;0;896079;0;1;0;1;0;0;0;0;0;0;0;0;0;0;0;0;0;0;0;0;0;0;49.78515625;1;0;0;0
9270;6.41357421875;-1.05419921875;13.94580078125;0;7.5322265625;0;0;0;0;0;0;0;0;0;0;0;0;0;0;0;0;0;0;0;100;0;896079;0;1;0;1;0;0;0;0;0;0;0;0;0;0;0;0;0;0;0;0;0;0;49.78515625;1;0;0;0
9370;6.41357421875;-1.05419921875;13.94580078125;0;7.5322265625;0;0;0;0;0;0;0;0;0;0;0;0;0;0;0;0;0;0;2250;55;0;896079;0;1;0;1;0;0;0;0;0;0;0;0;0;0;0;0;0;0;0;0;0;0;49.78515625;1;0;0;0
9470;6.41357421875;-1.05419921875;13.94580078125;0;7.5322265625;0;0;0;0;0;0;0;0;0;0;0;0;0;0;0;0;0;0;4500;10;0;896079;0;1;0;1;0;0;0;0;0;0;0;0;0;0;0;0;0;0;0;0;0;0;49.78515625;1;0;0;0
9571;6.41357421875;-1.05419921875;13.94580078125;0;7.5322265625;0;0;0;0;0;0;0;0;0;0;0;0;0;0;0;0;0;0;5000;0;0;896079;0;1;0;1;0;0;0;0;0;0;0;0;0;0;0;0;0;0;0;0;0;0;49.78515625;1;0;0;0
9672;6.41357421875;-1.05419921875;13.94580078125;0;7.5322265625;0;0;0;0;0;0;0;0;0;0;0;0;0;0;0;0;0;0;5000;0;0;896079;0;1;0;0;0;0;0;0;0;0;0;0;0;0;0;0;0;0;0;0;0;0;49.78515625;1;0;0;0
9771;6.41357421875;-1.05419921875;13.94580078125;0;7.5322265625;0;0;0;0;0;0;0;0;0;0;0;0;0;0;0;0;0;0;5000;0;0;896079;0;1;0;0;0;0;0;0;0;0;0;0;0;0;0;0;0;0;0;0;0;0;49.78515625;1;0;0;0
9872;6.41357421875;-1.05419921875;13.94580078125;0;7.5322265625;0;0;0;0;0;0;0;0;0;0;0;0;0;0;0;0;0;0;5000;0;0;896079;0;1;0;0;0;0;0;0;0;0;0;0;0;0;0;0;0;0;0;0;0;0;49.78515625;1;0;0;0
9973;6.41357421875;-1.05419921875;13.94580078125;0;7.5322265625;0;0;0;0;0;0;0;0;0;0;0;0;0;0;0;0;0;0;5000;0;0;896079;0;1;0;0;0;0;0;0;0;0;0;0;0;0;0;0;0;0;0;0;0;0;49.78515625;1;0;0;0
10073;6.41357421875;-1.05419921875;13.94580078125;0;7.5322265625;0;0;0;0;0;0;0;0;0;0;0;0;0;0;0;0;0;0;5000;0;0;896079;0;1;0;0;0;0;0;0;0;0;0;0;0;0;0;0;0;0;0;0;0;0;49.78515625;1;0;0;0
10173;6.41357421875;-1.05419921875;13.94580078125;0;7.5322265625;0;0;0;0;0;0;0;0;0;0;0;0;0;0;0;0;0;0;5000;0;0;896079;0;1;0;0;0;0;0;0;0;0;0;0;0;0;0;0;0;0;0;0;0;0;49.78515625;1;0;0;0
10274;6.41357421875;-1.05419921875;13.94580078125;0;7.5322265625;0;0;0;0;0;0;0;0;0;0;0;0;0;0;0;0;0;0;5000;0;0;896079;0;1;0;0;0;0;0;0;0;0;0;0;0;0;0;0;0;0;0;0;0;0;49.78515625;1;0;0;0
10374;6.41357421875;-1.05419921875;13.94580078125;0;7.5322265625;0;0;0;0;0;0;0;0;0;0;0;0;0;0;0;0;0;0;5000;0;0;896079;0;1;0;0;0;0;0;0;0;0;0;0;0;0;0;0;0;0;0;0;0;0;49.78515625;1;0;0;0
10474;6.41357421875;-1.05419921875;13.94580078125;0;7.5322265625;0;0;0;0;0;0;0;0;0;0;0;0;0;0;0;0;0;0;5000;0;0;896079;0;1;0;0;0;0;0;0;0;0;0;0;0;0;0;0;0;0;0;0;0;0;49.78515625;1;0;0;0
10574;6.41357421875;-1.05419921875;13.94580078125;0;7.5322265625;0;0;0;0;0;0;0;0;0;0;0;0;0;0;0;0;0;0;5000;0;0;896079;0;1;0;0;0;0;0;0;0;0;0;0;0;0;0;0;0;0;0;0;0;0;49.78515625;1;0;0;0
10674;6.41357421875;-1.05419921875;13.94580078125;0;7.5322265625;0;0;0;0;0;0;0;0;0;0;0;0;0;0;0;0;0;0;5000;0;0;896079;0;1;0;0;0;0;0;0;0;0;0;0;0;0;0;0;0;0;0;0;0;0;49.78515625;1;0;0;0
10775;6.41357421875;-1.05419921875;13.94580078125;0;7.5322265625;0;0;0;0;0;0;0;0;0;0;0;0;0;0;0;0;0;0;5000;0;0;896079;0;1;0;0;0;0;0;0;0;0;0;0;0;0;0;0;0;0;0;0;0;0;49.78515625;1;0;0;0
10876;6.41357421875;-1.05419921875;13.94580078125;0;7.5322265625;0;0;0;0;0;0;0;0;0;0;0;0;0;0;0;0;0;0;5000;0;0;896079;0;1;0;0;0;0;0;0;0;0;0;0;0;0;0;0;0;0;0;0;0;0;49.78515625;1;0;0;0
10977;6.41357421875;-1.05419921875;13.94580078125;0;7.5322265625;0;0;0;0;0;0;0;0;0;0;0;0;0;0;0;0;0;0;5000;0;0;896079;0;1;0;0;0;0;0;0;0;0;0;0;0;0;0;0;0;0;0;0;0;0;49.78515625;1;0;0;0
11078;6.41357421875;-1.05419921875;13.94580078125;0;7.5322265625;0;0;0;0;0;0;0;0;0;0;0;0;0;0;0;0;0;0;5000;0;0;896079;0;1;0;0;0;0;0;0;0;0;0;0;0;0;0;0;0;0;0;0;0;0;49.78515625;1;0;0;0
11180;6.41357421875;-1.05419921875;13.94580078125;0;7.5322265625;0;0;0;0;0;0;0;0;0;0;0;0;0;0;0;0;0;0;5000;0;0;896079;0;1;0;0;0;0;0;0;0;0;0;0;0;0;0;0;0;0;0;0;0;0;49.78515625;1;0;0;0
11281;6.41357421875;-1.05419921875;13.94580078125;0;7.5322265625;0;0;0;0;0;0;0;0;0;0;0;0;0;0;0;0;0;0;5000;0;0;896079;0;1;0;0;0;0;0;0;0;0;0;0;0;0;0;0;0;0;0;0;0;0;49.78515625;1;0;0;0
11381;6.41357421875;-1.05419921875;13.94580078125;0;7.5322265625;0;0;0;0;0;0;0;0;0;0;0;0;0;0;0;0;0;0;5000;0;0;896079;0;1;0;0;0;0;0;0;0;0;0;0;0;0;0;0;0;0;0;0;0;0;49.78515625;1;0;0;0
11483;6.41357421875;-1.05419921875;13.94580078125;0;7.5322265625;0;0;0;0;0;0;0;0;0;0;0;0;0;0;0;0;0;0;5000;0;0;896079;0;1;0;0;0;0;0;0;0;0;0;0;0;0;0;0;0;0;0;0;0;0;49.78515625;1;0;0;0
11584;6.41357421875;-1.05419921875;13.94580078125;0;7.5322265625;0;0;0;0;0;0;0;0;0;0;0;0;0;0;0;0;0;0;5000;0;0;896079;0;1;0;0;0;0;0;0;0;0;0;0;0;0;0;0;0;0;0;0;0;0;49.78515625;1;0;0;0
11685;6.41357421875;-1.05419921875;13.94580078125;0;7.5322265625;0;0;0;0;0;0;0;0;0;0;0;0;0;0;0;0;0;0;5000;0;0;896079;0;1;0;0;0;0;0;0;0;0;0;0;0;0;0;0;0;0;0;0;0;0;49.78515625;1;0;0;0
11785;6.41357421875;-1.05419921875;13.94580078125;0;7.5322265625;0;0;0;0;0;0;0;0;0;0;0;0;0;0;0;0;0;0;5000;0;0;896079;0;1;0;0;0;0;0;0;0;0;0;0;0;0;0;0;0;0;0;0;0;0;49.78515625;1;0;0;0
11885;6.41357421875;-1.05419921875;13.94580078125;0;7.5322265625;0;0;0;0;0;0;0;0;0;0;0;0;0;0;0;0;0;0;5000;0;0;896079;0;1;0;0;0;0;0;0;0;0;0;0;0;0;0;0;0;0;0;0;0;0;49.78515625;1;0;0;0
11986;6.41357421875;-1.05419921875;13.94580078125;0;7.5322265625;0;0;0;0;0;0;0;0;0;0;0;0;0;0;0;0;0;0;5000;0;0;896079;0;1;0;0;0;0;0;0;0;0;0;0;0;0;0;0;0;0;0;0;0;0;49.78515625;1;0;0;0
12085;6.41357421875;-1.05419921875;13.94580078125;0;7.5322265625;0;0;0;0;0;0;0;0;0;0;0;0;0;0;0;0;0;0;5000;0;0;896079;0;1;0;0;0;0;0;0;0;0;0;0;0;0;0;0;0;0;0;0;0;0;49.78515625;1;0;0;0
12186;6.41357421875;-1.05419921875;13.94580078125;0;7.5322265625;0;0;0;0;0;0;0;0;0;0;0;0;0;0;0;0;0;0;5000;0;0;896079;0;1;0;0;0;0;0;0;0;0;0;0;0;0;0;0;0;0;0;0;0;0;49.78515625;1;0;0;0
12287;6.41357421875;-1.05419921875;13.94580078125;0;7.5322265625;0;0;0;0;0;0;0;0;0;0;0;0;0;0;0;0;0;0;5000;0;0;896079;0;1;0;0;0;0;0;0;0;0;0;0;0;0;0;0;0;0;0;0;0;0;49.78515625;1;0;0;0
12388;6.41357421875;-1.05419921875;13.94580078125;0;7.5322265625;0;0;0;0;0;0;0;0;0;0;0;0;0;0;0;0;0;0;5000;0;0;896079;0;1;0;0;0;0;0;0;0;0;0;0;0;0;0;0;0;0;0;0;0;0;49.78515625;1;0;0;0
12491;6.41357421875;-1.05419921875;13.94580078125;0;7.5322265625;0;0;0;0;0;0;0;0;0;0;0;0;0;0;0;0;0;0;5000;0;0;896079;0;1;0;0;0;0;0;0;0;0;0;0;0;0;0;0;0;0;0;0;0;0;49.78515625;1;0;0;0
12590;6.41357421875;-1.05419921875;13.94580078125;0;7.5322265625;0;0;0;0;0;0;0;0;0;0;0;0;0;0;0;0;0;0;5000;0;0;896079;0;1;0;0;0;0;0;0;0;0;0;0;0;0;0;0;0;0;0;0;0;0;49.78515625;1;0;0;0
12690;6.41357421875;-1.05419921875;13.94580078125;0;7.5322265625;0;0;0;0;0;0;0;0;0;0;0;0;0;0;0;0;0;0;5000;0;0;896079;0;1;0;0;0;0;0;0;0;0;0;0;0;0;0;0;0;0;0;0;0;0;49.78515625;1;0;0;0
12791;6.41357421875;-1.05419921875;13.94580078125;0;7.5322265625;0;0;0;0;0;0;0;0;0;0;0;0;0;0;0;0;0;0;5000;0;0;896079;0;1;0;0;0;0;0;0;0;0;0;0;0;0;0;0;0;0;0;0;0;0;49.78515625;1;0;0;0
12891;6.41357421875;-1.05419921875;13.94580078125;0;7.5322265625;0;0;0;0;0;0;0;0;0;0;0;0;0;0;0;0;0;0;5000;0;0;896079;0;1;0;0;0;0;0;0;0;0;0;0;0;0;0;0;0;0;0;0;0;0;49.78515625;1;0;0;0
12994;6.41357421875;-1.05419921875;13.94580078125;0;7.5322265625;0;0;0;0;0;0;0;0;0;0;0;0;0;0;0;0;0;0;5000;0;0;896079;0;1;0;0;0;0;0;0;0;0;0;0;0;0;0;0;0;0;0;0;0;0;49.78515625;1;0;0;0
13095;6.41357421875;-1.05419921875;13.94580078125;0;7.5322265625;0;0;0;0;0;0;0;0;0;0;0;0;0;0;0;0;0;0;5000;0;0;896079;0;1;0;0;0;0;0;0;0;0;0;0;0;0;0;0;0;0;0;0;0;0;49.78515625;1;0;0;0
13197;6.41357421875;-1.05419921875;13.94580078125;0;7.5322265625;0;0;0;0;0;0;0;0;0;0;0;0;0;0;0;0;0;0;4685;0;0;896079;0;1;0;0;0;0;0;0;0;0;0;0;0;0;0;0;0;0;0;0;0;0;49.78515625;1;0;0;0
13297;6.33349609375;-1.05419921875;13.94580078125;0;7.6123046875;0;0;0;0;0;0;0;0;0;0;0;0;0;0;0;0;0;0;4240;15.199999809265137;0;896079;0;1;0;1;0;0;0;0;0;0;0;0;0;0;0;0;0;1;0;0;-1;0;49.251300811767578;1;0;0;0
13398;6.243408203125;-1.05419921875;13.94580078125;0;7.702392578125;0;0;0;0;0;0;0;0;0;0;0;0;0;0;0;0;0;0;3804;23.920000076293945;0;896079;0;1;0;1;0;0;0;0;0;0;0;0;0;0;0;0;0;1;0;0;-1;0;48.650714874267578;1;0;0;0
13498;6.143310546875;-1.05419921875;13.94580078125;0;7.802490234375;0;0;0;0;0;0;0;0;0;0;0;0;0;0;0;0;0;0;3669;26.6200008392334;0;896079;0;1;0;1;0;0;0;0;0;0;0;0;0;0;0;0;0;1;0;-0.270263671875;-1;0;47.9833984375;1;0;0;0
13600;6.05322265625;-1.05419921875;13.94580078125;0;7.892578125;0;0;0;0;0;0;0;0;0;0;0;0;0;0;0;0;0;0;3462;30.759998321533203;0;896079;0;1;0;1;0;0;0;0;0;0;0;0;0;0;0;0;0;1;0;-0.3603515625;-1;0;47.3828125;1;0;0;0
13700;6.05322265625;-1.05419921875;13.94580078125;0;7.892578125;0;0;0;0;0;0;0;0;0;0;0;0;0;0;0;0;0;0;3137;37.2599983215332;0;896079;0;1;0;1;0;0;0;0;0;0;0;0;0;0;0;0;0;0;0;-0.3603515625;0;0;47.3828125;1;0;0;0
13801;6.05322265625;-1.05419921875;13.94580078125;0;7.892578125;0;0;0;0;0;0;0;0;0;0;0;0;0;0;0;0;0;0;2759;44.819999694824219;0;896079;0;1;0;1;0;0;0;0;0;0;0;0;0;0;0;0;0;0;0;-0.3603515625;0;0;47.3828125;1;0;0;0
13902;6.05322265625;-1.05419921875;13.94580078125;0;7.892578125;0;0;0;0;0;0;0;0;0;0;0;0;0;0;0;0;0;0;2244;55.119998931884766;0;896079;0;1;0;1;0;0;0;0;0;0;0;0;0;0;0;0;0;0;0;-0.3603515625;0;0;47.3828125;1;0;0;0
14003;6.05322265625;-1.05419921875;13.94580078125;0;7.892578125;0;0;0;0;0;0;0;0;0;0;0;0;0;0;0;0;0;0;2095;58.099998474121094;0;896079;0;1;0;1;0;0;0;0;0;0;0;0;0;0;0;0;0;0;0;-0.3603515625;0;0;47.3828125;1;0;0;0
14103;6.05322265625;-1.05419921875;13.94580078125;0;7.892578125;0;0;0;0;0;0;0;0;0;0;0;0;0;0;0;0;0;0;1915;61.699996948242188;0;896079;0;1;0;1;0;0;0;0;0;0;0;0;0;0;0;0;0;0;0;-0.3603515625;0;0;47.3828125;1;0;0;0
14202;6.05322265625;-1.05419921875;13.94580078125;0;7.892578125;0;0;0;0;0;0;0;0;0;0;0;0;0;0;0;0;0;0;1654;67.5999984741211;0;896079;0;1;0;1;0;0;0;0;0;0;0;0;0;0;0;0;0;0;0;-0.3603515625;0;0;47.3828125;1;0;0;0
14303;6.05322265625;-1.05419921875;13.94580078125;0;7.892578125;0;0;0;0;0;0;0;0;0;0;0;0;0;0;0;0;0;0;1269;74.620002746582031;0;896079;0;1;0;1;0;0;0;0;0;0;0;0;0;0;0;0;0;0;0;-0.3603515625;0;0;47.3828125;1;0;0;0
14405;6.05322265625;-1.05419921875;13.94580078125;0;7.892578125;0;0;0;0;0;0;0;0;0;0;0;0;0;0;0;0;0;0;784;84.319999694824219;0;896079;0;1;0;1;0;0;0;0;0;0;0;0;0;0;0;0;0;0;0;-0.3603515625;0;0;47.3828125;1;0;0;0
14506;6.05322265625;-1.05419921875;13.94580078125;0;7.892578125;0;0;0;0;0;0;0;0;0;0;0;0;0;0;0;0;0;0;512;89.760002136230469;0;896079;0;1;0;1;0;0;0;0;0;0;0;0;0;0;0;0;0;0;0;-0.3603515625;0;0;47.3828125;1;0;0;0
14607;6.05322265625;-1.05419921875;13.94580078125;0;7.892578125;0;0;0;0;0;0;0;0;0;0;0;0;0;0;0;0;0;0;359;92.819999694824219;0;896079;0;1;0;1;0;0;0;0;0;0;0;0;0;0;0;0;0;0;0;-0.3603515625;0;0;47.3828125;1;0;0;0
14708;6.05322265625;-1.05419921875;13.94580078125;0;7.892578125;0;0;0;0;0;0;0;0;0;0;0;0;0;0;0;0;0;0;94;98.1199951171875;0;896079;0;1;0;1;0;0;0;0;0;0;0;0;0;0;0;0;0;0;0;-0.3603515625;0;0;47.3828125;1;0;0;0
14809;6.05322265625;-1.05419921875;13.94580078125;0;7.892578125;0;0;0;0;0;0;0;0;0;0;0;0;0;0;0;0;0;0;2344;48.120002746582031;0;896079;0;1;0;1;0;0;0;0;0;0;0;0;0;0;0;0;0;0;0;-0.3603515625;0;0;47.3828125;1;0;0;0
14909;6.05322265625;-1.05419921875;13.94580078125;0;7.892578125;0;0;0;0;0;0;0;0;0;0;0;0;0;0;0;0;0;0;4844;0;0;896079;0;1;0;1;0;0;0;0;0;0;0;0;0;0;0;0;0;0;0;-0.3603515625;0;0;47.3828125;1;0;0;0
15010;6.05322265625;-1.05419921875;13.94580078125;0;7.892578125;0;0;0;0;0;0;0;0;0;0;0;0;0;0;0;0;0;0;5000;0;0;896079;0;1;0;1;0;0;0;0;0;0;0;0;0;0;0;0;0;0;0;-0.3603515625;0;0;47.3828125;1;0;0;0
15109;6.05322265625;-1.05419921875;13.94580078125;0;7.892578125;0;0;0;0;0;0;0;0;0;0;0;0;0;0;0;0;0;0;5000;0;0;896079;0;1;0;1;0;0;0;0;0;0;0;0;0;0;0;0;0;0;0;-0.3603515625;0;0;47.3828125;1;0;0;0
15210;6.05322265625;-1.05419921875;13.94580078125;0;7.892578125;0;0;0;0;0;0;0;0;0;0;0;0;0;0;0;0;0;0;5000;0;0;896079;0;1;0;1;0;0;0;0;0;0;0;0;0;0;0;0;0;0;0;-0.3603515625;0;0;47.3828125;1;0;0;0
15311;6.05322265625;-1.05419921875;13.94580078125;0;7.892578125;0;0;0;0;0;0;0;0;0;0;0;0;0;0;0;0;0;0;5000;0;0;896079;0;1;0;1;0;0;0;0;0;0;0;0;0;0;0;0;0;0;0;-0.3603515625;0;0;47.3828125;1;0;0;0
15411;6.05322265625;-1.05419921875;13.94580078125;0;7.892578125;0;0;0;0;0;0;0;0;0;0;0;0;0;0;0;0;0;0;5000;0;0;896079;0;1;0;1;0;0;0;0;0;0;0;0;0;0;0;0;0;0;0;-0.3603515625;0;0;47.3828125;1;0;0;0
15512;6.05322265625;-1.05419921875;13.94580078125;0;7.892578125;0;0;0;0;0;0;0;0;0;0;0;0;0;0;0;0;0;0;5000;0;0;896079;0;1;0;1;0;0;0;0;0;0;0;0;0;0;0;0;0;0;0;-0.3603515625;0;0;47.3828125;1;0;0;0
15612;6.05322265625;-1.05419921875;13.94580078125;0;7.892578125;0;0;0;0;0;0;0;0;0;0;0;0;0;0;0;0;0;0;5000;0;0;896079;0;1;0;1;0;0;0;0;0;0;0;0;0;0;0;0;0;0;0;-0.3603515625;0;0;47.3828125;1;0;0;0
15714;6.05322265625;-1.05419921875;13.94580078125;0;7.892578125;0;0;0;0;0;0;0;0;0;0;0;0;0;0;0;0;0;0;5000;0;0;896079;0;1;0;1;0;0;0;0;0;0;0;0;0;0;0;0;0;0;0;-0.3603515625;0;0;47.3828125;1;0;0;0
15814;6.05322265625;-1.05419921875;13.94580078125;0;7.892578125;0;0;0;0;0;0;0;0;0;0;0;0;0;0;0;0;0;0;5000;0;0;896079;0;1;0;1;0;0;0;0;0;0;0;0;0;0;0;0;0;0;0;-0.3603515625;0;0;47.3828125;1;0;0;0
15915;6.05322265625;-1.05419921875;13.94580078125;0;7.892578125;0;0;0;0;0;0;0;0;0;0;0;0;0;0;0;0;0;0;5000;0;0;896079;0;1;0;1;0;0;0;0;0;0;0;0;0;0;0;0;0;0;0;-0.3603515625;0;0;47.3828125;1;0;0;0
16015;6.05322265625;-1.05419921875;13.94580078125;0;7.892578125;0;0;0;0;0;0;0;0;0;0;0;0;0;0;0;0;0;0;5000;0;0;896079;0;1;0;1;0;0;0;0;0;0;0;0;0;0;0;0;0;0;0;-0.3603515625;0;0;47.3828125;1;0;0;0
16115;6.05322265625;-1.05419921875;13.94580078125;0;7.892578125;0;0;0;0;0;0;0;0;0;0;0;0;0;0;0;0;0;0;5000;0;0;896079;0;1;0;1;0;0;0;0;0;0;0;0;0;0;0;0;0;0;0;-0.3603515625;0;0;47.3828125;1;0;0;0
16214;6.05322265625;-1.05419921875;13.94580078125;0;7.892578125;0;0;0;0;0;0;0;0;0;0;0;0;0;0;0;0;0;0;5000;0;0;896079;0;1;0;1;0;0;0;0;0;0;0;0;0;0;0;0;0;0;0;-0.3603515625;0;0;47.3828125;1;0;0;0
16316;6.05322265625;-1.05419921875;13.94580078125;0;7.892578125;0;0;0;0;0;0;0;0;0;0;0;0;0;0;0;0;0;0;5000;0;0;896079;0;1;0;1;0;0;0;0;0;0;0;0;0;0;0;0;0;0;0;-0.3603515625;0;0;47.3828125;1;0;0;0
16416;6.05322265625;-1.05419921875;13.94580078125;0;7.892578125;0;0;0;0;0;0;0;0;0;0;0;0;0;0;0;0;0;0;5000;0;0;896079;0;1;0;0;0;0;0;0;0;0;0;0;0;0;0;0;0;0;0;-0.3603515625;0;0;47.3828125;1;0;0;0
16518;6.05322265625;-1.05419921875;13.94580078125;0;7.892578125;0;0;0;0;0;0;0;0;0;0;0;0;0;0;0;0;0;0;5000;0;0;896079;0;1;0;0;0;0;0;0;0;0;0;0;0;0;0;0;0;0;0;-0.3603515625;0;0;47.3828125;1;0;0;0
16620;6.05322265625;-1.05419921875;13.94580078125;0;7.892578125;0;0;0;0;0;0;0;0;0;0;0;0;0;0;0;0;0;0;4635;0;0;896079;0;1;0;0;0;0;0;0;0;0;0;0;0;0;0;0;0;0;0;-0.3603515625;0;0;47.3828125;1;0;0;0
16719;5.97314453125;-1.05419921875;13.94580078125;0;7.97265625;0;0;0;0;0;0;0;0;0;0;0;0;0;0;0;0;0;0;4491;10.180000305175781;0;896079;0;1;0;1;0;0;0;0;0;0;0;0;0;0;0;0;0;1;0;-0.4404296875;-1;0;46.848957061767578;1;0;0;0
16820;5.873046875;-1.05419921875;13.94580078125;0;8.07275390625;0;0;0;0;0;0;0;0;0;0;0;0;0;0;0;0;0;0;4236;15.279999732971191;0;896079;0;1;0;1;0;0;0;0;0;0;0;0;0;0;0;0;0;1;0;-0.54052734375;-1;0;46.181640625;1;0;0;0
16920;5.782958984375;-1.05419921875;13.94580078125;0;8.162841796875;0;0;0;0;0;0;0;0;0;0;0;0;0;0;0;0;0;0;3921;21.579999923706055;0;896079;0;1;0;1;0;0;0;0;0;0;0;0;0;0;0;0;0;1;0;-0.630615234375;-1;0;45.5810546875;1;0;0;0
17021;5.69287109375;-1.05419921875;13.94580078125;0;8.2529296875;0;0;0;0;0;0;0;0;0;0;0;0;0;0;0;0;0;0;3476;30.479999542236328;0;896079;0;1;0;1;0;0;0;0;0;0;0;0;0;0;0;0;0;0;0;-0.720703125;0;0;44.98046875;1;0;0;0
17122;5.69287109375;-1.05419921875;13.94580078125;0;8.2529296875;0;0;0;0;0;0;0;0;0;0;0;0;0;0;0;0;0;0;3040;39.200000762939453;0;896079;0;1;0;1;0;0;0;0;0;0;0;0;0;0;0;0;0;0;0;-0.720703125;0;0;44.98046875;1;0;0;0
17222;5.69287109375;-1.05419921875;13.94580078125;0;8.2529296875;0;0;0;0;0;0;0;0;0;0;0;0;0;0;0;0;0;0;2923;41.540000915527344;0;896079;0;1;0;1;0;0;0;0;0;0;0;0;0;0;0;0;0;0;0;-0.720703125;0;0;44.98046875;1;0;0;0
17323;5.69287109375;-1.05419921875;13.94580078125;0;8.2529296875;0;0;0;0;0;0;0;0;0;0;0;0;0;0;0;0;0;0;2698;46.039997100830078;0;896079;0;1;0;1;0;0;0;0;0;0;0;0;0;0;0;0;0;0;0;-0.720703125;0;0;44.98046875;1;0;0;0
17424;5.69287109375;-1.05419921875;13.94580078125;0;8.2529296875;0;0;0;0;0;0;0;0;0;0;0;0;0;0;0;0;0;0;2410;51.799999237060547;0;896079;0;1;0;1;0;0;0;0;0;0;0;0;0;0;0;0;0;0;0;-0.720703125;0;0;44.98046875;1;0;0;0
17524;5.69287109375;-1.05419921875;13.94580078125;0;8.2529296875;0;0;0;0;0;0;0;0;0;0;0;0;0;0;0;0;0;0;1995;60.100002288818359;0;896079;0;1;0;1;0;0;0;0;0;0;0;0;0;0;0;0;0;0;0;-0.720703125;0;0;44.98046875;1;0;0;0
17626;5.69287109375;-1.05419921875;13.94580078125;0;8.2529296875;0;0;0;0;0;0;0;0;0;0;0;0;0;0;0;0;0;0;1536;69.279998779296875;0;896079;0;1;0;1;0;0;0;0;0;0;0;0;0;0;0;0;0;0;0;-0.720703125;0;0;44.98046875;1;0;0;0
17725;5.69287109375;-1.05419921875;13.94580078125;0;8.2529296875;0;0;0;0;0;0;0;0;0;0;0;0;0;0;0;0;0;0;1331;73.379997253417969;0;896079;0;1;0;1;0;0;0;0;0;0;0;0;0;0;0;0;0;0;0;-0.720703125;0;0;44.98046875;1;0;0;0
17827;5.69287109375;-1.05419921875;13.94580078125;0;8.2529296875;0;0;0;0;0;0;0;0;0;0;0;0;0;0;0;0;0;0;1126;77.4800033569336;0;896079;0;1;0;1;0;0;0;0;0;0;0;0;0;0;0;0;0;0;0;-0.720703125;0;0;44.98046875;1;0;0;0
17928;5.69287109375;-1.05419921875;13.94580078125;0;8.2529296875;0;0;0;0;0;0;0;0;0;0;0;0;0;0;0;0;0;0;856;82.8800048828125;0;896079;0;1;0;1;0;0;0;0;0;0;0;0;0;0;0;0;0;0;0;-0.720703125;0;0;44.98046875;1;0;0;0
18030;5.69287109375;-1.05419921875;13.94580078125;0;8.2529296875;0;0;0;0;0;0;0;0;0;0;0;0;0;0;0;0;0;0;461;90.779998779296875;0;896079;0;1;0;1;0;0;0;0;0;0;0;0;0;0;0;0;0;0;0;-0.720703125;0;0;44.98046875;1;0;0;0
18130;5.69287109375;-1.05419921875;13.94580078125;0;8.2529296875;0;0;0;0;0;0;0;0;0;0;0;0;0;0;0;0;0;0;20;99.5999984741211;0;896079;0;1;0;1;0;0;0;0;0;0;0;0;0;0;0;0;0;0;0;-0.720703125;0;0;44.98046875;1;0;0;0
18230;5.69287109375;-1.05419921875;13.94580078125;0;8.2529296875;0;0;0;0;0;0;0;0;0;0;0;0;0;0;0;0;0;0;0;100;0;896079;0;1;0;1;0;0;0;0;0;0;0;0;0;0;0;0;0;0;0;-0.720703125;0;0;44.98046875;1;0;0;0
18332;5.69287109375;-1.05419921875;13.94580078125;0;8.2529296875;0;0;0;0;0;0;0;0;0;0;0;0;0;0;0;0;0;0;0;100;0;896079;0;1;0;1;0;0;0;0;0;0;0;0;0;0;0;0;0;0;0;-0.720703125;0;0;44.98046875;1;0;0;0
18432;5.69287109375;-1.05419921875;13.94580078125;0;8.2529296875;0;0;0;0;0;0;0;0;0;0;0;0;0;0;0;0;0;0;0;100;0;896079;0;1;0;1;0;0;0;0;0;0;0;0;0;0;0;0;0;0;0;-0.720703125;0;0;44.98046875;1;0;0;0
18534;5.69287109375;-1.05419921875;13.94580078125;0;8.2529296875;0;0;0;0;0;0;0;0;0;0;0;0;0;0;0;0;0;0;2250;55;0;896079;0;1;0;1;0;0;0;0;0;0;0;0;0;0;0;0;0;0;0;-0.720703125;0;0;44.98046875;1;0;0;0
18633;5.69287109375;-1.05419921875;13.94580078125;0;8.2529296875;0;0;0;0;0;0;0;0;0;0;0;0;0;0;0;0;0;0;4750;0;0;896079;0;1;0;1;0;0;0;0;0;0;0;0;0;0;0;0;0;0;0;-0.720703125;0;0;44.98046875;1;0;0;0
18734;5.69287109375;-1.05419921875;13.94580078125;0;8.2529296875;0;0;0;0;0;0;0;0;0;0;0;0;0;0;0;0;0;0;5000;0;0;896079;0;1;0;1;0;0;0;0;0;0;0;0;0;0;0;0;0;0;0;-0.720703125;0;0;44.98046875;1;0;0;0
18834;5.69287109375;-1.05419921875;13.94580078125;0;8.2529296875;0;0;0;0;0;0;0;0;0;0;0;0;0;0;0;0;0;0;5000;0;0;896079;0;1;0;1;0;0;0;0;0;0;0;0;0;0;0;0;0;0;0;-0.720703125;0;0;44.98046875;1;0;0;0
18936;5.69287109375;-1.05419921875;13.94580078125;0;8.2529296875;0;0;0;0;0;0;0;0;0;0;0;0;0;0;0;0;0;0;5000;0;0;896079;0;1;0;1;0;0;0;0;0;0;0;0;0;0;0;0;0;0;0;-0.720703125;0;0;44.98046875;1;0;0;0
19036;5.69287109375;-1.05419921875;13.94580078125;0;8.2529296875;0;0;0;0;0;0;0;0;0;0;0;0;0;0;0;0;0;0;5000;0;0;896079;0;1;0;1;0;0;0;0;0;0;0;0;0;0;0;0;0;0;0;-0.720703125;0;0;44.98046875;1;0;0;0
19137;5.69287109375;-1.05419921875;13.94580078125;0;8.2529296875;0;0;0;0;0;0;0;0;0;0;0;0;0;0;0;0;0;0;5000;0;0;896079;0;1;0;1;0;0;0;0;0;0;0;0;0;0;0;0;0;0;0;-0.720703125;0;0;44.98046875;1;0;0;0
19236;5.69287109375;-1.05419921875;13.94580078125;0;8.2529296875;0;0;0;0;0;0;0;0;0;0;0;0;0;0;0;0;0;0;5000;0;0;896079;0;1;0;1;0;0;0;0;0;0;0;0;0;0;0;0;0;0;0;-0.720703125;0;0;44.98046875;1;0;0;0
19337;5.69287109375;-1.05419921875;13.94580078125;0;8.2529296875;0;0;0;0;0;0;0;0;0;0;0;0;0;0;0;0;0;0;5000;0;0;896079;0;1;0;1;0;0;0;0;0;0;0;0;0;0;0;0;0;0;0;-0.720703125;0;0;44.98046875;1;0;0;0
19436;5.69287109375;-1.05419921875;13.94580078125;0;8.2529296875;0;0;0;0;0;0;0;0;0;0;0;0;0;0;0;0;0;0;5000;0;0;896079;0;1;0;1;0;0;0;0;0;0;0;0;0;0;0;0;0;0;0;-0.720703125;0;0;44.98046875;1;0;0;0
19536;5.69287109375;-1.05419921875;13.94580078125;0;8.2529296875;0;0;0;0;0;0;0;0;0;0;0;0;0;0;0;0;0;0;5000;0;0;896079;0;1;0;1;0;0;0;0;0;0;0;0;0;0;0;0;0;0;0;-0.720703125;0;0;44.98046875;1;0;0;0
19636;5.69287109375;-1.05419921875;13.94580078125;0;8.2529296875;0;0;0;0;0;0;0;0;0;0;0;0;0;0;0;0;0;0;5000;0;0;896079;0;1;0;1;0;0;0;0;0;0;0;0;0;0;0;0;0;0;0;-0.720703125;0;0;44.98046875;1;0;0;0
19737;5.69287109375;-1.05419921875;13.94580078125;0;8.2529296875;0;0;0;0;0;0;0;0;0;0;0;0;0;0;0;0;0;0;5000;0;0;896079;0;1;0;1;0;0;0;0;0;0;0;0;0;0;0;0;0;0;0;-0.720703125;0;0;44.98046875;1;0;0;0
19839;5.69287109375;-1.05419921875;13.94580078125;0;8.2529296875;0;0;0;0;0;0;0;0;0;0;0;0;0;0;0;0;0;0;5000;0;0;896079;0;1;0;0;0;0;0;0;0;0;0;0;0;0;0;0;0;0;0;-0.720703125;0;0;44.98046875;1;0;0;0
19940;5.69287109375;-1.05419921875;13.94580078125;0;8.2529296875;0;0;0;0;0;0;0;0;0;0;0;0;0;0;0;0;0;0;5000;0;0;896079;0;1;0;0;0;0;0;0;0;0;0;0;0;0;0;0;0;0;0;-0.720703125;0;0;44.98046875;1;0;0;0
20040;5.69287109375;-1.05419921875;13.94580078125;0;8.2529296875;0;0;0;0;0;0;0;0;0;0;0;0;0;0;0;0;0;0;5000;0;0;896079;0;1;0;0;0;0;0;0;0;0;0;0;0;0;0;0;0;0;0;-0.720703125;0;0;44.98046875;1;0;0;0
20139;5.69287109375;-1.05419921875;13.94580078125;0;8.2529296875;0;0;0;0;0;0;0;0;0;0;0;0;0;0;0;0;0;0;5000;0;0;896079;0;1;0;0;0;0;0;0;0;0;0;0;0;0;0;0;0;0;0;-0.720703125;0;0;44.98046875;1;0;0;0
20242;5.69287109375;-1.05419921875;13.94580078125;0;8.2529296875;0;0;0;0;0;0;0;0;0;0;0;0;0;0;0;0;0;0;5000;0;0;896079;0;1;0;0;0;0;0;0;0;0;0;0;0;0;0;0;0;0;0;-0.720703125;0;0;44.98046875;1;0;0;0
20340;5.69287109375;-1.05419921875;13.94580078125;0;8.2529296875;0;0;0;0;0;0;0;0;0;0;0;0;0;0;0;0;0;0;5000;0;0;896079;0;1;0;0;0;0;0;0;0;0;0;0;0;0;0;0;0;0;0;-0.720703125;0;0;44.98046875;1;0;0;0
20441;5.69287109375;-1.05419921875;13.94580078125;0;8.2529296875;0;0;0;0;0;0;0;0;0;0;0;0;0;0;0;0;0;0;5000;0;0;896079;0;1;0;0;0;0;0;0;0;0;0;0;0;0;0;0;0;0;0;-0.720703125;0;0;44.98046875;1;0;0;0
20540;5.69287109375;-1.05419921875;13.94580078125;0;8.2529296875;0;0;0;0;0;0;0;0;0;0;0;0;0;0;0;0;0;0;5000;0;0;896079;0;1;0;0;0;0;0;0;0;0;0;0;0;0;0;0;0;0;0;-0.720703125;0;0;44.98046875;1;0;0;0
20641;5.69287109375;-1.05419921875;13.94580078125;0;8.2529296875;0;0;0;0;0;0;0;0;0;0;0;0;0;0;0;0;0;0;5000;0;0;896079;0;1;0;0;0;0;0;0;0;0;0;0;0;0;0;0;0;0;0;-0.720703125;0;0;44.98046875;1;0;0;0
20740;5.69287109375;-1.05419921875;13.94580078125;0;8.2529296875;0;0;0;0;0;0;0;0;0;0;0;0;0;0;0;0;0;0;5000;0;0;896079;0;1;0;0;0;0;0;0;0;0;0;0;0;0;0;0;0;0;0;-0.720703125;0;0;44.98046875;1;0;0;0
20840;5.69287109375;-1.05419921875;13.94580078125;0;8.2529296875;0;0;0;0;0;0;0;0;0;0;0;0;0;0;0;0;0;0;5000;0;0;896079;0;1;0;0;0;0;0;0;0;0;0;0;0;0;0;0;0;0;0;-0.720703125;0;0;44.98046875;1;0;0;0
20942;5.69287109375;-1.05419921875;13.94580078125;0;8.2529296875;0;0;0;0;0;0;0;0;0;0;0;0;0;0;0;0;0;0;4845;0;0;896079;0;1;0;0;0;0;0;0;0;0;0;0;0;0;0;0;0;0;0;-0.720703125;0;0;44.98046875;1;0;0;0
21042;5.6728515625;-1.05419921875;13.94580078125;0;8.27294921875;0;0;0;0;0;0;0;0;0;0;0;0;0;0;0;0;0;0;4620;7.5999999046325684;0;896079;0;1;0;1;0;0;0;0;0;0;0;0;0;0;0;0;0;1;0;-0.74072265625;-1;0;44.847003936767578;1;0;0;0
21144;5.57275390625;-1.05419921875;13.94580078125;0;8.373046875;0;0;0;0;0;0;0;0;0;0;0;0;0;0;0;0;0;0;4275;14.5;0;896079;0;1;0;1;0;0;0;0;0;0;0;0;0;0;0;0;0;1;0;-0.8408203125;-1;0;44.1796875;1;0;0;0
21243;5.482666015625;-1.05419921875;13.94580078125;0;8.463134765625;0;0;0;0;0;0;0;0;0;0;0;0;0;0;0;0;0;0;3879;22.420000076293945;0;896079;0;1;0;1;0;0;0;0;0;0;0;0;0;0;0;0;0;1;0;-0.930908203125;-1;0;43.5791015625;1;0;0;0
21346;5.382568359375;-1.05419921875;13.94580078125;0;8.563232421875;0;0;0;0;0;0;0;0;0;0;0;0;0;0;0;0;0;0;3394;32.120002746582031;0;896079;0;1;0;1;0;0;0;0;0;0;0;0;0;0;0;0;0;1;0;-1.031005859375;-1;0;42.911785125732422;1;0;0;0
21446;5.33251953125;-1.05419921875;13.94580078125;0;8.61328125;0;0;0;0;0;0;0;0;0;0;0;0;0;0;0;0;0;0;3277;34.459999084472656;0;896079;0;1;0;1;0;0;0;0;0;0;0;0;0;0;0;0;0;0;0;-1.0810546875;0;0;42.578125;1;0;0;0
21547;5.33251953125;-1.05419921875;13.94580078125;0;8.61328125;0;0;0;0;0;0;0;0;0;0;0;0;0;0;0;0;0;0;3079;38.420001983642578;0;896079;0;1;0;1;0;0;0;0;0;0;0;0;0;0;0;0;0;0;0;-1.0810546875;0;0;42.578125;1;0;0;0
21647;5.33251953125;-1.05419921875;13.94580078125;0;8.61328125;0;0;0;0;0;0;0;0;0;0;0;0;0;0;0;0;0;0;2764;44.720001220703125;0;896079;0;1;0;1;0;0;0;0;0;0;0;0;0;0;0;0;0;0;0;-1.0810546875;0;0;42.578125;1;0;0;0
21748;5.33251953125;-1.05419921875;13.94580078125;0;8.61328125;0;0;0;0;0;0;0;0;0;0;0;0;0;0;0;0;0;0;2349;53.020000457763672;0;896079;0;1;0;1;0;0;0;0;0;0;0;0;0;0;0;0;0;0;0;-1.0810546875;0;0;42.578125;1;0;0;0
21848;5.33251953125;-1.05419921875;13.94580078125;0;8.61328125;0;0;0;0;0;0;0;0;0;0;0;0;0;0;0;0;0;0;1890;62.199996948242188;0;896079;0;1;0;1;0;0;0;0;0;0;0;0;0;0;0;0;0;0;0;-1.0810546875;0;0;42.578125;1;0;0;0
21949;5.33251953125;-1.05419921875;13.94580078125;0;8.61328125;0;0;0;0;0;0;0;0;0;0;0;0;0;0;0;0;0;0;1685;66.299995422363281;0;896079;0;1;0;1;0;0;0;0;0;0;0;0;0;0;0;0;0;0;0;-1.0810546875;0;0;42.578125;1;0;0;0
22051;5.33251953125;-1.05419921875;13.94580078125;0;8.61328125;0;0;0;0;0;0;0;0;0;0;0;0;0;0;0;0;0;0;1505;69.9000015258789;0;896079;0;1;0;1;0;0;0;0;0;0;0;0;0;0;0;0;0;0;0;-1.0810546875;0;0;42.578125;1;0;0;0
22150;5.33251953125;-1.05419921875;13.94580078125;0;8.61328125;0;0;0;0;0;0;0;0;0;0;0;0;0;0;0;0;0;0;1244;75.120002746582031;0;896079;0;1;0;1;0;0;0;0;0;0;0;0;0;0;0;0;0;0;0;-1.0810546875;0;0;42.578125;1;0;0;0
22251;5.33251953125;-1.05419921875;13.94580078125;0;8.61328125;0;0;0;0;0;0;0;0;0;0;0;0;0;0;0;0;0;0;859;82.819999694824219;0;896079;0;1;0;1;0;0;0;0;0;0;0;0;0;0;0;0;0;0;0;-1.0810546875;0;0;42.578125;1;0;0;0
22350;5.33251953125;-1.05419921875;13.94580078125;0;8.61328125;0;0;0;0;0;0;0;0;0;0;0;0;0;0;0;0;0;0;427;91.459999084472656;0;896079;0;1;0;1;0;0;0;0;0;0;0;0;0;0;0;0;0;0;0;-1.0810546875;0;0;42.578125;1;0;0;0
22452;5.33251953125;-1.05419921875;13.94580078125;0;8.61328125;0;0;0;0;0;0;0;0;0;0;0;0;0;0;0;0;0;0;102;97.959999084472656;0;896079;0;1;0;1;0;0;0;0;0;0;0;0;0;0;0;0;0;0;0;-1.0810546875;0;0;42.578125;1;0;0;0
22552;5.33251953125;-1.05419921875;13.94580078125;0;8.61328125;0;0;0;0;0;0;0;0;0;0;0;0;0;0;0;0;0;0;0;100;0;896079;0;1;0;1;0;0;0;0;0;0;0;0;0;0;0;0;0;0;0;-1.0810546875;0;0;42.578125;1;0;0;0
22652;5.33251953125;-1.05419921875;13.94580078125;0;8.61328125;0;0;0;0;0;0;0;0;0;0;0;0;0;0;0;0;0;0;0;100;0;896079;0;1;0;1;0;0;0;0;0;0;0;0;0;0;0;0;0;0;0;-1.0810546875;0;0;42.578125;1;0;0;0
22754;5.33251953125;-1.05419921875;13.94580078125;0;8.61328125;0;0;0;0;0;0;0;0;0;0;0;0;0;0;0;0;0;0;2500;50;0;896079;0;1;0;1;0;0;0;0;0;0;0;0;0;0;0;0;0;0;0;-1.0810546875;0;0;42.578125;1;0;0;0
22855;5.33251953125;-1.05419921875;13.94580078125;0;8.61328125;0;0;0;0;0;0;0;0;0;0;0;0;0;0;0;0;0;0;4750;0;0;896079;0;1;0;1;0;0;0;0;0;0;0;0;0;0;0;0;0;0;0;-1.0810546875;0;0;42.578125;1;0;0;0
22956;5.33251953125;-1.05419921875;13.94580078125;0;8.61328125;0;0;0;0;0;0;0;0;0;0;0;0;0;0;0;0;0;0;5000;0;0;896079;0;1;0;1;0;0;0;0;0;0;0;0;0;0;0;0;0;0;0;-1.0810546875;0;0;42.578125;1;0;0;0
23057;5.33251953125;-1.05419921875;13.94580078125;0;8.61328125;0;0;0;0;0;0;0;0;0;0;0;0;0;0;0;0;0;0;5000;0;0;896079;0;1;0;1;0;0;0;0;0;0;0;0;0;0;0;0;0;0;0;-1.0810546875;0;0;42.578125;1;0;0;0
23156;5.33251953125;-1.05419921875;13.94580078125;0;8.61328125;0;0;0;0;0;0;0;0;0;0;0;0;0;0;0;0;0;0;5000;0;0;896079;0;1;0;1;0;0;0;0;0;0;0;0;0;0;0;0;0;0;0;-1.0810546875;0;0;42.578125;1;0;0;0
23258;5.33251953125;-1.05419921875;13.94580078125;0;8.61328125;0;0;0;0;0;0;0;0;0;0;0;0;0;0;0;0;0;0;5000;0;0;896079;0;1;0;1;0;0;0;0;0;0;0;0;0;0;0;0;0;0;0;-1.0810546875;0;0;42.578125;1;0;0;0
23359;5.33251953125;-1.05419921875;13.94580078125;0;8.61328125;0;0;0;0;0;0;0;0;0;0;0;0;0;0;0;0;0;0;5000;0;0;896079;0;1;0;1;0;0;0;0;0;0;0;0;0;0;0;0;0;0;0;-1.0810546875;0;0;42.578125;1;0;0;0
23460;5.33251953125;-1.05419921875;13.94580078125;0;8.61328125;0;0;0;0;0;0;0;0;0;0;0;0;0;0;0;0;0;0;5000;0;0;896079;0;1;0;1;0;0;0;0;0;0;0;0;0;0;0;0;0;0;0;-1.0810546875;0;0;42.578125;1;0;0;0
23560;5.33251953125;-1.05419921875;13.94580078125;0;8.61328125;0;0;0;0;0;0;0;0;0;0;0;0;0;0;0;0;0;0;5000;0;0;896079;0;1;0;1;0;0;0;0;0;0;0;0;0;0;0;0;0;0;0;-1.0810546875;0;0;42.578125;1;0;0;0
23662;5.33251953125;-1.05419921875;13.94580078125;0;8.61328125;0;0;0;0;0;0;0;0;0;0;0;0;0;0;0;0;0;0;5000;0;0;896079;0;1;0;1;0;0;0;0;0;0;0;0;0;0;0;0;0;0;0;-1.0810546875;0;0;42.578125;1;0;0;0
23762;5.33251953125;-1.05419921875;13.94580078125;0;8.61328125;0;0;0;0;0;0;0;0;0;0;0;0;0;0;0;0;0;0;5000;0;0;896079;0;1;0;1;0;0;0;0;0;0;0;0;0;0;0;0;0;0;0;-1.0810546875;0;0;42.578125;1;0;0;0
23864;5.33251953125;-1.05419921875;13.94580078125;0;8.61328125;0;0;0;0;0;0;0;0;0;0;0;0;0;0;0;0;0;0;5000;0;0;896079;0;1;0;1;0;0;0;0;0;0;0;0;0;0;0;0;0;0;0;-1.0810546875;0;0;42.578125;1;0;0;0
23965;5.33251953125;-1.05419921875;13.94580078125;0;8.61328125;0;0;0;0;0;0;0;0;0;0;0;0;0;0;0;0;0;0;5000;0;0;896079;0;1;0;1;0;0;0;0;0;0;0;0;0;0;0;0;0;0;0;-1.0810546875;0;0;42.578125;1;0;0;0
24064;5.33251953125;-1.05419921875;13.94580078125;0;8.61328125;0;0;0;0;0;0;0;0;0;0;0;0;0;0;0;0;0;0;5000;0;0;896079;0;1;0;0;0;0;0;0;0;0;0;0;0;0;0;0;0;0;0;-1.0810546875;0;0;42.578125;1;0;0;0
24166;5.33251953125;-1.05419921875;13.94580078125;0;8.61328125;0;0;0;0;0;0;0;0;0;0;0;0;0;0;0;0;0;0;5000;0;0;896079;0;1;0;0;0;0;0;0;0;0;0;0;0;0;0;0;0;0;0;-1.0810546875;0;0;42.578125;1;0;0;0
24266;5.33251953125;-1.05419921875;13.94580078125;0;8.61328125;0;0;0;0;0;0;0;0;0;0;0;0;0;0;0;0;0;0;5000;0;0;896079;0;1;0;0;0;0;0;0;0;0;0;0;0;0;0;0;0;0;0;-1.0810546875;0;0;42.578125;1;0;0;0
24369;5.33251953125;-1.05419921875;13.94580078125;0;8.61328125;0;0;0;0;0;0;0;0;0;0;0;0;0;0;0;0;0;0;5000;0;0;896079;0;1;0;0;0;0;0;0;0;0;0;0;0;0;0;0;0;0;0;-1.0810546875;0;0;42.578125;1;0;0;0
24469;5.33251953125;-1.05419921875;13.94580078125;0;8.61328125;0;0;0;0;0;0;0;0;0;0;0;0;0;0;0;0;0;0;5000;0;0;896079;0;1;0;0;0;0;0;0;0;0;0;0;0;0;0;0;0;0;0;-1.0810546875;0;0;42.578125;1;0;0;0
24567;5.33251953125;-1.05419921875;13.94580078125;0;8.61328125;0;0;0;0;0;0;0;0;0;0;0;0;0;0;0;0;0;0;5000;0;0;896079;0;1;0;0;0;0;0;0;0;0;0;0;0;0;0;0;0;0;0;-1.0810546875;0;0;42.578125;1;0;0;0
24670;5.33251953125;-1.05419921875;13.94580078125;0;8.61328125;0;0;0;0;0;0;0;0;0;0;0;0;0;0;0;0;0;0;5000;0;0;896079;0;1;0;0;0;0;0;0;0;0;0;0;0;0;0;0;0;0;0;-1.0810546875;0;0;42.578125;1;0;0;0
24769;5.33251953125;-1.05419921875;13.94580078125;0;8.61328125;0;0;0;0;0;0;0;0;0;0;0;0;0;0;0;0;0;0;5000;0;0;896079;0;1;0;0;0;0;0;0;0;0;0;0;0;0;0;0;0;0;0;-1.0810546875;0;0;42.578125;1;0;0;0
24869;5.33251953125;-1.05419921875;13.94580078125;0;8.61328125;0;0;0;0;0;0;0;0;0;0;0;0;0;0;0;0;0;0;5000;0;0;896079;0;1;0;0;0;0;0;0;0;0;0;0;0;0;0;0;0;0;0;-1.0810546875;0;0;42.578125;1;0;0;0
24971;5.33251953125;-1.05419921875;13.94580078125;0;8.61328125;0;0;0;0;0;0;0;0;0;0;0;0;0;0;0;0;0;0;5000;0;0;896079;0;1;0;0;0;0;0;0;0;0;0;0;0;0;0;0;0;0;0;-1.0810546875;0;0;42.578125;1;0;0;0
25070;5.33251953125;-1.05419921875;13.94580078125;0;8.61328125;0;0;0;0;0;0;0;0;0;0;0;0;0;0;0;0;0;0;5000;0;0;896079;0;1;0;0;0;0;0;0;0;0;0;0;0;0;0;0;0;0;0;-1.0810546875;0;0;42.578125;1;0;0;0
25171;5.33251953125;-1.05419921875;13.94580078125;0;8.61328125;0;0;0;0;0;0;0;0;0;0;0;0;0;0;0;0;0;0;5000;0;0;896079;0;1;0;0;0;0;0;0;0;0;0;0;0;0;0;0;0;0;0;-1.0810546875;0;0;42.578125;1;0;0;0
25272;5.33251953125;-1.05419921875;13.94580078125;0;8.61328125;0;0;0;0;0;0;0;0;0;0;0;0;0;0;0;0;0;0;5000;0;0;896079;0;1;0;0;0;0;0;0;0;0;0;0;0;0;0;0;0;0;0;-1.0810546875;0;0;42.578125;1;0;0;0
25372;5.33251953125;-1.05419921875;13.94580078125;0;8.61328125;0;0;0;0;0;0;0;0;0;0;0;0;0;0;0;0;0;0;4712;0;0;896079;0;1;0;0;0;0;0;0;0;0;0;0;0;0;0;0;0;0;0;-1.0810546875;0;0;42.578125;1;0;0;0
25472;5.25244140625;-1.05419921875;13.94580078125;0;8.693359375;0;0;0;0;0;0;0;0;0;0;0;0;0;0;0;0;0;0;4297;14.059999465942383;0;896079;0;1;0;1;0;0;0;0;0;0;0;0;0;0;0;0;0;1;0;-1.1611328125;-1;0;42.044269561767578;1;0;0;0
25574;5.162353515625;-1.05419921875;13.94580078125;0;8.783447265625;0;0;0;0;0;0;0;0;0;0;0;0;0;0;0;0;0;0;3838;23.239999771118164;0;896079;0;1;0;1;0;0;0;0;0;0;0;0;0;0;0;0;0;1;0;-1.251220703125;-1;0;41.443683624267578;1;0;0;0
25674;5.062255859375;-1.05419921875;13.94580078125;0;8.883544921875;0;0;0;0;0;0;0;0;0;0;0;0;0;0;0;0;0;0;3633;27.340000152587891;0;896079;0;1;0;1;0;0;0;0;0;0;0;0;0;0;0;0;0;1;0;-1.351318359375;-1;0;40.7763671875;1;0;0;0
25775;4.97216796875;-1.05419921875;13.94580078125;0;8.9736328125;0;0;0;0;0;0;0;0;0;0;0;0;0;0;0;0;0;0;3453;30.939998626708984;0;896079;0;1;0;1;0;0;0;0;0;0;0;0;0;0;0;0;0;1;0;-1.44140625;-1;0;40.17578125;1;0;0;0
25875;4.97216796875;-1.05419921875;13.94580078125;0;8.9736328125;0;0;0;0;0;0;0;0;0;0;0;0;0;0;0;0;0;0;3158;36.840000152587891;0;896079;0;1;0;1;0;0;0;0;0;0;0;0;0;0;0;0;0;0;0;-1.44140625;0;0;40.17578125;1;0;0;0
25975;4.97216796875;-1.05419921875;13.94580078125;0;8.9736328125;0;0;0;0;0;0;0;0;0;0;0;0;0;0;0;0;0;0;2807;43.860000610351563;0;896079;0;1;0;1;0;0;0;0;0;0;0;0;0;0;0;0;0;0;0;-1.44140625;0;0;40.17578125;1;0;0;0
26076;4.97216796875;-1.05419921875;13.94580078125;0;8.9736328125;0;0;0;0;0;0;0;0;0;0;0;0;0;0;0;0;0;0;2322;53.560001373291016;0;896079;0;1;0;1;0;0;0;0;0;0;0;0;0;0;0;0;0;0;0;-1.44140625;0;0;40.17578125;1;0;0;0
26178;4.97216796875;-1.05419921875;13.94580078125;0;8.9736328125;0;0;0;0;0;0;0;0;0;0;0;0;0;0;0;0;0;0;2037;59.2599983215332;0;896079;0;1;0;1;0;0;0;0;0;0;0;0;0;0;0;0;0;0;0;-1.44140625;0;0;40.17578125;1;0;0;0
26280;4.97216796875;-1.05419921875;13.94580078125;0;8.9736328125;0;0;0;0;0;0;0;0;0;0;0;0;0;0;0;0;0;0;1875;62.5;0;896079;0;1;0;1;0;0;0;0;0;0;0;0;0;0;0;0;0;0;0;-1.44140625;0;0;40.17578125;1;0;0;0
26379;4.97216796875;-1.05419921875;13.94580078125;0;8.9736328125;0;0;0;0;0;0;0;0;0;0;0;0;0;0;0;0;0;0;1600;68;0;896079;0;1;0;1;0;0;0;0;0;0;0;0;0;0;0;0;0;0;0;-1.44140625;0;0;40.17578125;1;0;0;0
26480;4.97216796875;-1.05419921875;13.94580078125;0;8.9736328125;0;0;0;0;0;0;0;0;0;0;0;0;0;0;0;0;0;0;1225;75.5;0;896079;0;1;0;1;0;0;0;0;0;0;0;0;0;0;0;0;0;0;0;-1.44140625;0;0;40.17578125;1;0;0;0
26580;4.97216796875;-1.05419921875;13.94580078125;0;8.9736328125;0;0;0;0;0;0;0;0;0;0;0;0;0;0;0;0;0;0;802;83.959999084472656;0;896079;0;1;0;1;0;0;0;0;0;0;0;0;0;0;0;0;0;0;0;-1.44140625;0;0;40.17578125;1;0;0;0
26683;4.97216796875;-1.05419921875;13.94580078125;0;8.9736328125;0;0;0;0;0;0;0;0;0;0;0;0;0;0;0;0;0;0;437;91.259994506835938;0;896079;0;1;0;1;0;0;0;0;0;0;0;0;0;0;0;0;0;0;0;-1.44140625;0;0;40.17578125;1;0;0;0
26782;4.97216796875;-1.05419921875;13.94580078125;0;8.9736328125;0;0;0;0;0;0;0;0;0;0;0;0;0;0;0;0;0;0;272;94.55999755859375;0;896079;0;1;0;1;0;0;0;0;0;0;0;0;0;0;0;0;0;0;0;-1.44140625;0;0;40.17578125;1;0;0;0
26882;4.97216796875;-1.05419921875;13.94580078125;0;8.9736328125;0;0;0;0;0;0;0;0;0;0;0;0;0;0;0;0;0;0;38;99.239997863769531;0;896079;0;1;0;1;0;0;0;0;0;0;0;0;0;0;0;0;0;0;0;-1.44140625;0;0;40.17578125;1;0;0;0
26984;4.97216796875;-1.05419921875;13.94580078125;0;8.9736328125;0;0;0;0;0;0;0;0;0;0;0;0;0;0;0;0;0;0;0;100;0;896079;0;1;0;1;0;0;0;0;0;0;0;0;0;0;0;0;0;0;0;-1.44140625;0;0;40.17578125;1;0;0;0
27085;4.97216796875;-1.05419921875;13.94580078125;0;8.9736328125;0;0;0;0;0;0;0;0;0;0;0;0;0;0;0;0;0;0;0;100;0;896079;0;1;0;1;0;0;0;0;0;0;0;0;0;0;0;0;0;0;0;-1.44140625;0;0;40.17578125;1;0;0;0
27185;4.97216796875;-1.05419921875;13.94580078125;0;8.9736328125;0;0;0;0;0;0;0;0;0;0;0;0;0;0;0;0;0;0;0;100;0;896079;0;1;0;1;0;0;0;0;0;0;0;0;0;0;0;0;0;0;0;-1.44140625;0;0;40.17578125;1;0;0;0
27284;4.97216796875;-1.05419921875;13.94580078125;0;8.9736328125;0;0;0;0;0;0;0;0;0;0;0;0;0;0;0;0;0;0;0;100;0;896079;0;1;0;1;0;0;0;0;0;0;0;0;0;0;0;0;0;0;0;-1.44140625;0;0;40.17578125;1;0;0;0
27386;4.97216796875;-1.05419921875;13.94580078125;0;8.9736328125;0;0;0;0;0;0;0;0;0;0;0;0;0;0;0;0;0;0;0;100;0;896079;0;1;0;1;0;0;0;0;0;0;0;0;0;0;0;0;0;0;0;-1.44140625;0;0;40.17578125;1;0;0;0
27487;4.97216796875;-1.05419921875;13.94580078125;0;8.9736328125;0;0;0;0;0;0;0;0;0;0;0;0;0;0;0;0;0;0;0;100;0;896079;0;1;0;1;0;0;0;0;0;0;0;0;0;0;0;0;0;0;0;-1.44140625;0;0;40.17578125;1;0;0;0
27587;4.97216796875;-1.05419921875;13.94580078125;0;8.9736328125;0;0;0;0;0;0;0;0;0;0;0;0;0;0;0;0;0;0;0;100;0;896079;0;1;0;1;0;0;0;0;0;0;0;0;0;0;0;0;0;0;0;-1.44140625;0;0;40.17578125;1;0;0;0
27687;4.97216796875;-1.05419921875;13.94580078125;0;8.9736328125;0;0;0;0;0;0;0;0;0;0;0;0;0;0;0;0;0;0;0;100;0;896079;0;1;0;1;0;0;0;0;0;0;0;0;0;0;0;0;0;0;0;-1.44140625;0;0;40.17578125;1;0;0;0
27789;4.97216796875;-1.05419921875;13.94580078125;0;8.9736328125;0;0;0;0;0;0;0;0;0;0;0;0;0;0;0;0;0;0;0;100;0;896079;0;1;0;1;0;0;0;0;0;0;0;0;0;0;0;0;0;0;0;-1.44140625;0;0;40.17578125;1;0;0;0
27889;4.97216796875;-1.05419921875;13.94580078125;0;8.9736328125;0;0;0;0;0;0;0;0;0;0;0;0;0;0;0;0;0;0;0;100;0;896079;0;1;0;1;0;0;0;0;0;0;0;0;0;0;0;0;0;0;0;-1.44140625;0;0;40.17578125;1;0;0;0
27990;4.97216796875;-1.05419921875;13.94580078125;0;8.9736328125;0;0;0;0;0;0;0;0;0;0;0;0;0;0;0;0;0;0;2500;50;0;896079;0;1;0;1;0;0;0;0;0;0;0;0;0;0;0;0;0;0;0;-1.44140625;0;0;40.17578125;1;0;0;0
28091;4.97216796875;-1.05419921875;13.94580078125;0;8.9736328125;0;0;0;0;0;0;0;0;0;0;0;0;0;0;0;0;0;0;4750;0;0;896079;0;1;0;1;0;0;0;0;0;0;0;0;0;0;0;0;0;0;0;-1.44140625;0;0;40.17578125;1;0;0;0
28191;4.97216796875;-1.05419921875;13.94580078125;0;8.9736328125;0;0;0;0;0;0;0;0;0;0;0;0;0;0;0;0;0;0;5000;0;0;896079;0;1;0;1;0;0;0;0;0;0;0;0;0;0;0;0;0;0;0;-1.44140625;0;0;40.17578125;1;0;0;0
28293;4.97216796875;-1.05419921875;13.94580078125;0;8.9736328125;0;0;0;0;0;0;0;0;0;0;0;0;0;0;0;0;0;0;5000;0;0;896079;0;1;0;1;0;0;0;0;0;0;0;0;0;0;0;0;0;0;0;-1.44140625;0;0;40.17578125;1;0;0;0
28395;4.97216796875;-1.05419921875;13.94580078125;0;8.9736328125;0;0;0;0;0;0;0;0;0;0;0;0;0;0;0;0;0;0;5000;0;0;896079;0;1;0;1;0;0;0;0;0;0;0;0;0;0;0;0;0;0;0;-1.44140625;0;0;40.17578125;1;0;0;0
28497;4.97216796875;-1.05419921875;13.94580078125;0;8.9736328125;0;0;0;0;0;0;0;0;0;0;0;0;0;0;0;0;0;0;5000;0;0;896079;0;1;0;0;0;0;0;0;0;0;0;0;0;0;0;0;0;0;0;-1.44140625;0;0;40.17578125;1;0;0;0
28598;4.97216796875;-1.05419921875;13.94580078125;0;8.9736328125;0;0;0;0;0;0;0;0;0;0;0;0;0;0;0;0;0;0;5000;0;0;896079;0;1;0;0;0;0;0;0;0;0;0;0;0;0;0;0;0;0;0;-1.44140625;0;0;40.17578125;1;0;0;0
28698;4.97216796875;-1.05419921875;13.94580078125;0;8.9736328125;0;0;0;0;0;0;0;0;0;0;0;0;0;0;0;0;0;0;5000;0;0;896079;0;1;0;0;0;0;0;0;0;0;0;0;0;0;0;0;0;0;0;-1.44140625;0;0;40.17578125;1;0;0;0
28799;4.97216796875;-1.05419921875;13.94580078125;0;8.9736328125;0;0;0;0;0;0;0;0;0;0;0;0;0;0;0;0;0;0;5000;0;0;896079;0;1;0;0;0;0;0;0;0;0;0;0;0;0;0;0;0;0;0;-1.44140625;0;0;40.17578125;1;0;0;0
28899;4.97216796875;-1.05419921875;13.94580078125;0;8.9736328125;0;0;0;0;0;0;0;0;0;0;0;0;0;0;0;0;0;0;5000;0;0;896079;0;1;0;0;0;0;0;0;0;0;0;0;0;0;0;0;0;0;0;-1.44140625;0;0;40.17578125;1;0;0;0
29000;4.97216796875;-1.05419921875;13.94580078125;0;8.9736328125;0;0;0;0;0;0;0;0;0;0;0;0;0;0;0;0;0;0;5000;0;0;896079;0;1;0;0;0;0;0;0;0;0;0;0;0;0;0;0;0;0;0;-1.44140625;0;0;40.17578125;1;0;0;0
29100;4.97216796875;-1.05419921875;13.94580078125;0;8.9736328125;0;0;0;0;0;0;0;0;0;0;0;0;0;0;0;0;0;0;5000;0;0;896079;0;1;0;0;0;0;0;0;0;0;0;0;0;0;0;0;0;0;0;-1.44140625;0;0;40.17578125;1;0;0;0
29201;4.97216796875;-1.05419921875;13.94580078125;0;8.9736328125;0;0;0;0;0;0;0;0;0;0;0;0;0;0;0;0;0;0;5000;0;0;896079;0;1;0;0;0;0;0;0;0;0;0;0;0;0;0;0;0;0;0;-1.44140625;0;0;40.17578125;1;0;0;0
29301;4.97216796875;-1.05419921875;13.94580078125;0;8.9736328125;0;0;0;0;0;0;0;0;0;0;0;0;0;0;0;0;0;0;5000;0;0;896079;0;1;0;0;0;0;0;0;0;0;0;0;0;0;0;0;0;0;0;-1.44140625;0;0;40.17578125;1;0;0;0
29403;4.97216796875;-1.05419921875;13.94580078125;0;8.9736328125;0;0;0;0;0;0;0;0;0;0;0;0;0;0;0;0;0;0;5000;0;0;896079;0;1;0;0;0;0;0;0;0;0;0;0;0;0;0;0;0;0;0;-1.44140625;0;0;40.17578125;1;0;0;0
29501;4.97216796875;-1.05419921875;13.94580078125;0;8.9736328125;0;0;0;0;0;0;0;0;0;0;0;0;0;0;0;0;0;0;5000;0;0;896079;0;1;0;0;0;0;0;0;0;0;0;0;0;0;0;0;0;0;0;-1.44140625;0;0;40.17578125;1;0;0;0
29604;4.97216796875;-1.05419921875;13.94580078125;0;8.9736328125;0;0;0;0;0;0;0;0;0;0;0;0;0;0;0;0;0;0;5000;0;0;896079;0;1;0;0;0;0;0;0;0;0;0;0;0;0;0;0;0;0;0;-1.44140625;0;0;40.17578125;1;0;0;0
29703;4.97216796875;-1.05419921875;13.94580078125;0;8.9736328125;0;0;0;0;0;0;0;0;0;0;0;0;0;0;0;0;0;0;5000;0;0;896079;0;1;0;0;0;0;0;0;0;0;0;0;0;0;0;0;0;0;0;-1.44140625;0;0;40.17578125;1;0;0;0
29802;4.97216796875;-1.05419921875;13.94580078125;0;8.9736328125;0;0;0;0;0;0;0;0;0;0;0;0;0;0;0;0;0;0;5000;0;0;896079;0;1;0;0;0;0;0;0;0;0;0;0;0;0;0;0;0;0;0;-1.44140625;0;0;40.17578125;1;0;0;0
29902;4.97216796875;-1.05419921875;13.94580078125;0;8.9736328125;0;0;0;0;0;0;0;0;0;0;0;0;0;0;0;0;0;0;5000;0;0;896079;0;1;0;0;0;0;0;0;0;0;0;0;0;0;0;0;0;0;0;-1.44140625;0;0;40.17578125;1;0;0;0
30003;4.97216796875;-1.05419921875;13.94580078125;0;8.9736328125;0;0;0;0;0;0;0;0;0;0;0;0;0;0;0;0;0;0;5000;0;0;896079;0;1;0;0;0;0;0;0;0;0;0;0;0;0;0;0;0;0;0;-1.44140625;0;0;40.17578125;1;0;0;0
30105;4.97216796875;-1.05419921875;13.94580078125;0;8.9736328125;0;0;0;0;0;0;0;0;0;0;0;0;0;0;0;0;0;0;5000;0;0;896079;0;1;0;0;0;0;0;0;0;0;0;0;0;0;0;0;0;0;0;-1.44140625;0;0;40.17578125;1;0;0;0
30206;4.97216796875;-1.05419921875;13.94580078125;0;8.9736328125;0;0;0;0;0;0;0;0;0;0;0;0;0;0;0;0;0;0;4649;0;0;896079;0;1;0;0;0;0;0;0;0;0;0;0;0;0;0;0;0;0;0;-1.44140625;0;0;40.17578125;1;0;0;0
30306;4.89208984375;-1.05419921875;13.94580078125;0;9.0537109375;0;0;0;0;0;0;0;0;0;0;0;0;0;0;0;0;0;0;4164;16.719999313354492;0;896079;0;1;0;1;0;0;0;0;0;0;0;0;0;0;0;0;0;1;0;-1.521484375;-1;0;39.641925811767578;1;0;0;0
30405;4.802001953125;-1.05419921875;13.94580078125;0;9.143798828125;0;0;0;0;0;0;0;0;0;0;0;0;0;0;0;0;0;0;3892;22.159999847412109;0;896079;0;1;0;1;0;0;0;0;0;0;0;0;0;0;0;0;0;1;0;-1.611572265625;-1;0;39.041339874267578;1;0;0;0
30506;4.701904296875;-1.05419921875;13.94580078125;0;9.243896484375;0;0;0;0;0;0;0;0;0;0;0;0;0;0;0;0;0;0;3717;25.659999847412109;0;896079;0;1;0;1;0;0;0;0;0;0;0;0;0;0;0;0;0;1;0;-1.711669921875;-1;0;38.3740234375;1;0;0;0
30607;4.61181640625;-1.05419921875;13.94580078125;0;9.333984375;0;0;0;0;0;0;0;0;0;0;0;0;0;0;0;0;0;0;3474;30.520000457763672;0;896079;0;1;0;1;0;0;0;0;0;0;0;0;0;0;0;0;0;1;0;-1.8017578125;-1;0;37.7734375;1;0;0;0
30709;4.61181640625;-1.05419921875;13.94580078125;0;9.333984375;0;0;0;0;0;0;0;0;0;0;0;0;0;0;0;0;0;0;3109;37.819999694824219;0;896079;0;1;0;1;0;0;0;0;0;0;0;0;0;0;0;0;0;0;0;-1.8017578125;0;0;37.7734375;1;0;0;0
30809;4.61181640625;-1.05419921875;13.94580078125;0;9.333984375;0;0;0;0;0;0;0;0;0;0;0;0;0;0;0;0;0;0;2644;47.119998931884766;0;896079;0;1;0;1;0;0;0;0;0;0;0;0;0;0;0;0;0;0;0;-1.8017578125;0;0;37.7734375;1;0;0;0
30909;4.61181640625;-1.05419921875;13.94580078125;0;9.333984375;0;0;0;0;0;0;0;0;0;0;0;0;0;0;0;0;0;0;2290;54.200000762939453;0;896079;0;1;0;1;0;0;0;0;0;0;0;0;0;0;0;0;0;0;0;-1.8017578125;0;0;37.7734375;1;0;0;0
31009;4.61181640625;-1.05419921875;13.94580078125;0;9.333984375;0;0;0;0;0;0;0;0;0;0;0;0;0;0;0;0;0;0;2155;56.900001525878906;0;896079;0;1;0;1;0;0;0;0;0;0;0;0;0;0;0;0;0;0;0;-1.8017578125;0;0;37.7734375;1;0;0;0
31110;4.61181640625;-1.05419921875;13.94580078125;0;9.333984375;0;0;0;0;0;0;0;0;0;0;0;0;0;0;0;0;0;0;1910;61.799995422363281;0;896079;0;1;0;1;0;0;0;0;0;0;0;0;0;0;0;0;0;0;0;-1.8017578125;0;0;37.7734375;1;0;0;0
31212;4.61181640625;-1.05419921875;13.94580078125;0;9.333984375;0;0;0;0;0;0;0;0;0;0;0;0;0;0;0;0;0;0;1565;68.699996948242188;0;896079;0;1;0;1;0;0;0;0;0;0;0;0;0;0;0;0;0;0;0;-1.8017578125;0;0;37.7734375;1;0;0;0
31310;4.61181640625;-1.05419921875;13.94580078125;0;9.333984375;0;0;0;0;0;0;0;0;0;0;0;0;0;0;0;0;0;0;1169;76.620002746582031;0;896079;0;1;0;1;0;0;0;0;0;0;0;0;0;0;0;0;0;0;0;-1.8017578125;0;0;37.7734375;1;0;0;0
31411;4.61181640625;-1.05419921875;13.94580078125;0;9.333984375;0;0;0;0;0;0;0;0;0;0;0;0;0;0;0;0;0;0;692;86.159996032714844;0;896079;0;1;0;1;0;0;0;0;0;0;0;0;0;0;0;0;0;0;0;-1.8017578125;0;0;37.7734375;1;0;0;0
31511;4.61181640625;-1.05419921875;13.94580078125;0;9.333984375;0;0;0;0;0;0;0;0;0;0;0;0;0;0;0;0;0;0;567;88.660003662109375;0;896079;0;1;0;1;0;0;0;0;0;0;0;0;0;0;0;0;0;0;0;-1.8017578125;0;0;37.7734375;1;0;0;0
31614;4.61181640625;-1.05419921875;13.94580078125;0;9.333984375;0;0;0;0;0;0;0;0;0;0;0;0;0;0;0;0;0;0;369;92.6199951171875;0;896079;0;1;0;1;0;0;0;0;0;0;0;0;0;0;0;0;0;0;0;-1.8017578125;0;0;37.7734375;1;0;0;0
31713;4.61181640625;-1.05419921875;13.94580078125;0;9.333984375;0;0;0;0;0;0;0;0;0;0;0;0;0;0;0;0;0;0;54;98.919998168945313;0;896079;0;1;0;1;0;0;0;0;0;0;0;0;0;0;0;0;0;0;0;-1.8017578125;0;0;37.7734375;1;0;0;0
31815;4.61181640625;-1.05419921875;13.94580078125;0;9.333984375;0;0;0;0;0;0;0;0;0;0;0;0;0;0;0;0;0;0;0;100;0;896079;0;1;0;1;0;0;0;0;0;0;0;0;0;0;0;0;0;0;0;-1.8017578125;0;0;37.7734375;1;0;0;0
31914;4.61181640625;-1.05419921875;13.94580078125;0;9.333984375;0;0;0;0;0;0;0;0;0;0;0;0;0;0;0;0;0;0;0;100;0;896079;0;1;0;1;0;0;0;0;0;0;0;0;0;0;0;0;0;0;0;-1.8017578125;0;0;37.7734375;1;0;0;0
32014;4.61181640625;-1.05419921875;13.94580078125;0;9.333984375;0;0;0;0;0;0;0;0;0;0;0;0;0;0;0;0;0;0;0;100;0;896079;0;1;0;1;0;0;0;0;0;0;0;0;0;0;0;0;0;0;0;-1.8017578125;0;0;37.7734375;1;0;0;0
32116;4.61181640625;-1.05419921875;13.94580078125;0;9.333984375;0;0;0;0;0;0;0;0;0;0;0;0;0;0;0;0;0;0;0;100;0;896079;0;1;0;1;0;0;0;0;0;0;0;0;0;0;0;0;0;0;0;-1.8017578125;0;0;37.7734375;1;0;0;0
32217;4.61181640625;-1.05419921875;13.94580078125;0;9.333984375;0;0;0;0;0;0;0;0;0;0;0;0;0;0;0;0;0;0;0;100;0;896079;0;1;0;1;0;0;0;0;0;0;0;0;0;0;0;0;0;0;0;-1.8017578125;0;0;37.7734375;1;0;0;0
32316;4.61181640625;-1.05419921875;13.94580078125;0;9.333984375;0;0;0;0;0;0;0;0;0;0;0;0;0;0;0;0;0;0;0;100;0;896079;0;1;0;1;0;0;0;0;0;0;0;0;0;0;0;0;0;0;0;-1.8017578125;0;0;37.7734375;1;0;0;0
32417;4.61181640625;-1.05419921875;13.94580078125;0;9.333984375;0;0;0;0;0;0;0;0;0;0;0;0;0;0;0;0;0;0;0;100;0;896079;0;1;0;1;0;0;0;0;0;0;0;0;0;0;0;0;0;0;0;-1.8017578125;0;0;37.7734375;1;0;0;0
32518;4.61181640625;-1.05419921875;13.94580078125;0;9.333984375;0;0;0;0;0;0;0;0;0;0;0;0;0;0;0;0;0;0;0;100;0;896079;0;1;0;1;0;0;0;0;0;0;0;0;0;0;0;0;0;0;0;-1.8017578125;0;0;37.7734375;1;0;0;0
32619;4.61181640625;-1.05419921875;13.94580078125;0;9.333984375;0;0;0;0;0;0;0;0;0;0;0;0;0;0;0;0;0;0;2500;50;0;896079;0;1;0;1;0;0;0;0;0;0;0;0;0;0;0;0;0;0;0;-1.8017578125;0;0;37.7734375;1;0;0;0
32720;4.61181640625;-1.05419921875;13.94580078125;0;9.333984375;0;0;0;0;0;0;0;0;0;0;0;0;0;0;0;0;0;0;4750;0;0;896079;0;1;0;1;0;0;0;0;0;0;0;0;0;0;0;0;0;0;0;-1.8017578125;0;0;37.7734375;1;0;0;0
32819;4.61181640625;-1.05419921875;13.94580078125;0;9.333984375;0;0;0;0;0;0;0;0;0;0;0;0;0;0;0;0;0;0;5000;0;0;896079;0;1;0;1;0;0;0;0;0;0;0;0;0;0;0;0;0;0;0;-1.8017578125;0;0;37.7734375;1;0;0;0
32920;4.61181640625;-1.05419921875;13.94580078125;0;9.333984375;0;0;0;0;0;0;0;0;0;0;0;0;0;0;0;0;0;0;5000;0;0;896079;0;1;0;1;0;0;0;0;0;0;0;0;0;0;0;0;0;0;0;-1.8017578125;0;0;37.7734375;1;0;0;0
33021;4.61181640625;-1.05419921875;13.94580078125;0;9.333984375;0;0;0;0;0;0;0;0;0;0;0;0;0;0;0;0;0;0;5000;0;0;896079;0;1;0;1;0;0;0;0;0;0;0;0;0;0;0;0;0;0;0;-1.8017578125;0;0;37.7734375;1;0;0;0
33123;4.61181640625;-1.05419921875;13.94580078125;0;9.333984375;0;0;0;0;0;0;0;0;0;0;0;0;0;0;0;0;0;0;5000;0;0;896079;0;1;0;1;0;0;0;0;0;0;0;0;0;0;0;0;0;0;0;-1.8017578125;0;0;37.7734375;1;0;0;0
33222;4.61181640625;-1.05419921875;13.94580078125;0;9.333984375;0;0;0;0;0;0;0;0;0;0;0;0;0;0;0;0;0;0;5000;0;0;896079;0;1;0;1;0;0;0;0;0;0;0;0;0;0;0;0;0;0;0;-1.8017578125;0;0;37.7734375;1;0;0;0
33323;4.61181640625;-1.05419921875;13.94580078125;0;9.333984375;0;0;0;0;0;0;0;0;0;0;0;0;0;0;0;0;0;0;5000;0;0;896079;0;1;0;1;0;0;0;0;0;0;0;0;0;0;0;0;0;0;0;-1.8017578125;0;0;37.7734375;1;0;0;0
33425;4.61181640625;-1.05419921875;13.94580078125;0;9.333984375;0;0;0;0;0;0;0;0;0;0;0;0;0;0;0;0;0;0;5000;0;0;896079;0;1;0;0;0;0;0;0;0;0;0;0;0;0;0;0;0;0;0;-1.8017578125;0;0;37.7734375;1;0;0;0
33525;4.61181640625;-1.05419921875;13.94580078125;0;9.333984375;0;0;0;0;0;0;0;0;0;0;0;0;0;0;0;0;0;0;5000;0;0;896079;0;1;0;0;0;0;0;0;0;0;0;0;0;0;0;0;0;0;0;-1.8017578125;0;0;37.7734375;1;0;0;0
33625;4.61181640625;-1.05419921875;13.94580078125;0;9.333984375;0;0;0;0;0;0;0;0;0;0;0;0;0;0;0;0;0;0;5000;0;0;896079;0;1;0;0;0;0;0;0;0;0;0;0;0;0;0;0;0;0;0;-1.8017578125;0;0;37.7734375;1;0;0;0
33725;4.61181640625;-1.05419921875;13.94580078125;0;9.333984375;0;0;0;0;0;0;0;0;0;0;0;0;0;0;0;0;0;0;5000;0;0;896079;0;1;0;0;0;0;0;0;0;0;0;0;0;0;0;0;0;0;0;-1.8017578125;0;0;37.7734375;1;0;0;0
33826;4.61181640625;-1.05419921875;13.94580078125;0;9.333984375;0;0;0;0;0;0;0;0;0;0;0;0;0;0;0;0;0;0;5000;0;0;896079;0;1;0;0;0;0;0;0;0;0;0;0;0;0;0;0;0;0;0;-1.8017578125;0;0;37.7734375;1;0;0;0
33927;4.61181640625;-1.05419921875;13.94580078125;0;9.333984375;0;0;0;0;0;0;0;0;0;0;0;0;0;0;0;0;0;0;5000;0;0;896079;0;1;0;0;0;0;0;0;0;0;0;0;0;0;0;0;0;0;0;-1.8017578125;0;0;37.7734375;1;0;0;0
34027;4.61181640625;-1.05419921875;13.94580078125;0;9.333984375;0;0;0;0;0;0;0;0;0;0;0;0;0;0;0;0;0;0;5000;0;0;896079;0;1;0;0;0;0;0;0;0;0;0;0;0;0;0;0;0;0;0;-1.8017578125;0;0;37.7734375;1;0;0;0
34127;4.61181640625;-1.05419921875;13.94580078125;0;9.333984375;0;0;0;0;0;0;0;0;0;0;0;0;0;0;0;0;0;0;5205;0;0;896079;0;1;0;0;0;0;0;0;0;0;0;0;0;0;0;0;0;0;0;-1.8017578125;0;0;37.7734375;1;0;0;0
34228;4.641845703125;-1.024169921875;13.975830078125;0;9.333984375;0;1;1;0;0;0;0;0;0;1;1;0;0;0;0;0;0;0;5385;7.6999998092651367;0;896079;0;1;0;1;0;0;0;0;0;0;0;0;0;0;0;0;0;1;1;-1.8017578125;1;1;37.7734375;1;1;0;0
34329;4.73193359375;-0.93408203125;14.06591796875;0;9.333984375;0;1;1;0;0;0;0;0;0;1;1;0;0;0;0;0;0;0;5646;13.600000381469727;0;896079;0;1;0;1;0;0;0;0;0;0;0;0;0;0;0;0;0;1;1;-1.8017578125;1;1;37.7734375;1;1;0;0
34431;4.83203125;-0.833984375;14.166015625;0;9.333984375;0;1;1;0;0;0;0;0;0;1;1;0;0;0;0;0;0;0;6031;20.6200008392334;0;896079;0;1;0;1;0;0;0;0;0;0;0;0;0;0;0;0;0;1;1;-1.8017578125;1;1;37.7734375;1;1;0;0
34531;4.93212890625;-0.73388671875;14.26611328125;0;9.333984375;0;1;1;0;0;0;0;0;0;1;1;0;0;0;0;0;0;0;6516;30.319999694824219;0;896079;0;1;0;1;0;0;0;0;0;0;0;0;0;0;0;0;0;1;1;-1.8017578125;1;1;37.7734375;1;1;0;0
34631;5.022216796875;-0.643798828125;14.356201171875;0;9.333984375;0;1;1;0;0;0;0;0;0;1;1;0;0;0;0;0;0;0;6788;35.760002136230469;0;896079;0;1;0;1;0;0;0;0;0;0;0;0;0;0;0;0;0;1;1;-1.8017578125;1;1;37.7734375;1;1;0;0
34732;5.122314453125;-0.543701171875;14.456298828125;0;9.333984375;0;1;1;0;0;0;0;0;0;1;1;0;0;0;0;0;0;0;6963;39.2599983215332;0;896079;0;1;0;1;0;0;0;0;0;0;0;0;0;0;0;0;0;1;1;-1.8017578125;1;1;37.7734375;1;1;0;0
34831;5.21240234375;-0.45361328125;14.54638671875;0;9.333984375;0;1;1;0;0;0;0;0;0;1;1;0;0;0;0;0;0;0;7206;44.119998931884766;0;896079;0;1;0;1;0;0;0;0;0;0;0;0;0;0;0;0;0;1;1;-1.8017578125;1;1;37.7734375;1;1;0;0
34933;5.302490234375;-0.363525390625;14.636474609375;0;9.333984375;0;1;1;0;0;0;0;0;0;1;1;0;0;0;0;0;0;0;7530;50.599998474121094;0;896079;0;1;0;1;0;0;0;0;0;0;0;0;0;0;0;0;0;1;1;-1.8017578125;1;1;37.7734375;1;1;0;0
35034;5.402587890625;-0.263427734375;14.736572265625;0;9.333984375;0;1;1;0;0;0;0;0;0;1;1;0;0;0;0;0;0;0;7985;59.700000762939453;0;896079;0;1;0;1;0;0;0;0;0;0;0;0;0;0;0;0;0;1;1;-1.8017578125;1;1;37.7734375;1;1;0;0
35135;5.502685546875;-0.163330078125;14.836669921875;0;9.333984375;0;1;1;0;0;0;0;0;0;1;1;0;0;0;0;0;0;0;8390;67.799995422363281;0;896079;0;1;0;1;0;0;0;0;0;0;0;0;0;0;0;0;0;1;1;-1.8017578125;1;1;37.7734375;1;1;0;0
35234;5.5927734375;-0.0732421875;14.9267578125;0;9.333984375;0;1;1;0;0;0;0;0;0;1;1;0;0;0;0;0;0;0;8525;70.5;0;896079;0;1;0;1;0;0;0;0;0;0;0;0;0;0;0;0;0;1;1;-1.8017578125;1;1;37.7734375;1;1;0;0
35336;5.682861328125;0.016845703125;15.016845703125;0;9.333984375;0;1;1;0;0;0;0;0;0;1;1;0;0;0;0;0;0;0;8741;74.819999694824219;0;896079;0;1;0;1;0;0;0;0;0;0;0;0;0;0;0;0;0;1;1;-1.8017578125;1;1;37.7734375;1;1;0;0
35435;5.782958984375;0.116943359375;15.116943359375;0;9.333984375;0;0;0;0;0;0;0;0;0;0;0;0;0;0;0;0;0;0;9076;81.5199966430664;0;896079;0;1;0;1;0;0;0;0;0;0;0;0;0;0;0;0;0;1;1;-1.8017578125;1;1;37.7734375;1;1;0;0
35537;5.873046875;0.20703125;15.20703125;0;9.333984375;0;0;0;0;0;0;0;0;0;0;0;0;0;0;0;0;0;0;9463;89.260002136230469;0;896079;0;1;0;1;0;0;0;0;0;0;0;0;0;0;0;0;0;1;1;-1.8017578125;1;1;37.7734375;1;1;0;0
35637;5.97314453125;0.30712890625;15.30712890625;0;9.333984375;0;0;0;0;0;0;0;0;0;0;0;0;0;0;0;0;0;0;9988;99.760002136230469;0;896079;0;1;0;1;0;0;0;0;0;0;0;0;0;0;0;0;0;1;1;-1.8017578125;1;1;37.7734375;1;1;0;0
35738;6.05322265625;0.397216796875;15.397216796875;0;9.343994140625;0;0;0;0;0;0;0;0;0;0;0;0;0;0;0;0;0;0;10000;100;0;896079;0;1;0;1;0;0;0;0;0;0;0;0;0;0;0;0;0;0;1;-1.811767578125;0;1;37.706707000732422;1;1;0;0
35838;6.05322265625;0.4072265625;15.4072265625;0;9.35400390625;0;0;0;0;0;0;0;0;0;0;0;0;0;0;0;0;0;0;10000;100;0;896079;0;1;0;1;0;0;0;0;0;0;0;0;0;0;0;0;0;0;0;-1.82177734375;0;0;37.639972686767578;1;1;0;0
35940;6.05322265625;0.4072265625;15.4072265625;0;9.35400390625;0;0;0;0;0;0;0;0;0;0;0;0;0;0;0;0;0;0;10000;100;0;896079;0;1;0;1;0;0;0;0;0;0;0;0;0;0;0;0;0;0;0;-1.82177734375;0;0;37.639972686767578;1;1;0;0
36040;6.05322265625;0.4072265625;15.4072265625;0;9.35400390625;0;0;0;0;0;0;0;0;0;0;0;0;0;0;0;0;0;0;10000;100;0;896079;0;1;0;1;0;0;0;0;0;0;0;0;0;0;0;0;0;0;0;-1.82177734375;0;0;37.639972686767578;1;1;0;0
36141;6.05322265625;0.4072265625;15.4072265625;0;9.35400390625;0;0;0;0;0;0;0;0;0;0;0;0;0;0;0;0;0;0;10000;100;0;896079;0;1;0;1;0;0;0;0;0;0;0;0;0;0;0;0;0;0;0;-1.82177734375;0;0;37.639972686767578;1;1;0;0
36242;6.05322265625;0.4072265625;15.4072265625;0;9.35400390625;0;0;0;0;0;0;0;0;0;0;0;0;0;0;0;0;0;0;10000;100;0;896079;0;1;0;1;0;0;0;0;0;0;0;0;0;0;0;0;0;0;0;-1.82177734375;0;0;37.639972686767578;1;1;0;0
36342;6.05322265625;0.4072265625;15.4072265625;0;9.35400390625;0;0;0;0;0;0;0;0;0;0;0;0;0;0;0;0;0;0;10000;100;0;896079;0;1;0;1;0;0;0;0;0;0;0;0;0;0;0;0;0;0;0;-1.82177734375;0;0;37.639972686767578;1;1;0;0
36441;6.05322265625;0.4072265625;15.4072265625;0;9.35400390625;0;0;0;0;0;0;0;0;0;0;0;0;0;0;0;0;0;0;10000;100;0;896079;0;1;0;1;0;0;0;0;0;0;0;0;0;0;0;0;0;0;0;-1.82177734375;0;0;37.639972686767578;1;1;0;0
36541;6.05322265625;0.4072265625;15.4072265625;0;9.35400390625;0;0;0;0;0;0;0;0;0;0;0;0;0;0;0;0;0;0;10000;100;0;896079;0;1;0;1;0;0;0;0;0;0;0;0;0;0;0;0;0;0;0;-1.82177734375;0;0;37.639972686767578;1;1;0;0
36644;6.05322265625;0.4072265625;15.4072265625;0;9.35400390625;0;0;0;0;0;0;0;0;0;0;0;0;0;0;0;0;0;0;10000;100;0;896079;0;1;0;1;0;0;0;0;0;0;0;0;0;0;0;0;0;0;0;-1.82177734375;0;0;37.639972686767578;1;1;0;0
36744;6.05322265625;0.4072265625;15.4072265625;0;9.35400390625;0;0;0;0;0;0;0;0;0;0;0;0;0;0;0;0;0;0;10000;100;0;896079;0;1;0;1;0;0;0;0;0;0;0;0;0;0;0;0;0;0;0;-1.82177734375;0;0;37.639972686767578;1;1;0;0
36845;6.05322265625;0.4072265625;15.4072265625;0;9.35400390625;0;0;0;0;0;0;0;0;0;0;0;0;0;0;0;0;0;0;10000;100;0;896079;0;1;0;1;0;0;0;0;0;0;0;0;0;0;0;0;0;0;0;-1.82177734375;0;0;37.639972686767578;1;1;0;0
36944;6.05322265625;0.4072265625;15.4072265625;0;9.35400390625;0;0;0;0;0;0;0;0;0;0;0;0;0;0;0;0;0;0;10000;100;0;896079;0;1;0;1;0;0;0;0;0;0;0;0;0;0;0;0;0;0;0;-1.82177734375;0;0;37.639972686767578;1;1;0;0
37046;6.05322265625;0.4072265625;15.4072265625;0;9.35400390625;0;0;0;0;0;0;0;0;0;0;0;0;0;0;0;0;0;0;10000;100;0;896079;0;1;0;1;0;0;0;0;0;0;0;0;0;0;0;0;0;0;0;-1.82177734375;0;0;37.639972686767578;1;1;0;0
37145;6.05322265625;0.4072265625;15.4072265625;0;9.35400390625;0;0;0;0;0;0;0;0;0;0;0;0;0;0;0;0;0;0;10000;100;0;896079;0;1;0;1;0;0;0;0;0;0;0;0;0;0;0;0;0;0;0;-1.82177734375;0;0;37.639972686767578;1;1;0;0
37247;6.05322265625;0.4072265625;15.4072265625;0;9.35400390625;0;0;0;0;0;0;0;0;0;0;0;0;0;0;0;0;0;0;10000;100;0;896079;0;1;0;1;0;0;0;0;0;0;0;0;0;0;0;0;0;0;0;-1.82177734375;0;0;37.639972686767578;1;1;0;0
37347;6.05322265625;0.4072265625;15.4072265625;0;9.35400390625;0;0;0;0;0;0;0;0;0;0;0;0;0;0;0;0;0;0;10000;100;0;896079;0;1;0;1;0;0;0;0;0;0;0;0;0;0;0;0;0;0;0;-1.82177734375;0;0;37.639972686767578;1;1;0;0
37447;6.05322265625;0.4072265625;15.4072265625;0;9.35400390625;0;0;0;0;0;0;0;0;0;0;0;0;0;0;0;0;0;0;10000;100;0;896079;0;1;0;1;0;0;0;0;0;0;0;0;0;0;0;0;0;0;0;-1.82177734375;0;0;37.639972686767578;1;1;0;0
37548;6.05322265625;0.4072265625;15.4072265625;0;9.35400390625;0;0;0;0;0;0;0;0;0;0;0;0;0;0;0;0;0;0;10000;100;0;896079;0;1;0;1;0;0;0;0;0;0;0;0;0;0;0;0;0;0;0;-1.82177734375;0;0;37.639972686767578;1;1;0;0
37648;6.05322265625;0.4072265625;15.4072265625;0;9.35400390625;0;0;0;0;0;0;0;0;0;0;0;0;0;0;0;0;0;0;10000;100;0;896079;0;1;0;1;0;0;0;0;0;0;0;0;0;0;0;0;0;0;0;-1.82177734375;0;0;37.639972686767578;1;1;0;0
37749;6.05322265625;0.4072265625;15.4072265625;0;9.35400390625;0;0;0;0;0;0;0;0;0;0;0;0;0;0;0;0;0;0;7500;50;0;896079;0;1;0;1;0;0;0;0;0;0;0;0;0;0;0;0;0;0;0;-1.82177734375;0;0;37.639972686767578;1;1;0;0
37849;6.05322265625;0.4072265625;15.4072265625;0;9.35400390625;0;0;0;0;0;0;0;0;0;0;0;0;0;0;0;0;0;0;5250;0;0;896079;0;1;0;1;0;0;0;0;0;0;0;0;0;0;0;0;0;0;0;-1.82177734375;0;0;37.639972686767578;1;0;0;0
37950;6.05322265625;0.4072265625;15.4072265625;0;9.35400390625;0;0;0;0;0;0;0;0;0;0;0;0;0;0;0;0;0;0;5000;0;0;896079;0;1;0;0;0;0;0;0;0;0;0;0;0;0;0;0;0;0;0;-1.82177734375;0;0;37.639972686767578;1;0;0;0
38050;6.05322265625;0.4072265625;15.4072265625;0;9.35400390625;0;0;0;0;0;0;0;0;0;0;0;0;0;0;0;0;0;0;5000;0;0;896079;0;1;0;0;0;0;0;0;0;0;0;0;0;0;0;0;0;0;0;-1.82177734375;0;0;37.639972686767578;1;0;0;0
38151;6.05322265625;0.4072265625;15.4072265625;0;9.35400390625;0;0;0;0;0;0;0;0;0;0;0;0;0;0;0;0;0;0;5000;0;0;896079;0;1;0;0;0;0;0;0;0;0;0;0;0;0;0;0;0;0;0;-1.82177734375;0;0;37.639972686767578;1;0;0;0
38251;6.05322265625;0.4072265625;15.4072265625;0;9.35400390625;0;0;0;0;0;0;0;0;0;0;0;0;0;0;0;0;0;0;5000;0;0;896079;0;1;0;0;0;0;0;0;0;0;0;0;0;0;0;0;0;0;0;-1.82177734375;0;0;37.639972686767578;1;0;0;0
38352;6.05322265625;0.4072265625;15.4072265625;0;9.35400390625;0;0;0;0;0;0;0;0;0;0;0;0;0;0;0;0;0;0;5000;0;0;896079;0;1;0;0;0;0;0;0;0;0;0;0;0;0;0;0;0;0;0;-1.82177734375;0;0;37.639972686767578;1;0;0;0
38452;6.05322265625;0.4072265625;15.4072265625;0;9.35400390625;0;0;0;0;0;0;0;0;0;0;0;0;0;0;0;0;0;0;5000;0;0;896079;0;1;0;0;0;0;0;0;0;0;0;0;0;0;0;0;0;0;0;-1.82177734375;0;0;37.639972686767578;1;0;0;0
38554;6.05322265625;0.4072265625;15.4072265625;0;9.35400390625;0;0;0;0;0;0;0;0;0;0;0;0;0;0;0;0;0;0;5000;0;0;896079;0;1;0;0;0;0;0;0;0;0;0;0;0;0;0;0;0;0;0;-1.82177734375;0;0;37.639972686767578;1;0;0;0
38655;6.05322265625;0.4072265625;15.4072265625;0;9.35400390625;0;0;0;0;0;0;0;0;0;0;0;0;0;0;0;0;0;0;5000;0;0;896079;0;1;0;0;0;0;0;0;0;0;0;0;0;0;0;0;0;0;0;-1.82177734375;0;0;37.639972686767578;1;0;0;0
38756;6.05322265625;0.4072265625;15.4072265625;0;9.35400390625;0;0;0;0;0;0;0;0;0;0;0;0;0;0;0;0;0;0;5000;0;0;896079;0;1;0;0;0;0;0;0;0;0;0;0;0;0;0;0;0;0;0;-1.82177734375;0;0;37.639972686767578;1;0;0;0
38857;6.05322265625;0.4072265625;15.4072265625;0;9.35400390625;0;0;0;0;0;0;0;0;0;0;0;0;0;0;0;0;0;0;5000;0;0;896079;0;1;0;0;0;0;0;0;0;0;0;0;0;0;0;0;0;0;0;-1.82177734375;0;0;37.639972686767578;1;0;0;0
38956;6.05322265625;0.4072265625;15.4072265625;0;9.35400390625;0;0;0;0;0;0;0;0;0;0;0;0;0;0;0;0;0;0;5000;0;0;896079;0;1;0;0;0;0;0;0;0;0;0;0;0;0;0;0;0;0;0;-1.82177734375;0;0;37.639972686767578;1;0;0;0
39058;6.05322265625;0.4072265625;15.4072265625;0;9.35400390625;0;0;0;0;0;0;0;0;0;0;0;0;0;0;0;0;0;0;5000;0;0;896079;0;1;0;0;0;0;0;0;0;0;0;0;0;0;0;0;0;0;0;-1.82177734375;0;0;37.639972686767578;1;0;0;0
39159;6.05322265625;0.4072265625;15.4072265625;0;9.35400390625;0;0;0;0;0;0;0;0;0;0;0;0;0;0;0;0;0;0;5000;0;0;896079;0;1;0;0;0;0;0;0;0;0;0;0;0;0;0;0;0;0;0;-1.82177734375;0;0;37.639972686767578;1;0;0;0
39260;6.05322265625;0.4072265625;15.4072265625;0;9.35400390625;0;0;0;0;0;0;0;0;0;0;0;0;0;0;0;0;0;0;5000;0;0;896079;0;1;0;0;0;0;0;0;0;0;0;0;0;0;0;0;0;0;0;-1.82177734375;0;0;37.639972686767578;1;0;0;0
39360;6.05322265625;0.4072265625;15.4072265625;0;9.35400390625;0;0;0;0;0;0;0;0;0;0;0;0;0;0;0;0;0;0;5000;0;0;896079;0;1;0;0;0;0;0;0;0;0;0;0;0;0;0;0;0;0;0;-1.82177734375;0;0;37.639972686767578;1;0;0;0
39459;6.05322265625;0.4072265625;15.4072265625;0;9.35400390625;0;0;0;0;0;0;0;0;0;0;0;0;0;0;0;0;0;0;5000;0;0;896079;0;1;0;0;0;0;0;0;0;0;0;0;0;0;0;0;0;0;0;-1.82177734375;0;0;37.639972686767578;1;0;0;0
39561;6.05322265625;0.4072265625;15.4072265625;0;9.35400390625;0;0;0;0;0;0;0;0;0;0;0;0;0;0;0;0;0;0;5000;0;0;896079;0;1;0;0;0;0;0;0;0;0;0;0;0;0;0;0;0;0;0;-1.82177734375;0;0;37.639972686767578;1;0;0;0
39661;6.05322265625;0.4072265625;15.4072265625;0;9.35400390625;0;0;0;0;0;0;0;0;0;0;0;0;0;0;0;0;0;0;5000;0;0;896079;0;1;0;0;0;0;0;0;0;0;0;0;0;0;0;0;0;0;0;-1.82177734375;0;0;37.639972686767578;1;0;0;0
39760;6.05322265625;0.4072265625;15.4072265625;0;9.35400390625;0;0;0;0;0;0;0;0;0;0;0;0;0;0;0;0;0;0;5000;0;0;896079;0;1;0;0;0;0;0;0;0;0;0;0;0;0;0;0;0;0;0;-1.82177734375;0;0;37.639972686767578;1;0;0;0
39863;6.05322265625;0.4072265625;15.4072265625;0;9.35400390625;0;0;0;0;0;0;0;0;0;0;0;0;0;0;0;0;0;0;5000;0;0;896079;0;1;0;0;0;0;0;0;0;0;0;0;0;0;0;0;0;0;0;-1.82177734375;0;0;37.639972686767578;1;0;0;0
39963;6.05322265625;0.4072265625;15.4072265625;0;9.35400390625;0;0;0;0;0;0;0;0;0;0;0;0;0;0;0;0;0;0;5000;0;0;896079;0;1;0;0;0;0;0;0;0;0;0;0;0;0;0;0;0;0;0;-1.82177734375;0;0;37.639972686767578;1;0;0;0
40063;6.05322265625;0.4072265625;15.4072265625;0;9.35400390625;0;0;0;0;0;0;0;0;0;0;0;0;0;0;0;0;0;0;5000;0;0;896079;0;1;0;0;0;0;0;0;0;0;0;0;0;0;0;0;0;0;0;-1.82177734375;0;0;37.639972686767578;1;0;0;0
40164;6.05322265625;0.4072265625;15.4072265625;0;9.35400390625;0;0;0;0;0;0;0;0;0;0;0;0;0;0;0;0;0;0;5000;0;0;896079;0;1;0;0;0;0;0;0;0;0;0;0;0;0;0;0;0;0;0;-1.82177734375;0;0;37.639972686767578;1;0;0;0
40264;6.05322265625;0.4072265625;15.4072265625;0;9.35400390625;0;0;0;0;0;0;0;0;0;0;0;0;0;0;0;0;0;0;5000;0;0;896079;0;1;0;0;0;0;0;0;0;0;0;0;0;0;0;0;0;0;0;-1.82177734375;0;0;37.639972686767578;1;0;0;0
40363;6.05322265625;0.4072265625;15.4072265625;0;9.35400390625;0;0;0;0;0;0;0;0;0;0;0;0;0;0;0;0;0;0;5000;0;0;896079;0;1;0;0;0;0;0;0;0;0;0;0;0;0;0;0;0;0;0;-1.82177734375;0;0;37.639972686767578;1;0;0;0
40465;6.05322265625;0.4072265625;15.4072265625;0;9.35400390625;0;0;0;0;0;0;0;0;0;0;0;0;0;0;0;0;0;0;5000;0;0;896079;0;1;0;0;0;0;0;0;0;0;0;0;0;0;0;0;0;0;0;-1.82177734375;0;0;37.639972686767578;1;0;0;0
40565;6.05322265625;0.4072265625;15.4072265625;0;9.35400390625;0;0;0;0;0;0;0;0;0;0;0;0;0;0;0;0;0;0;5000;0;0;896079;0;1;0;0;0;0;0;0;0;0;0;0;0;0;0;0;0;0;0;-1.82177734375;0;0;37.639972686767578;1;0;0;0
40667;6.05322265625;0.4072265625;15.4072265625;0;9.35400390625;0;0;0;0;0;0;0;0;0;0;0;0;0;0;0;0;0;0;5243;0;0;896079;0;1;0;0;0;0;0;0;0;0;0;0;0;0;0;0;0;0;0;-1.82177734375;0;0;37.639972686767578;1;0;0;0
40767;6.05322265625;0.4072265625;15.4072265625;0;9.35400390625;0;0;0;0;0;0;0;0;0;0;0;0;0;0;0;0;0;0;5608;12.159999847412109;0;896079;0;1;0;1;0;0;0;0;0;0;0;0;0;0;0;0;0;0;0;0;0;0;37.639972686767578;1;0;0;0
40869;6.05322265625;0.4072265625;15.4072265625;0;9.35400390625;0;0;0;0;0;0;0;0;0;0;0;0;0;0;0;0;0;0;6073;21.459999084472656;0;896079;0;1;0;1;0;0;0;0;0;0;0;0;0;0;0;0;0;0;0;0;0;0;37.639972686767578;1;0;0;0
40969;6.05322265625;0.4072265625;15.4072265625;0;9.35400390625;0;0;0;0;0;0;0;0;0;0;0;0;0;0;0;0;0;0;6427;28.540000915527344;0;896079;0;1;0;1;0;0;0;0;0;0;0;0;0;0;0;0;0;0;0;0;0;0;37.639972686767578;1;0;0;0
41069;6.05322265625;0.4072265625;15.4072265625;0;9.35400390625;0;0;0;0;0;0;0;0;0;0;0;0;0;0;0;0;0;0;6582;31.639999389648438;0;896079;0;1;0;1;0;0;0;0;0;0;0;0;0;0;0;0;0;0;0;0;0;0;37.639972686767578;1;0;0;0
41169;6.05322265625;0.4072265625;15.4072265625;0;9.35400390625;0;0;0;0;0;0;0;0;0;0;0;0;0;0;0;0;0;0;6837;36.739997863769531;0;896079;0;1;0;1;0;0;0;0;0;0;0;0;0;0;0;0;0;0;0;0;0;0;37.639972686767578;1;0;0;0
41270;6.05322265625;0.4072265625;15.4072265625;0;9.35400390625;0;0;0;0;0;0;0;0;0;0;0;0;0;0;0;0;0;0;7152;43.040000915527344;0;896079;0;1;0;1;0;0;0;0;0;0;0;0;0;0;0;0;0;0;0;0;0;0;37.639972686767578;1;0;0;0
41371;6.05322265625;0.4072265625;15.4072265625;0;9.35400390625;0;0;0;0;0;0;0;0;0;0;0;0;0;0;0;0;0;0;7597;51.939998626708984;0;896079;0;1;0;1;0;0;0;0;0;0;0;0;0;0;0;0;0;0;0;0;0;0;37.639972686767578;1;0;0;0
41473;6.05322265625;0.4072265625;15.4072265625;0;9.35400390625;0;0;0;0;0;0;0;0;0;0;0;0;0;0;0;0;0;0;8033;60.659999847412109;0;896079;0;1;0;1;0;0;0;0;0;0;0;0;0;0;0;0;0;0;0;0;0;0;37.639972686767578;1;0;0;0
41572;6.05322265625;0.4072265625;15.4072265625;0;9.35400390625;0;0;0;0;0;0;0;0;0;0;0;0;0;0;0;0;0;0;8168;63.360000610351563;0;896079;0;1;0;1;0;0;0;0;0;0;0;0;0;0;0;0;0;0;0;0;0;0;37.639972686767578;1;0;0;0
41672;6.05322265625;0.4072265625;15.4072265625;0;9.35400390625;0;0;0;0;0;0;0;0;0;0;0;0;0;0;0;0;0;0;8375;67.5;0;896079;0;1;0;1;0;0;0;0;0;0;0;0;0;0;0;0;0;0;0;0;0;0;37.639972686767578;1;0;0;0
41773;6.05322265625;0.4072265625;15.4072265625;0;9.35400390625;0;0;0;0;0;0;0;0;0;0;0;0;0;0;0;0;0;0;8663;73.259994506835938;0;896079;0;1;0;1;0;0;0;0;0;0;0;0;0;0;0;0;0;0;0;0;0;0;37.639972686767578;1;0;0;0
41871;6.05322265625;0.4072265625;15.4072265625;0;9.35400390625;0;0;0;0;0;0;0;0;0;0;0;0;0;0;0;0;0;0;9078;81.55999755859375;0;896079;0;1;0;1;0;0;0;0;0;0;0;0;0;0;0;0;0;0;0;0;0;0;37.639972686767578;1;0;0;0
41972;6.05322265625;0.477294921875;15.477294921875;0;9.424072265625;0;0;0;0;0;0;0;0;0;1;1;0;0;0;0;0;0;0;9537;90.739997863769531;0;896079;0;1;0;1;0;0;0;0;0;0;0;0;0;0;0;0;0;0;1;0;0;1;37.1728515625;1;0;0;0
42074;6.05322265625;0.577392578125;15.577392578125;0;9.524169921875;0;0;0;0;0;0;0;0;0;1;1;0;0;0;0;0;0;0;9742;94.840003967285156;0;896079;0;1;0;1;0;0;0;0;0;0;0;0;0;0;0;0;0;0;1;0;0;1;36.505535125732422;1;0;0;0
42173;6.05322265625;0.66748046875;15.66748046875;0;9.6142578125;0;0;0;0;0;0;0;0;0;1;1;0;0;0;0;0;0;0;9922;98.439994812011719;0;896079;0;1;0;1;0;0;0;0;0;0;0;0;0;0;0;0;0;0;1;0;0;1;35.904949188232422;1;0;0;0
42274;6.05322265625;0.767578125;15.767578125;0;9.71435546875;0;0;0;0;0;0;0;0;0;1;1;0;0;0;0;0;0;0;10000;100;0;896079;0;1;0;1;0;0;0;0;0;0;0;0;0;0;0;0;0;0;1;0;0;1;35.237628936767578;1;0;0;0
42374;6.05322265625;0.857666015625;15.857666015625;0;9.804443359375;0;0;0;0;0;0;0;0;0;1;1;0;0;0;0;0;0;0;10000;100;0;896079;0;1;0;1;0;0;0;0;0;0;0;0;0;0;0;0;0;0;1;0;0;1;34.637042999267578;1;0;0;0
42475;6.05322265625;0.957763671875;15.957763671875;0;9.904541015625;0;0;0;0;0;0;0;0;0;1;1;0;0;0;0;0;0;0;10000;100;0;896079;0;1;0;1;0;0;0;0;0;0;0;0;0;0;0;0;0;0;1;0;0;1;33.9697265625;1;0;0;0
42574;6.05322265625;1.0478515625;16.0478515625;0;9.99462890625;0;0;0;0;0;0;0;0;0;1;1;0;0;0;0;0;0;0;10000;100;0;896079;0;1;0;1;0;0;0;0;0;0;0;0;0;0;0;0;0;0;1;0;0;1;33.369140625;1;0;0;0
42676;6.05322265625;1.152587890625;16.152587890625;0;10.099365234375;0;0;0;0;0;0;0;0;0;1;1;0;0;0;0;0;0;0;10000;100;0;896079;0;1;0;1;0;0;0;0;0;0;0;0;0;0;0;0;0;0;1.25;0;0;1.25;32.6708984375;1;0;0;0
42776;6.05322265625;1.277099609375;16.277099609375;0;10.223876953125;0;0;0;0;0;0;0;0;0;1;1;0;0;0;0;0;0;0;10000;100;0;896079;0;1;0;1;0;0;0;0;0;0;0;0;0;0;0;0;0;0;1.25;0;0;1.25;31.8408203125;1;0;0;0
42878;6.05322265625;1.401611328125;16.401611328125;0;10.348388671875;0;0;0;0;0;0;0;0;0;1;1;0;0;0;0;0;0;0;10000;100;0;896079;0;1;0;1;0;0;0;0;0;0;0;0;0;0;0;0;0;0;1.25;0;0;1.25;31.0107421875;1;0;0;0
42978;6.05322265625;1.513671875;16.513671875;0;10.46044921875;0;0;0;0;0;0;0;0;0;1;1;0;0;0;0;0;0;0;10000;100;0;896079;0;1;0;1;0;0;0;0;0;0;0;0;0;0;0;0;0;0;1.25;0;0;1.25;30.263671875;1;0;0;0
43079;6.05322265625;1.63818359375;16.63818359375;0;10.5849609375;0;0;0;0;0;0;0;0;0;1;1;0;1;0;0;0;0;0;10000;100;0;896079;0;1;0;1;0;0;0;0;0;0;0;0;0;0;0;0;0;0;1.25;0;0;1.25;29.43359375;1;0;0;0
43181;6.05322265625;1.750244140625;16.750244140625;0;10.697021484375;0;0;0;0;0;0;0;0;0;1;1;0;1;0;0;0;0;0;10000;100;0;896079;0;1;0;1;0;0;0;0;0;0;0;0;0;0;0;0;0;0;1.25;0;0;1.25;28.6865234375;1;0;0;0
43283;6.05322265625;1.874755859375;16.874755859375;0;10.821533203125;0;0;0;0;0;0;0;0;0;1;1;0;1;0;0;0;0;0;10000;100;0;896079;0;1;0;1;0;0;0;0;0;0;0;0;0;0;0;0;0;0;1.25;0;0;1.25;27.8564453125;1;0;0;0
43383;6.05322265625;1.98681640625;16.98681640625;0;10.93359375;0;0;0;0;0;0;0;0;0;1;1;0;1;0;0;0;0;0;10000;100;0;896079;0;1;0;1;0;0;0;0;0;0;0;0;0;0;0;0;0;0;1.25;0;0;1.25;27.109375;1;0;0;0
43484;6.05322265625;2.111328125;17.111328125;0;11.05810546875;0;0;0;0;0;0;0;0;0;1;1;0;1;0;0;0;0;0;10000;100;0;896079;0;1;0;1;0;0;0;0;0;0;0;0;0;0;0;0;0;0;1.25;0;0;1.25;26.279296875;1;0;0;0
43584;6.05322265625;2.223388671875;17.223388671875;0;11.170166015625;0;0;0;0;0;0;0;0;0;1;1;0;1;0;0;0;0;0;10000;100;0;896079;0;1;0;1;0;0;0;0;0;0;0;0;0;0;0;0;0;0;1.25;0;0;1.25;25.5322265625;1;0;0;0
43685;6.05322265625;2.33544921875;17.33544921875;0;11.2822265625;0;0;0;0;0;0;0;0;0;1;1;0;1;0;0;0;0;0;10000;100;0;896079;0;1;0;1;0;0;0;0;0;0;0;0;0;0;0;0;0;0;1.25;0;0;1.25;24.78515625;1;0;0;0
43785;6.05322265625;2.4599609375;17.4599609375;0;11.40673828125;0;0;0;0;0;0;0;0;0;1;1;0;1;0;0;0;0;0;10000;100;0;896079;0;1;0;1;0;0;0;0;0;0;0;0;0;0;0;0;0;0;1.25;0;0;1.25;23.955078125;1;0;0;0
43885;6.05322265625;2.58447265625;17.58447265625;0;11.53125;0;0;0;0;0;0;0;0;0;1;1;0;1;0;0;0;0;0;10000;100;0;896079;0;1;0;1;0;0;0;0;0;0;0;0;0;0;0;0;0;0;1.25;0;0;1.25;23.125;1;0;0;0
43987;6.05322265625;2.696533203125;17.696533203125;0;11.643310546875;0;0;0;0;0;0;0;0;0;1;1;0;1;0;0;0;0;0;10000;100;0;896079;0;1;0;1;0;0;0;0;0;0;0;0;0;0;0;0;0;0;1.25;0;0;1.25;22.3779296875;1;0;0;0
44086;6.05322265625;2.80859375;17.80859375;0;11.75537109375;0;0;0;0;0;0;0;0;0;1;1;0;1;0;0;0;0;0;10000;100;0;896079;0;1;0;1;0;0;0;0;0;0;0;0;0;0;0;0;0;0;1.25;0;0;1.25;21.630859375;1;0;0;0
44187;6.05322265625;2.93310546875;17.93310546875;0;11.8798828125;0;0;0;0;0;0;0;0;0;1;1;0;1;0;0;0;0;0;10000;100;0;896079;0;1;0;1;0;0;0;0;0;0;0;0;0;0;0;0;0;0;1.25;0;0;1.25;20.80078125;1;0;0;0
44288;6.05322265625;3.045166015625;18.045166015625;0;11.991943359375;0;0;0;0;0;0;0;0;0;1;1;0;1;0;0;0;0;0;10000;100;0;896079;0;1;0;1;0;0;0;0;0;0;0;0;0;0;0;0;0;0;1.25;0;0;1.25;20.0537109375;1;0;0;0
44387;6.05322265625;3.169677734375;18.169677734375;0;12.116455078125;0;0;0;0;0;0;0;0;0;1;1;0;1;0;0;0;0;0;10000;100;0;896079;0;1;0;1;0;0;0;0;0;0;0;0;0;0;0;0;0;0;1.25;0;0;1.25;19.2236328125;1;0;0;0
44487;6.05322265625;3.28173828125;18.28173828125;0;12.228515625;0;0;0;0;0;0;0;0;0;1;1;0;1;0;0;0;0;0;10000;100;0;896079;0;1;0;1;0;0;0;0;0;0;0;0;0;0;0;0;0;0;1.25;0;0;1.25;18.4765625;1;0;0;0
44590;6.05322265625;3.40625;18.40625;0;12.35302734375;0;0;0;0;0;0;0;0;0;1;1;0;1;0;0;0;0;0;10000;100;0;896079;0;1;0;1;0;0;0;0;0;0;0;0;0;0;0;0;0;0;1.25;0;0;1.25;17.646484375;1;0;0;0
44689;6.05322265625;3.53076171875;18.53076171875;0;12.4775390625;0;0;0;0;0;0;0;0;0;1;1;0;1;0;0;0;0;0;10000;100;0;896079;0;1;0;1;0;0;0;0;0;0;0;0;0;0;0;0;0;0;1.25;0;0;1.25;16.81640625;1;0;0;0
44790;6.05322265625;3.642822265625;18.642822265625;0;12.589599609375;0;0;0;0;0;0;0;0;0;1;1;0;1;0;0;0;0;0;10000;100;0;896079;0;1;0;1;0;0;0;0;0;0;0;0;0;0;0;0;0;0;1.25;0;0;1.25;16.0693359375;1;0;0;0
44890;6.05322265625;3.767333984375;18.767333984375;0;12.714111328125;0;0;0;0;0;0;0;0;0;1;1;0;1;0;0;0;0;0;10000;100;0;896079;0;1;0;1;0;0;0;0;0;0;0;0;0;0;0;0;0;0;1.25;0;0;1.25;15.2392578125;1;0;0;0
44992;6.05322265625;3.87451171875;18.87451171875;0;12.8212890625;0;0;0;0;0;0;0;0;0;1;1;0;0;0;0;0;0;0;10000;100;0;896079;0;1;0;1;0;0;0;0;0;0;0;0;0;0;0;0;0;0;1;0;0;1;14.524739265441895;1;0;0;0
45091;6.05322265625;3.974609375;18.974609375;0;12.92138671875;0;0;0;0;0;0;0;0;0;1;1;0;0;0;0;0;0;0;10000;100;0;896079;0;1;0;1;0;0;0;0;0;0;0;0;0;0;0;0;0;0;1;0;0;1;13.857421875;1;0;0;0
45194;6.05322265625;4.07470703125;19.07470703125;0;13.021484375;0;0;0;0;0;0;0;0;0;1;1;0;0;0;0;0;0;0;10000;100;0;896079;0;1;0;1;0;0;0;0;0;0;0;0;0;0;0;0;0;0;1;0;0;1;13.190104484558105;1;0;0;0
45293;6.05322265625;4.1748046875;19.1748046875;0;13.12158203125;0;0;0;0;0;0;0;0;0;1;1;0;0;0;0;0;0;0;10000;100;0;896079;0;1;0;1;0;0;0;0;0;0;0;0;0;0;0;0;0;0;1;0;0;1;12.522786140441895;1;0;0;0
45395;6.05322265625;4.264892578125;19.264892578125;0;13.211669921875;0;0;0;0;0;0;0;0;0;1;1;0;0;0;0;0;0;0;10000;100;0;896079;0;1;0;1;0;0;0;0;0;0;0;0;0;0;0;0;0;0;1;0;0;1;11.922200202941895;1;0;0;0
45493;6.05322265625;4.35498046875;19.35498046875;0;13.3017578125;0;0;0;0;0;0;0;0;0;1;1;0;0;0;0;0;0;0;10000;100;0;896079;0;1;0;1;0;0;0;0;0;0;0;0;0;0;0;0;0;0;1;0;0;1;11.321614265441895;1;0;0;0
45595;6.05322265625;4.455078125;19.455078125;0;13.40185546875;0;0;0;0;0;0;0;0;0;1;1;0;0;0;0;0;0;0;10000;100;0;896079;0;1;0;1;0;0;0;0;0;0;0;0;0;0;0;0;0;0;1;0;0;1;10.654296875;1;0;0;0
45694;6.05322265625;4.55517578125;19.55517578125;0;13.501953125;0;0;0;0;0;0;0;0;0;1;1;0;0;0;0;0;0;0;10000;100;0;896079;0;1;0;1;0;0;0;0;0;0;0;0;0;0;0;0;0;0;1;0;0;1;9.9869794845581055;1;0;0;0
45796;6.05322265625;4.645263671875;19.645263671875;0;13.592041015625;0;0;0;0;0;0;0;0;0;1;1;0;0;0;0;0;0;0;10000;100;0;896079;0;1;0;1;0;0;0;0;0;0;0;0;0;0;0;0;0;0;1;0;0;1;9.3863935470581055;1;0;0;0
45897;6.05322265625;4.745361328125;19.745361328125;0;13.692138671875;0;0;0;0;0;0;0;0;0;1;1;0;0;0;0;0;0;0;10000;100;0;896079;0;1;0;1;0;0;0;0;0;0;0;0;0;0;0;0;0;0;1;0;0;1;8.7190752029418945;1;0;0;0
45999;6.05322265625;4.845458984375;19.845458984375;0;13.792236328125;0;0;0;0;0;0;0;0;0;1;1;0;0;0;0;0;0;0;10000;100;0;896079;0;1;0;1;0;0;0;0;0;0;0;0;0;0;0;0;0;0;1;0;0;1;8.0517578125;1;0;0;0
46098;6.05322265625;4.935546875;19.935546875;0;13.88232421875;0;0;0;0;0;0;0;0;0;0;0;0;0;0;0;0;0;0;10000;100;0;896079;0;1;0;1;0;0;0;0;0;0;0;0;0;0;0;0;0;0;1;0;0;1;7.451171875;1;0;0;0
46199;6.05322265625;5.03564453125;20.03564453125;0;13.982421875;0;0;0;0;0;0;0;0;0;0;0;0;0;0;0;0;0;0;10000;100;0;896079;0;1;0;1;0;0;0;0;0;0;0;0;0;0;0;0;0;0;1;0;0;1;6.7838540077209473;1;0;0;0
46299;6.05322265625;5.125732421875;20.125732421875;0;14.072509765625;0;0;0;0;0;0;0;0;0;0;0;0;0;0;0;0;0;0;10000;100;0;896079;0;1;0;1;0;0;0;0;0;0;0;0;0;0;0;0;0;0;1;0;0;1;6.1832680702209473;1;0;0;0
46401;6.05322265625;5.2158203125;20.2158203125;0;14.16259765625;0;0;0;0;0;0;0;0;0;0;0;0;0;0;0;0;0;0;10000;100;0;896079;0;1;0;1;0;0;0;0;0;0;0;0;0;0;0;0;0;0;1;0;0;1;5.5826821327209473;1;0;0;0
46501;6.05322265625;5.2158203125;20.2158203125;0;14.16259765625;0;0;0;0;0;0;0;0;0;0;0;0;0;0;0;0;0;0;10000;100;0;896079;0;1;0;1;0;0;0;0;0;0;0;0;0;0;0;0;0;0;0;0;0;0;5.5826821327209473;1;0;0;0
46602;6.05322265625;5.2158203125;20.2158203125;0;14.16259765625;0;0;0;0;0;0;0;0;0;0;0;0;0;0;0;0;0;0;10000;100;0;896079;0;1;0;1;0;0;0;0;0;0;0;0;0;0;0;0;0;0;0;0;0;0;5.5826821327209473;1;0;0;0
46702;6.05322265625;5.2158203125;20.2158203125;0;14.16259765625;0;0;0;0;0;0;0;0;0;0;0;0;0;0;0;0;0;0;10000;100;0;896079;0;1;0;1;0;0;0;0;0;0;0;0;0;0;0;0;0;0;0;0;0;0;5.5826821327209473;1;0;0;0
46804;6.05322265625;5.2158203125;20.2158203125;0;14.16259765625;0;0;0;0;0;0;0;0;0;0;0;0;0;0;0;0;0;0;10000;100;0;896079;0;1;0;1;0;0;0;0;0;0;0;0;0;0;0;0;0;0;0;0;0;0;5.5826821327209473;1;0;0;0
46906;6.05322265625;5.2158203125;20.2158203125;0;14.16259765625;0;0;0;0;0;0;0;0;0;0;0;0;0;0;0;0;0;0;10000;100;0;896079;0;1;0;1;0;0;0;0;0;0;0;0;0;0;0;0;0;0;0;0;0;0;5.5826821327209473;1;0;0;0
47006;6.05322265625;5.2158203125;20.2158203125;0;14.16259765625;0;0;0;0;0;0;0;0;0;0;0;0;0;0;0;0;0;0;10000;100;0;896079;0;1;0;1;0;0;0;0;0;0;0;0;0;0;0;0;0;0;0;0;0;0;5.5826821327209473;1;0;0;0
47105;6.05322265625;5.2158203125;20.2158203125;0;14.16259765625;0;0;0;0;0;0;0;0;0;0;0;0;0;0;0;0;0;0;10000;100;0;896079;0;1;0;1;0;0;0;0;0;0;0;0;0;0;0;0;0;0;0;0;0;0;5.5826821327209473;1;0;0;0
47208;6.05322265625;5.2158203125;20.2158203125;0;14.16259765625;0;0;0;0;0;0;0;0;0;0;0;0;0;0;0;0;0;0;10000;100;0;896079;0;1;0;1;0;0;0;0;0;0;0;0;0;0;0;0;0;0;0;0;0;0;5.5826821327209473;1;0;0;0
47307;6.05322265625;5.2158203125;20.2158203125;0;14.16259765625;0;0;0;0;0;0;0;0;0;0;0;0;0;0;0;0;0;0;10000;100;0;896079;0;1;0;1;0;0;0;0;0;0;0;0;0;0;0;0;0;0;0;0;0;0;5.5826821327209473;1;0;0;0
47407;6.05322265625;5.2158203125;20.2158203125;0;14.16259765625;0;0;0;0;0;0;0;0;0;0;0;0;0;0;0;0;0;0;10000;100;0;896079;0;1;0;1;0;0;0;0;0;0;0;0;0;0;0;0;0;0;0;0;0;0;5.5826821327209473;1;0;0;0
47508;6.103271484375;5.265869140625;20.265869140625;0;14.16259765625;0;1;1;0;0;0;0;0;0;1;1;0;0;0;0;0;0;0;10000;100;0;896079;0;1;0;1;0;0;0;0;0;0;0;0;0;0;0;0;0;1;1;0;1;1;5.5826821327209473;1;1;0;0
47609;6.203369140625;5.365966796875;20.365966796875;0;14.16259765625;0;1;1;0;0;0;0;0;0;1;1;0;0;0;0;0;0;0;10000;100;0;896079;0;1;0;1;0;0;0;0;0;0;0;0;0;0;0;0;0;1;1;0;1;1;5.5826821327209473;1;1;0;0
47711;6.303466796875;5.466064453125;20.466064453125;0;14.16259765625;0;1;1;0;0;0;0;0;0;1;1;0;0;0;0;0;0;0;10000;100;0;896079;0;1;0;1;0;0;0;0;0;0;0;0;0;0;0;0;0;1;1;0;1;1;5.5826821327209473;1;1;0;0
47812;6.3935546875;5.55615234375;20.55615234375;0;14.16259765625;0;1;1;0;0;0;0;0;0;1;1;0;0;0;0;0;0;0;10000;100;0;896079;0;1;0;1;0;0;0;0;0;0;0;0;0;0;0;0;0;1;1;0;1;1;5.5826821327209473;1;1;0;0
47911;6.49365234375;5.65625;20.65625;0;14.16259765625;0;1;1;0;0;0;0;0;0;1;1;0;0;0;0;0;0;0;10000;100;0;896079;0;1;0;1;0;0;0;0;0;0;0;0;0;0;0;0;0;1;1;0;1;1;5.5826821327209473;1;1;0;0
48013;6.583740234375;5.746337890625;20.746337890625;0;14.16259765625;0;1;1;0;0;0;0;0;0;1;1;0;0;0;0;0;0;0;10000;100;0;896079;0;1;0;1;0;0;0;0;0;0;0;0;0;0;0;0;0;1;1;0;1;1;5.5826821327209473;1;1;0;0
48113;6.673828125;5.83642578125;20.83642578125;0;14.16259765625;0;1;1;0;0;0;0;0;0;1;1;0;0;0;0;0;0;0;10000;100;0;896079;0;1;0;1;0;0;0;0;0;0;0;0;0;0;0;0;0;1;1;0;1;1;5.5826821327209473;1;1;0;0
48214;6.7861328125;5.94873046875;20.94873046875;0;14.16259765625;0;1;1;0;0;0;0;0;0;1;1;0;0;0;0;0;0;0;10000;100;0;896079;0;1;0;1;0;0;0;0;0;0;0;0;0;0;0;0;0;1.25;1.25;0;1.25;1.25;5.5826821327209473;1;1;0;0
48315;6.898193359375;6.060791015625;21.060791015625;0;14.16259765625;0;1;1;0;0;0;0;0;0;1;1;0;0;0;0;0;0;0;10000;100;0;896079;0;1;0;1;0;0;0;0;0;0;0;0;0;0;0;0;0;1.25;1.25;0;1.25;1.25;5.5826821327209473;1;1;0;0
48415;7.020263671875;6.185302734375;21.185302734375;0;14.1650390625;0;1;1;0;0;0;0;0;0;1;1;0;0;0;0;0;0;0;10000;100;0;896079;0;1;0;1;0;0;0;0;0;0;0;0;0;0;0;0;0;1;1.25;0;1;1.25;5.56640625;1;1;0;0
48516;7.120361328125;6.309814453125;21.309814453125;0;14.189453125;0;1;1;0;0;0;0;0;0;1;1;0;0;0;0;0;0;0;10000;100;0;896079;0;1;0;1;0;0;0;0;0;0;0;0;0;0;0;0;0;1;1.25;0;1;1.25;5.4036459922790527;1;1;0;0
48615;7.21044921875;6.421875;21.421875;0;14.21142578125;0;1;1;0;0;0;0;0;0;1;1;0;1;0;0;0;0;0;10000;100;0;896079;0;1;0;1;0;0;0;0;0;0;0;0;0;0;0;0;0;1;1.25;0;1;1.25;5.2571616172790527;1;1;0;0
48716;7.300537109375;6.533935546875;21.533935546875;0;14.2333984375;0;1;1;0;0;0;0;0;0;1;1;0;1;0;0;0;0;0;10000;100;0;896079;0;1;0;1;0;0;0;0;0;0;0;0;0;0;0;0;0;1;1.25;0;1;1.25;5.1106772422790527;1;1;0;0
48816;7.400634765625;6.658447265625;21.658447265625;0;14.2578125;0;1;1;0;0;0;0;0;0;1;1;0;1;0;0;0;0;0;10000;100;0;896079;0;1;0;1;0;0;0;0;0;0;0;0;0;0;0;0;0;1;1.25;0;1;1.25;4.9479165077209473;1;1;0;0
48918;7.49072265625;6.77783203125;21.77783203125;0;14.287109375;0;1;1;0;0;0;0;0;0;1;1;0;1;0;0;0;0;0;10000;100;0;896079;0;1;0;1;0;0;0;0;0;0;0;0;0;0;0;0;0;1;1.5;0;1;1.5;4.7526040077209473;1;1;0;0
49017;7.580810546875;6.872802734375;21.872802734375;0;14.2919921875;0;0;0;0;0;0;0;0;0;0;0;0;0;0;0;0;0;0;10000;100;0;896079;0;1;0;1;0;0;0;0;0;0;0;0;0;0;0;0;0;1;1;0;1;1;4.7200522422790527;1;1;0;0
49119;7.680908203125;6.972900390625;21.972900390625;0;14.2919921875;0;0;0;0;0;0;0;0;0;0;0;0;0;0;0;0;0;0;10000;100;0;896079;0;1;0;1;0;0;0;0;0;0;0;0;0;0;0;0;0;1;1;0;1;1;4.7200522422790527;1;1;0;0
49217;7.77099609375;7.06298828125;22.06298828125;0;14.2919921875;0;0;0;0;0;0;0;0;0;0;0;0;0;0;0;0;0;0;10000;100;0;896079;0;1;0;1;0;0;0;0;0;0;0;0;0;0;0;0;0;1;1;0;1;1;4.7200522422790527;1;1;0;0
49318;7.85107421875;7.093017578125;22.093017578125;0;14.241943359375;0;0;0;0;0;0;0;0;0;0;0;0;0;0;0;0;0;0;10000;100;0;896079;0;1;0;1;0;0;0;0;0;0;0;0;0;0;0;0;0;0;0;0;0;0;5.0537109375;1;1;0;0
49418;7.85107421875;7.093017578125;22.093017578125;0;14.241943359375;0;0;0;0;0;0;0;0;0;0;0;0;0;0;0;0;0;0;10000;100;0;896079;0;1;0;1;0;0;0;0;0;0;0;0;0;0;0;0;0;0;0;0;0;0;5.0537109375;1;1;0;0
49521;7.85107421875;7.093017578125;22.093017578125;0;14.241943359375;0;0;0;0;0;0;0;0;0;0;0;0;0;0;0;0;0;0;10000;100;0;896079;0;1;0;1;0;0;0;0;0;0;0;0;0;0;0;0;0;0;0;0;0;0;5.0537109375;1;1;0;0
49621;7.85107421875;7.093017578125;22.093017578125;0;14.241943359375;0;0;0;0;0;0;0;0;0;0;0;0;0;0;0;0;0;0;10000;100;0;896079;0;1;0;1;0;0;0;0;0;0;0;0;0;0;0;0;0;0;0;0;0;0;5.0537109375;1;1;0;0
49722;7.85107421875;7.093017578125;22.093017578125;0;14.241943359375;0;0;0;0;0;0;0;0;0;0;0;0;0;0;0;0;0;0;10000;100;0;896079;0;1;0;1;0;0;0;0;0;0;0;0;0;0;0;0;0;0;0;0;0;0;5.0537109375;1;1;0;0
49822;7.85107421875;7.093017578125;22.093017578125;0;14.241943359375;0;0;0;0;0;0;0;0;0;0;0;0;0;0;0;0;0;0;10000;100;0;896079;0;1;0;1;0;0;0;0;0;0;0;0;0;0;0;0;0;0;0;0;0;0;5.0537109375;1;1;0;0
49923;7.85107421875;7.093017578125;22.093017578125;0;14.241943359375;0;0;0;0;0;0;0;0;0;0;0;0;0;0;0;0;0;0;10000;100;0;896079;0;1;0;1;0;0;0;0;0;0;0;0;0;0;0;0;0;0;0;0;0;0;5.0537109375;1;1;0;0
50021;7.85107421875;7.093017578125;22.093017578125;0;14.241943359375;0;0;0;0;0;0;0;0;0;0;0;0;0;0;0;0;0;0;10000;100;0;896079;0;1;0;1;0;0;0;0;0;0;0;0;0;0;0;0;0;0;0;0;0;0;5.0537109375;1;1;0;0
50122;7.85107421875;7.093017578125;22.093017578125;0;14.241943359375;0;0;0;0;0;0;0;0;0;0;0;0;0;0;0;0;0;0;10000;100;0;896079;0;1;0;1;0;0;0;0;0;0;0;0;0;0;0;0;0;0;0;0;0;0;5.0537109375;1;1;0;0
50221;7.85107421875;7.093017578125;22.093017578125;0;14.241943359375;0;0;0;0;0;0;0;0;0;0;0;0;0;0;0;0;0;0;10000;100;0;896079;0;1;0;1;0;0;0;0;0;0;0;0;0;0;0;0;0;0;0;0;0;0;5.0537109375;1;1;0;0
50323;7.85107421875;7.093017578125;22.093017578125;0;14.241943359375;0;0;0;0;0;0;0;0;0;0;0;0;0;0;0;0;0;0;10000;100;0;896079;0;1;0;1;0;0;0;0;0;0;0;0;0;0;0;0;0;0;0;0.758056640625;0;0;5.0537109375;1;1;0;0
50422;7.85107421875;7.093017578125;22.093017578125;0;14.241943359375;0;0;0;0;0;0;0;0;0;0;0;0;0;0;0;0;0;0;10000;100;0;896079;0;1;0;1;0;0;0;0;0;0;0;0;0;0;0;0;0;0;0;0.758056640625;0;0;5.0537109375;1;1;0;0
50523;7.85107421875;7.093017578125;22.093017578125;0;14.241943359375;0;0;0;0;0;0;0;0;0;0;0;0;0;0;0;0;0;0;10000;100;0;896079;0;1;0;1;0;0;0;0;0;0;0;0;0;0;0;0;0;0;0;0.758056640625;0;0;5.0537109375;1;1;0;0
50622;7.85107421875;7.093017578125;22.093017578125;0;14.241943359375;0;0;0;0;0;0;0;0;0;0;0;0;0;0;0;0;0;0;10000;100;0;896079;0;1;0;1;0;0;0;0;0;0;0;0;0;0;0;0;0;0;0;0.758056640625;0;0;5.0537109375;1;1;0;0
50724;7.85107421875;7.093017578125;22.093017578125;0;14.241943359375;0;0;0;0;0;0;0;0;0;0;0;0;0;0;0;0;0;0;10000;100;0;896079;0;1;0;1;0;0;0;0;0;0;0;0;0;0;0;0;0;0;0;0.758056640625;0;0;5.0537109375;1;1;0;0
50824;7.85107421875;7.093017578125;22.093017578125;0;14.241943359375;0;0;0;0;0;0;0;0;0;0;0;0;0;0;0;0;0;0;10000;100;0;896079;0;1;0;1;0;0;0;0;0;0;0;0;0;0;0;0;0;0;0;0.758056640625;0;0;5.0537109375;1;1;0;0
50925;7.85107421875;7.093017578125;22.093017578125;0;14.241943359375;0;0;0;0;0;0;0;0;0;0;0;0;0;0;0;0;0;0;10000;100;0;896079;0;1;0;1;0;0;0;0;0;0;0;0;0;0;0;0;0;0;0;0.758056640625;0;0;5.0537109375;1;1;0;0
51026;7.85107421875;7.093017578125;22.093017578125;0;14.241943359375;0;0;0;0;0;0;0;0;0;0;0;0;0;0;0;0;0;0;10000;100;0;896079;0;1;0;1;0;0;0;0;0;0;0;0;0;0;0;0;0;0;0;0.758056640625;0;0;5.0537109375;1;1;0;0
51128;7.85107421875;7.093017578125;22.093017578125;0;14.241943359375;0;0;0;0;0;0;0;0;0;0;0;0;0;0;0;0;0;0;10000;100;0;896079;0;1;0;1;0;0;0;0;0;0;0;0;0;0;0;0;0;0;0;0.758056640625;0;0;5.0537109375;1;1;0;0
51227;7.85107421875;7.093017578125;22.093017578125;0;14.241943359375;0;0;0;0;0;0;0;0;0;0;0;0;0;0;0;0;0;0;10000;100;0;896079;0;1;0;1;0;0;0;0;0;0;0;0;0;0;0;0;0;0;0;0.758056640625;0;0;5.0537109375;1;1;0;0
51329;7.85107421875;7.093017578125;22.093017578125;0;14.241943359375;0;0;0;0;0;0;0;0;0;0;0;0;0;0;0;0;0;0;10000;100;0;896079;0;1;0;1;0;0;0;0;0;0;0;0;0;0;0;0;0;0;0;0.758056640625;0;0;5.0537109375;1;1;0;0
51430;7.85107421875;7.093017578125;22.093017578125;0;14.241943359375;0;0;0;0;0;0;0;0;0;0;0;0;0;0;0;0;0;0;10000;100;0;896079;0;1;0;1;0;0;0;0;0;0;0;0;0;0;0;0;0;0;0;0.758056640625;0;0;5.0537109375;1;1;0;0
51531;7.85107421875;7.093017578125;22.093017578125;0;14.241943359375;0;0;0;0;0;0;0;0;0;0;0;0;0;0;0;0;0;0;10000;100;0;896079;0;1;0;1;0;0;0;0;0;0;0;0;0;0;0;0;0;0;0;0.758056640625;0;0;5.0537109375;1;1;0;0
51630;7.85107421875;7.093017578125;22.093017578125;0;14.241943359375;0;0;0;0;0;0;0;0;0;0;0;0;0;0;0;0;0;0;10000;100;0;896079;0;1;0;1;0;0;0;0;0;0;0;0;0;0;0;0;0;0;0;0.758056640625;0;0;5.0537109375;1;1;0;0
51730;7.85107421875;7.093017578125;22.093017578125;0;14.241943359375;0;0;0;0;0;0;0;0;0;0;0;0;0;0;0;0;0;0;10000;100;0;896079;0;1;0;1;0;0;0;0;0;0;0;0;0;0;0;0;0;0;0;0.758056640625;0;0;5.0537109375;1;1;0;0
51832;7.85107421875;7.093017578125;22.093017578125;0;14.241943359375;0;0;0;0;0;0;0;0;0;0;0;0;0;0;0;0;0;0;10000;100;0;896079;0;1;0;1;0;0;0;0;0;0;0;0;0;0;0;0;0;0;0;0.758056640625;0;0;5.0537109375;1;1;0;0
51932;7.85107421875;7.093017578125;22.093017578125;0;14.241943359375;0;0;0;0;0;0;0;0;0;0;0;0;0;0;0;0;0;0;10000;100;0;896079;0;1;0;1;0;0;0;0;0;0;0;0;0;0;0;0;0;0;0;0.758056640625;0;0;5.0537109375;1;1;0;0
52034;7.85107421875;7.093017578125;22.093017578125;0;14.241943359375;0;0;0;0;0;0;0;0;0;0;0;0;0;0;0;0;0;0;10000;100;0;896079;0;1;0;1;0;0;0;0;0;0;0;0;0;0;0;0;0;0;0;0.758056640625;0;0;5.0537109375;1;1;0;0
52134;7.85107421875;7.093017578125;22.093017578125;0;14.241943359375;0;0;0;0;0;0;0;0;0;0;0;0;0;0;0;0;0;0;10000;100;0;896079;0;1;0;1;0;0;0;0;0;0;0;0;0;0;0;0;0;0;0;0.758056640625;0;0;5.0537109375;1;1;0;0
52234;7.85107421875;7.093017578125;22.093017578125;0;14.241943359375;0;0;0;0;0;0;0;0;0;0;0;0;0;0;0;0;0;0;10000;100;0;896079;0;1;0;1;0;0;0;0;0;0;0;0;0;0;0;0;0;0;0;0.758056640625;0;0;5.0537109375;1;1;0;0
52335;7.85107421875;7.093017578125;22.093017578125;0;14.241943359375;0;0;0;0;0;0;0;0;0;0;0;0;0;0;0;0;0;0;10000;100;0;896079;0;1;0;1;0;0;0;0;0;0;0;0;0;0;0;0;0;0;0;0.758056640625;0;0;5.0537109375;1;1;0;0
52436;7.85107421875;7.093017578125;22.093017578125;0;14.241943359375;0;0;0;0;0;0;0;0;0;0;0;0;0;0;0;0;0;0;10000;100;0;896079;0;1;0;1;0;0;0;0;0;0;0;0;0;0;0;0;0;0;0;0.758056640625;0;0;5.0537109375;1;1;0;0
52536;7.85107421875;7.093017578125;22.093017578125;0;14.241943359375;0;0;0;0;0;0;0;0;0;0;0;0;0;0;0;0;0;0;10000;100;0;896079;0;1;0;1;0;0;0;0;0;0;0;0;0;0;0;0;0;0;0;0.758056640625;0;0;5.0537109375;1;1;0;0
52638;7.85107421875;7.093017578125;22.093017578125;0;14.241943359375;0;0;0;0;0;0;0;0;0;0;0;0;0;0;0;0;0;0;10000;100;0;896079;0;1;0;1;0;0;0;0;0;0;0;0;0;0;0;0;0;0;0;0.758056640625;0;0;5.0537109375;1;1;0;0
52740;7.85107421875;7.093017578125;22.093017578125;0;14.241943359375;0;0;0;0;0;0;0;0;0;0;0;0;0;0;0;0;0;0;10000;100;0;896079;0;1;0;1;0;0;0;0;0;0;0;0;0;0;0;0;0;0;0;0.758056640625;0;0;5.0537109375;1;1;0;0
52842;7.85107421875;7.093017578125;22.093017578125;0;14.241943359375;0;0;0;0;0;0;0;0;0;0;0;0;0;0;0;0;0;0;10000;100;0;896079;0;1;0;1;0;0;0;0;0;0;0;0;0;0;0;0;0;0;0;0.758056640625;0;0;5.0537109375;1;1;0;0
52942;7.85107421875;7.093017578125;22.093017578125;0;14.241943359375;0;0;0;0;0;0;0;0;0;0;0;0;0;0;0;0;0;0;10000;100;0;896079;0;1;0;1;0;0;0;0;0;0;0;0;0;0;0;0;0;0;0;0.758056640625;0;0;5.0537109375;1;1;0;0
53043;7.85107421875;7.093017578125;22.093017578125;0;14.241943359375;0;0;0;0;0;0;0;0;0;0;0;0;0;0;0;0;0;0;10000;100;0;896079;0;1;0;1;0;0;0;0;0;0;0;0;0;0;0;0;0;0;0;0.758056640625;0;0;5.0537109375;1;1;0;0
53143;7.85107421875;7.093017578125;22.093017578125;0;14.241943359375;0;0;0;0;0;0;0;0;0;0;0;0;0;0;0;0;0;0;10000;100;0;896079;0;1;0;1;0;0;0;0;0;0;0;0;0;0;0;0;0;0;0;0.758056640625;0;0;5.0537109375;1;1;0;0
53245;7.85107421875;7.093017578125;22.093017578125;0;14.241943359375;0;0;0;0;0;0;0;0;0;0;0;0;0;0;0;0;0;0;10000;100;0;896079;0;1;0;1;0;0;0;0;0;0;0;0;0;0;0;0;0;0;0;0.758056640625;0;0;5.0537109375;1;1;0;0
53345;7.85107421875;7.093017578125;22.093017578125;0;14.241943359375;0;0;0;0;0;0;0;0;0;0;0;0;0;0;0;0;0;0;10000;100;0;896079;0;1;0;1;0;0;0;0;0;0;0;0;0;0;0;0;0;0;0;0.758056640625;0;0;5.0537109375;1;1;0;0
53446;7.85107421875;7.093017578125;22.093017578125;0;14.241943359375;0;0;0;0;0;0;0;0;0;0;0;0;0;0;0;0;0;0;10000;100;0;896079;0;1;0;1;0;0;0;0;0;0;0;0;0;0;0;0;0;0;0;0.758056640625;0;0;5.0537109375;1;1;0;0
53549;7.85107421875;7.093017578125;22.093017578125;0;14.241943359375;0;0;0;0;0;0;0;0;0;0;0;0;0;0;0;0;0;0;10000;100;0;896079;0;1;0;1;0;0;0;0;0;0;0;0;0;0;0;0;0;0;0;0.758056640625;0;0;5.0537109375;1;1;0;0
53648;7.85107421875;7.093017578125;22.093017578125;0;14.241943359375;0;0;0;0;0;0;0;0;0;0;0;0;0;0;0;0;0;0;10000;100;0;896079;0;1;0;1;0;0;0;0;0;0;0;0;0;0;0;0;0;0;0;0.758056640625;0;0;5.0537109375;1;1;0;0
53749;7.85107421875;7.093017578125;22.093017578125;0;14.241943359375;0;0;0;0;0;0;0;0;0;0;0;0;0;0;0;0;0;0;10000;100;0;896079;0;1;0;1;0;0;0;0;0;0;0;0;0;0;0;0;0;0;0;0.758056640625;0;0;5.0537109375;1;1;0;0
53849;7.85107421875;7.093017578125;22.093017578125;0;14.241943359375;0;0;0;0;0;0;0;0;0;0;0;0;0;0;0;0;0;0;10000;100;0;896079;0;1;0;1;0;0;0;0;0;0;0;0;0;0;0;0;0;0;0;0.758056640625;0;0;5.0537109375;1;1;0;0
53950;7.85107421875;7.093017578125;22.093017578125;0;14.241943359375;0;0;0;0;0;0;0;0;0;0;0;0;0;0;0;0;0;0;10000;100;0;896079;0;1;0;1;0;0;0;0;0;0;0;0;0;0;0;0;0;0;0;0.758056640625;0;0;5.0537109375;1;1;0;0
54050;7.85107421875;7.093017578125;22.093017578125;0;14.241943359375;0;0;0;0;0;0;0;0;0;0;0;0;0;0;0;0;0;0;10000;100;0;896079;0;1;0;1;0;0;0;0;0;0;0;0;0;0;0;0;0;0;0;0.758056640625;0;0;5.0537109375;1;1;0;0
54151;7.85107421875;7.093017578125;22.093017578125;0;14.241943359375;0;0;0;0;0;0;0;0;0;0;0;0;0;0;0;0;0;0;10000;100;0;896079;0;1;0;1;0;0;0;0;0;0;0;0;0;0;0;0;0;0;0;0.758056640625;0;0;5.0537109375;1;1;0;0
54251;7.85107421875;7.093017578125;22.093017578125;0;14.241943359375;0;0;0;0;0;0;0;0;0;0;0;0;0;0;0;0;0;0;7750;55;0;896079;0;1;0;1;0;0;0;0;0;0;0;0;0;0;0;0;0;0;0;0.758056640625;0;0;5.0537109375;1;1;0;0
54351;7.85107421875;7.093017578125;22.093017578125;0;14.241943359375;0;0;0;0;0;0;0;0;0;0;0;0;0;0;0;0;0;0;5250;0;0;896079;0;1;0;1;0;0;0;0;0;0;0;0;0;0;0;0;0;0;0;0.758056640625;0;0;5.0537109375;1;0;0;0
54453;7.85107421875;7.093017578125;22.093017578125;0;14.241943359375;0;0;0;0;0;0;0;0;0;0;0;0;0;0;0;0;0;0;5000;0;0;896079;0;1;0;1;0;0;0;0;0;0;0;0;0;0;0;0;0;0;0;0.758056640625;0;0;5.0537109375;1;0;0;0
54552;7.85107421875;7.093017578125;22.093017578125;0;14.241943359375;0;0;0;0;0;0;0;0;0;0;0;0;0;0;0;0;0;0;5000;0;0;896079;0;1;0;0;0;0;0;0;0;0;0;0;0;0;0;0;0;0;0;0.758056640625;0;0;5.0537109375;1;0;0;0
54653;7.85107421875;7.093017578125;22.093017578125;0;14.241943359375;0;0;0;0;0;0;0;0;0;0;0;0;0;0;0;0;0;0;5000;0;0;896079;0;1;0;0;0;0;0;0;0;0;0;0;0;0;0;0;0;0;0;0.758056640625;0;0;5.0537109375;1;0;0;0
54755;7.85107421875;7.093017578125;22.093017578125;0;14.241943359375;0;0;0;0;0;0;0;0;0;0;0;0;0;0;0;0;0;0;5000;0;0;896079;0;1;0;0;0;0;0;0;0;0;0;0;0;0;0;0;0;0;0;0.758056640625;0;0;5.0537109375;1;0;0;0
54856;7.85107421875;7.093017578125;22.093017578125;0;14.241943359375;0;0;0;0;0;0;0;0;0;0;0;0;0;0;0;0;0;0;5000;0;0;896079;0;1;0;0;0;0;0;0;0;0;0;0;0;0;0;0;0;0;0;0.758056640625;0;0;5.0537109375;1;0;0;0
54956;7.85107421875;7.093017578125;22.093017578125;0;14.241943359375;0;0;0;0;0;0;0;0;0;0;0;0;0;0;0;0;0;0;5000;0;0;896079;0;1;0;0;0;0;0;0;0;0;0;0;0;0;0;0;0;0;0;0.758056640625;0;0;5.0537109375;1;0;0;0
55056;7.85107421875;7.093017578125;22.093017578125;0;14.241943359375;0;0;0;0;0;0;0;0;0;0;0;0;0;0;0;0;0;0;5000;0;0;896079;0;1;0;0;0;0;0;0;0;0;0;0;0;0;0;0;0;0;0;0.758056640625;0;0;5.0537109375;1;0;0;0
55156;7.85107421875;7.093017578125;22.093017578125;0;14.241943359375;0;0;0;0;0;0;0;0;0;0;0;0;0;0;0;0;0;0;5000;0;0;896079;0;1;0;0;0;0;0;0;0;0;0;0;0;0;0;0;0;0;0;0.758056640625;0;0;5.0537109375;1;0;0;0
55256;7.85107421875;7.093017578125;22.093017578125;0;14.241943359375;0;0;0;0;0;0;0;0;0;0;0;0;0;0;0;0;0;0;5000;0;0;896079;0;1;0;0;0;0;0;0;0;0;0;0;0;0;0;0;0;0;0;0.758056640625;0;0;5.0537109375;1;0;0;0
55357;7.85107421875;7.093017578125;22.093017578125;0;14.241943359375;0;0;0;0;0;0;0;0;0;0;0;0;0;0;0;0;0;0;5000;0;0;896079;0;1;0;0;0;0;0;0;0;0;0;0;0;0;0;0;0;0;0;0.758056640625;0;0;5.0537109375;1;0;0;0
55456;7.85107421875;7.093017578125;22.093017578125;0;14.241943359375;0;0;0;0;0;0;0;0;0;0;0;0;0;0;0;0;0;0;5000;0;0;896079;0;1;0;0;0;0;0;0;0;0;0;0;0;0;0;0;0;0;0;0.758056640625;0;0;5.0537109375;1;0;0;0
55558;7.85107421875;7.093017578125;22.093017578125;0;14.241943359375;0;0;0;0;0;0;0;0;0;0;0;0;0;0;0;0;0;0;5000;0;0;896079;0;1;0;0;0;0;0;0;0;0;0;0;0;0;0;0;0;0;0;0.758056640625;0;0;5.0537109375;1;0;0;0
55658;7.85107421875;7.093017578125;22.093017578125;0;14.241943359375;0;0;0;0;0;0;0;0;0;0;0;0;0;0;0;0;0;0;5000;0;0;896079;0;1;0;0;0;0;0;0;0;0;0;0;0;0;0;0;0;0;0;0.758056640625;0;0;5.0537109375;1;0;0;0
55761;7.85107421875;7.093017578125;22.093017578125;0;14.241943359375;0;0;0;0;0;0;0;0;0;0;0;0;0;0;0;0;0;0;5000;0;0;896079;0;1;0;0;0;0;0;0;0;0;0;0;0;0;0;0;0;0;0;0.758056640625;0;0;5.0537109375;1;0;0;0
55861;7.85107421875;7.093017578125;22.093017578125;0;14.241943359375;0;0;0;0;0;0;0;0;0;0;0;0;0;0;0;0;0;0;5000;0;0;896079;0;1;0;0;0;0;0;0;0;0;0;0;0;0;0;0;0;0;0;0.758056640625;0;0;5.0537109375;1;0;0;0
55961;7.85107421875;7.093017578125;22.093017578125;0;14.241943359375;0;0;0;0;0;0;0;0;0;0;0;0;0;0;0;0;0;0;4765;0;0;896079;0;1;0;0;0;0;0;0;0;0;0;0;0;0;0;0;0;0;0;0.758056640625;0;0;5.0537109375;1;0;0;0
56061;7.85107421875;7.093017578125;22.093017578125;0;14.241943359375;0;0;0;0;0;0;0;0;0;0;0;0;0;0;0;0;0;0;4468;10.639999389648438;0;896079;0;1;0;1;0;0;0;0;0;0;0;0;0;0;0;0;0;0;0;0;0;0;5.0537109375;1;0;0;0
56163;7.85107421875;7.093017578125;22.093017578125;0;14.241943359375;0;0;0;0;0;0;0;0;0;0;0;0;0;0;0;0;0;0;4043;19.14000129699707;0;896079;0;1;0;1;0;0;0;0;0;0;0;0;0;0;0;0;0;0;0;0;0;0;5.0537109375;1;0;0;0
56263;7.85107421875;7.093017578125;22.093017578125;0;14.241943359375;0;0;0;0;0;0;0;0;0;0;0;0;0;0;0;0;0;0;3575;28.5;0;896079;0;1;0;1;0;0;0;0;0;0;0;0;0;0;0;0;0;0;0;0;0;0;5.0537109375;1;0;0;0
56363;7.85107421875;7.093017578125;22.093017578125;0;14.241943359375;0;0;0;0;0;0;0;0;0;0;0;0;0;0;0;0;0;0;3426;31.479999542236328;0;896079;0;1;0;1;0;0;0;0;0;0;0;0;0;0;0;0;0;0;0;0;0;0;5.0537109375;1;0;0;0
56463;7.85107421875;7.093017578125;22.093017578125;0;14.241943359375;0;0;0;0;0;0;0;0;0;0;0;0;0;0;0;0;0;0;3221;35.580001831054688;0;896079;0;1;0;1;0;0;0;0;0;0;0;0;0;0;0;0;0;0;0;0;0;0;5.0537109375;1;0;0;0
56562;7.85107421875;7.093017578125;22.093017578125;0;14.241943359375;0;0;0;0;0;0;0;0;0;0;0;0;0;0;0;0;0;0;2951;40.979999542236328;0;896079;0;1;0;1;0;0;0;0;0;0;0;0;0;0;0;0;0;0;0;0;0;0;5.0537109375;1;0;0;0
56663;7.85107421875;7.093017578125;22.093017578125;0;14.241943359375;0;0;0;0;0;0;0;0;0;0;0;0;0;0;0;0;0;0;2600;48;0;896079;0;1;0;1;0;0;0;0;0;0;0;0;0;0;0;0;0;0;0;0;0;0;5.0537109375;1;0;0;0
56764;7.85107421875;7.093017578125;22.093017578125;0;14.241943359375;0;0;0;0;0;0;0;0;0;0;0;0;0;0;0;0;0;0;2115;57.700000762939453;0;896079;0;1;0;1;0;0;0;0;0;0;0;0;0;0;0;0;0;0;0;0;0;0;5.0537109375;1;0;0;0
56865;7.85107421875;7.093017578125;22.093017578125;0;14.241943359375;0;0;0;0;0;0;0;0;0;0;0;0;0;0;0;0;0;0;1843;63.139999389648438;0;896079;0;1;0;1;0;0;0;0;0;0;0;0;0;0;0;0;0;0;0;0;0;0;5.0537109375;1;0;0;0
56964;7.85107421875;7.093017578125;22.093017578125;0;14.241943359375;0;0;0;0;0;0;0;0;0;0;0;0;0;0;0;0;0;0;1668;66.639999389648438;0;896079;0;1;0;1;0;0;0;0;0;0;0;0;0;0;0;0;0;0;0;0;0;0;5.0537109375;1;0;0;0
57066;7.85107421875;7.093017578125;22.093017578125;0;14.241943359375;0;0;0;0;0;0;0;0;0;0;0;0;0;0;0;0;0;0;1425;71.5;0;896079;0;1;0;1;0;0;0;0;0;0;0;0;0;0;0;0;0;0;0;0;0;0;5.0537109375;1;0;0;0
57166;7.85107421875;7.093017578125;22.093017578125;0;14.241943359375;0;0;0;0;0;0;0;0;0;0;0;0;0;0;0;0;0;0;1060;78.799995422363281;0;896079;0;1;0;1;0;0;0;0;0;0;0;0;0;0;0;0;0;0;0;0;0;0;5.0537109375;1;0;0;0
57268;7.85107421875;7.093017578125;22.093017578125;0;14.241943359375;0;0;0;0;0;0;0;0;0;0;0;0;0;0;0;0;0;0;646;87.080001831054688;0;896079;0;1;0;1;0;0;0;0;0;0;0;0;0;0;0;0;0;0;0;0;0;0;5.0537109375;1;0;0;0
57369;7.85107421875;7.093017578125;22.093017578125;0;14.241943359375;0;0;0;0;0;0;0;0;0;0;0;0;0;0;0;0;0;0;241;95.180000305175781;0;896079;0;1;0;1;0;0;0;0;0;0;0;0;0;0;0;0;0;0;0;0;0;0;5.0537109375;1;0;0;0
57470;7.85107421875;7.093017578125;22.093017578125;0;14.241943359375;0;0;0;0;0;0;0;0;0;0;0;0;0;0;0;0;0;0;106;97.879997253417969;0;896079;0;1;0;1;0;0;0;0;0;0;0;0;0;0;0;0;0;0;0;0;0;0;5.0537109375;1;0;0;0
57570;7.85107421875;7.093017578125;22.093017578125;0;14.241943359375;0;0;0;0;0;0;0;0;0;0;0;0;0;0;0;0;0;0;0;100;0;896079;0;1;0;1;0;0;0;0;0;0;0;0;0;0;0;0;0;0;0;0;0;0;5.0537109375;1;0;0;0
57672;7.85107421875;7.093017578125;22.093017578125;0;14.241943359375;0;0;0;0;0;0;0;0;0;0;0;0;0;0;0;0;0;0;0;100;0;896079;0;1;0;1;0;0;0;0;0;0;0;0;0;0;0;0;0;0;0;0;0;0;5.0537109375;1;0;0;0
57773;7.85107421875;7.093017578125;22.093017578125;0;14.241943359375;0;0;0;0;0;0;0;0;0;0;0;0;0;0;0;0;0;0;0;100;0;896079;0;1;0;1;0;0;0;0;0;0;0;0;0;0;0;0;0;0;0;0;0;0;5.0537109375;1;0;0;0
57872;7.85107421875;7.093017578125;22.093017578125;0;14.241943359375;0;0;0;0;0;0;0;0;0;0;0;0;0;0;0;0;0;0;0;100;0;896079;0;1;0;1;0;0;0;0;0;0;0;0;0;0;0;0;0;0;0;0;0;0;5.0537109375;1;0;0;0
57972;7.85107421875;7.093017578125;22.093017578125;0;14.241943359375;0;0;0;0;0;0;0;0;0;0;0;0;0;0;0;0;0;0;0;100;0;896079;0;1;0;1;0;0;0;0;0;0;0;0;0;0;0;0;0;0;0;0;0;0;5.0537109375;1;0;0;0
58074;7.85107421875;7.093017578125;22.093017578125;0;14.241943359375;0;0;0;0;0;0;0;0;0;0;0;0;0;0;0;0;0;0;0;100;0;896079;0;1;0;1;0;0;0;0;0;0;0;0;0;0;0;0;0;0;0;0;0;0;5.0537109375;1;0;0;0
58173;7.85107421875;7.093017578125;22.093017578125;0;14.241943359375;0;0;0;0;0;0;0;0;0;0;0;0;0;0;0;0;0;0;0;100;0;896079;0;1;0;1;0;0;0;0;0;0;0;0;0;0;0;0;0;0;0;0;0;0;5.0537109375;1;0;0;0
58275;7.85107421875;7.093017578125;22.093017578125;0;14.241943359375;0;0;0;0;0;0;0;0;0;0;0;0;0;0;0;0;0;0;0;100;0;896079;0;1;0;1;0;0;0;0;0;0;0;0;0;0;0;0;0;0;0;0;0;0;5.0537109375;1;0;0;0
58374;7.85107421875;7.093017578125;22.093017578125;0;14.241943359375;0;0;0;0;0;0;0;0;0;0;0;0;0;0;0;0;0;0;0;100;0;896079;0;1;0;1;0;0;0;0;0;0;0;0;0;0;0;0;0;0;0;0;0;0;5.0537109375;1;0;0;0
58475;7.85107421875;7.093017578125;22.093017578125;0;14.241943359375;0;0;0;0;0;0;0;0;0;0;0;0;0;0;0;0;0;0;0;100;0;896079;0;1;0;1;0;0;0;0;0;0;0;0;0;0;0;0;0;0;0;0;0;0;5.0537109375;1;0;0;0
58574;7.85107421875;7.093017578125;22.093017578125;0;14.241943359375;0;0;0;0;0;0;0;0;0;0;0;0;0;0;0;0;0;0;0;100;0;896079;0;1;0;1;0;0;0;0;0;0;0;0;0;0;0;0;0;0;0;0;0;0;5.0537109375;1;0;0;0
58677;7.85107421875;7.093017578125;22.093017578125;0;14.241943359375;0;0;0;0;0;0;0;0;0;0;0;0;0;0;0;0;0;0;0;100;0;896079;0;1;0;1;0;0;0;0;0;0;0;0;0;0;0;0;0;0;0;0;0;0;5.0537109375;1;0;0;0
58775;7.85107421875;7.093017578125;22.093017578125;0;14.241943359375;0;0;0;0;0;0;0;0;0;0;0;0;0;0;0;0;0;0;0;100;0;896079;0;1;0;1;0;0;0;0;0;0;0;0;0;0;0;0;0;0;0;0;0;0;5.0537109375;1;0;0;0
58877;7.85107421875;7.093017578125;22.093017578125;0;14.241943359375;0;0;0;0;0;0;0;0;0;0;0;0;0;0;0;0;0;0;0;100;0;896079;0;1;0;1;0;0;0;0;0;0;0;0;0;0;0;0;0;0;0;0;0;0;5.0537109375;1;0;0;0
58976;7.85107421875;7.093017578125;22.093017578125;0;14.241943359375;0;0;0;0;0;0;0;0;0;0;0;0;0;0;0;0;0;0;0;100;0;896079;0;1;0;1;0;0;0;0;0;0;0;0;0;0;0;0;0;0;0;0;0;0;5.0537109375;1;0;0;0
59078;7.85107421875;7.093017578125;22.093017578125;0;14.241943359375;0;0;0;0;0;0;0;0;0;0;0;0;0;0;0;0;0;0;0;100;0;896079;0;1;0;1;0;0;0;0;0;0;0;0;0;0;0;0;0;0;0;0;0;0;5.0537109375;1;0;0;0
59178;7.85107421875;7.093017578125;22.093017578125;0;14.241943359375;0;0;0;0;0;0;0;0;0;0;0;0;0;0;0;0;0;0;0;100;0;896079;0;1;0;1;0;0;0;0;0;0;0;0;0;0;0;0;0;0;0;0;0;0;5.0537109375;1;0;0;0
59279;7.85107421875;7.093017578125;22.093017578125;0;14.241943359375;0;0;0;0;0;0;0;0;0;0;0;0;0;0;0;0;0;0;0;100;0;896079;0;1;0;1;0;0;0;0;0;0;0;0;0;0;0;0;0;0;0;0;0;0;5.0537109375;1;0;0;0
59379;7.85107421875;7.093017578125;22.093017578125;0;14.241943359375;0;0;0;0;0;0;0;0;0;0;0;0;0;0;0;0;0;0;0;100;0;896079;0;1;0;1;0;0;0;0;0;0;0;0;0;0;0;0;0;0;0;0;0;0;5.0537109375;1;0;0;0
59481;7.85107421875;7.093017578125;22.093017578125;0;14.241943359375;0;0;0;0;0;0;0;0;0;0;0;0;0;0;0;0;0;0;0;100;0;896079;0;1;0;1;0;0;0;0;0;0;0;0;0;0;0;0;0;0;0;0;0;0;5.0537109375;1;0;0;0
59579;7.85107421875;7.093017578125;22.093017578125;0;14.241943359375;0;0;0;0;0;0;0;0;0;0;0;0;0;0;0;0;0;0;0;100;0;896079;0;1;0;1;0;0;0;0;0;0;0;0;0;0;0;0;0;0;0;0;0;0;5.0537109375;1;0;0;0
59682;7.85107421875;7.093017578125;22.093017578125;0;14.241943359375;0;0;0;0;0;0;0;0;0;0;0;0;0;0;0;0;0;0;0;100;0;896079;0;1;0;1;0;0;0;0;0;0;0;0;0;0;0;0;0;0;0;0;0;0;5.0537109375;1;0;0;0
59782;7.85107421875;7.093017578125;22.093017578125;0;14.241943359375;0;0;0;0;0;0;0;0;0;0;0;0;0;0;0;0;0;0;0;100;0;896079;0;1;0;1;0;0;0;0;0;0;0;0;0;0;0;0;0;0;0;0;0;0;5.0537109375;1;0;0;0
59883;7.85107421875;7.093017578125;22.093017578125;0;14.241943359375;0;0;0;0;0;0;0;0;0;0;0;0;0;0;0;0;0;0;0;100;0;896079;0;1;0;1;0;0;0;0;0;0;0;0;0;0;0;0;0;0;0;0;0;0;5.0537109375;1;0;0;0
59983;7.85107421875;7.093017578125;22.093017578125;0;14.241943359375;0;0;0;0;0;0;0;0;0;0;0;0;0;0;0;0;0;0;0;100;0;896079;0;1;0;1;0;0;0;0;0;0;0;0;0;0;0;0;0;0;0;0;0;0;5.0537109375;1;0;0;0
60083;7.85107421875;7.093017578125;22.093017578125;0;14.241943359375;0;0;0;0;0;0;0;0;0;0;0;0;0;0;0;0;0;0;0;100;0;896079;0;1;0;1;0;0;0;0;0;0;0;0;0;0;0;0;0;0;0;0;0;0;5.0537109375;1;0;0;0
60184;7.85107421875;7.093017578125;22.093017578125;0;14.241943359375;0;0;0;0;0;0;0;0;0;0;0;0;0;0;0;0;0;0;0;100;0;896079;0;1;0;1;0;0;0;0;0;0;0;0;0;0;0;0;0;0;0;0;0;0;5.0537109375;1;0;0;0
60286;7.85107421875;7.093017578125;22.093017578125;0;14.241943359375;0;0;0;0;0;0;0;0;0;0;0;0;0;0;0;0;0;0;0;100;0;896079;0;1;0;1;0;0;0;0;0;0;0;0;0;0;0;0;0;0;0;0;0;0;5.0537109375;1;0;0;0
60385;7.85107421875;7.093017578125;22.093017578125;0;14.241943359375;0;0;0;0;0;0;0;0;0;0;0;0;0;0;0;0;0;0;0;100;0;896079;0;1;0;1;0;0;0;0;0;0;0;0;0;0;0;0;0;0;0;0;0;0;5.0537109375;1;0;0;0
60487;7.85107421875;7.093017578125;22.093017578125;0;14.241943359375;0;0;0;0;0;0;0;0;0;0;0;0;0;0;0;0;0;0;0;100;0;896079;0;1;0;1;0;0;0;0;0;0;0;0;0;0;0;0;0;0;0;0;0;0;5.0537109375;1;0;0;0
60586;7.85107421875;7.093017578125;22.093017578125;0;14.241943359375;0;0;0;0;0;0;0;0;0;0;0;0;0;0;0;0;0;0;0;100;0;896079;0;1;0;1;0;0;0;0;0;0;0;0;0;0;0;0;0;0;0;0;0;0;5.0537109375;1;0;0;0
60687;7.85107421875;7.093017578125;22.093017578125;0;14.241943359375;0;0;0;0;0;0;0;0;0;0;0;0;0;0;0;0;0;0;0;100;0;896079;0;1;0;1;0;0;0;0;0;0;0;0;0;0;0;0;0;0;0;0;0;0;5.0537109375;1;0;0;0
60787;7.85107421875;7.093017578125;22.093017578125;0;14.241943359375;0;0;0;0;0;0;0;0;0;0;0;0;0;0;0;0;0;0;0;100;0;896079;0;1;0;1;0;0;0;0;0;0;0;0;0;0;0;0;0;0;0;0;0;0;5.0537109375;1;0;0;0
60887;7.85107421875;7.093017578125;22.093017578125;0;14.241943359375;0;0;0;0;0;0;0;0;0;0;0;0;0;0;0;0;0;0;0;100;0;896079;0;1;0;1;0;0;0;0;0;0;0;0;0;0;0;0;0;0;0;0;0;0;5.0537109375;1;0;0;0
60987;7.85107421875;7.093017578125;22.093017578125;0;14.241943359375;0;0;0;0;0;0;0;0;0;0;0;0;0;0;0;0;0;0;0;100;0;896079;0;1;0;1;0;0;0;0;0;0;0;0;0;0;0;0;0;0;0;0;0;0;5.0537109375;1;0;0;0
61088;7.85107421875;7.093017578125;22.093017578125;0;14.241943359375;0;0;0;0;0;0;0;0;0;0;0;0;0;0;0;0;0;0;0;100;0;896079;0;1;0;1;0;0;0;0;0;0;0;0;0;0;0;0;0;0;0;0;0;0;5.0537109375;1;0;0;0
61188;7.85107421875;7.093017578125;22.093017578125;0;14.241943359375;0;0;0;0;0;0;0;0;0;0;0;0;0;0;0;0;0;0;0;100;0;896079;0;1;0;1;0;0;0;0;0;0;0;0;0;0;0;0;0;0;0;0;0;0;5.0537109375;1;0;0;0
61288;7.85107421875;7.093017578125;22.093017578125;0;14.241943359375;0;0;0;0;0;0;0;0;0;0;0;0;0;0;0;0;0;0;0;100;0;896079;0;1;0;1;0;0;0;0;0;0;0;0;0;0;0;0;0;0;0;0;0;0;5.0537109375;1;0;0;0
61388;7.85107421875;7.093017578125;22.093017578125;0;14.241943359375;0;0;0;0;0;0;0;0;0;0;0;0;0;0;0;0;0;0;0;100;0;896079;0;1;0;1;0;0;0;0;0;0;0;0;0;0;0;0;0;0;0;0;0;0;5.0537109375;1;0;0;0
61489;7.85107421875;7.093017578125;22.093017578125;0;14.241943359375;0;0;0;0;0;0;0;0;0;0;0;0;0;0;0;0;0;0;0;100;0;896079;0;1;0;1;0;0;0;0;0;0;0;0;0;0;0;0;0;0;0;0;0;0;5.0537109375;1;0;0;0
61591;7.85107421875;7.093017578125;22.093017578125;0;14.241943359375;0;0;0;0;0;0;0;0;0;0;0;0;0;0;0;0;0;0;0;100;0;896079;0;1;0;1;0;0;0;0;0;0;0;0;0;0;0;0;0;0;0;0;0;0;5.0537109375;1;0;0;0
61690;7.85107421875;7.093017578125;22.093017578125;0;14.241943359375;0;0;0;0;0;0;0;0;0;0;0;0;0;0;0;0;0;0;0;100;0;896079;0;1;0;1;0;0;0;0;0;0;0;0;0;0;0;0;0;0;0;0;0;0;5.0537109375;1;0;0;0
61791;7.85107421875;7.093017578125;22.093017578125;0;14.241943359375;0;0;0;0;0;0;0;0;0;0;0;0;0;0;0;0;0;0;0;100;0;896079;0;1;0;1;0;0;0;0;0;0;0;0;0;0;0;0;0;0;0;0;0;0;5.0537109375;1;0;0;0
61892;7.85107421875;7.093017578125;22.093017578125;0;14.241943359375;0;0;0;0;0;0;0;0;0;0;0;0;0;0;0;0;0;0;0;100;0;896079;0;1;0;1;0;0;0;0;0;0;0;0;0;0;0;0;0;0;0;0;0;0;5.0537109375;1;0;0;0
61994;7.85107421875;7.093017578125;22.093017578125;0;14.241943359375;0;0;0;0;0;0;0;0;0;0;0;0;0;0;0;0;0;0;0;100;0;896079;0;1;0;1;0;0;0;0;0;0;0;0;0;0;0;0;0;0;0;0;0;0;5.0537109375;1;0;0;0
62094;7.85107421875;7.093017578125;22.093017578125;0;14.241943359375;0;0;0;0;0;0;0;0;0;0;0;0;0;0;0;0;0;0;0;100;0;896079;0;1;0;1;0;0;0;0;0;0;0;0;0;0;0;0;0;0;0;0;0;0;5.0537109375;1;0;0;0
62194;7.85107421875;7.093017578125;22.093017578125;0;14.241943359375;0;0;0;0;0;0;0;0;0;0;0;0;0;0;0;0;0;0;0;100;0;896079;0;1;0;1;0;0;0;0;0;0;0;0;0;0;0;0;0;0;0;0;0;0;5.0537109375;1;0;0;0
62295;7.85107421875;7.093017578125;22.093017578125;0;14.241943359375;0;0;0;0;0;0;0;0;0;0;0;0;0;0;0;0;0;0;0;100;0;896079;0;1;0;1;0;0;0;0;0;0;0;0;0;0;0;0;0;0;0;0;0;0;5.0537109375;1;0;0;0
62394;7.85107421875;7.093017578125;22.093017578125;0;14.241943359375;0;0;0;0;0;0;0;0;0;0;0;0;0;0;0;0;0;0;0;100;0;896079;0;1;0;1;0;0;0;0;0;0;0;0;0;0;0;0;0;0;0;0;0;0;5.0537109375;1;0;0;0
62495;7.85107421875;7.093017578125;22.093017578125;0;14.241943359375;0;0;0;0;0;0;0;0;0;0;0;0;0;0;0;0;0;0;0;100;0;896079;0;1;0;1;0;0;0;0;0;0;0;0;0;0;0;0;0;0;0;0;0;0;5.0537109375;1;0;0;0
62596;7.85107421875;7.093017578125;22.093017578125;0;14.241943359375;0;0;0;0;0;0;0;0;0;0;0;0;0;0;0;0;0;0;0;100;0;896079;0;1;0;1;0;0;0;0;0;0;0;0;0;0;0;0;0;0;0;0;0;0;5.0537109375;1;0;0;0
62695;7.85107421875;7.093017578125;22.093017578125;0;14.241943359375;0;0;0;0;0;0;0;0;0;0;0;0;0;0;0;0;0;0;0;100;0;896079;0;1;0;1;0;0;0;0;0;0;0;0;0;0;0;0;0;0;0;0;0;0;5.0537109375;1;0;0;0
62796;7.85107421875;7.093017578125;22.093017578125;0;14.241943359375;0;0;0;0;0;0;0;0;0;0;0;0;0;0;0;0;0;0;0;100;0;896079;0;1;0;1;0;0;0;0;0;0;0;0;0;0;0;0;0;0;0;0;0;0;5.0537109375;1;0;0;0
62896;7.85107421875;7.093017578125;22.093017578125;0;14.241943359375;0;0;0;0;0;0;0;0;0;0;0;0;0;0;0;0;0;0;0;100;0;896079;0;1;0;1;0;0;0;0;0;0;0;0;0;0;0;0;0;0;0;0;0;0;5.0537109375;1;0;0;0
62998;7.85107421875;7.093017578125;22.093017578125;0;14.241943359375;0;0;0;0;0;0;0;0;0;0;0;0;0;0;0;0;0;0;0;100;0;896079;0;1;0;1;0;0;0;0;0;0;0;0;0;0;0;0;0;0;0;0;0;0;5.0537109375;1;0;0;0
63098;7.85107421875;7.093017578125;22.093017578125;0;14.241943359375;0;0;0;0;0;0;0;0;0;0;0;0;0;0;0;0;0;0;0;100;0;896079;0;1;0;1;0;0;0;0;0;0;0;0;0;0;0;0;0;0;0;0;0;0;5.0537109375;1;0;0;0
63199;7.85107421875;7.093017578125;22.093017578125;0;14.241943359375;0;0;0;0;0;0;0;0;0;0;0;0;0;0;0;0;0;0;0;100;0;896079;0;1;0;1;0;0;0;0;0;0;0;0;0;0;0;0;0;0;0;0;0;0;5.0537109375;1;0;0;0
63299;7.85107421875;7.093017578125;22.093017578125;0;14.241943359375;0;0;0;0;0;0;0;0;0;0;0;0;0;0;0;0;0;0;0;100;0;896079;0;1;0;1;0;0;0;0;0;0;0;0;0;0;0;0;0;0;0;0;0;0;5.0537109375;1;0;0;0
63401;7.85107421875;7.093017578125;22.093017578125;0;14.241943359375;0;0;0;0;0;0;0;0;0;0;0;0;0;0;0;0;0;0;0;100;0;896079;0;1;0;1;0;0;0;0;0;0;0;0;0;0;0;0;0;0;0;0;0;0;5.0537109375;1;0;0;0
63499;7.85107421875;7.093017578125;22.093017578125;0;14.241943359375;0;0;0;0;0;0;0;0;0;0;0;0;0;0;0;0;0;0;0;100;0;896079;0;1;0;1;0;0;0;0;0;0;0;0;0;0;0;0;0;0;0;0;0;0;5.0537109375;1;0;0;0
63601;7.85107421875;7.093017578125;22.093017578125;0;14.241943359375;0;0;0;0;0;0;0;0;0;0;0;0;0;0;0;0;0;0;0;100;0;896079;0;1;0;1;0;0;0;0;0;0;0;0;0;0;0;0;0;0;0;0;0;0;5.0537109375;1;0;0;0
63700;7.85107421875;7.093017578125;22.093017578125;0;14.241943359375;0;0;0;0;0;0;0;0;0;0;0;0;0;0;0;0;0;0;0;100;0;896079;0;1;0;1;0;0;0;0;0;0;0;0;0;0;0;0;0;0;0;0;0;0;5.0537109375;1;0;0;0
63801;7.85107421875;7.093017578125;22.093017578125;0;14.241943359375;0;0;0;0;0;0;0;0;0;0;0;0;0;0;0;0;0;0;0;100;0;896079;0;1;0;1;0;0;0;0;0;0;0;0;0;0;0;0;0;0;0;0;0;0;5.0537109375;1;0;0;0
63901;7.85107421875;7.093017578125;22.093017578125;0;14.241943359375;0;0;0;0;0;0;0;0;0;0;0;0;0;0;0;0;0;0;0;100;0;896079;0;1;0;1;0;0;0;0;0;0;0;0;0;0;0;0;0;0;0;0;0;0;5.0537109375;1;0;0;0
64003;7.85107421875;7.093017578125;22.093017578125;0;14.241943359375;0;0;0;0;0;0;0;0;0;0;0;0;0;0;0;0;0;0;0;100;0;896079;0;1;0;1;0;0;0;0;0;0;0;0;0;0;0;0;0;0;0;0;0;0;5.0537109375;1;0;0;0
64102;7.85107421875;7.093017578125;22.093017578125;0;14.241943359375;0;0;0;0;0;0;0;0;0;0;0;0;0;0;0;0;0;0;0;100;0;896079;0;1;0;1;0;0;0;0;0;0;0;0;0;0;0;0;0;0;0;0;0;0;5.0537109375;1;0;0;0
64203;7.85107421875;7.093017578125;22.093017578125;0;14.241943359375;0;0;0;0;0;0;0;0;0;0;0;0;0;0;0;0;0;0;0;100;0;896079;0;1;0;1;0;0;0;0;0;0;0;0;0;0;0;0;0;0;0;0;0;0;5.0537109375;1;0;0;0
64303;7.85107421875;7.093017578125;22.093017578125;0;14.241943359375;0;0;0;0;0;0;0;0;0;0;0;0;0;0;0;0;0;0;0;100;0;896079;0;1;0;1;0;0;0;0;0;0;0;0;0;0;0;0;0;0;0;0;0;0;5.0537109375;1;0;0;0
64403;7.85107421875;7.093017578125;22.093017578125;0;14.241943359375;0;0;0;0;0;0;0;0;0;0;0;0;0;0;0;0;0;0;0;100;0;896079;0;1;0;1;0;0;0;0;0;0;0;0;0;0;0;0;0;0;0;0;0;0;5.0537109375;1;0;0;0
64504;7.85107421875;7.093017578125;22.093017578125;0;14.241943359375;0;0;0;0;0;0;0;0;0;0;0;0;0;0;0;0;0;0;0;100;0;896079;0;1;0;1;0;0;0;0;0;0;0;0;0;0;0;0;0;0;0;0;0;0;5.0537109375;1;0;0;0
64605;7.85107421875;7.093017578125;22.093017578125;0;14.241943359375;0;0;0;0;0;0;0;0;0;0;0;0;0;0;0;0;0;0;0;100;0;896079;0;1;0;1;0;0;0;0;0;0;0;0;0;0;0;0;0;0;0;0;0;0;5.0537109375;1;0;0;0
64705;7.85107421875;7.093017578125;22.093017578125;0;14.241943359375;0;0;0;0;0;0;0;0;0;0;0;0;0;0;0;0;0;0;0;100;0;896079;0;1;0;1;0;0;0;0;0;0;0;0;0;0;0;0;0;0;0;0;0;0;5.0537109375;1;0;0;0
64806;7.85107421875;7.093017578125;22.093017578125;0;14.241943359375;0;0;0;0;0;0;0;0;0;0;0;0;0;0;0;0;0;0;0;100;0;896079;0;1;0;1;0;0;0;0;0;0;0;0;0;0;0;0;0;0;0;0;0;0;5.0537109375;1;0;0;0
64907;7.85107421875;7.093017578125;22.093017578125;0;14.241943359375;0;0;0;0;0;0;0;0;0;0;0;0;0;0;0;0;0;0;0;100;0;896079;0;1;0;1;0;0;0;0;0;0;0;0;0;0;0;0;0;0;0;0;0;0;5.0537109375;1;0;0;0
65008;7.85107421875;7.093017578125;22.093017578125;0;14.241943359375;0;0;0;0;0;0;0;0;0;0;0;0;0;0;0;0;0;0;0;100;0;896079;0;1;0;1;0;0;0;0;0;0;0;0;0;0;0;0;0;0;0;0;0;0;5.0537109375;1;0;0;0
65109;7.85107421875;7.093017578125;22.093017578125;0;14.241943359375;0;0;0;0;0;0;0;0;0;0;0;0;0;0;0;0;0;0;0;100;0;896079;0;1;0;1;0;0;0;0;0;0;0;0;0;0;0;0;0;0;0;0;0;0;5.0537109375;1;0;0;0
65210;7.85107421875;7.093017578125;22.093017578125;0;14.241943359375;0;0;0;0;0;0;0;0;0;0;0;0;0;0;0;0;0;0;0;100;0;896079;0;1;0;1;0;0;0;0;0;0;0;0;0;0;0;0;0;0;0;0;0;0;5.0537109375;1;0;0;0
65311;7.85107421875;7.093017578125;22.093017578125;0;14.241943359375;0;0;0;0;0;0;0;0;0;0;0;0;0;0;0;0;0;0;0;100;0;896079;0;1;0;1;0;0;0;0;0;0;0;0;0;0;0;0;0;0;0;0;0;0;5.0537109375;1;0;0;0
65412;7.85107421875;7.093017578125;22.093017578125;0;14.241943359375;0;0;0;0;0;0;0;0;0;0;0;0;0;0;0;0;0;0;0;100;0;896079;0;1;0;1;0;0;0;0;0;0;0;0;0;0;0;0;0;0;0;0;0;0;5.0537109375;1;0;0;0
65513;7.85107421875;7.093017578125;22.093017578125;0;14.241943359375;0;0;0;0;0;0;0;0;0;0;0;0;0;0;0;0;0;0;0;100;0;896079;0;1;0;1;0;0;0;0;0;0;0;0;0;0;0;0;0;0;0;0;0;0;5.0537109375;1;0;0;0
65613;7.85107421875;7.093017578125;22.093017578125;0;14.241943359375;0;0;0;0;0;0;0;0;0;0;0;0;0;0;0;0;0;0;0;100;0;896079;0;1;0;1;0;0;0;0;0;0;0;0;0;0;0;0;0;0;0;0;0;0;5.0537109375;1;0;0;0
65715;7.85107421875;7.093017578125;22.093017578125;0;14.241943359375;0;0;0;0;0;0;0;0;0;0;0;0;0;0;0;0;0;0;0;100;0;896079;0;1;0;1;0;0;0;0;0;0;0;0;0;0;0;0;0;0;0;0;0;0;5.0537109375;1;0;0;0
65813;7.85107421875;7.093017578125;22.093017578125;0;14.241943359375;0;0;0;0;0;0;0;0;0;0;0;0;0;0;0;0;0;0;0;100;0;896079;0;1;0;1;0;0;0;0;0;0;0;0;0;0;0;0;0;0;0;0;0;0;5.0537109375;1;0;0;0
65915;7.85107421875;7.093017578125;22.093017578125;0;14.241943359375;0;0;0;0;0;0;0;0;0;0;0;0;0;0;0;0;0;0;0;100;0;896079;0;1;0;1;0;0;0;0;0;0;0;0;0;0;0;0;0;0;0;0;0;0;5.0537109375;1;0;1;84
66013;7.85107421875;7.093017578125;22.093017578125;0;14.241943359375;0;0;0;0;0;0;0;0;0;0;0;0;0;0;0;0;0;0;0;100;0;896079;0;1;0;1;0;0;0;0;0;0;0;0;0;0;0;0;0;0;0;0;0;0;5.0537109375;1;0;1;179
66114;7.85107421875;7.093017578125;22.093017578125;0;14.241943359375;0;0;0;0;0;0;0;0;0;0;0;0;0;0;0;0;0;0;0;100;0;896079;0;1;0;1;0;0;0;0;0;0;0;0;0;0;0;0;0;0;0;0;0;0;5.0537109375;1;0;1;283
66215;7.85107421875;7.093017578125;22.093017578125;0;14.241943359375;0;0;0;0;0;0;0;0;0;0;0;0;0;0;0;0;0;0;0;100;0;896079;0;1;0;1;0;0;0;0;0;0;0;0;0;0;0;0;0;0;0;0;0;0;5.0537109375;1;0;1;387
66317;7.85107421875;7.093017578125;22.093017578125;0;14.241943359375;0;0;0;0;0;0;0;0;0;0;0;0;0;0;0;0;0;0;0;100;0;896079;0;1;0;1;0;0;0;0;0;0;0;0;0;0;0;0;0;0;0;0;0;0;5.0537109375;1;0;1;484
66417;7.85107421875;7.093017578125;22.093017578125;0;14.241943359375;0;0;0;0;0;0;0;0;0;0;0;0;0;0;0;0;0;0;2250;50;0;896079;0;1;0;1;0;0;0;0;0;0;0;0;0;0;0;0;0;0;0;0;0;0;5.0537109375;1;0;1;591
66518;7.85107421875;7.093017578125;22.093017578125;0;14.241943359375;0;0;0;0;0;0;0;0;0;0;0;0;0;0;0;0;0;0;4750;0;0;896079;0;1;0;1;0;0;0;0;0;0;0;0;0;0;0;0;0;0;0;0;0;0;5.0537109375;1;0;0;0
66618;7.85107421875;7.093017578125;22.093017578125;0;14.241943359375;0;0;0;0;0;0;0;0;0;0;0;0;0;0;0;0;0;0;5000;0;0;896079;0;1;0;0;0;0;0;0;0;0;0;0;0;0;0;0;0;0;0;0;0;0;5.0537109375;1;0;0;0
66717;7.85107421875;7.093017578125;22.093017578125;0;14.241943359375;0;0;0;0;0;0;0;0;0;0;0;0;0;0;0;0;0;0;5000;0;0;896079;0;1;0;0;0;0;0;0;0;0;0;0;0;0;0;0;0;0;0;0;0;0;5.0537109375;1;0;0;0
66817;7.85107421875;7.093017578125;22.093017578125;0;14.241943359375;0;0;0;0;0;0;0;0;0;0;0;0;0;0;0;0;0;0;5000;0;0;896079;0;1;0;0;0;0;0;0;0;0;0;0;0;0;0;0;0;0;0;0;0;0;5.0537109375;1;0;0;0
66918;7.85107421875;7.093017578125;22.093017578125;0;14.241943359375;0;0;0;0;0;0;0;0;0;0;0;0;0;0;0;0;0;0;5000;0;0;896079;0;1;0;0;0;0;0;0;0;0;0;0;0;0;0;0;0;0;0;0;0;0;5.0537109375;1;0;0;0
67019;7.85107421875;7.093017578125;22.093017578125;0;14.241943359375;0;0;0;0;0;0;0;0;0;0;0;0;0;0;0;0;0;0;5000;0;0;896079;0;1;0;0;0;0;0;0;0;0;0;0;0;0;0;0;0;0;0;0;0;0;5.0537109375;1;0;0;0
67119;7.85107421875;7.093017578125;22.093017578125;0;14.241943359375;0;0;0;0;0;0;0;0;0;0;0;0;0;0;0;0;0;0;5000;0;0;896079;0;1;0;0;0;0;0;0;0;0;0;0;0;0;0;0;0;0;0;0;0;0;5.0537109375;1;0;0;0
67220;7.85107421875;7.093017578125;22.093017578125;0;14.241943359375;0;0;0;0;0;0;0;0;0;0;0;0;0;0;0;0;0;0;5000;0;0;896079;0;1;0;0;0;0;0;0;0;0;0;0;0;0;0;0;0;0;0;0;0;0;5.0537109375;1;0;0;0
67322;7.85107421875;7.093017578125;22.093017578125;0;14.241943359375;0;0;0;0;0;0;0;0;0;0;0;0;0;0;0;0;0;0;5000;0;0;896079;0;1;0;0;0;0;0;0;0;0;0;0;0;0;0;0;0;0;0;0;0;0;5.0537109375;1;0;0;0
67422;7.85107421875;7.093017578125;22.093017578125;0;14.241943359375;0;0;0;0;0;0;0;0;0;0;0;0;0;0;0;0;0;0;5000;0;0;896079;0;1;0;0;0;0;0;0;0;0;0;0;0;0;0;0;0;0;0;0;0;0;5.0537109375;1;0;0;0
67522;7.85107421875;7.093017578125;22.093017578125;0;14.241943359375;0;0;0;0;0;0;0;0;0;0;0;0;0;0;0;0;0;0;5000;0;0;896079;0;1;0;0;0;0;0;0;0;0;0;0;0;0;0;0;0;0;0;0;0;0;5.0537109375;1;0;0;0
67622;7.85107421875;7.093017578125;22.093017578125;0;14.241943359375;0;0;0;0;0;0;0;0;0;0;0;0;0;0;0;0;0;0;5000;0;0;896079;0;1;0;0;0;0;0;0;0;0;0;0;0;0;0;0;0;0;0;0;0;0;5.0537109375;1;0;0;0
67722;7.85107421875;7.093017578125;22.093017578125;0;14.241943359375;0;0;0;0;0;0;0;0;0;0;0;0;0;0;0;0;0;0;4667;0;0;896079;0;1;0;0;0;0;0;0;0;0;0;0;0;0;0;0;0;0;0;0;0;0;5.0537109375;1;0;0;0
67822;7.85107421875;7.093017578125;22.093017578125;0;14.241943359375;0;0;0;0;0;0;0;0;0;0;0;0;0;0;0;0;0;0;4202;15.960000038146973;0;896079;0;1;0;1;0;0;0;0;0;0;0;0;0;0;0;0;0;0;0;0;0;0;5.0537109375;1;0;1;84
67924;7.85107421875;7.093017578125;22.093017578125;0;14.241943359375;0;0;0;0;0;0;0;0;0;0;0;0;0;0;0;0;0;0;3848;23.039999008178711;0;896079;0;1;0;1;0;0;0;0;0;0;0;0;0;0;0;0;0;0;0;0;0;0;5.0537109375;1;0;1;179
68024;7.85107421875;7.093017578125;22.093017578125;0;14.241943359375;0;0;0;0;0;0;0;0;0;0;0;0;0;0;0;0;0;0;3693;26.14000129699707;0;896079;0;1;0;1;0;0;0;0;0;0;0;0;0;0;0;0;0;0;0;0;0;0;5.0537109375;1;0;1;282
68124;7.85107421875;7.093017578125;22.093017578125;0;14.241943359375;0;0;0;0;0;0;0;0;0;0;0;0;0;0;0;0;0;0;3438;31.240001678466797;0;896079;0;1;0;1;0;0;0;0;0;0;0;0;0;0;0;0;0;0;0;0;0;0;5.0537109375;1;0;1;388
68226;7.85107421875;7.093017578125;22.093017578125;0;14.241943359375;0;0;0;0;0;0;0;0;0;0;0;0;0;0;0;0;0;0;3123;37.540000915527344;0;896079;0;1;0;1;0;0;0;0;0;0;0;0;0;0;0;0;0;0;0;0;0;0;5.0537109375;1;0;1;483
68326;7.85107421875;7.093017578125;22.093017578125;0;14.241943359375;0;0;0;0;0;0;0;0;0;0;0;0;0;0;0;0;0;0;2678;46.439998626708984;0;896079;0;1;0;1;0;0;0;0;0;0;0;0;0;0;0;0;0;0;0;0;0;0;5.0537109375;1;0;1;589
68427;7.85107421875;7.093017578125;22.093017578125;0;14.241943359375;0;0;0;0;0;0;0;0;0;0;0;0;0;0;0;0;0;0;2242;55.159996032714844;0;896079;0;1;0;1;0;0;0;0;0;0;0;0;0;0;0;0;0;0;0;0;0;0;5.0537109375;1;0;1;684
68526;7.85107421875;7.093017578125;22.093017578125;0;14.241943359375;0;0;0;0;0;0;0;0;0;0;0;0;0;0;0;0;0;0;2125;57.5;0;896079;0;1;0;1;0;0;0;0;0;0;0;0;0;0;0;0;0;0;0;0;0;0;5.0537109375;1;0;1;784
68628;7.85107421875;7.093017578125;22.093017578125;0;14.241943359375;0;0;0;0;0;0;0;0;0;0;0;0;0;0;0;0;0;0;1900;62;0;896079;0;1;0;1;0;0;0;0;0;0;0;0;0;0;0;0;0;0;0;0.758056640625;0;0;5.0537109375;1;0;1;891
68728;7.85107421875;7.093017578125;22.093017578125;0;14.241943359375;0;0;0;0;0;0;0;0;0;0;0;0;0;0;0;0;0;0;1612;67.760002136230469;0;896079;0;1;0;1;0;0;0;0;0;0;0;0;0;0;0;0;0;0;0;0.758056640625;0;0;5.0537109375;1;0;1;986
68829;7.85107421875;7.093017578125;22.093017578125;0;14.241943359375;0;0;0;0;0;0;0;0;0;0;0;0;0;0;0;0;0;0;1197;76.05999755859375;0;896079;0;1;0;1;0;0;0;0;0;0;0;0;0;0;0;0;0;0;0;0.758056640625;0;0;5.0537109375;1;0;1;1093
68928;7.85107421875;7.093017578125;22.093017578125;0;14.241943359375;0;0;0;0;0;0;0;0;0;0;0;0;0;0;0;0;0;0;738;85.239997863769531;0;896079;0;1;0;1;0;0;0;0;0;0;0;0;0;0;0;0;0;0;0;0.758056640625;0;0;5.0537109375;1;0;1;1190
69030;7.85107421875;7.093017578125;22.093017578125;0;14.241943359375;0;0;0;0;0;0;0;0;0;0;0;0;0;0;0;0;0;0;548;89.040000915527344;0;896079;0;1;0;1;0;0;0;0;0;0;0;0;0;0;0;0;0;0;0;0.758056640625;0;0;5.0537109375;1;0;1;1286
69131;7.85107421875;7.093017578125;22.093017578125;0;14.241943359375;0;0;0;0;0;0;0;0;0;0;0;0;0;0;0;0;0;0;353;92.94000244140625;0;896079;0;1;0;1;0;0;0;0;0;0;0;0;0;0;0;0;0;0;0;0.758056640625;0;0;5.0537109375;1;0;1;1393
69231;7.85107421875;7.093017578125;22.093017578125;0;14.241943359375;0;0;0;0;0;0;0;0;0;0;0;0;0;0;0;0;0;0;92;98.159996032714844;0;896079;0;1;0;1;0;0;0;0;0;0;0;0;0;0;0;0;0;0;0;0.758056640625;0;0;5.0537109375;1;0;1;1489
69330;7.85107421875;7.093017578125;22.093017578125;0;14.241943359375;0;0;0;0;0;0;0;0;0;0;0;0;0;0;0;0;0;0;0;100;0;896079;0;1;0;1;0;0;0;0;0;0;0;0;0;0;0;0;0;0;0;0.758056640625;0;0;5.0537109375;1;0;1;1596
69431;7.85107421875;7.093017578125;22.093017578125;0;14.241943359375;0;0;0;0;0;0;0;0;0;0;0;0;0;0;0;0;0;0;2250;55;0;896079;0;1;0;1;0;0;0;0;0;0;0;0;0;0;0;0;0;0;0;0.758056640625;0;0;5.0537109375;1;0;1;1690
69532;7.85107421875;7.093017578125;22.093017578125;0;14.241943359375;0;0;0;0;0;0;0;0;0;0;0;0;0;0;0;0;0;0;4750;0;0;896079;0;1;0;1;0;0;0;0;0;0;0;0;0;0;0;0;0;0;0;0.758056640625;0;0;5.0537109375;1;0;0;0
69632;7.85107421875;7.093017578125;22.093017578125;0;14.241943359375;0;0;0;0;0;0;0;0;0;0;0;0;0;0;0;0;0;0;5000;0;0;896079;0;1;0;1;0;0;0;0;0;0;0;0;0;0;0;0;0;0;0;0.758056640625;0;0;5.0537109375;1;0;0;0
69733;7.85107421875;7.093017578125;22.093017578125;0;14.241943359375;0;0;0;0;0;0;0;0;0;0;0;0;0;0;0;0;0;0;5000;0;0;896079;0;1;0;1;0;0;0;0;0;0;0;0;0;0;0;0;0;0;0;0.758056640625;0;0;5.0537109375;1;0;0;0
69833;7.85107421875;7.093017578125;22.093017578125;0;14.241943359375;0;0;0;0;0;0;0;0;0;0;0;0;0;0;0;0;0;0;5000;0;0;896079;0;1;0;1;0;0;0;0;0;0;0;0;0;0;0;0;0;0;0;0.758056640625;0;0;5.0537109375;1;0;0;0
69934;7.85107421875;7.093017578125;22.093017578125;0;14.241943359375;0;0;0;0;0;0;0;0;0;0;0;0;0;0;0;0;0;0;5000;0;0;896079;0;1;0;1;0;0;0;0;0;0;0;0;0;0;0;0;0;0;0;0.758056640625;0;0;5.0537109375;1;0;0;0
70034;7.85107421875;7.093017578125;22.093017578125;0;14.241943359375;0;0;0;0;0;0;0;0;0;0;0;0;0;0;0;0;0;0;5000;0;0;896079;0;1;0;1;0;0;0;0;0;0;0;0;0;0;0;0;0;0;0;0.758056640625;0;0;5.0537109375;1;0;0;0
70135;7.85107421875;7.093017578125;22.093017578125;0;14.241943359375;0;0;0;0;0;0;0;0;0;0;0;0;0;0;0;0;0;0;5000;0;0;896079;0;1;0;1;0;0;0;0;0;0;0;0;0;0;0;0;0;0;0;0.758056640625;0;0;5.0537109375;1;0;0;0
70235;7.85107421875;7.093017578125;22.093017578125;0;14.241943359375;0;0;0;0;0;0;0;0;0;0;0;0;0;0;0;0;0;0;5000;0;0;896079;0;1;0;1;0;0;0;0;0;0;0;0;0;0;0;0;0;0;0;0.758056640625;0;0;5.0537109375;1;0;0;0
70337;7.85107421875;7.093017578125;22.093017578125;0;14.241943359375;0;0;0;0;0;0;0;0;0;0;0;0;0;0;0;0;0;0;5000;0;0;896079;0;1;0;1;0;0;0;0;0;0;0;0;0;0;0;0;0;0;0;0.758056640625;0;0;5.0537109375;1;0;0;0
70437;7.85107421875;7.093017578125;22.093017578125;0;14.241943359375;0;0;0;0;0;0;0;0;0;0;0;0;0;0;0;0;0;0;5000;0;0;896079;0;1;0;1;0;0;0;0;0;0;0;0;0;0;0;0;0;0;0;0.758056640625;0;0;5.0537109375;1;0;0;0
70537;7.85107421875;7.093017578125;22.093017578125;0;14.241943359375;0;0;0;0;0;0;0;0;0;0;0;0;0;0;0;0;0;0;5000;0;0;896079;0;1;0;1;0;0;0;0;0;0;0;0;0;0;0;0;0;0;0;0.758056640625;0;0;5.0537109375;1;0;0;0
70637;7.85107421875;7.093017578125;22.093017578125;0;14.241943359375;0;0;0;0;0;0;0;0;0;0;0;0;0;0;0;0;0;0;5000;0;0;896079;0;1;0;1;0;0;0;0;0;0;0;0;0;0;0;0;0;0;0;0.758056640625;0;0;5.0537109375;1;0;0;0
70737;7.85107421875;7.093017578125;22.093017578125;0;14.241943359375;0;0;0;0;0;0;0;0;0;0;0;0;0;0;0;0;0;0;5000;0;0;896079;0;1;0;1;0;0;0;0;0;0;0;0;0;0;0;0;0;0;0;0.758056640625;0;0;5.0537109375;1;0;0;0
70837;7.85107421875;7.093017578125;22.093017578125;0;14.241943359375;0;0;0;0;0;0;0;0;0;0;0;0;0;0;0;0;0;0;5000;0;0;896079;0;1;0;1;0;0;0;0;0;0;0;0;0;0;0;0;0;0;0;0.758056640625;0;0;5.0537109375;1;0;0;0
70937;7.85107421875;7.093017578125;22.093017578125;0;14.241943359375;0;0;0;0;0;0;0;0;0;0;0;0;0;0;0;0;0;0;5000;0;0;896079;0;1;0;0;0;0;0;0;0;0;0;0;0;0;0;0;0;0;0;0.758056640625;0;0;5.0537109375;1;0;0;0
71038;7.85107421875;7.093017578125;22.093017578125;0;14.241943359375;0;0;0;0;0;0;0;0;0;0;0;0;0;0;0;0;0;0;5000;0;0;896079;0;1;0;0;0;0;0;0;0;0;0;0;0;0;0;0;0;0;0;0.758056640625;0;0;5.0537109375;1;0;0;0
71139;7.85107421875;7.093017578125;22.093017578125;0;14.241943359375;0;0;0;0;0;0;0;0;0;0;0;0;0;0;0;0;0;0;4755;0;0;896079;0;1;0;0;0;0;0;0;0;0;0;0;0;0;0;0;0;0;0;0.758056640625;0;0;5.0537109375;1;0;0;0
71240;7.85107421875;7.093017578125;22.093017578125;0;14.241943359375;0;0;0;0;0;0;0;0;0;0;0;0;0;0;0;0;0;0;4584;8.3199996948242188;0;896079;0;1;0;1;0;0;0;0;0;0;0;0;0;0;0;0;0;0;0;0.758056640625;0;0;5.0537109375;1;0;1;54
71341;7.85107421875;7.093017578125;22.093017578125;0;14.241943359375;0;0;0;0;0;0;0;0;0;0;0;0;0;0;0;0;0;0;4299;14.020000457763672;0;896079;0;1;0;1;0;0;0;0;0;0;0;0;0;0;0;0;0;0;0;0.758056640625;0;0;5.0537109375;1;0;1;160
71441;7.85107421875;7.093017578125;22.093017578125;0;14.241943359375;0;0;0;0;0;0;0;0;0;0;0;0;0;0;0;0;0;0;3957;20.860000610351563;0;896079;0;1;0;1;0;0;0;0;0;0;0;0;0;0;0;0;0;0;0;0.758056640625;0;0;5.0537109375;1;0;1;256
71542;7.85107421875;7.093017578125;22.093017578125;0;14.241943359375;0;0;0;0;0;0;0;0;0;0;0;0;0;0;0;0;0;0;3482;30.360000610351563;0;896079;0;1;0;1;0;0;0;0;0;0;0;0;0;0;0;0;0;0;0;0.758056640625;0;0;5.0537109375;1;0;1;360
71644;7.85107421875;7.093017578125;22.093017578125;0;14.241943359375;0;0;0;0;0;0;0;0;0;0;0;0;0;0;0;0;0;0;3169;36.619998931884766;0;896079;0;1;0;1;0;0;0;0;0;0;0;0;0;0;0;0;0;0;0;0.758056640625;0;0;5.0537109375;1;0;1;457
71743;7.85107421875;7.093017578125;22.093017578125;0;14.241943359375;0;0;0;0;0;0;0;0;0;0;0;0;0;0;0;0;0;0;3025;39.5;0;896079;0;1;0;1;0;0;0;0;0;0;0;0;0;0;0;0;0;0;0;0.758056640625;0;0;5.0537109375;1;0;1;554
71844;7.85107421875;7.093017578125;22.093017578125;0;14.241943359375;0;0;0;0;0;0;0;0;0;0;0;0;0;0;0;0;0;0;2770;44.600002288818359;0;896079;0;1;0;1;0;0;0;0;0;0;0;0;0;0;0;0;0;0;0;0.758056640625;0;0;5.0537109375;1;0;1;662
71943;7.85107421875;7.093017578125;22.093017578125;0;14.241943359375;0;0;0;0;0;0;0;0;0;0;0;0;0;0;0;0;0;0;2455;50.900001525878906;0;896079;0;1;0;1;0;0;0;0;0;0;0;0;0;0;0;0;0;0;0;0.758056640625;0;0;5.0537109375;1;0;1;758
72045;7.85107421875;7.093017578125;22.093017578125;0;14.241943359375;0;0;0;0;0;0;0;0;0;0;0;0;0;0;0;0;0;0;2010;59.799999237060547;0;896079;0;1;0;1;0;0;0;0;0;0;0;0;0;0;0;0;0;0;0;0.758056640625;0;0;5.0537109375;1;0;1;862
72147;7.85107421875;7.093017578125;22.093017578125;0;14.241943359375;0;0;0;0;0;0;0;0;0;0;0;0;0;0;0;0;0;0;1565;68.699996948242188;0;896079;0;1;0;1;0;0;0;0;0;0;0;0;0;0;0;0;0;0;0;0.758056640625;0;0;5.0537109375;1;0;1;968
72246;7.85107421875;7.093017578125;22.093017578125;0;14.241943359375;0;0;0;0;0;0;0;0;0;0;0;0;0;0;0;0;0;0;1439;71.220001220703125;0;896079;0;1;0;1;0;0;0;0;0;0;0;0;0;0;0;0;0;0;0;0.758056640625;0;0;5.0537109375;1;0;1;1067
72348;7.85107421875;7.093017578125;22.093017578125;0;14.241943359375;0;0;0;0;0;0;0;0;0;0;0;0;0;0;0;0;0;0;1232;75.360000610351563;0;896079;0;1;0;1;0;0;0;0;0;0;0;0;0;0;0;0;0;0;0;0.758056640625;0;0;5.0537109375;1;0;1;1159
72448;7.85107421875;7.093017578125;22.093017578125;0;14.241943359375;0;0;0;0;0;0;0;0;0;0;0;0;0;0;0;0;0;0;907;81.860000610351563;0;896079;0;1;0;1;0;0;0;0;0;0;0;0;0;0;0;0;0;0;0;0.758056640625;0;0;5.0537109375;1;0;1;1266
72547;7.85107421875;7.093017578125;22.093017578125;0;14.241943359375;0;0;0;0;0;0;0;0;0;0;0;0;0;0;0;0;0;0;482;90.360000610351563;0;896079;0;1;0;1;0;0;0;0;0;0;0;0;0;0;0;0;0;0;0;0.758056640625;0;0;5.0537109375;1;0;1;1369
72649;7.85107421875;7.093017578125;22.093017578125;0;14.241943359375;0;0;0;0;0;0;0;0;0;0;0;0;0;0;0;0;0;0;14;99.720001220703125;0;896079;0;1;0;1;0;0;0;0;0;0;0;0;0;0;0;0;0;0;0;0.758056640625;0;0;5.0537109375;1;0;1;1465
72749;7.85107421875;7.093017578125;22.093017578125;0;14.241943359375;0;0;0;0;0;0;0;0;0;0;0;0;0;0;0;0;0;0;0;100;0;896079;0;1;0;1;0;0;0;0;0;0;0;0;0;0;0;0;0;0;0;0.758056640625;0;0;5.0537109375;1;0;1;1570
72850;7.85107421875;7.093017578125;22.093017578125;0;14.241943359375;0;0;0;0;0;0;0;0;0;0;0;0;0;0;0;0;0;0;0;100;0;896079;0;1;0;1;0;0;0;0;0;0;0;0;0;0;0;0;0;0;0;0.758056640625;0;0;5.0537109375;1;0;1;1663
72951;7.85107421875;7.093017578125;22.093017578125;0;14.241943359375;0;0;0;0;0;0;0;0;0;0;0;0;0;0;0;0;0;0;0;100;0;896079;0;1;0;1;0;0;0;0;0;0;0;0;0;0;0;0;0;0;0;0.758056640625;0;0;5.0537109375;1;0;1;1766
73052;7.85107421875;7.093017578125;22.093017578125;0;14.241943359375;0;0;0;0;0;0;0;0;0;0;0;0;0;0;0;0;0;0;0;100;0;896079;0;1;0;1;0;0;0;0;0;0;0;0;0;0;0;0;0;0;0;0.758056640625;0;0;5.0537109375;1;0;1;1871
73153;7.85107421875;7.093017578125;22.093017578125;0;14.241943359375;0;0;0;0;0;0;0;0;0;0;0;0;0;0;0;0;0;0;0;100;0;896079;0;1;0;1;0;0;0;0;0;0;0;0;0;0;0;0;0;0;0;0.758056640625;0;0;5.0537109375;1;0;1;1969
73254;7.85107421875;7.093017578125;22.093017578125;0;14.241943359375;0;0;0;0;0;0;0;0;0;0;0;0;0;0;0;0;0;0;0;100;0;896079;0;1;0;1;0;0;0;0;0;0;0;0;0;0;0;0;0;0;0;0.758056640625;0;0;5.0537109375;1;0;1;2069
73355;7.85107421875;7.093017578125;22.093017578125;0;14.241943359375;0;0;0;0;0;0;0;0;0;0;0;0;0;0;0;0;0;0;2500;50;0;896079;0;1;0;1;0;0;0;0;0;0;0;0;0;0;0;0;0;0;0;0.758056640625;0;0;5.0537109375;1;0;1;2174
73455;7.85107421875;7.093017578125;22.093017578125;0;14.241943359375;0;0;0;0;0;0;0;0;0;0;0;0;0;0;0;0;0;0;4750;0;0;896079;0;1;0;1;0;0;0;0;0;0;0;0;0;0;0;0;0;0;0;0.758056640625;0;0;5.0537109375;1;0;0;0
73555;7.85107421875;7.093017578125;22.093017578125;0;14.241943359375;0;0;0;0;0;0;0;0;0;0;0;0;0;0;0;0;0;0;5000;0;0;896079;0;1;0;1;0;0;0;0;0;0;0;0;0;0;0;0;0;0;0;0.758056640625;0;0;5.0537109375;1;0;0;0
73658;7.85107421875;7.093017578125;22.093017578125;0;14.241943359375;0;0;0;0;0;0;0;0;0;0;0;0;0;0;0;0;0;0;5000;0;0;896079;0;1;0;1;0;0;0;0;0;0;0;0;0;0;0;0;0;0;0;0.758056640625;0;0;5.0537109375;1;0;0;0
73759;7.85107421875;7.093017578125;22.093017578125;0;14.241943359375;0;0;0;0;0;0;0;0;0;0;0;0;0;0;0;0;0;0;5000;0;0;896079;0;1;0;1;0;0;0;0;0;0;0;0;0;0;0;0;0;0;0;0.758056640625;0;0;5.0537109375;1;0;0;0
73860;7.85107421875;7.093017578125;22.093017578125;0;14.241943359375;0;0;0;0;0;0;0;0;0;0;0;0;0;0;0;0;0;0;5000;0;0;896079;0;1;0;1;0;0;0;0;0;0;0;0;0;0;0;0;0;0;0;0.758056640625;0;0;5.0537109375;1;0;0;0
73960;7.85107421875;7.093017578125;22.093017578125;0;14.241943359375;0;0;0;0;0;0;0;0;0;0;0;0;0;0;0;0;0;0;5000;0;0;896079;0;1;0;1;0;0;0;0;0;0;0;0;0;0;0;0;0;0;0;0.758056640625;0;0;5.0537109375;1;0;0;0
74059;7.85107421875;7.093017578125;22.093017578125;0;14.241943359375;0;0;0;0;0;0;0;0;0;0;0;0;0;0;0;0;0;0;5000;0;0;896079;0;1;0;1;0;0;0;0;0;0;0;0;0;0;0;0;0;0;0;0.758056640625;0;0;5.0537109375;1;0;0;0
74159;7.85107421875;7.093017578125;22.093017578125;0;14.241943359375;0;0;0;0;0;0;0;0;0;0;0;0;0;0;0;0;0;0;5000;0;0;896079;0;1;0;1;0;0;0;0;0;0;0;0;0;0;0;0;0;0;0;0.758056640625;0;0;5.0537109375;1;0;0;0
74261;7.85107421875;7.093017578125;22.093017578125;0;14.241943359375;0;0;0;0;0;0;0;0;0;0;0;0;0;0;0;0;0;0;5000;0;0;896079;0;1;0;0;0;0;0;0;0;0;0;0;0;0;0;0;0;0;0;0.758056640625;0;0;5.0537109375;1;0;0;0
74362;7.85107421875;7.093017578125;22.093017578125;0;14.241943359375;0;0;0;0;0;0;0;0;0;0;0;0;0;0;0;0;0;0;5000;0;0;896079;0;1;0;0;0;0;0;0;0;0;0;0;0;0;0;0;0;0;0;0.758056640625;0;0;5.0537109375;1;0;0;0
74460;7.85107421875;7.093017578125;22.093017578125;0;14.241943359375;0;0;0;0;0;0;0;0;0;0;0;0;0;0;0;0;0;0;5000;0;0;896079;0;1;0;0;0;0;0;0;0;0;0;0;0;0;0;0;0;0;0;0.758056640625;0;0;5.0537109375;1;0;0;0
74561;7.85107421875;7.093017578125;22.093017578125;0;14.241943359375;0;0;0;0;0;0;0;0;0;0;0;0;0;0;0;0;0;0;5000;0;0;896079;0;1;0;0;0;0;0;0;0;0;0;0;0;0;0;0;0;0;0;0.758056640625;0;0;5.0537109375;1;0;0;0
74662;7.85107421875;7.093017578125;22.093017578125;0;14.241943359375;0;0;0;0;0;0;0;0;0;0;0;0;0;0;0;0;0;0;5000;0;0;896079;0;1;0;0;0;0;0;0;0;0;0;0;0;0;0;0;0;0;0;0.758056640625;0;0;5.0537109375;1;0;0;0
74764;7.85107421875;7.093017578125;22.093017578125;0;14.241943359375;0;0;0;0;0;0;0;0;0;0;0;0;0;0;0;0;0;0;5000;0;0;896079;0;1;0;0;0;0;0;0;0;0;0;0;0;0;0;0;0;0;0;0.758056640625;0;0;5.0537109375;1;0;0;0
74866;7.85107421875;7.093017578125;22.093017578125;0;14.241943359375;0;0;0;0;0;0;0;0;0;0;0;0;0;0;0;0;0;0;5000;0;0;896079;0;1;0;0;0;0;0;0;0;0;0;0;0;0;0;0;0;0;0;0.758056640625;0;0;5.0537109375;1;0;0;0
74966;7.85107421875;7.093017578125;22.093017578125;0;14.241943359375;0;0;0;0;0;0;0;0;0;0;0;0;0;0;0;0;0;0;5000;0;0;896079;0;1;0;0;0;0;0;0;0;0;0;0;0;0;0;0;0;0;0;0.758056640625;0;0;5.0537109375;1;0;0;0
75066;7.85107421875;7.093017578125;22.093017578125;0;14.241943359375;0;0;0;0;0;0;0;0;0;0;0;0;0;0;0;0;0;0;5000;0;0;896079;0;1;0;0;0;0;0;0;0;0;0;0;0;0;0;0;0;0;0;0.758056640625;0;0;5.0537109375;1;0;0;0
75167;7.85107421875;7.093017578125;22.093017578125;0;14.241943359375;0;0;0;0;0;0;0;0;0;0;0;0;0;0;0;0;0;0;5000;0;0;896079;0;1;0;0;0;0;0;0;0;0;0;0;0;0;0;0;0;0;0;0.758056640625;0;0;5.0537109375;1;0;0;0
75269;7.85107421875;7.093017578125;22.093017578125;0;14.241943359375;0;0;0;0;0;0;0;0;0;0;0;0;0;0;0;0;0;0;5000;0;0;896079;0;1;0;0;0;0;0;0;0;0;0;0;0;0;0;0;0;0;0;0.758056640625;0;0;5.0537109375;1;0;0;0
75368;7.85107421875;7.093017578125;22.093017578125;0;14.241943359375;0;0;0;0;0;0;0;0;0;0;0;0;0;0;0;0;0;0;5000;0;0;896079;0;1;0;0;0;0;0;0;0;0;0;0;0;0;0;0;0;0;0;0.758056640625;0;0;5.0537109375;1;0;0;0
75467;7.85107421875;7.093017578125;22.093017578125;0;14.241943359375;0;0;0;0;0;0;0;0;0;0;0;0;0;0;0;0;0;0;5000;0;0;896079;0;1;0;0;0;0;0;0;0;0;0;0;0;0;0;0;0;0;0;0.758056640625;0;0;5.0537109375;1;0;0;0
75570;7.85107421875;7.093017578125;22.093017578125;0;14.241943359375;0;0;0;0;0;0;0;0;0;0;0;0;0;0;0;0;0;0;5000;0;0;896079;0;1;0;0;0;0;0;0;0;0;0;0;0;0;0;0;0;0;0;0.758056640625;0;0;5.0537109375;1;0;0;0
75670;7.85107421875;7.093017578125;22.093017578125;0;14.241943359375;0;0;0;0;0;0;0;0;0;0;0;0;0;0;0;0;0;0;5000;0;0;896079;0;1;0;0;0;0;0;0;0;0;0;0;0;0;0;0;0;0;0;0.758056640625;0;0;5.0537109375;1;0;0;0
75770;7.85107421875;7.093017578125;22.093017578125;0;14.241943359375;0;0;0;0;0;0;0;0;0;0;0;0;0;0;0;0;0;0;5000;0;0;896079;0;1;0;0;0;0;0;0;0;0;0;0;0;0;0;0;0;0;0;0.758056640625;0;0;5.0537109375;1;0;0;0
75869;7.85107421875;7.093017578125;22.093017578125;0;14.241943359375;0;0;0;0;0;0;0;0;0;0;0;0;0;0;0;0;0;0;5000;0;0;896079;0;1;0;0;0;0;0;0;0;0;0;0;0;0;0;0;0;0;0;0.758056640625;0;0;5.0537109375;1;0;0;0
75970;7.85107421875;7.093017578125;22.093017578125;0;14.241943359375;0;0;0;0;0;0;0;0;0;0;0;0;0;0;0;0;0;0;5000;0;0;896079;0;1;0;0;0;0;0;0;0;0;0;0;0;0;0;0;0;0;0;0.758056640625;0;0;5.0537109375;1;0;0;0
76071;7.85107421875;7.093017578125;22.093017578125;0;14.241943359375;0;0;0;0;0;0;0;0;0;0;0;0;0;0;0;0;0;0;5000;0;0;896079;0;1;0;0;0;0;0;0;0;0;0;0;0;0;0;0;0;0;0;0.758056640625;0;0;5.0537109375;1;0;0;0
76170;7.85107421875;7.093017578125;22.093017578125;0;14.241943359375;0;0;0;0;0;0;0;0;0;0;0;0;0;0;0;0;0;0;5000;0;0;896079;0;1;0;0;0;0;0;0;0;0;0;0;0;0;0;0;0;0;0;0.758056640625;0;0;5.0537109375;1;0;0;0
76271;7.85107421875;7.093017578125;22.093017578125;0;14.241943359375;0;0;0;0;0;0;0;0;0;0;0;0;0;0;0;0;0;0;5000;0;0;896079;0;1;0;0;0;0;0;0;0;0;0;0;0;0;0;0;0;0;0;0.758056640625;0;0;5.0537109375;1;0;0;0
76374;7.85107421875;7.093017578125;22.093017578125;0;14.241943359375;0;0;0;0;0;0;0;0;0;0;0;0;0;0;0;0;0;0;5000;0;0;896079;0;1;0;0;0;0;0;0;0;0;0;0;0;0;0;0;0;0;0;0.758056640625;0;0;5.0537109375;1;0;0;0
76473;7.85107421875;7.093017578125;22.093017578125;0;14.241943359375;0;0;0;0;0;0;0;0;0;0;0;0;0;0;0;0;0;0;5000;0;0;896079;0;1;0;0;0;0;0;0;0;0;0;0;0;0;0;0;0;0;0;0.758056640625;0;0;5.0537109375;1;0;0;0
76573;7.85107421875;7.093017578125;22.093017578125;0;14.241943359375;0;0;0;0;0;0;0;0;0;0;0;0;0;0;0;0;0;0;5000;0;0;896079;0;1;0;0;0;0;0;0;0;0;0;0;0;0;0;0;0;0;0;0.758056640625;0;0;5.0537109375;1;0;0;0
76672;7.85107421875;7.093017578125;22.093017578125;0;14.241943359375;0;0;0;0;0;0;0;0;0;0;0;0;0;0;0;0;0;0;5000;0;0;896079;0;1;0;0;0;0;0;0;0;0;0;0;0;0;0;0;0;0;0;0.758056640625;0;0;5.0537109375;1;0;0;0
76772;7.85107421875;7.093017578125;22.093017578125;0;14.241943359375;0;0;0;0;0;0;0;0;0;0;0;0;0;0;0;0;0;0;5000;0;0;896079;0;1;0;0;0;0;0;0;0;0;0;0;0;0;0;0;0;0;0;0.758056640625;0;0;5.0537109375;1;0;0;0
76872;7.85107421875;7.093017578125;22.093017578125;0;14.241943359375;0;0;0;0;0;0;0;0;0;0;0;0;0;0;0;0;0;0;5000;0;0;896079;0;1;0;0;0;0;0;0;0;0;0;0;0;0;0;0;0;0;0;0.758056640625;0;0;5.0537109375;1;0;0;0
76974;7.85107421875;7.093017578125;22.093017578125;0;14.241943359375;0;0;0;0;0;0;0;0;0;0;0;0;0;0;0;0;0;0;5000;0;0;896079;0;1;0;0;0;0;0;0;0;0;0;0;0;0;0;0;0;0;0;0.758056640625;0;0;5.0537109375;1;0;0;0
77072;7.85107421875;7.093017578125;22.093017578125;0;14.241943359375;0;0;0;0;0;0;0;0;0;0;0;0;0;0;0;0;0;0;5000;0;0;896079;0;1;0;0;0;0;0;0;0;0;0;0;0;0;0;0;0;0;0;0.758056640625;0;0;5.0537109375;1;0;0;0
77174;7.85107421875;7.093017578125;22.093017578125;0;14.241943359375;0;0;0;0;0;0;0;0;0;0;0;0;0;0;0;0;0;0;5000;0;0;896079;0;1;0;0;0;0;0;0;0;0;0;0;0;0;0;0;0;0;0;0.758056640625;0;0;5.0537109375;1;0;0;0
77275;7.85107421875;7.093017578125;22.093017578125;0;14.241943359375;0;0;0;0;0;0;0;0;0;0;0;0;0;0;0;0;0;0;5000;0;0;896079;0;1;0;0;0;0;0;0;0;0;0;0;0;0;0;0;0;0;0;0.758056640625;0;0;5.0537109375;1;0;0;0
77376;7.85107421875;7.093017578125;22.093017578125;0;14.241943359375;0;0;0;0;0;0;0;0;0;0;0;0;0;0;0;0;0;0;5000;0;0;896079;0;1;0;0;0;0;0;0;0;0;0;0;0;0;0;0;0;0;0;0.758056640625;0;0;5.0537109375;1;0;0;0
77477;7.85107421875;7.093017578125;22.093017578125;0;14.241943359375;0;0;0;0;0;0;0;0;0;0;0;0;0;0;0;0;0;0;5000;0;0;896079;0;1;0;0;0;0;0;0;0;0;0;0;0;0;0;0;0;0;0;0.758056640625;0;0;5.0537109375;1;0;0;0
77577;7.85107421875;7.093017578125;22.093017578125;0;14.241943359375;0;0;0;0;0;0;0;0;0;0;0;0;0;0;0;0;0;0;5000;0;0;896079;0;1;0;0;0;0;0;0;0;0;0;0;0;0;0;0;0;0;0;0.758056640625;0;0;5.0537109375;1;0;0;0
77678;7.85107421875;7.093017578125;22.093017578125;0;14.241943359375;0;0;0;0;0;0;0;0;0;0;0;0;0;0;0;0;0;0;5000;0;0;896079;0;1;0;0;0;0;0;0;0;0;0;0;0;0;0;0;0;0;0;0.758056640625;0;0;5.0537109375;1;0;0;0
77779;7.85107421875;7.093017578125;22.093017578125;0;14.241943359375;0;0;0;0;0;0;0;0;0;0;0;0;0;0;0;0;0;0;5000;0;0;896079;0;1;0;0;0;0;0;0;0;0;0;0;0;0;0;0;0;0;0;0.758056640625;0;0;5.0537109375;1;0;0;0
77880;7.85107421875;7.093017578125;22.093017578125;0;14.241943359375;0;0;0;0;0;0;0;0;0;0;0;0;0;0;0;0;0;0;5000;0;0;896079;0;1;0;0;0;0;0;0;0;0;0;0;0;0;0;0;0;0;0;0.758056640625;0;0;5.0537109375;1;0;0;0
77980;7.85107421875;7.093017578125;22.093017578125;0;14.241943359375;0;0;0;0;0;0;0;0;0;0;0;0;0;0;0;0;0;0;5000;0;0;896079;0;1;0;0;0;0;0;0;0;0;0;0;0;0;0;0;0;0;0;0.758056640625;0;0;5.0537109375;1;0;0;0
78080;7.85107421875;7.093017578125;22.093017578125;0;14.241943359375;0;0;0;0;0;0;0;0;0;0;0;0;0;0;0;0;0;0;5000;0;0;896079;0;1;0;0;0;0;0;0;0;0;0;0;0;0;0;0;0;0;0;0.758056640625;0;0;5.0537109375;1;0;0;0
78181;7.85107421875;7.093017578125;22.093017578125;0;14.241943359375;0;0;0;0;0;0;0;0;0;0;0;0;0;0;0;0;0;0;5000;0;0;896079;0;1;0;0;0;0;0;0;0;0;0;0;0;0;0;0;0;0;0;0.758056640625;0;0;5.0537109375;1;0;0;0
78283;7.85107421875;7.093017578125;22.093017578125;0;14.241943359375;0;0;0;0;0;0;0;0;0;0;0;0;0;0;0;0;0;0;5000;0;0;896079;0;1;0;0;0;0;0;0;0;0;0;0;0;0;0;0;0;0;0;0.758056640625;0;0;5.0537109375;1;0;0;0
78381;7.85107421875;7.093017578125;22.093017578125;0;14.241943359375;0;0;0;0;0;0;0;0;0;0;0;0;0;0;0;0;0;0;5000;0;0;896079;0;1;0;0;0;0;0;0;0;0;0;0;0;0;0;0;0;0;0;0.758056640625;0;0;5.0537109375;1;0;0;0
78484;7.85107421875;7.093017578125;22.093017578125;0;14.241943359375;0;0;0;0;0;0;0;0;0;0;0;0;0;0;0;0;0;0;5000;0;0;896079;0;1;0;0;0;0;0;0;0;0;0;0;0;0;0;0;0;0;0;0.758056640625;0;0;5.0537109375;1;0;0;0
78584;7.85107421875;7.093017578125;22.093017578125;0;14.241943359375;0;0;0;0;0;0;0;0;0;0;0;0;0;0;0;0;0;0;5000;0;0;896079;0;1;0;0;0;0;0;0;0;0;0;0;0;0;0;0;0;0;0;0.758056640625;0;0;5.0537109375;1;0;0;0
78684;7.85107421875;7.093017578125;22.093017578125;0;14.241943359375;0;0;0;0;0;0;0;0;0;0;0;0;0;0;0;0;0;0;5000;0;0;896079;0;1;0;0;0;0;0;0;0;0;0;0;0;0;0;0;0;0;0;0.758056640625;0;0;5.0537109375;1;0;0;0
78784;7.85107421875;7.093017578125;22.093017578125;0;14.241943359375;0;0;0;0;0;0;0;0;0;0;0;0;0;0;0;0;0;0;5000;0;0;896079;0;1;0;0;0;0;0;0;0;0;0;0;0;0;0;0;0;0;0;0.758056640625;0;0;5.0537109375;1;0;0;0
78884;7.85107421875;7.093017578125;22.093017578125;0;14.241943359375;0;0;0;0;0;0;0;0;0;0;0;0;0;0;0;0;0;0;5000;0;0;896079;0;1;0;0;0;0;0;0;0;0;0;0;0;0;0;0;0;0;0;0.758056640625;0;0;5.0537109375;1;0;0;0
78987;7.85107421875;7.093017578125;22.093017578125;0;14.241943359375;0;0;0;0;0;0;0;0;0;0;0;0;0;0;0;0;0;0;5000;0;0;896079;0;1;0;0;0;0;0;0;0;0;0;0;0;0;0;0;0;0;0;0.758056640625;0;0;5.0537109375;1;0;0;0
79087;7.85107421875;7.093017578125;22.093017578125;0;14.241943359375;0;0;0;0;0;0;0;0;0;0;0;0;0;0;0;0;0;0;5000;0;0;896079;0;1;0;0;0;0;0;0;0;0;0;0;0;0;0;0;0;0;0;0.758056640625;0;0;5.0537109375;1;0;0;0
79189;7.85107421875;7.093017578125;22.093017578125;0;14.241943359375;0;0;0;0;0;0;0;0;0;0;0;0;0;0;0;0;0;0;5000;0;0;896079;0;1;0;0;0;0;0;0;0;0;0;0;0;0;0;0;0;0;0;0.758056640625;0;0;5.0537109375;1;0;0;0
79289;7.85107421875;7.093017578125;22.093017578125;0;14.241943359375;0;0;0;0;0;0;0;0;0;0;0;0;0;0;0;0;0;0;5000;0;0;896079;0;1;0;0;0;0;0;0;0;0;0;0;0;0;0;0;0;0;0;0.758056640625;0;0;5.0537109375;1;0;0;0
79389;7.85107421875;7.093017578125;22.093017578125;0;14.241943359375;0;0;0;0;0;0;0;0;0;0;0;0;0;0;0;0;0;0;5000;0;0;896079;0;1;0;0;0;0;0;0;0;0;0;0;0;0;0;0;0;0;0;0.758056640625;0;0;5.0537109375;1;0;0;0
79488;7.85107421875;7.093017578125;22.093017578125;0;14.241943359375;0;0;0;0;0;0;0;0;0;0;0;0;0;0;0;0;0;0;5000;0;0;896079;0;1;0;0;0;0;0;0;0;0;0;0;0;0;0;0;0;0;0;0.758056640625;0;0;5.0537109375;1;0;0;0
79588;7.85107421875;7.093017578125;22.093017578125;0;14.241943359375;0;0;0;0;0;0;0;0;0;0;0;0;0;0;0;0;0;0;5000;0;0;896079;0;1;0;0;0;0;0;0;0;0;0;0;0;0;0;0;0;0;0;0.758056640625;0;0;5.0537109375;1;0;0;0
79689;7.85107421875;7.093017578125;22.093017578125;0;14.241943359375;0;0;0;0;0;0;0;0;0;0;0;0;0;0;0;0;0;0;5000;0;0;896079;0;1;0;0;0;0;0;0;0;0;0;0;0;0;0;0;0;0;0;0.758056640625;0;0;5.0537109375;1;0;0;0
79789;7.85107421875;7.093017578125;22.093017578125;0;14.241943359375;0;0;0;0;0;0;0;0;0;0;0;0;0;0;0;0;0;0;5000;0;0;896079;0;1;0;0;0;0;0;0;0;0;0;0;0;0;0;0;0;0;0;0.758056640625;0;0;5.0537109375;1;0;0;0
79892;7.85107421875;7.093017578125;22.093017578125;0;14.241943359375;0;0;0;0;0;0;0;0;0;0;0;0;0;0;0;0;0;0;5000;0;0;896079;0;1;0;0;0;0;0;0;0;0;0;0;0;0;0;0;0;0;0;0.758056640625;0;0;5.0537109375;1;0;0;0
79991;7.85107421875;7.093017578125;22.093017578125;0;14.241943359375;0;0;0;0;0;0;0;0;0;0;0;0;0;0;0;0;0;0;5000;0;0;896079;0;1;0;0;0;0;0;0;0;0;0;0;0;0;0;0;0;0;0;0.758056640625;0;0;5.0537109375;1;0;0;0
80092;7.85107421875;7.093017578125;22.093017578125;0;14.241943359375;0;0;0;0;0;0;0;0;0;0;0;0;0;0;0;0;0;0;5000;0;0;896079;0;1;0;0;0;0;0;0;0;0;0;0;0;0;0;0;0;0;0;0.758056640625;0;0;5.0537109375;1;0;0;0
80191;7.85107421875;7.093017578125;22.093017578125;0;14.241943359375;0;0;0;0;0;0;0;0;0;0;0;0;0;0;0;0;0;0;5000;0;0;896079;0;1;0;0;0;0;0;0;0;0;0;0;0;0;0;0;0;0;0;0.758056640625;0;0;5.0537109375;1;0;0;0
80292;7.85107421875;7.093017578125;22.093017578125;0;14.241943359375;0;0;0;0;0;0;0;0;0;0;0;0;0;0;0;0;0;0;5000;0;0;896079;0;1;0;0;0;0;0;0;0;0;0;0;0;0;0;0;0;0;0;0.758056640625;0;0;5.0537109375;1;0;0;0
80391;7.85107421875;7.093017578125;22.093017578125;0;14.241943359375;0;0;0;0;0;0;0;0;0;0;0;0;0;0;0;0;0;0;5000;0;0;896079;0;1;0;0;0;0;0;0;0;0;0;0;0;0;0;0;0;0;0;0.758056640625;0;0;5.0537109375;1;0;0;0
80491;7.85107421875;7.093017578125;22.093017578125;0;14.241943359375;0;0;0;0;0;0;0;0;0;0;0;0;0;0;0;0;0;0;5000;0;0;896079;0;1;0;0;0;0;0;0;0;0;0;0;0;0;0;0;0;0;0;0.758056640625;0;0;5.0537109375;1;0;0;0
80592;7.85107421875;7.093017578125;22.093017578125;0;14.241943359375;0;0;0;0;0;0;0;0;0;0;0;0;0;0;0;0;0;0;4515;0;0;896079;0;1;0;0;0;0;0;0;0;0;0;0;0;0;0;0;0;0;0;0.758056640625;0;0;5.0537109375;1;0;0;0
80693;7.77099609375;7.018798828125;22.018798828125;0;14.247802734375;0;1;0;1;0;0;0;0;0;1;0;1;0;0;0;0;0;0;4398;12.039999961853027;0;896079;0;1;0;1;0;0;0;0;0;0;0;0;0;0;0;0;0;1;0.93333333730697632;0.752197265625;-1;-0.93333333730697632;5.0146484375;1;0;0;0
80795;7.6708984375;6.926025390625;21.926025390625;0;14.255126953125;0;1;0;1;0;0;0;0;0;1;0;1;0;0;0;0;0;0;4173;16.539999008178711;0;896079;0;1;0;1;0;0;0;0;0;0;0;0;0;0;0;0;0;1;0.93333333730697632;0.744873046875;-1;-0.93333333730697632;4.9658203125;1;0;0;0
80896;7.580810546875;6.842529296875;21.842529296875;0;14.26171875;0;1;0;1;0;0;0;0;0;1;0;1;0;0;0;0;0;0;3885;22.30000114440918;0;896079;0;1;0;1;0;0;0;0;0;0;0;0;0;0;0;0;0;1;0.93333333730697632;0.73828125;-1;-0.93333333730697632;4.921875;1;0;0;0
80995;7.480712890625;6.749755859375;21.749755859375;0;14.26904296875;0;1;0;1;0;0;0;0;0;1;0;1;0;0;0;0;0;0;3470;30.599998474121094;0;896079;0;1;0;1;0;0;0;0;0;0;0;0;0;0;0;0;0;1;0.93333333730697632;0.73095703125;-1;-0.93333333730697632;4.873046875;1;0;0;0
81097;7.390625;6.666259765625;21.666259765625;0;14.275634765625;0;1;0;1;0;0;0;0;0;1;0;1;0;0;0;0;0;0;3011;39.779998779296875;0;896079;0;1;0;1;0;0;0;0;0;0;0;0;0;0;0;0;0;1;0.93333333730697632;0.724365234375;-1;-0.93333333730697632;4.8291015625;1;0;0;0
81197;7.29052734375;6.573486328125;21.573486328125;0;14.282958984375;0;1;0;1;0;0;0;0;0;1;0;1;0;0;0;0;0;0;2806;43.880001068115234;0;896079;0;1;0;1;0;0;0;0;0;0;0;0;0;0;0;0;0;1;0.93333333730697632;0.717041015625;-1;-0.93333333730697632;4.7802734375;1;0;0;0
81299;7.1904296875;6.480712890625;21.480712890625;0;14.290283203125;0;1;0;1;0;0;0;0;0;1;0;1;0;0;0;0;0;0;2601;47.979999542236328;0;896079;0;1;0;1;0;0;0;0;0;0;0;0;0;0;0;0;0;1;0.93333333730697632;0.709716796875;-1;-0.93333333730697632;4.7314453125;1;0;0;0
81398;7.100341796875;6.397216796875;21.397216796875;0;14.296875;0;1;0;1;0;0;0;0;0;1;0;1;0;0;0;0;0;0;2331;53.380001068115234;0;896079;0;1;0;1;0;0;0;0;0;0;0;0;0;0;0;0;0;1;0.93333333730697632;0.703125;-1;-0.93333333730697632;4.6875;1;0;0;0
81498;6.99072265625;6.294189453125;21.294189453125;0;14.303466796875;0;1;0;1;0;0;0;0;0;1;0;1;0;0;0;0;0;0;1980;60.399997711181641;0;896079;0;1;0;1;0;0;0;0;0;0;0;0;0;0;0;0;0;1.25;1.1666666269302368;0.696533203125;-1.25;-1.1666666269302368;4.6435546875;1;0;0;0
81599;6.8662109375;6.177001953125;21.177001953125;0;14.310791015625;0;1;0;1;0;0;0;0;0;1;0;1;0;0;0;0;0;0;1495;70.0999984741211;0;896079;0;1;0;1;0;0;0;0;0;0;0;0;0;0;0;0;0;1.25;1.1666666269302368;0.689208984375;-1.25;-1.1666666269302368;4.5947265625;1;0;0;0
81699;6.74169921875;6.059814453125;21.059814453125;0;14.318115234375;0;1;0;1;0;0;0;0;0;1;0;1;0;0;0;0;0;0;1210;75.800003051757813;0;896079;0;1;0;1;0;0;0;0;0;0;0;0;0;0;0;0;0;1.25;1.1666666269302368;0.681884765625;-1.25;-1.1666666269302368;4.5458984375;1;0;0;0
81800;6.629638671875;5.954345703125;20.954345703125;0;14.32470703125;0;1;0;1;0;0;0;0;0;1;0;1;0;0;0;0;0;0;1048;79.040000915527344;0;896079;0;1;0;1;0;0;0;0;0;0;0;0;0;0;0;0;0;1.25;1.1666666269302368;0.67529296875;-1.25;-1.1666666269302368;4.501953125;1;0;0;0
81901;6.505126953125;5.837158203125;20.837158203125;0;14.33203125;0;1;0;1;1;0;0;0;0;1;0;1;1;0;0;0;0;0;773;84.540000915527344;0;896079;0;1;0;1;0;0;0;0;0;0;0;0;0;0;0;0;0;1.25;1.1666666269302368;0.66796875;-1.25;-1.1666666269302368;4.453125;1;0;0;0
82000;6.37841796875;5.718505859375;20.718505859375;0;14.340087890625;0;1;0;1;1;0;0;0;0;1;0;1;1;0;0;0;0;0;440;91.199996948242188;0;896079;0;1;0;1;0;0;0;0;0;0;0;0;0;0;0;0;0;1.5;1.3999999761581421;0.659912109375;-1.5;-1.3999999761581421;4.3994140625;1;0;0;0
82103;6.2294921875;5.579345703125;20.579345703125;0;14.349853515625;0;1;0;1;1;0;0;0;0;1;0;1;1;0;0;0;0;0;0;100;0;896079;0;1;0;1;0;0;0;0;0;0;0;0;0;0;0;0;0;1.5;1.3999999761581421;0.650146484375;-1.5;-1.3999999761581421;4.3343100547790527;1;0;0;0
82203;6.095458984375;5.4541015625;20.4541015625;0;14.358642578125;0;1;0;1;1;0;0;0;0;1;0;1;1;0;0;0;0;0;0;100;0;896079;0;1;0;1;0;0;0;0;0;0;0;0;0;0;0;0;0;1.5;1.3999999761581421;0.641357421875;-1.5;-1.3999999761581421;4.2757163047790527;1;0;0;0
82304;5.946533203125;5.31494140625;20.31494140625;0;14.368408203125;0;1;0;1;1;0;0;0;0;1;0;1;1;0;0;0;0;0;0;100;0;896079;0;1;0;1;0;0;0;0;0;0;0;0;0;0;0;0;0;1.5;1.3999999761581421;0.631591796875;-1.5;-1.3999999761581421;4.2106118202209473;1;0;0;0
82404;5.8125;5.189697265625;20.189697265625;0;14.377197265625;0;1;0;1;1;1;0;0;0;1;0;1;1;1;0;0;0;0;0;100;0;896079;0;1;0;1;0;0;0;0;0;0;0;0;0;0;0;0;0;1.5;1.3999999761581421;0.622802734375;-1.5;-1.3999999761581421;4.1520180702209473;1;0;0;0
82506;5.65283203125;5.040771484375;20.040771484375;0;14.387939453125;0;1;0;1;1;1;0;0;0;1;0;1;1;1;0;0;0;0;0;100;0;896079;0;1;0;1;0;0;0;0;0;0;0;0;0;0;0;0;0;1.75;1.6333333253860474;0.612060546875;-1.75;-1.6333333253860474;4.0804038047790527;1;0;0;0
82605;5.49462890625;4.8935546875;19.8935546875;0;14.39892578125;0;1;0;1;1;1;0;0;0;1;0;1;1;1;0;0;0;0;0;100;0;896079;0;1;0;1;0;0;0;0;0;0;0;0;0;0;0;0;0;1.75;1.6333333253860474;0.60107421875;-1.75;-1.6333333253860474;4.0071616172790527;1;0;0;0
82707;5.31884765625;4.72998046875;19.72998046875;0;14.4111328125;0;1;0;1;1;1;0;0;0;1;0;1;1;1;0;0;0;0;0;100;0;896079;0;1;0;1;0;0;0;0;0;0;0;0;0;0;0;0;0;1.75;1.6333333253860474;0.5888671875;-1.75;-1.6333333253860474;3.92578125;1;0;0;0
82807;5.16064453125;4.582763671875;19.582763671875;0;14.422119140625;0;1;0;1;1;1;0;0;0;1;0;1;1;1;0;0;0;0;0;100;0;896079;0;1;0;1;0;0;0;0;0;0;0;0;0;0;0;0;0;1.75;1.6333333253860474;0.577880859375;-1.75;-1.6333333253860474;3.8525390625;1;0;0;0
82908;4.98486328125;4.419189453125;19.419189453125;0;14.434326171875;0;1;0;1;1;1;1;0;0;1;0;1;1;1;1;0;0;0;0;100;0;896079;0;1;0;1;0;0;0;0;0;0;0;0;0;0;0;0;0;1.75;1.6333333253860474;0.565673828125;-1.75;-1.6333333253860474;3.7711589336395264;1;0;0;0
83010;4.82666015625;4.27197265625;19.27197265625;0;14.4453125;0;1;0;1;1;1;1;0;0;1;0;1;1;1;1;0;0;0;0;100;0;896079;0;1;0;1;0;0;0;0;0;0;0;0;0;0;0;0;0;1.75;1.6333333253860474;0.5546875;-1.75;-1.6333333253860474;3.6979167461395264;1;0;0;0
83111;4.65087890625;4.1083984375;19.1083984375;0;14.45751953125;0;1;0;1;1;1;1;0;0;1;0;1;1;1;1;0;0;0;0;100;0;896079;0;1;0;1;0;0;0;0;0;0;0;0;0;0;0;0;0;1.75;1.6333333253860474;0.54248046875;-1.75;-1.6333333253860474;3.6165363788604736;1;0;0;0
83212;4.477783203125;3.947265625;18.947265625;0;14.469482421875;0;1;0;1;1;1;0;0;0;1;0;1;1;1;0;0;0;0;2500;50;0;896079;0;1;0;1;0;0;0;0;0;0;0;0;0;0;0;0;0;1.5;1.3999999761581421;0.530517578125;-1.5;-1.3999999761581421;3.5367839336395264;1;0;0;0
83312;4.36328125;3.840087890625;18.840087890625;0;14.476806640625;0;0;0;0;0;0;0;0;0;0;0;0;0;0;0;0;0;0;4750;0;0;896079;0;1;0;1;0;0;0;0;0;0;0;0;0;0;0;0;0;1;0.93333333730697632;0.523193359375;-1;-0.93333333730697632;3.4879558086395264;1;0;0;0
83413;4.26318359375;3.739990234375;18.739990234375;0;14.476806640625;0;0;0;0;0;0;0;0;0;0;0;0;0;0;0;0;0;0;5000;0;0;896079;0;1;0;1;0;0;0;0;0;0;0;0;0;0;0;0;0;1;1;0.523193359375;-1;-1;3.4879558086395264;1;0;0;0
83515;4.173095703125;3.64990234375;18.64990234375;0;14.476806640625;0;0;0;0;0;0;0;0;0;0;0;0;0;0;0;0;0;0;5000;0;0;896079;0;1;0;1;0;0;0;0;0;0;0;0;0;0;0;0;0;1;1;0.523193359375;-1;-1;3.4879558086395264;1;0;0;0
83614;4.072998046875;3.5498046875;18.5498046875;0;14.476806640625;0;0;0;0;0;0;0;0;0;0;0;0;0;0;0;0;0;0;5000;0;0;896079;0;1;0;1;0;0;0;0;0;0;0;0;0;0;0;0;0;1;1;0.523193359375;-1;-1;3.4879558086395264;1;0;0;0
83715;4.012939453125;3.459716796875;18.459716796875;0;14.44677734375;0;0;0;0;0;0;0;0;0;0;0;0;0;0;0;0;0;0;5000;0;0;896079;0;1;0;0;0;0;0;0;0;0;0;0;0;0;0;0;0;0;1;0.55322265625;0;-1;3.6881511211395264;1;0;0;0
83817;4.012939453125;3.399658203125;18.399658203125;0;14.38671875;0;0;0;0;0;0;0;0;0;0;0;0;0;0;0;0;0;0;5000;0;0;896079;0;1;0;0;0;0;0;0;0;0;0;0;0;0;0;0;0;0;0;0.61328125;0;0;4.0885415077209473;1;0;0;0
83917;4.012939453125;3.399658203125;18.399658203125;0;14.38671875;0;0;0;0;0;0;0;0;0;0;0;0;0;0;0;0;0;0;5000;0;0;896079;0;1;0;0;0;0;0;0;0;0;0;0;0;0;0;0;0;0;0;0.61328125;0;0;4.0885415077209473;1;0;0;0
84016;4.012939453125;3.399658203125;18.399658203125;0;14.38671875;0;0;0;0;0;0;0;0;0;0;0;0;0;0;0;0;0;0;5000;0;0;896079;0;1;0;0;0;0;0;0;0;0;0;0;0;0;0;0;0;0;0;0.61328125;0;0;4.0885415077209473;1;0;0;0
84117;4.012939453125;3.399658203125;18.399658203125;0;14.38671875;0;0;0;0;0;0;0;0;0;0;0;0;0;0;0;0;0;0;5000;0;0;896079;0;1;0;0;0;0;0;0;0;0;0;0;0;0;0;0;0;0;0;0.61328125;0;0;4.0885415077209473;1;0;0;0
84217;4.012939453125;3.399658203125;18.399658203125;0;14.38671875;0;0;0;0;0;0;0;0;0;0;0;0;0;0;0;0;0;0;5000;0;0;896079;0;1;0;0;0;0;0;0;0;0;0;0;0;0;0;0;0;0;0;0.61328125;0;0;4.0885415077209473;1;0;0;0
84319;4.012939453125;3.399658203125;18.399658203125;0;14.38671875;0;0;0;0;0;0;0;0;0;0;0;0;0;0;0;0;0;0;5000;0;0;896079;0;1;0;0;0;0;0;0;0;0;0;0;0;0;0;0;0;0;0;0.61328125;0;0;4.0885415077209473;1;0;0;0
84419;4.012939453125;3.399658203125;18.399658203125;0;14.38671875;0;0;0;0;0;0;0;0;0;0;0;0;0;0;0;0;0;0;5000;0;0;896079;0;1;0;0;0;0;0;0;0;0;0;0;0;0;0;0;0;0;0;0.61328125;0;0;4.0885415077209473;1;0;0;0
84519;4.012939453125;3.399658203125;18.399658203125;0;14.38671875;0;0;0;0;0;0;0;0;0;0;0;0;0;0;0;0;0;0;5000;0;0;896079;0;1;0;0;0;0;0;0;0;0;0;0;0;0;0;0;0;0;0;0.61328125;0;0;4.0885415077209473;1;0;0;0
84620;4.012939453125;3.399658203125;18.399658203125;0;14.38671875;0;0;0;0;0;0;0;0;0;0;0;0;0;0;0;0;0;0;5000;0;0;896079;0;1;0;0;0;0;0;0;0;0;0;0;0;0;0;0;0;0;0;0.61328125;0;0;4.0885415077209473;1;0;0;0
84721;4.012939453125;3.399658203125;18.399658203125;0;14.38671875;0;0;0;0;0;0;0;0;0;0;0;0;0;0;0;0;0;0;5000;0;0;896079;0;1;0;0;0;0;0;0;0;0;0;0;0;0;0;0;0;0;0;0.61328125;0;0;4.0885415077209473;1;0;0;0
84820;4.012939453125;3.399658203125;18.399658203125;0;14.38671875;0;0;0;0;0;0;0;0;0;0;0;0;0;0;0;0;0;0;5000;0;0;896079;0;1;0;0;0;0;0;0;0;0;0;0;0;0;0;0;0;0;0;0.61328125;0;0;4.0885415077209473;1;0;0;0
84922;4.012939453125;3.399658203125;18.399658203125;0;14.38671875;0;0;0;0;0;0;0;0;0;0;0;0;0;0;0;0;0;0;5000;0;0;896079;0;1;0;0;0;0;0;0;0;0;0;0;0;0;0;0;0;0;0;0.61328125;0;0;4.0885415077209473;1;0;0;0
85021;4.012939453125;3.399658203125;18.399658203125;0;14.38671875;0;0;0;0;0;0;0;0;0;0;0;0;0;0;0;0;0;0;5000;0;0;896079;0;1;0;0;0;0;0;0;0;0;0;0;0;0;0;0;0;0;0;0.61328125;0;0;4.0885415077209473;1;0;0;0
85121;4.012939453125;3.399658203125;18.399658203125;0;14.38671875;0;0;0;0;0;0;0;0;0;0;0;0;0;0;0;0;0;0;5000;0;0;896079;0;1;0;0;0;0;0;0;0;0;0;0;0;0;0;0;0;0;0;0.61328125;0;0;4.0885415077209473;1;0;0;0
85222;4.012939453125;3.399658203125;18.399658203125;0;14.38671875;0;0;0;0;0;0;0;0;0;0;0;0;0;0;0;0;0;0;5000;0;0;896079;0;1;0;0;0;0;0;0;0;0;0;0;0;0;0;0;0;0;0;0.61328125;0;0;4.0885415077209473;1;0;0;0
85322;4.012939453125;3.399658203125;18.399658203125;0;14.38671875;0;0;0;0;0;0;0;0;0;0;0;0;0;0;0;0;0;0;5000;0;0;896079;0;1;0;0;0;0;0;0;0;0;0;0;0;0;0;0;0;0;0;0.61328125;0;0;4.0885415077209473;1;0;0;0
85423;4.012939453125;3.399658203125;18.399658203125;0;14.38671875;0;0;0;0;0;0;0;0;0;0;0;0;0;0;0;0;0;0;5000;0;0;896079;0;1;0;0;0;0;0;0;0;0;0;0;0;0;0;0;0;0;0;0.61328125;0;0;4.0885415077209473;1;0;0;0
85523;4.012939453125;3.399658203125;18.399658203125;0;14.38671875;0;0;0;0;0;0;0;0;0;0;0;0;0;0;0;0;0;0;5000;0;0;896079;0;1;0;0;0;0;0;0;0;0;0;0;0;0;0;0;0;0;0;0.61328125;0;0;4.0885415077209473;1;0;0;0
85623;4.012939453125;3.399658203125;18.399658203125;0;14.38671875;0;0;0;0;0;0;0;0;0;0;0;0;0;0;0;0;0;0;5000;0;0;896079;0;1;0;0;0;0;0;0;0;0;0;0;0;0;0;0;0;0;0;0.61328125;0;0;4.0885415077209473;1;0;0;0
85723;4.012939453125;3.399658203125;18.399658203125;0;14.38671875;0;0;0;0;0;0;0;0;0;0;0;0;0;0;0;0;0;0;5000;0;0;896079;0;1;0;0;0;0;0;0;0;0;0;0;0;0;0;0;0;0;0;0.61328125;0;0;4.0885415077209473;1;0;0;0
85825;4.012939453125;3.399658203125;18.399658203125;0;14.38671875;0;0;0;0;0;0;0;0;0;0;0;0;0;0;0;0;0;0;5000;0;0;896079;0;1;0;0;0;0;0;0;0;0;0;0;0;0;0;0;0;0;0;0.61328125;0;0;4.0885415077209473;1;0;0;0
85926;4.012939453125;3.399658203125;18.399658203125;0;14.38671875;0;0;0;0;0;0;0;0;0;0;0;0;0;0;0;0;0;0;5000;0;0;896079;0;1;0;0;0;0;0;0;0;0;0;0;0;0;0;0;0;0;0;0.61328125;0;0;4.0885415077209473;1;0;0;0
86027;4.012939453125;3.399658203125;18.399658203125;0;14.38671875;0;0;0;0;0;0;0;0;0;0;0;0;0;0;0;0;0;0;5000;0;0;896079;0;1;0;0;0;0;0;0;0;0;0;0;0;0;0;0;0;0;0;0.61328125;0;0;4.0885415077209473;1;0;0;0
86127;4.012939453125;3.399658203125;18.399658203125;0;14.38671875;0;0;0;0;0;0;0;0;0;0;0;0;0;0;0;0;0;0;5000;0;0;896079;0;1;0;0;0;0;0;0;0;0;0;0;0;0;0;0;0;0;0;0.61328125;0;0;4.0885415077209473;1;0;0;0
86228;4.012939453125;3.399658203125;18.399658203125;0;14.38671875;0;0;0;0;0;0;0;0;0;0;0;0;0;0;0;0;0;0;5000;0;0;896079;0;1;0;0;0;0;0;0;0;0;0;0;0;0;0;0;0;0;0;0.61328125;0;0;4.0885415077209473;1;0;0;0
86328;4.012939453125;3.399658203125;18.399658203125;0;14.38671875;0;0;0;0;0;0;0;0;0;0;0;0;0;0;0;0;0;0;5000;0;0;896079;0;1;0;0;0;0;0;0;0;0;0;0;0;0;0;0;0;0;0;0.61328125;0;0;4.0885415077209473;1;0;0;0
86427;4.012939453125;3.399658203125;18.399658203125;0;14.38671875;0;0;0;0;0;0;0;0;0;0;0;0;0;0;0;0;0;0;5000;0;0;896079;0;1;0;0;0;0;0;0;0;0;0;0;0;0;0;0;0;0;0;0.61328125;0;0;4.0885415077209473;1;0;0;0
86527;4.012939453125;3.399658203125;18.399658203125;0;14.38671875;0;0;0;0;0;0;0;0;0;0;0;0;0;0;0;0;0;0;5000;0;0;896079;0;1;0;0;0;0;0;0;0;0;0;0;0;0;0;0;0;0;0;0.61328125;0;0;4.0885415077209473;1;0;0;0
