Timestamp_ms;PRG_03_Modes_Cycle.instCycleSemiAuto.CycleStep;PRG_03_Modes_Cycle.instCycleSemiAuto.Lifecycle.Busy;PRG_03_Modes_Cycle.instCycleSemiAuto.WaitingForOperator;PRG_03_Modes_Cycle.instCycleSemiAuto.WaitingForProcess;PRG_03_Modes_Cycle.instCycleSemiAuto.Fault.Error;PRG_02_Acquisition.Data.Joystick.DeadmanArmed;PRG_02_Acquisition.Data.Joystick.AtNeutralXY;PRG_02_Acquisition.Data.Joystick.AxisY.Deflection;PRG_02_Acquisition.Data.EncoderM1.Measurement.CablePosM;PRG_02_Acquisition.Data.EncoderM2.Measurement.CablePosM;M1TreuilRetenue.State.StepNumber;M2TreuilBenne.State.StepNumber;M1_M2_KoboldBottomTouch_DI;M1_M2_KoboldMeasureEnable_RQ;M3Translation.State.AtP1;M3Translation.State.AtTremie;M3Translation.State.EstimatedPosM3_M;PRG_04_Treuils_Benne.instWinchStateProjection.InterlockM2.MotorRequest;PRG_06_Outputs.instWinchOutputInterlockM2.MotorRequest;M1TreuilRetenue.State.Position_M;M2TreuilBenne.Bucket.State.M2PositionCorrected;IoHw.Out.M1_RelayAscent_RQ;IoHw.Out.M2_RelayAscent_Close_RQ;IoHw.Out.M1_SpeedContactor_1_DQ;IoHw.Out.M2_SpeedContactor_1_DQ;M1_SpeedContactor_3_DQ;M2_SpeedContactor_3_DQ;M2TreuilBenne.Bucket.State.BucketOpening_Pct;PRG_04_Treuils_Benne.Data.ArmingPermit;PRG_05_Translation.TranslationFinalInterlockRequest.ReqTremieSemantic;M3_CommandWord;M3_SetpointFrequencyHz;M3_BrakeRelease_RQ;IoHw.In.Hardware.Operator.JoyXRaw_ANA1;IoHw.In.Hardware.Operator.JoyYRaw_ANA2;M1TreuilRetenue.Safety.ErrorMecaB;M1TreuilRetenue.Safety.ErrorId;IoHw.In.Hardware.Winch.M1_ContactorsReleased_DI;IoHw.In.Hardware.Winch.M2_ContactorsReleased_DI;GVL_Troubleshooting.I_LevageUnitaireM1.Inputs_100.Idx104_BrakeApplied;IoHw.In.Hardware.Winch.M2_TensionedCable_DI;PRG_07_Supervision.instTroubleshootingView.WinchM2.Safety.ErrorId;PRG_02_Acquisition.instSimBench.MotorIsStalledM1;PRG_02_Acquisition.instSimBench.MotorIsStalledM2
83;0;0;0;0;0;0;1;0;8.5;23.5;0;0;0;0;1;0;20;0;0;8.5;8.5;0;0;0;0;0;0;0;1;0;0;0;0;5000;5000;0;0;1;1;1;1;0;0;0
183;0;0;0;0;0;0;1;0;8.5;23.5;0;0;0;0;1;0;20;0;0;8.5;8.5;0;0;0;0;0;0;0;1;0;0;0;0;5000;5000;0;0;1;1;1;1;0;0;0
285;0;0;0;0;0;0;1;0;8.5;23.5;0;0;0;0;1;0;20;0;0;8.5;8.5;0;0;0;0;0;0;0;1;0;0;0;0;5000;5000;0;0;1;1;1;1;0;0;0
385;0;0;0;0;0;0;1;0;8.5;23.5;0;0;0;0;1;0;20;0;0;8.5;8.5;0;0;0;0;0;0;0;1;0;0;0;0;5000;5000;0;0;1;1;1;1;0;0;0
486;0;0;0;0;0;0;1;0;8.5;23.5;0;0;0;0;1;0;20;0;0;8.5;8.5;0;0;0;0;0;0;0;1;0;0;0;0;5000;5000;0;0;1;1;1;1;0;0;0
586;0;0;0;0;0;0;1;0;8.5;23.5;0;0;0;0;1;0;20;0;0;8.5;8.5;0;0;0;0;0;0;0;1;0;0;0;0;5000;5000;0;0;1;1;1;1;0;0;0
686;0;0;0;0;0;0;1;0;8.5;23.5;0;0;0;0;1;0;20;0;0;8.5;8.5;0;0;0;0;0;0;0;1;0;0;0;0;5000;5000;0;0;1;1;1;1;0;0;0
788;0;0;0;0;0;0;1;0;8.5;23.5;0;0;0;0;1;0;20;0;0;8.5;8.5;0;0;0;0;0;0;0;1;0;0;0;0;5000;5000;0;0;1;1;1;1;0;0;0
888;0;0;0;0;0;0;1;0;8.5;23.5;0;0;0;0;1;0;20;0;0;8.5;8.5;0;0;0;0;0;0;0;1;0;0;0;0;5000;5000;0;0;1;1;1;1;0;0;0
988;0;0;0;0;0;0;1;0;8.5;23.5;0;0;0;0;1;0;20;0;0;8.5;8.5;0;0;0;0;0;0;0;1;0;0;0;0;5000;5000;0;0;1;1;1;1;0;0;0
1090;0;0;0;0;0;0;1;0;8.5;23.5;0;0;0;0;1;0;20;0;0;8.5;8.5;0;0;0;0;0;0;0;1;0;0;0;0;5000;5000;0;0;1;1;1;1;0;0;0
1190;0;0;0;0;0;0;1;0;8.5;23.5;0;0;0;0;1;0;20;0;0;8.5;8.5;0;0;0;0;0;0;0;1;0;0;0;0;5000;5000;0;0;1;1;1;1;0;0;0
1290;0;0;0;0;0;0;1;0;8.5;23.5;0;0;0;0;1;0;20;0;0;8.5;8.5;0;0;0;0;0;0;0;1;0;0;0;0;5000;5000;0;0;1;1;1;1;0;0;0
1390;0;0;0;0;0;0;1;0;8.5;23.5;0;0;0;0;1;0;20;0;0;8.5;8.5;0;0;0;0;0;0;0;1;0;0;0;0;5000;5000;0;0;1;1;1;1;0;0;0
1491;0;0;0;0;0;0;1;0;8.5;23.5;0;0;0;0;1;0;20;0;0;8.5;8.5;0;0;0;0;0;0;0;1;0;0;0;0;5000;5000;0;0;1;1;1;1;0;0;0
1591;0;0;0;0;0;0;1;0;8.5;23.5;0;0;0;0;1;0;20;0;0;8.5;8.5;0;0;0;0;0;0;0;1;0;0;0;0;5000;5000;0;0;1;1;1;1;0;0;0
1692;0;0;0;0;0;0;1;0;8.5;23.5;0;0;0;0;1;0;20;0;0;8.5;8.5;0;0;0;0;0;0;0;1;0;0;0;0;5000;5000;0;0;1;1;1;1;0;0;0
1792;0;0;0;0;0;0;1;0;8.5;23.5;0;0;0;0;1;0;20;0;0;8.5;8.5;0;0;0;0;0;0;0;1;0;0;0;0;5000;5000;0;0;1;1;1;1;0;0;0
1892;0;0;0;0;0;0;1;0;8.5;23.5;0;0;0;0;1;0;20;0;0;8.5;8.5;0;0;0;0;0;0;0;1;0;0;0;0;5000;5000;0;0;1;1;1;1;0;0;0
1992;0;0;0;0;0;0;1;0;8.5;23.5;0;0;0;0;1;0;20;0;0;8.5;8.5;0;0;0;0;0;0;0;1;0;0;0;0;5000;5000;0;0;1;1;1;1;0;0;0
2094;0;0;0;0;0;0;1;0;8.5;23.5;0;0;0;0;1;0;20;0;0;8.5;8.5;0;0;0;0;0;0;0;1;0;0;0;0;5000;5000;0;0;1;1;1;1;0;0;0
2195;0;0;0;0;0;0;1;0;8.5;23.5;0;0;0;0;1;0;20;0;0;8.5;8.5;0;0;0;0;0;0;0;1;0;0;0;0;5000;5000;0;0;1;1;1;1;0;0;0
2297;0;0;0;0;0;0;1;0;8.5;23.5;0;0;0;0;1;0;20;0;0;8.5;8.5;0;0;0;0;0;0;0;1;0;0;0;0;5000;5000;0;0;1;1;1;1;0;0;0
2397;0;0;0;0;0;0;1;0;8.5;23.5;0;0;0;0;1;0;20;0;0;8.5;8.5;0;0;0;0;0;0;0;1;0;0;0;0;5000;5000;0;0;1;1;1;1;0;0;0
2498;0;0;0;0;0;0;1;0;8.5;23.5;0;0;0;0;1;0;20;0;0;8.5;8.5;0;0;0;0;0;0;0;1;0;0;0;0;5000;5000;0;0;1;1;1;1;0;0;0
2597;0;0;0;0;0;0;1;0;8.5;23.5;0;0;0;0;1;0;20;0;0;8.5;8.5;0;0;0;0;0;0;0;1;0;0;0;0;5000;5000;0;0;1;1;1;1;0;0;0
2697;0;0;0;0;0;0;1;0;8.5;23.5;0;0;0;0;1;0;20;0;0;8.5;8.5;0;0;0;0;0;0;0;1;0;0;0;0;5000;5000;0;0;1;1;1;1;0;0;0
2796;0;0;0;0;0;0;1;0;8.5;23.5;0;0;0;0;1;0;20;0;0;8.5;8.5;0;0;0;0;0;0;0;1;0;0;0;0;5000;5000;0;0;1;1;1;1;0;0;0
2897;0;0;0;0;0;0;1;0;8.5;23.5;0;0;0;0;1;0;20;0;0;8.5;8.5;0;0;0;0;0;0;0;1;0;0;0;0;5000;5000;0;0;1;1;1;1;0;0;0
2997;0;0;0;0;0;0;1;0;8.5;23.5;0;0;0;0;1;0;20;0;0;8.5;8.5;0;0;0;0;0;0;0;1;0;0;0;0;5000;5000;0;0;1;1;1;1;0;0;0
3097;0;0;0;0;0;0;1;0;8.5;23.5;0;0;0;0;1;0;20;0;0;8.5;8.5;0;0;0;0;0;0;0;1;0;0;0;0;5000;5000;0;0;1;1;1;1;0;0;0
3197;0;0;0;0;0;0;1;0;8.5;23.5;0;0;0;0;1;0;20;0;0;8.5;8.5;0;0;0;0;0;0;0;1;0;0;0;0;5000;5000;0;0;1;1;1;1;0;0;0
3297;0;0;0;0;0;0;1;0;8.5;23.5;0;0;0;0;1;0;20;0;0;8.5;8.5;0;0;0;0;0;0;0;1;0;0;0;0;5000;5000;0;0;1;1;1;1;0;0;0
3398;0;0;0;0;0;0;1;0;8.5;23.5;0;0;0;0;1;0;20;0;0;8.5;8.5;0;0;0;0;0;0;0;1;0;0;0;0;5000;5000;0;0;1;1;1;1;0;0;0
3498;0;0;0;0;0;0;1;0;8.5;23.5;0;0;0;0;1;0;20;0;0;8.5;8.5;0;0;0;0;0;0;0;1;0;0;0;0;5000;5000;0;0;1;1;1;1;0;0;0
3600;0;0;0;0;0;0;1;0;8.5;23.5;0;0;0;0;1;0;20;0;0;8.5;8.5;0;0;0;0;0;0;0;1;0;0;0;0;5000;5000;0;0;1;1;1;1;0;0;0
3701;0;0;0;0;0;0;1;0;8.5;23.5;0;0;0;0;1;0;20;0;0;8.5;8.5;0;0;0;0;0;0;0;1;0;0;0;0;5000;5000;0;0;1;1;1;1;0;0;0
3803;0;0;0;0;0;0;1;0;8.5;23.5;0;0;0;0;1;0;20;0;0;8.5;8.5;0;0;0;0;0;0;0;1;0;0;0;0;5000;5000;0;0;1;1;1;1;0;0;0
3906;0;0;0;0;0;0;1;0;8.5;23.5;0;0;0;0;1;0;20;0;0;8.5;8.5;0;0;0;0;0;0;0;1;0;0;0;0;5000;5000;0;0;1;1;1;1;0;0;0
4004;0;0;0;0;0;0;1;0;8.5;23.5;0;0;0;0;1;0;20;0;0;8.5;8.5;0;0;0;0;0;0;0;1;0;0;0;0;5000;5000;0;0;1;1;1;1;0;0;0
4106;0;0;0;0;0;0;1;0;8.5;23.5;0;0;0;0;1;0;20;0;0;8.5;8.5;0;0;0;0;0;0;0;1;0;0;0;0;5000;5000;0;0;1;1;1;1;0;0;0
4205;0;0;0;0;0;0;1;0;8.5;23.5;0;0;0;0;1;0;20;0;0;8.5;8.5;0;0;0;0;0;0;0;1;0;0;0;0;5000;5000;0;0;1;1;1;1;0;0;0
4306;0;0;0;0;0;0;1;0;8.5;23.5;0;0;0;0;1;0;20;0;0;8.5;8.5;0;0;0;0;0;0;0;1;0;0;0;0;5000;5000;0;0;1;1;1;1;0;0;0
4407;0;0;0;0;0;0;1;0;8.5;23.5;0;0;0;0;1;0;20;0;0;8.5;8.5;0;0;0;0;0;0;0;1;0;0;0;0;5000;5000;0;0;1;1;1;1;0;0;0
4509;0;0;0;0;0;0;1;0;8.5;23.5;0;0;0;0;1;0;20;0;0;8.5;8.5;0;0;0;0;0;0;0;1;0;0;0;0;5000;5000;0;0;1;1;1;1;0;0;0
4610;0;0;0;0;0;0;1;0;8.5;23.5;0;0;0;0;1;0;20;0;0;8.5;8.5;0;0;0;0;0;0;0;1;0;0;0;0;5000;5000;0;0;1;1;1;1;0;0;0
4710;0;0;0;0;0;0;1;0;8.5;23.5;0;0;0;0;1;0;20;0;0;8.5;8.5;0;0;0;0;0;0;0;1;0;0;0;0;5000;5000;0;0;1;1;1;1;0;0;0
4810;0;0;0;0;0;0;1;0;8.5;23.5;0;0;0;0;1;0;20;0;0;8.5;8.5;0;0;0;0;0;0;0;1;0;0;0;0;5000;5000;0;0;1;1;1;1;0;0;0
4910;0;0;0;0;0;0;1;0;8.5;23.5;0;0;0;0;1;0;20;0;0;8.5;8.5;0;0;0;0;0;0;0;1;0;0;0;0;5000;5000;0;0;1;1;1;1;0;0;0
5011;0;0;0;0;0;0;1;0;8.5;23.5;0;0;0;0;1;0;20;0;0;8.5;8.5;0;0;0;0;0;0;0;1;0;0;0;0;5000;5000;0;0;1;1;1;1;0;0;0
5112;0;0;0;0;0;0;1;0;8.5;23.5;0;0;0;0;1;0;20;0;0;8.5;8.5;0;0;0;0;0;0;0;1;0;0;0;0;5000;5000;0;0;1;1;1;1;0;0;0
5211;0;0;0;0;0;0;1;0;8.5;23.5;0;0;0;0;1;0;20;0;0;8.5;8.5;0;0;0;0;0;0;0;1;0;0;0;0;5000;5000;0;0;1;1;1;1;0;0;0
5311;0;0;0;0;0;0;1;0;8.5;23.5;0;0;0;0;1;0;20;0;0;8.5;8.5;0;0;0;0;0;0;0;1;0;0;0;0;5000;5000;0;0;1;1;1;1;0;0;0
5412;0;0;0;0;0;0;1;0;8.5;23.5;0;0;0;0;1;0;20;0;0;8.5;8.5;0;0;0;0;0;0;0;1;0;0;0;0;5000;5000;0;0;1;1;1;1;0;0;0
5512;0;0;0;0;0;0;1;0;8.5;23.5;0;0;0;0;1;0;20;0;0;8.5;8.5;0;0;0;0;0;0;0;1;0;0;0;0;5000;5000;0;0;1;1;1;1;0;0;0
5614;0;0;0;0;0;0;1;0;8.5;23.5;0;0;0;0;1;0;20;0;0;8.5;8.5;0;0;0;0;0;0;0;1;0;0;0;0;5000;5000;0;0;1;1;1;1;0;0;0
5715;0;0;0;0;0;0;1;0;8.5;23.5;0;0;0;0;1;0;20;0;0;8.5;8.5;0;0;0;0;0;0;0;1;0;0;0;0;5000;5000;0;0;1;1;1;1;0;0;0
5815;0;0;0;0;0;0;1;0;8.5;23.5;0;0;0;0;1;0;20;0;0;8.5;8.5;0;0;0;0;0;0;0;1;0;0;0;0;5000;5000;0;0;1;1;1;1;0;0;0
5915;0;0;0;0;0;0;1;0;8.5;23.5;0;0;0;0;1;0;20;0;0;8.5;8.5;0;0;0;0;0;0;0;1;0;0;0;0;5000;5000;0;0;1;1;1;1;0;0;0
6014;0;0;0;0;0;0;1;0;8.5;23.5;0;0;0;0;1;0;20;0;0;8.5;8.5;0;0;0;0;0;0;0;1;0;0;0;0;5000;5000;0;0;1;1;1;1;0;0;0
6115;0;0;0;0;0;0;1;0;8.5;23.5;0;0;0;0;1;0;20;0;0;8.5;8.5;0;0;0;0;0;0;0;1;0;0;0;0;5000;5000;0;0;1;1;1;1;0;0;0
6215;0;0;0;0;0;0;1;0;8.5;23.5;0;0;0;0;1;0;20;0;0;8.5;8.5;0;0;0;0;0;0;0;1;0;0;0;0;5000;5000;0;0;1;1;1;1;0;0;0
6315;0;0;0;0;0;0;1;0;8.5;23.5;0;0;0;0;1;0;20;0;0;8.5;8.5;0;0;0;0;0;0;0;1;0;0;0;0;5000;5000;0;0;1;1;1;1;0;0;0
6417;0;0;0;0;0;0;1;0;8.5;23.5;0;0;0;0;1;0;20;0;0;8.5;8.5;0;0;0;0;0;0;0;1;0;0;0;0;5000;5000;0;0;1;1;1;1;0;0;0
6518;0;0;0;0;0;0;1;0;8.5;23.5;0;0;0;0;1;0;20;0;0;8.5;8.5;0;0;0;0;0;0;0;1;0;0;0;0;5000;5000;0;0;1;1;1;1;0;0;0
6618;0;0;0;0;0;0;1;0;8.5;23.5;0;0;0;0;1;0;20;0;0;8.5;8.5;0;0;0;0;0;0;0;1;0;0;0;0;5000;5000;0;0;1;1;1;1;0;0;0
6718;0;0;0;0;0;0;1;0;8.5;23.5;0;0;0;0;1;0;20;0;0;8.5;8.5;0;0;0;0;0;0;0;1;0;0;0;0;5000;5000;0;0;1;1;1;1;0;0;0
6817;0;0;1;0;0;0;1;0;8.5;23.5;0;0;0;0;1;0;20;0;0;8.5;8.5;0;0;0;0;0;0;0;1;0;0;0;0;5000;5000;0;0;1;1;1;1;0;0;0
6918;0;0;1;0;0;0;1;0;8.5;23.5;0;0;0;0;1;0;20;0;0;8.5;8.5;0;0;0;0;0;0;0;1;0;0;0;0;5000;5000;0;0;1;1;1;1;0;0;0
7020;0;0;1;0;0;0;1;0;8.5;23.5;0;0;0;0;1;0;20;0;0;8.5;8.5;0;0;0;0;0;0;0;1;0;0;0;0;5000;5000;0;0;1;1;1;1;0;0;0
7120;0;0;1;0;0;0;1;0;8.5;23.5;0;0;0;0;1;0;20;0;0;8.5;8.5;0;0;0;0;0;0;0;1;0;0;0;0;5000;5000;0;0;1;1;1;1;0;0;0
7223;0;0;1;0;0;0;1;0;8.5;23.5;0;0;0;0;1;0;20;0;0;8.5;8.5;0;0;0;0;0;0;0;1;0;0;0;0;5000;5000;0;0;1;1;1;1;0;0;0
7322;0;0;1;0;0;0;1;0;8.5;23.5;0;0;0;0;1;0;20;0;0;8.5;8.5;0;0;0;0;0;0;0;1;0;0;0;0;5000;5000;0;0;1;1;1;1;0;0;0
7424;0;0;1;0;0;0;1;0;8.5;23.5;0;0;0;0;1;0;20;0;0;8.5;8.5;0;0;0;0;0;0;0;1;0;0;0;0;5000;5000;0;0;1;1;1;1;0;0;0
7524;0;0;1;0;0;0;1;0;8.5;23.5;0;0;0;0;1;0;20;0;0;8.5;8.5;0;0;0;0;0;0;0;1;0;0;0;0;5000;5000;0;0;1;1;1;1;0;0;0
7625;0;0;1;0;0;0;1;0;8.5;23.5;0;0;0;0;1;0;20;0;0;8.5;8.5;0;0;0;0;0;0;0;1;0;0;0;0;5000;5000;0;0;1;1;1;1;0;0;0
7727;0;0;1;0;0;0;1;0;8.5;23.5;0;0;0;0;1;0;20;0;0;8.5;8.5;0;0;0;0;0;0;0;1;0;0;0;0;5000;5000;0;0;1;1;1;1;0;0;0
7827;0;0;1;0;0;0;1;0;8.5;23.5;0;0;0;0;1;0;20;0;0;8.5;8.5;0;0;0;0;0;0;0;1;0;0;0;0;5000;5000;0;0;1;1;1;1;0;0;0
7928;0;0;1;0;0;0;1;0;8.5;23.5;0;0;0;0;1;0;20;0;0;8.5;8.5;0;0;0;0;0;0;0;1;0;0;0;0;5000;5000;0;0;1;1;1;1;0;0;0
8030;0;0;1;0;0;0;1;0;8.5;23.5;0;0;0;0;1;0;20;0;0;8.5;8.5;0;0;0;0;0;0;0;1;0;0;0;0;5000;5000;0;0;1;1;1;1;0;0;0
8128;0;0;1;0;0;0;1;0;8.5;23.5;0;0;0;0;1;0;20;0;0;8.5;8.5;0;0;0;0;0;0;0;1;0;0;0;0;5000;5000;0;0;1;1;1;1;0;0;0
8230;0;0;1;0;0;0;1;0;8.5;23.5;0;0;0;0;1;0;20;0;0;8.5;8.5;0;0;0;0;0;0;0;1;0;0;0;0;5000;5000;0;0;1;1;1;1;0;0;0
8330;0;0;1;0;0;0;1;0;8.5;23.5;0;0;0;0;1;0;20;0;0;8.5;8.5;0;0;0;0;0;0;0;1;0;0;0;0;5000;5000;0;0;1;1;1;1;0;0;0
8430;0;0;1;0;0;0;1;0;8.5;23.5;0;0;0;0;1;0;20;0;0;8.5;8.5;0;0;0;0;0;0;0;1;0;0;0;0;5000;5000;0;0;1;1;1;1;0;0;0
8531;0;0;1;0;0;0;1;0;8.5;23.5;0;0;0;0;1;0;20;0;0;8.5;8.5;0;0;0;0;0;0;0;1;0;0;0;0;5000;5000;0;0;1;1;1;1;0;0;0
8631;0;0;1;0;0;0;1;0;8.5;23.5;0;0;0;0;1;0;20;0;0;8.5;8.5;0;0;0;0;0;0;0;1;0;0;0;0;5000;5000;0;0;1;1;1;1;0;0;0
8732;0;0;1;0;0;0;1;0;8.5;23.5;0;0;0;0;1;0;20;0;0;8.5;8.5;0;0;0;0;0;0;0;1;0;0;0;0;5000;5000;0;0;1;1;1;1;0;0;0
8832;0;0;1;0;0;0;1;0;8.5;23.5;0;0;0;0;1;0;20;0;0;8.5;8.5;0;0;0;0;0;0;0;1;0;0;0;0;5000;5000;0;0;1;1;1;1;0;0;0
8932;0;0;1;0;0;0;1;0;8.5;23.5;0;0;0;0;1;0;20;0;0;8.5;8.5;0;0;0;0;0;0;0;1;0;0;0;0;5000;5000;0;0;1;1;1;1;0;0;0
9033;0;0;1;0;0;0;1;0;8.5;23.5;0;0;0;0;1;0;20;0;0;8.5;8.5;0;0;0;0;0;0;0;1;0;0;0;0;5000;5000;0;0;1;1;1;1;0;0;0
9134;0;0;1;0;0;0;0;0;8.5;23.5;0;0;0;0;1;0;20;0;0;8.5;8.5;0;0;0;0;0;0;0;1;0;0;0;0;5000;4525;0;0;1;1;1;1;0;0;0
9237;2;1;0;1;0;1;0;-16;8.5;23.5;0;0;0;0;1;0;20;0;0;8.5;8.5;0;0;0;0;0;0;0;1;0;0;0;0;5000;4200;0;0;1;1;1;1;0;0;0
9338;2;1;0;1;0;1;0;-19;8.5;23.5;0;0;0;0;1;0;20;0;0;8.5;8.5;0;0;0;0;0;0;0;1;0;0;0;0;5000;4047;0;0;1;1;1;1;0;0;0
9439;2;1;0;1;0;1;0;-24;8.5;23.5;0;0;0;0;1;0;20;0;0;8.5;8.5;0;0;0;0;0;0;0;1;0;0;0;0;5000;3782;0;0;1;1;1;1;0;0;0
9538;2;1;0;1;0;1;0;-32;8.5;23.5;0;0;0;0;1;0;20;0;0;8.5;8.5;0;0;0;0;0;0;0;1;0;0;0;0;5000;3417;0;0;1;1;1;1;0;0;0
9639;2;1;0;1;0;1;0;-40;8.5;23.5;0;0;0;0;1;0;20;0;0;8.5;8.5;0;0;0;0;0;0;0;1;0;0;0;0;5000;3003;0;0;1;1;1;1;0;0;0
9740;3;1;0;1;0;1;0;-48;8.5;23.449951171875;0;1;0;0;1;0;20;1;1;8.5;8.449951171875;0;0;0;0;0;0;0.3336588442325592;1;0;0;0;0;5000;2608;0;0;1;0;1;1;0;0;0
9840;3;1;0;1;0;1;0;-51;8.5;23.349853515625;0;1;0;0;1;0;20;1;1;8.5;8.349853515625;0;0;0;0;0;0;1.0009765625;1;0;0;0;0;5000;2463;0;0;1;0;1;1;0;0;0
9940;3;1;0;1;0;1;0;-55;8.5;23.259765625;0;1;0;0;1;0;20;1;1;8.5;8.259765625;0;0;0;0;0;0;1.6015625;1;0;0;0;0;5000;2247;0;0;1;0;1;1;0;0;0
10041;3;1;0;1;0;1;0;-62;8.5;23.15966796875;0;1;0;0;1;0;20;1;1;8.5;8.15966796875;0;0;0;0;0;0;2.2688801288604736;1;0;0;0;0;5000;1912;0;0;1;0;1;1;0;0;0
10142;3;1;0;1;0;1;0;-70;8.5;23.0595703125;0;1;0;0;1;0;20;1;1;8.5;8.0595703125;0;0;0;0;0;0;2.9361979961395264;1;0;0;0;0;5000;1477;0;0;1;0;1;1;0;0;0
10241;3;1;0;1;0;1;0;-80;8.5;22.959716796875;0;2;0;0;1;0;20;1;1;8.5;7.959716796875;0;0;0;0;0;0;3.6018879413604736;1;0;0;0;0;5000;1000;0;0;1;0;1;1;0;0;0
10343;3;1;0;1;0;1;0;-83;8.5;22.835205078125;0;2;0;0;1;0;20;1;1;8.5;7.835205078125;0;0;0;0;0;0;4.4319663047790527;1;0;0;0;0;5000;875;0;0;1;0;1;1;0;0;0
10443;3;1;0;1;0;1;0;-86;8.5;22.72314453125;0;2;0;0;1;0;20;1;1;8.5;7.72314453125;0;0;0;0;0;0;5.1790366172790527;1;0;0;0;0;5000;677;0;0;1;0;1;1;0;0;0
10546;3;1;0;1;0;1;0;-93;8.5;22.5986328125;0;2;0;0;1;0;20;1;1;8.5;7.5986328125;0;0;0;0;0;0;6.0091147422790527;1;0;0;0;0;5000;362;0;0;1;0;1;1;0;0;0
10646;3;1;0;1;0;1;0;-100;8.5;22.47412109375;0;2;0;0;1;0;20;1;1;8.5;7.47412109375;0;0;0;1;0;0;6.8391928672790527;1;0;0;0;0;5000;0;0;0;1;0;1;1;0;0;0
10747;3;1;0;1;0;1;0;-100;8.5;22.357177734375;0;3;0;0;1;0;20;1;1;8.5;7.357177734375;0;0;0;1;0;0;7.6188149452209473;1;0;0;0;0;5000;0;0;0;1;0;1;1;0;0;0
10847;3;1;0;1;0;1;0;-100;8.5;22.208251953125;0;3;0;0;1;0;20;1;1;8.5;7.208251953125;0;0;0;1;0;0;8.6116533279418945;1;0;0;0;0;5000;0;0;0;1;0;1;1;0;0;0
10948;3;1;0;1;0;1;0;-100;8.5;22.07421875;0;3;0;0;1;0;20;1;1;8.5;7.07421875;0;0;0;1;0;0;9.5052080154418945;1;0;0;0;0;5000;0;0;0;1;0;1;1;0;0;0
11047;3;1;0;1;0;1;0;-100;8.5;21.92529296875;0;3;0;0;1;0;20;1;1;8.5;6.92529296875;0;0;0;1;0;0;10.498046875;1;0;0;0;0;5000;0;0;0;1;0;1;1;0;0;0
11149;3;1;0;1;0;1;0;-100;8.5;21.791259765625;0;3;0;0;1;0;20;1;1;8.5;6.791259765625;0;0;0;1;0;0;11.3916015625;1;0;0;0;0;5000;0;0;0;1;0;1;1;0;0;0
11248;3;1;0;1;0;1;0;-100;8.5;21.642333984375;0;4;0;0;1;0;20;1;1;8.5;6.642333984375;0;0;0;1;0;0;12.384440422058105;1;0;0;0;0;5000;0;0;0;1;0;1;1;0;0;0
11348;3;1;0;1;0;1;0;-100;8.5;21.484130859375;0;4;0;0;1;0;20;1;1;8.5;6.484130859375;0;0;0;1;0;0;13.439127922058105;1;0;0;0;0;5000;0;0;0;1;0;1;1;0;0;0
11448;3;1;0;1;0;1;0;-100;8.5;21.308349609375;0;4;0;0;1;0;20;1;1;8.5;6.308349609375;0;0;0;1;0;0;14.611002922058105;1;0;0;0;0;5000;0;0;0;1;0;1;1;0;0;0
11552;3;1;0;1;0;1;0;-100;8.5;21.132568359375;0;4;0;0;1;0;20;1;1;8.5;6.132568359375;0;0;0;1;0;0;15.782877922058105;1;0;0;0;0;5000;0;0;0;1;0;1;1;0;0;0
11650;3;1;0;1;0;1;0;-100;8.5;20.974365234375;0;4;0;0;1;0;20;1;1;8.5;5.974365234375;0;0;0;1;0;0;16.837564468383789;1;0;0;0;0;5000;0;0;0;1;0;1;1;0;0;0
11751;3;1;0;1;0;1;0;-100;8.5;20.798583984375;0;4;0;0;1;0;20;1;1;8.5;5.816162109375;0;0;0;1;0;1;17.892251968383789;1;0;0;0;0;5000;0;0;0;1;0;1;1;0;0;0
11852;3;1;0;1;0;1;0;-100;8.5;20.640380859375;0;4;0;0;1;0;20;1;1;8.5;5.640380859375;0;0;0;1;0;1;19.064126968383789;1;0;0;0;0;5000;0;0;0;1;0;1;1;0;0;0
11953;3;1;0;1;0;1;0;-100;8.5;20.464599609375;0;4;0;0;1;0;20;1;1;8.5;5.464599609375;0;0;0;1;0;1;20.236001968383789;1;0;0;0;0;5000;0;0;0;1;0;1;1;0;0;0
12053;3;1;0;1;0;1;0;-100;8.5;20.288818359375;0;4;0;0;1;0;20;1;1;8.5;5.288818359375;0;0;0;1;0;1;21.407876968383789;1;0;0;0;0;5000;0;0;0;1;0;1;1;0;0;0
12154;3;1;0;1;0;1;0;-100;8.5;20.130615234375;0;4;0;0;1;0;20;1;1;8.5;5.130615234375;0;0;0;1;0;1;22.462564468383789;1;0;0;0;0;5000;0;0;0;1;0;1;1;0;0;0
12253;3;1;0;1;0;1;0;-100;8.5;19.972412109375;0;4;0;0;1;0;20;1;1;8.5;4.972412109375;0;0;0;1;0;1;23.517251968383789;1;0;0;0;0;5000;0;0;0;1;0;1;1;0;0;0
12353;3;1;0;1;0;1;0;-100;8.5;19.796630859375;0;4;0;0;1;0;20;1;1;8.5;4.796630859375;0;0;0;1;0;1;24.689126968383789;1;0;0;0;0;5000;0;0;0;1;0;1;1;0;0;0
12453;3;1;0;1;0;1;0;-100;8.5;19.620849609375;0;4;0;0;1;0;20;1;1;8.5;4.620849609375;0;0;0;1;0;1;25.861001968383789;1;0;0;0;0;5000;0;0;0;1;0;1;1;0;0;0
12553;3;1;0;1;0;1;0;-100;8.5;19.462646484375;0;4;0;0;1;0;20;1;1;8.5;4.462646484375;0;0;0;1;0;1;26.915689468383789;1;0;0;0;0;5000;0;0;0;1;0;1;1;0;0;0
12653;3;1;0;1;0;1;0;-100;8.5;19.304443359375;0;4;0;0;1;0;20;1;1;8.5;4.304443359375;0;0;0;1;0;1;27.970376968383789;1;0;0;0;0;5000;0;0;0;1;0;1;1;0;0;0
12753;3;1;0;1;0;1;0;-100;8.5;19.128662109375;0;4;0;0;1;0;20;1;1;8.5;4.128662109375;0;0;0;1;0;1;29.142251968383789;1;0;0;0;0;5000;0;0;0;1;0;1;1;0;0;0
12855;3;1;0;1;0;1;0;-100;8.5;18.952880859375;0;4;0;0;1;0;20;1;1;8.5;3.952880859375;0;0;0;1;0;1;30.314126968383789;1;0;0;0;0;5000;0;0;0;1;0;1;1;0;0;0
12955;3;1;0;1;0;1;0;-100;8.5;18.794677734375;0;4;0;0;1;0;20;1;1;8.5;3.794677734375;0;0;0;1;0;1;31.368814468383789;1;0;0;0;0;5000;0;0;0;1;0;1;1;0;0;0
13056;3;1;0;1;0;1;0;-100;8.5;18.618896484375;0;4;0;0;1;0;20;1;1;8.5;3.618896484375;0;0;0;1;0;1;32.540691375732422;1;0;0;0;0;5000;0;0;0;1;0;1;1;0;0;0
13156;3;1;0;1;0;1;0;-100;8.5;18.460693359375;0;4;0;0;1;0;20;1;1;8.5;3.460693359375;0;0;0;1;0;1;33.595378875732422;1;0;0;0;0;5000;0;0;0;1;0;1;1;0;0;0
13256;3;1;0;1;0;1;0;-100;8.5;18.284912109375;0;4;0;0;1;0;20;1;1;8.5;3.284912109375;0;0;0;1;0;1;34.767253875732422;1;0;0;0;0;5000;0;0;0;1;0;1;1;0;0;0
13356;3;1;0;1;0;1;0;-100;8.5;18.126708984375;0;4;0;0;1;0;20;1;1;8.5;3.126708984375;0;0;0;1;0;1;35.821941375732422;1;0;0;0;0;5000;0;0;0;1;0;1;1;0;0;0
13457;3;1;0;1;0;1;0;-100;8.5;17.950927734375;0;4;0;0;1;0;20;1;1;8.5;2.950927734375;0;0;0;1;0;1;36.993816375732422;1;0;0;0;0;5000;0;0;0;1;0;1;1;0;0;0
13556;3;1;0;1;0;1;0;-100;8.5;17.792724609375;0;4;0;0;1;0;20;1;1;8.5;2.792724609375;0;0;0;1;0;1;38.048503875732422;1;0;0;0;0;5000;0;0;0;1;0;1;1;0;0;0
13658;3;1;0;1;0;1;0;-100;8.5;17.634521484375;0;4;0;0;1;0;20;1;1;8.5;2.634521484375;0;0;0;1;0;1;39.103191375732422;1;0;0;0;0;5000;0;0;0;1;0;1;1;0;0;0
13758;3;1;0;1;0;1;0;-100;8.5;17.458740234375;0;4;0;0;1;0;20;1;1;8.5;2.458740234375;0;0;0;1;0;1;40.275066375732422;1;0;0;0;0;5000;0;0;0;1;0;1;1;0;0;0
13858;3;1;0;1;0;1;0;-100;8.5;17.300537109375;0;4;0;0;1;0;20;1;1;8.5;2.300537109375;0;0;0;1;0;1;41.329753875732422;1;0;0;0;0;5000;0;0;0;1;0;1;1;0;0;0
13958;3;1;0;1;0;1;0;-100;8.5;17.124755859375;0;4;0;0;1;0;20;1;1;8.5;2.124755859375;0;0;0;1;0;1;42.501628875732422;1;0;0;0;0;5000;0;0;0;1;0;1;1;0;0;0
14059;3;1;0;1;0;1;0;-100;8.5;16.966552734375;0;4;0;0;1;0;20;1;1;8.5;1.966552734375;0;0;0;1;0;1;43.556316375732422;1;0;0;0;0;5000;0;0;0;1;0;1;1;0;0;0
14158;3;1;0;1;0;1;0;-100;8.5;16.808349609375;0;4;0;0;1;0;20;1;1;8.5;1.808349609375;0;0;0;1;0;1;44.611003875732422;1;0;0;0;0;5000;0;0;0;1;0;1;1;0;0;0
14261;3;1;0;1;0;1;0;-100;8.5;16.632568359375;0;4;0;0;1;0;20;1;1;8.5;1.632568359375;0;0;0;1;0;1;45.782878875732422;1;0;0;0;0;5000;0;0;0;1;0;1;1;0;0;0
14360;3;1;0;1;0;1;0;-100;8.5;16.474365234375;0;4;0;0;1;0;20;1;1;8.5;1.474365234375;0;0;0;1;0;1;46.837566375732422;1;0;0;0;0;5000;0;0;0;1;0;1;1;0;0;0
14462;3;1;0;1;0;1;0;-100;8.5;16.298583984375;0;4;0;0;1;0;20;1;1;8.5;1.298583984375;0;0;0;1;0;1;48.009441375732422;1;0;0;0;0;5000;0;0;0;1;0;1;1;0;0;0
14561;3;1;0;1;0;1;0;-100;8.5;16.140380859375;0;4;0;0;1;0;20;1;1;8.5;1.140380859375;0;0;0;1;0;1;49.064128875732422;1;0;0;0;0;5000;0;0;0;1;0;1;1;0;0;0
14663;3;1;0;1;0;1;0;-100;8.5;15.964599609375;0;4;0;0;1;0;20;1;1;8.5;0.964599609375;0;0;0;1;0;1;50.236003875732422;1;0;0;0;0;5000;0;0;0;1;0;1;1;0;0;0
14762;3;1;0;1;0;1;0;-100;8.5;15.806396484375;0;4;0;0;1;0;20;1;1;8.5;0.806396484375;0;0;0;1;0;1;51.290691375732422;1;0;0;0;0;5000;0;0;0;1;0;1;1;0;0;0
14864;3;1;0;1;0;1;0;-100;8.5;15.630615234375;0;4;0;0;1;0;20;1;1;8.5;0.630615234375;0;0;0;1;0;1;52.462566375732422;1;0;0;0;0;5000;0;0;0;1;0;1;1;0;0;0
14964;3;1;0;1;0;1;0;-100;8.5;15.472412109375;0;4;0;0;1;0;20;1;1;8.5;0.472412109375;0;0;0;1;0;1;53.517253875732422;1;0;0;0;0;5000;0;0;0;1;0;1;1;0;0;0
15066;3;1;0;1;0;1;0;-100;8.5;15.314208984375;0;4;0;0;1;0;20;1;1;8.5;0.314208984375;0;0;0;1;0;1;54.571941375732422;1;0;0;0;0;5000;0;0;0;1;0;1;1;0;0;0
15165;3;1;0;1;0;1;0;-100;8.5;15.138427734375;0;4;0;0;1;0;20;1;1;8.5;0.138427734375;0;0;0;1;0;1;55.743816375732422;1;0;0;0;0;5000;0;0;0;1;0;1;1;0;0;0
15265;3;1;0;1;0;1;0;-100;8.5;14.980224609375;0;4;0;0;1;0;20;1;1;8.5;-0.019775390625;0;0;0;1;0;1;56.798503875732422;1;0;0;0;0;5000;0;0;0;1;0;1;1;0;0;0
15367;3;1;0;1;0;1;0;-100;8.5;14.804443359375;0;4;0;0;1;0;20;1;1;8.5;-0.195556640625;0;0;0;1;0;1;57.970378875732422;1;0;0;0;0;5000;0;0;0;1;0;1;1;0;0;0
15467;3;1;0;1;0;1;0;-100;8.5;14.646240234375;0;4;0;0;1;0;20;1;1;8.5;-0.353759765625;0;0;0;1;0;1;59.025066375732422;1;0;0;0;0;5000;0;0;0;1;0;1;1;0;0;0
15566;3;1;0;1;0;1;0;-100;8.5;14.470458984375;0;4;0;0;1;0;20;1;1;8.5;-0.529541015625;0;0;0;1;0;1;60.196941375732422;1;0;0;0;0;5000;0;0;0;1;0;1;1;0;0;0
15669;3;1;0;1;0;1;0;-100;8.5;14.312255859375;0;4;0;0;1;0;20;1;1;8.5;-0.687744140625;0;0;0;1;0;1;61.251628875732422;1;0;0;0;0;5000;0;0;0;1;0;1;1;0;0;0
15768;3;1;0;1;0;1;0;-100;8.5;14.136474609375;0;4;0;0;1;0;20;1;1;8.5;-0.863525390625;0;0;0;1;0;1;62.423503875732422;1;0;0;0;0;5000;0;0;0;1;0;1;1;0;0;0
15869;3;1;0;1;0;1;0;-100;8.5;13.960693359375;0;4;0;0;1;0;20;1;1;8.5;-1.039306640625;0;0;0;1;0;1;63.595378875732422;1;0;0;0;0;5000;0;0;0;1;0;1;1;0;0;0
15968;3;1;0;1;0;1;0;-100;8.5;13.802490234375;0;4;0;0;1;0;20;1;1;8.5;-1.197509765625;0;0;0;1;0;1;64.650062561035156;1;0;0;0;0;5000;0;0;0;1;0;1;1;0;0;0
16069;3;1;0;1;0;1;0;-100;8.5;13.644287109375;0;4;0;0;1;0;20;1;1;8.5;-1.355712890625;0;0;0;1;0;1;65.704750061035156;1;0;0;0;0;5000;0;0;0;1;0;1;1;0;0;0
16168;3;1;0;1;0;1;0;-100;8.5;13.468505859375;0;4;0;0;1;0;20;1;1;8.5;-1.531494140625;0;0;0;1;0;1;66.876625061035156;1;0;0;0;0;5000;0;0;0;1;0;1;1;0;0;0
16268;3;1;0;1;0;1;0;-100;8.5;13.310302734375;0;4;0;0;1;0;20;1;1;8.5;-1.689697265625;0;0;0;1;0;1;67.931312561035156;1;0;0;0;0;5000;0;0;0;1;0;1;1;0;0;0
16369;3;1;0;1;0;1;0;-100;8.5;13.152099609375;0;4;0;0;1;0;20;1;1;8.5;-1.847900390625;0;0;0;1;0;1;68.986000061035156;1;0;0;0;0;5000;0;0;0;1;0;1;1;0;0;0
16470;3;1;0;1;0;1;0;-100;8.5;12.976318359375;0;4;0;0;1;0;20;1;1;8.5;-2.023681640625;0;0;0;1;0;1;70.157875061035156;1;0;0;0;0;5000;0;0;0;1;0;1;1;0;0;0
16569;3;1;0;1;0;1;0;-100;8.5;12.818115234375;0;4;0;0;1;0;20;1;1;8.5;-2.181884765625;0;0;0;1;0;1;71.212562561035156;1;0;0;0;0;5000;0;0;0;1;0;1;1;0;0;0
16670;3;1;0;1;0;1;0;-100;8.5;12.659912109375;0;4;0;0;1;0;20;1;1;8.5;-2.340087890625;0;0;0;1;0;1;72.267250061035156;1;0;0;0;0;5000;0;0;0;1;0;1;1;0;0;0
16771;3;1;0;1;0;1;0;-100;8.5;12.484130859375;0;4;0;0;1;0;20;1;1;8.5;-2.515869140625;0;0;0;1;0;1;73.439125061035156;1;0;0;0;0;5000;0;0;0;1;0;1;1;0;0;0
16872;3;1;0;1;0;1;0;-100;8.5;12.325927734375;0;4;0;0;1;0;20;1;1;8.5;-2.674072265625;0;0;0;1;0;1;74.493812561035156;1;0;0;0;0;5000;0;0;0;1;0;1;1;0;0;0
16971;3;1;0;1;0;1;0;-100;8.5;12.150146484375;0;4;0;0;1;0;20;1;1;8.5;-2.849853515625;0;0;0;1;0;1;75.665687561035156;1;0;0;0;0;5000;0;0;0;1;0;1;1;0;0;0
17072;3;1;0;1;0;1;0;-100;8.5;11.991943359375;0;4;0;0;1;0;20;1;1;8.5;-3.008056640625;0;0;0;1;0;1;76.720375061035156;1;0;0;0;0;5000;0;0;0;1;0;1;1;0;0;0
17172;3;1;0;1;0;1;0;-100;8.5;11.833740234375;0;4;0;0;1;0;20;1;1;8.5;-3.166259765625;0;0;0;1;0;1;77.775062561035156;1;0;0;0;0;5000;0;0;0;1;0;1;1;0;0;0
17273;3;1;0;1;0;1;0;-100;8.5;11.657958984375;0;4;0;0;1;0;20;1;1;8.5;-3.342041015625;0;0;0;1;0;1;78.946937561035156;1;0;0;0;0;5000;0;0;0;1;0;1;1;0;0;0
17374;3;1;0;1;0;1;0;-100;8.5;11.482177734375;0;4;0;0;1;0;20;1;1;8.5;-3.517822265625;0;0;0;1;0;1;80.118812561035156;1;0;0;0;0;5000;0;0;0;1;0;1;1;0;0;0
17473;3;1;0;1;0;1;0;-100;8.5;11.323974609375;0;4;0;0;1;0;20;1;1;8.5;-3.676025390625;0;0;0;1;0;1;81.173500061035156;1;0;0;0;0;5000;0;0;0;1;0;1;1;0;0;0
17575;3;1;0;1;0;1;0;-100;8.5;11.148193359375;0;4;0;0;1;0;20;1;1;8.5;-3.851806640625;0;0;0;1;0;1;82.345375061035156;1;0;0;0;0;5000;0;0;0;1;0;1;1;0;0;0
17674;3;1;0;1;0;1;0;-100;8.5;10.989990234375;0;4;0;0;1;0;20;1;1;8.5;-4.010009765625;0;0;0;1;0;1;83.400062561035156;1;0;0;0;0;5000;0;0;0;1;0;1;1;0;0;0
17775;3;1;0;1;0;1;0;-100;8.5;10.814208984375;0;4;0;0;1;0;20;1;1;8.5;-4.185791015625;0;0;0;1;0;1;84.571937561035156;1;0;0;0;0;5000;0;0;0;1;0;1;1;0;0;0
17876;3;1;0;1;0;1;0;-100;8.5;10.656005859375;0;4;0;0;1;0;20;1;1;8.5;-4.343994140625;0;0;0;1;0;1;85.626625061035156;1;0;0;0;0;5000;0;0;0;1;0;1;1;0;0;0
17978;3;1;0;1;0;1;0;-100;8.5;10.480224609375;0;4;0;0;1;0;20;1;1;8.5;-4.519775390625;0;0;0;1;0;1;86.798500061035156;1;0;0;0;0;5000;0;0;0;1;0;1;1;0;0;0
18077;3;1;0;1;0;1;0;-100;8.5;10.322021484375;0;4;0;0;1;0;20;1;1;8.5;-4.677978515625;0;0;0;1;0;1;87.853187561035156;1;0;0;0;0;5000;0;0;0;1;0;1;1;0;0;0
18179;3;1;0;1;0;1;0;-100;8.5;10.163818359375;0;4;0;0;1;0;20;1;1;8.5;-4.836181640625;0;0;0;1;0;1;88.907875061035156;1;0;0;0;0;5000;0;0;0;1;0;1;1;0;0;0
18278;3;1;0;1;0;1;0;-100;8.5;9.988037109375;0;4;0;0;1;0;20;1;1;8.5;-5.011962890625;0;0;0;1;0;1;90.079750061035156;1;0;0;0;0;5000;0;0;0;1;0;1;1;0;0;0
18379;3;1;0;1;0;1;0;-100;8.5;9.829833984375;0;4;0;0;1;0;20;1;1;8.5;-5.170166015625;0;0;0;1;0;1;91.134437561035156;1;0;0;0;0;5000;0;0;0;1;0;1;1;0;0;0
18479;21;1;0;1;0;1;0;-100;8.5;9.714599609375;0;0;0;0;1;0;20;0;0;8.5;9.724609375;0;0;0;0;0;0;91.8359375;1;0;0;0;0;5000;0;0;0;1;1;1;1;0;0;0
18581;21;1;0;1;0;1;0;-100;8.5;9.62451171875;0;0;0;0;1;0;20;0;0;8.5;9.62451171875;0;0;0;0;0;0;92.503257751464844;1;0;0;0;0;5000;0;0;0;1;1;1;1;0;0;0
18682;21;1;0;1;0;1;0;-100;8.5;9.534423828125;0;0;0;0;1;0;20;0;0;8.5;9.534423828125;0;0;0;0;0;0;93.103843688964844;1;0;0;0;0;5000;0;0;0;1;1;1;1;0;0;0
18783;21;1;0;1;0;1;0;-100;8.5;9.4443359375;0;0;0;0;1;0;20;0;0;8.5;9.4443359375;0;0;0;0;0;0;93.704429626464844;1;0;0;0;0;5000;0;0;0;1;1;1;1;0;0;0
18881;21;1;0;1;0;1;0;-100;8.5;9.4443359375;0;0;0;0;1;0;20;0;0;8.5;9.4443359375;0;0;0;0;0;0;93.704429626464844;1;0;0;0;0;5000;0;0;0;1;1;1;1;0;0;0
18981;21;1;0;1;0;1;0;-100;8.5;9.4443359375;0;0;0;0;1;0;20;0;0;8.5;9.4443359375;0;0;0;0;0;0;93.704429626464844;1;0;0;0;0;5000;0;0;0;1;1;1;1;0;0;0
19081;21;1;0;1;0;1;0;-100;8.5;9.4443359375;0;0;0;0;1;0;20;0;0;8.5;9.4443359375;0;0;0;0;0;0;93.704429626464844;1;0;0;0;0;5000;0;0;0;1;1;1;1;0;0;0
19182;4;1;0;1;0;1;0;-100;8.429931640625;9.37939453125;1;1;0;0;1;0;20;1;1;8.429931640625;9.37939453125;0;0;0;0;0;0;93.670249938964844;1;0;0;0;0;5000;0;0;0;0;0;0;1;0;0;0
19283;4;1;0;1;0;1;0;-100;8.329833984375;9.28662109375;1;1;0;0;1;0;20;1;1;8.329833984375;9.28662109375;0;0;0;0;0;0;93.621421813964844;1;0;0;0;0;5000;0;0;0;0;0;0;1;0;0;0
19384;4;1;0;1;0;1;0;-100;8.229736328125;9.19384765625;1;1;0;0;1;0;20;1;1;8.229736328125;9.19384765625;0;0;0;0;0;0;93.572593688964844;1;0;0;0;0;5000;0;0;0;0;0;0;1;0;0;0
19486;4;1;0;1;0;1;0;-100;8.1396484375;9.1103515625;1;1;0;0;1;0;20;1;1;8.1396484375;9.1103515625;0;0;0;0;0;0;93.528648376464844;1;0;0;0;0;5000;0;0;0;0;0;0;1;0;0;0
19587;4;1;0;1;0;1;0;-100;8.03955078125;9.017578125;1;1;0;0;1;0;20;1;1;8.03955078125;9.017578125;0;0;0;0;0;0;93.479820251464844;1;0;0;0;0;5000;0;0;0;0;0;0;1;0;0;0
19686;4;1;0;1;0;1;0;-100;7.92236328125;8.90771484375;2;2;0;0;1;0;20;1;1;7.92236328125;8.90771484375;0;0;0;0;0;0;93.430992126464844;1;0;0;0;0;5000;0;0;0;0;0;0;1;0;0;0
19787;4;1;0;1;0;1;0;-100;7.810302734375;8.80224609375;2;2;0;0;1;0;20;1;1;7.810302734375;8.80224609375;0;0;0;0;0;0;93.387046813964844;1;0;0;0;0;5000;0;0;0;0;0;0;1;0;0;0
19887;4;1;0;1;0;1;0;-100;7.685791015625;8.68505859375;2;2;0;0;1;0;20;1;1;7.685791015625;8.68505859375;0;0;0;0;0;0;93.338218688964844;1;0;0;0;0;5000;0;0;0;0;0;0;1;0;0;0
19988;4;1;0;1;0;1;0;-100;7.57373046875;8.57958984375;2;2;0;0;1;0;20;1;1;7.57373046875;8.57958984375;0;0;0;0;0;0;93.294273376464844;1;0;0;0;0;5000;0;0;0;0;0;0;1;0;0;0
20087;4;1;0;1;0;1;0;-100;7.461669921875;8.47412109375;2;2;0;0;1;0;20;1;1;7.461669921875;8.47412109375;0;0;1;1;0;0;93.250328063964844;1;0;0;0;0;5000;0;0;0;0;0;0;1;0;0;0
20189;4;1;0;1;0;1;0;-100;7.327392578125;8.34814453125;3;3;0;0;1;0;20;1;1;7.327392578125;8.34814453125;0;0;1;1;0;0;93.194984436035156;1;0;0;0;0;5000;0;0;0;0;0;0;1;0;0;0
20290;4;1;0;1;0;1;0;-100;7.178466796875;8.208984375;3;3;0;0;1;0;20;1;1;7.178466796875;8.208984375;0;0;1;1;0;0;93.1298828125;1;0;0;0;0;5000;0;0;0;0;0;0;1;0;0;0
20391;4;1;0;1;0;1;0;-100;7.04443359375;8.083740234375;3;3;0;0;1;0;20;1;1;7.04443359375;8.083740234375;0;0;1;1;0;0;93.0712890625;1;0;0;0;0;5000;0;0;0;0;0;0;1;0;0;0
20490;4;1;0;1;0;1;0;-100;6.910400390625;7.95849609375;3;3;0;0;1;0;20;1;1;6.910400390625;7.95849609375;0;0;1;1;0;0;93.0126953125;1;0;0;0;0;5000;0;0;0;0;0;0;1;0;0;0
20590;4;1;0;1;0;1;0;-100;6.7763671875;7.833251953125;3;3;0;0;1;0;20;1;1;6.7763671875;7.833251953125;0;0;1;1;0;0;92.9541015625;1;0;0;0;0;5000;0;0;0;0;0;0;1;0;0;0
20691;4;1;0;1;0;1;0;-100;6.6220703125;7.689208984375;4;4;0;0;1;0;20;1;1;6.6220703125;7.689208984375;0;0;1;1;0;0;92.8857421875;1;0;0;0;0;5000;0;0;0;0;0;0;1;0;0;0
20791;4;1;0;1;0;1;0;-100;6.4638671875;7.5419921875;4;4;0;0;1;0;20;1;1;6.4638671875;7.5419921875;0;0;1;1;0;0;92.8125;1;0;0;0;0;5000;0;0;0;0;0;0;1;0;0;0
20892;4;1;0;1;0;1;0;-100;6.2880859375;7.37841796875;4;4;0;0;1;0;20;1;1;6.2880859375;7.37841796875;0;0;1;1;0;0;92.731117248535156;1;0;0;0;0;5000;0;0;0;0;0;0;1;0;0;0
20991;4;1;0;1;0;1;0;-100;6.1123046875;7.21484375;4;4;0;0;1;0;20;1;1;6.1123046875;7.21484375;0;0;1;1;0;0;92.649742126464844;1;0;0;0;0;5000;0;0;0;0;0;0;1;0;0;0
21093;4;1;0;1;0;1;0;-100;5.9365234375;7.05126953125;4;4;0;0;1;0;20;1;1;5.9365234375;7.05126953125;0;0;1;1;1;1;92.568359375;1;0;0;0;0;5000;0;0;0;0;0;0;1;0;0;0
21191;4;1;0;1;0;1;0;-100;5.7783203125;6.904052734375;4;5;0;0;1;0;20;1;1;5.7783203125;6.904052734375;0;0;1;1;1;1;92.4951171875;1;0;0;0;0;5000;0;0;0;0;0;0;1;0;0;0
21292;4;1;0;1;0;1;0;-100;5.6201171875;6.737060546875;4;5;0;0;1;0;20;1;1;5.6201171875;6.737060546875;0;0;1;1;1;1;92.5537109375;1;0;0;0;0;5000;0;0;0;0;0;0;1;0;0;0
21392;4;1;0;1;0;1;0;-100;5.4619140625;6.570068359375;4;5;0;0;1;0;20;1;1;5.4619140625;6.570068359375;0;0;1;1;1;1;92.6123046875;1;0;0;0;0;5000;0;0;0;0;0;0;1;0;0;0
21494;4;1;0;1;0;1;0;-100;5.2861328125;6.384521484375;4;5;0;0;1;0;20;1;1;5.2861328125;6.384521484375;0;0;1;1;1;1;92.677406311035156;1;0;0;0;0;5000;0;0;0;0;0;0;1;0;0;0
21594;4;1;0;1;0;1;0;-100;5.1279296875;6.217529296875;4;5;0;0;1;0;20;1;1;5.1279296875;6.217529296875;0;0;1;1;1;1;92.736000061035156;1;0;0;0;0;5000;0;0;0;0;0;0;1;0;0;0
21696;4;1;0;1;0;1;0;-100;4.9697265625;6.050537109375;4;5;0;0;1;0;20;1;1;4.9697265625;6.050537109375;0;0;1;1;1;1;92.794593811035156;1;0;0;0;0;5000;0;0;0;0;0;0;1;0;0;0
21795;4;1;0;1;0;1;0;-100;4.8115234375;5.883544921875;4;5;0;0;1;0;20;1;1;4.8115234375;5.883544921875;0;0;1;1;1;1;92.853187561035156;1;0;0;0;0;5000;0;0;0;0;0;0;1;0;0;0
21897;4;1;0;1;0;1;0;-100;4.6357421875;5.697998046875;4;5;0;0;1;0;20;1;1;4.6357421875;5.697998046875;0;0;1;1;1;1;92.918296813964844;1;0;0;0;0;5000;0;0;0;0;0;0;1;0;0;0
21997;4;1;0;1;0;1;0;-100;4.4775390625;5.531005859375;4;5;0;0;1;0;20;1;1;4.4775390625;5.531005859375;0;0;1;1;1;1;92.976890563964844;1;0;0;0;0;5000;0;0;0;0;0;0;1;0;0;0
22098;4;1;0;1;0;1;0;-100;4.3017578125;5.345458984375;4;5;0;0;1;0;20;1;1;4.3017578125;5.345458984375;0;0;1;1;1;1;93.0419921875;1;0;0;0;0;5000;0;0;0;0;0;0;1;0;0;0
22197;4;1;0;1;0;1;0;-100;4.1435546875;5.178466796875;4;5;0;0;1;0;20;1;1;4.1435546875;5.178466796875;0;0;1;1;1;1;93.1005859375;1;0;0;0;0;5000;0;0;0;0;0;0;1;0;0;0
22298;4;1;0;1;0;1;0;-100;3.9853515625;5.011474609375;4;5;0;0;1;0;20;1;1;3.9853515625;5.011474609375;0;0;1;1;1;1;93.1591796875;1;0;0;0;0;5000;0;0;0;0;0;0;1;0;0;0
22398;5;1;0;1;0;1;0;-100;3.8095703125;4.825927734375;4;5;0;1;1;0;20;1;1;3.8095703125;4.825927734375;0;0;1;1;1;1;93.224281311035156;1;0;0;0;0;5000;0;0;0;0;0;0;1;0;0;0
22499;5;1;0;1;0;1;0;-100;3.6513671875;4.658935546875;4;5;0;1;1;0;20;1;1;3.6513671875;4.658935546875;0;0;1;1;1;1;93.282875061035156;1;0;0;0;0;5000;0;0;0;0;0;0;1;0;0;0
22599;5;1;0;1;0;1;0;-100;3.4755859375;4.473388671875;4;5;0;1;1;0;20;1;1;3.4755859375;4.473388671875;0;0;1;1;1;1;93.347984313964844;1;0;0;0;0;5000;0;0;0;0;0;0;1;0;0;0
22700;5;1;0;1;0;1;0;-100;3.3173828125;4.306396484375;4;5;0;1;1;0;20;1;1;3.3173828125;4.306396484375;0;0;1;1;1;1;93.406578063964844;1;0;0;0;0;5000;0;0;0;0;0;0;1;0;0;0
22801;5;1;0;1;0;1;0;-100;3.1416015625;4.120849609375;4;5;0;1;1;0;20;1;1;3.1416015625;4.120849609375;0;0;1;1;1;1;93.4716796875;1;0;0;0;0;5000;0;0;0;0;0;0;1;0;0;0
22902;6;1;0;1;0;1;0;-100;2.9658203125;3.935302734375;4;5;0;1;1;0;20;1;1;2.9658203125;3.935302734375;0;0;1;1;1;1;93.536781311035156;1;0;0;0;0;5000;0;0;0;0;0;0;1;0;0;0
23001;6;1;0;1;0;1;0;-100;2.8076171875;3.768310546875;4;5;0;1;1;0;20;1;1;2.8076171875;3.768310546875;0;0;1;1;1;1;93.595375061035156;1;0;0;0;0;5000;0;0;0;0;0;0;1;0;0;0
23104;6;1;0;1;0;1;0;-100;2.6494140625;3.601318359375;4;5;0;1;1;0;20;1;1;2.6494140625;3.601318359375;0;0;1;1;1;1;93.653968811035156;1;0;0;0;0;5000;0;0;0;0;0;0;1;0;0;0
23204;6;1;0;1;0;1;0;-100;2.4736328125;3.415771484375;4;5;0;1;1;0;20;1;1;2.4736328125;3.415771484375;0;0;1;1;1;1;93.719078063964844;1;0;0;0;0;5000;0;0;0;0;0;0;1;0;0;0
23306;6;1;0;1;0;1;0;-100;2.3154296875;3.248779296875;4;5;0;1;1;0;20;1;1;2.3154296875;3.248779296875;0;0;1;1;1;1;93.777671813964844;1;0;0;0;0;5000;0;0;0;0;0;0;1;0;0;0
23405;7;1;0;1;0;1;0;-100;2.1396484375;3.063232421875;4;5;0;1;1;0;20;1;1;2.1396484375;3.063232421875;0;0;1;1;1;1;93.8427734375;1;0;0;0;0;5000;0;0;0;0;0;0;1;0;0;0
23506;7;1;0;1;0;1;0;-100;1.9814453125;2.896240234375;4;5;0;1;1;0;20;1;1;1.9814453125;2.896240234375;0;0;1;1;1;1;93.9013671875;1;0;0;0;0;5000;0;0;0;0;0;0;1;0;0;0
23608;7;1;0;1;0;1;0;-100;1.8056640625;2.710693359375;4;5;0;1;1;0;20;1;1;1.8056640625;2.710693359375;0;0;1;1;1;1;93.966468811035156;1;0;0;0;0;5000;0;0;0;0;0;0;1;0;0;0
23709;7;1;0;1;0;1;0;-100;1.6474609375;2.543701171875;4;5;0;1;1;0;20;1;1;1.6474609375;2.543701171875;0;0;1;1;1;1;94.025062561035156;1;0;0;0;0;5000;0;0;0;0;0;0;1;0;0;0
23809;7;1;0;1;0;1;0;-100;1.4716796875;2.358154296875;4;5;0;1;1;0;20;1;1;1.4716796875;2.358154296875;0;0;1;1;1;1;94.090171813964844;1;0;0;0;0;5000;0;0;0;0;0;0;1;0;0;0
23910;7;1;0;1;0;1;0;-100;1.3134765625;2.191162109375;4;5;0;1;1;0;20;1;1;1.3134765625;2.191162109375;0;0;1;1;1;1;94.148765563964844;1;0;0;0;0;5000;0;0;0;0;0;0;1;0;0;0
24009;7;1;0;1;0;1;0;-100;1.1376953125;2.005615234375;4;5;0;1;1;0;20;1;1;1.1376953125;2.005615234375;0;0;1;1;1;1;94.2138671875;1;0;0;0;0;5000;0;0;0;0;0;0;1;0;0;0
24111;7;1;0;1;0;1;0;-100;0.9794921875;1.838623046875;4;5;0;1;1;0;20;1;1;0.9794921875;1.838623046875;0;0;1;1;1;1;94.2724609375;1;0;0;0;0;5000;0;0;0;0;0;0;1;0;0;0
24210;7;1;0;1;0;1;0;-100;0.8037109375;1.653076171875;4;5;0;1;1;0;20;1;1;0.8037109375;1.653076171875;0;0;1;1;1;1;94.337562561035156;1;0;0;0;0;5000;0;0;0;0;0;0;1;0;0;0
24311;7;1;0;1;0;1;0;-100;0.6455078125;1.486083984375;4;5;0;1;1;0;20;1;1;0.6455078125;1.486083984375;0;0;1;1;1;1;94.396156311035156;1;0;0;0;0;5000;0;0;0;0;0;0;1;0;0;0
24411;7;1;0;1;0;1;0;-100;0.4697265625;1.300537109375;4;5;0;1;1;0;20;1;1;0.4697265625;1.300537109375;0;0;1;1;1;1;94.461265563964844;1;0;0;0;0;5000;0;0;0;0;0;0;1;0;0;0
24513;7;1;0;1;0;1;0;-100;0.2939453125;1.114990234375;4;5;0;1;1;0;20;1;1;0.2939453125;1.114990234375;0;0;1;1;1;1;94.5263671875;1;0;0;0;0;5000;0;0;0;0;0;0;1;0;0;0
24613;7;1;0;1;0;1;0;-100;0.1357421875;0.947998046875;4;5;0;1;1;0;20;1;1;0.1357421875;0.947998046875;0;0;1;1;1;1;94.5849609375;1;0;0;0;0;5000;0;0;0;0;0;0;1;0;0;0
24715;7;1;0;1;0;1;0;-100;-0.0400390625;0.762451171875;4;5;0;1;1;0;20;1;1;-0.0400390625;0.762451171875;0;0;1;1;1;1;94.650062561035156;1;0;0;0;0;5000;0;0;0;0;0;0;1;0;0;0
24815;7;1;0;1;0;1;0;-100;-0.1982421875;0.595458984375;4;5;0;1;1;0;20;1;1;-0.1982421875;0.595458984375;0;0;1;1;1;1;94.708656311035156;1;0;0;0;0;5000;0;0;0;0;0;0;1;0;0;0
24916;7;1;0;1;0;1;0;-100;-0.3740234375;0.409912109375;4;5;0;1;1;0;20;1;1;-0.3740234375;0.409912109375;0;0;1;1;1;1;94.773765563964844;1;0;0;0;0;5000;0;0;0;0;0;0;1;0;0;0
25016;7;1;0;1;0;1;0;-100;-0.5322265625;0.242919921875;4;5;0;1;1;0;20;1;1;-0.5322265625;0.242919921875;0;0;1;1;1;1;94.832359313964844;1;0;0;0;0;5000;0;0;0;0;0;0;1;0;0;0
25116;7;1;0;1;0;1;0;-100;-0.7080078125;0.057373046875;4;5;0;1;1;0;20;1;1;-0.7080078125;0.057373046875;0;0;1;1;1;1;94.8974609375;1;0;0;0;0;5000;0;0;0;0;0;0;1;0;0;0
25217;7;1;0;1;0;1;0;-100;-0.8662109375;-0.109619140625;4;5;0;1;1;0;20;1;1;-0.8662109375;-0.109619140625;0;0;1;1;1;1;94.9560546875;1;0;0;0;0;5000;0;0;0;0;0;0;1;0;0;0
25320;7;1;0;1;0;1;0;-100;-1.0419921875;-0.295166015625;4;5;0;1;1;0;20;1;1;-1.0419921875;-0.295166015625;0;0;1;1;1;1;95.021156311035156;1;0;0;0;0;5000;0;0;0;0;0;0;1;0;0;0
25418;7;1;0;1;0;1;0;-100;-1.2177734375;-0.480712890625;4;5;0;1;1;0;20;1;1;-1.2177734375;-0.480712890625;0;0;1;1;1;1;95.086265563964844;1;0;0;0;0;5000;0;0;0;0;0;0;1;0;0;0
25520;7;1;0;1;0;1;0;-100;-1.3759765625;-0.647705078125;4;5;0;1;1;0;20;1;1;-1.3759765625;-0.647705078125;0;0;1;1;1;1;95.144859313964844;1;0;0;0;0;5000;0;0;0;0;0;0;1;0;0;0
25619;7;1;0;1;0;1;0;-100;-1.5517578125;-0.833251953125;4;5;0;1;1;0;20;1;1;-1.5517578125;-0.833251953125;0;0;1;1;1;1;95.2099609375;1;0;0;0;0;5000;0;0;0;0;0;0;1;0;0;0
25720;7;1;0;1;0;1;0;-100;-1.7099609375;-1.000244140625;4;5;0;1;1;0;20;1;1;-1.7099609375;-1.000244140625;0;0;1;1;1;1;95.2685546875;1;0;0;0;0;5000;0;0;0;0;0;0;1;0;0;0
25821;7;1;0;1;0;1;0;-100;-1.8857421875;-1.185791015625;4;5;0;1;1;0;20;1;1;-1.8681640625;-1.167236328125;0;0;1;1;1;1;95.3271484375;1;0;0;0;0;5000;0;0;0;0;0;0;1;0;0;0
25922;7;1;0;1;0;1;0;-100;-2.0439453125;-1.352783203125;4;5;0;1;1;0;20;1;1;-2.0439453125;-1.352783203125;0;0;1;1;1;1;95.392250061035156;1;0;0;0;0;5000;0;0;0;0;0;0;1;0;0;0
26021;7;1;0;1;0;1;0;-100;-2.2197265625;-1.538330078125;4;5;0;1;1;0;20;1;1;-2.2197265625;-1.538330078125;0;0;1;1;1;1;95.457359313964844;1;0;0;0;0;5000;0;0;0;0;0;0;1;0;0;0
26122;7;1;0;1;0;1;0;-100;-2.3779296875;-1.705322265625;4;5;0;1;1;0;20;1;1;-2.3779296875;-1.705322265625;0;0;1;1;1;1;95.515953063964844;1;0;0;0;0;5000;0;0;0;0;0;0;1;0;0;0
26221;7;1;0;1;0;1;0;-100;-2.5361328125;-1.872314453125;4;5;0;1;1;0;20;1;1;-2.5361328125;-1.872314453125;0;0;1;1;1;1;95.574546813964844;1;0;0;0;0;5000;0;0;0;0;0;0;1;0;0;0
26323;7;1;0;1;0;1;0;-100;-2.7119140625;-2.057861328125;4;5;0;1;1;0;20;1;1;-2.7119140625;-2.057861328125;0;0;1;1;1;1;95.6396484375;1;0;0;0;0;5000;0;0;0;0;0;0;1;0;0;0
26421;7;1;0;1;0;1;0;-100;-2.8701171875;-2.224853515625;4;5;0;1;1;0;20;1;1;-2.8701171875;-2.224853515625;0;0;1;1;1;1;95.6982421875;1;0;0;0;0;5000;0;0;0;0;0;0;1;0;0;0
26521;7;1;0;1;0;1;0;-100;-3.0458984375;-2.410400390625;4;5;0;1;1;0;20;1;1;-3.0458984375;-2.410400390625;0;0;1;1;1;1;95.763343811035156;1;0;0;0;0;5000;0;0;0;0;0;0;1;0;0;0
26622;7;1;0;1;0;1;0;-100;-3.2041015625;-2.577392578125;4;5;0;1;1;0;20;1;1;-3.2041015625;-2.577392578125;0;0;1;1;1;1;95.821937561035156;1;0;0;0;0;5000;0;0;0;0;0;0;1;0;0;0
26723;7;1;0;1;0;1;0;-100;-3.3798828125;-2.762939453125;4;5;0;1;1;0;20;1;1;-3.3798828125;-2.762939453125;0;0;1;1;1;1;95.887046813964844;1;0;0;0;0;5000;0;0;0;0;0;0;1;0;0;0
26822;7;1;0;1;0;1;0;-100;-3.5380859375;-2.929931640625;4;5;0;1;1;0;20;1;1;-3.5380859375;-2.929931640625;0;0;1;1;1;1;95.945640563964844;1;0;0;0;0;5000;0;0;0;0;0;0;1;0;0;0
26923;7;1;0;1;0;1;0;-100;-3.7138671875;-3.115478515625;4;5;0;1;1;0;20;1;1;-3.7138671875;-3.115478515625;0;0;1;1;1;1;96.0107421875;1;0;0;0;0;5000;0;0;0;0;0;0;1;0;0;0
27023;7;1;0;1;0;1;0;-100;-3.8720703125;-3.282470703125;4;5;0;1;1;0;20;1;1;-3.8720703125;-3.282470703125;0;0;1;1;1;1;96.0693359375;1;0;0;0;0;5000;0;0;0;0;0;0;1;0;0;0
27124;7;1;0;1;0;1;0;-100;-4.0478515625;-3.468017578125;4;5;0;1;1;0;20;1;1;-4.0478515625;-3.468017578125;0;0;1;1;1;1;96.134437561035156;1;0;0;0;0;5000;0;0;0;0;0;0;1;0;0;0
27224;7;1;0;1;0;1;0;-100;-4.2060546875;-3.635009765625;4;5;0;1;1;0;20;1;1;-4.2060546875;-3.635009765625;0;0;1;1;1;1;96.193031311035156;1;0;0;0;0;5000;0;0;0;0;0;0;1;0;0;0
27326;7;1;0;1;0;1;0;-100;-4.3818359375;-3.820556640625;4;5;0;1;1;0;20;1;1;-4.3818359375;-3.820556640625;0;0;1;1;1;1;96.258140563964844;1;0;0;0;0;5000;0;0;0;0;0;0;1;0;0;0
27425;7;1;0;1;0;1;0;-100;-4.5400390625;-3.987548828125;4;5;0;1;1;0;20;1;1;-4.5400390625;-3.987548828125;0;0;1;1;1;1;96.316734313964844;1;0;0;0;0;5000;0;0;0;0;0;0;1;0;0;0
27528;7;1;0;1;0;1;0;-100;-4.7158203125;-4.173095703125;4;5;0;1;1;0;20;1;1;-4.7158203125;-4.173095703125;0;0;1;1;1;1;96.3818359375;1;0;0;0;0;5000;0;0;0;0;0;0;1;0;0;0
27626;7;1;0;1;0;1;0;-100;-4.8740234375;-4.340087890625;4;5;0;1;1;0;20;1;1;-4.8740234375;-4.340087890625;0;0;1;1;1;1;96.4404296875;1;0;0;0;0;5000;0;0;0;0;0;0;1;0;0;0
27728;7;1;0;1;0;1;0;-100;-5.0498046875;-4.525634765625;4;5;0;1;1;0;20;1;1;-5.0498046875;-4.525634765625;0;0;1;1;1;1;96.505531311035156;1;0;0;0;0;5000;0;0;0;0;0;0;1;0;0;0
27828;7;1;0;1;0;1;0;-100;-5.2080078125;-4.692626953125;4;5;0;1;1;0;20;1;1;-5.2080078125;-4.692626953125;0;0;1;1;1;1;96.564125061035156;1;0;0;0;0;5000;0;0;0;0;0;0;1;0;0;0
27930;7;1;0;1;0;1;0;-100;-5.3837890625;-4.878173828125;4;5;0;1;1;0;20;1;1;-5.3837890625;-4.878173828125;0;0;1;1;1;1;96.629234313964844;1;0;0;0;0;5000;0;0;0;0;0;0;1;0;0;0
28029;7;1;0;1;0;1;0;-100;-5.5419921875;-5.045166015625;4;5;0;1;1;0;20;1;1;-5.5419921875;-5.045166015625;0;0;1;1;1;1;96.687828063964844;1;0;0;0;0;5000;0;0;0;0;0;0;1;0;0;0
28131;7;1;0;1;0;1;0;-100;-5.7177734375;-5.230712890625;4;5;0;1;1;0;20;1;1;-5.7177734375;-5.230712890625;0;0;1;1;1;1;96.7529296875;1;0;0;0;0;5000;0;0;0;0;0;0;1;0;0;0
28231;7;1;0;1;0;1;0;-100;-5.8759765625;-5.397705078125;4;5;0;1;1;0;20;1;1;-5.8759765625;-5.397705078125;0;0;1;1;1;1;96.8115234375;1;0;0;0;0;5000;0;0;0;0;0;0;1;0;0;0
28332;7;1;0;1;0;1;0;-100;-6.0341796875;-5.564697265625;4;5;0;1;1;0;20;1;1;-6.0341796875;-5.564697265625;0;0;1;1;1;1;96.8701171875;1;0;0;0;0;5000;0;0;0;0;0;0;1;0;0;0
28431;7;1;0;1;0;1;0;-100;-6.1923828125;-5.731689453125;4;5;0;1;1;0;20;1;1;-6.1923828125;-5.731689453125;0;0;1;1;1;1;96.9287109375;1;0;0;0;0;5000;0;0;0;0;0;0;1;0;0;0
28534;7;1;0;1;0;1;0;-100;-6.3681640625;-5.917236328125;4;5;0;1;1;0;20;1;1;-6.3681640625;-5.917236328125;0;0;1;1;1;1;96.993812561035156;1;0;0;0;0;5000;0;0;0;0;0;0;1;0;0;0
28632;7;1;0;1;0;1;0;-100;-6.5439453125;-6.102783203125;4;5;0;1;1;0;20;1;1;-6.5439453125;-6.102783203125;0;0;1;1;1;1;97.058921813964844;1;0;0;0;0;5000;0;0;0;0;0;0;1;0;0;0
28733;7;1;0;1;0;1;0;-100;-6.7021484375;-6.269775390625;4;5;0;1;1;0;20;1;1;-6.7021484375;-6.269775390625;0;0;1;1;1;1;97.117515563964844;1;0;0;0;0;5000;0;0;0;0;0;0;1;0;0;0
28834;7;1;0;1;0;1;0;-100;-6.8779296875;-6.455322265625;4;5;0;1;1;0;20;1;1;-6.8779296875;-6.455322265625;0;0;1;1;1;1;97.1826171875;1;0;0;0;0;5000;0;0;0;0;0;0;1;0;0;0
28935;7;1;0;1;0;1;0;-100;-7.0361328125;-6.622314453125;4;5;0;1;1;0;20;1;1;-7.0361328125;-6.622314453125;0;0;1;1;1;1;97.2412109375;1;0;0;0;0;5000;0;0;0;0;0;0;1;0;0;0
29034;7;1;0;1;0;1;0;-100;-7.2119140625;-6.807861328125;4;5;0;1;1;0;20;1;1;-7.2119140625;-6.807861328125;0;0;1;1;1;1;97.306312561035156;1;0;0;0;0;5000;0;0;0;0;0;0;1;0;0;0
29136;7;1;0;1;0;1;0;-100;-7.3701171875;-6.974853515625;4;5;0;1;1;0;20;1;1;-7.3701171875;-6.974853515625;0;0;1;1;1;1;97.364906311035156;1;0;0;0;0;5000;0;0;0;0;0;0;1;0;0;0
29236;7;1;0;1;0;1;0;-100;-7.5458984375;-7.160400390625;4;5;0;1;1;0;20;1;1;-7.5458984375;-7.160400390625;0;0;1;1;1;1;97.430015563964844;1;0;0;0;0;5000;0;0;0;0;0;0;1;0;0;0
29338;7;1;0;1;0;1;0;-100;-7.7041015625;-7.327392578125;4;5;0;1;1;0;20;1;1;-7.7041015625;-7.327392578125;0;0;1;1;1;1;97.488609313964844;1;0;0;0;0;5000;0;0;0;0;0;0;1;0;0;0
29438;7;1;0;1;0;1;0;-100;-7.8798828125;-7.512939453125;4;5;0;1;1;0;20;1;1;-7.8798828125;-7.512939453125;0;0;1;1;1;1;97.5537109375;1;0;0;0;0;5000;0;0;0;0;0;0;1;0;0;0
29538;7;1;0;1;0;1;0;-100;-8.0556640625;-7.698486328125;4;5;0;1;1;0;20;1;1;-8.0556640625;-7.698486328125;0;0;1;1;1;1;97.618812561035156;1;0;0;0;0;5000;0;0;0;0;0;0;1;0;0;0
29640;7;1;0;1;0;1;0;-100;-8.2138671875;-7.865478515625;4;5;0;1;1;0;20;1;1;-8.2138671875;-7.865478515625;0;0;1;1;1;1;97.677406311035156;1;0;0;0;0;5000;0;0;0;0;0;0;1;0;0;0
29741;7;1;0;1;0;1;0;-100;-8.3896484375;-8.051025390625;4;5;0;1;1;0;20;1;1;-8.3896484375;-8.051025390625;0;0;1;1;1;1;97.742515563964844;1;0;0;0;0;5000;0;0;0;0;0;0;1;0;0;0
29842;7;1;0;1;0;1;0;-100;-8.5654296875;-8.236572265625;4;5;0;1;1;0;20;1;1;-8.5654296875;-8.236572265625;0;0;1;1;1;1;97.8076171875;1;0;0;0;0;5000;0;0;0;0;0;0;1;0;0;0
29942;7;1;0;1;0;1;0;-100;-8.7236328125;-8.403564453125;4;5;0;1;1;0;20;1;1;-8.7236328125;-8.403564453125;0;0;1;1;1;1;97.8662109375;1;0;0;0;0;5000;0;0;0;0;0;0;1;0;0;0
30042;7;1;0;1;0;1;0;-100;-8.8994140625;-8.589111328125;4;5;0;1;1;0;20;1;1;-8.8994140625;-8.589111328125;0;0;1;1;1;1;97.931312561035156;1;0;0;0;0;5000;0;0;0;0;0;0;1;0;0;0
30143;7;1;0;1;0;1;0;-100;-9.0576171875;-8.756103515625;4;5;0;1;1;0;20;1;1;-9.0576171875;-8.756103515625;0;0;1;1;1;1;97.989906311035156;1;0;0;0;0;5000;0;0;0;0;0;0;1;0;0;0
30244;7;1;0;1;0;1;0;-100;-9.2333984375;-8.941650390625;4;5;0;1;1;0;20;1;1;-9.2333984375;-8.941650390625;0;0;1;1;1;1;98.055015563964844;1;0;0;0;0;5000;0;0;0;0;0;0;1;0;0;0
30345;7;1;0;1;0;1;0;-100;-9.3916015625;-9.108642578125;4;5;0;1;1;0;20;1;1;-9.3916015625;-9.108642578125;0;0;1;1;1;1;98.113609313964844;1;0;0;0;0;5000;0;0;0;0;0;0;1;0;0;0
30446;7;1;0;1;0;1;0;-100;-9.5673828125;-9.294189453125;4;5;0;1;1;0;20;1;1;-9.5673828125;-9.294189453125;0;0;1;1;1;1;98.1787109375;1;0;0;0;0;5000;0;0;0;0;0;0;1;0;0;0
30546;7;1;0;1;0;1;0;-100;-9.7255859375;-9.461181640625;4;5;0;1;1;0;20;1;1;-9.7255859375;-9.461181640625;0;0;1;1;1;1;98.2373046875;1;0;0;0;0;5000;0;0;0;0;0;0;1;0;0;0
30647;7;1;0;1;0;1;0;-100;-9.9013671875;-9.646728515625;4;5;0;1;1;0;20;1;1;-9.9013671875;-9.646728515625;0;0;1;1;1;1;98.302406311035156;1;0;0;0;0;5000;0;0;0;0;0;0;1;0;0;0
30747;7;1;0;1;0;1;0;-100;-10.0595703125;-9.813720703125;4;5;0;1;1;0;20;1;1;-10.0595703125;-9.813720703125;0;0;1;1;1;1;98.361000061035156;1;0;0;0;0;5000;0;0;0;0;0;0;1;0;0;0
30848;7;1;0;1;0;1;0;-100;-10.2177734375;-9.980712890625;4;5;0;1;1;0;20;1;1;-10.2177734375;-9.980712890625;0;0;1;1;1;1;98.419593811035156;1;0;0;0;0;5000;0;0;0;0;0;0;1;0;0;0
30947;7;1;0;1;0;1;0;-100;-10.3759765625;-10.147705078125;4;5;0;1;1;0;20;1;1;-10.3759765625;-10.147705078125;0;0;1;1;1;1;98.478187561035156;1;0;0;0;0;5000;0;0;0;0;0;0;1;0;0;0
31047;7;1;0;1;0;1;0;-100;-10.5517578125;-10.333251953125;4;5;0;1;1;0;20;1;1;-10.5517578125;-10.333251953125;0;0;1;1;1;1;98.543296813964844;1;0;0;0;0;5000;0;0;0;0;0;0;1;0;0;0
31147;7;1;0;1;0;1;0;-100;-10.7099609375;-10.500244140625;4;5;0;1;1;0;20;1;1;-10.7099609375;-10.500244140625;0;0;1;1;1;1;98.601890563964844;1;0;0;0;0;5000;0;0;0;0;0;0;1;0;0;0
31249;7;1;0;1;0;1;0;-100;-10.8681640625;-10.667236328125;4;5;0;1;1;0;20;1;1;-10.8681640625;-10.667236328125;0;0;1;1;1;1;98.660484313964844;1;0;0;0;0;5000;0;0;0;0;0;0;1;0;0;0
31348;7;1;0;1;0;1;0;-100;-11.0439453125;-10.852783203125;4;5;0;1;1;0;20;1;1;-11.0439453125;-10.852783203125;0;0;1;1;1;1;98.7255859375;1;0;0;0;0;5000;0;0;0;0;0;0;1;0;0;0
31450;7;1;0;1;0;1;0;-100;-11.2021484375;-11.019775390625;4;5;0;1;1;0;20;1;1;-11.2021484375;-11.019775390625;0;0;1;1;1;1;98.7841796875;1;0;0;0;0;5000;0;0;0;0;0;0;1;0;0;0
31551;7;1;0;1;0;1;0;-100;-11.3779296875;-11.205322265625;4;5;0;1;1;0;20;1;1;-11.3779296875;-11.205322265625;0;0;1;1;1;1;98.849281311035156;1;0;0;0;0;5000;0;0;0;0;0;0;1;0;0;0
31653;7;1;0;1;0;1;0;-100;-11.5361328125;-11.372314453125;4;5;0;1;1;0;20;1;1;-11.5361328125;-11.372314453125;0;0;1;1;1;1;98.907875061035156;1;0;0;0;0;5000;0;0;0;0;0;0;1;0;0;0
31753;7;1;0;1;0;1;0;-100;-11.7119140625;-11.557861328125;4;5;0;1;1;0;20;1;1;-11.7119140625;-11.557861328125;0;0;1;1;1;1;98.972984313964844;1;0;0;0;0;5000;0;0;0;0;0;0;1;0;0;0
31855;7;1;0;1;0;1;0;-100;-11.8701171875;-11.724853515625;4;5;0;1;1;0;20;1;1;-11.8701171875;-11.724853515625;0;0;1;1;1;1;99.031578063964844;1;0;0;0;0;5000;0;0;0;0;0;0;1;0;0;0
31955;7;1;0;1;0;1;0;-100;-12.0458984375;-11.910400390625;4;5;0;1;1;0;20;1;1;-12.0458984375;-11.910400390625;0;0;1;1;1;1;99.0966796875;1;0;0;0;0;5000;0;0;0;0;0;0;1;0;0;0
32056;7;1;0;1;0;1;0;-100;-12.2041015625;-12.077392578125;4;5;0;1;1;0;20;1;1;-12.2041015625;-12.077392578125;0;0;1;1;1;1;99.1552734375;1;0;0;0;0;5000;0;0;0;0;0;0;1;0;0;0
32156;7;1;0;1;0;1;0;-100;-12.3798828125;-12.262939453125;4;5;0;1;1;0;20;1;1;-12.3798828125;-12.262939453125;0;0;1;1;1;1;99.220375061035156;1;0;0;0;0;5000;0;0;0;0;0;0;1;0;0;0
32258;7;1;0;1;0;1;0;-100;-12.5556640625;-12.448486328125;4;5;0;1;1;0;20;1;1;-12.5556640625;-12.448486328125;0;0;1;1;1;1;99.285484313964844;1;0;0;0;0;5000;0;0;0;0;0;0;1;0;0;0
32358;7;1;0;1;0;1;0;-100;-12.7138671875;-12.615478515625;4;5;0;1;1;0;20;1;1;-12.7138671875;-12.615478515625;0;0;1;1;1;1;99.344078063964844;1;0;0;0;0;5000;0;0;0;0;0;0;1;0;0;0
32459;7;1;0;1;0;1;0;-100;-12.8720703125;-12.782470703125;4;5;0;1;1;0;20;1;1;-12.8720703125;-12.782470703125;0;0;1;1;1;1;99.402671813964844;1;0;0;0;0;5000;0;0;0;0;0;0;1;0;0;0
32559;7;1;0;1;0;1;0;-100;-13.0478515625;-12.968017578125;4;5;0;1;1;0;20;1;1;-13.0302734375;-12.949462890625;0;0;1;1;1;1;99.4677734375;1;0;0;0;0;5000;0;0;0;0;0;0;1;0;0;0
32661;7;1;0;1;0;1;0;-100;-13.2060546875;-13.135009765625;4;5;0;1;1;0;20;1;1;-13.2060546875;-13.135009765625;0;0;1;1;1;1;99.5263671875;1;0;0;0;0;5000;0;0;0;0;0;0;1;0;0;0
32761;7;1;0;1;0;1;0;-100;-13.3818359375;-13.320556640625;4;5;0;1;1;0;20;1;1;-13.3818359375;-13.320556640625;0;0;1;1;1;1;99.591468811035156;1;0;0;0;0;5000;0;0;0;0;0;0;1;0;0;0
32862;7;1;0;1;0;1;0;-100;-13.5400390625;-13.487548828125;4;5;0;1;1;0;20;1;1;-13.5400390625;-13.487548828125;0;0;1;1;1;1;99.650062561035156;1;0;0;0;0;5000;0;0;0;0;0;0;1;0;0;0
32962;7;1;0;1;0;1;0;-100;-13.7158203125;-13.673095703125;4;5;0;1;1;0;20;1;1;-13.7158203125;-13.673095703125;0;0;1;1;1;1;99.715171813964844;1;0;0;0;0;5000;0;0;0;0;0;0;1;0;0;0
33063;7;1;0;1;0;1;0;-100;-13.8740234375;-13.840087890625;4;5;0;1;1;0;20;1;1;-13.8740234375;-13.840087890625;0;0;1;1;1;1;99.773765563964844;1;0;0;0;0;5000;0;0;0;0;0;0;1;0;0;0
33163;7;1;0;1;0;1;0;-100;-14.0498046875;-14.025634765625;4;5;0;1;1;0;20;1;1;-14.0498046875;-14.025634765625;0;0;1;1;1;1;99.8388671875;1;0;0;0;0;5000;0;0;0;0;0;0;1;0;0;0
33264;7;1;0;1;0;1;0;-100;-14.2080078125;-14.192626953125;4;5;0;1;1;0;20;1;1;-14.2080078125;-14.192626953125;0;0;1;1;1;1;99.8974609375;1;0;0;0;0;5000;0;0;0;0;0;0;1;0;0;0
33365;7;1;0;1;0;1;0;-100;-14.3837890625;-14.378173828125;4;5;0;1;1;0;20;1;1;-14.3837890625;-14.378173828125;0;0;1;1;1;1;99.962562561035156;1;0;0;0;0;5000;0;0;0;0;0;0;1;0;0;0
33468;7;1;0;1;0;1;0;-100;-14.5419921875;-14.545166015625;4;5;0;1;1;0;20;1;1;-14.5419921875;-14.545166015625;0;0;1;1;1;1;100;1;0;0;0;0;5000;0;0;0;0;0;0;1;0;0;0
33567;7;1;0;1;0;1;0;-100;-14.7001953125;-14.712158203125;4;5;0;1;1;0;20;1;1;-14.7001953125;-14.712158203125;0;0;1;1;1;1;100;1;0;0;0;0;5000;0;0;0;0;0;0;1;0;0;0
33669;7;1;0;1;0;1;0;-100;-14.8759765625;-14.897705078125;4;5;0;1;1;0;20;1;1;-14.8759765625;-14.897705078125;0;0;1;1;1;1;100;1;0;0;0;0;5000;0;0;0;0;0;0;1;0;0;0
33768;7;1;0;1;0;1;0;-100;-15.0517578125;-15.083251953125;4;5;0;1;1;0;20;1;1;-15.0517578125;-15.083251953125;0;0;1;1;1;1;100;1;0;0;0;0;5000;0;0;0;0;0;0;1;0;0;0
33868;7;1;0;1;0;1;0;-100;-15.2099609375;-15.250244140625;4;5;0;1;1;0;20;1;1;-15.2099609375;-15.250244140625;0;0;1;1;1;1;100;1;0;0;0;0;5000;0;0;0;0;0;0;1;0;0;0
33969;8;1;0;1;0;1;0;-100;-15.317626953125;-15.35888671875;0;0;0;0;1;0;20;0;0;-15.317626953125;-15.35888671875;0;0;0;0;0;0;100;1;0;0;0;0;5000;0;0;0;1;1;1;1;0;0;0
34071;8;1;0;1;0;1;0;-100;-15.40771484375;-15.448974609375;0;0;0;0;1;0;20;0;0;-15.40771484375;-15.448974609375;0;0;0;0;0;0;100;1;0;0;0;0;5000;0;0;0;1;1;1;1;0;0;0
34170;8;1;0;1;0;1;0;-100;-15.497802734375;-15.5390625;0;0;0;0;1;0;20;0;0;-15.497802734375;-15.5390625;0;0;0;0;0;0;100;1;0;0;0;0;5000;0;0;0;1;1;1;1;0;0;0
34271;8;1;0;1;0;1;0;-100;-15.577880859375;-15.5390625;0;0;0;0;1;0;20;0;0;-15.577880859375;-15.5390625;0;0;0;0;0;0;99.7412109375;1;0;0;0;0;5000;0;0;0;1;1;1;1;0;0;0
34371;8;1;0;1;0;1;0;-100;-15.577880859375;-15.5390625;0;0;0;0;1;0;20;0;0;-15.577880859375;-15.5390625;0;0;0;0;0;0;99.7412109375;1;0;0;0;0;5000;0;0;0;1;1;1;1;0;0;0
34474;8;1;0;1;0;1;0;-100;-15.577880859375;-15.5390625;0;0;0;0;1;0;20;0;0;-15.577880859375;-15.5390625;0;0;0;0;0;0;99.7412109375;1;0;0;0;0;5000;0;0;0;1;1;1;1;0;0;0
34575;8;1;0;1;0;1;0;-100;-15.577880859375;-15.5390625;0;0;0;0;1;0;20;0;0;-15.577880859375;-15.5390625;0;0;0;0;0;0;99.7412109375;1;0;0;0;0;5000;0;0;0;1;1;1;1;0;0;0
34676;8;1;0;1;0;1;0;-100;-15.577880859375;-15.5390625;0;0;0;0;1;0;20;0;0;-15.577880859375;-15.5390625;0;0;0;0;0;0;99.7412109375;1;0;0;0;0;5000;0;0;0;1;1;1;1;0;0;0
34776;10;1;0;1;0;1;0;-100;-15.577880859375;-15.5390625;0;0;0;0;1;0;20;0;0;-15.577880859375;-15.5390625;0;0;0;0;0;0;99.7412109375;1;0;0;0;0;5000;0;0;0;1;1;1;1;0;0;0
34878;10;1;0;1;0;1;0;-100;-15.577880859375;-15.5390625;0;0;0;0;1;0;20;0;0;-15.577880859375;-15.5390625;0;0;0;0;0;0;99.7412109375;1;0;0;0;0;5000;0;0;0;1;1;1;1;0;0;0
34978;10;1;0;1;0;1;0;-100;-15.577880859375;-15.5390625;0;0;0;0;1;0;20;0;0;-15.577880859375;-15.5390625;0;0;0;0;0;0;99.7412109375;1;0;0;0;0;5000;0;0;0;1;1;1;1;0;0;0
35077;10;1;0;1;0;1;0;-100;-15.577880859375;-15.5390625;0;0;0;0;1;0;20;0;0;-15.577880859375;-15.5390625;0;0;0;0;0;0;99.7412109375;1;0;0;0;0;5000;0;0;0;1;1;1;1;0;0;0
35178;10;1;0;1;0;1;0;-100;-15.577880859375;-15.5390625;0;0;0;0;1;0;20;0;0;-15.577880859375;-15.5390625;0;0;0;0;0;0;99.7412109375;1;0;0;0;0;5000;0;0;0;1;1;1;1;0;0;0
35278;10;1;0;1;0;1;0;-100;-15.577880859375;-15.5390625;0;0;0;0;1;0;20;0;0;-15.577880859375;-15.5390625;0;0;0;0;0;0;99.7412109375;1;0;0;0;0;5000;0;0;0;1;1;1;1;0;0;0
35380;10;1;0;1;0;1;0;-100;-15.577880859375;-15.5390625;0;0;0;0;1;0;20;0;0;-15.577880859375;-15.5390625;0;0;0;0;0;0;99.7412109375;1;0;0;0;0;5000;0;0;0;1;1;1;1;0;0;0
35480;10;1;0;1;0;1;0;-100;-15.577880859375;-15.5390625;0;0;0;0;1;0;20;0;0;-15.577880859375;-15.5390625;0;0;0;0;0;0;99.7412109375;1;0;0;0;0;5000;0;0;0;1;1;1;1;0;0;0
35580;10;1;0;1;0;1;0;-100;-15.577880859375;-15.5390625;0;0;0;0;1;0;20;0;0;-15.577880859375;-15.5390625;0;0;0;0;0;0;99.7412109375;1;0;0;0;0;5000;0;0;0;1;1;1;1;0;0;0
35680;10;1;0;1;0;1;0;-100;-15.577880859375;-15.5390625;0;0;0;0;1;0;20;0;0;-15.577880859375;-15.5390625;0;0;0;0;0;0;99.7412109375;1;0;0;0;0;5000;0;0;0;1;1;1;1;0;0;0
35782;10;1;0;1;0;1;0;-100;-15.577880859375;-15.5390625;0;0;0;0;1;0;20;0;0;-15.577880859375;-15.5390625;0;0;0;0;0;0;99.7412109375;1;0;0;0;0;5000;0;0;0;1;1;1;1;0;0;0
35880;10;1;0;1;0;1;0;-100;-15.577880859375;-15.5390625;0;0;0;0;1;0;20;0;0;-15.577880859375;-15.5390625;0;0;0;0;0;0;99.7412109375;1;0;0;0;0;5000;0;0;0;1;1;1;1;0;0;0
35981;10;1;0;1;0;1;0;-100;-15.577880859375;-15.5390625;0;0;0;0;1;0;20;0;0;-15.577880859375;-15.5390625;0;0;0;0;0;0;99.7412109375;1;0;0;0;0;5000;0;0;0;1;1;1;1;0;0;0
36082;10;1;0;1;0;1;0;-100;-15.577880859375;-15.5390625;0;0;0;0;1;0;20;0;0;-15.577880859375;-15.5390625;0;0;0;0;0;0;99.7412109375;1;0;0;0;0;5000;0;0;0;1;1;1;1;0;0;0
36183;10;1;0;1;0;1;0;-100;-15.577880859375;-15.5390625;0;0;0;0;1;0;20;0;0;-15.577880859375;-15.5390625;0;0;0;0;0;0;99.7412109375;1;0;0;0;0;5000;0;0;0;1;1;1;1;0;0;0
36282;10;1;0;1;0;1;0;-100;-15.577880859375;-15.5390625;0;0;0;0;1;0;20;0;0;-15.577880859375;-15.5390625;0;0;0;0;0;0;99.7412109375;1;0;0;0;0;5000;0;0;0;1;1;1;1;0;0;0
36384;10;1;0;1;0;1;0;-100;-15.577880859375;-15.5390625;0;0;0;0;1;0;20;0;0;-15.577880859375;-15.5390625;0;0;0;0;0;0;99.7412109375;1;0;0;0;0;5000;0;0;0;1;1;1;1;0;0;0
36484;10;1;0;1;0;1;0;-50;-15.577880859375;-15.5390625;0;0;0;0;1;0;20;0;0;-15.577880859375;-15.5390625;0;0;0;0;0;0;99.7412109375;1;0;0;0;0;5000;2500;0;0;1;1;1;1;0;0;0
36586;10;1;1;0;0;1;1;0;-15.577880859375;-15.5390625;0;0;0;0;1;0;20;0;0;-15.577880859375;-15.5390625;0;0;0;0;0;0;99.7412109375;1;0;0;0;0;5000;4750;0;0;1;1;1;1;0;0;0
36687;10;1;1;0;0;0;1;0;-15.577880859375;-15.5390625;0;0;0;0;1;0;20;0;0;-15.577880859375;-15.5390625;0;0;0;0;0;0;99.7412109375;1;0;0;0;0;5000;5000;0;0;1;1;1;1;0;0;0
36788;10;1;0;1;0;0;0;0;-15.577880859375;-15.5390625;0;0;0;0;1;0;20;0;0;-15.577880859375;-15.5390625;0;0;0;0;0;0;99.7412109375;1;0;0;0;0;5000;5325;0;0;1;1;1;1;0;0;0
36889;10;1;0;1;0;1;0;10;-15.577880859375;-15.458984375;0;1;0;0;1;0;20;1;1;-15.577880859375;-15.458984375;0;1;0;0;0;0;99.207359313964844;1;0;0;0;0;5000;5478;0;0;1;0;1;1;0;0;0
36989;10;1;0;1;0;1;0;15;-15.577880859375;-15.35888671875;0;1;0;0;1;0;20;1;1;-15.577880859375;-15.35888671875;0;1;0;0;0;0;98.5400390625;1;0;0;0;0;5000;5743;0;0;1;0;1;1;0;0;0
37089;10;1;0;1;0;1;0;21;-15.577880859375;-15.268798828125;0;1;0;0;1;0;20;1;1;-15.577880859375;-15.268798828125;0;1;0;0;0;0;97.939453125;1;0;0;0;0;5000;6067;0;0;1;0;1;1;0;0;0
37190;10;1;0;1;0;1;0;29;-15.577880859375;-15.1787109375;0;1;0;0;1;0;20;1;1;-15.577880859375;-15.1787109375;0;1;0;0;0;0;97.3388671875;1;0;0;0;0;5000;6472;0;0;1;0;1;1;0;0;0
37290;10;1;0;1;0;1;0;38;-15.577880859375;-15.088623046875;0;1;0;0;1;0;20;1;1;-15.577880859375;-15.088623046875;0;1;0;0;0;0;96.73828125;1;0;0;0;0;5000;6908;0;0;1;0;1;1;0;0;0
37391;10;1;0;1;0;1;0;41;-15.577880859375;-14.988525390625;0;1;0;0;1;0;20;1;1;-15.577880859375;-14.988525390625;0;1;0;0;0;0;96.070960998535156;1;0;0;0;0;5000;7043;0;0;1;0;1;1;0;0;0
37492;10;1;0;1;0;1;0;46;-15.577880859375;-14.888427734375;0;1;0;0;1;0;20;1;1;-15.577880859375;-14.888427734375;0;1;0;0;0;0;95.403648376464844;1;0;0;0;0;5000;7278;0;0;1;0;1;1;0;0;0
37593;10;1;0;1;0;1;0;52;-15.577880859375;-14.788330078125;0;1;0;0;1;0;20;1;1;-15.577880859375;-14.788330078125;0;1;0;0;0;0;94.736328125;1;0;0;0;0;5000;7613;0;0;1;0;1;1;0;0;0
37695;10;1;0;1;0;1;0;60;-15.577880859375;-14.6982421875;0;1;0;0;1;0;20;1;1;-15.577880859375;-14.6982421875;0;1;0;0;0;0;94.1357421875;1;0;0;0;0;5000;8000;0;0;1;0;1;1;0;0;0
37795;10;1;0;1;0;1;0;69;-15.577880859375;-14.608154296875;0;1;0;0;1;0;20;1;1;-15.577880859375;-14.608154296875;0;1;0;0;0;0;93.53515625;1;0;0;0;0;5000;8468;0;0;1;0;1;1;0;0;0
37896;10;1;0;1;0;1;0;73;-15.577880859375;-14.490966796875;0;2;0;0;1;0;20;1;1;-15.577880859375;-14.490966796875;0;1;0;0;0;0;92.75390625;1;0;0;0;0;5000;8633;0;0;1;0;1;1;0;0;0
37995;10;1;0;1;0;1;0;76;-15.577880859375;-14.37890625;0;2;0;0;1;0;20;1;1;-15.577880859375;-14.37890625;0;1;0;0;0;0;92.0068359375;1;0;0;0;0;5000;8822;0;0;1;0;1;1;0;0;0
38096;10;1;0;1;0;1;0;83;-15.577880859375;-14.25439453125;0;2;0;0;1;0;20;1;1;-15.577880859375;-14.25439453125;0;1;0;0;0;0;91.1767578125;1;0;0;0;0;5000;9127;0;0;1;0;1;1;0;0;0
38196;10;1;0;1;0;1;0;90;-15.577880859375;-14.142333984375;0;2;0;0;1;0;20;1;1;-15.577880859375;-14.142333984375;0;1;0;0;0;0;90.4296875;1;0;0;0;0;5000;9487;0;0;1;0;1;1;0;0;0
38297;10;1;0;1;0;1;0;100;-15.577880859375;-14.017822265625;0;2;0;0;1;0;20;1;1;-15.577880859375;-14.017822265625;0;1;0;1;0;0;89.599609375;1;0;0;0;0;5000;9982;0;0;1;0;1;1;0;0;0
38396;10;1;0;1;0;1;0;100;-15.577880859375;-13.90576171875;0;2;0;0;1;0;20;1;1;-15.577880859375;-13.90576171875;0;1;0;1;0;0;88.8525390625;1;0;0;0;0;5000;10000;0;0;1;0;1;1;0;0;0
38497;10;1;0;1;0;1;0;100;-15.577880859375;-13.793701171875;0;2;0;0;1;0;20;1;1;-15.577880859375;-13.793701171875;0;1;0;1;0;0;88.10546875;1;0;0;0;0;5000;10000;0;0;1;0;1;1;0;0;0
38597;10;1;0;1;0;1;0;100;-15.577880859375;-13.669189453125;0;2;0;0;1;0;20;1;1;-15.577880859375;-13.669189453125;0;1;0;1;0;0;87.275390625;1;0;0;0;0;5000;10000;0;0;1;0;1;1;0;0;0
38698;10;1;0;1;0;1;0;100;-15.577880859375;-13.55712890625;0;2;0;0;1;0;20;1;1;-15.577880859375;-13.55712890625;0;1;0;1;0;0;86.5283203125;1;0;0;0;0;5000;10000;0;0;1;0;1;1;0;0;0
38798;10;1;0;1;0;1;0;100;-15.577880859375;-13.4326171875;0;2;0;0;1;0;20;1;1;-15.577880859375;-13.4326171875;0;1;0;1;0;0;85.6982421875;1;0;0;0;0;5000;10000;0;0;1;0;1;1;0;0;0
38899;10;1;0;1;0;1;0;100;-15.577880859375;-13.320556640625;0;2;0;0;1;0;20;1;1;-15.577880859375;-13.320556640625;0;1;0;1;0;0;84.951171875;1;0;0;0;0;5000;10000;0;0;1;0;1;1;0;0;0
38999;10;1;0;1;0;1;0;100;-15.577880859375;-13.20849609375;0;2;0;0;1;0;20;1;1;-15.577880859375;-13.20849609375;0;1;0;1;0;0;84.2041015625;1;0;0;0;0;5000;10000;0;0;1;0;1;1;0;0;0
39100;10;1;0;1;0;1;0;100;-15.577880859375;-13.083984375;0;2;0;0;1;0;20;1;1;-15.577880859375;-13.083984375;0;1;0;1;0;0;83.3740234375;1;0;0;0;0;5000;10000;0;0;1;0;1;1;0;0;0
39199;10;1;0;1;0;1;0;100;-15.577880859375;-12.971923828125;0;2;0;0;1;0;20;1;1;-15.577880859375;-12.971923828125;0;1;0;1;0;0;82.626953125;1;0;0;0;0;5000;10000;0;0;1;0;1;1;0;0;0
39301;10;1;0;1;0;1;0;100;-15.577880859375;-12.85986328125;0;2;0;0;1;0;20;1;1;-15.577880859375;-12.85986328125;0;1;0;1;0;0;81.8798828125;1;0;0;0;0;5000;10000;0;0;1;0;1;1;0;0;0
39400;10;1;0;1;0;1;0;100;-15.577880859375;-12.7353515625;0;2;0;0;1;0;20;1;1;-15.577880859375;-12.7353515625;0;1;0;1;0;0;81.0498046875;1;0;0;0;0;5000;10000;0;0;1;0;1;1;0;0;0
39501;10;1;0;1;0;1;0;100;-15.577880859375;-12.623291015625;0;2;0;0;1;0;20;1;1;-15.577880859375;-12.623291015625;0;1;0;1;0;0;80.302734375;1;0;0;0;0;5000;10000;0;0;1;0;1;1;0;0;0
39601;10;1;0;1;0;1;0;100;-15.577880859375;-12.498779296875;0;2;0;0;1;0;20;1;1;-15.577880859375;-12.498779296875;0;1;0;1;0;0;79.47265625;1;0;0;0;0;5000;10000;0;0;1;0;1;1;0;0;0
39703;10;1;0;1;0;1;0;100;-15.577880859375;-12.38671875;0;2;0;0;1;0;20;1;1;-15.577880859375;-12.38671875;0;1;0;1;0;0;78.7255859375;1;0;0;0;0;5000;10000;0;0;1;0;1;1;0;0;0
39804;10;1;0;1;0;1;0;100;-15.577880859375;-12.274658203125;0;2;0;0;1;0;20;1;1;-15.577880859375;-12.274658203125;0;1;0;1;0;0;77.978515625;1;0;0;0;0;5000;10000;0;0;1;0;1;1;0;0;0
39905;10;1;0;1;0;1;0;100;-15.577880859375;-12.150146484375;0;2;0;0;1;0;20;1;1;-15.577880859375;-12.150146484375;0;1;0;1;0;0;77.1484375;1;0;0;0;0;5000;10000;0;0;1;0;1;1;0;0;0
40005;10;1;0;1;0;1;0;100;-15.577880859375;-12.025634765625;0;2;0;0;1;0;20;1;1;-15.577880859375;-12.0380859375;0;1;0;1;0;0;76.4013671875;1;0;0;0;0;5000;10000;0;0;1;0;1;1;0;0;0
40108;10;1;0;1;0;1;0;100;-15.577880859375;-11.91357421875;0;2;0;0;1;0;20;1;1;-15.577880859375;-11.91357421875;0;1;0;1;0;0;75.5712890625;1;0;0;0;0;5000;10000;0;0;1;0;1;1;0;0;0
40206;10;1;0;1;0;1;0;100;-15.577880859375;-11.7890625;0;2;0;0;1;0;20;1;1;-15.577880859375;-11.7890625;0;1;0;1;0;0;74.7412109375;1;0;0;0;0;5000;10000;0;0;1;0;1;1;0;0;0
40308;10;1;0;1;0;1;0;100;-15.577880859375;-11.677001953125;0;2;0;0;1;0;20;1;1;-15.577880859375;-11.677001953125;0;1;0;1;0;0;73.994140625;1;0;0;0;0;5000;10000;0;0;1;0;1;1;0;0;0
40407;10;1;0;1;0;1;0;100;-15.577880859375;-11.552490234375;0;2;0;0;1;0;20;1;1;-15.577880859375;-11.56494140625;0;1;0;1;0;0;73.2470703125;1;0;0;0;0;5000;10000;0;0;1;0;1;1;0;0;0
40509;10;1;0;1;0;1;0;100;-15.577880859375;-11.4404296875;0;2;0;0;1;0;20;1;1;-15.577880859375;-11.4404296875;0;1;0;1;0;0;72.4169921875;1;0;0;0;0;5000;10000;0;0;1;0;1;1;0;0;0
40608;10;1;0;1;0;1;0;100;-15.577880859375;-11.31591796875;0;2;0;0;1;0;20;1;1;-15.577880859375;-11.31591796875;0;1;0;1;0;0;71.5869140625;1;0;0;0;0;5000;10000;0;0;1;0;1;1;0;0;0
40709;10;1;0;1;0;1;0;100;-15.577880859375;-11.203857421875;0;2;0;0;1;0;20;1;1;-15.577880859375;-11.203857421875;0;1;0;1;0;0;70.83984375;1;0;0;0;0;5000;10000;0;0;1;0;1;1;0;0;0
40810;10;1;0;1;0;1;0;100;-15.577880859375;-11.079345703125;0;2;0;0;1;0;20;1;1;-15.577880859375;-11.079345703125;0;1;0;1;0;0;70.009765625;1;0;0;0;0;5000;10000;0;0;1;0;1;1;0;0;0
40911;10;1;0;1;0;1;0;100;-15.577880859375;-10.96728515625;0;2;0;0;1;0;20;1;1;-15.577880859375;-10.96728515625;0;1;0;1;0;0;69.2626953125;1;0;0;0;0;5000;10000;0;0;1;0;1;1;0;0;0
41012;10;1;0;1;0;1;0;100;-15.577880859375;-10.8427734375;0;2;0;0;1;0;20;1;1;-15.577880859375;-10.8427734375;0;1;0;1;0;0;68.4326171875;1;0;0;0;0;5000;10000;0;0;1;0;1;1;0;0;0
41113;10;1;0;1;0;1;0;100;-15.577880859375;-10.71826171875;0;2;0;0;1;0;20;1;1;-15.577880859375;-10.71826171875;0;1;0;1;0;0;67.6025390625;1;0;0;0;0;5000;10000;0;0;1;0;1;1;0;0;0
41214;10;1;0;1;0;1;0;100;-15.577880859375;-10.606201171875;0;2;0;0;1;0;20;1;1;-15.577880859375;-10.606201171875;0;1;0;1;0;0;66.85546875;1;0;0;0;0;5000;10000;0;0;1;0;1;1;0;0;0
41317;10;1;0;1;0;1;0;100;-15.577880859375;-10.481689453125;0;2;0;0;1;0;20;1;1;-15.577880859375;-10.481689453125;0;1;0;1;0;0;66.025390625;1;0;0;0;0;5000;10000;0;0;1;0;1;1;0;0;0
41415;10;1;0;1;0;1;0;100;-15.577880859375;-10.357177734375;0;2;0;0;1;0;20;1;1;-15.577880859375;-10.357177734375;0;1;0;1;0;0;65.1953125;1;0;0;0;0;5000;10000;0;0;1;0;1;1;0;0;0
41517;10;1;0;1;0;1;0;100;-15.577880859375;-10.2451171875;0;2;0;0;1;0;20;1;1;-15.577880859375;-10.2451171875;0;1;0;1;0;0;64.4482421875;1;0;0;0;0;5000;10000;0;0;1;0;1;1;0;0;0
41617;10;1;0;1;0;1;0;100;-15.577880859375;-10.12060546875;0;2;0;0;1;0;20;1;1;-15.577880859375;-10.12060546875;0;1;0;1;0;0;63.6181640625;1;0;0;0;0;5000;10000;0;0;1;0;1;1;0;0;0
41718;10;1;0;1;0;1;0;100;-15.577880859375;-10.008544921875;0;2;0;0;1;0;20;1;1;-15.577880859375;-10.008544921875;0;1;0;1;0;0;62.87109375;1;0;0;0;0;5000;10000;0;0;1;0;1;1;0;0;0
41818;10;1;0;1;0;1;0;100;-15.577880859375;-9.896484375;0;2;0;0;1;0;20;1;1;-15.577880859375;-9.896484375;0;1;0;1;0;0;62.1240234375;1;0;0;0;0;5000;10000;0;0;1;0;1;1;0;0;0
41920;10;1;0;1;0;1;0;100;-15.577880859375;-9.77197265625;0;2;0;0;1;0;20;1;1;-15.577880859375;-9.77197265625;0;1;0;1;0;0;61.2939453125;1;0;0;0;0;5000;10000;0;0;1;0;1;1;0;0;0
42020;10;1;0;1;0;1;0;100;-15.577880859375;-9.6474609375;0;2;0;0;1;0;20;1;1;-15.577880859375;-9.6474609375;0;1;0;1;0;0;60.4638671875;1;0;0;0;0;5000;10000;0;0;1;0;1;1;0;0;0
42121;10;1;0;1;0;1;0;100;-15.577880859375;-9.535400390625;0;2;0;0;1;0;20;1;1;-15.577880859375;-9.535400390625;0;1;0;1;0;0;59.716796875;1;0;0;0;0;5000;10000;0;0;1;0;1;1;0;0;0
42223;10;1;0;1;0;1;0;100;-15.577880859375;-9.410888671875;0;2;0;0;1;0;20;1;1;-15.577880859375;-9.410888671875;0;1;0;1;0;0;58.88671875;1;0;0;0;0;5000;10000;0;0;1;0;1;1;0;0;0
42322;10;1;0;1;0;1;0;100;-15.577880859375;-9.298828125;0;2;0;0;1;0;20;1;1;-15.577880859375;-9.298828125;0;1;0;1;0;0;58.1396484375;1;0;0;0;0;5000;10000;0;0;1;0;1;1;0;0;0
42423;10;1;0;1;0;1;0;100;-15.577880859375;-9.17431640625;0;2;0;0;1;0;20;1;1;-15.577880859375;-9.17431640625;0;1;0;1;0;0;57.3095703125;1;0;0;0;0;5000;10000;0;0;1;0;1;1;0;0;0
42523;10;1;0;1;0;1;0;100;-15.577880859375;-9.062255859375;0;2;0;0;1;0;20;1;1;-15.577880859375;-9.062255859375;0;1;0;1;0;0;56.5625;1;0;0;0;0;5000;10000;0;0;1;0;1;1;0;0;0
42623;10;1;0;1;0;1;0;100;-15.577880859375;-8.937744140625;0;2;0;0;1;0;20;1;1;-15.577880859375;-8.937744140625;0;1;0;1;0;0;55.732421875;1;0;0;0;0;5000;10000;0;0;1;0;1;1;0;0;0
42723;10;1;0;1;0;1;0;100;-15.577880859375;-8.82568359375;0;2;0;0;1;0;20;1;1;-15.577880859375;-8.82568359375;0;1;0;1;0;0;54.9853515625;1;0;0;0;0;5000;10000;0;0;1;0;1;1;0;0;0
42825;10;1;0;1;0;1;0;100;-15.577880859375;-8.701171875;0;2;0;0;1;0;20;1;1;-15.577880859375;-8.701171875;0;1;0;1;0;0;54.1552734375;1;0;0;0;0;5000;10000;0;0;1;0;1;1;0;0;0
42925;10;1;0;1;0;1;0;100;-15.577880859375;-8.57666015625;0;2;0;0;1;0;20;1;1;-15.577880859375;-8.57666015625;0;1;0;1;0;0;53.3251953125;1;0;0;0;0;5000;10000;0;0;1;0;1;1;0;0;0
43026;10;1;0;1;0;1;0;100;-15.577880859375;-8.464599609375;0;2;0;0;1;0;20;1;1;-15.577880859375;-8.464599609375;0;1;0;1;0;0;52.578125;1;0;0;0;0;5000;10000;0;0;1;0;1;1;0;0;0
43125;10;1;0;1;0;1;0;100;-15.577880859375;-8.3525390625;0;2;0;0;1;0;20;1;1;-15.577880859375;-8.3525390625;0;1;0;1;0;0;51.8310546875;1;0;0;0;0;5000;10000;0;0;1;0;1;1;0;0;0
43226;10;1;0;1;0;1;0;100;-15.577880859375;-8.22802734375;0;2;0;0;1;0;20;1;1;-15.577880859375;-8.22802734375;0;1;0;1;0;0;51.0009765625;1;0;0;0;0;5000;10000;0;0;1;0;1;1;0;0;0
43326;10;1;0;1;0;1;0;100;-15.577880859375;-8.115966796875;0;2;0;0;1;0;20;1;1;-15.577880859375;-8.115966796875;0;1;0;1;0;0;50.25390625;1;0;0;0;0;5000;10000;0;0;1;0;1;1;0;0;0
43426;10;1;0;1;0;1;0;100;-15.577880859375;-7.991455078125;0;2;0;0;1;0;20;1;1;-15.577880859375;-7.991455078125;0;1;0;1;0;0;49.423828125;1;0;0;0;0;5000;10000;0;0;1;0;1;1;0;0;0
43526;10;1;0;1;0;1;0;100;-15.577880859375;-7.87939453125;0;2;0;0;1;0;20;1;1;-15.577880859375;-7.87939453125;0;1;0;1;0;0;48.6767578125;1;0;0;0;0;5000;10000;0;0;1;0;1;1;0;0;0
43628;10;1;0;1;0;1;0;100;-15.577880859375;-7.7548828125;0;2;0;0;1;0;20;1;1;-15.577880859375;-7.7548828125;0;1;0;1;0;0;47.8466796875;1;0;0;0;0;5000;10000;0;0;1;0;1;1;0;0;0
43728;10;1;0;1;0;1;0;100;-15.577880859375;-7.642822265625;0;2;0;0;1;0;20;1;1;-15.577880859375;-7.642822265625;0;1;0;1;0;0;47.099609375;1;0;0;0;0;5000;10000;0;0;1;0;1;1;0;0;0
43829;10;1;0;1;0;1;0;100;-15.577880859375;-7.518310546875;0;2;0;0;1;0;20;1;1;-15.577880859375;-7.518310546875;0;1;0;1;0;0;46.26953125;1;0;0;0;0;5000;10000;0;0;1;0;1;1;0;0;0
43929;10;1;0;1;0;1;0;100;-15.577880859375;-7.393798828125;0;2;0;0;1;0;20;1;1;-15.577880859375;-7.393798828125;0;1;0;1;0;0;45.439453125;1;0;0;0;0;5000;10000;0;0;1;0;1;1;0;0;0
44030;10;1;0;1;0;1;0;100;-15.577880859375;-7.28173828125;0;2;0;0;1;0;20;1;1;-15.577880859375;-7.28173828125;0;1;0;1;0;0;44.6923828125;1;0;0;0;0;5000;10000;0;0;1;0;1;1;0;0;0
44130;10;1;0;1;0;1;0;100;-15.577880859375;-7.1572265625;0;2;0;0;1;0;20;1;1;-15.577880859375;-7.1572265625;0;1;0;1;0;0;43.8623046875;1;0;0;0;0;5000;10000;0;0;1;0;1;1;0;0;0
44231;10;1;0;1;0;1;0;100;-15.577880859375;-7.045166015625;0;2;0;0;1;0;20;1;1;-15.577880859375;-7.045166015625;0;1;0;1;0;0;43.115234375;1;0;0;0;0;5000;10000;0;0;1;0;1;1;0;0;0
44331;10;1;0;1;0;1;0;100;-15.577880859375;-6.93310546875;0;2;0;0;1;0;20;1;1;-15.577880859375;-6.93310546875;0;1;0;1;0;0;42.3681640625;1;0;0;0;0;5000;10000;0;0;1;0;1;1;0;0;0
44433;10;1;0;1;0;1;0;100;-15.577880859375;-6.80859375;0;2;0;0;1;0;20;1;1;-15.577880859375;-6.80859375;0;1;0;1;0;0;41.5380859375;1;0;0;0;0;5000;10000;0;0;1;0;1;1;0;0;0
44533;10;1;0;1;0;1;0;100;-15.577880859375;-6.696533203125;0;2;0;0;1;0;20;1;1;-15.577880859375;-6.696533203125;0;1;0;1;0;0;40.791015625;1;0;0;0;0;5000;10000;0;0;1;0;1;1;0;0;0
44636;10;1;0;1;0;1;0;100;-15.577880859375;-6.572021484375;0;2;0;0;1;0;20;1;1;-15.577880859375;-6.572021484375;0;1;0;1;0;0;39.9609375;1;0;0;0;0;5000;10000;0;0;1;0;1;1;0;0;0
44738;10;1;0;1;0;1;0;100;-15.577880859375;-6.447509765625;0;2;0;0;1;0;20;1;1;-15.577880859375;-6.447509765625;0;1;0;1;0;0;39.130859375;1;0;0;0;0;5000;10000;0;0;1;0;1;1;0;0;0
44838;10;1;0;1;0;1;0;100;-15.577880859375;-6.33544921875;0;2;0;0;1;0;20;1;1;-15.577880859375;-6.33544921875;0;1;0;1;0;0;38.3837890625;1;0;0;0;0;5000;10000;0;0;1;0;1;1;0;0;0
44938;10;1;0;1;0;1;0;100;-15.577880859375;-6.2109375;0;2;0;0;1;0;20;1;1;-15.577880859375;-6.2109375;0;1;0;1;0;0;37.5537109375;1;0;0;0;0;5000;10000;0;0;1;0;1;1;0;0;0
45039;10;1;0;1;0;1;0;100;-15.577880859375;-6.08642578125;0;2;0;0;1;0;20;1;1;-15.577880859375;-6.08642578125;0;1;0;1;0;0;36.7236328125;1;0;0;0;0;5000;10000;0;0;1;0;1;1;0;0;0
45140;10;1;0;1;0;1;0;100;-15.577880859375;-5.974365234375;0;2;0;0;1;0;20;1;1;-15.577880859375;-5.974365234375;0;1;0;1;0;0;35.9765625;1;0;0;0;0;5000;10000;0;0;1;0;1;1;0;0;0
45240;10;1;0;1;0;1;0;100;-15.577880859375;-5.849853515625;0;2;0;0;1;0;20;1;1;-15.577880859375;-5.849853515625;0;1;0;1;0;0;35.146484375;1;0;0;0;0;5000;10000;0;0;1;0;1;1;0;0;0
45341;10;1;0;1;0;1;0;100;-15.577880859375;-5.73779296875;0;2;0;0;1;0;20;1;1;-15.577880859375;-5.73779296875;0;1;0;1;0;0;34.3994140625;1;0;0;0;0;5000;10000;0;0;1;0;1;1;0;0;0
45440;10;1;0;1;0;1;0;100;-15.577880859375;-5.61328125;0;2;0;0;1;0;20;1;1;-15.577880859375;-5.61328125;0;1;0;1;0;0;33.5693359375;1;0;0;0;0;5000;10000;0;0;1;0;1;1;0;0;0
45542;10;1;0;1;0;1;0;100;-15.577880859375;-5.501220703125;0;2;0;0;1;0;20;1;1;-15.577880859375;-5.501220703125;0;1;0;1;0;0;32.822265625;1;0;0;0;0;5000;10000;0;0;1;0;1;1;0;0;0
45642;10;1;0;1;0;1;0;100;-15.577880859375;-5.38916015625;0;2;0;0;1;0;20;1;1;-15.577880859375;-5.38916015625;0;1;0;1;0;0;32.0751953125;1;0;0;0;0;5000;10000;0;0;1;0;1;1;0;0;0
45744;10;1;0;1;0;1;0;100;-15.577880859375;-5.2646484375;0;2;0;0;1;0;20;1;1;-15.577880859375;-5.2646484375;0;1;0;1;0;0;31.2451171875;1;0;0;0;0;5000;10000;0;0;1;0;1;1;0;0;0
45843;10;1;0;1;0;1;0;100;-15.577880859375;-5.14013671875;0;2;0;0;1;0;20;1;1;-15.577880859375;-5.152587890625;0;1;0;1;0;0;30.498046875;1;0;0;0;0;5000;10000;0;0;1;0;1;1;0;0;0
45944;10;1;0;1;0;1;0;100;-15.577880859375;-5.028076171875;0;2;0;0;1;0;20;1;1;-15.577880859375;-5.028076171875;0;1;0;1;0;0;29.66796875;1;0;0;0;0;5000;10000;0;0;1;0;1;1;0;0;0
46044;10;1;0;1;0;1;0;100;-15.577880859375;-4.903564453125;0;2;0;0;1;0;20;1;1;-15.577880859375;-4.903564453125;0;1;0;1;0;0;28.837890625;1;0;0;0;0;5000;10000;0;0;1;0;1;1;0;0;0
46144;10;1;0;1;0;1;0;100;-15.577880859375;-4.79150390625;0;2;0;0;1;0;20;1;1;-15.577880859375;-4.79150390625;0;1;0;1;0;0;28.0908203125;1;0;0;0;0;5000;10000;0;0;1;0;1;1;0;0;0
46246;10;1;0;1;0;1;0;100;-15.577880859375;-4.6669921875;0;2;0;0;1;0;20;1;1;-15.577880859375;-4.6669921875;0;1;0;1;0;0;27.2607421875;1;0;0;0;0;5000;10000;0;0;1;0;1;1;0;0;0
46348;10;1;0;1;0;1;0;100;-15.577880859375;-4.554931640625;0;2;0;0;1;0;20;1;1;-15.577880859375;-4.554931640625;0;1;0;1;0;0;26.513671875;1;0;0;0;0;5000;10000;0;0;1;0;1;1;0;0;0
46446;10;1;0;1;0;1;0;100;-15.577880859375;-4.430419921875;0;2;0;0;1;0;20;1;1;-15.577880859375;-4.430419921875;0;1;0;1;0;0;25.68359375;1;0;0;0;0;5000;10000;0;0;1;0;1;1;0;0;0
46548;10;1;0;1;0;1;0;100;-15.577880859375;-4.318359375;0;2;0;0;1;0;20;1;1;-15.577880859375;-4.318359375;0;1;0;1;0;0;24.9365234375;1;0;0;0;0;5000;10000;0;0;1;0;1;1;0;0;0
46647;10;1;0;1;0;1;0;100;-15.577880859375;-4.206298828125;0;2;0;0;1;0;20;1;1;-15.577880859375;-4.206298828125;0;1;0;1;0;0;24.189453125;1;0;0;0;0;5000;10000;0;0;1;0;1;1;0;0;0
46748;10;1;0;1;0;1;0;100;-15.577880859375;-4.09423828125;0;2;0;0;1;0;20;1;1;-15.577880859375;-4.09423828125;0;1;0;1;0;0;23.4423828125;1;0;0;0;0;5000;10000;0;0;1;0;1;1;0;0;0
46848;10;1;0;1;0;1;0;100;-15.577880859375;-3.9697265625;0;2;0;0;1;0;20;1;1;-15.577880859375;-3.9697265625;0;1;0;1;0;0;22.6123046875;1;0;0;0;0;5000;10000;0;0;1;0;1;1;0;0;0
46949;10;1;0;1;0;1;0;100;-15.577880859375;-3.84521484375;0;2;0;0;1;0;20;1;1;-15.577880859375;-3.84521484375;0;1;0;1;0;0;21.7822265625;1;0;0;0;0;5000;10000;0;0;1;0;1;1;0;0;0
47050;10;1;0;1;0;1;0;100;-15.577880859375;-3.733154296875;0;2;0;0;1;0;20;1;1;-15.577880859375;-3.733154296875;0;1;0;1;0;0;21.03515625;1;0;0;0;0;5000;10000;0;0;1;0;1;1;0;0;0
47151;10;1;0;1;0;1;0;100;-15.577880859375;-3.608642578125;0;2;0;0;1;0;20;1;1;-15.577880859375;-3.608642578125;0;1;0;1;0;0;20.205078125;1;0;0;0;0;5000;10000;0;0;1;0;1;1;0;0;0
47251;10;1;0;1;0;1;0;100;-15.577880859375;-3.49658203125;0;2;0;0;1;0;20;1;1;-15.577880859375;-3.49658203125;0;1;0;1;0;0;19.4580078125;1;0;0;0;0;5000;10000;0;0;1;0;1;1;0;0;0
47351;10;1;0;1;0;1;0;100;-15.577880859375;-3.3720703125;0;2;0;0;1;0;20;1;1;-15.577880859375;-3.3720703125;0;1;0;1;0;0;18.6279296875;1;0;0;0;0;5000;10000;0;0;1;0;1;1;0;0;0
47452;10;1;0;1;0;1;0;100;-15.577880859375;-3.260009765625;0;2;0;0;1;0;20;1;1;-15.577880859375;-3.260009765625;0;1;0;1;0;0;17.880859375;1;0;0;0;0;5000;10000;0;0;1;0;1;1;0;0;0
47552;10;1;0;1;0;1;0;100;-15.577880859375;-3.135498046875;0;2;0;0;1;0;20;1;1;-15.577880859375;-3.135498046875;0;1;0;1;0;0;17.05078125;1;0;0;0;0;5000;10000;0;0;1;0;1;1;0;0;0
47653;10;1;0;1;0;1;0;100;-15.577880859375;-3.0234375;0;2;0;0;1;0;20;1;1;-15.577880859375;-3.0234375;0;1;0;1;0;0;16.3037109375;1;0;0;0;0;5000;10000;0;0;1;0;1;1;0;0;0
47753;10;1;0;1;0;1;0;100;-15.577880859375;-2.89892578125;0;2;0;0;1;0;20;1;1;-15.577880859375;-2.89892578125;0;1;0;1;0;0;15.4736328125;1;0;0;0;0;5000;10000;0;0;1;0;1;1;0;0;0
47854;10;1;0;1;0;1;0;100;-15.577880859375;-2.786865234375;0;2;0;0;1;0;20;1;1;-15.577880859375;-2.786865234375;0;1;0;1;0;0;14.7265625;1;0;0;0;0;5000;10000;0;0;1;0;1;1;0;0;0
47956;10;1;0;1;0;1;0;100;-15.577880859375;-2.6748046875;0;2;0;0;1;0;20;1;1;-15.577880859375;-2.6748046875;0;1;0;1;0;0;13.9794921875;1;0;0;0;0;5000;10000;0;0;1;0;1;1;0;0;0
48055;10;1;0;1;0;1;0;100;-15.577880859375;-2.55029296875;0;2;0;0;1;0;20;1;1;-15.577880859375;-2.55029296875;0;1;0;1;0;0;13.1494140625;1;0;0;0;0;5000;10000;0;0;1;0;1;1;0;0;0
48156;10;1;0;1;0;1;0;100;-15.577880859375;-2.438232421875;0;2;0;0;1;0;20;1;1;-15.577880859375;-2.438232421875;0;1;0;1;0;0;12.40234375;1;0;0;0;0;5000;10000;0;0;1;0;1;1;0;0;0
48255;10;1;0;1;0;1;0;100;-15.577880859375;-2.326171875;0;2;0;0;1;0;20;1;1;-15.577880859375;-2.326171875;0;1;0;1;0;0;11.6552734375;1;0;0;0;0;5000;10000;0;0;1;0;1;1;0;0;0
48356;10;1;0;1;0;1;0;100;-15.577880859375;-2.20166015625;0;2;0;0;1;0;20;1;1;-15.577880859375;-2.20166015625;0;1;0;1;0;0;10.8251953125;1;0;0;0;0;5000;10000;0;0;1;0;1;1;0;0;0
48457;10;1;0;1;0;1;0;100;-15.577880859375;-2.0771484375;0;2;0;0;1;0;20;1;1;-15.577880859375;-2.0771484375;0;1;0;1;0;0;9.9951171875;1;0;0;0;0;5000;10000;0;0;1;0;1;1;0;0;0
48557;10;1;0;1;0;1;0;100;-15.577880859375;-1.965087890625;0;2;0;0;1;0;20;1;1;-15.577880859375;-1.965087890625;0;1;0;1;0;0;9.248046875;1;0;0;0;0;5000;10000;0;0;1;0;1;1;0;0;0
48659;10;1;0;1;0;1;0;100;-15.577880859375;-1.840576171875;0;2;0;0;1;0;20;1;1;-15.577880859375;-1.840576171875;0;1;0;1;0;0;8.41796875;1;0;0;0;0;5000;10000;0;0;1;0;1;1;0;0;0
48758;22;1;0;0;0;1;0;100;-15.577880859375;-1.73095703125;1;1;0;0;1;0;20;1;1;-15.577880859375;-16.73095703125;1;1;0;0;0;0;7.6871743202209473;1;0;0;0;0;5000;10000;0;0;1;0;1;1;0;0;0
48859;11;1;0;1;0;1;0;100;-15.477783203125;-1.630859375;1;1;0;0;1;0;20;1;1;-15.477783203125;-16.630859375;1;1;0;0;0;0;7.6871743202209473;1;0;0;0;0;5000;10000;0;0;0;0;0;1;0;0;0
48959;11;1;0;1;0;1;0;100;-15.3876953125;-1.540771484375;1;1;0;0;1;0;20;1;1;-15.3876953125;-16.540771484375;1;1;0;0;0;0;7.6871743202209473;1;0;0;0;0;5000;10000;0;0;0;0;0;1;0;0;0
49059;11;1;0;1;0;1;0;100;-15.28759765625;-1.440673828125;1;1;0;0;1;0;20;1;1;-15.28759765625;-16.440673828125;1;1;0;0;0;0;7.6871743202209473;1;0;0;0;0;5000;10000;0;0;0;0;0;1;0;0;0
49159;11;1;0;1;0;1;0;100;-15.197509765625;-1.3505859375;1;1;0;0;1;0;20;1;1;-15.197509765625;-16.3505859375;1;1;0;0;0;0;7.6871743202209473;1;0;0;0;0;5000;10000;0;0;0;0;0;1;0;0;0
49260;11;1;0;1;0;1;0;100;-15.097412109375;-1.25048828125;1;1;0;0;1;0;20;1;1;-15.097412109375;-16.25048828125;1;1;0;0;0;0;7.6871743202209473;1;0;0;0;0;5000;10000;0;0;0;0;0;1;0;0;0
49360;11;1;0;1;0;1;0;100;-15.00732421875;-1.160400390625;1;1;0;0;1;0;20;1;1;-15.00732421875;-16.160400390625;1;1;0;0;0;0;7.6871743202209473;1;0;0;0;0;5000;10000;0;0;0;0;0;1;0;0;0
49461;11;1;0;1;0;1;0;100;-14.9072265625;-1.060302734375;1;1;0;0;1;0;20;1;1;-14.9072265625;-16.060302734375;1;1;0;0;0;0;7.6871743202209473;1;0;0;0;0;5000;10000;0;0;0;0;0;1;0;0;0
49560;11;1;0;1;0;1;0;100;-14.817138671875;-0.97021484375;1;1;0;0;1;0;20;1;1;-14.817138671875;-15.97021484375;1;1;0;0;0;0;7.6871743202209473;1;0;0;0;0;5000;10000;0;0;0;0;0;1;0;0;0
49661;11;1;0;1;0;1;0;100;-14.717041015625;-0.8701171875;1;1;0;0;1;0;20;1;1;-14.717041015625;-15.8701171875;1;1;0;0;0;0;7.6871743202209473;1;0;0;0;0;5000;10000;0;0;0;0;0;1;0;0;0
49760;11;1;0;1;0;1;0;100;-14.626953125;-0.780029296875;1;1;0;0;1;0;20;1;1;-14.626953125;-15.780029296875;1;1;0;0;0;0;7.6871743202209473;1;0;0;0;0;5000;10000;0;0;0;0;0;1;0;0;0
49860;11;1;0;1;0;1;0;100;-14.536865234375;-0.68994140625;1;1;0;0;1;0;20;1;1;-14.536865234375;-15.68994140625;1;1;0;0;0;0;7.6871743202209473;1;0;0;0;0;5000;10000;0;0;0;0;0;1;0;0;0
49960;11;1;0;1;0;1;0;100;-14.436767578125;-0.58984375;1;1;0;0;1;0;20;1;1;-14.436767578125;-15.58984375;1;1;0;0;0;0;7.6871743202209473;1;0;0;0;0;5000;10000;0;0;0;0;0;1;0;0;0
50061;11;1;0;1;0;1;0;100;-14.3466796875;-0.499755859375;1;1;0;0;1;0;20;1;1;-14.3466796875;-15.499755859375;1;1;0;0;0;0;7.6871743202209473;1;0;0;0;0;5000;10000;0;0;0;0;0;1;0;0;0
50160;11;1;0;1;0;1;0;100;-14.256591796875;-0.40966796875;1;1;0;0;1;0;20;1;1;-14.256591796875;-15.40966796875;1;1;0;0;0;0;7.6871743202209473;1;0;0;0;0;5000;10000;0;0;0;0;0;1;0;0;0
50262;11;1;0;1;0;1;0;100;-14.156494140625;-0.3095703125;1;1;0;0;1;0;20;1;1;-14.156494140625;-15.3095703125;1;1;0;0;0;0;7.6871743202209473;1;0;0;0;0;5000;10000;0;0;0;0;0;1;0;0;0
50362;11;1;0;1;0;1;0;100;-14.056396484375;-0.20947265625;1;1;0;0;1;0;20;1;1;-14.056396484375;-15.20947265625;1;1;0;0;0;0;7.6871743202209473;1;0;0;0;0;5000;10000;0;0;0;0;0;1;0;0;0
50463;11;1;0;1;0;1;0;100;-13.96630859375;-0.119384765625;1;1;0;0;1;0;20;1;1;-13.96630859375;-15.119384765625;1;1;0;0;0;0;7.6871743202209473;1;0;0;0;0;5000;10000;0;0;0;0;0;1;0;0;0
50562;11;1;0;1;0;1;0;100;-13.8662109375;-0.019287109375;1;1;0;0;1;0;20;1;1;-13.8662109375;-15.019287109375;1;1;0;0;0;0;7.6871743202209473;1;0;0;0;0;5000;10000;0;0;0;0;0;1;0;0;0
50662;11;1;0;1;0;1;0;100;-13.776123046875;0.07080078125;1;1;0;0;1;0;20;1;1;-13.776123046875;-14.92919921875;1;1;0;0;0;0;7.6871743202209473;1;0;0;0;0;5000;10000;0;0;0;0;0;1;0;0;0
50762;11;1;0;1;0;1;0;100;-13.676025390625;0.1708984375;1;1;0;0;1;0;20;1;1;-13.676025390625;-14.8291015625;1;1;0;0;0;0;7.6871743202209473;1;0;0;0;0;5000;10000;0;0;0;0;0;1;0;0;0
50864;11;1;0;1;0;1;0;100;-13.5859375;0.260986328125;1;1;0;0;1;0;20;1;1;-13.5859375;-14.739013671875;1;1;0;0;0;0;7.6871743202209473;1;0;0;0;0;5000;10000;0;0;0;0;0;1;0;0;0
50963;12;1;0;1;0;1;0;100;-13.48583984375;0.361083984375;1;1;0;0;1;0;20;1;1;-13.48583984375;-14.638916015625;1;1;0;0;0;0;7.6871743202209473;1;0;0;0;0;5000;10000;0;0;0;0;0;1;0;0;0
51065;12;1;0;1;0;1;0;100;-13.395751953125;0.451171875;1;1;0;0;1;0;20;1;1;-13.395751953125;-14.548828125;1;1;0;0;0;0;7.6871743202209473;1;0;0;0;0;5000;10000;0;0;0;0;0;1;0;0;0
51165;12;1;0;1;0;1;0;100;-13.295654296875;0.55126953125;1;1;0;0;1;0;20;1;1;-13.295654296875;-14.44873046875;1;1;0;0;0;0;7.6871743202209473;1;0;0;0;0;5000;10000;0;0;0;0;0;1;0;0;0
51266;12;1;0;1;0;1;0;100;-13.20556640625;0.641357421875;1;1;0;0;1;0;20;1;1;-13.20556640625;-14.358642578125;1;1;0;0;0;0;7.6871743202209473;1;0;0;0;0;5000;10000;0;0;0;0;0;1;0;0;0
51365;12;1;0;1;0;1;0;100;-13.115478515625;0.7314453125;1;1;0;0;1;0;20;1;1;-13.115478515625;-14.2685546875;1;1;0;0;0;0;7.6871743202209473;1;0;0;0;0;5000;10000;0;0;0;0;0;1;0;0;0
51466;12;1;0;1;0;1;0;100;-13.015380859375;0.83154296875;1;1;0;0;1;0;20;1;1;-13.015380859375;-14.16845703125;1;1;0;0;0;0;7.6871743202209473;1;0;0;0;0;5000;10000;0;0;0;0;0;1;0;0;0
51565;12;1;0;1;0;1;0;100;-12.92529296875;0.921630859375;1;1;0;0;1;0;20;1;1;-12.92529296875;-14.078369140625;1;1;0;0;0;0;7.6871743202209473;1;0;0;0;0;5000;10000;0;0;0;0;0;1;0;0;0
51667;12;1;0;1;0;1;0;100;-12.8251953125;1.021728515625;1;1;0;0;1;0;20;1;1;-12.8251953125;-13.978271484375;1;1;0;0;0;0;7.6871743202209473;1;0;0;0;0;5000;10000;0;0;0;0;0;1;0;0;0
51766;12;1;0;1;0;1;0;100;-12.735107421875;1.11181640625;1;1;0;0;1;0;20;1;1;-12.735107421875;-13.88818359375;1;1;0;0;0;0;7.6871743202209473;1;0;0;0;0;5000;10000;0;0;0;0;0;1;0;0;0
51867;12;1;0;1;0;1;0;100;-12.64501953125;1.201904296875;1;1;0;0;1;0;20;1;1;-12.64501953125;-13.798095703125;1;1;0;0;0;0;7.6871743202209473;1;0;0;0;0;5000;10000;0;0;0;0;0;1;0;0;0
51968;12;1;0;1;0;1;0;100;-12.544921875;1.302001953125;1;1;0;0;1;0;20;1;1;-12.544921875;-13.697998046875;1;1;0;0;0;0;7.6871743202209473;1;0;0;0;0;5000;10000;0;0;0;0;0;1;0;0;0
52069;12;1;0;1;0;1;0;100;-12.454833984375;1.39208984375;1;1;0;0;1;0;20;1;1;-12.454833984375;-13.60791015625;1;1;0;0;0;0;7.6871743202209473;1;0;0;0;0;5000;10000;0;0;0;0;0;1;0;0;0
52170;12;1;0;1;0;1;0;100;-12.36474609375;1.482177734375;1;1;0;0;1;0;20;1;1;-12.36474609375;-13.517822265625;1;1;0;0;0;0;7.6871743202209473;1;0;0;0;0;5000;10000;0;0;0;0;0;1;0;0;0
52271;12;1;0;1;0;1;0;100;-12.2646484375;1.582275390625;1;1;0;0;1;0;20;1;1;-12.2646484375;-13.417724609375;1;1;0;0;0;0;7.6871743202209473;1;0;0;0;0;5000;10000;0;0;0;0;0;1;0;0;0
52370;12;1;0;1;0;1;0;100;-12.174560546875;1.67236328125;1;1;0;0;1;0;20;1;1;-12.174560546875;-13.32763671875;1;1;0;0;0;0;7.6871743202209473;1;0;0;0;0;5000;10000;0;0;0;0;0;1;0;0;0
52471;12;1;0;1;0;1;0;100;-12.074462890625;1.7724609375;1;1;0;0;1;0;20;1;1;-12.074462890625;-13.2275390625;1;1;0;0;0;0;7.6871743202209473;1;0;0;0;0;5000;10000;0;0;0;0;0;1;0;0;0
52571;12;1;0;1;0;1;0;100;-11.984375;1.862548828125;1;1;0;0;1;0;20;1;1;-11.984375;-13.137451171875;1;1;0;0;0;0;7.6871743202209473;1;0;0;0;0;5000;10000;0;0;0;0;0;1;0;0;0
52673;12;1;0;1;0;1;0;100;-11.88427734375;1.962646484375;1;1;0;0;1;0;20;1;1;-11.88427734375;-13.037353515625;1;1;0;0;0;0;7.6871743202209473;1;0;0;0;0;5000;10000;0;0;0;0;0;1;0;0;0
52773;12;1;0;1;0;1;0;100;-11.7841796875;2.062744140625;1;1;0;0;1;0;20;1;1;-11.7841796875;-12.937255859375;1;1;0;0;0;0;7.6871743202209473;1;0;0;0;0;5000;10000;0;0;0;0;0;1;0;0;0
52875;12;1;0;1;0;1;0;100;-11.694091796875;2.15283203125;1;1;0;0;1;0;20;1;1;-11.694091796875;-12.84716796875;1;1;0;0;0;0;7.6871743202209473;1;0;0;0;0;5000;10000;0;0;0;0;0;1;0;0;0
52975;12;1;0;1;0;1;0;100;-11.593994140625;2.2529296875;1;1;0;0;1;0;20;1;1;-11.593994140625;-12.7470703125;1;1;0;0;0;0;7.6871743202209473;1;0;0;0;0;5000;10000;0;0;0;0;0;1;0;0;0
53075;12;1;0;1;0;1;0;100;-11.50390625;2.343017578125;1;1;0;0;1;0;20;1;1;-11.50390625;-12.656982421875;1;1;0;0;0;0;7.6871743202209473;1;0;0;0;0;5000;10000;0;0;0;0;0;1;0;0;0
53175;12;1;0;1;0;1;0;100;-11.40380859375;2.443115234375;1;1;0;0;1;0;20;1;1;-11.40380859375;-12.556884765625;1;1;0;0;0;0;7.6871743202209473;1;0;0;0;0;5000;10000;0;0;0;0;0;1;0;0;0
53276;12;1;0;1;0;1;0;100;-11.3037109375;2.543212890625;1;1;0;0;1;0;20;1;1;-11.3037109375;-12.456787109375;1;1;0;0;0;0;7.6871743202209473;1;0;0;0;0;5000;10000;0;0;0;0;0;1;0;0;0
53375;12;1;0;1;0;1;0;100;-11.213623046875;2.63330078125;1;1;0;0;1;0;20;1;1;-11.213623046875;-12.36669921875;1;1;0;0;0;0;7.6871743202209473;1;0;0;0;0;5000;10000;0;0;0;0;0;1;0;0;0
53477;12;1;0;1;0;1;0;100;-11.12353515625;2.723388671875;1;1;0;0;1;0;20;1;1;-11.12353515625;-12.276611328125;1;1;0;0;0;0;7.6871743202209473;1;0;0;0;0;5000;10000;0;0;0;0;0;1;0;0;0
53576;12;1;0;1;0;1;0;100;-11.0234375;2.823486328125;1;1;0;0;1;0;20;1;1;-11.0234375;-12.176513671875;1;1;0;0;0;0;7.6871743202209473;1;0;0;0;0;5000;10000;0;0;0;0;0;1;0;0;0
53678;12;1;0;1;0;1;0;100;-10.933349609375;2.91357421875;1;1;0;0;1;0;20;1;1;-10.933349609375;-12.08642578125;1;1;0;0;0;0;7.6871743202209473;1;0;0;0;0;5000;10000;0;0;0;0;0;1;0;0;0
53777;12;1;0;1;0;1;0;100;-10.833251953125;3.013671875;1;1;0;0;1;0;20;1;1;-10.833251953125;-11.986328125;1;1;0;0;0;0;7.6871743202209473;1;0;0;0;0;5000;10000;0;0;0;0;0;1;0;0;0
53878;12;1;0;1;0;1;0;100;-10.733154296875;3.11376953125;1;1;0;0;1;0;20;1;1;-10.733154296875;-11.88623046875;1;1;0;0;0;0;7.6871743202209473;1;0;0;0;0;5000;10000;0;0;0;0;0;1;0;0;0
53979;12;1;0;1;0;1;0;100;-10.64306640625;3.203857421875;1;1;0;0;1;0;20;1;1;-10.64306640625;-11.796142578125;1;1;0;0;0;0;7.6871743202209473;1;0;0;0;0;5000;10000;0;0;0;0;0;1;0;0;0
54079;12;1;0;1;0;1;0;100;-10.552978515625;3.2939453125;1;1;0;0;1;0;20;1;1;-10.552978515625;-11.7060546875;1;1;0;0;0;0;7.6871743202209473;1;0;0;0;0;5000;10000;0;0;0;0;0;1;0;0;0
54179;12;1;0;1;0;1;0;100;-10.452880859375;3.39404296875;1;1;0;0;1;0;20;1;1;-10.452880859375;-11.60595703125;1;1;0;0;0;0;7.6871743202209473;1;0;0;0;0;5000;10000;0;0;0;0;0;1;0;0;0
54279;12;1;0;1;0;1;0;100;-10.36279296875;3.484130859375;1;1;0;0;1;0;20;1;1;-10.36279296875;-11.515869140625;1;1;0;0;0;0;7.6871743202209473;1;0;0;0;0;5000;10000;0;0;0;0;0;1;0;0;0
54380;12;1;0;1;0;1;0;100;-10.2626953125;3.584228515625;1;1;0;0;1;0;20;1;1;-10.2626953125;-11.415771484375;1;1;0;0;0;0;7.6871743202209473;1;0;0;0;0;5000;10000;0;0;0;0;0;1;0;0;0
54482;12;1;0;1;0;1;0;100;-10.16259765625;3.684326171875;1;1;0;0;1;0;20;1;1;-10.16259765625;-11.315673828125;1;1;0;0;0;0;7.6871743202209473;1;0;0;0;0;5000;10000;0;0;0;0;0;1;0;0;0
54582;12;1;0;1;0;1;0;100;-10.072509765625;3.7744140625;1;1;0;0;1;0;20;1;1;-10.072509765625;-11.2255859375;1;1;0;0;0;0;7.6871743202209473;1;0;0;0;0;5000;10000;0;0;0;0;0;1;0;0;0
54685;12;1;0;1;0;1;0;100;-9.972412109375;3.87451171875;1;1;0;0;1;0;20;1;1;-9.972412109375;-11.12548828125;1;1;0;0;0;0;7.6871743202209473;1;0;0;0;0;5000;10000;0;0;0;0;0;1;0;0;0
54783;12;1;0;1;0;1;0;100;-9.872314453125;3.974609375;1;1;0;0;1;0;20;1;1;-9.872314453125;-11.025390625;1;1;0;0;0;0;7.6871743202209473;1;0;0;0;0;5000;10000;0;0;0;0;0;1;0;0;0
54884;12;1;0;1;0;1;0;100;-9.7822265625;4.064697265625;1;1;0;0;1;0;20;1;1;-9.7822265625;-10.935302734375;1;1;0;0;0;0;7.6871743202209473;1;0;0;0;0;5000;10000;0;0;0;0;0;1;0;0;0
54984;12;1;0;1;0;1;0;100;-9.68212890625;4.164794921875;1;1;0;0;1;0;20;1;1;-9.692138671875;-10.84521484375;1;1;0;0;0;0;7.6871743202209473;1;0;0;0;0;5000;10000;0;0;0;0;0;1;0;0;0
55086;12;1;0;1;0;1;0;100;-9.592041015625;4.2548828125;1;1;0;0;1;0;20;1;1;-9.592041015625;-10.7451171875;1;1;0;0;0;0;7.6871743202209473;1;0;0;0;0;5000;10000;0;0;0;0;0;1;0;0;0
55185;12;1;0;1;0;1;0;100;-9.491943359375;4.35498046875;1;1;0;0;1;0;20;1;1;-9.491943359375;-10.64501953125;1;1;0;0;0;0;7.6871743202209473;1;0;0;0;0;5000;10000;0;0;0;0;0;1;0;0;0
55287;12;1;0;1;0;1;0;100;-9.40185546875;4.445068359375;1;1;0;0;1;0;20;1;1;-9.40185546875;-10.554931640625;1;1;0;0;0;0;7.6871743202209473;1;0;0;0;0;5000;10000;0;0;0;0;0;1;0;0;0
55387;12;1;0;1;0;1;0;100;-9.311767578125;4.53515625;1;1;0;0;1;0;20;1;1;-9.311767578125;-10.46484375;1;1;0;0;0;0;7.6871743202209473;1;0;0;0;0;5000;10000;0;0;0;0;0;1;0;0;0
55488;12;1;0;1;0;1;0;100;-9.211669921875;4.63525390625;1;1;0;0;1;0;20;1;1;-9.211669921875;-10.36474609375;1;1;0;0;0;0;7.6871743202209473;1;0;0;0;0;5000;10000;0;0;0;0;0;1;0;0;0
55587;12;1;0;1;0;1;0;100;-9.12158203125;4.725341796875;1;1;0;0;1;0;20;1;1;-9.12158203125;-10.274658203125;1;1;0;0;0;0;7.6871743202209473;1;0;0;0;0;5000;10000;0;0;0;0;0;1;0;0;0
55690;12;1;0;1;0;1;0;100;-9.021484375;4.825439453125;1;1;0;0;1;0;20;1;1;-9.021484375;-10.174560546875;1;1;0;0;0;0;7.6871743202209473;1;0;0;0;0;5000;10000;0;0;0;0;0;1;0;0;0
55789;12;1;0;1;0;1;0;100;-8.931396484375;4.91552734375;1;1;0;0;1;0;20;1;1;-8.931396484375;-10.08447265625;1;1;0;0;0;0;7.6871743202209473;1;0;0;0;0;5000;10000;0;0;0;0;0;1;0;0;0
55890;12;1;0;1;0;1;0;100;-8.831298828125;5.015625;1;1;0;0;1;0;20;1;1;-8.831298828125;-9.984375;1;1;0;0;0;0;7.6871743202209473;1;0;0;0;0;5000;10000;0;0;0;0;0;1;0;0;0
55990;12;1;0;1;0;1;0;100;-8.731201171875;5.11572265625;1;1;0;0;1;0;20;1;1;-8.7412109375;-9.894287109375;1;1;0;0;0;0;7.6871743202209473;1;0;0;0;0;5000;10000;0;0;0;0;0;1;0;0;0
56091;12;1;0;1;0;1;0;100;-8.64111328125;5.205810546875;1;1;0;0;1;0;20;1;1;-8.64111328125;-9.794189453125;1;1;0;0;0;0;7.6871743202209473;1;0;0;0;0;5000;10000;0;0;0;0;0;1;0;0;0
56189;12;1;0;1;0;1;0;100;-8.551025390625;5.2958984375;1;1;0;0;1;0;20;1;1;-8.551025390625;-9.7041015625;1;1;0;0;0;0;7.6871743202209473;1;0;0;0;0;5000;10000;0;0;0;0;0;1;0;0;0
56291;12;1;0;1;0;1;0;100;-8.450927734375;5.39599609375;1;1;0;0;1;0;20;1;1;-8.450927734375;-9.60400390625;1;1;0;0;0;0;7.6871743202209473;1;0;0;0;0;5000;10000;0;0;0;0;0;1;0;0;0
56391;12;1;0;1;0;1;0;100;-8.36083984375;5.486083984375;1;1;0;0;1;0;20;1;1;-8.36083984375;-9.513916015625;1;1;0;0;0;0;7.6871743202209473;1;0;0;0;0;5000;10000;0;0;0;0;0;1;0;0;0
56493;12;1;0;1;0;1;0;100;-8.2607421875;5.586181640625;1;1;0;0;1;0;20;1;1;-8.2607421875;-9.413818359375;1;1;0;0;0;0;7.6871743202209473;1;0;0;0;0;5000;10000;0;0;0;0;0;1;0;0;0
56592;12;1;0;1;0;1;0;100;-8.16064453125;5.686279296875;1;1;0;0;1;0;20;1;1;-8.16064453125;-9.313720703125;1;1;0;0;0;0;7.6871743202209473;1;0;0;0;0;5000;10000;0;0;0;0;0;1;0;0;0
56695;12;1;0;1;0;1;0;100;-8.070556640625;5.7763671875;1;1;0;0;1;0;20;1;1;-8.070556640625;-9.2236328125;1;1;0;0;0;0;7.6871743202209473;1;0;0;0;0;5000;10000;0;0;0;0;0;1;0;0;0
56795;12;1;0;1;0;1;0;100;-7.970458984375;5.87646484375;1;1;0;0;1;0;20;1;1;-7.970458984375;-9.12353515625;1;1;0;0;0;0;7.6871743202209473;1;0;0;0;0;5000;10000;0;0;0;0;0;1;0;0;0
56895;12;1;0;1;0;1;0;100;-7.88037109375;5.966552734375;1;1;0;0;1;0;20;1;1;-7.88037109375;-9.033447265625;1;1;0;0;0;0;7.6871743202209473;1;0;0;0;0;5000;10000;0;0;0;0;0;1;0;0;0
56996;12;1;0;1;0;1;0;100;-7.790283203125;6.056640625;1;1;0;0;1;0;20;1;1;-7.790283203125;-8.943359375;1;1;0;0;0;0;7.6871743202209473;1;0;0;0;0;5000;10000;0;0;0;0;0;1;0;0;0
57097;12;1;0;1;0;1;0;100;-7.690185546875;6.15673828125;1;1;0;0;1;0;20;1;1;-7.690185546875;-8.84326171875;1;1;0;0;0;0;7.6871743202209473;1;0;0;0;0;5000;10000;0;0;0;0;0;1;0;0;0
57196;12;1;0;1;0;1;0;100;-7.60009765625;6.246826171875;1;1;0;0;1;0;20;1;1;-7.60009765625;-8.753173828125;1;1;0;0;0;0;7.6871743202209473;1;0;0;0;0;5000;10000;0;0;0;0;0;1;0;0;0
57298;12;1;0;1;0;1;0;100;-7.5;6.346923828125;1;1;0;0;1;0;20;1;1;-7.5;-8.653076171875;1;1;0;0;0;0;7.6871743202209473;1;0;0;0;0;5000;10000;0;0;0;0;0;1;0;0;0
57398;12;1;0;1;0;1;0;100;-7.409912109375;6.43701171875;1;1;0;0;1;0;20;1;1;-7.409912109375;-8.56298828125;1;1;0;0;0;0;7.6871743202209473;1;0;0;0;0;5000;10000;0;0;0;0;0;1;0;0;0
57500;12;1;0;1;0;1;0;100;-7.309814453125;6.537109375;1;1;0;0;1;0;20;1;1;-7.309814453125;-8.462890625;1;1;0;0;0;0;7.6871743202209473;1;0;0;0;0;5000;10000;0;0;0;0;0;1;0;0;0
57600;12;1;0;1;0;1;0;100;-7.209716796875;6.63720703125;1;1;0;0;1;0;20;1;1;-7.209716796875;-8.36279296875;1;1;0;0;0;0;7.6871743202209473;1;0;0;0;0;5000;10000;0;0;0;0;0;1;0;0;0
57701;12;1;0;1;0;1;0;100;-7.11962890625;6.727294921875;1;1;0;0;1;0;20;1;1;-7.11962890625;-8.272705078125;1;1;0;0;0;0;7.6871743202209473;1;0;0;0;0;5000;10000;0;0;0;0;0;1;0;0;0
57801;12;1;0;1;0;1;0;100;-7.029541015625;6.8173828125;1;1;0;0;1;0;20;1;1;-7.029541015625;-8.1826171875;1;1;0;0;0;0;7.6871743202209473;1;0;0;0;0;5000;10000;0;0;0;0;0;1;0;0;0
57903;12;1;0;1;0;1;0;100;-6.929443359375;6.91748046875;1;1;0;0;1;0;20;1;1;-6.929443359375;-8.08251953125;1;1;0;0;0;0;7.6871743202209473;1;0;0;0;0;5000;10000;0;0;0;0;0;1;0;0;0
58003;12;1;0;1;0;1;0;100;-6.829345703125;7.017578125;1;1;0;0;1;0;20;1;1;-6.829345703125;-7.982421875;1;1;0;0;0;0;7.6871743202209473;1;0;0;0;0;5000;10000;0;0;0;0;0;1;0;0;0
58102;12;1;0;1;0;1;0;100;-6.7392578125;7.107666015625;1;1;0;0;1;0;20;1;1;-6.7392578125;-7.892333984375;1;1;0;0;0;0;7.6871743202209473;1;0;0;0;0;5000;10000;0;0;0;0;0;1;0;0;0
58204;12;1;0;1;0;1;0;100;-6.63916015625;7.207763671875;1;1;0;0;1;0;20;1;1;-6.63916015625;-7.792236328125;1;1;0;0;0;0;7.6871743202209473;1;0;0;0;0;5000;10000;0;0;0;0;0;1;0;0;0
58305;12;1;0;1;0;1;0;100;-6.549072265625;7.2978515625;1;1;0;0;1;0;20;1;1;-6.549072265625;-7.7021484375;1;1;0;0;0;0;7.6871743202209473;1;0;0;0;0;5000;10000;0;0;0;0;0;1;0;0;0
58406;12;1;0;1;0;1;0;100;-6.448974609375;7.39794921875;1;1;0;0;1;0;20;1;1;-6.448974609375;-7.60205078125;1;1;0;0;0;0;7.6871743202209473;1;0;0;0;0;5000;10000;0;0;0;0;0;1;0;0;0
58508;12;1;0;1;0;1;0;100;-6.348876953125;7.498046875;1;1;0;0;1;0;20;1;1;-6.348876953125;-7.501953125;1;1;0;0;0;0;7.6871743202209473;1;0;0;0;0;5000;10000;0;0;0;0;0;1;0;0;0
58607;12;1;0;1;0;1;0;100;-6.2587890625;7.588134765625;1;1;0;0;1;0;20;1;1;-6.2587890625;-7.411865234375;1;1;0;0;0;0;7.6871743202209473;1;0;0;0;0;5000;10000;0;0;0;0;0;1;0;0;0
58708;12;1;0;1;0;1;0;100;-6.15869140625;7.688232421875;1;1;0;0;1;0;20;1;1;-6.15869140625;-7.311767578125;1;1;0;0;0;0;7.6871743202209473;1;0;0;0;0;5000;10000;0;0;0;0;0;1;0;0;0
58807;12;1;0;1;0;1;0;100;-6.068603515625;7.7783203125;1;1;0;0;1;0;20;1;1;-6.068603515625;-7.2216796875;1;1;0;0;0;0;7.6871743202209473;1;0;0;0;0;5000;10000;0;0;0;0;0;1;0;0;0
58908;12;1;0;1;0;1;0;100;-5.968505859375;7.87841796875;1;1;0;0;1;0;20;1;1;-5.968505859375;-7.12158203125;1;1;0;0;0;0;7.6871743202209473;1;0;0;0;0;5000;10000;0;0;0;0;0;1;0;0;0
59008;12;1;0;1;0;1;0;100;-5.87841796875;7.968505859375;1;1;0;0;1;0;20;1;1;-5.87841796875;-7.031494140625;1;1;0;0;0;0;7.6871743202209473;1;0;0;0;0;5000;10000;0;0;0;0;0;1;0;0;0
59108;12;1;0;1;0;1;0;100;-5.7783203125;8.068603515625;1;1;0;0;1;0;20;1;1;-5.7783203125;-6.931396484375;1;1;0;0;0;0;7.6871743202209473;1;0;0;0;0;5000;10000;0;0;0;0;0;1;0;0;0
59208;12;1;0;1;0;1;0;100;-5.688232421875;8.15869140625;1;1;0;0;1;0;20;1;1;-5.688232421875;-6.84130859375;1;1;0;0;0;0;7.6871743202209473;1;0;0;0;0;5000;10000;0;0;0;0;0;1;0;0;0
59310;12;1;0;1;0;1;0;100;-5.588134765625;8.2587890625;1;1;0;0;1;0;20;1;1;-5.588134765625;-6.7412109375;1;1;0;0;0;0;7.6871743202209473;1;0;0;0;0;5000;10000;0;0;0;0;0;1;0;0;0
59411;12;1;0;1;0;1;0;100;-5.488037109375;8.35888671875;1;1;0;0;1;0;20;1;1;-5.488037109375;-6.64111328125;1;1;0;0;0;0;7.6871743202209473;1;0;0;0;0;5000;10000;0;0;0;0;0;1;0;0;0
59510;12;1;0;1;0;1;0;100;-5.39794921875;8.448974609375;1;1;0;0;1;0;20;1;1;-5.39794921875;-6.551025390625;1;1;0;0;0;0;7.6871743202209473;1;0;0;0;0;5000;10000;0;0;0;0;0;1;0;0;0
59611;12;1;0;1;0;1;0;100;-5.2978515625;8.549072265625;1;1;0;0;1;0;20;1;1;-5.2978515625;-6.450927734375;1;1;0;0;0;0;7.6871743202209473;1;0;0;0;0;5000;10000;0;0;0;0;0;1;0;0;0
59711;12;1;0;1;0;1;0;100;-5.207763671875;8.63916015625;1;1;0;0;1;0;20;1;1;-5.207763671875;-6.36083984375;1;1;0;0;0;0;7.6871743202209473;1;0;0;0;0;5000;10000;0;0;0;0;0;1;0;0;0
59813;12;1;0;1;0;1;0;100;-5.107666015625;8.7392578125;1;1;0;0;1;0;20;1;1;-5.107666015625;-6.2607421875;1;1;0;0;0;0;7.6871743202209473;1;0;0;0;0;5000;10000;0;0;0;0;0;1;0;0;0
59913;12;1;0;1;0;1;0;100;-5.017578125;8.829345703125;1;1;0;0;1;0;20;1;1;-5.017578125;-6.170654296875;1;1;0;0;0;0;7.6871743202209473;1;0;0;0;0;5000;10000;0;0;0;0;0;1;0;0;0
60014;12;1;0;1;0;1;0;100;-4.91748046875;8.929443359375;1;1;0;0;1;0;20;1;1;-4.91748046875;-6.070556640625;1;1;0;0;0;0;7.6871743202209473;1;0;0;0;0;5000;10000;0;0;0;0;0;1;0;0;0
60114;12;1;0;1;0;1;0;100;-4.827392578125;9.01953125;1;1;0;0;1;0;20;1;1;-4.827392578125;-5.98046875;1;1;0;0;0;0;7.6871743202209473;1;0;0;0;0;5000;10000;0;0;0;0;0;1;0;0;0
60216;12;1;0;1;0;1;0;100;-4.727294921875;9.11962890625;1;1;0;0;1;0;20;1;1;-4.727294921875;-5.88037109375;1;1;0;0;0;0;7.6871743202209473;1;0;0;0;0;5000;10000;0;0;0;0;0;1;0;0;0
60316;12;1;0;1;0;1;0;100;-4.63720703125;9.209716796875;1;1;0;0;1;0;20;1;1;-4.63720703125;-5.790283203125;1;1;0;0;0;0;7.6871743202209473;1;0;0;0;0;5000;10000;0;0;0;0;0;1;0;0;0
60417;12;1;0;1;0;1;0;100;-4.547119140625;9.2998046875;1;1;0;0;1;0;20;1;1;-4.547119140625;-5.7001953125;1;1;0;0;0;0;7.6871743202209473;1;0;0;0;0;5000;10000;0;0;0;0;0;1;0;0;0
60516;12;1;0;1;0;1;0;100;-4.447021484375;9.39990234375;1;1;0;0;1;0;20;1;1;-4.447021484375;-5.60009765625;1;1;0;0;0;0;7.6871743202209473;1;0;0;0;0;5000;10000;0;0;0;0;0;1;0;0;0
60617;12;1;0;1;0;1;0;100;-4.35693359375;9.489990234375;1;1;0;0;1;0;20;1;1;-4.35693359375;-5.510009765625;1;1;0;0;0;0;7.6871743202209473;1;0;0;0;0;5000;10000;0;0;0;0;0;1;0;0;0
60716;12;1;0;1;0;1;0;100;-4.2568359375;9.590087890625;1;1;0;0;1;0;20;1;1;-4.2568359375;-5.409912109375;1;1;0;0;0;0;7.6871743202209473;1;0;0;0;0;5000;10000;0;0;0;0;0;1;0;0;0
60818;12;1;0;1;0;1;0;100;-4.15673828125;9.690185546875;1;1;0;0;1;0;20;1;1;-4.15673828125;-5.309814453125;1;1;0;0;0;0;7.6871743202209473;1;0;0;0;0;5000;10000;0;0;0;0;0;1;0;0;0
60917;12;1;0;1;0;1;0;100;-4.066650390625;9.7802734375;1;1;0;0;1;0;20;1;1;-4.066650390625;-5.2197265625;1;1;0;0;0;0;7.6871743202209473;1;0;0;0;0;5000;10000;0;0;0;0;0;1;0;0;0
61018;12;1;0;1;0;1;0;100;-3.966552734375;9.88037109375;1;1;0;0;1;0;20;1;1;-3.966552734375;-5.11962890625;1;1;0;0;0;0;7.6871743202209473;1;0;0;0;0;5000;10000;0;0;0;0;0;1;0;0;0
61118;12;1;0;1;0;1;0;100;-3.87646484375;9.970458984375;1;1;0;0;1;0;20;1;1;-3.87646484375;-5.029541015625;1;1;0;0;0;0;7.6871743202209473;1;0;0;0;0;5000;10000;0;0;0;0;0;1;0;0;0
61218;12;1;0;1;0;1;0;100;-3.7763671875;10.070556640625;1;1;0;0;1;0;20;1;1;-3.7763671875;-4.929443359375;1;1;0;0;0;0;7.6871743202209473;1;0;0;0;0;5000;10000;0;0;0;0;0;1;0;0;0
61318;12;1;0;1;0;1;0;100;-3.686279296875;10.16064453125;1;1;0;0;1;0;20;1;1;-3.686279296875;-4.83935546875;1;1;0;0;0;0;7.6871743202209473;1;0;0;0;0;5000;10000;0;0;0;0;0;1;0;0;0
61419;12;1;0;1;0;1;0;100;-3.586181640625;10.2607421875;1;1;0;0;1;0;20;1;1;-3.586181640625;-4.7392578125;1;1;0;0;0;0;7.6871743202209473;1;0;0;0;0;5000;10000;0;0;0;0;0;1;0;0;0
61518;12;1;0;1;0;1;0;100;-3.49609375;10.350830078125;1;1;0;0;1;0;20;1;1;-3.49609375;-4.649169921875;1;1;0;0;0;0;7.6871743202209473;1;0;0;0;0;5000;10000;0;0;0;0;0;1;0;0;0
61620;12;1;0;1;0;1;0;100;-3.39599609375;10.450927734375;1;1;0;0;1;0;20;1;1;-3.39599609375;-4.549072265625;1;1;0;0;0;0;7.6871743202209473;1;0;0;0;0;5000;10000;0;0;0;0;0;1;0;0;0
61720;12;1;0;1;0;1;0;100;-3.305908203125;10.541015625;1;1;0;0;1;0;20;1;1;-3.305908203125;-4.458984375;1;1;0;0;0;0;7.6871743202209473;1;0;0;0;0;5000;10000;0;0;0;0;0;1;0;0;0
61820;12;1;0;1;0;1;0;100;-3.205810546875;10.64111328125;1;1;0;0;1;0;20;1;1;-3.205810546875;-4.35888671875;1;1;0;0;0;0;7.6871743202209473;1;0;0;0;0;5000;10000;0;0;0;0;0;1;0;0;0
61920;12;1;0;1;0;1;0;100;-3.105712890625;10.7412109375;1;1;0;0;1;0;20;1;1;-3.105712890625;-4.2587890625;1;1;0;0;0;0;7.6871743202209473;1;0;0;0;0;5000;10000;0;0;0;0;0;1;0;0;0
62021;12;1;0;1;0;1;0;100;-3.015625;10.831298828125;1;1;0;0;1;0;20;1;1;-3.015625;-4.168701171875;1;1;0;0;0;0;7.6871743202209473;1;0;0;0;0;5000;10000;0;0;0;0;0;1;0;0;0
62122;12;1;0;1;0;1;0;100;-2.91552734375;10.931396484375;1;1;0;0;1;0;20;1;1;-2.91552734375;-4.068603515625;1;1;0;0;0;0;7.6871743202209473;1;0;0;0;0;5000;10000;0;0;0;0;0;1;0;0;0
62224;12;1;0;1;0;1;0;100;-2.825439453125;11.021484375;1;1;0;0;1;0;20;1;1;-2.825439453125;-3.978515625;1;1;0;0;0;0;7.6871743202209473;1;0;0;0;0;5000;10000;0;0;0;0;0;1;0;0;0
62323;12;1;0;1;0;1;0;100;-2.725341796875;11.12158203125;1;1;0;0;1;0;20;1;1;-2.725341796875;-3.87841796875;1;1;0;0;0;0;7.6871743202209473;1;0;0;0;0;5000;10000;0;0;0;0;0;1;0;0;0
62426;12;1;0;1;0;1;0;100;-2.63525390625;11.211669921875;1;1;0;0;1;0;20;1;1;-2.63525390625;-3.788330078125;1;1;0;0;0;0;7.6871743202209473;1;0;0;0;0;5000;10000;0;0;0;0;0;1;0;0;0
62525;12;1;0;1;0;1;0;100;-2.53515625;11.311767578125;1;1;0;0;1;0;20;1;1;-2.53515625;-3.688232421875;1;1;0;0;0;0;7.6871743202209473;1;0;0;0;0;5000;10000;0;0;0;0;0;1;0;0;0
62629;12;1;0;1;0;1;0;100;-2.445068359375;11.40185546875;1;1;0;0;1;0;20;1;1;-2.445068359375;-3.59814453125;1;1;0;0;0;0;7.6871743202209473;1;0;0;0;0;5000;10000;0;0;0;0;0;1;0;0;0
62728;12;1;0;1;0;1;0;100;-2.344970703125;11.501953125;1;1;0;0;1;0;20;1;1;-2.344970703125;-3.498046875;1;1;0;0;0;0;7.6871743202209473;1;0;0;0;0;5000;10000;0;0;0;0;0;1;0;0;0
62829;12;1;0;1;0;1;0;100;-2.244873046875;11.60205078125;1;1;0;0;1;0;20;1;1;-2.244873046875;-3.39794921875;1;1;0;0;0;0;7.6871743202209473;1;0;0;0;0;5000;10000;0;0;0;0;0;1;0;0;0
62928;12;1;0;1;0;1;0;100;-2.15478515625;11.692138671875;1;1;0;0;1;0;20;1;1;-2.15478515625;-3.307861328125;1;1;0;0;0;0;7.6871743202209473;1;0;0;0;0;5000;10000;0;0;0;0;0;1;0;0;0
63028;12;1;0;1;0;1;0;100;-2.0546875;11.792236328125;1;1;0;0;1;0;20;1;1;-2.0546875;-3.207763671875;1;1;0;0;0;0;7.6871743202209473;1;0;0;0;0;5000;10000;0;0;0;0;0;1;0;0;0
63129;12;1;0;1;0;1;0;100;-1.964599609375;11.88232421875;1;1;0;0;1;0;20;1;1;-1.964599609375;-3.11767578125;1;1;0;0;0;0;7.6871743202209473;1;0;0;0;0;5000;10000;0;0;0;0;0;1;0;0;0
63230;12;1;0;1;0;1;0;100;-1.864501953125;11.982421875;1;1;0;0;1;0;20;1;1;-1.864501953125;-3.017578125;1;1;0;0;0;0;7.6871743202209473;1;0;0;0;0;5000;10000;0;0;0;0;0;1;0;0;0
63330;12;1;0;1;0;1;0;100;-1.764404296875;12.08251953125;1;1;0;0;1;0;20;1;1;-1.764404296875;-2.91748046875;1;1;0;0;0;0;7.6871743202209473;1;0;0;0;0;5000;10000;0;0;0;0;0;1;0;0;0
63432;12;1;0;1;0;1;0;100;-1.67431640625;12.172607421875;1;1;0;0;1;0;20;1;1;-1.67431640625;-2.827392578125;1;1;0;0;0;0;7.6871743202209473;1;0;0;0;0;5000;10000;0;0;0;0;0;1;0;0;0
63530;12;1;0;1;0;1;0;100;-1.57421875;12.272705078125;1;1;0;0;1;0;20;1;1;-1.57421875;-2.727294921875;1;1;0;0;0;0;7.6871743202209473;1;0;0;0;0;5000;10000;0;0;0;0;0;1;0;0;0
63632;12;1;0;1;0;1;0;100;-1.484130859375;12.36279296875;1;1;0;0;1;0;20;1;1;-1.484130859375;-2.63720703125;1;1;0;0;0;0;7.6871743202209473;1;0;0;0;0;5000;10000;0;0;0;0;0;1;0;0;0
63731;12;1;0;1;0;1;0;100;-1.39404296875;12.452880859375;1;1;0;0;1;0;20;1;1;-1.39404296875;-2.547119140625;1;1;0;0;0;0;7.6871743202209473;1;0;0;0;0;5000;10000;0;0;0;0;0;1;0;0;0
63831;12;1;0;1;0;1;0;100;-1.2939453125;12.552978515625;1;1;0;0;1;0;20;1;1;-1.2939453125;-2.447021484375;1;1;0;0;0;0;7.6871743202209473;1;0;0;0;0;5000;10000;0;0;0;0;0;1;0;0;0
63931;12;1;0;1;0;1;0;100;-1.203857421875;12.64306640625;1;1;0;0;1;0;20;1;1;-1.203857421875;-2.35693359375;1;1;0;0;0;0;7.6871743202209473;1;0;0;0;0;5000;10000;0;0;0;0;0;1;0;0;0
64032;12;1;0;1;0;1;0;100;-1.103759765625;12.7431640625;1;1;0;0;1;0;20;1;1;-1.103759765625;-2.2568359375;1;1;0;0;0;0;7.6871743202209473;1;0;0;0;0;5000;10000;0;0;0;0;0;1;0;0;0
64132;12;1;0;1;0;1;0;100;-1.003662109375;12.84326171875;1;1;0;0;1;0;20;1;1;-1.013671875;-2.166748046875;1;1;0;0;0;0;7.6871743202209473;1;0;0;0;0;5000;10000;0;0;0;0;0;1;0;0;0
64233;12;1;0;1;0;1;0;100;-0.91357421875;12.933349609375;1;1;0;0;1;0;20;1;1;-0.91357421875;-2.066650390625;1;1;0;0;0;0;7.6871743202209473;1;0;0;0;0;5000;10000;0;0;0;0;0;1;0;0;0
64336;12;1;0;1;0;1;0;100;-0.8134765625;13.033447265625;1;1;0;0;1;0;20;1;1;-0.8134765625;-1.966552734375;1;1;0;0;0;0;7.6871743202209473;1;0;0;0;0;5000;10000;0;0;0;0;0;1;0;0;0
64437;12;1;0;1;0;1;0;100;-0.723388671875;13.12353515625;1;1;0;0;1;0;20;1;1;-0.723388671875;-1.87646484375;1;1;0;0;0;0;7.6871743202209473;1;0;0;0;0;5000;10000;0;0;0;0;0;1;0;0;0
64537;12;1;0;1;0;1;0;100;-0.623291015625;13.2236328125;1;1;0;0;1;0;20;1;1;-0.623291015625;-1.7763671875;1;1;0;0;0;0;7.6871743202209473;1;0;0;0;0;5000;10000;0;0;0;0;0;1;0;0;0
64638;12;1;0;1;0;1;0;100;-0.533203125;13.313720703125;1;1;0;0;1;0;20;1;1;-0.533203125;-1.686279296875;1;1;0;0;0;0;7.6871743202209473;1;0;0;0;0;5000;10000;0;0;0;0;0;1;0;0;0
64738;12;1;0;1;0;1;0;100;-0.43310546875;13.413818359375;1;1;0;0;1;0;20;1;1;-0.43310546875;-1.586181640625;1;1;0;0;0;0;7.6871743202209473;1;0;0;0;0;5000;10000;0;0;0;0;0;1;0;0;0
64839;12;1;0;1;0;1;0;100;-0.343017578125;13.50390625;1;1;0;0;1;0;20;1;1;-0.343017578125;-1.49609375;1;1;0;0;0;0;7.6871743202209473;1;0;0;0;0;5000;10000;0;0;0;0;0;1;0;0;0
64942;12;1;0;1;0;1;0;100;-0.242919921875;13.60400390625;1;1;0;0;1;0;20;1;1;-0.242919921875;-1.39599609375;1;1;0;0;0;0;7.6871743202209473;1;0;0;0;0;5000;10000;0;0;0;0;0;1;0;0;0
65042;12;1;0;1;0;1;0;100;-0.15283203125;13.694091796875;1;1;0;0;1;0;20;1;1;-0.15283203125;-1.305908203125;1;1;0;0;0;0;7.6871743202209473;1;0;0;0;0;5000;10000;0;0;0;0;0;1;0;0;0
65143;12;1;0;1;0;1;0;100;-0.052734375;13.794189453125;1;1;0;0;1;0;20;1;1;-0.052734375;-1.205810546875;1;1;0;0;0;0;7.6871743202209473;1;0;0;0;0;5000;10000;0;0;0;0;0;1;0;0;0
65242;12;1;0;1;0;1;0;100;0.037353515625;13.88427734375;1;1;0;0;1;0;20;1;1;0.037353515625;-1.11572265625;1;1;0;0;0;0;7.6871743202209473;1;0;0;0;0;5000;10000;0;0;0;0;0;1;0;0;0
65343;12;1;0;1;0;1;0;100;0.12744140625;13.974365234375;1;1;0;0;1;0;20;1;1;0.12744140625;-1.025634765625;1;1;0;0;0;0;7.6871743202209473;1;0;0;0;0;5000;10000;0;0;0;0;0;1;0;0;0
65445;12;1;0;1;0;1;0;100;0.2275390625;14.074462890625;1;1;0;0;1;0;20;1;1;0.217529296875;-0.935546875;1;1;0;0;0;0;7.6871743202209473;1;0;0;0;0;5000;10000;0;0;0;0;0;1;0;0;0
65546;12;1;0;1;0;1;0;100;0.317626953125;14.16455078125;1;1;0;0;1;0;20;1;1;0.317626953125;-0.83544921875;1;1;0;0;0;0;7.6871743202209473;1;0;0;0;0;5000;10000;0;0;0;0;0;1;0;0;0
65646;12;1;0;1;0;1;0;100;0.417724609375;14.2646484375;1;1;0;0;1;0;20;1;1;0.40771484375;-0.745361328125;1;1;0;0;0;0;7.6871743202209473;1;0;0;0;0;5000;10000;0;0;0;0;0;1;0;0;0
65746;12;1;0;1;0;1;0;100;0.5078125;14.354736328125;1;1;0;0;1;0;20;1;1;0.5078125;-0.645263671875;1;1;0;0;0;0;7.6871743202209473;1;0;0;0;0;5000;10000;0;0;0;0;0;1;0;0;0
65847;12;1;0;1;0;1;0;100;0.60791015625;14.454833984375;1;1;0;0;1;0;20;1;1;0.597900390625;-0.55517578125;1;1;0;0;0;0;7.6871743202209473;1;0;0;0;0;5000;10000;0;0;0;0;0;1;0;0;0
65949;12;1;0;1;0;1;0;100;0.697998046875;14.544921875;1;1;0;0;1;0;20;1;1;0.697998046875;-0.455078125;1;1;0;0;0;0;7.6871743202209473;1;0;0;0;0;5000;10000;0;0;0;0;0;1;0;0;0
66050;12;1;0;1;0;1;0;100;0.798095703125;14.64501953125;1;1;0;0;1;0;20;1;1;0.798095703125;-0.35498046875;1;1;0;0;0;0;7.6871743202209473;1;0;0;0;0;5000;10000;0;0;0;0;0;1;0;0;0
66151;12;1;0;1;0;1;0;100;0.88818359375;14.735107421875;1;1;0;0;1;0;20;1;1;0.88818359375;-0.264892578125;1;1;0;0;0;0;7.6871743202209473;1;0;0;0;0;5000;10000;0;0;0;0;0;1;0;0;0
66251;12;1;0;1;0;1;0;100;0.98828125;14.835205078125;1;1;0;0;1;0;20;1;1;0.98828125;-0.164794921875;1;1;0;0;0;0;7.6871743202209473;1;0;0;0;0;5000;10000;0;0;0;0;0;1;0;0;0
66351;12;1;0;1;0;1;0;100;1.078369140625;14.92529296875;1;1;0;0;1;0;20;1;1;1.078369140625;-0.07470703125;1;1;0;0;0;0;7.6871743202209473;1;0;0;0;0;5000;10000;0;0;0;0;0;1;0;0;0
66451;12;1;0;1;0;1;0;100;1.178466796875;15.025390625;1;1;0;0;1;0;20;1;1;1.178466796875;0.025390625;1;1;0;0;0;0;7.6871743202209473;1;0;0;0;0;5000;10000;0;0;0;0;0;1;0;0;0
66554;12;1;0;1;0;1;0;100;1.2685546875;15.115478515625;1;1;0;0;1;0;20;1;1;1.2685546875;0.115478515625;1;1;0;0;0;0;7.6871743202209473;1;0;0;0;0;5000;10000;0;0;0;0;0;1;0;0;0
66652;12;1;0;1;0;1;0;100;1.36865234375;15.215576171875;1;1;0;0;1;0;20;1;1;1.36865234375;0.215576171875;1;1;0;0;0;0;7.6871743202209473;1;0;0;0;0;5000;10000;0;0;0;0;0;1;0;0;0
66755;12;1;0;1;0;1;0;100;1.458740234375;15.3056640625;1;1;0;0;1;0;20;1;1;1.458740234375;0.3056640625;1;1;0;0;0;0;7.6871743202209473;1;0;0;0;0;5000;10000;0;0;0;0;0;1;0;0;0
66854;12;1;0;1;0;1;0;100;1.558837890625;15.40576171875;1;1;0;0;1;0;20;1;1;1.558837890625;0.40576171875;1;1;0;0;0;0;7.6871743202209473;1;0;0;0;0;5000;10000;0;0;0;0;0;1;0;0;0
66956;12;1;0;1;0;1;0;100;1.64892578125;15.495849609375;1;1;0;0;1;0;20;1;1;1.64892578125;0.495849609375;1;1;0;0;0;0;7.6871743202209473;1;0;0;0;0;5000;10000;0;0;0;0;0;1;0;0;0
67055;12;1;0;1;0;1;0;100;1.7490234375;15.595947265625;1;1;0;0;1;0;20;1;1;1.7490234375;0.595947265625;1;1;0;0;0;0;7.6871743202209473;1;0;0;0;0;5000;10000;0;0;0;0;0;1;0;0;0
67159;12;1;0;1;0;1;0;100;1.84912109375;15.696044921875;1;1;0;0;1;0;20;1;1;1.84912109375;0.696044921875;1;1;0;0;0;0;7.6871743202209473;1;0;0;0;0;5000;10000;0;0;0;0;0;1;0;0;0
67257;12;1;0;1;0;1;0;100;1.939208984375;15.7861328125;1;1;0;0;1;0;20;1;1;1.939208984375;0.7861328125;1;1;0;0;0;0;7.6871743202209473;1;0;0;0;0;5000;10000;0;0;0;0;0;1;0;0;0
67358;12;1;0;1;0;1;0;100;2.029296875;15.876220703125;1;1;0;0;1;0;20;1;1;2.029296875;0.876220703125;1;1;0;0;0;0;7.6871743202209473;1;0;0;0;0;5000;10000;0;0;0;0;0;1;0;0;0
67458;12;1;0;1;0;1;0;100;2.12939453125;15.976318359375;1;1;0;0;1;0;20;1;1;2.12939453125;0.976318359375;1;1;0;0;0;0;7.6871743202209473;1;0;0;0;0;5000;10000;0;0;0;0;0;1;0;0;0
67560;12;1;0;1;0;1;0;100;2.219482421875;16.06640625;1;1;0;0;1;0;20;1;1;2.219482421875;1.06640625;1;1;0;0;0;0;7.6871743202209473;1;0;0;0;0;5000;10000;0;0;0;0;0;1;0;0;0
67659;12;1;0;1;0;1;0;100;2.319580078125;16.16650390625;1;1;0;0;1;0;20;1;1;2.319580078125;1.16650390625;1;1;0;0;0;0;7.6871743202209473;1;0;0;0;0;5000;10000;0;0;0;0;0;1;0;0;0
67760;12;1;0;1;0;1;0;100;2.40966796875;16.256591796875;1;1;0;0;1;0;20;1;1;2.40966796875;1.256591796875;1;1;0;0;0;0;7.6871743202209473;1;0;0;0;0;5000;10000;0;0;0;0;0;1;0;0;0
67860;12;1;0;1;0;1;0;100;2.509765625;16.356689453125;1;1;0;0;1;0;20;1;1;2.509765625;1.356689453125;1;1;0;0;0;0;7.6871743202209473;1;0;0;0;0;5000;10000;0;0;0;0;0;1;0;0;0
67961;12;1;0;1;0;1;0;100;2.599853515625;16.44677734375;1;1;0;0;1;0;20;1;1;2.599853515625;1.44677734375;1;1;0;0;0;0;7.6871743202209473;1;0;0;0;0;5000;10000;0;0;0;0;0;1;0;0;0
68060;12;1;0;1;0;1;0;100;2.699951171875;16.546875;1;1;0;0;1;0;20;1;1;2.699951171875;1.546875;1;1;0;0;0;0;7.6871743202209473;1;0;0;0;0;5000;10000;0;0;0;0;0;1;0;0;0
68161;12;1;0;1;0;1;0;100;2.7900390625;16.636962890625;1;1;0;0;1;0;20;1;1;2.7900390625;1.636962890625;1;1;0;0;0;0;7.6871743202209473;1;0;0;0;0;5000;10000;0;0;0;0;0;1;0;0;0
68260;12;1;0;1;0;1;0;100;2.89013671875;16.737060546875;1;1;0;0;1;0;20;1;1;2.880126953125;1.72705078125;1;1;0;0;0;0;7.6871743202209473;1;0;0;0;0;5000;10000;0;0;0;0;0;1;0;0;0
68360;12;1;0;1;0;1;0;100;2.980224609375;16.8271484375;1;1;0;0;1;0;20;1;1;2.980224609375;1.8271484375;1;1;0;0;0;0;7.6871743202209473;1;0;0;0;0;5000;10000;0;0;0;0;0;1;0;0;0
68460;12;1;0;1;0;1;0;100;3.080322265625;16.92724609375;1;1;0;0;1;0;20;1;1;3.080322265625;1.92724609375;1;1;0;0;0;0;7.6871743202209473;1;0;0;0;0;5000;10000;0;0;0;0;0;1;0;0;0
68561;12;1;0;1;0;1;0;100;3.17041015625;17.017333984375;1;1;0;0;1;0;20;1;1;3.17041015625;2.017333984375;1;1;0;0;0;0;7.6871743202209473;1;0;0;0;0;5000;10000;0;0;0;0;0;1;0;0;0
68660;12;1;0;1;0;1;0;100;3.2705078125;17.117431640625;1;1;0;0;1;0;20;1;1;3.2705078125;2.117431640625;1;1;0;0;0;0;7.6871743202209473;1;0;0;0;0;5000;10000;0;0;0;0;0;1;0;0;0
68761;12;1;0;1;0;1;0;100;3.360595703125;17.20751953125;1;1;0;0;1;0;20;1;1;3.360595703125;2.20751953125;1;1;0;0;0;0;7.6871743202209473;1;0;0;0;0;5000;10000;0;0;0;0;0;1;0;0;0
68860;12;1;0;1;0;1;0;100;3.45068359375;17.297607421875;1;1;0;0;1;0;20;1;1;3.45068359375;2.297607421875;1;1;0;0;0;0;7.6871743202209473;1;0;0;0;0;5000;10000;0;0;0;0;0;1;0;0;0
68962;12;1;0;1;0;1;0;100;3.55078125;17.397705078125;1;1;0;0;1;0;20;1;1;3.55078125;2.397705078125;1;1;0;0;0;0;7.6871743202209473;1;0;0;0;0;5000;10000;0;0;0;0;0;1;0;0;0
69060;12;1;0;1;0;1;0;100;3.65087890625;17.497802734375;1;1;0;0;1;0;20;1;1;3.65087890625;2.497802734375;1;1;0;0;0;0;7.6871743202209473;1;0;0;0;0;5000;10000;0;0;0;0;0;1;0;0;0
69162;12;1;0;1;0;1;0;100;3.740966796875;17.587890625;1;1;0;0;1;0;20;1;1;3.740966796875;2.587890625;1;1;0;0;0;0;7.6871743202209473;1;0;0;0;0;5000;10000;0;0;0;0;0;1;0;0;0
69261;12;1;0;1;0;1;0;100;3.841064453125;17.68798828125;1;1;0;0;1;0;20;1;1;3.8310546875;2.677978515625;1;1;0;0;0;0;7.6871743202209473;1;0;0;0;0;5000;10000;0;0;0;0;0;1;0;0;0
69362;12;1;0;1;0;1;0;100;3.93115234375;17.778076171875;1;1;0;0;1;0;20;1;1;3.93115234375;2.778076171875;1;1;0;0;0;0;7.6871743202209473;1;0;0;0;0;5000;10000;0;0;0;0;0;1;0;0;0
69461;12;1;0;1;0;1;0;100;4.03125;17.878173828125;1;1;0;0;1;0;20;1;1;4.03125;2.878173828125;1;1;0;0;0;0;7.6871743202209473;1;0;0;0;0;5000;10000;0;0;0;0;0;1;0;0;0
69563;12;1;0;1;0;1;0;100;4.121337890625;17.96826171875;1;1;0;0;1;0;20;1;1;4.121337890625;2.96826171875;1;1;0;0;0;0;7.6871743202209473;1;0;0;0;0;5000;10000;0;0;0;0;0;1;0;0;0
69662;12;1;0;1;0;1;0;100;4.221435546875;18.068359375;1;1;0;0;1;0;20;1;1;4.221435546875;3.068359375;1;1;0;0;0;0;7.6871743202209473;1;0;0;0;0;5000;10000;0;0;0;0;0;1;0;0;0
69763;12;1;0;1;0;1;0;100;4.3115234375;18.158447265625;1;1;0;0;1;0;20;1;1;4.3115234375;3.158447265625;1;1;0;0;0;0;7.6871743202209473;1;0;0;0;0;5000;10000;0;0;0;0;0;1;0;0;0
69864;12;1;0;1;0;1;0;100;4.401611328125;18.24853515625;1;1;0;0;1;0;20;1;1;4.401611328125;3.24853515625;1;1;0;0;0;0;7.6871743202209473;1;0;0;0;0;5000;10000;0;0;0;0;0;1;0;0;0
69965;12;1;0;1;0;1;0;100;4.501708984375;18.3486328125;1;1;0;0;1;0;20;1;1;4.501708984375;3.3486328125;1;1;0;0;0;0;7.6871743202209473;1;0;0;0;0;5000;10000;0;0;0;0;0;1;0;0;0
70064;12;1;0;1;0;1;0;100;4.591796875;18.438720703125;1;1;0;0;1;0;20;1;1;4.591796875;3.438720703125;1;1;0;0;0;0;7.6871743202209473;1;0;0;0;0;5000;10000;0;0;0;0;0;1;0;0;0
70165;12;1;0;1;0;1;0;100;4.681884765625;18.52880859375;1;1;0;0;1;0;20;1;1;4.681884765625;3.52880859375;1;1;0;0;0;0;7.6871743202209473;1;0;0;0;0;5000;10000;0;0;0;0;0;1;0;0;0
70266;12;1;0;1;0;1;0;100;4.781982421875;18.62890625;1;1;0;0;1;0;20;1;1;4.781982421875;3.62890625;1;1;0;0;0;0;7.6871743202209473;1;0;0;0;0;5000;10000;0;0;0;0;0;1;0;0;0
70366;12;1;0;1;0;1;0;100;4.8720703125;18.718994140625;1;1;0;0;1;0;20;1;1;4.8720703125;3.718994140625;1;1;0;0;0;0;7.6871743202209473;1;0;0;0;0;5000;10000;0;0;0;0;0;1;0;0;0
70465;12;1;0;1;0;1;0;100;4.97216796875;18.819091796875;1;1;0;0;1;0;20;1;1;4.97216796875;3.819091796875;1;1;0;0;0;0;7.6871743202209473;1;0;0;0;0;5000;10000;0;0;0;0;0;1;0;0;0
70567;12;1;0;1;0;1;0;100;5.062255859375;18.9091796875;1;1;0;0;1;0;20;1;1;5.062255859375;3.9091796875;1;1;0;0;0;0;7.6871743202209473;1;0;0;0;0;5000;10000;0;0;0;0;0;1;0;0;0
70668;12;1;0;1;0;1;0;100;5.162353515625;19.00927734375;1;1;0;0;1;0;20;1;1;5.162353515625;4.00927734375;1;1;0;0;0;0;7.6871743202209473;1;0;0;0;0;5000;10000;0;0;0;0;0;1;0;0;0
70767;12;1;0;1;0;1;0;100;5.262451171875;19.109375;1;1;0;0;1;0;20;1;1;5.262451171875;4.109375;1;1;0;0;0;0;7.6871743202209473;1;0;0;0;0;5000;10000;0;0;0;0;0;1;0;0;0
70869;12;1;0;1;0;1;0;100;5.3525390625;19.199462890625;1;1;0;0;1;0;20;1;1;5.3525390625;4.199462890625;1;1;0;0;0;0;7.6871743202209473;1;0;0;0;0;5000;10000;0;0;0;0;0;1;0;0;0
70968;12;1;0;1;0;1;0;100;5.442626953125;19.28955078125;1;1;0;0;1;0;20;1;1;5.442626953125;4.28955078125;1;1;0;0;0;0;7.6871743202209473;1;0;0;0;0;5000;10000;0;0;0;0;0;1;0;0;0
71068;12;1;0;1;0;1;0;100;5.542724609375;19.3896484375;1;1;0;0;1;0;20;1;1;5.542724609375;4.3896484375;1;1;0;0;0;0;7.6871743202209473;1;0;0;0;0;5000;10000;0;0;0;0;0;1;0;0;0
71170;12;1;0;1;0;1;0;100;5.642822265625;19.48974609375;1;1;0;0;1;0;20;1;1;5.642822265625;4.48974609375;1;1;0;0;0;0;7.6871743202209473;1;0;0;0;0;5000;10000;0;0;0;0;0;1;0;0;0
71270;12;1;0;1;0;1;0;100;5.73291015625;19.579833984375;1;1;0;0;1;0;20;1;1;5.73291015625;4.579833984375;1;1;0;0;0;0;7.6871743202209473;1;0;0;0;0;5000;10000;0;0;0;0;0;1;0;0;0
71372;12;1;0;1;0;1;0;100;5.8330078125;19.679931640625;1;1;0;0;1;0;20;1;1;5.8330078125;4.679931640625;1;1;0;0;0;0;7.6871743202209473;1;0;0;0;0;5000;10000;0;0;0;0;0;1;0;0;0
71472;12;1;0;1;0;1;0;100;5.923095703125;19.77001953125;1;1;0;0;1;0;20;1;1;5.923095703125;4.77001953125;1;1;0;0;0;0;7.6871743202209473;1;0;0;0;0;5000;10000;0;0;0;0;0;1;0;0;0
71573;12;1;0;1;0;1;0;100;6.01318359375;19.860107421875;1;1;0;0;1;0;20;1;1;6.01318359375;4.860107421875;1;1;0;0;0;0;7.6871743202209473;1;0;0;0;0;5000;10000;0;0;0;0;0;1;0;0;0
71674;12;1;0;1;0;1;0;100;6.11328125;19.960205078125;1;1;0;0;1;0;20;1;1;6.11328125;4.960205078125;1;1;0;0;0;0;7.6871743202209473;1;0;0;0;0;5000;10000;0;0;0;0;0;1;0;0;0
71773;12;1;0;1;0;1;0;100;6.203369140625;20.05029296875;1;1;0;0;1;0;20;1;1;6.203369140625;5.05029296875;1;1;0;0;0;0;7.6871743202209473;1;0;0;0;0;5000;10000;0;0;0;0;0;1;0;0;0
71873;12;1;0;1;0;1;0;100;6.303466796875;20.150390625;1;1;0;0;1;0;20;1;1;6.303466796875;5.150390625;1;1;0;0;0;0;7.6871743202209473;1;0;0;0;0;5000;10000;0;0;0;0;0;1;0;0;0
71973;12;1;0;1;0;1;0;100;6.3935546875;20.240478515625;1;1;0;0;1;0;20;1;1;6.3935546875;5.240478515625;1;1;0;0;0;0;7.6871743202209473;1;0;0;0;0;5000;10000;0;0;0;0;0;1;0;0;0
72074;12;1;0;1;0;1;0;100;6.49365234375;20.340576171875;1;1;0;0;1;0;20;1;1;6.49365234375;5.340576171875;1;1;0;0;0;0;7.6871743202209473;1;0;0;0;0;5000;10000;0;0;0;0;0;1;0;0;0
72174;12;1;0;1;0;1;0;100;6.583740234375;20.4306640625;1;1;0;0;1;0;20;1;1;6.583740234375;5.4306640625;1;1;0;0;0;0;7.6871743202209473;1;0;0;0;0;5000;10000;0;0;0;0;0;1;0;0;0
72274;12;1;0;1;0;1;0;100;6.683837890625;20.53076171875;1;1;0;0;1;0;20;1;1;6.683837890625;5.53076171875;1;1;0;0;0;0;7.6871743202209473;1;0;0;0;0;5000;10000;0;0;0;0;0;1;0;0;0
72374;12;1;0;1;0;1;0;100;6.77392578125;20.620849609375;1;1;0;0;1;0;20;1;1;6.77392578125;5.620849609375;1;1;0;0;0;0;7.6871743202209473;1;0;0;0;0;5000;10000;0;0;0;0;0;1;0;0;0
72477;12;1;0;1;0;1;0;100;6.8740234375;20.720947265625;1;1;0;0;1;0;20;1;1;6.8740234375;5.720947265625;1;1;0;0;0;0;7.6871743202209473;1;0;0;0;0;5000;10000;0;0;0;0;0;1;0;0;0
72579;12;1;0;1;0;1;0;100;6.97412109375;20.821044921875;1;1;0;0;1;0;20;1;1;6.97412109375;5.821044921875;1;1;0;0;0;0;7.6871743202209473;1;0;0;0;0;5000;10000;0;0;0;0;0;1;0;0;0
72677;12;1;0;1;0;1;0;100;7.064208984375;20.9111328125;1;1;0;0;1;0;20;1;1;7.064208984375;5.9111328125;1;1;0;0;0;0;7.6871743202209473;1;0;0;0;0;5000;10000;0;0;0;0;0;1;0;0;0
72778;12;1;0;1;0;1;0;100;7.164306640625;21.01123046875;1;1;0;0;1;0;20;1;1;7.164306640625;6.01123046875;1;1;0;0;0;0;7.6871743202209473;1;0;0;0;0;5000;10000;0;0;0;0;0;1;0;0;0
72878;12;1;0;1;0;1;0;100;7.25439453125;21.101318359375;1;1;0;0;1;0;20;1;1;7.25439453125;6.101318359375;1;1;0;0;0;0;7.6871743202209473;1;0;0;0;0;5000;10000;0;0;0;0;0;1;0;0;0
72980;12;1;0;1;0;1;0;100;7.3544921875;21.201416015625;1;1;0;0;1;0;20;1;1;7.3544921875;6.201416015625;1;1;0;0;0;0;7.6871743202209473;1;0;0;0;0;5000;10000;0;0;0;0;0;1;0;0;0
73083;12;1;0;1;0;1;0;100;7.45458984375;21.301513671875;1;1;0;0;1;0;20;1;1;7.45458984375;6.301513671875;1;1;0;0;0;0;7.6871743202209473;1;0;0;0;0;5000;10000;0;0;0;0;0;1;0;0;0
73183;13;1;0;1;0;1;0;100;7.5546875;21.401611328125;0;0;0;0;1;0;20;0;0;7.5546875;6.401611328125;0;0;0;0;0;0;7.6871743202209473;1;0;0;0;0;5000;10000;0;0;1;1;1;1;0;0;0
73282;13;1;0;1;0;1;0;100;7.644775390625;21.49169921875;0;0;0;0;1;0;20;0;0;7.644775390625;6.49169921875;0;0;0;0;0;0;7.6871743202209473;1;0;0;0;0;5000;10000;0;0;1;1;1;1;0;0;0
73384;13;1;0;1;0;1;0;100;7.744873046875;21.591796875;0;0;0;0;1;0;20;0;0;7.744873046875;6.591796875;0;0;0;0;0;0;7.6871743202209473;1;0;0;0;0;5000;10000;0;0;1;1;1;1;0;0;0
73484;13;1;0;1;0;1;0;100;7.8349609375;21.681884765625;0;0;0;0;1;0;20;0;0;7.8349609375;6.681884765625;0;0;0;0;0;0;7.6871743202209473;1;0;0;0;0;5000;10000;0;0;1;1;1;1;0;0;0
73585;13;1;0;1;0;1;0;100;7.85498046875;21.7119140625;0;0;0;0;1;0;20;0;0;7.85498046875;6.7119140625;0;0;0;0;0;0;7.6204428672790527;1;0;0;0;0;5000;10000;0;0;1;1;1;1;0;0;0
73685;13;1;0;1;0;1;0;100;7.85498046875;21.7119140625;0;0;0;0;1;0;20;0;0;7.85498046875;6.7119140625;0;0;0;0;0;0;7.6204428672790527;1;0;0;0;0;5000;10000;0;0;1;1;1;1;0;0;0
73785;13;1;0;1;0;1;0;100;7.85498046875;21.7119140625;0;0;0;0;1;0;20;0;0;7.85498046875;6.7119140625;0;0;0;0;0;0;7.6204428672790527;1;0;0;0;0;5000;10000;0;0;1;1;1;1;0;0;0
73885;13;1;0;1;0;1;0;100;7.85498046875;21.7119140625;0;0;0;0;1;0;20;0;0;7.85498046875;6.7119140625;0;0;0;0;0;0;7.6204428672790527;1;0;0;0;0;5000;10000;0;0;1;1;1;1;0;0;0
73985;13;1;0;1;0;1;0;100;7.85498046875;21.7119140625;0;0;0;0;1;0;20;0;0;7.85498046875;6.7119140625;0;0;0;0;0;0;7.6204428672790527;1;0;0;0;0;5000;10000;0;0;1;1;1;1;0;0;0
74087;13;1;0;1;0;1;0;100;7.85498046875;21.7119140625;0;0;0;0;1;0;20;0;0;7.85498046875;6.7119140625;0;0;0;0;0;0;7.6204428672790527;1;0;0;0;0;5000;10000;0;0;1;1;1;1;0;0;0
74187;13;1;0;1;0;1;0;100;7.85498046875;21.7119140625;0;0;0;0;1;0;20;0;0;7.85498046875;6.7119140625;0;0;0;0;0;0;7.6204428672790527;1;0;0;0;0;5000;10000;0;0;1;1;1;1;0;0;0
74290;13;1;0;1;0;1;0;100;7.85498046875;21.7119140625;0;0;0;0;1;0;20;0;0;7.85498046875;6.7119140625;0;0;0;0;0;0;7.6204428672790527;1;0;0;0;0;5000;10000;0;0;1;1;1;1;0;0;0
74390;13;1;0;1;0;1;0;100;7.85498046875;21.7119140625;0;0;0;0;1;0;20;0;0;7.85498046875;6.7119140625;0;0;0;0;0;0;7.6204428672790527;1;0;0;0;0;5000;10000;0;0;1;1;1;1;0;0;0
74491;13;1;0;1;0;1;0;100;7.85498046875;21.7119140625;0;0;0;0;1;0;20;0;0;7.85498046875;6.7119140625;0;0;0;0;0;0;7.6204428672790527;1;0;0;0;0;5000;10000;0;0;1;1;1;1;0;0;0
74592;13;1;0;1;0;1;0;100;7.85498046875;21.7119140625;0;0;0;0;1;0;20;0;0;7.85498046875;6.7119140625;0;0;0;0;0;0;7.6204428672790527;1;0;0;0;0;5000;10000;0;0;1;1;1;1;0;0;0
74692;13;1;0;1;0;1;0;100;7.85498046875;21.7119140625;0;0;0;0;1;0;20;0;0;7.85498046875;6.7119140625;0;0;0;0;0;0;7.6204428672790527;1;0;0;0;0;5000;10000;0;0;1;1;1;1;0;0;0
74794;13;1;0;1;0;1;0;100;7.85498046875;21.7119140625;0;0;0;0;1;0;20;0;0;7.85498046875;6.7119140625;0;0;0;0;0;0;7.6204428672790527;1;0;0;0;0;5000;10000;0;0;1;1;1;1;0;0;0
74893;13;1;0;1;0;1;0;100;7.85498046875;21.7119140625;0;0;0;0;1;0;20;0;0;7.85498046875;6.7119140625;0;0;0;0;0;0;7.6204428672790527;1;0;0;0;0;5000;10000;0;0;1;1;1;1;0;0;0
74995;13;1;0;1;0;1;0;100;7.85498046875;21.7119140625;0;0;0;0;1;0;20;0;0;7.85498046875;6.7119140625;0;0;0;0;0;0;7.6204428672790527;1;0;0;0;0;5000;10000;0;0;1;1;1;1;0;0;0
75096;13;1;0;1;0;1;0;100;7.85498046875;21.7119140625;0;0;0;0;1;0;20;0;0;7.85498046875;6.7119140625;0;0;0;0;0;0;7.6204428672790527;1;0;0;0;0;5000;10000;0;0;1;1;1;1;0;0;0
75197;13;1;0;1;0;1;0;100;7.85498046875;21.7119140625;0;0;0;0;1;0;20;0;0;7.85498046875;6.7119140625;0;0;0;0;0;0;7.6204428672790527;1;0;0;0;0;5000;10000;0;0;1;1;1;1;0;0;0
75296;13;1;0;1;0;1;0;100;7.85498046875;21.7119140625;0;0;0;0;1;0;20;0;0;7.85498046875;6.7119140625;0;0;0;0;0;0;7.6204428672790527;1;0;0;0;0;5000;10000;0;0;1;1;1;1;0;0;0
75397;13;1;0;1;0;1;0;100;7.85498046875;21.7119140625;0;0;0;0;1;0;20;0;0;7.85498046875;6.7119140625;0;0;0;0;0;0;7.6204428672790527;1;0;0;0;0;5000;10000;0;0;1;1;1;1;0;0;0
75497;13;1;0;1;0;1;0;100;7.85498046875;21.7119140625;0;0;0;0;1;0;20;0;0;7.85498046875;6.7119140625;0;0;0;0;0;0;7.6204428672790527;1;0;0;0;0;5000;10000;0;0;1;1;1;1;0;0;0
75598;13;1;0;1;0;1;0;100;7.85498046875;21.7119140625;0;0;0;0;1;0;20;0;0;7.85498046875;6.7119140625;0;0;0;0;0;0;7.6204428672790527;1;0;0;0;0;5000;10000;0;0;1;1;1;1;0;0;0
75698;13;1;0;1;0;1;0;100;7.85498046875;21.7119140625;0;0;0;0;1;0;20;0;0;7.85498046875;6.7119140625;0;0;0;0;0;0;7.6204428672790527;1;0;0;0;0;5000;10000;0;0;1;1;1;1;0;0;0
75799;13;1;0;1;0;1;0;100;7.85498046875;21.7119140625;0;0;0;0;1;0;20;0;0;7.85498046875;6.7119140625;0;0;0;0;0;0;7.6204428672790527;1;0;0;0;0;5000;10000;0;0;1;1;1;1;0;0;0
75899;13;1;0;1;0;1;0;100;7.85498046875;21.7119140625;0;0;0;0;1;0;20;0;0;7.85498046875;6.7119140625;0;0;0;0;0;0;7.6204428672790527;1;0;0;0;0;5000;10000;0;0;1;1;1;1;0;0;0
76001;13;1;0;1;0;1;0;100;7.85498046875;21.7119140625;0;0;0;0;1;0;20;0;0;7.85498046875;6.7119140625;0;0;0;0;0;0;7.6204428672790527;1;0;0;0;0;5000;10000;0;0;1;1;1;1;0;0;0
76100;13;1;0;1;0;1;0;100;7.85498046875;21.7119140625;0;0;0;0;1;0;20;0;0;7.85498046875;6.7119140625;0;0;0;0;0;0;7.6204428672790527;1;0;0;0;0;5000;10000;0;0;1;1;1;1;0;0;0
76202;13;1;0;1;0;1;0;100;7.85498046875;21.7119140625;0;0;0;0;1;0;20;0;0;7.85498046875;6.7119140625;0;0;0;0;0;0;7.6204428672790527;1;0;0;0;0;5000;10000;0;0;1;1;1;1;0;0;0
76302;13;1;0;1;0;1;0;100;7.85498046875;21.7119140625;0;0;0;0;1;0;20;0;0;7.85498046875;6.7119140625;0;0;0;0;0;0;7.6204428672790527;1;0;0;0;0;5000;10000;0;0;1;1;1;1;0;0;0
76401;13;1;0;1;0;1;0;100;7.85498046875;21.7119140625;0;0;0;0;1;0;20;0;0;7.85498046875;6.7119140625;0;0;0;0;0;0;7.6204428672790527;1;0;0;0;0;5000;10000;0;0;1;1;1;1;0;0;0
76503;13;1;0;1;0;1;0;100;7.85498046875;21.7119140625;0;0;0;0;1;0;20;0;0;7.85498046875;6.7119140625;0;0;0;0;0;0;7.6204428672790527;1;0;0;0;0;5000;10000;0;0;1;1;1;1;0;0;0
76605;13;1;0;1;0;1;0;100;7.85498046875;21.7119140625;0;0;0;0;1;0;20;0;0;7.85498046875;6.7119140625;0;0;0;0;0;0;7.6204428672790527;1;0;0;0;0;5000;10000;0;0;1;1;1;1;0;0;0
76706;13;1;0;1;0;1;0;100;7.85498046875;21.7119140625;0;0;0;0;1;0;20;0;0;7.85498046875;6.7119140625;0;0;0;0;0;0;7.6204428672790527;1;0;0;0;0;5000;10000;0;0;1;1;1;1;0;0;0
76806;13;1;0;1;0;1;0;100;7.85498046875;21.7119140625;0;0;0;0;1;0;20;0;0;7.85498046875;6.7119140625;0;0;0;0;0;0;7.6204428672790527;1;0;0;0;0;5000;10000;0;0;1;1;1;1;0;0;0
76906;13;1;0;1;0;1;0;100;7.85498046875;21.7119140625;0;0;0;0;1;0;20;0;0;7.85498046875;6.7119140625;0;0;0;0;0;0;7.6204428672790527;1;0;0;0;0;5000;10000;0;0;1;1;1;1;0;0;0
77008;13;1;0;1;0;1;0;100;7.85498046875;21.7119140625;0;0;0;0;1;0;20;0;0;7.85498046875;6.7119140625;0;0;0;0;0;0;7.6204428672790527;1;0;0;0;0;5000;10000;0;0;1;1;1;1;0;0;0
77108;13;1;0;1;0;1;0;100;7.85498046875;21.7119140625;0;0;0;0;1;0;20;0;0;7.85498046875;6.7119140625;0;0;0;0;0;0;7.6204428672790527;1;0;0;0;0;5000;10000;0;0;1;1;1;1;0;0;0
77209;13;1;0;1;0;1;0;100;7.85498046875;21.7119140625;0;0;0;0;1;0;20;0;0;7.85498046875;6.7119140625;0;0;0;0;0;0;7.6204428672790527;1;0;0;0;0;5000;10000;0;0;1;1;1;1;0;0;0
77311;13;1;0;1;0;1;0;100;7.85498046875;21.7119140625;0;0;0;0;1;0;20;0;0;7.85498046875;6.7119140625;0;0;0;0;0;0;7.6204428672790527;1;0;0;0;0;5000;10000;0;0;1;1;1;1;0;0;0
77411;13;1;0;1;0;1;0;100;7.85498046875;21.7119140625;0;0;0;0;1;0;20;0;0;7.85498046875;6.7119140625;0;0;0;0;0;0;7.6204428672790527;1;0;0;0;0;5000;10000;0;0;1;1;1;1;0;0;0
77511;13;1;0;1;0;1;0;100;7.85498046875;21.7119140625;0;0;0;0;1;0;20;0;0;7.85498046875;6.7119140625;0;0;0;0;0;0;7.6204428672790527;1;0;0;0;0;5000;10000;0;0;1;1;1;1;0;0;0
77612;13;1;0;1;0;1;0;100;7.85498046875;21.7119140625;0;0;0;0;1;0;20;0;0;7.85498046875;6.7119140625;0;0;0;0;0;0;7.6204428672790527;1;0;0;0;0;5000;10000;0;0;1;1;1;1;0;0;0
77712;13;1;0;1;0;1;0;100;7.85498046875;21.7119140625;0;0;0;0;1;0;20;0;0;7.85498046875;6.7119140625;0;0;0;0;0;0;7.6204428672790527;1;0;0;0;0;5000;10000;0;0;1;1;1;1;0;0;0
77811;13;1;0;1;0;1;0;100;7.85498046875;21.7119140625;0;0;0;0;1;0;20;0;0;7.85498046875;6.7119140625;0;0;0;0;0;0;7.6204428672790527;1;0;0;0;0;5000;10000;0;0;1;1;1;1;0;0;0
77912;13;1;0;1;0;1;0;100;7.85498046875;21.7119140625;0;0;0;0;1;0;20;0;0;7.85498046875;6.7119140625;0;0;0;0;0;0;7.6204428672790527;1;0;0;0;0;5000;10000;0;0;1;1;1;1;0;0;0
78011;13;1;0;1;0;1;0;100;7.85498046875;21.7119140625;0;0;0;0;1;0;20;0;0;7.85498046875;6.7119140625;0;0;0;0;0;0;7.6204428672790527;1;0;0;0;0;5000;10000;0;0;1;1;1;1;0;0;0
78111;13;1;0;1;0;1;0;100;7.85498046875;21.7119140625;0;0;0;0;1;0;20;0;0;7.85498046875;6.7119140625;0;0;0;0;0;0;7.6204428672790527;1;0;0;0;0;5000;10000;0;0;1;1;1;1;0;0;0
78211;14;1;0;1;0;1;0;100;7.85498046875;21.7119140625;0;0;0;0;1;0;20;0;0;7.85498046875;6.7119140625;0;0;0;0;0;0;7.6204428672790527;1;0;0;0;0;5000;10000;0;0;1;1;1;1;0;0;0
78312;14;1;0;1;0;1;0;100;7.85498046875;21.7119140625;0;0;0;0;1;0;20;0;0;7.85498046875;6.7119140625;0;0;0;0;0;0;7.6204428672790527;1;0;0;0;0;5000;10000;0;0;1;1;1;1;0;0;0
78413;14;1;0;1;0;1;0;100;7.85498046875;21.7119140625;0;0;0;0;1;0;20;0;0;7.85498046875;6.7119140625;0;0;0;0;0;0;7.6204428672790527;1;0;0;0;0;5000;10000;0;0;1;1;1;1;0;0;0
78514;14;1;0;1;0;1;0;100;7.85498046875;21.7119140625;0;0;0;0;1;0;20;0;0;7.85498046875;6.7119140625;0;0;0;0;0;0;7.6204428672790527;1;0;0;0;0;5000;10000;0;0;1;1;1;1;0;0;0
78614;14;1;0;1;0;1;0;100;7.85498046875;21.7119140625;0;0;0;0;1;0;20;0;0;7.85498046875;6.7119140625;0;0;0;0;0;0;7.6204428672790527;1;0;0;0;0;5000;10000;0;0;1;1;1;1;0;0;0
78716;14;1;0;1;0;1;0;100;7.85498046875;21.7119140625;0;0;0;0;1;0;20;0;0;7.85498046875;6.7119140625;0;0;0;0;0;0;7.6204428672790527;1;0;0;0;0;5000;10000;0;0;1;1;1;1;0;0;0
78815;14;1;0;1;0;1;0;100;7.85498046875;21.7119140625;0;0;0;0;1;0;20;0;0;7.85498046875;6.7119140625;0;0;0;0;0;0;7.6204428672790527;1;0;0;0;0;5000;10000;0;0;1;1;1;1;0;0;0
78915;14;1;0;1;0;1;0;100;7.85498046875;21.7119140625;0;0;0;0;1;0;20;0;0;7.85498046875;6.7119140625;0;0;0;0;0;0;7.6204428672790527;1;0;0;0;0;5000;10000;0;0;1;1;1;1;0;0;0
79015;14;1;0;1;0;1;0;100;7.85498046875;21.7119140625;0;0;0;0;1;0;20;0;0;7.85498046875;6.7119140625;0;0;0;0;0;0;7.6204428672790527;1;0;0;0;0;5000;10000;0;0;1;1;1;1;0;0;0
79116;14;1;0;1;0;1;0;100;7.85498046875;21.7119140625;0;0;0;0;1;0;20;0;0;7.85498046875;6.7119140625;0;0;0;0;0;0;7.6204428672790527;1;0;0;0;0;5000;10000;0;0;1;1;1;1;0;0;0
79218;14;1;0;1;0;1;0;100;7.85498046875;21.7119140625;0;0;0;0;1;0;20;0;0;7.85498046875;6.7119140625;0;0;0;0;0;0;7.6204428672790527;1;0;0;0;0;5000;10000;0;0;1;1;1;1;0;0;0
79318;14;1;0;1;0;1;0;100;7.85498046875;21.7119140625;0;0;0;0;1;0;20;0;0;7.85498046875;6.7119140625;0;0;0;0;0;0;7.6204428672790527;1;0;0;0;0;5000;10000;0;0;1;1;1;1;0;0;0
79418;14;1;0;1;0;1;0;100;7.85498046875;21.7119140625;0;0;0;0;1;0;20;0;0;7.85498046875;6.7119140625;0;0;0;0;0;0;7.6204428672790527;1;0;0;0;0;5000;10000;0;0;1;1;1;1;0;0;0
79518;14;1;0;1;0;1;0;100;7.85498046875;21.7119140625;0;0;0;0;1;0;20;0;0;7.85498046875;6.7119140625;0;0;0;0;0;0;7.6204428672790527;1;0;0;0;0;5000;10000;0;0;1;1;1;1;0;0;0
79618;14;1;0;1;0;1;0;100;7.85498046875;21.7119140625;0;0;0;0;1;0;20;0;0;7.85498046875;6.7119140625;0;0;0;0;0;0;7.6204428672790527;1;0;0;0;0;5000;10000;0;0;1;1;1;1;0;0;0
79718;14;1;0;1;0;1;0;100;7.85498046875;21.7119140625;0;0;0;0;1;0;20;0;0;7.85498046875;6.7119140625;0;0;0;0;0;0;7.6204428672790527;1;0;0;0;0;5000;10000;0;0;1;1;1;1;0;0;0
79818;14;1;0;1;0;1;0;100;7.85498046875;21.7119140625;0;0;0;0;1;0;20;0;0;7.85498046875;6.7119140625;0;0;0;0;0;0;7.6204428672790527;1;0;0;0;0;5000;10000;0;0;1;1;1;1;0;0;0
