Timestamp_ms;M1TreuilRetenue.State.Position_M;M2TreuilBenne.Bucket.State.M2PositionCorrected;M2TreuilBenne.State.Position_M;Modes.Cmd.SelJoystickWinch;M2TreuilBenne.Bucket.State.DeltaPosition_M;M1_BrakeIsOpen_DI;M1_BrakeRelease_RQ;M1_RelayAscent_RQ;M1_RelayDescent_RQ;M1_SpeedContactor_1_DQ;M1_SpeedContactor_2_DQ;M1_SpeedContactor_3_DQ;M1_SpeedContactor_4_DQ;M2_BrakeIsOpen_DI;M2_BrakeRelease_RQ;M2_RelayAscent_Close_RQ;M2_RelayDescent_Open_RQ;M2_SpeedContactor_1_DQ;M2_SpeedContactor_2_DQ;M2_SpeedContactor_3_DQ;M2_SpeedContactor_4_DQ;M1_M2_KoboldMeasureEnable_RQ;PRG_02_Acquisition.HwIn.Machine.M1_M2_KoboldBottomTouch_DI;JOY1Joystick.State.RawY;PRG_02_Acquisition.instJoystick.AxisCmdY.SpeedTgt;COD1_PresettTrigCmd;COD1_PresetValue;COD1_PosValue;PRG_02_Acquisition.instJoystick.ArmingPermit;PRG_02_Acquisition.instJoystick.ArmingPermitDenied;PRG_02_Acquisition.Data.Joystick.DeadmanArmed;PRG_06_Outputs.Data.SyncContactorDiag.RelayFwdMismatch;M1M2Sync.State.Error;M1M2Sync.State.ErrorId;M1TreuilRetenue.State.Error;M1TreuilRetenue.State.ErrorId;M1TreuilRetenue.Safety.Error;M1TreuilRetenue.Safety.ErrorId;M2TreuilBenne.State.Error;M2TreuilBenne.State.ErrorId;M2TreuilBenne.Safety.Error;M2TreuilBenne.Safety.ErrorId;M2_TensionedCable_DI;M1M2_TopPositionFree_DI;M1TreuilRetenue.State.MeasuredSpeed_Mps;M2TreuilBenne.State.MeasuredSpeed_Mps;M1M2Sync.State.DeltaPos_M;PRG_02_Acquisition.Data.EncoderM1.Measurement.SignedSpeed_Mps;PRG_02_Acquisition.Data.EncoderM2.Measurement.SignedSpeed_Mps;M2TreuilBenne.Bucket.State.BucketOpening_Pct;PRG_04_Treuils_Benne.Data.ArmingPermit;PRG_04_Treuils_Benne.Data.WinchM1State.CommandedAscent;PRG_04_Treuils_Benne.Data.WinchM1State.DirectionChangePending;PRG_04_Treuils_Benne.Data.WinchM1State.DirectionChangeDelayElapsed;PRG_04_Treuils_Benne.instWinchM1.DirectionInterlock.EnableRising;PRG_04_Treuils_Benne.Data.WinchM2State.CommandedAscent;PRG_04_Treuils_Benne.Data.WinchM2State.DirectionChangePending;PRG_04_Treuils_Benne.Data.WinchM2State.DirectionChangeDelayElapsed
67;8.5;8.5;23.5;0;15;0;0;0;0;0;0;0;0;0;0;0;0;0;0;0;0;0;0;5000;0;0;798888;0;1;0;0;0;0;0;0;0;0;0;0;0;0;0;0;0;0;0;0;0;0;0;1;0;0;0;0;0;0;0
166;8.5;8.5;23.5;0;15;0;0;0;0;0;0;0;0;0;0;0;0;0;0;0;0;0;0;5000;0;0;798888;0;1;0;0;0;0;0;0;0;0;0;0;0;0;0;0;0;0;0;0;0;0;0;1;0;0;0;0;0;0;0
266;8.5;8.5;23.5;0;15;0;0;0;0;0;0;0;0;0;0;0;0;0;0;0;0;0;0;5000;0;0;798888;0;1;0;0;0;0;0;0;0;0;0;0;0;0;0;0;0;0;0;0;0;0;0;1;0;0;0;0;0;0;0
366;8.5;8.5;23.5;0;15;0;0;0;0;0;0;0;0;0;0;0;0;0;0;0;0;0;0;5000;0;0;798888;0;1;0;0;0;0;0;0;0;0;0;0;0;0;0;0;0;0;0;0;0;0;0;1;0;0;0;0;0;0;0
466;8.5;8.5;23.5;0;15;0;0;0;0;0;0;0;0;0;0;0;0;0;0;0;0;0;0;5000;0;0;798888;0;1;0;0;0;0;0;0;0;0;0;0;0;0;0;0;0;0;0;0;0;0;0;1;0;0;0;0;0;0;0
567;8.5;8.5;23.5;0;15;0;0;0;0;0;0;0;0;0;0;0;0;0;0;0;0;0;0;5000;0;0;798888;0;1;0;0;0;0;0;0;0;0;0;0;0;0;0;0;0;0;0;0;0;0;0;1;0;0;0;0;0;0;0
667;8.5;8.5;23.5;0;15;0;0;0;0;0;0;0;0;0;0;0;0;0;0;0;0;0;0;5000;0;0;798888;0;1;0;0;0;0;0;0;0;0;0;0;0;0;0;0;0;0;0;0;0;0;0;1;0;0;0;0;0;0;0
767;8.5;8.5;23.5;0;15;0;0;0;0;0;0;0;0;0;0;0;0;0;0;0;0;0;0;5000;0;0;798888;0;1;0;0;0;0;0;0;0;0;0;0;0;0;0;0;0;0;0;0;0;0;0;1;0;0;0;0;0;0;0
869;8.5;8.5;23.5;0;15;0;0;0;0;0;0;0;0;0;0;0;0;0;0;0;0;0;0;5000;0;0;798888;0;1;0;0;0;0;0;0;0;0;0;0;0;0;0;0;0;0;0;0;0;0;0;1;0;0;0;0;0;0;0
970;8.5;8.5;23.5;0;15;0;0;0;0;0;0;0;0;0;0;0;0;0;0;0;0;0;0;5000;0;0;798888;0;1;0;0;0;0;0;0;0;0;0;0;0;0;0;0;0;0;0;0;0;0;0;1;0;0;0;0;0;0;0
1070;8.5;8.5;23.5;0;15;0;0;0;0;0;0;0;0;0;0;0;0;0;0;0;0;0;0;5000;0;0;798888;0;1;0;0;0;0;0;0;0;0;0;0;0;0;0;0;0;0;0;0;0;0;0;1;0;0;0;0;0;0;0
1170;8.5;8.5;23.5;0;15;0;0;0;0;0;0;0;0;0;0;0;0;0;0;0;0;0;0;5000;0;0;798888;0;1;0;0;0;0;0;0;0;0;0;0;0;0;0;0;0;0;0;0;0;0;0;1;0;0;0;0;0;0;0
1272;8.5;8.5;23.5;0;15;0;0;0;0;0;0;0;0;0;0;0;0;0;0;0;0;0;0;5000;0;0;798888;0;1;0;0;0;0;0;0;0;0;0;0;0;0;0;0;0;0;0;0;0;0;0;1;0;0;0;0;0;0;0
1373;8.5;8.5;23.5;0;15;0;0;0;0;0;0;0;0;0;0;0;0;0;0;0;0;0;0;5000;0;0;798888;0;1;0;0;0;0;0;0;0;0;0;0;0;0;0;0;0;0;0;0;0;0;0;1;0;0;0;0;0;0;0
1472;8.5;8.5;23.5;0;15;0;0;0;0;0;0;0;0;0;0;0;0;0;0;0;0;0;0;5000;0;0;798888;0;1;0;0;0;0;0;0;0;0;0;0;0;0;0;0;0;0;0;0;0;0;0;1;0;0;0;0;0;0;0
1573;8.5;8.5;23.5;0;15;0;0;0;0;0;0;0;0;0;0;0;0;0;0;0;0;0;0;5000;0;0;798888;0;1;0;0;0;0;0;0;0;0;0;0;0;0;0;0;0;0;0;0;0;0;0;1;0;0;0;0;0;0;0
1674;8.5;8.5;23.5;0;15;0;0;0;0;0;0;0;0;0;0;0;0;0;0;0;0;0;0;5000;0;0;798888;0;1;0;0;0;0;0;0;0;0;0;0;0;0;0;0;0;0;0;0;0;0;0;1;0;0;0;0;0;0;0
1774;8.5;8.5;23.5;0;15;0;0;0;0;0;0;0;0;0;0;0;0;0;0;0;0;0;0;5000;0;0;798888;0;1;0;0;0;0;0;0;0;0;0;0;0;0;0;0;0;0;0;0;0;0;0;1;0;0;0;0;0;0;0
1874;8.5;8.5;23.5;0;15;0;0;0;0;0;0;0;0;0;0;0;0;0;0;0;0;0;0;5000;0;0;798888;0;1;0;0;0;0;0;0;0;0;0;0;0;0;0;0;0;0;0;0;0;0;0;1;0;0;0;0;0;0;0
1974;8.5;8.5;23.5;0;15;0;0;0;0;0;0;0;0;0;0;0;0;0;0;0;0;0;0;5000;0;0;798888;0;1;0;0;0;0;0;0;0;0;0;0;0;0;0;0;0;0;0;0;0;0;0;1;0;0;0;0;0;0;0
2075;8.5;8.5;23.5;0;15;0;0;0;0;0;0;0;0;0;0;0;0;0;0;0;0;0;0;5000;0;0;798888;0;1;0;0;0;0;0;0;0;0;0;0;0;0;0;0;0;0;0;0;0;0;0;1;0;0;0;0;0;0;0
2176;8.5;8.5;23.5;0;15;0;0;0;0;0;0;0;0;0;0;0;0;0;0;0;0;0;0;5000;0;0;798888;0;1;0;0;0;0;0;0;0;0;0;0;0;0;0;0;0;0;0;0;0;0;0;1;0;0;0;0;0;0;0
2277;8.5;8.5;23.5;0;15;0;0;0;0;0;0;0;0;0;0;0;0;0;0;0;0;0;0;5000;0;0;798888;0;1;0;0;0;0;0;0;0;0;0;0;0;0;0;0;0;0;0;0;0;0;0;1;0;0;0;0;0;0;0
2378;8.5;8.5;23.5;0;15;0;0;0;0;0;0;0;0;0;0;0;0;0;0;0;0;0;0;5000;0;0;798888;0;1;0;0;0;0;0;0;0;0;0;0;0;0;0;0;0;0;0;0;0;0;0;1;0;0;0;0;0;0;0
2479;8.5;8.5;23.5;0;15;0;0;0;0;0;0;0;0;0;0;0;0;0;0;0;0;0;0;5000;0;0;798888;0;1;0;0;0;0;0;0;0;0;0;0;0;0;0;0;0;0;0;0;0;0;0;1;0;0;0;0;0;0;0
2580;8.5;8.5;23.5;0;15;0;0;0;0;0;0;0;0;0;0;0;0;0;0;0;0;0;0;5000;0;0;798888;0;1;0;0;0;0;0;0;0;0;0;0;0;0;0;0;0;0;0;0;0;0;0;1;0;0;0;0;0;0;0
2680;8.5;8.5;23.5;0;15;0;0;0;0;0;0;0;0;0;0;0;0;0;0;0;0;0;0;5000;0;0;798888;0;1;0;0;0;0;0;0;0;0;0;0;0;0;0;0;0;0;0;0;0;0;0;1;0;0;0;0;0;0;0
2781;8.5;8.5;23.5;0;15;0;0;0;0;0;0;0;0;0;0;0;0;0;0;0;0;0;0;5000;0;0;798888;0;1;0;0;0;0;0;0;0;0;0;0;0;0;0;0;0;0;0;0;0;0;0;1;0;0;0;0;0;0;0
2880;8.5;8.5;23.5;0;15;0;0;0;0;0;0;0;0;0;0;0;0;0;0;0;0;0;0;5000;0;0;798888;0;1;0;0;0;0;0;0;0;0;0;0;0;0;0;0;0;0;0;0;0;0;0;1;0;0;0;0;0;0;0
2982;8.5;8.5;23.5;0;15;0;0;0;0;0;0;0;0;0;0;0;0;0;0;0;0;0;0;5000;0;0;798888;0;1;0;0;0;0;0;0;0;0;0;0;0;0;0;0;0;0;0;0;0;0;0;1;0;0;0;0;0;0;0
3083;8.5;8.5;23.5;0;15;0;0;0;0;0;0;0;0;0;0;0;0;0;0;0;0;0;0;5000;0;0;798888;0;1;0;0;0;0;0;0;0;0;0;0;0;0;0;0;0;0;0;0;0;0;0;1;0;0;0;0;0;0;0
3184;8.5;8.5;23.5;0;15;0;0;0;0;0;0;0;0;0;0;0;0;0;0;0;0;0;0;5000;0;0;798888;0;1;0;0;0;0;0;0;0;0;0;0;0;0;0;0;0;0;0;0;0;0;0;1;0;0;0;0;0;0;0
3286;8.5;8.5;23.5;0;15;0;0;0;0;0;0;0;0;0;0;0;0;0;0;0;0;0;0;5000;0;0;798888;0;1;0;0;0;0;0;0;0;0;0;0;0;0;0;0;0;0;0;0;0;0;0;1;0;0;0;0;0;0;0
3386;8.5;8.5;23.5;0;15;0;0;0;0;0;0;0;0;0;0;0;0;0;0;0;0;0;0;5000;0;0;798888;0;1;0;0;0;0;0;0;0;0;0;0;0;0;0;0;0;0;0;0;0;0;0;1;0;0;0;0;0;0;0
3487;8.5;8.5;23.5;0;15;0;0;0;0;0;0;0;0;0;0;0;0;0;0;0;0;0;0;4535;0;0;798888;0;1;0;0;0;0;0;0;0;0;0;0;0;0;0;0;0;0;0;0;0;0;0;1;0;0;0;0;0;0;0
3587;8.419921875;8.42578125;23.42578125;0;15.005859375;0;1;0;1;0;0;0;0;0;1;0;1;0;0;0;0;0;0;4181;16.380001068115234;0;798888;0;1;0;1;0;0;0;0;0;0;0;0;0;0;0;0;0;1;0.93333333730697632;-0.005859375;-1;-0.93333333730697632;0;1;0;0;0;0;0;0;0
3687;8.329833984375;8.34228515625;23.34228515625;0;15.012451171875;0;1;0;1;0;0;0;0;0;1;0;1;0;0;0;0;0;0;4046;19.079999923706055;0;798888;0;1;0;1;0;0;0;0;0;0;0;0;0;0;0;0;0;1;0.93333333730697632;-0.012451171875;-1;-0.93333333730697632;0;1;0;0;0;0;0;0;0
3787;8.23974609375;8.2587890625;23.2587890625;0;15.01904296875;0;1;0;1;0;0;0;0;0;1;0;1;0;0;0;0;0;0;3830;23.399999618530273;0;798888;0;1;0;1;0;0;0;0;0;0;0;0;0;0;0;0;0;1;0.93333333730697632;-0.01904296875;-1;-0.93333333730697632;0;1;0;0;0;0;0;0;0
3889;8.1396484375;8.166015625;23.166015625;0;15.0263671875;0;1;0;1;0;0;0;0;0;1;0;1;0;0;0;0;0;0;3495;30.100000381469727;0;798888;0;1;0;1;0;0;0;0;0;0;0;0;0;0;0;0;0;1;0.93333333730697632;-0.0263671875;-1;-0.93333333730697632;0;1;0;0;0;0;0;0;0
3988;8.049560546875;8.08251953125;23.08251953125;0;15.032958984375;0;1;0;1;0;0;0;0;0;1;0;1;0;0;0;0;0;0;3108;37.840000152587891;0;798888;0;1;0;1;0;0;0;0;0;0;0;0;0;0;0;0;0;1;0.93333333730697632;-0.032958984375;-1;-0.93333333730697632;0;1;0;0;0;0;0;0;0
4090;7.949462890625;7.98974609375;22.98974609375;0;15.040283203125;0;1;0;1;0;0;0;0;0;1;0;1;0;0;0;0;0;0;2583;48.340000152587891;0;798888;0;1;0;1;0;0;0;0;0;0;0;0;0;0;0;0;0;1;0.93333333730697632;-0.040283203125;-1;-0.93333333730697632;0;1;0;0;0;0;0;0;0
4190;7.849365234375;7.89697265625;22.89697265625;0;15.047607421875;0;1;0;1;0;0;0;0;0;1;0;1;0;0;0;0;0;0;2458;50.840003967285156;0;798888;0;1;0;1;0;0;0;0;0;0;0;0;0;0;0;0;0;1;0.93333333730697632;-0.047607421875;-1;-0.93333333730697632;0;1;0;0;0;0;0;0;0
4290;7.744384765625;7.79931640625;22.79931640625;0;15.054931640625;0;1;0;1;0;0;0;0;0;1;0;1;0;0;0;0;0;0;2233;55.339996337890625;0;798888;0;1;0;1;0;0;0;0;0;0;0;0;0;0;0;0;0;1.25;1.1666666269302368;-0.054931640625;-1.25;-1.1666666269302368;0;1;0;0;0;0;0;0;0
4390;7.63232421875;7.69384765625;22.69384765625;0;15.0615234375;0;1;0;1;0;0;0;0;0;1;0;1;0;0;0;0;0;0;1945;61.099998474121094;0;798888;0;1;0;1;0;0;0;0;0;0;0;0;0;0;0;0;0;1.25;1.1666666269302368;-0.0615234375;-1.25;-1.1666666269302368;0;1;0;0;0;0;0;0;0
4489;7.520263671875;7.58837890625;22.58837890625;0;15.068115234375;0;1;0;1;0;0;0;0;0;1;0;1;0;0;0;0;0;0;1576;68.4800033569336;0;798888;0;1;0;1;0;0;0;0;0;0;0;0;0;0;0;0;0;1.25;1.1666666269302368;-0.068115234375;-1.25;-1.1666666269302368;0;1;0;0;0;0;0;0;0
4590;7.395751953125;7.47119140625;22.47119140625;0;15.075439453125;0;1;0;1;0;0;0;0;0;1;0;1;0;0;0;0;0;0;1071;78.580001831054688;0;798888;0;1;0;1;0;0;0;0;0;0;0;0;0;0;0;0;0;1.25;1.1666666269302368;-0.075439453125;-1.25;-1.1666666269302368;0;1;0;0;0;0;0;0;0
4689;7.271240234375;7.35400390625;22.35400390625;0;15.082763671875;0;1;0;1;1;0;0;0;0;1;0;1;1;0;0;0;0;0;866;82.680000305175781;0;798888;0;1;0;1;0;0;0;0;0;0;0;0;0;0;0;0;0;1.25;1.1666666269302368;-0.082763671875;-1.25;-1.1666666269302368;0;1;0;0;0;0;0;0;0
4791;7.1591796875;7.24853515625;22.24853515625;0;15.08935546875;0;1;0;1;1;0;0;0;0;1;0;1;1;0;0;0;0;0;686;86.279998779296875;0;798888;0;1;0;1;0;0;0;0;0;0;0;0;0;0;0;0;0;1.25;1.1666666269302368;-0.08935546875;-1.25;-1.1666666269302368;0;1;0;0;0;0;0;0;0
4891;7.0126953125;7.111572265625;22.111572265625;0;15.098876953125;0;1;0;1;1;0;0;0;0;1;0;1;1;0;0;0;0;0;391;92.180000305175781;0;798888;0;1;0;1;0;0;0;0;0;0;0;0;0;0;0;0;0;1.5;1.3999999761581421;-0.098876953125;-1.5;-1.3999999761581421;0;1;0;0;0;0;0;0;0
4992;6.86376953125;6.972412109375;21.972412109375;0;15.108642578125;0;1;0;1;1;0;0;0;0;1;0;1;1;0;0;0;0;0;0;100;0;798888;0;1;0;1;0;0;0;0;0;0;0;0;0;0;0;0;0;1.5;1.3999999761581421;-0.108642578125;-1.5;-1.3999999761581421;0;1;0;0;0;0;0;0;0
5093;6.729736328125;6.84716796875;21.84716796875;0;15.117431640625;0;1;0;1;1;0;0;0;0;1;0;1;1;0;0;0;0;0;0;100;0;798888;0;1;0;1;0;0;0;0;0;0;0;0;0;0;0;0;0;1.5;1.3999999761581421;-0.117431640625;-1.5;-1.3999999761581421;0;1;0;0;0;0;0;0;0
5193;6.595703125;6.721923828125;21.721923828125;0;15.126220703125;0;1;0;1;1;0;0;0;0;1;0;1;1;0;0;0;0;0;0;100;0;798888;0;1;0;1;0;0;0;0;0;0;0;0;0;0;0;0;0;1.5;1.3999999761581421;-0.126220703125;-1.5;-1.3999999761581421;0;1;0;0;0;0;0;0;0
5294;6.44677734375;6.582763671875;21.582763671875;0;15.135986328125;0;1;0;1;1;1;0;0;0;1;0;1;1;1;0;0;0;0;0;100;0;798888;0;1;0;1;0;0;0;0;0;0;0;0;0;0;0;0;0;1.5;1.3999999761581421;-0.135986328125;-1.5;-1.3999999761581421;0;1;0;0;0;0;0;0;0
5395;6.279052734375;6.426513671875;21.426513671875;0;15.1474609375;0;1;0;1;1;1;0;0;0;1;0;1;1;1;0;0;0;0;0;100;0;798888;0;1;0;1;0;0;0;0;0;0;0;0;0;0;0;0;0;1.75;1.6333333253860474;-0.1474609375;-1.75;-1.6333333253860474;0;1;0;0;0;0;0;0;0
5495;6.120849609375;6.279296875;21.279296875;0;15.158447265625;0;1;0;1;1;1;0;0;0;1;0;1;1;1;0;0;0;0;0;100;0;798888;0;1;0;1;0;0;0;0;0;0;0;0;0;0;0;0;0;1.75;1.6333333253860474;-0.158447265625;-1.75;-1.6333333253860474;0;1;0;0;0;0;0;0;0
5595;5.962646484375;6.132080078125;21.132080078125;0;15.16943359375;0;1;0;1;1;1;0;0;0;1;0;1;1;1;0;0;0;0;0;100;0;798888;0;1;0;1;0;0;0;0;0;0;0;0;0;0;0;0;0;1.75;1.6333333253860474;-0.16943359375;-1.75;-1.6333333253860474;0;1;0;0;0;0;0;0;0
5694;5.786865234375;5.968505859375;20.968505859375;0;15.181640625;0;1;0;1;1;1;0;0;0;1;0;1;1;1;0;0;0;0;0;100;0;798888;0;1;0;1;0;0;0;0;0;0;0;0;0;0;0;0;0;1.75;1.6333333253860474;-0.181640625;-1.75;-1.6333333253860474;0;1;0;0;0;0;0;0;0
5795;5.628662109375;5.8212890625;20.8212890625;0;15.192626953125;0;1;0;1;1;1;1;0;0;1;0;1;1;1;1;0;0;0;0;100;0;798888;0;1;0;1;0;0;0;0;0;0;0;0;0;0;0;0;0;1.75;1.6333333253860474;-0.192626953125;-1.75;-1.6333333253860474;0;1;0;0;0;0;0;0;0
5895;5.452880859375;5.65771484375;20.65771484375;0;15.204833984375;0;1;0;1;1;1;1;0;0;1;0;1;1;1;1;0;0;0;0;100;0;798888;0;1;0;1;0;0;0;0;0;0;0;0;0;0;0;0;0;1.75;1.6333333253860474;-0.204833984375;-1.75;-1.6333333253860474;0;1;0;0;0;0;0;0;0
5997;5.277099609375;5.494140625;20.494140625;0;15.217041015625;0;1;0;1;1;1;1;0;0;1;0;1;1;1;1;0;0;0;0;100;0;798888;0;1;0;1;0;0;0;0;0;0;0;0;0;0;0;0;0;1.75;1.6333333253860474;-0.217041015625;-1.75;-1.6333333253860474;0;1;0;0;0;0;0;0;0
6097;5.118896484375;5.346923828125;20.346923828125;0;15.22802734375;0;1;0;1;1;1;1;0;0;1;0;1;1;1;1;0;0;0;0;100;0;798888;0;1;0;1;0;0;0;0;0;0;0;0;0;0;0;0;0;1.75;1.6333333253860474;-0.22802734375;-1.75;-1.6333333253860474;0;1;0;0;0;0;0;0;0
6198;4.943115234375;5.183349609375;20.183349609375;0;15.240234375;0;1;0;1;1;1;1;0;0;1;0;1;1;1;1;0;0;0;0;100;0;798888;0;1;0;1;0;0;0;0;0;0;0;0;0;0;0;0;0;1.75;1.6333333253860474;-0.240234375;-1.75;-1.6333333253860474;0;1;0;0;0;0;0;0;0
6298;4.784912109375;5.0361328125;20.0361328125;0;15.251220703125;0;1;0;1;1;1;1;0;0;1;0;1;1;1;1;0;0;0;0;100;0;798888;0;1;0;1;0;0;0;0;0;0;0;0;0;0;0;0;0;1.75;1.6333333253860474;-0.251220703125;-1.75;-1.6333333253860474;0;1;0;0;0;0;0;0;0
6397;4.626708984375;4.888916015625;19.888916015625;0;15.26220703125;0;1;0;1;1;1;1;0;0;1;0;1;1;1;1;0;0;0;0;100;0;798888;0;1;0;1;0;0;0;0;0;0;0;0;0;0;0;0;0;1.75;1.6333333253860474;-0.26220703125;-1.75;-1.6333333253860474;0;1;0;0;0;0;0;0;0
6499;4.450927734375;4.725341796875;19.725341796875;0;15.2744140625;0;1;0;1;1;1;1;0;0;1;0;1;1;1;1;0;0;0;0;100;0;798888;0;1;0;1;0;0;0;0;0;0;0;0;0;0;0;0;0;1.75;1.6333333253860474;-0.2744140625;-1.75;-1.6333333253860474;0;1;0;0;0;0;0;0;0
6600;4.275146484375;4.561767578125;19.561767578125;0;15.28662109375;0;1;0;1;1;1;1;0;0;1;0;1;1;1;1;0;0;0;0;100;0;798888;0;1;0;1;0;0;0;0;0;0;0;0;0;0;0;0;0;1.75;1.6333333253860474;-0.28662109375;-1.75;-1.6333333253860474;0;1;0;0;0;0;0;0;0
6701;4.099365234375;4.398193359375;19.398193359375;0;15.298828125;0;1;0;1;1;1;1;0;0;1;0;1;1;1;1;0;0;0;0;100;0;798888;0;1;0;1;0;0;0;0;0;0;0;0;0;0;0;0;0;1.75;1.6333333253860474;-0.298828125;-1.75;-1.6333333253860474;0;1;0;0;0;0;0;0;0
6800;3.941162109375;4.2509765625;19.2509765625;0;15.309814453125;0;1;0;1;1;1;1;0;0;1;0;1;1;1;1;0;0;0;0;100;0;798888;0;1;0;1;0;0;0;0;0;0;0;0;0;0;0;0;0;1.75;1.6333333253860474;-0.309814453125;-1.75;-1.6333333253860474;0;1;0;0;0;0;0;0;0
6902;3.765380859375;4.08740234375;19.08740234375;0;15.322021484375;0;1;0;1;1;1;1;0;0;1;0;1;1;1;1;0;0;0;0;100;0;798888;0;1;0;1;0;0;0;0;0;0;0;0;0;0;0;0;0;1.75;1.6333333253860474;-0.322021484375;-1.75;-1.6333333253860474;0;1;0;0;0;0;0;0;0
7001;3.607177734375;3.940185546875;18.940185546875;0;15.3330078125;0;1;0;1;1;1;1;0;0;1;0;1;1;1;1;0;0;0;0;100;0;798888;0;1;0;1;0;0;0;0;0;0;0;0;0;0;0;0;0;1.75;1.6333333253860474;-0.3330078125;-1.75;-1.6333333253860474;0;1;0;0;0;0;0;0;0
7102;3.431396484375;3.776611328125;18.776611328125;0;15.34521484375;0;1;0;1;1;1;1;0;0;1;0;1;1;1;1;0;0;0;0;100;0;798888;0;1;0;1;0;0;0;0;0;0;0;0;0;0;0;0;0;1.75;1.6333333253860474;-0.34521484375;-1.75;-1.6333333253860474;0;1;0;0;0;0;0;0;0
7202;3.255615234375;3.613037109375;18.613037109375;0;15.357421875;0;1;0;1;1;1;1;0;0;1;0;1;1;1;1;0;0;0;0;100;0;798888;0;1;0;1;0;0;0;0;0;0;0;0;0;0;0;0;0;1.75;1.6333333253860474;-0.357421875;-1.75;-1.6333333253860474;0;1;0;0;0;0;0;0;0
7303;3.097412109375;3.4658203125;18.4658203125;0;15.368408203125;0;1;0;1;1;1;1;0;0;1;0;1;1;1;1;0;0;0;0;100;0;798888;0;1;0;1;0;0;0;0;0;0;0;0;0;0;0;0;0;1.75;1.6333333253860474;-0.368408203125;-1.75;-1.6333333253860474;0;1;0;0;0;0;0;0;0
7407;2.921630859375;3.30224609375;18.30224609375;0;15.380615234375;0;1;0;1;1;1;1;0;0;1;0;1;1;1;1;0;0;0;0;100;0;798888;0;1;0;1;0;0;0;0;0;0;0;0;0;0;0;0;0;1.75;1.6333333253860474;-0.380615234375;-1.75;-1.6333333253860474;0;1;0;0;0;0;0;0;0
7505;2.763427734375;3.155029296875;18.155029296875;0;15.3916015625;0;1;0;1;1;1;1;0;0;1;0;1;1;1;1;0;0;0;0;100;0;798888;0;1;0;1;0;0;0;0;0;0;0;0;0;0;0;0;0;1.75;1.6333333253860474;-0.3916015625;-1.75;-1.6333333253860474;0;1;0;0;0;0;0;0;0
7606;2.587646484375;2.991455078125;17.991455078125;0;15.40380859375;0;1;0;1;1;1;1;0;0;1;0;1;1;1;1;0;0;0;0;100;0;798888;0;1;0;1;0;0;0;0;0;0;0;0;0;0;0;0;0;1.75;1.6333333253860474;-0.40380859375;-1.75;-1.6333333253860474;0;1;0;0;0;0;0;0;0
7705;2.429443359375;2.84423828125;17.84423828125;0;15.414794921875;0;1;0;1;1;1;1;0;0;1;0;1;1;1;1;0;0;0;0;100;0;798888;0;1;0;1;0;0;0;0;0;0;0;0;0;0;0;0;0;1.75;1.6333333253860474;-0.414794921875;-1.75;-1.6333333253860474;0;1;0;0;0;0;0;0;0
7807;2.253662109375;2.6806640625;17.6806640625;0;15.427001953125;0;1;0;1;1;1;1;0;0;1;0;1;1;1;1;0;0;0;0;100;0;798888;0;1;0;1;0;0;0;0;0;0;0;0;0;0;0;0;0;1.75;1.6333333253860474;-0.427001953125;-1.75;-1.6333333253860474;0;1;0;0;0;0;0;0;0
7909;2.095458984375;2.533447265625;17.533447265625;0;15.43798828125;0;1;0;1;1;1;1;0;0;1;0;1;1;1;1;0;0;0;0;100;0;798888;0;1;0;1;0;0;0;0;0;0;0;0;0;0;0;0;0;1.75;1.6333333253860474;-0.43798828125;-1.75;-1.6333333253860474;0;1;0;0;0;0;0;0;0
8010;1.919677734375;2.369873046875;17.369873046875;0;15.4501953125;0;1;0;1;1;1;1;0;0;1;0;1;1;1;1;0;0;0;0;100;0;798888;0;1;0;1;0;0;0;0;0;0;0;0;0;0;0;0;0;1.75;1.6333333253860474;-0.4501953125;-1.75;-1.6333333253860474;0;1;0;0;0;0;0;0;0
8110;1.761474609375;2.22265625;17.22265625;0;15.461181640625;0;1;0;1;1;1;1;0;0;1;0;1;1;1;1;0;0;0;0;100;0;798888;0;1;0;1;0;0;0;0;0;0;0;0;0;0;0;0;0;1.75;1.6333333253860474;-0.461181640625;-1.75;-1.6333333253860474;0;1;0;0;0;0;0;0;0
8210;1.585693359375;2.05908203125;17.05908203125;0;15.473388671875;0;1;0;1;1;1;1;0;0;1;0;1;1;1;1;0;0;0;0;100;0;798888;0;1;0;1;0;0;0;0;0;0;0;0;0;0;0;0;0;1.75;1.6333333253860474;-0.473388671875;-1.75;-1.6333333253860474;0;1;0;0;0;0;0;0;0
8311;1.427490234375;1.911865234375;16.911865234375;0;15.484375;0;1;0;1;1;1;1;0;0;1;0;1;1;1;1;0;0;0;0;100;0;798888;0;1;0;1;0;0;0;0;0;0;0;0;0;0;0;0;0;1.75;1.6333333253860474;-0.484375;-1.75;-1.6333333253860474;0;1;0;0;0;0;0;0;0
8413;1.251708984375;1.748291015625;16.748291015625;0;15.49658203125;0;1;0;1;1;1;1;0;0;1;0;1;1;1;1;0;0;0;0;100;0;798888;0;1;0;1;0;0;0;0;0;0;0;0;0;0;0;0;0;1.75;1.6333333253860474;-0.49658203125;-1.75;-1.6333333253860474;0;1;0;0;0;0;0;0;0
8513;1.093505859375;1.60107421875;16.60107421875;0;15.507568359375;0;1;0;1;1;1;1;0;0;1;0;1;1;1;1;0;0;0;0;100;0;798888;0;1;0;1;0;0;0;0;0;0;0;0;0;0;0;0;0;1.75;1.6333333253860474;-0.507568359375;-1.75;-1.6333333253860474;0;1;0;0;0;0;0;0;0
8614;0.917724609375;1.4375;16.4375;0;15.519775390625;0;1;0;1;1;1;1;0;0;1;0;1;1;1;1;0;0;0;0;100;0;798888;0;1;0;1;0;0;0;0;0;0;0;0;0;0;0;0;0;1.75;1.6333333253860474;-0.519775390625;-1.75;-1.6333333253860474;0;1;0;0;0;0;0;0;0
8716;0.759521484375;1.290283203125;16.290283203125;0;15.53076171875;0;1;0;1;1;1;1;0;0;1;0;1;1;1;1;0;0;0;0;100;0;798888;0;1;0;1;0;0;0;0;0;0;0;0;0;0;0;0;0;1.75;1.6333333253860474;-0.531982421875;-1.75;-1.6333333253860474;0;1;0;0;0;0;0;0;0
8816;0.583740234375;1.126708984375;16.126708984375;0;15.54296875;0;1;0;1;1;1;1;0;0;1;0;1;1;1;1;0;0;0;0;100;0;798888;0;1;0;1;0;0;0;0;0;0;0;0;0;0;0;0;0;1.75;1.6333333253860474;-0.54296875;-1.75;-1.6333333253860474;0;1;0;0;0;0;0;0;0
8915;0.407958984375;0.963134765625;15.963134765625;0;15.55517578125;0;1;0;1;1;1;1;0;0;1;0;1;1;1;1;0;0;0;0;100;0;798888;0;1;0;1;0;0;0;0;0;0;0;0;0;0;0;0;0;1.75;1.6333333253860474;-0.55517578125;-1.75;-1.6333333253860474;0;1;0;0;0;0;0;0;0
9017;0.249755859375;0.81591796875;15.81591796875;0;15.566162109375;0;1;0;1;1;1;1;0;0;1;0;1;1;1;1;0;0;0;0;100;0;798888;0;1;0;1;0;0;0;0;0;0;0;0;0;0;0;0;0;1.75;1.6333333253860474;-0.566162109375;-1.75;-1.6333333253860474;0;1;0;0;0;0;0;0;0
9117;0.073974609375;0.65234375;15.65234375;0;15.578369140625;0;1;0;1;1;1;1;0;0;1;0;1;1;1;1;0;0;0;0;100;0;798888;0;1;0;1;0;0;0;0;0;0;0;0;0;0;0;0;0;1.75;1.6333333253860474;-0.578369140625;-1.75;-1.6333333253860474;0;1;0;0;0;0;0;0;0
9218;-0.084228515625;0.505126953125;15.505126953125;0;15.58935546875;0;1;0;1;1;1;1;0;0;1;0;1;1;1;1;0;0;0;0;100;0;798888;0;1;0;1;0;0;0;0;0;0;0;0;0;0;0;0;0;1.75;1.6333333253860474;-0.58935546875;-1.75;-1.6333333253860474;0;1;0;0;0;0;0;0;0
9319;-0.260009765625;0.341552734375;15.341552734375;0;15.6015625;0;1;0;1;1;1;1;0;0;1;0;1;1;1;1;0;0;0;0;100;0;798888;0;1;0;1;0;0;0;0;0;0;0;0;0;0;0;0;0;1.75;1.6333333253860474;-0.6015625;-1.75;-1.6333333253860474;0;1;0;0;0;0;0;0;0
9419;-0.435791015625;0.177978515625;15.177978515625;0;15.61376953125;0;1;0;1;1;1;1;0;0;1;0;1;1;1;1;0;0;0;0;100;0;798888;0;1;0;1;0;0;0;0;0;0;0;0;0;0;0;0;0;1.75;1.6333333253860474;-0.61376953125;-1.75;-1.6333333253860474;0;1;0;0;0;0;0;0;0
9520;-0.593994140625;0.03076171875;15.03076171875;0;15.624755859375;0;1;0;1;1;1;1;0;0;1;0;1;1;1;1;0;0;0;0;100;0;798888;0;1;0;1;0;0;0;0;0;0;0;0;0;0;0;0;0;1.75;1.6333333253860474;-0.624755859375;-1.75;-1.6333333253860474;0;1;0;0;0;0;0;0;0
9619;-0.769775390625;-0.1328125;14.8671875;0;15.636962890625;0;1;0;1;1;1;1;0;0;1;0;1;1;1;1;0;0;0;0;100;0;798888;0;1;0;1;0;0;0;0;0;0;0;0;0;0;0;0;0;1.75;1.6333333253860474;-0.636962890625;-1.75;-1.6333333253860474;0;1;0;0;0;0;0;0;0
9721;-0.945556640625;-0.29638671875;14.70361328125;0;15.649169921875;0;1;0;1;1;1;1;0;0;1;0;1;1;1;1;0;0;0;0;100;0;798888;0;1;0;1;0;0;0;0;0;0;0;0;0;0;0;0;0;1.75;1.6333333253860474;-0.649169921875;-1.75;-1.6333333253860474;0;1;0;0;0;0;0;0;0
9820;-1.103759765625;-0.443603515625;14.556396484375;0;15.66015625;0;1;0;1;1;1;1;0;0;1;0;1;1;1;1;0;0;0;0;100;0;798888;0;1;0;1;0;0;0;0;0;0;0;0;0;0;0;0;0;1.75;1.6333333253860474;-0.66015625;-1.75;-1.6333333253860474;0;1;0;0;0;0;0;0;0
9920;-1.279541015625;-0.607177734375;14.392822265625;0;15.67236328125;0;1;0;1;1;1;1;0;0;1;0;1;1;1;1;0;0;0;0;100;0;798888;0;1;0;1;0;0;0;0;0;0;0;0;0;0;0;0;0;1.75;1.6333333253860474;-0.67236328125;-1.75;-1.6333333253860474;0;1;0;0;0;0;0;0;0
10021;-1.455322265625;-0.770751953125;14.229248046875;0;15.6845703125;0;1;0;1;1;1;1;0;0;1;0;1;1;1;1;0;0;0;0;100;0;798888;0;1;0;1;0;0;0;0;0;0;0;0;0;0;0;0;0;1.75;1.6333333253860474;-0.6845703125;-1.75;-1.6333333253860474;0;1;0;0;0;0;0;0;0
10122;-1.613525390625;-0.91796875;14.08203125;0;15.695556640625;0;1;0;1;1;1;0;0;0;1;0;1;1;1;0;0;0;0;2250;55;0;798888;0;1;0;1;0;0;0;0;0;0;0;0;0;0;0;0;0;1.75;1.6333333253860474;-0.695556640625;-1.75;-1.6333333253860474;0;1;0;0;0;0;0;0;0
10222;-1.73291015625;-1.02978515625;13.97021484375;0;15.703125;0;1;0;1;0;0;0;0;0;1;0;1;0;0;0;0;0;0;4500;10;0;798888;0;1;0;1;0;0;0;0;0;0;0;0;0;0;0;0;0;1;0.93333333730697632;-0.703125;-1;-0.93333333730697632;0;1;0;0;0;0;0;0;0
10322;-1.8330078125;-1.129150390625;13.870849609375;0;15.703857421875;0;0;0;0;0;0;0;0;0;0;0;0;0;0;0;0;0;0;5000;0;0;798888;0;1;0;1;0;0;0;0;0;0;0;0;0;0;0;0;0;1;1;-0.703857421875;-1;-1;0;1;0;0;0;0;0;0;0
10423;-1.923095703125;-1.21923828125;13.78076171875;0;15.703857421875;0;0;0;0;0;0;0;0;0;0;0;0;0;0;0;0;0;0;5000;0;0;798888;0;1;0;0;0;0;0;0;0;0;0;0;0;0;0;0;0;1;1;-0.703857421875;-1;-1;0;1;0;0;0;0;0;0;0
10524;-2.01318359375;-1.29931640625;13.70068359375;0;15.7138671875;0;0;0;0;0;0;0;0;0;0;0;0;0;0;0;0;0;0;5000;0;0;798888;0;1;0;0;0;0;0;0;0;0;0;0;0;0;0;0;0;1;0;-0.7138671875;-1;0;0;1;0;0;0;0;0;0;0
10623;-2.09326171875;-1.29931640625;13.70068359375;0;15.7939453125;0;0;0;0;0;0;0;0;0;0;0;0;0;0;0;0;0;0;5000;0;0;798888;0;1;0;0;0;0;0;0;0;0;0;0;0;0;0;0;0;0;0;-0.7939453125;0;0;0;1;0;0;0;0;0;0;0
10725;-2.09326171875;-1.29931640625;13.70068359375;0;15.7939453125;0;0;0;0;0;0;0;0;0;0;0;0;0;0;0;0;0;0;5000;0;0;798888;0;1;0;0;0;0;0;0;0;0;0;0;0;0;0;0;0;0;0;-0.7939453125;0;0;0;1;0;0;0;0;0;0;0
10824;-2.09326171875;-1.29931640625;13.70068359375;0;15.7939453125;0;0;0;0;0;0;0;0;0;0;0;0;0;0;0;0;0;0;5000;0;0;798888;0;1;0;0;0;0;0;0;0;0;0;0;0;0;0;0;0;0;0;-0.7939453125;0;0;0;1;0;0;0;0;0;0;0
10924;-2.09326171875;-1.29931640625;13.70068359375;0;15.7939453125;0;0;0;0;0;0;0;0;0;0;0;0;0;0;0;0;0;0;5000;0;0;798888;0;1;0;0;0;0;0;0;0;0;0;0;0;0;0;0;0;0;0;-0.7939453125;0;0;0;1;0;0;0;0;0;0;0
11025;-2.09326171875;-1.29931640625;13.70068359375;0;15.7939453125;0;0;0;0;0;0;0;0;0;0;0;0;0;0;0;0;0;0;5000;0;0;798888;0;1;0;0;0;0;0;0;0;0;0;0;0;0;0;0;0;0;0;-0.7939453125;0;0;0;1;0;0;0;0;0;0;0
11124;-2.09326171875;-1.29931640625;13.70068359375;0;15.7939453125;0;0;0;0;0;0;0;0;0;0;0;0;0;0;0;0;0;0;5000;0;0;798888;0;1;0;0;0;0;0;0;0;0;0;0;0;0;0;0;0;0;0;-0.7939453125;0;0;0;1;0;0;0;0;0;0;0
11227;-2.09326171875;-1.29931640625;13.70068359375;0;15.7939453125;0;0;0;0;0;0;0;0;0;0;0;0;0;0;0;0;0;0;5000;0;0;798888;0;1;0;0;0;0;0;0;0;0;0;0;0;0;0;0;0;0;0;-0.7939453125;0;0;0;1;0;0;0;0;0;0;0
11327;-2.09326171875;-1.29931640625;13.70068359375;0;15.7939453125;0;0;0;0;0;0;0;0;0;0;0;0;0;0;0;0;0;0;4640;0;0;798888;0;1;0;0;0;0;0;0;0;0;0;0;0;0;0;0;0;0;0;-0.7939453125;0;0;0;1;0;0;0;0;0;0;0
11427;-2.17333984375;-1.37353515625;13.62646484375;0;15.7998046875;0;1;0;1;0;0;0;0;0;1;0;1;0;0;0;0;0;0;4145;17.100000381469727;0;798888;0;1;0;1;0;0;0;0;0;0;0;0;0;0;0;0;0;1;0.93333333730697632;-0.7998046875;-1;-0.93333333730697632;0;1;0;0;0;0;0;0;0
11527;-2.263427734375;-1.45703125;13.54296875;0;15.806396484375;0;1;0;1;0;0;0;0;0;1;0;1;0;0;0;0;0;0;3914;21.719999313354492;0;798888;0;1;0;1;0;0;0;0;0;0;0;0;0;0;0;0;0;1;0.93333333730697632;-0.806396484375;-1;-0.93333333730697632;0;1;0;0;0;0;0;0;0
11627;-2.363525390625;-1.5498046875;13.4501953125;0;15.813720703125;0;1;0;1;0;0;0;0;0;1;0;1;0;0;0;0;0;0;3729;25.420001983642578;0;798888;0;1;0;1;0;0;0;0;0;0;0;0;0;0;0;0;0;1;0.93333333730697632;-0.813720703125;-1;-0.93333333730697632;0;1;0;0;0;0;0;0;0
11727;-2.45361328125;-1.63330078125;13.36669921875;0;15.8203125;0;1;0;1;0;0;0;0;0;1;0;1;0;0;0;0;0;0;3477;30.459999084472656;0;798888;0;1;0;1;0;0;0;0;0;0;0;0;0;0;0;0;0;1;0.93333333730697632;-0.8203125;-1;-0.93333333730697632;0;1;0;0;0;0;0;0;0
11827;-2.5537109375;-1.72607421875;13.27392578125;0;15.82763671875;0;1;0;1;0;0;0;0;0;1;0;1;0;0;0;0;0;0;3102;37.959999084472656;0;798888;0;1;0;1;0;0;0;0;0;0;0;0;0;0;0;0;0;1;0.93333333730697632;-0.82763671875;-1;-0.93333333730697632;0;1;0;0;0;0;0;0;0
11928;-2.65380859375;-1.81884765625;13.18115234375;0;15.8349609375;0;1;0;1;0;0;0;0;0;1;0;1;0;0;0;0;0;0;2627;47.459999084472656;0;798888;0;1;0;1;0;0;0;0;0;0;0;0;0;0;0;0;0;1;0.93333333730697632;-0.8349609375;-1;-0.93333333730697632;0;1;0;0;0;0;0;0;0
12028;-2.743896484375;-1.90234375;13.09765625;0;15.841552734375;0;1;0;1;0;0;0;0;0;1;0;1;0;0;0;0;0;0;2314;53.719997406005859;0;798888;0;1;0;1;0;0;0;0;0;0;0;0;0;0;0;0;0;1;0.93333333730697632;-0.841552734375;-1;-0.93333333730697632;0;1;0;0;0;0;0;0;0
12129;-2.861083984375;-2.01220703125;12.98779296875;0;15.848876953125;0;1;0;1;0;0;0;0;0;1;0;1;0;0;0;0;0;0;2149;57.020004272460938;0;798888;0;1;0;1;0;0;0;0;0;0;0;0;0;0;0;0;0;1.25;1.1666666269302368;-0.848876953125;-1.25;-1.1666666269302368;0;1;0;0;0;0;0;0;0
12229;-2.97314453125;-2.11767578125;12.88232421875;0;15.85546875;0;1;0;1;0;0;0;0;0;1;0;1;0;0;0;0;0;0;1915;61.699996948242188;0;798888;0;1;0;1;0;0;0;0;0;0;0;0;0;0;0;0;0;1.25;1.1666666269302368;-0.85546875;-1.25;-1.1666666269302368;0;1;0;0;0;0;0;0;0
12330;-3.09765625;-2.23486328125;12.76513671875;0;15.86279296875;0;1;0;1;0;0;0;0;0;1;0;1;0;0;0;0;0;0;1560;68.800003051757813;0;798888;0;1;0;1;0;0;0;0;0;0;0;0;0;0;0;0;0;1.25;1.1666666269302368;-0.86279296875;-1.25;-1.1666666269302368;0;1;0;0;0;0;0;0;0
12431;-3.209716796875;-2.34033203125;12.65966796875;0;15.869384765625;0;1;0;1;0;0;0;0;0;1;0;1;0;0;0;0;0;0;1155;76.9000015258789;0;798888;0;1;0;1;0;0;0;0;0;0;0;0;0;0;0;0;0;1.25;1.1666666269302368;-0.869384765625;-1.25;-1.1666666269302368;0;1;0;0;0;0;0;0;0
12531;-3.32177734375;-2.44580078125;12.55419921875;0;15.8759765625;0;1;0;1;1;0;0;0;0;1;0;1;1;0;0;0;0;0;719;85.6199951171875;0;798888;0;1;0;1;0;0;0;0;0;0;0;0;0;0;0;0;0;1.25;1.1666666269302368;-0.8759765625;-1.25;-1.1666666269302368;0;1;0;0;0;0;0;0;0
12632;-3.45849609375;-2.573974609375;12.426025390625;0;15.884521484375;0;1;0;1;1;0;0;0;0;1;0;1;1;0;0;0;0;0;584;88.319999694824219;0;798888;0;1;0;1;0;0;0;0;0;0;0;0;0;0;0;0;0;1.5;1.3999999761581421;-0.884521484375;-1.5;-1.3999999761581421;0;1;0;0;0;0;0;0;0
12733;-3.592529296875;-2.69921875;12.30078125;0;15.893310546875;0;1;0;1;1;0;0;0;0;1;0;1;1;0;0;0;0;0;377;92.459999084472656;0;798888;0;1;0;1;0;0;0;0;0;0;0;0;0;0;0;0;0;1.5;1.3999999761581421;-0.893310546875;-1.5;-1.3999999761581421;0;1;0;0;0;0;0;0;0
12835;-3.741455078125;-2.83837890625;12.16162109375;0;15.903076171875;0;1;0;1;1;0;0;0;0;1;0;1;1;0;0;0;0;0;52;98.959999084472656;0;798888;0;1;0;1;0;0;0;0;0;0;0;0;0;0;0;0;0;1.5;1.3999999761581421;-0.903076171875;-1.5;-1.3999999761581421;0;1;0;0;0;0;0;0;0
12936;-3.890380859375;-2.9775390625;12.0224609375;0;15.912841796875;0;1;0;1;1;0;0;0;0;1;0;1;1;0;0;0;0;0;0;100;0;798888;0;1;0;1;0;0;0;0;0;0;0;0;0;0;0;0;0;1.5;1.3999999761581421;-0.912841796875;-1.5;-1.3999999761581421;0;1;0;0;0;0;0;0;0
13035;-4.0244140625;-3.102783203125;11.897216796875;0;15.921630859375;0;1;0;1;1;1;0;0;0;1;0;1;1;1;0;0;0;0;0;100;0;798888;0;1;0;1;0;0;0;0;0;0;0;0;0;0;0;0;0;1.5;1.3999999761581421;-0.921630859375;-1.5;-1.3999999761581421;0;1;0;0;0;0;0;0;0
13136;-4.181396484375;-3.249267578125;11.750732421875;0;15.93212890625;0;1;0;1;1;1;0;0;0;1;0;1;1;1;0;0;0;0;0;100;0;798888;0;1;0;1;0;0;0;0;0;0;0;0;0;0;0;0;0;1.75;1.6333333253860474;-0.93212890625;-1.75;-1.6333333253860474;0;1;0;0;0;0;0;0;0
13238;-4.357177734375;-3.412841796875;11.587158203125;0;15.9443359375;0;1;0;1;1;1;0;0;0;1;0;1;1;1;0;0;0;0;0;100;0;798888;0;1;0;1;0;0;0;0;0;0;0;0;0;0;0;0;0;1.75;1.6333333253860474;-0.9443359375;-1.75;-1.6333333253860474;0;1;0;0;0;0;0;0;0
13338;-4.515380859375;-3.56005859375;11.43994140625;0;15.955322265625;0;1;0;1;1;1;0;0;0;1;0;1;1;1;0;0;0;0;0;100;0;798888;0;1;0;1;0;0;0;0;0;0;0;0;0;0;0;0;0;1.75;1.6333333253860474;-0.955322265625;-1.75;-1.6333333253860474;0;1;0;0;0;0;0;0;0
13437;-4.691162109375;-3.7236328125;11.2763671875;0;15.967529296875;0;1;0;1;1;1;0;0;0;1;0;1;1;1;0;0;0;0;0;100;0;798888;0;1;0;1;0;0;0;0;0;0;0;0;0;0;0;0;0;1.75;1.6333333253860474;-0.967529296875;-1.75;-1.6333333253860474;0;1;0;0;0;0;0;0;0
13538;-4.866943359375;-3.88720703125;11.11279296875;0;15.979736328125;0;1;0;1;1;1;1;0;0;1;0;1;1;1;1;0;0;0;0;100;0;798888;0;1;0;1;0;0;0;0;0;0;0;0;0;0;0;0;0;1.75;1.6333333253860474;-0.979736328125;-1.75;-1.6333333253860474;0;1;0;0;0;0;0;0;0
13638;-5.025146484375;-4.034423828125;10.965576171875;0;15.99072265625;0;1;0;1;1;1;1;0;0;1;0;1;1;1;1;0;0;0;0;100;0;798888;0;1;0;1;0;0;0;0;0;0;0;0;0;0;0;0;0;1.75;1.6333333253860474;-0.99072265625;-1.75;-1.6333333253860474;0;1;0;0;0;0;0;0;0
13739;-5.183349609375;-4.181640625;10.818359375;0;16.001708984375;0;1;0;1;1;1;1;0;0;1;0;1;1;1;1;0;0;0;0;100;0;798888;0;1;0;1;0;0;0;0;0;0;0;0;0;0;0;0;0;1.75;1.6333333253860474;-1.001708984375;-1.75;-1.6333333253860474;0;1;0;0;0;0;0;0;0
13839;-5.359130859375;-4.34521484375;10.65478515625;0;16.013916015625;0;1;0;1;1;1;1;0;0;1;0;1;1;1;1;0;0;0;0;100;0;798888;0;1;0;1;0;0;0;0;0;0;0;0;0;0;0;0;0;1.75;1.6333333253860474;-1.013916015625;-1.75;-1.6333333253860474;0;1;0;0;0;0;0;0;0
13940;-5.534912109375;-4.5087890625;10.4912109375;0;16.026123046875;0;1;0;1;1;1;1;0;0;1;0;1;1;1;1;0;0;0;0;100;0;798888;0;1;0;1;0;0;0;0;0;0;0;0;0;0;0;0;0;1.75;1.6333333253860474;-1.026123046875;-1.75;-1.6333333253860474;0;1;0;0;0;0;0;0;0
14040;-5.693115234375;-4.656005859375;10.343994140625;0;16.037109375;0;1;0;1;1;1;0;0;0;1;0;1;1;1;0;0;0;0;2250;55;0;798888;0;1;0;1;0;0;0;0;0;0;0;0;0;0;0;0;0;1.75;1.6333333253860474;-1.037109375;-1.75;-1.6333333253860474;0;1;0;0;0;0;0;0;0
14140;-5.822509765625;-4.777099609375;10.222900390625;0;16.04541015625;0;0;0;0;0;0;0;0;0;0;0;0;0;0;0;0;0;0;4750;0;0;798888;0;1;0;1;0;0;0;0;0;0;0;0;0;0;0;0;0;1;0.93333333730697632;-1.04541015625;-1;-0.93333333730697632;0;1;0;0;0;0;0;0;0
14239;-5.91259765625;-4.8671875;10.1328125;0;16.04541015625;0;0;0;0;0;0;0;0;0;0;0;0;0;0;0;0;0;0;5000;0;0;798888;0;1;0;1;0;0;0;0;0;0;0;0;0;0;0;0;0;1;1;-1.04541015625;-1;-1;0;1;0;0;0;0;0;0;0
14340;-6.0126953125;-4.96728515625;10.03271484375;0;16.04541015625;0;0;0;0;0;0;0;0;0;0;0;0;0;0;0;0;0;0;5000;0;0;798888;0;1;0;1;0;0;0;0;0;0;0;0;0;0;0;0;0;1;1;-1.04541015625;-1;-1;0;1;0;0;0;0;0;0;0
14442;-6.102783203125;-5.057373046875;9.942626953125;0;16.04541015625;0;0;0;0;0;0;0;0;0;0;0;0;0;0;0;0;0;0;5000;0;0;798888;0;1;0;1;0;0;0;0;0;0;0;0;0;0;0;0;0;1;1;-1.04541015625;-1;-1;0;1;0;0;0;0;0;0;0
14542;-6.1728515625;-5.157470703125;9.842529296875;0;16.015380859375;0;0;0;0;0;0;0;0;0;0;0;0;0;0;0;0;0;0;5000;0;0;798888;0;1;0;0;0;0;0;0;0;0;0;0;0;0;0;0;0;0;1;-1.015380859375;0;-1;0;1;0;0;0;0;0;0;0
14643;-6.1728515625;-5.1875;9.8125;0;15.9853515625;0;0;0;0;0;0;0;0;0;0;0;0;0;0;0;0;0;0;5000;0;0;798888;0;1;0;0;0;0;0;0;0;0;0;0;0;0;0;0;0;0;0;-0.9853515625;0;0;0;1;0;0;0;0;0;0;0
14743;-6.1728515625;-5.1875;9.8125;0;15.9853515625;0;0;0;0;0;0;0;0;0;0;0;0;0;0;0;0;0;0;5000;0;0;798888;0;1;0;0;0;0;0;0;0;0;0;0;0;0;0;0;0;0;0;-0.9853515625;0;0;0;1;0;0;0;0;0;0;0
14845;-6.1728515625;-5.1875;9.8125;0;15.9853515625;0;0;0;0;0;0;0;0;0;0;0;0;0;0;0;0;0;0;5000;0;0;798888;0;1;0;0;0;0;0;0;0;0;0;0;0;0;0;0;0;0;0;-0.9853515625;0;0;0;1;0;0;0;0;0;0;0
14944;-6.1728515625;-5.1875;9.8125;0;15.9853515625;0;0;0;0;0;0;0;0;0;0;0;0;0;0;0;0;0;0;5000;0;0;798888;0;1;0;0;0;0;0;0;0;0;0;0;0;0;0;0;0;0;0;-0.9853515625;0;0;0;1;0;0;0;0;0;0;0
15045;-6.1728515625;-5.1875;9.8125;0;15.9853515625;0;0;0;0;0;0;0;0;0;0;0;0;0;0;0;0;0;0;5000;0;0;798888;0;1;0;0;0;0;0;0;0;0;0;0;0;0;0;0;0;0;0;-0.9853515625;0;0;0;1;0;0;0;0;0;0;0
15146;-6.1728515625;-5.1875;9.8125;0;15.9853515625;0;0;0;0;0;0;0;0;0;0;0;0;0;0;0;0;0;0;5000;0;0;798888;0;1;0;0;0;0;0;0;0;0;0;0;0;0;0;0;0;0;0;-0.9853515625;0;0;0;1;0;0;0;0;0;0;0
15246;-6.1728515625;-5.1875;9.8125;0;15.9853515625;0;0;0;0;0;0;0;0;0;0;0;0;0;0;0;0;0;0;5000;0;0;798888;0;1;0;0;0;0;0;0;0;0;0;0;0;0;0;0;0;0;0;-0.9853515625;0;0;0;1;0;0;0;0;0;0;0
15347;-6.1728515625;-5.1875;9.8125;0;15.9853515625;0;0;0;0;0;0;0;0;0;0;0;0;0;0;0;0;0;0;5000;0;0;798888;0;1;0;0;0;0;0;0;0;0;0;0;0;0;0;0;0;0;0;-0.9853515625;0;0;0;1;0;0;0;0;0;0;0
15447;-6.1728515625;-5.1875;9.8125;0;15.9853515625;0;0;0;0;0;0;0;0;0;0;0;0;0;0;0;0;0;0;5000;0;0;798888;0;1;0;0;0;0;0;0;0;0;0;0;0;0;0;0;0;0;0;-0.9853515625;0;0;0;1;0;0;0;0;0;0;0
15548;-6.1728515625;-5.1875;9.8125;0;15.9853515625;0;0;0;0;0;0;0;0;0;0;0;0;0;0;0;0;0;0;5000;0;0;798888;0;1;0;0;0;0;0;0;0;0;0;0;0;0;0;0;0;0;0;-0.9853515625;0;0;0;1;0;0;0;0;0;0;0
15648;-6.1728515625;-5.1875;9.8125;0;15.9853515625;0;0;0;0;0;0;0;0;0;0;0;0;0;0;0;0;0;0;5000;0;0;798888;0;1;0;0;0;0;0;0;0;0;0;0;0;0;0;0;0;0;0;-0.9853515625;0;0;0;1;0;0;0;0;0;0;0
15749;-6.1728515625;-5.1875;9.8125;0;15.9853515625;0;0;0;0;0;0;0;0;0;0;0;0;0;0;0;0;0;0;5000;0;0;798888;0;1;0;0;0;0;0;0;0;0;0;0;0;0;0;0;0;0;0;-0.9853515625;0;0;0;1;0;0;0;0;0;0;0
15850;-6.1728515625;-5.1875;9.8125;0;15.9853515625;0;0;0;0;0;0;0;0;0;0;0;0;0;0;0;0;0;0;5000;0;0;798888;0;1;0;0;0;0;0;0;0;0;0;0;0;0;0;0;0;0;0;-0.9853515625;0;0;0;1;0;0;0;0;0;0;0
15951;-6.1728515625;-5.1875;9.8125;0;15.9853515625;0;0;0;0;0;0;0;0;0;0;0;0;0;0;0;0;0;0;5000;0;0;798888;0;1;0;0;0;0;0;0;0;0;0;0;0;0;0;0;0;0;0;-0.9853515625;0;0;0;1;0;0;0;0;0;0;0
16052;-6.1728515625;-5.1875;9.8125;0;15.9853515625;0;0;0;0;0;0;0;0;0;0;0;0;0;0;0;0;0;0;5000;0;0;798888;0;1;0;0;0;0;0;0;0;0;0;0;0;0;0;0;0;0;0;-0.9853515625;0;0;0;1;0;0;0;0;0;0;0
16153;-6.1728515625;-5.1875;9.8125;0;15.9853515625;0;0;0;0;0;0;0;0;0;0;0;0;0;0;0;0;0;0;5000;0;0;798888;0;1;0;0;0;0;0;0;0;0;0;0;0;0;0;0;0;0;0;-0.9853515625;0;0;0;1;0;0;0;0;0;0;0
16254;-6.1728515625;-5.1875;9.8125;0;15.9853515625;0;0;0;0;0;0;0;0;0;0;0;0;0;0;0;0;0;0;5000;0;0;798888;0;1;0;0;0;0;0;0;0;0;0;0;0;0;0;0;0;0;0;-0.9853515625;0;0;0;1;0;0;0;0;0;0;0
16356;-6.1728515625;-5.1875;9.8125;0;15.9853515625;0;0;0;0;0;0;0;0;0;0;0;0;0;0;0;0;0;0;5000;0;0;798888;0;1;0;0;0;0;0;0;0;0;0;0;0;0;0;0;0;0;0;-0.9853515625;0;0;0;1;0;0;0;0;0;0;0
16457;-6.1728515625;-5.1875;9.8125;0;15.9853515625;0;0;0;0;0;0;0;0;0;0;0;0;0;0;0;0;0;0;5000;0;0;798888;0;1;0;0;0;0;0;0;0;0;0;0;0;0;0;0;0;0;0;-0.9853515625;0;0;0;1;0;0;0;0;0;0;0
16557;-6.1728515625;-5.1875;9.8125;0;15.9853515625;0;0;0;0;0;0;0;0;0;0;0;0;0;0;0;0;0;0;5000;0;0;798888;0;1;0;0;0;0;0;0;0;0;0;0;0;0;0;0;0;0;0;-0.9853515625;0;0;0;1;0;0;0;0;0;0;0
16657;-6.1728515625;-5.1875;9.8125;0;15.9853515625;0;0;0;0;0;0;0;0;0;0;0;0;0;0;0;0;0;0;5000;0;0;798888;0;1;0;0;0;0;0;0;0;0;0;0;0;0;0;0;0;0;0;-0.9853515625;0;0;0;1;0;0;0;0;0;0;0
16759;-6.1728515625;-5.1875;9.8125;0;15.9853515625;0;0;0;0;0;0;0;0;0;0;0;0;0;0;0;0;0;0;5000;0;0;798888;0;1;0;0;0;0;0;0;0;0;0;0;0;0;0;0;0;0;0;-0.9853515625;0;0;0;1;0;0;0;0;0;0;0
16859;-6.1728515625;-5.1875;9.8125;0;15.9853515625;0;0;0;0;0;0;0;0;0;0;0;0;0;0;0;0;0;0;5000;0;0;798888;0;1;0;0;0;0;0;0;0;0;0;0;0;0;0;0;0;0;0;-0.9853515625;0;0;0;1;0;0;0;0;0;0;0
16958;-6.1728515625;-5.1875;9.8125;0;15.9853515625;0;0;0;0;0;0;0;0;0;0;0;0;0;0;0;0;0;0;5000;0;0;798888;0;1;0;0;0;0;0;0;0;0;0;0;0;0;0;0;0;0;0;-0.9853515625;0;0;0;1;0;0;0;0;0;0;0
17060;-6.1728515625;-5.1875;9.8125;0;15.9853515625;0;0;0;0;0;0;0;0;0;0;0;0;0;0;0;0;0;0;5000;0;0;798888;0;1;0;0;0;0;0;0;0;0;0;0;0;0;0;0;0;0;0;-0.9853515625;0;0;0;1;0;0;0;0;0;0;0
17161;-6.1728515625;-5.1875;9.8125;0;15.9853515625;0;0;0;0;0;0;0;0;0;0;0;0;0;0;0;0;0;0;5000;0;0;798888;0;1;0;0;0;0;0;0;0;0;0;0;0;0;0;0;0;0;0;-0.9853515625;0;0;0;1;0;0;0;0;0;0;0
17262;-6.1728515625;-5.1875;9.8125;0;15.9853515625;0;0;0;0;0;0;0;0;0;0;0;0;0;0;0;0;0;0;5000;0;0;798888;0;1;0;0;0;0;0;0;0;0;0;0;0;0;0;0;0;0;0;-0.9853515625;0;0;0;1;0;0;0;0;0;0;0
17363;-6.1728515625;-5.1875;9.8125;0;15.9853515625;0;0;0;0;0;0;0;0;0;0;0;0;0;0;0;0;0;0;5000;0;0;798888;0;1;0;0;0;0;0;0;0;0;0;0;0;0;0;0;0;0;0;-0.9853515625;0;0;0;1;0;0;0;0;0;0;0
17462;-6.1728515625;-5.1875;9.8125;0;15.9853515625;0;0;0;0;0;0;0;0;0;0;0;0;0;0;0;0;0;0;5000;0;0;798888;0;1;0;0;0;0;0;0;0;0;0;0;0;0;0;0;0;0;0;-0.9853515625;0;0;0;1;0;0;0;0;0;0;0
17562;-6.1728515625;-5.1875;9.8125;0;15.9853515625;0;0;0;0;0;0;0;0;0;0;0;0;0;0;0;0;0;0;5000;0;0;798888;0;1;0;0;0;0;0;0;0;0;0;0;0;0;0;0;0;0;0;-0.9853515625;0;0;0;1;0;0;0;0;0;0;0
17663;-6.1728515625;-5.1875;9.8125;0;15.9853515625;0;0;0;0;0;0;0;0;0;0;0;0;0;0;0;0;0;0;5000;0;0;798888;0;1;0;0;0;0;0;0;0;0;0;0;0;0;0;0;0;0;0;-0.9853515625;0;0;0;1;0;0;0;0;0;0;0
17763;-6.1728515625;-5.1875;9.8125;0;15.9853515625;0;0;0;0;0;0;0;0;0;0;0;0;0;0;0;0;0;0;5000;0;0;798888;0;1;0;0;0;0;0;0;0;0;0;0;0;0;0;0;0;0;0;-0.9853515625;0;0;0;1;0;0;0;0;0;0;0
17863;-6.1728515625;-5.1875;9.8125;0;15.9853515625;0;0;0;0;0;0;0;0;0;0;0;0;0;0;0;0;0;0;5000;0;0;798888;0;1;0;0;0;0;0;0;0;0;0;0;0;0;0;0;0;0;0;-0.9853515625;0;0;0;1;0;0;0;0;0;0;0
17963;-6.1728515625;-5.1875;9.8125;0;15.9853515625;0;0;0;0;0;0;0;0;0;0;0;0;0;0;0;0;0;0;5000;0;0;798888;0;1;0;0;0;0;0;0;0;0;0;0;0;0;0;0;0;0;0;-0.9853515625;0;0;0;1;0;0;0;0;0;0;0
18063;-6.1728515625;-5.1875;9.8125;0;15.9853515625;0;0;0;0;0;0;0;0;0;0;0;0;0;0;0;0;0;0;5000;0;0;798888;0;1;0;0;0;0;0;0;0;0;0;0;0;0;0;0;0;0;0;-0.9853515625;0;0;0;1;0;0;0;0;0;0;0
18164;-6.1728515625;-5.1875;9.8125;0;15.9853515625;0;0;0;0;0;0;0;0;0;0;0;0;0;0;0;0;0;0;5000;0;0;798888;0;1;0;0;0;0;0;0;0;0;0;0;0;0;0;0;0;0;0;-0.9853515625;0;0;0;1;0;0;0;0;0;0;0
18265;-6.1728515625;-5.1875;9.8125;0;15.9853515625;0;0;0;0;0;0;0;0;0;0;0;0;0;0;0;0;0;0;5000;0;0;798888;0;1;0;0;0;0;0;0;0;0;0;0;0;0;0;0;0;0;0;-0.9853515625;0;0;0;1;0;0;0;0;0;0;0
18364;-6.1728515625;-5.1875;9.8125;0;15.9853515625;0;0;0;0;0;0;0;0;0;0;0;0;0;0;0;0;0;0;5313;0;0;798888;0;1;0;0;0;0;0;0;0;0;0;0;0;0;0;0;0;0;0;-0.9853515625;0;0;0;1;0;0;0;0;0;0;0
18465;-6.0927734375;-5.107421875;9.892578125;0;15.9853515625;0;1;1;0;0;0;0;0;0;1;1;0;0;0;0;0;0;0;5478;9.5600004196167;0;798888;0;1;0;1;0;0;0;0;0;0;0;0;0;0;0;0;0;1;1;-0.9853515625;1;1;0;1;1;0;0;0;1;0;0
18567;-6.002685546875;-5.017333984375;9.982666015625;0;15.9853515625;0;1;1;0;0;0;0;0;0;1;1;0;0;0;0;0;0;0;5712;14.239999771118164;0;798888;0;1;0;1;0;0;0;0;0;0;0;0;0;0;0;0;0;1;1;-0.9853515625;1;1;0;1;1;0;0;0;1;0;0
18666;-5.902587890625;-4.917236328125;10.082763671875;0;15.9853515625;0;1;1;0;0;0;0;0;0;1;1;0;0;0;0;0;0;0;6067;21.340000152587891;0;798888;0;1;0;1;0;0;0;0;0;0;0;0;0;0;0;0;0;1;1;-0.9853515625;1;1;0;1;1;0;0;0;1;0;0
18766;-5.8125;-4.8271484375;10.1728515625;0;15.9853515625;0;1;1;0;0;0;0;0;0;1;1;0;0;0;0;0;0;0;6472;29.440000534057617;0;798888;0;1;0;1;0;0;0;0;0;0;0;0;0;0;0;0;0;1;1;-0.9853515625;1;1;0;1;1;0;0;0;1;0;0
18868;-5.71240234375;-4.72705078125;10.27294921875;0;15.9853515625;0;1;1;0;0;0;0;0;0;1;1;0;0;0;0;0;0;0;6917;38.340000152587891;0;798888;0;1;0;1;0;0;0;0;0;0;0;0;0;0;0;0;0;1;1;-0.9853515625;1;1;0;1;1;0;0;0;1;0;0
18965;-5.622314453125;-4.636962890625;10.363037109375;0;15.9853515625;0;1;1;0;0;0;0;0;0;1;1;0;0;0;0;0;0;0;7043;40.860000610351563;0;798888;0;1;0;1;0;0;0;0;0;0;0;0;0;0;0;0;0;1;1;-0.9853515625;1;1;0;1;1;0;0;0;1;0;0
19066;-5.522216796875;-4.536865234375;10.463134765625;0;15.9853515625;0;1;1;0;0;0;0;0;0;1;1;0;0;0;0;0;0;0;7278;45.55999755859375;0;798888;0;1;0;1;0;0;0;0;0;0;0;0;0;0;0;0;0;1;1;-0.9853515625;1;1;0;1;1;0;0;0;1;0;0
19168;-5.422119140625;-4.436767578125;10.563232421875;0;15.9853515625;0;1;1;0;0;0;0;0;0;1;1;0;0;0;0;0;0;0;7613;52.2599983215332;0;798888;0;1;0;1;0;0;0;0;0;0;0;0;0;0;0;0;0;1;1;-0.9853515625;1;1;0;1;1;0;0;0;1;0;0
19268;-5.33203125;-4.3466796875;10.6533203125;0;15.9853515625;0;1;1;0;0;0;0;0;0;1;1;0;0;0;0;0;0;0;8000;60.000003814697266;0;798888;0;1;0;1;0;0;0;0;0;0;0;0;0;0;0;0;0;1;1;-0.9853515625;1;1;0;1;1;0;0;0;1;0;0
19368;-5.241943359375;-4.256591796875;10.743408203125;0;15.9853515625;0;1;1;0;0;0;0;0;0;1;1;0;0;0;0;0;0;0;8468;69.360000610351563;0;798888;0;1;0;1;0;0;0;0;0;0;0;0;0;0;0;0;0;1;1;-0.9853515625;1;1;0;1;1;0;0;0;1;0;0
19470;-5.122314453125;-4.136962890625;10.863037109375;0;15.9853515625;0;1;1;0;0;0;0;0;0;1;1;0;0;0;0;0;0;0;8633;72.659996032714844;0;798888;0;1;0;1;0;0;0;0;0;0;0;0;0;0;0;0;0;1.25;1.25;-0.9853515625;1.25;1.25;0;1;1;0;0;0;1;0;0
19572;-5.01025390625;-4.02490234375;10.97509765625;0;15.9853515625;0;1;1;0;0;0;0;0;0;1;1;0;0;0;0;0;0;0;8822;76.44000244140625;0;798888;0;1;0;1;0;0;0;0;0;0;0;0;0;0;0;0;0;1.25;1.25;-0.9853515625;1.25;1.25;0;1;1;0;0;0;1;0;0
19671;-4.8857421875;-3.900390625;11.099609375;0;15.9853515625;0;1;1;0;0;0;0;0;0;1;1;0;0;0;0;0;0;0;9127;82.540000915527344;0;798888;0;1;0;1;0;0;0;0;0;0;0;0;0;0;0;0;0;1.25;1.25;-0.9853515625;1.25;1.25;0;1;1;0;0;0;1;0;0
19771;-4.773681640625;-3.788330078125;11.211669921875;0;15.9853515625;0;1;1;0;0;0;0;0;0;1;1;0;0;0;0;0;0;0;9487;89.740005493164063;0;798888;0;1;0;1;0;0;0;0;0;0;0;0;0;0;0;0;0;1.25;1.25;-0.9853515625;1.25;1.25;0;1;1;0;0;0;1;0;0
19872;-4.649169921875;-3.663818359375;11.336181640625;0;15.9853515625;0;1;1;0;1;0;0;0;0;1;1;0;1;0;0;0;0;0;9982;99.639999389648438;0;798888;0;1;0;1;0;0;0;0;0;0;0;0;0;0;0;0;0;1.25;1.25;-0.9853515625;1.25;1.25;0;1;1;0;0;0;1;0;0
19971;-4.537109375;-3.5517578125;11.4482421875;0;15.9853515625;0;1;1;0;1;0;0;0;0;1;1;0;1;0;0;0;0;0;10000;100;0;798888;0;1;0;1;0;0;0;0;0;0;0;0;0;0;0;0;0;1.25;1.25;-0.9853515625;1.25;1.25;0;1;1;0;0;0;1;0;0
20072;-4.41259765625;-3.42724609375;11.57275390625;0;15.9853515625;0;1;1;0;1;0;0;0;0;1;1;0;1;0;0;0;0;0;10000;100;0;798888;0;1;0;1;0;0;0;0;0;0;0;0;0;0;0;0;0;1.25;1.25;-0.9853515625;1.25;1.25;0;1;1;0;0;0;1;0;0
20172;-4.288330078125;-3.302978515625;11.697021484375;0;15.9853515625;0;1;1;0;1;0;0;0;0;1;1;0;1;0;0;0;0;0;10000;100;0;798888;0;1;0;1;0;0;0;0;0;0;0;0;0;0;0;0;0;1.5;1.5;-0.9853515625;1.5;1.5;0;1;1;0;0;0;1;0;0
20274;-4.154296875;-3.1689453125;11.8310546875;0;15.9853515625;0;1;1;0;1;0;0;0;0;1;1;0;1;0;0;0;0;0;10000;100;0;798888;0;1;0;1;0;0;0;0;0;0;0;0;0;0;0;0;0;1.5;1.5;-0.9853515625;1.5;1.5;0;1;1;0;0;0;1;0;0
20373;-4.00537109375;-3.02001953125;11.97998046875;0;15.9853515625;0;1;1;0;1;0;0;0;0;1;1;0;1;0;0;0;0;0;10000;100;0;798888;0;1;0;1;0;0;0;0;0;0;0;0;0;0;0;0;0;1.5;1.5;-0.9853515625;1.5;1.5;0;1;1;0;0;0;1;0;0
20474;-3.871337890625;-2.885986328125;12.114013671875;0;15.9853515625;0;1;1;0;1;0;0;0;0;1;1;0;1;0;0;0;0;0;10000;100;0;798888;0;1;0;1;0;0;0;0;0;0;0;0;0;0;0;0;0;1.5;1.5;-0.9853515625;1.5;1.5;0;1;1;0;0;0;1;0;0
20574;-3.722412109375;-2.737060546875;12.262939453125;0;15.9853515625;0;1;1;0;1;1;0;0;0;1;1;0;1;1;0;0;0;0;7500;50;0;798888;0;1;0;1;0;0;0;0;0;0;0;0;0;0;0;0;0;1.5;1.5;-0.9853515625;1.5;1.5;0;1;1;0;0;0;1;0;0
20674;-3.60791015625;-2.62255859375;12.37744140625;0;15.9853515625;0;0;0;0;0;0;0;0;0;0;0;0;0;0;0;0;0;0;5250;0;0;798888;0;1;0;1;0;0;0;0;0;0;0;0;0;0;0;0;0;1;1;-0.9853515625;1;1;0;1;0;0;0;0;0;0;0
20775;-3.5078125;-2.5224609375;12.4775390625;0;15.9853515625;0;0;0;0;0;0;0;0;0;0;0;0;0;0;0;0;0;0;5000;0;0;798888;0;1;0;1;0;0;0;0;0;0;0;0;0;0;0;0;0;1;1;-0.9853515625;1;1;0;1;0;0;0;0;0;0;0
20874;-3.417724609375;-2.432373046875;12.567626953125;0;15.9853515625;0;0;0;0;0;0;0;0;0;0;0;0;0;0;0;0;0;0;5000;0;0;798888;0;1;0;1;0;0;0;0;0;0;0;0;0;0;0;0;0;1;1;-0.9853515625;1;1;0;1;0;0;0;0;0;0;0
20974;-3.317626953125;-2.332275390625;12.667724609375;0;15.9853515625;0;0;0;0;0;0;0;0;0;0;0;0;0;0;0;0;0;0;5000;0;0;798888;0;1;0;1;0;0;0;0;0;0;0;0;0;0;0;0;0;1;1;-0.9853515625;1;1;0;1;0;0;0;0;0;0;0
21075;-3.257568359375;-2.232177734375;12.767822265625;0;16.025390625;0;0;0;0;0;0;0;0;0;0;0;0;0;0;0;0;0;0;5000;0;0;798888;0;1;0;1;0;0;0;0;0;0;0;0;0;0;0;0;0;0;1;-1.025390625;0;1;0;1;0;0;0;0;0;0;0
21176;-3.257568359375;-2.18212890625;12.81787109375;0;16.075439453125;0;0;0;0;0;0;0;0;0;0;0;0;0;0;0;0;0;0;5000;0;0;798888;0;1;0;1;0;0;0;0;0;0;0;0;0;0;0;0;0;0;0;-1.075439453125;0;0;0;1;0;0;0;0;0;0;0
21277;-3.257568359375;-2.18212890625;12.81787109375;0;16.075439453125;0;0;0;0;0;0;0;0;0;0;0;0;0;0;0;0;0;0;5000;0;0;798888;0;1;0;1;0;0;0;0;0;0;0;0;0;0;0;0;0;0;0;-1.075439453125;0;0;0;1;0;0;0;0;0;0;0
21378;-3.257568359375;-2.18212890625;12.81787109375;0;16.075439453125;0;0;0;0;0;0;0;0;0;0;0;0;0;0;0;0;0;0;5000;0;0;798888;0;1;0;1;0;0;0;0;0;0;0;0;0;0;0;0;0;0;0;-1.075439453125;0;0;0;1;0;0;0;0;0;0;0
21478;-3.257568359375;-2.18212890625;12.81787109375;0;16.075439453125;0;0;0;0;0;0;0;0;0;0;0;0;0;0;0;0;0;0;5000;0;0;798888;0;1;0;1;0;0;0;0;0;0;0;0;0;0;0;0;0;0;0;-1.075439453125;0;0;0;1;0;0;0;0;0;0;0
21578;-3.257568359375;-2.18212890625;12.81787109375;0;16.075439453125;0;0;0;0;0;0;0;0;0;0;0;0;0;0;0;0;0;0;5000;0;0;798888;0;1;0;0;0;0;0;0;0;0;0;0;0;0;0;0;0;0;0;-1.075439453125;0;0;0;1;0;0;0;0;0;0;0
21679;-3.257568359375;-2.18212890625;12.81787109375;0;16.075439453125;0;0;0;0;0;0;0;0;0;0;0;0;0;0;0;0;0;0;5000;0;0;798888;0;1;0;0;0;0;0;0;0;0;0;0;0;0;0;0;0;0;0;-1.075439453125;0;0;0;1;0;0;0;0;0;0;0
21781;-3.257568359375;-2.18212890625;12.81787109375;0;16.075439453125;0;0;0;0;0;0;0;0;0;0;0;0;0;0;0;0;0;0;5000;0;0;798888;0;1;0;0;0;0;0;0;0;0;0;0;0;0;0;0;0;0;0;-1.075439453125;0;0;0;1;0;0;0;0;0;0;0
21880;-3.257568359375;-2.18212890625;12.81787109375;0;16.075439453125;0;0;0;0;0;0;0;0;0;0;0;0;0;0;0;0;0;0;5000;0;0;798888;0;1;0;0;0;0;0;0;0;0;0;0;0;0;0;0;0;0;0;-1.075439453125;0;0;0;1;0;0;0;0;0;0;0
21981;-3.257568359375;-2.18212890625;12.81787109375;0;16.075439453125;0;0;0;0;0;0;0;0;0;0;0;0;0;0;0;0;0;0;5000;0;0;798888;0;1;0;0;0;0;0;0;0;0;0;0;0;0;0;0;0;0;0;-1.075439453125;0;0;0;1;0;0;0;0;0;0;0
22081;-3.257568359375;-2.18212890625;12.81787109375;0;16.075439453125;0;0;0;0;0;0;0;0;0;0;0;0;0;0;0;0;0;0;5000;0;0;798888;0;1;0;0;0;0;0;0;0;0;0;0;0;0;0;0;0;0;0;-1.075439453125;0;0;0;1;0;0;0;0;0;0;0
22181;-3.257568359375;-2.18212890625;12.81787109375;0;16.075439453125;0;0;0;0;0;0;0;0;0;0;0;0;0;0;0;0;0;0;5000;0;0;798888;0;1;0;0;0;0;0;0;0;0;0;0;0;0;0;0;0;0;0;-1.075439453125;0;0;0;1;0;0;0;0;0;0;0
22282;-3.257568359375;-2.18212890625;12.81787109375;0;16.075439453125;0;0;0;0;0;0;0;0;0;0;0;0;0;0;0;0;0;0;5000;0;0;798888;0;1;0;0;0;0;0;0;0;0;0;0;0;0;0;0;0;0;0;-1.075439453125;0;0;0;1;0;0;0;0;0;0;0
22383;-3.257568359375;-2.18212890625;12.81787109375;0;16.075439453125;0;0;0;0;0;0;0;0;0;0;0;0;0;0;0;0;0;0;5000;0;0;798888;0;1;0;0;0;0;0;0;0;0;0;0;0;0;0;0;0;0;0;-1.075439453125;0;0;0;1;0;0;0;0;0;0;0
22483;-3.257568359375;-2.18212890625;12.81787109375;0;16.075439453125;0;0;0;0;0;0;0;0;0;0;0;0;0;0;0;0;0;0;5000;0;0;798888;0;1;0;0;0;0;0;0;0;0;0;0;0;0;0;0;0;0;0;-1.075439453125;0;0;0;1;0;0;0;0;0;0;0
22584;-3.257568359375;-2.18212890625;12.81787109375;0;16.075439453125;0;0;0;0;0;0;0;0;0;0;0;0;0;0;0;0;0;0;5000;0;0;798888;0;1;0;0;0;0;0;0;0;0;0;0;0;0;0;0;0;0;0;-1.075439453125;0;0;0;1;0;0;0;0;0;0;0
22684;-3.257568359375;-2.18212890625;12.81787109375;0;16.075439453125;0;0;0;0;0;0;0;0;0;0;0;0;0;0;0;0;0;0;5000;0;0;798888;0;1;0;0;0;0;0;0;0;0;0;0;0;0;0;0;0;0;0;-1.075439453125;0;0;0;1;0;0;0;0;0;0;0
22785;-3.257568359375;-2.18212890625;12.81787109375;0;16.075439453125;0;0;0;0;0;0;0;0;0;0;0;0;0;0;0;0;0;0;5000;0;0;798888;0;1;0;0;0;0;0;0;0;0;0;0;0;0;0;0;0;0;0;-1.075439453125;0;0;0;1;0;0;0;0;0;0;0
22885;-3.257568359375;-2.18212890625;12.81787109375;0;16.075439453125;0;0;0;0;0;0;0;0;0;0;0;0;0;0;0;0;0;0;5000;0;0;798888;0;1;0;0;0;0;0;0;0;0;0;0;0;0;0;0;0;0;0;-1.075439453125;0;0;0;1;0;0;0;0;0;0;0
22985;-3.257568359375;-2.18212890625;12.81787109375;0;16.075439453125;0;0;0;0;0;0;0;0;0;0;0;0;0;0;0;0;0;0;5000;0;0;798888;0;1;0;0;0;0;0;0;0;0;0;0;0;0;0;0;0;0;0;-1.075439453125;0;0;0;1;0;0;0;0;0;0;0
23085;-3.257568359375;-2.18212890625;12.81787109375;0;16.075439453125;0;0;0;0;0;0;0;0;0;0;0;0;0;0;0;0;0;0;5000;0;0;798888;0;1;0;0;0;0;0;0;0;0;0;0;0;0;0;0;0;0;0;-1.075439453125;0;0;0;1;0;0;0;0;0;0;0
23185;-3.257568359375;-2.18212890625;12.81787109375;0;16.075439453125;0;0;0;0;0;0;0;0;0;0;0;0;0;0;0;0;0;0;5125;0;0;798888;0;1;0;0;0;0;0;0;0;0;0;0;0;0;0;0;0;0;0;-1.075439453125;0;0;0;1;0;0;0;0;0;0;0
23286;-3.24755859375;-2.172119140625;12.827880859375;0;16.075439453125;0;1;1;0;0;0;0;0;0;1;1;0;0;0;0;0;0;0;5350;7;0;798888;0;1;0;1;0;0;0;0;0;0;0;0;0;0;0;0;0;1;1;-1.075439453125;1;1;0;1;1;0;0;0;1;0;0
23386;-3.157470703125;-2.08203125;12.91796875;0;16.075439453125;0;1;1;0;0;0;0;0;0;1;1;0;0;0;0;0;0;0;5638;12.760000228881836;0;798888;0;1;0;1;0;0;0;0;0;0;0;0;0;0;0;0;0;1;1;-1.075439453125;1;1;0;1;1;0;0;0;1;0;0
23486;-3.057373046875;-1.98193359375;13.01806640625;0;16.075439453125;0;1;1;0;0;0;0;0;0;1;1;0;0;0;0;0;0;0;6053;21.059999465942383;0;798888;0;1;0;1;0;0;0;0;0;0;0;0;0;0;0;0;0;1;1;-1.075439453125;1;1;0;1;1;0;0;0;1;0;0
23586;-2.957275390625;-1.8818359375;13.1181640625;0;16.075439453125;0;1;1;0;0;0;0;0;0;1;1;0;0;0;0;0;0;0;6568;31.360000610351563;0;798888;0;1;0;1;0;0;0;0;0;0;0;0;0;0;0;0;0;1;1;-1.075439453125;1;1;0;1;1;0;0;0;1;0;0
23689;-2.8671875;-1.791748046875;13.208251953125;0;16.075439453125;0;1;1;0;0;0;0;0;0;1;1;0;0;0;0;0;0;0;6717;34.340000152587891;0;798888;0;1;0;1;0;0;0;0;0;0;0;0;0;0;0;0;0;1;1;-1.075439453125;1;1;0;1;1;0;0;0;1;0;0
23788;-2.76708984375;-1.691650390625;13.308349609375;0;16.075439453125;0;1;1;0;0;0;0;0;0;1;1;0;0;0;0;0;0;0;6922;38.44000244140625;0;798888;0;1;0;1;0;0;0;0;0;0;0;0;0;0;0;0;0;1;1;-1.075439453125;1;1;0;1;1;0;0;0;1;0;0
23888;-2.677001953125;-1.6015625;13.3984375;0;16.075439453125;0;1;1;0;0;0;0;0;0;1;1;0;0;0;0;0;0;0;7192;43.840000152587891;0;798888;0;1;0;1;0;0;0;0;0;0;0;0;0;0;0;0;0;1;1;-1.075439453125;1;1;0;1;1;0;0;0;1;0;0
23987;-2.5869140625;-1.511474609375;13.488525390625;0;16.075439453125;0;1;1;0;0;0;0;0;0;1;1;0;0;0;0;0;0;0;7543;50.860000610351563;0;798888;0;1;0;1;0;0;0;0;0;0;0;0;0;0;0;0;0;1;1;-1.075439453125;1;1;0;1;1;0;0;0;1;0;0
24089;-2.48681640625;-1.411376953125;13.588623046875;0;16.075439453125;0;1;1;0;0;0;0;0;0;1;1;0;0;0;0;0;0;0;8028;60.560001373291016;0;798888;0;1;0;1;0;0;0;0;0;0;0;0;0;0;0;0;0;1;1;-1.075439453125;1;1;0;1;1;0;0;0;1;0;0
24190;-2.38671875;-1.311279296875;13.688720703125;0;16.075439453125;0;1;1;0;0;0;0;0;0;1;1;0;0;0;0;0;0;0;8313;66.259994506835938;0;798888;0;1;0;1;0;0;0;0;0;0;0;0;0;0;0;0;0;1;1;-1.075439453125;1;1;0;1;1;0;0;0;1;0;0
24290;-2.296630859375;-1.22119140625;13.77880859375;0;16.075439453125;0;1;1;0;0;0;0;0;0;1;1;0;0;0;0;0;0;0;8475;69.5;0;798888;0;1;0;1;0;0;0;0;0;0;0;0;0;0;0;0;0;1;1;-1.075439453125;1;1;0;1;1;0;0;0;1;0;0
24390;-2.196533203125;-1.12109375;13.87890625;0;16.075439453125;0;1;1;0;0;0;0;0;0;1;1;0;0;0;0;0;0;0;8750;75;0;798888;0;1;0;1;0;0;0;0;0;0;0;0;0;0;0;0;0;1;1;-1.075439453125;1;1;0;1;1;0;0;0;1;0;0
24491;-2.1064453125;-1.031005859375;13.968994140625;0;16.075439453125;0;1;1;0;0;0;0;0;0;1;1;0;0;0;0;0;0;0;9083;81.660003662109375;0;798888;0;1;0;1;0;0;0;0;0;0;0;0;0;0;0;0;0;1;1;-1.075439453125;1;1;0;1;1;0;0;0;1;0;0
24591;-2.00634765625;-0.930908203125;14.069091796875;0;16.075439453125;0;1;1;0;0;0;0;0;0;1;1;0;0;0;0;0;0;0;9548;90.959999084472656;0;798888;0;1;0;1;0;0;0;0;0;0;0;0;0;0;0;0;0;1;1;-1.075439453125;1;1;0;1;1;0;0;0;1;0;0
24691;-1.916259765625;-0.8408203125;14.1591796875;0;16.075439453125;0;1;1;0;0;0;0;0;0;1;1;0;0;0;0;0;0;0;7298;45.959999084472656;0;798888;0;1;0;1;0;0;0;0;0;0;0;0;0;0;0;0;0;1;1;-1.075439453125;1;1;0;1;1;0;0;0;1;0;0
24792;-1.816162109375;-0.74072265625;14.25927734375;0;16.075439453125;0;0;0;0;0;0;0;0;0;0;0;0;0;0;0;0;0;0;5000;0;0;798888;0;1;0;1;0;0;0;0;0;0;0;0;0;0;0;0;0;1;1;-1.075439453125;1;1;0;1;0;0;0;0;0;0;0
24893;-1.72607421875;-0.650634765625;14.349365234375;0;16.075439453125;0;0;0;0;0;0;0;0;0;0;0;0;0;0;0;0;0;0;5000;0;0;798888;0;1;0;1;0;0;0;0;0;0;0;0;0;0;0;0;0;1;1;-1.075439453125;1;1;0;1;0;0;0;0;0;0;0
24992;-1.635986328125;-0.560546875;14.439453125;0;16.075439453125;0;0;0;0;0;0;0;0;0;0;0;0;0;0;0;0;0;0;5000;0;0;798888;0;1;0;1;0;0;0;0;0;0;0;0;0;0;0;0;0;1;1;-1.075439453125;1;1;0;1;0;0;0;0;0;0;0
25094;-1.535888671875;-0.48046875;14.51953125;0;16.055419921875;0;0;0;0;0;0;0;0;0;0;0;0;0;0;0;0;0;0;5000;0;0;798888;0;1;0;1;0;0;0;0;0;0;0;0;0;0;0;0;0;1;0;-1.055419921875;1;0;0;1;0;0;0;0;0;0;0
25195;-1.48583984375;-0.48046875;14.51953125;0;16.00537109375;0;0;0;0;0;0;0;0;0;0;0;0;0;0;0;0;0;0;5000;0;0;798888;0;1;0;1;0;0;0;0;0;0;0;0;0;0;0;0;0;0;0;-1.00537109375;0;0;0;1;0;0;0;0;0;0;0
25296;-1.48583984375;-0.48046875;14.51953125;0;16.00537109375;0;0;0;0;0;0;0;0;0;0;0;0;0;0;0;0;0;0;5000;0;0;798888;0;1;0;1;0;0;0;0;0;0;0;0;0;0;0;0;0;0;0;-1.00537109375;0;0;0;1;0;0;0;0;0;0;0
25396;-1.48583984375;-0.48046875;14.51953125;0;16.00537109375;0;0;0;0;0;0;0;0;0;0;0;0;0;0;0;0;0;0;5000;0;0;798888;0;1;0;1;0;0;0;0;0;0;0;0;0;0;0;0;0;0;0;-1.00537109375;0;0;0;1;0;0;0;0;0;0;0
25497;-1.48583984375;-0.48046875;14.51953125;0;16.00537109375;0;0;0;0;0;0;0;0;0;0;0;0;0;0;0;0;0;0;5000;0;0;798888;0;1;0;1;0;0;0;0;0;0;0;0;0;0;0;0;0;0;0;-1.00537109375;0;0;0;1;0;0;0;0;0;0;0
25597;-1.48583984375;-0.48046875;14.51953125;0;16.00537109375;0;0;0;0;0;0;0;0;0;0;0;0;0;0;0;0;0;0;5000;0;0;798888;0;1;0;1;0;0;0;0;0;0;0;0;0;0;0;0;0;0;0;-1.00537109375;0;0;0;1;0;0;0;0;0;0;0
25698;-1.48583984375;-0.48046875;14.51953125;0;16.00537109375;0;0;0;0;0;0;0;0;0;0;0;0;0;0;0;0;0;0;5000;0;0;798888;0;1;0;1;0;0;0;0;0;0;0;0;0;0;0;0;0;0;0;-1.00537109375;0;0;0;1;0;0;0;0;0;0;0
25799;-1.48583984375;-0.48046875;14.51953125;0;16.00537109375;0;0;0;0;0;0;0;0;0;0;0;0;0;0;0;0;0;0;5000;0;0;798888;0;1;0;1;0;0;0;0;0;0;0;0;0;0;0;0;0;0;0;-1.00537109375;0;0;0;1;0;0;0;0;0;0;0
25899;-1.48583984375;-0.48046875;14.51953125;0;16.00537109375;0;0;0;0;0;0;0;0;0;0;0;0;0;0;0;0;0;0;5000;0;0;798888;0;1;0;1;0;0;0;0;0;0;0;0;0;0;0;0;0;0;0;-1.00537109375;0;0;0;1;0;0;0;0;0;0;0
25999;-1.48583984375;-0.48046875;14.51953125;0;16.00537109375;0;0;0;0;0;0;0;0;0;0;0;0;0;0;0;0;0;0;5000;0;0;798888;0;1;0;1;0;0;0;0;0;0;0;0;0;0;0;0;0;0;0;-1.00537109375;0;0;0;1;0;0;0;0;0;0;0
26099;-1.48583984375;-0.48046875;14.51953125;0;16.00537109375;0;0;0;0;0;0;0;0;0;0;0;0;0;0;0;0;0;0;5000;0;0;798888;0;1;0;1;0;0;0;0;0;0;0;0;0;0;0;0;0;0;0;-1.00537109375;0;0;0;1;0;0;0;0;0;0;0
26201;-1.48583984375;-0.48046875;14.51953125;0;16.00537109375;0;0;0;0;0;0;0;0;0;0;0;0;0;0;0;0;0;0;5000;0;0;798888;0;1;0;1;0;0;0;0;0;0;0;0;0;0;0;0;0;0;0;-1.00537109375;0;0;0;1;0;0;0;0;0;0;0
26301;-1.48583984375;-0.48046875;14.51953125;0;16.00537109375;0;0;0;0;0;0;0;0;0;0;0;0;0;0;0;0;0;0;5231;0;0;798888;0;1;0;1;0;0;0;0;0;0;0;0;0;0;0;0;0;0;0;-1.00537109375;0;0;0;1;0;0;0;0;0;0;0
26402;-1.48583984375;-0.48046875;14.51953125;0;16.00537109375;0;0;0;0;0;0;0;0;0;0;0;0;0;0;0;0;0;0;5416;0;0;798888;0;1;0;0;0;0;0;0;0;0;0;0;0;0;0;0;0;0;0;-1.00537109375;0;0;0;1;0;0;0;0;0;0;0
26502;-1.40576171875;-0.400390625;14.599609375;0;16.00537109375;0;1;1;0;0;0;0;0;0;1;1;0;0;0;0;0;0;0;5701;14.020000457763672;0;798888;0;1;0;1;0;0;0;0;0;0;0;0;0;0;0;0;0;1;1;-1.00537109375;1;1;0;1;1;0;0;0;1;0;0
26604;-1.315673828125;-0.310302734375;14.689697265625;0;16.00537109375;0;1;1;0;0;0;0;0;0;1;1;0;0;0;0;0;0;0;6043;20.860000610351563;0;798888;0;1;0;1;0;0;0;0;0;0;0;0;0;0;0;0;0;1;1;-1.00537109375;1;1;0;1;1;0;0;0;1;0;0
26704;-1.215576171875;-0.210205078125;14.789794921875;0;16.00537109375;0;1;1;0;0;0;0;0;0;1;1;0;0;0;0;0;0;0;6518;30.360000610351563;0;798888;0;1;0;1;0;0;0;0;0;0;0;0;0;0;0;0;0;1;1;-1.00537109375;1;1;0;1;1;0;0;0;1;0;0
26804;-1.12548828125;-0.1201171875;14.8798828125;0;16.00537109375;0;1;1;0;0;0;0;0;0;1;1;0;0;0;0;0;0;0;6831;36.619998931884766;0;798888;0;1;0;1;0;0;0;0;0;0;0;0;0;0;0;0;0;1;1;-1.00537109375;1;1;0;1;1;0;0;0;1;0;0
26904;-1.025390625;-0.02001953125;14.97998046875;0;16.00537109375;0;1;1;0;0;0;0;0;0;1;1;0;0;0;0;0;0;0;6996;39.919998168945313;0;798888;0;1;0;1;0;0;0;0;0;0;0;0;0;0;0;0;0;1;1;-1.00537109375;1;1;0;1;1;0;0;0;1;0;0
27005;-0.935302734375;0.070068359375;15.070068359375;0;16.00537109375;0;1;1;0;0;0;0;0;0;1;1;0;0;0;0;0;0;0;7230;44.600002288818359;0;798888;0;1;0;1;0;0;0;0;0;0;0;0;0;0;0;0;0;1;1;-1.00537109375;1;1;0;1;1;0;0;0;1;0;0
27105;-0.835205078125;0.170166015625;15.170166015625;0;16.00537109375;0;1;1;0;0;0;0;0;0;1;1;0;0;0;0;0;0;0;7585;51.700000762939453;0;798888;0;1;0;1;0;0;0;0;0;0;0;0;0;0;0;0;0;1;1;-1.00537109375;1;1;0;1;1;0;0;0;1;0;0
27207;-0.7451171875;0.26025390625;15.26025390625;0;16.00537109375;0;1;1;0;0;0;0;0;0;1;1;0;0;0;0;0;0;0;7990;59.799999237060547;0;798888;0;1;0;1;0;0;0;0;0;0;0;0;0;0;0;0;0;1;1;-1.00537109375;1;1;0;1;1;0;0;0;1;0;0
27308;-0.64501953125;0.3603515625;15.3603515625;0;16.00537109375;0;1;1;0;0;0;0;0;0;1;1;0;0;0;0;0;0;0;8435;68.699996948242188;0;798888;0;1;0;1;0;0;0;0;0;0;0;0;0;0;0;0;0;1;1;-1.00537109375;1;1;0;1;1;0;0;0;1;0;0
27408;-0.544921875;0.46044921875;15.46044921875;0;16.00537109375;0;1;1;0;0;0;0;0;0;1;1;0;0;0;0;0;0;0;5935;18.700000762939453;0;798888;0;1;0;1;0;0;0;0;0;0;0;0;0;0;0;0;0;1;1;-1.00537109375;1;1;0;1;1;0;0;0;1;0;0
27509;-0.454833984375;0.550537109375;15.550537109375;0;16.00537109375;0;0;0;0;0;0;0;0;0;0;0;0;0;0;0;0;0;0;5000;0;0;798888;0;1;0;1;0;0;0;0;0;0;0;0;0;0;0;0;0;1;1;-1.00537109375;1;1;0;1;0;0;0;0;0;0;0
27609;-0.354736328125;0.650634765625;15.650634765625;0;16.00537109375;0;0;0;0;0;0;0;0;0;0;0;0;0;0;0;0;0;0;5000;0;0;798888;0;1;0;1;0;0;0;0;0;0;0;0;0;0;0;0;0;1;1;-1.00537109375;1;1;0;1;0;0;0;0;0;0;0
27710;-0.2646484375;0.74072265625;15.74072265625;0;16.00537109375;0;0;0;0;0;0;0;0;0;0;0;0;0;0;0;0;0;0;5000;0;0;798888;0;1;0;1;0;0;0;0;0;0;0;0;0;0;0;0;0;1;1;-1.00537109375;1;1;0;1;0;0;0;0;0;0;0
27809;-0.16455078125;0.8408203125;15.8408203125;0;16.00537109375;0;0;0;0;0;0;0;0;0;0;0;0;0;0;0;0;0;0;5000;0;0;798888;0;1;0;1;0;0;0;0;0;0;0;0;0;0;0;0;0;1;1;-1.00537109375;1;1;0;1;0;0;0;0;0;0;0
27910;-0.16455078125;0.930908203125;15.930908203125;0;16.095458984375;0;0;0;0;0;0;0;0;0;0;0;0;0;0;0;0;0;0;5000;0;0;798888;0;1;0;1;0;0;0;0;0;0;0;0;0;0;0;0;0;0;1;-1.095458984375;0;1;0;1;0;0;0;0;0;0;0
28010;-0.16455078125;0.930908203125;15.930908203125;0;16.095458984375;0;0;0;0;0;0;0;0;0;0;0;0;0;0;0;0;0;0;5000;0;0;798888;0;1;0;1;0;0;0;0;0;0;0;0;0;0;0;0;0;0;0;-1.095458984375;0;0;0;1;0;0;0;0;0;0;0
28111;-0.16455078125;0.930908203125;15.930908203125;0;16.095458984375;0;0;0;0;0;0;0;0;0;0;0;0;0;0;0;0;0;0;5000;0;0;798888;0;1;0;1;0;0;0;0;0;0;0;0;0;0;0;0;0;0;0;-1.095458984375;0;0;0;1;0;0;0;0;0;0;0
28212;-0.16455078125;0.930908203125;15.930908203125;0;16.095458984375;0;0;0;0;0;0;0;0;0;0;0;0;0;0;0;0;0;0;5000;0;0;798888;0;1;0;1;0;0;0;0;0;0;0;0;0;0;0;0;0;0;0;-1.095458984375;0;0;0;1;0;0;0;0;0;0;0
28314;-0.16455078125;0.930908203125;15.930908203125;0;16.095458984375;0;0;0;0;0;0;0;0;0;0;0;0;0;0;0;0;0;0;5000;0;0;798888;0;1;0;1;0;0;0;0;0;0;0;0;0;0;0;0;0;0;0;-1.095458984375;0;0;0;1;0;0;0;0;0;0;0
28414;-0.16455078125;0.930908203125;15.930908203125;0;16.095458984375;0;0;0;0;0;0;0;0;0;0;0;0;0;0;0;0;0;0;5000;0;0;798888;0;1;0;1;0;0;0;0;0;0;0;0;0;0;0;0;0;0;0;-1.095458984375;0;0;0;1;0;0;0;0;0;0;0
28515;-0.16455078125;0.930908203125;15.930908203125;0;16.095458984375;0;0;0;0;0;0;0;0;0;0;0;0;0;0;0;0;0;0;5000;0;0;798888;0;1;0;1;0;0;0;0;0;0;0;0;0;0;0;0;0;0;0;-1.095458984375;0;0;0;1;0;0;0;0;0;0;0
28616;-0.16455078125;0.930908203125;15.930908203125;0;16.095458984375;0;0;0;0;0;0;0;0;0;0;0;0;0;0;0;0;0;0;5000;0;0;798888;0;1;0;1;0;0;0;0;0;0;0;0;0;0;0;0;0;0;0;-1.095458984375;0;0;0;1;0;0;0;0;0;0;0
28717;-0.16455078125;0.930908203125;15.930908203125;0;16.095458984375;0;0;0;0;0;0;0;0;0;0;0;0;0;0;0;0;0;0;5000;0;0;798888;0;1;0;1;0;0;0;0;0;0;0;0;0;0;0;0;0;0;0;-1.095458984375;0;0;0;1;0;0;0;0;0;0;0
28819;-0.16455078125;0.930908203125;15.930908203125;0;16.095458984375;0;0;0;0;0;0;0;0;0;0;0;0;0;0;0;0;0;0;5000;0;0;798888;0;1;0;1;0;0;0;0;0;0;0;0;0;0;0;0;0;0;0;-1.095458984375;0;0;0;1;0;0;0;0;0;0;0
28919;-0.16455078125;0.930908203125;15.930908203125;0;16.095458984375;0;0;0;0;0;0;0;0;0;0;0;0;0;0;0;0;0;0;5000;0;0;798888;0;1;0;1;0;0;0;0;0;0;0;0;0;0;0;0;0;0;0;-1.095458984375;0;0;0;1;0;0;0;0;0;0;0
29021;-0.16455078125;0.930908203125;15.930908203125;0;16.095458984375;0;0;0;0;0;0;0;0;0;0;0;0;0;0;0;0;0;0;5000;0;0;798888;0;1;0;1;0;0;0;0;0;0;0;0;0;0;0;0;0;0;0;-1.095458984375;0;0;0;1;0;0;0;0;0;0;0
29121;-0.16455078125;0.930908203125;15.930908203125;0;16.095458984375;0;0;0;0;0;0;0;0;0;0;0;0;0;0;0;0;0;0;5000;0;0;798888;0;1;0;1;0;0;0;0;0;0;0;0;0;0;0;0;0;0;0;-1.095458984375;0;0;0;1;0;0;0;0;0;0;0
29222;-0.16455078125;0.930908203125;15.930908203125;0;16.095458984375;0;0;0;0;0;0;0;0;0;0;0;0;0;0;0;0;0;0;5000;0;0;798888;0;1;0;1;0;0;0;0;0;0;0;0;0;0;0;0;0;0;0;-1.095458984375;0;0;0;1;0;0;0;0;0;0;0
29323;-0.16455078125;0.930908203125;15.930908203125;0;16.095458984375;0;0;0;0;0;0;0;0;0;0;0;0;0;0;0;0;0;0;5000;0;0;798888;0;1;0;1;0;0;0;0;0;0;0;0;0;0;0;0;0;0;0;-1.095458984375;0;0;0;1;0;0;0;0;0;0;0
29423;-0.16455078125;0.930908203125;15.930908203125;0;16.095458984375;0;0;0;0;0;0;0;0;0;0;0;0;0;0;0;0;0;0;5000;0;0;798888;0;1;0;1;0;0;0;0;0;0;0;0;0;0;0;0;0;0;0;-1.095458984375;0;0;0;1;0;0;0;0;0;0;0
29523;-0.16455078125;0.930908203125;15.930908203125;0;16.095458984375;0;0;0;0;0;0;0;0;0;0;0;0;0;0;0;0;0;0;4865;0;0;798888;0;1;0;1;0;0;0;0;0;0;0;0;0;0;0;0;0;0;0;-1.095458984375;0;0;0;1;0;0;0;0;0;0;0
29623;-0.16455078125;0.930908203125;15.930908203125;0;16.095458984375;0;0;0;0;0;0;0;0;0;0;0;0;0;0;0;0;0;0;4658;0;0;798888;0;1;0;0;0;0;0;0;0;0;0;0;0;0;0;0;0;0;0;-1.095458984375;0;0;0;1;0;0;0;0;0;0;0
29724;-0.16455078125;0.930908203125;15.930908203125;0;16.095458984375;0;0;0;0;0;0;0;0;0;0;0;0;0;0;0;0;0;0;4370;12.600000381469727;0;798888;0;1;0;1;0;0;0;0;0;0;0;0;0;0;0;0;0;0;0;-1.095458984375;0;0;0;1;0;1;74;0;0;0;0
29824;-0.16455078125;0.930908203125;15.930908203125;0;16.095458984375;0;0;0;0;0;0;0;0;0;0;0;0;0;0;0;0;0;0;3955;20.900001525878906;0;798888;0;1;0;1;0;0;0;0;0;0;0;0;0;0;0;0;0;0;0;-1.095458984375;0;0;0;1;0;1;179;0;0;0;0
29925;-0.16455078125;0.930908203125;15.930908203125;0;16.095458984375;0;0;0;0;0;0;0;0;0;0;0;0;0;0;0;0;0;0;3496;30.079999923706055;0;798888;0;1;0;1;0;0;0;0;0;0;0;0;0;0;0;0;0;0;0;-1.095458984375;0;0;0;1;0;1;275;0;0;0;0
30024;-0.16455078125;0.930908203125;15.930908203125;0;16.095458984375;0;0;0;0;0;0;0;0;0;0;0;0;0;0;0;0;0;0;3291;34.180000305175781;0;798888;0;1;0;1;0;0;0;0;0;0;0;0;0;0;0;0;0;0;0;-1.095458984375;0;0;0;1;0;1;378;0;0;0;0
30126;-0.16455078125;0.930908203125;15.930908203125;0;16.095458984375;0;0;0;0;0;0;0;0;0;0;0;0;0;0;0;0;0;0;3086;38.280002593994141;0;798888;0;1;0;1;0;0;0;0;0;0;0;0;0;0;0;0;0;0;0;-1.095458984375;0;0;0;1;0;1;482;0;0;0;0
30225;-0.16455078125;0.930908203125;15.930908203125;0;16.095458984375;0;0;0;0;0;0;0;0;0;0;0;0;0;0;0;0;0;0;2816;43.680000305175781;0;798888;0;1;0;1;0;0;0;0;0;0;0;0;0;0;0;0;0;0;0;-1.095458984375;0;0;0;1;0;1;578;0;0;0;0
30327;-0.16455078125;0.930908203125;15.930908203125;0;16.095458984375;0;0;0;0;0;0;0;0;0;0;0;0;0;0;0;0;0;0;2465;50.700004577636719;0;798888;0;1;0;1;0;0;0;0;0;0;0;0;0;0;0;0;0;0;0;-1.095458984375;0;0;0;1;0;1;676;0;0;0;0
30428;-0.16455078125;0.930908203125;15.930908203125;0;16.095458984375;0;0;0;0;0;0;0;0;0;0;0;0;0;0;0;0;0;0;1980;60.399997711181641;0;798888;0;1;0;1;0;0;0;0;0;0;0;0;0;0;0;0;0;0;0;-1.095458984375;0;0;0;1;0;1;779;0;0;0;0
30529;-0.16455078125;0.930908203125;15.930908203125;0;16.095458984375;0;0;0;0;0;0;0;0;0;0;0;0;0;0;0;0;0;0;1695;66.0999984741211;0;798888;0;1;0;1;0;0;0;0;0;0;0;0;0;0;0;0;0;0;0;-1.095458984375;0;0;0;1;0;1;884;0;0;0;0
30628;-0.16455078125;0.930908203125;15.930908203125;0;16.095458984375;0;0;0;0;0;0;0;0;0;0;0;0;0;0;0;0;0;0;1533;69.340003967285156;0;798888;0;1;0;1;0;0;0;0;0;0;0;0;0;0;0;0;0;0;0;-1.095458984375;0;0;0;1;0;1;978;0;0;0;0
30730;-0.16455078125;0.930908203125;15.930908203125;0;16.095458984375;0;0;0;0;0;0;0;0;0;0;0;0;0;0;0;0;0;0;1258;74.839996337890625;0;798888;0;1;0;1;0;0;0;0;0;0;0;0;0;0;0;0;0;0;0;-1.095458984375;0;0;0;1;0;1;1085;0;0;0;0
30831;-0.16455078125;0.930908203125;15.930908203125;0;16.095458984375;0;0;0;0;0;0;0;0;0;0;0;0;0;0;0;0;0;0;925;81.5;0;798888;0;1;0;1;0;0;0;0;0;0;0;0;0;0;0;0;0;0;0;-1.095458984375;0;0;0;1;0;1;1179;0;0;0;0
30932;-0.16455078125;0.930908203125;15.930908203125;0;16.095458984375;0;0;0;0;0;0;0;0;0;0;0;0;0;0;0;0;0;0;460;90.800003051757813;0;798888;0;1;0;1;0;0;0;0;0;0;0;0;0;0;0;0;0;0;0;-1.095458984375;0;0;0;1;0;1;1282;0;0;0;0
31034;-0.16455078125;0.930908203125;15.930908203125;0;16.095458984375;0;0;0;0;0;0;0;0;0;0;0;0;0;0;0;0;0;0;95;98.0999984741211;0;798888;0;1;0;1;0;0;0;0;0;0;0;0;0;0;0;0;0;0;0;-1.095458984375;0;0;0;1;0;1;1385;0;0;0;0
31134;-0.16455078125;0.930908203125;15.930908203125;0;16.095458984375;0;0;0;0;0;0;0;0;0;0;0;0;0;0;0;0;0;0;0;100;0;798888;0;1;0;1;0;0;0;0;0;0;0;0;0;0;0;0;0;0;0;-1.095458984375;0;0;0;1;0;1;1482;0;0;0;0
31234;-0.16455078125;0.930908203125;15.930908203125;0;16.095458984375;0;0;0;0;0;0;0;0;0;0;0;0;0;0;0;0;0;0;0;100;0;798888;0;1;0;1;0;0;0;0;0;0;0;0;0;0;0;0;0;0;0;-1.095458984375;0;0;0;1;0;1;1586;0;0;0;0
31335;-0.16455078125;0.930908203125;15.930908203125;0;16.095458984375;0;0;0;0;0;0;0;0;0;0;0;0;0;0;0;0;0;0;0;100;0;798888;0;1;0;1;0;0;0;0;0;0;0;0;0;0;0;0;0;0;0;-1.095458984375;0;0;0;1;0;1;1691;0;0;0;0
31436;-0.16455078125;0.930908203125;15.930908203125;0;16.095458984375;0;0;0;0;0;0;0;0;0;0;0;0;0;0;0;0;0;0;0;100;0;798888;0;1;0;1;0;0;0;0;0;0;0;0;0;0;0;0;0;0;0;-1.095458984375;0;0;0;1;0;1;1785;0;0;0;0
31537;-0.16455078125;0.930908203125;15.930908203125;0;16.095458984375;0;0;0;0;0;0;0;0;0;0;0;0;0;0;0;0;0;0;0;100;0;798888;0;1;0;1;0;0;0;0;0;0;0;0;0;0;0;0;0;0;0;-1.095458984375;0;0;0;1;0;1;1889;0;0;0;0
31638;-0.16455078125;0.930908203125;15.930908203125;0;16.095458984375;0;0;0;0;0;0;0;0;0;0;0;0;0;0;0;0;0;0;0;100;0;798888;0;1;0;1;0;0;0;0;0;0;0;0;0;0;0;0;0;0;0;-1.095458984375;0;0;0;1;0;1;1995;0;0;0;0
31738;-0.16455078125;0.930908203125;15.930908203125;0;16.095458984375;0;0;0;0;0;0;0;0;0;0;0;0;0;0;0;0;0;0;0;100;0;798888;0;1;0;1;0;0;0;0;0;0;0;0;0;0;0;0;0;0;0;-1.095458984375;0;0;0;1;0;1;2092;0;0;0;0
31836;-0.16455078125;0.930908203125;15.930908203125;0;16.095458984375;0;0;0;0;0;0;0;0;0;0;0;0;0;0;0;0;0;0;0;100;0;798888;0;1;0;1;0;0;0;0;0;0;0;0;0;0;0;0;0;0;0;-1.095458984375;0;0;0;1;0;1;2185;0;0;0;0
31938;-0.16455078125;0.930908203125;15.930908203125;0;16.095458984375;0;0;0;0;0;0;0;0;0;0;0;0;0;0;0;0;0;0;0;100;0;798888;0;1;0;1;0;0;0;0;0;0;0;0;0;0;0;0;0;0;0;-1.095458984375;0;0;0;1;0;1;2292;0;0;0;0
32038;-0.16455078125;0.930908203125;15.930908203125;0;16.095458984375;0;0;0;0;0;0;0;0;0;0;0;0;0;0;0;0;0;0;0;100;0;798888;0;1;0;1;0;0;0;0;0;0;0;0;0;0;0;0;0;0;0;-1.095458984375;0;0;0;1;0;1;2386;0;0;0;0
32138;-0.16455078125;0.930908203125;15.930908203125;0;16.095458984375;0;0;0;0;0;0;0;0;0;0;0;0;0;0;0;0;0;0;0;100;0;798888;0;1;0;1;0;0;0;0;0;0;0;0;0;0;0;0;0;0;0;-1.095458984375;0;0;0;1;0;1;2491;0;0;0;0
32241;-0.16455078125;0.930908203125;15.930908203125;0;16.095458984375;0;0;0;0;0;0;0;0;0;0;0;0;0;0;0;0;0;0;0;100;0;798888;0;1;0;1;0;0;0;0;0;0;0;0;0;0;0;0;0;0;0;-1.095458984375;0;0;0;1;0;1;2597;0;0;0;0
32340;-0.16455078125;0.930908203125;15.930908203125;0;16.095458984375;0;0;0;0;0;0;0;0;0;0;0;0;0;0;0;0;0;0;0;100;0;798888;0;1;0;1;0;0;0;0;0;0;0;0;0;0;0;0;0;0;0;-1.095458984375;0;0;0;1;0;1;2691;0;0;0;0
32442;-0.16455078125;0.930908203125;15.930908203125;0;16.095458984375;0;0;0;0;0;0;0;0;0;0;0;0;0;0;0;0;0;0;0;100;0;798888;0;1;0;1;0;0;0;0;0;0;0;0;0;0;0;0;0;0;0;-1.095458984375;0;0;0;1;0;1;2796;0;0;0;0
32541;-0.16455078125;0.930908203125;15.930908203125;0;16.095458984375;0;0;0;0;0;0;0;0;0;0;0;0;0;0;0;0;0;0;0;100;0;798888;0;1;0;1;0;0;0;0;0;0;0;0;0;0;0;0;0;0;0;-1.095458984375;0;0;0;1;0;1;2893;0;0;0;0
32644;-0.16455078125;0.930908203125;15.930908203125;0;16.095458984375;0;0;0;0;0;0;0;0;0;0;0;0;0;0;0;0;0;0;0;100;0;798888;0;1;0;1;0;0;0;0;0;0;0;0;0;0;0;0;0;0;0;-1.095458984375;0;0;0;1;0;1;2995;0;0;0;0
32744;-0.16455078125;0.930908203125;15.930908203125;0;16.095458984375;0;0;0;0;0;0;0;0;0;0;0;0;0;0;0;0;0;0;0;100;0;798888;0;1;0;1;0;0;0;0;0;0;0;0;0;0;0;0;0;0;0;-1.095458984375;0;0;0;1;0;1;3100;0;0;0;0
32844;-0.16455078125;0.930908203125;15.930908203125;0;16.095458984375;0;0;0;0;0;0;0;0;0;0;0;0;0;0;0;0;0;0;0;100;0;798888;0;1;0;1;0;0;0;0;0;0;0;0;0;0;0;0;0;0;0;-1.095458984375;0;0;0;1;0;1;3198;0;0;0;0
32945;-0.16455078125;0.930908203125;15.930908203125;0;16.095458984375;0;0;0;0;0;0;0;0;0;0;0;0;0;0;0;0;0;0;0;100;0;798888;0;1;0;1;0;0;0;0;0;0;0;0;0;0;0;0;0;0;0;-1.095458984375;0;0;0;1;0;1;3293;0;0;0;0
33046;-0.16455078125;0.930908203125;15.930908203125;0;16.095458984375;0;0;0;0;0;0;0;0;0;0;0;0;0;0;0;0;0;0;0;100;0;798888;0;1;0;1;0;0;0;0;0;0;0;0;0;0;0;0;0;0;0;-1.095458984375;0;0;0;1;0;1;3397;0;0;0;0
33148;-0.16455078125;0.930908203125;15.930908203125;0;16.095458984375;0;0;0;0;0;0;0;0;0;0;0;0;0;0;0;0;0;0;0;100;0;798888;0;1;0;1;0;0;0;0;0;0;0;0;0;0;0;0;0;0;0;-1.095458984375;0;0;0;1;0;1;3500;0;0;0;0
33249;-0.16455078125;0.930908203125;15.930908203125;0;16.095458984375;0;0;0;0;0;0;0;0;0;0;0;0;0;0;0;0;0;0;0;100;0;798888;0;1;0;1;0;0;0;0;0;0;0;0;0;0;0;0;0;0;0;-1.095458984375;0;0;0;1;0;1;3604;0;0;0;0
33350;-0.16455078125;0.930908203125;15.930908203125;0;16.095458984375;0;0;0;0;0;0;0;0;0;0;0;0;0;0;0;0;0;0;0;100;0;798888;0;1;0;1;0;0;0;0;0;0;0;0;0;0;0;0;0;0;0;-1.095458984375;0;0;0;1;0;1;3707;0;0;0;0
33450;-0.16455078125;0.930908203125;15.930908203125;0;16.095458984375;0;0;0;0;0;0;0;0;0;0;0;0;0;0;0;0;0;0;0;100;0;798888;0;1;0;1;0;0;0;0;0;0;0;0;0;0;0;0;0;0;0;-1.095458984375;0;0;0;1;0;1;3803;0;0;0;0
33549;-0.16455078125;0.930908203125;15.930908203125;0;16.095458984375;0;0;0;0;0;0;0;0;0;0;0;0;0;0;0;0;0;0;0;100;0;798888;0;1;0;1;0;0;0;0;0;0;0;0;0;0;0;0;0;0;0;-1.095458984375;0;0;0;1;0;1;3899;0;0;0;0
33649;-0.16455078125;0.930908203125;15.930908203125;0;16.095458984375;0;0;0;0;0;0;0;0;0;0;0;0;0;0;0;0;0;0;0;100;0;798888;0;1;0;1;0;0;0;0;0;0;0;0;0;0;0;0;0;0;0;-1.095458984375;0;0;0;1;0;1;4004;0;0;0;0
33749;-0.16455078125;0.930908203125;15.930908203125;0;16.095458984375;0;0;0;0;0;0;0;0;0;0;0;0;0;0;0;0;0;0;0;100;0;798888;0;1;0;1;0;0;0;0;0;0;0;0;0;0;0;0;0;0;0;-1.095458984375;0;0;0;1;0;1;4097;0;0;0;0
33849;-0.16455078125;0.930908203125;15.930908203125;0;16.095458984375;0;0;0;0;0;0;0;0;0;0;0;0;0;0;0;0;0;0;0;100;0;798888;0;1;0;1;0;0;0;0;0;0;0;0;0;0;0;0;0;0;0;-1.095458984375;0;0;0;1;0;1;4202;0;0;0;0
33949;-0.16455078125;0.930908203125;15.930908203125;0;16.095458984375;0;0;0;0;0;0;0;0;0;0;0;0;0;0;0;0;0;0;0;100;0;798888;0;1;0;1;0;0;0;0;0;0;0;0;0;0;0;0;0;0;0;-1.095458984375;0;0;0;1;0;1;4297;0;0;0;0
34050;-0.16455078125;0.930908203125;15.930908203125;0;16.095458984375;0;0;0;0;0;0;0;0;0;0;0;0;0;0;0;0;0;0;0;100;0;798888;0;1;0;1;0;0;0;0;0;0;0;0;0;0;0;0;0;0;0;-1.095458984375;0;0;0;1;0;1;4403;0;0;0;0
34150;-0.16455078125;0.930908203125;15.930908203125;0;16.095458984375;0;0;0;0;0;0;0;0;0;0;0;0;0;0;0;0;0;0;0;100;0;798888;0;1;0;1;0;0;0;0;0;0;0;0;0;0;0;0;0;0;0;-1.095458984375;0;0;0;1;0;1;4498;0;0;0;0
34251;-0.16455078125;0.930908203125;15.930908203125;0;16.095458984375;0;0;0;0;0;0;0;0;0;0;0;0;0;0;0;0;0;0;0;100;0;798888;0;1;0;1;0;0;0;0;0;0;0;0;0;0;0;0;0;0;0;-1.095458984375;0;0;0;1;0;1;4602;0;0;0;0
34352;-0.16455078125;0.930908203125;15.930908203125;0;16.095458984375;0;0;0;0;0;0;0;0;0;0;0;0;0;0;0;0;0;0;0;100;0;798888;0;1;0;1;0;0;0;0;0;0;0;0;0;0;0;0;0;0;0;-1.095458984375;0;0;0;1;0;1;4707;0;0;0;0
34452;-0.16455078125;0.930908203125;15.930908203125;0;16.095458984375;0;0;0;0;0;0;0;0;0;0;0;0;0;0;0;0;0;0;0;100;0;798888;0;1;0;1;0;0;0;0;0;0;0;0;0;0;0;0;0;0;0;-1.095458984375;0;0;0;1;0;1;4803;0;0;0;0
34554;-0.16455078125;0.930908203125;15.930908203125;0;16.095458984375;0;0;0;0;0;0;0;0;0;0;0;0;0;0;0;0;0;0;0;100;0;798888;0;1;0;1;0;0;0;0;0;0;0;0;0;0;0;0;0;0;0;-1.095458984375;0;0;0;1;0;1;4909;0;0;0;0
34654;-0.16455078125;0.930908203125;15.930908203125;0;16.095458984375;0;0;0;0;0;0;0;0;0;0;0;0;0;0;0;0;0;0;0;100;0;798888;0;1;0;1;0;0;0;0;0;0;0;0;0;0;0;0;0;0;0;-1.095458984375;0;0;0;1;0;1;5003;0;0;0;0
34754;-0.16455078125;0.930908203125;15.930908203125;0;16.095458984375;0;0;0;0;0;0;0;0;0;0;0;0;0;0;0;0;0;0;0;100;0;798888;0;1;0;1;0;0;0;0;0;0;0;0;0;0;0;0;0;0;0;-1.095458984375;0;0;0;1;0;1;5106;0;0;0;0
34854;-0.16455078125;0.930908203125;15.930908203125;0;16.095458984375;0;0;0;0;0;0;0;0;0;0;0;0;0;0;0;0;0;0;0;100;0;798888;0;1;0;1;0;0;0;0;0;0;0;0;0;0;0;0;0;0;0;-1.095458984375;0;0;0;1;0;1;5203;0;0;0;0
34955;-0.16455078125;0.930908203125;15.930908203125;0;16.095458984375;0;0;0;0;0;0;0;0;0;0;0;0;0;0;0;0;0;0;0;100;0;798888;0;1;0;1;0;0;0;0;0;0;0;0;0;0;0;0;0;0;0;-1.095458984375;0;0;0;1;0;1;5309;0;0;0;0
35055;-0.16455078125;0.930908203125;15.930908203125;0;16.095458984375;0;0;0;0;0;0;0;0;0;0;0;0;0;0;0;0;0;0;0;100;0;798888;0;1;0;1;0;0;0;0;0;0;0;0;0;0;0;0;0;0;0;-1.095458984375;0;0;0;1;0;1;5405;0;0;0;0
35156;-0.16455078125;0.930908203125;15.930908203125;0;16.095458984375;0;0;0;0;0;0;0;0;0;0;0;0;0;0;0;0;0;0;0;100;0;798888;0;1;0;1;0;0;0;0;0;0;0;0;0;0;0;0;0;0;0;-1.095458984375;0;0;0;1;0;1;5503;0;0;0;0
35256;-0.16455078125;0.930908203125;15.930908203125;0;16.095458984375;0;0;0;0;0;0;0;0;0;0;0;0;0;0;0;0;0;0;2500;50;0;798888;0;1;0;1;0;0;0;0;0;0;0;0;0;0;0;0;0;0;0;-1.095458984375;0;0;0;1;0;1;5609;0;0;0;0
35357;-0.16455078125;0.930908203125;15.930908203125;0;16.095458984375;0;0;0;0;0;0;0;0;0;0;0;0;0;0;0;0;0;0;4750;0;0;798888;0;1;0;1;0;0;0;0;0;0;0;0;0;0;0;0;0;0;0;-1.095458984375;0;0;0;1;0;0;0;0;0;0;0
35459;-0.16455078125;0.930908203125;15.930908203125;0;16.095458984375;0;0;0;0;0;0;0;0;0;0;0;0;0;0;0;0;0;0;5000;0;0;798888;0;1;0;0;0;0;0;0;0;0;0;0;0;0;0;0;0;0;0;-1.095458984375;0;0;0;1;0;0;0;0;0;0;0
35559;-0.16455078125;0.930908203125;15.930908203125;0;16.095458984375;0;0;0;0;0;0;0;0;0;0;0;0;0;0;0;0;0;0;5000;0;0;798888;0;1;0;0;0;0;0;0;0;0;0;0;0;0;0;0;0;0;0;-1.095458984375;0;0;0;1;0;0;0;0;0;0;0
35660;-0.16455078125;0.930908203125;15.930908203125;0;16.095458984375;0;0;0;0;0;0;0;0;0;0;0;0;0;0;0;0;0;0;5000;0;0;798888;0;1;0;0;0;0;0;0;0;0;0;0;0;0;0;0;0;0;0;-1.095458984375;0;0;0;1;0;0;0;0;0;0;0
35760;-0.16455078125;0.930908203125;15.930908203125;0;16.095458984375;0;0;0;0;0;0;0;0;0;0;0;0;0;0;0;0;0;0;5000;0;0;798888;0;1;0;0;0;0;0;0;0;0;0;0;0;0;0;0;0;0;0;-1.095458984375;0;0;0;1;0;0;0;0;0;0;0
35861;-0.16455078125;0.930908203125;15.930908203125;0;16.095458984375;0;0;0;0;0;0;0;0;0;0;0;0;0;0;0;0;0;0;5000;0;0;798888;0;1;0;0;0;0;0;0;0;0;0;0;0;0;0;0;0;0;0;-1.095458984375;0;0;0;1;0;0;0;0;0;0;0
35961;-0.16455078125;0.930908203125;15.930908203125;0;16.095458984375;0;0;0;0;0;0;0;0;0;0;0;0;0;0;0;0;0;0;5000;0;0;798888;0;1;0;0;0;0;0;0;0;0;0;0;0;0;0;0;0;0;0;-1.095458984375;0;0;0;1;0;0;0;0;0;0;0
36061;-0.16455078125;0.930908203125;15.930908203125;0;16.095458984375;0;0;0;0;0;0;0;0;0;0;0;0;0;0;0;0;0;0;5000;0;0;798888;0;1;0;0;0;0;0;0;0;0;0;0;0;0;0;0;0;0;0;-1.095458984375;0;0;0;1;0;0;0;0;0;0;0
36162;-0.16455078125;0.930908203125;15.930908203125;0;16.095458984375;0;0;0;0;0;0;0;0;0;0;0;0;0;0;0;0;0;0;5000;0;0;798888;0;1;0;0;0;0;0;0;0;0;0;0;0;0;0;0;0;0;0;-1.095458984375;0;0;0;1;0;0;0;0;0;0;0
36263;-0.16455078125;0.930908203125;15.930908203125;0;16.095458984375;0;0;0;0;0;0;0;0;0;0;0;0;0;0;0;0;0;0;5000;0;0;798888;0;1;0;0;0;0;0;0;0;0;0;0;0;0;0;0;0;0;0;-1.095458984375;0;0;0;1;0;0;0;0;0;0;0
36362;-0.16455078125;0.930908203125;15.930908203125;0;16.095458984375;0;0;0;0;0;0;0;0;0;0;0;0;0;0;0;0;0;0;4865;0;0;798888;0;1;0;0;0;0;0;0;0;0;0;0;0;0;0;0;0;0;0;-1.095458984375;0;0;0;1;0;0;0;0;0;0;0
36464;-0.16455078125;0.930908203125;15.930908203125;0;16.095458984375;0;0;0;0;0;0;0;0;0;0;0;0;0;0;0;0;0;0;4658;6.8400001525878906;0;798888;0;1;0;1;0;0;0;0;0;0;0;0;0;0;0;0;0;0;0;-1.095458984375;0;0;0;1;0;1;10;0;0;0;0
36565;-0.16455078125;0.930908203125;15.930908203125;0;16.095458984375;0;0;0;0;0;0;0;0;0;0;0;0;0;0;0;0;0;0;4333;13.339999198913574;0;798888;0;1;0;1;0;0;0;0;0;0;0;0;0;0;0;0;0;0;0;-1.095458984375;0;0;0;1;0;1;117;0;0;0;0
36664;-0.16455078125;0.930908203125;15.930908203125;0;16.095458984375;0;0;0;0;0;0;0;0;0;0;0;0;0;0;0;0;0;0;3955;20.900001525878906;0;798888;0;1;0;1;0;0;0;0;0;0;0;0;0;0;0;0;0;0;0;-1.095458984375;0;0;0;1;0;1;213;0;0;0;0
36764;-0.16455078125;0.930908203125;15.930908203125;0;16.095458984375;0;0;0;0;0;0;0;0;0;0;0;0;0;0;0;0;0;0;3496;30.079999923706055;0;798888;0;1;0;1;0;0;0;0;0;0;0;0;0;0;0;0;0;0;0;-1.095458984375;0;0;0;1;0;1;309;0;0;0;0
36864;-0.16455078125;0.930908203125;15.930908203125;0;16.095458984375;0;0;0;0;0;0;0;0;0;0;0;0;0;0;0;0;0;0;3291;34.180000305175781;0;798888;0;1;0;1;0;0;0;0;0;0;0;0;0;0;0;0;0;0;0;-1.095458984375;0;0;0;1;0;1;414;0;0;0;0
36965;-0.16455078125;0.930908203125;15.930908203125;0;16.095458984375;0;0;0;0;0;0;0;0;0;0;0;0;0;0;0;0;0;0;3086;38.280002593994141;0;798888;0;1;0;1;0;0;0;0;0;0;0;0;0;0;0;0;0;0;0;-1.095458984375;0;0;0;1;0;1;517;0;0;0;0
37064;-0.16455078125;0.930908203125;15.930908203125;0;16.095458984375;0;0;0;0;0;0;0;0;0;0;0;0;0;0;0;0;0;0;2816;43.680000305175781;0;798888;0;1;0;1;0;0;0;0;0;0;0;0;0;0;0;0;0;0;0;-1.095458984375;0;0;0;1;0;1;612;0;0;0;0
37166;-0.16455078125;0.930908203125;15.930908203125;0;16.095458984375;0;0;0;0;0;0;0;0;0;0;0;0;0;0;0;0;0;0;2421;51.580001831054688;0;798888;0;1;0;1;0;0;0;0;0;0;0;0;0;0;0;0;0;0;0;-1.095458984375;0;0;0;1;0;1;716;0;0;0;0
37265;-0.16455078125;0.930908203125;15.930908203125;0;16.095458984375;0;0;0;0;0;0;0;0;0;0;0;0;0;0;0;0;0;0;1926;61.479995727539063;0;798888;0;1;0;1;0;0;0;0;0;0;0;0;0;0;0;0;0;0;0;-1.095458984375;0;0;0;1;0;1;819;0;0;0;0
37368;-0.16455078125;0.930908203125;15.930908203125;0;16.095458984375;0;0;0;0;0;0;0;0;0;0;0;0;0;0;0;0;0;0;1695;66.0999984741211;0;798888;0;1;0;1;0;0;0;0;0;0;0;0;0;0;0;0;0;0;0;-1.095458984375;0;0;0;1;0;1;916;0;0;0;0
37468;-0.16455078125;0.930908203125;15.930908203125;0;16.095458984375;0;0;0;0;0;0;0;0;0;0;0;0;0;0;0;0;0;0;1510;69.800003051757813;0;798888;0;1;0;1;0;0;0;0;0;0;0;0;0;0;0;0;0;0;0;-1.095458984375;0;0;0;1;0;1;1022;0;0;0;0
37570;-0.16455078125;0.930908203125;15.930908203125;0;16.095458984375;0;0;0;0;0;0;0;0;0;0;0;0;0;0;0;0;0;0;1258;74.839996337890625;0;798888;0;1;0;1;0;0;0;0;0;0;0;0;0;0;0;0;0;0;0;-1.095458984375;0;0;0;1;0;1;1119;0;0;0;0
37670;-0.16455078125;0.930908203125;15.930908203125;0;16.095458984375;0;0;0;0;0;0;0;0;0;0;0;0;0;0;0;0;0;0;925;81.5;0;798888;0;1;0;1;0;0;0;0;0;0;0;0;0;0;0;0;0;0;0;-1.095458984375;0;0;0;1;0;1;1216;0;0;0;0
37770;-0.16455078125;0.930908203125;15.930908203125;0;16.095458984375;0;0;0;0;0;0;0;0;0;0;0;0;0;0;0;0;0;0;460;90.800003051757813;0;798888;0;1;0;1;0;0;0;0;0;0;0;0;0;0;0;0;0;0;0;-1.095458984375;0;0;0;1;0;1;1321;0;0;0;0
37871;-0.16455078125;0.930908203125;15.930908203125;0;16.095458984375;0;0;0;0;0;0;0;0;0;0;0;0;0;0;0;0;0;0;106;97.879997253417969;0;798888;0;1;0;1;0;0;0;0;0;0;0;0;0;0;0;0;0;0;0;-1.095458984375;0;0;0;1;0;1;1416;0;0;0;0
37971;-0.16455078125;0.930908203125;15.930908203125;0;16.095458984375;0;0;0;0;0;0;0;0;0;0;0;0;0;0;0;0;0;0;0;100;0;798888;0;1;0;1;0;0;0;0;0;0;0;0;0;0;0;0;0;0;0;-1.095458984375;0;0;0;1;0;1;1522;0;0;0;0
38072;-0.16455078125;0.930908203125;15.930908203125;0;16.095458984375;0;0;0;0;0;0;0;0;0;0;0;0;0;0;0;0;0;0;2500;50;0;798888;0;1;0;1;0;0;0;0;0;0;0;0;0;0;0;0;0;0;0;-1.095458984375;0;0;0;1;0;1;1626;0;0;0;0
38172;-0.16455078125;0.930908203125;15.930908203125;0;16.095458984375;0;0;0;0;0;0;0;0;0;0;0;0;0;0;0;0;0;0;4750;0;0;798888;0;1;0;1;0;0;0;0;0;0;0;0;0;0;0;0;0;0;0;-1.095458984375;0;0;0;1;0;0;0;0;0;0;0
38271;-0.16455078125;0.930908203125;15.930908203125;0;16.095458984375;0;0;0;0;0;0;0;0;0;0;0;0;0;0;0;0;0;0;5000;0;0;798888;0;1;0;1;0;0;0;0;0;0;0;0;0;0;0;0;0;0;0;-1.095458984375;0;0;0;1;0;0;0;0;0;0;0
38371;-0.16455078125;0.930908203125;15.930908203125;0;16.095458984375;0;0;0;0;0;0;0;0;0;0;0;0;0;0;0;0;0;0;5000;0;0;798888;0;1;0;1;0;0;0;0;0;0;0;0;0;0;0;0;0;0;0;-1.095458984375;0;0;0;1;0;0;0;0;0;0;0
38472;-0.16455078125;0.930908203125;15.930908203125;0;16.095458984375;0;0;0;0;0;0;0;0;0;0;0;0;0;0;0;0;0;0;5000;0;0;798888;0;1;0;1;0;0;0;0;0;0;0;0;0;0;0;0;0;0;0;-1.095458984375;0;0;0;1;0;0;0;0;0;0;0
38572;-0.16455078125;0.930908203125;15.930908203125;0;16.095458984375;0;0;0;0;0;0;0;0;0;0;0;0;0;0;0;0;0;0;5000;0;0;798888;0;1;0;1;0;0;0;0;0;0;0;0;0;0;0;0;0;0;0;-1.095458984375;0;0;0;1;0;0;0;0;0;0;0
38674;-0.16455078125;0.930908203125;15.930908203125;0;16.095458984375;0;0;0;0;0;0;0;0;0;0;0;0;0;0;0;0;0;0;5000;0;0;798888;0;1;0;1;0;0;0;0;0;0;0;0;0;0;0;0;0;0;0;-1.095458984375;0;0;0;1;0;0;0;0;0;0;0
38774;-0.16455078125;0.930908203125;15.930908203125;0;16.095458984375;0;0;0;0;0;0;0;0;0;0;0;0;0;0;0;0;0;0;5000;0;0;798888;0;1;0;1;0;0;0;0;0;0;0;0;0;0;0;0;0;0;0;-1.095458984375;0;0;0;1;0;0;0;0;0;0;0
38875;-0.16455078125;0.930908203125;15.930908203125;0;16.095458984375;0;0;0;0;0;0;0;0;0;0;0;0;0;0;0;0;0;0;5000;0;0;798888;0;1;0;1;0;0;0;0;0;0;0;0;0;0;0;0;0;0;0;-1.095458984375;0;0;0;1;0;0;0;0;0;0;0
38976;-0.16455078125;0.930908203125;15.930908203125;0;16.095458984375;0;0;0;0;0;0;0;0;0;0;0;0;0;0;0;0;0;0;5000;0;0;798888;0;1;0;1;0;0;0;0;0;0;0;0;0;0;0;0;0;0;0;-1.095458984375;0;0;0;1;0;0;0;0;0;0;0
39077;-0.16455078125;0.930908203125;15.930908203125;0;16.095458984375;0;0;0;0;0;0;0;0;0;0;0;0;0;0;0;0;0;0;5000;0;0;798888;0;1;0;1;0;0;0;0;0;0;0;0;0;0;0;0;0;0;0;-1.095458984375;0;0;0;1;0;0;0;0;0;0;0
39177;-0.16455078125;0.930908203125;15.930908203125;0;16.095458984375;0;0;0;0;0;0;0;0;0;0;0;0;0;0;0;0;0;0;5000;0;0;798888;0;1;0;1;0;0;0;0;0;0;0;0;0;0;0;0;0;0;0;-1.095458984375;0;0;0;1;0;0;0;0;0;0;0
39277;-0.16455078125;0.930908203125;15.930908203125;0;16.095458984375;0;0;0;0;0;0;0;0;0;0;0;0;0;0;0;0;0;0;4649;7.0200004577636719;0;798888;0;1;0;1;0;0;0;0;0;0;0;0;0;0;0;0;0;0;0;-1.095458984375;0;0;0;1;0;1;10;0;0;0;0
39376;-0.16455078125;0.930908203125;15.930908203125;0;16.095458984375;0;0;0;0;0;0;0;0;0;0;0;0;0;0;0;0;0;0;4164;16.719999313354492;0;798888;0;1;0;1;0;0;0;0;0;0;0;0;0;0;0;0;0;0;0;-1.095458984375;0;0;0;1;0;1;116;0;0;0;0
39477;-0.16455078125;0.930908203125;15.930908203125;0;16.095458984375;0;0;0;0;0;0;0;0;0;0;0;0;0;0;0;0;0;0;3892;22.159999847412109;0;798888;0;1;0;1;0;0;0;0;0;0;0;0;0;0;0;0;0;0;0;-1.095458984375;0;0;0;1;0;1;211;0;0;0;0
39578;-0.16455078125;0.930908203125;15.930908203125;0;16.095458984375;0;0;0;0;0;0;0;0;0;0;0;0;0;0;0;0;0;0;3717;25.659999847412109;0;798888;0;1;0;1;0;0;0;0;0;0;0;0;0;0;0;0;0;0;0;-1.095458984375;0;0;0;1;0;1;318;0;0;0;0
39678;-0.16455078125;0.930908203125;15.930908203125;0;16.095458984375;0;0;0;0;0;0;0;0;0;0;0;0;0;0;0;0;0;0;3474;30.520000457763672;0;798888;0;1;0;1;0;0;0;0;0;0;0;0;0;0;0;0;0;0;0;-1.095458984375;0;0;0;1;0;1;417;0;0;0;0
39780;-0.16455078125;0.930908203125;15.930908203125;0;16.095458984375;0;0;0;0;0;0;0;0;0;0;0;0;0;0;0;0;0;0;3150;37;0;798888;0;1;0;1;0;0;0;0;0;0;0;0;0;0;0;0;0;0;0;-1.095458984375;0;0;0;1;0;1;511;0;0;0;0
39880;-0.16455078125;0.930908203125;15.930908203125;0;16.095458984375;0;0;0;0;0;0;0;0;0;0;0;0;0;0;0;0;0;0;2695;46.099998474121094;0;798888;0;1;0;1;0;0;0;0;0;0;0;0;0;0;0;0;0;0;0;-1.095458984375;0;0;0;1;0;1;616;0;0;0;0
39980;-0.16455078125;0.930908203125;15.930908203125;0;16.095458984375;0;0;0;0;0;0;0;0;0;0;0;0;0;0;0;0;0;0;2300;54.000003814697266;0;798888;0;1;0;1;0;0;0;0;0;0;0;0;0;0;0;0;0;0;0;-1.095458984375;0;0;0;1;0;1;711;0;0;0;0
40080;-0.16455078125;0.930908203125;15.930908203125;0;16.095458984375;0;0;0;0;0;0;0;0;0;0;0;0;0;0;0;0;0;0;2155;56.900001525878906;0;798888;0;1;0;1;0;0;0;0;0;0;0;0;0;0;0;0;0;0;0;-1.095458984375;0;0;0;1;0;1;819;0;0;0;0
40182;-0.16455078125;0.930908203125;15.930908203125;0;16.095458984375;0;0;0;0;0;0;0;0;0;0;0;0;0;0;0;0;0;0;1939;61.220001220703125;0;798888;0;1;0;1;0;0;0;0;0;0;0;0;0;0;0;0;0;0;0;-1.095458984375;0;0;0;1;0;1;915;0;0;0;0
40280;-0.16455078125;0.930908203125;15.930908203125;0;16.095458984375;0;0;0;0;0;0;0;0;0;0;0;0;0;0;0;0;0;0;1604;67.919998168945313;0;798888;0;1;0;1;0;0;0;0;0;0;0;0;0;0;0;0;0;0;0;-1.095458984375;0;0;0;1;0;1;1021;0;0;0;0
40383;-0.16455078125;0.930908203125;15.930908203125;0;16.095458984375;0;0;0;0;0;0;0;0;0;0;0;0;0;0;0;0;0;0;1217;75.660003662109375;0;798888;0;1;0;1;0;0;0;0;0;0;0;0;0;0;0;0;0;0;0;-1.095458984375;0;0;0;1;0;1;1116;0;0;0;0
40482;-0.16455078125;0.930908203125;15.930908203125;0;16.095458984375;0;0;0;0;0;0;0;0;0;0;0;0;0;0;0;0;0;0;692;86.159996032714844;0;798888;0;1;0;1;0;0;0;0;0;0;0;0;0;0;0;0;0;0;0;-1.095458984375;0;0;0;1;0;1;1221;0;0;0;0
40584;-0.16455078125;0.930908203125;15.930908203125;0;16.095458984375;0;0;0;0;0;0;0;0;0;0;0;0;0;0;0;0;0;0;584;88.319999694824219;0;798888;0;1;0;1;0;0;0;0;0;0;0;0;0;0;0;0;0;0;0;-1.095458984375;0;0;0;1;0;1;1316;0;0;0;0
40684;-0.16455078125;0.930908203125;15.930908203125;0;16.095458984375;0;0;0;0;0;0;0;0;0;0;0;0;0;0;0;0;0;0;369;92.6199951171875;0;798888;0;1;0;1;0;0;0;0;0;0;0;0;0;0;0;0;0;0;0;-1.095458984375;0;0;0;1;0;1;1420;0;0;0;0
40785;-0.16455078125;0.930908203125;15.930908203125;0;16.095458984375;0;0;0;0;0;0;0;0;0;0;0;0;0;0;0;0;0;0;90;98.199996948242188;0;798888;0;1;0;1;0;0;0;0;0;0;0;0;0;0;0;0;0;0;0;-1.095458984375;0;0;0;1;0;1;1515;0;0;0;0
40884;-0.16455078125;0.930908203125;15.930908203125;0;16.095458984375;0;0;0;0;0;0;0;0;0;0;0;0;0;0;0;0;0;0;0;100;0;798888;0;1;0;1;0;0;0;0;0;0;0;0;0;0;0;0;0;0;0;-1.095458984375;0;0;0;1;0;1;1620;0;0;0;0
40987;-0.16455078125;0.930908203125;15.930908203125;0;16.095458984375;0;0;0;0;0;0;0;0;0;0;0;0;0;0;0;0;0;0;0;100;0;798888;0;1;0;1;0;0;0;0;0;0;0;0;0;0;0;0;0;0;0;-1.095458984375;0;0;0;1;0;1;1727;0;0;0;0
41088;-0.16455078125;0.930908203125;15.930908203125;0;16.095458984375;0;0;0;0;0;0;0;0;0;0;0;0;0;0;0;0;0;0;0;100;0;798888;0;1;0;1;0;0;0;0;0;0;0;0;0;0;0;0;0;0;0;-1.095458984375;0;0;0;1;0;1;1823;0;0;0;0
41189;-0.16455078125;0.930908203125;15.930908203125;0;16.095458984375;0;0;0;0;0;0;0;0;0;0;0;0;0;0;0;0;0;0;0;100;0;798888;0;1;0;1;0;0;0;0;0;0;0;0;0;0;0;0;0;0;0;-1.095458984375;0;0;0;1;0;1;1929;0;0;0;0
41289;-0.16455078125;0.930908203125;15.930908203125;0;16.095458984375;0;0;0;0;0;0;0;0;0;0;0;0;0;0;0;0;0;0;0;100;0;798888;0;1;0;1;0;0;0;0;0;0;0;0;0;0;0;0;0;0;0;-1.095458984375;0;0;0;1;0;1;2022;0;0;0;0
41390;-0.16455078125;0.930908203125;15.930908203125;0;16.095458984375;0;0;0;0;0;0;0;0;0;0;0;0;0;0;0;0;0;0;0;100;0;798888;0;1;0;1;0;0;0;0;0;0;0;0;0;0;0;0;0;0;0;-1.095458984375;0;0;0;1;0;1;2128;0;0;0;0
41490;-0.16455078125;0.930908203125;15.930908203125;0;16.095458984375;0;0;0;0;0;0;0;0;0;0;0;0;0;0;0;0;0;0;0;100;0;798888;0;1;0;1;0;0;0;0;0;0;0;0;0;0;0;0;0;0;0;-1.095458984375;0;0;0;1;0;1;2225;0;0;0;0
41591;-0.16455078125;0.930908203125;15.930908203125;0;16.095458984375;0;0;0;0;0;0;0;0;0;0;0;0;0;0;0;0;0;0;0;100;0;798888;0;1;0;1;0;0;0;0;0;0;0;0;0;0;0;0;0;0;0;-1.095458984375;0;0;0;1;0;1;2328;0;0;0;0
41692;-0.24462890625;0.856689453125;15.856689453125;0;16.101318359375;0;1;0;1;0;0;0;0;0;1;0;1;0;0;0;0;0;0;0;100;0;798888;0;1;0;1;0;0;0;0;0;0;0;0;0;0;0;0;0;1;0.93333333730697632;-1.101318359375;-1;-0.93333333730697632;0;1;0;0;0;0;0;0;0
41792;-0.334716796875;0.773193359375;15.773193359375;0;16.10791015625;0;1;0;1;0;0;0;0;0;1;0;1;0;0;0;0;0;0;0;100;0;798888;0;1;0;1;0;0;0;0;0;0;0;0;0;0;0;0;0;1;0.93333333730697632;-1.10791015625;-1;-0.93333333730697632;0;1;0;0;0;0;0;0;0
41893;-0.4248046875;0.689697265625;15.689697265625;0;16.114501953125;0;1;0;1;0;0;0;0;0;1;0;1;0;0;0;0;0;0;0;100;0;798888;0;1;0;1;0;0;0;0;0;0;0;0;0;0;0;0;0;1;0.93333333730697632;-1.114501953125;-1;-0.93333333730697632;0;1;0;0;0;0;0;0;0
41993;-0.52490234375;0.596923828125;15.596923828125;0;16.121826171875;0;1;0;1;0;0;0;0;0;1;0;1;0;0;0;0;0;0;0;100;0;798888;0;1;0;1;0;0;0;0;0;0;0;0;0;0;0;0;0;1;0.93333333730697632;-1.121826171875;-1;-0.93333333730697632;0;1;0;0;0;0;0;0;0
42094;-0.625;0.504150390625;15.504150390625;0;16.129150390625;0;1;0;1;0;0;0;0;0;1;0;1;0;0;0;0;0;0;0;100;0;798888;0;1;0;1;0;0;0;0;0;0;0;0;0;0;0;0;0;1;0.93333333730697632;-1.129150390625;-1;-0.93333333730697632;0;1;0;0;0;0;0;0;0
42195;-0.729736328125;0.406005859375;15.406005859375;0;16.1357421875;0;1;0;1;0;0;0;0;0;1;0;1;0;0;0;0;0;0;0;100;0;798888;0;1;0;1;0;0;0;0;0;0;0;0;0;0;0;0;0;1.25;1.1666666269302368;-1.1357421875;-1.25;-1.1666666269302368;0;1;0;0;0;0;0;0;0
42296;-0.854248046875;0.288818359375;15.288818359375;0;16.14306640625;0;1;0;1;0;0;0;0;0;1;0;1;0;0;0;0;0;0;0;100;0;798888;0;1;0;1;0;0;0;0;0;0;0;0;0;0;0;0;0;1.25;1.1666666269302368;-1.14306640625;-1.25;-1.1666666269302368;0;1;0;0;0;0;0;0;0
42397;-0.978759765625;0.171630859375;15.171630859375;0;16.150390625;0;1;0;1;0;0;0;0;0;1;0;1;0;0;0;0;0;0;0;100;0;798888;0;1;0;1;0;0;0;0;0;0;0;0;0;0;0;0;0;1.25;1.1666666269302368;-1.150390625;-1.25;-1.1666666269302368;0;1;0;0;0;0;0;0;0
42498;-1.103271484375;0.054443359375;15.054443359375;0;16.15771484375;0;1;0;1;0;0;0;0;0;1;0;1;0;0;0;0;0;0;0;100;0;798888;0;1;0;1;0;0;0;0;0;0;0;0;0;0;0;0;0;1.25;1.1666666269302368;-1.15771484375;-1.25;-1.1666666269302368;0;1;0;0;0;0;0;0;0
42597;-1.21533203125;-0.051025390625;14.948974609375;0;16.164306640625;0;1;0;1;1;0;0;0;0;1;0;1;1;0;0;0;0;0;0;100;0;798888;0;1;0;1;0;0;0;0;0;0;0;0;0;0;0;0;0;1.25;1.1666666269302368;-1.164306640625;-1.25;-1.1666666269302368;0;1;0;0;0;0;0;0;0
42700;-1.349609375;-0.177001953125;14.822998046875;0;16.172607421875;0;1;0;1;1;0;0;0;0;1;0;1;1;0;0;0;0;0;0;100;0;798888;0;1;0;1;0;0;0;0;0;0;0;0;0;0;0;0;0;1.5;1.3999999761581421;-1.172607421875;-1.5;-1.3999999761581421;0;1;0;0;0;0;0;0;0
42800;-1.483642578125;-0.30224609375;14.69775390625;0;16.181396484375;0;1;0;1;1;0;0;0;0;1;0;1;1;0;0;0;0;0;0;100;0;798888;0;1;0;1;0;0;0;0;0;0;0;0;0;0;0;0;0;1.5;1.3999999761581421;-1.181396484375;-1.5;-1.3999999761581421;0;1;0;0;0;0;0;0;0
42899;-1.632568359375;-0.44140625;14.55859375;0;16.191162109375;0;1;0;1;1;0;0;0;0;1;0;1;1;0;0;0;0;0;0;100;0;798888;0;1;0;1;0;0;0;0;0;0;0;0;0;0;0;0;0;1.5;1.3999999761581421;-1.191162109375;-1.5;-1.3999999761581421;0;1;0;0;0;0;0;0;0
42998;-1.7666015625;-0.566650390625;14.433349609375;0;16.199951171875;0;1;0;1;1;0;0;0;0;1;0;1;1;0;0;0;0;0;0;100;0;798888;0;1;0;1;0;0;0;0;0;0;0;0;0;0;0;0;0;1.5;1.3999999761581421;-1.199951171875;-1.5;-1.3999999761581421;0;1;0;0;0;0;0;0;0
43100;-1.91552734375;-0.705810546875;14.294189453125;0;16.209716796875;0;1;0;1;1;1;0;0;0;1;0;1;1;1;0;0;0;0;0;100;0;798888;0;1;0;1;0;0;0;0;0;0;0;0;0;0;0;0;0;1.5;1.3999999761581421;-1.209716796875;-1.5;-1.3999999761581421;0;1;0;0;0;0;0;0;0
43200;-2.05224609375;-0.83349609375;14.16650390625;0;16.21875;0;1;0;1;1;1;0;0;0;1;0;1;1;1;0;0;0;0;0;100;0;798888;0;1;0;1;0;0;0;0;0;0;0;0;0;0;0;0;0;1.75;1.6333333253860474;-1.21875;-1.75;-1.6333333253860474;0;1;0;0;0;0;0;0;0
43301;-2.22802734375;-0.9970703125;14.0029296875;0;16.23095703125;0;1;0;1;1;1;0;0;0;1;0;1;1;1;0;0;0;0;0;100;0;798888;0;1;0;1;0;0;0;0;0;0;0;0;0;0;0;0;0;1.75;1.6333333253860474;-1.23095703125;-1.75;-1.6333333253860474;0;1;0;0;0;0;0;0;0
43401;-2.38623046875;-1.144287109375;13.855712890625;0;16.241943359375;0;1;0;1;1;1;0;0;0;1;0;1;1;1;0;0;0;0;0;100;0;798888;0;1;0;1;0;0;0;0;0;0;0;0;0;0;0;0;0;1.75;1.6333333253860474;-1.241943359375;-1.75;-1.6333333253860474;0;1;0;0;0;0;0;0;0
43503;-2.56201171875;-1.307861328125;13.692138671875;0;16.254150390625;0;1;0;1;1;1;0;0;0;1;0;1;1;1;0;0;0;0;0;100;0;798888;0;1;0;1;0;0;0;0;0;0;0;0;0;0;0;0;0;1.75;1.6333333253860474;-1.254150390625;-1.75;-1.6333333253860474;0;1;0;0;0;0;0;0;0
43604;-2.72021484375;-1.455078125;13.544921875;0;16.26513671875;0;1;0;1;1;1;1;0;0;1;0;1;1;1;1;0;0;0;0;100;0;798888;0;1;0;1;0;0;0;0;0;0;0;0;0;0;0;0;0;1.75;1.6333333253860474;-1.26513671875;-1.75;-1.6333333253860474;0;1;0;0;0;0;0;0;0
43702;-2.89599609375;-1.61865234375;13.38134765625;0;16.27734375;0;1;0;1;1;1;1;0;0;1;0;1;1;1;1;0;0;0;0;100;0;798888;0;1;0;1;0;0;0;0;0;0;0;0;0;0;0;0;0;1.75;1.6333333253860474;-1.27734375;-1.75;-1.6333333253860474;0;1;0;0;0;0;0;0;0
43804;-3.07177734375;-1.7822265625;13.2177734375;0;16.28955078125;0;1;0;1;1;1;1;0;0;1;0;1;1;1;1;0;0;0;0;100;0;798888;0;1;0;1;0;0;0;0;0;0;0;0;0;0;0;0;0;1.75;1.6333333253860474;-1.28955078125;-1.75;-1.6333333253860474;0;1;0;0;0;0;0;0;0
43905;-3.22998046875;-1.929443359375;13.070556640625;0;16.300537109375;0;1;0;1;1;1;1;0;0;1;0;1;1;1;1;0;0;0;0;100;0;798888;0;1;0;1;0;0;0;0;0;0;0;0;0;0;0;0;0;1.75;1.6333333253860474;-1.300537109375;-1.75;-1.6333333253860474;0;1;0;0;0;0;0;0;0
44005;-3.40576171875;-2.093017578125;12.906982421875;0;16.312744140625;0;1;0;1;1;1;1;0;0;1;0;1;1;1;1;0;0;0;0;100;0;798888;0;1;0;1;0;0;0;0;0;0;0;0;0;0;0;0;0;1.75;1.6333333253860474;-1.312744140625;-1.75;-1.6333333253860474;0;1;0;0;0;0;0;0;0
44105;-3.56396484375;-2.240234375;12.759765625;0;16.32373046875;0;1;0;1;1;1;1;0;0;1;0;1;1;1;1;0;0;0;0;100;0;798888;0;1;0;1;0;0;0;0;0;0;0;0;0;0;0;0;0;1.75;1.6333333253860474;-1.32373046875;-1.75;-1.6333333253860474;0;1;0;0;0;0;0;0;0
44206;-3.73974609375;-2.40380859375;12.59619140625;0;16.3359375;0;1;0;1;1;1;1;0;0;1;0;1;1;1;1;0;0;0;0;100;0;798888;0;1;0;1;0;0;0;0;0;0;0;0;0;0;0;0;0;1.75;1.6333333253860474;-1.3359375;-1.75;-1.6333333253860474;0;1;0;0;0;0;0;0;0
44307;-3.89794921875;-2.551025390625;12.448974609375;0;16.346923828125;0;1;0;1;1;1;1;0;0;1;0;1;1;1;1;0;0;0;0;100;0;798888;0;1;0;1;0;0;0;0;0;0;0;0;0;0;0;0;0;1.75;1.6333333253860474;-1.346923828125;-1.75;-1.6333333253860474;0;1;0;0;0;0;0;0;0
44408;-4.05615234375;-2.6982421875;12.3017578125;0;16.35791015625;0;1;0;1;1;1;1;0;0;1;0;1;1;1;1;0;0;0;0;100;0;798888;0;1;0;1;0;0;0;0;0;0;0;0;0;0;0;0;0;1.75;1.6333333253860474;-1.35791015625;-1.75;-1.6333333253860474;0;1;0;0;0;0;0;0;0
44509;-4.23193359375;-2.86181640625;12.13818359375;0;16.3701171875;0;1;0;1;1;1;1;0;0;1;0;1;1;1;1;0;0;0;0;100;0;798888;0;1;0;1;0;0;0;0;0;0;0;0;0;0;0;0;0;1.75;1.6333333253860474;-1.3701171875;-1.75;-1.6333333253860474;0;1;0;0;0;0;0;0;0
44609;-4.40771484375;-3.025390625;11.974609375;0;16.38232421875;0;1;0;1;1;1;1;0;0;1;0;1;1;1;1;0;0;0;0;100;0;798888;0;1;0;1;0;0;0;0;0;0;0;0;0;0;0;0;0;1.75;1.6333333253860474;-1.38232421875;-1.75;-1.6333333253860474;0;1;0;0;0;0;0;0;0
44709;-4.56591796875;-3.172607421875;11.827392578125;0;16.393310546875;0;1;0;1;1;1;1;0;0;1;0;1;1;1;1;0;0;0;0;100;0;798888;0;1;0;1;0;0;0;0;0;0;0;0;0;0;0;0;0;1.75;1.6333333253860474;-1.393310546875;-1.75;-1.6333333253860474;0;1;0;0;0;0;0;0;0
44810;-4.74169921875;-3.336181640625;11.663818359375;0;16.405517578125;0;1;0;1;1;1;1;0;0;1;0;1;1;1;1;0;0;0;0;100;0;798888;0;1;0;1;0;0;0;0;0;0;0;0;0;0;0;0;0;1.75;1.6333333253860474;-1.405517578125;-1.75;-1.6333333253860474;0;1;0;0;0;0;0;0;0
44910;-4.89990234375;-3.4833984375;11.5166015625;0;16.41650390625;0;1;0;1;1;1;1;0;0;1;0;1;1;1;1;0;0;0;0;100;0;798888;0;1;0;1;0;0;0;0;0;0;0;0;0;0;0;0;0;1.75;1.6333333253860474;-1.41650390625;-1.75;-1.6333333253860474;0;1;0;0;0;0;0;0;0
45010;-5.07568359375;-3.64697265625;11.35302734375;0;16.4287109375;0;1;0;1;1;1;1;0;0;1;0;1;1;1;1;0;0;0;0;100;0;798888;0;1;0;1;0;0;0;0;0;0;0;0;0;0;0;0;0;1.75;1.6333333253860474;-1.4287109375;-1.75;-1.6333333253860474;0;1;0;0;0;0;0;0;0
45113;-5.25146484375;-3.810546875;11.189453125;0;16.44091796875;0;1;0;1;1;1;1;0;0;1;0;1;1;1;1;0;0;0;0;100;0;798888;0;1;0;1;0;0;0;0;0;0;0;0;0;0;0;0;0;1.75;1.6333333253860474;-1.44091796875;-1.75;-1.6333333253860474;0;1;0;0;0;0;0;0;0
45214;-5.40966796875;-3.957763671875;11.042236328125;0;16.451904296875;0;1;0;1;1;1;1;0;0;1;0;1;1;1;1;0;0;0;0;100;0;798888;0;1;0;1;0;0;0;0;0;0;0;0;0;0;0;0;0;1.75;1.6333333253860474;-1.451904296875;-1.75;-1.6333333253860474;0;1;0;0;0;0;0;0;0
45314;-5.58544921875;-4.121337890625;10.878662109375;0;16.464111328125;0;1;0;1;1;1;1;0;0;1;0;1;1;1;1;0;0;0;0;100;0;798888;0;1;0;1;0;0;0;0;0;0;0;0;0;0;0;0;0;1.75;1.6333333253860474;-1.464111328125;-1.75;-1.6333333253860474;0;1;0;0;0;0;0;0;0
45413;-5.74365234375;-4.2685546875;10.7314453125;0;16.47509765625;0;1;0;1;1;1;1;0;0;1;0;1;1;1;1;0;0;0;0;100;0;798888;0;1;0;1;0;0;0;0;0;0;0;0;0;0;0;0;0;1.75;1.6333333253860474;-1.47509765625;-1.75;-1.6333333253860474;0;1;0;0;0;0;0;0;0
45514;-5.91943359375;-4.43212890625;10.56787109375;0;16.4873046875;0;1;0;1;1;1;1;0;0;1;0;1;1;1;1;0;0;0;0;100;0;798888;0;1;0;1;0;0;0;0;0;0;0;0;0;0;0;0;0;1.75;1.6333333253860474;-1.4873046875;-1.75;-1.6333333253860474;0;1;0;0;0;0;0;0;0
45616;-6.07763671875;-4.579345703125;10.420654296875;0;16.498291015625;0;1;0;1;1;1;1;0;0;1;0;1;1;1;1;0;0;0;0;100;0;798888;0;1;0;1;0;0;0;0;0;0;0;0;0;0;0;0;0;1.75;1.6333333253860474;-1.498291015625;-1.75;-1.6333333253860474;0;1;0;0;0;0;0;0;0
45716;-6.25341796875;-4.742919921875;10.257080078125;0;16.510498046875;0;1;0;1;1;1;1;0;0;1;0;1;1;1;1;0;0;0;0;100;0;798888;0;1;0;1;0;0;0;0;0;0;0;0;0;0;0;0;0;1.75;1.6333333253860474;-1.510498046875;-1.75;-1.6333333253860474;0;1;0;0;0;0;0;0;0
45817;-6.41162109375;-4.89013671875;10.10986328125;0;16.521484375;0;1;0;1;1;1;1;0;0;1;0;1;1;1;1;0;0;0;0;100;0;798888;0;1;0;1;0;0;0;0;0;0;0;0;0;0;0;0;0;1.75;1.6333333253860474;-1.521484375;-1.75;-1.6333333253860474;0;1;0;0;0;0;0;0;0
45918;-6.584716796875;-5.05126953125;9.94873046875;0;16.533447265625;0;1;0;1;1;1;0;0;0;1;0;1;1;1;0;0;0;0;2500;50;0;798888;0;1;0;1;0;0;0;0;0;0;0;0;0;0;0;0;0;1.5;1.3999999761581421;-1.533447265625;-1.5;-1.3999999761581421;0;1;0;0;0;0;0;0;0
46019;-6.709228515625;-5.16845703125;9.83154296875;0;16.540771484375;0;0;0;0;0;0;0;0;0;0;0;0;0;0;0;0;0;0;5000;0;0;798888;0;1;0;1;0;0;0;0;0;0;0;0;0;0;0;0;0;1;1;-1.540771484375;-1;-1;0;1;0;0;0;0;0;0;0
46119;-6.79931640625;-5.258544921875;9.741455078125;0;16.540771484375;0;0;0;0;0;0;0;0;0;0;0;0;0;0;0;0;0;0;5000;0;0;798888;0;1;0;0;0;0;0;0;0;0;0;0;0;0;0;0;0;1;1;-1.540771484375;-1;-1;0;1;0;0;0;0;0;0;0
46219;-6.8994140625;-5.358642578125;9.641357421875;0;16.540771484375;0;0;0;0;0;0;0;0;0;0;0;0;0;0;0;0;0;0;5000;0;0;798888;0;1;0;0;0;0;0;0;0;0;0;0;0;0;0;0;0;1;1;-1.540771484375;-1;-1;0;1;0;0;0;0;0;0;0
46322;-6.989501953125;-5.44873046875;9.55126953125;0;16.540771484375;0;0;0;0;0;0;0;0;0;0;0;0;0;0;0;0;0;0;5000;0;0;798888;0;1;0;0;0;0;0;0;0;0;0;0;0;0;0;0;0;1;1;-1.540771484375;-1;-1;0;1;0;0;0;0;0;0;0
46419;-7.049560546875;-5.458740234375;9.541259765625;0;16.5908203125;0;0;0;0;0;0;0;0;0;0;0;0;0;0;0;0;0;0;5000;0;0;798888;0;1;0;0;0;0;0;0;0;0;0;0;0;0;0;0;0;0;0;-1.5908203125;0;0;0;1;0;0;0;0;0;0;0
46522;-7.049560546875;-5.458740234375;9.541259765625;0;16.5908203125;0;0;0;0;0;0;0;0;0;0;0;0;0;0;0;0;0;0;5000;0;0;798888;0;1;0;0;0;0;0;0;0;0;0;0;0;0;0;0;0;0;0;-1.5908203125;0;0;0;1;0;0;0;0;0;0;0
46621;-7.049560546875;-5.458740234375;9.541259765625;0;16.5908203125;0;0;0;0;0;0;0;0;0;0;0;0;0;0;0;0;0;0;5000;0;0;798888;0;1;0;0;0;0;0;0;0;0;0;0;0;0;0;0;0;0;0;-1.5908203125;0;0;0;1;0;0;0;0;0;0;0
46721;-7.049560546875;-5.458740234375;9.541259765625;0;16.5908203125;0;0;0;0;0;0;0;0;0;0;0;0;0;0;0;0;0;0;5000;0;0;798888;0;1;0;0;0;0;0;0;0;0;0;0;0;0;0;0;0;0;0;-1.5908203125;0;0;0;1;0;0;0;0;0;0;0
46822;-7.049560546875;-5.458740234375;9.541259765625;0;16.5908203125;0;0;0;0;0;0;0;0;0;0;0;0;0;0;0;0;0;0;5000;0;0;798888;0;1;0;0;0;0;0;0;0;0;0;0;0;0;0;0;0;0;0;-1.5908203125;0;0;0;1;0;0;0;0;0;0;0
46921;-7.049560546875;-5.458740234375;9.541259765625;0;16.5908203125;0;0;0;0;0;0;0;0;0;0;0;0;0;0;0;0;0;0;5000;0;0;798888;0;1;0;0;0;0;0;0;0;0;0;0;0;0;0;0;0;0;0;-1.5908203125;0;0;0;1;0;0;0;0;0;0;0
47022;-7.049560546875;-5.458740234375;9.541259765625;0;16.5908203125;0;0;0;0;0;0;0;0;0;0;0;0;0;0;0;0;0;0;5000;0;0;798888;0;1;0;0;0;0;0;0;0;0;0;0;0;0;0;0;0;0;0;-1.5908203125;0;0;0;1;0;0;0;0;0;0;0
47120;-7.049560546875;-5.458740234375;9.541259765625;0;16.5908203125;0;0;0;0;0;0;0;0;0;0;0;0;0;0;0;0;0;0;5000;0;0;798888;0;1;0;0;0;0;0;0;0;0;0;0;0;0;0;0;0;0;0;-1.5908203125;0;0;0;1;0;0;0;0;0;0;0
47222;-7.049560546875;-5.458740234375;9.541259765625;0;16.5908203125;0;0;0;0;0;0;0;0;0;0;0;0;0;0;0;0;0;0;5000;0;0;798888;0;1;0;0;0;0;0;0;0;0;0;0;0;0;0;0;0;0;0;-1.5908203125;0;0;0;1;0;0;0;0;0;0;0
47322;-7.049560546875;-5.458740234375;9.541259765625;0;16.5908203125;0;0;0;0;0;0;0;0;0;0;0;0;0;0;0;0;0;0;5000;0;0;798888;0;1;0;0;0;0;0;0;0;0;0;0;0;0;0;0;0;0;0;-1.5908203125;0;0;0;1;0;0;0;0;0;0;0
47424;-7.049560546875;-5.458740234375;9.541259765625;0;16.5908203125;0;0;0;0;0;0;0;0;0;0;0;0;0;0;0;0;0;0;5000;0;0;798888;0;1;0;0;0;0;0;0;0;0;0;0;0;0;0;0;0;0;0;-1.5908203125;0;0;0;1;0;0;0;0;0;0;0
47524;-7.049560546875;-5.458740234375;9.541259765625;0;16.5908203125;0;0;0;0;0;0;0;0;0;0;0;0;0;0;0;0;0;0;5000;0;0;798888;0;1;0;0;0;0;0;0;0;0;0;0;0;0;0;0;0;0;0;-1.5908203125;0;0;0;1;0;0;0;0;0;0;0
47627;-7.049560546875;-5.458740234375;9.541259765625;0;16.5908203125;0;0;0;0;0;0;0;0;0;0;0;0;0;0;0;0;0;0;5000;0;0;798888;0;1;0;0;0;0;0;0;0;0;0;0;0;0;0;0;0;0;0;-1.5908203125;0;0;0;1;0;0;0;0;0;0;0
47725;-7.049560546875;-5.458740234375;9.541259765625;0;16.5908203125;0;0;0;0;0;0;0;0;0;0;0;0;0;0;0;0;0;0;5000;0;0;798888;0;1;0;0;0;0;0;0;0;0;0;0;0;0;0;0;0;0;0;-1.5908203125;0;0;0;1;0;0;0;0;0;0;0
47825;-7.049560546875;-5.458740234375;9.541259765625;0;16.5908203125;0;0;0;0;0;0;0;0;0;0;0;0;0;0;0;0;0;0;5000;0;0;798888;0;1;0;0;0;0;0;0;0;0;0;0;0;0;0;0;0;0;0;-1.5908203125;0;0;0;1;0;0;0;0;0;0;0
47925;-7.049560546875;-5.458740234375;9.541259765625;0;16.5908203125;0;0;0;0;0;0;0;0;0;0;0;0;0;0;0;0;0;0;5000;0;0;798888;0;1;0;0;0;0;0;0;0;0;0;0;0;0;0;0;0;0;0;-1.5908203125;0;0;0;1;0;0;0;0;0;0;0
48025;-7.049560546875;-5.458740234375;9.541259765625;0;16.5908203125;0;0;0;0;0;0;0;0;0;0;0;0;0;0;0;0;0;0;5000;0;0;798888;0;1;0;0;0;0;0;0;0;0;0;0;0;0;0;0;0;0;0;-1.5908203125;0;0;0;1;0;0;0;0;0;0;0
48125;-7.049560546875;-5.458740234375;9.541259765625;0;16.5908203125;0;0;0;0;0;0;0;0;0;0;0;0;0;0;0;0;0;0;5000;0;0;798888;0;1;0;0;0;0;0;0;0;0;0;0;0;0;0;0;0;0;0;-1.5908203125;0;0;0;1;0;0;0;0;0;0;0
48226;-7.049560546875;-5.458740234375;9.541259765625;0;16.5908203125;0;0;0;0;0;0;0;0;0;0;0;0;0;0;0;0;0;0;5000;0;0;798888;0;1;0;0;0;0;0;0;0;0;0;0;0;0;0;0;0;0;0;-1.5908203125;0;0;0;1;0;0;0;0;0;0;0
48326;-7.049560546875;-5.458740234375;9.541259765625;0;16.5908203125;0;0;0;0;0;0;0;0;0;0;0;0;0;0;0;0;0;0;5000;0;0;798888;0;1;0;0;0;0;0;0;0;0;0;0;0;0;0;0;0;0;0;-1.5908203125;0;0;0;1;0;0;0;0;0;0;0
48426;-7.049560546875;-5.458740234375;9.541259765625;0;16.5908203125;0;0;0;0;0;0;0;0;0;0;0;0;0;0;0;0;0;0;5000;0;0;798888;0;1;0;0;0;0;0;0;0;0;0;0;0;0;0;0;0;0;0;-1.5908203125;0;0;0;1;0;0;0;0;0;0;0
48526;-7.049560546875;-5.458740234375;9.541259765625;0;16.5908203125;0;0;0;0;0;0;0;0;0;0;0;0;0;0;0;0;0;0;5000;0;0;798888;0;1;0;0;0;0;0;0;0;0;0;0;0;0;0;0;0;0;0;-1.5908203125;0;0;0;1;0;0;0;0;0;0;0
48627;-7.049560546875;-5.458740234375;9.541259765625;0;16.5908203125;0;0;0;0;0;0;0;0;0;0;0;0;0;0;0;0;0;0;5000;0;0;798888;0;1;0;0;0;0;0;0;0;0;0;0;0;0;0;0;0;0;0;-1.5908203125;0;0;0;1;0;0;0;0;0;0;0
48728;-7.049560546875;-5.458740234375;9.541259765625;0;16.5908203125;0;0;0;0;0;0;0;0;0;0;0;0;0;0;0;0;0;0;5000;0;0;798888;0;1;0;0;0;0;0;0;0;0;0;0;0;0;0;0;0;0;0;-1.5908203125;0;0;0;1;0;0;0;0;0;0;0
48828;-7.049560546875;-5.458740234375;9.541259765625;0;16.5908203125;0;0;0;0;0;0;0;0;0;0;0;0;0;0;0;0;0;0;5000;0;0;798888;0;1;0;0;0;0;0;0;0;0;0;0;0;0;0;0;0;0;0;-1.5908203125;0;0;0;1;0;0;0;0;0;0;0
48928;-7.049560546875;-5.458740234375;9.541259765625;0;16.5908203125;0;0;0;0;0;0;0;0;0;0;0;0;0;0;0;0;0;0;5000;0;0;798888;0;1;0;0;0;0;0;0;0;0;0;0;0;0;0;0;0;0;0;-1.5908203125;0;0;0;1;0;0;0;0;0;0;0
49030;-7.049560546875;-5.458740234375;9.541259765625;0;16.5908203125;0;0;0;0;0;0;0;0;0;0;0;0;0;0;0;0;0;0;5000;0;0;798888;0;1;0;0;0;0;0;0;0;0;0;0;0;0;0;0;0;0;0;-1.5908203125;0;0;0;1;0;0;0;0;0;0;0
49131;-7.049560546875;-5.458740234375;9.541259765625;0;16.5908203125;0;0;0;0;0;0;0;0;0;0;0;0;0;0;0;0;0;0;5000;0;0;798888;0;1;0;0;0;0;0;0;0;0;0;0;0;0;0;0;0;0;0;-1.5908203125;0;0;0;1;0;0;0;0;0;0;0
49232;-7.049560546875;-5.458740234375;9.541259765625;0;16.5908203125;0;0;0;0;0;0;0;0;0;0;0;0;0;0;0;0;0;0;5000;0;0;798888;0;1;0;0;0;0;0;0;0;0;0;0;0;0;0;0;0;0;0;-1.5908203125;0;0;0;1;0;0;0;0;0;0;0
49332;-7.049560546875;-5.458740234375;9.541259765625;0;16.5908203125;0;0;0;0;0;0;0;0;0;0;0;0;0;0;0;0;0;0;5000;0;0;798888;0;1;0;0;0;0;0;0;0;0;0;0;0;0;0;0;0;0;0;-1.5908203125;0;0;0;1;0;0;0;0;0;0;0
49433;-7.049560546875;-5.458740234375;9.541259765625;0;16.5908203125;0;0;0;0;0;0;0;0;0;0;0;0;0;0;0;0;0;0;5000;0;0;798888;0;1;0;0;0;0;0;0;0;0;0;0;0;0;0;0;0;0;0;-1.5908203125;0;0;0;1;0;0;0;0;0;0;0
49534;-7.049560546875;-5.458740234375;9.541259765625;0;16.5908203125;0;0;0;0;0;0;0;0;0;0;0;0;0;0;0;0;0;0;5000;0;0;798888;0;1;0;0;0;0;0;0;0;0;0;0;0;0;0;0;0;0;0;-1.5908203125;0;0;0;1;0;0;0;0;0;0;0
49634;-7.049560546875;-5.458740234375;9.541259765625;0;16.5908203125;0;0;0;0;0;0;0;0;0;0;0;0;0;0;0;0;0;0;5000;0;0;798888;0;1;0;0;0;0;0;0;0;0;0;0;0;0;0;0;0;0;0;-1.5908203125;0;0;0;1;0;0;0;0;0;0;0
49734;-7.049560546875;-5.458740234375;9.541259765625;0;16.5908203125;0;0;0;0;0;0;0;0;0;0;0;0;0;0;0;0;0;0;5000;0;0;798888;0;1;0;0;0;0;0;0;0;0;0;0;0;0;0;0;0;0;0;-1.5908203125;0;0;0;1;0;0;0;0;0;0;0
49835;-7.049560546875;-5.458740234375;9.541259765625;0;16.5908203125;0;0;0;0;0;0;0;0;0;0;0;0;0;0;0;0;0;0;5000;0;0;798888;0;1;0;0;0;0;0;0;0;0;0;0;0;0;0;0;0;0;0;-1.5908203125;0;0;0;1;0;0;0;0;0;0;0
49935;-7.049560546875;-5.458740234375;9.541259765625;0;16.5908203125;0;0;0;0;0;0;0;0;0;0;0;0;0;0;0;0;0;0;5000;0;0;798888;0;1;0;0;0;0;0;0;0;0;0;0;0;0;0;0;0;0;0;-1.5908203125;0;0;0;1;0;0;0;0;0;0;0
50036;-7.049560546875;-5.458740234375;9.541259765625;0;16.5908203125;0;0;0;0;0;0;0;0;0;0;0;0;0;0;0;0;0;0;5000;0;0;798888;0;1;0;0;0;0;0;0;0;0;0;0;0;0;0;0;0;0;0;-1.5908203125;0;0;0;1;0;0;0;0;0;0;0
50136;-7.049560546875;-5.458740234375;9.541259765625;0;16.5908203125;0;0;0;0;0;0;0;0;0;0;0;0;0;0;0;0;0;0;5000;0;0;798888;0;1;0;0;0;0;0;0;0;0;0;0;0;0;0;0;0;0;0;-1.5908203125;0;0;0;1;0;0;0;0;0;0;0
50237;-7.049560546875;-5.458740234375;9.541259765625;0;16.5908203125;0;0;0;0;0;0;0;0;0;0;0;0;0;0;0;0;0;0;5000;0;0;798888;0;1;0;0;0;0;0;0;0;0;0;0;0;0;0;0;0;0;0;-1.5908203125;0;0;0;1;0;0;0;0;0;0;0
50338;-7.049560546875;-5.458740234375;9.541259765625;0;16.5908203125;0;0;0;0;0;0;0;0;0;0;0;0;0;0;0;0;0;0;5000;0;0;798888;0;1;0;0;0;0;0;0;0;0;0;0;0;0;0;0;0;0;0;-1.5908203125;0;0;0;1;0;0;0;0;0;0;0
50439;-7.049560546875;-5.458740234375;9.541259765625;0;16.5908203125;0;0;0;0;0;0;0;0;0;0;0;0;0;0;0;0;0;0;5000;0;0;798888;0;1;0;0;0;0;0;0;0;0;0;0;0;0;0;0;0;0;0;-1.5908203125;0;0;0;1;0;0;0;0;0;0;0
50539;-7.049560546875;-5.458740234375;9.541259765625;0;16.5908203125;0;0;0;0;0;0;0;0;0;0;0;0;0;0;0;0;0;0;5000;0;0;798888;0;1;0;0;0;0;0;0;0;0;0;0;0;0;0;0;0;0;0;-1.5908203125;0;0;0;1;0;0;0;0;0;0;0
50639;-7.049560546875;-5.458740234375;9.541259765625;0;16.5908203125;0;0;0;0;0;0;0;0;0;0;0;0;0;0;0;0;0;0;5000;0;0;798888;0;1;0;0;0;0;0;0;0;0;0;0;0;0;0;0;0;0;0;-1.5908203125;0;0;0;1;0;0;0;0;0;0;0
